delay_us,mean,spread,ntags,p0,p1,p2,p3,p4,p5,p6,p7
0.0,164.0,0.0,8,164.0,164.0,164.0,164.0,164.0,164.0,164.0,164.0
5.0,164.0,0.0,8,164.0,164.0,164.0,164.0,164.0,164.0,164.0,164.0
10.0,164.0,0.0,8,164.0,164.0,164.0,164.0,164.0,164.0,164.0,164.0
15.0,164.06,0.25,8,164.0,164.0,164.0,164.0,164.0,164.0,164.25,164.25
20.0,164.0,0.0,8,164.0,164.0,164.0,164.0,164.0,164.0,164.0,164.0
25.0,164.19,0.5,8,164.5,164.5,164.0,164.0,164.0,164.0,164.5,164.0
30.0,164.07,0.33,8,164.25,164.0,164.0,164.0,164.0,164.0,164.0,164.33
35.0,164.17,0.5,8,164.5,164.0,164.0,164.0,164.0,164.33,164.5,164.0
40.0,164.41,1.0,8,164.67,164.0,164.25,164.0,164.5,164.5,165.0,164.33
45.0,164.44,1.0,8,164.5,164.5,164.0,164.5,164.5,164.0,165.0,164.5
50.0,164.6,0.67,8,164.38,164.33,164.5,164.75,164.5,164.33,165.0,165.0
55.0,164.57,1.0,8,164.6,164.0,164.5,164.0,165.0,164.5,165.0,165.0
60.0,164.74,0.67,8,165.0,164.5,164.33,164.33,165.0,164.75,165.0,165.0
65.0,164.8,0.67,8,165.0,164.75,164.67,164.33,164.67,165.0,165.0,165.0
70.0,164.86,0.5,8,165.0,164.75,164.67,165.0,164.5,165.0,165.0,165.0
75.0,164.88,1.0,8,165.0,165.0,164.0,165.0,165.0,165.0,165.0,165.0
80.0,165.0,0.0,8,165.0,165.0,165.0,165.0,165.0,165.0,165.0,165.0
85.0,165.0,0.0,8,165.0,165.0,165.0,165.0,165.0,165.0,165.0,165.0
90.0,165.0,0.0,8,165.0,165.0,165.0,165.0,165.0,165.0,165.0,165.0
95.0,165.08,0.67,8,165.0,165.0,165.0,165.0,165.0,165.0,165.0,165.67
100.0,165.12,0.5,8,165.5,165.0,165.0,165.0,165.0,165.0,165.0,165.5
105.0,165.12,0.67,8,165.33,165.0,165.0,165.0,165.0,165.0,165.0,165.67
110.0,165.31,1.0,8,166.0,165.0,165.0,165.0,165.0,165.5,165.5,165.5
115.0,165.51,1.0,8,166.0,165.25,165.5,165.0,165.0,165.67,165.67,166.0
120.0,165.56,1.0,8,166.0,165.5,165.5,165.0,165.0,166.0,166.0,165.5
125.0,165.59,1.0,8,166.0,165.75,165.0,165.0,165.0,166.0,166.0,166.0
130.0,165.5,1.0,8,166.0,165.5,165.5,165.5,165.0,165.0,166.0,165.5
135.0,165.61,0.75,8,166.0,165.5,165.75,165.25,165.33,165.33,166.0,165.75
140.0,166.0,0.0,8,166.0,166.0,166.0,166.0,166.0,166.0,166.0,166.0
145.0,165.91,0.33,8,166.0,166.0,165.83,165.67,166.0,166.0,166.0,165.75
150.0,166.0,0.0,8,166.0,166.0,166.0,166.0,166.0,166.0,166.0,166.0
155.0,165.99,0.58,8,166.25,166.0,166.0,166.0,165.67,166.0,166.0,166.0
160.0,166.0,0.0,8,166.0,166.0,166.0,166.0,166.0,166.0,166.0,166.0
165.0,166.17,0.33,8,166.25,166.0,166.0,166.0,166.17,166.33,166.33,166.25
170.0,166.0,0.0,8,166.0,166.0,166.0,166.0,166.0,166.0,166.0,166.0
175.0,166.42,1.0,8,166.5,166.25,166.5,166.0,166.0,166.43,166.67,167.0
180.0,166.56,1.0,8,166.5,167.0,166.0,166.0,166.0,167.0,167.0,167.0
185.0,166.71,0.75,8,167.0,166.75,166.25,166.5,166.5,166.67,167.0,167.0
190.0,166.88,0.5,8,167.0,166.5,167.0,167.0,166.5,167.0,167.0,167.0
195.0,167.0,0.0,8,167.0,167.0,167.0,167.0,167.0,167.0,167.0,167.0
200.0,167.0,0.0,8,167.0,167.0,167.0,167.0,167.0,167.0,167.0,167.0
205.0,167.0,0.0,8,167.0,167.0,167.0,167.0,167.0,167.0,167.0,167.0
210.0,167.09,0.5,8,167.0,167.0,167.0,167.0,167.0,167.5,167.0,167.25
215.0,167.32,0.75,8,167.75,167.25,167.0,167.0,167.22,167.33,167.33,167.67
220.0,167.53,1.0,8,167.5,167.0,167.5,167.5,167.0,167.75,168.0,168.0
225.0,167.75,1.0,8,168.0,167.5,167.0,168.0,167.5,168.0,168.0,168.0
230.0,167.88,0.5,8,168.0,168.0,168.0,167.75,167.75,167.5,168.0,168.0
235.0,168.03,0.25,8,168.0,168.0,168.0,168.0,168.0,168.0,168.0,168.25
240.0,168.06,0.5,8,168.0,168.0,168.0,168.0,168.0,168.0,168.5,168.0
245.0,168.06,0.5,8,168.0,168.0,168.0,168.0,168.0,168.5,168.0,168.0
250.0,168.28,0.5,8,168.5,168.2,168.0,168.0,168.0,168.5,168.5,168.5
255.0,168.57,0.75,8,168.67,168.33,168.25,168.25,168.25,169.0,168.8,169.0
260.0,168.88,0.5,8,169.0,169.0,169.0,168.5,168.5,169.0,169.0,169.0
265.0,168.94,0.5,8,169.0,168.5,169.0,169.0,169.0,169.0,169.0,169.0
270.0,168.94,0.5,8,169.0,169.0,169.0,169.0,168.5,169.0,169.0,169.0
275.0,169.0,0.0,8,169.0,169.0,169.0,169.0,169.0,169.0,169.0,169.0
280.0,169.06,0.5,8,169.5,169.0,169.0,169.0,169.0,169.0,169.0,169.0
285.0,169.57,1.0,8,170.0,169.5,169.0,169.0,169.5,169.57,170.0,170.0
290.0,169.62,1.0,8,170.0,169.5,169.0,169.0,169.5,170.0,170.0,170.0
295.0,169.73,0.75,8,170.0,170.0,169.25,169.5,169.75,169.33,170.0,170.0
300.0,169.75,1.0,8,170.0,170.0,169.5,169.0,169.5,170.0,170.0,170.0
305.0,169.89,0.5,8,170.0,170.0,169.88,169.5,169.75,170.0,170.0,170.0
310.0,169.96,0.33,8,170.0,170.0,170.0,169.67,170.0,170.0,170.0,170.0
315.0,170.06,0.5,8,170.5,170.0,170.0,170.0,170.0,170.0,170.0,170.0
320.0,170.19,0.75,8,170.0,170.0,170.25,170.0,170.0,170.0,170.5,170.75
325.0,170.25,0.67,8,170.67,170.33,170.0,170.0,170.0,170.0,170.67,170.33
330.0,170.31,1.0,8,170.5,170.5,170.0,170.0,170.0,170.5,171.0,170.0
335.0,170.4,1.0,8,170.5,170.33,170.33,170.0,170.25,170.25,171.0,170.5
340.0,170.53,1.0,8,170.75,170.5,170.0,170.0,170.0,171.0,171.0,171.0
345.0,170.6,1.0,8,171.0,170.33,170.0,170.0,170.5,171.0,171.0,171.0
350.0,170.61,1.0,8,171.0,170.5,170.2,170.0,170.67,170.75,171.0,170.75
355.0,170.69,1.0,8,170.5,170.5,170.5,170.0,171.0,171.0,171.0,171.0
360.0,170.94,0.5,8,171.0,171.0,170.5,171.0,171.0,171.0,171.0,171.0
365.0,170.84,1.0,8,171.0,170.75,170.0,171.0,171.0,171.0,171.0,171.0
370.0,171.01,0.58,8,171.0,171.0,171.0,170.75,171.0,171.0,171.0,171.33
375.0,170.98,0.83,8,171.33,171.0,170.5,171.0,171.0,171.0,171.0,171.0
380.0,170.94,0.5,8,171.0,171.0,170.75,170.75,170.75,171.0,171.25,171.0
385.0,170.97,0.25,8,171.0,171.0,170.75,171.0,171.0,171.0,171.0,171.0
390.0,171.05,0.83,8,171.0,171.0,171.0,171.0,170.67,171.0,171.25,171.5
395.0,171.19,0.5,8,171.0,171.0,171.0,171.0,171.0,171.5,171.5,171.5
400.0,171.17,0.67,8,171.0,171.0,171.0,171.0,171.0,171.33,171.33,171.67
405.0,171.28,1.0,8,171.5,171.0,171.0,171.0,171.0,171.25,172.0,171.5
410.0,171.44,1.0,8,172.0,171.0,171.0,171.0,171.0,171.5,172.0,172.0
415.0,171.56,1.0,8,172.0,171.67,171.0,171.0,171.0,172.0,172.0,171.83
420.0,171.62,1.0,8,172.0,171.5,171.0,171.0,171.5,172.0,172.0,172.0
425.0,171.57,0.83,8,171.67,171.5,171.17,171.25,171.5,172.0,172.0,171.5
430.0,171.56,1.0,8,172.0,171.0,171.0,171.0,172.0,171.5,172.0,172.0
435.0,171.71,1.0,8,172.0,171.5,171.0,171.5,171.67,172.0,172.0,172.0
440.0,171.81,1.0,8,172.0,172.0,171.5,171.0,172.0,172.0,172.0,172.0
445.0,171.96,0.29,8,172.0,172.0,172.0,172.0,171.71,172.0,172.0,172.0
450.0,172.0,1.0,8,172.0,172.0,172.0,172.0,171.5,172.0,172.5,172.0
455.0,171.98,0.58,8,172.0,171.75,172.0,171.75,172.0,172.0,172.0,172.33
460.0,172.0,0.0,8,172.0,172.0,172.0,172.0,172.0,172.0,172.0,172.0
465.0,172.02,0.58,8,172.25,172.0,172.0,172.0,171.67,172.0,172.0,172.25
470.0,171.94,0.5,8,172.0,172.0,172.0,172.0,171.5,172.0,172.0,172.0
475.0,172.07,0.33,8,172.25,172.0,172.0,172.0,172.0,172.0,172.33,172.0
480.0,172.25,1.0,8,172.5,172.0,172.0,172.0,172.0,172.0,172.5,173.0
485.0,172.37,1.0,8,172.67,172.0,172.0,172.0,172.0,172.33,173.0,173.0
490.0,172.19,0.5,8,172.5,172.0,172.0,172.0,172.0,172.0,172.5,172.5
495.0,172.48,1.0,8,173.0,172.12,172.0,172.0,172.25,172.5,173.0,173.0
500.0,172.34,1.0,8,172.5,172.2,172.0,172.0,172.0,172.67,172.33,173.0
505.0,172.6,1.0,8,173.0,172.33,172.0,172.25,172.25,173.0,173.0,173.0
510.0,172.6,1.0,8,172.5,172.33,172.5,172.0,172.5,173.0,173.0,173.0
515.0,172.77,0.67,8,173.0,173.0,172.38,172.67,172.33,172.75,173.0,173.0
520.0,172.89,1.17,8,172.5,173.0,172.75,172.33,173.0,173.0,173.0,173.5
525.0,172.83,1.0,8,172.75,172.75,173.0,172.33,172.5,173.0,173.0,173.33
530.0,172.81,0.5,8,173.0,172.5,172.5,173.0,172.5,173.0,173.0,173.0
535.0,173.0,0.54,8,173.0,173.0,173.0,172.75,173.0,173.0,173.0,173.29
540.0,173.0,1.0,8,173.0,173.0,173.0,173.0,172.5,173.0,173.5,173.0
545.0,173.12,0.75,8,173.5,173.0,173.0,173.0,172.75,173.25,173.5,173.0
550.0,173.19,1.5,8,173.5,173.0,173.0,172.5,173.0,173.5,173.0,174.0
555.0,173.28,1.0,8,173.0,173.0,173.0,173.0,173.0,173.5,174.0,173.75
560.0,173.38,1.0,8,173.5,173.0,173.0,173.0,173.0,174.0,173.5,174.0
565.0,173.39,1.0,8,173.5,173.25,173.0,173.0,173.25,173.33,174.0,173.75
570.0,173.56,1.0,8,174.0,173.0,173.0,173.0,174.0,174.0,174.0,173.5
575.0,173.56,1.0,8,173.75,173.75,173.5,173.0,173.0,173.83,173.67,174.0
580.0,173.69,1.0,8,174.0,174.0,173.5,173.0,173.5,173.5,174.0,174.0
585.0,173.67,0.75,8,173.67,173.67,173.5,173.25,173.25,174.0,174.0,174.0
590.0,173.62,1.0,8,174.0,173.5,173.0,173.5,173.0,174.0,174.0,174.0
595.0,173.75,0.67,8,174.0,173.5,173.43,173.33,174.0,173.75,174.0,174.0
600.0,173.71,0.5,8,174.0,173.5,173.5,173.67,173.5,173.5,174.0,174.0
605.0,173.76,1.0,8,174.0,173.75,173.5,173.0,173.83,174.0,174.0,174.0
610.0,173.69,1.0,8,173.5,174.0,173.0,173.0,174.0,174.0,174.0,174.0
615.0,173.75,0.75,8,174.0,173.75,173.25,173.5,173.5,174.0,174.0,174.0
620.0,173.65,1.0,8,174.0,173.5,173.0,173.5,173.5,173.67,174.0,174.0
625.0,173.66,1.0,8,174.0,173.71,173.33,173.0,173.5,173.75,174.0,174.0
630.0,173.59,1.0,8,174.0,173.5,173.25,173.0,173.0,174.0,174.0,174.0
635.0,173.78,0.67,8,174.0,173.5,174.0,173.38,173.33,174.0,174.0,174.0
640.0,173.86,0.6,8,174.0,174.0,173.5,173.4,174.0,174.0,174.0,174.0
645.0,173.68,1.0,8,174.0,174.0,173.0,173.0,173.75,173.67,174.0,174.0
650.0,173.83,0.5,8,174.0,174.0,173.5,173.5,173.67,174.0,174.0,174.0
655.0,173.74,0.75,8,174.0,173.5,173.25,173.67,173.5,174.0,174.0,174.0
660.0,173.81,0.5,8,174.0,174.0,173.5,173.5,173.5,174.0,174.0,174.0
665.0,173.75,0.75,8,174.0,173.25,173.5,173.75,173.5,174.0,174.0,174.0
670.0,173.75,1.0,8,174.0,174.0,173.0,173.0,174.0,174.0,174.0,174.0
675.0,173.84,0.75,8,173.71,174.0,174.0,173.25,173.75,174.0,174.0,174.0
680.0,173.68,1.0,8,174.0,173.4,173.5,173.0,174.0,173.5,174.0,174.0
685.0,173.62,1.0,8,173.33,173.0,173.29,173.33,174.0,174.0,174.0,174.0
690.0,173.82,1.0,8,174.0,174.0,173.0,173.6,174.0,174.0,174.0,174.0
695.0,173.75,1.0,8,174.0,174.0,173.67,173.0,173.33,174.0,174.0,174.0
700.0,173.71,0.75,8,173.67,174.0,173.25,173.25,173.5,174.0,174.0,174.0
705.0,173.62,1.0,8,174.0,173.5,173.5,173.0,173.5,173.5,174.0,174.0
710.0,173.74,0.67,8,173.5,174.0,173.33,173.33,173.75,174.0,174.0,174.0
715.0,173.69,1.0,8,174.0,173.5,173.5,173.0,173.5,174.0,174.0,174.0
720.0,173.78,0.5,8,174.0,173.5,173.75,173.5,173.5,174.0,174.0,174.0
725.0,173.71,1.0,8,174.0,173.67,173.25,173.0,173.75,174.0,174.0,174.0
730.0,173.75,1.0,8,174.0,174.0,173.5,173.0,173.5,174.0,174.0,174.0
735.0,173.82,0.67,8,174.0,174.0,174.0,173.6,173.33,173.67,174.0,174.0
740.0,173.74,1.0,8,174.0,173.5,174.0,173.0,173.4,174.0,174.0,174.0
745.0,173.66,1.0,8,174.0,173.75,173.0,173.5,173.0,174.0,174.0,174.0
750.0,173.75,0.5,8,173.75,173.75,173.5,173.5,173.5,174.0,174.0,174.0
755.0,173.75,1.0,8,174.0,174.0,173.0,173.5,173.5,174.0,174.0,174.0
760.0,173.69,1.0,8,174.0,173.75,173.75,173.5,173.5,173.0,174.0,174.0
765.0,173.75,1.0,8,174.0,173.5,174.0,173.0,173.5,174.0,174.0,174.0
770.0,173.8,0.75,8,174.0,174.0,173.5,173.25,173.67,174.0,174.0,174.0
775.0,173.69,1.0,8,174.0,174.0,173.5,173.0,173.0,174.0,174.0,174.0
780.0,173.81,0.75,8,174.0,174.0,173.75,173.25,173.5,174.0,174.0,174.0
785.0,173.75,0.75,8,173.89,174.0,173.33,173.25,173.5,174.0,174.0,174.0
790.0,173.69,1.0,8,174.0,174.0,173.0,173.0,173.5,174.0,174.0,174.0
795.0,173.75,1.0,8,174.0,173.5,173.8,173.67,173.0,174.0,174.0,174.0
800.0,173.71,0.67,8,174.0,173.5,173.5,173.33,173.33,174.0,174.0,174.0
805.0,173.76,0.67,8,174.0,173.75,173.5,173.33,173.5,174.0,174.0,174.0
810.0,173.73,1.33,8,174.0,173.5,173.5,173.0,173.5,174.0,174.33,174.0
815.0,173.69,1.0,8,174.0,173.5,174.0,173.0,173.0,174.0,174.0,174.0
820.0,173.65,1.0,8,173.67,173.5,173.5,173.0,173.5,174.0,174.0,174.0
825.0,173.88,0.5,8,174.0,173.5,174.0,173.5,174.0,174.0,174.0,174.0
830.0,173.76,0.67,8,174.0,173.75,173.33,173.5,173.5,174.0,174.0,174.0
835.0,173.72,1.0,8,174.0,173.75,173.0,173.0,174.0,174.0,174.0,174.0
840.0,173.81,1.0,8,174.0,174.0,174.0,173.0,174.0,173.5,174.0,174.0
845.0,173.66,1.0,8,174.0,173.5,173.25,173.0,173.5,174.0,174.0,174.0
850.0,173.69,1.0,8,174.0,173.5,173.0,173.5,173.5,174.0,174.0,174.0
855.0,173.85,0.5,8,174.0,174.0,173.75,173.5,173.75,174.0,174.0,173.8
860.0,173.53,1.0,8,173.75,173.0,173.5,173.0,173.5,173.5,174.0,174.0
865.0,173.7,1.0,8,174.0,173.75,173.33,173.0,173.5,174.0,174.0,174.0
870.0,173.7,1.0,8,174.0,173.75,173.33,173.0,173.5,174.0,174.0,174.0
875.0,173.72,0.5,8,174.0,173.5,173.67,173.5,173.62,173.5,174.0,174.0
880.0,173.62,1.0,8,173.5,173.5,173.0,173.0,174.0,174.0,174.0,174.0
885.0,173.65,1.0,8,174.0,173.75,173.25,173.33,173.0,173.89,174.0,174.0
890.0,173.81,1.0,8,174.0,174.0,173.5,173.0,174.0,174.0,174.0,174.0
895.0,173.73,0.5,8,174.0,173.5,173.5,173.67,173.5,173.67,174.0,174.0
900.0,173.62,1.0,8,174.0,173.5,173.0,173.5,173.5,173.5,174.0,174.0
905.0,173.62,1.0,8,173.8,173.67,173.5,173.0,173.25,173.75,174.0,174.0
910.0,173.71,1.0,8,174.0,173.67,173.5,173.0,174.0,173.5,174.0,174.0
915.0,173.62,1.0,8,173.5,174.0,173.25,173.0,173.5,173.75,174.0,174.0
920.0,173.56,1.0,8,174.0,173.5,173.0,173.0,173.5,173.5,174.0,174.0
925.0,173.64,0.86,8,173.5,173.67,173.5,173.14,173.33,174.0,174.0,174.0
930.0,173.88,1.0,8,174.0,174.0,174.0,173.0,174.0,174.0,174.0,174.0
935.0,173.59,1.0,8,173.75,173.75,173.25,173.0,173.0,174.0,174.0,174.0
940.0,173.62,1.0,8,174.0,173.5,173.5,173.0,173.0,174.0,174.0,174.0
945.0,173.7,1.0,8,174.0,174.0,173.25,173.0,173.33,174.0,174.0,174.0
950.0,173.81,0.5,8,174.0,174.0,173.5,173.5,173.5,174.0,174.0,174.0
955.0,173.7,1.0,8,173.67,174.0,173.67,173.0,173.5,173.75,174.0,174.0
960.0,173.75,1.0,8,174.0,174.0,173.0,173.5,173.5,174.0,174.0,174.0
965.0,173.78,1.0,8,174.0,173.5,174.0,173.0,173.75,174.0,174.0,174.0
970.0,173.59,1.0,8,174.0,173.25,173.0,173.14,173.33,174.0,174.0,174.0
975.0,173.79,0.67,8,174.0,174.0,174.0,173.33,173.33,173.67,174.0,174.0
980.0,173.75,1.0,8,174.0,174.0,173.0,173.5,173.5,174.0,174.0,174.0
985.0,173.71,1.0,8,174.0,173.67,173.5,173.0,173.5,174.0,174.0,174.0
990.0,173.74,1.0,8,174.0,174.0,173.0,173.25,173.67,174.0,174.0,174.0
995.0,173.75,1.0,8,174.0,174.0,173.5,173.0,173.5,174.0,174.0,174.0
1000.0,173.81,1.0,8,174.0,174.0,173.0,173.5,174.0,174.0,174.0,174.0
1005.0,173.72,1.0,8,174.0,174.0,174.0,173.0,173.5,173.5,174.0,173.8
1010.0,173.78,1.0,8,174.0,174.0,173.75,173.0,173.5,174.0,174.0,174.0
1015.0,173.52,1.0,8,173.67,174.0,173.0,173.0,173.5,173.5,173.5,174.0
1020.0,173.73,0.67,8,173.5,173.8,173.67,173.33,173.5,174.0,174.0,174.0
1025.0,173.71,1.0,8,174.0,174.0,173.0,173.0,174.0,173.67,174.0,174.0
1030.0,173.78,1.0,8,174.0,174.0,173.25,173.0,174.0,174.0,174.0,174.0
1035.0,173.62,1.0,8,174.0,173.75,173.0,173.25,173.0,174.0,174.0,174.0
1040.0,173.69,1.0,8,174.0,174.0,173.0,173.0,173.5,174.0,174.0,174.0
1045.0,173.67,1.0,8,174.0,173.5,173.14,173.0,173.75,174.0,174.0,174.0
1050.0,173.59,1.0,8,174.0,173.75,173.0,173.29,173.33,173.33,174.0,174.0
1055.0,173.71,1.0,8,174.0,174.0,173.5,173.2,173.0,174.0,174.0,174.0
1060.0,173.75,0.75,8,174.0,173.75,173.5,173.25,173.5,174.0,174.0,174.0
1065.0,173.62,1.0,8,174.0,173.5,173.0,173.5,173.0,174.0,174.0,174.0
1070.0,173.83,0.5,8,174.0,174.0,173.67,173.5,173.5,174.0,174.0,174.0
1075.0,173.67,1.0,8,173.83,174.0,173.5,173.0,173.5,173.5,174.0,174.0
1080.0,173.76,0.75,8,174.0,174.0,173.5,173.25,173.33,174.0,174.0,174.0
1085.0,173.75,0.5,8,174.0,173.5,173.5,173.5,174.0,173.5,174.0,174.0
1090.0,173.72,1.0,8,173.75,174.0,173.0,173.0,174.0,174.0,174.0,174.0
1095.0,173.62,1.0,8,174.0,173.5,173.0,173.0,173.8,173.67,174.0,174.0
1100.0,173.7,0.67,8,174.0,173.5,173.33,173.5,173.5,173.75,174.0,174.0
1105.0,173.78,0.67,8,174.0,173.86,173.33,173.67,173.67,173.75,174.0,174.0
1110.0,173.77,0.5,8,174.0,173.67,173.5,173.5,173.5,174.0,174.0,174.0
1115.0,173.68,0.86,8,174.0,173.5,173.5,173.14,173.33,174.0,174.0,174.0
1120.0,173.78,0.75,8,174.0,174.0,173.5,173.25,173.5,174.0,174.0,174.0
1125.0,173.84,0.5,8,174.0,173.75,173.67,173.5,173.78,174.0,174.0,174.0
1130.0,173.69,1.0,8,174.0,173.5,173.5,173.0,173.5,174.0,174.0,174.0
1135.0,173.74,1.0,8,174.0,174.0,173.25,173.0,173.67,174.0,174.0,174.0
1140.0,173.88,0.5,8,174.0,174.0,173.5,173.5,174.0,174.0,174.0,174.0
1145.0,173.78,1.0,8,174.0,173.5,174.0,173.0,173.75,174.0,174.0,174.0
1150.0,173.81,0.5,8,174.0,174.0,173.5,173.5,173.5,174.0,174.0,174.0
1155.0,173.68,1.0,8,174.0,173.44,173.0,173.25,173.75,174.0,174.0,174.0
1160.0,173.62,1.0,8,174.0,174.0,173.0,173.0,173.0,174.0,174.0,174.0
1165.0,173.72,0.75,8,174.0,173.5,173.5,173.25,173.75,173.75,174.0,174.0
1170.0,173.61,1.0,8,174.0,174.0,173.0,173.4,173.0,173.5,174.0,174.0
1175.0,173.68,1.0,8,174.0,173.67,173.0,173.0,173.78,174.0,174.0,174.0
1180.0,173.76,0.75,8,174.0,173.75,173.75,173.25,173.5,173.86,174.0,174.0
1185.0,173.75,1.0,8,174.0,173.5,174.0,173.0,173.5,174.0,174.0,174.0
1190.0,173.75,1.0,8,174.0,174.0,173.0,173.5,173.5,174.0,174.0,174.0
1195.0,173.75,0.75,8,174.0,174.0,173.25,173.5,173.25,174.0,174.0,174.0
1200.0,173.56,1.0,8,174.0,173.5,173.5,173.0,173.0,174.0,173.5,174.0
1205.0,173.67,1.0,8,174.0,173.71,173.67,173.0,173.25,173.75,174.0,174.0
1210.0,173.75,1.0,8,174.0,174.0,173.0,173.67,173.33,174.0,174.0,174.0
1215.0,173.53,1.0,8,174.0,173.0,173.25,173.0,173.0,174.0,174.0,174.0
1220.0,173.66,1.0,8,174.0,173.75,173.5,173.0,173.33,173.67,174.0,174.0
1225.0,173.67,1.0,8,174.0,174.0,173.0,173.0,173.33,174.0,174.0,174.0
1230.0,173.71,0.67,8,174.0,173.5,173.5,173.33,173.33,174.0,174.0,174.0
1235.0,173.5,1.0,8,173.5,173.5,173.0,173.0,173.0,174.0,174.0,174.0
1240.0,173.67,1.0,8,173.88,174.0,173.25,173.0,173.25,174.0,174.0,174.0
1245.0,173.6,1.0,8,173.8,173.5,173.0,173.0,173.5,174.0,174.0,174.0
1250.0,173.67,0.75,8,174.0,173.29,173.25,173.33,173.5,174.0,174.0,174.0
1255.0,173.6,1.0,8,174.0,173.2,173.33,173.0,173.5,173.75,174.0,174.0
1260.0,173.57,1.0,8,173.75,173.5,173.0,173.0,173.33,174.0,174.0,174.0
1265.0,173.54,1.0,8,174.0,173.5,173.0,173.33,173.5,173.0,174.0,174.0
1270.0,173.68,1.0,8,174.0,173.75,173.33,173.0,173.5,173.86,174.0,174.0
1275.0,173.88,0.5,8,174.0,174.0,173.5,174.0,173.5,174.0,174.0,174.0
1280.0,173.56,1.0,8,174.0,173.0,173.0,173.5,173.5,173.5,174.0,174.0
1285.0,173.76,1.0,8,173.67,174.0,173.67,173.0,173.75,174.0,174.0,174.0
1290.0,173.62,1.0,8,173.6,173.33,174.0,173.0,173.5,174.0,173.5,174.0
1295.0,173.66,0.67,8,173.67,173.5,173.5,173.33,173.5,174.0,173.75,174.0
1300.0,173.69,1.0,8,173.5,174.0,173.0,173.5,173.5,174.0,174.0,174.0
1305.0,173.66,1.0,8,173.75,173.5,173.0,173.0,174.0,174.0,174.0,174.0
1310.0,173.75,1.0,8,174.0,173.5,173.0,173.5,174.0,174.0,174.0,174.0
1315.0,173.59,1.0,8,174.0,173.25,173.0,173.0,173.5,174.0,174.0,174.0
1320.0,173.71,1.0,8,174.0,173.5,173.0,173.5,174.0,173.67,174.0,174.0
1325.0,173.68,1.0,8,173.78,173.75,173.75,173.0,173.5,174.0,173.67,174.0
1330.0,173.53,1.0,8,173.33,173.67,173.0,173.0,173.5,173.75,174.0,174.0
1335.0,173.62,1.0,8,173.5,174.0,173.0,173.0,173.5,174.0,174.0,174.0
1340.0,173.7,1.0,8,174.0,173.67,173.5,173.0,173.67,173.75,174.0,174.0
1345.0,173.62,1.0,8,174.0,173.5,173.0,173.0,173.5,174.0,174.0,174.0
1350.0,173.62,1.0,8,174.0,173.25,173.0,173.25,173.5,174.0,174.0,174.0
1355.0,173.75,1.0,8,174.0,174.0,173.5,173.0,173.5,174.0,174.0,174.0
1360.0,173.7,0.67,8,173.83,173.5,173.67,173.33,173.5,173.75,174.0,174.0
1365.0,173.75,1.0,8,174.0,174.0,173.5,173.0,173.5,174.0,174.0,174.0
1370.0,173.68,1.0,8,174.0,173.75,173.0,173.0,173.67,174.0,174.0,174.0
1375.0,173.58,1.0,8,174.0,173.0,173.0,173.0,173.67,174.0,174.0,174.0
1380.0,173.66,1.0,8,173.5,174.0,173.25,173.0,174.0,173.5,174.0,174.0
1385.0,173.57,1.0,8,174.0,173.33,173.0,173.0,173.25,174.0,174.0,174.0
1390.0,173.62,1.0,8,174.0,173.0,173.0,173.5,174.0,173.5,174.0,174.0
1395.0,173.65,1.0,8,174.0,173.5,173.17,173.0,173.5,174.0,174.0,174.0
1400.0,173.69,1.0,8,173.75,174.0,173.12,173.0,173.67,174.0,174.0,174.0
1405.0,173.56,1.0,8,174.0,173.5,173.0,173.0,173.0,174.0,174.0,174.0
1410.0,173.62,1.0,8,173.5,173.75,173.33,173.0,173.5,173.86,174.0,174.0
1415.0,173.71,1.2,8,174.0,173.5,173.5,173.0,173.5,174.0,174.2,174.0
1420.0,173.65,1.0,8,174.0,173.67,173.25,173.0,173.25,174.0,174.0,174.0
1425.0,173.6,1.0,8,173.33,174.0,173.0,173.0,173.5,174.0,174.0,174.0
1430.0,173.56,1.0,8,173.67,173.5,173.0,173.0,173.33,174.0,174.0,174.0
1435.0,173.56,1.0,8,173.5,173.5,173.5,173.5,173.5,173.0,174.0,174.0
1440.0,173.51,1.0,8,173.75,173.67,173.0,173.0,173.0,173.67,174.0,174.0
1445.0,173.5,1.0,8,174.0,173.0,173.5,173.0,173.0,174.0,173.5,174.0
1450.0,173.49,1.0,8,173.6,173.67,173.0,173.0,173.33,173.5,173.8,174.0
1455.0,173.69,1.0,8,174.0,173.5,173.0,173.5,173.5,174.0,174.0,174.0
1460.0,173.56,1.0,8,173.67,173.5,173.2,173.0,173.33,173.75,174.0,174.0
1465.0,173.56,1.0,8,174.0,173.5,173.0,173.0,173.5,173.5,174.0,174.0
1470.0,173.68,1.0,8,174.0,173.75,173.25,173.0,173.75,174.0,173.67,174.0
1475.0,173.66,1.0,8,174.0,173.5,173.0,173.0,173.8,174.0,174.0,174.0
1480.0,173.66,1.0,8,173.75,173.5,173.0,173.0,174.0,174.0,174.0,174.0
1485.0,173.62,1.0,8,174.0,173.5,173.0,173.0,173.5,174.0,174.0,174.0
1490.0,173.62,1.0,8,174.0,173.33,173.67,173.0,173.25,173.75,174.0,174.0
1495.0,173.56,1.0,8,174.0,173.0,173.0,173.0,174.0,174.0,174.0,173.5
1500.0,173.58,1.0,8,173.5,174.0,173.0,173.0,173.67,173.5,174.0,174.0
1505.0,173.49,1.0,8,174.0,173.75,173.0,173.0,173.0,173.17,174.0,174.0
1510.0,173.6,1.0,8,174.0,173.75,173.0,173.25,173.5,173.83,173.5,174.0
1515.0,173.61,1.0,8,173.67,174.0,173.0,173.0,173.5,173.75,174.0,174.0
1520.0,173.57,1.0,8,173.67,173.5,173.14,173.0,173.5,173.75,174.0,174.0
1525.0,173.54,1.0,8,174.0,173.5,173.0,173.0,173.5,173.33,174.0,174.0
1530.0,173.5,1.0,8,174.0,173.0,173.0,173.0,173.0,174.0,174.0,174.0
1535.0,173.6,1.0,8,174.0,173.67,173.0,173.0,173.5,174.0,174.0,173.67
1540.0,173.5,1.0,8,174.0,173.0,173.0,173.0,173.5,173.5,174.0,174.0
1545.0,173.47,1.0,8,173.5,173.17,173.0,173.33,173.75,173.25,174.0,173.75
1550.0,173.69,1.0,8,174.0,173.67,173.33,173.0,173.5,174.0,174.0,174.0
1555.0,173.64,1.0,8,173.5,173.75,173.0,173.0,174.0,173.89,174.0,174.0
1560.0,173.61,1.0,8,173.67,174.0,173.0,173.0,173.25,174.0,174.0,174.0
1565.0,173.5,1.0,8,174.0,173.5,173.0,173.0,173.5,173.0,174.0,174.0
1570.0,173.54,1.0,8,174.0,173.0,173.33,173.0,173.0,174.0,174.0,174.0
1575.0,173.61,1.0,8,174.0,173.4,173.5,173.0,173.5,173.5,174.0,174.0
1580.0,173.6,1.0,8,174.0,173.5,173.0,173.0,173.33,174.0,174.0,174.0
1585.0,173.53,1.0,8,174.0,173.5,173.25,173.0,173.0,174.0,173.5,174.0
1590.0,173.48,1.0,8,173.75,173.75,173.0,173.0,173.0,173.67,173.67,174.0
1595.0,173.4,1.0,8,173.0,173.0,173.5,173.0,173.0,173.67,174.0,174.0
1600.0,173.42,1.0,8,173.29,173.33,173.0,173.0,173.0,173.75,174.0,174.0
1605.0,173.5,1.0,8,173.5,173.5,173.0,173.0,173.5,173.5,174.0,174.0
1610.0,173.56,1.0,8,173.5,173.0,174.0,173.0,173.0,174.0,174.0,174.0
1615.0,173.49,1.0,8,173.67,173.5,173.0,173.0,173.25,173.75,173.75,174.0
1620.0,173.56,1.0,8,174.0,173.5,173.0,173.0,173.5,173.5,174.0,174.0
1625.0,173.54,1.0,8,174.0,173.5,173.0,173.0,173.5,173.33,174.0,174.0
1630.0,173.5,1.0,8,174.0,173.5,173.0,173.0,173.0,174.0,174.0,173.5
1635.0,173.51,1.0,8,173.75,173.0,173.25,173.0,173.88,173.5,173.67,174.0
1640.0,173.72,1.0,8,174.0,174.0,173.0,173.0,173.75,174.0,174.0,174.0
1645.0,173.68,0.75,8,174.0,173.67,173.25,173.25,173.25,174.0,174.0,174.0
1650.0,173.46,1.0,8,174.0,173.2,173.0,173.5,173.0,173.5,173.5,174.0
1655.0,173.54,1.0,8,173.75,173.0,173.0,173.5,173.33,173.75,174.0,174.0
1660.0,173.5,1.0,8,174.0,173.0,173.0,173.0,173.5,173.5,174.0,174.0
1665.0,173.66,1.0,8,174.0,173.5,173.0,173.25,173.5,174.0,174.0,174.0
1670.0,173.42,1.0,8,173.5,173.5,173.0,173.0,173.33,173.0,174.0,174.0
1675.0,173.54,1.0,8,174.0,173.33,173.25,173.0,173.0,173.75,174.0,174.0
1680.0,173.4,1.0,8,173.33,173.33,173.0,173.0,173.5,173.0,174.0,174.0
1685.0,173.53,1.0,8,174.0,173.0,173.0,173.0,173.75,173.75,173.75,174.0
1690.0,173.56,1.0,8,173.5,173.5,173.0,173.0,173.5,174.0,174.0,174.0
1695.0,173.48,1.0,8,173.75,173.0,173.0,173.0,173.67,173.67,174.0,173.75
1700.0,173.54,1.0,8,173.5,173.0,173.5,173.0,173.8,173.5,174.0,174.0
1705.0,173.49,1.0,8,174.0,173.25,173.0,173.25,173.0,173.43,174.0,174.0
1710.0,173.4,1.0,8,174.0,173.0,173.0,173.0,173.0,173.5,173.67,174.0
1715.0,173.49,1.0,8,173.38,173.75,173.25,173.0,173.25,173.33,174.0,174.0
1720.0,173.54,1.0,8,174.0,173.0,173.33,173.0,173.25,174.0,173.75,174.0
1725.0,173.56,1.0,8,174.0,173.0,173.0,173.0,173.5,174.0,174.0,174.0
1730.0,173.59,1.0,8,174.0,173.0,173.2,173.5,173.0,174.0,174.0,174.0
1735.0,173.6,1.0,8,173.67,173.33,174.0,173.0,173.33,173.5,174.0,174.0
1740.0,173.62,1.0,8,173.5,173.0,173.5,173.0,174.0,174.0,174.0,174.0
1745.0,173.52,1.0,8,173.75,173.33,173.0,173.0,173.33,173.71,174.0,174.0
1750.0,173.5,1.0,8,173.5,173.0,173.0,173.0,173.5,174.0,174.0,174.0
1755.0,173.46,1.0,8,173.5,173.2,173.0,173.25,173.0,173.75,174.0,174.0
1760.0,173.48,1.0,8,173.5,173.33,173.0,173.0,173.0,174.0,174.0,174.0
1765.0,173.39,1.0,8,174.0,173.5,173.0,173.0,173.4,173.0,173.75,173.5
1770.0,173.5,1.0,8,173.5,173.5,173.5,173.0,173.5,173.5,174.0,173.5
1775.0,173.6,1.0,8,173.67,173.5,173.5,173.0,173.5,173.67,174.0,174.0
1780.0,173.54,1.0,8,174.0,173.5,173.0,173.0,173.5,173.83,174.0,173.5
1785.0,173.45,1.0,8,173.33,173.5,173.0,173.0,173.25,173.75,173.75,174.0
1790.0,173.47,1.0,8,173.75,173.0,173.0,173.0,173.0,174.0,174.0,174.0
1795.0,173.54,1.0,8,174.0,173.25,173.33,173.0,173.29,173.67,173.75,174.0
1800.0,173.58,1.0,8,173.5,174.0,173.0,173.0,173.67,173.5,174.0,174.0
1805.0,173.56,1.0,8,173.75,173.75,173.0,173.0,173.5,173.71,174.0,173.75
1810.0,173.61,1.0,8,173.67,173.0,173.75,173.25,173.25,174.0,174.0,174.0
1815.0,173.5,1.0,8,174.0,173.5,173.0,173.0,173.5,173.0,174.0,174.0
1820.0,173.55,1.0,8,174.0,173.43,173.0,173.0,173.25,173.75,174.0,174.0
1825.0,173.59,1.0,8,174.0,173.5,173.2,173.0,173.0,174.0,174.0,174.0
1830.0,173.46,1.0,8,173.67,173.0,173.0,173.0,173.25,173.75,174.0,174.0
1835.0,173.53,1.0,8,174.0,173.75,173.0,173.0,173.29,173.67,173.5,174.0
1840.0,173.35,1.0,8,173.0,173.0,173.0,173.0,173.33,173.5,174.0,174.0
1845.0,173.46,1.0,8,173.75,173.25,173.0,173.0,173.5,173.83,174.0,173.33
1850.0,173.56,1.0,8,174.0,173.5,173.0,173.0,173.5,174.0,173.5,174.0
1855.0,173.52,1.0,8,173.5,173.67,173.0,173.25,173.25,173.5,174.0,174.0
1860.0,173.6,1.0,8,173.67,173.67,173.0,173.0,173.5,174.0,174.0,174.0
1865.0,173.58,1.0,8,173.67,174.0,173.0,173.0,173.2,174.0,173.75,174.0
1870.0,173.47,1.0,8,173.75,173.0,173.25,173.0,173.25,173.5,174.0,174.0
1875.0,173.66,1.0,8,174.0,173.5,173.0,173.0,173.8,174.0,174.0,174.0
1880.0,173.59,1.0,8,174.0,173.75,173.0,173.0,173.33,173.67,174.0,174.0
1885.0,173.49,1.0,8,173.4,173.5,173.0,173.5,173.0,173.5,174.0,174.0
1890.0,173.59,1.0,8,174.0,173.25,173.5,173.0,173.25,173.75,174.0,174.0
1895.0,173.53,1.0,8,173.5,173.25,173.0,173.5,173.0,174.0,174.0,174.0
1900.0,173.5,1.0,8,174.0,173.25,173.0,173.0,173.5,173.5,174.0,173.75
1905.0,173.66,1.0,8,174.0,174.0,173.0,173.0,173.6,173.67,174.0,174.0
1910.0,173.5,1.0,8,173.5,173.5,173.0,173.0,173.33,173.67,174.0,174.0
1915.0,173.6,1.0,8,174.0,173.33,173.0,173.0,173.5,174.0,174.0,174.0
1920.0,173.59,1.0,8,174.0,173.5,173.0,173.0,173.25,174.0,174.0,174.0
1925.0,173.46,1.0,8,173.75,173.67,173.0,173.0,173.0,173.5,173.75,174.0
1930.0,173.5,1.0,8,174.0,173.0,173.5,173.0,173.5,173.5,173.5,174.0
1935.0,173.65,1.0,8,174.0,173.5,173.0,173.0,173.67,174.0,174.0,174.0
1940.0,173.55,1.0,8,174.0,173.5,173.0,173.0,173.2,174.0,173.67,174.0
1945.0,173.34,1.0,8,173.25,173.5,173.0,173.0,173.0,173.5,174.0,173.5
1950.0,173.57,1.0,8,173.25,173.5,173.33,173.0,173.5,174.0,174.0,174.0
1955.0,173.58,1.0,8,174.0,173.0,173.0,173.0,173.67,174.0,174.0,174.0
1960.0,173.56,1.0,8,174.0,173.5,173.0,173.0,173.33,173.67,174.0,174.0
1965.0,173.45,1.0,8,173.67,173.25,173.25,173.0,173.25,173.67,174.0,173.5
1970.0,173.5,1.0,8,174.0,173.17,173.0,173.0,173.33,173.5,174.0,174.0
1975.0,173.46,1.0,8,174.0,173.2,173.0,173.0,173.0,173.5,174.0,174.0
1980.0,173.47,1.0,8,173.5,173.25,173.0,173.0,173.0,174.0,174.0,174.0
1985.0,173.47,1.0,8,173.67,173.0,173.25,173.0,173.0,173.88,174.0,174.0
1990.0,173.35,1.0,8,174.0,173.0,173.0,173.0,173.0,173.67,173.67,173.5
1995.0,173.48,1.0,8,173.57,173.33,173.0,173.0,173.25,173.67,174.0,174.0
2000.0,173.47,1.0,8,173.8,173.33,173.0,173.0,173.0,173.67,174.0,174.0
2005.0,173.41,0.75,8,173.5,173.33,173.0,173.25,173.25,173.67,173.5,173.75
2010.0,173.54,1.0,8,173.5,173.33,173.5,173.0,173.5,173.5,174.0,174.0
2015.0,173.44,1.0,8,173.67,173.33,173.0,173.0,173.25,173.25,174.0,174.0
2020.0,173.56,1.0,8,173.5,173.75,173.0,173.0,173.75,174.0,173.5,174.0
2025.0,173.52,1.0,8,174.0,173.5,173.0,173.0,173.5,173.5,173.67,174.0
2030.0,173.47,1.0,8,173.4,173.33,173.0,173.0,173.5,173.5,174.0,174.0
2035.0,173.4,1.0,8,173.2,173.5,173.0,173.0,173.5,173.5,173.5,174.0
2040.0,173.44,1.0,8,173.5,173.0,173.0,173.0,173.5,173.75,173.75,174.0
2045.0,173.44,1.0,8,174.0,173.0,173.0,173.0,173.0,174.0,173.5,174.0
2050.0,173.44,1.0,8,173.25,173.5,173.0,173.0,173.0,174.0,174.0,173.75
2055.0,173.62,1.0,8,174.0,173.5,173.0,173.0,173.5,174.0,174.0,174.0
2060.0,173.71,1.0,8,174.0,173.5,173.5,173.0,173.67,174.0,174.0,174.0
2065.0,173.46,1.0,8,173.5,173.0,173.0,173.0,173.5,173.67,174.0,174.0
2070.0,173.61,0.75,8,174.0,173.25,173.25,173.25,173.25,174.0,174.0,173.86
2075.0,173.33,1.0,8,173.0,173.0,173.0,173.0,173.5,173.5,174.0,173.67
2080.0,173.48,1.0,8,173.33,173.5,173.0,173.0,173.5,173.5,174.0,174.0
2085.0,173.25,1.0,8,173.0,173.0,173.0,173.0,173.0,173.25,173.75,174.0
2090.0,173.44,1.0,8,174.0,173.0,173.0,173.0,173.0,174.0,173.5,174.0
2095.0,173.49,1.0,8,173.75,173.5,173.0,173.0,173.5,173.5,173.67,174.0
2100.0,173.48,1.0,8,174.0,173.5,173.0,173.0,173.33,173.5,173.5,174.0
2105.0,173.54,1.0,8,174.0,173.5,173.0,173.0,173.33,173.5,174.0,174.0
2110.0,173.62,1.0,8,174.0,173.5,173.0,173.5,173.5,173.5,174.0,174.0
2115.0,173.37,0.86,8,173.67,173.0,173.0,173.0,173.25,173.67,173.5,173.86
2120.0,173.4,1.0,8,173.5,173.0,173.0,173.0,173.0,174.0,174.0,173.67
2125.0,173.39,1.0,8,173.6,173.5,173.0,173.0,173.0,173.0,174.0,174.0
2130.0,173.49,1.0,8,173.5,173.2,173.0,173.0,173.25,174.0,174.0,174.0
2135.0,173.47,1.0,8,173.5,173.25,173.0,173.0,173.0,174.0,174.0,174.0
2140.0,173.53,1.0,8,174.0,173.0,173.25,173.33,173.0,173.67,174.0,174.0
2145.0,173.5,1.0,8,173.5,173.5,173.0,173.0,173.0,174.0,174.0,174.0
2150.0,173.56,1.0,8,174.0,174.0,173.0,173.0,173.5,173.5,173.5,174.0
2155.0,173.53,1.0,8,173.75,173.5,173.0,173.0,173.5,174.0,173.5,174.0
2160.0,173.6,1.0,8,174.0,173.5,173.0,173.5,173.33,173.5,174.0,174.0
2165.0,173.49,1.0,8,173.25,173.5,173.0,173.33,173.0,173.8,174.0,174.0
2170.0,173.56,1.0,8,173.5,173.0,173.5,173.0,173.5,174.0,174.0,174.0
2175.0,173.64,0.75,8,173.75,173.75,173.25,173.5,173.33,173.5,174.0,174.0
2180.0,173.44,1.0,8,174.0,173.0,173.0,173.0,173.5,173.0,174.0,174.0
2185.0,173.59,1.0,8,173.67,173.5,173.33,173.0,173.75,173.5,174.0,174.0
2190.0,173.5,1.0,8,173.5,173.0,173.5,173.0,173.0,174.0,174.0,174.0
2195.0,173.57,1.0,8,173.6,174.0,173.0,173.0,173.0,174.0,174.0,174.0
2200.0,173.47,1.0,8,173.5,173.0,173.0,173.0,173.5,173.75,174.0,174.0
2205.0,173.5,1.0,8,174.0,173.0,173.0,173.5,173.5,173.5,173.5,174.0
2210.0,173.53,1.0,8,173.5,173.0,173.2,173.0,173.5,174.0,174.0,174.0
2215.0,173.49,1.0,8,173.33,173.33,173.5,173.0,173.0,173.75,174.0,174.0
2220.0,173.5,1.0,8,173.5,173.5,173.0,173.0,173.0,174.0,174.0,174.0
2225.0,173.51,1.0,8,173.67,173.0,173.0,173.0,173.44,174.0,174.0,174.0
2230.0,173.53,1.0,8,173.5,173.25,173.0,173.0,173.5,174.0,174.0,174.0
2235.0,173.57,1.0,8,174.0,173.0,173.5,173.0,173.6,173.5,174.0,174.0
2240.0,173.47,1.0,8,173.75,173.0,173.5,173.0,173.0,173.83,174.0,173.67
2245.0,173.6,1.0,8,174.0,173.5,173.0,173.0,173.5,173.8,174.0,174.0
2250.0,173.44,1.0,8,174.0,173.33,173.0,173.0,173.0,173.5,173.71,174.0
2255.0,173.47,1.0,8,173.75,173.5,173.0,173.0,173.0,174.0,173.5,174.0
2260.0,173.44,1.0,8,173.5,173.0,173.0,173.0,173.5,173.5,174.0,174.0
2265.0,173.48,1.0,8,173.25,173.5,173.33,173.0,173.25,173.5,174.0,174.0
2270.0,173.45,1.0,8,173.4,173.67,173.0,173.0,173.0,173.5,174.0,174.0
2275.0,173.58,1.0,8,174.0,173.0,173.0,173.17,173.5,174.0,174.0,174.0
2280.0,173.71,1.0,8,173.5,174.0,174.0,173.2,173.0,174.0,174.0,174.0
2285.0,173.56,1.0,8,173.5,173.67,173.33,173.0,173.67,173.33,174.0,174.0
2290.0,173.61,1.0,8,174.0,173.5,173.0,173.0,173.4,174.0,174.0,174.0
2295.0,173.52,1.0,8,173.67,173.5,173.0,173.0,173.0,174.0,174.0,174.0
2300.0,173.47,1.0,8,173.5,173.5,173.0,173.0,173.0,173.75,174.0,174.0
2305.0,173.59,1.0,8,174.0,173.0,173.0,173.5,173.5,174.0,173.75,174.0
2310.0,173.52,1.0,8,174.0,173.33,173.5,173.33,173.0,173.0,174.0,174.0
2315.0,173.56,1.0,8,173.75,173.25,173.0,173.0,174.0,174.0,173.5,174.0
2320.0,173.5,1.0,8,173.5,173.5,173.0,173.0,173.0,174.0,174.0,174.0
2325.0,173.44,1.0,8,173.5,173.0,173.0,173.0,173.5,173.5,174.0,174.0
2330.0,173.51,1.0,8,174.0,173.33,173.0,173.0,173.25,173.67,174.0,173.83
2335.0,173.47,1.0,8,173.0,173.5,173.5,173.0,173.0,174.0,174.0,173.8
2340.0,173.46,1.0,8,173.5,173.67,173.0,173.0,173.25,173.25,174.0,174.0
2345.0,173.35,1.0,8,173.33,173.0,173.0,173.0,173.5,173.5,174.0,173.5
2350.0,173.53,1.0,8,174.0,173.25,173.0,173.0,173.25,173.75,174.0,174.0
2355.0,173.47,1.0,8,174.0,173.25,173.0,173.0,173.5,173.0,174.0,174.0
2360.0,173.47,1.0,8,174.0,173.5,173.0,173.0,173.0,173.5,173.75,174.0
2365.0,173.5,1.0,8,173.5,173.0,173.0,173.0,173.5,174.0,174.0,174.0
2370.0,173.52,1.0,8,173.75,173.33,173.0,173.0,173.33,174.0,173.75,174.0
2375.0,173.42,1.0,8,173.5,173.5,173.0,173.0,173.33,174.0,173.0,174.0
2380.0,173.51,1.0,8,173.75,173.5,173.0,173.0,173.33,173.5,174.0,174.0
2385.0,173.47,1.0,8,173.5,173.5,173.0,173.0,173.0,174.0,173.75,174.0
2390.0,173.5,1.0,8,174.0,173.33,173.5,173.0,173.0,173.5,174.0,173.67
2395.0,173.44,1.0,8,174.0,173.0,173.0,173.0,173.5,173.5,174.0,173.5
2400.0,173.59,1.0,8,173.75,173.33,173.0,173.0,173.6,174.0,174.0,174.0
2405.0,173.65,1.0,8,174.0,174.0,173.0,173.0,173.67,173.5,174.0,174.0
2410.0,173.42,1.0,8,173.5,173.25,173.0,173.0,173.0,173.62,174.0,174.0
2415.0,173.56,1.0,8,174.0,174.0,173.0,173.0,173.0,174.0,174.0,173.5
2420.0,173.46,1.0,8,173.33,173.0,173.0,173.0,173.33,174.0,174.0,174.0
2425.0,173.44,1.0,8,174.0,173.0,173.0,173.0,173.5,173.0,174.0,174.0
2430.0,173.59,1.0,8,173.75,173.75,173.25,173.0,173.33,173.67,174.0,174.0
2435.0,173.52,1.0,8,173.5,173.67,173.0,173.0,173.5,173.5,174.0,174.0
2440.0,173.41,1.0,8,173.75,173.5,173.0,173.0,173.0,173.5,173.5,174.0
2445.0,173.48,1.0,8,173.5,173.17,173.33,173.0,173.33,173.5,174.0,174.0
2450.0,173.44,1.0,8,173.5,173.5,173.0,173.0,173.5,173.5,173.5,174.0
2455.0,173.47,1.0,8,173.75,173.0,173.0,173.0,173.5,173.5,174.0,174.0
2460.0,173.48,1.0,8,174.0,173.5,173.0,173.0,173.0,173.33,174.0,174.0
2465.0,173.47,1.0,8,173.25,173.5,173.0,173.0,173.0,174.0,174.0,174.0
2470.0,173.52,1.0,8,173.67,173.5,173.0,173.25,173.5,173.75,173.5,174.0
2475.0,173.44,1.0,8,174.0,173.0,173.0,173.0,173.0,173.5,174.0,174.0
2480.0,173.5,1.0,8,173.5,173.67,173.0,173.0,173.33,173.5,174.0,174.0
2485.0,173.41,1.0,8,174.0,173.5,173.0,173.25,173.0,173.0,173.5,174.0
2490.0,173.61,1.0,8,173.5,173.67,173.25,173.0,173.5,174.0,174.0,174.0
2495.0,173.56,1.0,8,173.5,173.5,173.0,173.0,173.5,174.0,174.0,174.0
2500.0,173.56,1.0,8,173.75,173.75,173.0,173.0,173.67,173.33,174.0,174.0
2505.0,173.39,1.0,8,173.5,173.33,173.0,173.0,173.0,173.5,173.75,174.0
2510.0,173.34,0.75,8,173.75,173.0,173.0,173.0,173.5,173.5,173.5,173.5
2515.0,173.46,1.0,8,173.75,173.0,173.0,173.0,173.57,173.33,174.0,174.0
2520.0,173.47,1.0,8,173.5,173.0,173.0,173.0,173.8,173.5,174.0,174.0
2525.0,173.52,1.0,8,173.5,173.33,173.0,173.0,173.5,173.83,174.0,174.0
2530.0,173.43,1.0,8,173.5,173.25,173.0,173.0,173.5,173.5,174.0,173.67
2535.0,173.48,1.0,8,174.0,173.5,173.0,173.0,173.0,174.0,173.67,173.67
2540.0,173.49,1.0,8,173.33,173.0,173.33,173.0,173.5,173.75,174.0,174.0
2545.0,173.31,1.0,8,174.0,173.0,173.0,173.0,173.5,173.0,173.5,173.5
2550.0,173.36,1.0,8,173.33,173.33,173.0,173.0,173.0,173.5,173.75,174.0
2555.0,173.54,1.0,8,173.5,173.5,173.0,173.33,173.5,174.0,174.0,173.5
2560.0,173.48,1.0,8,173.5,173.0,173.25,173.0,173.33,174.0,174.0,173.75
2565.0,173.35,1.0,8,173.0,173.0,173.0,173.0,173.5,173.33,174.0,174.0
2570.0,173.47,1.0,8,173.5,173.67,173.0,173.25,173.0,173.67,173.67,174.0
2575.0,173.31,1.0,8,173.0,173.5,173.0,173.0,173.0,173.5,173.5,174.0
2580.0,173.5,1.0,8,174.0,173.0,173.0,173.0,173.5,173.5,174.0,174.0
2585.0,173.38,1.0,8,174.0,173.0,173.0,173.0,173.0,173.5,173.5,174.0
2590.0,173.31,1.0,8,173.5,173.5,173.0,173.0,173.0,173.0,173.5,174.0
2595.0,173.38,1.0,8,173.5,173.0,173.0,173.0,173.0,173.5,174.0,174.0
2600.0,173.31,1.0,8,173.0,173.0,173.0,173.0,173.33,173.5,173.67,174.0
2605.0,173.34,1.0,8,173.17,173.33,173.0,173.0,173.0,173.5,173.75,174.0
2610.0,173.38,1.0,8,173.5,173.0,173.5,173.0,173.0,173.5,173.5,174.0
2615.0,173.45,1.0,8,173.33,173.0,173.5,173.0,173.0,173.75,174.0,174.0
2620.0,173.51,1.0,8,173.25,173.5,173.0,173.33,173.33,173.67,174.0,174.0
2625.0,173.4,1.0,8,173.5,173.0,173.0,173.2,173.0,174.0,173.5,174.0
2630.0,173.54,1.0,8,173.75,173.25,173.0,173.0,173.33,174.0,174.0,174.0
2635.0,173.5,1.0,8,174.0,173.5,173.0,173.0,173.5,173.5,173.5,174.0
2640.0,173.47,1.0,8,173.67,173.33,173.0,173.0,173.0,173.75,174.0,174.0
2645.0,173.56,1.0,8,173.5,173.5,173.0,173.5,173.0,174.0,174.0,174.0
2650.0,173.35,1.0,8,173.12,173.0,173.0,173.0,173.0,173.67,174.0,174.0
2655.0,173.35,1.0,8,173.29,173.0,173.5,173.0,173.5,173.0,173.5,174.0
2660.0,173.38,1.0,8,173.5,173.0,173.0,173.0,173.0,173.75,173.75,174.0
2665.0,173.53,1.0,8,174.0,173.25,173.0,173.0,173.5,173.5,174.0,174.0
2670.0,173.41,1.0,8,173.75,173.5,173.0,173.0,173.33,173.0,173.67,174.0
2675.0,173.35,1.0,8,173.0,173.5,173.5,173.0,173.33,173.5,173.0,174.0
2680.0,173.46,1.0,8,174.0,173.0,173.0,173.0,173.0,173.67,174.0,174.0
2685.0,173.35,1.0,8,173.5,173.25,173.25,173.0,173.0,173.0,173.83,174.0
2690.0,173.32,1.0,8,173.5,173.0,173.0,173.0,173.0,174.0,173.6,173.5
2695.0,173.3,1.0,8,173.67,173.0,173.0,173.0,173.0,173.5,174.0,173.25
2700.0,173.42,1.0,8,173.33,173.0,173.0,173.0,173.0,174.0,174.0,174.0
2705.0,173.18,0.67,8,173.67,173.0,173.0,173.0,173.0,173.0,173.5,173.25
2710.0,173.44,1.0,8,173.5,173.5,173.0,173.0,173.0,173.5,174.0,174.0
2715.0,173.33,0.75,8,173.75,173.25,173.0,173.0,173.5,173.33,173.33,173.5
2720.0,173.29,1.0,8,173.5,173.0,173.0,173.0,173.0,173.33,174.0,173.5
2725.0,173.2,0.67,8,173.17,173.0,173.0,173.0,173.25,173.0,173.67,173.5
2730.0,173.52,1.0,8,173.33,173.33,173.5,173.0,173.5,173.5,174.0,174.0
2735.0,209.74,14.5,8,208.0,207.67,203.0,209.67,214.25,217.5,209.5,208.33
2740.0,318.8,19.5,8,322.0,314.5,314.25,307.5,320.5,327.0,321.67,323.0
2745.0,364.25,28.0,8,370.5,349.5,355.0,346.5,370.0,374.0,374.5,374.0
2750.0,369.31,33.0,8,364.67,363.67,355.5,360.0,373.5,370.5,388.5,378.17
2755.0,370.62,31.0,8,371.5,355.67,365.67,354.0,377.88,375.0,380.25,385.0
2760.0,370.38,26.5,8,365.5,360.5,360.0,357.5,375.0,379.0,381.5,384.0
2765.0,367.75,25.08,8,366.25,362.67,354.67,362.33,366.0,371.57,378.75,379.75
2770.0,365.77,24.0,8,368.5,356.5,354.5,356.0,365.5,371.2,378.5,375.5
2775.0,366.64,25.4,8,365.5,358.0,356.0,357.0,367.0,372.0,381.4,376.25
2780.0,365.85,26.3,8,367.0,355.0,354.5,358.0,366.5,369.5,380.8,375.5
2785.0,364.29,20.0,8,362.33,355.5,356.0,356.75,366.0,370.33,375.5,371.88
2790.0,365.71,20.5,8,367.0,358.5,358.5,356.0,366.5,372.5,376.5,370.2
2795.0,364.75,22.17,8,361.75,358.67,354.33,356.0,364.0,371.25,375.5,376.5
2800.0,364.93,21.0,8,360.43,359.0,357.0,355.5,365.5,370.5,376.5,375.0
2805.0,365.86,20.0,8,367.75,357.33,356.5,357.33,363.0,372.5,376.0,376.5
2810.0,365.47,22.5,8,365.5,355.0,354.5,357.25,366.0,373.5,375.0,377.0
2815.0,366.81,21.75,8,365.0,356.75,356.25,356.5,373.33,371.0,377.67,378.0
2820.0,366.19,24.0,8,365.0,359.5,353.0,359.0,370.5,369.5,376.0,377.0
2825.0,365.45,19.5,8,365.5,356.75,355.0,357.25,369.67,372.67,374.5,372.25
2830.0,365.56,20.5,8,367.0,358.0,356.0,356.0,367.0,373.5,376.5,370.5
2835.0,365.76,21.17,8,362.0,357.67,356.5,357.25,366.5,373.0,377.67,375.5
2840.0,365.86,21.83,8,364.25,355.67,358.0,357.0,366.5,372.5,375.5,377.5
2845.0,367.21,19.58,8,366.5,358.25,356.67,357.0,372.5,374.5,376.0,376.25
2850.0,366.45,21.5,8,365.0,356.0,356.5,355.5,373.6,372.5,375.5,377.0
2855.0,366.66,24.58,8,368.0,357.0,354.75,359.0,366.5,369.67,379.0,379.33
2860.0,365.62,27.0,8,368.0,357.5,352.0,355.5,366.0,370.0,377.0,379.0
2865.0,366.43,25.25,8,365.0,358.0,356.25,356.5,366.5,372.0,381.5,375.67
2870.0,366.12,25.0,8,366.0,358.0,357.0,355.0,367.5,371.5,380.0,374.0
2875.0,366.27,20.75,8,365.0,358.0,356.0,357.17,367.0,374.5,376.75,375.75
2880.0,365.31,24.0,8,364.0,356.0,352.5,357.5,366.0,374.5,375.5,376.5
2885.0,366.49,27.5,8,367.25,354.0,355.0,356.67,369.0,371.5,381.5,377.0
2890.0,366.91,28.25,8,367.5,358.0,357.0,354.5,366.5,371.5,382.75,377.5
2895.0,364.91,22.5,8,364.0,359.67,354.0,354.5,365.25,374.0,376.5,371.33
2900.0,364.93,21.0,8,365.5,356.0,357.0,357.5,363.0,370.0,377.0,373.4
2905.0,365.69,23.0,8,363.0,356.5,354.25,359.0,366.0,373.25,376.25,377.25
2910.0,364.58,19.83,8,368.0,355.5,356.0,354.67,362.5,371.0,374.5,374.5
2915.0,364.74,21.83,8,366.75,356.5,355.33,354.67,364.5,369.67,374.0,376.5
2920.0,364.8,23.92,8,364.5,356.0,353.75,356.25,366.0,369.88,377.67,374.33
2925.0,365.25,22.0,8,366.5,357.0,354.5,355.5,365.0,371.0,376.5,376.0
2930.0,364.67,23.17,8,359.86,357.25,354.5,356.0,364.75,371.33,377.67,376.0
2935.0,364.58,21.83,8,360.5,357.0,354.67,355.0,364.75,373.0,375.25,376.5
2940.0,364.91,23.17,8,362.25,354.33,356.33,355.33,364.5,372.0,377.0,377.5
2945.0,365.04,21.08,8,365.5,356.67,354.67,356.67,365.5,370.33,375.75,375.25
2950.0,364.86,24.0,8,367.33,355.75,354.0,356.0,362.5,370.0,378.0,375.33
2955.0,366.08,22.67,8,367.5,357.0,359.5,355.0,364.5,371.0,377.67,376.5
2960.0,364.55,23.33,8,366.0,354.67,353.0,357.0,365.25,371.5,376.33,372.67
2965.0,362.59,23.75,8,365.0,350.75,353.5,353.5,362.5,368.0,374.5,373.0
2970.0,363.31,19.6,8,364.25,356.5,353.4,354.0,365.67,368.67,371.0,373.0
2975.0,363.35,22.33,8,364.0,354.0,351.67,354.67,363.5,372.0,373.0,374.0
2980.0,363.97,27.33,8,364.0,354.0,352.0,354.25,365.67,368.5,379.33,374.0
2985.0,365.09,26.21,8,365.5,357.0,352.5,355.5,365.5,371.5,378.71,374.5
2990.0,363.41,23.2,8,363.5,352.8,353.25,354.5,363.25,370.33,376.0,373.67
2995.0,364.06,24.0,8,367.0,353.0,355.0,354.5,363.5,368.0,374.5,377.0
3000.0,365.74,21.25,8,364.0,358.5,357.0,356.75,366.0,371.33,378.0,374.33
3005.0,365.34,20.75,8,362.33,357.67,356.0,358.0,364.5,372.25,376.75,375.25
3010.0,374.34,18.5,8,377.5,367.5,363.5,366.2,375.0,382.0,381.0,382.0
3015.0,395.26,12.0,8,393.33,393.25,388.25,393.0,400.0,395.0,400.25,399.0
3020.0,399.31,14.5,8,400.5,395.5,393.0,396.5,407.5,398.5,402.5,400.5
3025.0,459.73,13.92,8,452.33,465.0,466.25,455.5,462.0,457.0,461.0,458.75
3030.0,627.79,59.5,8,663.5,633.0,604.5,604.0,640.0,629.5,615.0,632.8
3035.0,664.46,39.0,8,668.0,646.5,653.25,649.0,659.0,673.67,685.5,680.75
3040.0,664.84,34.0,8,661.0,650.0,651.2,652.0,658.0,679.0,684.0,683.5
3045.0,669.49,44.67,8,668.75,646.33,655.67,654.33,663.0,690.6,691.0,686.25
3050.0,669.01,40.25,8,671.0,649.75,649.75,657.75,661.0,690.0,687.5,685.33
3055.0,666.07,46.17,8,668.0,655.5,642.5,654.5,658.5,683.2,688.67,677.67
3060.0,666.74,35.08,8,664.67,655.5,656.5,654.67,658.0,675.5,689.75,679.33
3065.0,667.81,31.0,8,672.5,652.5,655.83,657.0,662.0,675.67,683.5,683.5
3070.0,667.48,36.5,8,669.5,657.0,654.83,649.0,661.0,678.0,685.0,685.5
3075.0,667.98,40.67,8,669.75,653.75,651.0,650.33,660.0,684.5,691.0,683.5
3080.0,668.1,39.75,8,672.5,653.5,651.25,653.25,658.0,682.6,691.0,682.67
3085.0,665.91,42.33,8,669.5,651.0,648.0,656.5,655.5,677.75,690.33,678.67
3090.0,666.29,35.5,8,667.0,655.0,658.0,652.0,654.33,673.5,687.5,683.0
3095.0,666.77,25.5,8,671.5,655.0,656.2,655.5,657.5,680.0,678.0,680.5
3100.0,664.58,39.25,8,669.5,649.0,648.5,647.0,661.0,672.67,686.25,682.75
3105.0,664.28,36.75,8,666.0,654.5,648.5,648.25,655.0,672.5,685.0,684.5
3110.0,665.48,37.67,8,668.0,651.5,649.67,647.0,665.67,674.67,684.67,682.67
3115.0,663.81,36.5,8,665.0,649.0,648.5,648.5,657.5,677.0,685.0,680.0
3120.0,661.43,39.75,8,661.5,648.25,643.25,647.75,655.0,673.33,683.0,679.33
3125.0,642.58,61.67,8,651.5,621.17,611.67,620.25,636.25,660.5,673.33,666.0
3130.0,624.85,71.0,8,637.0,597.83,589.0,603.0,614.5,644.5,660.0,653.0
3135.0,625.93,71.17,8,630.33,614.0,591.83,596.67,616.0,643.25,663.0,652.33
3140.0,511.5,72.0,8,509.0,495.5,475.0,478.5,518.0,547.0,522.0,547.0
3145.0,353.94,44.25,8,375.25,344.25,331.0,349.25,349.0,353.67,358.33,370.75
3150.0,351.59,23.0,8,355.25,346.25,337.0,346.12,349.67,358.67,360.0,359.75
3155.0,349.06,24.5,8,352.5,344.5,335.5,340.33,343.67,359.0,360.0,357.0
3160.0,345.28,27.75,8,345.5,342.0,331.25,333.5,340.67,353.33,359.0,357.0
3165.0,345.38,27.0,8,348.0,342.0,332.0,334.0,341.0,350.5,359.0,356.5
3170.0,344.85,26.75,8,349.67,340.0,331.0,336.83,338.33,349.75,357.75,355.5
3175.0,345.1,23.17,8,349.25,338.25,332.5,337.5,341.67,351.33,355.67,354.67
3180.0,344.66,23.67,8,349.0,339.0,333.0,333.75,340.33,349.5,356.67,356.0
3185.0,343.45,25.17,8,347.5,336.86,330.75,330.5,339.33,352.0,355.0,355.67
3190.0,343.62,28.65,8,349.0,340.5,327.6,332.67,338.67,349.25,356.25,355.0
3195.0,343.2,29.43,8,350.0,340.5,325.57,331.5,338.5,349.5,355.0,355.0
3200.0,344.26,25.5,8,349.75,337.67,330.5,335.5,340.0,350.67,356.0,354.0
3205.0,343.61,26.0,8,348.5,340.5,329.0,334.4,336.5,352.0,355.0,353.0
3210.0,343.32,23.17,8,347.5,339.25,330.5,331.67,341.67,349.0,353.67,353.33
3215.0,342.11,24.9,8,347.0,340.0,328.5,329.5,337.0,348.5,353.4,353.0
3220.0,342.93,24.33,8,347.33,338.33,329.0,331.25,338.33,353.33,352.5,353.33
3225.0,342.78,27.0,8,349.67,336.5,328.5,329.5,338.0,351.0,355.5,353.6
3230.0,341.47,29.67,8,344.67,340.0,324.33,329.67,337.5,350.25,354.0,351.33
3235.0,342.62,28.5,8,346.5,339.0,328.0,330.0,338.5,349.5,356.5,353.0
3240.0,343.47,28.58,8,348.0,337.5,327.67,332.67,338.5,356.25,353.67,353.5
3245.0,344.34,27.83,8,349.33,341.75,330.0,330.67,338.5,357.83,353.67,353.0
3250.0,343.69,28.58,8,348.5,336.25,328.67,332.67,337.0,357.25,354.67,354.5
3255.0,343.84,24.5,8,350.0,336.0,330.5,334.0,338.5,354.2,355.0,352.5
3260.0,342.21,29.0,8,343.38,340.33,327.5,330.0,337.0,350.0,356.5,353.0
3265.0,343.31,27.5,8,349.0,341.0,329.0,330.0,338.5,350.0,356.5,352.5
3270.0,340.27,32.0,8,347.67,339.5,321.25,329.67,334.67,344.67,351.5,353.25
3275.0,341.12,29.0,8,348.5,336.5,325.0,329.0,334.0,349.0,353.0,354.0
3280.0,341.15,24.67,8,349.0,337.0,328.0,329.67,337.33,343.5,352.0,352.67
3285.0,341.01,23.17,8,346.33,338.0,329.33,329.67,335.0,345.75,352.5,351.5
3290.0,341.29,26.83,8,344.33,338.67,327.67,328.67,337.0,346.0,354.5,353.5
3295.0,342.22,26.67,8,347.75,340.0,327.0,331.33,338.0,347.5,352.5,353.67
3300.0,341.24,27.5,8,346.5,340.0,329.5,326.0,336.0,346.0,352.4,353.5
3305.0,340.67,26.25,8,346.5,337.0,328.25,326.75,333.5,348.67,353.0,351.67
3310.0,341.26,28.5,8,347.0,335.6,327.0,329.5,336.0,346.0,355.5,353.5
3315.0,340.35,31.17,8,347.0,338.5,321.5,331.33,333.33,346.25,352.25,352.67
3320.0,341.15,30.83,8,350.0,338.5,323.67,327.0,335.0,348.0,354.5,352.5
3325.0,342.04,23.75,8,347.75,337.67,330.0,333.17,337.67,344.33,352.0,353.75
3330.0,342.21,29.0,8,348.5,340.0,325.5,332.71,337.5,348.0,354.5,351.0
3335.0,341.89,24.78,8,347.0,337.0,328.0,331.0,337.33,350.0,352.78,352.0
3340.0,341.66,26.75,8,345.67,339.67,329.75,326.25,337.0,349.67,353.0,352.25
3345.0,341.25,25.5,8,345.67,338.33,329.0,327.5,337.0,348.5,351.0,353.0
3350.0,341.14,27.75,8,347.75,335.33,327.67,326.5,339.17,345.67,354.25,352.75
3355.0,341.69,25.83,8,349.0,337.0,328.0,327.5,337.33,349.0,353.33,352.33
3360.0,364.88,55.5,8,344.0,361.0,397.0,359.0,341.5,362.67,389.33,364.5
3365.0,513.8,74.67,8,506.5,506.5,490.75,484.0,516.67,524.0,523.33,558.67
3370.0,593.47,68.42,8,621.5,578.62,574.0,565.25,568.0,602.75,604.0,633.67
3375.0,591.38,73.5,8,608.5,577.0,570.5,554.5,579.0,597.0,628.0,616.5
3380.0,590.97,84.33,8,609.33,577.5,571.67,555.33,557.0,603.75,613.5,639.67
3385.0,593.18,73.75,8,615.5,585.0,571.5,556.0,573.0,596.0,618.67,629.75
3390.0,490.19,104.0,8,540.0,458.5,486.0,436.0,489.5,475.5,499.0,537.0
3395.0,283.46,43.0,8,294.25,291.33,255.33,270.33,284.5,288.12,298.33,285.5
3400.0,200.97,18.0,8,203.0,196.5,198.0,194.5,196.0,202.8,204.5,212.5
3405.0,182.62,4.67,8,184.67,180.5,180.5,180.33,182.67,184.5,182.83,185.0
3410.0,175.69,3.67,8,176.0,176.0,175.0,174.5,174.0,175.5,176.83,177.67
3415.0,172.16,1.83,8,172.67,172.0,171.75,171.5,171.5,172.5,172.0,173.33
3420.0,170.15,1.83,8,170.5,169.67,170.0,169.17,170.0,170.33,171.0,170.5
3425.0,169.0,2.0,8,169.5,168.0,168.5,168.0,169.0,169.5,169.5,170.0
3430.0,168.46,1.0,8,168.5,168.0,168.33,168.0,168.5,168.33,169.0,169.0
3435.0,167.6,1.0,8,167.5,168.0,167.0,167.0,167.8,168.0,168.0,167.5
3440.0,167.45,1.0,8,167.67,167.25,167.0,167.0,167.0,167.67,168.0,168.0
3445.0,167.12,0.5,8,167.5,167.0,167.0,167.0,167.0,167.0,167.0,167.5
3450.0,166.95,1.08,8,167.0,167.0,167.0,166.25,167.0,167.33,167.0,167.0
3455.0,166.85,0.5,8,166.83,167.0,166.5,166.5,167.0,167.0,167.0,167.0
3460.0,166.72,0.75,8,167.0,166.5,166.67,166.33,166.25,167.0,167.0,167.0
3465.0,166.76,1.0,8,167.0,166.6,167.0,166.0,166.5,167.0,167.0,167.0
3470.0,166.76,1.0,8,166.75,167.0,166.0,166.5,166.83,167.0,167.0,167.0
3475.0,166.61,1.0,8,167.0,166.5,166.0,166.0,166.4,167.0,167.0,167.0
3480.0,166.82,0.67,8,167.0,167.0,166.5,166.33,167.0,167.0,167.0,166.75
3485.0,166.81,1.0,8,167.0,167.0,166.0,167.0,167.0,167.0,167.0,166.5
3490.0,166.82,0.5,8,166.75,166.67,166.67,166.5,167.0,167.0,167.0,167.0
3495.0,166.94,0.5,8,167.0,167.0,167.0,167.0,167.0,166.5,167.0,167.0
3500.0,166.96,0.33,8,167.0,167.0,167.0,167.0,167.0,166.67,167.0,167.0
3505.0,167.0,0.0,8,167.0,167.0,167.0,167.0,167.0,167.0,167.0,167.0
3510.0,167.0,0.0,8,167.0,167.0,167.0,167.0,167.0,167.0,167.0,167.0
3515.0,166.97,0.25,8,167.0,167.0,167.0,166.75,167.0,167.0,167.0,167.0
3520.0,167.11,0.33,8,167.25,167.0,167.0,167.0,167.0,167.0,167.33,167.33
3525.0,167.19,1.0,8,167.0,167.0,167.0,167.0,167.0,167.0,167.5,168.0
3530.0,167.26,0.83,8,167.67,167.0,167.25,167.0,167.0,167.33,167.0,167.83
3535.0,167.39,1.0,8,167.67,167.33,167.0,167.33,167.0,167.75,167.0,168.0
3540.0,167.5,1.0,8,168.0,167.5,167.5,167.0,167.0,167.0,168.0,168.0
3545.0,167.76,0.67,8,168.0,167.33,167.5,167.83,167.67,168.0,167.75,168.0
3550.0,167.66,1.0,8,168.0,167.0,167.0,167.8,167.5,168.0,168.0,168.0
3555.0,167.86,0.5,8,168.0,168.0,167.67,167.5,167.75,168.0,168.0,168.0
3560.0,167.94,0.5,8,168.0,168.0,168.0,167.5,168.0,168.0,168.0,168.0
3565.0,167.97,0.75,8,168.0,168.0,167.5,168.0,168.0,168.0,168.0,168.25
3570.0,168.0,0.0,8,168.0,168.0,168.0,168.0,168.0,168.0,168.0,168.0
3575.0,167.99,0.58,8,168.0,168.0,167.8,167.75,168.0,168.0,168.33,168.0
3580.0,168.06,0.25,8,168.0,168.0,168.0,168.0,168.0,168.0,168.25,168.25
3585.0,168.1,0.7,8,168.0,168.0,168.0,167.8,168.0,168.0,168.5,168.5
3590.0,168.03,0.75,8,168.0,168.0,167.75,168.0,168.0,168.0,168.5,168.0
3595.0,168.25,0.75,8,168.33,168.0,168.0,168.0,168.25,168.0,168.75,168.67
3600.0,168.27,1.0,8,168.33,168.0,168.0,168.0,168.0,168.5,169.0,168.33
3605.0,168.21,0.67,8,168.0,168.0,168.0,168.17,168.0,168.5,168.33,168.67
3610.0,168.53,1.0,8,168.75,168.5,168.0,168.17,168.33,169.0,169.0,168.5
3615.0,168.69,0.8,8,169.0,168.5,168.5,168.2,168.33,169.0,169.0,169.0
3620.0,168.72,1.0,8,169.0,168.75,168.5,168.0,169.0,168.67,169.0,168.86
3625.0,168.74,0.5,8,168.75,168.67,168.67,168.67,168.67,169.0,169.0,168.5
3630.0,168.78,0.5,8,168.83,168.67,168.75,168.5,168.5,169.0,169.0,169.0
3635.0,168.93,0.33,8,169.0,168.75,168.67,169.0,169.0,169.0,169.0,169.0
3640.0,169.06,0.5,8,169.5,169.0,169.0,169.0,169.0,169.0,169.0,169.0
3645.0,168.93,0.33,8,169.0,169.0,168.75,168.67,169.0,169.0,169.0,169.0
3650.0,168.96,0.33,8,169.0,169.0,168.67,169.0,169.0,169.0,169.0,169.0
3655.0,169.0,0.0,8,169.0,169.0,169.0,169.0,169.0,169.0,169.0,169.0
3660.0,168.96,0.33,8,169.0,169.0,168.67,169.0,169.0,169.0,169.0,169.0
3665.0,169.12,0.5,8,169.0,169.0,169.0,169.0,169.0,169.0,169.5,169.5
3670.0,169.23,1.0,8,169.25,169.0,169.0,169.0,169.0,169.25,169.33,170.0
3675.0,169.17,0.5,8,169.5,169.0,169.0,169.0,169.0,169.38,169.5,169.0
3680.0,169.36,0.67,8,169.5,169.25,169.33,169.0,169.0,169.67,169.67,169.5
3685.0,169.41,0.8,8,169.8,169.5,169.0,169.5,169.5,169.0,169.5,169.5
3690.0,169.55,1.0,8,169.0,169.25,169.33,169.33,169.5,170.0,170.0,170.0
3695.0,169.68,1.0,8,170.0,169.4,169.0,170.0,169.5,169.5,170.0,170.0
3700.0,169.85,0.33,8,169.75,169.75,169.67,169.67,170.0,170.0,170.0,170.0
3705.0,169.84,0.5,8,170.0,170.0,169.5,169.75,169.5,170.0,170.0,170.0
3710.0,169.88,0.5,8,170.0,170.0,169.5,169.5,170.0,170.0,170.0,170.0
3715.0,169.94,0.67,8,170.0,169.67,169.67,169.86,170.0,170.0,170.0,170.33
3720.0,169.97,0.25,8,170.0,169.75,170.0,170.0,170.0,170.0,170.0,170.0
3725.0,170.06,0.5,8,170.0,170.0,170.0,170.0,170.0,170.0,170.5,170.0
3730.0,170.21,1.0,8,170.67,170.0,170.0,169.67,170.0,170.5,170.33,170.5
3735.0,170.1,0.5,8,170.0,170.0,170.0,170.0,170.0,170.29,170.0,170.5
3740.0,170.33,1.0,8,170.0,170.0,170.0,170.33,170.0,170.33,171.0,171.0
3745.0,170.35,1.0,8,170.12,170.0,170.0,170.0,170.33,170.67,170.67,171.0
3750.0,170.47,1.0,8,170.75,170.5,170.0,170.0,170.33,170.67,170.5,171.0
3755.0,170.75,0.5,8,171.0,170.5,170.5,170.5,170.5,171.0,171.0,171.0
3760.0,170.62,1.0,8,170.62,170.5,170.33,170.5,170.0,171.0,171.0,171.0
3765.0,170.64,1.0,8,170.67,170.67,170.0,170.25,171.0,170.75,170.75,171.0
3770.0,170.68,0.67,8,170.57,170.33,170.5,170.5,170.5,171.0,171.0,171.0
3775.0,170.84,0.67,8,170.75,170.67,170.33,171.0,171.0,171.0,171.0,171.0
3780.0,170.94,0.5,8,171.0,171.0,170.5,171.0,171.0,171.0,171.0,171.0
3785.0,171.0,0.0,8,171.0,171.0,171.0,171.0,171.0,171.0,171.0,171.0
3790.0,171.03,0.25,8,171.0,171.0,171.0,171.0,171.0,171.0,171.25,171.0
3795.0,171.12,1.0,8,171.0,171.0,171.0,170.5,171.0,171.5,171.5,171.5
3800.0,171.25,1.5,8,171.25,171.0,171.0,171.0,170.5,171.5,171.75,172.0
3805.0,171.39,1.0,8,171.5,171.0,171.0,171.0,171.5,171.6,171.5,172.0
3810.0,171.4,1.0,8,171.5,171.33,171.0,171.0,171.0,172.0,172.0,171.33
3815.0,171.44,1.0,8,172.0,171.0,171.0,171.5,171.0,171.5,171.5,172.0
3820.0,171.41,1.0,8,172.0,171.33,171.0,171.0,171.25,171.33,171.5,171.83
3825.0,171.46,1.0,8,171.67,171.0,171.0,171.0,171.0,172.0,172.0,172.0
3830.0,171.56,1.0,8,172.0,171.33,171.0,171.0,171.5,171.67,172.0,172.0
3835.0,171.66,1.0,8,171.75,171.0,171.25,171.25,172.0,172.0,172.0,172.0
3840.0,171.81,0.5,8,172.0,172.0,171.5,171.5,171.5,172.0,172.0,172.0
3845.0,171.65,0.75,8,172.0,171.33,171.25,171.25,171.67,172.0,171.67,172.0
3850.0,171.65,0.75,8,171.62,171.33,171.33,171.25,171.67,172.0,172.0,172.0
3855.0,171.72,0.67,8,171.6,171.33,171.33,171.5,172.0,172.0,172.0,172.0
3860.0,171.65,1.0,8,171.67,171.33,171.67,171.0,171.5,172.0,172.0,172.0
3865.0,171.76,0.75,8,172.0,171.67,171.25,171.67,171.5,172.0,172.0,172.0
3870.0,171.81,0.5,8,172.0,171.5,171.5,172.0,171.5,172.0,172.0,172.0
3875.0,171.7,0.67,8,171.57,171.67,171.5,171.5,171.33,172.0,172.0,172.0
3880.0,171.78,0.5,8,171.5,171.62,171.67,171.67,171.75,172.0,172.0,172.0
3885.0,171.72,0.71,8,172.0,171.29,171.5,171.5,171.5,172.0,172.0,172.0
3890.0,171.92,0.38,8,172.0,172.0,171.62,171.75,172.0,172.0,172.0,172.0
3895.0,171.97,0.58,8,172.0,172.0,171.88,171.67,172.0,172.0,172.25,172.0
3900.0,172.04,0.67,8,172.0,172.0,171.83,172.0,172.0,172.0,172.0,172.5
3905.0,172.0,0.0,8,172.0,172.0,172.0,172.0,172.0,172.0,172.0,172.0
3910.0,172.01,1.67,8,172.0,172.0,171.75,171.33,172.0,172.0,172.0,173.0
3915.0,172.0,0.0,8,172.0,172.0,172.0,172.0,172.0,172.0,172.0,172.0
3920.0,172.03,0.25,8,172.0,172.0,172.0,172.0,172.0,172.0,172.25,172.0
3925.0,171.95,0.62,8,172.0,172.0,171.5,172.0,172.12,172.0,172.0,172.0
3930.0,171.84,0.67,8,172.0,171.75,171.33,171.67,172.0,172.0,172.0,172.0
3935.0,172.09,1.0,8,172.5,172.0,172.0,171.5,172.0,172.0,172.5,172.2
3940.0,172.05,0.58,8,172.33,172.0,172.0,171.75,172.0,172.0,172.0,172.33
3945.0,171.9,0.5,8,172.0,171.5,172.0,172.0,171.67,172.0,172.0,172.0
3950.0,171.92,1.0,8,172.0,171.5,171.71,171.67,172.0,172.0,172.0,172.5
3955.0,171.93,0.33,8,172.0,171.75,171.67,172.0,172.0,172.0,172.0,172.0
3960.0,171.93,0.83,8,172.0,172.0,171.67,171.5,171.67,172.25,172.33,172.0
3965.0,171.94,0.5,8,172.0,172.0,172.0,171.5,172.0,172.0,172.0,172.0
3970.0,172.0,0.0,8,172.0,172.0,172.0,172.0,172.0,172.0,172.0,172.0
3975.0,172.1,0.9,8,172.5,171.6,171.67,172.0,172.0,172.5,172.0,172.5
3980.0,172.06,0.67,8,172.0,172.0,171.67,172.0,172.0,172.22,172.33,172.25
3985.0,172.03,0.25,8,172.0,172.0,172.0,172.0,172.0,172.0,172.25,172.0
3990.0,172.01,0.83,8,172.0,172.0,172.0,171.5,172.0,172.0,172.29,172.33
3995.0,172.06,0.53,8,172.0,172.0,171.8,172.0,172.0,172.0,172.33,172.33
4000.0,172.04,0.33,8,172.0,172.0,172.0,172.0,172.0,172.33,172.0,172.0
4005.0,172.09,0.92,8,172.0,172.0,172.0,171.75,172.0,172.0,172.67,172.33
4010.0,172.0,0.5,8,172.0,172.0,171.75,172.0,172.0,172.0,172.0,172.25
4015.0,172.04,0.67,8,172.0,172.0,171.83,172.0,172.0,172.0,172.5,172.0
4020.0,172.04,0.75,8,172.0,171.75,171.75,172.0,172.0,172.0,172.33,172.5
4025.0,172.03,0.67,8,172.25,172.0,171.67,171.75,172.0,172.0,172.25,172.33
4030.0,171.97,0.93,8,172.0,172.0,171.5,172.0,171.5,172.0,172.43,172.33
4035.0,171.99,0.67,8,172.0,172.0,171.89,171.67,172.0,172.0,172.33,172.0
4040.0,171.98,0.12,8,172.0,172.0,172.0,171.88,172.0,172.0,172.0,172.0
4045.0,172.12,0.67,8,172.33,172.0,172.0,171.83,172.0,172.0,172.33,172.5
4050.0,172.04,1.0,8,172.0,172.0,171.5,172.0,172.0,172.0,172.33,172.5
4055.0,171.94,0.33,8,172.0,171.83,171.67,172.0,172.0,172.0,172.0,172.0
4060.0,172.04,0.58,8,172.0,172.0,171.75,172.0,172.0,172.0,172.25,172.33
4065.0,171.98,1.0,8,172.0,171.5,171.86,172.0,172.0,172.0,172.0,172.5
4070.0,172.12,0.5,8,172.5,172.0,172.0,172.0,172.0,172.25,172.0,172.25
4075.0,171.98,1.0,8,172.0,172.0,171.5,171.83,172.0,172.0,172.0,172.5
4080.0,172.0,0.47,8,172.0,172.0,171.75,172.0,172.0,172.0,172.0,172.22
4085.0,172.02,0.83,8,172.0,172.0,171.67,172.0,172.0,172.0,172.5,172.0
4090.0,171.94,0.5,8,172.0,172.0,172.0,171.5,172.0,172.0,172.0,172.0
4095.0,172.0,0.0,8,172.0,172.0,172.0,172.0,172.0,172.0,172.0,172.0
4100.0,172.09,0.83,8,172.0,172.0,171.67,172.0,172.0,172.25,172.33,172.5
4105.0,172.08,2.0,8,172.0,172.0,172.0,171.0,172.0,172.0,172.67,173.0
4110.0,172.0,0.67,8,172.0,172.0,171.67,172.0,172.0,172.0,172.0,172.33
4115.0,172.06,0.25,8,172.0,172.0,172.0,172.0,172.0,172.25,172.0,172.25
4120.0,172.17,0.64,8,172.0,172.0,171.86,172.0,172.0,172.5,172.5,172.5
4125.0,171.98,0.5,8,172.0,172.0,171.67,172.0,172.0,172.0,172.0,172.17
4130.0,172.04,0.83,8,172.0,172.0,172.0,172.0,171.67,172.0,172.5,172.17
4135.0,172.0,1.0,8,172.0,172.0,171.5,172.0,172.0,172.0,172.5,172.0
4140.0,172.06,0.25,8,172.0,172.0,172.0,172.0,172.25,172.0,172.0,172.25
4145.0,172.1,0.5,8,172.0,172.0,172.0,172.0,172.0,172.33,172.0,172.5
4150.0,172.17,0.67,8,172.0,172.0,172.0,172.0,172.33,172.33,172.67,172.0
4155.0,172.31,1.0,8,172.0,172.0,172.0,172.0,172.0,172.5,173.0,173.0
4160.0,172.12,1.0,8,172.0,172.0,172.0,172.0,172.0,172.0,172.0,173.0
4165.0,172.12,0.5,8,172.0,172.0,172.0,172.0,172.0,172.17,172.5,172.33
4170.0,172.08,0.33,8,172.33,172.0,172.0,172.0,172.0,172.0,172.0,172.33
4175.0,172.25,1.0,8,172.33,172.0,172.0,172.0,172.0,172.0,173.0,172.67
4180.0,172.09,0.5,8,172.0,172.0,172.0,172.0,172.22,172.0,172.5,172.0
4185.0,172.2,0.67,8,172.25,172.0,172.0,172.0,172.0,172.17,172.67,172.5
4190.0,172.13,1.17,8,172.0,172.0,172.0,171.5,172.0,172.4,172.67,172.5
4195.0,172.19,0.67,8,172.5,172.0,172.0,172.0,172.0,172.0,172.33,172.67
4200.0,172.25,1.0,8,172.0,172.0,172.0,172.0,172.0,172.5,172.5,173.0
4205.0,172.16,0.33,8,172.33,172.0,172.0,172.0,172.0,172.25,172.33,172.33
4210.0,172.09,1.5,8,172.0,172.0,171.67,171.5,172.0,172.33,172.25,173.0
4215.0,172.12,0.5,8,172.0,172.0,172.0,172.0,172.0,172.0,172.5,172.5
4220.0,172.15,1.33,8,172.0,172.0,171.67,172.0,172.0,172.0,173.0,172.5
4225.0,172.28,1.0,8,172.2,172.0,172.0,172.0,172.0,172.0,173.0,173.0
4230.0,172.22,0.5,8,172.33,172.0,172.0,172.0,172.12,172.5,172.5,172.33
4235.0,172.2,0.67,8,172.25,172.0,172.0,172.0,172.17,172.25,172.25,172.67
4240.0,172.27,1.0,8,172.0,172.0,172.0,172.0,172.17,172.5,172.5,173.0
4245.0,172.17,0.5,8,172.0,172.0,172.0,172.0,172.0,172.33,172.5,172.5
4250.0,172.13,0.71,8,172.33,172.0,172.0,172.0,172.0,172.0,172.0,172.71
4255.0,172.1,0.33,8,172.14,172.0,172.0,172.0,172.0,172.0,172.33,172.33
4260.0,172.17,1.5,8,172.0,172.0,171.5,172.0,172.0,172.5,172.33,173.0
4265.0,172.12,0.5,8,172.0,172.0,172.0,172.0,172.0,172.5,172.5,172.0
4270.0,172.12,0.67,8,172.0,172.0,172.0,172.0,172.0,172.0,172.67,172.33
4275.0,172.12,0.5,8,172.0,172.0,172.0,172.0,172.0,172.0,172.5,172.5
4280.0,172.16,0.5,8,172.33,172.0,172.0,172.0,172.0,172.0,172.5,172.43
4285.0,172.09,0.83,8,172.0,172.0,171.67,172.0,172.0,172.2,172.33,172.5
4290.0,172.14,0.83,8,172.0,172.0,172.0,172.0,172.0,172.0,172.83,172.25
4295.0,172.12,0.67,8,172.0,172.0,172.0,172.0,172.0,172.0,172.67,172.33
4300.0,172.07,0.48,8,172.0,172.0,172.0,171.86,172.0,172.0,172.33,172.33
4305.0,172.15,0.33,8,172.33,172.0,172.0,172.0,172.0,172.33,172.25,172.25
4310.0,172.17,0.5,8,172.5,172.0,172.0,172.0,172.0,172.0,172.33,172.5
4315.0,172.04,0.33,8,172.0,172.0,172.0,172.0,172.0,172.0,172.33,172.0
4320.0,172.0,1.0,8,172.0,172.0,172.0,171.5,172.0,172.0,172.0,172.5
4325.0,172.15,1.0,8,172.0,172.0,171.67,172.0,172.4,172.0,172.5,172.67
4330.0,172.14,0.5,8,172.25,172.0,172.0,172.0,172.0,172.0,172.33,172.5
4335.0,172.2,0.67,8,172.25,172.0,172.0,172.0,172.0,172.2,172.67,172.5
4340.0,172.27,0.67,8,172.0,172.0,172.0,172.0,172.33,172.5,172.67,172.67
4345.0,172.18,0.67,8,172.25,172.0,172.0,172.0,172.0,172.25,172.25,172.67
4350.0,172.32,1.0,8,172.5,172.0,172.0,172.0,172.25,172.33,173.0,172.5
4355.0,172.16,0.67,8,172.0,172.0,172.0,172.0,172.0,172.33,172.25,172.67
4360.0,172.17,0.67,8,172.0,172.0,172.0,172.0,172.0,172.33,172.33,172.67
4365.0,172.18,0.75,8,172.33,172.0,172.0,172.0,172.0,172.0,172.33,172.75
4370.0,172.12,0.5,8,172.0,172.0,172.0,172.0,172.0,172.0,172.5,172.5
4375.0,172.27,0.86,8,172.33,172.0,172.0,172.0,172.33,172.0,172.67,172.86
4380.0,172.12,0.5,8,172.0,172.0,172.0,172.0,172.0,172.0,172.5,172.5
4385.0,172.19,1.0,8,172.0,172.0,172.0,172.0,172.0,172.0,172.5,173.0
4390.0,172.2,0.75,8,172.33,172.0,172.0,172.0,172.0,172.0,172.75,172.5
4395.0,172.2,0.67,8,172.25,172.0,172.0,172.0,172.0,172.0,172.67,172.67
4400.0,172.38,1.0,8,172.33,172.0,172.0,172.0,172.5,172.5,173.0,172.67
4405.0,172.26,0.67,8,172.33,172.0,172.0,172.0,172.17,172.25,172.67,172.67
4410.0,172.32,0.67,8,172.33,172.33,172.0,172.2,172.0,172.67,172.5,172.5
4415.0,172.33,1.0,8,172.5,172.0,172.0,172.0,172.0,172.67,172.5,173.0
4420.0,172.24,1.0,8,172.11,172.33,172.0,172.0,172.0,172.0,173.0,172.5
4425.0,172.27,1.0,8,172.0,172.0,172.0,172.33,172.0,172.33,172.5,173.0
4430.0,172.39,1.0,8,172.6,172.0,172.0,172.0,172.0,172.5,173.0,173.0
4435.0,172.26,0.67,8,172.5,172.0,172.0,172.0,172.0,172.33,172.67,172.6
4440.0,172.15,0.67,8,172.0,172.0,172.0,172.0,172.0,172.5,172.67,172.0
4445.0,172.31,1.0,8,172.0,172.0,172.0,172.0,172.0,172.5,173.0,173.0
4450.0,172.14,0.33,8,172.33,172.0,172.0,172.0,172.11,172.0,172.33,172.33
4455.0,172.39,0.75,8,172.75,172.33,172.0,172.0,172.5,172.33,172.67,172.5
4460.0,172.26,0.75,8,172.33,172.0,172.0,172.0,172.0,172.33,172.67,172.75
4465.0,172.29,1.0,8,172.33,172.33,172.33,172.0,172.0,172.0,172.33,173.0
4470.0,172.28,1.0,8,172.0,172.0,172.0,172.0,172.17,172.33,172.75,173.0
4475.0,172.24,0.67,8,172.0,172.0,172.0,172.0,172.4,172.33,172.67,172.5
4480.0,172.38,1.0,8,172.0,172.0,172.0,172.0,172.33,172.67,173.0,173.0
4485.0,172.17,0.75,8,172.25,172.0,172.0,172.0,172.0,172.0,172.75,172.33
4490.0,172.23,1.0,8,172.0,172.0,172.0,172.0,172.33,172.0,173.0,172.5
4495.0,172.16,0.43,8,172.25,172.25,172.0,172.0,172.0,172.0,172.33,172.43
4500.0,172.31,1.0,8,172.0,172.0,172.0,172.0,172.67,172.33,173.0,172.5
4505.0,172.34,1.0,8,173.0,172.0,172.0,172.0,172.0,172.33,172.75,172.67
4510.0,172.22,0.81,8,172.33,172.0,171.86,172.0,172.33,172.25,172.67,172.33
4515.0,172.28,0.75,8,172.33,172.0,172.0,172.0,172.33,172.33,172.5,172.75
4520.0,172.31,1.0,8,172.5,172.0,172.0,172.0,172.0,173.0,172.5,172.5
4525.0,172.24,0.67,8,172.33,172.0,172.0,172.0,172.0,172.67,172.5,172.43
4530.0,172.23,0.5,8,172.33,172.25,172.0,172.0,172.25,172.0,172.5,172.5
4535.0,172.18,1.0,8,172.67,171.67,172.0,172.0,172.0,172.0,172.5,172.6
4540.0,172.19,0.67,8,172.0,172.0,172.0,172.0,172.29,172.25,172.67,172.33
4545.0,172.29,1.0,8,172.25,172.0,172.0,172.0,172.0,172.4,173.0,172.67
4550.0,172.27,1.0,8,173.0,172.5,172.0,172.0,172.0,172.0,172.33,172.33
4555.0,172.27,1.0,8,172.5,172.0,172.0,172.0,172.0,172.0,172.67,173.0
4560.0,172.21,1.0,8,172.17,172.0,172.0,172.0,172.0,172.0,173.0,172.5
4565.0,172.06,0.5,8,172.0,172.0,172.0,172.0,172.0,172.0,172.0,172.5
4570.0,172.36,0.86,8,172.5,172.33,172.0,172.0,172.0,172.5,172.86,172.67
4575.0,172.47,1.0,8,172.67,172.0,172.0,172.0,172.33,173.0,173.0,172.75
4580.0,172.4,1.0,8,172.67,172.0,172.0,172.0,172.0,173.0,172.5,173.0
4585.0,172.34,1.0,8,172.5,172.0,172.0,172.0,172.0,172.5,172.75,173.0
4590.0,172.25,1.0,8,172.33,172.0,172.0,172.0,172.0,172.0,173.0,172.67
4595.0,172.29,0.8,8,172.33,172.0,172.0,172.0,172.0,172.5,172.8,172.67
4600.0,172.33,1.0,8,172.67,172.0,172.0,172.0,172.33,172.0,173.0,172.67
4605.0,172.38,1.0,8,172.33,172.0,172.0,172.0,172.0,173.0,173.0,172.67
4610.0,172.42,1.0,8,172.5,172.5,172.0,172.0,172.33,172.33,172.67,173.0
4615.0,172.37,1.0,8,172.5,172.14,172.0,172.0,172.0,172.33,173.0,173.0
4620.0,172.29,1.0,8,172.5,172.0,172.0,172.0,172.0,172.33,172.5,173.0
4625.0,172.19,1.0,8,172.0,172.0,172.0,172.0,172.0,172.0,172.5,173.0
4630.0,172.29,1.0,8,172.0,172.33,172.0,172.0,172.0,172.29,173.0,172.67
4635.0,172.19,0.75,8,172.0,172.0,172.0,172.0,172.0,172.0,172.75,172.75
4640.0,172.32,1.0,8,172.33,172.0,172.0,172.25,172.0,172.5,173.0,172.5
4645.0,172.33,1.0,8,172.0,172.0,172.0,172.0,172.0,173.0,173.0,172.67
4650.0,172.31,0.75,8,172.0,172.0,172.0,172.0,172.5,172.5,172.75,172.75
4655.0,172.32,1.0,8,172.33,172.0,172.0,172.0,172.0,172.6,173.0,172.67
4660.0,172.39,1.0,8,172.25,172.33,172.0,172.0,172.0,172.83,173.0,172.67
4665.0,172.49,1.0,8,172.33,172.33,172.0,172.0,172.22,173.0,173.0,173.0
4670.0,172.26,1.0,8,172.5,172.0,172.0,172.0,172.29,172.0,173.0,172.33
4675.0,172.4,1.0,8,172.5,172.0,172.0,172.0,172.0,173.0,172.67,173.0
4680.0,172.42,1.0,8,172.33,172.0,172.0,172.0,172.67,172.33,173.0,173.0
4685.0,172.4,1.0,8,172.33,172.5,172.0,172.0,172.5,172.33,172.5,173.0
4690.0,172.33,1.0,8,172.5,172.0,172.0,172.67,172.0,173.0,172.5,172.0
4695.0,172.46,1.0,8,172.67,172.0,172.0,172.0,172.5,172.5,173.0,173.0
4700.0,172.34,1.0,8,172.25,172.0,172.0,172.0,172.0,172.5,173.0,173.0
4705.0,172.54,1.0,8,172.5,172.5,172.0,172.0,173.0,172.33,173.0,173.0
4710.0,172.42,1.0,8,172.5,172.5,172.0,172.0,172.0,173.0,172.67,172.67
4715.0,172.48,1.0,8,173.0,172.0,172.0,172.33,172.0,172.5,173.0,173.0
4720.0,172.38,1.0,8,173.0,172.0,172.0,172.0,172.0,172.5,172.5,173.0
4725.0,172.59,1.0,8,172.67,172.25,172.0,172.0,173.0,173.0,173.0,172.83
4730.0,172.42,1.0,8,172.33,172.33,172.0,172.0,172.0,173.0,172.67,173.0
4735.0,172.33,1.0,8,172.12,172.0,172.0,172.0,172.0,173.0,173.0,172.5
4740.0,172.37,1.0,8,172.33,172.0,172.0,172.0,172.0,172.6,173.0,173.0
4745.0,172.4,1.0,8,172.67,172.0,172.0,172.0,172.0,172.8,173.0,172.75
4750.0,172.43,1.0,8,172.33,172.0,172.0,172.0,172.5,172.83,173.0,172.75
4755.0,172.53,1.0,8,173.0,172.5,172.0,172.0,173.0,172.4,173.0,172.33
4760.0,172.43,1.0,8,172.5,172.0,172.0,172.25,172.0,172.67,173.0,173.0
4765.0,172.43,1.0,8,172.5,172.0,172.0,172.0,172.67,172.5,172.75,173.0
4770.0,172.37,1.0,8,172.0,172.14,172.0,172.0,172.33,173.0,172.5,173.0
4775.0,172.4,0.89,8,172.67,172.0,172.0,172.33,172.33,172.5,172.5,172.89
4780.0,172.36,0.83,8,172.33,172.25,172.0,172.0,172.33,172.5,172.83,172.67
4785.0,172.47,1.0,8,172.67,172.0,172.0,172.0,172.5,173.0,172.6,173.0
4790.0,172.36,0.75,8,172.33,172.33,172.0,172.0,172.14,172.67,172.75,172.67
4795.0,172.35,0.67,8,172.25,172.25,172.0,172.0,172.5,172.5,172.67,172.67
4800.0,172.36,1.0,8,172.0,172.0,172.0,172.0,172.43,172.67,172.75,173.0
4805.0,172.38,1.0,8,172.33,172.0,172.0,172.0,172.33,173.0,173.0,172.33
4810.0,172.28,0.67,8,172.33,172.0,172.0,172.0,172.2,172.5,172.5,172.67
4815.0,172.34,1.0,8,172.25,172.0,172.0,172.0,172.33,172.5,172.67,173.0
4820.0,172.47,1.0,8,172.5,172.0,172.0,172.5,172.4,172.33,173.0,173.0
4825.0,172.48,1.0,8,172.67,172.5,172.0,172.0,172.0,172.67,173.0,173.0
4830.0,172.49,1.0,8,172.67,172.5,172.0,172.0,172.0,173.0,172.75,173.0
4835.0,172.56,1.0,8,173.0,172.5,172.0,172.0,172.33,172.67,173.0,173.0
4840.0,172.29,0.67,8,172.0,172.0,172.0,172.0,172.33,172.67,172.67,172.67
4845.0,172.39,1.0,8,172.5,172.0,172.0,172.0,172.33,172.5,172.75,173.0
4850.0,172.52,1.0,8,172.5,172.0,172.33,172.0,172.33,173.0,173.0,173.0
4855.0,172.34,1.0,8,172.38,172.0,172.0,172.0,172.0,172.33,173.0,173.0
4860.0,172.54,1.0,8,173.0,172.25,172.0,172.0,173.0,172.67,172.5,172.88
4865.0,172.41,1.0,8,172.25,172.0,172.0,172.0,173.0,172.5,172.5,173.0
4870.0,172.43,1.0,8,173.0,172.0,172.0,172.14,172.5,172.5,172.67,172.67
4875.0,172.54,1.0,8,172.67,172.33,172.0,172.0,172.33,173.0,173.0,173.0
4880.0,172.56,1.0,8,172.5,172.5,172.0,172.17,172.67,172.67,173.0,173.0
4885.0,172.55,1.0,8,173.0,172.5,172.0,172.0,172.25,172.67,173.0,173.0
4890.0,172.47,1.0,8,172.29,172.0,172.0,172.25,172.5,172.75,173.0,173.0
4895.0,172.47,1.0,8,172.4,172.0,172.0,172.33,172.0,173.0,173.0,173.0
4900.0,172.5,1.0,8,172.67,172.0,172.0,172.0,172.33,173.0,173.0,173.0
4905.0,172.5,1.0,8,172.75,172.25,172.0,172.33,172.67,172.0,173.0,173.0
4910.0,172.62,1.0,8,173.0,172.0,172.5,172.5,172.5,172.5,173.0,173.0
4915.0,172.54,1.0,8,172.5,172.0,172.0,172.14,172.67,173.0,173.0,173.0
4920.0,172.56,1.0,8,172.5,172.11,172.5,172.33,172.0,173.0,173.0,173.0
4925.0,172.43,1.0,8,172.5,172.43,172.0,172.0,172.0,172.5,173.0,173.0
4930.0,172.56,1.0,8,173.0,172.33,172.0,172.0,172.67,172.71,172.75,173.0
4935.0,172.6,1.0,8,173.0,172.5,172.0,172.0,172.33,173.0,173.0,173.0
4940.0,172.44,1.0,8,172.5,172.0,172.0,172.0,172.5,172.5,173.0,173.0
4945.0,172.62,1.0,8,173.0,172.5,172.14,172.0,172.67,172.67,173.0,173.0
4950.0,172.54,1.0,8,172.67,172.5,172.0,172.0,172.67,172.75,172.75,173.0
4955.0,172.57,1.0,8,172.5,172.5,172.2,172.0,172.67,172.67,173.0,173.0
4960.0,172.67,1.0,8,173.0,172.11,172.25,172.0,173.0,173.0,173.0,173.0
4965.0,172.61,1.0,8,172.5,172.0,172.67,172.0,172.75,173.0,173.0,173.0
4970.0,172.58,1.0,8,172.5,172.2,172.25,172.0,172.67,173.0,173.0,173.0
4975.0,172.52,1.0,8,172.5,172.33,172.0,172.33,172.33,173.0,172.67,173.0
4980.0,172.5,1.0,8,172.5,172.0,172.25,172.25,172.33,172.67,173.0,173.0
4985.0,172.75,0.67,8,172.67,173.0,172.33,172.5,172.5,173.0,173.0,173.0
4990.0,172.42,1.0,8,172.5,172.33,172.0,172.0,172.5,172.0,173.0,173.0
4995.0,172.5,1.0,8,172.33,172.0,172.33,172.33,172.0,173.0,173.0,173.0
5000.0,172.58,0.67,8,172.75,172.67,172.33,172.33,172.33,172.5,172.75,173.0
5005.0,172.81,1.0,8,173.0,173.0,172.5,172.0,173.0,173.0,173.0,173.0
5010.0,172.55,1.0,8,172.67,172.33,172.0,172.0,172.67,172.75,173.0,173.0
5015.0,172.57,1.0,8,173.0,172.0,172.0,172.4,173.0,172.67,172.75,172.75
5020.0,172.65,1.0,8,173.0,172.5,172.0,172.25,172.67,172.75,173.0,173.0
5025.0,172.54,1.0,8,172.67,172.0,172.0,172.0,172.67,173.0,173.0,173.0
5030.0,172.46,1.0,8,172.67,172.0,172.0,172.0,172.25,172.75,173.0,173.0
5035.0,172.48,1.0,8,172.75,172.5,172.0,172.0,172.5,172.33,172.75,173.0
5040.0,172.51,1.0,8,172.5,172.5,172.5,172.43,172.0,172.67,172.5,173.0
5045.0,172.56,1.0,8,172.8,172.0,172.33,172.0,172.33,173.0,173.0,173.0
5050.0,172.55,1.0,8,172.5,172.0,172.25,172.0,172.67,173.0,173.0,173.0
5055.0,172.58,1.0,8,172.67,172.0,172.0,172.5,172.5,173.0,173.0,173.0
5060.0,172.54,1.0,8,172.67,172.33,172.0,172.0,172.6,172.75,173.0,173.0
5065.0,172.52,1.0,8,172.33,172.25,172.25,172.0,172.5,172.8,173.0,173.0
5070.0,172.6,1.0,8,173.0,172.67,172.33,172.0,172.0,172.8,173.0,173.0
5075.0,172.54,1.0,8,172.33,172.0,172.0,172.0,173.0,173.0,173.0,173.0
5080.0,172.66,1.0,8,173.0,172.33,172.33,172.0,172.88,173.0,173.0,172.75
5085.0,172.58,1.0,8,172.67,172.5,172.0,172.0,172.83,172.67,173.0,173.0
5090.0,172.62,1.0,8,173.0,172.33,172.0,172.14,172.5,173.0,173.0,173.0
5095.0,172.46,1.0,8,172.75,172.0,172.0,172.2,172.0,173.0,173.0,172.75
5100.0,172.65,0.8,8,173.0,172.5,172.5,172.2,172.33,172.67,173.0,173.0
5105.0,172.46,1.0,8,172.67,172.0,172.33,172.0,172.33,172.33,173.0,173.0
5110.0,172.52,1.0,8,173.0,172.33,172.0,172.0,172.5,172.33,173.0,173.0
5115.0,172.48,1.0,8,172.67,172.0,172.0,172.44,172.0,173.0,173.0,172.75
5120.0,172.4,1.0,8,173.0,172.0,172.0,172.0,172.0,172.67,172.5,173.0
5125.0,172.4,1.0,8,172.22,172.0,172.0,172.0,172.0,173.0,173.0,173.0
5130.0,172.38,1.0,8,172.33,172.0,172.0,172.25,172.25,172.67,172.5,173.0
5135.0,172.5,1.0,8,172.67,172.0,172.0,172.33,172.5,172.5,173.0,173.0
5140.0,172.6,1.0,8,172.67,172.33,172.67,172.0,172.67,172.5,173.0,173.0
5145.0,172.52,1.0,8,172.75,172.25,172.0,172.33,172.33,173.0,173.0,172.5
5150.0,172.5,1.0,8,172.67,172.33,172.0,172.0,172.0,173.0,173.0,173.0
5155.0,172.54,1.0,8,172.67,172.0,172.0,172.0,172.67,173.0,173.0,173.0
5160.0,172.61,1.0,8,172.75,172.33,172.0,172.0,172.83,173.0,173.0,173.0
5165.0,172.58,1.0,8,172.75,172.25,172.0,172.5,172.5,173.0,173.0,172.67
5170.0,172.64,1.0,8,173.0,172.0,172.0,172.5,173.0,172.6,173.0,173.0
5175.0,172.53,1.0,8,172.67,172.67,172.0,172.29,172.25,172.33,173.0,173.0
5180.0,172.59,1.0,8,172.67,172.33,172.0,172.33,172.67,172.75,173.0,173.0
5185.0,172.62,1.0,8,173.0,172.0,172.0,172.29,172.67,173.0,173.0,173.0
5190.0,172.62,1.0,8,172.6,172.5,172.0,172.5,172.67,172.67,173.0,173.0
5195.0,172.58,1.0,8,172.5,172.12,172.0,172.25,172.75,173.0,173.0,173.0
5200.0,172.59,1.0,8,173.0,172.1,172.0,172.5,172.33,173.0,173.0,172.75
5205.0,172.6,1.0,8,173.0,172.5,172.0,172.0,172.33,173.0,173.0,173.0
5210.0,172.57,1.0,8,173.0,172.25,172.0,172.0,172.33,173.0,173.0,173.0
5215.0,172.34,0.89,8,172.5,172.33,172.0,172.0,172.5,172.0,172.5,172.89
5220.0,172.6,1.0,8,172.33,172.67,172.33,172.0,172.5,173.0,173.0,173.0
5225.0,172.52,1.0,8,172.33,172.0,172.67,172.0,172.5,172.67,173.0,173.0
5230.0,172.56,1.0,8,172.67,172.67,172.0,172.0,172.5,173.0,173.0,172.67
5235.0,172.63,1.0,8,173.0,172.25,172.5,172.0,172.62,172.67,173.0,173.0
5240.0,172.68,1.0,8,173.0,172.67,172.0,172.5,172.5,172.8,173.0,173.0
5245.0,172.85,0.67,8,172.33,173.0,173.0,172.5,173.0,173.0,173.0,173.0
5250.0,172.85,0.5,8,172.67,172.67,172.5,173.0,173.0,173.0,173.0,173.0
5255.0,172.69,1.0,8,172.67,173.0,172.0,172.0,172.88,173.0,173.0,173.0
5260.0,172.73,0.67,8,173.0,172.33,172.5,172.5,172.5,173.0,173.0,173.0
5265.0,172.74,0.71,8,173.0,172.5,172.5,172.29,172.67,173.0,173.0,173.0
5270.0,172.68,1.0,8,172.86,172.25,172.0,172.33,173.0,173.0,173.0,173.0
5275.0,172.72,1.0,8,173.0,172.5,172.0,172.25,173.0,173.0,173.0,173.0
5280.0,172.71,0.67,8,173.0,172.33,172.5,172.5,172.5,173.0,173.0,172.83
5285.0,172.64,1.0,8,172.75,172.33,172.33,172.0,172.67,173.0,173.0,173.0
5290.0,172.71,1.0,8,173.0,172.33,172.0,172.33,173.0,173.0,173.0,173.0
5295.0,172.68,1.0,8,172.75,172.33,172.33,172.0,173.0,173.0,173.0,173.0
5300.0,172.62,1.0,8,172.5,172.5,172.0,172.5,172.5,173.0,173.0,173.0
5305.0,172.54,1.0,8,172.5,172.5,172.0,172.0,172.67,173.0,173.0,172.67
5310.0,172.59,1.0,8,172.5,172.14,172.0,172.33,172.75,173.0,173.0,173.0
5315.0,172.72,0.67,8,173.0,172.43,172.33,172.33,172.67,173.0,173.0,173.0
5320.0,172.69,1.0,8,172.67,172.67,172.0,172.67,172.5,173.0,173.0,173.0
5325.0,172.75,0.5,8,172.5,172.5,172.5,172.5,173.0,173.0,173.0,173.0
5330.0,172.61,1.0,8,173.0,172.56,172.0,172.0,172.33,173.0,173.0,173.0
5335.0,172.73,1.0,8,172.86,172.0,172.5,172.75,172.75,173.0,173.0,173.0
5340.0,172.61,1.0,8,172.86,172.0,172.0,172.33,172.67,173.0,173.0,173.0
5345.0,172.71,0.67,8,172.67,172.67,172.33,172.33,173.0,173.0,173.0,172.67
5350.0,172.65,1.0,8,173.0,172.0,172.67,172.33,172.67,172.5,173.0,173.0
5355.0,172.71,1.0,8,173.0,172.67,172.0,172.75,172.25,173.0,173.0,173.0
5360.0,172.66,1.0,8,172.75,172.67,172.33,172.0,172.5,173.0,173.0,173.0
5365.0,172.73,1.0,8,173.0,172.67,172.67,172.5,172.0,173.0,173.0,173.0
5370.0,172.77,0.67,8,173.0,172.5,172.33,172.5,172.83,173.0,173.0,173.0
5375.0,172.63,1.0,8,173.0,172.0,172.0,172.5,172.8,172.75,173.0,173.0
5380.0,172.61,1.0,8,172.5,172.5,172.22,172.0,172.67,173.0,173.0,173.0
5385.0,172.62,0.75,8,173.0,172.43,172.5,172.25,172.25,172.75,172.75,173.0
5390.0,172.74,1.5,8,173.0,172.75,172.0,172.67,172.33,172.67,173.5,173.0
5395.0,172.77,0.67,8,172.56,172.75,172.5,172.33,173.0,173.0,173.0,173.0
5400.0,172.73,0.75,8,173.0,172.25,172.33,172.75,172.5,173.0,173.0,173.0
5405.0,172.67,1.0,8,172.86,172.5,172.0,172.5,172.75,172.75,173.0,173.0
5410.0,172.69,1.0,8,172.83,172.33,172.0,172.33,173.0,173.0,173.0,173.0
5415.0,172.54,1.0,8,172.67,172.0,172.33,172.33,172.0,173.0,173.0,173.0
5420.0,172.67,1.0,8,173.0,172.5,172.0,172.33,172.5,173.0,173.0,173.0
5425.0,172.75,1.0,8,173.0,172.5,172.5,172.0,173.0,173.0,173.0,173.0
5430.0,172.89,0.57,8,173.0,173.0,172.43,172.67,173.0,173.0,173.0,173.0
5435.0,172.63,0.75,8,172.5,172.33,172.5,172.25,173.0,172.75,173.0,172.67
5440.0,172.71,1.0,8,173.0,172.33,172.33,172.0,173.0,173.0,173.0,173.0
5445.0,172.66,0.75,8,173.0,172.25,172.5,172.33,172.67,172.67,173.0,172.86
5450.0,172.59,1.0,8,172.5,173.0,172.0,172.0,172.25,173.0,173.0,173.0
5455.0,172.5,1.0,8,172.5,172.0,172.0,172.0,172.5,173.0,173.0,173.0
5460.0,172.58,1.0,8,173.0,172.33,172.0,172.5,172.0,172.78,173.0,173.0
5465.0,172.66,1.0,8,172.75,172.67,172.0,172.38,172.5,173.0,173.0,173.0
5470.0,172.75,0.5,8,173.0,172.5,172.5,172.5,172.86,172.67,173.0,173.0
5475.0,172.79,0.75,8,173.0,172.5,172.6,172.25,173.0,173.0,173.0,173.0
5480.0,172.72,1.0,8,173.0,172.4,172.33,172.0,173.0,173.0,173.0,173.0
5485.0,172.71,1.0,8,173.0,173.0,172.0,172.33,172.67,172.67,173.0,173.0
5490.0,172.78,0.8,8,173.0,172.2,172.5,172.5,173.0,173.0,173.0,173.0
5495.0,172.7,0.75,8,172.67,172.67,172.25,172.75,172.25,173.0,173.0,173.0
5500.0,172.54,1.0,8,172.71,172.25,172.0,172.0,172.67,172.67,173.0,173.0
5505.0,172.71,0.75,8,172.86,173.0,172.33,172.25,172.25,173.0,173.0,173.0
5510.0,172.73,0.67,8,172.83,172.33,172.67,172.33,172.67,173.0,173.0,173.0
5515.0,172.65,1.0,8,172.67,172.33,172.33,172.0,173.0,173.0,173.0,172.83
5520.0,172.72,0.75,8,173.0,172.5,172.25,172.5,172.5,173.0,173.0,173.0
5525.0,172.54,1.0,8,172.5,172.0,172.5,172.0,172.5,172.86,173.0,173.0
5530.0,172.56,1.0,8,173.0,172.0,172.0,172.0,172.5,173.0,173.0,173.0
5535.0,172.53,1.0,8,172.5,172.5,172.0,172.0,172.25,173.0,173.0,173.0
5540.0,172.66,1.0,8,173.0,172.11,172.0,172.67,172.5,173.0,173.0,173.0
5545.0,172.69,0.67,8,173.0,172.33,172.33,172.33,172.5,173.0,173.0,173.0
5550.0,172.76,1.0,8,173.0,172.75,172.0,172.33,173.0,173.0,173.0,173.0
5555.0,172.58,1.0,8,172.67,173.0,172.0,172.0,172.5,172.83,173.0,172.67
5560.0,172.62,1.0,8,172.67,172.67,172.0,172.4,172.25,173.0,173.0,173.0
5565.0,172.55,1.0,8,173.0,172.0,172.0,172.38,173.0,172.5,172.75,172.75
5570.0,172.72,1.33,8,173.0,172.5,172.0,172.5,172.75,172.67,173.33,173.0
5575.0,172.6,1.0,8,172.5,172.5,172.0,172.14,173.0,173.0,173.0,172.67
5580.0,172.68,0.57,8,172.5,172.43,172.5,172.5,172.75,172.75,173.0,173.0
5585.0,172.73,0.5,8,172.5,172.5,172.67,172.67,172.5,173.0,173.0,173.0
5590.0,172.75,1.0,8,173.0,172.67,172.0,172.33,173.0,173.0,173.0,173.0
5595.0,172.78,0.75,8,173.0,172.75,172.25,172.25,173.0,173.0,173.0,173.0
5600.0,172.81,0.67,8,173.0,172.67,172.33,173.0,172.5,173.0,173.0,173.0
5605.0,172.58,1.0,8,172.33,172.33,172.0,172.0,173.0,173.0,173.0,173.0
5610.0,172.72,1.0,8,172.75,173.0,172.0,172.5,172.75,172.75,173.0,173.0
5615.0,172.7,1.0,8,172.67,172.5,172.0,173.0,172.4,173.0,173.0,173.0
5620.0,172.62,1.0,8,172.67,172.33,172.0,172.2,172.75,173.0,173.0,173.0
5625.0,172.72,0.8,8,172.75,173.0,173.0,172.2,172.5,172.33,173.0,173.0
5630.0,172.81,0.67,8,173.0,173.0,172.5,172.33,172.67,173.0,173.0,173.0
5635.0,172.65,1.0,8,173.0,172.2,172.0,172.33,172.67,173.0,173.0,173.0
5640.0,172.64,0.67,8,173.0,172.33,172.33,172.33,172.5,173.0,173.0,172.6
5645.0,172.62,1.0,8,173.0,172.5,172.0,172.5,172.0,173.0,173.0,173.0
5650.0,172.75,1.0,8,173.0,173.0,172.0,172.33,172.67,173.0,173.0,173.0
5655.0,172.78,1.0,8,173.0,173.0,172.0,172.6,172.67,173.0,173.0,173.0
5660.0,172.46,1.0,8,172.5,172.0,172.17,172.0,172.33,172.67,173.0,173.0
5665.0,172.58,1.0,8,172.88,172.5,172.0,172.25,172.5,172.5,173.0,173.0
5670.0,172.64,1.0,8,172.75,172.33,172.0,172.5,172.75,172.75,173.0,173.0
5675.0,172.7,1.0,8,173.0,172.57,172.0,172.33,172.67,173.0,173.0,173.0
5680.0,172.77,0.67,8,172.5,172.67,172.33,172.67,173.0,173.0,173.0,173.0
5685.0,172.69,0.75,8,173.0,172.75,172.25,172.33,172.5,173.0,172.67,173.0
5690.0,172.58,1.0,8,172.0,172.67,172.5,172.0,173.0,172.5,173.0,173.0
5695.0,172.68,1.0,8,173.0,172.67,172.0,172.0,172.8,173.0,173.0,173.0
5700.0,172.52,1.0,8,172.75,172.0,172.0,172.0,172.71,172.67,173.0,173.0
5705.0,172.72,0.75,8,172.75,172.5,172.25,172.5,172.75,173.0,173.0,173.0
5710.0,172.54,1.0,8,172.67,172.5,172.0,172.5,172.0,173.0,172.67,173.0
5715.0,172.56,1.0,8,172.67,172.67,172.0,172.14,172.5,172.5,173.0,173.0
5720.0,172.59,1.25,8,172.75,172.5,172.0,172.14,172.5,172.6,173.0,173.25
5725.0,172.65,1.0,8,173.0,172.5,172.0,172.0,173.0,172.67,173.0,173.0
5730.0,172.77,1.0,8,173.0,173.0,172.17,172.0,173.0,173.0,173.0,173.0
5735.0,172.55,1.0,8,173.0,172.4,172.0,172.0,172.5,172.5,173.0,173.0
5740.0,172.79,1.0,8,173.0,173.0,172.33,172.0,173.0,173.0,173.0,173.0
5745.0,172.69,0.75,8,172.75,172.75,172.25,172.75,172.5,172.5,173.0,173.0
5750.0,172.41,1.0,8,173.0,172.0,172.0,172.0,172.0,172.5,172.8,173.0
5755.0,172.56,1.0,8,172.5,172.25,172.0,172.25,172.5,173.0,173.0,173.0
5760.0,172.56,1.0,8,172.67,172.33,172.0,172.5,172.5,172.5,173.0,173.0
5765.0,172.63,1.0,8,172.67,172.33,172.0,172.5,172.86,173.0,173.0,172.67
5770.0,172.68,1.0,8,173.0,172.67,172.0,172.5,172.57,173.0,173.0,172.67
5775.0,172.49,1.0,8,172.5,172.25,172.0,172.2,172.33,172.67,173.0,173.0
5780.0,172.59,1.0,8,172.67,172.33,172.0,172.0,172.75,173.0,173.0,173.0
5785.0,172.47,1.0,8,172.67,172.0,172.0,172.0,172.43,173.0,173.0,172.67
5790.0,172.54,1.0,8,173.0,172.0,172.5,172.2,172.33,172.5,172.75,173.0
5795.0,172.48,1.0,8,172.5,172.0,172.0,172.14,173.0,172.67,173.0,172.5
5800.0,172.6,1.0,8,173.0,172.12,172.0,172.33,172.33,173.0,173.0,173.0
5805.0,172.52,1.0,8,172.67,172.0,172.0,172.25,172.25,173.0,173.0,173.0
5810.0,172.69,1.0,8,173.0,172.33,172.67,172.0,172.5,173.0,173.0,173.0
5815.0,172.65,1.0,8,173.0,172.33,172.0,172.0,173.0,172.88,173.0,173.0
5820.0,172.54,1.0,8,173.0,172.33,172.0,172.0,172.25,172.75,173.0,173.0
5825.0,172.62,1.0,8,172.75,172.25,172.33,172.6,172.0,173.0,173.0,173.0
5830.0,172.54,1.0,8,172.5,173.0,172.0,172.0,172.14,172.67,173.0,173.0
5835.0,172.68,1.0,8,173.0,172.0,172.14,172.33,173.0,173.0,173.0,173.0
5840.0,172.56,1.0,8,173.0,172.2,172.0,172.0,172.5,172.75,173.0,173.0
5845.0,172.66,0.86,8,173.0,172.5,172.14,172.33,172.33,173.0,173.0,173.0
5850.0,172.45,1.0,8,172.29,172.33,172.0,172.0,172.33,172.67,173.0,173.0
5855.0,172.6,1.0,8,172.67,172.33,172.33,172.0,172.5,173.0,173.0,173.0
5860.0,172.55,1.0,8,172.88,172.0,172.0,172.0,172.5,173.0,173.0,173.0
5865.0,172.62,1.0,8,173.0,172.33,172.67,172.0,172.5,172.5,173.0,173.0
5870.0,172.48,1.0,8,173.0,172.0,172.0,172.0,172.0,172.83,173.0,173.0
5875.0,173.89,2.33,8,174.0,173.0,173.67,174.0,173.0,174.0,174.14,175.33
5880.0,237.07,23.67,8,229.67,237.67,236.67,225.33,229.0,249.0,246.75,242.5
5885.0,329.26,27.67,8,329.0,325.25,317.0,315.33,326.0,337.5,341.0,343.0
5890.0,350.82,28.0,8,353.0,348.0,337.0,338.5,344.5,362.6,365.0,358.0
5895.0,350.9,24.5,8,355.33,344.0,339.5,343.5,350.17,350.33,360.33,364.0
5900.0,353.44,31.0,8,363.0,348.0,336.0,339.67,350.33,358.0,365.5,367.0
5905.0,350.95,26.33,8,357.0,348.75,336.33,342.0,345.33,362.67,358.0,357.5
5910.0,348.55,24.83,8,349.6,342.33,335.67,338.0,349.33,355.0,360.5,358.0
5915.0,348.15,26.2,8,354.0,344.33,333.0,339.0,344.5,352.5,359.2,358.67
5920.0,347.67,26.75,8,351.5,343.25,333.25,334.0,341.0,360.0,359.33,359.0
5925.0,346.42,26.0,8,349.0,341.33,332.33,335.0,341.67,356.0,358.33,357.67
5930.0,346.73,24.5,8,349.0,342.0,335.5,334.0,343.5,353.0,358.5,358.33
5935.0,347.12,25.0,8,352.25,341.0,334.0,339.12,346.0,349.33,359.0,356.25
5940.0,347.9,23.0,8,350.33,344.5,336.0,336.0,343.4,355.33,358.67,359.0
5945.0,347.38,23.5,8,352.5,340.5,335.5,337.83,341.67,355.33,356.67,359.0
5950.0,346.62,23.67,8,352.5,341.17,334.33,334.5,343.25,351.25,358.0,358.0
5955.0,346.99,28.93,8,351.0,341.0,331.4,338.0,342.33,356.33,360.33,355.5
5960.0,347.23,26.83,8,352.5,339.86,332.67,334.0,344.33,356.33,358.67,359.5
5965.0,346.46,25.92,8,346.5,343.25,333.75,334.25,342.75,354.5,359.67,357.0
5970.0,346.74,29.0,8,346.57,341.67,333.0,337.0,342.25,353.75,362.0,357.67
5975.0,347.14,27.0,8,353.0,339.25,333.0,337.0,344.33,353.0,360.0,357.5
5980.0,347.23,27.17,8,352.0,342.33,332.33,336.67,342.5,355.0,359.5,357.5
5985.0,348.73,26.9,8,354.0,343.25,334.5,336.0,343.0,361.4,360.0,357.67
5990.0,346.55,24.5,8,351.67,340.33,334.0,336.33,340.33,354.5,358.5,356.75
5995.0,346.47,24.58,8,353.0,340.33,333.67,337.33,341.5,350.0,358.25,357.67
6000.0,347.07,29.0,8,350.67,341.67,331.0,335.0,341.5,357.75,359.0,360.0
6005.0,346.14,25.0,8,349.0,343.0,332.0,333.5,342.5,355.75,357.0,356.33
6010.0,344.53,29.25,8,348.67,339.5,329.0,333.33,340.5,349.75,358.25,357.25
6015.0,345.76,27.5,8,353.0,340.5,330.5,335.29,338.33,354.0,358.0,356.5
6020.0,345.71,24.83,8,348.2,342.33,334.0,332.67,339.33,354.67,357.5,357.0
6025.0,345.35,28.42,8,349.67,344.0,333.25,330.25,338.5,350.5,358.0,358.67
6030.0,344.12,27.0,8,348.0,342.0,331.0,332.0,337.0,348.5,356.5,358.0
6035.0,345.65,27.67,8,349.0,340.33,329.33,333.67,343.5,355.88,356.5,357.0
6040.0,345.37,23.42,8,353.25,339.25,333.0,332.33,340.33,353.67,355.4,355.75
6045.0,345.25,25.5,8,349.0,343.0,332.0,332.0,338.25,353.0,357.5,357.25
6050.0,343.19,25.0,8,346.38,339.67,332.33,331.0,335.67,350.0,356.0,354.5
6055.0,344.39,27.33,8,351.0,340.0,329.33,333.0,341.0,348.5,355.6,356.67
6060.0,345.84,27.29,8,351.5,341.75,333.67,331.0,337.0,358.29,356.5,357.0
6065.0,345.81,28.36,8,350.33,342.33,333.75,329.5,339.67,357.86,357.0,356.0
6070.0,344.08,27.13,8,350.33,339.33,329.67,332.67,337.5,350.0,356.8,356.33
6075.0,344.14,26.5,8,349.33,341.33,331.67,330.0,337.5,351.5,355.25,356.5
6080.0,343.89,29.0,8,351.0,341.5,329.67,328.0,341.22,347.0,355.75,357.0
6085.0,345.31,26.5,8,354.33,341.5,329.5,332.5,341.29,352.0,356.0,355.33
6090.0,344.44,29.29,8,348.5,341.0,328.71,333.0,338.0,352.33,358.0,356.0
6095.0,340.81,29.25,8,342.29,339.0,327.5,325.75,334.25,348.67,355.0,354.0
6100.0,341.12,34.83,8,343.29,336.67,320.67,321.0,343.33,354.0,355.5,354.5
6105.0,343.94,36.33,8,351.0,340.67,323.67,323.67,342.5,360.0,354.5,355.5
6110.0,325.86,43.0,8,330.75,323.5,312.33,306.5,322.0,334.33,349.5,328.0
6115.0,310.8,5.17,8,308.33,310.0,309.0,309.5,313.5,312.38,311.0,312.67
6120.0,333.85,12.0,8,328.0,329.0,334.0,339.6,340.0,336.5,330.33,333.33
6125.0,334.37,10.75,8,329.5,330.0,336.8,336.0,340.25,337.25,332.5,332.67
6130.0,333.54,10.0,8,329.0,329.33,333.56,337.33,339.0,336.0,332.33,331.75
6135.0,333.69,12.0,8,327.67,330.33,334.5,337.0,339.67,334.0,333.0,333.33
6140.0,333.77,10.2,8,330.67,329.0,332.0,334.5,339.2,337.5,334.33,333.0
6145.0,334.01,9.75,8,329.25,331.67,334.4,336.0,339.0,334.5,333.75,333.5
6150.0,334.44,7.83,8,331.67,330.5,333.0,336.0,338.33,337.67,335.33,333.0
6155.0,333.5,10.17,8,330.0,329.5,334.0,337.33,339.67,334.0,332.5,331.0
6160.0,333.61,9.67,8,329.33,330.0,333.25,336.75,339.0,335.33,332.0,333.25
6165.0,333.69,12.0,8,327.0,329.33,332.67,336.67,339.0,336.33,335.5,333.0
6170.0,333.66,11.0,8,332.0,328.0,332.67,336.0,339.0,336.0,333.0,332.6
6175.0,333.95,10.25,8,330.5,328.75,334.5,335.67,338.5,339.0,332.71,332.0
6180.0,333.08,10.0,8,328.0,330.33,331.67,336.25,338.0,336.0,332.43,332.0
6185.0,333.0,13.5,8,328.0,328.67,333.0,335.5,336.0,341.5,329.0,332.33
6190.0,333.03,10.0,8,329.33,329.0,332.0,338.5,339.0,334.71,331.67,330.0
6195.0,332.44,9.58,8,329.5,327.67,332.5,337.25,335.33,332.67,332.33,332.25
6200.0,331.56,9.33,8,327.33,327.0,331.0,334.5,336.33,335.0,329.67,331.67
6205.0,332.27,9.5,8,327.5,330.0,329.0,337.0,337.0,332.67,332.67,332.33
6210.0,332.48,9.67,8,328.33,329.5,332.83,335.0,338.0,333.5,330.67,332.0
6215.0,331.93,12.17,8,328.5,326.5,331.29,336.33,338.67,331.0,332.67,330.5
6220.0,332.15,11.62,8,326.88,327.5,330.33,335.0,338.5,334.0,333.0,332.0
6225.0,332.4,9.75,8,327.25,328.75,331.25,336.33,337.0,333.62,332.0,333.0
6230.0,332.69,10.0,8,329.33,327.67,332.0,337.0,337.67,334.5,330.83,332.5
6235.0,332.42,9.0,8,330.0,329.33,332.33,334.0,338.0,336.0,330.71,329.0
6240.0,332.26,7.25,8,330.0,328.75,331.33,335.5,336.0,333.0,330.5,333.0
6245.0,331.79,7.25,8,329.33,327.75,331.5,335.0,335.0,333.14,330.25,332.33
6250.0,332.56,12.5,8,329.5,325.5,331.67,337.0,335.5,338.0,332.6,330.75
6255.0,332.92,10.33,8,330.67,328.67,329.0,336.5,339.0,332.86,335.0,331.67
6260.0,332.92,10.5,8,330.0,329.0,329.0,337.17,339.5,334.0,332.0,332.67
6265.0,333.63,8.33,8,331.0,330.8,330.67,334.67,339.0,335.75,334.5,332.67
6270.0,332.56,7.67,8,329.0,330.5,332.17,336.67,336.0,334.67,331.0,330.5
6275.0,332.71,10.83,8,327.5,329.0,332.33,336.0,338.33,334.0,333.5,331.0
6280.0,332.81,7.58,8,330.0,329.67,330.5,336.5,337.25,334.33,331.6,332.67
6285.0,333.98,11.33,8,330.0,330.0,332.67,337.0,341.33,338.0,330.5,332.33
6290.0,333.17,6.5,8,329.5,330.33,332.67,334.0,335.0,336.0,333.83,334.0
6295.0,333.17,7.71,8,332.33,329.0,332.5,335.5,336.71,336.67,330.0,332.67
6300.0,334.5,9.83,8,332.5,329.5,332.83,338.0,339.33,337.33,333.5,333.0
6305.0,333.76,6.42,8,331.33,330.25,332.5,336.25,336.67,335.0,334.5,333.57
6310.0,334.97,10.0,8,329.67,331.67,334.0,338.67,339.67,337.0,335.5,333.62
6315.0,335.75,10.5,8,332.0,333.0,334.0,339.5,342.5,338.0,334.5,332.5
6320.0,335.56,8.8,8,335.0,332.0,332.5,337.5,340.8,336.67,336.33,333.67
6325.0,341.21,10.0,8,337.0,336.67,346.33,346.67,345.0,338.0,338.5,341.5
6330.0,360.89,26.22,8,358.0,357.0,369.33,378.0,365.5,351.78,352.5,355.0
6335.0,363.92,27.0,8,361.0,360.33,374.5,381.0,366.5,354.0,354.0,360.0
6340.0,409.74,25.05,8,395.67,415.0,403.0,420.71,414.33,412.5,398.0,418.67
6345.0,582.69,59.0,8,559.0,574.5,573.5,575.0,583.0,594.0,618.0,584.5
6350.0,640.54,66.67,8,645.5,618.25,606.0,632.22,642.33,647.33,672.67,660.0
6355.0,635.45,61.67,8,644.33,606.67,610.0,629.5,640.33,637.75,668.33,646.67
6360.0,639.49,51.83,8,635.0,614.67,623.5,622.0,647.0,646.25,661.0,666.5
6365.0,642.41,50.0,8,651.5,622.33,616.0,640.17,634.75,659.5,666.0,649.0
6370.0,640.38,50.0,8,637.0,615.0,615.5,636.33,639.33,665.0,656.33,658.5
6375.0,637.93,58.43,8,633.0,608.57,619.33,626.5,631.33,655.67,667.0,662.0
6380.0,636.72,58.5,8,632.33,626.67,608.5,625.0,642.0,645.0,667.0,647.25
6385.0,617.4,73.83,8,612.17,586.67,595.67,609.0,618.33,616.33,660.5,640.5
6390.0,606.75,75.33,8,607.0,583.33,576.67,601.5,592.0,622.5,652.0,619.0
6395.0,612.03,56.17,8,607.5,586.5,587.25,601.33,605.0,625.33,642.67,640.67
6400.0,472.55,48.08,8,483.67,455.0,445.25,463.33,473.5,476.0,490.33,493.33
6405.0,363.96,23.83,8,364.33,357.0,352.5,358.0,362.0,369.5,376.33,372.0
6410.0,365.93,22.25,8,366.5,357.5,355.0,357.33,366.75,373.75,377.25,373.33
6415.0,364.75,23.0,8,364.5,355.5,354.0,355.33,368.33,369.33,374.0,377.0
6420.0,361.38,21.33,8,363.0,351.0,350.67,353.33,362.0,367.5,371.5,372.0
6425.0,360.96,20.0,8,362.25,353.75,352.0,351.5,361.5,366.14,369.0,371.5
6430.0,360.53,22.75,8,360.33,350.25,350.33,352.5,363.0,364.83,373.0,370.0
6435.0,360.61,23.0,8,358.5,355.5,349.5,349.0,364.86,364.0,372.0,371.5
6440.0,359.49,23.0,8,355.6,350.33,350.0,351.0,360.5,366.0,373.0,369.5
6445.0,359.25,20.5,8,357.5,349.0,349.67,350.33,363.0,366.0,369.0,369.5
6450.0,358.2,23.0,8,359.0,349.67,347.0,350.0,358.0,365.5,370.0,366.4
6455.0,360.01,22.33,8,358.25,350.75,350.0,349.0,366.1,363.67,371.0,371.33
6460.0,358.58,22.67,8,358.33,349.67,349.33,349.5,359.0,363.14,372.0,367.67
6465.0,359.6,23.0,8,359.5,352.5,349.5,348.0,364.33,363.0,371.0,369.0
6470.0,358.55,22.33,8,355.88,349.0,348.33,351.0,359.25,364.75,370.67,369.5
6475.0,358.75,21.42,8,359.0,348.43,348.33,350.0,360.67,365.33,369.75,368.5
6480.0,359.38,22.8,8,361.33,352.5,348.2,349.67,361.0,364.67,371.0,366.67
6485.0,358.44,23.0,8,359.5,349.0,346.5,350.0,359.33,364.67,369.0,369.5
6490.0,357.07,25.67,8,356.33,347.67,346.33,348.0,359.0,364.67,372.0,362.6
6495.0,357.9,24.33,8,353.88,350.0,345.67,350.0,356.67,367.0,370.0,370.0
6500.0,358.49,27.24,8,356.67,349.0,347.33,349.5,359.0,365.5,374.57,366.33
6505.0,358.5,24.83,8,360.5,350.0,345.5,347.0,364.33,363.0,370.33,367.33
6510.0,358.17,23.67,8,359.0,347.0,348.67,349.25,358.75,364.0,370.67,368.0
6515.0,357.45,22.08,8,356.0,346.67,347.0,349.67,360.67,362.33,368.75,368.5
6520.0,357.33,25.33,8,360.33,346.0,345.33,349.67,358.0,362.0,370.67,366.67
6525.0,357.77,24.5,8,358.5,350.0,348.2,346.5,360.0,362.0,371.0,366.0
6530.0,356.79,20.75,8,356.0,347.8,347.33,347.25,356.67,364.25,368.0,367.0
6535.0,358.14,24.07,8,357.0,350.5,346.6,348.33,360.0,361.67,370.33,370.67
6540.0,357.65,22.5,8,357.5,346.5,348.0,348.67,360.0,363.0,368.5,369.0
6545.0,358.17,26.78,8,359.25,348.67,346.0,348.33,359.33,361.5,372.78,369.5
6550.0,357.96,24.17,8,358.5,351.33,347.5,347.67,358.33,363.0,371.67,365.67
6555.0,355.05,23.83,8,355.33,346.67,344.67,347.75,352.67,362.5,368.5,362.29
6560.0,357.68,26.25,8,356.0,347.67,346.0,349.5,359.5,362.5,372.25,368.0
6565.0,357.86,21.5,8,356.67,348.33,346.5,347.0,365.17,364.0,367.25,368.0
6570.0,357.56,27.33,8,357.0,351.5,342.0,350.0,364.33,362.33,369.33,364.0
6575.0,357.19,22.67,8,354.5,349.5,347.0,347.0,360.33,362.5,369.67,367.0
6580.0,356.38,24.43,8,356.5,344.57,345.25,346.33,359.0,363.75,369.0,366.67
6585.0,357.48,22.33,8,358.0,346.0,345.67,349.67,360.67,365.33,366.5,368.0
6590.0,356.02,22.17,8,357.5,346.67,345.33,346.5,356.5,364.0,367.5,364.12
6595.0,357.11,23.0,8,356.0,347.67,345.0,346.5,362.4,364.33,368.0,367.0
6600.0,358.58,22.0,8,355.75,350.0,348.0,348.33,364.56,362.33,370.0,369.67
6605.0,356.72,24.67,8,357.0,349.5,345.0,348.0,357.5,361.43,369.67,365.67
6610.0,357.56,24.5,8,355.67,349.0,345.5,347.0,362.0,362.0,369.33,370.0
6615.0,356.29,20.83,8,356.5,345.67,347.0,348.33,358.67,362.0,365.67,366.5
6620.0,356.53,24.17,8,356.25,351.33,344.5,347.14,355.67,363.0,368.67,365.67
6625.0,356.52,22.5,8,357.5,347.5,345.5,347.0,359.0,359.67,368.0,368.0
6630.0,355.95,23.5,8,357.0,350.0,344.0,346.75,358.33,362.0,367.5,362.0
6635.0,355.22,20.33,8,352.17,347.67,346.67,346.67,353.0,363.25,367.0,365.33
6640.0,355.57,22.67,8,355.0,345.57,344.33,347.67,359.33,361.0,364.67,367.0
6645.0,355.83,24.17,8,353.83,349.0,343.33,347.5,356.5,362.5,367.5,366.5
6650.0,357.43,22.83,8,358.33,349.0,345.5,347.33,362.57,363.0,368.33,365.33
6655.0,355.06,23.0,8,356.0,346.33,347.0,345.0,353.33,360.8,368.0,364.0
6660.0,356.27,25.83,8,356.67,346.67,345.0,346.0,356.5,361.5,370.83,367.0
6665.0,356.11,22.0,8,354.0,349.67,344.5,347.0,358.0,363.0,366.25,366.5
6670.0,356.81,24.33,8,356.25,348.67,345.0,345.0,363.88,361.0,369.33,365.33
6675.0,299.82,48.5,8,275.0,282.5,301.0,297.75,323.5,317.67,319.67,281.5
6680.0,204.23,14.83,8,209.67,202.4,203.0,204.5,195.67,210.5,205.75,202.33
6685.0,174.18,4.67,8,172.0,173.5,173.29,173.67,174.0,176.67,175.0,175.33
6690.0,167.5,1.5,8,167.5,167.0,167.0,167.0,167.33,167.67,168.5,168.0
6695.0,164.91,1.0,8,164.75,164.67,164.5,164.5,164.67,165.33,165.5,165.38
6700.0,163.56,0.75,8,163.44,163.33,163.33,163.25,163.33,163.75,164.0,164.0
6705.0,162.82,0.67,8,163.0,162.57,162.67,162.33,163.0,163.0,163.0,163.0
6710.0,162.44,1.0,8,162.17,162.0,162.33,162.0,162.5,163.0,162.5,163.0
6715.0,161.95,0.25,8,162.0,162.0,161.75,162.0,161.86,162.0,162.0,162.0
6720.0,161.96,0.33,8,162.0,162.0,162.0,161.67,162.0,162.0,162.0,162.0
6725.0,161.75,0.67,8,161.67,162.0,161.67,161.33,161.33,162.0,162.0,162.0
6730.0,161.66,0.67,8,162.0,161.5,161.33,161.33,161.33,162.0,161.8,162.0
6735.0,161.52,1.0,8,161.67,161.5,161.25,161.33,161.0,162.0,161.5,161.89
6740.0,161.49,0.55,8,161.67,161.33,161.33,161.33,161.25,161.5,161.67,161.8
6745.0,161.19,1.0,8,161.0,161.0,161.0,161.0,161.0,161.5,161.0,162.0
6750.0,161.25,0.67,8,161.67,161.0,161.17,161.0,161.25,161.0,161.25,161.67
6755.0,161.23,0.67,8,161.67,161.0,161.0,161.0,161.0,161.33,161.33,161.5
6760.0,161.38,1.0,8,161.0,161.5,161.0,161.0,161.5,161.5,161.5,162.0
6765.0,161.2,0.5,8,161.33,161.0,161.0,161.0,161.0,161.5,161.4,161.33
6770.0,161.26,0.75,8,161.5,161.0,161.0,161.0,161.0,161.5,161.75,161.33
6775.0,161.15,0.33,8,161.25,161.0,161.33,161.0,161.0,161.0,161.25,161.33
6780.0,161.1,0.33,8,161.0,161.0,161.0,161.0,161.0,161.14,161.33,161.33
6785.0,161.12,0.67,8,161.0,161.0,161.0,161.0,161.0,161.33,161.67,161.0
6790.0,161.04,0.33,8,161.33,161.0,161.0,161.0,161.0,161.0,161.0,161.0
6795.0,161.12,0.33,8,161.0,161.11,161.0,161.0,161.0,161.33,161.25,161.25
6800.0,161.07,0.33,8,161.25,161.0,161.0,161.0,161.0,161.33,161.0,161.0
6805.0,161.15,0.5,8,161.5,161.0,161.0,161.2,161.0,161.0,161.0,161.5
6810.0,161.11,0.33,8,161.0,161.33,161.0,161.0,161.0,161.25,161.33,161.0
6815.0,161.06,0.33,8,161.0,161.14,161.0,161.0,161.0,161.0,161.33,161.0
6820.0,161.12,0.5,8,161.0,161.0,161.0,161.0,161.0,161.0,161.5,161.5
6825.0,161.08,0.58,8,161.0,161.0,161.0,160.75,161.0,161.2,161.33,161.33
6830.0,161.08,0.33,8,161.33,161.0,161.0,161.0,161.33,161.0,161.0,161.0
6835.0,161.02,0.17,8,161.0,161.0,161.0,161.0,161.0,161.0,161.17,161.0
6840.0,161.03,0.25,8,161.0,161.0,161.0,161.0,161.0,161.0,161.0,161.25
6845.0,161.11,0.33,8,161.25,161.0,161.0,161.0,161.0,161.0,161.33,161.33
6850.0,161.08,0.33,8,161.33,161.0,161.0,161.0,161.0,161.0,161.0,161.33
6855.0,161.04,0.33,8,161.33,161.0,161.0,161.0,161.0,161.0,161.0,161.0
6860.0,161.0,0.0,8,161.0,161.0,161.0,161.0,161.0,161.0,161.0,161.0
6865.0,161.0,0.0,8,161.0,161.0,161.0,161.0,161.0,161.0,161.0,161.0
6870.0,161.06,0.33,8,161.0,161.0,161.0,161.0,161.17,161.0,161.33,161.0
6875.0,161.1,1.0,8,161.5,161.0,161.0,160.67,161.0,161.0,161.67,161.0
6880.0,161.08,0.33,8,161.33,161.0,161.0,161.0,161.0,161.0,161.33,161.0
6885.0,161.08,0.67,8,161.0,161.0,161.0,161.0,161.0,161.0,161.67,161.0
6890.0,161.05,0.25,8,161.14,161.0,161.0,161.0,161.25,161.0,161.0,161.0
6895.0,161.07,0.33,8,161.0,161.0,161.0,161.0,161.0,161.33,161.25,161.0
6900.0,161.07,0.33,8,161.0,161.0,161.0,161.0,161.0,161.0,161.25,161.33
6905.0,161.21,1.0,8,162.0,161.2,161.0,161.0,161.0,161.0,161.0,161.5
6910.0,161.06,0.33,8,161.0,161.0,161.0,161.0,161.0,161.11,161.33,161.0
6915.0,161.02,0.17,8,161.0,161.0,161.0,161.0,161.0,161.0,161.17,161.0
6920.0,161.04,0.33,8,161.33,161.0,161.0,161.0,161.0,161.0,161.0,161.0
6925.0,161.07,0.33,8,161.0,161.33,161.0,161.0,161.0,161.25,161.0,161.0
6930.0,161.12,0.67,8,161.33,161.0,161.0,161.0,161.0,161.0,161.67,161.0
6935.0,161.12,1.0,8,161.0,161.0,161.0,161.0,161.0,161.0,161.0,162.0
6940.0,161.06,0.25,8,161.0,161.0,161.0,161.0,161.0,161.25,161.25,161.0
6945.0,161.0,0.0,8,161.0,161.0,161.0,161.0,161.0,161.0,161.0,161.0
6950.0,161.0,0.0,8,161.0,161.0,161.0,161.0,161.0,161.0,161.0,161.0
6955.0,161.08,1.17,8,161.0,161.33,161.0,160.5,161.0,161.14,161.0,161.67
6960.0,161.0,0.0,8,161.0,161.0,161.0,161.0,161.0,161.0,161.0,161.0
6965.0,161.06,0.33,8,161.33,161.0,161.0,161.0,161.14,161.0,161.0,161.0
6970.0,161.1,0.5,8,161.0,161.0,161.0,161.0,161.0,161.5,161.33,161.0
6975.0,161.08,0.5,8,161.0,161.0,161.0,161.0,161.0,161.5,161.17,161.0
6980.0,161.06,0.25,8,161.25,161.0,161.0,161.0,161.0,161.0,161.25,161.0
6985.0,161.16,0.67,8,161.25,161.33,161.0,161.0,161.0,161.0,161.67,161.0
6990.0,161.14,0.5,8,161.5,161.0,161.0,161.0,161.0,161.0,161.33,161.25
6995.0,161.04,0.33,8,161.0,161.0,161.0,161.0,161.0,161.0,161.33,161.0
7000.0,161.16,0.67,8,161.33,161.0,161.0,161.0,161.0,161.0,161.25,161.67
7005.0,161.09,0.5,8,161.5,161.0,161.0,161.0,161.0,161.0,161.25,161.0
7010.0,161.08,0.33,8,161.0,161.0,161.0,161.0,161.0,161.33,161.33,161.0
7015.0,161.4,1.0,8,161.33,161.0,161.5,161.0,161.5,161.33,162.0,161.5
7020.0,161.15,0.5,8,161.0,161.0,161.0,161.0,161.33,161.0,161.33,161.5
7025.0,161.17,0.67,8,161.25,161.0,161.0,161.14,161.0,161.33,161.0,161.67
7030.0,161.17,1.0,8,162.0,161.0,161.0,161.0,161.33,161.0,161.0,161.0
7035.0,161.15,0.5,8,161.33,161.5,161.0,161.0,161.0,161.0,161.0,161.33
7040.0,161.1,0.48,8,161.33,161.33,160.86,161.0,161.0,161.0,161.0,161.25
7045.0,161.04,0.33,8,161.0,161.0,161.0,161.0,161.0,161.0,161.0,161.33
7050.0,161.25,1.0,8,161.0,161.0,161.0,161.0,161.0,162.0,161.5,161.5
7055.0,161.16,0.67,8,161.0,161.0,161.0,161.0,161.0,161.33,161.25,161.67
7060.0,161.0,0.0,8,161.0,161.0,161.0,161.0,161.0,161.0,161.0,161.0
7065.0,161.32,0.5,8,161.2,161.33,161.0,161.5,161.5,161.5,161.0,161.5
7070.0,161.23,0.75,8,161.25,161.0,161.0,161.14,161.0,161.67,161.75,161.0
7075.0,161.12,0.33,8,161.33,161.0,161.0,161.0,161.0,161.0,161.33,161.33
7080.0,161.17,0.5,8,161.33,161.0,161.0,161.0,161.0,161.2,161.5,161.33
7085.0,161.18,0.67,8,161.0,161.0,161.17,161.25,161.0,161.0,161.33,161.67
7090.0,161.27,0.67,8,161.5,161.5,161.0,161.0,161.0,161.0,161.5,161.67
7095.0,161.07,0.33,8,161.0,161.25,161.0,161.33,161.0,161.0,161.0,161.0
7100.0,161.4,1.0,8,162.0,161.33,161.0,161.0,161.33,161.25,161.67,161.6
7105.0,161.29,0.67,8,161.5,161.67,161.0,161.0,161.0,161.33,161.5,161.33
7110.0,161.31,1.0,8,161.0,161.0,161.0,161.0,161.0,161.5,162.0,162.0
7115.0,161.21,0.5,8,161.5,161.0,161.0,161.0,161.0,161.33,161.5,161.33
7120.0,161.33,1.0,8,161.33,161.33,161.0,161.0,161.25,161.33,161.4,162.0
7125.0,161.18,0.8,8,161.33,161.33,161.0,161.0,161.0,161.0,161.0,161.8
7130.0,161.21,0.67,8,161.25,161.0,161.0,161.0,161.0,161.25,161.5,161.67
7135.0,161.3,1.0,8,161.5,161.0,161.0,161.0,161.22,161.33,161.33,162.0
7140.0,161.2,0.5,8,161.0,161.0,161.0,161.0,161.5,161.25,161.33,161.5
7145.0,161.15,0.5,8,161.43,161.25,161.0,161.0,161.0,161.0,161.0,161.5
7150.0,161.25,0.67,8,161.0,161.0,161.33,161.0,161.0,161.5,161.67,161.5
7155.0,161.51,0.62,8,161.67,161.5,161.12,161.33,161.33,161.67,161.67,161.75
7160.0,161.45,1.0,8,161.0,161.0,161.43,161.5,161.67,161.0,162.0,162.0
7165.0,161.45,1.0,8,161.5,161.25,161.0,161.0,161.5,161.67,161.71,162.0
7170.0,161.49,1.0,8,161.75,161.33,161.0,161.0,161.33,162.0,161.67,161.83
7175.0,161.54,1.0,8,161.5,161.33,161.5,161.0,162.0,161.5,161.5,162.0
7180.0,161.49,0.71,8,161.5,161.67,161.67,161.0,161.33,161.71,161.33,161.67
7185.0,161.33,0.67,8,161.33,161.33,161.0,161.0,161.0,161.67,161.6,161.67
7190.0,161.45,1.0,8,161.5,161.33,161.0,161.0,161.5,162.0,161.5,161.75
7195.0,161.54,1.0,8,161.75,161.0,161.25,161.33,161.57,161.67,161.75,162.0
7200.0,161.68,0.67,8,161.33,162.0,161.5,161.5,161.67,161.8,161.67,162.0
7205.0,161.6,1.0,8,161.67,161.0,161.33,161.67,161.5,161.67,162.0,162.0
7210.0,161.39,1.0,8,162.0,161.0,161.0,161.5,161.5,161.0,161.5,161.62
7215.0,161.42,0.86,8,161.75,161.0,161.33,161.0,161.0,161.86,161.75,161.67
7220.0,161.51,0.67,8,161.33,161.5,161.33,161.5,161.5,161.57,161.33,162.0
7225.0,161.66,0.5,8,161.5,161.5,162.0,161.5,161.6,162.0,161.67,161.5
7230.0,161.51,1.0,8,161.71,161.0,161.0,161.0,161.33,162.0,162.0,162.0
7235.0,161.49,1.0,8,162.0,161.17,161.0,161.0,162.0,161.67,161.75,161.33
7240.0,161.53,1.0,8,162.0,161.2,161.0,161.0,161.0,162.0,162.0,162.0
7245.0,161.66,0.75,8,161.75,161.67,161.25,161.25,161.33,162.0,162.0,162.0
7250.0,161.51,0.67,8,161.67,161.33,161.5,161.33,161.5,161.33,162.0,161.43
7255.0,161.61,0.75,8,161.71,161.25,161.67,161.67,161.33,161.75,161.5,162.0
7260.0,161.42,1.0,8,161.5,161.5,161.33,161.0,161.0,162.0,161.0,162.0
7265.0,161.66,1.0,8,161.75,161.67,161.0,161.33,161.86,162.0,161.67,162.0
7270.0,161.61,1.0,8,162.0,161.33,161.33,161.5,161.0,161.71,162.0,162.0
7275.0,161.63,1.0,8,162.0,161.5,161.0,161.5,161.4,162.0,161.67,162.0
7280.0,161.84,0.5,8,161.78,161.5,161.75,162.0,161.67,162.0,162.0,162.0
7285.0,161.6,1.0,8,162.0,161.33,161.67,161.67,161.0,161.67,161.5,162.0
7290.0,161.67,1.0,8,162.0,161.71,161.5,161.67,161.0,161.5,162.0,162.0
7295.0,161.66,0.67,8,161.5,161.33,161.75,161.33,161.33,162.0,162.0,162.0
7300.0,161.69,0.67,8,161.67,161.33,161.33,161.5,161.67,162.0,162.0,162.0
7305.0,161.58,1.0,8,161.67,161.0,161.0,162.0,161.5,161.5,162.0,162.0
7310.0,161.72,0.71,8,161.75,161.67,162.0,161.29,161.33,161.75,162.0,162.0
7315.0,161.66,0.67,8,162.0,161.5,161.67,162.0,161.43,161.33,161.67,161.67
7320.0,161.85,0.5,8,162.0,161.5,162.0,161.5,161.83,162.0,162.0,162.0
7325.0,161.71,0.67,8,161.78,161.75,161.5,161.67,161.33,162.0,161.67,162.0
7330.0,161.74,0.67,8,162.0,161.44,161.33,161.67,161.75,162.0,161.75,162.0
7335.0,161.73,0.67,8,162.0,162.0,161.5,161.33,161.67,161.33,162.0,162.0
7340.0,161.77,1.0,8,162.0,162.0,161.5,161.0,161.67,162.0,162.0,162.0
7345.0,161.68,1.0,8,161.75,162.0,161.0,161.25,161.75,161.67,162.0,162.0
7350.0,161.79,0.67,8,162.0,161.33,161.67,162.0,162.0,161.67,162.0,161.67
7355.0,161.82,0.5,8,162.0,161.57,161.5,161.5,162.0,162.0,162.0,162.0
7360.0,161.74,1.0,8,162.0,161.75,161.67,161.0,161.83,161.67,162.0,162.0
7365.0,161.71,1.0,8,162.0,161.0,162.0,161.5,161.2,162.0,162.0,162.0
7370.0,161.93,0.33,8,162.0,162.0,162.0,162.0,161.67,161.75,162.0,162.0
7375.0,161.78,0.67,8,162.0,161.6,162.0,161.33,161.67,161.67,162.0,162.0
7380.0,161.87,0.5,8,162.0,162.0,161.8,162.0,161.67,161.5,162.0,162.0
7385.0,161.83,1.0,8,162.0,162.0,161.67,161.0,162.0,162.0,162.0,162.0
7390.0,161.86,0.67,8,162.0,161.86,161.33,161.67,162.0,162.0,162.0,162.0
7395.0,161.84,0.8,8,162.0,162.0,161.2,162.0,161.5,162.0,162.0,162.0
7400.0,161.92,0.33,8,162.0,162.0,161.67,161.67,162.0,162.0,162.0,162.0
7405.0,161.78,0.75,8,162.0,161.75,161.67,161.25,161.67,162.0,161.89,162.0
7410.0,161.68,0.67,8,161.67,161.33,161.33,161.33,162.0,161.75,162.0,162.0
7415.0,161.9,0.5,8,162.0,161.67,161.5,162.0,162.0,162.0,162.0,162.0
7420.0,161.75,0.57,8,162.0,161.5,161.67,161.43,162.0,161.67,161.75,162.0
7425.0,161.79,0.67,8,162.0,161.75,161.75,161.33,162.0,161.5,162.0,162.0
7430.0,161.6,1.0,8,161.5,161.5,161.0,161.5,161.5,161.83,162.0,162.0
7435.0,161.82,0.67,8,161.71,162.0,162.0,161.5,161.33,162.0,162.0,162.0
7440.0,161.84,0.33,8,162.0,161.71,161.67,161.67,161.67,162.0,162.0,162.0
7445.0,161.88,0.33,8,162.0,161.67,161.71,161.67,162.0,162.0,162.0,162.0
7450.0,161.9,0.5,8,162.0,161.5,162.0,162.0,161.67,162.0,162.0,162.0
7455.0,161.78,0.67,8,162.0,161.71,161.33,161.5,161.67,162.0,162.0,162.0
7460.0,161.94,0.25,8,162.0,162.0,161.75,162.0,162.0,162.0,161.75,162.0
7465.0,161.8,0.6,8,162.0,161.5,161.4,161.5,162.0,162.0,162.0,162.0
7470.0,161.89,0.33,8,162.0,162.0,161.75,161.67,162.0,161.67,162.0,162.0
7475.0,161.88,0.5,8,162.0,162.0,161.5,161.5,162.0,162.0,162.0,162.0
7480.0,161.92,0.33,8,162.0,161.71,162.0,161.67,162.0,162.0,162.0,162.0
7485.0,162.0,0.0,8,162.0,162.0,162.0,162.0,162.0,162.0,162.0,162.0
7490.0,162.0,0.0,8,162.0,162.0,162.0,162.0,162.0,162.0,162.0,162.0
7495.0,161.93,0.33,8,162.0,161.67,162.0,162.0,162.0,161.75,162.0,162.0
7500.0,161.93,0.33,8,162.0,162.0,162.0,162.0,161.75,161.67,162.0,162.0
7505.0,161.92,0.33,8,162.0,162.0,162.0,161.67,162.0,162.0,162.0,161.67
7510.0,161.91,0.33,8,162.0,162.0,161.86,161.67,162.0,162.0,161.75,162.0
7515.0,161.87,0.67,8,162.0,162.0,161.33,161.6,162.0,162.0,162.0,162.0
7520.0,161.94,0.5,8,162.0,162.0,161.5,162.0,162.0,162.0,162.0,162.0
7525.0,161.91,0.5,8,161.78,162.0,161.5,162.0,162.0,162.0,162.0,162.0
7530.0,161.94,0.33,8,162.0,161.89,162.0,162.0,161.67,162.0,162.0,162.0
7535.0,161.94,0.33,8,162.0,162.0,161.86,161.67,162.0,162.0,162.0,162.0
7540.0,161.89,0.5,8,162.0,162.0,161.5,161.6,162.0,162.0,162.0,162.0
7545.0,161.94,0.5,8,162.0,162.0,162.0,161.5,162.0,162.0,162.0,162.0
7550.0,161.92,0.33,8,162.0,162.0,161.67,162.0,161.67,162.0,162.0,162.0
7555.0,161.81,0.5,8,162.0,162.0,161.83,161.67,161.5,161.5,162.0,162.0
7560.0,161.84,0.5,8,162.0,162.0,161.67,161.67,161.5,161.89,162.0,162.0
7565.0,161.92,0.33,8,162.0,162.0,161.67,162.0,161.67,162.0,162.0,162.0
7570.0,161.93,0.33,8,161.67,162.0,161.75,162.0,162.0,162.0,162.0,162.0
7575.0,161.9,0.5,8,162.0,162.0,162.0,161.67,162.0,161.5,162.0,162.0
7580.0,161.81,0.67,8,162.0,162.0,161.33,162.0,161.67,161.5,162.0,162.0
7585.0,161.85,0.5,8,162.0,162.0,161.67,161.5,161.67,162.0,162.0,162.0
7590.0,162.06,0.5,8,162.5,162.0,162.0,162.0,162.0,162.0,162.0,162.0
7595.0,161.92,0.33,8,162.0,161.71,161.67,162.0,162.0,162.0,162.0,162.0
7600.0,161.96,0.33,8,162.0,162.0,162.0,161.67,162.0,162.0,162.0,162.0
7605.0,161.89,0.5,8,162.0,162.0,161.6,161.5,162.0,162.0,162.0,162.0
7610.0,161.88,1.0,8,162.0,162.0,161.0,162.0,162.0,162.0,162.0,162.0
7615.0,161.96,0.33,8,162.0,162.0,162.0,161.67,162.0,162.0,162.0,162.0
7620.0,161.92,0.5,8,161.83,162.0,162.0,162.0,161.5,162.0,162.0,162.0
7625.0,161.75,1.0,8,162.0,162.0,161.0,161.71,161.5,161.75,162.0,162.0
7630.0,161.93,0.33,8,161.67,161.75,162.0,162.0,162.0,162.0,162.0,162.0
7635.0,162.0,0.0,8,162.0,162.0,162.0,162.0,162.0,162.0,162.0,162.0
7640.0,161.96,0.33,8,162.0,162.0,161.67,162.0,162.0,162.0,162.0,162.0
7645.0,161.75,1.0,8,162.0,161.5,161.0,162.0,161.5,162.0,162.0,162.0
7650.0,161.96,0.33,8,162.0,162.0,162.0,161.67,162.0,162.0,162.0,162.0
7655.0,161.93,0.33,8,162.0,161.75,162.0,161.67,162.0,162.0,162.0,162.0
7660.0,161.92,0.33,8,161.67,161.67,162.0,162.0,162.0,162.0,162.0,162.0
7665.0,162.0,0.0,8,162.0,162.0,162.0,162.0,162.0,162.0,162.0,162.0
7670.0,161.92,0.67,8,162.0,162.0,162.0,161.33,162.0,162.0,162.0,162.0
7675.0,161.97,0.2,8,162.0,162.0,161.8,162.0,162.0,162.0,162.0,162.0
7680.0,161.95,0.4,8,162.0,162.0,162.0,161.6,162.0,162.0,162.0,162.0
7685.0,161.96,0.33,8,162.0,162.0,161.67,162.0,162.0,162.0,162.0,162.0
7690.0,161.96,0.33,8,162.0,162.0,162.0,161.67,162.0,162.0,162.0,162.0
7695.0,162.0,0.5,8,162.0,162.0,162.0,162.0,162.0,162.0,161.75,162.25
7700.0,161.94,0.5,8,162.0,162.0,162.0,162.0,162.0,161.5,162.0,162.0
7705.0,161.83,0.5,8,162.0,161.5,161.67,162.0,161.5,162.0,162.0,162.0
7710.0,161.94,0.5,8,162.0,162.0,162.0,161.5,162.0,162.0,162.0,162.0
7715.0,161.94,0.25,8,162.0,162.0,162.0,161.75,161.75,162.0,162.0,162.0
7720.0,161.94,0.5,8,162.0,162.0,162.0,162.0,161.5,162.0,162.0,162.0
7725.0,161.92,0.33,8,161.67,162.0,161.67,162.0,162.0,162.0,162.0,162.0
7730.0,161.93,0.33,8,162.0,162.0,161.75,162.0,162.0,161.67,162.0,162.0
7735.0,161.88,0.5,8,162.0,161.5,162.0,162.0,161.5,162.0,162.0,162.0
7740.0,161.89,0.33,8,162.0,161.67,162.0,162.0,161.67,161.75,162.0,162.0
7745.0,161.94,0.33,8,162.0,162.0,161.86,161.67,162.0,162.0,162.0,162.0
7750.0,161.98,0.14,8,162.0,162.0,162.0,161.86,162.0,162.0,162.0,162.0
7755.0,162.0,0.0,8,162.0,162.0,162.0,162.0,162.0,162.0,162.0,162.0
7760.0,162.0,0.0,8,162.0,162.0,162.0,162.0,162.0,162.0,162.0,162.0
7765.0,161.94,0.5,8,162.0,162.0,162.0,162.0,161.5,162.0,162.0,162.0
7770.0,161.95,0.53,8,162.0,162.0,161.67,162.0,161.75,162.0,162.2,162.0
7775.0,162.0,0.0,8,162.0,162.0,162.0,162.0,162.0,162.0,162.0,162.0
7780.0,161.96,0.33,8,162.0,162.0,161.67,162.0,162.0,162.0,162.0,162.0
7785.0,162.0,0.0,8,162.0,162.0,162.0,162.0,162.0,162.0,162.0,162.0
7790.0,161.96,0.33,8,162.0,162.0,161.67,162.0,162.0,162.0,162.0,162.0
7795.0,161.96,0.64,8,162.0,162.0,161.5,162.0,162.0,162.0,162.0,162.14
7800.0,162.0,0.0,8,162.0,162.0,162.0,162.0,162.0,162.0,162.0,162.0
7805.0,161.93,0.33,8,162.0,162.0,161.75,161.67,162.0,162.0,162.0,162.0
7810.0,162.04,0.33,8,162.0,162.0,162.0,162.0,162.0,162.0,162.0,162.33
7815.0,162.0,0.0,8,162.0,162.0,162.0,162.0,162.0,162.0,162.0,162.0
7820.0,161.98,0.14,8,162.0,162.0,161.86,162.0,162.0,162.0,162.0,162.0
7825.0,162.0,0.0,8,162.0,162.0,162.0,162.0,162.0,162.0,162.0,162.0
7830.0,161.94,0.5,8,162.0,162.0,162.0,162.0,161.5,162.0,162.0,162.0
7835.0,161.97,0.25,8,162.0,161.75,162.0,162.0,162.0,162.0,162.0,162.0
7840.0,161.93,0.33,8,162.0,162.0,161.67,162.0,161.75,162.0,162.0,162.0
7845.0,161.96,0.33,8,162.0,162.0,161.67,162.0,162.0,162.0,162.0,162.0
7850.0,162.0,1.0,8,162.0,162.0,162.0,161.5,162.0,162.0,162.0,162.5
7855.0,162.0,0.0,8,162.0,162.0,162.0,162.0,162.0,162.0,162.0,162.0
7860.0,162.0,0.0,8,162.0,162.0,162.0,162.0,162.0,162.0,162.0,162.0
7865.0,162.0,0.0,8,162.0,162.0,162.0,162.0,162.0,162.0,162.0,162.0
7870.0,161.96,0.33,8,162.0,161.67,162.0,162.0,162.0,162.0,162.0,162.0
7875.0,162.0,0.0,8,162.0,162.0,162.0,162.0,162.0,162.0,162.0,162.0
7880.0,162.03,0.25,8,162.0,162.0,162.0,162.0,162.0,162.0,162.0,162.25
7885.0,162.0,0.0,8,162.0,162.0,162.0,162.0,162.0,162.0,162.0,162.0
7890.0,161.94,0.25,8,162.0,161.75,162.0,161.75,162.0,162.0,162.0,162.0
7895.0,162.0,0.0,8,162.0,162.0,162.0,162.0,162.0,162.0,162.0,162.0
7900.0,162.0,1.0,8,162.0,162.0,162.0,162.0,161.5,162.5,162.0,162.0
7905.0,161.96,0.33,8,162.0,161.67,162.0,162.0,162.0,162.0,162.0,162.0
7910.0,161.97,0.25,8,162.0,162.0,162.0,161.75,162.0,162.0,162.0,162.0
7915.0,162.0,0.0,8,162.0,162.0,162.0,162.0,162.0,162.0,162.0,162.0
7920.0,162.04,0.33,8,162.0,162.0,162.0,162.0,162.0,162.0,162.33,162.0
7925.0,162.0,0.0,8,162.0,162.0,162.0,162.0,162.0,162.0,162.0,162.0
7930.0,162.0,0.0,8,162.0,162.0,162.0,162.0,162.0,162.0,162.0,162.0
7935.0,162.0,0.0,8,162.0,162.0,162.0,162.0,162.0,162.0,162.0,162.0
7940.0,162.0,0.0,8,162.0,162.0,162.0,162.0,162.0,162.0,162.0,162.0
7945.0,161.91,0.5,8,161.8,162.0,161.5,162.0,162.0,162.0,162.0,162.0
7950.0,162.0,0.0,8,162.0,162.0,162.0,162.0,162.0,162.0,162.0,162.0
7955.0,162.0,0.0,8,162.0,162.0,162.0,162.0,162.0,162.0,162.0,162.0
7960.0,162.12,0.5,8,162.5,162.0,162.0,162.0,162.0,162.0,162.5,162.0
7965.0,162.0,0.0,8,162.0,162.0,162.0,162.0,162.0,162.0,162.0,162.0
7970.0,162.01,0.58,8,162.0,162.0,162.0,161.75,162.0,162.0,162.33,162.0
7975.0,162.0,0.0,8,162.0,162.0,162.0,162.0,162.0,162.0,162.0,162.0
7980.0,162.0,0.0,8,162.0,162.0,162.0,162.0,162.0,162.0,162.0,162.0
7985.0,161.88,0.5,8,162.0,162.0,162.0,161.5,162.0,161.5,162.0,162.0
7990.0,161.96,0.33,8,162.0,162.0,162.0,162.0,161.67,162.0,162.0,162.0
7995.0,161.94,0.5,8,162.0,162.0,162.0,161.5,162.0,162.0,162.0,162.0
8000.0,162.0,0.0,8,162.0,162.0,162.0,162.0,162.0,162.0,162.0,162.0
8005.0,161.92,0.33,8,162.0,161.67,161.67,162.0,162.0,162.0,162.0,162.0
8010.0,162.0,0.0,8,162.0,162.0,162.0,162.0,162.0,162.0,162.0,162.0
8015.0,161.96,0.33,8,162.0,162.0,161.67,162.0,162.0,162.0,162.0,162.0
8020.0,161.88,0.5,8,162.0,162.0,162.0,161.5,162.0,162.0,161.5,162.0
8025.0,161.93,0.33,8,161.75,162.0,161.67,162.0,162.0,162.0,162.0,162.0
8030.0,161.93,0.33,8,162.0,162.0,162.0,161.75,161.67,162.0,162.0,162.0
8035.0,162.0,0.0,8,162.0,162.0,162.0,162.0,162.0,162.0,162.0,162.0
8040.0,161.98,0.14,8,162.0,162.0,161.86,162.0,162.0,162.0,162.0,162.0
8045.0,161.92,0.33,8,162.0,162.0,161.67,161.67,162.0,162.0,162.0,162.0
8050.0,162.04,0.7,8,162.0,162.0,162.0,162.0,161.8,162.0,162.0,162.5
8055.0,162.0,0.0,8,162.0,162.0,162.0,162.0,162.0,162.0,162.0,162.0
8060.0,161.94,0.25,8,162.0,162.0,162.0,161.75,162.0,161.75,162.0,162.0
8065.0,161.94,0.5,8,162.0,162.0,162.0,162.0,162.0,162.0,161.5,162.0
8070.0,162.0,0.0,8,162.0,162.0,162.0,162.0,162.0,162.0,162.0,162.0
8075.0,162.0,0.0,8,162.0,162.0,162.0,162.0,162.0,162.0,162.0,162.0
8080.0,162.0,0.0,8,162.0,162.0,162.0,162.0,162.0,162.0,162.0,162.0
8085.0,161.96,0.33,8,162.0,162.0,162.0,161.67,162.0,162.0,162.0,162.0
8090.0,161.94,0.5,8,162.0,162.0,161.5,162.0,162.0,162.0,162.0,162.0
8095.0,162.0,0.0,8,162.0,162.0,162.0,162.0,162.0,162.0,162.0,162.0
8100.0,162.0,0.0,8,162.0,162.0,162.0,162.0,162.0,162.0,162.0,162.0
8105.0,162.0,0.0,8,162.0,162.0,162.0,162.0,162.0,162.0,162.0,162.0
8110.0,162.0,0.0,8,162.0,162.0,162.0,162.0,162.0,162.0,162.0,162.0
8115.0,162.06,0.5,8,162.0,162.0,162.0,162.0,162.0,162.0,162.5,162.0
8120.0,161.97,0.22,8,162.0,162.0,162.0,161.78,162.0,162.0,162.0,162.0
8125.0,162.0,0.0,8,162.0,162.0,162.0,162.0,162.0,162.0,162.0,162.0
8130.0,161.94,0.5,8,162.0,162.0,162.0,161.5,162.0,162.0,162.0,162.0
8135.0,161.99,0.39,8,162.14,162.0,162.0,161.75,162.0,162.0,162.0,162.0
8140.0,162.0,0.0,8,162.0,162.0,162.0,162.0,162.0,162.0,162.0,162.0
8145.0,162.0,0.0,8,162.0,162.0,162.0,162.0,162.0,162.0,162.0,162.0
8150.0,161.96,0.33,8,162.0,162.0,162.0,161.67,162.0,162.0,162.0,162.0
8155.0,161.97,0.25,8,162.0,162.0,161.75,162.0,162.0,162.0,162.0,162.0
8160.0,161.94,0.5,8,162.0,162.0,161.5,162.0,162.0,162.0,162.0,162.0
8165.0,162.0,0.0,8,162.0,162.0,162.0,162.0,162.0,162.0,162.0,162.0
8170.0,162.09,0.75,8,162.0,162.0,162.0,162.0,162.0,162.0,162.0,162.75
8175.0,162.06,0.5,8,162.0,162.0,162.0,162.0,162.0,162.0,162.0,162.5
8180.0,162.14,0.5,8,162.25,162.0,162.0,162.0,162.0,162.0,162.5,162.33
8185.0,162.0,0.0,8,162.0,162.0,162.0,162.0,162.0,162.0,162.0,162.0
8190.0,162.12,0.67,8,162.0,162.0,162.0,162.0,162.0,162.0,162.67,162.33
8195.0,162.03,0.25,8,162.0,162.0,162.0,162.0,162.0,162.0,162.0,162.25
8200.0,162.08,0.33,8,162.33,162.0,162.0,162.0,162.0,162.0,162.33,162.0
8205.0,162.0,0.0,8,162.0,162.0,162.0,162.0,162.0,162.0,162.0,162.0
8210.0,162.0,0.0,8,162.0,162.0,162.0,162.0,162.0,162.0,162.0,162.0
8215.0,162.02,0.17,8,162.17,162.0,162.0,162.0,162.0,162.0,162.0,162.0
8220.0,162.12,0.5,8,162.5,162.0,162.0,162.0,162.0,162.5,162.0,162.0
8225.0,162.03,0.67,8,162.25,162.33,162.0,162.0,161.67,162.0,162.0,162.0
8230.0,162.08,0.33,8,162.0,162.0,162.0,162.0,162.0,162.33,162.33,162.0
8235.0,162.09,0.5,8,162.0,162.0,162.0,162.0,162.0,162.0,162.5,162.25
8240.0,162.08,0.33,8,162.0,162.0,162.0,162.0,162.0,162.0,162.33,162.33
8245.0,162.28,1.0,8,162.67,162.0,162.0,162.0,162.33,162.25,162.0,163.0
8250.0,162.25,0.67,8,162.33,162.0,162.0,162.0,162.33,162.33,162.33,162.67
8255.0,162.3,0.75,8,162.25,162.0,162.33,162.0,162.0,162.33,162.75,162.75
8260.0,162.19,1.0,8,162.5,162.0,162.0,162.0,162.0,162.0,162.0,163.0
8265.0,162.51,1.0,8,162.33,162.33,162.0,162.25,162.5,163.0,162.67,163.0
8270.0,162.49,1.0,8,162.43,162.0,162.0,162.5,162.5,162.5,163.0,163.0
8275.0,162.63,0.78,8,162.33,162.5,162.22,162.5,163.0,162.5,163.0,163.0
8280.0,162.65,1.0,8,163.0,162.0,162.67,162.43,162.67,162.67,162.75,163.0
8285.0,162.74,0.67,8,163.0,162.5,162.75,162.33,162.67,163.0,162.67,163.0
8290.0,162.98,0.17,8,163.0,163.0,163.0,163.0,163.0,162.83,163.0,163.0
8295.0,162.83,0.5,8,162.5,162.67,162.75,162.75,163.0,163.0,163.0,163.0
8300.0,162.93,0.33,8,163.0,162.67,163.0,163.0,163.0,162.75,163.0,163.0
8305.0,163.0,0.0,8,163.0,163.0,163.0,163.0,163.0,163.0,163.0,163.0
8310.0,163.02,0.17,8,163.0,163.0,163.0,163.0,163.17,163.0,163.0,163.0
8315.0,163.07,0.33,8,163.0,163.0,163.0,163.0,163.0,163.33,163.0,163.2
8320.0,163.0,0.0,8,163.0,163.0,163.0,163.0,163.0,163.0,163.0,163.0
8325.0,163.11,0.33,8,163.0,163.0,163.0,163.0,163.0,163.25,163.33,163.33
