delay_us,mean,spread,ntags,p0,p1,p2,p3,p4,p5,p6,p7
0.0,160.81,0.5,8,161.0,161.0,160.5,160.5,160.5,161.0,161.0,161.0
5.0,160.82,0.67,8,161.0,160.89,160.67,160.67,160.33,161.0,161.0,161.0
10.0,160.79,0.5,8,160.5,161.0,160.67,160.75,160.75,161.0,160.67,161.0
15.0,160.83,0.5,8,161.0,160.67,160.5,160.5,161.0,161.0,161.0,161.0
20.0,160.96,0.33,8,161.0,161.0,161.0,161.0,160.67,161.0,161.0,161.0
25.0,160.79,1.0,8,161.0,160.5,161.0,160.8,161.0,160.0,161.0,161.0
30.0,160.91,0.5,8,160.5,161.0,161.0,161.0,160.8,161.0,161.0,161.0
35.0,160.88,0.5,8,160.5,161.0,161.0,161.0,160.5,161.0,161.0,161.0
40.0,160.79,0.5,8,160.67,160.67,160.75,160.75,160.5,161.0,161.0,161.0
45.0,160.9,0.5,8,160.67,161.0,160.5,161.0,161.0,161.0,161.0,161.0
50.0,160.91,0.33,8,161.0,160.88,160.67,161.0,160.75,161.0,161.0,161.0
55.0,160.9,0.33,8,161.0,160.71,160.8,161.0,161.0,160.67,161.0,161.0
60.0,160.94,0.5,8,161.0,161.0,160.5,161.0,161.0,161.0,161.0,161.0
65.0,160.76,1.0,8,161.0,160.9,160.75,160.75,160.0,160.67,161.0,161.0
70.0,160.9,0.67,8,161.0,161.0,160.83,160.33,161.0,161.0,161.0,161.0
75.0,160.92,0.33,8,161.0,161.0,160.67,160.67,161.0,161.0,161.0,161.0
80.0,160.83,0.5,8,160.67,161.0,161.0,160.67,160.8,160.5,161.0,161.0
85.0,160.94,0.5,8,161.0,161.0,160.5,161.0,161.0,161.0,161.0,161.0
90.0,160.88,0.25,8,160.75,160.75,161.0,160.75,160.75,161.0,161.0,161.0
95.0,160.94,0.33,8,160.88,161.0,161.0,160.67,161.0,161.0,161.0,161.0
100.0,160.85,0.67,8,161.0,161.0,161.0,160.33,161.0,161.0,161.0,160.5
105.0,160.89,0.67,8,161.0,160.75,161.0,160.33,161.0,161.0,161.0,161.0
110.0,160.86,0.5,8,161.0,160.75,160.75,160.5,161.0,160.86,161.0,161.0
115.0,160.81,0.5,8,161.0,161.0,160.5,160.5,160.5,161.0,161.0,161.0
120.0,160.76,0.5,8,161.0,160.62,160.5,160.75,160.5,160.67,161.0,161.0
125.0,160.84,0.5,8,161.0,160.75,161.0,160.5,161.0,161.0,160.5,161.0
130.0,160.77,1.0,8,161.0,160.67,160.5,161.0,161.0,160.0,161.0,161.0
135.0,160.88,0.5,8,161.0,161.0,160.5,161.0,160.5,161.0,161.0,161.0
140.0,160.96,0.33,8,161.0,161.0,160.67,161.0,161.0,161.0,161.0,161.0
145.0,160.88,0.33,8,161.0,160.67,161.0,160.83,161.0,161.0,160.75,160.75
150.0,160.85,1.0,8,161.0,161.0,160.0,160.8,161.0,161.0,161.0,161.0
155.0,161.0,0.0,8,161.0,161.0,161.0,161.0,161.0,161.0,161.0,161.0
160.0,160.94,0.5,8,161.0,161.0,161.0,161.0,161.0,161.0,161.0,160.5
165.0,160.75,0.75,8,161.0,160.75,160.5,160.25,161.0,160.5,161.0,161.0
170.0,160.72,0.5,8,161.0,161.0,160.5,160.5,160.5,160.5,160.8,161.0
175.0,160.81,0.5,8,161.0,160.67,160.67,160.67,160.5,161.0,161.0,161.0
180.0,160.93,0.33,8,161.0,160.67,161.0,161.0,161.0,160.75,161.0,161.0
185.0,160.8,0.5,8,161.0,161.0,160.56,160.67,160.67,160.5,161.0,161.0
190.0,160.69,1.0,8,160.5,161.0,160.0,160.67,160.33,161.0,161.0,161.0
195.0,160.88,0.5,8,160.75,160.75,160.5,161.0,161.0,161.0,161.0,161.0
200.0,160.88,0.5,8,161.0,161.0,161.0,160.5,160.5,161.0,161.0,161.0
205.0,160.76,0.5,8,161.0,160.67,160.5,160.5,160.75,161.0,161.0,160.67
210.0,160.91,0.33,8,161.0,160.89,161.0,160.67,161.0,160.75,161.0,161.0
215.0,160.68,1.0,8,160.5,161.0,160.4,160.5,161.0,160.0,161.0,161.0
220.0,160.92,0.33,8,161.0,161.0,160.67,160.67,161.0,161.0,161.0,161.0
225.0,160.88,1.0,8,161.0,161.0,161.0,161.0,160.0,161.0,161.0,161.0
230.0,160.62,1.0,8,160.75,160.75,160.67,160.67,161.0,160.0,160.88,160.25
235.0,160.76,0.75,8,161.0,160.33,160.75,160.75,160.25,161.0,161.0,161.0
240.0,160.7,1.0,8,161.0,161.0,161.0,160.5,160.0,160.5,161.0,160.6
245.0,160.73,0.67,8,161.0,161.0,160.33,160.5,160.67,160.67,160.67,161.0
250.0,160.66,0.6,8,161.0,160.5,160.4,160.75,160.5,160.5,161.0,160.67
255.0,160.65,0.5,8,160.5,160.5,160.67,161.0,160.5,160.5,161.0,160.5
260.0,160.75,0.5,8,161.0,160.5,160.5,160.67,160.67,160.67,161.0,161.0
265.0,160.69,0.62,8,161.0,160.5,160.5,160.38,160.5,161.0,161.0,160.67
270.0,160.75,1.0,8,161.0,161.0,160.0,160.5,161.0,161.0,161.0,160.5
275.0,160.82,0.5,8,161.0,160.75,160.75,160.5,161.0,161.0,160.88,160.67
280.0,160.75,0.5,8,160.5,160.5,160.5,160.5,161.0,161.0,161.0,161.0
285.0,160.71,1.0,8,160.67,161.0,160.0,160.75,160.5,160.75,161.0,161.0
290.0,160.65,1.0,8,160.67,160.5,160.5,160.0,160.5,161.0,161.0,161.0
295.0,160.77,1.0,8,161.0,160.71,160.67,161.0,160.0,160.75,161.0,161.0
300.0,160.54,1.0,8,161.0,160.0,160.33,160.0,160.5,160.5,161.0,161.0
305.0,160.94,0.5,8,161.0,161.0,160.5,161.0,161.0,161.0,161.0,161.0
310.0,160.72,0.5,8,161.0,161.0,160.5,160.75,160.5,160.5,160.5,161.0
315.0,160.7,0.5,8,160.75,160.75,160.5,160.5,160.67,161.0,160.67,160.75
320.0,160.76,0.5,8,160.5,161.0,161.0,160.5,160.6,161.0,161.0,160.5
325.0,160.65,0.75,8,161.0,161.0,160.25,160.75,160.5,160.71,160.67,160.33
330.0,160.75,0.5,8,160.5,161.0,160.5,161.0,160.5,160.5,161.0,161.0
335.0,160.84,0.5,8,161.0,160.75,160.75,160.75,161.0,160.5,161.0,161.0
340.0,160.75,1.0,8,160.5,160.0,160.5,161.0,161.0,161.0,161.0,161.0
345.0,160.52,1.0,8,160.67,160.0,161.0,161.0,160.0,160.0,160.5,161.0
350.0,160.75,0.67,8,161.0,160.5,160.33,160.67,160.75,160.75,161.0,161.0
355.0,160.65,0.8,8,160.5,160.2,161.0,160.5,161.0,160.5,160.5,161.0
360.0,160.61,0.67,8,160.5,161.0,160.33,161.0,160.33,160.5,160.75,160.5
365.0,160.38,1.0,8,161.0,160.0,160.0,160.0,161.0,160.0,160.5,160.5
370.0,160.42,1.0,8,161.0,160.0,160.0,160.33,160.0,160.5,160.75,160.75
375.0,160.5,1.0,8,160.5,160.5,160.5,160.5,160.0,160.5,160.5,161.0
380.0,160.7,0.75,8,161.0,160.25,161.0,160.5,160.5,160.67,160.67,161.0
385.0,160.7,0.5,8,161.0,160.5,160.5,160.5,160.6,160.5,161.0,161.0
390.0,160.66,1.0,8,160.0,160.75,160.5,160.5,160.5,161.0,161.0,161.0
395.0,160.72,1.0,8,160.0,160.5,160.5,161.0,161.0,160.75,161.0,161.0
400.0,160.54,0.75,8,161.0,160.5,160.25,160.5,160.5,160.5,160.71,160.33
405.0,160.34,0.75,8,160.5,160.0,160.0,160.5,160.0,160.5,160.5,160.75
410.0,160.47,1.0,8,160.4,160.0,160.0,160.33,161.0,160.25,160.75,161.0
415.0,160.49,1.0,8,160.5,160.17,160.5,160.33,160.67,160.0,161.0,160.75
420.0,160.39,0.5,8,160.5,160.0,160.5,160.25,160.33,160.5,160.5,160.5
425.0,160.39,0.78,8,160.25,160.67,160.0,160.0,160.0,160.67,160.78,160.75
430.0,160.39,0.75,8,160.75,160.0,160.5,160.25,160.0,160.33,160.5,160.75
435.0,160.54,1.0,8,160.0,160.0,160.5,160.5,161.0,161.0,160.5,160.83
440.0,160.33,1.0,8,160.38,160.0,160.25,160.0,160.5,160.0,161.0,160.5
445.0,160.52,1.0,8,160.67,161.0,160.5,160.0,160.5,160.0,161.0,160.5
450.0,160.36,0.75,8,160.5,160.33,160.33,160.0,160.0,160.5,160.75,160.5
455.0,160.31,1.0,8,160.0,160.67,160.33,160.0,160.5,160.0,161.0,160.0
460.0,160.42,0.75,8,160.5,160.5,160.0,160.0,160.38,160.5,160.75,160.75
465.0,160.43,1.0,8,160.5,160.0,160.0,160.5,160.43,160.0,161.0,161.0
470.0,160.62,1.0,8,160.75,160.75,160.0,160.0,161.0,160.5,161.0,161.0
475.0,160.56,1.0,8,161.0,160.5,160.5,160.0,160.0,161.0,160.5,161.0
480.0,160.45,1.0,8,160.5,160.5,160.25,160.0,160.5,160.0,160.88,161.0
485.0,160.57,1.0,8,161.0,161.0,160.0,160.5,160.0,161.0,160.6,160.5
490.0,160.38,1.0,8,161.0,160.0,160.25,160.0,160.25,160.5,160.5,160.5
495.0,160.41,1.0,8,160.5,160.5,160.0,160.5,160.0,160.0,161.0,160.75
500.0,160.56,1.0,8,161.0,160.33,160.0,160.67,160.0,161.0,160.5,161.0
505.0,160.67,1.0,8,160.75,161.0,160.5,160.5,160.0,160.83,161.0,160.75
510.0,160.65,1.0,8,161.0,160.5,160.0,160.5,160.5,160.67,161.0,161.0
515.0,160.41,0.8,8,160.33,160.25,160.25,160.0,160.5,160.5,160.8,160.67
520.0,160.25,1.0,8,160.5,161.0,160.0,160.0,160.0,160.0,160.0,160.5
525.0,160.25,1.0,8,161.0,160.5,160.0,160.0,160.0,160.0,160.5,160.0
530.0,160.43,1.0,8,160.5,160.0,160.0,160.5,160.25,160.5,160.67,161.0
535.0,160.31,1.0,8,160.5,160.0,160.0,160.0,160.5,160.5,160.0,161.0
540.0,160.49,1.0,8,160.67,161.0,160.22,160.0,160.0,160.5,160.75,160.75
545.0,160.5,1.0,8,161.0,160.5,160.5,160.0,160.5,160.5,161.0,160.0
550.0,160.45,1.0,8,160.5,160.33,160.0,160.5,160.17,160.33,160.75,161.0
555.0,160.75,0.5,8,161.0,160.5,160.5,160.5,161.0,161.0,160.5,161.0
560.0,160.33,0.75,8,160.75,160.0,160.25,160.0,160.5,160.5,160.0,160.67
565.0,160.38,1.0,8,161.0,160.5,160.0,160.0,160.0,160.0,160.5,161.0
570.0,160.36,0.8,8,160.67,160.33,160.25,160.0,160.0,160.5,160.8,160.33
575.0,160.41,1.0,8,161.0,160.0,160.0,160.0,160.5,160.0,160.75,161.0
580.0,160.5,1.0,8,160.5,160.5,160.0,160.5,161.0,160.5,160.5,160.5
585.0,160.42,1.0,8,160.0,160.33,160.0,160.0,160.0,161.0,161.0,161.0
590.0,160.72,0.5,8,161.0,160.5,160.57,161.0,160.67,160.5,160.75,160.75
595.0,160.72,1.0,8,161.0,161.0,160.0,160.75,160.5,160.5,161.0,161.0
600.0,160.59,0.67,8,160.5,160.67,160.5,160.5,160.5,160.33,161.0,160.75
605.0,160.66,0.86,8,160.75,160.75,160.5,160.5,160.14,161.0,160.67,161.0
610.0,160.59,1.0,8,161.0,160.0,160.5,160.0,160.5,160.75,161.0,161.0
615.0,160.69,1.0,8,160.75,161.0,160.25,160.0,161.0,161.0,160.83,160.67
620.0,160.69,0.5,8,161.0,160.5,160.5,161.0,160.5,160.5,161.0,160.5
625.0,160.77,0.5,8,161.0,160.75,160.5,161.0,160.5,160.75,161.0,160.67
630.0,160.85,0.67,8,160.33,161.0,161.0,160.5,161.0,161.0,161.0,161.0
635.0,160.69,0.75,8,160.5,161.0,161.0,160.25,160.5,160.75,160.5,161.0
640.0,160.55,1.0,8,160.5,160.5,160.5,160.4,160.0,160.5,161.0,161.0
645.0,160.67,0.67,8,160.75,160.5,160.33,160.5,160.57,160.67,161.0,161.0
650.0,160.56,1.0,8,161.0,160.0,160.5,160.5,160.0,161.0,160.5,161.0
655.0,160.74,1.0,8,160.75,161.0,160.0,160.33,161.0,161.0,160.83,161.0
660.0,160.81,0.5,8,161.0,161.0,160.5,160.5,160.5,161.0,161.0,161.0
665.0,160.71,0.75,8,161.0,160.75,160.5,160.25,160.5,160.67,161.0,161.0
670.0,160.44,1.0,8,161.0,160.0,160.0,160.0,160.0,161.0,161.0,160.5
675.0,160.54,1.0,8,160.6,160.67,160.33,160.5,160.0,160.75,160.5,161.0
680.0,160.67,1.0,8,161.0,160.33,160.5,160.0,160.5,161.0,161.0,161.0
685.0,160.56,1.0,8,161.0,160.5,160.5,160.0,160.33,160.67,160.75,160.75
690.0,160.59,0.8,8,161.0,160.33,160.6,160.2,160.4,160.67,160.5,161.0
695.0,160.73,1.0,8,160.33,161.0,161.0,161.0,160.0,160.5,161.0,161.0
700.0,160.51,0.75,8,161.0,160.5,160.5,160.33,160.25,160.25,160.75,160.5
705.0,160.48,1.0,8,161.0,160.0,160.33,160.0,160.0,161.0,161.0,160.5
710.0,160.5,1.0,8,160.25,160.67,160.0,160.43,160.0,160.67,161.0,161.0
715.0,160.48,1.0,8,161.0,160.5,160.0,160.5,160.33,160.5,160.0,161.0
720.0,160.41,0.75,8,160.75,160.5,160.0,160.0,160.0,160.5,160.75,160.75
725.0,160.56,1.0,8,160.75,160.75,160.25,160.0,160.5,160.57,160.67,161.0
730.0,160.5,1.0,8,161.0,160.5,160.5,160.5,160.0,160.0,161.0,160.5
735.0,160.56,0.75,8,160.67,160.33,160.25,160.5,160.25,160.67,161.0,160.78
740.0,160.57,1.0,8,160.6,161.0,160.5,160.0,160.5,160.5,160.5,161.0
745.0,160.53,0.75,8,160.5,160.86,160.33,160.33,160.25,160.5,160.5,161.0
750.0,160.51,1.0,8,161.0,160.0,160.6,160.0,161.0,160.25,160.5,160.75
755.0,160.65,1.0,8,160.0,160.5,161.0,160.5,160.67,160.5,161.0,161.0
760.0,160.73,0.5,8,160.75,160.75,160.5,160.67,160.67,160.5,161.0,161.0
765.0,160.77,0.5,8,161.0,160.5,161.0,160.5,160.5,161.0,161.0,160.67
770.0,160.6,1.0,8,160.86,160.67,160.75,160.0,160.25,160.75,161.0,160.5
775.0,160.66,1.0,8,161.0,160.8,160.0,161.0,160.5,160.5,160.5,161.0
780.0,160.44,0.75,8,160.33,160.5,160.6,160.33,160.0,160.5,160.75,160.5
785.0,160.67,1.0,8,161.0,161.0,160.0,160.33,161.0,160.5,160.5,161.0
790.0,160.58,1.0,8,160.75,161.0,160.5,160.0,160.33,160.33,160.75,161.0
795.0,160.6,1.0,8,160.5,160.5,160.0,161.0,160.8,160.5,160.5,161.0
800.0,160.58,0.75,8,161.0,160.75,160.25,160.5,160.5,160.5,160.67,160.5
805.0,160.44,1.0,8,160.5,161.0,160.0,160.5,160.0,160.5,160.5,160.5
810.0,160.76,0.67,8,161.0,160.33,160.75,160.5,161.0,160.5,161.0,161.0
815.0,160.73,1.0,8,161.0,161.0,160.0,160.5,160.5,161.0,160.83,161.0
820.0,160.66,0.67,8,161.0,160.75,160.33,160.5,160.5,160.5,160.67,161.0
825.0,160.65,0.5,8,160.5,160.67,160.5,160.5,160.5,160.5,161.0,161.0
830.0,160.52,1.0,8,160.0,161.0,160.25,160.67,160.0,160.75,160.75,160.75
835.0,160.19,1.0,8,161.0,160.0,160.0,160.0,160.0,160.0,160.0,160.5
840.0,160.67,1.0,8,160.5,161.0,161.0,160.33,160.0,160.5,161.0,161.0
845.0,160.57,0.67,8,161.0,160.33,160.5,160.5,160.5,160.5,160.5,160.75
850.0,160.82,0.5,8,161.0,161.0,160.5,160.5,160.6,161.0,161.0,161.0
855.0,160.71,0.5,8,160.75,160.5,160.67,160.5,161.0,160.5,160.75,161.0
860.0,160.69,1.0,8,161.0,160.5,160.5,160.0,160.5,161.0,161.0,161.0
865.0,160.64,1.0,8,161.0,160.25,160.0,160.33,160.5,161.0,161.0,161.0
870.0,160.66,0.5,8,161.0,160.5,161.0,160.5,160.5,160.5,160.75,160.5
875.0,160.74,0.5,8,160.67,161.0,160.5,160.75,160.5,160.5,161.0,161.0
880.0,160.6,1.0,8,160.8,160.5,160.5,160.0,160.0,161.0,161.0,161.0
885.0,160.69,0.67,8,161.0,160.6,160.67,160.33,160.75,160.5,161.0,160.67
890.0,160.57,1.0,8,160.5,161.0,160.6,160.0,160.5,160.5,160.5,161.0
895.0,160.64,0.67,8,161.0,160.5,160.5,160.5,160.33,160.75,160.75,160.75
900.0,160.75,0.5,8,160.5,161.0,160.5,160.5,160.5,161.0,161.0,161.0
905.0,160.61,0.25,8,160.75,160.5,160.67,160.5,160.5,160.75,160.5,160.75
910.0,160.56,1.0,8,160.5,160.75,160.5,160.0,160.4,160.67,161.0,160.67
915.0,160.56,1.0,8,161.0,160.5,160.5,160.5,160.0,160.33,160.67,161.0
920.0,160.54,1.0,8,160.38,160.67,160.0,160.5,160.25,160.5,161.0,161.0
925.0,160.48,1.0,8,160.33,160.5,160.0,161.0,160.0,160.5,160.5,161.0
930.0,160.44,0.75,8,160.5,160.33,160.0,160.25,160.5,160.75,160.67,160.5
935.0,160.46,0.75,8,160.5,160.71,160.33,160.67,160.0,160.0,160.75,160.75
940.0,160.52,1.0,8,160.5,160.67,160.0,160.0,160.0,161.0,161.0,161.0
945.0,160.41,1.0,8,160.25,160.0,160.33,160.0,160.0,160.67,161.0,161.0
950.0,160.29,0.5,8,160.5,160.5,160.0,160.0,160.0,160.33,160.5,160.5
955.0,160.48,1.0,8,161.0,160.5,160.0,160.0,160.5,160.5,160.33,161.0
960.0,160.23,1.0,8,160.0,160.0,160.25,160.25,160.0,160.33,160.0,161.0
965.0,160.22,0.75,8,160.0,160.0,160.0,160.0,160.25,160.25,160.75,160.5
970.0,160.25,0.67,8,160.33,160.67,160.0,160.0,160.0,160.0,160.5,160.5
975.0,160.28,0.5,8,160.5,160.0,160.0,160.25,160.5,160.25,160.25,160.5
980.0,160.19,0.5,8,160.5,160.0,160.0,160.0,160.0,160.0,160.5,160.5
985.0,160.23,0.67,8,160.25,160.0,160.25,160.0,160.0,160.67,160.33,160.33
990.0,160.22,1.0,8,160.0,160.0,160.0,160.0,160.25,160.0,160.5,161.0
995.0,160.31,0.75,8,160.75,160.25,160.0,160.0,160.0,160.33,160.5,160.62
1000.0,160.15,0.5,8,160.5,160.0,160.33,160.0,160.0,160.0,160.0,160.33
1005.0,160.29,0.67,8,160.25,160.25,160.67,160.0,160.29,160.0,160.33,160.5
1010.0,160.3,1.0,8,160.5,160.0,160.0,160.0,160.0,160.4,160.5,161.0
1015.0,160.32,0.67,8,160.25,160.25,160.0,160.67,160.0,160.5,160.57,160.33
1020.0,160.27,0.67,8,160.33,160.67,160.0,160.0,160.25,160.25,160.5,160.2
1025.0,160.5,1.0,8,160.67,161.0,161.0,160.0,160.0,160.0,161.0,160.33
1030.0,160.12,0.33,8,160.0,160.0,160.12,160.33,160.0,160.25,160.25,160.0
1035.0,160.19,0.5,8,160.5,160.5,160.0,160.0,160.0,160.5,160.0,160.0
1040.0,160.06,0.5,8,160.0,160.0,160.0,160.0,160.5,160.0,160.0,160.0
1045.0,160.14,0.5,8,160.0,160.0,160.0,160.0,160.0,160.33,160.25,160.5
1050.0,160.25,0.5,8,160.5,160.0,160.0,160.0,160.5,160.5,160.0,160.5
1055.0,160.09,0.44,8,160.0,160.25,160.0,160.0,160.0,160.0,160.0,160.44
1060.0,160.16,0.43,8,160.43,160.0,160.0,160.25,160.25,160.0,160.33,160.0
1065.0,160.25,1.0,8,160.0,160.0,160.5,160.0,160.0,160.5,160.0,161.0
1070.0,160.1,0.5,8,160.0,160.0,160.0,160.0,160.33,160.0,160.0,160.5
1075.0,160.21,1.0,8,160.0,160.0,160.33,160.0,160.33,160.0,160.0,161.0
1080.0,160.22,0.71,8,160.0,160.5,160.0,160.25,160.0,160.0,160.71,160.33
1085.0,160.27,0.67,8,160.67,160.25,160.25,160.25,160.33,160.33,160.0,160.11
1090.0,160.38,1.0,8,160.0,160.0,160.0,160.5,160.5,160.5,160.5,161.0
1095.0,160.17,0.5,8,160.5,160.33,160.0,160.0,160.5,160.0,160.0,160.0
1100.0,160.23,0.5,8,160.5,160.33,160.0,160.0,160.0,160.0,160.5,160.5
1105.0,160.12,0.5,8,160.0,160.0,160.0,160.0,160.25,160.5,160.25,160.0
1110.0,160.12,0.5,8,160.5,160.0,160.0,160.0,160.0,160.0,160.0,160.5
1115.0,160.1,0.33,8,160.0,160.0,160.0,160.0,160.33,160.0,160.25,160.25
1120.0,160.12,0.5,8,160.5,160.0,160.0,160.0,160.0,160.0,160.0,160.5
1125.0,160.14,0.5,8,160.5,160.0,160.0,160.0,160.0,160.0,160.33,160.25
1130.0,160.03,0.2,8,160.0,160.0,160.0,160.0,160.0,160.0,160.2,160.0
1135.0,160.14,0.5,8,160.33,160.0,160.25,160.0,160.0,160.0,160.5,160.0
1140.0,160.15,0.5,8,160.33,160.0,160.0,160.0,160.0,160.0,160.5,160.33
1145.0,160.03,0.25,8,160.0,160.0,160.0,160.0,160.0,160.0,160.25,160.0
1150.0,160.06,0.5,8,160.0,160.0,160.0,160.0,160.0,160.0,160.5,160.0
1155.0,160.25,0.75,8,160.33,160.0,160.0,160.14,160.0,160.5,160.25,160.75
1160.0,160.22,0.5,8,160.0,160.5,160.0,160.0,160.25,160.5,160.5,160.0
1165.0,160.3,1.0,8,160.5,160.0,160.0,160.0,160.0,160.6,160.33,161.0
1170.0,160.62,1.0,8,161.0,160.5,160.5,160.0,160.5,160.5,161.0,161.0
1175.0,160.77,0.75,8,161.0,160.67,160.67,160.25,160.75,161.0,161.0,160.8
1180.0,160.75,0.5,8,161.0,161.0,160.5,160.5,160.5,160.5,161.0,161.0
1185.0,160.86,0.5,8,161.0,161.0,160.5,161.0,160.75,161.0,161.0,160.67
1190.0,160.96,0.33,8,161.0,161.0,161.0,160.67,161.0,161.0,161.0,161.0
1195.0,160.94,0.25,8,161.0,160.75,161.0,161.0,161.0,161.0,161.0,160.75
1200.0,161.0,0.0,8,161.0,161.0,161.0,161.0,161.0,161.0,161.0,161.0
1205.0,161.0,0.0,8,161.0,161.0,161.0,161.0,161.0,161.0,161.0,161.0
1210.0,160.9,0.5,8,161.0,160.67,160.5,161.0,161.0,161.0,161.0,161.0
1215.0,160.88,0.5,8,161.0,160.5,161.0,160.5,161.0,161.0,161.0,161.0
1220.0,160.81,0.5,8,161.0,160.71,161.0,160.75,160.5,160.75,160.75,161.0
1225.0,160.78,0.8,8,161.0,161.0,160.2,161.0,160.5,161.0,160.5,161.0
1230.0,160.97,0.25,8,161.0,161.0,161.0,161.0,161.0,160.75,161.0,161.0
1235.0,161.0,0.0,8,161.0,161.0,161.0,161.0,161.0,161.0,161.0,161.0
1240.0,160.87,0.5,8,161.0,161.0,160.67,160.5,160.8,161.0,161.0,161.0
1245.0,160.94,0.5,8,161.0,160.5,161.0,161.0,161.0,161.0,161.0,161.0
1250.0,160.88,0.5,8,161.0,161.0,160.5,160.67,161.0,161.0,160.86,161.0
1255.0,160.83,0.75,8,161.0,161.0,160.75,160.25,160.67,161.0,161.0,161.0
1260.0,160.83,0.5,8,160.5,161.0,161.0,161.0,160.5,161.0,161.0,160.67
1265.0,161.0,0.0,8,161.0,161.0,161.0,161.0,161.0,161.0,161.0,161.0
1270.0,160.88,1.0,8,161.0,161.0,161.0,161.0,160.0,161.0,161.0,161.0
1275.0,160.96,0.29,8,161.0,161.0,161.0,160.71,161.0,161.0,161.0,161.0
1280.0,160.94,0.5,8,161.0,161.0,160.5,161.0,161.0,161.0,161.0,161.0
1285.0,160.75,0.67,8,161.0,160.5,160.67,160.33,160.5,161.0,161.0,161.0
1290.0,160.88,0.5,8,161.0,161.0,161.0,160.5,161.0,160.5,161.0,161.0
1295.0,160.83,0.33,8,161.0,160.75,160.75,160.75,160.67,161.0,161.0,160.75
1300.0,160.93,0.33,8,161.0,161.0,160.67,161.0,161.0,160.75,161.0,161.0
1305.0,160.91,0.5,8,161.0,161.0,160.5,161.0,161.0,161.0,161.0,160.8
1310.0,160.78,0.67,8,160.33,161.0,161.0,160.67,160.75,160.5,161.0,161.0
1315.0,160.9,0.5,8,161.0,161.0,160.5,161.0,160.67,161.0,161.0,161.0
1320.0,160.88,0.5,8,161.0,161.0,161.0,160.5,160.5,161.0,161.0,161.0
1325.0,160.74,0.5,8,160.75,160.75,160.67,160.5,160.6,161.0,160.67,161.0
1330.0,160.94,0.5,8,161.0,160.5,161.0,161.0,161.0,161.0,161.0,161.0
1335.0,160.68,0.5,8,160.67,160.75,160.5,160.5,160.5,161.0,160.5,161.0
1340.0,160.84,0.5,8,161.0,160.5,161.0,161.0,160.5,160.75,161.0,161.0
1345.0,160.84,0.5,8,161.0,161.0,160.5,160.75,161.0,160.5,161.0,161.0
1350.0,160.82,0.5,8,161.0,160.6,161.0,160.5,161.0,160.5,161.0,161.0
1355.0,160.87,0.67,8,161.0,161.0,160.88,160.33,160.75,161.0,161.0,161.0
1360.0,160.94,0.5,8,161.0,161.0,161.0,161.0,161.0,161.0,160.5,161.0
1365.0,161.0,0.0,8,161.0,161.0,161.0,161.0,161.0,161.0,161.0,161.0
1370.0,160.92,0.33,8,161.0,161.0,161.0,160.67,160.67,161.0,161.0,161.0
1375.0,161.02,0.12,8,161.0,161.0,161.0,161.0,161.0,161.0,161.12,161.0
1380.0,160.97,0.25,8,161.0,161.0,161.0,161.0,160.75,161.0,161.0,161.0
1385.0,161.0,0.0,8,161.0,161.0,161.0,161.0,161.0,161.0,161.0,161.0
1390.0,161.06,0.5,8,161.0,161.0,161.0,161.0,161.0,161.0,161.0,161.5
1395.0,161.19,0.75,8,161.5,161.0,161.0,161.0,161.0,161.25,161.0,161.75
1400.0,161.25,0.5,8,161.5,161.0,161.0,161.0,161.5,161.0,161.5,161.5
1405.0,161.46,0.61,8,161.25,161.25,161.33,161.33,161.5,161.86,161.67,161.5
1410.0,161.7,0.75,8,162.0,161.75,161.75,161.5,161.25,162.0,161.71,161.67
1415.0,161.81,0.5,8,162.0,162.0,161.5,161.5,162.0,161.5,162.0,162.0
1420.0,162.0,0.0,8,162.0,162.0,162.0,162.0,162.0,162.0,162.0,162.0
1425.0,162.0,0.0,8,162.0,162.0,162.0,162.0,162.0,162.0,162.0,162.0
1430.0,161.98,0.17,8,162.0,162.0,161.83,162.0,162.0,162.0,162.0,162.0
1435.0,162.96,0.33,8,163.0,163.0,163.0,163.0,162.67,163.0,163.0,163.0
1440.0,163.77,0.5,8,164.0,163.75,163.5,163.75,163.67,164.0,163.86,163.67
1445.0,163.2,0.5,8,163.0,163.0,163.33,163.5,163.0,163.5,163.0,163.25
1450.0,173.42,7.5,8,171.33,177.0,177.0,174.5,176.0,170.0,169.5,172.0
1455.0,181.47,13.33,8,180.25,187.0,187.33,186.67,184.0,176.25,174.0,176.25
1460.0,184.25,17.5,8,193.5,188.0,191.2,189.33,183.0,176.5,176.0,176.5
1465.0,307.65,35.67,8,321.0,297.5,303.67,295.0,287.0,314.62,322.67,319.75
1470.0,410.27,43.7,8,412.0,394.0,390.5,403.5,403.5,417.5,434.2,427.0
1475.0,411.72,51.5,8,415.0,402.0,388.5,403.75,405.5,422.0,440.0,417.0
1480.0,414.02,42.0,8,411.5,402.5,396.0,405.0,413.0,421.0,438.0,425.2
1485.0,417.46,45.83,8,413.57,404.67,394.67,411.25,414.25,427.25,440.5,433.5
1490.0,416.85,47.5,8,415.6,405.67,397.0,410.0,412.5,419.0,444.5,430.5
1495.0,418.7,44.5,8,421.0,401.67,398.5,416.67,415.0,420.25,443.0,433.5
1500.0,418.84,42.25,8,423.0,399.0,401.5,418.0,414.33,418.67,441.25,435.0
1505.0,418.75,42.5,8,418.0,405.0,400.0,417.0,411.0,422.5,442.5,434.0
1510.0,417.56,38.67,8,421.0,404.75,401.33,411.0,408.86,418.0,440.0,435.5
1515.0,419.81,45.75,8,421.67,406.25,394.25,408.5,410.5,439.62,440.0,437.67
1520.0,417.64,40.0,8,421.5,400.5,399.0,406.5,408.5,432.6,439.0,433.5
1525.0,412.62,40.5,8,417.5,398.5,395.0,407.0,406.0,417.5,435.5,424.0
1530.0,408.17,51.0,8,407.5,391.0,384.0,396.5,398.33,419.0,434.0,435.0
1535.0,402.17,49.92,8,400.25,385.0,379.33,391.75,396.0,412.25,429.25,423.5
1540.0,400.69,53.0,8,401.0,391.0,374.5,389.5,393.5,410.0,427.5,418.5
1545.0,306.81,25.25,8,314.0,291.0,298.0,307.33,301.67,312.5,313.75,316.25
1550.0,240.42,8.25,8,237.75,236.25,239.5,241.5,244.5,242.5,239.33,242.0
1555.0,241.64,9.0,8,240.0,236.5,241.5,242.5,243.75,243.33,240.0,245.5
1560.0,239.12,10.47,8,241.33,233.33,238.0,238.75,241.25,239.0,237.5,243.8
1565.0,236.89,10.1,8,237.5,232.5,235.0,235.5,238.5,237.0,236.5,242.6
1570.0,234.98,8.25,8,229.5,232.25,235.0,237.75,236.67,236.67,235.0,237.0
1575.0,234.85,9.7,8,227.8,233.5,235.5,235.5,237.0,237.0,235.0,237.5
1580.0,235.1,8.2,8,235.0,231.8,232.0,235.0,236.75,235.75,234.5,240.0
1585.0,234.54,8.5,8,235.5,229.5,233.8,235.0,238.0,234.0,235.5,235.0
1590.0,234.53,6.5,8,233.0,231.0,234.0,236.0,235.25,235.75,233.75,237.5
1595.0,234.09,7.0,8,233.0,230.5,233.33,234.0,236.71,235.33,232.33,237.5
1600.0,234.25,8.0,8,234.0,230.0,232.5,235.0,237.5,234.5,232.5,238.0
1605.0,234.08,9.5,8,234.5,229.0,233.0,235.0,235.0,234.67,233.0,238.5
1610.0,234.25,8.0,8,234.5,229.25,233.67,234.67,235.67,235.0,234.0,237.25
1615.0,233.86,12.67,8,231.0,227.67,233.67,233.75,236.0,234.0,234.5,240.33
1620.0,233.92,11.2,8,233.67,228.0,233.0,233.5,235.0,234.0,235.0,239.2
1625.0,233.44,11.5,8,232.5,226.5,233.0,233.5,235.75,234.25,234.0,238.0
1630.0,233.77,8.0,8,232.5,230.0,231.67,234.5,235.5,234.0,234.0,238.0
1635.0,233.51,6.08,8,231.5,230.67,232.5,234.0,234.67,233.75,234.25,236.75
1640.0,233.67,4.62,8,232.0,231.0,231.75,235.5,235.62,235.5,232.67,235.33
1645.0,233.7,6.83,8,233.0,229.5,231.5,234.5,235.8,236.33,233.5,235.5
1650.0,233.83,11.67,8,231.5,229.0,232.75,232.25,236.25,235.25,233.0,240.67
1655.0,234.06,10.0,8,232.0,230.5,231.5,233.5,235.5,236.0,233.0,240.5
1660.0,232.81,10.75,8,225.75,227.5,233.0,234.5,235.0,235.25,235.0,236.5
1665.0,233.0,12.0,8,226.5,229.5,233.5,233.0,235.0,234.5,233.5,238.5
1670.0,234.07,5.67,8,231.0,233.43,233.0,233.75,236.0,234.5,234.25,236.67
1675.0,234.46,6.5,8,232.0,233.67,233.0,235.0,236.0,234.0,233.5,238.5
1680.0,233.57,7.75,8,231.0,229.0,233.2,232.67,236.67,234.5,234.75,236.75
1685.0,234.06,8.0,8,235.5,228.5,232.0,233.5,236.5,236.0,234.5,236.0
1690.0,233.51,6.25,8,233.0,231.0,231.0,234.14,234.67,233.75,233.25,237.25
1695.0,233.75,9.0,8,231.5,229.5,233.0,234.0,235.0,233.5,235.0,238.5
1700.0,233.94,5.5,8,234.25,231.0,232.75,234.5,235.5,233.0,234.0,236.5
1705.0,234.31,7.5,8,235.5,230.0,232.5,234.0,236.5,234.0,234.5,237.5
1710.0,233.88,8.25,8,233.5,230.75,233.75,234.33,235.0,232.71,232.0,239.0
1715.0,235.15,7.5,8,235.5,232.0,235.0,236.0,235.5,234.4,233.33,239.5
1720.0,233.62,12.7,8,227.8,229.67,232.5,234.0,236.5,234.0,234.0,240.5
1725.0,238.47,11.25,8,233.25,236.0,242.0,244.5,238.5,235.5,236.5,241.5
1730.0,245.61,14.42,8,243.5,247.8,250.0,252.67,243.75,238.25,241.25,247.67
1735.0,243.0,14.5,8,241.5,248.0,248.5,247.5,242.5,234.0,235.0,247.0
1740.0,289.06,26.17,8,291.33,280.5,281.67,281.33,284.75,289.75,296.5,306.67
1745.0,357.65,54.3,8,374.25,350.67,332.5,332.2,339.33,361.75,384.0,386.5
1750.0,360.77,60.0,8,377.0,357.0,334.5,330.33,347.67,365.33,384.0,390.33
1755.0,359.64,58.83,8,377.5,349.38,336.25,329.5,345.25,363.25,388.33,387.67
1760.0,360.78,63.29,8,376.0,361.0,328.71,331.33,342.67,367.75,386.75,392.0
1765.0,362.12,61.5,8,378.5,360.5,336.0,329.0,347.5,368.0,387.0,390.5
1770.0,364.43,60.5,8,377.5,360.0,339.0,332.0,358.4,367.5,388.5,392.5
1775.0,363.46,59.42,8,379.5,361.25,338.5,333.33,347.0,371.71,383.67,392.75
1780.0,364.71,66.2,8,378.5,360.5,340.0,333.0,348.0,366.0,399.2,392.5
1785.0,363.42,55.5,8,380.67,361.25,338.75,333.0,347.5,370.67,388.5,387.0
1790.0,363.0,54.5,8,378.5,362.0,339.0,333.5,348.0,369.0,388.0,386.0
1795.0,364.26,59.17,8,373.4,365.33,342.67,333.5,348.25,367.25,392.67,391.0
1800.0,362.75,60.0,8,374.0,361.5,338.0,333.0,347.5,368.0,387.0,393.0
1805.0,362.27,58.5,8,380.0,349.33,342.33,332.5,348.0,367.5,387.5,391.0
1810.0,363.17,58.5,8,380.0,356.0,342.33,333.0,347.0,367.0,388.5,391.5
1815.0,363.73,59.25,8,377.33,357.0,336.67,333.5,355.88,368.0,388.75,392.75
1820.0,364.37,59.67,8,380.0,360.25,339.75,333.67,348.0,376.29,383.67,393.33
1825.0,364.55,58.0,8,380.0,361.0,340.0,333.0,348.0,375.4,388.0,391.0
1830.0,365.42,66.45,8,382.0,361.0,339.75,332.75,347.0,368.0,399.2,393.67
1835.0,364.71,65.67,8,379.5,360.5,340.0,333.0,347.5,366.5,398.67,392.0
1840.0,362.66,53.5,8,379.5,365.0,339.0,332.5,347.0,367.25,386.0,385.0
1845.0,363.15,56.5,8,381.67,361.0,340.5,332.5,347.5,366.0,387.0,389.0
1850.0,361.98,61.0,8,376.0,360.5,334.33,331.0,346.75,367.75,387.5,392.0
1855.0,362.96,57.32,8,377.0,361.25,338.0,335.43,347.0,364.0,388.25,392.75
1860.0,362.72,56.75,8,379.0,360.0,340.5,334.25,343.0,367.0,387.0,391.0
1865.0,364.41,60.25,8,378.5,361.5,339.25,333.0,351.0,366.5,393.25,392.25
1870.0,362.53,54.75,8,378.33,361.0,342.67,332.25,346.75,367.0,387.0,385.25
1875.0,362.02,56.5,8,379.67,359.5,338.5,331.5,345.5,366.0,387.5,388.0
1880.0,360.55,62.6,8,377.33,361.5,328.4,329.67,345.25,365.0,386.25,391.0
1885.0,361.12,62.5,8,379.5,361.0,328.5,331.5,345.0,366.0,386.5,391.0
1890.0,361.19,58.45,8,378.75,356.0,339.0,333.8,341.33,361.67,386.75,392.25
1895.0,363.06,58.5,8,379.5,361.0,338.5,334.0,345.5,366.5,387.0,392.5
1900.0,362.98,62.5,8,379.75,361.25,335.33,331.0,356.88,364.5,381.67,393.5
1905.0,363.11,60.0,8,381.0,360.5,338.5,331.5,351.4,363.0,387.5,391.5
1910.0,362.65,57.0,8,379.75,360.25,339.5,331.0,348.67,367.67,388.0,386.38
1915.0,361.93,61.0,8,373.17,360.5,338.5,331.0,344.75,365.5,390.0,392.0
1920.0,361.85,63.5,8,373.33,361.0,338.0,330.5,344.5,365.5,388.0,394.0
1925.0,361.53,59.33,8,379.5,352.83,338.0,331.0,345.25,365.0,390.33,390.33
1930.0,360.09,63.5,8,378.75,360.0,328.0,330.0,341.0,364.75,386.75,391.5
1935.0,360.56,58.5,8,379.5,359.5,333.0,331.5,340.0,365.0,386.0,390.0
1940.0,364.44,67.65,8,380.67,361.0,338.0,330.75,349.0,365.0,398.4,392.67
1945.0,363.5,67.0,8,380.5,360.5,338.5,331.0,344.5,365.0,390.0,398.0
1950.0,361.04,61.5,8,373.33,360.0,337.0,330.5,344.5,363.5,387.5,392.0
1955.0,360.83,58.92,8,378.5,351.12,338.0,330.75,344.75,364.5,389.67,389.33
1960.0,360.36,63.36,8,376.0,362.0,328.14,330.0,345.0,364.75,385.5,391.5
1965.0,359.93,63.1,8,377.0,359.0,327.4,330.5,344.0,365.5,385.5,390.5
1970.0,378.57,52.5,8,394.75,379.0,360.5,350.75,361.5,385.33,393.5,403.25
1975.0,438.17,54.5,8,462.5,442.5,408.0,409.0,416.33,460.0,447.5,459.5
1980.0,446.75,53.17,8,463.5,449.5,426.25,410.33,445.67,458.5,459.75,460.5
1985.0,446.41,50.5,8,457.5,456.0,424.75,416.5,430.5,461.0,458.0,467.0
1990.0,445.04,60.33,8,461.5,451.5,427.0,408.0,430.0,461.0,453.0,468.33
1995.0,378.82,42.5,8,398.0,365.5,373.67,363.5,364.25,406.0,363.67,396.0
2000.0,239.23,36.25,8,256.0,241.25,237.0,219.75,236.33,241.33,248.67,233.5
2005.0,190.41,9.67,8,190.5,189.17,189.5,184.33,189.75,194.0,192.5,193.5
2010.0,175.11,5.5,8,175.5,175.25,173.67,171.5,175.5,177.0,175.5,177.0
2015.0,168.7,2.0,8,169.5,169.0,167.67,167.5,168.88,169.33,168.5,169.25
2020.0,165.69,2.33,8,166.5,165.5,165.0,164.67,165.0,165.88,167.0,166.0
2025.0,163.9,1.5,8,164.5,163.0,163.5,163.5,164.0,164.4,164.33,164.0
2030.0,163.33,1.0,8,163.0,163.67,163.0,163.0,163.25,163.25,164.0,163.5
2035.0,162.69,0.5,8,163.0,162.5,162.5,162.5,162.5,163.0,163.0,162.5
2040.0,162.23,0.67,8,162.5,162.33,162.0,162.0,162.0,162.0,162.33,162.67
2045.0,161.98,0.65,8,162.0,162.0,161.6,162.0,162.0,162.0,162.25,162.0
2050.0,161.72,0.75,8,162.0,161.5,161.25,161.5,161.5,162.0,162.0,162.0
2055.0,161.55,1.0,8,161.75,161.67,161.0,161.4,161.33,161.5,161.75,162.0
2060.0,161.62,1.0,8,162.0,161.5,161.5,161.0,161.0,162.0,162.0,162.0
2065.0,161.45,1.0,8,161.75,161.25,161.25,161.0,161.5,161.33,161.5,162.0
2070.0,161.48,1.0,8,162.0,161.5,161.5,161.0,161.33,161.0,161.5,162.0
2075.0,161.08,0.33,8,161.0,161.0,161.0,161.0,161.0,161.33,161.0,161.29
2080.0,161.06,0.5,8,161.5,161.0,161.0,161.0,161.0,161.0,161.0,161.0
2085.0,161.27,0.67,8,161.25,161.5,161.0,161.0,161.0,161.25,161.67,161.5
2090.0,161.19,1.0,8,162.0,161.0,161.0,161.0,161.0,161.0,161.0,161.5
2095.0,161.12,0.5,8,161.0,161.0,161.0,161.0,161.0,161.25,161.5,161.25
2100.0,161.12,0.5,8,161.5,161.0,161.0,161.0,161.0,161.0,161.0,161.5
2105.0,161.05,0.25,8,161.0,161.0,161.0,161.0,161.0,161.14,161.0,161.25
2110.0,161.03,0.25,8,161.25,161.0,161.0,161.0,161.0,161.0,161.0,161.0
2115.0,161.09,0.5,8,161.5,161.0,161.0,161.0,161.0,161.0,161.25,161.0
2120.0,161.29,1.0,8,161.0,161.0,161.0,161.0,161.0,161.33,162.0,162.0
2125.0,161.09,0.5,8,161.0,161.0,161.0,161.0,161.0,161.5,161.0,161.2
2130.0,161.14,0.5,8,161.33,161.0,161.0,161.0,161.25,161.0,161.0,161.5
2135.0,161.12,0.5,8,161.5,161.0,161.0,161.0,161.0,161.0,161.5,161.0
2140.0,161.19,0.75,8,161.25,161.0,161.0,161.0,161.0,161.0,161.5,161.75
2145.0,161.21,0.5,8,161.0,161.33,161.0,161.0,161.0,161.5,161.5,161.33
2150.0,161.04,0.33,8,161.0,161.0,161.0,161.0,161.0,161.0,161.0,161.33
2155.0,161.0,0.0,8,161.0,161.0,161.0,161.0,161.0,161.0,161.0,161.0
2160.0,161.09,0.83,8,161.25,161.0,161.0,160.67,161.0,161.33,161.0,161.5
2165.0,161.12,0.5,8,161.5,161.0,161.0,161.0,161.0,161.5,161.0,161.0
2170.0,161.03,0.25,8,161.0,161.0,161.0,161.0,161.0,161.0,161.0,161.25
2175.0,161.0,0.0,8,161.0,161.0,161.0,161.0,161.0,161.0,161.0,161.0
2180.0,161.05,0.25,8,161.0,161.0,161.0,161.0,161.0,161.0,161.12,161.25
2185.0,160.97,0.25,8,161.0,161.0,161.0,161.0,160.75,161.0,161.0,161.0
2190.0,161.0,0.0,8,161.0,161.0,161.0,161.0,161.0,161.0,161.0,161.0
2195.0,161.0,0.0,8,161.0,161.0,161.0,161.0,161.0,161.0,161.0,161.0
2200.0,161.0,0.0,8,161.0,161.0,161.0,161.0,161.0,161.0,161.0,161.0
2205.0,161.06,0.5,8,161.5,161.0,161.0,161.0,161.0,161.0,161.0,161.0
2210.0,161.0,0.0,8,161.0,161.0,161.0,161.0,161.0,161.0,161.0,161.0
2215.0,161.02,0.83,8,161.0,161.0,160.67,161.0,161.0,161.0,161.0,161.5
2220.0,160.88,0.5,8,161.0,161.0,161.0,160.5,160.5,161.0,161.0,161.0
2225.0,160.94,0.5,8,161.0,161.0,160.5,161.0,161.0,161.0,161.0,161.0
2230.0,161.0,0.0,8,161.0,161.0,161.0,161.0,161.0,161.0,161.0,161.0
2235.0,161.0,0.0,8,161.0,161.0,161.0,161.0,161.0,161.0,161.0,161.0
2240.0,161.0,0.0,8,161.0,161.0,161.0,161.0,161.0,161.0,161.0,161.0
2245.0,161.0,0.0,8,161.0,161.0,161.0,161.0,161.0,161.0,161.0,161.0
2250.0,161.0,0.0,8,161.0,161.0,161.0,161.0,161.0,161.0,161.0,161.0
2255.0,160.94,0.5,8,161.0,161.0,161.0,160.5,161.0,161.0,161.0,161.0
2260.0,160.94,0.25,8,161.0,161.0,161.0,161.0,160.75,160.75,161.0,161.0
2265.0,160.82,0.5,8,161.0,161.0,160.6,160.5,161.0,160.5,161.0,161.0
2270.0,160.97,0.2,8,161.0,161.0,161.0,160.8,161.0,161.0,161.0,161.0
2275.0,160.94,0.5,8,161.0,161.0,161.0,161.0,160.5,161.0,161.0,161.0
2280.0,160.97,0.25,8,160.75,161.0,161.0,161.0,161.0,161.0,161.0,161.0
2285.0,160.94,0.5,8,160.5,161.0,161.0,161.0,161.0,161.0,161.0,161.0
2290.0,160.93,0.33,8,161.0,161.0,160.75,160.67,161.0,161.0,161.0,161.0
2295.0,160.88,0.5,8,161.0,161.0,160.5,160.5,161.0,161.0,161.0,161.0
2300.0,161.0,0.0,8,161.0,161.0,161.0,161.0,161.0,161.0,161.0,161.0
2305.0,160.88,0.5,8,161.0,161.0,161.0,160.5,160.5,161.0,161.0,161.0
2310.0,161.0,0.0,8,161.0,161.0,161.0,161.0,161.0,161.0,161.0,161.0
2315.0,160.98,0.58,8,161.0,161.0,161.0,161.0,160.75,160.75,161.33,161.0
2320.0,161.0,0.0,8,161.0,161.0,161.0,161.0,161.0,161.0,161.0,161.0
2325.0,161.03,0.25,8,161.0,161.0,161.0,161.0,161.0,161.0,161.0,161.25
2330.0,161.0,0.0,8,161.0,161.0,161.0,161.0,161.0,161.0,161.0,161.0
2335.0,161.0,0.0,8,161.0,161.0,161.0,161.0,161.0,161.0,161.0,161.0
2340.0,160.94,0.5,8,161.0,161.0,161.0,160.5,161.0,161.0,161.0,161.0
2345.0,161.0,0.0,8,161.0,161.0,161.0,161.0,161.0,161.0,161.0,161.0
2350.0,160.97,0.25,8,161.0,161.0,161.0,160.75,161.0,161.0,161.0,161.0
2355.0,160.92,0.83,8,161.0,161.0,160.5,161.0,160.5,161.0,161.0,161.33
2360.0,161.0,0.0,8,161.0,161.0,161.0,161.0,161.0,161.0,161.0,161.0
2365.0,160.94,0.5,8,161.0,161.0,160.5,161.0,161.0,161.0,161.0,161.0
2370.0,160.92,0.33,8,161.0,161.0,161.0,160.71,160.67,161.0,161.0,161.0
2375.0,160.98,0.14,8,161.0,161.0,161.0,160.86,161.0,161.0,161.0,161.0
2380.0,161.0,0.0,8,161.0,161.0,161.0,161.0,161.0,161.0,161.0,161.0
2385.0,161.0,0.0,8,161.0,161.0,161.0,161.0,161.0,161.0,161.0,161.0
2390.0,161.0,0.0,8,161.0,161.0,161.0,161.0,161.0,161.0,161.0,161.0
2395.0,161.0,0.0,8,161.0,161.0,161.0,161.0,161.0,161.0,161.0,161.0
2400.0,161.0,0.0,8,161.0,161.0,161.0,161.0,161.0,161.0,161.0,161.0
2405.0,160.93,0.33,8,161.0,161.0,160.75,161.0,160.67,161.0,161.0,161.0
2410.0,160.96,0.33,8,161.0,161.0,161.0,160.67,161.0,161.0,161.0,161.0
2415.0,160.97,0.25,8,161.0,161.0,160.75,161.0,161.0,161.0,161.0,161.0
2420.0,161.02,0.83,8,161.0,161.0,161.0,160.67,161.0,161.0,161.5,161.0
2425.0,161.0,0.0,8,161.0,161.0,161.0,161.0,161.0,161.0,161.0,161.0
2430.0,161.02,0.12,8,161.0,161.0,161.0,161.0,161.0,161.0,161.0,161.12
2435.0,161.06,0.5,8,161.0,161.5,161.0,161.0,161.0,161.0,161.0,161.0
2440.0,161.04,0.33,8,161.0,161.0,161.0,161.0,161.0,161.0,161.33,161.0
2445.0,161.12,0.5,8,161.5,161.0,161.0,161.0,161.0,161.0,161.0,161.5
2450.0,161.1,0.5,8,161.0,161.0,161.0,161.0,161.0,161.0,161.5,161.33
2455.0,161.12,0.5,8,161.5,161.0,161.0,161.0,161.0,161.0,161.5,161.0
2460.0,161.06,0.5,8,161.0,161.5,161.0,161.0,161.0,161.0,161.0,161.0
2465.0,161.0,0.0,8,161.0,161.0,161.0,161.0,161.0,161.0,161.0,161.0
2470.0,161.14,0.5,8,161.25,161.33,161.0,161.0,161.0,161.0,161.5,161.0
2475.0,161.12,0.5,8,161.0,161.0,161.0,161.0,161.0,161.0,161.5,161.5
2480.0,161.14,0.5,8,161.0,161.0,161.0,161.0,161.0,161.5,161.4,161.25
2485.0,161.27,1.0,8,161.5,161.0,161.0,161.0,161.0,162.0,161.33,161.33
2490.0,161.25,1.0,8,161.0,161.0,161.0,161.0,161.0,161.5,161.5,162.0
2495.0,161.1,0.5,8,161.0,161.0,161.0,161.0,161.0,161.0,161.5,161.33
2500.0,161.12,0.5,8,161.0,161.0,161.0,161.0,161.0,161.0,161.5,161.5
2505.0,161.12,0.67,8,161.0,161.67,161.0,161.0,161.0,161.0,161.33,161.0
2510.0,161.19,1.0,8,161.0,161.0,161.0,161.0,161.0,161.0,162.0,161.5
2515.0,161.09,0.5,8,161.5,161.0,161.0,161.0,161.0,161.0,161.0,161.25
2520.0,161.06,0.5,8,161.0,161.0,161.0,161.0,161.0,161.0,161.0,161.5
2525.0,161.03,0.25,8,161.0,161.0,161.0,161.0,161.0,161.0,161.25,161.0
2530.0,161.0,0.67,8,161.0,161.0,161.0,160.67,161.0,161.0,161.0,161.33
2535.0,161.04,0.33,8,161.0,161.0,161.0,161.0,161.0,161.0,161.33,161.0
2540.0,161.04,0.33,8,161.0,161.0,161.0,161.0,161.0,161.0,161.33,161.0
2545.0,161.0,0.0,8,161.0,161.0,161.0,161.0,161.0,161.0,161.0,161.0
2550.0,161.06,0.5,8,161.5,161.0,161.0,161.0,161.0,161.0,161.0,161.0
2555.0,161.06,0.5,8,161.5,161.0,161.0,161.0,161.0,161.0,161.0,161.0
2560.0,160.99,0.58,8,161.0,161.0,161.0,160.67,161.0,161.0,161.0,161.25
2565.0,161.06,0.5,8,161.5,161.0,161.0,161.0,161.0,161.0,161.0,161.0
2570.0,160.96,0.33,8,161.0,161.0,160.67,161.0,161.0,161.0,161.0,161.0
2575.0,160.88,0.5,8,161.0,161.0,160.5,161.0,160.5,161.0,161.0,161.0
2580.0,161.04,0.58,8,161.0,161.25,161.0,160.67,161.0,161.0,161.14,161.25
2585.0,160.99,0.42,8,161.0,161.0,161.0,160.75,161.0,161.0,161.17,161.0
2590.0,161.02,0.17,8,161.0,161.0,161.0,161.0,161.0,161.0,161.17,161.0
2595.0,161.0,0.5,8,161.0,161.0,161.0,161.0,160.75,161.0,161.25,161.0
2600.0,161.0,0.0,8,161.0,161.0,161.0,161.0,161.0,161.0,161.0,161.0
2605.0,160.98,0.12,8,161.0,161.0,160.88,161.0,161.0,161.0,161.0,161.0
2610.0,161.06,0.5,8,161.5,161.0,161.0,161.0,161.0,161.0,161.0,161.0
2615.0,161.0,0.0,8,161.0,161.0,161.0,161.0,161.0,161.0,161.0,161.0
2620.0,161.06,0.5,8,161.0,161.0,161.0,161.0,161.0,161.0,161.5,161.0
2625.0,161.06,0.5,8,161.0,161.0,161.0,161.0,161.0,161.0,161.0,161.5
2630.0,161.05,0.25,8,161.0,161.0,161.0,161.0,161.0,161.17,161.0,161.25
2635.0,161.03,0.25,8,161.0,161.0,161.0,161.0,161.0,161.25,161.0,161.0
2640.0,161.0,0.0,8,161.0,161.0,161.0,161.0,161.0,161.0,161.0,161.0
2645.0,161.09,0.5,8,161.0,161.0,161.0,161.0,161.0,161.5,161.25,161.0
2650.0,161.02,0.14,8,161.0,161.0,161.0,161.0,161.0,161.0,161.0,161.14
2655.0,161.09,0.5,8,161.0,161.0,161.0,161.0,161.0,161.0,161.5,161.2
2660.0,161.0,0.0,8,161.0,161.0,161.0,161.0,161.0,161.0,161.0,161.0
2665.0,161.0,0.0,8,161.0,161.0,161.0,161.0,161.0,161.0,161.0,161.0
2670.0,160.97,0.25,8,161.0,161.0,161.0,161.0,160.75,161.0,161.0,161.0
2675.0,160.91,0.5,8,161.0,160.75,161.0,160.5,161.0,161.0,161.0,161.0
2680.0,160.94,0.5,8,161.0,160.5,161.0,161.0,161.0,161.0,161.0,161.0
2685.0,161.0,0.0,8,161.0,161.0,161.0,161.0,161.0,161.0,161.0,161.0
2690.0,161.0,0.0,8,161.0,161.0,161.0,161.0,161.0,161.0,161.0,161.0
2695.0,160.94,0.5,8,161.0,161.0,161.0,160.5,161.0,161.0,161.0,161.0
2700.0,161.0,0.0,8,161.0,161.0,161.0,161.0,161.0,161.0,161.0,161.0
2705.0,161.02,0.14,8,161.0,161.0,161.0,161.0,161.0,161.0,161.0,161.14
2710.0,161.03,0.75,8,161.0,161.0,161.0,160.75,161.0,161.0,161.0,161.5
2715.0,161.0,0.0,8,161.0,161.0,161.0,161.0,161.0,161.0,161.0,161.0
2720.0,161.0,0.0,8,161.0,161.0,161.0,161.0,161.0,161.0,161.0,161.0
2725.0,161.0,0.0,8,161.0,161.0,161.0,161.0,161.0,161.0,161.0,161.0
2730.0,161.0,0.0,8,161.0,161.0,161.0,161.0,161.0,161.0,161.0,161.0
2735.0,161.0,0.0,8,161.0,161.0,161.0,161.0,161.0,161.0,161.0,161.0
2740.0,160.95,0.25,8,161.0,161.0,160.75,161.0,161.0,160.83,161.0,161.0
2745.0,161.0,0.0,8,161.0,161.0,161.0,161.0,161.0,161.0,161.0,161.0
2750.0,160.88,0.5,8,161.0,160.5,160.5,161.0,161.0,161.0,161.0,161.0
2755.0,160.86,0.33,8,160.67,161.0,161.0,160.75,160.75,160.75,161.0,161.0
2760.0,160.88,0.5,8,161.0,161.0,160.5,160.5,161.0,161.0,161.0,161.0
2765.0,160.88,0.75,8,161.0,161.0,160.75,160.25,161.0,161.0,161.0,161.0
2770.0,160.92,0.5,8,161.0,160.83,161.0,160.5,161.0,161.0,161.0,161.0
2775.0,160.91,0.5,8,161.0,160.75,161.0,160.5,161.0,161.0,161.0,161.0
2780.0,160.91,0.5,8,161.0,161.0,161.0,160.5,160.75,161.0,161.0,161.0
2785.0,161.0,0.0,8,161.0,161.0,161.0,161.0,161.0,161.0,161.0,161.0
2790.0,160.97,0.25,8,161.0,160.75,161.0,161.0,161.0,161.0,161.0,161.0
2795.0,160.81,0.5,8,161.0,160.5,161.0,160.5,160.5,161.0,161.0,161.0
2800.0,161.0,0.0,8,161.0,161.0,161.0,161.0,161.0,161.0,161.0,161.0
2805.0,161.0,0.0,8,161.0,161.0,161.0,161.0,161.0,161.0,161.0,161.0
2810.0,160.92,0.25,8,160.75,161.0,160.75,161.0,161.0,161.0,161.0,160.86
2815.0,161.0,0.0,8,161.0,161.0,161.0,161.0,161.0,161.0,161.0,161.0
2820.0,160.94,0.5,8,161.0,161.0,160.5,161.0,161.0,161.0,161.0,161.0
2825.0,160.97,0.25,8,161.0,161.0,161.0,161.0,160.75,161.0,161.0,161.0
2830.0,160.94,0.33,8,161.0,161.0,160.67,161.0,160.83,161.0,161.0,161.0
2835.0,161.0,0.0,8,161.0,161.0,161.0,161.0,161.0,161.0,161.0,161.0
2840.0,160.94,0.5,8,161.0,161.0,161.0,161.0,160.5,161.0,161.0,161.0
2845.0,160.75,0.5,8,161.0,160.5,160.5,160.5,160.5,161.0,161.0,161.0
2850.0,161.03,0.75,8,161.5,161.0,161.0,160.75,161.0,161.0,161.0,161.0
2855.0,160.94,0.5,8,161.0,161.0,161.0,161.0,160.5,161.0,161.0,161.0
2860.0,161.0,0.0,8,161.0,161.0,161.0,161.0,161.0,161.0,161.0,161.0
2865.0,161.0,0.0,8,161.0,161.0,161.0,161.0,161.0,161.0,161.0,161.0
2870.0,161.01,0.42,8,161.0,161.0,161.0,160.83,161.0,161.0,161.0,161.25
2875.0,160.92,0.67,8,161.0,161.0,161.0,161.0,160.33,161.0,161.0,161.0
2880.0,161.0,0.0,8,161.0,161.0,161.0,161.0,161.0,161.0,161.0,161.0
2885.0,161.0,0.0,8,161.0,161.0,161.0,161.0,161.0,161.0,161.0,161.0
2890.0,161.0,0.0,8,161.0,161.0,161.0,161.0,161.0,161.0,161.0,161.0
2895.0,161.0,0.0,8,161.0,161.0,161.0,161.0,161.0,161.0,161.0,161.0
2900.0,160.96,0.33,8,161.0,161.0,160.67,161.0,161.0,161.0,161.0,161.0
2905.0,160.88,0.5,8,161.0,161.0,160.5,161.0,160.5,161.0,161.0,161.0
2910.0,160.98,0.17,8,161.0,161.0,161.0,160.83,161.0,161.0,161.0,161.0
2915.0,161.0,1.0,8,161.0,161.0,160.5,161.0,161.0,161.0,161.5,161.0
2920.0,161.0,0.0,8,161.0,161.0,161.0,161.0,161.0,161.0,161.0,161.0
2925.0,160.85,0.5,8,161.0,161.0,160.67,160.67,160.5,161.0,161.0,161.0
2930.0,161.0,0.0,8,161.0,161.0,161.0,161.0,161.0,161.0,161.0,161.0
2935.0,160.94,0.25,8,161.0,161.0,160.75,160.75,161.0,161.0,161.0,161.0
2940.0,160.88,0.5,8,161.0,161.0,160.5,161.0,160.5,161.0,161.0,161.0
2945.0,160.96,0.33,8,161.0,161.0,161.0,160.67,161.0,161.0,161.0,161.0
2950.0,160.95,0.4,8,161.0,161.0,160.6,161.0,161.0,161.0,161.0,161.0
2955.0,160.92,0.33,8,161.0,160.67,161.0,160.71,161.0,161.0,161.0,161.0
2960.0,160.97,0.25,8,161.0,160.75,161.0,161.0,161.0,161.0,161.0,161.0
2965.0,160.96,0.33,8,161.0,161.0,161.0,160.67,161.0,161.0,161.0,161.0
2970.0,160.94,0.25,8,161.0,161.0,160.75,160.75,161.0,161.0,161.0,161.0
2975.0,161.04,0.33,8,161.0,161.0,161.0,161.0,161.0,161.0,161.0,161.33
2980.0,160.94,0.5,8,161.0,161.0,161.0,160.5,161.0,161.0,161.0,161.0
2985.0,160.88,0.5,8,161.0,161.0,160.5,160.5,161.0,161.0,161.0,161.0
2990.0,161.0,0.0,8,161.0,161.0,161.0,161.0,161.0,161.0,161.0,161.0
2995.0,160.94,0.5,8,161.0,161.0,161.0,161.0,160.5,161.0,161.0,161.0
3000.0,160.81,0.5,8,161.0,160.5,160.5,160.5,161.0,161.0,161.0,161.0
3005.0,160.93,0.33,8,161.0,161.0,160.75,160.67,161.0,161.0,161.0,161.0
3010.0,160.97,0.25,8,161.0,161.0,160.75,161.0,161.0,161.0,161.0,161.0
3015.0,160.93,0.4,8,161.0,161.0,160.88,160.6,161.0,161.0,161.0,161.0
3020.0,160.86,0.5,8,161.0,161.0,161.0,160.5,160.5,160.86,161.0,161.0
3025.0,160.83,0.5,8,161.0,160.67,161.0,160.5,160.75,160.75,161.0,161.0
3030.0,160.88,0.5,8,161.0,160.88,160.67,161.0,161.0,160.5,161.0,161.0
3035.0,160.89,0.67,8,161.0,160.75,161.0,160.33,161.0,161.0,161.0,161.0
3040.0,160.82,0.5,8,161.0,161.0,160.75,160.67,160.67,160.5,161.0,161.0
3045.0,160.88,0.5,8,161.0,161.0,161.0,160.5,160.5,161.0,161.0,161.0
3050.0,160.98,0.12,8,161.0,161.0,161.0,161.0,161.0,161.0,161.0,160.88
3055.0,160.94,0.5,8,161.0,161.0,160.5,161.0,161.0,161.0,161.0,161.0
3060.0,160.97,0.25,8,161.0,161.0,161.0,160.75,161.0,161.0,161.0,161.0
3065.0,160.94,0.5,8,161.0,161.0,161.0,161.0,160.5,161.0,161.0,161.0
3070.0,160.95,0.58,8,161.0,160.75,161.0,160.75,160.75,161.0,161.33,161.0
3075.0,160.69,1.0,8,160.5,161.0,160.0,160.5,160.5,161.0,161.0,161.0
3080.0,160.88,0.67,8,161.0,161.0,161.0,160.33,160.67,161.0,161.0,161.0
3085.0,160.89,0.5,8,161.0,160.5,160.6,161.0,161.0,161.0,161.0,161.0
3090.0,160.99,0.58,8,161.0,161.0,161.0,160.67,161.0,161.0,161.0,161.25
3095.0,160.91,0.5,8,161.0,160.75,161.0,160.5,161.0,161.0,161.0,161.0
3100.0,160.92,0.5,8,161.0,160.5,161.0,161.0,161.0,160.83,161.0,161.0
3105.0,160.86,0.5,8,161.0,161.0,160.5,160.75,161.0,161.0,160.67,161.0
3110.0,160.79,1.0,8,161.0,160.33,161.0,160.0,161.0,161.0,161.0,161.0
3115.0,160.79,1.0,8,161.0,161.0,160.67,160.0,160.67,161.0,161.0,161.0
3120.0,160.92,0.5,8,161.0,161.0,160.86,160.5,161.0,161.0,161.0,161.0
3125.0,160.83,0.67,8,161.0,160.67,160.33,161.0,160.67,161.0,161.0,161.0
3130.0,160.97,0.25,8,161.0,160.75,161.0,161.0,161.0,161.0,161.0,161.0
3135.0,160.94,0.5,8,161.0,161.0,161.0,160.5,161.0,161.0,161.0,161.0
3140.0,160.88,0.5,8,161.0,161.0,160.5,160.5,161.0,161.0,161.0,161.0
3145.0,160.88,0.5,8,161.0,161.0,160.5,160.5,161.0,161.0,161.0,161.0
3150.0,160.72,0.75,8,160.88,160.67,160.25,160.5,160.5,161.0,161.0,161.0
3155.0,160.88,0.5,8,161.0,161.0,161.0,161.0,160.5,160.5,161.0,161.0
3160.0,160.97,0.25,8,161.0,161.0,161.0,161.0,160.75,161.0,161.0,161.0
3165.0,160.94,0.5,8,161.0,161.0,161.0,161.0,160.5,161.0,161.0,161.0
3170.0,160.77,1.0,8,161.0,160.5,160.0,161.0,161.0,160.67,161.0,161.0
3175.0,160.82,0.5,8,161.0,161.0,160.57,161.0,160.5,160.5,161.0,161.0
3180.0,160.82,0.67,8,161.0,161.0,160.75,160.33,160.5,161.0,161.0,161.0
3185.0,160.91,0.75,8,161.0,161.0,160.25,161.0,161.0,161.0,161.0,161.0
3190.0,160.91,0.5,8,161.0,161.0,160.5,161.0,161.0,160.8,161.0,161.0
3195.0,160.94,0.25,8,161.0,161.0,160.75,160.75,161.0,161.0,161.0,161.0
3200.0,160.91,0.5,8,160.8,161.0,160.5,161.0,161.0,161.0,161.0,161.0
3205.0,160.79,0.75,8,161.0,160.83,161.0,160.5,160.25,160.75,161.0,161.0
3210.0,160.83,0.5,8,161.0,160.83,161.0,160.5,160.67,160.67,161.0,161.0
3215.0,160.77,0.5,8,161.0,161.0,160.5,160.5,160.5,161.0,160.67,161.0
3220.0,160.91,0.5,8,161.0,160.75,161.0,160.5,161.0,161.0,161.0,161.0
3225.0,160.81,0.5,8,161.0,161.0,160.5,160.5,160.5,161.0,161.0,161.0
3230.0,160.77,1.0,8,160.67,160.5,161.0,160.0,161.0,161.0,161.0,161.0
3235.0,160.94,0.5,8,161.0,161.0,161.0,161.0,160.5,161.0,161.0,161.0
3240.0,160.88,0.5,8,161.0,161.0,160.5,160.5,161.0,161.0,161.0,161.0
3245.0,160.91,0.5,8,161.0,161.0,160.5,160.75,161.0,161.0,161.0,161.0
3250.0,160.84,0.67,8,161.0,161.0,160.67,160.33,160.75,161.0,161.0,161.0
3255.0,160.92,0.67,8,161.0,161.0,161.0,160.33,161.0,161.0,161.0,161.0
3260.0,161.06,0.5,8,161.0,161.0,161.0,161.0,161.0,161.0,161.0,161.5
3265.0,160.85,0.33,8,161.0,160.67,160.67,160.75,160.75,161.0,161.0,161.0
3270.0,161.06,0.5,8,161.0,161.0,161.0,161.0,161.0,161.0,161.0,161.5
3275.0,160.9,0.33,8,160.67,161.0,160.67,160.88,161.0,161.0,161.0,161.0
3280.0,160.96,0.33,8,161.0,161.0,160.67,161.0,161.0,161.0,161.0,161.0
3285.0,160.79,0.5,8,161.0,161.0,160.5,160.5,160.83,160.5,161.0,161.0
3290.0,160.88,0.5,8,161.0,161.0,160.75,160.75,160.5,161.0,161.0,161.0
3295.0,160.94,0.5,8,161.0,161.0,161.0,161.0,160.5,161.0,161.0,161.0
3300.0,160.82,0.33,8,161.0,160.75,160.75,160.75,160.67,161.0,161.0,160.67
3305.0,160.88,0.67,8,161.0,161.0,160.67,160.33,161.0,161.0,161.0,161.0
3310.0,160.78,1.0,8,161.0,160.75,160.0,160.5,161.0,161.0,161.0,161.0
3315.0,160.85,0.5,8,161.0,161.0,160.5,160.67,160.67,161.0,161.0,161.0
3320.0,160.85,0.5,8,161.0,161.0,160.8,160.5,160.5,161.0,161.0,161.0
3325.0,160.88,0.67,8,161.0,160.67,161.0,160.33,161.0,161.0,161.0,161.0
3330.0,160.88,0.5,8,161.0,161.0,160.5,161.0,161.0,160.5,161.0,161.0
3335.0,160.88,0.5,8,161.0,161.0,160.67,160.5,160.83,161.0,161.0,161.0
3340.0,160.88,1.0,8,161.0,161.0,160.0,161.0,161.0,161.0,161.0,161.0
3345.0,160.73,0.75,8,160.67,160.75,160.75,160.25,161.0,160.67,161.0,160.75
3350.0,160.81,0.67,8,161.0,161.0,160.67,160.33,160.75,160.75,161.0,161.0
3355.0,160.88,0.5,8,161.0,161.0,160.5,161.0,160.5,161.0,161.0,161.0
3360.0,160.84,0.33,8,161.0,161.0,160.67,160.67,160.67,160.75,161.0,161.0
3365.0,160.81,1.0,8,161.0,161.0,160.5,160.0,161.0,161.0,161.0,161.0
3370.0,160.79,1.0,8,161.0,160.5,160.8,160.0,161.0,161.0,161.0,161.0
3375.0,160.9,0.5,8,161.0,161.0,161.0,160.5,161.0,160.67,161.0,161.0
3380.0,160.86,0.6,8,161.0,160.5,161.0,160.4,161.0,161.0,161.0,161.0
3385.0,160.8,0.75,8,161.0,160.5,161.0,160.25,160.67,161.0,161.0,161.0
3390.0,160.81,1.0,8,161.0,161.0,160.5,161.0,160.0,161.0,161.0,161.0
3395.0,160.9,0.33,8,161.0,160.67,160.75,161.0,160.75,161.0,161.0,161.0
3400.0,160.94,0.5,8,161.0,161.0,161.0,160.5,161.0,161.0,161.0,161.0
3405.0,160.86,0.33,8,161.0,160.67,161.0,160.83,160.67,160.75,161.0,161.0
3410.0,160.9,0.5,8,161.0,161.0,161.0,160.67,160.5,161.0,161.0,161.0
3415.0,160.91,0.33,8,160.75,160.67,161.0,161.0,160.88,161.0,161.0,161.0
3420.0,160.83,0.5,8,161.0,160.75,160.75,160.5,161.0,160.67,161.0,161.0
3425.0,160.85,0.5,8,161.0,161.0,160.5,160.5,160.83,161.0,161.0,161.0
3430.0,160.92,0.33,8,161.0,161.0,160.67,160.67,161.0,161.0,161.0,161.0
3435.0,160.81,0.5,8,161.0,160.5,160.5,160.5,161.0,161.0,161.0,161.0
3440.0,160.86,0.5,8,161.0,160.67,160.75,160.5,161.0,161.0,161.0,161.0
3445.0,160.83,0.67,8,161.0,161.0,161.0,160.33,160.33,161.0,161.0,161.0
3450.0,160.86,0.5,8,161.0,160.86,160.5,161.0,161.0,160.5,161.0,161.0
3455.0,160.88,0.67,8,161.0,161.0,160.33,161.0,161.0,160.67,161.0,161.0
3460.0,161.0,0.0,8,161.0,161.0,161.0,161.0,161.0,161.0,161.0,161.0
3465.0,160.83,1.0,8,161.0,160.75,161.0,160.0,161.0,160.88,161.0,161.0
3470.0,160.94,0.5,8,161.0,161.0,161.0,160.5,161.0,161.0,161.0,161.0
3475.0,160.83,0.75,8,161.0,161.0,160.67,160.25,160.75,161.0,161.0,161.0
3480.0,160.81,0.5,8,161.0,160.5,160.5,161.0,160.5,161.0,161.0,161.0
3485.0,160.89,0.5,8,161.0,161.0,160.5,160.86,160.75,161.0,161.0,161.0
3490.0,160.75,0.67,8,161.0,160.67,160.33,160.5,160.5,161.0,161.0,161.0
3495.0,160.85,0.5,8,161.0,160.5,161.0,161.0,160.83,160.5,161.0,161.0
3500.0,160.88,0.5,8,161.0,161.0,160.5,160.5,161.0,161.0,161.0,161.0
3505.0,160.85,0.5,8,160.67,160.67,160.5,161.0,161.0,161.0,161.0,161.0
3510.0,160.78,0.67,8,160.75,161.0,160.5,160.33,161.0,160.67,161.0,161.0
3515.0,160.96,0.33,8,161.0,161.0,161.0,160.67,161.0,161.0,161.0,161.0
3520.0,160.79,0.67,8,161.0,161.0,161.0,160.33,160.33,160.67,161.0,161.0
3525.0,160.76,1.0,8,161.0,160.67,160.67,160.0,161.0,160.75,161.0,161.0
3530.0,160.89,0.5,8,160.6,161.0,160.5,161.0,161.0,161.0,161.0,161.0
3535.0,160.81,1.0,8,161.0,161.0,160.67,160.0,160.83,161.0,161.0,161.0
3540.0,160.88,0.5,8,161.0,160.5,160.5,161.0,161.0,161.0,161.0,161.0
3545.0,160.78,0.67,8,161.0,161.0,160.33,160.67,160.5,160.75,161.0,161.0
3550.0,160.81,1.0,8,161.0,161.0,160.0,160.5,161.0,161.0,161.0,161.0
3555.0,160.86,0.5,8,161.0,161.0,160.75,160.5,160.67,161.0,161.0,161.0
3560.0,160.88,0.5,8,161.0,160.5,160.5,161.0,161.0,161.0,161.0,161.0
3565.0,160.89,0.67,8,161.0,160.75,161.0,160.33,161.0,161.0,161.0,161.0
3570.0,161.0,0.0,8,161.0,161.0,161.0,161.0,161.0,161.0,161.0,161.0
3575.0,160.89,0.67,8,161.0,161.0,160.33,161.0,161.0,160.75,161.0,161.0
3580.0,160.94,0.5,8,161.0,161.0,161.0,160.5,161.0,161.0,161.0,161.0
3585.0,160.92,0.5,8,161.0,161.0,161.0,160.5,160.86,161.0,161.0,161.0
3590.0,160.93,0.33,8,161.0,161.0,160.75,161.0,160.67,161.0,161.0,161.0
3595.0,160.9,0.67,8,161.0,160.88,160.33,161.0,161.0,161.0,161.0,161.0
3600.0,160.81,0.5,8,161.0,161.0,160.5,160.5,160.5,161.0,161.0,161.0
3605.0,160.93,0.33,8,161.0,161.0,161.0,160.67,160.75,161.0,161.0,161.0
3610.0,160.93,0.33,8,161.0,161.0,160.75,160.67,161.0,161.0,161.0,161.0
3615.0,160.81,0.5,8,161.0,160.5,160.5,160.5,161.0,161.0,161.0,161.0
3620.0,160.91,0.5,8,161.0,161.0,160.75,160.5,161.0,161.0,161.0,161.0
3625.0,160.81,0.5,8,161.0,161.0,160.5,160.5,160.5,161.0,161.0,161.0
3630.0,160.78,0.67,8,161.0,161.0,160.43,160.33,160.75,160.75,161.0,161.0
3635.0,160.83,0.67,8,161.0,161.0,161.0,160.33,160.67,160.67,161.0,161.0
3640.0,160.86,0.6,8,161.0,161.0,161.0,160.4,160.5,161.0,161.0,161.0
3645.0,160.82,0.67,8,161.0,160.75,160.33,161.0,161.0,160.5,161.0,161.0
3650.0,160.83,0.5,8,161.0,161.0,160.67,160.75,160.75,160.5,161.0,161.0
3655.0,161.0,0.0,8,161.0,161.0,161.0,161.0,161.0,161.0,161.0,161.0
3660.0,160.89,0.33,8,161.0,161.0,160.67,160.67,160.75,161.0,161.0,161.0
3665.0,160.88,0.67,8,161.0,161.0,160.33,161.0,161.0,160.67,161.0,161.0
3670.0,160.8,0.67,8,161.0,161.0,160.6,160.33,161.0,160.5,161.0,161.0
3675.0,160.82,0.92,8,161.0,161.0,160.33,160.33,161.0,160.67,161.0,161.25
3680.0,160.94,0.5,8,161.0,161.0,161.0,160.5,161.0,161.0,161.0,161.0
3685.0,160.71,1.0,8,160.67,161.0,161.0,160.0,160.5,160.5,161.0,161.0
3690.0,160.88,0.5,8,161.0,161.0,161.0,160.88,160.5,161.0,161.0,160.67
3695.0,160.96,0.33,8,161.0,161.0,160.67,161.0,161.0,161.0,161.0,161.0
3700.0,160.79,0.5,8,160.5,161.0,161.0,160.5,160.83,160.5,161.0,161.0
3705.0,160.89,0.33,8,161.0,160.75,161.0,160.67,160.67,161.0,161.0,161.0
3710.0,160.92,0.33,8,161.0,161.0,160.67,160.67,161.0,161.0,161.0,161.0
3715.0,161.0,0.0,8,161.0,161.0,161.0,161.0,161.0,161.0,161.0,161.0
3720.0,160.93,0.33,8,161.0,161.0,160.67,161.0,161.0,160.75,161.0,161.0
3725.0,160.82,1.0,8,161.0,160.75,161.0,160.0,160.83,161.0,161.0,161.0
3730.0,160.9,0.5,8,161.0,161.0,161.0,160.5,160.71,161.0,161.0,161.0
3735.0,160.96,0.33,8,161.0,161.0,161.0,160.67,161.0,161.0,161.0,161.0
3740.0,160.94,0.5,8,161.0,161.0,161.0,161.0,160.5,161.0,161.0,161.0
3745.0,160.93,0.33,8,161.0,160.67,160.75,161.0,161.0,161.0,161.0,161.0
3750.0,160.88,0.67,8,161.0,161.0,160.33,160.67,161.0,161.0,161.0,161.0
3755.0,160.91,0.75,8,161.0,161.0,160.25,161.0,161.0,161.0,161.0,161.0
3760.0,160.94,0.25,8,161.0,161.0,161.0,160.75,160.75,161.0,161.0,161.0
3765.0,160.94,0.5,8,161.0,161.0,161.0,160.5,161.0,161.0,161.0,161.0
3770.0,160.89,0.33,8,161.0,160.67,161.0,161.0,160.75,160.67,161.0,161.0
3775.0,160.96,0.33,8,161.0,161.0,161.0,160.67,161.0,161.0,161.0,161.0
3780.0,160.83,0.67,8,161.0,160.67,161.0,160.67,160.33,161.0,161.0,161.0
3785.0,160.94,0.25,8,160.75,161.0,160.75,161.0,161.0,161.0,161.0,161.0
3790.0,161.0,0.0,8,161.0,161.0,161.0,161.0,161.0,161.0,161.0,161.0
3795.0,160.86,0.33,8,161.0,160.67,160.83,160.67,160.75,161.0,161.0,161.0
3800.0,160.86,0.5,8,161.0,161.0,161.0,160.5,160.67,160.75,161.0,161.0
3805.0,160.85,0.5,8,161.0,161.0,160.5,160.83,161.0,160.5,161.0,161.0
3810.0,160.92,0.33,8,161.0,161.0,160.67,161.0,161.0,160.67,161.0,161.0
3815.0,161.0,0.0,8,161.0,161.0,161.0,161.0,161.0,161.0,161.0,161.0
3820.0,160.97,0.25,8,161.0,161.0,160.75,161.0,161.0,161.0,161.0,161.0
3825.0,160.93,0.33,8,161.0,161.0,161.0,160.75,160.67,161.0,161.0,161.0
3830.0,160.94,0.5,8,161.0,161.0,160.5,161.0,161.0,161.0,161.0,161.0
3835.0,161.0,0.0,8,161.0,161.0,161.0,161.0,161.0,161.0,161.0,161.0
3840.0,161.06,0.5,8,161.0,161.0,161.0,161.0,161.0,161.0,161.5,161.0
3845.0,160.97,0.25,8,161.0,161.0,160.75,161.0,161.0,161.0,161.0,161.0
3850.0,160.89,0.33,8,161.0,161.0,160.67,160.75,160.67,161.0,161.0,161.0
3855.0,160.94,0.5,8,161.0,161.0,161.0,161.0,160.5,161.0,161.0,161.0
3860.0,160.92,1.0,8,161.0,161.0,160.67,160.33,161.0,161.0,161.33,161.0
3865.0,160.94,0.5,8,161.0,161.0,161.0,160.5,161.0,161.0,161.0,161.0
3870.0,160.96,0.33,8,161.0,160.67,161.0,161.0,161.0,161.0,161.0,161.0
3875.0,160.96,0.33,8,161.0,160.67,161.0,161.0,161.0,161.0,161.0,161.0
3880.0,160.95,0.25,8,161.0,161.0,161.0,161.0,160.83,160.75,161.0,161.0
3885.0,160.88,1.0,8,161.0,161.0,161.0,160.0,161.0,161.0,161.0,161.0
3890.0,160.97,0.25,8,161.0,160.75,161.0,161.0,161.0,161.0,161.0,161.0
3895.0,160.94,0.5,8,161.0,161.0,161.0,160.5,161.0,161.0,161.0,161.0
3900.0,160.93,0.33,8,161.0,160.67,160.75,161.0,161.0,161.0,161.0,161.0
3905.0,160.94,0.5,8,160.5,161.0,161.0,161.0,161.0,161.0,161.0,161.0
3910.0,161.0,0.0,8,161.0,161.0,161.0,161.0,161.0,161.0,161.0,161.0
3915.0,160.96,0.33,8,161.0,161.0,160.67,161.0,161.0,161.0,161.0,161.0
3920.0,160.88,0.5,8,161.0,160.75,160.67,160.75,160.67,161.0,161.17,161.0
3925.0,160.94,0.5,8,161.0,161.0,160.5,161.0,161.0,161.0,161.0,161.0
3930.0,161.0,0.0,8,161.0,161.0,161.0,161.0,161.0,161.0,161.0,161.0
3935.0,160.94,0.5,8,161.0,161.0,160.5,161.0,161.0,161.0,161.0,161.0
3940.0,160.91,0.5,8,160.5,161.0,160.75,161.0,161.0,161.0,161.0,161.0
3945.0,160.92,0.67,8,161.0,161.0,161.0,160.33,161.0,161.0,161.0,161.0
3950.0,160.92,0.67,8,161.0,161.0,161.0,160.33,161.0,161.0,161.0,161.0
3955.0,160.94,0.5,8,161.0,161.0,161.0,160.5,161.0,161.0,161.0,161.0
3960.0,160.92,0.67,8,161.0,161.0,161.0,160.33,161.0,161.0,161.0,161.0
3965.0,160.88,0.5,8,161.0,161.0,160.5,160.83,160.67,161.0,161.0,161.0
3970.0,160.94,0.5,8,161.0,161.0,160.5,161.0,161.0,161.0,161.0,161.0
3975.0,160.93,0.33,8,161.0,161.0,161.0,160.75,160.67,161.0,161.0,161.0
3980.0,161.0,1.0,8,161.0,161.0,161.0,160.5,161.0,161.0,161.5,161.0
3985.0,160.91,0.5,8,161.0,161.0,161.0,160.5,161.0,160.75,161.0,161.0
3990.0,161.0,0.0,8,161.0,161.0,161.0,161.0,161.0,161.0,161.0,161.0
3995.0,160.99,0.58,8,161.0,161.0,161.0,160.67,161.0,161.0,161.25,161.0
4000.0,160.88,0.5,8,161.0,161.0,160.5,161.0,160.5,161.0,161.0,161.0
4005.0,160.81,0.5,8,161.0,161.0,160.5,160.5,160.5,161.0,161.0,161.0
4010.0,160.97,0.25,8,161.0,161.0,160.75,161.0,161.0,161.0,161.0,161.0
4015.0,160.85,0.67,8,161.0,161.0,160.8,160.67,160.33,161.0,161.0,161.0
4020.0,160.84,0.67,8,160.67,160.75,161.0,160.33,161.0,161.0,161.0,161.0
4025.0,160.92,0.25,8,160.83,161.0,160.75,161.0,160.75,161.0,161.0,161.0
4030.0,160.69,1.0,8,161.0,161.0,160.0,160.5,160.5,160.5,161.0,161.0
4035.0,160.73,0.67,8,161.0,160.5,160.33,161.0,160.33,161.0,160.67,161.0
4040.0,160.75,0.5,8,160.5,161.0,161.0,160.5,161.0,160.5,160.5,161.0
4045.0,160.74,0.67,8,160.67,161.0,160.67,160.5,160.33,160.75,161.0,161.0
4050.0,160.8,0.5,8,161.0,161.0,160.67,160.5,160.5,161.0,160.75,161.0
4055.0,160.81,0.5,8,161.0,160.5,161.0,160.5,161.0,161.0,161.0,160.5
4060.0,160.78,1.0,8,161.0,161.0,160.33,160.0,161.0,160.88,161.0,161.0
4065.0,160.86,0.75,8,161.0,161.0,160.67,160.25,161.0,161.0,161.0,161.0
4070.0,160.8,1.0,8,161.0,161.0,160.0,161.0,161.0,160.75,160.67,161.0
4075.0,160.79,0.67,8,161.0,161.0,160.33,160.57,160.67,160.75,161.0,161.0
4080.0,160.97,0.25,8,161.0,161.0,160.75,161.0,161.0,161.0,161.0,161.0
4085.0,160.88,0.5,8,161.0,160.5,161.0,160.5,161.0,161.0,161.0,161.0
4090.0,160.97,0.25,8,161.0,161.0,161.0,160.75,161.0,161.0,161.0,161.0
4095.0,160.68,0.75,8,161.0,160.33,160.67,160.25,160.5,160.67,161.0,161.0
4100.0,160.88,0.5,8,161.0,161.0,160.5,160.5,161.0,161.0,161.0,161.0
4105.0,160.75,0.67,8,161.0,160.67,160.33,160.5,160.5,161.0,161.0,161.0
4110.0,160.82,0.5,8,161.0,161.0,161.0,160.5,160.6,161.0,160.5,161.0
4115.0,160.8,0.67,8,160.75,160.67,161.0,160.33,160.67,161.0,161.0,161.0
4120.0,160.73,1.33,8,161.33,161.0,160.5,160.0,160.5,160.67,161.0,160.83
4125.0,160.79,0.5,8,161.0,161.0,160.5,160.5,160.5,161.0,161.0,160.83
4130.0,160.75,1.0,8,161.0,161.0,160.0,160.56,160.67,160.75,161.0,161.0
4135.0,160.69,1.0,8,161.0,161.0,160.0,160.0,160.5,161.0,161.0,161.0
4140.0,160.74,0.67,8,160.75,161.0,160.33,160.67,160.33,161.0,160.8,161.0
4145.0,160.7,1.0,8,160.75,160.67,160.5,160.0,160.67,161.0,161.0,161.0
4150.0,160.56,1.0,8,160.5,160.5,160.5,160.0,160.5,160.5,161.0,161.0
4155.0,160.72,1.0,8,161.0,161.0,160.57,160.0,160.5,160.67,161.0,161.0
4160.0,160.56,1.0,8,161.0,160.33,160.0,160.0,160.67,160.5,161.0,161.0
4165.0,163.05,4.0,8,162.0,165.5,161.5,163.0,163.67,161.75,164.5,162.5
4170.0,228.75,37.5,8,233.5,220.5,219.67,209.5,225.67,232.67,247.0,241.5
4175.0,303.34,41.5,8,315.33,309.67,280.0,287.0,290.25,305.0,321.5,318.0
4180.0,341.64,52.0,8,356.8,340.33,322.0,313.5,322.5,349.5,365.5,363.0
4185.0,362.56,56.5,8,377.33,358.0,339.0,333.0,355.43,366.25,382.0,389.5
4190.0,372.82,63.5,8,383.0,371.0,344.5,341.5,365.57,376.0,396.0,405.0
4195.0,373.15,58.17,8,392.0,366.0,344.33,343.0,361.0,379.67,398.0,401.17
4200.0,374.05,59.42,8,389.33,372.0,350.5,341.33,358.5,382.0,398.0,400.75
4205.0,375.09,57.2,8,392.5,375.5,350.0,344.0,356.5,381.0,400.0,401.2
4210.0,375.39,63.0,8,397.0,372.5,343.43,342.33,356.5,382.67,405.33,403.33
4215.0,374.55,63.5,8,396.5,366.4,346.0,343.0,358.5,380.0,399.5,406.5
4220.0,374.67,61.67,8,392.0,369.33,347.33,343.67,358.0,386.0,395.67,405.33
4225.0,376.64,64.08,8,389.33,372.75,353.0,342.25,358.0,387.75,403.67,406.33
4230.0,375.54,60.5,8,393.0,373.5,351.5,342.5,357.5,384.6,398.75,403.0
4235.0,373.27,62.0,8,390.0,368.0,343.4,341.33,356.75,380.33,403.0,403.33
4240.0,372.99,60.0,8,391.0,367.33,349.0,343.5,356.0,379.25,394.33,403.5
4245.0,374.4,62.0,8,392.0,372.5,347.5,343.0,360.67,377.5,397.0,405.0
4250.0,372.21,58.73,8,388.0,364.75,349.0,341.67,356.0,380.33,397.5,400.4
4255.0,373.54,62.0,8,384.62,371.25,347.75,342.0,359.33,379.33,400.0,404.0
4260.0,371.84,65.0,8,383.12,365.67,346.5,340.0,354.75,379.0,400.67,405.0
4265.0,369.87,64.5,8,382.62,365.0,347.0,338.5,349.0,374.5,399.33,403.0
4270.0,369.42,65.0,8,382.86,369.0,345.5,337.5,351.0,373.0,394.0,402.5
4275.0,370.1,64.48,8,387.67,369.5,346.0,337.86,345.67,371.75,400.0,402.33
4280.0,370.48,69.6,8,390.75,371.5,336.4,336.5,354.0,373.67,395.0,406.0
4285.0,371.16,63.67,8,393.5,370.0,341.25,337.33,354.67,375.0,396.5,401.0
4290.0,371.64,66.67,8,384.89,376.33,345.25,336.33,354.0,374.0,399.33,403.0
4295.0,368.26,64.75,8,383.5,367.0,341.0,336.75,345.0,371.0,400.33,401.5
4300.0,367.46,64.5,8,384.0,365.0,341.67,336.0,349.0,369.5,394.0,400.5
4305.0,370.32,65.42,8,392.0,368.75,343.0,336.33,348.0,379.5,393.25,401.75
4310.0,371.13,69.5,8,388.5,368.5,346.5,334.5,349.0,379.4,398.67,404.0
4315.0,369.46,66.58,8,387.33,360.6,347.67,334.75,353.0,374.0,397.0,401.33
4320.0,366.24,63.75,8,386.67,369.0,334.25,335.33,349.0,370.0,387.67,398.0
4325.0,366.79,65.14,8,389.0,368.5,333.86,334.0,348.0,369.5,392.5,399.0
4330.0,367.41,66.08,8,386.0,362.33,339.67,334.67,352.0,376.22,387.67,400.75
4335.0,370.36,70.83,8,389.0,367.25,348.0,334.5,351.67,368.5,405.33,398.67
4340.0,369.77,70.64,8,387.5,367.0,344.0,334.5,348.0,369.5,405.14,402.5
4345.0,367.02,62.83,8,386.33,358.8,347.67,333.5,346.5,371.33,395.67,396.33
4350.0,365.46,64.5,8,385.33,367.0,333.5,334.33,351.67,367.5,386.33,398.0
4355.0,367.29,66.83,8,388.5,365.5,336.5,333.67,351.0,372.67,390.0,400.5
4360.0,367.74,65.67,8,380.14,371.33,342.75,333.33,351.0,369.67,394.67,399.0
4365.0,364.15,62.75,8,386.5,352.38,339.67,333.25,342.67,367.75,395.0,396.0
4370.0,364.32,65.0,8,385.5,352.57,340.0,333.5,346.0,367.0,391.5,398.5
4375.0,366.33,66.67,8,385.75,361.67,338.0,333.67,346.0,375.75,389.5,400.33
4380.0,366.85,64.5,8,386.5,366.0,340.5,333.0,345.5,375.8,390.0,397.5
4385.0,365.28,63.67,8,380.88,364.5,337.67,332.33,349.67,369.67,391.5,396.0
4390.0,364.32,58.83,8,384.67,360.33,342.25,332.67,345.0,368.67,389.5,391.5
4395.0,362.6,62.64,8,380.0,358.67,339.0,330.5,344.0,366.0,389.5,393.14
4400.0,365.65,65.0,8,383.33,360.33,337.5,329.0,359.88,369.5,391.67,394.0
4405.0,368.48,61.55,8,390.0,367.75,340.0,336.2,352.0,374.67,389.5,397.75
4410.0,357.85,62.75,8,368.5,360.5,330.0,325.25,346.0,360.25,384.33,388.0
4415.0,350.75,24.0,8,355.0,346.4,345.25,340.33,346.33,354.67,353.67,364.33
4420.0,372.59,13.75,8,372.5,364.5,378.25,371.33,370.0,375.25,375.67,373.25
4425.0,371.31,16.17,8,371.5,360.0,376.17,370.33,370.0,374.0,372.5,376.0
4430.0,372.26,18.54,8,373.0,364.33,371.0,370.33,369.67,375.33,371.5,382.88
4435.0,372.2,25.42,8,370.0,361.75,369.5,371.33,368.5,380.33,369.0,387.17
4440.0,371.03,21.08,8,369.0,358.67,372.33,369.0,371.5,375.0,373.0,379.75
4445.0,371.34,18.0,8,368.33,362.33,369.0,371.5,370.5,378.75,370.0,380.33
4450.0,370.29,16.33,8,377.0,360.67,368.0,366.17,370.0,376.0,370.5,374.0
4455.0,368.93,14.83,8,373.5,360.5,367.0,366.8,367.67,375.33,365.67,375.0
4460.0,368.67,15.0,8,368.67,363.0,366.67,368.0,365.67,373.67,365.67,378.0
4465.0,368.74,17.5,8,369.0,359.5,373.25,368.5,367.0,371.0,364.67,377.0
4470.0,370.42,14.25,8,375.75,361.5,373.11,369.5,368.67,375.33,369.5,370.0
4475.0,370.16,10.75,8,375.0,365.5,371.33,367.67,364.25,374.0,369.0,374.5
4480.0,368.99,17.83,8,364.71,361.5,368.67,368.33,367.67,374.67,367.0,379.33
4485.0,369.19,12.33,8,373.0,363.67,369.5,370.0,364.0,373.0,364.33,376.0
4490.0,369.17,8.5,8,370.5,365.2,370.67,368.5,365.0,373.0,367.0,373.5
4495.0,369.07,15.67,8,370.0,360.33,368.0,368.0,365.5,376.0,372.0,372.75
4500.0,369.36,10.33,8,374.0,363.67,370.67,367.5,368.25,371.75,367.75,371.33
4505.0,369.26,17.0,8,376.0,359.0,371.67,368.5,366.38,373.0,366.0,373.5
4510.0,368.38,10.5,8,370.5,362.5,363.5,367.0,367.0,373.0,370.5,373.0
4515.0,367.06,14.33,8,362.0,360.0,370.67,365.33,367.67,374.33,363.0,373.5
4520.0,365.08,12.33,8,358.17,362.67,365.33,367.5,364.33,370.5,362.67,369.5
4525.0,367.46,6.5,8,365.0,365.67,369.0,366.0,365.0,370.0,367.5,371.5
4530.0,367.18,14.67,8,375.67,361.0,368.0,364.0,364.67,371.67,361.2,371.25
4535.0,368.32,26.0,8,364.33,359.25,367.25,367.33,365.0,371.67,366.5,385.25
4540.0,367.38,26.5,8,364.0,359.5,365.0,366.5,361.5,369.5,367.0,386.0
4545.0,363.57,19.67,8,364.33,355.67,365.67,359.86,361.67,366.0,360.0,375.33
4550.0,362.66,18.33,8,369.67,353.5,367.67,364.5,351.33,364.33,361.5,368.75
4555.0,361.56,14.67,8,367.5,353.0,367.0,365.0,352.83,364.67,361.0,361.5
4560.0,335.64,14.5,8,334.5,335.75,342.5,341.0,328.0,334.0,331.0,338.33
4565.0,293.44,24.58,8,301.0,292.0,289.33,284.25,282.75,292.33,298.5,307.33
4570.0,295.65,33.0,8,305.0,295.0,283.67,281.0,287.0,293.0,306.5,314.0
4575.0,295.49,32.25,8,302.33,295.33,283.0,280.0,286.0,293.5,311.5,312.25
4580.0,295.01,32.0,8,303.5,294.25,288.0,279.0,285.0,292.67,306.67,311.0
4585.0,294.65,32.83,8,304.0,294.5,285.0,278.5,284.0,292.83,307.0,311.33
4590.0,293.06,31.92,8,299.33,293.33,279.71,278.75,282.67,292.0,308.0,310.67
4595.0,294.35,31.15,8,302.75,294.67,285.0,279.6,284.0,292.0,306.0,310.75
4600.0,293.61,31.25,8,301.5,293.0,284.0,278.75,285.0,290.67,306.0,310.0
4605.0,294.03,30.83,8,302.0,292.71,286.33,278.5,286.0,291.0,306.33,309.33
4610.0,292.28,31.67,8,301.5,291.75,281.67,278.33,283.0,289.0,303.0,310.0
4615.0,292.21,32.5,8,302.5,292.5,281.67,277.5,282.5,289.5,301.5,310.0
4620.0,292.59,33.67,8,299.0,292.67,282.0,277.67,285.0,291.29,301.75,311.33
4625.0,293.77,33.33,8,302.25,292.67,281.33,277.67,284.67,291.0,309.56,311.0
4630.0,294.23,34.21,8,301.5,292.5,286.33,277.67,284.33,290.0,311.88,309.67
4635.0,292.79,31.36,8,298.0,293.5,283.0,277.5,282.5,290.5,308.86,308.5
4640.0,292.48,30.42,8,298.67,292.0,283.0,278.25,283.25,290.67,305.33,308.67
4645.0,291.33,34.67,8,299.0,292.5,276.0,277.33,284.67,289.25,301.25,310.67
4650.0,291.6,31.0,8,301.0,292.5,278.14,277.0,283.67,291.0,301.5,308.0
4655.0,291.62,32.0,8,295.38,292.75,280.67,278.0,284.0,290.67,301.5,310.0
4660.0,292.12,31.25,8,299.0,292.25,285.33,276.75,284.67,290.0,301.0,308.0
4665.0,291.36,30.86,8,297.67,292.33,283.5,277.0,282.5,289.0,301.0,307.86
4670.0,291.75,31.83,8,298.0,291.33,282.0,276.5,285.5,289.33,303.0,308.33
4675.0,291.51,30.9,8,300.5,292.0,282.5,277.6,283.0,288.0,300.0,308.5
4680.0,291.7,30.86,8,303.33,291.25,280.33,277.0,283.67,289.67,300.5,307.86
4685.0,291.01,31.67,8,298.0,291.0,282.75,276.0,283.0,288.67,301.0,307.67
4690.0,290.25,31.0,8,300.5,290.67,280.33,275.5,281.5,288.5,298.5,306.5
4695.0,290.89,32.17,8,297.67,291.0,279.67,275.5,282.0,289.62,304.0,307.67
4700.0,291.36,33.25,8,301.33,291.0,279.67,276.0,286.12,288.0,299.5,309.25
4705.0,291.92,33.5,8,300.0,291.0,282.5,275.5,285.67,288.0,303.67,309.0
4710.0,291.16,32.67,8,299.5,290.12,279.67,276.33,282.67,288.67,303.33,309.0
4715.0,289.5,32.25,8,292.4,291.5,279.67,276.25,281.0,286.67,300.0,308.5
4720.0,289.91,32.0,8,294.6,290.67,279.33,275.5,282.67,288.0,301.0,307.5
4725.0,290.88,30.86,8,298.5,291.67,279.0,276.0,282.33,289.33,303.33,306.86
4730.0,289.66,31.5,8,292.5,290.0,281.5,275.5,280.75,287.0,303.0,307.0
4735.0,289.17,33.5,8,291.86,290.0,281.5,275.0,280.0,287.0,299.5,308.5
4740.0,290.61,33.0,8,300.67,290.33,278.67,275.0,284.75,287.75,299.75,308.0
4745.0,290.18,32.0,8,299.5,291.0,280.5,274.0,284.44,287.0,299.0,306.0
4750.0,289.06,32.3,8,296.67,291.0,281.5,273.5,278.5,285.5,300.0,305.8
4755.0,288.89,33.48,8,297.0,290.67,279.0,274.86,279.5,285.75,296.0,308.33
4760.0,291.61,34.83,8,300.0,290.75,285.0,274.5,283.83,286.5,303.0,309.33
4765.0,289.97,34.67,8,298.0,291.0,281.5,274.0,282.0,286.33,298.25,308.67
4770.0,289.87,32.62,8,297.67,290.67,282.0,274.71,278.0,285.25,303.33,307.33
4775.0,290.79,33.33,8,303.33,290.67,281.5,275.17,281.0,286.67,299.5,308.5
4780.0,289.85,31.71,8,299.5,291.5,281.0,274.29,278.5,285.67,302.33,306.0
4785.0,289.79,34.0,8,299.5,289.12,278.33,274.0,280.33,286.33,302.67,308.0
4790.0,288.78,34.25,8,291.88,290.5,280.75,274.25,276.67,285.67,302.0,308.5
4795.0,288.52,33.67,8,294.2,290.5,277.67,274.33,279.5,285.5,298.5,308.0
4800.0,289.33,34.0,8,296.33,289.0,278.33,274.0,277.5,285.0,306.5,308.0
4805.0,288.64,32.67,8,296.33,289.33,278.0,274.0,280.33,286.67,297.75,306.67
4810.0,291.14,35.33,8,299.0,289.75,282.67,274.0,280.67,285.0,309.33,308.67
4815.0,288.97,33.17,8,297.0,290.0,278.33,273.5,278.0,285.0,303.25,306.67
4820.0,289.42,33.17,8,301.67,289.33,278.67,274.33,280.33,285.8,297.75,307.5
4825.0,290.08,35.42,8,296.33,290.0,280.75,273.33,279.67,285.5,308.75,306.33
4830.0,289.31,34.25,8,296.67,289.33,280.5,273.0,278.0,285.5,304.2,307.25
4835.0,288.29,32.75,8,296.33,289.67,279.0,274.0,281.43,285.5,293.67,306.75
4840.0,289.96,35.0,8,299.5,290.0,281.0,273.0,279.0,288.2,301.0,308.0
4845.0,288.83,32.17,8,299.0,288.0,280.75,273.5,277.75,284.0,302.0,305.67
4850.0,288.29,32.67,8,299.5,289.0,278.0,273.33,277.5,285.0,298.0,306.0
4855.0,290.33,33.0,8,301.33,289.67,277.67,274.0,280.67,286.0,306.33,307.0
4860.0,288.44,31.92,8,297.0,291.0,280.75,273.25,276.33,286.0,298.0,305.17
4865.0,288.26,32.71,8,296.33,290.5,279.5,273.0,279.0,284.0,298.0,305.71
4870.0,288.67,32.67,8,297.0,289.5,280.5,273.33,278.0,284.33,300.67,306.0
4875.0,288.24,33.17,8,300.0,290.0,273.6,273.33,279.0,285.5,298.0,306.5
4880.0,290.31,35.0,8,297.0,289.67,278.0,274.33,280.33,286.0,307.78,309.33
4885.0,290.44,36.79,8,299.25,290.0,281.33,272.33,280.0,283.5,309.12,308.0
4890.0,294.25,38.33,8,304.5,294.0,280.0,274.0,285.0,292.5,312.33,311.67
4895.0,296.43,42.42,8,309.0,298.5,273.25,279.0,293.0,294.67,308.33,315.67
4900.0,293.95,39.33,8,307.0,291.5,280.67,276.0,288.75,294.0,298.33,315.33
4905.0,344.05,32.5,8,353.0,343.6,334.33,326.0,331.0,351.0,358.5,355.0
4910.0,403.92,51.58,8,401.75,401.67,381.67,387.33,395.67,412.0,433.25,418.0
4915.0,402.22,50.9,8,403.0,396.0,386.0,383.5,395.0,407.5,434.4,412.33
4920.0,399.97,42.86,8,404.0,395.67,383.33,383.14,392.25,402.0,426.0,413.33
4925.0,403.39,42.67,8,400.67,399.33,383.67,383.33,400.62,408.5,425.0,426.0
4930.0,403.09,51.0,8,405.33,397.5,385.25,378.67,394.0,414.8,429.67,419.5
4935.0,391.62,48.0,8,393.0,391.0,368.0,373.5,384.0,404.43,416.0,403.0
4940.0,384.57,52.78,8,383.33,383.0,364.0,362.56,371.33,396.33,415.33,400.67
4945.0,385.4,57.33,8,388.67,379.5,358.33,362.0,375.0,391.0,413.0,415.67
4950.0,289.9,38.83,8,302.5,297.5,273.71,275.67,272.67,300.67,311.5,285.0
4955.0,165.48,6.67,8,163.75,167.0,164.0,165.33,166.75,169.67,164.33,163.0
4960.0,162.92,1.75,8,162.11,162.67,163.0,163.67,163.75,163.5,162.67,162.0
4965.0,160.97,1.17,8,160.57,160.5,161.0,161.67,161.5,160.5,161.0,161.0
4970.0,158.04,0.33,8,158.0,158.0,158.0,158.0,158.33,158.0,158.0,158.0
4975.0,157.5,0.67,8,157.33,158.0,157.5,157.67,157.33,157.5,157.33,157.33
4980.0,157.0,0.0,8,157.0,157.0,157.0,157.0,157.0,157.0,157.0,157.0
4985.0,156.88,0.5,8,157.0,156.67,157.0,157.0,156.5,156.83,157.0,157.0
4990.0,156.83,0.5,8,156.75,157.0,157.0,156.5,156.86,157.0,157.0,156.5
4995.0,156.87,0.4,8,157.0,157.0,157.0,157.0,156.6,156.67,156.67,157.0
5000.0,156.06,0.5,8,156.0,156.5,156.0,156.0,156.0,156.0,156.0,156.0
5005.0,156.19,0.5,8,156.33,156.33,156.0,156.14,156.5,156.25,156.0,156.0
5010.0,156.12,0.38,8,156.0,156.33,156.0,156.0,156.38,156.0,156.0,156.25
5015.0,156.17,0.5,8,156.0,156.5,156.0,156.0,156.17,156.33,156.33,156.0
5020.0,156.04,0.33,8,156.0,156.0,156.0,156.0,156.0,156.0,156.33,156.0
5025.0,156.0,0.0,8,156.0,156.0,156.0,156.0,156.0,156.0,156.0,156.0
5030.0,156.03,0.2,8,156.0,156.2,156.0,156.0,156.0,156.0,156.0,156.0
5035.0,156.0,0.0,8,156.0,156.0,156.0,156.0,156.0,156.0,156.0,156.0
5040.0,156.0,0.0,8,156.0,156.0,156.0,156.0,156.0,156.0,156.0,156.0
5045.0,156.0,0.0,8,156.0,156.0,156.0,156.0,156.0,156.0,156.0,156.0
5050.0,156.0,0.0,8,156.0,156.0,156.0,156.0,156.0,156.0,156.0,156.0
5055.0,156.0,0.0,8,156.0,156.0,156.0,156.0,156.0,156.0,156.0,156.0
5060.0,156.0,0.0,8,156.0,156.0,156.0,156.0,156.0,156.0,156.0,156.0
5065.0,156.0,0.0,8,156.0,156.0,156.0,156.0,156.0,156.0,156.0,156.0
5070.0,156.0,0.0,8,156.0,156.0,156.0,156.0,156.0,156.0,156.0,156.0
5075.0,156.0,0.0,8,156.0,156.0,156.0,156.0,156.0,156.0,156.0,156.0
5080.0,156.0,0.0,8,156.0,156.0,156.0,156.0,156.0,156.0,156.0,156.0
5085.0,156.0,0.0,8,156.0,156.0,156.0,156.0,156.0,156.0,156.0,156.0
5090.0,156.0,0.0,8,156.0,156.0,156.0,156.0,156.0,156.0,156.0,156.0
5095.0,156.0,0.0,8,156.0,156.0,156.0,156.0,156.0,156.0,156.0,156.0
5100.0,156.0,0.0,8,156.0,156.0,156.0,156.0,156.0,156.0,156.0,156.0
5105.0,156.0,0.0,8,156.0,156.0,156.0,156.0,156.0,156.0,156.0,156.0
5110.0,156.0,0.0,8,156.0,156.0,156.0,156.0,156.0,156.0,156.0,156.0
5115.0,156.0,0.0,8,156.0,156.0,156.0,156.0,156.0,156.0,156.0,156.0
5120.0,155.96,0.33,8,156.0,156.0,156.0,156.0,156.0,155.67,156.0,156.0
5125.0,155.92,0.33,8,155.71,156.0,156.0,156.0,155.67,156.0,156.0,156.0
5130.0,156.0,0.0,8,156.0,156.0,156.0,156.0,156.0,156.0,156.0,156.0
5135.0,155.96,0.33,8,156.0,155.67,156.0,156.0,156.0,156.0,156.0,156.0
5140.0,156.0,0.0,8,156.0,156.0,156.0,156.0,156.0,156.0,156.0,156.0
5145.0,155.96,0.33,8,155.67,156.0,156.0,156.0,156.0,156.0,156.0,156.0
5150.0,155.94,0.5,8,156.0,156.0,156.0,155.5,156.0,156.0,156.0,156.0
5155.0,155.9,0.33,8,156.0,156.0,155.67,156.0,155.67,155.89,156.0,156.0
5160.0,155.92,0.5,8,156.0,156.0,156.0,156.0,156.0,155.5,155.89,156.0
5165.0,156.0,0.0,8,156.0,156.0,156.0,156.0,156.0,156.0,156.0,156.0
5170.0,155.96,0.33,8,156.0,156.0,156.0,156.0,155.67,156.0,156.0,156.0
5175.0,155.97,0.25,8,156.0,156.0,156.0,155.75,156.0,156.0,156.0,156.0
5180.0,155.96,0.33,8,156.0,155.67,156.0,156.0,156.0,156.0,156.0,156.0
5185.0,155.95,0.25,8,156.0,156.0,156.0,156.0,155.83,156.0,156.0,155.75
5190.0,155.93,0.33,8,156.0,156.0,156.0,156.0,155.8,155.67,156.0,156.0
5195.0,155.97,0.2,8,156.0,155.8,156.0,156.0,156.0,156.0,156.0,156.0
5200.0,155.9,0.33,8,156.0,155.67,156.0,155.75,155.75,156.0,156.0,156.0
5205.0,155.85,1.0,8,156.0,155.8,156.0,156.0,155.0,156.0,156.0,156.0
5210.0,155.88,0.67,8,155.67,156.0,155.33,156.0,156.0,156.0,156.0,156.0
5215.0,155.82,0.5,8,156.0,155.5,156.0,155.5,156.0,155.89,156.0,155.67
5220.0,155.97,0.25,8,156.0,156.0,156.0,156.0,156.0,155.75,156.0,156.0
5225.0,155.85,0.67,8,156.0,156.0,155.33,156.0,156.0,155.5,156.0,156.0
5230.0,155.92,0.43,8,155.75,156.0,156.0,156.0,155.57,156.0,156.0,156.0
5235.0,157.35,3.0,8,157.5,157.0,156.0,158.0,156.83,157.5,157.0,159.0
5240.0,170.37,7.5,8,171.0,167.5,169.6,167.5,171.0,169.0,172.33,175.0
5245.0,168.43,4.5,8,169.67,169.5,166.0,167.0,167.0,167.75,170.0,170.5
5250.0,161.61,3.17,8,162.0,161.5,160.57,160.33,162.0,161.0,162.0,163.5
5255.0,158.7,1.5,8,159.5,158.33,158.0,158.0,158.33,158.67,159.5,159.29
5260.0,157.36,1.0,8,158.0,157.0,157.0,157.0,157.0,157.0,158.0,157.86
5265.0,156.75,0.67,8,157.0,156.67,156.33,156.5,156.5,157.0,157.0,157.0
5270.0,156.39,1.0,8,156.33,156.0,156.0,156.0,156.5,156.57,156.75,157.0
5275.0,156.09,0.75,8,156.0,156.0,156.0,156.0,156.0,156.75,156.0,156.0
5280.0,156.0,0.0,8,156.0,156.0,156.0,156.0,156.0,156.0,156.0,156.0
5285.0,155.96,0.33,8,156.0,156.0,156.0,156.0,155.67,156.0,156.0,156.0
5290.0,156.0,0.0,8,156.0,156.0,156.0,156.0,156.0,156.0,156.0,156.0
5295.0,155.79,0.5,8,155.5,156.0,155.83,155.67,155.67,155.67,156.0,156.0
5300.0,155.86,0.33,8,156.0,155.86,155.67,155.67,155.67,156.0,156.0,156.0
5305.0,155.79,0.5,8,155.6,155.5,156.0,155.5,156.0,155.75,156.0,156.0
5310.0,155.46,1.0,8,155.4,155.75,155.33,155.33,155.33,156.0,155.0,155.5
5315.0,155.68,1.0,8,156.0,156.0,155.33,155.67,155.67,155.0,156.0,155.8
5320.0,155.7,0.67,8,156.0,155.5,155.75,155.5,156.0,155.5,156.0,155.33
5325.0,155.58,1.0,8,155.67,155.67,155.33,155.5,155.0,155.5,156.0,156.0
5330.0,155.63,0.67,8,156.0,155.67,155.33,155.33,155.5,155.71,156.0,155.5
5335.0,155.54,1.0,8,155.5,155.5,155.5,155.0,155.5,156.0,155.67,155.67
5340.0,155.65,0.67,8,156.0,156.0,155.57,155.33,155.33,155.33,155.67,156.0
5345.0,155.69,0.67,8,156.0,155.71,155.5,155.33,155.5,155.75,155.75,156.0
5350.0,155.57,0.67,8,156.0,155.43,155.67,155.67,155.33,155.67,155.33,155.5
5355.0,155.46,1.0,8,156.0,155.6,155.75,155.0,155.0,155.33,155.33,155.67
5360.0,155.29,0.5,8,155.5,155.29,155.5,155.0,155.0,155.5,155.0,155.5
5365.0,155.51,0.75,8,155.67,155.67,155.33,155.5,155.0,155.75,155.5,155.67
5370.0,155.38,0.5,8,155.25,155.33,155.33,155.5,155.17,155.67,155.25,155.5
5375.0,155.4,1.0,8,156.0,155.5,155.0,155.0,155.4,155.67,155.0,155.67
5380.0,155.44,1.0,8,155.67,155.0,155.5,155.14,155.25,156.0,155.33,155.67
5385.0,155.46,1.0,8,156.0,155.0,155.0,155.29,155.5,155.67,155.5,155.75
5390.0,155.45,1.0,8,155.0,155.5,155.5,155.43,156.0,155.67,155.0,155.5
5395.0,155.2,0.67,8,155.0,155.2,155.25,155.5,155.0,155.0,155.67,155.0
5400.0,155.27,0.75,8,155.0,155.17,155.0,155.0,155.0,155.75,155.75,155.5
5405.0,155.29,1.0,8,155.0,155.5,155.29,155.0,155.0,155.0,155.5,156.0
5410.0,155.45,1.0,8,155.5,155.0,155.67,155.33,155.67,156.0,155.0,155.43
5415.0,155.65,0.75,8,155.75,155.75,155.25,155.5,155.33,156.0,155.62,156.0
5420.0,155.43,1.0,8,155.67,155.33,155.33,155.0,155.0,156.0,155.4,155.67
5425.0,155.18,0.67,8,155.0,155.67,155.0,155.0,155.0,155.43,155.33,155.0
5430.0,155.25,0.5,8,155.0,155.0,155.0,155.5,155.25,155.25,155.5,155.5
5435.0,155.21,0.67,8,155.0,155.0,155.0,155.2,155.5,155.33,155.67,155.0
5440.0,155.41,1.0,8,155.67,155.2,155.0,155.25,155.5,155.33,156.0,155.33
5445.0,155.22,0.75,8,155.0,155.0,155.0,155.0,155.25,155.25,155.75,155.5
5450.0,155.27,0.5,8,155.5,155.33,155.33,155.0,155.5,155.0,155.5,155.0
5455.0,155.52,1.0,8,156.0,156.0,155.0,155.2,155.33,155.67,155.67,155.33
5460.0,155.38,1.0,8,155.5,155.0,155.57,155.0,155.33,155.33,156.0,155.33
5465.0,155.23,0.5,8,155.5,155.29,155.0,155.25,155.0,155.0,155.5,155.33
5470.0,155.52,1.0,8,156.0,155.12,155.33,155.67,155.0,155.5,156.0,155.5
5475.0,155.58,0.67,8,155.33,156.0,155.33,155.5,156.0,155.5,155.62,155.33
5480.0,155.36,1.0,8,155.0,155.5,155.5,155.0,155.67,156.0,155.0,155.25
5485.0,155.26,0.67,8,155.67,155.0,155.0,155.0,155.4,155.0,155.67,155.33
5490.0,155.49,1.0,8,155.0,155.5,156.0,155.43,155.5,155.5,155.33,155.67
5495.0,155.47,0.88,8,155.67,156.0,155.12,155.25,155.5,155.25,155.5,155.5
5500.0,155.25,0.5,8,155.5,155.0,155.0,155.0,155.33,155.33,155.33,155.5
5505.0,155.4,0.75,8,155.5,155.33,155.0,155.33,155.0,155.75,155.75,155.5
5510.0,155.62,0.67,8,155.5,155.33,156.0,155.67,155.33,155.67,155.5,156.0
5515.0,155.31,0.5,8,155.29,155.33,155.0,155.33,155.0,155.5,155.5,155.5
5520.0,155.4,1.0,8,156.0,155.25,155.25,155.25,155.25,156.0,155.2,155.0
5525.0,155.41,1.0,8,155.67,155.0,155.5,155.5,156.0,155.0,155.0,155.6
5530.0,155.26,0.67,8,155.67,155.33,155.67,155.0,155.14,155.25,155.0,155.0
5535.0,155.35,0.5,8,155.5,155.5,155.5,155.0,155.29,155.0,155.5,155.5
5540.0,155.62,1.0,8,155.5,156.0,155.0,155.5,155.6,155.67,156.0,155.67
5545.0,155.29,0.67,8,155.0,155.5,155.2,155.25,155.0,155.0,155.67,155.67
5550.0,155.42,0.61,8,155.33,155.5,155.14,155.5,155.67,155.25,155.75,155.25
5555.0,155.21,0.5,8,155.5,155.0,155.0,155.5,155.33,155.33,155.0,155.0
5560.0,155.28,1.0,8,155.0,155.14,155.25,155.5,155.0,155.33,156.0,155.0
5565.0,155.29,0.5,8,155.0,155.17,155.5,155.33,155.25,155.25,155.5,155.33
5570.0,155.31,1.0,8,155.0,155.5,155.14,155.33,155.0,155.0,155.5,156.0
5575.0,155.21,0.5,8,155.38,155.5,155.0,155.33,155.0,155.0,155.0,155.5
5580.0,155.25,0.75,8,155.75,155.0,155.25,155.25,155.5,155.0,155.29,155.0
5585.0,155.44,1.0,8,155.67,156.0,155.0,155.5,155.0,155.5,155.17,155.67
5590.0,155.29,1.0,8,155.33,155.33,156.0,155.0,155.29,155.0,155.0,155.33
5595.0,155.48,1.0,8,155.75,155.0,155.5,155.29,156.0,155.33,155.25,155.75
5600.0,155.47,1.0,8,155.5,156.0,156.0,155.0,155.25,155.33,155.0,155.67
5605.0,155.31,0.75,8,155.0,155.0,155.4,155.75,155.0,155.67,155.0,155.67
5610.0,155.42,0.75,8,155.5,155.33,155.5,155.0,155.5,155.25,155.5,155.75
5615.0,155.32,0.75,8,155.5,155.75,155.0,155.44,155.33,155.0,155.0,155.5
5620.0,155.27,0.67,8,155.67,155.67,155.5,155.0,155.0,155.0,155.0,155.33
5625.0,155.45,0.67,8,155.67,155.67,155.33,155.0,155.4,155.5,155.5,155.5
5630.0,155.47,0.75,8,155.5,155.75,155.33,155.5,155.29,155.0,155.67,155.75
5635.0,155.35,0.5,8,155.5,155.5,155.5,155.0,155.29,155.33,155.33,155.33
5640.0,155.24,0.67,8,155.67,155.0,155.2,155.5,155.25,155.0,155.0,155.33
5645.0,155.06,0.5,8,155.0,155.0,155.0,155.0,155.0,155.0,155.0,155.5
5650.0,155.04,0.33,8,155.0,155.0,155.0,155.33,155.0,155.0,155.0,155.0
5655.0,155.08,0.33,8,155.0,155.0,155.0,155.0,155.33,155.33,155.0,155.0
5660.0,155.17,0.5,8,155.0,155.0,155.5,155.0,155.25,155.0,155.5,155.14
5665.0,155.04,0.33,8,155.33,155.0,155.0,155.0,155.0,155.0,155.0,155.0
5670.0,155.16,0.5,8,155.0,155.33,155.0,155.0,155.0,155.5,155.0,155.43
5675.0,155.05,0.25,8,155.0,155.0,155.0,155.0,155.0,155.12,155.0,155.25
5680.0,155.33,0.5,8,155.5,155.5,155.5,155.5,155.0,155.33,155.33,155.0
5685.0,155.37,0.67,8,155.5,155.0,155.14,155.5,155.5,155.33,155.33,155.67
5690.0,155.28,0.5,8,155.5,155.25,155.0,155.0,155.0,155.5,155.5,155.5
5695.0,155.28,0.5,8,155.5,155.5,155.38,155.0,155.33,155.0,155.0,155.5
5700.0,155.12,0.5,8,155.5,155.0,155.0,155.0,155.0,155.0,155.5,155.0
5705.0,155.15,0.5,8,155.25,155.25,155.0,155.0,155.0,155.2,155.0,155.5
5710.0,155.29,1.0,8,156.0,155.0,155.0,155.0,155.5,155.12,155.67,155.0
5715.0,155.23,0.5,8,155.5,155.5,155.0,155.5,155.33,155.0,155.0,155.0
5720.0,155.13,0.33,8,155.2,155.0,155.0,155.0,155.0,155.25,155.25,155.33
5725.0,155.25,1.0,8,155.0,155.0,155.33,155.0,155.33,155.33,155.0,156.0
5730.0,155.18,0.5,8,155.5,155.12,155.0,155.0,155.33,155.0,155.0,155.5
5735.0,155.19,0.5,8,155.5,155.25,155.0,155.25,155.0,155.33,155.0,155.22
5740.0,155.13,0.5,8,155.0,155.33,155.0,155.0,155.0,155.5,155.0,155.2
5745.0,155.36,1.0,8,155.33,155.5,156.0,155.33,155.0,155.0,155.2,155.5
5750.0,155.22,0.5,8,155.33,155.0,155.33,155.0,155.0,155.5,155.25,155.33
5755.0,155.18,0.5,8,155.0,155.5,155.33,155.0,155.33,155.0,155.0,155.25
5760.0,155.08,0.25,8,155.0,155.25,155.25,155.0,155.0,155.0,155.14,155.0
5765.0,155.12,0.33,8,155.33,155.33,155.0,155.0,155.0,155.0,155.0,155.33
5770.0,155.24,1.0,8,155.0,155.33,155.0,156.0,155.29,155.0,155.0,155.33
5775.0,155.21,0.5,8,155.5,155.5,155.0,155.14,155.0,155.0,155.25,155.25
5780.0,155.12,0.33,8,155.0,155.0,155.0,155.0,155.33,155.33,155.0,155.33
5785.0,155.08,0.33,8,155.33,155.0,155.0,155.0,155.0,155.0,155.33,155.0
5790.0,155.17,0.5,8,155.33,155.5,155.0,155.0,155.25,155.25,155.0,155.0
5795.0,155.12,0.5,8,155.0,155.5,155.0,155.0,155.0,155.0,155.0,155.5
5800.0,155.29,0.5,8,155.14,155.5,155.0,155.33,155.33,155.0,155.5,155.5
5805.0,155.22,0.75,8,155.5,155.0,155.75,155.25,155.25,155.0,155.0,155.0
5810.0,155.2,0.5,8,155.0,155.0,155.33,155.0,155.5,155.0,155.5,155.25
5815.0,155.12,0.5,8,155.33,155.0,155.0,155.5,155.0,155.17,155.0,155.0
5820.0,155.16,0.33,8,155.25,155.25,155.0,155.2,155.33,155.0,155.0,155.25
5825.0,155.18,0.5,8,155.5,155.0,155.5,155.0,155.11,155.33,155.0,155.0
5830.0,155.21,1.0,8,155.0,155.14,155.0,155.0,155.0,156.0,155.0,155.5
5835.0,155.31,0.5,8,155.43,155.33,155.5,155.0,155.25,155.5,155.0,155.5
5840.0,155.19,1.0,8,155.2,155.0,155.33,155.0,155.0,156.0,155.0,155.0
5845.0,155.35,0.67,8,155.0,155.0,155.67,155.33,155.33,155.33,155.5,155.6
5850.0,155.16,0.5,8,155.5,155.25,155.25,155.0,155.0,155.0,155.0,155.29
5855.0,155.18,0.5,8,155.0,155.25,155.33,155.0,155.5,155.0,155.0,155.38
5860.0,155.3,0.67,8,155.67,155.33,155.0,155.0,155.5,155.57,155.33,155.0
5865.0,155.26,0.5,8,155.5,155.33,155.0,155.5,155.29,155.0,155.25,155.25
5870.0,155.39,1.0,8,155.5,155.5,156.0,155.0,155.14,155.33,155.33,155.33
5875.0,155.21,0.5,8,155.5,155.5,155.0,155.0,155.0,155.33,155.33,155.0
5880.0,155.06,0.5,8,155.0,155.0,155.0,155.0,155.0,155.0,155.0,155.5
5885.0,155.0,0.0,8,155.0,155.0,155.0,155.0,155.0,155.0,155.0,155.0
5890.0,155.02,0.14,8,155.0,155.0,155.0,155.0,155.0,155.0,155.0,155.14
5895.0,155.19,0.67,8,155.0,155.0,155.0,155.0,155.5,155.33,155.67,155.0
5900.0,155.23,0.67,8,155.33,155.0,155.33,155.0,155.0,155.5,155.0,155.67
5905.0,155.15,0.5,8,155.33,155.33,155.0,155.0,155.0,155.0,155.5,155.0
5910.0,155.17,0.5,8,155.25,155.25,155.0,155.0,155.12,155.0,155.5,155.25
5915.0,155.0,0.0,8,155.0,155.0,155.0,155.0,155.0,155.0,155.0,155.0
5920.0,155.22,0.6,8,155.33,155.0,155.33,155.0,155.0,155.6,155.0,155.5
5925.0,155.29,0.75,8,155.75,155.0,155.33,155.0,155.12,155.33,155.5,155.25
5930.0,155.08,0.5,8,155.0,155.5,155.0,155.0,155.0,155.14,155.0,155.0
5935.0,155.24,0.67,8,155.33,155.0,155.5,155.43,155.0,155.0,155.0,155.67
5940.0,155.3,1.0,8,155.0,156.0,155.0,155.33,155.33,155.0,155.5,155.25
5945.0,155.25,1.0,8,155.0,155.5,155.0,155.0,155.0,155.5,155.0,156.0
5950.0,155.21,0.5,8,155.0,155.0,155.33,155.33,155.33,155.0,155.5,155.14
5955.0,155.2,0.44,8,155.25,155.25,155.0,155.0,155.33,155.0,155.44,155.33
5960.0,155.25,0.67,8,155.33,155.0,155.5,155.0,155.5,155.0,155.67,155.0
5965.0,155.23,0.5,8,155.33,155.0,155.0,155.0,155.2,155.5,155.33,155.5
5970.0,155.19,0.5,8,155.5,155.0,155.0,155.5,155.25,155.0,155.0,155.25
5975.0,155.25,1.0,8,155.5,156.0,155.0,155.0,155.14,155.0,155.0,155.33
5980.0,155.17,1.0,8,156.0,155.0,155.0,155.0,155.0,155.0,155.33,155.0
5985.0,155.12,0.33,8,155.0,155.17,155.33,155.0,155.25,155.25,155.0,155.0
5990.0,155.0,0.0,8,155.0,155.0,155.0,155.0,155.0,155.0,155.0,155.0
5995.0,155.21,0.67,8,155.0,155.0,155.0,155.0,155.0,155.67,155.5,155.5
6000.0,155.03,0.2,8,155.0,155.0,155.0,155.0,155.0,155.0,155.0,155.2
6005.0,155.24,0.5,8,155.25,155.25,155.5,155.0,155.33,155.0,155.33,155.25
6010.0,155.31,1.0,8,155.33,156.0,155.25,155.0,155.25,155.33,155.0,155.33
6015.0,155.15,0.5,8,155.33,155.0,155.0,155.0,155.33,155.5,155.0,155.0
6020.0,155.2,1.0,8,155.0,155.33,155.0,156.0,155.0,155.0,155.25,155.0
6025.0,155.17,0.5,8,155.25,155.33,155.0,155.25,155.0,155.5,155.0,155.0
6030.0,155.12,0.33,8,155.0,155.33,155.0,155.0,155.0,155.0,155.33,155.33
6035.0,155.1,0.5,8,155.0,155.5,155.0,155.0,155.0,155.0,155.33,155.0
6040.0,155.01,0.11,8,155.0,155.11,155.0,155.0,155.0,155.0,155.0,155.0
6045.0,155.1,0.33,8,155.0,155.11,155.33,155.33,155.0,155.0,155.0,155.0
6050.0,155.06,0.33,8,155.0,155.0,155.0,155.0,155.0,155.0,155.14,155.33
6055.0,155.27,0.67,8,155.5,155.25,155.5,155.25,155.0,155.0,155.0,155.67
6060.0,155.14,0.5,8,155.33,155.0,155.0,155.0,155.0,155.5,155.29,155.0
6065.0,155.17,1.0,8,155.0,155.0,155.0,155.0,155.33,155.0,156.0,155.0
6070.0,155.07,0.33,8,155.0,155.0,155.33,155.0,155.0,155.25,155.0,155.0
6075.0,155.06,0.5,8,155.0,155.0,155.0,155.0,155.0,155.0,155.0,155.5
6080.0,155.12,0.5,8,155.0,155.0,155.5,155.0,155.0,155.0,155.5,155.0
6085.0,155.16,0.5,8,155.25,155.0,155.0,155.25,155.0,155.0,155.5,155.25
6090.0,155.31,0.67,8,155.67,155.67,155.0,155.5,155.0,155.0,155.5,155.17
6095.0,155.25,0.6,8,155.5,155.0,155.33,155.0,155.0,155.6,155.25,155.33
6100.0,155.16,0.33,8,155.25,155.25,155.0,155.0,155.2,155.33,155.0,155.25
6105.0,155.19,0.5,8,155.33,155.0,155.0,155.0,155.0,155.5,155.33,155.33
6110.0,155.23,0.5,8,155.0,155.5,155.5,155.0,155.0,155.5,155.0,155.33
6115.0,155.11,0.5,8,155.0,155.17,155.0,155.0,155.0,155.25,155.5,155.0
6120.0,155.32,1.0,8,155.0,156.0,155.2,155.33,155.0,155.33,155.33,155.33
6125.0,155.29,0.67,8,155.5,155.0,155.67,155.33,155.0,155.33,155.5,155.0
6130.0,155.32,0.67,8,155.0,155.5,155.25,155.25,155.0,155.67,155.5,155.38
6135.0,155.3,0.71,8,155.71,155.33,155.0,155.0,155.0,155.33,155.5,155.5
6140.0,155.25,0.67,8,155.67,155.0,155.33,155.0,155.33,155.0,155.5,155.2
6145.0,155.21,0.67,8,155.0,155.0,155.0,155.0,155.25,155.33,155.4,155.67
6150.0,155.1,0.5,8,155.0,155.0,155.0,155.0,155.0,155.5,155.0,155.33
6155.0,155.21,0.5,8,155.33,155.33,155.0,155.5,155.0,155.0,155.5,155.0
6160.0,155.14,0.33,8,155.0,155.25,155.0,155.0,155.2,155.33,155.0,155.33
6165.0,155.3,0.67,8,155.0,155.33,155.33,155.0,155.5,155.25,155.33,155.67
6170.0,155.24,0.67,8,155.0,155.0,155.0,155.5,155.5,155.25,155.0,155.67
6175.0,155.06,0.5,8,155.5,155.0,155.0,155.0,155.0,155.0,155.0,155.0
6180.0,155.06,0.5,8,155.5,155.0,155.0,155.0,155.0,155.0,155.0,155.0
6185.0,155.12,0.5,8,155.0,155.0,155.0,155.0,155.0,155.5,155.5,155.0
6190.0,155.08,0.25,8,155.0,155.0,155.0,155.25,155.25,155.0,155.12,155.0
6195.0,155.08,0.5,8,155.0,155.0,155.0,155.0,155.0,155.0,155.5,155.12
6200.0,155.06,0.5,8,155.0,155.0,155.0,155.0,155.5,155.0,155.0,155.0
6205.0,155.21,0.5,8,155.33,155.5,155.0,155.33,155.0,155.0,155.5,155.0
6210.0,155.1,0.5,8,155.0,155.0,155.5,155.0,155.0,155.33,155.0,155.0
6215.0,155.15,0.5,8,155.5,155.0,155.17,155.0,155.0,155.0,155.0,155.5
6220.0,155.0,0.0,8,155.0,155.0,155.0,155.0,155.0,155.0,155.0,155.0
6225.0,155.08,0.33,8,155.33,155.33,155.0,155.0,155.0,155.0,155.0,155.0
6230.0,155.0,0.0,8,155.0,155.0,155.0,155.0,155.0,155.0,155.0,155.0
6235.0,155.09,0.33,8,155.0,155.0,155.33,155.0,155.12,155.0,155.0,155.25
6240.0,155.12,0.67,8,155.33,155.67,155.0,155.0,155.0,155.0,155.0,155.0
6245.0,155.1,0.43,8,155.0,155.33,155.0,155.0,155.0,155.0,155.43,155.0
6250.0,155.17,1.0,8,156.0,155.0,155.0,155.0,155.0,155.0,155.33,155.0
6255.0,155.16,0.5,8,155.0,155.2,155.0,155.33,155.0,155.0,155.5,155.25
6260.0,155.08,0.33,8,155.33,155.0,155.0,155.0,155.0,155.0,155.0,155.33
6265.0,155.17,0.5,8,155.5,155.0,155.0,155.5,155.0,155.33,155.0,155.0
6270.0,155.22,0.67,8,155.0,155.67,155.0,155.0,155.0,155.33,155.5,155.25
6275.0,155.23,0.5,8,155.2,155.5,155.0,155.0,155.33,155.0,155.33,155.5
6280.0,155.28,1.0,8,155.25,156.0,155.0,155.0,155.0,155.0,155.0,156.0
6285.0,155.28,0.75,8,155.75,155.0,155.0,155.33,155.0,155.5,155.67,155.0
6290.0,155.06,0.33,8,155.0,155.33,155.0,155.0,155.0,155.0,155.17,155.0
6295.0,155.13,0.5,8,155.0,155.33,155.0,155.0,155.5,155.2,155.0,155.0
6300.0,155.17,0.5,8,155.25,155.25,155.0,155.0,155.0,155.33,155.0,155.5
6305.0,155.08,0.33,8,155.33,155.0,155.0,155.0,155.33,155.0,155.0,155.0
6310.0,155.1,0.43,8,155.33,155.0,155.0,155.0,155.0,155.0,155.43,155.0
6315.0,155.29,0.67,8,155.67,155.0,155.0,155.0,155.5,155.29,155.33,155.5
6320.0,155.12,0.5,8,155.0,155.33,155.0,155.12,155.0,155.0,155.5,155.0
6325.0,155.21,0.5,8,155.33,155.0,155.5,155.5,155.0,155.33,155.0,155.0
6330.0,155.19,0.5,8,155.33,155.0,155.5,155.0,155.33,155.33,155.0,155.0
6335.0,155.28,0.75,8,155.0,155.0,155.25,155.0,155.5,155.5,155.75,155.25
6340.0,155.16,0.33,8,155.33,155.0,155.0,155.29,155.0,155.0,155.33,155.33
6345.0,155.33,1.0,8,156.0,155.0,155.0,155.33,155.0,155.33,155.33,155.67
6350.0,155.32,0.67,8,155.5,155.56,155.67,155.0,155.0,155.0,155.33,155.5
6355.0,155.2,0.5,8,155.5,155.25,155.0,155.0,155.0,155.33,155.0,155.5
6360.0,155.25,0.67,8,155.5,155.33,155.0,155.67,155.0,155.0,155.0,155.5
6365.0,155.34,1.0,8,156.0,155.25,155.0,155.33,155.0,155.5,155.29,155.33
6370.0,155.1,0.33,8,155.0,155.33,155.0,155.0,155.0,155.0,155.17,155.33
6375.0,155.3,0.67,8,155.67,155.4,155.5,155.5,155.0,155.33,155.0,155.0
6380.0,155.1,0.33,8,155.33,155.0,155.0,155.0,155.0,155.25,155.0,155.25
6385.0,155.23,0.5,8,155.33,155.0,155.0,155.33,155.5,155.38,155.0,155.33
6390.0,155.35,0.67,8,155.67,155.33,155.67,155.67,155.0,155.0,155.17,155.33
6395.0,155.25,0.5,8,155.33,155.0,155.5,155.0,155.5,155.17,155.0,155.5
6400.0,155.18,0.67,8,155.25,155.67,155.0,155.0,155.0,155.5,155.0,155.0
6405.0,155.1,0.33,8,155.0,155.0,155.0,155.0,155.14,155.0,155.33,155.33
6410.0,155.08,0.5,8,155.0,155.5,155.0,155.17,155.0,155.0,155.0,155.0
6415.0,155.26,0.5,8,155.0,155.12,155.0,155.33,155.25,155.5,155.5,155.33
6420.0,155.14,0.33,8,155.0,155.0,155.14,155.33,155.0,155.33,155.33,155.0
6425.0,155.16,0.67,8,155.33,155.29,155.0,155.0,155.67,155.0,155.0,155.0
6430.0,155.1,0.5,8,155.0,155.5,155.0,155.0,155.33,155.0,155.0,155.0
6435.0,155.03,0.25,8,155.0,155.0,155.0,155.0,155.0,155.25,155.0,155.0
6440.0,155.26,0.67,8,155.5,155.0,155.25,155.0,155.33,155.33,155.0,155.67
6445.0,155.04,0.33,8,155.0,155.0,155.0,155.33,155.0,155.0,155.0,155.0
6450.0,155.15,0.5,8,155.0,155.33,155.0,155.5,155.0,155.0,155.0,155.33
6455.0,155.32,1.0,8,155.67,155.33,155.0,155.33,155.0,155.0,156.0,155.2
6460.0,155.29,0.5,8,155.33,155.5,155.0,155.0,155.5,155.5,155.0,155.5
6465.0,155.28,1.0,8,155.0,155.0,155.33,156.0,155.0,155.43,155.5,155.0
6470.0,155.16,0.67,8,155.0,155.67,155.0,155.0,155.0,155.29,155.0,155.33
6475.0,155.23,0.67,8,155.5,155.5,155.0,155.17,155.67,155.0,155.0,155.0
6480.0,155.21,0.67,8,155.67,155.29,155.0,155.0,155.25,155.5,155.0,155.0
6485.0,155.26,0.67,8,155.33,155.33,155.0,155.0,155.0,155.67,155.5,155.25
6490.0,155.18,0.5,8,155.0,155.5,155.0,155.25,155.0,155.0,155.33,155.33
6495.0,155.14,0.5,8,155.5,155.14,155.0,155.0,155.0,155.0,155.5,155.0
6500.0,155.33,0.5,8,155.33,155.25,155.5,155.33,155.5,155.0,155.5,155.2
6505.0,155.33,0.67,8,155.67,155.33,155.0,155.25,155.5,155.33,155.33,155.25
6510.0,155.15,0.67,8,155.2,155.0,155.67,155.0,155.0,155.0,155.33,155.0
6515.0,155.0,0.0,8,155.0,155.0,155.0,155.0,155.0,155.0,155.0,155.0
6520.0,155.19,0.67,8,155.67,155.0,155.0,155.0,155.0,155.33,155.2,155.33
6525.0,155.33,0.67,8,155.67,155.33,155.0,155.67,155.0,155.5,155.5,155.0
6530.0,155.1,0.5,8,155.33,155.0,155.0,155.0,155.0,155.0,155.5,155.0
6535.0,155.12,0.33,8,155.33,155.0,155.29,155.0,155.0,155.33,155.0,155.0
6540.0,155.24,1.0,8,155.5,155.0,155.17,155.25,155.0,155.0,155.0,156.0
6545.0,155.16,0.5,8,155.0,155.5,155.0,155.0,155.25,155.0,155.0,155.5
6550.0,155.18,0.67,8,155.0,155.67,155.33,155.0,155.0,155.33,155.0,155.14
6555.0,155.0,0.0,8,155.0,155.0,155.0,155.0,155.0,155.0,155.0,155.0
6560.0,155.08,0.33,8,155.33,155.0,155.0,155.0,155.0,155.0,155.0,155.33
6565.0,155.08,0.33,8,155.0,155.0,155.33,155.0,155.33,155.0,155.0,155.0
6570.0,155.24,0.67,8,155.33,155.0,155.0,155.0,155.29,155.67,155.33,155.33
6575.0,155.1,0.5,8,155.5,155.0,155.0,155.0,155.0,155.0,155.0,155.33
6580.0,155.19,0.5,8,155.0,155.22,155.25,155.0,155.0,155.25,155.33,155.5
6585.0,155.23,0.33,8,155.33,155.22,155.33,155.0,155.33,155.25,155.33,155.0
6590.0,155.25,1.0,8,155.5,155.0,155.0,155.0,155.0,155.0,156.0,155.5
6595.0,155.18,0.67,8,155.0,155.0,155.0,155.0,155.14,155.33,155.67,155.33
6600.0,155.38,1.0,8,155.67,155.33,155.33,155.33,156.0,155.0,155.33,155.0
6605.0,155.34,1.0,8,155.0,155.5,155.0,155.0,155.5,155.4,155.33,156.0
6610.0,155.16,0.67,8,155.33,155.0,155.0,155.0,155.0,155.25,155.0,155.67
6615.0,155.15,0.67,8,155.5,155.0,155.0,155.0,155.0,155.0,155.67,155.0
6620.0,155.25,0.8,8,155.0,155.8,155.0,155.0,155.67,155.0,155.0,155.5
6625.0,155.45,0.75,8,155.5,155.67,155.75,155.0,155.5,155.33,155.33,155.5
6630.0,155.23,0.5,8,155.0,155.44,155.33,155.0,155.0,155.33,155.25,155.5
6635.0,155.17,0.33,8,155.33,155.0,155.0,155.0,155.33,155.33,155.33,155.0
6640.0,155.15,0.5,8,155.0,155.0,155.4,155.0,155.33,155.5,155.0,155.0
6645.0,155.35,0.67,8,155.5,155.33,155.67,155.5,155.0,155.0,155.33,155.5
6650.0,155.43,1.0,8,155.33,155.22,155.33,155.0,155.5,155.33,156.0,155.75
6655.0,155.34,0.67,8,155.5,155.0,155.2,155.67,155.0,155.67,155.0,155.67
6660.0,155.19,0.5,8,155.0,155.5,155.0,155.0,155.33,155.0,155.33,155.33
6665.0,155.44,0.75,8,155.5,155.29,155.33,155.5,155.25,155.33,155.33,156.0
6670.0,155.25,0.5,8,155.0,155.14,155.33,155.33,155.33,155.5,155.33,155.0
6675.0,155.5,1.0,8,155.5,155.5,155.33,155.67,156.0,155.0,155.0,156.0
6680.0,155.47,1.0,8,155.67,155.5,155.5,155.33,155.33,155.43,156.0,155.0
6685.0,155.46,1.0,8,155.67,155.0,155.33,155.33,155.0,156.0,155.33,156.0
6690.0,155.31,1.0,8,156.0,155.0,155.0,155.0,155.5,155.17,155.5,155.33
6695.0,155.18,0.5,8,155.5,155.0,155.11,155.0,155.33,155.2,155.0,155.33
6700.0,155.37,0.75,8,155.75,155.33,155.56,155.67,155.0,155.33,155.33,155.0
6705.0,155.23,0.75,8,155.33,155.75,155.33,155.2,155.25,155.0,155.0,155.0
6710.0,155.3,0.67,8,155.67,155.0,155.0,155.0,155.2,155.67,155.5,155.33
6715.0,155.22,1.0,8,155.0,155.0,155.14,155.0,155.0,155.33,155.25,156.0
6720.0,155.09,0.33,8,155.25,155.0,155.0,155.12,155.0,155.0,155.0,155.33
6725.0,155.3,0.5,8,155.0,155.5,155.0,155.25,155.33,155.33,155.5,155.5
6730.0,155.25,0.67,8,155.33,155.0,155.0,155.33,155.0,155.5,155.67,155.2
6735.0,155.11,0.33,8,155.25,155.0,155.33,155.0,155.0,155.33,155.0,155.0
6740.0,155.31,1.0,8,155.5,155.17,155.0,155.0,155.33,155.0,155.5,156.0
6745.0,155.32,0.67,8,155.67,155.25,155.33,155.0,155.0,155.67,155.33,155.29
6750.0,155.23,0.5,8,155.0,155.0,155.5,155.33,155.0,155.0,155.5,155.5
6755.0,155.25,0.4,8,155.33,155.33,155.33,155.25,155.0,155.33,155.4,155.0
6760.0,155.34,0.75,8,155.33,155.0,155.33,155.67,155.33,155.75,155.0,155.33
6765.0,155.46,1.0,8,155.17,156.0,155.33,155.67,155.5,155.0,156.0,155.0
6770.0,155.23,0.5,8,155.25,155.25,155.0,155.0,155.5,155.33,155.5,155.0
6775.0,155.42,0.33,8,155.33,155.33,155.33,155.5,155.5,155.67,155.33,155.33
6780.0,155.23,0.5,8,155.0,155.5,155.0,155.5,155.0,155.33,155.5,155.0
6785.0,155.36,0.67,8,155.6,155.33,155.25,155.33,155.0,155.67,155.67,155.0
6790.0,155.26,0.67,8,155.5,155.29,155.0,155.33,155.33,155.0,155.67,155.0
6795.0,155.38,1.0,8,155.71,155.5,155.33,155.0,155.0,155.0,155.5,156.0
6800.0,155.15,0.33,8,155.0,155.25,155.0,155.33,155.25,155.0,155.33,155.0
6805.0,155.48,1.0,8,155.5,155.5,156.0,156.0,155.5,155.33,155.0,155.0
6810.0,155.17,0.5,8,155.0,155.33,155.0,155.0,155.5,155.0,155.5,155.0
6815.0,155.35,0.83,8,155.0,155.67,155.33,155.0,155.0,155.5,155.5,155.83
6820.0,155.21,0.5,8,155.5,155.0,155.0,155.5,155.2,155.0,155.0,155.5
6825.0,155.38,0.67,8,155.67,155.5,155.33,155.25,155.0,155.29,155.67,155.33
6830.0,155.19,0.5,8,155.33,155.0,155.5,155.0,155.0,155.0,155.33,155.33
6835.0,155.21,0.5,8,155.5,155.33,155.0,155.0,155.0,155.0,155.33,155.5
6840.0,155.22,0.67,8,155.25,155.0,155.5,155.0,155.0,155.0,155.67,155.33
6845.0,155.26,1.0,8,155.0,155.33,155.0,155.43,155.0,156.0,155.33,155.0
6850.0,155.31,0.5,8,155.0,155.0,155.5,155.5,155.33,155.33,155.5,155.33
6855.0,155.25,0.6,8,155.0,155.6,155.0,155.33,155.33,155.5,155.0,155.25
6860.0,155.38,0.67,8,155.67,155.5,155.33,155.33,155.67,155.0,155.0,155.5
6865.0,155.21,0.5,8,155.5,155.0,155.0,155.33,155.5,155.33,155.0,155.0
6870.0,155.39,1.0,8,155.33,155.25,155.33,155.0,155.25,155.67,156.0,155.29
6875.0,155.49,0.42,8,155.5,155.67,155.33,155.67,155.33,155.25,155.67,155.5
6880.0,155.57,0.75,8,155.25,155.33,155.5,155.67,155.33,156.0,156.0,155.5
6885.0,155.26,0.57,8,155.0,155.33,155.25,155.25,155.33,155.0,155.57,155.33
6890.0,155.54,0.75,8,155.33,155.67,155.67,155.0,155.75,155.67,155.5,155.71
6895.0,155.51,1.0,8,156.0,155.33,155.33,156.0,155.0,155.5,155.5,155.4
6900.0,155.57,0.75,8,155.25,155.25,155.33,155.67,155.43,156.0,156.0,155.67
6905.0,155.3,0.67,8,155.67,155.5,155.0,155.0,155.0,155.57,155.33,155.33
6910.0,155.18,0.5,8,155.33,155.33,155.0,155.0,155.25,155.0,155.5,155.0
6915.0,155.21,0.5,8,155.0,155.0,155.33,155.0,155.5,155.0,155.5,155.33
6920.0,155.18,0.33,8,155.33,155.25,155.0,155.0,155.29,155.33,155.0,155.25
6925.0,155.17,0.38,8,155.33,155.0,155.0,155.33,155.0,155.38,155.33,155.0
6930.0,155.25,1.0,8,155.33,155.67,155.0,155.0,156.0,155.0,155.0,155.0
6935.0,155.18,0.5,8,155.0,155.0,155.33,155.14,155.0,155.5,155.0,155.5
6940.0,155.44,1.0,8,155.0,155.5,155.5,155.0,155.5,155.5,155.5,156.0
6945.0,155.39,0.67,8,155.67,155.0,155.25,155.67,155.67,155.0,155.5,155.33
6950.0,155.23,0.67,8,155.67,155.0,155.0,155.25,155.0,155.0,155.5,155.43
6955.0,155.33,1.0,8,156.0,155.0,155.0,156.0,155.0,155.0,155.33,155.33
6960.0,155.25,0.67,8,155.0,155.33,155.0,155.14,155.0,155.33,155.67,155.5
6965.0,155.5,1.0,8,155.0,155.75,156.0,155.67,155.43,155.0,155.67,155.5
6970.0,155.4,1.0,8,155.0,155.0,155.67,156.0,155.0,155.83,155.67,155.0
6975.0,155.55,1.0,8,155.5,155.5,155.0,155.5,155.71,155.5,155.67,156.0
6980.0,155.55,0.33,8,155.56,155.67,155.5,155.67,155.5,155.5,155.67,155.33
6985.0,155.7,1.0,8,156.0,155.5,155.0,156.0,155.67,155.75,155.67,156.0
6990.0,155.67,1.0,8,155.5,155.67,156.0,155.67,155.0,155.5,156.0,156.0
6995.0,155.87,0.33,8,155.67,155.75,156.0,155.75,156.0,155.8,156.0,156.0
7000.0,155.97,0.25,8,156.0,156.0,156.0,156.0,156.0,156.0,155.75,156.0
7005.0,155.85,0.33,8,155.67,155.67,155.75,156.0,155.75,156.0,156.0,156.0
7010.0,155.9,0.33,8,155.86,155.67,156.0,156.0,155.67,156.0,156.0,156.0
7015.0,156.0,0.0,8,156.0,156.0,156.0,156.0,156.0,156.0,156.0,156.0
7020.0,156.0,0.0,8,156.0,156.0,156.0,156.0,156.0,156.0,156.0,156.0
7025.0,156.0,0.0,8,156.0,156.0,156.0,156.0,156.0,156.0,156.0,156.0
7030.0,155.94,0.5,8,156.0,156.0,156.0,155.5,156.0,156.0,156.0,156.0
7035.0,156.0,0.0,8,156.0,156.0,156.0,156.0,156.0,156.0,156.0,156.0
7040.0,156.0,0.0,8,156.0,156.0,156.0,156.0,156.0,156.0,156.0,156.0
7045.0,156.0,0.0,8,156.0,156.0,156.0,156.0,156.0,156.0,156.0,156.0
7050.0,156.0,0.0,8,156.0,156.0,156.0,156.0,156.0,156.0,156.0,156.0
7055.0,156.0,0.0,8,156.0,156.0,156.0,156.0,156.0,156.0,156.0,156.0
7060.0,156.0,0.0,8,156.0,156.0,156.0,156.0,156.0,156.0,156.0,156.0
7065.0,156.0,0.0,8,156.0,156.0,156.0,156.0,156.0,156.0,156.0,156.0
7070.0,156.03,0.25,8,156.0,156.0,156.0,156.0,156.0,156.0,156.25,156.0
7075.0,156.0,0.0,8,156.0,156.0,156.0,156.0,156.0,156.0,156.0,156.0
7080.0,156.08,0.33,8,156.33,156.0,156.0,156.0,156.0,156.33,156.0,156.0
7085.0,156.02,0.17,8,156.0,156.0,156.0,156.0,156.17,156.0,156.0,156.0
7090.0,156.03,0.25,8,156.0,156.0,156.0,156.0,156.0,156.25,156.0,156.0
7095.0,156.08,0.67,8,156.0,156.0,156.0,156.0,156.0,156.0,156.0,156.67
7100.0,156.06,0.5,8,156.0,156.0,156.0,156.0,156.0,156.0,156.5,156.0
7105.0,156.03,0.25,8,156.0,156.0,156.0,156.0,156.25,156.0,156.0,156.0
7110.0,156.06,0.33,8,156.0,156.0,156.0,156.0,156.0,156.0,156.33,156.17
7115.0,156.02,0.17,8,156.17,156.0,156.0,156.0,156.0,156.0,156.0,156.0
7120.0,156.19,0.75,8,156.25,156.25,156.0,156.0,156.29,156.0,156.75,156.0
7125.0,156.28,0.67,8,156.67,156.0,156.33,156.0,156.0,156.2,156.67,156.33
7130.0,156.45,1.0,8,156.0,156.5,156.5,156.5,156.0,157.0,156.6,156.5
7135.0,156.12,0.33,8,156.33,156.33,156.0,156.0,156.0,156.0,156.33,156.0
7140.0,156.18,0.43,8,156.0,156.33,156.0,156.43,156.0,156.33,156.33,156.0
7145.0,156.12,0.5,8,156.0,156.0,156.0,156.17,156.0,156.0,156.33,156.5
7150.0,156.07,0.33,8,156.0,156.25,156.0,156.0,156.0,156.0,156.33,156.0
7155.0,156.14,0.5,8,156.0,156.0,156.0,156.0,156.0,156.25,156.33,156.5
7160.0,156.13,0.5,8,156.2,156.0,156.0,156.0,156.33,156.0,156.0,156.5
7165.0,156.24,0.67,8,156.33,156.0,156.25,156.0,156.25,156.0,156.4,156.67
7170.0,156.25,0.67,8,156.0,156.33,156.0,156.5,156.0,156.0,156.5,156.67
7175.0,156.1,0.29,8,156.0,156.0,156.0,156.29,156.0,156.25,156.0,156.25
7180.0,156.25,0.33,8,156.25,156.33,156.25,156.0,156.22,156.33,156.33,156.25
7185.0,156.27,0.8,8,156.0,156.0,156.33,156.25,156.0,156.8,156.75,156.0
7190.0,156.28,0.67,8,156.67,156.0,156.0,156.0,156.0,156.5,156.6,156.5
7195.0,156.66,0.75,8,156.33,157.0,156.5,156.78,156.25,157.0,156.67,156.75
7200.0,156.52,1.0,8,156.33,156.5,156.0,157.0,156.33,156.33,156.67,157.0
7205.0,156.56,0.67,8,157.0,156.33,156.5,156.75,156.33,156.56,156.67,156.33
7210.0,156.65,1.0,8,156.33,157.0,156.33,156.0,156.5,157.0,157.0,157.0
7215.0,156.5,1.0,8,156.33,156.0,156.67,156.5,156.5,156.5,156.5,157.0
7220.0,156.7,0.67,8,157.0,156.75,156.33,156.33,156.86,156.33,157.0,157.0
7225.0,156.74,0.5,8,156.67,156.75,156.67,156.5,156.67,156.67,157.0,157.0
7230.0,156.94,0.5,8,157.0,156.5,157.0,157.0,157.0,157.0,157.0,157.0
7235.0,156.66,0.67,8,157.0,156.43,156.33,157.0,156.67,156.5,156.67,156.67
7240.0,156.84,0.4,8,156.75,157.0,156.6,156.67,156.67,157.0,157.0,157.0
7245.0,156.91,0.5,8,157.0,157.0,157.0,156.8,156.5,157.0,157.0,157.0
7250.0,156.96,0.33,8,157.0,157.0,157.0,156.67,157.0,157.0,157.0,157.0
7255.0,156.89,0.33,8,157.0,156.75,156.67,156.67,157.0,157.0,157.0,157.0
7260.0,156.92,0.33,8,156.67,157.0,157.0,156.67,157.0,157.0,157.0,157.0
7265.0,156.97,0.25,8,157.0,157.0,157.0,157.0,157.0,156.75,157.0,157.0
7270.0,156.93,0.33,8,156.75,157.0,157.0,156.67,157.0,157.0,157.0,157.0
7275.0,156.85,0.33,8,156.67,156.75,156.67,157.0,156.75,157.0,157.0,157.0
7280.0,156.92,0.5,8,157.0,156.5,157.0,157.0,156.83,157.0,157.0,157.0
7285.0,156.97,0.25,8,157.0,157.0,157.0,157.0,156.75,157.0,157.0,157.0
7290.0,156.96,0.33,8,157.0,157.0,157.0,156.67,157.0,157.0,157.0,157.0
7295.0,157.0,0.0,8,157.0,157.0,157.0,157.0,157.0,157.0,157.0,157.0
7300.0,156.96,0.33,8,156.67,157.0,157.0,157.0,157.0,157.0,157.0,157.0
7305.0,157.0,0.0,8,157.0,157.0,157.0,157.0,157.0,157.0,157.0,157.0
7310.0,157.0,0.0,8,157.0,157.0,157.0,157.0,157.0,157.0,157.0,157.0
7315.0,157.0,0.0,8,157.0,157.0,157.0,157.0,157.0,157.0,157.0,157.0
7320.0,157.0,0.0,8,157.0,157.0,157.0,157.0,157.0,157.0,157.0,157.0
7325.0,157.03,0.25,8,157.0,157.0,157.0,157.0,157.0,157.0,157.25,157.0
7330.0,157.0,0.0,8,157.0,157.0,157.0,157.0,157.0,157.0,157.0,157.0
7335.0,157.09,0.33,8,157.25,157.0,157.0,157.0,157.0,157.14,157.0,157.33
7340.0,157.11,0.33,8,157.0,157.0,157.0,157.0,157.0,157.33,157.2,157.33
7345.0,157.17,0.67,8,157.67,157.0,157.0,157.5,157.0,157.0,157.0,157.2
7350.0,157.24,0.67,8,157.33,157.0,157.0,157.33,157.0,157.67,157.33,157.25
7355.0,157.28,0.75,8,157.0,157.0,157.0,157.75,157.0,157.14,157.67,157.67
7360.0,157.19,0.67,8,157.0,157.0,157.0,157.5,157.0,157.0,157.67,157.33
7365.0,157.34,0.75,8,157.67,157.0,157.14,157.0,157.33,157.5,157.33,157.75
7370.0,157.35,0.75,8,157.75,157.33,157.0,157.25,157.0,157.33,157.67,157.5
7375.0,157.36,1.0,8,157.0,157.0,157.5,157.25,157.0,157.67,158.0,157.5
7380.0,157.25,0.67,8,157.43,157.0,157.33,157.25,157.0,157.0,157.33,157.67
7385.0,157.58,0.78,8,157.67,157.22,157.67,157.33,157.25,158.0,158.0,157.5
7390.0,157.71,0.67,8,157.33,158.0,157.57,157.33,158.0,157.67,158.0,157.75
7395.0,157.94,0.5,8,158.0,157.5,158.0,158.0,158.0,158.0,158.0,158.0
7400.0,157.92,0.33,8,157.67,158.0,158.0,158.0,157.67,158.0,158.0,158.0
7405.0,157.88,0.5,8,158.0,157.5,158.0,158.0,158.0,157.5,158.0,158.0
7410.0,157.82,0.8,8,158.0,157.67,157.2,157.67,158.0,158.0,158.0,158.0
7415.0,157.89,0.4,8,158.0,157.75,158.0,157.6,157.75,158.0,158.0,158.0
7420.0,157.96,0.33,8,158.0,158.0,158.0,158.0,157.67,158.0,158.0,158.0
7425.0,157.84,0.67,8,158.0,157.89,158.0,157.5,157.33,158.0,158.0,158.0
7430.0,157.95,0.25,8,157.75,158.0,157.83,158.0,158.0,158.0,158.0,158.0
7435.0,157.94,0.5,8,158.0,158.0,158.0,158.0,157.5,158.0,158.0,158.0
7440.0,158.0,0.0,8,158.0,158.0,158.0,158.0,158.0,158.0,158.0,158.0
7445.0,157.96,0.33,8,158.0,158.0,158.0,158.0,158.0,158.0,158.0,157.67
7450.0,157.94,0.5,8,158.0,158.0,158.0,157.5,158.0,158.0,158.0,158.0
7455.0,158.0,0.0,8,158.0,158.0,158.0,158.0,158.0,158.0,158.0,158.0
7460.0,158.0,0.0,8,158.0,158.0,158.0,158.0,158.0,158.0,158.0,158.0
7465.0,158.06,0.5,8,158.0,158.0,158.0,158.0,158.0,158.0,158.0,158.5
7470.0,158.0,0.0,8,158.0,158.0,158.0,158.0,158.0,158.0,158.0,158.0
7475.0,158.03,0.25,8,158.25,158.0,158.0,158.0,158.0,158.0,158.0,158.0
7480.0,158.03,0.25,8,158.0,158.0,158.0,158.0,158.0,158.0,158.25,158.0
7485.0,158.04,0.33,8,158.0,158.0,158.0,158.0,158.0,158.0,158.33,158.0
7490.0,158.21,1.0,8,159.0,158.0,158.0,158.2,158.0,158.0,158.0,158.5
7495.0,158.21,0.67,8,158.33,158.0,158.0,158.0,158.0,158.67,158.33,158.33
7500.0,158.04,0.33,8,158.33,158.0,158.0,158.0,158.0,158.0,158.0,158.0
7505.0,158.14,0.75,8,158.0,158.0,158.0,158.0,158.33,158.0,158.0,158.75
7510.0,158.1,0.5,8,158.0,158.0,158.0,158.0,158.0,158.33,158.5,158.0
7515.0,158.35,0.67,8,158.33,158.33,158.0,158.0,158.33,158.5,158.67,158.6
7520.0,158.32,0.75,8,158.17,158.67,158.0,158.0,158.33,158.75,158.67,158.0
7525.0,158.31,0.5,8,158.33,158.33,158.0,158.33,158.5,158.5,158.5,158.0
7530.0,158.25,0.67,8,158.25,158.0,158.0,158.0,158.33,158.29,158.67,158.5
7535.0,158.35,1.0,8,158.33,158.0,158.0,158.0,158.25,158.33,158.89,159.0
7540.0,158.44,1.0,8,159.0,158.5,158.5,158.0,158.5,158.0,158.5,158.5
7545.0,158.44,1.0,8,158.67,158.0,158.29,158.0,158.33,158.5,158.75,159.0
7550.0,158.36,0.75,8,158.75,158.67,158.0,158.25,158.0,158.33,158.67,158.25
7555.0,158.22,0.5,8,158.0,158.0,158.5,158.29,158.5,158.0,158.0,158.5
7560.0,158.37,0.71,8,158.67,158.25,158.0,158.0,158.33,158.67,158.71,158.33
7565.0,158.2,0.5,8,158.0,158.33,158.0,158.0,158.33,158.5,158.0,158.44
7570.0,158.22,0.5,8,158.25,158.5,158.0,158.0,158.5,158.0,158.5,158.0
7575.0,158.29,0.75,8,158.25,158.33,158.0,158.0,158.33,158.33,158.75,158.33
7580.0,158.47,0.75,8,158.75,158.25,158.0,158.43,158.67,158.33,158.67,158.67
7585.0,158.25,0.5,8,158.5,158.0,158.5,158.0,158.17,158.33,158.0,158.5
7590.0,158.37,1.0,8,158.44,158.0,158.0,158.33,158.5,158.67,159.0,158.0
7595.0,158.47,1.0,8,158.33,158.57,158.0,158.0,158.67,159.0,158.5,158.67
7600.0,158.36,1.0,8,158.0,158.0,158.4,158.0,158.5,158.0,159.0,159.0
7605.0,158.31,0.67,8,158.0,158.25,158.67,158.25,158.33,158.0,158.67,158.33
7610.0,158.35,1.0,8,158.0,159.0,158.0,158.0,158.5,158.0,158.67,158.67
7615.0,158.37,1.0,8,158.33,158.29,158.0,158.25,158.25,158.5,159.0,158.33
7620.0,158.34,1.0,8,158.67,158.0,158.11,158.33,158.0,158.33,158.25,159.0
7625.0,158.31,1.0,8,158.5,158.0,158.0,158.0,158.0,159.0,159.0,158.0
7630.0,158.39,0.75,8,158.75,158.33,158.25,158.0,158.33,158.29,158.67,158.5
7635.0,158.19,0.5,8,158.0,158.0,158.0,158.0,158.5,158.0,158.5,158.5
7640.0,158.53,1.0,8,158.71,158.0,158.67,158.25,158.25,158.33,159.0,159.0
7645.0,158.29,0.75,8,158.33,158.0,158.0,158.0,158.33,158.67,158.25,158.75
7650.0,158.12,0.5,8,158.5,158.0,158.0,158.0,158.0,158.0,158.5,158.0
7655.0,158.17,0.33,8,158.0,158.0,158.0,158.33,158.33,158.14,158.33,158.25
7660.0,158.22,0.75,8,158.0,158.5,158.0,158.0,158.0,158.5,158.75,158.0
7665.0,158.38,0.67,8,158.6,158.0,158.33,158.33,158.5,158.25,158.67,158.33
7670.0,158.41,0.5,8,158.5,158.25,158.0,158.5,158.5,158.5,158.5,158.5
7675.0,158.33,0.75,8,158.75,158.0,158.5,158.0,158.2,158.33,158.33,158.5
7680.0,158.21,0.5,8,158.0,158.0,158.5,158.0,158.0,158.2,158.5,158.5
7685.0,158.37,1.0,8,158.25,158.0,158.0,158.5,158.0,158.33,159.0,158.86
7690.0,158.31,0.75,8,158.44,158.33,158.0,158.0,158.25,158.33,158.75,158.33
7695.0,158.39,0.5,8,158.5,158.25,158.33,158.0,158.5,158.5,158.5,158.5
7700.0,158.25,0.75,8,158.0,158.25,158.0,158.0,158.14,158.33,158.5,158.75
7705.0,158.34,0.5,8,158.5,158.0,158.0,158.5,158.5,158.25,158.5,158.5
7710.0,158.34,0.75,8,158.0,158.0,158.0,158.25,158.67,158.75,158.67,158.4
7715.0,158.19,1.0,8,158.0,158.0,158.0,158.0,158.0,158.0,159.0,158.5
7720.0,158.29,0.67,8,158.67,158.0,158.0,158.22,158.25,158.5,158.0,158.67
7725.0,158.18,0.5,8,158.33,158.25,158.0,158.0,158.11,158.0,158.25,158.5
7730.0,158.4,0.67,8,158.67,158.33,158.0,158.25,158.33,158.29,158.67,158.67
7735.0,158.23,1.0,8,158.0,158.0,158.0,158.0,158.0,158.5,159.0,158.33
7740.0,158.2,0.33,8,158.33,158.33,158.29,158.0,158.33,158.0,158.33,158.0
7745.0,158.24,0.5,8,158.0,158.33,158.0,158.14,158.33,158.33,158.5,158.25
7750.0,158.27,1.0,8,158.33,158.0,158.5,158.0,158.0,158.0,159.0,158.33
7755.0,158.27,0.75,8,158.25,158.0,158.0,158.33,158.14,158.0,158.67,158.75
7760.0,158.12,0.5,8,158.0,158.0,158.0,158.5,158.0,158.14,158.33,158.0
7765.0,158.15,0.67,8,158.0,158.0,158.0,158.0,158.0,158.0,158.5,158.67
7770.0,158.19,0.67,8,158.33,158.0,158.0,158.0,158.0,158.25,158.25,158.67
7775.0,158.4,1.0,8,158.5,158.0,158.0,158.0,158.33,158.33,159.0,159.0
7780.0,158.33,1.0,8,159.0,158.0,158.0,158.0,158.5,158.0,158.67,158.5
7785.0,158.3,1.0,8,158.33,158.14,158.33,158.0,158.0,158.25,158.33,159.0
7790.0,158.36,0.75,8,158.0,158.33,158.12,158.33,158.67,158.33,158.33,158.75
7795.0,158.23,0.5,8,158.5,158.0,158.0,158.0,158.33,158.0,158.5,158.5
7800.0,158.33,1.0,8,158.0,158.25,158.0,158.0,158.33,159.0,158.5,158.56
7805.0,158.3,0.67,8,158.14,158.33,158.0,158.0,158.25,158.33,158.67,158.67
7810.0,158.35,1.0,8,159.0,158.33,158.0,158.0,158.0,158.5,158.5,158.5
7815.0,158.19,0.5,8,158.33,158.0,158.14,158.0,158.0,158.33,158.25,158.5
7820.0,158.12,1.0,8,158.0,158.0,158.0,158.0,158.0,158.0,158.0,159.0
7825.0,158.23,0.67,8,158.0,158.0,158.0,158.25,158.0,158.67,158.6,158.33
7830.0,158.19,0.5,8,158.0,158.5,158.0,158.0,158.0,158.0,158.5,158.5
7835.0,158.31,1.0,8,158.33,158.0,158.0,158.0,158.0,158.5,158.67,159.0
7840.0,158.27,0.67,8,158.0,158.0,158.12,158.0,158.33,158.67,158.5,158.5
7845.0,158.31,1.0,8,158.5,158.5,158.0,158.0,158.0,158.5,159.0,158.0
7850.0,158.23,0.67,8,158.0,158.33,158.0,158.0,158.33,158.0,158.67,158.5
7855.0,158.23,0.67,8,158.33,158.0,158.0,158.0,158.0,158.67,158.5,158.33
7860.0,158.19,0.5,8,158.0,158.0,158.0,158.0,158.5,158.5,158.5,158.0
7865.0,158.28,0.67,8,158.5,158.0,158.0,158.0,158.2,158.67,158.5,158.33
7870.0,158.26,1.0,8,158.5,158.0,158.0,158.0,158.0,158.29,158.33,159.0
7875.0,158.26,0.6,8,158.0,158.0,158.5,158.0,158.0,158.5,158.6,158.5
7880.0,158.23,0.44,8,158.44,158.25,158.25,158.25,158.0,158.33,158.33,158.0
7885.0,158.28,0.75,8,158.33,158.0,158.0,158.33,158.25,158.25,158.33,158.75
7890.0,158.13,0.33,8,158.25,158.0,158.14,158.0,158.33,158.0,158.33,158.0
7895.0,158.12,0.5,8,158.0,158.0,158.0,158.0,158.0,158.0,158.5,158.5
7900.0,158.25,0.67,8,158.0,158.67,158.0,158.25,158.0,158.67,158.0,158.4
7905.0,158.12,0.5,8,158.0,158.0,158.0,158.5,158.0,158.5,158.0,158.0
7910.0,158.18,0.33,8,158.33,158.25,158.0,158.0,158.0,158.33,158.25,158.25
7915.0,158.2,0.67,8,158.0,158.0,158.25,158.0,158.0,158.33,158.33,158.67
7920.0,158.2,0.5,8,158.0,158.0,158.0,158.0,158.5,158.25,158.5,158.33
7925.0,158.11,0.33,8,158.0,158.2,158.0,158.0,158.33,158.0,158.33,158.0
7930.0,158.03,0.25,8,158.0,158.0,158.0,158.0,158.0,158.0,158.25,158.0
7935.0,158.0,0.0,8,158.0,158.0,158.0,158.0,158.0,158.0,158.0,158.0
7940.0,158.08,0.33,8,158.0,158.0,158.0,158.0,158.0,158.33,158.33,158.0
7945.0,158.03,0.25,8,158.0,158.0,158.0,158.25,158.0,158.0,158.0,158.0
7950.0,158.18,0.67,8,158.0,158.0,158.0,158.0,158.0,158.5,158.25,158.67
7955.0,158.06,0.25,8,158.25,158.0,158.0,158.0,158.0,158.0,158.0,158.25
7960.0,158.06,0.5,8,158.0,158.0,158.0,158.0,158.0,158.0,158.5,158.0
7965.0,158.15,0.67,8,158.0,158.0,158.0,158.0,158.0,158.67,158.33,158.2
7970.0,158.16,1.0,8,158.25,158.0,158.0,158.0,158.0,158.0,158.0,159.0
7975.0,158.06,0.5,8,158.0,158.0,158.0,158.0,158.0,158.0,158.0,158.5
7980.0,158.38,0.5,8,158.5,158.5,158.0,158.5,158.0,158.5,158.5,158.5
7985.0,158.2,1.0,8,158.25,158.0,158.0,158.0,158.33,158.0,159.0,158.0
7990.0,158.19,0.67,8,158.0,158.0,158.0,158.25,158.25,158.0,158.33,158.67
7995.0,158.17,0.5,8,158.0,158.0,158.0,158.0,158.0,158.5,158.5,158.33
8000.0,158.31,1.0,8,158.33,158.29,158.0,158.25,158.25,158.0,158.33,159.0
8005.0,158.23,0.75,8,158.5,158.0,158.0,158.0,158.33,158.0,158.25,158.75
8010.0,158.29,0.5,8,158.5,158.0,158.0,158.0,158.33,158.5,158.5,158.5
8015.0,158.26,0.67,8,158.0,158.67,158.0,158.0,158.0,158.67,158.33,158.43
8020.0,158.12,0.33,8,158.12,158.0,158.0,158.0,158.0,158.25,158.25,158.33
8025.0,158.23,0.5,8,158.0,158.33,158.0,158.0,158.0,158.5,158.5,158.5
8030.0,158.24,0.75,8,158.0,158.0,158.0,158.0,158.33,158.33,158.5,158.75
8035.0,158.19,0.5,8,158.0,158.5,158.0,158.0,158.0,158.5,158.0,158.5
8040.0,158.18,0.4,8,158.33,158.33,158.0,158.0,158.0,158.0,158.4,158.33
8045.0,158.04,0.33,8,158.0,158.0,158.0,158.0,158.0,158.0,158.0,158.33
8050.0,158.22,0.5,8,158.25,158.0,158.0,158.0,158.5,158.5,158.5,158.0
8055.0,158.09,0.5,8,158.0,158.0,158.0,158.0,158.0,158.0,158.25,158.5
8060.0,158.08,0.5,8,158.5,158.0,158.0,158.0,158.17,158.0,158.0,158.0
8065.0,158.25,0.67,8,158.5,158.25,158.0,158.33,158.0,158.0,158.29,158.67
8070.0,158.04,0.29,8,158.0,158.0,158.0,158.0,158.0,158.0,158.0,158.29
8075.0,158.17,0.5,8,158.0,158.33,158.0,158.0,158.0,158.5,158.0,158.5
8080.0,158.21,0.67,8,158.0,158.0,158.0,158.33,158.0,158.0,158.67,158.67
8085.0,158.21,0.5,8,158.0,158.5,158.0,158.0,158.0,158.2,158.5,158.5
8090.0,158.2,0.33,8,158.29,158.33,158.0,158.0,158.0,158.33,158.33,158.33
8095.0,158.26,1.0,8,158.33,158.0,158.0,158.0,158.0,159.0,158.5,158.25
8100.0,158.12,0.5,8,158.0,158.0,158.0,158.0,158.0,158.5,158.5,158.0
8105.0,158.03,0.25,8,158.0,158.0,158.0,158.0,158.0,158.0,158.0,158.25
8110.0,158.1,0.33,8,158.0,158.0,158.0,158.0,158.0,158.33,158.11,158.33
8115.0,158.2,1.0,8,158.33,158.0,158.0,158.0,158.0,158.0,159.0,158.29
8120.0,158.21,1.0,8,158.14,158.0,158.0,158.0,158.0,158.0,159.0,158.5
8125.0,158.14,0.33,8,158.33,158.0,158.0,158.0,158.0,158.25,158.25,158.25
8130.0,158.0,0.0,8,158.0,158.0,158.0,158.0,158.0,158.0,158.0,158.0
8135.0,158.02,0.14,8,158.0,158.0,158.0,158.0,158.0,158.0,158.14,158.0
8140.0,158.08,0.5,8,158.0,158.0,158.0,158.0,158.0,158.0,158.5,158.14
8145.0,158.16,0.33,8,158.0,158.0,158.25,158.0,158.0,158.33,158.33,158.33
8150.0,158.31,1.0,8,158.33,158.33,158.0,158.0,158.33,159.0,158.25,158.25
8155.0,158.22,0.5,8,158.0,158.0,158.0,158.25,158.0,158.5,158.5,158.5
8160.0,158.11,0.57,8,158.0,158.0,158.0,158.0,158.0,158.33,158.57,158.0
8165.0,158.18,0.43,8,158.0,158.33,158.0,158.0,158.0,158.33,158.33,158.43
8170.0,158.0,0.0,8,158.0,158.0,158.0,158.0,158.0,158.0,158.0,158.0
8175.0,158.07,0.33,8,158.0,158.0,158.0,158.0,158.0,158.0,158.25,158.33
8180.0,158.1,0.33,8,158.0,158.25,158.0,158.0,158.0,158.0,158.33,158.25
8185.0,158.4,1.0,8,158.5,158.0,158.0,158.0,158.17,159.0,159.0,158.5
8190.0,158.24,0.86,8,158.5,158.0,158.25,158.0,158.0,158.0,158.86,158.33
8195.0,158.16,0.5,8,158.0,158.0,158.0,158.0,158.0,158.5,158.5,158.25
8200.0,158.19,0.5,8,158.33,158.14,158.33,158.0,158.25,158.5,158.0,158.0
8205.0,158.12,0.5,8,158.0,158.0,158.0,158.0,158.5,158.0,158.5,158.0
8210.0,158.09,0.5,8,158.0,158.0,158.0,158.0,158.0,158.0,158.25,158.5
8215.0,158.15,0.67,8,158.67,158.0,158.0,158.0,158.0,158.22,158.0,158.33
8220.0,158.02,0.17,8,158.0,158.0,158.0,158.0,158.0,158.0,158.17,158.0
8225.0,158.13,0.33,8,158.0,158.2,158.0,158.25,158.0,158.25,158.0,158.33
8230.0,158.19,1.0,8,158.5,158.0,158.0,158.0,158.0,158.0,159.0,158.0
8235.0,158.18,0.67,8,158.25,158.0,158.0,158.0,158.2,158.33,158.67,158.0
8240.0,158.12,0.5,8,158.0,158.0,158.0,158.0,158.0,158.0,158.5,158.5
8245.0,158.2,0.67,8,158.0,158.0,158.25,158.0,158.0,158.0,158.67,158.67
8250.0,158.04,0.33,8,158.0,158.0,158.0,158.0,158.0,158.0,158.0,158.33
8255.0,158.2,0.67,8,158.0,158.0,158.0,158.0,158.0,158.25,158.67,158.67
8260.0,158.06,0.5,8,158.0,158.0,158.0,158.0,158.0,158.0,158.5,158.0
8265.0,158.22,0.67,8,158.5,158.25,158.0,158.0,158.33,158.0,158.0,158.67
8270.0,158.24,0.5,8,158.5,158.0,158.0,158.5,158.0,158.0,158.4,158.5
8275.0,158.18,0.5,8,158.0,158.25,158.0,158.0,158.33,158.33,158.0,158.5
8280.0,158.19,0.75,8,158.0,158.14,158.0,158.0,158.0,158.0,158.75,158.67
8285.0,158.05,0.25,8,158.0,158.0,158.11,158.0,158.0,158.0,158.0,158.25
8290.0,158.06,0.5,8,158.0,158.0,158.0,158.0,158.0,158.0,158.5,158.0
8295.0,158.14,0.43,8,158.0,158.0,158.0,158.0,158.0,158.33,158.43,158.33
8300.0,158.23,0.5,8,158.33,158.0,158.33,158.0,158.0,158.5,158.33,158.33
8305.0,158.09,0.5,8,158.2,158.0,158.0,158.0,158.0,158.5,158.0,158.0
8310.0,158.09,0.33,8,158.0,158.0,158.0,158.11,158.0,158.0,158.25,158.33
8315.0,158.13,0.67,8,158.0,158.25,158.0,158.0,158.14,158.0,158.67,158.0
8320.0,158.0,0.0,8,158.0,158.0,158.0,158.0,158.0,158.0,158.0,158.0
8325.0,158.06,0.33,8,158.14,158.33,158.0,158.0,158.0,158.0,158.0,158.0
