delay_us,mean,spread,ntags,p0,p1,p2,p3,p4,p5,p6,p7
0.0,160.3,0.67,8,160.2,160.33,160.0,160.33,160.0,160.67,160.33,160.5
5.0,160.44,1.0,8,160.2,160.33,160.67,160.0,160.33,160.0,161.0,161.0
10.0,160.6,0.75,8,160.67,160.67,160.25,160.5,160.25,160.5,161.0,161.0
15.0,160.5,1.0,8,160.5,160.0,160.0,160.5,161.0,160.5,161.0,160.5
20.0,160.36,1.0,8,160.5,160.33,160.33,160.0,160.25,160.0,161.0,160.5
25.0,160.5,1.0,8,160.33,160.33,160.33,160.0,160.5,160.5,161.0,161.0
30.0,160.51,1.0,8,161.0,160.25,160.0,160.0,160.4,161.0,160.67,160.75
35.0,160.31,1.0,8,160.5,160.0,160.0,160.0,160.0,161.0,160.5,160.5
40.0,160.39,1.0,8,160.5,160.0,160.0,160.0,160.33,161.0,160.6,160.67
45.0,160.38,1.0,8,161.0,160.5,160.0,160.0,160.5,160.5,160.5,160.0
50.0,160.45,1.0,8,160.33,160.33,160.67,160.25,160.0,160.5,160.5,161.0
55.0,160.48,0.33,8,160.67,160.33,160.5,160.33,160.5,160.5,160.5,160.5
60.0,160.46,1.0,8,161.0,160.25,160.0,160.0,160.33,160.33,161.0,160.75
65.0,160.25,1.0,8,160.0,160.5,160.0,160.0,160.0,161.0,160.5,160.0
70.0,160.38,1.0,8,161.0,160.0,160.0,160.0,160.0,161.0,160.67,160.33
75.0,160.51,1.0,8,160.0,160.5,160.5,160.0,160.5,160.6,161.0,161.0
80.0,160.23,1.0,8,160.38,160.0,160.0,160.0,160.25,160.25,161.0,160.0
85.0,160.12,0.5,8,160.0,160.0,160.0,160.0,160.5,160.0,160.5,160.0
90.0,160.36,1.0,8,161.0,160.0,160.0,160.0,160.38,160.0,160.75,160.75
95.0,160.27,1.0,8,160.0,161.0,160.0,160.0,160.33,160.33,160.0,160.5
100.0,160.38,0.75,8,160.67,160.0,160.0,160.25,160.25,160.75,160.5,160.6
105.0,160.61,1.0,8,160.4,160.0,160.5,160.5,160.5,161.0,161.0,161.0
110.0,160.42,1.0,8,160.5,160.17,160.25,160.0,160.25,160.5,161.0,160.67
115.0,160.38,1.0,8,160.5,160.5,160.0,160.0,161.0,160.5,160.0,160.5
120.0,160.38,0.75,8,160.0,160.5,160.0,160.33,160.33,160.33,160.75,160.75
125.0,160.25,0.5,8,160.0,160.0,160.0,160.0,160.5,160.5,160.5,160.5
130.0,160.35,0.83,8,160.0,160.5,160.33,160.0,160.0,160.83,160.67,160.5
135.0,160.44,1.0,8,160.5,160.0,160.5,160.5,160.0,160.5,160.5,161.0
140.0,160.36,1.0,8,160.67,160.0,160.0,160.25,160.5,160.0,160.5,161.0
145.0,160.46,1.0,8,161.0,160.0,160.0,160.0,160.5,160.5,160.67,161.0
150.0,160.37,0.75,8,160.67,160.33,160.0,160.0,160.25,160.75,160.5,160.44
155.0,160.35,1.0,8,160.0,160.33,160.5,160.0,160.0,160.5,161.0,160.5
160.0,160.43,1.0,8,160.75,160.0,160.5,160.0,160.33,160.33,161.0,160.5
165.0,160.31,1.0,8,160.5,160.0,160.0,160.0,160.0,160.5,161.0,160.5
170.0,160.54,1.0,8,160.75,160.25,160.33,160.0,160.33,161.0,160.67,161.0
175.0,160.39,1.0,8,160.5,160.0,160.5,160.0,160.25,160.33,161.0,160.5
180.0,160.43,1.0,8,160.67,160.33,160.0,160.0,160.25,160.5,161.0,160.67
185.0,160.47,1.0,8,160.33,160.67,160.0,160.5,160.25,161.0,160.5,160.5
190.0,160.42,1.0,8,160.67,160.5,160.0,160.0,160.5,160.0,161.0,160.67
195.0,160.36,1.0,8,160.5,160.0,160.33,160.0,160.33,160.25,161.0,160.5
200.0,160.51,1.0,8,161.0,160.75,160.12,160.0,160.67,160.5,160.33,160.67
205.0,160.31,1.0,8,160.5,160.0,160.0,160.0,160.0,160.33,160.67,161.0
210.0,160.45,1.0,8,160.33,160.0,160.25,160.25,160.25,161.0,160.5,161.0
215.0,160.38,1.0,8,161.0,160.0,160.0,160.0,160.0,160.5,160.5,161.0
220.0,160.42,1.0,8,160.5,160.33,160.0,160.0,160.0,160.75,161.0,160.75
225.0,160.42,1.0,8,161.0,160.5,160.0,160.0,160.33,160.5,161.0,160.0
230.0,160.56,1.0,8,161.0,160.5,160.25,160.5,160.0,160.5,160.75,161.0
235.0,160.34,1.0,8,160.0,160.5,160.0,160.0,160.0,160.5,160.75,161.0
240.0,160.33,0.67,8,160.67,160.33,160.0,160.25,160.0,160.5,160.5,160.43
245.0,160.34,1.0,8,160.2,160.5,160.0,160.0,160.0,160.5,161.0,160.5
250.0,160.45,1.0,8,160.0,160.75,160.0,160.0,160.33,160.5,161.0,161.0
255.0,160.41,0.67,8,160.5,160.5,160.25,160.0,160.33,160.5,160.5,160.67
260.0,160.17,0.5,8,160.5,160.0,160.0,160.0,160.0,160.0,160.33,160.5
265.0,160.15,0.71,8,160.0,160.0,160.0,160.0,160.0,160.0,160.5,160.71
270.0,160.42,1.0,8,160.2,160.67,160.0,160.0,160.5,161.0,160.5,160.5
275.0,160.33,1.0,8,160.25,160.0,160.0,160.0,160.33,160.33,161.0,160.75
280.0,160.52,1.0,8,161.0,160.0,160.5,160.0,160.67,161.0,161.0,160.0
285.0,160.51,0.75,8,160.67,160.33,160.33,160.25,160.25,160.5,161.0,160.71
290.0,160.38,1.0,8,160.33,160.67,160.0,160.0,160.0,161.0,160.5,160.5
295.0,160.52,1.0,8,160.75,160.0,160.5,160.5,160.33,160.33,161.0,160.75
300.0,160.44,1.0,8,161.0,160.5,160.0,160.17,160.0,160.33,161.0,160.5
305.0,160.32,1.0,8,160.5,160.25,160.0,160.33,160.0,160.5,161.0,160.0
310.0,160.32,0.6,8,160.5,160.0,160.0,160.5,160.0,160.5,160.6,160.5
315.0,160.38,1.0,8,160.67,160.0,160.0,160.25,160.25,161.0,160.5,160.33
320.0,160.58,1.0,8,160.67,160.0,160.5,160.0,160.5,161.0,161.0,161.0
325.0,160.38,0.75,8,160.25,160.0,160.5,160.0,160.0,160.75,160.75,160.75
330.0,160.23,1.0,8,160.0,160.0,160.0,160.33,160.0,161.0,160.0,160.5
335.0,160.39,1.0,8,160.5,160.0,160.0,160.0,160.29,160.33,161.0,161.0
340.0,160.63,1.0,8,161.0,160.5,160.5,160.0,160.4,160.67,161.0,161.0
345.0,160.38,1.0,8,160.5,160.25,160.25,160.0,160.0,160.33,161.0,160.67
350.0,160.45,1.0,8,161.0,160.67,160.0,160.0,160.25,160.5,160.5,160.67
355.0,160.35,1.0,8,161.0,160.33,160.0,160.0,160.0,160.5,160.5,160.5
360.0,160.44,1.0,8,160.5,160.33,160.5,160.12,160.33,160.75,160.0,161.0
365.0,160.34,0.75,8,160.0,160.5,160.0,160.14,160.33,160.33,160.67,160.75
370.0,160.44,1.0,8,160.0,160.5,160.0,160.0,160.5,160.5,161.0,161.0
375.0,160.49,1.0,8,160.67,160.25,160.5,160.0,160.0,160.8,161.0,160.67
380.0,160.47,1.0,8,160.5,160.5,160.5,160.0,161.0,160.5,160.25,160.5
385.0,160.45,1.0,8,160.67,160.33,160.25,160.0,160.5,160.0,161.0,160.86
390.0,160.42,1.0,8,160.33,160.5,160.0,160.5,160.0,160.5,161.0,160.5
395.0,160.39,1.0,8,160.5,160.17,160.0,160.0,160.25,160.5,161.0,160.67
400.0,160.42,1.0,8,161.0,160.33,160.0,160.0,160.5,160.5,161.0,160.0
405.0,160.54,1.0,8,161.0,161.0,160.0,160.0,160.33,160.5,160.75,160.75
410.0,160.46,1.0,8,161.0,160.0,160.2,160.0,160.0,160.5,161.0,161.0
415.0,160.52,1.0,8,160.75,160.5,160.5,160.33,160.0,160.33,161.0,160.75
420.0,160.5,1.0,8,161.0,160.0,160.0,160.0,160.5,160.5,161.0,161.0
425.0,160.42,1.0,8,160.5,160.5,160.0,160.0,160.33,160.0,161.0,161.0
430.0,160.38,1.0,8,160.0,160.5,160.0,160.5,161.0,160.5,160.5,160.0
435.0,160.54,1.0,8,160.5,161.0,160.0,160.0,160.5,160.33,161.0,161.0
440.0,160.61,1.0,8,161.0,160.5,160.25,160.0,160.25,161.0,160.86,161.0
445.0,160.44,1.0,8,161.0,160.5,160.0,160.5,160.0,160.5,161.0,160.0
450.0,160.46,1.0,8,160.5,160.33,160.33,160.0,160.25,160.5,160.75,161.0
455.0,160.3,1.0,8,160.5,160.4,160.0,160.0,160.0,160.0,161.0,160.5
460.0,160.37,0.75,8,160.33,160.5,160.14,160.0,160.0,160.5,160.75,160.75
465.0,160.47,1.0,8,161.0,161.0,160.0,160.25,160.0,160.5,160.5,160.5
470.0,160.48,1.0,8,161.0,160.0,160.0,160.5,160.33,161.0,160.5,160.5
475.0,160.54,1.0,8,160.5,160.5,161.0,160.0,160.0,160.86,160.75,160.75
480.0,160.39,1.0,8,161.0,160.0,160.0,160.0,160.0,160.6,161.0,160.5
485.0,160.32,0.89,8,160.0,160.5,160.0,160.0,160.67,160.0,160.89,160.5
490.0,160.51,0.75,8,160.67,160.33,160.25,160.25,160.25,160.5,160.83,161.0
495.0,160.47,1.0,8,160.0,160.0,160.5,160.0,160.5,161.0,161.0,160.75
500.0,160.44,1.0,8,160.33,160.5,160.0,160.0,160.67,161.0,160.0,161.0
505.0,160.3,1.0,8,160.33,160.0,160.0,160.0,160.0,161.0,160.4,160.67
510.0,160.39,0.67,8,160.5,160.67,160.0,160.5,160.0,160.5,160.5,160.43
515.0,160.4,1.0,8,161.0,160.33,160.0,160.0,160.33,160.0,160.75,160.75
520.0,160.34,0.5,8,160.5,160.0,160.5,160.25,160.0,160.5,160.5,160.5
525.0,160.41,1.0,8,160.75,160.25,160.25,160.0,160.5,160.0,160.5,161.0
530.0,160.5,1.0,8,161.0,160.5,160.5,160.0,160.0,160.5,161.0,160.5
535.0,160.5,1.0,8,160.67,160.33,160.25,160.0,160.5,161.0,160.5,160.75
540.0,160.42,1.0,8,160.67,160.67,160.0,160.0,160.0,160.5,160.5,161.0
545.0,160.19,0.75,8,160.33,160.0,160.0,160.14,160.0,160.75,160.33,160.0
550.0,160.29,0.75,8,160.25,160.25,160.0,160.0,160.25,160.33,160.75,160.5
555.0,160.29,1.0,8,160.5,161.0,160.0,160.0,160.0,160.33,160.5,160.0
560.0,160.18,0.67,8,160.67,160.25,160.0,160.0,160.0,160.0,160.0,160.5
565.0,160.19,1.0,8,161.0,160.0,160.0,160.0,160.0,160.5,160.0,160.0
570.0,162.57,2.25,8,163.0,162.67,162.67,162.5,163.25,162.75,162.75,161.0
575.0,194.6,9.17,8,196.5,188.33,196.5,197.5,194.0,191.0,196.5,196.5
580.0,236.33,17.5,8,236.0,240.0,229.62,230.0,229.5,243.25,247.0,235.25
585.0,245.12,16.75,8,245.75,241.5,238.29,238.0,241.33,250.33,254.75,251.0
590.0,248.51,17.67,8,249.5,246.0,241.75,240.33,246.0,253.5,258.0,253.0
595.0,249.12,18.5,8,248.25,247.0,243.5,242.0,240.5,258.5,259.0,254.25
600.0,249.68,19.4,8,249.5,246.0,243.5,241.0,246.0,260.4,257.0,254.0
605.0,249.14,17.24,8,249.5,246.0,243.5,241.33,245.67,254.33,258.57,254.25
610.0,249.36,18.75,8,249.0,246.67,243.75,241.75,245.75,256.0,260.5,251.43
615.0,249.25,18.5,8,248.5,245.0,244.0,241.0,247.0,255.5,259.5,253.5
620.0,249.68,16.25,8,249.5,245.83,244.33,242.75,246.25,255.75,259.0,254.0
625.0,249.48,17.0,8,249.5,245.67,244.67,241.5,246.0,255.5,258.5,254.5
630.0,250.04,16.17,8,249.0,247.25,244.0,242.5,249.5,254.67,258.67,254.75
635.0,250.62,17.5,8,250.0,247.0,243.5,243.0,252.0,255.0,260.5,254.0
640.0,250.05,17.65,8,248.75,247.33,242.5,241.75,246.0,259.4,259.33,255.33
645.0,250.0,17.0,8,249.0,246.5,243.5,242.0,246.0,258.0,259.0,256.0
650.0,249.98,18.83,8,249.67,245.44,243.25,241.5,248.33,256.0,260.33,255.33
655.0,249.49,17.0,8,249.0,249.5,242.25,242.0,246.25,255.25,259.0,252.67
660.0,249.07,18.5,8,249.5,247.5,241.6,240.5,245.5,255.0,259.0,254.0
665.0,248.96,18.58,8,247.5,246.67,244.5,240.67,245.75,255.0,259.25,252.33
670.0,248.69,19.5,8,248.0,247.0,242.0,239.5,246.0,255.0,259.0,253.0
675.0,248.75,19.5,8,248.0,244.5,243.67,238.5,248.33,255.0,258.0,254.0
680.0,249.38,20.33,8,249.25,245.75,242.75,239.0,250.29,253.0,259.33,255.67
685.0,248.8,18.17,8,248.0,246.0,242.0,240.5,248.2,253.0,258.67,254.0
690.0,248.24,18.0,8,248.22,244.75,241.75,240.33,244.5,252.67,258.33,255.33
695.0,248.33,19.58,8,248.5,244.29,242.0,238.75,245.25,254.5,258.33,255.0
700.0,247.82,18.67,8,247.0,243.4,242.33,239.67,243.67,255.4,258.33,252.75
705.0,247.9,20.0,8,247.5,244.5,242.67,239.0,245.0,253.0,259.0,252.5
710.0,247.77,18.75,8,248.75,245.25,241.0,240.5,239.0,256.88,257.75,253.0
715.0,248.78,17.75,8,247.0,246.5,242.0,240.5,244.0,258.25,258.0,254.0
720.0,248.43,19.58,8,248.67,246.75,240.75,238.75,246.33,253.5,258.33,254.33
725.0,247.77,18.75,8,249.33,245.0,241.75,239.75,243.75,254.0,258.5,250.11
730.0,248.0,17.5,8,248.0,245.0,242.5,239.5,244.0,254.5,257.0,253.5
735.0,247.78,19.75,8,248.5,244.0,242.0,238.75,244.25,253.75,258.5,252.5
740.0,247.41,18.5,8,248.5,243.25,241.0,238.5,244.5,253.0,257.0,253.5
745.0,248.08,18.75,8,248.25,244.33,242.0,239.5,247.5,252.33,258.25,252.5
750.0,248.52,18.42,8,248.0,247.33,243.0,239.33,247.71,254.0,257.75,251.0
755.0,248.15,18.67,8,247.25,245.75,242.0,238.67,244.0,255.57,257.33,254.67
760.0,247.38,17.5,8,247.5,244.5,241.5,239.5,243.5,253.5,257.0,252.0
765.0,247.48,19.75,8,247.5,246.33,241.75,238.25,244.25,253.5,258.0,250.29
770.0,247.71,18.5,8,247.67,245.0,241.5,239.5,244.5,253.0,258.0,252.5
775.0,247.26,16.67,8,247.5,243.6,241.67,240.33,242.0,254.0,257.0,252.0
780.0,247.59,18.0,8,247.5,243.4,242.33,238.5,244.0,254.5,256.5,254.0
785.0,248.62,17.5,8,249.0,245.0,241.0,240.5,248.0,254.0,258.0,253.5
790.0,248.29,17.5,8,247.0,245.25,241.75,240.5,249.2,252.33,258.0,252.25
795.0,247.92,20.0,8,248.5,245.5,241.5,238.5,246.0,252.33,258.5,252.5
800.0,247.75,17.75,8,248.67,245.67,241.0,239.25,244.25,255.0,257.0,251.2
805.0,247.58,19.0,8,247.67,244.5,242.5,238.0,244.0,254.5,257.0,252.5
810.0,247.4,19.0,8,247.5,243.5,244.0,239.0,241.67,253.0,258.0,252.5
815.0,247.91,19.33,8,249.0,244.25,242.33,238.67,244.5,253.5,258.0,253.0
820.0,247.44,19.5,8,247.75,245.25,240.75,240.5,238.5,255.75,258.0,253.0
825.0,248.51,18.5,8,248.5,245.0,242.0,240.0,243.5,257.6,258.5,253.0
830.0,248.54,17.79,8,248.67,245.75,241.75,240.5,245.67,254.0,258.29,253.67
835.0,246.9,18.5,8,247.67,244.0,240.5,239.0,243.5,253.5,257.5,249.5
840.0,248.3,22.67,8,249.5,250.5,239.0,236.33,244.75,256.0,259.0,251.33
845.0,249.35,22.0,8,250.0,250.0,238.33,237.5,247.0,257.5,259.5,255.0
850.0,246.5,18.35,8,248.0,248.0,244.5,235.4,241.33,250.25,253.75,250.75
855.0,260.19,13.0,8,258.5,261.0,264.5,251.5,263.0,262.0,260.5,260.5
860.0,288.05,12.33,8,281.0,281.75,293.33,289.5,290.29,293.0,288.75,286.75
865.0,287.17,11.0,8,280.5,285.5,290.5,291.5,288.5,284.83,287.0,289.0
870.0,288.92,12.38,8,280.88,284.5,293.25,290.25,290.33,290.0,289.67,292.5
875.0,287.51,15.4,8,279.6,284.0,295.0,287.5,285.0,291.0,292.5,285.5
880.0,286.66,12.17,8,279.5,285.0,291.67,288.75,285.75,288.75,287.33,286.5
885.0,286.44,7.0,8,283.0,284.5,289.0,286.5,285.5,286.5,290.0,286.5
890.0,284.41,14.22,8,277.0,282.0,291.22,289.0,282.33,286.0,285.75,282.0
895.0,281.47,12.0,8,274.0,279.5,286.0,278.75,285.0,282.5,284.5,281.5
900.0,280.03,18.5,8,271.5,276.33,282.5,290.0,280.17,281.0,280.5,278.25
905.0,231.59,16.0,8,232.0,224.5,226.5,231.5,233.25,233.5,240.5,231.0
910.0,205.39,14.25,8,210.5,201.33,198.5,200.67,200.0,208.12,211.25,212.75
915.0,206.6,15.5,8,210.5,204.5,199.0,200.0,204.0,208.8,211.5,214.5
920.0,205.39,14.08,8,210.0,202.25,198.75,198.25,203.33,206.5,211.71,212.33
925.0,204.54,14.83,8,209.0,201.5,197.5,198.5,201.5,206.5,209.5,212.33
930.0,204.71,14.75,8,207.86,203.0,197.25,198.5,201.75,206.0,211.33,212.0
935.0,203.66,15.5,8,208.0,198.29,196.5,198.0,201.0,206.0,209.5,212.0
940.0,203.68,15.5,8,207.33,201.5,196.5,197.33,201.25,204.75,208.75,212.0
945.0,203.58,13.0,8,208.5,201.0,198.0,198.0,202.0,204.67,205.5,211.0
950.0,203.12,15.36,8,207.25,201.5,195.5,196.0,199.67,204.67,209.5,210.86
955.0,203.43,14.58,8,208.33,201.0,196.75,197.5,202.0,205.0,205.5,211.33
960.0,203.56,13.5,8,208.0,200.5,197.5,197.5,200.5,205.0,208.5,211.0
965.0,202.68,13.75,8,205.22,200.75,196.25,196.75,200.5,204.67,207.33,210.0
970.0,202.53,15.25,8,206.0,197.6,196.0,196.67,200.75,204.25,207.75,211.25
975.0,203.31,15.0,8,208.0,198.67,197.33,196.0,201.5,205.0,209.0,211.0
980.0,202.97,14.17,8,209.0,199.0,196.5,197.75,200.5,205.33,205.0,210.67
985.0,202.97,15.5,8,207.0,201.0,195.5,197.0,200.5,204.8,207.0,211.0
990.0,202.84,14.42,8,207.5,199.57,197.0,196.33,199.33,204.25,208.0,210.75
995.0,203.19,15.5,8,208.0,200.5,195.5,197.0,201.0,204.5,208.0,211.0
1000.0,202.75,14.5,8,206.5,200.5,195.5,197.5,200.0,205.0,207.0,210.0
1005.0,202.52,13.75,8,205.33,200.0,195.75,197.5,200.75,204.0,207.33,209.5
1010.0,202.35,14.5,8,203.8,199.0,196.0,196.5,200.5,204.0,208.5,210.5
1015.0,203.16,13.75,8,209.0,199.33,196.67,196.25,201.0,204.5,208.5,210.0
1020.0,203.06,13.67,8,208.5,200.0,196.33,196.67,201.0,203.5,208.5,210.0
1025.0,203.38,14.33,8,207.5,201.67,196.0,197.5,201.0,204.5,208.5,210.33
1030.0,203.08,13.5,8,208.0,199.5,197.0,197.67,201.0,203.5,207.5,210.5
1035.0,202.99,14.0,8,207.25,200.0,197.33,196.5,201.0,203.67,207.67,210.5
1040.0,203.15,15.0,8,207.0,200.5,196.0,198.0,199.5,205.17,208.0,211.0
1045.0,203.24,13.83,8,207.5,200.0,196.75,196.5,201.67,204.0,209.14,210.33
1050.0,202.82,15.1,8,208.0,201.0,195.5,196.0,200.0,204.0,207.5,210.6
1055.0,203.01,14.5,8,204.88,200.0,197.0,196.5,201.0,204.67,209.0,211.0
1060.0,202.66,15.0,8,203.75,200.0,196.0,197.0,200.5,204.0,209.0,211.0
1065.0,202.46,15.25,8,206.5,196.67,196.0,197.33,200.67,204.0,207.25,211.25
1070.0,202.46,15.17,8,207.5,199.33,196.0,195.33,199.5,203.5,208.0,210.5
1075.0,202.86,14.0,8,207.25,200.0,196.25,196.67,200.5,204.29,207.67,210.25
1080.0,203.47,14.67,8,207.33,202.67,196.0,196.5,200.0,204.0,210.57,210.67
1085.0,202.91,14.5,8,207.5,201.0,196.0,196.0,199.5,203.5,209.25,210.5
1090.0,203.2,15.3,8,208.67,201.67,195.5,196.75,200.25,204.0,208.0,210.8
1095.0,202.94,15.0,8,208.0,199.5,196.0,196.5,200.0,204.0,208.5,211.0
1100.0,202.49,14.58,8,207.0,199.5,196.0,195.67,200.25,204.0,207.25,210.25
1105.0,202.78,15.5,8,208.0,200.0,195.5,196.71,199.0,203.5,208.5,211.0
1110.0,203.09,15.33,8,206.0,203.0,196.5,195.0,201.89,203.5,208.5,210.33
1115.0,202.46,14.5,8,206.5,200.0,195.5,197.2,199.5,203.5,207.5,210.0
1120.0,202.94,14.0,8,207.5,199.67,197.5,196.0,201.25,203.33,208.25,210.0
1125.0,203.03,15.0,8,207.0,200.5,196.5,195.5,202.75,203.5,208.0,210.5
1130.0,202.74,13.5,8,207.5,199.5,196.5,197.0,200.0,204.4,207.0,210.0
1135.0,202.61,14.75,8,205.75,200.75,195.75,196.5,201.0,203.67,207.0,210.5
1140.0,201.85,14.17,8,203.8,199.5,195.33,197.0,200.25,204.4,205.0,209.5
1145.0,203.01,14.75,8,208.33,201.0,195.5,197.0,200.0,204.5,207.5,210.25
1150.0,202.65,15.0,8,207.75,199.67,195.5,197.22,198.67,203.67,208.25,210.5
1155.0,203.25,14.0,8,207.5,200.0,196.5,196.5,202.5,204.0,208.5,210.5
1160.0,184.38,9.33,8,187.0,181.0,182.0,183.0,180.0,185.71,189.33,187.0
1165.0,161.47,3.0,8,160.5,162.5,163.0,163.0,160.0,160.0,162.75,160.0
1170.0,159.91,0.25,8,160.0,159.75,160.0,159.75,159.75,160.0,160.0,160.0
1175.0,159.78,0.67,8,159.5,160.0,159.33,159.67,159.75,160.0,160.0,160.0
1180.0,159.65,1.0,8,159.67,159.67,159.33,159.0,159.5,160.0,160.0,160.0
1185.0,159.83,0.5,8,159.75,159.5,160.0,159.5,159.86,160.0,160.0,160.0
1190.0,159.65,0.5,8,159.5,159.5,159.5,159.5,159.5,159.67,160.0,160.0
1195.0,159.86,0.33,8,160.0,159.67,159.75,159.75,159.75,160.0,160.0,160.0
1200.0,159.56,1.0,8,160.0,159.5,159.0,159.5,159.5,159.0,160.0,160.0
1205.0,159.72,1.0,8,160.0,160.0,159.0,159.25,159.5,160.0,160.0,160.0
1210.0,159.74,0.6,8,159.5,159.5,159.4,160.0,160.0,159.5,160.0,160.0
1215.0,159.59,0.42,8,159.75,159.75,159.5,159.67,159.5,159.33,159.75,159.5
1220.0,159.66,1.0,8,160.0,159.0,160.0,159.25,159.5,159.5,160.0,160.0
1225.0,159.64,0.75,8,159.5,159.25,159.25,159.5,159.6,160.0,160.0,160.0
1230.0,159.56,1.0,8,160.0,160.0,159.5,159.5,159.67,159.33,159.5,159.0
1235.0,159.62,1.0,8,160.0,159.67,159.5,159.0,159.5,159.67,160.0,159.67
1240.0,159.62,0.5,8,159.5,159.5,159.5,159.5,159.5,160.0,159.5,160.0
1245.0,159.32,1.0,8,159.5,159.2,159.0,159.0,159.0,159.33,159.5,160.0
1250.0,159.4,1.0,8,159.0,159.4,159.33,159.0,159.25,159.5,159.75,160.0
1255.0,159.53,1.0,8,159.0,159.4,159.0,159.33,159.5,160.0,160.0,160.0
1260.0,159.57,0.75,8,159.5,159.25,159.25,159.33,159.5,159.75,160.0,160.0
1265.0,159.29,0.86,8,159.5,159.5,159.0,159.5,159.0,159.86,159.0,159.0
1270.0,159.38,0.75,8,159.75,159.25,159.25,159.0,159.0,159.5,159.5,159.75
1275.0,159.38,1.0,8,159.0,159.0,159.0,159.0,159.0,160.0,160.0,160.0
1280.0,159.38,1.0,8,159.33,159.25,159.25,159.0,159.0,160.0,159.5,159.71
1285.0,159.49,1.0,8,159.4,159.5,159.5,159.0,159.0,159.5,160.0,160.0
1290.0,159.53,1.0,8,160.0,159.33,159.0,159.0,159.5,159.75,160.0,159.67
1295.0,159.48,1.0,8,159.5,159.33,159.5,159.0,159.5,159.5,159.5,160.0
1300.0,159.3,0.75,8,159.33,159.33,159.0,159.0,159.0,159.5,159.75,159.5
1305.0,159.35,0.5,8,159.5,159.5,159.5,159.0,159.33,159.0,159.5,159.5
1310.0,159.27,0.67,8,159.5,159.0,159.0,159.33,159.0,159.14,159.67,159.5
1315.0,159.34,0.75,8,159.5,159.5,159.0,159.0,159.0,159.5,159.75,159.5
1320.0,159.31,1.0,8,159.33,159.33,159.0,159.0,159.25,159.0,160.0,159.6
1325.0,159.18,0.57,8,159.33,159.0,159.0,159.25,159.0,159.25,159.0,159.57
1330.0,159.48,1.0,8,159.5,159.33,159.0,159.0,159.5,160.0,159.5,160.0
1335.0,159.36,0.75,8,159.5,159.33,159.0,159.14,159.33,159.33,159.75,159.5
1340.0,159.36,1.0,8,159.5,159.0,159.5,159.0,159.4,159.0,159.5,160.0
1345.0,159.47,1.0,8,159.5,159.25,159.5,159.0,159.5,159.33,160.0,159.67
1350.0,159.4,1.0,8,159.5,159.0,159.5,159.0,159.5,159.67,159.0,160.0
1355.0,159.36,1.0,8,159.67,159.0,159.0,159.0,159.0,160.0,159.57,159.67
1360.0,159.32,1.0,8,160.0,159.5,159.0,159.0,159.0,159.0,159.4,159.67
1365.0,159.43,0.86,8,160.0,159.14,159.33,159.33,159.5,159.25,159.25,159.67
1370.0,159.28,0.5,8,159.5,159.0,159.4,159.0,159.33,159.25,159.25,159.5
1375.0,159.51,1.0,8,159.5,159.5,159.25,159.0,159.33,160.0,160.0,159.5
1380.0,159.28,0.75,8,159.0,159.0,159.0,159.33,159.0,159.5,159.62,159.75
1385.0,159.28,1.0,8,159.5,159.0,159.0,159.0,159.5,159.0,159.2,160.0
1390.0,159.38,0.8,8,159.33,159.25,159.25,159.0,159.25,159.67,159.5,159.8
1395.0,159.38,1.0,8,160.0,159.0,159.0,159.0,159.0,159.5,160.0,159.5
1400.0,159.52,1.0,8,160.0,159.5,159.0,159.0,159.75,159.75,159.5,159.67
1405.0,159.53,1.0,8,159.25,160.0,159.12,159.0,159.33,159.75,160.0,159.75
1410.0,159.34,1.0,8,160.0,159.0,159.2,159.0,159.0,159.0,159.5,160.0
1415.0,159.47,0.42,8,159.25,159.5,159.33,159.33,159.5,159.67,159.67,159.5
1420.0,159.41,1.0,8,159.5,159.5,159.0,159.0,159.0,160.0,159.8,159.5
1425.0,159.41,1.0,8,160.0,159.0,159.25,159.25,159.0,159.67,159.5,159.6
1430.0,159.29,1.0,8,159.33,159.0,159.0,159.0,159.0,159.5,159.5,160.0
1435.0,159.35,0.75,8,159.5,159.33,159.0,159.0,159.25,159.5,159.75,159.5
1440.0,159.62,1.0,8,160.0,159.0,159.0,159.5,159.5,160.0,160.0,160.0
1445.0,159.48,1.0,8,160.0,159.0,159.43,159.0,159.5,159.5,159.75,159.67
1450.0,159.56,1.0,8,160.0,159.5,159.0,159.0,159.5,159.5,160.0,160.0
1455.0,159.39,1.0,8,159.5,159.5,159.0,159.0,159.33,159.0,160.0,159.75
1460.0,159.41,1.0,8,160.0,159.0,159.0,159.0,159.25,160.0,159.5,159.5
1465.0,159.24,0.67,8,159.0,159.25,159.0,159.0,159.0,159.67,159.67,159.33
1470.0,159.4,1.0,8,159.5,159.0,159.0,159.0,160.0,159.33,159.67,159.67
1475.0,159.32,0.75,8,159.5,159.5,159.0,159.0,159.33,159.0,159.75,159.5
1480.0,159.19,1.0,8,159.0,159.0,159.0,159.0,159.0,159.0,160.0,159.5
1485.0,159.36,1.0,8,159.5,159.0,159.0,159.0,159.0,159.67,160.0,159.75
1490.0,159.48,1.0,8,160.0,159.25,159.25,159.0,159.0,160.0,159.83,159.5
1495.0,159.44,1.0,8,159.5,159.5,159.0,159.0,159.5,159.0,160.0,160.0
1500.0,159.28,0.5,8,159.5,159.33,159.0,159.0,159.5,159.0,159.5,159.4
1505.0,159.53,1.0,8,159.75,159.25,159.25,159.67,159.0,159.67,159.67,160.0
1510.0,159.51,1.0,8,160.0,159.0,159.0,159.5,160.0,159.5,159.6,159.5
1515.0,159.34,0.89,8,159.67,159.0,159.0,159.0,159.0,159.67,159.5,159.89
1520.0,159.38,0.67,8,159.57,159.0,159.0,159.33,159.5,159.5,159.5,159.67
1525.0,159.35,0.5,8,159.5,159.5,159.33,159.0,159.5,159.5,159.5,159.0
1530.0,159.46,1.0,8,160.0,159.25,159.5,159.0,159.0,159.67,160.0,159.25
1535.0,159.44,1.0,8,160.0,159.0,159.0,159.0,159.5,159.5,160.0,159.5
1540.0,159.66,1.0,8,160.0,159.75,159.5,159.0,159.5,159.5,160.0,160.0
1545.0,159.6,0.67,8,160.0,159.5,159.5,159.5,159.33,159.67,159.33,160.0
1550.0,159.53,1.0,8,159.6,159.67,159.25,159.5,159.0,159.75,160.0,159.5
1555.0,159.52,1.0,8,159.0,159.43,159.67,159.33,159.5,159.5,159.75,160.0
1560.0,159.52,1.0,8,160.0,159.17,159.5,159.5,159.0,160.0,159.5,159.5
1565.0,159.53,1.0,8,159.33,159.5,159.17,159.0,159.5,159.75,160.0,160.0
1570.0,159.62,1.0,8,160.0,160.0,159.5,159.0,159.5,159.5,160.0,159.5
1575.0,159.38,1.0,8,159.5,159.0,159.0,159.0,160.0,159.0,160.0,159.5
1580.0,159.51,1.0,8,159.75,159.0,159.25,159.75,159.0,159.67,159.67,160.0
1585.0,159.44,1.0,8,159.5,159.5,159.0,159.5,159.0,159.33,159.67,160.0
1590.0,159.48,1.0,8,160.0,159.0,159.33,159.0,159.75,159.4,160.0,159.33
1595.0,159.54,1.0,8,159.5,159.8,159.5,159.5,159.0,159.5,160.0,159.5
1600.0,159.36,0.75,8,159.33,159.5,159.14,159.0,159.25,159.25,159.75,159.67
1605.0,159.6,1.0,8,160.0,159.5,159.0,159.25,160.0,159.67,159.67,159.75
1610.0,159.53,1.0,8,159.5,159.0,159.0,159.2,159.5,160.0,160.0,160.0
1615.0,159.61,0.75,8,159.62,159.25,159.5,159.5,159.5,160.0,160.0,159.5
1620.0,159.55,1.0,8,160.0,159.2,159.0,159.0,159.75,160.0,159.75,159.67
1625.0,159.42,1.0,8,159.5,159.33,159.0,159.0,159.5,160.0,159.0,160.0
1630.0,159.58,0.75,8,159.5,159.25,159.33,159.5,159.67,159.67,159.75,160.0
1635.0,159.4,0.75,8,159.75,159.25,159.25,159.0,159.62,159.0,159.67,159.67
1640.0,159.53,1.0,8,160.0,159.0,160.0,159.0,159.25,159.0,160.0,160.0
1645.0,159.71,0.75,8,159.67,159.67,159.25,159.75,159.5,160.0,159.83,160.0
1650.0,159.67,1.0,8,160.0,159.67,159.0,159.5,160.0,159.5,160.0,159.67
1655.0,159.59,1.0,8,159.5,159.0,159.33,159.5,160.0,159.67,159.75,160.0
1660.0,159.51,1.0,8,159.5,159.5,159.0,159.0,159.6,159.5,160.0,160.0
1665.0,159.6,1.0,8,159.75,159.5,159.25,159.33,159.0,160.0,160.0,160.0
1670.0,159.5,1.0,8,159.5,159.5,159.0,159.5,159.5,159.5,159.5,160.0
1675.0,159.52,1.0,8,159.5,159.5,159.0,159.5,159.25,159.75,159.67,160.0
1680.0,159.48,1.0,8,159.33,159.5,159.0,159.5,159.5,159.0,160.0,160.0
1685.0,159.4,1.0,8,159.0,159.0,159.0,159.5,159.25,159.75,160.0,159.67
1690.0,159.42,0.75,8,159.5,159.38,159.0,159.33,159.67,159.0,159.75,159.75
1695.0,159.69,1.0,8,159.5,160.0,159.0,159.0,160.0,160.0,160.0,160.0
1700.0,159.5,1.0,8,159.33,159.5,159.0,159.5,159.67,159.0,160.0,160.0
1705.0,159.5,1.0,8,159.5,159.5,159.5,159.0,159.0,159.5,160.0,160.0
1710.0,159.54,1.0,8,159.5,159.0,159.5,159.33,159.5,160.0,160.0,159.5
1715.0,159.67,1.0,8,160.0,159.75,159.33,159.0,159.6,159.67,160.0,160.0
1720.0,159.7,0.5,8,160.0,159.5,159.5,160.0,159.6,159.5,159.5,160.0
1725.0,159.73,1.0,8,159.75,160.0,159.75,159.33,160.0,160.0,159.0,160.0
1730.0,159.62,1.0,8,159.5,159.0,159.5,159.5,159.5,160.0,160.0,160.0
1735.0,159.6,1.0,8,159.67,159.67,159.0,159.25,159.25,160.0,160.0,160.0
1740.0,159.56,1.0,8,159.5,159.5,159.0,159.0,159.5,160.0,160.0,160.0
1745.0,159.56,0.75,8,160.0,159.33,159.5,159.25,159.5,159.25,159.67,160.0
1750.0,159.51,1.0,8,159.33,159.5,159.0,159.0,159.5,159.75,160.0,160.0
1755.0,159.71,0.67,8,159.5,159.5,160.0,159.33,159.67,160.0,159.67,160.0
1760.0,159.57,1.0,8,160.0,160.0,159.5,159.25,159.33,159.0,160.0,159.5
1765.0,159.42,1.0,8,159.6,159.33,159.0,159.0,159.25,159.5,159.67,160.0
1770.0,159.26,0.6,8,159.6,159.0,159.0,159.0,159.0,159.5,159.5,159.5
1775.0,159.46,1.0,8,160.0,159.0,159.2,159.0,159.5,159.25,159.75,160.0
1780.0,159.74,1.0,8,160.0,160.0,159.0,159.4,159.5,160.0,160.0,160.0
1785.0,159.65,1.0,8,159.67,159.0,159.5,159.5,159.75,159.75,160.0,160.0
1790.0,159.49,1.0,8,159.5,159.5,159.0,159.0,159.4,160.0,159.5,160.0
1795.0,159.76,0.75,8,160.0,159.75,159.25,160.0,159.67,160.0,159.67,159.71
1800.0,159.44,1.0,8,159.25,159.0,159.0,159.0,159.5,160.0,159.75,160.0
1805.0,159.73,0.67,8,160.0,159.33,159.5,159.5,160.0,159.5,160.0,160.0
1810.0,159.69,0.67,8,160.0,160.0,159.5,159.4,159.33,159.75,159.5,160.0
1815.0,159.64,1.0,8,159.0,159.5,159.0,159.6,160.0,160.0,160.0,160.0
1820.0,159.83,0.75,8,160.0,160.0,159.75,159.25,159.67,160.0,160.0,160.0
1825.0,159.6,1.0,8,159.5,159.5,159.0,159.0,160.0,160.0,159.8,160.0
1830.0,159.66,0.67,8,159.5,159.6,159.33,159.33,159.5,160.0,160.0,160.0
1835.0,159.62,1.0,8,160.0,159.5,159.5,159.0,159.5,160.0,160.0,159.5
1840.0,159.64,0.75,8,160.0,159.5,159.29,159.33,159.25,159.75,160.0,160.0
1845.0,159.62,1.0,8,159.5,160.0,159.0,159.5,159.0,160.0,160.0,160.0
1850.0,159.53,1.0,8,159.5,159.25,159.0,159.0,159.5,160.0,160.0,160.0
1855.0,159.55,1.0,8,160.0,159.0,159.5,159.2,160.0,159.67,159.5,159.5
1860.0,159.64,1.0,8,160.0,159.5,159.5,159.0,159.25,160.0,160.0,159.86
1865.0,159.55,1.0,8,159.6,159.67,159.5,159.25,159.0,159.75,159.67,160.0
1870.0,159.85,0.5,8,159.83,160.0,159.5,159.5,160.0,160.0,160.0,160.0
1875.0,159.71,0.67,8,160.0,159.43,159.33,159.5,159.75,160.0,160.0,159.67
1880.0,159.57,0.75,8,159.25,159.5,159.33,159.33,159.5,159.67,160.0,160.0
1885.0,159.78,0.8,8,159.5,160.0,159.2,160.0,160.0,159.5,160.0,160.0
1890.0,159.74,0.5,8,160.0,159.5,159.5,159.75,159.67,159.5,160.0,160.0
1895.0,159.69,1.0,8,160.0,159.5,159.0,159.0,160.0,160.0,160.0,160.0
1900.0,159.72,0.75,8,160.0,159.25,159.5,159.5,159.5,160.0,160.0,160.0
1905.0,159.62,1.0,8,160.0,159.5,159.5,159.5,159.0,159.5,160.0,160.0
1910.0,159.83,0.6,8,160.0,160.0,159.4,160.0,159.75,159.75,160.0,159.75
1915.0,159.88,0.5,8,160.0,160.0,159.5,160.0,159.5,160.0,160.0,160.0
1920.0,159.73,0.8,8,160.0,159.5,159.5,159.2,159.67,160.0,160.0,160.0
1925.0,159.6,1.0,8,159.5,159.5,159.33,159.0,159.5,160.0,160.0,160.0
1930.0,159.64,1.0,8,159.75,159.5,159.67,159.57,159.0,159.67,160.0,160.0
1935.0,159.75,0.5,8,159.5,159.5,160.0,159.5,159.5,160.0,160.0,160.0
1940.0,159.71,0.75,8,160.0,159.75,159.25,159.5,159.67,160.0,160.0,159.5
1945.0,159.75,0.5,8,159.67,159.5,159.5,160.0,159.5,160.0,159.8,160.0
1950.0,159.65,0.75,8,159.33,159.5,159.6,159.25,159.75,159.75,160.0,160.0
1955.0,159.81,0.75,8,159.75,159.5,160.0,159.25,160.0,160.0,160.0,160.0
1960.0,159.85,0.5,8,160.0,160.0,159.5,159.67,159.67,160.0,160.0,160.0
1965.0,159.84,0.5,8,160.0,160.0,159.75,159.5,159.5,160.0,160.0,160.0
1970.0,159.72,1.0,8,159.75,159.0,159.5,160.0,160.0,160.0,159.5,160.0
1975.0,159.85,0.4,8,160.0,159.6,159.67,159.75,160.0,160.0,159.75,160.0
1980.0,159.75,0.67,8,160.0,159.33,159.67,159.5,159.5,160.0,160.0,160.0
1985.0,159.75,0.67,8,160.0,159.67,159.33,159.5,159.75,160.0,160.0,159.75
1990.0,159.73,0.67,8,160.0,159.5,159.33,159.5,160.0,160.0,159.5,160.0
1995.0,159.62,1.0,8,160.0,159.5,159.5,159.0,159.5,160.0,159.5,160.0
2000.0,159.79,0.67,8,160.0,159.5,159.33,160.0,159.5,160.0,160.0,160.0
2005.0,159.62,1.0,8,159.5,159.5,159.0,159.0,160.0,160.0,160.0,160.0
2010.0,159.78,0.75,8,160.0,159.5,160.0,159.25,159.5,160.0,160.0,160.0
2015.0,159.94,0.5,8,160.0,160.0,160.0,159.5,160.0,160.0,160.0,160.0
2020.0,159.76,0.67,8,160.0,159.33,159.5,159.75,159.5,160.0,160.0,160.0
2025.0,159.75,1.0,8,160.0,160.0,159.5,159.0,159.5,160.0,160.0,160.0
2030.0,159.72,0.67,8,159.83,159.33,159.5,159.33,159.75,160.0,160.0,160.0
2035.0,159.73,0.5,8,159.67,159.5,159.67,159.5,159.5,160.0,160.0,160.0
2040.0,159.72,0.67,8,159.75,159.75,159.33,159.5,160.0,160.0,159.67,159.75
2045.0,159.72,1.0,8,160.0,159.0,159.5,159.5,159.75,160.0,160.0,160.0
2050.0,159.56,1.0,8,159.5,160.0,159.5,159.5,159.0,160.0,159.5,159.5
2055.0,159.7,1.0,8,159.75,160.0,159.0,159.33,160.0,159.5,160.0,160.0
2060.0,159.71,0.67,8,160.0,160.0,159.33,159.5,159.5,159.75,160.0,159.6
2065.0,159.69,1.0,8,160.0,160.0,159.0,159.5,159.5,159.5,160.0,160.0
2070.0,159.81,0.5,8,159.67,160.0,159.5,159.57,159.75,160.0,160.0,160.0
2075.0,159.68,0.5,8,159.5,159.5,159.5,159.75,159.67,159.5,160.0,160.0
2080.0,159.61,1.0,8,159.67,159.75,159.25,159.25,159.0,160.0,160.0,160.0
2085.0,159.72,1.0,8,160.0,159.0,159.5,159.5,160.0,160.0,159.75,160.0
2090.0,159.78,0.75,8,160.0,159.83,159.67,159.25,159.75,160.0,160.0,159.75
2095.0,159.72,0.8,8,159.75,159.5,159.2,159.33,160.0,160.0,160.0,160.0
2100.0,159.77,0.5,8,160.0,160.0,159.5,159.5,159.67,159.5,160.0,160.0
2105.0,159.75,0.5,8,159.75,159.5,159.5,159.67,160.0,160.0,159.6,160.0
2110.0,159.7,1.0,8,160.0,160.0,159.0,159.0,159.75,160.0,160.0,159.83
2115.0,159.79,0.5,8,160.0,160.0,160.0,159.5,159.5,159.5,160.0,159.8
2120.0,159.78,0.67,8,160.0,159.33,160.0,159.38,159.5,160.0,160.0,160.0
2125.0,159.83,0.5,8,160.0,159.5,159.67,159.5,160.0,160.0,160.0,160.0
2130.0,159.77,0.5,8,160.0,159.5,159.5,159.5,159.67,160.0,160.0,160.0
2135.0,159.81,0.5,8,160.0,159.75,159.75,159.5,159.5,160.0,160.0,160.0
2140.0,159.88,0.5,8,160.0,160.0,159.5,159.5,160.0,160.0,160.0,160.0
2145.0,159.83,0.5,8,159.5,160.0,159.67,159.75,159.75,160.0,160.0,160.0
2150.0,159.71,1.0,8,159.67,159.0,159.5,160.0,159.5,160.0,160.0,160.0
2155.0,159.75,1.0,8,160.0,159.83,159.67,159.0,159.5,160.0,160.0,160.0
2160.0,159.97,0.2,8,160.0,159.8,160.0,160.0,160.0,160.0,160.0,160.0
2165.0,163.4,4.67,8,164.5,163.0,162.33,163.67,161.0,165.67,161.75,165.25
2170.0,181.0,11.0,8,180.5,175.0,175.0,182.0,185.5,184.0,180.0,186.0
2175.0,192.15,8.33,8,193.67,189.75,190.0,188.0,192.75,193.67,193.0,196.33
2180.0,194.06,8.5,8,194.5,191.5,192.0,190.5,194.5,197.0,193.5,199.0
2185.0,194.25,8.67,8,190.0,193.33,192.5,190.5,196.0,198.67,195.5,197.5
2190.0,194.56,7.0,8,191.5,192.5,192.5,192.0,196.0,198.5,196.5,197.0
2195.0,194.86,7.25,8,195.5,194.0,191.67,191.0,195.5,198.25,195.25,197.75
2200.0,194.94,8.0,8,196.0,193.5,193.0,190.5,195.0,198.5,195.5,197.5
2205.0,195.33,8.0,8,195.75,192.5,192.33,191.5,199.5,197.5,196.33,197.25
2210.0,195.51,8.6,8,195.5,192.5,192.5,191.0,199.6,199.0,196.0,198.0
2215.0,194.8,7.0,8,195.5,193.25,192.5,191.0,195.5,196.67,196.0,198.0
2220.0,194.97,6.5,8,196.0,192.5,193.0,191.5,195.5,197.6,195.67,198.0
2225.0,195.42,7.5,8,195.5,194.5,194.5,191.25,195.5,198.75,195.0,198.33
2230.0,195.04,6.5,8,195.5,194.33,193.0,191.5,195.0,198.0,196.0,197.0
2235.0,194.35,7.25,8,194.0,192.0,191.25,191.0,194.33,198.25,196.5,197.5
2240.0,194.62,7.0,8,195.5,193.0,192.0,191.0,194.0,198.0,196.0,197.5
2245.0,195.0,7.5,8,197.33,192.25,192.75,191.0,197.0,198.5,194.8,196.33
2250.0,194.85,7.17,8,193.33,193.0,193.33,191.5,195.5,198.5,195.0,198.67
2255.0,195.42,8.67,8,195.0,193.0,193.0,191.0,199.67,198.67,195.5,197.5
2260.0,195.3,8.4,8,195.0,193.0,192.5,191.0,199.4,197.5,196.0,198.0
2265.0,194.88,6.6,8,197.0,193.0,192.75,191.0,195.0,197.6,195.67,197.0
2270.0,194.76,7.33,8,195.5,192.0,192.5,191.0,195.0,198.0,195.75,198.33
2275.0,194.82,6.33,8,197.0,192.5,191.71,191.0,196.67,197.33,195.33,197.0
2280.0,194.29,7.25,8,193.33,192.5,191.0,191.0,195.25,198.25,195.5,197.5
2285.0,194.69,6.5,8,195.5,193.0,191.0,191.5,195.5,197.5,196.0,197.5
2290.0,194.92,7.83,8,195.25,193.33,192.5,190.83,195.5,198.67,196.25,197.0
2295.0,194.81,7.0,8,196.0,192.5,192.5,191.0,195.5,198.0,196.0,197.0
2300.0,195.29,8.7,8,195.0,192.75,192.5,190.5,199.2,198.0,196.33,198.0
2305.0,195.15,8.17,8,195.5,193.0,192.5,190.5,198.0,198.67,195.5,197.5
2310.0,195.16,9.0,8,196.0,192.5,192.5,191.0,195.25,198.0,196.0,200.0
2315.0,194.94,9.0,8,194.5,192.5,192.5,191.0,195.5,198.0,195.5,200.0
2320.0,194.74,7.0,8,193.43,193.0,194.0,191.0,195.0,198.0,195.5,198.0
2325.0,194.51,6.9,8,195.5,192.0,192.5,190.6,195.0,197.5,196.0,197.0
2330.0,195.1,8.67,8,195.0,192.5,192.0,190.5,199.17,198.0,196.67,197.0
2335.0,195.23,8.83,8,195.5,192.5,192.5,190.5,199.33,198.0,196.0,197.5
2340.0,194.49,5.5,8,196.67,192.75,192.5,191.25,194.5,196.75,195.5,196.0
2345.0,194.56,6.5,8,195.5,192.5,192.5,191.0,195.0,197.0,195.5,197.5
2350.0,194.76,7.33,8,195.5,193.0,192.75,191.0,195.0,198.0,194.5,198.33
2355.0,194.75,7.0,8,196.0,192.0,193.0,191.0,195.5,197.5,195.0,198.0
2360.0,194.21,7.5,8,194.33,193.0,191.33,190.5,194.0,198.0,195.75,196.75
2365.0,194.58,7.5,8,195.0,192.5,191.67,191.0,194.0,198.5,196.0,198.0
2370.0,195.53,7.67,8,196.5,193.5,193.25,191.33,197.0,199.0,195.67,198.0
2375.0,195.12,7.0,8,196.5,193.5,193.0,191.5,195.5,198.5,195.0,197.5
2380.0,195.72,8.67,8,194.33,194.0,193.25,192.0,195.75,199.25,196.5,200.67
2385.0,196.04,7.8,8,196.5,193.0,194.0,192.0,196.5,199.5,197.0,199.8
2390.0,195.53,7.75,8,195.33,194.0,192.17,192.0,195.0,199.75,197.5,198.5
2395.0,196.4,7.0,8,197.5,195.0,193.4,193.0,195.33,200.0,197.5,199.5
2400.0,197.53,7.25,8,198.5,195.5,195.5,193.75,199.0,200.0,197.0,201.0
2405.0,196.58,7.0,8,197.5,194.5,194.5,193.0,197.0,200.0,196.67,199.5
2410.0,199.57,7.75,8,199.5,197.67,198.25,196.25,199.75,201.67,199.5,204.0
2415.0,205.5,5.5,8,205.0,207.0,205.5,203.0,207.0,206.0,202.5,208.0
2420.0,205.22,5.0,8,202.83,206.5,207.33,203.25,206.75,206.75,202.33,206.0
2425.0,232.1,13.8,8,238.8,225.0,233.5,232.0,225.0,236.0,235.0,231.5
2430.0,308.48,26.67,8,315.5,309.75,294.33,302.5,300.0,308.5,316.25,321.0
2435.0,325.35,23.67,8,330.5,319.5,313.33,316.0,318.5,331.5,336.5,337.0
2440.0,325.66,26.25,8,331.75,322.25,312.0,316.5,317.5,329.0,338.25,338.0
2445.0,327.56,25.0,8,332.0,325.0,315.5,319.0,321.0,329.5,340.5,338.0
2450.0,329.53,26.08,8,333.33,324.0,316.25,319.0,320.0,340.33,342.33,341.0
2455.0,328.2,26.5,8,333.0,323.5,315.0,317.5,323.0,332.75,339.33,341.5
2460.0,327.78,22.67,8,336.0,319.0,317.33,319.67,320.5,330.5,339.25,340.0
2465.0,328.24,25.3,8,334.0,322.25,316.2,318.5,322.0,331.5,341.5,340.0
2470.0,329.85,23.92,8,333.0,326.75,316.75,321.67,322.0,340.67,339.5,338.5
2475.0,329.79,28.0,8,333.5,325.0,316.0,319.0,320.0,342.33,344.0,338.5
2480.0,328.03,24.85,8,333.5,324.5,316.75,319.5,319.75,330.0,341.6,338.67
2485.0,327.85,24.33,8,336.0,324.5,316.0,316.5,322.5,328.0,340.33,339.0
2490.0,327.87,25.15,8,333.0,324.5,314.6,318.5,320.0,333.25,339.75,339.33
2495.0,327.21,26.33,8,332.0,323.5,313.67,319.0,321.5,328.5,340.0,339.5
2500.0,326.32,23.0,8,330.33,323.33,315.5,320.33,319.5,327.75,338.5,335.33
2505.0,327.23,23.5,8,332.5,323.5,315.5,318.33,323.0,328.0,339.0,338.0
2510.0,323.93,28.4,8,329.75,320.0,309.0,315.67,317.33,325.5,337.4,336.75
2515.0,323.27,27.67,8,327.5,319.5,309.0,313.5,318.0,326.0,336.67,336.0
2520.0,320.35,31.5,8,329.33,316.75,305.25,304.0,312.0,330.0,335.5,330.0
2525.0,269.17,26.0,8,265.0,267.0,256.5,260.25,261.25,279.0,282.5,281.83
2530.0,244.78,24.5,8,246.0,239.0,232.5,235.0,243.0,251.5,257.0,254.2
2535.0,245.92,22.0,8,248.75,236.33,234.5,237.5,243.5,253.75,256.5,256.5
2540.0,244.59,23.0,8,246.5,237.5,233.0,235.25,242.0,250.5,256.0,256.0
2545.0,243.77,24.0,8,245.5,236.67,232.0,233.5,241.5,252.0,256.0,253.0
2550.0,243.91,22.8,8,246.5,238.5,232.0,233.5,240.0,251.5,254.8,254.5
2555.0,243.22,22.92,8,248.0,233.2,232.33,232.5,241.0,250.5,255.25,253.0
2560.0,242.53,23.5,8,245.5,232.25,231.0,232.5,240.5,250.0,254.5,254.0
2565.0,242.96,24.33,8,246.0,236.0,230.67,233.0,240.5,250.0,255.0,252.5
2570.0,242.94,23.25,8,245.0,234.33,231.5,234.17,240.5,249.5,254.75,253.75
2575.0,242.47,22.5,8,244.5,234.5,231.0,233.75,240.0,250.0,253.5,252.5
2580.0,242.92,23.42,8,244.75,235.0,230.33,232.0,245.5,249.5,252.5,253.75
2585.0,243.03,24.0,8,243.5,235.5,231.0,231.5,245.75,249.0,253.0,255.0
2590.0,242.73,23.25,8,244.0,234.25,230.75,232.0,241.0,252.5,254.0,253.33
2595.0,242.3,22.83,8,243.5,235.0,230.5,232.5,240.0,250.6,253.33,253.0
2600.0,242.28,23.0,8,240.57,234.0,231.0,231.67,242.33,251.33,253.33,254.0
2605.0,242.07,23.17,8,246.0,232.67,230.5,231.5,239.25,250.0,253.67,253.0
2610.0,241.54,23.0,8,241.67,234.5,230.0,232.67,239.75,248.75,253.0,252.0
2615.0,241.97,22.75,8,244.5,235.0,230.25,231.5,239.0,250.5,253.0,252.0
2620.0,242.42,22.67,8,244.5,234.25,230.33,232.0,240.0,253.0,253.0,252.25
2625.0,242.4,21.67,8,245.5,235.0,231.0,231.5,239.5,252.38,252.67,251.67
2630.0,242.23,22.5,8,243.5,234.0,231.0,231.5,239.0,251.86,253.5,253.5
2635.0,241.21,23.67,8,238.0,234.25,230.0,231.25,239.5,250.0,253.67,253.0
2640.0,240.41,22.83,8,237.6,233.0,229.67,231.5,238.75,248.5,251.75,252.5
2645.0,240.56,22.5,8,238.0,235.5,230.0,230.5,238.0,249.0,251.0,252.5
2650.0,240.97,23.5,8,243.5,230.4,230.0,231.33,238.5,248.0,253.5,252.5
2655.0,241.48,24.33,8,244.5,232.2,229.67,231.0,239.5,248.0,254.0,253.0
2660.0,241.72,24.3,8,244.25,234.0,229.5,231.67,240.33,248.0,253.8,252.25
2665.0,241.71,23.0,8,244.0,234.0,230.5,231.5,238.0,249.0,253.2,253.5
2670.0,241.2,21.25,8,243.5,235.67,229.75,230.75,238.25,250.0,251.0,250.67
2675.0,240.85,21.5,8,243.0,233.5,230.0,231.0,238.5,248.0,251.5,251.33
2680.0,240.85,23.75,8,241.67,234.0,229.0,230.67,238.5,248.25,252.0,252.75
2685.0,241.2,24.1,8,242.5,234.0,229.4,229.67,239.5,249.0,253.5,252.0
2690.0,241.89,22.75,8,243.75,234.25,230.25,231.33,238.0,252.25,253.0,252.25
2695.0,241.31,23.0,8,243.5,233.5,229.5,230.5,238.0,251.0,252.5,252.0
2700.0,241.89,23.5,8,247.0,233.75,230.0,231.0,240.67,248.5,253.5,250.67
2705.0,240.86,24.0,8,242.0,234.0,229.25,230.5,237.75,248.5,253.25,251.67
2710.0,241.18,24.25,8,242.0,234.0,229.0,231.0,238.5,249.0,253.25,252.67
2715.0,241.15,22.0,8,242.33,233.33,230.0,232.0,238.5,249.0,252.0,252.0
2720.0,241.25,23.0,8,243.5,233.5,229.0,233.0,239.5,247.5,252.0,252.0
2725.0,241.88,22.83,8,244.25,234.0,229.67,230.0,244.33,249.0,252.5,251.25
2730.0,232.2,38.0,8,240.5,229.5,208.0,223.0,234.4,240.67,246.0,235.5
2735.0,183.67,7.92,8,180.5,183.5,185.25,179.75,183.67,187.67,185.0,184.0
2740.0,161.79,3.0,8,162.0,162.0,160.5,161.0,163.5,162.0,162.0,161.33
2745.0,159.75,0.75,8,159.5,160.0,159.75,159.25,159.5,160.0,160.0,160.0
2750.0,159.12,0.33,8,159.33,159.0,159.0,159.0,159.0,159.33,159.33,159.0
2755.0,159.06,0.5,8,159.0,159.0,159.0,159.0,159.5,159.0,159.0,159.0
2760.0,159.0,0.0,8,159.0,159.0,159.0,159.0,159.0,159.0,159.0,159.0
2765.0,158.94,0.5,8,159.0,158.5,159.0,159.0,159.0,159.0,159.0,159.0
2770.0,158.97,0.25,8,159.0,158.75,159.0,159.0,159.0,159.0,159.0,159.0
2775.0,159.0,0.0,8,159.0,159.0,159.0,159.0,159.0,159.0,159.0,159.0
2780.0,158.97,0.25,8,159.0,159.0,159.0,158.75,159.0,159.0,159.0,159.0
2785.0,159.0,0.0,8,159.0,159.0,159.0,159.0,159.0,159.0,159.0,159.0
2790.0,159.0,0.0,8,159.0,159.0,159.0,159.0,159.0,159.0,159.0,159.0
2795.0,159.03,0.2,8,159.2,159.0,159.0,159.0,159.0,159.0,159.0,159.0
2800.0,158.91,0.5,8,159.0,158.75,158.5,159.0,159.0,159.0,159.0,159.0
2805.0,158.94,0.5,8,159.0,158.5,159.0,159.0,159.0,159.0,159.0,159.0
2810.0,159.0,0.0,8,159.0,159.0,159.0,159.0,159.0,159.0,159.0,159.0
2815.0,159.0,0.0,8,159.0,159.0,159.0,159.0,159.0,159.0,159.0,159.0
2820.0,158.92,0.33,8,159.0,159.0,158.67,158.67,159.0,159.0,159.0,159.0
2825.0,158.97,0.2,8,159.0,159.0,159.0,159.0,159.0,158.8,159.0,159.0
2830.0,159.0,0.0,8,159.0,159.0,159.0,159.0,159.0,159.0,159.0,159.0
2835.0,158.96,0.67,8,159.0,159.0,159.0,158.5,159.0,159.0,159.17,159.0
2840.0,159.02,0.14,8,159.0,159.0,159.0,159.0,159.0,159.0,159.14,159.0
2845.0,158.94,0.5,8,159.0,159.0,159.0,158.5,159.0,159.0,159.0,159.0
2850.0,159.0,0.0,8,159.0,159.0,159.0,159.0,159.0,159.0,159.0,159.0
2855.0,158.97,0.25,8,159.0,158.75,159.0,159.0,159.0,159.0,159.0,159.0
2860.0,158.94,0.5,8,159.0,159.0,158.5,159.0,159.0,159.0,159.0,159.0
2865.0,159.0,0.0,8,159.0,159.0,159.0,159.0,159.0,159.0,159.0,159.0
2870.0,159.0,0.0,8,159.0,159.0,159.0,159.0,159.0,159.0,159.0,159.0
2875.0,158.98,0.17,8,159.0,159.0,159.0,158.83,159.0,159.0,159.0,159.0
2880.0,159.0,0.0,8,159.0,159.0,159.0,159.0,159.0,159.0,159.0,159.0
2885.0,158.91,0.5,8,159.0,158.5,159.0,159.0,158.75,159.0,159.0,159.0
2890.0,159.0,0.0,8,159.0,159.0,159.0,159.0,159.0,159.0,159.0,159.0
2895.0,159.0,0.0,8,159.0,159.0,159.0,159.0,159.0,159.0,159.0,159.0
2900.0,158.94,0.5,8,158.5,159.0,159.0,159.0,159.0,159.0,159.0,159.0
2905.0,159.0,0.0,8,159.0,159.0,159.0,159.0,159.0,159.0,159.0,159.0
2910.0,158.94,0.5,8,159.0,159.0,159.0,159.0,158.5,159.0,159.0,159.0
2915.0,159.0,0.0,8,159.0,159.0,159.0,159.0,159.0,159.0,159.0,159.0
2920.0,159.0,0.0,8,159.0,159.0,159.0,159.0,159.0,159.0,159.0,159.0
2925.0,159.0,0.0,8,159.0,159.0,159.0,159.0,159.0,159.0,159.0,159.0
2930.0,158.94,0.5,8,159.0,159.0,158.5,159.0,159.0,159.0,159.0,159.0
2935.0,158.94,0.5,8,159.0,159.0,158.5,159.0,159.0,159.0,159.0,159.0
2940.0,159.0,0.0,8,159.0,159.0,159.0,159.0,159.0,159.0,159.0,159.0
2945.0,159.0,0.0,8,159.0,159.0,159.0,159.0,159.0,159.0,159.0,159.0
2950.0,159.0,0.0,8,159.0,159.0,159.0,159.0,159.0,159.0,159.0,159.0
2955.0,159.0,0.0,8,159.0,159.0,159.0,159.0,159.0,159.0,159.0,159.0
2960.0,159.04,0.33,8,159.0,159.0,159.0,159.0,159.0,159.0,159.33,159.0
2965.0,159.02,0.17,8,159.0,159.0,159.0,159.0,159.0,159.0,159.0,159.17
2970.0,159.06,0.5,8,159.0,159.0,159.0,159.0,159.0,159.5,159.0,159.0
2975.0,159.08,0.33,8,159.0,159.33,159.0,159.0,159.0,159.0,159.0,159.33
2980.0,159.03,0.25,8,159.25,159.0,159.0,159.0,159.0,159.0,159.0,159.0
2985.0,159.06,0.5,8,159.0,159.5,159.0,159.0,159.0,159.0,159.0,159.0
2990.0,159.0,0.0,8,159.0,159.0,159.0,159.0,159.0,159.0,159.0,159.0
2995.0,159.12,0.5,8,159.0,159.0,159.0,159.0,159.0,159.0,159.5,159.5
3000.0,159.04,0.33,8,159.0,159.0,159.0,159.0,159.0,159.33,159.0,159.0
3005.0,159.03,0.2,8,159.2,159.0,159.0,159.0,159.0,159.0,159.0,159.0
3010.0,159.03,0.25,8,159.0,159.0,159.0,159.0,159.0,159.25,159.0,159.0
3015.0,159.0,0.0,8,159.0,159.0,159.0,159.0,159.0,159.0,159.0,159.0
3020.0,159.1,0.33,8,159.25,159.0,159.0,159.0,159.0,159.33,159.0,159.25
3025.0,159.12,0.5,8,159.0,159.0,159.0,159.0,159.0,159.5,159.0,159.5
3030.0,159.04,0.33,8,159.33,159.0,159.0,159.0,159.0,159.0,159.0,159.0
3035.0,159.15,1.0,8,159.0,159.0,159.0,159.0,159.0,159.17,159.0,160.0
3040.0,159.23,0.67,8,159.5,159.0,159.0,159.0,159.0,159.67,159.33,159.33
3045.0,159.12,0.5,8,159.0,159.0,159.0,159.0,159.0,159.0,159.5,159.5
3050.0,159.07,0.33,8,159.33,159.0,159.0,159.0,159.0,159.0,159.0,159.25
3055.0,159.0,0.0,8,159.0,159.0,159.0,159.0,159.0,159.0,159.0,159.0
3060.0,159.16,0.75,8,159.0,159.0,159.0,159.0,159.0,159.25,159.25,159.75
3065.0,159.03,0.25,8,159.0,159.0,159.0,159.0,159.0,159.0,159.0,159.25
3070.0,159.06,0.5,8,159.0,159.0,159.0,159.0,159.0,159.5,159.0,159.0
3075.0,159.2,0.67,8,159.67,159.0,159.0,159.0,159.0,159.0,159.4,159.5
3080.0,159.21,1.0,8,159.0,159.0,159.0,159.0,159.0,159.0,160.0,159.67
3085.0,159.1,0.5,8,159.0,159.0,159.0,159.0,159.0,159.0,159.5,159.33
3090.0,159.25,0.5,8,159.5,159.0,159.0,159.0,159.0,159.5,159.5,159.5
3095.0,159.16,0.75,8,159.5,159.0,159.0,159.0,159.0,159.0,159.75,159.0
3100.0,159.1,0.5,8,159.0,159.0,159.0,159.0,159.33,159.5,159.0,159.0
3105.0,159.06,0.33,8,159.0,159.0,159.0,159.0,159.0,159.33,159.0,159.17
3110.0,159.07,0.33,8,159.0,159.0,159.0,159.0,159.0,159.25,159.33,159.0
3115.0,159.06,0.5,8,159.0,159.0,159.0,159.0,159.0,159.5,159.0,159.0
3120.0,159.18,0.67,8,159.0,159.0,159.0,159.0,159.25,159.25,159.25,159.67
3125.0,159.08,0.5,8,159.0,159.17,159.0,159.0,159.0,159.0,159.5,159.0
3130.0,159.06,0.25,8,159.0,159.0,159.0,159.0,159.0,159.0,159.25,159.25
3135.0,159.12,0.5,8,159.5,159.5,159.0,159.0,159.0,159.0,159.0,159.0
3140.0,159.18,0.75,8,159.0,159.0,159.0,159.0,159.0,159.2,159.5,159.75
3145.0,159.12,0.67,8,159.0,159.0,159.0,159.0,159.0,159.0,159.33,159.67
3150.0,159.12,0.67,8,159.0,159.0,159.0,159.0,159.0,159.33,159.0,159.67
3155.0,159.04,0.33,8,159.0,159.0,159.0,159.0,159.0,159.0,159.0,159.33
3160.0,159.09,0.5,8,159.0,159.0,159.0,159.0,159.0,159.0,159.5,159.25
3165.0,159.19,1.0,8,159.0,159.0,159.0,159.0,159.0,159.0,159.5,160.0
3170.0,159.11,0.67,8,159.25,159.0,159.0,159.0,159.0,159.67,159.0,159.0
3175.0,159.25,0.5,8,159.5,159.5,159.0,159.0,159.17,159.33,159.0,159.5
3180.0,159.32,1.0,8,159.17,159.33,159.25,159.0,159.0,160.0,159.33,159.5
3185.0,159.12,0.5,8,159.25,159.0,159.0,159.0,159.0,159.25,159.5,159.0
3190.0,159.09,0.5,8,159.0,159.0,159.0,159.0,159.0,159.5,159.0,159.2
3195.0,159.28,0.75,8,159.75,159.0,159.0,159.0,159.12,159.33,159.75,159.25
3200.0,159.06,0.5,8,159.5,159.0,159.0,159.0,159.0,159.0,159.0,159.0
3205.0,159.39,0.8,8,159.25,159.0,159.25,159.33,159.33,159.67,159.5,159.8
3210.0,159.12,0.5,8,159.5,159.0,159.0,159.0,159.5,159.0,159.0,159.0
3215.0,159.27,0.67,8,159.0,159.33,159.0,159.0,159.0,159.67,159.67,159.5
3220.0,159.35,1.0,8,159.33,159.5,159.0,159.0,159.5,159.0,160.0,159.5
3225.0,159.28,1.0,8,159.5,159.0,159.0,159.0,159.25,159.5,160.0,159.0
3230.0,159.23,0.5,8,159.0,159.0,159.33,159.0,159.5,159.0,159.5,159.5
3235.0,159.35,0.75,8,159.0,159.25,159.0,159.67,159.0,159.5,159.67,159.75
3240.0,159.38,1.0,8,159.5,159.5,159.0,159.0,159.5,159.5,160.0,159.0
3245.0,159.33,0.67,8,159.25,159.5,159.0,159.0,159.67,159.5,159.5,159.25
3250.0,159.24,0.67,8,159.25,159.0,159.25,159.0,159.0,159.5,159.25,159.67
3255.0,159.28,0.67,8,159.33,159.0,159.33,159.0,159.0,159.5,159.38,159.67
3260.0,159.34,0.75,8,159.33,159.67,159.5,159.0,159.0,159.5,159.75,159.0
3265.0,159.37,0.75,8,159.67,159.0,159.33,159.0,159.22,159.75,159.67,159.33
3270.0,159.31,1.0,8,159.5,159.0,159.0,159.0,159.0,159.5,160.0,159.5
3275.0,159.34,1.0,8,159.5,159.0,159.0,159.0,159.0,159.25,160.0,160.0
3280.0,159.15,0.83,8,159.0,159.0,159.0,159.0,159.0,159.0,159.83,159.33
3285.0,159.4,1.0,8,159.5,159.0,159.0,159.0,159.5,160.0,159.71,159.5
3290.0,159.27,1.0,8,159.33,159.0,159.5,159.0,159.0,159.33,160.0,159.0
3295.0,159.22,0.67,8,159.67,159.0,159.0,159.0,159.0,159.5,159.25,159.33
3300.0,159.4,1.0,8,160.0,159.0,159.17,159.0,159.5,159.5,159.5,159.5
3305.0,159.35,1.0,8,159.33,159.33,159.0,159.22,159.25,160.0,159.33,159.33
3310.0,159.14,0.5,8,159.0,159.0,159.0,159.0,159.14,159.0,159.5,159.5
3315.0,159.47,1.0,8,159.5,160.0,159.5,159.5,159.25,159.0,159.5,159.5
3320.0,159.46,1.0,8,159.75,159.67,159.0,159.0,159.0,159.62,159.67,160.0
3325.0,159.44,1.0,8,159.5,159.5,159.0,159.0,159.0,160.0,159.5,160.0
3330.0,159.52,1.0,8,160.0,159.25,159.25,159.0,160.0,159.0,160.0,159.67
3335.0,159.33,0.67,8,159.5,159.5,159.0,159.0,159.0,159.5,159.67,159.5
3340.0,159.5,1.0,8,159.5,159.33,159.67,159.0,159.0,159.5,160.0,160.0
3345.0,159.36,0.67,8,159.5,159.29,159.0,159.0,159.67,159.67,159.25,159.5
3350.0,159.45,1.0,8,159.0,159.29,159.33,159.0,159.5,159.5,160.0,160.0
3355.0,159.4,1.0,8,159.25,159.5,159.0,159.0,159.0,159.67,160.0,159.75
3360.0,159.52,1.0,8,159.5,159.0,159.0,160.0,159.5,159.67,159.5,160.0
3365.0,159.29,1.0,8,159.5,159.0,159.0,159.0,159.0,159.33,160.0,159.5
3370.0,159.45,1.0,8,159.6,160.0,159.0,159.0,159.0,159.5,159.5,160.0
3375.0,159.32,1.0,8,159.67,159.0,159.0,159.0,159.0,159.25,159.67,160.0
3380.0,159.48,1.0,8,159.67,159.33,159.0,159.0,159.5,159.67,159.67,160.0
3385.0,159.15,0.5,8,159.5,159.0,159.0,159.0,159.2,159.5,159.0,159.0
3390.0,159.34,0.67,8,159.67,159.25,159.0,159.0,159.5,159.67,159.67,159.0
3395.0,159.36,0.86,8,159.5,159.5,159.0,159.0,159.0,159.86,159.5,159.5
3400.0,159.54,1.0,8,159.5,159.33,159.0,159.5,159.67,160.0,159.33,160.0
3405.0,159.47,1.0,8,159.5,159.33,159.0,159.33,159.33,159.75,160.0,159.5
3410.0,159.52,1.0,8,159.6,159.33,159.25,159.0,160.0,159.0,160.0,160.0
3415.0,159.56,1.0,8,159.67,159.33,159.0,159.67,159.33,160.0,160.0,159.5
3420.0,159.42,0.88,8,159.67,159.5,159.0,159.33,159.0,159.5,159.88,159.5
3425.0,159.52,1.0,8,159.67,159.33,159.25,159.0,159.25,160.0,159.62,160.0
3430.0,159.58,1.0,8,160.0,160.0,159.0,159.0,159.5,159.5,159.62,160.0
3435.0,159.39,0.67,8,159.67,159.25,159.0,159.0,159.5,159.33,159.67,159.67
3440.0,159.42,0.5,8,159.5,159.5,159.25,159.33,159.33,159.33,159.33,159.75
3445.0,159.31,0.5,8,159.5,159.5,159.0,159.0,159.0,159.5,159.5,159.5
3450.0,159.47,1.0,8,159.75,159.0,159.0,159.0,159.0,160.0,160.0,160.0
3455.0,159.39,1.0,8,159.33,159.0,159.0,159.0,159.25,160.0,160.0,159.5
3460.0,159.38,1.0,8,159.67,159.5,159.0,159.5,159.0,159.0,160.0,159.4
3465.0,159.46,0.75,8,159.25,159.75,159.0,159.5,159.5,159.5,159.67,159.5
3470.0,159.4,0.67,8,159.5,159.0,159.5,159.5,159.67,159.0,159.5,159.5
3475.0,159.39,0.75,8,159.33,159.0,159.75,159.33,159.67,159.67,159.0,159.33
3480.0,159.48,1.0,8,159.67,159.33,159.33,159.0,159.25,159.75,160.0,159.5
3485.0,159.32,1.0,8,159.6,159.5,159.0,159.0,159.0,159.0,160.0,159.5
3490.0,159.34,1.0,8,159.0,159.0,159.0,159.0,160.0,159.75,159.75,159.25
3495.0,159.4,1.0,8,159.25,159.25,159.0,159.0,159.0,159.67,160.0,160.0
3500.0,159.44,1.0,8,159.5,160.0,159.0,159.0,159.0,159.0,160.0,160.0
3505.0,159.47,1.0,8,159.5,159.75,159.5,159.33,159.0,159.0,159.67,160.0
3510.0,159.34,0.83,8,159.33,159.5,159.0,159.25,159.0,159.5,159.83,159.33
3515.0,159.42,1.0,8,160.0,159.5,159.5,159.0,159.5,159.0,159.5,159.33
3520.0,159.53,1.0,8,159.5,159.67,159.0,159.0,159.75,159.67,159.67,160.0
3525.0,159.43,0.5,8,159.5,159.5,159.5,159.0,159.4,159.5,159.5,159.5
3530.0,159.42,1.0,8,159.25,159.33,159.0,159.33,160.0,159.62,159.5,159.33
3535.0,159.47,1.0,8,160.0,159.5,159.0,159.0,160.0,159.8,159.5,159.0
3540.0,159.5,1.0,8,159.56,159.33,159.0,159.25,159.67,160.0,159.67,159.5
3545.0,159.42,1.0,8,159.83,159.33,159.67,159.0,159.25,159.25,160.0,159.0
3550.0,159.48,0.86,8,159.86,159.5,159.5,159.0,159.5,159.5,159.5,159.5
3555.0,160.48,1.5,8,161.0,160.33,159.5,159.83,161.0,160.67,160.75,160.75
3560.0,177.74,11.0,8,177.0,179.5,173.5,174.4,176.5,176.0,184.5,180.5
3565.0,196.51,14.5,8,200.25,193.0,191.0,189.0,196.62,198.0,200.67,203.5
3570.0,201.72,15.0,8,206.0,197.5,196.5,194.5,201.0,202.25,206.5,209.5
3575.0,203.33,14.33,8,204.88,199.75,197.0,197.0,201.33,206.33,209.0,211.33
3580.0,202.83,14.0,8,207.5,197.0,197.0,197.0,201.25,203.67,208.25,211.0
3585.0,203.33,15.5,8,209.5,198.43,196.75,196.0,201.0,205.5,208.0,211.5
3590.0,203.76,15.0,8,208.75,200.0,196.67,197.33,200.5,206.17,209.0,211.67
3595.0,203.52,15.5,8,207.0,201.0,196.0,197.0,202.0,205.62,208.0,211.5
3600.0,203.52,15.67,8,205.62,200.5,197.0,196.33,202.0,204.67,210.0,212.0
3605.0,202.85,15.0,8,207.5,197.5,195.67,198.67,199.33,204.5,209.0,210.67
3610.0,203.4,14.5,8,208.0,199.0,196.0,197.67,201.0,206.0,209.0,210.5
3615.0,204.19,14.5,8,209.0,201.0,197.0,197.33,202.0,205.0,211.5,210.67
3620.0,203.71,15.67,8,207.5,200.5,196.0,198.0,201.0,204.5,210.5,211.67
3625.0,203.21,14.17,8,207.33,201.5,196.5,197.0,199.67,204.75,208.25,210.67
3630.0,203.59,14.75,8,208.5,201.5,196.25,197.5,200.5,205.0,208.5,211.0
3635.0,203.76,14.67,8,208.25,200.5,197.0,198.0,201.67,205.0,208.0,211.67
3640.0,203.75,14.0,8,207.5,201.0,196.5,197.8,202.0,205.67,209.0,210.5
3645.0,203.33,14.92,8,206.5,197.17,198.0,196.75,201.25,205.33,210.0,211.67
3650.0,203.26,13.5,8,208.0,197.57,197.0,197.5,200.5,205.5,209.5,210.5
3655.0,203.43,15.08,8,207.5,201.5,196.25,196.67,201.33,204.33,208.5,211.33
3660.0,203.5,15.64,8,207.5,202.0,195.86,196.0,201.67,205.0,208.5,211.5
3665.0,203.33,14.0,8,204.67,201.0,197.0,197.25,200.25,205.0,211.0,210.5
3670.0,203.25,15.0,8,206.0,200.33,197.67,196.5,200.5,205.0,208.5,211.5
3675.0,203.61,14.33,8,208.0,200.75,196.67,196.33,201.5,206.0,209.0,210.67
3680.0,203.93,16.0,8,209.0,200.5,196.5,198.0,201.5,205.43,208.0,212.5
3685.0,203.22,14.83,8,204.83,199.67,196.67,196.67,201.75,205.0,209.67,211.5
3690.0,203.77,13.33,8,207.0,200.0,197.67,198.0,201.5,205.0,210.0,211.0
3695.0,206.22,12.33,8,210.75,202.25,201.67,201.0,202.0,207.75,211.0,213.33
3700.0,206.12,14.0,8,210.5,202.5,200.5,202.0,202.5,207.0,209.5,214.5
3705.0,209.48,10.83,8,212.12,205.25,204.5,205.33,208.67,210.67,215.33,214.0
3710.0,236.81,25.0,8,231.5,236.0,227.0,232.5,235.0,239.5,252.0,241.0
3715.0,245.3,17.92,8,245.67,244.0,238.0,237.33,241.75,249.67,255.25,250.75
3720.0,245.67,19.0,8,246.0,244.0,238.33,236.5,242.0,252.0,255.5,251.0
3725.0,246.58,19.08,8,245.25,242.0,240.0,237.67,244.0,256.75,256.0,251.0
3730.0,246.49,19.08,8,246.33,244.0,240.67,237.75,245.0,252.0,256.83,249.33
3735.0,246.1,17.83,8,245.33,244.0,238.5,238.5,244.0,252.5,256.33,249.67
3740.0,246.68,16.92,8,246.5,243.33,240.5,238.75,244.67,253.0,255.67,251.0
3745.0,247.23,18.5,8,247.0,244.5,240.0,238.5,245.0,254.33,257.0,251.5
3750.0,246.52,19.0,8,245.67,244.0,240.0,238.5,243.5,252.0,257.5,251.0
3755.0,246.53,17.42,8,247.0,243.67,241.0,238.33,244.0,251.0,255.75,251.5
3760.0,247.16,18.7,8,246.5,244.0,241.0,238.8,244.0,253.5,257.5,252.0
3765.0,246.8,16.83,8,245.67,245.0,240.25,239.33,245.0,252.0,256.17,251.0
3770.0,246.31,17.0,8,245.33,243.5,240.5,239.0,244.0,252.5,256.0,249.67
3775.0,246.23,18.08,8,246.0,242.67,240.5,238.17,242.67,253.25,256.25,250.33
3780.0,246.92,17.14,8,246.0,244.0,241.5,238.86,244.0,253.5,256.0,251.5
3785.0,247.0,18.11,8,246.25,243.67,240.33,238.0,244.67,254.0,256.11,253.0
3790.0,245.85,17.17,8,245.33,242.67,239.75,239.33,244.0,252.75,256.5,246.5
3795.0,246.33,17.5,8,246.0,243.33,240.5,239.0,244.0,252.5,256.5,248.8
3800.0,246.58,19.75,8,246.67,243.0,239.33,237.0,247.88,251.0,256.75,251.0
3805.0,247.03,17.33,8,246.67,243.0,240.75,238.0,248.12,253.33,255.33,251.0
3810.0,247.51,18.5,8,245.5,244.5,239.5,239.0,246.57,257.5,256.5,251.0
3815.0,247.11,17.0,8,246.14,244.75,241.33,239.0,245.33,253.33,256.0,251.0
3820.0,246.08,17.5,8,245.67,244.0,239.5,238.0,242.5,252.5,255.5,251.0
3825.0,245.75,18.17,8,246.0,243.0,241.0,237.33,243.5,250.67,255.5,249.0
3830.0,246.0,18.0,8,245.5,245.0,239.5,238.0,242.0,250.5,256.0,251.5
3835.0,246.09,16.25,8,245.75,243.33,240.25,239.0,244.33,251.5,255.25,249.33
3840.0,246.27,16.64,8,246.0,244.0,240.0,238.5,243.5,252.5,255.14,250.5
3845.0,245.66,17.17,8,245.0,242.8,240.33,237.5,242.0,253.67,254.67,249.33
3850.0,245.99,18.6,8,246.5,242.5,238.4,238.5,243.0,252.0,257.0,250.0
3855.0,246.77,17.83,8,246.5,244.5,238.67,238.33,243.0,256.17,254.67,252.33
3860.0,246.33,18.5,8,245.5,243.0,239.0,238.0,243.0,255.14,256.5,250.5
3865.0,246.23,16.67,8,245.75,243.25,240.0,238.0,243.5,253.67,254.67,251.0
3870.0,245.68,18.5,8,246.75,243.0,239.67,237.0,242.5,251.5,255.5,249.5
3875.0,246.25,19.17,8,245.5,243.75,238.67,236.67,242.0,255.83,255.25,252.33
3880.0,245.81,20.0,8,246.0,244.0,238.5,235.5,242.5,255.5,254.0,250.5
3885.0,246.0,18.5,8,245.8,244.0,239.67,236.5,243.33,252.67,255.0,251.0
3890.0,244.98,18.5,8,245.33,242.5,238.5,236.5,241.5,250.0,255.0,250.5
3895.0,244.56,19.11,8,246.0,241.33,239.0,235.89,240.33,251.25,255.0,247.67
3900.0,246.09,18.17,8,245.25,243.5,237.67,236.5,246.83,251.67,254.67,252.67
3905.0,245.91,18.0,8,245.0,242.5,239.5,237.0,247.29,251.0,255.0,250.0
3910.0,245.71,16.67,8,245.25,243.0,238.75,238.33,242.0,255.0,255.0,248.33
3915.0,244.94,19.5,8,245.33,241.67,237.5,235.5,242.5,253.0,255.0,249.0
3920.0,245.32,17.5,8,244.5,243.33,238.0,236.5,246.5,250.5,254.0,249.25
3925.0,245.46,18.0,8,245.5,241.5,239.0,237.0,244.2,252.0,255.0,249.5
3930.0,245.33,18.33,8,244.88,242.25,238.5,236.67,243.33,252.0,255.0,250.0
3935.0,244.32,18.75,8,244.83,241.0,237.67,236.0,241.5,249.33,254.75,249.5
3940.0,244.93,18.33,8,245.25,242.0,237.33,236.67,243.67,250.0,255.0,249.5
3945.0,244.47,18.75,8,245.0,241.75,239.67,236.25,241.5,251.33,255.0,245.25
3950.0,244.79,19.0,8,245.67,242.0,239.0,236.5,241.5,251.5,255.5,246.67
3955.0,244.85,18.5,8,244.33,241.33,238.0,236.5,245.33,249.33,255.0,249.0
3960.0,244.72,18.5,8,245.0,243.0,237.5,236.0,241.25,250.5,254.5,250.0
3965.0,244.55,18.0,8,244.33,242.5,238.0,236.0,242.67,252.33,254.0,246.57
3970.0,237.17,17.67,8,236.25,234.33,231.67,228.33,235.25,243.0,246.0,242.5
3975.0,263.99,32.5,8,263.43,256.5,250.0,252.0,262.5,270.0,282.5,275.0
3980.0,294.32,43.67,8,291.5,281.33,273.33,279.0,295.75,306.67,317.0,310.0
3985.0,294.53,44.0,8,297.5,284.0,271.0,282.5,294.75,306.5,315.0,305.0
3990.0,295.71,39.93,8,294.25,284.5,274.4,289.0,293.67,312.67,314.33,302.86
3995.0,279.58,48.33,8,275.67,259.67,265.67,273.0,265.67,290.0,308.0,299.0
4000.0,206.59,35.6,8,207.0,200.67,198.33,201.5,218.25,188.0,223.6,215.33
4005.0,165.34,3.67,8,166.33,164.33,165.0,164.33,164.33,168.0,165.5,164.89
4010.0,160.03,1.75,8,160.0,160.0,159.67,159.25,159.5,160.33,161.0,160.5
4015.0,158.75,1.0,8,159.0,158.0,158.5,158.5,159.0,159.0,159.0,159.0
4020.0,158.27,0.75,8,158.0,158.33,158.0,158.0,158.11,158.33,158.75,158.67
4025.0,158.03,0.25,8,158.0,158.0,158.0,158.0,158.0,158.0,158.25,158.0
4030.0,157.94,0.33,8,158.0,158.0,158.0,157.83,157.67,158.0,158.0,158.0
4035.0,157.82,0.5,8,158.0,157.75,158.0,157.67,157.5,157.67,158.0,158.0
4040.0,157.88,0.5,8,158.0,158.0,157.5,158.0,157.5,158.0,158.0,158.0
4045.0,157.86,0.33,8,157.67,158.0,158.0,157.67,157.86,157.67,158.0,158.0
4050.0,157.78,0.5,8,158.0,157.5,157.75,158.0,157.5,157.75,158.0,157.75
4055.0,157.69,1.0,8,158.0,157.5,157.5,157.0,157.5,158.0,158.0,158.0
4060.0,157.69,0.71,8,158.0,157.29,157.33,157.5,157.75,158.0,158.0,157.67
4065.0,157.74,1.0,8,157.67,158.0,157.5,157.0,158.0,157.75,158.0,158.0
4070.0,157.61,1.0,8,157.5,157.0,157.25,157.67,158.0,158.0,158.0,157.5
4075.0,157.68,1.0,8,157.57,157.0,157.75,157.75,157.67,158.0,158.0,157.67
4080.0,157.69,0.67,8,158.0,157.38,157.67,157.75,157.33,157.75,158.0,157.67
4085.0,157.68,0.6,8,158.0,157.4,157.5,157.5,157.5,158.0,158.0,157.5
4090.0,157.52,1.0,8,158.0,157.33,157.33,157.0,157.56,157.67,157.25,158.0
4095.0,157.4,0.67,8,157.5,157.33,157.33,157.0,157.5,157.33,157.5,157.67
4100.0,157.42,1.0,8,157.0,157.0,157.0,157.5,157.5,157.67,157.67,158.0
4105.0,157.48,1.0,8,157.0,157.5,157.25,157.0,157.75,158.0,157.67,157.67
4110.0,157.4,1.0,8,158.0,157.17,157.5,157.5,157.0,157.5,157.5,157.0
4115.0,157.45,0.75,8,157.5,157.33,157.67,157.0,157.75,157.25,157.75,157.33
4120.0,157.47,1.0,8,157.5,157.0,157.0,157.5,157.43,157.33,158.0,158.0
4125.0,157.48,0.75,8,157.44,157.33,157.25,157.67,157.33,157.33,157.5,158.0
4130.0,157.53,1.0,8,157.0,157.5,157.5,157.5,158.0,157.5,157.5,157.71
4135.0,157.6,1.0,8,157.67,157.33,157.5,157.33,157.0,158.0,158.0,158.0
4140.0,157.49,0.75,8,157.75,157.33,157.0,157.5,157.67,157.5,157.5,157.67
4145.0,157.52,1.0,8,158.0,157.5,157.5,157.0,157.67,158.0,157.5,157.0
4150.0,157.36,1.0,8,157.33,157.33,157.0,157.0,157.33,157.25,157.67,158.0
4155.0,157.28,0.67,8,157.33,157.67,157.25,157.0,157.0,157.5,157.5,157.0
4160.0,157.3,0.5,8,157.5,157.33,157.0,157.0,157.33,157.5,157.2,157.5
4165.0,157.33,0.75,8,157.33,157.0,157.25,157.0,157.75,157.5,157.5,157.33
4170.0,157.25,0.6,8,157.33,157.0,157.25,157.0,157.5,157.0,157.6,157.33
4175.0,157.16,0.5,8,157.5,157.0,157.0,157.0,157.0,157.0,157.25,157.5
4180.0,157.33,0.75,8,157.33,157.0,157.5,157.0,157.25,157.5,157.75,157.33
4185.0,157.25,0.67,8,157.33,157.0,157.0,157.0,157.5,157.0,157.5,157.67
4190.0,157.39,0.67,8,157.33,157.33,157.5,157.5,157.5,157.0,157.25,157.67
4195.0,157.14,0.5,8,157.0,157.5,157.0,157.12,157.0,157.0,157.0,157.5
4200.0,157.25,1.0,8,157.0,157.0,157.0,157.0,157.33,157.33,157.33,158.0
4205.0,157.17,0.67,8,157.0,157.0,157.0,157.0,157.67,157.0,157.33,157.33
4210.0,157.34,0.67,8,157.33,157.5,157.33,157.0,157.0,157.25,157.67,157.67
4215.0,157.44,1.0,8,158.0,157.0,157.0,157.0,157.0,157.5,158.0,158.0
4220.0,157.26,0.33,8,157.25,157.33,157.25,157.33,157.0,157.33,157.33,157.29
4225.0,157.21,0.67,8,157.17,157.67,157.0,157.0,157.25,157.33,157.25,157.0
4230.0,157.12,0.5,8,157.0,157.0,157.0,157.0,157.5,157.0,157.0,157.5
4235.0,157.27,1.0,8,157.33,157.0,157.0,158.0,157.0,157.25,157.33,157.25
4240.0,157.21,0.5,8,157.0,157.0,157.0,157.5,157.0,157.2,157.5,157.5
4245.0,157.11,0.33,8,157.25,157.0,157.33,157.0,157.0,157.0,157.33,157.0
4250.0,157.22,0.5,8,157.17,157.25,157.0,157.0,157.0,157.33,157.5,157.5
4255.0,157.26,1.0,8,157.0,157.33,157.0,157.0,157.0,157.25,158.0,157.5
4260.0,157.15,0.5,8,157.33,157.33,157.0,157.0,157.0,157.0,157.5,157.0
4265.0,157.15,0.5,8,157.33,157.0,157.0,157.0,157.33,157.0,157.0,157.5
4270.0,157.26,1.0,8,157.5,157.0,157.0,157.0,157.0,157.0,157.6,158.0
4275.0,157.23,0.5,8,157.5,157.17,157.0,157.5,157.33,157.0,157.33,157.0
4280.0,157.09,0.5,8,157.0,157.25,157.0,157.0,157.0,157.0,157.0,157.5
4285.0,157.36,0.75,8,157.0,157.67,157.0,157.0,157.5,157.5,157.5,157.75
4290.0,157.3,0.5,8,157.5,157.5,157.0,157.0,157.5,157.2,157.33,157.33
4295.0,157.15,0.5,8,157.0,157.5,157.12,157.0,157.0,157.25,157.0,157.33
4300.0,157.17,0.5,8,157.0,157.5,157.0,157.0,157.33,157.0,157.5,157.0
4305.0,157.15,0.33,8,157.25,157.25,157.0,157.0,157.33,157.33,157.0,157.0
4310.0,157.29,0.5,8,157.5,157.5,157.0,157.0,157.0,157.5,157.5,157.29
4315.0,157.22,0.67,8,157.33,157.0,157.2,157.0,157.0,157.25,157.33,157.67
4320.0,157.07,0.33,8,157.0,157.0,157.0,157.0,157.33,157.0,157.0,157.25
4325.0,157.0,0.0,8,157.0,157.0,157.0,157.0,157.0,157.0,157.0,157.0
4330.0,157.15,0.33,8,157.25,157.0,157.25,157.0,157.0,157.33,157.33,157.0
4335.0,157.27,1.0,8,157.67,157.0,157.0,157.0,157.0,157.5,158.0,157.0
4340.0,157.32,0.75,8,157.25,157.33,157.0,157.0,157.0,157.57,157.75,157.67
4345.0,157.14,0.5,8,157.0,157.5,157.33,157.0,157.0,157.25,157.0,157.0
4350.0,157.27,0.67,8,157.0,157.5,157.0,157.0,157.5,157.5,157.0,157.67
4355.0,157.31,0.67,8,157.33,157.0,157.5,157.0,157.0,157.5,157.67,157.5
4360.0,157.06,0.5,8,157.0,157.0,157.5,157.0,157.0,157.0,157.0,157.0
4365.0,157.23,1.0,8,157.33,157.0,157.0,157.0,157.0,157.0,158.0,157.5
4370.0,157.27,1.0,8,157.33,157.0,157.33,157.0,157.0,157.0,157.5,158.0
4375.0,157.24,0.5,8,157.33,157.33,157.33,157.0,157.0,157.44,157.5,157.0
4380.0,157.11,0.33,8,157.25,157.0,157.0,157.0,157.0,157.0,157.29,157.33
4385.0,157.24,0.67,8,157.0,157.0,157.5,157.0,157.0,157.5,157.25,157.67
4390.0,157.1,0.33,8,157.0,157.0,157.0,157.0,157.12,157.0,157.33,157.33
4395.0,157.44,1.0,8,157.75,157.67,157.25,157.0,157.25,158.0,157.33,157.25
4400.0,157.22,0.67,8,157.0,157.0,157.5,157.0,157.25,157.0,157.33,157.67
4405.0,157.23,1.0,8,157.33,157.0,157.0,157.17,157.0,157.33,157.0,158.0
4410.0,157.36,0.75,8,157.0,157.67,157.0,157.33,157.67,157.75,157.5,157.0
4415.0,157.16,0.5,8,157.0,157.0,157.0,157.29,157.0,157.5,157.5,157.0
4420.0,157.44,0.75,8,157.75,157.25,157.0,157.67,157.33,157.5,157.5,157.5
4425.0,157.2,0.6,8,157.0,157.0,157.0,157.0,157.5,157.5,157.6,157.0
4430.0,157.1,0.67,8,157.0,157.0,157.0,157.12,157.0,157.0,157.0,157.67
4435.0,157.18,0.5,8,157.5,157.33,157.0,157.0,157.33,157.0,157.25,157.0
4440.0,157.21,0.67,8,157.5,157.0,157.0,157.0,157.0,157.67,157.5,157.0
4445.0,157.24,0.5,8,157.43,157.33,157.0,157.0,157.33,157.0,157.33,157.5
4450.0,157.17,0.5,8,157.5,157.0,157.25,157.25,157.0,157.0,157.0,157.33
4455.0,157.29,1.0,8,157.0,157.29,157.0,157.5,157.0,157.0,158.0,157.5
4460.0,157.38,0.75,8,157.67,157.0,157.0,157.0,157.67,157.29,157.67,157.75
4465.0,157.46,1.0,8,157.25,158.0,157.0,157.33,157.33,158.0,157.4,157.33
4470.0,157.3,0.67,8,157.67,157.5,157.0,157.0,157.5,157.0,157.4,157.33
4475.0,157.34,0.75,8,157.33,157.67,157.0,157.0,157.5,157.5,157.0,157.75
4480.0,157.23,0.67,8,157.0,157.0,157.0,157.14,157.0,157.67,157.5,157.5
4485.0,157.32,1.0,8,157.29,157.67,157.25,157.0,157.33,157.0,157.0,158.0
4490.0,157.42,1.0,8,157.25,157.33,157.0,158.0,157.0,157.5,157.5,157.8
4495.0,157.37,0.75,8,157.0,157.0,157.0,157.33,157.43,157.75,157.67,157.75
4500.0,157.29,0.6,8,157.5,157.5,157.5,157.0,157.0,157.6,157.25,157.0
4505.0,157.22,0.67,8,157.67,157.0,157.29,157.25,157.0,157.25,157.0,157.33
4510.0,157.16,0.5,8,157.0,157.25,157.5,157.0,157.0,157.0,157.25,157.25
4515.0,157.4,1.0,8,157.5,157.0,157.5,157.0,157.33,157.33,158.0,157.5
4520.0,157.19,1.0,8,157.22,157.0,157.0,157.0,157.33,157.0,157.0,158.0
4525.0,157.23,0.5,8,157.17,157.33,157.0,157.0,157.0,157.5,157.33,157.5
4530.0,157.21,1.0,8,157.38,157.33,157.0,157.0,157.0,157.0,158.0,157.0
4535.0,157.12,0.5,8,157.0,157.0,157.0,157.0,157.14,157.0,157.5,157.33
4540.0,157.21,0.5,8,157.33,157.0,157.0,157.33,157.0,157.5,157.25,157.25
4545.0,157.31,1.0,8,157.5,157.0,157.5,157.0,157.0,157.17,157.33,158.0
4550.0,157.43,1.0,8,158.0,157.29,157.33,157.5,157.0,157.33,157.33,157.67
4555.0,157.2,0.5,8,157.33,157.0,157.4,157.0,157.0,157.5,157.33,157.0
4560.0,157.33,0.67,8,157.5,157.0,157.67,157.0,157.33,157.67,157.0,157.5
4565.0,157.41,1.0,8,157.62,157.0,157.33,157.33,157.33,157.67,157.0,158.0
4570.0,157.53,1.0,8,158.0,157.0,157.33,157.5,157.5,157.33,158.0,157.6
4575.0,157.23,0.83,8,157.0,157.33,157.33,157.33,157.0,157.0,157.0,157.83
4580.0,157.39,0.71,8,157.33,157.25,157.0,157.33,157.33,157.67,157.71,157.5
4585.0,157.4,1.0,8,157.33,157.33,157.0,157.0,157.5,157.33,158.0,157.67
4590.0,157.44,0.17,8,157.33,157.33,157.5,157.5,157.5,157.5,157.5,157.38
4595.0,157.26,0.75,8,157.67,157.0,157.0,157.0,157.0,157.33,157.33,157.75
4600.0,157.51,1.0,8,157.75,157.0,157.67,157.33,157.0,157.67,157.67,158.0
4605.0,157.34,0.67,8,157.0,157.0,157.0,157.5,157.5,157.57,157.67,157.5
4610.0,157.48,1.0,8,158.0,157.0,157.25,157.33,157.25,157.33,158.0,157.67
4615.0,157.55,1.0,8,157.75,157.0,157.4,157.5,157.0,157.75,158.0,158.0
4620.0,157.28,1.0,8,157.0,158.0,157.25,157.67,157.0,157.0,157.33,157.0
4625.0,157.31,0.5,8,157.5,157.0,157.33,157.33,157.33,157.33,157.33,157.33
4630.0,157.46,0.88,8,158.0,157.12,157.33,157.25,157.25,157.67,157.75,157.33
4635.0,157.6,1.0,8,157.0,157.43,157.33,158.0,157.5,158.0,157.5,158.0
4640.0,157.79,0.5,8,158.0,157.75,158.0,157.67,158.0,157.75,157.67,157.5
4645.0,157.57,0.75,8,157.33,157.25,157.25,157.67,157.5,157.57,158.0,158.0
4650.0,157.54,1.0,8,157.33,157.67,157.0,157.0,157.5,157.83,158.0,158.0
4655.0,157.4,0.89,8,157.67,157.33,157.33,157.0,157.0,157.89,157.67,157.33
4660.0,157.57,1.0,8,157.67,157.0,157.67,157.0,157.5,158.0,157.75,158.0
4665.0,157.44,1.0,8,158.0,157.0,157.0,157.0,157.86,157.33,158.0,157.33
4670.0,157.21,0.75,8,157.67,157.0,157.29,157.0,157.75,157.0,157.0,157.0
4675.0,157.42,0.75,8,157.33,157.5,157.0,157.0,157.33,157.75,157.75,157.67
4680.0,157.47,1.0,8,157.5,157.5,157.4,157.33,157.67,157.33,157.0,158.0
4685.0,157.43,1.0,8,157.0,157.33,157.25,157.33,157.67,157.33,158.0,157.5
4690.0,157.43,1.0,8,157.38,157.0,157.33,157.5,157.25,157.67,157.33,158.0
4695.0,157.42,1.0,8,157.0,157.33,157.5,157.0,157.5,157.5,157.5,158.0
4700.0,157.57,0.86,8,157.67,157.25,157.67,157.0,157.67,157.67,157.86,157.75
4705.0,157.56,0.42,8,157.67,157.75,157.5,157.33,157.33,157.67,157.5,157.75
4710.0,157.35,0.8,8,157.33,157.67,157.5,157.0,157.5,157.0,157.0,157.8
4715.0,157.66,0.67,8,157.33,157.67,157.33,157.5,157.75,158.0,158.0,157.67
4720.0,157.64,1.0,8,158.0,157.0,157.5,157.5,157.8,157.33,158.0,158.0
4725.0,157.55,1.0,8,158.0,157.38,157.33,157.0,157.33,158.0,157.33,158.0
4730.0,157.57,1.0,8,157.5,158.0,157.0,157.25,157.5,157.67,157.67,158.0
4735.0,157.52,1.0,8,158.0,157.67,157.0,157.0,158.0,157.5,158.0,157.0
4740.0,157.41,1.0,8,158.0,157.0,157.33,157.33,157.0,157.67,157.5,157.43
4745.0,157.6,0.67,8,158.0,157.5,157.67,157.33,157.33,157.33,157.67,158.0
4750.0,157.5,1.0,8,157.67,158.0,157.0,157.0,157.67,157.33,157.33,158.0
4755.0,157.62,0.67,8,157.67,157.43,157.5,157.33,157.67,157.67,158.0,157.67
4760.0,157.61,0.75,8,157.67,157.5,157.25,157.75,157.75,157.33,158.0,157.67
4765.0,157.42,1.0,8,158.0,157.5,157.11,157.5,157.0,157.25,157.25,157.75
4770.0,157.51,1.0,8,158.0,157.0,157.4,157.33,157.0,157.33,158.0,158.0
4775.0,157.61,1.0,8,157.56,158.0,157.33,157.0,157.33,157.67,158.0,158.0
4780.0,157.45,0.75,8,157.5,157.33,157.0,157.5,157.33,157.75,157.67,157.5
4785.0,157.62,1.0,8,158.0,157.33,157.67,157.0,157.5,158.0,158.0,157.5
4790.0,157.35,0.67,8,157.0,157.67,157.0,157.0,157.33,157.5,157.6,157.67
4795.0,157.39,0.75,8,157.67,157.25,157.75,157.0,157.25,157.5,157.2,157.5
4800.0,157.6,1.0,8,158.0,157.67,157.5,157.0,157.5,158.0,157.83,157.33
4805.0,157.53,0.67,8,157.67,157.67,157.33,157.0,157.6,157.67,157.67,157.67
4810.0,157.47,0.75,8,157.67,157.5,157.0,157.0,157.75,157.33,157.75,157.75
4815.0,157.45,1.0,8,158.0,157.0,157.0,157.0,157.4,157.67,158.0,157.5
4820.0,157.49,1.0,8,157.67,157.71,157.5,157.0,157.33,158.0,157.33,157.33
4825.0,157.54,0.75,8,157.33,157.5,157.4,157.5,157.67,158.0,157.25,157.67
4830.0,157.79,1.0,8,158.0,158.0,157.33,157.0,158.0,158.0,158.0,158.0
4835.0,157.76,0.67,8,157.71,158.0,158.0,157.33,157.67,158.0,157.33,158.0
4840.0,157.43,0.75,8,157.67,157.33,157.0,157.25,157.25,157.67,157.75,157.5
4845.0,157.5,1.0,8,157.67,157.5,157.0,157.33,157.5,157.5,157.5,158.0
4850.0,157.58,1.0,8,157.75,157.0,157.67,157.33,157.67,158.0,157.86,157.33
4855.0,157.5,1.0,8,157.67,157.67,157.5,157.0,157.67,157.0,158.0,157.5
4860.0,157.59,1.0,8,157.75,157.33,157.33,157.5,157.0,158.0,157.83,158.0
4865.0,157.58,1.0,8,157.33,157.67,157.0,157.5,157.5,157.67,158.0,158.0
4870.0,157.68,0.67,8,157.75,157.33,157.67,157.5,158.0,157.67,157.75,157.75
4875.0,157.69,1.0,8,158.0,157.0,157.5,158.0,157.5,157.5,158.0,158.0
4880.0,157.46,1.0,8,157.33,157.43,157.25,157.33,158.0,157.0,158.0,157.33
4885.0,157.67,0.5,8,158.0,158.0,157.5,157.67,157.5,157.5,157.5,157.67
4890.0,157.67,0.67,8,157.5,157.5,157.33,157.67,157.33,158.0,158.0,158.0
4895.0,157.56,1.0,8,157.75,157.33,157.0,157.67,157.33,158.0,158.0,157.43
4900.0,157.63,1.0,8,158.0,157.5,158.0,157.0,157.5,157.5,157.86,157.67
4905.0,157.5,1.0,8,158.0,157.5,157.14,157.67,157.0,157.33,157.67,157.67
4910.0,157.61,0.75,8,157.67,158.0,157.38,157.5,157.25,157.75,157.67,157.67
4915.0,157.7,0.71,8,158.0,157.5,157.29,157.67,157.67,158.0,157.5,158.0
4920.0,157.57,0.54,8,157.67,157.67,157.67,157.33,157.33,157.5,157.5,157.88
4925.0,157.29,0.75,8,157.25,157.0,157.33,157.0,157.33,157.0,157.67,157.75
4930.0,157.45,0.42,8,157.33,157.67,157.25,157.33,157.33,157.67,157.5,157.5
4935.0,157.49,1.0,8,157.33,157.0,157.0,157.5,157.5,158.0,158.0,157.57
4940.0,157.66,0.67,8,157.67,157.33,158.0,157.5,157.44,157.67,157.67,158.0
4945.0,157.56,1.0,8,157.75,157.67,157.0,157.2,158.0,157.33,157.75,157.75
4950.0,157.53,0.67,8,158.0,157.5,157.5,157.38,157.33,157.33,157.67,157.5
4955.0,157.41,0.71,8,157.5,157.71,157.25,157.5,157.33,157.0,157.67,157.33
4960.0,157.6,0.67,8,157.5,157.6,157.5,157.33,157.33,157.5,158.0,158.0
4965.0,157.55,0.75,8,157.5,157.67,157.33,157.25,157.67,158.0,157.5,157.5
4970.0,157.61,1.0,8,157.6,157.0,157.67,157.25,157.67,158.0,157.67,158.0
4975.0,157.46,0.42,8,157.5,157.5,157.67,157.5,157.25,157.25,157.33,157.67
4980.0,157.65,1.0,8,158.0,157.71,157.0,158.0,157.5,158.0,157.5,157.5
4985.0,157.64,0.75,8,157.67,157.25,157.33,157.33,157.5,158.0,158.0,158.0
4990.0,157.81,0.67,8,157.67,158.0,157.33,158.0,158.0,158.0,157.78,157.67
4995.0,157.59,1.0,8,158.0,157.75,157.5,157.0,157.0,157.8,157.67,158.0
5000.0,157.71,0.67,8,157.75,158.0,157.33,157.33,157.5,158.0,158.0,157.75
5005.0,157.67,1.0,8,158.0,157.5,157.5,157.0,158.0,157.83,158.0,157.5
5010.0,157.57,1.0,8,158.0,157.43,157.0,157.0,157.67,158.0,158.0,157.5
5015.0,157.73,1.0,8,158.0,157.5,158.0,157.0,158.0,157.5,158.0,157.88
5020.0,157.67,1.0,8,157.33,158.0,158.0,157.38,157.0,157.67,158.0,158.0
5025.0,157.54,1.0,8,157.5,157.5,157.0,157.0,158.0,157.67,158.0,157.67
5030.0,157.58,0.86,8,157.5,157.14,157.33,157.33,157.67,158.0,157.67,158.0
5035.0,157.61,0.67,8,157.5,157.71,157.33,157.67,157.5,157.67,157.5,158.0
5040.0,157.59,1.0,8,157.33,158.0,158.0,157.0,157.5,157.0,158.0,157.86
5045.0,157.74,0.67,8,157.67,157.5,158.0,157.43,158.0,158.0,157.33,158.0
5050.0,157.5,1.0,8,157.67,157.0,157.8,157.0,157.33,158.0,157.5,157.67
5055.0,157.52,1.0,8,157.5,157.0,157.8,157.33,157.33,157.67,157.5,158.0
5060.0,157.82,0.75,8,157.67,157.25,157.67,158.0,158.0,158.0,158.0,158.0
5065.0,157.52,1.0,8,157.56,157.5,157.75,157.33,157.0,157.67,157.33,158.0
5070.0,157.87,0.4,8,158.0,157.6,158.0,157.67,157.67,158.0,158.0,158.0
5075.0,157.59,0.8,8,158.0,158.0,157.2,157.33,157.33,157.33,157.5,158.0
5080.0,157.83,0.67,8,158.0,157.67,158.0,158.0,157.33,157.67,158.0,158.0
5085.0,157.58,1.0,8,157.33,157.25,157.75,157.0,158.0,157.33,158.0,158.0
5090.0,157.43,1.0,8,158.0,157.75,157.5,157.0,157.0,157.5,157.0,157.71
5095.0,157.5,0.58,8,157.25,157.67,157.33,157.5,157.17,157.75,157.67,157.67
5100.0,157.41,0.75,8,157.75,157.5,157.0,157.0,157.2,157.5,157.67,157.67
5105.0,157.85,0.5,8,158.0,157.5,158.0,158.0,157.67,157.67,158.0,158.0
5110.0,157.62,1.0,8,157.0,157.44,157.67,157.67,157.67,158.0,157.5,158.0
5115.0,157.48,0.42,8,157.4,157.5,157.33,157.75,157.5,157.5,157.33,157.5
5120.0,157.52,1.0,8,157.5,157.67,157.0,157.67,157.5,157.33,158.0,157.5
5125.0,157.54,1.0,8,157.67,157.5,157.0,157.33,157.33,158.0,157.5,158.0
5130.0,157.69,0.67,8,157.5,158.0,157.5,157.75,157.67,157.33,158.0,157.8
5135.0,157.75,0.5,8,158.0,157.67,157.67,157.67,157.5,157.5,158.0,158.0
5140.0,157.77,0.67,8,157.33,157.67,157.67,158.0,157.67,158.0,157.8,158.0
5145.0,157.8,0.67,8,158.0,158.0,157.5,157.75,157.33,158.0,158.0,157.83
5150.0,157.69,1.0,8,157.67,157.67,157.5,158.0,157.0,158.0,158.0,157.67
5155.0,157.7,0.67,8,157.67,157.67,157.33,158.0,157.57,157.33,158.0,158.0
5160.0,157.82,0.67,8,157.75,158.0,157.33,158.0,157.5,158.0,158.0,158.0
5165.0,157.77,0.67,8,157.5,158.0,157.33,157.5,157.86,158.0,158.0,158.0
5170.0,157.7,1.0,8,158.0,157.67,157.5,157.0,157.8,157.67,158.0,158.0
5175.0,157.51,1.0,8,157.67,157.67,157.33,157.0,157.43,157.5,157.5,158.0
5180.0,157.77,0.67,8,158.0,157.33,157.67,158.0,157.88,157.75,157.75,157.75
5185.0,157.71,1.0,8,157.5,157.5,158.0,158.0,157.71,157.0,158.0,158.0
5190.0,157.64,0.67,8,157.67,157.6,157.5,157.67,157.33,157.67,157.67,158.0
5195.0,157.5,1.0,8,157.33,157.5,157.5,157.0,157.25,157.75,158.0,157.67
5200.0,157.73,1.0,8,158.0,157.5,158.0,157.0,157.67,157.67,158.0,158.0
5205.0,157.71,0.62,8,157.38,158.0,157.67,157.67,157.5,158.0,158.0,157.5
5210.0,157.67,0.75,8,158.0,158.0,157.25,157.5,157.5,157.62,158.0,157.5
5215.0,157.69,0.67,8,158.0,157.67,157.67,157.5,157.5,158.0,157.83,157.33
5220.0,157.76,1.0,8,158.0,157.75,157.0,157.33,158.0,158.0,158.0,158.0
5225.0,157.72,1.0,8,158.0,158.0,157.67,157.67,157.0,157.67,158.0,157.75
5230.0,157.49,1.0,8,158.0,157.75,157.0,157.0,157.0,158.0,157.5,157.67
5235.0,158.46,1.5,8,158.67,159.0,158.0,157.5,159.0,158.5,159.0,158.0
5240.0,185.26,12.33,8,184.0,180.0,183.5,180.44,186.5,191.0,192.33,184.33
5245.0,226.12,21.5,8,231.33,221.5,216.6,215.0,220.0,233.0,235.0,236.5
5250.0,238.0,24.86,8,238.5,231.5,226.14,226.5,236.67,246.0,251.0,247.67
5255.0,239.7,23.67,8,242.0,229.33,229.0,229.5,237.5,246.25,252.67,251.33
5260.0,240.83,24.67,8,242.0,232.0,229.33,231.33,238.0,248.0,254.0,252.0
5265.0,241.38,24.0,8,241.67,232.33,230.0,231.5,239.0,248.5,254.0,254.0
5270.0,242.32,25.0,8,244.5,234.0,230.5,232.43,239.67,249.5,255.5,252.5
5275.0,242.11,22.17,8,244.5,235.33,230.33,231.0,242.0,250.0,252.5,251.2
5280.0,240.96,23.5,8,241.33,233.25,230.5,231.25,237.0,248.67,254.0,251.67
5285.0,241.18,22.5,8,241.25,234.0,230.0,231.5,240.0,249.5,252.5,250.67
5290.0,242.44,24.67,8,243.67,234.0,230.0,231.5,244.0,249.0,254.67,252.67
5295.0,242.52,23.0,8,247.0,232.67,230.5,233.33,241.67,249.5,253.5,252.0
5300.0,242.78,23.83,8,246.0,234.5,230.5,232.4,241.33,249.67,254.33,253.5
5305.0,241.23,22.75,8,244.0,231.25,230.25,230.75,239.25,249.0,253.0,252.33
5310.0,241.52,23.17,8,245.0,230.8,230.33,231.0,239.5,248.5,253.5,253.5
5315.0,242.08,24.42,8,243.0,233.33,230.33,232.0,239.0,251.71,254.75,252.5
5320.0,242.23,23.08,8,244.5,235.0,230.25,230.67,238.5,252.6,253.33,253.0
5325.0,241.53,23.67,8,243.0,233.0,229.67,231.5,239.5,250.25,253.33,252.0
5330.0,241.27,23.67,8,240.67,232.33,229.33,231.4,239.5,251.43,253.0,252.5
5335.0,241.66,24.42,8,244.0,234.0,229.75,230.67,240.0,249.0,254.17,251.67
5340.0,240.18,23.9,8,241.0,231.0,229.5,229.5,237.0,248.0,253.4,252.0
5345.0,240.99,23.33,8,242.0,232.33,228.67,229.5,242.43,249.0,252.0,252.0
5350.0,240.66,24.67,8,241.0,232.0,228.67,229.5,239.0,250.43,253.33,251.33
5355.0,241.16,23.33,8,243.0,232.75,229.0,229.5,243.43,247.5,252.33,251.75
5360.0,240.95,23.67,8,243.0,232.5,229.0,230.0,240.8,248.67,252.67,251.0
5365.0,239.96,23.71,8,241.33,232.0,228.29,229.75,237.0,248.0,252.0,251.33
5370.0,240.68,23.0,8,246.0,231.33,229.5,230.57,236.5,248.0,251.0,252.5
5375.0,240.56,24.67,8,244.0,232.5,228.0,230.6,236.75,249.0,252.67,251.0
5380.0,240.5,23.83,8,244.5,231.2,228.5,230.33,237.5,249.33,252.33,250.33
5385.0,239.78,23.5,8,244.5,229.38,229.0,229.33,237.0,246.5,252.5,250.0
5390.0,240.09,23.67,8,244.0,230.44,228.33,229.0,238.67,246.75,251.5,252.0
5395.0,240.69,24.64,8,243.0,233.5,227.86,229.33,239.0,248.33,252.0,252.5
5400.0,239.93,24.5,8,238.43,233.33,228.0,229.67,238.0,248.0,252.5,251.5
5405.0,240.27,23.5,8,243.5,232.5,229.0,229.0,238.67,247.67,252.5,249.33
5410.0,239.7,23.75,8,243.0,232.0,228.25,229.25,237.25,245.67,252.0,250.22
5415.0,239.35,23.5,8,239.67,232.0,228.0,229.67,237.0,247.5,251.5,249.5
5420.0,239.88,24.6,8,241.75,233.0,228.0,229.67,236.5,246.5,252.6,251.0
5425.0,240.4,23.83,8,243.0,232.0,228.5,229.5,236.5,250.86,252.33,250.5
5430.0,238.36,24.67,8,240.33,228.6,226.0,227.75,236.5,246.67,250.67,250.33
5435.0,238.17,28.46,8,240.67,231.0,222.88,226.0,235.75,246.75,251.0,251.33
5440.0,239.23,28.12,8,242.5,232.0,223.88,227.67,237.0,248.33,252.0,250.5
5445.0,225.94,18.17,8,229.0,222.5,216.5,218.0,223.67,231.67,234.67,231.5
5450.0,226.01,5.5,8,228.5,228.0,225.67,223.25,223.0,225.33,228.33,226.0
5455.0,241.96,4.25,8,242.5,244.0,242.0,242.67,240.0,239.75,242.75,242.0
5460.0,241.48,8.08,8,241.0,245.75,241.67,241.25,237.67,239.67,244.33,240.5
5465.0,242.05,7.4,8,243.5,245.4,242.67,241.0,238.0,240.33,244.0,241.5
5470.0,241.77,7.62,8,244.67,246.0,241.5,240.75,239.5,240.33,243.0,238.38
5475.0,241.68,6.9,8,244.33,245.33,241.33,241.5,239.0,239.5,244.0,238.43
5480.0,241.56,5.33,8,244.0,244.33,240.67,241.0,239.0,241.14,242.33,240.0
5485.0,241.36,7.67,8,242.5,245.5,241.75,241.5,237.83,239.67,242.5,239.67
5490.0,242.35,5.83,8,245.33,244.67,242.5,241.5,239.5,240.6,243.67,241.0
5495.0,241.45,8.07,8,244.0,245.5,241.0,241.0,237.43,239.33,243.33,240.0
5500.0,241.39,8.0,8,243.0,245.0,240.8,241.5,237.0,239.0,243.33,241.5
5505.0,241.97,7.6,8,245.6,245.5,241.67,240.75,238.75,238.0,244.0,241.5
5510.0,241.97,7.79,8,246.29,245.0,242.0,241.0,238.5,239.0,243.0,241.0
5515.0,241.62,6.5,8,245.0,244.0,241.0,240.33,238.5,238.5,243.67,242.0
5520.0,241.71,4.75,8,242.0,245.25,241.0,241.0,240.5,240.67,242.5,240.75
5525.0,241.73,6.25,8,243.5,244.75,241.75,241.0,238.5,240.5,242.33,241.5
5530.0,241.15,7.0,8,243.67,244.0,241.5,240.0,239.0,237.0,244.0,240.0
5535.0,241.33,7.67,8,244.33,244.67,242.5,241.0,237.0,238.5,244.33,238.33
5540.0,241.18,5.25,8,240.0,244.0,242.5,241.17,238.75,238.75,243.5,240.75
5545.0,241.37,6.75,8,242.25,244.75,241.5,240.9,238.0,238.5,243.33,241.75
5550.0,241.25,9.0,8,241.5,246.0,241.0,241.5,237.0,239.67,243.67,239.67
5555.0,241.63,9.33,8,242.0,246.0,241.2,241.33,236.67,240.33,243.0,242.5
5560.0,241.73,8.38,8,246.38,244.5,241.67,239.75,239.25,238.0,243.33,241.0
5565.0,241.47,7.0,8,245.5,244.0,241.0,240.5,238.5,238.75,242.0,241.5
5570.0,241.3,7.92,8,242.0,245.25,242.67,239.67,237.33,238.67,244.33,240.5
5575.0,240.98,5.0,8,242.0,243.5,241.33,240.5,238.5,239.67,242.67,239.67
5580.0,240.6,4.57,8,242.0,242.57,241.5,240.0,238.0,238.25,242.0,240.5
5585.0,240.24,7.07,8,240.5,243.57,239.67,241.0,237.67,236.5,242.5,240.5
5590.0,239.89,5.5,8,240.75,242.5,241.67,239.67,237.0,237.5,242.0,238.0
5595.0,240.06,6.83,8,241.5,243.33,240.5,239.25,237.75,236.5,243.0,238.67
5600.0,239.15,7.0,8,242.0,243.0,239.67,238.0,236.5,236.0,240.5,237.5
5605.0,239.56,5.5,8,242.0,241.67,240.0,239.5,236.5,238.17,241.0,237.67
5610.0,239.36,7.67,8,241.0,243.67,239.5,238.71,236.0,237.25,240.5,238.25
5615.0,238.86,6.25,8,240.5,242.0,240.0,238.67,235.75,237.33,240.0,236.67
5620.0,238.07,7.67,8,240.5,242.0,238.43,237.0,234.33,236.0,239.0,237.33
5625.0,236.91,6.0,8,237.5,238.86,239.5,236.67,233.5,234.25,239.0,236.0
5630.0,236.9,7.0,8,237.5,238.17,239.0,237.33,232.0,234.67,238.5,238.0
5635.0,223.04,9.86,8,228.86,223.5,224.33,222.67,219.0,222.0,221.0,223.0
5640.0,195.13,5.75,8,192.0,194.0,197.75,193.5,193.75,196.0,196.5,197.57
5645.0,192.5,8.0,8,192.0,191.0,190.5,188.5,193.0,196.0,192.5,196.5
5650.0,192.2,7.5,8,191.33,190.67,189.33,188.5,195.0,196.0,192.75,194.0
5655.0,191.01,6.42,8,192.0,188.75,189.5,187.33,191.5,193.25,192.0,193.75
5660.0,191.1,6.83,8,190.33,190.0,189.5,187.5,191.5,193.14,192.5,194.33
5665.0,191.44,7.17,8,190.67,189.33,188.67,187.5,194.2,194.0,192.5,194.67
5670.0,190.61,6.42,8,191.25,189.0,188.5,187.33,191.0,192.4,191.67,193.75
5675.0,190.49,6.67,8,191.0,188.5,188.5,187.0,191.5,192.71,191.0,193.67
5680.0,190.82,7.0,8,191.5,189.5,187.57,187.0,191.0,194.0,192.0,194.0
5685.0,190.46,7.25,8,191.0,190.0,187.67,186.5,191.0,193.75,190.75,193.0
5690.0,190.69,7.33,8,190.5,189.5,188.0,186.67,192.33,194.0,191.5,193.0
5695.0,190.01,6.5,8,188.33,187.67,188.75,186.5,192.0,193.0,191.33,192.5
5700.0,189.81,7.55,8,186.2,188.5,188.5,187.0,191.0,193.75,191.0,192.5
5705.0,189.86,6.33,8,188.0,189.0,188.25,186.67,191.0,193.0,190.0,193.0
5710.0,190.08,7.17,8,189.67,189.0,187.67,186.5,190.5,193.5,190.14,193.67
5715.0,190.61,7.6,8,190.5,188.0,188.0,187.0,194.6,193.33,190.67,192.75
5720.0,190.43,7.83,8,189.0,188.67,188.0,186.5,192.6,194.33,191.0,193.33
5725.0,190.39,6.5,8,189.33,189.0,188.0,187.0,192.6,193.5,190.67,193.0
5730.0,190.48,8.07,8,190.75,188.25,188.0,186.5,194.57,193.0,190.0,192.75
5735.0,190.27,7.67,8,188.67,189.0,187.5,186.0,193.0,193.67,191.0,193.33
5740.0,190.41,7.0,8,189.33,188.67,188.5,186.5,193.43,193.5,190.0,193.33
5745.0,190.05,6.82,8,190.5,188.0,188.5,186.43,190.5,193.25,190.5,192.75
5750.0,190.22,6.33,8,190.5,188.5,188.0,186.33,192.0,192.67,191.5,192.25
5755.0,190.28,7.43,8,190.5,188.0,188.0,186.0,193.43,192.67,190.67,193.0
5760.0,189.94,6.25,8,191.0,187.5,187.14,186.75,190.5,193.0,190.67,193.0
5765.0,190.45,7.42,8,190.5,189.86,187.5,186.25,190.5,193.67,192.0,193.33
5770.0,190.1,6.67,8,191.0,188.8,187.67,186.0,191.67,192.67,191.0,192.0
5775.0,189.52,5.83,8,188.0,188.0,187.67,186.5,191.33,192.33,190.33,192.0
5780.0,189.69,7.25,8,187.67,188.33,188.0,186.0,190.5,193.25,191.25,192.5
5785.0,189.87,7.33,8,190.5,189.29,187.0,185.67,191.0,193.0,190.5,192.0
5790.0,189.59,8.19,8,188.67,187.5,186.67,185.67,191.33,192.5,190.5,193.86
5795.0,189.56,7.0,8,190.75,187.5,188.0,185.5,190.0,192.5,189.71,192.5
5800.0,189.57,7.25,8,189.33,188.67,187.0,186.0,189.5,193.0,189.8,193.25
5805.0,189.4,7.17,8,189.0,188.67,187.0,185.33,190.0,191.67,191.0,192.5
5810.0,189.65,6.5,8,190.5,188.25,187.75,186.0,190.0,191.71,190.5,192.5
5815.0,189.35,8.0,8,189.0,189.0,187.5,185.0,190.0,191.6,189.67,193.0
5820.0,189.96,7.5,8,189.0,188.0,187.5,185.5,193.0,192.67,191.0,193.0
5825.0,189.07,7.25,8,189.0,187.5,185.75,185.25,189.75,192.5,190.33,192.5
5830.0,189.07,6.0,8,190.5,187.0,185.5,185.75,191.0,191.33,190.0,191.5
5835.0,189.04,6.83,8,187.29,188.0,186.67,185.67,190.67,191.5,190.0,192.5
5840.0,189.65,9.18,8,190.5,187.75,187.25,185.25,189.5,192.0,190.5,194.43
5845.0,189.62,8.83,8,188.67,188.5,187.5,185.5,189.5,192.5,190.5,194.33
5850.0,189.67,7.5,8,188.67,188.0,187.0,185.5,192.43,192.75,190.0,193.0
5855.0,189.43,6.67,8,190.5,188.33,187.5,185.33,190.0,192.0,189.75,192.0
5860.0,189.74,7.75,8,190.0,187.5,187.5,186.0,193.75,191.33,190.33,191.5
5865.0,189.61,7.67,8,190.0,188.75,187.0,185.0,191.0,192.67,190.5,192.0
5870.0,189.23,8.5,8,188.33,187.5,187.25,185.5,189.25,192.0,190.0,194.0
5875.0,179.81,10.67,8,174.33,179.0,179.33,177.5,184.0,185.0,176.0,183.29
5880.0,161.44,3.33,8,160.0,163.33,161.0,162.0,161.0,162.17,160.0,162.0
5885.0,156.76,1.13,8,156.75,157.0,156.33,156.5,156.2,157.0,157.33,157.0
5890.0,155.82,0.5,8,156.0,156.0,155.5,156.0,155.71,155.67,156.0,155.67
5895.0,155.25,1.0,8,155.0,155.0,155.0,155.0,155.0,156.0,155.67,155.33
5900.0,155.14,0.5,8,155.0,155.0,155.33,155.0,155.0,155.0,155.25,155.5
5905.0,155.06,0.5,8,155.5,155.0,155.0,155.0,155.0,155.0,155.0,155.0
5910.0,155.06,0.5,8,155.0,155.0,155.0,155.0,155.0,155.0,155.5,155.0
5915.0,155.04,0.33,8,155.0,155.0,155.0,155.0,155.0,155.0,155.0,155.33
5920.0,155.0,0.0,8,155.0,155.0,155.0,155.0,155.0,155.0,155.0,155.0
5925.0,155.0,0.0,8,155.0,155.0,155.0,155.0,155.0,155.0,155.0,155.0
5930.0,154.97,0.25,8,155.0,155.0,155.0,154.75,155.0,155.0,155.0,155.0
5935.0,155.04,0.33,8,155.0,155.0,155.0,155.0,155.0,155.0,155.0,155.33
5940.0,155.0,0.0,8,155.0,155.0,155.0,155.0,155.0,155.0,155.0,155.0
5945.0,155.0,0.0,8,155.0,155.0,155.0,155.0,155.0,155.0,155.0,155.0
5950.0,155.0,0.0,8,155.0,155.0,155.0,155.0,155.0,155.0,155.0,155.0
5955.0,155.0,0.0,8,155.0,155.0,155.0,155.0,155.0,155.0,155.0,155.0
5960.0,155.0,0.0,8,155.0,155.0,155.0,155.0,155.0,155.0,155.0,155.0
5965.0,154.96,0.33,8,155.0,155.0,154.67,155.0,155.0,155.0,155.0,155.0
5970.0,154.9,0.5,8,155.0,155.0,155.0,154.5,155.0,155.0,154.67,155.0
5975.0,155.0,0.0,8,155.0,155.0,155.0,155.0,155.0,155.0,155.0,155.0
5980.0,154.98,0.5,8,155.17,155.0,155.0,154.67,155.0,155.0,155.0,155.0
5985.0,155.0,0.0,8,155.0,155.0,155.0,155.0,155.0,155.0,155.0,155.0
5990.0,154.98,0.12,8,155.0,155.0,155.0,155.0,154.88,155.0,155.0,155.0
5995.0,155.0,0.0,8,155.0,155.0,155.0,155.0,155.0,155.0,155.0,155.0
6000.0,154.93,0.33,8,155.0,155.0,155.0,155.0,154.8,155.0,155.0,154.67
6005.0,155.0,0.0,8,155.0,155.0,155.0,155.0,155.0,155.0,155.0,155.0
6010.0,155.0,0.0,8,155.0,155.0,155.0,155.0,155.0,155.0,155.0,155.0
6015.0,155.0,0.0,8,155.0,155.0,155.0,155.0,155.0,155.0,155.0,155.0
6020.0,155.0,0.0,8,155.0,155.0,155.0,155.0,155.0,155.0,155.0,155.0
6025.0,154.88,1.0,8,155.0,155.0,154.0,155.0,155.0,155.0,155.0,155.0
6030.0,154.92,0.5,8,155.0,155.0,154.5,154.83,155.0,155.0,155.0,155.0
6035.0,154.96,0.33,8,155.0,154.67,155.0,155.0,155.0,155.0,155.0,155.0
6040.0,154.9,0.67,8,155.0,155.0,155.0,154.88,155.0,154.33,155.0,155.0
6045.0,155.0,0.0,8,155.0,155.0,155.0,155.0,155.0,155.0,155.0,155.0
6050.0,155.03,0.25,8,155.0,155.0,155.0,155.0,155.0,155.0,155.25,155.0
6055.0,155.0,0.0,8,155.0,155.0,155.0,155.0,155.0,155.0,155.0,155.0
6060.0,155.0,0.0,8,155.0,155.0,155.0,155.0,155.0,155.0,155.0,155.0
6065.0,155.0,0.0,8,155.0,155.0,155.0,155.0,155.0,155.0,155.0,155.0
6070.0,155.0,0.0,8,155.0,155.0,155.0,155.0,155.0,155.0,155.0,155.0
6075.0,154.96,0.33,8,155.0,154.67,155.0,155.0,155.0,155.0,155.0,155.0
6080.0,154.88,0.5,8,155.0,155.0,154.5,154.5,155.0,155.0,155.0,155.0
6085.0,155.0,0.0,8,155.0,155.0,155.0,155.0,155.0,155.0,155.0,155.0
6090.0,155.0,0.0,8,155.0,155.0,155.0,155.0,155.0,155.0,155.0,155.0
6095.0,155.0,0.0,8,155.0,155.0,155.0,155.0,155.0,155.0,155.0,155.0
6100.0,155.0,0.0,8,155.0,155.0,155.0,155.0,155.0,155.0,155.0,155.0
6105.0,155.0,0.0,8,155.0,155.0,155.0,155.0,155.0,155.0,155.0,155.0
6110.0,155.0,0.0,8,155.0,155.0,155.0,155.0,155.0,155.0,155.0,155.0
6115.0,155.06,0.5,8,155.0,155.0,155.0,155.0,155.0,155.5,155.0,155.0
6120.0,155.06,0.5,8,155.0,155.0,155.5,155.0,155.0,155.0,155.0,155.0
6125.0,155.06,0.33,8,155.0,155.0,155.0,155.0,155.11,155.0,155.0,155.33
6130.0,155.06,0.33,8,155.0,155.0,155.0,155.0,155.0,155.17,155.33,155.0
6135.0,155.0,0.0,8,155.0,155.0,155.0,155.0,155.0,155.0,155.0,155.0
6140.0,155.1,0.33,8,155.33,155.0,155.0,155.0,155.0,155.25,155.25,155.0
6145.0,155.06,0.5,8,155.0,155.0,155.0,155.0,155.0,155.0,155.0,155.5
6150.0,155.15,0.5,8,155.0,155.17,155.0,155.0,155.0,155.5,155.0,155.5
6155.0,155.14,0.33,8,155.0,155.0,155.25,155.25,155.33,155.0,155.3,155.0
6160.0,155.21,1.0,8,155.33,155.0,155.0,155.33,155.0,155.0,156.0,155.0
6165.0,155.12,0.67,8,155.67,155.0,155.0,155.33,155.0,155.0,155.0,155.0
6170.0,155.17,0.67,8,155.33,155.33,155.0,155.0,155.0,155.67,155.0,155.0
6175.0,155.38,0.67,8,155.67,155.33,155.67,155.33,155.0,155.5,155.0,155.5
6180.0,155.23,0.5,8,155.33,155.0,155.0,155.0,155.0,155.5,155.5,155.5
6185.0,155.26,0.5,8,155.33,155.0,155.0,155.0,155.5,155.25,155.5,155.5
6190.0,155.65,0.83,8,155.67,155.33,156.0,155.17,155.67,156.0,155.33,156.0
6195.0,155.71,1.0,8,156.0,156.0,155.5,155.0,156.0,155.67,156.0,155.5
6200.0,155.61,0.75,8,155.44,155.5,155.5,155.25,155.5,155.67,156.0,156.0
6205.0,155.75,1.0,8,156.0,156.0,155.33,155.0,155.67,156.0,156.0,156.0
6210.0,155.46,1.0,8,156.0,155.33,155.67,155.5,155.0,155.0,155.67,155.5
6215.0,155.73,1.0,8,155.75,156.0,155.0,155.5,155.57,156.0,156.0,156.0
6220.0,155.77,1.0,8,156.0,156.0,155.0,155.67,156.0,155.83,155.67,156.0
6225.0,155.9,0.5,8,155.67,156.0,156.0,156.0,155.5,156.0,156.0,156.0
6230.0,155.65,0.75,8,155.5,156.0,155.89,156.0,155.75,155.25,155.5,155.33
6235.0,155.81,0.67,8,156.0,156.0,155.75,155.67,155.33,156.0,155.75,156.0
6240.0,155.89,0.33,8,155.67,156.0,156.0,155.8,155.67,156.0,156.0,156.0
6245.0,155.94,0.5,8,156.0,156.0,156.0,155.5,156.0,156.0,156.0,156.0
6250.0,155.9,0.33,8,155.83,155.67,156.0,155.67,156.0,156.0,156.0,156.0
6255.0,155.99,0.11,8,156.0,156.0,156.0,156.0,156.0,156.0,155.89,156.0
6260.0,156.0,0.0,8,156.0,156.0,156.0,156.0,156.0,156.0,156.0,156.0
6265.0,156.0,0.0,8,156.0,156.0,156.0,156.0,156.0,156.0,156.0,156.0
6270.0,156.0,0.0,8,156.0,156.0,156.0,156.0,156.0,156.0,156.0,156.0
6275.0,155.98,0.17,8,156.0,156.0,156.0,155.83,156.0,156.0,156.0,156.0
6280.0,156.0,0.0,8,156.0,156.0,156.0,156.0,156.0,156.0,156.0,156.0
6285.0,156.0,0.0,8,156.0,156.0,156.0,156.0,156.0,156.0,156.0,156.0
6290.0,156.0,0.0,8,156.0,156.0,156.0,156.0,156.0,156.0,156.0,156.0
6295.0,156.0,0.0,8,156.0,156.0,156.0,156.0,156.0,156.0,156.0,156.0
6300.0,156.0,0.0,8,156.0,156.0,156.0,156.0,156.0,156.0,156.0,156.0
6305.0,156.03,0.25,8,156.0,156.0,156.0,156.25,156.0,156.0,156.0,156.0
6310.0,156.02,0.17,8,156.0,156.0,156.0,156.0,156.0,156.0,156.0,156.17
6315.0,156.08,0.5,8,156.14,156.0,156.0,156.0,156.0,156.0,156.0,156.5
6320.0,156.12,0.5,8,156.5,156.0,156.0,156.0,156.0,156.0,156.44,156.0
6325.0,156.13,0.67,8,156.0,156.0,156.0,156.25,156.0,156.67,156.12,156.0
6330.0,156.2,0.5,8,156.0,156.0,156.0,156.0,156.33,156.33,156.5,156.4
6335.0,156.26,0.5,8,156.33,156.5,156.33,156.0,156.5,156.0,156.0,156.4
6340.0,156.3,0.67,8,156.25,156.25,156.67,156.5,156.25,156.0,156.0,156.5
6345.0,156.24,0.5,8,156.33,156.0,156.33,156.0,156.5,156.4,156.0,156.33
6350.0,156.29,0.8,8,156.0,156.67,156.0,156.0,156.0,156.8,156.33,156.5
6355.0,156.46,1.0,8,156.25,156.33,156.0,157.0,156.29,156.33,156.5,157.0
6360.0,156.44,1.0,8,156.75,156.0,156.0,156.0,156.43,157.0,156.67,156.67
6365.0,156.62,1.0,8,156.5,156.0,157.0,156.5,157.0,156.5,157.0,156.5
6370.0,156.69,1.0,8,156.8,156.33,156.0,156.67,156.75,157.0,157.0,157.0
6375.0,156.51,1.0,8,156.5,156.6,156.67,156.0,156.33,156.33,156.67,157.0
6380.0,156.45,1.0,8,156.5,156.25,156.33,156.0,156.0,157.0,156.5,157.0
6385.0,156.72,1.0,8,156.75,156.75,156.0,157.0,157.0,156.5,156.78,157.0
6390.0,156.76,0.5,8,157.0,156.67,156.67,156.5,157.0,156.5,157.0,156.75
6395.0,156.86,0.5,8,157.0,157.0,157.0,156.5,156.86,157.0,156.5,157.0
6400.0,156.93,0.33,8,157.0,157.0,156.75,157.0,156.67,157.0,157.0,157.0
6405.0,156.91,0.4,8,157.0,156.6,157.0,156.71,157.0,157.0,157.0,157.0
6410.0,156.88,0.5,8,157.0,157.0,156.5,156.5,157.0,157.0,157.0,157.0
6415.0,156.98,0.12,8,156.88,157.0,157.0,157.0,157.0,157.0,157.0,157.0
6420.0,156.94,0.5,8,157.0,157.0,157.0,157.0,157.0,157.0,157.0,156.5
6425.0,156.93,0.33,8,156.75,157.0,156.67,157.0,157.0,157.0,157.0,157.0
6430.0,156.97,0.25,8,156.75,157.0,157.0,157.0,157.0,157.0,157.0,157.0
6435.0,156.88,0.83,8,157.0,156.67,157.0,156.5,156.88,156.67,157.33,157.0
6440.0,156.96,0.33,8,157.0,157.0,157.0,157.0,156.67,157.0,157.0,157.0
6445.0,157.0,0.0,8,157.0,157.0,157.0,157.0,157.0,157.0,157.0,157.0
6450.0,156.81,1.0,8,157.0,156.8,156.0,156.67,157.0,157.0,157.0,157.0
6455.0,156.94,0.5,8,157.0,157.0,157.0,156.5,157.0,157.0,157.0,157.0
6460.0,157.0,0.0,8,157.0,157.0,157.0,157.0,157.0,157.0,157.0,157.0
6465.0,157.0,0.0,8,157.0,157.0,157.0,157.0,157.0,157.0,157.0,157.0
6470.0,157.0,0.0,8,157.0,157.0,157.0,157.0,157.0,157.0,157.0,157.0
6475.0,157.0,0.0,8,157.0,157.0,157.0,157.0,157.0,157.0,157.0,157.0
6480.0,157.0,0.0,8,157.0,157.0,157.0,157.0,157.0,157.0,157.0,157.0
6485.0,157.0,0.0,8,157.0,157.0,157.0,157.0,157.0,157.0,157.0,157.0
6490.0,157.0,0.0,8,157.0,157.0,157.0,157.0,157.0,157.0,157.0,157.0
6495.0,157.03,0.25,8,157.0,157.0,157.0,157.0,157.0,157.0,157.25,157.0
6500.0,157.0,0.0,8,157.0,157.0,157.0,157.0,157.0,157.0,157.0,157.0
6505.0,157.0,0.0,8,157.0,157.0,157.0,157.0,157.0,157.0,157.0,157.0
6510.0,157.0,0.0,8,157.0,157.0,157.0,157.0,157.0,157.0,157.0,157.0
6515.0,156.98,0.14,8,157.0,156.86,157.0,157.0,157.0,157.0,157.0,157.0
6520.0,157.0,0.0,8,157.0,157.0,157.0,157.0,157.0,157.0,157.0,157.0
6525.0,157.06,0.33,8,157.0,157.0,157.0,157.0,157.0,157.0,157.17,157.33
6530.0,157.07,0.33,8,157.0,157.0,157.0,157.0,157.0,157.25,157.0,157.33
6535.0,156.96,0.33,8,157.0,157.0,156.67,157.0,157.0,157.0,157.0,157.0
6540.0,157.0,0.0,8,157.0,157.0,157.0,157.0,157.0,157.0,157.0,157.0
6545.0,157.0,0.0,8,157.0,157.0,157.0,157.0,157.0,157.0,157.0,157.0
6550.0,157.06,0.5,8,157.0,157.0,157.0,157.0,157.0,157.5,157.0,157.0
6555.0,157.02,0.17,8,157.0,157.0,157.0,157.0,157.17,157.0,157.0,157.0
6560.0,157.12,0.5,8,157.5,157.0,157.17,157.0,157.0,157.0,157.0,157.33
6565.0,157.08,0.33,8,157.0,157.0,157.0,157.0,157.0,157.33,157.33,157.0
6570.0,157.12,0.5,8,157.5,157.0,157.0,157.0,157.0,157.0,157.5,157.0
6575.0,157.24,1.0,8,157.0,157.0,157.0,157.0,157.25,157.33,158.0,157.33
6580.0,157.12,0.33,8,157.0,157.33,157.0,157.0,157.33,157.33,157.0,157.0
6585.0,157.4,1.0,8,157.33,157.0,157.0,157.5,158.0,157.0,158.0,157.4
6590.0,157.2,0.67,8,157.25,157.0,157.33,157.0,157.67,157.0,157.33,157.0
6595.0,157.25,1.0,8,157.33,157.0,157.0,157.0,157.33,158.0,157.0,157.33
6600.0,157.08,0.33,8,157.0,157.0,157.0,157.0,157.0,157.33,157.0,157.33
6605.0,157.28,0.67,8,157.67,157.0,157.12,157.0,157.0,157.25,157.5,157.67
6610.0,157.25,0.67,8,157.0,157.5,157.0,157.0,157.5,157.67,157.0,157.33
6615.0,157.23,0.5,8,157.5,157.17,157.0,157.0,157.33,157.33,157.5,157.0
6620.0,157.31,0.75,8,157.33,157.33,157.0,157.0,157.0,157.75,157.67,157.4
6625.0,157.24,0.33,8,157.2,157.25,157.25,157.33,157.33,157.25,157.33,157.0
6630.0,157.48,1.0,8,157.5,157.0,157.33,157.0,158.0,158.0,157.5,157.5
6635.0,157.43,0.75,8,157.25,157.5,157.33,157.0,157.5,157.44,157.75,157.67
6640.0,157.47,1.0,8,157.33,157.0,157.0,157.33,158.0,157.4,157.67,158.0
6645.0,157.58,1.0,8,157.67,157.0,157.5,158.0,157.5,157.33,157.67,158.0
6650.0,157.53,1.0,8,157.0,158.0,157.0,157.29,157.5,157.67,158.0,157.75
6655.0,157.42,1.0,8,158.0,157.33,157.0,157.33,157.0,157.0,157.67,158.0
6660.0,157.47,1.0,8,157.67,157.0,157.25,157.0,158.0,157.5,157.67,157.67
6665.0,157.46,1.0,8,157.5,157.0,158.0,157.0,157.5,157.33,157.67,157.67
6670.0,157.56,0.8,8,157.5,157.2,157.67,157.33,157.75,158.0,157.33,157.67
6675.0,157.35,0.75,8,157.75,157.0,157.11,157.0,157.0,157.5,157.67,157.75
6680.0,157.51,1.0,8,157.67,157.5,157.0,157.29,157.33,158.0,157.33,158.0
6685.0,157.61,1.0,8,157.5,157.0,157.4,158.0,157.67,157.67,157.67,158.0
6690.0,157.41,1.0,8,157.38,157.33,157.0,157.2,157.33,157.33,157.67,158.0
6695.0,157.56,0.42,8,157.67,157.56,157.33,157.33,157.67,157.67,157.5,157.75
6700.0,157.63,0.67,8,157.67,157.5,157.44,157.33,157.33,158.0,158.0,157.75
6705.0,157.42,1.0,8,157.5,157.0,157.33,157.33,157.67,157.5,158.0,157.0
6710.0,157.53,1.0,8,157.5,157.0,157.5,157.25,157.33,157.67,158.0,158.0
6715.0,157.5,1.0,8,157.33,157.33,157.0,157.67,157.33,158.0,157.5,157.8
6720.0,157.75,0.5,8,157.5,157.5,157.5,157.5,158.0,158.0,158.0,158.0
6725.0,157.64,0.5,8,157.67,157.5,157.5,157.57,157.5,157.67,157.75,158.0
6730.0,157.58,0.67,8,157.67,157.5,157.5,157.33,157.67,157.67,158.0,157.33
6735.0,157.51,1.0,8,158.0,158.0,157.4,157.0,157.67,157.0,157.5,157.5
6740.0,157.42,0.75,8,157.67,157.0,157.25,157.0,157.75,157.33,157.67,157.71
6745.0,157.5,1.0,8,157.33,157.0,157.0,157.33,157.67,158.0,157.67,158.0
6750.0,157.56,0.42,8,157.6,157.67,157.33,157.67,157.67,157.67,157.25,157.67
6755.0,157.3,0.67,8,157.5,157.4,157.0,157.33,157.67,157.0,157.5,157.0
6760.0,157.66,1.0,8,157.67,157.33,158.0,157.75,157.0,157.67,157.86,158.0
6765.0,157.65,1.0,8,157.67,157.33,157.0,157.75,158.0,157.75,158.0,157.71
6770.0,157.46,1.0,8,158.0,157.0,157.0,157.33,157.67,157.0,158.0,157.67
6775.0,157.57,0.67,8,157.38,158.0,157.33,157.33,157.5,158.0,157.5,157.5
6780.0,157.61,0.67,8,157.75,157.5,157.33,157.67,157.5,157.67,157.5,158.0
6785.0,157.71,0.75,8,158.0,157.5,158.0,157.25,157.25,157.67,158.0,158.0
6790.0,157.51,0.75,8,157.75,157.67,157.67,157.0,157.67,157.25,157.67,157.4
6795.0,157.52,1.0,8,157.33,157.5,157.0,157.33,157.0,158.0,158.0,158.0
6800.0,157.49,0.88,8,157.67,157.5,157.0,157.0,157.5,157.88,157.67,157.75
6805.0,157.67,1.0,8,157.67,157.67,157.0,157.67,158.0,158.0,157.71,157.67
6810.0,157.58,1.0,8,157.5,157.33,157.33,157.0,158.0,157.8,158.0,157.67
6815.0,157.58,1.0,8,157.75,157.25,157.5,157.0,157.8,157.67,158.0,157.67
6820.0,157.77,0.67,8,158.0,157.33,157.67,157.33,158.0,157.8,158.0,158.0
6825.0,157.54,1.0,8,158.0,157.0,157.0,157.0,157.5,157.86,158.0,158.0
6830.0,157.6,1.0,8,157.67,158.0,157.38,157.0,157.75,157.67,157.67,157.67
6835.0,157.66,0.67,8,157.75,157.75,157.33,157.38,157.67,158.0,157.75,157.67
6840.0,157.48,1.0,8,157.5,157.0,157.5,157.5,157.33,158.0,158.0,157.0
6845.0,157.52,0.75,8,157.5,157.33,157.25,157.25,157.33,158.0,158.0,157.5
6850.0,157.58,0.75,8,157.67,157.67,157.33,157.25,157.33,157.75,158.0,157.67
6855.0,157.51,1.0,8,158.0,157.29,157.33,157.0,157.33,157.67,158.0,157.5
6860.0,157.53,1.0,8,158.0,157.5,157.43,157.0,157.33,157.5,158.0,157.5
6865.0,157.57,0.75,8,157.33,157.25,157.25,157.33,157.5,158.0,157.89,158.0
6870.0,157.33,1.0,8,157.33,157.33,157.33,157.0,157.67,157.0,158.0,157.0
6875.0,157.65,1.0,8,158.0,157.67,157.0,157.0,157.5,158.0,158.0,158.0
6880.0,157.63,0.75,8,157.67,157.67,157.5,157.5,157.71,157.25,158.0,157.75
6885.0,157.65,0.67,8,158.0,157.5,157.5,157.33,157.44,157.67,158.0,157.75
6890.0,157.41,0.67,8,157.67,157.0,157.5,157.33,157.5,157.62,157.0,157.67
6895.0,157.54,1.0,8,157.33,158.0,157.0,157.5,157.5,157.5,158.0,157.5
6900.0,157.56,0.67,8,157.5,157.33,157.33,157.75,158.0,157.5,157.33,157.75
6905.0,157.65,0.67,8,157.67,157.5,157.67,157.67,157.71,157.33,157.67,158.0
6910.0,157.57,0.54,8,157.33,157.33,157.5,157.67,157.5,157.88,157.67,157.67
6915.0,157.65,1.0,8,157.5,157.5,157.5,158.0,157.0,157.71,158.0,158.0
6920.0,157.62,0.71,8,157.67,157.29,157.33,157.33,157.67,158.0,158.0,157.67
6925.0,157.59,0.83,8,158.0,157.5,157.17,157.33,157.67,157.67,157.75,157.67
6930.0,157.67,1.0,8,157.5,157.71,157.0,157.67,157.5,158.0,158.0,158.0
6935.0,157.67,0.67,8,158.0,157.75,157.33,157.33,157.5,157.8,158.0,157.67
6940.0,157.65,0.67,8,157.67,157.33,157.67,157.5,157.33,158.0,158.0,157.67
6945.0,157.59,1.0,8,158.0,157.0,157.0,157.5,158.0,157.5,157.75,158.0
6950.0,157.69,0.67,8,157.75,157.5,157.33,157.33,157.86,158.0,157.75,158.0
6955.0,157.69,0.67,8,157.33,157.5,157.67,157.5,157.5,158.0,158.0,158.0
6960.0,157.65,0.5,8,157.5,157.5,157.5,157.5,158.0,157.5,157.67,158.0
6965.0,157.66,0.71,8,157.67,157.29,157.33,157.5,158.0,158.0,158.0,157.5
6970.0,157.74,0.67,8,157.75,157.33,157.5,157.33,158.0,158.0,158.0,158.0
6975.0,157.65,1.0,8,158.0,157.67,157.0,157.5,157.33,157.67,158.0,158.0
6980.0,157.62,1.0,8,157.0,158.0,157.5,157.29,158.0,158.0,157.67,157.5
6985.0,157.74,1.0,8,157.8,157.67,157.67,157.0,158.0,158.0,157.75,158.0
6990.0,157.67,1.0,8,158.0,157.33,157.0,157.5,157.5,158.0,158.0,158.0
6995.0,157.78,0.67,8,158.0,157.75,157.33,157.67,157.67,157.8,158.0,158.0
7000.0,157.68,1.0,8,157.67,157.5,157.0,157.5,158.0,158.0,157.75,158.0
7005.0,157.69,1.0,8,157.67,157.0,157.67,157.5,157.67,158.0,158.0,158.0
7010.0,157.79,0.43,8,158.0,157.75,157.67,157.57,158.0,158.0,157.67,157.67
7015.0,157.8,0.75,8,158.0,157.67,157.25,157.67,157.8,158.0,158.0,158.0
7020.0,157.56,1.0,8,157.5,157.5,157.0,157.0,157.5,158.0,158.0,158.0
7025.0,157.58,1.0,8,157.5,157.71,157.25,157.0,157.5,158.0,158.0,157.67
7030.0,157.65,0.67,8,157.75,157.67,157.38,157.67,157.67,157.75,157.33,158.0
7035.0,157.67,0.15,8,157.67,157.75,157.67,157.6,157.67,157.67,157.67,157.67
7040.0,157.52,1.0,8,157.5,157.5,158.0,157.5,157.33,157.33,157.0,158.0
7045.0,157.72,0.67,8,158.0,157.6,157.33,157.33,157.5,158.0,158.0,158.0
7050.0,157.87,0.38,8,158.0,158.0,157.62,158.0,158.0,158.0,157.67,157.67
7055.0,157.77,1.0,8,158.0,157.83,157.67,157.0,157.67,158.0,158.0,158.0
7060.0,157.77,0.67,8,157.67,157.67,158.0,157.33,157.67,158.0,157.86,158.0
7065.0,157.64,0.67,8,157.33,157.67,157.67,157.33,157.75,157.67,158.0,157.71
7070.0,157.75,0.5,8,158.0,158.0,157.67,157.5,157.5,157.5,158.0,157.8
7075.0,157.76,0.67,8,158.0,157.33,157.33,158.0,157.89,157.5,158.0,158.0
7080.0,157.68,0.67,8,157.67,157.75,157.67,157.5,157.33,157.86,158.0,157.67
7085.0,157.66,1.0,8,158.0,157.33,157.5,157.75,158.0,157.0,157.67,158.0
7090.0,157.73,0.5,8,157.67,157.67,157.5,158.0,157.5,157.5,158.0,158.0
7095.0,157.76,0.5,8,157.67,158.0,157.5,157.71,157.5,157.67,158.0,158.0
7100.0,157.9,0.5,8,158.0,158.0,157.5,157.67,158.0,158.0,158.0,158.0
7105.0,158.0,0.0,8,158.0,158.0,158.0,158.0,158.0,158.0,158.0,158.0
7110.0,157.77,0.67,8,158.0,157.75,157.67,157.75,157.33,158.0,157.67,158.0
7115.0,157.84,0.4,8,157.6,158.0,157.67,157.67,157.75,158.0,158.0,158.0
7120.0,157.78,0.43,8,157.67,157.57,158.0,157.67,157.67,157.67,158.0,158.0
7125.0,157.78,0.5,8,157.5,157.5,157.75,157.5,158.0,158.0,158.0,158.0
7130.0,157.81,0.33,8,158.0,157.75,157.67,157.75,157.75,157.67,158.0,157.86
7135.0,157.7,1.0,8,157.57,157.0,157.67,157.67,157.67,158.0,158.0,158.0
7140.0,157.68,0.67,8,158.0,157.33,157.75,157.33,157.5,157.5,158.0,158.0
7145.0,157.88,0.33,8,157.67,158.0,157.67,158.0,157.67,158.0,158.0,158.0
7150.0,157.79,0.75,8,157.67,157.75,157.25,157.67,158.0,158.0,158.0,158.0
7155.0,157.81,0.5,8,158.0,157.67,157.67,157.67,158.0,158.0,158.0,157.5
7160.0,157.59,1.0,8,157.75,157.0,157.33,157.5,157.67,157.5,158.0,158.0
7165.0,157.73,0.75,8,158.0,157.5,157.33,157.25,157.75,158.0,158.0,158.0
7170.0,157.79,0.67,8,157.5,158.0,157.33,157.67,158.0,158.0,158.0,157.86
7175.0,157.88,0.5,8,157.83,158.0,157.5,157.67,158.0,158.0,158.0,158.0
7180.0,157.85,0.33,8,157.75,157.75,157.67,157.67,158.0,158.0,158.0,158.0
7185.0,157.78,0.67,8,158.0,157.33,157.75,157.67,158.0,157.8,157.67,158.0
7190.0,157.72,1.0,8,158.0,158.0,157.5,157.0,157.5,157.75,158.0,158.0
7195.0,157.76,0.33,8,157.67,157.67,157.71,157.67,157.67,158.0,158.0,157.67
7200.0,157.7,1.0,8,158.0,157.67,157.0,157.62,157.33,158.0,158.0,158.0
7205.0,157.8,0.67,8,157.67,158.0,157.33,157.4,158.0,158.0,158.0,158.0
7210.0,157.71,1.0,8,157.5,158.0,157.5,157.0,157.67,158.0,158.0,158.0
7215.0,157.75,0.67,8,158.0,157.78,157.33,157.67,157.75,157.5,158.0,158.0
7220.0,157.88,0.5,8,158.0,157.5,157.57,158.0,158.0,158.0,158.0,158.0
7225.0,157.97,0.2,8,158.0,158.0,157.8,158.0,158.0,158.0,158.0,158.0
7230.0,157.69,0.67,8,157.33,157.5,157.75,157.67,157.67,158.0,157.86,157.75
7235.0,157.7,0.67,8,158.0,157.67,157.33,157.5,157.67,157.75,157.67,158.0
7240.0,157.69,1.0,8,157.8,157.33,157.0,157.67,158.0,158.0,157.75,158.0
7245.0,157.7,0.6,8,158.0,157.4,157.5,157.67,157.5,158.0,158.0,157.5
7250.0,157.77,0.33,8,157.67,157.67,157.67,157.75,157.67,158.0,157.75,158.0
7255.0,157.88,0.5,8,158.0,157.5,158.0,157.5,158.0,158.0,158.0,158.0
7260.0,157.7,0.8,8,157.75,157.67,157.2,157.67,158.0,157.67,158.0,157.67
7265.0,157.69,1.0,8,157.75,158.0,157.0,157.4,158.0,157.67,158.0,157.67
7270.0,157.69,0.67,8,158.0,157.5,157.5,157.67,158.0,157.5,157.33,158.0
7275.0,157.93,0.33,8,157.67,157.75,158.0,158.0,158.0,158.0,158.0,158.0
7280.0,157.77,0.67,8,158.0,157.5,157.67,157.33,158.0,158.0,158.0,157.67
7285.0,157.87,0.5,8,158.0,158.0,157.8,158.0,157.67,158.0,158.0,157.5
7290.0,157.69,0.75,8,158.0,157.67,157.5,157.25,157.33,157.75,158.0,158.0
7295.0,157.78,0.67,8,157.83,157.33,158.0,157.67,157.67,158.0,157.75,158.0
7300.0,157.59,1.0,8,157.5,157.57,157.5,157.67,158.0,157.5,158.0,157.0
7305.0,157.74,0.67,8,157.5,157.75,157.33,158.0,158.0,158.0,158.0,157.33
7310.0,157.55,0.33,8,157.67,157.33,157.33,157.67,157.5,157.67,157.6,157.67
7315.0,157.61,1.0,8,157.5,157.5,157.0,157.5,157.5,158.0,158.0,157.88
7320.0,157.76,0.43,8,158.0,157.67,157.57,157.67,157.67,157.75,158.0,157.75
7325.0,157.92,0.33,8,158.0,158.0,157.67,157.71,158.0,158.0,158.0,158.0
7330.0,157.84,0.67,8,157.67,158.0,158.0,157.33,157.71,158.0,158.0,158.0
7335.0,157.88,0.5,8,158.0,157.5,157.5,158.0,158.0,158.0,158.0,158.0
7340.0,157.78,0.75,8,158.0,157.78,157.25,157.75,158.0,157.5,158.0,158.0
7345.0,157.8,0.33,8,157.75,157.67,157.67,157.67,157.67,158.0,158.0,158.0
7350.0,157.75,0.5,8,157.5,157.5,157.5,158.0,157.5,158.0,158.0,158.0
7355.0,157.58,1.0,8,157.75,157.5,157.67,157.0,157.33,158.0,157.5,157.89
7360.0,157.87,0.67,8,157.89,157.33,158.0,157.75,158.0,158.0,158.0,158.0
7365.0,157.73,0.67,8,158.0,157.5,157.67,157.33,157.67,157.67,158.0,158.0
7370.0,157.76,0.75,8,157.5,158.0,157.25,157.33,158.0,158.0,158.0,158.0
7375.0,157.79,0.67,8,158.0,158.0,157.5,157.33,158.0,157.86,157.67,158.0
7380.0,157.78,0.75,8,157.67,158.0,157.33,157.25,158.0,158.0,158.0,158.0
7385.0,157.75,1.0,8,158.0,158.0,157.0,158.0,157.5,158.0,157.5,158.0
7390.0,157.7,1.0,8,157.8,157.67,158.0,157.67,157.75,158.0,157.75,157.0
7395.0,157.68,0.71,8,157.5,157.29,157.67,157.5,158.0,158.0,158.0,157.5
7400.0,157.68,1.0,8,157.75,157.67,157.0,157.67,158.0,157.71,157.67,158.0
7405.0,157.73,0.67,8,158.0,157.33,157.33,157.33,158.0,158.0,157.83,158.0
7410.0,157.77,0.5,8,158.0,157.5,157.67,157.5,157.5,158.0,158.0,158.0
7415.0,157.85,0.67,8,158.0,158.0,158.0,157.33,157.71,158.0,158.0,157.75
7420.0,157.67,1.0,8,157.67,158.0,157.0,157.25,158.0,157.75,158.0,157.67
7425.0,157.75,0.5,8,158.0,157.5,157.5,157.5,158.0,157.5,158.0,158.0
7430.0,157.87,0.33,8,157.67,157.67,157.86,158.0,157.75,158.0,158.0,158.0
7435.0,157.71,0.57,8,157.75,157.5,157.67,157.43,157.67,157.67,158.0,158.0
7440.0,157.91,0.5,8,158.0,158.0,158.0,157.5,157.75,158.0,158.0,158.0
7445.0,157.81,0.75,8,158.0,157.8,157.25,157.75,158.0,158.0,157.67,158.0
7450.0,157.74,1.0,8,158.0,157.33,157.57,157.0,158.0,158.0,158.0,158.0
7455.0,157.67,1.0,8,158.0,157.5,157.0,157.5,157.33,158.0,158.0,158.0
7460.0,157.83,0.5,8,157.5,158.0,158.0,157.75,158.0,157.67,158.0,157.75
7465.0,157.72,0.67,8,158.0,157.67,157.33,157.33,157.75,157.67,158.0,158.0
7470.0,157.77,0.67,8,158.0,158.0,157.33,158.0,157.5,158.0,157.5,157.83
7475.0,157.71,0.67,8,157.67,157.67,157.33,157.5,157.78,157.75,158.0,158.0
7480.0,157.69,0.67,8,157.33,157.75,157.75,157.33,157.67,158.0,157.67,158.0
7485.0,157.8,0.67,8,158.0,157.67,157.67,157.75,157.33,158.0,158.0,158.0
7490.0,157.71,1.0,8,157.0,158.0,158.0,157.5,157.5,158.0,158.0,157.67
7495.0,157.75,0.67,8,157.5,157.33,158.0,157.71,158.0,157.75,157.67,158.0
7500.0,157.79,1.0,8,158.0,158.0,157.0,157.5,157.83,158.0,158.0,158.0
7505.0,157.93,0.33,8,157.75,158.0,157.67,158.0,158.0,158.0,158.0,158.0
7510.0,157.88,0.75,8,158.0,157.25,157.75,158.0,158.0,158.0,158.0,158.0
7515.0,157.52,1.0,8,158.0,157.0,157.0,157.5,157.0,158.0,158.0,157.67
7520.0,157.76,0.67,8,157.33,158.0,157.5,158.0,157.75,158.0,158.0,157.5
7525.0,157.77,0.5,8,157.5,158.0,157.5,157.67,158.0,158.0,158.0,157.5
7530.0,157.74,0.75,8,157.33,157.25,157.67,158.0,157.67,158.0,158.0,158.0
7535.0,157.88,0.5,8,158.0,158.0,157.5,157.5,158.0,158.0,158.0,158.0
7540.0,157.81,0.33,8,157.67,157.71,158.0,157.67,157.75,158.0,158.0,157.67
7545.0,157.78,0.75,8,157.25,157.67,157.67,157.67,158.0,158.0,158.0,158.0
7550.0,157.82,1.0,8,158.0,158.0,157.0,157.6,158.0,158.0,158.0,158.0
7555.0,157.78,0.67,8,158.0,157.75,157.5,157.33,158.0,158.0,158.0,157.67
7560.0,157.68,1.0,8,157.67,157.0,158.0,157.5,158.0,157.5,157.75,158.0
7565.0,157.76,0.67,8,157.33,157.5,157.86,157.75,158.0,158.0,158.0,157.67
7570.0,157.85,0.33,8,158.0,158.0,158.0,157.67,157.67,157.75,157.75,158.0
7575.0,158.0,0.0,8,158.0,158.0,158.0,158.0,158.0,158.0,158.0,158.0
7580.0,157.85,0.5,8,158.0,157.67,157.75,158.0,157.5,157.88,158.0,158.0
7585.0,157.83,0.5,8,157.5,157.67,157.5,158.0,158.0,158.0,158.0,158.0
7590.0,157.75,1.0,8,158.0,157.0,157.67,157.57,158.0,158.0,157.75,158.0
7595.0,157.65,0.5,8,157.67,158.0,157.67,157.5,157.57,157.5,157.67,157.67
7600.0,157.84,0.5,8,157.5,158.0,157.5,158.0,157.71,158.0,158.0,158.0
7605.0,157.85,0.5,8,158.0,157.86,157.67,157.5,157.75,158.0,158.0,158.0
7610.0,157.83,0.67,8,158.0,158.0,157.57,157.33,158.0,158.0,158.0,157.75
7615.0,157.77,1.0,8,158.0,158.0,157.8,157.0,157.33,158.0,158.0,158.0
7620.0,157.89,0.67,8,158.0,157.75,158.0,157.33,158.0,158.0,158.0,158.0
7625.0,157.79,1.0,8,158.0,157.75,158.0,157.75,157.0,158.0,158.0,157.8
7630.0,157.76,0.67,8,157.6,157.5,157.33,157.67,158.0,158.0,158.0,158.0
7635.0,157.93,0.33,8,158.0,157.75,157.67,158.0,158.0,158.0,158.0,158.0
7640.0,157.86,0.5,8,158.0,157.5,157.75,157.67,158.0,158.0,158.0,158.0
7645.0,157.88,0.5,8,157.5,158.0,158.0,157.5,158.0,158.0,158.0,158.0
7650.0,157.91,0.4,8,158.0,157.67,157.6,158.0,158.0,158.0,158.0,158.0
7655.0,157.85,0.5,8,158.0,157.5,158.0,157.83,158.0,157.5,158.0,158.0
7660.0,158.0,0.0,8,158.0,158.0,158.0,158.0,158.0,158.0,158.0,158.0
7665.0,157.77,0.67,8,157.83,157.5,158.0,157.5,158.0,158.0,157.33,158.0
7670.0,157.97,0.25,8,158.0,157.75,158.0,158.0,158.0,158.0,158.0,158.0
7675.0,157.92,0.33,8,158.0,158.0,157.67,158.0,158.0,157.67,158.0,158.0
7680.0,157.81,1.0,8,158.0,157.5,158.0,157.0,158.0,158.0,158.0,158.0
7685.0,157.89,0.67,8,158.0,157.75,158.0,157.33,158.0,158.0,158.0,158.0
7690.0,157.93,0.33,8,158.0,158.0,158.0,157.75,158.0,157.67,158.0,158.0
7695.0,157.83,0.5,8,158.0,157.67,158.0,157.5,157.5,158.0,158.0,158.0
7700.0,157.89,0.33,8,158.0,157.67,157.67,158.0,157.8,158.0,158.0,158.0
7705.0,157.96,0.33,8,158.0,158.0,158.0,158.0,158.0,158.0,157.67,158.0
7710.0,157.81,1.0,8,158.0,158.0,158.0,157.0,157.5,158.0,158.0,158.0
7715.0,157.84,0.5,8,158.0,157.5,157.75,158.0,157.5,158.0,158.0,158.0
7720.0,157.88,0.67,8,158.0,157.33,157.67,158.0,158.0,158.0,158.0,158.0
7725.0,157.94,0.5,8,157.5,158.0,158.0,158.0,158.0,158.0,158.0,158.0
7730.0,157.9,0.33,8,157.8,158.0,157.67,157.75,158.0,158.0,158.0,158.0
7735.0,157.94,0.5,8,158.0,158.0,158.0,157.5,158.0,158.0,158.0,158.0
7740.0,157.85,0.5,8,158.0,157.67,157.67,157.5,158.0,158.0,158.0,158.0
7745.0,157.86,0.5,8,157.75,158.0,157.67,157.5,158.0,158.0,158.0,158.0
7750.0,157.96,0.33,8,158.0,157.67,158.0,158.0,158.0,158.0,158.0,158.0
7755.0,158.0,0.0,8,158.0,158.0,158.0,158.0,158.0,158.0,158.0,158.0
7760.0,157.96,0.33,8,158.0,158.0,157.67,158.0,158.0,158.0,158.0,158.0
7765.0,158.0,0.0,8,158.0,158.0,158.0,158.0,158.0,158.0,158.0,158.0
7770.0,158.0,0.0,8,158.0,158.0,158.0,158.0,158.0,158.0,158.0,158.0
7775.0,158.0,0.0,8,158.0,158.0,158.0,158.0,158.0,158.0,158.0,158.0
7780.0,158.0,0.0,8,158.0,158.0,158.0,158.0,158.0,158.0,158.0,158.0
7785.0,157.94,0.5,8,158.0,158.0,157.5,158.0,158.0,158.0,158.0,158.0
7790.0,158.04,0.33,8,158.0,158.0,158.33,158.0,158.0,158.0,158.0,158.0
7795.0,158.0,0.0,8,158.0,158.0,158.0,158.0,158.0,158.0,158.0,158.0
7800.0,157.94,0.5,8,158.0,158.0,158.0,157.5,158.0,158.0,158.0,158.0
7805.0,158.01,0.58,8,158.0,158.0,158.0,157.75,158.0,158.0,158.33,158.0
7810.0,158.0,0.0,8,158.0,158.0,158.0,158.0,158.0,158.0,158.0,158.0
7815.0,158.0,0.0,8,158.0,158.0,158.0,158.0,158.0,158.0,158.0,158.0
7820.0,158.03,0.2,8,158.0,158.0,158.0,158.0,158.0,158.2,158.0,158.0
7825.0,158.0,0.0,8,158.0,158.0,158.0,158.0,158.0,158.0,158.0,158.0
7830.0,158.0,0.0,8,158.0,158.0,158.0,158.0,158.0,158.0,158.0,158.0
7835.0,158.1,0.33,8,158.33,158.0,158.0,158.0,158.0,158.0,158.25,158.25
7840.0,158.03,0.2,8,158.0,158.0,158.0,158.0,158.2,158.0,158.0,158.0
7845.0,158.0,0.0,8,158.0,158.0,158.0,158.0,158.0,158.0,158.0,158.0
7850.0,158.09,0.5,8,158.0,158.0,158.0,158.0,158.0,158.5,158.0,158.2
7855.0,158.04,0.33,8,158.0,158.0,158.0,158.0,158.0,158.0,158.33,158.0
7860.0,158.06,0.5,8,158.0,158.0,158.0,158.0,158.5,158.0,158.0,158.0
7865.0,158.04,0.33,8,158.0,158.0,158.0,158.0,158.0,158.0,158.33,158.0
7870.0,158.14,0.5,8,158.0,158.0,158.0,158.0,158.0,158.29,158.33,158.5
7875.0,158.02,0.14,8,158.0,158.0,158.0,158.0,158.0,158.0,158.14,158.0
7880.0,158.02,0.14,8,158.0,158.0,158.0,158.0,158.0,158.0,158.14,158.0
7885.0,158.08,0.67,8,158.0,158.0,158.0,158.0,158.0,158.67,158.0,158.0
7890.0,158.08,0.33,8,158.0,158.33,158.0,158.0,158.0,158.0,158.33,158.0
7895.0,158.17,0.5,8,158.5,158.0,158.0,158.0,158.33,158.0,158.0,158.5
7900.0,158.04,0.29,8,158.0,158.0,158.0,158.0,158.0,158.0,158.0,158.29
7905.0,158.13,0.33,8,158.14,158.0,158.0,158.0,158.0,158.25,158.33,158.33
7910.0,158.25,0.5,8,158.0,158.0,158.5,158.0,158.0,158.5,158.5,158.5
7915.0,158.23,0.5,8,158.25,158.0,158.25,158.33,158.14,158.33,158.0,158.5
7920.0,158.15,0.33,8,158.0,158.25,158.0,158.0,158.33,158.29,158.33,158.0
7925.0,158.32,0.67,8,158.33,158.0,158.33,158.0,158.5,158.33,158.38,158.67
7930.0,158.56,1.0,8,158.67,159.0,158.0,158.0,158.5,159.0,159.0,158.33
7935.0,158.54,1.0,8,158.5,158.0,158.0,158.33,158.5,159.0,159.0,159.0
7940.0,158.5,1.0,8,158.0,158.33,158.5,158.5,158.33,159.0,159.0,158.33
7945.0,158.73,1.0,8,159.0,158.5,158.0,158.5,159.0,159.0,158.86,159.0
7950.0,158.62,0.75,8,158.5,158.67,158.25,158.5,158.75,158.67,158.67,159.0
7955.0,158.73,0.67,8,159.0,158.67,158.4,158.67,158.33,159.0,159.0,158.75
7960.0,158.8,1.0,8,159.0,158.0,159.0,158.4,159.0,159.0,159.0,159.0
7965.0,158.89,0.67,8,159.0,159.0,159.0,158.33,159.0,159.0,159.0,158.75
7970.0,158.9,0.33,8,159.0,159.0,158.75,158.75,158.67,159.0,159.0,159.0
7975.0,158.94,0.5,8,159.0,159.0,158.5,159.0,159.0,159.0,159.0,159.0
7980.0,158.88,0.5,8,159.0,158.5,158.56,159.0,159.0,159.0,159.0,159.0
7985.0,159.0,0.0,8,159.0,159.0,159.0,159.0,159.0,159.0,159.0,159.0
7990.0,158.96,0.33,8,159.0,159.0,159.0,158.67,159.0,159.0,159.0,159.0
7995.0,159.0,0.0,8,159.0,159.0,159.0,159.0,159.0,159.0,159.0,159.0
8000.0,158.98,0.5,8,159.0,159.0,159.0,158.67,159.0,159.0,159.17,159.0
8005.0,159.02,0.14,8,159.0,159.0,159.0,159.0,159.0,159.0,159.14,159.0
8010.0,159.0,0.0,8,159.0,159.0,159.0,159.0,159.0,159.0,159.0,159.0
8015.0,159.04,0.33,8,159.0,159.0,159.0,159.0,159.0,159.0,159.0,159.33
8020.0,159.03,0.25,8,159.0,159.0,159.0,159.0,159.0,159.25,159.0,159.0
8025.0,159.12,0.67,8,159.0,159.0,159.0,159.0,159.0,159.33,159.0,159.67
8030.0,159.0,0.0,8,159.0,159.0,159.0,159.0,159.0,159.0,159.0,159.0
8035.0,159.1,0.67,8,159.0,159.0,159.0,159.0,159.0,159.0,159.67,159.14
8040.0,159.06,0.25,8,159.0,159.0,159.0,159.0,159.0,159.25,159.25,159.0
8045.0,159.06,0.5,8,159.5,159.0,159.0,159.0,159.0,159.0,159.0,159.0
8050.0,159.26,0.67,8,159.33,159.0,159.0,159.11,159.0,159.5,159.5,159.67
8055.0,159.28,0.67,8,159.25,159.0,159.0,159.0,159.29,159.33,159.67,159.67
8060.0,159.5,1.0,8,159.5,159.0,159.0,159.0,159.5,160.0,160.0,160.0
8065.0,159.27,0.67,8,159.0,159.14,159.33,159.0,159.0,159.33,159.67,159.67
8070.0,159.31,0.75,8,159.33,159.0,159.0,159.0,159.33,159.33,159.75,159.75
8075.0,159.25,1.0,8,159.0,159.0,159.5,159.0,159.0,159.0,159.5,160.0
8080.0,159.39,0.75,8,159.75,159.25,159.0,159.0,159.67,159.43,159.67,159.33
8085.0,159.41,1.0,8,159.5,159.0,159.0,159.5,159.0,159.5,159.8,160.0
8090.0,159.53,1.0,8,159.67,159.4,159.0,159.25,159.5,159.75,160.0,159.67
8095.0,159.62,1.0,8,159.5,159.5,159.5,159.0,160.0,160.0,159.5,160.0
8100.0,159.59,1.0,8,159.75,159.67,159.0,159.0,159.6,159.67,160.0,160.0
8105.0,159.63,1.0,8,159.67,159.5,159.0,159.33,159.67,159.86,160.0,160.0
8110.0,159.81,0.5,8,160.0,160.0,160.0,159.5,159.5,160.0,159.8,159.67
8115.0,159.7,0.75,8,159.67,159.67,159.29,160.0,159.25,160.0,159.75,160.0
8120.0,159.79,0.67,8,159.75,159.75,159.33,159.5,160.0,160.0,160.0,160.0
8125.0,159.6,1.0,8,160.0,159.5,159.0,159.5,159.67,159.67,160.0,159.5
8130.0,159.81,0.67,8,159.67,160.0,159.33,159.75,159.75,160.0,160.0,160.0
8135.0,159.97,0.2,8,160.0,159.8,160.0,160.0,160.0,160.0,160.0,160.0
8140.0,159.74,0.67,8,159.75,159.67,159.33,159.5,159.67,160.0,160.0,160.0
8145.0,159.94,0.5,8,160.0,160.0,160.0,159.5,160.0,160.0,160.0,160.0
8150.0,159.9,0.5,8,160.0,160.0,159.5,159.67,160.0,160.0,160.0,160.0
8155.0,159.97,0.25,8,160.0,160.0,160.0,159.75,160.0,160.0,160.0,160.0
8160.0,160.0,0.0,8,160.0,160.0,160.0,160.0,160.0,160.0,160.0,160.0
8165.0,159.91,0.5,8,160.0,160.0,159.8,159.5,160.0,160.0,160.0,160.0
8170.0,160.0,0.0,8,160.0,160.0,160.0,160.0,160.0,160.0,160.0,160.0
8175.0,160.0,0.0,8,160.0,160.0,160.0,160.0,160.0,160.0,160.0,160.0
8180.0,160.0,0.0,8,160.0,160.0,160.0,160.0,160.0,160.0,160.0,160.0
8185.0,160.01,0.42,8,160.0,160.0,159.83,160.0,160.0,160.0,160.0,160.25
8190.0,160.06,0.5,8,160.0,160.0,160.0,160.0,160.0,160.0,160.0,160.5
8195.0,160.02,0.14,8,160.0,160.0,160.0,160.0,160.0,160.0,160.14,160.0
8200.0,160.01,0.11,8,160.0,160.0,160.0,160.0,160.0,160.0,160.0,160.11
8205.0,160.0,0.0,8,160.0,160.0,160.0,160.0,160.0,160.0,160.0,160.0
8210.0,160.04,0.33,8,160.33,160.0,160.0,160.0,160.0,160.0,160.0,160.0
8215.0,160.02,0.14,8,160.0,160.0,160.0,160.14,160.0,160.0,160.0,160.0
8220.0,160.0,0.0,8,160.0,160.0,160.0,160.0,160.0,160.0,160.0,160.0
8225.0,160.01,0.1,8,160.0,160.0,160.0,160.0,160.0,160.0,160.1,160.0
8230.0,160.04,0.33,8,160.0,160.0,160.0,160.0,160.0,160.33,160.0,160.0
8235.0,160.06,0.25,8,160.0,160.0,160.0,160.0,160.0,160.25,160.25,160.0
8240.0,160.06,0.5,8,160.0,160.0,160.0,160.0,160.0,160.0,160.5,160.0
8245.0,160.07,0.33,8,160.0,160.0,160.0,160.0,160.0,160.33,160.0,160.25
8250.0,160.09,0.5,8,160.5,160.0,160.0,160.0,160.0,160.2,160.0,160.0
8255.0,160.07,0.33,8,160.0,160.0,160.0,160.0,160.0,160.0,160.25,160.33
8260.0,160.04,0.33,8,160.0,160.0,160.0,160.0,160.0,160.0,160.0,160.33
8265.0,160.0,0.0,8,160.0,160.0,160.0,160.0,160.0,160.0,160.0,160.0
8270.0,160.09,0.33,8,160.0,160.25,160.0,160.0,160.33,160.0,160.0,160.11
8275.0,160.07,0.33,8,160.0,160.33,160.0,160.0,160.0,160.0,160.25,160.0
8280.0,160.12,0.5,8,160.0,160.0,160.0,160.0,160.0,160.25,160.25,160.5
8285.0,160.08,0.33,8,160.0,160.0,160.0,160.0,160.33,160.0,160.33,160.0
8290.0,160.0,0.0,8,160.0,160.0,160.0,160.0,160.0,160.0,160.0,160.0
8295.0,160.04,0.33,8,160.0,160.0,160.0,160.0,160.0,160.0,160.33,160.0
8300.0,160.19,0.5,8,160.0,160.0,160.0,160.0,160.0,160.5,160.5,160.5
8305.0,160.15,0.5,8,160.0,160.0,160.0,160.0,160.0,160.33,160.33,160.5
8310.0,160.03,0.25,8,160.0,160.0,160.0,160.0,160.0,160.0,160.0,160.25
8315.0,160.12,0.5,8,160.0,160.0,160.0,160.0,160.0,160.5,160.0,160.5
8320.0,160.08,0.33,8,160.0,160.0,160.0,160.0,160.0,160.0,160.29,160.33
8325.0,160.16,0.75,8,160.0,160.0,160.0,160.0,160.0,160.75,160.33,160.17
