stage,expo_us,delay_us,position,t_us,mean,sd,n,ref,lit
coarse,100.125,0.0,0,0.0,153.12,0.33,8,164.57,0
coarse,100.125,0.0,1,8335.09,529.43,0.49,7,164.57,1
coarse,100.125,0.0,2,16670.18,874.71,1.03,7,164.57,1
coarse,100.125,0.0,3,25005.27,164.57,0.49,7,164.57,0
coarse,100.125,0.0,4,33340.36,155.29,0.45,7,164.57,0
coarse,100.125,100.0,0,100.0,153.12,0.33,8,165.0,0
coarse,100.125,100.0,1,8435.09,612.12,0.93,8,165.0,1
coarse,100.125,100.0,2,16770.18,785.75,0.83,8,165.0,1
coarse,100.125,100.0,3,25105.27,165.0,0.0,8,165.0,0
coarse,100.125,100.0,4,33440.36,155.71,0.45,7,165.0,0
coarse,100.125,200.0,0,200.0,153.12,0.33,8,164.86,0
coarse,100.125,200.0,1,8535.09,698.0,0.53,7,164.86,1
coarse,100.125,200.0,2,16870.18,699.29,0.45,7,164.86,1
coarse,100.125,200.0,3,25205.27,164.86,0.35,7,164.86,0
coarse,100.125,200.0,4,33540.36,155.86,0.35,7,164.86,0
coarse,100.125,300.0,0,300.0,154.12,0.33,8,166.0,0
coarse,100.125,300.0,1,8635.09,714.5,0.5,8,166.0,1
coarse,100.125,300.0,2,16970.18,683.75,0.66,8,166.0,1
coarse,100.125,300.0,3,25305.27,166.0,0.0,8,166.0,0
coarse,100.125,300.0,4,33640.36,156.71,0.45,7,166.0,0
coarse,100.125,400.0,0,400.0,164.0,0.0,8,176.38,0
coarse,100.125,400.0,1,8735.09,710.62,0.48,8,176.38,1
coarse,100.125,400.0,2,17070.18,682.62,0.48,8,176.38,1
coarse,100.125,400.0,3,25405.27,176.38,0.48,8,176.38,0
coarse,100.125,400.0,4,33740.36,166.75,0.43,8,176.38,0
coarse,100.125,500.0,0,500.0,220.5,3.43,8,233.71,0
coarse,100.125,500.0,1,8835.09,1006.12,7.37,8,233.71,1
coarse,100.125,500.0,2,17170.18,665.88,1.54,8,233.71,1
coarse,100.125,500.0,3,25505.27,233.71,1.75,7,233.71,0
coarse,100.125,500.0,4,33840.36,224.43,2.5,7,233.71,0
coarse,100.125,600.0,0,600.0,466.62,0.48,8,475.62,0
coarse,100.125,600.0,1,8935.09,1023.0,0.0,8,475.62,1
coarse,100.125,600.0,2,17270.18,685.25,1.39,8,475.62,1
coarse,100.125,600.0,3,25605.27,475.62,0.48,8,475.62,0
coarse,100.125,600.0,4,33940.36,468.12,0.6,8,475.62,0
coarse,100.125,700.0,0,700.0,465.0,0.5,8,473.88,0
coarse,100.125,700.0,1,9035.09,1023.0,0.0,8,473.88,1
coarse,100.125,700.0,2,17370.18,685.62,1.11,8,473.88,1
coarse,100.125,700.0,3,25705.27,473.88,0.6,8,473.88,0
coarse,100.125,700.0,4,34040.36,466.38,0.48,8,473.88,0
coarse,100.125,800.0,0,800.0,464.12,0.33,8,472.71,0
coarse,100.125,800.0,1,9135.09,1023.0,0.0,8,472.71,1
coarse,100.125,800.0,2,17470.18,668.86,0.35,7,472.71,0
coarse,100.125,800.0,3,25805.27,472.71,0.45,7,472.71,0
coarse,100.125,800.0,4,34140.36,465.29,0.7,7,472.71,0
coarse,100.125,900.0,0,900.0,463.12,0.6,8,471.86,0
coarse,100.125,900.0,1,9235.09,948.62,2.96,8,471.86,1
coarse,100.125,900.0,2,17570.18,640.75,0.66,8,471.86,0
coarse,100.125,900.0,3,25905.27,471.86,0.64,7,471.86,0
coarse,100.125,900.0,4,34240.36,464.43,0.49,7,471.86,0
coarse,100.125,1000.0,0,1000.0,462.38,0.48,8,471.14,0
coarse,100.125,1000.0,1,9335.09,924.0,0.5,8,471.14,1
coarse,100.125,1000.0,2,17670.18,605.62,0.48,8,471.14,0
coarse,100.125,1000.0,3,26005.27,471.14,0.35,7,471.14,0
coarse,100.125,1000.0,4,34340.36,464.0,0.53,7,471.14,0
coarse,100.125,1100.0,0,1100.0,410.62,0.99,8,420.29,0
coarse,100.125,1100.0,1,9435.09,901.0,0.87,8,420.29,1
coarse,100.125,1100.0,2,17770.18,572.5,0.87,8,420.29,0
coarse,100.125,1100.0,3,26105.27,420.29,1.98,7,420.29,0
coarse,100.125,1100.0,4,34440.36,412.86,1.64,7,420.29,0
coarse,100.125,1200.0,0,1200.0,350.25,0.43,8,359.57,0
coarse,100.125,1200.0,1,9535.09,860.25,0.43,8,359.57,1
coarse,100.125,1200.0,2,17870.18,565.5,0.5,8,359.57,1
coarse,100.125,1200.0,3,26205.27,359.57,0.49,7,359.57,0
coarse,100.125,1200.0,4,34540.36,351.57,0.49,7,359.57,0
coarse,100.125,1300.0,0,1300.0,349.0,0.0,8,359.0,0
coarse,100.125,1300.0,1,9635.09,873.57,0.73,7,359.0,1
coarse,100.125,1300.0,2,17970.18,553.71,0.45,7,359.0,0
coarse,100.125,1300.0,3,26305.27,359.0,0.0,7,359.0,0
coarse,100.125,1300.0,4,34640.36,350.57,0.49,7,359.0,0
coarse,100.125,1400.0,0,1400.0,349.12,0.33,8,358.38,0
coarse,100.125,1400.0,1,9735.09,1023.0,0.0,8,358.38,1
coarse,100.125,1400.0,2,18070.18,519.25,0.43,8,358.38,0
coarse,100.125,1400.0,3,26405.27,358.38,0.48,8,358.38,0
coarse,100.125,1400.0,4,34740.36,350.75,0.43,8,358.38,0
coarse,100.125,1500.0,0,1500.0,348.25,0.43,8,357.86,0
coarse,100.125,1500.0,1,9835.09,1023.0,0.0,8,357.86,1
coarse,100.125,1500.0,2,18170.18,504.29,0.45,7,357.86,0
coarse,100.125,1500.0,3,26505.27,357.86,0.35,7,357.86,0
coarse,100.125,1500.0,4,34840.36,350.0,0.0,7,357.86,0
coarse,100.125,1600.0,0,1600.0,348.12,0.33,8,357.38,0
coarse,100.125,1600.0,1,9935.09,990.88,3.48,8,357.38,1
coarse,100.125,1600.0,2,18270.18,506.0,0.71,8,357.38,0
coarse,100.125,1600.0,3,26605.27,357.38,0.48,8,357.38,0
coarse,100.125,1600.0,4,34940.36,349.75,0.43,8,357.38,0
coarse,100.125,1700.0,0,1700.0,348.12,0.33,8,357.38,0
coarse,100.125,1700.0,1,10035.09,1023.0,0.0,8,357.38,1
coarse,100.125,1700.0,2,18370.18,480.5,0.71,8,357.38,0
coarse,100.125,1700.0,3,26705.27,357.38,0.48,8,357.38,0
coarse,100.125,1700.0,4,35040.36,349.43,0.49,7,357.38,0
coarse,100.125,1800.0,0,1800.0,347.88,0.33,8,357.0,0
coarse,100.125,1800.0,1,10135.09,1023.0,0.0,8,357.0,1
coarse,100.125,1800.0,2,18470.18,467.25,0.43,8,357.0,0
coarse,100.125,1800.0,3,26805.27,357.0,0.0,7,357.0,0
coarse,100.125,1800.0,4,35140.36,349.0,0.0,7,357.0,0
coarse,100.125,1900.0,0,1900.0,347.5,0.71,8,356.57,0
coarse,100.125,1900.0,1,10235.09,1023.0,0.0,7,356.57,1
coarse,100.125,1900.0,2,18570.18,455.14,0.64,7,356.57,0
coarse,100.125,1900.0,3,26905.27,356.57,0.73,7,356.57,0
coarse,100.125,1900.0,4,35240.36,349.0,0.76,7,356.57,0
coarse,100.125,2000.0,0,2000.0,163.88,1.17,8,173.38,0
coarse,100.125,2000.0,1,10335.09,1023.0,0.0,8,173.38,1
coarse,100.125,2000.0,2,18670.18,397.62,0.86,8,173.38,1
coarse,100.125,2000.0,3,27005.27,173.38,1.65,8,173.38,0
coarse,100.125,2000.0,4,35340.36,165.5,2.0,8,173.38,0
coarse,100.125,2100.0,0,2100.0,226.25,2.59,8,236.75,0
coarse,100.125,2100.0,1,10435.09,1023.0,0.0,8,236.75,1
coarse,100.125,2100.0,2,18770.18,417.5,1.32,8,236.75,0
coarse,100.125,2100.0,3,27105.27,236.75,2.63,8,236.75,0
coarse,100.125,2100.0,4,35440.36,228.14,2.53,7,236.75,0
coarse,100.125,2200.0,0,2200.0,465.0,0.5,8,473.38,0
coarse,100.125,2200.0,1,10535.09,1023.0,0.0,8,473.38,1
coarse,100.125,2200.0,2,18870.18,534.12,0.33,8,473.38,0
coarse,100.125,2200.0,3,27205.27,473.38,0.48,8,473.38,0
coarse,100.125,2200.0,4,35540.36,466.57,0.49,7,473.38,0
coarse,100.125,2300.0,0,2300.0,464.12,0.33,8,471.86,0
coarse,100.125,2300.0,1,10635.09,1023.0,0.0,8,471.86,1
coarse,100.125,2300.0,2,18970.18,532.75,0.43,8,471.86,0
coarse,100.125,2300.0,3,27305.27,471.86,0.35,7,471.86,0
coarse,100.125,2300.0,4,35640.36,465.0,0.0,7,471.86,0
coarse,100.125,2400.0,0,2400.0,463.0,0.0,8,470.88,0
coarse,100.125,2400.0,1,10735.09,1023.0,0.0,8,470.88,1
coarse,100.125,2400.0,2,19070.18,532.0,0.5,8,470.88,0
coarse,100.125,2400.0,3,27405.27,470.88,0.33,8,470.88,0
coarse,100.125,2400.0,4,35740.36,464.0,0.0,8,470.88,0
coarse,100.125,2500.0,0,2500.0,462.25,0.66,8,470.0,0
coarse,100.125,2500.0,1,10835.09,1023.0,0.0,8,470.0,1
coarse,100.125,2500.0,2,19170.18,530.5,0.71,8,470.0,0
coarse,100.125,2500.0,3,27505.27,470.0,0.5,8,470.0,0
coarse,100.125,2500.0,4,35840.36,463.5,0.5,8,470.0,0
coarse,100.125,2600.0,0,2600.0,461.38,0.48,8,469.12,0
coarse,100.125,2600.0,1,10935.09,967.0,0.5,8,469.12,1
coarse,100.125,2600.0,2,19270.18,534.62,0.48,8,469.12,0
coarse,100.125,2600.0,3,27605.27,469.12,0.33,8,469.12,0
coarse,100.125,2600.0,4,35940.36,462.43,0.49,7,469.12,0
coarse,100.125,2700.0,0,2700.0,403.38,2.5,8,410.88,0
coarse,100.125,2700.0,1,11035.09,1023.0,0.0,8,410.88,1
coarse,100.125,2700.0,2,19370.18,482.5,1.22,8,410.88,0
coarse,100.125,2700.0,3,27705.27,410.88,1.76,8,410.88,0
coarse,100.125,2700.0,4,36040.36,404.5,2.78,8,410.88,0
coarse,100.125,2800.0,0,2800.0,370.75,0.83,8,378.12,0
coarse,100.125,2800.0,1,11135.09,1023.0,0.0,8,378.12,1
coarse,100.125,2800.0,2,19470.18,443.88,0.6,8,378.12,0
coarse,100.125,2800.0,3,27805.27,378.12,1.27,8,378.12,0
coarse,100.125,2800.0,4,36140.36,371.62,1.11,8,378.12,0
coarse,100.125,2900.0,0,2900.0,370.38,0.7,8,378.38,0
coarse,100.125,2900.0,1,11235.09,1023.0,0.0,8,378.38,1
coarse,100.125,2900.0,2,19570.18,430.0,0.5,8,378.38,0
coarse,100.125,2900.0,3,27905.27,378.38,0.48,8,378.38,0
coarse,100.125,2900.0,4,36240.36,371.14,0.83,7,378.38,0
coarse,100.125,3000.0,0,3000.0,370.88,0.6,8,378.43,0
coarse,100.125,3000.0,1,11335.09,1023.0,0.0,8,378.43,1
coarse,100.125,3000.0,2,19670.18,424.62,0.48,8,378.43,0
coarse,100.125,3000.0,3,28005.27,378.43,0.49,7,378.43,0
coarse,100.125,3000.0,4,36340.36,372.29,0.7,7,378.43,0
coarse,100.125,3100.0,0,3100.0,371.38,0.48,8,378.71,0
coarse,100.125,3100.0,1,11435.09,1023.0,0.0,8,378.71,1
coarse,100.125,3100.0,2,19770.18,424.25,0.43,8,378.71,0
coarse,100.125,3100.0,3,28105.27,378.71,0.45,7,378.71,0
coarse,100.125,3100.0,4,36440.36,372.14,0.35,7,378.71,0
coarse,100.125,3200.0,0,3200.0,371.0,0.0,8,378.62,0
coarse,100.125,3200.0,1,11535.09,1004.38,0.48,8,378.62,1
coarse,100.125,3200.0,2,19870.18,429.38,0.48,8,378.62,0
coarse,100.125,3200.0,3,28205.27,378.62,0.48,8,378.62,0
coarse,100.125,3200.0,4,36540.36,372.57,0.49,7,378.62,0
coarse,100.125,3300.0,0,3300.0,365.88,1.9,8,372.86,0
coarse,100.125,3300.0,1,11635.09,1023.0,0.0,8,372.86,1
coarse,100.125,3300.0,2,19970.18,421.0,1.0,8,372.86,0
coarse,100.125,3300.0,3,28305.27,372.86,0.99,7,372.86,0
coarse,100.125,3300.0,4,36640.36,367.14,1.36,7,372.86,0
coarse,100.125,3400.0,0,3400.0,157.88,0.78,8,169.43,0
coarse,100.125,3400.0,1,11735.09,1023.0,0.0,8,169.43,1
coarse,100.125,3400.0,2,20070.18,287.43,1.18,7,169.43,0
coarse,100.125,3400.0,3,28405.27,169.43,0.9,7,169.43,0
coarse,100.125,3400.0,4,36740.36,160.14,0.64,7,169.43,0
coarse,100.125,3500.0,0,3500.0,245.88,2.2,8,253.14,0
coarse,100.125,3500.0,1,11835.09,1020.0,0.0,8,253.14,1
coarse,100.125,3500.0,2,20170.18,302.62,1.22,8,253.14,0
coarse,100.125,3500.0,3,28505.27,253.14,2.23,7,253.14,0
coarse,100.125,3500.0,4,36840.36,246.14,2.42,7,253.14,0
coarse,100.125,3600.0,0,3600.0,464.62,0.48,8,469.14,0
coarse,100.125,3600.0,1,11935.09,1023.0,0.0,8,469.14,1
coarse,100.125,3600.0,2,20270.18,487.62,0.48,8,469.14,0
coarse,100.125,3600.0,3,28605.27,469.14,0.64,7,469.14,0
coarse,100.125,3600.0,4,36940.36,465.29,0.45,7,469.14,0
coarse,100.125,3700.0,0,3700.0,463.75,0.43,8,465.14,0
coarse,100.125,3700.0,1,12035.09,1023.0,0.0,8,465.14,1
coarse,100.125,3700.0,2,20370.18,475.14,0.35,7,465.14,0
coarse,100.125,3700.0,3,28705.27,465.14,0.64,7,465.14,0
coarse,100.125,3700.0,4,37040.36,463.86,0.35,7,465.14,0
coarse,100.125,3800.0,0,3800.0,462.0,0.5,8,463.57,0
coarse,100.125,3800.0,1,12135.09,1023.0,0.0,8,463.57,1
coarse,100.125,3800.0,2,20470.18,468.38,0.48,8,463.57,0
coarse,100.125,3800.0,3,28805.27,463.57,0.49,7,463.57,0
coarse,100.125,3800.0,4,37140.36,462.43,0.49,7,463.57,0
coarse,100.125,3900.0,0,3900.0,461.5,0.5,8,462.5,0
coarse,100.125,3900.0,1,12235.09,1023.0,0.0,8,462.5,1
coarse,100.125,3900.0,2,20570.18,467.75,0.66,8,462.5,0
coarse,100.125,3900.0,3,28905.27,462.5,0.5,8,462.5,0
coarse,100.125,3900.0,4,37240.36,461.71,0.45,7,462.5,0
coarse,100.125,4000.0,0,4000.0,174.75,2.28,8,177.38,0
coarse,100.125,4000.0,1,12335.09,1023.0,0.0,8,177.38,1
coarse,100.125,4000.0,2,20670.18,180.88,2.42,8,177.38,0
coarse,100.125,4000.0,3,29005.27,177.38,2.18,8,177.38,0
coarse,100.125,4000.0,4,37340.36,174.62,1.87,8,177.38,0
coarse,100.125,4100.0,0,4100.0,184.25,1.48,8,184.29,0
coarse,100.125,4100.0,1,12435.09,1023.0,0.0,7,184.29,1
coarse,100.125,4100.0,2,20770.18,186.71,1.03,7,184.29,0
coarse,100.125,4100.0,3,29105.27,184.29,1.16,7,184.29,0
coarse,100.125,4100.0,4,37440.36,184.29,1.03,7,184.29,0
coarse,100.125,4200.0,0,4200.0,348.38,0.48,8,349.43,0
coarse,100.125,4200.0,1,12535.09,1023.0,0.0,8,349.43,1
coarse,100.125,4200.0,2,20870.18,354.71,0.7,7,349.43,0
coarse,100.125,4200.0,3,29205.27,349.43,0.49,7,349.43,0
coarse,100.125,4200.0,4,37540.36,348.14,0.35,7,349.43,0
coarse,100.125,4300.0,0,4300.0,348.62,0.48,8,349.86,0
coarse,100.125,4300.0,1,12635.09,1023.0,0.0,8,349.86,1
coarse,100.125,4300.0,2,20970.18,355.0,0.0,8,349.86,0
coarse,100.125,4300.0,3,29305.27,349.86,0.35,7,349.86,0
coarse,100.125,4300.0,4,37640.36,348.86,0.35,7,349.86,0
coarse,100.125,4400.0,0,4400.0,348.25,0.43,8,349.62,0
coarse,100.125,4400.0,1,12735.09,1023.0,0.0,8,349.62,1
coarse,100.125,4400.0,2,21070.18,354.75,0.43,8,349.62,0
coarse,100.125,4400.0,3,29405.27,349.62,0.48,8,349.62,0
coarse,100.125,4400.0,4,37740.36,348.57,0.49,7,349.62,0
coarse,100.125,4500.0,0,4500.0,347.88,0.33,8,349.0,0
coarse,100.125,4500.0,1,12835.09,1023.0,0.0,8,349.0,1
coarse,100.125,4500.0,2,21170.18,354.25,0.43,8,349.0,0
coarse,100.125,4500.0,3,29505.27,349.0,0.0,8,349.0,0
coarse,100.125,4500.0,4,37840.36,348.38,0.48,8,349.0,0
coarse,100.125,4600.0,0,4600.0,347.62,0.48,8,348.62,0
coarse,100.125,4600.0,1,12935.09,1023.0,0.0,8,348.62,1
coarse,100.125,4600.0,2,21270.18,353.62,0.48,8,348.62,0
coarse,100.125,4600.0,3,29605.27,348.62,0.48,8,348.62,0
coarse,100.125,4600.0,4,37940.36,348.0,0.0,8,348.62,0
coarse,100.125,4700.0,0,4700.0,347.38,0.48,8,348.29,0
coarse,100.125,4700.0,1,13035.09,1023.0,0.0,8,348.29,1
coarse,100.125,4700.0,2,21370.18,353.62,0.48,8,348.29,0
coarse,100.125,4700.0,3,29705.27,348.29,0.45,7,348.29,0
coarse,100.125,4700.0,4,38040.36,347.43,0.49,7,348.29,0
coarse,100.125,4800.0,0,4800.0,347.38,0.48,8,348.38,0
coarse,100.125,4800.0,1,13135.09,1023.0,0.0,8,348.38,1
coarse,100.125,4800.0,2,21470.18,353.62,0.48,8,348.38,0
coarse,100.125,4800.0,3,29805.27,348.38,0.48,8,348.38,0
coarse,100.125,4800.0,4,38140.36,347.57,0.49,7,348.38,0
coarse,100.125,4900.0,0,4900.0,347.38,0.48,8,348.57,0
coarse,100.125,4900.0,1,13235.09,1023.0,0.0,7,348.57,1
coarse,100.125,4900.0,2,21570.18,353.57,0.49,7,348.57,0
coarse,100.125,4900.0,3,29905.27,348.57,0.49,7,348.57,0
coarse,100.125,4900.0,4,38240.36,347.43,0.49,7,348.57,0
coarse,100.125,5000.0,0,5000.0,347.0,0.0,8,348.29,0
coarse,100.125,5000.0,1,13335.09,1023.0,0.0,8,348.29,1
coarse,100.125,5000.0,2,21670.18,354.86,0.35,7,348.29,0
coarse,100.125,5000.0,3,30005.27,348.29,0.45,7,348.29,0
coarse,100.125,5000.0,4,38340.36,347.0,0.0,7,348.29,0
coarse,100.125,5100.0,0,5100.0,346.88,0.33,8,348.14,0
coarse,100.125,5100.0,1,13435.09,1023.0,0.0,8,348.14,1
coarse,100.125,5100.0,2,21770.18,354.75,0.43,8,348.14,0
coarse,100.125,5100.0,3,30105.27,348.14,0.35,7,348.14,0
coarse,100.125,5100.0,4,38440.36,347.0,0.0,7,348.14,0
coarse,100.125,5200.0,0,5200.0,401.12,1.96,8,402.43,0
coarse,100.125,5200.0,1,13535.09,1023.0,0.0,8,402.43,1
coarse,100.125,5200.0,2,21870.18,408.57,1.18,7,402.43,0
coarse,100.125,5200.0,3,30205.27,402.43,1.76,7,402.43,0
coarse,100.125,5200.0,4,38540.36,401.29,1.83,7,402.43,0
coarse,100.125,5300.0,0,5300.0,465.0,0.71,8,466.25,0
coarse,100.125,5300.0,1,13635.09,1023.0,0.0,8,466.25,1
coarse,100.125,5300.0,2,21970.18,473.38,0.48,8,466.25,0
coarse,100.125,5300.0,3,30305.27,466.25,0.43,8,466.25,0
coarse,100.125,5300.0,4,38640.36,465.62,0.48,8,466.25,0
coarse,100.125,5400.0,0,5400.0,463.38,0.7,8,464.57,0
coarse,100.125,5400.0,1,13735.09,1023.0,0.0,7,464.57,1
coarse,100.125,5400.0,2,22070.18,471.14,0.35,7,464.57,0
coarse,100.125,5400.0,3,30405.27,464.57,0.49,7,464.57,0
coarse,100.125,5400.0,4,38740.36,463.29,0.45,7,464.57,0
coarse,100.125,5500.0,0,5500.0,461.75,0.43,8,463.38,0
coarse,100.125,5500.0,1,13835.09,1023.0,0.0,8,463.38,1
coarse,100.125,5500.0,2,22170.18,470.0,0.0,8,463.38,0
coarse,100.125,5500.0,3,30505.27,463.38,0.48,8,463.38,0
coarse,100.125,5500.0,4,38840.36,462.29,0.45,7,463.38,0
coarse,100.125,5600.0,0,5600.0,461.5,0.71,8,462.29,0
coarse,100.125,5600.0,1,13935.09,1023.0,0.0,8,462.29,1
coarse,100.125,5600.0,2,22270.18,467.86,0.64,7,462.29,0
coarse,100.125,5600.0,3,30605.27,462.29,0.45,7,462.29,0
coarse,100.125,5600.0,4,38940.36,461.43,0.49,7,462.29,0
coarse,100.125,5700.0,0,5700.0,460.25,0.43,8,461.5,0
coarse,100.125,5700.0,1,14035.09,1023.0,0.0,8,461.5,1
coarse,100.125,5700.0,2,22370.18,466.62,0.48,8,461.5,0
coarse,100.125,5700.0,3,30705.27,461.5,0.5,8,461.5,0
coarse,100.125,5700.0,4,39040.36,460.14,0.35,7,461.5,0
coarse,100.125,5800.0,0,5800.0,441.12,1.69,8,442.14,0
coarse,100.125,5800.0,1,14135.09,1023.0,0.0,8,442.14,1
coarse,100.125,5800.0,2,22470.18,446.86,2.03,7,442.14,0
coarse,100.125,5800.0,3,30805.27,442.14,1.46,7,442.14,0
coarse,100.125,5800.0,4,39140.36,440.29,1.75,7,442.14,0
coarse,100.125,5900.0,0,5900.0,371.62,0.48,8,373.71,0
coarse,100.125,5900.0,1,14235.09,1023.0,0.0,8,373.71,1
coarse,100.125,5900.0,2,22570.18,380.5,1.12,8,373.71,0
coarse,100.125,5900.0,3,30905.27,373.71,1.28,7,373.71,0
coarse,100.125,5900.0,4,39240.36,371.86,0.83,7,373.71,0
coarse,100.125,6000.0,0,6000.0,376.75,0.66,8,376.75,0
coarse,100.125,6000.0,1,14335.09,1023.0,0.0,8,376.75,1
coarse,100.125,6000.0,2,22670.18,377.88,0.33,8,376.75,0
coarse,100.125,6000.0,3,31005.27,371.0,0.71,8,376.75,0
coarse,100.125,6000.0,4,39340.36,369.62,0.7,8,376.75,0
coarse,100.125,6100.0,0,6100.0,405.75,0.66,8,378.25,0
coarse,100.125,6100.0,1,14435.09,1023.0,0.0,8,378.25,1
coarse,100.125,6100.0,2,22770.18,378.25,0.43,8,378.25,0
coarse,100.125,6100.0,3,31105.27,371.5,0.5,8,378.25,0
coarse,100.125,6100.0,4,39440.36,370.25,0.43,8,378.25,0
coarse,100.125,6200.0,0,6200.0,434.62,0.48,8,378.25,0
coarse,100.125,6200.0,1,14535.09,1023.0,0.0,8,378.25,1
coarse,100.125,6200.0,2,22870.18,378.25,0.66,8,378.25,0
coarse,100.125,6200.0,3,31205.27,371.43,0.49,7,378.25,0
coarse,100.125,6200.0,4,39540.36,370.57,0.49,7,378.25,0
coarse,100.125,6300.0,0,6300.0,450.88,0.33,8,377.25,0
coarse,100.125,6300.0,1,14635.09,1023.0,0.0,8,377.25,1
coarse,100.125,6300.0,2,22970.18,377.25,0.43,8,377.25,0
coarse,100.125,6300.0,3,31305.27,371.75,0.43,8,377.25,0
coarse,100.125,6300.0,4,39640.36,370.62,0.48,8,377.25,0
coarse,100.125,6400.0,0,6400.0,450.75,0.43,8,376.75,0
coarse,100.125,6400.0,1,14735.09,1023.0,0.0,8,376.75,1
coarse,100.125,6400.0,2,23070.18,376.75,0.43,8,376.75,0
coarse,100.125,6400.0,3,31405.27,371.43,0.49,7,376.75,0
coarse,100.125,6400.0,4,39740.36,370.43,0.49,7,376.75,0
coarse,100.125,6500.0,0,6500.0,450.75,0.43,8,376.57,0
coarse,100.125,6500.0,1,14835.09,1023.0,0.0,7,376.57,1
coarse,100.125,6500.0,2,23170.18,376.57,0.49,7,376.57,0
coarse,100.125,6500.0,3,31505.27,371.0,0.0,7,376.57,0
coarse,100.125,6500.0,4,39840.36,370.14,0.35,7,376.57,0
coarse,100.125,6600.0,0,6600.0,422.38,2.23,8,348.14,0
coarse,100.125,6600.0,1,14935.09,1023.0,0.0,7,348.14,1
coarse,100.125,6600.0,2,23270.18,348.14,1.73,7,348.14,0
coarse,100.125,6600.0,3,31605.27,341.29,1.16,7,348.14,0
coarse,100.125,6600.0,4,39940.36,341.43,1.99,7,348.14,0
coarse,100.125,6700.0,0,6700.0,240.0,0.0,8,155.75,0
coarse,100.125,6700.0,1,15035.09,1023.0,0.0,8,155.75,1
coarse,100.125,6700.0,2,23370.18,155.75,0.43,8,155.75,0
coarse,100.125,6700.0,3,31705.27,153.12,0.33,8,155.75,0
coarse,100.125,6700.0,4,40040.36,153.0,0.0,8,155.75,0
coarse,100.125,6800.0,0,6800.0,239.5,0.5,8,156.75,0
coarse,100.125,6800.0,1,15135.09,1023.0,0.0,8,156.75,1
coarse,100.125,6800.0,2,23470.18,156.75,0.43,8,156.75,0
coarse,100.125,6800.0,3,31805.27,153.0,0.0,8,156.75,0
coarse,100.125,6800.0,4,40140.36,152.0,0.0,8,156.75,0
coarse,100.125,6900.0,0,6900.0,240.88,0.33,8,157.29,0
coarse,100.125,6900.0,1,15235.09,1023.0,0.0,8,157.29,1
coarse,100.125,6900.0,2,23570.18,157.29,0.45,7,157.29,0
coarse,100.125,6900.0,3,31905.27,153.0,0.0,7,157.29,0
coarse,100.125,6900.0,4,40240.36,152.0,0.0,7,157.29,0
coarse,100.125,7000.0,0,7000.0,243.0,0.0,8,158.25,0
coarse,100.125,7000.0,1,15335.09,1023.0,0.0,8,158.25,1
coarse,100.125,7000.0,2,23670.18,158.25,0.43,8,158.25,0
coarse,100.125,7000.0,3,32005.27,153.5,0.5,8,158.25,0
coarse,100.125,7000.0,4,40340.36,152.12,0.33,8,158.25,0
coarse,100.125,7100.0,0,7100.0,243.62,0.48,8,159.0,0
coarse,100.125,7100.0,1,15435.09,1023.0,0.0,8,159.0,1
coarse,100.125,7100.0,2,23770.18,159.0,0.0,8,159.0,0
coarse,100.125,7100.0,3,32105.27,153.86,0.35,7,159.0,0
coarse,100.125,7100.0,4,40440.36,152.29,0.45,7,159.0,0
coarse,100.125,7200.0,0,7200.0,253.12,0.33,8,160.0,0
coarse,100.125,7200.0,1,15535.09,1023.0,0.0,8,160.0,1
coarse,100.125,7200.0,2,23870.18,160.0,0.0,8,160.0,0
coarse,100.125,7200.0,3,32205.27,153.88,0.33,8,160.0,0
coarse,100.125,7200.0,4,40540.36,152.14,0.35,7,160.0,0
coarse,100.125,7300.0,0,7300.0,268.5,0.5,8,160.57,0
coarse,100.125,7300.0,1,15635.09,1023.0,0.0,8,160.57,1
coarse,100.125,7300.0,2,23970.18,160.57,0.49,7,160.57,0
coarse,100.125,7300.0,3,32305.27,154.0,0.0,7,160.57,0
coarse,100.125,7300.0,4,40640.36,152.29,0.45,7,160.57,0
coarse,100.125,7400.0,0,7400.0,282.88,0.33,8,161.0,0
coarse,100.125,7400.0,1,15735.09,1022.88,0.33,8,161.0,1
coarse,100.125,7400.0,2,24070.18,161.0,0.0,7,161.0,0
coarse,100.125,7400.0,3,32405.27,154.0,0.0,7,161.0,0
coarse,100.125,7400.0,4,40740.36,152.57,0.49,7,161.0,0
coarse,100.125,7500.0,0,7500.0,284.62,0.48,8,161.88,0
coarse,100.125,7500.0,1,15835.09,1022.62,0.48,8,161.88,1
coarse,100.125,7500.0,2,24170.18,161.88,0.33,8,161.88,0
coarse,100.125,7500.0,3,32505.27,154.25,0.43,8,161.88,0
coarse,100.125,7500.0,4,40840.36,152.62,0.48,8,161.88,0
coarse,100.125,7600.0,0,7600.0,294.0,0.0,8,162.0,0
coarse,100.125,7600.0,1,15935.09,1022.62,0.48,8,162.0,1
coarse,100.125,7600.0,2,24270.18,162.0,0.0,8,162.0,0
coarse,100.125,7600.0,3,32605.27,154.5,0.5,8,162.0,0
coarse,100.125,7600.0,4,40940.36,152.86,0.35,7,162.0,0
coarse,100.125,7700.0,0,7700.0,324.75,0.43,8,162.71,0
coarse,100.125,7700.0,1,16035.09,1022.0,0.0,8,162.71,1
coarse,100.125,7700.0,2,24370.18,162.71,0.45,7,162.71,0
coarse,100.125,7700.0,3,32705.27,154.57,0.49,7,162.71,0
coarse,100.125,7700.0,4,41040.36,152.86,0.35,7,162.71,0
coarse,100.125,7800.0,0,7800.0,356.25,0.43,8,163.0,0
coarse,100.125,7800.0,1,16135.09,1021.0,0.0,7,163.0,1
coarse,100.125,7800.0,2,24470.18,163.0,0.0,7,163.0,0
coarse,100.125,7800.0,3,32805.27,154.86,0.35,7,163.0,0
coarse,100.125,7800.0,4,41140.36,153.0,0.0,7,163.0,0
coarse,100.125,7900.0,0,7900.0,387.88,0.6,8,163.25,1
coarse,100.125,7900.0,1,16235.09,1015.25,0.43,8,163.25,1
coarse,100.125,7900.0,2,24570.18,163.25,0.43,8,163.25,0
coarse,100.125,7900.0,3,32905.27,155.0,0.0,8,163.25,0
coarse,100.125,7900.0,4,41240.36,153.0,0.0,8,163.25,0
coarse,100.125,8000.0,0,8000.0,397.12,0.33,8,163.62,1
coarse,100.125,8000.0,1,16335.09,1011.75,0.43,8,163.62,1
coarse,100.125,8000.0,2,24670.18,163.62,0.48,8,163.62,0
coarse,100.125,8000.0,3,33005.27,155.0,0.0,7,163.62,0
coarse,100.125,8000.0,4,41340.36,153.0,0.0,7,163.62,0
coarse,100.125,8100.0,0,8100.0,397.25,0.43,8,164.0,1
coarse,100.125,8100.0,1,16435.09,1011.5,0.5,8,164.0,1
coarse,100.125,8100.0,2,24770.18,164.0,0.0,7,164.0,0
coarse,100.125,8100.0,3,33105.27,155.0,0.0,7,164.0,0
coarse,100.125,8100.0,4,41440.36,153.0,0.0,7,164.0,0
coarse,100.125,8200.0,0,8200.0,433.88,0.6,8,164.0,1
coarse,100.125,8200.0,1,16535.09,983.25,0.43,8,164.0,1
coarse,100.125,8200.0,2,24870.18,164.0,0.0,8,164.0,0
coarse,100.125,8200.0,3,33205.27,155.25,0.43,8,164.0,0
coarse,100.125,8200.0,4,41540.36,152.88,0.33,8,164.0,0
coarse,100.125,8234.09,0,8234.09,456.38,0.7,8,164.0,1
coarse,100.125,8234.09,1,16569.18,959.38,0.99,8,164.0,1
coarse,100.125,8234.09,2,24904.27,164.0,0.0,7,164.0,0
coarse,100.125,8234.09,3,33239.36,155.0,0.0,7,164.0,0
coarse,100.125,8234.09,4,41574.45,153.0,0.0,7,164.0,0
tile1,49.875,0.0,0,0.0,153.25,0.43,8,166.0,0
tile1,49.875,0.0,1,8335.09,491.75,0.66,8,166.0,1
tile1,49.875,0.0,2,16670.18,916.25,1.3,8,166.0,1
tile1,49.875,0.0,3,25005.27,166.0,0.0,7,166.0,0
tile1,49.875,0.0,4,33340.36,155.86,0.35,7,166.0,0
tile1,49.875,50.0,0,50.0,153.25,0.43,8,165.86,0
tile1,49.875,50.0,1,8385.09,529.38,0.7,8,165.86,1
tile1,49.875,50.0,2,16720.18,873.86,0.64,7,165.86,1
tile1,49.875,50.0,3,25055.27,165.86,0.35,7,165.86,0
tile1,49.875,50.0,4,33390.36,156.0,0.0,7,165.86,0
tile1,49.875,100.0,0,100.0,153.25,0.43,8,165.88,0
tile1,49.875,100.0,1,8435.09,569.62,1.11,8,165.88,1
tile1,49.875,100.0,2,16770.18,830.25,0.83,8,165.88,1
tile1,49.875,100.0,3,25105.27,165.88,0.33,8,165.88,0
tile1,49.875,100.0,4,33440.36,156.0,0.0,8,165.88,0
tile1,49.875,150.0,0,150.0,153.25,0.43,8,166.0,0
tile1,49.875,150.0,1,8485.09,612.57,0.9,7,166.0,1
tile1,49.875,150.0,2,16820.18,784.86,0.83,7,166.0,1
tile1,49.875,150.0,3,25155.27,166.0,0.0,7,166.0,0
tile1,49.875,150.0,4,33490.36,156.0,0.0,7,166.0,0
tile1,49.875,200.0,0,200.0,153.62,0.48,8,165.88,0
tile1,49.875,200.0,1,8535.09,656.88,0.78,8,165.88,1
tile1,49.875,200.0,2,16870.18,739.0,0.87,8,165.88,1
tile1,49.875,200.0,3,25205.27,165.88,0.33,8,165.88,0
tile1,49.875,200.0,4,33540.36,156.0,0.0,7,165.88,0
tile1,49.875,250.0,0,250.0,153.62,0.48,8,166.0,0
tile1,49.875,250.0,1,8585.09,698.71,0.7,7,166.0,1
tile1,49.875,250.0,2,16920.18,698.86,0.99,7,166.0,1
tile1,49.875,250.0,3,25255.27,166.0,0.0,7,166.0,0
tile1,49.875,250.0,4,33590.36,156.0,0.0,7,166.0,0
tile1,49.875,300.0,0,300.0,153.75,0.43,8,165.86,0
tile1,49.875,300.0,1,8635.09,715.0,0.53,7,165.86,1
tile1,49.875,300.0,2,16970.18,682.71,0.45,7,165.86,1
tile1,49.875,300.0,3,25305.27,165.86,0.35,7,165.86,0
tile1,49.875,300.0,4,33640.36,156.0,0.0,7,165.86,0
tile1,49.875,350.0,0,350.0,154.62,0.48,8,167.0,0
tile1,49.875,350.0,1,8685.09,715.12,0.33,8,167.0,1
tile1,49.875,350.0,2,17020.18,682.88,0.6,8,167.0,1
tile1,49.875,350.0,3,25355.27,167.0,0.0,7,167.0,0
tile1,49.875,350.0,4,33690.36,157.0,0.0,7,167.0,0
tile1,49.875,400.0,0,400.0,158.0,0.0,8,170.62,0
tile1,49.875,400.0,1,8735.09,712.88,0.33,8,170.62,1
tile1,49.875,400.0,2,17070.18,681.75,0.66,8,170.62,1
tile1,49.875,400.0,3,25405.27,170.62,0.48,8,170.62,0
tile1,49.875,400.0,4,33740.36,160.71,0.45,7,170.62,0
tile1,49.875,450.0,0,450.0,158.0,0.0,8,170.38,0
tile1,49.875,450.0,1,8785.09,713.75,0.43,8,170.38,1
tile1,49.875,450.0,2,17120.18,682.25,0.43,8,170.38,1
tile1,49.875,450.0,3,25455.27,170.38,0.48,8,170.38,0
tile1,49.875,450.0,4,33790.36,160.29,0.45,7,170.38,0
tile1,49.875,500.0,0,500.0,157.62,0.48,8,170.43,0
tile1,49.875,500.0,1,8835.09,719.88,0.78,8,170.43,1
tile1,49.875,500.0,2,17170.18,675.5,0.87,8,170.43,1
tile1,49.875,500.0,3,25505.27,170.43,0.49,7,170.43,0
tile1,49.875,500.0,4,33840.36,160.14,0.35,7,170.43,0
tile1,49.875,550.0,0,550.0,212.75,3.03,8,226.14,0
tile1,49.875,550.0,1,8885.09,1008.0,9.62,7,226.14,1
tile1,49.875,550.0,2,17220.18,665.29,2.71,7,226.14,1
tile1,49.875,550.0,3,25555.27,226.14,2.29,7,226.14,0
tile1,49.875,550.0,4,33890.36,216.14,3.48,7,226.14,0
tile1,49.875,600.0,0,600.0,308.5,0.5,8,318.43,0
tile1,49.875,600.0,1,8935.09,1022.38,0.48,8,318.43,1
tile1,49.875,600.0,2,17270.18,674.0,1.8,8,318.43,1
tile1,49.875,600.0,3,25605.27,318.43,0.49,7,318.43,0
tile1,49.875,600.0,4,33940.36,309.71,0.45,7,318.43,0
tile1,49.875,650.0,0,650.0,307.75,0.43,8,317.57,0
tile1,49.875,650.0,1,8985.09,1022.29,0.45,7,317.57,1
tile1,49.875,650.0,2,17320.18,673.86,1.81,7,317.57,1
tile1,49.875,650.0,3,25655.27,317.57,0.49,7,317.57,0
tile1,49.875,650.0,4,33990.36,309.57,0.49,7,317.57,0
tile1,49.875,700.0,0,700.0,307.38,0.48,8,317.0,0
tile1,49.875,700.0,1,9035.09,1022.5,0.5,8,317.0,1
tile1,49.875,700.0,2,17370.18,672.75,1.3,8,317.0,1
tile1,49.875,700.0,3,25705.27,317.0,0.0,8,317.0,0
tile1,49.875,700.0,4,34040.36,308.71,0.45,7,317.0,0
tile1,49.875,750.0,0,750.0,306.88,0.33,8,316.86,0
tile1,49.875,750.0,1,9085.09,1022.25,0.43,8,316.86,1
tile1,49.875,750.0,2,17420.18,672.75,1.48,8,316.86,1
tile1,49.875,750.0,3,25755.27,316.86,0.35,7,316.86,0
tile1,49.875,750.0,4,34090.36,308.29,0.45,7,316.86,0
tile1,49.875,800.0,0,800.0,306.62,0.48,8,316.29,0
tile1,49.875,800.0,1,9135.09,1022.29,0.45,7,316.29,1
tile1,49.875,800.0,2,17470.18,668.0,1.85,7,316.29,1
tile1,49.875,800.0,3,25805.27,316.29,0.45,7,316.29,0
tile1,49.875,800.0,4,34140.36,308.14,0.35,7,316.29,0
tile1,49.875,850.0,0,850.0,306.62,0.48,8,316.12,0
tile1,49.875,850.0,1,9185.09,1022.5,0.5,8,316.12,1
tile1,49.875,850.0,2,17520.18,652.38,0.48,8,316.12,1
tile1,49.875,850.0,3,25855.27,316.12,0.33,8,316.12,0
tile1,49.875,850.0,4,34190.36,307.75,0.66,8,316.12,0
tile1,49.875,900.0,0,900.0,306.38,0.48,8,316.14,0
tile1,49.875,900.0,1,9235.09,797.12,1.45,8,316.14,1
tile1,49.875,900.0,2,17570.18,649.0,1.0,8,316.14,1
tile1,49.875,900.0,3,25905.27,316.14,0.35,7,316.14,0
tile1,49.875,900.0,4,34240.36,308.0,0.0,7,316.14,0
tile1,49.875,950.0,0,950.0,306.12,0.33,8,315.86,0
tile1,49.875,950.0,1,9285.09,778.71,0.7,7,315.86,1
tile1,49.875,950.0,2,17620.18,630.29,0.7,7,315.86,1
tile1,49.875,950.0,3,25955.27,315.86,0.35,7,315.86,0
tile1,49.875,950.0,4,34290.36,307.57,0.49,7,315.86,0
tile1,49.875,1000.0,0,1000.0,305.75,0.43,8,315.57,0
tile1,49.875,1000.0,1,9335.09,797.0,0.0,8,315.57,1
tile1,49.875,1000.0,2,17670.18,607.71,1.03,7,315.57,1
tile1,49.875,1000.0,3,26005.27,315.57,0.49,7,315.57,0
tile1,49.875,1000.0,4,34340.36,307.43,0.49,7,315.57,0
tile1,49.875,1050.0,0,1050.0,305.5,0.5,8,315.5,0
tile1,49.875,1050.0,1,9385.09,816.25,0.43,8,315.5,1
tile1,49.875,1050.0,2,17720.18,586.38,0.7,8,315.5,1
tile1,49.875,1050.0,3,26055.27,315.5,0.5,8,315.5,0
tile1,49.875,1050.0,4,34390.36,307.29,0.45,7,315.5,0
tile1,49.875,1100.0,0,1100.0,305.62,0.48,8,315.57,0
tile1,49.875,1100.0,1,9435.09,832.75,0.66,8,315.57,1
tile1,49.875,1100.0,2,17770.18,568.29,0.7,7,315.57,1
tile1,49.875,1100.0,3,26105.27,315.57,0.49,7,315.57,0
tile1,49.875,1100.0,4,34440.36,307.43,0.73,7,315.57,0
tile1,49.875,1150.0,0,1150.0,255.88,1.9,8,266.71,0
tile1,49.875,1150.0,1,9485.09,830.0,0.71,8,266.71,1
tile1,49.875,1150.0,2,17820.18,558.0,0.71,8,266.71,1
tile1,49.875,1150.0,3,26155.27,266.71,0.88,7,266.71,0
tile1,49.875,1150.0,4,34490.36,258.14,1.12,7,266.71,0
tile1,49.875,1200.0,0,1200.0,249.75,0.43,8,259.88,0
tile1,49.875,1200.0,1,9535.09,829.62,0.7,8,259.88,1
tile1,49.875,1200.0,2,17870.18,557.12,0.6,8,259.88,1
tile1,49.875,1200.0,3,26205.27,259.88,0.33,8,259.88,0
tile1,49.875,1200.0,4,34540.36,251.25,0.43,8,259.88,0
tile1,49.875,1250.0,0,1250.0,249.12,0.33,8,259.71,0
tile1,49.875,1250.0,1,9585.09,829.38,0.48,8,259.71,1
tile1,49.875,1250.0,2,17920.18,557.25,0.43,8,259.71,1
tile1,49.875,1250.0,3,26255.27,259.71,0.45,7,259.71,0
tile1,49.875,1250.0,4,34590.36,251.0,0.0,7,259.71,0
tile1,49.875,1300.0,0,1300.0,249.0,0.0,8,259.12,0
tile1,49.875,1300.0,1,9635.09,831.0,0.5,8,259.12,1
tile1,49.875,1300.0,2,17970.18,553.62,0.7,8,259.12,1
tile1,49.875,1300.0,3,26305.27,259.12,0.33,8,259.12,0
tile1,49.875,1300.0,4,34640.36,250.88,0.33,8,259.12,0
tile1,49.875,1350.0,0,1350.0,249.0,0.0,8,259.12,0
tile1,49.875,1350.0,1,9685.09,840.0,0.71,8,259.12,1
tile1,49.875,1350.0,2,18020.18,545.62,0.48,8,259.12,1
tile1,49.875,1350.0,3,26355.27,259.12,0.33,8,259.12,0
tile1,49.875,1350.0,4,34690.36,250.75,0.43,8,259.12,0
tile1,49.875,1400.0,0,1400.0,248.62,0.48,8,259.25,0
tile1,49.875,1400.0,1,9735.09,861.62,0.7,8,259.25,1
tile1,49.875,1400.0,2,18070.18,535.38,0.48,8,259.25,1
tile1,49.875,1400.0,3,26405.27,259.25,0.43,8,259.25,0
tile1,49.875,1400.0,4,34740.36,250.14,0.35,7,259.25,0
tile1,49.875,1450.0,0,1450.0,249.0,0.0,8,259.14,0
tile1,49.875,1450.0,1,9785.09,1023.0,0.0,7,259.14,1
tile1,49.875,1450.0,2,18120.18,505.14,0.64,7,259.14,1
tile1,49.875,1450.0,3,26455.27,259.14,0.35,7,259.14,0
tile1,49.875,1450.0,4,34790.36,250.57,0.49,7,259.14,0
tile1,49.875,1500.0,0,1500.0,248.88,0.33,8,259.0,0
tile1,49.875,1500.0,1,9835.09,1023.0,0.0,7,259.0,1
tile1,49.875,1500.0,2,18170.18,496.43,0.49,7,259.0,1
tile1,49.875,1500.0,3,26505.27,259.0,0.0,7,259.0,0
tile1,49.875,1500.0,4,34840.36,250.43,0.49,7,259.0,0
tile1,49.875,1550.0,0,1550.0,248.62,0.48,8,258.86,0
tile1,49.875,1550.0,1,9885.09,989.25,43.79,8,258.86,1
tile1,49.875,1550.0,2,18220.18,501.25,4.12,8,258.86,1
tile1,49.875,1550.0,3,26555.27,258.86,0.35,7,258.86,0
tile1,49.875,1550.0,4,34890.36,250.14,0.35,7,258.86,0
tile1,49.875,1600.0,0,1600.0,248.0,0.0,8,259.0,0
tile1,49.875,1600.0,1,9935.09,879.5,0.5,8,259.0,1
tile1,49.875,1600.0,2,18270.18,504.75,0.97,8,259.0,1
tile1,49.875,1600.0,3,26605.27,259.0,0.0,7,259.0,0
tile1,49.875,1600.0,4,34940.36,250.29,0.45,7,259.0,0
tile1,49.875,1650.0,0,1650.0,248.12,0.33,8,258.86,0
tile1,49.875,1650.0,1,9985.09,913.38,2.12,8,258.86,1
tile1,49.875,1650.0,2,18320.18,495.57,0.49,7,258.86,1
tile1,49.875,1650.0,3,26655.27,258.86,0.35,7,258.86,0
tile1,49.875,1650.0,4,34990.36,250.0,0.0,7,258.86,0
tile1,49.875,1700.0,0,1700.0,248.62,0.48,8,258.88,0
tile1,49.875,1700.0,1,10035.09,1023.0,0.0,8,258.88,1
tile1,49.875,1700.0,2,18370.18,469.88,0.6,8,258.88,1
tile1,49.875,1700.0,3,26705.27,258.88,0.33,8,258.88,0
tile1,49.875,1700.0,4,35040.36,250.0,0.0,8,258.88,0
tile1,49.875,1750.0,0,1750.0,248.12,0.33,8,258.5,0
tile1,49.875,1750.0,1,10085.09,1023.0,0.0,8,258.5,1
tile1,49.875,1750.0,2,18420.18,461.0,0.71,8,258.5,1
tile1,49.875,1750.0,3,26755.27,258.5,0.5,8,258.5,0
tile1,49.875,1750.0,4,35090.36,250.0,0.0,7,258.5,0
tile1,49.875,1800.0,0,1800.0,248.0,0.0,8,258.71,0
tile1,49.875,1800.0,1,10135.09,1023.0,0.0,8,258.71,1
tile1,49.875,1800.0,2,18470.18,452.14,0.64,7,258.71,1
tile1,49.875,1800.0,3,26805.27,258.71,0.45,7,258.71,0
tile1,49.875,1800.0,4,35140.36,250.0,0.0,7,258.71,0
tile1,49.875,1850.0,0,1850.0,248.62,0.48,8,258.71,0
tile1,49.875,1850.0,1,10185.09,1023.0,0.0,7,258.71,1
tile1,49.875,1850.0,2,18520.18,443.57,0.49,7,258.71,1
tile1,49.875,1850.0,3,26855.27,258.71,0.45,7,258.71,0
tile1,49.875,1850.0,4,35190.36,250.14,0.35,7,258.71,0
tile1,49.875,1900.0,0,1900.0,248.25,0.43,8,258.75,0
tile1,49.875,1900.0,1,10235.09,1023.0,0.0,8,258.75,1
tile1,49.875,1900.0,2,18570.18,435.62,0.48,8,258.75,1
tile1,49.875,1900.0,3,26905.27,258.75,0.43,8,258.75,0
tile1,49.875,1900.0,4,35240.36,250.14,0.35,7,258.75,0
tile1,49.875,1950.0,0,1950.0,248.88,0.33,8,259.5,0
tile1,49.875,1950.0,1,10285.09,1023.0,0.0,8,259.5,1
tile1,49.875,1950.0,2,18620.18,427.75,0.97,8,259.5,1
tile1,49.875,1950.0,3,26955.27,259.5,0.5,8,259.5,0
tile1,49.875,1950.0,4,35290.36,250.88,0.33,8,259.5,0
tile1,49.875,2000.0,0,2000.0,162.75,1.92,8,174.0,0
tile1,49.875,2000.0,1,10335.09,1023.0,0.0,7,174.0,1
tile1,49.875,2000.0,2,18670.18,403.43,0.49,7,174.0,1
tile1,49.875,2000.0,3,27005.27,174.0,2.07,7,174.0,0
tile1,49.875,2000.0,4,35340.36,164.57,1.18,7,174.0,0
tile1,49.875,2050.0,0,2050.0,153.75,0.43,8,166.0,0
tile1,49.875,2050.0,1,10385.09,1018.88,1.05,8,166.0,1
tile1,49.875,2050.0,2,18720.18,412.29,0.7,7,166.0,1
tile1,49.875,2050.0,3,27055.27,166.0,0.0,7,166.0,0
tile1,49.875,2050.0,4,35390.36,156.0,0.0,7,166.0,0
tile1,49.875,2100.0,0,2100.0,153.5,0.5,8,166.0,0
tile1,49.875,2100.0,1,10435.09,970.25,0.43,8,166.0,1
tile1,49.875,2100.0,2,18770.18,417.12,0.6,8,166.0,1
tile1,49.875,2100.0,3,27105.27,166.0,0.0,8,166.0,0
tile1,49.875,2100.0,4,35440.36,156.0,0.0,8,166.0,0
tile1,49.875,2150.0,0,2150.0,224.5,1.66,8,236.75,0
tile1,49.875,2150.0,1,10485.09,1023.0,0.0,8,236.75,1
tile1,49.875,2150.0,2,18820.18,419.0,1.66,8,236.75,1
tile1,49.875,2150.0,3,27155.27,236.75,2.05,8,236.75,0
tile1,49.875,2150.0,4,35490.36,227.71,2.66,7,236.75,0
tile1,49.875,2200.0,0,2200.0,307.88,0.6,8,317.14,0
tile1,49.875,2200.0,1,10535.09,1023.0,0.0,8,317.14,1
tile1,49.875,2200.0,2,18870.18,434.25,1.48,8,317.14,1
tile1,49.875,2200.0,3,27205.27,317.14,0.35,7,317.14,0
tile1,49.875,2200.0,4,35540.36,309.29,0.7,7,317.14,0
tile1,49.875,2250.0,0,2250.0,307.25,0.43,8,316.57,0
tile1,49.875,2250.0,1,10585.09,1023.0,0.0,8,316.57,1
tile1,49.875,2250.0,2,18920.18,434.29,1.28,7,316.57,1
tile1,49.875,2250.0,3,27255.27,316.57,0.49,7,316.57,0
tile1,49.875,2250.0,4,35590.36,308.71,0.45,7,316.57,0
tile1,49.875,2300.0,0,2300.0,306.88,0.33,8,316.43,0
tile1,49.875,2300.0,1,10635.09,1023.0,0.0,7,316.43,1
tile1,49.875,2300.0,2,18970.18,434.0,1.6,7,316.43,1
tile1,49.875,2300.0,3,27305.27,316.43,0.49,7,316.43,0
tile1,49.875,2300.0,4,35640.36,308.14,0.35,7,316.43,0
tile1,49.875,2350.0,0,2350.0,306.38,0.48,8,316.25,0
tile1,49.875,2350.0,1,10685.09,1023.0,0.0,8,316.25,1
tile1,49.875,2350.0,2,19020.18,433.38,1.32,8,316.25,1
tile1,49.875,2350.0,3,27355.27,316.25,0.43,8,316.25,0
tile1,49.875,2350.0,4,35690.36,308.0,0.0,7,316.25,0
tile1,49.875,2400.0,0,2400.0,306.12,0.33,8,315.88,0
tile1,49.875,2400.0,1,10735.09,1023.0,0.0,8,315.88,1
tile1,49.875,2400.0,2,19070.18,433.12,1.54,8,315.88,1
tile1,49.875,2400.0,3,27405.27,315.88,0.6,8,315.88,0
tile1,49.875,2400.0,4,35740.36,308.0,0.0,8,315.88,0
tile1,49.875,2450.0,0,2450.0,306.0,0.5,8,315.62,0
tile1,49.875,2450.0,1,10785.09,1023.0,0.0,8,315.62,1
tile1,49.875,2450.0,2,19120.18,434.25,1.2,8,315.62,1
tile1,49.875,2450.0,3,27455.27,315.62,0.48,8,315.62,0
tile1,49.875,2450.0,4,35790.36,307.43,0.49,7,315.62,0
tile1,49.875,2500.0,0,2500.0,305.75,0.43,8,315.71,0
tile1,49.875,2500.0,1,10835.09,1023.0,0.0,8,315.71,1
tile1,49.875,2500.0,2,19170.18,427.75,0.43,8,315.71,1
tile1,49.875,2500.0,3,27505.27,315.71,0.45,7,315.71,0
tile1,49.875,2500.0,4,35840.36,307.0,0.0,7,315.71,0
tile1,49.875,2550.0,0,2550.0,305.25,0.43,8,315.38,0
tile1,49.875,2550.0,1,10885.09,966.12,1.54,8,315.38,1
tile1,49.875,2550.0,2,19220.18,443.75,0.43,8,315.38,1
tile1,49.875,2550.0,3,27555.27,315.38,0.48,8,315.38,0
tile1,49.875,2550.0,4,35890.36,307.0,0.53,7,315.38,0
tile1,49.875,2600.0,0,2600.0,305.38,0.48,8,315.5,0
tile1,49.875,2600.0,1,10935.09,937.62,0.86,8,315.5,1
tile1,49.875,2600.0,2,19270.18,445.5,0.5,8,315.5,1
tile1,49.875,2600.0,3,27605.27,315.5,0.5,8,315.5,0
tile1,49.875,2600.0,4,35940.36,307.14,0.35,7,315.5,0
tile1,49.875,2650.0,0,2650.0,305.25,0.43,8,315.0,0
tile1,49.875,2650.0,1,10985.09,936.62,0.48,8,315.0,1
tile1,49.875,2650.0,2,19320.18,445.38,0.48,8,315.0,1
tile1,49.875,2650.0,3,27655.27,315.0,0.0,8,315.0,0
tile1,49.875,2650.0,4,35990.36,306.75,0.43,8,315.0,0
tile1,49.875,2700.0,0,2700.0,288.62,1.32,8,299.0,0
tile1,49.875,2700.0,1,11035.09,1022.0,0.0,8,299.0,1
tile1,49.875,2700.0,2,19370.18,433.88,2.37,8,299.0,1
tile1,49.875,2700.0,3,27705.27,299.0,1.31,7,299.0,0
tile1,49.875,2700.0,4,36040.36,290.57,1.76,7,299.0,0
tile1,49.875,2750.0,0,2750.0,262.25,1.71,8,271.43,0
tile1,49.875,2750.0,1,11085.09,1023.0,0.0,8,271.43,1
tile1,49.875,2750.0,2,19420.18,420.29,1.48,7,271.43,1
tile1,49.875,2750.0,3,27755.27,271.43,1.92,7,271.43,0
tile1,49.875,2750.0,4,36090.36,263.29,1.48,7,271.43,0
tile1,49.875,2800.0,0,2800.0,259.12,0.78,8,268.88,0
tile1,49.875,2800.0,1,11135.09,1023.0,0.0,8,268.88,1
tile1,49.875,2800.0,2,19470.18,405.88,1.36,8,268.88,1
tile1,49.875,2800.0,3,27805.27,268.88,0.78,8,268.88,0
tile1,49.875,2800.0,4,36140.36,260.38,0.48,8,268.88,0
tile1,49.875,2850.0,0,2850.0,258.75,0.43,8,269.0,0
tile1,49.875,2850.0,1,11185.09,1023.0,0.0,8,269.0,1
tile1,49.875,2850.0,2,19520.18,387.5,1.73,8,269.0,1
tile1,49.875,2850.0,3,27855.27,269.0,0.5,8,269.0,0
tile1,49.875,2850.0,4,36190.36,261.0,0.5,8,269.0,0
tile1,49.875,2900.0,0,2900.0,259.12,0.33,8,268.57,0
tile1,49.875,2900.0,1,11235.09,1023.0,0.0,7,268.57,1
tile1,49.875,2900.0,2,19570.18,369.43,0.73,7,268.57,1
tile1,49.875,2900.0,3,27905.27,268.57,0.49,7,268.57,0
tile1,49.875,2900.0,4,36240.36,260.71,0.45,7,268.57,0
tile1,49.875,2950.0,0,2950.0,259.12,0.33,8,268.62,0
tile1,49.875,2950.0,1,11285.09,1023.0,0.0,8,268.62,1
tile1,49.875,2950.0,2,19620.18,354.12,0.78,8,268.62,0
tile1,49.875,2950.0,3,27955.27,268.62,0.48,8,268.62,0
tile1,49.875,2950.0,4,36290.36,261.0,0.0,7,268.62,0
tile1,49.875,3000.0,0,3000.0,259.25,0.43,8,268.5,0
tile1,49.875,3000.0,1,11335.09,1023.0,0.0,8,268.5,1
tile1,49.875,3000.0,2,19670.18,344.38,0.86,8,268.5,0
tile1,49.875,3000.0,3,28005.27,268.5,0.5,8,268.5,0
tile1,49.875,3000.0,4,36340.36,261.0,0.0,8,268.5,0
tile1,49.875,3050.0,0,3050.0,259.12,0.33,8,268.86,0
tile1,49.875,3050.0,1,11385.09,1023.0,0.0,8,268.86,1
tile1,49.875,3050.0,2,19720.18,342.0,0.93,7,268.86,0
tile1,49.875,3050.0,3,28055.27,268.86,0.35,7,268.86,0
tile1,49.875,3050.0,4,36390.36,261.0,0.0,7,268.86,0
tile1,49.875,3100.0,0,3100.0,259.75,0.43,8,268.57,0
tile1,49.875,3100.0,1,11435.09,1023.0,0.0,7,268.57,1
tile1,49.875,3100.0,2,19770.18,338.0,0.53,7,268.57,0
tile1,49.875,3100.0,3,28105.27,268.57,0.49,7,268.57,0
tile1,49.875,3100.0,4,36440.36,261.14,0.35,7,268.57,0
tile1,49.875,3150.0,0,3150.0,259.88,0.33,8,269.0,0
tile1,49.875,3150.0,1,11485.09,1015.88,4.23,8,269.0,1
tile1,49.875,3150.0,2,19820.18,346.75,2.22,8,269.0,0
tile1,49.875,3150.0,3,28155.27,269.0,0.0,8,269.0,0
tile1,49.875,3150.0,4,36490.36,261.0,0.0,7,269.0,0
tile1,49.875,3200.0,0,3200.0,259.75,0.43,8,268.88,0
tile1,49.875,3200.0,1,11535.09,1003.38,0.48,8,268.88,1
tile1,49.875,3200.0,2,19870.18,349.62,0.48,8,268.88,0
tile1,49.875,3200.0,3,28205.27,268.88,0.33,8,268.88,0
tile1,49.875,3200.0,4,36540.36,261.0,0.0,8,268.88,0
tile1,49.875,3250.0,0,3250.0,259.25,0.43,8,269.0,0
tile1,49.875,3250.0,1,11585.09,1002.0,0.0,8,269.0,1
tile1,49.875,3250.0,2,19920.18,349.75,0.43,8,269.0,0
tile1,49.875,3250.0,3,28255.27,269.0,0.0,8,269.0,0
tile1,49.875,3250.0,4,36590.36,261.14,0.35,7,269.0,0
tile1,49.875,3300.0,0,3300.0,259.5,0.5,8,268.88,0
tile1,49.875,3300.0,1,11635.09,1001.75,0.43,8,268.88,1
tile1,49.875,3300.0,2,19970.18,349.75,0.43,8,268.88,0
tile1,49.875,3300.0,3,28305.27,268.88,0.33,8,268.88,0
tile1,49.875,3300.0,4,36640.36,261.0,0.0,7,268.88,0
tile1,49.875,3350.0,0,3350.0,255.25,1.85,8,264.29,0
tile1,49.875,3350.0,1,11685.09,1023.0,0.0,7,264.29,1
tile1,49.875,3350.0,2,20020.18,335.29,1.03,7,264.29,0
tile1,49.875,3350.0,3,28355.27,264.29,1.58,7,264.29,0
tile1,49.875,3350.0,4,36690.36,256.57,1.99,7,264.29,0
tile1,49.875,3400.0,0,3400.0,157.25,0.83,8,169.0,0
tile1,49.875,3400.0,1,11735.09,1023.0,0.0,8,169.0,1
tile1,49.875,3400.0,2,20070.18,291.29,0.88,7,169.0,1
tile1,49.875,3400.0,3,28405.27,169.0,1.07,7,169.0,0
tile1,49.875,3400.0,4,36740.36,159.57,1.29,7,169.0,0
tile1,49.875,3450.0,0,3450.0,153.5,0.5,8,165.5,0
tile1,49.875,3450.0,1,11785.09,1016.0,0.0,8,165.5,1
tile1,49.875,3450.0,2,20120.18,305.88,0.6,8,165.5,1
tile1,49.875,3450.0,3,28455.27,165.5,0.5,8,165.5,0
tile1,49.875,3450.0,4,36790.36,156.0,0.0,8,165.5,0
tile1,49.875,3500.0,0,3500.0,153.38,0.48,8,165.0,0
tile1,49.875,3500.0,1,11835.09,1017.0,0.0,8,165.0,1
tile1,49.875,3500.0,2,20170.18,278.38,0.99,8,165.0,1
tile1,49.875,3500.0,3,28505.27,165.0,0.0,7,165.0,0
tile1,49.875,3500.0,4,36840.36,155.86,0.35,7,165.0,0
tile1,49.875,3550.0,0,3550.0,244.5,2.4,8,253.43,0
tile1,49.875,3550.0,1,11885.09,1019.12,0.33,8,253.43,1
tile1,49.875,3550.0,2,20220.18,301.14,0.99,7,253.43,0
tile1,49.875,3550.0,3,28555.27,253.43,2.38,7,253.43,0
tile1,49.875,3550.0,4,36890.36,246.0,2.14,7,253.43,0
tile1,49.875,3600.0,0,3600.0,307.12,0.33,8,313.43,0
tile1,49.875,3600.0,1,11935.09,1022.0,0.0,8,313.43,1
tile1,49.875,3600.0,2,20270.18,343.0,0.0,7,313.43,0
tile1,49.875,3600.0,3,28605.27,313.43,0.49,7,313.43,0
tile1,49.875,3600.0,4,36940.36,308.29,0.45,7,313.43,0
tile1,49.875,3650.0,0,3650.0,306.5,0.5,8,311.75,0
tile1,49.875,3650.0,1,11985.09,1023.0,0.0,8,311.75,1
tile1,49.875,3650.0,2,20320.18,332.75,0.43,8,311.75,0
tile1,49.875,3650.0,3,28655.27,311.75,0.43,8,311.75,0
tile1,49.875,3650.0,4,36990.36,307.57,0.73,7,311.75,0
tile1,49.875,3700.0,0,3700.0,306.38,0.48,8,310.14,0
tile1,49.875,3700.0,1,12035.09,1023.0,0.0,8,310.14,1
tile1,49.875,3700.0,2,20370.18,325.29,0.7,7,310.14,0
tile1,49.875,3700.0,3,28705.27,310.14,0.35,7,310.14,0
tile1,49.875,3700.0,4,37040.36,307.14,0.64,7,310.14,0
tile1,49.875,3750.0,0,3750.0,306.0,0.0,8,308.29,0
tile1,49.875,3750.0,1,12085.09,1023.0,0.0,7,308.29,1
tile1,49.875,3750.0,2,20420.18,318.57,0.73,7,308.29,0
tile1,49.875,3750.0,3,28755.27,308.29,0.45,7,308.29,0
tile1,49.875,3750.0,4,37090.36,306.29,0.45,7,308.29,0
tile1,49.875,3800.0,0,3800.0,305.62,0.48,8,306.86,0
tile1,49.875,3800.0,1,12135.09,1023.0,0.0,7,306.86,1
tile1,49.875,3800.0,2,20470.18,313.43,0.73,7,306.86,0
tile1,49.875,3800.0,3,28805.27,306.86,0.35,7,306.86,0
tile1,49.875,3800.0,4,37140.36,305.71,0.45,7,306.86,0
tile1,49.875,3850.0,0,3850.0,305.25,0.43,8,306.25,0
tile1,49.875,3850.0,1,12185.09,1023.0,0.0,8,306.25,1
tile1,49.875,3850.0,2,20520.18,312.0,0.5,8,306.25,0
tile1,49.875,3850.0,3,28855.27,306.25,0.43,8,306.25,0
tile1,49.875,3850.0,4,37190.36,305.5,0.5,8,306.25,0
tile1,49.875,3900.0,0,3900.0,305.12,0.33,8,306.14,0
tile1,49.875,3900.0,1,12235.09,1023.0,0.0,8,306.14,1
tile1,49.875,3900.0,2,20570.18,311.71,0.45,7,306.14,0
tile1,49.875,3900.0,3,28905.27,306.14,0.35,7,306.14,0
tile1,49.875,3900.0,4,37240.36,305.0,0.0,7,306.14,0
tile1,49.875,3950.0,0,3950.0,305.0,0.0,8,306.0,0
tile1,49.875,3950.0,1,12285.09,1023.0,0.0,8,306.0,1
tile1,49.875,3950.0,2,20620.18,310.86,0.35,7,306.0,0
tile1,49.875,3950.0,3,28955.27,306.0,0.0,7,306.0,0
tile1,49.875,3950.0,4,37290.36,304.71,0.45,7,306.0,0
tile1,49.875,4000.0,0,4000.0,174.12,1.17,8,176.43,0
tile1,49.875,4000.0,1,12335.09,1023.0,0.0,8,176.43,1
tile1,49.875,4000.0,2,20670.18,179.62,1.87,8,176.43,0
tile1,49.875,4000.0,3,29005.27,176.43,2.92,7,176.43,0
tile1,49.875,4000.0,4,37340.36,175.29,1.03,7,176.43,0
tile1,49.875,4050.0,0,4050.0,152.88,0.33,8,154.0,0
tile1,49.875,4050.0,1,12385.09,1023.0,0.0,8,154.0,1
tile1,49.875,4050.0,2,20720.18,157.14,0.35,7,154.0,0
tile1,49.875,4050.0,3,29055.27,154.0,0.0,7,154.0,0
tile1,49.875,4050.0,4,37390.36,153.0,0.0,7,154.0,0
tile1,49.875,4100.0,0,4100.0,152.88,0.33,8,154.0,0
tile1,49.875,4100.0,1,12435.09,1023.0,0.0,8,154.0,1
tile1,49.875,4100.0,2,20770.18,157.29,0.45,7,154.0,0
tile1,49.875,4100.0,3,29105.27,154.0,0.0,7,154.0,0
tile1,49.875,4100.0,4,37440.36,153.0,0.0,7,154.0,0
tile1,49.875,4150.0,0,4150.0,182.62,1.41,8,184.12,0
tile1,49.875,4150.0,1,12485.09,1023.0,0.0,8,184.12,1
tile1,49.875,4150.0,2,20820.18,187.38,1.8,8,184.12,0
tile1,49.875,4150.0,3,29155.27,184.12,1.45,8,184.12,0
tile1,49.875,4150.0,4,37490.36,182.71,1.75,7,184.12,0
tile1,49.875,4200.0,0,4200.0,248.75,0.66,8,249.62,0
tile1,49.875,4200.0,1,12535.09,1023.0,0.0,8,249.62,1
tile1,49.875,4200.0,2,20870.18,254.88,0.33,8,249.62,0
tile1,49.875,4200.0,3,29205.27,249.62,0.48,8,249.62,0
tile1,49.875,4200.0,4,37540.36,248.71,0.45,7,249.62,0
tile1,49.875,4250.0,0,4250.0,249.12,0.33,8,250.86,0
tile1,49.875,4250.0,1,12585.09,1023.0,0.0,8,250.86,1
tile1,49.875,4250.0,2,20920.18,255.0,0.0,8,250.86,0
tile1,49.875,4250.0,3,29255.27,250.86,0.35,7,250.86,0
tile1,49.875,4250.0,4,37590.36,249.43,0.49,7,250.86,0
tile1,49.875,4300.0,0,4300.0,249.0,0.0,8,250.43,0
tile1,49.875,4300.0,1,12635.09,1023.0,0.0,7,250.43,1
tile1,49.875,4300.0,2,20970.18,255.14,0.35,7,250.43,0
tile1,49.875,4300.0,3,29305.27,250.43,0.49,7,250.43,0
tile1,49.875,4300.0,4,37640.36,249.43,0.49,7,250.43,0
tile1,49.875,4350.0,0,4350.0,249.25,0.43,8,250.25,0
tile1,49.875,4350.0,1,12685.09,1023.0,0.0,8,250.25,1
tile1,49.875,4350.0,2,21020.18,255.0,0.0,8,250.25,0
tile1,49.875,4350.0,3,29355.27,250.25,0.43,8,250.25,0
tile1,49.875,4350.0,4,37690.36,249.0,0.0,8,250.25,0
tile1,49.875,4400.0,0,4400.0,249.38,0.48,8,250.0,0
tile1,49.875,4400.0,1,12735.09,1023.0,0.0,8,250.0,1
tile1,49.875,4400.0,2,21070.18,255.0,0.0,8,250.0,0
tile1,49.875,4400.0,3,29405.27,250.0,0.0,7,250.0,0
tile1,49.875,4400.0,4,37740.36,249.43,0.49,7,250.0,0
tile1,49.875,4450.0,0,4450.0,248.88,0.33,8,249.71,0
tile1,49.875,4450.0,1,12785.09,1023.0,0.0,8,249.71,1
tile1,49.875,4450.0,2,21120.18,254.62,0.48,8,249.71,0
tile1,49.875,4450.0,3,29455.27,249.71,0.45,7,249.71,0
tile1,49.875,4450.0,4,37790.36,249.0,0.53,7,249.71,0
tile1,49.875,4500.0,0,4500.0,248.88,0.33,8,249.88,0
tile1,49.875,4500.0,1,12835.09,1023.0,0.0,8,249.88,1
tile1,49.875,4500.0,2,21170.18,254.62,0.48,8,249.88,0
tile1,49.875,4500.0,3,29505.27,249.88,0.33,8,249.88,0
tile1,49.875,4500.0,4,37840.36,248.75,0.43,8,249.88,0
tile1,49.875,4550.0,0,4550.0,249.0,0.0,8,250.0,0
tile1,49.875,4550.0,1,12885.09,1023.0,0.0,8,250.0,1
tile1,49.875,4550.0,2,21220.18,254.75,0.43,8,250.0,0
tile1,49.875,4550.0,3,29555.27,250.0,0.0,8,250.0,0
tile1,49.875,4550.0,4,37890.36,248.86,0.35,7,250.0,0
tile1,49.875,4600.0,0,4600.0,248.75,0.43,8,249.71,0
tile1,49.875,4600.0,1,12935.09,1023.0,0.0,8,249.71,1
tile1,49.875,4600.0,2,21270.18,254.57,0.49,7,249.71,0
tile1,49.875,4600.0,3,29605.27,249.71,0.45,7,249.71,0
tile1,49.875,4600.0,4,37940.36,248.71,0.45,7,249.71,0
tile1,49.875,4650.0,0,4650.0,248.5,0.5,8,249.25,0
tile1,49.875,4650.0,1,12985.09,1023.0,0.0,8,249.25,1
tile1,49.875,4650.0,2,21320.18,254.62,0.48,8,249.25,0
tile1,49.875,4650.0,3,29655.27,249.25,0.43,8,249.25,0
tile1,49.875,4650.0,4,37990.36,248.57,0.49,7,249.25,0
tile1,49.875,4700.0,0,4700.0,248.38,0.48,8,249.71,0
tile1,49.875,4700.0,1,13035.09,1023.0,0.0,8,249.71,1
tile1,49.875,4700.0,2,21370.18,254.14,0.35,7,249.71,0
tile1,49.875,4700.0,3,29705.27,249.71,0.45,7,249.71,0
tile1,49.875,4700.0,4,38040.36,248.86,0.35,7,249.71,0
tile1,49.875,4750.0,0,4750.0,248.5,0.5,8,249.57,0
tile1,49.875,4750.0,1,13085.09,1023.0,0.0,8,249.57,1
tile1,49.875,4750.0,2,21420.18,254.25,0.43,8,249.57,0
tile1,49.875,4750.0,3,29755.27,249.57,0.49,7,249.57,0
tile1,49.875,4750.0,4,38090.36,248.71,0.45,7,249.57,0
tile1,49.875,4800.0,0,4800.0,248.12,0.33,8,249.25,0
tile1,49.875,4800.0,1,13135.09,1023.0,0.0,8,249.25,1
tile1,49.875,4800.0,2,21470.18,254.38,0.48,8,249.25,0
tile1,49.875,4800.0,3,29805.27,249.25,0.43,8,249.25,0
tile1,49.875,4800.0,4,38140.36,248.29,0.45,7,249.25,0
tile1,49.875,4850.0,0,4850.0,248.38,0.48,8,249.29,0
tile1,49.875,4850.0,1,13185.09,1023.0,0.0,8,249.29,1
tile1,49.875,4850.0,2,21520.18,254.14,0.35,7,249.29,0
tile1,49.875,4850.0,3,29855.27,249.29,0.45,7,249.29,0
tile1,49.875,4850.0,4,38190.36,248.43,0.49,7,249.29,0
tile1,49.875,4900.0,0,4900.0,248.62,0.48,8,249.25,0
tile1,49.875,4900.0,1,13235.09,1023.0,0.0,8,249.25,1
tile1,49.875,4900.0,2,21570.18,254.25,0.43,8,249.25,0
tile1,49.875,4900.0,3,29905.27,249.25,0.43,8,249.25,0
tile1,49.875,4900.0,4,38240.36,248.75,0.43,8,249.25,0
tile1,49.875,4950.0,0,4950.0,248.62,0.48,8,249.25,0
tile1,49.875,4950.0,1,13285.09,1023.0,0.0,8,249.25,1
tile1,49.875,4950.0,2,21620.18,254.25,0.43,8,249.25,0
tile1,49.875,4950.0,3,29955.27,249.25,0.43,8,249.25,0
tile1,49.875,4950.0,4,38290.36,248.38,0.48,8,249.25,0
tile1,49.875,5000.0,0,5000.0,248.25,0.43,8,249.86,0
tile1,49.875,5000.0,1,13335.09,1023.0,0.0,8,249.86,1
tile1,49.875,5000.0,2,21670.18,256.12,0.33,8,249.86,0
tile1,49.875,5000.0,3,30005.27,249.86,0.35,7,249.86,0
tile1,49.875,5000.0,4,38340.36,248.43,0.49,7,249.86,0
tile1,49.875,5050.0,0,5050.0,248.12,0.33,8,249.86,0
tile1,49.875,5050.0,1,13385.09,1023.0,0.0,8,249.86,1
tile1,49.875,5050.0,2,21720.18,256.0,0.0,8,249.86,0
tile1,49.875,5050.0,3,30055.27,249.86,0.35,7,249.86,0
tile1,49.875,5050.0,4,38390.36,248.43,0.49,7,249.86,0
tile1,49.875,5100.0,0,5100.0,248.12,0.33,8,249.71,0
tile1,49.875,5100.0,1,13435.09,1023.0,0.0,8,249.71,1
tile1,49.875,5100.0,2,21770.18,256.29,0.45,7,249.71,0
tile1,49.875,5100.0,3,30105.27,249.71,0.45,7,249.71,0
tile1,49.875,5100.0,4,38440.36,248.43,0.49,7,249.71,0
tile1,49.875,5150.0,0,5150.0,248.0,0.0,8,249.86,0
tile1,49.875,5150.0,1,13485.09,1023.0,0.0,8,249.86,1
tile1,49.875,5150.0,2,21820.18,256.14,0.35,7,249.86,0
tile1,49.875,5150.0,3,30155.27,249.86,0.35,7,249.86,0
tile1,49.875,5150.0,4,38490.36,248.71,0.45,7,249.86,0
tile1,49.875,5200.0,0,5200.0,245.25,0.83,8,247.14,0
tile1,49.875,5200.0,1,13535.09,1023.0,0.0,7,247.14,1
tile1,49.875,5200.0,2,21870.18,253.71,1.03,7,247.14,0
tile1,49.875,5200.0,3,30205.27,247.14,0.83,7,247.14,0
tile1,49.875,5200.0,4,38540.36,245.71,0.7,7,247.14,0
tile1,49.875,5250.0,0,5250.0,302.0,1.66,8,303.38,0
tile1,49.875,5250.0,1,13585.09,1023.0,0.0,8,303.38,1
tile1,49.875,5250.0,2,21920.18,311.12,1.05,8,303.38,0
tile1,49.875,5250.0,3,30255.27,303.38,1.41,8,303.38,0
tile1,49.875,5250.0,4,38590.36,302.12,1.27,8,303.38,0
tile1,49.875,5300.0,0,5300.0,307.12,0.33,8,308.62,0
tile1,49.875,5300.0,1,13635.09,1023.0,0.0,8,308.62,1
tile1,49.875,5300.0,2,21970.18,315.38,0.48,8,308.62,0
tile1,49.875,5300.0,3,30305.27,308.62,0.48,8,308.62,0
tile1,49.875,5300.0,4,38640.36,307.0,0.0,8,308.62,0
tile1,49.875,5350.0,0,5350.0,306.38,0.48,8,307.88,0
tile1,49.875,5350.0,1,13685.09,1023.0,0.0,8,307.88,1
tile1,49.875,5350.0,2,22020.18,314.75,0.43,8,307.88,0
tile1,49.875,5350.0,3,30355.27,307.88,0.33,8,307.88,0
tile1,49.875,5350.0,4,38690.36,306.71,0.45,7,307.88,0
tile1,49.875,5400.0,0,5400.0,305.88,0.33,8,307.14,0
tile1,49.875,5400.0,1,13735.09,1023.0,0.0,8,307.14,1
tile1,49.875,5400.0,2,22070.18,314.12,0.33,8,307.14,0
tile1,49.875,5400.0,3,30405.27,307.14,0.35,7,307.14,0
tile1,49.875,5400.0,4,38740.36,306.29,0.45,7,307.14,0
tile1,49.875,5450.0,0,5450.0,305.62,0.48,8,307.14,0
tile1,49.875,5450.0,1,13785.09,1023.0,0.0,8,307.14,1
tile1,49.875,5450.0,2,22120.18,313.71,0.45,7,307.14,0
tile1,49.875,5450.0,3,30455.27,307.14,0.64,7,307.14,0
tile1,49.875,5450.0,4,38790.36,305.57,0.49,7,307.14,0
tile1,49.875,5500.0,0,5500.0,305.0,0.0,8,306.86,0
tile1,49.875,5500.0,1,13835.09,1023.0,0.0,8,306.86,1
tile1,49.875,5500.0,2,22170.18,313.0,0.0,8,306.86,0
tile1,49.875,5500.0,3,30505.27,306.86,0.35,7,306.86,0
tile1,49.875,5500.0,4,38840.36,305.43,0.49,7,306.86,0
tile1,49.875,5550.0,0,5550.0,305.0,0.0,8,306.29,0
tile1,49.875,5550.0,1,13885.09,1023.0,0.0,7,306.29,1
tile1,49.875,5550.0,2,22220.18,312.86,0.35,7,306.29,0
tile1,49.875,5550.0,3,30555.27,306.29,0.45,7,306.29,0
tile1,49.875,5550.0,4,38890.36,305.0,0.0,7,306.29,0
tile1,49.875,5600.0,0,5600.0,304.88,0.33,8,305.57,0
tile1,49.875,5600.0,1,13935.09,1023.0,0.0,7,305.57,1
tile1,49.875,5600.0,2,22270.18,311.0,0.53,7,305.57,0
tile1,49.875,5600.0,3,30605.27,305.57,0.49,7,305.57,0
tile1,49.875,5600.0,4,38940.36,304.86,0.35,7,305.57,0
tile1,49.875,5650.0,0,5650.0,304.62,0.48,8,305.75,0
tile1,49.875,5650.0,1,13985.09,1023.0,0.0,8,305.75,1
tile1,49.875,5650.0,2,22320.18,311.38,0.48,8,305.75,0
tile1,49.875,5650.0,3,30655.27,305.75,0.43,8,305.75,0
tile1,49.875,5650.0,4,38990.36,304.75,0.43,8,305.75,0
tile1,49.875,5700.0,0,5700.0,304.25,0.43,8,305.38,0
tile1,49.875,5700.0,1,14035.09,1023.0,0.0,8,305.38,1
tile1,49.875,5700.0,2,22370.18,311.0,0.5,8,305.38,0
tile1,49.875,5700.0,3,30705.27,305.38,0.48,8,305.38,0
tile1,49.875,5700.0,4,39040.36,304.25,0.43,8,305.38,0
tile1,49.875,5750.0,0,5750.0,304.25,0.43,8,305.29,0
tile1,49.875,5750.0,1,14085.09,1023.0,0.0,8,305.29,1
tile1,49.875,5750.0,2,22420.18,310.86,0.35,7,305.29,0
tile1,49.875,5750.0,3,30755.27,305.29,0.45,7,305.29,0
tile1,49.875,5750.0,4,39090.36,304.14,0.35,7,305.29,0
tile1,49.875,5800.0,0,5800.0,303.88,0.33,8,305.0,0
tile1,49.875,5800.0,1,14135.09,1023.0,0.0,8,305.0,1
tile1,49.875,5800.0,2,22470.18,310.5,0.5,8,305.0,0
tile1,49.875,5800.0,3,30805.27,305.0,0.0,8,305.0,0
tile1,49.875,5800.0,4,39140.36,304.12,0.33,8,305.0,0
tile1,49.875,5850.0,0,5850.0,285.62,0.99,8,285.88,0
tile1,49.875,5850.0,1,14185.09,1023.0,0.0,8,285.88,1
tile1,49.875,5850.0,2,22520.18,292.38,1.73,8,285.88,0
tile1,49.875,5850.0,3,30855.27,285.88,1.83,8,285.88,0
tile1,49.875,5850.0,4,39190.36,285.38,2.34,8,285.88,0
tile1,49.875,5900.0,0,5900.0,261.0,1.5,8,261.86,0
tile1,49.875,5900.0,1,14235.09,1023.0,0.0,8,261.86,1
tile1,49.875,5900.0,2,22570.18,269.43,1.76,7,261.86,0
tile1,49.875,5900.0,3,30905.27,261.86,1.36,7,261.86,0
tile1,49.875,5900.0,4,39240.36,261.86,1.55,7,261.86,0
tile1,49.875,5950.0,0,5950.0,258.62,0.48,8,259.88,0
tile1,49.875,5950.0,1,14285.09,1023.0,0.0,8,259.88,1
tile1,49.875,5950.0,2,22620.18,266.88,0.33,8,259.88,0
tile1,49.875,5950.0,3,30955.27,259.88,0.6,8,259.88,0
tile1,49.875,5950.0,4,39290.36,258.5,0.71,8,259.88,0
tile1,49.875,6000.0,0,6000.0,258.38,0.48,8,259.88,0
tile1,49.875,6000.0,1,14335.09,1023.0,0.0,8,259.88,1
tile1,49.875,6000.0,2,22670.18,266.25,0.66,8,259.88,0
tile1,49.875,6000.0,3,31005.27,259.88,0.33,8,259.88,0
tile1,49.875,6000.0,4,39340.36,258.29,0.7,7,259.88,0
tile1,49.875,6050.0,0,6050.0,265.62,0.7,8,265.62,0
tile1,49.875,6050.0,1,14385.09,1023.0,0.0,8,265.62,1
tile1,49.875,6050.0,2,22720.18,266.57,0.49,7,265.62,0
tile1,49.875,6050.0,3,31055.27,259.86,0.35,7,265.62,0
tile1,49.875,6050.0,4,39390.36,258.86,0.35,7,265.62,0
tile1,49.875,6100.0,0,6100.0,279.75,0.43,8,266.88,0
tile1,49.875,6100.0,1,14435.09,1023.0,0.0,8,266.88,1
tile1,49.875,6100.0,2,22770.18,266.88,0.33,8,266.88,0
tile1,49.875,6100.0,3,31105.27,260.0,0.0,7,266.88,0
tile1,49.875,6100.0,4,39440.36,258.71,0.45,7,266.88,0
tile1,49.875,6150.0,0,6150.0,295.62,0.48,8,266.86,0
tile1,49.875,6150.0,1,14485.09,1023.0,0.0,8,266.86,1
tile1,49.875,6150.0,2,22820.18,266.86,0.35,7,266.86,0
tile1,49.875,6150.0,3,31155.27,260.0,0.0,7,266.86,0
tile1,49.875,6150.0,4,39490.36,259.0,0.0,7,266.86,0
tile1,49.875,6200.0,0,6200.0,310.88,0.33,8,267.0,0
tile1,49.875,6200.0,1,14535.09,1023.0,0.0,8,267.0,1
tile1,49.875,6200.0,2,22870.18,267.0,0.0,7,267.0,0
tile1,49.875,6200.0,3,31205.27,260.14,0.35,7,267.0,0
tile1,49.875,6200.0,4,39540.36,258.86,0.35,7,267.0,0
tile1,49.875,6250.0,0,6250.0,325.5,0.5,8,266.43,0
tile1,49.875,6250.0,1,14585.09,1023.0,0.0,7,266.43,1
tile1,49.875,6250.0,2,22920.18,266.43,0.49,7,266.43,0
tile1,49.875,6250.0,3,31255.27,260.0,0.0,7,266.43,0
tile1,49.875,6250.0,4,39590.36,258.71,0.45,7,266.43,0
tile1,49.875,6300.0,0,6300.0,338.0,0.0,8,264.62,0
tile1,49.875,6300.0,1,14635.09,1023.0,0.0,8,264.62,1
tile1,49.875,6300.0,2,22970.18,264.62,0.48,8,264.62,0
tile1,49.875,6300.0,3,31305.27,259.75,0.43,8,264.62,0
tile1,49.875,6300.0,4,39640.36,258.5,0.5,8,264.62,0
tile1,49.875,6350.0,0,6350.0,341.88,0.33,8,265.0,0
tile1,49.875,6350.0,1,14685.09,1023.0,0.0,8,265.0,1
tile1,49.875,6350.0,2,23020.18,265.0,0.0,8,265.0,0
tile1,49.875,6350.0,3,31355.27,259.86,0.35,7,265.0,0
tile1,49.875,6350.0,4,39690.36,259.0,0.0,7,265.0,0
tile1,49.875,6400.0,0,6400.0,341.62,0.48,8,265.0,0
tile1,49.875,6400.0,1,14735.09,1023.0,0.0,8,265.0,1
tile1,49.875,6400.0,2,23070.18,265.0,0.0,7,265.0,0
tile1,49.875,6400.0,3,31405.27,259.57,0.49,7,265.0,0
tile1,49.875,6400.0,4,39740.36,258.71,0.45,7,265.0,0
tile1,49.875,6450.0,0,6450.0,341.5,0.5,8,264.86,0
tile1,49.875,6450.0,1,14785.09,1023.0,0.0,7,264.86,1
tile1,49.875,6450.0,2,23120.18,264.86,0.35,7,264.86,0
tile1,49.875,6450.0,3,31455.27,259.71,0.45,7,264.86,0
tile1,49.875,6450.0,4,39790.36,258.57,0.49,7,264.86,0
tile1,49.875,6500.0,0,6500.0,341.75,0.43,8,265.0,0
tile1,49.875,6500.0,1,14835.09,1023.0,0.0,8,265.0,1
tile1,49.875,6500.0,2,23170.18,265.0,0.5,8,265.0,0
tile1,49.875,6500.0,3,31505.27,259.75,0.43,8,265.0,0
tile1,49.875,6500.0,4,39840.36,258.43,0.49,7,265.0,0
tile1,49.875,6550.0,0,6550.0,341.38,0.48,8,265.0,0
tile1,49.875,6550.0,1,14885.09,1023.0,0.0,8,265.0,1
tile1,49.875,6550.0,2,23220.18,265.0,0.0,7,265.0,0
tile1,49.875,6550.0,3,31555.27,259.71,0.45,7,265.0,0
tile1,49.875,6550.0,4,39890.36,258.71,0.45,7,265.0,0
tile1,49.875,6600.0,0,6600.0,341.5,0.5,8,264.88,0
tile1,49.875,6600.0,1,14935.09,1023.0,0.0,8,264.88,1
tile1,49.875,6600.0,2,23270.18,264.88,0.33,8,264.88,0
tile1,49.875,6600.0,3,31605.27,259.38,0.48,8,264.88,0
tile1,49.875,6600.0,4,39940.36,258.0,0.0,8,264.88,0
tile1,49.875,6650.0,0,6650.0,314.12,2.2,8,238.12,0
tile1,49.875,6650.0,1,14985.09,1023.0,0.0,8,238.12,1
tile1,49.875,6650.0,2,23320.18,238.12,1.45,8,238.12,0
tile1,49.875,6650.0,3,31655.27,231.88,1.69,8,238.12,0
tile1,49.875,6650.0,4,39990.36,230.12,1.17,8,238.12,0
tile1,49.875,6700.0,0,6700.0,240.0,0.0,8,155.0,0
tile1,49.875,6700.0,1,15035.09,1023.0,0.0,8,155.0,1
tile1,49.875,6700.0,2,23370.18,155.0,0.0,8,155.0,0
tile1,49.875,6700.0,3,31705.27,153.29,0.45,7,155.0,0
tile1,49.875,6700.0,4,40040.36,152.57,0.49,7,155.0,0
tile1,49.875,6750.0,0,6750.0,239.88,0.33,8,156.86,0
tile1,49.875,6750.0,1,15085.09,1023.0,0.0,7,156.86,1
tile1,49.875,6750.0,2,23420.18,156.86,0.35,7,156.86,0
tile1,49.875,6750.0,3,31755.27,153.0,0.0,7,156.86,0
tile1,49.875,6750.0,4,40090.36,152.0,0.0,7,156.86,0
tile1,49.875,6800.0,0,6800.0,239.62,0.48,8,157.12,0
tile1,49.875,6800.0,1,15135.09,1023.0,0.0,8,157.12,1
tile1,49.875,6800.0,2,23470.18,157.12,0.33,8,157.12,0
tile1,49.875,6800.0,3,31805.27,153.0,0.0,8,157.12,0
tile1,49.875,6800.0,4,40140.36,152.0,0.0,7,157.12,0
tile1,49.875,6850.0,0,6850.0,239.38,0.48,8,158.0,0
tile1,49.875,6850.0,1,15185.09,1023.0,0.0,8,158.0,1
tile1,49.875,6850.0,2,23520.18,158.0,0.0,8,158.0,0
tile1,49.875,6850.0,3,31855.27,153.12,0.33,8,158.0,0
tile1,49.875,6850.0,4,40190.36,152.12,0.33,8,158.0,0
tile1,49.875,6900.0,0,6900.0,239.75,0.43,8,158.75,0
tile1,49.875,6900.0,1,15235.09,1023.0,0.0,8,158.75,1
tile1,49.875,6900.0,2,23570.18,158.75,0.43,8,158.75,0
tile1,49.875,6900.0,3,31905.27,153.57,0.49,7,158.75,0
tile1,49.875,6900.0,4,40240.36,152.0,0.0,7,158.75,0
tile1,49.875,6950.0,0,6950.0,240.75,0.43,8,159.0,0
tile1,49.875,6950.0,1,15285.09,1023.0,0.0,8,159.0,1
tile1,49.875,6950.0,2,23620.18,159.0,0.0,8,159.0,0
tile1,49.875,6950.0,3,31955.27,153.88,0.33,8,159.0,0
tile1,49.875,6950.0,4,40290.36,152.14,0.35,7,159.0,0
tile1,49.875,7000.0,0,7000.0,242.88,0.33,8,160.0,0
tile1,49.875,7000.0,1,15335.09,1023.0,0.0,8,160.0,1
tile1,49.875,7000.0,2,23670.18,160.0,0.0,8,160.0,0
tile1,49.875,7000.0,3,32005.27,153.88,0.33,8,160.0,0
tile1,49.875,7000.0,4,40340.36,152.12,0.33,8,160.0,0
tile1,49.875,7050.0,0,7050.0,243.5,0.5,8,160.57,0
tile1,49.875,7050.0,1,15385.09,1023.0,0.0,7,160.57,1
tile1,49.875,7050.0,2,23720.18,160.57,0.49,7,160.57,0
tile1,49.875,7050.0,3,32055.27,154.0,0.0,7,160.57,0
tile1,49.875,7050.0,4,40390.36,152.43,0.49,7,160.57,0
tile1,49.875,7100.0,0,7100.0,243.62,0.48,8,161.0,0
tile1,49.875,7100.0,1,15435.09,1023.0,0.0,8,161.0,1
tile1,49.875,7100.0,2,23770.18,161.0,0.0,8,161.0,0
tile1,49.875,7100.0,3,32105.27,154.0,0.0,8,161.0,0
tile1,49.875,7100.0,4,40440.36,152.57,0.49,7,161.0,0
tile1,49.875,7150.0,0,7150.0,243.75,0.43,8,161.75,0
tile1,49.875,7150.0,1,15485.09,1023.0,0.0,8,161.75,1
tile1,49.875,7150.0,2,23820.18,161.75,0.43,8,161.75,0
tile1,49.875,7150.0,3,32155.27,154.25,0.43,8,161.75,0
tile1,49.875,7150.0,4,40490.36,152.62,0.48,8,161.75,0
tile1,49.875,7200.0,0,7200.0,246.0,0.0,8,162.0,0
tile1,49.875,7200.0,1,15535.09,1023.0,0.0,8,162.0,1
tile1,49.875,7200.0,2,23870.18,162.0,0.0,8,162.0,0
tile1,49.875,7200.0,3,32205.27,154.57,0.49,7,162.0,0
tile1,49.875,7200.0,4,40540.36,152.57,0.49,7,162.0,0
tile1,49.875,7250.0,0,7250.0,253.5,0.5,8,162.5,0
tile1,49.875,7250.0,1,15585.09,1023.0,0.0,8,162.5,1
tile1,49.875,7250.0,2,23920.18,162.5,0.5,8,162.5,0
tile1,49.875,7250.0,3,32255.27,154.75,0.43,8,162.5,0
tile1,49.875,7250.0,4,40590.36,152.88,0.33,8,162.5,0
tile1,49.875,7300.0,0,7300.0,261.0,0.0,8,162.86,0
tile1,49.875,7300.0,1,15635.09,1023.0,0.0,7,162.86,1
tile1,49.875,7300.0,2,23970.18,162.86,0.35,7,162.86,0
tile1,49.875,7300.0,3,32305.27,154.71,0.45,7,162.86,0
tile1,49.875,7300.0,4,40640.36,152.57,0.49,7,162.86,0
tile1,49.875,7350.0,0,7350.0,269.12,0.33,8,163.0,1
tile1,49.875,7350.0,1,15685.09,1023.0,0.0,8,163.0,1
tile1,49.875,7350.0,2,24020.18,163.0,0.0,8,163.0,0
tile1,49.875,7350.0,3,32355.27,154.75,0.43,8,163.0,0
tile1,49.875,7350.0,4,40690.36,152.57,0.49,7,163.0,0
tile1,49.875,7400.0,0,7400.0,276.88,0.33,8,163.0,1
tile1,49.875,7400.0,1,15735.09,1023.0,0.0,8,163.0,1
tile1,49.875,7400.0,2,24070.18,163.0,0.0,7,163.0,0
tile1,49.875,7400.0,3,32405.27,155.0,0.0,7,163.0,0
tile1,49.875,7400.0,4,40740.36,152.86,0.35,7,163.0,0
tile1,49.875,7450.0,0,7450.0,283.12,0.33,8,163.62,1
tile1,49.875,7450.0,1,15785.09,1022.75,0.43,8,163.62,1
tile1,49.875,7450.0,2,24120.18,163.62,0.48,8,163.62,0
tile1,49.875,7450.0,3,32455.27,155.0,0.0,8,163.62,0
tile1,49.875,7450.0,4,40790.36,152.86,0.35,7,163.62,0
tile1,49.875,7500.0,0,7500.0,285.0,0.0,8,164.0,1
tile1,49.875,7500.0,1,15835.09,1022.62,0.48,8,164.0,1
tile1,49.875,7500.0,2,24170.18,164.0,0.0,7,164.0,0
tile1,49.875,7500.0,3,32505.27,155.0,0.0,7,164.0,0
tile1,49.875,7500.0,4,40840.36,152.86,0.35,7,164.0,0
tile1,49.875,7550.0,0,7550.0,285.0,0.0,8,164.0,1
tile1,49.875,7550.0,1,15885.09,1022.38,0.48,8,164.0,1
tile1,49.875,7550.0,2,24220.18,164.0,0.0,7,164.0,0
tile1,49.875,7550.0,3,32555.27,155.0,0.0,7,164.0,0
tile1,49.875,7550.0,4,40890.36,152.86,0.35,7,164.0,0
tile1,49.875,7600.0,0,7600.0,285.88,0.33,8,164.0,1
tile1,49.875,7600.0,1,15935.09,1022.5,0.5,8,164.0,1
tile1,49.875,7600.0,2,24270.18,164.0,0.0,8,164.0,0
tile1,49.875,7600.0,3,32605.27,155.0,0.0,8,164.0,0
tile1,49.875,7600.0,4,40940.36,152.86,0.35,7,164.0,0
tile1,49.875,7650.0,0,7650.0,294.12,0.33,8,164.5,1
tile1,49.875,7650.0,1,15985.09,1022.75,0.43,8,164.5,1
tile1,49.875,7650.0,2,24320.18,164.5,0.5,8,164.5,0
tile1,49.875,7650.0,3,32655.27,155.0,0.0,8,164.5,0
tile1,49.875,7650.0,4,40990.36,153.0,0.0,8,164.5,0
tile1,49.875,7700.0,0,7700.0,309.62,0.48,8,164.71,1
tile1,49.875,7700.0,1,16035.09,1022.0,0.0,7,164.71,1
tile1,49.875,7700.0,2,24370.18,164.71,0.45,7,164.71,0
tile1,49.875,7700.0,3,32705.27,155.14,0.35,7,164.71,0
tile1,49.875,7700.0,4,41040.36,153.0,0.0,7,164.71,0
tile1,49.875,7750.0,0,7750.0,325.88,0.33,8,165.0,1
tile1,49.875,7750.0,1,16085.09,1022.0,0.0,8,165.0,1
tile1,49.875,7750.0,2,24420.18,165.0,0.0,8,165.0,0
tile1,49.875,7750.0,3,32755.27,155.12,0.33,8,165.0,0
tile1,49.875,7750.0,4,41090.36,153.0,0.0,7,165.0,0
tile1,49.875,7800.0,0,7800.0,341.12,0.33,8,164.88,1
tile1,49.875,7800.0,1,16135.09,1022.0,0.0,8,164.88,1
tile1,49.875,7800.0,2,24470.18,164.88,0.33,8,164.88,0
tile1,49.875,7800.0,3,32805.27,155.0,0.0,7,164.88,0
tile1,49.875,7800.0,4,41140.36,153.0,0.0,7,164.88,0
tile1,49.875,7850.0,0,7850.0,357.0,0.0,8,165.0,1
tile1,49.875,7850.0,1,16185.09,1021.0,0.0,8,165.0,1
tile1,49.875,7850.0,2,24520.18,165.0,0.0,8,165.0,0
tile1,49.875,7850.0,3,32855.27,155.14,0.35,7,165.0,0
tile1,49.875,7850.0,4,41190.36,153.0,0.0,7,165.0,0
tile1,49.875,7900.0,0,7900.0,373.0,0.0,8,165.0,1
tile1,49.875,7900.0,1,16235.09,1019.0,0.0,8,165.0,1
tile1,49.875,7900.0,2,24570.18,165.0,0.0,8,165.0,0
tile1,49.875,7900.0,3,32905.27,155.12,0.33,8,165.0,0
tile1,49.875,7900.0,4,41240.36,153.0,0.0,7,165.0,0
tile1,49.875,7950.0,0,7950.0,388.25,0.43,8,165.0,1
tile1,49.875,7950.0,1,16285.09,1015.0,0.0,7,165.0,1
tile1,49.875,7950.0,2,24620.18,165.0,0.0,7,165.0,0
tile1,49.875,7950.0,3,32955.27,155.29,0.45,7,165.0,0
tile1,49.875,7950.0,4,41290.36,153.0,0.0,7,165.0,0
tile1,49.875,8000.0,0,8000.0,397.0,0.0,8,165.12,1
tile1,49.875,8000.0,1,16335.09,1011.25,0.43,8,165.12,1
tile1,49.875,8000.0,2,24670.18,165.12,0.33,8,165.12,0
tile1,49.875,8000.0,3,33005.27,155.29,0.45,7,165.12,0
tile1,49.875,8000.0,4,41340.36,153.0,0.0,7,165.12,0
tile1,49.875,8050.0,0,8050.0,397.75,0.43,8,165.0,1
tile1,49.875,8050.0,1,16385.09,1011.0,0.0,8,165.0,1
tile1,49.875,8050.0,2,24720.18,165.0,0.0,8,165.0,0
tile1,49.875,8050.0,3,33055.27,155.38,0.48,8,165.0,0
tile1,49.875,8050.0,4,41390.36,153.0,0.0,7,165.0,0
tile1,49.875,8100.0,0,8100.0,397.75,0.43,8,165.12,1
tile1,49.875,8100.0,1,16435.09,1011.0,0.0,8,165.12,1
tile1,49.875,8100.0,2,24770.18,165.12,0.33,8,165.12,0
tile1,49.875,8100.0,3,33105.27,155.12,0.33,8,165.12,0
tile1,49.875,8100.0,4,41440.36,153.0,0.0,7,165.12,0
tile1,49.875,8150.0,0,8150.0,397.88,0.33,8,165.43,1
tile1,49.875,8150.0,1,16485.09,1011.14,0.35,7,165.43,1
tile1,49.875,8150.0,2,24820.18,165.43,0.49,7,165.43,0
tile1,49.875,8150.0,3,33155.27,155.57,0.49,7,165.43,0
tile1,49.875,8150.0,4,41490.36,153.0,0.0,7,165.43,0
tile1,49.875,8200.0,0,8200.0,406.88,0.6,8,165.86,1
tile1,49.875,8200.0,1,16535.09,1006.14,0.35,7,165.86,1
tile1,49.875,8200.0,2,24870.18,165.86,0.35,7,165.86,0
tile1,49.875,8200.0,3,33205.27,155.57,0.49,7,165.86,0
tile1,49.875,8200.0,4,41540.36,153.0,0.0,7,165.86,0
tile1,49.875,8250.0,0,8250.0,434.38,0.86,8,165.14,1
tile1,49.875,8250.0,1,16585.09,981.71,1.28,7,165.14,1
tile1,49.875,8250.0,2,24920.18,165.14,0.35,7,165.14,0
tile1,49.875,8250.0,3,33255.27,155.14,0.35,7,165.14,0
tile1,49.875,8250.0,4,41590.36,153.0,0.0,7,165.14,0
tile2,25.125,0.0,0,0.0,153.88,0.33,8,167.0,0
tile2,25.125,0.0,1,8335.09,474.75,0.66,8,167.0,1
tile2,25.125,0.0,2,16670.18,936.62,1.11,8,167.0,1
tile2,25.125,0.0,3,25005.27,167.0,0.0,8,167.0,0
tile2,25.125,0.0,4,33340.36,156.38,0.48,8,167.0,0
tile2,25.125,25.0,0,25.0,153.75,0.43,8,167.0,0
tile2,25.125,25.0,1,8360.09,492.86,0.64,7,167.0,1
tile2,25.125,25.0,2,16695.18,916.43,0.73,7,167.0,1
tile2,25.125,25.0,3,25030.27,167.0,0.0,7,167.0,0
tile2,25.125,25.0,4,33365.36,156.29,0.45,7,167.0,0
tile2,25.125,50.0,0,50.0,154.0,0.0,8,166.86,0
tile2,25.125,50.0,1,8385.09,511.88,0.6,8,166.86,1
tile2,25.125,50.0,2,16720.18,894.75,0.97,8,166.86,1
tile2,25.125,50.0,3,25055.27,166.86,0.35,7,166.86,0
tile2,25.125,50.0,4,33390.36,156.14,0.35,7,166.86,0
tile2,25.125,75.0,0,75.0,153.88,0.33,8,166.57,0
tile2,25.125,75.0,1,8410.09,530.75,0.66,8,166.57,1
tile2,25.125,75.0,2,16745.18,873.38,1.41,8,166.57,1
tile2,25.125,75.0,3,25080.27,166.57,0.49,7,166.57,0
tile2,25.125,75.0,4,33415.36,156.0,0.0,7,166.57,0
tile2,25.125,100.0,0,100.0,154.0,0.0,8,166.88,0
tile2,25.125,100.0,1,8435.09,550.12,0.93,8,166.88,1
tile2,25.125,100.0,2,16770.18,851.62,0.7,8,166.88,1
tile2,25.125,100.0,3,25105.27,166.88,0.33,8,166.88,0
tile2,25.125,100.0,4,33440.36,156.25,0.43,8,166.88,0
tile2,25.125,125.0,0,125.0,154.0,0.0,8,166.71,0
tile2,25.125,125.0,1,8460.09,570.38,0.48,8,166.71,1
tile2,25.125,125.0,2,16795.18,829.88,0.78,8,166.71,1
tile2,25.125,125.0,3,25130.27,166.71,0.45,7,166.71,0
tile2,25.125,125.0,4,33465.36,156.43,0.49,7,166.71,0
tile2,25.125,150.0,0,150.0,154.0,0.0,8,166.86,0
tile2,25.125,150.0,1,8485.09,592.38,0.99,8,166.86,1
tile2,25.125,150.0,2,16820.18,807.25,0.83,8,166.86,1
tile2,25.125,150.0,3,25155.27,166.86,0.35,7,166.86,0
tile2,25.125,150.0,4,33490.36,156.0,0.0,7,166.86,0
tile2,25.125,175.0,0,175.0,154.0,0.0,8,166.62,0
tile2,25.125,175.0,1,8510.09,613.25,0.43,8,166.62,1
tile2,25.125,175.0,2,16845.18,784.62,0.86,8,166.62,1
tile2,25.125,175.0,3,25180.27,166.62,0.48,8,166.62,0
tile2,25.125,175.0,4,33515.36,156.38,0.48,8,166.62,0
tile2,25.125,200.0,0,200.0,154.0,0.0,8,166.5,0
tile2,25.125,200.0,1,8535.09,635.75,0.66,8,166.5,1
tile2,25.125,200.0,2,16870.18,761.25,1.09,8,166.5,1
tile2,25.125,200.0,3,25205.27,166.5,0.5,8,166.5,0
tile2,25.125,200.0,4,33540.36,156.0,0.0,8,166.5,0
tile2,25.125,225.0,0,225.0,154.0,0.0,8,166.86,0
tile2,25.125,225.0,1,8560.09,658.12,0.78,8,166.86,1
tile2,25.125,225.0,2,16895.18,738.57,0.73,7,166.86,1
tile2,25.125,225.0,3,25230.27,166.86,0.35,7,166.86,0
tile2,25.125,225.0,4,33565.36,156.29,0.45,7,166.86,0
tile2,25.125,250.0,0,250.0,153.88,0.33,8,166.86,0
tile2,25.125,250.0,1,8585.09,680.71,0.7,7,166.86,1
tile2,25.125,250.0,2,16920.18,715.71,0.88,7,166.86,1
tile2,25.125,250.0,3,25255.27,166.86,0.35,7,166.86,0
tile2,25.125,250.0,4,33590.36,156.14,0.35,7,166.86,0
tile2,25.125,275.0,0,275.0,153.88,0.33,8,166.43,0
tile2,25.125,275.0,1,8610.09,699.29,0.45,7,166.43,1
tile2,25.125,275.0,2,16945.18,698.57,0.49,7,166.43,1
tile2,25.125,275.0,3,25280.27,166.43,0.49,7,166.43,0
tile2,25.125,275.0,4,33615.36,156.14,0.35,7,166.43,0
tile2,25.125,300.0,0,300.0,154.0,0.0,8,166.75,0
tile2,25.125,300.0,1,8635.09,710.75,0.43,8,166.75,1
tile2,25.125,300.0,2,16970.18,687.0,0.5,8,166.75,1
tile2,25.125,300.0,3,25305.27,166.75,0.43,8,166.75,0
tile2,25.125,300.0,4,33640.36,156.62,0.48,8,166.75,0
tile2,25.125,325.0,0,325.0,154.0,0.0,8,166.57,0
tile2,25.125,325.0,1,8660.09,716.0,0.5,8,166.57,1
tile2,25.125,325.0,2,16995.18,682.5,0.5,8,166.57,1
tile2,25.125,325.0,3,25330.27,166.57,0.49,7,166.57,0
tile2,25.125,325.0,4,33665.36,156.0,0.0,7,166.57,0
tile2,25.125,350.0,0,350.0,154.0,0.0,8,166.71,0
tile2,25.125,350.0,1,8685.09,716.25,0.66,8,166.71,1
tile2,25.125,350.0,2,17020.18,682.88,0.6,8,166.71,1
tile2,25.125,350.0,3,25355.27,166.71,0.45,7,166.71,0
tile2,25.125,350.0,4,33690.36,156.14,0.35,7,166.71,0
tile2,25.125,375.0,0,375.0,155.0,0.0,8,167.57,0
tile2,25.125,375.0,1,8710.09,715.57,0.49,7,167.57,1
tile2,25.125,375.0,2,17045.18,683.14,0.64,7,167.57,1
tile2,25.125,375.0,3,25380.27,167.57,0.49,7,167.57,0
tile2,25.125,375.0,4,33715.36,157.0,0.0,7,167.57,0
tile2,25.125,400.0,0,400.0,156.0,0.0,8,168.62,0
tile2,25.125,400.0,1,8735.09,715.38,0.48,8,168.62,1
tile2,25.125,400.0,2,17070.18,682.75,0.43,8,168.62,1
tile2,25.125,400.0,3,25405.27,168.62,0.48,8,168.62,0
tile2,25.125,400.0,4,33740.36,158.14,0.35,7,168.62,0
tile2,25.125,425.0,0,425.0,156.0,0.0,8,168.57,0
tile2,25.125,425.0,1,8760.09,715.25,0.43,8,168.57,1
tile2,25.125,425.0,2,17095.18,682.71,0.45,7,168.57,1
tile2,25.125,425.0,3,25430.27,168.57,0.49,7,168.57,0
tile2,25.125,425.0,4,33765.36,158.14,0.35,7,168.57,0
tile2,25.125,450.0,0,450.0,156.0,0.0,8,168.14,0
tile2,25.125,450.0,1,8785.09,715.57,0.49,7,168.14,1
tile2,25.125,450.0,2,17120.18,683.14,0.35,7,168.14,1
tile2,25.125,450.0,3,25455.27,168.14,0.35,7,168.14,0
tile2,25.125,450.0,4,33790.36,158.29,0.45,7,168.14,0
tile2,25.125,475.0,0,475.0,155.88,0.33,8,168.29,0
tile2,25.125,475.0,1,8810.09,715.71,0.7,7,168.29,1
tile2,25.125,475.0,2,17145.18,683.0,0.0,7,168.29,1
tile2,25.125,475.0,3,25480.27,168.29,0.45,7,168.29,0
tile2,25.125,475.0,4,33815.36,158.0,0.0,7,168.29,0
tile2,25.125,500.0,0,500.0,155.88,0.33,8,168.71,0
tile2,25.125,500.0,1,8835.09,718.62,0.7,8,168.71,1
tile2,25.125,500.0,2,17170.18,680.25,0.43,8,168.71,1
tile2,25.125,500.0,3,25505.27,168.71,0.45,7,168.71,0
tile2,25.125,500.0,4,33840.36,158.0,0.0,7,168.71,0
tile2,25.125,525.0,0,525.0,155.88,0.33,8,168.43,0
tile2,25.125,525.0,1,8860.09,722.43,0.49,7,168.43,1
tile2,25.125,525.0,2,17195.18,675.57,0.73,7,168.43,1
tile2,25.125,525.0,3,25530.27,168.43,0.49,7,168.43,0
tile2,25.125,525.0,4,33865.36,158.0,0.0,7,168.43,0
tile2,25.125,550.0,0,550.0,156.0,0.0,8,168.57,0
tile2,25.125,550.0,1,8885.09,835.38,93.25,8,168.57,1
tile2,25.125,550.0,2,17220.18,666.25,5.95,8,168.57,1
tile2,25.125,550.0,3,25555.27,168.57,0.49,7,168.57,0
tile2,25.125,550.0,4,33890.36,158.29,0.45,7,168.57,0
tile2,25.125,575.0,0,575.0,211.5,2.18,8,223.25,0
tile2,25.125,575.0,1,8910.09,1009.0,6.24,8,223.25,1
tile2,25.125,575.0,2,17245.18,668.25,1.48,8,223.25,1
tile2,25.125,575.0,3,25580.27,223.25,1.79,8,223.25,0
tile2,25.125,575.0,4,33915.36,214.12,2.85,8,223.25,0
tile2,25.125,600.0,0,600.0,232.25,0.43,8,242.71,0
tile2,25.125,600.0,1,8935.09,1016.57,2.77,7,242.71,1
tile2,25.125,600.0,2,17270.18,670.71,1.16,7,242.71,1
tile2,25.125,600.0,3,25605.27,242.71,0.45,7,242.71,0
tile2,25.125,600.0,4,33940.36,234.0,0.0,7,242.71,0
tile2,25.125,625.0,0,625.0,232.12,0.33,8,242.86,0
tile2,25.125,625.0,1,8960.09,1016.5,3.5,8,242.86,1
tile2,25.125,625.0,2,17295.18,670.75,1.98,8,242.86,1
tile2,25.125,625.0,3,25630.27,242.86,0.35,7,242.86,0
tile2,25.125,625.0,4,33965.36,234.0,0.0,7,242.86,0
tile2,25.125,650.0,0,650.0,231.88,0.33,8,242.57,0
tile2,25.125,650.0,1,8985.09,1018.38,1.73,8,242.57,1
tile2,25.125,650.0,2,17320.18,669.12,1.62,8,242.57,1
tile2,25.125,650.0,3,25655.27,242.57,0.49,7,242.57,0
tile2,25.125,650.0,4,33990.36,233.71,0.45,7,242.57,0
tile2,25.125,675.0,0,675.0,231.88,0.33,8,242.62,0
tile2,25.125,675.0,1,9010.09,1016.0,3.08,8,242.62,1
tile2,25.125,675.0,2,17345.18,670.62,1.65,8,242.62,1
tile2,25.125,675.0,3,25680.27,242.62,0.48,8,242.62,0
tile2,25.125,675.0,4,34015.36,233.88,0.33,8,242.62,0
tile2,25.125,700.0,0,700.0,232.0,0.0,8,242.43,0
tile2,25.125,700.0,1,9035.09,1019.0,2.67,7,242.43,1
tile2,25.125,700.0,2,17370.18,668.29,1.67,7,242.43,1
tile2,25.125,700.0,3,25705.27,242.43,0.49,7,242.43,0
tile2,25.125,700.0,4,34040.36,233.71,0.45,7,242.43,0
tile2,25.125,725.0,0,725.0,231.75,0.43,8,242.0,0
tile2,25.125,725.0,1,9060.09,1019.5,2.45,8,242.0,1
tile2,25.125,725.0,2,17395.18,668.25,1.98,8,242.0,1
tile2,25.125,725.0,3,25730.27,242.0,0.0,8,242.0,0
tile2,25.125,725.0,4,34065.36,233.14,0.35,7,242.0,0
tile2,25.125,750.0,0,750.0,231.88,0.33,8,242.14,0
tile2,25.125,750.0,1,9085.09,1016.75,2.63,8,242.14,1
tile2,25.125,750.0,2,17420.18,669.86,0.99,7,242.14,1
tile2,25.125,750.0,3,25755.27,242.14,0.35,7,242.14,0
tile2,25.125,750.0,4,34090.36,233.57,0.49,7,242.14,0
tile2,25.125,775.0,0,775.0,231.38,0.48,8,242.14,0
tile2,25.125,775.0,1,9110.09,1018.14,2.8,7,242.14,1
tile2,25.125,775.0,2,17445.18,668.57,2.26,7,242.14,1
tile2,25.125,775.0,3,25780.27,242.14,0.35,7,242.14,0
tile2,25.125,775.0,4,34115.36,233.14,0.35,7,242.14,0
tile2,25.125,800.0,0,800.0,231.38,0.48,8,241.88,0
tile2,25.125,800.0,1,9135.09,1019.0,2.35,8,241.88,1
tile2,25.125,800.0,2,17470.18,669.38,1.87,8,241.88,1
tile2,25.125,800.0,3,25805.27,241.88,0.33,8,241.88,0
tile2,25.125,800.0,4,34140.36,233.14,0.35,7,241.88,0
tile2,25.125,825.0,0,825.0,231.0,0.0,8,241.86,0
tile2,25.125,825.0,1,9160.09,1019.0,2.69,8,241.86,1
tile2,25.125,825.0,2,17495.18,662.14,1.46,7,241.86,1
tile2,25.125,825.0,3,25830.27,241.86,0.35,7,241.86,0
tile2,25.125,825.0,4,34165.36,233.0,0.0,7,241.86,0
tile2,25.125,850.0,0,850.0,231.62,0.48,8,242.0,0
tile2,25.125,850.0,1,9185.09,1022.0,0.0,8,242.0,1
tile2,25.125,850.0,2,17520.18,654.62,0.7,8,242.0,1
tile2,25.125,850.0,3,25855.27,242.0,0.0,8,242.0,0
tile2,25.125,850.0,4,34190.36,233.0,0.0,7,242.0,0
tile2,25.125,875.0,0,875.0,231.0,0.0,8,241.88,0
tile2,25.125,875.0,1,9210.09,779.25,1.98,8,241.88,1
tile2,25.125,875.0,2,17545.18,665.0,0.71,8,241.88,1
tile2,25.125,875.0,3,25880.27,241.88,0.33,8,241.88,0
tile2,25.125,875.0,4,34215.36,233.0,0.0,7,241.88,0
tile2,25.125,900.0,0,900.0,231.0,0.0,8,242.0,0
tile2,25.125,900.0,1,9235.09,746.43,0.49,7,242.0,1
tile2,25.125,900.0,2,17570.18,658.14,0.64,7,242.0,1
tile2,25.125,900.0,3,25905.27,242.0,0.0,7,242.0,0
tile2,25.125,900.0,4,34240.36,232.86,0.35,7,242.0,0
tile2,25.125,925.0,0,925.0,230.88,0.33,8,242.0,0
tile2,25.125,925.0,1,9260.09,743.88,0.33,8,242.0,1
tile2,25.125,925.0,2,17595.18,648.75,0.83,8,242.0,1
tile2,25.125,925.0,3,25930.27,242.0,0.0,8,242.0,0
tile2,25.125,925.0,4,34265.36,232.86,0.35,7,242.0,0
tile2,25.125,950.0,0,950.0,231.0,0.0,8,242.0,0
tile2,25.125,950.0,1,9285.09,753.25,0.66,8,242.0,1
tile2,25.125,950.0,2,17620.18,638.0,0.76,7,242.0,1
tile2,25.125,950.0,3,25955.27,242.0,0.0,7,242.0,0
tile2,25.125,950.0,4,34290.36,233.0,0.0,7,242.0,0
tile2,25.125,975.0,0,975.0,231.0,0.0,8,241.88,0
tile2,25.125,975.0,1,9310.09,763.62,0.86,8,241.88,1
tile2,25.125,975.0,2,17645.18,627.38,0.86,8,241.88,1
tile2,25.125,975.0,3,25980.27,241.88,0.33,8,241.88,0
tile2,25.125,975.0,4,34315.36,233.0,0.0,7,241.88,0
tile2,25.125,1000.0,0,1000.0,231.12,0.33,8,242.0,0
tile2,25.125,1000.0,1,9335.09,774.88,0.6,8,242.0,1
tile2,25.125,1000.0,2,17670.18,615.88,0.6,8,242.0,1
tile2,25.125,1000.0,3,26005.27,242.0,0.0,8,242.0,0
tile2,25.125,1000.0,4,34340.36,232.71,0.45,7,242.0,0
tile2,25.125,1025.0,0,1025.0,231.0,0.0,8,241.57,0
tile2,25.125,1025.0,1,9360.09,785.62,0.48,8,241.57,1
tile2,25.125,1025.0,2,17695.18,604.25,0.43,8,241.57,1
tile2,25.125,1025.0,3,26030.27,241.57,0.49,7,241.57,0
tile2,25.125,1025.0,4,34365.36,232.86,0.35,7,241.57,0
tile2,25.125,1050.0,0,1050.0,231.0,0.0,8,241.86,0
tile2,25.125,1050.0,1,9385.09,796.38,0.48,8,241.86,1
tile2,25.125,1050.0,2,17720.18,593.43,0.9,7,241.86,1
tile2,25.125,1050.0,3,26055.27,241.86,0.35,7,241.86,0
tile2,25.125,1050.0,4,34390.36,232.57,0.49,7,241.86,0
tile2,25.125,1075.0,0,1075.0,231.0,0.0,8,241.29,0
tile2,25.125,1075.0,1,9410.09,807.29,0.7,7,241.29,1
tile2,25.125,1075.0,2,17745.18,582.14,0.64,7,241.29,1
tile2,25.125,1075.0,3,26080.27,241.29,0.45,7,241.29,0
tile2,25.125,1075.0,4,34415.36,232.71,0.45,7,241.29,0
tile2,25.125,1100.0,0,1100.0,231.0,0.0,8,241.71,0
tile2,25.125,1100.0,1,9435.09,817.86,0.64,7,241.71,1
tile2,25.125,1100.0,2,17770.18,571.71,0.7,7,241.71,1
tile2,25.125,1100.0,3,26105.27,241.71,0.45,7,241.71,0
tile2,25.125,1100.0,4,34440.36,232.57,0.49,7,241.71,0
tile2,25.125,1125.0,0,1125.0,230.75,0.43,8,241.25,0
tile2,25.125,1125.0,1,9460.09,825.25,0.43,8,241.25,1
tile2,25.125,1125.0,2,17795.18,564.5,0.87,8,241.25,1
tile2,25.125,1125.0,3,26130.27,241.25,0.43,8,241.25,0
tile2,25.125,1125.0,4,34465.36,232.62,0.48,8,241.25,0
tile2,25.125,1150.0,0,1150.0,211.12,0.6,8,221.88,0
tile2,25.125,1150.0,1,9485.09,831.38,0.48,8,221.88,1
tile2,25.125,1150.0,2,17820.18,557.38,0.48,8,221.88,1
tile2,25.125,1150.0,3,26155.27,221.88,1.54,8,221.88,0
tile2,25.125,1150.0,4,34490.36,212.57,1.29,7,221.88,0
tile2,25.125,1175.0,0,1175.0,197.5,0.5,8,209.38,0
tile2,25.125,1175.0,1,9510.09,834.25,0.43,8,209.38,1
tile2,25.125,1175.0,2,17845.18,554.0,0.71,8,209.38,1
tile2,25.125,1175.0,3,26180.27,209.38,0.48,8,209.38,0
tile2,25.125,1175.0,4,34515.36,199.71,0.88,7,209.38,0
tile2,25.125,1200.0,0,1200.0,202.0,0.0,8,213.29,0
tile2,25.125,1200.0,1,9535.09,834.38,0.48,8,213.29,1
tile2,25.125,1200.0,2,17870.18,554.62,0.48,8,213.29,1
tile2,25.125,1200.0,3,26205.27,213.29,0.45,7,213.29,0
tile2,25.125,1200.0,4,34540.36,204.14,0.35,7,213.29,0
tile2,25.125,1225.0,0,1225.0,202.0,0.0,8,213.38,0
tile2,25.125,1225.0,1,9560.09,833.88,0.33,8,213.38,1
tile2,25.125,1225.0,2,17895.18,555.12,0.6,8,213.38,1
tile2,25.125,1225.0,3,26230.27,213.38,0.48,8,213.38,0
tile2,25.125,1225.0,4,34565.36,204.0,0.0,7,213.38,0
tile2,25.125,1250.0,0,1250.0,202.0,0.0,8,213.0,0
tile2,25.125,1250.0,1,9585.09,834.12,0.33,8,213.0,1
tile2,25.125,1250.0,2,17920.18,554.75,0.43,8,213.0,1
tile2,25.125,1250.0,3,26255.27,213.0,0.0,8,213.0,0
tile2,25.125,1250.0,4,34590.36,204.0,0.0,7,213.0,0
tile2,25.125,1275.0,0,1275.0,202.0,0.0,8,213.29,0
tile2,25.125,1275.0,1,9610.09,833.88,0.78,8,213.29,1
tile2,25.125,1275.0,2,17945.18,554.75,0.66,8,213.29,1
tile2,25.125,1275.0,3,26280.27,213.29,0.45,7,213.29,0
tile2,25.125,1275.0,4,34615.36,204.0,0.0,7,213.29,0
tile2,25.125,1300.0,0,1300.0,201.88,0.33,8,213.12,0
tile2,25.125,1300.0,1,9635.09,834.38,0.7,8,213.12,1
tile2,25.125,1300.0,2,17970.18,553.38,0.48,8,213.12,1
tile2,25.125,1300.0,3,26305.27,213.12,0.33,8,213.12,0
tile2,25.125,1300.0,4,34640.36,203.86,0.35,7,213.12,0
tile2,25.125,1325.0,0,1325.0,201.88,0.33,8,213.0,0
tile2,25.125,1325.0,1,9660.09,835.62,0.48,8,213.0,1
tile2,25.125,1325.0,2,17995.18,551.71,0.45,7,213.0,1
tile2,25.125,1325.0,3,26330.27,213.0,0.0,7,213.0,0
tile2,25.125,1325.0,4,34665.36,203.71,0.45,7,213.0,0
tile2,25.125,1350.0,0,1350.0,202.0,0.0,8,213.0,0
tile2,25.125,1350.0,1,9685.09,839.5,0.5,8,213.0,1
tile2,25.125,1350.0,2,18020.18,547.57,0.49,7,213.0,1
tile2,25.125,1350.0,3,26355.27,213.0,0.0,7,213.0,0
tile2,25.125,1350.0,4,34690.36,203.86,0.35,7,213.0,0
tile2,25.125,1375.0,0,1375.0,201.75,0.43,8,213.0,0
tile2,25.125,1375.0,1,9710.09,844.12,0.33,8,213.0,1
tile2,25.125,1375.0,2,18045.18,543.71,0.88,7,213.0,1
tile2,25.125,1375.0,3,26380.27,213.0,0.0,7,213.0,0
tile2,25.125,1375.0,4,34715.36,203.86,0.35,7,213.0,0
tile2,25.125,1400.0,0,1400.0,201.75,0.43,8,213.0,0
tile2,25.125,1400.0,1,9735.09,850.12,0.6,8,213.0,1
tile2,25.125,1400.0,2,18070.18,538.88,0.78,8,213.0,1
tile2,25.125,1400.0,3,26405.27,213.0,0.0,7,213.0,0
tile2,25.125,1400.0,4,34740.36,203.71,0.45,7,213.0,0
tile2,25.125,1425.0,0,1425.0,201.62,0.48,8,213.0,0
tile2,25.125,1425.0,1,9760.09,856.0,0.5,8,213.0,1
tile2,25.125,1425.0,2,18095.18,533.12,0.6,8,213.0,1
tile2,25.125,1425.0,3,26430.27,213.0,0.0,8,213.0,0
tile2,25.125,1425.0,4,34765.36,203.71,0.45,7,213.0,0
tile2,25.125,1450.0,0,1450.0,202.0,0.0,8,213.0,0
tile2,25.125,1450.0,1,9785.09,1023.0,0.0,8,213.0,1
tile2,25.125,1450.0,2,18120.18,505.88,0.6,8,213.0,1
tile2,25.125,1450.0,3,26455.27,213.0,0.0,7,213.0,0
tile2,25.125,1450.0,4,34790.36,203.86,0.35,7,213.0,0
tile2,25.125,1475.0,0,1475.0,201.38,0.48,8,212.86,0
tile2,25.125,1475.0,1,9810.09,1023.0,0.0,7,212.86,1
tile2,25.125,1475.0,2,18145.18,501.86,0.35,7,212.86,1
tile2,25.125,1475.0,3,26480.27,212.86,0.35,7,212.86,0
tile2,25.125,1475.0,4,34815.36,203.43,0.49,7,212.86,0
tile2,25.125,1500.0,0,1500.0,201.5,0.5,8,213.0,0
tile2,25.125,1500.0,1,9835.09,1023.0,0.0,8,213.0,1
tile2,25.125,1500.0,2,18170.18,497.57,0.73,7,213.0,1
tile2,25.125,1500.0,3,26505.27,213.0,0.0,7,213.0,0
tile2,25.125,1500.0,4,34840.36,203.57,0.49,7,213.0,0
tile2,25.125,1525.0,0,1525.0,201.62,0.48,8,213.0,0
tile2,25.125,1525.0,1,9860.09,1023.0,0.0,8,213.0,1
tile2,25.125,1525.0,2,18195.18,492.88,0.33,8,213.0,1
tile2,25.125,1525.0,3,26530.27,213.0,0.0,7,213.0,0
tile2,25.125,1525.0,4,34865.36,203.57,0.49,7,213.0,0
tile2,25.125,1550.0,0,1550.0,201.5,0.5,8,213.0,0
tile2,25.125,1550.0,1,9885.09,1022.88,0.33,8,213.0,1
tile2,25.125,1550.0,2,18220.18,498.75,2.05,8,213.0,1
tile2,25.125,1550.0,3,26555.27,213.0,0.0,8,213.0,0
tile2,25.125,1550.0,4,34890.36,203.43,0.49,7,213.0,0
tile2,25.125,1575.0,0,1575.0,201.5,0.5,8,213.0,0
tile2,25.125,1575.0,1,9910.09,878.88,0.33,8,213.0,1
tile2,25.125,1575.0,2,18245.18,508.38,0.7,8,213.0,1
tile2,25.125,1575.0,3,26580.27,213.0,0.0,8,213.0,0
tile2,25.125,1575.0,4,34915.36,203.5,0.5,8,213.0,0
tile2,25.125,1600.0,0,1600.0,201.25,0.43,8,213.0,0
tile2,25.125,1600.0,1,9935.09,880.5,0.5,8,213.0,1
tile2,25.125,1600.0,2,18270.18,505.0,0.5,8,213.0,1
tile2,25.125,1600.0,3,26605.27,213.0,0.0,8,213.0,0
tile2,25.125,1600.0,4,34940.36,203.38,0.48,8,213.0,0
tile2,25.125,1625.0,0,1625.0,201.62,0.48,8,213.0,0
tile2,25.125,1625.0,1,9960.09,883.38,0.48,8,213.0,1
tile2,25.125,1625.0,2,18295.18,501.75,0.66,8,213.0,1
tile2,25.125,1625.0,3,26630.27,213.0,0.0,8,213.0,0
tile2,25.125,1625.0,4,34965.36,203.25,0.43,8,213.0,0
tile2,25.125,1650.0,0,1650.0,201.12,0.33,8,212.86,0
tile2,25.125,1650.0,1,9985.09,888.88,0.33,8,212.86,1
tile2,25.125,1650.0,2,18320.18,498.25,0.66,8,212.86,1
tile2,25.125,1650.0,3,26655.27,212.86,0.35,7,212.86,0
tile2,25.125,1650.0,4,34990.36,203.14,0.35,7,212.86,0
tile2,25.125,1675.0,0,1675.0,201.38,0.48,8,213.0,0
tile2,25.125,1675.0,1,10010.09,898.0,0.5,8,213.0,1
tile2,25.125,1675.0,2,18345.18,494.29,0.45,7,213.0,1
tile2,25.125,1675.0,3,26680.27,213.0,0.0,7,213.0,0
tile2,25.125,1675.0,4,35015.36,203.14,0.35,7,213.0,0
tile2,25.125,1700.0,0,1700.0,201.38,0.48,8,212.86,0
tile2,25.125,1700.0,1,10035.09,923.12,1.45,8,212.86,1
tile2,25.125,1700.0,2,18370.18,488.43,0.73,7,212.86,1
tile2,25.125,1700.0,3,26705.27,212.86,0.35,7,212.86,0
tile2,25.125,1700.0,4,35040.36,203.29,0.45,7,212.86,0
tile2,25.125,1725.0,0,1725.0,201.38,0.48,8,213.0,0
tile2,25.125,1725.0,1,10060.09,1023.0,0.0,8,213.0,1
tile2,25.125,1725.0,2,18395.18,465.71,0.45,7,213.0,1
tile2,25.125,1725.0,3,26730.27,213.0,0.0,7,213.0,0
tile2,25.125,1725.0,4,35065.36,203.43,0.49,7,213.0,0
tile2,25.125,1750.0,0,1750.0,201.5,0.5,8,212.75,0
tile2,25.125,1750.0,1,10085.09,1023.0,0.0,8,212.75,1
tile2,25.125,1750.0,2,18420.18,461.5,0.87,8,212.75,1
tile2,25.125,1750.0,3,26755.27,212.75,0.43,8,212.75,0
tile2,25.125,1750.0,4,35090.36,203.12,0.33,8,212.75,0
tile2,25.125,1775.0,0,1775.0,201.12,0.33,8,212.57,0
tile2,25.125,1775.0,1,10110.09,1023.0,0.0,7,212.57,1
tile2,25.125,1775.0,2,18445.18,457.0,1.07,7,212.57,1
tile2,25.125,1775.0,3,26780.27,212.57,0.49,7,212.57,0
tile2,25.125,1775.0,4,35115.36,203.0,0.0,7,212.57,0
tile2,25.125,1800.0,0,1800.0,201.0,0.0,8,212.88,0
tile2,25.125,1800.0,1,10135.09,1023.0,0.0,8,212.88,1
tile2,25.125,1800.0,2,18470.18,452.62,0.48,8,212.88,1
tile2,25.125,1800.0,3,26805.27,212.88,0.33,8,212.88,0
tile2,25.125,1800.0,4,35140.36,203.0,0.0,7,212.88,0
tile2,25.125,1825.0,0,1825.0,201.0,0.0,8,212.86,0
tile2,25.125,1825.0,1,10160.09,1023.0,0.0,8,212.86,1
tile2,25.125,1825.0,2,18495.18,448.29,1.03,7,212.86,1
tile2,25.125,1825.0,3,26830.27,212.86,0.35,7,212.86,0
tile2,25.125,1825.0,4,35165.36,203.0,0.0,7,212.86,0
tile2,25.125,1850.0,0,1850.0,201.25,0.43,8,212.86,0
tile2,25.125,1850.0,1,10185.09,1023.0,0.0,7,212.86,1
tile2,25.125,1850.0,2,18520.18,444.43,0.49,7,212.86,1
tile2,25.125,1850.0,3,26855.27,212.86,0.35,7,212.86,0
tile2,25.125,1850.0,4,35190.36,203.14,0.35,7,212.86,0
tile2,25.125,1875.0,0,1875.0,201.5,0.5,8,212.57,0
tile2,25.125,1875.0,1,10210.09,1023.0,0.0,7,212.57,1
tile2,25.125,1875.0,2,18545.18,439.86,0.99,7,212.57,1
tile2,25.125,1875.0,3,26880.27,212.57,0.49,7,212.57,0
tile2,25.125,1875.0,4,35215.36,203.71,0.45,7,212.57,0
tile2,25.125,1900.0,0,1900.0,201.12,0.33,8,212.88,0
tile2,25.125,1900.0,1,10235.09,1023.0,0.0,8,212.88,1
tile2,25.125,1900.0,2,18570.18,435.25,0.83,8,212.88,1
tile2,25.125,1900.0,3,26905.27,212.88,0.33,8,212.88,0
tile2,25.125,1900.0,4,35240.36,203.12,0.33,8,212.88,0
tile2,25.125,1925.0,0,1925.0,201.0,0.0,8,212.86,0
tile2,25.125,1925.0,1,10260.09,1023.0,0.0,7,212.86,1
tile2,25.125,1925.0,2,18595.18,431.71,0.7,7,212.86,1
tile2,25.125,1925.0,3,26930.27,212.86,0.35,7,212.86,0
tile2,25.125,1925.0,4,35265.36,203.0,0.0,7,212.86,0
tile2,25.125,1950.0,0,1950.0,201.75,0.43,8,213.12,0
tile2,25.125,1950.0,1,10285.09,1023.0,0.0,8,213.12,1
tile2,25.125,1950.0,2,18620.18,426.75,0.83,8,213.12,1
tile2,25.125,1950.0,3,26955.27,213.12,0.33,8,213.12,0
tile2,25.125,1950.0,4,35290.36,203.75,0.43,8,213.12,0
tile2,25.125,1975.0,0,1975.0,200.62,0.86,8,212.71,0
tile2,25.125,1975.0,1,10310.09,1023.0,0.0,7,212.71,1
tile2,25.125,1975.0,2,18645.18,423.0,0.76,7,212.71,1
tile2,25.125,1975.0,3,26980.27,212.71,0.45,7,212.71,0
tile2,25.125,1975.0,4,35315.36,203.0,0.0,7,212.71,0
tile2,25.125,2000.0,0,2000.0,163.38,1.22,8,173.57,0
tile2,25.125,2000.0,1,10335.09,1023.0,0.0,7,173.57,1
tile2,25.125,2000.0,2,18670.18,409.86,0.35,7,173.57,1
tile2,25.125,2000.0,3,27005.27,173.57,2.06,7,173.57,0
tile2,25.125,2000.0,4,35340.36,165.43,1.05,7,173.57,0
tile2,25.125,2025.0,0,2025.0,154.0,0.0,8,166.75,0
tile2,25.125,2025.0,1,10360.09,1023.0,0.0,8,166.75,1
tile2,25.125,2025.0,2,18695.18,413.75,0.97,8,166.75,1
tile2,25.125,2025.0,3,27030.27,166.75,0.43,8,166.75,0
tile2,25.125,2025.0,4,35365.36,156.62,0.48,8,166.75,0
tile2,25.125,2050.0,0,2050.0,154.0,0.0,8,166.0,0
tile2,25.125,2050.0,1,10385.09,978.25,1.79,8,166.0,1
tile2,25.125,2050.0,2,18720.18,421.62,0.48,8,166.0,1
tile2,25.125,2050.0,3,27055.27,166.0,0.0,7,166.0,0
tile2,25.125,2050.0,4,35390.36,156.43,0.49,7,166.0,0
tile2,25.125,2075.0,0,2075.0,154.0,0.0,8,166.14,0
tile2,25.125,2075.0,1,10410.09,968.88,0.78,8,166.14,1
tile2,25.125,2075.0,2,18745.18,420.71,0.45,7,166.14,1
tile2,25.125,2075.0,3,27080.27,166.14,0.35,7,166.14,0
tile2,25.125,2075.0,4,35415.36,156.29,0.45,7,166.14,0
tile2,25.125,2100.0,0,2100.0,154.0,0.0,8,166.14,0
tile2,25.125,2100.0,1,10435.09,966.29,0.7,7,166.14,1
tile2,25.125,2100.0,2,18770.18,420.29,0.7,7,166.14,1
tile2,25.125,2100.0,3,27105.27,166.14,0.35,7,166.14,0
tile2,25.125,2100.0,4,35440.36,156.14,0.35,7,166.14,0
tile2,25.125,2125.0,0,2125.0,154.0,0.0,8,166.0,0
tile2,25.125,2125.0,1,10460.09,964.62,0.48,8,166.0,1
tile2,25.125,2125.0,2,18795.18,420.88,0.6,8,166.0,1
tile2,25.125,2125.0,3,27130.27,166.0,0.0,8,166.0,0
tile2,25.125,2125.0,4,35465.36,156.0,0.0,7,166.0,0
tile2,25.125,2150.0,0,2150.0,158.5,1.0,8,169.57,0
tile2,25.125,2150.0,1,10485.09,1023.0,0.0,8,169.57,1
tile2,25.125,2150.0,2,18820.18,399.29,0.88,7,169.57,1
tile2,25.125,2150.0,3,27155.27,169.57,0.73,7,169.57,0
tile2,25.125,2150.0,4,35490.36,161.29,0.45,7,169.57,0
tile2,25.125,2175.0,0,2175.0,223.88,1.69,8,235.57,0
tile2,25.125,2175.0,1,10510.09,1023.0,0.0,8,235.57,1
tile2,25.125,2175.0,2,18845.18,420.5,1.73,8,235.57,1
tile2,25.125,2175.0,3,27180.27,235.57,0.9,7,235.57,0
tile2,25.125,2175.0,4,35515.36,226.57,1.4,7,235.57,0
tile2,25.125,2200.0,0,2200.0,231.88,0.33,8,242.5,0
tile2,25.125,2200.0,1,10535.09,1023.0,0.0,8,242.5,1
tile2,25.125,2200.0,2,18870.18,421.12,1.83,8,242.5,1
tile2,25.125,2200.0,3,27205.27,242.5,0.5,8,242.5,0
tile2,25.125,2200.0,4,35540.36,233.43,0.49,7,242.5,0
tile2,25.125,2225.0,0,2225.0,232.0,0.0,8,242.71,0
tile2,25.125,2225.0,1,10560.09,1023.0,0.0,7,242.71,1
tile2,25.125,2225.0,2,18895.18,420.71,1.58,7,242.71,1
tile2,25.125,2225.0,3,27230.27,242.71,0.45,7,242.71,0
tile2,25.125,2225.0,4,35565.36,233.57,0.49,7,242.71,0
tile2,25.125,2250.0,0,2250.0,231.62,0.48,8,242.14,0
tile2,25.125,2250.0,1,10585.09,1023.0,0.0,7,242.14,1
tile2,25.125,2250.0,2,18920.18,420.14,1.46,7,242.14,1
tile2,25.125,2250.0,3,27255.27,242.14,0.35,7,242.14,0
tile2,25.125,2250.0,4,35590.36,233.43,0.49,7,242.14,0
tile2,25.125,2275.0,0,2275.0,231.5,0.5,8,242.43,0
tile2,25.125,2275.0,1,10610.09,1023.0,0.0,8,242.43,1
tile2,25.125,2275.0,2,18945.18,420.5,2.35,8,242.43,1
tile2,25.125,2275.0,3,27280.27,242.43,0.49,7,242.43,0
tile2,25.125,2275.0,4,35615.36,233.43,0.49,7,242.43,0
tile2,25.125,2300.0,0,2300.0,231.38,0.48,8,242.14,0
tile2,25.125,2300.0,1,10635.09,1023.0,0.0,8,242.14,1
tile2,25.125,2300.0,2,18970.18,421.5,1.22,8,242.14,1
tile2,25.125,2300.0,3,27305.27,242.14,0.35,7,242.14,0
tile2,25.125,2300.0,4,35640.36,233.0,0.0,7,242.14,0
tile2,25.125,2325.0,0,2325.0,231.12,0.33,8,242.12,0
tile2,25.125,2325.0,1,10660.09,1023.0,0.0,8,242.12,1
tile2,25.125,2325.0,2,18995.18,421.88,1.62,8,242.12,1
tile2,25.125,2325.0,3,27330.27,242.12,0.33,8,242.12,0
tile2,25.125,2325.0,4,35665.36,233.12,0.33,8,242.12,0
tile2,25.125,2350.0,0,2350.0,231.38,0.48,8,241.88,0
tile2,25.125,2350.0,1,10685.09,1023.0,0.0,8,241.88,1
tile2,25.125,2350.0,2,19020.18,421.62,2.18,8,241.88,1
tile2,25.125,2350.0,3,27355.27,241.88,0.33,8,241.88,0
tile2,25.125,2350.0,4,35690.36,232.88,0.33,8,241.88,0
tile2,25.125,2375.0,0,2375.0,231.12,0.33,8,242.0,0
tile2,25.125,2375.0,1,10710.09,1023.0,0.0,8,242.0,1
tile2,25.125,2375.0,2,19045.18,421.88,1.54,8,242.0,1
tile2,25.125,2375.0,3,27380.27,242.0,0.0,8,242.0,0
tile2,25.125,2375.0,4,35715.36,233.0,0.0,7,242.0,0
tile2,25.125,2400.0,0,2400.0,231.12,0.33,8,241.86,0
tile2,25.125,2400.0,1,10735.09,1023.0,0.0,8,241.86,1
tile2,25.125,2400.0,2,19070.18,421.0,2.0,7,241.86,1
tile2,25.125,2400.0,3,27405.27,241.86,0.35,7,241.86,0
tile2,25.125,2400.0,4,35740.36,233.0,0.0,7,241.86,0
tile2,25.125,2425.0,0,2425.0,231.0,0.0,8,241.88,0
tile2,25.125,2425.0,1,10760.09,1023.0,0.0,8,241.88,1
tile2,25.125,2425.0,2,19095.18,420.5,1.0,8,241.88,1
tile2,25.125,2425.0,3,27430.27,241.88,0.33,8,241.88,0
tile2,25.125,2425.0,4,35765.36,232.86,0.35,7,241.88,0
tile2,25.125,2450.0,0,2450.0,231.12,0.33,8,242.0,0
tile2,25.125,2450.0,1,10785.09,1023.0,0.0,7,242.0,1
tile2,25.125,2450.0,2,19120.18,422.14,1.64,7,242.0,1
tile2,25.125,2450.0,3,27455.27,242.0,0.0,7,242.0,0
tile2,25.125,2450.0,4,35790.36,233.0,0.0,7,242.0,0
tile2,25.125,2475.0,0,2475.0,231.0,0.0,8,241.5,0
tile2,25.125,2475.0,1,10810.09,1023.0,0.0,8,241.5,1
tile2,25.125,2475.0,2,19145.18,419.62,2.39,8,241.5,1
tile2,25.125,2475.0,3,27480.27,241.5,0.5,8,241.5,0
tile2,25.125,2475.0,4,35815.36,232.75,0.43,8,241.5,0
tile2,25.125,2500.0,0,2500.0,231.0,0.0,8,241.88,0
tile2,25.125,2500.0,1,10835.09,1022.62,0.48,8,241.88,1
tile2,25.125,2500.0,2,19170.18,417.38,1.65,8,241.88,1
tile2,25.125,2500.0,3,27505.27,241.88,0.33,8,241.88,0
tile2,25.125,2500.0,4,35840.36,232.75,0.43,8,241.88,0
tile2,25.125,2525.0,0,2525.0,231.0,0.0,8,241.71,0
tile2,25.125,2525.0,1,10860.09,1023.0,0.0,8,241.71,1
tile2,25.125,2525.0,2,19195.18,413.62,0.86,8,241.71,1
tile2,25.125,2525.0,3,27530.27,241.71,0.45,7,241.71,0
tile2,25.125,2525.0,4,35865.36,233.0,0.0,7,241.71,0
tile2,25.125,2550.0,0,2550.0,231.0,0.0,8,241.71,0
tile2,25.125,2550.0,1,10885.09,948.43,0.73,7,241.71,1
tile2,25.125,2550.0,2,19220.18,433.86,0.83,7,241.71,1
tile2,25.125,2550.0,3,27555.27,241.71,0.45,7,241.71,0
tile2,25.125,2550.0,4,35890.36,232.71,0.45,7,241.71,0
tile2,25.125,2575.0,0,2575.0,230.88,0.33,8,241.43,0
tile2,25.125,2575.0,1,10910.09,942.0,0.71,8,241.43,1
tile2,25.125,2575.0,2,19245.18,434.57,0.49,7,241.43,1
tile2,25.125,2575.0,3,27580.27,241.43,0.49,7,241.43,0
tile2,25.125,2575.0,4,35915.36,232.43,0.49,7,241.43,0
tile2,25.125,2600.0,0,2600.0,230.88,0.33,8,241.88,0
tile2,25.125,2600.0,1,10935.09,938.5,0.71,8,241.88,1
tile2,25.125,2600.0,2,19270.18,434.5,0.5,8,241.88,1
tile2,25.125,2600.0,3,27605.27,241.88,0.33,8,241.88,0
tile2,25.125,2600.0,4,35940.36,232.88,0.33,8,241.88,0
tile2,25.125,2625.0,0,2625.0,230.75,0.43,8,241.5,0
tile2,25.125,2625.0,1,10960.09,937.88,0.6,8,241.5,1
tile2,25.125,2625.0,2,19295.18,434.62,0.86,8,241.5,1
tile2,25.125,2625.0,3,27630.27,241.5,0.5,8,241.5,0
tile2,25.125,2625.0,4,35965.36,232.57,0.49,7,241.5,0
tile2,25.125,2650.0,0,2650.0,230.25,0.43,8,241.25,0
tile2,25.125,2650.0,1,10985.09,938.5,0.71,8,241.25,1
tile2,25.125,2650.0,2,19320.18,434.75,0.66,8,241.25,1
tile2,25.125,2650.0,3,27655.27,241.25,0.43,8,241.25,0
tile2,25.125,2650.0,4,35990.36,232.57,0.49,7,241.25,0
tile2,25.125,2675.0,0,2675.0,230.5,0.5,8,241.25,0
tile2,25.125,2675.0,1,11010.09,938.25,0.43,8,241.25,1
tile2,25.125,2675.0,2,19345.18,435.0,0.5,8,241.25,1
tile2,25.125,2675.0,3,27680.27,241.25,0.43,8,241.25,0
tile2,25.125,2675.0,4,36015.36,232.5,0.5,8,241.25,0
tile2,25.125,2700.0,0,2700.0,230.38,0.48,8,241.29,0
tile2,25.125,2700.0,1,11035.09,936.86,0.35,7,241.29,1
tile2,25.125,2700.0,2,19370.18,434.86,0.64,7,241.29,1
tile2,25.125,2700.0,3,27705.27,241.29,0.45,7,241.29,0
tile2,25.125,2700.0,4,36040.36,232.14,0.35,7,241.29,0
tile2,25.125,2725.0,0,2725.0,215.5,1.0,8,225.62,0
tile2,25.125,2725.0,1,11060.09,1022.12,0.33,8,225.62,1
tile2,25.125,2725.0,2,19395.18,421.5,3.77,8,225.62,1
tile2,25.125,2725.0,3,27730.27,225.62,1.58,8,225.62,0
tile2,25.125,2725.0,4,36065.36,216.88,1.27,8,225.62,0
tile2,25.125,2750.0,0,2750.0,209.5,1.8,8,222.25,0
tile2,25.125,2750.0,1,11085.09,1023.0,0.0,8,222.25,1
tile2,25.125,2750.0,2,19420.18,418.12,0.6,8,222.25,1
tile2,25.125,2750.0,3,27755.27,222.25,1.85,8,222.25,0
tile2,25.125,2750.0,4,36090.36,210.62,2.0,8,222.25,0
tile2,25.125,2775.0,0,2775.0,207.62,0.48,8,219.0,0
tile2,25.125,2775.0,1,11110.09,1023.0,0.0,8,219.0,1
tile2,25.125,2775.0,2,19445.18,414.86,1.25,7,219.0,1
tile2,25.125,2775.0,3,27780.27,219.0,0.0,7,219.0,0
tile2,25.125,2775.0,4,36115.36,210.0,0.0,7,219.0,0
tile2,25.125,2800.0,0,2800.0,207.25,0.43,8,218.29,0
tile2,25.125,2800.0,1,11135.09,1023.0,0.0,8,218.29,1
tile2,25.125,2800.0,2,19470.18,409.38,1.58,8,218.29,1
tile2,25.125,2800.0,3,27805.27,218.29,0.45,7,218.29,0
tile2,25.125,2800.0,4,36140.36,209.29,0.45,7,218.29,0
tile2,25.125,2825.0,0,2825.0,207.0,0.0,8,218.5,0
tile2,25.125,2825.0,1,11160.09,1023.0,0.0,8,218.5,1
tile2,25.125,2825.0,2,19495.18,400.5,1.41,8,218.5,1
tile2,25.125,2825.0,3,27830.27,218.5,0.5,8,218.5,0
tile2,25.125,2825.0,4,36165.36,209.14,0.35,7,218.5,0
tile2,25.125,2850.0,0,2850.0,207.12,0.33,8,218.29,0
tile2,25.125,2850.0,1,11185.09,1023.0,0.0,8,218.29,1
tile2,25.125,2850.0,2,19520.18,389.29,1.58,7,218.29,1
tile2,25.125,2850.0,3,27855.27,218.29,0.45,7,218.29,0
tile2,25.125,2850.0,4,36190.36,209.0,0.0,7,218.29,0
tile2,25.125,2875.0,0,2875.0,207.12,0.33,8,218.43,0
tile2,25.125,2875.0,1,11210.09,1023.0,0.0,7,218.43,1
tile2,25.125,2875.0,2,19545.18,378.86,1.55,7,218.43,1
tile2,25.125,2875.0,3,27880.27,218.43,0.49,7,218.43,0
tile2,25.125,2875.0,4,36215.36,209.14,0.35,7,218.43,0
tile2,25.125,2900.0,0,2900.0,207.5,0.5,8,218.38,0
tile2,25.125,2900.0,1,11235.09,1023.0,0.0,8,218.38,1
tile2,25.125,2900.0,2,19570.18,368.38,1.22,8,218.38,1
tile2,25.125,2900.0,3,27905.27,218.38,0.48,8,218.38,0
tile2,25.125,2900.0,4,36240.36,209.29,0.45,7,218.38,0
tile2,25.125,2925.0,0,2925.0,207.0,0.0,8,218.29,0
tile2,25.125,2925.0,1,11260.09,1023.0,0.0,8,218.29,1
tile2,25.125,2925.0,2,19595.18,358.0,1.5,8,218.29,1
tile2,25.125,2925.0,3,27930.27,218.29,0.45,7,218.29,0
tile2,25.125,2925.0,4,36265.36,209.29,0.45,7,218.29,0
tile2,25.125,2950.0,0,2950.0,207.12,0.33,8,218.0,0
tile2,25.125,2950.0,1,11285.09,1023.0,0.0,8,218.0,1
tile2,25.125,2950.0,2,19620.18,347.62,1.49,8,218.0,1
tile2,25.125,2950.0,3,27955.27,218.0,0.0,7,218.0,0
tile2,25.125,2950.0,4,36290.36,209.0,0.0,7,218.0,0
tile2,25.125,2975.0,0,2975.0,207.25,0.43,8,218.0,0
tile2,25.125,2975.0,1,11310.09,1023.0,0.0,8,218.0,1
tile2,25.125,2975.0,2,19645.18,337.25,1.92,8,218.0,1
tile2,25.125,2975.0,3,27980.27,218.0,0.0,8,218.0,0
tile2,25.125,2975.0,4,36315.36,209.38,0.48,8,218.0,0
tile2,25.125,3000.0,0,3000.0,207.25,0.43,8,218.14,0
tile2,25.125,3000.0,1,11335.09,1023.0,0.0,8,218.14,1
tile2,25.125,3000.0,2,19670.18,329.12,1.83,8,218.14,1
tile2,25.125,3000.0,3,28005.27,218.14,0.35,7,218.14,0
tile2,25.125,3000.0,4,36340.36,209.0,0.0,7,218.14,0
tile2,25.125,3025.0,0,3025.0,207.5,0.5,8,218.0,0
tile2,25.125,3025.0,1,11360.09,1023.0,0.0,8,218.0,1
tile2,25.125,3025.0,2,19695.18,322.12,0.93,8,218.0,1
tile2,25.125,3025.0,3,28030.27,218.0,0.0,8,218.0,0
tile2,25.125,3025.0,4,36365.36,209.12,0.33,8,218.0,0
tile2,25.125,3050.0,0,3050.0,207.25,0.43,8,218.0,0
tile2,25.125,3050.0,1,11385.09,1023.0,0.0,8,218.0,1
tile2,25.125,3050.0,2,19720.18,320.12,0.78,8,218.0,1
tile2,25.125,3050.0,3,28055.27,218.0,0.0,8,218.0,0
tile2,25.125,3050.0,4,36390.36,209.25,0.43,8,218.0,0
tile2,25.125,3075.0,0,3075.0,207.38,0.48,8,218.0,0
tile2,25.125,3075.0,1,11410.09,1023.0,0.0,8,218.0,1
tile2,25.125,3075.0,2,19745.18,318.43,0.9,7,218.0,1
tile2,25.125,3075.0,3,28080.27,218.0,0.0,7,218.0,0
tile2,25.125,3075.0,4,36415.36,209.0,0.0,7,218.0,0
tile2,25.125,3100.0,0,3100.0,207.25,0.43,8,218.0,0
tile2,25.125,3100.0,1,11435.09,1023.0,0.0,7,218.0,1
tile2,25.125,3100.0,2,19770.18,319.71,0.45,7,218.0,1
tile2,25.125,3100.0,3,28105.27,218.0,0.0,7,218.0,0
tile2,25.125,3100.0,4,36440.36,209.0,0.0,7,218.0,0
tile2,25.125,3125.0,0,3125.0,206.62,0.48,8,217.0,0
tile2,25.125,3125.0,1,11460.09,1023.0,0.0,8,217.0,1
tile2,25.125,3125.0,2,19795.18,307.75,0.43,8,217.0,1
tile2,25.125,3125.0,3,28130.27,217.0,0.0,8,217.0,0
tile2,25.125,3125.0,4,36465.36,208.57,0.49,7,217.0,0
tile2,25.125,3150.0,0,3150.0,206.62,0.48,8,217.25,0
tile2,25.125,3150.0,1,11485.09,1012.75,5.93,8,217.25,1
tile2,25.125,3150.0,2,19820.18,321.0,3.97,8,217.25,1
tile2,25.125,3150.0,3,28155.27,217.25,0.43,8,217.25,0
tile2,25.125,3150.0,4,36490.36,208.62,0.48,8,217.25,0
tile2,25.125,3175.0,0,3175.0,206.62,0.48,8,217.12,0
tile2,25.125,3175.0,1,11510.09,1004.62,0.48,8,217.12,1
tile2,25.125,3175.0,2,19845.18,324.25,0.43,8,217.12,1
tile2,25.125,3175.0,3,28180.27,217.12,0.33,8,217.12,0
tile2,25.125,3175.0,4,36515.36,208.38,0.48,8,217.12,0
tile2,25.125,3200.0,0,3200.0,206.5,0.5,8,217.25,0
tile2,25.125,3200.0,1,11535.09,1001.5,0.5,8,217.25,1
tile2,25.125,3200.0,2,19870.18,325.5,0.5,8,217.25,1
tile2,25.125,3200.0,3,28205.27,217.25,0.43,8,217.25,0
tile2,25.125,3200.0,4,36540.36,208.71,0.45,7,217.25,0
tile2,25.125,3225.0,0,3225.0,206.88,0.33,8,217.71,0
tile2,25.125,3225.0,1,11560.09,1000.38,0.48,8,217.71,1
tile2,25.125,3225.0,2,19895.18,326.57,0.49,7,217.71,1
tile2,25.125,3225.0,3,28230.27,217.71,0.45,7,217.71,0
tile2,25.125,3225.0,4,36565.36,208.29,0.45,7,217.71,0
tile2,25.125,3250.0,0,3250.0,206.88,0.33,8,217.43,0
tile2,25.125,3250.0,1,11585.09,1000.0,0.0,7,217.43,1
tile2,25.125,3250.0,2,19920.18,326.0,0.0,7,217.43,1
tile2,25.125,3250.0,3,28255.27,217.43,0.49,7,217.43,0
tile2,25.125,3250.0,4,36590.36,208.43,0.49,7,217.43,0
tile2,25.125,3275.0,0,3275.0,206.88,0.33,8,217.0,0
tile2,25.125,3275.0,1,11610.09,1000.0,0.0,7,217.0,1
tile2,25.125,3275.0,2,19945.18,326.14,0.35,7,217.0,1
tile2,25.125,3275.0,3,28280.27,217.0,0.0,7,217.0,0
tile2,25.125,3275.0,4,36615.36,208.43,0.49,7,217.0,0
tile2,25.125,3300.0,0,3300.0,206.75,0.43,8,217.14,0
tile2,25.125,3300.0,1,11635.09,1000.12,0.33,8,217.14,1
tile2,25.125,3300.0,2,19970.18,326.38,0.48,8,217.14,1
tile2,25.125,3300.0,3,28305.27,217.14,0.35,7,217.14,0
tile2,25.125,3300.0,4,36640.36,208.43,0.49,7,217.14,0
tile2,25.125,3325.0,0,3325.0,206.88,0.33,8,217.38,0
tile2,25.125,3325.0,1,11660.09,1000.25,0.43,8,217.38,1
tile2,25.125,3325.0,2,19995.18,326.12,0.6,8,217.38,1
tile2,25.125,3325.0,3,28330.27,217.38,0.48,8,217.38,0
tile2,25.125,3325.0,4,36665.36,208.14,0.35,7,217.38,0
tile2,25.125,3350.0,0,3350.0,206.5,0.5,8,217.0,0
tile2,25.125,3350.0,1,11685.09,1023.0,0.0,8,217.0,1
tile2,25.125,3350.0,2,20020.18,308.0,0.0,8,217.0,1
tile2,25.125,3350.0,3,28355.27,217.0,0.0,7,217.0,0
tile2,25.125,3350.0,4,36690.36,208.43,0.49,7,217.0,0
tile2,25.125,3375.0,0,3375.0,201.88,1.45,8,213.0,0
tile2,25.125,3375.0,1,11710.09,1023.0,0.0,8,213.0,1
tile2,25.125,3375.0,2,20045.18,306.0,0.87,8,213.0,1
tile2,25.125,3375.0,3,28380.27,213.0,1.51,7,213.0,0
tile2,25.125,3375.0,4,36715.36,203.86,1.12,7,213.0,0
tile2,25.125,3400.0,0,3400.0,157.25,0.97,8,169.0,0
tile2,25.125,3400.0,1,11735.09,1023.0,0.0,8,169.0,1
tile2,25.125,3400.0,2,20070.18,290.0,0.53,7,169.0,1
tile2,25.125,3400.0,3,28405.27,169.0,1.07,7,169.0,0
tile2,25.125,3400.0,4,36740.36,159.29,1.58,7,169.0,0
tile2,25.125,3425.0,0,3425.0,154.0,0.0,8,166.0,0
tile2,25.125,3425.0,1,11760.09,1016.12,0.33,8,166.0,1
tile2,25.125,3425.0,2,20095.18,308.0,0.53,7,166.0,1
tile2,25.125,3425.0,3,28430.27,166.0,0.0,7,166.0,0
tile2,25.125,3425.0,4,36765.36,156.29,0.45,7,166.0,0
tile2,25.125,3450.0,0,3450.0,154.0,0.0,8,166.0,0
tile2,25.125,3450.0,1,11785.09,1013.0,0.0,8,166.0,1
tile2,25.125,3450.0,2,20120.18,308.71,0.45,7,166.0,1
tile2,25.125,3450.0,3,28455.27,166.0,0.0,7,166.0,0
tile2,25.125,3450.0,4,36790.36,156.14,0.35,7,166.0,0
tile2,25.125,3475.0,0,3475.0,153.75,0.43,8,166.0,0
tile2,25.125,3475.0,1,11810.09,1012.0,0.0,8,166.0,1
tile2,25.125,3475.0,2,20145.18,305.43,0.49,7,166.0,1
tile2,25.125,3475.0,3,28480.27,166.0,0.0,7,166.0,0
tile2,25.125,3475.0,4,36815.36,156.0,0.0,7,166.0,0
tile2,25.125,3500.0,0,3500.0,154.0,0.0,8,165.57,0
tile2,25.125,3500.0,1,11835.09,1012.86,0.35,7,165.57,1
tile2,25.125,3500.0,2,20170.18,294.57,0.49,7,165.57,1
tile2,25.125,3500.0,3,28505.27,165.57,0.49,7,165.57,0
tile2,25.125,3500.0,4,36840.36,156.0,0.0,7,165.57,0
tile2,25.125,3525.0,0,3525.0,154.0,0.0,8,165.29,0
tile2,25.125,3525.0,1,11860.09,1015.29,0.45,7,165.29,1
tile2,25.125,3525.0,2,20195.18,278.43,0.73,7,165.29,1
tile2,25.125,3525.0,3,28530.27,165.29,0.45,7,165.29,0
tile2,25.125,3525.0,4,36865.36,156.0,0.0,7,165.29,0
tile2,25.125,3550.0,0,3550.0,174.75,1.71,8,183.14,0
tile2,25.125,3550.0,1,11885.09,1017.0,0.0,8,183.14,1
tile2,25.125,3550.0,2,20220.18,266.88,0.6,8,183.14,1
tile2,25.125,3550.0,3,28555.27,183.14,1.46,7,183.14,0
tile2,25.125,3550.0,4,36890.36,176.29,1.03,7,183.14,0
tile2,25.125,3575.0,0,3575.0,230.25,0.43,8,239.0,0
tile2,25.125,3575.0,1,11910.09,1018.75,0.43,8,239.0,1
tile2,25.125,3575.0,2,20245.18,289.12,0.33,8,239.0,0
tile2,25.125,3575.0,3,28580.27,239.0,0.5,8,239.0,0
tile2,25.125,3575.0,4,36915.36,231.57,0.49,7,239.0,0
tile2,25.125,3600.0,0,3600.0,231.12,0.33,8,239.71,0
tile2,25.125,3600.0,1,11935.09,1021.0,0.0,8,239.71,1
tile2,25.125,3600.0,2,20270.18,281.29,0.45,7,239.71,0
tile2,25.125,3600.0,3,28605.27,239.71,0.45,7,239.71,0
tile2,25.125,3600.0,4,36940.36,232.86,0.35,7,239.71,0
tile2,25.125,3625.0,0,3625.0,231.5,0.5,8,238.86,0
tile2,25.125,3625.0,1,11960.09,1022.0,0.0,7,238.86,1
tile2,25.125,3625.0,2,20295.18,273.43,0.49,7,238.86,0
tile2,25.125,3625.0,3,28630.27,238.86,0.35,7,238.86,0
tile2,25.125,3625.0,4,36965.36,232.71,0.45,7,238.86,0
tile2,25.125,3650.0,0,3650.0,231.0,0.0,8,237.88,0
tile2,25.125,3650.0,1,11985.09,1022.0,0.0,8,237.88,1
tile2,25.125,3650.0,2,20320.18,267.0,0.0,8,237.88,0
tile2,25.125,3650.0,3,28655.27,237.88,0.33,8,237.88,0
tile2,25.125,3650.0,4,36990.36,232.12,0.33,8,237.88,0
tile2,25.125,3675.0,0,3675.0,231.12,0.6,8,236.75,0
tile2,25.125,3675.0,1,12010.09,1023.0,0.0,8,236.75,1
tile2,25.125,3675.0,2,20345.18,260.62,0.48,8,236.75,0
tile2,25.125,3675.0,3,28680.27,236.75,0.43,8,236.75,0
tile2,25.125,3675.0,4,37015.36,232.0,0.0,8,236.75,0
tile2,25.125,3700.0,0,3700.0,231.0,0.0,8,235.75,0
tile2,25.125,3700.0,1,12035.09,1023.0,0.0,8,235.75,1
tile2,25.125,3700.0,2,20370.18,255.5,0.5,8,235.75,0
tile2,25.125,3700.0,3,28705.27,235.75,0.43,8,235.75,0
tile2,25.125,3700.0,4,37040.36,232.0,0.0,7,235.75,0
tile2,25.125,3725.0,0,3725.0,231.0,0.0,8,235.0,0
tile2,25.125,3725.0,1,12060.09,1023.0,0.0,8,235.0,1
tile2,25.125,3725.0,2,20395.18,251.38,0.48,8,235.0,0
tile2,25.125,3725.0,3,28730.27,235.0,0.0,7,235.0,0
tile2,25.125,3725.0,4,37065.36,231.71,0.45,7,235.0,0
tile2,25.125,3750.0,0,3750.0,230.88,0.33,8,234.0,0
tile2,25.125,3750.0,1,12085.09,1023.0,0.0,8,234.0,1
tile2,25.125,3750.0,2,20420.18,247.29,0.45,7,234.0,0
tile2,25.125,3750.0,3,28755.27,234.0,0.0,7,234.0,0
tile2,25.125,3750.0,4,37090.36,231.14,0.35,7,234.0,0
tile2,25.125,3775.0,0,3775.0,230.75,0.43,8,233.14,0
tile2,25.125,3775.0,1,12110.09,1023.0,0.0,8,233.14,1
tile2,25.125,3775.0,2,20445.18,243.86,0.64,7,233.14,0
tile2,25.125,3775.0,3,28780.27,233.14,0.35,7,233.14,0
tile2,25.125,3775.0,4,37115.36,231.0,0.0,7,233.14,0
tile2,25.125,3800.0,0,3800.0,230.5,0.5,8,232.43,0
tile2,25.125,3800.0,1,12135.09,1023.0,0.0,7,232.43,1
tile2,25.125,3800.0,2,20470.18,240.71,0.45,7,232.43,0
tile2,25.125,3800.0,3,28805.27,232.43,0.49,7,232.43,0
tile2,25.125,3800.0,4,37140.36,230.86,0.35,7,232.43,0
tile2,25.125,3825.0,0,3825.0,230.0,0.0,8,231.86,0
tile2,25.125,3825.0,1,12160.09,1023.0,0.0,7,231.86,1
tile2,25.125,3825.0,2,20495.18,238.14,0.35,7,231.86,0
tile2,25.125,3825.0,3,28830.27,231.86,0.35,7,231.86,0
tile2,25.125,3825.0,4,37165.36,230.86,0.35,7,231.86,0
tile2,25.125,3850.0,0,3850.0,230.38,0.48,8,231.86,0
tile2,25.125,3850.0,1,12185.09,1023.0,0.0,8,231.86,1
tile2,25.125,3850.0,2,20520.18,237.12,0.33,8,231.86,0
tile2,25.125,3850.0,3,28855.27,231.86,0.35,7,231.86,0
tile2,25.125,3850.0,4,37190.36,230.29,0.45,7,231.86,0
tile2,25.125,3875.0,0,3875.0,230.38,0.48,8,231.43,0
tile2,25.125,3875.0,1,12210.09,1023.0,0.0,8,231.43,1
tile2,25.125,3875.0,2,20545.18,237.0,0.5,8,231.43,0
tile2,25.125,3875.0,3,28880.27,231.43,0.49,7,231.43,0
tile2,25.125,3875.0,4,37215.36,230.29,0.45,7,231.43,0
tile2,25.125,3900.0,0,3900.0,230.0,0.0,8,231.43,0
tile2,25.125,3900.0,1,12235.09,1023.0,0.0,8,231.43,1
tile2,25.125,3900.0,2,20570.18,237.0,0.0,7,231.43,0
tile2,25.125,3900.0,3,28905.27,231.43,0.49,7,231.43,0
tile2,25.125,3900.0,4,37240.36,230.57,0.49,7,231.43,0
tile2,25.125,3925.0,0,3925.0,230.12,0.33,8,231.29,0
tile2,25.125,3925.0,1,12260.09,1023.0,0.0,8,231.29,1
tile2,25.125,3925.0,2,20595.18,236.12,0.33,8,231.29,0
tile2,25.125,3925.0,3,28930.27,231.29,0.45,7,231.29,0
tile2,25.125,3925.0,4,37265.36,230.43,0.49,7,231.29,0
tile2,25.125,3950.0,0,3950.0,230.0,0.0,8,231.14,0
tile2,25.125,3950.0,1,12285.09,1023.0,0.0,8,231.14,1
tile2,25.125,3950.0,2,20620.18,236.29,0.45,7,231.14,0
tile2,25.125,3950.0,3,28955.27,231.14,0.35,7,231.14,0
tile2,25.125,3950.0,4,37290.36,230.29,0.45,7,231.14,0
tile2,25.125,3975.0,0,3975.0,230.25,0.43,8,231.0,0
tile2,25.125,3975.0,1,12310.09,1023.0,0.0,8,231.0,1
tile2,25.125,3975.0,2,20645.18,235.88,0.33,8,231.0,0
tile2,25.125,3975.0,3,28980.27,231.0,0.0,8,231.0,0
tile2,25.125,3975.0,4,37315.36,230.25,0.43,8,231.0,0
tile2,25.125,4000.0,0,4000.0,175.75,1.92,8,176.71,0
tile2,25.125,4000.0,1,12335.09,1023.0,0.0,8,176.71,1
tile2,25.125,4000.0,2,20670.18,177.0,1.51,7,176.71,0
tile2,25.125,4000.0,3,29005.27,176.43,2.13,7,176.71,0
tile2,25.125,4000.0,4,37340.36,176.71,2.12,7,176.71,0
tile2,25.125,4025.0,0,4025.0,153.12,0.33,8,154.12,0
tile2,25.125,4025.0,1,12360.09,1023.0,0.0,8,154.12,1
tile2,25.125,4025.0,2,20695.18,158.0,0.0,8,154.12,0
tile2,25.125,4025.0,3,29030.27,154.12,0.33,8,154.12,0
tile2,25.125,4025.0,4,37365.36,153.62,0.48,8,154.12,0
tile2,25.125,4050.0,0,4050.0,153.0,0.0,8,154.14,0
tile2,25.125,4050.0,1,12385.09,1023.0,0.0,7,154.14,1
tile2,25.125,4050.0,2,20720.18,158.0,0.0,7,154.14,0
tile2,25.125,4050.0,3,29055.27,154.14,0.35,7,154.14,0
tile2,25.125,4050.0,4,37390.36,153.0,0.0,7,154.14,0
tile2,25.125,4075.0,0,4075.0,153.0,0.0,8,154.0,0
tile2,25.125,4075.0,1,12410.09,1023.0,0.0,8,154.0,1
tile2,25.125,4075.0,2,20745.18,158.14,0.35,7,154.0,0
tile2,25.125,4075.0,3,29080.27,154.0,0.0,7,154.0,0
tile2,25.125,4075.0,4,37415.36,153.29,0.45,7,154.0,0
tile2,25.125,4100.0,0,4100.0,153.0,0.0,8,154.12,0
tile2,25.125,4100.0,1,12435.09,1023.0,0.0,8,154.12,1
tile2,25.125,4100.0,2,20770.18,158.0,0.0,8,154.12,0
tile2,25.125,4100.0,3,29105.27,154.12,0.33,8,154.12,0
tile2,25.125,4100.0,4,37440.36,153.12,0.33,8,154.12,0
tile2,25.125,4125.0,0,4125.0,153.0,0.0,8,154.0,0
tile2,25.125,4125.0,1,12460.09,1023.0,0.0,7,154.0,1
tile2,25.125,4125.0,2,20795.18,158.0,0.0,7,154.0,0
tile2,25.125,4125.0,3,29130.27,154.0,0.0,7,154.0,0
tile2,25.125,4125.0,4,37465.36,153.14,0.35,7,154.0,0
tile2,25.125,4150.0,0,4150.0,153.0,0.0,8,153.86,0
tile2,25.125,4150.0,1,12485.09,1023.0,0.0,8,153.86,1
tile2,25.125,4150.0,2,20820.18,157.88,0.33,8,153.86,0
tile2,25.125,4150.0,3,29155.27,153.86,0.35,7,153.86,0
tile2,25.125,4150.0,4,37490.36,153.0,0.0,7,153.86,0
tile2,25.125,4175.0,0,4175.0,183.38,1.49,8,184.57,0
tile2,25.125,4175.0,1,12510.09,1023.0,0.0,8,184.57,1
tile2,25.125,4175.0,2,20845.18,188.0,1.12,8,184.57,0
tile2,25.125,4175.0,3,29180.27,184.57,1.59,7,184.57,0
tile2,25.125,4175.0,4,37515.36,183.29,1.28,7,184.57,0
tile2,25.125,4200.0,0,4200.0,200.0,0.0,8,201.14,0
tile2,25.125,4200.0,1,12535.09,1023.0,0.0,8,201.14,1
tile2,25.125,4200.0,2,20870.18,205.29,0.45,7,201.14,0
tile2,25.125,4200.0,3,29205.27,201.14,0.35,7,201.14,0
tile2,25.125,4200.0,4,37540.36,200.14,0.35,7,201.14,0
tile2,25.125,4225.0,0,4225.0,201.0,0.0,8,201.71,0
tile2,25.125,4225.0,1,12560.09,1023.0,0.0,8,201.71,1
tile2,25.125,4225.0,2,20895.18,206.0,0.0,8,201.71,0
tile2,25.125,4225.0,3,29230.27,201.71,0.45,7,201.71,0
tile2,25.125,4225.0,4,37565.36,200.86,0.35,7,201.71,0
tile2,25.125,4250.0,0,4250.0,200.88,0.33,8,201.88,0
tile2,25.125,4250.0,1,12585.09,1023.0,0.0,8,201.88,1
tile2,25.125,4250.0,2,20920.18,205.88,0.33,8,201.88,0
tile2,25.125,4250.0,3,29255.27,201.88,0.33,8,201.88,0
tile2,25.125,4250.0,4,37590.36,201.0,0.0,8,201.88,0
tile2,25.125,4275.0,0,4275.0,200.75,0.43,8,201.88,0
tile2,25.125,4275.0,1,12610.09,1023.0,0.0,8,201.88,1
tile2,25.125,4275.0,2,20945.18,206.0,0.0,8,201.88,0
tile2,25.125,4275.0,3,29280.27,201.88,0.33,8,201.88,0
tile2,25.125,4275.0,4,37615.36,201.0,0.0,8,201.88,0
tile2,25.125,4300.0,0,4300.0,200.75,0.43,8,201.86,0
tile2,25.125,4300.0,1,12635.09,1023.0,0.0,8,201.86,1
tile2,25.125,4300.0,2,20970.18,206.0,0.0,7,201.86,0
tile2,25.125,4300.0,3,29305.27,201.86,0.35,7,201.86,0
tile2,25.125,4300.0,4,37640.36,200.86,0.35,7,201.86,0
tile2,25.125,4325.0,0,4325.0,200.5,0.5,8,201.38,0
tile2,25.125,4325.0,1,12660.09,1023.0,0.0,8,201.38,1
tile2,25.125,4325.0,2,20995.18,206.0,0.0,8,201.38,0
tile2,25.125,4325.0,3,29330.27,201.38,0.48,8,201.38,0
tile2,25.125,4325.0,4,37665.36,201.0,0.0,8,201.38,0
tile2,25.125,4350.0,0,4350.0,200.38,0.48,8,201.88,0
tile2,25.125,4350.0,1,12685.09,1023.0,0.0,8,201.88,1
tile2,25.125,4350.0,2,21020.18,206.12,0.33,8,201.88,0
tile2,25.125,4350.0,3,29355.27,201.88,0.33,8,201.88,0
tile2,25.125,4350.0,4,37690.36,201.0,0.0,7,201.88,0
tile2,25.125,4375.0,0,4375.0,200.75,0.43,8,201.86,0
tile2,25.125,4375.0,1,12710.09,1023.0,0.0,8,201.86,1
tile2,25.125,4375.0,2,21045.18,205.86,0.35,7,201.86,0
tile2,25.125,4375.0,3,29380.27,201.86,0.35,7,201.86,0
tile2,25.125,4375.0,4,37715.36,201.0,0.0,7,201.86,0
tile2,25.125,4400.0,0,4400.0,201.0,0.0,8,201.86,0
tile2,25.125,4400.0,1,12735.09,1023.0,0.0,8,201.86,1
tile2,25.125,4400.0,2,21070.18,205.88,0.33,8,201.86,0
tile2,25.125,4400.0,3,29405.27,201.86,0.35,7,201.86,0
tile2,25.125,4400.0,4,37740.36,201.0,0.0,7,201.86,0
tile2,25.125,4425.0,0,4425.0,200.5,0.5,8,201.29,0
tile2,25.125,4425.0,1,12760.09,1023.0,0.0,7,201.29,1
tile2,25.125,4425.0,2,21095.18,205.86,0.35,7,201.29,0
tile2,25.125,4425.0,3,29430.27,201.29,0.45,7,201.29,0
tile2,25.125,4425.0,4,37765.36,200.57,0.49,7,201.29,0
tile2,25.125,4450.0,0,4450.0,200.38,0.48,8,201.62,0
tile2,25.125,4450.0,1,12785.09,1023.0,0.0,8,201.62,1
tile2,25.125,4450.0,2,21120.18,205.62,0.48,8,201.62,0
tile2,25.125,4450.0,3,29455.27,201.62,0.48,8,201.62,0
tile2,25.125,4450.0,4,37790.36,200.62,0.48,8,201.62,0
tile2,25.125,4475.0,0,4475.0,200.5,0.5,8,201.43,0
tile2,25.125,4475.0,1,12810.09,1023.0,0.0,7,201.43,1
tile2,25.125,4475.0,2,21145.18,205.71,0.45,7,201.43,0
tile2,25.125,4475.0,3,29480.27,201.43,0.49,7,201.43,0
tile2,25.125,4475.0,4,37815.36,200.86,0.35,7,201.43,0
tile2,25.125,4500.0,0,4500.0,200.38,0.48,8,201.71,0
tile2,25.125,4500.0,1,12835.09,1023.0,0.0,8,201.71,1
tile2,25.125,4500.0,2,21170.18,205.62,0.48,8,201.71,0
tile2,25.125,4500.0,3,29505.27,201.71,0.45,7,201.71,0
tile2,25.125,4500.0,4,37840.36,200.43,0.49,7,201.71,0
tile2,25.125,4525.0,0,4525.0,200.12,0.33,8,201.29,0
tile2,25.125,4525.0,1,12860.09,1023.0,0.0,7,201.29,1
tile2,25.125,4525.0,2,21195.18,205.29,0.45,7,201.29,0
tile2,25.125,4525.0,3,29530.27,201.29,0.45,7,201.29,0
tile2,25.125,4525.0,4,37865.36,200.71,0.45,7,201.29,0
tile2,25.125,4550.0,0,4550.0,200.62,0.48,8,201.71,0
tile2,25.125,4550.0,1,12885.09,1023.0,0.0,8,201.71,1
tile2,25.125,4550.0,2,21220.18,205.86,0.35,7,201.71,0
tile2,25.125,4550.0,3,29555.27,201.71,0.45,7,201.71,0
tile2,25.125,4550.0,4,37890.36,200.86,0.35,7,201.71,0
tile2,25.125,4575.0,0,4575.0,200.12,0.33,8,201.25,0
tile2,25.125,4575.0,1,12910.09,1023.0,0.0,8,201.25,1
tile2,25.125,4575.0,2,21245.18,205.5,0.5,8,201.25,0
tile2,25.125,4575.0,3,29580.27,201.25,0.43,8,201.25,0
tile2,25.125,4575.0,4,37915.36,200.43,0.49,7,201.25,0
tile2,25.125,4600.0,0,4600.0,200.38,0.48,8,201.62,0
tile2,25.125,4600.0,1,12935.09,1023.0,0.0,8,201.62,1
tile2,25.125,4600.0,2,21270.18,205.62,0.48,8,201.62,0
tile2,25.125,4600.0,3,29605.27,201.62,0.48,8,201.62,0
tile2,25.125,4600.0,4,37940.36,200.57,0.49,7,201.62,0
tile2,25.125,4625.0,0,4625.0,200.38,0.48,8,201.38,0
tile2,25.125,4625.0,1,12960.09,1023.0,0.0,8,201.38,1
tile2,25.125,4625.0,2,21295.18,205.12,0.33,8,201.38,0
tile2,25.125,4625.0,3,29630.27,201.38,0.48,8,201.38,0
tile2,25.125,4625.0,4,37965.36,200.62,0.48,8,201.38,0
tile2,25.125,4650.0,0,4650.0,200.5,0.5,8,201.71,0
tile2,25.125,4650.0,1,12985.09,1023.0,0.0,8,201.71,1
tile2,25.125,4650.0,2,21320.18,205.5,0.5,8,201.71,0
tile2,25.125,4650.0,3,29655.27,201.71,0.45,7,201.71,0
tile2,25.125,4650.0,4,37990.36,200.43,0.49,7,201.71,0
tile2,25.125,4675.0,0,4675.0,200.12,0.33,8,201.25,0
tile2,25.125,4675.0,1,13010.09,1023.0,0.0,8,201.25,1
tile2,25.125,4675.0,2,21345.18,205.75,0.43,8,201.25,0
tile2,25.125,4675.0,3,29680.27,201.25,0.43,8,201.25,0
tile2,25.125,4675.0,4,38015.36,200.43,0.49,7,201.25,0
tile2,25.125,4700.0,0,4700.0,200.25,0.43,8,201.12,0
tile2,25.125,4700.0,1,13035.09,1023.0,0.0,8,201.12,1
tile2,25.125,4700.0,2,21370.18,205.5,0.5,8,201.12,0
tile2,25.125,4700.0,3,29705.27,201.12,0.33,8,201.12,0
tile2,25.125,4700.0,4,38040.36,200.75,0.43,8,201.12,0
tile2,25.125,4725.0,0,4725.0,200.25,0.43,8,201.43,0
tile2,25.125,4725.0,1,13060.09,1023.0,0.0,8,201.43,1
tile2,25.125,4725.0,2,21395.18,205.38,0.48,8,201.43,0
tile2,25.125,4725.0,3,29730.27,201.43,0.49,7,201.43,0
tile2,25.125,4725.0,4,38065.36,200.43,0.49,7,201.43,0
tile2,25.125,4750.0,0,4750.0,200.25,0.43,8,201.14,0
tile2,25.125,4750.0,1,13085.09,1023.0,0.0,7,201.14,1
tile2,25.125,4750.0,2,21420.18,205.14,0.35,7,201.14,0
tile2,25.125,4750.0,3,29755.27,201.14,0.35,7,201.14,0
tile2,25.125,4750.0,4,38090.36,200.43,0.49,7,201.14,0
tile2,25.125,4775.0,0,4775.0,200.12,0.33,8,201.12,0
tile2,25.125,4775.0,1,13110.09,1023.0,0.0,8,201.12,1
tile2,25.125,4775.0,2,21445.18,205.25,0.43,8,201.12,0
tile2,25.125,4775.0,3,29780.27,201.12,0.33,8,201.12,0
tile2,25.125,4775.0,4,38115.36,200.25,0.43,8,201.12,0
tile2,25.125,4800.0,0,4800.0,200.25,0.43,8,201.25,0
tile2,25.125,4800.0,1,13135.09,1023.0,0.0,8,201.25,1
tile2,25.125,4800.0,2,21470.18,205.38,0.48,8,201.25,0
tile2,25.125,4800.0,3,29805.27,201.25,0.43,8,201.25,0
tile2,25.125,4800.0,4,38140.36,200.25,0.43,8,201.25,0
tile2,25.125,4825.0,0,4825.0,200.12,0.33,8,201.12,0
tile2,25.125,4825.0,1,13160.09,1023.0,0.0,8,201.12,1
tile2,25.125,4825.0,2,21495.18,205.0,0.0,8,201.12,0
tile2,25.125,4825.0,3,29830.27,201.12,0.33,8,201.12,0
tile2,25.125,4825.0,4,38165.36,200.25,0.43,8,201.12,0
tile2,25.125,4850.0,0,4850.0,200.12,0.33,8,201.0,0
tile2,25.125,4850.0,1,13185.09,1023.0,0.0,7,201.0,1
tile2,25.125,4850.0,2,21520.18,205.14,0.35,7,201.0,0
tile2,25.125,4850.0,3,29855.27,201.0,0.0,7,201.0,0
tile2,25.125,4850.0,4,38190.36,200.29,0.45,7,201.0,0
tile2,25.125,4875.0,0,4875.0,200.0,0.0,8,201.0,0
tile2,25.125,4875.0,1,13210.09,1023.0,0.0,8,201.0,1
tile2,25.125,4875.0,2,21545.18,205.29,0.45,7,201.0,0
tile2,25.125,4875.0,3,29880.27,201.0,0.0,7,201.0,0
tile2,25.125,4875.0,4,38215.36,200.43,0.49,7,201.0,0
tile2,25.125,4900.0,0,4900.0,200.0,0.0,8,201.12,0
tile2,25.125,4900.0,1,13235.09,1023.0,0.0,8,201.12,1
tile2,25.125,4900.0,2,21570.18,205.38,0.48,8,201.12,0
tile2,25.125,4900.0,3,29905.27,201.12,0.33,8,201.12,0
tile2,25.125,4900.0,4,38240.36,200.43,0.49,7,201.12,0
tile2,25.125,4925.0,0,4925.0,200.62,0.48,8,201.14,0
tile2,25.125,4925.0,1,13260.09,1023.0,0.0,8,201.14,1
tile2,25.125,4925.0,2,21595.18,205.0,0.0,7,201.14,0
tile2,25.125,4925.0,3,29930.27,201.14,0.35,7,201.14,0
tile2,25.125,4925.0,4,38265.36,200.43,0.49,7,201.14,0
tile2,25.125,4950.0,0,4950.0,200.38,0.48,8,201.75,0
tile2,25.125,4950.0,1,13285.09,1023.0,0.0,8,201.75,1
tile2,25.125,4950.0,2,21620.18,206.0,0.0,8,201.75,0
tile2,25.125,4950.0,3,29955.27,201.75,0.43,8,201.75,0
tile2,25.125,4950.0,4,38290.36,200.5,0.5,8,201.75,0
tile2,25.125,4975.0,0,4975.0,200.0,0.0,8,201.86,0
tile2,25.125,4975.0,1,13310.09,1023.0,0.0,7,201.86,1
tile2,25.125,4975.0,2,21645.18,208.0,0.0,7,201.86,0
tile2,25.125,4975.0,3,29980.27,201.86,0.35,7,201.86,0
tile2,25.125,4975.0,4,38315.36,200.57,0.49,7,201.86,0
tile2,25.125,5000.0,0,5000.0,200.12,0.33,8,202.0,0
tile2,25.125,5000.0,1,13335.09,1023.0,0.0,8,202.0,1
tile2,25.125,5000.0,2,21670.18,208.0,0.0,7,202.0,0
tile2,25.125,5000.0,3,30005.27,202.0,0.0,7,202.0,0
tile2,25.125,5000.0,4,38340.36,200.71,0.45,7,202.0,0
tile2,25.125,5025.0,0,5025.0,200.0,0.0,8,202.0,0
tile2,25.125,5025.0,1,13360.09,1023.0,0.0,7,202.0,1
tile2,25.125,5025.0,2,21695.18,208.0,0.0,7,202.0,0
tile2,25.125,5025.0,3,30030.27,202.0,0.0,7,202.0,0
tile2,25.125,5025.0,4,38365.36,200.57,0.49,7,202.0,0
tile2,25.125,5050.0,0,5050.0,200.12,0.33,8,202.0,0
tile2,25.125,5050.0,1,13385.09,1023.0,0.0,8,202.0,1
tile2,25.125,5050.0,2,21720.18,208.12,0.33,8,202.0,0
tile2,25.125,5050.0,3,30055.27,202.0,0.0,7,202.0,0
tile2,25.125,5050.0,4,38390.36,201.0,0.0,7,202.0,0
tile2,25.125,5075.0,0,5075.0,200.12,0.33,8,202.0,0
tile2,25.125,5075.0,1,13410.09,1023.0,0.0,8,202.0,1
tile2,25.125,5075.0,2,21745.18,208.25,0.43,8,202.0,0
tile2,25.125,5075.0,3,30080.27,202.0,0.0,7,202.0,0
tile2,25.125,5075.0,4,38415.36,200.71,0.45,7,202.0,0
tile2,25.125,5100.0,0,5100.0,200.12,0.33,8,202.0,0
tile2,25.125,5100.0,1,13435.09,1023.0,0.0,8,202.0,1
tile2,25.125,5100.0,2,21770.18,208.0,0.0,8,202.0,0
tile2,25.125,5100.0,3,30105.27,202.0,0.0,8,202.0,0
tile2,25.125,5100.0,4,38440.36,200.38,0.48,8,202.0,0
tile2,25.125,5125.0,0,5125.0,200.25,0.43,8,202.0,0
tile2,25.125,5125.0,1,13460.09,1023.0,0.0,7,202.0,1
tile2,25.125,5125.0,2,21795.18,208.14,0.35,7,202.0,0
tile2,25.125,5125.0,3,30130.27,202.0,0.0,7,202.0,0
tile2,25.125,5125.0,4,38465.36,200.43,0.49,7,202.0,0
tile2,25.125,5150.0,0,5150.0,200.0,0.0,8,202.0,0
tile2,25.125,5150.0,1,13485.09,1023.0,0.0,8,202.0,1
tile2,25.125,5150.0,2,21820.18,208.0,0.0,7,202.0,0
tile2,25.125,5150.0,3,30155.27,202.0,0.0,7,202.0,0
tile2,25.125,5150.0,4,38490.36,200.57,0.49,7,202.0,0
tile2,25.125,5175.0,0,5175.0,200.0,0.0,8,202.0,0
tile2,25.125,5175.0,1,13510.09,1023.0,0.0,8,202.0,1
tile2,25.125,5175.0,2,21845.18,208.12,0.33,8,202.0,0
tile2,25.125,5175.0,3,30180.27,202.0,0.0,7,202.0,0
tile2,25.125,5175.0,4,38515.36,200.29,0.45,7,202.0,0
tile2,25.125,5200.0,0,5200.0,200.12,0.33,8,202.0,0
tile2,25.125,5200.0,1,13535.09,1023.0,0.0,7,202.0,1
tile2,25.125,5200.0,2,21870.18,208.0,0.0,7,202.0,0
tile2,25.125,5200.0,3,30205.27,202.0,0.0,7,202.0,0
tile2,25.125,5200.0,4,38540.36,200.71,0.45,7,202.0,0
tile2,25.125,5225.0,0,5225.0,197.75,0.83,8,199.86,0
tile2,25.125,5225.0,1,13560.09,1023.0,0.0,8,199.86,1
tile2,25.125,5225.0,2,21895.18,206.25,0.97,8,199.86,0
tile2,25.125,5225.0,3,30230.27,199.86,0.83,7,199.86,0
tile2,25.125,5225.0,4,38565.36,198.0,0.53,7,199.86,0
tile2,25.125,5250.0,0,5250.0,225.25,1.09,8,228.43,0
tile2,25.125,5250.0,1,13585.09,1023.0,0.0,7,228.43,1
tile2,25.125,5250.0,2,21920.18,234.57,0.49,7,228.43,0
tile2,25.125,5250.0,3,30255.27,228.43,1.5,7,228.43,0
tile2,25.125,5250.0,4,38590.36,226.43,1.29,7,228.43,0
tile2,25.125,5275.0,0,5275.0,231.25,0.66,8,233.25,0
tile2,25.125,5275.0,1,13610.09,1023.0,0.0,8,233.25,1
tile2,25.125,5275.0,2,21945.18,239.5,0.5,8,233.25,0
tile2,25.125,5275.0,3,30280.27,233.25,0.43,8,233.25,0
tile2,25.125,5275.0,4,38615.36,231.57,0.49,7,233.25,0
tile2,25.125,5300.0,0,5300.0,231.12,0.33,8,232.86,0
tile2,25.125,5300.0,1,13635.09,1023.0,0.0,8,232.86,1
tile2,25.125,5300.0,2,21970.18,239.38,0.48,8,232.86,0
tile2,25.125,5300.0,3,30305.27,232.86,0.35,7,232.86,0
tile2,25.125,5300.0,4,38640.36,231.29,0.45,7,232.86,0
tile2,25.125,5325.0,0,5325.0,231.0,0.0,8,232.43,0
tile2,25.125,5325.0,1,13660.09,1023.0,0.0,8,232.43,1
tile2,25.125,5325.0,2,21995.18,239.14,0.35,7,232.43,0
tile2,25.125,5325.0,3,30330.27,232.43,0.49,7,232.43,0
tile2,25.125,5325.0,4,38665.36,231.29,0.45,7,232.43,0
tile2,25.125,5350.0,0,5350.0,230.88,0.33,8,232.25,0
tile2,25.125,5350.0,1,13685.09,1023.0,0.0,8,232.25,1
tile2,25.125,5350.0,2,22020.18,238.88,0.33,8,232.25,0
tile2,25.125,5350.0,3,30355.27,232.25,0.43,8,232.25,0
tile2,25.125,5350.0,4,38690.36,231.0,0.0,8,232.25,0
tile2,25.125,5375.0,0,5375.0,230.75,0.43,8,232.14,0
tile2,25.125,5375.0,1,13710.09,1023.0,0.0,8,232.14,1
tile2,25.125,5375.0,2,22045.18,239.0,0.0,7,232.14,0
tile2,25.125,5375.0,3,30380.27,232.14,0.35,7,232.14,0
tile2,25.125,5375.0,4,38715.36,230.86,0.35,7,232.14,0
tile2,25.125,5400.0,0,5400.0,230.88,0.33,8,232.0,0
tile2,25.125,5400.0,1,13735.09,1023.0,0.0,8,232.0,1
tile2,25.125,5400.0,2,22070.18,238.43,0.49,7,232.0,0
tile2,25.125,5400.0,3,30405.27,232.0,0.0,7,232.0,0
tile2,25.125,5400.0,4,38740.36,230.71,0.45,7,232.0,0
tile2,25.125,5425.0,0,5425.0,230.12,0.33,8,232.0,0
tile2,25.125,5425.0,1,13760.09,1023.0,0.0,8,232.0,1
tile2,25.125,5425.0,2,22095.18,238.57,0.49,7,232.0,0
tile2,25.125,5425.0,3,30430.27,232.0,0.0,7,232.0,0
tile2,25.125,5425.0,4,38765.36,230.71,0.45,7,232.0,0
tile2,25.125,5450.0,0,5450.0,230.38,0.48,8,232.0,0
tile2,25.125,5450.0,1,13785.09,1023.0,0.0,8,232.0,1
tile2,25.125,5450.0,2,22120.18,238.38,0.48,8,232.0,0
tile2,25.125,5450.0,3,30455.27,232.0,0.0,8,232.0,0
tile2,25.125,5450.0,4,38790.36,230.75,0.43,8,232.0,0
tile2,25.125,5475.0,0,5475.0,230.0,0.0,8,232.0,0
tile2,25.125,5475.0,1,13810.09,1023.0,0.0,8,232.0,1
tile2,25.125,5475.0,2,22145.18,238.25,0.43,8,232.0,0
tile2,25.125,5475.0,3,30480.27,232.0,0.0,8,232.0,0
tile2,25.125,5475.0,4,38815.36,230.25,0.43,8,232.0,0
tile2,25.125,5500.0,0,5500.0,230.0,0.0,8,231.75,0
tile2,25.125,5500.0,1,13835.09,1023.0,0.0,8,231.75,1
tile2,25.125,5500.0,2,22170.18,238.25,0.43,8,231.75,0
tile2,25.125,5500.0,3,30505.27,231.75,0.43,8,231.75,0
tile2,25.125,5500.0,4,38840.36,230.14,0.35,7,231.75,0
tile2,25.125,5525.0,0,5525.0,230.0,0.0,8,232.0,0
tile2,25.125,5525.0,1,13860.09,1023.0,0.0,8,232.0,1
tile2,25.125,5525.0,2,22195.18,238.12,0.33,8,232.0,0
tile2,25.125,5525.0,3,30530.27,232.0,0.0,8,232.0,0
tile2,25.125,5525.0,4,38865.36,230.38,0.48,8,232.0,0
tile2,25.125,5550.0,0,5550.0,230.25,0.43,8,231.86,0
tile2,25.125,5550.0,1,13885.09,1023.0,0.0,8,231.86,1
tile2,25.125,5550.0,2,22220.18,238.0,0.0,8,231.86,0
tile2,25.125,5550.0,3,30555.27,231.86,0.35,7,231.86,0
tile2,25.125,5550.0,4,38890.36,230.29,0.45,7,231.86,0
tile2,25.125,5575.0,0,5575.0,229.88,0.33,8,231.43,0
tile2,25.125,5575.0,1,13910.09,1023.0,0.0,8,231.43,1
tile2,25.125,5575.0,2,22245.18,237.86,0.35,7,231.43,0
tile2,25.125,5575.0,3,30580.27,231.43,0.49,7,231.43,0
tile2,25.125,5575.0,4,38915.36,230.0,0.0,7,231.43,0
tile2,25.125,5600.0,0,5600.0,229.88,0.33,8,231.38,0
tile2,25.125,5600.0,1,13935.09,1023.0,0.0,8,231.38,1
tile2,25.125,5600.0,2,22270.18,237.25,0.43,8,231.38,0
tile2,25.125,5600.0,3,30605.27,231.38,0.48,8,231.38,0
tile2,25.125,5600.0,4,38940.36,230.0,0.0,8,231.38,0
tile2,25.125,5625.0,0,5625.0,230.0,0.0,8,231.0,0
tile2,25.125,5625.0,1,13960.09,1023.0,0.0,7,231.0,1
tile2,25.125,5625.0,2,22295.18,236.0,0.53,7,231.0,0
tile2,25.125,5625.0,3,30630.27,231.0,0.0,7,231.0,0
tile2,25.125,5625.0,4,38965.36,230.0,0.0,7,231.0,0
tile2,25.125,5650.0,0,5650.0,229.88,0.33,8,231.0,0
tile2,25.125,5650.0,1,13985.09,1023.0,0.0,8,231.0,1
tile2,25.125,5650.0,2,22320.18,236.57,0.49,7,231.0,0
tile2,25.125,5650.0,3,30655.27,231.0,0.0,7,231.0,0
tile2,25.125,5650.0,4,38990.36,230.14,0.35,7,231.0,0
tile2,25.125,5675.0,0,5675.0,229.88,0.33,8,231.0,0
tile2,25.125,5675.0,1,14010.09,1023.0,0.0,7,231.0,1
tile2,25.125,5675.0,2,22345.18,236.14,0.35,7,231.0,0
tile2,25.125,5675.0,3,30680.27,231.0,0.0,7,231.0,0
tile2,25.125,5675.0,4,39015.36,229.86,0.35,7,231.0,0
tile2,25.125,5700.0,0,5700.0,229.75,0.43,8,230.86,0
tile2,25.125,5700.0,1,14035.09,1023.0,0.0,7,230.86,1
tile2,25.125,5700.0,2,22370.18,236.0,0.0,7,230.86,0
tile2,25.125,5700.0,3,30705.27,230.86,0.35,7,230.86,0
tile2,25.125,5700.0,4,39040.36,230.0,0.0,7,230.86,0
tile2,25.125,5725.0,0,5725.0,229.75,0.43,8,230.86,0
tile2,25.125,5725.0,1,14060.09,1023.0,0.0,7,230.86,1
tile2,25.125,5725.0,2,22395.18,236.14,0.35,7,230.86,0
tile2,25.125,5725.0,3,30730.27,230.86,0.35,7,230.86,0
tile2,25.125,5725.0,4,39065.36,230.0,0.0,7,230.86,0
tile2,25.125,5750.0,0,5750.0,229.62,0.48,8,230.57,0
tile2,25.125,5750.0,1,14085.09,1023.0,0.0,7,230.57,1
tile2,25.125,5750.0,2,22420.18,236.0,0.0,7,230.57,0
tile2,25.125,5750.0,3,30755.27,230.57,0.49,7,230.57,0
tile2,25.125,5750.0,4,39090.36,229.86,0.35,7,230.57,0
tile2,25.125,5775.0,0,5775.0,229.25,0.43,8,230.62,0
tile2,25.125,5775.0,1,14110.09,1023.0,0.0,8,230.62,1
tile2,25.125,5775.0,2,22445.18,235.88,0.33,8,230.62,0
tile2,25.125,5775.0,3,30780.27,230.62,0.48,8,230.62,0
tile2,25.125,5775.0,4,39115.36,229.75,0.43,8,230.62,0
tile2,25.125,5800.0,0,5800.0,229.5,0.5,8,230.71,0
tile2,25.125,5800.0,1,14135.09,1023.0,0.0,8,230.71,1
tile2,25.125,5800.0,2,22470.18,235.88,0.33,8,230.71,0
tile2,25.125,5800.0,3,30805.27,230.71,0.45,7,230.71,0
tile2,25.125,5800.0,4,39140.36,229.29,0.45,7,230.71,0
tile2,25.125,5825.0,0,5825.0,229.0,0.0,8,230.75,0
tile2,25.125,5825.0,1,14160.09,1023.0,0.0,8,230.75,1
tile2,25.125,5825.0,2,22495.18,235.75,0.43,8,230.75,0
tile2,25.125,5825.0,3,30830.27,230.75,0.43,8,230.75,0
tile2,25.125,5825.0,4,39165.36,229.75,0.43,8,230.75,0
tile2,25.125,5850.0,0,5850.0,229.5,0.5,8,230.62,0
tile2,25.125,5850.0,1,14185.09,1023.0,0.0,8,230.62,1
tile2,25.125,5850.0,2,22520.18,235.62,0.48,8,230.62,0
tile2,25.125,5850.0,3,30855.27,230.62,0.48,8,230.62,0
tile2,25.125,5850.0,4,39190.36,229.43,0.49,7,230.62,0
tile2,25.125,5875.0,0,5875.0,211.75,2.54,8,212.57,0
tile2,25.125,5875.0,1,14210.09,1023.0,0.0,8,212.57,1
tile2,25.125,5875.0,2,22545.18,217.14,1.46,7,212.57,0
tile2,25.125,5875.0,3,30880.27,212.57,1.92,7,212.57,0
tile2,25.125,5875.0,4,39215.36,210.71,1.67,7,212.57,0
tile2,25.125,5900.0,0,5900.0,208.0,1.73,8,210.88,0
tile2,25.125,5900.0,1,14235.09,1023.0,0.0,8,210.88,1
tile2,25.125,5900.0,2,22570.18,217.0,1.22,8,210.88,0
tile2,25.125,5900.0,3,30905.27,210.88,1.76,8,210.88,0
tile2,25.125,5900.0,4,39240.36,208.0,1.73,8,210.88,0
tile2,25.125,5925.0,0,5925.0,205.88,0.33,8,207.71,0
tile2,25.125,5925.0,1,14260.09,1023.0,0.0,8,207.71,1
tile2,25.125,5925.0,2,22595.18,214.14,0.35,7,207.71,0
tile2,25.125,5925.0,3,30930.27,207.71,0.45,7,207.71,0
tile2,25.125,5925.0,4,39265.36,206.29,0.45,7,207.71,0
tile2,25.125,5950.0,0,5950.0,205.75,0.43,8,207.62,0
tile2,25.125,5950.0,1,14285.09,1023.0,0.0,8,207.62,1
tile2,25.125,5950.0,2,22620.18,214.12,0.33,8,207.62,0
tile2,25.125,5950.0,3,30955.27,207.62,0.48,8,207.62,0
tile2,25.125,5950.0,4,39290.36,206.25,0.43,8,207.62,0
tile2,25.125,5975.0,0,5975.0,205.62,0.48,8,207.57,0
tile2,25.125,5975.0,1,14310.09,1023.0,0.0,8,207.57,1
tile2,25.125,5975.0,2,22645.18,214.12,0.33,8,207.57,0
tile2,25.125,5975.0,3,30980.27,207.57,0.49,7,207.57,0
tile2,25.125,5975.0,4,39315.36,206.14,0.35,7,207.57,0
tile2,25.125,6000.0,0,6000.0,206.0,0.0,8,207.86,0
tile2,25.125,6000.0,1,14335.09,1023.0,0.0,7,207.86,1
tile2,25.125,6000.0,2,22670.18,214.43,0.49,7,207.86,0
tile2,25.125,6000.0,3,31005.27,207.86,0.35,7,207.86,0
tile2,25.125,6000.0,4,39340.36,206.0,0.53,7,207.86,0
tile2,25.125,6025.0,0,6025.0,206.25,0.43,8,207.43,0
tile2,25.125,6025.0,1,14360.09,1023.0,0.0,7,207.43,1
tile2,25.125,6025.0,2,22695.18,214.29,0.45,7,207.43,0
tile2,25.125,6025.0,3,31030.27,207.43,0.49,7,207.43,0
tile2,25.125,6025.0,4,39365.36,206.0,0.0,7,207.43,0
tile2,25.125,6050.0,0,6050.0,208.88,0.33,8,208.88,0
tile2,25.125,6050.0,1,14385.09,1023.0,0.0,8,208.88,1
tile2,25.125,6050.0,2,22720.18,214.25,0.43,8,208.88,0
tile2,25.125,6050.0,3,31055.27,207.62,0.48,8,208.88,0
tile2,25.125,6050.0,4,39390.36,206.0,0.0,7,208.88,0
tile2,25.125,6075.0,0,6075.0,213.62,0.48,8,213.62,0
tile2,25.125,6075.0,1,14410.09,1023.0,0.0,8,213.62,1
tile2,25.125,6075.0,2,22745.18,214.38,0.48,8,213.62,0
tile2,25.125,6075.0,3,31080.27,207.75,0.43,8,213.62,0
tile2,25.125,6075.0,4,39415.36,206.12,0.33,8,213.62,0
tile2,25.125,6100.0,0,6100.0,220.88,0.33,8,214.43,0
tile2,25.125,6100.0,1,14435.09,1023.0,0.0,8,214.43,1
tile2,25.125,6100.0,2,22770.18,214.43,0.49,7,214.43,0
tile2,25.125,6100.0,3,31105.27,207.57,0.49,7,214.43,0
tile2,25.125,6100.0,4,39440.36,206.0,0.0,7,214.43,0
tile2,25.125,6125.0,0,6125.0,228.38,0.48,8,214.29,0
tile2,25.125,6125.0,1,14460.09,1023.0,0.0,7,214.29,1
tile2,25.125,6125.0,2,22795.18,214.29,0.45,7,214.29,0
tile2,25.125,6125.0,3,31130.27,208.0,0.0,7,214.29,0
tile2,25.125,6125.0,4,39465.36,206.43,0.49,7,214.29,0
tile2,25.125,6150.0,0,6150.0,236.12,0.33,8,214.12,0
tile2,25.125,6150.0,1,14485.09,1023.0,0.0,8,214.12,1
tile2,25.125,6150.0,2,22820.18,214.12,0.33,8,214.12,0
tile2,25.125,6150.0,3,31155.27,207.88,0.33,8,214.12,0
tile2,25.125,6150.0,4,39490.36,206.29,0.45,7,214.12,0
tile2,25.125,6175.0,0,6175.0,243.88,0.33,8,214.29,0
tile2,25.125,6175.0,1,14510.09,1023.0,0.0,7,214.29,1
tile2,25.125,6175.0,2,22845.18,214.29,0.45,7,214.29,0
tile2,25.125,6175.0,3,31180.27,207.71,0.45,7,214.29,0
tile2,25.125,6175.0,4,39515.36,206.43,0.49,7,214.29,0
tile2,25.125,6200.0,0,6200.0,251.12,0.33,8,214.57,0
tile2,25.125,6200.0,1,14535.09,1023.0,0.0,8,214.57,1
tile2,25.125,6200.0,2,22870.18,214.57,0.49,7,214.57,0
tile2,25.125,6200.0,3,31205.27,207.86,0.35,7,214.57,0
tile2,25.125,6200.0,4,39540.36,206.29,0.45,7,214.57,0
tile2,25.125,6225.0,0,6225.0,258.5,0.5,8,214.75,0
tile2,25.125,6225.0,1,14560.09,1023.0,0.0,8,214.75,1
tile2,25.125,6225.0,2,22895.18,214.75,0.43,8,214.75,0
tile2,25.125,6225.0,3,31230.27,207.86,0.35,7,214.75,0
tile2,25.125,6225.0,4,39565.36,206.14,0.35,7,214.75,0
tile2,25.125,6250.0,0,6250.0,266.12,0.33,8,214.12,1
tile2,25.125,6250.0,1,14585.09,1023.0,0.0,8,214.12,1
tile2,25.125,6250.0,2,22920.18,214.12,0.33,8,214.12,0
tile2,25.125,6250.0,3,31255.27,207.71,0.45,7,214.12,0
tile2,25.125,6250.0,4,39590.36,206.29,0.45,7,214.12,0
tile2,25.125,6275.0,0,6275.0,273.38,0.48,8,213.88,1
tile2,25.125,6275.0,1,14610.09,1023.0,0.0,8,213.88,1
tile2,25.125,6275.0,2,22945.18,213.88,0.33,8,213.88,0
tile2,25.125,6275.0,3,31280.27,207.75,0.43,8,213.88,0
tile2,25.125,6275.0,4,39615.36,206.25,0.43,8,213.88,0
tile2,25.125,6300.0,0,6300.0,281.12,0.33,8,213.86,1
tile2,25.125,6300.0,1,14635.09,1023.0,0.0,7,213.86,1
tile2,25.125,6300.0,2,22970.18,213.86,0.35,7,213.86,0
tile2,25.125,6300.0,3,31305.27,207.29,0.45,7,213.86,0
tile2,25.125,6300.0,4,39640.36,206.57,0.49,7,213.86,0
tile2,25.125,6325.0,0,6325.0,286.0,0.0,8,212.0,1
tile2,25.125,6325.0,1,14660.09,1023.0,0.0,8,212.0,1
tile2,25.125,6325.0,2,22995.18,212.0,0.5,8,212.0,0
tile2,25.125,6325.0,3,31330.27,207.12,0.33,8,212.0,0
tile2,25.125,6325.0,4,39665.36,206.25,0.43,8,212.0,0
tile2,25.125,6350.0,0,6350.0,289.38,0.48,8,212.29,1
tile2,25.125,6350.0,1,14685.09,1023.0,0.0,7,212.29,1
tile2,25.125,6350.0,2,23020.18,212.29,0.45,7,212.29,0
tile2,25.125,6350.0,3,31355.27,207.29,0.45,7,212.29,0
tile2,25.125,6350.0,4,39690.36,206.14,0.35,7,212.29,0
tile2,25.125,6375.0,0,6375.0,290.12,0.33,8,212.0,1
tile2,25.125,6375.0,1,14710.09,1023.0,0.0,8,212.0,1
tile2,25.125,6375.0,2,23045.18,212.0,0.0,8,212.0,0
tile2,25.125,6375.0,3,31380.27,207.0,0.0,7,212.0,0
tile2,25.125,6375.0,4,39715.36,206.14,0.35,7,212.0,0
tile2,25.125,6400.0,0,6400.0,290.25,0.43,8,212.43,1
tile2,25.125,6400.0,1,14735.09,1023.0,0.0,8,212.43,1
tile2,25.125,6400.0,2,23070.18,212.43,0.49,7,212.43,0
tile2,25.125,6400.0,3,31405.27,207.14,0.35,7,212.43,0
tile2,25.125,6400.0,4,39740.36,206.14,0.35,7,212.43,0
tile2,25.125,6425.0,0,6425.0,290.12,0.33,8,211.86,1
tile2,25.125,6425.0,1,14760.09,1023.0,0.0,8,211.86,1
tile2,25.125,6425.0,2,23095.18,211.86,0.35,7,211.86,0
tile2,25.125,6425.0,3,31430.27,207.14,0.35,7,211.86,0
tile2,25.125,6425.0,4,39765.36,206.0,0.0,7,211.86,0
tile2,25.125,6450.0,0,6450.0,290.12,0.33,8,212.0,1
tile2,25.125,6450.0,1,14785.09,1023.0,0.0,8,212.0,1
tile2,25.125,6450.0,2,23120.18,212.0,0.0,8,212.0,0
tile2,25.125,6450.0,3,31455.27,207.14,0.35,7,212.0,0
tile2,25.125,6450.0,4,39790.36,206.0,0.0,7,212.0,0
tile2,25.125,6475.0,0,6475.0,290.0,0.0,8,212.25,1
tile2,25.125,6475.0,1,14810.09,1023.0,0.0,8,212.25,1
tile2,25.125,6475.0,2,23145.18,212.25,0.43,8,212.25,0
tile2,25.125,6475.0,3,31480.27,207.12,0.33,8,212.25,0
tile2,25.125,6475.0,4,39815.36,206.0,0.0,7,212.25,0
tile2,25.125,6500.0,0,6500.0,290.0,0.0,8,212.0,1
tile2,25.125,6500.0,1,14835.09,1023.0,0.0,7,212.0,1
tile2,25.125,6500.0,2,23170.18,212.0,0.0,7,212.0,0
tile2,25.125,6500.0,3,31505.27,207.0,0.0,7,212.0,0
tile2,25.125,6500.0,4,39840.36,206.0,0.0,7,212.0,0
tile2,25.125,6525.0,0,6525.0,290.0,0.0,8,212.12,1
tile2,25.125,6525.0,1,14860.09,1023.0,0.0,8,212.12,1
tile2,25.125,6525.0,2,23195.18,212.12,0.33,8,212.12,0
tile2,25.125,6525.0,3,31530.27,207.0,0.0,8,212.12,0
tile2,25.125,6525.0,4,39865.36,206.25,0.43,8,212.12,0
tile2,25.125,6550.0,0,6550.0,290.0,0.0,8,212.14,1
tile2,25.125,6550.0,1,14885.09,1023.0,0.0,7,212.14,1
tile2,25.125,6550.0,2,23220.18,212.14,0.35,7,212.14,0
tile2,25.125,6550.0,3,31555.27,207.0,0.0,7,212.14,0
tile2,25.125,6550.0,4,39890.36,206.0,0.0,7,212.14,0
tile2,25.125,6575.0,0,6575.0,290.0,0.0,8,212.25,1
tile2,25.125,6575.0,1,14910.09,1023.0,0.0,8,212.25,1
tile2,25.125,6575.0,2,23245.18,212.25,0.43,8,212.25,0
tile2,25.125,6575.0,3,31580.27,207.0,0.0,8,212.25,0
tile2,25.125,6575.0,4,39915.36,206.0,0.0,7,212.25,0
tile2,25.125,6600.0,0,6600.0,290.0,0.0,8,212.12,1
tile2,25.125,6600.0,1,14935.09,1023.0,0.0,8,212.12,1
tile2,25.125,6600.0,2,23270.18,212.12,0.33,8,212.12,0
tile2,25.125,6600.0,3,31605.27,207.0,0.0,7,212.12,0
tile2,25.125,6600.0,4,39940.36,206.0,0.0,7,212.12,0
tile2,25.125,6625.0,0,6625.0,290.0,0.0,8,212.14,1
tile2,25.125,6625.0,1,14960.09,1023.0,0.0,7,212.14,1
tile2,25.125,6625.0,2,23295.18,212.14,0.35,7,212.14,0
tile2,25.125,6625.0,3,31630.27,207.0,0.0,7,212.14,0
tile2,25.125,6625.0,4,39965.36,206.0,0.0,7,212.14,0
tile2,25.125,6650.0,0,6650.0,290.0,0.0,8,212.0,1
tile2,25.125,6650.0,1,14985.09,1023.0,0.0,8,212.0,1
tile2,25.125,6650.0,2,23320.18,212.0,0.0,8,212.0,0
tile2,25.125,6650.0,3,31655.27,207.0,0.0,8,212.0,0
tile2,25.125,6650.0,4,39990.36,206.0,0.0,8,212.0,0
tile2,25.125,6675.0,0,6675.0,264.0,1.5,8,183.29,1
tile2,25.125,6675.0,1,15010.09,1023.0,0.0,7,183.29,1
tile2,25.125,6675.0,2,23345.18,183.29,1.98,7,183.29,0
tile2,25.125,6675.0,3,31680.27,181.71,1.67,7,183.29,0
tile2,25.125,6675.0,4,40015.36,180.0,1.77,7,183.29,0
tile2,25.125,6700.0,0,6700.0,240.38,0.48,8,156.12,1
tile2,25.125,6700.0,1,15035.09,1023.0,0.0,8,156.12,1
tile2,25.125,6700.0,2,23370.18,156.12,0.33,8,156.12,0
tile2,25.125,6700.0,3,31705.27,153.5,0.5,8,156.12,0
tile2,25.125,6700.0,4,40040.36,153.0,0.0,7,156.12,0
tile2,25.125,6725.0,0,6725.0,240.0,0.0,8,157.0,1
tile2,25.125,6725.0,1,15060.09,1023.0,0.0,8,157.0,1
tile2,25.125,6725.0,2,23395.18,157.0,0.0,8,157.0,0
tile2,25.125,6725.0,3,31730.27,153.5,0.5,8,157.0,0
tile2,25.125,6725.0,4,40065.36,152.88,0.33,8,157.0,0
tile2,25.125,6750.0,0,6750.0,240.12,0.33,8,157.62,1
tile2,25.125,6750.0,1,15085.09,1023.0,0.0,8,157.62,1
tile2,25.125,6750.0,2,23420.18,157.62,0.48,8,157.62,0
tile2,25.125,6750.0,3,31755.27,153.38,0.48,8,157.62,0
tile2,25.125,6750.0,4,40090.36,152.57,0.49,7,157.62,0
tile2,25.125,6775.0,0,6775.0,240.0,0.0,8,158.0,1
tile2,25.125,6775.0,1,15110.09,1023.0,0.0,8,158.0,1
tile2,25.125,6775.0,2,23445.18,158.0,0.0,7,158.0,0
tile2,25.125,6775.0,3,31780.27,154.0,0.0,7,158.0,0
tile2,25.125,6775.0,4,40115.36,152.71,0.45,7,158.0,0
tile2,25.125,6800.0,0,6800.0,240.0,0.0,8,159.0,1
tile2,25.125,6800.0,1,15135.09,1023.0,0.0,8,159.0,1
tile2,25.125,6800.0,2,23470.18,159.0,0.0,8,159.0,0
tile2,25.125,6800.0,3,31805.27,154.0,0.0,8,159.0,0
tile2,25.125,6800.0,4,40140.36,152.88,0.33,8,159.0,0
tile2,25.125,6825.0,0,6825.0,240.0,0.0,8,159.0,1
tile2,25.125,6825.0,1,15160.09,1023.0,0.0,8,159.0,1
tile2,25.125,6825.0,2,23495.18,159.0,0.0,7,159.0,0
tile2,25.125,6825.0,3,31830.27,154.0,0.0,7,159.0,0
tile2,25.125,6825.0,4,40165.36,152.86,0.35,7,159.0,0
tile2,25.125,6850.0,0,6850.0,240.0,0.0,8,160.0,1
tile2,25.125,6850.0,1,15185.09,1023.0,0.0,8,160.0,1
tile2,25.125,6850.0,2,23520.18,160.0,0.0,8,160.0,0
tile2,25.125,6850.0,3,31855.27,154.0,0.0,8,160.0,0
tile2,25.125,6850.0,4,40190.36,152.75,0.43,8,160.0,0
tile2,25.125,6875.0,0,6875.0,240.0,0.0,8,160.14,1
tile2,25.125,6875.0,1,15210.09,1023.0,0.0,7,160.14,1
tile2,25.125,6875.0,2,23545.18,160.14,0.35,7,160.14,0
tile2,25.125,6875.0,3,31880.27,154.14,0.35,7,160.14,0
tile2,25.125,6875.0,4,40215.36,153.0,0.0,7,160.14,0
tile2,25.125,6900.0,0,6900.0,240.0,0.0,8,161.0,1
tile2,25.125,6900.0,1,15235.09,1023.0,0.0,8,161.0,1
tile2,25.125,6900.0,2,23570.18,161.0,0.0,7,161.0,0
tile2,25.125,6900.0,3,31905.27,154.29,0.45,7,161.0,0
tile2,25.125,6900.0,4,40240.36,153.0,0.0,7,161.0,0
tile2,25.125,6925.0,0,6925.0,240.0,0.0,8,161.25,1
tile2,25.125,6925.0,1,15260.09,1023.0,0.0,8,161.25,1
tile2,25.125,6925.0,2,23595.18,161.25,0.43,8,161.25,0
tile2,25.125,6925.0,3,31930.27,154.38,0.48,8,161.25,0
tile2,25.125,6925.0,4,40265.36,153.0,0.0,7,161.25,0
tile2,25.125,6950.0,0,6950.0,240.38,0.48,8,162.0,1
tile2,25.125,6950.0,1,15285.09,1023.0,0.0,8,162.0,1
tile2,25.125,6950.0,2,23620.18,162.0,0.0,8,162.0,0
tile2,25.125,6950.0,3,31955.27,154.5,0.5,8,162.0,0
tile2,25.125,6950.0,4,40290.36,153.0,0.0,7,162.0,0
tile2,25.125,6975.0,0,6975.0,241.25,0.43,8,162.0,1
tile2,25.125,6975.0,1,15310.09,1023.0,0.0,7,162.0,1
tile2,25.125,6975.0,2,23645.18,162.0,0.0,7,162.0,0
tile2,25.125,6975.0,3,31980.27,155.0,0.0,7,162.0,0
tile2,25.125,6975.0,4,40315.36,153.0,0.0,7,162.0,0
tile2,25.125,7000.0,0,7000.0,242.25,0.43,8,162.62,1
tile2,25.125,7000.0,1,15335.09,1023.0,0.0,8,162.62,1
tile2,25.125,7000.0,2,23670.18,162.62,0.48,8,162.62,0
tile2,25.125,7000.0,3,32005.27,155.0,0.0,8,162.62,0
tile2,25.125,7000.0,4,40340.36,153.0,0.0,7,162.62,0
tile2,25.125,7025.0,0,7025.0,243.0,0.0,8,163.0,1
tile2,25.125,7025.0,1,15360.09,1023.0,0.0,8,163.0,1
tile2,25.125,7025.0,2,23695.18,163.0,0.0,8,163.0,0
tile2,25.125,7025.0,3,32030.27,155.0,0.0,8,163.0,0
tile2,25.125,7025.0,4,40365.36,153.0,0.0,8,163.0,0
tile2,25.125,7050.0,0,7050.0,244.0,0.0,8,163.0,1
tile2,25.125,7050.0,1,15385.09,1023.0,0.0,8,163.0,1
tile2,25.125,7050.0,2,23720.18,163.0,0.0,7,163.0,0
tile2,25.125,7050.0,3,32055.27,155.0,0.0,7,163.0,0
tile2,25.125,7050.0,4,40390.36,153.0,0.0,7,163.0,0
tile2,25.125,7075.0,0,7075.0,244.12,0.33,8,163.14,1
tile2,25.125,7075.0,1,15410.09,1023.0,0.0,7,163.14,1
tile2,25.125,7075.0,2,23745.18,163.14,0.35,7,163.14,0
tile2,25.125,7075.0,3,32080.27,155.0,0.0,7,163.14,0
tile2,25.125,7075.0,4,40415.36,153.0,0.0,7,163.14,0
tile2,25.125,7100.0,0,7100.0,244.12,0.33,8,163.5,1
tile2,25.125,7100.0,1,15435.09,1023.0,0.0,8,163.5,1
tile2,25.125,7100.0,2,23770.18,163.5,0.5,8,163.5,0
tile2,25.125,7100.0,3,32105.27,155.0,0.0,8,163.5,0
tile2,25.125,7100.0,4,40440.36,152.86,0.35,7,163.5,0
tile2,25.125,7125.0,0,7125.0,244.0,0.0,8,164.0,1
tile2,25.125,7125.0,1,15460.09,1023.0,0.0,8,164.0,1
tile2,25.125,7125.0,2,23795.18,164.0,0.0,7,164.0,0
tile2,25.125,7125.0,3,32130.27,155.0,0.0,7,164.0,0
tile2,25.125,7125.0,4,40465.36,153.0,0.0,7,164.0,0
tile2,25.125,7150.0,0,7150.0,244.0,0.0,8,164.0,1
tile2,25.125,7150.0,1,15485.09,1023.0,0.0,8,164.0,1
tile2,25.125,7150.0,2,23820.18,164.0,0.0,8,164.0,0
tile2,25.125,7150.0,3,32155.27,155.0,0.0,8,164.0,0
tile2,25.125,7150.0,4,40490.36,153.0,0.0,8,164.0,0
tile2,25.125,7175.0,0,7175.0,244.0,0.0,8,164.38,1
tile2,25.125,7175.0,1,15510.09,1023.0,0.0,8,164.38,1
tile2,25.125,7175.0,2,23845.18,164.38,0.48,8,164.38,0
tile2,25.125,7175.0,3,32180.27,155.12,0.33,8,164.38,0
tile2,25.125,7175.0,4,40515.36,153.0,0.0,7,164.38,0
tile2,25.125,7200.0,0,7200.0,244.88,0.33,8,164.57,1
tile2,25.125,7200.0,1,15535.09,1023.0,0.0,8,164.57,1
tile2,25.125,7200.0,2,23870.18,164.57,0.49,7,164.57,0
tile2,25.125,7200.0,3,32205.27,155.29,0.45,7,164.57,0
tile2,25.125,7200.0,4,40540.36,153.0,0.0,7,164.57,0
tile2,25.125,7225.0,0,7225.0,247.0,0.0,8,164.5,1
tile2,25.125,7225.0,1,15560.09,1023.0,0.0,8,164.5,1
tile2,25.125,7225.0,2,23895.18,164.5,0.5,8,164.5,0
tile2,25.125,7225.0,3,32230.27,155.12,0.33,8,164.5,0
tile2,25.125,7225.0,4,40565.36,153.0,0.0,8,164.5,0
tile2,25.125,7250.0,0,7250.0,250.0,0.0,8,165.0,1
tile2,25.125,7250.0,1,15585.09,1023.0,0.0,8,165.0,1
tile2,25.125,7250.0,2,23920.18,165.0,0.0,7,165.0,0
tile2,25.125,7250.0,3,32255.27,155.29,0.45,7,165.0,0
tile2,25.125,7250.0,4,40590.36,153.0,0.0,7,165.0,0
tile2,25.125,7275.0,0,7275.0,254.0,0.0,8,165.0,1
tile2,25.125,7275.0,1,15610.09,1023.0,0.0,8,165.0,1
tile2,25.125,7275.0,2,23945.18,165.0,0.0,7,165.0,0
tile2,25.125,7275.0,3,32280.27,155.57,0.49,7,165.0,0
tile2,25.125,7275.0,4,40615.36,153.0,0.0,7,165.0,0
tile2,25.125,7300.0,0,7300.0,257.75,0.43,8,165.0,1
tile2,25.125,7300.0,1,15635.09,1023.0,0.0,8,165.0,1
tile2,25.125,7300.0,2,23970.18,165.0,0.0,8,165.0,0
tile2,25.125,7300.0,3,32305.27,155.25,0.43,8,165.0,0
tile2,25.125,7300.0,4,40640.36,153.0,0.0,7,165.0,0
tile2,25.125,7325.0,0,7325.0,261.75,0.43,8,165.0,1
tile2,25.125,7325.0,1,15660.09,1023.0,0.0,8,165.0,1
tile2,25.125,7325.0,2,23995.18,165.0,0.0,8,165.0,0
tile2,25.125,7325.0,3,32330.27,155.57,0.49,7,165.0,0
tile2,25.125,7325.0,4,40665.36,153.0,0.0,7,165.0,0
tile2,25.125,7350.0,0,7350.0,265.62,0.48,8,165.25,1
tile2,25.125,7350.0,1,15685.09,1023.0,0.0,8,165.25,1
tile2,25.125,7350.0,2,24020.18,165.25,0.43,8,165.25,0
tile2,25.125,7350.0,3,32355.27,155.5,0.5,8,165.25,0
tile2,25.125,7350.0,4,40690.36,153.14,0.35,7,165.25,0
tile2,25.125,7375.0,0,7375.0,269.0,0.0,8,165.0,1
tile2,25.125,7375.0,1,15710.09,1023.0,0.0,8,165.0,1
tile2,25.125,7375.0,2,24045.18,165.0,0.0,8,165.0,0
tile2,25.125,7375.0,3,32380.27,155.57,0.49,7,165.0,0
tile2,25.125,7375.0,4,40715.36,153.0,0.0,7,165.0,0
tile2,25.125,7400.0,0,7400.0,273.12,0.33,8,165.12,1
tile2,25.125,7400.0,1,15735.09,1022.88,0.33,8,165.12,1
tile2,25.125,7400.0,2,24070.18,165.12,0.33,8,165.12,0
tile2,25.125,7400.0,3,32405.27,155.57,0.49,7,165.12,0
tile2,25.125,7400.0,4,40740.36,153.0,0.0,7,165.12,0
tile2,25.125,7425.0,0,7425.0,277.0,0.0,8,165.38,1
tile2,25.125,7425.0,1,15760.09,1022.75,0.43,8,165.38,1
tile2,25.125,7425.0,2,24095.18,165.38,0.48,8,165.38,0
tile2,25.125,7425.0,3,32430.27,155.43,0.49,7,165.38,0
tile2,25.125,7425.0,4,40765.36,153.0,0.0,7,165.38,0
tile2,25.125,7450.0,0,7450.0,281.0,0.0,8,165.57,1
tile2,25.125,7450.0,1,15785.09,1022.75,0.43,8,165.57,1
tile2,25.125,7450.0,2,24120.18,165.57,0.49,7,165.57,0
tile2,25.125,7450.0,3,32455.27,155.71,0.45,7,165.57,0
tile2,25.125,7450.0,4,40790.36,153.0,0.0,7,165.57,0
tile2,25.125,7475.0,0,7475.0,283.38,0.48,8,166.0,1
tile2,25.125,7475.0,1,15810.09,1022.57,0.49,7,166.0,1
tile2,25.125,7475.0,2,24145.18,166.0,0.0,7,166.0,0
tile2,25.125,7475.0,3,32480.27,156.0,0.0,7,166.0,0
tile2,25.125,7475.0,4,40815.36,153.0,0.0,7,166.0,0
tile2,25.125,7500.0,0,7500.0,285.0,0.0,8,166.0,1
tile2,25.125,7500.0,1,15835.09,1022.38,0.48,8,166.0,1
tile2,25.125,7500.0,2,24170.18,166.0,0.0,8,166.0,0
tile2,25.125,7500.0,3,32505.27,155.62,0.48,8,166.0,0
tile2,25.125,7500.0,4,40840.36,153.0,0.0,8,166.0,0
tile2,25.125,7525.0,0,7525.0,285.12,0.33,8,166.0,1
tile2,25.125,7525.0,1,15860.09,1022.5,0.5,8,166.0,1
tile2,25.125,7525.0,2,24195.18,166.0,0.0,8,166.0,0
tile2,25.125,7525.0,3,32530.27,156.0,0.0,8,166.0,0
tile2,25.125,7525.0,4,40865.36,153.29,0.45,7,166.0,0
tile2,25.125,7550.0,0,7550.0,285.12,0.33,8,166.0,1
tile2,25.125,7550.0,1,15885.09,1022.25,0.43,8,166.0,1
tile2,25.125,7550.0,2,24220.18,166.0,0.0,8,166.0,0
tile2,25.125,7550.0,3,32555.27,156.0,0.0,8,166.0,0
tile2,25.125,7550.0,4,40890.36,153.0,0.0,8,166.0,0
tile2,25.125,7575.0,0,7575.0,285.0,0.0,8,166.0,1
tile2,25.125,7575.0,1,15910.09,1022.38,0.48,8,166.0,1
tile2,25.125,7575.0,2,24245.18,166.0,0.0,7,166.0,0
tile2,25.125,7575.0,3,32580.27,155.86,0.35,7,166.0,0
tile2,25.125,7575.0,4,40915.36,153.0,0.0,7,166.0,0
tile2,25.125,7600.0,0,7600.0,284.25,0.43,8,166.0,1
tile2,25.125,7600.0,1,15935.09,1022.43,0.49,7,166.0,1
tile2,25.125,7600.0,2,24270.18,166.0,0.0,7,166.0,0
tile2,25.125,7600.0,3,32605.27,156.0,0.0,7,166.0,0
tile2,25.125,7600.0,4,40940.36,153.0,0.0,7,166.0,0
tile2,25.125,7625.0,0,7625.0,285.12,0.33,8,166.0,1
tile2,25.125,7625.0,1,15960.09,1022.12,0.33,8,166.0,1
tile2,25.125,7625.0,2,24295.18,166.0,0.0,8,166.0,0
tile2,25.125,7625.0,3,32630.27,155.88,0.33,8,166.0,0
tile2,25.125,7625.0,4,40965.36,153.12,0.33,8,166.0,0
tile2,25.125,7650.0,0,7650.0,288.12,0.33,8,166.0,1
tile2,25.125,7650.0,1,15985.09,1022.0,0.0,8,166.0,1
tile2,25.125,7650.0,2,24320.18,166.0,0.0,8,166.0,0
tile2,25.125,7650.0,3,32655.27,156.0,0.0,8,166.0,0
tile2,25.125,7650.0,4,40990.36,153.12,0.33,8,166.0,0
tile2,25.125,7675.0,0,7675.0,294.0,0.0,8,166.0,1
tile2,25.125,7675.0,1,16010.09,1022.12,0.33,8,166.0,1
tile2,25.125,7675.0,2,24345.18,166.0,0.0,7,166.0,0
tile2,25.125,7675.0,3,32680.27,155.86,0.35,7,166.0,0
tile2,25.125,7675.0,4,41015.36,153.43,0.49,7,166.0,0
tile2,25.125,7700.0,0,7700.0,301.62,0.48,8,166.0,1
tile2,25.125,7700.0,1,16035.09,1022.0,0.0,8,166.0,1
tile2,25.125,7700.0,2,24370.18,166.0,0.0,7,166.0,0
tile2,25.125,7700.0,3,32705.27,156.0,0.0,7,166.0,0
tile2,25.125,7700.0,4,41040.36,153.0,0.0,7,166.0,0
tile2,25.125,7725.0,0,7725.0,309.38,0.7,8,166.0,1
tile2,25.125,7725.0,1,16060.09,1022.0,0.0,7,166.0,1
tile2,25.125,7725.0,2,24395.18,166.0,0.0,7,166.0,0
tile2,25.125,7725.0,3,32730.27,156.0,0.0,7,166.0,0
tile2,25.125,7725.0,4,41065.36,153.43,0.49,7,166.0,0
tile2,25.125,7750.0,0,7750.0,317.12,0.33,8,166.0,1
tile2,25.125,7750.0,1,16085.09,1022.0,0.0,8,166.0,1
tile2,25.125,7750.0,2,24420.18,166.0,0.0,8,166.0,0
tile2,25.125,7750.0,3,32755.27,156.0,0.0,8,166.0,0
tile2,25.125,7750.0,4,41090.36,153.38,0.48,8,166.0,0
tile2,25.125,7775.0,0,7775.0,325.25,0.43,8,166.12,1
tile2,25.125,7775.0,1,16110.09,1022.0,0.0,8,166.12,1
tile2,25.125,7775.0,2,24445.18,166.12,0.33,8,166.12,0
tile2,25.125,7775.0,3,32780.27,155.88,0.33,8,166.12,0
tile2,25.125,7775.0,4,41115.36,153.14,0.35,7,166.12,0
tile2,25.125,7800.0,0,7800.0,333.12,0.33,8,166.14,1
tile2,25.125,7800.0,1,16135.09,1022.0,0.0,8,166.14,1
tile2,25.125,7800.0,2,24470.18,166.14,0.35,7,166.14,0
tile2,25.125,7800.0,3,32805.27,155.86,0.35,7,166.14,0
tile2,25.125,7800.0,4,41140.36,153.0,0.0,7,166.14,0
tile2,25.125,7825.0,0,7825.0,341.38,0.48,8,166.29,1
tile2,25.125,7825.0,1,16160.09,1022.0,0.0,7,166.29,1
tile2,25.125,7825.0,2,24495.18,166.29,0.45,7,166.29,0
tile2,25.125,7825.0,3,32830.27,156.0,0.0,7,166.29,0
tile2,25.125,7825.0,4,41165.36,153.14,0.35,7,166.29,0
tile2,25.125,7850.0,0,7850.0,349.38,0.48,8,166.25,1
tile2,25.125,7850.0,1,16185.09,1021.0,0.0,8,166.25,1
tile2,25.125,7850.0,2,24520.18,166.25,0.43,8,166.25,0
tile2,25.125,7850.0,3,32855.27,156.0,0.0,8,166.25,0
tile2,25.125,7850.0,4,41190.36,153.38,0.48,8,166.25,0
tile2,25.125,7875.0,0,7875.0,357.0,0.0,8,166.12,1
tile2,25.125,7875.0,1,16210.09,1020.12,0.33,8,166.12,1
tile2,25.125,7875.0,2,24545.18,166.12,0.33,8,166.12,0
tile2,25.125,7875.0,3,32880.27,156.0,0.0,8,166.12,0
tile2,25.125,7875.0,4,41215.36,153.0,0.0,8,166.12,0
tile2,25.125,7900.0,0,7900.0,364.75,0.43,8,166.12,1
tile2,25.125,7900.0,1,16235.09,1019.0,0.0,8,166.12,1
tile2,25.125,7900.0,2,24570.18,166.12,0.33,8,166.12,0
tile2,25.125,7900.0,3,32905.27,156.0,0.0,8,166.12,0
tile2,25.125,7900.0,4,41240.36,153.38,0.48,8,166.12,0
tile2,25.125,7925.0,0,7925.0,372.75,0.43,8,166.12,1
tile2,25.125,7925.0,1,16260.09,1017.38,0.48,8,166.12,1
tile2,25.125,7925.0,2,24595.18,166.12,0.33,8,166.12,0
tile2,25.125,7925.0,3,32930.27,156.0,0.0,8,166.12,0
tile2,25.125,7925.0,4,41265.36,153.14,0.35,7,166.12,0
tile2,25.125,7950.0,0,7950.0,380.88,0.6,8,166.38,1
tile2,25.125,7950.0,1,16285.09,1015.25,0.43,8,166.38,1
tile2,25.125,7950.0,2,24620.18,166.38,0.48,8,166.38,0
tile2,25.125,7950.0,3,32955.27,155.88,0.33,8,166.38,0
tile2,25.125,7950.0,4,41290.36,153.57,0.49,7,166.38,0
tile2,25.125,7975.0,0,7975.0,388.38,0.48,8,166.38,1
tile2,25.125,7975.0,1,16310.09,1012.88,0.33,8,166.38,1
tile2,25.125,7975.0,2,24645.18,166.38,0.48,8,166.38,0
tile2,25.125,7975.0,3,32980.27,156.0,0.0,7,166.38,0
tile2,25.125,7975.0,4,41315.36,153.0,0.0,7,166.38,0
tile2,25.125,8000.0,0,8000.0,394.0,0.0,8,166.14,1
tile2,25.125,8000.0,1,16335.09,1010.57,0.49,7,166.14,1
tile2,25.125,8000.0,2,24670.18,166.14,0.35,7,166.14,0
tile2,25.125,8000.0,3,33005.27,156.0,0.0,7,166.14,0
tile2,25.125,8000.0,4,41340.36,153.14,0.35,7,166.14,0
tile2,25.125,8025.0,0,8025.0,397.12,0.33,8,166.29,1
tile2,25.125,8025.0,1,16360.09,1009.12,0.33,8,166.29,1
tile2,25.125,8025.0,2,24695.18,166.29,0.45,7,166.29,0
tile2,25.125,8025.0,3,33030.27,156.0,0.0,7,166.29,0
tile2,25.125,8025.0,4,41365.36,153.29,0.45,7,166.29,0
tile2,25.125,8050.0,0,8050.0,398.0,0.0,8,166.62,1
tile2,25.125,8050.0,1,16385.09,1008.88,0.6,8,166.62,1
tile2,25.125,8050.0,2,24720.18,166.62,0.48,8,166.62,0
tile2,25.125,8050.0,3,33055.27,156.0,0.0,8,166.62,0
tile2,25.125,8050.0,4,41390.36,153.57,0.49,7,166.62,0
tile2,25.125,8075.0,0,8075.0,398.12,0.33,8,166.62,1
tile2,25.125,8075.0,1,16410.09,1009.12,0.33,8,166.62,1
tile2,25.125,8075.0,2,24745.18,166.62,0.48,8,166.62,0
tile2,25.125,8075.0,3,33080.27,156.0,0.0,8,166.62,0
tile2,25.125,8075.0,4,41415.36,153.62,0.48,8,166.62,0
tile2,25.125,8100.0,0,8100.0,398.0,0.0,8,166.57,1
tile2,25.125,8100.0,1,16435.09,1008.71,0.45,7,166.57,1
tile2,25.125,8100.0,2,24770.18,166.57,0.49,7,166.57,0
tile2,25.125,8100.0,3,33105.27,156.0,0.0,7,166.57,0
tile2,25.125,8100.0,4,41440.36,153.71,0.45,7,166.57,0
tile2,25.125,8125.0,0,8125.0,398.25,0.43,8,167.0,1
tile2,25.125,8125.0,1,16460.09,1008.88,0.33,8,167.0,1
tile2,25.125,8125.0,2,24795.18,167.0,0.0,7,167.0,0
tile2,25.125,8125.0,3,33130.27,156.0,0.0,7,167.0,0
tile2,25.125,8125.0,4,41465.36,153.71,0.45,7,167.0,0
tile2,25.125,8150.0,0,8150.0,398.12,0.33,8,166.75,1
tile2,25.125,8150.0,1,16485.09,1009.25,0.43,8,166.75,1
tile2,25.125,8150.0,2,24820.18,166.75,0.43,8,166.75,0
tile2,25.125,8150.0,3,33155.27,156.0,0.0,7,166.75,0
tile2,25.125,8150.0,4,41490.36,153.43,0.49,7,166.75,0
tile2,25.125,8175.0,0,8175.0,398.38,0.48,8,166.86,1
tile2,25.125,8175.0,1,16510.09,1009.14,0.35,7,166.86,1
tile2,25.125,8175.0,2,24845.18,166.86,0.35,7,166.86,0
tile2,25.125,8175.0,3,33180.27,156.0,0.0,7,166.86,0
tile2,25.125,8175.0,4,41515.36,153.71,0.45,7,166.86,0
tile2,25.125,8200.0,0,8200.0,400.38,0.48,8,166.86,1
tile2,25.125,8200.0,1,16535.09,1008.5,0.5,8,166.86,1
tile2,25.125,8200.0,2,24870.18,166.86,0.35,7,166.86,0
tile2,25.125,8200.0,3,33205.27,156.14,0.35,7,166.86,0
tile2,25.125,8200.0,4,41540.36,153.29,0.45,7,166.86,0
tile2,25.125,8225.0,0,8225.0,407.5,0.5,8,166.88,1
tile2,25.125,8225.0,1,16560.09,1004.12,0.6,8,166.88,1
tile2,25.125,8225.0,2,24895.18,166.88,0.33,8,166.88,0
tile2,25.125,8225.0,3,33230.27,156.0,0.0,8,166.88,0
tile2,25.125,8225.0,4,41565.36,153.88,0.33,8,166.88,0
tile2,25.125,8250.0,0,8250.0,418.88,0.78,8,167.0,1
tile2,25.125,8250.0,1,16585.09,994.12,0.6,8,167.0,1
tile2,25.125,8250.0,2,24920.18,167.0,0.0,8,167.0,0
tile2,25.125,8250.0,3,33255.27,156.0,0.0,7,167.0,0
tile2,25.125,8250.0,4,41590.36,153.71,0.45,7,167.0,0
tile2,25.125,8275.0,0,8275.0,434.75,0.66,8,166.86,1
tile2,25.125,8275.0,1,16610.09,978.38,0.7,8,166.86,1
tile2,25.125,8275.0,2,24945.18,166.86,0.35,7,166.86,0
tile2,25.125,8275.0,3,33280.27,156.14,0.35,7,166.86,0
tile2,25.125,8275.0,4,41615.36,154.0,0.0,7,166.86,0
tile2,25.125,8300.0,0,8300.0,451.62,0.86,8,167.0,1
tile2,25.125,8300.0,1,16635.09,960.25,0.97,8,167.0,1
tile2,25.125,8300.0,2,24970.18,167.0,0.0,7,167.0,0
tile2,25.125,8300.0,3,33305.27,156.0,0.0,7,167.0,0
tile2,25.125,8300.0,4,41640.36,153.71,0.45,7,167.0,0
