T_us,expo_us,delay_us,position,t_us,mean,sd,n,ref
8335.09,4.875,0.0,0,0.0,153.25,0.433,4,165.75
8335.09,4.875,0.0,1,8335.09,260.0,0.0,4,165.75
8335.09,4.875,0.0,2,16670.18,478.0,0.0,4,165.75
8335.09,4.875,0.0,3,25005.27,165.75,0.433,4,165.75
8335.09,4.875,0.0,4,33340.36,156.0,0.0,3,165.75
8335.09,4.875,5.0,0,5.0,154.0,0.0,4,166.0
8335.09,4.875,5.0,1,8340.09,261.0,0.707,4,166.0
8335.09,4.875,5.0,2,16675.18,477.333,0.471,3,166.0
8335.09,4.875,5.0,3,25010.27,166.0,0.0,3,166.0
8335.09,4.875,5.0,4,33345.36,155.667,0.471,3,166.0
8335.09,4.875,10.0,0,10.0,153.25,0.433,4,165.25
8335.09,4.875,10.0,1,8345.09,262.75,0.433,4,165.25
8335.09,4.875,10.0,2,16680.18,472.75,0.829,4,165.25
8335.09,4.875,10.0,3,25015.27,165.25,0.433,4,165.25
8335.09,4.875,10.0,4,33350.36,156.0,0.0,4,165.25
8335.09,4.875,15.0,0,15.0,153.25,0.433,4,165.333
8335.09,4.875,15.0,1,8350.09,264.0,0.0,3,165.333
8335.09,4.875,15.0,2,16685.18,471.667,0.471,3,165.333
8335.09,4.875,15.0,3,25020.27,165.333,0.471,3,165.333
8335.09,4.875,15.0,4,33355.36,156.0,0.0,3,165.333
8335.09,4.875,20.0,0,20.0,153.0,0.0,4,166.0
8335.09,4.875,20.0,1,8355.09,264.75,0.433,4,166.0
8335.09,4.875,20.0,2,16690.18,470.25,0.433,4,166.0
8335.09,4.875,20.0,3,25025.27,166.0,0.0,3,166.0
8335.09,4.875,20.0,4,33360.36,156.0,0.0,3,166.0
8335.09,4.875,25.0,0,25.0,153.25,0.433,4,165.667
8335.09,4.875,25.0,1,8360.09,266.333,0.471,3,165.667
8335.09,4.875,25.0,2,16695.18,467.667,2.055,3,165.667
8335.09,4.875,25.0,3,25030.27,165.667,0.471,3,165.667
8335.09,4.875,25.0,4,33365.36,156.0,0.0,3,165.667
8335.09,4.875,30.0,0,30.0,153.25,0.433,4,166.0
8335.09,4.875,30.0,1,8365.09,267.0,0.707,4,166.0
8335.09,4.875,30.0,2,16700.18,466.25,0.829,4,166.0
8335.09,4.875,30.0,3,25035.27,166.0,0.0,3,166.0
8335.09,4.875,30.0,4,33370.36,156.0,0.0,3,166.0
8335.09,4.875,35.0,0,35.0,153.5,0.5,4,165.667
8335.09,4.875,35.0,1,8370.09,268.0,0.0,3,165.667
8335.09,4.875,35.0,2,16705.18,464.333,0.471,3,165.667
8335.09,4.875,35.0,3,25040.27,165.667,0.471,3,165.667
8335.09,4.875,35.0,4,33375.36,156.0,0.0,3,165.667
8335.09,4.875,40.0,0,40.0,153.75,0.433,4,166.0
8335.09,4.875,40.0,1,8375.09,269.0,0.0,4,166.0
8335.09,4.875,40.0,2,16710.18,463.25,0.829,4,166.0
8335.09,4.875,40.0,3,25045.27,166.0,0.0,3,166.0
8335.09,4.875,40.0,4,33380.36,156.0,0.0,3,166.0
8335.09,4.875,45.0,0,45.0,153.5,0.5,4,165.25
8335.09,4.875,45.0,1,8380.09,271.0,0.0,4,165.25
8335.09,4.875,45.0,2,16715.18,459.5,0.5,4,165.25
8335.09,4.875,45.0,3,25050.27,165.25,0.433,4,165.25
8335.09,4.875,45.0,4,33385.36,156.0,0.0,3,165.25
8335.09,4.875,50.0,0,50.0,153.25,0.433,4,166.0
8335.09,4.875,50.0,1,8385.09,271.5,0.5,4,166.0
8335.09,4.875,50.0,2,16720.18,458.0,0.816,3,166.0
8335.09,4.875,50.0,3,25055.27,166.0,0.0,3,166.0
8335.09,4.875,50.0,4,33390.36,156.0,0.0,3,166.0
8335.09,4.875,55.0,0,55.0,153.5,0.5,4,165.75
8335.09,4.875,55.0,1,8390.09,272.25,0.433,4,165.75
8335.09,4.875,55.0,2,16725.18,456.75,0.829,4,165.75
8335.09,4.875,55.0,3,25060.27,165.75,0.433,4,165.75
8335.09,4.875,55.0,4,33395.36,156.0,0.0,4,165.75
8335.09,4.875,60.0,0,60.0,153.75,0.433,4,166.0
8335.09,4.875,60.0,1,8395.09,274.0,1.0,4,166.0
8335.09,4.875,60.0,2,16730.18,454.75,1.479,4,166.0
8335.09,4.875,60.0,3,25065.27,166.0,0.0,3,166.0
8335.09,4.875,60.0,4,33400.36,156.0,0.0,3,166.0
8335.09,4.875,65.0,0,65.0,153.5,0.5,4,166.0
8335.09,4.875,65.0,1,8400.09,275.75,0.433,4,166.0
8335.09,4.875,65.0,2,16735.18,452.5,0.5,4,166.0
8335.09,4.875,65.0,3,25070.27,166.0,0.0,4,166.0
8335.09,4.875,65.0,4,33405.36,156.0,0.0,4,166.0
8335.09,4.875,70.0,0,70.0,153.75,0.433,4,166.0
8335.09,4.875,70.0,1,8405.09,276.667,0.471,3,166.0
8335.09,4.875,70.0,2,16740.18,451.0,0.816,3,166.0
8335.09,4.875,70.0,3,25075.27,166.0,0.0,3,166.0
8335.09,4.875,70.0,4,33410.36,156.0,0.0,3,166.0
8335.09,4.875,75.0,0,75.0,154.0,0.0,4,165.5
8335.09,4.875,75.0,1,8410.09,278.5,0.866,4,165.5
8335.09,4.875,75.0,2,16745.18,448.0,1.225,4,165.5
8335.09,4.875,75.0,3,25080.27,165.5,0.5,4,165.5
8335.09,4.875,75.0,4,33415.36,156.0,0.0,3,165.5
8335.09,4.875,80.0,0,80.0,154.0,0.0,4,166.0
8335.09,4.875,80.0,1,8415.09,279.667,0.471,3,166.0
8335.09,4.875,80.0,2,16750.18,446.0,0.0,3,166.0
8335.09,4.875,80.0,3,25085.27,166.0,0.0,3,166.0
8335.09,4.875,80.0,4,33420.36,156.0,0.0,3,166.0
8335.09,4.875,85.0,0,85.0,153.5,0.5,4,166.0
8335.09,4.875,85.0,1,8420.09,280.75,0.433,4,166.0
8335.09,4.875,85.0,2,16755.18,444.0,0.816,3,166.0
8335.09,4.875,85.0,3,25090.27,166.0,0.0,3,166.0
8335.09,4.875,85.0,4,33425.36,156.0,0.0,3,166.0
8335.09,4.875,90.0,0,90.0,154.0,0.0,4,165.667
8335.09,4.875,90.0,1,8425.09,281.333,0.471,3,165.667
8335.09,4.875,90.0,2,16760.18,443.0,0.816,3,165.667
8335.09,4.875,90.0,3,25095.27,165.667,0.471,3,165.667
8335.09,4.875,90.0,4,33430.36,156.0,0.0,3,165.667
8335.09,4.875,95.0,0,95.0,154.0,0.0,4,166.0
8335.09,4.875,95.0,1,8430.09,283.0,0.0,4,166.0
8335.09,4.875,95.0,2,16765.18,440.667,0.471,3,166.0
8335.09,4.875,95.0,3,25100.27,166.0,0.0,3,166.0
8335.09,4.875,95.0,4,33435.36,156.0,0.0,3,166.0
8335.09,4.875,100.0,0,100.0,154.0,0.0,4,166.0
8335.09,4.875,100.0,1,8435.09,284.0,0.0,4,166.0
8335.09,4.875,100.0,2,16770.18,439.5,0.866,4,166.0
8335.09,4.875,100.0,3,25105.27,166.0,0.0,4,166.0
8335.09,4.875,100.0,4,33440.36,156.0,0.0,3,166.0
8335.09,4.875,105.0,0,105.0,154.0,0.0,4,165.75
8335.09,4.875,105.0,1,8440.09,285.75,0.829,4,165.75
8335.09,4.875,105.0,2,16775.18,436.75,1.479,4,165.75
8335.09,4.875,105.0,3,25110.27,165.75,0.433,4,165.75
8335.09,4.875,105.0,4,33445.36,156.0,0.0,4,165.75
8335.09,4.875,110.0,0,110.0,153.75,0.433,4,166.0
8335.09,4.875,110.0,1,8445.09,286.667,0.943,3,166.0
8335.09,4.875,110.0,2,16780.18,434.333,1.7,3,166.0
8335.09,4.875,110.0,3,25115.27,166.0,0.0,3,166.0
8335.09,4.875,110.0,4,33450.36,156.0,0.0,3,166.0
8335.09,4.875,115.0,0,115.0,154.0,0.0,4,165.75
8335.09,4.875,115.0,1,8450.09,288.0,0.0,4,165.75
8335.09,4.875,115.0,2,16785.18,433.5,0.5,4,165.75
8335.09,4.875,115.0,3,25120.27,165.75,0.433,4,165.75
8335.09,4.875,115.0,4,33455.36,156.0,0.0,4,165.75
8335.09,4.875,120.0,0,120.0,154.0,0.0,4,165.667
8335.09,4.875,120.0,1,8455.09,289.667,0.471,3,165.667
8335.09,4.875,120.0,2,16790.18,430.333,0.471,3,165.667
8335.09,4.875,120.0,3,25125.27,165.667,0.471,3,165.667
8335.09,4.875,120.0,4,33460.36,156.0,0.0,3,165.667
8335.09,4.875,125.0,0,125.0,153.5,0.5,4,165.667
8335.09,4.875,125.0,1,8460.09,290.75,0.433,4,165.667
8335.09,4.875,125.0,2,16795.18,428.333,0.943,3,165.667
8335.09,4.875,125.0,3,25130.27,165.667,0.471,3,165.667
8335.09,4.875,125.0,4,33465.36,156.0,0.0,3,165.667
8335.09,4.875,130.0,0,130.0,153.0,0.0,4,165.333
8335.09,4.875,130.0,1,8465.09,292.0,0.0,3,165.333
8335.09,4.875,130.0,2,16800.18,426.333,0.471,3,165.333
8335.09,4.875,130.0,3,25135.27,165.333,0.471,3,165.333
8335.09,4.875,130.0,4,33470.36,155.333,0.471,3,165.333
8335.09,4.875,135.0,0,135.0,153.75,0.433,4,166.0
8335.09,4.875,135.0,1,8470.09,293.75,0.433,4,166.0
8335.09,4.875,135.0,2,16805.18,424.0,0.816,3,166.0
8335.09,4.875,135.0,3,25140.27,166.0,0.0,3,166.0
8335.09,4.875,135.0,4,33475.36,156.0,0.0,3,166.0
8335.09,4.875,140.0,0,140.0,155.25,0.433,4,167.0
8335.09,4.875,140.0,1,8475.09,295.5,0.5,4,167.0
8335.09,4.875,140.0,2,16810.18,423.0,0.707,4,167.0
8335.09,4.875,140.0,3,25145.27,167.0,0.0,4,167.0
8335.09,4.875,140.0,4,33480.36,157.333,0.471,3,167.0
8335.09,4.875,145.0,0,145.0,155.0,0.0,4,167.0
8335.09,4.875,145.0,1,8480.09,296.75,0.433,4,167.0
8335.09,4.875,145.0,2,16815.18,421.667,0.943,3,167.0
8335.09,4.875,145.0,3,25150.27,167.0,0.0,3,167.0
8335.09,4.875,145.0,4,33485.36,157.0,0.0,3,167.0
8335.09,4.875,150.0,0,150.0,154.0,0.0,4,165.333
8335.09,4.875,150.0,1,8485.09,297.5,0.5,4,165.333
8335.09,4.875,150.0,2,16820.18,420.25,0.433,4,165.333
8335.09,4.875,150.0,3,25155.27,165.333,0.471,3,165.333
8335.09,4.875,150.0,4,33490.36,156.333,0.471,3,165.333
8335.09,4.875,155.0,0,155.0,154.0,0.0,4,166.333
8335.09,4.875,155.0,1,8490.09,299.0,0.707,4,166.333
8335.09,4.875,155.0,2,16825.18,417.25,1.09,4,166.333
8335.09,4.875,155.0,3,25160.27,166.333,0.471,3,166.333
8335.09,4.875,155.0,4,33495.36,156.0,0.0,3,166.333
8335.09,4.875,160.0,0,160.0,154.5,0.5,4,167.0
8335.09,4.875,160.0,1,8495.09,300.333,0.471,3,167.0
8335.09,4.875,160.0,2,16830.18,415.0,0.816,3,167.0
8335.09,4.875,160.0,3,25165.27,167.0,0.0,3,167.0
8335.09,4.875,160.0,4,33500.36,157.0,0.0,3,167.0
8335.09,4.875,165.0,0,165.0,154.75,0.433,4,167.0
8335.09,4.875,165.0,1,8500.09,302.5,0.5,4,167.0
8335.09,4.875,165.0,2,16835.18,412.333,1.247,3,167.0
8335.09,4.875,165.0,3,25170.27,167.0,0.0,3,167.0
8335.09,4.875,165.0,4,33505.36,157.0,0.0,3,167.0
8335.09,4.875,170.0,0,170.0,155.0,0.0,4,167.0
8335.09,4.875,170.0,1,8505.09,303.5,0.5,4,167.0
8335.09,4.875,170.0,2,16840.18,413.5,0.5,4,167.0
8335.09,4.875,170.0,3,25175.27,167.0,0.0,4,167.0
8335.09,4.875,170.0,4,33510.36,157.0,0.0,3,167.0
8335.09,4.875,175.0,0,175.0,155.0,0.0,4,167.0
8335.09,4.875,175.0,1,8510.09,305.25,0.433,4,167.0
8335.09,4.875,175.0,2,16845.18,408.667,0.471,3,167.0
8335.09,4.875,175.0,3,25180.27,167.0,0.0,3,167.0
8335.09,4.875,175.0,4,33515.36,157.667,0.471,3,167.0
8335.09,4.875,180.0,0,180.0,155.0,0.0,4,167.0
8335.09,4.875,180.0,1,8515.09,306.0,0.707,4,167.0
8335.09,4.875,180.0,2,16850.18,408.5,1.803,4,167.0
8335.09,4.875,180.0,3,25185.27,167.0,0.0,4,167.0
8335.09,4.875,180.0,4,33520.36,157.0,0.0,3,167.0
8335.09,4.875,185.0,0,185.0,154.0,0.0,4,166.0
8335.09,4.875,185.0,1,8520.09,307.75,0.433,4,166.0
8335.09,4.875,185.0,2,16855.18,406.0,0.816,3,166.0
8335.09,4.875,185.0,3,25190.27,166.0,0.0,3,166.0
8335.09,4.875,185.0,4,33525.36,156.333,0.471,3,166.0
8335.09,4.875,190.0,0,190.0,153.25,0.433,4,165.0
8335.09,4.875,190.0,1,8525.09,308.75,0.433,4,165.0
8335.09,4.875,190.0,2,16860.18,403.0,0.707,4,165.0
8335.09,4.875,190.0,3,25195.27,165.0,0.0,4,165.0
8335.09,4.875,190.0,4,33530.36,156.0,0.0,3,165.0
8335.09,4.875,195.0,0,195.0,153.25,0.433,4,165.5
8335.09,4.875,195.0,1,8530.09,310.0,0.707,4,165.5
8335.09,4.875,195.0,2,16865.18,400.75,0.829,4,165.5
8335.09,4.875,195.0,3,25200.27,165.5,0.5,4,165.5
8335.09,4.875,195.0,4,33535.36,156.0,0.0,4,165.5
8335.09,4.875,200.0,0,200.0,154.0,0.0,4,165.667
8335.09,4.875,200.0,1,8535.09,311.5,0.5,4,165.667
8335.09,4.875,200.0,2,16870.18,400.0,1.581,4,165.667
8335.09,4.875,200.0,3,25205.27,165.667,0.471,3,165.667
8335.09,4.875,200.0,4,33540.36,156.0,0.0,3,165.667
8335.09,4.875,205.0,0,205.0,154.0,0.0,4,165.667
8335.09,4.875,205.0,1,8540.09,313.0,0.707,4,165.667
8335.09,4.875,205.0,2,16875.18,397.75,1.09,4,165.667
8335.09,4.875,205.0,3,25210.27,165.667,0.471,3,165.667
8335.09,4.875,205.0,4,33545.36,156.0,0.0,3,165.667
8335.09,4.875,210.0,0,210.0,154.0,0.0,4,166.0
8335.09,4.875,210.0,1,8545.09,314.667,0.471,3,166.0
8335.09,4.875,210.0,2,16880.18,396.0,0.816,3,166.0
8335.09,4.875,210.0,3,25215.27,166.0,0.0,3,166.0
8335.09,4.875,210.0,4,33550.36,156.333,0.471,3,166.0
8335.09,4.875,215.0,0,215.0,153.75,0.433,4,165.667
8335.09,4.875,215.0,1,8550.09,315.5,0.5,4,165.667
8335.09,4.875,215.0,2,16885.18,394.333,0.471,3,165.667
8335.09,4.875,215.0,3,25220.27,165.667,0.471,3,165.667
8335.09,4.875,215.0,4,33555.36,156.0,0.0,3,165.667
8335.09,4.875,220.0,0,220.0,153.5,0.5,4,165.25
8335.09,4.875,220.0,1,8555.09,317.75,0.829,4,165.25
8335.09,4.875,220.0,2,16890.18,391.0,1.0,4,165.25
8335.09,4.875,220.0,3,25225.27,165.25,0.433,4,165.25
8335.09,4.875,220.0,4,33560.36,155.667,0.471,3,165.25
8335.09,4.875,225.0,0,225.0,153.25,0.433,4,165.0
8335.09,4.875,225.0,1,8560.09,318.75,0.433,4,165.0
8335.09,4.875,225.0,2,16895.18,390.667,0.471,3,165.0
8335.09,4.875,225.0,3,25230.27,165.0,0.0,3,165.0
8335.09,4.875,225.0,4,33565.36,156.0,0.0,3,165.0
8335.09,4.875,230.0,0,230.0,153.0,0.0,4,165.0
8335.09,4.875,230.0,1,8565.09,320.75,0.433,4,165.0
8335.09,4.875,230.0,2,16900.18,386.75,0.829,4,165.0
8335.09,4.875,230.0,3,25235.27,165.0,0.0,4,165.0
8335.09,4.875,230.0,4,33570.36,156.0,0.0,3,165.0
8335.09,4.875,235.0,0,235.0,153.5,0.5,4,165.667
8335.09,4.875,235.0,1,8570.09,321.5,0.5,4,165.667
8335.09,4.875,235.0,2,16905.18,387.667,0.471,3,165.667
8335.09,4.875,235.0,3,25240.27,165.667,0.471,3,165.667
8335.09,4.875,235.0,4,33575.36,155.667,0.471,3,165.667
8335.09,4.875,240.0,0,240.0,153.25,0.433,4,165.0
8335.09,4.875,240.0,1,8575.09,323.0,0.707,4,165.0
8335.09,4.875,240.0,2,16910.18,384.25,1.479,4,165.0
8335.09,4.875,240.0,3,25245.27,165.0,0.0,4,165.0
8335.09,4.875,240.0,4,33580.36,156.0,0.0,3,165.0
8335.09,4.875,245.0,0,245.0,153.25,0.433,4,165.0
8335.09,4.875,245.0,1,8580.09,324.5,0.5,4,165.0
8335.09,4.875,245.0,2,16915.18,382.333,0.471,3,165.0
8335.09,4.875,245.0,3,25250.27,165.0,0.0,3,165.0
8335.09,4.875,245.0,4,33585.36,155.667,0.471,3,165.0
8335.09,4.875,250.0,0,250.0,153.0,0.0,4,165.0
8335.09,4.875,250.0,1,8585.09,326.75,0.433,4,165.0
8335.09,4.875,250.0,2,16920.18,379.75,0.829,4,165.0
8335.09,4.875,250.0,3,25255.27,165.0,0.0,4,165.0
8335.09,4.875,250.0,4,33590.36,156.0,0.0,3,165.0
8335.09,4.875,255.0,0,255.0,153.0,0.0,4,165.333
8335.09,4.875,255.0,1,8590.09,328.0,0.0,4,165.333
8335.09,4.875,255.0,2,16925.18,378.0,0.707,4,165.333
8335.09,4.875,255.0,3,25260.27,165.333,0.471,3,165.333
8335.09,4.875,255.0,4,33595.36,155.667,0.471,3,165.333
8335.09,4.875,260.0,0,260.0,153.0,0.0,4,165.333
8335.09,4.875,260.0,1,8595.09,329.667,0.471,3,165.333
8335.09,4.875,260.0,2,16930.18,375.333,0.471,3,165.333
8335.09,4.875,260.0,3,25265.27,165.333,0.471,3,165.333
8335.09,4.875,260.0,4,33600.36,156.0,0.0,3,165.333
8335.09,4.875,265.0,0,265.0,153.25,0.433,4,165.0
8335.09,4.875,265.0,1,8600.09,331.25,0.433,4,165.0
8335.09,4.875,265.0,2,16935.18,373.75,0.433,4,165.0
8335.09,4.875,265.0,3,25270.27,165.0,0.0,3,165.0
8335.09,4.875,265.0,4,33605.36,155.333,0.471,3,165.0
8335.09,4.875,270.0,0,270.0,153.5,0.5,4,165.333
8335.09,4.875,270.0,1,8605.09,333.333,0.471,3,165.333
8335.09,4.875,270.0,2,16940.18,371.667,0.471,3,165.333
8335.09,4.875,270.0,3,25275.27,165.333,0.471,3,165.333
8335.09,4.875,270.0,4,33610.36,156.0,0.0,3,165.333
8335.09,4.875,275.0,0,275.0,153.0,0.0,4,165.0
8335.09,4.875,275.0,1,8610.09,334.25,0.433,4,165.0
8335.09,4.875,275.0,2,16945.18,369.5,1.118,4,165.0
8335.09,4.875,275.0,3,25280.27,165.0,0.0,3,165.0
8335.09,4.875,275.0,4,33615.36,156.0,0.0,3,165.0
8335.09,4.875,280.0,0,280.0,153.25,0.433,4,165.5
8335.09,4.875,280.0,1,8615.09,335.5,0.5,4,165.5
8335.09,4.875,280.0,2,16950.18,367.75,1.299,4,165.5
8335.09,4.875,280.0,3,25285.27,165.5,0.5,4,165.5
8335.09,4.875,280.0,4,33620.36,156.0,0.0,3,165.5
8335.09,4.875,285.0,0,285.0,153.25,0.433,4,165.0
8335.09,4.875,285.0,1,8620.09,337.0,0.707,4,165.0
8335.09,4.875,285.0,2,16955.18,367.25,1.299,4,165.0
8335.09,4.875,285.0,3,25290.27,165.0,0.0,3,165.0
8335.09,4.875,285.0,4,33625.36,156.0,0.0,3,165.0
8335.09,4.875,290.0,0,290.0,153.5,0.5,4,165.0
8335.09,4.875,290.0,1,8625.09,338.5,0.866,4,165.0
8335.09,4.875,290.0,2,16960.18,364.75,1.09,4,165.0
8335.09,4.875,290.0,3,25295.27,165.0,0.0,4,165.0
8335.09,4.875,290.0,4,33630.36,156.0,0.0,3,165.0
8335.09,4.875,295.0,0,295.0,153.0,0.0,4,165.333
8335.09,4.875,295.0,1,8630.09,339.5,0.5,4,165.333
8335.09,4.875,295.0,2,16965.18,363.0,0.816,3,165.333
8335.09,4.875,295.0,3,25300.27,165.333,0.471,3,165.333
8335.09,4.875,295.0,4,33635.36,156.0,0.0,3,165.333
8335.09,4.875,300.0,0,300.0,153.5,0.5,4,165.0
8335.09,4.875,300.0,1,8635.09,340.5,0.5,4,165.0
8335.09,4.875,300.0,2,16970.18,361.5,0.5,4,165.0
8335.09,4.875,300.0,3,25305.27,165.0,0.0,4,165.0
8335.09,4.875,300.0,4,33640.36,156.0,0.0,3,165.0
8335.09,4.875,305.0,0,305.0,153.5,0.5,4,165.0
8335.09,4.875,305.0,1,8640.09,340.75,0.433,4,165.0
8335.09,4.875,305.0,2,16975.18,361.75,0.829,4,165.0
8335.09,4.875,305.0,3,25310.27,165.0,0.0,3,165.0
8335.09,4.875,305.0,4,33645.36,155.667,0.471,3,165.0
8335.09,4.875,310.0,0,310.0,153.25,0.433,4,165.0
8335.09,4.875,310.0,1,8645.09,342.75,0.433,4,165.0
8335.09,4.875,310.0,2,16980.18,359.5,1.118,4,165.0
8335.09,4.875,310.0,3,25315.27,165.0,0.0,4,165.0
8335.09,4.875,310.0,4,33650.36,155.75,0.433,4,165.0
8335.09,4.875,315.0,0,315.0,153.0,0.0,4,165.0
8335.09,4.875,315.0,1,8650.09,343.25,0.829,4,165.0
8335.09,4.875,315.0,2,16985.18,358.5,0.866,4,165.0
8335.09,4.875,315.0,3,25320.27,165.0,0.0,3,165.0
8335.09,4.875,315.0,4,33655.36,155.667,0.471,3,165.0
8335.09,4.875,320.0,0,320.0,153.0,0.0,4,165.0
8335.09,4.875,320.0,1,8655.09,343.75,0.433,4,165.0
8335.09,4.875,320.0,2,16990.18,358.25,0.433,4,165.0
8335.09,4.875,320.0,3,25325.27,165.0,0.0,4,165.0
8335.09,4.875,320.0,4,33660.36,156.0,0.0,3,165.0
8335.09,4.875,325.0,0,325.0,153.25,0.433,4,165.0
8335.09,4.875,325.0,1,8660.09,344.75,0.829,4,165.0
8335.09,4.875,325.0,2,16995.18,356.75,1.299,4,165.0
8335.09,4.875,325.0,3,25330.27,165.0,0.0,3,165.0
8335.09,4.875,325.0,4,33665.36,155.333,0.471,3,165.0
8335.09,4.875,330.0,0,330.0,153.5,0.5,4,165.0
8335.09,4.875,330.0,1,8665.09,345.0,0.707,4,165.0
8335.09,4.875,330.0,2,17000.18,356.75,0.829,4,165.0
8335.09,4.875,330.0,3,25335.27,165.0,0.0,4,165.0
8335.09,4.875,330.0,4,33670.36,156.0,0.0,3,165.0
8335.09,4.875,335.0,0,335.0,153.25,0.433,4,165.0
8335.09,4.875,335.0,1,8670.09,345.0,0.816,3,165.0
8335.09,4.875,335.0,2,17005.18,356.333,0.471,3,165.0
8335.09,4.875,335.0,3,25340.27,165.0,0.0,3,165.0
8335.09,4.875,335.0,4,33675.36,156.0,0.0,3,165.0
8335.09,4.875,340.0,0,340.0,153.0,0.0,4,165.0
8335.09,4.875,340.0,1,8675.09,345.5,0.5,4,165.0
8335.09,4.875,340.0,2,17010.18,356.75,1.09,4,165.0
8335.09,4.875,340.0,3,25345.27,165.0,0.0,4,165.0
8335.09,4.875,340.0,4,33680.36,155.667,0.471,3,165.0
8335.09,4.875,345.0,0,345.0,153.0,0.0,4,165.333
8335.09,4.875,345.0,1,8680.09,346.333,0.471,3,165.333
8335.09,4.875,345.0,2,17015.18,355.667,0.471,3,165.333
8335.09,4.875,345.0,3,25350.27,165.333,0.471,3,165.333
8335.09,4.875,345.0,4,33685.36,155.667,0.471,3,165.333
8335.09,4.875,350.0,0,350.0,153.25,0.433,4,165.0
8335.09,4.875,350.0,1,8685.09,346.5,0.5,4,165.0
8335.09,4.875,350.0,2,17020.18,356.0,0.816,3,165.0
8335.09,4.875,350.0,3,25355.27,165.0,0.0,3,165.0
8335.09,4.875,350.0,4,33690.36,156.0,0.0,3,165.0
8335.09,4.875,355.0,0,355.0,153.0,0.0,4,165.0
8335.09,4.875,355.0,1,8690.09,346.25,0.433,4,165.0
8335.09,4.875,355.0,2,17025.18,355.25,0.829,4,165.0
8335.09,4.875,355.0,3,25360.27,165.0,0.0,3,165.0
8335.09,4.875,355.0,4,33695.36,156.0,0.0,3,165.0
8335.09,4.875,360.0,0,360.0,153.25,0.433,4,165.0
8335.09,4.875,360.0,1,8695.09,346.25,0.433,4,165.0
8335.09,4.875,360.0,2,17030.18,355.5,1.658,4,165.0
8335.09,4.875,360.0,3,25365.27,165.0,0.0,4,165.0
8335.09,4.875,360.0,4,33700.36,156.0,0.0,4,165.0
8335.09,4.875,365.0,0,365.0,153.0,0.0,4,165.0
8335.09,4.875,365.0,1,8700.09,346.333,0.471,3,165.0
8335.09,4.875,365.0,2,17035.18,355.333,0.471,3,165.0
8335.09,4.875,365.0,3,25370.27,165.0,0.0,3,165.0
8335.09,4.875,365.0,4,33705.36,155.333,0.471,3,165.0
8335.09,4.875,370.0,0,370.0,153.25,0.433,4,165.0
8335.09,4.875,370.0,1,8705.09,345.5,0.866,4,165.0
8335.09,4.875,370.0,2,17040.18,356.5,1.658,4,165.0
8335.09,4.875,370.0,3,25375.27,165.0,0.0,4,165.0
8335.09,4.875,370.0,4,33710.36,155.667,0.471,3,165.0
8335.09,4.875,375.0,0,375.0,153.0,0.0,4,165.0
8335.09,4.875,375.0,1,8710.09,346.667,0.471,3,165.0
8335.09,4.875,375.0,2,17045.18,354.333,0.471,3,165.0
8335.09,4.875,375.0,3,25380.27,165.0,0.0,3,165.0
8335.09,4.875,375.0,4,33715.36,156.0,0.0,3,165.0
8335.09,4.875,380.0,0,380.0,153.25,0.433,4,165.667
8335.09,4.875,380.0,1,8715.09,346.5,0.5,4,165.667
8335.09,4.875,380.0,2,17050.18,355.5,0.5,4,165.667
8335.09,4.875,380.0,3,25385.27,165.667,0.471,3,165.667
8335.09,4.875,380.0,4,33720.36,155.333,0.471,3,165.667
8335.09,4.875,385.0,0,385.0,153.25,0.433,4,165.0
8335.09,4.875,385.0,1,8720.09,346.25,0.433,4,165.0
8335.09,4.875,385.0,2,17055.18,355.5,1.118,4,165.0
8335.09,4.875,385.0,3,25390.27,165.0,0.0,4,165.0
8335.09,4.875,385.0,4,33725.36,155.667,0.471,3,165.0
8335.09,4.875,390.0,0,390.0,153.25,0.433,4,165.0
8335.09,4.875,390.0,1,8725.09,346.25,0.829,4,165.0
8335.09,4.875,390.0,2,17060.18,355.0,1.581,4,165.0
8335.09,4.875,390.0,3,25395.27,165.0,0.0,3,165.0
8335.09,4.875,390.0,4,33730.36,155.667,0.471,3,165.0
8335.09,4.875,395.0,0,395.0,153.0,0.0,4,165.25
8335.09,4.875,395.0,1,8730.09,346.5,0.5,4,165.25
8335.09,4.875,395.0,2,17065.18,355.5,0.5,4,165.25
8335.09,4.875,395.0,3,25400.27,165.25,0.433,4,165.25
8335.09,4.875,395.0,4,33735.36,155.667,0.471,3,165.25
8335.09,4.875,400.0,0,400.0,153.0,0.0,4,165.0
8335.09,4.875,400.0,1,8735.09,346.667,0.471,3,165.0
8335.09,4.875,400.0,2,17070.18,354.667,0.471,3,165.0
8335.09,4.875,400.0,3,25405.27,165.0,0.0,3,165.0
8335.09,4.875,400.0,4,33740.36,156.0,0.0,3,165.0
8335.09,4.875,405.0,0,405.0,153.0,0.0,4,165.0
8335.09,4.875,405.0,1,8740.09,346.5,0.5,4,165.0
8335.09,4.875,405.0,2,17075.18,355.0,0.0,4,165.0
8335.09,4.875,405.0,3,25410.27,165.0,0.0,4,165.0
8335.09,4.875,405.0,4,33745.36,155.75,0.433,4,165.0
8335.09,4.875,410.0,0,410.0,153.0,0.0,4,165.0
8335.09,4.875,410.0,1,8745.09,346.0,0.0,3,165.0
8335.09,4.875,410.0,2,17080.18,354.667,0.471,3,165.0
8335.09,4.875,410.0,3,25415.27,165.0,0.0,3,165.0
8335.09,4.875,410.0,4,33750.36,155.667,0.471,3,165.0
8335.09,4.875,415.0,0,415.0,153.25,0.433,4,165.0
8335.09,4.875,415.0,1,8750.09,346.0,0.707,4,165.0
8335.09,4.875,415.0,2,17085.18,355.0,1.871,4,165.0
8335.09,4.875,415.0,3,25420.27,165.0,0.0,4,165.0
8335.09,4.875,415.0,4,33755.36,156.0,0.0,4,165.0
8335.09,4.875,420.0,0,420.0,153.0,0.0,4,165.0
8335.09,4.875,420.0,1,8755.09,345.667,0.471,3,165.0
8335.09,4.875,420.0,2,17090.18,355.667,0.471,3,165.0
8335.09,4.875,420.0,3,25425.27,165.0,0.0,3,165.0
8335.09,4.875,420.0,4,33760.36,156.0,0.0,3,165.0
8335.09,4.875,425.0,0,425.0,153.25,0.433,4,165.0
8335.09,4.875,425.0,1,8760.09,346.75,0.829,4,165.0
8335.09,4.875,425.0,2,17095.18,355.5,1.118,4,165.0
8335.09,4.875,425.0,3,25430.27,165.0,0.0,3,165.0
8335.09,4.875,425.0,4,33765.36,155.667,0.471,3,165.0
8335.09,4.875,430.0,0,430.0,153.0,0.0,4,165.333
8335.09,4.875,430.0,1,8765.09,346.0,0.0,3,165.333
8335.09,4.875,430.0,2,17100.18,356.0,0.816,3,165.333
8335.09,4.875,430.0,3,25435.27,165.333,0.471,3,165.333
8335.09,4.875,430.0,4,33770.36,156.0,0.0,3,165.333
8335.09,4.875,435.0,0,435.0,153.0,0.0,4,165.0
8335.09,4.875,435.0,1,8770.09,346.25,0.433,4,165.0
8335.09,4.875,435.0,2,17105.18,355.0,0.816,3,165.0
8335.09,4.875,435.0,3,25440.27,165.0,0.0,3,165.0
8335.09,4.875,435.0,4,33775.36,156.0,0.0,3,165.0
8335.09,4.875,440.0,0,440.0,153.0,0.0,4,165.0
8335.09,4.875,440.0,1,8775.09,346.0,0.816,3,165.0
8335.09,4.875,440.0,2,17110.18,354.667,2.055,3,165.0
8335.09,4.875,440.0,3,25445.27,165.0,0.0,3,165.0
8335.09,4.875,440.0,4,33780.36,155.667,0.471,3,165.0
8335.09,4.875,445.0,0,445.0,153.0,0.0,4,165.0
8335.09,4.875,445.0,1,8780.09,346.25,0.433,4,165.0
8335.09,4.875,445.0,2,17115.18,355.0,1.414,3,165.0
8335.09,4.875,445.0,3,25450.27,165.0,0.0,3,165.0
8335.09,4.875,445.0,4,33785.36,156.0,0.0,3,165.0
8335.09,4.875,450.0,0,450.0,153.25,0.433,4,165.0
8335.09,4.875,450.0,1,8785.09,345.667,0.471,3,165.0
8335.09,4.875,450.0,2,17120.18,355.667,0.471,3,165.0
8335.09,4.875,450.0,3,25455.27,165.0,0.0,3,165.0
8335.09,4.875,450.0,4,33790.36,155.667,0.471,3,165.0
8335.09,4.875,455.0,0,455.0,153.0,0.0,4,165.0
8335.09,4.875,455.0,1,8790.09,346.25,0.829,4,165.0
8335.09,4.875,455.0,2,17125.18,355.25,1.785,4,165.0
8335.09,4.875,455.0,3,25460.27,165.0,0.0,3,165.0
8335.09,4.875,455.0,4,33795.36,155.333,0.471,3,165.0
8335.09,4.875,460.0,0,460.0,153.25,0.433,4,165.0
8335.09,4.875,460.0,1,8795.09,346.0,0.707,4,165.0
8335.09,4.875,460.0,2,17130.18,355.5,1.118,4,165.0
8335.09,4.875,460.0,3,25465.27,165.0,0.0,4,165.0
8335.09,4.875,460.0,4,33800.36,156.0,0.0,3,165.0
8335.09,4.875,465.0,0,465.0,153.25,0.433,4,165.0
8335.09,4.875,465.0,1,8800.09,346.25,0.433,4,165.0
8335.09,4.875,465.0,2,17135.18,355.25,0.829,4,165.0
8335.09,4.875,465.0,3,25470.27,165.0,0.0,3,165.0
8335.09,4.875,465.0,4,33805.36,155.667,0.471,3,165.0
8335.09,4.875,470.0,0,470.0,153.0,0.0,4,165.0
8335.09,4.875,470.0,1,8805.09,346.75,0.433,4,165.0
8335.09,4.875,470.0,2,17140.18,355.5,0.5,4,165.0
8335.09,4.875,470.0,3,25475.27,165.0,0.0,4,165.0
8335.09,4.875,470.0,4,33810.36,156.0,0.0,3,165.0
8335.09,4.875,475.0,0,475.0,153.0,0.0,4,165.0
8335.09,4.875,475.0,1,8810.09,346.667,0.471,3,165.0
8335.09,4.875,475.0,2,17145.18,355.667,0.471,3,165.0
8335.09,4.875,475.0,3,25480.27,165.0,0.0,3,165.0
8335.09,4.875,475.0,4,33815.36,156.0,0.0,3,165.0
8335.09,4.875,480.0,0,480.0,153.0,0.0,4,165.0
8335.09,4.875,480.0,1,8815.09,346.25,0.433,4,165.0
8335.09,4.875,480.0,2,17150.18,355.5,1.118,4,165.0
8335.09,4.875,480.0,3,25485.27,165.0,0.0,4,165.0
8335.09,4.875,480.0,4,33820.36,155.667,0.471,3,165.0
8335.09,4.875,485.0,0,485.0,153.25,0.433,4,165.0
8335.09,4.875,485.0,1,8820.09,346.0,0.0,3,165.0
8335.09,4.875,485.0,2,17155.18,356.0,0.0,3,165.0
8335.09,4.875,485.0,3,25490.27,165.0,0.0,3,165.0
8335.09,4.875,485.0,4,33825.36,155.333,0.471,3,165.0
8335.09,4.875,490.0,0,490.0,153.0,0.0,4,165.0
8335.09,4.875,490.0,1,8825.09,346.25,0.829,4,165.0
8335.09,4.875,490.0,2,17160.18,355.333,0.943,3,165.0
8335.09,4.875,490.0,3,25495.27,165.0,0.0,3,165.0
8335.09,4.875,490.0,4,33830.36,155.667,0.471,3,165.0
8335.09,4.875,495.0,0,495.0,153.0,0.0,4,165.0
8335.09,4.875,495.0,1,8830.09,346.25,0.433,4,165.0
8335.09,4.875,495.0,2,17165.18,356.0,1.225,4,165.0
8335.09,4.875,495.0,3,25500.27,165.0,0.0,4,165.0
8335.09,4.875,495.0,4,33835.36,155.5,0.5,4,165.0
8335.09,4.875,500.0,0,500.0,153.0,0.0,4,165.0
8335.09,4.875,500.0,1,8835.09,347.0,0.707,4,165.0
8335.09,4.875,500.0,2,17170.18,355.75,1.299,4,165.0
8335.09,4.875,500.0,3,25505.27,165.0,0.0,4,165.0
8335.09,4.875,500.0,4,33840.36,155.5,0.5,4,165.0
8335.09,4.875,505.0,0,505.0,153.0,0.0,4,165.0
8335.09,4.875,505.0,1,8840.09,346.5,0.5,4,165.0
8335.09,4.875,505.0,2,17175.18,355.333,0.471,3,165.0
8335.09,4.875,505.0,3,25510.27,165.0,0.0,3,165.0
8335.09,4.875,505.0,4,33845.36,155.667,0.471,3,165.0
8335.09,4.875,510.0,0,510.0,153.0,0.0,4,165.0
8335.09,4.875,510.0,1,8845.09,346.75,0.433,4,165.0
8335.09,4.875,510.0,2,17180.18,355.25,1.299,4,165.0
8335.09,4.875,510.0,3,25515.27,165.0,0.0,3,165.0
8335.09,4.875,510.0,4,33850.36,155.667,0.471,3,165.0
8335.09,4.875,515.0,0,515.0,153.0,0.0,4,165.0
8335.09,4.875,515.0,1,8850.09,346.75,0.829,4,165.0
8335.09,4.875,515.0,2,17185.18,355.0,0.816,3,165.0
8335.09,4.875,515.0,3,25520.27,165.0,0.0,3,165.0
8335.09,4.875,515.0,4,33855.36,155.667,0.471,3,165.0
8335.09,4.875,520.0,0,520.0,153.0,0.0,4,165.0
8335.09,4.875,520.0,1,8855.09,347.0,0.0,4,165.0
8335.09,4.875,520.0,2,17190.18,354.25,0.829,4,165.0
8335.09,4.875,520.0,3,25525.27,165.0,0.0,3,165.0
8335.09,4.875,520.0,4,33860.36,155.667,0.471,3,165.0
8335.09,4.875,525.0,0,525.0,153.5,0.5,4,165.0
8335.09,4.875,525.0,1,8860.09,347.25,0.433,4,165.0
8335.09,4.875,525.0,2,17195.18,353.667,0.471,3,165.0
8335.09,4.875,525.0,3,25530.27,165.0,0.0,3,165.0
8335.09,4.875,525.0,4,33865.36,155.667,0.471,3,165.0
8335.09,4.875,530.0,0,530.0,153.25,0.433,4,165.0
8335.09,4.875,530.0,1,8865.09,348.0,0.707,4,165.0
8335.09,4.875,530.0,2,17200.18,353.75,0.433,4,165.0
8335.09,4.875,530.0,3,25535.27,165.0,0.0,3,165.0
8335.09,4.875,530.0,4,33870.36,156.0,0.0,3,165.0
8335.09,4.875,535.0,0,535.0,153.25,0.433,4,165.0
8335.09,4.875,535.0,1,8870.09,348.0,0.0,3,165.0
8335.09,4.875,535.0,2,17205.18,353.667,0.471,3,165.0
8335.09,4.875,535.0,3,25540.27,165.0,0.0,3,165.0
8335.09,4.875,535.0,4,33875.36,156.0,0.0,3,165.0
8335.09,4.875,540.0,0,540.0,153.25,0.433,4,165.0
8335.09,4.875,540.0,1,8875.09,348.25,0.829,4,165.0
8335.09,4.875,540.0,2,17210.18,353.25,1.299,4,165.0
8335.09,4.875,540.0,3,25545.27,165.0,0.0,3,165.0
8335.09,4.875,540.0,4,33880.36,155.667,0.471,3,165.0
8335.09,4.875,545.0,0,545.0,153.0,0.0,4,165.0
8335.09,4.875,545.0,1,8880.09,349.0,0.0,3,165.0
8335.09,4.875,545.0,2,17215.18,352.667,0.471,3,165.0
8335.09,4.875,545.0,3,25550.27,165.0,0.0,3,165.0
8335.09,4.875,545.0,4,33885.36,155.667,0.471,3,165.0
8335.09,4.875,550.0,0,550.0,153.25,0.433,4,165.0
8335.09,4.875,550.0,1,8885.09,348.75,0.433,4,165.0
8335.09,4.875,550.0,2,17220.18,352.75,1.09,4,165.0
8335.09,4.875,550.0,3,25555.27,165.0,0.0,3,165.0
8335.09,4.875,550.0,4,33890.36,155.667,0.471,3,165.0
8335.09,4.875,555.0,0,555.0,153.0,0.0,4,165.0
8335.09,4.875,555.0,1,8890.09,349.75,0.433,4,165.0
8335.09,4.875,555.0,2,17225.18,352.0,0.0,3,165.0
8335.09,4.875,555.0,3,25560.27,165.0,0.0,3,165.0
8335.09,4.875,555.0,4,33895.36,156.0,0.0,3,165.0
8335.09,4.875,560.0,0,560.0,153.0,0.0,4,165.0
8335.09,4.875,560.0,1,8895.09,349.25,0.829,4,165.0
8335.09,4.875,560.0,2,17230.18,352.75,1.09,4,165.0
8335.09,4.875,560.0,3,25565.27,165.0,0.0,4,165.0
8335.09,4.875,560.0,4,33900.36,155.75,0.433,4,165.0
8335.09,4.875,565.0,0,565.0,153.25,0.433,4,165.0
8335.09,4.875,565.0,1,8900.09,349.5,0.5,4,165.0
8335.09,4.875,565.0,2,17235.18,352.0,0.0,3,165.0
8335.09,4.875,565.0,3,25570.27,165.0,0.0,3,165.0
8335.09,4.875,565.0,4,33905.36,156.0,0.0,3,165.0
8335.09,4.875,570.0,0,570.0,153.25,0.433,4,165.5
8335.09,4.875,570.0,1,8905.09,350.25,0.433,4,165.5
8335.09,4.875,570.0,2,17240.18,351.25,0.433,4,165.5
8335.09,4.875,570.0,3,25575.27,165.5,0.5,4,165.5
8335.09,4.875,570.0,4,33910.36,155.75,0.433,4,165.5
8335.09,4.875,575.0,0,575.0,153.0,0.0,4,165.0
8335.09,4.875,575.0,1,8910.09,379.5,10.21,4,165.0
8335.09,4.875,575.0,2,17245.18,342.0,2.449,3,165.0
8335.09,4.875,575.0,3,25580.27,165.0,0.0,3,165.0
8335.09,4.875,575.0,4,33915.36,155.333,0.471,3,165.0
8335.09,4.875,580.0,0,580.0,153.0,0.0,4,165.0
8335.09,4.875,580.0,1,8915.09,528.25,44.036,4,165.0
8335.09,4.875,580.0,2,17250.18,329.25,2.947,4,165.0
8335.09,4.875,580.0,3,25585.27,165.0,0.0,4,165.0
8335.09,4.875,580.0,4,33920.36,156.0,0.0,4,165.0
8335.09,4.875,585.0,0,585.0,153.25,0.433,4,165.0
8335.09,4.875,585.0,1,8920.09,640.0,9.899,3,165.0
8335.09,4.875,585.0,2,17255.18,324.0,0.816,3,165.0
8335.09,4.875,585.0,3,25590.27,165.0,0.0,3,165.0
8335.09,4.875,585.0,4,33925.36,156.0,0.0,3,165.0
8335.09,4.875,590.0,0,590.0,153.5,0.5,4,165.25
8335.09,4.875,590.0,1,8925.09,680.0,4.637,4,165.25
8335.09,4.875,590.0,2,17260.18,321.75,0.433,4,165.25
8335.09,4.875,590.0,3,25595.27,165.25,0.433,4,165.25
8335.09,4.875,590.0,4,33930.36,155.75,0.433,4,165.25
8335.09,4.875,595.0,0,595.0,153.75,0.433,4,165.0
8335.09,4.875,595.0,1,8930.09,694.0,2.944,3,165.0
8335.09,4.875,595.0,2,17265.18,321.333,0.471,3,165.0
8335.09,4.875,595.0,3,25600.27,165.0,0.0,3,165.0
8335.09,4.875,595.0,4,33935.36,156.0,0.0,3,165.0
8335.09,4.875,600.0,0,600.0,153.25,0.433,4,165.0
8335.09,4.875,600.0,1,8935.09,693.0,2.236,4,165.0
8335.09,4.875,600.0,2,17270.18,321.0,0.707,4,165.0
8335.09,4.875,600.0,3,25605.27,165.0,0.0,4,165.0
8335.09,4.875,600.0,4,33940.36,156.0,0.0,4,165.0
8335.09,4.875,605.0,0,605.0,153.0,0.0,4,165.0
8335.09,4.875,605.0,1,8940.09,691.0,2.236,4,165.0
8335.09,4.875,605.0,2,17275.18,321.25,0.829,4,165.0
8335.09,4.875,605.0,3,25610.27,165.0,0.0,4,165.0
8335.09,4.875,605.0,4,33945.36,156.0,0.0,3,165.0
8335.09,4.875,610.0,0,610.0,153.5,0.5,4,165.0
8335.09,4.875,610.0,1,8945.09,698.0,1.225,4,165.0
8335.09,4.875,610.0,2,17280.18,320.333,0.471,3,165.0
8335.09,4.875,610.0,3,25615.27,165.0,0.0,3,165.0
8335.09,4.875,610.0,4,33950.36,156.0,0.0,3,165.0
8335.09,4.875,615.0,0,615.0,153.5,0.5,4,165.25
8335.09,4.875,615.0,1,8950.09,695.75,0.829,4,165.25
8335.09,4.875,615.0,2,17285.18,321.5,1.118,4,165.25
8335.09,4.875,615.0,3,25620.27,165.25,0.433,4,165.25
8335.09,4.875,615.0,4,33955.36,156.0,0.0,3,165.25
8335.09,4.875,620.0,0,620.0,153.75,0.433,4,165.0
8335.09,4.875,620.0,1,8955.09,695.25,2.278,4,165.0
8335.09,4.875,620.0,2,17290.18,321.333,0.471,3,165.0
8335.09,4.875,620.0,3,25625.27,165.0,0.0,3,165.0
8335.09,4.875,620.0,4,33960.36,156.0,0.0,3,165.0
8335.09,4.875,625.0,0,625.0,153.5,0.5,4,165.0
8335.09,4.875,625.0,1,8960.09,695.75,1.479,4,165.0
8335.09,4.875,625.0,2,17295.18,322.0,0.816,3,165.0
8335.09,4.875,625.0,3,25630.27,165.0,0.0,3,165.0
8335.09,4.875,625.0,4,33965.36,156.0,0.0,3,165.0
8335.09,4.875,630.0,0,630.0,153.75,0.433,4,165.0
8335.09,4.875,630.0,1,8965.09,695.667,1.247,3,165.0
8335.09,4.875,630.0,2,17300.18,321.333,0.471,3,165.0
8335.09,4.875,630.0,3,25635.27,165.0,0.0,3,165.0
8335.09,4.875,630.0,4,33970.36,156.0,0.0,3,165.0
8335.09,4.875,635.0,0,635.0,153.5,0.5,4,165.0
8335.09,4.875,635.0,1,8970.09,696.25,0.829,4,165.0
8335.09,4.875,635.0,2,17305.18,321.333,0.471,3,165.0
8335.09,4.875,635.0,3,25640.27,165.0,0.0,3,165.0
8335.09,4.875,635.0,4,33975.36,155.667,0.471,3,165.0
8335.09,4.875,640.0,0,640.0,153.75,0.433,4,165.0
8335.09,4.875,640.0,1,8975.09,695.667,0.471,3,165.0
8335.09,4.875,640.0,2,17310.18,319.667,0.471,3,165.0
8335.09,4.875,640.0,3,25645.27,165.0,0.0,3,165.0
8335.09,4.875,640.0,4,33980.36,155.667,0.471,3,165.0
8335.09,4.875,645.0,0,645.0,153.5,0.5,4,165.0
8335.09,4.875,645.0,1,8980.09,694.0,0.707,4,165.0
8335.09,4.875,645.0,2,17315.18,321.0,0.0,3,165.0
8335.09,4.875,645.0,3,25650.27,165.0,0.0,3,165.0
8335.09,4.875,645.0,4,33985.36,156.0,0.0,3,165.0
8335.09,4.875,650.0,0,650.0,153.25,0.433,4,165.0
8335.09,4.875,650.0,1,8985.09,693.667,1.886,3,165.0
8335.09,4.875,650.0,2,17320.18,320.667,0.471,3,165.0
8335.09,4.875,650.0,3,25655.27,165.0,0.0,3,165.0
8335.09,4.875,650.0,4,33990.36,156.0,0.0,3,165.0
8335.09,4.875,655.0,0,655.0,153.75,0.433,4,165.0
8335.09,4.875,655.0,1,8990.09,692.5,1.5,4,165.0
8335.09,4.875,655.0,2,17325.18,321.5,0.866,4,165.0
8335.09,4.875,655.0,3,25660.27,165.0,0.0,3,165.0
8335.09,4.875,655.0,4,33995.36,156.0,0.0,3,165.0
8335.09,4.875,660.0,0,660.0,153.5,0.5,4,165.0
8335.09,4.875,660.0,1,8995.09,692.667,0.471,3,165.0
8335.09,4.875,660.0,2,17330.18,320.667,0.471,3,165.0
8335.09,4.875,660.0,3,25665.27,165.0,0.0,3,165.0
8335.09,4.875,660.0,4,34000.36,156.0,0.0,3,165.0
8335.09,4.875,665.0,0,665.0,153.5,0.5,4,165.0
8335.09,4.875,665.0,1,9000.09,693.0,0.707,4,165.0
8335.09,4.875,665.0,2,17335.18,320.25,0.829,4,165.0
8335.09,4.875,665.0,3,25670.27,165.0,0.0,3,165.0
8335.09,4.875,665.0,4,34005.36,155.667,0.471,3,165.0
8335.09,4.875,670.0,0,670.0,153.0,0.0,4,165.0
8335.09,4.875,670.0,1,9005.09,693.25,0.433,4,165.0
8335.09,4.875,670.0,2,17340.18,320.25,0.433,4,165.0
8335.09,4.875,670.0,3,25675.27,165.0,0.0,4,165.0
8335.09,4.875,670.0,4,34010.36,156.0,0.0,3,165.0
8335.09,4.875,675.0,0,675.0,153.5,0.5,4,165.0
8335.09,4.875,675.0,1,9010.09,691.0,1.871,4,165.0
8335.09,4.875,675.0,2,17345.18,320.667,0.471,3,165.0
8335.09,4.875,675.0,3,25680.27,165.0,0.0,3,165.0
8335.09,4.875,675.0,4,34015.36,156.0,0.0,3,165.0
8335.09,4.875,680.0,0,680.0,153.5,0.5,4,165.0
8335.09,4.875,680.0,1,9015.09,688.75,0.829,4,165.0
8335.09,4.875,680.0,2,17350.18,321.0,1.225,4,165.0
8335.09,4.875,680.0,3,25685.27,165.0,0.0,4,165.0
8335.09,4.875,680.0,4,34020.36,155.667,0.471,3,165.0
8335.09,4.875,685.0,0,685.0,153.5,0.5,4,165.0
8335.09,4.875,685.0,1,9020.09,689.25,2.773,4,165.0
8335.09,4.875,685.0,2,17355.18,320.667,0.943,3,165.0
8335.09,4.875,685.0,3,25690.27,165.0,0.0,3,165.0
8335.09,4.875,685.0,4,34025.36,155.667,0.471,3,165.0
8335.09,4.875,690.0,0,690.0,153.0,0.0,4,165.25
8335.09,4.875,690.0,1,9025.09,687.5,2.5,4,165.25
8335.09,4.875,690.0,2,17360.18,321.5,0.5,4,165.25
8335.09,4.875,690.0,3,25695.27,165.25,0.433,4,165.25
8335.09,4.875,690.0,4,34030.36,156.0,0.0,3,165.25
8335.09,4.875,695.0,0,695.0,153.25,0.433,4,165.0
8335.09,4.875,695.0,1,9030.09,685.0,1.0,4,165.0
8335.09,4.875,695.0,2,17365.18,321.0,0.816,3,165.0
8335.09,4.875,695.0,3,25700.27,165.0,0.0,3,165.0
8335.09,4.875,695.0,4,34035.36,156.0,0.0,3,165.0
8335.09,4.875,700.0,0,700.0,153.25,0.433,4,165.0
8335.09,4.875,700.0,1,9035.09,686.75,1.92,4,165.0
8335.09,4.875,700.0,2,17370.18,321.25,0.829,4,165.0
8335.09,4.875,700.0,3,25705.27,165.0,0.0,4,165.0
8335.09,4.875,700.0,4,34040.36,156.0,0.0,3,165.0
8335.09,4.875,705.0,0,705.0,153.75,0.433,4,165.0
8335.09,4.875,705.0,1,9040.09,686.25,1.09,4,165.0
8335.09,4.875,705.0,2,17375.18,320.25,0.829,4,165.0
8335.09,4.875,705.0,3,25710.27,165.0,0.0,3,165.0
8335.09,4.875,705.0,4,34045.36,155.667,0.471,3,165.0
8335.09,4.875,710.0,0,710.0,153.5,0.5,4,165.0
8335.09,4.875,710.0,1,9045.09,685.0,1.225,4,165.0
8335.09,4.875,710.0,2,17380.18,320.75,0.433,4,165.0
8335.09,4.875,710.0,3,25715.27,165.0,0.0,4,165.0
8335.09,4.875,710.0,4,34050.36,156.0,0.0,3,165.0
8335.09,4.875,715.0,0,715.0,153.75,0.433,4,165.0
8335.09,4.875,715.0,1,9050.09,683.5,1.803,4,165.0
8335.09,4.875,715.0,2,17385.18,320.5,0.5,4,165.0
8335.09,4.875,715.0,3,25720.27,165.0,0.0,3,165.0
8335.09,4.875,715.0,4,34055.36,156.0,0.0,3,165.0
8335.09,4.875,720.0,0,720.0,153.5,0.5,4,165.0
8335.09,4.875,720.0,1,9055.09,683.0,1.225,4,165.0
8335.09,4.875,720.0,2,17390.18,321.5,0.866,4,165.0
8335.09,4.875,720.0,3,25725.27,165.0,0.0,4,165.0
8335.09,4.875,720.0,4,34060.36,156.0,0.0,3,165.0
8335.09,4.875,725.0,0,725.0,153.5,0.5,4,165.333
8335.09,4.875,725.0,1,9060.09,684.333,1.247,3,165.333
8335.09,4.875,725.0,2,17395.18,320.0,0.816,3,165.333
8335.09,4.875,725.0,3,25730.27,165.333,0.471,3,165.333
8335.09,4.875,725.0,4,34065.36,156.0,0.0,3,165.333
8335.09,4.875,730.0,0,730.0,154.0,0.0,4,165.0
8335.09,4.875,730.0,1,9065.09,683.75,0.433,4,165.0
8335.09,4.875,730.0,2,17400.18,320.75,1.09,4,165.0
8335.09,4.875,730.0,3,25735.27,165.0,0.0,4,165.0
8335.09,4.875,730.0,4,34070.36,155.667,0.471,3,165.0
8335.09,4.875,735.0,0,735.0,153.75,0.433,4,165.0
8335.09,4.875,735.0,1,9070.09,681.75,1.299,4,165.0
8335.09,4.875,735.0,2,17405.18,321.0,0.707,4,165.0
8335.09,4.875,735.0,3,25740.27,165.0,0.0,4,165.0
8335.09,4.875,735.0,4,34075.36,156.0,0.0,4,165.0
8335.09,4.875,740.0,0,740.0,153.25,0.433,4,165.0
8335.09,4.875,740.0,1,9075.09,681.0,0.707,4,165.0
8335.09,4.875,740.0,2,17410.18,320.5,0.5,4,165.0
8335.09,4.875,740.0,3,25745.27,165.0,0.0,4,165.0
8335.09,4.875,740.0,4,34080.36,156.0,0.0,3,165.0
8335.09,4.875,745.0,0,745.0,153.0,0.0,4,165.0
8335.09,4.875,745.0,1,9080.09,681.25,1.479,4,165.0
8335.09,4.875,745.0,2,17415.18,321.0,0.816,3,165.0
8335.09,4.875,745.0,3,25750.27,165.0,0.0,3,165.0
8335.09,4.875,745.0,4,34085.36,155.667,0.471,3,165.0
8335.09,4.875,750.0,0,750.0,153.25,0.433,4,165.0
8335.09,4.875,750.0,1,9085.09,682.0,1.225,4,165.0
8335.09,4.875,750.0,2,17420.18,320.75,0.433,4,165.0
8335.09,4.875,750.0,3,25755.27,165.0,0.0,4,165.0
8335.09,4.875,750.0,4,34090.36,156.0,0.0,3,165.0
8335.09,4.875,755.0,0,755.0,153.5,0.5,4,165.0
8335.09,4.875,755.0,1,9090.09,679.0,0.816,3,165.0
8335.09,4.875,755.0,2,17425.18,320.333,0.943,3,165.0
8335.09,4.875,755.0,3,25760.27,165.0,0.0,3,165.0
8335.09,4.875,755.0,4,34095.36,156.0,0.0,3,165.0
8335.09,4.875,760.0,0,760.0,154.0,0.0,4,165.0
8335.09,4.875,760.0,1,9095.09,678.75,2.165,4,165.0
8335.09,4.875,760.0,2,17430.18,320.25,0.433,4,165.0
8335.09,4.875,760.0,3,25765.27,165.0,0.0,4,165.0
8335.09,4.875,760.0,4,34100.36,156.0,0.0,4,165.0
8335.09,4.875,765.0,0,765.0,154.0,0.0,4,165.333
8335.09,4.875,765.0,1,9100.09,678.0,1.414,3,165.333
8335.09,4.875,765.0,2,17435.18,320.0,0.816,3,165.333
8335.09,4.875,765.0,3,25770.27,165.333,0.471,3,165.333
8335.09,4.875,765.0,4,34105.36,156.0,0.0,3,165.333
8335.09,4.875,770.0,0,770.0,154.0,0.0,4,165.5
8335.09,4.875,770.0,1,9105.09,677.75,1.09,4,165.5
8335.09,4.875,770.0,2,17440.18,321.25,0.433,4,165.5
8335.09,4.875,770.0,3,25775.27,165.5,0.5,4,165.5
8335.09,4.875,770.0,4,34110.36,156.0,0.0,4,165.5
8335.09,4.875,775.0,0,775.0,154.0,0.0,4,165.333
8335.09,4.875,775.0,1,9110.09,679.333,0.471,3,165.333
8335.09,4.875,775.0,2,17445.18,319.667,0.471,3,165.333
8335.09,4.875,775.0,3,25780.27,165.333,0.471,3,165.333
8335.09,4.875,775.0,4,34115.36,156.0,0.0,3,165.333
8335.09,4.875,780.0,0,780.0,153.75,0.433,4,165.0
8335.09,4.875,780.0,1,9115.09,677.5,0.5,4,165.0
8335.09,4.875,780.0,2,17450.18,320.0,0.707,4,165.0
8335.09,4.875,780.0,3,25785.27,165.0,0.0,4,165.0
8335.09,4.875,780.0,4,34120.36,156.0,0.0,3,165.0
8335.09,4.875,785.0,0,785.0,153.25,0.433,4,165.0
8335.09,4.875,785.0,1,9120.09,676.667,1.7,3,165.0
8335.09,4.875,785.0,2,17455.18,320.667,0.471,3,165.0
8335.09,4.875,785.0,3,25790.27,165.0,0.0,3,165.0
8335.09,4.875,785.0,4,34125.36,155.667,0.471,3,165.0
8335.09,4.875,790.0,0,790.0,153.5,0.5,4,165.0
8335.09,4.875,790.0,1,9125.09,676.75,1.92,4,165.0
8335.09,4.875,790.0,2,17460.18,319.75,0.433,4,165.0
8335.09,4.875,790.0,3,25795.27,165.0,0.0,4,165.0
8335.09,4.875,790.0,4,34130.36,156.0,0.0,3,165.0
8335.09,4.875,795.0,0,795.0,153.75,0.433,4,165.0
8335.09,4.875,795.0,1,9130.09,677.0,0.816,3,165.0
8335.09,4.875,795.0,2,17465.18,320.333,0.471,3,165.0
8335.09,4.875,795.0,3,25800.27,165.0,0.0,3,165.0
8335.09,4.875,795.0,4,34135.36,156.0,0.0,3,165.0
8335.09,4.875,800.0,0,800.0,153.5,0.5,4,165.25
8335.09,4.875,800.0,1,9135.09,677.0,0.707,4,165.25
8335.09,4.875,800.0,2,17470.18,320.5,0.5,4,165.25
8335.09,4.875,800.0,3,25805.27,165.25,0.433,4,165.25
8335.09,4.875,800.0,4,34140.36,156.0,0.0,3,165.25
8335.09,4.875,805.0,0,805.0,153.25,0.433,4,165.0
8335.09,4.875,805.0,1,9140.09,674.667,0.943,3,165.0
8335.09,4.875,805.0,2,17475.18,320.667,0.471,3,165.0
8335.09,4.875,805.0,3,25810.27,165.0,0.0,3,165.0
8335.09,4.875,805.0,4,34145.36,156.0,0.0,3,165.0
8335.09,4.875,810.0,0,810.0,153.75,0.433,4,165.0
8335.09,4.875,810.0,1,9145.09,674.25,1.639,4,165.0
8335.09,4.875,810.0,2,17480.18,320.5,0.866,4,165.0
8335.09,4.875,810.0,3,25815.27,165.0,0.0,3,165.0
8335.09,4.875,810.0,4,34150.36,155.667,0.471,3,165.0
8335.09,4.875,815.0,0,815.0,153.25,0.433,4,165.0
8335.09,4.875,815.0,1,9150.09,673.333,1.247,3,165.0
8335.09,4.875,815.0,2,17485.18,322.0,0.0,3,165.0
8335.09,4.875,815.0,3,25820.27,165.0,0.0,3,165.0
8335.09,4.875,815.0,4,34155.36,156.0,0.0,3,165.0
8335.09,4.875,820.0,0,820.0,153.25,0.433,4,165.0
8335.09,4.875,820.0,1,9155.09,674.0,1.581,4,165.0
8335.09,4.875,820.0,2,17490.18,320.0,0.707,4,165.0
8335.09,4.875,820.0,3,25825.27,165.0,0.0,3,165.0
8335.09,4.875,820.0,4,34160.36,156.0,0.0,3,165.0
8335.09,4.875,825.0,0,825.0,153.25,0.433,4,165.0
8335.09,4.875,825.0,1,9160.09,672.667,0.943,3,165.0
8335.09,4.875,825.0,2,17495.18,320.667,0.471,3,165.0
8335.09,4.875,825.0,3,25830.27,165.0,0.0,3,165.0
8335.09,4.875,825.0,4,34165.36,156.0,0.0,3,165.0
8335.09,4.875,830.0,0,830.0,153.5,0.5,4,165.0
8335.09,4.875,830.0,1,9165.09,672.5,1.5,4,165.0
8335.09,4.875,830.0,2,17500.18,321.0,0.707,4,165.0
8335.09,4.875,830.0,3,25835.27,165.0,0.0,3,165.0
8335.09,4.875,830.0,4,34170.36,156.0,0.0,3,165.0
8335.09,4.875,835.0,0,835.0,153.75,0.433,4,165.0
8335.09,4.875,835.0,1,9170.09,672.333,1.7,3,165.0
8335.09,4.875,835.0,2,17505.18,320.0,0.0,3,165.0
8335.09,4.875,835.0,3,25840.27,165.0,0.0,3,165.0
8335.09,4.875,835.0,4,34175.36,156.0,0.0,3,165.0
8335.09,4.875,840.0,0,840.0,153.5,0.5,4,165.0
8335.09,4.875,840.0,1,9175.09,670.25,0.829,4,165.0
8335.09,4.875,840.0,2,17510.18,320.667,0.943,3,165.0
8335.09,4.875,840.0,3,25845.27,165.0,0.0,3,165.0
8335.09,4.875,840.0,4,34180.36,156.0,0.0,3,165.0
8335.09,4.875,845.0,0,845.0,153.25,0.433,4,165.0
8335.09,4.875,845.0,1,9180.09,670.0,2.16,3,165.0
8335.09,4.875,845.0,2,17515.18,320.333,0.943,3,165.0
8335.09,4.875,845.0,3,25850.27,165.0,0.0,3,165.0
8335.09,4.875,845.0,4,34185.36,156.0,0.0,3,165.0
8335.09,4.875,850.0,0,850.0,153.25,0.433,4,165.0
8335.09,4.875,850.0,1,9185.09,669.5,1.5,4,165.0
8335.09,4.875,850.0,2,17520.18,319.667,0.471,3,165.0
8335.09,4.875,850.0,3,25855.27,165.0,0.0,3,165.0
8335.09,4.875,850.0,4,34190.36,156.0,0.0,3,165.0
8335.09,4.875,855.0,0,855.0,154.0,0.0,4,165.333
8335.09,4.875,855.0,1,9190.09,579.75,26.621,4,165.333
8335.09,4.875,855.0,2,17525.18,322.75,1.299,4,165.333
8335.09,4.875,855.0,3,25860.27,165.333,0.471,3,165.333
8335.09,4.875,855.0,4,34195.36,156.333,0.471,3,165.333
8335.09,4.875,860.0,0,860.0,154.75,0.433,4,166.0
8335.09,4.875,860.0,1,9195.09,405.25,20.315,4,166.0
8335.09,4.875,860.0,2,17530.18,336.0,2.55,4,166.0
8335.09,4.875,860.0,3,25865.27,166.0,0.0,4,166.0
8335.09,4.875,860.0,4,34200.36,156.75,0.433,4,166.0
8335.09,4.875,865.0,0,865.0,155.0,0.0,4,167.0
8335.09,4.875,865.0,1,9200.09,345.0,0.0,3,167.0
8335.09,4.875,865.0,2,17535.18,351.333,0.471,3,167.0
8335.09,4.875,865.0,3,25870.27,167.0,0.0,3,167.0
8335.09,4.875,865.0,4,34205.36,158.0,0.0,3,167.0
8335.09,4.875,870.0,0,870.0,156.0,0.0,4,168.0
8335.09,4.875,870.0,1,9205.09,345.5,0.5,4,168.0
8335.09,4.875,870.0,2,17540.18,350.75,0.433,4,168.0
8335.09,4.875,870.0,3,25875.27,168.0,0.0,4,168.0
8335.09,4.875,870.0,4,34210.36,158.0,0.0,4,168.0
8335.09,4.875,875.0,0,875.0,156.0,0.0,4,168.0
8335.09,4.875,875.0,1,9210.09,345.75,0.433,4,168.0
8335.09,4.875,875.0,2,17545.18,350.667,0.943,3,168.0
8335.09,4.875,875.0,3,25880.27,168.0,0.0,3,168.0
8335.09,4.875,875.0,4,34215.36,158.0,0.0,3,168.0
8335.09,4.875,880.0,0,880.0,156.0,0.0,4,167.5
8335.09,4.875,880.0,1,9215.09,345.0,0.707,4,167.5
8335.09,4.875,880.0,2,17550.18,350.5,0.5,4,167.5
8335.09,4.875,880.0,3,25885.27,167.5,0.5,4,167.5
8335.09,4.875,880.0,4,34220.36,158.0,0.0,4,167.5
8335.09,4.875,885.0,0,885.0,156.0,0.0,4,168.0
8335.09,4.875,885.0,1,9220.09,346.0,0.707,4,168.0
8335.09,4.875,885.0,2,17555.18,349.333,0.471,3,168.0
8335.09,4.875,885.0,3,25890.27,168.0,0.0,3,168.0
8335.09,4.875,885.0,4,34225.36,158.0,0.0,3,168.0
8335.09,4.875,890.0,0,890.0,156.0,0.0,4,167.5
8335.09,4.875,890.0,1,9225.09,346.75,1.299,4,167.5
8335.09,4.875,890.0,2,17560.18,349.0,1.0,4,167.5
8335.09,4.875,890.0,3,25895.27,167.5,0.5,4,167.5
8335.09,4.875,890.0,4,34230.36,158.0,0.0,4,167.5
8335.09,4.875,895.0,0,895.0,155.5,0.5,4,167.0
8335.09,4.875,895.0,1,9230.09,347.25,0.433,4,167.0
8335.09,4.875,895.0,2,17565.18,348.333,0.471,3,167.0
8335.09,4.875,895.0,3,25900.27,167.0,0.0,3,167.0
8335.09,4.875,895.0,4,34235.36,158.0,0.0,3,167.0
8335.09,4.875,900.0,0,900.0,155.5,0.5,4,167.0
8335.09,4.875,900.0,1,9235.09,347.75,0.433,4,167.0
8335.09,4.875,900.0,2,17570.18,347.5,1.118,4,167.0
8335.09,4.875,900.0,3,25905.27,167.0,0.0,4,167.0
8335.09,4.875,900.0,4,34240.36,158.0,0.0,4,167.0
8335.09,4.875,905.0,0,905.0,155.75,0.433,4,167.0
8335.09,4.875,905.0,1,9240.09,347.5,1.118,4,167.0
8335.09,4.875,905.0,2,17575.18,346.667,0.943,3,167.0
8335.09,4.875,905.0,3,25910.27,167.0,0.0,3,167.0
8335.09,4.875,905.0,4,34245.36,158.0,0.0,3,167.0
8335.09,4.875,910.0,0,910.0,156.0,0.0,4,167.333
8335.09,4.875,910.0,1,9245.09,349.333,0.471,3,167.333
8335.09,4.875,910.0,2,17580.18,346.0,0.816,3,167.333
8335.09,4.875,910.0,3,25915.27,167.333,0.471,3,167.333
8335.09,4.875,910.0,4,34250.36,158.0,0.0,3,167.333
8335.09,4.875,915.0,0,915.0,156.0,0.0,4,167.75
8335.09,4.875,915.0,1,9250.09,350.5,0.5,4,167.75
8335.09,4.875,915.0,2,17585.18,344.75,0.829,4,167.75
8335.09,4.875,915.0,3,25920.27,167.75,0.433,4,167.75
8335.09,4.875,915.0,4,34255.36,158.0,0.0,3,167.75
8335.09,4.875,920.0,0,920.0,156.0,0.0,4,167.667
8335.09,4.875,920.0,1,9255.09,352.667,0.943,3,167.667
8335.09,4.875,920.0,2,17590.18,343.0,0.816,3,167.667
8335.09,4.875,920.0,3,25925.27,167.667,0.471,3,167.667
8335.09,4.875,920.0,4,34260.36,158.0,0.0,3,167.667
8335.09,4.875,925.0,0,925.0,156.0,0.0,4,167.0
8335.09,4.875,925.0,1,9260.09,352.0,0.707,4,167.0
8335.09,4.875,925.0,2,17595.18,342.333,0.471,3,167.0
8335.09,4.875,925.0,3,25930.27,167.0,0.0,3,167.0
8335.09,4.875,925.0,4,34265.36,158.0,0.0,3,167.0
8335.09,4.875,930.0,0,930.0,155.5,0.5,4,167.0
8335.09,4.875,930.0,1,9265.09,354.5,1.118,4,167.0
8335.09,4.875,930.0,2,17600.18,340.75,0.829,4,167.0
8335.09,4.875,930.0,3,25935.27,167.0,0.0,4,167.0
8335.09,4.875,930.0,4,34270.36,157.0,0.0,4,167.0
8335.09,4.875,935.0,0,935.0,154.0,0.0,4,166.25
8335.09,4.875,935.0,1,9270.09,354.5,1.118,4,166.25
8335.09,4.875,935.0,2,17605.18,339.75,0.829,4,166.25
8335.09,4.875,935.0,3,25940.27,166.25,0.433,4,166.25
8335.09,4.875,935.0,4,34275.36,156.333,0.471,3,166.25
8335.09,4.875,940.0,0,940.0,154.0,0.0,4,165.75
8335.09,4.875,940.0,1,9275.09,356.0,0.0,4,165.75
8335.09,4.875,940.0,2,17610.18,338.25,0.829,4,165.75
8335.09,4.875,940.0,3,25945.27,165.75,0.433,4,165.75
8335.09,4.875,940.0,4,34280.36,156.0,0.0,4,165.75
8335.09,4.875,945.0,0,945.0,154.0,0.0,4,165.5
8335.09,4.875,945.0,1,9280.09,356.75,0.433,4,165.5
8335.09,4.875,945.0,2,17615.18,337.75,0.433,4,165.5
8335.09,4.875,945.0,3,25950.27,165.5,0.5,4,165.5
8335.09,4.875,945.0,4,34285.36,156.0,0.0,3,165.5
8335.09,4.875,950.0,0,950.0,154.0,0.0,4,165.75
8335.09,4.875,950.0,1,9285.09,358.5,1.118,4,165.75
8335.09,4.875,950.0,2,17620.18,336.25,0.829,4,165.75
8335.09,4.875,950.0,3,25955.27,165.75,0.433,4,165.75
8335.09,4.875,950.0,4,34290.36,156.0,0.0,4,165.75
8335.09,4.875,955.0,0,955.0,154.0,0.0,4,165.333
8335.09,4.875,955.0,1,9290.09,359.667,0.471,3,165.333
8335.09,4.875,955.0,2,17625.18,335.0,0.816,3,165.333
8335.09,4.875,955.0,3,25960.27,165.333,0.471,3,165.333
8335.09,4.875,955.0,4,34295.36,156.0,0.0,3,165.333
8335.09,4.875,960.0,0,960.0,154.0,0.0,4,166.0
8335.09,4.875,960.0,1,9295.09,361.25,0.829,4,166.0
8335.09,4.875,960.0,2,17630.18,333.5,0.5,4,166.0
8335.09,4.875,960.0,3,25965.27,166.0,0.0,3,166.0
8335.09,4.875,960.0,4,34300.36,156.0,0.0,3,166.0
8335.09,4.875,965.0,0,965.0,154.0,0.0,4,166.0
8335.09,4.875,965.0,1,9300.09,361.25,0.433,4,166.0
8335.09,4.875,965.0,2,17635.18,331.75,0.433,4,166.0
8335.09,4.875,965.0,3,25970.27,166.0,0.0,4,166.0
8335.09,4.875,965.0,4,34305.36,156.667,0.471,3,166.0
8335.09,4.875,970.0,0,970.0,155.0,0.0,4,166.0
8335.09,4.875,970.0,1,9305.09,362.5,0.866,4,166.0
8335.09,4.875,970.0,2,17640.18,331.5,1.118,4,166.0
8335.09,4.875,970.0,3,25975.27,166.0,0.0,3,166.0
8335.09,4.875,970.0,4,34310.36,157.0,0.0,3,166.0
8335.09,4.875,975.0,0,975.0,155.0,0.0,4,166.25
8335.09,4.875,975.0,1,9310.09,365.25,0.829,4,166.25
8335.09,4.875,975.0,2,17645.18,329.5,0.866,4,166.25
8335.09,4.875,975.0,3,25980.27,166.25,0.433,4,166.25
8335.09,4.875,975.0,4,34315.36,157.0,0.0,3,166.25
8335.09,4.875,980.0,0,980.0,155.0,0.0,4,167.0
8335.09,4.875,980.0,1,9315.09,364.25,1.299,4,167.0
8335.09,4.875,980.0,2,17650.18,328.667,1.247,3,167.0
8335.09,4.875,980.0,3,25985.27,167.0,0.0,3,167.0
8335.09,4.875,980.0,4,34320.36,157.0,0.0,3,167.0
8335.09,4.875,985.0,0,985.0,155.25,0.433,4,167.0
8335.09,4.875,985.0,1,9320.09,365.25,0.829,4,167.0
8335.09,4.875,985.0,2,17655.18,328.75,0.829,4,167.0
8335.09,4.875,985.0,3,25990.27,167.0,0.0,4,167.0
8335.09,4.875,985.0,4,34325.36,157.0,0.0,3,167.0
8335.09,4.875,990.0,0,990.0,155.0,0.0,4,166.333
8335.09,4.875,990.0,1,9325.09,366.5,1.118,4,166.333
8335.09,4.875,990.0,2,17660.18,326.667,0.471,3,166.333
8335.09,4.875,990.0,3,25995.27,166.333,0.471,3,166.333
8335.09,4.875,990.0,4,34330.36,157.0,0.0,3,166.333
8335.09,4.875,995.0,0,995.0,154.25,0.433,4,166.0
8335.09,4.875,995.0,1,9330.09,368.0,0.707,4,166.0
8335.09,4.875,995.0,2,17665.18,326.0,0.707,4,166.0
8335.09,4.875,995.0,3,26000.27,166.0,0.0,4,166.0
8335.09,4.875,995.0,4,34335.36,157.0,0.0,3,166.0
8335.09,4.875,1000.0,0,1000.0,154.25,0.433,4,166.25
8335.09,4.875,1000.0,1,9335.09,368.25,0.433,4,166.25
8335.09,4.875,1000.0,2,17670.18,325.5,0.5,4,166.25
8335.09,4.875,1000.0,3,26005.27,166.25,0.433,4,166.25
8335.09,4.875,1000.0,4,34340.36,157.0,0.0,3,166.25
8335.09,4.875,1005.0,0,1005.0,155.0,0.0,4,166.25
8335.09,4.875,1005.0,1,9340.09,369.75,1.299,4,166.25
8335.09,4.875,1005.0,2,17675.18,324.25,0.829,4,166.25
8335.09,4.875,1005.0,3,26010.27,166.25,0.433,4,166.25
8335.09,4.875,1005.0,4,34345.36,157.0,0.0,3,166.25
8335.09,4.875,1010.0,0,1010.0,155.0,0.0,4,166.75
8335.09,4.875,1010.0,1,9345.09,371.0,1.0,4,166.75
8335.09,4.875,1010.0,2,17680.18,322.25,0.829,4,166.75
8335.09,4.875,1010.0,3,26015.27,166.75,0.433,4,166.75
8335.09,4.875,1010.0,4,34350.36,157.0,0.0,4,166.75
8335.09,4.875,1015.0,0,1015.0,154.75,0.433,4,166.333
8335.09,4.875,1015.0,1,9350.09,373.0,0.707,4,166.333
8335.09,4.875,1015.0,2,17685.18,320.0,0.0,4,166.333
8335.09,4.875,1015.0,3,26020.27,166.333,0.471,3,166.333
8335.09,4.875,1015.0,4,34355.36,157.0,0.0,3,166.333
8335.09,4.875,1020.0,0,1020.0,154.25,0.433,4,165.5
8335.09,4.875,1020.0,1,9355.09,373.75,0.433,4,165.5
8335.09,4.875,1020.0,2,17690.18,319.25,0.829,4,165.5
8335.09,4.875,1020.0,3,26025.27,165.5,0.5,4,165.5
8335.09,4.875,1020.0,4,34360.36,156.0,0.0,4,165.5
8335.09,4.875,1025.0,0,1025.0,153.5,0.5,4,165.0
8335.09,4.875,1025.0,1,9360.09,374.5,0.5,4,165.0
8335.09,4.875,1025.0,2,17695.18,318.25,0.433,4,165.0
8335.09,4.875,1025.0,3,26030.27,165.0,0.0,3,165.0
8335.09,4.875,1025.0,4,34365.36,156.0,0.0,3,165.0
8335.09,4.875,1030.0,0,1030.0,153.5,0.5,4,165.0
8335.09,4.875,1030.0,1,9365.09,376.25,0.829,4,165.0
8335.09,4.875,1030.0,2,17700.18,316.25,0.829,4,165.0
8335.09,4.875,1030.0,3,26035.27,165.0,0.0,4,165.0
8335.09,4.875,1030.0,4,34370.36,156.0,0.0,4,165.0
8335.09,4.875,1035.0,0,1035.0,153.75,0.433,4,165.0
8335.09,4.875,1035.0,1,9370.09,375.333,0.471,3,165.0
8335.09,4.875,1035.0,2,17705.18,316.333,0.471,3,165.0
8335.09,4.875,1035.0,3,26040.27,165.0,0.0,3,165.0
8335.09,4.875,1035.0,4,34375.36,156.0,0.0,3,165.0
8335.09,4.875,1040.0,0,1040.0,153.75,0.433,4,165.25
8335.09,4.875,1040.0,1,9375.09,377.75,0.829,4,165.25
8335.09,4.875,1040.0,2,17710.18,314.5,0.5,4,165.25
8335.09,4.875,1040.0,3,26045.27,165.25,0.433,4,165.25
8335.09,4.875,1040.0,4,34380.36,156.0,0.0,4,165.25
8335.09,4.875,1045.0,0,1045.0,155.0,0.0,4,167.0
8335.09,4.875,1045.0,1,9380.09,379.0,0.0,3,167.0
8335.09,4.875,1045.0,2,17715.18,313.667,0.471,3,167.0
8335.09,4.875,1045.0,3,26050.27,167.0,0.0,3,167.0
8335.09,4.875,1045.0,4,34385.36,157.333,0.471,3,167.0
8335.09,4.875,1050.0,0,1050.0,155.75,0.433,4,167.0
8335.09,4.875,1050.0,1,9385.09,380.75,0.433,4,167.0
8335.09,4.875,1050.0,2,17720.18,312.25,0.829,4,167.0
8335.09,4.875,1050.0,3,26055.27,167.0,0.0,4,167.0
8335.09,4.875,1050.0,4,34390.36,158.0,0.0,3,167.0
8335.09,4.875,1055.0,0,1055.0,156.0,0.0,4,167.333
8335.09,4.875,1055.0,1,9390.09,380.5,0.866,4,167.333
8335.09,4.875,1055.0,2,17725.18,312.667,0.471,3,167.333
8335.09,4.875,1055.0,3,26060.27,167.333,0.471,3,167.333
8335.09,4.875,1055.0,4,34395.36,158.0,0.0,3,167.333
8335.09,4.875,1060.0,0,1060.0,156.0,0.0,4,167.5
8335.09,4.875,1060.0,1,9395.09,381.75,0.433,4,167.5
8335.09,4.875,1060.0,2,17730.18,310.75,0.829,4,167.5
8335.09,4.875,1060.0,3,26065.27,167.5,0.5,4,167.5
8335.09,4.875,1060.0,4,34400.36,158.25,0.433,4,167.5
8335.09,4.875,1065.0,0,1065.0,156.0,0.0,4,167.667
8335.09,4.875,1065.0,1,9400.09,383.0,0.707,4,167.667
8335.09,4.875,1065.0,2,17735.18,309.333,0.471,3,167.667
8335.09,4.875,1065.0,3,26070.27,167.667,0.471,3,167.667
8335.09,4.875,1065.0,4,34405.36,158.0,0.0,3,167.667
8335.09,4.875,1070.0,0,1070.0,156.0,0.0,4,167.333
8335.09,4.875,1070.0,1,9405.09,384.5,0.5,4,167.333
8335.09,4.875,1070.0,2,17740.18,308.5,0.866,4,167.333
8335.09,4.875,1070.0,3,26075.27,167.333,0.471,3,167.333
8335.09,4.875,1070.0,4,34410.36,158.0,0.0,3,167.333
8335.09,4.875,1075.0,0,1075.0,156.0,0.0,4,167.333
8335.09,4.875,1075.0,1,9410.09,385.667,0.471,3,167.333
8335.09,4.875,1075.0,2,17745.18,307.333,0.471,3,167.333
8335.09,4.875,1075.0,3,26080.27,167.333,0.471,3,167.333
8335.09,4.875,1075.0,4,34415.36,158.0,0.0,3,167.333
8335.09,4.875,1080.0,0,1080.0,156.0,0.0,4,167.333
8335.09,4.875,1080.0,1,9415.09,386.5,0.5,4,167.333
8335.09,4.875,1080.0,2,17750.18,307.0,1.225,4,167.333
8335.09,4.875,1080.0,3,26085.27,167.333,0.471,3,167.333
8335.09,4.875,1080.0,4,34420.36,158.0,0.0,3,167.333
8335.09,4.875,1085.0,0,1085.0,156.0,0.0,4,167.333
8335.09,4.875,1085.0,1,9420.09,389.0,0.816,3,167.333
8335.09,4.875,1085.0,2,17755.18,305.333,0.471,3,167.333
8335.09,4.875,1085.0,3,26090.27,167.333,0.471,3,167.333
8335.09,4.875,1085.0,4,34425.36,158.0,0.0,3,167.333
8335.09,4.875,1090.0,0,1090.0,156.0,0.0,4,167.667
8335.09,4.875,1090.0,1,9425.09,388.75,0.433,4,167.667
8335.09,4.875,1090.0,2,17760.18,304.75,0.433,4,167.667
8335.09,4.875,1090.0,3,26095.27,167.667,0.471,3,167.667
8335.09,4.875,1090.0,4,34430.36,158.0,0.0,3,167.667
8335.09,4.875,1095.0,0,1095.0,156.0,0.0,4,167.0
8335.09,4.875,1095.0,1,9430.09,390.25,1.09,4,167.0
8335.09,4.875,1095.0,2,17765.18,303.0,1.225,4,167.0
8335.09,4.875,1095.0,3,26100.27,167.0,0.0,4,167.0
8335.09,4.875,1095.0,4,34435.36,158.0,0.0,3,167.0
8335.09,4.875,1100.0,0,1100.0,156.25,0.433,4,167.0
8335.09,4.875,1100.0,1,9435.09,391.0,1.225,4,167.0
8335.09,4.875,1100.0,2,17770.18,301.75,0.829,4,167.0
8335.09,4.875,1100.0,3,26105.27,167.0,0.0,3,167.0
8335.09,4.875,1100.0,4,34440.36,158.0,0.0,3,167.0
8335.09,4.875,1105.0,0,1105.0,156.0,0.0,4,167.333
8335.09,4.875,1105.0,1,9440.09,392.5,0.5,4,167.333
8335.09,4.875,1105.0,2,17775.18,300.667,1.247,3,167.333
8335.09,4.875,1105.0,3,26110.27,167.333,0.471,3,167.333
8335.09,4.875,1105.0,4,34445.36,158.0,0.0,3,167.333
8335.09,4.875,1110.0,0,1110.0,156.0,0.0,4,167.0
8335.09,4.875,1110.0,1,9445.09,393.75,0.433,4,167.0
8335.09,4.875,1110.0,2,17780.18,299.0,0.0,4,167.0
8335.09,4.875,1110.0,3,26115.27,167.0,0.0,3,167.0
8335.09,4.875,1110.0,4,34450.36,158.0,0.0,3,167.0
8335.09,4.875,1115.0,0,1115.0,156.0,0.0,4,167.0
8335.09,4.875,1115.0,1,9450.09,393.75,0.433,4,167.0
8335.09,4.875,1115.0,2,17785.18,299.333,0.471,3,167.0
8335.09,4.875,1115.0,3,26120.27,167.0,0.0,3,167.0
8335.09,4.875,1115.0,4,34455.36,158.0,0.0,3,167.0
8335.09,4.875,1120.0,0,1120.0,156.0,0.0,4,167.667
8335.09,4.875,1120.0,1,9455.09,395.0,0.707,4,167.667
8335.09,4.875,1120.0,2,17790.18,297.75,1.09,4,167.667
8335.09,4.875,1120.0,3,26125.27,167.667,0.471,3,167.667
8335.09,4.875,1120.0,4,34460.36,158.0,0.0,3,167.667
8335.09,4.875,1125.0,0,1125.0,156.0,0.0,4,167.333
8335.09,4.875,1125.0,1,9460.09,397.0,1.0,4,167.333
8335.09,4.875,1125.0,2,17795.18,297.0,0.816,3,167.333
8335.09,4.875,1125.0,3,26130.27,167.333,0.471,3,167.333
8335.09,4.875,1125.0,4,34465.36,158.0,0.0,3,167.333
8335.09,4.875,1130.0,0,1130.0,156.0,0.0,4,167.25
8335.09,4.875,1130.0,1,9465.09,397.75,0.829,4,167.25
8335.09,4.875,1130.0,2,17800.18,296.25,0.433,4,167.25
8335.09,4.875,1130.0,3,26135.27,167.25,0.433,4,167.25
8335.09,4.875,1130.0,4,34470.36,158.25,0.433,4,167.25
8335.09,4.875,1135.0,0,1135.0,156.0,0.0,4,167.0
8335.09,4.875,1135.0,1,9470.09,399.0,0.707,4,167.0
8335.09,4.875,1135.0,2,17805.18,294.667,0.471,3,167.0
8335.09,4.875,1135.0,3,26140.27,167.0,0.0,3,167.0
8335.09,4.875,1135.0,4,34475.36,158.0,0.0,3,167.0
8335.09,4.875,1140.0,0,1140.0,156.0,0.0,4,167.25
8335.09,4.875,1140.0,1,9475.09,400.0,0.707,4,167.25
8335.09,4.875,1140.0,2,17810.18,293.5,0.866,4,167.25
8335.09,4.875,1140.0,3,26145.27,167.25,0.433,4,167.25
8335.09,4.875,1140.0,4,34480.36,158.0,0.0,4,167.25
8335.09,4.875,1145.0,0,1145.0,156.0,0.0,4,167.0
8335.09,4.875,1145.0,1,9480.09,401.25,0.829,4,167.0
8335.09,4.875,1145.0,2,17815.18,293.0,0.816,3,167.0
8335.09,4.875,1145.0,3,26150.27,167.0,0.0,3,167.0
8335.09,4.875,1145.0,4,34485.36,158.333,0.471,3,167.0
8335.09,4.875,1150.0,0,1150.0,156.0,0.0,4,167.0
8335.09,4.875,1150.0,1,9485.09,401.75,0.829,4,167.0
8335.09,4.875,1150.0,2,17820.18,292.75,0.433,4,167.0
8335.09,4.875,1150.0,3,26155.27,167.0,0.0,3,167.0
8335.09,4.875,1150.0,4,34490.36,158.0,0.0,3,167.0
8335.09,4.875,1155.0,0,1155.0,156.0,0.0,4,167.0
8335.09,4.875,1155.0,1,9490.09,402.25,0.433,4,167.0
8335.09,4.875,1155.0,2,17825.18,292.25,0.433,4,167.0
8335.09,4.875,1155.0,3,26160.27,167.0,0.0,4,167.0
8335.09,4.875,1155.0,4,34495.36,158.0,0.0,3,167.0
8335.09,4.875,1160.0,0,1160.0,156.0,0.0,4,167.333
8335.09,4.875,1160.0,1,9495.09,403.333,0.943,3,167.333
8335.09,4.875,1160.0,2,17830.18,291.0,0.816,3,167.333
8335.09,4.875,1160.0,3,26165.27,167.333,0.471,3,167.333
8335.09,4.875,1160.0,4,34500.36,158.333,0.471,3,167.333
8335.09,4.875,1165.0,0,1165.0,156.0,0.0,4,167.333
8335.09,4.875,1165.0,1,9500.09,404.0,0.707,4,167.333
8335.09,4.875,1165.0,2,17835.18,292.0,0.0,3,167.333
8335.09,4.875,1165.0,3,26170.27,167.333,0.471,3,167.333
8335.09,4.875,1165.0,4,34505.36,158.0,0.0,3,167.333
8335.09,4.875,1170.0,0,1170.0,155.75,0.433,4,167.0
8335.09,4.875,1170.0,1,9505.09,403.75,0.829,4,167.0
8335.09,4.875,1170.0,2,17840.18,291.5,1.118,4,167.0
8335.09,4.875,1170.0,3,26175.27,167.0,0.0,4,167.0
8335.09,4.875,1170.0,4,34510.36,158.0,0.0,4,167.0
8335.09,4.875,1175.0,0,1175.0,155.75,0.433,4,167.0
8335.09,4.875,1175.0,1,9510.09,404.25,0.829,4,167.0
8335.09,4.875,1175.0,2,17845.18,291.333,1.247,3,167.0
8335.09,4.875,1175.0,3,26180.27,167.0,0.0,3,167.0
8335.09,4.875,1175.0,4,34515.36,158.0,0.0,3,167.0
8335.09,4.875,1180.0,0,1180.0,156.0,0.0,4,167.0
8335.09,4.875,1180.0,1,9515.09,404.75,0.829,4,167.0
8335.09,4.875,1180.0,2,17850.18,290.25,0.433,4,167.0
8335.09,4.875,1180.0,3,26185.27,167.0,0.0,4,167.0
8335.09,4.875,1180.0,4,34520.36,158.0,0.0,4,167.0
8335.09,4.875,1185.0,0,1185.0,156.0,0.0,4,167.0
8335.09,4.875,1185.0,1,9520.09,405.0,0.707,4,167.0
8335.09,4.875,1185.0,2,17855.18,290.333,0.471,3,167.0
8335.09,4.875,1185.0,3,26190.27,167.0,0.0,3,167.0
8335.09,4.875,1185.0,4,34525.36,158.0,0.0,3,167.0
8335.09,4.875,1190.0,0,1190.0,156.0,0.0,4,167.0
8335.09,4.875,1190.0,1,9525.09,404.75,0.433,4,167.0
8335.09,4.875,1190.0,2,17860.18,290.5,0.5,4,167.0
8335.09,4.875,1190.0,3,26195.27,167.0,0.0,3,167.0
8335.09,4.875,1190.0,4,34530.36,158.0,0.0,3,167.0
8335.09,4.875,1195.0,0,1195.0,156.0,0.0,4,167.0
8335.09,4.875,1195.0,1,9530.09,406.0,0.707,4,167.0
8335.09,4.875,1195.0,2,17865.18,289.667,1.247,3,167.0
8335.09,4.875,1195.0,3,26200.27,167.0,0.0,3,167.0
8335.09,4.875,1195.0,4,34535.36,158.0,0.0,3,167.0
8335.09,4.875,1200.0,0,1200.0,156.0,0.0,4,167.0
8335.09,4.875,1200.0,1,9535.09,405.5,1.118,4,167.0
8335.09,4.875,1200.0,2,17870.18,290.0,0.707,4,167.0
8335.09,4.875,1200.0,3,26205.27,167.0,0.0,3,167.0
8335.09,4.875,1200.0,4,34540.36,158.0,0.0,3,167.0
8335.09,4.875,1205.0,0,1205.0,156.0,0.0,4,167.0
8335.09,4.875,1205.0,1,9540.09,405.5,1.118,4,167.0
8335.09,4.875,1205.0,2,17875.18,290.667,0.943,3,167.0
8335.09,4.875,1205.0,3,26210.27,167.0,0.0,3,167.0
8335.09,4.875,1205.0,4,34545.36,158.0,0.0,3,167.0
8335.09,4.875,1210.0,0,1210.0,156.0,0.0,4,167.0
8335.09,4.875,1210.0,1,9545.09,404.75,0.433,4,167.0
8335.09,4.875,1210.0,2,17880.18,289.75,0.433,4,167.0
8335.09,4.875,1210.0,3,26215.27,167.0,0.0,4,167.0
8335.09,4.875,1210.0,4,34550.36,158.0,0.0,3,167.0
8335.09,4.875,1215.0,0,1215.0,156.0,0.0,4,167.0
8335.09,4.875,1215.0,1,9550.09,405.75,0.829,4,167.0
8335.09,4.875,1215.0,2,17885.18,289.5,0.5,4,167.0
8335.09,4.875,1215.0,3,26220.27,167.0,0.0,4,167.0
8335.09,4.875,1215.0,4,34555.36,158.0,0.0,4,167.0
8335.09,4.875,1220.0,0,1220.0,156.0,0.0,4,167.0
8335.09,4.875,1220.0,1,9555.09,405.25,0.433,4,167.0
8335.09,4.875,1220.0,2,17890.18,289.75,1.09,4,167.0
8335.09,4.875,1220.0,3,26225.27,167.0,0.0,4,167.0
8335.09,4.875,1220.0,4,34560.36,158.0,0.0,3,167.0
8335.09,4.875,1225.0,0,1225.0,155.75,0.433,4,167.0
8335.09,4.875,1225.0,1,9560.09,406.25,0.829,4,167.0
8335.09,4.875,1225.0,2,17895.18,289.25,0.829,4,167.0
8335.09,4.875,1225.0,3,26230.27,167.0,0.0,4,167.0
8335.09,4.875,1225.0,4,34565.36,158.0,0.0,4,167.0
8335.09,4.875,1230.0,0,1230.0,156.0,0.0,4,167.0
8335.09,4.875,1230.0,1,9565.09,405.0,1.225,4,167.0
8335.09,4.875,1230.0,2,17900.18,290.333,0.943,3,167.0
8335.09,4.875,1230.0,3,26235.27,167.0,0.0,3,167.0
8335.09,4.875,1230.0,4,34570.36,158.0,0.0,3,167.0
8335.09,4.875,1235.0,0,1235.0,155.75,0.433,4,167.0
8335.09,4.875,1235.0,1,9570.09,405.25,0.433,4,167.0
8335.09,4.875,1235.0,2,17905.18,289.5,0.5,4,167.0
8335.09,4.875,1235.0,3,26240.27,167.0,0.0,4,167.0
8335.09,4.875,1235.0,4,34575.36,158.0,0.0,4,167.0
8335.09,4.875,1240.0,0,1240.0,156.0,0.0,4,167.0
8335.09,4.875,1240.0,1,9575.09,406.0,0.816,3,167.0
8335.09,4.875,1240.0,2,17910.18,288.333,0.471,3,167.0
8335.09,4.875,1240.0,3,26245.27,167.0,0.0,3,167.0
8335.09,4.875,1240.0,4,34580.36,158.0,0.0,3,167.0
8335.09,4.875,1245.0,0,1245.0,155.75,0.433,4,167.0
8335.09,4.875,1245.0,1,9580.09,405.75,1.09,4,167.0
8335.09,4.875,1245.0,2,17915.18,289.5,0.5,4,167.0
8335.09,4.875,1245.0,3,26250.27,167.0,0.0,4,167.0
8335.09,4.875,1245.0,4,34585.36,158.0,0.0,4,167.0
8335.09,4.875,1250.0,0,1250.0,156.0,0.0,4,167.0
8335.09,4.875,1250.0,1,9585.09,405.5,0.866,4,167.0
8335.09,4.875,1250.0,2,17920.18,289.667,0.943,3,167.0
8335.09,4.875,1250.0,3,26255.27,167.0,0.0,3,167.0
8335.09,4.875,1250.0,4,34590.36,158.0,0.0,3,167.0
8335.09,4.875,1255.0,0,1255.0,156.0,0.0,4,167.0
8335.09,4.875,1255.0,1,9590.09,406.0,0.707,4,167.0
8335.09,4.875,1255.0,2,17925.18,288.75,0.829,4,167.0
8335.09,4.875,1255.0,3,26260.27,167.0,0.0,4,167.0
8335.09,4.875,1255.0,4,34595.36,158.0,0.0,3,167.0
8335.09,4.875,1260.0,0,1260.0,156.0,0.0,4,167.0
8335.09,4.875,1260.0,1,9595.09,405.25,0.829,4,167.0
8335.09,4.875,1260.0,2,17930.18,289.0,0.707,4,167.0
8335.09,4.875,1260.0,3,26265.27,167.0,0.0,4,167.0
8335.09,4.875,1260.0,4,34600.36,158.0,0.0,4,167.0
8335.09,4.875,1265.0,0,1265.0,155.75,0.433,4,167.0
8335.09,4.875,1265.0,1,9600.09,405.25,1.299,4,167.0
8335.09,4.875,1265.0,2,17935.18,289.75,0.829,4,167.0
8335.09,4.875,1265.0,3,26270.27,167.0,0.0,4,167.0
8335.09,4.875,1265.0,4,34605.36,158.0,0.0,3,167.0
8335.09,4.875,1270.0,0,1270.0,156.0,0.0,4,167.0
8335.09,4.875,1270.0,1,9605.09,405.5,1.118,4,167.0
8335.09,4.875,1270.0,2,17940.18,290.25,1.09,4,167.0
8335.09,4.875,1270.0,3,26275.27,167.0,0.0,4,167.0
8335.09,4.875,1270.0,4,34610.36,158.0,0.0,4,167.0
8335.09,4.875,1275.0,0,1275.0,156.0,0.0,4,167.0
8335.09,4.875,1275.0,1,9610.09,405.25,0.829,4,167.0
8335.09,4.875,1275.0,2,17945.18,289.75,0.829,4,167.0
8335.09,4.875,1275.0,3,26280.27,167.0,0.0,4,167.0
8335.09,4.875,1275.0,4,34615.36,158.0,0.0,3,167.0
8335.09,4.875,1280.0,0,1280.0,156.0,0.0,4,167.0
8335.09,4.875,1280.0,1,9615.09,405.75,0.829,4,167.0
8335.09,4.875,1280.0,2,17950.18,289.25,0.829,4,167.0
8335.09,4.875,1280.0,3,26285.27,167.0,0.0,4,167.0
8335.09,4.875,1280.0,4,34620.36,158.0,0.0,4,167.0
8335.09,4.875,1285.0,0,1285.0,156.0,0.0,4,167.0
8335.09,4.875,1285.0,1,9620.09,405.5,1.118,4,167.0
8335.09,4.875,1285.0,2,17955.18,289.5,1.118,4,167.0
8335.09,4.875,1285.0,3,26290.27,167.0,0.0,3,167.0
8335.09,4.875,1285.0,4,34625.36,158.0,0.0,3,167.0
8335.09,4.875,1290.0,0,1290.0,156.0,0.0,4,167.0
8335.09,4.875,1290.0,1,9625.09,406.0,0.707,4,167.0
8335.09,4.875,1290.0,2,17960.18,289.75,0.829,4,167.0
8335.09,4.875,1290.0,3,26295.27,167.0,0.0,4,167.0
8335.09,4.875,1290.0,4,34630.36,158.0,0.0,4,167.0
8335.09,4.875,1295.0,0,1295.0,156.0,0.0,4,167.0
8335.09,4.875,1295.0,1,9630.09,405.667,0.943,3,167.0
8335.09,4.875,1295.0,2,17965.18,289.333,0.943,3,167.0
8335.09,4.875,1295.0,3,26300.27,167.0,0.0,3,167.0
8335.09,4.875,1295.0,4,34635.36,158.0,0.0,3,167.0
8335.09,4.875,1300.0,0,1300.0,156.0,0.0,4,167.0
8335.09,4.875,1300.0,1,9635.09,405.5,0.5,4,167.0
8335.09,4.875,1300.0,2,17970.18,289.5,0.5,4,167.0
8335.09,4.875,1300.0,3,26305.27,167.0,0.0,4,167.0
8335.09,4.875,1300.0,4,34640.36,158.0,0.0,4,167.0
8335.09,4.875,1305.0,0,1305.0,155.5,0.5,4,167.333
8335.09,4.875,1305.0,1,9640.09,405.75,0.433,4,167.333
8335.09,4.875,1305.0,2,17975.18,289.667,0.471,3,167.333
8335.09,4.875,1305.0,3,26310.27,167.333,0.471,3,167.333
8335.09,4.875,1305.0,4,34645.36,158.0,0.0,3,167.333
8335.09,4.875,1310.0,0,1310.0,156.0,0.0,4,167.0
8335.09,4.875,1310.0,1,9645.09,405.5,0.866,4,167.0
8335.09,4.875,1310.0,2,17980.18,289.75,0.433,4,167.0
8335.09,4.875,1310.0,3,26315.27,167.0,0.0,3,167.0
8335.09,4.875,1310.0,4,34650.36,158.0,0.0,3,167.0
8335.09,4.875,1315.0,0,1315.0,156.0,0.0,4,167.0
8335.09,4.875,1315.0,1,9650.09,404.75,0.433,4,167.0
8335.09,4.875,1315.0,2,17985.18,290.0,0.816,3,167.0
8335.09,4.875,1315.0,3,26320.27,167.0,0.0,3,167.0
8335.09,4.875,1315.0,4,34655.36,158.0,0.0,3,167.0
8335.09,4.875,1320.0,0,1320.0,156.0,0.0,4,167.0
8335.09,4.875,1320.0,1,9655.09,406.5,0.5,4,167.0
8335.09,4.875,1320.0,2,17990.18,288.75,0.433,4,167.0
8335.09,4.875,1320.0,3,26325.27,167.0,0.0,3,167.0
8335.09,4.875,1320.0,4,34660.36,158.0,0.0,3,167.0
8335.09,4.875,1325.0,0,1325.0,156.0,0.0,4,167.0
8335.09,4.875,1325.0,1,9660.09,406.25,0.433,4,167.0
8335.09,4.875,1325.0,2,17995.18,288.667,0.471,3,167.0
8335.09,4.875,1325.0,3,26330.27,167.0,0.0,3,167.0
8335.09,4.875,1325.0,4,34665.36,158.0,0.0,3,167.0
8335.09,4.875,1330.0,0,1330.0,156.0,0.0,4,167.0
8335.09,4.875,1330.0,1,9665.09,406.25,1.299,4,167.0
8335.09,4.875,1330.0,2,18000.18,288.75,1.299,4,167.0
8335.09,4.875,1330.0,3,26335.27,167.0,0.0,3,167.0
8335.09,4.875,1330.0,4,34670.36,158.0,0.0,3,167.0
8335.09,4.875,1335.0,0,1335.0,156.0,0.0,4,167.0
8335.09,4.875,1335.0,1,9670.09,406.25,0.433,4,167.0
8335.09,4.875,1335.0,2,18005.18,288.333,0.471,3,167.0
8335.09,4.875,1335.0,3,26340.27,167.0,0.0,3,167.0
8335.09,4.875,1335.0,4,34675.36,158.0,0.0,3,167.0
8335.09,4.875,1340.0,0,1340.0,156.0,0.0,4,167.0
8335.09,4.875,1340.0,1,9675.09,406.75,1.92,4,167.0
8335.09,4.875,1340.0,2,18010.18,288.75,0.829,4,167.0
8335.09,4.875,1340.0,3,26345.27,167.0,0.0,3,167.0
8335.09,4.875,1340.0,4,34680.36,158.0,0.0,3,167.0
8335.09,4.875,1345.0,0,1345.0,156.0,0.0,4,167.0
8335.09,4.875,1345.0,1,9680.09,406.5,1.118,4,167.0
8335.09,4.875,1345.0,2,18015.18,289.0,0.707,4,167.0
8335.09,4.875,1345.0,3,26350.27,167.0,0.0,4,167.0
8335.09,4.875,1345.0,4,34685.36,158.0,0.0,4,167.0
8335.09,4.875,1350.0,0,1350.0,156.0,0.0,4,167.0
8335.09,4.875,1350.0,1,9685.09,407.5,0.5,4,167.0
8335.09,4.875,1350.0,2,18020.18,287.5,1.118,4,167.0
8335.09,4.875,1350.0,3,26355.27,167.0,0.0,3,167.0
8335.09,4.875,1350.0,4,34690.36,158.0,0.0,3,167.0
8335.09,4.875,1355.0,0,1355.0,156.0,0.0,4,167.0
8335.09,4.875,1355.0,1,9690.09,407.25,0.433,4,167.0
8335.09,4.875,1355.0,2,18025.18,288.0,0.0,3,167.0
8335.09,4.875,1355.0,3,26360.27,167.0,0.0,3,167.0
8335.09,4.875,1355.0,4,34695.36,158.0,0.0,3,167.0
8335.09,4.875,1360.0,0,1360.0,156.0,0.0,4,167.0
8335.09,4.875,1360.0,1,9695.09,407.75,0.433,4,167.0
8335.09,4.875,1360.0,2,18030.18,287.5,0.5,4,167.0
8335.09,4.875,1360.0,3,26365.27,167.0,0.0,4,167.0
8335.09,4.875,1360.0,4,34700.36,158.0,0.0,3,167.0
8335.09,4.875,1365.0,0,1365.0,156.0,0.0,4,167.0
8335.09,4.875,1365.0,1,9700.09,408.5,1.118,4,167.0
8335.09,4.875,1365.0,2,18035.18,287.0,1.414,3,167.0
8335.09,4.875,1365.0,3,26370.27,167.0,0.0,3,167.0
8335.09,4.875,1365.0,4,34705.36,158.0,0.0,3,167.0
8335.09,4.875,1370.0,0,1370.0,156.0,0.0,4,167.0
8335.09,4.875,1370.0,1,9705.09,409.0,0.707,4,167.0
8335.09,4.875,1370.0,2,18040.18,286.5,0.5,4,167.0
8335.09,4.875,1370.0,3,26375.27,167.0,0.0,3,167.0
8335.09,4.875,1370.0,4,34710.36,158.0,0.0,3,167.0
8335.09,4.875,1375.0,0,1375.0,156.0,0.0,4,167.0
8335.09,4.875,1375.0,1,9710.09,409.0,0.0,3,167.0
8335.09,4.875,1375.0,2,18045.18,286.0,0.816,3,167.0
8335.09,4.875,1375.0,3,26380.27,167.0,0.0,3,167.0
8335.09,4.875,1375.0,4,34715.36,158.0,0.0,3,167.0
8335.09,4.875,1380.0,0,1380.0,156.0,0.0,4,167.0
8335.09,4.875,1380.0,1,9715.09,409.25,0.433,4,167.0
8335.09,4.875,1380.0,2,18050.18,285.75,0.433,4,167.0
8335.09,4.875,1380.0,3,26385.27,167.0,0.0,4,167.0
8335.09,4.875,1380.0,4,34720.36,158.0,0.0,4,167.0
8335.09,4.875,1385.0,0,1385.0,156.0,0.0,4,167.0
8335.09,4.875,1385.0,1,9720.09,410.0,1.414,3,167.0
8335.09,4.875,1385.0,2,18055.18,283.667,0.943,3,167.0
8335.09,4.875,1385.0,3,26390.27,167.0,0.0,3,167.0
8335.09,4.875,1385.0,4,34725.36,158.0,0.0,3,167.0
8335.09,4.875,1390.0,0,1390.0,156.0,0.0,4,167.0
8335.09,4.875,1390.0,1,9725.09,410.75,0.829,4,167.0
8335.09,4.875,1390.0,2,18060.18,284.5,0.5,4,167.0
8335.09,4.875,1390.0,3,26395.27,167.0,0.0,4,167.0
8335.09,4.875,1390.0,4,34730.36,158.0,0.0,4,167.0
8335.09,4.875,1395.0,0,1395.0,156.0,0.0,4,167.0
8335.09,4.875,1395.0,1,9730.09,410.333,0.471,3,167.0
8335.09,4.875,1395.0,2,18065.18,284.667,0.471,3,167.0
8335.09,4.875,1395.0,3,26400.27,167.0,0.0,3,167.0
8335.09,4.875,1395.0,4,34735.36,158.0,0.0,3,167.0
8335.09,4.875,1400.0,0,1400.0,156.0,0.0,4,167.0
8335.09,4.875,1400.0,1,9735.09,411.75,1.09,4,167.0
8335.09,4.875,1400.0,2,18070.18,283.25,0.829,4,167.0
8335.09,4.875,1400.0,3,26405.27,167.0,0.0,3,167.0
8335.09,4.875,1400.0,4,34740.36,158.0,0.0,3,167.0
8335.09,4.875,1405.0,0,1405.0,155.75,0.433,4,167.0
8335.09,4.875,1405.0,1,9740.09,411.5,0.5,4,167.0
8335.09,4.875,1405.0,2,18075.18,283.75,1.09,4,167.0
8335.09,4.875,1405.0,3,26410.27,167.0,0.0,4,167.0
8335.09,4.875,1405.0,4,34745.36,158.0,0.0,3,167.0
8335.09,4.875,1410.0,0,1410.0,156.0,0.0,4,167.0
8335.09,4.875,1410.0,1,9745.09,413.0,0.707,4,167.0
8335.09,4.875,1410.0,2,18080.18,282.25,1.299,4,167.0
8335.09,4.875,1410.0,3,26415.27,167.0,0.0,4,167.0
8335.09,4.875,1410.0,4,34750.36,158.0,0.0,4,167.0
8335.09,4.875,1415.0,0,1415.0,156.0,0.0,4,167.0
8335.09,4.875,1415.0,1,9750.09,412.75,0.433,4,167.0
8335.09,4.875,1415.0,2,18085.18,282.0,0.0,3,167.0
8335.09,4.875,1415.0,3,26420.27,167.0,0.0,3,167.0
8335.09,4.875,1415.0,4,34755.36,158.0,0.0,3,167.0
8335.09,4.875,1420.0,0,1420.0,155.75,0.433,4,167.0
8335.09,4.875,1420.0,1,9755.09,414.5,0.866,4,167.0
8335.09,4.875,1420.0,2,18090.18,281.25,0.829,4,167.0
8335.09,4.875,1420.0,3,26425.27,167.0,0.0,4,167.0
8335.09,4.875,1420.0,4,34760.36,158.0,0.0,4,167.0
8335.09,4.875,1425.0,0,1425.0,156.0,0.0,4,167.0
8335.09,4.875,1425.0,1,9760.09,415.333,0.943,3,167.0
8335.09,4.875,1425.0,2,18095.18,279.667,0.471,3,167.0
8335.09,4.875,1425.0,3,26430.27,167.0,0.0,3,167.0
8335.09,4.875,1425.0,4,34765.36,158.0,0.0,3,167.0
8335.09,4.875,1430.0,0,1430.0,155.75,0.433,4,167.0
8335.09,4.875,1430.0,1,9765.09,415.0,1.414,4,167.0
8335.09,4.875,1430.0,2,18100.18,280.0,1.225,4,167.0
8335.09,4.875,1430.0,3,26435.27,167.0,0.0,3,167.0
8335.09,4.875,1430.0,4,34770.36,158.0,0.0,3,167.0
8335.09,4.875,1435.0,0,1435.0,156.0,0.0,4,167.0
8335.09,4.875,1435.0,1,9770.09,415.0,0.816,3,167.0
8335.09,4.875,1435.0,2,18105.18,279.333,0.943,3,167.0
8335.09,4.875,1435.0,3,26440.27,167.0,0.0,3,167.0
8335.09,4.875,1435.0,4,34775.36,158.0,0.0,3,167.0
8335.09,4.875,1440.0,0,1440.0,156.0,0.0,4,167.0
8335.09,4.875,1440.0,1,9775.09,416.0,0.707,4,167.0
8335.09,4.875,1440.0,2,18110.18,278.75,0.433,4,167.0
8335.09,4.875,1440.0,3,26445.27,167.0,0.0,3,167.0
8335.09,4.875,1440.0,4,34780.36,158.0,0.0,3,167.0
8335.09,4.875,1445.0,0,1445.0,156.0,0.0,4,167.0
8335.09,4.875,1445.0,1,9780.09,416.333,0.471,3,167.0
8335.09,4.875,1445.0,2,18115.18,278.667,0.471,3,167.0
8335.09,4.875,1445.0,3,26450.27,167.0,0.0,3,167.0
8335.09,4.875,1445.0,4,34785.36,158.0,0.0,3,167.0
8335.09,4.875,1450.0,0,1450.0,156.0,0.0,4,167.0
8335.09,4.875,1450.0,1,9785.09,417.75,0.433,4,167.0
8335.09,4.875,1450.0,2,18120.18,277.0,0.0,4,167.0
8335.09,4.875,1450.0,3,26455.27,167.0,0.0,3,167.0
8335.09,4.875,1450.0,4,34790.36,158.0,0.0,3,167.0
8335.09,4.875,1455.0,0,1455.0,156.0,0.0,4,167.0
8335.09,4.875,1455.0,1,9790.09,417.5,0.5,4,167.0
8335.09,4.875,1455.0,2,18125.18,277.667,0.471,3,167.0
8335.09,4.875,1455.0,3,26460.27,167.0,0.0,3,167.0
8335.09,4.875,1455.0,4,34795.36,158.0,0.0,3,167.0
8335.09,4.875,1460.0,0,1460.0,156.0,0.0,4,167.0
8335.09,4.875,1460.0,1,9795.09,417.5,0.5,4,167.0
8335.09,4.875,1460.0,2,18130.18,277.25,0.829,4,167.0
8335.09,4.875,1460.0,3,26465.27,167.0,0.0,3,167.0
8335.09,4.875,1460.0,4,34800.36,158.0,0.0,3,167.0
8335.09,4.875,1465.0,0,1465.0,156.0,0.0,4,167.0
8335.09,4.875,1465.0,1,9800.09,420.0,1.871,4,167.0
8335.09,4.875,1465.0,2,18135.18,276.333,0.943,3,167.0
8335.09,4.875,1465.0,3,26470.27,167.0,0.0,3,167.0
8335.09,4.875,1465.0,4,34805.36,158.0,0.0,3,167.0
8335.09,4.875,1470.0,0,1470.0,156.0,0.0,4,167.0
8335.09,4.875,1470.0,1,9805.09,435.5,2.291,4,167.0
8335.09,4.875,1470.0,2,18140.18,268.25,0.433,4,167.0
8335.09,4.875,1470.0,3,26475.27,167.0,0.0,3,167.0
8335.09,4.875,1470.0,4,34810.36,158.0,0.0,3,167.0
8335.09,4.875,1475.0,0,1475.0,156.0,0.0,4,167.0
8335.09,4.875,1475.0,1,9810.09,460.5,7.697,4,167.0
8335.09,4.875,1475.0,2,18145.18,264.0,0.816,3,167.0
8335.09,4.875,1475.0,3,26480.27,167.0,0.0,3,167.0
8335.09,4.875,1475.0,4,34815.36,158.0,0.0,3,167.0
8335.09,4.875,1480.0,0,1480.0,156.0,0.0,4,167.0
8335.09,4.875,1480.0,1,9815.09,467.0,10.7,4,167.0
8335.09,4.875,1480.0,2,18150.18,262.0,1.871,4,167.0
8335.09,4.875,1480.0,3,26485.27,167.0,0.0,3,167.0
8335.09,4.875,1480.0,4,34820.36,158.0,0.0,3,167.0
8335.09,4.875,1485.0,0,1485.0,155.75,0.433,4,167.0
8335.09,4.875,1485.0,1,9820.09,461.0,12.329,3,167.0
8335.09,4.875,1485.0,2,18155.18,262.667,2.055,3,167.0
8335.09,4.875,1485.0,3,26490.27,167.0,0.0,3,167.0
8335.09,4.875,1485.0,4,34825.36,158.0,0.0,3,167.0
8335.09,4.875,1490.0,0,1490.0,156.0,0.0,4,167.0
8335.09,4.875,1490.0,1,9825.09,456.75,19.344,4,167.0
8335.09,4.875,1490.0,2,18160.18,263.5,3.202,4,167.0
8335.09,4.875,1490.0,3,26495.27,167.0,0.0,3,167.0
8335.09,4.875,1490.0,4,34830.36,158.0,0.0,3,167.0
8335.09,4.875,1495.0,0,1495.0,156.0,0.0,4,166.667
8335.09,4.875,1495.0,1,9830.09,465.667,4.028,3,166.667
8335.09,4.875,1495.0,2,18165.18,261.333,0.471,3,166.667
8335.09,4.875,1495.0,3,26500.27,166.667,0.471,3,166.667
8335.09,4.875,1495.0,4,34835.36,158.0,0.0,3,166.667
8335.09,4.875,1500.0,0,1500.0,156.0,0.0,4,166.667
8335.09,4.875,1500.0,1,9835.09,464.5,18.419,4,166.667
8335.09,4.875,1500.0,2,18170.18,261.25,3.961,4,166.667
8335.09,4.875,1500.0,3,26505.27,166.667,0.471,3,166.667
8335.09,4.875,1500.0,4,34840.36,158.0,0.0,3,166.667
8335.09,4.875,1505.0,0,1505.0,156.0,0.0,4,167.0
8335.09,4.875,1505.0,1,9840.09,451.25,14.669,4,167.0
8335.09,4.875,1505.0,2,18175.18,263.25,3.192,4,167.0
8335.09,4.875,1505.0,3,26510.27,167.0,0.0,4,167.0
8335.09,4.875,1505.0,4,34845.36,158.0,0.0,4,167.0
8335.09,4.875,1510.0,0,1510.0,155.75,0.433,4,166.75
8335.09,4.875,1510.0,1,9845.09,458.25,8.842,4,166.75
8335.09,4.875,1510.0,2,18180.18,261.25,1.479,4,166.75
8335.09,4.875,1510.0,3,26515.27,166.75,0.433,4,166.75
8335.09,4.875,1510.0,4,34850.36,158.0,0.0,3,166.75
8335.09,4.875,1515.0,0,1515.0,156.0,0.0,4,166.75
8335.09,4.875,1515.0,1,9850.09,462.75,20.08,4,166.75
8335.09,4.875,1515.0,2,18185.18,260.5,2.693,4,166.75
8335.09,4.875,1515.0,3,26520.27,166.75,0.433,4,166.75
8335.09,4.875,1515.0,4,34855.36,158.0,0.0,4,166.75
8335.09,4.875,1520.0,0,1520.0,156.0,0.0,4,166.0
8335.09,4.875,1520.0,1,9855.09,468.75,16.769,4,166.0
8335.09,4.875,1520.0,2,18190.18,258.667,2.055,3,166.0
8335.09,4.875,1520.0,3,26525.27,166.0,0.0,3,166.0
8335.09,4.875,1520.0,4,34860.36,158.0,0.0,3,166.0
8335.09,4.875,1525.0,0,1525.0,156.0,0.0,4,166.75
8335.09,4.875,1525.0,1,9860.09,453.5,9.962,4,166.75
8335.09,4.875,1525.0,2,18195.18,261.0,2.236,4,166.75
8335.09,4.875,1525.0,3,26530.27,166.75,0.433,4,166.75
8335.09,4.875,1525.0,4,34865.36,158.0,0.0,4,166.75
8335.09,4.875,1530.0,0,1530.0,155.75,0.433,4,166.667
8335.09,4.875,1530.0,1,9865.09,466.667,6.6,3,166.667
8335.09,4.875,1530.0,2,18200.18,258.0,1.414,3,166.667
8335.09,4.875,1530.0,3,26535.27,166.667,0.471,3,166.667
8335.09,4.875,1530.0,4,34870.36,158.0,0.0,3,166.667
8335.09,4.875,1535.0,0,1535.0,156.0,0.0,4,167.0
8335.09,4.875,1535.0,1,9870.09,462.0,10.271,4,167.0
8335.09,4.875,1535.0,2,18205.18,258.75,1.785,4,167.0
8335.09,4.875,1535.0,3,26540.27,167.0,0.0,4,167.0
8335.09,4.875,1535.0,4,34875.36,158.0,0.0,4,167.0
8335.09,4.875,1540.0,0,1540.0,156.0,0.0,4,166.333
8335.09,4.875,1540.0,1,9875.09,466.333,6.236,3,166.333
8335.09,4.875,1540.0,2,18210.18,257.333,1.247,3,166.333
8335.09,4.875,1540.0,3,26545.27,166.333,0.471,3,166.333
8335.09,4.875,1540.0,4,34880.36,158.0,0.0,3,166.333
8335.09,4.875,1545.0,0,1545.0,155.75,0.433,4,166.5
8335.09,4.875,1545.0,1,9880.09,460.75,12.814,4,166.5
8335.09,4.875,1545.0,2,18215.18,258.25,2.861,4,166.5
8335.09,4.875,1545.0,3,26550.27,166.5,0.5,4,166.5
8335.09,4.875,1545.0,4,34885.36,158.0,0.0,4,166.5
8335.09,4.875,1550.0,0,1550.0,156.0,0.0,4,166.667
8335.09,4.875,1550.0,1,9885.09,442.0,0.816,3,166.667
8335.09,4.875,1550.0,2,18220.18,261.0,0.816,3,166.667
8335.09,4.875,1550.0,3,26555.27,166.667,0.471,3,166.667
8335.09,4.875,1550.0,4,34890.36,158.0,0.0,3,166.667
8335.09,4.875,1555.0,0,1555.0,156.0,0.0,4,167.0
8335.09,4.875,1555.0,1,9890.09,429.0,1.414,4,167.0
8335.09,4.875,1555.0,2,18225.18,267.0,0.816,3,167.0
8335.09,4.875,1555.0,3,26560.27,167.0,0.0,3,167.0
8335.09,4.875,1555.0,4,34895.36,158.0,0.0,3,167.0
8335.09,4.875,1560.0,0,1560.0,156.0,0.0,4,167.0
8335.09,4.875,1560.0,1,9895.09,429.5,0.5,4,167.0
8335.09,4.875,1560.0,2,18230.18,266.5,0.5,4,167.0
8335.09,4.875,1560.0,3,26565.27,167.0,0.0,4,167.0
8335.09,4.875,1560.0,4,34900.36,158.0,0.0,3,167.0
8335.09,4.875,1565.0,0,1565.0,156.0,0.0,4,167.0
8335.09,4.875,1565.0,1,9900.09,430.25,0.829,4,167.0
8335.09,4.875,1565.0,2,18235.18,265.333,1.247,3,167.0
8335.09,4.875,1565.0,3,26570.27,167.0,0.0,3,167.0
8335.09,4.875,1565.0,4,34905.36,158.0,0.0,3,167.0
8335.09,4.875,1570.0,0,1570.0,156.0,0.0,4,167.0
8335.09,4.875,1570.0,1,9905.09,430.5,1.118,4,167.0
8335.09,4.875,1570.0,2,18240.18,264.75,0.829,4,167.0
8335.09,4.875,1570.0,3,26575.27,167.0,0.0,4,167.0
8335.09,4.875,1570.0,4,34910.36,158.0,0.0,3,167.0
8335.09,4.875,1575.0,0,1575.0,156.0,0.0,4,167.0
8335.09,4.875,1575.0,1,9910.09,431.0,0.707,4,167.0
8335.09,4.875,1575.0,2,18245.18,264.667,0.471,3,167.0
8335.09,4.875,1575.0,3,26580.27,167.0,0.0,3,167.0
8335.09,4.875,1575.0,4,34915.36,158.0,0.0,3,167.0
8335.09,4.875,1580.0,0,1580.0,156.0,0.0,4,167.0
8335.09,4.875,1580.0,1,9915.09,431.25,0.829,4,167.0
8335.09,4.875,1580.0,2,18250.18,264.75,0.433,4,167.0
8335.09,4.875,1580.0,3,26585.27,167.0,0.0,3,167.0
8335.09,4.875,1580.0,4,34920.36,158.0,0.0,3,167.0
8335.09,4.875,1585.0,0,1585.0,156.0,0.0,4,167.0
8335.09,4.875,1585.0,1,9920.09,431.75,0.433,4,167.0
8335.09,4.875,1585.0,2,18255.18,264.0,0.707,4,167.0
8335.09,4.875,1585.0,3,26590.27,167.0,0.0,4,167.0
8335.09,4.875,1585.0,4,34925.36,158.0,0.0,4,167.0
8335.09,4.875,1590.0,0,1590.0,156.0,0.0,4,167.0
8335.09,4.875,1590.0,1,9925.09,432.75,0.433,4,167.0
8335.09,4.875,1590.0,2,18260.18,262.75,0.829,4,167.0
8335.09,4.875,1590.0,3,26595.27,167.0,0.0,3,167.0
8335.09,4.875,1590.0,4,34930.36,158.0,0.0,3,167.0
8335.09,4.875,1595.0,0,1595.0,156.0,0.0,4,166.75
8335.09,4.875,1595.0,1,9930.09,432.5,0.5,4,166.75
8335.09,4.875,1595.0,2,18265.18,263.5,0.5,4,166.75
8335.09,4.875,1595.0,3,26600.27,166.75,0.433,4,166.75
8335.09,4.875,1595.0,4,34935.36,158.0,0.0,4,166.75
8335.09,4.875,1600.0,0,1600.0,156.0,0.0,4,167.0
8335.09,4.875,1600.0,1,9935.09,433.0,0.0,3,167.0
8335.09,4.875,1600.0,2,18270.18,263.667,0.471,3,167.0
8335.09,4.875,1600.0,3,26605.27,167.0,0.0,3,167.0
8335.09,4.875,1600.0,4,34940.36,158.0,0.0,3,167.0
8335.09,4.875,1605.0,0,1605.0,156.0,0.0,4,166.667
8335.09,4.875,1605.0,1,9940.09,433.75,0.829,4,166.667
8335.09,4.875,1605.0,2,18275.18,262.333,0.943,3,166.667
8335.09,4.875,1605.0,3,26610.27,166.667,0.471,3,166.667
8335.09,4.875,1605.0,4,34945.36,158.0,0.0,3,166.667
8335.09,4.875,1610.0,0,1610.0,156.0,0.0,4,167.0
8335.09,4.875,1610.0,1,9945.09,434.5,0.5,4,167.0
8335.09,4.875,1610.0,2,18280.18,261.5,0.5,4,167.0
8335.09,4.875,1610.0,3,26615.27,167.0,0.0,4,167.0
8335.09,4.875,1610.0,4,34950.36,158.0,0.0,3,167.0
8335.09,4.875,1615.0,0,1615.0,156.0,0.0,4,166.667
8335.09,4.875,1615.0,1,9950.09,434.75,0.829,4,166.667
8335.09,4.875,1615.0,2,18285.18,261.0,0.816,3,166.667
8335.09,4.875,1615.0,3,26620.27,166.667,0.471,3,166.667
8335.09,4.875,1615.0,4,34955.36,158.0,0.0,3,166.667
8335.09,4.875,1620.0,0,1620.0,156.0,0.0,4,166.75
8335.09,4.875,1620.0,1,9955.09,434.75,0.829,4,166.75
8335.09,4.875,1620.0,2,18290.18,260.75,0.829,4,166.75
8335.09,4.875,1620.0,3,26625.27,166.75,0.433,4,166.75
8335.09,4.875,1620.0,4,34960.36,158.333,0.471,3,166.75
8335.09,4.875,1625.0,0,1625.0,155.75,0.433,4,166.333
8335.09,4.875,1625.0,1,9960.09,435.0,0.0,4,166.333
8335.09,4.875,1625.0,2,18295.18,260.667,0.471,3,166.333
8335.09,4.875,1625.0,3,26630.27,166.333,0.471,3,166.333
8335.09,4.875,1625.0,4,34965.36,158.0,0.0,3,166.333
8335.09,4.875,1630.0,0,1630.0,156.0,0.0,4,166.667
8335.09,4.875,1630.0,1,9965.09,436.0,0.816,3,166.667
8335.09,4.875,1630.0,2,18300.18,260.0,0.0,3,166.667
8335.09,4.875,1630.0,3,26635.27,166.667,0.471,3,166.667
8335.09,4.875,1630.0,4,34970.36,158.0,0.0,3,166.667
8335.09,4.875,1635.0,0,1635.0,155.75,0.433,4,167.0
8335.09,4.875,1635.0,1,9970.09,436.5,0.5,4,167.0
8335.09,4.875,1635.0,2,18305.18,260.333,0.943,3,167.0
8335.09,4.875,1635.0,3,26640.27,167.0,0.0,3,167.0
8335.09,4.875,1635.0,4,34975.36,158.0,0.0,3,167.0
8335.09,4.875,1640.0,0,1640.0,156.0,0.0,4,167.0
8335.09,4.875,1640.0,1,9975.09,437.0,0.816,3,167.0
8335.09,4.875,1640.0,2,18310.18,259.667,0.471,3,167.0
8335.09,4.875,1640.0,3,26645.27,167.0,0.0,3,167.0
8335.09,4.875,1640.0,4,34980.36,158.0,0.0,3,167.0
8335.09,4.875,1645.0,0,1645.0,156.0,0.0,4,167.0
8335.09,4.875,1645.0,1,9980.09,436.0,0.0,4,167.0
8335.09,4.875,1645.0,2,18315.18,260.0,0.0,3,167.0
8335.09,4.875,1645.0,3,26650.27,167.0,0.0,3,167.0
8335.09,4.875,1645.0,4,34985.36,157.667,0.471,3,167.0
8335.09,4.875,1650.0,0,1650.0,155.75,0.433,4,167.0
8335.09,4.875,1650.0,1,9985.09,437.75,0.433,4,167.0
8335.09,4.875,1650.0,2,18320.18,259.5,0.5,4,167.0
8335.09,4.875,1650.0,3,26655.27,167.0,0.0,4,167.0
8335.09,4.875,1650.0,4,34990.36,158.0,0.0,3,167.0
8335.09,4.875,1655.0,0,1655.0,156.0,0.0,4,166.667
8335.09,4.875,1655.0,1,9990.09,438.25,0.829,4,166.667
8335.09,4.875,1655.0,2,18325.18,258.75,0.433,4,166.667
8335.09,4.875,1655.0,3,26660.27,166.667,0.471,3,166.667
8335.09,4.875,1655.0,4,34995.36,158.0,0.0,3,166.667
8335.09,4.875,1660.0,0,1660.0,156.0,0.0,4,166.75
8335.09,4.875,1660.0,1,9995.09,439.5,0.5,4,166.75
8335.09,4.875,1660.0,2,18330.18,258.25,0.433,4,166.75
8335.09,4.875,1660.0,3,26665.27,166.75,0.433,4,166.75
8335.09,4.875,1660.0,4,35000.36,158.0,0.0,3,166.75
8335.09,4.875,1665.0,0,1665.0,155.75,0.433,4,166.667
8335.09,4.875,1665.0,1,10000.09,439.5,0.5,4,166.667
8335.09,4.875,1665.0,2,18335.18,258.25,0.433,4,166.667
8335.09,4.875,1665.0,3,26670.27,166.667,0.471,3,166.667
8335.09,4.875,1665.0,4,35005.36,158.0,0.0,3,166.667
8335.09,4.875,1670.0,0,1670.0,156.0,0.0,4,166.5
8335.09,4.875,1670.0,1,10005.09,440.5,0.5,4,166.5
8335.09,4.875,1670.0,2,18340.18,258.25,0.433,4,166.5
8335.09,4.875,1670.0,3,26675.27,166.5,0.5,4,166.5
8335.09,4.875,1670.0,4,35010.36,158.0,0.0,3,166.5
8335.09,4.875,1675.0,0,1675.0,156.0,0.0,4,166.667
8335.09,4.875,1675.0,1,10010.09,439.5,0.5,4,166.667
8335.09,4.875,1675.0,2,18345.18,257.5,0.5,4,166.667
8335.09,4.875,1675.0,3,26680.27,166.667,0.471,3,166.667
8335.09,4.875,1675.0,4,35015.36,158.0,0.0,3,166.667
8335.09,4.875,1680.0,0,1680.0,156.0,0.0,4,166.5
8335.09,4.875,1680.0,1,10015.09,440.0,0.707,4,166.5
8335.09,4.875,1680.0,2,18350.18,257.25,0.433,4,166.5
8335.09,4.875,1680.0,3,26685.27,166.5,0.5,4,166.5
8335.09,4.875,1680.0,4,35020.36,158.0,0.0,3,166.5
8335.09,4.875,1685.0,0,1685.0,156.0,0.0,4,166.667
8335.09,4.875,1685.0,1,10020.09,441.5,0.5,4,166.667
8335.09,4.875,1685.0,2,18355.18,256.667,0.471,3,166.667
8335.09,4.875,1685.0,3,26690.27,166.667,0.471,3,166.667
8335.09,4.875,1685.0,4,35025.36,158.0,0.0,3,166.667
8335.09,4.875,1690.0,0,1690.0,156.0,0.0,4,166.75
8335.09,4.875,1690.0,1,10025.09,440.25,1.09,4,166.75
8335.09,4.875,1690.0,2,18360.18,256.5,0.5,4,166.75
8335.09,4.875,1690.0,3,26695.27,166.75,0.433,4,166.75
8335.09,4.875,1690.0,4,35030.36,158.0,0.0,3,166.75
8335.09,4.875,1695.0,0,1695.0,156.0,0.0,4,166.667
8335.09,4.875,1695.0,1,10030.09,441.5,0.5,4,166.667
8335.09,4.875,1695.0,2,18365.18,256.333,0.471,3,166.667
8335.09,4.875,1695.0,3,26700.27,166.667,0.471,3,166.667
8335.09,4.875,1695.0,4,35035.36,158.0,0.0,3,166.667
8335.09,4.875,1700.0,0,1700.0,156.0,0.0,4,166.75
8335.09,4.875,1700.0,1,10035.09,441.0,0.707,4,166.75
8335.09,4.875,1700.0,2,18370.18,256.0,0.0,4,166.75
8335.09,4.875,1700.0,3,26705.27,166.75,0.433,4,166.75
8335.09,4.875,1700.0,4,35040.36,158.0,0.0,3,166.75
8335.09,4.875,1705.0,0,1705.0,156.0,0.0,4,166.75
8335.09,4.875,1705.0,1,10040.09,442.0,0.707,4,166.75
8335.09,4.875,1705.0,2,18375.18,255.0,0.0,4,166.75
8335.09,4.875,1705.0,3,26710.27,166.75,0.433,4,166.75
8335.09,4.875,1705.0,4,35045.36,158.0,0.0,4,166.75
8335.09,4.875,1710.0,0,1710.0,156.0,0.0,4,166.667
8335.09,4.875,1710.0,1,10045.09,442.667,0.471,3,166.667
8335.09,4.875,1710.0,2,18380.18,254.667,0.471,3,166.667
8335.09,4.875,1710.0,3,26715.27,166.667,0.471,3,166.667
8335.09,4.875,1710.0,4,35050.36,158.0,0.0,3,166.667
8335.09,4.875,1715.0,0,1715.0,156.0,0.0,4,167.0
8335.09,4.875,1715.0,1,10050.09,443.25,0.433,4,167.0
8335.09,4.875,1715.0,2,18385.18,254.75,0.433,4,167.0
8335.09,4.875,1715.0,3,26720.27,167.0,0.0,4,167.0
8335.09,4.875,1715.0,4,35055.36,158.25,0.433,4,167.0
8335.09,4.875,1720.0,0,1720.0,156.0,0.0,4,167.0
8335.09,4.875,1720.0,1,10055.09,445.0,0.816,3,167.0
8335.09,4.875,1720.0,2,18390.18,254.0,0.0,3,167.0
8335.09,4.875,1720.0,3,26725.27,167.0,0.0,3,167.0
8335.09,4.875,1720.0,4,35060.36,158.0,0.0,3,167.0
8335.09,4.875,1725.0,0,1725.0,156.0,0.0,4,166.75
8335.09,4.875,1725.0,1,10060.09,444.0,0.707,4,166.75
8335.09,4.875,1725.0,2,18395.18,254.0,0.0,4,166.75
8335.09,4.875,1725.0,3,26730.27,166.75,0.433,4,166.75
8335.09,4.875,1725.0,4,35065.36,158.0,0.0,3,166.75
8335.09,4.875,1730.0,0,1730.0,156.0,0.0,4,166.667
8335.09,4.875,1730.0,1,10065.09,444.0,0.0,3,166.667
8335.09,4.875,1730.0,2,18400.18,253.667,0.471,3,166.667
8335.09,4.875,1730.0,3,26735.27,166.667,0.471,3,166.667
8335.09,4.875,1730.0,4,35070.36,158.0,0.0,3,166.667
8335.09,4.875,1735.0,0,1735.0,156.0,0.0,4,166.5
8335.09,4.875,1735.0,1,10070.09,445.0,0.707,4,166.5
8335.09,4.875,1735.0,2,18405.18,253.0,0.0,4,166.5
8335.09,4.875,1735.0,3,26740.27,166.5,0.5,4,166.5
8335.09,4.875,1735.0,4,35075.36,158.0,0.0,3,166.5
8335.09,4.875,1740.0,0,1740.0,156.0,0.0,4,166.667
8335.09,4.875,1740.0,1,10075.09,445.667,0.471,3,166.667
8335.09,4.875,1740.0,2,18410.18,252.667,0.471,3,166.667
8335.09,4.875,1740.0,3,26745.27,166.667,0.471,3,166.667
8335.09,4.875,1740.0,4,35080.36,158.0,0.0,3,166.667
8335.09,4.875,1745.0,0,1745.0,156.0,0.0,4,166.0
8335.09,4.875,1745.0,1,10080.09,500.75,12.132,4,166.0
8335.09,4.875,1745.0,2,18415.18,241.25,1.09,4,166.0
8335.09,4.875,1745.0,3,26750.27,166.0,0.0,4,166.0
8335.09,4.875,1745.0,4,35085.36,158.0,0.0,3,166.0
8335.09,4.875,1750.0,0,1750.0,156.0,0.0,4,166.0
8335.09,4.875,1750.0,1,10085.09,672.25,13.442,4,166.0
8335.09,4.875,1750.0,2,18420.18,233.25,0.433,4,166.0
8335.09,4.875,1750.0,3,26755.27,166.0,0.0,4,166.0
8335.09,4.875,1750.0,4,35090.36,157.75,0.433,4,166.0
8335.09,4.875,1755.0,0,1755.0,156.0,0.0,4,165.333
8335.09,4.875,1755.0,1,10090.09,679.667,0.471,3,165.333
8335.09,4.875,1755.0,2,18425.18,233.0,0.0,3,165.333
8335.09,4.875,1755.0,3,26760.27,165.333,0.471,3,165.333
8335.09,4.875,1755.0,4,35095.36,157.667,0.471,3,165.333
8335.09,4.875,1760.0,0,1760.0,156.0,0.0,4,166.0
8335.09,4.875,1760.0,1,10095.09,681.25,1.479,4,166.0
8335.09,4.875,1760.0,2,18430.18,233.0,0.0,4,166.0
8335.09,4.875,1760.0,3,26765.27,166.0,0.0,3,166.0
8335.09,4.875,1760.0,4,35100.36,158.0,0.0,3,166.0
8335.09,4.875,1765.0,0,1765.0,156.0,0.0,4,166.0
8335.09,4.875,1765.0,1,10100.09,683.333,0.471,3,166.0
8335.09,4.875,1765.0,2,18435.18,232.0,0.0,3,166.0
8335.09,4.875,1765.0,3,26770.27,166.0,0.0,3,166.0
8335.09,4.875,1765.0,4,35105.36,158.0,0.0,3,166.0
8335.09,4.875,1770.0,0,1770.0,156.0,0.0,4,166.0
8335.09,4.875,1770.0,1,10105.09,682.75,0.829,4,166.0
8335.09,4.875,1770.0,2,18440.18,231.5,0.5,4,166.0
8335.09,4.875,1770.0,3,26775.27,166.0,0.0,3,166.0
8335.09,4.875,1770.0,4,35110.36,158.0,0.0,3,166.0
8335.09,4.875,1775.0,0,1775.0,156.0,0.0,4,166.0
8335.09,4.875,1775.0,1,10110.09,680.333,0.471,3,166.0
8335.09,4.875,1775.0,2,18445.18,232.0,0.0,3,166.0
8335.09,4.875,1775.0,3,26780.27,166.0,0.0,3,166.0
8335.09,4.875,1775.0,4,35115.36,158.0,0.0,3,166.0
8335.09,4.875,1780.0,0,1780.0,156.0,0.0,4,166.0
8335.09,4.875,1780.0,1,10115.09,682.75,0.829,4,166.0
8335.09,4.875,1780.0,2,18450.18,231.0,0.0,4,166.0
8335.09,4.875,1780.0,3,26785.27,166.0,0.0,3,166.0
8335.09,4.875,1780.0,4,35120.36,158.0,0.0,3,166.0
8335.09,4.875,1785.0,0,1785.0,156.0,0.0,4,165.667
8335.09,4.875,1785.0,1,10120.09,683.0,0.816,3,165.667
8335.09,4.875,1785.0,2,18455.18,231.0,0.0,3,165.667
8335.09,4.875,1785.0,3,26790.27,165.667,0.471,3,165.667
8335.09,4.875,1785.0,4,35125.36,158.0,0.0,3,165.667
8335.09,4.875,1790.0,0,1790.0,156.0,0.0,4,166.0
8335.09,4.875,1790.0,1,10125.09,682.0,1.225,4,166.0
8335.09,4.875,1790.0,2,18460.18,230.333,0.471,3,166.0
8335.09,4.875,1790.0,3,26795.27,166.0,0.0,3,166.0
8335.09,4.875,1790.0,4,35130.36,158.0,0.0,3,166.0
8335.09,4.875,1795.0,0,1795.0,156.0,0.0,4,166.0
8335.09,4.875,1795.0,1,10130.09,684.0,1.414,3,166.0
8335.09,4.875,1795.0,2,18465.18,230.0,0.0,3,166.0
8335.09,4.875,1795.0,3,26800.27,166.0,0.0,3,166.0
8335.09,4.875,1795.0,4,35135.36,158.0,0.0,3,166.0
8335.09,4.875,1800.0,0,1800.0,156.0,0.0,4,165.667
8335.09,4.875,1800.0,1,10135.09,685.0,1.0,4,165.667
8335.09,4.875,1800.0,2,18470.18,229.0,0.0,3,165.667
8335.09,4.875,1800.0,3,26805.27,165.667,0.471,3,165.667
8335.09,4.875,1800.0,4,35140.36,158.0,0.0,3,165.667
8335.09,4.875,1805.0,0,1805.0,156.0,0.0,4,166.0
8335.09,4.875,1805.0,1,10140.09,683.0,1.414,4,166.0
8335.09,4.875,1805.0,2,18475.18,229.25,0.433,4,166.0
8335.09,4.875,1805.0,3,26810.27,166.0,0.0,3,166.0
8335.09,4.875,1805.0,4,35145.36,157.667,0.471,3,166.0
8335.09,4.875,1810.0,0,1810.0,156.0,0.0,4,165.75
8335.09,4.875,1810.0,1,10145.09,683.5,1.118,4,165.75
8335.09,4.875,1810.0,2,18480.18,229.0,0.0,4,165.75
8335.09,4.875,1810.0,3,26815.27,165.75,0.433,4,165.75
8335.09,4.875,1810.0,4,35150.36,158.0,0.0,4,165.75
8335.09,4.875,1815.0,0,1815.0,156.0,0.0,4,165.667
8335.09,4.875,1815.0,1,10150.09,683.75,0.829,4,165.667
8335.09,4.875,1815.0,2,18485.18,228.5,0.5,4,165.667
8335.09,4.875,1815.0,3,26820.27,165.667,0.471,3,165.667
8335.09,4.875,1815.0,4,35155.36,158.0,0.0,3,165.667
8335.09,4.875,1820.0,0,1820.0,156.0,0.0,4,165.75
8335.09,4.875,1820.0,1,10155.09,683.75,0.433,4,165.75
8335.09,4.875,1820.0,2,18490.18,228.75,0.433,4,165.75
8335.09,4.875,1820.0,3,26825.27,165.75,0.433,4,165.75
8335.09,4.875,1820.0,4,35160.36,157.75,0.433,4,165.75
8335.09,4.875,1825.0,0,1825.0,156.0,0.0,4,165.333
8335.09,4.875,1825.0,1,10160.09,683.75,1.785,4,165.333
8335.09,4.875,1825.0,2,18495.18,227.75,0.433,4,165.333
8335.09,4.875,1825.0,3,26830.27,165.333,0.471,3,165.333
8335.09,4.875,1825.0,4,35165.36,158.0,0.0,3,165.333
8335.09,4.875,1830.0,0,1830.0,156.0,0.0,4,165.25
8335.09,4.875,1830.0,1,10165.09,684.0,0.707,4,165.25
8335.09,4.875,1830.0,2,18500.18,227.75,0.433,4,165.25
8335.09,4.875,1830.0,3,26835.27,165.25,0.433,4,165.25
8335.09,4.875,1830.0,4,35170.36,158.0,0.0,4,165.25
8335.09,4.875,1835.0,0,1835.0,156.0,0.0,4,165.667
8335.09,4.875,1835.0,1,10170.09,683.75,0.829,4,165.667
8335.09,4.875,1835.0,2,18505.18,227.25,0.433,4,165.667
8335.09,4.875,1835.0,3,26840.27,165.667,0.471,3,165.667
8335.09,4.875,1835.0,4,35175.36,157.667,0.471,3,165.667
8335.09,4.875,1840.0,0,1840.0,156.0,0.0,4,165.5
8335.09,4.875,1840.0,1,10175.09,683.75,1.92,4,165.5
8335.09,4.875,1840.0,2,18510.18,227.0,0.0,4,165.5
8335.09,4.875,1840.0,3,26845.27,165.5,0.5,4,165.5
8335.09,4.875,1840.0,4,35180.36,158.0,0.0,3,165.5
8335.09,4.875,1845.0,0,1845.0,156.0,0.0,4,165.667
8335.09,4.875,1845.0,1,10180.09,683.0,0.707,4,165.667
8335.09,4.875,1845.0,2,18515.18,226.75,0.433,4,165.667
8335.09,4.875,1845.0,3,26850.27,165.667,0.471,3,165.667
8335.09,4.875,1845.0,4,35185.36,158.0,0.0,3,165.667
8335.09,4.875,1850.0,0,1850.0,155.75,0.433,4,165.5
8335.09,4.875,1850.0,1,10185.09,684.0,0.707,4,165.5
8335.09,4.875,1850.0,2,18520.18,226.5,0.5,4,165.5
8335.09,4.875,1850.0,3,26855.27,165.5,0.5,4,165.5
8335.09,4.875,1850.0,4,35190.36,157.667,0.471,3,165.5
8335.09,4.875,1855.0,0,1855.0,156.0,0.0,4,165.333
8335.09,4.875,1855.0,1,10190.09,684.25,1.299,4,165.333
8335.09,4.875,1855.0,2,18525.18,225.5,0.5,4,165.333
8335.09,4.875,1855.0,3,26860.27,165.333,0.471,3,165.333
8335.09,4.875,1855.0,4,35195.36,157.667,0.471,3,165.333
8335.09,4.875,1860.0,0,1860.0,156.0,0.0,4,165.0
8335.09,4.875,1860.0,1,10195.09,684.0,0.0,4,165.0
8335.09,4.875,1860.0,2,18530.18,226.0,0.0,3,165.0
8335.09,4.875,1860.0,3,26865.27,165.0,0.0,3,165.0
8335.09,4.875,1860.0,4,35200.36,158.0,0.0,3,165.0
8335.09,4.875,1865.0,0,1865.0,156.0,0.0,4,165.333
8335.09,4.875,1865.0,1,10200.09,683.75,0.829,4,165.333
8335.09,4.875,1865.0,2,18535.18,225.25,0.433,4,165.333
8335.09,4.875,1865.0,3,26870.27,165.333,0.471,3,165.333
8335.09,4.875,1865.0,4,35205.36,158.0,0.0,3,165.333
8335.09,4.875,1870.0,0,1870.0,156.0,0.0,4,165.333
8335.09,4.875,1870.0,1,10205.09,684.0,1.0,4,165.333
8335.09,4.875,1870.0,2,18540.18,224.667,0.471,3,165.333
8335.09,4.875,1870.0,3,26875.27,165.333,0.471,3,165.333
8335.09,4.875,1870.0,4,35210.36,158.0,0.0,3,165.333
8335.09,4.875,1875.0,0,1875.0,156.0,0.0,4,165.25
8335.09,4.875,1875.0,1,10210.09,684.75,0.433,4,165.25
8335.09,4.875,1875.0,2,18545.18,224.5,0.866,4,165.25
8335.09,4.875,1875.0,3,26880.27,165.25,0.433,4,165.25
8335.09,4.875,1875.0,4,35215.36,157.75,0.433,4,165.25
8335.09,4.875,1880.0,0,1880.0,156.0,0.0,4,165.25
8335.09,4.875,1880.0,1,10215.09,685.75,1.09,4,165.25
8335.09,4.875,1880.0,2,18550.18,224.25,0.433,4,165.25
8335.09,4.875,1880.0,3,26885.27,165.25,0.433,4,165.25
8335.09,4.875,1880.0,4,35220.36,157.667,0.471,3,165.25
8335.09,4.875,1885.0,0,1885.0,156.0,0.0,4,165.5
8335.09,4.875,1885.0,1,10220.09,684.0,1.0,4,165.5
8335.09,4.875,1885.0,2,18555.18,224.25,0.433,4,165.5
8335.09,4.875,1885.0,3,26890.27,165.5,0.5,4,165.5
8335.09,4.875,1885.0,4,35225.36,157.5,0.5,4,165.5
8335.09,4.875,1890.0,0,1890.0,156.0,0.0,4,165.25
8335.09,4.875,1890.0,1,10225.09,684.5,1.118,4,165.25
8335.09,4.875,1890.0,2,18560.18,223.75,0.433,4,165.25
8335.09,4.875,1890.0,3,26895.27,165.25,0.433,4,165.25
8335.09,4.875,1890.0,4,35230.36,157.667,0.471,3,165.25
8335.09,4.875,1895.0,0,1895.0,156.0,0.0,4,165.0
8335.09,4.875,1895.0,1,10230.09,683.5,0.866,4,165.0
8335.09,4.875,1895.0,2,18565.18,223.0,0.0,4,165.0
8335.09,4.875,1895.0,3,26900.27,165.0,0.0,4,165.0
8335.09,4.875,1895.0,4,35235.36,158.0,0.0,4,165.0
8335.09,4.875,1900.0,0,1900.0,156.0,0.0,4,165.0
8335.09,4.875,1900.0,1,10235.09,685.5,0.866,4,165.0
8335.09,4.875,1900.0,2,18570.18,223.25,0.433,4,165.0
8335.09,4.875,1900.0,3,26905.27,165.0,0.0,4,165.0
8335.09,4.875,1900.0,4,35240.36,158.0,0.0,3,165.0
8335.09,4.875,1905.0,0,1905.0,156.0,0.0,4,165.333
8335.09,4.875,1905.0,1,10240.09,684.75,0.829,4,165.333
8335.09,4.875,1905.0,2,18575.18,222.5,0.5,4,165.333
8335.09,4.875,1905.0,3,26910.27,165.333,0.471,3,165.333
8335.09,4.875,1905.0,4,35245.36,158.0,0.0,3,165.333
8335.09,4.875,1910.0,0,1910.0,156.0,0.0,4,165.0
8335.09,4.875,1910.0,1,10245.09,684.75,1.299,4,165.0
8335.09,4.875,1910.0,2,18580.18,222.0,0.0,4,165.0
8335.09,4.875,1910.0,3,26915.27,165.0,0.0,4,165.0
8335.09,4.875,1910.0,4,35250.36,158.0,0.0,3,165.0
8335.09,4.875,1915.0,0,1915.0,156.0,0.0,4,165.333
8335.09,4.875,1915.0,1,10250.09,685.25,0.829,4,165.333
8335.09,4.875,1915.0,2,18585.18,222.0,0.0,4,165.333
8335.09,4.875,1915.0,3,26920.27,165.333,0.471,3,165.333
8335.09,4.875,1915.0,4,35255.36,157.667,0.471,3,165.333
8335.09,4.875,1920.0,0,1920.0,155.75,0.433,4,165.0
8335.09,4.875,1920.0,1,10255.09,685.0,1.581,4,165.0
8335.09,4.875,1920.0,2,18590.18,221.75,0.433,4,165.0
8335.09,4.875,1920.0,3,26925.27,165.0,0.0,4,165.0
8335.09,4.875,1920.0,4,35260.36,158.0,0.0,3,165.0
8335.09,4.875,1925.0,0,1925.0,156.0,0.0,4,165.0
8335.09,4.875,1925.0,1,10260.09,684.0,1.0,4,165.0
8335.09,4.875,1925.0,2,18595.18,221.667,0.471,3,165.0
8335.09,4.875,1925.0,3,26930.27,165.0,0.0,3,165.0
8335.09,4.875,1925.0,4,35265.36,157.333,0.471,3,165.0
8335.09,4.875,1930.0,0,1930.0,156.0,0.0,4,165.0
8335.09,4.875,1930.0,1,10265.09,685.5,1.118,4,165.0
8335.09,4.875,1930.0,2,18600.18,221.0,0.0,4,165.0
8335.09,4.875,1930.0,3,26935.27,165.0,0.0,4,165.0
8335.09,4.875,1930.0,4,35270.36,157.667,0.471,3,165.0
8335.09,4.875,1935.0,0,1935.0,156.0,0.0,4,165.0
8335.09,4.875,1935.0,1,10270.09,685.0,1.581,4,165.0
8335.09,4.875,1935.0,2,18605.18,220.667,0.471,3,165.0
8335.09,4.875,1935.0,3,26940.27,165.0,0.0,3,165.0
8335.09,4.875,1935.0,4,35275.36,158.0,0.0,3,165.0
8335.09,4.875,1940.0,0,1940.0,156.0,0.0,4,165.0
8335.09,4.875,1940.0,1,10275.09,684.5,0.866,4,165.0
8335.09,4.875,1940.0,2,18610.18,220.75,0.433,4,165.0
8335.09,4.875,1940.0,3,26945.27,165.0,0.0,4,165.0
8335.09,4.875,1940.0,4,35280.36,157.667,0.471,3,165.0
8335.09,4.875,1945.0,0,1945.0,156.0,0.0,4,165.0
8335.09,4.875,1945.0,1,10280.09,685.0,0.707,4,165.0
8335.09,4.875,1945.0,2,18615.18,219.667,0.471,3,165.0
8335.09,4.875,1945.0,3,26950.27,165.0,0.0,3,165.0
8335.09,4.875,1945.0,4,35285.36,158.0,0.0,3,165.0
8335.09,4.875,1950.0,0,1950.0,155.75,0.433,4,165.0
8335.09,4.875,1950.0,1,10285.09,684.5,0.866,4,165.0
8335.09,4.875,1950.0,2,18620.18,220.5,0.5,4,165.0
8335.09,4.875,1950.0,3,26955.27,165.0,0.0,4,165.0
8335.09,4.875,1950.0,4,35290.36,158.0,0.0,3,165.0
8335.09,4.875,1955.0,0,1955.0,155.75,0.829,4,165.333
8335.09,4.875,1955.0,1,10290.09,685.0,1.225,4,165.333
8335.09,4.875,1955.0,2,18625.18,220.0,0.0,4,165.333
8335.09,4.875,1955.0,3,26960.27,165.333,0.471,3,165.333
8335.09,4.875,1955.0,4,35295.36,157.667,0.471,3,165.333
8335.09,4.875,1960.0,0,1960.0,156.0,0.0,4,165.0
8335.09,4.875,1960.0,1,10295.09,685.667,0.471,3,165.0
8335.09,4.875,1960.0,2,18630.18,219.333,0.471,3,165.0
8335.09,4.875,1960.0,3,26965.27,165.0,0.0,3,165.0
8335.09,4.875,1960.0,4,35300.36,157.667,0.471,3,165.0
8335.09,4.875,1965.0,0,1965.0,156.0,0.0,4,165.0
8335.09,4.875,1965.0,1,10300.09,685.75,1.09,4,165.0
8335.09,4.875,1965.0,2,18635.18,219.0,0.707,4,165.0
8335.09,4.875,1965.0,3,26970.27,165.0,0.0,3,165.0
8335.09,4.875,1965.0,4,35305.36,158.0,0.0,3,165.0
8335.09,4.875,1970.0,0,1970.0,156.0,0.0,4,165.0
8335.09,4.875,1970.0,1,10305.09,685.0,0.816,3,165.0
8335.09,4.875,1970.0,2,18640.18,218.333,0.471,3,165.0
8335.09,4.875,1970.0,3,26975.27,165.0,0.0,3,165.0
8335.09,4.875,1970.0,4,35310.36,157.667,0.471,3,165.0
8335.09,4.875,1975.0,0,1975.0,156.0,0.0,4,165.333
8335.09,4.875,1975.0,1,10310.09,685.0,1.871,4,165.333
8335.09,4.875,1975.0,2,18645.18,218.667,0.471,3,165.333
8335.09,4.875,1975.0,3,26980.27,165.333,0.471,3,165.333
8335.09,4.875,1975.0,4,35315.36,158.0,0.0,3,165.333
8335.09,4.875,1980.0,0,1980.0,156.0,0.0,4,165.0
8335.09,4.875,1980.0,1,10315.09,685.0,1.414,3,165.0
8335.09,4.875,1980.0,2,18650.18,218.333,0.471,3,165.0
8335.09,4.875,1980.0,3,26985.27,165.0,0.0,3,165.0
8335.09,4.875,1980.0,4,35320.36,157.667,0.471,3,165.0
8335.09,4.875,1985.0,0,1985.0,156.0,0.0,4,165.0
8335.09,4.875,1985.0,1,10320.09,685.0,1.581,4,165.0
8335.09,4.875,1985.0,2,18655.18,218.0,0.0,3,165.0
8335.09,4.875,1985.0,3,26990.27,165.0,0.0,3,165.0
8335.09,4.875,1985.0,4,35325.36,157.667,0.471,3,165.0
8335.09,4.875,1990.0,0,1990.0,156.0,0.0,4,165.0
8335.09,4.875,1990.0,1,10325.09,684.667,1.247,3,165.0
8335.09,4.875,1990.0,2,18660.18,218.0,0.0,3,165.0
8335.09,4.875,1990.0,3,26995.27,165.0,0.0,3,165.0
8335.09,4.875,1990.0,4,35330.36,158.0,0.0,3,165.0
8335.09,4.875,1995.0,0,1995.0,156.0,0.0,4,165.0
8335.09,4.875,1995.0,1,10330.09,685.25,1.299,4,165.0
8335.09,4.875,1995.0,2,18665.18,217.667,0.471,3,165.0
8335.09,4.875,1995.0,3,27000.27,165.0,0.0,3,165.0
8335.09,4.875,1995.0,4,35335.36,157.667,0.471,3,165.0
8335.09,4.875,2000.0,0,2000.0,156.0,0.0,4,165.0
8335.09,4.875,2000.0,1,10335.09,638.5,11.079,4,165.0
8335.09,4.875,2000.0,2,18670.18,218.0,0.707,4,165.0
8335.09,4.875,2000.0,3,27005.27,165.0,0.0,4,165.0
8335.09,4.875,2000.0,4,35340.36,157.75,0.433,4,165.0
8335.09,4.875,2005.0,0,2005.0,156.0,0.0,4,165.25
8335.09,4.875,2005.0,1,10340.09,506.5,23.68,4,165.25
8335.09,4.875,2005.0,2,18675.18,224.5,2.179,4,165.25
8335.09,4.875,2005.0,3,27010.27,165.25,0.433,4,165.25
8335.09,4.875,2005.0,4,35345.36,157.667,0.471,3,165.25
8335.09,4.875,2010.0,0,2010.0,155.5,0.5,4,165.333
8335.09,4.875,2010.0,1,10345.09,482.333,1.886,3,165.333
8335.09,4.875,2010.0,2,18680.18,227.667,0.471,3,165.333
8335.09,4.875,2010.0,3,27015.27,165.333,0.471,3,165.333
8335.09,4.875,2010.0,4,35350.36,157.667,0.471,3,165.333
8335.09,4.875,2015.0,0,2015.0,155.75,0.433,4,165.75
8335.09,4.875,2015.0,1,10350.09,477.5,1.658,4,165.75
8335.09,4.875,2015.0,2,18685.18,228.75,0.829,4,165.75
8335.09,4.875,2015.0,3,27020.27,165.75,0.433,4,165.75
8335.09,4.875,2015.0,4,35355.36,157.667,0.471,3,165.75
8335.09,4.875,2020.0,0,2020.0,156.0,0.0,4,166.0
8335.09,4.875,2020.0,1,10355.09,477.667,1.247,3,166.0
8335.09,4.875,2020.0,2,18690.18,229.0,0.0,3,166.0
8335.09,4.875,2020.0,3,27025.27,166.0,0.0,3,166.0
8335.09,4.875,2020.0,4,35360.36,158.0,0.0,3,166.0
8335.09,4.875,2025.0,0,2025.0,155.75,0.433,4,165.333
8335.09,4.875,2025.0,1,10360.09,477.75,1.09,4,165.333
8335.09,4.875,2025.0,2,18695.18,229.333,0.471,3,165.333
8335.09,4.875,2025.0,3,27030.27,165.333,0.471,3,165.333
8335.09,4.875,2025.0,4,35365.36,157.667,0.471,3,165.333
8335.09,4.875,2030.0,0,2030.0,156.0,0.0,4,165.0
8335.09,4.875,2030.0,1,10365.09,478.0,0.816,3,165.0
8335.09,4.875,2030.0,2,18700.18,229.0,0.0,3,165.0
8335.09,4.875,2030.0,3,27035.27,165.0,0.0,3,165.0
8335.09,4.875,2030.0,4,35370.36,158.0,0.0,3,165.0
8335.09,4.875,2035.0,0,2035.0,156.0,0.0,4,165.667
8335.09,4.875,2035.0,1,10370.09,478.0,0.707,4,165.667
8335.09,4.875,2035.0,2,18705.18,229.0,0.0,3,165.667
8335.09,4.875,2035.0,3,27040.27,165.667,0.471,3,165.667
8335.09,4.875,2035.0,4,35375.36,157.667,0.471,3,165.667
8335.09,4.875,2040.0,0,2040.0,155.75,0.433,4,165.25
8335.09,4.875,2040.0,1,10375.09,477.5,0.866,4,165.25
8335.09,4.875,2040.0,2,18710.18,228.25,0.433,4,165.25
8335.09,4.875,2040.0,3,27045.27,165.25,0.433,4,165.25
8335.09,4.875,2040.0,4,35380.36,157.5,0.5,4,165.25
8335.09,4.875,2045.0,0,2045.0,156.0,0.0,4,166.0
8335.09,4.875,2045.0,1,10380.09,478.75,0.829,4,166.0
8335.09,4.875,2045.0,2,18715.18,228.0,0.0,3,166.0
8335.09,4.875,2045.0,3,27050.27,166.0,0.0,3,166.0
8335.09,4.875,2045.0,4,35385.36,157.667,0.471,3,166.0
8335.09,4.875,2050.0,0,2050.0,156.0,0.0,4,165.75
8335.09,4.875,2050.0,1,10385.09,479.0,1.225,4,165.75
8335.09,4.875,2050.0,2,18720.18,228.25,0.829,4,165.75
8335.09,4.875,2050.0,3,27055.27,165.75,0.433,4,165.75
8335.09,4.875,2050.0,4,35390.36,157.5,0.5,4,165.75
8335.09,4.875,2055.0,0,2055.0,155.75,0.433,4,165.25
8335.09,4.875,2055.0,1,10390.09,480.0,0.707,4,165.25
8335.09,4.875,2055.0,2,18725.18,227.5,0.5,4,165.25
8335.09,4.875,2055.0,3,27060.27,165.25,0.433,4,165.25
8335.09,4.875,2055.0,4,35395.36,157.667,0.471,3,165.25
8335.09,4.875,2060.0,0,2060.0,155.5,0.5,4,165.667
8335.09,4.875,2060.0,1,10395.09,479.5,0.866,4,165.667
8335.09,4.875,2060.0,2,18730.18,227.0,0.0,4,165.667
8335.09,4.875,2060.0,3,27065.27,165.667,0.471,3,165.667
8335.09,4.875,2060.0,4,35400.36,158.0,0.0,3,165.667
8335.09,4.875,2065.0,0,2065.0,156.0,0.0,4,165.75
8335.09,4.875,2065.0,1,10400.09,481.25,0.829,4,165.75
8335.09,4.875,2065.0,2,18735.18,227.0,0.0,4,165.75
8335.09,4.875,2065.0,3,27070.27,165.75,0.433,4,165.75
8335.09,4.875,2065.0,4,35405.36,157.667,0.471,3,165.75
8335.09,4.875,2070.0,0,2070.0,155.5,0.5,4,165.667
8335.09,4.875,2070.0,1,10405.09,481.25,1.09,4,165.667
8335.09,4.875,2070.0,2,18740.18,226.75,0.433,4,165.667
8335.09,4.875,2070.0,3,27075.27,165.667,0.471,3,165.667
8335.09,4.875,2070.0,4,35410.36,157.333,0.471,3,165.667
8335.09,4.875,2075.0,0,2075.0,156.0,0.0,4,165.5
8335.09,4.875,2075.0,1,10410.09,481.25,0.433,4,165.5
8335.09,4.875,2075.0,2,18745.18,226.75,0.433,4,165.5
8335.09,4.875,2075.0,3,27080.27,165.5,0.5,4,165.5
8335.09,4.875,2075.0,4,35415.36,158.0,0.0,3,165.5
8335.09,4.875,2080.0,0,2080.0,155.75,0.433,4,165.667
8335.09,4.875,2080.0,1,10415.09,481.667,1.247,3,165.667
8335.09,4.875,2080.0,2,18750.18,226.333,0.471,3,165.667
8335.09,4.875,2080.0,3,27085.27,165.667,0.471,3,165.667
8335.09,4.875,2080.0,4,35420.36,157.333,0.471,3,165.667
8335.09,4.875,2085.0,0,2085.0,155.75,0.433,4,165.25
8335.09,4.875,2085.0,1,10420.09,482.25,1.299,4,165.25
8335.09,4.875,2085.0,2,18755.18,226.0,0.0,4,165.25
8335.09,4.875,2085.0,3,27090.27,165.25,0.433,4,165.25
8335.09,4.875,2085.0,4,35425.36,157.333,0.471,3,165.25
8335.09,4.875,2090.0,0,2090.0,156.0,0.0,4,165.75
8335.09,4.875,2090.0,1,10425.09,482.5,0.866,4,165.75
8335.09,4.875,2090.0,2,18760.18,226.0,0.0,4,165.75
8335.09,4.875,2090.0,3,27095.27,165.75,0.433,4,165.75
8335.09,4.875,2090.0,4,35430.36,157.75,0.433,4,165.75
8335.09,4.875,2095.0,0,2095.0,155.75,0.433,4,165.5
8335.09,4.875,2095.0,1,10430.09,482.0,1.0,4,165.5
8335.09,4.875,2095.0,2,18765.18,226.0,0.0,4,165.5
8335.09,4.875,2095.0,3,27100.27,165.5,0.5,4,165.5
8335.09,4.875,2095.0,4,35435.36,157.667,0.471,3,165.5
8335.09,4.875,2100.0,0,2100.0,156.0,0.0,4,165.25
8335.09,4.875,2100.0,1,10435.09,481.5,0.5,4,165.25
8335.09,4.875,2100.0,2,18770.18,226.0,0.0,4,165.25
8335.09,4.875,2100.0,3,27105.27,165.25,0.433,4,165.25
8335.09,4.875,2100.0,4,35440.36,157.5,0.5,4,165.25
8335.09,4.875,2105.0,0,2105.0,156.0,0.0,4,165.25
8335.09,4.875,2105.0,1,10440.09,482.25,0.829,4,165.25
8335.09,4.875,2105.0,2,18775.18,225.75,0.433,4,165.25
8335.09,4.875,2105.0,3,27110.27,165.25,0.433,4,165.25
8335.09,4.875,2105.0,4,35445.36,157.667,0.471,3,165.25
8335.09,4.875,2110.0,0,2110.0,155.75,0.433,4,165.0
8335.09,4.875,2110.0,1,10445.09,483.333,0.471,3,165.0
8335.09,4.875,2110.0,2,18780.18,225.333,0.471,3,165.0
8335.09,4.875,2110.0,3,27115.27,165.0,0.0,3,165.0
8335.09,4.875,2110.0,4,35450.36,157.333,0.471,3,165.0
8335.09,4.875,2115.0,0,2115.0,156.0,0.0,4,165.0
8335.09,4.875,2115.0,1,10450.09,482.5,1.118,4,165.0
8335.09,4.875,2115.0,2,18785.18,226.0,0.0,3,165.0
8335.09,4.875,2115.0,3,27120.27,165.0,0.0,3,165.0
8335.09,4.875,2115.0,4,35455.36,158.0,0.0,3,165.0
8335.09,4.875,2120.0,0,2120.0,155.75,0.433,4,165.0
8335.09,4.875,2120.0,1,10455.09,483.0,0.816,3,165.0
8335.09,4.875,2120.0,2,18790.18,225.667,0.471,3,165.0
8335.09,4.875,2120.0,3,27125.27,165.0,0.0,3,165.0
8335.09,4.875,2120.0,4,35460.36,157.667,0.471,3,165.0
8335.09,4.875,2125.0,0,2125.0,155.5,0.5,4,165.667
8335.09,4.875,2125.0,1,10460.09,483.333,0.471,3,165.667
8335.09,4.875,2125.0,2,18795.18,225.333,0.471,3,165.667
8335.09,4.875,2125.0,3,27130.27,165.667,0.471,3,165.667
8335.09,4.875,2125.0,4,35465.36,157.333,0.471,3,165.667
8335.09,4.875,2130.0,0,2130.0,156.0,0.0,4,165.75
8335.09,4.875,2130.0,1,10465.09,483.5,0.5,4,165.75
8335.09,4.875,2130.0,2,18800.18,225.5,0.5,4,165.75
8335.09,4.875,2130.0,3,27135.27,165.75,0.433,4,165.75
8335.09,4.875,2130.0,4,35470.36,158.0,0.0,4,165.75
8335.09,4.875,2135.0,0,2135.0,155.75,0.433,4,165.333
8335.09,4.875,2135.0,1,10470.09,482.333,0.471,3,165.333
8335.09,4.875,2135.0,2,18805.18,225.333,0.471,3,165.333
8335.09,4.875,2135.0,3,27140.27,165.333,0.471,3,165.333
8335.09,4.875,2135.0,4,35475.36,158.0,0.0,3,165.333
8335.09,4.875,2140.0,0,2140.0,156.0,0.0,4,165.5
8335.09,4.875,2140.0,1,10475.09,483.5,0.5,4,165.5
8335.09,4.875,2140.0,2,18810.18,225.0,0.0,4,165.5
8335.09,4.875,2140.0,3,27145.27,165.5,0.5,4,165.5
8335.09,4.875,2140.0,4,35480.36,158.0,0.0,3,165.5
8335.09,4.875,2145.0,0,2145.0,155.75,0.433,4,165.333
8335.09,4.875,2145.0,1,10480.09,484.333,0.943,3,165.333
8335.09,4.875,2145.0,2,18815.18,225.0,0.0,3,165.333
8335.09,4.875,2145.0,3,27150.27,165.333,0.471,3,165.333
8335.09,4.875,2145.0,4,35485.36,157.333,0.471,3,165.333
8335.09,4.875,2150.0,0,2150.0,156.0,0.0,4,165.333
8335.09,4.875,2150.0,1,10485.09,482.75,1.299,4,165.333
8335.09,4.875,2150.0,2,18820.18,225.333,0.471,3,165.333
8335.09,4.875,2150.0,3,27155.27,165.333,0.471,3,165.333
8335.09,4.875,2150.0,4,35490.36,157.667,0.471,3,165.333
8335.09,4.875,2155.0,0,2155.0,155.5,0.5,4,165.0
8335.09,4.875,2155.0,1,10490.09,483.667,0.471,3,165.0
8335.09,4.875,2155.0,2,18825.18,225.333,0.471,3,165.0
8335.09,4.875,2155.0,3,27160.27,165.0,0.0,3,165.0
8335.09,4.875,2155.0,4,35495.36,157.667,0.471,3,165.0
8335.09,4.875,2160.0,0,2160.0,156.0,0.0,4,165.0
8335.09,4.875,2160.0,1,10495.09,483.0,0.0,4,165.0
8335.09,4.875,2160.0,2,18830.18,225.5,0.5,4,165.0
8335.09,4.875,2160.0,3,27165.27,165.0,0.0,3,165.0
8335.09,4.875,2160.0,4,35500.36,157.333,0.471,3,165.0
8335.09,4.875,2165.0,0,2165.0,155.75,0.433,4,165.0
8335.09,4.875,2165.0,1,10500.09,482.75,0.829,4,165.0
8335.09,4.875,2165.0,2,18835.18,225.0,0.0,4,165.0
8335.09,4.875,2165.0,3,27170.27,165.0,0.0,4,165.0
8335.09,4.875,2165.0,4,35505.36,158.0,0.0,3,165.0
8335.09,4.875,2170.0,0,2170.0,155.5,0.5,4,165.0
8335.09,4.875,2170.0,1,10505.09,496.25,3.961,4,165.0
8335.09,4.875,2170.0,2,18840.18,221.0,0.707,4,165.0
8335.09,4.875,2170.0,3,27175.27,165.0,0.0,3,165.0
8335.09,4.875,2170.0,4,35510.36,157.333,0.471,3,165.0
8335.09,4.875,2175.0,0,2175.0,155.75,0.433,4,165.0
8335.09,4.875,2175.0,1,10510.09,587.5,32.485,4,165.0
8335.09,4.875,2175.0,2,18845.18,214.5,1.118,4,165.0
8335.09,4.875,2175.0,3,27180.27,165.0,0.0,4,165.0
8335.09,4.875,2175.0,4,35515.36,158.0,0.0,3,165.0
8335.09,4.875,2180.0,0,2180.0,156.0,0.0,4,165.0
8335.09,4.875,2180.0,1,10515.09,693.5,5.315,4,165.0
8335.09,4.875,2180.0,2,18850.18,212.0,0.0,4,165.0
8335.09,4.875,2180.0,3,27185.27,165.0,0.0,3,165.0
8335.09,4.875,2180.0,4,35520.36,158.0,0.0,3,165.0
8335.09,4.875,2185.0,0,2185.0,156.0,0.0,4,165.0
8335.09,4.875,2185.0,1,10520.09,723.0,3.674,4,165.0
8335.09,4.875,2185.0,2,18855.18,211.25,0.433,4,165.0
8335.09,4.875,2185.0,3,27190.27,165.0,0.0,4,165.0
8335.09,4.875,2185.0,4,35525.36,158.0,0.0,3,165.0
8335.09,4.875,2190.0,0,2190.0,156.0,0.0,4,165.0
8335.09,4.875,2190.0,1,10525.09,731.75,1.479,4,165.0
8335.09,4.875,2190.0,2,18860.18,211.0,0.0,4,165.0
8335.09,4.875,2190.0,3,27195.27,165.0,0.0,3,165.0
8335.09,4.875,2190.0,4,35530.36,157.667,0.471,3,165.0
8335.09,4.875,2195.0,0,2195.0,156.0,0.0,4,164.75
8335.09,4.875,2195.0,1,10530.09,730.0,3.24,4,164.75
8335.09,4.875,2195.0,2,18865.18,211.0,0.0,4,164.75
8335.09,4.875,2195.0,3,27200.27,164.75,0.433,4,164.75
8335.09,4.875,2195.0,4,35535.36,158.0,0.0,3,164.75
8335.09,4.875,2200.0,0,2200.0,156.0,0.0,4,165.0
8335.09,4.875,2200.0,1,10535.09,732.25,3.031,4,165.0
8335.09,4.875,2200.0,2,18870.18,211.333,0.471,3,165.0
8335.09,4.875,2200.0,3,27205.27,165.0,0.0,3,165.0
8335.09,4.875,2200.0,4,35540.36,158.0,0.0,3,165.0
8335.09,4.875,2205.0,0,2205.0,156.0,0.0,4,165.0
8335.09,4.875,2205.0,1,10540.09,732.0,1.414,4,165.0
8335.09,4.875,2205.0,2,18875.18,211.25,0.433,4,165.0
8335.09,4.875,2205.0,3,27210.27,165.0,0.0,4,165.0
8335.09,4.875,2205.0,4,35545.36,158.0,0.0,4,165.0
8335.09,4.875,2210.0,0,2210.0,156.0,0.0,4,165.0
8335.09,4.875,2210.0,1,10545.09,733.333,1.247,3,165.0
8335.09,4.875,2210.0,2,18880.18,211.0,0.0,3,165.0
8335.09,4.875,2210.0,3,27215.27,165.0,0.0,3,165.0
8335.09,4.875,2210.0,4,35550.36,157.667,0.471,3,165.0
8335.09,4.875,2215.0,0,2215.0,156.0,0.0,4,164.75
8335.09,4.875,2215.0,1,10550.09,732.5,1.5,4,164.75
8335.09,4.875,2215.0,2,18885.18,211.25,0.433,4,164.75
8335.09,4.875,2215.0,3,27220.27,164.75,0.433,4,164.75
8335.09,4.875,2215.0,4,35555.36,158.0,0.0,3,164.75
8335.09,4.875,2220.0,0,2220.0,156.0,0.0,4,165.0
8335.09,4.875,2220.0,1,10555.09,730.667,0.471,3,165.0
8335.09,4.875,2220.0,2,18890.18,211.667,0.471,3,165.0
8335.09,4.875,2220.0,3,27225.27,165.0,0.0,3,165.0
8335.09,4.875,2220.0,4,35560.36,158.0,0.0,3,165.0
8335.09,4.875,2225.0,0,2225.0,156.0,0.0,4,165.0
8335.09,4.875,2225.0,1,10560.09,732.25,1.299,4,165.0
8335.09,4.875,2225.0,2,18895.18,211.333,0.471,3,165.0
8335.09,4.875,2225.0,3,27230.27,165.0,0.0,3,165.0
8335.09,4.875,2225.0,4,35565.36,158.0,0.0,3,165.0
8335.09,4.875,2230.0,0,2230.0,156.0,0.0,4,165.0
8335.09,4.875,2230.0,1,10565.09,733.333,0.943,3,165.0
8335.09,4.875,2230.0,2,18900.18,211.333,0.471,3,165.0
8335.09,4.875,2230.0,3,27235.27,165.0,0.0,3,165.0
8335.09,4.875,2230.0,4,35570.36,158.0,0.0,3,165.0
8335.09,4.875,2235.0,0,2235.0,156.0,0.0,4,164.667
8335.09,4.875,2235.0,1,10570.09,732.0,1.871,4,164.667
8335.09,4.875,2235.0,2,18905.18,211.0,0.0,3,164.667
8335.09,4.875,2235.0,3,27240.27,164.667,0.471,3,164.667
8335.09,4.875,2235.0,4,35575.36,157.333,0.471,3,164.667
8335.09,4.875,2240.0,0,2240.0,155.0,0.0,4,164.0
8335.09,4.875,2240.0,1,10575.09,728.667,0.943,3,164.0
8335.09,4.875,2240.0,2,18910.18,210.667,0.471,3,164.0
8335.09,4.875,2240.0,3,27245.27,164.0,0.0,3,164.0
8335.09,4.875,2240.0,4,35580.36,157.0,0.0,3,164.0
8335.09,4.875,2245.0,0,2245.0,154.25,0.433,4,163.0
8335.09,4.875,2245.0,1,10580.09,726.5,1.658,4,163.0
8335.09,4.875,2245.0,2,18915.18,210.0,0.0,3,163.0
8335.09,4.875,2245.0,3,27250.27,163.0,0.0,3,163.0
8335.09,4.875,2245.0,4,35585.36,155.667,0.471,3,163.0
8335.09,4.875,2250.0,0,2250.0,153.25,0.433,4,162.25
8335.09,4.875,2250.0,1,10585.09,723.75,0.829,4,162.25
8335.09,4.875,2250.0,2,18920.18,209.0,0.0,4,162.25
8335.09,4.875,2250.0,3,27255.27,162.25,0.433,4,162.25
8335.09,4.875,2250.0,4,35590.36,155.0,0.0,3,162.25
8335.09,4.875,2255.0,0,2255.0,153.5,0.5,4,162.5
8335.09,4.875,2255.0,1,10590.09,726.0,2.121,4,162.5
8335.09,4.875,2255.0,2,18925.18,209.0,0.0,4,162.5
8335.09,4.875,2255.0,3,27260.27,162.5,0.5,4,162.5
8335.09,4.875,2255.0,4,35595.36,155.25,0.433,4,162.5
8335.09,4.875,2260.0,0,2260.0,153.75,0.433,4,162.667
8335.09,4.875,2260.0,1,10595.09,724.75,1.299,4,162.667
8335.09,4.875,2260.0,2,18930.18,209.333,0.471,3,162.667
8335.09,4.875,2260.0,3,27265.27,162.667,0.471,3,162.667
8335.09,4.875,2260.0,4,35600.36,155.333,0.471,3,162.667
8335.09,4.875,2265.0,0,2265.0,153.25,0.433,4,162.5
8335.09,4.875,2265.0,1,10600.09,724.25,2.278,4,162.5
8335.09,4.875,2265.0,2,18935.18,209.0,0.0,4,162.5
8335.09,4.875,2265.0,3,27270.27,162.5,0.5,4,162.5
8335.09,4.875,2265.0,4,35605.36,155.0,0.0,4,162.5
8335.09,4.875,2270.0,0,2270.0,153.5,0.5,4,163.0
8335.09,4.875,2270.0,1,10605.09,723.0,0.707,4,163.0
8335.09,4.875,2270.0,2,18940.18,209.0,0.0,3,163.0
8335.09,4.875,2270.0,3,27275.27,163.0,0.0,3,163.0
8335.09,4.875,2270.0,4,35610.36,155.667,0.471,3,163.0
8335.09,4.875,2275.0,0,2275.0,154.0,0.0,4,163.0
8335.09,4.875,2275.0,1,10610.09,724.75,1.479,4,163.0
8335.09,4.875,2275.0,2,18945.18,209.5,0.5,4,163.0
8335.09,4.875,2275.0,3,27280.27,163.0,0.0,4,163.0
8335.09,4.875,2275.0,4,35615.36,155.75,0.433,4,163.0
8335.09,4.875,2280.0,0,2280.0,154.0,0.0,4,163.0
8335.09,4.875,2280.0,1,10615.09,724.75,1.92,4,163.0
8335.09,4.875,2280.0,2,18950.18,210.0,0.0,3,163.0
8335.09,4.875,2280.0,3,27285.27,163.0,0.0,3,163.0
8335.09,4.875,2280.0,4,35620.36,156.0,0.0,3,163.0
8335.09,4.875,2285.0,0,2285.0,154.0,0.0,4,163.0
8335.09,4.875,2285.0,1,10620.09,724.25,1.785,4,163.0
8335.09,4.875,2285.0,2,18955.18,210.0,0.0,4,163.0
8335.09,4.875,2285.0,3,27290.27,163.0,0.0,3,163.0
8335.09,4.875,2285.0,4,35625.36,156.0,0.0,3,163.0
8335.09,4.875,2290.0,0,2290.0,154.0,0.0,4,163.667
8335.09,4.875,2290.0,1,10625.09,725.0,0.816,3,163.667
8335.09,4.875,2290.0,2,18960.18,210.0,0.0,3,163.667
8335.09,4.875,2290.0,3,27295.27,163.667,0.471,3,163.667
8335.09,4.875,2290.0,4,35630.36,156.0,0.0,3,163.667
8335.09,4.875,2295.0,0,2295.0,154.0,0.0,4,163.333
8335.09,4.875,2295.0,1,10630.09,723.5,2.291,4,163.333
8335.09,4.875,2295.0,2,18965.18,210.0,0.0,4,163.333
8335.09,4.875,2295.0,3,27300.27,163.333,0.471,3,163.333
8335.09,4.875,2295.0,4,35635.36,156.0,0.0,3,163.333
8335.09,4.875,2300.0,0,2300.0,154.75,0.433,4,164.0
8335.09,4.875,2300.0,1,10635.09,724.0,1.633,3,164.0
8335.09,4.875,2300.0,2,18970.18,210.0,0.0,3,164.0
8335.09,4.875,2300.0,3,27305.27,164.0,0.0,3,164.0
8335.09,4.875,2300.0,4,35640.36,156.667,0.471,3,164.0
8335.09,4.875,2305.0,0,2305.0,155.25,0.433,4,164.25
8335.09,4.875,2305.0,1,10640.09,724.25,1.479,4,164.25
8335.09,4.875,2305.0,2,18975.18,211.0,0.0,4,164.25
8335.09,4.875,2305.0,3,27310.27,164.25,0.433,4,164.25
8335.09,4.875,2305.0,4,35645.36,157.0,0.0,3,164.25
8335.09,4.875,2310.0,0,2310.0,155.75,0.433,4,164.75
8335.09,4.875,2310.0,1,10645.09,724.5,1.5,4,164.75
8335.09,4.875,2310.0,2,18980.18,211.0,0.0,4,164.75
8335.09,4.875,2310.0,3,27315.27,164.75,0.433,4,164.75
8335.09,4.875,2310.0,4,35650.36,157.75,0.433,4,164.75
8335.09,4.875,2315.0,0,2315.0,156.0,0.0,4,164.667
8335.09,4.875,2315.0,1,10650.09,724.0,1.581,4,164.667
8335.09,4.875,2315.0,2,18985.18,211.25,0.433,4,164.667
8335.09,4.875,2315.0,3,27320.27,164.667,0.471,3,164.667
8335.09,4.875,2315.0,4,35655.36,158.0,0.0,3,164.667
8335.09,4.875,2320.0,0,2320.0,156.0,0.0,4,165.0
8335.09,4.875,2320.0,1,10655.09,722.75,1.299,4,165.0
8335.09,4.875,2320.0,2,18990.18,211.5,0.5,4,165.0
8335.09,4.875,2320.0,3,27325.27,165.0,0.0,4,165.0
8335.09,4.875,2320.0,4,35660.36,158.0,0.0,4,165.0
8335.09,4.875,2325.0,0,2325.0,156.0,0.0,4,165.0
8335.09,4.875,2325.0,1,10660.09,723.0,1.581,4,165.0
8335.09,4.875,2325.0,2,18995.18,211.5,0.5,4,165.0
8335.09,4.875,2325.0,3,27330.27,165.0,0.0,3,165.0
8335.09,4.875,2325.0,4,35665.36,157.667,0.471,3,165.0
8335.09,4.875,2330.0,0,2330.0,156.0,0.0,4,165.0
8335.09,4.875,2330.0,1,10665.09,722.25,1.92,4,165.0
8335.09,4.875,2330.0,2,19000.18,211.0,0.0,4,165.0
8335.09,4.875,2330.0,3,27335.27,165.0,0.0,4,165.0
8335.09,4.875,2330.0,4,35670.36,157.5,0.5,4,165.0
8335.09,4.875,2335.0,0,2335.0,156.0,0.0,4,165.0
8335.09,4.875,2335.0,1,10670.09,721.25,1.09,4,165.0
8335.09,4.875,2335.0,2,19005.18,211.5,0.5,4,165.0
8335.09,4.875,2335.0,3,27340.27,165.0,0.0,3,165.0
8335.09,4.875,2335.0,4,35675.36,158.0,0.0,3,165.0
8335.09,4.875,2340.0,0,2340.0,156.0,0.0,4,165.0
8335.09,4.875,2340.0,1,10675.09,721.25,1.299,4,165.0
8335.09,4.875,2340.0,2,19010.18,211.5,0.5,4,165.0
8335.09,4.875,2340.0,3,27345.27,165.0,0.0,4,165.0
8335.09,4.875,2340.0,4,35680.36,157.75,0.433,4,165.0
8335.09,4.875,2345.0,0,2345.0,156.0,0.0,4,165.0
8335.09,4.875,2345.0,1,10680.09,722.333,1.247,3,165.0
8335.09,4.875,2345.0,2,19015.18,211.667,0.471,3,165.0
8335.09,4.875,2345.0,3,27350.27,165.0,0.0,3,165.0
8335.09,4.875,2345.0,4,35685.36,158.0,0.0,3,165.0
8335.09,4.875,2350.0,0,2350.0,156.0,0.0,4,165.0
8335.09,4.875,2350.0,1,10685.09,720.25,1.09,4,165.0
8335.09,4.875,2350.0,2,19020.18,211.75,0.433,4,165.0
8335.09,4.875,2350.0,3,27355.27,165.0,0.0,4,165.0
8335.09,4.875,2350.0,4,35690.36,158.0,0.0,4,165.0
8335.09,4.875,2355.0,0,2355.0,156.0,0.0,4,165.0
8335.09,4.875,2355.0,1,10690.09,721.0,1.581,4,165.0
8335.09,4.875,2355.0,2,19025.18,211.25,0.433,4,165.0
8335.09,4.875,2355.0,3,27360.27,165.0,0.0,4,165.0
8335.09,4.875,2355.0,4,35695.36,158.0,0.0,3,165.0
8335.09,4.875,2360.0,0,2360.0,155.75,0.433,4,165.0
8335.09,4.875,2360.0,1,10695.09,721.0,0.0,4,165.0
8335.09,4.875,2360.0,2,19030.18,211.667,0.471,3,165.0
8335.09,4.875,2360.0,3,27365.27,165.0,0.0,3,165.0
8335.09,4.875,2360.0,4,35700.36,158.0,0.0,3,165.0
8335.09,4.875,2365.0,0,2365.0,156.0,0.0,4,165.0
8335.09,4.875,2365.0,1,10700.09,719.75,1.09,4,165.0
8335.09,4.875,2365.0,2,19035.18,211.0,0.0,4,165.0
8335.09,4.875,2365.0,3,27370.27,165.0,0.0,4,165.0
8335.09,4.875,2365.0,4,35705.36,157.333,0.471,3,165.0
8335.09,4.875,2370.0,0,2370.0,156.0,0.0,4,164.75
8335.09,4.875,2370.0,1,10705.09,718.25,1.299,4,164.75
8335.09,4.875,2370.0,2,19040.18,211.5,0.5,4,164.75
8335.09,4.875,2370.0,3,27375.27,164.75,0.433,4,164.75
8335.09,4.875,2370.0,4,35710.36,158.0,0.0,4,164.75
8335.09,4.875,2375.0,0,2375.0,156.0,0.0,4,165.0
8335.09,4.875,2375.0,1,10710.09,721.0,1.414,4,165.0
8335.09,4.875,2375.0,2,19045.18,211.25,0.433,4,165.0
8335.09,4.875,2375.0,3,27380.27,165.0,0.0,3,165.0
8335.09,4.875,2375.0,4,35715.36,158.0,0.0,3,165.0
8335.09,4.875,2380.0,0,2380.0,156.0,0.0,4,165.0
8335.09,4.875,2380.0,1,10715.09,718.75,0.829,4,165.0
8335.09,4.875,2380.0,2,19050.18,211.75,0.433,4,165.0
8335.09,4.875,2380.0,3,27385.27,165.0,0.0,4,165.0
8335.09,4.875,2380.0,4,35720.36,157.667,0.471,3,165.0
8335.09,4.875,2385.0,0,2385.0,156.0,0.0,4,164.667
8335.09,4.875,2385.0,1,10720.09,718.5,1.118,4,164.667
8335.09,4.875,2385.0,2,19055.18,211.5,0.5,4,164.667
8335.09,4.875,2385.0,3,27390.27,164.667,0.471,3,164.667
8335.09,4.875,2385.0,4,35725.36,158.0,0.0,3,164.667
8335.09,4.875,2390.0,0,2390.0,156.0,0.0,4,165.0
8335.09,4.875,2390.0,1,10725.09,717.0,1.581,4,165.0
8335.09,4.875,2390.0,2,19060.18,211.0,0.0,4,165.0
8335.09,4.875,2390.0,3,27395.27,165.0,0.0,4,165.0
8335.09,4.875,2390.0,4,35730.36,157.333,0.471,3,165.0
8335.09,4.875,2395.0,0,2395.0,156.0,0.0,4,165.0
8335.09,4.875,2395.0,1,10730.09,717.0,1.414,3,165.0
8335.09,4.875,2395.0,2,19065.18,211.0,0.0,3,165.0
8335.09,4.875,2395.0,3,27400.27,165.0,0.0,3,165.0
8335.09,4.875,2395.0,4,35735.36,157.667,0.471,3,165.0
8335.09,4.875,2400.0,0,2400.0,156.0,0.0,4,164.75
8335.09,4.875,2400.0,1,10735.09,716.25,1.639,4,164.75
8335.09,4.875,2400.0,2,19070.18,211.25,0.433,4,164.75
8335.09,4.875,2400.0,3,27405.27,164.75,0.433,4,164.75
8335.09,4.875,2400.0,4,35740.36,157.667,0.471,3,164.75
8335.09,4.875,2405.0,0,2405.0,156.0,0.0,4,165.0
8335.09,4.875,2405.0,1,10740.09,716.75,1.299,4,165.0
8335.09,4.875,2405.0,2,19075.18,211.5,0.5,4,165.0
8335.09,4.875,2405.0,3,27410.27,165.0,0.0,3,165.0
8335.09,4.875,2405.0,4,35745.36,157.667,0.471,3,165.0
8335.09,4.875,2410.0,0,2410.0,156.0,0.0,4,164.75
8335.09,4.875,2410.0,1,10745.09,716.0,1.414,4,164.75
8335.09,4.875,2410.0,2,19080.18,211.75,0.433,4,164.75
8335.09,4.875,2410.0,3,27415.27,164.75,0.433,4,164.75
8335.09,4.875,2410.0,4,35750.36,157.5,0.5,4,164.75
8335.09,4.875,2415.0,0,2415.0,156.0,0.0,4,165.0
8335.09,4.875,2415.0,1,10750.09,715.25,1.92,4,165.0
8335.09,4.875,2415.0,2,19085.18,211.75,0.433,4,165.0
8335.09,4.875,2415.0,3,27420.27,165.0,0.0,3,165.0
8335.09,4.875,2415.0,4,35755.36,157.667,0.471,3,165.0
8335.09,4.875,2420.0,0,2420.0,155.75,0.433,4,165.0
8335.09,4.875,2420.0,1,10755.09,715.75,1.299,4,165.0
8335.09,4.875,2420.0,2,19090.18,211.75,0.433,4,165.0
8335.09,4.875,2420.0,3,27425.27,165.0,0.0,4,165.0
8335.09,4.875,2420.0,4,35760.36,157.5,0.5,4,165.0
8335.09,4.875,2425.0,0,2425.0,156.0,0.0,4,165.0
8335.09,4.875,2425.0,1,10760.09,716.0,1.871,4,165.0
8335.09,4.875,2425.0,2,19095.18,211.25,0.433,4,165.0
8335.09,4.875,2425.0,3,27430.27,165.0,0.0,3,165.0
8335.09,4.875,2425.0,4,35765.36,158.0,0.0,3,165.0
8335.09,4.875,2430.0,0,2430.0,156.0,0.0,4,164.75
8335.09,4.875,2430.0,1,10765.09,711.0,0.707,4,164.75
8335.09,4.875,2430.0,2,19100.18,211.5,0.5,4,164.75
8335.09,4.875,2430.0,3,27435.27,164.75,0.433,4,164.75
8335.09,4.875,2430.0,4,35770.36,157.75,0.433,4,164.75
8335.09,4.875,2435.0,0,2435.0,156.0,0.0,4,165.0
8335.09,4.875,2435.0,1,10770.09,713.25,0.433,4,165.0
8335.09,4.875,2435.0,2,19105.18,211.5,0.5,4,165.0
8335.09,4.875,2435.0,3,27440.27,165.0,0.0,3,165.0
8335.09,4.875,2435.0,4,35775.36,157.667,0.471,3,165.0
8335.09,4.875,2440.0,0,2440.0,156.0,0.0,4,165.0
8335.09,4.875,2440.0,1,10775.09,714.0,1.732,4,165.0
8335.09,4.875,2440.0,2,19110.18,211.75,0.433,4,165.0
8335.09,4.875,2440.0,3,27445.27,165.0,0.0,4,165.0
8335.09,4.875,2440.0,4,35780.36,157.667,0.471,3,165.0
8335.09,4.875,2445.0,0,2445.0,156.0,0.0,4,164.667
8335.09,4.875,2445.0,1,10780.09,712.667,0.471,3,164.667
8335.09,4.875,2445.0,2,19115.18,211.333,0.471,3,164.667
8335.09,4.875,2445.0,3,27450.27,164.667,0.471,3,164.667
8335.09,4.875,2445.0,4,35785.36,157.333,0.471,3,164.667
8335.09,4.875,2450.0,0,2450.0,155.25,0.433,4,164.5
8335.09,4.875,2450.0,1,10785.09,711.5,0.866,4,164.5
8335.09,4.875,2450.0,2,19120.18,211.25,0.433,4,164.5
8335.09,4.875,2450.0,3,27455.27,164.5,0.5,4,164.5
8335.09,4.875,2450.0,4,35790.36,157.0,0.0,3,164.5
8335.09,4.875,2455.0,0,2455.0,155.25,0.433,4,164.0
8335.09,4.875,2455.0,1,10790.09,710.333,1.247,3,164.0
8335.09,4.875,2455.0,2,19125.18,211.0,0.0,3,164.0
8335.09,4.875,2455.0,3,27460.27,164.0,0.0,3,164.0
8335.09,4.875,2455.0,4,35795.36,156.667,0.471,3,164.0
8335.09,4.875,2460.0,0,2460.0,155.0,0.0,4,164.0
8335.09,4.875,2460.0,1,10795.09,710.5,1.5,4,164.0
8335.09,4.875,2460.0,2,19130.18,210.25,0.433,4,164.0
8335.09,4.875,2460.0,3,27465.27,164.0,0.0,4,164.0
8335.09,4.875,2460.0,4,35800.36,156.75,0.433,4,164.0
8335.09,4.875,2465.0,0,2465.0,155.0,0.0,4,164.0
8335.09,4.875,2465.0,1,10800.09,710.0,1.414,3,164.0
8335.09,4.875,2465.0,2,19135.18,210.667,0.471,3,164.0
8335.09,4.875,2465.0,3,27470.27,164.0,0.0,3,164.0
8335.09,4.875,2465.0,4,35805.36,156.667,0.471,3,164.0
8335.09,4.875,2470.0,0,2470.0,155.0,0.0,4,163.667
8335.09,4.875,2470.0,1,10805.09,707.75,1.479,4,163.667
8335.09,4.875,2470.0,2,19140.18,210.5,0.5,4,163.667
8335.09,4.875,2470.0,3,27475.27,163.667,0.471,3,163.667
8335.09,4.875,2470.0,4,35810.36,156.333,0.471,3,163.667
8335.09,4.875,2475.0,0,2475.0,154.75,0.433,4,163.333
8335.09,4.875,2475.0,1,10810.09,705.667,0.471,3,163.333
8335.09,4.875,2475.0,2,19145.18,210.667,0.471,3,163.333
8335.09,4.875,2475.0,3,27480.27,163.333,0.471,3,163.333
8335.09,4.875,2475.0,4,35815.36,157.0,0.0,3,163.333
8335.09,4.875,2480.0,0,2480.0,154.75,0.433,4,163.333
8335.09,4.875,2480.0,1,10815.09,704.5,1.118,4,163.333
8335.09,4.875,2480.0,2,19150.18,210.75,0.433,4,163.333
8335.09,4.875,2480.0,3,27485.27,163.333,0.471,3,163.333
8335.09,4.875,2480.0,4,35820.36,156.333,0.471,3,163.333
8335.09,4.875,2485.0,0,2485.0,154.25,0.433,4,164.0
8335.09,4.875,2485.0,1,10820.09,704.667,1.247,3,164.0
8335.09,4.875,2485.0,2,19155.18,211.0,0.0,3,164.0
8335.09,4.875,2485.0,3,27490.27,164.0,0.0,3,164.0
8335.09,4.875,2485.0,4,35825.36,156.667,0.471,3,164.0
8335.09,4.875,2490.0,0,2490.0,154.5,0.5,4,163.333
8335.09,4.875,2490.0,1,10825.09,705.25,0.433,4,163.333
8335.09,4.875,2490.0,2,19160.18,210.75,0.433,4,163.333
8335.09,4.875,2490.0,3,27495.27,163.333,0.471,3,163.333
8335.09,4.875,2490.0,4,35830.36,156.0,0.0,3,163.333
8335.09,4.875,2495.0,0,2495.0,154.75,0.433,4,164.0
8335.09,4.875,2495.0,1,10830.09,703.333,0.943,3,164.0
8335.09,4.875,2495.0,2,19165.18,210.667,0.471,3,164.0
8335.09,4.875,2495.0,3,27500.27,164.0,0.0,3,164.0
8335.09,4.875,2495.0,4,35835.36,156.0,0.0,3,164.0
8335.09,4.875,2500.0,0,2500.0,154.75,0.433,4,163.333
8335.09,4.875,2500.0,1,10835.09,702.25,1.299,4,163.333
8335.09,4.875,2500.0,2,19170.18,211.0,0.0,4,163.333
8335.09,4.875,2500.0,3,27505.27,163.333,0.471,3,163.333
8335.09,4.875,2500.0,4,35840.36,156.333,0.471,3,163.333
8335.09,4.875,2505.0,0,2505.0,155.0,0.0,4,163.75
8335.09,4.875,2505.0,1,10840.09,703.0,1.225,4,163.75
8335.09,4.875,2505.0,2,19175.18,211.0,0.0,4,163.75
8335.09,4.875,2505.0,3,27510.27,163.75,0.433,4,163.75
8335.09,4.875,2505.0,4,35845.36,156.75,0.433,4,163.75
8335.09,4.875,2510.0,0,2510.0,155.0,0.0,4,164.0
8335.09,4.875,2510.0,1,10845.09,704.0,1.414,4,164.0
8335.09,4.875,2510.0,2,19180.18,211.0,0.0,4,164.0
8335.09,4.875,2510.0,3,27515.27,164.0,0.0,3,164.0
8335.09,4.875,2510.0,4,35850.36,157.0,0.0,3,164.0
8335.09,4.875,2515.0,0,2515.0,155.0,0.0,4,164.0
8335.09,4.875,2515.0,1,10850.09,701.0,1.414,4,164.0
8335.09,4.875,2515.0,2,19185.18,211.0,0.0,4,164.0
8335.09,4.875,2515.0,3,27520.27,164.0,0.0,4,164.0
8335.09,4.875,2515.0,4,35855.36,156.5,0.5,4,164.0
8335.09,4.875,2520.0,0,2520.0,154.75,0.433,4,164.0
8335.09,4.875,2520.0,1,10855.09,702.25,1.299,4,164.0
8335.09,4.875,2520.0,2,19190.18,211.0,0.0,4,164.0
8335.09,4.875,2520.0,3,27525.27,164.0,0.0,3,164.0
8335.09,4.875,2520.0,4,35860.36,156.667,0.471,3,164.0
8335.09,4.875,2525.0,0,2525.0,155.0,0.0,4,164.0
8335.09,4.875,2525.0,1,10860.09,700.75,2.861,4,164.0
8335.09,4.875,2525.0,2,19195.18,211.25,0.433,4,164.0
8335.09,4.875,2525.0,3,27530.27,164.0,0.0,4,164.0
8335.09,4.875,2525.0,4,35865.36,157.0,0.0,4,164.0
8335.09,4.875,2530.0,0,2530.0,155.0,0.0,4,164.333
8335.09,4.875,2530.0,1,10865.09,534.0,14.9,3,164.333
8335.09,4.875,2530.0,2,19200.18,216.333,0.943,3,164.333
8335.09,4.875,2530.0,3,27535.27,164.333,0.471,3,164.333
8335.09,4.875,2530.0,4,35870.36,157.0,0.0,3,164.333
8335.09,4.875,2535.0,0,2535.0,155.0,0.0,4,165.0
8335.09,4.875,2535.0,1,10870.09,480.75,0.433,4,165.0
8335.09,4.875,2535.0,2,19205.18,226.75,0.433,4,165.0
8335.09,4.875,2535.0,3,27540.27,165.0,0.0,4,165.0
8335.09,4.875,2535.0,4,35875.36,157.0,0.0,4,165.0
8335.09,4.875,2540.0,0,2540.0,155.0,0.0,4,165.0
8335.09,4.875,2540.0,1,10875.09,480.75,0.433,4,165.0
8335.09,4.875,2540.0,2,19210.18,227.5,0.5,4,165.0
8335.09,4.875,2540.0,3,27545.27,165.0,0.0,3,165.0
8335.09,4.875,2540.0,4,35880.36,157.0,0.0,3,165.0
8335.09,4.875,2545.0,0,2545.0,154.75,0.433,4,165.0
8335.09,4.875,2545.0,1,10880.09,480.0,0.0,4,165.0
8335.09,4.875,2545.0,2,19215.18,227.5,0.5,4,165.0
8335.09,4.875,2545.0,3,27550.27,165.0,0.0,4,165.0
8335.09,4.875,2545.0,4,35885.36,157.0,0.0,3,165.0
8335.09,4.875,2550.0,0,2550.0,155.0,0.0,4,165.0
8335.09,4.875,2550.0,1,10885.09,480.333,0.471,3,165.0
8335.09,4.875,2550.0,2,19220.18,227.667,0.471,3,165.0
8335.09,4.875,2550.0,3,27555.27,165.0,0.0,3,165.0
8335.09,4.875,2550.0,4,35890.36,157.0,0.0,3,165.0
8335.09,4.875,2555.0,0,2555.0,154.75,0.433,4,164.667
8335.09,4.875,2555.0,1,10890.09,480.75,0.829,4,164.667
8335.09,4.875,2555.0,2,19225.18,227.0,0.0,3,164.667
8335.09,4.875,2555.0,3,27560.27,164.667,0.471,3,164.667
8335.09,4.875,2555.0,4,35895.36,157.0,0.0,3,164.667
8335.09,4.875,2560.0,0,2560.0,155.0,0.0,4,165.0
8335.09,4.875,2560.0,1,10895.09,479.75,0.829,4,165.0
8335.09,4.875,2560.0,2,19230.18,227.5,0.5,4,165.0
8335.09,4.875,2560.0,3,27565.27,165.0,0.0,3,165.0
8335.09,4.875,2560.0,4,35900.36,157.0,0.0,3,165.0
8335.09,4.875,2565.0,0,2565.0,155.0,0.0,4,165.0
8335.09,4.875,2565.0,1,10900.09,479.5,0.5,4,165.0
8335.09,4.875,2565.0,2,19235.18,227.333,0.471,3,165.0
8335.09,4.875,2565.0,3,27570.27,165.0,0.0,3,165.0
8335.09,4.875,2565.0,4,35905.36,157.0,0.0,3,165.0
8335.09,4.875,2570.0,0,2570.0,155.0,0.0,4,165.333
8335.09,4.875,2570.0,1,10905.09,480.5,0.5,4,165.333
8335.09,4.875,2570.0,2,19240.18,227.25,0.433,4,165.333
8335.09,4.875,2570.0,3,27575.27,165.333,0.471,3,165.333
8335.09,4.875,2570.0,4,35910.36,157.0,0.0,3,165.333
8335.09,4.875,2575.0,0,2575.0,155.0,0.0,4,165.0
8335.09,4.875,2575.0,1,10910.09,480.5,0.866,4,165.0
8335.09,4.875,2575.0,2,19245.18,228.0,0.0,3,165.0
8335.09,4.875,2575.0,3,27580.27,165.0,0.0,3,165.0
8335.09,4.875,2575.0,4,35915.36,157.0,0.0,3,165.0
8335.09,4.875,2580.0,0,2580.0,155.0,0.0,4,165.0
8335.09,4.875,2580.0,1,10915.09,479.5,0.866,4,165.0
8335.09,4.875,2580.0,2,19250.18,227.75,0.433,4,165.0
8335.09,4.875,2580.0,3,27585.27,165.0,0.0,3,165.0
8335.09,4.875,2580.0,4,35920.36,157.0,0.0,3,165.0
8335.09,4.875,2585.0,0,2585.0,155.0,0.0,4,165.0
8335.09,4.875,2585.0,1,10920.09,480.0,0.707,4,165.0
8335.09,4.875,2585.0,2,19255.18,227.667,0.471,3,165.0
8335.09,4.875,2585.0,3,27590.27,165.0,0.0,3,165.0
8335.09,4.875,2585.0,4,35925.36,157.333,0.471,3,165.0
8335.09,4.875,2590.0,0,2590.0,155.0,0.0,4,165.0
8335.09,4.875,2590.0,1,10925.09,480.0,1.0,4,165.0
8335.09,4.875,2590.0,2,19260.18,227.75,0.433,4,165.0
8335.09,4.875,2590.0,3,27595.27,165.0,0.0,3,165.0
8335.09,4.875,2590.0,4,35930.36,157.0,0.0,3,165.0
8335.09,4.875,2595.0,0,2595.0,155.75,0.433,4,165.0
8335.09,4.875,2595.0,1,10930.09,480.667,0.471,3,165.0
8335.09,4.875,2595.0,2,19265.18,227.667,0.471,3,165.0
8335.09,4.875,2595.0,3,27600.27,165.0,0.0,3,165.0
8335.09,4.875,2595.0,4,35935.36,157.333,0.471,3,165.0
8335.09,4.875,2600.0,0,2600.0,155.75,0.433,4,165.25
8335.09,4.875,2600.0,1,10935.09,479.75,0.433,4,165.25
8335.09,4.875,2600.0,2,19270.18,227.75,0.433,4,165.25
8335.09,4.875,2600.0,3,27605.27,165.25,0.433,4,165.25
8335.09,4.875,2600.0,4,35940.36,157.0,0.0,4,165.25
8335.09,4.875,2605.0,0,2605.0,155.25,0.433,4,165.0
8335.09,4.875,2605.0,1,10940.09,479.5,1.118,4,165.0
8335.09,4.875,2605.0,2,19275.18,227.75,0.433,4,165.0
8335.09,4.875,2605.0,3,27610.27,165.0,0.0,4,165.0
8335.09,4.875,2605.0,4,35945.36,157.0,0.0,3,165.0
8335.09,4.875,2610.0,0,2610.0,155.5,0.5,4,165.0
8335.09,4.875,2610.0,1,10945.09,479.75,1.09,4,165.0
8335.09,4.875,2610.0,2,19280.18,228.0,0.0,4,165.0
8335.09,4.875,2610.0,3,27615.27,165.0,0.0,4,165.0
8335.09,4.875,2610.0,4,35950.36,157.0,0.0,4,165.0
8335.09,4.875,2615.0,0,2615.0,155.25,0.433,4,165.5
8335.09,4.875,2615.0,1,10950.09,479.75,1.09,4,165.5
8335.09,4.875,2615.0,2,19285.18,227.5,0.5,4,165.5
8335.09,4.875,2615.0,3,27620.27,165.5,0.5,4,165.5
8335.09,4.875,2615.0,4,35955.36,157.0,0.0,3,165.5
8335.09,4.875,2620.0,0,2620.0,155.25,0.433,4,165.25
8335.09,4.875,2620.0,1,10955.09,480.0,0.707,4,165.25
8335.09,4.875,2620.0,2,19290.18,228.0,0.0,4,165.25
8335.09,4.875,2620.0,3,27625.27,165.25,0.433,4,165.25
8335.09,4.875,2620.0,4,35960.36,157.5,0.5,4,165.25
8335.09,4.875,2625.0,0,2625.0,155.25,0.433,4,165.0
8335.09,4.875,2625.0,1,10960.09,480.5,0.866,4,165.0
8335.09,4.875,2625.0,2,19295.18,227.75,0.433,4,165.0
8335.09,4.875,2625.0,3,27630.27,165.0,0.0,4,165.0
8335.09,4.875,2625.0,4,35965.36,157.0,0.0,3,165.0
8335.09,4.875,2630.0,0,2630.0,155.0,0.0,4,165.0
8335.09,4.875,2630.0,1,10965.09,479.0,1.225,4,165.0
8335.09,4.875,2630.0,2,19300.18,228.0,0.0,3,165.0
8335.09,4.875,2630.0,3,27635.27,165.0,0.0,3,165.0
8335.09,4.875,2630.0,4,35970.36,157.333,0.471,3,165.0
8335.09,4.875,2635.0,0,2635.0,155.5,0.5,4,165.333
8335.09,4.875,2635.0,1,10970.09,479.667,0.471,3,165.333
8335.09,4.875,2635.0,2,19305.18,228.0,0.0,3,165.333
8335.09,4.875,2635.0,3,27640.27,165.333,0.471,3,165.333
8335.09,4.875,2635.0,4,35975.36,157.0,0.0,3,165.333
8335.09,4.875,2640.0,0,2640.0,155.25,0.433,4,165.0
8335.09,4.875,2640.0,1,10975.09,480.25,0.829,4,165.0
8335.09,4.875,2640.0,2,19310.18,228.0,0.0,3,165.0
8335.09,4.875,2640.0,3,27645.27,165.0,0.0,3,165.0
8335.09,4.875,2640.0,4,35980.36,157.0,0.0,3,165.0
8335.09,4.875,2645.0,0,2645.0,155.0,0.0,4,165.0
8335.09,4.875,2645.0,1,10980.09,480.667,0.943,3,165.0
8335.09,4.875,2645.0,2,19315.18,227.333,0.471,3,165.0
8335.09,4.875,2645.0,3,27650.27,165.0,0.0,3,165.0
8335.09,4.875,2645.0,4,35985.36,157.0,0.0,3,165.0
8335.09,4.875,2650.0,0,2650.0,155.0,0.0,4,165.0
8335.09,4.875,2650.0,1,10985.09,480.5,0.5,4,165.0
8335.09,4.875,2650.0,2,19320.18,228.0,0.0,3,165.0
8335.09,4.875,2650.0,3,27655.27,165.0,0.0,3,165.0
8335.09,4.875,2650.0,4,35990.36,157.0,0.0,3,165.0
8335.09,4.875,2655.0,0,2655.0,155.0,0.0,4,165.0
8335.09,4.875,2655.0,1,10990.09,480.0,0.0,3,165.0
8335.09,4.875,2655.0,2,19325.18,227.667,0.471,3,165.0
8335.09,4.875,2655.0,3,27660.27,165.0,0.0,3,165.0
8335.09,4.875,2655.0,4,35995.36,157.0,0.0,3,165.0
8335.09,4.875,2660.0,0,2660.0,155.0,0.0,4,165.0
8335.09,4.875,2660.0,1,10995.09,479.25,0.433,4,165.0
8335.09,4.875,2660.0,2,19330.18,228.0,0.0,4,165.0
8335.09,4.875,2660.0,3,27665.27,165.0,0.0,3,165.0
8335.09,4.875,2660.0,4,36000.36,157.0,0.0,3,165.0
8335.09,4.875,2665.0,0,2665.0,155.25,0.433,4,165.0
8335.09,4.875,2665.0,1,11000.09,480.333,0.471,3,165.0
8335.09,4.875,2665.0,2,19335.18,227.667,0.471,3,165.0
8335.09,4.875,2665.0,3,27670.27,165.0,0.0,3,165.0
8335.09,4.875,2665.0,4,36005.36,157.0,0.0,3,165.0
8335.09,4.875,2670.0,0,2670.0,155.0,0.0,4,165.0
8335.09,4.875,2670.0,1,11005.09,480.0,0.707,4,165.0
8335.09,4.875,2670.0,2,19340.18,227.5,0.5,4,165.0
8335.09,4.875,2670.0,3,27675.27,165.0,0.0,3,165.0
8335.09,4.875,2670.0,4,36010.36,157.333,0.471,3,165.0
8335.09,4.875,2675.0,0,2675.0,155.0,0.0,4,165.0
8335.09,4.875,2675.0,1,11010.09,479.75,0.433,4,165.0
8335.09,4.875,2675.0,2,19345.18,227.75,0.433,4,165.0
8335.09,4.875,2675.0,3,27680.27,165.0,0.0,4,165.0
8335.09,4.875,2675.0,4,36015.36,157.0,0.0,3,165.0
8335.09,4.875,2680.0,0,2680.0,155.25,0.433,4,165.0
8335.09,4.875,2680.0,1,11015.09,480.0,0.707,4,165.0
8335.09,4.875,2680.0,2,19350.18,228.0,0.0,3,165.0
8335.09,4.875,2680.0,3,27685.27,165.0,0.0,3,165.0
8335.09,4.875,2680.0,4,36020.36,157.0,0.0,3,165.0
8335.09,4.875,2685.0,0,2685.0,155.0,0.0,4,165.0
8335.09,4.875,2685.0,1,11020.09,480.0,0.707,4,165.0
8335.09,4.875,2685.0,2,19355.18,227.5,0.5,4,165.0
8335.09,4.875,2685.0,3,27690.27,165.0,0.0,4,165.0
8335.09,4.875,2685.0,4,36025.36,157.0,0.0,3,165.0
8335.09,4.875,2690.0,0,2690.0,155.0,0.0,4,165.333
8335.09,4.875,2690.0,1,11025.09,479.75,0.829,4,165.333
8335.09,4.875,2690.0,2,19360.18,228.0,0.0,3,165.333
8335.09,4.875,2690.0,3,27695.27,165.333,0.471,3,165.333
8335.09,4.875,2690.0,4,36030.36,157.0,0.0,3,165.333
8335.09,4.875,2695.0,0,2695.0,155.25,0.433,4,165.0
8335.09,4.875,2695.0,1,11030.09,479.5,0.5,4,165.0
8335.09,4.875,2695.0,2,19365.18,228.0,0.0,4,165.0
8335.09,4.875,2695.0,3,27700.27,165.0,0.0,4,165.0
8335.09,4.875,2695.0,4,36035.36,157.0,0.0,3,165.0
8335.09,4.875,2700.0,0,2700.0,155.0,0.0,4,165.333
8335.09,4.875,2700.0,1,11035.09,479.5,1.118,4,165.333
8335.09,4.875,2700.0,2,19370.18,227.667,0.471,3,165.333
8335.09,4.875,2700.0,3,27705.27,165.333,0.471,3,165.333
8335.09,4.875,2700.0,4,36040.36,157.333,0.471,3,165.333
8335.09,4.875,2705.0,0,2705.0,155.0,0.0,4,165.0
8335.09,4.875,2705.0,1,11040.09,479.25,0.829,4,165.0
8335.09,4.875,2705.0,2,19375.18,228.0,0.0,4,165.0
8335.09,4.875,2705.0,3,27710.27,165.0,0.0,4,165.0
8335.09,4.875,2705.0,4,36045.36,157.0,0.0,3,165.0
8335.09,4.875,2710.0,0,2710.0,155.75,0.433,4,165.333
8335.09,4.875,2710.0,1,11045.09,479.25,1.09,4,165.333
8335.09,4.875,2710.0,2,19380.18,228.0,0.0,4,165.333
8335.09,4.875,2710.0,3,27715.27,165.333,0.471,3,165.333
8335.09,4.875,2710.0,4,36050.36,157.0,0.0,3,165.333
8335.09,4.875,2715.0,0,2715.0,155.25,0.433,4,165.0
8335.09,4.875,2715.0,1,11050.09,479.0,0.707,4,165.0
8335.09,4.875,2715.0,2,19385.18,227.75,0.433,4,165.0
8335.09,4.875,2715.0,3,27720.27,165.0,0.0,4,165.0
8335.09,4.875,2715.0,4,36055.36,157.0,0.0,3,165.0
8335.09,4.875,2720.0,0,2720.0,155.25,0.433,4,165.0
8335.09,4.875,2720.0,1,11055.09,478.75,1.09,4,165.0
8335.09,4.875,2720.0,2,19390.18,227.75,0.433,4,165.0
8335.09,4.875,2720.0,3,27725.27,165.0,0.0,3,165.0
8335.09,4.875,2720.0,4,36060.36,157.0,0.0,3,165.0
8335.09,4.875,2725.0,0,2725.0,155.5,0.5,4,165.25
8335.09,4.875,2725.0,1,11060.09,479.0,0.0,4,165.25
8335.09,4.875,2725.0,2,19395.18,227.75,0.433,4,165.25
8335.09,4.875,2725.0,3,27730.27,165.25,0.433,4,165.25
8335.09,4.875,2725.0,4,36065.36,157.0,0.0,3,165.25
8335.09,4.875,2730.0,0,2730.0,155.25,0.433,4,165.0
8335.09,4.875,2730.0,1,11065.09,478.75,0.433,4,165.0
8335.09,4.875,2730.0,2,19400.18,228.0,0.0,4,165.0
8335.09,4.875,2730.0,3,27735.27,165.0,0.0,3,165.0
8335.09,4.875,2730.0,4,36070.36,157.0,0.0,3,165.0
8335.09,4.875,2735.0,0,2735.0,155.0,0.0,4,165.0
8335.09,4.875,2735.0,1,11070.09,479.75,0.433,4,165.0
8335.09,4.875,2735.0,2,19405.18,227.5,0.5,4,165.0
8335.09,4.875,2735.0,3,27740.27,165.0,0.0,4,165.0
8335.09,4.875,2735.0,4,36075.36,157.0,0.0,3,165.0
8335.09,4.875,2740.0,0,2740.0,155.25,0.433,4,165.0
8335.09,4.875,2740.0,1,11075.09,484.667,0.471,3,165.0
8335.09,4.875,2740.0,2,19410.18,223.667,0.471,3,165.0
8335.09,4.875,2740.0,3,27745.27,165.0,0.0,3,165.0
8335.09,4.875,2740.0,4,36080.36,157.0,0.0,3,165.0
8335.09,4.875,2745.0,0,2745.0,155.0,0.0,4,164.25
8335.09,4.875,2745.0,1,11080.09,571.75,10.545,4,164.25
8335.09,4.875,2745.0,2,19415.18,214.25,0.433,4,164.25
8335.09,4.875,2745.0,3,27750.27,164.25,0.433,4,164.25
8335.09,4.875,2745.0,4,36085.36,157.0,0.0,3,164.25
8335.09,4.875,2750.0,0,2750.0,155.0,0.0,4,164.0
8335.09,4.875,2750.0,1,11085.09,667.25,2.861,4,164.0
8335.09,4.875,2750.0,2,19420.18,212.0,0.0,4,164.0
8335.09,4.875,2750.0,3,27755.27,164.0,0.0,4,164.0
8335.09,4.875,2750.0,4,36090.36,157.0,0.0,4,164.0
8335.09,4.875,2755.0,0,2755.0,155.0,0.0,4,164.0
8335.09,4.875,2755.0,1,11090.09,670.333,12.97,3,164.0
8335.09,4.875,2755.0,2,19425.18,212.0,0.0,3,164.0
8335.09,4.875,2755.0,3,27760.27,164.0,0.0,3,164.0
8335.09,4.875,2755.0,4,36095.36,157.0,0.0,3,164.0
8335.09,4.875,2760.0,0,2760.0,155.0,0.0,4,164.0
8335.09,4.875,2760.0,1,11095.09,674.75,8.378,4,164.0
8335.09,4.875,2760.0,2,19430.18,211.5,0.5,4,164.0
8335.09,4.875,2760.0,3,27765.27,164.0,0.0,3,164.0
8335.09,4.875,2760.0,4,36100.36,157.0,0.0,3,164.0
8335.09,4.875,2765.0,0,2765.0,155.0,0.0,4,164.0
8335.09,4.875,2765.0,1,11100.09,664.0,10.033,3,164.0
8335.09,4.875,2765.0,2,19435.18,212.333,0.471,3,164.0
8335.09,4.875,2765.0,3,27770.27,164.0,0.0,3,164.0
8335.09,4.875,2765.0,4,36105.36,157.0,0.0,3,164.0
8335.09,4.875,2770.0,0,2770.0,155.25,0.433,4,164.333
8335.09,4.875,2770.0,1,11105.09,655.0,5.788,4,164.333
8335.09,4.875,2770.0,2,19440.18,212.0,0.0,3,164.333
8335.09,4.875,2770.0,3,27775.27,164.333,0.471,3,164.333
8335.09,4.875,2770.0,4,36110.36,157.0,0.0,3,164.333
8335.09,4.875,2775.0,0,2775.0,155.0,0.0,4,164.0
8335.09,4.875,2775.0,1,11110.09,652.5,3.354,4,164.0
8335.09,4.875,2775.0,2,19445.18,212.0,0.0,4,164.0
8335.09,4.875,2775.0,3,27780.27,164.0,0.0,4,164.0
8335.09,4.875,2775.0,4,36115.36,157.0,0.0,3,164.0
8335.09,4.875,2780.0,0,2780.0,155.0,0.0,4,164.0
8335.09,4.875,2780.0,1,11115.09,648.0,1.0,4,164.0
8335.09,4.875,2780.0,2,19450.18,212.0,0.0,3,164.0
8335.09,4.875,2780.0,3,27785.27,164.0,0.0,3,164.0
8335.09,4.875,2780.0,4,36120.36,157.0,0.0,3,164.0
8335.09,4.875,2785.0,0,2785.0,155.0,0.0,4,164.0
8335.09,4.875,2785.0,1,11120.09,647.75,1.785,4,164.0
8335.09,4.875,2785.0,2,19455.18,212.0,0.0,4,164.0
8335.09,4.875,2785.0,3,27790.27,164.0,0.0,4,164.0
8335.09,4.875,2785.0,4,36125.36,157.0,0.0,3,164.0
8335.09,4.875,2790.0,0,2790.0,155.0,0.0,4,164.0
8335.09,4.875,2790.0,1,11125.09,646.5,1.118,4,164.0
8335.09,4.875,2790.0,2,19460.18,212.0,0.0,3,164.0
8335.09,4.875,2790.0,3,27795.27,164.0,0.0,3,164.0
8335.09,4.875,2790.0,4,36130.36,157.0,0.0,3,164.0
8335.09,4.875,2795.0,0,2795.0,155.0,0.0,4,164.0
8335.09,4.875,2795.0,1,11130.09,647.25,0.829,4,164.0
8335.09,4.875,2795.0,2,19465.18,212.0,0.0,4,164.0
8335.09,4.875,2795.0,3,27800.27,164.0,0.0,4,164.0
8335.09,4.875,2795.0,4,36135.36,157.0,0.0,3,164.0
8335.09,4.875,2800.0,0,2800.0,155.0,0.0,4,164.0
8335.09,4.875,2800.0,1,11135.09,645.25,2.165,4,164.0
8335.09,4.875,2800.0,2,19470.18,211.333,0.471,3,164.0
8335.09,4.875,2800.0,3,27805.27,164.0,0.0,3,164.0
8335.09,4.875,2800.0,4,36140.36,157.0,0.0,3,164.0
8335.09,4.875,2805.0,0,2805.0,155.25,0.433,4,164.0
8335.09,4.875,2805.0,1,11140.09,646.0,2.16,3,164.0
8335.09,4.875,2805.0,2,19475.18,211.0,0.0,3,164.0
8335.09,4.875,2805.0,3,27810.27,164.0,0.0,3,164.0
8335.09,4.875,2805.0,4,36145.36,157.0,0.0,3,164.0
8335.09,4.875,2810.0,0,2810.0,155.0,0.0,4,164.0
8335.09,4.875,2810.0,1,11145.09,645.5,1.5,4,164.0
8335.09,4.875,2810.0,2,19480.18,211.0,0.0,4,164.0
8335.09,4.875,2810.0,3,27815.27,164.0,0.0,4,164.0
8335.09,4.875,2810.0,4,36150.36,157.0,0.0,3,164.0
8335.09,4.875,2815.0,0,2815.0,155.25,0.433,4,164.0
8335.09,4.875,2815.0,1,11150.09,647.333,0.943,3,164.0
8335.09,4.875,2815.0,2,19485.18,211.0,0.0,3,164.0
8335.09,4.875,2815.0,3,27820.27,164.0,0.0,3,164.0
8335.09,4.875,2815.0,4,36155.36,157.0,0.0,3,164.0
8335.09,4.875,2820.0,0,2820.0,154.75,0.433,4,164.0
8335.09,4.875,2820.0,1,11155.09,646.5,2.062,4,164.0
8335.09,4.875,2820.0,2,19490.18,210.25,0.433,4,164.0
8335.09,4.875,2820.0,3,27825.27,164.0,0.0,4,164.0
8335.09,4.875,2820.0,4,36160.36,157.0,0.0,3,164.0
8335.09,4.875,2825.0,0,2825.0,155.0,0.0,4,164.0
8335.09,4.875,2825.0,1,11160.09,647.0,1.633,3,164.0
8335.09,4.875,2825.0,2,19495.18,210.333,0.471,3,164.0
8335.09,4.875,2825.0,3,27830.27,164.0,0.0,3,164.0
8335.09,4.875,2825.0,4,36165.36,157.0,0.0,3,164.0
8335.09,4.875,2830.0,0,2830.0,155.0,0.0,4,164.0
8335.09,4.875,2830.0,1,11165.09,647.0,1.732,4,164.0
8335.09,4.875,2830.0,2,19500.18,210.0,0.0,4,164.0
8335.09,4.875,2830.0,3,27835.27,164.0,0.0,4,164.0
8335.09,4.875,2830.0,4,36170.36,157.0,0.0,3,164.0
8335.09,4.875,2835.0,0,2835.0,155.25,0.433,4,164.0
8335.09,4.875,2835.0,1,11170.09,646.0,0.0,3,164.0
8335.09,4.875,2835.0,2,19505.18,209.0,0.0,3,164.0
8335.09,4.875,2835.0,3,27840.27,164.0,0.0,3,164.0
8335.09,4.875,2835.0,4,36175.36,157.0,0.0,3,164.0
8335.09,4.875,2840.0,0,2840.0,155.0,0.0,4,164.0
8335.09,4.875,2840.0,1,11175.09,645.25,1.299,4,164.0
8335.09,4.875,2840.0,2,19510.18,209.0,0.0,3,164.0
8335.09,4.875,2840.0,3,27845.27,164.0,0.0,3,164.0
8335.09,4.875,2840.0,4,36180.36,157.0,0.0,3,164.0
8335.09,4.875,2845.0,0,2845.0,155.0,0.0,4,164.0
8335.09,4.875,2845.0,1,11180.09,645.333,0.943,3,164.0
8335.09,4.875,2845.0,2,19515.18,208.667,0.471,3,164.0
8335.09,4.875,2845.0,3,27850.27,164.0,0.0,3,164.0
8335.09,4.875,2845.0,4,36185.36,157.0,0.0,3,164.0
8335.09,4.875,2850.0,0,2850.0,155.25,0.433,4,163.667
8335.09,4.875,2850.0,1,11185.09,646.0,1.581,4,163.667
8335.09,4.875,2850.0,2,19520.18,208.333,0.471,3,163.667
8335.09,4.875,2850.0,3,27855.27,163.667,0.471,3,163.667
8335.09,4.875,2850.0,4,36190.36,157.0,0.0,3,163.667
8335.09,4.875,2855.0,0,2855.0,155.0,0.0,4,164.0
8335.09,4.875,2855.0,1,11190.09,646.667,0.943,3,164.0
8335.09,4.875,2855.0,2,19525.18,207.667,0.471,3,164.0
8335.09,4.875,2855.0,3,27860.27,164.0,0.0,3,164.0
8335.09,4.875,2855.0,4,36195.36,157.0,0.0,3,164.0
8335.09,4.875,2860.0,0,2860.0,155.0,0.0,4,163.667
8335.09,4.875,2860.0,1,11195.09,647.25,0.433,4,163.667
8335.09,4.875,2860.0,2,19530.18,206.75,0.433,4,163.667
8335.09,4.875,2860.0,3,27865.27,163.667,0.471,3,163.667
8335.09,4.875,2860.0,4,36200.36,157.0,0.0,3,163.667
8335.09,4.875,2865.0,0,2865.0,155.0,0.0,4,163.667
8335.09,4.875,2865.0,1,11200.09,646.333,1.7,3,163.667
8335.09,4.875,2865.0,2,19535.18,206.333,0.471,3,163.667
8335.09,4.875,2865.0,3,27870.27,163.667,0.471,3,163.667
8335.09,4.875,2865.0,4,36205.36,157.0,0.0,3,163.667
8335.09,4.875,2870.0,0,2870.0,155.25,0.433,4,164.0
8335.09,4.875,2870.0,1,11205.09,645.5,0.5,4,164.0
8335.09,4.875,2870.0,2,19540.18,206.0,0.0,4,164.0
8335.09,4.875,2870.0,3,27875.27,164.0,0.0,3,164.0
8335.09,4.875,2870.0,4,36210.36,157.0,0.0,3,164.0
8335.09,4.875,2875.0,0,2875.0,155.75,0.433,4,164.0
8335.09,4.875,2875.0,1,11210.09,646.75,0.829,4,164.0
8335.09,4.875,2875.0,2,19545.18,205.5,0.5,4,164.0
8335.09,4.875,2875.0,3,27880.27,164.0,0.0,4,164.0
8335.09,4.875,2875.0,4,36215.36,157.0,0.0,4,164.0
8335.09,4.875,2880.0,0,2880.0,155.0,0.0,4,164.0
8335.09,4.875,2880.0,1,11215.09,646.0,1.633,3,164.0
8335.09,4.875,2880.0,2,19550.18,205.0,0.0,3,164.0
8335.09,4.875,2880.0,3,27885.27,164.0,0.0,3,164.0
8335.09,4.875,2880.0,4,36220.36,157.0,0.0,3,164.0
8335.09,4.875,2885.0,0,2885.0,155.25,0.433,4,164.0
8335.09,4.875,2885.0,1,11220.09,645.5,1.118,4,164.0
8335.09,4.875,2885.0,2,19555.18,204.0,0.0,4,164.0
8335.09,4.875,2885.0,3,27890.27,164.0,0.0,4,164.0
8335.09,4.875,2885.0,4,36225.36,157.0,0.0,4,164.0
8335.09,4.875,2890.0,0,2890.0,155.0,0.0,4,163.0
8335.09,4.875,2890.0,1,11225.09,647.0,1.414,3,163.0
8335.09,4.875,2890.0,2,19560.18,204.0,0.0,3,163.0
8335.09,4.875,2890.0,3,27895.27,163.0,0.0,3,163.0
8335.09,4.875,2890.0,4,36230.36,156.667,0.471,3,163.0
8335.09,4.875,2895.0,0,2895.0,155.0,0.0,4,163.5
8335.09,4.875,2895.0,1,11230.09,647.5,1.118,4,163.5
8335.09,4.875,2895.0,2,19565.18,203.0,0.0,4,163.5
8335.09,4.875,2895.0,3,27900.27,163.5,0.5,4,163.5
8335.09,4.875,2895.0,4,36235.36,157.0,0.0,3,163.5
8335.09,4.875,2900.0,0,2900.0,155.0,0.0,4,163.0
8335.09,4.875,2900.0,1,11235.09,647.667,1.247,3,163.0
8335.09,4.875,2900.0,2,19570.18,203.0,0.0,3,163.0
8335.09,4.875,2900.0,3,27905.27,163.0,0.0,3,163.0
8335.09,4.875,2900.0,4,36240.36,156.667,0.471,3,163.0
8335.09,4.875,2905.0,0,2905.0,155.0,0.0,4,163.333
8335.09,4.875,2905.0,1,11240.09,646.75,1.639,4,163.333
8335.09,4.875,2905.0,2,19575.18,202.0,0.0,3,163.333
8335.09,4.875,2905.0,3,27910.27,163.333,0.471,3,163.333
8335.09,4.875,2905.0,4,36245.36,156.333,0.471,3,163.333
8335.09,4.875,2910.0,0,2910.0,155.0,0.0,4,163.0
8335.09,4.875,2910.0,1,11245.09,645.25,1.09,4,163.0
8335.09,4.875,2910.0,2,19580.18,202.0,0.0,4,163.0
8335.09,4.875,2910.0,3,27915.27,163.0,0.0,3,163.0
8335.09,4.875,2910.0,4,36250.36,157.0,0.0,3,163.0
8335.09,4.875,2915.0,0,2915.0,155.0,0.0,4,163.0
8335.09,4.875,2915.0,1,11250.09,647.5,1.118,4,163.0
8335.09,4.875,2915.0,2,19585.18,202.0,0.0,3,163.0
8335.09,4.875,2915.0,3,27920.27,163.0,0.0,3,163.0
8335.09,4.875,2915.0,4,36255.36,156.667,0.471,3,163.0
8335.09,4.875,2920.0,0,2920.0,155.0,0.0,4,163.0
8335.09,4.875,2920.0,1,11255.09,647.75,1.479,4,163.0
8335.09,4.875,2920.0,2,19590.18,201.0,0.0,4,163.0
8335.09,4.875,2920.0,3,27925.27,163.0,0.0,3,163.0
8335.09,4.875,2920.0,4,36260.36,156.667,0.471,3,163.0
8335.09,4.875,2925.0,0,2925.0,155.0,0.0,4,163.0
8335.09,4.875,2925.0,1,11260.09,646.75,1.479,4,163.0
8335.09,4.875,2925.0,2,19595.18,200.667,0.471,3,163.0
8335.09,4.875,2925.0,3,27930.27,163.0,0.0,3,163.0
8335.09,4.875,2925.0,4,36265.36,157.0,0.0,3,163.0
8335.09,4.875,2930.0,0,2930.0,155.0,0.0,4,163.0
8335.09,4.875,2930.0,1,11265.09,647.25,0.829,4,163.0
8335.09,4.875,2930.0,2,19600.18,200.0,0.0,4,163.0
8335.09,4.875,2930.0,3,27935.27,163.0,0.0,3,163.0
8335.09,4.875,2930.0,4,36270.36,157.0,0.0,3,163.0
8335.09,4.875,2935.0,0,2935.0,155.25,0.433,4,163.5
8335.09,4.875,2935.0,1,11270.09,648.25,0.829,4,163.5
8335.09,4.875,2935.0,2,19605.18,200.0,0.0,4,163.5
8335.09,4.875,2935.0,3,27940.27,163.5,0.5,4,163.5
8335.09,4.875,2935.0,4,36275.36,157.0,0.0,4,163.5
8335.09,4.875,2940.0,0,2940.0,155.0,0.0,4,163.0
8335.09,4.875,2940.0,1,11275.09,647.5,0.866,4,163.0
8335.09,4.875,2940.0,2,19610.18,199.25,0.433,4,163.0
8335.09,4.875,2940.0,3,27945.27,163.0,0.0,3,163.0
8335.09,4.875,2940.0,4,36280.36,156.667,0.471,3,163.0
8335.09,4.875,2945.0,0,2945.0,155.25,0.433,4,163.0
8335.09,4.875,2945.0,1,11280.09,646.667,0.943,3,163.0
8335.09,4.875,2945.0,2,19615.18,199.0,0.0,3,163.0
8335.09,4.875,2945.0,3,27950.27,163.0,0.0,3,163.0
8335.09,4.875,2945.0,4,36285.36,157.0,0.0,3,163.0
8335.09,4.875,2950.0,0,2950.0,155.0,0.0,4,163.0
8335.09,4.875,2950.0,1,11285.09,646.0,1.0,4,163.0
8335.09,4.875,2950.0,2,19620.18,198.5,0.5,4,163.0
8335.09,4.875,2950.0,3,27955.27,163.0,0.0,3,163.0
8335.09,4.875,2950.0,4,36290.36,157.0,0.0,3,163.0
8335.09,4.875,2955.0,0,2955.0,155.0,0.0,4,163.0
8335.09,4.875,2955.0,1,11290.09,648.0,0.707,4,163.0
8335.09,4.875,2955.0,2,19625.18,198.0,0.0,3,163.0
8335.09,4.875,2955.0,3,27960.27,163.0,0.0,3,163.0
8335.09,4.875,2955.0,4,36295.36,157.0,0.0,3,163.0
8335.09,4.875,2960.0,0,2960.0,155.0,0.0,4,163.0
8335.09,4.875,2960.0,1,11295.09,647.0,0.707,4,163.0
8335.09,4.875,2960.0,2,19630.18,198.0,0.0,4,163.0
8335.09,4.875,2960.0,3,27965.27,163.0,0.0,4,163.0
8335.09,4.875,2960.0,4,36300.36,156.75,0.433,4,163.0
8335.09,4.875,2965.0,0,2965.0,155.0,0.0,4,163.0
8335.09,4.875,2965.0,1,11300.09,647.5,0.866,4,163.0
8335.09,4.875,2965.0,2,19635.18,197.333,0.471,3,163.0
8335.09,4.875,2965.0,3,27970.27,163.0,0.0,3,163.0
8335.09,4.875,2965.0,4,36305.36,157.0,0.0,3,163.0
8335.09,4.875,2970.0,0,2970.0,155.0,0.0,4,162.75
8335.09,4.875,2970.0,1,11305.09,647.5,0.866,4,162.75
8335.09,4.875,2970.0,2,19640.18,196.75,0.433,4,162.75
8335.09,4.875,2970.0,3,27975.27,162.75,0.433,4,162.75
8335.09,4.875,2970.0,4,36310.36,156.5,0.5,4,162.75
8335.09,4.875,2975.0,0,2975.0,155.0,0.0,4,163.0
8335.09,4.875,2975.0,1,11310.09,648.25,1.299,4,163.0
8335.09,4.875,2975.0,2,19645.18,196.0,0.0,3,163.0
8335.09,4.875,2975.0,3,27980.27,163.0,0.0,3,163.0
8335.09,4.875,2975.0,4,36315.36,156.667,0.471,3,163.0
8335.09,4.875,2980.0,0,2980.0,155.0,0.0,4,162.5
8335.09,4.875,2980.0,1,11315.09,647.25,0.829,4,162.5
8335.09,4.875,2980.0,2,19650.18,196.0,0.0,4,162.5
8335.09,4.875,2980.0,3,27985.27,162.5,0.5,4,162.5
8335.09,4.875,2980.0,4,36320.36,157.0,0.0,4,162.5
8335.09,4.875,2985.0,0,2985.0,155.0,0.0,4,163.0
8335.09,4.875,2985.0,1,11320.09,648.75,0.433,4,163.0
8335.09,4.875,2985.0,2,19655.18,195.667,0.471,3,163.0
8335.09,4.875,2985.0,3,27990.27,163.0,0.0,3,163.0
8335.09,4.875,2985.0,4,36325.36,156.667,0.471,3,163.0
8335.09,4.875,2990.0,0,2990.0,155.0,0.0,4,163.0
8335.09,4.875,2990.0,1,11325.09,647.25,0.829,4,163.0
8335.09,4.875,2990.0,2,19660.18,195.0,0.0,4,163.0
8335.09,4.875,2990.0,3,27995.27,163.0,0.0,4,163.0
8335.09,4.875,2990.0,4,36330.36,156.0,0.0,4,163.0
8335.09,4.875,2995.0,0,2995.0,155.0,0.0,4,162.667
8335.09,4.875,2995.0,1,11330.09,649.5,1.5,4,162.667
8335.09,4.875,2995.0,2,19665.18,194.667,0.471,3,162.667
8335.09,4.875,2995.0,3,28000.27,162.667,0.471,3,162.667
8335.09,4.875,2995.0,4,36335.36,156.0,0.0,3,162.667
8335.09,4.875,3000.0,0,3000.0,155.0,0.0,4,163.0
8335.09,4.875,3000.0,1,11335.09,649.5,1.5,4,163.0
8335.09,4.875,3000.0,2,19670.18,194.25,0.433,4,163.0
8335.09,4.875,3000.0,3,28005.27,163.0,0.0,4,163.0
8335.09,4.875,3000.0,4,36340.36,157.0,0.0,4,163.0
8335.09,4.875,3005.0,0,3005.0,155.0,0.0,4,162.333
8335.09,4.875,3005.0,1,11340.09,649.0,1.225,4,162.333
8335.09,4.875,3005.0,2,19675.18,194.0,0.0,3,162.333
8335.09,4.875,3005.0,3,28010.27,162.333,0.471,3,162.333
8335.09,4.875,3005.0,4,36345.36,157.0,0.0,3,162.333
8335.09,4.875,3010.0,0,3010.0,155.0,0.0,4,162.25
8335.09,4.875,3010.0,1,11345.09,649.5,0.5,4,162.25
8335.09,4.875,3010.0,2,19680.18,193.75,0.433,4,162.25
8335.09,4.875,3010.0,3,28015.27,162.25,0.433,4,162.25
8335.09,4.875,3010.0,4,36350.36,156.75,0.433,4,162.25
8335.09,4.875,3015.0,0,3015.0,155.0,0.0,4,162.333
8335.09,4.875,3015.0,1,11350.09,649.25,1.299,4,162.333
8335.09,4.875,3015.0,2,19685.18,193.0,0.0,3,162.333
8335.09,4.875,3015.0,3,28020.27,162.333,0.471,3,162.333
8335.09,4.875,3015.0,4,36355.36,156.333,0.471,3,162.333
8335.09,4.875,3020.0,0,3020.0,155.0,0.0,4,162.25
8335.09,4.875,3020.0,1,11355.09,649.75,1.299,4,162.25
8335.09,4.875,3020.0,2,19690.18,192.75,0.433,4,162.25
8335.09,4.875,3020.0,3,28025.27,162.25,0.433,4,162.25
8335.09,4.875,3020.0,4,36360.36,156.5,0.5,4,162.25
8335.09,4.875,3025.0,0,3025.0,155.0,0.0,4,162.667
8335.09,4.875,3025.0,1,11360.09,648.667,0.943,3,162.667
8335.09,4.875,3025.0,2,19695.18,192.667,0.471,3,162.667
8335.09,4.875,3025.0,3,28030.27,162.667,0.471,3,162.667
8335.09,4.875,3025.0,4,36365.36,156.667,0.471,3,162.667
8335.09,4.875,3030.0,0,3030.0,155.0,0.0,4,162.25
8335.09,4.875,3030.0,1,11365.09,647.25,0.829,4,162.25
8335.09,4.875,3030.0,2,19700.18,192.5,0.5,4,162.25
8335.09,4.875,3030.0,3,28035.27,162.25,0.433,4,162.25
8335.09,4.875,3030.0,4,36370.36,156.75,0.433,4,162.25
8335.09,4.875,3035.0,0,3035.0,155.0,0.0,4,162.333
8335.09,4.875,3035.0,1,11370.09,647.667,1.247,3,162.333
8335.09,4.875,3035.0,2,19705.18,192.0,0.0,3,162.333
8335.09,4.875,3035.0,3,28040.27,162.333,0.471,3,162.333
8335.09,4.875,3035.0,4,36375.36,156.667,0.471,3,162.333
8335.09,4.875,3040.0,0,3040.0,155.0,0.0,4,162.25
8335.09,4.875,3040.0,1,11375.09,650.25,0.829,4,162.25
8335.09,4.875,3040.0,2,19710.18,192.0,0.0,4,162.25
8335.09,4.875,3040.0,3,28045.27,162.25,0.433,4,162.25
8335.09,4.875,3040.0,4,36380.36,156.0,0.0,4,162.25
8335.09,4.875,3045.0,0,3045.0,155.0,0.0,4,162.0
8335.09,4.875,3045.0,1,11380.09,649.333,0.471,3,162.0
8335.09,4.875,3045.0,2,19715.18,191.667,0.471,3,162.0
8335.09,4.875,3045.0,3,28050.27,162.0,0.0,3,162.0
8335.09,4.875,3045.0,4,36385.36,156.667,0.471,3,162.0
8335.09,4.875,3050.0,0,3050.0,155.0,0.0,4,162.0
8335.09,4.875,3050.0,1,11385.09,648.25,0.433,4,162.0
8335.09,4.875,3050.0,2,19720.18,191.25,0.433,4,162.0
8335.09,4.875,3050.0,3,28055.27,162.0,0.0,3,162.0
8335.09,4.875,3050.0,4,36390.36,156.333,0.471,3,162.0
8335.09,4.875,3055.0,0,3055.0,155.0,0.0,4,162.25
8335.09,4.875,3055.0,1,11390.09,649.0,1.0,4,162.25
8335.09,4.875,3055.0,2,19725.18,191.25,0.433,4,162.25
8335.09,4.875,3055.0,3,28060.27,162.25,0.433,4,162.25
8335.09,4.875,3055.0,4,36395.36,156.667,0.471,3,162.25
8335.09,4.875,3060.0,0,3060.0,155.25,0.433,4,162.0
8335.09,4.875,3060.0,1,11395.09,647.5,1.118,4,162.0
8335.09,4.875,3060.0,2,19730.18,191.0,0.0,4,162.0
8335.09,4.875,3060.0,3,28065.27,162.0,0.0,4,162.0
8335.09,4.875,3060.0,4,36400.36,156.75,0.433,4,162.0
8335.09,4.875,3065.0,0,3065.0,155.25,0.433,4,162.0
8335.09,4.875,3065.0,1,11400.09,648.75,1.09,4,162.0
8335.09,4.875,3065.0,2,19735.18,191.25,0.433,4,162.0
8335.09,4.875,3065.0,3,28070.27,162.0,0.0,4,162.0
8335.09,4.875,3065.0,4,36405.36,156.667,0.471,3,162.0
8335.09,4.875,3070.0,0,3070.0,155.25,0.433,4,162.25
8335.09,4.875,3070.0,1,11405.09,647.25,0.829,4,162.25
8335.09,4.875,3070.0,2,19740.18,191.0,0.0,4,162.25
8335.09,4.875,3070.0,3,28075.27,162.25,0.433,4,162.25
8335.09,4.875,3070.0,4,36410.36,156.5,0.5,4,162.25
8335.09,4.875,3075.0,0,3075.0,155.0,0.0,4,162.0
8335.09,4.875,3075.0,1,11410.09,646.5,0.5,4,162.0
8335.09,4.875,3075.0,2,19745.18,190.75,0.433,4,162.0
8335.09,4.875,3075.0,3,28080.27,162.0,0.0,3,162.0
8335.09,4.875,3075.0,4,36415.36,156.0,0.0,3,162.0
8335.09,4.875,3080.0,0,3080.0,155.0,0.0,4,162.0
8335.09,4.875,3080.0,1,11415.09,645.25,1.639,4,162.0
8335.09,4.875,3080.0,2,19750.18,191.0,0.0,4,162.0
8335.09,4.875,3080.0,3,28085.27,162.0,0.0,4,162.0
8335.09,4.875,3080.0,4,36420.36,157.0,0.0,4,162.0
8335.09,4.875,3085.0,0,3085.0,155.0,0.0,4,162.0
8335.09,4.875,3085.0,1,11420.09,645.25,0.829,4,162.0
8335.09,4.875,3085.0,2,19755.18,191.0,0.0,4,162.0
8335.09,4.875,3085.0,3,28090.27,162.0,0.0,3,162.0
8335.09,4.875,3085.0,4,36425.36,157.0,0.0,3,162.0
8335.09,4.875,3090.0,0,3090.0,155.25,0.433,4,162.0
8335.09,4.875,3090.0,1,11425.09,645.75,0.433,4,162.0
8335.09,4.875,3090.0,2,19760.18,190.75,0.433,4,162.0
8335.09,4.875,3090.0,3,28095.27,162.0,0.0,4,162.0
8335.09,4.875,3090.0,4,36430.36,157.0,0.0,4,162.0
8335.09,4.875,3095.0,0,3095.0,155.25,0.433,4,162.0
8335.09,4.875,3095.0,1,11430.09,645.0,1.225,4,162.0
8335.09,4.875,3095.0,2,19765.18,191.0,0.0,4,162.0
8335.09,4.875,3095.0,3,28100.27,162.0,0.0,3,162.0
8335.09,4.875,3095.0,4,36435.36,156.0,0.0,3,162.0
8335.09,4.875,3100.0,0,3100.0,155.0,0.0,4,162.0
8335.09,4.875,3100.0,1,11435.09,645.25,0.829,4,162.0
8335.09,4.875,3100.0,2,19770.18,191.0,0.0,3,162.0
8335.09,4.875,3100.0,3,28105.27,162.0,0.0,3,162.0
8335.09,4.875,3100.0,4,36440.36,156.333,0.471,3,162.0
8335.09,4.875,3105.0,0,3105.0,155.0,0.0,4,162.0
8335.09,4.875,3105.0,1,11440.09,643.0,1.225,4,162.0
8335.09,4.875,3105.0,2,19775.18,191.0,0.0,4,162.0
8335.09,4.875,3105.0,3,28110.27,162.0,0.0,4,162.0
8335.09,4.875,3105.0,4,36445.36,156.667,0.471,3,162.0
8335.09,4.875,3110.0,0,3110.0,155.0,0.0,4,162.0
8335.09,4.875,3110.0,1,11445.09,643.75,0.829,4,162.0
8335.09,4.875,3110.0,2,19780.18,190.75,0.433,4,162.0
8335.09,4.875,3110.0,3,28115.27,162.0,0.0,4,162.0
8335.09,4.875,3110.0,4,36450.36,156.25,0.433,4,162.0
8335.09,4.875,3115.0,0,3115.0,155.0,0.0,4,162.0
8335.09,4.875,3115.0,1,11450.09,643.0,1.0,4,162.0
8335.09,4.875,3115.0,2,19785.18,191.0,0.0,4,162.0
8335.09,4.875,3115.0,3,28120.27,162.0,0.0,4,162.0
8335.09,4.875,3115.0,4,36455.36,156.0,0.0,3,162.0
8335.09,4.875,3120.0,0,3120.0,155.0,0.0,4,162.0
8335.09,4.875,3120.0,1,11455.09,641.5,1.118,4,162.0
8335.09,4.875,3120.0,2,19790.18,191.0,0.0,4,162.0
8335.09,4.875,3120.0,3,28125.27,162.0,0.0,4,162.0
8335.09,4.875,3120.0,4,36460.36,156.5,0.5,4,162.0
8335.09,4.875,3125.0,0,3125.0,155.0,0.0,4,162.333
8335.09,4.875,3125.0,1,11460.09,640.5,1.118,4,162.333
8335.09,4.875,3125.0,2,19795.18,191.0,0.0,4,162.333
8335.09,4.875,3125.0,3,28130.27,162.333,0.471,3,162.333
8335.09,4.875,3125.0,4,36465.36,156.333,0.471,3,162.333
8335.09,4.875,3130.0,0,3130.0,155.0,0.0,4,162.0
8335.09,4.875,3130.0,1,11465.09,639.5,0.5,4,162.0
8335.09,4.875,3130.0,2,19800.18,191.25,0.433,4,162.0
8335.09,4.875,3130.0,3,28135.27,162.0,0.0,4,162.0
8335.09,4.875,3130.0,4,36470.36,156.25,0.433,4,162.0
8335.09,4.875,3135.0,0,3135.0,155.25,0.433,4,162.333
8335.09,4.875,3135.0,1,11470.09,641.25,0.829,4,162.333
8335.09,4.875,3135.0,2,19805.18,190.75,0.433,4,162.333
8335.09,4.875,3135.0,3,28140.27,162.333,0.471,3,162.333
8335.09,4.875,3135.0,4,36475.36,156.667,0.471,3,162.333
8335.09,4.875,3140.0,0,3140.0,155.0,0.0,4,162.25
8335.09,4.875,3140.0,1,11475.09,639.0,1.0,4,162.25
8335.09,4.875,3140.0,2,19810.18,191.0,0.0,4,162.25
8335.09,4.875,3140.0,3,28145.27,162.25,0.433,4,162.25
8335.09,4.875,3140.0,4,36480.36,156.667,0.471,3,162.25
8335.09,4.875,3145.0,0,3145.0,155.0,0.0,4,162.0
8335.09,4.875,3145.0,1,11480.09,591.0,8.631,4,162.0
8335.09,4.875,3145.0,2,19815.18,192.75,0.433,4,162.0
8335.09,4.875,3145.0,3,28150.27,162.0,0.0,3,162.0
8335.09,4.875,3145.0,4,36485.36,156.0,0.0,3,162.0
8335.09,4.875,3150.0,0,3150.0,155.25,0.433,4,162.75
8335.09,4.875,3150.0,1,11485.09,549.0,3.391,4,162.75
8335.09,4.875,3150.0,2,19820.18,195.5,0.5,4,162.75
8335.09,4.875,3150.0,3,28155.27,162.75,0.433,4,162.75
8335.09,4.875,3150.0,4,36490.36,157.0,0.0,3,162.75
8335.09,4.875,3155.0,0,3155.0,155.0,0.0,4,163.25
8335.09,4.875,3155.0,1,11490.09,534.0,0.0,4,163.25
8335.09,4.875,3155.0,2,19825.18,201.25,0.433,4,163.25
8335.09,4.875,3155.0,3,28160.27,163.25,0.433,4,163.25
8335.09,4.875,3155.0,4,36495.36,157.0,0.0,4,163.25
8335.09,4.875,3160.0,0,3160.0,155.0,0.0,4,163.0
8335.09,4.875,3160.0,1,11495.09,534.0,0.707,4,163.0
8335.09,4.875,3160.0,2,19830.18,201.333,0.471,3,163.0
8335.09,4.875,3160.0,3,28165.27,163.0,0.0,3,163.0
8335.09,4.875,3160.0,4,36500.36,157.0,0.0,3,163.0
8335.09,4.875,3165.0,0,3165.0,155.25,0.433,4,163.5
8335.09,4.875,3165.0,1,11500.09,533.25,0.433,4,163.5
8335.09,4.875,3165.0,2,19835.18,201.75,0.433,4,163.5
8335.09,4.875,3165.0,3,28170.27,163.5,0.5,4,163.5
8335.09,4.875,3165.0,4,36505.36,157.0,0.0,4,163.5
8335.09,4.875,3170.0,0,3170.0,155.0,0.0,4,163.333
8335.09,4.875,3170.0,1,11505.09,533.5,0.5,4,163.333
8335.09,4.875,3170.0,2,19840.18,201.0,0.0,3,163.333
8335.09,4.875,3170.0,3,28175.27,163.333,0.471,3,163.333
8335.09,4.875,3170.0,4,36510.36,156.667,0.471,3,163.333
8335.09,4.875,3175.0,0,3175.0,155.25,0.433,4,163.0
8335.09,4.875,3175.0,1,11510.09,533.25,1.299,4,163.0
8335.09,4.875,3175.0,2,19845.18,201.75,0.433,4,163.0
8335.09,4.875,3175.0,3,28180.27,163.0,0.0,3,163.0
8335.09,4.875,3175.0,4,36515.36,157.0,0.0,3,163.0
8335.09,4.875,3180.0,0,3180.0,155.5,0.5,4,163.0
8335.09,4.875,3180.0,1,11515.09,533.5,0.866,4,163.0
8335.09,4.875,3180.0,2,19850.18,201.667,0.471,3,163.0
8335.09,4.875,3180.0,3,28185.27,163.0,0.0,3,163.0
8335.09,4.875,3180.0,4,36520.36,157.0,0.0,3,163.0
8335.09,4.875,3185.0,0,3185.0,155.0,0.0,4,163.333
8335.09,4.875,3185.0,1,11520.09,534.25,0.829,4,163.333
8335.09,4.875,3185.0,2,19855.18,201.5,0.5,4,163.333
8335.09,4.875,3185.0,3,28190.27,163.333,0.471,3,163.333
8335.09,4.875,3185.0,4,36525.36,157.0,0.0,3,163.333
8335.09,4.875,3190.0,0,3190.0,155.0,0.0,4,163.333
8335.09,4.875,3190.0,1,11525.09,533.333,0.471,3,163.333
8335.09,4.875,3190.0,2,19860.18,201.0,0.0,3,163.333
8335.09,4.875,3190.0,3,28195.27,163.333,0.471,3,163.333
8335.09,4.875,3190.0,4,36530.36,157.0,0.0,3,163.333
8335.09,4.875,3195.0,0,3195.0,155.0,0.0,4,163.333
8335.09,4.875,3195.0,1,11530.09,533.25,0.829,4,163.333
8335.09,4.875,3195.0,2,19865.18,201.25,0.433,4,163.333
8335.09,4.875,3195.0,3,28200.27,163.333,0.471,3,163.333
8335.09,4.875,3195.0,4,36535.36,157.0,0.0,3,163.333
8335.09,4.875,3200.0,0,3200.0,155.0,0.0,4,163.0
8335.09,4.875,3200.0,1,11535.09,533.667,0.471,3,163.0
8335.09,4.875,3200.0,2,19870.18,201.333,0.471,3,163.0
8335.09,4.875,3200.0,3,28205.27,163.0,0.0,3,163.0
8335.09,4.875,3200.0,4,36540.36,157.0,0.0,3,163.0
8335.09,4.875,3205.0,0,3205.0,155.0,0.0,4,163.25
8335.09,4.875,3205.0,1,11540.09,533.0,1.225,4,163.25
8335.09,4.875,3205.0,2,19875.18,201.5,0.5,4,163.25
8335.09,4.875,3205.0,3,28210.27,163.25,0.433,4,163.25
8335.09,4.875,3205.0,4,36545.36,157.0,0.0,4,163.25
8335.09,4.875,3210.0,0,3210.0,155.0,0.0,4,163.333
8335.09,4.875,3210.0,1,11545.09,533.25,0.433,4,163.333
8335.09,4.875,3210.0,2,19880.18,201.667,0.471,3,163.333
8335.09,4.875,3210.0,3,28215.27,163.333,0.471,3,163.333
8335.09,4.875,3210.0,4,36550.36,157.0,0.0,3,163.333
8335.09,4.875,3215.0,0,3215.0,155.25,0.433,4,163.5
8335.09,4.875,3215.0,1,11550.09,533.75,0.829,4,163.5
8335.09,4.875,3215.0,2,19885.18,201.75,0.433,4,163.5
8335.09,4.875,3215.0,3,28220.27,163.5,0.5,4,163.5
8335.09,4.875,3215.0,4,36555.36,157.0,0.0,4,163.5
8335.09,4.875,3220.0,0,3220.0,155.0,0.0,4,163.25
8335.09,4.875,3220.0,1,11555.09,533.5,0.5,4,163.25
8335.09,4.875,3220.0,2,19890.18,202.0,0.0,4,163.25
8335.09,4.875,3220.0,3,28225.27,163.25,0.433,4,163.25
8335.09,4.875,3220.0,4,36560.36,157.0,0.0,3,163.25
8335.09,4.875,3225.0,0,3225.0,155.0,0.0,4,163.5
8335.09,4.875,3225.0,1,11560.09,533.25,0.829,4,163.5
8335.09,4.875,3225.0,2,19895.18,201.5,0.5,4,163.5
8335.09,4.875,3225.0,3,28230.27,163.5,0.5,4,163.5
8335.09,4.875,3225.0,4,36565.36,157.0,0.0,4,163.5
8335.09,4.875,3230.0,0,3230.0,155.0,0.0,4,163.0
8335.09,4.875,3230.0,1,11565.09,533.25,0.433,4,163.0
8335.09,4.875,3230.0,2,19900.18,202.0,0.0,3,163.0
8335.09,4.875,3230.0,3,28235.27,163.0,0.0,3,163.0
8335.09,4.875,3230.0,4,36570.36,156.667,0.471,3,163.0
8335.09,4.875,3235.0,0,3235.0,155.0,0.0,4,163.5
8335.09,4.875,3235.0,1,11570.09,533.5,0.5,4,163.5
8335.09,4.875,3235.0,2,19905.18,201.5,0.5,4,163.5
8335.09,4.875,3235.0,3,28240.27,163.5,0.5,4,163.5
8335.09,4.875,3235.0,4,36575.36,157.0,0.0,4,163.5
8335.09,4.875,3240.0,0,3240.0,155.0,0.0,4,164.0
8335.09,4.875,3240.0,1,11575.09,533.333,1.247,3,164.0
8335.09,4.875,3240.0,2,19910.18,202.0,0.0,3,164.0
8335.09,4.875,3240.0,3,28245.27,164.0,0.0,3,164.0
8335.09,4.875,3240.0,4,36580.36,157.0,0.0,3,164.0
8335.09,4.875,3245.0,0,3245.0,155.25,0.433,4,163.25
8335.09,4.875,3245.0,1,11580.09,534.0,0.0,4,163.25
8335.09,4.875,3245.0,2,19915.18,201.75,0.433,4,163.25
8335.09,4.875,3245.0,3,28250.27,163.25,0.433,4,163.25
8335.09,4.875,3245.0,4,36585.36,157.0,0.0,4,163.25
8335.09,4.875,3250.0,0,3250.0,155.0,0.0,4,163.333
8335.09,4.875,3250.0,1,11585.09,533.667,0.943,3,163.333
8335.09,4.875,3250.0,2,19920.18,201.667,0.471,3,163.333
8335.09,4.875,3250.0,3,28255.27,163.333,0.471,3,163.333
8335.09,4.875,3250.0,4,36590.36,157.0,0.0,3,163.333
8335.09,4.875,3255.0,0,3255.0,155.0,0.0,4,163.5
8335.09,4.875,3255.0,1,11590.09,533.75,0.433,4,163.5
8335.09,4.875,3255.0,2,19925.18,201.25,0.433,4,163.5
8335.09,4.875,3255.0,3,28260.27,163.5,0.5,4,163.5
8335.09,4.875,3255.0,4,36595.36,156.75,0.433,4,163.5
8335.09,4.875,3260.0,0,3260.0,155.25,0.433,4,163.667
8335.09,4.875,3260.0,1,11595.09,532.75,0.829,4,163.667
8335.09,4.875,3260.0,2,19930.18,202.0,0.0,3,163.667
8335.09,4.875,3260.0,3,28265.27,163.667,0.471,3,163.667
8335.09,4.875,3260.0,4,36600.36,157.0,0.0,3,163.667
8335.09,4.875,3265.0,0,3265.0,155.0,0.0,4,163.5
8335.09,4.875,3265.0,1,11600.09,534.0,0.707,4,163.5
8335.09,4.875,3265.0,2,19935.18,202.0,0.0,4,163.5
8335.09,4.875,3265.0,3,28270.27,163.5,0.5,4,163.5
8335.09,4.875,3265.0,4,36605.36,156.75,0.433,4,163.5
8335.09,4.875,3270.0,0,3270.0,155.0,0.0,4,163.0
8335.09,4.875,3270.0,1,11605.09,535.0,0.816,3,163.0
8335.09,4.875,3270.0,2,19940.18,201.667,0.471,3,163.0
8335.09,4.875,3270.0,3,28275.27,163.0,0.0,3,163.0
8335.09,4.875,3270.0,4,36610.36,157.0,0.0,3,163.0
8335.09,4.875,3275.0,0,3275.0,155.0,0.0,4,163.0
8335.09,4.875,3275.0,1,11610.09,533.75,0.433,4,163.0
8335.09,4.875,3275.0,2,19945.18,201.0,0.0,4,163.0
8335.09,4.875,3275.0,3,28280.27,163.0,0.0,3,163.0
8335.09,4.875,3275.0,4,36615.36,157.0,0.0,3,163.0
8335.09,4.875,3280.0,0,3280.0,155.0,0.0,4,163.0
8335.09,4.875,3280.0,1,11615.09,533.667,2.055,3,163.0
8335.09,4.875,3280.0,2,19950.18,201.333,0.471,3,163.0
8335.09,4.875,3280.0,3,28285.27,163.0,0.0,3,163.0
8335.09,4.875,3280.0,4,36620.36,156.333,0.471,3,163.0
8335.09,4.875,3285.0,0,3285.0,155.0,0.0,4,163.0
8335.09,4.875,3285.0,1,11620.09,534.0,1.225,4,163.0
8335.09,4.875,3285.0,2,19955.18,201.75,0.433,4,163.0
8335.09,4.875,3285.0,3,28290.27,163.0,0.0,3,163.0
8335.09,4.875,3285.0,4,36625.36,157.0,0.0,3,163.0
8335.09,4.875,3290.0,0,3290.0,155.0,0.0,4,163.0
8335.09,4.875,3290.0,1,11625.09,534.5,0.5,4,163.0
8335.09,4.875,3290.0,2,19960.18,201.75,0.433,4,163.0
8335.09,4.875,3290.0,3,28295.27,163.0,0.0,4,163.0
8335.09,4.875,3290.0,4,36630.36,156.667,0.471,3,163.0
8335.09,4.875,3295.0,0,3295.0,155.0,0.0,4,163.0
8335.09,4.875,3295.0,1,11630.09,534.0,0.707,4,163.0
8335.09,4.875,3295.0,2,19965.18,201.0,0.0,4,163.0
8335.09,4.875,3295.0,3,28300.27,163.0,0.0,3,163.0
8335.09,4.875,3295.0,4,36635.36,156.667,0.471,3,163.0
8335.09,4.875,3300.0,0,3300.0,155.0,0.0,4,163.5
8335.09,4.875,3300.0,1,11635.09,534.75,0.433,4,163.5
8335.09,4.875,3300.0,2,19970.18,201.0,0.0,4,163.5
8335.09,4.875,3300.0,3,28305.27,163.5,0.5,4,163.5
8335.09,4.875,3300.0,4,36640.36,157.0,0.0,3,163.5
8335.09,4.875,3305.0,0,3305.0,155.0,0.0,4,163.0
8335.09,4.875,3305.0,1,11640.09,534.25,0.829,4,163.0
8335.09,4.875,3305.0,2,19975.18,201.0,0.0,4,163.0
8335.09,4.875,3305.0,3,28310.27,163.0,0.0,4,163.0
8335.09,4.875,3305.0,4,36645.36,156.75,0.433,4,163.0
8335.09,4.875,3310.0,0,3310.0,155.0,0.0,4,163.0
8335.09,4.875,3310.0,1,11645.09,534.75,1.299,4,163.0
8335.09,4.875,3310.0,2,19980.18,201.0,0.0,3,163.0
8335.09,4.875,3310.0,3,28315.27,163.0,0.0,3,163.0
8335.09,4.875,3310.0,4,36650.36,156.667,0.471,3,163.0
8335.09,4.875,3315.0,0,3315.0,155.0,0.0,4,163.25
8335.09,4.875,3315.0,1,11650.09,534.5,0.5,4,163.25
8335.09,4.875,3315.0,2,19985.18,201.25,0.433,4,163.25
8335.09,4.875,3315.0,3,28320.27,163.25,0.433,4,163.25
8335.09,4.875,3315.0,4,36655.36,156.75,0.433,4,163.25
8335.09,4.875,3320.0,0,3320.0,155.0,0.0,4,163.333
8335.09,4.875,3320.0,1,11655.09,534.25,0.829,4,163.333
8335.09,4.875,3320.0,2,19990.18,201.333,0.471,3,163.333
8335.09,4.875,3320.0,3,28325.27,163.333,0.471,3,163.333
8335.09,4.875,3320.0,4,36660.36,157.0,0.0,3,163.333
8335.09,4.875,3325.0,0,3325.0,155.0,0.0,4,163.333
8335.09,4.875,3325.0,1,11660.09,535.25,0.829,4,163.333
8335.09,4.875,3325.0,2,19995.18,201.5,0.5,4,163.333
8335.09,4.875,3325.0,3,28330.27,163.333,0.471,3,163.333
8335.09,4.875,3325.0,4,36665.36,156.667,0.471,3,163.333
8335.09,4.875,3330.0,0,3330.0,155.0,0.0,4,163.333
8335.09,4.875,3330.0,1,11665.09,534.333,0.471,3,163.333
8335.09,4.875,3330.0,2,20000.18,201.667,0.471,3,163.333
8335.09,4.875,3330.0,3,28335.27,163.333,0.471,3,163.333
8335.09,4.875,3330.0,4,36670.36,156.667,0.471,3,163.333
8335.09,4.875,3335.0,0,3335.0,155.0,0.0,4,163.0
8335.09,4.875,3335.0,1,11670.09,534.0,1.225,4,163.0
8335.09,4.875,3335.0,2,20005.18,201.0,0.0,4,163.0
8335.09,4.875,3335.0,3,28340.27,163.0,0.0,3,163.0
8335.09,4.875,3335.0,4,36675.36,157.0,0.0,3,163.0
8335.09,4.875,3340.0,0,3340.0,155.0,0.0,4,163.0
8335.09,4.875,3340.0,1,11675.09,534.333,0.471,3,163.0
8335.09,4.875,3340.0,2,20010.18,201.333,0.471,3,163.0
8335.09,4.875,3340.0,3,28345.27,163.0,0.0,3,163.0
8335.09,4.875,3340.0,4,36680.36,156.667,0.471,3,163.0
8335.09,4.875,3345.0,0,3345.0,155.0,0.0,4,163.667
8335.09,4.875,3345.0,1,11680.09,534.75,0.433,4,163.667
8335.09,4.875,3345.0,2,20015.18,201.25,0.433,4,163.667
8335.09,4.875,3345.0,3,28350.27,163.667,0.471,3,163.667
8335.09,4.875,3345.0,4,36685.36,156.667,0.471,3,163.667
8335.09,4.875,3350.0,0,3350.0,155.0,0.0,4,163.0
8335.09,4.875,3350.0,1,11685.09,534.667,0.471,3,163.0
8335.09,4.875,3350.0,2,20020.18,201.333,0.471,3,163.0
8335.09,4.875,3350.0,3,28355.27,163.0,0.0,3,163.0
8335.09,4.875,3350.0,4,36690.36,157.0,0.0,3,163.0
8335.09,4.875,3355.0,0,3355.0,155.0,0.0,4,163.0
8335.09,4.875,3355.0,1,11690.09,534.5,0.866,4,163.0
8335.09,4.875,3355.0,2,20025.18,201.75,0.433,4,163.0
8335.09,4.875,3355.0,3,28360.27,163.0,0.0,4,163.0
8335.09,4.875,3355.0,4,36695.36,156.75,0.433,4,163.0
8335.09,4.875,3360.0,0,3360.0,155.0,0.0,4,163.25
8335.09,4.875,3360.0,1,11695.09,535.0,0.707,4,163.25
8335.09,4.875,3360.0,2,20030.18,201.5,0.5,4,163.25
8335.09,4.875,3360.0,3,28365.27,163.25,0.433,4,163.25
8335.09,4.875,3360.0,4,36700.36,157.0,0.0,3,163.25
8335.09,4.875,3365.0,0,3365.0,155.0,0.0,4,163.0
8335.09,4.875,3365.0,1,11700.09,535.0,0.707,4,163.0
8335.09,4.875,3365.0,2,20035.18,201.25,0.433,4,163.0
8335.09,4.875,3365.0,3,28370.27,163.0,0.0,4,163.0
8335.09,4.875,3365.0,4,36705.36,156.75,0.433,4,163.0
8335.09,4.875,3370.0,0,3370.0,155.0,0.0,4,163.0
8335.09,4.875,3370.0,1,11705.09,543.5,2.179,4,163.0
8335.09,4.875,3370.0,2,20040.18,196.667,0.471,3,163.0
8335.09,4.875,3370.0,3,28375.27,163.0,0.0,3,163.0
8335.09,4.875,3370.0,4,36710.36,156.0,0.0,3,163.0
8335.09,4.875,3375.0,0,3375.0,155.0,0.0,4,162.75
8335.09,4.875,3375.0,1,11710.09,556.0,1.581,4,162.75
8335.09,4.875,3375.0,2,20045.18,194.25,0.433,4,162.75
8335.09,4.875,3375.0,3,28380.27,162.75,0.433,4,162.75
8335.09,4.875,3375.0,4,36715.36,156.333,0.471,3,162.75
8335.09,4.875,3380.0,0,3380.0,155.0,0.0,4,162.5
8335.09,4.875,3380.0,1,11715.09,554.5,1.118,4,162.5
8335.09,4.875,3380.0,2,20050.18,194.25,0.433,4,162.5
8335.09,4.875,3380.0,3,28385.27,162.5,0.5,4,162.5
8335.09,4.875,3380.0,4,36720.36,156.75,0.433,4,162.5
8335.09,4.875,3385.0,0,3385.0,155.0,0.0,4,162.333
8335.09,4.875,3385.0,1,11720.09,555.0,2.236,4,162.333
8335.09,4.875,3385.0,2,20055.18,194.333,0.471,3,162.333
8335.09,4.875,3385.0,3,28390.27,162.333,0.471,3,162.333
8335.09,4.875,3385.0,4,36725.36,156.333,0.471,3,162.333
8335.09,4.875,3390.0,0,3390.0,155.0,0.0,4,162.75
8335.09,4.875,3390.0,1,11725.09,552.75,1.785,4,162.75
8335.09,4.875,3390.0,2,20060.18,194.5,0.5,4,162.75
8335.09,4.875,3390.0,3,28395.27,162.75,0.433,4,162.75
8335.09,4.875,3390.0,4,36730.36,157.0,0.0,4,162.75
8335.09,4.875,3395.0,0,3395.0,155.0,0.0,4,162.667
8335.09,4.875,3395.0,1,11730.09,554.5,0.866,4,162.667
8335.09,4.875,3395.0,2,20065.18,194.333,0.471,3,162.667
8335.09,4.875,3395.0,3,28400.27,162.667,0.471,3,162.667
8335.09,4.875,3395.0,4,36735.36,156.333,0.471,3,162.667
8335.09,4.875,3400.0,0,3400.0,155.0,0.0,4,163.0
8335.09,4.875,3400.0,1,11735.09,544.75,2.773,4,163.0
8335.09,4.875,3400.0,2,20070.18,196.0,0.707,4,163.0
8335.09,4.875,3400.0,3,28405.27,163.0,0.0,4,163.0
8335.09,4.875,3400.0,4,36740.36,156.25,0.433,4,163.0
8335.09,4.875,3405.0,0,3405.0,155.0,0.0,4,163.0
8335.09,4.875,3405.0,1,11740.09,537.0,0.707,4,163.0
8335.09,4.875,3405.0,2,20075.18,199.25,0.433,4,163.0
8335.09,4.875,3405.0,3,28410.27,163.0,0.0,4,163.0
8335.09,4.875,3405.0,4,36745.36,156.333,0.471,3,163.0
8335.09,4.875,3410.0,0,3410.0,155.0,0.0,4,163.0
8335.09,4.875,3410.0,1,11745.09,535.0,0.0,3,163.0
8335.09,4.875,3410.0,2,20080.18,200.667,0.471,3,163.0
8335.09,4.875,3410.0,3,28415.27,163.0,0.0,3,163.0
8335.09,4.875,3410.0,4,36750.36,156.333,0.471,3,163.0
8335.09,4.875,3415.0,0,3415.0,155.0,0.0,4,163.0
8335.09,4.875,3415.0,1,11750.09,535.5,0.5,4,163.0
8335.09,4.875,3415.0,2,20085.18,201.0,0.0,4,163.0
8335.09,4.875,3415.0,3,28420.27,163.0,0.0,4,163.0
8335.09,4.875,3415.0,4,36755.36,156.333,0.471,3,163.0
8335.09,4.875,3420.0,0,3420.0,155.0,0.0,4,163.0
8335.09,4.875,3420.0,1,11755.09,534.25,0.829,4,163.0
8335.09,4.875,3420.0,2,20090.18,201.0,0.0,4,163.0
8335.09,4.875,3420.0,3,28425.27,163.0,0.0,4,163.0
8335.09,4.875,3420.0,4,36760.36,156.5,0.5,4,163.0
8335.09,4.875,3425.0,0,3425.0,155.0,0.0,4,163.0
8335.09,4.875,3425.0,1,11760.09,534.75,0.829,4,163.0
8335.09,4.875,3425.0,2,20095.18,201.0,0.0,4,163.0
8335.09,4.875,3425.0,3,28430.27,163.0,0.0,4,163.0
8335.09,4.875,3425.0,4,36765.36,156.333,0.471,3,163.0
8335.09,4.875,3430.0,0,3430.0,154.75,0.433,4,163.0
8335.09,4.875,3430.0,1,11765.09,533.75,0.829,4,163.0
8335.09,4.875,3430.0,2,20100.18,201.0,0.0,4,163.0
8335.09,4.875,3430.0,3,28435.27,163.0,0.0,4,163.0
8335.09,4.875,3430.0,4,36770.36,156.5,0.5,4,163.0
8335.09,4.875,3435.0,0,3435.0,155.0,0.0,4,163.25
8335.09,4.875,3435.0,1,11770.09,534.5,0.5,4,163.25
8335.09,4.875,3435.0,2,20105.18,201.25,0.433,4,163.25
8335.09,4.875,3435.0,3,28440.27,163.25,0.433,4,163.25
8335.09,4.875,3435.0,4,36775.36,156.667,0.471,3,163.25
8335.09,4.875,3440.0,0,3440.0,155.0,0.0,4,163.25
8335.09,4.875,3440.0,1,11775.09,534.75,0.433,4,163.25
8335.09,4.875,3440.0,2,20110.18,200.75,0.433,4,163.25
8335.09,4.875,3440.0,3,28445.27,163.25,0.433,4,163.25
8335.09,4.875,3440.0,4,36780.36,156.25,0.433,4,163.25
8335.09,4.875,3445.0,0,3445.0,155.0,0.0,4,163.0
8335.09,4.875,3445.0,1,11780.09,534.75,0.433,4,163.0
8335.09,4.875,3445.0,2,20115.18,201.333,0.471,3,163.0
8335.09,4.875,3445.0,3,28450.27,163.0,0.0,3,163.0
8335.09,4.875,3445.0,4,36785.36,156.333,0.471,3,163.0
8335.09,4.875,3450.0,0,3450.0,155.0,0.0,4,163.0
8335.09,4.875,3450.0,1,11785.09,535.0,0.707,4,163.0
8335.09,4.875,3450.0,2,20120.18,201.25,0.433,4,163.0
8335.09,4.875,3450.0,3,28455.27,163.0,0.0,4,163.0
8335.09,4.875,3450.0,4,36790.36,156.0,0.0,4,163.0
8335.09,4.875,3455.0,0,3455.0,155.0,0.0,4,163.25
8335.09,4.875,3455.0,1,11790.09,534.5,1.118,4,163.25
8335.09,4.875,3455.0,2,20125.18,201.25,0.433,4,163.25
8335.09,4.875,3455.0,3,28460.27,163.25,0.433,4,163.25
8335.09,4.875,3455.0,4,36795.36,156.333,0.471,3,163.25
8335.09,4.875,3460.0,0,3460.0,155.0,0.0,4,163.0
8335.09,4.875,3460.0,1,11795.09,534.5,0.5,4,163.0
8335.09,4.875,3460.0,2,20130.18,201.0,0.0,4,163.0
8335.09,4.875,3460.0,3,28465.27,163.0,0.0,3,163.0
8335.09,4.875,3460.0,4,36800.36,156.667,0.471,3,163.0
8335.09,4.875,3465.0,0,3465.0,155.0,0.0,4,163.25
8335.09,4.875,3465.0,1,11800.09,534.5,0.5,4,163.25
8335.09,4.875,3465.0,2,20135.18,201.0,0.0,4,163.25
8335.09,4.875,3465.0,3,28470.27,163.25,0.433,4,163.25
8335.09,4.875,3465.0,4,36805.36,156.667,0.471,3,163.25
8335.09,4.875,3470.0,0,3470.0,155.0,0.0,4,163.0
8335.09,4.875,3470.0,1,11805.09,534.0,0.816,3,163.0
8335.09,4.875,3470.0,2,20140.18,201.333,0.471,3,163.0
8335.09,4.875,3470.0,3,28475.27,163.0,0.0,3,163.0
8335.09,4.875,3470.0,4,36810.36,156.0,0.0,3,163.0
8335.09,4.875,3475.0,0,3475.0,155.0,0.0,4,163.0
8335.09,4.875,3475.0,1,11810.09,534.75,0.433,4,163.0
8335.09,4.875,3475.0,2,20145.18,201.0,0.0,4,163.0
8335.09,4.875,3475.0,3,28480.27,163.0,0.0,4,163.0
8335.09,4.875,3475.0,4,36815.36,156.333,0.471,3,163.0
8335.09,4.875,3480.0,0,3480.0,155.0,0.0,4,163.0
8335.09,4.875,3480.0,1,11815.09,534.75,0.433,4,163.0
8335.09,4.875,3480.0,2,20150.18,201.0,0.0,4,163.0
8335.09,4.875,3480.0,3,28485.27,163.0,0.0,4,163.0
8335.09,4.875,3480.0,4,36820.36,156.5,0.5,4,163.0
8335.09,4.875,3485.0,0,3485.0,155.0,0.0,4,163.0
8335.09,4.875,3485.0,1,11820.09,535.0,0.707,4,163.0
8335.09,4.875,3485.0,2,20155.18,201.0,0.0,4,163.0
8335.09,4.875,3485.0,3,28490.27,163.0,0.0,4,163.0
8335.09,4.875,3485.0,4,36825.36,156.333,0.471,3,163.0
8335.09,4.875,3490.0,0,3490.0,155.0,0.0,4,163.0
8335.09,4.875,3490.0,1,11825.09,535.25,0.433,4,163.0
8335.09,4.875,3490.0,2,20160.18,200.75,0.433,4,163.0
8335.09,4.875,3490.0,3,28495.27,163.0,0.0,4,163.0
8335.09,4.875,3490.0,4,36830.36,156.25,0.433,4,163.0
8335.09,4.875,3495.0,0,3495.0,155.0,0.0,4,163.0
8335.09,4.875,3495.0,1,11830.09,536.25,0.829,4,163.0
8335.09,4.875,3495.0,2,20165.18,200.75,0.433,4,163.0
8335.09,4.875,3495.0,3,28500.27,163.0,0.0,4,163.0
8335.09,4.875,3495.0,4,36835.36,156.667,0.471,3,163.0
8335.09,4.875,3500.0,0,3500.0,155.0,0.0,4,163.0
8335.09,4.875,3500.0,1,11835.09,536.25,0.433,4,163.0
8335.09,4.875,3500.0,2,20170.18,200.5,0.5,4,163.0
8335.09,4.875,3500.0,3,28505.27,163.0,0.0,4,163.0
8335.09,4.875,3500.0,4,36840.36,156.25,0.433,4,163.0
8335.09,4.875,3505.0,0,3505.0,155.0,0.0,4,163.0
8335.09,4.875,3505.0,1,11840.09,537.75,0.829,4,163.0
8335.09,4.875,3505.0,2,20175.18,200.0,0.0,4,163.0
8335.09,4.875,3505.0,3,28510.27,163.0,0.0,4,163.0
8335.09,4.875,3505.0,4,36845.36,156.5,0.5,4,163.0
8335.09,4.875,3510.0,0,3510.0,155.0,0.0,4,163.0
8335.09,4.875,3510.0,1,11845.09,538.25,0.433,4,163.0
8335.09,4.875,3510.0,2,20180.18,200.0,0.0,4,163.0
8335.09,4.875,3510.0,3,28515.27,163.0,0.0,3,163.0
8335.09,4.875,3510.0,4,36850.36,156.333,0.471,3,163.0
8335.09,4.875,3515.0,0,3515.0,154.5,0.5,4,163.0
8335.09,4.875,3515.0,1,11850.09,540.25,0.433,4,163.0
8335.09,4.875,3515.0,2,20185.18,199.5,0.5,4,163.0
8335.09,4.875,3515.0,3,28520.27,163.0,0.0,4,163.0
8335.09,4.875,3515.0,4,36855.36,156.25,0.433,4,163.0
8335.09,4.875,3520.0,0,3520.0,155.0,0.0,4,163.0
8335.09,4.875,3520.0,1,11855.09,540.75,0.433,4,163.0
8335.09,4.875,3520.0,2,20190.18,199.25,0.433,4,163.0
8335.09,4.875,3520.0,3,28525.27,163.0,0.0,3,163.0
8335.09,4.875,3520.0,4,36860.36,156.0,0.0,3,163.0
8335.09,4.875,3525.0,0,3525.0,155.0,0.0,4,163.0
8335.09,4.875,3525.0,1,11860.09,542.5,0.866,4,163.0
8335.09,4.875,3525.0,2,20195.18,198.5,0.5,4,163.0
8335.09,4.875,3525.0,3,28530.27,163.0,0.0,4,163.0
8335.09,4.875,3525.0,4,36865.36,156.0,0.0,3,163.0
8335.09,4.875,3530.0,0,3530.0,155.0,0.0,4,163.0
8335.09,4.875,3530.0,1,11865.09,544.0,0.0,4,163.0
8335.09,4.875,3530.0,2,20200.18,198.0,0.0,4,163.0
8335.09,4.875,3530.0,3,28535.27,163.0,0.0,3,163.0
8335.09,4.875,3530.0,4,36870.36,156.0,0.0,3,163.0
8335.09,4.875,3535.0,0,3535.0,155.0,0.0,4,162.75
8335.09,4.875,3535.0,1,11870.09,545.75,1.09,4,162.75
8335.09,4.875,3535.0,2,20205.18,197.5,0.5,4,162.75
8335.09,4.875,3535.0,3,28540.27,162.75,0.433,4,162.75
8335.09,4.875,3535.0,4,36875.36,156.333,0.471,3,162.75
8335.09,4.875,3540.0,0,3540.0,155.0,0.0,4,162.667
8335.09,4.875,3540.0,1,11875.09,547.25,0.829,4,162.667
8335.09,4.875,3540.0,2,20210.18,197.0,0.0,4,162.667
8335.09,4.875,3540.0,3,28545.27,162.667,0.471,3,162.667
8335.09,4.875,3540.0,4,36880.36,156.0,0.0,3,162.667
8335.09,4.875,3545.0,0,3545.0,155.0,0.0,4,162.5
8335.09,4.875,3545.0,1,11880.09,549.0,0.707,4,162.5
8335.09,4.875,3545.0,2,20215.18,196.0,0.0,4,162.5
8335.09,4.875,3545.0,3,28550.27,162.5,0.5,4,162.5
8335.09,4.875,3545.0,4,36885.36,156.0,0.0,3,162.5
8335.09,4.875,3550.0,0,3550.0,155.0,0.0,4,162.333
8335.09,4.875,3550.0,1,11885.09,551.25,0.829,4,162.333
8335.09,4.875,3550.0,2,20220.18,195.0,0.0,3,162.333
8335.09,4.875,3550.0,3,28555.27,162.333,0.471,3,162.333
8335.09,4.875,3550.0,4,36890.36,156.333,0.471,3,162.333
8335.09,4.875,3555.0,0,3555.0,155.0,0.0,4,162.0
8335.09,4.875,3555.0,1,11890.09,552.5,0.5,4,162.0
8335.09,4.875,3555.0,2,20225.18,194.667,0.471,3,162.0
8335.09,4.875,3555.0,3,28560.27,162.0,0.0,3,162.0
8335.09,4.875,3555.0,4,36895.36,156.0,0.0,3,162.0
8335.09,4.875,3560.0,0,3560.0,154.75,0.433,4,162.0
8335.09,4.875,3560.0,1,11895.09,555.5,0.5,4,162.0
8335.09,4.875,3560.0,2,20230.18,194.0,0.0,4,162.0
8335.09,4.875,3560.0,3,28565.27,162.0,0.0,3,162.0
8335.09,4.875,3560.0,4,36900.36,156.0,0.0,3,162.0
8335.09,4.875,3565.0,0,3565.0,155.0,0.0,4,162.0
8335.09,4.875,3565.0,1,11900.09,557.667,0.943,3,162.0
8335.09,4.875,3565.0,2,20235.18,193.0,0.0,3,162.0
8335.09,4.875,3565.0,3,28570.27,162.0,0.0,3,162.0
8335.09,4.875,3565.0,4,36905.36,156.0,0.0,3,162.0
8335.09,4.875,3570.0,0,3570.0,155.0,0.0,4,162.0
8335.09,4.875,3570.0,1,11905.09,559.0,0.707,4,162.0
8335.09,4.875,3570.0,2,20240.18,192.5,0.5,4,162.0
8335.09,4.875,3570.0,3,28575.27,162.0,0.0,3,162.0
8335.09,4.875,3570.0,4,36910.36,156.333,0.471,3,162.0
8335.09,4.875,3575.0,0,3575.0,155.0,0.0,4,162.333
8335.09,4.875,3575.0,1,11910.09,562.333,0.471,3,162.333
8335.09,4.875,3575.0,2,20245.18,192.0,0.0,3,162.333
8335.09,4.875,3575.0,3,28580.27,162.333,0.471,3,162.333
8335.09,4.875,3575.0,4,36915.36,156.333,0.471,3,162.333
8335.09,4.875,3580.0,0,3580.0,155.25,0.433,4,162.0
8335.09,4.875,3580.0,1,11915.09,564.5,1.118,4,162.0
8335.09,4.875,3580.0,2,20250.18,191.0,0.0,4,162.0
8335.09,4.875,3580.0,3,28585.27,162.0,0.0,3,162.0
8335.09,4.875,3580.0,4,36920.36,156.667,0.471,3,162.0
8335.09,4.875,3585.0,0,3585.0,155.0,0.0,4,162.0
8335.09,4.875,3585.0,1,11920.09,565.75,1.09,4,162.0
8335.09,4.875,3585.0,2,20255.18,191.0,0.0,4,162.0
8335.09,4.875,3585.0,3,28590.27,162.0,0.0,4,162.0
8335.09,4.875,3585.0,4,36925.36,156.0,0.0,3,162.0
8335.09,4.875,3590.0,0,3590.0,155.0,0.0,4,162.0
8335.09,4.875,3590.0,1,11925.09,568.75,0.433,4,162.0
8335.09,4.875,3590.0,2,20260.18,190.0,0.0,4,162.0
8335.09,4.875,3590.0,3,28595.27,162.0,0.0,3,162.0
8335.09,4.875,3590.0,4,36930.36,156.0,0.0,3,162.0
8335.09,4.875,3595.0,0,3595.0,155.0,0.0,4,162.0
8335.09,4.875,3595.0,1,11930.09,570.75,0.433,4,162.0
8335.09,4.875,3595.0,2,20265.18,189.0,0.0,4,162.0
8335.09,4.875,3595.0,3,28600.27,162.0,0.0,4,162.0
8335.09,4.875,3595.0,4,36935.36,156.333,0.471,3,162.0
8335.09,4.875,3600.0,0,3600.0,155.0,0.0,4,162.0
8335.09,4.875,3600.0,1,11935.09,572.0,0.707,4,162.0
8335.09,4.875,3600.0,2,20270.18,189.0,0.0,4,162.0
8335.09,4.875,3600.0,3,28605.27,162.0,0.0,3,162.0
8335.09,4.875,3600.0,4,36940.36,156.333,0.471,3,162.0
8335.09,4.875,3605.0,0,3605.0,155.0,0.0,4,161.667
8335.09,4.875,3605.0,1,11940.09,575.25,0.433,4,161.667
8335.09,4.875,3605.0,2,20275.18,188.0,0.0,3,161.667
8335.09,4.875,3605.0,3,28610.27,161.667,0.471,3,161.667
8335.09,4.875,3605.0,4,36945.36,156.0,0.0,3,161.667
8335.09,4.875,3610.0,0,3610.0,155.0,0.0,4,161.667
8335.09,4.875,3610.0,1,11945.09,576.25,0.433,4,161.667
8335.09,4.875,3610.0,2,20280.18,187.0,0.0,4,161.667
8335.09,4.875,3610.0,3,28615.27,161.667,0.471,3,161.667
8335.09,4.875,3610.0,4,36950.36,156.0,0.0,3,161.667
8335.09,4.875,3615.0,0,3615.0,155.0,0.0,4,161.667
8335.09,4.875,3615.0,1,11950.09,577.75,0.433,4,161.667
8335.09,4.875,3615.0,2,20285.18,186.667,0.471,3,161.667
8335.09,4.875,3615.0,3,28620.27,161.667,0.471,3,161.667
8335.09,4.875,3615.0,4,36955.36,156.0,0.0,3,161.667
8335.09,4.875,3620.0,0,3620.0,155.0,0.0,4,161.333
8335.09,4.875,3620.0,1,11955.09,581.5,1.118,4,161.333
8335.09,4.875,3620.0,2,20290.18,186.0,0.0,4,161.333
8335.09,4.875,3620.0,3,28625.27,161.333,0.471,3,161.333
8335.09,4.875,3620.0,4,36960.36,156.333,0.471,3,161.333
8335.09,4.875,3625.0,0,3625.0,155.25,0.433,4,161.0
8335.09,4.875,3625.0,1,11960.09,583.0,0.707,4,161.0
8335.09,4.875,3625.0,2,20295.18,185.0,0.0,4,161.0
8335.09,4.875,3625.0,3,28630.27,161.0,0.0,4,161.0
8335.09,4.875,3625.0,4,36965.36,156.25,0.433,4,161.0
8335.09,4.875,3630.0,0,3630.0,155.0,0.0,4,161.0
8335.09,4.875,3630.0,1,11965.09,585.25,0.829,4,161.0
8335.09,4.875,3630.0,2,20300.18,184.75,0.433,4,161.0
8335.09,4.875,3630.0,3,28635.27,161.0,0.0,4,161.0
8335.09,4.875,3630.0,4,36970.36,156.0,0.0,3,161.0
8335.09,4.875,3635.0,0,3635.0,155.0,0.0,4,161.0
8335.09,4.875,3635.0,1,11970.09,587.75,0.829,4,161.0
8335.09,4.875,3635.0,2,20305.18,184.0,0.0,4,161.0
8335.09,4.875,3635.0,3,28640.27,161.0,0.0,4,161.0
8335.09,4.875,3635.0,4,36975.36,156.0,0.0,4,161.0
8335.09,4.875,3640.0,0,3640.0,155.0,0.0,4,161.0
8335.09,4.875,3640.0,1,11975.09,590.25,1.479,4,161.0
8335.09,4.875,3640.0,2,20310.18,183.667,0.471,3,161.0
8335.09,4.875,3640.0,3,28645.27,161.0,0.0,3,161.0
8335.09,4.875,3640.0,4,36980.36,156.0,0.0,3,161.0
8335.09,4.875,3645.0,0,3645.0,154.75,0.433,4,161.0
8335.09,4.875,3645.0,1,11980.09,592.25,1.299,4,161.0
8335.09,4.875,3645.0,2,20315.18,183.25,0.433,4,161.0
8335.09,4.875,3645.0,3,28650.27,161.0,0.0,4,161.0
8335.09,4.875,3645.0,4,36985.36,156.0,0.0,4,161.0
8335.09,4.875,3650.0,0,3650.0,155.0,0.0,4,161.0
8335.09,4.875,3650.0,1,11985.09,594.333,1.247,3,161.0
8335.09,4.875,3650.0,2,20320.18,182.667,0.471,3,161.0
8335.09,4.875,3650.0,3,28655.27,161.0,0.0,3,161.0
8335.09,4.875,3650.0,4,36990.36,156.0,0.0,3,161.0
8335.09,4.875,3655.0,0,3655.0,154.75,0.433,4,160.5
8335.09,4.875,3655.0,1,11990.09,596.75,0.829,4,160.5
8335.09,4.875,3655.0,2,20325.18,182.0,0.0,4,160.5
8335.09,4.875,3655.0,3,28660.27,160.5,0.5,4,160.5
8335.09,4.875,3655.0,4,36995.36,155.667,0.471,3,160.5
8335.09,4.875,3660.0,0,3660.0,154.5,0.5,4,160.0
8335.09,4.875,3660.0,1,11995.09,599.25,0.829,4,160.0
8335.09,4.875,3660.0,2,20330.18,181.0,0.0,3,160.0
8335.09,4.875,3660.0,3,28665.27,160.0,0.0,3,160.0
8335.09,4.875,3660.0,4,37000.36,155.667,0.471,3,160.0
8335.09,4.875,3665.0,0,3665.0,154.5,0.5,4,160.0
8335.09,4.875,3665.0,1,12000.09,601.5,0.5,4,160.0
8335.09,4.875,3665.0,2,20335.18,180.0,0.0,4,160.0
8335.09,4.875,3665.0,3,28670.27,160.0,0.0,4,160.0
8335.09,4.875,3665.0,4,37005.36,155.667,0.471,3,160.0
8335.09,4.875,3670.0,0,3670.0,154.0,0.0,4,160.0
8335.09,4.875,3670.0,1,12005.09,602.5,0.5,4,160.0
8335.09,4.875,3670.0,2,20340.18,179.667,0.471,3,160.0
8335.09,4.875,3670.0,3,28675.27,160.0,0.0,3,160.0
8335.09,4.875,3670.0,4,37010.36,155.0,0.0,3,160.0
8335.09,4.875,3675.0,0,3675.0,154.0,0.0,4,159.667
8335.09,4.875,3675.0,1,12010.09,606.25,0.433,4,159.667
8335.09,4.875,3675.0,2,20345.18,179.0,0.0,4,159.667
8335.09,4.875,3675.0,3,28680.27,159.667,0.471,3,159.667
8335.09,4.875,3675.0,4,37015.36,155.0,0.0,3,159.667
8335.09,4.875,3680.0,0,3680.0,154.0,0.0,4,160.0
8335.09,4.875,3680.0,1,12015.09,609.0,0.0,4,160.0
8335.09,4.875,3680.0,2,20350.18,179.0,0.0,3,160.0
8335.09,4.875,3680.0,3,28685.27,160.0,0.0,3,160.0
8335.09,4.875,3680.0,4,37020.36,155.333,0.471,3,160.0
8335.09,4.875,3685.0,0,3685.0,154.0,0.0,4,159.0
8335.09,4.875,3685.0,1,12020.09,610.5,1.118,4,159.0
8335.09,4.875,3685.0,2,20355.18,178.0,0.0,4,159.0
8335.09,4.875,3685.0,3,28690.27,159.0,0.0,3,159.0
8335.09,4.875,3685.0,4,37025.36,155.0,0.0,3,159.0
8335.09,4.875,3690.0,0,3690.0,153.75,0.433,4,159.0
8335.09,4.875,3690.0,1,12025.09,612.5,0.5,4,159.0
8335.09,4.875,3690.0,2,20360.18,177.0,0.0,3,159.0
8335.09,4.875,3690.0,3,28695.27,159.0,0.0,3,159.0
8335.09,4.875,3690.0,4,37030.36,155.0,0.0,3,159.0
8335.09,4.875,3695.0,0,3695.0,154.0,0.0,4,158.333
8335.09,4.875,3695.0,1,12030.09,614.25,1.299,4,158.333
8335.09,4.875,3695.0,2,20365.18,176.25,0.433,4,158.333
8335.09,4.875,3695.0,3,28700.27,158.333,0.471,3,158.333
8335.09,4.875,3695.0,4,37035.36,155.0,0.0,3,158.333
8335.09,4.875,3700.0,0,3700.0,153.75,0.433,4,158.667
8335.09,4.875,3700.0,1,12035.09,617.0,1.225,4,158.667
8335.09,4.875,3700.0,2,20370.18,176.0,0.0,3,158.667
8335.09,4.875,3700.0,3,28705.27,158.667,0.471,3,158.667
8335.09,4.875,3700.0,4,37040.36,155.0,0.0,3,158.667
8335.09,4.875,3705.0,0,3705.0,153.25,0.433,4,158.667
8335.09,4.875,3705.0,1,12040.09,620.0,0.816,3,158.667
8335.09,4.875,3705.0,2,20375.18,175.0,0.0,3,158.667
8335.09,4.875,3705.0,3,28710.27,158.667,0.471,3,158.667
8335.09,4.875,3705.0,4,37045.36,154.333,0.471,3,158.667
8335.09,4.875,3710.0,0,3710.0,153.75,0.433,4,157.75
8335.09,4.875,3710.0,1,12045.09,625.5,3.354,4,157.75
8335.09,4.875,3710.0,2,20380.18,173.5,0.866,4,157.75
8335.09,4.875,3710.0,3,28715.27,157.75,0.433,4,157.75
8335.09,4.875,3710.0,4,37050.36,154.0,0.0,3,157.75
8335.09,4.875,3715.0,0,3715.0,153.25,0.433,4,157.667
8335.09,4.875,3715.0,1,12050.09,653.0,4.082,3,157.667
8335.09,4.875,3715.0,2,20385.18,170.0,0.0,3,157.667
8335.09,4.875,3715.0,3,28720.27,157.667,0.471,3,157.667
8335.09,4.875,3715.0,4,37055.36,154.0,0.0,3,157.667
8335.09,4.875,3720.0,0,3720.0,154.0,0.0,4,157.0
8335.09,4.875,3720.0,1,12055.09,729.0,1.225,4,157.0
8335.09,4.875,3720.0,2,20390.18,168.5,0.5,4,157.0
8335.09,4.875,3720.0,3,28725.27,157.0,0.0,4,157.0
8335.09,4.875,3720.0,4,37060.36,154.0,0.0,3,157.0
8335.09,4.875,3725.0,0,3725.0,153.0,0.0,4,156.75
8335.09,4.875,3725.0,1,12060.09,731.0,0.707,4,156.75
8335.09,4.875,3725.0,2,20395.18,168.0,0.0,4,156.75
8335.09,4.875,3725.0,3,28730.27,156.75,0.433,4,156.75
8335.09,4.875,3725.0,4,37065.36,154.0,0.0,4,156.75
8335.09,4.875,3730.0,0,3730.0,153.0,0.0,4,156.667
8335.09,4.875,3730.0,1,12065.09,728.75,1.09,4,156.667
8335.09,4.875,3730.0,2,20400.18,167.0,0.0,3,156.667
8335.09,4.875,3730.0,3,28735.27,156.667,0.471,3,156.667
8335.09,4.875,3730.0,4,37070.36,154.0,0.0,3,156.667
8335.09,4.875,3735.0,0,3735.0,153.0,0.0,4,157.0
8335.09,4.875,3735.0,1,12070.09,731.75,1.479,4,157.0
8335.09,4.875,3735.0,2,20405.18,166.75,0.433,4,157.0
8335.09,4.875,3735.0,3,28740.27,157.0,0.0,4,157.0
8335.09,4.875,3735.0,4,37075.36,154.0,0.0,4,157.0
8335.09,4.875,3740.0,0,3740.0,153.25,0.433,4,156.667
8335.09,4.875,3740.0,1,12075.09,732.25,0.829,4,156.667
8335.09,4.875,3740.0,2,20410.18,166.667,0.471,3,156.667
8335.09,4.875,3740.0,3,28745.27,156.667,0.471,3,156.667
8335.09,4.875,3740.0,4,37080.36,154.0,0.0,3,156.667
8335.09,4.875,3745.0,0,3745.0,153.0,0.0,4,156.25
8335.09,4.875,3745.0,1,12080.09,734.5,1.118,4,156.25
8335.09,4.875,3745.0,2,20415.18,166.0,0.0,4,156.25
8335.09,4.875,3745.0,3,28750.27,156.25,0.433,4,156.25
8335.09,4.875,3745.0,4,37085.36,154.0,0.0,4,156.25
8335.09,4.875,3750.0,0,3750.0,153.0,0.0,4,156.333
8335.09,4.875,3750.0,1,12085.09,735.25,1.299,4,156.333
8335.09,4.875,3750.0,2,20420.18,165.667,0.471,3,156.333
8335.09,4.875,3750.0,3,28755.27,156.333,0.471,3,156.333
8335.09,4.875,3750.0,4,37090.36,154.0,0.0,3,156.333
8335.09,4.875,3755.0,0,3755.0,153.0,0.0,4,156.0
8335.09,4.875,3755.0,1,12090.09,737.333,0.943,3,156.0
8335.09,4.875,3755.0,2,20425.18,165.0,0.0,3,156.0
8335.09,4.875,3755.0,3,28760.27,156.0,0.0,3,156.0
8335.09,4.875,3755.0,4,37095.36,153.667,0.471,3,156.0
8335.09,4.875,3760.0,0,3760.0,153.0,0.0,4,155.75
8335.09,4.875,3760.0,1,12095.09,736.5,1.118,4,155.75
8335.09,4.875,3760.0,2,20430.18,164.75,0.433,4,155.75
8335.09,4.875,3760.0,3,28765.27,155.75,0.433,4,155.75
8335.09,4.875,3760.0,4,37100.36,154.0,0.0,3,155.75
8335.09,4.875,3765.0,0,3765.0,153.0,0.0,4,156.0
8335.09,4.875,3765.0,1,12100.09,737.667,0.471,3,156.0
8335.09,4.875,3765.0,2,20435.18,164.667,0.471,3,156.0
8335.09,4.875,3765.0,3,28770.27,156.0,0.0,3,156.0
8335.09,4.875,3765.0,4,37105.36,153.0,0.0,3,156.0
8335.09,4.875,3770.0,0,3770.0,153.0,0.0,4,156.0
8335.09,4.875,3770.0,1,12105.09,739.5,1.118,4,156.0
8335.09,4.875,3770.0,2,20440.18,164.25,0.433,4,156.0
8335.09,4.875,3770.0,3,28775.27,156.0,0.0,4,156.0
8335.09,4.875,3770.0,4,37110.36,153.667,0.471,3,156.0
8335.09,4.875,3775.0,0,3775.0,153.0,0.0,4,155.667
8335.09,4.875,3775.0,1,12110.09,741.0,0.816,3,155.667
8335.09,4.875,3775.0,2,20445.18,164.0,0.0,3,155.667
8335.09,4.875,3775.0,3,28780.27,155.667,0.471,3,155.667
8335.09,4.875,3775.0,4,37115.36,153.667,0.471,3,155.667
8335.09,4.875,3780.0,0,3780.0,153.0,0.0,4,155.75
8335.09,4.875,3780.0,1,12115.09,740.5,0.5,4,155.75
8335.09,4.875,3780.0,2,20450.18,163.5,0.5,4,155.75
8335.09,4.875,3780.0,3,28785.27,155.75,0.433,4,155.75
8335.09,4.875,3780.0,4,37120.36,153.333,0.471,3,155.75
8335.09,4.875,3785.0,0,3785.0,153.0,0.0,4,155.333
8335.09,4.875,3785.0,1,12120.09,740.667,0.471,3,155.333
8335.09,4.875,3785.0,2,20455.18,163.0,0.0,3,155.333
8335.09,4.875,3785.0,3,28790.27,155.333,0.471,3,155.333
8335.09,4.875,3785.0,4,37125.36,153.333,0.471,3,155.333
8335.09,4.875,3790.0,0,3790.0,153.0,0.0,4,155.333
8335.09,4.875,3790.0,1,12125.09,744.0,0.707,4,155.333
8335.09,4.875,3790.0,2,20460.18,163.0,0.0,3,155.333
8335.09,4.875,3790.0,3,28795.27,155.333,0.471,3,155.333
8335.09,4.875,3790.0,4,37130.36,153.667,0.471,3,155.333
8335.09,4.875,3795.0,0,3795.0,153.0,0.0,4,155.0
8335.09,4.875,3795.0,1,12130.09,744.667,1.247,3,155.0
8335.09,4.875,3795.0,2,20465.18,162.333,0.471,3,155.0
8335.09,4.875,3795.0,3,28800.27,155.0,0.0,3,155.0
8335.09,4.875,3795.0,4,37135.36,153.333,0.471,3,155.0
8335.09,4.875,3800.0,0,3800.0,153.0,0.0,4,155.0
8335.09,4.875,3800.0,1,12135.09,745.5,0.866,4,155.0
8335.09,4.875,3800.0,2,20470.18,162.0,0.0,4,155.0
8335.09,4.875,3800.0,3,28805.27,155.0,0.0,4,155.0
8335.09,4.875,3800.0,4,37140.36,153.0,0.0,3,155.0
8335.09,4.875,3805.0,0,3805.0,153.0,0.0,4,155.0
8335.09,4.875,3805.0,1,12140.09,746.5,0.5,4,155.0
8335.09,4.875,3805.0,2,20475.18,161.75,0.433,4,155.0
8335.09,4.875,3805.0,3,28810.27,155.0,0.0,3,155.0
8335.09,4.875,3805.0,4,37145.36,153.0,0.0,3,155.0
8335.09,4.875,3810.0,0,3810.0,153.0,0.0,4,155.0
8335.09,4.875,3810.0,1,12145.09,747.5,1.5,4,155.0
8335.09,4.875,3810.0,2,20480.18,161.25,0.433,4,155.0
8335.09,4.875,3810.0,3,28815.27,155.0,0.0,4,155.0
8335.09,4.875,3810.0,4,37150.36,153.0,0.0,4,155.0
8335.09,4.875,3815.0,0,3815.0,153.25,0.433,4,154.667
8335.09,4.875,3815.0,1,12150.09,747.5,0.866,4,154.667
8335.09,4.875,3815.0,2,20485.18,160.75,0.433,4,154.667
8335.09,4.875,3815.0,3,28820.27,154.667,0.471,3,154.667
8335.09,4.875,3815.0,4,37155.36,153.333,0.471,3,154.667
8335.09,4.875,3820.0,0,3820.0,153.0,0.0,4,155.0
8335.09,4.875,3820.0,1,12155.09,749.5,0.5,4,155.0
8335.09,4.875,3820.0,2,20490.18,160.5,0.5,4,155.0
8335.09,4.875,3820.0,3,28825.27,155.0,0.0,4,155.0
8335.09,4.875,3820.0,4,37160.36,153.0,0.0,3,155.0
8335.09,4.875,3825.0,0,3825.0,153.0,0.0,4,155.0
8335.09,4.875,3825.0,1,12160.09,750.5,1.5,4,155.0
8335.09,4.875,3825.0,2,20495.18,160.25,0.433,4,155.0
8335.09,4.875,3825.0,3,28830.27,155.0,0.0,3,155.0
8335.09,4.875,3825.0,4,37165.36,153.333,0.471,3,155.0
8335.09,4.875,3830.0,0,3830.0,153.0,0.0,4,154.5
8335.09,4.875,3830.0,1,12165.09,750.75,0.829,4,154.5
8335.09,4.875,3830.0,2,20500.18,160.0,0.0,4,154.5
8335.09,4.875,3830.0,3,28835.27,154.5,0.5,4,154.5
8335.09,4.875,3830.0,4,37170.36,153.0,0.0,3,154.5
8335.09,4.875,3835.0,0,3835.0,153.0,0.0,4,155.0
8335.09,4.875,3835.0,1,12170.09,751.667,0.943,3,155.0
8335.09,4.875,3835.0,2,20505.18,160.0,0.0,3,155.0
8335.09,4.875,3835.0,3,28840.27,155.0,0.0,3,155.0
8335.09,4.875,3835.0,4,37175.36,153.667,0.471,3,155.0
8335.09,4.875,3840.0,0,3840.0,153.0,0.0,4,154.75
8335.09,4.875,3840.0,1,12175.09,752.75,1.09,4,154.75
8335.09,4.875,3840.0,2,20510.18,159.5,0.5,4,154.75
8335.09,4.875,3840.0,3,28845.27,154.75,0.433,4,154.75
8335.09,4.875,3840.0,4,37180.36,153.0,0.0,3,154.75
8335.09,4.875,3845.0,0,3845.0,153.0,0.0,4,154.667
8335.09,4.875,3845.0,1,12180.09,753.667,0.471,3,154.667
8335.09,4.875,3845.0,2,20515.18,159.333,0.471,3,154.667
8335.09,4.875,3845.0,3,28850.27,154.667,0.471,3,154.667
8335.09,4.875,3845.0,4,37185.36,153.333,0.471,3,154.667
8335.09,4.875,3850.0,0,3850.0,153.0,0.0,4,154.25
8335.09,4.875,3850.0,1,12185.09,754.5,1.118,4,154.25
8335.09,4.875,3850.0,2,20520.18,159.0,0.0,4,154.25
8335.09,4.875,3850.0,3,28855.27,154.25,0.433,4,154.25
8335.09,4.875,3850.0,4,37190.36,153.333,0.471,3,154.25
8335.09,4.875,3855.0,0,3855.0,153.0,0.0,4,154.667
8335.09,4.875,3855.0,1,12190.09,754.25,1.299,4,154.667
8335.09,4.875,3855.0,2,20525.18,159.0,0.0,4,154.667
8335.09,4.875,3855.0,3,28860.27,154.667,0.471,3,154.667
8335.09,4.875,3855.0,4,37195.36,153.0,0.0,3,154.667
8335.09,4.875,3860.0,0,3860.0,152.75,0.433,4,154.333
8335.09,4.875,3860.0,1,12195.09,754.75,1.09,4,154.333
8335.09,4.875,3860.0,2,20530.18,159.0,0.0,3,154.333
8335.09,4.875,3860.0,3,28865.27,154.333,0.471,3,154.333
8335.09,4.875,3860.0,4,37200.36,153.0,0.0,3,154.333
8335.09,4.875,3865.0,0,3865.0,153.0,0.0,4,154.333
8335.09,4.875,3865.0,1,12200.09,754.5,0.5,4,154.333
8335.09,4.875,3865.0,2,20535.18,159.0,0.0,4,154.333
8335.09,4.875,3865.0,3,28870.27,154.333,0.471,3,154.333
8335.09,4.875,3865.0,4,37205.36,153.0,0.0,3,154.333
8335.09,4.875,3870.0,0,3870.0,153.0,0.0,4,154.0
8335.09,4.875,3870.0,1,12205.09,754.333,0.943,3,154.0
8335.09,4.875,3870.0,2,20540.18,159.0,0.0,3,154.0
8335.09,4.875,3870.0,3,28875.27,154.0,0.0,3,154.0
8335.09,4.875,3870.0,4,37210.36,153.0,0.0,3,154.0
8335.09,4.875,3875.0,0,3875.0,153.0,0.0,4,154.0
8335.09,4.875,3875.0,1,12210.09,755.25,0.829,4,154.0
8335.09,4.875,3875.0,2,20545.18,158.0,0.0,4,154.0
8335.09,4.875,3875.0,3,28880.27,154.0,0.0,3,154.0
8335.09,4.875,3875.0,4,37215.36,153.0,0.0,3,154.0
8335.09,4.875,3880.0,0,3880.0,153.0,0.0,4,154.0
8335.09,4.875,3880.0,1,12215.09,755.75,1.09,4,154.0
8335.09,4.875,3880.0,2,20550.18,158.75,0.433,4,154.0
8335.09,4.875,3880.0,3,28885.27,154.0,0.0,4,154.0
8335.09,4.875,3880.0,4,37220.36,153.0,0.0,4,154.0
8335.09,4.875,3885.0,0,3885.0,153.0,0.0,4,154.0
8335.09,4.875,3885.0,1,12220.09,754.5,0.5,4,154.0
8335.09,4.875,3885.0,2,20555.18,158.25,0.433,4,154.0
8335.09,4.875,3885.0,3,28890.27,154.0,0.0,3,154.0
8335.09,4.875,3885.0,4,37225.36,153.0,0.0,3,154.0
8335.09,4.875,3890.0,0,3890.0,153.0,0.0,4,154.5
8335.09,4.875,3890.0,1,12225.09,755.25,1.09,4,154.5
8335.09,4.875,3890.0,2,20560.18,158.0,0.0,4,154.5
8335.09,4.875,3890.0,3,28895.27,154.5,0.5,4,154.5
8335.09,4.875,3890.0,4,37230.36,153.25,0.433,4,154.5
8335.09,4.875,3895.0,0,3895.0,153.0,0.0,4,154.0
8335.09,4.875,3895.0,1,12230.09,754.25,0.829,4,154.0
8335.09,4.875,3895.0,2,20565.18,158.5,0.5,4,154.0
8335.09,4.875,3895.0,3,28900.27,154.0,0.0,3,154.0
8335.09,4.875,3895.0,4,37235.36,153.0,0.0,3,154.0
8335.09,4.875,3900.0,0,3900.0,153.0,0.0,4,154.0
8335.09,4.875,3900.0,1,12235.09,753.75,1.09,4,154.0
8335.09,4.875,3900.0,2,20570.18,158.0,0.0,4,154.0
8335.09,4.875,3900.0,3,28905.27,154.0,0.0,4,154.0
8335.09,4.875,3900.0,4,37240.36,153.333,0.471,3,154.0
8335.09,4.875,3905.0,0,3905.0,153.0,0.0,4,154.0
8335.09,4.875,3905.0,1,12240.09,753.0,1.225,4,154.0
8335.09,4.875,3905.0,2,20575.18,158.75,0.433,4,154.0
8335.09,4.875,3905.0,3,28910.27,154.0,0.0,4,154.0
8335.09,4.875,3905.0,4,37245.36,153.0,0.0,3,154.0
8335.09,4.875,3910.0,0,3910.0,153.0,0.0,4,154.25
8335.09,4.875,3910.0,1,12245.09,754.0,0.707,4,154.25
8335.09,4.875,3910.0,2,20580.18,158.75,0.433,4,154.25
8335.09,4.875,3910.0,3,28915.27,154.25,0.433,4,154.25
8335.09,4.875,3910.0,4,37250.36,153.25,0.433,4,154.25
8335.09,4.875,3915.0,0,3915.0,153.25,0.433,4,154.333
8335.09,4.875,3915.0,1,12250.09,753.75,1.09,4,154.333
8335.09,4.875,3915.0,2,20585.18,159.0,0.0,4,154.333
8335.09,4.875,3915.0,3,28920.27,154.333,0.471,3,154.333
8335.09,4.875,3915.0,4,37255.36,153.667,0.471,3,154.333
8335.09,4.875,3920.0,0,3920.0,153.5,0.5,4,155.0
8335.09,4.875,3920.0,1,12255.09,753.25,0.829,4,155.0
8335.09,4.875,3920.0,2,20590.18,159.5,0.5,4,155.0
8335.09,4.875,3920.0,3,28925.27,155.0,0.0,4,155.0
8335.09,4.875,3920.0,4,37260.36,154.0,0.0,4,155.0
8335.09,4.875,3925.0,0,3925.0,154.0,0.0,4,155.0
8335.09,4.875,3925.0,1,12260.09,754.5,0.5,4,155.0
8335.09,4.875,3925.0,2,20595.18,159.25,0.433,4,155.0
8335.09,4.875,3925.0,3,28930.27,155.0,0.0,3,155.0
8335.09,4.875,3925.0,4,37265.36,154.0,0.0,3,155.0
8335.09,4.875,3930.0,0,3930.0,154.0,0.0,4,155.0
8335.09,4.875,3930.0,1,12265.09,753.5,0.5,4,155.0
8335.09,4.875,3930.0,2,20600.18,159.25,0.433,4,155.0
8335.09,4.875,3930.0,3,28935.27,155.0,0.0,4,155.0
8335.09,4.875,3930.0,4,37270.36,154.0,0.0,4,155.0
8335.09,4.875,3935.0,0,3935.0,153.25,0.433,4,154.667
8335.09,4.875,3935.0,1,12270.09,751.5,1.118,4,154.667
8335.09,4.875,3935.0,2,20605.18,158.75,0.433,4,154.667
8335.09,4.875,3935.0,3,28940.27,154.667,0.471,3,154.667
8335.09,4.875,3935.0,4,37275.36,153.0,0.0,3,154.667
8335.09,4.875,3940.0,0,3940.0,153.0,0.0,4,154.0
8335.09,4.875,3940.0,1,12275.09,752.5,1.118,4,154.0
8335.09,4.875,3940.0,2,20610.18,158.75,0.433,4,154.0
8335.09,4.875,3940.0,3,28945.27,154.0,0.0,4,154.0
8335.09,4.875,3940.0,4,37280.36,153.25,0.433,4,154.0
8335.09,4.875,3945.0,0,3945.0,153.0,0.0,4,154.333
8335.09,4.875,3945.0,1,12280.09,751.75,0.829,4,154.333
8335.09,4.875,3945.0,2,20615.18,159.0,0.0,4,154.333
8335.09,4.875,3945.0,3,28950.27,154.333,0.471,3,154.333
8335.09,4.875,3945.0,4,37285.36,153.0,0.0,3,154.333
8335.09,4.875,3950.0,0,3950.0,153.0,0.0,4,154.0
8335.09,4.875,3950.0,1,12285.09,751.75,1.299,4,154.0
8335.09,4.875,3950.0,2,20620.18,158.75,0.433,4,154.0
8335.09,4.875,3950.0,3,28955.27,154.0,0.0,4,154.0
8335.09,4.875,3950.0,4,37290.36,153.25,0.433,4,154.0
8335.09,4.875,3955.0,0,3955.0,153.0,0.0,4,155.0
8335.09,4.875,3955.0,1,12290.09,751.667,1.7,3,155.0
8335.09,4.875,3955.0,2,20625.18,159.0,0.0,3,155.0
8335.09,4.875,3955.0,3,28960.27,155.0,0.0,3,155.0
8335.09,4.875,3955.0,4,37295.36,153.667,0.471,3,155.0
8335.09,4.875,3960.0,0,3960.0,153.0,0.0,4,154.667
8335.09,4.875,3960.0,1,12295.09,752.5,1.118,4,154.667
8335.09,4.875,3960.0,2,20630.18,159.0,0.0,3,154.667
8335.09,4.875,3960.0,3,28965.27,154.667,0.471,3,154.667
8335.09,4.875,3960.0,4,37300.36,153.667,0.471,3,154.667
8335.09,4.875,3965.0,0,3965.0,153.25,0.433,4,154.5
8335.09,4.875,3965.0,1,12300.09,750.25,1.299,4,154.5
8335.09,4.875,3965.0,2,20635.18,159.0,0.0,4,154.5
8335.09,4.875,3965.0,3,28970.27,154.5,0.5,4,154.5
8335.09,4.875,3965.0,4,37305.36,153.75,0.433,4,154.5
8335.09,4.875,3970.0,0,3970.0,153.0,0.0,4,154.333
8335.09,4.875,3970.0,1,12305.09,751.5,0.5,4,154.333
8335.09,4.875,3970.0,2,20640.18,159.0,0.0,3,154.333
8335.09,4.875,3970.0,3,28975.27,154.333,0.471,3,154.333
8335.09,4.875,3970.0,4,37310.36,153.333,0.471,3,154.333
8335.09,4.875,3975.0,0,3975.0,153.25,0.433,4,155.0
8335.09,4.875,3975.0,1,12310.09,750.75,0.829,4,155.0
8335.09,4.875,3975.0,2,20645.18,159.0,0.0,4,155.0
8335.09,4.875,3975.0,3,28980.27,155.0,0.0,4,155.0
8335.09,4.875,3975.0,4,37315.36,154.0,0.0,4,155.0
8335.09,4.875,3980.0,0,3980.0,154.0,0.0,4,155.333
8335.09,4.875,3980.0,1,12315.09,721.0,3.674,4,155.333
8335.09,4.875,3980.0,2,20650.18,159.667,0.471,3,155.333
8335.09,4.875,3980.0,3,28985.27,155.333,0.471,3,155.333
8335.09,4.875,3980.0,4,37320.36,154.0,0.0,3,155.333
8335.09,4.875,3985.0,0,3985.0,153.75,0.433,4,155.25
8335.09,4.875,3985.0,1,12320.09,703.25,1.479,4,155.25
8335.09,4.875,3985.0,2,20655.18,160.25,0.433,4,155.25
8335.09,4.875,3985.0,3,28990.27,155.25,0.433,4,155.25
8335.09,4.875,3985.0,4,37325.36,154.0,0.0,4,155.25
8335.09,4.875,3990.0,0,3990.0,154.0,0.0,4,155.667
8335.09,4.875,3990.0,1,12325.09,702.0,3.317,4,155.667
8335.09,4.875,3990.0,2,20660.18,161.0,0.0,3,155.667
8335.09,4.875,3990.0,3,28995.27,155.667,0.471,3,155.667
8335.09,4.875,3990.0,4,37330.36,154.0,0.0,3,155.667
8335.09,4.875,3995.0,0,3995.0,154.0,0.0,4,156.0
8335.09,4.875,3995.0,1,12330.09,700.75,2.773,4,156.0
8335.09,4.875,3995.0,2,20665.18,160.75,0.433,4,156.0
8335.09,4.875,3995.0,3,29000.27,156.0,0.0,4,156.0
8335.09,4.875,3995.0,4,37335.36,154.0,0.0,4,156.0
8335.09,4.875,4000.0,0,4000.0,154.25,0.433,4,156.0
8335.09,4.875,4000.0,1,12335.09,704.333,0.471,3,156.0
8335.09,4.875,4000.0,2,20670.18,161.0,0.0,3,156.0
8335.09,4.875,4000.0,3,29005.27,156.0,0.0,3,156.0
8335.09,4.875,4000.0,4,37340.36,155.0,0.0,3,156.0
8335.09,4.875,4005.0,0,4005.0,154.75,0.433,4,156.0
8335.09,4.875,4005.0,1,12340.09,697.5,1.5,4,156.0
8335.09,4.875,4005.0,2,20675.18,162.0,0.0,4,156.0
8335.09,4.875,4005.0,3,29010.27,156.0,0.0,4,156.0
8335.09,4.875,4005.0,4,37345.36,155.0,0.0,4,156.0
8335.09,4.875,4010.0,0,4010.0,154.75,0.433,4,157.0
8335.09,4.875,4010.0,1,12345.09,686.5,1.118,4,157.0
8335.09,4.875,4010.0,2,20680.18,164.0,0.0,4,157.0
8335.09,4.875,4010.0,3,29015.27,157.0,0.0,4,157.0
8335.09,4.875,4010.0,4,37350.36,155.333,0.471,3,157.0
8335.09,4.875,4015.0,0,4015.0,155.0,0.0,4,157.75
8335.09,4.875,4015.0,1,12350.09,682.25,0.433,4,157.75
8335.09,4.875,4015.0,2,20685.18,165.0,0.0,4,157.75
8335.09,4.875,4015.0,3,29020.27,157.75,0.433,4,157.75
8335.09,4.875,4015.0,4,37355.36,155.25,0.433,4,157.75
8335.09,4.875,4020.0,0,4020.0,155.25,0.433,4,157.667
8335.09,4.875,4020.0,1,12355.09,682.25,0.829,4,157.667
8335.09,4.875,4020.0,2,20690.18,165.0,0.0,4,157.667
8335.09,4.875,4020.0,3,29025.27,157.667,0.471,3,157.667
8335.09,4.875,4020.0,4,37360.36,156.0,0.0,3,157.667
8335.09,4.875,4025.0,0,4025.0,155.0,0.0,4,157.75
8335.09,4.875,4025.0,1,12360.09,681.75,0.433,4,157.75
8335.09,4.875,4025.0,2,20695.18,165.0,0.0,4,157.75
8335.09,4.875,4025.0,3,29030.27,157.75,0.433,4,157.75
8335.09,4.875,4025.0,4,37365.36,156.0,0.0,4,157.75
8335.09,4.875,4030.0,0,4030.0,155.0,0.0,4,158.0
8335.09,4.875,4030.0,1,12365.09,681.333,0.471,3,158.0
8335.09,4.875,4030.0,2,20700.18,165.667,0.471,3,158.0
8335.09,4.875,4030.0,3,29035.27,158.0,0.0,3,158.0
8335.09,4.875,4030.0,4,37370.36,156.0,0.0,3,158.0
8335.09,4.875,4035.0,0,4035.0,155.0,0.0,4,157.75
8335.09,4.875,4035.0,1,12370.09,681.5,0.5,4,157.75
8335.09,4.875,4035.0,2,20705.18,165.0,0.0,4,157.75
8335.09,4.875,4035.0,3,29040.27,157.75,0.433,4,157.75
8335.09,4.875,4035.0,4,37375.36,155.75,0.433,4,157.75
8335.09,4.875,4040.0,0,4040.0,155.0,0.0,4,158.0
8335.09,4.875,4040.0,1,12375.09,680.667,0.471,3,158.0
8335.09,4.875,4040.0,2,20710.18,165.0,0.0,3,158.0
8335.09,4.875,4040.0,3,29045.27,158.0,0.0,3,158.0
8335.09,4.875,4040.0,4,37380.36,156.0,0.0,3,158.0
8335.09,4.875,4045.0,0,4045.0,155.0,0.0,4,157.25
8335.09,4.875,4045.0,1,12380.09,681.75,0.829,4,157.25
8335.09,4.875,4045.0,2,20715.18,165.25,0.433,4,157.25
8335.09,4.875,4045.0,3,29050.27,157.25,0.433,4,157.25
8335.09,4.875,4045.0,4,37385.36,155.25,0.433,4,157.25
8335.09,4.875,4050.0,0,4050.0,154.75,0.433,4,157.0
8335.09,4.875,4050.0,1,12385.09,681.333,0.471,3,157.0
8335.09,4.875,4050.0,2,20720.18,165.0,0.0,3,157.0
8335.09,4.875,4050.0,3,29055.27,157.0,0.0,3,157.0
8335.09,4.875,4050.0,4,37390.36,155.0,0.0,3,157.0
8335.09,4.875,4055.0,0,4055.0,154.5,0.5,4,157.0
8335.09,4.875,4055.0,1,12390.09,681.25,1.09,4,157.0
8335.09,4.875,4055.0,2,20725.18,164.75,0.433,4,157.0
8335.09,4.875,4055.0,3,29060.27,157.0,0.0,4,157.0
8335.09,4.875,4055.0,4,37395.36,155.0,0.0,4,157.0
8335.09,4.875,4060.0,0,4060.0,154.75,0.433,4,157.0
8335.09,4.875,4060.0,1,12395.09,681.75,0.433,4,157.0
8335.09,4.875,4060.0,2,20730.18,165.0,0.0,4,157.0
8335.09,4.875,4060.0,3,29065.27,157.0,0.0,4,157.0
8335.09,4.875,4060.0,4,37400.36,155.0,0.0,3,157.0
8335.09,4.875,4065.0,0,4065.0,155.0,0.0,4,157.0
8335.09,4.875,4065.0,1,12400.09,682.0,0.707,4,157.0
8335.09,4.875,4065.0,2,20735.18,165.0,0.0,4,157.0
8335.09,4.875,4065.0,3,29070.27,157.0,0.0,4,157.0
8335.09,4.875,4065.0,4,37405.36,155.25,0.433,4,157.0
8335.09,4.875,4070.0,0,4070.0,155.0,0.0,4,157.0
8335.09,4.875,4070.0,1,12405.09,682.0,0.707,4,157.0
8335.09,4.875,4070.0,2,20740.18,164.75,0.433,4,157.0
8335.09,4.875,4070.0,3,29075.27,157.0,0.0,4,157.0
8335.09,4.875,4070.0,4,37410.36,155.0,0.0,3,157.0
8335.09,4.875,4075.0,0,4075.0,154.5,0.5,4,157.0
8335.09,4.875,4075.0,1,12410.09,681.5,0.5,4,157.0
8335.09,4.875,4075.0,2,20745.18,165.0,0.0,4,157.0
8335.09,4.875,4075.0,3,29080.27,157.0,0.0,4,157.0
8335.09,4.875,4075.0,4,37415.36,155.0,0.0,4,157.0
8335.09,4.875,4080.0,0,4080.0,154.0,0.0,4,156.667
8335.09,4.875,4080.0,1,12415.09,682.75,0.829,4,156.667
8335.09,4.875,4080.0,2,20750.18,164.0,0.0,4,156.667
8335.09,4.875,4080.0,3,29085.27,156.667,0.471,3,156.667
8335.09,4.875,4080.0,4,37420.36,154.667,0.471,3,156.667
8335.09,4.875,4085.0,0,4085.0,154.0,0.0,4,156.0
8335.09,4.875,4085.0,1,12420.09,682.5,0.5,4,156.0
8335.09,4.875,4085.0,2,20755.18,164.0,0.0,4,156.0
8335.09,4.875,4085.0,3,29090.27,156.0,0.0,4,156.0
8335.09,4.875,4085.0,4,37425.36,154.25,0.433,4,156.0
8335.09,4.875,4090.0,0,4090.0,153.5,0.5,4,156.0
8335.09,4.875,4090.0,1,12425.09,682.75,0.433,4,156.0
8335.09,4.875,4090.0,2,20760.18,164.0,0.0,4,156.0
8335.09,4.875,4090.0,3,29095.27,156.0,0.0,3,156.0
8335.09,4.875,4090.0,4,37430.36,154.0,0.0,3,156.0
8335.09,4.875,4095.0,0,4095.0,153.25,0.433,4,156.0
8335.09,4.875,4095.0,1,12430.09,682.5,0.866,4,156.0
8335.09,4.875,4095.0,2,20765.18,164.0,0.0,4,156.0
8335.09,4.875,4095.0,3,29100.27,156.0,0.0,4,156.0
8335.09,4.875,4095.0,4,37435.36,154.0,0.0,4,156.0
8335.09,4.875,4100.0,0,4100.0,153.75,0.433,4,156.0
8335.09,4.875,4100.0,1,12435.09,682.0,0.707,4,156.0
8335.09,4.875,4100.0,2,20770.18,164.0,0.0,4,156.0
8335.09,4.875,4100.0,3,29105.27,156.0,0.0,3,156.0
8335.09,4.875,4100.0,4,37440.36,154.0,0.0,3,156.0
8335.09,4.875,4105.0,0,4105.0,154.0,0.0,4,156.0
8335.09,4.875,4105.0,1,12440.09,681.75,0.433,4,156.0
8335.09,4.875,4105.0,2,20775.18,164.0,0.0,3,156.0
8335.09,4.875,4105.0,3,29110.27,156.0,0.0,3,156.0
8335.09,4.875,4105.0,4,37445.36,154.333,0.471,3,156.0
8335.09,4.875,4110.0,0,4110.0,154.5,0.5,4,157.0
8335.09,4.875,4110.0,1,12445.09,681.25,0.829,4,157.0
8335.09,4.875,4110.0,2,20780.18,164.0,0.0,4,157.0
8335.09,4.875,4110.0,3,29115.27,157.0,0.0,4,157.0
8335.09,4.875,4110.0,4,37450.36,154.333,0.471,3,157.0
8335.09,4.875,4115.0,0,4115.0,154.0,0.0,4,157.0
8335.09,4.875,4115.0,1,12450.09,682.25,0.829,4,157.0
8335.09,4.875,4115.0,2,20785.18,164.667,0.471,3,157.0
8335.09,4.875,4115.0,3,29120.27,157.0,0.0,3,157.0
8335.09,4.875,4115.0,4,37455.36,155.0,0.0,3,157.0
8335.09,4.875,4120.0,0,4120.0,154.0,0.0,4,156.25
8335.09,4.875,4120.0,1,12455.09,682.5,1.118,4,156.25
8335.09,4.875,4120.0,2,20790.18,164.5,0.5,4,156.25
8335.09,4.875,4120.0,3,29125.27,156.25,0.433,4,156.25
8335.09,4.875,4120.0,4,37460.36,155.0,0.0,3,156.25
8335.09,4.875,4125.0,0,4125.0,154.0,0.0,4,156.0
8335.09,4.875,4125.0,1,12460.09,682.0,0.816,3,156.0
8335.09,4.875,4125.0,2,20795.18,164.0,0.0,3,156.0
8335.09,4.875,4125.0,3,29130.27,156.0,0.0,3,156.0
8335.09,4.875,4125.0,4,37465.36,154.333,0.471,3,156.0
8335.09,4.875,4130.0,0,4130.0,154.0,0.0,4,156.0
8335.09,4.875,4130.0,1,12465.09,681.75,0.433,4,156.0
8335.09,4.875,4130.0,2,20800.18,164.0,0.0,3,156.0
8335.09,4.875,4130.0,3,29135.27,156.0,0.0,3,156.0
8335.09,4.875,4130.0,4,37470.36,154.333,0.471,3,156.0
8335.09,4.875,4135.0,0,4135.0,154.0,0.0,4,156.75
8335.09,4.875,4135.0,1,12470.09,681.5,1.118,4,156.75
8335.09,4.875,4135.0,2,20805.18,164.0,0.0,4,156.75
8335.09,4.875,4135.0,3,29140.27,156.75,0.433,4,156.75
8335.09,4.875,4135.0,4,37475.36,154.333,0.471,3,156.75
8335.09,4.875,4140.0,0,4140.0,154.0,0.0,4,156.667
8335.09,4.875,4140.0,1,12475.09,681.25,0.433,4,156.667
8335.09,4.875,4140.0,2,20810.18,164.667,0.471,3,156.667
8335.09,4.875,4140.0,3,29145.27,156.667,0.471,3,156.667
8335.09,4.875,4140.0,4,37480.36,155.0,0.0,3,156.667
8335.09,4.875,4145.0,0,4145.0,154.75,0.433,4,157.0
8335.09,4.875,4145.0,1,12480.09,681.75,0.829,4,157.0
8335.09,4.875,4145.0,2,20815.18,164.75,0.433,4,157.0
8335.09,4.875,4145.0,3,29150.27,157.0,0.0,4,157.0
8335.09,4.875,4145.0,4,37485.36,155.0,0.0,3,157.0
8335.09,4.875,4150.0,0,4150.0,154.75,0.433,4,157.0
8335.09,4.875,4150.0,1,12485.09,681.25,0.433,4,157.0
8335.09,4.875,4150.0,2,20820.18,164.667,0.471,3,157.0
8335.09,4.875,4150.0,3,29155.27,157.0,0.0,3,157.0
8335.09,4.875,4150.0,4,37490.36,155.0,0.0,3,157.0
8335.09,4.875,4155.0,0,4155.0,154.5,0.5,4,157.0
8335.09,4.875,4155.0,1,12490.09,680.25,0.433,4,157.0
8335.09,4.875,4155.0,2,20825.18,164.5,0.5,4,157.0
8335.09,4.875,4155.0,3,29160.27,157.0,0.0,3,157.0
8335.09,4.875,4155.0,4,37495.36,155.0,0.0,3,157.0
8335.09,4.875,4160.0,0,4160.0,154.0,0.0,4,156.25
8335.09,4.875,4160.0,1,12495.09,681.75,0.433,4,156.25
8335.09,4.875,4160.0,2,20830.18,164.0,0.0,4,156.25
8335.09,4.875,4160.0,3,29165.27,156.25,0.433,4,156.25
8335.09,4.875,4160.0,4,37500.36,154.5,0.5,4,156.25
8335.09,4.875,4165.0,0,4165.0,153.75,0.433,4,155.667
8335.09,4.875,4165.0,1,12500.09,682.25,0.829,4,155.667
8335.09,4.875,4165.0,2,20835.18,163.75,0.433,4,155.667
8335.09,4.875,4165.0,3,29170.27,155.667,0.471,3,155.667
8335.09,4.875,4165.0,4,37505.36,154.0,0.0,3,155.667
8335.09,4.875,4170.0,0,4170.0,153.0,0.0,4,156.0
8335.09,4.875,4170.0,1,12505.09,681.25,0.433,4,156.0
8335.09,4.875,4170.0,2,20840.18,163.5,0.5,4,156.0
8335.09,4.875,4170.0,3,29175.27,156.0,0.0,4,156.0
8335.09,4.875,4170.0,4,37510.36,154.0,0.0,3,156.0
8335.09,4.875,4175.0,0,4175.0,153.0,0.0,4,155.333
8335.09,4.875,4175.0,1,12510.09,688.0,1.871,4,155.333
8335.09,4.875,4175.0,2,20845.18,162.25,0.433,4,155.333
8335.09,4.875,4175.0,3,29180.27,155.333,0.471,3,155.333
8335.09,4.875,4175.0,4,37515.36,153.667,0.471,3,155.333
8335.09,4.875,4180.0,0,4180.0,154.0,0.0,4,155.5
8335.09,4.875,4180.0,1,12515.09,702.25,2.046,4,155.5
8335.09,4.875,4180.0,2,20850.18,160.5,0.5,4,155.5
8335.09,4.875,4180.0,3,29185.27,155.5,0.5,4,155.5
8335.09,4.875,4180.0,4,37520.36,154.0,0.0,3,155.5
8335.09,4.875,4185.0,0,4185.0,154.25,0.433,4,156.0
8335.09,4.875,4185.0,1,12520.09,711.75,1.785,4,156.0
8335.09,4.875,4185.0,2,20855.18,160.25,0.433,4,156.0
8335.09,4.875,4185.0,3,29190.27,156.0,0.0,3,156.0
8335.09,4.875,4185.0,4,37525.36,154.333,0.471,3,156.0
8335.09,4.875,4190.0,0,4190.0,154.0,0.0,4,156.0
8335.09,4.875,4190.0,1,12525.09,722.0,0.707,4,156.0
8335.09,4.875,4190.0,2,20860.18,160.0,0.0,4,156.0
8335.09,4.875,4190.0,3,29195.27,156.0,0.0,4,156.0
8335.09,4.875,4190.0,4,37530.36,154.333,0.471,3,156.0
8335.09,4.875,4195.0,0,4195.0,154.25,0.433,4,156.0
8335.09,4.875,4195.0,1,12530.09,729.0,0.0,3,156.0
8335.09,4.875,4195.0,2,20865.18,160.0,0.0,3,156.0
8335.09,4.875,4195.0,3,29200.27,156.0,0.0,3,156.0
8335.09,4.875,4195.0,4,37535.36,154.667,0.471,3,156.0
8335.09,4.875,4200.0,0,4200.0,154.0,0.0,4,156.0
8335.09,4.875,4200.0,1,12535.09,731.25,1.92,4,156.0
8335.09,4.875,4200.0,2,20870.18,160.0,0.0,4,156.0
8335.09,4.875,4200.0,3,29205.27,156.0,0.0,4,156.0
8335.09,4.875,4200.0,4,37540.36,154.333,0.471,3,156.0
8335.09,4.875,4205.0,0,4205.0,154.0,0.0,4,155.667
8335.09,4.875,4205.0,1,12540.09,732.5,0.866,4,155.667
8335.09,4.875,4205.0,2,20875.18,160.0,0.0,4,155.667
8335.09,4.875,4205.0,3,29210.27,155.667,0.471,3,155.667
8335.09,4.875,4205.0,4,37545.36,154.667,0.471,3,155.667
8335.09,4.875,4210.0,0,4210.0,154.0,0.0,4,156.0
8335.09,4.875,4210.0,1,12545.09,733.0,1.225,4,156.0
8335.09,4.875,4210.0,2,20880.18,160.0,0.0,3,156.0
8335.09,4.875,4210.0,3,29215.27,156.0,0.0,3,156.0
8335.09,4.875,4210.0,4,37550.36,155.0,0.0,3,156.0
8335.09,4.875,4215.0,0,4215.0,154.75,0.433,4,156.0
8335.09,4.875,4215.0,1,12550.09,733.75,1.09,4,156.0
8335.09,4.875,4215.0,2,20885.18,160.0,0.0,4,156.0
8335.09,4.875,4215.0,3,29220.27,156.0,0.0,3,156.0
8335.09,4.875,4215.0,4,37555.36,155.0,0.0,3,156.0
8335.09,4.875,4220.0,0,4220.0,154.75,0.433,4,156.0
8335.09,4.875,4220.0,1,12555.09,734.667,0.943,3,156.0
8335.09,4.875,4220.0,2,20890.18,160.667,0.471,3,156.0
8335.09,4.875,4220.0,3,29225.27,156.0,0.0,3,156.0
8335.09,4.875,4220.0,4,37560.36,155.0,0.0,3,156.0
8335.09,4.875,4225.0,0,4225.0,154.75,0.433,4,155.667
8335.09,4.875,4225.0,1,12560.09,735.25,0.433,4,155.667
8335.09,4.875,4225.0,2,20895.18,160.25,0.433,4,155.667
8335.09,4.875,4225.0,3,29230.27,155.667,0.471,3,155.667
8335.09,4.875,4225.0,4,37565.36,155.0,0.0,3,155.667
8335.09,4.875,4230.0,0,4230.0,154.5,0.5,4,156.0
8335.09,4.875,4230.0,1,12565.09,735.333,0.471,3,156.0
8335.09,4.875,4230.0,2,20900.18,160.333,0.471,3,156.0
8335.09,4.875,4230.0,3,29235.27,156.0,0.0,3,156.0
8335.09,4.875,4230.0,4,37570.36,155.0,0.0,3,156.0
8335.09,4.875,4235.0,0,4235.0,154.5,0.5,4,155.667
8335.09,4.875,4235.0,1,12570.09,735.5,0.5,4,155.667
8335.09,4.875,4235.0,2,20905.18,160.5,0.5,4,155.667
8335.09,4.875,4235.0,3,29240.27,155.667,0.471,3,155.667
8335.09,4.875,4235.0,4,37575.36,154.667,0.471,3,155.667
8335.09,4.875,4240.0,0,4240.0,154.0,0.0,4,156.0
8335.09,4.875,4240.0,1,12575.09,735.25,0.433,4,156.0
8335.09,4.875,4240.0,2,20910.18,160.25,0.433,4,156.0
8335.09,4.875,4240.0,3,29245.27,156.0,0.0,4,156.0
8335.09,4.875,4240.0,4,37580.36,154.667,0.471,3,156.0
8335.09,4.875,4245.0,0,4245.0,154.25,0.433,4,156.0
8335.09,4.875,4245.0,1,12580.09,735.0,0.0,4,156.0
8335.09,4.875,4245.0,2,20915.18,160.0,0.0,4,156.0
8335.09,4.875,4245.0,3,29250.27,156.0,0.0,3,156.0
8335.09,4.875,4245.0,4,37585.36,154.667,0.471,3,156.0
8335.09,4.875,4250.0,0,4250.0,154.5,0.5,4,156.0
8335.09,4.875,4250.0,1,12585.09,734.5,0.5,4,156.0
8335.09,4.875,4250.0,2,20920.18,160.0,0.0,4,156.0
8335.09,4.875,4250.0,3,29255.27,156.0,0.0,4,156.0
8335.09,4.875,4250.0,4,37590.36,155.0,0.0,3,156.0
8335.09,4.875,4255.0,0,4255.0,154.5,0.5,4,156.0
8335.09,4.875,4255.0,1,12590.09,734.0,0.707,4,156.0
8335.09,4.875,4255.0,2,20925.18,160.0,0.0,4,156.0
8335.09,4.875,4255.0,3,29260.27,156.0,0.0,4,156.0
8335.09,4.875,4255.0,4,37595.36,155.0,0.0,3,156.0
8335.09,4.875,4260.0,0,4260.0,154.25,0.433,4,156.0
8335.09,4.875,4260.0,1,12595.09,734.75,0.829,4,156.0
8335.09,4.875,4260.0,2,20930.18,160.333,0.471,3,156.0
8335.09,4.875,4260.0,3,29265.27,156.0,0.0,3,156.0
8335.09,4.875,4260.0,4,37600.36,155.0,0.0,3,156.0
8335.09,4.875,4265.0,0,4265.0,154.5,0.5,4,156.0
8335.09,4.875,4265.0,1,12600.09,734.5,1.118,4,156.0
8335.09,4.875,4265.0,2,20935.18,160.5,0.5,4,156.0
8335.09,4.875,4265.0,3,29270.27,156.0,0.0,3,156.0
8335.09,4.875,4265.0,4,37605.36,155.0,0.0,3,156.0
8335.09,4.875,4270.0,0,4270.0,155.0,0.0,4,155.667
8335.09,4.875,4270.0,1,12605.09,734.25,0.829,4,155.667
8335.09,4.875,4270.0,2,20940.18,160.0,0.0,3,155.667
8335.09,4.875,4270.0,3,29275.27,155.667,0.471,3,155.667
8335.09,4.875,4270.0,4,37610.36,154.667,0.471,3,155.667
8335.09,4.875,4275.0,0,4275.0,154.75,0.433,4,156.0
8335.09,4.875,4275.0,1,12610.09,734.0,0.707,4,156.0
8335.09,4.875,4275.0,2,20945.18,160.5,0.5,4,156.0
8335.09,4.875,4275.0,3,29280.27,156.0,0.0,3,156.0
8335.09,4.875,4275.0,4,37615.36,155.0,0.0,3,156.0
8335.09,4.875,4280.0,0,4280.0,154.5,0.5,4,155.75
8335.09,4.875,4280.0,1,12615.09,734.25,0.433,4,155.75
8335.09,4.875,4280.0,2,20950.18,160.0,0.0,4,155.75
8335.09,4.875,4280.0,3,29285.27,155.75,0.433,4,155.75
8335.09,4.875,4280.0,4,37620.36,154.75,0.433,4,155.75
8335.09,4.875,4285.0,0,4285.0,154.25,0.433,4,156.0
8335.09,4.875,4285.0,1,12620.09,734.0,0.707,4,156.0
8335.09,4.875,4285.0,2,20955.18,160.5,0.5,4,156.0
8335.09,4.875,4285.0,3,29290.27,156.0,0.0,3,156.0
8335.09,4.875,4285.0,4,37625.36,155.0,0.0,3,156.0
8335.09,4.875,4290.0,0,4290.0,154.5,0.5,4,156.0
8335.09,4.875,4290.0,1,12625.09,733.75,0.433,4,156.0
8335.09,4.875,4290.0,2,20960.18,160.5,0.5,4,156.0
8335.09,4.875,4290.0,3,29295.27,156.0,0.0,4,156.0
8335.09,4.875,4290.0,4,37630.36,154.75,0.433,4,156.0
8335.09,4.875,4295.0,0,4295.0,154.5,0.5,4,156.0
8335.09,4.875,4295.0,1,12630.09,733.75,1.09,4,156.0
8335.09,4.875,4295.0,2,20965.18,160.75,0.433,4,156.0
8335.09,4.875,4295.0,3,29300.27,156.0,0.0,3,156.0
8335.09,4.875,4295.0,4,37635.36,154.667,0.471,3,156.0
8335.09,4.875,4300.0,0,4300.0,154.75,0.433,4,156.0
8335.09,4.875,4300.0,1,12635.09,732.5,0.5,4,156.0
8335.09,4.875,4300.0,2,20970.18,160.5,0.5,4,156.0
8335.09,4.875,4300.0,3,29305.27,156.0,0.0,4,156.0
8335.09,4.875,4300.0,4,37640.36,155.0,0.0,4,156.0
8335.09,4.875,4305.0,0,4305.0,154.75,0.433,4,156.0
8335.09,4.875,4305.0,1,12640.09,733.333,0.471,3,156.0
8335.09,4.875,4305.0,2,20975.18,160.333,0.471,3,156.0
8335.09,4.875,4305.0,3,29310.27,156.0,0.0,3,156.0
8335.09,4.875,4305.0,4,37645.36,155.0,0.0,3,156.0
8335.09,4.875,4310.0,0,4310.0,154.75,0.433,4,156.0
8335.09,4.875,4310.0,1,12645.09,734.0,0.707,4,156.0
8335.09,4.875,4310.0,2,20980.18,160.333,0.471,3,156.0
8335.09,4.875,4310.0,3,29315.27,156.0,0.0,3,156.0
8335.09,4.875,4310.0,4,37650.36,155.0,0.0,3,156.0
8335.09,4.875,4315.0,0,4315.0,155.0,0.0,4,156.0
8335.09,4.875,4315.0,1,12650.09,733.75,1.09,4,156.0
8335.09,4.875,4315.0,2,20985.18,160.25,0.433,4,156.0
8335.09,4.875,4315.0,3,29320.27,156.0,0.0,4,156.0
8335.09,4.875,4315.0,4,37655.36,155.0,0.0,4,156.0
8335.09,4.875,4320.0,0,4320.0,154.75,0.433,4,156.0
8335.09,4.875,4320.0,1,12655.09,732.75,0.433,4,156.0
8335.09,4.875,4320.0,2,20990.18,160.333,0.471,3,156.0
8335.09,4.875,4320.0,3,29325.27,156.0,0.0,3,156.0
8335.09,4.875,4320.0,4,37660.36,155.333,0.471,3,156.0
8335.09,4.875,4325.0,0,4325.0,154.75,0.433,4,156.0
8335.09,4.875,4325.0,1,12660.09,733.0,1.0,4,156.0
8335.09,4.875,4325.0,2,20995.18,160.25,0.433,4,156.0
8335.09,4.875,4325.0,3,29330.27,156.0,0.0,4,156.0
8335.09,4.875,4325.0,4,37665.36,155.0,0.0,4,156.0
8335.09,4.875,4330.0,0,4330.0,155.0,0.0,4,156.0
8335.09,4.875,4330.0,1,12665.09,732.5,0.5,4,156.0
8335.09,4.875,4330.0,2,21000.18,160.667,0.471,3,156.0
8335.09,4.875,4330.0,3,29335.27,156.0,0.0,3,156.0
8335.09,4.875,4330.0,4,37670.36,155.0,0.0,3,156.0
8335.09,4.875,4335.0,0,4335.0,154.5,0.5,4,156.0
8335.09,4.875,4335.0,1,12670.09,732.5,0.5,4,156.0
8335.09,4.875,4335.0,2,21005.18,160.5,0.5,4,156.0
8335.09,4.875,4335.0,3,29340.27,156.0,0.0,4,156.0
8335.09,4.875,4335.0,4,37675.36,155.0,0.0,4,156.0
8335.09,4.875,4340.0,0,4340.0,154.5,0.5,4,156.0
8335.09,4.875,4340.0,1,12675.09,732.5,1.118,4,156.0
8335.09,4.875,4340.0,2,21010.18,160.667,0.471,3,156.0
8335.09,4.875,4340.0,3,29345.27,156.0,0.0,3,156.0
8335.09,4.875,4340.0,4,37680.36,155.0,0.0,3,156.0
8335.09,4.875,4345.0,0,4345.0,154.75,0.433,4,156.0
8335.09,4.875,4345.0,1,12680.09,732.5,1.118,4,156.0
8335.09,4.875,4345.0,2,21015.18,160.75,0.433,4,156.0
8335.09,4.875,4345.0,3,29350.27,156.0,0.0,4,156.0
8335.09,4.875,4345.0,4,37685.36,155.0,0.0,4,156.0
8335.09,4.875,4350.0,0,4350.0,154.25,0.433,4,156.0
8335.09,4.875,4350.0,1,12685.09,732.5,0.866,4,156.0
8335.09,4.875,4350.0,2,21020.18,160.333,0.471,3,156.0
8335.09,4.875,4350.0,3,29355.27,156.0,0.0,3,156.0
8335.09,4.875,4350.0,4,37690.36,155.0,0.0,3,156.0
8335.09,4.875,4355.0,0,4355.0,154.5,0.5,4,156.0
8335.09,4.875,4355.0,1,12690.09,731.75,0.829,4,156.0
8335.09,4.875,4355.0,2,21025.18,160.75,0.433,4,156.0
8335.09,4.875,4355.0,3,29360.27,156.0,0.0,3,156.0
8335.09,4.875,4355.0,4,37695.36,155.0,0.0,3,156.0
8335.09,4.875,4360.0,0,4360.0,154.75,0.433,4,156.0
8335.09,4.875,4360.0,1,12695.09,732.5,0.5,4,156.0
8335.09,4.875,4360.0,2,21030.18,160.25,0.433,4,156.0
8335.09,4.875,4360.0,3,29365.27,156.0,0.0,4,156.0
8335.09,4.875,4360.0,4,37700.36,155.0,0.0,3,156.0
8335.09,4.875,4365.0,0,4365.0,154.5,0.5,4,156.0
8335.09,4.875,4365.0,1,12700.09,732.0,0.816,3,156.0
8335.09,4.875,4365.0,2,21035.18,160.0,0.0,3,156.0
8335.09,4.875,4365.0,3,29370.27,156.0,0.0,3,156.0
8335.09,4.875,4365.0,4,37705.36,155.0,0.0,3,156.0
8335.09,4.875,4370.0,0,4370.0,155.0,0.0,4,156.0
8335.09,4.875,4370.0,1,12705.09,733.0,0.707,4,156.0
8335.09,4.875,4370.0,2,21040.18,160.5,0.5,4,156.0
8335.09,4.875,4370.0,3,29375.27,156.0,0.0,4,156.0
8335.09,4.875,4370.0,4,37710.36,155.0,0.0,3,156.0
8335.09,4.875,4375.0,0,4375.0,154.25,0.433,4,156.0
8335.09,4.875,4375.0,1,12710.09,731.75,1.09,4,156.0
8335.09,4.875,4375.0,2,21045.18,160.667,0.471,3,156.0
8335.09,4.875,4375.0,3,29380.27,156.0,0.0,3,156.0
8335.09,4.875,4375.0,4,37715.36,154.333,0.471,3,156.0
8335.09,4.875,4380.0,0,4380.0,154.5,0.5,4,156.0
8335.09,4.875,4380.0,1,12715.09,731.75,0.433,4,156.0
8335.09,4.875,4380.0,2,21050.18,160.0,0.0,4,156.0
8335.09,4.875,4380.0,3,29385.27,156.0,0.0,4,156.0
8335.09,4.875,4380.0,4,37720.36,155.0,0.0,4,156.0
8335.09,4.875,4385.0,0,4385.0,154.5,0.5,4,156.0
8335.09,4.875,4385.0,1,12720.09,731.5,0.5,4,156.0
8335.09,4.875,4385.0,2,21055.18,160.333,0.471,3,156.0
8335.09,4.875,4385.0,3,29390.27,156.0,0.0,3,156.0
8335.09,4.875,4385.0,4,37725.36,155.0,0.0,3,156.0
8335.09,4.875,4390.0,0,4390.0,154.75,0.433,4,156.0
8335.09,4.875,4390.0,1,12725.09,731.5,0.5,4,156.0
8335.09,4.875,4390.0,2,21060.18,160.25,0.433,4,156.0
8335.09,4.875,4390.0,3,29395.27,156.0,0.0,4,156.0
8335.09,4.875,4390.0,4,37730.36,154.75,0.433,4,156.0
8335.09,4.875,4395.0,0,4395.0,154.0,0.0,4,156.0
8335.09,4.875,4395.0,1,12730.09,732.0,0.0,4,156.0
8335.09,4.875,4395.0,2,21065.18,160.0,0.0,3,156.0
8335.09,4.875,4395.0,3,29400.27,156.0,0.0,3,156.0
8335.09,4.875,4395.0,4,37735.36,155.0,0.0,3,156.0
8335.09,4.875,4400.0,0,4400.0,154.75,0.433,4,156.0
8335.09,4.875,4400.0,1,12735.09,731.75,0.433,4,156.0
8335.09,4.875,4400.0,2,21070.18,160.75,0.433,4,156.0
8335.09,4.875,4400.0,3,29405.27,156.0,0.0,3,156.0
8335.09,4.875,4400.0,4,37740.36,155.0,0.0,3,156.0
8335.09,4.875,4405.0,0,4405.0,154.25,0.433,4,156.0
8335.09,4.875,4405.0,1,12740.09,731.25,0.829,4,156.0
8335.09,4.875,4405.0,2,21075.18,160.25,0.433,4,156.0
8335.09,4.875,4405.0,3,29410.27,156.0,0.0,4,156.0
8335.09,4.875,4405.0,4,37745.36,155.0,0.0,3,156.0
8335.09,4.875,4410.0,0,4410.0,154.75,0.433,4,155.667
8335.09,4.875,4410.0,1,12745.09,730.667,0.471,3,155.667
8335.09,4.875,4410.0,2,21080.18,160.333,0.471,3,155.667
8335.09,4.875,4410.0,3,29415.27,155.667,0.471,3,155.667
8335.09,4.875,4410.0,4,37750.36,155.0,0.0,3,155.667
8335.09,4.875,4415.0,0,4415.0,154.5,0.5,4,155.667
8335.09,4.875,4415.0,1,12750.09,731.5,0.866,4,155.667
8335.09,4.875,4415.0,2,21085.18,160.0,0.0,3,155.667
8335.09,4.875,4415.0,3,29420.27,155.667,0.471,3,155.667
8335.09,4.875,4415.0,4,37755.36,154.667,0.471,3,155.667
8335.09,4.875,4420.0,0,4420.0,154.5,0.5,4,156.0
8335.09,4.875,4420.0,1,12755.09,722.667,2.055,3,156.0
8335.09,4.875,4420.0,2,21090.18,160.333,0.471,3,156.0
8335.09,4.875,4420.0,3,29425.27,156.0,0.0,3,156.0
8335.09,4.875,4420.0,4,37760.36,155.0,0.0,3,156.0
8335.09,4.875,4425.0,0,4425.0,154.75,0.433,4,156.0
8335.09,4.875,4425.0,1,12760.09,711.25,3.269,4,156.0
8335.09,4.875,4425.0,2,21095.18,161.0,0.0,3,156.0
8335.09,4.875,4425.0,3,29430.27,156.0,0.0,3,156.0
8335.09,4.875,4425.0,4,37765.36,154.667,0.471,3,156.0
8335.09,4.875,4430.0,0,4430.0,154.5,0.5,4,156.0
8335.09,4.875,4430.0,1,12765.09,710.5,4.555,4,156.0
8335.09,4.875,4430.0,2,21100.18,161.0,0.0,4,156.0
8335.09,4.875,4430.0,3,29435.27,156.0,0.0,4,156.0
8335.09,4.875,4430.0,4,37770.36,154.75,0.433,4,156.0
8335.09,4.875,4435.0,0,4435.0,154.75,0.433,4,156.0
8335.09,4.875,4435.0,1,12770.09,713.5,3.202,4,156.0
8335.09,4.875,4435.0,2,21105.18,161.0,0.0,3,156.0
8335.09,4.875,4435.0,3,29440.27,156.0,0.0,3,156.0
8335.09,4.875,4435.0,4,37775.36,154.667,0.471,3,156.0
8335.09,4.875,4440.0,0,4440.0,154.5,0.5,4,156.0
8335.09,4.875,4440.0,1,12775.09,711.5,5.408,4,156.0
8335.09,4.875,4440.0,2,21110.18,161.25,0.433,4,156.0
8335.09,4.875,4440.0,3,29445.27,156.0,0.0,4,156.0
8335.09,4.875,4440.0,4,37780.36,155.0,0.0,4,156.0
8335.09,4.875,4445.0,0,4445.0,154.5,0.5,4,156.0
8335.09,4.875,4445.0,1,12780.09,713.25,5.214,4,156.0
8335.09,4.875,4445.0,2,21115.18,161.0,0.0,3,156.0
8335.09,4.875,4445.0,3,29450.27,156.0,0.0,3,156.0
8335.09,4.875,4445.0,4,37785.36,154.667,0.471,3,156.0
8335.09,4.875,4450.0,0,4450.0,154.5,0.5,4,156.0
8335.09,4.875,4450.0,1,12785.09,709.5,2.062,4,156.0
8335.09,4.875,4450.0,2,21120.18,161.0,0.0,4,156.0
8335.09,4.875,4450.0,3,29455.27,156.0,0.0,4,156.0
8335.09,4.875,4450.0,4,37790.36,155.0,0.0,4,156.0
8335.09,4.875,4455.0,0,4455.0,155.0,0.0,4,156.0
8335.09,4.875,4455.0,1,12790.09,713.25,5.449,4,156.0
8335.09,4.875,4455.0,2,21125.18,161.0,0.0,4,156.0
8335.09,4.875,4455.0,3,29460.27,156.0,0.0,4,156.0
8335.09,4.875,4455.0,4,37795.36,155.0,0.0,3,156.0
8335.09,4.875,4460.0,0,4460.0,154.25,0.433,4,156.0
8335.09,4.875,4460.0,1,12795.09,712.0,2.16,3,156.0
8335.09,4.875,4460.0,2,21130.18,161.0,0.0,3,156.0
8335.09,4.875,4460.0,3,29465.27,156.0,0.0,3,156.0
8335.09,4.875,4460.0,4,37800.36,155.0,0.0,3,156.0
8335.09,4.875,4465.0,0,4465.0,154.5,0.5,4,156.0
8335.09,4.875,4465.0,1,12800.09,710.5,1.118,4,156.0
8335.09,4.875,4465.0,2,21135.18,161.0,0.0,4,156.0
8335.09,4.875,4465.0,3,29470.27,156.0,0.0,4,156.0
8335.09,4.875,4465.0,4,37805.36,155.0,0.0,3,156.0
8335.09,4.875,4470.0,0,4470.0,155.0,0.0,4,156.0
8335.09,4.875,4470.0,1,12805.09,714.333,2.867,3,156.0
8335.09,4.875,4470.0,2,21140.18,161.0,0.0,3,156.0
8335.09,4.875,4470.0,3,29475.27,156.0,0.0,3,156.0
8335.09,4.875,4470.0,4,37810.36,155.0,0.0,3,156.0
8335.09,4.875,4475.0,0,4475.0,154.5,0.5,4,156.0
8335.09,4.875,4475.0,1,12810.09,708.0,0.707,4,156.0
8335.09,4.875,4475.0,2,21145.18,161.0,0.0,3,156.0
8335.09,4.875,4475.0,3,29480.27,156.0,0.0,3,156.0
8335.09,4.875,4475.0,4,37815.36,155.0,0.0,3,156.0
8335.09,4.875,4480.0,0,4480.0,154.5,0.5,4,156.0
8335.09,4.875,4480.0,1,12815.09,712.25,3.031,4,156.0
8335.09,4.875,4480.0,2,21150.18,161.0,0.0,4,156.0
8335.09,4.875,4480.0,3,29485.27,156.0,0.0,4,156.0
8335.09,4.875,4480.0,4,37820.36,155.0,0.0,4,156.0
8335.09,4.875,4485.0,0,4485.0,155.0,0.0,4,155.667
8335.09,4.875,4485.0,1,12820.09,710.75,3.7,4,155.667
8335.09,4.875,4485.0,2,21155.18,161.0,0.0,3,155.667
8335.09,4.875,4485.0,3,29490.27,155.667,0.471,3,155.667
8335.09,4.875,4485.0,4,37825.36,155.0,0.0,3,155.667
8335.09,4.875,4490.0,0,4490.0,154.75,0.433,4,156.0
8335.09,4.875,4490.0,1,12825.09,712.25,4.206,4,156.0
8335.09,4.875,4490.0,2,21160.18,161.0,0.0,4,156.0
8335.09,4.875,4490.0,3,29495.27,156.0,0.0,4,156.0
8335.09,4.875,4490.0,4,37830.36,155.0,0.0,4,156.0
8335.09,4.875,4495.0,0,4495.0,154.5,0.5,4,156.0
8335.09,4.875,4495.0,1,12830.09,708.5,1.118,4,156.0
8335.09,4.875,4495.0,2,21165.18,161.0,0.0,3,156.0
8335.09,4.875,4495.0,3,29500.27,156.0,0.0,3,156.0
8335.09,4.875,4495.0,4,37835.36,155.0,0.0,3,156.0
8335.09,4.875,4500.0,0,4500.0,154.0,0.0,4,156.0
8335.09,4.875,4500.0,1,12835.09,715.0,4.967,3,156.0
8335.09,4.875,4500.0,2,21170.18,161.0,0.0,3,156.0
8335.09,4.875,4500.0,3,29505.27,156.0,0.0,3,156.0
8335.09,4.875,4500.0,4,37840.36,155.0,0.0,3,156.0
8335.09,4.875,4505.0,0,4505.0,154.75,0.433,4,156.0
8335.09,4.875,4505.0,1,12840.09,709.5,2.5,4,156.0
8335.09,4.875,4505.0,2,21175.18,161.0,0.0,3,156.0
8335.09,4.875,4505.0,3,29510.27,156.0,0.0,3,156.0
8335.09,4.875,4505.0,4,37845.36,155.0,0.0,3,156.0
8335.09,4.875,4510.0,0,4510.0,154.0,0.0,4,156.0
8335.09,4.875,4510.0,1,12845.09,711.75,2.046,4,156.0
8335.09,4.875,4510.0,2,21180.18,161.0,0.0,4,156.0
8335.09,4.875,4510.0,3,29515.27,156.0,0.0,3,156.0
8335.09,4.875,4510.0,4,37850.36,155.0,0.0,3,156.0
8335.09,4.875,4515.0,0,4515.0,155.0,0.0,4,156.0
8335.09,4.875,4515.0,1,12850.09,711.25,3.491,4,156.0
8335.09,4.875,4515.0,2,21185.18,161.0,0.0,4,156.0
8335.09,4.875,4515.0,3,29520.27,156.0,0.0,4,156.0
8335.09,4.875,4515.0,4,37855.36,154.75,0.433,4,156.0
8335.09,4.875,4520.0,0,4520.0,154.25,0.433,4,156.0
8335.09,4.875,4520.0,1,12855.09,710.75,3.269,4,156.0
8335.09,4.875,4520.0,2,21190.18,160.75,0.433,4,156.0
8335.09,4.875,4520.0,3,29525.27,156.0,0.0,3,156.0
8335.09,4.875,4520.0,4,37860.36,154.667,0.471,3,156.0
8335.09,4.875,4525.0,0,4525.0,154.75,0.433,4,156.0
8335.09,4.875,4525.0,1,12860.09,712.75,2.947,4,156.0
8335.09,4.875,4525.0,2,21195.18,160.75,0.433,4,156.0
8335.09,4.875,4525.0,3,29530.27,156.0,0.0,4,156.0
8335.09,4.875,4525.0,4,37865.36,155.0,0.0,3,156.0
8335.09,4.875,4530.0,0,4530.0,154.5,0.5,4,156.0
8335.09,4.875,4530.0,1,12865.09,709.25,2.278,4,156.0
8335.09,4.875,4530.0,2,21200.18,160.75,0.433,4,156.0
8335.09,4.875,4530.0,3,29535.27,156.0,0.0,3,156.0
8335.09,4.875,4530.0,4,37870.36,155.0,0.0,3,156.0
8335.09,4.875,4535.0,0,4535.0,154.0,0.0,4,156.0
8335.09,4.875,4535.0,1,12870.09,712.5,2.062,4,156.0
8335.09,4.875,4535.0,2,21205.18,161.0,0.0,4,156.0
8335.09,4.875,4535.0,3,29540.27,156.0,0.0,4,156.0
8335.09,4.875,4535.0,4,37875.36,154.333,0.471,3,156.0
8335.09,4.875,4540.0,0,4540.0,154.25,0.433,4,156.0
8335.09,4.875,4540.0,1,12875.09,712.0,2.16,3,156.0
8335.09,4.875,4540.0,2,21210.18,161.0,0.0,3,156.0
8335.09,4.875,4540.0,3,29545.27,156.0,0.0,3,156.0
8335.09,4.875,4540.0,4,37880.36,154.667,0.471,3,156.0
8335.09,4.875,4545.0,0,4545.0,154.5,0.5,4,156.0
8335.09,4.875,4545.0,1,12880.09,709.25,3.112,4,156.0
8335.09,4.875,4545.0,2,21215.18,161.0,0.0,4,156.0
8335.09,4.875,4545.0,3,29550.27,156.0,0.0,4,156.0
8335.09,4.875,4545.0,4,37885.36,155.0,0.0,3,156.0
8335.09,4.875,4550.0,0,4550.0,154.25,0.433,4,156.0
8335.09,4.875,4550.0,1,12885.09,717.667,3.399,3,156.0
8335.09,4.875,4550.0,2,21220.18,161.0,0.0,3,156.0
8335.09,4.875,4550.0,3,29555.27,156.0,0.0,3,156.0
8335.09,4.875,4550.0,4,37890.36,155.0,0.0,3,156.0
8335.09,4.875,4555.0,0,4555.0,154.25,0.433,4,156.0
8335.09,4.875,4555.0,1,12890.09,711.0,2.55,4,156.0
8335.09,4.875,4555.0,2,21225.18,161.0,0.0,4,156.0
8335.09,4.875,4555.0,3,29560.27,156.0,0.0,3,156.0
8335.09,4.875,4555.0,4,37895.36,154.667,0.471,3,156.0
8335.09,4.875,4560.0,0,4560.0,154.25,0.433,4,156.0
8335.09,4.875,4560.0,1,12895.09,709.0,6.164,3,156.0
8335.09,4.875,4560.0,2,21230.18,161.0,0.0,3,156.0
8335.09,4.875,4560.0,3,29565.27,156.0,0.0,3,156.0
8335.09,4.875,4560.0,4,37900.36,155.0,0.0,3,156.0
8335.09,4.875,4565.0,0,4565.0,154.5,0.5,4,156.0
8335.09,4.875,4565.0,1,12900.09,711.75,1.09,4,156.0
8335.09,4.875,4565.0,2,21235.18,161.0,0.0,4,156.0
8335.09,4.875,4565.0,3,29570.27,156.0,0.0,3,156.0
8335.09,4.875,4565.0,4,37905.36,155.0,0.0,3,156.0
8335.09,4.875,4570.0,0,4570.0,154.25,0.433,4,156.0
8335.09,4.875,4570.0,1,12905.09,718.667,4.028,3,156.0
8335.09,4.875,4570.0,2,21240.18,160.667,0.471,3,156.0
8335.09,4.875,4570.0,3,29575.27,156.0,0.0,3,156.0
8335.09,4.875,4570.0,4,37910.36,154.667,0.471,3,156.0
8335.09,4.875,4575.0,0,4575.0,154.75,0.433,4,156.0
8335.09,4.875,4575.0,1,12910.09,727.5,2.958,4,156.0
8335.09,4.875,4575.0,2,21245.18,160.25,0.433,4,156.0
8335.09,4.875,4575.0,3,29580.27,156.0,0.0,3,156.0
8335.09,4.875,4575.0,4,37915.36,154.667,0.471,3,156.0
8335.09,4.875,4580.0,0,4580.0,154.0,0.0,4,156.0
8335.09,4.875,4580.0,1,12915.09,729.75,0.829,4,156.0
8335.09,4.875,4580.0,2,21250.18,160.0,0.0,4,156.0
8335.09,4.875,4580.0,3,29585.27,156.0,0.0,4,156.0
8335.09,4.875,4580.0,4,37920.36,154.667,0.471,3,156.0
8335.09,4.875,4585.0,0,4585.0,154.75,0.433,4,156.0
8335.09,4.875,4585.0,1,12920.09,729.75,0.433,4,156.0
8335.09,4.875,4585.0,2,21255.18,160.0,0.0,3,156.0
8335.09,4.875,4585.0,3,29590.27,156.0,0.0,3,156.0
8335.09,4.875,4585.0,4,37925.36,155.0,0.0,3,156.0
8335.09,4.875,4590.0,0,4590.0,154.75,0.433,4,155.75
8335.09,4.875,4590.0,1,12925.09,729.5,0.5,4,155.75
8335.09,4.875,4590.0,2,21260.18,160.25,0.433,4,155.75
8335.09,4.875,4590.0,3,29595.27,155.75,0.433,4,155.75
8335.09,4.875,4590.0,4,37930.36,154.667,0.471,3,155.75
8335.09,4.875,4595.0,0,4595.0,154.25,0.433,4,156.0
8335.09,4.875,4595.0,1,12930.09,729.75,0.829,4,156.0
8335.09,4.875,4595.0,2,21265.18,160.667,0.471,3,156.0
8335.09,4.875,4595.0,3,29600.27,156.0,0.0,3,156.0
8335.09,4.875,4595.0,4,37935.36,155.0,0.0,3,156.0
8335.09,4.875,4600.0,0,4600.0,154.5,0.5,4,156.0
8335.09,4.875,4600.0,1,12935.09,728.5,0.866,4,156.0
8335.09,4.875,4600.0,2,21270.18,160.5,0.5,4,156.0
8335.09,4.875,4600.0,3,29605.27,156.0,0.0,4,156.0
8335.09,4.875,4600.0,4,37940.36,155.0,0.0,3,156.0
8335.09,4.875,4605.0,0,4605.0,154.25,0.433,4,156.0
8335.09,4.875,4605.0,1,12940.09,730.0,0.707,4,156.0
8335.09,4.875,4605.0,2,21275.18,160.75,0.433,4,156.0
8335.09,4.875,4605.0,3,29610.27,156.0,0.0,3,156.0
8335.09,4.875,4605.0,4,37945.36,155.0,0.0,3,156.0
8335.09,4.875,4610.0,0,4610.0,154.5,0.5,4,155.333
8335.09,4.875,4610.0,1,12945.09,730.0,0.0,3,155.333
8335.09,4.875,4610.0,2,21280.18,160.0,0.0,3,155.333
8335.09,4.875,4610.0,3,29615.27,155.333,0.471,3,155.333
8335.09,4.875,4610.0,4,37950.36,154.333,0.471,3,155.333
8335.09,4.875,4615.0,0,4615.0,154.25,0.433,4,156.0
8335.09,4.875,4615.0,1,12950.09,729.75,0.433,4,156.0
8335.09,4.875,4615.0,2,21285.18,160.5,0.5,4,156.0
8335.09,4.875,4615.0,3,29620.27,156.0,0.0,3,156.0
8335.09,4.875,4615.0,4,37955.36,154.667,0.471,3,156.0
8335.09,4.875,4620.0,0,4620.0,154.0,0.0,4,156.0
8335.09,4.875,4620.0,1,12955.09,730.0,0.0,3,156.0
8335.09,4.875,4620.0,2,21290.18,160.0,0.0,3,156.0
8335.09,4.875,4620.0,3,29625.27,156.0,0.0,3,156.0
8335.09,4.875,4620.0,4,37960.36,154.667,0.471,3,156.0
8335.09,4.875,4625.0,0,4625.0,154.75,0.433,4,156.0
8335.09,4.875,4625.0,1,12960.09,729.25,0.829,4,156.0
8335.09,4.875,4625.0,2,21295.18,160.0,0.0,4,156.0
8335.09,4.875,4625.0,3,29630.27,156.0,0.0,3,156.0
8335.09,4.875,4625.0,4,37965.36,154.667,0.471,3,156.0
8335.09,4.875,4630.0,0,4630.0,154.5,0.5,4,156.0
8335.09,4.875,4630.0,1,12965.09,729.25,0.829,4,156.0
8335.09,4.875,4630.0,2,21300.18,160.0,0.0,4,156.0
8335.09,4.875,4630.0,3,29635.27,156.0,0.0,4,156.0
8335.09,4.875,4630.0,4,37970.36,154.333,0.471,3,156.0
8335.09,4.875,4635.0,0,4635.0,154.75,0.433,4,155.667
8335.09,4.875,4635.0,1,12970.09,729.25,0.829,4,155.667
8335.09,4.875,4635.0,2,21305.18,160.5,0.5,4,155.667
8335.09,4.875,4635.0,3,29640.27,155.667,0.471,3,155.667
8335.09,4.875,4635.0,4,37975.36,154.667,0.471,3,155.667
8335.09,4.875,4640.0,0,4640.0,154.5,0.5,4,156.0
8335.09,4.875,4640.0,1,12975.09,729.5,0.5,4,156.0
8335.09,4.875,4640.0,2,21310.18,160.25,0.433,4,156.0
8335.09,4.875,4640.0,3,29645.27,156.0,0.0,4,156.0
8335.09,4.875,4640.0,4,37980.36,154.667,0.471,3,156.0
8335.09,4.875,4645.0,0,4645.0,154.25,0.433,4,155.667
8335.09,4.875,4645.0,1,12980.09,728.75,0.433,4,155.667
8335.09,4.875,4645.0,2,21315.18,160.25,0.433,4,155.667
8335.09,4.875,4645.0,3,29650.27,155.667,0.471,3,155.667
8335.09,4.875,4645.0,4,37985.36,154.333,0.471,3,155.667
8335.09,4.875,4650.0,0,4650.0,154.25,0.433,4,156.0
8335.09,4.875,4650.0,1,12985.09,729.25,0.829,4,156.0
8335.09,4.875,4650.0,2,21320.18,160.0,0.0,4,156.0
8335.09,4.875,4650.0,3,29655.27,156.0,0.0,4,156.0
8335.09,4.875,4650.0,4,37990.36,155.0,0.0,3,156.0
8335.09,4.875,4655.0,0,4655.0,154.75,0.433,4,155.667
8335.09,4.875,4655.0,1,12990.09,729.25,0.433,4,155.667
8335.09,4.875,4655.0,2,21325.18,160.0,0.0,4,155.667
8335.09,4.875,4655.0,3,29660.27,155.667,0.471,3,155.667
8335.09,4.875,4655.0,4,37995.36,154.667,0.471,3,155.667
8335.09,4.875,4660.0,0,4660.0,154.0,0.0,4,156.0
8335.09,4.875,4660.0,1,12995.09,729.0,0.0,4,156.0
8335.09,4.875,4660.0,2,21330.18,160.0,0.0,3,156.0
8335.09,4.875,4660.0,3,29665.27,156.0,0.0,3,156.0
8335.09,4.875,4660.0,4,38000.36,154.667,0.471,3,156.0
8335.09,4.875,4665.0,0,4665.0,154.75,0.433,4,156.0
8335.09,4.875,4665.0,1,13000.09,728.75,0.829,4,156.0
8335.09,4.875,4665.0,2,21335.18,160.75,0.433,4,156.0
8335.09,4.875,4665.0,3,29670.27,156.0,0.0,3,156.0
8335.09,4.875,4665.0,4,38005.36,154.333,0.471,3,156.0
8335.09,4.875,4670.0,0,4670.0,154.25,0.433,4,156.0
8335.09,4.875,4670.0,1,13005.09,729.0,0.707,4,156.0
8335.09,4.875,4670.0,2,21340.18,160.333,0.471,3,156.0
8335.09,4.875,4670.0,3,29675.27,156.0,0.0,3,156.0
8335.09,4.875,4670.0,4,38010.36,155.0,0.0,3,156.0
8335.09,4.875,4675.0,0,4675.0,154.25,0.433,4,156.0
8335.09,4.875,4675.0,1,13010.09,728.25,0.433,4,156.0
8335.09,4.875,4675.0,2,21345.18,160.5,0.5,4,156.0
8335.09,4.875,4675.0,3,29680.27,156.0,0.0,3,156.0
8335.09,4.875,4675.0,4,38015.36,155.0,0.0,3,156.0
8335.09,4.875,4680.0,0,4680.0,154.5,0.5,4,156.0
8335.09,4.875,4680.0,1,13015.09,728.5,1.118,4,156.0
8335.09,4.875,4680.0,2,21350.18,160.25,0.433,4,156.0
8335.09,4.875,4680.0,3,29685.27,156.0,0.0,4,156.0
8335.09,4.875,4680.0,4,38020.36,155.0,0.0,4,156.0
8335.09,4.875,4685.0,0,4685.0,154.5,0.5,4,156.0
8335.09,4.875,4685.0,1,13020.09,729.0,0.0,4,156.0
8335.09,4.875,4685.0,2,21355.18,160.25,0.433,4,156.0
8335.09,4.875,4685.0,3,29690.27,156.0,0.0,3,156.0
8335.09,4.875,4685.0,4,38025.36,155.0,0.0,3,156.0
8335.09,4.875,4690.0,0,4690.0,154.5,0.5,4,156.0
8335.09,4.875,4690.0,1,13025.09,729.25,0.433,4,156.0
8335.09,4.875,4690.0,2,21360.18,160.25,0.433,4,156.0
8335.09,4.875,4690.0,3,29695.27,156.0,0.0,4,156.0
8335.09,4.875,4690.0,4,38030.36,155.0,0.0,3,156.0
8335.09,4.875,4695.0,0,4695.0,154.0,0.0,4,156.0
8335.09,4.875,4695.0,1,13030.09,727.0,1.0,4,156.0
8335.09,4.875,4695.0,2,21365.18,160.0,0.0,4,156.0
8335.09,4.875,4695.0,3,29700.27,156.0,0.0,3,156.0
8335.09,4.875,4695.0,4,38035.36,154.667,0.471,3,156.0
8335.09,4.875,4700.0,0,4700.0,154.5,0.5,4,156.0
8335.09,4.875,4700.0,1,13035.09,728.0,0.0,4,156.0
8335.09,4.875,4700.0,2,21370.18,160.0,0.0,4,156.0
8335.09,4.875,4700.0,3,29705.27,156.0,0.0,4,156.0
8335.09,4.875,4700.0,4,38040.36,154.667,0.471,3,156.0
8335.09,4.875,4705.0,0,4705.0,154.5,0.5,4,155.75
8335.09,4.875,4705.0,1,13040.09,727.5,0.5,4,155.75
8335.09,4.875,4705.0,2,21375.18,160.25,0.433,4,155.75
8335.09,4.875,4705.0,3,29710.27,155.75,0.433,4,155.75
8335.09,4.875,4705.0,4,38045.36,154.75,0.433,4,155.75
8335.09,4.875,4710.0,0,4710.0,154.25,0.433,4,156.0
8335.09,4.875,4710.0,1,13045.09,727.25,0.433,4,156.0
8335.09,4.875,4710.0,2,21380.18,160.333,0.471,3,156.0
8335.09,4.875,4710.0,3,29715.27,156.0,0.0,3,156.0
8335.09,4.875,4710.0,4,38050.36,154.667,0.471,3,156.0
8335.09,4.875,4715.0,0,4715.0,154.0,0.0,4,155.333
8335.09,4.875,4715.0,1,13050.09,727.75,0.433,4,155.333
8335.09,4.875,4715.0,2,21385.18,160.0,0.0,4,155.333
8335.09,4.875,4715.0,3,29720.27,155.333,0.471,3,155.333
8335.09,4.875,4715.0,4,38055.36,154.667,0.471,3,155.333
8335.09,4.875,4720.0,0,4720.0,154.25,0.433,4,156.0
8335.09,4.875,4720.0,1,13055.09,727.25,0.829,4,156.0
8335.09,4.875,4720.0,2,21390.18,160.0,0.0,3,156.0
8335.09,4.875,4720.0,3,29725.27,156.0,0.0,3,156.0
8335.09,4.875,4720.0,4,38060.36,155.0,0.0,3,156.0
8335.09,4.875,4725.0,0,4725.0,154.25,0.433,4,155.667
8335.09,4.875,4725.0,1,13060.09,728.0,0.707,4,155.667
8335.09,4.875,4725.0,2,21395.18,160.25,0.433,4,155.667
8335.09,4.875,4725.0,3,29730.27,155.667,0.471,3,155.667
8335.09,4.875,4725.0,4,38065.36,154.667,0.471,3,155.667
8335.09,4.875,4730.0,0,4730.0,154.25,0.433,4,156.0
8335.09,4.875,4730.0,1,13065.09,727.25,1.09,4,156.0
8335.09,4.875,4730.0,2,21400.18,160.25,0.433,4,156.0
8335.09,4.875,4730.0,3,29735.27,156.0,0.0,4,156.0
8335.09,4.875,4730.0,4,38070.36,155.0,0.0,4,156.0
8335.09,4.875,4735.0,0,4735.0,154.25,0.433,4,156.0
8335.09,4.875,4735.0,1,13070.09,727.25,0.433,4,156.0
8335.09,4.875,4735.0,2,21405.18,160.0,0.0,4,156.0
8335.09,4.875,4735.0,3,29740.27,156.0,0.0,3,156.0
8335.09,4.875,4735.0,4,38075.36,155.0,0.0,3,156.0
8335.09,4.875,4740.0,0,4740.0,154.25,0.433,4,155.5
8335.09,4.875,4740.0,1,13075.09,726.5,1.118,4,155.5
8335.09,4.875,4740.0,2,21410.18,160.0,0.0,4,155.5
8335.09,4.875,4740.0,3,29745.27,155.5,0.5,4,155.5
8335.09,4.875,4740.0,4,38080.36,154.667,0.471,3,155.5
8335.09,4.875,4745.0,0,4745.0,154.25,0.433,4,155.667
8335.09,4.875,4745.0,1,13080.09,726.667,0.471,3,155.667
8335.09,4.875,4745.0,2,21415.18,160.0,0.0,3,155.667
8335.09,4.875,4745.0,3,29750.27,155.667,0.471,3,155.667
8335.09,4.875,4745.0,4,38085.36,154.333,0.471,3,155.667
8335.09,4.875,4750.0,0,4750.0,154.0,0.0,4,156.0
8335.09,4.875,4750.0,1,13085.09,726.75,0.829,4,156.0
8335.09,4.875,4750.0,2,21420.18,160.5,0.5,4,156.0
8335.09,4.875,4750.0,3,29755.27,156.0,0.0,4,156.0
8335.09,4.875,4750.0,4,38090.36,154.75,0.433,4,156.0
8335.09,4.875,4755.0,0,4755.0,154.0,0.0,4,156.0
8335.09,4.875,4755.0,1,13090.09,726.0,0.0,3,156.0
8335.09,4.875,4755.0,2,21425.18,160.333,0.471,3,156.0
8335.09,4.875,4755.0,3,29760.27,156.0,0.0,3,156.0
8335.09,4.875,4755.0,4,38095.36,154.333,0.471,3,156.0
8335.09,4.875,4760.0,0,4760.0,154.25,0.433,4,156.0
8335.09,4.875,4760.0,1,13095.09,727.25,0.433,4,156.0
8335.09,4.875,4760.0,2,21430.18,160.333,0.471,3,156.0
8335.09,4.875,4760.0,3,29765.27,156.0,0.0,3,156.0
8335.09,4.875,4760.0,4,38100.36,155.0,0.0,3,156.0
8335.09,4.875,4765.0,0,4765.0,154.5,0.5,4,156.0
8335.09,4.875,4765.0,1,13100.09,726.75,1.09,4,156.0
8335.09,4.875,4765.0,2,21435.18,160.25,0.433,4,156.0
8335.09,4.875,4765.0,3,29770.27,156.0,0.0,4,156.0
8335.09,4.875,4765.0,4,38105.36,155.0,0.0,3,156.0
8335.09,4.875,4770.0,0,4770.0,154.5,0.5,4,156.0
8335.09,4.875,4770.0,1,13105.09,726.5,0.5,4,156.0
8335.09,4.875,4770.0,2,21440.18,160.333,0.471,3,156.0
8335.09,4.875,4770.0,3,29775.27,156.0,0.0,3,156.0
8335.09,4.875,4770.0,4,38110.36,155.0,0.0,3,156.0
8335.09,4.875,4775.0,0,4775.0,154.5,0.5,4,155.75
8335.09,4.875,4775.0,1,13110.09,727.0,1.0,4,155.75
8335.09,4.875,4775.0,2,21445.18,160.25,0.433,4,155.75
8335.09,4.875,4775.0,3,29780.27,155.75,0.433,4,155.75
8335.09,4.875,4775.0,4,38115.36,154.667,0.471,3,155.75
8335.09,4.875,4780.0,0,4780.0,154.0,0.0,4,155.667
8335.09,4.875,4780.0,1,13115.09,726.25,0.433,4,155.667
8335.09,4.875,4780.0,2,21450.18,161.0,0.0,3,155.667
8335.09,4.875,4780.0,3,29785.27,155.667,0.471,3,155.667
8335.09,4.875,4780.0,4,38120.36,154.667,0.471,3,155.667
8335.09,4.875,4785.0,0,4785.0,154.0,0.0,4,156.0
8335.09,4.875,4785.0,1,13120.09,726.75,0.433,4,156.0
8335.09,4.875,4785.0,2,21455.18,160.25,0.433,4,156.0
8335.09,4.875,4785.0,3,29790.27,156.0,0.0,3,156.0
8335.09,4.875,4785.0,4,38125.36,155.0,0.0,3,156.0
8335.09,4.875,4790.0,0,4790.0,154.5,0.5,4,156.0
8335.09,4.875,4790.0,1,13125.09,726.5,0.5,4,156.0
8335.09,4.875,4790.0,2,21460.18,160.333,0.471,3,156.0
8335.09,4.875,4790.0,3,29795.27,156.0,0.0,3,156.0
8335.09,4.875,4790.0,4,38130.36,154.0,0.0,3,156.0
8335.09,4.875,4795.0,0,4795.0,154.25,0.433,4,156.0
8335.09,4.875,4795.0,1,13130.09,727.25,0.829,4,156.0
8335.09,4.875,4795.0,2,21465.18,160.25,0.433,4,156.0
8335.09,4.875,4795.0,3,29800.27,156.0,0.0,3,156.0
8335.09,4.875,4795.0,4,38135.36,155.0,0.0,3,156.0
8335.09,4.875,4800.0,0,4800.0,154.25,0.433,4,156.0
8335.09,4.875,4800.0,1,13135.09,725.75,0.829,4,156.0
8335.09,4.875,4800.0,2,21470.18,160.0,0.0,3,156.0
8335.09,4.875,4800.0,3,29805.27,156.0,0.0,3,156.0
8335.09,4.875,4800.0,4,38140.36,154.667,0.471,3,156.0
8335.09,4.875,4805.0,0,4805.0,154.5,0.5,4,155.667
8335.09,4.875,4805.0,1,13140.09,726.667,0.471,3,155.667
8335.09,4.875,4805.0,2,21475.18,160.0,0.0,3,155.667
8335.09,4.875,4805.0,3,29810.27,155.667,0.471,3,155.667
8335.09,4.875,4805.0,4,38145.36,155.0,0.0,3,155.667
8335.09,4.875,4810.0,0,4810.0,154.5,0.5,4,155.667
8335.09,4.875,4810.0,1,13145.09,726.25,0.433,4,155.667
8335.09,4.875,4810.0,2,21480.18,160.0,0.0,3,155.667
8335.09,4.875,4810.0,3,29815.27,155.667,0.471,3,155.667
8335.09,4.875,4810.0,4,38150.36,154.333,0.471,3,155.667
8335.09,4.875,4815.0,0,4815.0,154.0,0.0,4,155.667
8335.09,4.875,4815.0,1,13150.09,726.333,0.471,3,155.667
8335.09,4.875,4815.0,2,21485.18,160.0,0.0,3,155.667
8335.09,4.875,4815.0,3,29820.27,155.667,0.471,3,155.667
8335.09,4.875,4815.0,4,38155.36,154.667,0.471,3,155.667
8335.09,4.875,4820.0,0,4820.0,154.0,0.0,4,156.0
8335.09,4.875,4820.0,1,13155.09,726.5,0.5,4,156.0
8335.09,4.875,4820.0,2,21490.18,160.0,0.0,3,156.0
8335.09,4.875,4820.0,3,29825.27,156.0,0.0,3,156.0
8335.09,4.875,4820.0,4,38160.36,154.333,0.471,3,156.0
8335.09,4.875,4825.0,0,4825.0,154.25,0.433,4,156.0
8335.09,4.875,4825.0,1,13160.09,725.667,0.471,3,156.0
8335.09,4.875,4825.0,2,21495.18,160.0,0.0,3,156.0
8335.09,4.875,4825.0,3,29830.27,156.0,0.0,3,156.0
8335.09,4.875,4825.0,4,38165.36,155.0,0.0,3,156.0
8335.09,4.875,4830.0,0,4830.0,154.5,0.5,4,156.0
8335.09,4.875,4830.0,1,13165.09,725.75,1.09,4,156.0
8335.09,4.875,4830.0,2,21500.18,160.0,0.0,3,156.0
8335.09,4.875,4830.0,3,29835.27,156.0,0.0,3,156.0
8335.09,4.875,4830.0,4,38170.36,154.0,0.0,3,156.0
8335.09,4.875,4835.0,0,4835.0,154.0,0.0,4,156.0
8335.09,4.875,4835.0,1,13170.09,725.75,0.829,4,156.0
8335.09,4.875,4835.0,2,21505.18,160.0,0.0,4,156.0
8335.09,4.875,4835.0,3,29840.27,156.0,0.0,4,156.0
8335.09,4.875,4835.0,4,38175.36,154.5,0.5,4,156.0
8335.09,4.875,4840.0,0,4840.0,154.25,0.433,4,156.0
8335.09,4.875,4840.0,1,13175.09,726.25,0.433,4,156.0
8335.09,4.875,4840.0,2,21510.18,160.333,0.471,3,156.0
8335.09,4.875,4840.0,3,29845.27,156.0,0.0,3,156.0
8335.09,4.875,4840.0,4,38180.36,155.0,0.0,3,156.0
8335.09,4.875,4845.0,0,4845.0,154.25,0.433,4,156.0
8335.09,4.875,4845.0,1,13180.09,725.25,0.433,4,156.0
8335.09,4.875,4845.0,2,21515.18,160.0,0.0,4,156.0
8335.09,4.875,4845.0,3,29850.27,156.0,0.0,4,156.0
8335.09,4.875,4845.0,4,38185.36,154.75,0.433,4,156.0
8335.09,4.875,4850.0,0,4850.0,154.25,0.433,4,156.0
8335.09,4.875,4850.0,1,13185.09,725.5,0.5,4,156.0
8335.09,4.875,4850.0,2,21520.18,160.0,0.0,3,156.0
8335.09,4.875,4850.0,3,29855.27,156.0,0.0,3,156.0
8335.09,4.875,4850.0,4,38190.36,155.0,0.0,3,156.0
8335.09,4.875,4855.0,0,4855.0,154.0,0.0,4,156.0
8335.09,4.875,4855.0,1,13190.09,725.0,0.707,4,156.0
8335.09,4.875,4855.0,2,21525.18,160.25,0.433,4,156.0
8335.09,4.875,4855.0,3,29860.27,156.0,0.0,3,156.0
8335.09,4.875,4855.0,4,38195.36,154.667,0.471,3,156.0
8335.09,4.875,4860.0,0,4860.0,154.5,0.5,4,156.0
8335.09,4.875,4860.0,1,13195.09,726.25,0.433,4,156.0
8335.09,4.875,4860.0,2,21530.18,160.0,0.0,4,156.0
8335.09,4.875,4860.0,3,29865.27,156.0,0.0,4,156.0
8335.09,4.875,4860.0,4,38200.36,155.0,0.0,3,156.0
8335.09,4.875,4865.0,0,4865.0,154.25,0.433,4,156.0
8335.09,4.875,4865.0,1,13200.09,726.0,0.707,4,156.0
8335.09,4.875,4865.0,2,21535.18,160.5,0.5,4,156.0
8335.09,4.875,4865.0,3,29870.27,156.0,0.0,3,156.0
8335.09,4.875,4865.0,4,38205.36,155.0,0.0,3,156.0
8335.09,4.875,4870.0,0,4870.0,154.25,0.433,4,156.0
8335.09,4.875,4870.0,1,13205.09,726.25,0.433,4,156.0
8335.09,4.875,4870.0,2,21540.18,160.25,0.433,4,156.0
8335.09,4.875,4870.0,3,29875.27,156.0,0.0,4,156.0
8335.09,4.875,4870.0,4,38210.36,155.0,0.0,3,156.0
8335.09,4.875,4875.0,0,4875.0,154.5,0.5,4,156.0
8335.09,4.875,4875.0,1,13210.09,725.0,0.0,4,156.0
8335.09,4.875,4875.0,2,21545.18,160.25,0.433,4,156.0
8335.09,4.875,4875.0,3,29880.27,156.0,0.0,3,156.0
8335.09,4.875,4875.0,4,38215.36,154.667,0.471,3,156.0
8335.09,4.875,4880.0,0,4880.0,154.0,0.0,4,156.0
8335.09,4.875,4880.0,1,13215.09,726.25,1.09,4,156.0
8335.09,4.875,4880.0,2,21550.18,160.25,0.433,4,156.0
8335.09,4.875,4880.0,3,29885.27,156.0,0.0,4,156.0
8335.09,4.875,4880.0,4,38220.36,155.0,0.0,3,156.0
8335.09,4.875,4885.0,0,4885.0,154.25,0.433,4,156.0
8335.09,4.875,4885.0,1,13220.09,724.75,1.09,4,156.0
8335.09,4.875,4885.0,2,21555.18,160.25,0.433,4,156.0
8335.09,4.875,4885.0,3,29890.27,156.0,0.0,3,156.0
8335.09,4.875,4885.0,4,38225.36,154.333,0.471,3,156.0
8335.09,4.875,4890.0,0,4890.0,154.5,0.5,4,156.0
8335.09,4.875,4890.0,1,13225.09,726.0,0.707,4,156.0
8335.09,4.875,4890.0,2,21560.18,160.25,0.433,4,156.0
8335.09,4.875,4890.0,3,29895.27,156.0,0.0,4,156.0
8335.09,4.875,4890.0,4,38230.36,154.667,0.471,3,156.0
8335.09,4.875,4895.0,0,4895.0,154.25,0.433,4,156.0
8335.09,4.875,4895.0,1,13230.09,724.25,1.09,4,156.0
8335.09,4.875,4895.0,2,21565.18,160.0,0.0,4,156.0
8335.09,4.875,4895.0,3,29900.27,156.0,0.0,3,156.0
8335.09,4.875,4895.0,4,38235.36,154.333,0.471,3,156.0
8335.09,4.875,4900.0,0,4900.0,154.5,0.5,4,156.0
8335.09,4.875,4900.0,1,13235.09,725.0,0.707,4,156.0
8335.09,4.875,4900.0,2,21570.18,160.5,0.5,4,156.0
8335.09,4.875,4900.0,3,29905.27,156.0,0.0,4,156.0
8335.09,4.875,4900.0,4,38240.36,155.0,0.0,3,156.0
8335.09,4.875,4905.0,0,4905.0,154.25,0.433,4,156.0
8335.09,4.875,4905.0,1,13240.09,725.0,0.707,4,156.0
8335.09,4.875,4905.0,2,21575.18,160.5,0.5,4,156.0
8335.09,4.875,4905.0,3,29910.27,156.0,0.0,4,156.0
8335.09,4.875,4905.0,4,38245.36,155.0,0.0,4,156.0
8335.09,4.875,4910.0,0,4910.0,154.5,0.5,4,156.0
8335.09,4.875,4910.0,1,13245.09,714.25,3.767,4,156.0
8335.09,4.875,4910.0,2,21580.18,160.667,0.471,3,156.0
8335.09,4.875,4910.0,3,29915.27,156.0,0.0,3,156.0
8335.09,4.875,4910.0,4,38250.36,155.0,0.0,3,156.0
8335.09,4.875,4915.0,0,4915.0,154.25,0.433,4,156.0
8335.09,4.875,4915.0,1,13250.09,693.75,2.385,4,156.0
8335.09,4.875,4915.0,2,21585.18,161.75,0.433,4,156.0
8335.09,4.875,4915.0,3,29920.27,156.0,0.0,3,156.0
8335.09,4.875,4915.0,4,38255.36,155.0,0.0,3,156.0
8335.09,4.875,4920.0,0,4920.0,154.0,0.0,4,156.0
8335.09,4.875,4920.0,1,13255.09,692.0,2.16,3,156.0
8335.09,4.875,4920.0,2,21590.18,162.0,0.0,3,156.0
8335.09,4.875,4920.0,3,29925.27,156.0,0.0,3,156.0
8335.09,4.875,4920.0,4,38260.36,154.667,0.471,3,156.0
8335.09,4.875,4925.0,0,4925.0,154.75,0.433,4,156.333
8335.09,4.875,4925.0,1,13260.09,691.25,2.385,4,156.333
8335.09,4.875,4925.0,2,21595.18,162.25,0.433,4,156.333
8335.09,4.875,4925.0,3,29930.27,156.333,0.471,3,156.333
8335.09,4.875,4925.0,4,38265.36,154.667,0.471,3,156.333
8335.09,4.875,4930.0,0,4930.0,154.25,0.433,4,156.333
8335.09,4.875,4930.0,1,13265.09,693.667,1.7,3,156.333
8335.09,4.875,4930.0,2,21600.18,162.0,0.0,3,156.333
8335.09,4.875,4930.0,3,29935.27,156.333,0.471,3,156.333
8335.09,4.875,4930.0,4,38270.36,155.0,0.0,3,156.333
8335.09,4.875,4935.0,0,4935.0,155.0,0.0,4,156.0
8335.09,4.875,4935.0,1,13270.09,690.75,3.345,4,156.0
8335.09,4.875,4935.0,2,21605.18,162.5,0.5,4,156.0
8335.09,4.875,4935.0,3,29940.27,156.0,0.0,3,156.0
8335.09,4.875,4935.0,4,38275.36,155.0,0.0,3,156.0
8335.09,4.875,4940.0,0,4940.0,154.0,0.0,4,156.0
8335.09,4.875,4940.0,1,13275.09,689.333,1.7,3,156.0
8335.09,4.875,4940.0,2,21610.18,162.333,0.471,3,156.0
8335.09,4.875,4940.0,3,29945.27,156.0,0.0,3,156.0
8335.09,4.875,4940.0,4,38280.36,154.667,0.471,3,156.0
8335.09,4.875,4945.0,0,4945.0,154.5,0.5,4,156.0
8335.09,4.875,4945.0,1,13280.09,692.25,1.09,4,156.0
8335.09,4.875,4945.0,2,21615.18,162.25,0.433,4,156.0
8335.09,4.875,4945.0,3,29950.27,156.0,0.0,3,156.0
8335.09,4.875,4945.0,4,38285.36,154.667,0.471,3,156.0
8335.09,4.875,4950.0,0,4950.0,154.25,0.433,4,156.0
8335.09,4.875,4950.0,1,13285.09,693.0,0.816,3,156.0
8335.09,4.875,4950.0,2,21620.18,162.0,0.0,3,156.0
8335.09,4.875,4950.0,3,29955.27,156.0,0.0,3,156.0
8335.09,4.875,4950.0,4,38290.36,155.0,0.0,3,156.0
8335.09,4.875,4955.0,0,4955.0,154.0,0.0,4,156.0
8335.09,4.875,4955.0,1,13290.09,690.25,1.09,4,156.0
8335.09,4.875,4955.0,2,21625.18,162.25,0.433,4,156.0
8335.09,4.875,4955.0,3,29960.27,156.0,0.0,4,156.0
8335.09,4.875,4955.0,4,38295.36,155.0,0.0,4,156.0
8335.09,4.875,4960.0,0,4960.0,154.75,0.433,4,156.75
8335.09,4.875,4960.0,1,13295.09,686.0,1.581,4,156.75
8335.09,4.875,4960.0,2,21630.18,163.5,0.5,4,156.75
8335.09,4.875,4960.0,3,29965.27,156.75,0.433,4,156.75
8335.09,4.875,4960.0,4,38300.36,154.667,0.471,3,156.75
8335.09,4.875,4965.0,0,4965.0,154.75,0.433,4,157.0
8335.09,4.875,4965.0,1,13300.09,679.25,0.829,4,157.0
8335.09,4.875,4965.0,2,21635.18,165.333,0.471,3,157.0
8335.09,4.875,4965.0,3,29970.27,157.0,0.0,3,157.0
8335.09,4.875,4965.0,4,38305.36,155.0,0.0,3,157.0
8335.09,4.875,4970.0,0,4970.0,154.25,0.433,4,157.0
8335.09,4.875,4970.0,1,13305.09,679.5,1.118,4,157.0
8335.09,4.875,4970.0,2,21640.18,165.25,0.433,4,157.0
8335.09,4.875,4970.0,3,29975.27,157.0,0.0,3,157.0
8335.09,4.875,4970.0,4,38310.36,155.0,0.0,3,157.0
8335.09,4.875,4975.0,0,4975.0,154.25,0.433,4,157.0
8335.09,4.875,4975.0,1,13310.09,681.0,0.707,4,157.0
8335.09,4.875,4975.0,2,21645.18,166.0,0.0,3,157.0
8335.09,4.875,4975.0,3,29980.27,157.0,0.0,3,157.0
8335.09,4.875,4975.0,4,38315.36,155.0,0.0,3,157.0
8335.09,4.875,4980.0,0,4980.0,155.0,0.0,4,157.0
8335.09,4.875,4980.0,1,13315.09,680.0,0.707,4,157.0
8335.09,4.875,4980.0,2,21650.18,165.25,0.433,4,157.0
8335.09,4.875,4980.0,3,29985.27,157.0,0.0,3,157.0
8335.09,4.875,4980.0,4,38320.36,155.0,0.0,3,157.0
8335.09,4.875,4985.0,0,4985.0,154.0,0.0,4,157.0
8335.09,4.875,4985.0,1,13320.09,679.5,1.118,4,157.0
8335.09,4.875,4985.0,2,21655.18,165.333,0.471,3,157.0
8335.09,4.875,4985.0,3,29990.27,157.0,0.0,3,157.0
8335.09,4.875,4985.0,4,38325.36,155.0,0.0,3,157.0
8335.09,4.875,4990.0,0,4990.0,154.75,0.433,4,157.0
8335.09,4.875,4990.0,1,13325.09,680.0,0.0,4,157.0
8335.09,4.875,4990.0,2,21660.18,165.25,0.433,4,157.0
8335.09,4.875,4990.0,3,29995.27,157.0,0.0,3,157.0
8335.09,4.875,4990.0,4,38330.36,155.0,0.0,3,157.0
8335.09,4.875,4995.0,0,4995.0,154.5,0.5,4,157.0
8335.09,4.875,4995.0,1,13330.09,679.0,0.707,4,157.0
8335.09,4.875,4995.0,2,21665.18,165.333,0.471,3,157.0
8335.09,4.875,4995.0,3,30000.27,157.0,0.0,3,157.0
8335.09,4.875,4995.0,4,38335.36,155.0,0.0,3,157.0
8335.09,4.875,5000.0,0,5000.0,154.25,0.433,4,157.0
8335.09,4.875,5000.0,1,13335.09,680.5,0.5,4,157.0
8335.09,4.875,5000.0,2,21670.18,166.0,0.0,4,157.0
8335.09,4.875,5000.0,3,30005.27,157.0,0.0,3,157.0
8335.09,4.875,5000.0,4,38340.36,155.0,0.0,3,157.0
8335.09,4.875,5005.0,0,5005.0,154.25,0.433,4,156.667
8335.09,4.875,5005.0,1,13340.09,680.25,0.829,4,156.667
8335.09,4.875,5005.0,2,21675.18,165.667,0.471,3,156.667
8335.09,4.875,5005.0,3,30010.27,156.667,0.471,3,156.667
8335.09,4.875,5005.0,4,38345.36,155.0,0.0,3,156.667
8335.09,4.875,5010.0,0,5010.0,154.25,0.433,4,157.0
8335.09,4.875,5010.0,1,13345.09,679.5,1.118,4,157.0
8335.09,4.875,5010.0,2,21680.18,165.25,0.433,4,157.0
8335.09,4.875,5010.0,3,30015.27,157.0,0.0,4,157.0
8335.09,4.875,5010.0,4,38350.36,155.0,0.0,4,157.0
8335.09,4.875,5015.0,0,5015.0,154.25,0.433,4,157.0
8335.09,4.875,5015.0,1,13350.09,680.0,0.0,4,157.0
8335.09,4.875,5015.0,2,21685.18,165.667,0.471,3,157.0
8335.09,4.875,5015.0,3,30020.27,157.0,0.0,3,157.0
8335.09,4.875,5015.0,4,38355.36,155.0,0.0,3,157.0
8335.09,4.875,5020.0,0,5020.0,154.0,0.0,4,157.0
8335.09,4.875,5020.0,1,13355.09,679.5,0.5,4,157.0
8335.09,4.875,5020.0,2,21690.18,165.5,0.5,4,157.0
8335.09,4.875,5020.0,3,30025.27,157.0,0.0,4,157.0
8335.09,4.875,5020.0,4,38360.36,155.0,0.0,4,157.0
8335.09,4.875,5025.0,0,5025.0,154.75,0.433,4,157.333
8335.09,4.875,5025.0,1,13360.09,680.0,0.0,4,157.333
8335.09,4.875,5025.0,2,21695.18,165.75,0.433,4,157.333
8335.09,4.875,5025.0,3,30030.27,157.333,0.471,3,157.333
8335.09,4.875,5025.0,4,38365.36,155.0,0.0,3,157.333
8335.09,4.875,5030.0,0,5030.0,154.25,0.433,4,157.0
8335.09,4.875,5030.0,1,13365.09,680.75,0.433,4,157.0
8335.09,4.875,5030.0,2,21700.18,166.0,0.0,4,157.0
8335.09,4.875,5030.0,3,30035.27,157.0,0.0,4,157.0
8335.09,4.875,5030.0,4,38370.36,155.0,0.0,4,157.0
8335.09,4.875,5035.0,0,5035.0,154.0,0.0,4,157.0
8335.09,4.875,5035.0,1,13370.09,679.75,0.433,4,157.0
8335.09,4.875,5035.0,2,21705.18,165.25,0.433,4,157.0
8335.09,4.875,5035.0,3,30040.27,157.0,0.0,3,157.0
8335.09,4.875,5035.0,4,38375.36,155.0,0.0,3,157.0
8335.09,4.875,5040.0,0,5040.0,154.0,0.0,4,157.0
8335.09,4.875,5040.0,1,13375.09,679.75,0.433,4,157.0
8335.09,4.875,5040.0,2,21710.18,165.5,0.5,4,157.0
8335.09,4.875,5040.0,3,30045.27,157.0,0.0,4,157.0
8335.09,4.875,5040.0,4,38380.36,155.0,0.0,4,157.0
8335.09,4.875,5045.0,0,5045.0,154.5,0.5,4,157.0
8335.09,4.875,5045.0,1,13380.09,680.333,0.471,3,157.0
8335.09,4.875,5045.0,2,21715.18,165.667,0.471,3,157.0
8335.09,4.875,5045.0,3,30050.27,157.0,0.0,3,157.0
8335.09,4.875,5045.0,4,38385.36,155.333,0.471,3,157.0
8335.09,4.875,5050.0,0,5050.0,154.75,0.433,4,157.0
8335.09,4.875,5050.0,1,13385.09,680.25,0.829,4,157.0
8335.09,4.875,5050.0,2,21720.18,165.25,0.433,4,157.0
8335.09,4.875,5050.0,3,30055.27,157.0,0.0,4,157.0
8335.09,4.875,5050.0,4,38390.36,155.0,0.0,4,157.0
8335.09,4.875,5055.0,0,5055.0,154.0,0.0,4,157.333
8335.09,4.875,5055.0,1,13390.09,680.0,0.707,4,157.333
8335.09,4.875,5055.0,2,21725.18,165.333,0.471,3,157.333
8335.09,4.875,5055.0,3,30060.27,157.333,0.471,3,157.333
8335.09,4.875,5055.0,4,38395.36,155.0,0.0,3,157.333
8335.09,4.875,5060.0,0,5060.0,154.5,0.5,4,157.0
8335.09,4.875,5060.0,1,13395.09,680.75,0.433,4,157.0
8335.09,4.875,5060.0,2,21730.18,165.5,0.5,4,157.0
8335.09,4.875,5060.0,3,30065.27,157.0,0.0,4,157.0
8335.09,4.875,5060.0,4,38400.36,155.0,0.0,4,157.0
8335.09,4.875,5065.0,0,5065.0,154.75,0.433,4,157.0
8335.09,4.875,5065.0,1,13400.09,680.25,0.433,4,157.0
8335.09,4.875,5065.0,2,21735.18,165.333,0.471,3,157.0
8335.09,4.875,5065.0,3,30070.27,157.0,0.0,3,157.0
8335.09,4.875,5065.0,4,38405.36,155.0,0.0,3,157.0
8335.09,4.875,5070.0,0,5070.0,154.5,0.5,4,157.0
8335.09,4.875,5070.0,1,13405.09,679.75,0.433,4,157.0
8335.09,4.875,5070.0,2,21740.18,165.75,0.433,4,157.0
8335.09,4.875,5070.0,3,30075.27,157.0,0.0,4,157.0
8335.09,4.875,5070.0,4,38410.36,155.0,0.0,4,157.0
8335.09,4.875,5075.0,0,5075.0,154.5,0.5,4,157.0
8335.09,4.875,5075.0,1,13410.09,680.5,0.5,4,157.0
8335.09,4.875,5075.0,2,21745.18,165.75,0.433,4,157.0
8335.09,4.875,5075.0,3,30080.27,157.0,0.0,4,157.0
8335.09,4.875,5075.0,4,38415.36,155.0,0.0,3,157.0
8335.09,4.875,5080.0,0,5080.0,154.75,0.433,4,157.0
8335.09,4.875,5080.0,1,13415.09,680.75,0.433,4,157.0
8335.09,4.875,5080.0,2,21750.18,165.25,0.433,4,157.0
8335.09,4.875,5080.0,3,30085.27,157.0,0.0,4,157.0
8335.09,4.875,5080.0,4,38420.36,155.0,0.0,4,157.0
8335.09,4.875,5085.0,0,5085.0,154.75,0.433,4,157.0
8335.09,4.875,5085.0,1,13420.09,679.0,0.0,4,157.0
8335.09,4.875,5085.0,2,21755.18,165.25,0.433,4,157.0
8335.09,4.875,5085.0,3,30090.27,157.0,0.0,3,157.0
8335.09,4.875,5085.0,4,38425.36,155.0,0.0,3,157.0
8335.09,4.875,5090.0,0,5090.0,155.0,0.0,4,157.0
8335.09,4.875,5090.0,1,13425.09,679.5,1.118,4,157.0
8335.09,4.875,5090.0,2,21760.18,165.5,0.5,4,157.0
8335.09,4.875,5090.0,3,30095.27,157.0,0.0,4,157.0
8335.09,4.875,5090.0,4,38430.36,155.0,0.0,4,157.0
8335.09,4.875,5095.0,0,5095.0,154.5,0.5,4,157.0
8335.09,4.875,5095.0,1,13430.09,679.75,0.433,4,157.0
8335.09,4.875,5095.0,2,21765.18,165.75,0.433,4,157.0
8335.09,4.875,5095.0,3,30100.27,157.0,0.0,3,157.0
8335.09,4.875,5095.0,4,38435.36,155.333,0.471,3,157.0
8335.09,4.875,5100.0,0,5100.0,154.25,0.433,4,157.0
8335.09,4.875,5100.0,1,13435.09,679.5,0.866,4,157.0
8335.09,4.875,5100.0,2,21770.18,165.25,0.433,4,157.0
8335.09,4.875,5100.0,3,30105.27,157.0,0.0,4,157.0
8335.09,4.875,5100.0,4,38440.36,155.0,0.0,4,157.0
8335.09,4.875,5105.0,0,5105.0,154.5,0.5,4,157.0
8335.09,4.875,5105.0,1,13440.09,680.667,0.943,3,157.0
8335.09,4.875,5105.0,2,21775.18,165.0,0.0,3,157.0
8335.09,4.875,5105.0,3,30110.27,157.0,0.0,3,157.0
8335.09,4.875,5105.0,4,38445.36,155.0,0.0,3,157.0
8335.09,4.875,5110.0,0,5110.0,154.25,0.433,4,157.0
8335.09,4.875,5110.0,1,13445.09,680.5,0.5,4,157.0
8335.09,4.875,5110.0,2,21780.18,165.333,0.471,3,157.0
8335.09,4.875,5110.0,3,30115.27,157.0,0.0,3,157.0
8335.09,4.875,5110.0,4,38450.36,155.0,0.0,3,157.0
8335.09,4.875,5115.0,0,5115.0,154.25,0.433,4,157.0
8335.09,4.875,5115.0,1,13450.09,680.0,0.816,3,157.0
8335.09,4.875,5115.0,2,21785.18,165.0,0.0,3,157.0
8335.09,4.875,5115.0,3,30120.27,157.0,0.0,3,157.0
8335.09,4.875,5115.0,4,38455.36,155.0,0.0,3,157.0
8335.09,4.875,5120.0,0,5120.0,154.25,0.433,4,157.0
8335.09,4.875,5120.0,1,13455.09,679.75,1.09,4,157.0
8335.09,4.875,5120.0,2,21790.18,165.0,0.0,3,157.0
8335.09,4.875,5120.0,3,30125.27,157.0,0.0,3,157.0
8335.09,4.875,5120.0,4,38460.36,155.0,0.0,3,157.0
8335.09,4.875,5125.0,0,5125.0,154.25,0.433,4,157.0
8335.09,4.875,5125.0,1,13460.09,679.5,0.5,4,157.0
8335.09,4.875,5125.0,2,21795.18,165.0,0.0,4,157.0
8335.09,4.875,5125.0,3,30130.27,157.0,0.0,3,157.0
8335.09,4.875,5125.0,4,38465.36,154.667,0.471,3,157.0
8335.09,4.875,5130.0,0,5130.0,154.25,0.433,4,157.0
8335.09,4.875,5130.0,1,13465.09,679.25,0.829,4,157.0
8335.09,4.875,5130.0,2,21800.18,165.25,0.433,4,157.0
8335.09,4.875,5130.0,3,30135.27,157.0,0.0,4,157.0
8335.09,4.875,5130.0,4,38470.36,155.0,0.0,3,157.0
8335.09,4.875,5135.0,0,5135.0,155.0,0.0,4,157.0
8335.09,4.875,5135.0,1,13470.09,680.0,0.816,3,157.0
8335.09,4.875,5135.0,2,21805.18,165.333,0.471,3,157.0
8335.09,4.875,5135.0,3,30140.27,157.0,0.0,3,157.0
8335.09,4.875,5135.0,4,38475.36,155.0,0.0,3,157.0
8335.09,4.875,5140.0,0,5140.0,154.5,0.5,4,157.25
8335.09,4.875,5140.0,1,13475.09,680.25,0.433,4,157.25
8335.09,4.875,5140.0,2,21810.18,165.25,0.433,4,157.25
8335.09,4.875,5140.0,3,30145.27,157.25,0.433,4,157.25
8335.09,4.875,5140.0,4,38480.36,155.0,0.0,3,157.25
8335.09,4.875,5145.0,0,5145.0,154.5,0.5,4,157.0
8335.09,4.875,5145.0,1,13480.09,679.0,1.414,3,157.0
8335.09,4.875,5145.0,2,21815.18,165.333,0.471,3,157.0
8335.09,4.875,5145.0,3,30150.27,157.0,0.0,3,157.0
8335.09,4.875,5145.0,4,38485.36,155.0,0.0,3,157.0
8335.09,4.875,5150.0,0,5150.0,154.25,0.433,4,157.0
8335.09,4.875,5150.0,1,13485.09,679.25,0.433,4,157.0
8335.09,4.875,5150.0,2,21820.18,165.25,0.433,4,157.0
8335.09,4.875,5150.0,3,30155.27,157.0,0.0,4,157.0
8335.09,4.875,5150.0,4,38490.36,154.667,0.471,3,157.0
8335.09,4.875,5155.0,0,5155.0,154.25,0.433,4,156.667
8335.09,4.875,5155.0,1,13490.09,679.75,0.829,4,156.667
8335.09,4.875,5155.0,2,21825.18,165.0,0.0,4,156.667
8335.09,4.875,5155.0,3,30160.27,156.667,0.471,3,156.667
8335.09,4.875,5155.0,4,38495.36,155.0,0.0,3,156.667
8335.09,4.875,5160.0,0,5160.0,154.0,0.0,4,157.0
8335.09,4.875,5160.0,1,13495.09,680.0,0.707,4,157.0
8335.09,4.875,5160.0,2,21830.18,166.0,0.0,3,157.0
8335.09,4.875,5160.0,3,30165.27,157.0,0.0,3,157.0
8335.09,4.875,5160.0,4,38500.36,155.0,0.0,3,157.0
8335.09,4.875,5165.0,0,5165.0,154.5,0.5,4,157.0
8335.09,4.875,5165.0,1,13500.09,679.75,0.829,4,157.0
8335.09,4.875,5165.0,2,21835.18,165.25,0.433,4,157.0
8335.09,4.875,5165.0,3,30170.27,157.0,0.0,3,157.0
8335.09,4.875,5165.0,4,38505.36,155.0,0.0,3,157.0
8335.09,4.875,5170.0,0,5170.0,154.5,0.5,4,157.0
8335.09,4.875,5170.0,1,13505.09,680.667,0.471,3,157.0
8335.09,4.875,5170.0,2,21840.18,165.333,0.471,3,157.0
8335.09,4.875,5170.0,3,30175.27,157.0,0.0,3,157.0
8335.09,4.875,5170.0,4,38510.36,155.0,0.0,3,157.0
8335.09,4.875,5175.0,0,5175.0,154.25,0.433,4,157.0
8335.09,4.875,5175.0,1,13510.09,680.0,0.707,4,157.0
8335.09,4.875,5175.0,2,21845.18,165.0,0.0,4,157.0
8335.09,4.875,5175.0,3,30180.27,157.0,0.0,3,157.0
8335.09,4.875,5175.0,4,38515.36,155.0,0.0,3,157.0
8335.09,4.875,5180.0,0,5180.0,154.5,0.5,4,156.667
8335.09,4.875,5180.0,1,13515.09,679.0,0.0,3,156.667
8335.09,4.875,5180.0,2,21850.18,165.667,0.471,3,156.667
8335.09,4.875,5180.0,3,30185.27,156.667,0.471,3,156.667
8335.09,4.875,5180.0,4,38520.36,155.0,0.0,3,156.667
8335.09,4.875,5185.0,0,5185.0,154.0,0.0,4,157.0
8335.09,4.875,5185.0,1,13520.09,680.25,0.433,4,157.0
8335.09,4.875,5185.0,2,21855.18,165.25,0.433,4,157.0
8335.09,4.875,5185.0,3,30190.27,157.0,0.0,3,157.0
8335.09,4.875,5185.0,4,38525.36,155.0,0.0,3,157.0
8335.09,4.875,5190.0,0,5190.0,155.0,0.0,4,156.667
8335.09,4.875,5190.0,1,13525.09,679.667,0.943,3,156.667
8335.09,4.875,5190.0,2,21860.18,165.667,0.471,3,156.667
8335.09,4.875,5190.0,3,30195.27,156.667,0.471,3,156.667
8335.09,4.875,5190.0,4,38530.36,155.0,0.0,3,156.667
8335.09,4.875,5195.0,0,5195.0,154.25,0.433,4,157.0
8335.09,4.875,5195.0,1,13530.09,679.25,0.829,4,157.0
8335.09,4.875,5195.0,2,21865.18,165.5,0.5,4,157.0
8335.09,4.875,5195.0,3,30200.27,157.0,0.0,3,157.0
8335.09,4.875,5195.0,4,38535.36,155.0,0.0,3,157.0
8335.09,4.875,5200.0,0,5200.0,154.25,0.433,4,157.0
8335.09,4.875,5200.0,1,13535.09,680.0,1.225,4,157.0
8335.09,4.875,5200.0,2,21870.18,165.0,0.0,4,157.0
8335.09,4.875,5200.0,3,30205.27,157.0,0.0,4,157.0
8335.09,4.875,5200.0,4,38540.36,155.0,0.0,3,157.0
8335.09,4.875,5205.0,0,5205.0,154.5,0.5,4,157.0
8335.09,4.875,5205.0,1,13540.09,680.25,0.829,4,157.0
8335.09,4.875,5205.0,2,21875.18,165.25,0.433,4,157.0
8335.09,4.875,5205.0,3,30210.27,157.0,0.0,4,157.0
8335.09,4.875,5205.0,4,38545.36,155.0,0.0,4,157.0
8335.09,4.875,5210.0,0,5210.0,154.5,0.5,4,157.0
8335.09,4.875,5210.0,1,13545.09,680.25,0.433,4,157.0
8335.09,4.875,5210.0,2,21880.18,165.333,0.471,3,157.0
8335.09,4.875,5210.0,3,30215.27,157.0,0.0,3,157.0
8335.09,4.875,5210.0,4,38550.36,155.0,0.0,3,157.0
8335.09,4.875,5215.0,0,5215.0,154.25,0.433,4,157.25
8335.09,4.875,5215.0,1,13550.09,680.25,0.433,4,157.25
8335.09,4.875,5215.0,2,21885.18,165.25,0.433,4,157.25
8335.09,4.875,5215.0,3,30220.27,157.25,0.433,4,157.25
8335.09,4.875,5215.0,4,38555.36,155.0,0.0,4,157.25
8335.09,4.875,5220.0,0,5220.0,154.25,0.433,4,157.0
8335.09,4.875,5220.0,1,13555.09,680.0,0.707,4,157.0
8335.09,4.875,5220.0,2,21890.18,165.75,0.433,4,157.0
8335.09,4.875,5220.0,3,30225.27,157.0,0.0,3,157.0
8335.09,4.875,5220.0,4,38560.36,155.0,0.0,3,157.0
8335.09,4.875,5225.0,0,5225.0,154.25,0.433,4,157.0
8335.09,4.875,5225.0,1,13560.09,679.25,0.433,4,157.0
8335.09,4.875,5225.0,2,21895.18,165.5,0.5,4,157.0
8335.09,4.875,5225.0,3,30230.27,157.0,0.0,4,157.0
8335.09,4.875,5225.0,4,38565.36,154.75,0.433,4,157.0
8335.09,4.875,5230.0,0,5230.0,154.75,0.433,4,157.0
8335.09,4.875,5230.0,1,13565.09,680.0,0.707,4,157.0
8335.09,4.875,5230.0,2,21900.18,165.25,0.433,4,157.0
8335.09,4.875,5230.0,3,30235.27,157.0,0.0,3,157.0
8335.09,4.875,5230.0,4,38570.36,155.0,0.0,3,157.0
8335.09,4.875,5235.0,0,5235.0,154.75,0.433,4,157.0
8335.09,4.875,5235.0,1,13570.09,680.0,1.0,4,157.0
8335.09,4.875,5235.0,2,21905.18,165.5,0.5,4,157.0
8335.09,4.875,5235.0,3,30240.27,157.0,0.0,4,157.0
8335.09,4.875,5235.0,4,38575.36,154.75,0.433,4,157.0
8335.09,4.875,5240.0,0,5240.0,154.0,0.0,4,157.0
8335.09,4.875,5240.0,1,13575.09,680.0,0.0,3,157.0
8335.09,4.875,5240.0,2,21910.18,165.667,0.471,3,157.0
8335.09,4.875,5240.0,3,30245.27,157.0,0.0,3,157.0
8335.09,4.875,5240.0,4,38580.36,155.0,0.0,3,157.0
8335.09,4.875,5245.0,0,5245.0,154.0,0.0,4,157.0
8335.09,4.875,5245.0,1,13580.09,680.0,0.707,4,157.0
8335.09,4.875,5245.0,2,21915.18,165.5,0.5,4,157.0
8335.09,4.875,5245.0,3,30250.27,157.0,0.0,4,157.0
8335.09,4.875,5245.0,4,38585.36,155.0,0.0,4,157.0
8335.09,4.875,5250.0,0,5250.0,154.25,0.433,4,157.0
8335.09,4.875,5250.0,1,13585.09,679.75,0.829,4,157.0
8335.09,4.875,5250.0,2,21920.18,165.667,0.471,3,157.0
8335.09,4.875,5250.0,3,30255.27,157.0,0.0,3,157.0
8335.09,4.875,5250.0,4,38590.36,155.0,0.0,3,157.0
8335.09,4.875,5255.0,0,5255.0,154.5,0.5,4,157.0
8335.09,4.875,5255.0,1,13590.09,679.75,0.829,4,157.0
8335.09,4.875,5255.0,2,21925.18,165.5,0.5,4,157.0
8335.09,4.875,5255.0,3,30260.27,157.0,0.0,3,157.0
8335.09,4.875,5255.0,4,38595.36,155.0,0.0,3,157.0
8335.09,4.875,5260.0,0,5260.0,154.75,0.433,4,157.0
8335.09,4.875,5260.0,1,13595.09,680.0,0.0,4,157.0
8335.09,4.875,5260.0,2,21930.18,165.5,0.5,4,157.0
8335.09,4.875,5260.0,3,30265.27,157.0,0.0,4,157.0
8335.09,4.875,5260.0,4,38600.36,155.0,0.0,3,157.0
8335.09,4.875,5265.0,0,5265.0,154.5,0.5,4,157.333
8335.09,4.875,5265.0,1,13600.09,679.5,1.118,4,157.333
8335.09,4.875,5265.0,2,21935.18,165.75,0.433,4,157.333
8335.09,4.875,5265.0,3,30270.27,157.333,0.471,3,157.333
8335.09,4.875,5265.0,4,38605.36,155.0,0.0,3,157.333
8335.09,4.875,5270.0,0,5270.0,154.5,0.5,4,157.0
8335.09,4.875,5270.0,1,13605.09,679.75,0.829,4,157.0
8335.09,4.875,5270.0,2,21940.18,165.25,0.433,4,157.0
8335.09,4.875,5270.0,3,30275.27,157.0,0.0,4,157.0
8335.09,4.875,5270.0,4,38610.36,155.333,0.471,3,157.0
8335.09,4.875,5275.0,0,5275.0,154.5,0.5,4,157.0
8335.09,4.875,5275.0,1,13610.09,680.0,0.816,3,157.0
8335.09,4.875,5275.0,2,21945.18,165.667,0.471,3,157.0
8335.09,4.875,5275.0,3,30280.27,157.0,0.0,3,157.0
8335.09,4.875,5275.0,4,38615.36,155.0,0.0,3,157.0
8335.09,4.875,5280.0,0,5280.0,154.25,0.433,4,157.25
8335.09,4.875,5280.0,1,13615.09,680.5,0.5,4,157.25
8335.09,4.875,5280.0,2,21950.18,165.0,0.0,4,157.25
8335.09,4.875,5280.0,3,30285.27,157.25,0.433,4,157.25
8335.09,4.875,5280.0,4,38620.36,155.0,0.0,3,157.25
8335.09,4.875,5285.0,0,5285.0,155.0,0.0,4,157.0
8335.09,4.875,5285.0,1,13620.09,679.667,0.943,3,157.0
8335.09,4.875,5285.0,2,21955.18,165.0,0.0,3,157.0
8335.09,4.875,5285.0,3,30290.27,157.0,0.0,3,157.0
8335.09,4.875,5285.0,4,38625.36,155.0,0.0,3,157.0
8335.09,4.875,5290.0,0,5290.0,154.25,0.433,4,157.0
8335.09,4.875,5290.0,1,13625.09,680.5,0.5,4,157.0
8335.09,4.875,5290.0,2,21960.18,165.75,0.433,4,157.0
8335.09,4.875,5290.0,3,30295.27,157.0,0.0,4,157.0
8335.09,4.875,5290.0,4,38630.36,155.0,0.0,3,157.0
8335.09,4.875,5295.0,0,5295.0,154.5,0.5,4,157.0
8335.09,4.875,5295.0,1,13630.09,680.75,0.433,4,157.0
8335.09,4.875,5295.0,2,21965.18,165.25,0.433,4,157.0
8335.09,4.875,5295.0,3,30300.27,157.0,0.0,4,157.0
8335.09,4.875,5295.0,4,38635.36,154.75,0.433,4,157.0
8335.09,4.875,5300.0,0,5300.0,154.75,0.433,4,157.0
8335.09,4.875,5300.0,1,13635.09,679.5,0.866,4,157.0
8335.09,4.875,5300.0,2,21970.18,165.75,0.433,4,157.0
8335.09,4.875,5300.0,3,30305.27,157.0,0.0,4,157.0
8335.09,4.875,5300.0,4,38640.36,155.0,0.0,3,157.0
8335.09,4.875,5305.0,0,5305.0,154.5,0.5,4,157.0
8335.09,4.875,5305.0,1,13640.09,679.75,0.433,4,157.0
8335.09,4.875,5305.0,2,21975.18,165.0,0.0,4,157.0
8335.09,4.875,5305.0,3,30310.27,157.0,0.0,3,157.0
8335.09,4.875,5305.0,4,38645.36,155.0,0.0,3,157.0
8335.09,4.875,5310.0,0,5310.0,154.5,0.5,4,157.0
8335.09,4.875,5310.0,1,13645.09,680.0,0.816,3,157.0
8335.09,4.875,5310.0,2,21980.18,165.667,0.471,3,157.0
8335.09,4.875,5310.0,3,30315.27,157.0,0.0,3,157.0
8335.09,4.875,5310.0,4,38650.36,155.0,0.0,3,157.0
8335.09,4.875,5315.0,0,5315.0,154.75,0.433,4,157.0
8335.09,4.875,5315.0,1,13650.09,680.0,1.0,4,157.0
8335.09,4.875,5315.0,2,21985.18,165.75,0.433,4,157.0
8335.09,4.875,5315.0,3,30320.27,157.0,0.0,3,157.0
8335.09,4.875,5315.0,4,38655.36,155.0,0.0,3,157.0
8335.09,4.875,5320.0,0,5320.0,154.5,0.5,4,157.0
8335.09,4.875,5320.0,1,13655.09,680.0,0.816,3,157.0
8335.09,4.875,5320.0,2,21990.18,165.667,0.471,3,157.0
8335.09,4.875,5320.0,3,30325.27,157.0,0.0,3,157.0
8335.09,4.875,5320.0,4,38660.36,155.0,0.0,3,157.0
8335.09,4.875,5325.0,0,5325.0,154.25,0.433,4,157.0
8335.09,4.875,5325.0,1,13660.09,679.75,1.09,4,157.0
8335.09,4.875,5325.0,2,21995.18,165.5,0.5,4,157.0
8335.09,4.875,5325.0,3,30330.27,157.0,0.0,3,157.0
8335.09,4.875,5325.0,4,38665.36,155.0,0.0,3,157.0
8335.09,4.875,5330.0,0,5330.0,154.0,0.0,4,157.0
8335.09,4.875,5330.0,1,13665.09,680.5,0.5,4,157.0
8335.09,4.875,5330.0,2,22000.18,165.75,0.433,4,157.0
8335.09,4.875,5330.0,3,30335.27,157.0,0.0,4,157.0
8335.09,4.875,5330.0,4,38670.36,155.0,0.0,3,157.0
8335.09,4.875,5335.0,0,5335.0,154.25,0.433,4,157.0
8335.09,4.875,5335.0,1,13670.09,679.75,0.433,4,157.0
8335.09,4.875,5335.0,2,22005.18,165.25,0.433,4,157.0
8335.09,4.875,5335.0,3,30340.27,157.0,0.0,3,157.0
8335.09,4.875,5335.0,4,38675.36,155.0,0.0,3,157.0
8335.09,4.875,5340.0,0,5340.0,154.5,0.5,4,157.0
8335.09,4.875,5340.0,1,13675.09,681.0,0.707,4,157.0
8335.09,4.875,5340.0,2,22010.18,165.0,0.0,4,157.0
8335.09,4.875,5340.0,3,30345.27,157.0,0.0,4,157.0
8335.09,4.875,5340.0,4,38680.36,155.0,0.0,3,157.0
8335.09,4.875,5345.0,0,5345.0,154.5,0.5,4,157.0
8335.09,4.875,5345.0,1,13680.09,680.5,0.5,4,157.0
8335.09,4.875,5345.0,2,22015.18,165.0,0.0,3,157.0
8335.09,4.875,5345.0,3,30350.27,157.0,0.0,3,157.0
8335.09,4.875,5345.0,4,38685.36,155.0,0.0,3,157.0
8335.09,4.875,5350.0,0,5350.0,154.5,0.5,4,157.0
8335.09,4.875,5350.0,1,13685.09,680.25,0.433,4,157.0
8335.09,4.875,5350.0,2,22020.18,165.0,0.0,4,157.0
8335.09,4.875,5350.0,3,30355.27,157.0,0.0,4,157.0
8335.09,4.875,5350.0,4,38690.36,155.0,0.0,3,157.0
8335.09,4.875,5355.0,0,5355.0,154.25,0.433,4,157.0
8335.09,4.875,5355.0,1,13690.09,680.25,0.829,4,157.0
8335.09,4.875,5355.0,2,22025.18,165.5,0.5,4,157.0
8335.09,4.875,5355.0,3,30360.27,157.0,0.0,4,157.0
8335.09,4.875,5355.0,4,38695.36,155.0,0.0,4,157.0
8335.09,4.875,5360.0,0,5360.0,154.75,0.433,4,157.0
8335.09,4.875,5360.0,1,13695.09,680.0,0.0,3,157.0
8335.09,4.875,5360.0,2,22030.18,165.667,0.471,3,157.0
8335.09,4.875,5360.0,3,30365.27,157.0,0.0,3,157.0
8335.09,4.875,5360.0,4,38700.36,155.0,0.0,3,157.0
8335.09,4.875,5365.0,0,5365.0,154.5,0.5,4,157.0
8335.09,4.875,5365.0,1,13700.09,680.0,0.707,4,157.0
8335.09,4.875,5365.0,2,22035.18,165.5,0.5,4,157.0
8335.09,4.875,5365.0,3,30370.27,157.0,0.0,4,157.0
8335.09,4.875,5365.0,4,38705.36,155.0,0.0,4,157.0
8335.09,4.875,5370.0,0,5370.0,154.25,0.433,4,157.0
8335.09,4.875,5370.0,1,13705.09,680.333,0.471,3,157.0
8335.09,4.875,5370.0,2,22040.18,165.667,0.471,3,157.0
8335.09,4.875,5370.0,3,30375.27,157.0,0.0,3,157.0
8335.09,4.875,5370.0,4,38710.36,155.0,0.0,3,157.0
8335.09,4.875,5375.0,0,5375.0,154.25,0.433,4,157.0
8335.09,4.875,5375.0,1,13710.09,679.75,0.433,4,157.0
8335.09,4.875,5375.0,2,22045.18,165.5,0.5,4,157.0
8335.09,4.875,5375.0,3,30380.27,157.0,0.0,4,157.0
8335.09,4.875,5375.0,4,38715.36,155.0,0.0,4,157.0
8335.09,4.875,5380.0,0,5380.0,154.25,0.433,4,156.667
8335.09,4.875,5380.0,1,13715.09,680.25,1.09,4,156.667
8335.09,4.875,5380.0,2,22050.18,165.5,0.5,4,156.667
8335.09,4.875,5380.0,3,30385.27,156.667,0.471,3,156.667
8335.09,4.875,5380.0,4,38720.36,155.0,0.0,3,156.667
8335.09,4.875,5385.0,0,5385.0,154.25,0.433,4,157.0
8335.09,4.875,5385.0,1,13720.09,680.0,0.707,4,157.0
8335.09,4.875,5385.0,2,22055.18,165.75,0.433,4,157.0
8335.09,4.875,5385.0,3,30390.27,157.0,0.0,4,157.0
8335.09,4.875,5385.0,4,38725.36,155.0,0.0,4,157.0
8335.09,4.875,5390.0,0,5390.0,154.0,0.0,4,157.0
8335.09,4.875,5390.0,1,13725.09,680.25,0.433,4,157.0
8335.09,4.875,5390.0,2,22060.18,165.25,0.433,4,157.0
8335.09,4.875,5390.0,3,30395.27,157.0,0.0,3,157.0
8335.09,4.875,5390.0,4,38730.36,155.0,0.0,3,157.0
8335.09,4.875,5395.0,0,5395.0,154.25,0.433,4,157.0
8335.09,4.875,5395.0,1,13730.09,680.0,0.0,4,157.0
8335.09,4.875,5395.0,2,22065.18,165.5,0.5,4,157.0
8335.09,4.875,5395.0,3,30400.27,157.0,0.0,4,157.0
8335.09,4.875,5395.0,4,38735.36,155.0,0.0,4,157.0
8335.09,4.875,5400.0,0,5400.0,154.25,0.433,4,157.0
8335.09,4.875,5400.0,1,13735.09,679.5,1.118,4,157.0
8335.09,4.875,5400.0,2,22070.18,165.5,0.5,4,157.0
8335.09,4.875,5400.0,3,30405.27,157.0,0.0,3,157.0
8335.09,4.875,5400.0,4,38740.36,155.0,0.0,3,157.0
8335.09,4.875,5405.0,0,5405.0,154.5,0.5,4,157.0
8335.09,4.875,5405.0,1,13740.09,680.0,0.707,4,157.0
8335.09,4.875,5405.0,2,22075.18,165.333,0.471,3,157.0
8335.09,4.875,5405.0,3,30410.27,157.0,0.0,3,157.0
8335.09,4.875,5405.0,4,38745.36,155.0,0.0,3,157.0
8335.09,4.875,5410.0,0,5410.0,154.75,0.433,4,157.0
8335.09,4.875,5410.0,1,13745.09,679.333,0.471,3,157.0
8335.09,4.875,5410.0,2,22080.18,165.333,0.471,3,157.0
8335.09,4.875,5410.0,3,30415.27,157.0,0.0,3,157.0
8335.09,4.875,5410.0,4,38750.36,155.0,0.0,3,157.0
8335.09,4.875,5415.0,0,5415.0,154.25,0.433,4,157.0
8335.09,4.875,5415.0,1,13750.09,679.5,0.5,4,157.0
8335.09,4.875,5415.0,2,22085.18,165.333,0.471,3,157.0
8335.09,4.875,5415.0,3,30420.27,157.0,0.0,3,157.0
8335.09,4.875,5415.0,4,38755.36,155.0,0.0,3,157.0
8335.09,4.875,5420.0,0,5420.0,154.5,0.5,4,157.0
8335.09,4.875,5420.0,1,13755.09,679.5,0.5,4,157.0
8335.09,4.875,5420.0,2,22090.18,165.25,0.433,4,157.0
8335.09,4.875,5420.0,3,30425.27,157.0,0.0,4,157.0
8335.09,4.875,5420.0,4,38760.36,155.0,0.0,3,157.0
8335.09,4.875,5425.0,0,5425.0,154.75,0.433,4,157.0
8335.09,4.875,5425.0,1,13760.09,681.0,0.707,4,157.0
8335.09,4.875,5425.0,2,22095.18,165.0,0.0,3,157.0
8335.09,4.875,5425.0,3,30430.27,157.0,0.0,3,157.0
8335.09,4.875,5425.0,4,38765.36,155.0,0.0,3,157.0
8335.09,4.875,5430.0,0,5430.0,154.5,0.5,4,157.0
8335.09,4.875,5430.0,1,13765.09,679.5,0.5,4,157.0
8335.09,4.875,5430.0,2,22100.18,165.5,0.5,4,157.0
8335.09,4.875,5430.0,3,30435.27,157.0,0.0,4,157.0
8335.09,4.875,5430.0,4,38770.36,155.0,0.0,4,157.0
8335.09,4.875,5435.0,0,5435.0,154.0,0.0,4,157.0
8335.09,4.875,5435.0,1,13770.09,680.25,1.299,4,157.0
8335.09,4.875,5435.0,2,22105.18,165.667,0.471,3,157.0
8335.09,4.875,5435.0,3,30440.27,157.0,0.0,3,157.0
8335.09,4.875,5435.0,4,38775.36,155.0,0.0,3,157.0
8335.09,4.875,5440.0,0,5440.0,154.25,0.433,4,157.0
8335.09,4.875,5440.0,1,13775.09,680.25,0.433,4,157.0
8335.09,4.875,5440.0,2,22110.18,165.25,0.433,4,157.0
8335.09,4.875,5440.0,3,30445.27,157.0,0.0,3,157.0
8335.09,4.875,5440.0,4,38780.36,155.0,0.0,3,157.0
8335.09,4.875,5445.0,0,5445.0,154.25,0.433,4,157.0
8335.09,4.875,5445.0,1,13780.09,680.0,0.0,4,157.0
8335.09,4.875,5445.0,2,22115.18,165.333,0.471,3,157.0
8335.09,4.875,5445.0,3,30450.27,157.0,0.0,3,157.0
8335.09,4.875,5445.0,4,38785.36,155.0,0.0,3,157.0
8335.09,4.875,5450.0,0,5450.0,154.25,0.433,4,157.0
8335.09,4.875,5450.0,1,13785.09,680.5,0.5,4,157.0
8335.09,4.875,5450.0,2,22120.18,165.0,0.0,4,157.0
8335.09,4.875,5450.0,3,30455.27,157.0,0.0,3,157.0
8335.09,4.875,5450.0,4,38790.36,154.667,0.471,3,157.0
8335.09,4.875,5455.0,0,5455.0,154.25,0.433,4,157.0
8335.09,4.875,5455.0,1,13790.09,680.0,1.0,4,157.0
8335.09,4.875,5455.0,2,22125.18,165.5,0.5,4,157.0
8335.09,4.875,5455.0,3,30460.27,157.0,0.0,4,157.0
8335.09,4.875,5455.0,4,38795.36,155.0,0.0,3,157.0
8335.09,4.875,5460.0,0,5460.0,155.0,0.0,4,157.0
8335.09,4.875,5460.0,1,13795.09,680.667,0.471,3,157.0
8335.09,4.875,5460.0,2,22130.18,165.0,0.0,3,157.0
8335.09,4.875,5460.0,3,30465.27,157.0,0.0,3,157.0
8335.09,4.875,5460.0,4,38800.36,155.0,0.0,3,157.0
8335.09,4.875,5465.0,0,5465.0,154.25,0.433,4,157.0
8335.09,4.875,5465.0,1,13800.09,679.75,0.433,4,157.0
8335.09,4.875,5465.0,2,22135.18,165.667,0.471,3,157.0
8335.09,4.875,5465.0,3,30470.27,157.0,0.0,3,157.0
8335.09,4.875,5465.0,4,38805.36,155.0,0.0,3,157.0
8335.09,4.875,5470.0,0,5470.0,154.5,0.5,4,157.0
8335.09,4.875,5470.0,1,13805.09,679.667,0.471,3,157.0
8335.09,4.875,5470.0,2,22140.18,166.0,0.0,3,157.0
8335.09,4.875,5470.0,3,30475.27,157.0,0.0,3,157.0
8335.09,4.875,5470.0,4,38810.36,155.0,0.0,3,157.0
8335.09,4.875,5475.0,0,5475.0,154.5,0.5,4,157.0
8335.09,4.875,5475.0,1,13810.09,679.25,0.829,4,157.0
8335.09,4.875,5475.0,2,22145.18,165.0,0.0,3,157.0
8335.09,4.875,5475.0,3,30480.27,157.0,0.0,3,157.0
8335.09,4.875,5475.0,4,38815.36,155.0,0.0,3,157.0
8335.09,4.875,5480.0,0,5480.0,154.25,0.433,4,157.0
8335.09,4.875,5480.0,1,13815.09,679.75,1.09,4,157.0
8335.09,4.875,5480.0,2,22150.18,165.5,0.5,4,157.0
8335.09,4.875,5480.0,3,30485.27,157.0,0.0,4,157.0
8335.09,4.875,5480.0,4,38820.36,155.0,0.0,4,157.0
8335.09,4.875,5485.0,0,5485.0,154.5,0.5,4,157.0
8335.09,4.875,5485.0,1,13820.09,680.75,0.829,4,157.0
8335.09,4.875,5485.0,2,22155.18,165.0,0.0,3,157.0
8335.09,4.875,5485.0,3,30490.27,157.0,0.0,3,157.0
8335.09,4.875,5485.0,4,38825.36,155.0,0.0,3,157.0
8335.09,4.875,5490.0,0,5490.0,154.5,0.5,4,157.0
8335.09,4.875,5490.0,1,13825.09,679.25,0.829,4,157.0
8335.09,4.875,5490.0,2,22160.18,165.5,0.5,4,157.0
8335.09,4.875,5490.0,3,30495.27,157.0,0.0,3,157.0
8335.09,4.875,5490.0,4,38830.36,155.0,0.0,3,157.0
8335.09,4.875,5495.0,0,5495.0,154.25,0.433,4,157.0
8335.09,4.875,5495.0,1,13830.09,678.75,0.829,4,157.0
8335.09,4.875,5495.0,2,22165.18,165.0,0.0,3,157.0
8335.09,4.875,5495.0,3,30500.27,157.0,0.0,3,157.0
8335.09,4.875,5495.0,4,38835.36,155.0,0.0,3,157.0
8335.09,4.875,5500.0,0,5500.0,154.5,0.5,4,157.333
8335.09,4.875,5500.0,1,13835.09,680.25,0.433,4,157.333
8335.09,4.875,5500.0,2,22170.18,165.5,0.5,4,157.333
8335.09,4.875,5500.0,3,30505.27,157.333,0.471,3,157.333
8335.09,4.875,5500.0,4,38840.36,155.0,0.0,3,157.333
8335.09,4.875,5505.0,0,5505.0,154.75,0.433,4,157.25
8335.09,4.875,5505.0,1,13840.09,680.25,0.433,4,157.25
8335.09,4.875,5505.0,2,22175.18,165.0,0.0,4,157.25
8335.09,4.875,5505.0,3,30510.27,157.25,0.433,4,157.25
8335.09,4.875,5505.0,4,38845.36,155.0,0.0,3,157.25
8335.09,4.875,5510.0,0,5510.0,154.0,0.0,4,157.0
8335.09,4.875,5510.0,1,13845.09,680.0,0.707,4,157.0
8335.09,4.875,5510.0,2,22180.18,165.0,0.0,4,157.0
8335.09,4.875,5510.0,3,30515.27,157.0,0.0,4,157.0
8335.09,4.875,5510.0,4,38850.36,155.0,0.0,4,157.0
8335.09,4.875,5515.0,0,5515.0,154.0,0.0,4,157.0
8335.09,4.875,5515.0,1,13850.09,680.25,0.433,4,157.0
8335.09,4.875,5515.0,2,22185.18,165.0,0.0,3,157.0
8335.09,4.875,5515.0,3,30520.27,157.0,0.0,3,157.0
8335.09,4.875,5515.0,4,38855.36,154.667,0.471,3,157.0
8335.09,4.875,5520.0,0,5520.0,154.0,0.0,4,156.5
8335.09,4.875,5520.0,1,13855.09,680.25,0.829,4,156.5
8335.09,4.875,5520.0,2,22190.18,165.25,0.433,4,156.5
8335.09,4.875,5520.0,3,30525.27,156.5,0.5,4,156.5
8335.09,4.875,5520.0,4,38860.36,154.25,0.433,4,156.5
8335.09,4.875,5525.0,0,5525.0,154.0,0.0,4,156.667
8335.09,4.875,5525.0,1,13860.09,679.75,0.433,4,156.667
8335.09,4.875,5525.0,2,22195.18,165.0,0.0,3,156.667
8335.09,4.875,5525.0,3,30530.27,156.667,0.471,3,156.667
8335.09,4.875,5525.0,4,38865.36,155.0,0.0,3,156.667
8335.09,4.875,5530.0,0,5530.0,154.0,0.0,4,156.333
8335.09,4.875,5530.0,1,13865.09,680.0,0.707,4,156.333
8335.09,4.875,5530.0,2,22200.18,165.0,0.0,4,156.333
8335.09,4.875,5530.0,3,30535.27,156.333,0.471,3,156.333
8335.09,4.875,5530.0,4,38870.36,155.0,0.0,3,156.333
8335.09,4.875,5535.0,0,5535.0,154.0,0.0,4,156.667
8335.09,4.875,5535.0,1,13870.09,679.0,0.707,4,156.667
8335.09,4.875,5535.0,2,22205.18,165.0,0.0,3,156.667
8335.09,4.875,5535.0,3,30540.27,156.667,0.471,3,156.667
8335.09,4.875,5535.0,4,38875.36,154.667,0.471,3,156.667
8335.09,4.875,5540.0,0,5540.0,154.0,0.0,4,157.0
8335.09,4.875,5540.0,1,13875.09,680.25,1.09,4,157.0
8335.09,4.875,5540.0,2,22210.18,165.0,0.0,4,157.0
8335.09,4.875,5540.0,3,30545.27,157.0,0.0,3,157.0
8335.09,4.875,5540.0,4,38880.36,155.0,0.0,3,157.0
8335.09,4.875,5545.0,0,5545.0,154.0,0.0,4,156.0
8335.09,4.875,5545.0,1,13880.09,679.333,0.471,3,156.0
8335.09,4.875,5545.0,2,22215.18,165.0,0.0,3,156.0
8335.09,4.875,5545.0,3,30550.27,156.0,0.0,3,156.0
8335.09,4.875,5545.0,4,38885.36,155.0,0.0,3,156.0
8335.09,4.875,5550.0,0,5550.0,154.0,0.0,4,156.333
8335.09,4.875,5550.0,1,13885.09,680.0,0.707,4,156.333
8335.09,4.875,5550.0,2,22220.18,164.75,0.433,4,156.333
8335.09,4.875,5550.0,3,30555.27,156.333,0.471,3,156.333
8335.09,4.875,5550.0,4,38890.36,154.0,0.0,3,156.333
8335.09,4.875,5555.0,0,5555.0,154.0,0.0,4,156.0
8335.09,4.875,5555.0,1,13890.09,679.75,0.433,4,156.0
8335.09,4.875,5555.0,2,22225.18,165.0,0.0,3,156.0
8335.09,4.875,5555.0,3,30560.27,156.0,0.0,3,156.0
8335.09,4.875,5555.0,4,38895.36,154.0,0.0,3,156.0
8335.09,4.875,5560.0,0,5560.0,154.0,0.0,4,156.0
8335.09,4.875,5560.0,1,13895.09,679.75,1.479,4,156.0
8335.09,4.875,5560.0,2,22230.18,164.5,0.5,4,156.0
8335.09,4.875,5560.0,3,30565.27,156.0,0.0,4,156.0
8335.09,4.875,5560.0,4,38900.36,154.0,0.0,3,156.0
8335.09,4.875,5565.0,0,5565.0,153.5,0.5,4,156.0
8335.09,4.875,5565.0,1,13900.09,680.25,0.433,4,156.0
8335.09,4.875,5565.0,2,22235.18,164.667,0.471,3,156.0
8335.09,4.875,5565.0,3,30570.27,156.0,0.0,3,156.0
8335.09,4.875,5565.0,4,38905.36,154.0,0.0,3,156.0
8335.09,4.875,5570.0,0,5570.0,153.25,0.433,4,156.0
8335.09,4.875,5570.0,1,13905.09,679.75,0.433,4,156.0
8335.09,4.875,5570.0,2,22240.18,164.75,0.433,4,156.0
8335.09,4.875,5570.0,3,30575.27,156.0,0.0,3,156.0
8335.09,4.875,5570.0,4,38910.36,154.0,0.0,3,156.0
8335.09,4.875,5575.0,0,5575.0,154.0,0.0,4,156.25
8335.09,4.875,5575.0,1,13910.09,680.0,0.0,4,156.25
8335.09,4.875,5575.0,2,22245.18,164.75,0.433,4,156.25
8335.09,4.875,5575.0,3,30580.27,156.25,0.433,4,156.25
8335.09,4.875,5575.0,4,38915.36,154.0,0.0,4,156.25
8335.09,4.875,5580.0,0,5580.0,154.0,0.0,4,156.333
8335.09,4.875,5580.0,1,13915.09,679.0,0.707,4,156.333
8335.09,4.875,5580.0,2,22250.18,165.0,0.0,4,156.333
8335.09,4.875,5580.0,3,30585.27,156.333,0.471,3,156.333
8335.09,4.875,5580.0,4,38920.36,154.333,0.471,3,156.333
8335.09,4.875,5585.0,0,5585.0,154.0,0.0,4,157.0
8335.09,4.875,5585.0,1,13920.09,680.5,0.5,4,157.0
8335.09,4.875,5585.0,2,22255.18,165.0,0.0,4,157.0
8335.09,4.875,5585.0,3,30590.27,157.0,0.0,4,157.0
8335.09,4.875,5585.0,4,38925.36,155.0,0.0,4,157.0
8335.09,4.875,5590.0,0,5590.0,154.25,0.433,4,157.0
8335.09,4.875,5590.0,1,13925.09,678.75,1.09,4,157.0
8335.09,4.875,5590.0,2,22260.18,165.0,0.0,4,157.0
8335.09,4.875,5590.0,3,30595.27,157.0,0.0,3,157.0
8335.09,4.875,5590.0,4,38930.36,155.0,0.0,3,157.0
8335.09,4.875,5595.0,0,5595.0,154.0,0.0,4,156.5
8335.09,4.875,5595.0,1,13930.09,679.5,0.5,4,156.5
8335.09,4.875,5595.0,2,22265.18,165.0,0.0,4,156.5
8335.09,4.875,5595.0,3,30600.27,156.5,0.5,4,156.5
8335.09,4.875,5595.0,4,38935.36,154.5,0.5,4,156.5
8335.09,4.875,5600.0,0,5600.0,153.25,0.433,4,156.0
8335.09,4.875,5600.0,1,13935.09,679.667,0.471,3,156.0
8335.09,4.875,5600.0,2,22270.18,164.0,0.0,3,156.0
8335.09,4.875,5600.0,3,30605.27,156.0,0.0,3,156.0
8335.09,4.875,5600.0,4,38940.36,153.333,0.471,3,156.0
8335.09,4.875,5605.0,0,5605.0,153.0,0.0,4,156.0
8335.09,4.875,5605.0,1,13940.09,679.5,1.118,4,156.0
8335.09,4.875,5605.0,2,22275.18,164.0,0.0,3,156.0
8335.09,4.875,5605.0,3,30610.27,156.0,0.0,3,156.0
8335.09,4.875,5605.0,4,38945.36,154.0,0.0,3,156.0
8335.09,4.875,5610.0,0,5610.0,153.0,0.0,4,155.75
8335.09,4.875,5610.0,1,13945.09,679.0,0.707,4,155.75
8335.09,4.875,5610.0,2,22280.18,164.0,0.0,4,155.75
8335.09,4.875,5610.0,3,30615.27,155.75,0.433,4,155.75
8335.09,4.875,5610.0,4,38950.36,153.333,0.471,3,155.75
8335.09,4.875,5615.0,0,5615.0,153.0,0.0,4,156.0
8335.09,4.875,5615.0,1,13950.09,679.5,1.118,4,156.0
8335.09,4.875,5615.0,2,22285.18,164.0,0.0,3,156.0
8335.09,4.875,5615.0,3,30620.27,156.0,0.0,3,156.0
8335.09,4.875,5615.0,4,38955.36,153.667,0.471,3,156.0
8335.09,4.875,5620.0,0,5620.0,153.0,0.0,4,156.0
8335.09,4.875,5620.0,1,13955.09,679.75,0.829,4,156.0
8335.09,4.875,5620.0,2,22290.18,164.0,0.0,4,156.0
8335.09,4.875,5620.0,3,30625.27,156.0,0.0,3,156.0
8335.09,4.875,5620.0,4,38960.36,154.0,0.0,3,156.0
8335.09,4.875,5625.0,0,5625.0,153.0,0.0,4,155.667
8335.09,4.875,5625.0,1,13960.09,679.667,0.471,3,155.667
8335.09,4.875,5625.0,2,22295.18,164.0,0.0,3,155.667
8335.09,4.875,5625.0,3,30630.27,155.667,0.471,3,155.667
8335.09,4.875,5625.0,4,38965.36,153.667,0.471,3,155.667
8335.09,4.875,5630.0,0,5630.0,153.0,0.0,4,155.5
8335.09,4.875,5630.0,1,13965.09,679.5,1.118,4,155.5
8335.09,4.875,5630.0,2,22300.18,164.0,0.0,4,155.5
8335.09,4.875,5630.0,3,30635.27,155.5,0.5,4,155.5
8335.09,4.875,5630.0,4,38970.36,153.75,0.433,4,155.5
8335.09,4.875,5635.0,0,5635.0,153.0,0.0,4,155.333
8335.09,4.875,5635.0,1,13970.09,680.0,0.816,3,155.333
8335.09,4.875,5635.0,2,22305.18,164.0,0.0,3,155.333
8335.09,4.875,5635.0,3,30640.27,155.333,0.471,3,155.333
8335.09,4.875,5635.0,4,38975.36,153.333,0.471,3,155.333
8335.09,4.875,5640.0,0,5640.0,153.0,0.0,4,155.333
8335.09,4.875,5640.0,1,13975.09,680.0,0.0,4,155.333
8335.09,4.875,5640.0,2,22310.18,164.0,0.0,4,155.333
8335.09,4.875,5640.0,3,30645.27,155.333,0.471,3,155.333
8335.09,4.875,5640.0,4,38980.36,154.0,0.0,3,155.333
8335.09,4.875,5645.0,0,5645.0,153.0,0.0,4,155.0
8335.09,4.875,5645.0,1,13980.09,689.667,1.247,3,155.0
8335.09,4.875,5645.0,2,22315.18,161.0,0.0,3,155.0
8335.09,4.875,5645.0,3,30650.27,155.0,0.0,3,155.0
8335.09,4.875,5645.0,4,38985.36,153.0,0.0,3,155.0
8335.09,4.875,5650.0,0,5650.0,153.0,0.0,4,154.0
8335.09,4.875,5650.0,1,13985.09,715.25,3.491,4,154.0
8335.09,4.875,5650.0,2,22320.18,159.0,0.0,4,154.0
8335.09,4.875,5650.0,3,30655.27,154.0,0.0,3,154.0
8335.09,4.875,5650.0,4,38990.36,153.0,0.0,3,154.0
8335.09,4.875,5655.0,0,5655.0,153.0,0.0,4,154.0
8335.09,4.875,5655.0,1,13990.09,737.75,0.433,4,154.0
8335.09,4.875,5655.0,2,22325.18,158.0,0.0,3,154.0
8335.09,4.875,5655.0,3,30660.27,154.0,0.0,3,154.0
8335.09,4.875,5655.0,4,38995.36,153.333,0.471,3,154.0
8335.09,4.875,5660.0,0,5660.0,153.0,0.0,4,154.0
8335.09,4.875,5660.0,1,13995.09,737.75,0.829,4,154.0
8335.09,4.875,5660.0,2,22330.18,158.5,0.5,4,154.0
8335.09,4.875,5660.0,3,30665.27,154.0,0.0,4,154.0
8335.09,4.875,5660.0,4,39000.36,153.0,0.0,4,154.0
8335.09,4.875,5665.0,0,5665.0,153.0,0.0,4,154.0
8335.09,4.875,5665.0,1,14000.09,738.0,0.707,4,154.0
8335.09,4.875,5665.0,2,22335.18,158.5,0.5,4,154.0
8335.09,4.875,5665.0,3,30670.27,154.0,0.0,4,154.0
8335.09,4.875,5665.0,4,39005.36,153.0,0.0,3,154.0
8335.09,4.875,5670.0,0,5670.0,153.0,0.0,4,154.5
8335.09,4.875,5670.0,1,14005.09,737.5,0.5,4,154.5
8335.09,4.875,5670.0,2,22340.18,158.25,0.433,4,154.5
8335.09,4.875,5670.0,3,30675.27,154.5,0.5,4,154.5
8335.09,4.875,5670.0,4,39010.36,153.0,0.0,4,154.5
8335.09,4.875,5675.0,0,5675.0,153.0,0.0,4,154.0
8335.09,4.875,5675.0,1,14010.09,737.75,1.299,4,154.0
8335.09,4.875,5675.0,2,22345.18,158.0,0.0,3,154.0
8335.09,4.875,5675.0,3,30680.27,154.0,0.0,3,154.0
8335.09,4.875,5675.0,4,39015.36,153.0,0.0,3,154.0
8335.09,4.875,5680.0,0,5680.0,153.0,0.0,4,154.0
8335.09,4.875,5680.0,1,14015.09,737.5,1.118,4,154.0
8335.09,4.875,5680.0,2,22350.18,158.5,0.5,4,154.0
8335.09,4.875,5680.0,3,30685.27,154.0,0.0,4,154.0
8335.09,4.875,5680.0,4,39020.36,153.25,0.433,4,154.0
8335.09,4.875,5685.0,0,5685.0,153.0,0.0,4,154.0
8335.09,4.875,5685.0,1,14020.09,737.667,0.943,3,154.0
8335.09,4.875,5685.0,2,22355.18,159.0,0.0,3,154.0
8335.09,4.875,5685.0,3,30690.27,154.0,0.0,3,154.0
8335.09,4.875,5685.0,4,39025.36,153.0,0.0,3,154.0
8335.09,4.875,5690.0,0,5690.0,153.0,0.0,4,154.0
8335.09,4.875,5690.0,1,14025.09,738.0,1.225,4,154.0
8335.09,4.875,5690.0,2,22360.18,158.75,0.433,4,154.0
8335.09,4.875,5690.0,3,30695.27,154.0,0.0,4,154.0
8335.09,4.875,5690.0,4,39030.36,153.25,0.433,4,154.0
8335.09,4.875,5695.0,0,5695.0,153.0,0.0,4,154.0
8335.09,4.875,5695.0,1,14030.09,737.333,0.471,3,154.0
8335.09,4.875,5695.0,2,22365.18,158.333,0.471,3,154.0
8335.09,4.875,5695.0,3,30700.27,154.0,0.0,3,154.0
8335.09,4.875,5695.0,4,39035.36,153.0,0.0,3,154.0
8335.09,4.875,5700.0,0,5700.0,152.75,0.433,4,154.0
8335.09,4.875,5700.0,1,14035.09,737.5,0.5,4,154.0
8335.09,4.875,5700.0,2,22370.18,158.75,0.433,4,154.0
8335.09,4.875,5700.0,3,30705.27,154.0,0.0,3,154.0
8335.09,4.875,5700.0,4,39040.36,153.0,0.0,3,154.0
8335.09,4.875,5705.0,0,5705.0,153.0,0.0,4,154.5
8335.09,4.875,5705.0,1,14040.09,737.25,0.433,4,154.5
8335.09,4.875,5705.0,2,22375.18,159.0,0.0,4,154.5
8335.09,4.875,5705.0,3,30710.27,154.5,0.5,4,154.5
8335.09,4.875,5705.0,4,39045.36,153.0,0.0,3,154.5
8335.09,4.875,5710.0,0,5710.0,153.0,0.0,4,154.75
8335.09,4.875,5710.0,1,14045.09,738.25,0.829,4,154.75
8335.09,4.875,5710.0,2,22380.18,159.0,0.0,4,154.75
8335.09,4.875,5710.0,3,30715.27,154.75,0.433,4,154.75
8335.09,4.875,5710.0,4,39050.36,153.25,0.433,4,154.75
8335.09,4.875,5715.0,0,5715.0,153.0,0.0,4,154.0
8335.09,4.875,5715.0,1,14050.09,737.5,0.5,4,154.0
8335.09,4.875,5715.0,2,22385.18,158.5,0.5,4,154.0
8335.09,4.875,5715.0,3,30720.27,154.0,0.0,4,154.0
8335.09,4.875,5715.0,4,39055.36,153.0,0.0,3,154.0
8335.09,4.875,5720.0,0,5720.0,153.0,0.0,4,154.0
8335.09,4.875,5720.0,1,14055.09,737.0,1.0,4,154.0
8335.09,4.875,5720.0,2,22390.18,159.0,0.0,4,154.0
8335.09,4.875,5720.0,3,30725.27,154.0,0.0,4,154.0
8335.09,4.875,5720.0,4,39060.36,153.5,0.5,4,154.0
8335.09,4.875,5725.0,0,5725.0,154.5,0.5,4,156.0
8335.09,4.875,5725.0,1,14060.09,738.0,0.707,4,156.0
8335.09,4.875,5725.0,2,22395.18,160.75,0.433,4,156.0
8335.09,4.875,5725.0,3,30730.27,156.0,0.707,4,156.0
8335.09,4.875,5725.0,4,39065.36,154.667,0.471,3,156.0
8335.09,4.875,5730.0,0,5730.0,155.25,0.433,4,156.25
8335.09,4.875,5730.0,1,14065.09,737.5,0.5,4,156.25
8335.09,4.875,5730.0,2,22400.18,161.0,0.0,4,156.25
8335.09,4.875,5730.0,3,30735.27,156.25,0.433,4,156.25
8335.09,4.875,5730.0,4,39070.36,155.5,0.5,4,156.25
8335.09,4.875,5735.0,0,5735.0,155.25,0.433,4,156.667
8335.09,4.875,5735.0,1,14070.09,737.0,0.707,4,156.667
8335.09,4.875,5735.0,2,22405.18,161.0,0.0,4,156.667
8335.09,4.875,5735.0,3,30740.27,156.667,0.471,3,156.667
8335.09,4.875,5735.0,4,39075.36,155.667,0.471,3,156.667
8335.09,4.875,5740.0,0,5740.0,155.0,0.0,4,156.75
8335.09,4.875,5740.0,1,14075.09,738.25,0.829,4,156.75
8335.09,4.875,5740.0,2,22410.18,161.0,0.0,4,156.75
8335.09,4.875,5740.0,3,30745.27,156.75,0.433,4,156.75
8335.09,4.875,5740.0,4,39080.36,155.75,0.433,4,156.75
8335.09,4.875,5745.0,0,5745.0,155.5,0.5,4,156.333
8335.09,4.875,5745.0,1,14080.09,738.0,0.816,3,156.333
8335.09,4.875,5745.0,2,22415.18,161.0,0.0,3,156.333
8335.09,4.875,5745.0,3,30750.27,156.333,0.471,3,156.333
8335.09,4.875,5745.0,4,39085.36,156.0,0.0,3,156.333
8335.09,4.875,5750.0,0,5750.0,155.0,0.0,4,156.5
8335.09,4.875,5750.0,1,14085.09,737.0,0.707,4,156.5
8335.09,4.875,5750.0,2,22420.18,161.0,0.0,4,156.5
8335.09,4.875,5750.0,3,30755.27,156.5,0.5,4,156.5
8335.09,4.875,5750.0,4,39090.36,155.667,0.471,3,156.5
8335.09,4.875,5755.0,0,5755.0,155.25,0.433,4,157.0
8335.09,4.875,5755.0,1,14090.09,737.25,1.09,4,157.0
8335.09,4.875,5755.0,2,22425.18,161.0,0.0,4,157.0
8335.09,4.875,5755.0,3,30760.27,157.0,0.0,3,157.0
8335.09,4.875,5755.0,4,39095.36,155.333,0.471,3,157.0
8335.09,4.875,5760.0,0,5760.0,155.5,0.5,4,156.667
8335.09,4.875,5760.0,1,14095.09,737.0,0.707,4,156.667
8335.09,4.875,5760.0,2,22430.18,161.0,0.0,3,156.667
8335.09,4.875,5760.0,3,30765.27,156.667,0.471,3,156.667
8335.09,4.875,5760.0,4,39100.36,155.667,0.471,3,156.667
8335.09,4.875,5765.0,0,5765.0,155.0,0.0,4,156.333
8335.09,4.875,5765.0,1,14100.09,737.0,1.225,4,156.333
8335.09,4.875,5765.0,2,22435.18,161.0,0.0,4,156.333
8335.09,4.875,5765.0,3,30770.27,156.333,0.471,3,156.333
8335.09,4.875,5765.0,4,39105.36,156.0,0.0,3,156.333
8335.09,4.875,5770.0,0,5770.0,155.0,0.0,4,157.0
8335.09,4.875,5770.0,1,14105.09,737.0,0.707,4,157.0
8335.09,4.875,5770.0,2,22440.18,161.0,0.0,4,157.0
8335.09,4.875,5770.0,3,30775.27,157.0,0.0,4,157.0
8335.09,4.875,5770.0,4,39110.36,155.75,0.433,4,157.0
8335.09,4.875,5775.0,0,5775.0,155.25,0.433,4,157.0
8335.09,4.875,5775.0,1,14110.09,736.5,0.866,4,157.0
8335.09,4.875,5775.0,2,22445.18,161.0,0.0,4,157.0
8335.09,4.875,5775.0,3,30780.27,157.0,0.0,3,157.0
8335.09,4.875,5775.0,4,39115.36,155.667,0.471,3,157.0
8335.09,4.875,5780.0,0,5780.0,155.25,0.433,4,157.0
8335.09,4.875,5780.0,1,14115.09,735.75,0.829,4,157.0
8335.09,4.875,5780.0,2,22450.18,161.0,0.0,4,157.0
8335.09,4.875,5780.0,3,30785.27,157.0,0.0,4,157.0
8335.09,4.875,5780.0,4,39120.36,155.5,0.5,4,157.0
8335.09,4.875,5785.0,0,5785.0,155.0,0.0,4,156.667
8335.09,4.875,5785.0,1,14120.09,736.5,0.5,4,156.667
8335.09,4.875,5785.0,2,22455.18,161.0,0.0,4,156.667
8335.09,4.875,5785.0,3,30790.27,156.667,0.471,3,156.667
8335.09,4.875,5785.0,4,39125.36,155.667,0.471,3,156.667
8335.09,4.875,5790.0,0,5790.0,155.5,0.5,4,157.0
8335.09,4.875,5790.0,1,14125.09,736.5,0.5,4,157.0
8335.09,4.875,5790.0,2,22460.18,161.0,0.0,4,157.0
8335.09,4.875,5790.0,3,30795.27,157.0,0.0,4,157.0
8335.09,4.875,5790.0,4,39130.36,155.0,0.0,4,157.0
8335.09,4.875,5795.0,0,5795.0,155.25,0.433,4,156.667
8335.09,4.875,5795.0,1,14130.09,736.25,1.639,4,156.667
8335.09,4.875,5795.0,2,22465.18,161.0,0.0,4,156.667
8335.09,4.875,5795.0,3,30800.27,156.667,0.471,3,156.667
8335.09,4.875,5795.0,4,39135.36,155.667,0.471,3,156.667
8335.09,4.875,5800.0,0,5800.0,155.0,0.0,4,156.25
8335.09,4.875,5800.0,1,14135.09,736.25,0.433,4,156.25
8335.09,4.875,5800.0,2,22470.18,160.75,0.433,4,156.25
8335.09,4.875,5800.0,3,30805.27,156.25,0.433,4,156.25
8335.09,4.875,5800.0,4,39140.36,155.667,0.471,3,156.25
8335.09,4.875,5805.0,0,5805.0,155.0,0.0,4,156.75
8335.09,4.875,5805.0,1,14140.09,735.75,0.433,4,156.75
8335.09,4.875,5805.0,2,22475.18,161.0,0.0,4,156.75
8335.09,4.875,5805.0,3,30810.27,156.75,0.433,4,156.75
8335.09,4.875,5805.0,4,39145.36,155.25,0.433,4,156.75
8335.09,4.875,5810.0,0,5810.0,155.25,0.433,4,156.667
8335.09,4.875,5810.0,1,14145.09,735.0,0.707,4,156.667
8335.09,4.875,5810.0,2,22480.18,161.0,0.0,3,156.667
8335.09,4.875,5810.0,3,30815.27,156.667,0.471,3,156.667
8335.09,4.875,5810.0,4,39150.36,155.333,0.471,3,156.667
8335.09,4.875,5815.0,0,5815.0,155.5,0.5,4,156.667
8335.09,4.875,5815.0,1,14150.09,735.5,0.5,4,156.667
8335.09,4.875,5815.0,2,22485.18,161.0,0.0,4,156.667
8335.09,4.875,5815.0,3,30820.27,156.667,0.471,3,156.667
8335.09,4.875,5815.0,4,39155.36,155.667,0.471,3,156.667
8335.09,4.875,5820.0,0,5820.0,155.0,0.0,4,156.667
8335.09,4.875,5820.0,1,14155.09,734.75,1.09,4,156.667
8335.09,4.875,5820.0,2,22490.18,161.0,0.0,3,156.667
8335.09,4.875,5820.0,3,30825.27,156.667,0.471,3,156.667
8335.09,4.875,5820.0,4,39160.36,155.667,0.471,3,156.667
8335.09,4.875,5825.0,0,5825.0,155.25,0.433,4,157.0
8335.09,4.875,5825.0,1,14160.09,735.5,0.5,4,157.0
8335.09,4.875,5825.0,2,22495.18,161.0,0.0,4,157.0
8335.09,4.875,5825.0,3,30830.27,157.0,0.0,3,157.0
8335.09,4.875,5825.0,4,39165.36,155.333,0.471,3,157.0
8335.09,4.875,5830.0,0,5830.0,155.0,0.0,4,156.5
8335.09,4.875,5830.0,1,14165.09,735.0,0.707,4,156.5
8335.09,4.875,5830.0,2,22500.18,161.0,0.0,4,156.5
8335.09,4.875,5830.0,3,30835.27,156.5,0.5,4,156.5
8335.09,4.875,5830.0,4,39170.36,155.5,0.5,4,156.5
8335.09,4.875,5835.0,0,5835.0,155.25,0.433,4,156.667
8335.09,4.875,5835.0,1,14170.09,734.0,1.0,4,156.667
8335.09,4.875,5835.0,2,22505.18,161.0,0.0,4,156.667
8335.09,4.875,5835.0,3,30840.27,156.667,0.471,3,156.667
8335.09,4.875,5835.0,4,39175.36,155.667,0.471,3,156.667
8335.09,4.875,5840.0,0,5840.0,155.0,0.0,4,157.0
8335.09,4.875,5840.0,1,14175.09,734.0,1.225,4,157.0
8335.09,4.875,5840.0,2,22510.18,161.0,0.0,4,157.0
8335.09,4.875,5840.0,3,30845.27,157.0,0.0,4,157.0
8335.09,4.875,5840.0,4,39180.36,155.5,0.5,4,157.0
8335.09,4.875,5845.0,0,5845.0,155.0,0.0,4,156.667
8335.09,4.875,5845.0,1,14180.09,734.25,0.829,4,156.667
8335.09,4.875,5845.0,2,22515.18,161.0,0.0,4,156.667
8335.09,4.875,5845.0,3,30850.27,156.667,0.471,3,156.667
8335.09,4.875,5845.0,4,39185.36,155.333,0.471,3,156.667
8335.09,4.875,5850.0,0,5850.0,155.0,0.0,4,156.75
8335.09,4.875,5850.0,1,14185.09,734.0,0.707,4,156.75
8335.09,4.875,5850.0,2,22520.18,161.0,0.0,4,156.75
8335.09,4.875,5850.0,3,30855.27,156.75,0.433,4,156.75
8335.09,4.875,5850.0,4,39190.36,155.333,0.471,3,156.75
8335.09,4.875,5855.0,0,5855.0,155.25,0.433,4,156.333
8335.09,4.875,5855.0,1,14190.09,734.0,0.816,3,156.333
8335.09,4.875,5855.0,2,22525.18,161.0,0.0,3,156.333
8335.09,4.875,5855.0,3,30860.27,156.333,0.471,3,156.333
8335.09,4.875,5855.0,4,39195.36,155.0,0.0,3,156.333
8335.09,4.875,5860.0,0,5860.0,155.0,0.0,4,156.667
8335.09,4.875,5860.0,1,14195.09,733.5,0.5,4,156.667
8335.09,4.875,5860.0,2,22530.18,161.0,0.0,3,156.667
8335.09,4.875,5860.0,3,30865.27,156.667,0.471,3,156.667
8335.09,4.875,5860.0,4,39200.36,156.0,0.0,3,156.667
8335.09,4.875,5865.0,0,5865.0,155.0,0.0,4,156.5
8335.09,4.875,5865.0,1,14200.09,733.0,1.0,4,156.5
8335.09,4.875,5865.0,2,22535.18,161.0,0.0,4,156.5
8335.09,4.875,5865.0,3,30870.27,156.5,0.5,4,156.5
8335.09,4.875,5865.0,4,39205.36,155.5,0.5,4,156.5
8335.09,4.875,5870.0,0,5870.0,155.0,0.0,4,156.667
8335.09,4.875,5870.0,1,14205.09,732.0,1.0,4,156.667
8335.09,4.875,5870.0,2,22540.18,161.0,0.0,3,156.667
8335.09,4.875,5870.0,3,30875.27,156.667,0.471,3,156.667
8335.09,4.875,5870.0,4,39210.36,155.667,0.471,3,156.667
8335.09,4.875,5875.0,0,5875.0,155.0,0.0,4,156.667
8335.09,4.875,5875.0,1,14210.09,733.333,0.471,3,156.667
8335.09,4.875,5875.0,2,22545.18,161.0,0.0,3,156.667
8335.09,4.875,5875.0,3,30880.27,156.667,0.471,3,156.667
8335.09,4.875,5875.0,4,39215.36,155.333,0.471,3,156.667
8335.09,4.875,5880.0,0,5880.0,155.0,0.0,4,156.5
8335.09,4.875,5880.0,1,14215.09,734.5,0.866,4,156.5
8335.09,4.875,5880.0,2,22550.18,161.0,0.0,4,156.5
8335.09,4.875,5880.0,3,30885.27,156.5,0.5,4,156.5
8335.09,4.875,5880.0,4,39220.36,155.667,0.471,3,156.5
8335.09,4.875,5885.0,0,5885.0,155.0,0.0,4,157.0
8335.09,4.875,5885.0,1,14220.09,706.0,3.742,4,157.0
8335.09,4.875,5885.0,2,22555.18,162.0,0.0,4,157.0
8335.09,4.875,5885.0,3,30890.27,157.0,0.0,4,157.0
8335.09,4.875,5885.0,4,39225.36,155.75,0.433,4,157.0
8335.09,4.875,5890.0,0,5890.0,155.25,0.433,4,158.0
8335.09,4.875,5890.0,1,14225.09,680.75,1.479,4,158.0
8335.09,4.875,5890.0,2,22560.18,165.75,0.829,4,158.0
8335.09,4.875,5890.0,3,30895.27,158.0,0.0,4,158.0
8335.09,4.875,5890.0,4,39230.36,156.0,0.0,3,158.0
8335.09,4.875,5895.0,0,5895.0,155.0,0.0,4,158.0
8335.09,4.875,5895.0,1,14230.09,678.5,0.5,4,158.0
8335.09,4.875,5895.0,2,22565.18,167.0,0.0,4,158.0
8335.09,4.875,5895.0,3,30900.27,158.0,0.0,4,158.0
8335.09,4.875,5895.0,4,39235.36,155.5,0.5,4,158.0
8335.09,4.875,5900.0,0,5900.0,155.25,0.433,4,158.0
8335.09,4.875,5900.0,1,14235.09,677.25,0.829,4,158.0
8335.09,4.875,5900.0,2,22570.18,167.0,0.0,4,158.0
8335.09,4.875,5900.0,3,30905.27,158.0,0.0,4,158.0
8335.09,4.875,5900.0,4,39240.36,156.0,0.0,3,158.0
8335.09,4.875,5905.0,0,5905.0,155.25,0.433,4,158.0
8335.09,4.875,5905.0,1,14240.09,678.75,0.433,4,158.0
8335.09,4.875,5905.0,2,22575.18,167.0,0.0,4,158.0
8335.09,4.875,5905.0,3,30910.27,158.0,0.0,4,158.0
8335.09,4.875,5905.0,4,39245.36,156.0,0.0,4,158.0
8335.09,4.875,5910.0,0,5910.0,155.25,0.433,4,158.0
8335.09,4.875,5910.0,1,14245.09,678.0,0.0,3,158.0
8335.09,4.875,5910.0,2,22580.18,167.0,0.0,3,158.0
8335.09,4.875,5910.0,3,30915.27,158.0,0.0,3,158.0
8335.09,4.875,5910.0,4,39250.36,155.667,0.471,3,158.0
8335.09,4.875,5915.0,0,5915.0,155.5,0.5,4,158.0
8335.09,4.875,5915.0,1,14250.09,678.0,0.707,4,158.0
8335.09,4.875,5915.0,2,22585.18,167.0,0.0,4,158.0
8335.09,4.875,5915.0,3,30920.27,158.0,0.0,4,158.0
8335.09,4.875,5915.0,4,39255.36,156.0,0.0,4,158.0
8335.09,4.875,5920.0,0,5920.0,155.0,0.0,4,158.0
8335.09,4.875,5920.0,1,14255.09,677.333,0.943,3,158.0
8335.09,4.875,5920.0,2,22590.18,167.0,0.0,3,158.0
8335.09,4.875,5920.0,3,30925.27,158.0,0.0,3,158.0
8335.09,4.875,5920.0,4,39260.36,156.0,0.0,3,158.0
8335.09,4.875,5925.0,0,5925.0,155.25,0.433,4,158.0
8335.09,4.875,5925.0,1,14260.09,677.0,0.707,4,158.0
8335.09,4.875,5925.0,2,22595.18,167.0,0.0,4,158.0
8335.09,4.875,5925.0,3,30930.27,158.0,0.0,4,158.0
8335.09,4.875,5925.0,4,39265.36,156.0,0.0,3,158.0
8335.09,4.875,5930.0,0,5930.0,155.0,0.0,4,158.0
8335.09,4.875,5930.0,1,14265.09,678.0,0.0,3,158.0
8335.09,4.875,5930.0,2,22600.18,166.667,0.471,3,158.0
8335.09,4.875,5930.0,3,30935.27,158.0,0.0,3,158.0
8335.09,4.875,5930.0,4,39270.36,156.0,0.0,3,158.0
8335.09,4.875,5935.0,0,5935.0,155.25,0.433,4,158.0
8335.09,4.875,5935.0,1,14270.09,677.75,0.433,4,158.0
8335.09,4.875,5935.0,2,22605.18,166.75,0.433,4,158.0
8335.09,4.875,5935.0,3,30940.27,158.0,0.0,4,158.0
8335.09,4.875,5935.0,4,39275.36,156.0,0.0,3,158.0
8335.09,4.875,5940.0,0,5940.0,155.0,0.0,4,158.0
8335.09,4.875,5940.0,1,14275.09,678.0,0.816,3,158.0
8335.09,4.875,5940.0,2,22610.18,166.667,0.471,3,158.0
8335.09,4.875,5940.0,3,30945.27,158.0,0.0,3,158.0
8335.09,4.875,5940.0,4,39280.36,156.0,0.0,3,158.0
8335.09,4.875,5945.0,0,5945.0,155.25,0.433,4,158.0
8335.09,4.875,5945.0,1,14280.09,677.75,0.433,4,158.0
8335.09,4.875,5945.0,2,22615.18,166.75,0.433,4,158.0
8335.09,4.875,5945.0,3,30950.27,158.0,0.0,4,158.0
8335.09,4.875,5945.0,4,39285.36,156.0,0.0,3,158.0
8335.09,4.875,5950.0,0,5950.0,155.25,0.433,4,158.0
8335.09,4.875,5950.0,1,14285.09,677.667,0.943,3,158.0
8335.09,4.875,5950.0,2,22620.18,167.0,0.0,3,158.0
8335.09,4.875,5950.0,3,30955.27,158.0,0.0,3,158.0
8335.09,4.875,5950.0,4,39290.36,156.0,0.0,3,158.0
8335.09,4.875,5955.0,0,5955.0,155.0,0.0,4,158.0
8335.09,4.875,5955.0,1,14290.09,677.25,0.433,4,158.0
8335.09,4.875,5955.0,2,22625.18,167.0,0.0,3,158.0
8335.09,4.875,5955.0,3,30960.27,158.0,0.0,3,158.0
8335.09,4.875,5955.0,4,39295.36,156.0,0.0,3,158.0
8335.09,4.875,5960.0,0,5960.0,155.25,0.433,4,158.0
8335.09,4.875,5960.0,1,14295.09,677.25,0.829,4,158.0
8335.09,4.875,5960.0,2,22630.18,167.0,0.0,4,158.0
8335.09,4.875,5960.0,3,30965.27,158.0,0.0,3,158.0
8335.09,4.875,5960.0,4,39300.36,156.0,0.0,3,158.0
8335.09,4.875,5965.0,0,5965.0,155.0,0.0,4,158.0
8335.09,4.875,5965.0,1,14300.09,677.75,0.433,4,158.0
8335.09,4.875,5965.0,2,22635.18,167.0,0.0,3,158.0
8335.09,4.875,5965.0,3,30970.27,158.0,0.0,3,158.0
8335.09,4.875,5965.0,4,39305.36,155.667,0.471,3,158.0
8335.09,4.875,5970.0,0,5970.0,155.0,0.0,4,158.0
8335.09,4.875,5970.0,1,14305.09,677.25,1.299,4,158.0
8335.09,4.875,5970.0,2,22640.18,167.0,0.0,4,158.0
8335.09,4.875,5970.0,3,30975.27,158.0,0.0,3,158.0
8335.09,4.875,5970.0,4,39310.36,156.0,0.0,3,158.0
8335.09,4.875,5975.0,0,5975.0,155.0,0.0,4,158.0
8335.09,4.875,5975.0,1,14310.09,677.0,0.816,3,158.0
8335.09,4.875,5975.0,2,22645.18,166.667,0.471,3,158.0
8335.09,4.875,5975.0,3,30980.27,158.0,0.0,3,158.0
8335.09,4.875,5975.0,4,39315.36,156.0,0.0,3,158.0
8335.09,4.875,5980.0,0,5980.0,155.0,0.0,4,157.667
8335.09,4.875,5980.0,1,14315.09,677.5,0.5,4,157.667
8335.09,4.875,5980.0,2,22650.18,167.0,0.0,4,157.667
8335.09,4.875,5980.0,3,30985.27,157.667,0.471,3,157.667
8335.09,4.875,5980.0,4,39320.36,156.0,0.0,3,157.667
8335.09,4.875,5985.0,0,5985.0,155.0,0.0,4,158.0
8335.09,4.875,5985.0,1,14320.09,676.333,1.7,3,158.0
8335.09,4.875,5985.0,2,22655.18,167.0,0.0,3,158.0
8335.09,4.875,5985.0,3,30990.27,158.0,0.0,3,158.0
8335.09,4.875,5985.0,4,39325.36,156.0,0.0,3,158.0
8335.09,4.875,5990.0,0,5990.0,155.0,0.0,4,158.0
8335.09,4.875,5990.0,1,14325.09,677.0,0.707,4,158.0
8335.09,4.875,5990.0,2,22660.18,166.75,0.433,4,158.0
8335.09,4.875,5990.0,3,30995.27,158.0,0.0,3,158.0
8335.09,4.875,5990.0,4,39330.36,155.667,0.471,3,158.0
8335.09,4.875,5995.0,0,5995.0,155.0,0.0,4,158.333
8335.09,4.875,5995.0,1,14330.09,677.333,0.471,3,158.333
8335.09,4.875,5995.0,2,22665.18,166.667,0.471,3,158.333
8335.09,4.875,5995.0,3,31000.27,158.333,0.471,3,158.333
8335.09,4.875,5995.0,4,39335.36,156.0,0.0,3,158.333
8335.09,4.875,6000.0,0,6000.0,155.0,0.0,4,158.0
8335.09,4.875,6000.0,1,14335.09,677.5,0.5,4,158.0
8335.09,4.875,6000.0,2,22670.18,166.667,0.471,3,158.0
8335.09,4.875,6000.0,3,31005.27,158.0,0.0,3,158.0
8335.09,4.875,6000.0,4,39340.36,156.0,0.0,3,158.0
8335.09,4.875,6005.0,0,6005.0,155.0,0.0,4,157.667
8335.09,4.875,6005.0,1,14340.09,677.0,0.0,4,157.667
8335.09,4.875,6005.0,2,22675.18,167.0,0.0,4,157.667
8335.09,4.875,6005.0,3,31010.27,157.667,0.471,3,157.667
8335.09,4.875,6005.0,4,39345.36,156.0,0.0,3,157.667
8335.09,4.875,6010.0,0,6010.0,155.25,0.433,4,158.0
8335.09,4.875,6010.0,1,14345.09,676.75,0.433,4,158.0
8335.09,4.875,6010.0,2,22680.18,166.75,0.433,4,158.0
8335.09,4.875,6010.0,3,31015.27,158.0,0.0,4,158.0
8335.09,4.875,6010.0,4,39350.36,155.75,0.433,4,158.0
8335.09,4.875,6015.0,0,6015.0,155.0,0.0,4,158.0
8335.09,4.875,6015.0,1,14350.09,676.75,0.433,4,158.0
8335.09,4.875,6015.0,2,22685.18,167.0,0.0,4,158.0
8335.09,4.875,6015.0,3,31020.27,158.0,0.0,3,158.0
8335.09,4.875,6015.0,4,39355.36,156.0,0.0,3,158.0
8335.09,4.875,6020.0,0,6020.0,155.0,0.0,4,157.75
8335.09,4.875,6020.0,1,14355.09,677.0,0.0,4,157.75
8335.09,4.875,6020.0,2,22690.18,166.75,0.433,4,157.75
8335.09,4.875,6020.0,3,31025.27,157.75,0.433,4,157.75
8335.09,4.875,6020.0,4,39360.36,155.75,0.433,4,157.75
8335.09,4.875,6025.0,0,6025.0,155.0,0.0,4,158.0
8335.09,4.875,6025.0,1,14360.09,676.75,0.433,4,158.0
8335.09,4.875,6025.0,2,22695.18,167.0,0.0,4,158.0
8335.09,4.875,6025.0,3,31030.27,158.0,0.0,3,158.0
8335.09,4.875,6025.0,4,39365.36,156.0,0.0,3,158.0
8335.09,4.875,6030.0,0,6030.0,155.0,0.0,4,158.0
8335.09,4.875,6030.0,1,14365.09,676.75,0.433,4,158.0
8335.09,4.875,6030.0,2,22700.18,167.0,0.0,4,158.0
8335.09,4.875,6030.0,3,31035.27,158.0,0.0,4,158.0
8335.09,4.875,6030.0,4,39370.36,155.75,0.433,4,158.0
8335.09,4.875,6035.0,0,6035.0,155.0,0.0,4,158.0
8335.09,4.875,6035.0,1,14370.09,677.0,0.0,3,158.0
8335.09,4.875,6035.0,2,22705.18,167.0,0.0,3,158.0
8335.09,4.875,6035.0,3,31040.27,158.0,0.0,3,158.0
8335.09,4.875,6035.0,4,39375.36,156.0,0.0,3,158.0
8335.09,4.875,6040.0,0,6040.0,155.0,0.0,4,158.0
8335.09,4.875,6040.0,1,14375.09,677.0,0.0,4,158.0
8335.09,4.875,6040.0,2,22710.18,166.75,0.433,4,158.0
8335.09,4.875,6040.0,3,31045.27,158.0,0.0,4,158.0
8335.09,4.875,6040.0,4,39380.36,156.0,0.0,3,158.0
8335.09,4.875,6045.0,0,6045.0,155.25,0.433,4,158.0
8335.09,4.875,6045.0,1,14380.09,676.667,0.471,3,158.0
8335.09,4.875,6045.0,2,22715.18,167.0,0.0,3,158.0
8335.09,4.875,6045.0,3,31050.27,158.0,0.0,3,158.0
8335.09,4.875,6045.0,4,39385.36,156.0,0.0,3,158.0
8335.09,4.875,6050.0,0,6050.0,155.0,0.0,4,158.0
8335.09,4.875,6050.0,1,14385.09,677.0,0.0,4,158.0
8335.09,4.875,6050.0,2,22720.18,167.0,0.0,4,158.0
8335.09,4.875,6050.0,3,31055.27,158.0,0.0,4,158.0
8335.09,4.875,6050.0,4,39390.36,156.0,0.0,3,158.0
8335.09,4.875,6055.0,0,6055.0,155.75,0.433,4,158.0
8335.09,4.875,6055.0,1,14390.09,676.0,1.414,4,158.0
8335.09,4.875,6055.0,2,22725.18,167.0,0.0,4,158.0
8335.09,4.875,6055.0,3,31060.27,158.0,0.0,3,158.0
8335.09,4.875,6055.0,4,39395.36,155.667,0.471,3,158.0
8335.09,4.875,6060.0,0,6060.0,155.75,0.433,4,158.0
8335.09,4.875,6060.0,1,14395.09,676.0,0.707,4,158.0
8335.09,4.875,6060.0,2,22730.18,167.0,0.0,3,158.0
8335.09,4.875,6060.0,3,31065.27,158.0,0.0,3,158.0
8335.09,4.875,6060.0,4,39400.36,156.0,0.0,3,158.0
8335.09,4.875,6065.0,0,6065.0,156.0,0.0,4,158.0
8335.09,4.875,6065.0,1,14400.09,675.25,0.829,4,158.0
8335.09,4.875,6065.0,2,22735.18,167.0,0.0,4,158.0
8335.09,4.875,6065.0,3,31070.27,158.0,0.0,3,158.0
8335.09,4.875,6065.0,4,39405.36,155.667,0.471,3,158.0
8335.09,4.875,6070.0,0,6070.0,156.0,0.0,4,158.0
8335.09,4.875,6070.0,1,14405.09,676.5,0.5,4,158.0
8335.09,4.875,6070.0,2,22740.18,167.0,0.0,4,158.0
8335.09,4.875,6070.0,3,31075.27,158.0,0.0,4,158.0
8335.09,4.875,6070.0,4,39410.36,156.0,0.0,4,158.0
8335.09,4.875,6075.0,0,6075.0,156.0,0.0,4,158.0
8335.09,4.875,6075.0,1,14410.09,675.0,0.707,4,158.0
8335.09,4.875,6075.0,2,22745.18,167.0,0.0,4,158.0
8335.09,4.875,6075.0,3,31080.27,158.0,0.0,3,158.0
8335.09,4.875,6075.0,4,39415.36,155.667,0.471,3,158.0
8335.09,4.875,6080.0,0,6080.0,156.5,0.5,4,158.0
8335.09,4.875,6080.0,1,14415.09,674.75,1.09,4,158.0
8335.09,4.875,6080.0,2,22750.18,167.0,0.0,4,158.0
8335.09,4.875,6080.0,3,31085.27,158.0,0.0,4,158.0
8335.09,4.875,6080.0,4,39420.36,155.75,0.433,4,158.0
8335.09,4.875,6085.0,0,6085.0,156.75,0.433,4,157.667
8335.09,4.875,6085.0,1,14420.09,674.0,0.816,3,157.667
8335.09,4.875,6085.0,2,22755.18,167.0,0.0,3,157.667
8335.09,4.875,6085.0,3,31090.27,157.667,0.471,3,157.667
8335.09,4.875,6085.0,4,39425.36,155.667,0.471,3,157.667
8335.09,4.875,6090.0,0,6090.0,157.25,0.433,4,157.75
8335.09,4.875,6090.0,1,14425.09,672.75,0.829,4,157.75
8335.09,4.875,6090.0,2,22760.18,167.0,0.0,4,157.75
8335.09,4.875,6090.0,3,31095.27,157.75,0.433,4,157.75
8335.09,4.875,6090.0,4,39430.36,156.0,0.0,3,157.75
8335.09,4.875,6095.0,0,6095.0,157.25,0.433,4,158.0
8335.09,4.875,6095.0,1,14430.09,673.25,1.299,4,158.0
8335.09,4.875,6095.0,2,22765.18,166.5,0.5,4,158.0
8335.09,4.875,6095.0,3,31100.27,158.0,0.0,3,158.0
8335.09,4.875,6095.0,4,39435.36,156.0,0.0,3,158.0
8335.09,4.875,6100.0,0,6100.0,158.0,0.0,4,158.0
8335.09,4.875,6100.0,1,14435.09,671.0,1.225,4,158.0
8335.09,4.875,6100.0,2,22770.18,167.0,0.0,4,158.0
8335.09,4.875,6100.0,3,31105.27,158.0,0.0,4,158.0
8335.09,4.875,6100.0,4,39440.36,156.0,0.0,3,158.0
8335.09,4.875,6105.0,0,6105.0,158.0,0.0,4,158.0
8335.09,4.875,6105.0,1,14440.09,670.5,0.5,4,158.0
8335.09,4.875,6105.0,2,22775.18,166.75,0.433,4,158.0
8335.09,4.875,6105.0,3,31110.27,158.0,0.0,3,158.0
8335.09,4.875,6105.0,4,39445.36,156.0,0.0,3,158.0
8335.09,4.875,6110.0,0,6110.0,158.5,0.5,4,158.5
8335.09,4.875,6110.0,1,14445.09,669.75,1.09,4,158.5
8335.09,4.875,6110.0,2,22780.18,166.667,0.471,3,158.5
8335.09,4.875,6110.0,3,31115.27,158.0,0.0,3,158.5
8335.09,4.875,6110.0,4,39450.36,156.0,0.0,3,158.5
8335.09,4.875,6115.0,0,6115.0,159.0,0.0,4,159.0
8335.09,4.875,6115.0,1,14450.09,669.75,0.433,4,159.0
8335.09,4.875,6115.0,2,22785.18,167.0,0.0,4,159.0
8335.09,4.875,6115.0,3,31120.27,158.0,0.0,3,159.0
8335.09,4.875,6115.0,4,39455.36,156.0,0.0,3,159.0
8335.09,4.875,6120.0,0,6120.0,159.5,0.5,4,159.5
8335.09,4.875,6120.0,1,14455.09,667.25,0.829,4,159.5
8335.09,4.875,6120.0,2,22790.18,166.667,0.471,3,159.5
8335.09,4.875,6120.0,3,31125.27,158.0,0.0,3,159.5
8335.09,4.875,6120.0,4,39460.36,156.0,0.0,3,159.5
8335.09,4.875,6125.0,0,6125.0,160.0,0.0,4,160.0
8335.09,4.875,6125.0,1,14460.09,667.5,0.5,4,160.0
8335.09,4.875,6125.0,2,22795.18,166.75,0.433,4,160.0
8335.09,4.875,6125.0,3,31130.27,158.0,0.0,4,160.0
8335.09,4.875,6125.0,4,39465.36,155.667,0.471,3,160.0
8335.09,4.875,6130.0,0,6130.0,161.0,0.0,4,161.0
8335.09,4.875,6130.0,1,14465.09,665.5,0.5,4,161.0
8335.09,4.875,6130.0,2,22800.18,167.0,0.0,4,161.0
8335.09,4.875,6130.0,3,31135.27,158.0,0.0,4,161.0
8335.09,4.875,6130.0,4,39470.36,156.0,0.0,4,161.0
8335.09,4.875,6135.0,0,6135.0,161.0,0.0,4,161.0
8335.09,4.875,6135.0,1,14470.09,664.25,1.09,4,161.0
8335.09,4.875,6135.0,2,22805.18,167.0,0.0,4,161.0
8335.09,4.875,6135.0,3,31140.27,158.0,0.0,3,161.0
8335.09,4.875,6135.0,4,39475.36,155.667,0.471,3,161.0
8335.09,4.875,6140.0,0,6140.0,161.75,0.433,4,161.75
8335.09,4.875,6140.0,1,14475.09,663.75,0.829,4,161.75
8335.09,4.875,6140.0,2,22810.18,167.0,0.0,4,161.75
8335.09,4.875,6140.0,3,31145.27,158.0,0.0,4,161.75
8335.09,4.875,6140.0,4,39480.36,156.0,0.0,4,161.75
8335.09,4.875,6145.0,0,6145.0,162.5,0.5,4,162.5
8335.09,4.875,6145.0,1,14480.09,663.25,0.829,4,162.5
8335.09,4.875,6145.0,2,22815.18,166.5,0.5,4,162.5
8335.09,4.875,6145.0,3,31150.27,158.0,0.0,3,162.5
8335.09,4.875,6145.0,4,39485.36,155.667,0.471,3,162.5
8335.09,4.875,6150.0,0,6150.0,163.0,0.0,4,163.0
8335.09,4.875,6150.0,1,14485.09,661.75,0.433,4,163.0
8335.09,4.875,6150.0,2,22820.18,166.75,0.433,4,163.0
8335.09,4.875,6150.0,3,31155.27,158.0,0.0,4,163.0
8335.09,4.875,6150.0,4,39490.36,156.0,0.0,4,163.0
8335.09,4.875,6155.0,0,6155.0,164.0,0.0,4,164.0
8335.09,4.875,6155.0,1,14490.09,659.75,1.09,4,164.0
8335.09,4.875,6155.0,2,22825.18,167.0,0.0,4,164.0
8335.09,4.875,6155.0,3,31160.27,158.0,0.0,4,164.0
8335.09,4.875,6155.0,4,39495.36,155.333,0.471,3,164.0
8335.09,4.875,6160.0,0,6160.0,164.0,0.0,4,164.0
8335.09,4.875,6160.0,1,14495.09,659.25,1.09,4,164.0
8335.09,4.875,6160.0,2,22830.18,167.0,0.0,3,164.0
8335.09,4.875,6160.0,3,31165.27,158.0,0.0,3,164.0
8335.09,4.875,6160.0,4,39500.36,156.0,0.0,3,164.0
8335.09,4.875,6165.0,0,6165.0,164.75,0.433,4,164.75
8335.09,4.875,6165.0,1,14500.09,658.75,0.829,4,164.75
8335.09,4.875,6165.0,2,22835.18,167.0,0.0,4,164.75
8335.09,4.875,6165.0,3,31170.27,158.0,0.0,4,164.75
8335.09,4.875,6165.0,4,39505.36,155.667,0.471,3,164.75
8335.09,4.875,6170.0,0,6170.0,165.0,0.0,4,165.0
8335.09,4.875,6170.0,1,14505.09,658.0,0.707,4,165.0
8335.09,4.875,6170.0,2,22840.18,167.0,0.0,3,165.0
8335.09,4.875,6170.0,3,31175.27,158.0,0.0,3,165.0
8335.09,4.875,6170.0,4,39510.36,156.0,0.0,3,165.0
8335.09,4.875,6175.0,0,6175.0,166.0,0.0,4,166.0
8335.09,4.875,6175.0,1,14510.09,656.75,0.829,4,166.0
8335.09,4.875,6175.0,2,22845.18,167.0,0.0,4,166.0
8335.09,4.875,6175.0,3,31180.27,158.0,0.0,4,166.0
8335.09,4.875,6175.0,4,39515.36,156.0,0.0,3,166.0
8335.09,4.875,6180.0,0,6180.0,166.25,0.433,4,166.25
8335.09,4.875,6180.0,1,14515.09,655.75,0.829,4,166.25
8335.09,4.875,6180.0,2,22850.18,166.667,0.471,3,166.25
8335.09,4.875,6180.0,3,31185.27,157.667,0.471,3,166.25
8335.09,4.875,6180.0,4,39520.36,155.667,0.471,3,166.25
8335.09,4.875,6185.0,0,6185.0,167.0,0.0,4,167.0
8335.09,4.875,6185.0,1,14520.09,654.75,1.299,4,167.0
8335.09,4.875,6185.0,2,22855.18,167.0,0.0,4,167.0
8335.09,4.875,6185.0,3,31190.27,158.0,0.0,3,167.0
8335.09,4.875,6185.0,4,39525.36,155.667,0.471,3,167.0
8335.09,4.875,6190.0,0,6190.0,167.5,0.5,4,166.667
8335.09,4.875,6190.0,1,14525.09,653.25,1.09,4,166.667
8335.09,4.875,6190.0,2,22860.18,166.667,0.471,3,166.667
8335.09,4.875,6190.0,3,31195.27,158.0,0.0,3,166.667
8335.09,4.875,6190.0,4,39530.36,155.667,0.471,3,166.667
8335.09,4.875,6195.0,0,6195.0,168.0,0.0,4,166.5
8335.09,4.875,6195.0,1,14530.09,652.5,0.866,4,166.5
8335.09,4.875,6195.0,2,22865.18,166.5,0.5,4,166.5
8335.09,4.875,6195.0,3,31200.27,158.0,0.0,3,166.5
8335.09,4.875,6195.0,4,39535.36,156.0,0.0,3,166.5
8335.09,4.875,6200.0,0,6200.0,168.0,0.0,4,166.667
8335.09,4.875,6200.0,1,14535.09,651.75,0.829,4,166.667
8335.09,4.875,6200.0,2,22870.18,166.667,0.471,3,166.667
8335.09,4.875,6200.0,3,31205.27,158.0,0.0,3,166.667
8335.09,4.875,6200.0,4,39540.36,155.333,0.471,3,166.667
8335.09,4.875,6205.0,0,6205.0,169.0,0.0,4,167.0
8335.09,4.875,6205.0,1,14540.09,650.0,0.816,3,167.0
8335.09,4.875,6205.0,2,22875.18,167.0,0.0,3,167.0
8335.09,4.875,6205.0,3,31210.27,158.0,0.0,3,167.0
8335.09,4.875,6205.0,4,39545.36,155.333,0.471,3,167.0
8335.09,4.875,6210.0,0,6210.0,169.75,0.433,4,166.75
8335.09,4.875,6210.0,1,14545.09,649.0,0.0,4,166.75
8335.09,4.875,6210.0,2,22880.18,166.75,0.433,4,166.75
8335.09,4.875,6210.0,3,31215.27,157.75,0.433,4,166.75
8335.09,4.875,6210.0,4,39550.36,155.667,0.471,3,166.75
8335.09,4.875,6215.0,0,6215.0,170.0,0.0,4,167.0
8335.09,4.875,6215.0,1,14550.09,648.0,0.0,3,167.0
8335.09,4.875,6215.0,2,22885.18,167.0,0.0,3,167.0
8335.09,4.875,6215.0,3,31220.27,157.667,0.471,3,167.0
8335.09,4.875,6215.0,4,39555.36,156.0,0.0,3,167.0
8335.09,4.875,6220.0,0,6220.0,170.5,0.5,4,166.75
8335.09,4.875,6220.0,1,14555.09,646.5,0.866,4,166.75
8335.09,4.875,6220.0,2,22890.18,166.75,0.433,4,166.75
8335.09,4.875,6220.0,3,31225.27,158.0,0.0,4,166.75
8335.09,4.875,6220.0,4,39560.36,155.667,0.471,3,166.75
8335.09,4.875,6225.0,0,6225.0,171.0,0.0,4,167.0
8335.09,4.875,6225.0,1,14560.09,645.667,0.471,3,167.0
8335.09,4.875,6225.0,2,22895.18,167.0,0.0,3,167.0
8335.09,4.875,6225.0,3,31230.27,158.0,0.0,3,167.0
8335.09,4.875,6225.0,4,39565.36,155.667,0.471,3,167.0
8335.09,4.875,6230.0,0,6230.0,172.0,0.0,4,166.75
8335.09,4.875,6230.0,1,14565.09,644.0,0.707,4,166.75
8335.09,4.875,6230.0,2,22900.18,166.75,0.433,4,166.75
8335.09,4.875,6230.0,3,31235.27,158.0,0.0,4,166.75
8335.09,4.875,6230.0,4,39570.36,156.0,0.0,3,166.75
8335.09,4.875,6235.0,0,6235.0,172.0,0.0,4,166.75
8335.09,4.875,6235.0,1,14570.09,643.75,1.09,4,166.75
8335.09,4.875,6235.0,2,22905.18,166.75,0.433,4,166.75
8335.09,4.875,6235.0,3,31240.27,157.75,0.433,4,166.75
8335.09,4.875,6235.0,4,39575.36,156.0,0.0,4,166.75
8335.09,4.875,6240.0,0,6240.0,172.75,0.433,4,166.667
8335.09,4.875,6240.0,1,14575.09,643.0,0.0,4,166.667
8335.09,4.875,6240.0,2,22910.18,166.667,0.471,3,166.667
8335.09,4.875,6240.0,3,31245.27,158.0,0.0,3,166.667
8335.09,4.875,6240.0,4,39580.36,155.667,0.471,3,166.667
8335.09,4.875,6245.0,0,6245.0,173.0,0.0,4,167.0
8335.09,4.875,6245.0,1,14580.09,641.5,0.5,4,167.0
8335.09,4.875,6245.0,2,22915.18,167.0,0.0,4,167.0
8335.09,4.875,6245.0,3,31250.27,157.5,0.5,4,167.0
8335.09,4.875,6245.0,4,39585.36,155.5,0.5,4,167.0
8335.09,4.875,6250.0,0,6250.0,174.0,0.0,4,166.667
8335.09,4.875,6250.0,1,14585.09,639.667,1.247,3,166.667
8335.09,4.875,6250.0,2,22920.18,166.667,0.471,3,166.667
8335.09,4.875,6250.0,3,31255.27,158.0,0.0,3,166.667
8335.09,4.875,6250.0,4,39590.36,155.667,0.471,3,166.667
8335.09,4.875,6255.0,0,6255.0,174.0,0.0,4,166.667
8335.09,4.875,6255.0,1,14590.09,640.0,0.0,4,166.667
8335.09,4.875,6255.0,2,22925.18,166.667,0.471,3,166.667
8335.09,4.875,6255.0,3,31260.27,158.0,0.0,3,166.667
8335.09,4.875,6255.0,4,39595.36,155.667,0.471,3,166.667
8335.09,4.875,6260.0,0,6260.0,175.0,0.0,4,167.0
8335.09,4.875,6260.0,1,14595.09,638.75,0.829,4,167.0
8335.09,4.875,6260.0,2,22930.18,167.0,0.0,4,167.0
8335.09,4.875,6260.0,3,31265.27,158.0,0.0,4,167.0
8335.09,4.875,6260.0,4,39600.36,155.667,0.471,3,167.0
8335.09,4.875,6265.0,0,6265.0,175.25,0.433,4,166.25
8335.09,4.875,6265.0,1,14600.09,638.5,0.5,4,166.25
8335.09,4.875,6265.0,2,22935.18,166.25,0.433,4,166.25
8335.09,4.875,6265.0,3,31270.27,157.75,0.433,4,166.25
8335.09,4.875,6265.0,4,39605.36,155.75,0.433,4,166.25
8335.09,4.875,6270.0,0,6270.0,176.0,0.0,4,167.0
8335.09,4.875,6270.0,1,14605.09,636.75,0.433,4,167.0
8335.09,4.875,6270.0,2,22940.18,167.0,0.0,4,167.0
8335.09,4.875,6270.0,3,31275.27,158.0,0.0,4,167.0
8335.09,4.875,6270.0,4,39610.36,156.0,0.0,3,167.0
8335.09,4.875,6275.0,0,6275.0,176.25,0.433,4,166.25
8335.09,4.875,6275.0,1,14610.09,635.25,0.829,4,166.25
8335.09,4.875,6275.0,2,22945.18,166.25,0.433,4,166.25
8335.09,4.875,6275.0,3,31280.27,157.75,0.433,4,166.25
8335.09,4.875,6275.0,4,39615.36,155.75,0.433,4,166.25
8335.09,4.875,6280.0,0,6280.0,177.0,0.0,4,167.0
8335.09,4.875,6280.0,1,14615.09,635.0,0.707,4,167.0
8335.09,4.875,6280.0,2,22950.18,167.0,0.0,4,167.0
8335.09,4.875,6280.0,3,31285.27,158.0,0.0,4,167.0
8335.09,4.875,6280.0,4,39620.36,155.667,0.471,3,167.0
8335.09,4.875,6285.0,0,6285.0,177.25,0.433,4,166.5
8335.09,4.875,6285.0,1,14620.09,634.5,0.5,4,166.5
8335.09,4.875,6285.0,2,22955.18,166.5,0.5,4,166.5
8335.09,4.875,6285.0,3,31290.27,158.0,0.0,4,166.5
8335.09,4.875,6285.0,4,39625.36,156.0,0.0,4,166.5
8335.09,4.875,6290.0,0,6290.0,178.0,0.0,4,167.0
8335.09,4.875,6290.0,1,14625.09,633.5,0.5,4,167.0
8335.09,4.875,6290.0,2,22960.18,167.0,0.0,4,167.0
8335.09,4.875,6290.0,3,31295.27,158.0,0.0,4,167.0
8335.09,4.875,6290.0,4,39630.36,155.667,0.471,3,167.0
8335.09,4.875,6295.0,0,6295.0,178.5,0.5,4,166.75
8335.09,4.875,6295.0,1,14630.09,632.5,1.118,4,166.75
8335.09,4.875,6295.0,2,22965.18,166.75,0.433,4,166.75
8335.09,4.875,6295.0,3,31300.27,158.0,0.0,4,166.75
8335.09,4.875,6295.0,4,39635.36,155.75,0.433,4,166.75
8335.09,4.875,6300.0,0,6300.0,179.0,0.0,4,166.75
8335.09,4.875,6300.0,1,14635.09,631.0,0.707,4,166.75
8335.09,4.875,6300.0,2,22970.18,166.75,0.433,4,166.75
8335.09,4.875,6300.0,3,31305.27,158.0,0.0,3,166.75
8335.09,4.875,6300.0,4,39640.36,156.0,0.0,3,166.75
8335.09,4.875,6305.0,0,6305.0,179.75,0.433,4,166.75
8335.09,4.875,6305.0,1,14640.09,629.75,0.433,4,166.75
8335.09,4.875,6305.0,2,22975.18,166.75,0.433,4,166.75
8335.09,4.875,6305.0,3,31310.27,158.0,0.0,3,166.75
8335.09,4.875,6305.0,4,39645.36,155.667,0.471,3,166.75
8335.09,4.875,6310.0,0,6310.0,180.0,0.0,4,167.0
8335.09,4.875,6310.0,1,14645.09,628.0,0.816,3,167.0
8335.09,4.875,6310.0,2,22980.18,167.0,0.0,3,167.0
8335.09,4.875,6310.0,3,31315.27,158.0,0.0,3,167.0
8335.09,4.875,6310.0,4,39650.36,155.667,0.471,3,167.0
8335.09,4.875,6315.0,0,6315.0,180.5,0.5,4,166.333
8335.09,4.875,6315.0,1,14650.09,628.0,0.707,4,166.333
8335.09,4.875,6315.0,2,22985.18,166.333,0.471,3,166.333
8335.09,4.875,6315.0,3,31320.27,158.0,0.0,3,166.333
8335.09,4.875,6315.0,4,39655.36,156.0,0.0,3,166.333
8335.09,4.875,6320.0,0,6320.0,181.0,0.0,4,167.0
8335.09,4.875,6320.0,1,14655.09,627.0,1.414,3,167.0
8335.09,4.875,6320.0,2,22990.18,167.0,0.0,3,167.0
8335.09,4.875,6320.0,3,31325.27,158.0,0.0,3,167.0
8335.09,4.875,6320.0,4,39660.36,156.0,0.0,3,167.0
8335.09,4.875,6325.0,0,6325.0,181.5,0.5,4,166.667
8335.09,4.875,6325.0,1,14660.09,625.75,0.433,4,166.667
8335.09,4.875,6325.0,2,22995.18,166.667,0.471,3,166.667
8335.09,4.875,6325.0,3,31330.27,158.0,0.0,3,166.667
8335.09,4.875,6325.0,4,39665.36,156.0,0.0,3,166.667
8335.09,4.875,6330.0,0,6330.0,182.0,0.0,4,166.0
8335.09,4.875,6330.0,1,14665.09,624.333,0.943,3,166.0
8335.09,4.875,6330.0,2,23000.18,166.0,0.0,3,166.0
8335.09,4.875,6330.0,3,31335.27,157.667,0.471,3,166.0
8335.09,4.875,6330.0,4,39670.36,155.667,0.471,3,166.0
8335.09,4.875,6335.0,0,6335.0,182.0,0.0,4,167.0
8335.09,4.875,6335.0,1,14670.09,625.25,0.433,4,167.0
8335.09,4.875,6335.0,2,23005.18,167.0,0.0,3,167.0
8335.09,4.875,6335.0,3,31340.27,158.0,0.0,3,167.0
8335.09,4.875,6335.0,4,39675.36,156.0,0.0,3,167.0
8335.09,4.875,6340.0,0,6340.0,183.0,0.0,4,166.333
8335.09,4.875,6340.0,1,14675.09,623.667,1.247,3,166.333
8335.09,4.875,6340.0,2,23010.18,166.333,0.471,3,166.333
8335.09,4.875,6340.0,3,31345.27,157.667,0.471,3,166.333
8335.09,4.875,6340.0,4,39680.36,155.667,0.471,3,166.333
8335.09,4.875,6345.0,0,6345.0,183.5,0.5,4,167.0
8335.09,4.875,6345.0,1,14680.09,623.25,0.433,4,167.0
8335.09,4.875,6345.0,2,23015.18,167.0,0.0,3,167.0
8335.09,4.875,6345.0,3,31350.27,158.0,0.0,3,167.0
8335.09,4.875,6345.0,4,39685.36,155.667,0.471,3,167.0
8335.09,4.875,6350.0,0,6350.0,183.75,0.433,4,163.5
8335.09,4.875,6350.0,1,14685.09,633.75,0.829,4,163.5
8335.09,4.875,6350.0,2,23020.18,163.5,0.5,4,163.5
8335.09,4.875,6350.0,3,31355.27,157.0,0.0,4,163.5
8335.09,4.875,6350.0,4,39690.36,155.5,0.5,4,163.5
8335.09,4.875,6355.0,0,6355.0,183.75,0.433,4,161.25
8335.09,4.875,6355.0,1,14690.09,657.25,5.068,4,161.25
8335.09,4.875,6355.0,2,23025.18,161.25,0.433,4,161.25
8335.09,4.875,6355.0,3,31360.27,156.75,0.433,4,161.25
8335.09,4.875,6355.0,4,39695.36,155.0,0.0,4,161.25
8335.09,4.875,6360.0,0,6360.0,184.0,0.0,4,161.0
8335.09,4.875,6360.0,1,14695.09,670.75,0.433,4,161.0
8335.09,4.875,6360.0,2,23030.18,161.0,0.0,4,161.0
8335.09,4.875,6360.0,3,31365.27,156.667,0.471,3,161.0
8335.09,4.875,6360.0,4,39700.36,155.0,0.0,3,161.0
8335.09,4.875,6365.0,0,6365.0,184.25,0.433,4,161.0
8335.09,4.875,6365.0,1,14700.09,670.75,0.829,4,161.0
8335.09,4.875,6365.0,2,23035.18,161.0,0.0,4,161.0
8335.09,4.875,6365.0,3,31370.27,156.25,0.433,4,161.0
8335.09,4.875,6365.0,4,39705.36,155.0,0.0,3,161.0
8335.09,4.875,6370.0,0,6370.0,184.75,0.433,4,161.0
8335.09,4.875,6370.0,1,14705.09,671.0,0.0,4,161.0
8335.09,4.875,6370.0,2,23040.18,161.0,0.0,4,161.0
8335.09,4.875,6370.0,3,31375.27,156.667,0.471,3,161.0
8335.09,4.875,6370.0,4,39710.36,155.333,0.471,3,161.0
8335.09,4.875,6375.0,0,6375.0,184.25,0.433,4,161.0
8335.09,4.875,6375.0,1,14710.09,670.5,0.5,4,161.0
8335.09,4.875,6375.0,2,23045.18,161.0,0.0,4,161.0
8335.09,4.875,6375.0,3,31380.27,156.25,0.433,4,161.0
8335.09,4.875,6375.0,4,39715.36,155.25,0.433,4,161.0
8335.09,4.875,6380.0,0,6380.0,184.75,0.433,4,161.0
8335.09,4.875,6380.0,1,14715.09,669.333,0.471,3,161.0
8335.09,4.875,6380.0,2,23050.18,161.0,0.0,3,161.0
8335.09,4.875,6380.0,3,31385.27,156.0,0.0,3,161.0
8335.09,4.875,6380.0,4,39720.36,155.0,0.0,3,161.0
8335.09,4.875,6385.0,0,6385.0,185.0,0.0,4,161.0
8335.09,4.875,6385.0,1,14720.09,669.5,0.5,4,161.0
8335.09,4.875,6385.0,2,23055.18,161.0,0.0,4,161.0
8335.09,4.875,6385.0,3,31390.27,156.5,0.5,4,161.0
8335.09,4.875,6385.0,4,39725.36,155.333,0.471,3,161.0
8335.09,4.875,6390.0,0,6390.0,185.0,0.0,4,161.0
8335.09,4.875,6390.0,1,14725.09,669.333,0.471,3,161.0
8335.09,4.875,6390.0,2,23060.18,161.0,0.0,3,161.0
8335.09,4.875,6390.0,3,31395.27,156.667,0.471,3,161.0
8335.09,4.875,6390.0,4,39730.36,155.333,0.471,3,161.0
8335.09,4.875,6395.0,0,6395.0,185.0,0.0,4,161.0
8335.09,4.875,6395.0,1,14730.09,668.5,0.5,4,161.0
8335.09,4.875,6395.0,2,23065.18,161.0,0.0,4,161.0
8335.09,4.875,6395.0,3,31400.27,156.5,0.5,4,161.0
8335.09,4.875,6395.0,4,39735.36,155.0,0.0,3,161.0
8335.09,4.875,6400.0,0,6400.0,185.0,0.0,4,161.0
8335.09,4.875,6400.0,1,14735.09,669.0,0.0,3,161.0
8335.09,4.875,6400.0,2,23070.18,161.0,0.0,3,161.0
8335.09,4.875,6400.0,3,31405.27,156.0,0.0,3,161.0
8335.09,4.875,6400.0,4,39740.36,155.0,0.0,3,161.0
8335.09,4.875,6405.0,0,6405.0,185.0,0.0,4,161.0
8335.09,4.875,6405.0,1,14740.09,669.25,0.829,4,161.0
8335.09,4.875,6405.0,2,23075.18,161.0,0.0,3,161.0
8335.09,4.875,6405.0,3,31410.27,156.0,0.0,3,161.0
8335.09,4.875,6405.0,4,39745.36,155.333,0.471,3,161.0
8335.09,4.875,6410.0,0,6410.0,185.0,0.0,4,161.0
8335.09,4.875,6410.0,1,14745.09,668.5,0.866,4,161.0
8335.09,4.875,6410.0,2,23080.18,161.0,0.0,4,161.0
8335.09,4.875,6410.0,3,31415.27,156.333,0.471,3,161.0
8335.09,4.875,6410.0,4,39750.36,155.333,0.471,3,161.0
8335.09,4.875,6415.0,0,6415.0,185.0,0.0,4,161.0
8335.09,4.875,6415.0,1,14750.09,668.5,0.5,4,161.0
8335.09,4.875,6415.0,2,23085.18,161.0,0.0,3,161.0
8335.09,4.875,6415.0,3,31420.27,156.667,0.471,3,161.0
8335.09,4.875,6415.0,4,39755.36,155.333,0.471,3,161.0
8335.09,4.875,6420.0,0,6420.0,185.0,0.0,4,161.0
8335.09,4.875,6420.0,1,14755.09,668.25,0.433,4,161.0
8335.09,4.875,6420.0,2,23090.18,161.0,0.0,4,161.0
8335.09,4.875,6420.0,3,31425.27,156.5,0.5,4,161.0
8335.09,4.875,6420.0,4,39760.36,155.25,0.433,4,161.0
8335.09,4.875,6425.0,0,6425.0,185.0,0.0,4,161.0
8335.09,4.875,6425.0,1,14760.09,667.5,0.866,4,161.0
8335.09,4.875,6425.0,2,23095.18,161.0,0.0,3,161.0
8335.09,4.875,6425.0,3,31430.27,156.667,0.471,3,161.0
8335.09,4.875,6425.0,4,39765.36,155.667,0.471,3,161.0
8335.09,4.875,6430.0,0,6430.0,185.0,0.0,4,161.0
8335.09,4.875,6430.0,1,14765.09,667.5,0.5,4,161.0
8335.09,4.875,6430.0,2,23100.18,161.0,0.0,4,161.0
8335.09,4.875,6430.0,3,31435.27,156.0,0.0,3,161.0
8335.09,4.875,6430.0,4,39770.36,155.333,0.471,3,161.0
8335.09,4.875,6435.0,0,6435.0,185.0,0.0,4,161.0
8335.09,4.875,6435.0,1,14770.09,668.0,0.0,4,161.0
8335.09,4.875,6435.0,2,23105.18,161.0,0.0,4,161.0
8335.09,4.875,6435.0,3,31440.27,156.5,0.5,4,161.0
8335.09,4.875,6435.0,4,39775.36,155.0,0.0,4,161.0
8335.09,4.875,6440.0,0,6440.0,185.0,0.0,4,161.0
8335.09,4.875,6440.0,1,14775.09,667.5,0.866,4,161.0
8335.09,4.875,6440.0,2,23110.18,161.0,0.0,4,161.0
8335.09,4.875,6440.0,3,31445.27,156.0,0.0,3,161.0
8335.09,4.875,6440.0,4,39780.36,155.0,0.0,3,161.0
8335.09,4.875,6445.0,0,6445.0,185.0,0.0,4,161.0
8335.09,4.875,6445.0,1,14780.09,667.0,1.225,4,161.0
8335.09,4.875,6445.0,2,23115.18,161.0,0.0,4,161.0
8335.09,4.875,6445.0,3,31450.27,156.25,0.433,4,161.0
8335.09,4.875,6445.0,4,39785.36,155.0,0.0,3,161.0
8335.09,4.875,6450.0,0,6450.0,185.0,0.0,4,161.0
8335.09,4.875,6450.0,1,14785.09,668.0,0.707,4,161.0
8335.09,4.875,6450.0,2,23120.18,161.0,0.0,4,161.0
8335.09,4.875,6450.0,3,31455.27,156.333,0.471,3,161.0
8335.09,4.875,6450.0,4,39790.36,155.333,0.471,3,161.0
8335.09,4.875,6455.0,0,6455.0,185.0,0.0,4,161.0
8335.09,4.875,6455.0,1,14790.09,667.0,0.707,4,161.0
8335.09,4.875,6455.0,2,23125.18,161.0,0.0,3,161.0
8335.09,4.875,6455.0,3,31460.27,156.333,0.471,3,161.0
8335.09,4.875,6455.0,4,39795.36,155.333,0.471,3,161.0
8335.09,4.875,6460.0,0,6460.0,185.0,0.0,4,161.0
8335.09,4.875,6460.0,1,14795.09,666.5,1.5,4,161.0
8335.09,4.875,6460.0,2,23130.18,161.0,0.0,4,161.0
8335.09,4.875,6460.0,3,31465.27,156.25,0.433,4,161.0
8335.09,4.875,6460.0,4,39800.36,155.5,0.5,4,161.0
8335.09,4.875,6465.0,0,6465.0,185.0,0.0,4,161.0
8335.09,4.875,6465.0,1,14800.09,667.0,1.225,4,161.0
8335.09,4.875,6465.0,2,23135.18,161.0,0.0,3,161.0
8335.09,4.875,6465.0,3,31470.27,156.333,0.471,3,161.0
8335.09,4.875,6465.0,4,39805.36,155.333,0.471,3,161.0
8335.09,4.875,6470.0,0,6470.0,185.0,0.0,4,161.0
8335.09,4.875,6470.0,1,14805.09,666.75,0.433,4,161.0
8335.09,4.875,6470.0,2,23140.18,161.0,0.0,4,161.0
8335.09,4.875,6470.0,3,31475.27,156.5,0.5,4,161.0
8335.09,4.875,6470.0,4,39810.36,155.0,0.0,4,161.0
8335.09,4.875,6475.0,0,6475.0,185.0,0.0,4,161.0
8335.09,4.875,6475.0,1,14810.09,666.75,0.829,4,161.0
8335.09,4.875,6475.0,2,23145.18,161.0,0.0,3,161.0
8335.09,4.875,6475.0,3,31480.27,156.667,0.471,3,161.0
8335.09,4.875,6475.0,4,39815.36,155.333,0.471,3,161.0
8335.09,4.875,6480.0,0,6480.0,185.0,0.0,4,161.0
8335.09,4.875,6480.0,1,14815.09,666.25,0.433,4,161.0
8335.09,4.875,6480.0,2,23150.18,161.0,0.0,4,161.0
8335.09,4.875,6480.0,3,31485.27,156.0,0.0,3,161.0
8335.09,4.875,6480.0,4,39820.36,155.0,0.0,3,161.0
8335.09,4.875,6485.0,0,6485.0,185.0,0.0,4,161.0
8335.09,4.875,6485.0,1,14820.09,666.5,0.5,4,161.0
8335.09,4.875,6485.0,2,23155.18,161.0,0.0,3,161.0
8335.09,4.875,6485.0,3,31490.27,156.667,0.471,3,161.0
8335.09,4.875,6485.0,4,39825.36,155.667,0.471,3,161.0
8335.09,4.875,6490.0,0,6490.0,185.0,0.0,4,161.0
8335.09,4.875,6490.0,1,14825.09,666.5,0.866,4,161.0
8335.09,4.875,6490.0,2,23160.18,161.0,0.0,4,161.0
8335.09,4.875,6490.0,3,31495.27,156.25,0.433,4,161.0
8335.09,4.875,6490.0,4,39830.36,155.0,0.0,4,161.0
8335.09,4.875,6495.0,0,6495.0,185.0,0.0,4,161.0
8335.09,4.875,6495.0,1,14830.09,665.333,0.943,3,161.0
8335.09,4.875,6495.0,2,23165.18,161.0,0.0,3,161.0
8335.09,4.875,6495.0,3,31500.27,156.333,0.471,3,161.0
8335.09,4.875,6495.0,4,39835.36,155.0,0.0,3,161.0
8335.09,4.875,6500.0,0,6500.0,185.0,0.0,4,161.0
8335.09,4.875,6500.0,1,14835.09,666.75,0.829,4,161.0
8335.09,4.875,6500.0,2,23170.18,161.0,0.0,4,161.0
8335.09,4.875,6500.0,3,31505.27,156.5,0.5,4,161.0
8335.09,4.875,6500.0,4,39840.36,155.0,0.0,3,161.0
8335.09,4.875,6505.0,0,6505.0,185.0,0.0,4,161.0
8335.09,4.875,6505.0,1,14840.09,664.75,0.829,4,161.0
8335.09,4.875,6505.0,2,23175.18,161.0,0.0,4,161.0
8335.09,4.875,6505.0,3,31510.27,156.5,0.5,4,161.0
8335.09,4.875,6505.0,4,39845.36,155.0,0.0,3,161.0
8335.09,4.875,6510.0,0,6510.0,185.0,0.0,4,161.0
8335.09,4.875,6510.0,1,14845.09,665.25,0.433,4,161.0
8335.09,4.875,6510.0,2,23180.18,161.0,0.0,3,161.0
8335.09,4.875,6510.0,3,31515.27,156.333,0.471,3,161.0
8335.09,4.875,6510.0,4,39850.36,155.0,0.0,3,161.0
8335.09,4.875,6515.0,0,6515.0,185.0,0.0,4,161.0
8335.09,4.875,6515.0,1,14850.09,666.0,0.0,4,161.0
8335.09,4.875,6515.0,2,23185.18,161.0,0.0,4,161.0
8335.09,4.875,6515.0,3,31520.27,156.0,0.0,3,161.0
8335.09,4.875,6515.0,4,39855.36,155.0,0.0,3,161.0
8335.09,4.875,6520.0,0,6520.0,185.0,0.0,4,161.0
8335.09,4.875,6520.0,1,14855.09,665.25,0.829,4,161.0
8335.09,4.875,6520.0,2,23190.18,161.0,0.0,3,161.0
8335.09,4.875,6520.0,3,31525.27,156.667,0.471,3,161.0
8335.09,4.875,6520.0,4,39860.36,155.333,0.471,3,161.0
8335.09,4.875,6525.0,0,6525.0,185.0,0.0,4,161.0
8335.09,4.875,6525.0,1,14860.09,664.75,0.433,4,161.0
8335.09,4.875,6525.0,2,23195.18,161.0,0.0,4,161.0
8335.09,4.875,6525.0,3,31530.27,156.667,0.471,3,161.0
8335.09,4.875,6525.0,4,39865.36,155.0,0.0,3,161.0
8335.09,4.875,6530.0,0,6530.0,185.0,0.0,4,161.25
8335.09,4.875,6530.0,1,14865.09,664.75,0.433,4,161.25
8335.09,4.875,6530.0,2,23200.18,161.25,0.433,4,161.25
8335.09,4.875,6530.0,3,31535.27,156.5,0.5,4,161.25
8335.09,4.875,6530.0,4,39870.36,155.25,0.433,4,161.25
8335.09,4.875,6535.0,0,6535.0,185.0,0.0,4,161.0
8335.09,4.875,6535.0,1,14870.09,664.5,0.5,4,161.0
8335.09,4.875,6535.0,2,23205.18,161.0,0.0,4,161.0
8335.09,4.875,6535.0,3,31540.27,156.667,0.471,3,161.0
8335.09,4.875,6535.0,4,39875.36,155.0,0.0,3,161.0
8335.09,4.875,6540.0,0,6540.0,185.0,0.0,4,161.0
8335.09,4.875,6540.0,1,14875.09,664.25,0.829,4,161.0
8335.09,4.875,6540.0,2,23210.18,161.0,0.0,4,161.0
8335.09,4.875,6540.0,3,31545.27,156.75,0.433,4,161.0
8335.09,4.875,6540.0,4,39880.36,155.5,0.5,4,161.0
8335.09,4.875,6545.0,0,6545.0,185.0,0.0,4,161.0
8335.09,4.875,6545.0,1,14880.09,664.75,0.433,4,161.0
8335.09,4.875,6545.0,2,23215.18,161.0,0.0,4,161.0
8335.09,4.875,6545.0,3,31550.27,156.333,0.471,3,161.0
8335.09,4.875,6545.0,4,39885.36,155.0,0.0,3,161.0
8335.09,4.875,6550.0,0,6550.0,185.0,0.0,4,161.0
8335.09,4.875,6550.0,1,14885.09,663.75,0.433,4,161.0
8335.09,4.875,6550.0,2,23220.18,161.0,0.0,4,161.0
8335.09,4.875,6550.0,3,31555.27,156.0,0.0,4,161.0
8335.09,4.875,6550.0,4,39890.36,155.333,0.471,3,161.0
8335.09,4.875,6555.0,0,6555.0,185.0,0.0,4,161.0
8335.09,4.875,6555.0,1,14890.09,664.75,0.829,4,161.0
8335.09,4.875,6555.0,2,23225.18,161.0,0.0,4,161.0
8335.09,4.875,6555.0,3,31560.27,156.5,0.5,4,161.0
8335.09,4.875,6555.0,4,39895.36,155.333,0.471,3,161.0
8335.09,4.875,6560.0,0,6560.0,185.0,0.0,4,161.0
8335.09,4.875,6560.0,1,14895.09,665.0,0.0,4,161.0
8335.09,4.875,6560.0,2,23230.18,161.0,0.0,3,161.0
8335.09,4.875,6560.0,3,31565.27,156.667,0.471,3,161.0
8335.09,4.875,6560.0,4,39900.36,155.0,0.0,3,161.0
8335.09,4.875,6565.0,0,6565.0,185.0,0.0,4,161.0
8335.09,4.875,6565.0,1,14900.09,664.5,0.5,4,161.0
8335.09,4.875,6565.0,2,23235.18,161.0,0.0,4,161.0
8335.09,4.875,6565.0,3,31570.27,156.0,0.0,3,161.0
8335.09,4.875,6565.0,4,39905.36,155.0,0.0,3,161.0
8335.09,4.875,6570.0,0,6570.0,185.0,0.0,4,161.0
8335.09,4.875,6570.0,1,14905.09,664.0,0.0,4,161.0
8335.09,4.875,6570.0,2,23240.18,161.0,0.0,3,161.0
8335.09,4.875,6570.0,3,31575.27,156.333,0.471,3,161.0
8335.09,4.875,6570.0,4,39910.36,155.0,0.0,3,161.0
8335.09,4.875,6575.0,0,6575.0,185.5,0.5,4,161.0
8335.09,4.875,6575.0,1,14910.09,664.5,0.5,4,161.0
8335.09,4.875,6575.0,2,23245.18,161.0,0.0,4,161.0
8335.09,4.875,6575.0,3,31580.27,156.667,0.471,3,161.0
8335.09,4.875,6575.0,4,39915.36,155.333,0.471,3,161.0
8335.09,4.875,6580.0,0,6580.0,185.0,0.0,4,161.0
8335.09,4.875,6580.0,1,14915.09,664.0,0.707,4,161.0
8335.09,4.875,6580.0,2,23250.18,161.0,0.0,3,161.0
8335.09,4.875,6580.0,3,31585.27,156.0,0.0,3,161.0
8335.09,4.875,6580.0,4,39920.36,155.667,0.471,3,161.0
8335.09,4.875,6585.0,0,6585.0,185.0,0.0,4,161.0
8335.09,4.875,6585.0,1,14920.09,663.75,0.829,4,161.0
8335.09,4.875,6585.0,2,23255.18,161.0,0.0,4,161.0
8335.09,4.875,6585.0,3,31590.27,156.667,0.471,3,161.0
8335.09,4.875,6585.0,4,39925.36,155.333,0.471,3,161.0
8335.09,4.875,6590.0,0,6590.0,185.0,0.0,4,161.0
8335.09,4.875,6590.0,1,14925.09,662.75,0.433,4,161.0
8335.09,4.875,6590.0,2,23260.18,161.0,0.0,3,161.0
8335.09,4.875,6590.0,3,31595.27,156.667,0.471,3,161.0
8335.09,4.875,6590.0,4,39930.36,155.333,0.471,3,161.0
8335.09,4.875,6595.0,0,6595.0,185.0,0.0,4,161.0
8335.09,4.875,6595.0,1,14930.09,663.25,0.433,4,161.0
8335.09,4.875,6595.0,2,23265.18,161.0,0.0,4,161.0
8335.09,4.875,6595.0,3,31600.27,156.333,0.471,3,161.0
8335.09,4.875,6595.0,4,39935.36,155.333,0.471,3,161.0
8335.09,4.875,6600.0,0,6600.0,185.0,0.0,4,161.0
8335.09,4.875,6600.0,1,14935.09,663.0,1.225,4,161.0
8335.09,4.875,6600.0,2,23270.18,161.0,0.0,4,161.0
8335.09,4.875,6600.0,3,31605.27,156.75,0.433,4,161.0
8335.09,4.875,6600.0,4,39940.36,155.0,0.0,4,161.0
8335.09,4.875,6605.0,0,6605.0,185.0,0.0,4,161.0
8335.09,4.875,6605.0,1,14940.09,662.667,0.471,3,161.0
8335.09,4.875,6605.0,2,23275.18,161.0,0.0,3,161.0
8335.09,4.875,6605.0,3,31610.27,156.0,0.0,3,161.0
8335.09,4.875,6605.0,4,39945.36,155.0,0.0,3,161.0
8335.09,4.875,6610.0,0,6610.0,185.0,0.0,4,161.0
8335.09,4.875,6610.0,1,14945.09,663.25,0.433,4,161.0
8335.09,4.875,6610.0,2,23280.18,161.0,0.0,3,161.0
8335.09,4.875,6610.0,3,31615.27,156.333,0.471,3,161.0
8335.09,4.875,6610.0,4,39950.36,155.667,0.471,3,161.0
8335.09,4.875,6615.0,0,6615.0,185.0,0.0,4,161.0
8335.09,4.875,6615.0,1,14950.09,663.5,0.5,4,161.0
8335.09,4.875,6615.0,2,23285.18,161.0,0.0,4,161.0
8335.09,4.875,6615.0,3,31620.27,156.5,0.5,4,161.0
8335.09,4.875,6615.0,4,39955.36,155.25,0.433,4,161.0
8335.09,4.875,6620.0,0,6620.0,185.0,0.0,4,161.0
8335.09,4.875,6620.0,1,14955.09,663.0,0.707,4,161.0
8335.09,4.875,6620.0,2,23290.18,161.0,0.0,3,161.0
8335.09,4.875,6620.0,3,31625.27,156.667,0.471,3,161.0
8335.09,4.875,6620.0,4,39960.36,155.667,0.471,3,161.0
8335.09,4.875,6625.0,0,6625.0,185.0,0.0,4,161.0
8335.09,4.875,6625.0,1,14960.09,662.75,0.829,4,161.0
8335.09,4.875,6625.0,2,23295.18,161.0,0.0,4,161.0
8335.09,4.875,6625.0,3,31630.27,156.75,0.433,4,161.0
8335.09,4.875,6625.0,4,39965.36,155.0,0.0,3,161.0
8335.09,4.875,6630.0,0,6630.0,185.0,0.0,4,161.0
8335.09,4.875,6630.0,1,14965.09,662.25,0.829,4,161.0
8335.09,4.875,6630.0,2,23300.18,161.0,0.0,4,161.0
8335.09,4.875,6630.0,3,31635.27,157.0,0.0,4,161.0
8335.09,4.875,6630.0,4,39970.36,155.25,0.433,4,161.0
8335.09,4.875,6635.0,0,6635.0,185.0,0.0,4,161.0
8335.09,4.875,6635.0,1,14970.09,662.5,0.5,4,161.0
8335.09,4.875,6635.0,2,23305.18,161.0,0.0,4,161.0
8335.09,4.875,6635.0,3,31640.27,157.0,0.0,4,161.0
8335.09,4.875,6635.0,4,39975.36,155.0,0.0,3,161.0
8335.09,4.875,6640.0,0,6640.0,185.0,0.0,4,161.0
8335.09,4.875,6640.0,1,14975.09,662.5,0.866,4,161.0
8335.09,4.875,6640.0,2,23310.18,161.0,0.0,4,161.0
8335.09,4.875,6640.0,3,31645.27,156.5,0.5,4,161.0
8335.09,4.875,6640.0,4,39980.36,155.25,0.433,4,161.0
8335.09,4.875,6645.0,0,6645.0,185.0,0.0,4,161.0
8335.09,4.875,6645.0,1,14980.09,662.5,0.866,4,161.0
8335.09,4.875,6645.0,2,23315.18,161.0,0.0,3,161.0
8335.09,4.875,6645.0,3,31650.27,156.333,0.471,3,161.0
8335.09,4.875,6645.0,4,39985.36,155.0,0.0,3,161.0
8335.09,4.875,6650.0,0,6650.0,185.0,0.0,4,161.0
8335.09,4.875,6650.0,1,14985.09,662.25,0.433,4,161.0
8335.09,4.875,6650.0,2,23320.18,161.0,0.0,4,161.0
8335.09,4.875,6650.0,3,31655.27,156.25,0.433,4,161.0
8335.09,4.875,6650.0,4,39990.36,155.5,0.5,4,161.0
8335.09,4.875,6655.0,0,6655.0,185.0,0.0,4,161.0
8335.09,4.875,6655.0,1,14990.09,661.75,0.433,4,161.0
8335.09,4.875,6655.0,2,23325.18,161.0,0.0,4,161.0
8335.09,4.875,6655.0,3,31660.27,156.75,0.433,4,161.0
8335.09,4.875,6655.0,4,39995.36,155.333,0.471,3,161.0
8335.09,4.875,6660.0,0,6660.0,185.0,0.0,4,161.0
8335.09,4.875,6660.0,1,14995.09,662.75,0.433,4,161.0
8335.09,4.875,6660.0,2,23330.18,161.0,0.0,3,161.0
8335.09,4.875,6660.0,3,31665.27,156.0,0.0,3,161.0
8335.09,4.875,6660.0,4,40000.36,155.333,0.471,3,161.0
8335.09,4.875,6665.0,0,6665.0,185.0,0.0,4,161.0
8335.09,4.875,6665.0,1,15000.09,662.5,0.5,4,161.0
8335.09,4.875,6665.0,2,23335.18,161.0,0.0,4,161.0
8335.09,4.875,6665.0,3,31670.27,156.5,0.5,4,161.0
8335.09,4.875,6665.0,4,40005.36,155.333,0.471,3,161.0
8335.09,4.875,6670.0,0,6670.0,185.0,0.0,4,161.0
8335.09,4.875,6670.0,1,15005.09,662.5,0.5,4,161.0
8335.09,4.875,6670.0,2,23340.18,161.0,0.0,3,161.0
8335.09,4.875,6670.0,3,31675.27,156.667,0.471,3,161.0
8335.09,4.875,6670.0,4,40010.36,155.333,0.471,3,161.0
8335.09,4.875,6675.0,0,6675.0,185.0,0.0,4,161.0
8335.09,4.875,6675.0,1,15010.09,662.0,0.707,4,161.0
8335.09,4.875,6675.0,2,23345.18,161.0,0.0,4,161.0
8335.09,4.875,6675.0,3,31680.27,156.75,0.433,4,161.0
8335.09,4.875,6675.0,4,40015.36,155.0,0.0,3,161.0
8335.09,4.875,6680.0,0,6680.0,185.0,0.0,4,161.0
8335.09,4.875,6680.0,1,15015.09,663.25,0.433,4,161.0
8335.09,4.875,6680.0,2,23350.18,161.0,0.0,4,161.0
8335.09,4.875,6680.0,3,31685.27,156.5,0.5,4,161.0
8335.09,4.875,6680.0,4,40020.36,155.25,0.433,4,161.0
8335.09,4.875,6685.0,0,6685.0,185.0,0.0,4,161.5
8335.09,4.875,6685.0,1,15020.09,649.25,1.09,4,161.5
8335.09,4.875,6685.0,2,23355.18,161.5,0.5,4,161.5
8335.09,4.875,6685.0,3,31690.27,156.5,0.5,4,161.5
8335.09,4.875,6685.0,4,40025.36,155.0,0.0,3,161.5
8335.09,4.875,6690.0,0,6690.0,185.0,0.0,4,164.0
8335.09,4.875,6690.0,1,15025.09,625.5,1.658,4,164.0
8335.09,4.875,6690.0,2,23360.18,164.0,0.0,4,164.0
8335.09,4.875,6690.0,3,31695.27,157.0,0.0,4,164.0
8335.09,4.875,6690.0,4,40030.36,155.25,0.433,4,164.0
8335.09,4.875,6695.0,0,6695.0,185.0,0.0,4,166.0
8335.09,4.875,6695.0,1,15030.09,620.25,1.09,4,166.0
8335.09,4.875,6695.0,2,23365.18,166.0,0.0,4,166.0
8335.09,4.875,6695.0,3,31700.27,157.5,0.5,4,166.0
8335.09,4.875,6695.0,4,40035.36,155.0,0.0,3,166.0
8335.09,4.875,6700.0,0,6700.0,185.0,0.0,4,166.25
8335.09,4.875,6700.0,1,15035.09,617.5,0.866,4,166.25
8335.09,4.875,6700.0,2,23370.18,166.25,0.433,4,166.25
8335.09,4.875,6700.0,3,31705.27,157.5,0.5,4,166.25
8335.09,4.875,6700.0,4,40040.36,155.5,0.5,4,166.25
8335.09,4.875,6705.0,0,6705.0,185.0,0.0,4,167.0
8335.09,4.875,6705.0,1,15040.09,617.25,0.433,4,167.0
8335.09,4.875,6705.0,2,23375.18,167.0,0.0,4,167.0
8335.09,4.875,6705.0,3,31710.27,157.5,0.5,4,167.0
8335.09,4.875,6705.0,4,40045.36,155.0,0.0,3,167.0
8335.09,4.875,6710.0,0,6710.0,185.0,0.0,4,167.0
8335.09,4.875,6710.0,1,15045.09,615.25,1.479,4,167.0
8335.09,4.875,6710.0,2,23380.18,167.0,0.0,4,167.0
8335.09,4.875,6710.0,3,31715.27,157.667,0.471,3,167.0
8335.09,4.875,6710.0,4,40050.36,155.667,0.471,3,167.0
8335.09,4.875,6715.0,0,6715.0,185.0,0.0,4,167.0
8335.09,4.875,6715.0,1,15050.09,616.0,0.707,4,167.0
8335.09,4.875,6715.0,2,23385.18,167.0,0.0,4,167.0
8335.09,4.875,6715.0,3,31720.27,158.0,0.0,4,167.0
8335.09,4.875,6715.0,4,40055.36,155.333,0.471,3,167.0
8335.09,4.875,6720.0,0,6720.0,185.0,0.0,4,167.333
8335.09,4.875,6720.0,1,15055.09,615.75,0.433,4,167.333
8335.09,4.875,6720.0,2,23390.18,167.333,0.471,3,167.333
8335.09,4.875,6720.0,3,31725.27,157.667,0.471,3,167.333
8335.09,4.875,6720.0,4,40060.36,155.0,0.0,3,167.333
8335.09,4.875,6725.0,0,6725.0,185.0,0.0,4,167.5
8335.09,4.875,6725.0,1,15060.09,614.5,0.866,4,167.5
8335.09,4.875,6725.0,2,23395.18,167.5,0.5,4,167.5
8335.09,4.875,6725.0,3,31730.27,158.0,0.0,4,167.5
8335.09,4.875,6725.0,4,40065.36,155.0,0.0,3,167.5
8335.09,4.875,6730.0,0,6730.0,185.0,0.0,4,167.0
8335.09,4.875,6730.0,1,15065.09,614.25,0.829,4,167.0
8335.09,4.875,6730.0,2,23400.18,167.0,0.0,3,167.0
8335.09,4.875,6730.0,3,31735.27,157.667,0.471,3,167.0
8335.09,4.875,6730.0,4,40070.36,155.667,0.471,3,167.0
8335.09,4.875,6735.0,0,6735.0,184.75,0.433,4,167.25
8335.09,4.875,6735.0,1,15070.09,614.5,1.118,4,167.25
8335.09,4.875,6735.0,2,23405.18,167.25,0.433,4,167.25
8335.09,4.875,6735.0,3,31740.27,158.0,0.0,4,167.25
8335.09,4.875,6735.0,4,40075.36,155.333,0.471,3,167.25
8335.09,4.875,6740.0,0,6740.0,185.0,0.0,4,167.667
8335.09,4.875,6740.0,1,15075.09,616.0,0.707,4,167.667
8335.09,4.875,6740.0,2,23410.18,167.667,0.471,3,167.667
8335.09,4.875,6740.0,3,31745.27,158.0,0.0,3,167.667
8335.09,4.875,6740.0,4,40080.36,155.333,0.471,3,167.667
8335.09,4.875,6745.0,0,6745.0,185.0,0.0,4,167.75
8335.09,4.875,6745.0,1,15080.09,615.25,0.433,4,167.75
8335.09,4.875,6745.0,2,23415.18,167.75,0.433,4,167.75
8335.09,4.875,6745.0,3,31750.27,158.0,0.0,4,167.75
8335.09,4.875,6745.0,4,40085.36,155.0,0.0,3,167.75
8335.09,4.875,6750.0,0,6750.0,185.0,0.0,4,167.667
8335.09,4.875,6750.0,1,15085.09,615.0,1.414,4,167.667
8335.09,4.875,6750.0,2,23420.18,167.667,0.471,3,167.667
8335.09,4.875,6750.0,3,31755.27,157.333,0.471,3,167.667
8335.09,4.875,6750.0,4,40090.36,155.333,0.471,3,167.667
8335.09,4.875,6755.0,0,6755.0,185.0,0.0,4,168.0
8335.09,4.875,6755.0,1,15090.09,615.0,0.707,4,168.0
8335.09,4.875,6755.0,2,23425.18,168.0,0.0,4,168.0
8335.09,4.875,6755.0,3,31760.27,158.0,0.0,3,168.0
8335.09,4.875,6755.0,4,40095.36,155.0,0.0,3,168.0
8335.09,4.875,6760.0,0,6760.0,185.0,0.0,4,167.0
8335.09,4.875,6760.0,1,15095.09,614.75,0.829,4,167.0
8335.09,4.875,6760.0,2,23430.18,167.0,0.0,4,167.0
8335.09,4.875,6760.0,3,31765.27,158.0,0.0,4,167.0
8335.09,4.875,6760.0,4,40100.36,155.25,0.433,4,167.0
8335.09,4.875,6765.0,0,6765.0,184.75,0.433,4,168.0
8335.09,4.875,6765.0,1,15100.09,614.667,0.471,3,168.0
8335.09,4.875,6765.0,2,23435.18,168.0,0.0,3,168.0
8335.09,4.875,6765.0,3,31770.27,158.0,0.0,3,168.0
8335.09,4.875,6765.0,4,40105.36,155.0,0.0,3,168.0
8335.09,4.875,6770.0,0,6770.0,184.75,0.433,4,167.75
8335.09,4.875,6770.0,1,15105.09,615.25,0.829,4,167.75
8335.09,4.875,6770.0,2,23440.18,167.75,0.433,4,167.75
8335.09,4.875,6770.0,3,31775.27,158.0,0.0,4,167.75
8335.09,4.875,6770.0,4,40110.36,155.75,0.433,4,167.75
8335.09,4.875,6775.0,0,6775.0,185.0,0.0,4,167.75
8335.09,4.875,6775.0,1,15110.09,614.5,0.5,4,167.75
8335.09,4.875,6775.0,2,23445.18,167.75,0.433,4,167.75
8335.09,4.875,6775.0,3,31780.27,158.0,0.0,3,167.75
8335.09,4.875,6775.0,4,40115.36,155.333,0.471,3,167.75
8335.09,4.875,6780.0,0,6780.0,185.0,0.0,4,168.0
8335.09,4.875,6780.0,1,15115.09,614.25,0.829,4,168.0
8335.09,4.875,6780.0,2,23450.18,168.0,0.0,4,168.0
8335.09,4.875,6780.0,3,31785.27,157.75,0.433,4,168.0
8335.09,4.875,6780.0,4,40120.36,155.25,0.433,4,168.0
8335.09,4.875,6785.0,0,6785.0,185.0,0.0,4,167.333
8335.09,4.875,6785.0,1,15120.09,614.667,0.471,3,167.333
8335.09,4.875,6785.0,2,23455.18,167.333,0.471,3,167.333
8335.09,4.875,6785.0,3,31790.27,158.0,0.0,3,167.333
8335.09,4.875,6785.0,4,40125.36,155.333,0.471,3,167.333
8335.09,4.875,6790.0,0,6790.0,184.75,0.433,4,167.75
8335.09,4.875,6790.0,1,15125.09,614.0,1.225,4,167.75
8335.09,4.875,6790.0,2,23460.18,167.75,0.433,4,167.75
8335.09,4.875,6790.0,3,31795.27,158.0,0.0,4,167.75
8335.09,4.875,6790.0,4,40130.36,155.0,0.0,3,167.75
8335.09,4.875,6795.0,0,6795.0,185.0,0.0,4,167.667
8335.09,4.875,6795.0,1,15130.09,615.333,0.943,3,167.667
8335.09,4.875,6795.0,2,23465.18,167.667,0.471,3,167.667
8335.09,4.875,6795.0,3,31800.27,158.0,0.0,3,167.667
8335.09,4.875,6795.0,4,40135.36,155.333,0.471,3,167.667
8335.09,4.875,6800.0,0,6800.0,185.0,0.0,4,168.0
8335.09,4.875,6800.0,1,15135.09,614.25,1.479,4,168.0
8335.09,4.875,6800.0,2,23470.18,168.0,0.0,3,168.0
8335.09,4.875,6800.0,3,31805.27,157.667,0.471,3,168.0
8335.09,4.875,6800.0,4,40140.36,155.0,0.0,3,168.0
8335.09,4.875,6805.0,0,6805.0,185.0,0.0,4,168.0
8335.09,4.875,6805.0,1,15140.09,614.0,1.414,4,168.0
8335.09,4.875,6805.0,2,23475.18,168.0,0.0,4,168.0
8335.09,4.875,6805.0,3,31810.27,158.0,0.0,3,168.0
8335.09,4.875,6805.0,4,40145.36,155.0,0.0,3,168.0
8335.09,4.875,6810.0,0,6810.0,185.0,0.0,4,168.0
8335.09,4.875,6810.0,1,15145.09,613.5,0.866,4,168.0
8335.09,4.875,6810.0,2,23480.18,168.0,0.0,4,168.0
8335.09,4.875,6810.0,3,31815.27,158.0,0.0,4,168.0
8335.09,4.875,6810.0,4,40150.36,155.25,0.433,4,168.0
8335.09,4.875,6815.0,0,6815.0,185.0,0.0,4,167.667
8335.09,4.875,6815.0,1,15150.09,614.667,0.471,3,167.667
8335.09,4.875,6815.0,2,23485.18,167.667,0.471,3,167.667
8335.09,4.875,6815.0,3,31820.27,157.667,0.471,3,167.667
8335.09,4.875,6815.0,4,40155.36,155.0,0.0,3,167.667
8335.09,4.875,6820.0,0,6820.0,185.0,0.0,4,167.75
8335.09,4.875,6820.0,1,15155.09,614.75,0.433,4,167.75
8335.09,4.875,6820.0,2,23490.18,167.75,0.433,4,167.75
8335.09,4.875,6820.0,3,31825.27,158.0,0.0,4,167.75
8335.09,4.875,6820.0,4,40160.36,155.25,0.433,4,167.75
8335.09,4.875,6825.0,0,6825.0,185.0,0.0,4,168.0
8335.09,4.875,6825.0,1,15160.09,614.667,0.943,3,168.0
8335.09,4.875,6825.0,2,23495.18,168.0,0.0,3,168.0
8335.09,4.875,6825.0,3,31830.27,158.0,0.0,3,168.0
8335.09,4.875,6825.0,4,40165.36,155.0,0.0,3,168.0
8335.09,4.875,6830.0,0,6830.0,184.75,0.433,4,167.75
8335.09,4.875,6830.0,1,15165.09,615.25,1.479,4,167.75
8335.09,4.875,6830.0,2,23500.18,167.75,0.433,4,167.75
8335.09,4.875,6830.0,3,31835.27,158.0,0.0,4,167.75
8335.09,4.875,6830.0,4,40170.36,155.0,0.0,4,167.75
8335.09,4.875,6835.0,0,6835.0,185.0,0.0,4,168.0
8335.09,4.875,6835.0,1,15170.09,615.0,0.816,3,168.0
8335.09,4.875,6835.0,2,23505.18,168.0,0.0,3,168.0
8335.09,4.875,6835.0,3,31840.27,158.0,0.0,3,168.0
8335.09,4.875,6835.0,4,40175.36,155.333,0.471,3,168.0
8335.09,4.875,6840.0,0,6840.0,184.75,0.433,4,167.75
8335.09,4.875,6840.0,1,15175.09,615.0,1.225,4,167.75
8335.09,4.875,6840.0,2,23510.18,167.75,0.433,4,167.75
8335.09,4.875,6840.0,3,31845.27,158.0,0.0,4,167.75
8335.09,4.875,6840.0,4,40180.36,155.5,0.5,4,167.75
8335.09,4.875,6845.0,0,6845.0,185.0,0.0,4,168.0
8335.09,4.875,6845.0,1,15180.09,614.0,0.816,3,168.0
8335.09,4.875,6845.0,2,23515.18,168.0,0.0,3,168.0
8335.09,4.875,6845.0,3,31850.27,158.0,0.0,3,168.0
8335.09,4.875,6845.0,4,40185.36,155.333,0.471,3,168.0
8335.09,4.875,6850.0,0,6850.0,184.75,0.433,4,168.0
8335.09,4.875,6850.0,1,15185.09,614.75,0.829,4,168.0
8335.09,4.875,6850.0,2,23520.18,168.0,0.0,3,168.0
8335.09,4.875,6850.0,3,31855.27,158.0,0.0,3,168.0
8335.09,4.875,6850.0,4,40190.36,155.333,0.471,3,168.0
8335.09,4.875,6855.0,0,6855.0,185.0,0.0,4,167.75
8335.09,4.875,6855.0,1,15190.09,614.5,0.5,4,167.75
8335.09,4.875,6855.0,2,23525.18,167.75,0.433,4,167.75
8335.09,4.875,6855.0,3,31860.27,157.75,0.433,4,167.75
8335.09,4.875,6855.0,4,40195.36,155.0,0.0,3,167.75
8335.09,4.875,6860.0,0,6860.0,185.0,0.0,4,167.75
8335.09,4.875,6860.0,1,15195.09,615.25,0.433,4,167.75
8335.09,4.875,6860.0,2,23530.18,167.75,0.433,4,167.75
8335.09,4.875,6860.0,3,31865.27,158.0,0.0,4,167.75
8335.09,4.875,6860.0,4,40200.36,155.0,0.0,4,167.75
8335.09,4.875,6865.0,0,6865.0,185.0,0.0,4,168.0
8335.09,4.875,6865.0,1,15200.09,615.0,0.0,4,168.0
8335.09,4.875,6865.0,2,23535.18,168.0,0.0,3,168.0
8335.09,4.875,6865.0,3,31870.27,158.0,0.0,3,168.0
8335.09,4.875,6865.0,4,40205.36,155.0,0.0,3,168.0
8335.09,4.875,6870.0,0,6870.0,185.0,0.0,4,168.0
8335.09,4.875,6870.0,1,15205.09,615.0,0.707,4,168.0
8335.09,4.875,6870.0,2,23540.18,168.0,0.0,4,168.0
8335.09,4.875,6870.0,3,31875.27,157.75,0.433,4,168.0
8335.09,4.875,6870.0,4,40210.36,155.25,0.433,4,168.0
8335.09,4.875,6875.0,0,6875.0,184.75,0.433,4,168.0
8335.09,4.875,6875.0,1,15210.09,615.25,0.433,4,168.0
8335.09,4.875,6875.0,2,23545.18,168.0,0.0,4,168.0
8335.09,4.875,6875.0,3,31880.27,158.0,0.0,4,168.0
8335.09,4.875,6875.0,4,40215.36,155.667,0.471,3,168.0
8335.09,4.875,6880.0,0,6880.0,185.0,0.0,4,168.0
8335.09,4.875,6880.0,1,15215.09,613.75,1.09,4,168.0
8335.09,4.875,6880.0,2,23550.18,168.0,0.0,3,168.0
8335.09,4.875,6880.0,3,31885.27,158.0,0.0,3,168.0
8335.09,4.875,6880.0,4,40220.36,155.0,0.0,3,168.0
8335.09,4.875,6885.0,0,6885.0,185.0,0.0,4,168.0
8335.09,4.875,6885.0,1,15220.09,615.25,0.433,4,168.0
8335.09,4.875,6885.0,2,23555.18,168.0,0.0,4,168.0
8335.09,4.875,6885.0,3,31890.27,158.0,0.0,4,168.0
8335.09,4.875,6885.0,4,40225.36,155.333,0.471,3,168.0
8335.09,4.875,6890.0,0,6890.0,185.0,0.0,4,167.75
8335.09,4.875,6890.0,1,15225.09,614.75,0.829,4,167.75
8335.09,4.875,6890.0,2,23560.18,167.75,0.433,4,167.75
8335.09,4.875,6890.0,3,31895.27,158.0,0.0,4,167.75
8335.09,4.875,6890.0,4,40230.36,155.5,0.5,4,167.75
8335.09,4.875,6895.0,0,6895.0,185.0,0.0,4,167.75
8335.09,4.875,6895.0,1,15230.09,615.0,1.0,4,167.75
8335.09,4.875,6895.0,2,23565.18,167.75,0.433,4,167.75
8335.09,4.875,6895.0,3,31900.27,157.667,0.471,3,167.75
8335.09,4.875,6895.0,4,40235.36,155.333,0.471,3,167.75
8335.09,4.875,6900.0,0,6900.0,185.0,0.0,4,167.75
8335.09,4.875,6900.0,1,15235.09,614.5,1.118,4,167.75
8335.09,4.875,6900.0,2,23570.18,167.75,0.433,4,167.75
8335.09,4.875,6900.0,3,31905.27,157.5,0.5,4,167.75
8335.09,4.875,6900.0,4,40240.36,155.25,0.433,4,167.75
8335.09,4.875,6905.0,0,6905.0,185.0,0.0,4,167.75
8335.09,4.875,6905.0,1,15240.09,615.75,0.433,4,167.75
8335.09,4.875,6905.0,2,23575.18,167.75,0.433,4,167.75
8335.09,4.875,6905.0,3,31910.27,158.0,0.0,4,167.75
8335.09,4.875,6905.0,4,40245.36,155.0,0.0,3,167.75
8335.09,4.875,6910.0,0,6910.0,185.0,0.0,4,167.667
8335.09,4.875,6910.0,1,15245.09,615.0,1.0,4,167.667
8335.09,4.875,6910.0,2,23580.18,167.667,0.471,3,167.667
8335.09,4.875,6910.0,3,31915.27,158.0,0.0,3,167.667
8335.09,4.875,6910.0,4,40250.36,155.667,0.471,3,167.667
8335.09,4.875,6915.0,0,6915.0,185.0,0.0,4,168.0
8335.09,4.875,6915.0,1,15250.09,615.25,0.829,4,168.0
8335.09,4.875,6915.0,2,23585.18,168.0,0.0,4,168.0
8335.09,4.875,6915.0,3,31920.27,157.75,0.433,4,168.0
8335.09,4.875,6915.0,4,40255.36,155.333,0.471,3,168.0
8335.09,4.875,6920.0,0,6920.0,185.0,0.0,4,167.667
8335.09,4.875,6920.0,1,15255.09,615.25,0.829,4,167.667
8335.09,4.875,6920.0,2,23590.18,167.667,0.471,3,167.667
8335.09,4.875,6920.0,3,31925.27,158.0,0.0,3,167.667
8335.09,4.875,6920.0,4,40260.36,155.333,0.471,3,167.667
8335.09,4.875,6925.0,0,6925.0,185.0,0.0,4,168.0
8335.09,4.875,6925.0,1,15260.09,615.25,0.433,4,168.0
8335.09,4.875,6925.0,2,23595.18,168.0,0.0,4,168.0
8335.09,4.875,6925.0,3,31930.27,157.75,0.433,4,168.0
8335.09,4.875,6925.0,4,40265.36,155.0,0.0,3,168.0
8335.09,4.875,6930.0,0,6930.0,185.0,0.0,4,168.0
8335.09,4.875,6930.0,1,15265.09,614.75,1.479,4,168.0
8335.09,4.875,6930.0,2,23600.18,168.0,0.0,3,168.0
8335.09,4.875,6930.0,3,31935.27,157.667,0.471,3,168.0
8335.09,4.875,6930.0,4,40270.36,155.0,0.0,3,168.0
8335.09,4.875,6935.0,0,6935.0,185.0,0.0,4,167.75
8335.09,4.875,6935.0,1,15270.09,614.25,0.433,4,167.75
8335.09,4.875,6935.0,2,23605.18,167.75,0.433,4,167.75
8335.09,4.875,6935.0,3,31940.27,158.0,0.0,4,167.75
8335.09,4.875,6935.0,4,40275.36,155.667,0.471,3,167.75
8335.09,4.875,6940.0,0,6940.0,185.0,0.0,4,167.667
8335.09,4.875,6940.0,1,15275.09,615.5,1.118,4,167.667
8335.09,4.875,6940.0,2,23610.18,167.667,0.471,3,167.667
8335.09,4.875,6940.0,3,31945.27,157.667,0.471,3,167.667
8335.09,4.875,6940.0,4,40280.36,155.667,0.471,3,167.667
8335.09,4.875,6945.0,0,6945.0,185.0,0.0,4,167.5
8335.09,4.875,6945.0,1,15280.09,614.75,0.829,4,167.5
8335.09,4.875,6945.0,2,23615.18,167.5,0.5,4,167.5
8335.09,4.875,6945.0,3,31950.27,158.0,0.0,3,167.5
8335.09,4.875,6945.0,4,40285.36,155.0,0.0,3,167.5
8335.09,4.875,6950.0,0,6950.0,185.0,0.0,4,168.0
8335.09,4.875,6950.0,1,15285.09,615.0,1.0,4,168.0
8335.09,4.875,6950.0,2,23620.18,168.0,0.0,4,168.0
8335.09,4.875,6950.0,3,31955.27,158.0,0.0,4,168.0
8335.09,4.875,6950.0,4,40290.36,155.25,0.433,4,168.0
8335.09,4.875,6955.0,0,6955.0,185.0,0.0,4,167.667
8335.09,4.875,6955.0,1,15290.09,614.667,0.471,3,167.667
8335.09,4.875,6955.0,2,23625.18,167.667,0.471,3,167.667
8335.09,4.875,6955.0,3,31960.27,158.0,0.0,3,167.667
8335.09,4.875,6955.0,4,40295.36,155.333,0.471,3,167.667
8335.09,4.875,6960.0,0,6960.0,185.0,0.0,4,168.0
8335.09,4.875,6960.0,1,15295.09,615.5,1.5,4,168.0
8335.09,4.875,6960.0,2,23630.18,168.0,0.0,3,168.0
8335.09,4.875,6960.0,3,31965.27,157.667,0.471,3,168.0
8335.09,4.875,6960.0,4,40300.36,155.333,0.471,3,168.0
8335.09,4.875,6965.0,0,6965.0,185.0,0.0,4,168.0
8335.09,4.875,6965.0,1,15300.09,615.0,0.0,3,168.0
8335.09,4.875,6965.0,2,23635.18,168.0,0.0,3,168.0
8335.09,4.875,6965.0,3,31970.27,158.0,0.0,3,168.0
8335.09,4.875,6965.0,4,40305.36,155.0,0.0,3,168.0
8335.09,4.875,6970.0,0,6970.0,185.0,0.0,4,168.0
8335.09,4.875,6970.0,1,15305.09,614.5,0.5,4,168.0
8335.09,4.875,6970.0,2,23640.18,168.0,0.0,3,168.0
8335.09,4.875,6970.0,3,31975.27,158.0,0.0,3,168.0
8335.09,4.875,6970.0,4,40310.36,155.333,0.471,3,168.0
8335.09,4.875,6975.0,0,6975.0,185.0,0.0,4,168.0
8335.09,4.875,6975.0,1,15310.09,614.667,0.471,3,168.0
8335.09,4.875,6975.0,2,23645.18,168.0,0.0,3,168.0
8335.09,4.875,6975.0,3,31980.27,158.0,0.0,3,168.0
8335.09,4.875,6975.0,4,40315.36,155.0,0.0,3,168.0
8335.09,4.875,6980.0,0,6980.0,185.0,0.0,4,167.667
8335.09,4.875,6980.0,1,15315.09,615.0,0.0,4,167.667
8335.09,4.875,6980.0,2,23650.18,167.667,0.471,3,167.667
8335.09,4.875,6980.0,3,31985.27,158.0,0.0,3,167.667
8335.09,4.875,6980.0,4,40320.36,155.0,0.0,3,167.667
8335.09,4.875,6985.0,0,6985.0,185.0,0.0,4,168.0
8335.09,4.875,6985.0,1,15320.09,615.0,0.707,4,168.0
8335.09,4.875,6985.0,2,23655.18,168.0,0.0,4,168.0
8335.09,4.875,6985.0,3,31990.27,158.0,0.0,4,168.0
8335.09,4.875,6985.0,4,40325.36,155.333,0.471,3,168.0
8335.09,4.875,6990.0,0,6990.0,185.0,0.0,4,168.0
8335.09,4.875,6990.0,1,15325.09,614.75,0.829,4,168.0
8335.09,4.875,6990.0,2,23660.18,168.0,0.0,3,168.0
8335.09,4.875,6990.0,3,31995.27,158.0,0.0,3,168.0
8335.09,4.875,6990.0,4,40330.36,155.333,0.471,3,168.0
8335.09,4.875,6995.0,0,6995.0,185.25,0.433,4,168.0
8335.09,4.875,6995.0,1,15330.09,614.75,0.433,4,168.0
8335.09,4.875,6995.0,2,23665.18,168.0,0.0,4,168.0
8335.09,4.875,6995.0,3,32000.27,158.0,0.0,4,168.0
8335.09,4.875,6995.0,4,40335.36,155.333,0.471,3,168.0
8335.09,4.875,7000.0,0,7000.0,185.5,0.5,4,167.667
8335.09,4.875,7000.0,1,15335.09,614.667,0.943,3,167.667
8335.09,4.875,7000.0,2,23670.18,167.667,0.471,3,167.667
8335.09,4.875,7000.0,3,32005.27,158.0,0.0,3,167.667
8335.09,4.875,7000.0,4,40340.36,155.333,0.471,3,167.667
8335.09,4.875,7005.0,0,7005.0,185.25,0.433,4,168.0
8335.09,4.875,7005.0,1,15340.09,614.333,0.943,3,168.0
8335.09,4.875,7005.0,2,23675.18,168.0,0.0,3,168.0
8335.09,4.875,7005.0,3,32010.27,158.0,0.0,3,168.0
8335.09,4.875,7005.0,4,40345.36,155.667,0.471,3,168.0
8335.09,4.875,7010.0,0,7010.0,185.25,0.433,4,167.667
8335.09,4.875,7010.0,1,15345.09,614.5,1.118,4,167.667
8335.09,4.875,7010.0,2,23680.18,167.667,0.471,3,167.667
8335.09,4.875,7010.0,3,32015.27,157.667,0.471,3,167.667
8335.09,4.875,7010.0,4,40350.36,155.0,0.0,3,167.667
8335.09,4.875,7015.0,0,7015.0,185.25,0.433,4,168.0
8335.09,4.875,7015.0,1,15350.09,613.667,0.471,3,168.0
8335.09,4.875,7015.0,2,23685.18,168.0,0.0,3,168.0
8335.09,4.875,7015.0,3,32020.27,157.667,0.471,3,168.0
8335.09,4.875,7015.0,4,40355.36,155.0,0.0,3,168.0
8335.09,4.875,7020.0,0,7020.0,185.75,0.433,4,168.0
8335.09,4.875,7020.0,1,15355.09,613.5,0.866,4,168.0
8335.09,4.875,7020.0,2,23690.18,168.0,0.0,3,168.0
8335.09,4.875,7020.0,3,32025.27,158.0,0.0,3,168.0
8335.09,4.875,7020.0,4,40360.36,155.667,0.471,3,168.0
8335.09,4.875,7025.0,0,7025.0,185.5,0.5,4,167.75
8335.09,4.875,7025.0,1,15360.09,613.75,1.09,4,167.75
8335.09,4.875,7025.0,2,23695.18,167.75,0.433,4,167.75
8335.09,4.875,7025.0,3,32030.27,158.0,0.0,4,167.75
8335.09,4.875,7025.0,4,40365.36,155.25,0.433,4,167.75
8335.09,4.875,7030.0,0,7030.0,185.25,0.433,4,167.333
8335.09,4.875,7030.0,1,15365.09,613.75,1.09,4,167.333
8335.09,4.875,7030.0,2,23700.18,167.333,0.471,3,167.333
8335.09,4.875,7030.0,3,32035.27,158.0,0.0,3,167.333
8335.09,4.875,7030.0,4,40370.36,155.333,0.471,3,167.333
8335.09,4.875,7035.0,0,7035.0,185.75,0.433,4,168.0
8335.09,4.875,7035.0,1,15370.09,613.5,1.118,4,168.0
8335.09,4.875,7035.0,2,23705.18,168.0,0.0,4,168.0
8335.09,4.875,7035.0,3,32040.27,158.0,0.0,4,168.0
8335.09,4.875,7035.0,4,40375.36,155.0,0.0,4,168.0
8335.09,4.875,7040.0,0,7040.0,186.0,0.0,4,168.0
8335.09,4.875,7040.0,1,15375.09,613.5,0.5,4,168.0
8335.09,4.875,7040.0,2,23710.18,168.0,0.0,3,168.0
8335.09,4.875,7040.0,3,32045.27,158.0,0.0,3,168.0
8335.09,4.875,7040.0,4,40380.36,155.333,0.471,3,168.0
8335.09,4.875,7045.0,0,7045.0,185.75,0.433,4,168.0
8335.09,4.875,7045.0,1,15380.09,613.0,1.581,4,168.0
8335.09,4.875,7045.0,2,23715.18,168.0,0.0,4,168.0
8335.09,4.875,7045.0,3,32050.27,157.75,0.433,4,168.0
8335.09,4.875,7045.0,4,40385.36,155.0,0.0,4,168.0
8335.09,4.875,7050.0,0,7050.0,186.0,0.0,4,167.667
8335.09,4.875,7050.0,1,15385.09,612.0,1.225,4,167.667
8335.09,4.875,7050.0,2,23720.18,167.667,0.471,3,167.667
8335.09,4.875,7050.0,3,32055.27,157.667,0.471,3,167.667
8335.09,4.875,7050.0,4,40390.36,155.0,0.0,3,167.667
8335.09,4.875,7055.0,0,7055.0,186.0,0.0,4,167.5
8335.09,4.875,7055.0,1,15390.09,613.25,1.09,4,167.5
8335.09,4.875,7055.0,2,23725.18,167.5,0.5,4,167.5
8335.09,4.875,7055.0,3,32060.27,158.0,0.0,3,167.5
8335.09,4.875,7055.0,4,40395.36,155.0,0.0,3,167.5
8335.09,4.875,7060.0,0,7060.0,186.0,0.0,4,168.0
8335.09,4.875,7060.0,1,15395.09,612.75,1.299,4,168.0
8335.09,4.875,7060.0,2,23730.18,168.0,0.0,4,168.0
8335.09,4.875,7060.0,3,32065.27,157.75,0.433,4,168.0
8335.09,4.875,7060.0,4,40400.36,155.0,0.0,3,168.0
8335.09,4.875,7065.0,0,7065.0,185.75,0.433,4,168.0
8335.09,4.875,7065.0,1,15400.09,614.0,1.0,4,168.0
8335.09,4.875,7065.0,2,23735.18,168.0,0.0,3,168.0
8335.09,4.875,7065.0,3,32070.27,158.0,0.0,3,168.0
8335.09,4.875,7065.0,4,40405.36,155.0,0.0,3,168.0
8335.09,4.875,7070.0,0,7070.0,186.0,0.0,4,168.0
8335.09,4.875,7070.0,1,15405.09,612.5,0.5,4,168.0
8335.09,4.875,7070.0,2,23740.18,168.0,0.0,4,168.0
8335.09,4.875,7070.0,3,32075.27,157.5,0.5,4,168.0
8335.09,4.875,7070.0,4,40410.36,155.667,0.471,3,168.0
8335.09,4.875,7075.0,0,7075.0,186.0,0.0,4,167.333
8335.09,4.875,7075.0,1,15410.09,614.0,0.707,4,167.333
8335.09,4.875,7075.0,2,23745.18,167.333,0.471,3,167.333
8335.09,4.875,7075.0,3,32080.27,157.667,0.471,3,167.333
8335.09,4.875,7075.0,4,40415.36,155.333,0.471,3,167.333
8335.09,4.875,7080.0,0,7080.0,186.25,0.433,4,168.0
8335.09,4.875,7080.0,1,15415.09,613.75,1.09,4,168.0
8335.09,4.875,7080.0,2,23750.18,168.0,0.0,4,168.0
8335.09,4.875,7080.0,3,32085.27,157.75,0.433,4,168.0
8335.09,4.875,7080.0,4,40420.36,155.333,0.471,3,168.0
8335.09,4.875,7085.0,0,7085.0,186.0,0.0,4,167.75
8335.09,4.875,7085.0,1,15420.09,613.25,0.829,4,167.75
8335.09,4.875,7085.0,2,23755.18,167.75,0.433,4,167.75
8335.09,4.875,7085.0,3,32090.27,157.75,0.433,4,167.75
8335.09,4.875,7085.0,4,40425.36,155.5,0.5,4,167.75
8335.09,4.875,7090.0,0,7090.0,186.0,0.0,4,167.5
8335.09,4.875,7090.0,1,15425.09,613.75,0.433,4,167.5
8335.09,4.875,7090.0,2,23760.18,167.5,0.5,4,167.5
8335.09,4.875,7090.0,3,32095.27,158.0,0.0,4,167.5
8335.09,4.875,7090.0,4,40430.36,155.333,0.471,3,167.5
8335.09,4.875,7095.0,0,7095.0,186.0,0.0,4,167.75
8335.09,4.875,7095.0,1,15430.09,613.0,0.707,4,167.75
8335.09,4.875,7095.0,2,23765.18,167.75,0.433,4,167.75
8335.09,4.875,7095.0,3,32100.27,157.75,0.433,4,167.75
8335.09,4.875,7095.0,4,40435.36,155.25,0.433,4,167.75
8335.09,4.875,7100.0,0,7100.0,186.0,0.0,4,167.75
8335.09,4.875,7100.0,1,15435.09,612.75,0.829,4,167.75
8335.09,4.875,7100.0,2,23770.18,167.75,0.433,4,167.75
8335.09,4.875,7100.0,3,32105.27,158.0,0.0,4,167.75
8335.09,4.875,7100.0,4,40440.36,155.333,0.471,3,167.75
8335.09,4.875,7105.0,0,7105.0,186.0,0.0,4,167.75
8335.09,4.875,7105.0,1,15440.09,613.5,0.866,4,167.75
8335.09,4.875,7105.0,2,23775.18,167.75,0.433,4,167.75
8335.09,4.875,7105.0,3,32110.27,157.667,0.471,3,167.75
8335.09,4.875,7105.0,4,40445.36,155.667,0.471,3,167.75
8335.09,4.875,7110.0,0,7110.0,186.0,0.0,4,168.0
8335.09,4.875,7110.0,1,15445.09,613.0,1.414,3,168.0
8335.09,4.875,7110.0,2,23780.18,168.0,0.0,3,168.0
8335.09,4.875,7110.0,3,32115.27,158.0,0.0,3,168.0
8335.09,4.875,7110.0,4,40450.36,155.0,0.0,3,168.0
8335.09,4.875,7115.0,0,7115.0,186.25,0.433,4,167.25
8335.09,4.875,7115.0,1,15450.09,613.0,0.707,4,167.25
8335.09,4.875,7115.0,2,23785.18,167.25,0.433,4,167.25
8335.09,4.875,7115.0,3,32120.27,158.0,0.0,3,167.25
8335.09,4.875,7115.0,4,40455.36,155.333,0.471,3,167.25
8335.09,4.875,7120.0,0,7120.0,186.25,0.433,4,167.667
8335.09,4.875,7120.0,1,15455.09,613.0,0.0,3,167.667
8335.09,4.875,7120.0,2,23790.18,167.667,0.471,3,167.667
8335.09,4.875,7120.0,3,32125.27,157.667,0.471,3,167.667
8335.09,4.875,7120.0,4,40460.36,155.0,0.0,3,167.667
8335.09,4.875,7125.0,0,7125.0,186.25,0.433,4,167.5
8335.09,4.875,7125.0,1,15460.09,613.5,1.5,4,167.5
8335.09,4.875,7125.0,2,23795.18,167.5,0.5,4,167.5
8335.09,4.875,7125.0,3,32130.27,157.667,0.471,3,167.5
8335.09,4.875,7125.0,4,40465.36,155.333,0.471,3,167.5
8335.09,4.875,7130.0,0,7130.0,186.25,0.433,4,167.75
8335.09,4.875,7130.0,1,15465.09,612.5,1.118,4,167.75
8335.09,4.875,7130.0,2,23800.18,167.75,0.433,4,167.75
8335.09,4.875,7130.0,3,32135.27,157.75,0.433,4,167.75
8335.09,4.875,7130.0,4,40470.36,155.667,0.471,3,167.75
8335.09,4.875,7135.0,0,7135.0,186.25,0.433,4,168.0
8335.09,4.875,7135.0,1,15470.09,612.5,0.5,4,168.0
8335.09,4.875,7135.0,2,23805.18,168.0,0.0,4,168.0
8335.09,4.875,7135.0,3,32140.27,157.667,0.471,3,168.0
8335.09,4.875,7135.0,4,40475.36,155.333,0.471,3,168.0
8335.09,4.875,7140.0,0,7140.0,186.0,0.707,4,167.75
8335.09,4.875,7140.0,1,15475.09,613.25,1.09,4,167.75
8335.09,4.875,7140.0,2,23810.18,167.75,0.433,4,167.75
8335.09,4.875,7140.0,3,32145.27,158.0,0.0,4,167.75
8335.09,4.875,7140.0,4,40480.36,155.333,0.471,3,167.75
8335.09,4.875,7145.0,0,7145.0,186.25,0.433,4,168.0
8335.09,4.875,7145.0,1,15480.09,613.5,1.118,4,168.0
8335.09,4.875,7145.0,2,23815.18,168.0,0.0,4,168.0
8335.09,4.875,7145.0,3,32150.27,158.0,0.0,3,168.0
8335.09,4.875,7145.0,4,40485.36,155.0,0.0,3,168.0
8335.09,4.875,7150.0,0,7150.0,185.75,0.433,4,168.0
8335.09,4.875,7150.0,1,15485.09,613.5,0.866,4,168.0
8335.09,4.875,7150.0,2,23820.18,168.0,0.0,4,168.0
8335.09,4.875,7150.0,3,32155.27,158.0,0.0,4,168.0
8335.09,4.875,7150.0,4,40490.36,155.333,0.471,3,168.0
8335.09,4.875,7155.0,0,7155.0,186.5,0.5,4,167.75
8335.09,4.875,7155.0,1,15490.09,613.25,0.433,4,167.75
8335.09,4.875,7155.0,2,23825.18,167.75,0.433,4,167.75
8335.09,4.875,7155.0,3,32160.27,158.0,0.0,4,167.75
8335.09,4.875,7155.0,4,40495.36,155.25,0.433,4,167.75
8335.09,4.875,7160.0,0,7160.0,186.25,0.433,4,168.0
8335.09,4.875,7160.0,1,15495.09,613.25,0.829,4,168.0
8335.09,4.875,7160.0,2,23830.18,168.0,0.0,3,168.0
8335.09,4.875,7160.0,3,32165.27,158.0,0.0,3,168.0
8335.09,4.875,7160.0,4,40500.36,155.333,0.471,3,168.0
8335.09,4.875,7165.0,0,7165.0,186.0,0.0,4,168.0
8335.09,4.875,7165.0,1,15500.09,613.0,0.707,4,168.0
8335.09,4.875,7165.0,2,23835.18,168.0,0.0,4,168.0
8335.09,4.875,7165.0,3,32170.27,157.75,0.433,4,168.0
8335.09,4.875,7165.0,4,40505.36,155.5,0.5,4,168.0
8335.09,4.875,7170.0,0,7170.0,186.0,0.0,4,167.667
8335.09,4.875,7170.0,1,15505.09,613.0,0.816,3,167.667
8335.09,4.875,7170.0,2,23840.18,167.667,0.471,3,167.667
8335.09,4.875,7170.0,3,32175.27,158.0,0.0,3,167.667
8335.09,4.875,7170.0,4,40510.36,155.0,0.0,3,167.667
8335.09,4.875,7175.0,0,7175.0,186.25,0.433,4,168.0
8335.09,4.875,7175.0,1,15510.09,612.25,0.433,4,168.0
8335.09,4.875,7175.0,2,23845.18,168.0,0.0,4,168.0
8335.09,4.875,7175.0,3,32180.27,157.75,0.433,4,168.0
8335.09,4.875,7175.0,4,40515.36,155.5,0.5,4,168.0
8335.09,4.875,7180.0,0,7180.0,185.75,0.433,4,168.0
8335.09,4.875,7180.0,1,15515.09,614.667,1.247,3,168.0
8335.09,4.875,7180.0,2,23850.18,168.0,0.0,3,168.0
8335.09,4.875,7180.0,3,32185.27,157.667,0.471,3,168.0
8335.09,4.875,7180.0,4,40520.36,155.333,0.471,3,168.0
8335.09,4.875,7185.0,0,7185.0,186.25,0.433,4,168.0
8335.09,4.875,7185.0,1,15520.09,613.5,0.5,4,168.0
8335.09,4.875,7185.0,2,23855.18,168.0,0.0,4,168.0
8335.09,4.875,7185.0,3,32190.27,157.75,0.433,4,168.0
8335.09,4.875,7185.0,4,40525.36,155.5,0.5,4,168.0
8335.09,4.875,7190.0,0,7190.0,186.5,0.5,4,167.333
8335.09,4.875,7190.0,1,15525.09,613.333,1.886,3,167.333
8335.09,4.875,7190.0,2,23860.18,167.333,0.471,3,167.333
8335.09,4.875,7190.0,3,32195.27,157.667,0.471,3,167.333
8335.09,4.875,7190.0,4,40530.36,156.0,0.0,3,167.333
8335.09,4.875,7195.0,0,7195.0,186.5,0.5,4,167.75
8335.09,4.875,7195.0,1,15530.09,613.0,1.225,4,167.75
8335.09,4.875,7195.0,2,23865.18,167.75,0.433,4,167.75
8335.09,4.875,7195.0,3,32200.27,158.0,0.0,4,167.75
8335.09,4.875,7195.0,4,40535.36,155.0,0.0,3,167.75
8335.09,4.875,7200.0,0,7200.0,186.0,0.0,4,167.333
8335.09,4.875,7200.0,1,15535.09,613.667,0.471,3,167.333
8335.09,4.875,7200.0,2,23870.18,167.333,0.471,3,167.333
8335.09,4.875,7200.0,3,32205.27,157.333,0.471,3,167.333
8335.09,4.875,7200.0,4,40540.36,155.333,0.471,3,167.333
8335.09,4.875,7205.0,0,7205.0,186.25,0.433,4,168.0
8335.09,4.875,7205.0,1,15540.09,612.25,1.92,4,168.0
8335.09,4.875,7205.0,2,23875.18,168.0,0.0,3,168.0
8335.09,4.875,7205.0,3,32210.27,158.0,0.0,3,168.0
8335.09,4.875,7205.0,4,40545.36,155.0,0.0,3,168.0
8335.09,4.875,7210.0,0,7210.0,186.25,0.433,4,167.25
8335.09,4.875,7210.0,1,15545.09,612.25,1.299,4,167.25
8335.09,4.875,7210.0,2,23880.18,167.25,0.433,4,167.25
8335.09,4.875,7210.0,3,32215.27,158.0,0.0,4,167.25
8335.09,4.875,7210.0,4,40550.36,155.333,0.471,3,167.25
8335.09,4.875,7215.0,0,7215.0,185.5,0.5,4,167.667
8335.09,4.875,7215.0,1,15550.09,614.0,1.581,4,167.667
8335.09,4.875,7215.0,2,23885.18,167.667,0.471,3,167.667
8335.09,4.875,7215.0,3,32220.27,157.667,0.471,3,167.667
8335.09,4.875,7215.0,4,40555.36,155.333,0.471,3,167.667
8335.09,4.875,7220.0,0,7220.0,186.0,0.0,4,167.75
8335.09,4.875,7220.0,1,15555.09,613.75,0.433,4,167.75
8335.09,4.875,7220.0,2,23890.18,167.75,0.433,4,167.75
8335.09,4.875,7220.0,3,32225.27,158.0,0.0,3,167.75
8335.09,4.875,7220.0,4,40560.36,155.333,0.471,3,167.75
8335.09,4.875,7225.0,0,7225.0,186.25,0.433,4,167.667
8335.09,4.875,7225.0,1,15560.09,613.5,1.118,4,167.667
8335.09,4.875,7225.0,2,23895.18,167.667,0.471,3,167.667
8335.09,4.875,7225.0,3,32230.27,157.667,0.471,3,167.667
8335.09,4.875,7225.0,4,40565.36,155.0,0.0,3,167.667
8335.09,4.875,7230.0,0,7230.0,186.25,0.433,4,167.25
8335.09,4.875,7230.0,1,15565.09,611.75,0.433,4,167.25
8335.09,4.875,7230.0,2,23900.18,167.25,0.433,4,167.25
8335.09,4.875,7230.0,3,32235.27,157.333,0.471,3,167.25
8335.09,4.875,7230.0,4,40570.36,155.0,0.0,3,167.25
8335.09,4.875,7235.0,0,7235.0,186.5,0.5,4,167.333
8335.09,4.875,7235.0,1,15570.09,612.25,0.829,4,167.333
8335.09,4.875,7235.0,2,23905.18,167.333,0.471,3,167.333
8335.09,4.875,7235.0,3,32240.27,158.0,0.0,3,167.333
8335.09,4.875,7235.0,4,40575.36,155.333,0.471,3,167.333
8335.09,4.875,7240.0,0,7240.0,186.75,0.433,4,167.5
8335.09,4.875,7240.0,1,15575.09,612.0,0.707,4,167.5
8335.09,4.875,7240.0,2,23910.18,167.5,0.5,4,167.5
8335.09,4.875,7240.0,3,32245.27,157.667,0.471,3,167.5
8335.09,4.875,7240.0,4,40580.36,155.0,0.0,3,167.5
8335.09,4.875,7245.0,0,7245.0,187.0,0.0,4,167.667
8335.09,4.875,7245.0,1,15580.09,612.667,0.471,3,167.667
8335.09,4.875,7245.0,2,23915.18,167.667,0.471,3,167.667
8335.09,4.875,7245.0,3,32250.27,158.0,0.0,3,167.667
8335.09,4.875,7245.0,4,40585.36,155.0,0.0,3,167.667
8335.09,4.875,7250.0,0,7250.0,187.0,0.0,4,167.5
8335.09,4.875,7250.0,1,15585.09,611.75,0.433,4,167.5
8335.09,4.875,7250.0,2,23920.18,167.5,0.5,4,167.5
8335.09,4.875,7250.0,3,32255.27,157.5,0.5,4,167.5
8335.09,4.875,7250.0,4,40590.36,155.0,0.0,3,167.5
8335.09,4.875,7255.0,0,7255.0,186.75,0.433,4,167.667
8335.09,4.875,7255.0,1,15590.09,611.333,0.471,3,167.667
8335.09,4.875,7255.0,2,23925.18,167.667,0.471,3,167.667
8335.09,4.875,7255.0,3,32260.27,157.667,0.471,3,167.667
8335.09,4.875,7255.0,4,40595.36,155.0,0.0,3,167.667
8335.09,4.875,7260.0,0,7260.0,187.25,0.433,4,167.667
8335.09,4.875,7260.0,1,15595.09,610.0,0.707,4,167.667
8335.09,4.875,7260.0,2,23930.18,167.667,0.471,3,167.667
8335.09,4.875,7260.0,3,32265.27,157.667,0.471,3,167.667
8335.09,4.875,7260.0,4,40600.36,155.0,0.0,3,167.667
8335.09,4.875,7265.0,0,7265.0,187.0,0.0,4,167.75
8335.09,4.875,7265.0,1,15600.09,611.25,0.829,4,167.75
8335.09,4.875,7265.0,2,23935.18,167.75,0.433,4,167.75
8335.09,4.875,7265.0,3,32270.27,157.75,0.433,4,167.75
8335.09,4.875,7265.0,4,40605.36,155.0,0.0,4,167.75
8335.09,4.875,7270.0,0,7270.0,187.25,0.433,4,167.667
8335.09,4.875,7270.0,1,15605.09,611.0,1.0,4,167.667
8335.09,4.875,7270.0,2,23940.18,167.667,0.471,3,167.667
8335.09,4.875,7270.0,3,32275.27,158.0,0.0,3,167.667
8335.09,4.875,7270.0,4,40610.36,155.667,0.471,3,167.667
8335.09,4.875,7275.0,0,7275.0,187.75,0.433,4,167.75
8335.09,4.875,7275.0,1,15610.09,609.0,1.225,4,167.75
8335.09,4.875,7275.0,2,23945.18,167.75,0.433,4,167.75
8335.09,4.875,7275.0,3,32280.27,158.0,0.0,4,167.75
8335.09,4.875,7275.0,4,40615.36,155.25,0.433,4,167.75
8335.09,4.875,7280.0,0,7280.0,187.75,0.433,4,167.667
8335.09,4.875,7280.0,1,15615.09,610.0,0.707,4,167.667
8335.09,4.875,7280.0,2,23950.18,167.667,0.471,3,167.667
8335.09,4.875,7280.0,3,32285.27,158.0,0.0,3,167.667
8335.09,4.875,7280.0,4,40620.36,155.333,0.471,3,167.667
8335.09,4.875,7285.0,0,7285.0,188.25,0.433,4,167.75
8335.09,4.875,7285.0,1,15620.09,609.75,1.09,4,167.75
8335.09,4.875,7285.0,2,23955.18,167.75,0.433,4,167.75
8335.09,4.875,7285.0,3,32290.27,158.0,0.0,4,167.75
8335.09,4.875,7285.0,4,40625.36,155.25,0.433,4,167.75
8335.09,4.875,7290.0,0,7290.0,188.5,0.5,4,167.667
8335.09,4.875,7290.0,1,15625.09,608.5,1.658,4,167.667
8335.09,4.875,7290.0,2,23960.18,167.667,0.471,3,167.667
8335.09,4.875,7290.0,3,32295.27,158.0,0.0,3,167.667
8335.09,4.875,7290.0,4,40630.36,155.0,0.0,3,167.667
8335.09,4.875,7295.0,0,7295.0,189.0,0.0,4,167.75
8335.09,4.875,7295.0,1,15630.09,608.25,0.829,4,167.75
8335.09,4.875,7295.0,2,23965.18,167.75,0.433,4,167.75
8335.09,4.875,7295.0,3,32300.27,157.5,0.5,4,167.75
8335.09,4.875,7295.0,4,40635.36,155.0,0.0,4,167.75
8335.09,4.875,7300.0,0,7300.0,189.25,0.433,4,168.0
8335.09,4.875,7300.0,1,15635.09,608.0,1.414,3,168.0
8335.09,4.875,7300.0,2,23970.18,168.0,0.0,3,168.0
8335.09,4.875,7300.0,3,32305.27,158.0,0.0,3,168.0
8335.09,4.875,7300.0,4,40640.36,155.0,0.0,3,168.0
8335.09,4.875,7305.0,0,7305.0,189.25,0.433,4,167.75
8335.09,4.875,7305.0,1,15640.09,607.5,1.118,4,167.75
8335.09,4.875,7305.0,2,23975.18,167.75,0.433,4,167.75
8335.09,4.875,7305.0,3,32310.27,158.0,0.0,3,167.75
8335.09,4.875,7305.0,4,40645.36,155.667,0.471,3,167.75
8335.09,4.875,7310.0,0,7310.0,189.5,0.5,4,167.75
8335.09,4.875,7310.0,1,15645.09,607.0,1.581,4,167.75
8335.09,4.875,7310.0,2,23980.18,167.75,0.433,4,167.75
8335.09,4.875,7310.0,3,32315.27,157.75,0.433,4,167.75
8335.09,4.875,7310.0,4,40650.36,155.333,0.471,3,167.75
8335.09,4.875,7315.0,0,7315.0,190.0,0.0,4,168.0
8335.09,4.875,7315.0,1,15650.09,606.75,0.829,4,168.0
8335.09,4.875,7315.0,2,23985.18,168.0,0.0,3,168.0
8335.09,4.875,7315.0,3,32320.27,158.0,0.0,3,168.0
8335.09,4.875,7315.0,4,40655.36,155.0,0.0,3,168.0
8335.09,4.875,7320.0,0,7320.0,190.75,0.433,4,168.0
8335.09,4.875,7320.0,1,15655.09,606.25,0.829,4,168.0
8335.09,4.875,7320.0,2,23990.18,168.0,0.0,4,168.0
8335.09,4.875,7320.0,3,32325.27,158.0,0.0,4,168.0
8335.09,4.875,7320.0,4,40660.36,155.0,0.0,3,168.0
8335.09,4.875,7325.0,0,7325.0,190.5,0.5,4,167.667
8335.09,4.875,7325.0,1,15660.09,604.5,0.5,4,167.667
8335.09,4.875,7325.0,2,23995.18,167.667,0.471,3,167.667
8335.09,4.875,7325.0,3,32330.27,158.0,0.0,3,167.667
8335.09,4.875,7325.0,4,40665.36,155.333,0.471,3,167.667
8335.09,4.875,7330.0,0,7330.0,191.0,0.0,4,167.75
8335.09,4.875,7330.0,1,15665.09,603.75,1.479,4,167.75
8335.09,4.875,7330.0,2,24000.18,167.75,0.433,4,167.75
8335.09,4.875,7330.0,3,32335.27,157.75,0.433,4,167.75
8335.09,4.875,7330.0,4,40670.36,155.0,0.0,3,167.75
8335.09,4.875,7335.0,0,7335.0,191.25,0.433,4,168.0
8335.09,4.875,7335.0,1,15670.09,603.5,1.803,4,168.0
8335.09,4.875,7335.0,2,24005.18,168.0,0.0,4,168.0
8335.09,4.875,7335.0,3,32340.27,157.75,0.433,4,168.0
8335.09,4.875,7335.0,4,40675.36,155.5,0.5,4,168.0
8335.09,4.875,7340.0,0,7340.0,191.5,0.5,4,167.5
8335.09,4.875,7340.0,1,15675.09,603.25,1.09,4,167.5
8335.09,4.875,7340.0,2,24010.18,167.5,0.5,4,167.5
8335.09,4.875,7340.0,3,32345.27,158.0,0.0,4,167.5
8335.09,4.875,7340.0,4,40680.36,155.667,0.471,3,167.5
8335.09,4.875,7345.0,0,7345.0,191.5,0.5,4,168.0
8335.09,4.875,7345.0,1,15680.09,604.0,1.414,4,168.0
8335.09,4.875,7345.0,2,24015.18,168.0,0.0,4,168.0
8335.09,4.875,7345.0,3,32350.27,158.0,0.0,4,168.0
8335.09,4.875,7345.0,4,40685.36,155.25,0.433,4,168.0
8335.09,4.875,7350.0,0,7350.0,192.0,0.0,4,168.0
8335.09,4.875,7350.0,1,15685.09,601.75,0.829,4,168.0
8335.09,4.875,7350.0,2,24020.18,168.0,0.0,4,168.0
8335.09,4.875,7350.0,3,32355.27,158.0,0.0,3,168.0
8335.09,4.875,7350.0,4,40690.36,155.0,0.0,3,168.0
8335.09,4.875,7355.0,0,7355.0,192.0,0.0,4,167.5
8335.09,4.875,7355.0,1,15690.09,602.25,0.829,4,167.5
8335.09,4.875,7355.0,2,24025.18,167.5,0.5,4,167.5
8335.09,4.875,7355.0,3,32360.27,157.667,0.471,3,167.5
8335.09,4.875,7355.0,4,40695.36,155.333,0.471,3,167.5
8335.09,4.875,7360.0,0,7360.0,192.75,0.433,4,167.667
8335.09,4.875,7360.0,1,15695.09,600.333,1.247,3,167.667
8335.09,4.875,7360.0,2,24030.18,167.667,0.471,3,167.667
8335.09,4.875,7360.0,3,32365.27,157.667,0.471,3,167.667
8335.09,4.875,7360.0,4,40700.36,155.333,0.471,3,167.667
8335.09,4.875,7365.0,0,7365.0,192.5,0.5,4,167.333
8335.09,4.875,7365.0,1,15700.09,602.0,0.707,4,167.333
8335.09,4.875,7365.0,2,24035.18,167.333,0.471,3,167.333
8335.09,4.875,7365.0,3,32370.27,157.667,0.471,3,167.333
8335.09,4.875,7365.0,4,40705.36,155.333,0.471,3,167.333
8335.09,4.875,7370.0,0,7370.0,192.75,0.433,4,167.333
8335.09,4.875,7370.0,1,15705.09,599.667,1.247,3,167.333
8335.09,4.875,7370.0,2,24040.18,167.333,0.471,3,167.333
8335.09,4.875,7370.0,3,32375.27,158.0,0.0,3,167.333
8335.09,4.875,7370.0,4,40710.36,155.333,0.471,3,167.333
8335.09,4.875,7375.0,0,7375.0,193.25,0.433,4,167.75
8335.09,4.875,7375.0,1,15710.09,599.25,0.829,4,167.75
8335.09,4.875,7375.0,2,24045.18,167.75,0.433,4,167.75
8335.09,4.875,7375.0,3,32380.27,158.0,0.0,3,167.75
8335.09,4.875,7375.0,4,40715.36,155.0,0.0,3,167.75
8335.09,4.875,7380.0,0,7380.0,193.25,0.433,4,167.667
8335.09,4.875,7380.0,1,15715.09,600.0,0.0,3,167.667
8335.09,4.875,7380.0,2,24050.18,167.667,0.471,3,167.667
8335.09,4.875,7380.0,3,32385.27,157.667,0.471,3,167.667
8335.09,4.875,7380.0,4,40720.36,155.0,0.0,3,167.667
8335.09,4.875,7385.0,0,7385.0,194.0,0.0,4,167.75
8335.09,4.875,7385.0,1,15720.09,598.25,0.829,4,167.75
8335.09,4.875,7385.0,2,24055.18,167.75,0.433,4,167.75
8335.09,4.875,7385.0,3,32390.27,158.0,0.0,3,167.75
8335.09,4.875,7385.0,4,40725.36,155.333,0.471,3,167.75
8335.09,4.875,7390.0,0,7390.0,193.5,0.5,4,167.333
8335.09,4.875,7390.0,1,15725.09,599.667,0.471,3,167.333
8335.09,4.875,7390.0,2,24060.18,167.333,0.471,3,167.333
8335.09,4.875,7390.0,3,32395.27,158.0,0.0,3,167.333
8335.09,4.875,7390.0,4,40730.36,155.333,0.471,3,167.333
8335.09,4.875,7395.0,0,7395.0,194.75,0.433,4,167.667
8335.09,4.875,7395.0,1,15730.09,598.25,0.433,4,167.667
8335.09,4.875,7395.0,2,24065.18,167.667,0.471,3,167.667
8335.09,4.875,7395.0,3,32400.27,158.0,0.0,3,167.667
8335.09,4.875,7395.0,4,40735.36,156.0,0.0,3,167.667
8335.09,4.875,7400.0,0,7400.0,194.75,0.433,4,168.0
8335.09,4.875,7400.0,1,15735.09,598.333,0.471,3,168.0
8335.09,4.875,7400.0,2,24070.18,168.0,0.0,3,168.0
8335.09,4.875,7400.0,3,32405.27,158.0,0.0,3,168.0
8335.09,4.875,7400.0,4,40740.36,155.667,0.471,3,168.0
8335.09,4.875,7405.0,0,7405.0,195.0,0.0,4,167.75
8335.09,4.875,7405.0,1,15740.09,597.5,0.866,4,167.75
8335.09,4.875,7405.0,2,24075.18,167.75,0.433,4,167.75
8335.09,4.875,7405.0,3,32410.27,157.5,0.5,4,167.75
8335.09,4.875,7405.0,4,40745.36,155.5,0.5,4,167.75
8335.09,4.875,7410.0,0,7410.0,195.25,0.433,4,168.0
8335.09,4.875,7410.0,1,15745.09,597.0,0.816,3,168.0
8335.09,4.875,7410.0,2,24080.18,168.0,0.0,3,168.0
8335.09,4.875,7410.0,3,32415.27,157.667,0.471,3,168.0
8335.09,4.875,7410.0,4,40750.36,155.667,0.471,3,168.0
8335.09,4.875,7415.0,0,7415.0,196.0,0.0,4,167.75
8335.09,4.875,7415.0,1,15750.09,595.25,0.829,4,167.75
8335.09,4.875,7415.0,2,24085.18,167.75,0.433,4,167.75
8335.09,4.875,7415.0,3,32420.27,158.0,0.0,4,167.75
8335.09,4.875,7415.0,4,40755.36,155.5,0.5,4,167.75
8335.09,4.875,7420.0,0,7420.0,196.0,0.0,4,168.0
8335.09,4.875,7420.0,1,15755.09,595.0,0.816,3,168.0
8335.09,4.875,7420.0,2,24090.18,168.0,0.0,3,168.0
8335.09,4.875,7420.0,3,32425.27,158.0,0.0,3,168.0
8335.09,4.875,7420.0,4,40760.36,155.667,0.471,3,168.0
8335.09,4.875,7425.0,0,7425.0,196.5,0.5,4,167.75
8335.09,4.875,7425.0,1,15760.09,595.0,0.707,4,167.75
8335.09,4.875,7425.0,2,24095.18,167.75,0.433,4,167.75
8335.09,4.875,7425.0,3,32430.27,158.0,0.0,4,167.75
8335.09,4.875,7425.0,4,40765.36,155.5,0.5,4,167.75
8335.09,4.875,7430.0,0,7430.0,196.75,0.433,4,168.0
8335.09,4.875,7430.0,1,15765.09,595.0,0.816,3,168.0
8335.09,4.875,7430.0,2,24100.18,168.0,0.0,3,168.0
8335.09,4.875,7430.0,3,32435.27,158.0,0.0,3,168.0
8335.09,4.875,7430.0,4,40770.36,155.667,0.471,3,168.0
8335.09,4.875,7435.0,0,7435.0,196.75,0.433,4,167.5
8335.09,4.875,7435.0,1,15770.09,594.5,1.5,4,167.5
8335.09,4.875,7435.0,2,24105.18,167.5,0.5,4,167.5
8335.09,4.875,7435.0,3,32440.27,158.0,0.0,4,167.5
8335.09,4.875,7435.0,4,40775.36,155.0,0.0,4,167.5
8335.09,4.875,7440.0,0,7440.0,196.75,0.433,4,167.667
8335.09,4.875,7440.0,1,15775.09,594.333,1.886,3,167.667
8335.09,4.875,7440.0,2,24110.18,167.667,0.471,3,167.667
8335.09,4.875,7440.0,3,32445.27,158.0,0.0,3,167.667
8335.09,4.875,7440.0,4,40780.36,155.0,0.0,3,167.667
8335.09,4.875,7445.0,0,7445.0,197.25,0.433,4,167.75
8335.09,4.875,7445.0,1,15780.09,593.0,1.225,4,167.75
8335.09,4.875,7445.0,2,24115.18,167.75,0.433,4,167.75
8335.09,4.875,7445.0,3,32450.27,157.5,0.5,4,167.75
8335.09,4.875,7445.0,4,40785.36,155.333,0.471,3,167.75
8335.09,4.875,7450.0,0,7450.0,197.5,0.5,4,167.667
8335.09,4.875,7450.0,1,15785.09,592.333,1.247,3,167.667
8335.09,4.875,7450.0,2,24120.18,167.667,0.471,3,167.667
8335.09,4.875,7450.0,3,32455.27,158.0,0.0,3,167.667
8335.09,4.875,7450.0,4,40790.36,155.0,0.0,3,167.667
8335.09,4.875,7455.0,0,7455.0,198.25,0.433,4,167.667
8335.09,4.875,7455.0,1,15790.09,591.75,1.639,4,167.667
8335.09,4.875,7455.0,2,24125.18,167.667,0.471,3,167.667
8335.09,4.875,7455.0,3,32460.27,157.667,0.471,3,167.667
8335.09,4.875,7455.0,4,40795.36,155.333,0.471,3,167.667
8335.09,4.875,7460.0,0,7460.0,198.0,0.0,4,168.0
8335.09,4.875,7460.0,1,15795.09,590.5,0.866,4,168.0
8335.09,4.875,7460.0,2,24130.18,168.0,0.0,4,168.0
8335.09,4.875,7460.0,3,32465.27,157.667,0.471,3,168.0
8335.09,4.875,7460.0,4,40800.36,155.333,0.471,3,168.0
8335.09,4.875,7465.0,0,7465.0,198.25,0.433,4,167.667
8335.09,4.875,7465.0,1,15800.09,591.0,0.707,4,167.667
8335.09,4.875,7465.0,2,24135.18,167.667,0.471,3,167.667
8335.09,4.875,7465.0,3,32470.27,158.0,0.0,3,167.667
8335.09,4.875,7465.0,4,40805.36,155.333,0.471,3,167.667
8335.09,4.875,7470.0,0,7470.0,198.75,0.433,4,167.75
8335.09,4.875,7470.0,1,15805.09,590.25,1.09,4,167.75
8335.09,4.875,7470.0,2,24140.18,167.75,0.433,4,167.75
8335.09,4.875,7470.0,3,32475.27,158.0,0.0,3,167.75
8335.09,4.875,7470.0,4,40810.36,155.333,0.471,3,167.75
8335.09,4.875,7475.0,0,7475.0,199.0,0.0,4,168.0
8335.09,4.875,7475.0,1,15810.09,591.0,1.225,4,168.0
8335.09,4.875,7475.0,2,24145.18,168.0,0.0,3,168.0
8335.09,4.875,7475.0,3,32480.27,158.0,0.0,3,168.0
8335.09,4.875,7475.0,4,40815.36,155.0,0.0,3,168.0
8335.09,4.875,7480.0,0,7480.0,198.5,0.5,4,168.0
8335.09,4.875,7480.0,1,15815.09,591.0,1.225,4,168.0
8335.09,4.875,7480.0,2,24150.18,168.0,0.0,4,168.0
8335.09,4.875,7480.0,3,32485.27,158.0,0.0,3,168.0
8335.09,4.875,7480.0,4,40820.36,155.333,0.471,3,168.0
8335.09,4.875,7485.0,0,7485.0,199.25,0.433,4,167.667
8335.09,4.875,7485.0,1,15820.09,589.5,0.866,4,167.667
8335.09,4.875,7485.0,2,24155.18,167.667,0.471,3,167.667
8335.09,4.875,7485.0,3,32490.27,157.667,0.471,3,167.667
8335.09,4.875,7485.0,4,40825.36,155.667,0.471,3,167.667
8335.09,4.875,7490.0,0,7490.0,199.75,0.829,4,167.5
8335.09,4.875,7490.0,1,15825.09,589.25,0.829,4,167.5
8335.09,4.875,7490.0,2,24160.18,167.5,0.5,4,167.5
8335.09,4.875,7490.0,3,32495.27,158.0,0.0,3,167.5
8335.09,4.875,7490.0,4,40830.36,155.333,0.471,3,167.5
8335.09,4.875,7495.0,0,7495.0,199.75,0.433,4,168.0
8335.09,4.875,7495.0,1,15830.09,588.333,1.247,3,168.0
8335.09,4.875,7495.0,2,24165.18,168.0,0.0,3,168.0
8335.09,4.875,7495.0,3,32500.27,158.0,0.0,3,168.0
8335.09,4.875,7495.0,4,40835.36,155.333,0.471,3,168.0
8335.09,4.875,7500.0,0,7500.0,200.0,0.0,4,167.667
8335.09,4.875,7500.0,1,15835.09,588.0,0.707,4,167.667
8335.09,4.875,7500.0,2,24170.18,167.667,0.471,3,167.667
8335.09,4.875,7500.0,3,32505.27,158.0,0.0,3,167.667
8335.09,4.875,7500.0,4,40840.36,155.333,0.471,3,167.667
8335.09,4.875,7505.0,0,7505.0,200.0,0.707,4,168.0
8335.09,4.875,7505.0,1,15840.09,587.333,0.471,3,168.0
8335.09,4.875,7505.0,2,24175.18,168.0,0.0,3,168.0
8335.09,4.875,7505.0,3,32510.27,158.0,0.0,3,168.0
8335.09,4.875,7505.0,4,40845.36,155.333,0.471,3,168.0
8335.09,4.875,7510.0,0,7510.0,200.25,0.433,4,167.75
8335.09,4.875,7510.0,1,15845.09,588.5,0.866,4,167.75
8335.09,4.875,7510.0,2,24180.18,167.75,0.433,4,167.75
8335.09,4.875,7510.0,3,32515.27,158.0,0.0,4,167.75
8335.09,4.875,7510.0,4,40850.36,155.0,0.0,3,167.75
8335.09,4.875,7515.0,0,7515.0,200.25,0.433,4,168.0
8335.09,4.875,7515.0,1,15850.09,587.75,0.433,4,168.0
8335.09,4.875,7515.0,2,24185.18,168.0,0.0,4,168.0
8335.09,4.875,7515.0,3,32520.27,158.0,0.0,3,168.0
8335.09,4.875,7515.0,4,40855.36,155.333,0.471,3,168.0
8335.09,4.875,7520.0,0,7520.0,200.75,0.433,4,167.75
8335.09,4.875,7520.0,1,15855.09,587.75,0.829,4,167.75
8335.09,4.875,7520.0,2,24190.18,167.75,0.433,4,167.75
8335.09,4.875,7520.0,3,32525.27,157.75,0.433,4,167.75
8335.09,4.875,7520.0,4,40860.36,155.333,0.471,3,167.75
8335.09,4.875,7525.0,0,7525.0,200.0,0.0,4,168.0
8335.09,4.875,7525.0,1,15860.09,589.333,1.247,3,168.0
8335.09,4.875,7525.0,2,24195.18,168.0,0.0,3,168.0
8335.09,4.875,7525.0,3,32530.27,158.0,0.0,3,168.0
8335.09,4.875,7525.0,4,40865.36,155.667,0.471,3,168.0
8335.09,4.875,7530.0,0,7530.0,200.75,0.829,4,167.75
8335.09,4.875,7530.0,1,15865.09,587.25,1.92,4,167.75
8335.09,4.875,7530.0,2,24200.18,167.75,0.433,4,167.75
8335.09,4.875,7530.0,3,32535.27,158.0,0.0,4,167.75
8335.09,4.875,7530.0,4,40870.36,155.0,0.0,3,167.75
8335.09,4.875,7535.0,0,7535.0,201.0,0.707,4,168.0
8335.09,4.875,7535.0,1,15870.09,586.5,1.118,4,168.0
8335.09,4.875,7535.0,2,24205.18,168.0,0.0,4,168.0
8335.09,4.875,7535.0,3,32540.27,157.5,0.5,4,168.0
8335.09,4.875,7535.0,4,40875.36,155.25,0.433,4,168.0
8335.09,4.875,7540.0,0,7540.0,201.0,0.707,4,168.0
8335.09,4.875,7540.0,1,15875.09,587.0,0.707,4,168.0
8335.09,4.875,7540.0,2,24210.18,168.0,0.0,4,168.0
8335.09,4.875,7540.0,3,32545.27,158.0,0.0,4,168.0
8335.09,4.875,7540.0,4,40880.36,155.0,0.0,3,168.0
8335.09,4.875,7545.0,0,7545.0,200.5,0.5,4,167.75
8335.09,4.875,7545.0,1,15880.09,588.5,1.118,4,167.75
8335.09,4.875,7545.0,2,24215.18,167.75,0.433,4,167.75
8335.09,4.875,7545.0,3,32550.27,158.0,0.0,4,167.75
8335.09,4.875,7545.0,4,40885.36,155.25,0.433,4,167.75
8335.09,4.875,7550.0,0,7550.0,201.25,0.433,4,167.5
8335.09,4.875,7550.0,1,15885.09,587.25,0.829,4,167.5
8335.09,4.875,7550.0,2,24220.18,167.5,0.5,4,167.5
8335.09,4.875,7550.0,3,32555.27,157.75,0.433,4,167.5
8335.09,4.875,7550.0,4,40890.36,155.667,0.471,3,167.5
8335.09,4.875,7555.0,0,7555.0,200.75,0.433,4,167.75
8335.09,4.875,7555.0,1,15890.09,586.75,0.433,4,167.75
8335.09,4.875,7555.0,2,24225.18,167.75,0.433,4,167.75
8335.09,4.875,7555.0,3,32560.27,157.667,0.471,3,167.75
8335.09,4.875,7555.0,4,40895.36,155.0,0.0,3,167.75
8335.09,4.875,7560.0,0,7560.0,200.75,0.433,4,167.333
8335.09,4.875,7560.0,1,15895.09,587.333,2.625,3,167.333
8335.09,4.875,7560.0,2,24230.18,167.333,0.471,3,167.333
8335.09,4.875,7560.0,3,32565.27,158.0,0.0,3,167.333
8335.09,4.875,7560.0,4,40900.36,155.0,0.0,3,167.333
8335.09,4.875,7565.0,0,7565.0,200.5,0.5,4,167.75
8335.09,4.875,7565.0,1,15900.09,587.25,0.433,4,167.75
8335.09,4.875,7565.0,2,24235.18,167.75,0.433,4,167.75
8335.09,4.875,7565.0,3,32570.27,157.333,0.471,3,167.75
8335.09,4.875,7565.0,4,40905.36,155.0,0.0,3,167.75
8335.09,4.875,7570.0,0,7570.0,200.5,0.5,4,167.333
8335.09,4.875,7570.0,1,15905.09,588.667,0.471,3,167.333
8335.09,4.875,7570.0,2,24240.18,167.333,0.471,3,167.333
8335.09,4.875,7570.0,3,32575.27,158.0,0.0,3,167.333
8335.09,4.875,7570.0,4,40910.36,155.0,0.0,3,167.333
8335.09,4.875,7575.0,0,7575.0,200.75,0.433,4,167.25
8335.09,4.875,7575.0,1,15910.09,587.0,0.707,4,167.25
8335.09,4.875,7575.0,2,24245.18,167.25,0.433,4,167.25
8335.09,4.875,7575.0,3,32580.27,158.0,0.0,3,167.25
8335.09,4.875,7575.0,4,40915.36,155.0,0.0,3,167.25
8335.09,4.875,7580.0,0,7580.0,200.5,0.5,4,167.667
8335.09,4.875,7580.0,1,15915.09,588.333,1.7,3,167.667
8335.09,4.875,7580.0,2,24250.18,167.667,0.471,3,167.667
8335.09,4.875,7580.0,3,32585.27,157.667,0.471,3,167.667
8335.09,4.875,7580.0,4,40920.36,155.333,0.471,3,167.667
8335.09,4.875,7585.0,0,7585.0,200.5,0.5,4,167.0
8335.09,4.875,7585.0,1,15920.09,586.75,0.829,4,167.0
8335.09,4.875,7585.0,2,24255.18,167.0,0.0,3,167.0
8335.09,4.875,7585.0,3,32590.27,157.667,0.471,3,167.0
8335.09,4.875,7585.0,4,40925.36,155.0,0.0,3,167.0
8335.09,4.875,7590.0,0,7590.0,200.75,0.433,4,167.333
8335.09,4.875,7590.0,1,15925.09,587.333,0.471,3,167.333
8335.09,4.875,7590.0,2,24260.18,167.333,0.471,3,167.333
8335.09,4.875,7590.0,3,32595.27,158.0,0.0,3,167.333
8335.09,4.875,7590.0,4,40930.36,155.667,0.471,3,167.333
8335.09,4.875,7595.0,0,7595.0,201.0,0.0,4,168.0
8335.09,4.875,7595.0,1,15930.09,586.25,0.433,4,168.0
8335.09,4.875,7595.0,2,24265.18,168.0,0.0,3,168.0
8335.09,4.875,7595.0,3,32600.27,158.0,0.0,3,168.0
8335.09,4.875,7595.0,4,40935.36,155.667,0.471,3,168.0
8335.09,4.875,7600.0,0,7600.0,201.0,0.0,4,167.667
8335.09,4.875,7600.0,1,15935.09,587.333,0.471,3,167.667
8335.09,4.875,7600.0,2,24270.18,167.667,0.471,3,167.667
8335.09,4.875,7600.0,3,32605.27,157.667,0.471,3,167.667
8335.09,4.875,7600.0,4,40940.36,155.333,0.471,3,167.667
8335.09,4.875,7605.0,0,7605.0,200.5,0.5,4,167.75
8335.09,4.875,7605.0,1,15940.09,587.5,0.866,4,167.75
8335.09,4.875,7605.0,2,24275.18,167.75,0.433,4,167.75
8335.09,4.875,7605.0,3,32610.27,158.0,0.0,4,167.75
8335.09,4.875,7605.0,4,40945.36,155.5,0.5,4,167.75
8335.09,4.875,7610.0,0,7610.0,201.0,0.707,4,168.0
8335.09,4.875,7610.0,1,15945.09,586.75,1.09,4,168.0
8335.09,4.875,7610.0,2,24280.18,168.0,0.0,4,168.0
8335.09,4.875,7610.0,3,32615.27,158.0,0.0,3,168.0
8335.09,4.875,7610.0,4,40950.36,156.0,0.0,3,168.0
8335.09,4.875,7615.0,0,7615.0,200.75,0.433,4,167.5
8335.09,4.875,7615.0,1,15950.09,587.0,1.225,4,167.5
8335.09,4.875,7615.0,2,24285.18,167.5,0.5,4,167.5
8335.09,4.875,7615.0,3,32620.27,158.0,0.0,4,167.5
8335.09,4.875,7615.0,4,40955.36,155.5,0.5,4,167.5
8335.09,4.875,7620.0,0,7620.0,200.75,0.433,4,167.667
8335.09,4.875,7620.0,1,15955.09,587.667,0.471,3,167.667
8335.09,4.875,7620.0,2,24290.18,167.667,0.471,3,167.667
8335.09,4.875,7620.0,3,32625.27,158.0,0.0,3,167.667
8335.09,4.875,7620.0,4,40960.36,155.333,0.471,3,167.667
8335.09,4.875,7625.0,0,7625.0,201.0,0.0,4,167.75
8335.09,4.875,7625.0,1,15960.09,586.5,1.803,4,167.75
8335.09,4.875,7625.0,2,24295.18,167.75,0.433,4,167.75
8335.09,4.875,7625.0,3,32630.27,158.0,0.0,3,167.75
8335.09,4.875,7625.0,4,40965.36,156.0,0.0,3,167.75
8335.09,4.875,7630.0,0,7630.0,200.75,0.433,4,167.5
8335.09,4.875,7630.0,1,15965.09,588.0,0.0,4,167.5
8335.09,4.875,7630.0,2,24300.18,167.5,0.5,4,167.5
8335.09,4.875,7630.0,3,32635.27,157.75,0.433,4,167.5
8335.09,4.875,7630.0,4,40970.36,155.5,0.5,4,167.5
8335.09,4.875,7635.0,0,7635.0,201.0,0.0,4,168.0
8335.09,4.875,7635.0,1,15970.09,587.5,0.866,4,168.0
8335.09,4.875,7635.0,2,24305.18,168.0,0.0,4,168.0
8335.09,4.875,7635.0,3,32640.27,157.333,0.471,3,168.0
8335.09,4.875,7635.0,4,40975.36,155.333,0.471,3,168.0
8335.09,4.875,7640.0,0,7640.0,200.75,0.433,4,167.667
8335.09,4.875,7640.0,1,15975.09,587.0,0.707,4,167.667
8335.09,4.875,7640.0,2,24310.18,167.667,0.471,3,167.667
8335.09,4.875,7640.0,3,32645.27,158.0,0.0,3,167.667
8335.09,4.875,7640.0,4,40980.36,155.0,0.0,3,167.667
8335.09,4.875,7645.0,0,7645.0,201.0,0.0,4,167.75
8335.09,4.875,7645.0,1,15980.09,585.75,0.829,4,167.75
8335.09,4.875,7645.0,2,24315.18,167.75,0.433,4,167.75
8335.09,4.875,7645.0,3,32650.27,158.0,0.0,3,167.75
8335.09,4.875,7645.0,4,40985.36,155.0,0.0,3,167.75
8335.09,4.875,7650.0,0,7650.0,200.75,0.433,4,168.0
8335.09,4.875,7650.0,1,15985.09,587.0,1.225,4,168.0
8335.09,4.875,7650.0,2,24320.18,168.0,0.0,4,168.0
8335.09,4.875,7650.0,3,32655.27,157.5,0.5,4,168.0
8335.09,4.875,7650.0,4,40990.36,155.0,0.0,4,168.0
8335.09,4.875,7655.0,0,7655.0,201.0,0.0,4,167.667
8335.09,4.875,7655.0,1,15990.09,586.333,0.471,3,167.667
8335.09,4.875,7655.0,2,24325.18,167.667,0.471,3,167.667
8335.09,4.875,7655.0,3,32660.27,157.667,0.471,3,167.667
8335.09,4.875,7655.0,4,40995.36,155.0,0.0,3,167.667
8335.09,4.875,7660.0,0,7660.0,201.0,0.707,4,168.0
8335.09,4.875,7660.0,1,15995.09,586.25,1.785,4,168.0
8335.09,4.875,7660.0,2,24330.18,168.0,0.0,3,168.0
8335.09,4.875,7660.0,3,32665.27,157.667,0.471,3,168.0
8335.09,4.875,7660.0,4,41000.36,155.0,0.0,3,168.0
8335.09,4.875,7665.0,0,7665.0,201.75,0.433,4,168.0
8335.09,4.875,7665.0,1,16000.09,584.75,0.829,4,168.0
8335.09,4.875,7665.0,2,24335.18,168.0,0.0,4,168.0
8335.09,4.875,7665.0,3,32670.27,157.75,0.433,4,168.0
8335.09,4.875,7665.0,4,41005.36,155.667,0.471,3,168.0
8335.09,4.875,7670.0,0,7670.0,201.5,0.5,4,167.667
8335.09,4.875,7670.0,1,16005.09,585.5,0.5,4,167.667
8335.09,4.875,7670.0,2,24340.18,167.667,0.471,3,167.667
8335.09,4.875,7670.0,3,32675.27,157.667,0.471,3,167.667
8335.09,4.875,7670.0,4,41010.36,156.0,0.0,3,167.667
8335.09,4.875,7675.0,0,7675.0,202.25,0.433,4,168.0
8335.09,4.875,7675.0,1,16010.09,584.25,1.09,4,168.0
8335.09,4.875,7675.0,2,24345.18,168.0,0.0,4,168.0
8335.09,4.875,7675.0,3,32680.27,157.667,0.471,3,168.0
8335.09,4.875,7675.0,4,41015.36,155.667,0.471,3,168.0
8335.09,4.875,7680.0,0,7680.0,202.25,0.433,4,168.0
8335.09,4.875,7680.0,1,16015.09,583.25,0.829,4,168.0
8335.09,4.875,7680.0,2,24350.18,168.0,0.0,3,168.0
8335.09,4.875,7680.0,3,32685.27,158.0,0.0,3,168.0
8335.09,4.875,7680.0,4,41020.36,155.667,0.471,3,168.0
8335.09,4.875,7685.0,0,7685.0,202.5,0.5,4,168.0
8335.09,4.875,7685.0,1,16020.09,582.75,0.829,4,168.0
8335.09,4.875,7685.0,2,24355.18,168.0,0.0,4,168.0
8335.09,4.875,7685.0,3,32690.27,158.0,0.0,3,168.0
8335.09,4.875,7685.0,4,41025.36,155.0,0.0,3,168.0
8335.09,4.875,7690.0,0,7690.0,202.75,0.433,4,168.0
8335.09,4.875,7690.0,1,16025.09,581.25,1.299,4,168.0
8335.09,4.875,7690.0,2,24360.18,168.0,0.0,3,168.0
8335.09,4.875,7690.0,3,32695.27,158.0,0.0,3,168.0
8335.09,4.875,7690.0,4,41030.36,155.0,0.0,3,168.0
8335.09,4.875,7695.0,0,7695.0,203.25,0.433,4,167.75
8335.09,4.875,7695.0,1,16030.09,581.75,0.433,4,167.75
8335.09,4.875,7695.0,2,24365.18,167.75,0.433,4,167.75
8335.09,4.875,7695.0,3,32700.27,157.667,0.471,3,167.75
8335.09,4.875,7695.0,4,41035.36,156.0,0.0,3,167.75
8335.09,4.875,7700.0,0,7700.0,203.75,0.433,4,167.5
8335.09,4.875,7700.0,1,16035.09,580.5,0.866,4,167.5
8335.09,4.875,7700.0,2,24370.18,167.5,0.5,4,167.5
8335.09,4.875,7700.0,3,32705.27,158.0,0.0,4,167.5
8335.09,4.875,7700.0,4,41040.36,155.75,0.433,4,167.5
8335.09,4.875,7705.0,0,7705.0,204.5,0.5,4,167.333
8335.09,4.875,7705.0,1,16040.09,579.0,1.414,3,167.333
8335.09,4.875,7705.0,2,24375.18,167.333,0.471,3,167.333
8335.09,4.875,7705.0,3,32710.27,157.667,0.471,3,167.333
8335.09,4.875,7705.0,4,41045.36,155.333,0.471,3,167.333
8335.09,4.875,7710.0,0,7710.0,204.25,0.433,4,167.667
8335.09,4.875,7710.0,1,16045.09,578.25,0.829,4,167.667
8335.09,4.875,7710.0,2,24380.18,167.667,0.471,3,167.667
8335.09,4.875,7710.0,3,32715.27,157.667,0.471,3,167.667
8335.09,4.875,7710.0,4,41050.36,155.667,0.471,3,167.667
8335.09,4.875,7715.0,0,7715.0,205.25,0.433,4,167.75
8335.09,4.875,7715.0,1,16050.09,577.75,0.433,4,167.75
8335.09,4.875,7715.0,2,24385.18,167.75,0.433,4,167.75
8335.09,4.875,7715.0,3,32720.27,157.75,0.433,4,167.75
8335.09,4.875,7715.0,4,41055.36,155.333,0.471,3,167.75
8335.09,4.875,7720.0,0,7720.0,205.75,0.433,4,167.667
8335.09,4.875,7720.0,1,16055.09,576.25,1.479,4,167.667
8335.09,4.875,7720.0,2,24390.18,167.667,0.471,3,167.667
8335.09,4.875,7720.0,3,32725.27,157.333,0.471,3,167.667
8335.09,4.875,7720.0,4,41060.36,155.0,0.0,3,167.667
8335.09,4.875,7725.0,0,7725.0,206.75,0.433,4,168.0
8335.09,4.875,7725.0,1,16060.09,574.75,0.829,4,168.0
8335.09,4.875,7725.0,2,24395.18,168.0,0.0,4,168.0
8335.09,4.875,7725.0,3,32730.27,158.0,0.0,4,168.0
8335.09,4.875,7725.0,4,41065.36,155.333,0.471,3,168.0
8335.09,4.875,7730.0,0,7730.0,206.5,0.5,4,167.333
8335.09,4.875,7730.0,1,16065.09,574.75,0.433,4,167.333
8335.09,4.875,7730.0,2,24400.18,167.333,0.471,3,167.333
8335.09,4.875,7730.0,3,32735.27,157.667,0.471,3,167.333
8335.09,4.875,7730.0,4,41070.36,155.0,0.0,3,167.333
8335.09,4.875,7735.0,0,7735.0,208.0,0.707,4,167.25
8335.09,4.875,7735.0,1,16070.09,573.0,0.707,4,167.25
8335.09,4.875,7735.0,2,24405.18,167.25,0.433,4,167.25
8335.09,4.875,7735.0,3,32740.27,158.0,0.0,3,167.25
8335.09,4.875,7735.0,4,41075.36,155.333,0.471,3,167.25
8335.09,4.875,7740.0,0,7740.0,208.0,0.0,4,168.0
8335.09,4.875,7740.0,1,16075.09,573.0,1.225,4,168.0
8335.09,4.875,7740.0,2,24410.18,168.0,0.0,3,168.0
8335.09,4.875,7740.0,3,32745.27,158.0,0.0,3,168.0
8335.09,4.875,7740.0,4,41080.36,155.0,0.0,3,168.0
8335.09,4.875,7745.0,0,7745.0,209.0,0.0,4,167.75
8335.09,4.875,7745.0,1,16080.09,571.0,0.707,4,167.75
8335.09,4.875,7745.0,2,24415.18,167.75,0.433,4,167.75
8335.09,4.875,7745.0,3,32750.27,157.667,0.471,3,167.75
8335.09,4.875,7745.0,4,41085.36,155.333,0.471,3,167.75
8335.09,4.875,7750.0,0,7750.0,209.5,0.5,4,168.0
8335.09,4.875,7750.0,1,16085.09,570.25,1.299,4,168.0
8335.09,4.875,7750.0,2,24420.18,168.0,0.0,4,168.0
8335.09,4.875,7750.0,3,32755.27,157.75,0.433,4,168.0
8335.09,4.875,7750.0,4,41090.36,155.25,0.433,4,168.0
8335.09,4.875,7755.0,0,7755.0,210.0,0.0,4,168.0
8335.09,4.875,7755.0,1,16090.09,569.0,0.0,4,168.0
8335.09,4.875,7755.0,2,24425.18,168.0,0.0,4,168.0
8335.09,4.875,7755.0,3,32760.27,158.0,0.0,4,168.0
8335.09,4.875,7755.0,4,41095.36,155.0,0.0,3,168.0
8335.09,4.875,7760.0,0,7760.0,210.75,0.433,4,167.75
8335.09,4.875,7760.0,1,16095.09,568.75,1.09,4,167.75
8335.09,4.875,7760.0,2,24430.18,167.75,0.433,4,167.75
8335.09,4.875,7760.0,3,32765.27,158.0,0.0,3,167.75
8335.09,4.875,7760.0,4,41100.36,155.0,0.0,3,167.75
8335.09,4.875,7765.0,0,7765.0,211.25,0.433,4,167.0
8335.09,4.875,7765.0,1,16100.09,567.667,0.943,3,167.0
8335.09,4.875,7765.0,2,24435.18,167.0,0.0,3,167.0
8335.09,4.875,7765.0,3,32770.27,158.0,0.0,3,167.0
8335.09,4.875,7765.0,4,41105.36,155.0,0.0,3,167.0
8335.09,4.875,7770.0,0,7770.0,212.0,0.0,4,167.0
8335.09,4.875,7770.0,1,16105.09,565.5,1.118,4,167.0
8335.09,4.875,7770.0,2,24440.18,167.0,0.0,3,167.0
8335.09,4.875,7770.0,3,32775.27,158.0,0.0,3,167.0
8335.09,4.875,7770.0,4,41110.36,155.333,0.471,3,167.0
8335.09,4.875,7775.0,0,7775.0,212.25,0.433,4,167.333
8335.09,4.875,7775.0,1,16110.09,565.333,1.7,3,167.333
8335.09,4.875,7775.0,2,24445.18,167.333,0.471,3,167.333
8335.09,4.875,7775.0,3,32780.27,158.0,0.0,3,167.333
8335.09,4.875,7775.0,4,41115.36,155.0,0.0,3,167.333
8335.09,4.875,7780.0,0,7780.0,212.5,0.5,4,167.333
8335.09,4.875,7780.0,1,16115.09,565.75,0.829,4,167.333
8335.09,4.875,7780.0,2,24450.18,167.333,0.471,3,167.333
8335.09,4.875,7780.0,3,32785.27,158.0,0.0,3,167.333
8335.09,4.875,7780.0,4,41120.36,155.0,0.0,3,167.333
8335.09,4.875,7785.0,0,7785.0,213.5,0.5,4,167.333
8335.09,4.875,7785.0,1,16120.09,564.0,0.816,3,167.333
8335.09,4.875,7785.0,2,24455.18,167.333,0.471,3,167.333
8335.09,4.875,7785.0,3,32790.27,158.0,0.0,3,167.333
8335.09,4.875,7785.0,4,41125.36,155.0,0.0,3,167.333
8335.09,4.875,7790.0,0,7790.0,214.0,0.0,4,167.333
8335.09,4.875,7790.0,1,16125.09,563.0,0.707,4,167.333
8335.09,4.875,7790.0,2,24460.18,167.333,0.471,3,167.333
8335.09,4.875,7790.0,3,32795.27,158.0,0.0,3,167.333
8335.09,4.875,7790.0,4,41130.36,155.333,0.471,3,167.333
8335.09,4.875,7795.0,0,7795.0,214.75,0.433,4,168.0
8335.09,4.875,7795.0,1,16130.09,561.25,0.829,4,168.0
8335.09,4.875,7795.0,2,24465.18,168.0,0.0,4,168.0
8335.09,4.875,7795.0,3,32800.27,158.0,0.0,4,168.0
8335.09,4.875,7795.0,4,41135.36,155.0,0.0,3,168.0
8335.09,4.875,7800.0,0,7800.0,215.0,0.0,4,168.0
8335.09,4.875,7800.0,1,16135.09,560.75,1.09,4,168.0
8335.09,4.875,7800.0,2,24470.18,168.0,0.0,3,168.0
8335.09,4.875,7800.0,3,32805.27,157.667,0.471,3,168.0
8335.09,4.875,7800.0,4,41140.36,155.0,0.0,3,168.0
8335.09,4.875,7805.0,0,7805.0,215.75,0.433,4,167.667
8335.09,4.875,7805.0,1,16140.09,559.333,0.943,3,167.667
8335.09,4.875,7805.0,2,24475.18,167.667,0.471,3,167.667
8335.09,4.875,7805.0,3,32810.27,157.333,0.471,3,167.667
8335.09,4.875,7805.0,4,41145.36,155.0,0.0,3,167.667
8335.09,4.875,7810.0,0,7810.0,216.25,0.433,4,167.75
8335.09,4.875,7810.0,1,16145.09,558.5,0.866,4,167.75
8335.09,4.875,7810.0,2,24480.18,167.75,0.433,4,167.75
8335.09,4.875,7810.0,3,32815.27,157.5,0.5,4,167.75
8335.09,4.875,7810.0,4,41150.36,155.5,0.5,4,167.75
8335.09,4.875,7815.0,0,7815.0,216.75,0.433,4,168.0
8335.09,4.875,7815.0,1,16150.09,558.0,0.816,3,168.0
8335.09,4.875,7815.0,2,24485.18,168.0,0.0,3,168.0
8335.09,4.875,7815.0,3,32820.27,157.667,0.471,3,168.0
8335.09,4.875,7815.0,4,41155.36,155.0,0.0,3,168.0
8335.09,4.875,7820.0,0,7820.0,217.0,0.707,4,167.5
8335.09,4.875,7820.0,1,16155.09,556.5,1.118,4,167.5
8335.09,4.875,7820.0,2,24490.18,167.5,0.5,4,167.5
8335.09,4.875,7820.0,3,32825.27,158.0,0.0,3,167.5
8335.09,4.875,7820.0,4,41160.36,155.333,0.471,3,167.5
8335.09,4.875,7825.0,0,7825.0,218.0,0.707,4,167.333
8335.09,4.875,7825.0,1,16160.09,555.667,1.247,3,167.333
8335.09,4.875,7825.0,2,24495.18,167.333,0.471,3,167.333
8335.09,4.875,7825.0,3,32830.27,158.0,0.0,3,167.333
8335.09,4.875,7825.0,4,41165.36,155.0,0.0,3,167.333
8335.09,4.875,7830.0,0,7830.0,218.5,0.5,4,168.0
8335.09,4.875,7830.0,1,16165.09,553.75,0.829,4,168.0
8335.09,4.875,7830.0,2,24500.18,168.0,0.0,3,168.0
8335.09,4.875,7830.0,3,32835.27,157.667,0.471,3,168.0
8335.09,4.875,7830.0,4,41170.36,155.0,0.0,3,168.0
8335.09,4.875,7835.0,0,7835.0,218.75,0.433,4,167.25
8335.09,4.875,7835.0,1,16170.09,553.5,1.658,4,167.25
8335.09,4.875,7835.0,2,24505.18,167.25,0.433,4,167.25
8335.09,4.875,7835.0,3,32840.27,158.0,0.0,4,167.25
8335.09,4.875,7835.0,4,41175.36,155.333,0.471,3,167.25
8335.09,4.875,7840.0,0,7840.0,219.5,0.5,4,167.333
8335.09,4.875,7840.0,1,16175.09,552.25,0.433,4,167.333
8335.09,4.875,7840.0,2,24510.18,167.333,0.471,3,167.333
8335.09,4.875,7840.0,3,32845.27,157.667,0.471,3,167.333
8335.09,4.875,7840.0,4,41180.36,155.667,0.471,3,167.333
8335.09,4.875,7845.0,0,7845.0,219.75,0.433,4,167.25
8335.09,4.875,7845.0,1,16180.09,551.25,1.09,4,167.25
8335.09,4.875,7845.0,2,24515.18,167.25,0.433,4,167.25
8335.09,4.875,7845.0,3,32850.27,157.5,0.5,4,167.25
8335.09,4.875,7845.0,4,41185.36,155.0,0.0,3,167.25
8335.09,4.875,7850.0,0,7850.0,220.25,0.433,4,167.333
8335.09,4.875,7850.0,1,16185.09,550.25,0.433,4,167.333
8335.09,4.875,7850.0,2,24520.18,167.333,0.471,3,167.333
8335.09,4.875,7850.0,3,32855.27,157.667,0.471,3,167.333
8335.09,4.875,7850.0,4,41190.36,155.0,0.0,3,167.333
8335.09,4.875,7855.0,0,7855.0,221.5,0.5,4,167.333
8335.09,4.875,7855.0,1,16190.09,549.667,0.471,3,167.333
8335.09,4.875,7855.0,2,24525.18,167.333,0.471,3,167.333
8335.09,4.875,7855.0,3,32860.27,157.667,0.471,3,167.333
8335.09,4.875,7855.0,4,41195.36,155.0,0.0,3,167.333
8335.09,4.875,7860.0,0,7860.0,221.75,0.433,4,167.25
8335.09,4.875,7860.0,1,16195.09,548.25,1.479,4,167.25
8335.09,4.875,7860.0,2,24530.18,167.25,0.433,4,167.25
8335.09,4.875,7860.0,3,32865.27,158.0,0.0,3,167.25
8335.09,4.875,7860.0,4,41200.36,155.0,0.0,3,167.25
8335.09,4.875,7865.0,0,7865.0,222.25,0.433,4,167.667
8335.09,4.875,7865.0,1,16200.09,548.0,0.816,3,167.667
8335.09,4.875,7865.0,2,24535.18,167.667,0.471,3,167.667
8335.09,4.875,7865.0,3,32870.27,158.0,0.0,3,167.667
8335.09,4.875,7865.0,4,41205.36,155.0,0.0,3,167.667
8335.09,4.875,7870.0,0,7870.0,222.75,0.433,4,167.0
8335.09,4.875,7870.0,1,16205.09,546.5,1.5,4,167.0
8335.09,4.875,7870.0,2,24540.18,167.0,0.0,4,167.0
8335.09,4.875,7870.0,3,32875.27,157.333,0.471,3,167.0
8335.09,4.875,7870.0,4,41210.36,155.333,0.471,3,167.0
8335.09,4.875,7875.0,0,7875.0,224.0,0.0,4,167.333
8335.09,4.875,7875.0,1,16210.09,544.333,0.471,3,167.333
8335.09,4.875,7875.0,2,24545.18,167.333,0.471,3,167.333
8335.09,4.875,7875.0,3,32880.27,157.667,0.471,3,167.333
8335.09,4.875,7875.0,4,41215.36,155.0,0.0,3,167.333
8335.09,4.875,7880.0,0,7880.0,224.25,0.433,4,167.25
8335.09,4.875,7880.0,1,16215.09,544.5,1.118,4,167.25
8335.09,4.875,7880.0,2,24550.18,167.25,0.433,4,167.25
8335.09,4.875,7880.0,3,32885.27,158.0,0.0,4,167.25
8335.09,4.875,7880.0,4,41220.36,155.0,0.0,4,167.25
8335.09,4.875,7885.0,0,7885.0,225.0,0.707,4,167.667
8335.09,4.875,7885.0,1,16220.09,543.333,0.471,3,167.667
8335.09,4.875,7885.0,2,24555.18,167.667,0.471,3,167.667
8335.09,4.875,7885.0,3,32890.27,157.667,0.471,3,167.667
8335.09,4.875,7885.0,4,41225.36,155.0,0.0,3,167.667
8335.09,4.875,7890.0,0,7890.0,224.75,0.433,4,168.0
8335.09,4.875,7890.0,1,16225.09,542.5,1.118,4,168.0
8335.09,4.875,7890.0,2,24560.18,168.0,0.0,4,168.0
8335.09,4.875,7890.0,3,32895.27,158.0,0.0,4,168.0
8335.09,4.875,7890.0,4,41230.36,155.5,0.5,4,168.0
8335.09,4.875,7895.0,0,7895.0,226.0,0.0,4,167.667
8335.09,4.875,7895.0,1,16230.09,540.0,0.816,3,167.667
8335.09,4.875,7895.0,2,24565.18,167.667,0.471,3,167.667
8335.09,4.875,7895.0,3,32900.27,157.667,0.471,3,167.667
8335.09,4.875,7895.0,4,41235.36,155.0,0.0,3,167.667
8335.09,4.875,7900.0,0,7900.0,226.5,0.5,4,167.5
8335.09,4.875,7900.0,1,16235.09,540.0,1.225,4,167.5
8335.09,4.875,7900.0,2,24570.18,167.5,0.5,4,167.5
8335.09,4.875,7900.0,3,32905.27,157.75,0.433,4,167.5
8335.09,4.875,7900.0,4,41240.36,155.0,0.0,3,167.5
8335.09,4.875,7905.0,0,7905.0,226.75,0.433,4,167.75
8335.09,4.875,7905.0,1,16240.09,539.25,0.433,4,167.75
8335.09,4.875,7905.0,2,24575.18,167.75,0.433,4,167.75
8335.09,4.875,7905.0,3,32910.27,157.75,0.433,4,167.75
8335.09,4.875,7905.0,4,41245.36,155.667,0.471,3,167.75
8335.09,4.875,7910.0,0,7910.0,227.75,0.433,4,167.5
8335.09,4.875,7910.0,1,16245.09,538.25,0.829,4,167.5
8335.09,4.875,7910.0,2,24580.18,167.5,0.5,4,167.5
8335.09,4.875,7910.0,3,32915.27,158.0,0.0,4,167.5
8335.09,4.875,7910.0,4,41250.36,155.5,0.5,4,167.5
8335.09,4.875,7915.0,0,7915.0,228.0,0.0,4,167.75
8335.09,4.875,7915.0,1,16250.09,537.75,0.433,4,167.75
8335.09,4.875,7915.0,2,24585.18,167.75,0.433,4,167.75
8335.09,4.875,7915.0,3,32920.27,158.0,0.0,3,167.75
8335.09,4.875,7915.0,4,41255.36,155.333,0.471,3,167.75
8335.09,4.875,7920.0,0,7920.0,228.75,0.433,4,167.25
8335.09,4.875,7920.0,1,16255.09,535.5,1.5,4,167.25
8335.09,4.875,7920.0,2,24590.18,167.25,0.433,4,167.25
8335.09,4.875,7920.0,3,32925.27,158.0,0.0,4,167.25
8335.09,4.875,7920.0,4,41260.36,155.5,0.5,4,167.25
8335.09,4.875,7925.0,0,7925.0,228.75,0.433,4,167.25
8335.09,4.875,7925.0,1,16260.09,535.0,1.0,4,167.25
8335.09,4.875,7925.0,2,24595.18,167.25,0.433,4,167.25
8335.09,4.875,7925.0,3,32930.27,158.0,0.0,3,167.25
8335.09,4.875,7925.0,4,41265.36,155.667,0.471,3,167.25
8335.09,4.875,7930.0,0,7930.0,229.5,0.5,4,167.25
8335.09,4.875,7930.0,1,16265.09,534.0,1.225,4,167.25
8335.09,4.875,7930.0,2,24600.18,167.25,0.433,4,167.25
8335.09,4.875,7930.0,3,32935.27,158.0,0.0,4,167.25
8335.09,4.875,7930.0,4,41270.36,155.0,0.0,4,167.25
8335.09,4.875,7935.0,0,7935.0,230.25,0.433,4,167.75
8335.09,4.875,7935.0,1,16270.09,532.5,0.866,4,167.75
8335.09,4.875,7935.0,2,24605.18,167.75,0.433,4,167.75
8335.09,4.875,7935.0,3,32940.27,158.0,0.0,3,167.75
8335.09,4.875,7935.0,4,41275.36,155.333,0.471,3,167.75
8335.09,4.875,7940.0,0,7940.0,230.75,0.433,4,167.75
8335.09,4.875,7940.0,1,16275.09,532.0,0.707,4,167.75
8335.09,4.875,7940.0,2,24610.18,167.75,0.433,4,167.75
8335.09,4.875,7940.0,3,32945.27,158.0,0.0,4,167.75
8335.09,4.875,7940.0,4,41280.36,155.25,0.433,4,167.75
8335.09,4.875,7945.0,0,7945.0,231.5,0.5,4,167.667
8335.09,4.875,7945.0,1,16280.09,530.667,0.471,3,167.667
8335.09,4.875,7945.0,2,24615.18,167.667,0.471,3,167.667
8335.09,4.875,7945.0,3,32950.27,158.0,0.0,3,167.667
8335.09,4.875,7945.0,4,41285.36,155.0,0.0,3,167.667
8335.09,4.875,7950.0,0,7950.0,232.5,0.5,4,167.25
8335.09,4.875,7950.0,1,16285.09,529.0,0.707,4,167.25
8335.09,4.875,7950.0,2,24620.18,167.25,0.433,4,167.25
8335.09,4.875,7950.0,3,32955.27,158.0,0.0,4,167.25
8335.09,4.875,7950.0,4,41290.36,155.25,0.433,4,167.25
8335.09,4.875,7955.0,0,7955.0,232.75,0.433,4,167.25
8335.09,4.875,7955.0,1,16290.09,529.0,1.414,4,167.25
8335.09,4.875,7955.0,2,24625.18,167.25,0.433,4,167.25
8335.09,4.875,7955.0,3,32960.27,158.0,0.0,4,167.25
8335.09,4.875,7955.0,4,41295.36,155.0,0.0,3,167.25
8335.09,4.875,7960.0,0,7960.0,233.25,0.433,4,167.75
8335.09,4.875,7960.0,1,16295.09,528.0,1.225,4,167.75
8335.09,4.875,7960.0,2,24630.18,167.75,0.433,4,167.75
8335.09,4.875,7960.0,3,32965.27,157.75,0.433,4,167.75
8335.09,4.875,7960.0,4,41300.36,155.25,0.433,4,167.75
8335.09,4.875,7965.0,0,7965.0,234.0,0.0,4,167.25
8335.09,4.875,7965.0,1,16300.09,526.25,1.09,4,167.25
8335.09,4.875,7965.0,2,24635.18,167.25,0.433,4,167.25
8335.09,4.875,7965.0,3,32970.27,158.0,0.0,4,167.25
8335.09,4.875,7965.0,4,41305.36,155.0,0.0,3,167.25
8335.09,4.875,7970.0,0,7970.0,234.75,0.433,4,167.75
8335.09,4.875,7970.0,1,16305.09,526.25,1.299,4,167.75
8335.09,4.875,7970.0,2,24640.18,167.75,0.433,4,167.75
8335.09,4.875,7970.0,3,32975.27,158.0,0.0,4,167.75
8335.09,4.875,7970.0,4,41310.36,155.0,0.0,4,167.75
8335.09,4.875,7975.0,0,7975.0,235.0,0.0,4,167.333
8335.09,4.875,7975.0,1,16310.09,524.333,0.943,3,167.333
8335.09,4.875,7975.0,2,24645.18,167.333,0.471,3,167.333
8335.09,4.875,7975.0,3,32980.27,158.0,0.0,3,167.333
8335.09,4.875,7975.0,4,41315.36,155.667,0.471,3,167.333
8335.09,4.875,7980.0,0,7980.0,235.5,0.5,4,167.5
8335.09,4.875,7980.0,1,16315.09,524.0,0.707,4,167.5
8335.09,4.875,7980.0,2,24650.18,167.5,0.5,4,167.5
8335.09,4.875,7980.0,3,32985.27,157.75,0.433,4,167.5
8335.09,4.875,7980.0,4,41320.36,155.75,0.433,4,167.5
8335.09,4.875,7985.0,0,7985.0,236.0,0.0,4,167.333
8335.09,4.875,7985.0,1,16320.09,523.333,1.7,3,167.333
8335.09,4.875,7985.0,2,24655.18,167.333,0.471,3,167.333
8335.09,4.875,7985.0,3,32990.27,158.0,0.0,3,167.333
8335.09,4.875,7985.0,4,41325.36,155.333,0.471,3,167.333
8335.09,4.875,7990.0,0,7990.0,237.0,0.0,4,167.25
8335.09,4.875,7990.0,1,16325.09,520.75,0.433,4,167.25
8335.09,4.875,7990.0,2,24660.18,167.25,0.433,4,167.25
8335.09,4.875,7990.0,3,32995.27,158.0,0.0,3,167.25
8335.09,4.875,7990.0,4,41330.36,155.333,0.471,3,167.25
8335.09,4.875,7995.0,0,7995.0,237.5,0.5,4,167.0
8335.09,4.875,7995.0,1,16330.09,521.0,1.633,3,167.0
8335.09,4.875,7995.0,2,24665.18,167.0,0.0,3,167.0
8335.09,4.875,7995.0,3,33000.27,157.667,0.471,3,167.0
8335.09,4.875,7995.0,4,41335.36,155.333,0.471,3,167.0
8335.09,4.875,8000.0,0,8000.0,238.0,0.0,4,167.75
8335.09,4.875,8000.0,1,16335.09,520.0,0.707,4,167.75
8335.09,4.875,8000.0,2,24670.18,167.75,0.433,4,167.75
8335.09,4.875,8000.0,3,33005.27,158.0,0.0,3,167.75
8335.09,4.875,8000.0,4,41340.36,155.0,0.0,3,167.75
8335.09,4.875,8005.0,0,8005.0,238.25,0.433,4,167.667
8335.09,4.875,8005.0,1,16340.09,519.0,0.707,4,167.667
8335.09,4.875,8005.0,2,24675.18,167.667,0.471,3,167.667
8335.09,4.875,8005.0,3,33010.27,157.667,0.471,3,167.667
8335.09,4.875,8005.0,4,41345.36,155.333,0.471,3,167.667
8335.09,4.875,8010.0,0,8010.0,239.25,0.433,4,167.333
8335.09,4.875,8010.0,1,16345.09,517.667,1.247,3,167.333
8335.09,4.875,8010.0,2,24680.18,167.333,0.471,3,167.333
8335.09,4.875,8010.0,3,33015.27,158.0,0.0,3,167.333
8335.09,4.875,8010.0,4,41350.36,155.0,0.0,3,167.333
8335.09,4.875,8015.0,0,8015.0,239.5,0.5,4,167.0
8335.09,4.875,8015.0,1,16350.09,517.5,0.866,4,167.0
8335.09,4.875,8015.0,2,24685.18,167.0,0.0,3,167.0
8335.09,4.875,8015.0,3,33020.27,157.667,0.471,3,167.0
8335.09,4.875,8015.0,4,41355.36,155.333,0.471,3,167.0
8335.09,4.875,8020.0,0,8020.0,239.75,0.433,4,167.5
8335.09,4.875,8020.0,1,16355.09,516.25,0.433,4,167.5
8335.09,4.875,8020.0,2,24690.18,167.5,0.5,4,167.5
8335.09,4.875,8020.0,3,33025.27,158.0,0.0,4,167.5
8335.09,4.875,8020.0,4,41360.36,155.25,0.433,4,167.5
8335.09,4.875,8025.0,0,8025.0,240.25,0.433,4,167.333
8335.09,4.875,8025.0,1,16360.09,516.0,0.707,4,167.333
8335.09,4.875,8025.0,2,24695.18,167.333,0.471,3,167.333
8335.09,4.875,8025.0,3,33030.27,158.0,0.0,3,167.333
8335.09,4.875,8025.0,4,41365.36,155.667,0.471,3,167.333
8335.09,4.875,8030.0,0,8030.0,240.0,0.0,4,167.5
8335.09,4.875,8030.0,1,16365.09,515.5,1.118,4,167.5
8335.09,4.875,8030.0,2,24700.18,167.5,0.5,4,167.5
8335.09,4.875,8030.0,3,33035.27,158.0,0.0,3,167.5
8335.09,4.875,8030.0,4,41370.36,155.667,0.471,3,167.5
8335.09,4.875,8035.0,0,8035.0,240.25,0.433,4,167.333
8335.09,4.875,8035.0,1,16370.09,515.5,0.5,4,167.333
8335.09,4.875,8035.0,2,24705.18,167.333,0.471,3,167.333
8335.09,4.875,8035.0,3,33040.27,157.667,0.471,3,167.333
8335.09,4.875,8035.0,4,41375.36,155.0,0.0,3,167.333
8335.09,4.875,8040.0,0,8040.0,241.0,0.0,4,167.25
8335.09,4.875,8040.0,1,16375.09,514.25,1.299,4,167.25
8335.09,4.875,8040.0,2,24710.18,167.25,0.433,4,167.25
8335.09,4.875,8040.0,3,33045.27,158.0,0.0,3,167.25
8335.09,4.875,8040.0,4,41380.36,155.333,0.471,3,167.25
8335.09,4.875,8045.0,0,8045.0,241.0,0.0,4,167.25
8335.09,4.875,8045.0,1,16380.09,513.5,1.5,4,167.25
8335.09,4.875,8045.0,2,24715.18,167.25,0.433,4,167.25
8335.09,4.875,8045.0,3,33050.27,157.5,0.5,4,167.25
8335.09,4.875,8045.0,4,41385.36,155.0,0.0,4,167.25
8335.09,4.875,8050.0,0,8050.0,241.25,0.433,4,167.25
8335.09,4.875,8050.0,1,16385.09,513.5,0.866,4,167.25
8335.09,4.875,8050.0,2,24720.18,167.25,0.433,4,167.25
8335.09,4.875,8050.0,3,33055.27,158.0,0.0,3,167.25
8335.09,4.875,8050.0,4,41390.36,155.333,0.471,3,167.25
8335.09,4.875,8055.0,0,8055.0,241.25,0.433,4,167.333
8335.09,4.875,8055.0,1,16390.09,514.0,1.414,4,167.333
8335.09,4.875,8055.0,2,24725.18,167.333,0.471,3,167.333
8335.09,4.875,8055.0,3,33060.27,157.667,0.471,3,167.333
8335.09,4.875,8055.0,4,41395.36,155.667,0.471,3,167.333
8335.09,4.875,8060.0,0,8060.0,242.0,0.0,4,167.5
8335.09,4.875,8060.0,1,16395.09,513.5,0.866,4,167.5
8335.09,4.875,8060.0,2,24730.18,167.5,0.5,4,167.5
8335.09,4.875,8060.0,3,33065.27,157.5,0.5,4,167.5
8335.09,4.875,8060.0,4,41400.36,155.333,0.471,3,167.5
8335.09,4.875,8065.0,0,8065.0,241.25,0.433,4,167.333
8335.09,4.875,8065.0,1,16400.09,514.25,0.829,4,167.333
8335.09,4.875,8065.0,2,24735.18,167.333,0.471,3,167.333
8335.09,4.875,8065.0,3,33070.27,157.667,0.471,3,167.333
8335.09,4.875,8065.0,4,41405.36,155.333,0.471,3,167.333
8335.09,4.875,8070.0,0,8070.0,241.75,0.433,4,167.0
8335.09,4.875,8070.0,1,16405.09,513.5,1.118,4,167.0
8335.09,4.875,8070.0,2,24740.18,167.0,0.0,4,167.0
8335.09,4.875,8070.0,3,33075.27,158.0,0.0,4,167.0
8335.09,4.875,8070.0,4,41410.36,155.0,0.0,3,167.0
8335.09,4.875,8075.0,0,8075.0,241.5,0.5,4,167.333
8335.09,4.875,8075.0,1,16410.09,513.75,0.829,4,167.333
8335.09,4.875,8075.0,2,24745.18,167.333,0.471,3,167.333
8335.09,4.875,8075.0,3,33080.27,158.0,0.0,3,167.333
8335.09,4.875,8075.0,4,41415.36,155.667,0.471,3,167.333
8335.09,4.875,8080.0,0,8080.0,241.25,0.433,4,167.5
8335.09,4.875,8080.0,1,16415.09,514.75,0.829,4,167.5
8335.09,4.875,8080.0,2,24750.18,167.5,0.5,4,167.5
8335.09,4.875,8080.0,3,33085.27,158.0,0.0,3,167.5
8335.09,4.875,8080.0,4,41420.36,155.0,0.0,3,167.5
8335.09,4.875,8085.0,0,8085.0,241.5,0.5,4,167.667
8335.09,4.875,8085.0,1,16420.09,513.25,0.433,4,167.667
8335.09,4.875,8085.0,2,24755.18,167.667,0.471,3,167.667
8335.09,4.875,8085.0,3,33090.27,157.667,0.471,3,167.667
8335.09,4.875,8085.0,4,41425.36,155.333,0.471,3,167.667
8335.09,4.875,8090.0,0,8090.0,241.75,0.433,4,167.0
8335.09,4.875,8090.0,1,16425.09,513.5,0.5,4,167.0
8335.09,4.875,8090.0,2,24760.18,167.0,0.0,4,167.0
8335.09,4.875,8090.0,3,33095.27,158.0,0.0,3,167.0
8335.09,4.875,8090.0,4,41430.36,155.667,0.471,3,167.0
8335.09,4.875,8095.0,0,8095.0,241.25,0.433,4,167.667
8335.09,4.875,8095.0,1,16430.09,513.75,1.09,4,167.667
8335.09,4.875,8095.0,2,24765.18,167.667,0.471,3,167.667
8335.09,4.875,8095.0,3,33100.27,158.0,0.0,3,167.667
8335.09,4.875,8095.0,4,41435.36,155.667,0.471,3,167.667
8335.09,4.875,8100.0,0,8100.0,241.5,0.5,4,167.25
8335.09,4.875,8100.0,1,16435.09,514.5,1.118,4,167.25
8335.09,4.875,8100.0,2,24770.18,167.25,0.433,4,167.25
8335.09,4.875,8100.0,3,33105.27,158.0,0.0,3,167.25
8335.09,4.875,8100.0,4,41440.36,155.667,0.471,3,167.25
8335.09,4.875,8105.0,0,8105.0,242.0,0.0,4,167.5
8335.09,4.875,8105.0,1,16440.09,513.0,0.0,4,167.5
8335.09,4.875,8105.0,2,24775.18,167.5,0.5,4,167.5
8335.09,4.875,8105.0,3,33110.27,157.75,0.433,4,167.5
8335.09,4.875,8105.0,4,41445.36,155.333,0.471,3,167.5
8335.09,4.875,8110.0,0,8110.0,241.75,0.433,4,167.333
8335.09,4.875,8110.0,1,16445.09,513.667,0.943,3,167.333
8335.09,4.875,8110.0,2,24780.18,167.333,0.471,3,167.333
8335.09,4.875,8110.0,3,33115.27,158.0,0.0,3,167.333
8335.09,4.875,8110.0,4,41450.36,155.333,0.471,3,167.333
8335.09,4.875,8115.0,0,8115.0,242.0,0.0,4,167.0
8335.09,4.875,8115.0,1,16450.09,514.25,0.433,4,167.0
8335.09,4.875,8115.0,2,24785.18,167.0,0.0,4,167.0
8335.09,4.875,8115.0,3,33120.27,157.75,0.433,4,167.0
8335.09,4.875,8115.0,4,41455.36,155.667,0.471,3,167.0
8335.09,4.875,8120.0,0,8120.0,242.0,0.0,4,167.333
8335.09,4.875,8120.0,1,16455.09,512.667,0.943,3,167.333
8335.09,4.875,8120.0,2,24790.18,167.333,0.471,3,167.333
8335.09,4.875,8120.0,3,33125.27,158.0,0.0,3,167.333
8335.09,4.875,8120.0,4,41460.36,155.0,0.0,3,167.333
8335.09,4.875,8125.0,0,8125.0,241.75,0.433,4,167.5
8335.09,4.875,8125.0,1,16460.09,513.5,1.118,4,167.5
8335.09,4.875,8125.0,2,24795.18,167.5,0.5,4,167.5
8335.09,4.875,8125.0,3,33130.27,158.0,0.0,4,167.5
8335.09,4.875,8125.0,4,41465.36,155.333,0.471,3,167.5
8335.09,4.875,8130.0,0,8130.0,241.75,0.433,4,167.5
8335.09,4.875,8130.0,1,16465.09,513.5,0.5,4,167.5
8335.09,4.875,8130.0,2,24800.18,167.5,0.5,4,167.5
8335.09,4.875,8130.0,3,33135.27,158.0,0.0,3,167.5
8335.09,4.875,8130.0,4,41470.36,155.0,0.0,3,167.5
8335.09,4.875,8135.0,0,8135.0,241.75,0.829,4,167.25
8335.09,4.875,8135.0,1,16470.09,513.25,0.829,4,167.25
8335.09,4.875,8135.0,2,24805.18,167.25,0.433,4,167.25
8335.09,4.875,8135.0,3,33140.27,158.0,0.0,4,167.25
8335.09,4.875,8135.0,4,41475.36,155.667,0.471,3,167.25
8335.09,4.875,8140.0,0,8140.0,241.5,0.5,4,167.75
8335.09,4.875,8140.0,1,16475.09,514.25,0.829,4,167.75
8335.09,4.875,8140.0,2,24810.18,167.75,0.433,4,167.75
8335.09,4.875,8140.0,3,33145.27,158.0,0.0,3,167.75
8335.09,4.875,8140.0,4,41480.36,155.0,0.0,3,167.75
8335.09,4.875,8145.0,0,8145.0,241.5,0.5,4,167.5
8335.09,4.875,8145.0,1,16480.09,514.25,1.299,4,167.5
8335.09,4.875,8145.0,2,24815.18,167.5,0.5,4,167.5
8335.09,4.875,8145.0,3,33150.27,158.0,0.0,4,167.5
8335.09,4.875,8145.0,4,41485.36,155.333,0.471,3,167.5
8335.09,4.875,8150.0,0,8150.0,241.75,0.433,4,167.667
8335.09,4.875,8150.0,1,16485.09,514.0,0.707,4,167.667
8335.09,4.875,8150.0,2,24820.18,167.667,0.471,3,167.667
8335.09,4.875,8150.0,3,33155.27,157.667,0.471,3,167.667
8335.09,4.875,8150.0,4,41490.36,155.0,0.0,3,167.667
8335.09,4.875,8155.0,0,8155.0,241.75,0.433,4,167.75
8335.09,4.875,8155.0,1,16490.09,513.5,0.866,4,167.75
8335.09,4.875,8155.0,2,24825.18,167.75,0.433,4,167.75
8335.09,4.875,8155.0,3,33160.27,158.0,0.0,4,167.75
8335.09,4.875,8155.0,4,41495.36,155.333,0.471,3,167.75
8335.09,4.875,8160.0,0,8160.0,241.75,0.433,4,167.0
8335.09,4.875,8160.0,1,16495.09,513.5,0.866,4,167.0
8335.09,4.875,8160.0,2,24830.18,167.0,0.0,3,167.0
8335.09,4.875,8160.0,3,33165.27,157.333,0.471,3,167.0
8335.09,4.875,8160.0,4,41500.36,155.0,0.0,3,167.0
8335.09,4.875,8165.0,0,8165.0,241.25,0.433,4,167.0
8335.09,4.875,8165.0,1,16500.09,513.75,1.299,4,167.0
8335.09,4.875,8165.0,2,24835.18,167.0,0.0,4,167.0
8335.09,4.875,8165.0,3,33170.27,158.0,0.0,3,167.0
8335.09,4.875,8165.0,4,41505.36,155.0,0.0,3,167.0
8335.09,4.875,8170.0,0,8170.0,241.25,0.433,4,167.667
8335.09,4.875,8170.0,1,16505.09,513.5,1.803,4,167.667
8335.09,4.875,8170.0,2,24840.18,167.667,0.471,3,167.667
8335.09,4.875,8170.0,3,33175.27,157.667,0.471,3,167.667
8335.09,4.875,8170.0,4,41510.36,156.0,0.0,3,167.667
8335.09,4.875,8175.0,0,8175.0,241.75,0.433,4,167.0
8335.09,4.875,8175.0,1,16510.09,514.25,1.299,4,167.0
8335.09,4.875,8175.0,2,24845.18,167.0,0.0,4,167.0
8335.09,4.875,8175.0,3,33180.27,158.0,0.0,3,167.0
8335.09,4.875,8175.0,4,41515.36,155.333,0.471,3,167.0
8335.09,4.875,8180.0,0,8180.0,241.25,0.433,4,167.0
8335.09,4.875,8180.0,1,16515.09,514.75,1.09,4,167.0
8335.09,4.875,8180.0,2,24850.18,167.0,0.0,3,167.0
8335.09,4.875,8180.0,3,33185.27,158.0,0.0,3,167.0
8335.09,4.875,8180.0,4,41520.36,155.667,0.471,3,167.0
8335.09,4.875,8185.0,0,8185.0,241.5,0.5,4,167.25
8335.09,4.875,8185.0,1,16520.09,514.0,1.225,4,167.25
8335.09,4.875,8185.0,2,24855.18,167.25,0.433,4,167.25
8335.09,4.875,8185.0,3,33190.27,157.667,0.471,3,167.25
8335.09,4.875,8185.0,4,41525.36,155.333,0.471,3,167.25
8335.09,4.875,8190.0,0,8190.0,241.75,0.433,4,167.25
8335.09,4.875,8190.0,1,16525.09,514.25,0.433,4,167.25
8335.09,4.875,8190.0,2,24860.18,167.25,0.433,4,167.25
8335.09,4.875,8190.0,3,33195.27,158.0,0.0,4,167.25
8335.09,4.875,8190.0,4,41530.36,155.0,0.0,4,167.25
8335.09,4.875,8195.0,0,8195.0,242.0,0.0,4,167.5
8335.09,4.875,8195.0,1,16530.09,514.0,0.707,4,167.5
8335.09,4.875,8195.0,2,24865.18,167.5,0.5,4,167.5
8335.09,4.875,8195.0,3,33200.27,158.0,0.0,3,167.5
8335.09,4.875,8195.0,4,41535.36,155.333,0.471,3,167.5
8335.09,4.875,8200.0,0,8200.0,241.5,0.5,4,167.5
8335.09,4.875,8200.0,1,16535.09,514.25,0.829,4,167.5
8335.09,4.875,8200.0,2,24870.18,167.5,0.5,4,167.5
8335.09,4.875,8200.0,3,33205.27,157.75,0.433,4,167.5
8335.09,4.875,8200.0,4,41540.36,155.667,0.471,3,167.5
8335.09,4.875,8205.0,0,8205.0,241.75,0.433,4,167.667
8335.09,4.875,8205.0,1,16540.09,514.0,0.816,3,167.667
8335.09,4.875,8205.0,2,24875.18,167.667,0.471,3,167.667
8335.09,4.875,8205.0,3,33210.27,158.0,0.0,3,167.667
8335.09,4.875,8205.0,4,41545.36,155.0,0.0,3,167.667
8335.09,4.875,8210.0,0,8210.0,242.0,0.0,4,167.333
8335.09,4.875,8210.0,1,16545.09,513.75,0.433,4,167.333
8335.09,4.875,8210.0,2,24880.18,167.333,0.471,3,167.333
8335.09,4.875,8210.0,3,33215.27,157.667,0.471,3,167.333
8335.09,4.875,8210.0,4,41550.36,155.333,0.471,3,167.333
8335.09,4.875,8215.0,0,8215.0,242.5,0.5,4,167.5
8335.09,4.875,8215.0,1,16550.09,513.0,0.707,4,167.5
8335.09,4.875,8215.0,2,24885.18,167.5,0.5,4,167.5
8335.09,4.875,8215.0,3,33220.27,158.0,0.0,4,167.5
8335.09,4.875,8215.0,4,41555.36,155.0,0.0,4,167.5
8335.09,4.875,8220.0,0,8220.0,242.5,0.5,4,167.333
8335.09,4.875,8220.0,1,16555.09,512.25,0.829,4,167.333
8335.09,4.875,8220.0,2,24890.18,167.333,0.471,3,167.333
8335.09,4.875,8220.0,3,33225.27,158.0,0.0,3,167.333
8335.09,4.875,8220.0,4,41560.36,155.333,0.471,3,167.333
8335.09,4.875,8225.0,0,8225.0,242.5,0.5,4,167.5
8335.09,4.875,8225.0,1,16560.09,512.5,0.866,4,167.5
8335.09,4.875,8225.0,2,24895.18,167.5,0.5,4,167.5
8335.09,4.875,8225.0,3,33230.27,158.0,0.0,4,167.5
8335.09,4.875,8225.0,4,41565.36,155.0,0.0,4,167.5
8335.09,4.875,8230.0,0,8230.0,243.0,0.707,4,167.667
8335.09,4.875,8230.0,1,16565.09,512.0,1.225,4,167.667
8335.09,4.875,8230.0,2,24900.18,167.667,0.471,3,167.667
8335.09,4.875,8230.0,3,33235.27,157.667,0.471,3,167.667
8335.09,4.875,8230.0,4,41570.36,155.333,0.471,3,167.667
8335.09,4.875,8235.0,0,8235.0,243.0,0.0,4,167.0
8335.09,4.875,8235.0,1,16570.09,511.25,0.829,4,167.0
8335.09,4.875,8235.0,2,24905.18,167.0,0.0,4,167.0
8335.09,4.875,8235.0,3,33240.27,158.0,0.0,4,167.0
8335.09,4.875,8235.0,4,41575.36,155.0,0.0,4,167.0
8335.09,4.875,8240.0,0,8240.0,243.75,0.433,4,167.333
8335.09,4.875,8240.0,1,16575.09,510.25,0.433,4,167.333
8335.09,4.875,8240.0,2,24910.18,167.333,0.471,3,167.333
8335.09,4.875,8240.0,3,33245.27,158.0,0.0,3,167.333
8335.09,4.875,8240.0,4,41580.36,155.333,0.471,3,167.333
8335.09,4.875,8245.0,0,8245.0,244.5,0.5,4,167.5
8335.09,4.875,8245.0,1,16580.09,509.25,0.433,4,167.5
8335.09,4.875,8245.0,2,24915.18,167.5,0.5,4,167.5
8335.09,4.875,8245.0,3,33250.27,158.0,0.0,4,167.5
8335.09,4.875,8245.0,4,41585.36,155.5,0.5,4,167.5
8335.09,4.875,8250.0,0,8250.0,244.5,0.5,4,167.667
8335.09,4.875,8250.0,1,16585.09,508.0,1.225,4,167.667
8335.09,4.875,8250.0,2,24920.18,167.667,0.471,3,167.667
8335.09,4.875,8250.0,3,33255.27,158.0,0.0,3,167.667
8335.09,4.875,8250.0,4,41590.36,155.333,0.471,3,167.667
8335.09,4.875,8255.0,0,8255.0,245.75,0.433,4,167.25
8335.09,4.875,8255.0,1,16590.09,507.25,1.479,4,167.25
8335.09,4.875,8255.0,2,24925.18,167.25,0.433,4,167.25
8335.09,4.875,8255.0,3,33260.27,158.0,0.0,3,167.25
8335.09,4.875,8255.0,4,41595.36,155.333,0.471,3,167.25
8335.09,4.875,8260.0,0,8260.0,246.25,0.433,4,168.0
8335.09,4.875,8260.0,1,16595.09,505.25,1.299,4,168.0
8335.09,4.875,8260.0,2,24930.18,168.0,0.0,4,168.0
8335.09,4.875,8260.0,3,33265.27,158.0,0.0,4,168.0
8335.09,4.875,8260.0,4,41600.36,155.5,0.5,4,168.0
8335.09,4.875,8265.0,0,8265.0,247.0,0.707,4,167.25
8335.09,4.875,8265.0,1,16600.09,504.0,1.871,4,167.25
8335.09,4.875,8265.0,2,24935.18,167.25,0.433,4,167.25
8335.09,4.875,8265.0,3,33270.27,158.0,0.0,3,167.25
8335.09,4.875,8265.0,4,41605.36,155.0,0.0,3,167.25
8335.09,4.875,8270.0,0,8270.0,248.25,0.433,4,168.0
8335.09,4.875,8270.0,1,16605.09,503.5,0.5,4,168.0
8335.09,4.875,8270.0,2,24940.18,168.0,0.0,3,168.0
8335.09,4.875,8270.0,3,33275.27,158.0,0.0,3,168.0
8335.09,4.875,8270.0,4,41610.36,155.333,0.471,3,168.0
8335.09,4.875,8275.0,0,8275.0,248.25,0.433,4,167.5
8335.09,4.875,8275.0,1,16610.09,502.0,0.707,4,167.5
8335.09,4.875,8275.0,2,24945.18,167.5,0.5,4,167.5
8335.09,4.875,8275.0,3,33280.27,157.667,0.471,3,167.5
8335.09,4.875,8275.0,4,41615.36,155.333,0.471,3,167.5
8335.09,4.875,8280.0,0,8280.0,250.0,0.0,4,167.667
8335.09,4.875,8280.0,1,16615.09,498.667,1.247,3,167.667
8335.09,4.875,8280.0,2,24950.18,167.667,0.471,3,167.667
8335.09,4.875,8280.0,3,33285.27,158.0,0.0,3,167.667
8335.09,4.875,8280.0,4,41620.36,155.667,0.471,3,167.667
8335.09,4.875,8285.0,0,8285.0,251.0,0.707,4,167.25
8335.09,4.875,8285.0,1,16620.09,497.0,1.581,4,167.25
8335.09,4.875,8285.0,2,24955.18,167.25,0.433,4,167.25
8335.09,4.875,8285.0,3,33290.27,158.0,0.0,3,167.25
8335.09,4.875,8285.0,4,41625.36,155.0,0.0,3,167.25
8335.09,4.875,8290.0,0,8290.0,251.5,0.5,4,167.25
8335.09,4.875,8290.0,1,16625.09,497.0,1.581,4,167.25
8335.09,4.875,8290.0,2,24960.18,167.25,0.433,4,167.25
8335.09,4.875,8290.0,3,33295.27,158.0,0.0,4,167.25
8335.09,4.875,8290.0,4,41630.36,155.0,0.0,3,167.25
8335.09,4.875,8295.0,0,8295.0,252.5,0.5,4,167.333
8335.09,4.875,8295.0,1,16630.09,494.0,1.633,3,167.333
8335.09,4.875,8295.0,2,24965.18,167.333,0.471,3,167.333
8335.09,4.875,8295.0,3,33300.27,157.667,0.471,3,167.333
8335.09,4.875,8295.0,4,41635.36,155.0,0.0,3,167.333
8335.09,4.875,8300.0,0,8300.0,254.5,0.5,4,167.25
8335.09,4.875,8300.0,1,16635.09,490.75,1.479,4,167.25
8335.09,4.875,8300.0,2,24970.18,167.25,0.433,4,167.25
8335.09,4.875,8300.0,3,33305.27,157.5,0.5,4,167.25
8335.09,4.875,8300.0,4,41640.36,155.0,0.0,3,167.25
8335.09,4.875,8305.0,0,8305.0,255.25,0.433,4,167.75
8335.09,4.875,8305.0,1,16640.09,489.75,0.433,4,167.75
8335.09,4.875,8305.0,2,24975.18,167.75,0.433,4,167.75
8335.09,4.875,8305.0,3,33310.27,158.0,0.0,3,167.75
8335.09,4.875,8305.0,4,41645.36,155.0,0.0,3,167.75
8335.09,4.875,8310.0,0,8310.0,256.25,0.433,4,167.667
8335.09,4.875,8310.0,1,16645.09,487.25,1.299,4,167.667
8335.09,4.875,8310.0,2,24980.18,167.667,0.471,3,167.667
8335.09,4.875,8310.0,3,33315.27,158.0,0.0,3,167.667
8335.09,4.875,8310.0,4,41650.36,155.0,0.0,3,167.667
8335.09,4.875,8315.0,0,8315.0,257.0,0.0,4,167.25
8335.09,4.875,8315.0,1,16650.09,485.5,0.866,4,167.25
8335.09,4.875,8315.0,2,24985.18,167.25,0.433,4,167.25
8335.09,4.875,8315.0,3,33320.27,157.75,0.433,4,167.25
8335.09,4.875,8315.0,4,41655.36,155.25,0.433,4,167.25
8335.09,4.875,8320.0,0,8320.0,258.0,0.0,4,167.0
8335.09,4.875,8320.0,1,16655.09,483.5,0.5,4,167.0
8335.09,4.875,8320.0,2,24990.18,167.0,0.0,3,167.0
8335.09,4.875,8320.0,3,33325.27,158.0,0.0,3,167.0
8335.09,4.875,8320.0,4,41660.36,155.0,0.0,3,167.0
8335.09,4.875,8325.0,0,8325.0,259.25,0.433,4,167.5
8335.09,4.875,8325.0,1,16660.09,481.5,1.118,4,167.5
8335.09,4.875,8325.0,2,24995.18,167.5,0.5,4,167.5
8335.09,4.875,8325.0,3,33330.27,157.5,0.5,4,167.5
8335.09,4.875,8325.0,4,41665.36,155.0,0.0,4,167.5
