T_us,expo_us,start_us,delay_us,t_us,mean,sd,n
8335.1,4.875,8910.0,8076.49,8076.49,740.125,0.927,8
8335.1,4.875,8910.0,8081.49,8081.49,739.625,0.992,8
8335.1,4.875,8910.0,8086.49,8086.49,739.625,0.696,8
8335.1,4.875,8910.0,8091.49,8091.49,739.875,2.027,8
8335.1,4.875,8910.0,8096.49,8096.49,740.125,1.452,8
8335.1,4.875,8910.0,8101.49,8101.49,740.375,0.992,8
8335.1,4.875,8910.0,8106.49,8106.49,740.125,1.364,8
8335.1,4.875,8910.0,8111.49,8111.49,740.25,1.714,8
8335.1,4.875,8910.0,8116.49,8116.49,740.5,1.658,8
8335.1,4.875,8910.0,8121.49,8121.49,740.75,1.09,8
8335.1,4.875,8910.0,8126.49,8126.49,740.25,1.639,8
8335.1,4.875,8910.0,8131.49,8131.49,739.75,1.714,8
8335.1,4.875,8910.0,8136.49,8136.49,740.375,2.176,8
8335.1,4.875,8910.0,8141.49,8141.49,740.25,1.639,8
8335.1,4.875,8910.0,8146.49,8146.49,740.5,0.866,8
8335.1,4.875,8910.0,8151.49,8151.49,740.5,1.118,8
8335.1,4.875,8910.0,8156.49,8156.49,740.75,1.392,8
8335.1,4.875,8910.0,8161.49,8161.49,740.5,1.225,8
8335.1,4.875,8910.0,8166.49,8166.49,740.5,1.414,8
8335.1,4.875,8910.0,8171.49,8171.49,740.5,1.5,8
8335.1,4.875,8910.0,8176.49,8176.49,740.25,2.107,8
8335.1,4.875,8910.0,8181.49,8181.49,740.125,1.615,8
8335.1,4.875,8910.0,8186.49,8186.49,740.375,1.317,8
8335.1,4.875,8910.0,8191.49,8191.49,740.375,1.576,8
8335.1,4.875,8910.0,8196.49,8196.49,740.0,1.225,8
8335.1,4.875,8910.0,8201.49,8201.49,740.0,1.118,8
8335.1,4.875,8910.0,8206.49,8206.49,740.375,1.576,8
8335.1,4.875,8910.0,8211.49,8211.49,740.25,0.661,8
8335.1,4.875,8910.0,8216.49,8216.49,740.25,1.561,8
8335.1,4.875,8910.0,8221.49,8221.49,739.75,1.714,8
8335.1,4.875,8910.0,8226.49,8226.49,739.875,1.452,8
8335.1,4.875,8910.0,8231.49,8231.49,740.0,1.225,8
8335.1,4.875,8910.0,8236.49,8236.49,740.375,1.218,8
8335.1,4.875,8910.0,8241.49,8241.49,740.25,0.968,8
8335.1,4.875,8910.0,8246.49,8246.49,739.875,1.053,8
8335.1,4.875,8910.0,8251.49,8251.49,739.625,1.654,8
8335.1,4.875,8910.0,8256.49,8256.49,740.25,1.199,8
8335.1,4.875,8910.0,8261.49,8261.49,739.5,1.581,8
8335.1,4.875,8910.0,8266.49,8266.49,739.75,1.09,8
8335.1,4.875,8910.0,8271.49,8271.49,740.0,1.225,8
8335.1,4.875,8910.0,8276.49,8276.49,739.625,1.728,8
8335.1,4.875,8910.0,8281.49,8281.49,739.5,1.658,8
8335.1,4.875,8910.0,8286.49,8286.49,739.625,1.317,8
8335.1,4.875,8910.0,8291.49,8291.49,739.5,1.225,8
8335.1,4.875,8910.0,8296.49,8296.49,739.25,0.661,8
8335.1,4.875,8910.0,8301.49,8301.49,739.125,1.053,8
8335.1,4.875,8910.0,8306.49,8306.49,739.25,1.561,8
8335.1,4.875,8910.0,8311.49,8311.49,739.0,1.118,8
8335.1,4.875,8910.0,8316.49,8316.49,739.25,1.392,8
8335.1,4.875,8910.0,8321.49,8321.49,739.0,1.414,8
8335.1,4.875,8910.0,8326.49,8326.49,739.0,1.414,8
8335.1,4.875,8910.0,1.39,8336.49,739.0,1.323,8
8335.1,4.875,8910.0,6.39,8341.49,738.875,1.833,8
8335.1,4.875,8910.0,11.39,8346.49,738.875,1.615,8
8335.1,4.875,8910.0,16.39,8351.49,739.0,0.866,8
8335.1,4.875,8910.0,21.39,8356.49,738.75,0.968,8
8335.1,4.875,8910.0,26.39,8361.49,739.125,1.364,8
8335.1,4.875,8910.0,31.39,8366.49,739.25,1.785,8
8335.1,4.875,8910.0,36.39,8371.49,738.75,0.829,8
8335.1,4.875,8910.0,41.39,8376.49,738.625,1.111,8
8335.1,4.875,8910.0,46.39,8381.49,738.625,1.409,8
8335.1,4.875,8910.0,51.39,8386.49,739.25,1.299,8
8335.1,4.875,8910.0,56.39,8391.49,738.75,1.09,8
8335.1,4.875,8910.0,61.39,8396.49,738.375,1.495,8
8335.1,4.875,8910.0,66.39,8401.49,738.375,2.118,8
8335.1,4.875,8910.0,71.39,8406.49,738.625,2.058,8
8335.1,4.875,8910.0,76.39,8411.49,738.625,1.317,8
8335.1,4.875,8910.0,81.39,8416.49,738.25,0.829,8
8335.1,4.875,8910.0,86.39,8421.49,738.75,0.968,8
8335.1,4.875,8910.0,91.39,8426.49,738.125,1.053,8
8335.1,4.875,8910.0,96.39,8431.49,738.5,0.707,8
8335.1,4.875,8910.0,101.39,8436.49,738.125,0.599,8
8335.1,4.875,8910.0,106.39,8441.49,738.375,1.111,8
8335.1,4.875,8910.0,111.39,8446.49,738.375,1.996,8
8335.1,4.875,8910.0,116.39,8451.49,738.125,1.166,8
8335.1,4.875,8910.0,121.39,8456.49,738.5,1.0,8
8335.1,4.875,8910.0,126.39,8461.49,738.0,0.707,8
8335.1,4.875,8910.0,131.39,8466.49,738.5,0.5,8
8335.1,4.875,8910.0,136.39,8471.49,738.125,1.965,8
8335.1,4.875,8910.0,141.39,8476.49,738.0,1.732,8
8335.1,4.875,8910.0,146.39,8481.49,738.0,1.732,8
8335.1,4.875,8910.0,151.39,8486.49,738.0,0.866,8
8335.1,4.875,8910.0,156.39,8491.49,738.0,1.118,8
8335.1,4.875,8910.0,161.39,8496.49,737.75,2.222,8
8335.1,4.875,8910.0,166.39,8501.49,738.25,0.968,8
8335.1,4.875,8910.0,171.39,8506.49,738.125,1.269,8
8335.1,4.875,8910.0,176.39,8511.49,737.875,2.027,8
8335.1,4.875,8910.0,181.39,8516.49,738.375,1.495,8
8335.1,4.875,8910.0,186.39,8521.49,738.125,1.166,8
8335.1,4.875,8910.0,191.39,8526.49,737.75,0.829,8
8335.1,4.875,8910.0,196.39,8531.49,738.0,0.866,8
8335.1,4.875,8910.0,201.39,8536.49,738.0,1.936,8
8335.1,4.875,8910.0,206.39,8541.49,738.0,1.323,8
8335.1,4.875,8910.0,211.39,8546.49,737.875,1.9,8
8335.1,4.875,8910.0,216.39,8551.49,738.125,2.26,8
8335.1,4.875,8910.0,221.39,8556.49,737.75,0.968,8
8335.1,4.875,8910.0,226.39,8561.49,737.75,0.829,8
8335.1,4.875,8910.0,231.39,8566.49,738.5,0.866,8
8335.1,4.875,8910.0,236.39,8571.49,738.0,1.414,8
8335.1,4.875,8910.0,241.39,8576.49,738.25,1.09,8
8335.1,4.875,8910.0,246.39,8581.49,737.625,1.576,8
8335.1,4.875,8910.0,251.39,8586.49,738.0,1.225,8
8335.1,4.875,8910.0,256.39,8591.49,737.75,1.199,8
8335.1,4.875,8910.0,261.39,8596.49,737.5,1.414,8
8335.1,4.875,8910.0,266.39,8601.49,737.375,2.176,8
8335.1,4.875,8910.0,271.39,8606.49,737.75,1.714,8
8335.1,4.875,8910.0,276.39,8611.49,737.875,0.781,8
8335.1,4.875,8910.0,281.39,8616.49,737.625,2.233,8
8335.1,4.875,8910.0,286.39,8621.49,737.375,1.576,8
8335.1,4.875,8910.0,291.39,8626.49,737.5,1.803,8
8335.1,4.875,8910.0,296.39,8631.49,737.625,1.495,8
8335.1,4.875,8910.0,301.39,8636.49,737.875,1.615,8
8335.1,4.875,8910.0,306.39,8641.49,737.5,0.866,8
8335.1,4.875,8910.0,311.39,8646.49,737.25,1.299,8
8335.1,4.875,8910.0,316.39,8651.49,737.25,0.829,8
8335.1,4.875,8910.0,321.39,8656.49,737.25,1.984,8
8335.1,4.875,8910.0,326.39,8661.49,737.5,1.0,8
8335.1,4.875,8910.0,331.39,8666.49,737.5,1.414,8
8335.1,4.875,8910.0,336.39,8671.49,737.5,1.323,8
8335.1,4.875,8910.0,341.39,8676.49,737.625,0.484,8
8335.1,4.875,8910.0,346.39,8681.49,737.75,0.829,8
8335.1,4.875,8910.0,351.39,8686.49,737.625,0.484,8
8335.1,4.875,8910.0,356.39,8691.49,737.375,0.696,8
8335.1,4.875,8910.0,361.39,8696.49,738.0,0.5,8
8335.1,4.875,8910.0,366.39,8701.49,737.5,1.225,8
8335.1,4.875,8910.0,371.39,8706.49,737.375,1.867,8
8335.1,4.875,8910.0,376.39,8711.49,737.875,1.691,8
8335.1,4.875,8910.0,381.39,8716.49,738.0,0.866,8
8335.1,4.875,8910.0,386.39,8721.49,737.625,0.857,8
8335.1,4.875,8910.0,391.39,8726.49,737.375,0.992,8
8335.1,4.875,8910.0,396.39,8731.49,738.0,0.866,8
8335.1,4.875,8910.0,401.39,8736.49,738.125,1.965,8
8335.1,4.875,8910.0,406.39,8741.49,737.875,1.166,8
8335.1,4.875,8910.0,411.39,8746.49,737.375,0.992,8
8335.1,4.875,8910.0,416.39,8751.49,738.0,1.414,8
8335.1,4.875,8910.0,421.39,8756.49,737.625,1.654,8
8335.1,4.875,8910.0,426.39,8761.49,737.75,1.479,8
8335.1,4.875,8910.0,431.39,8766.49,737.125,2.027,8
8335.1,4.875,8910.0,436.39,8771.49,736.875,0.927,8
8335.1,4.875,8910.0,441.39,8776.49,737.375,0.857,8
8335.1,4.875,8910.0,446.39,8781.49,737.75,1.984,8
8335.1,4.875,8910.0,451.39,8786.49,737.25,1.392,8
8335.1,4.875,8910.0,456.39,8791.49,737.875,2.147,8
8335.1,4.875,8910.0,461.39,8796.49,737.375,2.69,8
8335.1,4.875,8910.0,466.39,8801.49,737.5,1.118,8
8335.1,4.875,8910.0,471.39,8806.49,737.875,1.166,8
8335.1,4.875,8910.0,476.39,8811.49,737.625,1.728,8
8335.1,4.875,8910.0,481.39,8816.49,738.0,1.581,8
8335.1,4.875,8910.0,486.39,8821.49,737.0,1.581,8
8335.1,4.875,8910.0,491.39,8826.49,737.125,1.833,8
8335.1,4.875,8910.0,496.39,8831.49,737.125,1.269,8
8335.1,4.875,8910.0,501.39,8836.49,737.5,1.414,8
8335.1,4.875,8910.0,506.39,8841.49,737.25,0.829,8
8335.1,4.875,8910.0,511.39,8846.49,737.375,0.857,8
8335.1,4.875,8910.0,516.39,8851.49,737.125,1.364,8
8335.1,4.875,8910.0,521.39,8856.49,737.875,0.927,8
8335.1,4.875,8910.0,526.39,8861.49,737.875,1.536,8
8335.1,4.875,8910.0,531.39,8866.49,737.75,1.199,8
8335.1,4.875,8910.0,536.39,8871.49,737.625,1.111,8
8335.1,4.875,8910.0,541.39,8876.49,737.375,0.857,8
8335.1,4.875,8910.0,546.39,8881.49,736.875,0.927,8
8335.1,4.875,8910.0,551.39,8886.49,737.125,1.166,8
8335.1,4.875,8910.0,556.39,8891.49,737.125,0.927,8
8335.1,4.875,8910.0,561.39,8896.49,737.25,0.829,8
8335.1,4.875,8910.0,566.39,8901.49,737.5,1.0,8
8335.1,4.875,8910.0,571.39,8906.49,737.25,0.829,8
8335.1,4.875,8910.0,576.39,8911.49,734.875,2.26,8
8335.1,4.875,8910.0,581.39,8916.49,748.5,2.646,8
8335.1,4.875,8910.0,586.39,8921.49,765.5,4.33,8
8335.1,4.875,8910.0,591.39,8926.49,773.5,1.658,8
8335.1,4.875,8910.0,596.39,8931.49,779.125,1.691,8
8335.1,4.875,8910.0,601.39,8936.49,778.5,1.118,8
8335.1,4.875,8910.0,606.39,8941.49,777.75,1.785,8
8335.1,4.875,8910.0,611.39,8946.49,776.875,2.472,8
8335.1,4.875,8910.0,616.39,8951.49,778.375,0.992,8
8335.1,4.875,8910.0,621.39,8956.49,778.125,2.147,8
8335.1,4.875,8910.0,626.39,8961.49,777.375,1.111,8
8335.1,4.875,8910.0,631.39,8966.49,777.875,0.599,8
8335.1,4.875,8910.0,636.39,8971.49,777.625,1.218,8
8335.1,4.875,8910.0,641.39,8976.49,776.875,0.927,8
8335.1,4.875,8910.0,646.39,8981.49,777.25,0.968,8
8335.1,4.875,8910.0,651.39,8986.49,776.375,0.992,8
8335.1,4.875,8910.0,656.39,8991.49,776.5,1.0,8
8335.1,4.875,8910.0,661.39,8996.49,776.25,0.433,8
8335.1,4.875,8910.0,666.39,9001.49,776.0,0.707,8
8335.1,4.875,8910.0,671.39,9006.49,775.75,0.968,8
8335.1,4.875,8910.0,676.39,9011.49,775.375,1.218,8
8335.1,4.875,8910.0,681.39,9016.49,775.0,0.866,8
8335.1,4.875,8910.0,686.39,9021.49,774.25,1.199,8
8335.1,4.875,8910.0,691.39,9026.49,773.25,1.639,8
8335.1,4.875,8910.0,696.39,9031.49,773.375,1.317,8
8335.1,4.875,8910.0,701.39,9036.49,773.375,1.317,8
8335.1,4.875,8910.0,706.39,9041.49,772.75,1.392,8
8335.1,4.875,8910.0,711.39,9046.49,772.75,1.299,8
8335.1,4.875,8910.0,716.39,9051.49,772.625,0.992,8
8335.1,4.875,8910.0,721.39,9056.49,772.875,1.053,8
8335.1,4.875,8910.0,726.39,9061.49,772.375,0.857,8
8335.1,4.875,8910.0,731.39,9066.49,772.375,1.111,8
8335.1,4.875,8910.0,736.39,9071.49,771.875,0.927,8
8335.1,4.875,8910.0,741.39,9076.49,770.875,0.781,8
8335.1,4.875,8910.0,746.39,9081.49,770.875,1.053,8
8335.1,4.875,8910.0,751.39,9086.49,771.625,1.111,8
8335.1,4.875,8910.0,756.39,9091.49,771.25,1.199,8
8335.1,4.875,8910.0,761.39,9096.49,771.125,1.536,8
8335.1,4.875,8910.0,766.39,9101.49,770.375,1.218,8
8335.1,4.875,8910.0,771.39,9106.49,770.25,0.968,8
8335.1,4.875,8910.0,776.39,9111.49,770.5,0.866,8
8335.1,4.875,8910.0,781.39,9116.49,770.0,0.866,8
8335.1,4.875,8910.0,786.39,9121.49,769.875,1.166,8
8335.1,4.875,8910.0,791.39,9126.49,770.25,0.661,8
8335.1,4.875,8910.0,796.39,9131.49,769.375,0.857,8
8335.1,4.875,8910.0,801.39,9136.49,769.5,0.707,8
8335.1,4.875,8910.0,806.39,9141.49,769.5,1.414,8
8335.1,4.875,8910.0,811.39,9146.49,769.5,1.0,8
8335.1,4.875,8910.0,816.39,9151.49,769.25,1.199,8
8335.1,4.875,8910.0,821.39,9156.49,768.625,1.728,8
8335.1,4.875,8910.0,826.39,9161.49,768.25,0.968,8
8335.1,4.875,8910.0,831.39,9166.49,767.75,1.199,8
8335.1,4.875,8910.0,836.39,9171.49,768.125,1.053,8
8335.1,4.875,8910.0,841.39,9176.49,767.75,1.199,8
8335.1,4.875,8910.0,846.39,9181.49,767.75,1.392,8
8335.1,4.875,8910.0,851.39,9186.49,769.125,0.927,8
8335.1,4.875,8910.0,856.39,9191.49,746.375,4.386,8
8335.1,4.875,8910.0,861.39,9196.49,738.375,4.635,8
8335.1,4.875,8910.0,866.39,9201.49,739.25,1.392,8
8335.1,4.875,8910.0,871.39,9206.49,739.125,1.269,8
8335.1,4.875,8910.0,876.39,9211.49,739.125,0.781,8
8335.1,4.875,8910.0,881.39,9216.49,738.75,1.984,8
8335.1,4.875,8910.0,886.39,9221.49,739.375,1.111,8
8335.1,4.875,8910.0,891.39,9226.49,738.875,1.053,8
8335.1,4.875,8910.0,896.39,9231.49,739.0,0.5,8
8335.1,4.875,8910.0,901.39,9236.49,738.75,0.829,8
8335.1,4.875,8910.0,906.39,9241.49,738.75,0.433,8
8335.1,4.875,8910.0,911.39,9246.49,738.75,0.829,8
8335.1,4.875,8910.0,916.39,9251.49,739.125,0.927,8
8335.1,4.875,8910.0,921.39,9256.49,738.625,0.992,8
8335.1,4.875,8910.0,926.39,9261.49,739.125,0.781,8
8335.1,4.875,8910.0,931.39,9266.49,738.625,1.317,8
8335.1,4.875,8910.0,936.39,9271.49,739.0,1.225,8
8335.1,4.875,8910.0,941.39,9276.49,739.0,1.414,8
8335.1,4.875,8910.0,946.39,9281.49,738.875,1.269,8
8335.1,4.875,8910.0,951.39,9286.49,739.0,0.866,8
8335.1,4.875,8910.0,956.39,9291.49,739.0,0.707,8
8335.1,4.875,8910.0,961.39,9296.49,737.625,0.857,8
8335.1,4.875,8910.0,966.39,9301.49,737.75,1.299,8
8335.1,4.875,8910.0,971.39,9306.49,738.375,0.857,8
8335.1,4.875,8910.0,976.39,9311.49,738.75,1.299,8
8335.1,4.875,8910.0,981.39,9316.49,738.75,1.561,8
8335.1,4.875,8910.0,986.39,9321.49,738.625,0.857,8
8335.1,4.875,8910.0,991.39,9326.49,738.5,0.866,8
8335.1,4.875,8910.0,996.39,9331.49,738.125,1.166,8
8335.1,4.875,8910.0,1001.39,9336.49,738.25,1.199,8
8335.1,4.875,8910.0,1006.39,9341.49,738.375,0.992,8
8335.1,4.875,8910.0,1011.39,9346.49,738.25,0.968,8
8335.1,4.875,8910.0,1016.39,9351.49,738.0,1.225,8
8335.1,4.875,8910.0,1021.39,9356.49,738.0,1.225,8
8335.1,4.875,8910.0,1026.39,9361.49,738.25,1.479,8
8335.1,4.875,8910.0,1031.39,9366.49,737.75,1.09,8
8335.1,4.875,8910.0,1036.39,9371.49,737.75,1.09,8
8335.1,4.875,8910.0,1041.39,9376.49,738.0,1.118,8
8335.1,4.875,8910.0,1046.39,9381.49,738.125,1.269,8
8335.1,4.875,8910.0,1051.39,9386.49,738.125,0.781,8
8335.1,4.875,8910.0,1056.39,9391.49,737.875,1.053,8
8335.1,4.875,8910.0,1061.39,9396.49,738.125,0.927,8
8335.1,4.875,8910.0,1066.39,9401.49,738.25,1.299,8
8335.1,4.875,8910.0,1071.39,9406.49,738.0,1.0,8
8335.1,4.875,8910.0,1076.39,9411.49,738.125,1.053,8
8335.1,4.875,8910.0,1081.39,9416.49,737.5,0.5,8
8335.1,4.875,8910.0,1086.39,9421.49,738.375,1.654,8
8335.1,4.875,8910.0,1091.39,9426.49,738.25,1.392,8
8335.1,4.875,8910.0,1096.39,9431.49,738.125,1.053,8
8335.1,4.875,8910.0,1101.39,9436.49,737.75,1.854,8
8335.1,4.875,8910.0,1106.39,9441.49,737.75,1.479,8
8335.1,4.875,8910.0,1111.39,9446.49,737.875,0.599,8
8335.1,4.875,8910.0,1116.39,9451.49,737.875,0.781,8
8335.1,4.875,8910.0,1121.39,9456.49,737.625,1.218,8
8335.1,4.875,8910.0,1126.39,9461.49,737.75,1.09,8
8335.1,4.875,8910.0,1131.39,9466.49,737.875,1.691,8
8335.1,4.875,8910.0,1136.39,9471.49,738.5,1.323,8
8335.1,4.875,8910.0,1141.39,9476.49,738.0,0.707,8
8335.1,4.875,8910.0,1146.39,9481.49,737.5,0.866,8
8335.1,4.875,8910.0,1151.39,9486.49,737.5,1.5,8
8335.1,4.875,8910.0,1156.39,9491.49,738.5,1.225,8
8335.1,4.875,8910.0,1161.39,9496.49,737.625,1.654,8
8335.1,4.875,8910.0,1166.39,9501.49,738.125,1.053,8
8335.1,4.875,8910.0,1171.39,9506.49,738.0,1.414,8
8335.1,4.875,8910.0,1176.39,9511.49,737.875,1.053,8
8335.1,4.875,8910.0,1181.39,9516.49,737.375,1.111,8
8335.1,4.875,8910.0,1186.39,9521.49,738.125,1.364,8
8335.1,4.875,8910.0,1191.39,9526.49,737.875,0.781,8
8335.1,4.875,8910.0,1196.39,9531.49,738.125,0.927,8
8335.1,4.875,8910.0,1201.39,9536.49,737.25,1.92,8
8335.1,4.875,8910.0,1206.39,9541.49,737.375,1.111,8
8335.1,4.875,8910.0,1211.39,9546.49,737.75,0.829,8
8335.1,4.875,8910.0,1216.39,9551.49,737.375,0.696,8
8335.1,4.875,8910.0,1221.39,9556.49,737.125,0.927,8
8335.1,4.875,8910.0,1226.39,9561.49,737.75,1.984,8
8335.1,4.875,8910.0,1231.39,9566.49,737.0,1.225,8
8335.1,4.875,8910.0,1236.39,9571.49,737.5,1.118,8
8335.1,4.875,8910.0,1241.39,9576.49,737.0,1.225,8
8335.1,4.875,8910.0,1246.39,9581.49,737.125,1.763,8
8335.1,4.875,8910.0,1251.39,9586.49,737.625,0.857,8
8335.1,4.875,8910.0,1256.39,9591.49,736.875,1.269,8
8335.1,4.875,8910.0,1261.39,9596.49,737.5,1.118,8
8335.1,4.875,8910.0,1266.39,9601.49,737.75,1.561,8
8335.1,4.875,8910.0,1271.39,9606.49,737.25,1.392,8
8335.1,4.875,8910.0,1276.39,9611.49,737.375,0.857,8
8335.1,4.875,8910.0,1281.39,9616.49,737.0,1.118,8
8335.1,4.875,8910.0,1286.39,9621.49,737.375,0.992,8
8335.1,4.875,8910.0,1291.39,9626.49,737.25,1.714,8
8335.1,4.875,8910.0,1296.39,9631.49,736.875,1.166,8
8335.1,4.875,8910.0,1301.39,9636.49,737.25,1.854,8
8335.1,4.875,8910.0,1306.39,9641.49,737.25,1.299,8
8335.1,4.875,8910.0,1311.39,9646.49,737.875,1.053,8
8335.1,4.875,8910.0,1316.39,9651.49,738.0,0.866,8
8335.1,4.875,8910.0,1321.39,9656.49,737.25,1.299,8
8335.1,4.875,8910.0,1326.39,9661.49,737.5,1.658,8
8335.1,4.875,8910.0,1331.39,9666.49,737.5,0.707,8
8335.1,4.875,8910.0,1336.39,9671.49,737.0,1.0,8
8335.1,4.875,8910.0,1341.39,9676.49,737.25,0.829,8
8335.1,4.875,8910.0,1346.39,9681.49,737.0,1.0,8
8335.1,4.875,8910.0,1351.39,9686.49,737.625,1.495,8
8335.1,4.875,8910.0,1356.39,9691.49,737.25,0.829,8
8335.1,4.875,8910.0,1361.39,9696.49,738.0,1.323,8
8335.1,4.875,8910.0,1366.39,9701.49,737.125,1.269,8
8335.1,4.875,8910.0,1371.39,9706.49,737.75,1.392,8
8335.1,4.875,8910.0,1376.39,9711.49,737.875,1.691,8
8335.1,4.875,8910.0,1381.39,9716.49,737.125,1.364,8
8335.1,4.875,8910.0,1386.39,9721.49,737.875,1.166,8
8335.1,4.875,8910.0,1391.39,9726.49,737.375,0.696,8
8335.1,4.875,8910.0,1396.39,9731.49,737.625,1.576,8
8335.1,4.875,8910.0,1401.39,9736.49,737.5,1.118,8
8335.1,4.875,8910.0,1406.39,9741.49,736.625,1.317,8
8335.1,4.875,8910.0,1411.39,9746.49,737.75,0.829,8
8335.1,4.875,8910.0,1416.39,9751.49,737.375,1.798,8
8335.1,4.875,8910.0,1421.39,9756.49,737.5,2.179,8
8335.1,4.875,8910.0,1426.39,9761.49,737.875,1.452,8
8335.1,4.875,8910.0,1431.39,9766.49,737.375,1.867,8
8335.1,4.875,8910.0,1436.39,9771.49,737.375,0.857,8
8335.1,4.875,8910.0,1441.39,9776.49,737.375,0.857,8
8335.1,4.875,8910.0,1446.39,9781.49,737.375,0.857,8
8335.1,4.875,8910.0,1451.39,9786.49,737.125,1.364,8
8335.1,4.875,8910.0,1456.39,9791.49,737.375,1.218,8
8335.1,4.875,8910.0,1461.39,9796.49,737.125,0.927,8
8335.1,4.875,8910.0,1466.39,9801.49,736.625,2.395,8
8335.1,4.875,8910.0,1471.39,9806.49,735.5,3.742,8
8335.1,4.875,8910.0,1476.39,9811.49,735.875,3.689,8
8335.1,4.875,8910.0,1481.39,9816.49,736.25,1.92,8
8335.1,4.875,8910.0,1486.39,9821.49,736.75,3.832,8
8335.1,4.875,8910.0,1491.39,9826.49,735.625,4.47,8
8335.1,4.875,8910.0,1496.39,9831.49,736.75,6.685,8
8335.1,4.875,8910.0,1501.39,9836.49,735.5,1.225,8
8335.1,4.875,8910.0,1506.39,9841.49,736.5,3.391,8
8335.1,4.875,8910.0,1511.39,9846.49,735.375,4.846,8
8335.1,4.875,8910.0,1516.39,9851.49,736.125,5.797,8
8335.1,4.875,8910.0,1521.39,9856.49,736.5,5.339,8
8335.1,4.875,8910.0,1526.39,9861.49,735.75,4.815,8
8335.1,4.875,8910.0,1531.39,9866.49,735.5,4.0,8
8335.1,4.875,8910.0,1536.39,9871.49,736.5,4.123,8
8335.1,4.875,8910.0,1541.39,9876.49,736.0,4.583,8
8335.1,4.875,8910.0,1546.39,9881.49,736.125,2.934,8
8335.1,4.875,8910.0,1551.39,9886.49,736.625,3.039,8
8335.1,4.875,8910.0,1556.39,9891.49,737.0,1.118,8
8335.1,4.875,8910.0,1561.39,9896.49,737.5,1.323,8
8335.1,4.875,8910.0,1566.39,9901.49,737.25,1.299,8
8335.1,4.875,8910.0,1571.39,9906.49,736.75,1.479,8
8335.1,4.875,8910.0,1576.39,9911.49,737.375,0.857,8
8335.1,4.875,8910.0,1581.39,9916.49,737.0,1.118,8
8335.1,4.875,8910.0,1586.39,9921.49,737.125,1.053,8
8335.1,4.875,8910.0,1591.39,9926.49,737.0,1.118,8
8335.1,4.875,8910.0,1596.39,9931.49,737.125,0.781,8
8335.1,4.875,8910.0,1601.39,9936.49,736.5,1.225,8
8335.1,4.875,8910.0,1606.39,9941.49,736.25,0.829,8
8335.1,4.875,8910.0,1611.39,9946.49,736.5,0.707,8
8335.1,4.875,8910.0,1616.39,9951.49,736.25,0.661,8
8335.1,4.875,8910.0,1621.39,9956.49,736.375,0.857,8
8335.1,4.875,8910.0,1626.39,9961.49,736.625,0.484,8
8335.1,4.875,8910.0,1631.39,9966.49,736.125,0.781,8
8335.1,4.875,8910.0,1636.39,9971.49,736.5,0.866,8
8335.1,4.875,8910.0,1641.39,9976.49,736.375,0.696,8
8335.1,4.875,8910.0,1646.39,9981.49,736.125,1.269,8
8335.1,4.875,8910.0,1651.39,9986.49,736.75,0.829,8
8335.1,4.875,8910.0,1656.39,9991.49,736.5,0.866,8
8335.1,4.875,8910.0,1661.39,9996.49,736.75,0.433,8
8335.1,4.875,8910.0,1666.39,10001.49,736.5,0.707,8
8335.1,4.875,8910.0,1671.39,10006.49,737.125,0.331,8
8335.1,4.875,8910.0,1676.39,10011.49,737.125,0.781,8
8335.1,4.875,8910.0,1681.39,10016.49,737.125,0.781,8
8335.1,4.875,8910.0,1686.39,10021.49,737.25,0.661,8
8335.1,4.875,8910.0,1691.39,10026.49,737.25,0.661,8
8335.1,4.875,8910.0,1696.39,10031.49,736.875,0.599,8
8335.1,4.875,8910.0,1701.39,10036.49,736.5,0.707,8
8335.1,4.875,8910.0,1706.39,10041.49,736.75,0.829,8
8335.1,4.875,8910.0,1711.39,10046.49,737.125,1.053,8
8335.1,4.875,8910.0,1716.39,10051.49,736.625,0.484,8
8335.1,4.875,8910.0,1721.39,10056.49,736.625,0.484,8
8335.1,4.875,8910.0,1726.39,10061.49,736.625,0.992,8
8335.1,4.875,8910.0,1731.39,10066.49,736.75,0.829,8
8335.1,4.875,8910.0,1736.39,10071.49,736.375,0.857,8
8335.1,4.875,8910.0,1741.39,10076.49,734.625,3.871,8
8335.1,4.875,8910.0,1746.39,10081.49,746.125,3.37,8
8335.1,4.875,8910.0,1751.39,10086.49,761.625,0.484,8
8335.1,4.875,8910.0,1756.39,10091.49,762.0,1.225,8
8335.1,4.875,8910.0,1761.39,10096.49,762.0,2.0,8
8335.1,4.875,8910.0,1766.39,10101.49,762.5,0.707,8
8335.1,4.875,8910.0,1771.39,10106.49,762.25,1.09,8
8335.1,4.875,8910.0,1776.39,10111.49,762.25,0.968,8
8335.1,4.875,8910.0,1781.39,10116.49,762.25,0.829,8
8335.1,4.875,8910.0,1786.39,10121.49,762.375,1.111,8
8335.1,4.875,8910.0,1791.39,10126.49,762.0,1.0,8
8335.1,4.875,8910.0,1796.39,10131.49,762.5,1.0,8
8335.1,4.875,8910.0,1801.39,10136.49,762.75,1.299,8
8335.1,4.875,8910.0,1806.39,10141.49,762.75,1.199,8
8335.1,4.875,8910.0,1811.39,10146.49,762.5,0.866,8
8335.1,4.875,8910.0,1816.39,10151.49,761.875,0.927,8
8335.1,4.875,8910.0,1821.39,10156.49,762.75,0.968,8
8335.1,4.875,8910.0,1826.39,10161.49,762.875,0.927,8
8335.1,4.875,8910.0,1831.39,10166.49,763.0,0.866,8
8335.1,4.875,8910.0,1836.39,10171.49,763.125,1.053,8
8335.1,4.875,8910.0,1841.39,10176.49,763.25,1.199,8
8335.1,4.875,8910.0,1846.39,10181.49,763.375,0.484,8
8335.1,4.875,8910.0,1851.39,10186.49,763.25,0.433,8
8335.1,4.875,8910.0,1856.39,10191.49,763.0,0.866,8
8335.1,4.875,8910.0,1861.39,10196.49,762.625,1.111,8
8335.1,4.875,8910.0,1866.39,10201.49,762.75,0.829,8
8335.1,4.875,8910.0,1871.39,10206.49,762.75,1.299,8
8335.1,4.875,8910.0,1876.39,10211.49,762.375,1.218,8
8335.1,4.875,8910.0,1881.39,10216.49,762.875,0.781,8
8335.1,4.875,8910.0,1886.39,10221.49,762.75,0.968,8
8335.1,4.875,8910.0,1891.39,10226.49,763.25,0.661,8
8335.1,4.875,8910.0,1896.39,10231.49,763.25,0.829,8
8335.1,4.875,8910.0,1901.39,10236.49,762.375,1.495,8
8335.1,4.875,8910.0,1906.39,10241.49,762.625,0.696,8
8335.1,4.875,8910.0,1911.39,10246.49,763.125,0.599,8
8335.1,4.875,8910.0,1916.39,10251.49,762.625,1.317,8
8335.1,4.875,8910.0,1921.39,10256.49,761.625,0.696,8
8335.1,4.875,8910.0,1926.39,10261.49,762.625,0.857,8
8335.1,4.875,8910.0,1931.39,10266.49,762.25,1.199,8
8335.1,4.875,8910.0,1936.39,10271.49,762.0,1.0,8
8335.1,4.875,8910.0,1941.39,10276.49,762.375,0.992,8
8335.1,4.875,8910.0,1946.39,10281.49,762.375,0.696,8
8335.1,4.875,8910.0,1951.39,10286.49,761.875,1.166,8
8335.1,4.875,8910.0,1956.39,10291.49,762.75,0.829,8
8335.1,4.875,8910.0,1961.39,10296.49,762.0,0.866,8
8335.1,4.875,8910.0,1966.39,10301.49,761.875,1.053,8
8335.1,4.875,8910.0,1971.39,10306.49,762.625,0.857,8
8335.1,4.875,8910.0,1976.39,10311.49,762.25,0.829,8
8335.1,4.875,8910.0,1981.39,10316.49,761.75,0.829,8
8335.1,4.875,8910.0,1986.39,10321.49,762.5,0.707,8
8335.1,4.875,8910.0,1991.39,10326.49,762.5,0.866,8
8335.1,4.875,8910.0,1996.39,10331.49,762.625,1.218,8
8335.1,4.875,8910.0,2001.39,10336.49,745.25,3.992,8
8335.1,4.875,8910.0,2006.39,10341.49,735.625,2.176,8
8335.1,4.875,8910.0,2011.39,10346.49,735.125,1.166,8
8335.1,4.875,8910.0,2016.39,10351.49,736.0,1.323,8
8335.1,4.875,8910.0,2021.39,10356.49,736.25,0.968,8
8335.1,4.875,8910.0,2026.39,10361.49,736.5,1.118,8
8335.1,4.875,8910.0,2031.39,10366.49,737.125,0.781,8
8335.1,4.875,8910.0,2036.39,10371.49,736.75,0.968,8
8335.1,4.875,8910.0,2041.39,10376.49,736.75,1.299,8
8335.1,4.875,8910.0,2046.39,10381.49,736.375,1.932,8
8335.1,4.875,8910.0,2051.39,10386.49,736.5,1.323,8
8335.1,4.875,8910.0,2056.39,10391.49,736.75,0.829,8
8335.1,4.875,8910.0,2061.39,10396.49,737.0,1.414,8
8335.1,4.875,8910.0,2066.39,10401.49,736.25,0.661,8
8335.1,4.875,8910.0,2071.39,10406.49,736.625,1.111,8
8335.1,4.875,8910.0,2076.39,10411.49,736.75,1.299,8
8335.1,4.875,8910.0,2081.39,10416.49,737.0,0.707,8
8335.1,4.875,8910.0,2086.39,10421.49,737.0,1.118,8
8335.1,4.875,8910.0,2091.39,10426.49,736.375,0.857,8
8335.1,4.875,8910.0,2096.39,10431.49,736.75,1.299,8
8335.1,4.875,8910.0,2101.39,10436.49,736.125,1.269,8
8335.1,4.875,8910.0,2106.39,10441.49,736.25,0.433,8
8335.1,4.875,8910.0,2111.39,10446.49,736.5,0.866,8
8335.1,4.875,8910.0,2116.39,10451.49,736.5,1.118,8
8335.1,4.875,8910.0,2121.39,10456.49,736.625,0.696,8
8335.1,4.875,8910.0,2126.39,10461.49,736.75,0.829,8
8335.1,4.875,8910.0,2131.39,10466.49,736.75,0.661,8
8335.1,4.875,8910.0,2136.39,10471.49,736.625,1.111,8
8335.1,4.875,8910.0,2141.39,10476.49,736.875,0.927,8
8335.1,4.875,8910.0,2146.39,10481.49,736.875,0.781,8
8335.1,4.875,8910.0,2151.39,10486.49,736.625,0.484,8
8335.1,4.875,8910.0,2156.39,10491.49,736.875,0.599,8
8335.1,4.875,8910.0,2161.39,10496.49,736.75,0.661,8
8335.1,4.875,8910.0,2166.39,10501.49,737.25,1.09,8
8335.1,4.875,8910.0,2171.39,10506.49,736.625,2.288,8
8335.1,4.875,8910.0,2176.39,10511.49,750.0,3.122,8
8335.1,4.875,8910.0,2181.39,10516.49,774.375,3.039,8
8335.1,4.875,8910.0,2186.39,10521.49,782.875,2.147,8
8335.1,4.875,8910.0,2191.39,10526.49,784.625,1.996,8
8335.1,4.875,8910.0,2196.39,10531.49,783.375,1.798,8
8335.1,4.875,8910.0,2201.39,10536.49,784.0,2.236,8
8335.1,4.875,8910.0,2206.39,10541.49,784.75,1.714,8
8335.1,4.875,8910.0,2211.39,10546.49,784.375,2.595,8
8335.1,4.875,8910.0,2216.39,10551.49,784.875,1.053,8
8335.1,4.875,8910.0,2221.39,10556.49,784.625,0.992,8
8335.1,4.875,8910.0,2226.39,10561.49,784.75,0.661,8
8335.1,4.875,8910.0,2231.39,10566.49,784.0,1.414,8
8335.1,4.875,8910.0,2236.39,10571.49,784.0,1.0,8
8335.1,4.875,8910.0,2241.39,10576.49,783.75,1.09,8
8335.1,4.875,8910.0,2246.39,10581.49,784.0,0.5,8
8335.1,4.875,8910.0,2251.39,10586.49,781.75,0.433,8
8335.1,4.875,8910.0,2256.39,10591.49,783.0,1.323,8
8335.1,4.875,8910.0,2261.39,10596.49,783.0,0.707,8
8335.1,4.875,8910.0,2266.39,10601.49,783.75,0.829,8
8335.1,4.875,8910.0,2271.39,10606.49,782.0,1.225,8
8335.1,4.875,8910.0,2276.39,10611.49,781.75,1.09,8
8335.1,4.875,8910.0,2281.39,10616.49,781.5,1.118,8
8335.1,4.875,8910.0,2286.39,10621.49,781.75,1.199,8
8335.1,4.875,8910.0,2291.39,10626.49,781.25,1.09,8
8335.1,4.875,8910.0,2296.39,10631.49,780.625,0.992,8
8335.1,4.875,8910.0,2301.39,10636.49,781.5,1.323,8
8335.1,4.875,8910.0,2306.39,10641.49,780.5,1.0,8
8335.1,4.875,8910.0,2311.39,10646.49,780.25,1.392,8
8335.1,4.875,8910.0,2316.39,10651.49,779.625,0.857,8
8335.1,4.875,8910.0,2321.39,10656.49,779.625,1.111,8
8335.1,4.875,8910.0,2326.39,10661.49,779.5,1.5,8
8335.1,4.875,8910.0,2331.39,10666.49,778.875,0.781,8
8335.1,4.875,8910.0,2336.39,10671.49,778.5,1.0,8
8335.1,4.875,8910.0,2341.39,10676.49,778.625,1.218,8
8335.1,4.875,8910.0,2346.39,10681.49,778.875,0.599,8
8335.1,4.875,8910.0,2351.39,10686.49,778.25,1.199,8
8335.1,4.875,8910.0,2356.39,10691.49,778.125,0.927,8
8335.1,4.875,8910.0,2361.39,10696.49,778.0,1.118,8
8335.1,4.875,8910.0,2366.39,10701.49,777.625,0.992,8
8335.1,4.875,8910.0,2371.39,10706.49,777.0,1.5,8
8335.1,4.875,8910.0,2376.39,10711.49,777.0,1.118,8
8335.1,4.875,8910.0,2381.39,10716.49,776.875,0.599,8
8335.1,4.875,8910.0,2386.39,10721.49,776.125,0.599,8
8335.1,4.875,8910.0,2391.39,10726.49,776.625,0.484,8
8335.1,4.875,8910.0,2396.39,10731.49,776.0,0.866,8
8335.1,4.875,8910.0,2401.39,10736.49,775.75,1.09,8
8335.1,4.875,8910.0,2406.39,10741.49,775.75,1.561,8
8335.1,4.875,8910.0,2411.39,10746.49,776.0,1.0,8
8335.1,4.875,8910.0,2416.39,10751.49,774.875,1.269,8
8335.1,4.875,8910.0,2421.39,10756.49,775.125,0.599,8
8335.1,4.875,8910.0,2426.39,10761.49,775.125,0.781,8
8335.1,4.875,8910.0,2431.39,10766.49,774.5,1.118,8
8335.1,4.875,8910.0,2436.39,10771.49,774.75,0.661,8
8335.1,4.875,8910.0,2441.39,10776.49,774.875,1.166,8
8335.1,4.875,8910.0,2446.39,10781.49,775.0,0.707,8
8335.1,4.875,8910.0,2451.39,10786.49,774.625,0.992,8
8335.1,4.875,8910.0,2456.39,10791.49,774.0,1.225,8
8335.1,4.875,8910.0,2461.39,10796.49,773.5,0.707,8
8335.1,4.875,8910.0,2466.39,10801.49,773.875,1.364,8
8335.1,4.875,8910.0,2471.39,10806.49,772.5,0.866,8
8335.1,4.875,8910.0,2476.39,10811.49,772.125,0.927,8
8335.1,4.875,8910.0,2481.39,10816.49,771.75,0.968,8
8335.1,4.875,8910.0,2486.39,10821.49,772.125,0.599,8
8335.1,4.875,8910.0,2491.39,10826.49,771.375,1.218,8
8335.1,4.875,8910.0,2496.39,10831.49,770.625,1.218,8
8335.1,4.875,8910.0,2501.39,10836.49,770.75,0.829,8
8335.1,4.875,8910.0,2506.39,10841.49,770.0,1.118,8
8335.1,4.875,8910.0,2511.39,10846.49,770.25,1.09,8
8335.1,4.875,8910.0,2516.39,10851.49,770.75,1.392,8
8335.1,4.875,8910.0,2521.39,10856.49,770.5,0.866,8
8335.1,4.875,8910.0,2526.39,10861.49,765.5,6.144,8
8335.1,4.875,8910.0,2531.39,10866.49,737.5,3.64,8
8335.1,4.875,8910.0,2536.39,10871.49,737.0,1.0,8
8335.1,4.875,8910.0,2541.39,10876.49,737.375,0.857,8
8335.1,4.875,8910.0,2546.39,10881.49,737.625,0.484,8
8335.1,4.875,8910.0,2551.39,10886.49,737.625,0.857,8
8335.1,4.875,8910.0,2556.39,10891.49,737.625,0.696,8
8335.1,4.875,8910.0,2561.39,10896.49,737.5,0.866,8
8335.1,4.875,8910.0,2566.39,10901.49,737.625,1.111,8
8335.1,4.875,8910.0,2571.39,10906.49,737.5,0.5,8
8335.1,4.875,8910.0,2576.39,10911.49,737.375,1.111,8
8335.1,4.875,8910.0,2581.39,10916.49,737.875,0.927,8
8335.1,4.875,8910.0,2586.39,10921.49,737.625,1.111,8
8335.1,4.875,8910.0,2591.39,10926.49,737.375,0.992,8
8335.1,4.875,8910.0,2596.39,10931.49,737.125,0.599,8
8335.1,4.875,8910.0,2601.39,10936.49,737.375,0.696,8
8335.1,4.875,8910.0,2606.39,10941.49,737.625,0.696,8
8335.1,4.875,8910.0,2611.39,10946.49,737.375,0.696,8
8335.1,4.875,8910.0,2616.39,10951.49,736.75,0.968,8
8335.1,4.875,8910.0,2621.39,10956.49,736.625,0.857,8
8335.1,4.875,8910.0,2626.39,10961.49,737.25,0.829,8
8335.1,4.875,8910.0,2631.39,10966.49,737.125,0.599,8
8335.1,4.875,8910.0,2636.39,10971.49,736.75,0.661,8
8335.1,4.875,8910.0,2641.39,10976.49,737.25,0.829,8
8335.1,4.875,8910.0,2646.39,10981.49,736.5,0.707,8
8335.1,4.875,8910.0,2651.39,10986.49,736.875,0.781,8
8335.1,4.875,8910.0,2656.39,10991.49,736.75,0.829,8
8335.1,4.875,8910.0,2661.39,10996.49,737.375,0.857,8
8335.1,4.875,8910.0,2666.39,11001.49,736.625,0.857,8
8335.1,4.875,8910.0,2671.39,11006.49,736.875,0.781,8
8335.1,4.875,8910.0,2676.39,11011.49,737.125,0.781,8
8335.1,4.875,8910.0,2681.39,11016.49,737.0,0.707,8
8335.1,4.875,8910.0,2686.39,11021.49,736.75,0.968,8
8335.1,4.875,8910.0,2691.39,11026.49,736.75,0.433,8
8335.1,4.875,8910.0,2696.39,11031.49,736.875,0.927,8
8335.1,4.875,8910.0,2701.39,11036.49,736.75,0.661,8
8335.1,4.875,8910.0,2706.39,11041.49,736.625,0.857,8
8335.1,4.875,8910.0,2711.39,11046.49,736.625,0.696,8
8335.1,4.875,8910.0,2716.39,11051.49,737.25,0.661,8
8335.1,4.875,8910.0,2721.39,11056.49,737.375,0.484,8
8335.1,4.875,8910.0,2726.39,11061.49,737.625,0.992,8
8335.1,4.875,8910.0,2731.39,11066.49,737.0,0.5,8
8335.1,4.875,8910.0,2736.39,11071.49,737.5,0.5,8
8335.1,4.875,8910.0,2741.39,11076.49,735.125,2.891,8
8335.1,4.875,8910.0,2746.39,11081.49,747.25,1.785,8
8335.1,4.875,8910.0,2751.39,11086.49,757.625,0.992,8
8335.1,4.875,8910.0,2756.39,11091.49,757.75,4.023,8
8335.1,4.875,8910.0,2761.39,11096.49,758.125,3.059,8
8335.1,4.875,8910.0,2766.39,11101.49,755.125,2.934,8
8335.1,4.875,8910.0,2771.39,11106.49,754.0,1.0,8
8335.1,4.875,8910.0,2776.39,11111.49,753.25,0.661,8
8335.1,4.875,8910.0,2781.39,11116.49,752.625,0.696,8
8335.1,4.875,8910.0,2786.39,11121.49,752.5,1.118,8
8335.1,4.875,8910.0,2791.39,11126.49,752.25,0.968,8
8335.1,4.875,8910.0,2796.39,11131.49,752.625,0.857,8
8335.1,4.875,8910.0,2801.39,11136.49,753.0,0.707,8
8335.1,4.875,8910.0,2806.39,11141.49,751.75,1.639,8
8335.1,4.875,8910.0,2811.39,11146.49,752.75,0.829,8
8335.1,4.875,8910.0,2816.39,11151.49,752.875,0.781,8
8335.1,4.875,8910.0,2821.39,11156.49,752.625,0.484,8
8335.1,4.875,8910.0,2826.39,11161.49,752.0,0.866,8
8335.1,4.875,8910.0,2831.39,11166.49,752.875,0.599,8
8335.1,4.875,8910.0,2836.39,11171.49,752.375,0.992,8
8335.1,4.875,8910.0,2841.39,11176.49,752.25,0.661,8
8335.1,4.875,8910.0,2846.39,11181.49,752.0,0.5,8
8335.1,4.875,8910.0,2851.39,11186.49,751.875,0.599,8
8335.1,4.875,8910.0,2856.39,11191.49,752.25,0.433,8
8335.1,4.875,8910.0,2861.39,11196.49,751.75,0.661,8
8335.1,4.875,8910.0,2866.39,11201.49,751.875,1.166,8
8335.1,4.875,8910.0,2871.39,11206.49,752.0,0.5,8
8335.1,4.875,8910.0,2876.39,11211.49,751.875,1.364,8
8335.1,4.875,8910.0,2881.39,11216.49,751.625,0.857,8
8335.1,4.875,8910.0,2886.39,11221.49,752.0,0.5,8
8335.1,4.875,8910.0,2891.39,11226.49,752.125,1.166,8
8335.1,4.875,8910.0,2896.39,11231.49,752.0,0.707,8
8335.1,4.875,8910.0,2901.39,11236.49,752.875,0.599,8
8335.1,4.875,8910.0,2906.39,11241.49,751.875,0.599,8
8335.1,4.875,8910.0,2911.39,11246.49,751.875,1.364,8
8335.1,4.875,8910.0,2916.39,11251.49,752.0,1.0,8
8335.1,4.875,8910.0,2921.39,11256.49,751.875,0.927,8
8335.1,4.875,8910.0,2926.39,11261.49,751.875,0.599,8
8335.1,4.875,8910.0,2931.39,11266.49,752.125,0.781,8
8335.1,4.875,8910.0,2936.39,11271.49,751.875,1.053,8
8335.1,4.875,8910.0,2941.39,11276.49,751.625,0.484,8
8335.1,4.875,8910.0,2946.39,11281.49,752.125,1.166,8
8335.1,4.875,8910.0,2951.39,11286.49,752.375,0.696,8
8335.1,4.875,8910.0,2956.39,11291.49,752.125,1.269,8
8335.1,4.875,8910.0,2961.39,11296.49,751.875,0.781,8
8335.1,4.875,8910.0,2966.39,11301.49,751.625,0.696,8
8335.1,4.875,8910.0,2971.39,11306.49,751.5,0.866,8
8335.1,4.875,8910.0,2976.39,11311.49,752.125,0.927,8
8335.1,4.875,8910.0,2981.39,11316.49,751.75,0.661,8
8335.1,4.875,8910.0,2986.39,11321.49,751.75,0.433,8
8335.1,4.875,8910.0,2991.39,11326.49,751.625,0.857,8
8335.1,4.875,8910.0,2996.39,11331.49,751.75,0.661,8
8335.1,4.875,8910.0,3001.39,11336.49,751.375,0.992,8
8335.1,4.875,8910.0,3006.39,11341.49,751.5,0.866,8
8335.1,4.875,8910.0,3011.39,11346.49,752.125,0.781,8
8335.1,4.875,8910.0,3016.39,11351.49,752.125,0.599,8
8335.1,4.875,8910.0,3021.39,11356.49,751.625,0.696,8
8335.1,4.875,8910.0,3026.39,11361.49,751.125,0.781,8
8335.1,4.875,8910.0,3031.39,11366.49,750.625,0.992,8
8335.1,4.875,8910.0,3036.39,11371.49,751.75,0.661,8
8335.1,4.875,8910.0,3041.39,11376.49,751.375,0.857,8
8335.1,4.875,8910.0,3046.39,11381.49,751.25,0.968,8
8335.1,4.875,8910.0,3051.39,11386.49,751.25,0.661,8
8335.1,4.875,8910.0,3056.39,11391.49,752.125,0.599,8
8335.1,4.875,8910.0,3061.39,11396.49,751.375,0.484,8
8335.1,4.875,8910.0,3066.39,11401.49,751.125,1.269,8
8335.1,4.875,8910.0,3071.39,11406.49,750.875,0.927,8
8335.1,4.875,8910.0,3076.39,11411.49,751.125,0.599,8
8335.1,4.875,8910.0,3081.39,11416.49,751.125,0.599,8
8335.1,4.875,8910.0,3086.39,11421.49,750.875,0.331,8
8335.1,4.875,8910.0,3091.39,11426.49,751.125,0.599,8
8335.1,4.875,8910.0,3096.39,11431.49,751.0,0.707,8
8335.1,4.875,8910.0,3101.39,11436.49,751.375,0.484,8
8335.1,4.875,8910.0,3106.39,11441.49,751.0,0.0,8
8335.1,4.875,8910.0,3111.39,11446.49,750.625,0.696,8
8335.1,4.875,8910.0,3116.39,11451.49,751.125,0.781,8
8335.1,4.875,8910.0,3121.39,11456.49,750.625,1.111,8
8335.1,4.875,8910.0,3126.39,11461.49,750.75,1.09,8
8335.1,4.875,8910.0,3131.39,11466.49,751.375,0.484,8
8335.1,4.875,8910.0,3136.39,11471.49,750.75,1.09,8
8335.1,4.875,8910.0,3141.39,11476.49,751.875,0.599,8
8335.1,4.875,8910.0,3146.39,11481.49,742.5,2.55,8
8335.1,4.875,8910.0,3151.39,11486.49,737.125,3.444,8
8335.1,4.875,8910.0,3156.39,11491.49,739.0,1.0,8
8335.1,4.875,8910.0,3161.39,11496.49,739.875,1.166,8
8335.1,4.875,8910.0,3166.39,11501.49,740.75,0.661,8
8335.1,4.875,8910.0,3171.39,11506.49,740.625,0.484,8
8335.1,4.875,8910.0,3176.39,11511.49,740.75,0.829,8
8335.1,4.875,8910.0,3181.39,11516.49,740.625,0.696,8
8335.1,4.875,8910.0,3186.39,11521.49,741.25,0.661,8
8335.1,4.875,8910.0,3191.39,11526.49,740.75,1.199,8
8335.1,4.875,8910.0,3196.39,11531.49,740.625,0.696,8
8335.1,4.875,8910.0,3201.39,11536.49,740.625,0.857,8
8335.1,4.875,8910.0,3206.39,11541.49,740.5,0.5,8
8335.1,4.875,8910.0,3211.39,11546.49,740.875,0.781,8
8335.1,4.875,8910.0,3216.39,11551.49,740.25,0.829,8
8335.1,4.875,8910.0,3221.39,11556.49,740.375,0.857,8
8335.1,4.875,8910.0,3226.39,11561.49,740.5,0.866,8
8335.1,4.875,8910.0,3231.39,11566.49,740.125,1.053,8
8335.1,4.875,8910.0,3236.39,11571.49,740.5,1.118,8
8335.1,4.875,8910.0,3241.39,11576.49,740.5,1.0,8
8335.1,4.875,8910.0,3246.39,11581.49,740.25,0.661,8
8335.1,4.875,8910.0,3251.39,11586.49,740.25,1.09,8
8335.1,4.875,8910.0,3256.39,11591.49,740.75,0.433,8
8335.1,4.875,8910.0,3261.39,11596.49,740.375,0.857,8
8335.1,4.875,8910.0,3266.39,11601.49,740.25,0.433,8
8335.1,4.875,8910.0,3271.39,11606.49,739.75,0.829,8
8335.1,4.875,8910.0,3276.39,11611.49,740.625,0.484,8
8335.1,4.875,8910.0,3281.39,11616.49,740.5,0.707,8
8335.1,4.875,8910.0,3286.39,11621.49,740.625,0.857,8
8335.1,4.875,8910.0,3291.39,11626.49,740.375,0.696,8
8335.1,4.875,8910.0,3296.39,11631.49,741.0,0.866,8
8335.1,4.875,8910.0,3301.39,11636.49,741.5,0.5,8
8335.1,4.875,8910.0,3306.39,11641.49,741.125,1.053,8
8335.1,4.875,8910.0,3311.39,11646.49,741.0,0.866,8
8335.1,4.875,8910.0,3316.39,11651.49,741.375,0.696,8
8335.1,4.875,8910.0,3321.39,11656.49,740.875,1.691,8
8335.1,4.875,8910.0,3326.39,11661.49,741.75,0.433,8
8335.1,4.875,8910.0,3331.39,11666.49,741.125,0.599,8
8335.1,4.875,8910.0,3336.39,11671.49,741.125,0.599,8
8335.1,4.875,8910.0,3341.39,11676.49,740.625,0.696,8
8335.1,4.875,8910.0,3346.39,11681.49,741.125,0.599,8
8335.1,4.875,8910.0,3351.39,11686.49,741.0,1.118,8
8335.1,4.875,8910.0,3356.39,11691.49,741.0,0.5,8
8335.1,4.875,8910.0,3361.39,11696.49,741.5,0.5,8
8335.1,4.875,8910.0,3366.39,11701.49,740.125,2.934,8
8335.1,4.875,8910.0,3371.39,11706.49,737.125,3.444,8
8335.1,4.875,8910.0,3376.39,11711.49,739.875,3.516,8
8335.1,4.875,8910.0,3381.39,11716.49,739.375,1.576,8
8335.1,4.875,8910.0,3386.39,11721.49,738.375,1.867,8
8335.1,4.875,8910.0,3391.39,11726.49,738.75,1.984,8
8335.1,4.875,8910.0,3396.39,11731.49,737.875,3.756,8
8335.1,4.875,8910.0,3401.39,11736.49,736.875,2.522,8
8335.1,4.875,8910.0,3406.39,11741.49,739.25,1.299,8
8335.1,4.875,8910.0,3411.39,11746.49,740.125,0.781,8
8335.1,4.875,8910.0,3416.39,11751.49,740.875,0.599,8
8335.1,4.875,8910.0,3421.39,11756.49,741.25,0.433,8
8335.1,4.875,8910.0,3426.39,11761.49,741.125,1.166,8
8335.1,4.875,8910.0,3431.39,11766.49,741.25,1.09,8
8335.1,4.875,8910.0,3436.39,11771.49,741.375,0.992,8
8335.1,4.875,8910.0,3441.39,11776.49,741.0,1.0,8
8335.1,4.875,8910.0,3446.39,11781.49,741.25,1.09,8
8335.1,4.875,8910.0,3451.39,11786.49,740.625,0.696,8
8335.1,4.875,8910.0,3456.39,11791.49,740.875,0.781,8
8335.1,4.875,8910.0,3461.39,11796.49,741.25,0.829,8
8335.1,4.875,8910.0,3466.39,11801.49,741.125,1.053,8
8335.1,4.875,8910.0,3471.39,11806.49,741.0,0.707,8
8335.1,4.875,8910.0,3476.39,11811.49,740.625,0.696,8
8335.1,4.875,8910.0,3481.39,11816.49,741.375,0.696,8
8335.1,4.875,8910.0,3486.39,11821.49,741.5,0.5,8
8335.1,4.875,8910.0,3491.39,11826.49,741.625,0.857,8
8335.1,4.875,8910.0,3496.39,11831.49,740.875,0.599,8
8335.1,4.875,8910.0,3501.39,11836.49,741.5,0.866,8
8335.1,4.875,8910.0,3506.39,11841.49,741.125,0.781,8
8335.1,4.875,8910.0,3511.39,11846.49,741.25,0.433,8
8335.1,4.875,8910.0,3516.39,11851.49,741.0,0.5,8
8335.1,4.875,8910.0,3521.39,11856.49,741.875,0.781,8
8335.1,4.875,8910.0,3526.39,11861.49,741.125,0.927,8
8335.1,4.875,8910.0,3531.39,11866.49,741.0,0.5,8
8335.1,4.875,8910.0,3536.39,11871.49,741.375,0.484,8
8335.1,4.875,8910.0,3541.39,11876.49,741.625,0.857,8
8335.1,4.875,8910.0,3546.39,11881.49,741.25,0.661,8
8335.1,4.875,8910.0,3551.39,11886.49,740.875,0.599,8
8335.1,4.875,8910.0,3556.39,11891.49,740.75,0.829,8
8335.1,4.875,8910.0,3561.39,11896.49,741.25,0.661,8
8335.1,4.875,8910.0,3566.39,11901.49,741.25,0.661,8
8335.1,4.875,8910.0,3571.39,11906.49,741.5,0.866,8
8335.1,4.875,8910.0,3576.39,11911.49,740.875,1.269,8
8335.1,4.875,8910.0,3581.39,11916.49,741.0,1.225,8
8335.1,4.875,8910.0,3586.39,11921.49,741.125,1.053,8
8335.1,4.875,8910.0,3591.39,11926.49,740.75,0.661,8
8335.1,4.875,8910.0,3596.39,11931.49,740.875,0.781,8
8335.1,4.875,8910.0,3601.39,11936.49,740.875,0.599,8
8335.1,4.875,8910.0,3606.39,11941.49,740.5,0.866,8
8335.1,4.875,8910.0,3611.39,11946.49,740.375,0.992,8
8335.1,4.875,8910.0,3616.39,11951.49,740.625,0.696,8
8335.1,4.875,8910.0,3621.39,11956.49,740.625,0.857,8
8335.1,4.875,8910.0,3626.39,11961.49,740.375,0.696,8
8335.1,4.875,8910.0,3631.39,11966.49,740.25,0.829,8
8335.1,4.875,8910.0,3636.39,11971.49,740.125,0.781,8
8335.1,4.875,8910.0,3641.39,11976.49,740.5,1.225,8
8335.1,4.875,8910.0,3646.39,11981.49,740.375,0.696,8
8335.1,4.875,8910.0,3651.39,11986.49,740.375,0.992,8
8335.1,4.875,8910.0,3656.39,11991.49,740.375,0.484,8
8335.1,4.875,8910.0,3661.39,11996.49,740.5,1.0,8
8335.1,4.875,8910.0,3666.39,12001.49,740.0,0.707,8
8335.1,4.875,8910.0,3671.39,12006.49,740.25,0.968,8
8335.1,4.875,8910.0,3676.39,12011.49,740.125,0.331,8
8335.1,4.875,8910.0,3681.39,12016.49,740.25,0.661,8
8335.1,4.875,8910.0,3686.39,12021.49,740.125,0.781,8
8335.1,4.875,8910.0,3691.39,12026.49,740.5,0.866,8
8335.1,4.875,8910.0,3696.39,12031.49,740.25,0.661,8
8335.1,4.875,8910.0,3701.39,12036.49,739.875,0.781,8
8335.1,4.875,8910.0,3706.39,12041.49,739.875,0.599,8
8335.1,4.875,8910.0,3711.39,12046.49,736.0,4.95,8
8335.1,4.875,8910.0,3716.39,12051.49,754.75,6.036,8
8335.1,4.875,8910.0,3721.39,12056.49,768.0,0.866,8
8335.1,4.875,8910.0,3726.39,12061.49,768.5,0.866,8
8335.1,4.875,8910.0,3731.39,12066.49,768.875,1.053,8
8335.1,4.875,8910.0,3736.39,12071.49,769.0,1.0,8
8335.1,4.875,8910.0,3741.39,12076.49,769.25,0.661,8
8335.1,4.875,8910.0,3746.39,12081.49,769.375,1.317,8
8335.1,4.875,8910.0,3751.39,12086.49,769.625,1.111,8
8335.1,4.875,8910.0,3756.39,12091.49,769.625,1.111,8
8335.1,4.875,8910.0,3761.39,12096.49,769.625,1.111,8
8335.1,4.875,8910.0,3766.39,12101.49,769.75,0.829,8
8335.1,4.875,8910.0,3771.39,12106.49,770.125,1.166,8
8335.1,4.875,8910.0,3776.39,12111.49,769.875,0.927,8
8335.1,4.875,8910.0,3781.39,12116.49,770.0,0.707,8
8335.1,4.875,8910.0,3786.39,12121.49,770.875,0.927,8
8335.1,4.875,8910.0,3791.39,12126.49,769.875,0.599,8
8335.1,4.875,8910.0,3796.39,12131.49,770.0,1.0,8
8335.1,4.875,8910.0,3801.39,12136.49,770.5,1.118,8
8335.1,4.875,8910.0,3806.39,12141.49,771.0,0.866,8
8335.1,4.875,8910.0,3811.39,12146.49,770.125,0.599,8
8335.1,4.875,8910.0,3816.39,12151.49,769.5,1.414,8
8335.1,4.875,8910.0,3821.39,12156.49,770.0,0.5,8
8335.1,4.875,8910.0,3826.39,12161.49,770.125,0.781,8
8335.1,4.875,8910.0,3831.39,12166.49,769.625,1.111,8
8335.1,4.875,8910.0,3836.39,12171.49,770.125,1.053,8
8335.1,4.875,8910.0,3841.39,12176.49,769.875,0.599,8
8335.1,4.875,8910.0,3846.39,12181.49,770.125,0.781,8
8335.1,4.875,8910.0,3851.39,12186.49,769.75,0.661,8
8335.1,4.875,8910.0,3856.39,12191.49,770.25,0.661,8
8335.1,4.875,8910.0,3861.39,12196.49,769.375,0.484,8
8335.1,4.875,8910.0,3866.39,12201.49,770.375,0.857,8
8335.1,4.875,8910.0,3871.39,12206.49,770.125,1.364,8
8335.1,4.875,8910.0,3876.39,12211.49,770.375,0.696,8
8335.1,4.875,8910.0,3881.39,12216.49,769.75,0.433,8
8335.1,4.875,8910.0,3886.39,12221.49,769.75,0.661,8
8335.1,4.875,8910.0,3891.39,12226.49,770.0,1.0,8
8335.1,4.875,8910.0,3896.39,12231.49,769.375,0.857,8
8335.1,4.875,8910.0,3901.39,12236.49,768.5,0.866,8
8335.1,4.875,8910.0,3906.39,12241.49,768.75,0.433,8
8335.1,4.875,8910.0,3911.39,12246.49,767.875,0.599,8
8335.1,4.875,8910.0,3916.39,12251.49,768.5,1.118,8
8335.1,4.875,8910.0,3921.39,12256.49,767.375,0.484,8
8335.1,4.875,8910.0,3926.39,12261.49,767.75,0.661,8
8335.1,4.875,8910.0,3931.39,12266.49,767.25,0.829,8
8335.1,4.875,8910.0,3936.39,12271.49,767.5,0.866,8
8335.1,4.875,8910.0,3941.39,12276.49,767.75,0.829,8
8335.1,4.875,8910.0,3946.39,12281.49,767.125,0.781,8
8335.1,4.875,8910.0,3951.39,12286.49,767.125,0.927,8
8335.1,4.875,8910.0,3956.39,12291.49,767.0,1.0,8
8335.1,4.875,8910.0,3961.39,12296.49,766.875,0.781,8
8335.1,4.875,8910.0,3966.39,12301.49,767.375,0.484,8
8335.1,4.875,8910.0,3971.39,12306.49,766.75,0.829,8
8335.1,4.875,8910.0,3976.39,12311.49,763.0,4.796,8
8335.1,4.875,8910.0,3981.39,12316.49,746.5,2.784,8
8335.1,4.875,8910.0,3986.39,12321.49,741.5,3.162,8
8335.1,4.875,8910.0,3991.39,12326.49,741.625,2.342,8
8335.1,4.875,8910.0,3996.39,12331.49,741.5,2.958,8
8335.1,4.875,8910.0,4001.39,12336.49,740.375,2.497,8
8335.1,4.875,8910.0,4006.39,12341.49,735.875,1.9,8
8335.1,4.875,8910.0,4011.39,12346.49,738.75,1.199,8
8335.1,4.875,8910.0,4016.39,12351.49,739.75,0.661,8
8335.1,4.875,8910.0,4021.39,12356.49,740.75,0.433,8
8335.1,4.875,8910.0,4026.39,12361.49,740.125,0.781,8
8335.1,4.875,8910.0,4031.39,12366.49,740.0,0.5,8
8335.1,4.875,8910.0,4036.39,12371.49,739.75,1.09,8
8335.1,4.875,8910.0,4041.39,12376.49,740.5,0.707,8
8335.1,4.875,8910.0,4046.39,12381.49,740.625,0.696,8
8335.1,4.875,8910.0,4051.39,12386.49,740.375,0.696,8
8335.1,4.875,8910.0,4056.39,12391.49,740.625,0.857,8
8335.1,4.875,8910.0,4061.39,12396.49,740.375,0.696,8
8335.1,4.875,8910.0,4066.39,12401.49,740.375,0.696,8
8335.1,4.875,8910.0,4071.39,12406.49,740.5,0.5,8
8335.1,4.875,8910.0,4076.39,12411.49,740.5,0.5,8
8335.1,4.875,8910.0,4081.39,12416.49,740.25,0.829,8
8335.1,4.875,8910.0,4086.39,12421.49,740.625,0.484,8
8335.1,4.875,8910.0,4091.39,12426.49,740.25,0.433,8
8335.1,4.875,8910.0,4096.39,12431.49,740.5,0.5,8
8335.1,4.875,8910.0,4101.39,12436.49,740.5,1.0,8
8335.1,4.875,8910.0,4106.39,12441.49,740.875,0.781,8
8335.1,4.875,8910.0,4111.39,12446.49,740.25,0.433,8
8335.1,4.875,8910.0,4116.39,12451.49,740.25,0.661,8
8335.1,4.875,8910.0,4121.39,12456.49,740.5,0.866,8
8335.1,4.875,8910.0,4126.39,12461.49,740.25,0.829,8
8335.1,4.875,8910.0,4131.39,12466.49,739.75,0.661,8
8335.1,4.875,8910.0,4136.39,12471.49,740.625,0.857,8
8335.1,4.875,8910.0,4141.39,12476.49,740.5,0.5,8
8335.1,4.875,8910.0,4146.39,12481.49,740.625,0.484,8
8335.1,4.875,8910.0,4151.39,12486.49,740.25,0.433,8
8335.1,4.875,8910.0,4156.39,12491.49,740.375,0.484,8
8335.1,4.875,8910.0,4161.39,12496.49,740.5,0.5,8
8335.1,4.875,8910.0,4166.39,12501.49,741.0,0.866,8
8335.1,4.875,8910.0,4171.39,12506.49,740.25,0.829,8
8335.1,4.875,8910.0,4176.39,12511.49,737.0,1.871,8
8335.1,4.875,8910.0,4181.39,12516.49,743.125,1.833,8
8335.1,4.875,8910.0,4186.39,12521.49,748.375,1.317,8
8335.1,4.875,8910.0,4191.39,12526.49,752.625,1.218,8
8335.1,4.875,8910.0,4196.39,12531.49,754.875,0.331,8
8335.1,4.875,8910.0,4201.39,12536.49,756.0,1.323,8
8335.1,4.875,8910.0,4206.39,12541.49,756.75,1.09,8
8335.1,4.875,8910.0,4211.39,12546.49,756.75,0.661,8
8335.1,4.875,8910.0,4216.39,12551.49,757.125,0.927,8
8335.1,4.875,8910.0,4221.39,12556.49,756.875,0.599,8
8335.1,4.875,8910.0,4226.39,12561.49,757.0,0.707,8
8335.1,4.875,8910.0,4231.39,12566.49,756.875,0.331,8
8335.1,4.875,8910.0,4236.39,12571.49,757.375,0.484,8
8335.1,4.875,8910.0,4241.39,12576.49,756.75,0.829,8
8335.1,4.875,8910.0,4246.39,12581.49,757.375,0.696,8
8335.1,4.875,8910.0,4251.39,12586.49,757.125,1.053,8
8335.1,4.875,8910.0,4256.39,12591.49,756.875,0.599,8
8335.1,4.875,8910.0,4261.39,12596.49,756.5,1.0,8
8335.1,4.875,8910.0,4266.39,12601.49,756.625,0.992,8
8335.1,4.875,8910.0,4271.39,12606.49,757.0,0.707,8
8335.1,4.875,8910.0,4276.39,12611.49,756.375,1.409,8
8335.1,4.875,8910.0,4281.39,12616.49,756.875,1.053,8
8335.1,4.875,8910.0,4286.39,12621.49,756.75,0.661,8
8335.1,4.875,8910.0,4291.39,12626.49,757.0,1.225,8
8335.1,4.875,8910.0,4296.39,12631.49,756.625,0.484,8
8335.1,4.875,8910.0,4301.39,12636.49,756.625,0.484,8
8335.1,4.875,8910.0,4306.39,12641.49,756.375,0.857,8
8335.1,4.875,8910.0,4311.39,12646.49,756.375,0.696,8
8335.1,4.875,8910.0,4316.39,12651.49,756.0,0.5,8
8335.1,4.875,8910.0,4321.39,12656.49,756.125,0.331,8
8335.1,4.875,8910.0,4326.39,12661.49,755.5,0.866,8
8335.1,4.875,8910.0,4331.39,12666.49,756.125,0.599,8
8335.1,4.875,8910.0,4336.39,12671.49,755.75,0.661,8
8335.1,4.875,8910.0,4341.39,12676.49,755.875,0.599,8
8335.1,4.875,8910.0,4346.39,12681.49,755.625,0.696,8
8335.1,4.875,8910.0,4351.39,12686.49,755.625,0.696,8
8335.1,4.875,8910.0,4356.39,12691.49,756.0,1.0,8
8335.1,4.875,8910.0,4361.39,12696.49,755.625,0.484,8
8335.1,4.875,8910.0,4366.39,12701.49,756.0,0.5,8
8335.1,4.875,8910.0,4371.39,12706.49,755.25,0.661,8
8335.1,4.875,8910.0,4376.39,12711.49,755.625,0.484,8
8335.1,4.875,8910.0,4381.39,12716.49,755.375,0.696,8
8335.1,4.875,8910.0,4386.39,12721.49,755.5,0.866,8
8335.1,4.875,8910.0,4391.39,12726.49,755.625,0.484,8
8335.1,4.875,8910.0,4396.39,12731.49,755.375,0.484,8
8335.1,4.875,8910.0,4401.39,12736.49,755.875,0.331,8
8335.1,4.875,8910.0,4406.39,12741.49,755.25,0.829,8
8335.1,4.875,8910.0,4411.39,12746.49,755.625,0.696,8
8335.1,4.875,8910.0,4416.39,12751.49,755.75,0.968,8
8335.1,4.875,8910.0,4421.39,12756.49,748.875,2.891,8
8335.1,4.875,8910.0,4426.39,12761.49,745.375,3.533,8
8335.1,4.875,8910.0,4431.39,12766.49,746.75,4.294,8
8335.1,4.875,8910.0,4436.39,12771.49,744.375,2.955,8
8335.1,4.875,8910.0,4441.39,12776.49,745.0,2.062,8
8335.1,4.875,8910.0,4446.39,12781.49,746.0,4.031,8
8335.1,4.875,8910.0,4451.39,12786.49,746.375,3.389,8
8335.1,4.875,8910.0,4456.39,12791.49,746.25,4.409,8
8335.1,4.875,8910.0,4461.39,12796.49,746.875,2.619,8
8335.1,4.875,8910.0,4466.39,12801.49,745.75,1.714,8
8335.1,4.875,8910.0,4471.39,12806.49,746.0,3.082,8
8335.1,4.875,8910.0,4476.39,12811.49,746.625,3.389,8
8335.1,4.875,8910.0,4481.39,12816.49,746.875,3.219,8
8335.1,4.875,8910.0,4486.39,12821.49,747.125,2.571,8
8335.1,4.875,8910.0,4491.39,12826.49,746.875,1.763,8
8335.1,4.875,8910.0,4496.39,12831.49,747.375,2.497,8
8335.1,4.875,8910.0,4501.39,12836.49,746.75,3.307,8
8335.1,4.875,8910.0,4506.39,12841.49,746.625,3.498,8
8335.1,4.875,8910.0,4511.39,12846.49,746.125,2.472,8
8335.1,4.875,8910.0,4516.39,12851.49,747.0,2.179,8
8335.1,4.875,8910.0,4521.39,12856.49,746.75,1.299,8
8335.1,4.875,8910.0,4526.39,12861.49,747.375,2.395,8
8335.1,4.875,8910.0,4531.39,12866.49,745.875,2.891,8
8335.1,4.875,8910.0,4536.39,12871.49,747.875,3.407,8
8335.1,4.875,8910.0,4541.39,12876.49,745.75,2.681,8
8335.1,4.875,8910.0,4546.39,12881.49,746.0,4.153,8
8335.1,4.875,8910.0,4551.39,12886.49,748.375,2.288,8
8335.1,4.875,8910.0,4556.39,12891.49,746.875,3.655,8
8335.1,4.875,8910.0,4561.39,12896.49,747.5,3.428,8
8335.1,4.875,8910.0,4566.39,12901.49,744.875,1.269,8
8335.1,4.875,8910.0,4571.39,12906.49,749.875,2.027,8
8335.1,4.875,8910.0,4576.39,12911.49,755.75,0.968,8
8335.1,4.875,8910.0,4581.39,12916.49,756.125,0.599,8
8335.1,4.875,8910.0,4586.39,12921.49,755.875,1.053,8
8335.1,4.875,8910.0,4591.39,12926.49,756.25,0.968,8
8335.1,4.875,8910.0,4596.39,12931.49,756.0,0.5,8
8335.1,4.875,8910.0,4601.39,12936.49,756.375,0.484,8
8335.1,4.875,8910.0,4606.39,12941.49,756.0,0.707,8
8335.1,4.875,8910.0,4611.39,12946.49,756.0,0.707,8
8335.1,4.875,8910.0,4616.39,12951.49,755.5,0.5,8
8335.1,4.875,8910.0,4621.39,12956.49,755.5,0.866,8
8335.1,4.875,8910.0,4626.39,12961.49,756.125,0.781,8
8335.1,4.875,8910.0,4631.39,12966.49,755.75,0.968,8
8335.1,4.875,8910.0,4636.39,12971.49,755.875,0.599,8
8335.1,4.875,8910.0,4641.39,12976.49,755.625,0.696,8
8335.1,4.875,8910.0,4646.39,12981.49,755.625,0.484,8
8335.1,4.875,8910.0,4651.39,12986.49,755.75,0.661,8
8335.1,4.875,8910.0,4656.39,12991.49,755.875,0.599,8
8335.1,4.875,8910.0,4661.39,12996.49,755.375,0.484,8
8335.1,4.875,8910.0,4666.39,13001.49,755.625,0.696,8
8335.1,4.875,8910.0,4671.39,13006.49,755.5,1.0,8
8335.1,4.875,8910.0,4676.39,13011.49,755.625,0.696,8
8335.1,4.875,8910.0,4681.39,13016.49,755.25,0.661,8
8335.1,4.875,8910.0,4686.39,13021.49,755.25,0.433,8
8335.1,4.875,8910.0,4691.39,13026.49,755.5,0.866,8
8335.1,4.875,8910.0,4696.39,13031.49,755.5,0.707,8
8335.1,4.875,8910.0,4701.39,13036.49,755.125,0.599,8
8335.1,4.875,8910.0,4706.39,13041.49,754.5,1.0,8
8335.1,4.875,8910.0,4711.39,13046.49,755.125,1.053,8
8335.1,4.875,8910.0,4716.39,13051.49,755.0,0.707,8
8335.1,4.875,8910.0,4721.39,13056.49,754.75,0.968,8
8335.1,4.875,8910.0,4726.39,13061.49,754.5,0.5,8
8335.1,4.875,8910.0,4731.39,13066.49,754.375,0.484,8
8335.1,4.875,8910.0,4736.39,13071.49,754.25,0.661,8
8335.1,4.875,8910.0,4741.39,13076.49,754.375,0.696,8
8335.1,4.875,8910.0,4746.39,13081.49,754.25,0.661,8
8335.1,4.875,8910.0,4751.39,13086.49,754.375,1.317,8
8335.1,4.875,8910.0,4756.39,13091.49,754.375,0.696,8
8335.1,4.875,8910.0,4761.39,13096.49,753.75,1.299,8
8335.1,4.875,8910.0,4766.39,13101.49,754.25,0.661,8
8335.1,4.875,8910.0,4771.39,13106.49,754.375,1.409,8
8335.1,4.875,8910.0,4776.39,13111.49,754.25,0.661,8
8335.1,4.875,8910.0,4781.39,13116.49,754.0,0.866,8
8335.1,4.875,8910.0,4786.39,13121.49,754.0,1.0,8
8335.1,4.875,8910.0,4791.39,13126.49,754.0,0.5,8
8335.1,4.875,8910.0,4796.39,13131.49,754.375,0.696,8
8335.1,4.875,8910.0,4801.39,13136.49,753.75,0.661,8
8335.1,4.875,8910.0,4806.39,13141.49,754.0,0.707,8
8335.1,4.875,8910.0,4811.39,13146.49,753.875,0.599,8
8335.1,4.875,8910.0,4816.39,13151.49,753.875,1.053,8
8335.1,4.875,8910.0,4821.39,13156.49,754.25,0.661,8
8335.1,4.875,8910.0,4826.39,13161.49,753.375,0.696,8
8335.1,4.875,8910.0,4831.39,13166.49,754.0,0.707,8
8335.1,4.875,8910.0,4836.39,13171.49,753.75,0.661,8
8335.1,4.875,8910.0,4841.39,13176.49,753.625,0.992,8
8335.1,4.875,8910.0,4846.39,13181.49,753.5,0.5,8
8335.1,4.875,8910.0,4851.39,13186.49,753.375,0.484,8
8335.1,4.875,8910.0,4856.39,13191.49,753.625,0.696,8
8335.1,4.875,8910.0,4861.39,13196.49,753.5,0.5,8
8335.1,4.875,8910.0,4866.39,13201.49,753.0,0.707,8
8335.1,4.875,8910.0,4871.39,13206.49,753.5,1.0,8
8335.1,4.875,8910.0,4876.39,13211.49,753.75,0.433,8
8335.1,4.875,8910.0,4881.39,13216.49,753.5,0.707,8
8335.1,4.875,8910.0,4886.39,13221.49,753.0,0.707,8
8335.1,4.875,8910.0,4891.39,13226.49,753.625,0.484,8
8335.1,4.875,8910.0,4896.39,13231.49,754.75,0.829,8
8335.1,4.875,8910.0,4901.39,13236.49,754.125,0.927,8
8335.1,4.875,8910.0,4906.39,13241.49,755.125,0.781,8
8335.1,4.875,8910.0,4911.39,13246.49,745.875,2.891,8
8335.1,4.875,8910.0,4916.39,13251.49,738.125,3.059,8
8335.1,4.875,8910.0,4921.39,13256.49,737.875,4.136,8
8335.1,4.875,8910.0,4926.39,13261.49,737.375,2.342,8
8335.1,4.875,8910.0,4931.39,13266.49,737.625,2.118,8
8335.1,4.875,8910.0,4936.39,13271.49,736.75,1.561,8
8335.1,4.875,8910.0,4941.39,13276.49,737.125,3.257,8
8335.1,4.875,8910.0,4946.39,13281.49,736.875,3.18,8
8335.1,4.875,8910.0,4951.39,13286.49,737.875,4.166,8
8335.1,4.875,8910.0,4956.39,13291.49,737.625,2.781,8
8335.1,4.875,8910.0,4961.39,13296.49,741.25,2.586,8
8335.1,4.875,8910.0,4966.39,13301.49,744.0,0.707,8
8335.1,4.875,8910.0,4971.39,13306.49,744.125,0.781,8
8335.1,4.875,8910.0,4976.39,13311.49,744.125,1.269,8
8335.1,4.875,8910.0,4981.39,13316.49,744.0,0.707,8
8335.1,4.875,8910.0,4986.39,13321.49,744.125,0.599,8
8335.1,4.875,8910.0,4991.39,13326.49,744.125,0.781,8
8335.1,4.875,8910.0,4996.39,13331.49,744.25,0.433,8
8335.1,4.875,8910.0,5001.39,13336.49,744.125,1.166,8
8335.1,4.875,8910.0,5006.39,13341.49,743.875,0.927,8
8335.1,4.875,8910.0,5011.39,13346.49,743.875,1.053,8
8335.1,4.875,8910.0,5016.39,13351.49,744.25,0.661,8
8335.1,4.875,8910.0,5021.39,13356.49,744.5,1.0,8
8335.1,4.875,8910.0,5026.39,13361.49,743.875,0.599,8
8335.1,4.875,8910.0,5031.39,13366.49,744.5,0.866,8
8335.1,4.875,8910.0,5036.39,13371.49,743.625,0.696,8
8335.1,4.875,8910.0,5041.39,13376.49,744.0,0.866,8
8335.1,4.875,8910.0,5046.39,13381.49,744.25,0.433,8
8335.1,4.875,8910.0,5051.39,13386.49,743.875,0.781,8
8335.1,4.875,8910.0,5056.39,13391.49,743.875,0.781,8
8335.1,4.875,8910.0,5061.39,13396.49,744.0,0.5,8
8335.1,4.875,8910.0,5066.39,13401.49,743.875,0.331,8
8335.1,4.875,8910.0,5071.39,13406.49,743.625,0.857,8
8335.1,4.875,8910.0,5076.39,13411.49,743.5,0.707,8
8335.1,4.875,8910.0,5081.39,13416.49,744.0,0.5,8
8335.1,4.875,8910.0,5086.39,13421.49,744.5,0.707,8
8335.1,4.875,8910.0,5091.39,13426.49,744.0,0.707,8
8335.1,4.875,8910.0,5096.39,13431.49,744.0,0.707,8
8335.1,4.875,8910.0,5101.39,13436.49,744.0,1.0,8
8335.1,4.875,8910.0,5106.39,13441.49,744.125,0.599,8
8335.1,4.875,8910.0,5111.39,13446.49,743.75,0.661,8
8335.1,4.875,8910.0,5116.39,13451.49,743.5,0.5,8
8335.1,4.875,8910.0,5121.39,13456.49,744.25,0.968,8
8335.1,4.875,8910.0,5126.39,13461.49,743.875,0.781,8
8335.1,4.875,8910.0,5131.39,13466.49,744.375,0.696,8
8335.1,4.875,8910.0,5136.39,13471.49,744.25,0.661,8
8335.1,4.875,8910.0,5141.39,13476.49,744.0,0.5,8
8335.1,4.875,8910.0,5146.39,13481.49,744.125,0.599,8
8335.1,4.875,8910.0,5151.39,13486.49,744.375,0.696,8
8335.1,4.875,8910.0,5156.39,13491.49,744.5,1.118,8
8335.1,4.875,8910.0,5161.39,13496.49,744.5,1.0,8
8335.1,4.875,8910.0,5166.39,13501.49,744.25,0.829,8
8335.1,4.875,8910.0,5171.39,13506.49,744.25,0.661,8
8335.1,4.875,8910.0,5176.39,13511.49,744.25,0.433,8
8335.1,4.875,8910.0,5181.39,13516.49,744.0,0.866,8
8335.1,4.875,8910.0,5186.39,13521.49,744.5,0.866,8
8335.1,4.875,8910.0,5191.39,13526.49,744.625,0.484,8
8335.1,4.875,8910.0,5196.39,13531.49,744.5,1.323,8
8335.1,4.875,8910.0,5201.39,13536.49,744.625,0.484,8
8335.1,4.875,8910.0,5206.39,13541.49,744.625,0.696,8
8335.1,4.875,8910.0,5211.39,13546.49,744.5,0.5,8
8335.1,4.875,8910.0,5216.39,13551.49,744.125,0.331,8
8335.1,4.875,8910.0,5221.39,13556.49,744.75,0.661,8
8335.1,4.875,8910.0,5226.39,13561.49,744.125,0.599,8
8335.1,4.875,8910.0,5231.39,13566.49,744.25,0.661,8
8335.1,4.875,8910.0,5236.39,13571.49,744.5,0.5,8
8335.1,4.875,8910.0,5241.39,13576.49,744.375,0.857,8
8335.1,4.875,8910.0,5246.39,13581.49,744.625,0.696,8
8335.1,4.875,8910.0,5251.39,13586.49,744.125,0.599,8
8335.1,4.875,8910.0,5256.39,13591.49,744.625,0.484,8
8335.1,4.875,8910.0,5261.39,13596.49,744.25,0.661,8
8335.1,4.875,8910.0,5266.39,13601.49,744.375,0.484,8
8335.1,4.875,8910.0,5271.39,13606.49,744.0,0.866,8
8335.1,4.875,8910.0,5276.39,13611.49,744.5,0.866,8
8335.1,4.875,8910.0,5281.39,13616.49,744.125,0.331,8
8335.1,4.875,8910.0,5286.39,13621.49,744.25,0.661,8
8335.1,4.875,8910.0,5291.39,13626.49,744.375,0.696,8
8335.1,4.875,8910.0,5296.39,13631.49,744.125,0.781,8
8335.1,4.875,8910.0,5301.39,13636.49,743.875,0.599,8
8335.1,4.875,8910.0,5306.39,13641.49,744.0,1.118,8
8335.1,4.875,8910.0,5311.39,13646.49,744.125,0.781,8
8335.1,4.875,8910.0,5316.39,13651.49,744.625,0.484,8
8335.1,4.875,8910.0,5321.39,13656.49,744.75,0.829,8
8335.1,4.875,8910.0,5326.39,13661.49,744.0,0.707,8
8335.1,4.875,8910.0,5331.39,13666.49,744.125,1.053,8
8335.1,4.875,8910.0,5336.39,13671.49,744.125,1.166,8
8335.1,4.875,8910.0,5341.39,13676.49,744.5,0.707,8
8335.1,4.875,8910.0,5346.39,13681.49,744.125,1.364,8
8335.1,4.875,8910.0,5351.39,13686.49,744.125,0.781,8
8335.1,4.875,8910.0,5356.39,13691.49,743.625,0.484,8
8335.1,4.875,8910.0,5361.39,13696.49,744.5,0.5,8
8335.1,4.875,8910.0,5366.39,13701.49,744.375,0.696,8
8335.1,4.875,8910.0,5371.39,13706.49,744.125,0.599,8
8335.1,4.875,8910.0,5376.39,13711.49,744.25,0.661,8
8335.1,4.875,8910.0,5381.39,13716.49,744.75,0.968,8
8335.1,4.875,8910.0,5386.39,13721.49,744.625,0.484,8
8335.1,4.875,8910.0,5391.39,13726.49,745.0,0.866,8
8335.1,4.875,8910.0,5396.39,13731.49,744.75,0.433,8
8335.1,4.875,8910.0,5401.39,13736.49,744.375,0.484,8
8335.1,4.875,8910.0,5406.39,13741.49,744.375,0.484,8
8335.1,4.875,8910.0,5411.39,13746.49,744.5,0.866,8
8335.1,4.875,8910.0,5416.39,13751.49,744.625,0.696,8
8335.1,4.875,8910.0,5421.39,13756.49,745.0,0.707,8
8335.1,4.875,8910.0,5426.39,13761.49,744.625,0.857,8
8335.1,4.875,8910.0,5431.39,13766.49,745.0,0.5,8
8335.1,4.875,8910.0,5436.39,13771.49,744.75,0.661,8
8335.1,4.875,8910.0,5441.39,13776.49,744.75,0.968,8
8335.1,4.875,8910.0,5446.39,13781.49,744.625,0.857,8
8335.1,4.875,8910.0,5451.39,13786.49,744.875,0.927,8
8335.1,4.875,8910.0,5456.39,13791.49,744.125,0.927,8
8335.1,4.875,8910.0,5461.39,13796.49,744.5,0.707,8
8335.1,4.875,8910.0,5466.39,13801.49,744.5,1.0,8
8335.1,4.875,8910.0,5471.39,13806.49,744.125,0.781,8
8335.1,4.875,8910.0,5476.39,13811.49,744.5,0.707,8
8335.1,4.875,8910.0,5481.39,13816.49,744.625,0.484,8
8335.1,4.875,8910.0,5486.39,13821.49,744.0,1.118,8
8335.1,4.875,8910.0,5491.39,13826.49,744.375,0.992,8
8335.1,4.875,8910.0,5496.39,13831.49,744.25,0.829,8
8335.1,4.875,8910.0,5501.39,13836.49,744.375,1.111,8
8335.1,4.875,8910.0,5506.39,13841.49,744.125,0.599,8
8335.1,4.875,8910.0,5511.39,13846.49,744.375,0.484,8
8335.1,4.875,8910.0,5516.39,13851.49,744.125,0.927,8
8335.1,4.875,8910.0,5521.39,13856.49,744.375,0.696,8
8335.1,4.875,8910.0,5526.39,13861.49,744.625,0.484,8
8335.1,4.875,8910.0,5531.39,13866.49,744.625,0.484,8
8335.1,4.875,8910.0,5536.39,13871.49,744.375,0.696,8
8335.1,4.875,8910.0,5541.39,13876.49,744.25,1.09,8
8335.1,4.875,8910.0,5546.39,13881.49,744.0,0.5,8
8335.1,4.875,8910.0,5551.39,13886.49,744.5,1.0,8
8335.1,4.875,8910.0,5556.39,13891.49,744.625,0.484,8
8335.1,4.875,8910.0,5561.39,13896.49,744.125,0.331,8
8335.1,4.875,8910.0,5566.39,13901.49,744.25,0.433,8
8335.1,4.875,8910.0,5571.39,13906.49,744.25,0.433,8
8335.1,4.875,8910.0,5576.39,13911.49,744.0,0.0,8
8335.1,4.875,8910.0,5581.39,13916.49,743.875,0.781,8
8335.1,4.875,8910.0,5586.39,13921.49,743.875,1.053,8
8335.1,4.875,8910.0,5591.39,13926.49,743.625,0.857,8
8335.1,4.875,8910.0,5596.39,13931.49,743.5,0.866,8
8335.1,4.875,8910.0,5601.39,13936.49,743.375,0.992,8
8335.1,4.875,8910.0,5606.39,13941.49,744.125,0.599,8
8335.1,4.875,8910.0,5611.39,13946.49,743.625,0.484,8
8335.1,4.875,8910.0,5616.39,13951.49,743.625,0.484,8
8335.1,4.875,8910.0,5621.39,13956.49,743.75,0.661,8
8335.1,4.875,8910.0,5626.39,13961.49,743.625,1.111,8
8335.1,4.875,8910.0,5631.39,13966.49,743.75,1.09,8
8335.1,4.875,8910.0,5636.39,13971.49,743.625,0.484,8
8335.1,4.875,8910.0,5641.39,13976.49,743.75,0.968,8
8335.1,4.875,8910.0,5646.39,13981.49,737.875,3.18,8
8335.1,4.875,8910.0,5651.39,13986.49,754.875,4.755,8
8335.1,4.875,8910.0,5656.39,13991.49,760.5,0.5,8
8335.1,4.875,8910.0,5661.39,13996.49,760.5,0.707,8
8335.1,4.875,8910.0,5666.39,14001.49,760.75,0.968,8
8335.1,4.875,8910.0,5671.39,14006.49,760.25,0.661,8
8335.1,4.875,8910.0,5676.39,14011.49,760.125,0.927,8
8335.1,4.875,8910.0,5681.39,14016.49,760.375,0.857,8
8335.1,4.875,8910.0,5686.39,14021.49,760.25,0.829,8
8335.1,4.875,8910.0,5691.39,14026.49,760.375,0.696,8
8335.1,4.875,8910.0,5696.39,14031.49,759.625,0.484,8
8335.1,4.875,8910.0,5701.39,14036.49,759.375,0.857,8
8335.1,4.875,8910.0,5706.39,14041.49,759.875,0.781,8
8335.1,4.875,8910.0,5711.39,14046.49,760.5,1.0,8
8335.1,4.875,8910.0,5716.39,14051.49,760.0,0.707,8
8335.1,4.875,8910.0,5721.39,14056.49,760.25,0.661,8
8335.1,4.875,8910.0,5726.39,14061.49,759.625,0.696,8
8335.1,4.875,8910.0,5731.39,14066.49,760.0,1.0,8
8335.1,4.875,8910.0,5736.39,14071.49,759.375,0.696,8
8335.1,4.875,8910.0,5741.39,14076.49,759.25,0.968,8
8335.1,4.875,8910.0,5746.39,14081.49,759.625,0.696,8
8335.1,4.875,8910.0,5751.39,14086.49,759.125,0.927,8
8335.1,4.875,8910.0,5756.39,14091.49,759.125,0.927,8
8335.1,4.875,8910.0,5761.39,14096.49,758.875,0.331,8
8335.1,4.875,8910.0,5766.39,14101.49,759.0,0.866,8
8335.1,4.875,8910.0,5771.39,14106.49,758.75,0.433,8
8335.1,4.875,8910.0,5776.39,14111.49,758.875,0.331,8
8335.1,4.875,8910.0,5781.39,14116.49,758.625,0.696,8
8335.1,4.875,8910.0,5786.39,14121.49,759.0,0.866,8
8335.1,4.875,8910.0,5791.39,14126.49,758.625,0.484,8
8335.1,4.875,8910.0,5796.39,14131.49,758.875,0.599,8
8335.1,4.875,8910.0,5801.39,14136.49,758.75,0.661,8
8335.1,4.875,8910.0,5806.39,14141.49,758.375,0.857,8
8335.1,4.875,8910.0,5811.39,14146.49,758.25,0.661,8
8335.1,4.875,8910.0,5816.39,14151.49,758.0,0.5,8
8335.1,4.875,8910.0,5821.39,14156.49,757.5,0.5,8
8335.1,4.875,8910.0,5826.39,14161.49,757.625,0.484,8
8335.1,4.875,8910.0,5831.39,14166.49,757.75,0.433,8
8335.1,4.875,8910.0,5836.39,14171.49,757.375,0.484,8
8335.1,4.875,8910.0,5841.39,14176.49,754.375,0.857,8
8335.1,4.875,8910.0,5846.39,14181.49,754.0,0.707,8
8335.1,4.875,8910.0,5851.39,14186.49,753.875,1.053,8
8335.1,4.875,8910.0,5856.39,14191.49,753.5,0.5,8
8335.1,4.875,8910.0,5861.39,14196.49,753.375,0.484,8
8335.1,4.875,8910.0,5866.39,14201.49,753.375,0.857,8
8335.1,4.875,8910.0,5871.39,14206.49,753.375,0.696,8
8335.1,4.875,8910.0,5876.39,14211.49,753.5,0.707,8
8335.1,4.875,8910.0,5881.39,14216.49,753.375,1.654,8
8335.1,4.875,8910.0,5886.39,14221.49,737.0,3.279,8
8335.1,4.875,8910.0,5891.39,14226.49,739.625,4.029,8
8335.1,4.875,8910.0,5896.39,14231.49,741.375,0.484,8
8335.1,4.875,8910.0,5901.39,14236.49,741.875,0.781,8
8335.1,4.875,8910.0,5906.39,14241.49,742.125,0.927,8
8335.1,4.875,8910.0,5911.39,14246.49,741.875,0.927,8
8335.1,4.875,8910.0,5916.39,14251.49,741.25,0.829,8
8335.1,4.875,8910.0,5921.39,14256.49,741.875,0.927,8
8335.1,4.875,8910.0,5926.39,14261.49,741.625,0.696,8
8335.1,4.875,8910.0,5931.39,14266.49,741.25,0.968,8
8335.1,4.875,8910.0,5936.39,14271.49,740.875,0.331,8
8335.1,4.875,8910.0,5941.39,14276.49,742.0,0.866,8
8335.1,4.875,8910.0,5946.39,14281.49,741.875,0.599,8
8335.1,4.875,8910.0,5951.39,14286.49,741.625,0.696,8
8335.1,4.875,8910.0,5956.39,14291.49,742.125,0.599,8
8335.1,4.875,8910.0,5961.39,14296.49,742.125,0.599,8
8335.1,4.875,8910.0,5966.39,14301.49,741.75,0.829,8
8335.1,4.875,8910.0,5971.39,14306.49,741.625,0.857,8
8335.1,4.875,8910.0,5976.39,14311.49,741.625,0.484,8
8335.1,4.875,8910.0,5981.39,14316.49,742.0,0.707,8
8335.1,4.875,8910.0,5986.39,14321.49,741.625,0.484,8
8335.1,4.875,8910.0,5991.39,14326.49,741.25,0.661,8
8335.1,4.875,8910.0,5996.39,14331.49,741.125,1.166,8
8335.1,4.875,8910.0,6001.39,14336.49,741.5,1.225,8
8335.1,4.875,8910.0,6006.39,14341.49,741.625,0.484,8
8335.1,4.875,8910.0,6011.39,14346.49,741.75,1.199,8
8335.1,4.875,8910.0,6016.39,14351.49,741.625,0.992,8
8335.1,4.875,8910.0,6021.39,14356.49,741.625,0.696,8
8335.1,4.875,8910.0,6026.39,14361.49,741.25,0.661,8
8335.1,4.875,8910.0,6031.39,14366.49,741.375,0.696,8
8335.1,4.875,8910.0,6036.39,14371.49,741.25,1.299,8
8335.1,4.875,8910.0,6041.39,14376.49,741.25,0.661,8
8335.1,4.875,8910.0,6046.39,14381.49,741.25,1.299,8
8335.1,4.875,8910.0,6051.39,14386.49,741.375,0.484,8
8335.1,4.875,8910.0,6056.39,14391.49,741.625,0.992,8
8335.1,4.875,8910.0,6061.39,14396.49,741.625,0.857,8
8335.1,4.875,8910.0,6066.39,14401.49,741.5,0.707,8
8335.1,4.875,8910.0,6071.39,14406.49,741.25,0.829,8
8335.1,4.875,8910.0,6076.39,14411.49,741.375,0.857,8
8335.1,4.875,8910.0,6081.39,14416.49,741.125,0.781,8
8335.1,4.875,8910.0,6086.39,14421.49,741.375,0.857,8
8335.1,4.875,8910.0,6091.39,14426.49,741.625,0.857,8
8335.1,4.875,8910.0,6096.39,14431.49,741.625,0.484,8
8335.1,4.875,8910.0,6101.39,14436.49,741.625,0.484,8
8335.1,4.875,8910.0,6106.39,14441.49,740.75,0.433,8
8335.1,4.875,8910.0,6111.39,14446.49,741.5,0.707,8
8335.1,4.875,8910.0,6116.39,14451.49,741.25,0.829,8
8335.1,4.875,8910.0,6121.39,14456.49,741.25,0.829,8
8335.1,4.875,8910.0,6126.39,14461.49,741.375,0.696,8
8335.1,4.875,8910.0,6131.39,14466.49,741.625,0.484,8
8335.1,4.875,8910.0,6136.39,14471.49,741.375,0.484,8
8335.1,4.875,8910.0,6141.39,14476.49,741.0,0.707,8
8335.1,4.875,8910.0,6146.39,14481.49,741.125,0.599,8
8335.1,4.875,8910.0,6151.39,14486.49,741.0,0.866,8
8335.1,4.875,8910.0,6156.39,14491.49,741.125,0.599,8
8335.1,4.875,8910.0,6161.39,14496.49,740.25,0.968,8
8335.1,4.875,8910.0,6166.39,14501.49,740.75,0.829,8
8335.1,4.875,8910.0,6171.39,14506.49,740.75,1.199,8
8335.1,4.875,8910.0,6176.39,14511.49,740.625,1.495,8
8335.1,4.875,8910.0,6181.39,14516.49,740.875,0.781,8
8335.1,4.875,8910.0,6186.39,14521.49,740.375,0.696,8
8335.1,4.875,8910.0,6191.39,14526.49,740.75,0.829,8
8335.1,4.875,8910.0,6196.39,14531.49,741.125,0.331,8
8335.1,4.875,8910.0,6201.39,14536.49,741.0,1.0,8
8335.1,4.875,8910.0,6206.39,14541.49,740.5,0.5,8
8335.1,4.875,8910.0,6211.39,14546.49,740.625,0.857,8
8335.1,4.875,8910.0,6216.39,14551.49,740.875,1.166,8
8335.1,4.875,8910.0,6221.39,14556.49,740.625,0.484,8
8335.1,4.875,8910.0,6226.39,14561.49,740.125,0.781,8
8335.1,4.875,8910.0,6231.39,14566.49,740.25,0.829,8
8335.1,4.875,8910.0,6236.39,14571.49,740.375,0.696,8
8335.1,4.875,8910.0,6241.39,14576.49,740.875,0.331,8
8335.1,4.875,8910.0,6246.39,14581.49,740.25,0.661,8
8335.1,4.875,8910.0,6251.39,14586.49,740.875,0.599,8
8335.1,4.875,8910.0,6256.39,14591.49,741.0,1.118,8
8335.1,4.875,8910.0,6261.39,14596.49,741.375,0.992,8
8335.1,4.875,8910.0,6266.39,14601.49,740.625,0.484,8
8335.1,4.875,8910.0,6271.39,14606.49,740.25,0.661,8
8335.1,4.875,8910.0,6276.39,14611.49,740.5,0.5,8
8335.1,4.875,8910.0,6281.39,14616.49,740.625,0.857,8
8335.1,4.875,8910.0,6286.39,14621.49,740.25,0.661,8
8335.1,4.875,8910.0,6291.39,14626.49,740.5,0.707,8
8335.1,4.875,8910.0,6296.39,14631.49,740.5,1.118,8
8335.1,4.875,8910.0,6301.39,14636.49,740.75,0.661,8
8335.1,4.875,8910.0,6306.39,14641.49,740.25,0.968,8
8335.1,4.875,8910.0,6311.39,14646.49,740.25,1.09,8
8335.1,4.875,8910.0,6316.39,14651.49,740.375,0.484,8
8335.1,4.875,8910.0,6321.39,14656.49,740.0,0.5,8
8335.1,4.875,8910.0,6326.39,14661.49,739.375,0.696,8
8335.1,4.875,8910.0,6331.39,14666.49,739.5,0.707,8
8335.1,4.875,8910.0,6336.39,14671.49,739.625,0.857,8
8335.1,4.875,8910.0,6341.39,14676.49,739.375,0.857,8
8335.1,4.875,8910.0,6346.39,14681.49,739.375,0.857,8
8335.1,4.875,8910.0,6351.39,14686.49,733.5,3.841,8
8335.1,4.875,8910.0,6356.39,14691.49,746.75,2.107,8
8335.1,4.875,8910.0,6361.39,14696.49,747.625,0.857,8
8335.1,4.875,8910.0,6366.39,14701.49,748.0,0.5,8
8335.1,4.875,8910.0,6371.39,14706.49,747.75,0.433,8
8335.1,4.875,8910.0,6376.39,14711.49,747.625,0.484,8
8335.1,4.875,8910.0,6381.39,14716.49,748.125,0.599,8
8335.1,4.875,8910.0,6386.39,14721.49,747.5,0.866,8
8335.1,4.875,8910.0,6391.39,14726.49,747.75,0.661,8
8335.1,4.875,8910.0,6396.39,14731.49,747.75,0.433,8
8335.1,4.875,8910.0,6401.39,14736.49,748.25,0.433,8
8335.1,4.875,8910.0,6406.39,14741.49,747.625,0.696,8
8335.1,4.875,8910.0,6411.39,14746.49,747.25,0.829,8
8335.1,4.875,8910.0,6416.39,14751.49,748.125,0.781,8
8335.1,4.875,8910.0,6421.39,14756.49,747.75,0.661,8
8335.1,4.875,8910.0,6426.39,14761.49,747.5,1.0,8
8335.1,4.875,8910.0,6431.39,14766.49,747.75,0.433,8
8335.1,4.875,8910.0,6436.39,14771.49,747.25,0.433,8
8335.1,4.875,8910.0,6441.39,14776.49,747.125,0.599,8
8335.1,4.875,8910.0,6446.39,14781.49,746.75,1.299,8
8335.1,4.875,8910.0,6451.39,14786.49,747.0,0.707,8
8335.1,4.875,8910.0,6456.39,14791.49,746.875,0.781,8
8335.1,4.875,8910.0,6461.39,14796.49,747.125,0.599,8
8335.1,4.875,8910.0,6466.39,14801.49,747.375,0.857,8
8335.1,4.875,8910.0,6471.39,14806.49,746.875,1.053,8
8335.1,4.875,8910.0,6476.39,14811.49,746.875,0.781,8
8335.1,4.875,8910.0,6481.39,14816.49,746.625,0.484,8
8335.1,4.875,8910.0,6486.39,14821.49,746.875,0.927,8
8335.1,4.875,8910.0,6491.39,14826.49,746.75,0.829,8
8335.1,4.875,8910.0,6496.39,14831.49,747.0,0.707,8
8335.1,4.875,8910.0,6501.39,14836.49,746.875,0.331,8
8335.1,4.875,8910.0,6506.39,14841.49,747.0,0.5,8
8335.1,4.875,8910.0,6511.39,14846.49,747.875,0.331,8
8335.1,4.875,8910.0,6516.39,14851.49,747.25,0.968,8
8335.1,4.875,8910.0,6521.39,14856.49,747.875,0.927,8
8335.1,4.875,8910.0,6526.39,14861.49,747.375,0.696,8
8335.1,4.875,8910.0,6531.39,14866.49,747.875,0.781,8
8335.1,4.875,8910.0,6536.39,14871.49,747.25,0.661,8
8335.1,4.875,8910.0,6541.39,14876.49,747.375,0.484,8
8335.1,4.875,8910.0,6546.39,14881.49,747.75,0.829,8
8335.1,4.875,8910.0,6551.39,14886.49,748.0,0.707,8
8335.1,4.875,8910.0,6556.39,14891.49,747.375,0.992,8
8335.1,4.875,8910.0,6561.39,14896.49,747.375,0.696,8
8335.1,4.875,8910.0,6566.39,14901.49,748.125,0.781,8
8335.1,4.875,8910.0,6571.39,14906.49,748.0,0.707,8
8335.1,4.875,8910.0,6576.39,14911.49,747.875,0.781,8
8335.1,4.875,8910.0,6581.39,14916.49,747.625,0.696,8
8335.1,4.875,8910.0,6586.39,14921.49,747.5,0.5,8
8335.1,4.875,8910.0,6591.39,14926.49,747.75,0.661,8
8335.1,4.875,8910.0,6596.39,14931.49,747.125,0.927,8
8335.1,4.875,8910.0,6601.39,14936.49,747.375,0.696,8
8335.1,4.875,8910.0,6606.39,14941.49,747.75,0.433,8
8335.1,4.875,8910.0,6611.39,14946.49,747.625,0.484,8
8335.1,4.875,8910.0,6616.39,14951.49,747.25,0.661,8
8335.1,4.875,8910.0,6621.39,14956.49,746.75,0.661,8
8335.1,4.875,8910.0,6626.39,14961.49,747.25,0.661,8
8335.1,4.875,8910.0,6631.39,14966.49,747.125,0.599,8
8335.1,4.875,8910.0,6636.39,14971.49,747.375,0.696,8
8335.1,4.875,8910.0,6641.39,14976.49,747.125,1.053,8
8335.1,4.875,8910.0,6646.39,14981.49,747.125,0.599,8
8335.1,4.875,8910.0,6651.39,14986.49,747.0,0.707,8
8335.1,4.875,8910.0,6656.39,14991.49,747.125,0.331,8
8335.1,4.875,8910.0,6661.39,14996.49,746.875,1.053,8
8335.1,4.875,8910.0,6666.39,15001.49,747.125,1.053,8
8335.1,4.875,8910.0,6671.39,15006.49,747.0,0.5,8
8335.1,4.875,8910.0,6676.39,15011.49,746.875,1.269,8
8335.1,4.875,8910.0,6681.39,15016.49,748.0,1.323,8
8335.1,4.875,8910.0,6686.39,15021.49,738.375,2.395,8
8335.1,4.875,8910.0,6691.39,15026.49,735.875,2.472,8
8335.1,4.875,8910.0,6696.39,15031.49,739.375,0.484,8
8335.1,4.875,8910.0,6701.39,15036.49,741.75,0.829,8
8335.1,4.875,8910.0,6706.39,15041.49,742.375,0.696,8
8335.1,4.875,8910.0,6711.39,15046.49,743.375,0.992,8
8335.1,4.875,8910.0,6716.39,15051.49,743.5,0.707,8
8335.1,4.875,8910.0,6721.39,15056.49,743.5,0.5,8
8335.1,4.875,8910.0,6726.39,15061.49,744.125,0.781,8
8335.1,4.875,8910.0,6731.39,15066.49,743.875,0.599,8
8335.1,4.875,8910.0,6736.39,15071.49,743.625,0.696,8
8335.1,4.875,8910.0,6741.39,15076.49,743.625,0.484,8
8335.1,4.875,8910.0,6746.39,15081.49,744.25,0.829,8
8335.1,4.875,8910.0,6751.39,15086.49,743.875,1.053,8
8335.1,4.875,8910.0,6756.39,15091.49,744.125,0.781,8
8335.1,4.875,8910.0,6761.39,15096.49,744.125,0.599,8
8335.1,4.875,8910.0,6766.39,15101.49,744.375,0.857,8
8335.1,4.875,8910.0,6771.39,15106.49,744.375,0.992,8
8335.1,4.875,8910.0,6776.39,15111.49,744.25,1.09,8
8335.1,4.875,8910.0,6781.39,15116.49,743.875,0.927,8
8335.1,4.875,8910.0,6786.39,15121.49,744.375,0.857,8
8335.1,4.875,8910.0,6791.39,15126.49,744.0,0.707,8
8335.1,4.875,8910.0,6796.39,15131.49,744.25,0.968,8
8335.1,4.875,8910.0,6801.39,15136.49,744.25,1.479,8
8335.1,4.875,8910.0,6806.39,15141.49,744.125,0.599,8
8335.1,4.875,8910.0,6811.39,15146.49,744.125,1.053,8
8335.1,4.875,8910.0,6816.39,15151.49,744.25,1.09,8
8335.1,4.875,8910.0,6821.39,15156.49,744.0,0.707,8
8335.1,4.875,8910.0,6826.39,15161.49,744.125,0.927,8
8335.1,4.875,8910.0,6831.39,15166.49,743.75,1.392,8
8335.1,4.875,8910.0,6836.39,15171.49,744.375,0.857,8
8335.1,4.875,8910.0,6841.39,15176.49,744.125,0.781,8
8335.1,4.875,8910.0,6846.39,15181.49,744.625,0.992,8
8335.1,4.875,8910.0,6851.39,15186.49,744.375,0.696,8
8335.1,4.875,8910.0,6856.39,15191.49,743.625,0.857,8
8335.1,4.875,8910.0,6861.39,15196.49,744.25,0.433,8
8335.1,4.875,8910.0,6866.39,15201.49,743.625,0.857,8
8335.1,4.875,8910.0,6871.39,15206.49,743.625,0.857,8
8335.1,4.875,8910.0,6876.39,15211.49,743.625,0.857,8
8335.1,4.875,8910.0,6881.39,15216.49,744.0,0.707,8
8335.1,4.875,8910.0,6886.39,15221.49,744.0,0.5,8
8335.1,4.875,8910.0,6891.39,15226.49,743.625,0.696,8
8335.1,4.875,8910.0,6896.39,15231.49,743.875,0.927,8
8335.1,4.875,8910.0,6901.39,15236.49,743.75,0.661,8
8335.1,4.875,8910.0,6906.39,15241.49,744.125,0.331,8
8335.1,4.875,8910.0,6911.39,15246.49,743.75,0.433,8
8335.1,4.875,8910.0,6916.39,15251.49,743.625,0.484,8
8335.1,4.875,8910.0,6921.39,15256.49,743.875,0.331,8
8335.1,4.875,8910.0,6926.39,15261.49,743.5,0.5,8
8335.1,4.875,8910.0,6931.39,15266.49,743.625,0.857,8
8335.1,4.875,8910.0,6936.39,15271.49,743.5,0.5,8
8335.1,4.875,8910.0,6941.39,15276.49,743.5,0.5,8
8335.1,4.875,8910.0,6946.39,15281.49,743.75,0.968,8
8335.1,4.875,8910.0,6951.39,15286.49,743.875,0.781,8
8335.1,4.875,8910.0,6956.39,15291.49,743.875,0.781,8
8335.1,4.875,8910.0,6961.39,15296.49,744.25,0.661,8
8335.1,4.875,8910.0,6966.39,15301.49,744.125,0.781,8
8335.1,4.875,8910.0,6971.39,15306.49,743.625,0.992,8
8335.1,4.875,8910.0,6976.39,15311.49,743.625,0.992,8
8335.1,4.875,8910.0,6981.39,15316.49,744.0,0.866,8
8335.1,4.875,8910.0,6986.39,15321.49,743.625,1.317,8
8335.1,4.875,8910.0,6991.39,15326.49,743.875,0.781,8
8335.1,4.875,8910.0,6996.39,15331.49,744.375,0.696,8
8335.1,4.875,8910.0,7001.39,15336.49,743.75,0.829,8
8335.1,4.875,8910.0,7006.39,15341.49,744.0,1.118,8
8335.1,4.875,8910.0,7011.39,15346.49,744.25,1.479,8
8335.1,4.875,8910.0,7016.39,15351.49,744.0,1.0,8
8335.1,4.875,8910.0,7021.39,15356.49,744.0,0.707,8
8335.1,4.875,8910.0,7026.39,15361.49,743.75,1.299,8
8335.1,4.875,8910.0,7031.39,15366.49,743.625,0.696,8
8335.1,4.875,8910.0,7036.39,15371.49,743.875,0.927,8
8335.1,4.875,8910.0,7041.39,15376.49,744.0,0.707,8
8335.1,4.875,8910.0,7046.39,15381.49,744.0,2.0,8
8335.1,4.875,8910.0,7051.39,15386.49,743.625,0.857,8
8335.1,4.875,8910.0,7056.39,15391.49,743.625,1.654,8
8335.1,4.875,8910.0,7061.39,15396.49,744.125,1.833,8
8335.1,4.875,8910.0,7066.39,15401.49,743.5,1.0,8
8335.1,4.875,8910.0,7071.39,15406.49,744.75,1.299,8
8335.1,4.875,8910.0,7076.39,15411.49,744.0,1.658,8
8335.1,4.875,8910.0,7081.39,15416.49,743.25,1.785,8
8335.1,4.875,8910.0,7086.39,15421.49,743.875,1.536,8
8335.1,4.875,8910.0,7091.39,15426.49,743.625,1.654,8
8335.1,4.875,8910.0,7096.39,15431.49,744.0,1.225,8
8335.1,4.875,8910.0,7101.39,15436.49,743.875,1.364,8
8335.1,4.875,8910.0,7106.39,15441.49,743.625,0.696,8
8335.1,4.875,8910.0,7111.39,15446.49,743.75,1.854,8
8335.1,4.875,8910.0,7116.39,15451.49,743.375,2.176,8
8335.1,4.875,8910.0,7121.39,15456.49,743.375,0.696,8
8335.1,4.875,8910.0,7126.39,15461.49,744.0,1.0,8
8335.1,4.875,8910.0,7131.39,15466.49,743.875,1.166,8
8335.1,4.875,8910.0,7136.39,15471.49,743.5,1.581,8
8335.1,4.875,8910.0,7141.39,15476.49,743.625,1.111,8
8335.1,4.875,8910.0,7146.39,15481.49,743.875,1.166,8
8335.1,4.875,8910.0,7151.39,15486.49,743.5,1.0,8
8335.1,4.875,8910.0,7156.39,15491.49,743.5,1.414,8
8335.1,4.875,8910.0,7161.39,15496.49,743.25,0.968,8
8335.1,4.875,8910.0,7166.39,15501.49,743.875,0.781,8
8335.1,4.875,8910.0,7171.39,15506.49,744.25,1.299,8
8335.1,4.875,8910.0,7176.39,15511.49,744.0,1.803,8
8335.1,4.875,8910.0,7181.39,15516.49,743.5,2.0,8
8335.1,4.875,8910.0,7186.39,15521.49,743.75,1.199,8
8335.1,4.875,8910.0,7191.39,15526.49,743.0,1.414,8
8335.1,4.875,8910.0,7196.39,15531.49,743.125,1.763,8
8335.1,4.875,8910.0,7201.39,15536.49,743.125,0.781,8
8335.1,4.875,8910.0,7206.39,15541.49,743.125,1.053,8
8335.1,4.875,8910.0,7211.39,15546.49,744.0,1.225,8
8335.1,4.875,8910.0,7216.39,15551.49,743.25,1.714,8
8335.1,4.875,8910.0,7221.39,15556.49,743.625,0.992,8
8335.1,4.875,8910.0,7226.39,15561.49,744.125,1.053,8
8335.1,4.875,8910.0,7231.39,15566.49,744.125,1.269,8
8335.1,4.875,8910.0,7236.39,15571.49,744.0,2.179,8
8335.1,4.875,8910.0,7241.39,15576.49,743.75,1.299,8
8335.1,4.875,8910.0,7246.39,15581.49,743.625,0.992,8
8335.1,4.875,8910.0,7251.39,15586.49,743.75,1.479,8
8335.1,4.875,8910.0,7256.39,15591.49,744.0,1.118,8
8335.1,4.875,8910.0,7261.39,15596.49,743.625,1.576,8
8335.1,4.875,8910.0,7266.39,15601.49,744.125,1.763,8
8335.1,4.875,8910.0,7271.39,15606.49,743.125,1.833,8
8335.1,4.875,8910.0,7276.39,15611.49,743.625,1.218,8
8335.1,4.875,8910.0,7281.39,15616.49,743.875,1.269,8
8335.1,4.875,8910.0,7286.39,15621.49,743.875,1.166,8
8335.1,4.875,8910.0,7291.39,15626.49,743.5,1.118,8
8335.1,4.875,8910.0,7296.39,15631.49,743.25,0.661,8
8335.1,4.875,8910.0,7301.39,15636.49,743.5,1.0,8
8335.1,4.875,8910.0,7306.39,15641.49,743.5,2.0,8
8335.1,4.875,8910.0,7311.39,15646.49,743.5,2.062,8
8335.1,4.875,8910.0,7316.39,15651.49,743.5,1.225,8
8335.1,4.875,8910.0,7321.39,15656.49,743.875,1.364,8
8335.1,4.875,8910.0,7326.39,15661.49,744.0,1.0,8
8335.1,4.875,8910.0,7331.39,15666.49,743.875,1.364,8
8335.1,4.875,8910.0,7336.39,15671.49,743.25,1.392,8
8335.1,4.875,8910.0,7341.39,15676.49,743.625,0.484,8
8335.1,4.875,8910.0,7346.39,15681.49,743.125,1.691,8
8335.1,4.875,8910.0,7351.39,15686.49,743.5,0.866,8
8335.1,4.875,8910.0,7356.39,15691.49,744.0,1.0,8
8335.1,4.875,8910.0,7361.39,15696.49,743.75,1.639,8
8335.1,4.875,8910.0,7366.39,15701.49,743.0,1.225,8
8335.1,4.875,8910.0,7371.39,15706.49,742.75,1.714,8
8335.1,4.875,8910.0,7376.39,15711.49,743.125,1.166,8
8335.1,4.875,8910.0,7381.39,15716.49,743.125,0.927,8
8335.1,4.875,8910.0,7386.39,15721.49,742.75,0.968,8
8335.1,4.875,8910.0,7391.39,15726.49,742.75,1.199,8
8335.1,4.875,8910.0,7396.39,15731.49,743.25,0.968,8
8335.1,4.875,8910.0,7401.39,15736.49,742.875,1.166,8
8335.1,4.875,8910.0,7406.39,15741.49,743.375,1.654,8
8335.1,4.875,8910.0,7411.39,15746.49,742.25,2.222,8
8335.1,4.875,8910.0,7416.39,15751.49,742.875,1.269,8
8335.1,4.875,8910.0,7421.39,15756.49,742.75,0.968,8
8335.1,4.875,8910.0,7426.39,15761.49,742.75,2.046,8
8335.1,4.875,8910.0,7431.39,15766.49,742.5,1.118,8
8335.1,4.875,8910.0,7436.39,15771.49,742.125,0.781,8
8335.1,4.875,8910.0,7441.39,15776.49,742.125,1.269,8
8335.1,4.875,8910.0,7446.39,15781.49,742.75,1.09,8
8335.1,4.875,8910.0,7451.39,15786.49,742.5,1.803,8
8335.1,4.875,8910.0,7456.39,15791.49,743.0,2.0,8
8335.1,4.875,8910.0,7461.39,15796.49,741.875,0.781,8
8335.1,4.875,8910.0,7466.39,15801.49,742.875,1.452,8
8335.1,4.875,8910.0,7471.39,15806.49,742.625,1.317,8
8335.1,4.875,8910.0,7476.39,15811.49,742.5,0.707,8
8335.1,4.875,8910.0,7481.39,15816.49,742.25,1.09,8
8335.1,4.875,8910.0,7486.39,15821.49,742.25,1.714,8
8335.1,4.875,8910.0,7491.39,15826.49,742.0,1.732,8
8335.1,4.875,8910.0,7496.39,15831.49,742.375,0.857,8
8335.1,4.875,8910.0,7501.39,15836.49,742.125,1.166,8
8335.1,4.875,8910.0,7506.39,15841.49,741.75,1.92,8
8335.1,4.875,8910.0,7511.39,15846.49,742.125,1.452,8
8335.1,4.875,8910.0,7516.39,15851.49,741.875,1.053,8
8335.1,4.875,8910.0,7521.39,15856.49,742.375,1.576,8
8335.1,4.875,8910.0,7526.39,15861.49,741.625,1.317,8
8335.1,4.875,8910.0,7531.39,15866.49,741.5,1.118,8
8335.1,4.875,8910.0,7536.39,15871.49,742.5,1.118,8
8335.1,4.875,8910.0,7541.39,15876.49,741.875,1.763,8
8335.1,4.875,8910.0,7546.39,15881.49,742.0,0.707,8
8335.1,4.875,8910.0,7551.39,15886.49,741.75,1.199,8
8335.1,4.875,8910.0,7556.39,15891.49,741.75,1.199,8
8335.1,4.875,8910.0,7561.39,15896.49,742.25,1.561,8
8335.1,4.875,8910.0,7566.39,15901.49,742.375,1.317,8
8335.1,4.875,8910.0,7571.39,15906.49,742.375,1.576,8
8335.1,4.875,8910.0,7576.39,15911.49,742.25,1.392,8
8335.1,4.875,8910.0,7581.39,15916.49,741.75,1.299,8
8335.1,4.875,8910.0,7586.39,15921.49,741.875,1.269,8
8335.1,4.875,8910.0,7591.39,15926.49,741.5,1.803,8
8335.1,4.875,8910.0,7596.39,15931.49,742.0,1.414,8
8335.1,4.875,8910.0,7601.39,15936.49,742.0,0.866,8
8335.1,4.875,8910.0,7606.39,15941.49,741.875,0.927,8
8335.1,4.875,8910.0,7611.39,15946.49,741.75,1.639,8
8335.1,4.875,8910.0,7616.39,15951.49,741.75,1.199,8
8335.1,4.875,8910.0,7621.39,15956.49,741.375,1.576,8
8335.1,4.875,8910.0,7626.39,15961.49,742.0,0.866,8
8335.1,4.875,8910.0,7631.39,15966.49,741.625,1.495,8
8335.1,4.875,8910.0,7636.39,15971.49,741.625,1.996,8
8335.1,4.875,8910.0,7641.39,15976.49,741.375,0.696,8
8335.1,4.875,8910.0,7646.39,15981.49,741.75,1.299,8
8335.1,4.875,8910.0,7651.39,15986.49,742.125,0.781,8
8335.1,4.875,8910.0,7656.39,15991.49,741.75,1.09,8
8335.1,4.875,8910.0,7661.39,15996.49,741.375,1.317,8
8335.1,4.875,8910.0,7666.39,16001.49,741.75,0.661,8
8335.1,4.875,8910.0,7671.39,16006.49,741.75,1.785,8
8335.1,4.875,8910.0,7676.39,16011.49,741.75,1.785,8
8335.1,4.875,8910.0,7681.39,16016.49,741.75,0.968,8
8335.1,4.875,8910.0,7686.39,16021.49,741.25,1.479,8
8335.1,4.875,8910.0,7691.39,16026.49,741.5,0.707,8
8335.1,4.875,8910.0,7696.39,16031.49,741.5,1.581,8
8335.1,4.875,8910.0,7701.39,16036.49,741.625,1.654,8
8335.1,4.875,8910.0,7706.39,16041.49,741.625,1.798,8
8335.1,4.875,8910.0,7711.39,16046.49,741.125,1.364,8
8335.1,4.875,8910.0,7716.39,16051.49,741.375,0.857,8
8335.1,4.875,8910.0,7721.39,16056.49,740.875,1.763,8
8335.1,4.875,8910.0,7726.39,16061.49,741.125,1.9,8
8335.1,4.875,8910.0,7731.39,16066.49,741.375,0.992,8
8335.1,4.875,8910.0,7736.39,16071.49,741.0,1.0,8
8335.1,4.875,8910.0,7741.39,16076.49,741.5,1.581,8
8335.1,4.875,8910.0,7746.39,16081.49,741.5,1.658,8
8335.1,4.875,8910.0,7751.39,16086.49,740.75,1.714,8
8335.1,4.875,8910.0,7756.39,16091.49,741.0,1.414,8
8335.1,4.875,8910.0,7761.39,16096.49,741.25,1.09,8
8335.1,4.875,8910.0,7766.39,16101.49,740.625,1.495,8
8335.1,4.875,8910.0,7771.39,16106.49,740.875,1.536,8
8335.1,4.875,8910.0,7776.39,16111.49,741.625,1.495,8
8335.1,4.875,8910.0,7781.39,16116.49,741.25,1.392,8
8335.1,4.875,8910.0,7786.39,16121.49,741.125,1.166,8
8335.1,4.875,8910.0,7791.39,16126.49,740.875,1.166,8
8335.1,4.875,8910.0,7796.39,16131.49,740.5,1.323,8
8335.1,4.875,8910.0,7801.39,16136.49,740.375,1.654,8
8335.1,4.875,8910.0,7806.39,16141.49,741.5,1.5,8
8335.1,4.875,8910.0,7811.39,16146.49,740.875,1.833,8
8335.1,4.875,8910.0,7816.39,16151.49,740.5,1.225,8
8335.1,4.875,8910.0,7821.39,16156.49,740.375,0.992,8
8335.1,4.875,8910.0,7826.39,16161.49,740.875,1.269,8
8335.1,4.875,8910.0,7831.39,16166.49,740.875,1.364,8
8335.1,4.875,8910.0,7836.39,16171.49,740.75,1.199,8
8335.1,4.875,8910.0,7841.39,16176.49,740.75,1.854,8
8335.1,4.875,8910.0,7846.39,16181.49,740.75,1.984,8
8335.1,4.875,8910.0,7851.39,16186.49,740.625,1.409,8
8335.1,4.875,8910.0,7856.39,16191.49,740.375,1.111,8
8335.1,4.875,8910.0,7861.39,16196.49,740.75,1.561,8
8335.1,4.875,8910.0,7866.39,16201.49,740.25,1.392,8
8335.1,4.875,8910.0,7871.39,16206.49,740.625,0.857,8
8335.1,4.875,8910.0,7876.39,16211.49,739.875,1.269,8
8335.1,4.875,8910.0,7881.39,16216.49,739.5,1.225,8
8335.1,4.875,8910.0,7886.39,16221.49,740.125,2.315,8
8335.1,4.875,8910.0,7891.39,16226.49,740.375,1.495,8
8335.1,4.875,8910.0,7896.39,16231.49,740.75,1.639,8
8335.1,4.875,8910.0,7901.39,16236.49,740.125,1.053,8
8335.1,4.875,8910.0,7906.39,16241.49,739.75,1.854,8
8335.1,4.875,8910.0,7911.39,16246.49,740.0,1.0,8
8335.1,4.875,8910.0,7916.39,16251.49,740.25,0.661,8
8335.1,4.875,8910.0,7921.39,16256.49,740.5,1.414,8
8335.1,4.875,8910.0,7926.39,16261.49,740.25,1.199,8
8335.1,4.875,8910.0,7931.39,16266.49,739.875,0.781,8
8335.1,4.875,8910.0,7936.39,16271.49,740.0,1.5,8
8335.1,4.875,8910.0,7941.39,16276.49,740.0,1.0,8
8335.1,4.875,8910.0,7946.39,16281.49,739.5,1.323,8
8335.1,4.875,8910.0,7951.39,16286.49,739.5,0.5,8
8335.1,4.875,8910.0,7956.39,16291.49,739.875,1.833,8
8335.1,4.875,8910.0,7961.39,16296.49,739.625,0.857,8
8335.1,4.875,8910.0,7966.39,16301.49,739.5,1.5,8
8335.1,4.875,8910.0,7971.39,16306.49,739.625,0.857,8
8335.1,4.875,8910.0,7976.39,16311.49,739.625,1.798,8
8335.1,4.875,8910.0,7981.39,16316.49,739.125,1.763,8
8335.1,4.875,8910.0,7986.39,16321.49,738.875,2.027,8
8335.1,4.875,8910.0,7991.39,16326.49,739.375,1.409,8
8335.1,4.875,8910.0,7996.39,16331.49,739.0,1.0,8
8335.1,4.875,8910.0,8001.39,16336.49,739.125,1.615,8
8335.1,4.875,8910.0,8006.39,16341.49,739.125,1.053,8
8335.1,4.875,8910.0,8011.39,16346.49,738.25,1.984,8
8335.1,4.875,8910.0,8016.39,16351.49,738.25,2.107,8
8335.1,4.875,8910.0,8021.39,16356.49,739.0,1.0,8
8335.1,4.875,8910.0,8026.39,16361.49,738.875,1.536,8
8335.1,4.875,8910.0,8031.39,16366.49,738.5,1.118,8
8335.1,4.875,8910.0,8036.39,16371.49,738.875,1.269,8
8335.1,4.875,8910.0,8041.39,16376.49,738.5,1.118,8
8335.1,4.875,8910.0,8046.39,16381.49,738.25,1.09,8
8335.1,4.875,8910.0,8051.39,16386.49,738.875,1.364,8
8335.1,4.875,8910.0,8056.39,16391.49,738.5,1.225,8
8335.1,4.875,8910.0,8061.39,16396.49,739.125,1.269,8
8335.1,4.875,8910.0,8066.39,16401.49,738.375,0.992,8
8335.1,4.875,8910.0,8071.39,16406.49,738.625,1.218,8
8335.1,4.875,8910.0,8076.39,16411.49,739.375,1.409,8
8335.1,4.875,8910.0,8081.39,16416.49,739.0,1.0,8
8335.1,4.875,8910.0,8086.39,16421.49,739.125,1.833,8
8335.1,4.875,8910.0,8091.39,16426.49,739.125,1.615,8
8335.1,4.875,8910.0,8096.39,16431.49,738.5,2.291,8
8335.1,4.875,8910.0,8101.39,16436.49,738.875,1.053,8
8335.1,4.875,8910.0,8106.39,16441.49,738.625,0.992,8
8335.1,4.875,8910.0,8111.39,16446.49,739.125,2.26,8
8335.1,4.875,8910.0,8116.39,16451.49,738.75,1.392,8
8335.1,4.875,8910.0,8121.39,16456.49,738.875,2.315,8
8335.1,4.875,8910.0,8126.39,16461.49,738.0,1.414,8
8335.1,4.875,8910.0,8131.39,16466.49,738.25,1.199,8
8335.1,4.875,8910.0,8136.39,16471.49,738.625,0.992,8
8335.1,4.875,8910.0,8141.39,16476.49,738.375,1.218,8
8335.1,4.875,8910.0,8146.39,16481.49,738.625,1.867,8
8335.1,4.875,8910.0,8151.39,16486.49,737.875,0.781,8
8335.1,4.875,8910.0,8156.39,16491.49,738.75,1.199,8
8335.1,4.875,8910.0,8161.39,16496.49,738.25,1.714,8
8335.1,4.875,8910.0,8166.39,16501.49,738.25,0.829,8
8335.1,4.875,8910.0,8171.39,16506.49,738.125,1.166,8
8335.1,4.875,8910.0,8176.39,16511.49,738.5,1.323,8
8335.1,4.875,8910.0,8181.39,16516.49,737.75,2.107,8
8335.1,4.875,8910.0,8186.39,16521.49,738.125,1.166,8
8335.1,4.875,8910.0,8191.39,16526.49,738.375,0.696,8
8335.1,4.875,8910.0,8196.39,16531.49,738.375,1.996,8
8335.1,4.875,8910.0,8201.39,16536.49,738.0,1.414,8
8335.1,4.875,8910.0,8206.39,16541.49,738.25,0.968,8
8335.1,4.875,8910.0,8211.39,16546.49,738.0,0.707,8
8335.1,4.875,8910.0,8216.39,16551.49,738.125,1.615,8
8335.1,4.875,8910.0,8221.39,16556.49,738.0,1.581,8
8335.1,4.875,8910.0,8226.39,16561.49,738.0,1.658,8
8335.1,4.875,8910.0,8231.39,16566.49,738.75,0.829,8
8335.1,4.875,8910.0,8236.39,16571.49,737.875,0.927,8
8335.1,4.875,8910.0,8241.39,16576.49,738.25,0.968,8
8335.1,4.875,8910.0,8246.39,16581.49,738.25,0.968,8
8335.1,4.875,8910.0,8251.39,16586.49,738.5,1.323,8
8335.1,4.875,8910.0,8256.39,16591.49,737.625,1.576,8
8335.1,4.875,8910.0,8261.39,16596.49,737.75,1.984,8
8335.1,4.875,8910.0,8266.39,16601.49,737.625,1.798,8
8335.1,4.875,8910.0,8271.39,16606.49,737.625,1.576,8
8335.1,4.875,8910.0,8276.39,16611.49,738.125,1.053,8
8335.1,4.875,8910.0,8281.39,16616.49,738.25,1.199,8
8335.1,4.875,8910.0,8286.39,16621.49,738.0,1.871,8
8335.1,4.875,8910.0,8291.39,16626.49,738.375,1.576,8
8335.1,4.875,8910.0,8296.39,16631.49,738.25,1.854,8
8335.1,4.875,8910.0,8301.39,16636.49,738.25,0.968,8
8335.1,4.875,8910.0,8306.39,16641.49,737.875,1.536,8
8335.1,4.875,8910.0,8311.39,16646.49,737.75,1.479,8
8335.1,4.875,8910.0,8316.39,16651.49,738.125,1.364,8
8335.1,4.875,8910.0,8321.39,16656.49,737.75,1.785,8
8335.1,4.875,8910.0,8326.39,16661.49,738.25,1.199,8
8335.1,4.875,8910.0,1.29,16671.49,737.75,0.661,8
8335.1,4.875,8910.0,6.29,16676.49,738.0,1.581,8
8335.1,4.875,8910.0,11.29,16681.49,737.5,1.871,8
8335.1,4.875,8910.0,16.29,16686.49,738.0,1.414,8
8335.1,4.875,8910.0,21.29,16691.49,737.75,1.479,8
8335.1,4.875,8910.0,26.29,16696.49,737.875,1.364,8
8335.1,4.875,8910.0,31.29,16701.49,738.0,1.871,8
8335.1,4.875,8910.0,36.29,16706.49,737.875,2.027,8
8335.1,4.875,8910.0,41.29,16711.49,737.375,0.857,8
8335.1,4.875,8910.0,46.29,16716.49,737.125,1.452,8
8335.1,4.875,8910.0,51.29,16721.49,737.75,2.537,8
8335.1,4.875,8910.0,56.29,16726.49,737.875,1.691,8
8335.1,4.875,8910.0,61.29,16731.49,736.875,1.269,8
8335.1,4.875,8910.0,66.29,16736.49,737.5,1.225,8
8335.1,4.875,8910.0,71.29,16741.49,737.75,0.968,8
8335.1,4.875,8910.0,76.29,16746.49,737.25,1.199,8
8335.1,4.875,8910.0,81.29,16751.49,737.125,1.166,8
8335.1,4.875,8910.0,86.29,16756.49,737.875,0.781,8
8335.1,4.875,8910.0,91.29,16761.49,737.75,1.92,8
8335.1,4.875,8910.0,96.29,16766.49,737.875,1.965,8
8335.1,4.875,8910.0,101.29,16771.49,737.25,1.561,8
8335.1,4.875,8910.0,106.29,16776.49,737.25,1.561,8
8335.1,4.875,8910.0,111.29,16781.49,737.0,0.866,8
8335.1,4.875,8910.0,116.29,16786.49,737.375,1.409,8
8335.1,4.875,8910.0,121.29,16791.49,736.625,1.576,8
8335.1,4.875,8910.0,126.29,16796.49,737.5,1.323,8
8335.1,4.875,8910.0,131.29,16801.49,737.0,1.871,8
8335.1,4.875,8910.0,136.29,16806.49,737.25,1.561,8
8335.1,4.875,8910.0,141.29,16811.49,737.0,1.323,8
8335.1,4.875,8910.0,146.29,16816.49,736.875,1.166,8
8335.1,4.875,8910.0,151.29,16821.49,736.625,1.409,8
8335.1,4.875,8910.0,156.29,16826.49,736.5,1.323,8
8335.1,4.875,8910.0,161.29,16831.49,737.5,0.866,8
8335.1,4.875,8910.0,166.29,16836.49,737.25,1.854,8
8335.1,4.875,8910.0,171.29,16841.49,736.5,1.225,8
8335.1,4.875,8910.0,176.29,16846.49,736.375,1.409,8
8335.1,4.875,8910.0,181.29,16851.49,736.75,0.661,8
8335.1,4.875,8910.0,186.29,16856.49,736.625,1.218,8
8335.1,4.875,8910.0,191.29,16861.49,737.125,1.364,8
8335.1,4.875,8910.0,196.29,16866.49,736.875,1.166,8
8335.1,4.875,8910.0,201.29,16871.49,736.625,1.111,8
8335.1,4.875,8910.0,206.29,16876.49,736.75,0.661,8
8335.1,4.875,8910.0,211.29,16881.49,736.75,1.714,8
8335.1,4.875,8910.0,216.29,16886.49,737.25,1.392,8
8335.1,4.875,8910.0,221.29,16891.49,737.0,1.0,8
8335.1,4.875,8910.0,226.29,16896.49,736.625,1.317,8
8335.1,4.875,8910.0,231.29,16901.49,737.125,1.053,8
8335.1,4.875,8910.0,236.29,16906.49,736.875,0.927,8
8335.1,4.875,8910.0,241.29,16911.49,736.75,1.561,8
8335.1,4.875,8910.0,246.29,16916.49,737.0,0.707,8
8335.1,4.875,8910.0,251.29,16921.49,736.375,0.992,8
8335.1,4.875,8910.0,256.29,16926.49,736.25,0.661,8
8335.1,4.875,8910.0,261.29,16931.49,736.375,1.654,8
8335.1,4.875,8910.0,266.29,16936.49,736.625,1.409,8
8335.1,4.875,8910.0,271.29,16941.49,736.375,1.798,8
8335.1,4.875,8910.0,276.29,16946.49,736.375,0.857,8
8335.1,4.875,8910.0,281.29,16951.49,736.625,1.996,8
8335.1,4.875,8910.0,286.29,16956.49,736.25,1.199,8
8335.1,4.875,8910.0,291.29,16961.49,736.625,0.992,8
8335.1,4.875,8910.0,296.29,16966.49,736.625,0.992,8
8335.1,4.875,8910.0,301.29,16971.49,737.0,1.5,8
8335.1,4.875,8910.0,306.29,16976.49,737.0,1.225,8
8335.1,4.875,8910.0,311.29,16981.49,736.625,1.728,8
8335.1,4.875,8910.0,316.29,16986.49,736.75,0.661,8
8335.1,4.875,8910.0,321.29,16991.49,737.0,1.5,8
8335.1,4.875,8910.0,326.29,16996.49,736.5,1.118,8
8335.1,4.875,8910.0,331.29,17001.49,736.625,1.576,8
8335.1,4.875,8910.0,336.29,17006.49,736.625,1.111,8
8335.1,4.875,8910.0,341.29,17011.49,736.625,1.317,8
8335.1,4.875,8910.0,346.29,17016.49,736.5,1.0,8
8335.1,4.875,8910.0,351.29,17021.49,736.75,1.199,8
8335.1,4.875,8910.0,356.29,17026.49,737.125,1.763,8
8335.1,4.875,8910.0,361.29,17031.49,736.625,0.696,8
8335.1,4.875,8910.0,366.29,17036.49,737.125,1.053,8
8335.1,4.875,8910.0,371.29,17041.49,737.0,1.323,8
8335.1,4.875,8910.0,376.29,17046.49,737.375,0.696,8
8335.1,4.875,8910.0,381.29,17051.49,737.5,1.581,8
8335.1,4.875,8910.0,386.29,17056.49,737.0,2.345,8
8335.1,4.875,8910.0,391.29,17061.49,737.125,1.452,8
8335.1,4.875,8910.0,396.29,17066.49,737.125,1.166,8
8335.1,4.875,8910.0,401.29,17071.49,736.625,1.218,8
8335.1,4.875,8910.0,406.29,17076.49,737.0,1.225,8
8335.1,4.875,8910.0,411.29,17081.49,737.25,0.968,8
8335.1,4.875,8910.0,416.29,17086.49,737.25,0.968,8
8335.1,4.875,8910.0,421.29,17091.49,737.25,0.829,8
8335.1,4.875,8910.0,426.29,17096.49,737.125,0.927,8
8335.1,4.875,8910.0,431.29,17101.49,737.25,0.829,8
8335.1,4.875,8910.0,436.29,17106.49,737.25,0.968,8
8335.1,4.875,8910.0,441.29,17111.49,737.0,1.581,8
8335.1,4.875,8910.0,446.29,17116.49,737.0,0.866,8
8335.1,4.875,8910.0,451.29,17121.49,737.0,0.5,8
8335.1,4.875,8910.0,456.29,17126.49,737.25,1.639,8
8335.1,4.875,8910.0,461.29,17131.49,737.5,0.866,8
8335.1,4.875,8910.0,466.29,17136.49,737.125,1.536,8
8335.1,4.875,8910.0,471.29,17141.49,737.25,1.479,8
8335.1,4.875,8910.0,476.29,17146.49,736.875,1.9,8
8335.1,4.875,8910.0,481.29,17151.49,737.75,1.299,8
8335.1,4.875,8910.0,486.29,17156.49,737.75,1.392,8
8335.1,4.875,8910.0,491.29,17161.49,737.375,0.992,8
8335.1,4.875,8910.0,496.29,17166.49,737.375,1.317,8
8335.1,4.875,8910.0,501.29,17171.49,736.75,1.92,8
8335.1,4.875,8910.0,506.29,17176.49,737.625,0.857,8
8335.1,4.875,8910.0,511.29,17181.49,737.375,1.409,8
8335.1,4.875,8910.0,516.29,17186.49,737.375,1.218,8
8335.1,4.875,8910.0,521.29,17191.49,737.5,0.866,8
8335.1,4.875,8910.0,526.29,17196.49,736.875,1.269,8
8335.1,4.875,8910.0,531.29,17201.49,737.5,1.225,8
8335.1,4.875,8910.0,536.29,17206.49,737.625,0.992,8
8335.1,4.875,8910.0,541.29,17211.49,737.625,1.218,8
8335.1,4.875,8910.0,546.29,17216.49,737.125,1.452,8
8335.1,4.875,8910.0,551.29,17221.49,737.5,0.707,8
8335.1,4.875,8910.0,556.29,17226.49,737.625,1.111,8
8335.1,4.875,8910.0,561.29,17231.49,737.375,1.111,8
8335.1,4.875,8910.0,566.29,17236.49,737.5,1.225,8
8335.1,4.875,8910.0,571.29,17241.49,737.25,1.299,8
8335.1,4.875,8910.0,576.29,17246.49,734.625,2.176,8
8335.1,4.875,8910.0,581.29,17251.49,746.875,2.26,8
8335.1,4.875,8910.0,586.29,17256.49,765.125,3.855,8
8335.1,4.875,8910.0,591.29,17261.49,773.5,1.225,8
8335.1,4.875,8910.0,596.29,17266.49,775.625,1.654,8
8335.1,4.875,8910.0,601.29,17271.49,776.0,1.936,8
8335.1,4.875,8910.0,606.29,17276.49,776.75,1.92,8
8335.1,4.875,8910.0,611.29,17281.49,775.875,1.833,8
8335.1,4.875,8910.0,616.29,17286.49,776.375,2.233,8
8335.1,4.875,8910.0,621.29,17291.49,777.0,1.0,8
8335.1,4.875,8910.0,626.29,17296.49,777.0,0.5,8
8335.1,4.875,8910.0,631.29,17301.49,776.5,0.866,8
8335.1,4.875,8910.0,636.29,17306.49,775.625,1.576,8
8335.1,4.875,8910.0,641.29,17311.49,775.375,1.495,8
8335.1,4.875,8910.0,646.29,17316.49,775.375,0.992,8
8335.1,4.875,8910.0,651.29,17321.49,775.5,1.118,8
8335.1,4.875,8910.0,656.29,17326.49,775.0,1.225,8
8335.1,4.875,8910.0,661.29,17331.49,774.75,1.09,8
8335.1,4.875,8910.0,666.29,17336.49,775.125,0.927,8
8335.1,4.875,8910.0,671.29,17341.49,774.25,1.392,8
8335.1,4.875,8910.0,676.29,17346.49,774.0,1.118,8
8335.1,4.875,8910.0,681.29,17351.49,773.875,1.269,8
8335.1,4.875,8910.0,686.29,17356.49,773.25,1.299,8
8335.1,4.875,8910.0,691.29,17361.49,772.375,1.495,8
8335.1,4.875,8910.0,696.29,17366.49,772.125,1.269,8
8335.1,4.875,8910.0,701.29,17371.49,772.125,0.781,8
8335.1,4.875,8910.0,706.29,17376.49,771.75,0.968,8
8335.1,4.875,8910.0,711.29,17381.49,771.5,0.866,8
8335.1,4.875,8910.0,716.29,17386.49,771.5,0.5,8
8335.1,4.875,8910.0,721.29,17391.49,771.25,1.199,8
8335.1,4.875,8910.0,726.29,17396.49,770.75,0.968,8
8335.1,4.875,8910.0,731.29,17401.49,770.25,1.299,8
8335.1,4.875,8910.0,736.29,17406.49,770.375,1.111,8
8335.1,4.875,8910.0,741.29,17411.49,769.875,0.927,8
8335.1,4.875,8910.0,746.29,17416.49,769.75,1.392,8
8335.1,4.875,8910.0,751.29,17421.49,769.625,1.409,8
8335.1,4.875,8910.0,756.29,17426.49,769.375,1.495,8
8335.1,4.875,8910.0,761.29,17431.49,769.0,1.581,8
8335.1,4.875,8910.0,766.29,17436.49,768.75,0.968,8
8335.1,4.875,8910.0,771.29,17441.49,769.125,1.691,8
8335.1,4.875,8910.0,776.29,17446.49,768.875,0.331,8
8335.1,4.875,8910.0,781.29,17451.49,768.75,1.09,8
8335.1,4.875,8910.0,786.29,17456.49,768.0,1.118,8
8335.1,4.875,8910.0,791.29,17461.49,767.75,0.661,8
8335.1,4.875,8910.0,796.29,17466.49,767.875,1.691,8
8335.1,4.875,8910.0,801.29,17471.49,767.125,1.536,8
8335.1,4.875,8910.0,806.29,17476.49,766.75,0.968,8
8335.1,4.875,8910.0,811.29,17481.49,767.125,0.781,8
8335.1,4.875,8910.0,816.29,17486.49,766.875,0.927,8
8335.1,4.875,8910.0,821.29,17491.49,766.5,1.225,8
8335.1,4.875,8910.0,826.29,17496.49,766.625,0.992,8
8335.1,4.875,8910.0,831.29,17501.49,766.5,1.118,8
8335.1,4.875,8910.0,836.29,17506.49,765.875,1.364,8
8335.1,4.875,8910.0,841.29,17511.49,765.5,1.118,8
8335.1,4.875,8910.0,846.29,17516.49,764.875,1.269,8
8335.1,4.875,8910.0,851.29,17521.49,766.25,0.829,8
8335.1,4.875,8910.0,856.29,17526.49,745.0,4.387,8
8335.1,4.875,8910.0,861.29,17531.49,736.375,4.846,8
8335.1,4.875,8910.0,866.29,17536.49,737.25,0.968,8
8335.1,4.875,8910.0,871.29,17541.49,737.75,0.968,8
8335.1,4.875,8910.0,876.29,17546.49,737.75,0.968,8
8335.1,4.875,8910.0,881.29,17551.49,737.5,0.5,8
8335.1,4.875,8910.0,886.29,17556.49,737.5,1.0,8
8335.1,4.875,8910.0,891.29,17561.49,737.625,0.857,8
8335.1,4.875,8910.0,896.29,17566.49,737.5,1.414,8
8335.1,4.875,8910.0,901.29,17571.49,737.75,0.829,8
8335.1,4.875,8910.0,906.29,17576.49,737.625,1.111,8
8335.1,4.875,8910.0,911.29,17581.49,737.625,1.218,8
8335.1,4.875,8910.0,916.29,17586.49,738.0,0.5,8
8335.1,4.875,8910.0,921.29,17591.49,737.75,0.968,8
8335.1,4.875,8910.0,926.29,17596.49,737.375,1.409,8
8335.1,4.875,8910.0,931.29,17601.49,737.75,1.09,8
8335.1,4.875,8910.0,936.29,17606.49,737.125,1.364,8
8335.1,4.875,8910.0,941.29,17611.49,737.875,1.452,8
8335.1,4.875,8910.0,946.29,17616.49,737.25,0.968,8
8335.1,4.875,8910.0,951.29,17621.49,737.625,1.798,8
8335.1,4.875,8910.0,956.29,17626.49,737.25,0.968,8
8335.1,4.875,8910.0,961.29,17631.49,736.875,1.269,8
8335.1,4.875,8910.0,966.29,17636.49,737.625,1.111,8
8335.1,4.875,8910.0,971.29,17641.49,736.875,0.927,8
8335.1,4.875,8910.0,976.29,17646.49,737.375,1.218,8
8335.1,4.875,8910.0,981.29,17651.49,736.875,0.927,8
8335.1,4.875,8910.0,986.29,17656.49,737.625,1.317,8
8335.1,4.875,8910.0,991.29,17661.49,736.375,1.111,8
8335.1,4.875,8910.0,996.29,17666.49,736.75,1.199,8
8335.1,4.875,8910.0,1001.29,17671.49,736.5,0.866,8
8335.1,4.875,8910.0,1006.29,17676.49,736.875,0.927,8
8335.1,4.875,8910.0,1011.29,17681.49,737.0,0.866,8
8335.1,4.875,8910.0,1016.29,17686.49,737.25,0.829,8
8335.1,4.875,8910.0,1021.29,17691.49,736.75,1.479,8
8335.1,4.875,8910.0,1026.29,17696.49,737.0,1.225,8
8335.1,4.875,8910.0,1031.29,17701.49,736.375,1.495,8
8335.1,4.875,8910.0,1036.29,17706.49,736.75,1.299,8
8335.1,4.875,8910.0,1041.29,17711.49,736.625,1.576,8
8335.1,4.875,8910.0,1046.29,17716.49,736.25,1.714,8
8335.1,4.875,8910.0,1051.29,17721.49,736.75,0.829,8
8335.1,4.875,8910.0,1056.29,17726.49,736.75,1.199,8
8335.1,4.875,8910.0,1061.29,17731.49,736.875,0.927,8
8335.1,4.875,8910.0,1066.29,17736.49,736.5,1.225,8
8335.1,4.875,8910.0,1071.29,17741.49,736.625,0.484,8
8335.1,4.875,8910.0,1076.29,17746.49,736.125,0.781,8
8335.1,4.875,8910.0,1081.29,17751.49,737.0,1.118,8
8335.1,4.875,8910.0,1086.29,17756.49,736.25,1.392,8
8335.1,4.875,8910.0,1091.29,17761.49,736.375,1.218,8
8335.1,4.875,8910.0,1096.29,17766.49,736.125,1.166,8
8335.1,4.875,8910.0,1101.29,17771.49,736.0,1.118,8
8335.1,4.875,8910.0,1106.29,17776.49,736.0,1.5,8
8335.1,4.875,8910.0,1111.29,17781.49,735.25,1.09,8
8335.1,4.875,8910.0,1116.29,17786.49,736.125,0.781,8
8335.1,4.875,8910.0,1121.29,17791.49,736.125,1.053,8
8335.1,4.875,8910.0,1126.29,17796.49,735.625,1.409,8
8335.1,4.875,8910.0,1131.29,17801.49,736.25,0.829,8
8335.1,4.875,8910.0,1136.29,17806.49,735.75,1.299,8
8335.1,4.875,8910.0,1141.29,17811.49,735.75,1.09,8
8335.1,4.875,8910.0,1146.29,17816.49,735.875,1.536,8
8335.1,4.875,8910.0,1151.29,17821.49,736.125,0.927,8
8335.1,4.875,8910.0,1156.29,17826.49,735.375,1.317,8
8335.1,4.875,8910.0,1161.29,17831.49,735.875,1.053,8
8335.1,4.875,8910.0,1166.29,17836.49,735.625,0.696,8
8335.1,4.875,8910.0,1171.29,17841.49,735.125,1.166,8
8335.1,4.875,8910.0,1176.29,17846.49,735.125,1.269,8
8335.1,4.875,8910.0,1181.29,17851.49,735.5,0.707,8
8335.1,4.875,8910.0,1186.29,17856.49,735.0,1.118,8
8335.1,4.875,8910.0,1191.29,17861.49,735.375,0.857,8
8335.1,4.875,8910.0,1196.29,17866.49,735.375,1.111,8
8335.1,4.875,8910.0,1201.29,17871.49,735.0,1.0,8
8335.1,4.875,8910.0,1206.29,17876.49,735.375,0.992,8
8335.1,4.875,8910.0,1211.29,17881.49,735.5,1.581,8
8335.1,4.875,8910.0,1216.29,17886.49,735.875,1.166,8
8335.1,4.875,8910.0,1221.29,17891.49,734.75,0.829,8
8335.1,4.875,8910.0,1226.29,17896.49,735.25,1.09,8
8335.1,4.875,8910.0,1231.29,17901.49,735.0,2.062,8
8335.1,4.875,8910.0,1236.29,17906.49,734.875,1.053,8
8335.1,4.875,8910.0,1241.29,17911.49,735.125,1.269,8
8335.1,4.875,8910.0,1246.29,17916.49,735.125,1.536,8
8335.1,4.875,8910.0,1251.29,17921.49,735.75,0.829,8
8335.1,4.875,8910.0,1256.29,17926.49,735.125,0.927,8
8335.1,4.875,8910.0,1261.29,17931.49,734.875,1.452,8
8335.1,4.875,8910.0,1266.29,17936.49,734.5,1.0,8
8335.1,4.875,8910.0,1271.29,17941.49,735.0,1.581,8
8335.1,4.875,8910.0,1276.29,17946.49,734.625,1.218,8
8335.1,4.875,8910.0,1281.29,17951.49,734.875,0.781,8
8335.1,4.875,8910.0,1286.29,17956.49,734.375,0.857,8
8335.1,4.875,8910.0,1291.29,17961.49,734.625,1.218,8
8335.1,4.875,8910.0,1296.29,17966.49,735.0,0.866,8
8335.1,4.875,8910.0,1301.29,17971.49,735.0,1.0,8
8335.1,4.875,8910.0,1306.29,17976.49,734.75,0.661,8
8335.1,4.875,8910.0,1311.29,17981.49,735.125,1.833,8
8335.1,4.875,8910.0,1316.29,17986.49,735.375,1.111,8
8335.1,4.875,8910.0,1321.29,17991.49,735.25,1.199,8
8335.1,4.875,8910.0,1326.29,17996.49,735.25,1.09,8
8335.1,4.875,8910.0,1331.29,18001.49,735.375,1.409,8
8335.1,4.875,8910.0,1336.29,18006.49,735.375,0.484,8
8335.1,4.875,8910.0,1341.29,18011.49,735.25,1.714,8
8335.1,4.875,8910.0,1346.29,18016.49,735.875,1.053,8
8335.1,4.875,8910.0,1351.29,18021.49,734.875,1.053,8
8335.1,4.875,8910.0,1356.29,18026.49,735.25,1.714,8
8335.1,4.875,8910.0,1361.29,18031.49,735.0,0.707,8
8335.1,4.875,8910.0,1366.29,18036.49,734.875,1.166,8
8335.1,4.875,8910.0,1371.29,18041.49,735.125,1.053,8
8335.1,4.875,8910.0,1376.29,18046.49,735.25,1.561,8
8335.1,4.875,8910.0,1381.29,18051.49,734.5,1.118,8
8335.1,4.875,8910.0,1386.29,18056.49,734.75,0.968,8
8335.1,4.875,8910.0,1391.29,18061.49,734.75,1.299,8
8335.1,4.875,8910.0,1396.29,18066.49,734.875,1.166,8
8335.1,4.875,8910.0,1401.29,18071.49,735.375,0.992,8
8335.1,4.875,8910.0,1406.29,18076.49,735.125,0.927,8
