ISO-10303-21;
HEADER;
FILE_DESCRIPTION(('M12x0.5 lens holder for LauPythonCamera_Pt_Stack'),'2;1');
FILE_NAME('camera_lens_holder','2026-08-13T00:00:00',('AuV2-SLI'),('University of Kentucky'),'gen_lens_holder.py','gen_lens_holder.py','');
FILE_SCHEMA(('AUTOMOTIVE_DESIGN { 1 0 10303 214 1 1 1 1 }'));
ENDSEC;
DATA;
#1=CARTESIAN_POINT('',(17.,-23.,7.5));
#2=VERTEX_POINT('',#1);
#3=CARTESIAN_POINT('',(17.5176381,-22.9318517,7.5));
#4=VERTEX_POINT('',#3);
#5=CARTESIAN_POINT('',(18.,-22.7320508,7.5));
#6=VERTEX_POINT('',#5);
#7=CARTESIAN_POINT('',(18.4142136,-22.4142136,7.5));
#8=VERTEX_POINT('',#7);
#9=CARTESIAN_POINT('',(18.7320508,-22.,7.5));
#10=VERTEX_POINT('',#9);
#11=CARTESIAN_POINT('',(18.9318517,-21.5176381,7.5));
#12=VERTEX_POINT('',#11);
#13=CARTESIAN_POINT('',(19.,-21.,7.5));
#14=VERTEX_POINT('',#13);
#15=CARTESIAN_POINT('',(19.,20.,7.5));
#16=VERTEX_POINT('',#15);
#17=CARTESIAN_POINT('',(18.9318517,20.5176381,7.5));
#18=VERTEX_POINT('',#17);
#19=CARTESIAN_POINT('',(18.7320508,21.,7.5));
#20=VERTEX_POINT('',#19);
#21=CARTESIAN_POINT('',(18.4142136,21.4142136,7.5));
#22=VERTEX_POINT('',#21);
#23=CARTESIAN_POINT('',(18.,21.7320508,7.5));
#24=VERTEX_POINT('',#23);
#25=CARTESIAN_POINT('',(17.5176381,21.9318517,7.5));
#26=VERTEX_POINT('',#25);
#27=CARTESIAN_POINT('',(17.,22.,7.5));
#28=VERTEX_POINT('',#27);
#29=CARTESIAN_POINT('',(-34.,22.,7.5));
#30=VERTEX_POINT('',#29);
#31=CARTESIAN_POINT('',(-34.5176381,21.9318517,7.5));
#32=VERTEX_POINT('',#31);
#33=CARTESIAN_POINT('',(-35.,21.7320508,7.5));
#34=VERTEX_POINT('',#33);
#35=CARTESIAN_POINT('',(-35.4142136,21.4142136,7.5));
#36=VERTEX_POINT('',#35);
#37=CARTESIAN_POINT('',(-35.7320508,21.,7.5));
#38=VERTEX_POINT('',#37);
#39=CARTESIAN_POINT('',(-35.9318517,20.5176381,7.5));
#40=VERTEX_POINT('',#39);
#41=CARTESIAN_POINT('',(-36.,20.,7.5));
#42=VERTEX_POINT('',#41);
#43=CARTESIAN_POINT('',(-36.,-21.,7.5));
#44=VERTEX_POINT('',#43);
#45=CARTESIAN_POINT('',(-35.9318517,-21.5176381,7.5));
#46=VERTEX_POINT('',#45);
#47=CARTESIAN_POINT('',(-35.7320508,-22.,7.5));
#48=VERTEX_POINT('',#47);
#49=CARTESIAN_POINT('',(-35.4142136,-22.4142136,7.5));
#50=VERTEX_POINT('',#49);
#51=CARTESIAN_POINT('',(-35.,-22.7320508,7.5));
#52=VERTEX_POINT('',#51);
#53=CARTESIAN_POINT('',(-34.5176381,-22.9318517,7.5));
#54=VERTEX_POINT('',#53);
#55=CARTESIAN_POINT('',(-34.,-23.,7.5));
#56=VERTEX_POINT('',#55);
#57=DIRECTION('',(0.991444861,0.130526191,0.));
#58=VECTOR('',#57,1.);
#59=LINE('',#1,#58);
#60=EDGE_CURVE('',#2,#4,#59,.T.);
#61=ORIENTED_EDGE('',*,*,#60,.T.);
#62=DIRECTION('',(0.923879533,0.382683432,0.));
#63=VECTOR('',#62,1.);
#64=LINE('',#3,#63);
#65=EDGE_CURVE('',#4,#6,#64,.T.);
#66=ORIENTED_EDGE('',*,*,#65,.T.);
#67=DIRECTION('',(0.793353339,0.60876143,0.));
#68=VECTOR('',#67,1.);
#69=LINE('',#5,#68);
#70=EDGE_CURVE('',#6,#8,#69,.T.);
#71=ORIENTED_EDGE('',*,*,#70,.T.);
#72=DIRECTION('',(0.60876143,0.793353339,0.));
#73=VECTOR('',#72,1.);
#74=LINE('',#7,#73);
#75=EDGE_CURVE('',#8,#10,#74,.T.);
#76=ORIENTED_EDGE('',*,*,#75,.T.);
#77=DIRECTION('',(0.382683432,0.923879533,0.));
#78=VECTOR('',#77,1.);
#79=LINE('',#9,#78);
#80=EDGE_CURVE('',#10,#12,#79,.T.);
#81=ORIENTED_EDGE('',*,*,#80,.T.);
#82=DIRECTION('',(0.130526191,0.991444861,0.));
#83=VECTOR('',#82,1.);
#84=LINE('',#11,#83);
#85=EDGE_CURVE('',#12,#14,#84,.T.);
#86=ORIENTED_EDGE('',*,*,#85,.T.);
#87=DIRECTION('',(0.,1.,0.));
#88=VECTOR('',#87,1.);
#89=LINE('',#13,#88);
#90=EDGE_CURVE('',#14,#16,#89,.T.);
#91=ORIENTED_EDGE('',*,*,#90,.T.);
#92=DIRECTION('',(0.130526191,-0.991444861,0.));
#93=VECTOR('',#92,1.);
#94=LINE('',#17,#93);
#95=EDGE_CURVE('',#18,#16,#94,.T.);
#96=ORIENTED_EDGE('',*,*,#95,.F.);
#97=DIRECTION('',(0.382683432,-0.923879533,0.));
#98=VECTOR('',#97,1.);
#99=LINE('',#19,#98);
#100=EDGE_CURVE('',#20,#18,#99,.T.);
#101=ORIENTED_EDGE('',*,*,#100,.F.);
#102=DIRECTION('',(0.60876143,-0.793353339,0.));
#103=VECTOR('',#102,1.);
#104=LINE('',#21,#103);
#105=EDGE_CURVE('',#22,#20,#104,.T.);
#106=ORIENTED_EDGE('',*,*,#105,.F.);
#107=DIRECTION('',(0.793353339,-0.60876143,0.));
#108=VECTOR('',#107,1.);
#109=LINE('',#23,#108);
#110=EDGE_CURVE('',#24,#22,#109,.T.);
#111=ORIENTED_EDGE('',*,*,#110,.F.);
#112=DIRECTION('',(0.923879533,-0.382683432,0.));
#113=VECTOR('',#112,1.);
#114=LINE('',#25,#113);
#115=EDGE_CURVE('',#26,#24,#114,.T.);
#116=ORIENTED_EDGE('',*,*,#115,.F.);
#117=DIRECTION('',(0.991444861,-0.130526191,0.));
#118=VECTOR('',#117,1.);
#119=LINE('',#27,#118);
#120=EDGE_CURVE('',#28,#26,#119,.T.);
#121=ORIENTED_EDGE('',*,*,#120,.F.);
#122=DIRECTION('',(1.,0.,0.));
#123=VECTOR('',#122,1.);
#124=LINE('',#29,#123);
#125=EDGE_CURVE('',#30,#28,#124,.T.);
#126=ORIENTED_EDGE('',*,*,#125,.F.);
#127=VECTOR('',#57,1.);
#128=LINE('',#31,#127);
#129=EDGE_CURVE('',#32,#30,#128,.T.);
#130=ORIENTED_EDGE('',*,*,#129,.F.);
#131=VECTOR('',#62,1.);
#132=LINE('',#33,#131);
#133=EDGE_CURVE('',#34,#32,#132,.T.);
#134=ORIENTED_EDGE('',*,*,#133,.F.);
#135=VECTOR('',#67,1.);
#136=LINE('',#35,#135);
#137=EDGE_CURVE('',#36,#34,#136,.T.);
#138=ORIENTED_EDGE('',*,*,#137,.F.);
#139=VECTOR('',#72,1.);
#140=LINE('',#37,#139);
#141=EDGE_CURVE('',#38,#36,#140,.T.);
#142=ORIENTED_EDGE('',*,*,#141,.F.);
#143=VECTOR('',#77,1.);
#144=LINE('',#39,#143);
#145=EDGE_CURVE('',#40,#38,#144,.T.);
#146=ORIENTED_EDGE('',*,*,#145,.F.);
#147=VECTOR('',#82,1.);
#148=LINE('',#41,#147);
#149=EDGE_CURVE('',#42,#40,#148,.T.);
#150=ORIENTED_EDGE('',*,*,#149,.F.);
#151=VECTOR('',#87,1.);
#152=LINE('',#43,#151);
#153=EDGE_CURVE('',#44,#42,#152,.T.);
#154=ORIENTED_EDGE('',*,*,#153,.F.);
#155=VECTOR('',#92,1.);
#156=LINE('',#43,#155);
#157=EDGE_CURVE('',#44,#46,#156,.T.);
#158=ORIENTED_EDGE('',*,*,#157,.T.);
#159=VECTOR('',#97,1.);
#160=LINE('',#45,#159);
#161=EDGE_CURVE('',#46,#48,#160,.T.);
#162=ORIENTED_EDGE('',*,*,#161,.T.);
#163=VECTOR('',#102,1.);
#164=LINE('',#47,#163);
#165=EDGE_CURVE('',#48,#50,#164,.T.);
#166=ORIENTED_EDGE('',*,*,#165,.T.);
#167=VECTOR('',#107,1.);
#168=LINE('',#49,#167);
#169=EDGE_CURVE('',#50,#52,#168,.T.);
#170=ORIENTED_EDGE('',*,*,#169,.T.);
#171=VECTOR('',#112,1.);
#172=LINE('',#51,#171);
#173=EDGE_CURVE('',#52,#54,#172,.T.);
#174=ORIENTED_EDGE('',*,*,#173,.T.);
#175=VECTOR('',#117,1.);
#176=LINE('',#53,#175);
#177=EDGE_CURVE('',#54,#56,#176,.T.);
#178=ORIENTED_EDGE('',*,*,#177,.T.);
#179=VECTOR('',#122,1.);
#180=LINE('',#55,#179);
#181=EDGE_CURVE('',#56,#2,#180,.T.);
#182=ORIENTED_EDGE('',*,*,#181,.T.);
#183=EDGE_LOOP('',(#61,#66,#71,#76,#81,#86,#91,#96,#101,#106,#111,#116,#121,#126,#130,#134,#138,#142,#146,#150,#154,#158,#162,#166,#170,#174,#178,#182));
#184=FACE_OUTER_BOUND('',#183,.T.);
#185=CARTESIAN_POINT('',(-32.3102662,19.3433686,7.5));
#186=VERTEX_POINT('',#185);
#187=CARTESIAN_POINT('',(-32.340889,19.1894171,7.5));
#188=VERTEX_POINT('',#187);
#189=CARTESIAN_POINT('',(-32.3913446,19.0407799,7.5));
#190=VERTEX_POINT('',#189);
#191=CARTESIAN_POINT('',(-32.4607695,18.9,7.5));
#192=VERTEX_POINT('',#191);
#193=CARTESIAN_POINT('',(-32.547976,18.7694863,7.5));
#194=VERTEX_POINT('',#193);
#195=CARTESIAN_POINT('',(-32.6514719,18.6514719,7.5));
#196=VERTEX_POINT('',#195);
#197=CARTESIAN_POINT('',(-32.7694863,18.547976,7.5));
#198=VERTEX_POINT('',#197);
#199=CARTESIAN_POINT('',(-32.9,18.4607695,7.5));
#200=VERTEX_POINT('',#199);
#201=CARTESIAN_POINT('',(-33.0407799,18.3913446,7.5));
#202=VERTEX_POINT('',#201);
#203=CARTESIAN_POINT('',(-33.1894171,18.340889,7.5));
#204=VERTEX_POINT('',#203);
#205=CARTESIAN_POINT('',(-33.3433686,18.3102662,7.5));
#206=VERTEX_POINT('',#205);
#207=CARTESIAN_POINT('',(-33.5,18.3,7.5));
#208=VERTEX_POINT('',#207);
#209=CARTESIAN_POINT('',(-33.6566314,18.3102662,7.5));
#210=VERTEX_POINT('',#209);
#211=CARTESIAN_POINT('',(-33.8105829,18.340889,7.5));
#212=VERTEX_POINT('',#211);
#213=CARTESIAN_POINT('',(-33.9592201,18.3913446,7.5));
#214=VERTEX_POINT('',#213);
#215=CARTESIAN_POINT('',(-34.1,18.4607695,7.5));
#216=VERTEX_POINT('',#215);
#217=CARTESIAN_POINT('',(-34.2305137,18.547976,7.5));
#218=VERTEX_POINT('',#217);
#219=CARTESIAN_POINT('',(-34.3485281,18.6514719,7.5));
#220=VERTEX_POINT('',#219);
#221=CARTESIAN_POINT('',(-34.452024,18.7694863,7.5));
#222=VERTEX_POINT('',#221);
#223=CARTESIAN_POINT('',(-34.5392305,18.9,7.5));
#224=VERTEX_POINT('',#223);
#225=CARTESIAN_POINT('',(-34.6086554,19.0407799,7.5));
#226=VERTEX_POINT('',#225);
#227=CARTESIAN_POINT('',(-34.659111,19.1894171,7.5));
#228=VERTEX_POINT('',#227);
#229=CARTESIAN_POINT('',(-34.6897338,19.3433686,7.5));
#230=VERTEX_POINT('',#229);
#231=CARTESIAN_POINT('',(-34.7,19.5,7.5));
#232=VERTEX_POINT('',#231);
#233=CARTESIAN_POINT('',(-34.6897338,19.6566314,7.5));
#234=VERTEX_POINT('',#233);
#235=CARTESIAN_POINT('',(-34.659111,19.8105829,7.5));
#236=VERTEX_POINT('',#235);
#237=CARTESIAN_POINT('',(-34.6086554,19.9592201,7.5));
#238=VERTEX_POINT('',#237);
#239=CARTESIAN_POINT('',(-34.5392305,20.1,7.5));
#240=VERTEX_POINT('',#239);
#241=CARTESIAN_POINT('',(-34.452024,20.2305137,7.5));
#242=VERTEX_POINT('',#241);
#243=CARTESIAN_POINT('',(-34.3485281,20.3485281,7.5));
#244=VERTEX_POINT('',#243);
#245=CARTESIAN_POINT('',(-34.2305137,20.452024,7.5));
#246=VERTEX_POINT('',#245);
#247=CARTESIAN_POINT('',(-34.1,20.5392305,7.5));
#248=VERTEX_POINT('',#247);
#249=CARTESIAN_POINT('',(-33.9592201,20.6086554,7.5));
#250=VERTEX_POINT('',#249);
#251=CARTESIAN_POINT('',(-33.8105829,20.659111,7.5));
#252=VERTEX_POINT('',#251);
#253=CARTESIAN_POINT('',(-33.6566314,20.6897338,7.5));
#254=VERTEX_POINT('',#253);
#255=CARTESIAN_POINT('',(-33.5,20.7,7.5));
#256=VERTEX_POINT('',#255);
#257=CARTESIAN_POINT('',(-33.3433686,20.6897338,7.5));
#258=VERTEX_POINT('',#257);
#259=CARTESIAN_POINT('',(-33.1894171,20.659111,7.5));
#260=VERTEX_POINT('',#259);
#261=CARTESIAN_POINT('',(-33.0407799,20.6086554,7.5));
#262=VERTEX_POINT('',#261);
#263=CARTESIAN_POINT('',(-32.9,20.5392305,7.5));
#264=VERTEX_POINT('',#263);
#265=CARTESIAN_POINT('',(-32.7694863,20.452024,7.5));
#266=VERTEX_POINT('',#265);
#267=CARTESIAN_POINT('',(-32.6514719,20.3485281,7.5));
#268=VERTEX_POINT('',#267);
#269=CARTESIAN_POINT('',(-32.547976,20.2305137,7.5));
#270=VERTEX_POINT('',#269);
#271=CARTESIAN_POINT('',(-32.4607695,20.1,7.5));
#272=VERTEX_POINT('',#271);
#273=CARTESIAN_POINT('',(-32.3913446,19.9592201,7.5));
#274=VERTEX_POINT('',#273);
#275=CARTESIAN_POINT('',(-32.340889,19.8105829,7.5));
#276=VERTEX_POINT('',#275);
#277=CARTESIAN_POINT('',(-32.3102662,19.6566314,7.5));
#278=VERTEX_POINT('',#277);
#279=CARTESIAN_POINT('',(-32.3,19.5,7.5));
#280=VERTEX_POINT('',#279);
#281=DIRECTION('',(0.195090322,0.98078528,0.));
#282=VECTOR('',#281,1.);
#283=LINE('',#187,#282);
#284=EDGE_CURVE('',#188,#186,#283,.T.);
#285=ORIENTED_EDGE('',*,*,#284,.F.);
#286=DIRECTION('',(0.321439467,0.946930129,0.));
#287=VECTOR('',#286,1.);
#288=LINE('',#189,#287);
#289=EDGE_CURVE('',#190,#188,#288,.T.);
#290=ORIENTED_EDGE('',*,*,#289,.F.);
#291=DIRECTION('',(0.442288688,0.896872743,0.));
#292=VECTOR('',#291,1.);
#293=LINE('',#191,#292);
#294=EDGE_CURVE('',#192,#190,#293,.T.);
#295=ORIENTED_EDGE('',*,*,#294,.F.);
#296=DIRECTION('',(0.555570236,0.83146961,0.));
#297=VECTOR('',#296,1.);
#298=LINE('',#193,#297);
#299=EDGE_CURVE('',#194,#192,#298,.T.);
#300=ORIENTED_EDGE('',*,*,#299,.F.);
#301=DIRECTION('',(0.659345817,0.751839806,0.));
#302=VECTOR('',#301,1.);
#303=LINE('',#195,#302);
#304=EDGE_CURVE('',#196,#194,#303,.T.);
#305=ORIENTED_EDGE('',*,*,#304,.F.);
#306=DIRECTION('',(0.751839806,0.659345817,0.));
#307=VECTOR('',#306,1.);
#308=LINE('',#197,#307);
#309=EDGE_CURVE('',#198,#196,#308,.T.);
#310=ORIENTED_EDGE('',*,*,#309,.F.);
#311=DIRECTION('',(0.83146961,0.555570236,0.));
#312=VECTOR('',#311,1.);
#313=LINE('',#199,#312);
#314=EDGE_CURVE('',#200,#198,#313,.T.);
#315=ORIENTED_EDGE('',*,*,#314,.F.);
#316=DIRECTION('',(0.896872743,0.442288688,0.));
#317=VECTOR('',#316,1.);
#318=LINE('',#201,#317);
#319=EDGE_CURVE('',#202,#200,#318,.T.);
#320=ORIENTED_EDGE('',*,*,#319,.F.);
#321=DIRECTION('',(0.946930129,0.321439467,0.));
#322=VECTOR('',#321,1.);
#323=LINE('',#203,#322);
#324=EDGE_CURVE('',#204,#202,#323,.T.);
#325=ORIENTED_EDGE('',*,*,#324,.F.);
#326=DIRECTION('',(0.98078528,0.195090322,0.));
#327=VECTOR('',#326,1.);
#328=LINE('',#205,#327);
#329=EDGE_CURVE('',#206,#204,#328,.T.);
#330=ORIENTED_EDGE('',*,*,#329,.F.);
#331=DIRECTION('',(0.997858923,0.0654031269,0.));
#332=VECTOR('',#331,1.);
#333=LINE('',#207,#332);
#334=EDGE_CURVE('',#208,#206,#333,.T.);
#335=ORIENTED_EDGE('',*,*,#334,.F.);
#336=DIRECTION('',(0.997858923,-0.0654031269,0.));
#337=VECTOR('',#336,1.);
#338=LINE('',#209,#337);
#339=EDGE_CURVE('',#210,#208,#338,.T.);
#340=ORIENTED_EDGE('',*,*,#339,.F.);
#341=DIRECTION('',(0.98078528,-0.195090322,0.));
#342=VECTOR('',#341,1.);
#343=LINE('',#211,#342);
#344=EDGE_CURVE('',#212,#210,#343,.T.);
#345=ORIENTED_EDGE('',*,*,#344,.F.);
#346=DIRECTION('',(0.946930129,-0.321439467,0.));
#347=VECTOR('',#346,1.);
#348=LINE('',#213,#347);
#349=EDGE_CURVE('',#214,#212,#348,.T.);
#350=ORIENTED_EDGE('',*,*,#349,.F.);
#351=DIRECTION('',(0.896872743,-0.442288688,0.));
#352=VECTOR('',#351,1.);
#353=LINE('',#215,#352);
#354=EDGE_CURVE('',#216,#214,#353,.T.);
#355=ORIENTED_EDGE('',*,*,#354,.F.);
#356=DIRECTION('',(0.83146961,-0.555570236,0.));
#357=VECTOR('',#356,1.);
#358=LINE('',#217,#357);
#359=EDGE_CURVE('',#218,#216,#358,.T.);
#360=ORIENTED_EDGE('',*,*,#359,.F.);
#361=DIRECTION('',(0.751839806,-0.659345817,0.));
#362=VECTOR('',#361,1.);
#363=LINE('',#219,#362);
#364=EDGE_CURVE('',#220,#218,#363,.T.);
#365=ORIENTED_EDGE('',*,*,#364,.F.);
#366=DIRECTION('',(0.659345817,-0.751839806,0.));
#367=VECTOR('',#366,1.);
#368=LINE('',#221,#367);
#369=EDGE_CURVE('',#222,#220,#368,.T.);
#370=ORIENTED_EDGE('',*,*,#369,.F.);
#371=DIRECTION('',(0.555570236,-0.83146961,0.));
#372=VECTOR('',#371,1.);
#373=LINE('',#223,#372);
#374=EDGE_CURVE('',#224,#222,#373,.T.);
#375=ORIENTED_EDGE('',*,*,#374,.F.);
#376=DIRECTION('',(0.442288688,-0.896872743,0.));
#377=VECTOR('',#376,1.);
#378=LINE('',#225,#377);
#379=EDGE_CURVE('',#226,#224,#378,.T.);
#380=ORIENTED_EDGE('',*,*,#379,.F.);
#381=DIRECTION('',(0.321439467,-0.946930129,0.));
#382=VECTOR('',#381,1.);
#383=LINE('',#227,#382);
#384=EDGE_CURVE('',#228,#226,#383,.T.);
#385=ORIENTED_EDGE('',*,*,#384,.F.);
#386=DIRECTION('',(0.195090322,-0.98078528,0.));
#387=VECTOR('',#386,1.);
#388=LINE('',#229,#387);
#389=EDGE_CURVE('',#230,#228,#388,.T.);
#390=ORIENTED_EDGE('',*,*,#389,.F.);
#391=DIRECTION('',(0.0654031269,-0.997858923,0.));
#392=VECTOR('',#391,1.);
#393=LINE('',#231,#392);
#394=EDGE_CURVE('',#232,#230,#393,.T.);
#395=ORIENTED_EDGE('',*,*,#394,.F.);
#396=DIRECTION('',(0.0654031269,0.997858923,0.));
#397=VECTOR('',#396,1.);
#398=LINE('',#231,#397);
#399=EDGE_CURVE('',#232,#234,#398,.T.);
#400=ORIENTED_EDGE('',*,*,#399,.T.);
#401=VECTOR('',#281,1.);
#402=LINE('',#233,#401);
#403=EDGE_CURVE('',#234,#236,#402,.T.);
#404=ORIENTED_EDGE('',*,*,#403,.T.);
#405=VECTOR('',#286,1.);
#406=LINE('',#235,#405);
#407=EDGE_CURVE('',#236,#238,#406,.T.);
#408=ORIENTED_EDGE('',*,*,#407,.T.);
#409=VECTOR('',#291,1.);
#410=LINE('',#237,#409);
#411=EDGE_CURVE('',#238,#240,#410,.T.);
#412=ORIENTED_EDGE('',*,*,#411,.T.);
#413=VECTOR('',#296,1.);
#414=LINE('',#239,#413);
#415=EDGE_CURVE('',#240,#242,#414,.T.);
#416=ORIENTED_EDGE('',*,*,#415,.T.);
#417=VECTOR('',#301,1.);
#418=LINE('',#241,#417);
#419=EDGE_CURVE('',#242,#244,#418,.T.);
#420=ORIENTED_EDGE('',*,*,#419,.T.);
#421=VECTOR('',#306,1.);
#422=LINE('',#243,#421);
#423=EDGE_CURVE('',#244,#246,#422,.T.);
#424=ORIENTED_EDGE('',*,*,#423,.T.);
#425=VECTOR('',#311,1.);
#426=LINE('',#245,#425);
#427=EDGE_CURVE('',#246,#248,#426,.T.);
#428=ORIENTED_EDGE('',*,*,#427,.T.);
#429=VECTOR('',#316,1.);
#430=LINE('',#247,#429);
#431=EDGE_CURVE('',#248,#250,#430,.T.);
#432=ORIENTED_EDGE('',*,*,#431,.T.);
#433=VECTOR('',#321,1.);
#434=LINE('',#249,#433);
#435=EDGE_CURVE('',#250,#252,#434,.T.);
#436=ORIENTED_EDGE('',*,*,#435,.T.);
#437=VECTOR('',#326,1.);
#438=LINE('',#251,#437);
#439=EDGE_CURVE('',#252,#254,#438,.T.);
#440=ORIENTED_EDGE('',*,*,#439,.T.);
#441=VECTOR('',#331,1.);
#442=LINE('',#253,#441);
#443=EDGE_CURVE('',#254,#256,#442,.T.);
#444=ORIENTED_EDGE('',*,*,#443,.T.);
#445=VECTOR('',#336,1.);
#446=LINE('',#255,#445);
#447=EDGE_CURVE('',#256,#258,#446,.T.);
#448=ORIENTED_EDGE('',*,*,#447,.T.);
#449=VECTOR('',#341,1.);
#450=LINE('',#257,#449);
#451=EDGE_CURVE('',#258,#260,#450,.T.);
#452=ORIENTED_EDGE('',*,*,#451,.T.);
#453=VECTOR('',#346,1.);
#454=LINE('',#259,#453);
#455=EDGE_CURVE('',#260,#262,#454,.T.);
#456=ORIENTED_EDGE('',*,*,#455,.T.);
#457=VECTOR('',#351,1.);
#458=LINE('',#261,#457);
#459=EDGE_CURVE('',#262,#264,#458,.T.);
#460=ORIENTED_EDGE('',*,*,#459,.T.);
#461=VECTOR('',#356,1.);
#462=LINE('',#263,#461);
#463=EDGE_CURVE('',#264,#266,#462,.T.);
#464=ORIENTED_EDGE('',*,*,#463,.T.);
#465=VECTOR('',#361,1.);
#466=LINE('',#265,#465);
#467=EDGE_CURVE('',#266,#268,#466,.T.);
#468=ORIENTED_EDGE('',*,*,#467,.T.);
#469=VECTOR('',#366,1.);
#470=LINE('',#267,#469);
#471=EDGE_CURVE('',#268,#270,#470,.T.);
#472=ORIENTED_EDGE('',*,*,#471,.T.);
#473=VECTOR('',#371,1.);
#474=LINE('',#269,#473);
#475=EDGE_CURVE('',#270,#272,#474,.T.);
#476=ORIENTED_EDGE('',*,*,#475,.T.);
#477=VECTOR('',#376,1.);
#478=LINE('',#271,#477);
#479=EDGE_CURVE('',#272,#274,#478,.T.);
#480=ORIENTED_EDGE('',*,*,#479,.T.);
#481=VECTOR('',#381,1.);
#482=LINE('',#273,#481);
#483=EDGE_CURVE('',#274,#276,#482,.T.);
#484=ORIENTED_EDGE('',*,*,#483,.T.);
#485=VECTOR('',#386,1.);
#486=LINE('',#275,#485);
#487=EDGE_CURVE('',#276,#278,#486,.T.);
#488=ORIENTED_EDGE('',*,*,#487,.T.);
#489=VECTOR('',#391,1.);
#490=LINE('',#277,#489);
#491=EDGE_CURVE('',#278,#280,#490,.T.);
#492=ORIENTED_EDGE('',*,*,#491,.T.);
#493=VECTOR('',#396,1.);
#494=LINE('',#185,#493);
#495=EDGE_CURVE('',#186,#280,#494,.T.);
#496=ORIENTED_EDGE('',*,*,#495,.F.);
#497=EDGE_LOOP('',(#285,#290,#295,#300,#305,#310,#315,#320,#325,#330,#335,#340,#345,#350,#355,#360,#365,#370,#375,#380,#385,#390,#395,#400,#404,#408,#412,#416,#420,#424,#428,#432,#436,#440,#444,#448,#452,#456,#460,#464,#468,#472,#476,#480,#484,#488,#492,#496));
#498=FACE_BOUND('',#497,.T.);
#499=CARTESIAN_POINT('',(-32.3102662,-20.6566314,7.5));
#500=VERTEX_POINT('',#499);
#501=CARTESIAN_POINT('',(-32.340889,-20.8105829,7.5));
#502=VERTEX_POINT('',#501);
#503=CARTESIAN_POINT('',(-32.3913446,-20.9592201,7.5));
#504=VERTEX_POINT('',#503);
#505=CARTESIAN_POINT('',(-32.4607695,-21.1,7.5));
#506=VERTEX_POINT('',#505);
#507=CARTESIAN_POINT('',(-32.547976,-21.2305137,7.5));
#508=VERTEX_POINT('',#507);
#509=CARTESIAN_POINT('',(-32.6514719,-21.3485281,7.5));
#510=VERTEX_POINT('',#509);
#511=CARTESIAN_POINT('',(-32.7694863,-21.452024,7.5));
#512=VERTEX_POINT('',#511);
#513=CARTESIAN_POINT('',(-32.9,-21.5392305,7.5));
#514=VERTEX_POINT('',#513);
#515=CARTESIAN_POINT('',(-33.0407799,-21.6086554,7.5));
#516=VERTEX_POINT('',#515);
#517=CARTESIAN_POINT('',(-33.1894171,-21.659111,7.5));
#518=VERTEX_POINT('',#517);
#519=CARTESIAN_POINT('',(-33.3433686,-21.6897338,7.5));
#520=VERTEX_POINT('',#519);
#521=CARTESIAN_POINT('',(-33.5,-21.7,7.5));
#522=VERTEX_POINT('',#521);
#523=CARTESIAN_POINT('',(-33.6566314,-21.6897338,7.5));
#524=VERTEX_POINT('',#523);
#525=CARTESIAN_POINT('',(-33.8105829,-21.659111,7.5));
#526=VERTEX_POINT('',#525);
#527=CARTESIAN_POINT('',(-33.9592201,-21.6086554,7.5));
#528=VERTEX_POINT('',#527);
#529=CARTESIAN_POINT('',(-34.1,-21.5392305,7.5));
#530=VERTEX_POINT('',#529);
#531=CARTESIAN_POINT('',(-34.2305137,-21.452024,7.5));
#532=VERTEX_POINT('',#531);
#533=CARTESIAN_POINT('',(-34.3485281,-21.3485281,7.5));
#534=VERTEX_POINT('',#533);
#535=CARTESIAN_POINT('',(-34.452024,-21.2305137,7.5));
#536=VERTEX_POINT('',#535);
#537=CARTESIAN_POINT('',(-34.5392305,-21.1,7.5));
#538=VERTEX_POINT('',#537);
#539=CARTESIAN_POINT('',(-34.6086554,-20.9592201,7.5));
#540=VERTEX_POINT('',#539);
#541=CARTESIAN_POINT('',(-34.659111,-20.8105829,7.5));
#542=VERTEX_POINT('',#541);
#543=CARTESIAN_POINT('',(-34.6897338,-20.6566314,7.5));
#544=VERTEX_POINT('',#543);
#545=CARTESIAN_POINT('',(-34.7,-20.5,7.5));
#546=VERTEX_POINT('',#545);
#547=CARTESIAN_POINT('',(-34.6897338,-20.3433686,7.5));
#548=VERTEX_POINT('',#547);
#549=CARTESIAN_POINT('',(-34.659111,-20.1894171,7.5));
#550=VERTEX_POINT('',#549);
#551=CARTESIAN_POINT('',(-34.6086554,-20.0407799,7.5));
#552=VERTEX_POINT('',#551);
#553=CARTESIAN_POINT('',(-34.5392305,-19.9,7.5));
#554=VERTEX_POINT('',#553);
#555=CARTESIAN_POINT('',(-34.452024,-19.7694863,7.5));
#556=VERTEX_POINT('',#555);
#557=CARTESIAN_POINT('',(-34.3485281,-19.6514719,7.5));
#558=VERTEX_POINT('',#557);
#559=CARTESIAN_POINT('',(-34.2305137,-19.547976,7.5));
#560=VERTEX_POINT('',#559);
#561=CARTESIAN_POINT('',(-34.1,-19.4607695,7.5));
#562=VERTEX_POINT('',#561);
#563=CARTESIAN_POINT('',(-33.9592201,-19.3913446,7.5));
#564=VERTEX_POINT('',#563);
#565=CARTESIAN_POINT('',(-33.8105829,-19.340889,7.5));
#566=VERTEX_POINT('',#565);
#567=CARTESIAN_POINT('',(-33.6566314,-19.3102662,7.5));
#568=VERTEX_POINT('',#567);
#569=CARTESIAN_POINT('',(-33.5,-19.3,7.5));
#570=VERTEX_POINT('',#569);
#571=CARTESIAN_POINT('',(-33.3433686,-19.3102662,7.5));
#572=VERTEX_POINT('',#571);
#573=CARTESIAN_POINT('',(-33.1894171,-19.340889,7.5));
#574=VERTEX_POINT('',#573);
#575=CARTESIAN_POINT('',(-33.0407799,-19.3913446,7.5));
#576=VERTEX_POINT('',#575);
#577=CARTESIAN_POINT('',(-32.9,-19.4607695,7.5));
#578=VERTEX_POINT('',#577);
#579=CARTESIAN_POINT('',(-32.7694863,-19.547976,7.5));
#580=VERTEX_POINT('',#579);
#581=CARTESIAN_POINT('',(-32.6514719,-19.6514719,7.5));
#582=VERTEX_POINT('',#581);
#583=CARTESIAN_POINT('',(-32.547976,-19.7694863,7.5));
#584=VERTEX_POINT('',#583);
#585=CARTESIAN_POINT('',(-32.4607695,-19.9,7.5));
#586=VERTEX_POINT('',#585);
#587=CARTESIAN_POINT('',(-32.3913446,-20.0407799,7.5));
#588=VERTEX_POINT('',#587);
#589=CARTESIAN_POINT('',(-32.340889,-20.1894171,7.5));
#590=VERTEX_POINT('',#589);
#591=CARTESIAN_POINT('',(-32.3102662,-20.3433686,7.5));
#592=VERTEX_POINT('',#591);
#593=CARTESIAN_POINT('',(-32.3,-20.5,7.5));
#594=VERTEX_POINT('',#593);
#595=VECTOR('',#281,1.);
#596=LINE('',#501,#595);
#597=EDGE_CURVE('',#502,#500,#596,.T.);
#598=ORIENTED_EDGE('',*,*,#597,.F.);
#599=VECTOR('',#286,1.);
#600=LINE('',#503,#599);
#601=EDGE_CURVE('',#504,#502,#600,.T.);
#602=ORIENTED_EDGE('',*,*,#601,.F.);
#603=VECTOR('',#291,1.);
#604=LINE('',#505,#603);
#605=EDGE_CURVE('',#506,#504,#604,.T.);
#606=ORIENTED_EDGE('',*,*,#605,.F.);
#607=VECTOR('',#296,1.);
#608=LINE('',#507,#607);
#609=EDGE_CURVE('',#508,#506,#608,.T.);
#610=ORIENTED_EDGE('',*,*,#609,.F.);
#611=VECTOR('',#301,1.);
#612=LINE('',#509,#611);
#613=EDGE_CURVE('',#510,#508,#612,.T.);
#614=ORIENTED_EDGE('',*,*,#613,.F.);
#615=VECTOR('',#306,1.);
#616=LINE('',#511,#615);
#617=EDGE_CURVE('',#512,#510,#616,.T.);
#618=ORIENTED_EDGE('',*,*,#617,.F.);
#619=VECTOR('',#311,1.);
#620=LINE('',#513,#619);
#621=EDGE_CURVE('',#514,#512,#620,.T.);
#622=ORIENTED_EDGE('',*,*,#621,.F.);
#623=VECTOR('',#316,1.);
#624=LINE('',#515,#623);
#625=EDGE_CURVE('',#516,#514,#624,.T.);
#626=ORIENTED_EDGE('',*,*,#625,.F.);
#627=VECTOR('',#321,1.);
#628=LINE('',#517,#627);
#629=EDGE_CURVE('',#518,#516,#628,.T.);
#630=ORIENTED_EDGE('',*,*,#629,.F.);
#631=VECTOR('',#326,1.);
#632=LINE('',#519,#631);
#633=EDGE_CURVE('',#520,#518,#632,.T.);
#634=ORIENTED_EDGE('',*,*,#633,.F.);
#635=VECTOR('',#331,1.);
#636=LINE('',#521,#635);
#637=EDGE_CURVE('',#522,#520,#636,.T.);
#638=ORIENTED_EDGE('',*,*,#637,.F.);
#639=VECTOR('',#336,1.);
#640=LINE('',#523,#639);
#641=EDGE_CURVE('',#524,#522,#640,.T.);
#642=ORIENTED_EDGE('',*,*,#641,.F.);
#643=VECTOR('',#341,1.);
#644=LINE('',#525,#643);
#645=EDGE_CURVE('',#526,#524,#644,.T.);
#646=ORIENTED_EDGE('',*,*,#645,.F.);
#647=VECTOR('',#346,1.);
#648=LINE('',#527,#647);
#649=EDGE_CURVE('',#528,#526,#648,.T.);
#650=ORIENTED_EDGE('',*,*,#649,.F.);
#651=VECTOR('',#351,1.);
#652=LINE('',#529,#651);
#653=EDGE_CURVE('',#530,#528,#652,.T.);
#654=ORIENTED_EDGE('',*,*,#653,.F.);
#655=VECTOR('',#356,1.);
#656=LINE('',#531,#655);
#657=EDGE_CURVE('',#532,#530,#656,.T.);
#658=ORIENTED_EDGE('',*,*,#657,.F.);
#659=VECTOR('',#361,1.);
#660=LINE('',#533,#659);
#661=EDGE_CURVE('',#534,#532,#660,.T.);
#662=ORIENTED_EDGE('',*,*,#661,.F.);
#663=VECTOR('',#366,1.);
#664=LINE('',#535,#663);
#665=EDGE_CURVE('',#536,#534,#664,.T.);
#666=ORIENTED_EDGE('',*,*,#665,.F.);
#667=VECTOR('',#371,1.);
#668=LINE('',#537,#667);
#669=EDGE_CURVE('',#538,#536,#668,.T.);
#670=ORIENTED_EDGE('',*,*,#669,.F.);
#671=VECTOR('',#376,1.);
#672=LINE('',#539,#671);
#673=EDGE_CURVE('',#540,#538,#672,.T.);
#674=ORIENTED_EDGE('',*,*,#673,.F.);
#675=VECTOR('',#381,1.);
#676=LINE('',#541,#675);
#677=EDGE_CURVE('',#542,#540,#676,.T.);
#678=ORIENTED_EDGE('',*,*,#677,.F.);
#679=VECTOR('',#386,1.);
#680=LINE('',#543,#679);
#681=EDGE_CURVE('',#544,#542,#680,.T.);
#682=ORIENTED_EDGE('',*,*,#681,.F.);
#683=VECTOR('',#391,1.);
#684=LINE('',#545,#683);
#685=EDGE_CURVE('',#546,#544,#684,.T.);
#686=ORIENTED_EDGE('',*,*,#685,.F.);
#687=VECTOR('',#396,1.);
#688=LINE('',#545,#687);
#689=EDGE_CURVE('',#546,#548,#688,.T.);
#690=ORIENTED_EDGE('',*,*,#689,.T.);
#691=VECTOR('',#281,1.);
#692=LINE('',#547,#691);
#693=EDGE_CURVE('',#548,#550,#692,.T.);
#694=ORIENTED_EDGE('',*,*,#693,.T.);
#695=VECTOR('',#286,1.);
#696=LINE('',#549,#695);
#697=EDGE_CURVE('',#550,#552,#696,.T.);
#698=ORIENTED_EDGE('',*,*,#697,.T.);
#699=VECTOR('',#291,1.);
#700=LINE('',#551,#699);
#701=EDGE_CURVE('',#552,#554,#700,.T.);
#702=ORIENTED_EDGE('',*,*,#701,.T.);
#703=VECTOR('',#296,1.);
#704=LINE('',#553,#703);
#705=EDGE_CURVE('',#554,#556,#704,.T.);
#706=ORIENTED_EDGE('',*,*,#705,.T.);
#707=VECTOR('',#301,1.);
#708=LINE('',#555,#707);
#709=EDGE_CURVE('',#556,#558,#708,.T.);
#710=ORIENTED_EDGE('',*,*,#709,.T.);
#711=VECTOR('',#306,1.);
#712=LINE('',#557,#711);
#713=EDGE_CURVE('',#558,#560,#712,.T.);
#714=ORIENTED_EDGE('',*,*,#713,.T.);
#715=VECTOR('',#311,1.);
#716=LINE('',#559,#715);
#717=EDGE_CURVE('',#560,#562,#716,.T.);
#718=ORIENTED_EDGE('',*,*,#717,.T.);
#719=VECTOR('',#316,1.);
#720=LINE('',#561,#719);
#721=EDGE_CURVE('',#562,#564,#720,.T.);
#722=ORIENTED_EDGE('',*,*,#721,.T.);
#723=VECTOR('',#321,1.);
#724=LINE('',#563,#723);
#725=EDGE_CURVE('',#564,#566,#724,.T.);
#726=ORIENTED_EDGE('',*,*,#725,.T.);
#727=VECTOR('',#326,1.);
#728=LINE('',#565,#727);
#729=EDGE_CURVE('',#566,#568,#728,.T.);
#730=ORIENTED_EDGE('',*,*,#729,.T.);
#731=VECTOR('',#331,1.);
#732=LINE('',#567,#731);
#733=EDGE_CURVE('',#568,#570,#732,.T.);
#734=ORIENTED_EDGE('',*,*,#733,.T.);
#735=VECTOR('',#336,1.);
#736=LINE('',#569,#735);
#737=EDGE_CURVE('',#570,#572,#736,.T.);
#738=ORIENTED_EDGE('',*,*,#737,.T.);
#739=VECTOR('',#341,1.);
#740=LINE('',#571,#739);
#741=EDGE_CURVE('',#572,#574,#740,.T.);
#742=ORIENTED_EDGE('',*,*,#741,.T.);
#743=VECTOR('',#346,1.);
#744=LINE('',#573,#743);
#745=EDGE_CURVE('',#574,#576,#744,.T.);
#746=ORIENTED_EDGE('',*,*,#745,.T.);
#747=VECTOR('',#351,1.);
#748=LINE('',#575,#747);
#749=EDGE_CURVE('',#576,#578,#748,.T.);
#750=ORIENTED_EDGE('',*,*,#749,.T.);
#751=VECTOR('',#356,1.);
#752=LINE('',#577,#751);
#753=EDGE_CURVE('',#578,#580,#752,.T.);
#754=ORIENTED_EDGE('',*,*,#753,.T.);
#755=VECTOR('',#361,1.);
#756=LINE('',#579,#755);
#757=EDGE_CURVE('',#580,#582,#756,.T.);
#758=ORIENTED_EDGE('',*,*,#757,.T.);
#759=VECTOR('',#366,1.);
#760=LINE('',#581,#759);
#761=EDGE_CURVE('',#582,#584,#760,.T.);
#762=ORIENTED_EDGE('',*,*,#761,.T.);
#763=VECTOR('',#371,1.);
#764=LINE('',#583,#763);
#765=EDGE_CURVE('',#584,#586,#764,.T.);
#766=ORIENTED_EDGE('',*,*,#765,.T.);
#767=VECTOR('',#376,1.);
#768=LINE('',#585,#767);
#769=EDGE_CURVE('',#586,#588,#768,.T.);
#770=ORIENTED_EDGE('',*,*,#769,.T.);
#771=VECTOR('',#381,1.);
#772=LINE('',#587,#771);
#773=EDGE_CURVE('',#588,#590,#772,.T.);
#774=ORIENTED_EDGE('',*,*,#773,.T.);
#775=VECTOR('',#386,1.);
#776=LINE('',#589,#775);
#777=EDGE_CURVE('',#590,#592,#776,.T.);
#778=ORIENTED_EDGE('',*,*,#777,.T.);
#779=VECTOR('',#391,1.);
#780=LINE('',#591,#779);
#781=EDGE_CURVE('',#592,#594,#780,.T.);
#782=ORIENTED_EDGE('',*,*,#781,.T.);
#783=VECTOR('',#396,1.);
#784=LINE('',#499,#783);
#785=EDGE_CURVE('',#500,#594,#784,.T.);
#786=ORIENTED_EDGE('',*,*,#785,.F.);
#787=EDGE_LOOP('',(#598,#602,#606,#610,#614,#618,#622,#626,#630,#634,#638,#642,#646,#650,#654,#658,#662,#666,#670,#674,#678,#682,#686,#690,#694,#698,#702,#706,#710,#714,#718,#722,#726,#730,#734,#738,#742,#746,#750,#754,#758,#762,#766,#770,#774,#778,#782,#786));
#788=FACE_BOUND('',#787,.T.);
#789=CARTESIAN_POINT('',(17.6897338,19.3433686,7.5));
#790=VERTEX_POINT('',#789);
#791=CARTESIAN_POINT('',(17.659111,19.1894171,7.5));
#792=VERTEX_POINT('',#791);
#793=CARTESIAN_POINT('',(17.6086554,19.0407799,7.5));
#794=VERTEX_POINT('',#793);
#795=CARTESIAN_POINT('',(17.5392305,18.9,7.5));
#796=VERTEX_POINT('',#795);
#797=CARTESIAN_POINT('',(17.452024,18.7694863,7.5));
#798=VERTEX_POINT('',#797);
#799=CARTESIAN_POINT('',(17.3485281,18.6514719,7.5));
#800=VERTEX_POINT('',#799);
#801=CARTESIAN_POINT('',(17.2305137,18.547976,7.5));
#802=VERTEX_POINT('',#801);
#803=CARTESIAN_POINT('',(17.1,18.4607695,7.5));
#804=VERTEX_POINT('',#803);
#805=CARTESIAN_POINT('',(16.9592201,18.3913446,7.5));
#806=VERTEX_POINT('',#805);
#807=CARTESIAN_POINT('',(16.8105829,18.340889,7.5));
#808=VERTEX_POINT('',#807);
#809=CARTESIAN_POINT('',(16.6566314,18.3102662,7.5));
#810=VERTEX_POINT('',#809);
#811=CARTESIAN_POINT('',(16.5,18.3,7.5));
#812=VERTEX_POINT('',#811);
#813=CARTESIAN_POINT('',(16.3433686,18.3102662,7.5));
#814=VERTEX_POINT('',#813);
#815=CARTESIAN_POINT('',(16.1894171,18.340889,7.5));
#816=VERTEX_POINT('',#815);
#817=CARTESIAN_POINT('',(16.0407799,18.3913446,7.5));
#818=VERTEX_POINT('',#817);
#819=CARTESIAN_POINT('',(15.9,18.4607695,7.5));
#820=VERTEX_POINT('',#819);
#821=CARTESIAN_POINT('',(15.7694863,18.547976,7.5));
#822=VERTEX_POINT('',#821);
#823=CARTESIAN_POINT('',(15.6514719,18.6514719,7.5));
#824=VERTEX_POINT('',#823);
#825=CARTESIAN_POINT('',(15.547976,18.7694863,7.5));
#826=VERTEX_POINT('',#825);
#827=CARTESIAN_POINT('',(15.4607695,18.9,7.5));
#828=VERTEX_POINT('',#827);
#829=CARTESIAN_POINT('',(15.3913446,19.0407799,7.5));
#830=VERTEX_POINT('',#829);
#831=CARTESIAN_POINT('',(15.340889,19.1894171,7.5));
#832=VERTEX_POINT('',#831);
#833=CARTESIAN_POINT('',(15.3102662,19.3433686,7.5));
#834=VERTEX_POINT('',#833);
#835=CARTESIAN_POINT('',(15.3,19.5,7.5));
#836=VERTEX_POINT('',#835);
#837=CARTESIAN_POINT('',(15.3102662,19.6566314,7.5));
#838=VERTEX_POINT('',#837);
#839=CARTESIAN_POINT('',(15.340889,19.8105829,7.5));
#840=VERTEX_POINT('',#839);
#841=CARTESIAN_POINT('',(15.3913446,19.9592201,7.5));
#842=VERTEX_POINT('',#841);
#843=CARTESIAN_POINT('',(15.4607695,20.1,7.5));
#844=VERTEX_POINT('',#843);
#845=CARTESIAN_POINT('',(15.547976,20.2305137,7.5));
#846=VERTEX_POINT('',#845);
#847=CARTESIAN_POINT('',(15.6514719,20.3485281,7.5));
#848=VERTEX_POINT('',#847);
#849=CARTESIAN_POINT('',(15.7694863,20.452024,7.5));
#850=VERTEX_POINT('',#849);
#851=CARTESIAN_POINT('',(15.9,20.5392305,7.5));
#852=VERTEX_POINT('',#851);
#853=CARTESIAN_POINT('',(16.0407799,20.6086554,7.5));
#854=VERTEX_POINT('',#853);
#855=CARTESIAN_POINT('',(16.1894171,20.659111,7.5));
#856=VERTEX_POINT('',#855);
#857=CARTESIAN_POINT('',(16.3433686,20.6897338,7.5));
#858=VERTEX_POINT('',#857);
#859=CARTESIAN_POINT('',(16.5,20.7,7.5));
#860=VERTEX_POINT('',#859);
#861=CARTESIAN_POINT('',(16.6566314,20.6897338,7.5));
#862=VERTEX_POINT('',#861);
#863=CARTESIAN_POINT('',(16.8105829,20.659111,7.5));
#864=VERTEX_POINT('',#863);
#865=CARTESIAN_POINT('',(16.9592201,20.6086554,7.5));
#866=VERTEX_POINT('',#865);
#867=CARTESIAN_POINT('',(17.1,20.5392305,7.5));
#868=VERTEX_POINT('',#867);
#869=CARTESIAN_POINT('',(17.2305137,20.452024,7.5));
#870=VERTEX_POINT('',#869);
#871=CARTESIAN_POINT('',(17.3485281,20.3485281,7.5));
#872=VERTEX_POINT('',#871);
#873=CARTESIAN_POINT('',(17.452024,20.2305137,7.5));
#874=VERTEX_POINT('',#873);
#875=CARTESIAN_POINT('',(17.5392305,20.1,7.5));
#876=VERTEX_POINT('',#875);
#877=CARTESIAN_POINT('',(17.6086554,19.9592201,7.5));
#878=VERTEX_POINT('',#877);
#879=CARTESIAN_POINT('',(17.659111,19.8105829,7.5));
#880=VERTEX_POINT('',#879);
#881=CARTESIAN_POINT('',(17.6897338,19.6566314,7.5));
#882=VERTEX_POINT('',#881);
#883=CARTESIAN_POINT('',(17.7,19.5,7.5));
#884=VERTEX_POINT('',#883);
#885=VECTOR('',#281,1.);
#886=LINE('',#791,#885);
#887=EDGE_CURVE('',#792,#790,#886,.T.);
#888=ORIENTED_EDGE('',*,*,#887,.F.);
#889=VECTOR('',#286,1.);
#890=LINE('',#793,#889);
#891=EDGE_CURVE('',#794,#792,#890,.T.);
#892=ORIENTED_EDGE('',*,*,#891,.F.);
#893=VECTOR('',#291,1.);
#894=LINE('',#795,#893);
#895=EDGE_CURVE('',#796,#794,#894,.T.);
#896=ORIENTED_EDGE('',*,*,#895,.F.);
#897=VECTOR('',#296,1.);
#898=LINE('',#797,#897);
#899=EDGE_CURVE('',#798,#796,#898,.T.);
#900=ORIENTED_EDGE('',*,*,#899,.F.);
#901=VECTOR('',#301,1.);
#902=LINE('',#799,#901);
#903=EDGE_CURVE('',#800,#798,#902,.T.);
#904=ORIENTED_EDGE('',*,*,#903,.F.);
#905=VECTOR('',#306,1.);
#906=LINE('',#801,#905);
#907=EDGE_CURVE('',#802,#800,#906,.T.);
#908=ORIENTED_EDGE('',*,*,#907,.F.);
#909=VECTOR('',#311,1.);
#910=LINE('',#803,#909);
#911=EDGE_CURVE('',#804,#802,#910,.T.);
#912=ORIENTED_EDGE('',*,*,#911,.F.);
#913=VECTOR('',#316,1.);
#914=LINE('',#805,#913);
#915=EDGE_CURVE('',#806,#804,#914,.T.);
#916=ORIENTED_EDGE('',*,*,#915,.F.);
#917=VECTOR('',#321,1.);
#918=LINE('',#807,#917);
#919=EDGE_CURVE('',#808,#806,#918,.T.);
#920=ORIENTED_EDGE('',*,*,#919,.F.);
#921=VECTOR('',#326,1.);
#922=LINE('',#809,#921);
#923=EDGE_CURVE('',#810,#808,#922,.T.);
#924=ORIENTED_EDGE('',*,*,#923,.F.);
#925=VECTOR('',#331,1.);
#926=LINE('',#811,#925);
#927=EDGE_CURVE('',#812,#810,#926,.T.);
#928=ORIENTED_EDGE('',*,*,#927,.F.);
#929=VECTOR('',#336,1.);
#930=LINE('',#813,#929);
#931=EDGE_CURVE('',#814,#812,#930,.T.);
#932=ORIENTED_EDGE('',*,*,#931,.F.);
#933=VECTOR('',#341,1.);
#934=LINE('',#815,#933);
#935=EDGE_CURVE('',#816,#814,#934,.T.);
#936=ORIENTED_EDGE('',*,*,#935,.F.);
#937=VECTOR('',#346,1.);
#938=LINE('',#817,#937);
#939=EDGE_CURVE('',#818,#816,#938,.T.);
#940=ORIENTED_EDGE('',*,*,#939,.F.);
#941=VECTOR('',#351,1.);
#942=LINE('',#819,#941);
#943=EDGE_CURVE('',#820,#818,#942,.T.);
#944=ORIENTED_EDGE('',*,*,#943,.F.);
#945=VECTOR('',#356,1.);
#946=LINE('',#821,#945);
#947=EDGE_CURVE('',#822,#820,#946,.T.);
#948=ORIENTED_EDGE('',*,*,#947,.F.);
#949=VECTOR('',#361,1.);
#950=LINE('',#823,#949);
#951=EDGE_CURVE('',#824,#822,#950,.T.);
#952=ORIENTED_EDGE('',*,*,#951,.F.);
#953=VECTOR('',#366,1.);
#954=LINE('',#825,#953);
#955=EDGE_CURVE('',#826,#824,#954,.T.);
#956=ORIENTED_EDGE('',*,*,#955,.F.);
#957=VECTOR('',#371,1.);
#958=LINE('',#827,#957);
#959=EDGE_CURVE('',#828,#826,#958,.T.);
#960=ORIENTED_EDGE('',*,*,#959,.F.);
#961=VECTOR('',#376,1.);
#962=LINE('',#829,#961);
#963=EDGE_CURVE('',#830,#828,#962,.T.);
#964=ORIENTED_EDGE('',*,*,#963,.F.);
#965=VECTOR('',#381,1.);
#966=LINE('',#831,#965);
#967=EDGE_CURVE('',#832,#830,#966,.T.);
#968=ORIENTED_EDGE('',*,*,#967,.F.);
#969=VECTOR('',#386,1.);
#970=LINE('',#833,#969);
#971=EDGE_CURVE('',#834,#832,#970,.T.);
#972=ORIENTED_EDGE('',*,*,#971,.F.);
#973=VECTOR('',#391,1.);
#974=LINE('',#835,#973);
#975=EDGE_CURVE('',#836,#834,#974,.T.);
#976=ORIENTED_EDGE('',*,*,#975,.F.);
#977=VECTOR('',#396,1.);
#978=LINE('',#835,#977);
#979=EDGE_CURVE('',#836,#838,#978,.T.);
#980=ORIENTED_EDGE('',*,*,#979,.T.);
#981=VECTOR('',#281,1.);
#982=LINE('',#837,#981);
#983=EDGE_CURVE('',#838,#840,#982,.T.);
#984=ORIENTED_EDGE('',*,*,#983,.T.);
#985=VECTOR('',#286,1.);
#986=LINE('',#839,#985);
#987=EDGE_CURVE('',#840,#842,#986,.T.);
#988=ORIENTED_EDGE('',*,*,#987,.T.);
#989=VECTOR('',#291,1.);
#990=LINE('',#841,#989);
#991=EDGE_CURVE('',#842,#844,#990,.T.);
#992=ORIENTED_EDGE('',*,*,#991,.T.);
#993=VECTOR('',#296,1.);
#994=LINE('',#843,#993);
#995=EDGE_CURVE('',#844,#846,#994,.T.);
#996=ORIENTED_EDGE('',*,*,#995,.T.);
#997=VECTOR('',#301,1.);
#998=LINE('',#845,#997);
#999=EDGE_CURVE('',#846,#848,#998,.T.);
#1000=ORIENTED_EDGE('',*,*,#999,.T.);
#1001=VECTOR('',#306,1.);
#1002=LINE('',#847,#1001);
#1003=EDGE_CURVE('',#848,#850,#1002,.T.);
#1004=ORIENTED_EDGE('',*,*,#1003,.T.);
#1005=VECTOR('',#311,1.);
#1006=LINE('',#849,#1005);
#1007=EDGE_CURVE('',#850,#852,#1006,.T.);
#1008=ORIENTED_EDGE('',*,*,#1007,.T.);
#1009=VECTOR('',#316,1.);
#1010=LINE('',#851,#1009);
#1011=EDGE_CURVE('',#852,#854,#1010,.T.);
#1012=ORIENTED_EDGE('',*,*,#1011,.T.);
#1013=VECTOR('',#321,1.);
#1014=LINE('',#853,#1013);
#1015=EDGE_CURVE('',#854,#856,#1014,.T.);
#1016=ORIENTED_EDGE('',*,*,#1015,.T.);
#1017=VECTOR('',#326,1.);
#1018=LINE('',#855,#1017);
#1019=EDGE_CURVE('',#856,#858,#1018,.T.);
#1020=ORIENTED_EDGE('',*,*,#1019,.T.);
#1021=VECTOR('',#331,1.);
#1022=LINE('',#857,#1021);
#1023=EDGE_CURVE('',#858,#860,#1022,.T.);
#1024=ORIENTED_EDGE('',*,*,#1023,.T.);
#1025=VECTOR('',#336,1.);
#1026=LINE('',#859,#1025);
#1027=EDGE_CURVE('',#860,#862,#1026,.T.);
#1028=ORIENTED_EDGE('',*,*,#1027,.T.);
#1029=VECTOR('',#341,1.);
#1030=LINE('',#861,#1029);
#1031=EDGE_CURVE('',#862,#864,#1030,.T.);
#1032=ORIENTED_EDGE('',*,*,#1031,.T.);
#1033=VECTOR('',#346,1.);
#1034=LINE('',#863,#1033);
#1035=EDGE_CURVE('',#864,#866,#1034,.T.);
#1036=ORIENTED_EDGE('',*,*,#1035,.T.);
#1037=VECTOR('',#351,1.);
#1038=LINE('',#865,#1037);
#1039=EDGE_CURVE('',#866,#868,#1038,.T.);
#1040=ORIENTED_EDGE('',*,*,#1039,.T.);
#1041=VECTOR('',#356,1.);
#1042=LINE('',#867,#1041);
#1043=EDGE_CURVE('',#868,#870,#1042,.T.);
#1044=ORIENTED_EDGE('',*,*,#1043,.T.);
#1045=VECTOR('',#361,1.);
#1046=LINE('',#869,#1045);
#1047=EDGE_CURVE('',#870,#872,#1046,.T.);
#1048=ORIENTED_EDGE('',*,*,#1047,.T.);
#1049=VECTOR('',#366,1.);
#1050=LINE('',#871,#1049);
#1051=EDGE_CURVE('',#872,#874,#1050,.T.);
#1052=ORIENTED_EDGE('',*,*,#1051,.T.);
#1053=VECTOR('',#371,1.);
#1054=LINE('',#873,#1053);
#1055=EDGE_CURVE('',#874,#876,#1054,.T.);
#1056=ORIENTED_EDGE('',*,*,#1055,.T.);
#1057=VECTOR('',#376,1.);
#1058=LINE('',#875,#1057);
#1059=EDGE_CURVE('',#876,#878,#1058,.T.);
#1060=ORIENTED_EDGE('',*,*,#1059,.T.);
#1061=VECTOR('',#381,1.);
#1062=LINE('',#877,#1061);
#1063=EDGE_CURVE('',#878,#880,#1062,.T.);
#1064=ORIENTED_EDGE('',*,*,#1063,.T.);
#1065=VECTOR('',#386,1.);
#1066=LINE('',#879,#1065);
#1067=EDGE_CURVE('',#880,#882,#1066,.T.);
#1068=ORIENTED_EDGE('',*,*,#1067,.T.);
#1069=VECTOR('',#391,1.);
#1070=LINE('',#881,#1069);
#1071=EDGE_CURVE('',#882,#884,#1070,.T.);
#1072=ORIENTED_EDGE('',*,*,#1071,.T.);
#1073=VECTOR('',#396,1.);
#1074=LINE('',#789,#1073);
#1075=EDGE_CURVE('',#790,#884,#1074,.T.);
#1076=ORIENTED_EDGE('',*,*,#1075,.F.);
#1077=EDGE_LOOP('',(#888,#892,#896,#900,#904,#908,#912,#916,#920,#924,#928,#932,#936,#940,#944,#948,#952,#956,#960,#964,#968,#972,#976,#980,#984,#988,#992,#996,#1000,#1004,#1008,#1012,#1016,#1020,#1024,#1028,#1032,#1036,#1040,#1044,#1048,#1052,#1056,#1060,#1064,#1068,#1072,#1076));
#1078=FACE_BOUND('',#1077,.T.);
#1079=CARTESIAN_POINT('',(17.6897338,-20.6566314,7.5));
#1080=VERTEX_POINT('',#1079);
#1081=CARTESIAN_POINT('',(17.659111,-20.8105829,7.5));
#1082=VERTEX_POINT('',#1081);
#1083=CARTESIAN_POINT('',(17.6086554,-20.9592201,7.5));
#1084=VERTEX_POINT('',#1083);
#1085=CARTESIAN_POINT('',(17.5392305,-21.1,7.5));
#1086=VERTEX_POINT('',#1085);
#1087=CARTESIAN_POINT('',(17.452024,-21.2305137,7.5));
#1088=VERTEX_POINT('',#1087);
#1089=CARTESIAN_POINT('',(17.3485281,-21.3485281,7.5));
#1090=VERTEX_POINT('',#1089);
#1091=CARTESIAN_POINT('',(17.2305137,-21.452024,7.5));
#1092=VERTEX_POINT('',#1091);
#1093=CARTESIAN_POINT('',(17.1,-21.5392305,7.5));
#1094=VERTEX_POINT('',#1093);
#1095=CARTESIAN_POINT('',(16.9592201,-21.6086554,7.5));
#1096=VERTEX_POINT('',#1095);
#1097=CARTESIAN_POINT('',(16.8105829,-21.659111,7.5));
#1098=VERTEX_POINT('',#1097);
#1099=CARTESIAN_POINT('',(16.6566314,-21.6897338,7.5));
#1100=VERTEX_POINT('',#1099);
#1101=CARTESIAN_POINT('',(16.5,-21.7,7.5));
#1102=VERTEX_POINT('',#1101);
#1103=CARTESIAN_POINT('',(16.3433686,-21.6897338,7.5));
#1104=VERTEX_POINT('',#1103);
#1105=CARTESIAN_POINT('',(16.1894171,-21.659111,7.5));
#1106=VERTEX_POINT('',#1105);
#1107=CARTESIAN_POINT('',(16.0407799,-21.6086554,7.5));
#1108=VERTEX_POINT('',#1107);
#1109=CARTESIAN_POINT('',(15.9,-21.5392305,7.5));
#1110=VERTEX_POINT('',#1109);
#1111=CARTESIAN_POINT('',(15.7694863,-21.452024,7.5));
#1112=VERTEX_POINT('',#1111);
#1113=CARTESIAN_POINT('',(15.6514719,-21.3485281,7.5));
#1114=VERTEX_POINT('',#1113);
#1115=CARTESIAN_POINT('',(15.547976,-21.2305137,7.5));
#1116=VERTEX_POINT('',#1115);
#1117=CARTESIAN_POINT('',(15.4607695,-21.1,7.5));
#1118=VERTEX_POINT('',#1117);
#1119=CARTESIAN_POINT('',(15.3913446,-20.9592201,7.5));
#1120=VERTEX_POINT('',#1119);
#1121=CARTESIAN_POINT('',(15.340889,-20.8105829,7.5));
#1122=VERTEX_POINT('',#1121);
#1123=CARTESIAN_POINT('',(15.3102662,-20.6566314,7.5));
#1124=VERTEX_POINT('',#1123);
#1125=CARTESIAN_POINT('',(15.3,-20.5,7.5));
#1126=VERTEX_POINT('',#1125);
#1127=CARTESIAN_POINT('',(15.3102662,-20.3433686,7.5));
#1128=VERTEX_POINT('',#1127);
#1129=CARTESIAN_POINT('',(15.340889,-20.1894171,7.5));
#1130=VERTEX_POINT('',#1129);
#1131=CARTESIAN_POINT('',(15.3913446,-20.0407799,7.5));
#1132=VERTEX_POINT('',#1131);
#1133=CARTESIAN_POINT('',(15.4607695,-19.9,7.5));
#1134=VERTEX_POINT('',#1133);
#1135=CARTESIAN_POINT('',(15.547976,-19.7694863,7.5));
#1136=VERTEX_POINT('',#1135);
#1137=CARTESIAN_POINT('',(15.6514719,-19.6514719,7.5));
#1138=VERTEX_POINT('',#1137);
#1139=CARTESIAN_POINT('',(15.7694863,-19.547976,7.5));
#1140=VERTEX_POINT('',#1139);
#1141=CARTESIAN_POINT('',(15.9,-19.4607695,7.5));
#1142=VERTEX_POINT('',#1141);
#1143=CARTESIAN_POINT('',(16.0407799,-19.3913446,7.5));
#1144=VERTEX_POINT('',#1143);
#1145=CARTESIAN_POINT('',(16.1894171,-19.340889,7.5));
#1146=VERTEX_POINT('',#1145);
#1147=CARTESIAN_POINT('',(16.3433686,-19.3102662,7.5));
#1148=VERTEX_POINT('',#1147);
#1149=CARTESIAN_POINT('',(16.5,-19.3,7.5));
#1150=VERTEX_POINT('',#1149);
#1151=CARTESIAN_POINT('',(16.6566314,-19.3102662,7.5));
#1152=VERTEX_POINT('',#1151);
#1153=CARTESIAN_POINT('',(16.8105829,-19.340889,7.5));
#1154=VERTEX_POINT('',#1153);
#1155=CARTESIAN_POINT('',(16.9592201,-19.3913446,7.5));
#1156=VERTEX_POINT('',#1155);
#1157=CARTESIAN_POINT('',(17.1,-19.4607695,7.5));
#1158=VERTEX_POINT('',#1157);
#1159=CARTESIAN_POINT('',(17.2305137,-19.547976,7.5));
#1160=VERTEX_POINT('',#1159);
#1161=CARTESIAN_POINT('',(17.3485281,-19.6514719,7.5));
#1162=VERTEX_POINT('',#1161);
#1163=CARTESIAN_POINT('',(17.452024,-19.7694863,7.5));
#1164=VERTEX_POINT('',#1163);
#1165=CARTESIAN_POINT('',(17.5392305,-19.9,7.5));
#1166=VERTEX_POINT('',#1165);
#1167=CARTESIAN_POINT('',(17.6086554,-20.0407799,7.5));
#1168=VERTEX_POINT('',#1167);
#1169=CARTESIAN_POINT('',(17.659111,-20.1894171,7.5));
#1170=VERTEX_POINT('',#1169);
#1171=CARTESIAN_POINT('',(17.6897338,-20.3433686,7.5));
#1172=VERTEX_POINT('',#1171);
#1173=CARTESIAN_POINT('',(17.7,-20.5,7.5));
#1174=VERTEX_POINT('',#1173);
#1175=VECTOR('',#281,1.);
#1176=LINE('',#1081,#1175);
#1177=EDGE_CURVE('',#1082,#1080,#1176,.T.);
#1178=ORIENTED_EDGE('',*,*,#1177,.F.);
#1179=VECTOR('',#286,1.);
#1180=LINE('',#1083,#1179);
#1181=EDGE_CURVE('',#1084,#1082,#1180,.T.);
#1182=ORIENTED_EDGE('',*,*,#1181,.F.);
#1183=VECTOR('',#291,1.);
#1184=LINE('',#1085,#1183);
#1185=EDGE_CURVE('',#1086,#1084,#1184,.T.);
#1186=ORIENTED_EDGE('',*,*,#1185,.F.);
#1187=VECTOR('',#296,1.);
#1188=LINE('',#1087,#1187);
#1189=EDGE_CURVE('',#1088,#1086,#1188,.T.);
#1190=ORIENTED_EDGE('',*,*,#1189,.F.);
#1191=VECTOR('',#301,1.);
#1192=LINE('',#1089,#1191);
#1193=EDGE_CURVE('',#1090,#1088,#1192,.T.);
#1194=ORIENTED_EDGE('',*,*,#1193,.F.);
#1195=VECTOR('',#306,1.);
#1196=LINE('',#1091,#1195);
#1197=EDGE_CURVE('',#1092,#1090,#1196,.T.);
#1198=ORIENTED_EDGE('',*,*,#1197,.F.);
#1199=VECTOR('',#311,1.);
#1200=LINE('',#1093,#1199);
#1201=EDGE_CURVE('',#1094,#1092,#1200,.T.);
#1202=ORIENTED_EDGE('',*,*,#1201,.F.);
#1203=VECTOR('',#316,1.);
#1204=LINE('',#1095,#1203);
#1205=EDGE_CURVE('',#1096,#1094,#1204,.T.);
#1206=ORIENTED_EDGE('',*,*,#1205,.F.);
#1207=VECTOR('',#321,1.);
#1208=LINE('',#1097,#1207);
#1209=EDGE_CURVE('',#1098,#1096,#1208,.T.);
#1210=ORIENTED_EDGE('',*,*,#1209,.F.);
#1211=VECTOR('',#326,1.);
#1212=LINE('',#1099,#1211);
#1213=EDGE_CURVE('',#1100,#1098,#1212,.T.);
#1214=ORIENTED_EDGE('',*,*,#1213,.F.);
#1215=VECTOR('',#331,1.);
#1216=LINE('',#1101,#1215);
#1217=EDGE_CURVE('',#1102,#1100,#1216,.T.);
#1218=ORIENTED_EDGE('',*,*,#1217,.F.);
#1219=VECTOR('',#336,1.);
#1220=LINE('',#1103,#1219);
#1221=EDGE_CURVE('',#1104,#1102,#1220,.T.);
#1222=ORIENTED_EDGE('',*,*,#1221,.F.);
#1223=VECTOR('',#341,1.);
#1224=LINE('',#1105,#1223);
#1225=EDGE_CURVE('',#1106,#1104,#1224,.T.);
#1226=ORIENTED_EDGE('',*,*,#1225,.F.);
#1227=VECTOR('',#346,1.);
#1228=LINE('',#1107,#1227);
#1229=EDGE_CURVE('',#1108,#1106,#1228,.T.);
#1230=ORIENTED_EDGE('',*,*,#1229,.F.);
#1231=VECTOR('',#351,1.);
#1232=LINE('',#1109,#1231);
#1233=EDGE_CURVE('',#1110,#1108,#1232,.T.);
#1234=ORIENTED_EDGE('',*,*,#1233,.F.);
#1235=VECTOR('',#356,1.);
#1236=LINE('',#1111,#1235);
#1237=EDGE_CURVE('',#1112,#1110,#1236,.T.);
#1238=ORIENTED_EDGE('',*,*,#1237,.F.);
#1239=VECTOR('',#361,1.);
#1240=LINE('',#1113,#1239);
#1241=EDGE_CURVE('',#1114,#1112,#1240,.T.);
#1242=ORIENTED_EDGE('',*,*,#1241,.F.);
#1243=VECTOR('',#366,1.);
#1244=LINE('',#1115,#1243);
#1245=EDGE_CURVE('',#1116,#1114,#1244,.T.);
#1246=ORIENTED_EDGE('',*,*,#1245,.F.);
#1247=VECTOR('',#371,1.);
#1248=LINE('',#1117,#1247);
#1249=EDGE_CURVE('',#1118,#1116,#1248,.T.);
#1250=ORIENTED_EDGE('',*,*,#1249,.F.);
#1251=VECTOR('',#376,1.);
#1252=LINE('',#1119,#1251);
#1253=EDGE_CURVE('',#1120,#1118,#1252,.T.);
#1254=ORIENTED_EDGE('',*,*,#1253,.F.);
#1255=VECTOR('',#381,1.);
#1256=LINE('',#1121,#1255);
#1257=EDGE_CURVE('',#1122,#1120,#1256,.T.);
#1258=ORIENTED_EDGE('',*,*,#1257,.F.);
#1259=VECTOR('',#386,1.);
#1260=LINE('',#1123,#1259);
#1261=EDGE_CURVE('',#1124,#1122,#1260,.T.);
#1262=ORIENTED_EDGE('',*,*,#1261,.F.);
#1263=VECTOR('',#391,1.);
#1264=LINE('',#1125,#1263);
#1265=EDGE_CURVE('',#1126,#1124,#1264,.T.);
#1266=ORIENTED_EDGE('',*,*,#1265,.F.);
#1267=VECTOR('',#396,1.);
#1268=LINE('',#1125,#1267);
#1269=EDGE_CURVE('',#1126,#1128,#1268,.T.);
#1270=ORIENTED_EDGE('',*,*,#1269,.T.);
#1271=VECTOR('',#281,1.);
#1272=LINE('',#1127,#1271);
#1273=EDGE_CURVE('',#1128,#1130,#1272,.T.);
#1274=ORIENTED_EDGE('',*,*,#1273,.T.);
#1275=VECTOR('',#286,1.);
#1276=LINE('',#1129,#1275);
#1277=EDGE_CURVE('',#1130,#1132,#1276,.T.);
#1278=ORIENTED_EDGE('',*,*,#1277,.T.);
#1279=VECTOR('',#291,1.);
#1280=LINE('',#1131,#1279);
#1281=EDGE_CURVE('',#1132,#1134,#1280,.T.);
#1282=ORIENTED_EDGE('',*,*,#1281,.T.);
#1283=VECTOR('',#296,1.);
#1284=LINE('',#1133,#1283);
#1285=EDGE_CURVE('',#1134,#1136,#1284,.T.);
#1286=ORIENTED_EDGE('',*,*,#1285,.T.);
#1287=VECTOR('',#301,1.);
#1288=LINE('',#1135,#1287);
#1289=EDGE_CURVE('',#1136,#1138,#1288,.T.);
#1290=ORIENTED_EDGE('',*,*,#1289,.T.);
#1291=VECTOR('',#306,1.);
#1292=LINE('',#1137,#1291);
#1293=EDGE_CURVE('',#1138,#1140,#1292,.T.);
#1294=ORIENTED_EDGE('',*,*,#1293,.T.);
#1295=VECTOR('',#311,1.);
#1296=LINE('',#1139,#1295);
#1297=EDGE_CURVE('',#1140,#1142,#1296,.T.);
#1298=ORIENTED_EDGE('',*,*,#1297,.T.);
#1299=VECTOR('',#316,1.);
#1300=LINE('',#1141,#1299);
#1301=EDGE_CURVE('',#1142,#1144,#1300,.T.);
#1302=ORIENTED_EDGE('',*,*,#1301,.T.);
#1303=VECTOR('',#321,1.);
#1304=LINE('',#1143,#1303);
#1305=EDGE_CURVE('',#1144,#1146,#1304,.T.);
#1306=ORIENTED_EDGE('',*,*,#1305,.T.);
#1307=VECTOR('',#326,1.);
#1308=LINE('',#1145,#1307);
#1309=EDGE_CURVE('',#1146,#1148,#1308,.T.);
#1310=ORIENTED_EDGE('',*,*,#1309,.T.);
#1311=VECTOR('',#331,1.);
#1312=LINE('',#1147,#1311);
#1313=EDGE_CURVE('',#1148,#1150,#1312,.T.);
#1314=ORIENTED_EDGE('',*,*,#1313,.T.);
#1315=VECTOR('',#336,1.);
#1316=LINE('',#1149,#1315);
#1317=EDGE_CURVE('',#1150,#1152,#1316,.T.);
#1318=ORIENTED_EDGE('',*,*,#1317,.T.);
#1319=VECTOR('',#341,1.);
#1320=LINE('',#1151,#1319);
#1321=EDGE_CURVE('',#1152,#1154,#1320,.T.);
#1322=ORIENTED_EDGE('',*,*,#1321,.T.);
#1323=VECTOR('',#346,1.);
#1324=LINE('',#1153,#1323);
#1325=EDGE_CURVE('',#1154,#1156,#1324,.T.);
#1326=ORIENTED_EDGE('',*,*,#1325,.T.);
#1327=VECTOR('',#351,1.);
#1328=LINE('',#1155,#1327);
#1329=EDGE_CURVE('',#1156,#1158,#1328,.T.);
#1330=ORIENTED_EDGE('',*,*,#1329,.T.);
#1331=VECTOR('',#356,1.);
#1332=LINE('',#1157,#1331);
#1333=EDGE_CURVE('',#1158,#1160,#1332,.T.);
#1334=ORIENTED_EDGE('',*,*,#1333,.T.);
#1335=VECTOR('',#361,1.);
#1336=LINE('',#1159,#1335);
#1337=EDGE_CURVE('',#1160,#1162,#1336,.T.);
#1338=ORIENTED_EDGE('',*,*,#1337,.T.);
#1339=VECTOR('',#366,1.);
#1340=LINE('',#1161,#1339);
#1341=EDGE_CURVE('',#1162,#1164,#1340,.T.);
#1342=ORIENTED_EDGE('',*,*,#1341,.T.);
#1343=VECTOR('',#371,1.);
#1344=LINE('',#1163,#1343);
#1345=EDGE_CURVE('',#1164,#1166,#1344,.T.);
#1346=ORIENTED_EDGE('',*,*,#1345,.T.);
#1347=VECTOR('',#376,1.);
#1348=LINE('',#1165,#1347);
#1349=EDGE_CURVE('',#1166,#1168,#1348,.T.);
#1350=ORIENTED_EDGE('',*,*,#1349,.T.);
#1351=VECTOR('',#381,1.);
#1352=LINE('',#1167,#1351);
#1353=EDGE_CURVE('',#1168,#1170,#1352,.T.);
#1354=ORIENTED_EDGE('',*,*,#1353,.T.);
#1355=VECTOR('',#386,1.);
#1356=LINE('',#1169,#1355);
#1357=EDGE_CURVE('',#1170,#1172,#1356,.T.);
#1358=ORIENTED_EDGE('',*,*,#1357,.T.);
#1359=VECTOR('',#391,1.);
#1360=LINE('',#1171,#1359);
#1361=EDGE_CURVE('',#1172,#1174,#1360,.T.);
#1362=ORIENTED_EDGE('',*,*,#1361,.T.);
#1363=VECTOR('',#396,1.);
#1364=LINE('',#1079,#1363);
#1365=EDGE_CURVE('',#1080,#1174,#1364,.T.);
#1366=ORIENTED_EDGE('',*,*,#1365,.F.);
#1367=EDGE_LOOP('',(#1178,#1182,#1186,#1190,#1194,#1198,#1202,#1206,#1210,#1214,#1218,#1222,#1226,#1230,#1234,#1238,#1242,#1246,#1250,#1254,#1258,#1262,#1266,#1270,#1274,#1278,#1282,#1286,#1290,#1294,#1298,#1302,#1306,#1310,#1314,#1318,#1322,#1326,#1330,#1334,#1338,#1342,#1346,#1350,#1354,#1358,#1362,#1366));
#1368=FACE_BOUND('',#1367,.T.);
#1369=CARTESIAN_POINT('',(5.52156795,0.616614395,7.5));
#1370=VERTEX_POINT('',#1369);
#1371=CARTESIAN_POINT('',(5.3748335,-0.121069509,7.5));
#1372=VERTEX_POINT('',#1371);
#1373=CARTESIAN_POINT('',(5.13306731,-0.833289736,7.5));
#1374=VERTEX_POINT('',#1373);
#1375=CARTESIAN_POINT('',(4.80040607,-1.50786,7.5));
#1376=VERTEX_POINT('',#1375);
#1377=CARTESIAN_POINT('',(4.38254171,-2.13323822,7.5));
#1378=VERTEX_POINT('',#1377);
#1379=CARTESIAN_POINT('',(3.88662399,-2.69872399,7.5));
#1380=VERTEX_POINT('',#1379);
#1381=CARTESIAN_POINT('',(3.32113822,-3.19464171,7.5));
#1382=VERTEX_POINT('',#1381);
#1383=CARTESIAN_POINT('',(2.69576,-3.61250607,7.5));
#1384=VERTEX_POINT('',#1383);
#1385=CARTESIAN_POINT('',(2.02118974,-3.94516731,7.5));
#1386=VERTEX_POINT('',#1385);
#1387=CARTESIAN_POINT('',(1.30896951,-4.1869335,7.5));
#1388=VERTEX_POINT('',#1387);
#1389=CARTESIAN_POINT('',(0.571285605,-4.33366795,7.5));
#1390=VERTEX_POINT('',#1389);
#1391=CARTESIAN_POINT('',(-0.17924,-4.38286,7.5));
#1392=VERTEX_POINT('',#1391);
#1393=CARTESIAN_POINT('',(-0.929765605,-4.33366795,7.5));
#1394=VERTEX_POINT('',#1393);
#1395=CARTESIAN_POINT('',(-1.66744951,-4.1869335,7.5));
#1396=VERTEX_POINT('',#1395);
#1397=CARTESIAN_POINT('',(-2.37966974,-3.94516731,7.5));
#1398=VERTEX_POINT('',#1397);
#1399=CARTESIAN_POINT('',(-3.05424,-3.61250607,7.5));
#1400=VERTEX_POINT('',#1399);
#1401=CARTESIAN_POINT('',(-3.67961822,-3.19464171,7.5));
#1402=VERTEX_POINT('',#1401);
#1403=CARTESIAN_POINT('',(-4.24510399,-2.69872399,7.5));
#1404=VERTEX_POINT('',#1403);
#1405=CARTESIAN_POINT('',(-4.74102171,-2.13323822,7.5));
#1406=VERTEX_POINT('',#1405);
#1407=CARTESIAN_POINT('',(-5.15888607,-1.50786,7.5));
#1408=VERTEX_POINT('',#1407);
#1409=CARTESIAN_POINT('',(-5.49154731,-0.833289736,7.5));
#1410=VERTEX_POINT('',#1409);
#1411=CARTESIAN_POINT('',(-5.7333135,-0.121069509,7.5));
#1412=VERTEX_POINT('',#1411);
#1413=CARTESIAN_POINT('',(-5.88004795,0.616614395,7.5));
#1414=VERTEX_POINT('',#1413);
#1415=CARTESIAN_POINT('',(-5.92924,1.36714,7.5));
#1416=VERTEX_POINT('',#1415);
#1417=CARTESIAN_POINT('',(-5.88004795,2.11766561,7.5));
#1418=VERTEX_POINT('',#1417);
#1419=CARTESIAN_POINT('',(-5.7333135,2.85534951,7.5));
#1420=VERTEX_POINT('',#1419);
#1421=CARTESIAN_POINT('',(-5.49154731,3.56756974,7.5));
#1422=VERTEX_POINT('',#1421);
#1423=CARTESIAN_POINT('',(-5.15888607,4.24214,7.5));
#1424=VERTEX_POINT('',#1423);
#1425=CARTESIAN_POINT('',(-4.74102171,4.86751822,7.5));
#1426=VERTEX_POINT('',#1425);
#1427=CARTESIAN_POINT('',(-4.24510399,5.43300399,7.5));
#1428=VERTEX_POINT('',#1427);
#1429=CARTESIAN_POINT('',(-3.67961822,5.92892171,7.5));
#1430=VERTEX_POINT('',#1429);
#1431=CARTESIAN_POINT('',(-3.05424,6.34678607,7.5));
#1432=VERTEX_POINT('',#1431);
#1433=CARTESIAN_POINT('',(-2.37966974,6.67944731,7.5));
#1434=VERTEX_POINT('',#1433);
#1435=CARTESIAN_POINT('',(-1.66744951,6.9212135,7.5));
#1436=VERTEX_POINT('',#1435);
#1437=CARTESIAN_POINT('',(-0.929765605,7.06794795,7.5));
#1438=VERTEX_POINT('',#1437);
#1439=CARTESIAN_POINT('',(-0.17924,7.11714,7.5));
#1440=VERTEX_POINT('',#1439);
#1441=CARTESIAN_POINT('',(0.571285605,7.06794795,7.5));
#1442=VERTEX_POINT('',#1441);
#1443=CARTESIAN_POINT('',(1.30896951,6.9212135,7.5));
#1444=VERTEX_POINT('',#1443);
#1445=CARTESIAN_POINT('',(2.02118974,6.67944731,7.5));
#1446=VERTEX_POINT('',#1445);
#1447=CARTESIAN_POINT('',(2.69576,6.34678607,7.5));
#1448=VERTEX_POINT('',#1447);
#1449=CARTESIAN_POINT('',(3.32113822,5.92892171,7.5));
#1450=VERTEX_POINT('',#1449);
#1451=CARTESIAN_POINT('',(3.88662399,5.43300399,7.5));
#1452=VERTEX_POINT('',#1451);
#1453=CARTESIAN_POINT('',(4.38254171,4.86751822,7.5));
#1454=VERTEX_POINT('',#1453);
#1455=CARTESIAN_POINT('',(4.80040607,4.24214,7.5));
#1456=VERTEX_POINT('',#1455);
#1457=CARTESIAN_POINT('',(5.13306731,3.56756974,7.5));
#1458=VERTEX_POINT('',#1457);
#1459=CARTESIAN_POINT('',(5.3748335,2.85534951,7.5));
#1460=VERTEX_POINT('',#1459);
#1461=CARTESIAN_POINT('',(5.52156795,2.11766561,7.5));
#1462=VERTEX_POINT('',#1461);
#1463=CARTESIAN_POINT('',(5.57076,1.36714,7.5));
#1464=VERTEX_POINT('',#1463);
#1465=VECTOR('',#281,1.);
#1466=LINE('',#1371,#1465);
#1467=EDGE_CURVE('',#1372,#1370,#1466,.T.);
#1468=ORIENTED_EDGE('',*,*,#1467,.F.);
#1469=DIRECTION('',(0.321439465,0.94693013,0.));
#1470=VECTOR('',#1469,1.);
#1471=LINE('',#1373,#1470);
#1472=EDGE_CURVE('',#1374,#1372,#1471,.T.);
#1473=ORIENTED_EDGE('',*,*,#1472,.F.);
#1474=DIRECTION('',(0.44228869,0.896872742,0.));
#1475=VECTOR('',#1474,1.);
#1476=LINE('',#1375,#1475);
#1477=EDGE_CURVE('',#1376,#1374,#1476,.T.);
#1478=ORIENTED_EDGE('',*,*,#1477,.F.);
#1479=DIRECTION('',(0.555570233,0.831469612,0.));
#1480=VECTOR('',#1479,1.);
#1481=LINE('',#1377,#1480);
#1482=EDGE_CURVE('',#1378,#1376,#1481,.T.);
#1483=ORIENTED_EDGE('',*,*,#1482,.F.);
#1484=DIRECTION('',(0.659345815,0.751839807,0.));
#1485=VECTOR('',#1484,1.);
#1486=LINE('',#1379,#1485);
#1487=EDGE_CURVE('',#1380,#1378,#1486,.T.);
#1488=ORIENTED_EDGE('',*,*,#1487,.F.);
#1489=DIRECTION('',(0.751839807,0.659345815,0.));
#1490=VECTOR('',#1489,1.);
#1491=LINE('',#1381,#1490);
#1492=EDGE_CURVE('',#1382,#1380,#1491,.T.);
#1493=ORIENTED_EDGE('',*,*,#1492,.F.);
#1494=DIRECTION('',(0.831469612,0.555570233,0.));
#1495=VECTOR('',#1494,1.);
#1496=LINE('',#1383,#1495);
#1497=EDGE_CURVE('',#1384,#1382,#1496,.T.);
#1498=ORIENTED_EDGE('',*,*,#1497,.F.);
#1499=DIRECTION('',(0.896872742,0.44228869,0.));
#1500=VECTOR('',#1499,1.);
#1501=LINE('',#1385,#1500);
#1502=EDGE_CURVE('',#1386,#1384,#1501,.T.);
#1503=ORIENTED_EDGE('',*,*,#1502,.F.);
#1504=DIRECTION('',(0.94693013,0.321439465,0.));
#1505=VECTOR('',#1504,1.);
#1506=LINE('',#1387,#1505);
#1507=EDGE_CURVE('',#1388,#1386,#1506,.T.);
#1508=ORIENTED_EDGE('',*,*,#1507,.F.);
#1509=VECTOR('',#326,1.);
#1510=LINE('',#1389,#1509);
#1511=EDGE_CURVE('',#1390,#1388,#1510,.T.);
#1512=ORIENTED_EDGE('',*,*,#1511,.F.);
#1513=DIRECTION('',(0.997858923,0.0654031291,0.));
#1514=VECTOR('',#1513,1.);
#1515=LINE('',#1391,#1514);
#1516=EDGE_CURVE('',#1392,#1390,#1515,.T.);
#1517=ORIENTED_EDGE('',*,*,#1516,.F.);
#1518=DIRECTION('',(0.997858923,-0.0654031291,0.));
#1519=VECTOR('',#1518,1.);
#1520=LINE('',#1393,#1519);
#1521=EDGE_CURVE('',#1394,#1392,#1520,.T.);
#1522=ORIENTED_EDGE('',*,*,#1521,.F.);
#1523=VECTOR('',#341,1.);
#1524=LINE('',#1395,#1523);
#1525=EDGE_CURVE('',#1396,#1394,#1524,.T.);
#1526=ORIENTED_EDGE('',*,*,#1525,.F.);
#1527=DIRECTION('',(0.94693013,-0.321439465,0.));
#1528=VECTOR('',#1527,1.);
#1529=LINE('',#1397,#1528);
#1530=EDGE_CURVE('',#1398,#1396,#1529,.T.);
#1531=ORIENTED_EDGE('',*,*,#1530,.F.);
#1532=DIRECTION('',(0.896872742,-0.44228869,0.));
#1533=VECTOR('',#1532,1.);
#1534=LINE('',#1399,#1533);
#1535=EDGE_CURVE('',#1400,#1398,#1534,.T.);
#1536=ORIENTED_EDGE('',*,*,#1535,.F.);
#1537=DIRECTION('',(0.831469612,-0.555570233,0.));
#1538=VECTOR('',#1537,1.);
#1539=LINE('',#1401,#1538);
#1540=EDGE_CURVE('',#1402,#1400,#1539,.T.);
#1541=ORIENTED_EDGE('',*,*,#1540,.F.);
#1542=DIRECTION('',(0.751839807,-0.659345815,0.));
#1543=VECTOR('',#1542,1.);
#1544=LINE('',#1403,#1543);
#1545=EDGE_CURVE('',#1404,#1402,#1544,.T.);
#1546=ORIENTED_EDGE('',*,*,#1545,.F.);
#1547=DIRECTION('',(0.659345815,-0.751839807,0.));
#1548=VECTOR('',#1547,1.);
#1549=LINE('',#1405,#1548);
#1550=EDGE_CURVE('',#1406,#1404,#1549,.T.);
#1551=ORIENTED_EDGE('',*,*,#1550,.F.);
#1552=DIRECTION('',(0.555570233,-0.831469612,0.));
#1553=VECTOR('',#1552,1.);
#1554=LINE('',#1407,#1553);
#1555=EDGE_CURVE('',#1408,#1406,#1554,.T.);
#1556=ORIENTED_EDGE('',*,*,#1555,.F.);
#1557=DIRECTION('',(0.44228869,-0.896872742,0.));
#1558=VECTOR('',#1557,1.);
#1559=LINE('',#1409,#1558);
#1560=EDGE_CURVE('',#1410,#1408,#1559,.T.);
#1561=ORIENTED_EDGE('',*,*,#1560,.F.);
#1562=DIRECTION('',(0.321439465,-0.94693013,0.));
#1563=VECTOR('',#1562,1.);
#1564=LINE('',#1411,#1563);
#1565=EDGE_CURVE('',#1412,#1410,#1564,.T.);
#1566=ORIENTED_EDGE('',*,*,#1565,.F.);
#1567=VECTOR('',#386,1.);
#1568=LINE('',#1413,#1567);
#1569=EDGE_CURVE('',#1414,#1412,#1568,.T.);
#1570=ORIENTED_EDGE('',*,*,#1569,.F.);
#1571=DIRECTION('',(0.0654031291,-0.997858923,0.));
#1572=VECTOR('',#1571,1.);
#1573=LINE('',#1415,#1572);
#1574=EDGE_CURVE('',#1416,#1414,#1573,.T.);
#1575=ORIENTED_EDGE('',*,*,#1574,.F.);
#1576=DIRECTION('',(0.0654031291,0.997858923,0.));
#1577=VECTOR('',#1576,1.);
#1578=LINE('',#1415,#1577);
#1579=EDGE_CURVE('',#1416,#1418,#1578,.T.);
#1580=ORIENTED_EDGE('',*,*,#1579,.T.);
#1581=VECTOR('',#281,1.);
#1582=LINE('',#1417,#1581);
#1583=EDGE_CURVE('',#1418,#1420,#1582,.T.);
#1584=ORIENTED_EDGE('',*,*,#1583,.T.);
#1585=VECTOR('',#1469,1.);
#1586=LINE('',#1419,#1585);
#1587=EDGE_CURVE('',#1420,#1422,#1586,.T.);
#1588=ORIENTED_EDGE('',*,*,#1587,.T.);
#1589=VECTOR('',#1474,1.);
#1590=LINE('',#1421,#1589);
#1591=EDGE_CURVE('',#1422,#1424,#1590,.T.);
#1592=ORIENTED_EDGE('',*,*,#1591,.T.);
#1593=VECTOR('',#1479,1.);
#1594=LINE('',#1423,#1593);
#1595=EDGE_CURVE('',#1424,#1426,#1594,.T.);
#1596=ORIENTED_EDGE('',*,*,#1595,.T.);
#1597=VECTOR('',#1484,1.);
#1598=LINE('',#1425,#1597);
#1599=EDGE_CURVE('',#1426,#1428,#1598,.T.);
#1600=ORIENTED_EDGE('',*,*,#1599,.T.);
#1601=VECTOR('',#1489,1.);
#1602=LINE('',#1427,#1601);
#1603=EDGE_CURVE('',#1428,#1430,#1602,.T.);
#1604=ORIENTED_EDGE('',*,*,#1603,.T.);
#1605=VECTOR('',#1494,1.);
#1606=LINE('',#1429,#1605);
#1607=EDGE_CURVE('',#1430,#1432,#1606,.T.);
#1608=ORIENTED_EDGE('',*,*,#1607,.T.);
#1609=VECTOR('',#1499,1.);
#1610=LINE('',#1431,#1609);
#1611=EDGE_CURVE('',#1432,#1434,#1610,.T.);
#1612=ORIENTED_EDGE('',*,*,#1611,.T.);
#1613=VECTOR('',#1504,1.);
#1614=LINE('',#1433,#1613);
#1615=EDGE_CURVE('',#1434,#1436,#1614,.T.);
#1616=ORIENTED_EDGE('',*,*,#1615,.T.);
#1617=VECTOR('',#326,1.);
#1618=LINE('',#1435,#1617);
#1619=EDGE_CURVE('',#1436,#1438,#1618,.T.);
#1620=ORIENTED_EDGE('',*,*,#1619,.T.);
#1621=VECTOR('',#1513,1.);
#1622=LINE('',#1437,#1621);
#1623=EDGE_CURVE('',#1438,#1440,#1622,.T.);
#1624=ORIENTED_EDGE('',*,*,#1623,.T.);
#1625=VECTOR('',#1518,1.);
#1626=LINE('',#1439,#1625);
#1627=EDGE_CURVE('',#1440,#1442,#1626,.T.);
#1628=ORIENTED_EDGE('',*,*,#1627,.T.);
#1629=VECTOR('',#341,1.);
#1630=LINE('',#1441,#1629);
#1631=EDGE_CURVE('',#1442,#1444,#1630,.T.);
#1632=ORIENTED_EDGE('',*,*,#1631,.T.);
#1633=VECTOR('',#1527,1.);
#1634=LINE('',#1443,#1633);
#1635=EDGE_CURVE('',#1444,#1446,#1634,.T.);
#1636=ORIENTED_EDGE('',*,*,#1635,.T.);
#1637=VECTOR('',#1532,1.);
#1638=LINE('',#1445,#1637);
#1639=EDGE_CURVE('',#1446,#1448,#1638,.T.);
#1640=ORIENTED_EDGE('',*,*,#1639,.T.);
#1641=VECTOR('',#1537,1.);
#1642=LINE('',#1447,#1641);
#1643=EDGE_CURVE('',#1448,#1450,#1642,.T.);
#1644=ORIENTED_EDGE('',*,*,#1643,.T.);
#1645=VECTOR('',#1542,1.);
#1646=LINE('',#1449,#1645);
#1647=EDGE_CURVE('',#1450,#1452,#1646,.T.);
#1648=ORIENTED_EDGE('',*,*,#1647,.T.);
#1649=VECTOR('',#1547,1.);
#1650=LINE('',#1451,#1649);
#1651=EDGE_CURVE('',#1452,#1454,#1650,.T.);
#1652=ORIENTED_EDGE('',*,*,#1651,.T.);
#1653=VECTOR('',#1552,1.);
#1654=LINE('',#1453,#1653);
#1655=EDGE_CURVE('',#1454,#1456,#1654,.T.);
#1656=ORIENTED_EDGE('',*,*,#1655,.T.);
#1657=VECTOR('',#1557,1.);
#1658=LINE('',#1455,#1657);
#1659=EDGE_CURVE('',#1456,#1458,#1658,.T.);
#1660=ORIENTED_EDGE('',*,*,#1659,.T.);
#1661=VECTOR('',#1562,1.);
#1662=LINE('',#1457,#1661);
#1663=EDGE_CURVE('',#1458,#1460,#1662,.T.);
#1664=ORIENTED_EDGE('',*,*,#1663,.T.);
#1665=VECTOR('',#386,1.);
#1666=LINE('',#1459,#1665);
#1667=EDGE_CURVE('',#1460,#1462,#1666,.T.);
#1668=ORIENTED_EDGE('',*,*,#1667,.T.);
#1669=VECTOR('',#1571,1.);
#1670=LINE('',#1461,#1669);
#1671=EDGE_CURVE('',#1462,#1464,#1670,.T.);
#1672=ORIENTED_EDGE('',*,*,#1671,.T.);
#1673=VECTOR('',#1576,1.);
#1674=LINE('',#1369,#1673);
#1675=EDGE_CURVE('',#1370,#1464,#1674,.T.);
#1676=ORIENTED_EDGE('',*,*,#1675,.F.);
#1677=EDGE_LOOP('',(#1468,#1473,#1478,#1483,#1488,#1493,#1498,#1503,#1508,#1512,#1517,#1522,#1526,#1531,#1536,#1541,#1546,#1551,#1556,#1561,#1566,#1570,#1575,#1580,#1584,#1588,#1592,#1596,#1600,#1604,#1608,#1612,#1616,#1620,#1624,#1628,#1632,#1636,#1640,#1644,#1648,#1652,#1656,#1660,#1664,#1668,#1672,#1676));
#1678=FACE_BOUND('',#1677,.T.);
#1679=DIRECTION('',(0.,0.,1.));
#1680=AXIS2_PLACEMENT_3D('',#1,#1679,#87);
#1681=PLANE('',#1680);
#1682=ADVANCED_FACE('',(#184,#498,#788,#1078,#1368,#1678),#1681,.T.);
#1683=CARTESIAN_POINT('',(-34.,-23.,4.5));
#1684=VERTEX_POINT('',#1683);
#1685=CARTESIAN_POINT('',(-34.5176381,-22.9318517,4.5));
#1686=VERTEX_POINT('',#1685);
#1687=CARTESIAN_POINT('',(-35.,-22.7320508,4.5));
#1688=VERTEX_POINT('',#1687);
#1689=CARTESIAN_POINT('',(-35.4142136,-22.4142136,4.5));
#1690=VERTEX_POINT('',#1689);
#1691=CARTESIAN_POINT('',(-35.7320508,-22.,4.5));
#1692=VERTEX_POINT('',#1691);
#1693=CARTESIAN_POINT('',(-35.9318517,-21.5176381,4.5));
#1694=VERTEX_POINT('',#1693);
#1695=CARTESIAN_POINT('',(-36.,-21.,4.5));
#1696=VERTEX_POINT('',#1695);
#1697=CARTESIAN_POINT('',(-36.,20.,4.5));
#1698=VERTEX_POINT('',#1697);
#1699=CARTESIAN_POINT('',(-35.9318517,20.5176381,4.5));
#1700=VERTEX_POINT('',#1699);
#1701=CARTESIAN_POINT('',(-35.7320508,21.,4.5));
#1702=VERTEX_POINT('',#1701);
#1703=CARTESIAN_POINT('',(-35.4142136,21.4142136,4.5));
#1704=VERTEX_POINT('',#1703);
#1705=CARTESIAN_POINT('',(-35.,21.7320508,4.5));
#1706=VERTEX_POINT('',#1705);
#1707=CARTESIAN_POINT('',(-34.5176381,21.9318517,4.5));
#1708=VERTEX_POINT('',#1707);
#1709=CARTESIAN_POINT('',(-34.,22.,4.5));
#1710=VERTEX_POINT('',#1709);
#1711=CARTESIAN_POINT('',(17.,22.,4.5));
#1712=VERTEX_POINT('',#1711);
#1713=CARTESIAN_POINT('',(17.5176381,21.9318517,4.5));
#1714=VERTEX_POINT('',#1713);
#1715=CARTESIAN_POINT('',(18.,21.7320508,4.5));
#1716=VERTEX_POINT('',#1715);
#1717=CARTESIAN_POINT('',(18.4142136,21.4142136,4.5));
#1718=VERTEX_POINT('',#1717);
#1719=CARTESIAN_POINT('',(18.7320508,21.,4.5));
#1720=VERTEX_POINT('',#1719);
#1721=CARTESIAN_POINT('',(18.9318517,20.5176381,4.5));
#1722=VERTEX_POINT('',#1721);
#1723=CARTESIAN_POINT('',(19.,20.,4.5));
#1724=VERTEX_POINT('',#1723);
#1725=CARTESIAN_POINT('',(19.,-21.,4.5));
#1726=VERTEX_POINT('',#1725);
#1727=CARTESIAN_POINT('',(18.9318517,-21.5176381,4.5));
#1728=VERTEX_POINT('',#1727);
#1729=CARTESIAN_POINT('',(18.7320508,-22.,4.5));
#1730=VERTEX_POINT('',#1729);
#1731=CARTESIAN_POINT('',(18.4142136,-22.4142136,4.5));
#1732=VERTEX_POINT('',#1731);
#1733=CARTESIAN_POINT('',(18.,-22.7320508,4.5));
#1734=VERTEX_POINT('',#1733);
#1735=CARTESIAN_POINT('',(17.5176381,-22.9318517,4.5));
#1736=VERTEX_POINT('',#1735);
#1737=CARTESIAN_POINT('',(17.,-23.,4.5));
#1738=VERTEX_POINT('',#1737);
#1739=VECTOR('',#117,1.);
#1740=LINE('',#1685,#1739);
#1741=EDGE_CURVE('',#1686,#1684,#1740,.T.);
#1742=ORIENTED_EDGE('',*,*,#1741,.F.);
#1743=VECTOR('',#112,1.);
#1744=LINE('',#1687,#1743);
#1745=EDGE_CURVE('',#1688,#1686,#1744,.T.);
#1746=ORIENTED_EDGE('',*,*,#1745,.F.);
#1747=VECTOR('',#107,1.);
#1748=LINE('',#1689,#1747);
#1749=EDGE_CURVE('',#1690,#1688,#1748,.T.);
#1750=ORIENTED_EDGE('',*,*,#1749,.F.);
#1751=VECTOR('',#102,1.);
#1752=LINE('',#1691,#1751);
#1753=EDGE_CURVE('',#1692,#1690,#1752,.T.);
#1754=ORIENTED_EDGE('',*,*,#1753,.F.);
#1755=VECTOR('',#97,1.);
#1756=LINE('',#1693,#1755);
#1757=EDGE_CURVE('',#1694,#1692,#1756,.T.);
#1758=ORIENTED_EDGE('',*,*,#1757,.F.);
#1759=VECTOR('',#92,1.);
#1760=LINE('',#1695,#1759);
#1761=EDGE_CURVE('',#1696,#1694,#1760,.T.);
#1762=ORIENTED_EDGE('',*,*,#1761,.F.);
#1763=VECTOR('',#87,1.);
#1764=LINE('',#1695,#1763);
#1765=EDGE_CURVE('',#1696,#1698,#1764,.T.);
#1766=ORIENTED_EDGE('',*,*,#1765,.T.);
#1767=VECTOR('',#82,1.);
#1768=LINE('',#1697,#1767);
#1769=EDGE_CURVE('',#1698,#1700,#1768,.T.);
#1770=ORIENTED_EDGE('',*,*,#1769,.T.);
#1771=VECTOR('',#77,1.);
#1772=LINE('',#1699,#1771);
#1773=EDGE_CURVE('',#1700,#1702,#1772,.T.);
#1774=ORIENTED_EDGE('',*,*,#1773,.T.);
#1775=VECTOR('',#72,1.);
#1776=LINE('',#1701,#1775);
#1777=EDGE_CURVE('',#1702,#1704,#1776,.T.);
#1778=ORIENTED_EDGE('',*,*,#1777,.T.);
#1779=VECTOR('',#67,1.);
#1780=LINE('',#1703,#1779);
#1781=EDGE_CURVE('',#1704,#1706,#1780,.T.);
#1782=ORIENTED_EDGE('',*,*,#1781,.T.);
#1783=VECTOR('',#62,1.);
#1784=LINE('',#1705,#1783);
#1785=EDGE_CURVE('',#1706,#1708,#1784,.T.);
#1786=ORIENTED_EDGE('',*,*,#1785,.T.);
#1787=VECTOR('',#57,1.);
#1788=LINE('',#1707,#1787);
#1789=EDGE_CURVE('',#1708,#1710,#1788,.T.);
#1790=ORIENTED_EDGE('',*,*,#1789,.T.);
#1791=VECTOR('',#122,1.);
#1792=LINE('',#1709,#1791);
#1793=EDGE_CURVE('',#1710,#1712,#1792,.T.);
#1794=ORIENTED_EDGE('',*,*,#1793,.T.);
#1795=VECTOR('',#117,1.);
#1796=LINE('',#1711,#1795);
#1797=EDGE_CURVE('',#1712,#1714,#1796,.T.);
#1798=ORIENTED_EDGE('',*,*,#1797,.T.);
#1799=VECTOR('',#112,1.);
#1800=LINE('',#1713,#1799);
#1801=EDGE_CURVE('',#1714,#1716,#1800,.T.);
#1802=ORIENTED_EDGE('',*,*,#1801,.T.);
#1803=VECTOR('',#107,1.);
#1804=LINE('',#1715,#1803);
#1805=EDGE_CURVE('',#1716,#1718,#1804,.T.);
#1806=ORIENTED_EDGE('',*,*,#1805,.T.);
#1807=VECTOR('',#102,1.);
#1808=LINE('',#1717,#1807);
#1809=EDGE_CURVE('',#1718,#1720,#1808,.T.);
#1810=ORIENTED_EDGE('',*,*,#1809,.T.);
#1811=VECTOR('',#97,1.);
#1812=LINE('',#1719,#1811);
#1813=EDGE_CURVE('',#1720,#1722,#1812,.T.);
#1814=ORIENTED_EDGE('',*,*,#1813,.T.);
#1815=VECTOR('',#92,1.);
#1816=LINE('',#1721,#1815);
#1817=EDGE_CURVE('',#1722,#1724,#1816,.T.);
#1818=ORIENTED_EDGE('',*,*,#1817,.T.);
#1819=VECTOR('',#87,1.);
#1820=LINE('',#1725,#1819);
#1821=EDGE_CURVE('',#1726,#1724,#1820,.T.);
#1822=ORIENTED_EDGE('',*,*,#1821,.F.);
#1823=VECTOR('',#82,1.);
#1824=LINE('',#1727,#1823);
#1825=EDGE_CURVE('',#1728,#1726,#1824,.T.);
#1826=ORIENTED_EDGE('',*,*,#1825,.F.);
#1827=VECTOR('',#77,1.);
#1828=LINE('',#1729,#1827);
#1829=EDGE_CURVE('',#1730,#1728,#1828,.T.);
#1830=ORIENTED_EDGE('',*,*,#1829,.F.);
#1831=VECTOR('',#72,1.);
#1832=LINE('',#1731,#1831);
#1833=EDGE_CURVE('',#1732,#1730,#1832,.T.);
#1834=ORIENTED_EDGE('',*,*,#1833,.F.);
#1835=VECTOR('',#67,1.);
#1836=LINE('',#1733,#1835);
#1837=EDGE_CURVE('',#1734,#1732,#1836,.T.);
#1838=ORIENTED_EDGE('',*,*,#1837,.F.);
#1839=VECTOR('',#62,1.);
#1840=LINE('',#1735,#1839);
#1841=EDGE_CURVE('',#1736,#1734,#1840,.T.);
#1842=ORIENTED_EDGE('',*,*,#1841,.F.);
#1843=VECTOR('',#57,1.);
#1844=LINE('',#1737,#1843);
#1845=EDGE_CURVE('',#1738,#1736,#1844,.T.);
#1846=ORIENTED_EDGE('',*,*,#1845,.F.);
#1847=VECTOR('',#122,1.);
#1848=LINE('',#1683,#1847);
#1849=EDGE_CURVE('',#1684,#1738,#1848,.T.);
#1850=ORIENTED_EDGE('',*,*,#1849,.F.);
#1851=EDGE_LOOP('',(#1742,#1746,#1750,#1754,#1758,#1762,#1766,#1770,#1774,#1778,#1782,#1786,#1790,#1794,#1798,#1802,#1806,#1810,#1814,#1818,#1822,#1826,#1830,#1834,#1838,#1842,#1846,#1850));
#1852=FACE_OUTER_BOUND('',#1851,.T.);
#1853=CARTESIAN_POINT('',(-32.3,19.5,4.5));
#1854=VERTEX_POINT('',#1853);
#1855=CARTESIAN_POINT('',(-32.3102662,19.6566314,4.5));
#1856=VERTEX_POINT('',#1855);
#1857=CARTESIAN_POINT('',(-32.340889,19.8105829,4.5));
#1858=VERTEX_POINT('',#1857);
#1859=CARTESIAN_POINT('',(-32.3913446,19.9592201,4.5));
#1860=VERTEX_POINT('',#1859);
#1861=CARTESIAN_POINT('',(-32.4607695,20.1,4.5));
#1862=VERTEX_POINT('',#1861);
#1863=CARTESIAN_POINT('',(-32.547976,20.2305137,4.5));
#1864=VERTEX_POINT('',#1863);
#1865=CARTESIAN_POINT('',(-32.6514719,20.3485281,4.5));
#1866=VERTEX_POINT('',#1865);
#1867=CARTESIAN_POINT('',(-32.7694863,20.452024,4.5));
#1868=VERTEX_POINT('',#1867);
#1869=CARTESIAN_POINT('',(-32.9,20.5392305,4.5));
#1870=VERTEX_POINT('',#1869);
#1871=CARTESIAN_POINT('',(-33.0407799,20.6086554,4.5));
#1872=VERTEX_POINT('',#1871);
#1873=CARTESIAN_POINT('',(-33.1894171,20.659111,4.5));
#1874=VERTEX_POINT('',#1873);
#1875=CARTESIAN_POINT('',(-33.3433686,20.6897338,4.5));
#1876=VERTEX_POINT('',#1875);
#1877=CARTESIAN_POINT('',(-33.5,20.7,4.5));
#1878=VERTEX_POINT('',#1877);
#1879=CARTESIAN_POINT('',(-33.6566314,20.6897338,4.5));
#1880=VERTEX_POINT('',#1879);
#1881=CARTESIAN_POINT('',(-33.8105829,20.659111,4.5));
#1882=VERTEX_POINT('',#1881);
#1883=CARTESIAN_POINT('',(-33.9592201,20.6086554,4.5));
#1884=VERTEX_POINT('',#1883);
#1885=CARTESIAN_POINT('',(-34.1,20.5392305,4.5));
#1886=VERTEX_POINT('',#1885);
#1887=CARTESIAN_POINT('',(-34.2305137,20.452024,4.5));
#1888=VERTEX_POINT('',#1887);
#1889=CARTESIAN_POINT('',(-34.3485281,20.3485281,4.5));
#1890=VERTEX_POINT('',#1889);
#1891=CARTESIAN_POINT('',(-34.452024,20.2305137,4.5));
#1892=VERTEX_POINT('',#1891);
#1893=CARTESIAN_POINT('',(-34.5392305,20.1,4.5));
#1894=VERTEX_POINT('',#1893);
#1895=CARTESIAN_POINT('',(-34.6086554,19.9592201,4.5));
#1896=VERTEX_POINT('',#1895);
#1897=CARTESIAN_POINT('',(-34.659111,19.8105829,4.5));
#1898=VERTEX_POINT('',#1897);
#1899=CARTESIAN_POINT('',(-34.6897338,19.6566314,4.5));
#1900=VERTEX_POINT('',#1899);
#1901=CARTESIAN_POINT('',(-34.7,19.5,4.5));
#1902=VERTEX_POINT('',#1901);
#1903=CARTESIAN_POINT('',(-34.6897338,19.3433686,4.5));
#1904=VERTEX_POINT('',#1903);
#1905=CARTESIAN_POINT('',(-34.659111,19.1894171,4.5));
#1906=VERTEX_POINT('',#1905);
#1907=CARTESIAN_POINT('',(-34.6086554,19.0407799,4.5));
#1908=VERTEX_POINT('',#1907);
#1909=CARTESIAN_POINT('',(-34.5392305,18.9,4.5));
#1910=VERTEX_POINT('',#1909);
#1911=CARTESIAN_POINT('',(-34.452024,18.7694863,4.5));
#1912=VERTEX_POINT('',#1911);
#1913=CARTESIAN_POINT('',(-34.3485281,18.6514719,4.5));
#1914=VERTEX_POINT('',#1913);
#1915=CARTESIAN_POINT('',(-34.2305137,18.547976,4.5));
#1916=VERTEX_POINT('',#1915);
#1917=CARTESIAN_POINT('',(-34.1,18.4607695,4.5));
#1918=VERTEX_POINT('',#1917);
#1919=CARTESIAN_POINT('',(-33.9592201,18.3913446,4.5));
#1920=VERTEX_POINT('',#1919);
#1921=CARTESIAN_POINT('',(-33.8105829,18.340889,4.5));
#1922=VERTEX_POINT('',#1921);
#1923=CARTESIAN_POINT('',(-33.6566314,18.3102662,4.5));
#1924=VERTEX_POINT('',#1923);
#1925=CARTESIAN_POINT('',(-33.5,18.3,4.5));
#1926=VERTEX_POINT('',#1925);
#1927=CARTESIAN_POINT('',(-33.3433686,18.3102662,4.5));
#1928=VERTEX_POINT('',#1927);
#1929=CARTESIAN_POINT('',(-33.1894171,18.340889,4.5));
#1930=VERTEX_POINT('',#1929);
#1931=CARTESIAN_POINT('',(-33.0407799,18.3913446,4.5));
#1932=VERTEX_POINT('',#1931);
#1933=CARTESIAN_POINT('',(-32.9,18.4607695,4.5));
#1934=VERTEX_POINT('',#1933);
#1935=CARTESIAN_POINT('',(-32.7694863,18.547976,4.5));
#1936=VERTEX_POINT('',#1935);
#1937=CARTESIAN_POINT('',(-32.6514719,18.6514719,4.5));
#1938=VERTEX_POINT('',#1937);
#1939=CARTESIAN_POINT('',(-32.547976,18.7694863,4.5));
#1940=VERTEX_POINT('',#1939);
#1941=CARTESIAN_POINT('',(-32.4607695,18.9,4.5));
#1942=VERTEX_POINT('',#1941);
#1943=CARTESIAN_POINT('',(-32.3913446,19.0407799,4.5));
#1944=VERTEX_POINT('',#1943);
#1945=CARTESIAN_POINT('',(-32.340889,19.1894171,4.5));
#1946=VERTEX_POINT('',#1945);
#1947=CARTESIAN_POINT('',(-32.3102662,19.3433686,4.5));
#1948=VERTEX_POINT('',#1947);
#1949=VECTOR('',#391,1.);
#1950=LINE('',#1855,#1949);
#1951=EDGE_CURVE('',#1856,#1854,#1950,.T.);
#1952=ORIENTED_EDGE('',*,*,#1951,.F.);
#1953=VECTOR('',#386,1.);
#1954=LINE('',#1857,#1953);
#1955=EDGE_CURVE('',#1858,#1856,#1954,.T.);
#1956=ORIENTED_EDGE('',*,*,#1955,.F.);
#1957=VECTOR('',#381,1.);
#1958=LINE('',#1859,#1957);
#1959=EDGE_CURVE('',#1860,#1858,#1958,.T.);
#1960=ORIENTED_EDGE('',*,*,#1959,.F.);
#1961=VECTOR('',#376,1.);
#1962=LINE('',#1861,#1961);
#1963=EDGE_CURVE('',#1862,#1860,#1962,.T.);
#1964=ORIENTED_EDGE('',*,*,#1963,.F.);
#1965=VECTOR('',#371,1.);
#1966=LINE('',#1863,#1965);
#1967=EDGE_CURVE('',#1864,#1862,#1966,.T.);
#1968=ORIENTED_EDGE('',*,*,#1967,.F.);
#1969=VECTOR('',#366,1.);
#1970=LINE('',#1865,#1969);
#1971=EDGE_CURVE('',#1866,#1864,#1970,.T.);
#1972=ORIENTED_EDGE('',*,*,#1971,.F.);
#1973=VECTOR('',#361,1.);
#1974=LINE('',#1867,#1973);
#1975=EDGE_CURVE('',#1868,#1866,#1974,.T.);
#1976=ORIENTED_EDGE('',*,*,#1975,.F.);
#1977=VECTOR('',#356,1.);
#1978=LINE('',#1869,#1977);
#1979=EDGE_CURVE('',#1870,#1868,#1978,.T.);
#1980=ORIENTED_EDGE('',*,*,#1979,.F.);
#1981=VECTOR('',#351,1.);
#1982=LINE('',#1871,#1981);
#1983=EDGE_CURVE('',#1872,#1870,#1982,.T.);
#1984=ORIENTED_EDGE('',*,*,#1983,.F.);
#1985=VECTOR('',#346,1.);
#1986=LINE('',#1873,#1985);
#1987=EDGE_CURVE('',#1874,#1872,#1986,.T.);
#1988=ORIENTED_EDGE('',*,*,#1987,.F.);
#1989=VECTOR('',#341,1.);
#1990=LINE('',#1875,#1989);
#1991=EDGE_CURVE('',#1876,#1874,#1990,.T.);
#1992=ORIENTED_EDGE('',*,*,#1991,.F.);
#1993=VECTOR('',#336,1.);
#1994=LINE('',#1877,#1993);
#1995=EDGE_CURVE('',#1878,#1876,#1994,.T.);
#1996=ORIENTED_EDGE('',*,*,#1995,.F.);
#1997=VECTOR('',#331,1.);
#1998=LINE('',#1879,#1997);
#1999=EDGE_CURVE('',#1880,#1878,#1998,.T.);
#2000=ORIENTED_EDGE('',*,*,#1999,.F.);
#2001=VECTOR('',#326,1.);
#2002=LINE('',#1881,#2001);
#2003=EDGE_CURVE('',#1882,#1880,#2002,.T.);
#2004=ORIENTED_EDGE('',*,*,#2003,.F.);
#2005=VECTOR('',#321,1.);
#2006=LINE('',#1883,#2005);
#2007=EDGE_CURVE('',#1884,#1882,#2006,.T.);
#2008=ORIENTED_EDGE('',*,*,#2007,.F.);
#2009=VECTOR('',#316,1.);
#2010=LINE('',#1885,#2009);
#2011=EDGE_CURVE('',#1886,#1884,#2010,.T.);
#2012=ORIENTED_EDGE('',*,*,#2011,.F.);
#2013=VECTOR('',#311,1.);
#2014=LINE('',#1887,#2013);
#2015=EDGE_CURVE('',#1888,#1886,#2014,.T.);
#2016=ORIENTED_EDGE('',*,*,#2015,.F.);
#2017=VECTOR('',#306,1.);
#2018=LINE('',#1889,#2017);
#2019=EDGE_CURVE('',#1890,#1888,#2018,.T.);
#2020=ORIENTED_EDGE('',*,*,#2019,.F.);
#2021=VECTOR('',#301,1.);
#2022=LINE('',#1891,#2021);
#2023=EDGE_CURVE('',#1892,#1890,#2022,.T.);
#2024=ORIENTED_EDGE('',*,*,#2023,.F.);
#2025=VECTOR('',#296,1.);
#2026=LINE('',#1893,#2025);
#2027=EDGE_CURVE('',#1894,#1892,#2026,.T.);
#2028=ORIENTED_EDGE('',*,*,#2027,.F.);
#2029=VECTOR('',#291,1.);
#2030=LINE('',#1895,#2029);
#2031=EDGE_CURVE('',#1896,#1894,#2030,.T.);
#2032=ORIENTED_EDGE('',*,*,#2031,.F.);
#2033=VECTOR('',#286,1.);
#2034=LINE('',#1897,#2033);
#2035=EDGE_CURVE('',#1898,#1896,#2034,.T.);
#2036=ORIENTED_EDGE('',*,*,#2035,.F.);
#2037=VECTOR('',#281,1.);
#2038=LINE('',#1899,#2037);
#2039=EDGE_CURVE('',#1900,#1898,#2038,.T.);
#2040=ORIENTED_EDGE('',*,*,#2039,.F.);
#2041=VECTOR('',#396,1.);
#2042=LINE('',#1901,#2041);
#2043=EDGE_CURVE('',#1902,#1900,#2042,.T.);
#2044=ORIENTED_EDGE('',*,*,#2043,.F.);
#2045=VECTOR('',#391,1.);
#2046=LINE('',#1901,#2045);
#2047=EDGE_CURVE('',#1902,#1904,#2046,.T.);
#2048=ORIENTED_EDGE('',*,*,#2047,.T.);
#2049=VECTOR('',#386,1.);
#2050=LINE('',#1903,#2049);
#2051=EDGE_CURVE('',#1904,#1906,#2050,.T.);
#2052=ORIENTED_EDGE('',*,*,#2051,.T.);
#2053=VECTOR('',#381,1.);
#2054=LINE('',#1905,#2053);
#2055=EDGE_CURVE('',#1906,#1908,#2054,.T.);
#2056=ORIENTED_EDGE('',*,*,#2055,.T.);
#2057=VECTOR('',#376,1.);
#2058=LINE('',#1907,#2057);
#2059=EDGE_CURVE('',#1908,#1910,#2058,.T.);
#2060=ORIENTED_EDGE('',*,*,#2059,.T.);
#2061=VECTOR('',#371,1.);
#2062=LINE('',#1909,#2061);
#2063=EDGE_CURVE('',#1910,#1912,#2062,.T.);
#2064=ORIENTED_EDGE('',*,*,#2063,.T.);
#2065=VECTOR('',#366,1.);
#2066=LINE('',#1911,#2065);
#2067=EDGE_CURVE('',#1912,#1914,#2066,.T.);
#2068=ORIENTED_EDGE('',*,*,#2067,.T.);
#2069=VECTOR('',#361,1.);
#2070=LINE('',#1913,#2069);
#2071=EDGE_CURVE('',#1914,#1916,#2070,.T.);
#2072=ORIENTED_EDGE('',*,*,#2071,.T.);
#2073=VECTOR('',#356,1.);
#2074=LINE('',#1915,#2073);
#2075=EDGE_CURVE('',#1916,#1918,#2074,.T.);
#2076=ORIENTED_EDGE('',*,*,#2075,.T.);
#2077=VECTOR('',#351,1.);
#2078=LINE('',#1917,#2077);
#2079=EDGE_CURVE('',#1918,#1920,#2078,.T.);
#2080=ORIENTED_EDGE('',*,*,#2079,.T.);
#2081=VECTOR('',#346,1.);
#2082=LINE('',#1919,#2081);
#2083=EDGE_CURVE('',#1920,#1922,#2082,.T.);
#2084=ORIENTED_EDGE('',*,*,#2083,.T.);
#2085=VECTOR('',#341,1.);
#2086=LINE('',#1921,#2085);
#2087=EDGE_CURVE('',#1922,#1924,#2086,.T.);
#2088=ORIENTED_EDGE('',*,*,#2087,.T.);
#2089=VECTOR('',#336,1.);
#2090=LINE('',#1923,#2089);
#2091=EDGE_CURVE('',#1924,#1926,#2090,.T.);
#2092=ORIENTED_EDGE('',*,*,#2091,.T.);
#2093=VECTOR('',#331,1.);
#2094=LINE('',#1925,#2093);
#2095=EDGE_CURVE('',#1926,#1928,#2094,.T.);
#2096=ORIENTED_EDGE('',*,*,#2095,.T.);
#2097=VECTOR('',#326,1.);
#2098=LINE('',#1927,#2097);
#2099=EDGE_CURVE('',#1928,#1930,#2098,.T.);
#2100=ORIENTED_EDGE('',*,*,#2099,.T.);
#2101=VECTOR('',#321,1.);
#2102=LINE('',#1929,#2101);
#2103=EDGE_CURVE('',#1930,#1932,#2102,.T.);
#2104=ORIENTED_EDGE('',*,*,#2103,.T.);
#2105=VECTOR('',#316,1.);
#2106=LINE('',#1931,#2105);
#2107=EDGE_CURVE('',#1932,#1934,#2106,.T.);
#2108=ORIENTED_EDGE('',*,*,#2107,.T.);
#2109=VECTOR('',#311,1.);
#2110=LINE('',#1933,#2109);
#2111=EDGE_CURVE('',#1934,#1936,#2110,.T.);
#2112=ORIENTED_EDGE('',*,*,#2111,.T.);
#2113=VECTOR('',#306,1.);
#2114=LINE('',#1935,#2113);
#2115=EDGE_CURVE('',#1936,#1938,#2114,.T.);
#2116=ORIENTED_EDGE('',*,*,#2115,.T.);
#2117=VECTOR('',#301,1.);
#2118=LINE('',#1937,#2117);
#2119=EDGE_CURVE('',#1938,#1940,#2118,.T.);
#2120=ORIENTED_EDGE('',*,*,#2119,.T.);
#2121=VECTOR('',#296,1.);
#2122=LINE('',#1939,#2121);
#2123=EDGE_CURVE('',#1940,#1942,#2122,.T.);
#2124=ORIENTED_EDGE('',*,*,#2123,.T.);
#2125=VECTOR('',#291,1.);
#2126=LINE('',#1941,#2125);
#2127=EDGE_CURVE('',#1942,#1944,#2126,.T.);
#2128=ORIENTED_EDGE('',*,*,#2127,.T.);
#2129=VECTOR('',#286,1.);
#2130=LINE('',#1943,#2129);
#2131=EDGE_CURVE('',#1944,#1946,#2130,.T.);
#2132=ORIENTED_EDGE('',*,*,#2131,.T.);
#2133=VECTOR('',#281,1.);
#2134=LINE('',#1945,#2133);
#2135=EDGE_CURVE('',#1946,#1948,#2134,.T.);
#2136=ORIENTED_EDGE('',*,*,#2135,.T.);
#2137=VECTOR('',#396,1.);
#2138=LINE('',#1947,#2137);
#2139=EDGE_CURVE('',#1948,#1854,#2138,.T.);
#2140=ORIENTED_EDGE('',*,*,#2139,.T.);
#2141=EDGE_LOOP('',(#1952,#1956,#1960,#1964,#1968,#1972,#1976,#1980,#1984,#1988,#1992,#1996,#2000,#2004,#2008,#2012,#2016,#2020,#2024,#2028,#2032,#2036,#2040,#2044,#2048,#2052,#2056,#2060,#2064,#2068,#2072,#2076,#2080,#2084,#2088,#2092,#2096,#2100,#2104,#2108,#2112,#2116,#2120,#2124,#2128,#2132,#2136,#2140));
#2142=FACE_BOUND('',#2141,.T.);
#2143=CARTESIAN_POINT('',(-32.3,-20.5,4.5));
#2144=VERTEX_POINT('',#2143);
#2145=CARTESIAN_POINT('',(-32.3102662,-20.3433686,4.5));
#2146=VERTEX_POINT('',#2145);
#2147=CARTESIAN_POINT('',(-32.340889,-20.1894171,4.5));
#2148=VERTEX_POINT('',#2147);
#2149=CARTESIAN_POINT('',(-32.3913446,-20.0407799,4.5));
#2150=VERTEX_POINT('',#2149);
#2151=CARTESIAN_POINT('',(-32.4607695,-19.9,4.5));
#2152=VERTEX_POINT('',#2151);
#2153=CARTESIAN_POINT('',(-32.547976,-19.7694863,4.5));
#2154=VERTEX_POINT('',#2153);
#2155=CARTESIAN_POINT('',(-32.6514719,-19.6514719,4.5));
#2156=VERTEX_POINT('',#2155);
#2157=CARTESIAN_POINT('',(-32.7694863,-19.547976,4.5));
#2158=VERTEX_POINT('',#2157);
#2159=CARTESIAN_POINT('',(-32.9,-19.4607695,4.5));
#2160=VERTEX_POINT('',#2159);
#2161=CARTESIAN_POINT('',(-33.0407799,-19.3913446,4.5));
#2162=VERTEX_POINT('',#2161);
#2163=CARTESIAN_POINT('',(-33.1894171,-19.340889,4.5));
#2164=VERTEX_POINT('',#2163);
#2165=CARTESIAN_POINT('',(-33.3433686,-19.3102662,4.5));
#2166=VERTEX_POINT('',#2165);
#2167=CARTESIAN_POINT('',(-33.5,-19.3,4.5));
#2168=VERTEX_POINT('',#2167);
#2169=CARTESIAN_POINT('',(-33.6566314,-19.3102662,4.5));
#2170=VERTEX_POINT('',#2169);
#2171=CARTESIAN_POINT('',(-33.8105829,-19.340889,4.5));
#2172=VERTEX_POINT('',#2171);
#2173=CARTESIAN_POINT('',(-33.9592201,-19.3913446,4.5));
#2174=VERTEX_POINT('',#2173);
#2175=CARTESIAN_POINT('',(-34.1,-19.4607695,4.5));
#2176=VERTEX_POINT('',#2175);
#2177=CARTESIAN_POINT('',(-34.2305137,-19.547976,4.5));
#2178=VERTEX_POINT('',#2177);
#2179=CARTESIAN_POINT('',(-34.3485281,-19.6514719,4.5));
#2180=VERTEX_POINT('',#2179);
#2181=CARTESIAN_POINT('',(-34.452024,-19.7694863,4.5));
#2182=VERTEX_POINT('',#2181);
#2183=CARTESIAN_POINT('',(-34.5392305,-19.9,4.5));
#2184=VERTEX_POINT('',#2183);
#2185=CARTESIAN_POINT('',(-34.6086554,-20.0407799,4.5));
#2186=VERTEX_POINT('',#2185);
#2187=CARTESIAN_POINT('',(-34.659111,-20.1894171,4.5));
#2188=VERTEX_POINT('',#2187);
#2189=CARTESIAN_POINT('',(-34.6897338,-20.3433686,4.5));
#2190=VERTEX_POINT('',#2189);
#2191=CARTESIAN_POINT('',(-34.7,-20.5,4.5));
#2192=VERTEX_POINT('',#2191);
#2193=CARTESIAN_POINT('',(-34.6897338,-20.6566314,4.5));
#2194=VERTEX_POINT('',#2193);
#2195=CARTESIAN_POINT('',(-34.659111,-20.8105829,4.5));
#2196=VERTEX_POINT('',#2195);
#2197=CARTESIAN_POINT('',(-34.6086554,-20.9592201,4.5));
#2198=VERTEX_POINT('',#2197);
#2199=CARTESIAN_POINT('',(-34.5392305,-21.1,4.5));
#2200=VERTEX_POINT('',#2199);
#2201=CARTESIAN_POINT('',(-34.452024,-21.2305137,4.5));
#2202=VERTEX_POINT('',#2201);
#2203=CARTESIAN_POINT('',(-34.3485281,-21.3485281,4.5));
#2204=VERTEX_POINT('',#2203);
#2205=CARTESIAN_POINT('',(-34.2305137,-21.452024,4.5));
#2206=VERTEX_POINT('',#2205);
#2207=CARTESIAN_POINT('',(-34.1,-21.5392305,4.5));
#2208=VERTEX_POINT('',#2207);
#2209=CARTESIAN_POINT('',(-33.9592201,-21.6086554,4.5));
#2210=VERTEX_POINT('',#2209);
#2211=CARTESIAN_POINT('',(-33.8105829,-21.659111,4.5));
#2212=VERTEX_POINT('',#2211);
#2213=CARTESIAN_POINT('',(-33.6566314,-21.6897338,4.5));
#2214=VERTEX_POINT('',#2213);
#2215=CARTESIAN_POINT('',(-33.5,-21.7,4.5));
#2216=VERTEX_POINT('',#2215);
#2217=CARTESIAN_POINT('',(-33.3433686,-21.6897338,4.5));
#2218=VERTEX_POINT('',#2217);
#2219=CARTESIAN_POINT('',(-33.1894171,-21.659111,4.5));
#2220=VERTEX_POINT('',#2219);
#2221=CARTESIAN_POINT('',(-33.0407799,-21.6086554,4.5));
#2222=VERTEX_POINT('',#2221);
#2223=CARTESIAN_POINT('',(-32.9,-21.5392305,4.5));
#2224=VERTEX_POINT('',#2223);
#2225=CARTESIAN_POINT('',(-32.7694863,-21.452024,4.5));
#2226=VERTEX_POINT('',#2225);
#2227=CARTESIAN_POINT('',(-32.6514719,-21.3485281,4.5));
#2228=VERTEX_POINT('',#2227);
#2229=CARTESIAN_POINT('',(-32.547976,-21.2305137,4.5));
#2230=VERTEX_POINT('',#2229);
#2231=CARTESIAN_POINT('',(-32.4607695,-21.1,4.5));
#2232=VERTEX_POINT('',#2231);
#2233=CARTESIAN_POINT('',(-32.3913446,-20.9592201,4.5));
#2234=VERTEX_POINT('',#2233);
#2235=CARTESIAN_POINT('',(-32.340889,-20.8105829,4.5));
#2236=VERTEX_POINT('',#2235);
#2237=CARTESIAN_POINT('',(-32.3102662,-20.6566314,4.5));
#2238=VERTEX_POINT('',#2237);
#2239=VECTOR('',#391,1.);
#2240=LINE('',#2145,#2239);
#2241=EDGE_CURVE('',#2146,#2144,#2240,.T.);
#2242=ORIENTED_EDGE('',*,*,#2241,.F.);
#2243=VECTOR('',#386,1.);
#2244=LINE('',#2147,#2243);
#2245=EDGE_CURVE('',#2148,#2146,#2244,.T.);
#2246=ORIENTED_EDGE('',*,*,#2245,.F.);
#2247=VECTOR('',#381,1.);
#2248=LINE('',#2149,#2247);
#2249=EDGE_CURVE('',#2150,#2148,#2248,.T.);
#2250=ORIENTED_EDGE('',*,*,#2249,.F.);
#2251=VECTOR('',#376,1.);
#2252=LINE('',#2151,#2251);
#2253=EDGE_CURVE('',#2152,#2150,#2252,.T.);
#2254=ORIENTED_EDGE('',*,*,#2253,.F.);
#2255=VECTOR('',#371,1.);
#2256=LINE('',#2153,#2255);
#2257=EDGE_CURVE('',#2154,#2152,#2256,.T.);
#2258=ORIENTED_EDGE('',*,*,#2257,.F.);
#2259=VECTOR('',#366,1.);
#2260=LINE('',#2155,#2259);
#2261=EDGE_CURVE('',#2156,#2154,#2260,.T.);
#2262=ORIENTED_EDGE('',*,*,#2261,.F.);
#2263=VECTOR('',#361,1.);
#2264=LINE('',#2157,#2263);
#2265=EDGE_CURVE('',#2158,#2156,#2264,.T.);
#2266=ORIENTED_EDGE('',*,*,#2265,.F.);
#2267=VECTOR('',#356,1.);
#2268=LINE('',#2159,#2267);
#2269=EDGE_CURVE('',#2160,#2158,#2268,.T.);
#2270=ORIENTED_EDGE('',*,*,#2269,.F.);
#2271=VECTOR('',#351,1.);
#2272=LINE('',#2161,#2271);
#2273=EDGE_CURVE('',#2162,#2160,#2272,.T.);
#2274=ORIENTED_EDGE('',*,*,#2273,.F.);
#2275=VECTOR('',#346,1.);
#2276=LINE('',#2163,#2275);
#2277=EDGE_CURVE('',#2164,#2162,#2276,.T.);
#2278=ORIENTED_EDGE('',*,*,#2277,.F.);
#2279=VECTOR('',#341,1.);
#2280=LINE('',#2165,#2279);
#2281=EDGE_CURVE('',#2166,#2164,#2280,.T.);
#2282=ORIENTED_EDGE('',*,*,#2281,.F.);
#2283=VECTOR('',#336,1.);
#2284=LINE('',#2167,#2283);
#2285=EDGE_CURVE('',#2168,#2166,#2284,.T.);
#2286=ORIENTED_EDGE('',*,*,#2285,.F.);
#2287=VECTOR('',#331,1.);
#2288=LINE('',#2169,#2287);
#2289=EDGE_CURVE('',#2170,#2168,#2288,.T.);
#2290=ORIENTED_EDGE('',*,*,#2289,.F.);
#2291=VECTOR('',#326,1.);
#2292=LINE('',#2171,#2291);
#2293=EDGE_CURVE('',#2172,#2170,#2292,.T.);
#2294=ORIENTED_EDGE('',*,*,#2293,.F.);
#2295=VECTOR('',#321,1.);
#2296=LINE('',#2173,#2295);
#2297=EDGE_CURVE('',#2174,#2172,#2296,.T.);
#2298=ORIENTED_EDGE('',*,*,#2297,.F.);
#2299=VECTOR('',#316,1.);
#2300=LINE('',#2175,#2299);
#2301=EDGE_CURVE('',#2176,#2174,#2300,.T.);
#2302=ORIENTED_EDGE('',*,*,#2301,.F.);
#2303=VECTOR('',#311,1.);
#2304=LINE('',#2177,#2303);
#2305=EDGE_CURVE('',#2178,#2176,#2304,.T.);
#2306=ORIENTED_EDGE('',*,*,#2305,.F.);
#2307=VECTOR('',#306,1.);
#2308=LINE('',#2179,#2307);
#2309=EDGE_CURVE('',#2180,#2178,#2308,.T.);
#2310=ORIENTED_EDGE('',*,*,#2309,.F.);
#2311=VECTOR('',#301,1.);
#2312=LINE('',#2181,#2311);
#2313=EDGE_CURVE('',#2182,#2180,#2312,.T.);
#2314=ORIENTED_EDGE('',*,*,#2313,.F.);
#2315=VECTOR('',#296,1.);
#2316=LINE('',#2183,#2315);
#2317=EDGE_CURVE('',#2184,#2182,#2316,.T.);
#2318=ORIENTED_EDGE('',*,*,#2317,.F.);
#2319=VECTOR('',#291,1.);
#2320=LINE('',#2185,#2319);
#2321=EDGE_CURVE('',#2186,#2184,#2320,.T.);
#2322=ORIENTED_EDGE('',*,*,#2321,.F.);
#2323=VECTOR('',#286,1.);
#2324=LINE('',#2187,#2323);
#2325=EDGE_CURVE('',#2188,#2186,#2324,.T.);
#2326=ORIENTED_EDGE('',*,*,#2325,.F.);
#2327=VECTOR('',#281,1.);
#2328=LINE('',#2189,#2327);
#2329=EDGE_CURVE('',#2190,#2188,#2328,.T.);
#2330=ORIENTED_EDGE('',*,*,#2329,.F.);
#2331=VECTOR('',#396,1.);
#2332=LINE('',#2191,#2331);
#2333=EDGE_CURVE('',#2192,#2190,#2332,.T.);
#2334=ORIENTED_EDGE('',*,*,#2333,.F.);
#2335=VECTOR('',#391,1.);
#2336=LINE('',#2191,#2335);
#2337=EDGE_CURVE('',#2192,#2194,#2336,.T.);
#2338=ORIENTED_EDGE('',*,*,#2337,.T.);
#2339=VECTOR('',#386,1.);
#2340=LINE('',#2193,#2339);
#2341=EDGE_CURVE('',#2194,#2196,#2340,.T.);
#2342=ORIENTED_EDGE('',*,*,#2341,.T.);
#2343=VECTOR('',#381,1.);
#2344=LINE('',#2195,#2343);
#2345=EDGE_CURVE('',#2196,#2198,#2344,.T.);
#2346=ORIENTED_EDGE('',*,*,#2345,.T.);
#2347=VECTOR('',#376,1.);
#2348=LINE('',#2197,#2347);
#2349=EDGE_CURVE('',#2198,#2200,#2348,.T.);
#2350=ORIENTED_EDGE('',*,*,#2349,.T.);
#2351=VECTOR('',#371,1.);
#2352=LINE('',#2199,#2351);
#2353=EDGE_CURVE('',#2200,#2202,#2352,.T.);
#2354=ORIENTED_EDGE('',*,*,#2353,.T.);
#2355=VECTOR('',#366,1.);
#2356=LINE('',#2201,#2355);
#2357=EDGE_CURVE('',#2202,#2204,#2356,.T.);
#2358=ORIENTED_EDGE('',*,*,#2357,.T.);
#2359=VECTOR('',#361,1.);
#2360=LINE('',#2203,#2359);
#2361=EDGE_CURVE('',#2204,#2206,#2360,.T.);
#2362=ORIENTED_EDGE('',*,*,#2361,.T.);
#2363=VECTOR('',#356,1.);
#2364=LINE('',#2205,#2363);
#2365=EDGE_CURVE('',#2206,#2208,#2364,.T.);
#2366=ORIENTED_EDGE('',*,*,#2365,.T.);
#2367=VECTOR('',#351,1.);
#2368=LINE('',#2207,#2367);
#2369=EDGE_CURVE('',#2208,#2210,#2368,.T.);
#2370=ORIENTED_EDGE('',*,*,#2369,.T.);
#2371=VECTOR('',#346,1.);
#2372=LINE('',#2209,#2371);
#2373=EDGE_CURVE('',#2210,#2212,#2372,.T.);
#2374=ORIENTED_EDGE('',*,*,#2373,.T.);
#2375=VECTOR('',#341,1.);
#2376=LINE('',#2211,#2375);
#2377=EDGE_CURVE('',#2212,#2214,#2376,.T.);
#2378=ORIENTED_EDGE('',*,*,#2377,.T.);
#2379=VECTOR('',#336,1.);
#2380=LINE('',#2213,#2379);
#2381=EDGE_CURVE('',#2214,#2216,#2380,.T.);
#2382=ORIENTED_EDGE('',*,*,#2381,.T.);
#2383=VECTOR('',#331,1.);
#2384=LINE('',#2215,#2383);
#2385=EDGE_CURVE('',#2216,#2218,#2384,.T.);
#2386=ORIENTED_EDGE('',*,*,#2385,.T.);
#2387=VECTOR('',#326,1.);
#2388=LINE('',#2217,#2387);
#2389=EDGE_CURVE('',#2218,#2220,#2388,.T.);
#2390=ORIENTED_EDGE('',*,*,#2389,.T.);
#2391=VECTOR('',#321,1.);
#2392=LINE('',#2219,#2391);
#2393=EDGE_CURVE('',#2220,#2222,#2392,.T.);
#2394=ORIENTED_EDGE('',*,*,#2393,.T.);
#2395=VECTOR('',#316,1.);
#2396=LINE('',#2221,#2395);
#2397=EDGE_CURVE('',#2222,#2224,#2396,.T.);
#2398=ORIENTED_EDGE('',*,*,#2397,.T.);
#2399=VECTOR('',#311,1.);
#2400=LINE('',#2223,#2399);
#2401=EDGE_CURVE('',#2224,#2226,#2400,.T.);
#2402=ORIENTED_EDGE('',*,*,#2401,.T.);
#2403=VECTOR('',#306,1.);
#2404=LINE('',#2225,#2403);
#2405=EDGE_CURVE('',#2226,#2228,#2404,.T.);
#2406=ORIENTED_EDGE('',*,*,#2405,.T.);
#2407=VECTOR('',#301,1.);
#2408=LINE('',#2227,#2407);
#2409=EDGE_CURVE('',#2228,#2230,#2408,.T.);
#2410=ORIENTED_EDGE('',*,*,#2409,.T.);
#2411=VECTOR('',#296,1.);
#2412=LINE('',#2229,#2411);
#2413=EDGE_CURVE('',#2230,#2232,#2412,.T.);
#2414=ORIENTED_EDGE('',*,*,#2413,.T.);
#2415=VECTOR('',#291,1.);
#2416=LINE('',#2231,#2415);
#2417=EDGE_CURVE('',#2232,#2234,#2416,.T.);
#2418=ORIENTED_EDGE('',*,*,#2417,.T.);
#2419=VECTOR('',#286,1.);
#2420=LINE('',#2233,#2419);
#2421=EDGE_CURVE('',#2234,#2236,#2420,.T.);
#2422=ORIENTED_EDGE('',*,*,#2421,.T.);
#2423=VECTOR('',#281,1.);
#2424=LINE('',#2235,#2423);
#2425=EDGE_CURVE('',#2236,#2238,#2424,.T.);
#2426=ORIENTED_EDGE('',*,*,#2425,.T.);
#2427=VECTOR('',#396,1.);
#2428=LINE('',#2237,#2427);
#2429=EDGE_CURVE('',#2238,#2144,#2428,.T.);
#2430=ORIENTED_EDGE('',*,*,#2429,.T.);
#2431=EDGE_LOOP('',(#2242,#2246,#2250,#2254,#2258,#2262,#2266,#2270,#2274,#2278,#2282,#2286,#2290,#2294,#2298,#2302,#2306,#2310,#2314,#2318,#2322,#2326,#2330,#2334,#2338,#2342,#2346,#2350,#2354,#2358,#2362,#2366,#2370,#2374,#2378,#2382,#2386,#2390,#2394,#2398,#2402,#2406,#2410,#2414,#2418,#2422,#2426,#2430));
#2432=FACE_BOUND('',#2431,.T.);
#2433=CARTESIAN_POINT('',(17.7,19.5,4.5));
#2434=VERTEX_POINT('',#2433);
#2435=CARTESIAN_POINT('',(17.6897338,19.6566314,4.5));
#2436=VERTEX_POINT('',#2435);
#2437=CARTESIAN_POINT('',(17.659111,19.8105829,4.5));
#2438=VERTEX_POINT('',#2437);
#2439=CARTESIAN_POINT('',(17.6086554,19.9592201,4.5));
#2440=VERTEX_POINT('',#2439);
#2441=CARTESIAN_POINT('',(17.5392305,20.1,4.5));
#2442=VERTEX_POINT('',#2441);
#2443=CARTESIAN_POINT('',(17.452024,20.2305137,4.5));
#2444=VERTEX_POINT('',#2443);
#2445=CARTESIAN_POINT('',(17.3485281,20.3485281,4.5));
#2446=VERTEX_POINT('',#2445);
#2447=CARTESIAN_POINT('',(17.2305137,20.452024,4.5));
#2448=VERTEX_POINT('',#2447);
#2449=CARTESIAN_POINT('',(17.1,20.5392305,4.5));
#2450=VERTEX_POINT('',#2449);
#2451=CARTESIAN_POINT('',(16.9592201,20.6086554,4.5));
#2452=VERTEX_POINT('',#2451);
#2453=CARTESIAN_POINT('',(16.8105829,20.659111,4.5));
#2454=VERTEX_POINT('',#2453);
#2455=CARTESIAN_POINT('',(16.6566314,20.6897338,4.5));
#2456=VERTEX_POINT('',#2455);
#2457=CARTESIAN_POINT('',(16.5,20.7,4.5));
#2458=VERTEX_POINT('',#2457);
#2459=CARTESIAN_POINT('',(16.3433686,20.6897338,4.5));
#2460=VERTEX_POINT('',#2459);
#2461=CARTESIAN_POINT('',(16.1894171,20.659111,4.5));
#2462=VERTEX_POINT('',#2461);
#2463=CARTESIAN_POINT('',(16.0407799,20.6086554,4.5));
#2464=VERTEX_POINT('',#2463);
#2465=CARTESIAN_POINT('',(15.9,20.5392305,4.5));
#2466=VERTEX_POINT('',#2465);
#2467=CARTESIAN_POINT('',(15.7694863,20.452024,4.5));
#2468=VERTEX_POINT('',#2467);
#2469=CARTESIAN_POINT('',(15.6514719,20.3485281,4.5));
#2470=VERTEX_POINT('',#2469);
#2471=CARTESIAN_POINT('',(15.547976,20.2305137,4.5));
#2472=VERTEX_POINT('',#2471);
#2473=CARTESIAN_POINT('',(15.4607695,20.1,4.5));
#2474=VERTEX_POINT('',#2473);
#2475=CARTESIAN_POINT('',(15.3913446,19.9592201,4.5));
#2476=VERTEX_POINT('',#2475);
#2477=CARTESIAN_POINT('',(15.340889,19.8105829,4.5));
#2478=VERTEX_POINT('',#2477);
#2479=CARTESIAN_POINT('',(15.3102662,19.6566314,4.5));
#2480=VERTEX_POINT('',#2479);
#2481=CARTESIAN_POINT('',(15.3,19.5,4.5));
#2482=VERTEX_POINT('',#2481);
#2483=CARTESIAN_POINT('',(15.3102662,19.3433686,4.5));
#2484=VERTEX_POINT('',#2483);
#2485=CARTESIAN_POINT('',(15.340889,19.1894171,4.5));
#2486=VERTEX_POINT('',#2485);
#2487=CARTESIAN_POINT('',(15.3913446,19.0407799,4.5));
#2488=VERTEX_POINT('',#2487);
#2489=CARTESIAN_POINT('',(15.4607695,18.9,4.5));
#2490=VERTEX_POINT('',#2489);
#2491=CARTESIAN_POINT('',(15.547976,18.7694863,4.5));
#2492=VERTEX_POINT('',#2491);
#2493=CARTESIAN_POINT('',(15.6514719,18.6514719,4.5));
#2494=VERTEX_POINT('',#2493);
#2495=CARTESIAN_POINT('',(15.7694863,18.547976,4.5));
#2496=VERTEX_POINT('',#2495);
#2497=CARTESIAN_POINT('',(15.9,18.4607695,4.5));
#2498=VERTEX_POINT('',#2497);
#2499=CARTESIAN_POINT('',(16.0407799,18.3913446,4.5));
#2500=VERTEX_POINT('',#2499);
#2501=CARTESIAN_POINT('',(16.1894171,18.340889,4.5));
#2502=VERTEX_POINT('',#2501);
#2503=CARTESIAN_POINT('',(16.3433686,18.3102662,4.5));
#2504=VERTEX_POINT('',#2503);
#2505=CARTESIAN_POINT('',(16.5,18.3,4.5));
#2506=VERTEX_POINT('',#2505);
#2507=CARTESIAN_POINT('',(16.6566314,18.3102662,4.5));
#2508=VERTEX_POINT('',#2507);
#2509=CARTESIAN_POINT('',(16.8105829,18.340889,4.5));
#2510=VERTEX_POINT('',#2509);
#2511=CARTESIAN_POINT('',(16.9592201,18.3913446,4.5));
#2512=VERTEX_POINT('',#2511);
#2513=CARTESIAN_POINT('',(17.1,18.4607695,4.5));
#2514=VERTEX_POINT('',#2513);
#2515=CARTESIAN_POINT('',(17.2305137,18.547976,4.5));
#2516=VERTEX_POINT('',#2515);
#2517=CARTESIAN_POINT('',(17.3485281,18.6514719,4.5));
#2518=VERTEX_POINT('',#2517);
#2519=CARTESIAN_POINT('',(17.452024,18.7694863,4.5));
#2520=VERTEX_POINT('',#2519);
#2521=CARTESIAN_POINT('',(17.5392305,18.9,4.5));
#2522=VERTEX_POINT('',#2521);
#2523=CARTESIAN_POINT('',(17.6086554,19.0407799,4.5));
#2524=VERTEX_POINT('',#2523);
#2525=CARTESIAN_POINT('',(17.659111,19.1894171,4.5));
#2526=VERTEX_POINT('',#2525);
#2527=CARTESIAN_POINT('',(17.6897338,19.3433686,4.5));
#2528=VERTEX_POINT('',#2527);
#2529=VECTOR('',#391,1.);
#2530=LINE('',#2435,#2529);
#2531=EDGE_CURVE('',#2436,#2434,#2530,.T.);
#2532=ORIENTED_EDGE('',*,*,#2531,.F.);
#2533=VECTOR('',#386,1.);
#2534=LINE('',#2437,#2533);
#2535=EDGE_CURVE('',#2438,#2436,#2534,.T.);
#2536=ORIENTED_EDGE('',*,*,#2535,.F.);
#2537=VECTOR('',#381,1.);
#2538=LINE('',#2439,#2537);
#2539=EDGE_CURVE('',#2440,#2438,#2538,.T.);
#2540=ORIENTED_EDGE('',*,*,#2539,.F.);
#2541=VECTOR('',#376,1.);
#2542=LINE('',#2441,#2541);
#2543=EDGE_CURVE('',#2442,#2440,#2542,.T.);
#2544=ORIENTED_EDGE('',*,*,#2543,.F.);
#2545=VECTOR('',#371,1.);
#2546=LINE('',#2443,#2545);
#2547=EDGE_CURVE('',#2444,#2442,#2546,.T.);
#2548=ORIENTED_EDGE('',*,*,#2547,.F.);
#2549=VECTOR('',#366,1.);
#2550=LINE('',#2445,#2549);
#2551=EDGE_CURVE('',#2446,#2444,#2550,.T.);
#2552=ORIENTED_EDGE('',*,*,#2551,.F.);
#2553=VECTOR('',#361,1.);
#2554=LINE('',#2447,#2553);
#2555=EDGE_CURVE('',#2448,#2446,#2554,.T.);
#2556=ORIENTED_EDGE('',*,*,#2555,.F.);
#2557=VECTOR('',#356,1.);
#2558=LINE('',#2449,#2557);
#2559=EDGE_CURVE('',#2450,#2448,#2558,.T.);
#2560=ORIENTED_EDGE('',*,*,#2559,.F.);
#2561=VECTOR('',#351,1.);
#2562=LINE('',#2451,#2561);
#2563=EDGE_CURVE('',#2452,#2450,#2562,.T.);
#2564=ORIENTED_EDGE('',*,*,#2563,.F.);
#2565=VECTOR('',#346,1.);
#2566=LINE('',#2453,#2565);
#2567=EDGE_CURVE('',#2454,#2452,#2566,.T.);
#2568=ORIENTED_EDGE('',*,*,#2567,.F.);
#2569=VECTOR('',#341,1.);
#2570=LINE('',#2455,#2569);
#2571=EDGE_CURVE('',#2456,#2454,#2570,.T.);
#2572=ORIENTED_EDGE('',*,*,#2571,.F.);
#2573=VECTOR('',#336,1.);
#2574=LINE('',#2457,#2573);
#2575=EDGE_CURVE('',#2458,#2456,#2574,.T.);
#2576=ORIENTED_EDGE('',*,*,#2575,.F.);
#2577=VECTOR('',#331,1.);
#2578=LINE('',#2459,#2577);
#2579=EDGE_CURVE('',#2460,#2458,#2578,.T.);
#2580=ORIENTED_EDGE('',*,*,#2579,.F.);
#2581=VECTOR('',#326,1.);
#2582=LINE('',#2461,#2581);
#2583=EDGE_CURVE('',#2462,#2460,#2582,.T.);
#2584=ORIENTED_EDGE('',*,*,#2583,.F.);
#2585=VECTOR('',#321,1.);
#2586=LINE('',#2463,#2585);
#2587=EDGE_CURVE('',#2464,#2462,#2586,.T.);
#2588=ORIENTED_EDGE('',*,*,#2587,.F.);
#2589=VECTOR('',#316,1.);
#2590=LINE('',#2465,#2589);
#2591=EDGE_CURVE('',#2466,#2464,#2590,.T.);
#2592=ORIENTED_EDGE('',*,*,#2591,.F.);
#2593=VECTOR('',#311,1.);
#2594=LINE('',#2467,#2593);
#2595=EDGE_CURVE('',#2468,#2466,#2594,.T.);
#2596=ORIENTED_EDGE('',*,*,#2595,.F.);
#2597=VECTOR('',#306,1.);
#2598=LINE('',#2469,#2597);
#2599=EDGE_CURVE('',#2470,#2468,#2598,.T.);
#2600=ORIENTED_EDGE('',*,*,#2599,.F.);
#2601=VECTOR('',#301,1.);
#2602=LINE('',#2471,#2601);
#2603=EDGE_CURVE('',#2472,#2470,#2602,.T.);
#2604=ORIENTED_EDGE('',*,*,#2603,.F.);
#2605=VECTOR('',#296,1.);
#2606=LINE('',#2473,#2605);
#2607=EDGE_CURVE('',#2474,#2472,#2606,.T.);
#2608=ORIENTED_EDGE('',*,*,#2607,.F.);
#2609=VECTOR('',#291,1.);
#2610=LINE('',#2475,#2609);
#2611=EDGE_CURVE('',#2476,#2474,#2610,.T.);
#2612=ORIENTED_EDGE('',*,*,#2611,.F.);
#2613=VECTOR('',#286,1.);
#2614=LINE('',#2477,#2613);
#2615=EDGE_CURVE('',#2478,#2476,#2614,.T.);
#2616=ORIENTED_EDGE('',*,*,#2615,.F.);
#2617=VECTOR('',#281,1.);
#2618=LINE('',#2479,#2617);
#2619=EDGE_CURVE('',#2480,#2478,#2618,.T.);
#2620=ORIENTED_EDGE('',*,*,#2619,.F.);
#2621=VECTOR('',#396,1.);
#2622=LINE('',#2481,#2621);
#2623=EDGE_CURVE('',#2482,#2480,#2622,.T.);
#2624=ORIENTED_EDGE('',*,*,#2623,.F.);
#2625=VECTOR('',#391,1.);
#2626=LINE('',#2481,#2625);
#2627=EDGE_CURVE('',#2482,#2484,#2626,.T.);
#2628=ORIENTED_EDGE('',*,*,#2627,.T.);
#2629=VECTOR('',#386,1.);
#2630=LINE('',#2483,#2629);
#2631=EDGE_CURVE('',#2484,#2486,#2630,.T.);
#2632=ORIENTED_EDGE('',*,*,#2631,.T.);
#2633=VECTOR('',#381,1.);
#2634=LINE('',#2485,#2633);
#2635=EDGE_CURVE('',#2486,#2488,#2634,.T.);
#2636=ORIENTED_EDGE('',*,*,#2635,.T.);
#2637=VECTOR('',#376,1.);
#2638=LINE('',#2487,#2637);
#2639=EDGE_CURVE('',#2488,#2490,#2638,.T.);
#2640=ORIENTED_EDGE('',*,*,#2639,.T.);
#2641=VECTOR('',#371,1.);
#2642=LINE('',#2489,#2641);
#2643=EDGE_CURVE('',#2490,#2492,#2642,.T.);
#2644=ORIENTED_EDGE('',*,*,#2643,.T.);
#2645=VECTOR('',#366,1.);
#2646=LINE('',#2491,#2645);
#2647=EDGE_CURVE('',#2492,#2494,#2646,.T.);
#2648=ORIENTED_EDGE('',*,*,#2647,.T.);
#2649=VECTOR('',#361,1.);
#2650=LINE('',#2493,#2649);
#2651=EDGE_CURVE('',#2494,#2496,#2650,.T.);
#2652=ORIENTED_EDGE('',*,*,#2651,.T.);
#2653=VECTOR('',#356,1.);
#2654=LINE('',#2495,#2653);
#2655=EDGE_CURVE('',#2496,#2498,#2654,.T.);
#2656=ORIENTED_EDGE('',*,*,#2655,.T.);
#2657=VECTOR('',#351,1.);
#2658=LINE('',#2497,#2657);
#2659=EDGE_CURVE('',#2498,#2500,#2658,.T.);
#2660=ORIENTED_EDGE('',*,*,#2659,.T.);
#2661=VECTOR('',#346,1.);
#2662=LINE('',#2499,#2661);
#2663=EDGE_CURVE('',#2500,#2502,#2662,.T.);
#2664=ORIENTED_EDGE('',*,*,#2663,.T.);
#2665=VECTOR('',#341,1.);
#2666=LINE('',#2501,#2665);
#2667=EDGE_CURVE('',#2502,#2504,#2666,.T.);
#2668=ORIENTED_EDGE('',*,*,#2667,.T.);
#2669=VECTOR('',#336,1.);
#2670=LINE('',#2503,#2669);
#2671=EDGE_CURVE('',#2504,#2506,#2670,.T.);
#2672=ORIENTED_EDGE('',*,*,#2671,.T.);
#2673=VECTOR('',#331,1.);
#2674=LINE('',#2505,#2673);
#2675=EDGE_CURVE('',#2506,#2508,#2674,.T.);
#2676=ORIENTED_EDGE('',*,*,#2675,.T.);
#2677=VECTOR('',#326,1.);
#2678=LINE('',#2507,#2677);
#2679=EDGE_CURVE('',#2508,#2510,#2678,.T.);
#2680=ORIENTED_EDGE('',*,*,#2679,.T.);
#2681=VECTOR('',#321,1.);
#2682=LINE('',#2509,#2681);
#2683=EDGE_CURVE('',#2510,#2512,#2682,.T.);
#2684=ORIENTED_EDGE('',*,*,#2683,.T.);
#2685=VECTOR('',#316,1.);
#2686=LINE('',#2511,#2685);
#2687=EDGE_CURVE('',#2512,#2514,#2686,.T.);
#2688=ORIENTED_EDGE('',*,*,#2687,.T.);
#2689=VECTOR('',#311,1.);
#2690=LINE('',#2513,#2689);
#2691=EDGE_CURVE('',#2514,#2516,#2690,.T.);
#2692=ORIENTED_EDGE('',*,*,#2691,.T.);
#2693=VECTOR('',#306,1.);
#2694=LINE('',#2515,#2693);
#2695=EDGE_CURVE('',#2516,#2518,#2694,.T.);
#2696=ORIENTED_EDGE('',*,*,#2695,.T.);
#2697=VECTOR('',#301,1.);
#2698=LINE('',#2517,#2697);
#2699=EDGE_CURVE('',#2518,#2520,#2698,.T.);
#2700=ORIENTED_EDGE('',*,*,#2699,.T.);
#2701=VECTOR('',#296,1.);
#2702=LINE('',#2519,#2701);
#2703=EDGE_CURVE('',#2520,#2522,#2702,.T.);
#2704=ORIENTED_EDGE('',*,*,#2703,.T.);
#2705=VECTOR('',#291,1.);
#2706=LINE('',#2521,#2705);
#2707=EDGE_CURVE('',#2522,#2524,#2706,.T.);
#2708=ORIENTED_EDGE('',*,*,#2707,.T.);
#2709=VECTOR('',#286,1.);
#2710=LINE('',#2523,#2709);
#2711=EDGE_CURVE('',#2524,#2526,#2710,.T.);
#2712=ORIENTED_EDGE('',*,*,#2711,.T.);
#2713=VECTOR('',#281,1.);
#2714=LINE('',#2525,#2713);
#2715=EDGE_CURVE('',#2526,#2528,#2714,.T.);
#2716=ORIENTED_EDGE('',*,*,#2715,.T.);
#2717=VECTOR('',#396,1.);
#2718=LINE('',#2527,#2717);
#2719=EDGE_CURVE('',#2528,#2434,#2718,.T.);
#2720=ORIENTED_EDGE('',*,*,#2719,.T.);
#2721=EDGE_LOOP('',(#2532,#2536,#2540,#2544,#2548,#2552,#2556,#2560,#2564,#2568,#2572,#2576,#2580,#2584,#2588,#2592,#2596,#2600,#2604,#2608,#2612,#2616,#2620,#2624,#2628,#2632,#2636,#2640,#2644,#2648,#2652,#2656,#2660,#2664,#2668,#2672,#2676,#2680,#2684,#2688,#2692,#2696,#2700,#2704,#2708,#2712,#2716,#2720));
#2722=FACE_BOUND('',#2721,.T.);
#2723=CARTESIAN_POINT('',(17.7,-20.5,4.5));
#2724=VERTEX_POINT('',#2723);
#2725=CARTESIAN_POINT('',(17.6897338,-20.3433686,4.5));
#2726=VERTEX_POINT('',#2725);
#2727=CARTESIAN_POINT('',(17.659111,-20.1894171,4.5));
#2728=VERTEX_POINT('',#2727);
#2729=CARTESIAN_POINT('',(17.6086554,-20.0407799,4.5));
#2730=VERTEX_POINT('',#2729);
#2731=CARTESIAN_POINT('',(17.5392305,-19.9,4.5));
#2732=VERTEX_POINT('',#2731);
#2733=CARTESIAN_POINT('',(17.452024,-19.7694863,4.5));
#2734=VERTEX_POINT('',#2733);
#2735=CARTESIAN_POINT('',(17.3485281,-19.6514719,4.5));
#2736=VERTEX_POINT('',#2735);
#2737=CARTESIAN_POINT('',(17.2305137,-19.547976,4.5));
#2738=VERTEX_POINT('',#2737);
#2739=CARTESIAN_POINT('',(17.1,-19.4607695,4.5));
#2740=VERTEX_POINT('',#2739);
#2741=CARTESIAN_POINT('',(16.9592201,-19.3913446,4.5));
#2742=VERTEX_POINT('',#2741);
#2743=CARTESIAN_POINT('',(16.8105829,-19.340889,4.5));
#2744=VERTEX_POINT('',#2743);
#2745=CARTESIAN_POINT('',(16.6566314,-19.3102662,4.5));
#2746=VERTEX_POINT('',#2745);
#2747=CARTESIAN_POINT('',(16.5,-19.3,4.5));
#2748=VERTEX_POINT('',#2747);
#2749=CARTESIAN_POINT('',(16.3433686,-19.3102662,4.5));
#2750=VERTEX_POINT('',#2749);
#2751=CARTESIAN_POINT('',(16.1894171,-19.340889,4.5));
#2752=VERTEX_POINT('',#2751);
#2753=CARTESIAN_POINT('',(16.0407799,-19.3913446,4.5));
#2754=VERTEX_POINT('',#2753);
#2755=CARTESIAN_POINT('',(15.9,-19.4607695,4.5));
#2756=VERTEX_POINT('',#2755);
#2757=CARTESIAN_POINT('',(15.7694863,-19.547976,4.5));
#2758=VERTEX_POINT('',#2757);
#2759=CARTESIAN_POINT('',(15.6514719,-19.6514719,4.5));
#2760=VERTEX_POINT('',#2759);
#2761=CARTESIAN_POINT('',(15.547976,-19.7694863,4.5));
#2762=VERTEX_POINT('',#2761);
#2763=CARTESIAN_POINT('',(15.4607695,-19.9,4.5));
#2764=VERTEX_POINT('',#2763);
#2765=CARTESIAN_POINT('',(15.3913446,-20.0407799,4.5));
#2766=VERTEX_POINT('',#2765);
#2767=CARTESIAN_POINT('',(15.340889,-20.1894171,4.5));
#2768=VERTEX_POINT('',#2767);
#2769=CARTESIAN_POINT('',(15.3102662,-20.3433686,4.5));
#2770=VERTEX_POINT('',#2769);
#2771=CARTESIAN_POINT('',(15.3,-20.5,4.5));
#2772=VERTEX_POINT('',#2771);
#2773=CARTESIAN_POINT('',(15.3102662,-20.6566314,4.5));
#2774=VERTEX_POINT('',#2773);
#2775=CARTESIAN_POINT('',(15.340889,-20.8105829,4.5));
#2776=VERTEX_POINT('',#2775);
#2777=CARTESIAN_POINT('',(15.3913446,-20.9592201,4.5));
#2778=VERTEX_POINT('',#2777);
#2779=CARTESIAN_POINT('',(15.4607695,-21.1,4.5));
#2780=VERTEX_POINT('',#2779);
#2781=CARTESIAN_POINT('',(15.547976,-21.2305137,4.5));
#2782=VERTEX_POINT('',#2781);
#2783=CARTESIAN_POINT('',(15.6514719,-21.3485281,4.5));
#2784=VERTEX_POINT('',#2783);
#2785=CARTESIAN_POINT('',(15.7694863,-21.452024,4.5));
#2786=VERTEX_POINT('',#2785);
#2787=CARTESIAN_POINT('',(15.9,-21.5392305,4.5));
#2788=VERTEX_POINT('',#2787);
#2789=CARTESIAN_POINT('',(16.0407799,-21.6086554,4.5));
#2790=VERTEX_POINT('',#2789);
#2791=CARTESIAN_POINT('',(16.1894171,-21.659111,4.5));
#2792=VERTEX_POINT('',#2791);
#2793=CARTESIAN_POINT('',(16.3433686,-21.6897338,4.5));
#2794=VERTEX_POINT('',#2793);
#2795=CARTESIAN_POINT('',(16.5,-21.7,4.5));
#2796=VERTEX_POINT('',#2795);
#2797=CARTESIAN_POINT('',(16.6566314,-21.6897338,4.5));
#2798=VERTEX_POINT('',#2797);
#2799=CARTESIAN_POINT('',(16.8105829,-21.659111,4.5));
#2800=VERTEX_POINT('',#2799);
#2801=CARTESIAN_POINT('',(16.9592201,-21.6086554,4.5));
#2802=VERTEX_POINT('',#2801);
#2803=CARTESIAN_POINT('',(17.1,-21.5392305,4.5));
#2804=VERTEX_POINT('',#2803);
#2805=CARTESIAN_POINT('',(17.2305137,-21.452024,4.5));
#2806=VERTEX_POINT('',#2805);
#2807=CARTESIAN_POINT('',(17.3485281,-21.3485281,4.5));
#2808=VERTEX_POINT('',#2807);
#2809=CARTESIAN_POINT('',(17.452024,-21.2305137,4.5));
#2810=VERTEX_POINT('',#2809);
#2811=CARTESIAN_POINT('',(17.5392305,-21.1,4.5));
#2812=VERTEX_POINT('',#2811);
#2813=CARTESIAN_POINT('',(17.6086554,-20.9592201,4.5));
#2814=VERTEX_POINT('',#2813);
#2815=CARTESIAN_POINT('',(17.659111,-20.8105829,4.5));
#2816=VERTEX_POINT('',#2815);
#2817=CARTESIAN_POINT('',(17.6897338,-20.6566314,4.5));
#2818=VERTEX_POINT('',#2817);
#2819=VECTOR('',#391,1.);
#2820=LINE('',#2725,#2819);
#2821=EDGE_CURVE('',#2726,#2724,#2820,.T.);
#2822=ORIENTED_EDGE('',*,*,#2821,.F.);
#2823=VECTOR('',#386,1.);
#2824=LINE('',#2727,#2823);
#2825=EDGE_CURVE('',#2728,#2726,#2824,.T.);
#2826=ORIENTED_EDGE('',*,*,#2825,.F.);
#2827=VECTOR('',#381,1.);
#2828=LINE('',#2729,#2827);
#2829=EDGE_CURVE('',#2730,#2728,#2828,.T.);
#2830=ORIENTED_EDGE('',*,*,#2829,.F.);
#2831=VECTOR('',#376,1.);
#2832=LINE('',#2731,#2831);
#2833=EDGE_CURVE('',#2732,#2730,#2832,.T.);
#2834=ORIENTED_EDGE('',*,*,#2833,.F.);
#2835=VECTOR('',#371,1.);
#2836=LINE('',#2733,#2835);
#2837=EDGE_CURVE('',#2734,#2732,#2836,.T.);
#2838=ORIENTED_EDGE('',*,*,#2837,.F.);
#2839=VECTOR('',#366,1.);
#2840=LINE('',#2735,#2839);
#2841=EDGE_CURVE('',#2736,#2734,#2840,.T.);
#2842=ORIENTED_EDGE('',*,*,#2841,.F.);
#2843=VECTOR('',#361,1.);
#2844=LINE('',#2737,#2843);
#2845=EDGE_CURVE('',#2738,#2736,#2844,.T.);
#2846=ORIENTED_EDGE('',*,*,#2845,.F.);
#2847=VECTOR('',#356,1.);
#2848=LINE('',#2739,#2847);
#2849=EDGE_CURVE('',#2740,#2738,#2848,.T.);
#2850=ORIENTED_EDGE('',*,*,#2849,.F.);
#2851=VECTOR('',#351,1.);
#2852=LINE('',#2741,#2851);
#2853=EDGE_CURVE('',#2742,#2740,#2852,.T.);
#2854=ORIENTED_EDGE('',*,*,#2853,.F.);
#2855=VECTOR('',#346,1.);
#2856=LINE('',#2743,#2855);
#2857=EDGE_CURVE('',#2744,#2742,#2856,.T.);
#2858=ORIENTED_EDGE('',*,*,#2857,.F.);
#2859=VECTOR('',#341,1.);
#2860=LINE('',#2745,#2859);
#2861=EDGE_CURVE('',#2746,#2744,#2860,.T.);
#2862=ORIENTED_EDGE('',*,*,#2861,.F.);
#2863=VECTOR('',#336,1.);
#2864=LINE('',#2747,#2863);
#2865=EDGE_CURVE('',#2748,#2746,#2864,.T.);
#2866=ORIENTED_EDGE('',*,*,#2865,.F.);
#2867=VECTOR('',#331,1.);
#2868=LINE('',#2749,#2867);
#2869=EDGE_CURVE('',#2750,#2748,#2868,.T.);
#2870=ORIENTED_EDGE('',*,*,#2869,.F.);
#2871=VECTOR('',#326,1.);
#2872=LINE('',#2751,#2871);
#2873=EDGE_CURVE('',#2752,#2750,#2872,.T.);
#2874=ORIENTED_EDGE('',*,*,#2873,.F.);
#2875=VECTOR('',#321,1.);
#2876=LINE('',#2753,#2875);
#2877=EDGE_CURVE('',#2754,#2752,#2876,.T.);
#2878=ORIENTED_EDGE('',*,*,#2877,.F.);
#2879=VECTOR('',#316,1.);
#2880=LINE('',#2755,#2879);
#2881=EDGE_CURVE('',#2756,#2754,#2880,.T.);
#2882=ORIENTED_EDGE('',*,*,#2881,.F.);
#2883=VECTOR('',#311,1.);
#2884=LINE('',#2757,#2883);
#2885=EDGE_CURVE('',#2758,#2756,#2884,.T.);
#2886=ORIENTED_EDGE('',*,*,#2885,.F.);
#2887=VECTOR('',#306,1.);
#2888=LINE('',#2759,#2887);
#2889=EDGE_CURVE('',#2760,#2758,#2888,.T.);
#2890=ORIENTED_EDGE('',*,*,#2889,.F.);
#2891=VECTOR('',#301,1.);
#2892=LINE('',#2761,#2891);
#2893=EDGE_CURVE('',#2762,#2760,#2892,.T.);
#2894=ORIENTED_EDGE('',*,*,#2893,.F.);
#2895=VECTOR('',#296,1.);
#2896=LINE('',#2763,#2895);
#2897=EDGE_CURVE('',#2764,#2762,#2896,.T.);
#2898=ORIENTED_EDGE('',*,*,#2897,.F.);
#2899=VECTOR('',#291,1.);
#2900=LINE('',#2765,#2899);
#2901=EDGE_CURVE('',#2766,#2764,#2900,.T.);
#2902=ORIENTED_EDGE('',*,*,#2901,.F.);
#2903=VECTOR('',#286,1.);
#2904=LINE('',#2767,#2903);
#2905=EDGE_CURVE('',#2768,#2766,#2904,.T.);
#2906=ORIENTED_EDGE('',*,*,#2905,.F.);
#2907=VECTOR('',#281,1.);
#2908=LINE('',#2769,#2907);
#2909=EDGE_CURVE('',#2770,#2768,#2908,.T.);
#2910=ORIENTED_EDGE('',*,*,#2909,.F.);
#2911=VECTOR('',#396,1.);
#2912=LINE('',#2771,#2911);
#2913=EDGE_CURVE('',#2772,#2770,#2912,.T.);
#2914=ORIENTED_EDGE('',*,*,#2913,.F.);
#2915=VECTOR('',#391,1.);
#2916=LINE('',#2771,#2915);
#2917=EDGE_CURVE('',#2772,#2774,#2916,.T.);
#2918=ORIENTED_EDGE('',*,*,#2917,.T.);
#2919=VECTOR('',#386,1.);
#2920=LINE('',#2773,#2919);
#2921=EDGE_CURVE('',#2774,#2776,#2920,.T.);
#2922=ORIENTED_EDGE('',*,*,#2921,.T.);
#2923=VECTOR('',#381,1.);
#2924=LINE('',#2775,#2923);
#2925=EDGE_CURVE('',#2776,#2778,#2924,.T.);
#2926=ORIENTED_EDGE('',*,*,#2925,.T.);
#2927=VECTOR('',#376,1.);
#2928=LINE('',#2777,#2927);
#2929=EDGE_CURVE('',#2778,#2780,#2928,.T.);
#2930=ORIENTED_EDGE('',*,*,#2929,.T.);
#2931=VECTOR('',#371,1.);
#2932=LINE('',#2779,#2931);
#2933=EDGE_CURVE('',#2780,#2782,#2932,.T.);
#2934=ORIENTED_EDGE('',*,*,#2933,.T.);
#2935=VECTOR('',#366,1.);
#2936=LINE('',#2781,#2935);
#2937=EDGE_CURVE('',#2782,#2784,#2936,.T.);
#2938=ORIENTED_EDGE('',*,*,#2937,.T.);
#2939=VECTOR('',#361,1.);
#2940=LINE('',#2783,#2939);
#2941=EDGE_CURVE('',#2784,#2786,#2940,.T.);
#2942=ORIENTED_EDGE('',*,*,#2941,.T.);
#2943=VECTOR('',#356,1.);
#2944=LINE('',#2785,#2943);
#2945=EDGE_CURVE('',#2786,#2788,#2944,.T.);
#2946=ORIENTED_EDGE('',*,*,#2945,.T.);
#2947=VECTOR('',#351,1.);
#2948=LINE('',#2787,#2947);
#2949=EDGE_CURVE('',#2788,#2790,#2948,.T.);
#2950=ORIENTED_EDGE('',*,*,#2949,.T.);
#2951=VECTOR('',#346,1.);
#2952=LINE('',#2789,#2951);
#2953=EDGE_CURVE('',#2790,#2792,#2952,.T.);
#2954=ORIENTED_EDGE('',*,*,#2953,.T.);
#2955=VECTOR('',#341,1.);
#2956=LINE('',#2791,#2955);
#2957=EDGE_CURVE('',#2792,#2794,#2956,.T.);
#2958=ORIENTED_EDGE('',*,*,#2957,.T.);
#2959=VECTOR('',#336,1.);
#2960=LINE('',#2793,#2959);
#2961=EDGE_CURVE('',#2794,#2796,#2960,.T.);
#2962=ORIENTED_EDGE('',*,*,#2961,.T.);
#2963=VECTOR('',#331,1.);
#2964=LINE('',#2795,#2963);
#2965=EDGE_CURVE('',#2796,#2798,#2964,.T.);
#2966=ORIENTED_EDGE('',*,*,#2965,.T.);
#2967=VECTOR('',#326,1.);
#2968=LINE('',#2797,#2967);
#2969=EDGE_CURVE('',#2798,#2800,#2968,.T.);
#2970=ORIENTED_EDGE('',*,*,#2969,.T.);
#2971=VECTOR('',#321,1.);
#2972=LINE('',#2799,#2971);
#2973=EDGE_CURVE('',#2800,#2802,#2972,.T.);
#2974=ORIENTED_EDGE('',*,*,#2973,.T.);
#2975=VECTOR('',#316,1.);
#2976=LINE('',#2801,#2975);
#2977=EDGE_CURVE('',#2802,#2804,#2976,.T.);
#2978=ORIENTED_EDGE('',*,*,#2977,.T.);
#2979=VECTOR('',#311,1.);
#2980=LINE('',#2803,#2979);
#2981=EDGE_CURVE('',#2804,#2806,#2980,.T.);
#2982=ORIENTED_EDGE('',*,*,#2981,.T.);
#2983=VECTOR('',#306,1.);
#2984=LINE('',#2805,#2983);
#2985=EDGE_CURVE('',#2806,#2808,#2984,.T.);
#2986=ORIENTED_EDGE('',*,*,#2985,.T.);
#2987=VECTOR('',#301,1.);
#2988=LINE('',#2807,#2987);
#2989=EDGE_CURVE('',#2808,#2810,#2988,.T.);
#2990=ORIENTED_EDGE('',*,*,#2989,.T.);
#2991=VECTOR('',#296,1.);
#2992=LINE('',#2809,#2991);
#2993=EDGE_CURVE('',#2810,#2812,#2992,.T.);
#2994=ORIENTED_EDGE('',*,*,#2993,.T.);
#2995=VECTOR('',#291,1.);
#2996=LINE('',#2811,#2995);
#2997=EDGE_CURVE('',#2812,#2814,#2996,.T.);
#2998=ORIENTED_EDGE('',*,*,#2997,.T.);
#2999=VECTOR('',#286,1.);
#3000=LINE('',#2813,#2999);
#3001=EDGE_CURVE('',#2814,#2816,#3000,.T.);
#3002=ORIENTED_EDGE('',*,*,#3001,.T.);
#3003=VECTOR('',#281,1.);
#3004=LINE('',#2815,#3003);
#3005=EDGE_CURVE('',#2816,#2818,#3004,.T.);
#3006=ORIENTED_EDGE('',*,*,#3005,.T.);
#3007=VECTOR('',#396,1.);
#3008=LINE('',#2817,#3007);
#3009=EDGE_CURVE('',#2818,#2724,#3008,.T.);
#3010=ORIENTED_EDGE('',*,*,#3009,.T.);
#3011=EDGE_LOOP('',(#2822,#2826,#2830,#2834,#2838,#2842,#2846,#2850,#2854,#2858,#2862,#2866,#2870,#2874,#2878,#2882,#2886,#2890,#2894,#2898,#2902,#2906,#2910,#2914,#2918,#2922,#2926,#2930,#2934,#2938,#2942,#2946,#2950,#2954,#2958,#2962,#2966,#2970,#2974,#2978,#2982,#2986,#2990,#2994,#2998,#3002,#3006,#3010));
#3012=FACE_BOUND('',#3011,.T.);
#3013=CARTESIAN_POINT('',(5.57076,1.36714,4.5));
#3014=VERTEX_POINT('',#3013);
#3015=CARTESIAN_POINT('',(5.52156795,2.11766561,4.5));
#3016=VERTEX_POINT('',#3015);
#3017=CARTESIAN_POINT('',(5.3748335,2.85534951,4.5));
#3018=VERTEX_POINT('',#3017);
#3019=CARTESIAN_POINT('',(5.13306731,3.56756974,4.5));
#3020=VERTEX_POINT('',#3019);
#3021=CARTESIAN_POINT('',(4.80040607,4.24214,4.5));
#3022=VERTEX_POINT('',#3021);
#3023=CARTESIAN_POINT('',(4.38254171,4.86751822,4.5));
#3024=VERTEX_POINT('',#3023);
#3025=CARTESIAN_POINT('',(3.88662399,5.43300399,4.5));
#3026=VERTEX_POINT('',#3025);
#3027=CARTESIAN_POINT('',(3.32113822,5.92892171,4.5));
#3028=VERTEX_POINT('',#3027);
#3029=CARTESIAN_POINT('',(2.69576,6.34678607,4.5));
#3030=VERTEX_POINT('',#3029);
#3031=CARTESIAN_POINT('',(2.02118974,6.67944731,4.5));
#3032=VERTEX_POINT('',#3031);
#3033=CARTESIAN_POINT('',(1.30896951,6.9212135,4.5));
#3034=VERTEX_POINT('',#3033);
#3035=CARTESIAN_POINT('',(0.571285605,7.06794795,4.5));
#3036=VERTEX_POINT('',#3035);
#3037=CARTESIAN_POINT('',(-0.17924,7.11714,4.5));
#3038=VERTEX_POINT('',#3037);
#3039=CARTESIAN_POINT('',(-0.929765605,7.06794795,4.5));
#3040=VERTEX_POINT('',#3039);
#3041=CARTESIAN_POINT('',(-1.66744951,6.9212135,4.5));
#3042=VERTEX_POINT('',#3041);
#3043=CARTESIAN_POINT('',(-2.37966974,6.67944731,4.5));
#3044=VERTEX_POINT('',#3043);
#3045=CARTESIAN_POINT('',(-3.05424,6.34678607,4.5));
#3046=VERTEX_POINT('',#3045);
#3047=CARTESIAN_POINT('',(-3.67961822,5.92892171,4.5));
#3048=VERTEX_POINT('',#3047);
#3049=CARTESIAN_POINT('',(-4.24510399,5.43300399,4.5));
#3050=VERTEX_POINT('',#3049);
#3051=CARTESIAN_POINT('',(-4.74102171,4.86751822,4.5));
#3052=VERTEX_POINT('',#3051);
#3053=CARTESIAN_POINT('',(-5.15888607,4.24214,4.5));
#3054=VERTEX_POINT('',#3053);
#3055=CARTESIAN_POINT('',(-5.49154731,3.56756974,4.5));
#3056=VERTEX_POINT('',#3055);
#3057=CARTESIAN_POINT('',(-5.7333135,2.85534951,4.5));
#3058=VERTEX_POINT('',#3057);
#3059=CARTESIAN_POINT('',(-5.88004795,2.11766561,4.5));
#3060=VERTEX_POINT('',#3059);
#3061=CARTESIAN_POINT('',(-5.92924,1.36714,4.5));
#3062=VERTEX_POINT('',#3061);
#3063=CARTESIAN_POINT('',(-5.88004795,0.616614395,4.5));
#3064=VERTEX_POINT('',#3063);
#3065=CARTESIAN_POINT('',(-5.7333135,-0.121069509,4.5));
#3066=VERTEX_POINT('',#3065);
#3067=CARTESIAN_POINT('',(-5.49154731,-0.833289736,4.5));
#3068=VERTEX_POINT('',#3067);
#3069=CARTESIAN_POINT('',(-5.15888607,-1.50786,4.5));
#3070=VERTEX_POINT('',#3069);
#3071=CARTESIAN_POINT('',(-4.74102171,-2.13323822,4.5));
#3072=VERTEX_POINT('',#3071);
#3073=CARTESIAN_POINT('',(-4.24510399,-2.69872399,4.5));
#3074=VERTEX_POINT('',#3073);
#3075=CARTESIAN_POINT('',(-3.67961822,-3.19464171,4.5));
#3076=VERTEX_POINT('',#3075);
#3077=CARTESIAN_POINT('',(-3.05424,-3.61250607,4.5));
#3078=VERTEX_POINT('',#3077);
#3079=CARTESIAN_POINT('',(-2.37966974,-3.94516731,4.5));
#3080=VERTEX_POINT('',#3079);
#3081=CARTESIAN_POINT('',(-1.66744951,-4.1869335,4.5));
#3082=VERTEX_POINT('',#3081);
#3083=CARTESIAN_POINT('',(-0.929765605,-4.33366795,4.5));
#3084=VERTEX_POINT('',#3083);
#3085=CARTESIAN_POINT('',(-0.17924,-4.38286,4.5));
#3086=VERTEX_POINT('',#3085);
#3087=CARTESIAN_POINT('',(0.571285605,-4.33366795,4.5));
#3088=VERTEX_POINT('',#3087);
#3089=CARTESIAN_POINT('',(1.30896951,-4.1869335,4.5));
#3090=VERTEX_POINT('',#3089);
#3091=CARTESIAN_POINT('',(2.02118974,-3.94516731,4.5));
#3092=VERTEX_POINT('',#3091);
#3093=CARTESIAN_POINT('',(2.69576,-3.61250607,4.5));
#3094=VERTEX_POINT('',#3093);
#3095=CARTESIAN_POINT('',(3.32113822,-3.19464171,4.5));
#3096=VERTEX_POINT('',#3095);
#3097=CARTESIAN_POINT('',(3.88662399,-2.69872399,4.5));
#3098=VERTEX_POINT('',#3097);
#3099=CARTESIAN_POINT('',(4.38254171,-2.13323822,4.5));
#3100=VERTEX_POINT('',#3099);
#3101=CARTESIAN_POINT('',(4.80040607,-1.50786,4.5));
#3102=VERTEX_POINT('',#3101);
#3103=CARTESIAN_POINT('',(5.13306731,-0.833289736,4.5));
#3104=VERTEX_POINT('',#3103);
#3105=CARTESIAN_POINT('',(5.3748335,-0.121069509,4.5));
#3106=VERTEX_POINT('',#3105);
#3107=CARTESIAN_POINT('',(5.52156795,0.616614395,4.5));
#3108=VERTEX_POINT('',#3107);
#3109=VECTOR('',#1571,1.);
#3110=LINE('',#3015,#3109);
#3111=EDGE_CURVE('',#3016,#3014,#3110,.T.);
#3112=ORIENTED_EDGE('',*,*,#3111,.F.);
#3113=VECTOR('',#386,1.);
#3114=LINE('',#3017,#3113);
#3115=EDGE_CURVE('',#3018,#3016,#3114,.T.);
#3116=ORIENTED_EDGE('',*,*,#3115,.F.);
#3117=VECTOR('',#1562,1.);
#3118=LINE('',#3019,#3117);
#3119=EDGE_CURVE('',#3020,#3018,#3118,.T.);
#3120=ORIENTED_EDGE('',*,*,#3119,.F.);
#3121=VECTOR('',#1557,1.);
#3122=LINE('',#3021,#3121);
#3123=EDGE_CURVE('',#3022,#3020,#3122,.T.);
#3124=ORIENTED_EDGE('',*,*,#3123,.F.);
#3125=VECTOR('',#1552,1.);
#3126=LINE('',#3023,#3125);
#3127=EDGE_CURVE('',#3024,#3022,#3126,.T.);
#3128=ORIENTED_EDGE('',*,*,#3127,.F.);
#3129=VECTOR('',#1547,1.);
#3130=LINE('',#3025,#3129);
#3131=EDGE_CURVE('',#3026,#3024,#3130,.T.);
#3132=ORIENTED_EDGE('',*,*,#3131,.F.);
#3133=VECTOR('',#1542,1.);
#3134=LINE('',#3027,#3133);
#3135=EDGE_CURVE('',#3028,#3026,#3134,.T.);
#3136=ORIENTED_EDGE('',*,*,#3135,.F.);
#3137=VECTOR('',#1537,1.);
#3138=LINE('',#3029,#3137);
#3139=EDGE_CURVE('',#3030,#3028,#3138,.T.);
#3140=ORIENTED_EDGE('',*,*,#3139,.F.);
#3141=VECTOR('',#1532,1.);
#3142=LINE('',#3031,#3141);
#3143=EDGE_CURVE('',#3032,#3030,#3142,.T.);
#3144=ORIENTED_EDGE('',*,*,#3143,.F.);
#3145=VECTOR('',#1527,1.);
#3146=LINE('',#3033,#3145);
#3147=EDGE_CURVE('',#3034,#3032,#3146,.T.);
#3148=ORIENTED_EDGE('',*,*,#3147,.F.);
#3149=VECTOR('',#341,1.);
#3150=LINE('',#3035,#3149);
#3151=EDGE_CURVE('',#3036,#3034,#3150,.T.);
#3152=ORIENTED_EDGE('',*,*,#3151,.F.);
#3153=VECTOR('',#1518,1.);
#3154=LINE('',#3037,#3153);
#3155=EDGE_CURVE('',#3038,#3036,#3154,.T.);
#3156=ORIENTED_EDGE('',*,*,#3155,.F.);
#3157=VECTOR('',#1513,1.);
#3158=LINE('',#3039,#3157);
#3159=EDGE_CURVE('',#3040,#3038,#3158,.T.);
#3160=ORIENTED_EDGE('',*,*,#3159,.F.);
#3161=VECTOR('',#326,1.);
#3162=LINE('',#3041,#3161);
#3163=EDGE_CURVE('',#3042,#3040,#3162,.T.);
#3164=ORIENTED_EDGE('',*,*,#3163,.F.);
#3165=VECTOR('',#1504,1.);
#3166=LINE('',#3043,#3165);
#3167=EDGE_CURVE('',#3044,#3042,#3166,.T.);
#3168=ORIENTED_EDGE('',*,*,#3167,.F.);
#3169=VECTOR('',#1499,1.);
#3170=LINE('',#3045,#3169);
#3171=EDGE_CURVE('',#3046,#3044,#3170,.T.);
#3172=ORIENTED_EDGE('',*,*,#3171,.F.);
#3173=VECTOR('',#1494,1.);
#3174=LINE('',#3047,#3173);
#3175=EDGE_CURVE('',#3048,#3046,#3174,.T.);
#3176=ORIENTED_EDGE('',*,*,#3175,.F.);
#3177=VECTOR('',#1489,1.);
#3178=LINE('',#3049,#3177);
#3179=EDGE_CURVE('',#3050,#3048,#3178,.T.);
#3180=ORIENTED_EDGE('',*,*,#3179,.F.);
#3181=VECTOR('',#1484,1.);
#3182=LINE('',#3051,#3181);
#3183=EDGE_CURVE('',#3052,#3050,#3182,.T.);
#3184=ORIENTED_EDGE('',*,*,#3183,.F.);
#3185=VECTOR('',#1479,1.);
#3186=LINE('',#3053,#3185);
#3187=EDGE_CURVE('',#3054,#3052,#3186,.T.);
#3188=ORIENTED_EDGE('',*,*,#3187,.F.);
#3189=VECTOR('',#1474,1.);
#3190=LINE('',#3055,#3189);
#3191=EDGE_CURVE('',#3056,#3054,#3190,.T.);
#3192=ORIENTED_EDGE('',*,*,#3191,.F.);
#3193=VECTOR('',#1469,1.);
#3194=LINE('',#3057,#3193);
#3195=EDGE_CURVE('',#3058,#3056,#3194,.T.);
#3196=ORIENTED_EDGE('',*,*,#3195,.F.);
#3197=VECTOR('',#281,1.);
#3198=LINE('',#3059,#3197);
#3199=EDGE_CURVE('',#3060,#3058,#3198,.T.);
#3200=ORIENTED_EDGE('',*,*,#3199,.F.);
#3201=VECTOR('',#1576,1.);
#3202=LINE('',#3061,#3201);
#3203=EDGE_CURVE('',#3062,#3060,#3202,.T.);
#3204=ORIENTED_EDGE('',*,*,#3203,.F.);
#3205=VECTOR('',#1571,1.);
#3206=LINE('',#3061,#3205);
#3207=EDGE_CURVE('',#3062,#3064,#3206,.T.);
#3208=ORIENTED_EDGE('',*,*,#3207,.T.);
#3209=VECTOR('',#386,1.);
#3210=LINE('',#3063,#3209);
#3211=EDGE_CURVE('',#3064,#3066,#3210,.T.);
#3212=ORIENTED_EDGE('',*,*,#3211,.T.);
#3213=VECTOR('',#1562,1.);
#3214=LINE('',#3065,#3213);
#3215=EDGE_CURVE('',#3066,#3068,#3214,.T.);
#3216=ORIENTED_EDGE('',*,*,#3215,.T.);
#3217=VECTOR('',#1557,1.);
#3218=LINE('',#3067,#3217);
#3219=EDGE_CURVE('',#3068,#3070,#3218,.T.);
#3220=ORIENTED_EDGE('',*,*,#3219,.T.);
#3221=VECTOR('',#1552,1.);
#3222=LINE('',#3069,#3221);
#3223=EDGE_CURVE('',#3070,#3072,#3222,.T.);
#3224=ORIENTED_EDGE('',*,*,#3223,.T.);
#3225=VECTOR('',#1547,1.);
#3226=LINE('',#3071,#3225);
#3227=EDGE_CURVE('',#3072,#3074,#3226,.T.);
#3228=ORIENTED_EDGE('',*,*,#3227,.T.);
#3229=VECTOR('',#1542,1.);
#3230=LINE('',#3073,#3229);
#3231=EDGE_CURVE('',#3074,#3076,#3230,.T.);
#3232=ORIENTED_EDGE('',*,*,#3231,.T.);
#3233=VECTOR('',#1537,1.);
#3234=LINE('',#3075,#3233);
#3235=EDGE_CURVE('',#3076,#3078,#3234,.T.);
#3236=ORIENTED_EDGE('',*,*,#3235,.T.);
#3237=VECTOR('',#1532,1.);
#3238=LINE('',#3077,#3237);
#3239=EDGE_CURVE('',#3078,#3080,#3238,.T.);
#3240=ORIENTED_EDGE('',*,*,#3239,.T.);
#3241=VECTOR('',#1527,1.);
#3242=LINE('',#3079,#3241);
#3243=EDGE_CURVE('',#3080,#3082,#3242,.T.);
#3244=ORIENTED_EDGE('',*,*,#3243,.T.);
#3245=VECTOR('',#341,1.);
#3246=LINE('',#3081,#3245);
#3247=EDGE_CURVE('',#3082,#3084,#3246,.T.);
#3248=ORIENTED_EDGE('',*,*,#3247,.T.);
#3249=VECTOR('',#1518,1.);
#3250=LINE('',#3083,#3249);
#3251=EDGE_CURVE('',#3084,#3086,#3250,.T.);
#3252=ORIENTED_EDGE('',*,*,#3251,.T.);
#3253=VECTOR('',#1513,1.);
#3254=LINE('',#3085,#3253);
#3255=EDGE_CURVE('',#3086,#3088,#3254,.T.);
#3256=ORIENTED_EDGE('',*,*,#3255,.T.);
#3257=VECTOR('',#326,1.);
#3258=LINE('',#3087,#3257);
#3259=EDGE_CURVE('',#3088,#3090,#3258,.T.);
#3260=ORIENTED_EDGE('',*,*,#3259,.T.);
#3261=VECTOR('',#1504,1.);
#3262=LINE('',#3089,#3261);
#3263=EDGE_CURVE('',#3090,#3092,#3262,.T.);
#3264=ORIENTED_EDGE('',*,*,#3263,.T.);
#3265=VECTOR('',#1499,1.);
#3266=LINE('',#3091,#3265);
#3267=EDGE_CURVE('',#3092,#3094,#3266,.T.);
#3268=ORIENTED_EDGE('',*,*,#3267,.T.);
#3269=VECTOR('',#1494,1.);
#3270=LINE('',#3093,#3269);
#3271=EDGE_CURVE('',#3094,#3096,#3270,.T.);
#3272=ORIENTED_EDGE('',*,*,#3271,.T.);
#3273=VECTOR('',#1489,1.);
#3274=LINE('',#3095,#3273);
#3275=EDGE_CURVE('',#3096,#3098,#3274,.T.);
#3276=ORIENTED_EDGE('',*,*,#3275,.T.);
#3277=VECTOR('',#1484,1.);
#3278=LINE('',#3097,#3277);
#3279=EDGE_CURVE('',#3098,#3100,#3278,.T.);
#3280=ORIENTED_EDGE('',*,*,#3279,.T.);
#3281=VECTOR('',#1479,1.);
#3282=LINE('',#3099,#3281);
#3283=EDGE_CURVE('',#3100,#3102,#3282,.T.);
#3284=ORIENTED_EDGE('',*,*,#3283,.T.);
#3285=VECTOR('',#1474,1.);
#3286=LINE('',#3101,#3285);
#3287=EDGE_CURVE('',#3102,#3104,#3286,.T.);
#3288=ORIENTED_EDGE('',*,*,#3287,.T.);
#3289=VECTOR('',#1469,1.);
#3290=LINE('',#3103,#3289);
#3291=EDGE_CURVE('',#3104,#3106,#3290,.T.);
#3292=ORIENTED_EDGE('',*,*,#3291,.T.);
#3293=VECTOR('',#281,1.);
#3294=LINE('',#3105,#3293);
#3295=EDGE_CURVE('',#3106,#3108,#3294,.T.);
#3296=ORIENTED_EDGE('',*,*,#3295,.T.);
#3297=VECTOR('',#1576,1.);
#3298=LINE('',#3107,#3297);
#3299=EDGE_CURVE('',#3108,#3014,#3298,.T.);
#3300=ORIENTED_EDGE('',*,*,#3299,.T.);
#3301=EDGE_LOOP('',(#3112,#3116,#3120,#3124,#3128,#3132,#3136,#3140,#3144,#3148,#3152,#3156,#3160,#3164,#3168,#3172,#3176,#3180,#3184,#3188,#3192,#3196,#3200,#3204,#3208,#3212,#3216,#3220,#3224,#3228,#3232,#3236,#3240,#3244,#3248,#3252,#3256,#3260,#3264,#3268,#3272,#3276,#3280,#3284,#3288,#3292,#3296,#3300));
#3302=FACE_BOUND('',#3301,.T.);
#3303=DIRECTION('',(0.,0.,-1.));
#3304=DIRECTION('',(0.,-1.,0.));
#3305=AXIS2_PLACEMENT_3D('',#1683,#3303,#3304);
#3306=PLANE('',#3305);
#3307=ADVANCED_FACE('',(#1852,#2142,#2432,#2722,#3012,#3302),#3306,.T.);
#3308=ORIENTED_EDGE('',*,*,#1845,.T.);
#3309=VECTOR('',#1679,1.);
#3310=LINE('',#1735,#3309);
#3311=EDGE_CURVE('',#1736,#4,#3310,.T.);
#3312=ORIENTED_EDGE('',*,*,#3311,.T.);
#3313=ORIENTED_EDGE('',*,*,#60,.F.);
#3314=VECTOR('',#1679,1.);
#3315=LINE('',#1737,#3314);
#3316=EDGE_CURVE('',#1738,#2,#3315,.T.);
#3317=ORIENTED_EDGE('',*,*,#3316,.F.);
#3318=EDGE_LOOP('',(#3308,#3312,#3313,#3317));
#3319=FACE_OUTER_BOUND('',#3318,.T.);
#3320=DIRECTION('',(0.130526192,-0.991444861,0.));
#3321=DIRECTION('',(-0.991444861,-0.130526192,0.));
#3322=AXIS2_PLACEMENT_3D('',#1737,#3320,#3321);
#3323=PLANE('',#3322);
#3324=ADVANCED_FACE('',(#3319),#3323,.T.);
#3325=ORIENTED_EDGE('',*,*,#1841,.T.);
#3326=VECTOR('',#1679,1.);
#3327=LINE('',#1733,#3326);
#3328=EDGE_CURVE('',#1734,#6,#3327,.T.);
#3329=ORIENTED_EDGE('',*,*,#3328,.T.);
#3330=ORIENTED_EDGE('',*,*,#65,.F.);
#3331=ORIENTED_EDGE('',*,*,#3311,.F.);
#3332=EDGE_LOOP('',(#3325,#3329,#3330,#3331));
#3333=FACE_OUTER_BOUND('',#3332,.T.);
#3334=DIRECTION('',(-0.923879533,-0.382683432,0.));
#3335=AXIS2_PLACEMENT_3D('',#1735,#97,#3334);
#3336=PLANE('',#3335);
#3337=ADVANCED_FACE('',(#3333),#3336,.T.);
#3338=ORIENTED_EDGE('',*,*,#1837,.T.);
#3339=VECTOR('',#1679,1.);
#3340=LINE('',#1731,#3339);
#3341=EDGE_CURVE('',#1732,#8,#3340,.T.);
#3342=ORIENTED_EDGE('',*,*,#3341,.T.);
#3343=ORIENTED_EDGE('',*,*,#70,.F.);
#3344=ORIENTED_EDGE('',*,*,#3328,.F.);
#3345=EDGE_LOOP('',(#3338,#3342,#3343,#3344));
#3346=FACE_OUTER_BOUND('',#3345,.T.);
#3347=DIRECTION('',(0.608761429,-0.79335334,0.));
#3348=DIRECTION('',(-0.79335334,-0.608761429,0.));
#3349=AXIS2_PLACEMENT_3D('',#1733,#3347,#3348);
#3350=PLANE('',#3349);
#3351=ADVANCED_FACE('',(#3346),#3350,.T.);
#3352=ORIENTED_EDGE('',*,*,#1833,.T.);
#3353=VECTOR('',#1679,1.);
#3354=LINE('',#1729,#3353);
#3355=EDGE_CURVE('',#1730,#10,#3354,.T.);
#3356=ORIENTED_EDGE('',*,*,#3355,.T.);
#3357=ORIENTED_EDGE('',*,*,#75,.F.);
#3358=ORIENTED_EDGE('',*,*,#3341,.F.);
#3359=EDGE_LOOP('',(#3352,#3356,#3357,#3358));
#3360=FACE_OUTER_BOUND('',#3359,.T.);
#3361=DIRECTION('',(0.79335334,-0.608761429,0.));
#3362=DIRECTION('',(-0.608761429,-0.79335334,0.));
#3363=AXIS2_PLACEMENT_3D('',#1731,#3361,#3362);
#3364=PLANE('',#3363);
#3365=ADVANCED_FACE('',(#3360),#3364,.T.);
#3366=ORIENTED_EDGE('',*,*,#1829,.T.);
#3367=VECTOR('',#1679,1.);
#3368=LINE('',#1727,#3367);
#3369=EDGE_CURVE('',#1728,#12,#3368,.T.);
#3370=ORIENTED_EDGE('',*,*,#3369,.T.);
#3371=ORIENTED_EDGE('',*,*,#80,.F.);
#3372=ORIENTED_EDGE('',*,*,#3355,.F.);
#3373=EDGE_LOOP('',(#3366,#3370,#3371,#3372));
#3374=FACE_OUTER_BOUND('',#3373,.T.);
#3375=DIRECTION('',(-0.382683432,-0.923879533,0.));
#3376=AXIS2_PLACEMENT_3D('',#1729,#112,#3375);
#3377=PLANE('',#3376);
#3378=ADVANCED_FACE('',(#3374),#3377,.T.);
#3379=ORIENTED_EDGE('',*,*,#1825,.T.);
#3380=VECTOR('',#1679,1.);
#3381=LINE('',#1725,#3380);
#3382=EDGE_CURVE('',#1726,#14,#3381,.T.);
#3383=ORIENTED_EDGE('',*,*,#3382,.T.);
#3384=ORIENTED_EDGE('',*,*,#85,.F.);
#3385=ORIENTED_EDGE('',*,*,#3369,.F.);
#3386=EDGE_LOOP('',(#3379,#3383,#3384,#3385));
#3387=FACE_OUTER_BOUND('',#3386,.T.);
#3388=DIRECTION('',(0.991444861,-0.130526192,0.));
#3389=DIRECTION('',(-0.130526192,-0.991444861,0.));
#3390=AXIS2_PLACEMENT_3D('',#1727,#3388,#3389);
#3391=PLANE('',#3390);
#3392=ADVANCED_FACE('',(#3387),#3391,.T.);
#3393=ORIENTED_EDGE('',*,*,#1821,.T.);
#3394=VECTOR('',#1679,1.);
#3395=LINE('',#1723,#3394);
#3396=EDGE_CURVE('',#1724,#16,#3395,.T.);
#3397=ORIENTED_EDGE('',*,*,#3396,.T.);
#3398=ORIENTED_EDGE('',*,*,#90,.F.);
#3399=ORIENTED_EDGE('',*,*,#3382,.F.);
#3400=EDGE_LOOP('',(#3393,#3397,#3398,#3399));
#3401=FACE_OUTER_BOUND('',#3400,.T.);
#3402=AXIS2_PLACEMENT_3D('',#1725,#122,#3304);
#3403=PLANE('',#3402);
#3404=ADVANCED_FACE('',(#3401),#3403,.T.);
#3405=ORIENTED_EDGE('',*,*,#1817,.F.);
#3406=VECTOR('',#1679,1.);
#3407=LINE('',#1721,#3406);
#3408=EDGE_CURVE('',#1722,#18,#3407,.T.);
#3409=ORIENTED_EDGE('',*,*,#3408,.T.);
#3410=ORIENTED_EDGE('',*,*,#95,.T.);
#3411=ORIENTED_EDGE('',*,*,#3396,.F.);
#3412=EDGE_LOOP('',(#3405,#3409,#3410,#3411));
#3413=FACE_OUTER_BOUND('',#3412,.T.);
#3414=DIRECTION('',(0.991444861,0.130526192,0.));
#3415=AXIS2_PLACEMENT_3D('',#1723,#3414,#3320);
#3416=PLANE('',#3415);
#3417=ADVANCED_FACE('',(#3413),#3416,.T.);
#3418=ORIENTED_EDGE('',*,*,#1813,.F.);
#3419=VECTOR('',#1679,1.);
#3420=LINE('',#1719,#3419);
#3421=EDGE_CURVE('',#1720,#20,#3420,.T.);
#3422=ORIENTED_EDGE('',*,*,#3421,.T.);
#3423=ORIENTED_EDGE('',*,*,#100,.T.);
#3424=ORIENTED_EDGE('',*,*,#3408,.F.);
#3425=EDGE_LOOP('',(#3418,#3422,#3423,#3424));
#3426=FACE_OUTER_BOUND('',#3425,.T.);
#3427=AXIS2_PLACEMENT_3D('',#1721,#62,#97);
#3428=PLANE('',#3427);
#3429=ADVANCED_FACE('',(#3426),#3428,.T.);
#3430=ORIENTED_EDGE('',*,*,#1809,.F.);
#3431=VECTOR('',#1679,1.);
#3432=LINE('',#1717,#3431);
#3433=EDGE_CURVE('',#1718,#22,#3432,.T.);
#3434=ORIENTED_EDGE('',*,*,#3433,.T.);
#3435=ORIENTED_EDGE('',*,*,#105,.T.);
#3436=ORIENTED_EDGE('',*,*,#3421,.F.);
#3437=EDGE_LOOP('',(#3430,#3434,#3435,#3436));
#3438=FACE_OUTER_BOUND('',#3437,.T.);
#3439=DIRECTION('',(0.79335334,0.608761429,0.));
#3440=AXIS2_PLACEMENT_3D('',#1719,#3439,#3347);
#3441=PLANE('',#3440);
#3442=ADVANCED_FACE('',(#3438),#3441,.T.);
#3443=ORIENTED_EDGE('',*,*,#1805,.F.);
#3444=VECTOR('',#1679,1.);
#3445=LINE('',#1715,#3444);
#3446=EDGE_CURVE('',#1716,#24,#3445,.T.);
#3447=ORIENTED_EDGE('',*,*,#3446,.T.);
#3448=ORIENTED_EDGE('',*,*,#110,.T.);
#3449=ORIENTED_EDGE('',*,*,#3433,.F.);
#3450=EDGE_LOOP('',(#3443,#3447,#3448,#3449));
#3451=FACE_OUTER_BOUND('',#3450,.T.);
#3452=DIRECTION('',(0.608761429,0.79335334,0.));
#3453=AXIS2_PLACEMENT_3D('',#1717,#3452,#3361);
#3454=PLANE('',#3453);
#3455=ADVANCED_FACE('',(#3451),#3454,.T.);
#3456=ORIENTED_EDGE('',*,*,#1801,.F.);
#3457=VECTOR('',#1679,1.);
#3458=LINE('',#1713,#3457);
#3459=EDGE_CURVE('',#1714,#26,#3458,.T.);
#3460=ORIENTED_EDGE('',*,*,#3459,.T.);
#3461=ORIENTED_EDGE('',*,*,#115,.T.);
#3462=ORIENTED_EDGE('',*,*,#3446,.F.);
#3463=EDGE_LOOP('',(#3456,#3460,#3461,#3462));
#3464=FACE_OUTER_BOUND('',#3463,.T.);
#3465=AXIS2_PLACEMENT_3D('',#1715,#77,#112);
#3466=PLANE('',#3465);
#3467=ADVANCED_FACE('',(#3464),#3466,.T.);
#3468=ORIENTED_EDGE('',*,*,#1797,.F.);
#3469=VECTOR('',#1679,1.);
#3470=LINE('',#1711,#3469);
#3471=EDGE_CURVE('',#1712,#28,#3470,.T.);
#3472=ORIENTED_EDGE('',*,*,#3471,.T.);
#3473=ORIENTED_EDGE('',*,*,#120,.T.);
#3474=ORIENTED_EDGE('',*,*,#3459,.F.);
#3475=EDGE_LOOP('',(#3468,#3472,#3473,#3474));
#3476=FACE_OUTER_BOUND('',#3475,.T.);
#3477=DIRECTION('',(0.130526192,0.991444861,0.));
#3478=AXIS2_PLACEMENT_3D('',#1713,#3477,#3388);
#3479=PLANE('',#3478);
#3480=ADVANCED_FACE('',(#3476),#3479,.T.);
#3481=ORIENTED_EDGE('',*,*,#1793,.F.);
#3482=VECTOR('',#1679,1.);
#3483=LINE('',#1709,#3482);
#3484=EDGE_CURVE('',#1710,#30,#3483,.T.);
#3485=ORIENTED_EDGE('',*,*,#3484,.T.);
#3486=ORIENTED_EDGE('',*,*,#125,.T.);
#3487=ORIENTED_EDGE('',*,*,#3471,.F.);
#3488=EDGE_LOOP('',(#3481,#3485,#3486,#3487));
#3489=FACE_OUTER_BOUND('',#3488,.T.);
#3490=AXIS2_PLACEMENT_3D('',#1711,#87,#122);
#3491=PLANE('',#3490);
#3492=ADVANCED_FACE('',(#3489),#3491,.T.);
#3493=ORIENTED_EDGE('',*,*,#1789,.F.);
#3494=VECTOR('',#1679,1.);
#3495=LINE('',#1707,#3494);
#3496=EDGE_CURVE('',#1708,#32,#3495,.T.);
#3497=ORIENTED_EDGE('',*,*,#3496,.T.);
#3498=ORIENTED_EDGE('',*,*,#129,.T.);
#3499=ORIENTED_EDGE('',*,*,#3484,.F.);
#3500=EDGE_LOOP('',(#3493,#3497,#3498,#3499));
#3501=FACE_OUTER_BOUND('',#3500,.T.);
#3502=DIRECTION('',(-0.130526192,0.991444861,0.));
#3503=AXIS2_PLACEMENT_3D('',#1709,#3502,#3414);
#3504=PLANE('',#3503);
#3505=ADVANCED_FACE('',(#3501),#3504,.T.);
#3506=ORIENTED_EDGE('',*,*,#1785,.F.);
#3507=VECTOR('',#1679,1.);
#3508=LINE('',#1705,#3507);
#3509=EDGE_CURVE('',#1706,#34,#3508,.T.);
#3510=ORIENTED_EDGE('',*,*,#3509,.T.);
#3511=ORIENTED_EDGE('',*,*,#133,.T.);
#3512=ORIENTED_EDGE('',*,*,#3496,.F.);
#3513=EDGE_LOOP('',(#3506,#3510,#3511,#3512));
#3514=FACE_OUTER_BOUND('',#3513,.T.);
#3515=DIRECTION('',(-0.382683432,0.923879533,0.));
#3516=AXIS2_PLACEMENT_3D('',#1707,#3515,#62);
#3517=PLANE('',#3516);
#3518=ADVANCED_FACE('',(#3514),#3517,.T.);
#3519=ORIENTED_EDGE('',*,*,#1781,.F.);
#3520=VECTOR('',#1679,1.);
#3521=LINE('',#1703,#3520);
#3522=EDGE_CURVE('',#1704,#36,#3521,.T.);
#3523=ORIENTED_EDGE('',*,*,#3522,.T.);
#3524=ORIENTED_EDGE('',*,*,#137,.T.);
#3525=ORIENTED_EDGE('',*,*,#3509,.F.);
#3526=EDGE_LOOP('',(#3519,#3523,#3524,#3525));
#3527=FACE_OUTER_BOUND('',#3526,.T.);
#3528=DIRECTION('',(-0.608761429,0.79335334,0.));
#3529=AXIS2_PLACEMENT_3D('',#1705,#3528,#3439);
#3530=PLANE('',#3529);
#3531=ADVANCED_FACE('',(#3527),#3530,.T.);
#3532=ORIENTED_EDGE('',*,*,#1777,.F.);
#3533=VECTOR('',#1679,1.);
#3534=LINE('',#1701,#3533);
#3535=EDGE_CURVE('',#1702,#38,#3534,.T.);
#3536=ORIENTED_EDGE('',*,*,#3535,.T.);
#3537=ORIENTED_EDGE('',*,*,#141,.T.);
#3538=ORIENTED_EDGE('',*,*,#3522,.F.);
#3539=EDGE_LOOP('',(#3532,#3536,#3537,#3538));
#3540=FACE_OUTER_BOUND('',#3539,.T.);
#3541=DIRECTION('',(-0.79335334,0.608761429,0.));
#3542=AXIS2_PLACEMENT_3D('',#1703,#3541,#3452);
#3543=PLANE('',#3542);
#3544=ADVANCED_FACE('',(#3540),#3543,.T.);
#3545=ORIENTED_EDGE('',*,*,#1773,.F.);
#3546=VECTOR('',#1679,1.);
#3547=LINE('',#1699,#3546);
#3548=EDGE_CURVE('',#1700,#40,#3547,.T.);
#3549=ORIENTED_EDGE('',*,*,#3548,.T.);
#3550=ORIENTED_EDGE('',*,*,#145,.T.);
#3551=ORIENTED_EDGE('',*,*,#3535,.F.);
#3552=EDGE_LOOP('',(#3545,#3549,#3550,#3551));
#3553=FACE_OUTER_BOUND('',#3552,.T.);
#3554=DIRECTION('',(-0.923879533,0.382683432,0.));
#3555=AXIS2_PLACEMENT_3D('',#1701,#3554,#77);
#3556=PLANE('',#3555);
#3557=ADVANCED_FACE('',(#3553),#3556,.T.);
#3558=ORIENTED_EDGE('',*,*,#1769,.F.);
#3559=VECTOR('',#1679,1.);
#3560=LINE('',#1697,#3559);
#3561=EDGE_CURVE('',#1698,#42,#3560,.T.);
#3562=ORIENTED_EDGE('',*,*,#3561,.T.);
#3563=ORIENTED_EDGE('',*,*,#149,.T.);
#3564=ORIENTED_EDGE('',*,*,#3548,.F.);
#3565=EDGE_LOOP('',(#3558,#3562,#3563,#3564));
#3566=FACE_OUTER_BOUND('',#3565,.T.);
#3567=DIRECTION('',(-0.991444861,0.130526192,0.));
#3568=AXIS2_PLACEMENT_3D('',#1699,#3567,#3477);
#3569=PLANE('',#3568);
#3570=ADVANCED_FACE('',(#3566),#3569,.T.);
#3571=ORIENTED_EDGE('',*,*,#1765,.F.);
#3572=VECTOR('',#1679,1.);
#3573=LINE('',#1695,#3572);
#3574=EDGE_CURVE('',#1696,#44,#3573,.T.);
#3575=ORIENTED_EDGE('',*,*,#3574,.T.);
#3576=ORIENTED_EDGE('',*,*,#153,.T.);
#3577=ORIENTED_EDGE('',*,*,#3561,.F.);
#3578=EDGE_LOOP('',(#3571,#3575,#3576,#3577));
#3579=FACE_OUTER_BOUND('',#3578,.T.);
#3580=DIRECTION('',(-1.,-0.,0.));
#3581=AXIS2_PLACEMENT_3D('',#1697,#3580,#87);
#3582=PLANE('',#3581);
#3583=ADVANCED_FACE('',(#3579),#3582,.T.);
#3584=ORIENTED_EDGE('',*,*,#1761,.T.);
#3585=VECTOR('',#1679,1.);
#3586=LINE('',#1693,#3585);
#3587=EDGE_CURVE('',#1694,#46,#3586,.T.);
#3588=ORIENTED_EDGE('',*,*,#3587,.T.);
#3589=ORIENTED_EDGE('',*,*,#157,.F.);
#3590=ORIENTED_EDGE('',*,*,#3574,.F.);
#3591=EDGE_LOOP('',(#3584,#3588,#3589,#3590));
#3592=FACE_OUTER_BOUND('',#3591,.T.);
#3593=AXIS2_PLACEMENT_3D('',#1695,#3321,#3502);
#3594=PLANE('',#3593);
#3595=ADVANCED_FACE('',(#3592),#3594,.T.);
#3596=ORIENTED_EDGE('',*,*,#1757,.T.);
#3597=VECTOR('',#1679,1.);
#3598=LINE('',#1691,#3597);
#3599=EDGE_CURVE('',#1692,#48,#3598,.T.);
#3600=ORIENTED_EDGE('',*,*,#3599,.T.);
#3601=ORIENTED_EDGE('',*,*,#161,.F.);
#3602=ORIENTED_EDGE('',*,*,#3587,.F.);
#3603=EDGE_LOOP('',(#3596,#3600,#3601,#3602));
#3604=FACE_OUTER_BOUND('',#3603,.T.);
#3605=AXIS2_PLACEMENT_3D('',#1693,#3334,#3515);
#3606=PLANE('',#3605);
#3607=ADVANCED_FACE('',(#3604),#3606,.T.);
#3608=ORIENTED_EDGE('',*,*,#1753,.T.);
#3609=VECTOR('',#1679,1.);
#3610=LINE('',#1689,#3609);
#3611=EDGE_CURVE('',#1690,#50,#3610,.T.);
#3612=ORIENTED_EDGE('',*,*,#3611,.T.);
#3613=ORIENTED_EDGE('',*,*,#165,.F.);
#3614=ORIENTED_EDGE('',*,*,#3599,.F.);
#3615=EDGE_LOOP('',(#3608,#3612,#3613,#3614));
#3616=FACE_OUTER_BOUND('',#3615,.T.);
#3617=AXIS2_PLACEMENT_3D('',#1691,#3348,#3528);
#3618=PLANE('',#3617);
#3619=ADVANCED_FACE('',(#3616),#3618,.T.);
#3620=ORIENTED_EDGE('',*,*,#1749,.T.);
#3621=VECTOR('',#1679,1.);
#3622=LINE('',#1687,#3621);
#3623=EDGE_CURVE('',#1688,#52,#3622,.T.);
#3624=ORIENTED_EDGE('',*,*,#3623,.T.);
#3625=ORIENTED_EDGE('',*,*,#169,.F.);
#3626=ORIENTED_EDGE('',*,*,#3611,.F.);
#3627=EDGE_LOOP('',(#3620,#3624,#3625,#3626));
#3628=FACE_OUTER_BOUND('',#3627,.T.);
#3629=AXIS2_PLACEMENT_3D('',#1689,#3362,#3541);
#3630=PLANE('',#3629);
#3631=ADVANCED_FACE('',(#3628),#3630,.T.);
#3632=ORIENTED_EDGE('',*,*,#1745,.T.);
#3633=VECTOR('',#1679,1.);
#3634=LINE('',#1685,#3633);
#3635=EDGE_CURVE('',#1686,#54,#3634,.T.);
#3636=ORIENTED_EDGE('',*,*,#3635,.T.);
#3637=ORIENTED_EDGE('',*,*,#173,.F.);
#3638=ORIENTED_EDGE('',*,*,#3623,.F.);
#3639=EDGE_LOOP('',(#3632,#3636,#3637,#3638));
#3640=FACE_OUTER_BOUND('',#3639,.T.);
#3641=AXIS2_PLACEMENT_3D('',#1687,#3375,#3554);
#3642=PLANE('',#3641);
#3643=ADVANCED_FACE('',(#3640),#3642,.T.);
#3644=ORIENTED_EDGE('',*,*,#1741,.T.);
#3645=VECTOR('',#1679,1.);
#3646=LINE('',#1683,#3645);
#3647=EDGE_CURVE('',#1684,#56,#3646,.T.);
#3648=ORIENTED_EDGE('',*,*,#3647,.T.);
#3649=ORIENTED_EDGE('',*,*,#177,.F.);
#3650=ORIENTED_EDGE('',*,*,#3635,.F.);
#3651=EDGE_LOOP('',(#3644,#3648,#3649,#3650));
#3652=FACE_OUTER_BOUND('',#3651,.T.);
#3653=AXIS2_PLACEMENT_3D('',#1685,#3389,#3567);
#3654=PLANE('',#3653);
#3655=ADVANCED_FACE('',(#3652),#3654,.T.);
#3656=ORIENTED_EDGE('',*,*,#1849,.T.);
#3657=ORIENTED_EDGE('',*,*,#3316,.T.);
#3658=ORIENTED_EDGE('',*,*,#181,.F.);
#3659=ORIENTED_EDGE('',*,*,#3647,.F.);
#3660=EDGE_LOOP('',(#3656,#3657,#3658,#3659));
#3661=FACE_OUTER_BOUND('',#3660,.T.);
#3662=AXIS2_PLACEMENT_3D('',#1683,#3304,#3580);
#3663=PLANE('',#3662);
#3664=ADVANCED_FACE('',(#3661),#3663,.T.);
#3665=ORIENTED_EDGE('',*,*,#2135,.F.);
#3666=VECTOR('',#1679,1.);
#3667=LINE('',#1945,#3666);
#3668=EDGE_CURVE('',#1946,#188,#3667,.T.);
#3669=ORIENTED_EDGE('',*,*,#3668,.T.);
#3670=ORIENTED_EDGE('',*,*,#284,.T.);
#3671=VECTOR('',#1679,1.);
#3672=LINE('',#1947,#3671);
#3673=EDGE_CURVE('',#1948,#186,#3672,.T.);
#3674=ORIENTED_EDGE('',*,*,#3673,.F.);
#3675=EDGE_LOOP('',(#3665,#3669,#3670,#3674));
#3676=FACE_OUTER_BOUND('',#3675,.T.);
#3677=DIRECTION('',(-0.98078528,0.195090322,0.));
#3678=AXIS2_PLACEMENT_3D('',#1947,#3677,#281);
#3679=PLANE('',#3678);
#3680=ADVANCED_FACE('',(#3676),#3679,.T.);
#3681=ORIENTED_EDGE('',*,*,#2131,.F.);
#3682=VECTOR('',#1679,1.);
#3683=LINE('',#1943,#3682);
#3684=EDGE_CURVE('',#1944,#190,#3683,.T.);
#3685=ORIENTED_EDGE('',*,*,#3684,.T.);
#3686=ORIENTED_EDGE('',*,*,#289,.T.);
#3687=ORIENTED_EDGE('',*,*,#3668,.F.);
#3688=EDGE_LOOP('',(#3681,#3685,#3686,#3687));
#3689=FACE_OUTER_BOUND('',#3688,.T.);
#3690=DIRECTION('',(-0.946930129,0.321439465,0.));
#3691=DIRECTION('',(0.321439465,0.946930129,-0.));
#3692=AXIS2_PLACEMENT_3D('',#1945,#3690,#3691);
#3693=PLANE('',#3692);
#3694=ADVANCED_FACE('',(#3689),#3693,.T.);
#3695=ORIENTED_EDGE('',*,*,#2127,.F.);
#3696=VECTOR('',#1679,1.);
#3697=LINE('',#1941,#3696);
#3698=EDGE_CURVE('',#1942,#192,#3697,.T.);
#3699=ORIENTED_EDGE('',*,*,#3698,.T.);
#3700=ORIENTED_EDGE('',*,*,#294,.T.);
#3701=ORIENTED_EDGE('',*,*,#3684,.F.);
#3702=EDGE_LOOP('',(#3695,#3699,#3700,#3701));
#3703=FACE_OUTER_BOUND('',#3702,.T.);
#3704=DIRECTION('',(-0.896872742,0.44228869,0.));
#3705=AXIS2_PLACEMENT_3D('',#1943,#3704,#1474);
#3706=PLANE('',#3705);
#3707=ADVANCED_FACE('',(#3703),#3706,.T.);
#3708=ORIENTED_EDGE('',*,*,#2123,.F.);
#3709=VECTOR('',#1679,1.);
#3710=LINE('',#1939,#3709);
#3711=EDGE_CURVE('',#1940,#194,#3710,.T.);
#3712=ORIENTED_EDGE('',*,*,#3711,.T.);
#3713=ORIENTED_EDGE('',*,*,#299,.T.);
#3714=ORIENTED_EDGE('',*,*,#3698,.F.);
#3715=EDGE_LOOP('',(#3708,#3712,#3713,#3714));
#3716=FACE_OUTER_BOUND('',#3715,.T.);
#3717=DIRECTION('',(-0.831469612,0.555570233,0.));
#3718=AXIS2_PLACEMENT_3D('',#1941,#3717,#1479);
#3719=PLANE('',#3718);
#3720=ADVANCED_FACE('',(#3716),#3719,.T.);
#3721=ORIENTED_EDGE('',*,*,#2119,.F.);
#3722=VECTOR('',#1679,1.);
#3723=LINE('',#1937,#3722);
#3724=EDGE_CURVE('',#1938,#196,#3723,.T.);
#3725=ORIENTED_EDGE('',*,*,#3724,.T.);
#3726=ORIENTED_EDGE('',*,*,#304,.T.);
#3727=ORIENTED_EDGE('',*,*,#3711,.F.);
#3728=EDGE_LOOP('',(#3721,#3725,#3726,#3727));
#3729=FACE_OUTER_BOUND('',#3728,.T.);
#3730=DIRECTION('',(-0.751839807,0.659345815,0.));
#3731=AXIS2_PLACEMENT_3D('',#1939,#3730,#1484);
#3732=PLANE('',#3731);
#3733=ADVANCED_FACE('',(#3729),#3732,.T.);
#3734=ORIENTED_EDGE('',*,*,#2115,.F.);
#3735=VECTOR('',#1679,1.);
#3736=LINE('',#1935,#3735);
#3737=EDGE_CURVE('',#1936,#198,#3736,.T.);
#3738=ORIENTED_EDGE('',*,*,#3737,.T.);
#3739=ORIENTED_EDGE('',*,*,#309,.T.);
#3740=ORIENTED_EDGE('',*,*,#3724,.F.);
#3741=EDGE_LOOP('',(#3734,#3738,#3739,#3740));
#3742=FACE_OUTER_BOUND('',#3741,.T.);
#3743=DIRECTION('',(-0.659345815,0.751839807,0.));
#3744=AXIS2_PLACEMENT_3D('',#1937,#3743,#1489);
#3745=PLANE('',#3744);
#3746=ADVANCED_FACE('',(#3742),#3745,.T.);
#3747=ORIENTED_EDGE('',*,*,#2111,.F.);
#3748=VECTOR('',#1679,1.);
#3749=LINE('',#1933,#3748);
#3750=EDGE_CURVE('',#1934,#200,#3749,.T.);
#3751=ORIENTED_EDGE('',*,*,#3750,.T.);
#3752=ORIENTED_EDGE('',*,*,#314,.T.);
#3753=ORIENTED_EDGE('',*,*,#3737,.F.);
#3754=EDGE_LOOP('',(#3747,#3751,#3752,#3753));
#3755=FACE_OUTER_BOUND('',#3754,.T.);
#3756=DIRECTION('',(-0.555570233,0.831469612,0.));
#3757=AXIS2_PLACEMENT_3D('',#1935,#3756,#1494);
#3758=PLANE('',#3757);
#3759=ADVANCED_FACE('',(#3755),#3758,.T.);
#3760=ORIENTED_EDGE('',*,*,#2107,.F.);
#3761=VECTOR('',#1679,1.);
#3762=LINE('',#1931,#3761);
#3763=EDGE_CURVE('',#1932,#202,#3762,.T.);
#3764=ORIENTED_EDGE('',*,*,#3763,.T.);
#3765=ORIENTED_EDGE('',*,*,#319,.T.);
#3766=ORIENTED_EDGE('',*,*,#3750,.F.);
#3767=EDGE_LOOP('',(#3760,#3764,#3765,#3766));
#3768=FACE_OUTER_BOUND('',#3767,.T.);
#3769=DIRECTION('',(-0.44228869,0.896872742,0.));
#3770=AXIS2_PLACEMENT_3D('',#1933,#3769,#1499);
#3771=PLANE('',#3770);
#3772=ADVANCED_FACE('',(#3768),#3771,.T.);
#3773=ORIENTED_EDGE('',*,*,#2103,.F.);
#3774=VECTOR('',#1679,1.);
#3775=LINE('',#1929,#3774);
#3776=EDGE_CURVE('',#1930,#204,#3775,.T.);
#3777=ORIENTED_EDGE('',*,*,#3776,.T.);
#3778=ORIENTED_EDGE('',*,*,#324,.T.);
#3779=ORIENTED_EDGE('',*,*,#3763,.F.);
#3780=EDGE_LOOP('',(#3773,#3777,#3778,#3779));
#3781=FACE_OUTER_BOUND('',#3780,.T.);
#3782=DIRECTION('',(-0.321439465,0.946930129,0.));
#3783=DIRECTION('',(0.946930129,0.321439465,-0.));
#3784=AXIS2_PLACEMENT_3D('',#1931,#3782,#3783);
#3785=PLANE('',#3784);
#3786=ADVANCED_FACE('',(#3781),#3785,.T.);
#3787=ORIENTED_EDGE('',*,*,#2099,.F.);
#3788=VECTOR('',#1679,1.);
#3789=LINE('',#1927,#3788);
#3790=EDGE_CURVE('',#1928,#206,#3789,.T.);
#3791=ORIENTED_EDGE('',*,*,#3790,.T.);
#3792=ORIENTED_EDGE('',*,*,#329,.T.);
#3793=ORIENTED_EDGE('',*,*,#3776,.F.);
#3794=EDGE_LOOP('',(#3787,#3791,#3792,#3793));
#3795=FACE_OUTER_BOUND('',#3794,.T.);
#3796=DIRECTION('',(-0.195090322,0.98078528,0.));
#3797=AXIS2_PLACEMENT_3D('',#1929,#3796,#326);
#3798=PLANE('',#3797);
#3799=ADVANCED_FACE('',(#3795),#3798,.T.);
#3800=ORIENTED_EDGE('',*,*,#2095,.F.);
#3801=VECTOR('',#1679,1.);
#3802=LINE('',#1925,#3801);
#3803=EDGE_CURVE('',#1926,#208,#3802,.T.);
#3804=ORIENTED_EDGE('',*,*,#3803,.T.);
#3805=ORIENTED_EDGE('',*,*,#334,.T.);
#3806=ORIENTED_EDGE('',*,*,#3790,.F.);
#3807=EDGE_LOOP('',(#3800,#3804,#3805,#3806));
#3808=FACE_OUTER_BOUND('',#3807,.T.);
#3809=DIRECTION('',(-0.0654031292,0.997858923,0.));
#3810=AXIS2_PLACEMENT_3D('',#1927,#3809,#1513);
#3811=PLANE('',#3810);
#3812=ADVANCED_FACE('',(#3808),#3811,.T.);
#3813=ORIENTED_EDGE('',*,*,#2091,.F.);
#3814=VECTOR('',#1679,1.);
#3815=LINE('',#1923,#3814);
#3816=EDGE_CURVE('',#1924,#210,#3815,.T.);
#3817=ORIENTED_EDGE('',*,*,#3816,.T.);
#3818=ORIENTED_EDGE('',*,*,#339,.T.);
#3819=ORIENTED_EDGE('',*,*,#3803,.F.);
#3820=EDGE_LOOP('',(#3813,#3817,#3818,#3819));
#3821=FACE_OUTER_BOUND('',#3820,.T.);
#3822=AXIS2_PLACEMENT_3D('',#1925,#1576,#1518);
#3823=PLANE('',#3822);
#3824=ADVANCED_FACE('',(#3821),#3823,.T.);
#3825=ORIENTED_EDGE('',*,*,#2087,.F.);
#3826=VECTOR('',#1679,1.);
#3827=LINE('',#1921,#3826);
#3828=EDGE_CURVE('',#1922,#212,#3827,.T.);
#3829=ORIENTED_EDGE('',*,*,#3828,.T.);
#3830=ORIENTED_EDGE('',*,*,#344,.T.);
#3831=ORIENTED_EDGE('',*,*,#3816,.F.);
#3832=EDGE_LOOP('',(#3825,#3829,#3830,#3831));
#3833=FACE_OUTER_BOUND('',#3832,.T.);
#3834=AXIS2_PLACEMENT_3D('',#1923,#281,#341);
#3835=PLANE('',#3834);
#3836=ADVANCED_FACE('',(#3833),#3835,.T.);
#3837=ORIENTED_EDGE('',*,*,#2083,.F.);
#3838=VECTOR('',#1679,1.);
#3839=LINE('',#1919,#3838);
#3840=EDGE_CURVE('',#1920,#214,#3839,.T.);
#3841=ORIENTED_EDGE('',*,*,#3840,.T.);
#3842=ORIENTED_EDGE('',*,*,#349,.T.);
#3843=ORIENTED_EDGE('',*,*,#3828,.F.);
#3844=EDGE_LOOP('',(#3837,#3841,#3842,#3843));
#3845=FACE_OUTER_BOUND('',#3844,.T.);
#3846=DIRECTION('',(0.946930129,-0.321439465,0.));
#3847=AXIS2_PLACEMENT_3D('',#1921,#3691,#3846);
#3848=PLANE('',#3847);
#3849=ADVANCED_FACE('',(#3845),#3848,.T.);
#3850=ORIENTED_EDGE('',*,*,#2079,.F.);
#3851=VECTOR('',#1679,1.);
#3852=LINE('',#1917,#3851);
#3853=EDGE_CURVE('',#1918,#216,#3852,.T.);
#3854=ORIENTED_EDGE('',*,*,#3853,.T.);
#3855=ORIENTED_EDGE('',*,*,#354,.T.);
#3856=ORIENTED_EDGE('',*,*,#3840,.F.);
#3857=EDGE_LOOP('',(#3850,#3854,#3855,#3856));
#3858=FACE_OUTER_BOUND('',#3857,.T.);
#3859=AXIS2_PLACEMENT_3D('',#1919,#1474,#1532);
#3860=PLANE('',#3859);
#3861=ADVANCED_FACE('',(#3858),#3860,.T.);
#3862=ORIENTED_EDGE('',*,*,#2075,.F.);
#3863=VECTOR('',#1679,1.);
#3864=LINE('',#1915,#3863);
#3865=EDGE_CURVE('',#1916,#218,#3864,.T.);
#3866=ORIENTED_EDGE('',*,*,#3865,.T.);
#3867=ORIENTED_EDGE('',*,*,#359,.T.);
#3868=ORIENTED_EDGE('',*,*,#3853,.F.);
#3869=EDGE_LOOP('',(#3862,#3866,#3867,#3868));
#3870=FACE_OUTER_BOUND('',#3869,.T.);
#3871=AXIS2_PLACEMENT_3D('',#1917,#1479,#1537);
#3872=PLANE('',#3871);
#3873=ADVANCED_FACE('',(#3870),#3872,.T.);
#3874=ORIENTED_EDGE('',*,*,#2071,.F.);
#3875=VECTOR('',#1679,1.);
#3876=LINE('',#1913,#3875);
#3877=EDGE_CURVE('',#1914,#220,#3876,.T.);
#3878=ORIENTED_EDGE('',*,*,#3877,.T.);
#3879=ORIENTED_EDGE('',*,*,#364,.T.);
#3880=ORIENTED_EDGE('',*,*,#3865,.F.);
#3881=EDGE_LOOP('',(#3874,#3878,#3879,#3880));
#3882=FACE_OUTER_BOUND('',#3881,.T.);
#3883=AXIS2_PLACEMENT_3D('',#1915,#1484,#1542);
#3884=PLANE('',#3883);
#3885=ADVANCED_FACE('',(#3882),#3884,.T.);
#3886=ORIENTED_EDGE('',*,*,#2067,.F.);
#3887=VECTOR('',#1679,1.);
#3888=LINE('',#1911,#3887);
#3889=EDGE_CURVE('',#1912,#222,#3888,.T.);
#3890=ORIENTED_EDGE('',*,*,#3889,.T.);
#3891=ORIENTED_EDGE('',*,*,#369,.T.);
#3892=ORIENTED_EDGE('',*,*,#3877,.F.);
#3893=EDGE_LOOP('',(#3886,#3890,#3891,#3892));
#3894=FACE_OUTER_BOUND('',#3893,.T.);
#3895=AXIS2_PLACEMENT_3D('',#1913,#1489,#1547);
#3896=PLANE('',#3895);
#3897=ADVANCED_FACE('',(#3894),#3896,.T.);
#3898=ORIENTED_EDGE('',*,*,#2063,.F.);
#3899=VECTOR('',#1679,1.);
#3900=LINE('',#1909,#3899);
#3901=EDGE_CURVE('',#1910,#224,#3900,.T.);
#3902=ORIENTED_EDGE('',*,*,#3901,.T.);
#3903=ORIENTED_EDGE('',*,*,#374,.T.);
#3904=ORIENTED_EDGE('',*,*,#3889,.F.);
#3905=EDGE_LOOP('',(#3898,#3902,#3903,#3904));
#3906=FACE_OUTER_BOUND('',#3905,.T.);
#3907=AXIS2_PLACEMENT_3D('',#1911,#1494,#1552);
#3908=PLANE('',#3907);
#3909=ADVANCED_FACE('',(#3906),#3908,.T.);
#3910=ORIENTED_EDGE('',*,*,#2059,.F.);
#3911=VECTOR('',#1679,1.);
#3912=LINE('',#1907,#3911);
#3913=EDGE_CURVE('',#1908,#226,#3912,.T.);
#3914=ORIENTED_EDGE('',*,*,#3913,.T.);
#3915=ORIENTED_EDGE('',*,*,#379,.T.);
#3916=ORIENTED_EDGE('',*,*,#3901,.F.);
#3917=EDGE_LOOP('',(#3910,#3914,#3915,#3916));
#3918=FACE_OUTER_BOUND('',#3917,.T.);
#3919=AXIS2_PLACEMENT_3D('',#1909,#1499,#1557);
#3920=PLANE('',#3919);
#3921=ADVANCED_FACE('',(#3918),#3920,.T.);
#3922=ORIENTED_EDGE('',*,*,#2055,.F.);
#3923=VECTOR('',#1679,1.);
#3924=LINE('',#1905,#3923);
#3925=EDGE_CURVE('',#1906,#228,#3924,.T.);
#3926=ORIENTED_EDGE('',*,*,#3925,.T.);
#3927=ORIENTED_EDGE('',*,*,#384,.T.);
#3928=ORIENTED_EDGE('',*,*,#3913,.F.);
#3929=EDGE_LOOP('',(#3922,#3926,#3927,#3928));
#3930=FACE_OUTER_BOUND('',#3929,.T.);
#3931=DIRECTION('',(0.321439465,-0.946930129,0.));
#3932=AXIS2_PLACEMENT_3D('',#1907,#3783,#3931);
#3933=PLANE('',#3932);
#3934=ADVANCED_FACE('',(#3930),#3933,.T.);
#3935=ORIENTED_EDGE('',*,*,#2051,.F.);
#3936=VECTOR('',#1679,1.);
#3937=LINE('',#1903,#3936);
#3938=EDGE_CURVE('',#1904,#230,#3937,.T.);
#3939=ORIENTED_EDGE('',*,*,#3938,.T.);
#3940=ORIENTED_EDGE('',*,*,#389,.T.);
#3941=ORIENTED_EDGE('',*,*,#3925,.F.);
#3942=EDGE_LOOP('',(#3935,#3939,#3940,#3941));
#3943=FACE_OUTER_BOUND('',#3942,.T.);
#3944=AXIS2_PLACEMENT_3D('',#1905,#326,#386);
#3945=PLANE('',#3944);
#3946=ADVANCED_FACE('',(#3943),#3945,.T.);
#3947=ORIENTED_EDGE('',*,*,#2047,.F.);
#3948=VECTOR('',#1679,1.);
#3949=LINE('',#1901,#3948);
#3950=EDGE_CURVE('',#1902,#232,#3949,.T.);
#3951=ORIENTED_EDGE('',*,*,#3950,.T.);
#3952=ORIENTED_EDGE('',*,*,#394,.T.);
#3953=ORIENTED_EDGE('',*,*,#3938,.F.);
#3954=EDGE_LOOP('',(#3947,#3951,#3952,#3953));
#3955=FACE_OUTER_BOUND('',#3954,.T.);
#3956=AXIS2_PLACEMENT_3D('',#1903,#1513,#1571);
#3957=PLANE('',#3956);
#3958=ADVANCED_FACE('',(#3955),#3957,.T.);
#3959=ORIENTED_EDGE('',*,*,#2043,.T.);
#3960=VECTOR('',#1679,1.);
#3961=LINE('',#1899,#3960);
#3962=EDGE_CURVE('',#1900,#234,#3961,.T.);
#3963=ORIENTED_EDGE('',*,*,#3962,.T.);
#3964=ORIENTED_EDGE('',*,*,#399,.F.);
#3965=ORIENTED_EDGE('',*,*,#3950,.F.);
#3966=EDGE_LOOP('',(#3959,#3963,#3964,#3965));
#3967=FACE_OUTER_BOUND('',#3966,.T.);
#3968=DIRECTION('',(-0.0654031292,-0.997858923,0.));
#3969=AXIS2_PLACEMENT_3D('',#1901,#1518,#3968);
#3970=PLANE('',#3969);
#3971=ADVANCED_FACE('',(#3967),#3970,.T.);
#3972=ORIENTED_EDGE('',*,*,#2039,.T.);
#3973=VECTOR('',#1679,1.);
#3974=LINE('',#1897,#3973);
#3975=EDGE_CURVE('',#1898,#236,#3974,.T.);
#3976=ORIENTED_EDGE('',*,*,#3975,.T.);
#3977=ORIENTED_EDGE('',*,*,#403,.F.);
#3978=ORIENTED_EDGE('',*,*,#3962,.F.);
#3979=EDGE_LOOP('',(#3972,#3976,#3977,#3978));
#3980=FACE_OUTER_BOUND('',#3979,.T.);
#3981=DIRECTION('',(-0.195090322,-0.98078528,0.));
#3982=AXIS2_PLACEMENT_3D('',#1899,#341,#3981);
#3983=PLANE('',#3982);
#3984=ADVANCED_FACE('',(#3980),#3983,.T.);
#3985=ORIENTED_EDGE('',*,*,#2035,.T.);
#3986=VECTOR('',#1679,1.);
#3987=LINE('',#1895,#3986);
#3988=EDGE_CURVE('',#1896,#238,#3987,.T.);
#3989=ORIENTED_EDGE('',*,*,#3988,.T.);
#3990=ORIENTED_EDGE('',*,*,#407,.F.);
#3991=ORIENTED_EDGE('',*,*,#3975,.F.);
#3992=EDGE_LOOP('',(#3985,#3989,#3990,#3991));
#3993=FACE_OUTER_BOUND('',#3992,.T.);
#3994=DIRECTION('',(-0.321439465,-0.946930129,0.));
#3995=AXIS2_PLACEMENT_3D('',#1897,#3846,#3994);
#3996=PLANE('',#3995);
#3997=ADVANCED_FACE('',(#3993),#3996,.T.);
#3998=ORIENTED_EDGE('',*,*,#2031,.T.);
#3999=VECTOR('',#1679,1.);
#4000=LINE('',#1893,#3999);
#4001=EDGE_CURVE('',#1894,#240,#4000,.T.);
#4002=ORIENTED_EDGE('',*,*,#4001,.T.);
#4003=ORIENTED_EDGE('',*,*,#411,.F.);
#4004=ORIENTED_EDGE('',*,*,#3988,.F.);
#4005=EDGE_LOOP('',(#3998,#4002,#4003,#4004));
#4006=FACE_OUTER_BOUND('',#4005,.T.);
#4007=DIRECTION('',(-0.44228869,-0.896872742,0.));
#4008=AXIS2_PLACEMENT_3D('',#1895,#1532,#4007);
#4009=PLANE('',#4008);
#4010=ADVANCED_FACE('',(#4006),#4009,.T.);
#4011=ORIENTED_EDGE('',*,*,#2027,.T.);
#4012=VECTOR('',#1679,1.);
#4013=LINE('',#1891,#4012);
#4014=EDGE_CURVE('',#1892,#242,#4013,.T.);
#4015=ORIENTED_EDGE('',*,*,#4014,.T.);
#4016=ORIENTED_EDGE('',*,*,#415,.F.);
#4017=ORIENTED_EDGE('',*,*,#4001,.F.);
#4018=EDGE_LOOP('',(#4011,#4015,#4016,#4017));
#4019=FACE_OUTER_BOUND('',#4018,.T.);
#4020=DIRECTION('',(-0.555570233,-0.831469612,0.));
#4021=AXIS2_PLACEMENT_3D('',#1893,#1537,#4020);
#4022=PLANE('',#4021);
#4023=ADVANCED_FACE('',(#4019),#4022,.T.);
#4024=ORIENTED_EDGE('',*,*,#2023,.T.);
#4025=VECTOR('',#1679,1.);
#4026=LINE('',#1889,#4025);
#4027=EDGE_CURVE('',#1890,#244,#4026,.T.);
#4028=ORIENTED_EDGE('',*,*,#4027,.T.);
#4029=ORIENTED_EDGE('',*,*,#419,.F.);
#4030=ORIENTED_EDGE('',*,*,#4014,.F.);
#4031=EDGE_LOOP('',(#4024,#4028,#4029,#4030));
#4032=FACE_OUTER_BOUND('',#4031,.T.);
#4033=DIRECTION('',(-0.659345815,-0.751839807,0.));
#4034=AXIS2_PLACEMENT_3D('',#1891,#1542,#4033);
#4035=PLANE('',#4034);
#4036=ADVANCED_FACE('',(#4032),#4035,.T.);
#4037=ORIENTED_EDGE('',*,*,#2019,.T.);
#4038=VECTOR('',#1679,1.);
#4039=LINE('',#1887,#4038);
#4040=EDGE_CURVE('',#1888,#246,#4039,.T.);
#4041=ORIENTED_EDGE('',*,*,#4040,.T.);
#4042=ORIENTED_EDGE('',*,*,#423,.F.);
#4043=ORIENTED_EDGE('',*,*,#4027,.F.);
#4044=EDGE_LOOP('',(#4037,#4041,#4042,#4043));
#4045=FACE_OUTER_BOUND('',#4044,.T.);
#4046=DIRECTION('',(-0.751839807,-0.659345815,0.));
#4047=AXIS2_PLACEMENT_3D('',#1889,#1547,#4046);
#4048=PLANE('',#4047);
#4049=ADVANCED_FACE('',(#4045),#4048,.T.);
#4050=ORIENTED_EDGE('',*,*,#2015,.T.);
#4051=VECTOR('',#1679,1.);
#4052=LINE('',#1885,#4051);
#4053=EDGE_CURVE('',#1886,#248,#4052,.T.);
#4054=ORIENTED_EDGE('',*,*,#4053,.T.);
#4055=ORIENTED_EDGE('',*,*,#427,.F.);
#4056=ORIENTED_EDGE('',*,*,#4040,.F.);
#4057=EDGE_LOOP('',(#4050,#4054,#4055,#4056));
#4058=FACE_OUTER_BOUND('',#4057,.T.);
#4059=DIRECTION('',(-0.831469612,-0.555570233,0.));
#4060=AXIS2_PLACEMENT_3D('',#1887,#1552,#4059);
#4061=PLANE('',#4060);
#4062=ADVANCED_FACE('',(#4058),#4061,.T.);
#4063=ORIENTED_EDGE('',*,*,#2011,.T.);
#4064=VECTOR('',#1679,1.);
#4065=LINE('',#1883,#4064);
#4066=EDGE_CURVE('',#1884,#250,#4065,.T.);
#4067=ORIENTED_EDGE('',*,*,#4066,.T.);
#4068=ORIENTED_EDGE('',*,*,#431,.F.);
#4069=ORIENTED_EDGE('',*,*,#4053,.F.);
#4070=EDGE_LOOP('',(#4063,#4067,#4068,#4069));
#4071=FACE_OUTER_BOUND('',#4070,.T.);
#4072=DIRECTION('',(-0.896872742,-0.44228869,0.));
#4073=AXIS2_PLACEMENT_3D('',#1885,#1557,#4072);
#4074=PLANE('',#4073);
#4075=ADVANCED_FACE('',(#4071),#4074,.T.);
#4076=ORIENTED_EDGE('',*,*,#2007,.T.);
#4077=VECTOR('',#1679,1.);
#4078=LINE('',#1881,#4077);
#4079=EDGE_CURVE('',#1882,#252,#4078,.T.);
#4080=ORIENTED_EDGE('',*,*,#4079,.T.);
#4081=ORIENTED_EDGE('',*,*,#435,.F.);
#4082=ORIENTED_EDGE('',*,*,#4066,.F.);
#4083=EDGE_LOOP('',(#4076,#4080,#4081,#4082));
#4084=FACE_OUTER_BOUND('',#4083,.T.);
#4085=DIRECTION('',(-0.946930129,-0.321439465,0.));
#4086=AXIS2_PLACEMENT_3D('',#1883,#3931,#4085);
#4087=PLANE('',#4086);
#4088=ADVANCED_FACE('',(#4084),#4087,.T.);
#4089=ORIENTED_EDGE('',*,*,#2003,.T.);
#4090=VECTOR('',#1679,1.);
#4091=LINE('',#1879,#4090);
#4092=EDGE_CURVE('',#1880,#254,#4091,.T.);
#4093=ORIENTED_EDGE('',*,*,#4092,.T.);
#4094=ORIENTED_EDGE('',*,*,#439,.F.);
#4095=ORIENTED_EDGE('',*,*,#4079,.F.);
#4096=EDGE_LOOP('',(#4089,#4093,#4094,#4095));
#4097=FACE_OUTER_BOUND('',#4096,.T.);
#4098=DIRECTION('',(-0.98078528,-0.195090322,0.));
#4099=AXIS2_PLACEMENT_3D('',#1881,#386,#4098);
#4100=PLANE('',#4099);
#4101=ADVANCED_FACE('',(#4097),#4100,.T.);
#4102=ORIENTED_EDGE('',*,*,#1999,.T.);
#4103=VECTOR('',#1679,1.);
#4104=LINE('',#1877,#4103);
#4105=EDGE_CURVE('',#1878,#256,#4104,.T.);
#4106=ORIENTED_EDGE('',*,*,#4105,.T.);
#4107=ORIENTED_EDGE('',*,*,#443,.F.);
#4108=ORIENTED_EDGE('',*,*,#4092,.F.);
#4109=EDGE_LOOP('',(#4102,#4106,#4107,#4108));
#4110=FACE_OUTER_BOUND('',#4109,.T.);
#4111=DIRECTION('',(-0.997858923,-0.0654031292,0.));
#4112=AXIS2_PLACEMENT_3D('',#1879,#1571,#4111);
#4113=PLANE('',#4112);
#4114=ADVANCED_FACE('',(#4110),#4113,.T.);
#4115=ORIENTED_EDGE('',*,*,#1995,.T.);
#4116=VECTOR('',#1679,1.);
#4117=LINE('',#1875,#4116);
#4118=EDGE_CURVE('',#1876,#258,#4117,.T.);
#4119=ORIENTED_EDGE('',*,*,#4118,.T.);
#4120=ORIENTED_EDGE('',*,*,#447,.F.);
#4121=ORIENTED_EDGE('',*,*,#4105,.F.);
#4122=EDGE_LOOP('',(#4115,#4119,#4120,#4121));
#4123=FACE_OUTER_BOUND('',#4122,.T.);
#4124=DIRECTION('',(-0.997858923,0.0654031292,0.));
#4125=AXIS2_PLACEMENT_3D('',#1877,#3968,#4124);
#4126=PLANE('',#4125);
#4127=ADVANCED_FACE('',(#4123),#4126,.T.);
#4128=ORIENTED_EDGE('',*,*,#1991,.T.);
#4129=VECTOR('',#1679,1.);
#4130=LINE('',#1873,#4129);
#4131=EDGE_CURVE('',#1874,#260,#4130,.T.);
#4132=ORIENTED_EDGE('',*,*,#4131,.T.);
#4133=ORIENTED_EDGE('',*,*,#451,.F.);
#4134=ORIENTED_EDGE('',*,*,#4118,.F.);
#4135=EDGE_LOOP('',(#4128,#4132,#4133,#4134));
#4136=FACE_OUTER_BOUND('',#4135,.T.);
#4137=AXIS2_PLACEMENT_3D('',#1875,#3981,#3677);
#4138=PLANE('',#4137);
#4139=ADVANCED_FACE('',(#4136),#4138,.T.);
#4140=ORIENTED_EDGE('',*,*,#1987,.T.);
#4141=VECTOR('',#1679,1.);
#4142=LINE('',#1871,#4141);
#4143=EDGE_CURVE('',#1872,#262,#4142,.T.);
#4144=ORIENTED_EDGE('',*,*,#4143,.T.);
#4145=ORIENTED_EDGE('',*,*,#455,.F.);
#4146=ORIENTED_EDGE('',*,*,#4131,.F.);
#4147=EDGE_LOOP('',(#4140,#4144,#4145,#4146));
#4148=FACE_OUTER_BOUND('',#4147,.T.);
#4149=AXIS2_PLACEMENT_3D('',#1873,#3994,#3690);
#4150=PLANE('',#4149);
#4151=ADVANCED_FACE('',(#4148),#4150,.T.);
#4152=ORIENTED_EDGE('',*,*,#1983,.T.);
#4153=VECTOR('',#1679,1.);
#4154=LINE('',#1869,#4153);
#4155=EDGE_CURVE('',#1870,#264,#4154,.T.);
#4156=ORIENTED_EDGE('',*,*,#4155,.T.);
#4157=ORIENTED_EDGE('',*,*,#459,.F.);
#4158=ORIENTED_EDGE('',*,*,#4143,.F.);
#4159=EDGE_LOOP('',(#4152,#4156,#4157,#4158));
#4160=FACE_OUTER_BOUND('',#4159,.T.);
#4161=AXIS2_PLACEMENT_3D('',#1871,#4007,#3704);
#4162=PLANE('',#4161);
#4163=ADVANCED_FACE('',(#4160),#4162,.T.);
#4164=ORIENTED_EDGE('',*,*,#1979,.T.);
#4165=VECTOR('',#1679,1.);
#4166=LINE('',#1867,#4165);
#4167=EDGE_CURVE('',#1868,#266,#4166,.T.);
#4168=ORIENTED_EDGE('',*,*,#4167,.T.);
#4169=ORIENTED_EDGE('',*,*,#463,.F.);
#4170=ORIENTED_EDGE('',*,*,#4155,.F.);
#4171=EDGE_LOOP('',(#4164,#4168,#4169,#4170));
#4172=FACE_OUTER_BOUND('',#4171,.T.);
#4173=AXIS2_PLACEMENT_3D('',#1869,#4020,#3717);
#4174=PLANE('',#4173);
#4175=ADVANCED_FACE('',(#4172),#4174,.T.);
#4176=ORIENTED_EDGE('',*,*,#1975,.T.);
#4177=VECTOR('',#1679,1.);
#4178=LINE('',#1865,#4177);
#4179=EDGE_CURVE('',#1866,#268,#4178,.T.);
#4180=ORIENTED_EDGE('',*,*,#4179,.T.);
#4181=ORIENTED_EDGE('',*,*,#467,.F.);
#4182=ORIENTED_EDGE('',*,*,#4167,.F.);
#4183=EDGE_LOOP('',(#4176,#4180,#4181,#4182));
#4184=FACE_OUTER_BOUND('',#4183,.T.);
#4185=AXIS2_PLACEMENT_3D('',#1867,#4033,#3730);
#4186=PLANE('',#4185);
#4187=ADVANCED_FACE('',(#4184),#4186,.T.);
#4188=ORIENTED_EDGE('',*,*,#1971,.T.);
#4189=VECTOR('',#1679,1.);
#4190=LINE('',#1863,#4189);
#4191=EDGE_CURVE('',#1864,#270,#4190,.T.);
#4192=ORIENTED_EDGE('',*,*,#4191,.T.);
#4193=ORIENTED_EDGE('',*,*,#471,.F.);
#4194=ORIENTED_EDGE('',*,*,#4179,.F.);
#4195=EDGE_LOOP('',(#4188,#4192,#4193,#4194));
#4196=FACE_OUTER_BOUND('',#4195,.T.);
#4197=AXIS2_PLACEMENT_3D('',#1865,#4046,#3743);
#4198=PLANE('',#4197);
#4199=ADVANCED_FACE('',(#4196),#4198,.T.);
#4200=ORIENTED_EDGE('',*,*,#1967,.T.);
#4201=VECTOR('',#1679,1.);
#4202=LINE('',#1861,#4201);
#4203=EDGE_CURVE('',#1862,#272,#4202,.T.);
#4204=ORIENTED_EDGE('',*,*,#4203,.T.);
#4205=ORIENTED_EDGE('',*,*,#475,.F.);
#4206=ORIENTED_EDGE('',*,*,#4191,.F.);
#4207=EDGE_LOOP('',(#4200,#4204,#4205,#4206));
#4208=FACE_OUTER_BOUND('',#4207,.T.);
#4209=AXIS2_PLACEMENT_3D('',#1863,#4059,#3756);
#4210=PLANE('',#4209);
#4211=ADVANCED_FACE('',(#4208),#4210,.T.);
#4212=ORIENTED_EDGE('',*,*,#1963,.T.);
#4213=VECTOR('',#1679,1.);
#4214=LINE('',#1859,#4213);
#4215=EDGE_CURVE('',#1860,#274,#4214,.T.);
#4216=ORIENTED_EDGE('',*,*,#4215,.T.);
#4217=ORIENTED_EDGE('',*,*,#479,.F.);
#4218=ORIENTED_EDGE('',*,*,#4203,.F.);
#4219=EDGE_LOOP('',(#4212,#4216,#4217,#4218));
#4220=FACE_OUTER_BOUND('',#4219,.T.);
#4221=AXIS2_PLACEMENT_3D('',#1861,#4072,#3769);
#4222=PLANE('',#4221);
#4223=ADVANCED_FACE('',(#4220),#4222,.T.);
#4224=ORIENTED_EDGE('',*,*,#1959,.T.);
#4225=VECTOR('',#1679,1.);
#4226=LINE('',#1857,#4225);
#4227=EDGE_CURVE('',#1858,#276,#4226,.T.);
#4228=ORIENTED_EDGE('',*,*,#4227,.T.);
#4229=ORIENTED_EDGE('',*,*,#483,.F.);
#4230=ORIENTED_EDGE('',*,*,#4215,.F.);
#4231=EDGE_LOOP('',(#4224,#4228,#4229,#4230));
#4232=FACE_OUTER_BOUND('',#4231,.T.);
#4233=AXIS2_PLACEMENT_3D('',#1859,#4085,#3782);
#4234=PLANE('',#4233);
#4235=ADVANCED_FACE('',(#4232),#4234,.T.);
#4236=ORIENTED_EDGE('',*,*,#1955,.T.);
#4237=VECTOR('',#1679,1.);
#4238=LINE('',#1855,#4237);
#4239=EDGE_CURVE('',#1856,#278,#4238,.T.);
#4240=ORIENTED_EDGE('',*,*,#4239,.T.);
#4241=ORIENTED_EDGE('',*,*,#487,.F.);
#4242=ORIENTED_EDGE('',*,*,#4227,.F.);
#4243=EDGE_LOOP('',(#4236,#4240,#4241,#4242));
#4244=FACE_OUTER_BOUND('',#4243,.T.);
#4245=AXIS2_PLACEMENT_3D('',#1857,#4098,#3796);
#4246=PLANE('',#4245);
#4247=ADVANCED_FACE('',(#4244),#4246,.T.);
#4248=ORIENTED_EDGE('',*,*,#1951,.T.);
#4249=VECTOR('',#1679,1.);
#4250=LINE('',#1853,#4249);
#4251=EDGE_CURVE('',#1854,#280,#4250,.T.);
#4252=ORIENTED_EDGE('',*,*,#4251,.T.);
#4253=ORIENTED_EDGE('',*,*,#491,.F.);
#4254=ORIENTED_EDGE('',*,*,#4239,.F.);
#4255=EDGE_LOOP('',(#4248,#4252,#4253,#4254));
#4256=FACE_OUTER_BOUND('',#4255,.T.);
#4257=AXIS2_PLACEMENT_3D('',#1855,#4111,#3809);
#4258=PLANE('',#4257);
#4259=ADVANCED_FACE('',(#4256),#4258,.T.);
#4260=ORIENTED_EDGE('',*,*,#2139,.F.);
#4261=ORIENTED_EDGE('',*,*,#3673,.T.);
#4262=ORIENTED_EDGE('',*,*,#495,.T.);
#4263=ORIENTED_EDGE('',*,*,#4251,.F.);
#4264=EDGE_LOOP('',(#4260,#4261,#4262,#4263));
#4265=FACE_OUTER_BOUND('',#4264,.T.);
#4266=AXIS2_PLACEMENT_3D('',#1853,#4124,#1576);
#4267=PLANE('',#4266);
#4268=ADVANCED_FACE('',(#4265),#4267,.T.);
#4269=ORIENTED_EDGE('',*,*,#2425,.F.);
#4270=VECTOR('',#1679,1.);
#4271=LINE('',#2235,#4270);
#4272=EDGE_CURVE('',#2236,#502,#4271,.T.);
#4273=ORIENTED_EDGE('',*,*,#4272,.T.);
#4274=ORIENTED_EDGE('',*,*,#597,.T.);
#4275=VECTOR('',#1679,1.);
#4276=LINE('',#2237,#4275);
#4277=EDGE_CURVE('',#2238,#500,#4276,.T.);
#4278=ORIENTED_EDGE('',*,*,#4277,.F.);
#4279=EDGE_LOOP('',(#4269,#4273,#4274,#4278));
#4280=FACE_OUTER_BOUND('',#4279,.T.);
#4281=AXIS2_PLACEMENT_3D('',#2237,#3677,#281);
#4282=PLANE('',#4281);
#4283=ADVANCED_FACE('',(#4280),#4282,.T.);
#4284=ORIENTED_EDGE('',*,*,#2421,.F.);
#4285=VECTOR('',#1679,1.);
#4286=LINE('',#2233,#4285);
#4287=EDGE_CURVE('',#2234,#504,#4286,.T.);
#4288=ORIENTED_EDGE('',*,*,#4287,.T.);
#4289=ORIENTED_EDGE('',*,*,#601,.T.);
#4290=ORIENTED_EDGE('',*,*,#4272,.F.);
#4291=EDGE_LOOP('',(#4284,#4288,#4289,#4290));
#4292=FACE_OUTER_BOUND('',#4291,.T.);
#4293=AXIS2_PLACEMENT_3D('',#2235,#3690,#3691);
#4294=PLANE('',#4293);
#4295=ADVANCED_FACE('',(#4292),#4294,.T.);
#4296=ORIENTED_EDGE('',*,*,#2417,.F.);
#4297=VECTOR('',#1679,1.);
#4298=LINE('',#2231,#4297);
#4299=EDGE_CURVE('',#2232,#506,#4298,.T.);
#4300=ORIENTED_EDGE('',*,*,#4299,.T.);
#4301=ORIENTED_EDGE('',*,*,#605,.T.);
#4302=ORIENTED_EDGE('',*,*,#4287,.F.);
#4303=EDGE_LOOP('',(#4296,#4300,#4301,#4302));
#4304=FACE_OUTER_BOUND('',#4303,.T.);
#4305=AXIS2_PLACEMENT_3D('',#2233,#3704,#1474);
#4306=PLANE('',#4305);
#4307=ADVANCED_FACE('',(#4304),#4306,.T.);
#4308=ORIENTED_EDGE('',*,*,#2413,.F.);
#4309=VECTOR('',#1679,1.);
#4310=LINE('',#2229,#4309);
#4311=EDGE_CURVE('',#2230,#508,#4310,.T.);
#4312=ORIENTED_EDGE('',*,*,#4311,.T.);
#4313=ORIENTED_EDGE('',*,*,#609,.T.);
#4314=ORIENTED_EDGE('',*,*,#4299,.F.);
#4315=EDGE_LOOP('',(#4308,#4312,#4313,#4314));
#4316=FACE_OUTER_BOUND('',#4315,.T.);
#4317=AXIS2_PLACEMENT_3D('',#2231,#3717,#1479);
#4318=PLANE('',#4317);
#4319=ADVANCED_FACE('',(#4316),#4318,.T.);
#4320=ORIENTED_EDGE('',*,*,#2409,.F.);
#4321=VECTOR('',#1679,1.);
#4322=LINE('',#2227,#4321);
#4323=EDGE_CURVE('',#2228,#510,#4322,.T.);
#4324=ORIENTED_EDGE('',*,*,#4323,.T.);
#4325=ORIENTED_EDGE('',*,*,#613,.T.);
#4326=ORIENTED_EDGE('',*,*,#4311,.F.);
#4327=EDGE_LOOP('',(#4320,#4324,#4325,#4326));
#4328=FACE_OUTER_BOUND('',#4327,.T.);
#4329=AXIS2_PLACEMENT_3D('',#2229,#3730,#1484);
#4330=PLANE('',#4329);
#4331=ADVANCED_FACE('',(#4328),#4330,.T.);
#4332=ORIENTED_EDGE('',*,*,#2405,.F.);
#4333=VECTOR('',#1679,1.);
#4334=LINE('',#2225,#4333);
#4335=EDGE_CURVE('',#2226,#512,#4334,.T.);
#4336=ORIENTED_EDGE('',*,*,#4335,.T.);
#4337=ORIENTED_EDGE('',*,*,#617,.T.);
#4338=ORIENTED_EDGE('',*,*,#4323,.F.);
#4339=EDGE_LOOP('',(#4332,#4336,#4337,#4338));
#4340=FACE_OUTER_BOUND('',#4339,.T.);
#4341=AXIS2_PLACEMENT_3D('',#2227,#3743,#1489);
#4342=PLANE('',#4341);
#4343=ADVANCED_FACE('',(#4340),#4342,.T.);
#4344=ORIENTED_EDGE('',*,*,#2401,.F.);
#4345=VECTOR('',#1679,1.);
#4346=LINE('',#2223,#4345);
#4347=EDGE_CURVE('',#2224,#514,#4346,.T.);
#4348=ORIENTED_EDGE('',*,*,#4347,.T.);
#4349=ORIENTED_EDGE('',*,*,#621,.T.);
#4350=ORIENTED_EDGE('',*,*,#4335,.F.);
#4351=EDGE_LOOP('',(#4344,#4348,#4349,#4350));
#4352=FACE_OUTER_BOUND('',#4351,.T.);
#4353=AXIS2_PLACEMENT_3D('',#2225,#3756,#1494);
#4354=PLANE('',#4353);
#4355=ADVANCED_FACE('',(#4352),#4354,.T.);
#4356=ORIENTED_EDGE('',*,*,#2397,.F.);
#4357=VECTOR('',#1679,1.);
#4358=LINE('',#2221,#4357);
#4359=EDGE_CURVE('',#2222,#516,#4358,.T.);
#4360=ORIENTED_EDGE('',*,*,#4359,.T.);
#4361=ORIENTED_EDGE('',*,*,#625,.T.);
#4362=ORIENTED_EDGE('',*,*,#4347,.F.);
#4363=EDGE_LOOP('',(#4356,#4360,#4361,#4362));
#4364=FACE_OUTER_BOUND('',#4363,.T.);
#4365=AXIS2_PLACEMENT_3D('',#2223,#3769,#1499);
#4366=PLANE('',#4365);
#4367=ADVANCED_FACE('',(#4364),#4366,.T.);
#4368=ORIENTED_EDGE('',*,*,#2393,.F.);
#4369=VECTOR('',#1679,1.);
#4370=LINE('',#2219,#4369);
#4371=EDGE_CURVE('',#2220,#518,#4370,.T.);
#4372=ORIENTED_EDGE('',*,*,#4371,.T.);
#4373=ORIENTED_EDGE('',*,*,#629,.T.);
#4374=ORIENTED_EDGE('',*,*,#4359,.F.);
#4375=EDGE_LOOP('',(#4368,#4372,#4373,#4374));
#4376=FACE_OUTER_BOUND('',#4375,.T.);
#4377=AXIS2_PLACEMENT_3D('',#2221,#3782,#3783);
#4378=PLANE('',#4377);
#4379=ADVANCED_FACE('',(#4376),#4378,.T.);
#4380=ORIENTED_EDGE('',*,*,#2389,.F.);
#4381=VECTOR('',#1679,1.);
#4382=LINE('',#2217,#4381);
#4383=EDGE_CURVE('',#2218,#520,#4382,.T.);
#4384=ORIENTED_EDGE('',*,*,#4383,.T.);
#4385=ORIENTED_EDGE('',*,*,#633,.T.);
#4386=ORIENTED_EDGE('',*,*,#4371,.F.);
#4387=EDGE_LOOP('',(#4380,#4384,#4385,#4386));
#4388=FACE_OUTER_BOUND('',#4387,.T.);
#4389=AXIS2_PLACEMENT_3D('',#2219,#3796,#326);
#4390=PLANE('',#4389);
#4391=ADVANCED_FACE('',(#4388),#4390,.T.);
#4392=ORIENTED_EDGE('',*,*,#2385,.F.);
#4393=VECTOR('',#1679,1.);
#4394=LINE('',#2215,#4393);
#4395=EDGE_CURVE('',#2216,#522,#4394,.T.);
#4396=ORIENTED_EDGE('',*,*,#4395,.T.);
#4397=ORIENTED_EDGE('',*,*,#637,.T.);
#4398=ORIENTED_EDGE('',*,*,#4383,.F.);
#4399=EDGE_LOOP('',(#4392,#4396,#4397,#4398));
#4400=FACE_OUTER_BOUND('',#4399,.T.);
#4401=AXIS2_PLACEMENT_3D('',#2217,#3809,#1513);
#4402=PLANE('',#4401);
#4403=ADVANCED_FACE('',(#4400),#4402,.T.);
#4404=ORIENTED_EDGE('',*,*,#2381,.F.);
#4405=VECTOR('',#1679,1.);
#4406=LINE('',#2213,#4405);
#4407=EDGE_CURVE('',#2214,#524,#4406,.T.);
#4408=ORIENTED_EDGE('',*,*,#4407,.T.);
#4409=ORIENTED_EDGE('',*,*,#641,.T.);
#4410=ORIENTED_EDGE('',*,*,#4395,.F.);
#4411=EDGE_LOOP('',(#4404,#4408,#4409,#4410));
#4412=FACE_OUTER_BOUND('',#4411,.T.);
#4413=AXIS2_PLACEMENT_3D('',#2215,#1576,#1518);
#4414=PLANE('',#4413);
#4415=ADVANCED_FACE('',(#4412),#4414,.T.);
#4416=ORIENTED_EDGE('',*,*,#2377,.F.);
#4417=VECTOR('',#1679,1.);
#4418=LINE('',#2211,#4417);
#4419=EDGE_CURVE('',#2212,#526,#4418,.T.);
#4420=ORIENTED_EDGE('',*,*,#4419,.T.);
#4421=ORIENTED_EDGE('',*,*,#645,.T.);
#4422=ORIENTED_EDGE('',*,*,#4407,.F.);
#4423=EDGE_LOOP('',(#4416,#4420,#4421,#4422));
#4424=FACE_OUTER_BOUND('',#4423,.T.);
#4425=AXIS2_PLACEMENT_3D('',#2213,#281,#341);
#4426=PLANE('',#4425);
#4427=ADVANCED_FACE('',(#4424),#4426,.T.);
#4428=ORIENTED_EDGE('',*,*,#2373,.F.);
#4429=VECTOR('',#1679,1.);
#4430=LINE('',#2209,#4429);
#4431=EDGE_CURVE('',#2210,#528,#4430,.T.);
#4432=ORIENTED_EDGE('',*,*,#4431,.T.);
#4433=ORIENTED_EDGE('',*,*,#649,.T.);
#4434=ORIENTED_EDGE('',*,*,#4419,.F.);
#4435=EDGE_LOOP('',(#4428,#4432,#4433,#4434));
#4436=FACE_OUTER_BOUND('',#4435,.T.);
#4437=AXIS2_PLACEMENT_3D('',#2211,#3691,#3846);
#4438=PLANE('',#4437);
#4439=ADVANCED_FACE('',(#4436),#4438,.T.);
#4440=ORIENTED_EDGE('',*,*,#2369,.F.);
#4441=VECTOR('',#1679,1.);
#4442=LINE('',#2207,#4441);
#4443=EDGE_CURVE('',#2208,#530,#4442,.T.);
#4444=ORIENTED_EDGE('',*,*,#4443,.T.);
#4445=ORIENTED_EDGE('',*,*,#653,.T.);
#4446=ORIENTED_EDGE('',*,*,#4431,.F.);
#4447=EDGE_LOOP('',(#4440,#4444,#4445,#4446));
#4448=FACE_OUTER_BOUND('',#4447,.T.);
#4449=AXIS2_PLACEMENT_3D('',#2209,#1474,#1532);
#4450=PLANE('',#4449);
#4451=ADVANCED_FACE('',(#4448),#4450,.T.);
#4452=ORIENTED_EDGE('',*,*,#2365,.F.);
#4453=VECTOR('',#1679,1.);
#4454=LINE('',#2205,#4453);
#4455=EDGE_CURVE('',#2206,#532,#4454,.T.);
#4456=ORIENTED_EDGE('',*,*,#4455,.T.);
#4457=ORIENTED_EDGE('',*,*,#657,.T.);
#4458=ORIENTED_EDGE('',*,*,#4443,.F.);
#4459=EDGE_LOOP('',(#4452,#4456,#4457,#4458));
#4460=FACE_OUTER_BOUND('',#4459,.T.);
#4461=AXIS2_PLACEMENT_3D('',#2207,#1479,#1537);
#4462=PLANE('',#4461);
#4463=ADVANCED_FACE('',(#4460),#4462,.T.);
#4464=ORIENTED_EDGE('',*,*,#2361,.F.);
#4465=VECTOR('',#1679,1.);
#4466=LINE('',#2203,#4465);
#4467=EDGE_CURVE('',#2204,#534,#4466,.T.);
#4468=ORIENTED_EDGE('',*,*,#4467,.T.);
#4469=ORIENTED_EDGE('',*,*,#661,.T.);
#4470=ORIENTED_EDGE('',*,*,#4455,.F.);
#4471=EDGE_LOOP('',(#4464,#4468,#4469,#4470));
#4472=FACE_OUTER_BOUND('',#4471,.T.);
#4473=AXIS2_PLACEMENT_3D('',#2205,#1484,#1542);
#4474=PLANE('',#4473);
#4475=ADVANCED_FACE('',(#4472),#4474,.T.);
#4476=ORIENTED_EDGE('',*,*,#2357,.F.);
#4477=VECTOR('',#1679,1.);
#4478=LINE('',#2201,#4477);
#4479=EDGE_CURVE('',#2202,#536,#4478,.T.);
#4480=ORIENTED_EDGE('',*,*,#4479,.T.);
#4481=ORIENTED_EDGE('',*,*,#665,.T.);
#4482=ORIENTED_EDGE('',*,*,#4467,.F.);
#4483=EDGE_LOOP('',(#4476,#4480,#4481,#4482));
#4484=FACE_OUTER_BOUND('',#4483,.T.);
#4485=AXIS2_PLACEMENT_3D('',#2203,#1489,#1547);
#4486=PLANE('',#4485);
#4487=ADVANCED_FACE('',(#4484),#4486,.T.);
#4488=ORIENTED_EDGE('',*,*,#2353,.F.);
#4489=VECTOR('',#1679,1.);
#4490=LINE('',#2199,#4489);
#4491=EDGE_CURVE('',#2200,#538,#4490,.T.);
#4492=ORIENTED_EDGE('',*,*,#4491,.T.);
#4493=ORIENTED_EDGE('',*,*,#669,.T.);
#4494=ORIENTED_EDGE('',*,*,#4479,.F.);
#4495=EDGE_LOOP('',(#4488,#4492,#4493,#4494));
#4496=FACE_OUTER_BOUND('',#4495,.T.);
#4497=AXIS2_PLACEMENT_3D('',#2201,#1494,#1552);
#4498=PLANE('',#4497);
#4499=ADVANCED_FACE('',(#4496),#4498,.T.);
#4500=ORIENTED_EDGE('',*,*,#2349,.F.);
#4501=VECTOR('',#1679,1.);
#4502=LINE('',#2197,#4501);
#4503=EDGE_CURVE('',#2198,#540,#4502,.T.);
#4504=ORIENTED_EDGE('',*,*,#4503,.T.);
#4505=ORIENTED_EDGE('',*,*,#673,.T.);
#4506=ORIENTED_EDGE('',*,*,#4491,.F.);
#4507=EDGE_LOOP('',(#4500,#4504,#4505,#4506));
#4508=FACE_OUTER_BOUND('',#4507,.T.);
#4509=AXIS2_PLACEMENT_3D('',#2199,#1499,#1557);
#4510=PLANE('',#4509);
#4511=ADVANCED_FACE('',(#4508),#4510,.T.);
#4512=ORIENTED_EDGE('',*,*,#2345,.F.);
#4513=VECTOR('',#1679,1.);
#4514=LINE('',#2195,#4513);
#4515=EDGE_CURVE('',#2196,#542,#4514,.T.);
#4516=ORIENTED_EDGE('',*,*,#4515,.T.);
#4517=ORIENTED_EDGE('',*,*,#677,.T.);
#4518=ORIENTED_EDGE('',*,*,#4503,.F.);
#4519=EDGE_LOOP('',(#4512,#4516,#4517,#4518));
#4520=FACE_OUTER_BOUND('',#4519,.T.);
#4521=AXIS2_PLACEMENT_3D('',#2197,#3783,#3931);
#4522=PLANE('',#4521);
#4523=ADVANCED_FACE('',(#4520),#4522,.T.);
#4524=ORIENTED_EDGE('',*,*,#2341,.F.);
#4525=VECTOR('',#1679,1.);
#4526=LINE('',#2193,#4525);
#4527=EDGE_CURVE('',#2194,#544,#4526,.T.);
#4528=ORIENTED_EDGE('',*,*,#4527,.T.);
#4529=ORIENTED_EDGE('',*,*,#681,.T.);
#4530=ORIENTED_EDGE('',*,*,#4515,.F.);
#4531=EDGE_LOOP('',(#4524,#4528,#4529,#4530));
#4532=FACE_OUTER_BOUND('',#4531,.T.);
#4533=AXIS2_PLACEMENT_3D('',#2195,#326,#386);
#4534=PLANE('',#4533);
#4535=ADVANCED_FACE('',(#4532),#4534,.T.);
#4536=ORIENTED_EDGE('',*,*,#2337,.F.);
#4537=VECTOR('',#1679,1.);
#4538=LINE('',#2191,#4537);
#4539=EDGE_CURVE('',#2192,#546,#4538,.T.);
#4540=ORIENTED_EDGE('',*,*,#4539,.T.);
#4541=ORIENTED_EDGE('',*,*,#685,.T.);
#4542=ORIENTED_EDGE('',*,*,#4527,.F.);
#4543=EDGE_LOOP('',(#4536,#4540,#4541,#4542));
#4544=FACE_OUTER_BOUND('',#4543,.T.);
#4545=AXIS2_PLACEMENT_3D('',#2193,#1513,#1571);
#4546=PLANE('',#4545);
#4547=ADVANCED_FACE('',(#4544),#4546,.T.);
#4548=ORIENTED_EDGE('',*,*,#2333,.T.);
#4549=VECTOR('',#1679,1.);
#4550=LINE('',#2189,#4549);
#4551=EDGE_CURVE('',#2190,#548,#4550,.T.);
#4552=ORIENTED_EDGE('',*,*,#4551,.T.);
#4553=ORIENTED_EDGE('',*,*,#689,.F.);
#4554=ORIENTED_EDGE('',*,*,#4539,.F.);
#4555=EDGE_LOOP('',(#4548,#4552,#4553,#4554));
#4556=FACE_OUTER_BOUND('',#4555,.T.);
#4557=AXIS2_PLACEMENT_3D('',#2191,#1518,#3968);
#4558=PLANE('',#4557);
#4559=ADVANCED_FACE('',(#4556),#4558,.T.);
#4560=ORIENTED_EDGE('',*,*,#2329,.T.);
#4561=VECTOR('',#1679,1.);
#4562=LINE('',#2187,#4561);
#4563=EDGE_CURVE('',#2188,#550,#4562,.T.);
#4564=ORIENTED_EDGE('',*,*,#4563,.T.);
#4565=ORIENTED_EDGE('',*,*,#693,.F.);
#4566=ORIENTED_EDGE('',*,*,#4551,.F.);
#4567=EDGE_LOOP('',(#4560,#4564,#4565,#4566));
#4568=FACE_OUTER_BOUND('',#4567,.T.);
#4569=AXIS2_PLACEMENT_3D('',#2189,#341,#3981);
#4570=PLANE('',#4569);
#4571=ADVANCED_FACE('',(#4568),#4570,.T.);
#4572=ORIENTED_EDGE('',*,*,#2325,.T.);
#4573=VECTOR('',#1679,1.);
#4574=LINE('',#2185,#4573);
#4575=EDGE_CURVE('',#2186,#552,#4574,.T.);
#4576=ORIENTED_EDGE('',*,*,#4575,.T.);
#4577=ORIENTED_EDGE('',*,*,#697,.F.);
#4578=ORIENTED_EDGE('',*,*,#4563,.F.);
#4579=EDGE_LOOP('',(#4572,#4576,#4577,#4578));
#4580=FACE_OUTER_BOUND('',#4579,.T.);
#4581=AXIS2_PLACEMENT_3D('',#2187,#3846,#3994);
#4582=PLANE('',#4581);
#4583=ADVANCED_FACE('',(#4580),#4582,.T.);
#4584=ORIENTED_EDGE('',*,*,#2321,.T.);
#4585=VECTOR('',#1679,1.);
#4586=LINE('',#2183,#4585);
#4587=EDGE_CURVE('',#2184,#554,#4586,.T.);
#4588=ORIENTED_EDGE('',*,*,#4587,.T.);
#4589=ORIENTED_EDGE('',*,*,#701,.F.);
#4590=ORIENTED_EDGE('',*,*,#4575,.F.);
#4591=EDGE_LOOP('',(#4584,#4588,#4589,#4590));
#4592=FACE_OUTER_BOUND('',#4591,.T.);
#4593=AXIS2_PLACEMENT_3D('',#2185,#1532,#4007);
#4594=PLANE('',#4593);
#4595=ADVANCED_FACE('',(#4592),#4594,.T.);
#4596=ORIENTED_EDGE('',*,*,#2317,.T.);
#4597=VECTOR('',#1679,1.);
#4598=LINE('',#2181,#4597);
#4599=EDGE_CURVE('',#2182,#556,#4598,.T.);
#4600=ORIENTED_EDGE('',*,*,#4599,.T.);
#4601=ORIENTED_EDGE('',*,*,#705,.F.);
#4602=ORIENTED_EDGE('',*,*,#4587,.F.);
#4603=EDGE_LOOP('',(#4596,#4600,#4601,#4602));
#4604=FACE_OUTER_BOUND('',#4603,.T.);
#4605=AXIS2_PLACEMENT_3D('',#2183,#1537,#4020);
#4606=PLANE('',#4605);
#4607=ADVANCED_FACE('',(#4604),#4606,.T.);
#4608=ORIENTED_EDGE('',*,*,#2313,.T.);
#4609=VECTOR('',#1679,1.);
#4610=LINE('',#2179,#4609);
#4611=EDGE_CURVE('',#2180,#558,#4610,.T.);
#4612=ORIENTED_EDGE('',*,*,#4611,.T.);
#4613=ORIENTED_EDGE('',*,*,#709,.F.);
#4614=ORIENTED_EDGE('',*,*,#4599,.F.);
#4615=EDGE_LOOP('',(#4608,#4612,#4613,#4614));
#4616=FACE_OUTER_BOUND('',#4615,.T.);
#4617=AXIS2_PLACEMENT_3D('',#2181,#1542,#4033);
#4618=PLANE('',#4617);
#4619=ADVANCED_FACE('',(#4616),#4618,.T.);
#4620=ORIENTED_EDGE('',*,*,#2309,.T.);
#4621=VECTOR('',#1679,1.);
#4622=LINE('',#2177,#4621);
#4623=EDGE_CURVE('',#2178,#560,#4622,.T.);
#4624=ORIENTED_EDGE('',*,*,#4623,.T.);
#4625=ORIENTED_EDGE('',*,*,#713,.F.);
#4626=ORIENTED_EDGE('',*,*,#4611,.F.);
#4627=EDGE_LOOP('',(#4620,#4624,#4625,#4626));
#4628=FACE_OUTER_BOUND('',#4627,.T.);
#4629=AXIS2_PLACEMENT_3D('',#2179,#1547,#4046);
#4630=PLANE('',#4629);
#4631=ADVANCED_FACE('',(#4628),#4630,.T.);
#4632=ORIENTED_EDGE('',*,*,#2305,.T.);
#4633=VECTOR('',#1679,1.);
#4634=LINE('',#2175,#4633);
#4635=EDGE_CURVE('',#2176,#562,#4634,.T.);
#4636=ORIENTED_EDGE('',*,*,#4635,.T.);
#4637=ORIENTED_EDGE('',*,*,#717,.F.);
#4638=ORIENTED_EDGE('',*,*,#4623,.F.);
#4639=EDGE_LOOP('',(#4632,#4636,#4637,#4638));
#4640=FACE_OUTER_BOUND('',#4639,.T.);
#4641=AXIS2_PLACEMENT_3D('',#2177,#1552,#4059);
#4642=PLANE('',#4641);
#4643=ADVANCED_FACE('',(#4640),#4642,.T.);
#4644=ORIENTED_EDGE('',*,*,#2301,.T.);
#4645=VECTOR('',#1679,1.);
#4646=LINE('',#2173,#4645);
#4647=EDGE_CURVE('',#2174,#564,#4646,.T.);
#4648=ORIENTED_EDGE('',*,*,#4647,.T.);
#4649=ORIENTED_EDGE('',*,*,#721,.F.);
#4650=ORIENTED_EDGE('',*,*,#4635,.F.);
#4651=EDGE_LOOP('',(#4644,#4648,#4649,#4650));
#4652=FACE_OUTER_BOUND('',#4651,.T.);
#4653=AXIS2_PLACEMENT_3D('',#2175,#1557,#4072);
#4654=PLANE('',#4653);
#4655=ADVANCED_FACE('',(#4652),#4654,.T.);
#4656=ORIENTED_EDGE('',*,*,#2297,.T.);
#4657=VECTOR('',#1679,1.);
#4658=LINE('',#2171,#4657);
#4659=EDGE_CURVE('',#2172,#566,#4658,.T.);
#4660=ORIENTED_EDGE('',*,*,#4659,.T.);
#4661=ORIENTED_EDGE('',*,*,#725,.F.);
#4662=ORIENTED_EDGE('',*,*,#4647,.F.);
#4663=EDGE_LOOP('',(#4656,#4660,#4661,#4662));
#4664=FACE_OUTER_BOUND('',#4663,.T.);
#4665=AXIS2_PLACEMENT_3D('',#2173,#3931,#4085);
#4666=PLANE('',#4665);
#4667=ADVANCED_FACE('',(#4664),#4666,.T.);
#4668=ORIENTED_EDGE('',*,*,#2293,.T.);
#4669=VECTOR('',#1679,1.);
#4670=LINE('',#2169,#4669);
#4671=EDGE_CURVE('',#2170,#568,#4670,.T.);
#4672=ORIENTED_EDGE('',*,*,#4671,.T.);
#4673=ORIENTED_EDGE('',*,*,#729,.F.);
#4674=ORIENTED_EDGE('',*,*,#4659,.F.);
#4675=EDGE_LOOP('',(#4668,#4672,#4673,#4674));
#4676=FACE_OUTER_BOUND('',#4675,.T.);
#4677=AXIS2_PLACEMENT_3D('',#2171,#386,#4098);
#4678=PLANE('',#4677);
#4679=ADVANCED_FACE('',(#4676),#4678,.T.);
#4680=ORIENTED_EDGE('',*,*,#2289,.T.);
#4681=VECTOR('',#1679,1.);
#4682=LINE('',#2167,#4681);
#4683=EDGE_CURVE('',#2168,#570,#4682,.T.);
#4684=ORIENTED_EDGE('',*,*,#4683,.T.);
#4685=ORIENTED_EDGE('',*,*,#733,.F.);
#4686=ORIENTED_EDGE('',*,*,#4671,.F.);
#4687=EDGE_LOOP('',(#4680,#4684,#4685,#4686));
#4688=FACE_OUTER_BOUND('',#4687,.T.);
#4689=AXIS2_PLACEMENT_3D('',#2169,#1571,#4111);
#4690=PLANE('',#4689);
#4691=ADVANCED_FACE('',(#4688),#4690,.T.);
#4692=ORIENTED_EDGE('',*,*,#2285,.T.);
#4693=VECTOR('',#1679,1.);
#4694=LINE('',#2165,#4693);
#4695=EDGE_CURVE('',#2166,#572,#4694,.T.);
#4696=ORIENTED_EDGE('',*,*,#4695,.T.);
#4697=ORIENTED_EDGE('',*,*,#737,.F.);
#4698=ORIENTED_EDGE('',*,*,#4683,.F.);
#4699=EDGE_LOOP('',(#4692,#4696,#4697,#4698));
#4700=FACE_OUTER_BOUND('',#4699,.T.);
#4701=AXIS2_PLACEMENT_3D('',#2167,#3968,#4124);
#4702=PLANE('',#4701);
#4703=ADVANCED_FACE('',(#4700),#4702,.T.);
#4704=ORIENTED_EDGE('',*,*,#2281,.T.);
#4705=VECTOR('',#1679,1.);
#4706=LINE('',#2163,#4705);
#4707=EDGE_CURVE('',#2164,#574,#4706,.T.);
#4708=ORIENTED_EDGE('',*,*,#4707,.T.);
#4709=ORIENTED_EDGE('',*,*,#741,.F.);
#4710=ORIENTED_EDGE('',*,*,#4695,.F.);
#4711=EDGE_LOOP('',(#4704,#4708,#4709,#4710));
#4712=FACE_OUTER_BOUND('',#4711,.T.);
#4713=AXIS2_PLACEMENT_3D('',#2165,#3981,#3677);
#4714=PLANE('',#4713);
#4715=ADVANCED_FACE('',(#4712),#4714,.T.);
#4716=ORIENTED_EDGE('',*,*,#2277,.T.);
#4717=VECTOR('',#1679,1.);
#4718=LINE('',#2161,#4717);
#4719=EDGE_CURVE('',#2162,#576,#4718,.T.);
#4720=ORIENTED_EDGE('',*,*,#4719,.T.);
#4721=ORIENTED_EDGE('',*,*,#745,.F.);
#4722=ORIENTED_EDGE('',*,*,#4707,.F.);
#4723=EDGE_LOOP('',(#4716,#4720,#4721,#4722));
#4724=FACE_OUTER_BOUND('',#4723,.T.);
#4725=AXIS2_PLACEMENT_3D('',#2163,#3994,#3690);
#4726=PLANE('',#4725);
#4727=ADVANCED_FACE('',(#4724),#4726,.T.);
#4728=ORIENTED_EDGE('',*,*,#2273,.T.);
#4729=VECTOR('',#1679,1.);
#4730=LINE('',#2159,#4729);
#4731=EDGE_CURVE('',#2160,#578,#4730,.T.);
#4732=ORIENTED_EDGE('',*,*,#4731,.T.);
#4733=ORIENTED_EDGE('',*,*,#749,.F.);
#4734=ORIENTED_EDGE('',*,*,#4719,.F.);
#4735=EDGE_LOOP('',(#4728,#4732,#4733,#4734));
#4736=FACE_OUTER_BOUND('',#4735,.T.);
#4737=AXIS2_PLACEMENT_3D('',#2161,#4007,#3704);
#4738=PLANE('',#4737);
#4739=ADVANCED_FACE('',(#4736),#4738,.T.);
#4740=ORIENTED_EDGE('',*,*,#2269,.T.);
#4741=VECTOR('',#1679,1.);
#4742=LINE('',#2157,#4741);
#4743=EDGE_CURVE('',#2158,#580,#4742,.T.);
#4744=ORIENTED_EDGE('',*,*,#4743,.T.);
#4745=ORIENTED_EDGE('',*,*,#753,.F.);
#4746=ORIENTED_EDGE('',*,*,#4731,.F.);
#4747=EDGE_LOOP('',(#4740,#4744,#4745,#4746));
#4748=FACE_OUTER_BOUND('',#4747,.T.);
#4749=AXIS2_PLACEMENT_3D('',#2159,#4020,#3717);
#4750=PLANE('',#4749);
#4751=ADVANCED_FACE('',(#4748),#4750,.T.);
#4752=ORIENTED_EDGE('',*,*,#2265,.T.);
#4753=VECTOR('',#1679,1.);
#4754=LINE('',#2155,#4753);
#4755=EDGE_CURVE('',#2156,#582,#4754,.T.);
#4756=ORIENTED_EDGE('',*,*,#4755,.T.);
#4757=ORIENTED_EDGE('',*,*,#757,.F.);
#4758=ORIENTED_EDGE('',*,*,#4743,.F.);
#4759=EDGE_LOOP('',(#4752,#4756,#4757,#4758));
#4760=FACE_OUTER_BOUND('',#4759,.T.);
#4761=AXIS2_PLACEMENT_3D('',#2157,#4033,#3730);
#4762=PLANE('',#4761);
#4763=ADVANCED_FACE('',(#4760),#4762,.T.);
#4764=ORIENTED_EDGE('',*,*,#2261,.T.);
#4765=VECTOR('',#1679,1.);
#4766=LINE('',#2153,#4765);
#4767=EDGE_CURVE('',#2154,#584,#4766,.T.);
#4768=ORIENTED_EDGE('',*,*,#4767,.T.);
#4769=ORIENTED_EDGE('',*,*,#761,.F.);
#4770=ORIENTED_EDGE('',*,*,#4755,.F.);
#4771=EDGE_LOOP('',(#4764,#4768,#4769,#4770));
#4772=FACE_OUTER_BOUND('',#4771,.T.);
#4773=AXIS2_PLACEMENT_3D('',#2155,#4046,#3743);
#4774=PLANE('',#4773);
#4775=ADVANCED_FACE('',(#4772),#4774,.T.);
#4776=ORIENTED_EDGE('',*,*,#2257,.T.);
#4777=VECTOR('',#1679,1.);
#4778=LINE('',#2151,#4777);
#4779=EDGE_CURVE('',#2152,#586,#4778,.T.);
#4780=ORIENTED_EDGE('',*,*,#4779,.T.);
#4781=ORIENTED_EDGE('',*,*,#765,.F.);
#4782=ORIENTED_EDGE('',*,*,#4767,.F.);
#4783=EDGE_LOOP('',(#4776,#4780,#4781,#4782));
#4784=FACE_OUTER_BOUND('',#4783,.T.);
#4785=AXIS2_PLACEMENT_3D('',#2153,#4059,#3756);
#4786=PLANE('',#4785);
#4787=ADVANCED_FACE('',(#4784),#4786,.T.);
#4788=ORIENTED_EDGE('',*,*,#2253,.T.);
#4789=VECTOR('',#1679,1.);
#4790=LINE('',#2149,#4789);
#4791=EDGE_CURVE('',#2150,#588,#4790,.T.);
#4792=ORIENTED_EDGE('',*,*,#4791,.T.);
#4793=ORIENTED_EDGE('',*,*,#769,.F.);
#4794=ORIENTED_EDGE('',*,*,#4779,.F.);
#4795=EDGE_LOOP('',(#4788,#4792,#4793,#4794));
#4796=FACE_OUTER_BOUND('',#4795,.T.);
#4797=AXIS2_PLACEMENT_3D('',#2151,#4072,#3769);
#4798=PLANE('',#4797);
#4799=ADVANCED_FACE('',(#4796),#4798,.T.);
#4800=ORIENTED_EDGE('',*,*,#2249,.T.);
#4801=VECTOR('',#1679,1.);
#4802=LINE('',#2147,#4801);
#4803=EDGE_CURVE('',#2148,#590,#4802,.T.);
#4804=ORIENTED_EDGE('',*,*,#4803,.T.);
#4805=ORIENTED_EDGE('',*,*,#773,.F.);
#4806=ORIENTED_EDGE('',*,*,#4791,.F.);
#4807=EDGE_LOOP('',(#4800,#4804,#4805,#4806));
#4808=FACE_OUTER_BOUND('',#4807,.T.);
#4809=AXIS2_PLACEMENT_3D('',#2149,#4085,#3782);
#4810=PLANE('',#4809);
#4811=ADVANCED_FACE('',(#4808),#4810,.T.);
#4812=ORIENTED_EDGE('',*,*,#2245,.T.);
#4813=VECTOR('',#1679,1.);
#4814=LINE('',#2145,#4813);
#4815=EDGE_CURVE('',#2146,#592,#4814,.T.);
#4816=ORIENTED_EDGE('',*,*,#4815,.T.);
#4817=ORIENTED_EDGE('',*,*,#777,.F.);
#4818=ORIENTED_EDGE('',*,*,#4803,.F.);
#4819=EDGE_LOOP('',(#4812,#4816,#4817,#4818));
#4820=FACE_OUTER_BOUND('',#4819,.T.);
#4821=AXIS2_PLACEMENT_3D('',#2147,#4098,#3796);
#4822=PLANE('',#4821);
#4823=ADVANCED_FACE('',(#4820),#4822,.T.);
#4824=ORIENTED_EDGE('',*,*,#2241,.T.);
#4825=VECTOR('',#1679,1.);
#4826=LINE('',#2143,#4825);
#4827=EDGE_CURVE('',#2144,#594,#4826,.T.);
#4828=ORIENTED_EDGE('',*,*,#4827,.T.);
#4829=ORIENTED_EDGE('',*,*,#781,.F.);
#4830=ORIENTED_EDGE('',*,*,#4815,.F.);
#4831=EDGE_LOOP('',(#4824,#4828,#4829,#4830));
#4832=FACE_OUTER_BOUND('',#4831,.T.);
#4833=AXIS2_PLACEMENT_3D('',#2145,#4111,#3809);
#4834=PLANE('',#4833);
#4835=ADVANCED_FACE('',(#4832),#4834,.T.);
#4836=ORIENTED_EDGE('',*,*,#2429,.F.);
#4837=ORIENTED_EDGE('',*,*,#4277,.T.);
#4838=ORIENTED_EDGE('',*,*,#785,.T.);
#4839=ORIENTED_EDGE('',*,*,#4827,.F.);
#4840=EDGE_LOOP('',(#4836,#4837,#4838,#4839));
#4841=FACE_OUTER_BOUND('',#4840,.T.);
#4842=AXIS2_PLACEMENT_3D('',#2143,#4124,#1576);
#4843=PLANE('',#4842);
#4844=ADVANCED_FACE('',(#4841),#4843,.T.);
#4845=ORIENTED_EDGE('',*,*,#2715,.F.);
#4846=VECTOR('',#1679,1.);
#4847=LINE('',#2525,#4846);
#4848=EDGE_CURVE('',#2526,#792,#4847,.T.);
#4849=ORIENTED_EDGE('',*,*,#4848,.T.);
#4850=ORIENTED_EDGE('',*,*,#887,.T.);
#4851=VECTOR('',#1679,1.);
#4852=LINE('',#2527,#4851);
#4853=EDGE_CURVE('',#2528,#790,#4852,.T.);
#4854=ORIENTED_EDGE('',*,*,#4853,.F.);
#4855=EDGE_LOOP('',(#4845,#4849,#4850,#4854));
#4856=FACE_OUTER_BOUND('',#4855,.T.);
#4857=AXIS2_PLACEMENT_3D('',#2527,#3677,#281);
#4858=PLANE('',#4857);
#4859=ADVANCED_FACE('',(#4856),#4858,.T.);
#4860=ORIENTED_EDGE('',*,*,#2711,.F.);
#4861=VECTOR('',#1679,1.);
#4862=LINE('',#2523,#4861);
#4863=EDGE_CURVE('',#2524,#794,#4862,.T.);
#4864=ORIENTED_EDGE('',*,*,#4863,.T.);
#4865=ORIENTED_EDGE('',*,*,#891,.T.);
#4866=ORIENTED_EDGE('',*,*,#4848,.F.);
#4867=EDGE_LOOP('',(#4860,#4864,#4865,#4866));
#4868=FACE_OUTER_BOUND('',#4867,.T.);
#4869=AXIS2_PLACEMENT_3D('',#2525,#3690,#3691);
#4870=PLANE('',#4869);
#4871=ADVANCED_FACE('',(#4868),#4870,.T.);
#4872=ORIENTED_EDGE('',*,*,#2707,.F.);
#4873=VECTOR('',#1679,1.);
#4874=LINE('',#2521,#4873);
#4875=EDGE_CURVE('',#2522,#796,#4874,.T.);
#4876=ORIENTED_EDGE('',*,*,#4875,.T.);
#4877=ORIENTED_EDGE('',*,*,#895,.T.);
#4878=ORIENTED_EDGE('',*,*,#4863,.F.);
#4879=EDGE_LOOP('',(#4872,#4876,#4877,#4878));
#4880=FACE_OUTER_BOUND('',#4879,.T.);
#4881=AXIS2_PLACEMENT_3D('',#2523,#3704,#1474);
#4882=PLANE('',#4881);
#4883=ADVANCED_FACE('',(#4880),#4882,.T.);
#4884=ORIENTED_EDGE('',*,*,#2703,.F.);
#4885=VECTOR('',#1679,1.);
#4886=LINE('',#2519,#4885);
#4887=EDGE_CURVE('',#2520,#798,#4886,.T.);
#4888=ORIENTED_EDGE('',*,*,#4887,.T.);
#4889=ORIENTED_EDGE('',*,*,#899,.T.);
#4890=ORIENTED_EDGE('',*,*,#4875,.F.);
#4891=EDGE_LOOP('',(#4884,#4888,#4889,#4890));
#4892=FACE_OUTER_BOUND('',#4891,.T.);
#4893=AXIS2_PLACEMENT_3D('',#2521,#3717,#1479);
#4894=PLANE('',#4893);
#4895=ADVANCED_FACE('',(#4892),#4894,.T.);
#4896=ORIENTED_EDGE('',*,*,#2699,.F.);
#4897=VECTOR('',#1679,1.);
#4898=LINE('',#2517,#4897);
#4899=EDGE_CURVE('',#2518,#800,#4898,.T.);
#4900=ORIENTED_EDGE('',*,*,#4899,.T.);
#4901=ORIENTED_EDGE('',*,*,#903,.T.);
#4902=ORIENTED_EDGE('',*,*,#4887,.F.);
#4903=EDGE_LOOP('',(#4896,#4900,#4901,#4902));
#4904=FACE_OUTER_BOUND('',#4903,.T.);
#4905=AXIS2_PLACEMENT_3D('',#2519,#3730,#1484);
#4906=PLANE('',#4905);
#4907=ADVANCED_FACE('',(#4904),#4906,.T.);
#4908=ORIENTED_EDGE('',*,*,#2695,.F.);
#4909=VECTOR('',#1679,1.);
#4910=LINE('',#2515,#4909);
#4911=EDGE_CURVE('',#2516,#802,#4910,.T.);
#4912=ORIENTED_EDGE('',*,*,#4911,.T.);
#4913=ORIENTED_EDGE('',*,*,#907,.T.);
#4914=ORIENTED_EDGE('',*,*,#4899,.F.);
#4915=EDGE_LOOP('',(#4908,#4912,#4913,#4914));
#4916=FACE_OUTER_BOUND('',#4915,.T.);
#4917=AXIS2_PLACEMENT_3D('',#2517,#3743,#1489);
#4918=PLANE('',#4917);
#4919=ADVANCED_FACE('',(#4916),#4918,.T.);
#4920=ORIENTED_EDGE('',*,*,#2691,.F.);
#4921=VECTOR('',#1679,1.);
#4922=LINE('',#2513,#4921);
#4923=EDGE_CURVE('',#2514,#804,#4922,.T.);
#4924=ORIENTED_EDGE('',*,*,#4923,.T.);
#4925=ORIENTED_EDGE('',*,*,#911,.T.);
#4926=ORIENTED_EDGE('',*,*,#4911,.F.);
#4927=EDGE_LOOP('',(#4920,#4924,#4925,#4926));
#4928=FACE_OUTER_BOUND('',#4927,.T.);
#4929=AXIS2_PLACEMENT_3D('',#2515,#3756,#1494);
#4930=PLANE('',#4929);
#4931=ADVANCED_FACE('',(#4928),#4930,.T.);
#4932=ORIENTED_EDGE('',*,*,#2687,.F.);
#4933=VECTOR('',#1679,1.);
#4934=LINE('',#2511,#4933);
#4935=EDGE_CURVE('',#2512,#806,#4934,.T.);
#4936=ORIENTED_EDGE('',*,*,#4935,.T.);
#4937=ORIENTED_EDGE('',*,*,#915,.T.);
#4938=ORIENTED_EDGE('',*,*,#4923,.F.);
#4939=EDGE_LOOP('',(#4932,#4936,#4937,#4938));
#4940=FACE_OUTER_BOUND('',#4939,.T.);
#4941=AXIS2_PLACEMENT_3D('',#2513,#3769,#1499);
#4942=PLANE('',#4941);
#4943=ADVANCED_FACE('',(#4940),#4942,.T.);
#4944=ORIENTED_EDGE('',*,*,#2683,.F.);
#4945=VECTOR('',#1679,1.);
#4946=LINE('',#2509,#4945);
#4947=EDGE_CURVE('',#2510,#808,#4946,.T.);
#4948=ORIENTED_EDGE('',*,*,#4947,.T.);
#4949=ORIENTED_EDGE('',*,*,#919,.T.);
#4950=ORIENTED_EDGE('',*,*,#4935,.F.);
#4951=EDGE_LOOP('',(#4944,#4948,#4949,#4950));
#4952=FACE_OUTER_BOUND('',#4951,.T.);
#4953=AXIS2_PLACEMENT_3D('',#2511,#3782,#3783);
#4954=PLANE('',#4953);
#4955=ADVANCED_FACE('',(#4952),#4954,.T.);
#4956=ORIENTED_EDGE('',*,*,#2679,.F.);
#4957=VECTOR('',#1679,1.);
#4958=LINE('',#2507,#4957);
#4959=EDGE_CURVE('',#2508,#810,#4958,.T.);
#4960=ORIENTED_EDGE('',*,*,#4959,.T.);
#4961=ORIENTED_EDGE('',*,*,#923,.T.);
#4962=ORIENTED_EDGE('',*,*,#4947,.F.);
#4963=EDGE_LOOP('',(#4956,#4960,#4961,#4962));
#4964=FACE_OUTER_BOUND('',#4963,.T.);
#4965=AXIS2_PLACEMENT_3D('',#2509,#3796,#326);
#4966=PLANE('',#4965);
#4967=ADVANCED_FACE('',(#4964),#4966,.T.);
#4968=ORIENTED_EDGE('',*,*,#2675,.F.);
#4969=VECTOR('',#1679,1.);
#4970=LINE('',#2505,#4969);
#4971=EDGE_CURVE('',#2506,#812,#4970,.T.);
#4972=ORIENTED_EDGE('',*,*,#4971,.T.);
#4973=ORIENTED_EDGE('',*,*,#927,.T.);
#4974=ORIENTED_EDGE('',*,*,#4959,.F.);
#4975=EDGE_LOOP('',(#4968,#4972,#4973,#4974));
#4976=FACE_OUTER_BOUND('',#4975,.T.);
#4977=AXIS2_PLACEMENT_3D('',#2507,#3809,#1513);
#4978=PLANE('',#4977);
#4979=ADVANCED_FACE('',(#4976),#4978,.T.);
#4980=ORIENTED_EDGE('',*,*,#2671,.F.);
#4981=VECTOR('',#1679,1.);
#4982=LINE('',#2503,#4981);
#4983=EDGE_CURVE('',#2504,#814,#4982,.T.);
#4984=ORIENTED_EDGE('',*,*,#4983,.T.);
#4985=ORIENTED_EDGE('',*,*,#931,.T.);
#4986=ORIENTED_EDGE('',*,*,#4971,.F.);
#4987=EDGE_LOOP('',(#4980,#4984,#4985,#4986));
#4988=FACE_OUTER_BOUND('',#4987,.T.);
#4989=AXIS2_PLACEMENT_3D('',#2505,#1576,#1518);
#4990=PLANE('',#4989);
#4991=ADVANCED_FACE('',(#4988),#4990,.T.);
#4992=ORIENTED_EDGE('',*,*,#2667,.F.);
#4993=VECTOR('',#1679,1.);
#4994=LINE('',#2501,#4993);
#4995=EDGE_CURVE('',#2502,#816,#4994,.T.);
#4996=ORIENTED_EDGE('',*,*,#4995,.T.);
#4997=ORIENTED_EDGE('',*,*,#935,.T.);
#4998=ORIENTED_EDGE('',*,*,#4983,.F.);
#4999=EDGE_LOOP('',(#4992,#4996,#4997,#4998));
#5000=FACE_OUTER_BOUND('',#4999,.T.);
#5001=AXIS2_PLACEMENT_3D('',#2503,#281,#341);
#5002=PLANE('',#5001);
#5003=ADVANCED_FACE('',(#5000),#5002,.T.);
#5004=ORIENTED_EDGE('',*,*,#2663,.F.);
#5005=VECTOR('',#1679,1.);
#5006=LINE('',#2499,#5005);
#5007=EDGE_CURVE('',#2500,#818,#5006,.T.);
#5008=ORIENTED_EDGE('',*,*,#5007,.T.);
#5009=ORIENTED_EDGE('',*,*,#939,.T.);
#5010=ORIENTED_EDGE('',*,*,#4995,.F.);
#5011=EDGE_LOOP('',(#5004,#5008,#5009,#5010));
#5012=FACE_OUTER_BOUND('',#5011,.T.);
#5013=AXIS2_PLACEMENT_3D('',#2501,#3691,#3846);
#5014=PLANE('',#5013);
#5015=ADVANCED_FACE('',(#5012),#5014,.T.);
#5016=ORIENTED_EDGE('',*,*,#2659,.F.);
#5017=VECTOR('',#1679,1.);
#5018=LINE('',#2497,#5017);
#5019=EDGE_CURVE('',#2498,#820,#5018,.T.);
#5020=ORIENTED_EDGE('',*,*,#5019,.T.);
#5021=ORIENTED_EDGE('',*,*,#943,.T.);
#5022=ORIENTED_EDGE('',*,*,#5007,.F.);
#5023=EDGE_LOOP('',(#5016,#5020,#5021,#5022));
#5024=FACE_OUTER_BOUND('',#5023,.T.);
#5025=AXIS2_PLACEMENT_3D('',#2499,#1474,#1532);
#5026=PLANE('',#5025);
#5027=ADVANCED_FACE('',(#5024),#5026,.T.);
#5028=ORIENTED_EDGE('',*,*,#2655,.F.);
#5029=VECTOR('',#1679,1.);
#5030=LINE('',#2495,#5029);
#5031=EDGE_CURVE('',#2496,#822,#5030,.T.);
#5032=ORIENTED_EDGE('',*,*,#5031,.T.);
#5033=ORIENTED_EDGE('',*,*,#947,.T.);
#5034=ORIENTED_EDGE('',*,*,#5019,.F.);
#5035=EDGE_LOOP('',(#5028,#5032,#5033,#5034));
#5036=FACE_OUTER_BOUND('',#5035,.T.);
#5037=AXIS2_PLACEMENT_3D('',#2497,#1479,#1537);
#5038=PLANE('',#5037);
#5039=ADVANCED_FACE('',(#5036),#5038,.T.);
#5040=ORIENTED_EDGE('',*,*,#2651,.F.);
#5041=VECTOR('',#1679,1.);
#5042=LINE('',#2493,#5041);
#5043=EDGE_CURVE('',#2494,#824,#5042,.T.);
#5044=ORIENTED_EDGE('',*,*,#5043,.T.);
#5045=ORIENTED_EDGE('',*,*,#951,.T.);
#5046=ORIENTED_EDGE('',*,*,#5031,.F.);
#5047=EDGE_LOOP('',(#5040,#5044,#5045,#5046));
#5048=FACE_OUTER_BOUND('',#5047,.T.);
#5049=AXIS2_PLACEMENT_3D('',#2495,#1484,#1542);
#5050=PLANE('',#5049);
#5051=ADVANCED_FACE('',(#5048),#5050,.T.);
#5052=ORIENTED_EDGE('',*,*,#2647,.F.);
#5053=VECTOR('',#1679,1.);
#5054=LINE('',#2491,#5053);
#5055=EDGE_CURVE('',#2492,#826,#5054,.T.);
#5056=ORIENTED_EDGE('',*,*,#5055,.T.);
#5057=ORIENTED_EDGE('',*,*,#955,.T.);
#5058=ORIENTED_EDGE('',*,*,#5043,.F.);
#5059=EDGE_LOOP('',(#5052,#5056,#5057,#5058));
#5060=FACE_OUTER_BOUND('',#5059,.T.);
#5061=AXIS2_PLACEMENT_3D('',#2493,#1489,#1547);
#5062=PLANE('',#5061);
#5063=ADVANCED_FACE('',(#5060),#5062,.T.);
#5064=ORIENTED_EDGE('',*,*,#2643,.F.);
#5065=VECTOR('',#1679,1.);
#5066=LINE('',#2489,#5065);
#5067=EDGE_CURVE('',#2490,#828,#5066,.T.);
#5068=ORIENTED_EDGE('',*,*,#5067,.T.);
#5069=ORIENTED_EDGE('',*,*,#959,.T.);
#5070=ORIENTED_EDGE('',*,*,#5055,.F.);
#5071=EDGE_LOOP('',(#5064,#5068,#5069,#5070));
#5072=FACE_OUTER_BOUND('',#5071,.T.);
#5073=AXIS2_PLACEMENT_3D('',#2491,#1494,#1552);
#5074=PLANE('',#5073);
#5075=ADVANCED_FACE('',(#5072),#5074,.T.);
#5076=ORIENTED_EDGE('',*,*,#2639,.F.);
#5077=VECTOR('',#1679,1.);
#5078=LINE('',#2487,#5077);
#5079=EDGE_CURVE('',#2488,#830,#5078,.T.);
#5080=ORIENTED_EDGE('',*,*,#5079,.T.);
#5081=ORIENTED_EDGE('',*,*,#963,.T.);
#5082=ORIENTED_EDGE('',*,*,#5067,.F.);
#5083=EDGE_LOOP('',(#5076,#5080,#5081,#5082));
#5084=FACE_OUTER_BOUND('',#5083,.T.);
#5085=AXIS2_PLACEMENT_3D('',#2489,#1499,#1557);
#5086=PLANE('',#5085);
#5087=ADVANCED_FACE('',(#5084),#5086,.T.);
#5088=ORIENTED_EDGE('',*,*,#2635,.F.);
#5089=VECTOR('',#1679,1.);
#5090=LINE('',#2485,#5089);
#5091=EDGE_CURVE('',#2486,#832,#5090,.T.);
#5092=ORIENTED_EDGE('',*,*,#5091,.T.);
#5093=ORIENTED_EDGE('',*,*,#967,.T.);
#5094=ORIENTED_EDGE('',*,*,#5079,.F.);
#5095=EDGE_LOOP('',(#5088,#5092,#5093,#5094));
#5096=FACE_OUTER_BOUND('',#5095,.T.);
#5097=AXIS2_PLACEMENT_3D('',#2487,#3783,#3931);
#5098=PLANE('',#5097);
#5099=ADVANCED_FACE('',(#5096),#5098,.T.);
#5100=ORIENTED_EDGE('',*,*,#2631,.F.);
#5101=VECTOR('',#1679,1.);
#5102=LINE('',#2483,#5101);
#5103=EDGE_CURVE('',#2484,#834,#5102,.T.);
#5104=ORIENTED_EDGE('',*,*,#5103,.T.);
#5105=ORIENTED_EDGE('',*,*,#971,.T.);
#5106=ORIENTED_EDGE('',*,*,#5091,.F.);
#5107=EDGE_LOOP('',(#5100,#5104,#5105,#5106));
#5108=FACE_OUTER_BOUND('',#5107,.T.);
#5109=AXIS2_PLACEMENT_3D('',#2485,#326,#386);
#5110=PLANE('',#5109);
#5111=ADVANCED_FACE('',(#5108),#5110,.T.);
#5112=ORIENTED_EDGE('',*,*,#2627,.F.);
#5113=VECTOR('',#1679,1.);
#5114=LINE('',#2481,#5113);
#5115=EDGE_CURVE('',#2482,#836,#5114,.T.);
#5116=ORIENTED_EDGE('',*,*,#5115,.T.);
#5117=ORIENTED_EDGE('',*,*,#975,.T.);
#5118=ORIENTED_EDGE('',*,*,#5103,.F.);
#5119=EDGE_LOOP('',(#5112,#5116,#5117,#5118));
#5120=FACE_OUTER_BOUND('',#5119,.T.);
#5121=AXIS2_PLACEMENT_3D('',#2483,#1513,#1571);
#5122=PLANE('',#5121);
#5123=ADVANCED_FACE('',(#5120),#5122,.T.);
#5124=ORIENTED_EDGE('',*,*,#2623,.T.);
#5125=VECTOR('',#1679,1.);
#5126=LINE('',#2479,#5125);
#5127=EDGE_CURVE('',#2480,#838,#5126,.T.);
#5128=ORIENTED_EDGE('',*,*,#5127,.T.);
#5129=ORIENTED_EDGE('',*,*,#979,.F.);
#5130=ORIENTED_EDGE('',*,*,#5115,.F.);
#5131=EDGE_LOOP('',(#5124,#5128,#5129,#5130));
#5132=FACE_OUTER_BOUND('',#5131,.T.);
#5133=AXIS2_PLACEMENT_3D('',#2481,#1518,#3968);
#5134=PLANE('',#5133);
#5135=ADVANCED_FACE('',(#5132),#5134,.T.);
#5136=ORIENTED_EDGE('',*,*,#2619,.T.);
#5137=VECTOR('',#1679,1.);
#5138=LINE('',#2477,#5137);
#5139=EDGE_CURVE('',#2478,#840,#5138,.T.);
#5140=ORIENTED_EDGE('',*,*,#5139,.T.);
#5141=ORIENTED_EDGE('',*,*,#983,.F.);
#5142=ORIENTED_EDGE('',*,*,#5127,.F.);
#5143=EDGE_LOOP('',(#5136,#5140,#5141,#5142));
#5144=FACE_OUTER_BOUND('',#5143,.T.);
#5145=AXIS2_PLACEMENT_3D('',#2479,#341,#3981);
#5146=PLANE('',#5145);
#5147=ADVANCED_FACE('',(#5144),#5146,.T.);
#5148=ORIENTED_EDGE('',*,*,#2615,.T.);
#5149=VECTOR('',#1679,1.);
#5150=LINE('',#2475,#5149);
#5151=EDGE_CURVE('',#2476,#842,#5150,.T.);
#5152=ORIENTED_EDGE('',*,*,#5151,.T.);
#5153=ORIENTED_EDGE('',*,*,#987,.F.);
#5154=ORIENTED_EDGE('',*,*,#5139,.F.);
#5155=EDGE_LOOP('',(#5148,#5152,#5153,#5154));
#5156=FACE_OUTER_BOUND('',#5155,.T.);
#5157=AXIS2_PLACEMENT_3D('',#2477,#3846,#3994);
#5158=PLANE('',#5157);
#5159=ADVANCED_FACE('',(#5156),#5158,.T.);
#5160=ORIENTED_EDGE('',*,*,#2611,.T.);
#5161=VECTOR('',#1679,1.);
#5162=LINE('',#2473,#5161);
#5163=EDGE_CURVE('',#2474,#844,#5162,.T.);
#5164=ORIENTED_EDGE('',*,*,#5163,.T.);
#5165=ORIENTED_EDGE('',*,*,#991,.F.);
#5166=ORIENTED_EDGE('',*,*,#5151,.F.);
#5167=EDGE_LOOP('',(#5160,#5164,#5165,#5166));
#5168=FACE_OUTER_BOUND('',#5167,.T.);
#5169=AXIS2_PLACEMENT_3D('',#2475,#1532,#4007);
#5170=PLANE('',#5169);
#5171=ADVANCED_FACE('',(#5168),#5170,.T.);
#5172=ORIENTED_EDGE('',*,*,#2607,.T.);
#5173=VECTOR('',#1679,1.);
#5174=LINE('',#2471,#5173);
#5175=EDGE_CURVE('',#2472,#846,#5174,.T.);
#5176=ORIENTED_EDGE('',*,*,#5175,.T.);
#5177=ORIENTED_EDGE('',*,*,#995,.F.);
#5178=ORIENTED_EDGE('',*,*,#5163,.F.);
#5179=EDGE_LOOP('',(#5172,#5176,#5177,#5178));
#5180=FACE_OUTER_BOUND('',#5179,.T.);
#5181=AXIS2_PLACEMENT_3D('',#2473,#1537,#4020);
#5182=PLANE('',#5181);
#5183=ADVANCED_FACE('',(#5180),#5182,.T.);
#5184=ORIENTED_EDGE('',*,*,#2603,.T.);
#5185=VECTOR('',#1679,1.);
#5186=LINE('',#2469,#5185);
#5187=EDGE_CURVE('',#2470,#848,#5186,.T.);
#5188=ORIENTED_EDGE('',*,*,#5187,.T.);
#5189=ORIENTED_EDGE('',*,*,#999,.F.);
#5190=ORIENTED_EDGE('',*,*,#5175,.F.);
#5191=EDGE_LOOP('',(#5184,#5188,#5189,#5190));
#5192=FACE_OUTER_BOUND('',#5191,.T.);
#5193=AXIS2_PLACEMENT_3D('',#2471,#1542,#4033);
#5194=PLANE('',#5193);
#5195=ADVANCED_FACE('',(#5192),#5194,.T.);
#5196=ORIENTED_EDGE('',*,*,#2599,.T.);
#5197=VECTOR('',#1679,1.);
#5198=LINE('',#2467,#5197);
#5199=EDGE_CURVE('',#2468,#850,#5198,.T.);
#5200=ORIENTED_EDGE('',*,*,#5199,.T.);
#5201=ORIENTED_EDGE('',*,*,#1003,.F.);
#5202=ORIENTED_EDGE('',*,*,#5187,.F.);
#5203=EDGE_LOOP('',(#5196,#5200,#5201,#5202));
#5204=FACE_OUTER_BOUND('',#5203,.T.);
#5205=AXIS2_PLACEMENT_3D('',#2469,#1547,#4046);
#5206=PLANE('',#5205);
#5207=ADVANCED_FACE('',(#5204),#5206,.T.);
#5208=ORIENTED_EDGE('',*,*,#2595,.T.);
#5209=VECTOR('',#1679,1.);
#5210=LINE('',#2465,#5209);
#5211=EDGE_CURVE('',#2466,#852,#5210,.T.);
#5212=ORIENTED_EDGE('',*,*,#5211,.T.);
#5213=ORIENTED_EDGE('',*,*,#1007,.F.);
#5214=ORIENTED_EDGE('',*,*,#5199,.F.);
#5215=EDGE_LOOP('',(#5208,#5212,#5213,#5214));
#5216=FACE_OUTER_BOUND('',#5215,.T.);
#5217=AXIS2_PLACEMENT_3D('',#2467,#1552,#4059);
#5218=PLANE('',#5217);
#5219=ADVANCED_FACE('',(#5216),#5218,.T.);
#5220=ORIENTED_EDGE('',*,*,#2591,.T.);
#5221=VECTOR('',#1679,1.);
#5222=LINE('',#2463,#5221);
#5223=EDGE_CURVE('',#2464,#854,#5222,.T.);
#5224=ORIENTED_EDGE('',*,*,#5223,.T.);
#5225=ORIENTED_EDGE('',*,*,#1011,.F.);
#5226=ORIENTED_EDGE('',*,*,#5211,.F.);
#5227=EDGE_LOOP('',(#5220,#5224,#5225,#5226));
#5228=FACE_OUTER_BOUND('',#5227,.T.);
#5229=AXIS2_PLACEMENT_3D('',#2465,#1557,#4072);
#5230=PLANE('',#5229);
#5231=ADVANCED_FACE('',(#5228),#5230,.T.);
#5232=ORIENTED_EDGE('',*,*,#2587,.T.);
#5233=VECTOR('',#1679,1.);
#5234=LINE('',#2461,#5233);
#5235=EDGE_CURVE('',#2462,#856,#5234,.T.);
#5236=ORIENTED_EDGE('',*,*,#5235,.T.);
#5237=ORIENTED_EDGE('',*,*,#1015,.F.);
#5238=ORIENTED_EDGE('',*,*,#5223,.F.);
#5239=EDGE_LOOP('',(#5232,#5236,#5237,#5238));
#5240=FACE_OUTER_BOUND('',#5239,.T.);
#5241=AXIS2_PLACEMENT_3D('',#2463,#3931,#4085);
#5242=PLANE('',#5241);
#5243=ADVANCED_FACE('',(#5240),#5242,.T.);
#5244=ORIENTED_EDGE('',*,*,#2583,.T.);
#5245=VECTOR('',#1679,1.);
#5246=LINE('',#2459,#5245);
#5247=EDGE_CURVE('',#2460,#858,#5246,.T.);
#5248=ORIENTED_EDGE('',*,*,#5247,.T.);
#5249=ORIENTED_EDGE('',*,*,#1019,.F.);
#5250=ORIENTED_EDGE('',*,*,#5235,.F.);
#5251=EDGE_LOOP('',(#5244,#5248,#5249,#5250));
#5252=FACE_OUTER_BOUND('',#5251,.T.);
#5253=AXIS2_PLACEMENT_3D('',#2461,#386,#4098);
#5254=PLANE('',#5253);
#5255=ADVANCED_FACE('',(#5252),#5254,.T.);
#5256=ORIENTED_EDGE('',*,*,#2579,.T.);
#5257=VECTOR('',#1679,1.);
#5258=LINE('',#2457,#5257);
#5259=EDGE_CURVE('',#2458,#860,#5258,.T.);
#5260=ORIENTED_EDGE('',*,*,#5259,.T.);
#5261=ORIENTED_EDGE('',*,*,#1023,.F.);
#5262=ORIENTED_EDGE('',*,*,#5247,.F.);
#5263=EDGE_LOOP('',(#5256,#5260,#5261,#5262));
#5264=FACE_OUTER_BOUND('',#5263,.T.);
#5265=AXIS2_PLACEMENT_3D('',#2459,#1571,#4111);
#5266=PLANE('',#5265);
#5267=ADVANCED_FACE('',(#5264),#5266,.T.);
#5268=ORIENTED_EDGE('',*,*,#2575,.T.);
#5269=VECTOR('',#1679,1.);
#5270=LINE('',#2455,#5269);
#5271=EDGE_CURVE('',#2456,#862,#5270,.T.);
#5272=ORIENTED_EDGE('',*,*,#5271,.T.);
#5273=ORIENTED_EDGE('',*,*,#1027,.F.);
#5274=ORIENTED_EDGE('',*,*,#5259,.F.);
#5275=EDGE_LOOP('',(#5268,#5272,#5273,#5274));
#5276=FACE_OUTER_BOUND('',#5275,.T.);
#5277=AXIS2_PLACEMENT_3D('',#2457,#3968,#4124);
#5278=PLANE('',#5277);
#5279=ADVANCED_FACE('',(#5276),#5278,.T.);
#5280=ORIENTED_EDGE('',*,*,#2571,.T.);
#5281=VECTOR('',#1679,1.);
#5282=LINE('',#2453,#5281);
#5283=EDGE_CURVE('',#2454,#864,#5282,.T.);
#5284=ORIENTED_EDGE('',*,*,#5283,.T.);
#5285=ORIENTED_EDGE('',*,*,#1031,.F.);
#5286=ORIENTED_EDGE('',*,*,#5271,.F.);
#5287=EDGE_LOOP('',(#5280,#5284,#5285,#5286));
#5288=FACE_OUTER_BOUND('',#5287,.T.);
#5289=AXIS2_PLACEMENT_3D('',#2455,#3981,#3677);
#5290=PLANE('',#5289);
#5291=ADVANCED_FACE('',(#5288),#5290,.T.);
#5292=ORIENTED_EDGE('',*,*,#2567,.T.);
#5293=VECTOR('',#1679,1.);
#5294=LINE('',#2451,#5293);
#5295=EDGE_CURVE('',#2452,#866,#5294,.T.);
#5296=ORIENTED_EDGE('',*,*,#5295,.T.);
#5297=ORIENTED_EDGE('',*,*,#1035,.F.);
#5298=ORIENTED_EDGE('',*,*,#5283,.F.);
#5299=EDGE_LOOP('',(#5292,#5296,#5297,#5298));
#5300=FACE_OUTER_BOUND('',#5299,.T.);
#5301=AXIS2_PLACEMENT_3D('',#2453,#3994,#3690);
#5302=PLANE('',#5301);
#5303=ADVANCED_FACE('',(#5300),#5302,.T.);
#5304=ORIENTED_EDGE('',*,*,#2563,.T.);
#5305=VECTOR('',#1679,1.);
#5306=LINE('',#2449,#5305);
#5307=EDGE_CURVE('',#2450,#868,#5306,.T.);
#5308=ORIENTED_EDGE('',*,*,#5307,.T.);
#5309=ORIENTED_EDGE('',*,*,#1039,.F.);
#5310=ORIENTED_EDGE('',*,*,#5295,.F.);
#5311=EDGE_LOOP('',(#5304,#5308,#5309,#5310));
#5312=FACE_OUTER_BOUND('',#5311,.T.);
#5313=AXIS2_PLACEMENT_3D('',#2451,#4007,#3704);
#5314=PLANE('',#5313);
#5315=ADVANCED_FACE('',(#5312),#5314,.T.);
#5316=ORIENTED_EDGE('',*,*,#2559,.T.);
#5317=VECTOR('',#1679,1.);
#5318=LINE('',#2447,#5317);
#5319=EDGE_CURVE('',#2448,#870,#5318,.T.);
#5320=ORIENTED_EDGE('',*,*,#5319,.T.);
#5321=ORIENTED_EDGE('',*,*,#1043,.F.);
#5322=ORIENTED_EDGE('',*,*,#5307,.F.);
#5323=EDGE_LOOP('',(#5316,#5320,#5321,#5322));
#5324=FACE_OUTER_BOUND('',#5323,.T.);
#5325=AXIS2_PLACEMENT_3D('',#2449,#4020,#3717);
#5326=PLANE('',#5325);
#5327=ADVANCED_FACE('',(#5324),#5326,.T.);
#5328=ORIENTED_EDGE('',*,*,#2555,.T.);
#5329=VECTOR('',#1679,1.);
#5330=LINE('',#2445,#5329);
#5331=EDGE_CURVE('',#2446,#872,#5330,.T.);
#5332=ORIENTED_EDGE('',*,*,#5331,.T.);
#5333=ORIENTED_EDGE('',*,*,#1047,.F.);
#5334=ORIENTED_EDGE('',*,*,#5319,.F.);
#5335=EDGE_LOOP('',(#5328,#5332,#5333,#5334));
#5336=FACE_OUTER_BOUND('',#5335,.T.);
#5337=AXIS2_PLACEMENT_3D('',#2447,#4033,#3730);
#5338=PLANE('',#5337);
#5339=ADVANCED_FACE('',(#5336),#5338,.T.);
#5340=ORIENTED_EDGE('',*,*,#2551,.T.);
#5341=VECTOR('',#1679,1.);
#5342=LINE('',#2443,#5341);
#5343=EDGE_CURVE('',#2444,#874,#5342,.T.);
#5344=ORIENTED_EDGE('',*,*,#5343,.T.);
#5345=ORIENTED_EDGE('',*,*,#1051,.F.);
#5346=ORIENTED_EDGE('',*,*,#5331,.F.);
#5347=EDGE_LOOP('',(#5340,#5344,#5345,#5346));
#5348=FACE_OUTER_BOUND('',#5347,.T.);
#5349=AXIS2_PLACEMENT_3D('',#2445,#4046,#3743);
#5350=PLANE('',#5349);
#5351=ADVANCED_FACE('',(#5348),#5350,.T.);
#5352=ORIENTED_EDGE('',*,*,#2547,.T.);
#5353=VECTOR('',#1679,1.);
#5354=LINE('',#2441,#5353);
#5355=EDGE_CURVE('',#2442,#876,#5354,.T.);
#5356=ORIENTED_EDGE('',*,*,#5355,.T.);
#5357=ORIENTED_EDGE('',*,*,#1055,.F.);
#5358=ORIENTED_EDGE('',*,*,#5343,.F.);
#5359=EDGE_LOOP('',(#5352,#5356,#5357,#5358));
#5360=FACE_OUTER_BOUND('',#5359,.T.);
#5361=AXIS2_PLACEMENT_3D('',#2443,#4059,#3756);
#5362=PLANE('',#5361);
#5363=ADVANCED_FACE('',(#5360),#5362,.T.);
#5364=ORIENTED_EDGE('',*,*,#2543,.T.);
#5365=VECTOR('',#1679,1.);
#5366=LINE('',#2439,#5365);
#5367=EDGE_CURVE('',#2440,#878,#5366,.T.);
#5368=ORIENTED_EDGE('',*,*,#5367,.T.);
#5369=ORIENTED_EDGE('',*,*,#1059,.F.);
#5370=ORIENTED_EDGE('',*,*,#5355,.F.);
#5371=EDGE_LOOP('',(#5364,#5368,#5369,#5370));
#5372=FACE_OUTER_BOUND('',#5371,.T.);
#5373=AXIS2_PLACEMENT_3D('',#2441,#4072,#3769);
#5374=PLANE('',#5373);
#5375=ADVANCED_FACE('',(#5372),#5374,.T.);
#5376=ORIENTED_EDGE('',*,*,#2539,.T.);
#5377=VECTOR('',#1679,1.);
#5378=LINE('',#2437,#5377);
#5379=EDGE_CURVE('',#2438,#880,#5378,.T.);
#5380=ORIENTED_EDGE('',*,*,#5379,.T.);
#5381=ORIENTED_EDGE('',*,*,#1063,.F.);
#5382=ORIENTED_EDGE('',*,*,#5367,.F.);
#5383=EDGE_LOOP('',(#5376,#5380,#5381,#5382));
#5384=FACE_OUTER_BOUND('',#5383,.T.);
#5385=AXIS2_PLACEMENT_3D('',#2439,#4085,#3782);
#5386=PLANE('',#5385);
#5387=ADVANCED_FACE('',(#5384),#5386,.T.);
#5388=ORIENTED_EDGE('',*,*,#2535,.T.);
#5389=VECTOR('',#1679,1.);
#5390=LINE('',#2435,#5389);
#5391=EDGE_CURVE('',#2436,#882,#5390,.T.);
#5392=ORIENTED_EDGE('',*,*,#5391,.T.);
#5393=ORIENTED_EDGE('',*,*,#1067,.F.);
#5394=ORIENTED_EDGE('',*,*,#5379,.F.);
#5395=EDGE_LOOP('',(#5388,#5392,#5393,#5394));
#5396=FACE_OUTER_BOUND('',#5395,.T.);
#5397=AXIS2_PLACEMENT_3D('',#2437,#4098,#3796);
#5398=PLANE('',#5397);
#5399=ADVANCED_FACE('',(#5396),#5398,.T.);
#5400=ORIENTED_EDGE('',*,*,#2531,.T.);
#5401=VECTOR('',#1679,1.);
#5402=LINE('',#2433,#5401);
#5403=EDGE_CURVE('',#2434,#884,#5402,.T.);
#5404=ORIENTED_EDGE('',*,*,#5403,.T.);
#5405=ORIENTED_EDGE('',*,*,#1071,.F.);
#5406=ORIENTED_EDGE('',*,*,#5391,.F.);
#5407=EDGE_LOOP('',(#5400,#5404,#5405,#5406));
#5408=FACE_OUTER_BOUND('',#5407,.T.);
#5409=AXIS2_PLACEMENT_3D('',#2435,#4111,#3809);
#5410=PLANE('',#5409);
#5411=ADVANCED_FACE('',(#5408),#5410,.T.);
#5412=ORIENTED_EDGE('',*,*,#2719,.F.);
#5413=ORIENTED_EDGE('',*,*,#4853,.T.);
#5414=ORIENTED_EDGE('',*,*,#1075,.T.);
#5415=ORIENTED_EDGE('',*,*,#5403,.F.);
#5416=EDGE_LOOP('',(#5412,#5413,#5414,#5415));
#5417=FACE_OUTER_BOUND('',#5416,.T.);
#5418=AXIS2_PLACEMENT_3D('',#2433,#4124,#1576);
#5419=PLANE('',#5418);
#5420=ADVANCED_FACE('',(#5417),#5419,.T.);
#5421=ORIENTED_EDGE('',*,*,#3005,.F.);
#5422=VECTOR('',#1679,1.);
#5423=LINE('',#2815,#5422);
#5424=EDGE_CURVE('',#2816,#1082,#5423,.T.);
#5425=ORIENTED_EDGE('',*,*,#5424,.T.);
#5426=ORIENTED_EDGE('',*,*,#1177,.T.);
#5427=VECTOR('',#1679,1.);
#5428=LINE('',#2817,#5427);
#5429=EDGE_CURVE('',#2818,#1080,#5428,.T.);
#5430=ORIENTED_EDGE('',*,*,#5429,.F.);
#5431=EDGE_LOOP('',(#5421,#5425,#5426,#5430));
#5432=FACE_OUTER_BOUND('',#5431,.T.);
#5433=AXIS2_PLACEMENT_3D('',#2817,#3677,#281);
#5434=PLANE('',#5433);
#5435=ADVANCED_FACE('',(#5432),#5434,.T.);
#5436=ORIENTED_EDGE('',*,*,#3001,.F.);
#5437=VECTOR('',#1679,1.);
#5438=LINE('',#2813,#5437);
#5439=EDGE_CURVE('',#2814,#1084,#5438,.T.);
#5440=ORIENTED_EDGE('',*,*,#5439,.T.);
#5441=ORIENTED_EDGE('',*,*,#1181,.T.);
#5442=ORIENTED_EDGE('',*,*,#5424,.F.);
#5443=EDGE_LOOP('',(#5436,#5440,#5441,#5442));
#5444=FACE_OUTER_BOUND('',#5443,.T.);
#5445=AXIS2_PLACEMENT_3D('',#2815,#3690,#3691);
#5446=PLANE('',#5445);
#5447=ADVANCED_FACE('',(#5444),#5446,.T.);
#5448=ORIENTED_EDGE('',*,*,#2997,.F.);
#5449=VECTOR('',#1679,1.);
#5450=LINE('',#2811,#5449);
#5451=EDGE_CURVE('',#2812,#1086,#5450,.T.);
#5452=ORIENTED_EDGE('',*,*,#5451,.T.);
#5453=ORIENTED_EDGE('',*,*,#1185,.T.);
#5454=ORIENTED_EDGE('',*,*,#5439,.F.);
#5455=EDGE_LOOP('',(#5448,#5452,#5453,#5454));
#5456=FACE_OUTER_BOUND('',#5455,.T.);
#5457=AXIS2_PLACEMENT_3D('',#2813,#3704,#1474);
#5458=PLANE('',#5457);
#5459=ADVANCED_FACE('',(#5456),#5458,.T.);
#5460=ORIENTED_EDGE('',*,*,#2993,.F.);
#5461=VECTOR('',#1679,1.);
#5462=LINE('',#2809,#5461);
#5463=EDGE_CURVE('',#2810,#1088,#5462,.T.);
#5464=ORIENTED_EDGE('',*,*,#5463,.T.);
#5465=ORIENTED_EDGE('',*,*,#1189,.T.);
#5466=ORIENTED_EDGE('',*,*,#5451,.F.);
#5467=EDGE_LOOP('',(#5460,#5464,#5465,#5466));
#5468=FACE_OUTER_BOUND('',#5467,.T.);
#5469=AXIS2_PLACEMENT_3D('',#2811,#3717,#1479);
#5470=PLANE('',#5469);
#5471=ADVANCED_FACE('',(#5468),#5470,.T.);
#5472=ORIENTED_EDGE('',*,*,#2989,.F.);
#5473=VECTOR('',#1679,1.);
#5474=LINE('',#2807,#5473);
#5475=EDGE_CURVE('',#2808,#1090,#5474,.T.);
#5476=ORIENTED_EDGE('',*,*,#5475,.T.);
#5477=ORIENTED_EDGE('',*,*,#1193,.T.);
#5478=ORIENTED_EDGE('',*,*,#5463,.F.);
#5479=EDGE_LOOP('',(#5472,#5476,#5477,#5478));
#5480=FACE_OUTER_BOUND('',#5479,.T.);
#5481=AXIS2_PLACEMENT_3D('',#2809,#3730,#1484);
#5482=PLANE('',#5481);
#5483=ADVANCED_FACE('',(#5480),#5482,.T.);
#5484=ORIENTED_EDGE('',*,*,#2985,.F.);
#5485=VECTOR('',#1679,1.);
#5486=LINE('',#2805,#5485);
#5487=EDGE_CURVE('',#2806,#1092,#5486,.T.);
#5488=ORIENTED_EDGE('',*,*,#5487,.T.);
#5489=ORIENTED_EDGE('',*,*,#1197,.T.);
#5490=ORIENTED_EDGE('',*,*,#5475,.F.);
#5491=EDGE_LOOP('',(#5484,#5488,#5489,#5490));
#5492=FACE_OUTER_BOUND('',#5491,.T.);
#5493=AXIS2_PLACEMENT_3D('',#2807,#3743,#1489);
#5494=PLANE('',#5493);
#5495=ADVANCED_FACE('',(#5492),#5494,.T.);
#5496=ORIENTED_EDGE('',*,*,#2981,.F.);
#5497=VECTOR('',#1679,1.);
#5498=LINE('',#2803,#5497);
#5499=EDGE_CURVE('',#2804,#1094,#5498,.T.);
#5500=ORIENTED_EDGE('',*,*,#5499,.T.);
#5501=ORIENTED_EDGE('',*,*,#1201,.T.);
#5502=ORIENTED_EDGE('',*,*,#5487,.F.);
#5503=EDGE_LOOP('',(#5496,#5500,#5501,#5502));
#5504=FACE_OUTER_BOUND('',#5503,.T.);
#5505=AXIS2_PLACEMENT_3D('',#2805,#3756,#1494);
#5506=PLANE('',#5505);
#5507=ADVANCED_FACE('',(#5504),#5506,.T.);
#5508=ORIENTED_EDGE('',*,*,#2977,.F.);
#5509=VECTOR('',#1679,1.);
#5510=LINE('',#2801,#5509);
#5511=EDGE_CURVE('',#2802,#1096,#5510,.T.);
#5512=ORIENTED_EDGE('',*,*,#5511,.T.);
#5513=ORIENTED_EDGE('',*,*,#1205,.T.);
#5514=ORIENTED_EDGE('',*,*,#5499,.F.);
#5515=EDGE_LOOP('',(#5508,#5512,#5513,#5514));
#5516=FACE_OUTER_BOUND('',#5515,.T.);
#5517=AXIS2_PLACEMENT_3D('',#2803,#3769,#1499);
#5518=PLANE('',#5517);
#5519=ADVANCED_FACE('',(#5516),#5518,.T.);
#5520=ORIENTED_EDGE('',*,*,#2973,.F.);
#5521=VECTOR('',#1679,1.);
#5522=LINE('',#2799,#5521);
#5523=EDGE_CURVE('',#2800,#1098,#5522,.T.);
#5524=ORIENTED_EDGE('',*,*,#5523,.T.);
#5525=ORIENTED_EDGE('',*,*,#1209,.T.);
#5526=ORIENTED_EDGE('',*,*,#5511,.F.);
#5527=EDGE_LOOP('',(#5520,#5524,#5525,#5526));
#5528=FACE_OUTER_BOUND('',#5527,.T.);
#5529=AXIS2_PLACEMENT_3D('',#2801,#3782,#3783);
#5530=PLANE('',#5529);
#5531=ADVANCED_FACE('',(#5528),#5530,.T.);
#5532=ORIENTED_EDGE('',*,*,#2969,.F.);
#5533=VECTOR('',#1679,1.);
#5534=LINE('',#2797,#5533);
#5535=EDGE_CURVE('',#2798,#1100,#5534,.T.);
#5536=ORIENTED_EDGE('',*,*,#5535,.T.);
#5537=ORIENTED_EDGE('',*,*,#1213,.T.);
#5538=ORIENTED_EDGE('',*,*,#5523,.F.);
#5539=EDGE_LOOP('',(#5532,#5536,#5537,#5538));
#5540=FACE_OUTER_BOUND('',#5539,.T.);
#5541=AXIS2_PLACEMENT_3D('',#2799,#3796,#326);
#5542=PLANE('',#5541);
#5543=ADVANCED_FACE('',(#5540),#5542,.T.);
#5544=ORIENTED_EDGE('',*,*,#2965,.F.);
#5545=VECTOR('',#1679,1.);
#5546=LINE('',#2795,#5545);
#5547=EDGE_CURVE('',#2796,#1102,#5546,.T.);
#5548=ORIENTED_EDGE('',*,*,#5547,.T.);
#5549=ORIENTED_EDGE('',*,*,#1217,.T.);
#5550=ORIENTED_EDGE('',*,*,#5535,.F.);
#5551=EDGE_LOOP('',(#5544,#5548,#5549,#5550));
#5552=FACE_OUTER_BOUND('',#5551,.T.);
#5553=AXIS2_PLACEMENT_3D('',#2797,#3809,#1513);
#5554=PLANE('',#5553);
#5555=ADVANCED_FACE('',(#5552),#5554,.T.);
#5556=ORIENTED_EDGE('',*,*,#2961,.F.);
#5557=VECTOR('',#1679,1.);
#5558=LINE('',#2793,#5557);
#5559=EDGE_CURVE('',#2794,#1104,#5558,.T.);
#5560=ORIENTED_EDGE('',*,*,#5559,.T.);
#5561=ORIENTED_EDGE('',*,*,#1221,.T.);
#5562=ORIENTED_EDGE('',*,*,#5547,.F.);
#5563=EDGE_LOOP('',(#5556,#5560,#5561,#5562));
#5564=FACE_OUTER_BOUND('',#5563,.T.);
#5565=AXIS2_PLACEMENT_3D('',#2795,#1576,#1518);
#5566=PLANE('',#5565);
#5567=ADVANCED_FACE('',(#5564),#5566,.T.);
#5568=ORIENTED_EDGE('',*,*,#2957,.F.);
#5569=VECTOR('',#1679,1.);
#5570=LINE('',#2791,#5569);
#5571=EDGE_CURVE('',#2792,#1106,#5570,.T.);
#5572=ORIENTED_EDGE('',*,*,#5571,.T.);
#5573=ORIENTED_EDGE('',*,*,#1225,.T.);
#5574=ORIENTED_EDGE('',*,*,#5559,.F.);
#5575=EDGE_LOOP('',(#5568,#5572,#5573,#5574));
#5576=FACE_OUTER_BOUND('',#5575,.T.);
#5577=AXIS2_PLACEMENT_3D('',#2793,#281,#341);
#5578=PLANE('',#5577);
#5579=ADVANCED_FACE('',(#5576),#5578,.T.);
#5580=ORIENTED_EDGE('',*,*,#2953,.F.);
#5581=VECTOR('',#1679,1.);
#5582=LINE('',#2789,#5581);
#5583=EDGE_CURVE('',#2790,#1108,#5582,.T.);
#5584=ORIENTED_EDGE('',*,*,#5583,.T.);
#5585=ORIENTED_EDGE('',*,*,#1229,.T.);
#5586=ORIENTED_EDGE('',*,*,#5571,.F.);
#5587=EDGE_LOOP('',(#5580,#5584,#5585,#5586));
#5588=FACE_OUTER_BOUND('',#5587,.T.);
#5589=AXIS2_PLACEMENT_3D('',#2791,#3691,#3846);
#5590=PLANE('',#5589);
#5591=ADVANCED_FACE('',(#5588),#5590,.T.);
#5592=ORIENTED_EDGE('',*,*,#2949,.F.);
#5593=VECTOR('',#1679,1.);
#5594=LINE('',#2787,#5593);
#5595=EDGE_CURVE('',#2788,#1110,#5594,.T.);
#5596=ORIENTED_EDGE('',*,*,#5595,.T.);
#5597=ORIENTED_EDGE('',*,*,#1233,.T.);
#5598=ORIENTED_EDGE('',*,*,#5583,.F.);
#5599=EDGE_LOOP('',(#5592,#5596,#5597,#5598));
#5600=FACE_OUTER_BOUND('',#5599,.T.);
#5601=AXIS2_PLACEMENT_3D('',#2789,#1474,#1532);
#5602=PLANE('',#5601);
#5603=ADVANCED_FACE('',(#5600),#5602,.T.);
#5604=ORIENTED_EDGE('',*,*,#2945,.F.);
#5605=VECTOR('',#1679,1.);
#5606=LINE('',#2785,#5605);
#5607=EDGE_CURVE('',#2786,#1112,#5606,.T.);
#5608=ORIENTED_EDGE('',*,*,#5607,.T.);
#5609=ORIENTED_EDGE('',*,*,#1237,.T.);
#5610=ORIENTED_EDGE('',*,*,#5595,.F.);
#5611=EDGE_LOOP('',(#5604,#5608,#5609,#5610));
#5612=FACE_OUTER_BOUND('',#5611,.T.);
#5613=AXIS2_PLACEMENT_3D('',#2787,#1479,#1537);
#5614=PLANE('',#5613);
#5615=ADVANCED_FACE('',(#5612),#5614,.T.);
#5616=ORIENTED_EDGE('',*,*,#2941,.F.);
#5617=VECTOR('',#1679,1.);
#5618=LINE('',#2783,#5617);
#5619=EDGE_CURVE('',#2784,#1114,#5618,.T.);
#5620=ORIENTED_EDGE('',*,*,#5619,.T.);
#5621=ORIENTED_EDGE('',*,*,#1241,.T.);
#5622=ORIENTED_EDGE('',*,*,#5607,.F.);
#5623=EDGE_LOOP('',(#5616,#5620,#5621,#5622));
#5624=FACE_OUTER_BOUND('',#5623,.T.);
#5625=AXIS2_PLACEMENT_3D('',#2785,#1484,#1542);
#5626=PLANE('',#5625);
#5627=ADVANCED_FACE('',(#5624),#5626,.T.);
#5628=ORIENTED_EDGE('',*,*,#2937,.F.);
#5629=VECTOR('',#1679,1.);
#5630=LINE('',#2781,#5629);
#5631=EDGE_CURVE('',#2782,#1116,#5630,.T.);
#5632=ORIENTED_EDGE('',*,*,#5631,.T.);
#5633=ORIENTED_EDGE('',*,*,#1245,.T.);
#5634=ORIENTED_EDGE('',*,*,#5619,.F.);
#5635=EDGE_LOOP('',(#5628,#5632,#5633,#5634));
#5636=FACE_OUTER_BOUND('',#5635,.T.);
#5637=AXIS2_PLACEMENT_3D('',#2783,#1489,#1547);
#5638=PLANE('',#5637);
#5639=ADVANCED_FACE('',(#5636),#5638,.T.);
#5640=ORIENTED_EDGE('',*,*,#2933,.F.);
#5641=VECTOR('',#1679,1.);
#5642=LINE('',#2779,#5641);
#5643=EDGE_CURVE('',#2780,#1118,#5642,.T.);
#5644=ORIENTED_EDGE('',*,*,#5643,.T.);
#5645=ORIENTED_EDGE('',*,*,#1249,.T.);
#5646=ORIENTED_EDGE('',*,*,#5631,.F.);
#5647=EDGE_LOOP('',(#5640,#5644,#5645,#5646));
#5648=FACE_OUTER_BOUND('',#5647,.T.);
#5649=AXIS2_PLACEMENT_3D('',#2781,#1494,#1552);
#5650=PLANE('',#5649);
#5651=ADVANCED_FACE('',(#5648),#5650,.T.);
#5652=ORIENTED_EDGE('',*,*,#2929,.F.);
#5653=VECTOR('',#1679,1.);
#5654=LINE('',#2777,#5653);
#5655=EDGE_CURVE('',#2778,#1120,#5654,.T.);
#5656=ORIENTED_EDGE('',*,*,#5655,.T.);
#5657=ORIENTED_EDGE('',*,*,#1253,.T.);
#5658=ORIENTED_EDGE('',*,*,#5643,.F.);
#5659=EDGE_LOOP('',(#5652,#5656,#5657,#5658));
#5660=FACE_OUTER_BOUND('',#5659,.T.);
#5661=AXIS2_PLACEMENT_3D('',#2779,#1499,#1557);
#5662=PLANE('',#5661);
#5663=ADVANCED_FACE('',(#5660),#5662,.T.);
#5664=ORIENTED_EDGE('',*,*,#2925,.F.);
#5665=VECTOR('',#1679,1.);
#5666=LINE('',#2775,#5665);
#5667=EDGE_CURVE('',#2776,#1122,#5666,.T.);
#5668=ORIENTED_EDGE('',*,*,#5667,.T.);
#5669=ORIENTED_EDGE('',*,*,#1257,.T.);
#5670=ORIENTED_EDGE('',*,*,#5655,.F.);
#5671=EDGE_LOOP('',(#5664,#5668,#5669,#5670));
#5672=FACE_OUTER_BOUND('',#5671,.T.);
#5673=AXIS2_PLACEMENT_3D('',#2777,#3783,#3931);
#5674=PLANE('',#5673);
#5675=ADVANCED_FACE('',(#5672),#5674,.T.);
#5676=ORIENTED_EDGE('',*,*,#2921,.F.);
#5677=VECTOR('',#1679,1.);
#5678=LINE('',#2773,#5677);
#5679=EDGE_CURVE('',#2774,#1124,#5678,.T.);
#5680=ORIENTED_EDGE('',*,*,#5679,.T.);
#5681=ORIENTED_EDGE('',*,*,#1261,.T.);
#5682=ORIENTED_EDGE('',*,*,#5667,.F.);
#5683=EDGE_LOOP('',(#5676,#5680,#5681,#5682));
#5684=FACE_OUTER_BOUND('',#5683,.T.);
#5685=AXIS2_PLACEMENT_3D('',#2775,#326,#386);
#5686=PLANE('',#5685);
#5687=ADVANCED_FACE('',(#5684),#5686,.T.);
#5688=ORIENTED_EDGE('',*,*,#2917,.F.);
#5689=VECTOR('',#1679,1.);
#5690=LINE('',#2771,#5689);
#5691=EDGE_CURVE('',#2772,#1126,#5690,.T.);
#5692=ORIENTED_EDGE('',*,*,#5691,.T.);
#5693=ORIENTED_EDGE('',*,*,#1265,.T.);
#5694=ORIENTED_EDGE('',*,*,#5679,.F.);
#5695=EDGE_LOOP('',(#5688,#5692,#5693,#5694));
#5696=FACE_OUTER_BOUND('',#5695,.T.);
#5697=AXIS2_PLACEMENT_3D('',#2773,#1513,#1571);
#5698=PLANE('',#5697);
#5699=ADVANCED_FACE('',(#5696),#5698,.T.);
#5700=ORIENTED_EDGE('',*,*,#2913,.T.);
#5701=VECTOR('',#1679,1.);
#5702=LINE('',#2769,#5701);
#5703=EDGE_CURVE('',#2770,#1128,#5702,.T.);
#5704=ORIENTED_EDGE('',*,*,#5703,.T.);
#5705=ORIENTED_EDGE('',*,*,#1269,.F.);
#5706=ORIENTED_EDGE('',*,*,#5691,.F.);
#5707=EDGE_LOOP('',(#5700,#5704,#5705,#5706));
#5708=FACE_OUTER_BOUND('',#5707,.T.);
#5709=AXIS2_PLACEMENT_3D('',#2771,#1518,#3968);
#5710=PLANE('',#5709);
#5711=ADVANCED_FACE('',(#5708),#5710,.T.);
#5712=ORIENTED_EDGE('',*,*,#2909,.T.);
#5713=VECTOR('',#1679,1.);
#5714=LINE('',#2767,#5713);
#5715=EDGE_CURVE('',#2768,#1130,#5714,.T.);
#5716=ORIENTED_EDGE('',*,*,#5715,.T.);
#5717=ORIENTED_EDGE('',*,*,#1273,.F.);
#5718=ORIENTED_EDGE('',*,*,#5703,.F.);
#5719=EDGE_LOOP('',(#5712,#5716,#5717,#5718));
#5720=FACE_OUTER_BOUND('',#5719,.T.);
#5721=AXIS2_PLACEMENT_3D('',#2769,#341,#3981);
#5722=PLANE('',#5721);
#5723=ADVANCED_FACE('',(#5720),#5722,.T.);
#5724=ORIENTED_EDGE('',*,*,#2905,.T.);
#5725=VECTOR('',#1679,1.);
#5726=LINE('',#2765,#5725);
#5727=EDGE_CURVE('',#2766,#1132,#5726,.T.);
#5728=ORIENTED_EDGE('',*,*,#5727,.T.);
#5729=ORIENTED_EDGE('',*,*,#1277,.F.);
#5730=ORIENTED_EDGE('',*,*,#5715,.F.);
#5731=EDGE_LOOP('',(#5724,#5728,#5729,#5730));
#5732=FACE_OUTER_BOUND('',#5731,.T.);
#5733=AXIS2_PLACEMENT_3D('',#2767,#3846,#3994);
#5734=PLANE('',#5733);
#5735=ADVANCED_FACE('',(#5732),#5734,.T.);
#5736=ORIENTED_EDGE('',*,*,#2901,.T.);
#5737=VECTOR('',#1679,1.);
#5738=LINE('',#2763,#5737);
#5739=EDGE_CURVE('',#2764,#1134,#5738,.T.);
#5740=ORIENTED_EDGE('',*,*,#5739,.T.);
#5741=ORIENTED_EDGE('',*,*,#1281,.F.);
#5742=ORIENTED_EDGE('',*,*,#5727,.F.);
#5743=EDGE_LOOP('',(#5736,#5740,#5741,#5742));
#5744=FACE_OUTER_BOUND('',#5743,.T.);
#5745=AXIS2_PLACEMENT_3D('',#2765,#1532,#4007);
#5746=PLANE('',#5745);
#5747=ADVANCED_FACE('',(#5744),#5746,.T.);
#5748=ORIENTED_EDGE('',*,*,#2897,.T.);
#5749=VECTOR('',#1679,1.);
#5750=LINE('',#2761,#5749);
#5751=EDGE_CURVE('',#2762,#1136,#5750,.T.);
#5752=ORIENTED_EDGE('',*,*,#5751,.T.);
#5753=ORIENTED_EDGE('',*,*,#1285,.F.);
#5754=ORIENTED_EDGE('',*,*,#5739,.F.);
#5755=EDGE_LOOP('',(#5748,#5752,#5753,#5754));
#5756=FACE_OUTER_BOUND('',#5755,.T.);
#5757=AXIS2_PLACEMENT_3D('',#2763,#1537,#4020);
#5758=PLANE('',#5757);
#5759=ADVANCED_FACE('',(#5756),#5758,.T.);
#5760=ORIENTED_EDGE('',*,*,#2893,.T.);
#5761=VECTOR('',#1679,1.);
#5762=LINE('',#2759,#5761);
#5763=EDGE_CURVE('',#2760,#1138,#5762,.T.);
#5764=ORIENTED_EDGE('',*,*,#5763,.T.);
#5765=ORIENTED_EDGE('',*,*,#1289,.F.);
#5766=ORIENTED_EDGE('',*,*,#5751,.F.);
#5767=EDGE_LOOP('',(#5760,#5764,#5765,#5766));
#5768=FACE_OUTER_BOUND('',#5767,.T.);
#5769=AXIS2_PLACEMENT_3D('',#2761,#1542,#4033);
#5770=PLANE('',#5769);
#5771=ADVANCED_FACE('',(#5768),#5770,.T.);
#5772=ORIENTED_EDGE('',*,*,#2889,.T.);
#5773=VECTOR('',#1679,1.);
#5774=LINE('',#2757,#5773);
#5775=EDGE_CURVE('',#2758,#1140,#5774,.T.);
#5776=ORIENTED_EDGE('',*,*,#5775,.T.);
#5777=ORIENTED_EDGE('',*,*,#1293,.F.);
#5778=ORIENTED_EDGE('',*,*,#5763,.F.);
#5779=EDGE_LOOP('',(#5772,#5776,#5777,#5778));
#5780=FACE_OUTER_BOUND('',#5779,.T.);
#5781=AXIS2_PLACEMENT_3D('',#2759,#1547,#4046);
#5782=PLANE('',#5781);
#5783=ADVANCED_FACE('',(#5780),#5782,.T.);
#5784=ORIENTED_EDGE('',*,*,#2885,.T.);
#5785=VECTOR('',#1679,1.);
#5786=LINE('',#2755,#5785);
#5787=EDGE_CURVE('',#2756,#1142,#5786,.T.);
#5788=ORIENTED_EDGE('',*,*,#5787,.T.);
#5789=ORIENTED_EDGE('',*,*,#1297,.F.);
#5790=ORIENTED_EDGE('',*,*,#5775,.F.);
#5791=EDGE_LOOP('',(#5784,#5788,#5789,#5790));
#5792=FACE_OUTER_BOUND('',#5791,.T.);
#5793=AXIS2_PLACEMENT_3D('',#2757,#1552,#4059);
#5794=PLANE('',#5793);
#5795=ADVANCED_FACE('',(#5792),#5794,.T.);
#5796=ORIENTED_EDGE('',*,*,#2881,.T.);
#5797=VECTOR('',#1679,1.);
#5798=LINE('',#2753,#5797);
#5799=EDGE_CURVE('',#2754,#1144,#5798,.T.);
#5800=ORIENTED_EDGE('',*,*,#5799,.T.);
#5801=ORIENTED_EDGE('',*,*,#1301,.F.);
#5802=ORIENTED_EDGE('',*,*,#5787,.F.);
#5803=EDGE_LOOP('',(#5796,#5800,#5801,#5802));
#5804=FACE_OUTER_BOUND('',#5803,.T.);
#5805=AXIS2_PLACEMENT_3D('',#2755,#1557,#4072);
#5806=PLANE('',#5805);
#5807=ADVANCED_FACE('',(#5804),#5806,.T.);
#5808=ORIENTED_EDGE('',*,*,#2877,.T.);
#5809=VECTOR('',#1679,1.);
#5810=LINE('',#2751,#5809);
#5811=EDGE_CURVE('',#2752,#1146,#5810,.T.);
#5812=ORIENTED_EDGE('',*,*,#5811,.T.);
#5813=ORIENTED_EDGE('',*,*,#1305,.F.);
#5814=ORIENTED_EDGE('',*,*,#5799,.F.);
#5815=EDGE_LOOP('',(#5808,#5812,#5813,#5814));
#5816=FACE_OUTER_BOUND('',#5815,.T.);
#5817=AXIS2_PLACEMENT_3D('',#2753,#3931,#4085);
#5818=PLANE('',#5817);
#5819=ADVANCED_FACE('',(#5816),#5818,.T.);
#5820=ORIENTED_EDGE('',*,*,#2873,.T.);
#5821=VECTOR('',#1679,1.);
#5822=LINE('',#2749,#5821);
#5823=EDGE_CURVE('',#2750,#1148,#5822,.T.);
#5824=ORIENTED_EDGE('',*,*,#5823,.T.);
#5825=ORIENTED_EDGE('',*,*,#1309,.F.);
#5826=ORIENTED_EDGE('',*,*,#5811,.F.);
#5827=EDGE_LOOP('',(#5820,#5824,#5825,#5826));
#5828=FACE_OUTER_BOUND('',#5827,.T.);
#5829=AXIS2_PLACEMENT_3D('',#2751,#386,#4098);
#5830=PLANE('',#5829);
#5831=ADVANCED_FACE('',(#5828),#5830,.T.);
#5832=ORIENTED_EDGE('',*,*,#2869,.T.);
#5833=VECTOR('',#1679,1.);
#5834=LINE('',#2747,#5833);
#5835=EDGE_CURVE('',#2748,#1150,#5834,.T.);
#5836=ORIENTED_EDGE('',*,*,#5835,.T.);
#5837=ORIENTED_EDGE('',*,*,#1313,.F.);
#5838=ORIENTED_EDGE('',*,*,#5823,.F.);
#5839=EDGE_LOOP('',(#5832,#5836,#5837,#5838));
#5840=FACE_OUTER_BOUND('',#5839,.T.);
#5841=AXIS2_PLACEMENT_3D('',#2749,#1571,#4111);
#5842=PLANE('',#5841);
#5843=ADVANCED_FACE('',(#5840),#5842,.T.);
#5844=ORIENTED_EDGE('',*,*,#2865,.T.);
#5845=VECTOR('',#1679,1.);
#5846=LINE('',#2745,#5845);
#5847=EDGE_CURVE('',#2746,#1152,#5846,.T.);
#5848=ORIENTED_EDGE('',*,*,#5847,.T.);
#5849=ORIENTED_EDGE('',*,*,#1317,.F.);
#5850=ORIENTED_EDGE('',*,*,#5835,.F.);
#5851=EDGE_LOOP('',(#5844,#5848,#5849,#5850));
#5852=FACE_OUTER_BOUND('',#5851,.T.);
#5853=AXIS2_PLACEMENT_3D('',#2747,#3968,#4124);
#5854=PLANE('',#5853);
#5855=ADVANCED_FACE('',(#5852),#5854,.T.);
#5856=ORIENTED_EDGE('',*,*,#2861,.T.);
#5857=VECTOR('',#1679,1.);
#5858=LINE('',#2743,#5857);
#5859=EDGE_CURVE('',#2744,#1154,#5858,.T.);
#5860=ORIENTED_EDGE('',*,*,#5859,.T.);
#5861=ORIENTED_EDGE('',*,*,#1321,.F.);
#5862=ORIENTED_EDGE('',*,*,#5847,.F.);
#5863=EDGE_LOOP('',(#5856,#5860,#5861,#5862));
#5864=FACE_OUTER_BOUND('',#5863,.T.);
#5865=AXIS2_PLACEMENT_3D('',#2745,#3981,#3677);
#5866=PLANE('',#5865);
#5867=ADVANCED_FACE('',(#5864),#5866,.T.);
#5868=ORIENTED_EDGE('',*,*,#2857,.T.);
#5869=VECTOR('',#1679,1.);
#5870=LINE('',#2741,#5869);
#5871=EDGE_CURVE('',#2742,#1156,#5870,.T.);
#5872=ORIENTED_EDGE('',*,*,#5871,.T.);
#5873=ORIENTED_EDGE('',*,*,#1325,.F.);
#5874=ORIENTED_EDGE('',*,*,#5859,.F.);
#5875=EDGE_LOOP('',(#5868,#5872,#5873,#5874));
#5876=FACE_OUTER_BOUND('',#5875,.T.);
#5877=AXIS2_PLACEMENT_3D('',#2743,#3994,#3690);
#5878=PLANE('',#5877);
#5879=ADVANCED_FACE('',(#5876),#5878,.T.);
#5880=ORIENTED_EDGE('',*,*,#2853,.T.);
#5881=VECTOR('',#1679,1.);
#5882=LINE('',#2739,#5881);
#5883=EDGE_CURVE('',#2740,#1158,#5882,.T.);
#5884=ORIENTED_EDGE('',*,*,#5883,.T.);
#5885=ORIENTED_EDGE('',*,*,#1329,.F.);
#5886=ORIENTED_EDGE('',*,*,#5871,.F.);
#5887=EDGE_LOOP('',(#5880,#5884,#5885,#5886));
#5888=FACE_OUTER_BOUND('',#5887,.T.);
#5889=AXIS2_PLACEMENT_3D('',#2741,#4007,#3704);
#5890=PLANE('',#5889);
#5891=ADVANCED_FACE('',(#5888),#5890,.T.);
#5892=ORIENTED_EDGE('',*,*,#2849,.T.);
#5893=VECTOR('',#1679,1.);
#5894=LINE('',#2737,#5893);
#5895=EDGE_CURVE('',#2738,#1160,#5894,.T.);
#5896=ORIENTED_EDGE('',*,*,#5895,.T.);
#5897=ORIENTED_EDGE('',*,*,#1333,.F.);
#5898=ORIENTED_EDGE('',*,*,#5883,.F.);
#5899=EDGE_LOOP('',(#5892,#5896,#5897,#5898));
#5900=FACE_OUTER_BOUND('',#5899,.T.);
#5901=AXIS2_PLACEMENT_3D('',#2739,#4020,#3717);
#5902=PLANE('',#5901);
#5903=ADVANCED_FACE('',(#5900),#5902,.T.);
#5904=ORIENTED_EDGE('',*,*,#2845,.T.);
#5905=VECTOR('',#1679,1.);
#5906=LINE('',#2735,#5905);
#5907=EDGE_CURVE('',#2736,#1162,#5906,.T.);
#5908=ORIENTED_EDGE('',*,*,#5907,.T.);
#5909=ORIENTED_EDGE('',*,*,#1337,.F.);
#5910=ORIENTED_EDGE('',*,*,#5895,.F.);
#5911=EDGE_LOOP('',(#5904,#5908,#5909,#5910));
#5912=FACE_OUTER_BOUND('',#5911,.T.);
#5913=AXIS2_PLACEMENT_3D('',#2737,#4033,#3730);
#5914=PLANE('',#5913);
#5915=ADVANCED_FACE('',(#5912),#5914,.T.);
#5916=ORIENTED_EDGE('',*,*,#2841,.T.);
#5917=VECTOR('',#1679,1.);
#5918=LINE('',#2733,#5917);
#5919=EDGE_CURVE('',#2734,#1164,#5918,.T.);
#5920=ORIENTED_EDGE('',*,*,#5919,.T.);
#5921=ORIENTED_EDGE('',*,*,#1341,.F.);
#5922=ORIENTED_EDGE('',*,*,#5907,.F.);
#5923=EDGE_LOOP('',(#5916,#5920,#5921,#5922));
#5924=FACE_OUTER_BOUND('',#5923,.T.);
#5925=AXIS2_PLACEMENT_3D('',#2735,#4046,#3743);
#5926=PLANE('',#5925);
#5927=ADVANCED_FACE('',(#5924),#5926,.T.);
#5928=ORIENTED_EDGE('',*,*,#2837,.T.);
#5929=VECTOR('',#1679,1.);
#5930=LINE('',#2731,#5929);
#5931=EDGE_CURVE('',#2732,#1166,#5930,.T.);
#5932=ORIENTED_EDGE('',*,*,#5931,.T.);
#5933=ORIENTED_EDGE('',*,*,#1345,.F.);
#5934=ORIENTED_EDGE('',*,*,#5919,.F.);
#5935=EDGE_LOOP('',(#5928,#5932,#5933,#5934));
#5936=FACE_OUTER_BOUND('',#5935,.T.);
#5937=AXIS2_PLACEMENT_3D('',#2733,#4059,#3756);
#5938=PLANE('',#5937);
#5939=ADVANCED_FACE('',(#5936),#5938,.T.);
#5940=ORIENTED_EDGE('',*,*,#2833,.T.);
#5941=VECTOR('',#1679,1.);
#5942=LINE('',#2729,#5941);
#5943=EDGE_CURVE('',#2730,#1168,#5942,.T.);
#5944=ORIENTED_EDGE('',*,*,#5943,.T.);
#5945=ORIENTED_EDGE('',*,*,#1349,.F.);
#5946=ORIENTED_EDGE('',*,*,#5931,.F.);
#5947=EDGE_LOOP('',(#5940,#5944,#5945,#5946));
#5948=FACE_OUTER_BOUND('',#5947,.T.);
#5949=AXIS2_PLACEMENT_3D('',#2731,#4072,#3769);
#5950=PLANE('',#5949);
#5951=ADVANCED_FACE('',(#5948),#5950,.T.);
#5952=ORIENTED_EDGE('',*,*,#2829,.T.);
#5953=VECTOR('',#1679,1.);
#5954=LINE('',#2727,#5953);
#5955=EDGE_CURVE('',#2728,#1170,#5954,.T.);
#5956=ORIENTED_EDGE('',*,*,#5955,.T.);
#5957=ORIENTED_EDGE('',*,*,#1353,.F.);
#5958=ORIENTED_EDGE('',*,*,#5943,.F.);
#5959=EDGE_LOOP('',(#5952,#5956,#5957,#5958));
#5960=FACE_OUTER_BOUND('',#5959,.T.);
#5961=AXIS2_PLACEMENT_3D('',#2729,#4085,#3782);
#5962=PLANE('',#5961);
#5963=ADVANCED_FACE('',(#5960),#5962,.T.);
#5964=ORIENTED_EDGE('',*,*,#2825,.T.);
#5965=VECTOR('',#1679,1.);
#5966=LINE('',#2725,#5965);
#5967=EDGE_CURVE('',#2726,#1172,#5966,.T.);
#5968=ORIENTED_EDGE('',*,*,#5967,.T.);
#5969=ORIENTED_EDGE('',*,*,#1357,.F.);
#5970=ORIENTED_EDGE('',*,*,#5955,.F.);
#5971=EDGE_LOOP('',(#5964,#5968,#5969,#5970));
#5972=FACE_OUTER_BOUND('',#5971,.T.);
#5973=AXIS2_PLACEMENT_3D('',#2727,#4098,#3796);
#5974=PLANE('',#5973);
#5975=ADVANCED_FACE('',(#5972),#5974,.T.);
#5976=ORIENTED_EDGE('',*,*,#2821,.T.);
#5977=VECTOR('',#1679,1.);
#5978=LINE('',#2723,#5977);
#5979=EDGE_CURVE('',#2724,#1174,#5978,.T.);
#5980=ORIENTED_EDGE('',*,*,#5979,.T.);
#5981=ORIENTED_EDGE('',*,*,#1361,.F.);
#5982=ORIENTED_EDGE('',*,*,#5967,.F.);
#5983=EDGE_LOOP('',(#5976,#5980,#5981,#5982));
#5984=FACE_OUTER_BOUND('',#5983,.T.);
#5985=AXIS2_PLACEMENT_3D('',#2725,#4111,#3809);
#5986=PLANE('',#5985);
#5987=ADVANCED_FACE('',(#5984),#5986,.T.);
#5988=ORIENTED_EDGE('',*,*,#3009,.F.);
#5989=ORIENTED_EDGE('',*,*,#5429,.T.);
#5990=ORIENTED_EDGE('',*,*,#1365,.T.);
#5991=ORIENTED_EDGE('',*,*,#5979,.F.);
#5992=EDGE_LOOP('',(#5988,#5989,#5990,#5991));
#5993=FACE_OUTER_BOUND('',#5992,.T.);
#5994=AXIS2_PLACEMENT_3D('',#2723,#4124,#1576);
#5995=PLANE('',#5994);
#5996=ADVANCED_FACE('',(#5993),#5995,.T.);
#5997=ORIENTED_EDGE('',*,*,#3295,.F.);
#5998=VECTOR('',#1679,1.);
#5999=LINE('',#3105,#5998);
#6000=EDGE_CURVE('',#3106,#1372,#5999,.T.);
#6001=ORIENTED_EDGE('',*,*,#6000,.T.);
#6002=ORIENTED_EDGE('',*,*,#1467,.T.);
#6003=VECTOR('',#1679,1.);
#6004=LINE('',#3107,#6003);
#6005=EDGE_CURVE('',#3108,#1370,#6004,.T.);
#6006=ORIENTED_EDGE('',*,*,#6005,.F.);
#6007=EDGE_LOOP('',(#5997,#6001,#6002,#6006));
#6008=FACE_OUTER_BOUND('',#6007,.T.);
#6009=AXIS2_PLACEMENT_3D('',#3107,#3677,#281);
#6010=PLANE('',#6009);
#6011=ADVANCED_FACE('',(#6008),#6010,.T.);
#6012=ORIENTED_EDGE('',*,*,#3291,.F.);
#6013=VECTOR('',#1679,1.);
#6014=LINE('',#3103,#6013);
#6015=EDGE_CURVE('',#3104,#1374,#6014,.T.);
#6016=ORIENTED_EDGE('',*,*,#6015,.T.);
#6017=ORIENTED_EDGE('',*,*,#1472,.T.);
#6018=ORIENTED_EDGE('',*,*,#6000,.F.);
#6019=EDGE_LOOP('',(#6012,#6016,#6017,#6018));
#6020=FACE_OUTER_BOUND('',#6019,.T.);
#6021=AXIS2_PLACEMENT_3D('',#3105,#3690,#3691);
#6022=PLANE('',#6021);
#6023=ADVANCED_FACE('',(#6020),#6022,.T.);
#6024=ORIENTED_EDGE('',*,*,#3287,.F.);
#6025=VECTOR('',#1679,1.);
#6026=LINE('',#3101,#6025);
#6027=EDGE_CURVE('',#3102,#1376,#6026,.T.);
#6028=ORIENTED_EDGE('',*,*,#6027,.T.);
#6029=ORIENTED_EDGE('',*,*,#1477,.T.);
#6030=ORIENTED_EDGE('',*,*,#6015,.F.);
#6031=EDGE_LOOP('',(#6024,#6028,#6029,#6030));
#6032=FACE_OUTER_BOUND('',#6031,.T.);
#6033=AXIS2_PLACEMENT_3D('',#3103,#3704,#1474);
#6034=PLANE('',#6033);
#6035=ADVANCED_FACE('',(#6032),#6034,.T.);
#6036=ORIENTED_EDGE('',*,*,#3283,.F.);
#6037=VECTOR('',#1679,1.);
#6038=LINE('',#3099,#6037);
#6039=EDGE_CURVE('',#3100,#1378,#6038,.T.);
#6040=ORIENTED_EDGE('',*,*,#6039,.T.);
#6041=ORIENTED_EDGE('',*,*,#1482,.T.);
#6042=ORIENTED_EDGE('',*,*,#6027,.F.);
#6043=EDGE_LOOP('',(#6036,#6040,#6041,#6042));
#6044=FACE_OUTER_BOUND('',#6043,.T.);
#6045=AXIS2_PLACEMENT_3D('',#3101,#3717,#1479);
#6046=PLANE('',#6045);
#6047=ADVANCED_FACE('',(#6044),#6046,.T.);
#6048=ORIENTED_EDGE('',*,*,#3279,.F.);
#6049=VECTOR('',#1679,1.);
#6050=LINE('',#3097,#6049);
#6051=EDGE_CURVE('',#3098,#1380,#6050,.T.);
#6052=ORIENTED_EDGE('',*,*,#6051,.T.);
#6053=ORIENTED_EDGE('',*,*,#1487,.T.);
#6054=ORIENTED_EDGE('',*,*,#6039,.F.);
#6055=EDGE_LOOP('',(#6048,#6052,#6053,#6054));
#6056=FACE_OUTER_BOUND('',#6055,.T.);
#6057=AXIS2_PLACEMENT_3D('',#3099,#3730,#1484);
#6058=PLANE('',#6057);
#6059=ADVANCED_FACE('',(#6056),#6058,.T.);
#6060=ORIENTED_EDGE('',*,*,#3275,.F.);
#6061=VECTOR('',#1679,1.);
#6062=LINE('',#3095,#6061);
#6063=EDGE_CURVE('',#3096,#1382,#6062,.T.);
#6064=ORIENTED_EDGE('',*,*,#6063,.T.);
#6065=ORIENTED_EDGE('',*,*,#1492,.T.);
#6066=ORIENTED_EDGE('',*,*,#6051,.F.);
#6067=EDGE_LOOP('',(#6060,#6064,#6065,#6066));
#6068=FACE_OUTER_BOUND('',#6067,.T.);
#6069=AXIS2_PLACEMENT_3D('',#3097,#3743,#1489);
#6070=PLANE('',#6069);
#6071=ADVANCED_FACE('',(#6068),#6070,.T.);
#6072=ORIENTED_EDGE('',*,*,#3271,.F.);
#6073=VECTOR('',#1679,1.);
#6074=LINE('',#3093,#6073);
#6075=EDGE_CURVE('',#3094,#1384,#6074,.T.);
#6076=ORIENTED_EDGE('',*,*,#6075,.T.);
#6077=ORIENTED_EDGE('',*,*,#1497,.T.);
#6078=ORIENTED_EDGE('',*,*,#6063,.F.);
#6079=EDGE_LOOP('',(#6072,#6076,#6077,#6078));
#6080=FACE_OUTER_BOUND('',#6079,.T.);
#6081=AXIS2_PLACEMENT_3D('',#3095,#3756,#1494);
#6082=PLANE('',#6081);
#6083=ADVANCED_FACE('',(#6080),#6082,.T.);
#6084=ORIENTED_EDGE('',*,*,#3267,.F.);
#6085=VECTOR('',#1679,1.);
#6086=LINE('',#3091,#6085);
#6087=EDGE_CURVE('',#3092,#1386,#6086,.T.);
#6088=ORIENTED_EDGE('',*,*,#6087,.T.);
#6089=ORIENTED_EDGE('',*,*,#1502,.T.);
#6090=ORIENTED_EDGE('',*,*,#6075,.F.);
#6091=EDGE_LOOP('',(#6084,#6088,#6089,#6090));
#6092=FACE_OUTER_BOUND('',#6091,.T.);
#6093=AXIS2_PLACEMENT_3D('',#3093,#3769,#1499);
#6094=PLANE('',#6093);
#6095=ADVANCED_FACE('',(#6092),#6094,.T.);
#6096=ORIENTED_EDGE('',*,*,#3263,.F.);
#6097=VECTOR('',#1679,1.);
#6098=LINE('',#3089,#6097);
#6099=EDGE_CURVE('',#3090,#1388,#6098,.T.);
#6100=ORIENTED_EDGE('',*,*,#6099,.T.);
#6101=ORIENTED_EDGE('',*,*,#1507,.T.);
#6102=ORIENTED_EDGE('',*,*,#6087,.F.);
#6103=EDGE_LOOP('',(#6096,#6100,#6101,#6102));
#6104=FACE_OUTER_BOUND('',#6103,.T.);
#6105=AXIS2_PLACEMENT_3D('',#3091,#3782,#3783);
#6106=PLANE('',#6105);
#6107=ADVANCED_FACE('',(#6104),#6106,.T.);
#6108=ORIENTED_EDGE('',*,*,#3259,.F.);
#6109=VECTOR('',#1679,1.);
#6110=LINE('',#3087,#6109);
#6111=EDGE_CURVE('',#3088,#1390,#6110,.T.);
#6112=ORIENTED_EDGE('',*,*,#6111,.T.);
#6113=ORIENTED_EDGE('',*,*,#1511,.T.);
#6114=ORIENTED_EDGE('',*,*,#6099,.F.);
#6115=EDGE_LOOP('',(#6108,#6112,#6113,#6114));
#6116=FACE_OUTER_BOUND('',#6115,.T.);
#6117=AXIS2_PLACEMENT_3D('',#3089,#3796,#326);
#6118=PLANE('',#6117);
#6119=ADVANCED_FACE('',(#6116),#6118,.T.);
#6120=ORIENTED_EDGE('',*,*,#3255,.F.);
#6121=VECTOR('',#1679,1.);
#6122=LINE('',#3085,#6121);
#6123=EDGE_CURVE('',#3086,#1392,#6122,.T.);
#6124=ORIENTED_EDGE('',*,*,#6123,.T.);
#6125=ORIENTED_EDGE('',*,*,#1516,.T.);
#6126=ORIENTED_EDGE('',*,*,#6111,.F.);
#6127=EDGE_LOOP('',(#6120,#6124,#6125,#6126));
#6128=FACE_OUTER_BOUND('',#6127,.T.);
#6129=AXIS2_PLACEMENT_3D('',#3087,#3809,#1513);
#6130=PLANE('',#6129);
#6131=ADVANCED_FACE('',(#6128),#6130,.T.);
#6132=ORIENTED_EDGE('',*,*,#3251,.F.);
#6133=VECTOR('',#1679,1.);
#6134=LINE('',#3083,#6133);
#6135=EDGE_CURVE('',#3084,#1394,#6134,.T.);
#6136=ORIENTED_EDGE('',*,*,#6135,.T.);
#6137=ORIENTED_EDGE('',*,*,#1521,.T.);
#6138=ORIENTED_EDGE('',*,*,#6123,.F.);
#6139=EDGE_LOOP('',(#6132,#6136,#6137,#6138));
#6140=FACE_OUTER_BOUND('',#6139,.T.);
#6141=AXIS2_PLACEMENT_3D('',#3085,#1576,#1518);
#6142=PLANE('',#6141);
#6143=ADVANCED_FACE('',(#6140),#6142,.T.);
#6144=ORIENTED_EDGE('',*,*,#3247,.F.);
#6145=VECTOR('',#1679,1.);
#6146=LINE('',#3081,#6145);
#6147=EDGE_CURVE('',#3082,#1396,#6146,.T.);
#6148=ORIENTED_EDGE('',*,*,#6147,.T.);
#6149=ORIENTED_EDGE('',*,*,#1525,.T.);
#6150=ORIENTED_EDGE('',*,*,#6135,.F.);
#6151=EDGE_LOOP('',(#6144,#6148,#6149,#6150));
#6152=FACE_OUTER_BOUND('',#6151,.T.);
#6153=AXIS2_PLACEMENT_3D('',#3083,#281,#341);
#6154=PLANE('',#6153);
#6155=ADVANCED_FACE('',(#6152),#6154,.T.);
#6156=ORIENTED_EDGE('',*,*,#3243,.F.);
#6157=VECTOR('',#1679,1.);
#6158=LINE('',#3079,#6157);
#6159=EDGE_CURVE('',#3080,#1398,#6158,.T.);
#6160=ORIENTED_EDGE('',*,*,#6159,.T.);
#6161=ORIENTED_EDGE('',*,*,#1530,.T.);
#6162=ORIENTED_EDGE('',*,*,#6147,.F.);
#6163=EDGE_LOOP('',(#6156,#6160,#6161,#6162));
#6164=FACE_OUTER_BOUND('',#6163,.T.);
#6165=AXIS2_PLACEMENT_3D('',#3081,#3691,#3846);
#6166=PLANE('',#6165);
#6167=ADVANCED_FACE('',(#6164),#6166,.T.);
#6168=ORIENTED_EDGE('',*,*,#3239,.F.);
#6169=VECTOR('',#1679,1.);
#6170=LINE('',#3077,#6169);
#6171=EDGE_CURVE('',#3078,#1400,#6170,.T.);
#6172=ORIENTED_EDGE('',*,*,#6171,.T.);
#6173=ORIENTED_EDGE('',*,*,#1535,.T.);
#6174=ORIENTED_EDGE('',*,*,#6159,.F.);
#6175=EDGE_LOOP('',(#6168,#6172,#6173,#6174));
#6176=FACE_OUTER_BOUND('',#6175,.T.);
#6177=AXIS2_PLACEMENT_3D('',#3079,#1474,#1532);
#6178=PLANE('',#6177);
#6179=ADVANCED_FACE('',(#6176),#6178,.T.);
#6180=ORIENTED_EDGE('',*,*,#3235,.F.);
#6181=VECTOR('',#1679,1.);
#6182=LINE('',#3075,#6181);
#6183=EDGE_CURVE('',#3076,#1402,#6182,.T.);
#6184=ORIENTED_EDGE('',*,*,#6183,.T.);
#6185=ORIENTED_EDGE('',*,*,#1540,.T.);
#6186=ORIENTED_EDGE('',*,*,#6171,.F.);
#6187=EDGE_LOOP('',(#6180,#6184,#6185,#6186));
#6188=FACE_OUTER_BOUND('',#6187,.T.);
#6189=AXIS2_PLACEMENT_3D('',#3077,#1479,#1537);
#6190=PLANE('',#6189);
#6191=ADVANCED_FACE('',(#6188),#6190,.T.);
#6192=ORIENTED_EDGE('',*,*,#3231,.F.);
#6193=VECTOR('',#1679,1.);
#6194=LINE('',#3073,#6193);
#6195=EDGE_CURVE('',#3074,#1404,#6194,.T.);
#6196=ORIENTED_EDGE('',*,*,#6195,.T.);
#6197=ORIENTED_EDGE('',*,*,#1545,.T.);
#6198=ORIENTED_EDGE('',*,*,#6183,.F.);
#6199=EDGE_LOOP('',(#6192,#6196,#6197,#6198));
#6200=FACE_OUTER_BOUND('',#6199,.T.);
#6201=AXIS2_PLACEMENT_3D('',#3075,#1484,#1542);
#6202=PLANE('',#6201);
#6203=ADVANCED_FACE('',(#6200),#6202,.T.);
#6204=ORIENTED_EDGE('',*,*,#3227,.F.);
#6205=VECTOR('',#1679,1.);
#6206=LINE('',#3071,#6205);
#6207=EDGE_CURVE('',#3072,#1406,#6206,.T.);
#6208=ORIENTED_EDGE('',*,*,#6207,.T.);
#6209=ORIENTED_EDGE('',*,*,#1550,.T.);
#6210=ORIENTED_EDGE('',*,*,#6195,.F.);
#6211=EDGE_LOOP('',(#6204,#6208,#6209,#6210));
#6212=FACE_OUTER_BOUND('',#6211,.T.);
#6213=AXIS2_PLACEMENT_3D('',#3073,#1489,#1547);
#6214=PLANE('',#6213);
#6215=ADVANCED_FACE('',(#6212),#6214,.T.);
#6216=ORIENTED_EDGE('',*,*,#3223,.F.);
#6217=VECTOR('',#1679,1.);
#6218=LINE('',#3069,#6217);
#6219=EDGE_CURVE('',#3070,#1408,#6218,.T.);
#6220=ORIENTED_EDGE('',*,*,#6219,.T.);
#6221=ORIENTED_EDGE('',*,*,#1555,.T.);
#6222=ORIENTED_EDGE('',*,*,#6207,.F.);
#6223=EDGE_LOOP('',(#6216,#6220,#6221,#6222));
#6224=FACE_OUTER_BOUND('',#6223,.T.);
#6225=AXIS2_PLACEMENT_3D('',#3071,#1494,#1552);
#6226=PLANE('',#6225);
#6227=ADVANCED_FACE('',(#6224),#6226,.T.);
#6228=ORIENTED_EDGE('',*,*,#3219,.F.);
#6229=VECTOR('',#1679,1.);
#6230=LINE('',#3067,#6229);
#6231=EDGE_CURVE('',#3068,#1410,#6230,.T.);
#6232=ORIENTED_EDGE('',*,*,#6231,.T.);
#6233=ORIENTED_EDGE('',*,*,#1560,.T.);
#6234=ORIENTED_EDGE('',*,*,#6219,.F.);
#6235=EDGE_LOOP('',(#6228,#6232,#6233,#6234));
#6236=FACE_OUTER_BOUND('',#6235,.T.);
#6237=AXIS2_PLACEMENT_3D('',#3069,#1499,#1557);
#6238=PLANE('',#6237);
#6239=ADVANCED_FACE('',(#6236),#6238,.T.);
#6240=ORIENTED_EDGE('',*,*,#3215,.F.);
#6241=VECTOR('',#1679,1.);
#6242=LINE('',#3065,#6241);
#6243=EDGE_CURVE('',#3066,#1412,#6242,.T.);
#6244=ORIENTED_EDGE('',*,*,#6243,.T.);
#6245=ORIENTED_EDGE('',*,*,#1565,.T.);
#6246=ORIENTED_EDGE('',*,*,#6231,.F.);
#6247=EDGE_LOOP('',(#6240,#6244,#6245,#6246));
#6248=FACE_OUTER_BOUND('',#6247,.T.);
#6249=AXIS2_PLACEMENT_3D('',#3067,#3783,#3931);
#6250=PLANE('',#6249);
#6251=ADVANCED_FACE('',(#6248),#6250,.T.);
#6252=ORIENTED_EDGE('',*,*,#3211,.F.);
#6253=VECTOR('',#1679,1.);
#6254=LINE('',#3063,#6253);
#6255=EDGE_CURVE('',#3064,#1414,#6254,.T.);
#6256=ORIENTED_EDGE('',*,*,#6255,.T.);
#6257=ORIENTED_EDGE('',*,*,#1569,.T.);
#6258=ORIENTED_EDGE('',*,*,#6243,.F.);
#6259=EDGE_LOOP('',(#6252,#6256,#6257,#6258));
#6260=FACE_OUTER_BOUND('',#6259,.T.);
#6261=AXIS2_PLACEMENT_3D('',#3065,#326,#386);
#6262=PLANE('',#6261);
#6263=ADVANCED_FACE('',(#6260),#6262,.T.);
#6264=ORIENTED_EDGE('',*,*,#3207,.F.);
#6265=VECTOR('',#1679,1.);
#6266=LINE('',#3061,#6265);
#6267=EDGE_CURVE('',#3062,#1416,#6266,.T.);
#6268=ORIENTED_EDGE('',*,*,#6267,.T.);
#6269=ORIENTED_EDGE('',*,*,#1574,.T.);
#6270=ORIENTED_EDGE('',*,*,#6255,.F.);
#6271=EDGE_LOOP('',(#6264,#6268,#6269,#6270));
#6272=FACE_OUTER_BOUND('',#6271,.T.);
#6273=AXIS2_PLACEMENT_3D('',#3063,#1513,#1571);
#6274=PLANE('',#6273);
#6275=ADVANCED_FACE('',(#6272),#6274,.T.);
#6276=ORIENTED_EDGE('',*,*,#3203,.T.);
#6277=VECTOR('',#1679,1.);
#6278=LINE('',#3059,#6277);
#6279=EDGE_CURVE('',#3060,#1418,#6278,.T.);
#6280=ORIENTED_EDGE('',*,*,#6279,.T.);
#6281=ORIENTED_EDGE('',*,*,#1579,.F.);
#6282=ORIENTED_EDGE('',*,*,#6267,.F.);
#6283=EDGE_LOOP('',(#6276,#6280,#6281,#6282));
#6284=FACE_OUTER_BOUND('',#6283,.T.);
#6285=AXIS2_PLACEMENT_3D('',#3061,#1518,#3968);
#6286=PLANE('',#6285);
#6287=ADVANCED_FACE('',(#6284),#6286,.T.);
#6288=ORIENTED_EDGE('',*,*,#3199,.T.);
#6289=VECTOR('',#1679,1.);
#6290=LINE('',#3057,#6289);
#6291=EDGE_CURVE('',#3058,#1420,#6290,.T.);
#6292=ORIENTED_EDGE('',*,*,#6291,.T.);
#6293=ORIENTED_EDGE('',*,*,#1583,.F.);
#6294=ORIENTED_EDGE('',*,*,#6279,.F.);
#6295=EDGE_LOOP('',(#6288,#6292,#6293,#6294));
#6296=FACE_OUTER_BOUND('',#6295,.T.);
#6297=AXIS2_PLACEMENT_3D('',#3059,#341,#3981);
#6298=PLANE('',#6297);
#6299=ADVANCED_FACE('',(#6296),#6298,.T.);
#6300=ORIENTED_EDGE('',*,*,#3195,.T.);
#6301=VECTOR('',#1679,1.);
#6302=LINE('',#3055,#6301);
#6303=EDGE_CURVE('',#3056,#1422,#6302,.T.);
#6304=ORIENTED_EDGE('',*,*,#6303,.T.);
#6305=ORIENTED_EDGE('',*,*,#1587,.F.);
#6306=ORIENTED_EDGE('',*,*,#6291,.F.);
#6307=EDGE_LOOP('',(#6300,#6304,#6305,#6306));
#6308=FACE_OUTER_BOUND('',#6307,.T.);
#6309=AXIS2_PLACEMENT_3D('',#3057,#3846,#3994);
#6310=PLANE('',#6309);
#6311=ADVANCED_FACE('',(#6308),#6310,.T.);
#6312=ORIENTED_EDGE('',*,*,#3191,.T.);
#6313=VECTOR('',#1679,1.);
#6314=LINE('',#3053,#6313);
#6315=EDGE_CURVE('',#3054,#1424,#6314,.T.);
#6316=ORIENTED_EDGE('',*,*,#6315,.T.);
#6317=ORIENTED_EDGE('',*,*,#1591,.F.);
#6318=ORIENTED_EDGE('',*,*,#6303,.F.);
#6319=EDGE_LOOP('',(#6312,#6316,#6317,#6318));
#6320=FACE_OUTER_BOUND('',#6319,.T.);
#6321=AXIS2_PLACEMENT_3D('',#3055,#1532,#4007);
#6322=PLANE('',#6321);
#6323=ADVANCED_FACE('',(#6320),#6322,.T.);
#6324=ORIENTED_EDGE('',*,*,#3187,.T.);
#6325=VECTOR('',#1679,1.);
#6326=LINE('',#3051,#6325);
#6327=EDGE_CURVE('',#3052,#1426,#6326,.T.);
#6328=ORIENTED_EDGE('',*,*,#6327,.T.);
#6329=ORIENTED_EDGE('',*,*,#1595,.F.);
#6330=ORIENTED_EDGE('',*,*,#6315,.F.);
#6331=EDGE_LOOP('',(#6324,#6328,#6329,#6330));
#6332=FACE_OUTER_BOUND('',#6331,.T.);
#6333=AXIS2_PLACEMENT_3D('',#3053,#1537,#4020);
#6334=PLANE('',#6333);
#6335=ADVANCED_FACE('',(#6332),#6334,.T.);
#6336=ORIENTED_EDGE('',*,*,#3183,.T.);
#6337=VECTOR('',#1679,1.);
#6338=LINE('',#3049,#6337);
#6339=EDGE_CURVE('',#3050,#1428,#6338,.T.);
#6340=ORIENTED_EDGE('',*,*,#6339,.T.);
#6341=ORIENTED_EDGE('',*,*,#1599,.F.);
#6342=ORIENTED_EDGE('',*,*,#6327,.F.);
#6343=EDGE_LOOP('',(#6336,#6340,#6341,#6342));
#6344=FACE_OUTER_BOUND('',#6343,.T.);
#6345=AXIS2_PLACEMENT_3D('',#3051,#1542,#4033);
#6346=PLANE('',#6345);
#6347=ADVANCED_FACE('',(#6344),#6346,.T.);
#6348=ORIENTED_EDGE('',*,*,#3179,.T.);
#6349=VECTOR('',#1679,1.);
#6350=LINE('',#3047,#6349);
#6351=EDGE_CURVE('',#3048,#1430,#6350,.T.);
#6352=ORIENTED_EDGE('',*,*,#6351,.T.);
#6353=ORIENTED_EDGE('',*,*,#1603,.F.);
#6354=ORIENTED_EDGE('',*,*,#6339,.F.);
#6355=EDGE_LOOP('',(#6348,#6352,#6353,#6354));
#6356=FACE_OUTER_BOUND('',#6355,.T.);
#6357=AXIS2_PLACEMENT_3D('',#3049,#1547,#4046);
#6358=PLANE('',#6357);
#6359=ADVANCED_FACE('',(#6356),#6358,.T.);
#6360=ORIENTED_EDGE('',*,*,#3175,.T.);
#6361=VECTOR('',#1679,1.);
#6362=LINE('',#3045,#6361);
#6363=EDGE_CURVE('',#3046,#1432,#6362,.T.);
#6364=ORIENTED_EDGE('',*,*,#6363,.T.);
#6365=ORIENTED_EDGE('',*,*,#1607,.F.);
#6366=ORIENTED_EDGE('',*,*,#6351,.F.);
#6367=EDGE_LOOP('',(#6360,#6364,#6365,#6366));
#6368=FACE_OUTER_BOUND('',#6367,.T.);
#6369=AXIS2_PLACEMENT_3D('',#3047,#1552,#4059);
#6370=PLANE('',#6369);
#6371=ADVANCED_FACE('',(#6368),#6370,.T.);
#6372=ORIENTED_EDGE('',*,*,#3171,.T.);
#6373=VECTOR('',#1679,1.);
#6374=LINE('',#3043,#6373);
#6375=EDGE_CURVE('',#3044,#1434,#6374,.T.);
#6376=ORIENTED_EDGE('',*,*,#6375,.T.);
#6377=ORIENTED_EDGE('',*,*,#1611,.F.);
#6378=ORIENTED_EDGE('',*,*,#6363,.F.);
#6379=EDGE_LOOP('',(#6372,#6376,#6377,#6378));
#6380=FACE_OUTER_BOUND('',#6379,.T.);
#6381=AXIS2_PLACEMENT_3D('',#3045,#1557,#4072);
#6382=PLANE('',#6381);
#6383=ADVANCED_FACE('',(#6380),#6382,.T.);
#6384=ORIENTED_EDGE('',*,*,#3167,.T.);
#6385=VECTOR('',#1679,1.);
#6386=LINE('',#3041,#6385);
#6387=EDGE_CURVE('',#3042,#1436,#6386,.T.);
#6388=ORIENTED_EDGE('',*,*,#6387,.T.);
#6389=ORIENTED_EDGE('',*,*,#1615,.F.);
#6390=ORIENTED_EDGE('',*,*,#6375,.F.);
#6391=EDGE_LOOP('',(#6384,#6388,#6389,#6390));
#6392=FACE_OUTER_BOUND('',#6391,.T.);
#6393=AXIS2_PLACEMENT_3D('',#3043,#3931,#4085);
#6394=PLANE('',#6393);
#6395=ADVANCED_FACE('',(#6392),#6394,.T.);
#6396=ORIENTED_EDGE('',*,*,#3163,.T.);
#6397=VECTOR('',#1679,1.);
#6398=LINE('',#3039,#6397);
#6399=EDGE_CURVE('',#3040,#1438,#6398,.T.);
#6400=ORIENTED_EDGE('',*,*,#6399,.T.);
#6401=ORIENTED_EDGE('',*,*,#1619,.F.);
#6402=ORIENTED_EDGE('',*,*,#6387,.F.);
#6403=EDGE_LOOP('',(#6396,#6400,#6401,#6402));
#6404=FACE_OUTER_BOUND('',#6403,.T.);
#6405=AXIS2_PLACEMENT_3D('',#3041,#386,#4098);
#6406=PLANE('',#6405);
#6407=ADVANCED_FACE('',(#6404),#6406,.T.);
#6408=ORIENTED_EDGE('',*,*,#3159,.T.);
#6409=VECTOR('',#1679,1.);
#6410=LINE('',#3037,#6409);
#6411=EDGE_CURVE('',#3038,#1440,#6410,.T.);
#6412=ORIENTED_EDGE('',*,*,#6411,.T.);
#6413=ORIENTED_EDGE('',*,*,#1623,.F.);
#6414=ORIENTED_EDGE('',*,*,#6399,.F.);
#6415=EDGE_LOOP('',(#6408,#6412,#6413,#6414));
#6416=FACE_OUTER_BOUND('',#6415,.T.);
#6417=AXIS2_PLACEMENT_3D('',#3039,#1571,#4111);
#6418=PLANE('',#6417);
#6419=ADVANCED_FACE('',(#6416),#6418,.T.);
#6420=ORIENTED_EDGE('',*,*,#3155,.T.);
#6421=VECTOR('',#1679,1.);
#6422=LINE('',#3035,#6421);
#6423=EDGE_CURVE('',#3036,#1442,#6422,.T.);
#6424=ORIENTED_EDGE('',*,*,#6423,.T.);
#6425=ORIENTED_EDGE('',*,*,#1627,.F.);
#6426=ORIENTED_EDGE('',*,*,#6411,.F.);
#6427=EDGE_LOOP('',(#6420,#6424,#6425,#6426));
#6428=FACE_OUTER_BOUND('',#6427,.T.);
#6429=AXIS2_PLACEMENT_3D('',#3037,#3968,#4124);
#6430=PLANE('',#6429);
#6431=ADVANCED_FACE('',(#6428),#6430,.T.);
#6432=ORIENTED_EDGE('',*,*,#3151,.T.);
#6433=VECTOR('',#1679,1.);
#6434=LINE('',#3033,#6433);
#6435=EDGE_CURVE('',#3034,#1444,#6434,.T.);
#6436=ORIENTED_EDGE('',*,*,#6435,.T.);
#6437=ORIENTED_EDGE('',*,*,#1631,.F.);
#6438=ORIENTED_EDGE('',*,*,#6423,.F.);
#6439=EDGE_LOOP('',(#6432,#6436,#6437,#6438));
#6440=FACE_OUTER_BOUND('',#6439,.T.);
#6441=AXIS2_PLACEMENT_3D('',#3035,#3981,#3677);
#6442=PLANE('',#6441);
#6443=ADVANCED_FACE('',(#6440),#6442,.T.);
#6444=ORIENTED_EDGE('',*,*,#3147,.T.);
#6445=VECTOR('',#1679,1.);
#6446=LINE('',#3031,#6445);
#6447=EDGE_CURVE('',#3032,#1446,#6446,.T.);
#6448=ORIENTED_EDGE('',*,*,#6447,.T.);
#6449=ORIENTED_EDGE('',*,*,#1635,.F.);
#6450=ORIENTED_EDGE('',*,*,#6435,.F.);
#6451=EDGE_LOOP('',(#6444,#6448,#6449,#6450));
#6452=FACE_OUTER_BOUND('',#6451,.T.);
#6453=AXIS2_PLACEMENT_3D('',#3033,#3994,#3690);
#6454=PLANE('',#6453);
#6455=ADVANCED_FACE('',(#6452),#6454,.T.);
#6456=ORIENTED_EDGE('',*,*,#3143,.T.);
#6457=VECTOR('',#1679,1.);
#6458=LINE('',#3029,#6457);
#6459=EDGE_CURVE('',#3030,#1448,#6458,.T.);
#6460=ORIENTED_EDGE('',*,*,#6459,.T.);
#6461=ORIENTED_EDGE('',*,*,#1639,.F.);
#6462=ORIENTED_EDGE('',*,*,#6447,.F.);
#6463=EDGE_LOOP('',(#6456,#6460,#6461,#6462));
#6464=FACE_OUTER_BOUND('',#6463,.T.);
#6465=AXIS2_PLACEMENT_3D('',#3031,#4007,#3704);
#6466=PLANE('',#6465);
#6467=ADVANCED_FACE('',(#6464),#6466,.T.);
#6468=ORIENTED_EDGE('',*,*,#3139,.T.);
#6469=VECTOR('',#1679,1.);
#6470=LINE('',#3027,#6469);
#6471=EDGE_CURVE('',#3028,#1450,#6470,.T.);
#6472=ORIENTED_EDGE('',*,*,#6471,.T.);
#6473=ORIENTED_EDGE('',*,*,#1643,.F.);
#6474=ORIENTED_EDGE('',*,*,#6459,.F.);
#6475=EDGE_LOOP('',(#6468,#6472,#6473,#6474));
#6476=FACE_OUTER_BOUND('',#6475,.T.);
#6477=AXIS2_PLACEMENT_3D('',#3029,#4020,#3717);
#6478=PLANE('',#6477);
#6479=ADVANCED_FACE('',(#6476),#6478,.T.);
#6480=ORIENTED_EDGE('',*,*,#3135,.T.);
#6481=VECTOR('',#1679,1.);
#6482=LINE('',#3025,#6481);
#6483=EDGE_CURVE('',#3026,#1452,#6482,.T.);
#6484=ORIENTED_EDGE('',*,*,#6483,.T.);
#6485=ORIENTED_EDGE('',*,*,#1647,.F.);
#6486=ORIENTED_EDGE('',*,*,#6471,.F.);
#6487=EDGE_LOOP('',(#6480,#6484,#6485,#6486));
#6488=FACE_OUTER_BOUND('',#6487,.T.);
#6489=AXIS2_PLACEMENT_3D('',#3027,#4033,#3730);
#6490=PLANE('',#6489);
#6491=ADVANCED_FACE('',(#6488),#6490,.T.);
#6492=ORIENTED_EDGE('',*,*,#3131,.T.);
#6493=VECTOR('',#1679,1.);
#6494=LINE('',#3023,#6493);
#6495=EDGE_CURVE('',#3024,#1454,#6494,.T.);
#6496=ORIENTED_EDGE('',*,*,#6495,.T.);
#6497=ORIENTED_EDGE('',*,*,#1651,.F.);
#6498=ORIENTED_EDGE('',*,*,#6483,.F.);
#6499=EDGE_LOOP('',(#6492,#6496,#6497,#6498));
#6500=FACE_OUTER_BOUND('',#6499,.T.);
#6501=AXIS2_PLACEMENT_3D('',#3025,#4046,#3743);
#6502=PLANE('',#6501);
#6503=ADVANCED_FACE('',(#6500),#6502,.T.);
#6504=ORIENTED_EDGE('',*,*,#3127,.T.);
#6505=VECTOR('',#1679,1.);
#6506=LINE('',#3021,#6505);
#6507=EDGE_CURVE('',#3022,#1456,#6506,.T.);
#6508=ORIENTED_EDGE('',*,*,#6507,.T.);
#6509=ORIENTED_EDGE('',*,*,#1655,.F.);
#6510=ORIENTED_EDGE('',*,*,#6495,.F.);
#6511=EDGE_LOOP('',(#6504,#6508,#6509,#6510));
#6512=FACE_OUTER_BOUND('',#6511,.T.);
#6513=AXIS2_PLACEMENT_3D('',#3023,#4059,#3756);
#6514=PLANE('',#6513);
#6515=ADVANCED_FACE('',(#6512),#6514,.T.);
#6516=ORIENTED_EDGE('',*,*,#3123,.T.);
#6517=VECTOR('',#1679,1.);
#6518=LINE('',#3019,#6517);
#6519=EDGE_CURVE('',#3020,#1458,#6518,.T.);
#6520=ORIENTED_EDGE('',*,*,#6519,.T.);
#6521=ORIENTED_EDGE('',*,*,#1659,.F.);
#6522=ORIENTED_EDGE('',*,*,#6507,.F.);
#6523=EDGE_LOOP('',(#6516,#6520,#6521,#6522));
#6524=FACE_OUTER_BOUND('',#6523,.T.);
#6525=AXIS2_PLACEMENT_3D('',#3021,#4072,#3769);
#6526=PLANE('',#6525);
#6527=ADVANCED_FACE('',(#6524),#6526,.T.);
#6528=ORIENTED_EDGE('',*,*,#3119,.T.);
#6529=VECTOR('',#1679,1.);
#6530=LINE('',#3017,#6529);
#6531=EDGE_CURVE('',#3018,#1460,#6530,.T.);
#6532=ORIENTED_EDGE('',*,*,#6531,.T.);
#6533=ORIENTED_EDGE('',*,*,#1663,.F.);
#6534=ORIENTED_EDGE('',*,*,#6519,.F.);
#6535=EDGE_LOOP('',(#6528,#6532,#6533,#6534));
#6536=FACE_OUTER_BOUND('',#6535,.T.);
#6537=AXIS2_PLACEMENT_3D('',#3019,#4085,#3782);
#6538=PLANE('',#6537);
#6539=ADVANCED_FACE('',(#6536),#6538,.T.);
#6540=ORIENTED_EDGE('',*,*,#3115,.T.);
#6541=VECTOR('',#1679,1.);
#6542=LINE('',#3015,#6541);
#6543=EDGE_CURVE('',#3016,#1462,#6542,.T.);
#6544=ORIENTED_EDGE('',*,*,#6543,.T.);
#6545=ORIENTED_EDGE('',*,*,#1667,.F.);
#6546=ORIENTED_EDGE('',*,*,#6531,.F.);
#6547=EDGE_LOOP('',(#6540,#6544,#6545,#6546));
#6548=FACE_OUTER_BOUND('',#6547,.T.);
#6549=AXIS2_PLACEMENT_3D('',#3017,#4098,#3796);
#6550=PLANE('',#6549);
#6551=ADVANCED_FACE('',(#6548),#6550,.T.);
#6552=ORIENTED_EDGE('',*,*,#3111,.T.);
#6553=VECTOR('',#1679,1.);
#6554=LINE('',#3013,#6553);
#6555=EDGE_CURVE('',#3014,#1464,#6554,.T.);
#6556=ORIENTED_EDGE('',*,*,#6555,.T.);
#6557=ORIENTED_EDGE('',*,*,#1671,.F.);
#6558=ORIENTED_EDGE('',*,*,#6543,.F.);
#6559=EDGE_LOOP('',(#6552,#6556,#6557,#6558));
#6560=FACE_OUTER_BOUND('',#6559,.T.);
#6561=AXIS2_PLACEMENT_3D('',#3015,#4111,#3809);
#6562=PLANE('',#6561);
#6563=ADVANCED_FACE('',(#6560),#6562,.T.);
#6564=ORIENTED_EDGE('',*,*,#3299,.F.);
#6565=ORIENTED_EDGE('',*,*,#6005,.T.);
#6566=ORIENTED_EDGE('',*,*,#1675,.T.);
#6567=ORIENTED_EDGE('',*,*,#6555,.F.);
#6568=EDGE_LOOP('',(#6564,#6565,#6566,#6567));
#6569=FACE_OUTER_BOUND('',#6568,.T.);
#6570=AXIS2_PLACEMENT_3D('',#3013,#4124,#1576);
#6571=PLANE('',#6570);
#6572=ADVANCED_FACE('',(#6569),#6571,.T.);
#6573=CLOSED_SHELL('',(#1682,#3307,#3324,#3337,#3351,#3365,#3378,#3392,#3404,#3417,#3429,#3442,#3455,#3467,#3480,#3492,#3505,#3518,#3531,#3544,#3557,#3570,#3583,#3595,#3607,#3619,#3631,#3643,#3655,#3664,#3680,#3694,#3707,#3720,#3733,#3746,#3759,#3772,#3786,#3799,#3812,#3824,#3836,#3849,#3861,#3873,#3885,#3897,#3909,#3921,#3934,#3946,#3958,#3971,#3984,#3997,#4010,#4023,#4036,#4049,#4062,#4075,#4088,#4101,#4114,#4127,#4139,#4151,#4163,#4175,#4187,#4199,#4211,#4223,#4235,#4247,#4259,#4268,#4283,#4295,#4307,#4319,#4331,#4343,#4355,#4367,#4379,#4391,#4403,#4415,#4427,#4439,#4451,#4463,#4475,#4487,#4499,#4511,#4523,#4535,#4547,#4559,#4571,#4583,#4595,#4607,#4619,#4631,#4643,#4655,#4667,#4679,#4691,#4703,#4715,#4727,#4739,#4751,#4763,#4775,#4787,#4799,#4811,#4823,#4835,#4844,#4859,#4871,#4883,#4895,#4907,#4919,#4931,#4943,#4955,#4967,#4979,#4991,#5003,#5015,#5027,#5039,#5051,#5063,#5075,#5087,#5099,#5111,#5123,#5135,#5147,#5159,#5171,#5183,#5195,#5207,#5219,#5231,#5243,#5255,#5267,#5279,#5291,#5303,#5315,#5327,#5339,#5351,#5363,#5375,#5387,#5399,#5411,#5420,#5435,#5447,#5459,#5471,#5483,#5495,#5507,#5519,#5531,#5543,#5555,#5567,#5579,#5591,#5603,#5615,#5627,#5639,#5651,#5663,#5675,#5687,#5699,#5711,#5723,#5735,#5747,#5759,#5771,#5783,#5795,#5807,#5819,#5831,#5843,#5855,#5867,#5879,#5891,#5903,#5915,#5927,#5939,#5951,#5963,#5975,#5987,#5996,#6011,#6023,#6035,#6047,#6059,#6071,#6083,#6095,#6107,#6119,#6131,#6143,#6155,#6167,#6179,#6191,#6203,#6215,#6227,#6239,#6251,#6263,#6275,#6287,#6299,#6311,#6323,#6335,#6347,#6359,#6371,#6383,#6395,#6407,#6419,#6431,#6443,#6455,#6467,#6479,#6491,#6503,#6515,#6527,#6539,#6551,#6563,#6572));
#6574=MANIFOLD_SOLID_BREP('plate',#6573);
#6575=CARTESIAN_POINT('',(-30.5,19.5,4.5));
#6576=VERTEX_POINT('',#6575);
#6577=CARTESIAN_POINT('',(-30.5256654,19.8915786,4.5));
#6578=VERTEX_POINT('',#6577);
#6579=CARTESIAN_POINT('',(-30.6022225,20.2764571,4.5));
#6580=VERTEX_POINT('',#6579);
#6581=CARTESIAN_POINT('',(-30.7283614,20.6480503,4.5));
#6582=VERTEX_POINT('',#6581);
#6583=CARTESIAN_POINT('',(-30.9019238,21.,4.5));
#6584=VERTEX_POINT('',#6583);
#6585=CARTESIAN_POINT('',(-31.11994,21.3262843,4.5));
#6586=VERTEX_POINT('',#6585);
#6587=CARTESIAN_POINT('',(-31.3786797,21.6213203,4.5));
#6588=VERTEX_POINT('',#6587);
#6589=CARTESIAN_POINT('',(-31.6737157,21.88006,4.5));
#6590=VERTEX_POINT('',#6589);
#6591=CARTESIAN_POINT('',(-32.,22.0980762,4.5));
#6592=VERTEX_POINT('',#6591);
#6593=CARTESIAN_POINT('',(-32.3519497,22.2716386,4.5));
#6594=VERTEX_POINT('',#6593);
#6595=CARTESIAN_POINT('',(-32.7235429,22.3977775,4.5));
#6596=VERTEX_POINT('',#6595);
#6597=CARTESIAN_POINT('',(-33.1084214,22.4743346,4.5));
#6598=VERTEX_POINT('',#6597);
#6599=CARTESIAN_POINT('',(-33.5,22.5,4.5));
#6600=VERTEX_POINT('',#6599);
#6601=CARTESIAN_POINT('',(-33.8915786,22.4743346,4.5));
#6602=VERTEX_POINT('',#6601);
#6603=CARTESIAN_POINT('',(-34.2764571,22.3977775,4.5));
#6604=VERTEX_POINT('',#6603);
#6605=CARTESIAN_POINT('',(-34.6480503,22.2716386,4.5));
#6606=VERTEX_POINT('',#6605);
#6607=CARTESIAN_POINT('',(-35.,22.0980762,4.5));
#6608=VERTEX_POINT('',#6607);
#6609=CARTESIAN_POINT('',(-35.3262843,21.88006,4.5));
#6610=VERTEX_POINT('',#6609);
#6611=CARTESIAN_POINT('',(-35.6213203,21.6213203,4.5));
#6612=VERTEX_POINT('',#6611);
#6613=CARTESIAN_POINT('',(-35.88006,21.3262843,4.5));
#6614=VERTEX_POINT('',#6613);
#6615=CARTESIAN_POINT('',(-36.0980762,21.,4.5));
#6616=VERTEX_POINT('',#6615);
#6617=CARTESIAN_POINT('',(-36.2716386,20.6480503,4.5));
#6618=VERTEX_POINT('',#6617);
#6619=CARTESIAN_POINT('',(-36.3977775,20.2764571,4.5));
#6620=VERTEX_POINT('',#6619);
#6621=CARTESIAN_POINT('',(-36.4743346,19.8915786,4.5));
#6622=VERTEX_POINT('',#6621);
#6623=CARTESIAN_POINT('',(-36.5,19.5,4.5));
#6624=VERTEX_POINT('',#6623);
#6625=CARTESIAN_POINT('',(-36.4743346,19.1084214,4.5));
#6626=VERTEX_POINT('',#6625);
#6627=CARTESIAN_POINT('',(-36.3977775,18.7235429,4.5));
#6628=VERTEX_POINT('',#6627);
#6629=CARTESIAN_POINT('',(-36.2716386,18.3519497,4.5));
#6630=VERTEX_POINT('',#6629);
#6631=CARTESIAN_POINT('',(-36.0980762,18.,4.5));
#6632=VERTEX_POINT('',#6631);
#6633=CARTESIAN_POINT('',(-35.88006,17.6737157,4.5));
#6634=VERTEX_POINT('',#6633);
#6635=CARTESIAN_POINT('',(-35.6213203,17.3786797,4.5));
#6636=VERTEX_POINT('',#6635);
#6637=CARTESIAN_POINT('',(-35.3262843,17.11994,4.5));
#6638=VERTEX_POINT('',#6637);
#6639=CARTESIAN_POINT('',(-35.,16.9019238,4.5));
#6640=VERTEX_POINT('',#6639);
#6641=CARTESIAN_POINT('',(-34.6480503,16.7283614,4.5));
#6642=VERTEX_POINT('',#6641);
#6643=CARTESIAN_POINT('',(-34.2764571,16.6022225,4.5));
#6644=VERTEX_POINT('',#6643);
#6645=CARTESIAN_POINT('',(-33.8915786,16.5256654,4.5));
#6646=VERTEX_POINT('',#6645);
#6647=CARTESIAN_POINT('',(-33.5,16.5,4.5));
#6648=VERTEX_POINT('',#6647);
#6649=CARTESIAN_POINT('',(-33.1084214,16.5256654,4.5));
#6650=VERTEX_POINT('',#6649);
#6651=CARTESIAN_POINT('',(-32.7235429,16.6022225,4.5));
#6652=VERTEX_POINT('',#6651);
#6653=CARTESIAN_POINT('',(-32.3519497,16.7283614,4.5));
#6654=VERTEX_POINT('',#6653);
#6655=CARTESIAN_POINT('',(-32.,16.9019238,4.5));
#6656=VERTEX_POINT('',#6655);
#6657=CARTESIAN_POINT('',(-31.6737157,17.11994,4.5));
#6658=VERTEX_POINT('',#6657);
#6659=CARTESIAN_POINT('',(-31.3786797,17.3786797,4.5));
#6660=VERTEX_POINT('',#6659);
#6661=CARTESIAN_POINT('',(-31.11994,17.6737157,4.5));
#6662=VERTEX_POINT('',#6661);
#6663=CARTESIAN_POINT('',(-30.9019238,18.,4.5));
#6664=VERTEX_POINT('',#6663);
#6665=CARTESIAN_POINT('',(-30.7283614,18.3519497,4.5));
#6666=VERTEX_POINT('',#6665);
#6667=CARTESIAN_POINT('',(-30.6022225,18.7235429,4.5));
#6668=VERTEX_POINT('',#6667);
#6669=CARTESIAN_POINT('',(-30.5256654,19.1084214,4.5));
#6670=VERTEX_POINT('',#6669);
#6671=VECTOR('',#1571,1.);
#6672=LINE('',#6577,#6671);
#6673=EDGE_CURVE('',#6578,#6576,#6672,.T.);
#6674=ORIENTED_EDGE('',*,*,#6673,.F.);
#6675=VECTOR('',#386,1.);
#6676=LINE('',#6579,#6675);
#6677=EDGE_CURVE('',#6580,#6578,#6676,.T.);
#6678=ORIENTED_EDGE('',*,*,#6677,.F.);
#6679=DIRECTION('',(0.321439464,-0.94693013,0.));
#6680=VECTOR('',#6679,1.);
#6681=LINE('',#6581,#6680);
#6682=EDGE_CURVE('',#6582,#6580,#6681,.T.);
#6683=ORIENTED_EDGE('',*,*,#6682,.F.);
#6684=DIRECTION('',(0.442288692,-0.896872741,0.));
#6685=VECTOR('',#6684,1.);
#6686=LINE('',#6583,#6685);
#6687=EDGE_CURVE('',#6584,#6582,#6686,.T.);
#6688=ORIENTED_EDGE('',*,*,#6687,.F.);
#6689=DIRECTION('',(0.555570232,-0.831469613,0.));
#6690=VECTOR('',#6689,1.);
#6691=LINE('',#6585,#6690);
#6692=EDGE_CURVE('',#6586,#6584,#6691,.T.);
#6693=ORIENTED_EDGE('',*,*,#6692,.F.);
#6694=DIRECTION('',(0.659345814,-0.751839808,0.));
#6695=VECTOR('',#6694,1.);
#6696=LINE('',#6587,#6695);
#6697=EDGE_CURVE('',#6588,#6586,#6696,.T.);
#6698=ORIENTED_EDGE('',*,*,#6697,.F.);
#6699=DIRECTION('',(0.751839808,-0.659345814,0.));
#6700=VECTOR('',#6699,1.);
#6701=LINE('',#6589,#6700);
#6702=EDGE_CURVE('',#6590,#6588,#6701,.T.);
#6703=ORIENTED_EDGE('',*,*,#6702,.F.);
#6704=DIRECTION('',(0.831469613,-0.555570232,0.));
#6705=VECTOR('',#6704,1.);
#6706=LINE('',#6591,#6705);
#6707=EDGE_CURVE('',#6592,#6590,#6706,.T.);
#6708=ORIENTED_EDGE('',*,*,#6707,.F.);
#6709=DIRECTION('',(0.896872741,-0.442288692,0.));
#6710=VECTOR('',#6709,1.);
#6711=LINE('',#6593,#6710);
#6712=EDGE_CURVE('',#6594,#6592,#6711,.T.);
#6713=ORIENTED_EDGE('',*,*,#6712,.F.);
#6714=DIRECTION('',(0.94693013,-0.321439464,0.));
#6715=VECTOR('',#6714,1.);
#6716=LINE('',#6595,#6715);
#6717=EDGE_CURVE('',#6596,#6594,#6716,.T.);
#6718=ORIENTED_EDGE('',*,*,#6717,.F.);
#6719=VECTOR('',#341,1.);
#6720=LINE('',#6597,#6719);
#6721=EDGE_CURVE('',#6598,#6596,#6720,.T.);
#6722=ORIENTED_EDGE('',*,*,#6721,.F.);
#6723=VECTOR('',#1518,1.);
#6724=LINE('',#6599,#6723);
#6725=EDGE_CURVE('',#6600,#6598,#6724,.T.);
#6726=ORIENTED_EDGE('',*,*,#6725,.F.);
#6727=VECTOR('',#1513,1.);
#6728=LINE('',#6601,#6727);
#6729=EDGE_CURVE('',#6602,#6600,#6728,.T.);
#6730=ORIENTED_EDGE('',*,*,#6729,.F.);
#6731=VECTOR('',#326,1.);
#6732=LINE('',#6603,#6731);
#6733=EDGE_CURVE('',#6604,#6602,#6732,.T.);
#6734=ORIENTED_EDGE('',*,*,#6733,.F.);
#6735=DIRECTION('',(0.94693013,0.321439464,0.));
#6736=VECTOR('',#6735,1.);
#6737=LINE('',#6605,#6736);
#6738=EDGE_CURVE('',#6606,#6604,#6737,.T.);
#6739=ORIENTED_EDGE('',*,*,#6738,.F.);
#6740=DIRECTION('',(0.896872741,0.442288692,0.));
#6741=VECTOR('',#6740,1.);
#6742=LINE('',#6607,#6741);
#6743=EDGE_CURVE('',#6608,#6606,#6742,.T.);
#6744=ORIENTED_EDGE('',*,*,#6743,.F.);
#6745=DIRECTION('',(0.831469613,0.555570232,0.));
#6746=VECTOR('',#6745,1.);
#6747=LINE('',#6609,#6746);
#6748=EDGE_CURVE('',#6610,#6608,#6747,.T.);
#6749=ORIENTED_EDGE('',*,*,#6748,.F.);
#6750=DIRECTION('',(0.751839808,0.659345814,0.));
#6751=VECTOR('',#6750,1.);
#6752=LINE('',#6611,#6751);
#6753=EDGE_CURVE('',#6612,#6610,#6752,.T.);
#6754=ORIENTED_EDGE('',*,*,#6753,.F.);
#6755=DIRECTION('',(0.659345814,0.751839808,0.));
#6756=VECTOR('',#6755,1.);
#6757=LINE('',#6613,#6756);
#6758=EDGE_CURVE('',#6614,#6612,#6757,.T.);
#6759=ORIENTED_EDGE('',*,*,#6758,.F.);
#6760=DIRECTION('',(0.555570232,0.831469613,0.));
#6761=VECTOR('',#6760,1.);
#6762=LINE('',#6615,#6761);
#6763=EDGE_CURVE('',#6616,#6614,#6762,.T.);
#6764=ORIENTED_EDGE('',*,*,#6763,.F.);
#6765=DIRECTION('',(0.442288692,0.896872741,0.));
#6766=VECTOR('',#6765,1.);
#6767=LINE('',#6617,#6766);
#6768=EDGE_CURVE('',#6618,#6616,#6767,.T.);
#6769=ORIENTED_EDGE('',*,*,#6768,.F.);
#6770=DIRECTION('',(0.321439464,0.94693013,0.));
#6771=VECTOR('',#6770,1.);
#6772=LINE('',#6619,#6771);
#6773=EDGE_CURVE('',#6620,#6618,#6772,.T.);
#6774=ORIENTED_EDGE('',*,*,#6773,.F.);
#6775=VECTOR('',#281,1.);
#6776=LINE('',#6621,#6775);
#6777=EDGE_CURVE('',#6622,#6620,#6776,.T.);
#6778=ORIENTED_EDGE('',*,*,#6777,.F.);
#6779=VECTOR('',#1576,1.);
#6780=LINE('',#6623,#6779);
#6781=EDGE_CURVE('',#6624,#6622,#6780,.T.);
#6782=ORIENTED_EDGE('',*,*,#6781,.F.);
#6783=VECTOR('',#1571,1.);
#6784=LINE('',#6623,#6783);
#6785=EDGE_CURVE('',#6624,#6626,#6784,.T.);
#6786=ORIENTED_EDGE('',*,*,#6785,.T.);
#6787=VECTOR('',#386,1.);
#6788=LINE('',#6625,#6787);
#6789=EDGE_CURVE('',#6626,#6628,#6788,.T.);
#6790=ORIENTED_EDGE('',*,*,#6789,.T.);
#6791=VECTOR('',#6679,1.);
#6792=LINE('',#6627,#6791);
#6793=EDGE_CURVE('',#6628,#6630,#6792,.T.);
#6794=ORIENTED_EDGE('',*,*,#6793,.T.);
#6795=VECTOR('',#6684,1.);
#6796=LINE('',#6629,#6795);
#6797=EDGE_CURVE('',#6630,#6632,#6796,.T.);
#6798=ORIENTED_EDGE('',*,*,#6797,.T.);
#6799=VECTOR('',#6689,1.);
#6800=LINE('',#6631,#6799);
#6801=EDGE_CURVE('',#6632,#6634,#6800,.T.);
#6802=ORIENTED_EDGE('',*,*,#6801,.T.);
#6803=VECTOR('',#6694,1.);
#6804=LINE('',#6633,#6803);
#6805=EDGE_CURVE('',#6634,#6636,#6804,.T.);
#6806=ORIENTED_EDGE('',*,*,#6805,.T.);
#6807=VECTOR('',#6699,1.);
#6808=LINE('',#6635,#6807);
#6809=EDGE_CURVE('',#6636,#6638,#6808,.T.);
#6810=ORIENTED_EDGE('',*,*,#6809,.T.);
#6811=VECTOR('',#6704,1.);
#6812=LINE('',#6637,#6811);
#6813=EDGE_CURVE('',#6638,#6640,#6812,.T.);
#6814=ORIENTED_EDGE('',*,*,#6813,.T.);
#6815=VECTOR('',#6709,1.);
#6816=LINE('',#6639,#6815);
#6817=EDGE_CURVE('',#6640,#6642,#6816,.T.);
#6818=ORIENTED_EDGE('',*,*,#6817,.T.);
#6819=VECTOR('',#6714,1.);
#6820=LINE('',#6641,#6819);
#6821=EDGE_CURVE('',#6642,#6644,#6820,.T.);
#6822=ORIENTED_EDGE('',*,*,#6821,.T.);
#6823=VECTOR('',#341,1.);
#6824=LINE('',#6643,#6823);
#6825=EDGE_CURVE('',#6644,#6646,#6824,.T.);
#6826=ORIENTED_EDGE('',*,*,#6825,.T.);
#6827=VECTOR('',#1518,1.);
#6828=LINE('',#6645,#6827);
#6829=EDGE_CURVE('',#6646,#6648,#6828,.T.);
#6830=ORIENTED_EDGE('',*,*,#6829,.T.);
#6831=VECTOR('',#1513,1.);
#6832=LINE('',#6647,#6831);
#6833=EDGE_CURVE('',#6648,#6650,#6832,.T.);
#6834=ORIENTED_EDGE('',*,*,#6833,.T.);
#6835=VECTOR('',#326,1.);
#6836=LINE('',#6649,#6835);
#6837=EDGE_CURVE('',#6650,#6652,#6836,.T.);
#6838=ORIENTED_EDGE('',*,*,#6837,.T.);
#6839=VECTOR('',#6735,1.);
#6840=LINE('',#6651,#6839);
#6841=EDGE_CURVE('',#6652,#6654,#6840,.T.);
#6842=ORIENTED_EDGE('',*,*,#6841,.T.);
#6843=VECTOR('',#6740,1.);
#6844=LINE('',#6653,#6843);
#6845=EDGE_CURVE('',#6654,#6656,#6844,.T.);
#6846=ORIENTED_EDGE('',*,*,#6845,.T.);
#6847=VECTOR('',#6745,1.);
#6848=LINE('',#6655,#6847);
#6849=EDGE_CURVE('',#6656,#6658,#6848,.T.);
#6850=ORIENTED_EDGE('',*,*,#6849,.T.);
#6851=VECTOR('',#6750,1.);
#6852=LINE('',#6657,#6851);
#6853=EDGE_CURVE('',#6658,#6660,#6852,.T.);
#6854=ORIENTED_EDGE('',*,*,#6853,.T.);
#6855=VECTOR('',#6755,1.);
#6856=LINE('',#6659,#6855);
#6857=EDGE_CURVE('',#6660,#6662,#6856,.T.);
#6858=ORIENTED_EDGE('',*,*,#6857,.T.);
#6859=VECTOR('',#6760,1.);
#6860=LINE('',#6661,#6859);
#6861=EDGE_CURVE('',#6662,#6664,#6860,.T.);
#6862=ORIENTED_EDGE('',*,*,#6861,.T.);
#6863=VECTOR('',#6765,1.);
#6864=LINE('',#6663,#6863);
#6865=EDGE_CURVE('',#6664,#6666,#6864,.T.);
#6866=ORIENTED_EDGE('',*,*,#6865,.T.);
#6867=VECTOR('',#6770,1.);
#6868=LINE('',#6665,#6867);
#6869=EDGE_CURVE('',#6666,#6668,#6868,.T.);
#6870=ORIENTED_EDGE('',*,*,#6869,.T.);
#6871=VECTOR('',#281,1.);
#6872=LINE('',#6667,#6871);
#6873=EDGE_CURVE('',#6668,#6670,#6872,.T.);
#6874=ORIENTED_EDGE('',*,*,#6873,.T.);
#6875=VECTOR('',#1576,1.);
#6876=LINE('',#6669,#6875);
#6877=EDGE_CURVE('',#6670,#6576,#6876,.T.);
#6878=ORIENTED_EDGE('',*,*,#6877,.T.);
#6879=EDGE_LOOP('',(#6674,#6678,#6683,#6688,#6693,#6698,#6703,#6708,#6713,#6718,#6722,#6726,#6730,#6734,#6739,#6744,#6749,#6754,#6759,#6764,#6769,#6774,#6778,#6782,#6786,#6790,#6794,#6798,#6802,#6806,#6810,#6814,#6818,#6822,#6826,#6830,#6834,#6838,#6842,#6846,#6850,#6854,#6858,#6862,#6866,#6870,#6874,#6878));
#6880=FACE_OUTER_BOUND('',#6879,.T.);
#6881=ORIENTED_EDGE('',*,*,#2135,.F.);
#6882=ORIENTED_EDGE('',*,*,#2131,.F.);
#6883=ORIENTED_EDGE('',*,*,#2127,.F.);
#6884=ORIENTED_EDGE('',*,*,#2123,.F.);
#6885=ORIENTED_EDGE('',*,*,#2119,.F.);
#6886=ORIENTED_EDGE('',*,*,#2115,.F.);
#6887=ORIENTED_EDGE('',*,*,#2111,.F.);
#6888=ORIENTED_EDGE('',*,*,#2107,.F.);
#6889=ORIENTED_EDGE('',*,*,#2103,.F.);
#6890=ORIENTED_EDGE('',*,*,#2099,.F.);
#6891=ORIENTED_EDGE('',*,*,#2095,.F.);
#6892=ORIENTED_EDGE('',*,*,#2091,.F.);
#6893=ORIENTED_EDGE('',*,*,#2087,.F.);
#6894=ORIENTED_EDGE('',*,*,#2083,.F.);
#6895=ORIENTED_EDGE('',*,*,#2079,.F.);
#6896=ORIENTED_EDGE('',*,*,#2075,.F.);
#6897=ORIENTED_EDGE('',*,*,#2071,.F.);
#6898=ORIENTED_EDGE('',*,*,#2067,.F.);
#6899=ORIENTED_EDGE('',*,*,#2063,.F.);
#6900=ORIENTED_EDGE('',*,*,#2059,.F.);
#6901=ORIENTED_EDGE('',*,*,#2055,.F.);
#6902=ORIENTED_EDGE('',*,*,#2051,.F.);
#6903=ORIENTED_EDGE('',*,*,#2047,.F.);
#6904=ORIENTED_EDGE('',*,*,#2043,.T.);
#6905=ORIENTED_EDGE('',*,*,#2039,.T.);
#6906=ORIENTED_EDGE('',*,*,#2035,.T.);
#6907=ORIENTED_EDGE('',*,*,#2031,.T.);
#6908=ORIENTED_EDGE('',*,*,#2027,.T.);
#6909=ORIENTED_EDGE('',*,*,#2023,.T.);
#6910=ORIENTED_EDGE('',*,*,#2019,.T.);
#6911=ORIENTED_EDGE('',*,*,#2015,.T.);
#6912=ORIENTED_EDGE('',*,*,#2011,.T.);
#6913=ORIENTED_EDGE('',*,*,#2007,.T.);
#6914=ORIENTED_EDGE('',*,*,#2003,.T.);
#6915=ORIENTED_EDGE('',*,*,#1999,.T.);
#6916=ORIENTED_EDGE('',*,*,#1995,.T.);
#6917=ORIENTED_EDGE('',*,*,#1991,.T.);
#6918=ORIENTED_EDGE('',*,*,#1987,.T.);
#6919=ORIENTED_EDGE('',*,*,#1983,.T.);
#6920=ORIENTED_EDGE('',*,*,#1979,.T.);
#6921=ORIENTED_EDGE('',*,*,#1975,.T.);
#6922=ORIENTED_EDGE('',*,*,#1971,.T.);
#6923=ORIENTED_EDGE('',*,*,#1967,.T.);
#6924=ORIENTED_EDGE('',*,*,#1963,.T.);
#6925=ORIENTED_EDGE('',*,*,#1959,.T.);
#6926=ORIENTED_EDGE('',*,*,#1955,.T.);
#6927=ORIENTED_EDGE('',*,*,#1951,.T.);
#6928=ORIENTED_EDGE('',*,*,#2139,.F.);
#6929=EDGE_LOOP('',(#6881,#6882,#6883,#6884,#6885,#6886,#6887,#6888,#6889,#6890,#6891,#6892,#6893,#6894,#6895,#6896,#6897,#6898,#6899,#6900,#6901,#6902,#6903,#6904,#6905,#6906,#6907,#6908,#6909,#6910,#6911,#6912,#6913,#6914,#6915,#6916,#6917,#6918,#6919,#6920,#6921,#6922,#6923,#6924,#6925,#6926,#6927,#6928));
#6930=FACE_BOUND('',#6929,.T.);
#6931=AXIS2_PLACEMENT_3D('',#6575,#1679,#87);
#6932=PLANE('',#6931);
#6933=ADVANCED_FACE('',(#6880,#6930),#6932,.T.);
#6934=CARTESIAN_POINT('',(-30.5256654,19.1084214,0.));
#6935=VERTEX_POINT('',#6934);
#6936=CARTESIAN_POINT('',(-30.6022225,18.7235429,0.));
#6937=VERTEX_POINT('',#6936);
#6938=CARTESIAN_POINT('',(-30.7283614,18.3519497,0.));
#6939=VERTEX_POINT('',#6938);
#6940=CARTESIAN_POINT('',(-30.9019238,18.,0.));
#6941=VERTEX_POINT('',#6940);
#6942=CARTESIAN_POINT('',(-31.11994,17.6737157,0.));
#6943=VERTEX_POINT('',#6942);
#6944=CARTESIAN_POINT('',(-31.3786797,17.3786797,0.));
#6945=VERTEX_POINT('',#6944);
#6946=CARTESIAN_POINT('',(-31.6737157,17.11994,0.));
#6947=VERTEX_POINT('',#6946);
#6948=CARTESIAN_POINT('',(-32.,16.9019238,0.));
#6949=VERTEX_POINT('',#6948);
#6950=CARTESIAN_POINT('',(-32.3519497,16.7283614,0.));
#6951=VERTEX_POINT('',#6950);
#6952=CARTESIAN_POINT('',(-32.7235429,16.6022225,0.));
#6953=VERTEX_POINT('',#6952);
#6954=CARTESIAN_POINT('',(-33.1084214,16.5256654,0.));
#6955=VERTEX_POINT('',#6954);
#6956=CARTESIAN_POINT('',(-33.5,16.5,0.));
#6957=VERTEX_POINT('',#6956);
#6958=CARTESIAN_POINT('',(-33.8915786,16.5256654,0.));
#6959=VERTEX_POINT('',#6958);
#6960=CARTESIAN_POINT('',(-34.2764571,16.6022225,0.));
#6961=VERTEX_POINT('',#6960);
#6962=CARTESIAN_POINT('',(-34.6480503,16.7283614,0.));
#6963=VERTEX_POINT('',#6962);
#6964=CARTESIAN_POINT('',(-35.,16.9019238,0.));
#6965=VERTEX_POINT('',#6964);
#6966=CARTESIAN_POINT('',(-35.3262843,17.11994,0.));
#6967=VERTEX_POINT('',#6966);
#6968=CARTESIAN_POINT('',(-35.6213203,17.3786797,0.));
#6969=VERTEX_POINT('',#6968);
#6970=CARTESIAN_POINT('',(-35.88006,17.6737157,0.));
#6971=VERTEX_POINT('',#6970);
#6972=CARTESIAN_POINT('',(-36.0980762,18.,0.));
#6973=VERTEX_POINT('',#6972);
#6974=CARTESIAN_POINT('',(-36.2716386,18.3519497,0.));
#6975=VERTEX_POINT('',#6974);
#6976=CARTESIAN_POINT('',(-36.3977775,18.7235429,0.));
#6977=VERTEX_POINT('',#6976);
#6978=CARTESIAN_POINT('',(-36.4743346,19.1084214,0.));
#6979=VERTEX_POINT('',#6978);
#6980=CARTESIAN_POINT('',(-36.5,19.5,0.));
#6981=VERTEX_POINT('',#6980);
#6982=CARTESIAN_POINT('',(-36.4743346,19.8915786,0.));
#6983=VERTEX_POINT('',#6982);
#6984=CARTESIAN_POINT('',(-36.3977775,20.2764571,0.));
#6985=VERTEX_POINT('',#6984);
#6986=CARTESIAN_POINT('',(-36.2716386,20.6480503,0.));
#6987=VERTEX_POINT('',#6986);
#6988=CARTESIAN_POINT('',(-36.0980762,21.,0.));
#6989=VERTEX_POINT('',#6988);
#6990=CARTESIAN_POINT('',(-35.88006,21.3262843,0.));
#6991=VERTEX_POINT('',#6990);
#6992=CARTESIAN_POINT('',(-35.6213203,21.6213203,0.));
#6993=VERTEX_POINT('',#6992);
#6994=CARTESIAN_POINT('',(-35.3262843,21.88006,0.));
#6995=VERTEX_POINT('',#6994);
#6996=CARTESIAN_POINT('',(-35.,22.0980762,0.));
#6997=VERTEX_POINT('',#6996);
#6998=CARTESIAN_POINT('',(-34.6480503,22.2716386,0.));
#6999=VERTEX_POINT('',#6998);
#7000=CARTESIAN_POINT('',(-34.2764571,22.3977775,0.));
#7001=VERTEX_POINT('',#7000);
#7002=CARTESIAN_POINT('',(-33.8915786,22.4743346,0.));
#7003=VERTEX_POINT('',#7002);
#7004=CARTESIAN_POINT('',(-33.5,22.5,0.));
#7005=VERTEX_POINT('',#7004);
#7006=CARTESIAN_POINT('',(-33.1084214,22.4743346,0.));
#7007=VERTEX_POINT('',#7006);
#7008=CARTESIAN_POINT('',(-32.7235429,22.3977775,0.));
#7009=VERTEX_POINT('',#7008);
#7010=CARTESIAN_POINT('',(-32.3519497,22.2716386,0.));
#7011=VERTEX_POINT('',#7010);
#7012=CARTESIAN_POINT('',(-32.,22.0980762,0.));
#7013=VERTEX_POINT('',#7012);
#7014=CARTESIAN_POINT('',(-31.6737157,21.88006,0.));
#7015=VERTEX_POINT('',#7014);
#7016=CARTESIAN_POINT('',(-31.3786797,21.6213203,0.));
#7017=VERTEX_POINT('',#7016);
#7018=CARTESIAN_POINT('',(-31.11994,21.3262843,0.));
#7019=VERTEX_POINT('',#7018);
#7020=CARTESIAN_POINT('',(-30.9019238,21.,0.));
#7021=VERTEX_POINT('',#7020);
#7022=CARTESIAN_POINT('',(-30.7283614,20.6480503,0.));
#7023=VERTEX_POINT('',#7022);
#7024=CARTESIAN_POINT('',(-30.6022225,20.2764571,0.));
#7025=VERTEX_POINT('',#7024);
#7026=CARTESIAN_POINT('',(-30.5256654,19.8915786,0.));
#7027=VERTEX_POINT('',#7026);
#7028=CARTESIAN_POINT('',(-30.5,19.5,0.));
#7029=VERTEX_POINT('',#7028);
#7030=VECTOR('',#281,1.);
#7031=LINE('',#6936,#7030);
#7032=EDGE_CURVE('',#6937,#6935,#7031,.T.);
#7033=ORIENTED_EDGE('',*,*,#7032,.F.);
#7034=VECTOR('',#6770,1.);
#7035=LINE('',#6938,#7034);
#7036=EDGE_CURVE('',#6939,#6937,#7035,.T.);
#7037=ORIENTED_EDGE('',*,*,#7036,.F.);
#7038=VECTOR('',#6765,1.);
#7039=LINE('',#6940,#7038);
#7040=EDGE_CURVE('',#6941,#6939,#7039,.T.);
#7041=ORIENTED_EDGE('',*,*,#7040,.F.);
#7042=VECTOR('',#6760,1.);
#7043=LINE('',#6942,#7042);
#7044=EDGE_CURVE('',#6943,#6941,#7043,.T.);
#7045=ORIENTED_EDGE('',*,*,#7044,.F.);
#7046=VECTOR('',#6755,1.);
#7047=LINE('',#6944,#7046);
#7048=EDGE_CURVE('',#6945,#6943,#7047,.T.);
#7049=ORIENTED_EDGE('',*,*,#7048,.F.);
#7050=VECTOR('',#6750,1.);
#7051=LINE('',#6946,#7050);
#7052=EDGE_CURVE('',#6947,#6945,#7051,.T.);
#7053=ORIENTED_EDGE('',*,*,#7052,.F.);
#7054=VECTOR('',#6745,1.);
#7055=LINE('',#6948,#7054);
#7056=EDGE_CURVE('',#6949,#6947,#7055,.T.);
#7057=ORIENTED_EDGE('',*,*,#7056,.F.);
#7058=VECTOR('',#6740,1.);
#7059=LINE('',#6950,#7058);
#7060=EDGE_CURVE('',#6951,#6949,#7059,.T.);
#7061=ORIENTED_EDGE('',*,*,#7060,.F.);
#7062=VECTOR('',#6735,1.);
#7063=LINE('',#6952,#7062);
#7064=EDGE_CURVE('',#6953,#6951,#7063,.T.);
#7065=ORIENTED_EDGE('',*,*,#7064,.F.);
#7066=VECTOR('',#326,1.);
#7067=LINE('',#6954,#7066);
#7068=EDGE_CURVE('',#6955,#6953,#7067,.T.);
#7069=ORIENTED_EDGE('',*,*,#7068,.F.);
#7070=VECTOR('',#1513,1.);
#7071=LINE('',#6956,#7070);
#7072=EDGE_CURVE('',#6957,#6955,#7071,.T.);
#7073=ORIENTED_EDGE('',*,*,#7072,.F.);
#7074=VECTOR('',#1518,1.);
#7075=LINE('',#6958,#7074);
#7076=EDGE_CURVE('',#6959,#6957,#7075,.T.);
#7077=ORIENTED_EDGE('',*,*,#7076,.F.);
#7078=VECTOR('',#341,1.);
#7079=LINE('',#6960,#7078);
#7080=EDGE_CURVE('',#6961,#6959,#7079,.T.);
#7081=ORIENTED_EDGE('',*,*,#7080,.F.);
#7082=VECTOR('',#6714,1.);
#7083=LINE('',#6962,#7082);
#7084=EDGE_CURVE('',#6963,#6961,#7083,.T.);
#7085=ORIENTED_EDGE('',*,*,#7084,.F.);
#7086=VECTOR('',#6709,1.);
#7087=LINE('',#6964,#7086);
#7088=EDGE_CURVE('',#6965,#6963,#7087,.T.);
#7089=ORIENTED_EDGE('',*,*,#7088,.F.);
#7090=VECTOR('',#6704,1.);
#7091=LINE('',#6966,#7090);
#7092=EDGE_CURVE('',#6967,#6965,#7091,.T.);
#7093=ORIENTED_EDGE('',*,*,#7092,.F.);
#7094=VECTOR('',#6699,1.);
#7095=LINE('',#6968,#7094);
#7096=EDGE_CURVE('',#6969,#6967,#7095,.T.);
#7097=ORIENTED_EDGE('',*,*,#7096,.F.);
#7098=VECTOR('',#6694,1.);
#7099=LINE('',#6970,#7098);
#7100=EDGE_CURVE('',#6971,#6969,#7099,.T.);
#7101=ORIENTED_EDGE('',*,*,#7100,.F.);
#7102=VECTOR('',#6689,1.);
#7103=LINE('',#6972,#7102);
#7104=EDGE_CURVE('',#6973,#6971,#7103,.T.);
#7105=ORIENTED_EDGE('',*,*,#7104,.F.);
#7106=VECTOR('',#6684,1.);
#7107=LINE('',#6974,#7106);
#7108=EDGE_CURVE('',#6975,#6973,#7107,.T.);
#7109=ORIENTED_EDGE('',*,*,#7108,.F.);
#7110=VECTOR('',#6679,1.);
#7111=LINE('',#6976,#7110);
#7112=EDGE_CURVE('',#6977,#6975,#7111,.T.);
#7113=ORIENTED_EDGE('',*,*,#7112,.F.);
#7114=VECTOR('',#386,1.);
#7115=LINE('',#6978,#7114);
#7116=EDGE_CURVE('',#6979,#6977,#7115,.T.);
#7117=ORIENTED_EDGE('',*,*,#7116,.F.);
#7118=VECTOR('',#1571,1.);
#7119=LINE('',#6980,#7118);
#7120=EDGE_CURVE('',#6981,#6979,#7119,.T.);
#7121=ORIENTED_EDGE('',*,*,#7120,.F.);
#7122=VECTOR('',#1576,1.);
#7123=LINE('',#6980,#7122);
#7124=EDGE_CURVE('',#6981,#6983,#7123,.T.);
#7125=ORIENTED_EDGE('',*,*,#7124,.T.);
#7126=VECTOR('',#281,1.);
#7127=LINE('',#6982,#7126);
#7128=EDGE_CURVE('',#6983,#6985,#7127,.T.);
#7129=ORIENTED_EDGE('',*,*,#7128,.T.);
#7130=VECTOR('',#6770,1.);
#7131=LINE('',#6984,#7130);
#7132=EDGE_CURVE('',#6985,#6987,#7131,.T.);
#7133=ORIENTED_EDGE('',*,*,#7132,.T.);
#7134=VECTOR('',#6765,1.);
#7135=LINE('',#6986,#7134);
#7136=EDGE_CURVE('',#6987,#6989,#7135,.T.);
#7137=ORIENTED_EDGE('',*,*,#7136,.T.);
#7138=VECTOR('',#6760,1.);
#7139=LINE('',#6988,#7138);
#7140=EDGE_CURVE('',#6989,#6991,#7139,.T.);
#7141=ORIENTED_EDGE('',*,*,#7140,.T.);
#7142=VECTOR('',#6755,1.);
#7143=LINE('',#6990,#7142);
#7144=EDGE_CURVE('',#6991,#6993,#7143,.T.);
#7145=ORIENTED_EDGE('',*,*,#7144,.T.);
#7146=VECTOR('',#6750,1.);
#7147=LINE('',#6992,#7146);
#7148=EDGE_CURVE('',#6993,#6995,#7147,.T.);
#7149=ORIENTED_EDGE('',*,*,#7148,.T.);
#7150=VECTOR('',#6745,1.);
#7151=LINE('',#6994,#7150);
#7152=EDGE_CURVE('',#6995,#6997,#7151,.T.);
#7153=ORIENTED_EDGE('',*,*,#7152,.T.);
#7154=VECTOR('',#6740,1.);
#7155=LINE('',#6996,#7154);
#7156=EDGE_CURVE('',#6997,#6999,#7155,.T.);
#7157=ORIENTED_EDGE('',*,*,#7156,.T.);
#7158=VECTOR('',#6735,1.);
#7159=LINE('',#6998,#7158);
#7160=EDGE_CURVE('',#6999,#7001,#7159,.T.);
#7161=ORIENTED_EDGE('',*,*,#7160,.T.);
#7162=VECTOR('',#326,1.);
#7163=LINE('',#7000,#7162);
#7164=EDGE_CURVE('',#7001,#7003,#7163,.T.);
#7165=ORIENTED_EDGE('',*,*,#7164,.T.);
#7166=VECTOR('',#1513,1.);
#7167=LINE('',#7002,#7166);
#7168=EDGE_CURVE('',#7003,#7005,#7167,.T.);
#7169=ORIENTED_EDGE('',*,*,#7168,.T.);
#7170=VECTOR('',#1518,1.);
#7171=LINE('',#7004,#7170);
#7172=EDGE_CURVE('',#7005,#7007,#7171,.T.);
#7173=ORIENTED_EDGE('',*,*,#7172,.T.);
#7174=VECTOR('',#341,1.);
#7175=LINE('',#7006,#7174);
#7176=EDGE_CURVE('',#7007,#7009,#7175,.T.);
#7177=ORIENTED_EDGE('',*,*,#7176,.T.);
#7178=VECTOR('',#6714,1.);
#7179=LINE('',#7008,#7178);
#7180=EDGE_CURVE('',#7009,#7011,#7179,.T.);
#7181=ORIENTED_EDGE('',*,*,#7180,.T.);
#7182=VECTOR('',#6709,1.);
#7183=LINE('',#7010,#7182);
#7184=EDGE_CURVE('',#7011,#7013,#7183,.T.);
#7185=ORIENTED_EDGE('',*,*,#7184,.T.);
#7186=VECTOR('',#6704,1.);
#7187=LINE('',#7012,#7186);
#7188=EDGE_CURVE('',#7013,#7015,#7187,.T.);
#7189=ORIENTED_EDGE('',*,*,#7188,.T.);
#7190=VECTOR('',#6699,1.);
#7191=LINE('',#7014,#7190);
#7192=EDGE_CURVE('',#7015,#7017,#7191,.T.);
#7193=ORIENTED_EDGE('',*,*,#7192,.T.);
#7194=VECTOR('',#6694,1.);
#7195=LINE('',#7016,#7194);
#7196=EDGE_CURVE('',#7017,#7019,#7195,.T.);
#7197=ORIENTED_EDGE('',*,*,#7196,.T.);
#7198=VECTOR('',#6689,1.);
#7199=LINE('',#7018,#7198);
#7200=EDGE_CURVE('',#7019,#7021,#7199,.T.);
#7201=ORIENTED_EDGE('',*,*,#7200,.T.);
#7202=VECTOR('',#6684,1.);
#7203=LINE('',#7020,#7202);
#7204=EDGE_CURVE('',#7021,#7023,#7203,.T.);
#7205=ORIENTED_EDGE('',*,*,#7204,.T.);
#7206=VECTOR('',#6679,1.);
#7207=LINE('',#7022,#7206);
#7208=EDGE_CURVE('',#7023,#7025,#7207,.T.);
#7209=ORIENTED_EDGE('',*,*,#7208,.T.);
#7210=VECTOR('',#386,1.);
#7211=LINE('',#7024,#7210);
#7212=EDGE_CURVE('',#7025,#7027,#7211,.T.);
#7213=ORIENTED_EDGE('',*,*,#7212,.T.);
#7214=VECTOR('',#1571,1.);
#7215=LINE('',#7026,#7214);
#7216=EDGE_CURVE('',#7027,#7029,#7215,.T.);
#7217=ORIENTED_EDGE('',*,*,#7216,.T.);
#7218=VECTOR('',#1576,1.);
#7219=LINE('',#6934,#7218);
#7220=EDGE_CURVE('',#6935,#7029,#7219,.T.);
#7221=ORIENTED_EDGE('',*,*,#7220,.F.);
#7222=EDGE_LOOP('',(#7033,#7037,#7041,#7045,#7049,#7053,#7057,#7061,#7065,#7069,#7073,#7077,#7081,#7085,#7089,#7093,#7097,#7101,#7105,#7109,#7113,#7117,#7121,#7125,#7129,#7133,#7137,#7141,#7145,#7149,#7153,#7157,#7161,#7165,#7169,#7173,#7177,#7181,#7185,#7189,#7193,#7197,#7201,#7205,#7209,#7213,#7217,#7221));
#7223=FACE_OUTER_BOUND('',#7222,.T.);
#7224=CARTESIAN_POINT('',(-32.3,19.5,0.));
#7225=VERTEX_POINT('',#7224);
#7226=CARTESIAN_POINT('',(-32.3102662,19.6566314,0.));
#7227=VERTEX_POINT('',#7226);
#7228=CARTESIAN_POINT('',(-32.340889,19.8105829,0.));
#7229=VERTEX_POINT('',#7228);
#7230=CARTESIAN_POINT('',(-32.3913446,19.9592201,0.));
#7231=VERTEX_POINT('',#7230);
#7232=CARTESIAN_POINT('',(-32.4607695,20.1,0.));
#7233=VERTEX_POINT('',#7232);
#7234=CARTESIAN_POINT('',(-32.547976,20.2305137,0.));
#7235=VERTEX_POINT('',#7234);
#7236=CARTESIAN_POINT('',(-32.6514719,20.3485281,0.));
#7237=VERTEX_POINT('',#7236);
#7238=CARTESIAN_POINT('',(-32.7694863,20.452024,0.));
#7239=VERTEX_POINT('',#7238);
#7240=CARTESIAN_POINT('',(-32.9,20.5392305,0.));
#7241=VERTEX_POINT('',#7240);
#7242=CARTESIAN_POINT('',(-33.0407799,20.6086554,0.));
#7243=VERTEX_POINT('',#7242);
#7244=CARTESIAN_POINT('',(-33.1894171,20.659111,0.));
#7245=VERTEX_POINT('',#7244);
#7246=CARTESIAN_POINT('',(-33.3433686,20.6897338,0.));
#7247=VERTEX_POINT('',#7246);
#7248=CARTESIAN_POINT('',(-33.5,20.7,0.));
#7249=VERTEX_POINT('',#7248);
#7250=CARTESIAN_POINT('',(-33.6566314,20.6897338,0.));
#7251=VERTEX_POINT('',#7250);
#7252=CARTESIAN_POINT('',(-33.8105829,20.659111,0.));
#7253=VERTEX_POINT('',#7252);
#7254=CARTESIAN_POINT('',(-33.9592201,20.6086554,0.));
#7255=VERTEX_POINT('',#7254);
#7256=CARTESIAN_POINT('',(-34.1,20.5392305,0.));
#7257=VERTEX_POINT('',#7256);
#7258=CARTESIAN_POINT('',(-34.2305137,20.452024,0.));
#7259=VERTEX_POINT('',#7258);
#7260=CARTESIAN_POINT('',(-34.3485281,20.3485281,0.));
#7261=VERTEX_POINT('',#7260);
#7262=CARTESIAN_POINT('',(-34.452024,20.2305137,0.));
#7263=VERTEX_POINT('',#7262);
#7264=CARTESIAN_POINT('',(-34.5392305,20.1,0.));
#7265=VERTEX_POINT('',#7264);
#7266=CARTESIAN_POINT('',(-34.6086554,19.9592201,0.));
#7267=VERTEX_POINT('',#7266);
#7268=CARTESIAN_POINT('',(-34.659111,19.8105829,0.));
#7269=VERTEX_POINT('',#7268);
#7270=CARTESIAN_POINT('',(-34.6897338,19.6566314,0.));
#7271=VERTEX_POINT('',#7270);
#7272=CARTESIAN_POINT('',(-34.7,19.5,0.));
#7273=VERTEX_POINT('',#7272);
#7274=CARTESIAN_POINT('',(-34.6897338,19.3433686,0.));
#7275=VERTEX_POINT('',#7274);
#7276=CARTESIAN_POINT('',(-34.659111,19.1894171,0.));
#7277=VERTEX_POINT('',#7276);
#7278=CARTESIAN_POINT('',(-34.6086554,19.0407799,0.));
#7279=VERTEX_POINT('',#7278);
#7280=CARTESIAN_POINT('',(-34.5392305,18.9,0.));
#7281=VERTEX_POINT('',#7280);
#7282=CARTESIAN_POINT('',(-34.452024,18.7694863,0.));
#7283=VERTEX_POINT('',#7282);
#7284=CARTESIAN_POINT('',(-34.3485281,18.6514719,0.));
#7285=VERTEX_POINT('',#7284);
#7286=CARTESIAN_POINT('',(-34.2305137,18.547976,0.));
#7287=VERTEX_POINT('',#7286);
#7288=CARTESIAN_POINT('',(-34.1,18.4607695,0.));
#7289=VERTEX_POINT('',#7288);
#7290=CARTESIAN_POINT('',(-33.9592201,18.3913446,0.));
#7291=VERTEX_POINT('',#7290);
#7292=CARTESIAN_POINT('',(-33.8105829,18.340889,0.));
#7293=VERTEX_POINT('',#7292);
#7294=CARTESIAN_POINT('',(-33.6566314,18.3102662,0.));
#7295=VERTEX_POINT('',#7294);
#7296=CARTESIAN_POINT('',(-33.5,18.3,0.));
#7297=VERTEX_POINT('',#7296);
#7298=CARTESIAN_POINT('',(-33.3433686,18.3102662,0.));
#7299=VERTEX_POINT('',#7298);
#7300=CARTESIAN_POINT('',(-33.1894171,18.340889,0.));
#7301=VERTEX_POINT('',#7300);
#7302=CARTESIAN_POINT('',(-33.0407799,18.3913446,0.));
#7303=VERTEX_POINT('',#7302);
#7304=CARTESIAN_POINT('',(-32.9,18.4607695,0.));
#7305=VERTEX_POINT('',#7304);
#7306=CARTESIAN_POINT('',(-32.7694863,18.547976,0.));
#7307=VERTEX_POINT('',#7306);
#7308=CARTESIAN_POINT('',(-32.6514719,18.6514719,0.));
#7309=VERTEX_POINT('',#7308);
#7310=CARTESIAN_POINT('',(-32.547976,18.7694863,0.));
#7311=VERTEX_POINT('',#7310);
#7312=CARTESIAN_POINT('',(-32.4607695,18.9,0.));
#7313=VERTEX_POINT('',#7312);
#7314=CARTESIAN_POINT('',(-32.3913446,19.0407799,0.));
#7315=VERTEX_POINT('',#7314);
#7316=CARTESIAN_POINT('',(-32.340889,19.1894171,0.));
#7317=VERTEX_POINT('',#7316);
#7318=CARTESIAN_POINT('',(-32.3102662,19.3433686,0.));
#7319=VERTEX_POINT('',#7318);
#7320=VECTOR('',#391,1.);
#7321=LINE('',#7226,#7320);
#7322=EDGE_CURVE('',#7227,#7225,#7321,.T.);
#7323=ORIENTED_EDGE('',*,*,#7322,.F.);
#7324=VECTOR('',#386,1.);
#7325=LINE('',#7228,#7324);
#7326=EDGE_CURVE('',#7229,#7227,#7325,.T.);
#7327=ORIENTED_EDGE('',*,*,#7326,.F.);
#7328=VECTOR('',#381,1.);
#7329=LINE('',#7230,#7328);
#7330=EDGE_CURVE('',#7231,#7229,#7329,.T.);
#7331=ORIENTED_EDGE('',*,*,#7330,.F.);
#7332=VECTOR('',#376,1.);
#7333=LINE('',#7232,#7332);
#7334=EDGE_CURVE('',#7233,#7231,#7333,.T.);
#7335=ORIENTED_EDGE('',*,*,#7334,.F.);
#7336=VECTOR('',#371,1.);
#7337=LINE('',#7234,#7336);
#7338=EDGE_CURVE('',#7235,#7233,#7337,.T.);
#7339=ORIENTED_EDGE('',*,*,#7338,.F.);
#7340=VECTOR('',#366,1.);
#7341=LINE('',#7236,#7340);
#7342=EDGE_CURVE('',#7237,#7235,#7341,.T.);
#7343=ORIENTED_EDGE('',*,*,#7342,.F.);
#7344=VECTOR('',#361,1.);
#7345=LINE('',#7238,#7344);
#7346=EDGE_CURVE('',#7239,#7237,#7345,.T.);
#7347=ORIENTED_EDGE('',*,*,#7346,.F.);
#7348=VECTOR('',#356,1.);
#7349=LINE('',#7240,#7348);
#7350=EDGE_CURVE('',#7241,#7239,#7349,.T.);
#7351=ORIENTED_EDGE('',*,*,#7350,.F.);
#7352=VECTOR('',#351,1.);
#7353=LINE('',#7242,#7352);
#7354=EDGE_CURVE('',#7243,#7241,#7353,.T.);
#7355=ORIENTED_EDGE('',*,*,#7354,.F.);
#7356=VECTOR('',#346,1.);
#7357=LINE('',#7244,#7356);
#7358=EDGE_CURVE('',#7245,#7243,#7357,.T.);
#7359=ORIENTED_EDGE('',*,*,#7358,.F.);
#7360=VECTOR('',#341,1.);
#7361=LINE('',#7246,#7360);
#7362=EDGE_CURVE('',#7247,#7245,#7361,.T.);
#7363=ORIENTED_EDGE('',*,*,#7362,.F.);
#7364=VECTOR('',#336,1.);
#7365=LINE('',#7248,#7364);
#7366=EDGE_CURVE('',#7249,#7247,#7365,.T.);
#7367=ORIENTED_EDGE('',*,*,#7366,.F.);
#7368=VECTOR('',#331,1.);
#7369=LINE('',#7250,#7368);
#7370=EDGE_CURVE('',#7251,#7249,#7369,.T.);
#7371=ORIENTED_EDGE('',*,*,#7370,.F.);
#7372=VECTOR('',#326,1.);
#7373=LINE('',#7252,#7372);
#7374=EDGE_CURVE('',#7253,#7251,#7373,.T.);
#7375=ORIENTED_EDGE('',*,*,#7374,.F.);
#7376=VECTOR('',#321,1.);
#7377=LINE('',#7254,#7376);
#7378=EDGE_CURVE('',#7255,#7253,#7377,.T.);
#7379=ORIENTED_EDGE('',*,*,#7378,.F.);
#7380=VECTOR('',#316,1.);
#7381=LINE('',#7256,#7380);
#7382=EDGE_CURVE('',#7257,#7255,#7381,.T.);
#7383=ORIENTED_EDGE('',*,*,#7382,.F.);
#7384=VECTOR('',#311,1.);
#7385=LINE('',#7258,#7384);
#7386=EDGE_CURVE('',#7259,#7257,#7385,.T.);
#7387=ORIENTED_EDGE('',*,*,#7386,.F.);
#7388=VECTOR('',#306,1.);
#7389=LINE('',#7260,#7388);
#7390=EDGE_CURVE('',#7261,#7259,#7389,.T.);
#7391=ORIENTED_EDGE('',*,*,#7390,.F.);
#7392=VECTOR('',#301,1.);
#7393=LINE('',#7262,#7392);
#7394=EDGE_CURVE('',#7263,#7261,#7393,.T.);
#7395=ORIENTED_EDGE('',*,*,#7394,.F.);
#7396=VECTOR('',#296,1.);
#7397=LINE('',#7264,#7396);
#7398=EDGE_CURVE('',#7265,#7263,#7397,.T.);
#7399=ORIENTED_EDGE('',*,*,#7398,.F.);
#7400=VECTOR('',#291,1.);
#7401=LINE('',#7266,#7400);
#7402=EDGE_CURVE('',#7267,#7265,#7401,.T.);
#7403=ORIENTED_EDGE('',*,*,#7402,.F.);
#7404=VECTOR('',#286,1.);
#7405=LINE('',#7268,#7404);
#7406=EDGE_CURVE('',#7269,#7267,#7405,.T.);
#7407=ORIENTED_EDGE('',*,*,#7406,.F.);
#7408=VECTOR('',#281,1.);
#7409=LINE('',#7270,#7408);
#7410=EDGE_CURVE('',#7271,#7269,#7409,.T.);
#7411=ORIENTED_EDGE('',*,*,#7410,.F.);
#7412=VECTOR('',#396,1.);
#7413=LINE('',#7272,#7412);
#7414=EDGE_CURVE('',#7273,#7271,#7413,.T.);
#7415=ORIENTED_EDGE('',*,*,#7414,.F.);
#7416=VECTOR('',#391,1.);
#7417=LINE('',#7272,#7416);
#7418=EDGE_CURVE('',#7273,#7275,#7417,.T.);
#7419=ORIENTED_EDGE('',*,*,#7418,.T.);
#7420=VECTOR('',#386,1.);
#7421=LINE('',#7274,#7420);
#7422=EDGE_CURVE('',#7275,#7277,#7421,.T.);
#7423=ORIENTED_EDGE('',*,*,#7422,.T.);
#7424=VECTOR('',#381,1.);
#7425=LINE('',#7276,#7424);
#7426=EDGE_CURVE('',#7277,#7279,#7425,.T.);
#7427=ORIENTED_EDGE('',*,*,#7426,.T.);
#7428=VECTOR('',#376,1.);
#7429=LINE('',#7278,#7428);
#7430=EDGE_CURVE('',#7279,#7281,#7429,.T.);
#7431=ORIENTED_EDGE('',*,*,#7430,.T.);
#7432=VECTOR('',#371,1.);
#7433=LINE('',#7280,#7432);
#7434=EDGE_CURVE('',#7281,#7283,#7433,.T.);
#7435=ORIENTED_EDGE('',*,*,#7434,.T.);
#7436=VECTOR('',#366,1.);
#7437=LINE('',#7282,#7436);
#7438=EDGE_CURVE('',#7283,#7285,#7437,.T.);
#7439=ORIENTED_EDGE('',*,*,#7438,.T.);
#7440=VECTOR('',#361,1.);
#7441=LINE('',#7284,#7440);
#7442=EDGE_CURVE('',#7285,#7287,#7441,.T.);
#7443=ORIENTED_EDGE('',*,*,#7442,.T.);
#7444=VECTOR('',#356,1.);
#7445=LINE('',#7286,#7444);
#7446=EDGE_CURVE('',#7287,#7289,#7445,.T.);
#7447=ORIENTED_EDGE('',*,*,#7446,.T.);
#7448=VECTOR('',#351,1.);
#7449=LINE('',#7288,#7448);
#7450=EDGE_CURVE('',#7289,#7291,#7449,.T.);
#7451=ORIENTED_EDGE('',*,*,#7450,.T.);
#7452=VECTOR('',#346,1.);
#7453=LINE('',#7290,#7452);
#7454=EDGE_CURVE('',#7291,#7293,#7453,.T.);
#7455=ORIENTED_EDGE('',*,*,#7454,.T.);
#7456=VECTOR('',#341,1.);
#7457=LINE('',#7292,#7456);
#7458=EDGE_CURVE('',#7293,#7295,#7457,.T.);
#7459=ORIENTED_EDGE('',*,*,#7458,.T.);
#7460=VECTOR('',#336,1.);
#7461=LINE('',#7294,#7460);
#7462=EDGE_CURVE('',#7295,#7297,#7461,.T.);
#7463=ORIENTED_EDGE('',*,*,#7462,.T.);
#7464=VECTOR('',#331,1.);
#7465=LINE('',#7296,#7464);
#7466=EDGE_CURVE('',#7297,#7299,#7465,.T.);
#7467=ORIENTED_EDGE('',*,*,#7466,.T.);
#7468=VECTOR('',#326,1.);
#7469=LINE('',#7298,#7468);
#7470=EDGE_CURVE('',#7299,#7301,#7469,.T.);
#7471=ORIENTED_EDGE('',*,*,#7470,.T.);
#7472=VECTOR('',#321,1.);
#7473=LINE('',#7300,#7472);
#7474=EDGE_CURVE('',#7301,#7303,#7473,.T.);
#7475=ORIENTED_EDGE('',*,*,#7474,.T.);
#7476=VECTOR('',#316,1.);
#7477=LINE('',#7302,#7476);
#7478=EDGE_CURVE('',#7303,#7305,#7477,.T.);
#7479=ORIENTED_EDGE('',*,*,#7478,.T.);
#7480=VECTOR('',#311,1.);
#7481=LINE('',#7304,#7480);
#7482=EDGE_CURVE('',#7305,#7307,#7481,.T.);
#7483=ORIENTED_EDGE('',*,*,#7482,.T.);
#7484=VECTOR('',#306,1.);
#7485=LINE('',#7306,#7484);
#7486=EDGE_CURVE('',#7307,#7309,#7485,.T.);
#7487=ORIENTED_EDGE('',*,*,#7486,.T.);
#7488=VECTOR('',#301,1.);
#7489=LINE('',#7308,#7488);
#7490=EDGE_CURVE('',#7309,#7311,#7489,.T.);
#7491=ORIENTED_EDGE('',*,*,#7490,.T.);
#7492=VECTOR('',#296,1.);
#7493=LINE('',#7310,#7492);
#7494=EDGE_CURVE('',#7311,#7313,#7493,.T.);
#7495=ORIENTED_EDGE('',*,*,#7494,.T.);
#7496=VECTOR('',#291,1.);
#7497=LINE('',#7312,#7496);
#7498=EDGE_CURVE('',#7313,#7315,#7497,.T.);
#7499=ORIENTED_EDGE('',*,*,#7498,.T.);
#7500=VECTOR('',#286,1.);
#7501=LINE('',#7314,#7500);
#7502=EDGE_CURVE('',#7315,#7317,#7501,.T.);
#7503=ORIENTED_EDGE('',*,*,#7502,.T.);
#7504=VECTOR('',#281,1.);
#7505=LINE('',#7316,#7504);
#7506=EDGE_CURVE('',#7317,#7319,#7505,.T.);
#7507=ORIENTED_EDGE('',*,*,#7506,.T.);
#7508=VECTOR('',#396,1.);
#7509=LINE('',#7318,#7508);
#7510=EDGE_CURVE('',#7319,#7225,#7509,.T.);
#7511=ORIENTED_EDGE('',*,*,#7510,.T.);
#7512=EDGE_LOOP('',(#7323,#7327,#7331,#7335,#7339,#7343,#7347,#7351,#7355,#7359,#7363,#7367,#7371,#7375,#7379,#7383,#7387,#7391,#7395,#7399,#7403,#7407,#7411,#7415,#7419,#7423,#7427,#7431,#7435,#7439,#7443,#7447,#7451,#7455,#7459,#7463,#7467,#7471,#7475,#7479,#7483,#7487,#7491,#7495,#7499,#7503,#7507,#7511));
#7513=FACE_BOUND('',#7512,.T.);
#7514=AXIS2_PLACEMENT_3D('',#6934,#3303,#3304);
#7515=PLANE('',#7514);
#7516=ADVANCED_FACE('',(#7223,#7513),#7515,.T.);
#7517=ORIENTED_EDGE('',*,*,#7216,.F.);
#7518=VECTOR('',#1679,1.);
#7519=LINE('',#7026,#7518);
#7520=EDGE_CURVE('',#7027,#6578,#7519,.T.);
#7521=ORIENTED_EDGE('',*,*,#7520,.T.);
#7522=ORIENTED_EDGE('',*,*,#6673,.T.);
#7523=VECTOR('',#1679,1.);
#7524=LINE('',#7028,#7523);
#7525=EDGE_CURVE('',#7029,#6576,#7524,.T.);
#7526=ORIENTED_EDGE('',*,*,#7525,.F.);
#7527=EDGE_LOOP('',(#7517,#7521,#7522,#7526));
#7528=FACE_OUTER_BOUND('',#7527,.T.);
#7529=AXIS2_PLACEMENT_3D('',#7028,#1513,#1571);
#7530=PLANE('',#7529);
#7531=ADVANCED_FACE('',(#7528),#7530,.T.);
#7532=ORIENTED_EDGE('',*,*,#7212,.F.);
#7533=VECTOR('',#1679,1.);
#7534=LINE('',#7024,#7533);
#7535=EDGE_CURVE('',#7025,#6580,#7534,.T.);
#7536=ORIENTED_EDGE('',*,*,#7535,.T.);
#7537=ORIENTED_EDGE('',*,*,#6677,.T.);
#7538=ORIENTED_EDGE('',*,*,#7520,.F.);
#7539=EDGE_LOOP('',(#7532,#7536,#7537,#7538));
#7540=FACE_OUTER_BOUND('',#7539,.T.);
#7541=AXIS2_PLACEMENT_3D('',#7026,#326,#386);
#7542=PLANE('',#7541);
#7543=ADVANCED_FACE('',(#7540),#7542,.T.);
#7544=ORIENTED_EDGE('',*,*,#7208,.F.);
#7545=VECTOR('',#1679,1.);
#7546=LINE('',#7022,#7545);
#7547=EDGE_CURVE('',#7023,#6582,#7546,.T.);
#7548=ORIENTED_EDGE('',*,*,#7547,.T.);
#7549=ORIENTED_EDGE('',*,*,#6682,.T.);
#7550=ORIENTED_EDGE('',*,*,#7535,.F.);
#7551=EDGE_LOOP('',(#7544,#7548,#7549,#7550));
#7552=FACE_OUTER_BOUND('',#7551,.T.);
#7553=AXIS2_PLACEMENT_3D('',#7024,#3783,#3931);
#7554=PLANE('',#7553);
#7555=ADVANCED_FACE('',(#7552),#7554,.T.);
#7556=ORIENTED_EDGE('',*,*,#7204,.F.);
#7557=VECTOR('',#1679,1.);
#7558=LINE('',#7020,#7557);
#7559=EDGE_CURVE('',#7021,#6584,#7558,.T.);
#7560=ORIENTED_EDGE('',*,*,#7559,.T.);
#7561=ORIENTED_EDGE('',*,*,#6687,.T.);
#7562=ORIENTED_EDGE('',*,*,#7547,.F.);
#7563=EDGE_LOOP('',(#7556,#7560,#7561,#7562));
#7564=FACE_OUTER_BOUND('',#7563,.T.);
#7565=AXIS2_PLACEMENT_3D('',#7022,#1499,#1557);
#7566=PLANE('',#7565);
#7567=ADVANCED_FACE('',(#7564),#7566,.T.);
#7568=ORIENTED_EDGE('',*,*,#7200,.F.);
#7569=VECTOR('',#1679,1.);
#7570=LINE('',#7018,#7569);
#7571=EDGE_CURVE('',#7019,#6586,#7570,.T.);
#7572=ORIENTED_EDGE('',*,*,#7571,.T.);
#7573=ORIENTED_EDGE('',*,*,#6692,.T.);
#7574=ORIENTED_EDGE('',*,*,#7559,.F.);
#7575=EDGE_LOOP('',(#7568,#7572,#7573,#7574));
#7576=FACE_OUTER_BOUND('',#7575,.T.);
#7577=AXIS2_PLACEMENT_3D('',#7020,#1494,#1552);
#7578=PLANE('',#7577);
#7579=ADVANCED_FACE('',(#7576),#7578,.T.);
#7580=ORIENTED_EDGE('',*,*,#7196,.F.);
#7581=VECTOR('',#1679,1.);
#7582=LINE('',#7016,#7581);
#7583=EDGE_CURVE('',#7017,#6588,#7582,.T.);
#7584=ORIENTED_EDGE('',*,*,#7583,.T.);
#7585=ORIENTED_EDGE('',*,*,#6697,.T.);
#7586=ORIENTED_EDGE('',*,*,#7571,.F.);
#7587=EDGE_LOOP('',(#7580,#7584,#7585,#7586));
#7588=FACE_OUTER_BOUND('',#7587,.T.);
#7589=AXIS2_PLACEMENT_3D('',#7018,#1489,#1547);
#7590=PLANE('',#7589);
#7591=ADVANCED_FACE('',(#7588),#7590,.T.);
#7592=ORIENTED_EDGE('',*,*,#7192,.F.);
#7593=VECTOR('',#1679,1.);
#7594=LINE('',#7014,#7593);
#7595=EDGE_CURVE('',#7015,#6590,#7594,.T.);
#7596=ORIENTED_EDGE('',*,*,#7595,.T.);
#7597=ORIENTED_EDGE('',*,*,#6702,.T.);
#7598=ORIENTED_EDGE('',*,*,#7583,.F.);
#7599=EDGE_LOOP('',(#7592,#7596,#7597,#7598));
#7600=FACE_OUTER_BOUND('',#7599,.T.);
#7601=AXIS2_PLACEMENT_3D('',#7016,#1484,#1542);
#7602=PLANE('',#7601);
#7603=ADVANCED_FACE('',(#7600),#7602,.T.);
#7604=ORIENTED_EDGE('',*,*,#7188,.F.);
#7605=VECTOR('',#1679,1.);
#7606=LINE('',#7012,#7605);
#7607=EDGE_CURVE('',#7013,#6592,#7606,.T.);
#7608=ORIENTED_EDGE('',*,*,#7607,.T.);
#7609=ORIENTED_EDGE('',*,*,#6707,.T.);
#7610=ORIENTED_EDGE('',*,*,#7595,.F.);
#7611=EDGE_LOOP('',(#7604,#7608,#7609,#7610));
#7612=FACE_OUTER_BOUND('',#7611,.T.);
#7613=AXIS2_PLACEMENT_3D('',#7014,#1479,#1537);
#7614=PLANE('',#7613);
#7615=ADVANCED_FACE('',(#7612),#7614,.T.);
#7616=ORIENTED_EDGE('',*,*,#7184,.F.);
#7617=VECTOR('',#1679,1.);
#7618=LINE('',#7010,#7617);
#7619=EDGE_CURVE('',#7011,#6594,#7618,.T.);
#7620=ORIENTED_EDGE('',*,*,#7619,.T.);
#7621=ORIENTED_EDGE('',*,*,#6712,.T.);
#7622=ORIENTED_EDGE('',*,*,#7607,.F.);
#7623=EDGE_LOOP('',(#7616,#7620,#7621,#7622));
#7624=FACE_OUTER_BOUND('',#7623,.T.);
#7625=AXIS2_PLACEMENT_3D('',#7012,#1474,#1532);
#7626=PLANE('',#7625);
#7627=ADVANCED_FACE('',(#7624),#7626,.T.);
#7628=ORIENTED_EDGE('',*,*,#7180,.F.);
#7629=VECTOR('',#1679,1.);
#7630=LINE('',#7008,#7629);
#7631=EDGE_CURVE('',#7009,#6596,#7630,.T.);
#7632=ORIENTED_EDGE('',*,*,#7631,.T.);
#7633=ORIENTED_EDGE('',*,*,#6717,.T.);
#7634=ORIENTED_EDGE('',*,*,#7619,.F.);
#7635=EDGE_LOOP('',(#7628,#7632,#7633,#7634));
#7636=FACE_OUTER_BOUND('',#7635,.T.);
#7637=AXIS2_PLACEMENT_3D('',#7010,#3691,#3846);
#7638=PLANE('',#7637);
#7639=ADVANCED_FACE('',(#7636),#7638,.T.);
#7640=ORIENTED_EDGE('',*,*,#7176,.F.);
#7641=VECTOR('',#1679,1.);
#7642=LINE('',#7006,#7641);
#7643=EDGE_CURVE('',#7007,#6598,#7642,.T.);
#7644=ORIENTED_EDGE('',*,*,#7643,.T.);
#7645=ORIENTED_EDGE('',*,*,#6721,.T.);
#7646=ORIENTED_EDGE('',*,*,#7631,.F.);
#7647=EDGE_LOOP('',(#7640,#7644,#7645,#7646));
#7648=FACE_OUTER_BOUND('',#7647,.T.);
#7649=AXIS2_PLACEMENT_3D('',#7008,#281,#341);
#7650=PLANE('',#7649);
#7651=ADVANCED_FACE('',(#7648),#7650,.T.);
#7652=ORIENTED_EDGE('',*,*,#7172,.F.);
#7653=VECTOR('',#1679,1.);
#7654=LINE('',#7004,#7653);
#7655=EDGE_CURVE('',#7005,#6600,#7654,.T.);
#7656=ORIENTED_EDGE('',*,*,#7655,.T.);
#7657=ORIENTED_EDGE('',*,*,#6725,.T.);
#7658=ORIENTED_EDGE('',*,*,#7643,.F.);
#7659=EDGE_LOOP('',(#7652,#7656,#7657,#7658));
#7660=FACE_OUTER_BOUND('',#7659,.T.);
#7661=AXIS2_PLACEMENT_3D('',#7006,#1576,#1518);
#7662=PLANE('',#7661);
#7663=ADVANCED_FACE('',(#7660),#7662,.T.);
#7664=ORIENTED_EDGE('',*,*,#7168,.F.);
#7665=VECTOR('',#1679,1.);
#7666=LINE('',#7002,#7665);
#7667=EDGE_CURVE('',#7003,#6602,#7666,.T.);
#7668=ORIENTED_EDGE('',*,*,#7667,.T.);
#7669=ORIENTED_EDGE('',*,*,#6729,.T.);
#7670=ORIENTED_EDGE('',*,*,#7655,.F.);
#7671=EDGE_LOOP('',(#7664,#7668,#7669,#7670));
#7672=FACE_OUTER_BOUND('',#7671,.T.);
#7673=AXIS2_PLACEMENT_3D('',#7004,#3809,#1513);
#7674=PLANE('',#7673);
#7675=ADVANCED_FACE('',(#7672),#7674,.T.);
#7676=ORIENTED_EDGE('',*,*,#7164,.F.);
#7677=VECTOR('',#1679,1.);
#7678=LINE('',#7000,#7677);
#7679=EDGE_CURVE('',#7001,#6604,#7678,.T.);
#7680=ORIENTED_EDGE('',*,*,#7679,.T.);
#7681=ORIENTED_EDGE('',*,*,#6733,.T.);
#7682=ORIENTED_EDGE('',*,*,#7667,.F.);
#7683=EDGE_LOOP('',(#7676,#7680,#7681,#7682));
#7684=FACE_OUTER_BOUND('',#7683,.T.);
#7685=AXIS2_PLACEMENT_3D('',#7002,#3796,#326);
#7686=PLANE('',#7685);
#7687=ADVANCED_FACE('',(#7684),#7686,.T.);
#7688=ORIENTED_EDGE('',*,*,#7160,.F.);
#7689=VECTOR('',#1679,1.);
#7690=LINE('',#6998,#7689);
#7691=EDGE_CURVE('',#6999,#6606,#7690,.T.);
#7692=ORIENTED_EDGE('',*,*,#7691,.T.);
#7693=ORIENTED_EDGE('',*,*,#6738,.T.);
#7694=ORIENTED_EDGE('',*,*,#7679,.F.);
#7695=EDGE_LOOP('',(#7688,#7692,#7693,#7694));
#7696=FACE_OUTER_BOUND('',#7695,.T.);
#7697=AXIS2_PLACEMENT_3D('',#7000,#3782,#3783);
#7698=PLANE('',#7697);
#7699=ADVANCED_FACE('',(#7696),#7698,.T.);
#7700=ORIENTED_EDGE('',*,*,#7156,.F.);
#7701=VECTOR('',#1679,1.);
#7702=LINE('',#6996,#7701);
#7703=EDGE_CURVE('',#6997,#6608,#7702,.T.);
#7704=ORIENTED_EDGE('',*,*,#7703,.T.);
#7705=ORIENTED_EDGE('',*,*,#6743,.T.);
#7706=ORIENTED_EDGE('',*,*,#7691,.F.);
#7707=EDGE_LOOP('',(#7700,#7704,#7705,#7706));
#7708=FACE_OUTER_BOUND('',#7707,.T.);
#7709=AXIS2_PLACEMENT_3D('',#6998,#3769,#1499);
#7710=PLANE('',#7709);
#7711=ADVANCED_FACE('',(#7708),#7710,.T.);
#7712=ORIENTED_EDGE('',*,*,#7152,.F.);
#7713=VECTOR('',#1679,1.);
#7714=LINE('',#6994,#7713);
#7715=EDGE_CURVE('',#6995,#6610,#7714,.T.);
#7716=ORIENTED_EDGE('',*,*,#7715,.T.);
#7717=ORIENTED_EDGE('',*,*,#6748,.T.);
#7718=ORIENTED_EDGE('',*,*,#7703,.F.);
#7719=EDGE_LOOP('',(#7712,#7716,#7717,#7718));
#7720=FACE_OUTER_BOUND('',#7719,.T.);
#7721=AXIS2_PLACEMENT_3D('',#6996,#3756,#1494);
#7722=PLANE('',#7721);
#7723=ADVANCED_FACE('',(#7720),#7722,.T.);
#7724=ORIENTED_EDGE('',*,*,#7148,.F.);
#7725=VECTOR('',#1679,1.);
#7726=LINE('',#6992,#7725);
#7727=EDGE_CURVE('',#6993,#6612,#7726,.T.);
#7728=ORIENTED_EDGE('',*,*,#7727,.T.);
#7729=ORIENTED_EDGE('',*,*,#6753,.T.);
#7730=ORIENTED_EDGE('',*,*,#7715,.F.);
#7731=EDGE_LOOP('',(#7724,#7728,#7729,#7730));
#7732=FACE_OUTER_BOUND('',#7731,.T.);
#7733=AXIS2_PLACEMENT_3D('',#6994,#3743,#1489);
#7734=PLANE('',#7733);
#7735=ADVANCED_FACE('',(#7732),#7734,.T.);
#7736=ORIENTED_EDGE('',*,*,#7144,.F.);
#7737=VECTOR('',#1679,1.);
#7738=LINE('',#6990,#7737);
#7739=EDGE_CURVE('',#6991,#6614,#7738,.T.);
#7740=ORIENTED_EDGE('',*,*,#7739,.T.);
#7741=ORIENTED_EDGE('',*,*,#6758,.T.);
#7742=ORIENTED_EDGE('',*,*,#7727,.F.);
#7743=EDGE_LOOP('',(#7736,#7740,#7741,#7742));
#7744=FACE_OUTER_BOUND('',#7743,.T.);
#7745=AXIS2_PLACEMENT_3D('',#6992,#3730,#1484);
#7746=PLANE('',#7745);
#7747=ADVANCED_FACE('',(#7744),#7746,.T.);
#7748=ORIENTED_EDGE('',*,*,#7140,.F.);
#7749=VECTOR('',#1679,1.);
#7750=LINE('',#6988,#7749);
#7751=EDGE_CURVE('',#6989,#6616,#7750,.T.);
#7752=ORIENTED_EDGE('',*,*,#7751,.T.);
#7753=ORIENTED_EDGE('',*,*,#6763,.T.);
#7754=ORIENTED_EDGE('',*,*,#7739,.F.);
#7755=EDGE_LOOP('',(#7748,#7752,#7753,#7754));
#7756=FACE_OUTER_BOUND('',#7755,.T.);
#7757=AXIS2_PLACEMENT_3D('',#6990,#3717,#1479);
#7758=PLANE('',#7757);
#7759=ADVANCED_FACE('',(#7756),#7758,.T.);
#7760=ORIENTED_EDGE('',*,*,#7136,.F.);
#7761=VECTOR('',#1679,1.);
#7762=LINE('',#6986,#7761);
#7763=EDGE_CURVE('',#6987,#6618,#7762,.T.);
#7764=ORIENTED_EDGE('',*,*,#7763,.T.);
#7765=ORIENTED_EDGE('',*,*,#6768,.T.);
#7766=ORIENTED_EDGE('',*,*,#7751,.F.);
#7767=EDGE_LOOP('',(#7760,#7764,#7765,#7766));
#7768=FACE_OUTER_BOUND('',#7767,.T.);
#7769=AXIS2_PLACEMENT_3D('',#6988,#3704,#1474);
#7770=PLANE('',#7769);
#7771=ADVANCED_FACE('',(#7768),#7770,.T.);
#7772=ORIENTED_EDGE('',*,*,#7132,.F.);
#7773=VECTOR('',#1679,1.);
#7774=LINE('',#6984,#7773);
#7775=EDGE_CURVE('',#6985,#6620,#7774,.T.);
#7776=ORIENTED_EDGE('',*,*,#7775,.T.);
#7777=ORIENTED_EDGE('',*,*,#6773,.T.);
#7778=ORIENTED_EDGE('',*,*,#7763,.F.);
#7779=EDGE_LOOP('',(#7772,#7776,#7777,#7778));
#7780=FACE_OUTER_BOUND('',#7779,.T.);
#7781=AXIS2_PLACEMENT_3D('',#6986,#3690,#3691);
#7782=PLANE('',#7781);
#7783=ADVANCED_FACE('',(#7780),#7782,.T.);
#7784=ORIENTED_EDGE('',*,*,#7128,.F.);
#7785=VECTOR('',#1679,1.);
#7786=LINE('',#6982,#7785);
#7787=EDGE_CURVE('',#6983,#6622,#7786,.T.);
#7788=ORIENTED_EDGE('',*,*,#7787,.T.);
#7789=ORIENTED_EDGE('',*,*,#6777,.T.);
#7790=ORIENTED_EDGE('',*,*,#7775,.F.);
#7791=EDGE_LOOP('',(#7784,#7788,#7789,#7790));
#7792=FACE_OUTER_BOUND('',#7791,.T.);
#7793=AXIS2_PLACEMENT_3D('',#6984,#3677,#281);
#7794=PLANE('',#7793);
#7795=ADVANCED_FACE('',(#7792),#7794,.T.);
#7796=ORIENTED_EDGE('',*,*,#7124,.F.);
#7797=VECTOR('',#1679,1.);
#7798=LINE('',#6980,#7797);
#7799=EDGE_CURVE('',#6981,#6624,#7798,.T.);
#7800=ORIENTED_EDGE('',*,*,#7799,.T.);
#7801=ORIENTED_EDGE('',*,*,#6781,.T.);
#7802=ORIENTED_EDGE('',*,*,#7787,.F.);
#7803=EDGE_LOOP('',(#7796,#7800,#7801,#7802));
#7804=FACE_OUTER_BOUND('',#7803,.T.);
#7805=AXIS2_PLACEMENT_3D('',#6982,#4124,#1576);
#7806=PLANE('',#7805);
#7807=ADVANCED_FACE('',(#7804),#7806,.T.);
#7808=ORIENTED_EDGE('',*,*,#7120,.T.);
#7809=VECTOR('',#1679,1.);
#7810=LINE('',#6978,#7809);
#7811=EDGE_CURVE('',#6979,#6626,#7810,.T.);
#7812=ORIENTED_EDGE('',*,*,#7811,.T.);
#7813=ORIENTED_EDGE('',*,*,#6785,.F.);
#7814=ORIENTED_EDGE('',*,*,#7799,.F.);
#7815=EDGE_LOOP('',(#7808,#7812,#7813,#7814));
#7816=FACE_OUTER_BOUND('',#7815,.T.);
#7817=AXIS2_PLACEMENT_3D('',#6980,#4111,#3809);
#7818=PLANE('',#7817);
#7819=ADVANCED_FACE('',(#7816),#7818,.T.);
#7820=ORIENTED_EDGE('',*,*,#7116,.T.);
#7821=VECTOR('',#1679,1.);
#7822=LINE('',#6976,#7821);
#7823=EDGE_CURVE('',#6977,#6628,#7822,.T.);
#7824=ORIENTED_EDGE('',*,*,#7823,.T.);
#7825=ORIENTED_EDGE('',*,*,#6789,.F.);
#7826=ORIENTED_EDGE('',*,*,#7811,.F.);
#7827=EDGE_LOOP('',(#7820,#7824,#7825,#7826));
#7828=FACE_OUTER_BOUND('',#7827,.T.);
#7829=AXIS2_PLACEMENT_3D('',#6978,#4098,#3796);
#7830=PLANE('',#7829);
#7831=ADVANCED_FACE('',(#7828),#7830,.T.);
#7832=ORIENTED_EDGE('',*,*,#7112,.T.);
#7833=VECTOR('',#1679,1.);
#7834=LINE('',#6974,#7833);
#7835=EDGE_CURVE('',#6975,#6630,#7834,.T.);
#7836=ORIENTED_EDGE('',*,*,#7835,.T.);
#7837=ORIENTED_EDGE('',*,*,#6793,.F.);
#7838=ORIENTED_EDGE('',*,*,#7823,.F.);
#7839=EDGE_LOOP('',(#7832,#7836,#7837,#7838));
#7840=FACE_OUTER_BOUND('',#7839,.T.);
#7841=AXIS2_PLACEMENT_3D('',#6976,#4085,#3782);
#7842=PLANE('',#7841);
#7843=ADVANCED_FACE('',(#7840),#7842,.T.);
#7844=ORIENTED_EDGE('',*,*,#7108,.T.);
#7845=VECTOR('',#1679,1.);
#7846=LINE('',#6972,#7845);
#7847=EDGE_CURVE('',#6973,#6632,#7846,.T.);
#7848=ORIENTED_EDGE('',*,*,#7847,.T.);
#7849=ORIENTED_EDGE('',*,*,#6797,.F.);
#7850=ORIENTED_EDGE('',*,*,#7835,.F.);
#7851=EDGE_LOOP('',(#7844,#7848,#7849,#7850));
#7852=FACE_OUTER_BOUND('',#7851,.T.);
#7853=AXIS2_PLACEMENT_3D('',#6974,#4072,#3769);
#7854=PLANE('',#7853);
#7855=ADVANCED_FACE('',(#7852),#7854,.T.);
#7856=ORIENTED_EDGE('',*,*,#7104,.T.);
#7857=VECTOR('',#1679,1.);
#7858=LINE('',#6970,#7857);
#7859=EDGE_CURVE('',#6971,#6634,#7858,.T.);
#7860=ORIENTED_EDGE('',*,*,#7859,.T.);
#7861=ORIENTED_EDGE('',*,*,#6801,.F.);
#7862=ORIENTED_EDGE('',*,*,#7847,.F.);
#7863=EDGE_LOOP('',(#7856,#7860,#7861,#7862));
#7864=FACE_OUTER_BOUND('',#7863,.T.);
#7865=AXIS2_PLACEMENT_3D('',#6972,#4059,#3756);
#7866=PLANE('',#7865);
#7867=ADVANCED_FACE('',(#7864),#7866,.T.);
#7868=ORIENTED_EDGE('',*,*,#7100,.T.);
#7869=VECTOR('',#1679,1.);
#7870=LINE('',#6968,#7869);
#7871=EDGE_CURVE('',#6969,#6636,#7870,.T.);
#7872=ORIENTED_EDGE('',*,*,#7871,.T.);
#7873=ORIENTED_EDGE('',*,*,#6805,.F.);
#7874=ORIENTED_EDGE('',*,*,#7859,.F.);
#7875=EDGE_LOOP('',(#7868,#7872,#7873,#7874));
#7876=FACE_OUTER_BOUND('',#7875,.T.);
#7877=AXIS2_PLACEMENT_3D('',#6970,#4046,#3743);
#7878=PLANE('',#7877);
#7879=ADVANCED_FACE('',(#7876),#7878,.T.);
#7880=ORIENTED_EDGE('',*,*,#7096,.T.);
#7881=VECTOR('',#1679,1.);
#7882=LINE('',#6966,#7881);
#7883=EDGE_CURVE('',#6967,#6638,#7882,.T.);
#7884=ORIENTED_EDGE('',*,*,#7883,.T.);
#7885=ORIENTED_EDGE('',*,*,#6809,.F.);
#7886=ORIENTED_EDGE('',*,*,#7871,.F.);
#7887=EDGE_LOOP('',(#7880,#7884,#7885,#7886));
#7888=FACE_OUTER_BOUND('',#7887,.T.);
#7889=AXIS2_PLACEMENT_3D('',#6968,#4033,#3730);
#7890=PLANE('',#7889);
#7891=ADVANCED_FACE('',(#7888),#7890,.T.);
#7892=ORIENTED_EDGE('',*,*,#7092,.T.);
#7893=VECTOR('',#1679,1.);
#7894=LINE('',#6964,#7893);
#7895=EDGE_CURVE('',#6965,#6640,#7894,.T.);
#7896=ORIENTED_EDGE('',*,*,#7895,.T.);
#7897=ORIENTED_EDGE('',*,*,#6813,.F.);
#7898=ORIENTED_EDGE('',*,*,#7883,.F.);
#7899=EDGE_LOOP('',(#7892,#7896,#7897,#7898));
#7900=FACE_OUTER_BOUND('',#7899,.T.);
#7901=AXIS2_PLACEMENT_3D('',#6966,#4020,#3717);
#7902=PLANE('',#7901);
#7903=ADVANCED_FACE('',(#7900),#7902,.T.);
#7904=ORIENTED_EDGE('',*,*,#7088,.T.);
#7905=VECTOR('',#1679,1.);
#7906=LINE('',#6962,#7905);
#7907=EDGE_CURVE('',#6963,#6642,#7906,.T.);
#7908=ORIENTED_EDGE('',*,*,#7907,.T.);
#7909=ORIENTED_EDGE('',*,*,#6817,.F.);
#7910=ORIENTED_EDGE('',*,*,#7895,.F.);
#7911=EDGE_LOOP('',(#7904,#7908,#7909,#7910));
#7912=FACE_OUTER_BOUND('',#7911,.T.);
#7913=AXIS2_PLACEMENT_3D('',#6964,#4007,#3704);
#7914=PLANE('',#7913);
#7915=ADVANCED_FACE('',(#7912),#7914,.T.);
#7916=ORIENTED_EDGE('',*,*,#7084,.T.);
#7917=VECTOR('',#1679,1.);
#7918=LINE('',#6960,#7917);
#7919=EDGE_CURVE('',#6961,#6644,#7918,.T.);
#7920=ORIENTED_EDGE('',*,*,#7919,.T.);
#7921=ORIENTED_EDGE('',*,*,#6821,.F.);
#7922=ORIENTED_EDGE('',*,*,#7907,.F.);
#7923=EDGE_LOOP('',(#7916,#7920,#7921,#7922));
#7924=FACE_OUTER_BOUND('',#7923,.T.);
#7925=AXIS2_PLACEMENT_3D('',#6962,#3994,#3690);
#7926=PLANE('',#7925);
#7927=ADVANCED_FACE('',(#7924),#7926,.T.);
#7928=ORIENTED_EDGE('',*,*,#7080,.T.);
#7929=VECTOR('',#1679,1.);
#7930=LINE('',#6958,#7929);
#7931=EDGE_CURVE('',#6959,#6646,#7930,.T.);
#7932=ORIENTED_EDGE('',*,*,#7931,.T.);
#7933=ORIENTED_EDGE('',*,*,#6825,.F.);
#7934=ORIENTED_EDGE('',*,*,#7919,.F.);
#7935=EDGE_LOOP('',(#7928,#7932,#7933,#7934));
#7936=FACE_OUTER_BOUND('',#7935,.T.);
#7937=AXIS2_PLACEMENT_3D('',#6960,#3981,#3677);
#7938=PLANE('',#7937);
#7939=ADVANCED_FACE('',(#7936),#7938,.T.);
#7940=ORIENTED_EDGE('',*,*,#7076,.T.);
#7941=VECTOR('',#1679,1.);
#7942=LINE('',#6956,#7941);
#7943=EDGE_CURVE('',#6957,#6648,#7942,.T.);
#7944=ORIENTED_EDGE('',*,*,#7943,.T.);
#7945=ORIENTED_EDGE('',*,*,#6829,.F.);
#7946=ORIENTED_EDGE('',*,*,#7931,.F.);
#7947=EDGE_LOOP('',(#7940,#7944,#7945,#7946));
#7948=FACE_OUTER_BOUND('',#7947,.T.);
#7949=AXIS2_PLACEMENT_3D('',#6958,#3968,#4124);
#7950=PLANE('',#7949);
#7951=ADVANCED_FACE('',(#7948),#7950,.T.);
#7952=ORIENTED_EDGE('',*,*,#7072,.T.);
#7953=VECTOR('',#1679,1.);
#7954=LINE('',#6954,#7953);
#7955=EDGE_CURVE('',#6955,#6650,#7954,.T.);
#7956=ORIENTED_EDGE('',*,*,#7955,.T.);
#7957=ORIENTED_EDGE('',*,*,#6833,.F.);
#7958=ORIENTED_EDGE('',*,*,#7943,.F.);
#7959=EDGE_LOOP('',(#7952,#7956,#7957,#7958));
#7960=FACE_OUTER_BOUND('',#7959,.T.);
#7961=AXIS2_PLACEMENT_3D('',#6956,#1571,#4111);
#7962=PLANE('',#7961);
#7963=ADVANCED_FACE('',(#7960),#7962,.T.);
#7964=ORIENTED_EDGE('',*,*,#7068,.T.);
#7965=VECTOR('',#1679,1.);
#7966=LINE('',#6952,#7965);
#7967=EDGE_CURVE('',#6953,#6652,#7966,.T.);
#7968=ORIENTED_EDGE('',*,*,#7967,.T.);
#7969=ORIENTED_EDGE('',*,*,#6837,.F.);
#7970=ORIENTED_EDGE('',*,*,#7955,.F.);
#7971=EDGE_LOOP('',(#7964,#7968,#7969,#7970));
#7972=FACE_OUTER_BOUND('',#7971,.T.);
#7973=AXIS2_PLACEMENT_3D('',#6954,#386,#4098);
#7974=PLANE('',#7973);
#7975=ADVANCED_FACE('',(#7972),#7974,.T.);
#7976=ORIENTED_EDGE('',*,*,#7064,.T.);
#7977=VECTOR('',#1679,1.);
#7978=LINE('',#6950,#7977);
#7979=EDGE_CURVE('',#6951,#6654,#7978,.T.);
#7980=ORIENTED_EDGE('',*,*,#7979,.T.);
#7981=ORIENTED_EDGE('',*,*,#6841,.F.);
#7982=ORIENTED_EDGE('',*,*,#7967,.F.);
#7983=EDGE_LOOP('',(#7976,#7980,#7981,#7982));
#7984=FACE_OUTER_BOUND('',#7983,.T.);
#7985=AXIS2_PLACEMENT_3D('',#6952,#3931,#4085);
#7986=PLANE('',#7985);
#7987=ADVANCED_FACE('',(#7984),#7986,.T.);
#7988=ORIENTED_EDGE('',*,*,#7060,.T.);
#7989=VECTOR('',#1679,1.);
#7990=LINE('',#6948,#7989);
#7991=EDGE_CURVE('',#6949,#6656,#7990,.T.);
#7992=ORIENTED_EDGE('',*,*,#7991,.T.);
#7993=ORIENTED_EDGE('',*,*,#6845,.F.);
#7994=ORIENTED_EDGE('',*,*,#7979,.F.);
#7995=EDGE_LOOP('',(#7988,#7992,#7993,#7994));
#7996=FACE_OUTER_BOUND('',#7995,.T.);
#7997=AXIS2_PLACEMENT_3D('',#6950,#1557,#4072);
#7998=PLANE('',#7997);
#7999=ADVANCED_FACE('',(#7996),#7998,.T.);
#8000=ORIENTED_EDGE('',*,*,#7056,.T.);
#8001=VECTOR('',#1679,1.);
#8002=LINE('',#6946,#8001);
#8003=EDGE_CURVE('',#6947,#6658,#8002,.T.);
#8004=ORIENTED_EDGE('',*,*,#8003,.T.);
#8005=ORIENTED_EDGE('',*,*,#6849,.F.);
#8006=ORIENTED_EDGE('',*,*,#7991,.F.);
#8007=EDGE_LOOP('',(#8000,#8004,#8005,#8006));
#8008=FACE_OUTER_BOUND('',#8007,.T.);
#8009=AXIS2_PLACEMENT_3D('',#6948,#1552,#4059);
#8010=PLANE('',#8009);
#8011=ADVANCED_FACE('',(#8008),#8010,.T.);
#8012=ORIENTED_EDGE('',*,*,#7052,.T.);
#8013=VECTOR('',#1679,1.);
#8014=LINE('',#6944,#8013);
#8015=EDGE_CURVE('',#6945,#6660,#8014,.T.);
#8016=ORIENTED_EDGE('',*,*,#8015,.T.);
#8017=ORIENTED_EDGE('',*,*,#6853,.F.);
#8018=ORIENTED_EDGE('',*,*,#8003,.F.);
#8019=EDGE_LOOP('',(#8012,#8016,#8017,#8018));
#8020=FACE_OUTER_BOUND('',#8019,.T.);
#8021=AXIS2_PLACEMENT_3D('',#6946,#1547,#4046);
#8022=PLANE('',#8021);
#8023=ADVANCED_FACE('',(#8020),#8022,.T.);
#8024=ORIENTED_EDGE('',*,*,#7048,.T.);
#8025=VECTOR('',#1679,1.);
#8026=LINE('',#6942,#8025);
#8027=EDGE_CURVE('',#6943,#6662,#8026,.T.);
#8028=ORIENTED_EDGE('',*,*,#8027,.T.);
#8029=ORIENTED_EDGE('',*,*,#6857,.F.);
#8030=ORIENTED_EDGE('',*,*,#8015,.F.);
#8031=EDGE_LOOP('',(#8024,#8028,#8029,#8030));
#8032=FACE_OUTER_BOUND('',#8031,.T.);
#8033=AXIS2_PLACEMENT_3D('',#6944,#1542,#4033);
#8034=PLANE('',#8033);
#8035=ADVANCED_FACE('',(#8032),#8034,.T.);
#8036=ORIENTED_EDGE('',*,*,#7044,.T.);
#8037=VECTOR('',#1679,1.);
#8038=LINE('',#6940,#8037);
#8039=EDGE_CURVE('',#6941,#6664,#8038,.T.);
#8040=ORIENTED_EDGE('',*,*,#8039,.T.);
#8041=ORIENTED_EDGE('',*,*,#6861,.F.);
#8042=ORIENTED_EDGE('',*,*,#8027,.F.);
#8043=EDGE_LOOP('',(#8036,#8040,#8041,#8042));
#8044=FACE_OUTER_BOUND('',#8043,.T.);
#8045=AXIS2_PLACEMENT_3D('',#6942,#1537,#4020);
#8046=PLANE('',#8045);
#8047=ADVANCED_FACE('',(#8044),#8046,.T.);
#8048=ORIENTED_EDGE('',*,*,#7040,.T.);
#8049=VECTOR('',#1679,1.);
#8050=LINE('',#6938,#8049);
#8051=EDGE_CURVE('',#6939,#6666,#8050,.T.);
#8052=ORIENTED_EDGE('',*,*,#8051,.T.);
#8053=ORIENTED_EDGE('',*,*,#6865,.F.);
#8054=ORIENTED_EDGE('',*,*,#8039,.F.);
#8055=EDGE_LOOP('',(#8048,#8052,#8053,#8054));
#8056=FACE_OUTER_BOUND('',#8055,.T.);
#8057=AXIS2_PLACEMENT_3D('',#6940,#1532,#4007);
#8058=PLANE('',#8057);
#8059=ADVANCED_FACE('',(#8056),#8058,.T.);
#8060=ORIENTED_EDGE('',*,*,#7036,.T.);
#8061=VECTOR('',#1679,1.);
#8062=LINE('',#6936,#8061);
#8063=EDGE_CURVE('',#6937,#6668,#8062,.T.);
#8064=ORIENTED_EDGE('',*,*,#8063,.T.);
#8065=ORIENTED_EDGE('',*,*,#6869,.F.);
#8066=ORIENTED_EDGE('',*,*,#8051,.F.);
#8067=EDGE_LOOP('',(#8060,#8064,#8065,#8066));
#8068=FACE_OUTER_BOUND('',#8067,.T.);
#8069=AXIS2_PLACEMENT_3D('',#6938,#3846,#3994);
#8070=PLANE('',#8069);
#8071=ADVANCED_FACE('',(#8068),#8070,.T.);
#8072=ORIENTED_EDGE('',*,*,#7032,.T.);
#8073=VECTOR('',#1679,1.);
#8074=LINE('',#6934,#8073);
#8075=EDGE_CURVE('',#6935,#6670,#8074,.T.);
#8076=ORIENTED_EDGE('',*,*,#8075,.T.);
#8077=ORIENTED_EDGE('',*,*,#6873,.F.);
#8078=ORIENTED_EDGE('',*,*,#8063,.F.);
#8079=EDGE_LOOP('',(#8072,#8076,#8077,#8078));
#8080=FACE_OUTER_BOUND('',#8079,.T.);
#8081=AXIS2_PLACEMENT_3D('',#6936,#341,#3981);
#8082=PLANE('',#8081);
#8083=ADVANCED_FACE('',(#8080),#8082,.T.);
#8084=ORIENTED_EDGE('',*,*,#7220,.T.);
#8085=ORIENTED_EDGE('',*,*,#7525,.T.);
#8086=ORIENTED_EDGE('',*,*,#6877,.F.);
#8087=ORIENTED_EDGE('',*,*,#8075,.F.);
#8088=EDGE_LOOP('',(#8084,#8085,#8086,#8087));
#8089=FACE_OUTER_BOUND('',#8088,.T.);
#8090=AXIS2_PLACEMENT_3D('',#6934,#1518,#3968);
#8091=PLANE('',#8090);
#8092=ADVANCED_FACE('',(#8089),#8091,.T.);
#8093=ORIENTED_EDGE('',*,*,#7506,.F.);
#8094=VECTOR('',#1679,1.);
#8095=LINE('',#7316,#8094);
#8096=EDGE_CURVE('',#7317,#1946,#8095,.T.);
#8097=ORIENTED_EDGE('',*,*,#8096,.T.);
#8098=ORIENTED_EDGE('',*,*,#2135,.T.);
#8099=VECTOR('',#1679,1.);
#8100=LINE('',#7318,#8099);
#8101=EDGE_CURVE('',#7319,#1948,#8100,.T.);
#8102=ORIENTED_EDGE('',*,*,#8101,.F.);
#8103=EDGE_LOOP('',(#8093,#8097,#8098,#8102));
#8104=FACE_OUTER_BOUND('',#8103,.T.);
#8105=AXIS2_PLACEMENT_3D('',#7318,#3677,#281);
#8106=PLANE('',#8105);
#8107=ADVANCED_FACE('',(#8104),#8106,.T.);
#8108=ORIENTED_EDGE('',*,*,#7502,.F.);
#8109=VECTOR('',#1679,1.);
#8110=LINE('',#7314,#8109);
#8111=EDGE_CURVE('',#7315,#1944,#8110,.T.);
#8112=ORIENTED_EDGE('',*,*,#8111,.T.);
#8113=ORIENTED_EDGE('',*,*,#2131,.T.);
#8114=ORIENTED_EDGE('',*,*,#8096,.F.);
#8115=EDGE_LOOP('',(#8108,#8112,#8113,#8114));
#8116=FACE_OUTER_BOUND('',#8115,.T.);
#8117=AXIS2_PLACEMENT_3D('',#7316,#3690,#3691);
#8118=PLANE('',#8117);
#8119=ADVANCED_FACE('',(#8116),#8118,.T.);
#8120=ORIENTED_EDGE('',*,*,#7498,.F.);
#8121=VECTOR('',#1679,1.);
#8122=LINE('',#7312,#8121);
#8123=EDGE_CURVE('',#7313,#1942,#8122,.T.);
#8124=ORIENTED_EDGE('',*,*,#8123,.T.);
#8125=ORIENTED_EDGE('',*,*,#2127,.T.);
#8126=ORIENTED_EDGE('',*,*,#8111,.F.);
#8127=EDGE_LOOP('',(#8120,#8124,#8125,#8126));
#8128=FACE_OUTER_BOUND('',#8127,.T.);
#8129=AXIS2_PLACEMENT_3D('',#7314,#3704,#1474);
#8130=PLANE('',#8129);
#8131=ADVANCED_FACE('',(#8128),#8130,.T.);
#8132=ORIENTED_EDGE('',*,*,#7494,.F.);
#8133=VECTOR('',#1679,1.);
#8134=LINE('',#7310,#8133);
#8135=EDGE_CURVE('',#7311,#1940,#8134,.T.);
#8136=ORIENTED_EDGE('',*,*,#8135,.T.);
#8137=ORIENTED_EDGE('',*,*,#2123,.T.);
#8138=ORIENTED_EDGE('',*,*,#8123,.F.);
#8139=EDGE_LOOP('',(#8132,#8136,#8137,#8138));
#8140=FACE_OUTER_BOUND('',#8139,.T.);
#8141=AXIS2_PLACEMENT_3D('',#7312,#3717,#1479);
#8142=PLANE('',#8141);
#8143=ADVANCED_FACE('',(#8140),#8142,.T.);
#8144=ORIENTED_EDGE('',*,*,#7490,.F.);
#8145=VECTOR('',#1679,1.);
#8146=LINE('',#7308,#8145);
#8147=EDGE_CURVE('',#7309,#1938,#8146,.T.);
#8148=ORIENTED_EDGE('',*,*,#8147,.T.);
#8149=ORIENTED_EDGE('',*,*,#2119,.T.);
#8150=ORIENTED_EDGE('',*,*,#8135,.F.);
#8151=EDGE_LOOP('',(#8144,#8148,#8149,#8150));
#8152=FACE_OUTER_BOUND('',#8151,.T.);
#8153=AXIS2_PLACEMENT_3D('',#7310,#3730,#1484);
#8154=PLANE('',#8153);
#8155=ADVANCED_FACE('',(#8152),#8154,.T.);
#8156=ORIENTED_EDGE('',*,*,#7486,.F.);
#8157=VECTOR('',#1679,1.);
#8158=LINE('',#7306,#8157);
#8159=EDGE_CURVE('',#7307,#1936,#8158,.T.);
#8160=ORIENTED_EDGE('',*,*,#8159,.T.);
#8161=ORIENTED_EDGE('',*,*,#2115,.T.);
#8162=ORIENTED_EDGE('',*,*,#8147,.F.);
#8163=EDGE_LOOP('',(#8156,#8160,#8161,#8162));
#8164=FACE_OUTER_BOUND('',#8163,.T.);
#8165=AXIS2_PLACEMENT_3D('',#7308,#3743,#1489);
#8166=PLANE('',#8165);
#8167=ADVANCED_FACE('',(#8164),#8166,.T.);
#8168=ORIENTED_EDGE('',*,*,#7482,.F.);
#8169=VECTOR('',#1679,1.);
#8170=LINE('',#7304,#8169);
#8171=EDGE_CURVE('',#7305,#1934,#8170,.T.);
#8172=ORIENTED_EDGE('',*,*,#8171,.T.);
#8173=ORIENTED_EDGE('',*,*,#2111,.T.);
#8174=ORIENTED_EDGE('',*,*,#8159,.F.);
#8175=EDGE_LOOP('',(#8168,#8172,#8173,#8174));
#8176=FACE_OUTER_BOUND('',#8175,.T.);
#8177=AXIS2_PLACEMENT_3D('',#7306,#3756,#1494);
#8178=PLANE('',#8177);
#8179=ADVANCED_FACE('',(#8176),#8178,.T.);
#8180=ORIENTED_EDGE('',*,*,#7478,.F.);
#8181=VECTOR('',#1679,1.);
#8182=LINE('',#7302,#8181);
#8183=EDGE_CURVE('',#7303,#1932,#8182,.T.);
#8184=ORIENTED_EDGE('',*,*,#8183,.T.);
#8185=ORIENTED_EDGE('',*,*,#2107,.T.);
#8186=ORIENTED_EDGE('',*,*,#8171,.F.);
#8187=EDGE_LOOP('',(#8180,#8184,#8185,#8186));
#8188=FACE_OUTER_BOUND('',#8187,.T.);
#8189=AXIS2_PLACEMENT_3D('',#7304,#3769,#1499);
#8190=PLANE('',#8189);
#8191=ADVANCED_FACE('',(#8188),#8190,.T.);
#8192=ORIENTED_EDGE('',*,*,#7474,.F.);
#8193=VECTOR('',#1679,1.);
#8194=LINE('',#7300,#8193);
#8195=EDGE_CURVE('',#7301,#1930,#8194,.T.);
#8196=ORIENTED_EDGE('',*,*,#8195,.T.);
#8197=ORIENTED_EDGE('',*,*,#2103,.T.);
#8198=ORIENTED_EDGE('',*,*,#8183,.F.);
#8199=EDGE_LOOP('',(#8192,#8196,#8197,#8198));
#8200=FACE_OUTER_BOUND('',#8199,.T.);
#8201=AXIS2_PLACEMENT_3D('',#7302,#3782,#3783);
#8202=PLANE('',#8201);
#8203=ADVANCED_FACE('',(#8200),#8202,.T.);
#8204=ORIENTED_EDGE('',*,*,#7470,.F.);
#8205=VECTOR('',#1679,1.);
#8206=LINE('',#7298,#8205);
#8207=EDGE_CURVE('',#7299,#1928,#8206,.T.);
#8208=ORIENTED_EDGE('',*,*,#8207,.T.);
#8209=ORIENTED_EDGE('',*,*,#2099,.T.);
#8210=ORIENTED_EDGE('',*,*,#8195,.F.);
#8211=EDGE_LOOP('',(#8204,#8208,#8209,#8210));
#8212=FACE_OUTER_BOUND('',#8211,.T.);
#8213=AXIS2_PLACEMENT_3D('',#7300,#3796,#326);
#8214=PLANE('',#8213);
#8215=ADVANCED_FACE('',(#8212),#8214,.T.);
#8216=ORIENTED_EDGE('',*,*,#7466,.F.);
#8217=VECTOR('',#1679,1.);
#8218=LINE('',#7296,#8217);
#8219=EDGE_CURVE('',#7297,#1926,#8218,.T.);
#8220=ORIENTED_EDGE('',*,*,#8219,.T.);
#8221=ORIENTED_EDGE('',*,*,#2095,.T.);
#8222=ORIENTED_EDGE('',*,*,#8207,.F.);
#8223=EDGE_LOOP('',(#8216,#8220,#8221,#8222));
#8224=FACE_OUTER_BOUND('',#8223,.T.);
#8225=AXIS2_PLACEMENT_3D('',#7298,#3809,#1513);
#8226=PLANE('',#8225);
#8227=ADVANCED_FACE('',(#8224),#8226,.T.);
#8228=ORIENTED_EDGE('',*,*,#7462,.F.);
#8229=VECTOR('',#1679,1.);
#8230=LINE('',#7294,#8229);
#8231=EDGE_CURVE('',#7295,#1924,#8230,.T.);
#8232=ORIENTED_EDGE('',*,*,#8231,.T.);
#8233=ORIENTED_EDGE('',*,*,#2091,.T.);
#8234=ORIENTED_EDGE('',*,*,#8219,.F.);
#8235=EDGE_LOOP('',(#8228,#8232,#8233,#8234));
#8236=FACE_OUTER_BOUND('',#8235,.T.);
#8237=AXIS2_PLACEMENT_3D('',#7296,#1576,#1518);
#8238=PLANE('',#8237);
#8239=ADVANCED_FACE('',(#8236),#8238,.T.);
#8240=ORIENTED_EDGE('',*,*,#7458,.F.);
#8241=VECTOR('',#1679,1.);
#8242=LINE('',#7292,#8241);
#8243=EDGE_CURVE('',#7293,#1922,#8242,.T.);
#8244=ORIENTED_EDGE('',*,*,#8243,.T.);
#8245=ORIENTED_EDGE('',*,*,#2087,.T.);
#8246=ORIENTED_EDGE('',*,*,#8231,.F.);
#8247=EDGE_LOOP('',(#8240,#8244,#8245,#8246));
#8248=FACE_OUTER_BOUND('',#8247,.T.);
#8249=AXIS2_PLACEMENT_3D('',#7294,#281,#341);
#8250=PLANE('',#8249);
#8251=ADVANCED_FACE('',(#8248),#8250,.T.);
#8252=ORIENTED_EDGE('',*,*,#7454,.F.);
#8253=VECTOR('',#1679,1.);
#8254=LINE('',#7290,#8253);
#8255=EDGE_CURVE('',#7291,#1920,#8254,.T.);
#8256=ORIENTED_EDGE('',*,*,#8255,.T.);
#8257=ORIENTED_EDGE('',*,*,#2083,.T.);
#8258=ORIENTED_EDGE('',*,*,#8243,.F.);
#8259=EDGE_LOOP('',(#8252,#8256,#8257,#8258));
#8260=FACE_OUTER_BOUND('',#8259,.T.);
#8261=AXIS2_PLACEMENT_3D('',#7292,#3691,#3846);
#8262=PLANE('',#8261);
#8263=ADVANCED_FACE('',(#8260),#8262,.T.);
#8264=ORIENTED_EDGE('',*,*,#7450,.F.);
#8265=VECTOR('',#1679,1.);
#8266=LINE('',#7288,#8265);
#8267=EDGE_CURVE('',#7289,#1918,#8266,.T.);
#8268=ORIENTED_EDGE('',*,*,#8267,.T.);
#8269=ORIENTED_EDGE('',*,*,#2079,.T.);
#8270=ORIENTED_EDGE('',*,*,#8255,.F.);
#8271=EDGE_LOOP('',(#8264,#8268,#8269,#8270));
#8272=FACE_OUTER_BOUND('',#8271,.T.);
#8273=AXIS2_PLACEMENT_3D('',#7290,#1474,#1532);
#8274=PLANE('',#8273);
#8275=ADVANCED_FACE('',(#8272),#8274,.T.);
#8276=ORIENTED_EDGE('',*,*,#7446,.F.);
#8277=VECTOR('',#1679,1.);
#8278=LINE('',#7286,#8277);
#8279=EDGE_CURVE('',#7287,#1916,#8278,.T.);
#8280=ORIENTED_EDGE('',*,*,#8279,.T.);
#8281=ORIENTED_EDGE('',*,*,#2075,.T.);
#8282=ORIENTED_EDGE('',*,*,#8267,.F.);
#8283=EDGE_LOOP('',(#8276,#8280,#8281,#8282));
#8284=FACE_OUTER_BOUND('',#8283,.T.);
#8285=AXIS2_PLACEMENT_3D('',#7288,#1479,#1537);
#8286=PLANE('',#8285);
#8287=ADVANCED_FACE('',(#8284),#8286,.T.);
#8288=ORIENTED_EDGE('',*,*,#7442,.F.);
#8289=VECTOR('',#1679,1.);
#8290=LINE('',#7284,#8289);
#8291=EDGE_CURVE('',#7285,#1914,#8290,.T.);
#8292=ORIENTED_EDGE('',*,*,#8291,.T.);
#8293=ORIENTED_EDGE('',*,*,#2071,.T.);
#8294=ORIENTED_EDGE('',*,*,#8279,.F.);
#8295=EDGE_LOOP('',(#8288,#8292,#8293,#8294));
#8296=FACE_OUTER_BOUND('',#8295,.T.);
#8297=AXIS2_PLACEMENT_3D('',#7286,#1484,#1542);
#8298=PLANE('',#8297);
#8299=ADVANCED_FACE('',(#8296),#8298,.T.);
#8300=ORIENTED_EDGE('',*,*,#7438,.F.);
#8301=VECTOR('',#1679,1.);
#8302=LINE('',#7282,#8301);
#8303=EDGE_CURVE('',#7283,#1912,#8302,.T.);
#8304=ORIENTED_EDGE('',*,*,#8303,.T.);
#8305=ORIENTED_EDGE('',*,*,#2067,.T.);
#8306=ORIENTED_EDGE('',*,*,#8291,.F.);
#8307=EDGE_LOOP('',(#8300,#8304,#8305,#8306));
#8308=FACE_OUTER_BOUND('',#8307,.T.);
#8309=AXIS2_PLACEMENT_3D('',#7284,#1489,#1547);
#8310=PLANE('',#8309);
#8311=ADVANCED_FACE('',(#8308),#8310,.T.);
#8312=ORIENTED_EDGE('',*,*,#7434,.F.);
#8313=VECTOR('',#1679,1.);
#8314=LINE('',#7280,#8313);
#8315=EDGE_CURVE('',#7281,#1910,#8314,.T.);
#8316=ORIENTED_EDGE('',*,*,#8315,.T.);
#8317=ORIENTED_EDGE('',*,*,#2063,.T.);
#8318=ORIENTED_EDGE('',*,*,#8303,.F.);
#8319=EDGE_LOOP('',(#8312,#8316,#8317,#8318));
#8320=FACE_OUTER_BOUND('',#8319,.T.);
#8321=AXIS2_PLACEMENT_3D('',#7282,#1494,#1552);
#8322=PLANE('',#8321);
#8323=ADVANCED_FACE('',(#8320),#8322,.T.);
#8324=ORIENTED_EDGE('',*,*,#7430,.F.);
#8325=VECTOR('',#1679,1.);
#8326=LINE('',#7278,#8325);
#8327=EDGE_CURVE('',#7279,#1908,#8326,.T.);
#8328=ORIENTED_EDGE('',*,*,#8327,.T.);
#8329=ORIENTED_EDGE('',*,*,#2059,.T.);
#8330=ORIENTED_EDGE('',*,*,#8315,.F.);
#8331=EDGE_LOOP('',(#8324,#8328,#8329,#8330));
#8332=FACE_OUTER_BOUND('',#8331,.T.);
#8333=AXIS2_PLACEMENT_3D('',#7280,#1499,#1557);
#8334=PLANE('',#8333);
#8335=ADVANCED_FACE('',(#8332),#8334,.T.);
#8336=ORIENTED_EDGE('',*,*,#7426,.F.);
#8337=VECTOR('',#1679,1.);
#8338=LINE('',#7276,#8337);
#8339=EDGE_CURVE('',#7277,#1906,#8338,.T.);
#8340=ORIENTED_EDGE('',*,*,#8339,.T.);
#8341=ORIENTED_EDGE('',*,*,#2055,.T.);
#8342=ORIENTED_EDGE('',*,*,#8327,.F.);
#8343=EDGE_LOOP('',(#8336,#8340,#8341,#8342));
#8344=FACE_OUTER_BOUND('',#8343,.T.);
#8345=AXIS2_PLACEMENT_3D('',#7278,#3783,#3931);
#8346=PLANE('',#8345);
#8347=ADVANCED_FACE('',(#8344),#8346,.T.);
#8348=ORIENTED_EDGE('',*,*,#7422,.F.);
#8349=VECTOR('',#1679,1.);
#8350=LINE('',#7274,#8349);
#8351=EDGE_CURVE('',#7275,#1904,#8350,.T.);
#8352=ORIENTED_EDGE('',*,*,#8351,.T.);
#8353=ORIENTED_EDGE('',*,*,#2051,.T.);
#8354=ORIENTED_EDGE('',*,*,#8339,.F.);
#8355=EDGE_LOOP('',(#8348,#8352,#8353,#8354));
#8356=FACE_OUTER_BOUND('',#8355,.T.);
#8357=AXIS2_PLACEMENT_3D('',#7276,#326,#386);
#8358=PLANE('',#8357);
#8359=ADVANCED_FACE('',(#8356),#8358,.T.);
#8360=ORIENTED_EDGE('',*,*,#7418,.F.);
#8361=VECTOR('',#1679,1.);
#8362=LINE('',#7272,#8361);
#8363=EDGE_CURVE('',#7273,#1902,#8362,.T.);
#8364=ORIENTED_EDGE('',*,*,#8363,.T.);
#8365=ORIENTED_EDGE('',*,*,#2047,.T.);
#8366=ORIENTED_EDGE('',*,*,#8351,.F.);
#8367=EDGE_LOOP('',(#8360,#8364,#8365,#8366));
#8368=FACE_OUTER_BOUND('',#8367,.T.);
#8369=AXIS2_PLACEMENT_3D('',#7274,#1513,#1571);
#8370=PLANE('',#8369);
#8371=ADVANCED_FACE('',(#8368),#8370,.T.);
#8372=ORIENTED_EDGE('',*,*,#7414,.T.);
#8373=VECTOR('',#1679,1.);
#8374=LINE('',#7270,#8373);
#8375=EDGE_CURVE('',#7271,#1900,#8374,.T.);
#8376=ORIENTED_EDGE('',*,*,#8375,.T.);
#8377=ORIENTED_EDGE('',*,*,#2043,.F.);
#8378=ORIENTED_EDGE('',*,*,#8363,.F.);
#8379=EDGE_LOOP('',(#8372,#8376,#8377,#8378));
#8380=FACE_OUTER_BOUND('',#8379,.T.);
#8381=AXIS2_PLACEMENT_3D('',#7272,#1518,#3968);
#8382=PLANE('',#8381);
#8383=ADVANCED_FACE('',(#8380),#8382,.T.);
#8384=ORIENTED_EDGE('',*,*,#7410,.T.);
#8385=VECTOR('',#1679,1.);
#8386=LINE('',#7268,#8385);
#8387=EDGE_CURVE('',#7269,#1898,#8386,.T.);
#8388=ORIENTED_EDGE('',*,*,#8387,.T.);
#8389=ORIENTED_EDGE('',*,*,#2039,.F.);
#8390=ORIENTED_EDGE('',*,*,#8375,.F.);
#8391=EDGE_LOOP('',(#8384,#8388,#8389,#8390));
#8392=FACE_OUTER_BOUND('',#8391,.T.);
#8393=AXIS2_PLACEMENT_3D('',#7270,#341,#3981);
#8394=PLANE('',#8393);
#8395=ADVANCED_FACE('',(#8392),#8394,.T.);
#8396=ORIENTED_EDGE('',*,*,#7406,.T.);
#8397=VECTOR('',#1679,1.);
#8398=LINE('',#7266,#8397);
#8399=EDGE_CURVE('',#7267,#1896,#8398,.T.);
#8400=ORIENTED_EDGE('',*,*,#8399,.T.);
#8401=ORIENTED_EDGE('',*,*,#2035,.F.);
#8402=ORIENTED_EDGE('',*,*,#8387,.F.);
#8403=EDGE_LOOP('',(#8396,#8400,#8401,#8402));
#8404=FACE_OUTER_BOUND('',#8403,.T.);
#8405=AXIS2_PLACEMENT_3D('',#7268,#3846,#3994);
#8406=PLANE('',#8405);
#8407=ADVANCED_FACE('',(#8404),#8406,.T.);
#8408=ORIENTED_EDGE('',*,*,#7402,.T.);
#8409=VECTOR('',#1679,1.);
#8410=LINE('',#7264,#8409);
#8411=EDGE_CURVE('',#7265,#1894,#8410,.T.);
#8412=ORIENTED_EDGE('',*,*,#8411,.T.);
#8413=ORIENTED_EDGE('',*,*,#2031,.F.);
#8414=ORIENTED_EDGE('',*,*,#8399,.F.);
#8415=EDGE_LOOP('',(#8408,#8412,#8413,#8414));
#8416=FACE_OUTER_BOUND('',#8415,.T.);
#8417=AXIS2_PLACEMENT_3D('',#7266,#1532,#4007);
#8418=PLANE('',#8417);
#8419=ADVANCED_FACE('',(#8416),#8418,.T.);
#8420=ORIENTED_EDGE('',*,*,#7398,.T.);
#8421=VECTOR('',#1679,1.);
#8422=LINE('',#7262,#8421);
#8423=EDGE_CURVE('',#7263,#1892,#8422,.T.);
#8424=ORIENTED_EDGE('',*,*,#8423,.T.);
#8425=ORIENTED_EDGE('',*,*,#2027,.F.);
#8426=ORIENTED_EDGE('',*,*,#8411,.F.);
#8427=EDGE_LOOP('',(#8420,#8424,#8425,#8426));
#8428=FACE_OUTER_BOUND('',#8427,.T.);
#8429=AXIS2_PLACEMENT_3D('',#7264,#1537,#4020);
#8430=PLANE('',#8429);
#8431=ADVANCED_FACE('',(#8428),#8430,.T.);
#8432=ORIENTED_EDGE('',*,*,#7394,.T.);
#8433=VECTOR('',#1679,1.);
#8434=LINE('',#7260,#8433);
#8435=EDGE_CURVE('',#7261,#1890,#8434,.T.);
#8436=ORIENTED_EDGE('',*,*,#8435,.T.);
#8437=ORIENTED_EDGE('',*,*,#2023,.F.);
#8438=ORIENTED_EDGE('',*,*,#8423,.F.);
#8439=EDGE_LOOP('',(#8432,#8436,#8437,#8438));
#8440=FACE_OUTER_BOUND('',#8439,.T.);
#8441=AXIS2_PLACEMENT_3D('',#7262,#1542,#4033);
#8442=PLANE('',#8441);
#8443=ADVANCED_FACE('',(#8440),#8442,.T.);
#8444=ORIENTED_EDGE('',*,*,#7390,.T.);
#8445=VECTOR('',#1679,1.);
#8446=LINE('',#7258,#8445);
#8447=EDGE_CURVE('',#7259,#1888,#8446,.T.);
#8448=ORIENTED_EDGE('',*,*,#8447,.T.);
#8449=ORIENTED_EDGE('',*,*,#2019,.F.);
#8450=ORIENTED_EDGE('',*,*,#8435,.F.);
#8451=EDGE_LOOP('',(#8444,#8448,#8449,#8450));
#8452=FACE_OUTER_BOUND('',#8451,.T.);
#8453=AXIS2_PLACEMENT_3D('',#7260,#1547,#4046);
#8454=PLANE('',#8453);
#8455=ADVANCED_FACE('',(#8452),#8454,.T.);
#8456=ORIENTED_EDGE('',*,*,#7386,.T.);
#8457=VECTOR('',#1679,1.);
#8458=LINE('',#7256,#8457);
#8459=EDGE_CURVE('',#7257,#1886,#8458,.T.);
#8460=ORIENTED_EDGE('',*,*,#8459,.T.);
#8461=ORIENTED_EDGE('',*,*,#2015,.F.);
#8462=ORIENTED_EDGE('',*,*,#8447,.F.);
#8463=EDGE_LOOP('',(#8456,#8460,#8461,#8462));
#8464=FACE_OUTER_BOUND('',#8463,.T.);
#8465=AXIS2_PLACEMENT_3D('',#7258,#1552,#4059);
#8466=PLANE('',#8465);
#8467=ADVANCED_FACE('',(#8464),#8466,.T.);
#8468=ORIENTED_EDGE('',*,*,#7382,.T.);
#8469=VECTOR('',#1679,1.);
#8470=LINE('',#7254,#8469);
#8471=EDGE_CURVE('',#7255,#1884,#8470,.T.);
#8472=ORIENTED_EDGE('',*,*,#8471,.T.);
#8473=ORIENTED_EDGE('',*,*,#2011,.F.);
#8474=ORIENTED_EDGE('',*,*,#8459,.F.);
#8475=EDGE_LOOP('',(#8468,#8472,#8473,#8474));
#8476=FACE_OUTER_BOUND('',#8475,.T.);
#8477=AXIS2_PLACEMENT_3D('',#7256,#1557,#4072);
#8478=PLANE('',#8477);
#8479=ADVANCED_FACE('',(#8476),#8478,.T.);
#8480=ORIENTED_EDGE('',*,*,#7378,.T.);
#8481=VECTOR('',#1679,1.);
#8482=LINE('',#7252,#8481);
#8483=EDGE_CURVE('',#7253,#1882,#8482,.T.);
#8484=ORIENTED_EDGE('',*,*,#8483,.T.);
#8485=ORIENTED_EDGE('',*,*,#2007,.F.);
#8486=ORIENTED_EDGE('',*,*,#8471,.F.);
#8487=EDGE_LOOP('',(#8480,#8484,#8485,#8486));
#8488=FACE_OUTER_BOUND('',#8487,.T.);
#8489=AXIS2_PLACEMENT_3D('',#7254,#3931,#4085);
#8490=PLANE('',#8489);
#8491=ADVANCED_FACE('',(#8488),#8490,.T.);
#8492=ORIENTED_EDGE('',*,*,#7374,.T.);
#8493=VECTOR('',#1679,1.);
#8494=LINE('',#7250,#8493);
#8495=EDGE_CURVE('',#7251,#1880,#8494,.T.);
#8496=ORIENTED_EDGE('',*,*,#8495,.T.);
#8497=ORIENTED_EDGE('',*,*,#2003,.F.);
#8498=ORIENTED_EDGE('',*,*,#8483,.F.);
#8499=EDGE_LOOP('',(#8492,#8496,#8497,#8498));
#8500=FACE_OUTER_BOUND('',#8499,.T.);
#8501=AXIS2_PLACEMENT_3D('',#7252,#386,#4098);
#8502=PLANE('',#8501);
#8503=ADVANCED_FACE('',(#8500),#8502,.T.);
#8504=ORIENTED_EDGE('',*,*,#7370,.T.);
#8505=VECTOR('',#1679,1.);
#8506=LINE('',#7248,#8505);
#8507=EDGE_CURVE('',#7249,#1878,#8506,.T.);
#8508=ORIENTED_EDGE('',*,*,#8507,.T.);
#8509=ORIENTED_EDGE('',*,*,#1999,.F.);
#8510=ORIENTED_EDGE('',*,*,#8495,.F.);
#8511=EDGE_LOOP('',(#8504,#8508,#8509,#8510));
#8512=FACE_OUTER_BOUND('',#8511,.T.);
#8513=AXIS2_PLACEMENT_3D('',#7250,#1571,#4111);
#8514=PLANE('',#8513);
#8515=ADVANCED_FACE('',(#8512),#8514,.T.);
#8516=ORIENTED_EDGE('',*,*,#7366,.T.);
#8517=VECTOR('',#1679,1.);
#8518=LINE('',#7246,#8517);
#8519=EDGE_CURVE('',#7247,#1876,#8518,.T.);
#8520=ORIENTED_EDGE('',*,*,#8519,.T.);
#8521=ORIENTED_EDGE('',*,*,#1995,.F.);
#8522=ORIENTED_EDGE('',*,*,#8507,.F.);
#8523=EDGE_LOOP('',(#8516,#8520,#8521,#8522));
#8524=FACE_OUTER_BOUND('',#8523,.T.);
#8525=AXIS2_PLACEMENT_3D('',#7248,#3968,#4124);
#8526=PLANE('',#8525);
#8527=ADVANCED_FACE('',(#8524),#8526,.T.);
#8528=ORIENTED_EDGE('',*,*,#7362,.T.);
#8529=VECTOR('',#1679,1.);
#8530=LINE('',#7244,#8529);
#8531=EDGE_CURVE('',#7245,#1874,#8530,.T.);
#8532=ORIENTED_EDGE('',*,*,#8531,.T.);
#8533=ORIENTED_EDGE('',*,*,#1991,.F.);
#8534=ORIENTED_EDGE('',*,*,#8519,.F.);
#8535=EDGE_LOOP('',(#8528,#8532,#8533,#8534));
#8536=FACE_OUTER_BOUND('',#8535,.T.);
#8537=AXIS2_PLACEMENT_3D('',#7246,#3981,#3677);
#8538=PLANE('',#8537);
#8539=ADVANCED_FACE('',(#8536),#8538,.T.);
#8540=ORIENTED_EDGE('',*,*,#7358,.T.);
#8541=VECTOR('',#1679,1.);
#8542=LINE('',#7242,#8541);
#8543=EDGE_CURVE('',#7243,#1872,#8542,.T.);
#8544=ORIENTED_EDGE('',*,*,#8543,.T.);
#8545=ORIENTED_EDGE('',*,*,#1987,.F.);
#8546=ORIENTED_EDGE('',*,*,#8531,.F.);
#8547=EDGE_LOOP('',(#8540,#8544,#8545,#8546));
#8548=FACE_OUTER_BOUND('',#8547,.T.);
#8549=AXIS2_PLACEMENT_3D('',#7244,#3994,#3690);
#8550=PLANE('',#8549);
#8551=ADVANCED_FACE('',(#8548),#8550,.T.);
#8552=ORIENTED_EDGE('',*,*,#7354,.T.);
#8553=VECTOR('',#1679,1.);
#8554=LINE('',#7240,#8553);
#8555=EDGE_CURVE('',#7241,#1870,#8554,.T.);
#8556=ORIENTED_EDGE('',*,*,#8555,.T.);
#8557=ORIENTED_EDGE('',*,*,#1983,.F.);
#8558=ORIENTED_EDGE('',*,*,#8543,.F.);
#8559=EDGE_LOOP('',(#8552,#8556,#8557,#8558));
#8560=FACE_OUTER_BOUND('',#8559,.T.);
#8561=AXIS2_PLACEMENT_3D('',#7242,#4007,#3704);
#8562=PLANE('',#8561);
#8563=ADVANCED_FACE('',(#8560),#8562,.T.);
#8564=ORIENTED_EDGE('',*,*,#7350,.T.);
#8565=VECTOR('',#1679,1.);
#8566=LINE('',#7238,#8565);
#8567=EDGE_CURVE('',#7239,#1868,#8566,.T.);
#8568=ORIENTED_EDGE('',*,*,#8567,.T.);
#8569=ORIENTED_EDGE('',*,*,#1979,.F.);
#8570=ORIENTED_EDGE('',*,*,#8555,.F.);
#8571=EDGE_LOOP('',(#8564,#8568,#8569,#8570));
#8572=FACE_OUTER_BOUND('',#8571,.T.);
#8573=AXIS2_PLACEMENT_3D('',#7240,#4020,#3717);
#8574=PLANE('',#8573);
#8575=ADVANCED_FACE('',(#8572),#8574,.T.);
#8576=ORIENTED_EDGE('',*,*,#7346,.T.);
#8577=VECTOR('',#1679,1.);
#8578=LINE('',#7236,#8577);
#8579=EDGE_CURVE('',#7237,#1866,#8578,.T.);
#8580=ORIENTED_EDGE('',*,*,#8579,.T.);
#8581=ORIENTED_EDGE('',*,*,#1975,.F.);
#8582=ORIENTED_EDGE('',*,*,#8567,.F.);
#8583=EDGE_LOOP('',(#8576,#8580,#8581,#8582));
#8584=FACE_OUTER_BOUND('',#8583,.T.);
#8585=AXIS2_PLACEMENT_3D('',#7238,#4033,#3730);
#8586=PLANE('',#8585);
#8587=ADVANCED_FACE('',(#8584),#8586,.T.);
#8588=ORIENTED_EDGE('',*,*,#7342,.T.);
#8589=VECTOR('',#1679,1.);
#8590=LINE('',#7234,#8589);
#8591=EDGE_CURVE('',#7235,#1864,#8590,.T.);
#8592=ORIENTED_EDGE('',*,*,#8591,.T.);
#8593=ORIENTED_EDGE('',*,*,#1971,.F.);
#8594=ORIENTED_EDGE('',*,*,#8579,.F.);
#8595=EDGE_LOOP('',(#8588,#8592,#8593,#8594));
#8596=FACE_OUTER_BOUND('',#8595,.T.);
#8597=AXIS2_PLACEMENT_3D('',#7236,#4046,#3743);
#8598=PLANE('',#8597);
#8599=ADVANCED_FACE('',(#8596),#8598,.T.);
#8600=ORIENTED_EDGE('',*,*,#7338,.T.);
#8601=VECTOR('',#1679,1.);
#8602=LINE('',#7232,#8601);
#8603=EDGE_CURVE('',#7233,#1862,#8602,.T.);
#8604=ORIENTED_EDGE('',*,*,#8603,.T.);
#8605=ORIENTED_EDGE('',*,*,#1967,.F.);
#8606=ORIENTED_EDGE('',*,*,#8591,.F.);
#8607=EDGE_LOOP('',(#8600,#8604,#8605,#8606));
#8608=FACE_OUTER_BOUND('',#8607,.T.);
#8609=AXIS2_PLACEMENT_3D('',#7234,#4059,#3756);
#8610=PLANE('',#8609);
#8611=ADVANCED_FACE('',(#8608),#8610,.T.);
#8612=ORIENTED_EDGE('',*,*,#7334,.T.);
#8613=VECTOR('',#1679,1.);
#8614=LINE('',#7230,#8613);
#8615=EDGE_CURVE('',#7231,#1860,#8614,.T.);
#8616=ORIENTED_EDGE('',*,*,#8615,.T.);
#8617=ORIENTED_EDGE('',*,*,#1963,.F.);
#8618=ORIENTED_EDGE('',*,*,#8603,.F.);
#8619=EDGE_LOOP('',(#8612,#8616,#8617,#8618));
#8620=FACE_OUTER_BOUND('',#8619,.T.);
#8621=AXIS2_PLACEMENT_3D('',#7232,#4072,#3769);
#8622=PLANE('',#8621);
#8623=ADVANCED_FACE('',(#8620),#8622,.T.);
#8624=ORIENTED_EDGE('',*,*,#7330,.T.);
#8625=VECTOR('',#1679,1.);
#8626=LINE('',#7228,#8625);
#8627=EDGE_CURVE('',#7229,#1858,#8626,.T.);
#8628=ORIENTED_EDGE('',*,*,#8627,.T.);
#8629=ORIENTED_EDGE('',*,*,#1959,.F.);
#8630=ORIENTED_EDGE('',*,*,#8615,.F.);
#8631=EDGE_LOOP('',(#8624,#8628,#8629,#8630));
#8632=FACE_OUTER_BOUND('',#8631,.T.);
#8633=AXIS2_PLACEMENT_3D('',#7230,#4085,#3782);
#8634=PLANE('',#8633);
#8635=ADVANCED_FACE('',(#8632),#8634,.T.);
#8636=ORIENTED_EDGE('',*,*,#7326,.T.);
#8637=VECTOR('',#1679,1.);
#8638=LINE('',#7226,#8637);
#8639=EDGE_CURVE('',#7227,#1856,#8638,.T.);
#8640=ORIENTED_EDGE('',*,*,#8639,.T.);
#8641=ORIENTED_EDGE('',*,*,#1955,.F.);
#8642=ORIENTED_EDGE('',*,*,#8627,.F.);
#8643=EDGE_LOOP('',(#8636,#8640,#8641,#8642));
#8644=FACE_OUTER_BOUND('',#8643,.T.);
#8645=AXIS2_PLACEMENT_3D('',#7228,#4098,#3796);
#8646=PLANE('',#8645);
#8647=ADVANCED_FACE('',(#8644),#8646,.T.);
#8648=ORIENTED_EDGE('',*,*,#7322,.T.);
#8649=VECTOR('',#1679,1.);
#8650=LINE('',#7224,#8649);
#8651=EDGE_CURVE('',#7225,#1854,#8650,.T.);
#8652=ORIENTED_EDGE('',*,*,#8651,.T.);
#8653=ORIENTED_EDGE('',*,*,#1951,.F.);
#8654=ORIENTED_EDGE('',*,*,#8639,.F.);
#8655=EDGE_LOOP('',(#8648,#8652,#8653,#8654));
#8656=FACE_OUTER_BOUND('',#8655,.T.);
#8657=AXIS2_PLACEMENT_3D('',#7226,#4111,#3809);
#8658=PLANE('',#8657);
#8659=ADVANCED_FACE('',(#8656),#8658,.T.);
#8660=ORIENTED_EDGE('',*,*,#7510,.F.);
#8661=ORIENTED_EDGE('',*,*,#8101,.T.);
#8662=ORIENTED_EDGE('',*,*,#2139,.T.);
#8663=ORIENTED_EDGE('',*,*,#8651,.F.);
#8664=EDGE_LOOP('',(#8660,#8661,#8662,#8663));
#8665=FACE_OUTER_BOUND('',#8664,.T.);
#8666=AXIS2_PLACEMENT_3D('',#7224,#4124,#1576);
#8667=PLANE('',#8666);
#8668=ADVANCED_FACE('',(#8665),#8667,.T.);
#8669=CLOSED_SHELL('',(#6933,#7516,#7531,#7543,#7555,#7567,#7579,#7591,#7603,#7615,#7627,#7639,#7651,#7663,#7675,#7687,#7699,#7711,#7723,#7735,#7747,#7759,#7771,#7783,#7795,#7807,#7819,#7831,#7843,#7855,#7867,#7879,#7891,#7903,#7915,#7927,#7939,#7951,#7963,#7975,#7987,#7999,#8011,#8023,#8035,#8047,#8059,#8071,#8083,#8092,#8107,#8119,#8131,#8143,#8155,#8167,#8179,#8191,#8203,#8215,#8227,#8239,#8251,#8263,#8275,#8287,#8299,#8311,#8323,#8335,#8347,#8359,#8371,#8383,#8395,#8407,#8419,#8431,#8443,#8455,#8467,#8479,#8491,#8503,#8515,#8527,#8539,#8551,#8563,#8575,#8587,#8599,#8611,#8623,#8635,#8647,#8659,#8668));
#8670=MANIFOLD_SOLID_BREP('post1',#8669);
#8671=CARTESIAN_POINT('',(-30.5,-20.5,4.5));
#8672=VERTEX_POINT('',#8671);
#8673=CARTESIAN_POINT('',(-30.5256654,-20.1084214,4.5));
#8674=VERTEX_POINT('',#8673);
#8675=CARTESIAN_POINT('',(-30.6022225,-19.7235429,4.5));
#8676=VERTEX_POINT('',#8675);
#8677=CARTESIAN_POINT('',(-30.7283614,-19.3519497,4.5));
#8678=VERTEX_POINT('',#8677);
#8679=CARTESIAN_POINT('',(-30.9019238,-19.,4.5));
#8680=VERTEX_POINT('',#8679);
#8681=CARTESIAN_POINT('',(-31.11994,-18.6737157,4.5));
#8682=VERTEX_POINT('',#8681);
#8683=CARTESIAN_POINT('',(-31.3786797,-18.3786797,4.5));
#8684=VERTEX_POINT('',#8683);
#8685=CARTESIAN_POINT('',(-31.6737157,-18.11994,4.5));
#8686=VERTEX_POINT('',#8685);
#8687=CARTESIAN_POINT('',(-32.,-17.9019238,4.5));
#8688=VERTEX_POINT('',#8687);
#8689=CARTESIAN_POINT('',(-32.3519497,-17.7283614,4.5));
#8690=VERTEX_POINT('',#8689);
#8691=CARTESIAN_POINT('',(-32.7235429,-17.6022225,4.5));
#8692=VERTEX_POINT('',#8691);
#8693=CARTESIAN_POINT('',(-33.1084214,-17.5256654,4.5));
#8694=VERTEX_POINT('',#8693);
#8695=CARTESIAN_POINT('',(-33.5,-17.5,4.5));
#8696=VERTEX_POINT('',#8695);
#8697=CARTESIAN_POINT('',(-33.8915786,-17.5256654,4.5));
#8698=VERTEX_POINT('',#8697);
#8699=CARTESIAN_POINT('',(-34.2764571,-17.6022225,4.5));
#8700=VERTEX_POINT('',#8699);
#8701=CARTESIAN_POINT('',(-34.6480503,-17.7283614,4.5));
#8702=VERTEX_POINT('',#8701);
#8703=CARTESIAN_POINT('',(-35.,-17.9019238,4.5));
#8704=VERTEX_POINT('',#8703);
#8705=CARTESIAN_POINT('',(-35.3262843,-18.11994,4.5));
#8706=VERTEX_POINT('',#8705);
#8707=CARTESIAN_POINT('',(-35.6213203,-18.3786797,4.5));
#8708=VERTEX_POINT('',#8707);
#8709=CARTESIAN_POINT('',(-35.88006,-18.6737157,4.5));
#8710=VERTEX_POINT('',#8709);
#8711=CARTESIAN_POINT('',(-36.0980762,-19.,4.5));
#8712=VERTEX_POINT('',#8711);
#8713=CARTESIAN_POINT('',(-36.2716386,-19.3519497,4.5));
#8714=VERTEX_POINT('',#8713);
#8715=CARTESIAN_POINT('',(-36.3977775,-19.7235429,4.5));
#8716=VERTEX_POINT('',#8715);
#8717=CARTESIAN_POINT('',(-36.4743346,-20.1084214,4.5));
#8718=VERTEX_POINT('',#8717);
#8719=CARTESIAN_POINT('',(-36.5,-20.5,4.5));
#8720=VERTEX_POINT('',#8719);
#8721=CARTESIAN_POINT('',(-36.4743346,-20.8915786,4.5));
#8722=VERTEX_POINT('',#8721);
#8723=CARTESIAN_POINT('',(-36.3977775,-21.2764571,4.5));
#8724=VERTEX_POINT('',#8723);
#8725=CARTESIAN_POINT('',(-36.2716386,-21.6480503,4.5));
#8726=VERTEX_POINT('',#8725);
#8727=CARTESIAN_POINT('',(-36.0980762,-22.,4.5));
#8728=VERTEX_POINT('',#8727);
#8729=CARTESIAN_POINT('',(-35.88006,-22.3262843,4.5));
#8730=VERTEX_POINT('',#8729);
#8731=CARTESIAN_POINT('',(-35.6213203,-22.6213203,4.5));
#8732=VERTEX_POINT('',#8731);
#8733=CARTESIAN_POINT('',(-35.3262843,-22.88006,4.5));
#8734=VERTEX_POINT('',#8733);
#8735=CARTESIAN_POINT('',(-35.,-23.0980762,4.5));
#8736=VERTEX_POINT('',#8735);
#8737=CARTESIAN_POINT('',(-34.6480503,-23.2716386,4.5));
#8738=VERTEX_POINT('',#8737);
#8739=CARTESIAN_POINT('',(-34.2764571,-23.3977775,4.5));
#8740=VERTEX_POINT('',#8739);
#8741=CARTESIAN_POINT('',(-33.8915786,-23.4743346,4.5));
#8742=VERTEX_POINT('',#8741);
#8743=CARTESIAN_POINT('',(-33.5,-23.5,4.5));
#8744=VERTEX_POINT('',#8743);
#8745=CARTESIAN_POINT('',(-33.1084214,-23.4743346,4.5));
#8746=VERTEX_POINT('',#8745);
#8747=CARTESIAN_POINT('',(-32.7235429,-23.3977775,4.5));
#8748=VERTEX_POINT('',#8747);
#8749=CARTESIAN_POINT('',(-32.3519497,-23.2716386,4.5));
#8750=VERTEX_POINT('',#8749);
#8751=CARTESIAN_POINT('',(-32.,-23.0980762,4.5));
#8752=VERTEX_POINT('',#8751);
#8753=CARTESIAN_POINT('',(-31.6737157,-22.88006,4.5));
#8754=VERTEX_POINT('',#8753);
#8755=CARTESIAN_POINT('',(-31.3786797,-22.6213203,4.5));
#8756=VERTEX_POINT('',#8755);
#8757=CARTESIAN_POINT('',(-31.11994,-22.3262843,4.5));
#8758=VERTEX_POINT('',#8757);
#8759=CARTESIAN_POINT('',(-30.9019238,-22.,4.5));
#8760=VERTEX_POINT('',#8759);
#8761=CARTESIAN_POINT('',(-30.7283614,-21.6480503,4.5));
#8762=VERTEX_POINT('',#8761);
#8763=CARTESIAN_POINT('',(-30.6022225,-21.2764571,4.5));
#8764=VERTEX_POINT('',#8763);
#8765=CARTESIAN_POINT('',(-30.5256654,-20.8915786,4.5));
#8766=VERTEX_POINT('',#8765);
#8767=VECTOR('',#1571,1.);
#8768=LINE('',#8673,#8767);
#8769=EDGE_CURVE('',#8674,#8672,#8768,.T.);
#8770=ORIENTED_EDGE('',*,*,#8769,.F.);
#8771=VECTOR('',#386,1.);
#8772=LINE('',#8675,#8771);
#8773=EDGE_CURVE('',#8676,#8674,#8772,.T.);
#8774=ORIENTED_EDGE('',*,*,#8773,.F.);
#8775=VECTOR('',#6679,1.);
#8776=LINE('',#8677,#8775);
#8777=EDGE_CURVE('',#8678,#8676,#8776,.T.);
#8778=ORIENTED_EDGE('',*,*,#8777,.F.);
#8779=VECTOR('',#6684,1.);
#8780=LINE('',#8679,#8779);
#8781=EDGE_CURVE('',#8680,#8678,#8780,.T.);
#8782=ORIENTED_EDGE('',*,*,#8781,.F.);
#8783=VECTOR('',#6689,1.);
#8784=LINE('',#8681,#8783);
#8785=EDGE_CURVE('',#8682,#8680,#8784,.T.);
#8786=ORIENTED_EDGE('',*,*,#8785,.F.);
#8787=VECTOR('',#6694,1.);
#8788=LINE('',#8683,#8787);
#8789=EDGE_CURVE('',#8684,#8682,#8788,.T.);
#8790=ORIENTED_EDGE('',*,*,#8789,.F.);
#8791=VECTOR('',#6699,1.);
#8792=LINE('',#8685,#8791);
#8793=EDGE_CURVE('',#8686,#8684,#8792,.T.);
#8794=ORIENTED_EDGE('',*,*,#8793,.F.);
#8795=VECTOR('',#6704,1.);
#8796=LINE('',#8687,#8795);
#8797=EDGE_CURVE('',#8688,#8686,#8796,.T.);
#8798=ORIENTED_EDGE('',*,*,#8797,.F.);
#8799=VECTOR('',#6709,1.);
#8800=LINE('',#8689,#8799);
#8801=EDGE_CURVE('',#8690,#8688,#8800,.T.);
#8802=ORIENTED_EDGE('',*,*,#8801,.F.);
#8803=VECTOR('',#6714,1.);
#8804=LINE('',#8691,#8803);
#8805=EDGE_CURVE('',#8692,#8690,#8804,.T.);
#8806=ORIENTED_EDGE('',*,*,#8805,.F.);
#8807=VECTOR('',#341,1.);
#8808=LINE('',#8693,#8807);
#8809=EDGE_CURVE('',#8694,#8692,#8808,.T.);
#8810=ORIENTED_EDGE('',*,*,#8809,.F.);
#8811=VECTOR('',#1518,1.);
#8812=LINE('',#8695,#8811);
#8813=EDGE_CURVE('',#8696,#8694,#8812,.T.);
#8814=ORIENTED_EDGE('',*,*,#8813,.F.);
#8815=VECTOR('',#1513,1.);
#8816=LINE('',#8697,#8815);
#8817=EDGE_CURVE('',#8698,#8696,#8816,.T.);
#8818=ORIENTED_EDGE('',*,*,#8817,.F.);
#8819=VECTOR('',#326,1.);
#8820=LINE('',#8699,#8819);
#8821=EDGE_CURVE('',#8700,#8698,#8820,.T.);
#8822=ORIENTED_EDGE('',*,*,#8821,.F.);
#8823=VECTOR('',#6735,1.);
#8824=LINE('',#8701,#8823);
#8825=EDGE_CURVE('',#8702,#8700,#8824,.T.);
#8826=ORIENTED_EDGE('',*,*,#8825,.F.);
#8827=VECTOR('',#6740,1.);
#8828=LINE('',#8703,#8827);
#8829=EDGE_CURVE('',#8704,#8702,#8828,.T.);
#8830=ORIENTED_EDGE('',*,*,#8829,.F.);
#8831=VECTOR('',#6745,1.);
#8832=LINE('',#8705,#8831);
#8833=EDGE_CURVE('',#8706,#8704,#8832,.T.);
#8834=ORIENTED_EDGE('',*,*,#8833,.F.);
#8835=VECTOR('',#6750,1.);
#8836=LINE('',#8707,#8835);
#8837=EDGE_CURVE('',#8708,#8706,#8836,.T.);
#8838=ORIENTED_EDGE('',*,*,#8837,.F.);
#8839=VECTOR('',#6755,1.);
#8840=LINE('',#8709,#8839);
#8841=EDGE_CURVE('',#8710,#8708,#8840,.T.);
#8842=ORIENTED_EDGE('',*,*,#8841,.F.);
#8843=VECTOR('',#6760,1.);
#8844=LINE('',#8711,#8843);
#8845=EDGE_CURVE('',#8712,#8710,#8844,.T.);
#8846=ORIENTED_EDGE('',*,*,#8845,.F.);
#8847=VECTOR('',#6765,1.);
#8848=LINE('',#8713,#8847);
#8849=EDGE_CURVE('',#8714,#8712,#8848,.T.);
#8850=ORIENTED_EDGE('',*,*,#8849,.F.);
#8851=VECTOR('',#6770,1.);
#8852=LINE('',#8715,#8851);
#8853=EDGE_CURVE('',#8716,#8714,#8852,.T.);
#8854=ORIENTED_EDGE('',*,*,#8853,.F.);
#8855=VECTOR('',#281,1.);
#8856=LINE('',#8717,#8855);
#8857=EDGE_CURVE('',#8718,#8716,#8856,.T.);
#8858=ORIENTED_EDGE('',*,*,#8857,.F.);
#8859=VECTOR('',#1576,1.);
#8860=LINE('',#8719,#8859);
#8861=EDGE_CURVE('',#8720,#8718,#8860,.T.);
#8862=ORIENTED_EDGE('',*,*,#8861,.F.);
#8863=VECTOR('',#1571,1.);
#8864=LINE('',#8719,#8863);
#8865=EDGE_CURVE('',#8720,#8722,#8864,.T.);
#8866=ORIENTED_EDGE('',*,*,#8865,.T.);
#8867=VECTOR('',#386,1.);
#8868=LINE('',#8721,#8867);
#8869=EDGE_CURVE('',#8722,#8724,#8868,.T.);
#8870=ORIENTED_EDGE('',*,*,#8869,.T.);
#8871=VECTOR('',#6679,1.);
#8872=LINE('',#8723,#8871);
#8873=EDGE_CURVE('',#8724,#8726,#8872,.T.);
#8874=ORIENTED_EDGE('',*,*,#8873,.T.);
#8875=VECTOR('',#6684,1.);
#8876=LINE('',#8725,#8875);
#8877=EDGE_CURVE('',#8726,#8728,#8876,.T.);
#8878=ORIENTED_EDGE('',*,*,#8877,.T.);
#8879=VECTOR('',#6689,1.);
#8880=LINE('',#8727,#8879);
#8881=EDGE_CURVE('',#8728,#8730,#8880,.T.);
#8882=ORIENTED_EDGE('',*,*,#8881,.T.);
#8883=VECTOR('',#6694,1.);
#8884=LINE('',#8729,#8883);
#8885=EDGE_CURVE('',#8730,#8732,#8884,.T.);
#8886=ORIENTED_EDGE('',*,*,#8885,.T.);
#8887=VECTOR('',#6699,1.);
#8888=LINE('',#8731,#8887);
#8889=EDGE_CURVE('',#8732,#8734,#8888,.T.);
#8890=ORIENTED_EDGE('',*,*,#8889,.T.);
#8891=VECTOR('',#6704,1.);
#8892=LINE('',#8733,#8891);
#8893=EDGE_CURVE('',#8734,#8736,#8892,.T.);
#8894=ORIENTED_EDGE('',*,*,#8893,.T.);
#8895=VECTOR('',#6709,1.);
#8896=LINE('',#8735,#8895);
#8897=EDGE_CURVE('',#8736,#8738,#8896,.T.);
#8898=ORIENTED_EDGE('',*,*,#8897,.T.);
#8899=VECTOR('',#6714,1.);
#8900=LINE('',#8737,#8899);
#8901=EDGE_CURVE('',#8738,#8740,#8900,.T.);
#8902=ORIENTED_EDGE('',*,*,#8901,.T.);
#8903=VECTOR('',#341,1.);
#8904=LINE('',#8739,#8903);
#8905=EDGE_CURVE('',#8740,#8742,#8904,.T.);
#8906=ORIENTED_EDGE('',*,*,#8905,.T.);
#8907=VECTOR('',#1518,1.);
#8908=LINE('',#8741,#8907);
#8909=EDGE_CURVE('',#8742,#8744,#8908,.T.);
#8910=ORIENTED_EDGE('',*,*,#8909,.T.);
#8911=VECTOR('',#1513,1.);
#8912=LINE('',#8743,#8911);
#8913=EDGE_CURVE('',#8744,#8746,#8912,.T.);
#8914=ORIENTED_EDGE('',*,*,#8913,.T.);
#8915=VECTOR('',#326,1.);
#8916=LINE('',#8745,#8915);
#8917=EDGE_CURVE('',#8746,#8748,#8916,.T.);
#8918=ORIENTED_EDGE('',*,*,#8917,.T.);
#8919=VECTOR('',#6735,1.);
#8920=LINE('',#8747,#8919);
#8921=EDGE_CURVE('',#8748,#8750,#8920,.T.);
#8922=ORIENTED_EDGE('',*,*,#8921,.T.);
#8923=VECTOR('',#6740,1.);
#8924=LINE('',#8749,#8923);
#8925=EDGE_CURVE('',#8750,#8752,#8924,.T.);
#8926=ORIENTED_EDGE('',*,*,#8925,.T.);
#8927=VECTOR('',#6745,1.);
#8928=LINE('',#8751,#8927);
#8929=EDGE_CURVE('',#8752,#8754,#8928,.T.);
#8930=ORIENTED_EDGE('',*,*,#8929,.T.);
#8931=VECTOR('',#6750,1.);
#8932=LINE('',#8753,#8931);
#8933=EDGE_CURVE('',#8754,#8756,#8932,.T.);
#8934=ORIENTED_EDGE('',*,*,#8933,.T.);
#8935=VECTOR('',#6755,1.);
#8936=LINE('',#8755,#8935);
#8937=EDGE_CURVE('',#8756,#8758,#8936,.T.);
#8938=ORIENTED_EDGE('',*,*,#8937,.T.);
#8939=VECTOR('',#6760,1.);
#8940=LINE('',#8757,#8939);
#8941=EDGE_CURVE('',#8758,#8760,#8940,.T.);
#8942=ORIENTED_EDGE('',*,*,#8941,.T.);
#8943=VECTOR('',#6765,1.);
#8944=LINE('',#8759,#8943);
#8945=EDGE_CURVE('',#8760,#8762,#8944,.T.);
#8946=ORIENTED_EDGE('',*,*,#8945,.T.);
#8947=VECTOR('',#6770,1.);
#8948=LINE('',#8761,#8947);
#8949=EDGE_CURVE('',#8762,#8764,#8948,.T.);
#8950=ORIENTED_EDGE('',*,*,#8949,.T.);
#8951=VECTOR('',#281,1.);
#8952=LINE('',#8763,#8951);
#8953=EDGE_CURVE('',#8764,#8766,#8952,.T.);
#8954=ORIENTED_EDGE('',*,*,#8953,.T.);
#8955=VECTOR('',#1576,1.);
#8956=LINE('',#8765,#8955);
#8957=EDGE_CURVE('',#8766,#8672,#8956,.T.);
#8958=ORIENTED_EDGE('',*,*,#8957,.T.);
#8959=EDGE_LOOP('',(#8770,#8774,#8778,#8782,#8786,#8790,#8794,#8798,#8802,#8806,#8810,#8814,#8818,#8822,#8826,#8830,#8834,#8838,#8842,#8846,#8850,#8854,#8858,#8862,#8866,#8870,#8874,#8878,#8882,#8886,#8890,#8894,#8898,#8902,#8906,#8910,#8914,#8918,#8922,#8926,#8930,#8934,#8938,#8942,#8946,#8950,#8954,#8958));
#8960=FACE_OUTER_BOUND('',#8959,.T.);
#8961=ORIENTED_EDGE('',*,*,#2425,.F.);
#8962=ORIENTED_EDGE('',*,*,#2421,.F.);
#8963=ORIENTED_EDGE('',*,*,#2417,.F.);
#8964=ORIENTED_EDGE('',*,*,#2413,.F.);
#8965=ORIENTED_EDGE('',*,*,#2409,.F.);
#8966=ORIENTED_EDGE('',*,*,#2405,.F.);
#8967=ORIENTED_EDGE('',*,*,#2401,.F.);
#8968=ORIENTED_EDGE('',*,*,#2397,.F.);
#8969=ORIENTED_EDGE('',*,*,#2393,.F.);
#8970=ORIENTED_EDGE('',*,*,#2389,.F.);
#8971=ORIENTED_EDGE('',*,*,#2385,.F.);
#8972=ORIENTED_EDGE('',*,*,#2381,.F.);
#8973=ORIENTED_EDGE('',*,*,#2377,.F.);
#8974=ORIENTED_EDGE('',*,*,#2373,.F.);
#8975=ORIENTED_EDGE('',*,*,#2369,.F.);
#8976=ORIENTED_EDGE('',*,*,#2365,.F.);
#8977=ORIENTED_EDGE('',*,*,#2361,.F.);
#8978=ORIENTED_EDGE('',*,*,#2357,.F.);
#8979=ORIENTED_EDGE('',*,*,#2353,.F.);
#8980=ORIENTED_EDGE('',*,*,#2349,.F.);
#8981=ORIENTED_EDGE('',*,*,#2345,.F.);
#8982=ORIENTED_EDGE('',*,*,#2341,.F.);
#8983=ORIENTED_EDGE('',*,*,#2337,.F.);
#8984=ORIENTED_EDGE('',*,*,#2333,.T.);
#8985=ORIENTED_EDGE('',*,*,#2329,.T.);
#8986=ORIENTED_EDGE('',*,*,#2325,.T.);
#8987=ORIENTED_EDGE('',*,*,#2321,.T.);
#8988=ORIENTED_EDGE('',*,*,#2317,.T.);
#8989=ORIENTED_EDGE('',*,*,#2313,.T.);
#8990=ORIENTED_EDGE('',*,*,#2309,.T.);
#8991=ORIENTED_EDGE('',*,*,#2305,.T.);
#8992=ORIENTED_EDGE('',*,*,#2301,.T.);
#8993=ORIENTED_EDGE('',*,*,#2297,.T.);
#8994=ORIENTED_EDGE('',*,*,#2293,.T.);
#8995=ORIENTED_EDGE('',*,*,#2289,.T.);
#8996=ORIENTED_EDGE('',*,*,#2285,.T.);
#8997=ORIENTED_EDGE('',*,*,#2281,.T.);
#8998=ORIENTED_EDGE('',*,*,#2277,.T.);
#8999=ORIENTED_EDGE('',*,*,#2273,.T.);
#9000=ORIENTED_EDGE('',*,*,#2269,.T.);
#9001=ORIENTED_EDGE('',*,*,#2265,.T.);
#9002=ORIENTED_EDGE('',*,*,#2261,.T.);
#9003=ORIENTED_EDGE('',*,*,#2257,.T.);
#9004=ORIENTED_EDGE('',*,*,#2253,.T.);
#9005=ORIENTED_EDGE('',*,*,#2249,.T.);
#9006=ORIENTED_EDGE('',*,*,#2245,.T.);
#9007=ORIENTED_EDGE('',*,*,#2241,.T.);
#9008=ORIENTED_EDGE('',*,*,#2429,.F.);
#9009=EDGE_LOOP('',(#8961,#8962,#8963,#8964,#8965,#8966,#8967,#8968,#8969,#8970,#8971,#8972,#8973,#8974,#8975,#8976,#8977,#8978,#8979,#8980,#8981,#8982,#8983,#8984,#8985,#8986,#8987,#8988,#8989,#8990,#8991,#8992,#8993,#8994,#8995,#8996,#8997,#8998,#8999,#9000,#9001,#9002,#9003,#9004,#9005,#9006,#9007,#9008));
#9010=FACE_BOUND('',#9009,.T.);
#9011=AXIS2_PLACEMENT_3D('',#8671,#1679,#87);
#9012=PLANE('',#9011);
#9013=ADVANCED_FACE('',(#8960,#9010),#9012,.T.);
#9014=CARTESIAN_POINT('',(-30.5256654,-20.8915786,0.));
#9015=VERTEX_POINT('',#9014);
#9016=CARTESIAN_POINT('',(-30.6022225,-21.2764571,0.));
#9017=VERTEX_POINT('',#9016);
#9018=CARTESIAN_POINT('',(-30.7283614,-21.6480503,0.));
#9019=VERTEX_POINT('',#9018);
#9020=CARTESIAN_POINT('',(-30.9019238,-22.,0.));
#9021=VERTEX_POINT('',#9020);
#9022=CARTESIAN_POINT('',(-31.11994,-22.3262843,0.));
#9023=VERTEX_POINT('',#9022);
#9024=CARTESIAN_POINT('',(-31.3786797,-22.6213203,0.));
#9025=VERTEX_POINT('',#9024);
#9026=CARTESIAN_POINT('',(-31.6737157,-22.88006,0.));
#9027=VERTEX_POINT('',#9026);
#9028=CARTESIAN_POINT('',(-32.,-23.0980762,0.));
#9029=VERTEX_POINT('',#9028);
#9030=CARTESIAN_POINT('',(-32.3519497,-23.2716386,0.));
#9031=VERTEX_POINT('',#9030);
#9032=CARTESIAN_POINT('',(-32.7235429,-23.3977775,0.));
#9033=VERTEX_POINT('',#9032);
#9034=CARTESIAN_POINT('',(-33.1084214,-23.4743346,0.));
#9035=VERTEX_POINT('',#9034);
#9036=CARTESIAN_POINT('',(-33.5,-23.5,0.));
#9037=VERTEX_POINT('',#9036);
#9038=CARTESIAN_POINT('',(-33.8915786,-23.4743346,0.));
#9039=VERTEX_POINT('',#9038);
#9040=CARTESIAN_POINT('',(-34.2764571,-23.3977775,0.));
#9041=VERTEX_POINT('',#9040);
#9042=CARTESIAN_POINT('',(-34.6480503,-23.2716386,0.));
#9043=VERTEX_POINT('',#9042);
#9044=CARTESIAN_POINT('',(-35.,-23.0980762,0.));
#9045=VERTEX_POINT('',#9044);
#9046=CARTESIAN_POINT('',(-35.3262843,-22.88006,0.));
#9047=VERTEX_POINT('',#9046);
#9048=CARTESIAN_POINT('',(-35.6213203,-22.6213203,0.));
#9049=VERTEX_POINT('',#9048);
#9050=CARTESIAN_POINT('',(-35.88006,-22.3262843,0.));
#9051=VERTEX_POINT('',#9050);
#9052=CARTESIAN_POINT('',(-36.0980762,-22.,0.));
#9053=VERTEX_POINT('',#9052);
#9054=CARTESIAN_POINT('',(-36.2716386,-21.6480503,0.));
#9055=VERTEX_POINT('',#9054);
#9056=CARTESIAN_POINT('',(-36.3977775,-21.2764571,0.));
#9057=VERTEX_POINT('',#9056);
#9058=CARTESIAN_POINT('',(-36.4743346,-20.8915786,0.));
#9059=VERTEX_POINT('',#9058);
#9060=CARTESIAN_POINT('',(-36.5,-20.5,0.));
#9061=VERTEX_POINT('',#9060);
#9062=CARTESIAN_POINT('',(-36.4743346,-20.1084214,0.));
#9063=VERTEX_POINT('',#9062);
#9064=CARTESIAN_POINT('',(-36.3977775,-19.7235429,0.));
#9065=VERTEX_POINT('',#9064);
#9066=CARTESIAN_POINT('',(-36.2716386,-19.3519497,0.));
#9067=VERTEX_POINT('',#9066);
#9068=CARTESIAN_POINT('',(-36.0980762,-19.,0.));
#9069=VERTEX_POINT('',#9068);
#9070=CARTESIAN_POINT('',(-35.88006,-18.6737157,0.));
#9071=VERTEX_POINT('',#9070);
#9072=CARTESIAN_POINT('',(-35.6213203,-18.3786797,0.));
#9073=VERTEX_POINT('',#9072);
#9074=CARTESIAN_POINT('',(-35.3262843,-18.11994,0.));
#9075=VERTEX_POINT('',#9074);
#9076=CARTESIAN_POINT('',(-35.,-17.9019238,0.));
#9077=VERTEX_POINT('',#9076);
#9078=CARTESIAN_POINT('',(-34.6480503,-17.7283614,0.));
#9079=VERTEX_POINT('',#9078);
#9080=CARTESIAN_POINT('',(-34.2764571,-17.6022225,0.));
#9081=VERTEX_POINT('',#9080);
#9082=CARTESIAN_POINT('',(-33.8915786,-17.5256654,0.));
#9083=VERTEX_POINT('',#9082);
#9084=CARTESIAN_POINT('',(-33.5,-17.5,0.));
#9085=VERTEX_POINT('',#9084);
#9086=CARTESIAN_POINT('',(-33.1084214,-17.5256654,0.));
#9087=VERTEX_POINT('',#9086);
#9088=CARTESIAN_POINT('',(-32.7235429,-17.6022225,0.));
#9089=VERTEX_POINT('',#9088);
#9090=CARTESIAN_POINT('',(-32.3519497,-17.7283614,0.));
#9091=VERTEX_POINT('',#9090);
#9092=CARTESIAN_POINT('',(-32.,-17.9019238,0.));
#9093=VERTEX_POINT('',#9092);
#9094=CARTESIAN_POINT('',(-31.6737157,-18.11994,0.));
#9095=VERTEX_POINT('',#9094);
#9096=CARTESIAN_POINT('',(-31.3786797,-18.3786797,0.));
#9097=VERTEX_POINT('',#9096);
#9098=CARTESIAN_POINT('',(-31.11994,-18.6737157,0.));
#9099=VERTEX_POINT('',#9098);
#9100=CARTESIAN_POINT('',(-30.9019238,-19.,0.));
#9101=VERTEX_POINT('',#9100);
#9102=CARTESIAN_POINT('',(-30.7283614,-19.3519497,0.));
#9103=VERTEX_POINT('',#9102);
#9104=CARTESIAN_POINT('',(-30.6022225,-19.7235429,0.));
#9105=VERTEX_POINT('',#9104);
#9106=CARTESIAN_POINT('',(-30.5256654,-20.1084214,0.));
#9107=VERTEX_POINT('',#9106);
#9108=CARTESIAN_POINT('',(-30.5,-20.5,0.));
#9109=VERTEX_POINT('',#9108);
#9110=VECTOR('',#281,1.);
#9111=LINE('',#9016,#9110);
#9112=EDGE_CURVE('',#9017,#9015,#9111,.T.);
#9113=ORIENTED_EDGE('',*,*,#9112,.F.);
#9114=VECTOR('',#6770,1.);
#9115=LINE('',#9018,#9114);
#9116=EDGE_CURVE('',#9019,#9017,#9115,.T.);
#9117=ORIENTED_EDGE('',*,*,#9116,.F.);
#9118=VECTOR('',#6765,1.);
#9119=LINE('',#9020,#9118);
#9120=EDGE_CURVE('',#9021,#9019,#9119,.T.);
#9121=ORIENTED_EDGE('',*,*,#9120,.F.);
#9122=VECTOR('',#6760,1.);
#9123=LINE('',#9022,#9122);
#9124=EDGE_CURVE('',#9023,#9021,#9123,.T.);
#9125=ORIENTED_EDGE('',*,*,#9124,.F.);
#9126=VECTOR('',#6755,1.);
#9127=LINE('',#9024,#9126);
#9128=EDGE_CURVE('',#9025,#9023,#9127,.T.);
#9129=ORIENTED_EDGE('',*,*,#9128,.F.);
#9130=VECTOR('',#6750,1.);
#9131=LINE('',#9026,#9130);
#9132=EDGE_CURVE('',#9027,#9025,#9131,.T.);
#9133=ORIENTED_EDGE('',*,*,#9132,.F.);
#9134=VECTOR('',#6745,1.);
#9135=LINE('',#9028,#9134);
#9136=EDGE_CURVE('',#9029,#9027,#9135,.T.);
#9137=ORIENTED_EDGE('',*,*,#9136,.F.);
#9138=VECTOR('',#6740,1.);
#9139=LINE('',#9030,#9138);
#9140=EDGE_CURVE('',#9031,#9029,#9139,.T.);
#9141=ORIENTED_EDGE('',*,*,#9140,.F.);
#9142=VECTOR('',#6735,1.);
#9143=LINE('',#9032,#9142);
#9144=EDGE_CURVE('',#9033,#9031,#9143,.T.);
#9145=ORIENTED_EDGE('',*,*,#9144,.F.);
#9146=VECTOR('',#326,1.);
#9147=LINE('',#9034,#9146);
#9148=EDGE_CURVE('',#9035,#9033,#9147,.T.);
#9149=ORIENTED_EDGE('',*,*,#9148,.F.);
#9150=VECTOR('',#1513,1.);
#9151=LINE('',#9036,#9150);
#9152=EDGE_CURVE('',#9037,#9035,#9151,.T.);
#9153=ORIENTED_EDGE('',*,*,#9152,.F.);
#9154=VECTOR('',#1518,1.);
#9155=LINE('',#9038,#9154);
#9156=EDGE_CURVE('',#9039,#9037,#9155,.T.);
#9157=ORIENTED_EDGE('',*,*,#9156,.F.);
#9158=VECTOR('',#341,1.);
#9159=LINE('',#9040,#9158);
#9160=EDGE_CURVE('',#9041,#9039,#9159,.T.);
#9161=ORIENTED_EDGE('',*,*,#9160,.F.);
#9162=VECTOR('',#6714,1.);
#9163=LINE('',#9042,#9162);
#9164=EDGE_CURVE('',#9043,#9041,#9163,.T.);
#9165=ORIENTED_EDGE('',*,*,#9164,.F.);
#9166=VECTOR('',#6709,1.);
#9167=LINE('',#9044,#9166);
#9168=EDGE_CURVE('',#9045,#9043,#9167,.T.);
#9169=ORIENTED_EDGE('',*,*,#9168,.F.);
#9170=VECTOR('',#6704,1.);
#9171=LINE('',#9046,#9170);
#9172=EDGE_CURVE('',#9047,#9045,#9171,.T.);
#9173=ORIENTED_EDGE('',*,*,#9172,.F.);
#9174=VECTOR('',#6699,1.);
#9175=LINE('',#9048,#9174);
#9176=EDGE_CURVE('',#9049,#9047,#9175,.T.);
#9177=ORIENTED_EDGE('',*,*,#9176,.F.);
#9178=VECTOR('',#6694,1.);
#9179=LINE('',#9050,#9178);
#9180=EDGE_CURVE('',#9051,#9049,#9179,.T.);
#9181=ORIENTED_EDGE('',*,*,#9180,.F.);
#9182=VECTOR('',#6689,1.);
#9183=LINE('',#9052,#9182);
#9184=EDGE_CURVE('',#9053,#9051,#9183,.T.);
#9185=ORIENTED_EDGE('',*,*,#9184,.F.);
#9186=VECTOR('',#6684,1.);
#9187=LINE('',#9054,#9186);
#9188=EDGE_CURVE('',#9055,#9053,#9187,.T.);
#9189=ORIENTED_EDGE('',*,*,#9188,.F.);
#9190=VECTOR('',#6679,1.);
#9191=LINE('',#9056,#9190);
#9192=EDGE_CURVE('',#9057,#9055,#9191,.T.);
#9193=ORIENTED_EDGE('',*,*,#9192,.F.);
#9194=VECTOR('',#386,1.);
#9195=LINE('',#9058,#9194);
#9196=EDGE_CURVE('',#9059,#9057,#9195,.T.);
#9197=ORIENTED_EDGE('',*,*,#9196,.F.);
#9198=VECTOR('',#1571,1.);
#9199=LINE('',#9060,#9198);
#9200=EDGE_CURVE('',#9061,#9059,#9199,.T.);
#9201=ORIENTED_EDGE('',*,*,#9200,.F.);
#9202=VECTOR('',#1576,1.);
#9203=LINE('',#9060,#9202);
#9204=EDGE_CURVE('',#9061,#9063,#9203,.T.);
#9205=ORIENTED_EDGE('',*,*,#9204,.T.);
#9206=VECTOR('',#281,1.);
#9207=LINE('',#9062,#9206);
#9208=EDGE_CURVE('',#9063,#9065,#9207,.T.);
#9209=ORIENTED_EDGE('',*,*,#9208,.T.);
#9210=VECTOR('',#6770,1.);
#9211=LINE('',#9064,#9210);
#9212=EDGE_CURVE('',#9065,#9067,#9211,.T.);
#9213=ORIENTED_EDGE('',*,*,#9212,.T.);
#9214=VECTOR('',#6765,1.);
#9215=LINE('',#9066,#9214);
#9216=EDGE_CURVE('',#9067,#9069,#9215,.T.);
#9217=ORIENTED_EDGE('',*,*,#9216,.T.);
#9218=VECTOR('',#6760,1.);
#9219=LINE('',#9068,#9218);
#9220=EDGE_CURVE('',#9069,#9071,#9219,.T.);
#9221=ORIENTED_EDGE('',*,*,#9220,.T.);
#9222=VECTOR('',#6755,1.);
#9223=LINE('',#9070,#9222);
#9224=EDGE_CURVE('',#9071,#9073,#9223,.T.);
#9225=ORIENTED_EDGE('',*,*,#9224,.T.);
#9226=VECTOR('',#6750,1.);
#9227=LINE('',#9072,#9226);
#9228=EDGE_CURVE('',#9073,#9075,#9227,.T.);
#9229=ORIENTED_EDGE('',*,*,#9228,.T.);
#9230=VECTOR('',#6745,1.);
#9231=LINE('',#9074,#9230);
#9232=EDGE_CURVE('',#9075,#9077,#9231,.T.);
#9233=ORIENTED_EDGE('',*,*,#9232,.T.);
#9234=VECTOR('',#6740,1.);
#9235=LINE('',#9076,#9234);
#9236=EDGE_CURVE('',#9077,#9079,#9235,.T.);
#9237=ORIENTED_EDGE('',*,*,#9236,.T.);
#9238=VECTOR('',#6735,1.);
#9239=LINE('',#9078,#9238);
#9240=EDGE_CURVE('',#9079,#9081,#9239,.T.);
#9241=ORIENTED_EDGE('',*,*,#9240,.T.);
#9242=VECTOR('',#326,1.);
#9243=LINE('',#9080,#9242);
#9244=EDGE_CURVE('',#9081,#9083,#9243,.T.);
#9245=ORIENTED_EDGE('',*,*,#9244,.T.);
#9246=VECTOR('',#1513,1.);
#9247=LINE('',#9082,#9246);
#9248=EDGE_CURVE('',#9083,#9085,#9247,.T.);
#9249=ORIENTED_EDGE('',*,*,#9248,.T.);
#9250=VECTOR('',#1518,1.);
#9251=LINE('',#9084,#9250);
#9252=EDGE_CURVE('',#9085,#9087,#9251,.T.);
#9253=ORIENTED_EDGE('',*,*,#9252,.T.);
#9254=VECTOR('',#341,1.);
#9255=LINE('',#9086,#9254);
#9256=EDGE_CURVE('',#9087,#9089,#9255,.T.);
#9257=ORIENTED_EDGE('',*,*,#9256,.T.);
#9258=VECTOR('',#6714,1.);
#9259=LINE('',#9088,#9258);
#9260=EDGE_CURVE('',#9089,#9091,#9259,.T.);
#9261=ORIENTED_EDGE('',*,*,#9260,.T.);
#9262=VECTOR('',#6709,1.);
#9263=LINE('',#9090,#9262);
#9264=EDGE_CURVE('',#9091,#9093,#9263,.T.);
#9265=ORIENTED_EDGE('',*,*,#9264,.T.);
#9266=VECTOR('',#6704,1.);
#9267=LINE('',#9092,#9266);
#9268=EDGE_CURVE('',#9093,#9095,#9267,.T.);
#9269=ORIENTED_EDGE('',*,*,#9268,.T.);
#9270=VECTOR('',#6699,1.);
#9271=LINE('',#9094,#9270);
#9272=EDGE_CURVE('',#9095,#9097,#9271,.T.);
#9273=ORIENTED_EDGE('',*,*,#9272,.T.);
#9274=VECTOR('',#6694,1.);
#9275=LINE('',#9096,#9274);
#9276=EDGE_CURVE('',#9097,#9099,#9275,.T.);
#9277=ORIENTED_EDGE('',*,*,#9276,.T.);
#9278=VECTOR('',#6689,1.);
#9279=LINE('',#9098,#9278);
#9280=EDGE_CURVE('',#9099,#9101,#9279,.T.);
#9281=ORIENTED_EDGE('',*,*,#9280,.T.);
#9282=VECTOR('',#6684,1.);
#9283=LINE('',#9100,#9282);
#9284=EDGE_CURVE('',#9101,#9103,#9283,.T.);
#9285=ORIENTED_EDGE('',*,*,#9284,.T.);
#9286=VECTOR('',#6679,1.);
#9287=LINE('',#9102,#9286);
#9288=EDGE_CURVE('',#9103,#9105,#9287,.T.);
#9289=ORIENTED_EDGE('',*,*,#9288,.T.);
#9290=VECTOR('',#386,1.);
#9291=LINE('',#9104,#9290);
#9292=EDGE_CURVE('',#9105,#9107,#9291,.T.);
#9293=ORIENTED_EDGE('',*,*,#9292,.T.);
#9294=VECTOR('',#1571,1.);
#9295=LINE('',#9106,#9294);
#9296=EDGE_CURVE('',#9107,#9109,#9295,.T.);
#9297=ORIENTED_EDGE('',*,*,#9296,.T.);
#9298=VECTOR('',#1576,1.);
#9299=LINE('',#9014,#9298);
#9300=EDGE_CURVE('',#9015,#9109,#9299,.T.);
#9301=ORIENTED_EDGE('',*,*,#9300,.F.);
#9302=EDGE_LOOP('',(#9113,#9117,#9121,#9125,#9129,#9133,#9137,#9141,#9145,#9149,#9153,#9157,#9161,#9165,#9169,#9173,#9177,#9181,#9185,#9189,#9193,#9197,#9201,#9205,#9209,#9213,#9217,#9221,#9225,#9229,#9233,#9237,#9241,#9245,#9249,#9253,#9257,#9261,#9265,#9269,#9273,#9277,#9281,#9285,#9289,#9293,#9297,#9301));
#9303=FACE_OUTER_BOUND('',#9302,.T.);
#9304=CARTESIAN_POINT('',(-32.3,-20.5,0.));
#9305=VERTEX_POINT('',#9304);
#9306=CARTESIAN_POINT('',(-32.3102662,-20.3433686,0.));
#9307=VERTEX_POINT('',#9306);
#9308=CARTESIAN_POINT('',(-32.340889,-20.1894171,0.));
#9309=VERTEX_POINT('',#9308);
#9310=CARTESIAN_POINT('',(-32.3913446,-20.0407799,0.));
#9311=VERTEX_POINT('',#9310);
#9312=CARTESIAN_POINT('',(-32.4607695,-19.9,0.));
#9313=VERTEX_POINT('',#9312);
#9314=CARTESIAN_POINT('',(-32.547976,-19.7694863,0.));
#9315=VERTEX_POINT('',#9314);
#9316=CARTESIAN_POINT('',(-32.6514719,-19.6514719,0.));
#9317=VERTEX_POINT('',#9316);
#9318=CARTESIAN_POINT('',(-32.7694863,-19.547976,0.));
#9319=VERTEX_POINT('',#9318);
#9320=CARTESIAN_POINT('',(-32.9,-19.4607695,0.));
#9321=VERTEX_POINT('',#9320);
#9322=CARTESIAN_POINT('',(-33.0407799,-19.3913446,0.));
#9323=VERTEX_POINT('',#9322);
#9324=CARTESIAN_POINT('',(-33.1894171,-19.340889,0.));
#9325=VERTEX_POINT('',#9324);
#9326=CARTESIAN_POINT('',(-33.3433686,-19.3102662,0.));
#9327=VERTEX_POINT('',#9326);
#9328=CARTESIAN_POINT('',(-33.5,-19.3,0.));
#9329=VERTEX_POINT('',#9328);
#9330=CARTESIAN_POINT('',(-33.6566314,-19.3102662,0.));
#9331=VERTEX_POINT('',#9330);
#9332=CARTESIAN_POINT('',(-33.8105829,-19.340889,0.));
#9333=VERTEX_POINT('',#9332);
#9334=CARTESIAN_POINT('',(-33.9592201,-19.3913446,0.));
#9335=VERTEX_POINT('',#9334);
#9336=CARTESIAN_POINT('',(-34.1,-19.4607695,0.));
#9337=VERTEX_POINT('',#9336);
#9338=CARTESIAN_POINT('',(-34.2305137,-19.547976,0.));
#9339=VERTEX_POINT('',#9338);
#9340=CARTESIAN_POINT('',(-34.3485281,-19.6514719,0.));
#9341=VERTEX_POINT('',#9340);
#9342=CARTESIAN_POINT('',(-34.452024,-19.7694863,0.));
#9343=VERTEX_POINT('',#9342);
#9344=CARTESIAN_POINT('',(-34.5392305,-19.9,0.));
#9345=VERTEX_POINT('',#9344);
#9346=CARTESIAN_POINT('',(-34.6086554,-20.0407799,0.));
#9347=VERTEX_POINT('',#9346);
#9348=CARTESIAN_POINT('',(-34.659111,-20.1894171,0.));
#9349=VERTEX_POINT('',#9348);
#9350=CARTESIAN_POINT('',(-34.6897338,-20.3433686,0.));
#9351=VERTEX_POINT('',#9350);
#9352=CARTESIAN_POINT('',(-34.7,-20.5,0.));
#9353=VERTEX_POINT('',#9352);
#9354=CARTESIAN_POINT('',(-34.6897338,-20.6566314,0.));
#9355=VERTEX_POINT('',#9354);
#9356=CARTESIAN_POINT('',(-34.659111,-20.8105829,0.));
#9357=VERTEX_POINT('',#9356);
#9358=CARTESIAN_POINT('',(-34.6086554,-20.9592201,0.));
#9359=VERTEX_POINT('',#9358);
#9360=CARTESIAN_POINT('',(-34.5392305,-21.1,0.));
#9361=VERTEX_POINT('',#9360);
#9362=CARTESIAN_POINT('',(-34.452024,-21.2305137,0.));
#9363=VERTEX_POINT('',#9362);
#9364=CARTESIAN_POINT('',(-34.3485281,-21.3485281,0.));
#9365=VERTEX_POINT('',#9364);
#9366=CARTESIAN_POINT('',(-34.2305137,-21.452024,0.));
#9367=VERTEX_POINT('',#9366);
#9368=CARTESIAN_POINT('',(-34.1,-21.5392305,0.));
#9369=VERTEX_POINT('',#9368);
#9370=CARTESIAN_POINT('',(-33.9592201,-21.6086554,0.));
#9371=VERTEX_POINT('',#9370);
#9372=CARTESIAN_POINT('',(-33.8105829,-21.659111,0.));
#9373=VERTEX_POINT('',#9372);
#9374=CARTESIAN_POINT('',(-33.6566314,-21.6897338,0.));
#9375=VERTEX_POINT('',#9374);
#9376=CARTESIAN_POINT('',(-33.5,-21.7,0.));
#9377=VERTEX_POINT('',#9376);
#9378=CARTESIAN_POINT('',(-33.3433686,-21.6897338,0.));
#9379=VERTEX_POINT('',#9378);
#9380=CARTESIAN_POINT('',(-33.1894171,-21.659111,0.));
#9381=VERTEX_POINT('',#9380);
#9382=CARTESIAN_POINT('',(-33.0407799,-21.6086554,0.));
#9383=VERTEX_POINT('',#9382);
#9384=CARTESIAN_POINT('',(-32.9,-21.5392305,0.));
#9385=VERTEX_POINT('',#9384);
#9386=CARTESIAN_POINT('',(-32.7694863,-21.452024,0.));
#9387=VERTEX_POINT('',#9386);
#9388=CARTESIAN_POINT('',(-32.6514719,-21.3485281,0.));
#9389=VERTEX_POINT('',#9388);
#9390=CARTESIAN_POINT('',(-32.547976,-21.2305137,0.));
#9391=VERTEX_POINT('',#9390);
#9392=CARTESIAN_POINT('',(-32.4607695,-21.1,0.));
#9393=VERTEX_POINT('',#9392);
#9394=CARTESIAN_POINT('',(-32.3913446,-20.9592201,0.));
#9395=VERTEX_POINT('',#9394);
#9396=CARTESIAN_POINT('',(-32.340889,-20.8105829,0.));
#9397=VERTEX_POINT('',#9396);
#9398=CARTESIAN_POINT('',(-32.3102662,-20.6566314,0.));
#9399=VERTEX_POINT('',#9398);
#9400=VECTOR('',#391,1.);
#9401=LINE('',#9306,#9400);
#9402=EDGE_CURVE('',#9307,#9305,#9401,.T.);
#9403=ORIENTED_EDGE('',*,*,#9402,.F.);
#9404=VECTOR('',#386,1.);
#9405=LINE('',#9308,#9404);
#9406=EDGE_CURVE('',#9309,#9307,#9405,.T.);
#9407=ORIENTED_EDGE('',*,*,#9406,.F.);
#9408=VECTOR('',#381,1.);
#9409=LINE('',#9310,#9408);
#9410=EDGE_CURVE('',#9311,#9309,#9409,.T.);
#9411=ORIENTED_EDGE('',*,*,#9410,.F.);
#9412=VECTOR('',#376,1.);
#9413=LINE('',#9312,#9412);
#9414=EDGE_CURVE('',#9313,#9311,#9413,.T.);
#9415=ORIENTED_EDGE('',*,*,#9414,.F.);
#9416=VECTOR('',#371,1.);
#9417=LINE('',#9314,#9416);
#9418=EDGE_CURVE('',#9315,#9313,#9417,.T.);
#9419=ORIENTED_EDGE('',*,*,#9418,.F.);
#9420=VECTOR('',#366,1.);
#9421=LINE('',#9316,#9420);
#9422=EDGE_CURVE('',#9317,#9315,#9421,.T.);
#9423=ORIENTED_EDGE('',*,*,#9422,.F.);
#9424=VECTOR('',#361,1.);
#9425=LINE('',#9318,#9424);
#9426=EDGE_CURVE('',#9319,#9317,#9425,.T.);
#9427=ORIENTED_EDGE('',*,*,#9426,.F.);
#9428=VECTOR('',#356,1.);
#9429=LINE('',#9320,#9428);
#9430=EDGE_CURVE('',#9321,#9319,#9429,.T.);
#9431=ORIENTED_EDGE('',*,*,#9430,.F.);
#9432=VECTOR('',#351,1.);
#9433=LINE('',#9322,#9432);
#9434=EDGE_CURVE('',#9323,#9321,#9433,.T.);
#9435=ORIENTED_EDGE('',*,*,#9434,.F.);
#9436=VECTOR('',#346,1.);
#9437=LINE('',#9324,#9436);
#9438=EDGE_CURVE('',#9325,#9323,#9437,.T.);
#9439=ORIENTED_EDGE('',*,*,#9438,.F.);
#9440=VECTOR('',#341,1.);
#9441=LINE('',#9326,#9440);
#9442=EDGE_CURVE('',#9327,#9325,#9441,.T.);
#9443=ORIENTED_EDGE('',*,*,#9442,.F.);
#9444=VECTOR('',#336,1.);
#9445=LINE('',#9328,#9444);
#9446=EDGE_CURVE('',#9329,#9327,#9445,.T.);
#9447=ORIENTED_EDGE('',*,*,#9446,.F.);
#9448=VECTOR('',#331,1.);
#9449=LINE('',#9330,#9448);
#9450=EDGE_CURVE('',#9331,#9329,#9449,.T.);
#9451=ORIENTED_EDGE('',*,*,#9450,.F.);
#9452=VECTOR('',#326,1.);
#9453=LINE('',#9332,#9452);
#9454=EDGE_CURVE('',#9333,#9331,#9453,.T.);
#9455=ORIENTED_EDGE('',*,*,#9454,.F.);
#9456=VECTOR('',#321,1.);
#9457=LINE('',#9334,#9456);
#9458=EDGE_CURVE('',#9335,#9333,#9457,.T.);
#9459=ORIENTED_EDGE('',*,*,#9458,.F.);
#9460=VECTOR('',#316,1.);
#9461=LINE('',#9336,#9460);
#9462=EDGE_CURVE('',#9337,#9335,#9461,.T.);
#9463=ORIENTED_EDGE('',*,*,#9462,.F.);
#9464=VECTOR('',#311,1.);
#9465=LINE('',#9338,#9464);
#9466=EDGE_CURVE('',#9339,#9337,#9465,.T.);
#9467=ORIENTED_EDGE('',*,*,#9466,.F.);
#9468=VECTOR('',#306,1.);
#9469=LINE('',#9340,#9468);
#9470=EDGE_CURVE('',#9341,#9339,#9469,.T.);
#9471=ORIENTED_EDGE('',*,*,#9470,.F.);
#9472=VECTOR('',#301,1.);
#9473=LINE('',#9342,#9472);
#9474=EDGE_CURVE('',#9343,#9341,#9473,.T.);
#9475=ORIENTED_EDGE('',*,*,#9474,.F.);
#9476=VECTOR('',#296,1.);
#9477=LINE('',#9344,#9476);
#9478=EDGE_CURVE('',#9345,#9343,#9477,.T.);
#9479=ORIENTED_EDGE('',*,*,#9478,.F.);
#9480=VECTOR('',#291,1.);
#9481=LINE('',#9346,#9480);
#9482=EDGE_CURVE('',#9347,#9345,#9481,.T.);
#9483=ORIENTED_EDGE('',*,*,#9482,.F.);
#9484=VECTOR('',#286,1.);
#9485=LINE('',#9348,#9484);
#9486=EDGE_CURVE('',#9349,#9347,#9485,.T.);
#9487=ORIENTED_EDGE('',*,*,#9486,.F.);
#9488=VECTOR('',#281,1.);
#9489=LINE('',#9350,#9488);
#9490=EDGE_CURVE('',#9351,#9349,#9489,.T.);
#9491=ORIENTED_EDGE('',*,*,#9490,.F.);
#9492=VECTOR('',#396,1.);
#9493=LINE('',#9352,#9492);
#9494=EDGE_CURVE('',#9353,#9351,#9493,.T.);
#9495=ORIENTED_EDGE('',*,*,#9494,.F.);
#9496=VECTOR('',#391,1.);
#9497=LINE('',#9352,#9496);
#9498=EDGE_CURVE('',#9353,#9355,#9497,.T.);
#9499=ORIENTED_EDGE('',*,*,#9498,.T.);
#9500=VECTOR('',#386,1.);
#9501=LINE('',#9354,#9500);
#9502=EDGE_CURVE('',#9355,#9357,#9501,.T.);
#9503=ORIENTED_EDGE('',*,*,#9502,.T.);
#9504=VECTOR('',#381,1.);
#9505=LINE('',#9356,#9504);
#9506=EDGE_CURVE('',#9357,#9359,#9505,.T.);
#9507=ORIENTED_EDGE('',*,*,#9506,.T.);
#9508=VECTOR('',#376,1.);
#9509=LINE('',#9358,#9508);
#9510=EDGE_CURVE('',#9359,#9361,#9509,.T.);
#9511=ORIENTED_EDGE('',*,*,#9510,.T.);
#9512=VECTOR('',#371,1.);
#9513=LINE('',#9360,#9512);
#9514=EDGE_CURVE('',#9361,#9363,#9513,.T.);
#9515=ORIENTED_EDGE('',*,*,#9514,.T.);
#9516=VECTOR('',#366,1.);
#9517=LINE('',#9362,#9516);
#9518=EDGE_CURVE('',#9363,#9365,#9517,.T.);
#9519=ORIENTED_EDGE('',*,*,#9518,.T.);
#9520=VECTOR('',#361,1.);
#9521=LINE('',#9364,#9520);
#9522=EDGE_CURVE('',#9365,#9367,#9521,.T.);
#9523=ORIENTED_EDGE('',*,*,#9522,.T.);
#9524=VECTOR('',#356,1.);
#9525=LINE('',#9366,#9524);
#9526=EDGE_CURVE('',#9367,#9369,#9525,.T.);
#9527=ORIENTED_EDGE('',*,*,#9526,.T.);
#9528=VECTOR('',#351,1.);
#9529=LINE('',#9368,#9528);
#9530=EDGE_CURVE('',#9369,#9371,#9529,.T.);
#9531=ORIENTED_EDGE('',*,*,#9530,.T.);
#9532=VECTOR('',#346,1.);
#9533=LINE('',#9370,#9532);
#9534=EDGE_CURVE('',#9371,#9373,#9533,.T.);
#9535=ORIENTED_EDGE('',*,*,#9534,.T.);
#9536=VECTOR('',#341,1.);
#9537=LINE('',#9372,#9536);
#9538=EDGE_CURVE('',#9373,#9375,#9537,.T.);
#9539=ORIENTED_EDGE('',*,*,#9538,.T.);
#9540=VECTOR('',#336,1.);
#9541=LINE('',#9374,#9540);
#9542=EDGE_CURVE('',#9375,#9377,#9541,.T.);
#9543=ORIENTED_EDGE('',*,*,#9542,.T.);
#9544=VECTOR('',#331,1.);
#9545=LINE('',#9376,#9544);
#9546=EDGE_CURVE('',#9377,#9379,#9545,.T.);
#9547=ORIENTED_EDGE('',*,*,#9546,.T.);
#9548=VECTOR('',#326,1.);
#9549=LINE('',#9378,#9548);
#9550=EDGE_CURVE('',#9379,#9381,#9549,.T.);
#9551=ORIENTED_EDGE('',*,*,#9550,.T.);
#9552=VECTOR('',#321,1.);
#9553=LINE('',#9380,#9552);
#9554=EDGE_CURVE('',#9381,#9383,#9553,.T.);
#9555=ORIENTED_EDGE('',*,*,#9554,.T.);
#9556=VECTOR('',#316,1.);
#9557=LINE('',#9382,#9556);
#9558=EDGE_CURVE('',#9383,#9385,#9557,.T.);
#9559=ORIENTED_EDGE('',*,*,#9558,.T.);
#9560=VECTOR('',#311,1.);
#9561=LINE('',#9384,#9560);
#9562=EDGE_CURVE('',#9385,#9387,#9561,.T.);
#9563=ORIENTED_EDGE('',*,*,#9562,.T.);
#9564=VECTOR('',#306,1.);
#9565=LINE('',#9386,#9564);
#9566=EDGE_CURVE('',#9387,#9389,#9565,.T.);
#9567=ORIENTED_EDGE('',*,*,#9566,.T.);
#9568=VECTOR('',#301,1.);
#9569=LINE('',#9388,#9568);
#9570=EDGE_CURVE('',#9389,#9391,#9569,.T.);
#9571=ORIENTED_EDGE('',*,*,#9570,.T.);
#9572=VECTOR('',#296,1.);
#9573=LINE('',#9390,#9572);
#9574=EDGE_CURVE('',#9391,#9393,#9573,.T.);
#9575=ORIENTED_EDGE('',*,*,#9574,.T.);
#9576=VECTOR('',#291,1.);
#9577=LINE('',#9392,#9576);
#9578=EDGE_CURVE('',#9393,#9395,#9577,.T.);
#9579=ORIENTED_EDGE('',*,*,#9578,.T.);
#9580=VECTOR('',#286,1.);
#9581=LINE('',#9394,#9580);
#9582=EDGE_CURVE('',#9395,#9397,#9581,.T.);
#9583=ORIENTED_EDGE('',*,*,#9582,.T.);
#9584=VECTOR('',#281,1.);
#9585=LINE('',#9396,#9584);
#9586=EDGE_CURVE('',#9397,#9399,#9585,.T.);
#9587=ORIENTED_EDGE('',*,*,#9586,.T.);
#9588=VECTOR('',#396,1.);
#9589=LINE('',#9398,#9588);
#9590=EDGE_CURVE('',#9399,#9305,#9589,.T.);
#9591=ORIENTED_EDGE('',*,*,#9590,.T.);
#9592=EDGE_LOOP('',(#9403,#9407,#9411,#9415,#9419,#9423,#9427,#9431,#9435,#9439,#9443,#9447,#9451,#9455,#9459,#9463,#9467,#9471,#9475,#9479,#9483,#9487,#9491,#9495,#9499,#9503,#9507,#9511,#9515,#9519,#9523,#9527,#9531,#9535,#9539,#9543,#9547,#9551,#9555,#9559,#9563,#9567,#9571,#9575,#9579,#9583,#9587,#9591));
#9593=FACE_BOUND('',#9592,.T.);
#9594=AXIS2_PLACEMENT_3D('',#9014,#3303,#3304);
#9595=PLANE('',#9594);
#9596=ADVANCED_FACE('',(#9303,#9593),#9595,.T.);
#9597=ORIENTED_EDGE('',*,*,#9296,.F.);
#9598=VECTOR('',#1679,1.);
#9599=LINE('',#9106,#9598);
#9600=EDGE_CURVE('',#9107,#8674,#9599,.T.);
#9601=ORIENTED_EDGE('',*,*,#9600,.T.);
#9602=ORIENTED_EDGE('',*,*,#8769,.T.);
#9603=VECTOR('',#1679,1.);
#9604=LINE('',#9108,#9603);
#9605=EDGE_CURVE('',#9109,#8672,#9604,.T.);
#9606=ORIENTED_EDGE('',*,*,#9605,.F.);
#9607=EDGE_LOOP('',(#9597,#9601,#9602,#9606));
#9608=FACE_OUTER_BOUND('',#9607,.T.);
#9609=AXIS2_PLACEMENT_3D('',#9108,#1513,#1571);
#9610=PLANE('',#9609);
#9611=ADVANCED_FACE('',(#9608),#9610,.T.);
#9612=ORIENTED_EDGE('',*,*,#9292,.F.);
#9613=VECTOR('',#1679,1.);
#9614=LINE('',#9104,#9613);
#9615=EDGE_CURVE('',#9105,#8676,#9614,.T.);
#9616=ORIENTED_EDGE('',*,*,#9615,.T.);
#9617=ORIENTED_EDGE('',*,*,#8773,.T.);
#9618=ORIENTED_EDGE('',*,*,#9600,.F.);
#9619=EDGE_LOOP('',(#9612,#9616,#9617,#9618));
#9620=FACE_OUTER_BOUND('',#9619,.T.);
#9621=AXIS2_PLACEMENT_3D('',#9106,#326,#386);
#9622=PLANE('',#9621);
#9623=ADVANCED_FACE('',(#9620),#9622,.T.);
#9624=ORIENTED_EDGE('',*,*,#9288,.F.);
#9625=VECTOR('',#1679,1.);
#9626=LINE('',#9102,#9625);
#9627=EDGE_CURVE('',#9103,#8678,#9626,.T.);
#9628=ORIENTED_EDGE('',*,*,#9627,.T.);
#9629=ORIENTED_EDGE('',*,*,#8777,.T.);
#9630=ORIENTED_EDGE('',*,*,#9615,.F.);
#9631=EDGE_LOOP('',(#9624,#9628,#9629,#9630));
#9632=FACE_OUTER_BOUND('',#9631,.T.);
#9633=AXIS2_PLACEMENT_3D('',#9104,#3783,#3931);
#9634=PLANE('',#9633);
#9635=ADVANCED_FACE('',(#9632),#9634,.T.);
#9636=ORIENTED_EDGE('',*,*,#9284,.F.);
#9637=VECTOR('',#1679,1.);
#9638=LINE('',#9100,#9637);
#9639=EDGE_CURVE('',#9101,#8680,#9638,.T.);
#9640=ORIENTED_EDGE('',*,*,#9639,.T.);
#9641=ORIENTED_EDGE('',*,*,#8781,.T.);
#9642=ORIENTED_EDGE('',*,*,#9627,.F.);
#9643=EDGE_LOOP('',(#9636,#9640,#9641,#9642));
#9644=FACE_OUTER_BOUND('',#9643,.T.);
#9645=AXIS2_PLACEMENT_3D('',#9102,#1499,#1557);
#9646=PLANE('',#9645);
#9647=ADVANCED_FACE('',(#9644),#9646,.T.);
#9648=ORIENTED_EDGE('',*,*,#9280,.F.);
#9649=VECTOR('',#1679,1.);
#9650=LINE('',#9098,#9649);
#9651=EDGE_CURVE('',#9099,#8682,#9650,.T.);
#9652=ORIENTED_EDGE('',*,*,#9651,.T.);
#9653=ORIENTED_EDGE('',*,*,#8785,.T.);
#9654=ORIENTED_EDGE('',*,*,#9639,.F.);
#9655=EDGE_LOOP('',(#9648,#9652,#9653,#9654));
#9656=FACE_OUTER_BOUND('',#9655,.T.);
#9657=AXIS2_PLACEMENT_3D('',#9100,#1494,#1552);
#9658=PLANE('',#9657);
#9659=ADVANCED_FACE('',(#9656),#9658,.T.);
#9660=ORIENTED_EDGE('',*,*,#9276,.F.);
#9661=VECTOR('',#1679,1.);
#9662=LINE('',#9096,#9661);
#9663=EDGE_CURVE('',#9097,#8684,#9662,.T.);
#9664=ORIENTED_EDGE('',*,*,#9663,.T.);
#9665=ORIENTED_EDGE('',*,*,#8789,.T.);
#9666=ORIENTED_EDGE('',*,*,#9651,.F.);
#9667=EDGE_LOOP('',(#9660,#9664,#9665,#9666));
#9668=FACE_OUTER_BOUND('',#9667,.T.);
#9669=AXIS2_PLACEMENT_3D('',#9098,#1489,#1547);
#9670=PLANE('',#9669);
#9671=ADVANCED_FACE('',(#9668),#9670,.T.);
#9672=ORIENTED_EDGE('',*,*,#9272,.F.);
#9673=VECTOR('',#1679,1.);
#9674=LINE('',#9094,#9673);
#9675=EDGE_CURVE('',#9095,#8686,#9674,.T.);
#9676=ORIENTED_EDGE('',*,*,#9675,.T.);
#9677=ORIENTED_EDGE('',*,*,#8793,.T.);
#9678=ORIENTED_EDGE('',*,*,#9663,.F.);
#9679=EDGE_LOOP('',(#9672,#9676,#9677,#9678));
#9680=FACE_OUTER_BOUND('',#9679,.T.);
#9681=AXIS2_PLACEMENT_3D('',#9096,#1484,#1542);
#9682=PLANE('',#9681);
#9683=ADVANCED_FACE('',(#9680),#9682,.T.);
#9684=ORIENTED_EDGE('',*,*,#9268,.F.);
#9685=VECTOR('',#1679,1.);
#9686=LINE('',#9092,#9685);
#9687=EDGE_CURVE('',#9093,#8688,#9686,.T.);
#9688=ORIENTED_EDGE('',*,*,#9687,.T.);
#9689=ORIENTED_EDGE('',*,*,#8797,.T.);
#9690=ORIENTED_EDGE('',*,*,#9675,.F.);
#9691=EDGE_LOOP('',(#9684,#9688,#9689,#9690));
#9692=FACE_OUTER_BOUND('',#9691,.T.);
#9693=AXIS2_PLACEMENT_3D('',#9094,#1479,#1537);
#9694=PLANE('',#9693);
#9695=ADVANCED_FACE('',(#9692),#9694,.T.);
#9696=ORIENTED_EDGE('',*,*,#9264,.F.);
#9697=VECTOR('',#1679,1.);
#9698=LINE('',#9090,#9697);
#9699=EDGE_CURVE('',#9091,#8690,#9698,.T.);
#9700=ORIENTED_EDGE('',*,*,#9699,.T.);
#9701=ORIENTED_EDGE('',*,*,#8801,.T.);
#9702=ORIENTED_EDGE('',*,*,#9687,.F.);
#9703=EDGE_LOOP('',(#9696,#9700,#9701,#9702));
#9704=FACE_OUTER_BOUND('',#9703,.T.);
#9705=AXIS2_PLACEMENT_3D('',#9092,#1474,#1532);
#9706=PLANE('',#9705);
#9707=ADVANCED_FACE('',(#9704),#9706,.T.);
#9708=ORIENTED_EDGE('',*,*,#9260,.F.);
#9709=VECTOR('',#1679,1.);
#9710=LINE('',#9088,#9709);
#9711=EDGE_CURVE('',#9089,#8692,#9710,.T.);
#9712=ORIENTED_EDGE('',*,*,#9711,.T.);
#9713=ORIENTED_EDGE('',*,*,#8805,.T.);
#9714=ORIENTED_EDGE('',*,*,#9699,.F.);
#9715=EDGE_LOOP('',(#9708,#9712,#9713,#9714));
#9716=FACE_OUTER_BOUND('',#9715,.T.);
#9717=AXIS2_PLACEMENT_3D('',#9090,#3691,#3846);
#9718=PLANE('',#9717);
#9719=ADVANCED_FACE('',(#9716),#9718,.T.);
#9720=ORIENTED_EDGE('',*,*,#9256,.F.);
#9721=VECTOR('',#1679,1.);
#9722=LINE('',#9086,#9721);
#9723=EDGE_CURVE('',#9087,#8694,#9722,.T.);
#9724=ORIENTED_EDGE('',*,*,#9723,.T.);
#9725=ORIENTED_EDGE('',*,*,#8809,.T.);
#9726=ORIENTED_EDGE('',*,*,#9711,.F.);
#9727=EDGE_LOOP('',(#9720,#9724,#9725,#9726));
#9728=FACE_OUTER_BOUND('',#9727,.T.);
#9729=AXIS2_PLACEMENT_3D('',#9088,#281,#341);
#9730=PLANE('',#9729);
#9731=ADVANCED_FACE('',(#9728),#9730,.T.);
#9732=ORIENTED_EDGE('',*,*,#9252,.F.);
#9733=VECTOR('',#1679,1.);
#9734=LINE('',#9084,#9733);
#9735=EDGE_CURVE('',#9085,#8696,#9734,.T.);
#9736=ORIENTED_EDGE('',*,*,#9735,.T.);
#9737=ORIENTED_EDGE('',*,*,#8813,.T.);
#9738=ORIENTED_EDGE('',*,*,#9723,.F.);
#9739=EDGE_LOOP('',(#9732,#9736,#9737,#9738));
#9740=FACE_OUTER_BOUND('',#9739,.T.);
#9741=AXIS2_PLACEMENT_3D('',#9086,#1576,#1518);
#9742=PLANE('',#9741);
#9743=ADVANCED_FACE('',(#9740),#9742,.T.);
#9744=ORIENTED_EDGE('',*,*,#9248,.F.);
#9745=VECTOR('',#1679,1.);
#9746=LINE('',#9082,#9745);
#9747=EDGE_CURVE('',#9083,#8698,#9746,.T.);
#9748=ORIENTED_EDGE('',*,*,#9747,.T.);
#9749=ORIENTED_EDGE('',*,*,#8817,.T.);
#9750=ORIENTED_EDGE('',*,*,#9735,.F.);
#9751=EDGE_LOOP('',(#9744,#9748,#9749,#9750));
#9752=FACE_OUTER_BOUND('',#9751,.T.);
#9753=AXIS2_PLACEMENT_3D('',#9084,#3809,#1513);
#9754=PLANE('',#9753);
#9755=ADVANCED_FACE('',(#9752),#9754,.T.);
#9756=ORIENTED_EDGE('',*,*,#9244,.F.);
#9757=VECTOR('',#1679,1.);
#9758=LINE('',#9080,#9757);
#9759=EDGE_CURVE('',#9081,#8700,#9758,.T.);
#9760=ORIENTED_EDGE('',*,*,#9759,.T.);
#9761=ORIENTED_EDGE('',*,*,#8821,.T.);
#9762=ORIENTED_EDGE('',*,*,#9747,.F.);
#9763=EDGE_LOOP('',(#9756,#9760,#9761,#9762));
#9764=FACE_OUTER_BOUND('',#9763,.T.);
#9765=AXIS2_PLACEMENT_3D('',#9082,#3796,#326);
#9766=PLANE('',#9765);
#9767=ADVANCED_FACE('',(#9764),#9766,.T.);
#9768=ORIENTED_EDGE('',*,*,#9240,.F.);
#9769=VECTOR('',#1679,1.);
#9770=LINE('',#9078,#9769);
#9771=EDGE_CURVE('',#9079,#8702,#9770,.T.);
#9772=ORIENTED_EDGE('',*,*,#9771,.T.);
#9773=ORIENTED_EDGE('',*,*,#8825,.T.);
#9774=ORIENTED_EDGE('',*,*,#9759,.F.);
#9775=EDGE_LOOP('',(#9768,#9772,#9773,#9774));
#9776=FACE_OUTER_BOUND('',#9775,.T.);
#9777=AXIS2_PLACEMENT_3D('',#9080,#3782,#3783);
#9778=PLANE('',#9777);
#9779=ADVANCED_FACE('',(#9776),#9778,.T.);
#9780=ORIENTED_EDGE('',*,*,#9236,.F.);
#9781=VECTOR('',#1679,1.);
#9782=LINE('',#9076,#9781);
#9783=EDGE_CURVE('',#9077,#8704,#9782,.T.);
#9784=ORIENTED_EDGE('',*,*,#9783,.T.);
#9785=ORIENTED_EDGE('',*,*,#8829,.T.);
#9786=ORIENTED_EDGE('',*,*,#9771,.F.);
#9787=EDGE_LOOP('',(#9780,#9784,#9785,#9786));
#9788=FACE_OUTER_BOUND('',#9787,.T.);
#9789=AXIS2_PLACEMENT_3D('',#9078,#3769,#1499);
#9790=PLANE('',#9789);
#9791=ADVANCED_FACE('',(#9788),#9790,.T.);
#9792=ORIENTED_EDGE('',*,*,#9232,.F.);
#9793=VECTOR('',#1679,1.);
#9794=LINE('',#9074,#9793);
#9795=EDGE_CURVE('',#9075,#8706,#9794,.T.);
#9796=ORIENTED_EDGE('',*,*,#9795,.T.);
#9797=ORIENTED_EDGE('',*,*,#8833,.T.);
#9798=ORIENTED_EDGE('',*,*,#9783,.F.);
#9799=EDGE_LOOP('',(#9792,#9796,#9797,#9798));
#9800=FACE_OUTER_BOUND('',#9799,.T.);
#9801=AXIS2_PLACEMENT_3D('',#9076,#3756,#1494);
#9802=PLANE('',#9801);
#9803=ADVANCED_FACE('',(#9800),#9802,.T.);
#9804=ORIENTED_EDGE('',*,*,#9228,.F.);
#9805=VECTOR('',#1679,1.);
#9806=LINE('',#9072,#9805);
#9807=EDGE_CURVE('',#9073,#8708,#9806,.T.);
#9808=ORIENTED_EDGE('',*,*,#9807,.T.);
#9809=ORIENTED_EDGE('',*,*,#8837,.T.);
#9810=ORIENTED_EDGE('',*,*,#9795,.F.);
#9811=EDGE_LOOP('',(#9804,#9808,#9809,#9810));
#9812=FACE_OUTER_BOUND('',#9811,.T.);
#9813=AXIS2_PLACEMENT_3D('',#9074,#3743,#1489);
#9814=PLANE('',#9813);
#9815=ADVANCED_FACE('',(#9812),#9814,.T.);
#9816=ORIENTED_EDGE('',*,*,#9224,.F.);
#9817=VECTOR('',#1679,1.);
#9818=LINE('',#9070,#9817);
#9819=EDGE_CURVE('',#9071,#8710,#9818,.T.);
#9820=ORIENTED_EDGE('',*,*,#9819,.T.);
#9821=ORIENTED_EDGE('',*,*,#8841,.T.);
#9822=ORIENTED_EDGE('',*,*,#9807,.F.);
#9823=EDGE_LOOP('',(#9816,#9820,#9821,#9822));
#9824=FACE_OUTER_BOUND('',#9823,.T.);
#9825=AXIS2_PLACEMENT_3D('',#9072,#3730,#1484);
#9826=PLANE('',#9825);
#9827=ADVANCED_FACE('',(#9824),#9826,.T.);
#9828=ORIENTED_EDGE('',*,*,#9220,.F.);
#9829=VECTOR('',#1679,1.);
#9830=LINE('',#9068,#9829);
#9831=EDGE_CURVE('',#9069,#8712,#9830,.T.);
#9832=ORIENTED_EDGE('',*,*,#9831,.T.);
#9833=ORIENTED_EDGE('',*,*,#8845,.T.);
#9834=ORIENTED_EDGE('',*,*,#9819,.F.);
#9835=EDGE_LOOP('',(#9828,#9832,#9833,#9834));
#9836=FACE_OUTER_BOUND('',#9835,.T.);
#9837=AXIS2_PLACEMENT_3D('',#9070,#3717,#1479);
#9838=PLANE('',#9837);
#9839=ADVANCED_FACE('',(#9836),#9838,.T.);
#9840=ORIENTED_EDGE('',*,*,#9216,.F.);
#9841=VECTOR('',#1679,1.);
#9842=LINE('',#9066,#9841);
#9843=EDGE_CURVE('',#9067,#8714,#9842,.T.);
#9844=ORIENTED_EDGE('',*,*,#9843,.T.);
#9845=ORIENTED_EDGE('',*,*,#8849,.T.);
#9846=ORIENTED_EDGE('',*,*,#9831,.F.);
#9847=EDGE_LOOP('',(#9840,#9844,#9845,#9846));
#9848=FACE_OUTER_BOUND('',#9847,.T.);
#9849=AXIS2_PLACEMENT_3D('',#9068,#3704,#1474);
#9850=PLANE('',#9849);
#9851=ADVANCED_FACE('',(#9848),#9850,.T.);
#9852=ORIENTED_EDGE('',*,*,#9212,.F.);
#9853=VECTOR('',#1679,1.);
#9854=LINE('',#9064,#9853);
#9855=EDGE_CURVE('',#9065,#8716,#9854,.T.);
#9856=ORIENTED_EDGE('',*,*,#9855,.T.);
#9857=ORIENTED_EDGE('',*,*,#8853,.T.);
#9858=ORIENTED_EDGE('',*,*,#9843,.F.);
#9859=EDGE_LOOP('',(#9852,#9856,#9857,#9858));
#9860=FACE_OUTER_BOUND('',#9859,.T.);
#9861=AXIS2_PLACEMENT_3D('',#9066,#3690,#3691);
#9862=PLANE('',#9861);
#9863=ADVANCED_FACE('',(#9860),#9862,.T.);
#9864=ORIENTED_EDGE('',*,*,#9208,.F.);
#9865=VECTOR('',#1679,1.);
#9866=LINE('',#9062,#9865);
#9867=EDGE_CURVE('',#9063,#8718,#9866,.T.);
#9868=ORIENTED_EDGE('',*,*,#9867,.T.);
#9869=ORIENTED_EDGE('',*,*,#8857,.T.);
#9870=ORIENTED_EDGE('',*,*,#9855,.F.);
#9871=EDGE_LOOP('',(#9864,#9868,#9869,#9870));
#9872=FACE_OUTER_BOUND('',#9871,.T.);
#9873=AXIS2_PLACEMENT_3D('',#9064,#3677,#281);
#9874=PLANE('',#9873);
#9875=ADVANCED_FACE('',(#9872),#9874,.T.);
#9876=ORIENTED_EDGE('',*,*,#9204,.F.);
#9877=VECTOR('',#1679,1.);
#9878=LINE('',#9060,#9877);
#9879=EDGE_CURVE('',#9061,#8720,#9878,.T.);
#9880=ORIENTED_EDGE('',*,*,#9879,.T.);
#9881=ORIENTED_EDGE('',*,*,#8861,.T.);
#9882=ORIENTED_EDGE('',*,*,#9867,.F.);
#9883=EDGE_LOOP('',(#9876,#9880,#9881,#9882));
#9884=FACE_OUTER_BOUND('',#9883,.T.);
#9885=AXIS2_PLACEMENT_3D('',#9062,#4124,#1576);
#9886=PLANE('',#9885);
#9887=ADVANCED_FACE('',(#9884),#9886,.T.);
#9888=ORIENTED_EDGE('',*,*,#9200,.T.);
#9889=VECTOR('',#1679,1.);
#9890=LINE('',#9058,#9889);
#9891=EDGE_CURVE('',#9059,#8722,#9890,.T.);
#9892=ORIENTED_EDGE('',*,*,#9891,.T.);
#9893=ORIENTED_EDGE('',*,*,#8865,.F.);
#9894=ORIENTED_EDGE('',*,*,#9879,.F.);
#9895=EDGE_LOOP('',(#9888,#9892,#9893,#9894));
#9896=FACE_OUTER_BOUND('',#9895,.T.);
#9897=AXIS2_PLACEMENT_3D('',#9060,#4111,#3809);
#9898=PLANE('',#9897);
#9899=ADVANCED_FACE('',(#9896),#9898,.T.);
#9900=ORIENTED_EDGE('',*,*,#9196,.T.);
#9901=VECTOR('',#1679,1.);
#9902=LINE('',#9056,#9901);
#9903=EDGE_CURVE('',#9057,#8724,#9902,.T.);
#9904=ORIENTED_EDGE('',*,*,#9903,.T.);
#9905=ORIENTED_EDGE('',*,*,#8869,.F.);
#9906=ORIENTED_EDGE('',*,*,#9891,.F.);
#9907=EDGE_LOOP('',(#9900,#9904,#9905,#9906));
#9908=FACE_OUTER_BOUND('',#9907,.T.);
#9909=AXIS2_PLACEMENT_3D('',#9058,#4098,#3796);
#9910=PLANE('',#9909);
#9911=ADVANCED_FACE('',(#9908),#9910,.T.);
#9912=ORIENTED_EDGE('',*,*,#9192,.T.);
#9913=VECTOR('',#1679,1.);
#9914=LINE('',#9054,#9913);
#9915=EDGE_CURVE('',#9055,#8726,#9914,.T.);
#9916=ORIENTED_EDGE('',*,*,#9915,.T.);
#9917=ORIENTED_EDGE('',*,*,#8873,.F.);
#9918=ORIENTED_EDGE('',*,*,#9903,.F.);
#9919=EDGE_LOOP('',(#9912,#9916,#9917,#9918));
#9920=FACE_OUTER_BOUND('',#9919,.T.);
#9921=AXIS2_PLACEMENT_3D('',#9056,#4085,#3782);
#9922=PLANE('',#9921);
#9923=ADVANCED_FACE('',(#9920),#9922,.T.);
#9924=ORIENTED_EDGE('',*,*,#9188,.T.);
#9925=VECTOR('',#1679,1.);
#9926=LINE('',#9052,#9925);
#9927=EDGE_CURVE('',#9053,#8728,#9926,.T.);
#9928=ORIENTED_EDGE('',*,*,#9927,.T.);
#9929=ORIENTED_EDGE('',*,*,#8877,.F.);
#9930=ORIENTED_EDGE('',*,*,#9915,.F.);
#9931=EDGE_LOOP('',(#9924,#9928,#9929,#9930));
#9932=FACE_OUTER_BOUND('',#9931,.T.);
#9933=AXIS2_PLACEMENT_3D('',#9054,#4072,#3769);
#9934=PLANE('',#9933);
#9935=ADVANCED_FACE('',(#9932),#9934,.T.);
#9936=ORIENTED_EDGE('',*,*,#9184,.T.);
#9937=VECTOR('',#1679,1.);
#9938=LINE('',#9050,#9937);
#9939=EDGE_CURVE('',#9051,#8730,#9938,.T.);
#9940=ORIENTED_EDGE('',*,*,#9939,.T.);
#9941=ORIENTED_EDGE('',*,*,#8881,.F.);
#9942=ORIENTED_EDGE('',*,*,#9927,.F.);
#9943=EDGE_LOOP('',(#9936,#9940,#9941,#9942));
#9944=FACE_OUTER_BOUND('',#9943,.T.);
#9945=AXIS2_PLACEMENT_3D('',#9052,#4059,#3756);
#9946=PLANE('',#9945);
#9947=ADVANCED_FACE('',(#9944),#9946,.T.);
#9948=ORIENTED_EDGE('',*,*,#9180,.T.);
#9949=VECTOR('',#1679,1.);
#9950=LINE('',#9048,#9949);
#9951=EDGE_CURVE('',#9049,#8732,#9950,.T.);
#9952=ORIENTED_EDGE('',*,*,#9951,.T.);
#9953=ORIENTED_EDGE('',*,*,#8885,.F.);
#9954=ORIENTED_EDGE('',*,*,#9939,.F.);
#9955=EDGE_LOOP('',(#9948,#9952,#9953,#9954));
#9956=FACE_OUTER_BOUND('',#9955,.T.);
#9957=AXIS2_PLACEMENT_3D('',#9050,#4046,#3743);
#9958=PLANE('',#9957);
#9959=ADVANCED_FACE('',(#9956),#9958,.T.);
#9960=ORIENTED_EDGE('',*,*,#9176,.T.);
#9961=VECTOR('',#1679,1.);
#9962=LINE('',#9046,#9961);
#9963=EDGE_CURVE('',#9047,#8734,#9962,.T.);
#9964=ORIENTED_EDGE('',*,*,#9963,.T.);
#9965=ORIENTED_EDGE('',*,*,#8889,.F.);
#9966=ORIENTED_EDGE('',*,*,#9951,.F.);
#9967=EDGE_LOOP('',(#9960,#9964,#9965,#9966));
#9968=FACE_OUTER_BOUND('',#9967,.T.);
#9969=AXIS2_PLACEMENT_3D('',#9048,#4033,#3730);
#9970=PLANE('',#9969);
#9971=ADVANCED_FACE('',(#9968),#9970,.T.);
#9972=ORIENTED_EDGE('',*,*,#9172,.T.);
#9973=VECTOR('',#1679,1.);
#9974=LINE('',#9044,#9973);
#9975=EDGE_CURVE('',#9045,#8736,#9974,.T.);
#9976=ORIENTED_EDGE('',*,*,#9975,.T.);
#9977=ORIENTED_EDGE('',*,*,#8893,.F.);
#9978=ORIENTED_EDGE('',*,*,#9963,.F.);
#9979=EDGE_LOOP('',(#9972,#9976,#9977,#9978));
#9980=FACE_OUTER_BOUND('',#9979,.T.);
#9981=AXIS2_PLACEMENT_3D('',#9046,#4020,#3717);
#9982=PLANE('',#9981);
#9983=ADVANCED_FACE('',(#9980),#9982,.T.);
#9984=ORIENTED_EDGE('',*,*,#9168,.T.);
#9985=VECTOR('',#1679,1.);
#9986=LINE('',#9042,#9985);
#9987=EDGE_CURVE('',#9043,#8738,#9986,.T.);
#9988=ORIENTED_EDGE('',*,*,#9987,.T.);
#9989=ORIENTED_EDGE('',*,*,#8897,.F.);
#9990=ORIENTED_EDGE('',*,*,#9975,.F.);
#9991=EDGE_LOOP('',(#9984,#9988,#9989,#9990));
#9992=FACE_OUTER_BOUND('',#9991,.T.);
#9993=AXIS2_PLACEMENT_3D('',#9044,#4007,#3704);
#9994=PLANE('',#9993);
#9995=ADVANCED_FACE('',(#9992),#9994,.T.);
#9996=ORIENTED_EDGE('',*,*,#9164,.T.);
#9997=VECTOR('',#1679,1.);
#9998=LINE('',#9040,#9997);
#9999=EDGE_CURVE('',#9041,#8740,#9998,.T.);
#10000=ORIENTED_EDGE('',*,*,#9999,.T.);
#10001=ORIENTED_EDGE('',*,*,#8901,.F.);
#10002=ORIENTED_EDGE('',*,*,#9987,.F.);
#10003=EDGE_LOOP('',(#9996,#10000,#10001,#10002));
#10004=FACE_OUTER_BOUND('',#10003,.T.);
#10005=AXIS2_PLACEMENT_3D('',#9042,#3994,#3690);
#10006=PLANE('',#10005);
#10007=ADVANCED_FACE('',(#10004),#10006,.T.);
#10008=ORIENTED_EDGE('',*,*,#9160,.T.);
#10009=VECTOR('',#1679,1.);
#10010=LINE('',#9038,#10009);
#10011=EDGE_CURVE('',#9039,#8742,#10010,.T.);
#10012=ORIENTED_EDGE('',*,*,#10011,.T.);
#10013=ORIENTED_EDGE('',*,*,#8905,.F.);
#10014=ORIENTED_EDGE('',*,*,#9999,.F.);
#10015=EDGE_LOOP('',(#10008,#10012,#10013,#10014));
#10016=FACE_OUTER_BOUND('',#10015,.T.);
#10017=AXIS2_PLACEMENT_3D('',#9040,#3981,#3677);
#10018=PLANE('',#10017);
#10019=ADVANCED_FACE('',(#10016),#10018,.T.);
#10020=ORIENTED_EDGE('',*,*,#9156,.T.);
#10021=VECTOR('',#1679,1.);
#10022=LINE('',#9036,#10021);
#10023=EDGE_CURVE('',#9037,#8744,#10022,.T.);
#10024=ORIENTED_EDGE('',*,*,#10023,.T.);
#10025=ORIENTED_EDGE('',*,*,#8909,.F.);
#10026=ORIENTED_EDGE('',*,*,#10011,.F.);
#10027=EDGE_LOOP('',(#10020,#10024,#10025,#10026));
#10028=FACE_OUTER_BOUND('',#10027,.T.);
#10029=AXIS2_PLACEMENT_3D('',#9038,#3968,#4124);
#10030=PLANE('',#10029);
#10031=ADVANCED_FACE('',(#10028),#10030,.T.);
#10032=ORIENTED_EDGE('',*,*,#9152,.T.);
#10033=VECTOR('',#1679,1.);
#10034=LINE('',#9034,#10033);
#10035=EDGE_CURVE('',#9035,#8746,#10034,.T.);
#10036=ORIENTED_EDGE('',*,*,#10035,.T.);
#10037=ORIENTED_EDGE('',*,*,#8913,.F.);
#10038=ORIENTED_EDGE('',*,*,#10023,.F.);
#10039=EDGE_LOOP('',(#10032,#10036,#10037,#10038));
#10040=FACE_OUTER_BOUND('',#10039,.T.);
#10041=AXIS2_PLACEMENT_3D('',#9036,#1571,#4111);
#10042=PLANE('',#10041);
#10043=ADVANCED_FACE('',(#10040),#10042,.T.);
#10044=ORIENTED_EDGE('',*,*,#9148,.T.);
#10045=VECTOR('',#1679,1.);
#10046=LINE('',#9032,#10045);
#10047=EDGE_CURVE('',#9033,#8748,#10046,.T.);
#10048=ORIENTED_EDGE('',*,*,#10047,.T.);
#10049=ORIENTED_EDGE('',*,*,#8917,.F.);
#10050=ORIENTED_EDGE('',*,*,#10035,.F.);
#10051=EDGE_LOOP('',(#10044,#10048,#10049,#10050));
#10052=FACE_OUTER_BOUND('',#10051,.T.);
#10053=AXIS2_PLACEMENT_3D('',#9034,#386,#4098);
#10054=PLANE('',#10053);
#10055=ADVANCED_FACE('',(#10052),#10054,.T.);
#10056=ORIENTED_EDGE('',*,*,#9144,.T.);
#10057=VECTOR('',#1679,1.);
#10058=LINE('',#9030,#10057);
#10059=EDGE_CURVE('',#9031,#8750,#10058,.T.);
#10060=ORIENTED_EDGE('',*,*,#10059,.T.);
#10061=ORIENTED_EDGE('',*,*,#8921,.F.);
#10062=ORIENTED_EDGE('',*,*,#10047,.F.);
#10063=EDGE_LOOP('',(#10056,#10060,#10061,#10062));
#10064=FACE_OUTER_BOUND('',#10063,.T.);
#10065=AXIS2_PLACEMENT_3D('',#9032,#3931,#4085);
#10066=PLANE('',#10065);
#10067=ADVANCED_FACE('',(#10064),#10066,.T.);
#10068=ORIENTED_EDGE('',*,*,#9140,.T.);
#10069=VECTOR('',#1679,1.);
#10070=LINE('',#9028,#10069);
#10071=EDGE_CURVE('',#9029,#8752,#10070,.T.);
#10072=ORIENTED_EDGE('',*,*,#10071,.T.);
#10073=ORIENTED_EDGE('',*,*,#8925,.F.);
#10074=ORIENTED_EDGE('',*,*,#10059,.F.);
#10075=EDGE_LOOP('',(#10068,#10072,#10073,#10074));
#10076=FACE_OUTER_BOUND('',#10075,.T.);
#10077=AXIS2_PLACEMENT_3D('',#9030,#1557,#4072);
#10078=PLANE('',#10077);
#10079=ADVANCED_FACE('',(#10076),#10078,.T.);
#10080=ORIENTED_EDGE('',*,*,#9136,.T.);
#10081=VECTOR('',#1679,1.);
#10082=LINE('',#9026,#10081);
#10083=EDGE_CURVE('',#9027,#8754,#10082,.T.);
#10084=ORIENTED_EDGE('',*,*,#10083,.T.);
#10085=ORIENTED_EDGE('',*,*,#8929,.F.);
#10086=ORIENTED_EDGE('',*,*,#10071,.F.);
#10087=EDGE_LOOP('',(#10080,#10084,#10085,#10086));
#10088=FACE_OUTER_BOUND('',#10087,.T.);
#10089=AXIS2_PLACEMENT_3D('',#9028,#1552,#4059);
#10090=PLANE('',#10089);
#10091=ADVANCED_FACE('',(#10088),#10090,.T.);
#10092=ORIENTED_EDGE('',*,*,#9132,.T.);
#10093=VECTOR('',#1679,1.);
#10094=LINE('',#9024,#10093);
#10095=EDGE_CURVE('',#9025,#8756,#10094,.T.);
#10096=ORIENTED_EDGE('',*,*,#10095,.T.);
#10097=ORIENTED_EDGE('',*,*,#8933,.F.);
#10098=ORIENTED_EDGE('',*,*,#10083,.F.);
#10099=EDGE_LOOP('',(#10092,#10096,#10097,#10098));
#10100=FACE_OUTER_BOUND('',#10099,.T.);
#10101=AXIS2_PLACEMENT_3D('',#9026,#1547,#4046);
#10102=PLANE('',#10101);
#10103=ADVANCED_FACE('',(#10100),#10102,.T.);
#10104=ORIENTED_EDGE('',*,*,#9128,.T.);
#10105=VECTOR('',#1679,1.);
#10106=LINE('',#9022,#10105);
#10107=EDGE_CURVE('',#9023,#8758,#10106,.T.);
#10108=ORIENTED_EDGE('',*,*,#10107,.T.);
#10109=ORIENTED_EDGE('',*,*,#8937,.F.);
#10110=ORIENTED_EDGE('',*,*,#10095,.F.);
#10111=EDGE_LOOP('',(#10104,#10108,#10109,#10110));
#10112=FACE_OUTER_BOUND('',#10111,.T.);
#10113=AXIS2_PLACEMENT_3D('',#9024,#1542,#4033);
#10114=PLANE('',#10113);
#10115=ADVANCED_FACE('',(#10112),#10114,.T.);
#10116=ORIENTED_EDGE('',*,*,#9124,.T.);
#10117=VECTOR('',#1679,1.);
#10118=LINE('',#9020,#10117);
#10119=EDGE_CURVE('',#9021,#8760,#10118,.T.);
#10120=ORIENTED_EDGE('',*,*,#10119,.T.);
#10121=ORIENTED_EDGE('',*,*,#8941,.F.);
#10122=ORIENTED_EDGE('',*,*,#10107,.F.);
#10123=EDGE_LOOP('',(#10116,#10120,#10121,#10122));
#10124=FACE_OUTER_BOUND('',#10123,.T.);
#10125=AXIS2_PLACEMENT_3D('',#9022,#1537,#4020);
#10126=PLANE('',#10125);
#10127=ADVANCED_FACE('',(#10124),#10126,.T.);
#10128=ORIENTED_EDGE('',*,*,#9120,.T.);
#10129=VECTOR('',#1679,1.);
#10130=LINE('',#9018,#10129);
#10131=EDGE_CURVE('',#9019,#8762,#10130,.T.);
#10132=ORIENTED_EDGE('',*,*,#10131,.T.);
#10133=ORIENTED_EDGE('',*,*,#8945,.F.);
#10134=ORIENTED_EDGE('',*,*,#10119,.F.);
#10135=EDGE_LOOP('',(#10128,#10132,#10133,#10134));
#10136=FACE_OUTER_BOUND('',#10135,.T.);
#10137=AXIS2_PLACEMENT_3D('',#9020,#1532,#4007);
#10138=PLANE('',#10137);
#10139=ADVANCED_FACE('',(#10136),#10138,.T.);
#10140=ORIENTED_EDGE('',*,*,#9116,.T.);
#10141=VECTOR('',#1679,1.);
#10142=LINE('',#9016,#10141);
#10143=EDGE_CURVE('',#9017,#8764,#10142,.T.);
#10144=ORIENTED_EDGE('',*,*,#10143,.T.);
#10145=ORIENTED_EDGE('',*,*,#8949,.F.);
#10146=ORIENTED_EDGE('',*,*,#10131,.F.);
#10147=EDGE_LOOP('',(#10140,#10144,#10145,#10146));
#10148=FACE_OUTER_BOUND('',#10147,.T.);
#10149=AXIS2_PLACEMENT_3D('',#9018,#3846,#3994);
#10150=PLANE('',#10149);
#10151=ADVANCED_FACE('',(#10148),#10150,.T.);
#10152=ORIENTED_EDGE('',*,*,#9112,.T.);
#10153=VECTOR('',#1679,1.);
#10154=LINE('',#9014,#10153);
#10155=EDGE_CURVE('',#9015,#8766,#10154,.T.);
#10156=ORIENTED_EDGE('',*,*,#10155,.T.);
#10157=ORIENTED_EDGE('',*,*,#8953,.F.);
#10158=ORIENTED_EDGE('',*,*,#10143,.F.);
#10159=EDGE_LOOP('',(#10152,#10156,#10157,#10158));
#10160=FACE_OUTER_BOUND('',#10159,.T.);
#10161=AXIS2_PLACEMENT_3D('',#9016,#341,#3981);
#10162=PLANE('',#10161);
#10163=ADVANCED_FACE('',(#10160),#10162,.T.);
#10164=ORIENTED_EDGE('',*,*,#9300,.T.);
#10165=ORIENTED_EDGE('',*,*,#9605,.T.);
#10166=ORIENTED_EDGE('',*,*,#8957,.F.);
#10167=ORIENTED_EDGE('',*,*,#10155,.F.);
#10168=EDGE_LOOP('',(#10164,#10165,#10166,#10167));
#10169=FACE_OUTER_BOUND('',#10168,.T.);
#10170=AXIS2_PLACEMENT_3D('',#9014,#1518,#3968);
#10171=PLANE('',#10170);
#10172=ADVANCED_FACE('',(#10169),#10171,.T.);
#10173=ORIENTED_EDGE('',*,*,#9586,.F.);
#10174=VECTOR('',#1679,1.);
#10175=LINE('',#9396,#10174);
#10176=EDGE_CURVE('',#9397,#2236,#10175,.T.);
#10177=ORIENTED_EDGE('',*,*,#10176,.T.);
#10178=ORIENTED_EDGE('',*,*,#2425,.T.);
#10179=VECTOR('',#1679,1.);
#10180=LINE('',#9398,#10179);
#10181=EDGE_CURVE('',#9399,#2238,#10180,.T.);
#10182=ORIENTED_EDGE('',*,*,#10181,.F.);
#10183=EDGE_LOOP('',(#10173,#10177,#10178,#10182));
#10184=FACE_OUTER_BOUND('',#10183,.T.);
#10185=AXIS2_PLACEMENT_3D('',#9398,#3677,#281);
#10186=PLANE('',#10185);
#10187=ADVANCED_FACE('',(#10184),#10186,.T.);
#10188=ORIENTED_EDGE('',*,*,#9582,.F.);
#10189=VECTOR('',#1679,1.);
#10190=LINE('',#9394,#10189);
#10191=EDGE_CURVE('',#9395,#2234,#10190,.T.);
#10192=ORIENTED_EDGE('',*,*,#10191,.T.);
#10193=ORIENTED_EDGE('',*,*,#2421,.T.);
#10194=ORIENTED_EDGE('',*,*,#10176,.F.);
#10195=EDGE_LOOP('',(#10188,#10192,#10193,#10194));
#10196=FACE_OUTER_BOUND('',#10195,.T.);
#10197=AXIS2_PLACEMENT_3D('',#9396,#3690,#3691);
#10198=PLANE('',#10197);
#10199=ADVANCED_FACE('',(#10196),#10198,.T.);
#10200=ORIENTED_EDGE('',*,*,#9578,.F.);
#10201=VECTOR('',#1679,1.);
#10202=LINE('',#9392,#10201);
#10203=EDGE_CURVE('',#9393,#2232,#10202,.T.);
#10204=ORIENTED_EDGE('',*,*,#10203,.T.);
#10205=ORIENTED_EDGE('',*,*,#2417,.T.);
#10206=ORIENTED_EDGE('',*,*,#10191,.F.);
#10207=EDGE_LOOP('',(#10200,#10204,#10205,#10206));
#10208=FACE_OUTER_BOUND('',#10207,.T.);
#10209=AXIS2_PLACEMENT_3D('',#9394,#3704,#1474);
#10210=PLANE('',#10209);
#10211=ADVANCED_FACE('',(#10208),#10210,.T.);
#10212=ORIENTED_EDGE('',*,*,#9574,.F.);
#10213=VECTOR('',#1679,1.);
#10214=LINE('',#9390,#10213);
#10215=EDGE_CURVE('',#9391,#2230,#10214,.T.);
#10216=ORIENTED_EDGE('',*,*,#10215,.T.);
#10217=ORIENTED_EDGE('',*,*,#2413,.T.);
#10218=ORIENTED_EDGE('',*,*,#10203,.F.);
#10219=EDGE_LOOP('',(#10212,#10216,#10217,#10218));
#10220=FACE_OUTER_BOUND('',#10219,.T.);
#10221=AXIS2_PLACEMENT_3D('',#9392,#3717,#1479);
#10222=PLANE('',#10221);
#10223=ADVANCED_FACE('',(#10220),#10222,.T.);
#10224=ORIENTED_EDGE('',*,*,#9570,.F.);
#10225=VECTOR('',#1679,1.);
#10226=LINE('',#9388,#10225);
#10227=EDGE_CURVE('',#9389,#2228,#10226,.T.);
#10228=ORIENTED_EDGE('',*,*,#10227,.T.);
#10229=ORIENTED_EDGE('',*,*,#2409,.T.);
#10230=ORIENTED_EDGE('',*,*,#10215,.F.);
#10231=EDGE_LOOP('',(#10224,#10228,#10229,#10230));
#10232=FACE_OUTER_BOUND('',#10231,.T.);
#10233=AXIS2_PLACEMENT_3D('',#9390,#3730,#1484);
#10234=PLANE('',#10233);
#10235=ADVANCED_FACE('',(#10232),#10234,.T.);
#10236=ORIENTED_EDGE('',*,*,#9566,.F.);
#10237=VECTOR('',#1679,1.);
#10238=LINE('',#9386,#10237);
#10239=EDGE_CURVE('',#9387,#2226,#10238,.T.);
#10240=ORIENTED_EDGE('',*,*,#10239,.T.);
#10241=ORIENTED_EDGE('',*,*,#2405,.T.);
#10242=ORIENTED_EDGE('',*,*,#10227,.F.);
#10243=EDGE_LOOP('',(#10236,#10240,#10241,#10242));
#10244=FACE_OUTER_BOUND('',#10243,.T.);
#10245=AXIS2_PLACEMENT_3D('',#9388,#3743,#1489);
#10246=PLANE('',#10245);
#10247=ADVANCED_FACE('',(#10244),#10246,.T.);
#10248=ORIENTED_EDGE('',*,*,#9562,.F.);
#10249=VECTOR('',#1679,1.);
#10250=LINE('',#9384,#10249);
#10251=EDGE_CURVE('',#9385,#2224,#10250,.T.);
#10252=ORIENTED_EDGE('',*,*,#10251,.T.);
#10253=ORIENTED_EDGE('',*,*,#2401,.T.);
#10254=ORIENTED_EDGE('',*,*,#10239,.F.);
#10255=EDGE_LOOP('',(#10248,#10252,#10253,#10254));
#10256=FACE_OUTER_BOUND('',#10255,.T.);
#10257=AXIS2_PLACEMENT_3D('',#9386,#3756,#1494);
#10258=PLANE('',#10257);
#10259=ADVANCED_FACE('',(#10256),#10258,.T.);
#10260=ORIENTED_EDGE('',*,*,#9558,.F.);
#10261=VECTOR('',#1679,1.);
#10262=LINE('',#9382,#10261);
#10263=EDGE_CURVE('',#9383,#2222,#10262,.T.);
#10264=ORIENTED_EDGE('',*,*,#10263,.T.);
#10265=ORIENTED_EDGE('',*,*,#2397,.T.);
#10266=ORIENTED_EDGE('',*,*,#10251,.F.);
#10267=EDGE_LOOP('',(#10260,#10264,#10265,#10266));
#10268=FACE_OUTER_BOUND('',#10267,.T.);
#10269=AXIS2_PLACEMENT_3D('',#9384,#3769,#1499);
#10270=PLANE('',#10269);
#10271=ADVANCED_FACE('',(#10268),#10270,.T.);
#10272=ORIENTED_EDGE('',*,*,#9554,.F.);
#10273=VECTOR('',#1679,1.);
#10274=LINE('',#9380,#10273);
#10275=EDGE_CURVE('',#9381,#2220,#10274,.T.);
#10276=ORIENTED_EDGE('',*,*,#10275,.T.);
#10277=ORIENTED_EDGE('',*,*,#2393,.T.);
#10278=ORIENTED_EDGE('',*,*,#10263,.F.);
#10279=EDGE_LOOP('',(#10272,#10276,#10277,#10278));
#10280=FACE_OUTER_BOUND('',#10279,.T.);
#10281=AXIS2_PLACEMENT_3D('',#9382,#3782,#3783);
#10282=PLANE('',#10281);
#10283=ADVANCED_FACE('',(#10280),#10282,.T.);
#10284=ORIENTED_EDGE('',*,*,#9550,.F.);
#10285=VECTOR('',#1679,1.);
#10286=LINE('',#9378,#10285);
#10287=EDGE_CURVE('',#9379,#2218,#10286,.T.);
#10288=ORIENTED_EDGE('',*,*,#10287,.T.);
#10289=ORIENTED_EDGE('',*,*,#2389,.T.);
#10290=ORIENTED_EDGE('',*,*,#10275,.F.);
#10291=EDGE_LOOP('',(#10284,#10288,#10289,#10290));
#10292=FACE_OUTER_BOUND('',#10291,.T.);
#10293=AXIS2_PLACEMENT_3D('',#9380,#3796,#326);
#10294=PLANE('',#10293);
#10295=ADVANCED_FACE('',(#10292),#10294,.T.);
#10296=ORIENTED_EDGE('',*,*,#9546,.F.);
#10297=VECTOR('',#1679,1.);
#10298=LINE('',#9376,#10297);
#10299=EDGE_CURVE('',#9377,#2216,#10298,.T.);
#10300=ORIENTED_EDGE('',*,*,#10299,.T.);
#10301=ORIENTED_EDGE('',*,*,#2385,.T.);
#10302=ORIENTED_EDGE('',*,*,#10287,.F.);
#10303=EDGE_LOOP('',(#10296,#10300,#10301,#10302));
#10304=FACE_OUTER_BOUND('',#10303,.T.);
#10305=AXIS2_PLACEMENT_3D('',#9378,#3809,#1513);
#10306=PLANE('',#10305);
#10307=ADVANCED_FACE('',(#10304),#10306,.T.);
#10308=ORIENTED_EDGE('',*,*,#9542,.F.);
#10309=VECTOR('',#1679,1.);
#10310=LINE('',#9374,#10309);
#10311=EDGE_CURVE('',#9375,#2214,#10310,.T.);
#10312=ORIENTED_EDGE('',*,*,#10311,.T.);
#10313=ORIENTED_EDGE('',*,*,#2381,.T.);
#10314=ORIENTED_EDGE('',*,*,#10299,.F.);
#10315=EDGE_LOOP('',(#10308,#10312,#10313,#10314));
#10316=FACE_OUTER_BOUND('',#10315,.T.);
#10317=AXIS2_PLACEMENT_3D('',#9376,#1576,#1518);
#10318=PLANE('',#10317);
#10319=ADVANCED_FACE('',(#10316),#10318,.T.);
#10320=ORIENTED_EDGE('',*,*,#9538,.F.);
#10321=VECTOR('',#1679,1.);
#10322=LINE('',#9372,#10321);
#10323=EDGE_CURVE('',#9373,#2212,#10322,.T.);
#10324=ORIENTED_EDGE('',*,*,#10323,.T.);
#10325=ORIENTED_EDGE('',*,*,#2377,.T.);
#10326=ORIENTED_EDGE('',*,*,#10311,.F.);
#10327=EDGE_LOOP('',(#10320,#10324,#10325,#10326));
#10328=FACE_OUTER_BOUND('',#10327,.T.);
#10329=AXIS2_PLACEMENT_3D('',#9374,#281,#341);
#10330=PLANE('',#10329);
#10331=ADVANCED_FACE('',(#10328),#10330,.T.);
#10332=ORIENTED_EDGE('',*,*,#9534,.F.);
#10333=VECTOR('',#1679,1.);
#10334=LINE('',#9370,#10333);
#10335=EDGE_CURVE('',#9371,#2210,#10334,.T.);
#10336=ORIENTED_EDGE('',*,*,#10335,.T.);
#10337=ORIENTED_EDGE('',*,*,#2373,.T.);
#10338=ORIENTED_EDGE('',*,*,#10323,.F.);
#10339=EDGE_LOOP('',(#10332,#10336,#10337,#10338));
#10340=FACE_OUTER_BOUND('',#10339,.T.);
#10341=AXIS2_PLACEMENT_3D('',#9372,#3691,#3846);
#10342=PLANE('',#10341);
#10343=ADVANCED_FACE('',(#10340),#10342,.T.);
#10344=ORIENTED_EDGE('',*,*,#9530,.F.);
#10345=VECTOR('',#1679,1.);
#10346=LINE('',#9368,#10345);
#10347=EDGE_CURVE('',#9369,#2208,#10346,.T.);
#10348=ORIENTED_EDGE('',*,*,#10347,.T.);
#10349=ORIENTED_EDGE('',*,*,#2369,.T.);
#10350=ORIENTED_EDGE('',*,*,#10335,.F.);
#10351=EDGE_LOOP('',(#10344,#10348,#10349,#10350));
#10352=FACE_OUTER_BOUND('',#10351,.T.);
#10353=AXIS2_PLACEMENT_3D('',#9370,#1474,#1532);
#10354=PLANE('',#10353);
#10355=ADVANCED_FACE('',(#10352),#10354,.T.);
#10356=ORIENTED_EDGE('',*,*,#9526,.F.);
#10357=VECTOR('',#1679,1.);
#10358=LINE('',#9366,#10357);
#10359=EDGE_CURVE('',#9367,#2206,#10358,.T.);
#10360=ORIENTED_EDGE('',*,*,#10359,.T.);
#10361=ORIENTED_EDGE('',*,*,#2365,.T.);
#10362=ORIENTED_EDGE('',*,*,#10347,.F.);
#10363=EDGE_LOOP('',(#10356,#10360,#10361,#10362));
#10364=FACE_OUTER_BOUND('',#10363,.T.);
#10365=AXIS2_PLACEMENT_3D('',#9368,#1479,#1537);
#10366=PLANE('',#10365);
#10367=ADVANCED_FACE('',(#10364),#10366,.T.);
#10368=ORIENTED_EDGE('',*,*,#9522,.F.);
#10369=VECTOR('',#1679,1.);
#10370=LINE('',#9364,#10369);
#10371=EDGE_CURVE('',#9365,#2204,#10370,.T.);
#10372=ORIENTED_EDGE('',*,*,#10371,.T.);
#10373=ORIENTED_EDGE('',*,*,#2361,.T.);
#10374=ORIENTED_EDGE('',*,*,#10359,.F.);
#10375=EDGE_LOOP('',(#10368,#10372,#10373,#10374));
#10376=FACE_OUTER_BOUND('',#10375,.T.);
#10377=AXIS2_PLACEMENT_3D('',#9366,#1484,#1542);
#10378=PLANE('',#10377);
#10379=ADVANCED_FACE('',(#10376),#10378,.T.);
#10380=ORIENTED_EDGE('',*,*,#9518,.F.);
#10381=VECTOR('',#1679,1.);
#10382=LINE('',#9362,#10381);
#10383=EDGE_CURVE('',#9363,#2202,#10382,.T.);
#10384=ORIENTED_EDGE('',*,*,#10383,.T.);
#10385=ORIENTED_EDGE('',*,*,#2357,.T.);
#10386=ORIENTED_EDGE('',*,*,#10371,.F.);
#10387=EDGE_LOOP('',(#10380,#10384,#10385,#10386));
#10388=FACE_OUTER_BOUND('',#10387,.T.);
#10389=AXIS2_PLACEMENT_3D('',#9364,#1489,#1547);
#10390=PLANE('',#10389);
#10391=ADVANCED_FACE('',(#10388),#10390,.T.);
#10392=ORIENTED_EDGE('',*,*,#9514,.F.);
#10393=VECTOR('',#1679,1.);
#10394=LINE('',#9360,#10393);
#10395=EDGE_CURVE('',#9361,#2200,#10394,.T.);
#10396=ORIENTED_EDGE('',*,*,#10395,.T.);
#10397=ORIENTED_EDGE('',*,*,#2353,.T.);
#10398=ORIENTED_EDGE('',*,*,#10383,.F.);
#10399=EDGE_LOOP('',(#10392,#10396,#10397,#10398));
#10400=FACE_OUTER_BOUND('',#10399,.T.);
#10401=AXIS2_PLACEMENT_3D('',#9362,#1494,#1552);
#10402=PLANE('',#10401);
#10403=ADVANCED_FACE('',(#10400),#10402,.T.);
#10404=ORIENTED_EDGE('',*,*,#9510,.F.);
#10405=VECTOR('',#1679,1.);
#10406=LINE('',#9358,#10405);
#10407=EDGE_CURVE('',#9359,#2198,#10406,.T.);
#10408=ORIENTED_EDGE('',*,*,#10407,.T.);
#10409=ORIENTED_EDGE('',*,*,#2349,.T.);
#10410=ORIENTED_EDGE('',*,*,#10395,.F.);
#10411=EDGE_LOOP('',(#10404,#10408,#10409,#10410));
#10412=FACE_OUTER_BOUND('',#10411,.T.);
#10413=AXIS2_PLACEMENT_3D('',#9360,#1499,#1557);
#10414=PLANE('',#10413);
#10415=ADVANCED_FACE('',(#10412),#10414,.T.);
#10416=ORIENTED_EDGE('',*,*,#9506,.F.);
#10417=VECTOR('',#1679,1.);
#10418=LINE('',#9356,#10417);
#10419=EDGE_CURVE('',#9357,#2196,#10418,.T.);
#10420=ORIENTED_EDGE('',*,*,#10419,.T.);
#10421=ORIENTED_EDGE('',*,*,#2345,.T.);
#10422=ORIENTED_EDGE('',*,*,#10407,.F.);
#10423=EDGE_LOOP('',(#10416,#10420,#10421,#10422));
#10424=FACE_OUTER_BOUND('',#10423,.T.);
#10425=AXIS2_PLACEMENT_3D('',#9358,#3783,#3931);
#10426=PLANE('',#10425);
#10427=ADVANCED_FACE('',(#10424),#10426,.T.);
#10428=ORIENTED_EDGE('',*,*,#9502,.F.);
#10429=VECTOR('',#1679,1.);
#10430=LINE('',#9354,#10429);
#10431=EDGE_CURVE('',#9355,#2194,#10430,.T.);
#10432=ORIENTED_EDGE('',*,*,#10431,.T.);
#10433=ORIENTED_EDGE('',*,*,#2341,.T.);
#10434=ORIENTED_EDGE('',*,*,#10419,.F.);
#10435=EDGE_LOOP('',(#10428,#10432,#10433,#10434));
#10436=FACE_OUTER_BOUND('',#10435,.T.);
#10437=AXIS2_PLACEMENT_3D('',#9356,#326,#386);
#10438=PLANE('',#10437);
#10439=ADVANCED_FACE('',(#10436),#10438,.T.);
#10440=ORIENTED_EDGE('',*,*,#9498,.F.);
#10441=VECTOR('',#1679,1.);
#10442=LINE('',#9352,#10441);
#10443=EDGE_CURVE('',#9353,#2192,#10442,.T.);
#10444=ORIENTED_EDGE('',*,*,#10443,.T.);
#10445=ORIENTED_EDGE('',*,*,#2337,.T.);
#10446=ORIENTED_EDGE('',*,*,#10431,.F.);
#10447=EDGE_LOOP('',(#10440,#10444,#10445,#10446));
#10448=FACE_OUTER_BOUND('',#10447,.T.);
#10449=AXIS2_PLACEMENT_3D('',#9354,#1513,#1571);
#10450=PLANE('',#10449);
#10451=ADVANCED_FACE('',(#10448),#10450,.T.);
#10452=ORIENTED_EDGE('',*,*,#9494,.T.);
#10453=VECTOR('',#1679,1.);
#10454=LINE('',#9350,#10453);
#10455=EDGE_CURVE('',#9351,#2190,#10454,.T.);
#10456=ORIENTED_EDGE('',*,*,#10455,.T.);
#10457=ORIENTED_EDGE('',*,*,#2333,.F.);
#10458=ORIENTED_EDGE('',*,*,#10443,.F.);
#10459=EDGE_LOOP('',(#10452,#10456,#10457,#10458));
#10460=FACE_OUTER_BOUND('',#10459,.T.);
#10461=AXIS2_PLACEMENT_3D('',#9352,#1518,#3968);
#10462=PLANE('',#10461);
#10463=ADVANCED_FACE('',(#10460),#10462,.T.);
#10464=ORIENTED_EDGE('',*,*,#9490,.T.);
#10465=VECTOR('',#1679,1.);
#10466=LINE('',#9348,#10465);
#10467=EDGE_CURVE('',#9349,#2188,#10466,.T.);
#10468=ORIENTED_EDGE('',*,*,#10467,.T.);
#10469=ORIENTED_EDGE('',*,*,#2329,.F.);
#10470=ORIENTED_EDGE('',*,*,#10455,.F.);
#10471=EDGE_LOOP('',(#10464,#10468,#10469,#10470));
#10472=FACE_OUTER_BOUND('',#10471,.T.);
#10473=AXIS2_PLACEMENT_3D('',#9350,#341,#3981);
#10474=PLANE('',#10473);
#10475=ADVANCED_FACE('',(#10472),#10474,.T.);
#10476=ORIENTED_EDGE('',*,*,#9486,.T.);
#10477=VECTOR('',#1679,1.);
#10478=LINE('',#9346,#10477);
#10479=EDGE_CURVE('',#9347,#2186,#10478,.T.);
#10480=ORIENTED_EDGE('',*,*,#10479,.T.);
#10481=ORIENTED_EDGE('',*,*,#2325,.F.);
#10482=ORIENTED_EDGE('',*,*,#10467,.F.);
#10483=EDGE_LOOP('',(#10476,#10480,#10481,#10482));
#10484=FACE_OUTER_BOUND('',#10483,.T.);
#10485=AXIS2_PLACEMENT_3D('',#9348,#3846,#3994);
#10486=PLANE('',#10485);
#10487=ADVANCED_FACE('',(#10484),#10486,.T.);
#10488=ORIENTED_EDGE('',*,*,#9482,.T.);
#10489=VECTOR('',#1679,1.);
#10490=LINE('',#9344,#10489);
#10491=EDGE_CURVE('',#9345,#2184,#10490,.T.);
#10492=ORIENTED_EDGE('',*,*,#10491,.T.);
#10493=ORIENTED_EDGE('',*,*,#2321,.F.);
#10494=ORIENTED_EDGE('',*,*,#10479,.F.);
#10495=EDGE_LOOP('',(#10488,#10492,#10493,#10494));
#10496=FACE_OUTER_BOUND('',#10495,.T.);
#10497=AXIS2_PLACEMENT_3D('',#9346,#1532,#4007);
#10498=PLANE('',#10497);
#10499=ADVANCED_FACE('',(#10496),#10498,.T.);
#10500=ORIENTED_EDGE('',*,*,#9478,.T.);
#10501=VECTOR('',#1679,1.);
#10502=LINE('',#9342,#10501);
#10503=EDGE_CURVE('',#9343,#2182,#10502,.T.);
#10504=ORIENTED_EDGE('',*,*,#10503,.T.);
#10505=ORIENTED_EDGE('',*,*,#2317,.F.);
#10506=ORIENTED_EDGE('',*,*,#10491,.F.);
#10507=EDGE_LOOP('',(#10500,#10504,#10505,#10506));
#10508=FACE_OUTER_BOUND('',#10507,.T.);
#10509=AXIS2_PLACEMENT_3D('',#9344,#1537,#4020);
#10510=PLANE('',#10509);
#10511=ADVANCED_FACE('',(#10508),#10510,.T.);
#10512=ORIENTED_EDGE('',*,*,#9474,.T.);
#10513=VECTOR('',#1679,1.);
#10514=LINE('',#9340,#10513);
#10515=EDGE_CURVE('',#9341,#2180,#10514,.T.);
#10516=ORIENTED_EDGE('',*,*,#10515,.T.);
#10517=ORIENTED_EDGE('',*,*,#2313,.F.);
#10518=ORIENTED_EDGE('',*,*,#10503,.F.);
#10519=EDGE_LOOP('',(#10512,#10516,#10517,#10518));
#10520=FACE_OUTER_BOUND('',#10519,.T.);
#10521=AXIS2_PLACEMENT_3D('',#9342,#1542,#4033);
#10522=PLANE('',#10521);
#10523=ADVANCED_FACE('',(#10520),#10522,.T.);
#10524=ORIENTED_EDGE('',*,*,#9470,.T.);
#10525=VECTOR('',#1679,1.);
#10526=LINE('',#9338,#10525);
#10527=EDGE_CURVE('',#9339,#2178,#10526,.T.);
#10528=ORIENTED_EDGE('',*,*,#10527,.T.);
#10529=ORIENTED_EDGE('',*,*,#2309,.F.);
#10530=ORIENTED_EDGE('',*,*,#10515,.F.);
#10531=EDGE_LOOP('',(#10524,#10528,#10529,#10530));
#10532=FACE_OUTER_BOUND('',#10531,.T.);
#10533=AXIS2_PLACEMENT_3D('',#9340,#1547,#4046);
#10534=PLANE('',#10533);
#10535=ADVANCED_FACE('',(#10532),#10534,.T.);
#10536=ORIENTED_EDGE('',*,*,#9466,.T.);
#10537=VECTOR('',#1679,1.);
#10538=LINE('',#9336,#10537);
#10539=EDGE_CURVE('',#9337,#2176,#10538,.T.);
#10540=ORIENTED_EDGE('',*,*,#10539,.T.);
#10541=ORIENTED_EDGE('',*,*,#2305,.F.);
#10542=ORIENTED_EDGE('',*,*,#10527,.F.);
#10543=EDGE_LOOP('',(#10536,#10540,#10541,#10542));
#10544=FACE_OUTER_BOUND('',#10543,.T.);
#10545=AXIS2_PLACEMENT_3D('',#9338,#1552,#4059);
#10546=PLANE('',#10545);
#10547=ADVANCED_FACE('',(#10544),#10546,.T.);
#10548=ORIENTED_EDGE('',*,*,#9462,.T.);
#10549=VECTOR('',#1679,1.);
#10550=LINE('',#9334,#10549);
#10551=EDGE_CURVE('',#9335,#2174,#10550,.T.);
#10552=ORIENTED_EDGE('',*,*,#10551,.T.);
#10553=ORIENTED_EDGE('',*,*,#2301,.F.);
#10554=ORIENTED_EDGE('',*,*,#10539,.F.);
#10555=EDGE_LOOP('',(#10548,#10552,#10553,#10554));
#10556=FACE_OUTER_BOUND('',#10555,.T.);
#10557=AXIS2_PLACEMENT_3D('',#9336,#1557,#4072);
#10558=PLANE('',#10557);
#10559=ADVANCED_FACE('',(#10556),#10558,.T.);
#10560=ORIENTED_EDGE('',*,*,#9458,.T.);
#10561=VECTOR('',#1679,1.);
#10562=LINE('',#9332,#10561);
#10563=EDGE_CURVE('',#9333,#2172,#10562,.T.);
#10564=ORIENTED_EDGE('',*,*,#10563,.T.);
#10565=ORIENTED_EDGE('',*,*,#2297,.F.);
#10566=ORIENTED_EDGE('',*,*,#10551,.F.);
#10567=EDGE_LOOP('',(#10560,#10564,#10565,#10566));
#10568=FACE_OUTER_BOUND('',#10567,.T.);
#10569=AXIS2_PLACEMENT_3D('',#9334,#3931,#4085);
#10570=PLANE('',#10569);
#10571=ADVANCED_FACE('',(#10568),#10570,.T.);
#10572=ORIENTED_EDGE('',*,*,#9454,.T.);
#10573=VECTOR('',#1679,1.);
#10574=LINE('',#9330,#10573);
#10575=EDGE_CURVE('',#9331,#2170,#10574,.T.);
#10576=ORIENTED_EDGE('',*,*,#10575,.T.);
#10577=ORIENTED_EDGE('',*,*,#2293,.F.);
#10578=ORIENTED_EDGE('',*,*,#10563,.F.);
#10579=EDGE_LOOP('',(#10572,#10576,#10577,#10578));
#10580=FACE_OUTER_BOUND('',#10579,.T.);
#10581=AXIS2_PLACEMENT_3D('',#9332,#386,#4098);
#10582=PLANE('',#10581);
#10583=ADVANCED_FACE('',(#10580),#10582,.T.);
#10584=ORIENTED_EDGE('',*,*,#9450,.T.);
#10585=VECTOR('',#1679,1.);
#10586=LINE('',#9328,#10585);
#10587=EDGE_CURVE('',#9329,#2168,#10586,.T.);
#10588=ORIENTED_EDGE('',*,*,#10587,.T.);
#10589=ORIENTED_EDGE('',*,*,#2289,.F.);
#10590=ORIENTED_EDGE('',*,*,#10575,.F.);
#10591=EDGE_LOOP('',(#10584,#10588,#10589,#10590));
#10592=FACE_OUTER_BOUND('',#10591,.T.);
#10593=AXIS2_PLACEMENT_3D('',#9330,#1571,#4111);
#10594=PLANE('',#10593);
#10595=ADVANCED_FACE('',(#10592),#10594,.T.);
#10596=ORIENTED_EDGE('',*,*,#9446,.T.);
#10597=VECTOR('',#1679,1.);
#10598=LINE('',#9326,#10597);
#10599=EDGE_CURVE('',#9327,#2166,#10598,.T.);
#10600=ORIENTED_EDGE('',*,*,#10599,.T.);
#10601=ORIENTED_EDGE('',*,*,#2285,.F.);
#10602=ORIENTED_EDGE('',*,*,#10587,.F.);
#10603=EDGE_LOOP('',(#10596,#10600,#10601,#10602));
#10604=FACE_OUTER_BOUND('',#10603,.T.);
#10605=AXIS2_PLACEMENT_3D('',#9328,#3968,#4124);
#10606=PLANE('',#10605);
#10607=ADVANCED_FACE('',(#10604),#10606,.T.);
#10608=ORIENTED_EDGE('',*,*,#9442,.T.);
#10609=VECTOR('',#1679,1.);
#10610=LINE('',#9324,#10609);
#10611=EDGE_CURVE('',#9325,#2164,#10610,.T.);
#10612=ORIENTED_EDGE('',*,*,#10611,.T.);
#10613=ORIENTED_EDGE('',*,*,#2281,.F.);
#10614=ORIENTED_EDGE('',*,*,#10599,.F.);
#10615=EDGE_LOOP('',(#10608,#10612,#10613,#10614));
#10616=FACE_OUTER_BOUND('',#10615,.T.);
#10617=AXIS2_PLACEMENT_3D('',#9326,#3981,#3677);
#10618=PLANE('',#10617);
#10619=ADVANCED_FACE('',(#10616),#10618,.T.);
#10620=ORIENTED_EDGE('',*,*,#9438,.T.);
#10621=VECTOR('',#1679,1.);
#10622=LINE('',#9322,#10621);
#10623=EDGE_CURVE('',#9323,#2162,#10622,.T.);
#10624=ORIENTED_EDGE('',*,*,#10623,.T.);
#10625=ORIENTED_EDGE('',*,*,#2277,.F.);
#10626=ORIENTED_EDGE('',*,*,#10611,.F.);
#10627=EDGE_LOOP('',(#10620,#10624,#10625,#10626));
#10628=FACE_OUTER_BOUND('',#10627,.T.);
#10629=AXIS2_PLACEMENT_3D('',#9324,#3994,#3690);
#10630=PLANE('',#10629);
#10631=ADVANCED_FACE('',(#10628),#10630,.T.);
#10632=ORIENTED_EDGE('',*,*,#9434,.T.);
#10633=VECTOR('',#1679,1.);
#10634=LINE('',#9320,#10633);
#10635=EDGE_CURVE('',#9321,#2160,#10634,.T.);
#10636=ORIENTED_EDGE('',*,*,#10635,.T.);
#10637=ORIENTED_EDGE('',*,*,#2273,.F.);
#10638=ORIENTED_EDGE('',*,*,#10623,.F.);
#10639=EDGE_LOOP('',(#10632,#10636,#10637,#10638));
#10640=FACE_OUTER_BOUND('',#10639,.T.);
#10641=AXIS2_PLACEMENT_3D('',#9322,#4007,#3704);
#10642=PLANE('',#10641);
#10643=ADVANCED_FACE('',(#10640),#10642,.T.);
#10644=ORIENTED_EDGE('',*,*,#9430,.T.);
#10645=VECTOR('',#1679,1.);
#10646=LINE('',#9318,#10645);
#10647=EDGE_CURVE('',#9319,#2158,#10646,.T.);
#10648=ORIENTED_EDGE('',*,*,#10647,.T.);
#10649=ORIENTED_EDGE('',*,*,#2269,.F.);
#10650=ORIENTED_EDGE('',*,*,#10635,.F.);
#10651=EDGE_LOOP('',(#10644,#10648,#10649,#10650));
#10652=FACE_OUTER_BOUND('',#10651,.T.);
#10653=AXIS2_PLACEMENT_3D('',#9320,#4020,#3717);
#10654=PLANE('',#10653);
#10655=ADVANCED_FACE('',(#10652),#10654,.T.);
#10656=ORIENTED_EDGE('',*,*,#9426,.T.);
#10657=VECTOR('',#1679,1.);
#10658=LINE('',#9316,#10657);
#10659=EDGE_CURVE('',#9317,#2156,#10658,.T.);
#10660=ORIENTED_EDGE('',*,*,#10659,.T.);
#10661=ORIENTED_EDGE('',*,*,#2265,.F.);
#10662=ORIENTED_EDGE('',*,*,#10647,.F.);
#10663=EDGE_LOOP('',(#10656,#10660,#10661,#10662));
#10664=FACE_OUTER_BOUND('',#10663,.T.);
#10665=AXIS2_PLACEMENT_3D('',#9318,#4033,#3730);
#10666=PLANE('',#10665);
#10667=ADVANCED_FACE('',(#10664),#10666,.T.);
#10668=ORIENTED_EDGE('',*,*,#9422,.T.);
#10669=VECTOR('',#1679,1.);
#10670=LINE('',#9314,#10669);
#10671=EDGE_CURVE('',#9315,#2154,#10670,.T.);
#10672=ORIENTED_EDGE('',*,*,#10671,.T.);
#10673=ORIENTED_EDGE('',*,*,#2261,.F.);
#10674=ORIENTED_EDGE('',*,*,#10659,.F.);
#10675=EDGE_LOOP('',(#10668,#10672,#10673,#10674));
#10676=FACE_OUTER_BOUND('',#10675,.T.);
#10677=AXIS2_PLACEMENT_3D('',#9316,#4046,#3743);
#10678=PLANE('',#10677);
#10679=ADVANCED_FACE('',(#10676),#10678,.T.);
#10680=ORIENTED_EDGE('',*,*,#9418,.T.);
#10681=VECTOR('',#1679,1.);
#10682=LINE('',#9312,#10681);
#10683=EDGE_CURVE('',#9313,#2152,#10682,.T.);
#10684=ORIENTED_EDGE('',*,*,#10683,.T.);
#10685=ORIENTED_EDGE('',*,*,#2257,.F.);
#10686=ORIENTED_EDGE('',*,*,#10671,.F.);
#10687=EDGE_LOOP('',(#10680,#10684,#10685,#10686));
#10688=FACE_OUTER_BOUND('',#10687,.T.);
#10689=AXIS2_PLACEMENT_3D('',#9314,#4059,#3756);
#10690=PLANE('',#10689);
#10691=ADVANCED_FACE('',(#10688),#10690,.T.);
#10692=ORIENTED_EDGE('',*,*,#9414,.T.);
#10693=VECTOR('',#1679,1.);
#10694=LINE('',#9310,#10693);
#10695=EDGE_CURVE('',#9311,#2150,#10694,.T.);
#10696=ORIENTED_EDGE('',*,*,#10695,.T.);
#10697=ORIENTED_EDGE('',*,*,#2253,.F.);
#10698=ORIENTED_EDGE('',*,*,#10683,.F.);
#10699=EDGE_LOOP('',(#10692,#10696,#10697,#10698));
#10700=FACE_OUTER_BOUND('',#10699,.T.);
#10701=AXIS2_PLACEMENT_3D('',#9312,#4072,#3769);
#10702=PLANE('',#10701);
#10703=ADVANCED_FACE('',(#10700),#10702,.T.);
#10704=ORIENTED_EDGE('',*,*,#9410,.T.);
#10705=VECTOR('',#1679,1.);
#10706=LINE('',#9308,#10705);
#10707=EDGE_CURVE('',#9309,#2148,#10706,.T.);
#10708=ORIENTED_EDGE('',*,*,#10707,.T.);
#10709=ORIENTED_EDGE('',*,*,#2249,.F.);
#10710=ORIENTED_EDGE('',*,*,#10695,.F.);
#10711=EDGE_LOOP('',(#10704,#10708,#10709,#10710));
#10712=FACE_OUTER_BOUND('',#10711,.T.);
#10713=AXIS2_PLACEMENT_3D('',#9310,#4085,#3782);
#10714=PLANE('',#10713);
#10715=ADVANCED_FACE('',(#10712),#10714,.T.);
#10716=ORIENTED_EDGE('',*,*,#9406,.T.);
#10717=VECTOR('',#1679,1.);
#10718=LINE('',#9306,#10717);
#10719=EDGE_CURVE('',#9307,#2146,#10718,.T.);
#10720=ORIENTED_EDGE('',*,*,#10719,.T.);
#10721=ORIENTED_EDGE('',*,*,#2245,.F.);
#10722=ORIENTED_EDGE('',*,*,#10707,.F.);
#10723=EDGE_LOOP('',(#10716,#10720,#10721,#10722));
#10724=FACE_OUTER_BOUND('',#10723,.T.);
#10725=AXIS2_PLACEMENT_3D('',#9308,#4098,#3796);
#10726=PLANE('',#10725);
#10727=ADVANCED_FACE('',(#10724),#10726,.T.);
#10728=ORIENTED_EDGE('',*,*,#9402,.T.);
#10729=VECTOR('',#1679,1.);
#10730=LINE('',#9304,#10729);
#10731=EDGE_CURVE('',#9305,#2144,#10730,.T.);
#10732=ORIENTED_EDGE('',*,*,#10731,.T.);
#10733=ORIENTED_EDGE('',*,*,#2241,.F.);
#10734=ORIENTED_EDGE('',*,*,#10719,.F.);
#10735=EDGE_LOOP('',(#10728,#10732,#10733,#10734));
#10736=FACE_OUTER_BOUND('',#10735,.T.);
#10737=AXIS2_PLACEMENT_3D('',#9306,#4111,#3809);
#10738=PLANE('',#10737);
#10739=ADVANCED_FACE('',(#10736),#10738,.T.);
#10740=ORIENTED_EDGE('',*,*,#9590,.F.);
#10741=ORIENTED_EDGE('',*,*,#10181,.T.);
#10742=ORIENTED_EDGE('',*,*,#2429,.T.);
#10743=ORIENTED_EDGE('',*,*,#10731,.F.);
#10744=EDGE_LOOP('',(#10740,#10741,#10742,#10743));
#10745=FACE_OUTER_BOUND('',#10744,.T.);
#10746=AXIS2_PLACEMENT_3D('',#9304,#4124,#1576);
#10747=PLANE('',#10746);
#10748=ADVANCED_FACE('',(#10745),#10747,.T.);
#10749=CLOSED_SHELL('',(#9013,#9596,#9611,#9623,#9635,#9647,#9659,#9671,#9683,#9695,#9707,#9719,#9731,#9743,#9755,#9767,#9779,#9791,#9803,#9815,#9827,#9839,#9851,#9863,#9875,#9887,#9899,#9911,#9923,#9935,#9947,#9959,#9971,#9983,#9995,#10007,#10019,#10031,#10043,#10055,#10067,#10079,#10091,#10103,#10115,#10127,#10139,#10151,#10163,#10172,#10187,#10199,#10211,#10223,#10235,#10247,#10259,#10271,#10283,#10295,#10307,#10319,#10331,#10343,#10355,#10367,#10379,#10391,#10403,#10415,#10427,#10439,#10451,#10463,#10475,#10487,#10499,#10511,#10523,#10535,#10547,#10559,#10571,#10583,#10595,#10607,#10619,#10631,#10643,#10655,#10667,#10679,#10691,#10703,#10715,#10727,#10739,#10748));
#10750=MANIFOLD_SOLID_BREP('post2',#10749);
#10751=CARTESIAN_POINT('',(19.5,19.5,4.5));
#10752=VERTEX_POINT('',#10751);
#10753=CARTESIAN_POINT('',(19.4743346,19.8915786,4.5));
#10754=VERTEX_POINT('',#10753);
#10755=CARTESIAN_POINT('',(19.3977775,20.2764571,4.5));
#10756=VERTEX_POINT('',#10755);
#10757=CARTESIAN_POINT('',(19.2716386,20.6480503,4.5));
#10758=VERTEX_POINT('',#10757);
#10759=CARTESIAN_POINT('',(19.0980762,21.,4.5));
#10760=VERTEX_POINT('',#10759);
#10761=CARTESIAN_POINT('',(18.88006,21.3262843,4.5));
#10762=VERTEX_POINT('',#10761);
#10763=CARTESIAN_POINT('',(18.6213203,21.6213203,4.5));
#10764=VERTEX_POINT('',#10763);
#10765=CARTESIAN_POINT('',(18.3262843,21.88006,4.5));
#10766=VERTEX_POINT('',#10765);
#10767=CARTESIAN_POINT('',(18.,22.0980762,4.5));
#10768=VERTEX_POINT('',#10767);
#10769=CARTESIAN_POINT('',(17.6480503,22.2716386,4.5));
#10770=VERTEX_POINT('',#10769);
#10771=CARTESIAN_POINT('',(17.2764571,22.3977775,4.5));
#10772=VERTEX_POINT('',#10771);
#10773=CARTESIAN_POINT('',(16.8915786,22.4743346,4.5));
#10774=VERTEX_POINT('',#10773);
#10775=CARTESIAN_POINT('',(16.5,22.5,4.5));
#10776=VERTEX_POINT('',#10775);
#10777=CARTESIAN_POINT('',(16.1084214,22.4743346,4.5));
#10778=VERTEX_POINT('',#10777);
#10779=CARTESIAN_POINT('',(15.7235429,22.3977775,4.5));
#10780=VERTEX_POINT('',#10779);
#10781=CARTESIAN_POINT('',(15.3519497,22.2716386,4.5));
#10782=VERTEX_POINT('',#10781);
#10783=CARTESIAN_POINT('',(15.,22.0980762,4.5));
#10784=VERTEX_POINT('',#10783);
#10785=CARTESIAN_POINT('',(14.6737157,21.88006,4.5));
#10786=VERTEX_POINT('',#10785);
#10787=CARTESIAN_POINT('',(14.3786797,21.6213203,4.5));
#10788=VERTEX_POINT('',#10787);
#10789=CARTESIAN_POINT('',(14.11994,21.3262843,4.5));
#10790=VERTEX_POINT('',#10789);
#10791=CARTESIAN_POINT('',(13.9019238,21.,4.5));
#10792=VERTEX_POINT('',#10791);
#10793=CARTESIAN_POINT('',(13.7283614,20.6480503,4.5));
#10794=VERTEX_POINT('',#10793);
#10795=CARTESIAN_POINT('',(13.6022225,20.2764571,4.5));
#10796=VERTEX_POINT('',#10795);
#10797=CARTESIAN_POINT('',(13.5256654,19.8915786,4.5));
#10798=VERTEX_POINT('',#10797);
#10799=CARTESIAN_POINT('',(13.5,19.5,4.5));
#10800=VERTEX_POINT('',#10799);
#10801=CARTESIAN_POINT('',(13.5256654,19.1084214,4.5));
#10802=VERTEX_POINT('',#10801);
#10803=CARTESIAN_POINT('',(13.6022225,18.7235429,4.5));
#10804=VERTEX_POINT('',#10803);
#10805=CARTESIAN_POINT('',(13.7283614,18.3519497,4.5));
#10806=VERTEX_POINT('',#10805);
#10807=CARTESIAN_POINT('',(13.9019238,18.,4.5));
#10808=VERTEX_POINT('',#10807);
#10809=CARTESIAN_POINT('',(14.11994,17.6737157,4.5));
#10810=VERTEX_POINT('',#10809);
#10811=CARTESIAN_POINT('',(14.3786797,17.3786797,4.5));
#10812=VERTEX_POINT('',#10811);
#10813=CARTESIAN_POINT('',(14.6737157,17.11994,4.5));
#10814=VERTEX_POINT('',#10813);
#10815=CARTESIAN_POINT('',(15.,16.9019238,4.5));
#10816=VERTEX_POINT('',#10815);
#10817=CARTESIAN_POINT('',(15.3519497,16.7283614,4.5));
#10818=VERTEX_POINT('',#10817);
#10819=CARTESIAN_POINT('',(15.7235429,16.6022225,4.5));
#10820=VERTEX_POINT('',#10819);
#10821=CARTESIAN_POINT('',(16.1084214,16.5256654,4.5));
#10822=VERTEX_POINT('',#10821);
#10823=CARTESIAN_POINT('',(16.5,16.5,4.5));
#10824=VERTEX_POINT('',#10823);
#10825=CARTESIAN_POINT('',(16.8915786,16.5256654,4.5));
#10826=VERTEX_POINT('',#10825);
#10827=CARTESIAN_POINT('',(17.2764571,16.6022225,4.5));
#10828=VERTEX_POINT('',#10827);
#10829=CARTESIAN_POINT('',(17.6480503,16.7283614,4.5));
#10830=VERTEX_POINT('',#10829);
#10831=CARTESIAN_POINT('',(18.,16.9019238,4.5));
#10832=VERTEX_POINT('',#10831);
#10833=CARTESIAN_POINT('',(18.3262843,17.11994,4.5));
#10834=VERTEX_POINT('',#10833);
#10835=CARTESIAN_POINT('',(18.6213203,17.3786797,4.5));
#10836=VERTEX_POINT('',#10835);
#10837=CARTESIAN_POINT('',(18.88006,17.6737157,4.5));
#10838=VERTEX_POINT('',#10837);
#10839=CARTESIAN_POINT('',(19.0980762,18.,4.5));
#10840=VERTEX_POINT('',#10839);
#10841=CARTESIAN_POINT('',(19.2716386,18.3519497,4.5));
#10842=VERTEX_POINT('',#10841);
#10843=CARTESIAN_POINT('',(19.3977775,18.7235429,4.5));
#10844=VERTEX_POINT('',#10843);
#10845=CARTESIAN_POINT('',(19.4743346,19.1084214,4.5));
#10846=VERTEX_POINT('',#10845);
#10847=VECTOR('',#1571,1.);
#10848=LINE('',#10753,#10847);
#10849=EDGE_CURVE('',#10754,#10752,#10848,.T.);
#10850=ORIENTED_EDGE('',*,*,#10849,.F.);
#10851=VECTOR('',#386,1.);
#10852=LINE('',#10755,#10851);
#10853=EDGE_CURVE('',#10756,#10754,#10852,.T.);
#10854=ORIENTED_EDGE('',*,*,#10853,.F.);
#10855=VECTOR('',#6679,1.);
#10856=LINE('',#10757,#10855);
#10857=EDGE_CURVE('',#10758,#10756,#10856,.T.);
#10858=ORIENTED_EDGE('',*,*,#10857,.F.);
#10859=VECTOR('',#6684,1.);
#10860=LINE('',#10759,#10859);
#10861=EDGE_CURVE('',#10760,#10758,#10860,.T.);
#10862=ORIENTED_EDGE('',*,*,#10861,.F.);
#10863=VECTOR('',#6689,1.);
#10864=LINE('',#10761,#10863);
#10865=EDGE_CURVE('',#10762,#10760,#10864,.T.);
#10866=ORIENTED_EDGE('',*,*,#10865,.F.);
#10867=VECTOR('',#6694,1.);
#10868=LINE('',#10763,#10867);
#10869=EDGE_CURVE('',#10764,#10762,#10868,.T.);
#10870=ORIENTED_EDGE('',*,*,#10869,.F.);
#10871=VECTOR('',#6699,1.);
#10872=LINE('',#10765,#10871);
#10873=EDGE_CURVE('',#10766,#10764,#10872,.T.);
#10874=ORIENTED_EDGE('',*,*,#10873,.F.);
#10875=VECTOR('',#6704,1.);
#10876=LINE('',#10767,#10875);
#10877=EDGE_CURVE('',#10768,#10766,#10876,.T.);
#10878=ORIENTED_EDGE('',*,*,#10877,.F.);
#10879=VECTOR('',#6709,1.);
#10880=LINE('',#10769,#10879);
#10881=EDGE_CURVE('',#10770,#10768,#10880,.T.);
#10882=ORIENTED_EDGE('',*,*,#10881,.F.);
#10883=VECTOR('',#6714,1.);
#10884=LINE('',#10771,#10883);
#10885=EDGE_CURVE('',#10772,#10770,#10884,.T.);
#10886=ORIENTED_EDGE('',*,*,#10885,.F.);
#10887=VECTOR('',#341,1.);
#10888=LINE('',#10773,#10887);
#10889=EDGE_CURVE('',#10774,#10772,#10888,.T.);
#10890=ORIENTED_EDGE('',*,*,#10889,.F.);
#10891=VECTOR('',#1518,1.);
#10892=LINE('',#10775,#10891);
#10893=EDGE_CURVE('',#10776,#10774,#10892,.T.);
#10894=ORIENTED_EDGE('',*,*,#10893,.F.);
#10895=VECTOR('',#1513,1.);
#10896=LINE('',#10777,#10895);
#10897=EDGE_CURVE('',#10778,#10776,#10896,.T.);
#10898=ORIENTED_EDGE('',*,*,#10897,.F.);
#10899=VECTOR('',#326,1.);
#10900=LINE('',#10779,#10899);
#10901=EDGE_CURVE('',#10780,#10778,#10900,.T.);
#10902=ORIENTED_EDGE('',*,*,#10901,.F.);
#10903=VECTOR('',#6735,1.);
#10904=LINE('',#10781,#10903);
#10905=EDGE_CURVE('',#10782,#10780,#10904,.T.);
#10906=ORIENTED_EDGE('',*,*,#10905,.F.);
#10907=VECTOR('',#6740,1.);
#10908=LINE('',#10783,#10907);
#10909=EDGE_CURVE('',#10784,#10782,#10908,.T.);
#10910=ORIENTED_EDGE('',*,*,#10909,.F.);
#10911=VECTOR('',#6745,1.);
#10912=LINE('',#10785,#10911);
#10913=EDGE_CURVE('',#10786,#10784,#10912,.T.);
#10914=ORIENTED_EDGE('',*,*,#10913,.F.);
#10915=VECTOR('',#6750,1.);
#10916=LINE('',#10787,#10915);
#10917=EDGE_CURVE('',#10788,#10786,#10916,.T.);
#10918=ORIENTED_EDGE('',*,*,#10917,.F.);
#10919=VECTOR('',#6755,1.);
#10920=LINE('',#10789,#10919);
#10921=EDGE_CURVE('',#10790,#10788,#10920,.T.);
#10922=ORIENTED_EDGE('',*,*,#10921,.F.);
#10923=VECTOR('',#6760,1.);
#10924=LINE('',#10791,#10923);
#10925=EDGE_CURVE('',#10792,#10790,#10924,.T.);
#10926=ORIENTED_EDGE('',*,*,#10925,.F.);
#10927=VECTOR('',#6765,1.);
#10928=LINE('',#10793,#10927);
#10929=EDGE_CURVE('',#10794,#10792,#10928,.T.);
#10930=ORIENTED_EDGE('',*,*,#10929,.F.);
#10931=VECTOR('',#6770,1.);
#10932=LINE('',#10795,#10931);
#10933=EDGE_CURVE('',#10796,#10794,#10932,.T.);
#10934=ORIENTED_EDGE('',*,*,#10933,.F.);
#10935=VECTOR('',#281,1.);
#10936=LINE('',#10797,#10935);
#10937=EDGE_CURVE('',#10798,#10796,#10936,.T.);
#10938=ORIENTED_EDGE('',*,*,#10937,.F.);
#10939=VECTOR('',#1576,1.);
#10940=LINE('',#10799,#10939);
#10941=EDGE_CURVE('',#10800,#10798,#10940,.T.);
#10942=ORIENTED_EDGE('',*,*,#10941,.F.);
#10943=VECTOR('',#1571,1.);
#10944=LINE('',#10799,#10943);
#10945=EDGE_CURVE('',#10800,#10802,#10944,.T.);
#10946=ORIENTED_EDGE('',*,*,#10945,.T.);
#10947=VECTOR('',#386,1.);
#10948=LINE('',#10801,#10947);
#10949=EDGE_CURVE('',#10802,#10804,#10948,.T.);
#10950=ORIENTED_EDGE('',*,*,#10949,.T.);
#10951=VECTOR('',#6679,1.);
#10952=LINE('',#10803,#10951);
#10953=EDGE_CURVE('',#10804,#10806,#10952,.T.);
#10954=ORIENTED_EDGE('',*,*,#10953,.T.);
#10955=VECTOR('',#6684,1.);
#10956=LINE('',#10805,#10955);
#10957=EDGE_CURVE('',#10806,#10808,#10956,.T.);
#10958=ORIENTED_EDGE('',*,*,#10957,.T.);
#10959=VECTOR('',#6689,1.);
#10960=LINE('',#10807,#10959);
#10961=EDGE_CURVE('',#10808,#10810,#10960,.T.);
#10962=ORIENTED_EDGE('',*,*,#10961,.T.);
#10963=VECTOR('',#6694,1.);
#10964=LINE('',#10809,#10963);
#10965=EDGE_CURVE('',#10810,#10812,#10964,.T.);
#10966=ORIENTED_EDGE('',*,*,#10965,.T.);
#10967=VECTOR('',#6699,1.);
#10968=LINE('',#10811,#10967);
#10969=EDGE_CURVE('',#10812,#10814,#10968,.T.);
#10970=ORIENTED_EDGE('',*,*,#10969,.T.);
#10971=VECTOR('',#6704,1.);
#10972=LINE('',#10813,#10971);
#10973=EDGE_CURVE('',#10814,#10816,#10972,.T.);
#10974=ORIENTED_EDGE('',*,*,#10973,.T.);
#10975=VECTOR('',#6709,1.);
#10976=LINE('',#10815,#10975);
#10977=EDGE_CURVE('',#10816,#10818,#10976,.T.);
#10978=ORIENTED_EDGE('',*,*,#10977,.T.);
#10979=VECTOR('',#6714,1.);
#10980=LINE('',#10817,#10979);
#10981=EDGE_CURVE('',#10818,#10820,#10980,.T.);
#10982=ORIENTED_EDGE('',*,*,#10981,.T.);
#10983=VECTOR('',#341,1.);
#10984=LINE('',#10819,#10983);
#10985=EDGE_CURVE('',#10820,#10822,#10984,.T.);
#10986=ORIENTED_EDGE('',*,*,#10985,.T.);
#10987=VECTOR('',#1518,1.);
#10988=LINE('',#10821,#10987);
#10989=EDGE_CURVE('',#10822,#10824,#10988,.T.);
#10990=ORIENTED_EDGE('',*,*,#10989,.T.);
#10991=VECTOR('',#1513,1.);
#10992=LINE('',#10823,#10991);
#10993=EDGE_CURVE('',#10824,#10826,#10992,.T.);
#10994=ORIENTED_EDGE('',*,*,#10993,.T.);
#10995=VECTOR('',#326,1.);
#10996=LINE('',#10825,#10995);
#10997=EDGE_CURVE('',#10826,#10828,#10996,.T.);
#10998=ORIENTED_EDGE('',*,*,#10997,.T.);
#10999=VECTOR('',#6735,1.);
#11000=LINE('',#10827,#10999);
#11001=EDGE_CURVE('',#10828,#10830,#11000,.T.);
#11002=ORIENTED_EDGE('',*,*,#11001,.T.);
#11003=VECTOR('',#6740,1.);
#11004=LINE('',#10829,#11003);
#11005=EDGE_CURVE('',#10830,#10832,#11004,.T.);
#11006=ORIENTED_EDGE('',*,*,#11005,.T.);
#11007=VECTOR('',#6745,1.);
#11008=LINE('',#10831,#11007);
#11009=EDGE_CURVE('',#10832,#10834,#11008,.T.);
#11010=ORIENTED_EDGE('',*,*,#11009,.T.);
#11011=VECTOR('',#6750,1.);
#11012=LINE('',#10833,#11011);
#11013=EDGE_CURVE('',#10834,#10836,#11012,.T.);
#11014=ORIENTED_EDGE('',*,*,#11013,.T.);
#11015=VECTOR('',#6755,1.);
#11016=LINE('',#10835,#11015);
#11017=EDGE_CURVE('',#10836,#10838,#11016,.T.);
#11018=ORIENTED_EDGE('',*,*,#11017,.T.);
#11019=VECTOR('',#6760,1.);
#11020=LINE('',#10837,#11019);
#11021=EDGE_CURVE('',#10838,#10840,#11020,.T.);
#11022=ORIENTED_EDGE('',*,*,#11021,.T.);
#11023=VECTOR('',#6765,1.);
#11024=LINE('',#10839,#11023);
#11025=EDGE_CURVE('',#10840,#10842,#11024,.T.);
#11026=ORIENTED_EDGE('',*,*,#11025,.T.);
#11027=VECTOR('',#6770,1.);
#11028=LINE('',#10841,#11027);
#11029=EDGE_CURVE('',#10842,#10844,#11028,.T.);
#11030=ORIENTED_EDGE('',*,*,#11029,.T.);
#11031=VECTOR('',#281,1.);
#11032=LINE('',#10843,#11031);
#11033=EDGE_CURVE('',#10844,#10846,#11032,.T.);
#11034=ORIENTED_EDGE('',*,*,#11033,.T.);
#11035=VECTOR('',#1576,1.);
#11036=LINE('',#10845,#11035);
#11037=EDGE_CURVE('',#10846,#10752,#11036,.T.);
#11038=ORIENTED_EDGE('',*,*,#11037,.T.);
#11039=EDGE_LOOP('',(#10850,#10854,#10858,#10862,#10866,#10870,#10874,#10878,#10882,#10886,#10890,#10894,#10898,#10902,#10906,#10910,#10914,#10918,#10922,#10926,#10930,#10934,#10938,#10942,#10946,#10950,#10954,#10958,#10962,#10966,#10970,#10974,#10978,#10982,#10986,#10990,#10994,#10998,#11002,#11006,#11010,#11014,#11018,#11022,#11026,#11030,#11034,#11038));
#11040=FACE_OUTER_BOUND('',#11039,.T.);
#11041=ORIENTED_EDGE('',*,*,#2715,.F.);
#11042=ORIENTED_EDGE('',*,*,#2711,.F.);
#11043=ORIENTED_EDGE('',*,*,#2707,.F.);
#11044=ORIENTED_EDGE('',*,*,#2703,.F.);
#11045=ORIENTED_EDGE('',*,*,#2699,.F.);
#11046=ORIENTED_EDGE('',*,*,#2695,.F.);
#11047=ORIENTED_EDGE('',*,*,#2691,.F.);
#11048=ORIENTED_EDGE('',*,*,#2687,.F.);
#11049=ORIENTED_EDGE('',*,*,#2683,.F.);
#11050=ORIENTED_EDGE('',*,*,#2679,.F.);
#11051=ORIENTED_EDGE('',*,*,#2675,.F.);
#11052=ORIENTED_EDGE('',*,*,#2671,.F.);
#11053=ORIENTED_EDGE('',*,*,#2667,.F.);
#11054=ORIENTED_EDGE('',*,*,#2663,.F.);
#11055=ORIENTED_EDGE('',*,*,#2659,.F.);
#11056=ORIENTED_EDGE('',*,*,#2655,.F.);
#11057=ORIENTED_EDGE('',*,*,#2651,.F.);
#11058=ORIENTED_EDGE('',*,*,#2647,.F.);
#11059=ORIENTED_EDGE('',*,*,#2643,.F.);
#11060=ORIENTED_EDGE('',*,*,#2639,.F.);
#11061=ORIENTED_EDGE('',*,*,#2635,.F.);
#11062=ORIENTED_EDGE('',*,*,#2631,.F.);
#11063=ORIENTED_EDGE('',*,*,#2627,.F.);
#11064=ORIENTED_EDGE('',*,*,#2623,.T.);
#11065=ORIENTED_EDGE('',*,*,#2619,.T.);
#11066=ORIENTED_EDGE('',*,*,#2615,.T.);
#11067=ORIENTED_EDGE('',*,*,#2611,.T.);
#11068=ORIENTED_EDGE('',*,*,#2607,.T.);
#11069=ORIENTED_EDGE('',*,*,#2603,.T.);
#11070=ORIENTED_EDGE('',*,*,#2599,.T.);
#11071=ORIENTED_EDGE('',*,*,#2595,.T.);
#11072=ORIENTED_EDGE('',*,*,#2591,.T.);
#11073=ORIENTED_EDGE('',*,*,#2587,.T.);
#11074=ORIENTED_EDGE('',*,*,#2583,.T.);
#11075=ORIENTED_EDGE('',*,*,#2579,.T.);
#11076=ORIENTED_EDGE('',*,*,#2575,.T.);
#11077=ORIENTED_EDGE('',*,*,#2571,.T.);
#11078=ORIENTED_EDGE('',*,*,#2567,.T.);
#11079=ORIENTED_EDGE('',*,*,#2563,.T.);
#11080=ORIENTED_EDGE('',*,*,#2559,.T.);
#11081=ORIENTED_EDGE('',*,*,#2555,.T.);
#11082=ORIENTED_EDGE('',*,*,#2551,.T.);
#11083=ORIENTED_EDGE('',*,*,#2547,.T.);
#11084=ORIENTED_EDGE('',*,*,#2543,.T.);
#11085=ORIENTED_EDGE('',*,*,#2539,.T.);
#11086=ORIENTED_EDGE('',*,*,#2535,.T.);
#11087=ORIENTED_EDGE('',*,*,#2531,.T.);
#11088=ORIENTED_EDGE('',*,*,#2719,.F.);
#11089=EDGE_LOOP('',(#11041,#11042,#11043,#11044,#11045,#11046,#11047,#11048,#11049,#11050,#11051,#11052,#11053,#11054,#11055,#11056,#11057,#11058,#11059,#11060,#11061,#11062,#11063,#11064,#11065,#11066,#11067,#11068,#11069,#11070,#11071,#11072,#11073,#11074,#11075,#11076,#11077,#11078,#11079,#11080,#11081,#11082,#11083,#11084,#11085,#11086,#11087,#11088));
#11090=FACE_BOUND('',#11089,.T.);
#11091=AXIS2_PLACEMENT_3D('',#10751,#1679,#87);
#11092=PLANE('',#11091);
#11093=ADVANCED_FACE('',(#11040,#11090),#11092,.T.);
#11094=CARTESIAN_POINT('',(19.4743346,19.1084214,0.));
#11095=VERTEX_POINT('',#11094);
#11096=CARTESIAN_POINT('',(19.3977775,18.7235429,0.));
#11097=VERTEX_POINT('',#11096);
#11098=CARTESIAN_POINT('',(19.2716386,18.3519497,0.));
#11099=VERTEX_POINT('',#11098);
#11100=CARTESIAN_POINT('',(19.0980762,18.,0.));
#11101=VERTEX_POINT('',#11100);
#11102=CARTESIAN_POINT('',(18.88006,17.6737157,0.));
#11103=VERTEX_POINT('',#11102);
#11104=CARTESIAN_POINT('',(18.6213203,17.3786797,0.));
#11105=VERTEX_POINT('',#11104);
#11106=CARTESIAN_POINT('',(18.3262843,17.11994,0.));
#11107=VERTEX_POINT('',#11106);
#11108=CARTESIAN_POINT('',(18.,16.9019238,0.));
#11109=VERTEX_POINT('',#11108);
#11110=CARTESIAN_POINT('',(17.6480503,16.7283614,0.));
#11111=VERTEX_POINT('',#11110);
#11112=CARTESIAN_POINT('',(17.2764571,16.6022225,0.));
#11113=VERTEX_POINT('',#11112);
#11114=CARTESIAN_POINT('',(16.8915786,16.5256654,0.));
#11115=VERTEX_POINT('',#11114);
#11116=CARTESIAN_POINT('',(16.5,16.5,0.));
#11117=VERTEX_POINT('',#11116);
#11118=CARTESIAN_POINT('',(16.1084214,16.5256654,0.));
#11119=VERTEX_POINT('',#11118);
#11120=CARTESIAN_POINT('',(15.7235429,16.6022225,0.));
#11121=VERTEX_POINT('',#11120);
#11122=CARTESIAN_POINT('',(15.3519497,16.7283614,0.));
#11123=VERTEX_POINT('',#11122);
#11124=CARTESIAN_POINT('',(15.,16.9019238,0.));
#11125=VERTEX_POINT('',#11124);
#11126=CARTESIAN_POINT('',(14.6737157,17.11994,0.));
#11127=VERTEX_POINT('',#11126);
#11128=CARTESIAN_POINT('',(14.3786797,17.3786797,0.));
#11129=VERTEX_POINT('',#11128);
#11130=CARTESIAN_POINT('',(14.11994,17.6737157,0.));
#11131=VERTEX_POINT('',#11130);
#11132=CARTESIAN_POINT('',(13.9019238,18.,0.));
#11133=VERTEX_POINT('',#11132);
#11134=CARTESIAN_POINT('',(13.7283614,18.3519497,0.));
#11135=VERTEX_POINT('',#11134);
#11136=CARTESIAN_POINT('',(13.6022225,18.7235429,0.));
#11137=VERTEX_POINT('',#11136);
#11138=CARTESIAN_POINT('',(13.5256654,19.1084214,0.));
#11139=VERTEX_POINT('',#11138);
#11140=CARTESIAN_POINT('',(13.5,19.5,0.));
#11141=VERTEX_POINT('',#11140);
#11142=CARTESIAN_POINT('',(13.5256654,19.8915786,0.));
#11143=VERTEX_POINT('',#11142);
#11144=CARTESIAN_POINT('',(13.6022225,20.2764571,0.));
#11145=VERTEX_POINT('',#11144);
#11146=CARTESIAN_POINT('',(13.7283614,20.6480503,0.));
#11147=VERTEX_POINT('',#11146);
#11148=CARTESIAN_POINT('',(13.9019238,21.,0.));
#11149=VERTEX_POINT('',#11148);
#11150=CARTESIAN_POINT('',(14.11994,21.3262843,0.));
#11151=VERTEX_POINT('',#11150);
#11152=CARTESIAN_POINT('',(14.3786797,21.6213203,0.));
#11153=VERTEX_POINT('',#11152);
#11154=CARTESIAN_POINT('',(14.6737157,21.88006,0.));
#11155=VERTEX_POINT('',#11154);
#11156=CARTESIAN_POINT('',(15.,22.0980762,0.));
#11157=VERTEX_POINT('',#11156);
#11158=CARTESIAN_POINT('',(15.3519497,22.2716386,0.));
#11159=VERTEX_POINT('',#11158);
#11160=CARTESIAN_POINT('',(15.7235429,22.3977775,0.));
#11161=VERTEX_POINT('',#11160);
#11162=CARTESIAN_POINT('',(16.1084214,22.4743346,0.));
#11163=VERTEX_POINT('',#11162);
#11164=CARTESIAN_POINT('',(16.5,22.5,0.));
#11165=VERTEX_POINT('',#11164);
#11166=CARTESIAN_POINT('',(16.8915786,22.4743346,0.));
#11167=VERTEX_POINT('',#11166);
#11168=CARTESIAN_POINT('',(17.2764571,22.3977775,0.));
#11169=VERTEX_POINT('',#11168);
#11170=CARTESIAN_POINT('',(17.6480503,22.2716386,0.));
#11171=VERTEX_POINT('',#11170);
#11172=CARTESIAN_POINT('',(18.,22.0980762,0.));
#11173=VERTEX_POINT('',#11172);
#11174=CARTESIAN_POINT('',(18.3262843,21.88006,0.));
#11175=VERTEX_POINT('',#11174);
#11176=CARTESIAN_POINT('',(18.6213203,21.6213203,0.));
#11177=VERTEX_POINT('',#11176);
#11178=CARTESIAN_POINT('',(18.88006,21.3262843,0.));
#11179=VERTEX_POINT('',#11178);
#11180=CARTESIAN_POINT('',(19.0980762,21.,0.));
#11181=VERTEX_POINT('',#11180);
#11182=CARTESIAN_POINT('',(19.2716386,20.6480503,0.));
#11183=VERTEX_POINT('',#11182);
#11184=CARTESIAN_POINT('',(19.3977775,20.2764571,0.));
#11185=VERTEX_POINT('',#11184);
#11186=CARTESIAN_POINT('',(19.4743346,19.8915786,0.));
#11187=VERTEX_POINT('',#11186);
#11188=CARTESIAN_POINT('',(19.5,19.5,0.));
#11189=VERTEX_POINT('',#11188);
#11190=VECTOR('',#281,1.);
#11191=LINE('',#11096,#11190);
#11192=EDGE_CURVE('',#11097,#11095,#11191,.T.);
#11193=ORIENTED_EDGE('',*,*,#11192,.F.);
#11194=VECTOR('',#6770,1.);
#11195=LINE('',#11098,#11194);
#11196=EDGE_CURVE('',#11099,#11097,#11195,.T.);
#11197=ORIENTED_EDGE('',*,*,#11196,.F.);
#11198=VECTOR('',#6765,1.);
#11199=LINE('',#11100,#11198);
#11200=EDGE_CURVE('',#11101,#11099,#11199,.T.);
#11201=ORIENTED_EDGE('',*,*,#11200,.F.);
#11202=VECTOR('',#6760,1.);
#11203=LINE('',#11102,#11202);
#11204=EDGE_CURVE('',#11103,#11101,#11203,.T.);
#11205=ORIENTED_EDGE('',*,*,#11204,.F.);
#11206=VECTOR('',#6755,1.);
#11207=LINE('',#11104,#11206);
#11208=EDGE_CURVE('',#11105,#11103,#11207,.T.);
#11209=ORIENTED_EDGE('',*,*,#11208,.F.);
#11210=VECTOR('',#6750,1.);
#11211=LINE('',#11106,#11210);
#11212=EDGE_CURVE('',#11107,#11105,#11211,.T.);
#11213=ORIENTED_EDGE('',*,*,#11212,.F.);
#11214=VECTOR('',#6745,1.);
#11215=LINE('',#11108,#11214);
#11216=EDGE_CURVE('',#11109,#11107,#11215,.T.);
#11217=ORIENTED_EDGE('',*,*,#11216,.F.);
#11218=VECTOR('',#6740,1.);
#11219=LINE('',#11110,#11218);
#11220=EDGE_CURVE('',#11111,#11109,#11219,.T.);
#11221=ORIENTED_EDGE('',*,*,#11220,.F.);
#11222=VECTOR('',#6735,1.);
#11223=LINE('',#11112,#11222);
#11224=EDGE_CURVE('',#11113,#11111,#11223,.T.);
#11225=ORIENTED_EDGE('',*,*,#11224,.F.);
#11226=VECTOR('',#326,1.);
#11227=LINE('',#11114,#11226);
#11228=EDGE_CURVE('',#11115,#11113,#11227,.T.);
#11229=ORIENTED_EDGE('',*,*,#11228,.F.);
#11230=VECTOR('',#1513,1.);
#11231=LINE('',#11116,#11230);
#11232=EDGE_CURVE('',#11117,#11115,#11231,.T.);
#11233=ORIENTED_EDGE('',*,*,#11232,.F.);
#11234=VECTOR('',#1518,1.);
#11235=LINE('',#11118,#11234);
#11236=EDGE_CURVE('',#11119,#11117,#11235,.T.);
#11237=ORIENTED_EDGE('',*,*,#11236,.F.);
#11238=VECTOR('',#341,1.);
#11239=LINE('',#11120,#11238);
#11240=EDGE_CURVE('',#11121,#11119,#11239,.T.);
#11241=ORIENTED_EDGE('',*,*,#11240,.F.);
#11242=VECTOR('',#6714,1.);
#11243=LINE('',#11122,#11242);
#11244=EDGE_CURVE('',#11123,#11121,#11243,.T.);
#11245=ORIENTED_EDGE('',*,*,#11244,.F.);
#11246=VECTOR('',#6709,1.);
#11247=LINE('',#11124,#11246);
#11248=EDGE_CURVE('',#11125,#11123,#11247,.T.);
#11249=ORIENTED_EDGE('',*,*,#11248,.F.);
#11250=VECTOR('',#6704,1.);
#11251=LINE('',#11126,#11250);
#11252=EDGE_CURVE('',#11127,#11125,#11251,.T.);
#11253=ORIENTED_EDGE('',*,*,#11252,.F.);
#11254=VECTOR('',#6699,1.);
#11255=LINE('',#11128,#11254);
#11256=EDGE_CURVE('',#11129,#11127,#11255,.T.);
#11257=ORIENTED_EDGE('',*,*,#11256,.F.);
#11258=VECTOR('',#6694,1.);
#11259=LINE('',#11130,#11258);
#11260=EDGE_CURVE('',#11131,#11129,#11259,.T.);
#11261=ORIENTED_EDGE('',*,*,#11260,.F.);
#11262=VECTOR('',#6689,1.);
#11263=LINE('',#11132,#11262);
#11264=EDGE_CURVE('',#11133,#11131,#11263,.T.);
#11265=ORIENTED_EDGE('',*,*,#11264,.F.);
#11266=VECTOR('',#6684,1.);
#11267=LINE('',#11134,#11266);
#11268=EDGE_CURVE('',#11135,#11133,#11267,.T.);
#11269=ORIENTED_EDGE('',*,*,#11268,.F.);
#11270=VECTOR('',#6679,1.);
#11271=LINE('',#11136,#11270);
#11272=EDGE_CURVE('',#11137,#11135,#11271,.T.);
#11273=ORIENTED_EDGE('',*,*,#11272,.F.);
#11274=VECTOR('',#386,1.);
#11275=LINE('',#11138,#11274);
#11276=EDGE_CURVE('',#11139,#11137,#11275,.T.);
#11277=ORIENTED_EDGE('',*,*,#11276,.F.);
#11278=VECTOR('',#1571,1.);
#11279=LINE('',#11140,#11278);
#11280=EDGE_CURVE('',#11141,#11139,#11279,.T.);
#11281=ORIENTED_EDGE('',*,*,#11280,.F.);
#11282=VECTOR('',#1576,1.);
#11283=LINE('',#11140,#11282);
#11284=EDGE_CURVE('',#11141,#11143,#11283,.T.);
#11285=ORIENTED_EDGE('',*,*,#11284,.T.);
#11286=VECTOR('',#281,1.);
#11287=LINE('',#11142,#11286);
#11288=EDGE_CURVE('',#11143,#11145,#11287,.T.);
#11289=ORIENTED_EDGE('',*,*,#11288,.T.);
#11290=VECTOR('',#6770,1.);
#11291=LINE('',#11144,#11290);
#11292=EDGE_CURVE('',#11145,#11147,#11291,.T.);
#11293=ORIENTED_EDGE('',*,*,#11292,.T.);
#11294=VECTOR('',#6765,1.);
#11295=LINE('',#11146,#11294);
#11296=EDGE_CURVE('',#11147,#11149,#11295,.T.);
#11297=ORIENTED_EDGE('',*,*,#11296,.T.);
#11298=VECTOR('',#6760,1.);
#11299=LINE('',#11148,#11298);
#11300=EDGE_CURVE('',#11149,#11151,#11299,.T.);
#11301=ORIENTED_EDGE('',*,*,#11300,.T.);
#11302=VECTOR('',#6755,1.);
#11303=LINE('',#11150,#11302);
#11304=EDGE_CURVE('',#11151,#11153,#11303,.T.);
#11305=ORIENTED_EDGE('',*,*,#11304,.T.);
#11306=VECTOR('',#6750,1.);
#11307=LINE('',#11152,#11306);
#11308=EDGE_CURVE('',#11153,#11155,#11307,.T.);
#11309=ORIENTED_EDGE('',*,*,#11308,.T.);
#11310=VECTOR('',#6745,1.);
#11311=LINE('',#11154,#11310);
#11312=EDGE_CURVE('',#11155,#11157,#11311,.T.);
#11313=ORIENTED_EDGE('',*,*,#11312,.T.);
#11314=VECTOR('',#6740,1.);
#11315=LINE('',#11156,#11314);
#11316=EDGE_CURVE('',#11157,#11159,#11315,.T.);
#11317=ORIENTED_EDGE('',*,*,#11316,.T.);
#11318=VECTOR('',#6735,1.);
#11319=LINE('',#11158,#11318);
#11320=EDGE_CURVE('',#11159,#11161,#11319,.T.);
#11321=ORIENTED_EDGE('',*,*,#11320,.T.);
#11322=VECTOR('',#326,1.);
#11323=LINE('',#11160,#11322);
#11324=EDGE_CURVE('',#11161,#11163,#11323,.T.);
#11325=ORIENTED_EDGE('',*,*,#11324,.T.);
#11326=VECTOR('',#1513,1.);
#11327=LINE('',#11162,#11326);
#11328=EDGE_CURVE('',#11163,#11165,#11327,.T.);
#11329=ORIENTED_EDGE('',*,*,#11328,.T.);
#11330=VECTOR('',#1518,1.);
#11331=LINE('',#11164,#11330);
#11332=EDGE_CURVE('',#11165,#11167,#11331,.T.);
#11333=ORIENTED_EDGE('',*,*,#11332,.T.);
#11334=VECTOR('',#341,1.);
#11335=LINE('',#11166,#11334);
#11336=EDGE_CURVE('',#11167,#11169,#11335,.T.);
#11337=ORIENTED_EDGE('',*,*,#11336,.T.);
#11338=VECTOR('',#6714,1.);
#11339=LINE('',#11168,#11338);
#11340=EDGE_CURVE('',#11169,#11171,#11339,.T.);
#11341=ORIENTED_EDGE('',*,*,#11340,.T.);
#11342=VECTOR('',#6709,1.);
#11343=LINE('',#11170,#11342);
#11344=EDGE_CURVE('',#11171,#11173,#11343,.T.);
#11345=ORIENTED_EDGE('',*,*,#11344,.T.);
#11346=VECTOR('',#6704,1.);
#11347=LINE('',#11172,#11346);
#11348=EDGE_CURVE('',#11173,#11175,#11347,.T.);
#11349=ORIENTED_EDGE('',*,*,#11348,.T.);
#11350=VECTOR('',#6699,1.);
#11351=LINE('',#11174,#11350);
#11352=EDGE_CURVE('',#11175,#11177,#11351,.T.);
#11353=ORIENTED_EDGE('',*,*,#11352,.T.);
#11354=VECTOR('',#6694,1.);
#11355=LINE('',#11176,#11354);
#11356=EDGE_CURVE('',#11177,#11179,#11355,.T.);
#11357=ORIENTED_EDGE('',*,*,#11356,.T.);
#11358=VECTOR('',#6689,1.);
#11359=LINE('',#11178,#11358);
#11360=EDGE_CURVE('',#11179,#11181,#11359,.T.);
#11361=ORIENTED_EDGE('',*,*,#11360,.T.);
#11362=VECTOR('',#6684,1.);
#11363=LINE('',#11180,#11362);
#11364=EDGE_CURVE('',#11181,#11183,#11363,.T.);
#11365=ORIENTED_EDGE('',*,*,#11364,.T.);
#11366=VECTOR('',#6679,1.);
#11367=LINE('',#11182,#11366);
#11368=EDGE_CURVE('',#11183,#11185,#11367,.T.);
#11369=ORIENTED_EDGE('',*,*,#11368,.T.);
#11370=VECTOR('',#386,1.);
#11371=LINE('',#11184,#11370);
#11372=EDGE_CURVE('',#11185,#11187,#11371,.T.);
#11373=ORIENTED_EDGE('',*,*,#11372,.T.);
#11374=VECTOR('',#1571,1.);
#11375=LINE('',#11186,#11374);
#11376=EDGE_CURVE('',#11187,#11189,#11375,.T.);
#11377=ORIENTED_EDGE('',*,*,#11376,.T.);
#11378=VECTOR('',#1576,1.);
#11379=LINE('',#11094,#11378);
#11380=EDGE_CURVE('',#11095,#11189,#11379,.T.);
#11381=ORIENTED_EDGE('',*,*,#11380,.F.);
#11382=EDGE_LOOP('',(#11193,#11197,#11201,#11205,#11209,#11213,#11217,#11221,#11225,#11229,#11233,#11237,#11241,#11245,#11249,#11253,#11257,#11261,#11265,#11269,#11273,#11277,#11281,#11285,#11289,#11293,#11297,#11301,#11305,#11309,#11313,#11317,#11321,#11325,#11329,#11333,#11337,#11341,#11345,#11349,#11353,#11357,#11361,#11365,#11369,#11373,#11377,#11381));
#11383=FACE_OUTER_BOUND('',#11382,.T.);
#11384=CARTESIAN_POINT('',(17.7,19.5,0.));
#11385=VERTEX_POINT('',#11384);
#11386=CARTESIAN_POINT('',(17.6897338,19.6566314,0.));
#11387=VERTEX_POINT('',#11386);
#11388=CARTESIAN_POINT('',(17.659111,19.8105829,0.));
#11389=VERTEX_POINT('',#11388);
#11390=CARTESIAN_POINT('',(17.6086554,19.9592201,0.));
#11391=VERTEX_POINT('',#11390);
#11392=CARTESIAN_POINT('',(17.5392305,20.1,0.));
#11393=VERTEX_POINT('',#11392);
#11394=CARTESIAN_POINT('',(17.452024,20.2305137,0.));
#11395=VERTEX_POINT('',#11394);
#11396=CARTESIAN_POINT('',(17.3485281,20.3485281,0.));
#11397=VERTEX_POINT('',#11396);
#11398=CARTESIAN_POINT('',(17.2305137,20.452024,0.));
#11399=VERTEX_POINT('',#11398);
#11400=CARTESIAN_POINT('',(17.1,20.5392305,0.));
#11401=VERTEX_POINT('',#11400);
#11402=CARTESIAN_POINT('',(16.9592201,20.6086554,0.));
#11403=VERTEX_POINT('',#11402);
#11404=CARTESIAN_POINT('',(16.8105829,20.659111,0.));
#11405=VERTEX_POINT('',#11404);
#11406=CARTESIAN_POINT('',(16.6566314,20.6897338,0.));
#11407=VERTEX_POINT('',#11406);
#11408=CARTESIAN_POINT('',(16.5,20.7,0.));
#11409=VERTEX_POINT('',#11408);
#11410=CARTESIAN_POINT('',(16.3433686,20.6897338,0.));
#11411=VERTEX_POINT('',#11410);
#11412=CARTESIAN_POINT('',(16.1894171,20.659111,0.));
#11413=VERTEX_POINT('',#11412);
#11414=CARTESIAN_POINT('',(16.0407799,20.6086554,0.));
#11415=VERTEX_POINT('',#11414);
#11416=CARTESIAN_POINT('',(15.9,20.5392305,0.));
#11417=VERTEX_POINT('',#11416);
#11418=CARTESIAN_POINT('',(15.7694863,20.452024,0.));
#11419=VERTEX_POINT('',#11418);
#11420=CARTESIAN_POINT('',(15.6514719,20.3485281,0.));
#11421=VERTEX_POINT('',#11420);
#11422=CARTESIAN_POINT('',(15.547976,20.2305137,0.));
#11423=VERTEX_POINT('',#11422);
#11424=CARTESIAN_POINT('',(15.4607695,20.1,0.));
#11425=VERTEX_POINT('',#11424);
#11426=CARTESIAN_POINT('',(15.3913446,19.9592201,0.));
#11427=VERTEX_POINT('',#11426);
#11428=CARTESIAN_POINT('',(15.340889,19.8105829,0.));
#11429=VERTEX_POINT('',#11428);
#11430=CARTESIAN_POINT('',(15.3102662,19.6566314,0.));
#11431=VERTEX_POINT('',#11430);
#11432=CARTESIAN_POINT('',(15.3,19.5,0.));
#11433=VERTEX_POINT('',#11432);
#11434=CARTESIAN_POINT('',(15.3102662,19.3433686,0.));
#11435=VERTEX_POINT('',#11434);
#11436=CARTESIAN_POINT('',(15.340889,19.1894171,0.));
#11437=VERTEX_POINT('',#11436);
#11438=CARTESIAN_POINT('',(15.3913446,19.0407799,0.));
#11439=VERTEX_POINT('',#11438);
#11440=CARTESIAN_POINT('',(15.4607695,18.9,0.));
#11441=VERTEX_POINT('',#11440);
#11442=CARTESIAN_POINT('',(15.547976,18.7694863,0.));
#11443=VERTEX_POINT('',#11442);
#11444=CARTESIAN_POINT('',(15.6514719,18.6514719,0.));
#11445=VERTEX_POINT('',#11444);
#11446=CARTESIAN_POINT('',(15.7694863,18.547976,0.));
#11447=VERTEX_POINT('',#11446);
#11448=CARTESIAN_POINT('',(15.9,18.4607695,0.));
#11449=VERTEX_POINT('',#11448);
#11450=CARTESIAN_POINT('',(16.0407799,18.3913446,0.));
#11451=VERTEX_POINT('',#11450);
#11452=CARTESIAN_POINT('',(16.1894171,18.340889,0.));
#11453=VERTEX_POINT('',#11452);
#11454=CARTESIAN_POINT('',(16.3433686,18.3102662,0.));
#11455=VERTEX_POINT('',#11454);
#11456=CARTESIAN_POINT('',(16.5,18.3,0.));
#11457=VERTEX_POINT('',#11456);
#11458=CARTESIAN_POINT('',(16.6566314,18.3102662,0.));
#11459=VERTEX_POINT('',#11458);
#11460=CARTESIAN_POINT('',(16.8105829,18.340889,0.));
#11461=VERTEX_POINT('',#11460);
#11462=CARTESIAN_POINT('',(16.9592201,18.3913446,0.));
#11463=VERTEX_POINT('',#11462);
#11464=CARTESIAN_POINT('',(17.1,18.4607695,0.));
#11465=VERTEX_POINT('',#11464);
#11466=CARTESIAN_POINT('',(17.2305137,18.547976,0.));
#11467=VERTEX_POINT('',#11466);
#11468=CARTESIAN_POINT('',(17.3485281,18.6514719,0.));
#11469=VERTEX_POINT('',#11468);
#11470=CARTESIAN_POINT('',(17.452024,18.7694863,0.));
#11471=VERTEX_POINT('',#11470);
#11472=CARTESIAN_POINT('',(17.5392305,18.9,0.));
#11473=VERTEX_POINT('',#11472);
#11474=CARTESIAN_POINT('',(17.6086554,19.0407799,0.));
#11475=VERTEX_POINT('',#11474);
#11476=CARTESIAN_POINT('',(17.659111,19.1894171,0.));
#11477=VERTEX_POINT('',#11476);
#11478=CARTESIAN_POINT('',(17.6897338,19.3433686,0.));
#11479=VERTEX_POINT('',#11478);
#11480=VECTOR('',#391,1.);
#11481=LINE('',#11386,#11480);
#11482=EDGE_CURVE('',#11387,#11385,#11481,.T.);
#11483=ORIENTED_EDGE('',*,*,#11482,.F.);
#11484=VECTOR('',#386,1.);
#11485=LINE('',#11388,#11484);
#11486=EDGE_CURVE('',#11389,#11387,#11485,.T.);
#11487=ORIENTED_EDGE('',*,*,#11486,.F.);
#11488=VECTOR('',#381,1.);
#11489=LINE('',#11390,#11488);
#11490=EDGE_CURVE('',#11391,#11389,#11489,.T.);
#11491=ORIENTED_EDGE('',*,*,#11490,.F.);
#11492=VECTOR('',#376,1.);
#11493=LINE('',#11392,#11492);
#11494=EDGE_CURVE('',#11393,#11391,#11493,.T.);
#11495=ORIENTED_EDGE('',*,*,#11494,.F.);
#11496=VECTOR('',#371,1.);
#11497=LINE('',#11394,#11496);
#11498=EDGE_CURVE('',#11395,#11393,#11497,.T.);
#11499=ORIENTED_EDGE('',*,*,#11498,.F.);
#11500=VECTOR('',#366,1.);
#11501=LINE('',#11396,#11500);
#11502=EDGE_CURVE('',#11397,#11395,#11501,.T.);
#11503=ORIENTED_EDGE('',*,*,#11502,.F.);
#11504=VECTOR('',#361,1.);
#11505=LINE('',#11398,#11504);
#11506=EDGE_CURVE('',#11399,#11397,#11505,.T.);
#11507=ORIENTED_EDGE('',*,*,#11506,.F.);
#11508=VECTOR('',#356,1.);
#11509=LINE('',#11400,#11508);
#11510=EDGE_CURVE('',#11401,#11399,#11509,.T.);
#11511=ORIENTED_EDGE('',*,*,#11510,.F.);
#11512=VECTOR('',#351,1.);
#11513=LINE('',#11402,#11512);
#11514=EDGE_CURVE('',#11403,#11401,#11513,.T.);
#11515=ORIENTED_EDGE('',*,*,#11514,.F.);
#11516=VECTOR('',#346,1.);
#11517=LINE('',#11404,#11516);
#11518=EDGE_CURVE('',#11405,#11403,#11517,.T.);
#11519=ORIENTED_EDGE('',*,*,#11518,.F.);
#11520=VECTOR('',#341,1.);
#11521=LINE('',#11406,#11520);
#11522=EDGE_CURVE('',#11407,#11405,#11521,.T.);
#11523=ORIENTED_EDGE('',*,*,#11522,.F.);
#11524=VECTOR('',#336,1.);
#11525=LINE('',#11408,#11524);
#11526=EDGE_CURVE('',#11409,#11407,#11525,.T.);
#11527=ORIENTED_EDGE('',*,*,#11526,.F.);
#11528=VECTOR('',#331,1.);
#11529=LINE('',#11410,#11528);
#11530=EDGE_CURVE('',#11411,#11409,#11529,.T.);
#11531=ORIENTED_EDGE('',*,*,#11530,.F.);
#11532=VECTOR('',#326,1.);
#11533=LINE('',#11412,#11532);
#11534=EDGE_CURVE('',#11413,#11411,#11533,.T.);
#11535=ORIENTED_EDGE('',*,*,#11534,.F.);
#11536=VECTOR('',#321,1.);
#11537=LINE('',#11414,#11536);
#11538=EDGE_CURVE('',#11415,#11413,#11537,.T.);
#11539=ORIENTED_EDGE('',*,*,#11538,.F.);
#11540=VECTOR('',#316,1.);
#11541=LINE('',#11416,#11540);
#11542=EDGE_CURVE('',#11417,#11415,#11541,.T.);
#11543=ORIENTED_EDGE('',*,*,#11542,.F.);
#11544=VECTOR('',#311,1.);
#11545=LINE('',#11418,#11544);
#11546=EDGE_CURVE('',#11419,#11417,#11545,.T.);
#11547=ORIENTED_EDGE('',*,*,#11546,.F.);
#11548=VECTOR('',#306,1.);
#11549=LINE('',#11420,#11548);
#11550=EDGE_CURVE('',#11421,#11419,#11549,.T.);
#11551=ORIENTED_EDGE('',*,*,#11550,.F.);
#11552=VECTOR('',#301,1.);
#11553=LINE('',#11422,#11552);
#11554=EDGE_CURVE('',#11423,#11421,#11553,.T.);
#11555=ORIENTED_EDGE('',*,*,#11554,.F.);
#11556=VECTOR('',#296,1.);
#11557=LINE('',#11424,#11556);
#11558=EDGE_CURVE('',#11425,#11423,#11557,.T.);
#11559=ORIENTED_EDGE('',*,*,#11558,.F.);
#11560=VECTOR('',#291,1.);
#11561=LINE('',#11426,#11560);
#11562=EDGE_CURVE('',#11427,#11425,#11561,.T.);
#11563=ORIENTED_EDGE('',*,*,#11562,.F.);
#11564=VECTOR('',#286,1.);
#11565=LINE('',#11428,#11564);
#11566=EDGE_CURVE('',#11429,#11427,#11565,.T.);
#11567=ORIENTED_EDGE('',*,*,#11566,.F.);
#11568=VECTOR('',#281,1.);
#11569=LINE('',#11430,#11568);
#11570=EDGE_CURVE('',#11431,#11429,#11569,.T.);
#11571=ORIENTED_EDGE('',*,*,#11570,.F.);
#11572=VECTOR('',#396,1.);
#11573=LINE('',#11432,#11572);
#11574=EDGE_CURVE('',#11433,#11431,#11573,.T.);
#11575=ORIENTED_EDGE('',*,*,#11574,.F.);
#11576=VECTOR('',#391,1.);
#11577=LINE('',#11432,#11576);
#11578=EDGE_CURVE('',#11433,#11435,#11577,.T.);
#11579=ORIENTED_EDGE('',*,*,#11578,.T.);
#11580=VECTOR('',#386,1.);
#11581=LINE('',#11434,#11580);
#11582=EDGE_CURVE('',#11435,#11437,#11581,.T.);
#11583=ORIENTED_EDGE('',*,*,#11582,.T.);
#11584=VECTOR('',#381,1.);
#11585=LINE('',#11436,#11584);
#11586=EDGE_CURVE('',#11437,#11439,#11585,.T.);
#11587=ORIENTED_EDGE('',*,*,#11586,.T.);
#11588=VECTOR('',#376,1.);
#11589=LINE('',#11438,#11588);
#11590=EDGE_CURVE('',#11439,#11441,#11589,.T.);
#11591=ORIENTED_EDGE('',*,*,#11590,.T.);
#11592=VECTOR('',#371,1.);
#11593=LINE('',#11440,#11592);
#11594=EDGE_CURVE('',#11441,#11443,#11593,.T.);
#11595=ORIENTED_EDGE('',*,*,#11594,.T.);
#11596=VECTOR('',#366,1.);
#11597=LINE('',#11442,#11596);
#11598=EDGE_CURVE('',#11443,#11445,#11597,.T.);
#11599=ORIENTED_EDGE('',*,*,#11598,.T.);
#11600=VECTOR('',#361,1.);
#11601=LINE('',#11444,#11600);
#11602=EDGE_CURVE('',#11445,#11447,#11601,.T.);
#11603=ORIENTED_EDGE('',*,*,#11602,.T.);
#11604=VECTOR('',#356,1.);
#11605=LINE('',#11446,#11604);
#11606=EDGE_CURVE('',#11447,#11449,#11605,.T.);
#11607=ORIENTED_EDGE('',*,*,#11606,.T.);
#11608=VECTOR('',#351,1.);
#11609=LINE('',#11448,#11608);
#11610=EDGE_CURVE('',#11449,#11451,#11609,.T.);
#11611=ORIENTED_EDGE('',*,*,#11610,.T.);
#11612=VECTOR('',#346,1.);
#11613=LINE('',#11450,#11612);
#11614=EDGE_CURVE('',#11451,#11453,#11613,.T.);
#11615=ORIENTED_EDGE('',*,*,#11614,.T.);
#11616=VECTOR('',#341,1.);
#11617=LINE('',#11452,#11616);
#11618=EDGE_CURVE('',#11453,#11455,#11617,.T.);
#11619=ORIENTED_EDGE('',*,*,#11618,.T.);
#11620=VECTOR('',#336,1.);
#11621=LINE('',#11454,#11620);
#11622=EDGE_CURVE('',#11455,#11457,#11621,.T.);
#11623=ORIENTED_EDGE('',*,*,#11622,.T.);
#11624=VECTOR('',#331,1.);
#11625=LINE('',#11456,#11624);
#11626=EDGE_CURVE('',#11457,#11459,#11625,.T.);
#11627=ORIENTED_EDGE('',*,*,#11626,.T.);
#11628=VECTOR('',#326,1.);
#11629=LINE('',#11458,#11628);
#11630=EDGE_CURVE('',#11459,#11461,#11629,.T.);
#11631=ORIENTED_EDGE('',*,*,#11630,.T.);
#11632=VECTOR('',#321,1.);
#11633=LINE('',#11460,#11632);
#11634=EDGE_CURVE('',#11461,#11463,#11633,.T.);
#11635=ORIENTED_EDGE('',*,*,#11634,.T.);
#11636=VECTOR('',#316,1.);
#11637=LINE('',#11462,#11636);
#11638=EDGE_CURVE('',#11463,#11465,#11637,.T.);
#11639=ORIENTED_EDGE('',*,*,#11638,.T.);
#11640=VECTOR('',#311,1.);
#11641=LINE('',#11464,#11640);
#11642=EDGE_CURVE('',#11465,#11467,#11641,.T.);
#11643=ORIENTED_EDGE('',*,*,#11642,.T.);
#11644=VECTOR('',#306,1.);
#11645=LINE('',#11466,#11644);
#11646=EDGE_CURVE('',#11467,#11469,#11645,.T.);
#11647=ORIENTED_EDGE('',*,*,#11646,.T.);
#11648=VECTOR('',#301,1.);
#11649=LINE('',#11468,#11648);
#11650=EDGE_CURVE('',#11469,#11471,#11649,.T.);
#11651=ORIENTED_EDGE('',*,*,#11650,.T.);
#11652=VECTOR('',#296,1.);
#11653=LINE('',#11470,#11652);
#11654=EDGE_CURVE('',#11471,#11473,#11653,.T.);
#11655=ORIENTED_EDGE('',*,*,#11654,.T.);
#11656=VECTOR('',#291,1.);
#11657=LINE('',#11472,#11656);
#11658=EDGE_CURVE('',#11473,#11475,#11657,.T.);
#11659=ORIENTED_EDGE('',*,*,#11658,.T.);
#11660=VECTOR('',#286,1.);
#11661=LINE('',#11474,#11660);
#11662=EDGE_CURVE('',#11475,#11477,#11661,.T.);
#11663=ORIENTED_EDGE('',*,*,#11662,.T.);
#11664=VECTOR('',#281,1.);
#11665=LINE('',#11476,#11664);
#11666=EDGE_CURVE('',#11477,#11479,#11665,.T.);
#11667=ORIENTED_EDGE('',*,*,#11666,.T.);
#11668=VECTOR('',#396,1.);
#11669=LINE('',#11478,#11668);
#11670=EDGE_CURVE('',#11479,#11385,#11669,.T.);
#11671=ORIENTED_EDGE('',*,*,#11670,.T.);
#11672=EDGE_LOOP('',(#11483,#11487,#11491,#11495,#11499,#11503,#11507,#11511,#11515,#11519,#11523,#11527,#11531,#11535,#11539,#11543,#11547,#11551,#11555,#11559,#11563,#11567,#11571,#11575,#11579,#11583,#11587,#11591,#11595,#11599,#11603,#11607,#11611,#11615,#11619,#11623,#11627,#11631,#11635,#11639,#11643,#11647,#11651,#11655,#11659,#11663,#11667,#11671));
#11673=FACE_BOUND('',#11672,.T.);
#11674=AXIS2_PLACEMENT_3D('',#11094,#3303,#3304);
#11675=PLANE('',#11674);
#11676=ADVANCED_FACE('',(#11383,#11673),#11675,.T.);
#11677=ORIENTED_EDGE('',*,*,#11376,.F.);
#11678=VECTOR('',#1679,1.);
#11679=LINE('',#11186,#11678);
#11680=EDGE_CURVE('',#11187,#10754,#11679,.T.);
#11681=ORIENTED_EDGE('',*,*,#11680,.T.);
#11682=ORIENTED_EDGE('',*,*,#10849,.T.);
#11683=VECTOR('',#1679,1.);
#11684=LINE('',#11188,#11683);
#11685=EDGE_CURVE('',#11189,#10752,#11684,.T.);
#11686=ORIENTED_EDGE('',*,*,#11685,.F.);
#11687=EDGE_LOOP('',(#11677,#11681,#11682,#11686));
#11688=FACE_OUTER_BOUND('',#11687,.T.);
#11689=AXIS2_PLACEMENT_3D('',#11188,#1513,#1571);
#11690=PLANE('',#11689);
#11691=ADVANCED_FACE('',(#11688),#11690,.T.);
#11692=ORIENTED_EDGE('',*,*,#11372,.F.);
#11693=VECTOR('',#1679,1.);
#11694=LINE('',#11184,#11693);
#11695=EDGE_CURVE('',#11185,#10756,#11694,.T.);
#11696=ORIENTED_EDGE('',*,*,#11695,.T.);
#11697=ORIENTED_EDGE('',*,*,#10853,.T.);
#11698=ORIENTED_EDGE('',*,*,#11680,.F.);
#11699=EDGE_LOOP('',(#11692,#11696,#11697,#11698));
#11700=FACE_OUTER_BOUND('',#11699,.T.);
#11701=AXIS2_PLACEMENT_3D('',#11186,#326,#386);
#11702=PLANE('',#11701);
#11703=ADVANCED_FACE('',(#11700),#11702,.T.);
#11704=ORIENTED_EDGE('',*,*,#11368,.F.);
#11705=VECTOR('',#1679,1.);
#11706=LINE('',#11182,#11705);
#11707=EDGE_CURVE('',#11183,#10758,#11706,.T.);
#11708=ORIENTED_EDGE('',*,*,#11707,.T.);
#11709=ORIENTED_EDGE('',*,*,#10857,.T.);
#11710=ORIENTED_EDGE('',*,*,#11695,.F.);
#11711=EDGE_LOOP('',(#11704,#11708,#11709,#11710));
#11712=FACE_OUTER_BOUND('',#11711,.T.);
#11713=AXIS2_PLACEMENT_3D('',#11184,#3783,#3931);
#11714=PLANE('',#11713);
#11715=ADVANCED_FACE('',(#11712),#11714,.T.);
#11716=ORIENTED_EDGE('',*,*,#11364,.F.);
#11717=VECTOR('',#1679,1.);
#11718=LINE('',#11180,#11717);
#11719=EDGE_CURVE('',#11181,#10760,#11718,.T.);
#11720=ORIENTED_EDGE('',*,*,#11719,.T.);
#11721=ORIENTED_EDGE('',*,*,#10861,.T.);
#11722=ORIENTED_EDGE('',*,*,#11707,.F.);
#11723=EDGE_LOOP('',(#11716,#11720,#11721,#11722));
#11724=FACE_OUTER_BOUND('',#11723,.T.);
#11725=AXIS2_PLACEMENT_3D('',#11182,#1499,#1557);
#11726=PLANE('',#11725);
#11727=ADVANCED_FACE('',(#11724),#11726,.T.);
#11728=ORIENTED_EDGE('',*,*,#11360,.F.);
#11729=VECTOR('',#1679,1.);
#11730=LINE('',#11178,#11729);
#11731=EDGE_CURVE('',#11179,#10762,#11730,.T.);
#11732=ORIENTED_EDGE('',*,*,#11731,.T.);
#11733=ORIENTED_EDGE('',*,*,#10865,.T.);
#11734=ORIENTED_EDGE('',*,*,#11719,.F.);
#11735=EDGE_LOOP('',(#11728,#11732,#11733,#11734));
#11736=FACE_OUTER_BOUND('',#11735,.T.);
#11737=AXIS2_PLACEMENT_3D('',#11180,#1494,#1552);
#11738=PLANE('',#11737);
#11739=ADVANCED_FACE('',(#11736),#11738,.T.);
#11740=ORIENTED_EDGE('',*,*,#11356,.F.);
#11741=VECTOR('',#1679,1.);
#11742=LINE('',#11176,#11741);
#11743=EDGE_CURVE('',#11177,#10764,#11742,.T.);
#11744=ORIENTED_EDGE('',*,*,#11743,.T.);
#11745=ORIENTED_EDGE('',*,*,#10869,.T.);
#11746=ORIENTED_EDGE('',*,*,#11731,.F.);
#11747=EDGE_LOOP('',(#11740,#11744,#11745,#11746));
#11748=FACE_OUTER_BOUND('',#11747,.T.);
#11749=AXIS2_PLACEMENT_3D('',#11178,#1489,#1547);
#11750=PLANE('',#11749);
#11751=ADVANCED_FACE('',(#11748),#11750,.T.);
#11752=ORIENTED_EDGE('',*,*,#11352,.F.);
#11753=VECTOR('',#1679,1.);
#11754=LINE('',#11174,#11753);
#11755=EDGE_CURVE('',#11175,#10766,#11754,.T.);
#11756=ORIENTED_EDGE('',*,*,#11755,.T.);
#11757=ORIENTED_EDGE('',*,*,#10873,.T.);
#11758=ORIENTED_EDGE('',*,*,#11743,.F.);
#11759=EDGE_LOOP('',(#11752,#11756,#11757,#11758));
#11760=FACE_OUTER_BOUND('',#11759,.T.);
#11761=AXIS2_PLACEMENT_3D('',#11176,#1484,#1542);
#11762=PLANE('',#11761);
#11763=ADVANCED_FACE('',(#11760),#11762,.T.);
#11764=ORIENTED_EDGE('',*,*,#11348,.F.);
#11765=VECTOR('',#1679,1.);
#11766=LINE('',#11172,#11765);
#11767=EDGE_CURVE('',#11173,#10768,#11766,.T.);
#11768=ORIENTED_EDGE('',*,*,#11767,.T.);
#11769=ORIENTED_EDGE('',*,*,#10877,.T.);
#11770=ORIENTED_EDGE('',*,*,#11755,.F.);
#11771=EDGE_LOOP('',(#11764,#11768,#11769,#11770));
#11772=FACE_OUTER_BOUND('',#11771,.T.);
#11773=AXIS2_PLACEMENT_3D('',#11174,#1479,#1537);
#11774=PLANE('',#11773);
#11775=ADVANCED_FACE('',(#11772),#11774,.T.);
#11776=ORIENTED_EDGE('',*,*,#11344,.F.);
#11777=VECTOR('',#1679,1.);
#11778=LINE('',#11170,#11777);
#11779=EDGE_CURVE('',#11171,#10770,#11778,.T.);
#11780=ORIENTED_EDGE('',*,*,#11779,.T.);
#11781=ORIENTED_EDGE('',*,*,#10881,.T.);
#11782=ORIENTED_EDGE('',*,*,#11767,.F.);
#11783=EDGE_LOOP('',(#11776,#11780,#11781,#11782));
#11784=FACE_OUTER_BOUND('',#11783,.T.);
#11785=AXIS2_PLACEMENT_3D('',#11172,#1474,#1532);
#11786=PLANE('',#11785);
#11787=ADVANCED_FACE('',(#11784),#11786,.T.);
#11788=ORIENTED_EDGE('',*,*,#11340,.F.);
#11789=VECTOR('',#1679,1.);
#11790=LINE('',#11168,#11789);
#11791=EDGE_CURVE('',#11169,#10772,#11790,.T.);
#11792=ORIENTED_EDGE('',*,*,#11791,.T.);
#11793=ORIENTED_EDGE('',*,*,#10885,.T.);
#11794=ORIENTED_EDGE('',*,*,#11779,.F.);
#11795=EDGE_LOOP('',(#11788,#11792,#11793,#11794));
#11796=FACE_OUTER_BOUND('',#11795,.T.);
#11797=AXIS2_PLACEMENT_3D('',#11170,#3691,#3846);
#11798=PLANE('',#11797);
#11799=ADVANCED_FACE('',(#11796),#11798,.T.);
#11800=ORIENTED_EDGE('',*,*,#11336,.F.);
#11801=VECTOR('',#1679,1.);
#11802=LINE('',#11166,#11801);
#11803=EDGE_CURVE('',#11167,#10774,#11802,.T.);
#11804=ORIENTED_EDGE('',*,*,#11803,.T.);
#11805=ORIENTED_EDGE('',*,*,#10889,.T.);
#11806=ORIENTED_EDGE('',*,*,#11791,.F.);
#11807=EDGE_LOOP('',(#11800,#11804,#11805,#11806));
#11808=FACE_OUTER_BOUND('',#11807,.T.);
#11809=AXIS2_PLACEMENT_3D('',#11168,#281,#341);
#11810=PLANE('',#11809);
#11811=ADVANCED_FACE('',(#11808),#11810,.T.);
#11812=ORIENTED_EDGE('',*,*,#11332,.F.);
#11813=VECTOR('',#1679,1.);
#11814=LINE('',#11164,#11813);
#11815=EDGE_CURVE('',#11165,#10776,#11814,.T.);
#11816=ORIENTED_EDGE('',*,*,#11815,.T.);
#11817=ORIENTED_EDGE('',*,*,#10893,.T.);
#11818=ORIENTED_EDGE('',*,*,#11803,.F.);
#11819=EDGE_LOOP('',(#11812,#11816,#11817,#11818));
#11820=FACE_OUTER_BOUND('',#11819,.T.);
#11821=AXIS2_PLACEMENT_3D('',#11166,#1576,#1518);
#11822=PLANE('',#11821);
#11823=ADVANCED_FACE('',(#11820),#11822,.T.);
#11824=ORIENTED_EDGE('',*,*,#11328,.F.);
#11825=VECTOR('',#1679,1.);
#11826=LINE('',#11162,#11825);
#11827=EDGE_CURVE('',#11163,#10778,#11826,.T.);
#11828=ORIENTED_EDGE('',*,*,#11827,.T.);
#11829=ORIENTED_EDGE('',*,*,#10897,.T.);
#11830=ORIENTED_EDGE('',*,*,#11815,.F.);
#11831=EDGE_LOOP('',(#11824,#11828,#11829,#11830));
#11832=FACE_OUTER_BOUND('',#11831,.T.);
#11833=AXIS2_PLACEMENT_3D('',#11164,#3809,#1513);
#11834=PLANE('',#11833);
#11835=ADVANCED_FACE('',(#11832),#11834,.T.);
#11836=ORIENTED_EDGE('',*,*,#11324,.F.);
#11837=VECTOR('',#1679,1.);
#11838=LINE('',#11160,#11837);
#11839=EDGE_CURVE('',#11161,#10780,#11838,.T.);
#11840=ORIENTED_EDGE('',*,*,#11839,.T.);
#11841=ORIENTED_EDGE('',*,*,#10901,.T.);
#11842=ORIENTED_EDGE('',*,*,#11827,.F.);
#11843=EDGE_LOOP('',(#11836,#11840,#11841,#11842));
#11844=FACE_OUTER_BOUND('',#11843,.T.);
#11845=AXIS2_PLACEMENT_3D('',#11162,#3796,#326);
#11846=PLANE('',#11845);
#11847=ADVANCED_FACE('',(#11844),#11846,.T.);
#11848=ORIENTED_EDGE('',*,*,#11320,.F.);
#11849=VECTOR('',#1679,1.);
#11850=LINE('',#11158,#11849);
#11851=EDGE_CURVE('',#11159,#10782,#11850,.T.);
#11852=ORIENTED_EDGE('',*,*,#11851,.T.);
#11853=ORIENTED_EDGE('',*,*,#10905,.T.);
#11854=ORIENTED_EDGE('',*,*,#11839,.F.);
#11855=EDGE_LOOP('',(#11848,#11852,#11853,#11854));
#11856=FACE_OUTER_BOUND('',#11855,.T.);
#11857=AXIS2_PLACEMENT_3D('',#11160,#3782,#3783);
#11858=PLANE('',#11857);
#11859=ADVANCED_FACE('',(#11856),#11858,.T.);
#11860=ORIENTED_EDGE('',*,*,#11316,.F.);
#11861=VECTOR('',#1679,1.);
#11862=LINE('',#11156,#11861);
#11863=EDGE_CURVE('',#11157,#10784,#11862,.T.);
#11864=ORIENTED_EDGE('',*,*,#11863,.T.);
#11865=ORIENTED_EDGE('',*,*,#10909,.T.);
#11866=ORIENTED_EDGE('',*,*,#11851,.F.);
#11867=EDGE_LOOP('',(#11860,#11864,#11865,#11866));
#11868=FACE_OUTER_BOUND('',#11867,.T.);
#11869=AXIS2_PLACEMENT_3D('',#11158,#3769,#1499);
#11870=PLANE('',#11869);
#11871=ADVANCED_FACE('',(#11868),#11870,.T.);
#11872=ORIENTED_EDGE('',*,*,#11312,.F.);
#11873=VECTOR('',#1679,1.);
#11874=LINE('',#11154,#11873);
#11875=EDGE_CURVE('',#11155,#10786,#11874,.T.);
#11876=ORIENTED_EDGE('',*,*,#11875,.T.);
#11877=ORIENTED_EDGE('',*,*,#10913,.T.);
#11878=ORIENTED_EDGE('',*,*,#11863,.F.);
#11879=EDGE_LOOP('',(#11872,#11876,#11877,#11878));
#11880=FACE_OUTER_BOUND('',#11879,.T.);
#11881=AXIS2_PLACEMENT_3D('',#11156,#3756,#1494);
#11882=PLANE('',#11881);
#11883=ADVANCED_FACE('',(#11880),#11882,.T.);
#11884=ORIENTED_EDGE('',*,*,#11308,.F.);
#11885=VECTOR('',#1679,1.);
#11886=LINE('',#11152,#11885);
#11887=EDGE_CURVE('',#11153,#10788,#11886,.T.);
#11888=ORIENTED_EDGE('',*,*,#11887,.T.);
#11889=ORIENTED_EDGE('',*,*,#10917,.T.);
#11890=ORIENTED_EDGE('',*,*,#11875,.F.);
#11891=EDGE_LOOP('',(#11884,#11888,#11889,#11890));
#11892=FACE_OUTER_BOUND('',#11891,.T.);
#11893=AXIS2_PLACEMENT_3D('',#11154,#3743,#1489);
#11894=PLANE('',#11893);
#11895=ADVANCED_FACE('',(#11892),#11894,.T.);
#11896=ORIENTED_EDGE('',*,*,#11304,.F.);
#11897=VECTOR('',#1679,1.);
#11898=LINE('',#11150,#11897);
#11899=EDGE_CURVE('',#11151,#10790,#11898,.T.);
#11900=ORIENTED_EDGE('',*,*,#11899,.T.);
#11901=ORIENTED_EDGE('',*,*,#10921,.T.);
#11902=ORIENTED_EDGE('',*,*,#11887,.F.);
#11903=EDGE_LOOP('',(#11896,#11900,#11901,#11902));
#11904=FACE_OUTER_BOUND('',#11903,.T.);
#11905=AXIS2_PLACEMENT_3D('',#11152,#3730,#1484);
#11906=PLANE('',#11905);
#11907=ADVANCED_FACE('',(#11904),#11906,.T.);
#11908=ORIENTED_EDGE('',*,*,#11300,.F.);
#11909=VECTOR('',#1679,1.);
#11910=LINE('',#11148,#11909);
#11911=EDGE_CURVE('',#11149,#10792,#11910,.T.);
#11912=ORIENTED_EDGE('',*,*,#11911,.T.);
#11913=ORIENTED_EDGE('',*,*,#10925,.T.);
#11914=ORIENTED_EDGE('',*,*,#11899,.F.);
#11915=EDGE_LOOP('',(#11908,#11912,#11913,#11914));
#11916=FACE_OUTER_BOUND('',#11915,.T.);
#11917=AXIS2_PLACEMENT_3D('',#11150,#3717,#1479);
#11918=PLANE('',#11917);
#11919=ADVANCED_FACE('',(#11916),#11918,.T.);
#11920=ORIENTED_EDGE('',*,*,#11296,.F.);
#11921=VECTOR('',#1679,1.);
#11922=LINE('',#11146,#11921);
#11923=EDGE_CURVE('',#11147,#10794,#11922,.T.);
#11924=ORIENTED_EDGE('',*,*,#11923,.T.);
#11925=ORIENTED_EDGE('',*,*,#10929,.T.);
#11926=ORIENTED_EDGE('',*,*,#11911,.F.);
#11927=EDGE_LOOP('',(#11920,#11924,#11925,#11926));
#11928=FACE_OUTER_BOUND('',#11927,.T.);
#11929=AXIS2_PLACEMENT_3D('',#11148,#3704,#1474);
#11930=PLANE('',#11929);
#11931=ADVANCED_FACE('',(#11928),#11930,.T.);
#11932=ORIENTED_EDGE('',*,*,#11292,.F.);
#11933=VECTOR('',#1679,1.);
#11934=LINE('',#11144,#11933);
#11935=EDGE_CURVE('',#11145,#10796,#11934,.T.);
#11936=ORIENTED_EDGE('',*,*,#11935,.T.);
#11937=ORIENTED_EDGE('',*,*,#10933,.T.);
#11938=ORIENTED_EDGE('',*,*,#11923,.F.);
#11939=EDGE_LOOP('',(#11932,#11936,#11937,#11938));
#11940=FACE_OUTER_BOUND('',#11939,.T.);
#11941=AXIS2_PLACEMENT_3D('',#11146,#3690,#3691);
#11942=PLANE('',#11941);
#11943=ADVANCED_FACE('',(#11940),#11942,.T.);
#11944=ORIENTED_EDGE('',*,*,#11288,.F.);
#11945=VECTOR('',#1679,1.);
#11946=LINE('',#11142,#11945);
#11947=EDGE_CURVE('',#11143,#10798,#11946,.T.);
#11948=ORIENTED_EDGE('',*,*,#11947,.T.);
#11949=ORIENTED_EDGE('',*,*,#10937,.T.);
#11950=ORIENTED_EDGE('',*,*,#11935,.F.);
#11951=EDGE_LOOP('',(#11944,#11948,#11949,#11950));
#11952=FACE_OUTER_BOUND('',#11951,.T.);
#11953=AXIS2_PLACEMENT_3D('',#11144,#3677,#281);
#11954=PLANE('',#11953);
#11955=ADVANCED_FACE('',(#11952),#11954,.T.);
#11956=ORIENTED_EDGE('',*,*,#11284,.F.);
#11957=VECTOR('',#1679,1.);
#11958=LINE('',#11140,#11957);
#11959=EDGE_CURVE('',#11141,#10800,#11958,.T.);
#11960=ORIENTED_EDGE('',*,*,#11959,.T.);
#11961=ORIENTED_EDGE('',*,*,#10941,.T.);
#11962=ORIENTED_EDGE('',*,*,#11947,.F.);
#11963=EDGE_LOOP('',(#11956,#11960,#11961,#11962));
#11964=FACE_OUTER_BOUND('',#11963,.T.);
#11965=AXIS2_PLACEMENT_3D('',#11142,#4124,#1576);
#11966=PLANE('',#11965);
#11967=ADVANCED_FACE('',(#11964),#11966,.T.);
#11968=ORIENTED_EDGE('',*,*,#11280,.T.);
#11969=VECTOR('',#1679,1.);
#11970=LINE('',#11138,#11969);
#11971=EDGE_CURVE('',#11139,#10802,#11970,.T.);
#11972=ORIENTED_EDGE('',*,*,#11971,.T.);
#11973=ORIENTED_EDGE('',*,*,#10945,.F.);
#11974=ORIENTED_EDGE('',*,*,#11959,.F.);
#11975=EDGE_LOOP('',(#11968,#11972,#11973,#11974));
#11976=FACE_OUTER_BOUND('',#11975,.T.);
#11977=AXIS2_PLACEMENT_3D('',#11140,#4111,#3809);
#11978=PLANE('',#11977);
#11979=ADVANCED_FACE('',(#11976),#11978,.T.);
#11980=ORIENTED_EDGE('',*,*,#11276,.T.);
#11981=VECTOR('',#1679,1.);
#11982=LINE('',#11136,#11981);
#11983=EDGE_CURVE('',#11137,#10804,#11982,.T.);
#11984=ORIENTED_EDGE('',*,*,#11983,.T.);
#11985=ORIENTED_EDGE('',*,*,#10949,.F.);
#11986=ORIENTED_EDGE('',*,*,#11971,.F.);
#11987=EDGE_LOOP('',(#11980,#11984,#11985,#11986));
#11988=FACE_OUTER_BOUND('',#11987,.T.);
#11989=AXIS2_PLACEMENT_3D('',#11138,#4098,#3796);
#11990=PLANE('',#11989);
#11991=ADVANCED_FACE('',(#11988),#11990,.T.);
#11992=ORIENTED_EDGE('',*,*,#11272,.T.);
#11993=VECTOR('',#1679,1.);
#11994=LINE('',#11134,#11993);
#11995=EDGE_CURVE('',#11135,#10806,#11994,.T.);
#11996=ORIENTED_EDGE('',*,*,#11995,.T.);
#11997=ORIENTED_EDGE('',*,*,#10953,.F.);
#11998=ORIENTED_EDGE('',*,*,#11983,.F.);
#11999=EDGE_LOOP('',(#11992,#11996,#11997,#11998));
#12000=FACE_OUTER_BOUND('',#11999,.T.);
#12001=AXIS2_PLACEMENT_3D('',#11136,#4085,#3782);
#12002=PLANE('',#12001);
#12003=ADVANCED_FACE('',(#12000),#12002,.T.);
#12004=ORIENTED_EDGE('',*,*,#11268,.T.);
#12005=VECTOR('',#1679,1.);
#12006=LINE('',#11132,#12005);
#12007=EDGE_CURVE('',#11133,#10808,#12006,.T.);
#12008=ORIENTED_EDGE('',*,*,#12007,.T.);
#12009=ORIENTED_EDGE('',*,*,#10957,.F.);
#12010=ORIENTED_EDGE('',*,*,#11995,.F.);
#12011=EDGE_LOOP('',(#12004,#12008,#12009,#12010));
#12012=FACE_OUTER_BOUND('',#12011,.T.);
#12013=AXIS2_PLACEMENT_3D('',#11134,#4072,#3769);
#12014=PLANE('',#12013);
#12015=ADVANCED_FACE('',(#12012),#12014,.T.);
#12016=ORIENTED_EDGE('',*,*,#11264,.T.);
#12017=VECTOR('',#1679,1.);
#12018=LINE('',#11130,#12017);
#12019=EDGE_CURVE('',#11131,#10810,#12018,.T.);
#12020=ORIENTED_EDGE('',*,*,#12019,.T.);
#12021=ORIENTED_EDGE('',*,*,#10961,.F.);
#12022=ORIENTED_EDGE('',*,*,#12007,.F.);
#12023=EDGE_LOOP('',(#12016,#12020,#12021,#12022));
#12024=FACE_OUTER_BOUND('',#12023,.T.);
#12025=AXIS2_PLACEMENT_3D('',#11132,#4059,#3756);
#12026=PLANE('',#12025);
#12027=ADVANCED_FACE('',(#12024),#12026,.T.);
#12028=ORIENTED_EDGE('',*,*,#11260,.T.);
#12029=VECTOR('',#1679,1.);
#12030=LINE('',#11128,#12029);
#12031=EDGE_CURVE('',#11129,#10812,#12030,.T.);
#12032=ORIENTED_EDGE('',*,*,#12031,.T.);
#12033=ORIENTED_EDGE('',*,*,#10965,.F.);
#12034=ORIENTED_EDGE('',*,*,#12019,.F.);
#12035=EDGE_LOOP('',(#12028,#12032,#12033,#12034));
#12036=FACE_OUTER_BOUND('',#12035,.T.);
#12037=AXIS2_PLACEMENT_3D('',#11130,#4046,#3743);
#12038=PLANE('',#12037);
#12039=ADVANCED_FACE('',(#12036),#12038,.T.);
#12040=ORIENTED_EDGE('',*,*,#11256,.T.);
#12041=VECTOR('',#1679,1.);
#12042=LINE('',#11126,#12041);
#12043=EDGE_CURVE('',#11127,#10814,#12042,.T.);
#12044=ORIENTED_EDGE('',*,*,#12043,.T.);
#12045=ORIENTED_EDGE('',*,*,#10969,.F.);
#12046=ORIENTED_EDGE('',*,*,#12031,.F.);
#12047=EDGE_LOOP('',(#12040,#12044,#12045,#12046));
#12048=FACE_OUTER_BOUND('',#12047,.T.);
#12049=AXIS2_PLACEMENT_3D('',#11128,#4033,#3730);
#12050=PLANE('',#12049);
#12051=ADVANCED_FACE('',(#12048),#12050,.T.);
#12052=ORIENTED_EDGE('',*,*,#11252,.T.);
#12053=VECTOR('',#1679,1.);
#12054=LINE('',#11124,#12053);
#12055=EDGE_CURVE('',#11125,#10816,#12054,.T.);
#12056=ORIENTED_EDGE('',*,*,#12055,.T.);
#12057=ORIENTED_EDGE('',*,*,#10973,.F.);
#12058=ORIENTED_EDGE('',*,*,#12043,.F.);
#12059=EDGE_LOOP('',(#12052,#12056,#12057,#12058));
#12060=FACE_OUTER_BOUND('',#12059,.T.);
#12061=AXIS2_PLACEMENT_3D('',#11126,#4020,#3717);
#12062=PLANE('',#12061);
#12063=ADVANCED_FACE('',(#12060),#12062,.T.);
#12064=ORIENTED_EDGE('',*,*,#11248,.T.);
#12065=VECTOR('',#1679,1.);
#12066=LINE('',#11122,#12065);
#12067=EDGE_CURVE('',#11123,#10818,#12066,.T.);
#12068=ORIENTED_EDGE('',*,*,#12067,.T.);
#12069=ORIENTED_EDGE('',*,*,#10977,.F.);
#12070=ORIENTED_EDGE('',*,*,#12055,.F.);
#12071=EDGE_LOOP('',(#12064,#12068,#12069,#12070));
#12072=FACE_OUTER_BOUND('',#12071,.T.);
#12073=AXIS2_PLACEMENT_3D('',#11124,#4007,#3704);
#12074=PLANE('',#12073);
#12075=ADVANCED_FACE('',(#12072),#12074,.T.);
#12076=ORIENTED_EDGE('',*,*,#11244,.T.);
#12077=VECTOR('',#1679,1.);
#12078=LINE('',#11120,#12077);
#12079=EDGE_CURVE('',#11121,#10820,#12078,.T.);
#12080=ORIENTED_EDGE('',*,*,#12079,.T.);
#12081=ORIENTED_EDGE('',*,*,#10981,.F.);
#12082=ORIENTED_EDGE('',*,*,#12067,.F.);
#12083=EDGE_LOOP('',(#12076,#12080,#12081,#12082));
#12084=FACE_OUTER_BOUND('',#12083,.T.);
#12085=AXIS2_PLACEMENT_3D('',#11122,#3994,#3690);
#12086=PLANE('',#12085);
#12087=ADVANCED_FACE('',(#12084),#12086,.T.);
#12088=ORIENTED_EDGE('',*,*,#11240,.T.);
#12089=VECTOR('',#1679,1.);
#12090=LINE('',#11118,#12089);
#12091=EDGE_CURVE('',#11119,#10822,#12090,.T.);
#12092=ORIENTED_EDGE('',*,*,#12091,.T.);
#12093=ORIENTED_EDGE('',*,*,#10985,.F.);
#12094=ORIENTED_EDGE('',*,*,#12079,.F.);
#12095=EDGE_LOOP('',(#12088,#12092,#12093,#12094));
#12096=FACE_OUTER_BOUND('',#12095,.T.);
#12097=AXIS2_PLACEMENT_3D('',#11120,#3981,#3677);
#12098=PLANE('',#12097);
#12099=ADVANCED_FACE('',(#12096),#12098,.T.);
#12100=ORIENTED_EDGE('',*,*,#11236,.T.);
#12101=VECTOR('',#1679,1.);
#12102=LINE('',#11116,#12101);
#12103=EDGE_CURVE('',#11117,#10824,#12102,.T.);
#12104=ORIENTED_EDGE('',*,*,#12103,.T.);
#12105=ORIENTED_EDGE('',*,*,#10989,.F.);
#12106=ORIENTED_EDGE('',*,*,#12091,.F.);
#12107=EDGE_LOOP('',(#12100,#12104,#12105,#12106));
#12108=FACE_OUTER_BOUND('',#12107,.T.);
#12109=AXIS2_PLACEMENT_3D('',#11118,#3968,#4124);
#12110=PLANE('',#12109);
#12111=ADVANCED_FACE('',(#12108),#12110,.T.);
#12112=ORIENTED_EDGE('',*,*,#11232,.T.);
#12113=VECTOR('',#1679,1.);
#12114=LINE('',#11114,#12113);
#12115=EDGE_CURVE('',#11115,#10826,#12114,.T.);
#12116=ORIENTED_EDGE('',*,*,#12115,.T.);
#12117=ORIENTED_EDGE('',*,*,#10993,.F.);
#12118=ORIENTED_EDGE('',*,*,#12103,.F.);
#12119=EDGE_LOOP('',(#12112,#12116,#12117,#12118));
#12120=FACE_OUTER_BOUND('',#12119,.T.);
#12121=AXIS2_PLACEMENT_3D('',#11116,#1571,#4111);
#12122=PLANE('',#12121);
#12123=ADVANCED_FACE('',(#12120),#12122,.T.);
#12124=ORIENTED_EDGE('',*,*,#11228,.T.);
#12125=VECTOR('',#1679,1.);
#12126=LINE('',#11112,#12125);
#12127=EDGE_CURVE('',#11113,#10828,#12126,.T.);
#12128=ORIENTED_EDGE('',*,*,#12127,.T.);
#12129=ORIENTED_EDGE('',*,*,#10997,.F.);
#12130=ORIENTED_EDGE('',*,*,#12115,.F.);
#12131=EDGE_LOOP('',(#12124,#12128,#12129,#12130));
#12132=FACE_OUTER_BOUND('',#12131,.T.);
#12133=AXIS2_PLACEMENT_3D('',#11114,#386,#4098);
#12134=PLANE('',#12133);
#12135=ADVANCED_FACE('',(#12132),#12134,.T.);
#12136=ORIENTED_EDGE('',*,*,#11224,.T.);
#12137=VECTOR('',#1679,1.);
#12138=LINE('',#11110,#12137);
#12139=EDGE_CURVE('',#11111,#10830,#12138,.T.);
#12140=ORIENTED_EDGE('',*,*,#12139,.T.);
#12141=ORIENTED_EDGE('',*,*,#11001,.F.);
#12142=ORIENTED_EDGE('',*,*,#12127,.F.);
#12143=EDGE_LOOP('',(#12136,#12140,#12141,#12142));
#12144=FACE_OUTER_BOUND('',#12143,.T.);
#12145=AXIS2_PLACEMENT_3D('',#11112,#3931,#4085);
#12146=PLANE('',#12145);
#12147=ADVANCED_FACE('',(#12144),#12146,.T.);
#12148=ORIENTED_EDGE('',*,*,#11220,.T.);
#12149=VECTOR('',#1679,1.);
#12150=LINE('',#11108,#12149);
#12151=EDGE_CURVE('',#11109,#10832,#12150,.T.);
#12152=ORIENTED_EDGE('',*,*,#12151,.T.);
#12153=ORIENTED_EDGE('',*,*,#11005,.F.);
#12154=ORIENTED_EDGE('',*,*,#12139,.F.);
#12155=EDGE_LOOP('',(#12148,#12152,#12153,#12154));
#12156=FACE_OUTER_BOUND('',#12155,.T.);
#12157=AXIS2_PLACEMENT_3D('',#11110,#1557,#4072);
#12158=PLANE('',#12157);
#12159=ADVANCED_FACE('',(#12156),#12158,.T.);
#12160=ORIENTED_EDGE('',*,*,#11216,.T.);
#12161=VECTOR('',#1679,1.);
#12162=LINE('',#11106,#12161);
#12163=EDGE_CURVE('',#11107,#10834,#12162,.T.);
#12164=ORIENTED_EDGE('',*,*,#12163,.T.);
#12165=ORIENTED_EDGE('',*,*,#11009,.F.);
#12166=ORIENTED_EDGE('',*,*,#12151,.F.);
#12167=EDGE_LOOP('',(#12160,#12164,#12165,#12166));
#12168=FACE_OUTER_BOUND('',#12167,.T.);
#12169=AXIS2_PLACEMENT_3D('',#11108,#1552,#4059);
#12170=PLANE('',#12169);
#12171=ADVANCED_FACE('',(#12168),#12170,.T.);
#12172=ORIENTED_EDGE('',*,*,#11212,.T.);
#12173=VECTOR('',#1679,1.);
#12174=LINE('',#11104,#12173);
#12175=EDGE_CURVE('',#11105,#10836,#12174,.T.);
#12176=ORIENTED_EDGE('',*,*,#12175,.T.);
#12177=ORIENTED_EDGE('',*,*,#11013,.F.);
#12178=ORIENTED_EDGE('',*,*,#12163,.F.);
#12179=EDGE_LOOP('',(#12172,#12176,#12177,#12178));
#12180=FACE_OUTER_BOUND('',#12179,.T.);
#12181=AXIS2_PLACEMENT_3D('',#11106,#1547,#4046);
#12182=PLANE('',#12181);
#12183=ADVANCED_FACE('',(#12180),#12182,.T.);
#12184=ORIENTED_EDGE('',*,*,#11208,.T.);
#12185=VECTOR('',#1679,1.);
#12186=LINE('',#11102,#12185);
#12187=EDGE_CURVE('',#11103,#10838,#12186,.T.);
#12188=ORIENTED_EDGE('',*,*,#12187,.T.);
#12189=ORIENTED_EDGE('',*,*,#11017,.F.);
#12190=ORIENTED_EDGE('',*,*,#12175,.F.);
#12191=EDGE_LOOP('',(#12184,#12188,#12189,#12190));
#12192=FACE_OUTER_BOUND('',#12191,.T.);
#12193=AXIS2_PLACEMENT_3D('',#11104,#1542,#4033);
#12194=PLANE('',#12193);
#12195=ADVANCED_FACE('',(#12192),#12194,.T.);
#12196=ORIENTED_EDGE('',*,*,#11204,.T.);
#12197=VECTOR('',#1679,1.);
#12198=LINE('',#11100,#12197);
#12199=EDGE_CURVE('',#11101,#10840,#12198,.T.);
#12200=ORIENTED_EDGE('',*,*,#12199,.T.);
#12201=ORIENTED_EDGE('',*,*,#11021,.F.);
#12202=ORIENTED_EDGE('',*,*,#12187,.F.);
#12203=EDGE_LOOP('',(#12196,#12200,#12201,#12202));
#12204=FACE_OUTER_BOUND('',#12203,.T.);
#12205=AXIS2_PLACEMENT_3D('',#11102,#1537,#4020);
#12206=PLANE('',#12205);
#12207=ADVANCED_FACE('',(#12204),#12206,.T.);
#12208=ORIENTED_EDGE('',*,*,#11200,.T.);
#12209=VECTOR('',#1679,1.);
#12210=LINE('',#11098,#12209);
#12211=EDGE_CURVE('',#11099,#10842,#12210,.T.);
#12212=ORIENTED_EDGE('',*,*,#12211,.T.);
#12213=ORIENTED_EDGE('',*,*,#11025,.F.);
#12214=ORIENTED_EDGE('',*,*,#12199,.F.);
#12215=EDGE_LOOP('',(#12208,#12212,#12213,#12214));
#12216=FACE_OUTER_BOUND('',#12215,.T.);
#12217=AXIS2_PLACEMENT_3D('',#11100,#1532,#4007);
#12218=PLANE('',#12217);
#12219=ADVANCED_FACE('',(#12216),#12218,.T.);
#12220=ORIENTED_EDGE('',*,*,#11196,.T.);
#12221=VECTOR('',#1679,1.);
#12222=LINE('',#11096,#12221);
#12223=EDGE_CURVE('',#11097,#10844,#12222,.T.);
#12224=ORIENTED_EDGE('',*,*,#12223,.T.);
#12225=ORIENTED_EDGE('',*,*,#11029,.F.);
#12226=ORIENTED_EDGE('',*,*,#12211,.F.);
#12227=EDGE_LOOP('',(#12220,#12224,#12225,#12226));
#12228=FACE_OUTER_BOUND('',#12227,.T.);
#12229=AXIS2_PLACEMENT_3D('',#11098,#3846,#3994);
#12230=PLANE('',#12229);
#12231=ADVANCED_FACE('',(#12228),#12230,.T.);
#12232=ORIENTED_EDGE('',*,*,#11192,.T.);
#12233=VECTOR('',#1679,1.);
#12234=LINE('',#11094,#12233);
#12235=EDGE_CURVE('',#11095,#10846,#12234,.T.);
#12236=ORIENTED_EDGE('',*,*,#12235,.T.);
#12237=ORIENTED_EDGE('',*,*,#11033,.F.);
#12238=ORIENTED_EDGE('',*,*,#12223,.F.);
#12239=EDGE_LOOP('',(#12232,#12236,#12237,#12238));
#12240=FACE_OUTER_BOUND('',#12239,.T.);
#12241=AXIS2_PLACEMENT_3D('',#11096,#341,#3981);
#12242=PLANE('',#12241);
#12243=ADVANCED_FACE('',(#12240),#12242,.T.);
#12244=ORIENTED_EDGE('',*,*,#11380,.T.);
#12245=ORIENTED_EDGE('',*,*,#11685,.T.);
#12246=ORIENTED_EDGE('',*,*,#11037,.F.);
#12247=ORIENTED_EDGE('',*,*,#12235,.F.);
#12248=EDGE_LOOP('',(#12244,#12245,#12246,#12247));
#12249=FACE_OUTER_BOUND('',#12248,.T.);
#12250=AXIS2_PLACEMENT_3D('',#11094,#1518,#3968);
#12251=PLANE('',#12250);
#12252=ADVANCED_FACE('',(#12249),#12251,.T.);
#12253=ORIENTED_EDGE('',*,*,#11666,.F.);
#12254=VECTOR('',#1679,1.);
#12255=LINE('',#11476,#12254);
#12256=EDGE_CURVE('',#11477,#2526,#12255,.T.);
#12257=ORIENTED_EDGE('',*,*,#12256,.T.);
#12258=ORIENTED_EDGE('',*,*,#2715,.T.);
#12259=VECTOR('',#1679,1.);
#12260=LINE('',#11478,#12259);
#12261=EDGE_CURVE('',#11479,#2528,#12260,.T.);
#12262=ORIENTED_EDGE('',*,*,#12261,.F.);
#12263=EDGE_LOOP('',(#12253,#12257,#12258,#12262));
#12264=FACE_OUTER_BOUND('',#12263,.T.);
#12265=AXIS2_PLACEMENT_3D('',#11478,#3677,#281);
#12266=PLANE('',#12265);
#12267=ADVANCED_FACE('',(#12264),#12266,.T.);
#12268=ORIENTED_EDGE('',*,*,#11662,.F.);
#12269=VECTOR('',#1679,1.);
#12270=LINE('',#11474,#12269);
#12271=EDGE_CURVE('',#11475,#2524,#12270,.T.);
#12272=ORIENTED_EDGE('',*,*,#12271,.T.);
#12273=ORIENTED_EDGE('',*,*,#2711,.T.);
#12274=ORIENTED_EDGE('',*,*,#12256,.F.);
#12275=EDGE_LOOP('',(#12268,#12272,#12273,#12274));
#12276=FACE_OUTER_BOUND('',#12275,.T.);
#12277=AXIS2_PLACEMENT_3D('',#11476,#3690,#3691);
#12278=PLANE('',#12277);
#12279=ADVANCED_FACE('',(#12276),#12278,.T.);
#12280=ORIENTED_EDGE('',*,*,#11658,.F.);
#12281=VECTOR('',#1679,1.);
#12282=LINE('',#11472,#12281);
#12283=EDGE_CURVE('',#11473,#2522,#12282,.T.);
#12284=ORIENTED_EDGE('',*,*,#12283,.T.);
#12285=ORIENTED_EDGE('',*,*,#2707,.T.);
#12286=ORIENTED_EDGE('',*,*,#12271,.F.);
#12287=EDGE_LOOP('',(#12280,#12284,#12285,#12286));
#12288=FACE_OUTER_BOUND('',#12287,.T.);
#12289=AXIS2_PLACEMENT_3D('',#11474,#3704,#1474);
#12290=PLANE('',#12289);
#12291=ADVANCED_FACE('',(#12288),#12290,.T.);
#12292=ORIENTED_EDGE('',*,*,#11654,.F.);
#12293=VECTOR('',#1679,1.);
#12294=LINE('',#11470,#12293);
#12295=EDGE_CURVE('',#11471,#2520,#12294,.T.);
#12296=ORIENTED_EDGE('',*,*,#12295,.T.);
#12297=ORIENTED_EDGE('',*,*,#2703,.T.);
#12298=ORIENTED_EDGE('',*,*,#12283,.F.);
#12299=EDGE_LOOP('',(#12292,#12296,#12297,#12298));
#12300=FACE_OUTER_BOUND('',#12299,.T.);
#12301=AXIS2_PLACEMENT_3D('',#11472,#3717,#1479);
#12302=PLANE('',#12301);
#12303=ADVANCED_FACE('',(#12300),#12302,.T.);
#12304=ORIENTED_EDGE('',*,*,#11650,.F.);
#12305=VECTOR('',#1679,1.);
#12306=LINE('',#11468,#12305);
#12307=EDGE_CURVE('',#11469,#2518,#12306,.T.);
#12308=ORIENTED_EDGE('',*,*,#12307,.T.);
#12309=ORIENTED_EDGE('',*,*,#2699,.T.);
#12310=ORIENTED_EDGE('',*,*,#12295,.F.);
#12311=EDGE_LOOP('',(#12304,#12308,#12309,#12310));
#12312=FACE_OUTER_BOUND('',#12311,.T.);
#12313=AXIS2_PLACEMENT_3D('',#11470,#3730,#1484);
#12314=PLANE('',#12313);
#12315=ADVANCED_FACE('',(#12312),#12314,.T.);
#12316=ORIENTED_EDGE('',*,*,#11646,.F.);
#12317=VECTOR('',#1679,1.);
#12318=LINE('',#11466,#12317);
#12319=EDGE_CURVE('',#11467,#2516,#12318,.T.);
#12320=ORIENTED_EDGE('',*,*,#12319,.T.);
#12321=ORIENTED_EDGE('',*,*,#2695,.T.);
#12322=ORIENTED_EDGE('',*,*,#12307,.F.);
#12323=EDGE_LOOP('',(#12316,#12320,#12321,#12322));
#12324=FACE_OUTER_BOUND('',#12323,.T.);
#12325=AXIS2_PLACEMENT_3D('',#11468,#3743,#1489);
#12326=PLANE('',#12325);
#12327=ADVANCED_FACE('',(#12324),#12326,.T.);
#12328=ORIENTED_EDGE('',*,*,#11642,.F.);
#12329=VECTOR('',#1679,1.);
#12330=LINE('',#11464,#12329);
#12331=EDGE_CURVE('',#11465,#2514,#12330,.T.);
#12332=ORIENTED_EDGE('',*,*,#12331,.T.);
#12333=ORIENTED_EDGE('',*,*,#2691,.T.);
#12334=ORIENTED_EDGE('',*,*,#12319,.F.);
#12335=EDGE_LOOP('',(#12328,#12332,#12333,#12334));
#12336=FACE_OUTER_BOUND('',#12335,.T.);
#12337=AXIS2_PLACEMENT_3D('',#11466,#3756,#1494);
#12338=PLANE('',#12337);
#12339=ADVANCED_FACE('',(#12336),#12338,.T.);
#12340=ORIENTED_EDGE('',*,*,#11638,.F.);
#12341=VECTOR('',#1679,1.);
#12342=LINE('',#11462,#12341);
#12343=EDGE_CURVE('',#11463,#2512,#12342,.T.);
#12344=ORIENTED_EDGE('',*,*,#12343,.T.);
#12345=ORIENTED_EDGE('',*,*,#2687,.T.);
#12346=ORIENTED_EDGE('',*,*,#12331,.F.);
#12347=EDGE_LOOP('',(#12340,#12344,#12345,#12346));
#12348=FACE_OUTER_BOUND('',#12347,.T.);
#12349=AXIS2_PLACEMENT_3D('',#11464,#3769,#1499);
#12350=PLANE('',#12349);
#12351=ADVANCED_FACE('',(#12348),#12350,.T.);
#12352=ORIENTED_EDGE('',*,*,#11634,.F.);
#12353=VECTOR('',#1679,1.);
#12354=LINE('',#11460,#12353);
#12355=EDGE_CURVE('',#11461,#2510,#12354,.T.);
#12356=ORIENTED_EDGE('',*,*,#12355,.T.);
#12357=ORIENTED_EDGE('',*,*,#2683,.T.);
#12358=ORIENTED_EDGE('',*,*,#12343,.F.);
#12359=EDGE_LOOP('',(#12352,#12356,#12357,#12358));
#12360=FACE_OUTER_BOUND('',#12359,.T.);
#12361=AXIS2_PLACEMENT_3D('',#11462,#3782,#3783);
#12362=PLANE('',#12361);
#12363=ADVANCED_FACE('',(#12360),#12362,.T.);
#12364=ORIENTED_EDGE('',*,*,#11630,.F.);
#12365=VECTOR('',#1679,1.);
#12366=LINE('',#11458,#12365);
#12367=EDGE_CURVE('',#11459,#2508,#12366,.T.);
#12368=ORIENTED_EDGE('',*,*,#12367,.T.);
#12369=ORIENTED_EDGE('',*,*,#2679,.T.);
#12370=ORIENTED_EDGE('',*,*,#12355,.F.);
#12371=EDGE_LOOP('',(#12364,#12368,#12369,#12370));
#12372=FACE_OUTER_BOUND('',#12371,.T.);
#12373=AXIS2_PLACEMENT_3D('',#11460,#3796,#326);
#12374=PLANE('',#12373);
#12375=ADVANCED_FACE('',(#12372),#12374,.T.);
#12376=ORIENTED_EDGE('',*,*,#11626,.F.);
#12377=VECTOR('',#1679,1.);
#12378=LINE('',#11456,#12377);
#12379=EDGE_CURVE('',#11457,#2506,#12378,.T.);
#12380=ORIENTED_EDGE('',*,*,#12379,.T.);
#12381=ORIENTED_EDGE('',*,*,#2675,.T.);
#12382=ORIENTED_EDGE('',*,*,#12367,.F.);
#12383=EDGE_LOOP('',(#12376,#12380,#12381,#12382));
#12384=FACE_OUTER_BOUND('',#12383,.T.);
#12385=AXIS2_PLACEMENT_3D('',#11458,#3809,#1513);
#12386=PLANE('',#12385);
#12387=ADVANCED_FACE('',(#12384),#12386,.T.);
#12388=ORIENTED_EDGE('',*,*,#11622,.F.);
#12389=VECTOR('',#1679,1.);
#12390=LINE('',#11454,#12389);
#12391=EDGE_CURVE('',#11455,#2504,#12390,.T.);
#12392=ORIENTED_EDGE('',*,*,#12391,.T.);
#12393=ORIENTED_EDGE('',*,*,#2671,.T.);
#12394=ORIENTED_EDGE('',*,*,#12379,.F.);
#12395=EDGE_LOOP('',(#12388,#12392,#12393,#12394));
#12396=FACE_OUTER_BOUND('',#12395,.T.);
#12397=AXIS2_PLACEMENT_3D('',#11456,#1576,#1518);
#12398=PLANE('',#12397);
#12399=ADVANCED_FACE('',(#12396),#12398,.T.);
#12400=ORIENTED_EDGE('',*,*,#11618,.F.);
#12401=VECTOR('',#1679,1.);
#12402=LINE('',#11452,#12401);
#12403=EDGE_CURVE('',#11453,#2502,#12402,.T.);
#12404=ORIENTED_EDGE('',*,*,#12403,.T.);
#12405=ORIENTED_EDGE('',*,*,#2667,.T.);
#12406=ORIENTED_EDGE('',*,*,#12391,.F.);
#12407=EDGE_LOOP('',(#12400,#12404,#12405,#12406));
#12408=FACE_OUTER_BOUND('',#12407,.T.);
#12409=AXIS2_PLACEMENT_3D('',#11454,#281,#341);
#12410=PLANE('',#12409);
#12411=ADVANCED_FACE('',(#12408),#12410,.T.);
#12412=ORIENTED_EDGE('',*,*,#11614,.F.);
#12413=VECTOR('',#1679,1.);
#12414=LINE('',#11450,#12413);
#12415=EDGE_CURVE('',#11451,#2500,#12414,.T.);
#12416=ORIENTED_EDGE('',*,*,#12415,.T.);
#12417=ORIENTED_EDGE('',*,*,#2663,.T.);
#12418=ORIENTED_EDGE('',*,*,#12403,.F.);
#12419=EDGE_LOOP('',(#12412,#12416,#12417,#12418));
#12420=FACE_OUTER_BOUND('',#12419,.T.);
#12421=AXIS2_PLACEMENT_3D('',#11452,#3691,#3846);
#12422=PLANE('',#12421);
#12423=ADVANCED_FACE('',(#12420),#12422,.T.);
#12424=ORIENTED_EDGE('',*,*,#11610,.F.);
#12425=VECTOR('',#1679,1.);
#12426=LINE('',#11448,#12425);
#12427=EDGE_CURVE('',#11449,#2498,#12426,.T.);
#12428=ORIENTED_EDGE('',*,*,#12427,.T.);
#12429=ORIENTED_EDGE('',*,*,#2659,.T.);
#12430=ORIENTED_EDGE('',*,*,#12415,.F.);
#12431=EDGE_LOOP('',(#12424,#12428,#12429,#12430));
#12432=FACE_OUTER_BOUND('',#12431,.T.);
#12433=AXIS2_PLACEMENT_3D('',#11450,#1474,#1532);
#12434=PLANE('',#12433);
#12435=ADVANCED_FACE('',(#12432),#12434,.T.);
#12436=ORIENTED_EDGE('',*,*,#11606,.F.);
#12437=VECTOR('',#1679,1.);
#12438=LINE('',#11446,#12437);
#12439=EDGE_CURVE('',#11447,#2496,#12438,.T.);
#12440=ORIENTED_EDGE('',*,*,#12439,.T.);
#12441=ORIENTED_EDGE('',*,*,#2655,.T.);
#12442=ORIENTED_EDGE('',*,*,#12427,.F.);
#12443=EDGE_LOOP('',(#12436,#12440,#12441,#12442));
#12444=FACE_OUTER_BOUND('',#12443,.T.);
#12445=AXIS2_PLACEMENT_3D('',#11448,#1479,#1537);
#12446=PLANE('',#12445);
#12447=ADVANCED_FACE('',(#12444),#12446,.T.);
#12448=ORIENTED_EDGE('',*,*,#11602,.F.);
#12449=VECTOR('',#1679,1.);
#12450=LINE('',#11444,#12449);
#12451=EDGE_CURVE('',#11445,#2494,#12450,.T.);
#12452=ORIENTED_EDGE('',*,*,#12451,.T.);
#12453=ORIENTED_EDGE('',*,*,#2651,.T.);
#12454=ORIENTED_EDGE('',*,*,#12439,.F.);
#12455=EDGE_LOOP('',(#12448,#12452,#12453,#12454));
#12456=FACE_OUTER_BOUND('',#12455,.T.);
#12457=AXIS2_PLACEMENT_3D('',#11446,#1484,#1542);
#12458=PLANE('',#12457);
#12459=ADVANCED_FACE('',(#12456),#12458,.T.);
#12460=ORIENTED_EDGE('',*,*,#11598,.F.);
#12461=VECTOR('',#1679,1.);
#12462=LINE('',#11442,#12461);
#12463=EDGE_CURVE('',#11443,#2492,#12462,.T.);
#12464=ORIENTED_EDGE('',*,*,#12463,.T.);
#12465=ORIENTED_EDGE('',*,*,#2647,.T.);
#12466=ORIENTED_EDGE('',*,*,#12451,.F.);
#12467=EDGE_LOOP('',(#12460,#12464,#12465,#12466));
#12468=FACE_OUTER_BOUND('',#12467,.T.);
#12469=AXIS2_PLACEMENT_3D('',#11444,#1489,#1547);
#12470=PLANE('',#12469);
#12471=ADVANCED_FACE('',(#12468),#12470,.T.);
#12472=ORIENTED_EDGE('',*,*,#11594,.F.);
#12473=VECTOR('',#1679,1.);
#12474=LINE('',#11440,#12473);
#12475=EDGE_CURVE('',#11441,#2490,#12474,.T.);
#12476=ORIENTED_EDGE('',*,*,#12475,.T.);
#12477=ORIENTED_EDGE('',*,*,#2643,.T.);
#12478=ORIENTED_EDGE('',*,*,#12463,.F.);
#12479=EDGE_LOOP('',(#12472,#12476,#12477,#12478));
#12480=FACE_OUTER_BOUND('',#12479,.T.);
#12481=AXIS2_PLACEMENT_3D('',#11442,#1494,#1552);
#12482=PLANE('',#12481);
#12483=ADVANCED_FACE('',(#12480),#12482,.T.);
#12484=ORIENTED_EDGE('',*,*,#11590,.F.);
#12485=VECTOR('',#1679,1.);
#12486=LINE('',#11438,#12485);
#12487=EDGE_CURVE('',#11439,#2488,#12486,.T.);
#12488=ORIENTED_EDGE('',*,*,#12487,.T.);
#12489=ORIENTED_EDGE('',*,*,#2639,.T.);
#12490=ORIENTED_EDGE('',*,*,#12475,.F.);
#12491=EDGE_LOOP('',(#12484,#12488,#12489,#12490));
#12492=FACE_OUTER_BOUND('',#12491,.T.);
#12493=AXIS2_PLACEMENT_3D('',#11440,#1499,#1557);
#12494=PLANE('',#12493);
#12495=ADVANCED_FACE('',(#12492),#12494,.T.);
#12496=ORIENTED_EDGE('',*,*,#11586,.F.);
#12497=VECTOR('',#1679,1.);
#12498=LINE('',#11436,#12497);
#12499=EDGE_CURVE('',#11437,#2486,#12498,.T.);
#12500=ORIENTED_EDGE('',*,*,#12499,.T.);
#12501=ORIENTED_EDGE('',*,*,#2635,.T.);
#12502=ORIENTED_EDGE('',*,*,#12487,.F.);
#12503=EDGE_LOOP('',(#12496,#12500,#12501,#12502));
#12504=FACE_OUTER_BOUND('',#12503,.T.);
#12505=AXIS2_PLACEMENT_3D('',#11438,#3783,#3931);
#12506=PLANE('',#12505);
#12507=ADVANCED_FACE('',(#12504),#12506,.T.);
#12508=ORIENTED_EDGE('',*,*,#11582,.F.);
#12509=VECTOR('',#1679,1.);
#12510=LINE('',#11434,#12509);
#12511=EDGE_CURVE('',#11435,#2484,#12510,.T.);
#12512=ORIENTED_EDGE('',*,*,#12511,.T.);
#12513=ORIENTED_EDGE('',*,*,#2631,.T.);
#12514=ORIENTED_EDGE('',*,*,#12499,.F.);
#12515=EDGE_LOOP('',(#12508,#12512,#12513,#12514));
#12516=FACE_OUTER_BOUND('',#12515,.T.);
#12517=AXIS2_PLACEMENT_3D('',#11436,#326,#386);
#12518=PLANE('',#12517);
#12519=ADVANCED_FACE('',(#12516),#12518,.T.);
#12520=ORIENTED_EDGE('',*,*,#11578,.F.);
#12521=VECTOR('',#1679,1.);
#12522=LINE('',#11432,#12521);
#12523=EDGE_CURVE('',#11433,#2482,#12522,.T.);
#12524=ORIENTED_EDGE('',*,*,#12523,.T.);
#12525=ORIENTED_EDGE('',*,*,#2627,.T.);
#12526=ORIENTED_EDGE('',*,*,#12511,.F.);
#12527=EDGE_LOOP('',(#12520,#12524,#12525,#12526));
#12528=FACE_OUTER_BOUND('',#12527,.T.);
#12529=AXIS2_PLACEMENT_3D('',#11434,#1513,#1571);
#12530=PLANE('',#12529);
#12531=ADVANCED_FACE('',(#12528),#12530,.T.);
#12532=ORIENTED_EDGE('',*,*,#11574,.T.);
#12533=VECTOR('',#1679,1.);
#12534=LINE('',#11430,#12533);
#12535=EDGE_CURVE('',#11431,#2480,#12534,.T.);
#12536=ORIENTED_EDGE('',*,*,#12535,.T.);
#12537=ORIENTED_EDGE('',*,*,#2623,.F.);
#12538=ORIENTED_EDGE('',*,*,#12523,.F.);
#12539=EDGE_LOOP('',(#12532,#12536,#12537,#12538));
#12540=FACE_OUTER_BOUND('',#12539,.T.);
#12541=AXIS2_PLACEMENT_3D('',#11432,#1518,#3968);
#12542=PLANE('',#12541);
#12543=ADVANCED_FACE('',(#12540),#12542,.T.);
#12544=ORIENTED_EDGE('',*,*,#11570,.T.);
#12545=VECTOR('',#1679,1.);
#12546=LINE('',#11428,#12545);
#12547=EDGE_CURVE('',#11429,#2478,#12546,.T.);
#12548=ORIENTED_EDGE('',*,*,#12547,.T.);
#12549=ORIENTED_EDGE('',*,*,#2619,.F.);
#12550=ORIENTED_EDGE('',*,*,#12535,.F.);
#12551=EDGE_LOOP('',(#12544,#12548,#12549,#12550));
#12552=FACE_OUTER_BOUND('',#12551,.T.);
#12553=AXIS2_PLACEMENT_3D('',#11430,#341,#3981);
#12554=PLANE('',#12553);
#12555=ADVANCED_FACE('',(#12552),#12554,.T.);
#12556=ORIENTED_EDGE('',*,*,#11566,.T.);
#12557=VECTOR('',#1679,1.);
#12558=LINE('',#11426,#12557);
#12559=EDGE_CURVE('',#11427,#2476,#12558,.T.);
#12560=ORIENTED_EDGE('',*,*,#12559,.T.);
#12561=ORIENTED_EDGE('',*,*,#2615,.F.);
#12562=ORIENTED_EDGE('',*,*,#12547,.F.);
#12563=EDGE_LOOP('',(#12556,#12560,#12561,#12562));
#12564=FACE_OUTER_BOUND('',#12563,.T.);
#12565=AXIS2_PLACEMENT_3D('',#11428,#3846,#3994);
#12566=PLANE('',#12565);
#12567=ADVANCED_FACE('',(#12564),#12566,.T.);
#12568=ORIENTED_EDGE('',*,*,#11562,.T.);
#12569=VECTOR('',#1679,1.);
#12570=LINE('',#11424,#12569);
#12571=EDGE_CURVE('',#11425,#2474,#12570,.T.);
#12572=ORIENTED_EDGE('',*,*,#12571,.T.);
#12573=ORIENTED_EDGE('',*,*,#2611,.F.);
#12574=ORIENTED_EDGE('',*,*,#12559,.F.);
#12575=EDGE_LOOP('',(#12568,#12572,#12573,#12574));
#12576=FACE_OUTER_BOUND('',#12575,.T.);
#12577=AXIS2_PLACEMENT_3D('',#11426,#1532,#4007);
#12578=PLANE('',#12577);
#12579=ADVANCED_FACE('',(#12576),#12578,.T.);
#12580=ORIENTED_EDGE('',*,*,#11558,.T.);
#12581=VECTOR('',#1679,1.);
#12582=LINE('',#11422,#12581);
#12583=EDGE_CURVE('',#11423,#2472,#12582,.T.);
#12584=ORIENTED_EDGE('',*,*,#12583,.T.);
#12585=ORIENTED_EDGE('',*,*,#2607,.F.);
#12586=ORIENTED_EDGE('',*,*,#12571,.F.);
#12587=EDGE_LOOP('',(#12580,#12584,#12585,#12586));
#12588=FACE_OUTER_BOUND('',#12587,.T.);
#12589=AXIS2_PLACEMENT_3D('',#11424,#1537,#4020);
#12590=PLANE('',#12589);
#12591=ADVANCED_FACE('',(#12588),#12590,.T.);
#12592=ORIENTED_EDGE('',*,*,#11554,.T.);
#12593=VECTOR('',#1679,1.);
#12594=LINE('',#11420,#12593);
#12595=EDGE_CURVE('',#11421,#2470,#12594,.T.);
#12596=ORIENTED_EDGE('',*,*,#12595,.T.);
#12597=ORIENTED_EDGE('',*,*,#2603,.F.);
#12598=ORIENTED_EDGE('',*,*,#12583,.F.);
#12599=EDGE_LOOP('',(#12592,#12596,#12597,#12598));
#12600=FACE_OUTER_BOUND('',#12599,.T.);
#12601=AXIS2_PLACEMENT_3D('',#11422,#1542,#4033);
#12602=PLANE('',#12601);
#12603=ADVANCED_FACE('',(#12600),#12602,.T.);
#12604=ORIENTED_EDGE('',*,*,#11550,.T.);
#12605=VECTOR('',#1679,1.);
#12606=LINE('',#11418,#12605);
#12607=EDGE_CURVE('',#11419,#2468,#12606,.T.);
#12608=ORIENTED_EDGE('',*,*,#12607,.T.);
#12609=ORIENTED_EDGE('',*,*,#2599,.F.);
#12610=ORIENTED_EDGE('',*,*,#12595,.F.);
#12611=EDGE_LOOP('',(#12604,#12608,#12609,#12610));
#12612=FACE_OUTER_BOUND('',#12611,.T.);
#12613=AXIS2_PLACEMENT_3D('',#11420,#1547,#4046);
#12614=PLANE('',#12613);
#12615=ADVANCED_FACE('',(#12612),#12614,.T.);
#12616=ORIENTED_EDGE('',*,*,#11546,.T.);
#12617=VECTOR('',#1679,1.);
#12618=LINE('',#11416,#12617);
#12619=EDGE_CURVE('',#11417,#2466,#12618,.T.);
#12620=ORIENTED_EDGE('',*,*,#12619,.T.);
#12621=ORIENTED_EDGE('',*,*,#2595,.F.);
#12622=ORIENTED_EDGE('',*,*,#12607,.F.);
#12623=EDGE_LOOP('',(#12616,#12620,#12621,#12622));
#12624=FACE_OUTER_BOUND('',#12623,.T.);
#12625=AXIS2_PLACEMENT_3D('',#11418,#1552,#4059);
#12626=PLANE('',#12625);
#12627=ADVANCED_FACE('',(#12624),#12626,.T.);
#12628=ORIENTED_EDGE('',*,*,#11542,.T.);
#12629=VECTOR('',#1679,1.);
#12630=LINE('',#11414,#12629);
#12631=EDGE_CURVE('',#11415,#2464,#12630,.T.);
#12632=ORIENTED_EDGE('',*,*,#12631,.T.);
#12633=ORIENTED_EDGE('',*,*,#2591,.F.);
#12634=ORIENTED_EDGE('',*,*,#12619,.F.);
#12635=EDGE_LOOP('',(#12628,#12632,#12633,#12634));
#12636=FACE_OUTER_BOUND('',#12635,.T.);
#12637=AXIS2_PLACEMENT_3D('',#11416,#1557,#4072);
#12638=PLANE('',#12637);
#12639=ADVANCED_FACE('',(#12636),#12638,.T.);
#12640=ORIENTED_EDGE('',*,*,#11538,.T.);
#12641=VECTOR('',#1679,1.);
#12642=LINE('',#11412,#12641);
#12643=EDGE_CURVE('',#11413,#2462,#12642,.T.);
#12644=ORIENTED_EDGE('',*,*,#12643,.T.);
#12645=ORIENTED_EDGE('',*,*,#2587,.F.);
#12646=ORIENTED_EDGE('',*,*,#12631,.F.);
#12647=EDGE_LOOP('',(#12640,#12644,#12645,#12646));
#12648=FACE_OUTER_BOUND('',#12647,.T.);
#12649=AXIS2_PLACEMENT_3D('',#11414,#3931,#4085);
#12650=PLANE('',#12649);
#12651=ADVANCED_FACE('',(#12648),#12650,.T.);
#12652=ORIENTED_EDGE('',*,*,#11534,.T.);
#12653=VECTOR('',#1679,1.);
#12654=LINE('',#11410,#12653);
#12655=EDGE_CURVE('',#11411,#2460,#12654,.T.);
#12656=ORIENTED_EDGE('',*,*,#12655,.T.);
#12657=ORIENTED_EDGE('',*,*,#2583,.F.);
#12658=ORIENTED_EDGE('',*,*,#12643,.F.);
#12659=EDGE_LOOP('',(#12652,#12656,#12657,#12658));
#12660=FACE_OUTER_BOUND('',#12659,.T.);
#12661=AXIS2_PLACEMENT_3D('',#11412,#386,#4098);
#12662=PLANE('',#12661);
#12663=ADVANCED_FACE('',(#12660),#12662,.T.);
#12664=ORIENTED_EDGE('',*,*,#11530,.T.);
#12665=VECTOR('',#1679,1.);
#12666=LINE('',#11408,#12665);
#12667=EDGE_CURVE('',#11409,#2458,#12666,.T.);
#12668=ORIENTED_EDGE('',*,*,#12667,.T.);
#12669=ORIENTED_EDGE('',*,*,#2579,.F.);
#12670=ORIENTED_EDGE('',*,*,#12655,.F.);
#12671=EDGE_LOOP('',(#12664,#12668,#12669,#12670));
#12672=FACE_OUTER_BOUND('',#12671,.T.);
#12673=AXIS2_PLACEMENT_3D('',#11410,#1571,#4111);
#12674=PLANE('',#12673);
#12675=ADVANCED_FACE('',(#12672),#12674,.T.);
#12676=ORIENTED_EDGE('',*,*,#11526,.T.);
#12677=VECTOR('',#1679,1.);
#12678=LINE('',#11406,#12677);
#12679=EDGE_CURVE('',#11407,#2456,#12678,.T.);
#12680=ORIENTED_EDGE('',*,*,#12679,.T.);
#12681=ORIENTED_EDGE('',*,*,#2575,.F.);
#12682=ORIENTED_EDGE('',*,*,#12667,.F.);
#12683=EDGE_LOOP('',(#12676,#12680,#12681,#12682));
#12684=FACE_OUTER_BOUND('',#12683,.T.);
#12685=AXIS2_PLACEMENT_3D('',#11408,#3968,#4124);
#12686=PLANE('',#12685);
#12687=ADVANCED_FACE('',(#12684),#12686,.T.);
#12688=ORIENTED_EDGE('',*,*,#11522,.T.);
#12689=VECTOR('',#1679,1.);
#12690=LINE('',#11404,#12689);
#12691=EDGE_CURVE('',#11405,#2454,#12690,.T.);
#12692=ORIENTED_EDGE('',*,*,#12691,.T.);
#12693=ORIENTED_EDGE('',*,*,#2571,.F.);
#12694=ORIENTED_EDGE('',*,*,#12679,.F.);
#12695=EDGE_LOOP('',(#12688,#12692,#12693,#12694));
#12696=FACE_OUTER_BOUND('',#12695,.T.);
#12697=AXIS2_PLACEMENT_3D('',#11406,#3981,#3677);
#12698=PLANE('',#12697);
#12699=ADVANCED_FACE('',(#12696),#12698,.T.);
#12700=ORIENTED_EDGE('',*,*,#11518,.T.);
#12701=VECTOR('',#1679,1.);
#12702=LINE('',#11402,#12701);
#12703=EDGE_CURVE('',#11403,#2452,#12702,.T.);
#12704=ORIENTED_EDGE('',*,*,#12703,.T.);
#12705=ORIENTED_EDGE('',*,*,#2567,.F.);
#12706=ORIENTED_EDGE('',*,*,#12691,.F.);
#12707=EDGE_LOOP('',(#12700,#12704,#12705,#12706));
#12708=FACE_OUTER_BOUND('',#12707,.T.);
#12709=AXIS2_PLACEMENT_3D('',#11404,#3994,#3690);
#12710=PLANE('',#12709);
#12711=ADVANCED_FACE('',(#12708),#12710,.T.);
#12712=ORIENTED_EDGE('',*,*,#11514,.T.);
#12713=VECTOR('',#1679,1.);
#12714=LINE('',#11400,#12713);
#12715=EDGE_CURVE('',#11401,#2450,#12714,.T.);
#12716=ORIENTED_EDGE('',*,*,#12715,.T.);
#12717=ORIENTED_EDGE('',*,*,#2563,.F.);
#12718=ORIENTED_EDGE('',*,*,#12703,.F.);
#12719=EDGE_LOOP('',(#12712,#12716,#12717,#12718));
#12720=FACE_OUTER_BOUND('',#12719,.T.);
#12721=AXIS2_PLACEMENT_3D('',#11402,#4007,#3704);
#12722=PLANE('',#12721);
#12723=ADVANCED_FACE('',(#12720),#12722,.T.);
#12724=ORIENTED_EDGE('',*,*,#11510,.T.);
#12725=VECTOR('',#1679,1.);
#12726=LINE('',#11398,#12725);
#12727=EDGE_CURVE('',#11399,#2448,#12726,.T.);
#12728=ORIENTED_EDGE('',*,*,#12727,.T.);
#12729=ORIENTED_EDGE('',*,*,#2559,.F.);
#12730=ORIENTED_EDGE('',*,*,#12715,.F.);
#12731=EDGE_LOOP('',(#12724,#12728,#12729,#12730));
#12732=FACE_OUTER_BOUND('',#12731,.T.);
#12733=AXIS2_PLACEMENT_3D('',#11400,#4020,#3717);
#12734=PLANE('',#12733);
#12735=ADVANCED_FACE('',(#12732),#12734,.T.);
#12736=ORIENTED_EDGE('',*,*,#11506,.T.);
#12737=VECTOR('',#1679,1.);
#12738=LINE('',#11396,#12737);
#12739=EDGE_CURVE('',#11397,#2446,#12738,.T.);
#12740=ORIENTED_EDGE('',*,*,#12739,.T.);
#12741=ORIENTED_EDGE('',*,*,#2555,.F.);
#12742=ORIENTED_EDGE('',*,*,#12727,.F.);
#12743=EDGE_LOOP('',(#12736,#12740,#12741,#12742));
#12744=FACE_OUTER_BOUND('',#12743,.T.);
#12745=AXIS2_PLACEMENT_3D('',#11398,#4033,#3730);
#12746=PLANE('',#12745);
#12747=ADVANCED_FACE('',(#12744),#12746,.T.);
#12748=ORIENTED_EDGE('',*,*,#11502,.T.);
#12749=VECTOR('',#1679,1.);
#12750=LINE('',#11394,#12749);
#12751=EDGE_CURVE('',#11395,#2444,#12750,.T.);
#12752=ORIENTED_EDGE('',*,*,#12751,.T.);
#12753=ORIENTED_EDGE('',*,*,#2551,.F.);
#12754=ORIENTED_EDGE('',*,*,#12739,.F.);
#12755=EDGE_LOOP('',(#12748,#12752,#12753,#12754));
#12756=FACE_OUTER_BOUND('',#12755,.T.);
#12757=AXIS2_PLACEMENT_3D('',#11396,#4046,#3743);
#12758=PLANE('',#12757);
#12759=ADVANCED_FACE('',(#12756),#12758,.T.);
#12760=ORIENTED_EDGE('',*,*,#11498,.T.);
#12761=VECTOR('',#1679,1.);
#12762=LINE('',#11392,#12761);
#12763=EDGE_CURVE('',#11393,#2442,#12762,.T.);
#12764=ORIENTED_EDGE('',*,*,#12763,.T.);
#12765=ORIENTED_EDGE('',*,*,#2547,.F.);
#12766=ORIENTED_EDGE('',*,*,#12751,.F.);
#12767=EDGE_LOOP('',(#12760,#12764,#12765,#12766));
#12768=FACE_OUTER_BOUND('',#12767,.T.);
#12769=AXIS2_PLACEMENT_3D('',#11394,#4059,#3756);
#12770=PLANE('',#12769);
#12771=ADVANCED_FACE('',(#12768),#12770,.T.);
#12772=ORIENTED_EDGE('',*,*,#11494,.T.);
#12773=VECTOR('',#1679,1.);
#12774=LINE('',#11390,#12773);
#12775=EDGE_CURVE('',#11391,#2440,#12774,.T.);
#12776=ORIENTED_EDGE('',*,*,#12775,.T.);
#12777=ORIENTED_EDGE('',*,*,#2543,.F.);
#12778=ORIENTED_EDGE('',*,*,#12763,.F.);
#12779=EDGE_LOOP('',(#12772,#12776,#12777,#12778));
#12780=FACE_OUTER_BOUND('',#12779,.T.);
#12781=AXIS2_PLACEMENT_3D('',#11392,#4072,#3769);
#12782=PLANE('',#12781);
#12783=ADVANCED_FACE('',(#12780),#12782,.T.);
#12784=ORIENTED_EDGE('',*,*,#11490,.T.);
#12785=VECTOR('',#1679,1.);
#12786=LINE('',#11388,#12785);
#12787=EDGE_CURVE('',#11389,#2438,#12786,.T.);
#12788=ORIENTED_EDGE('',*,*,#12787,.T.);
#12789=ORIENTED_EDGE('',*,*,#2539,.F.);
#12790=ORIENTED_EDGE('',*,*,#12775,.F.);
#12791=EDGE_LOOP('',(#12784,#12788,#12789,#12790));
#12792=FACE_OUTER_BOUND('',#12791,.T.);
#12793=AXIS2_PLACEMENT_3D('',#11390,#4085,#3782);
#12794=PLANE('',#12793);
#12795=ADVANCED_FACE('',(#12792),#12794,.T.);
#12796=ORIENTED_EDGE('',*,*,#11486,.T.);
#12797=VECTOR('',#1679,1.);
#12798=LINE('',#11386,#12797);
#12799=EDGE_CURVE('',#11387,#2436,#12798,.T.);
#12800=ORIENTED_EDGE('',*,*,#12799,.T.);
#12801=ORIENTED_EDGE('',*,*,#2535,.F.);
#12802=ORIENTED_EDGE('',*,*,#12787,.F.);
#12803=EDGE_LOOP('',(#12796,#12800,#12801,#12802));
#12804=FACE_OUTER_BOUND('',#12803,.T.);
#12805=AXIS2_PLACEMENT_3D('',#11388,#4098,#3796);
#12806=PLANE('',#12805);
#12807=ADVANCED_FACE('',(#12804),#12806,.T.);
#12808=ORIENTED_EDGE('',*,*,#11482,.T.);
#12809=VECTOR('',#1679,1.);
#12810=LINE('',#11384,#12809);
#12811=EDGE_CURVE('',#11385,#2434,#12810,.T.);
#12812=ORIENTED_EDGE('',*,*,#12811,.T.);
#12813=ORIENTED_EDGE('',*,*,#2531,.F.);
#12814=ORIENTED_EDGE('',*,*,#12799,.F.);
#12815=EDGE_LOOP('',(#12808,#12812,#12813,#12814));
#12816=FACE_OUTER_BOUND('',#12815,.T.);
#12817=AXIS2_PLACEMENT_3D('',#11386,#4111,#3809);
#12818=PLANE('',#12817);
#12819=ADVANCED_FACE('',(#12816),#12818,.T.);
#12820=ORIENTED_EDGE('',*,*,#11670,.F.);
#12821=ORIENTED_EDGE('',*,*,#12261,.T.);
#12822=ORIENTED_EDGE('',*,*,#2719,.T.);
#12823=ORIENTED_EDGE('',*,*,#12811,.F.);
#12824=EDGE_LOOP('',(#12820,#12821,#12822,#12823));
#12825=FACE_OUTER_BOUND('',#12824,.T.);
#12826=AXIS2_PLACEMENT_3D('',#11384,#4124,#1576);
#12827=PLANE('',#12826);
#12828=ADVANCED_FACE('',(#12825),#12827,.T.);
#12829=CLOSED_SHELL('',(#11093,#11676,#11691,#11703,#11715,#11727,#11739,#11751,#11763,#11775,#11787,#11799,#11811,#11823,#11835,#11847,#11859,#11871,#11883,#11895,#11907,#11919,#11931,#11943,#11955,#11967,#11979,#11991,#12003,#12015,#12027,#12039,#12051,#12063,#12075,#12087,#12099,#12111,#12123,#12135,#12147,#12159,#12171,#12183,#12195,#12207,#12219,#12231,#12243,#12252,#12267,#12279,#12291,#12303,#12315,#12327,#12339,#12351,#12363,#12375,#12387,#12399,#12411,#12423,#12435,#12447,#12459,#12471,#12483,#12495,#12507,#12519,#12531,#12543,#12555,#12567,#12579,#12591,#12603,#12615,#12627,#12639,#12651,#12663,#12675,#12687,#12699,#12711,#12723,#12735,#12747,#12759,#12771,#12783,#12795,#12807,#12819,#12828));
#12830=MANIFOLD_SOLID_BREP('post3',#12829);
#12831=CARTESIAN_POINT('',(19.5,-20.5,4.5));
#12832=VERTEX_POINT('',#12831);
#12833=CARTESIAN_POINT('',(19.4743346,-20.1084214,4.5));
#12834=VERTEX_POINT('',#12833);
#12835=CARTESIAN_POINT('',(19.3977775,-19.7235429,4.5));
#12836=VERTEX_POINT('',#12835);
#12837=CARTESIAN_POINT('',(19.2716386,-19.3519497,4.5));
#12838=VERTEX_POINT('',#12837);
#12839=CARTESIAN_POINT('',(19.0980762,-19.,4.5));
#12840=VERTEX_POINT('',#12839);
#12841=CARTESIAN_POINT('',(18.88006,-18.6737157,4.5));
#12842=VERTEX_POINT('',#12841);
#12843=CARTESIAN_POINT('',(18.6213203,-18.3786797,4.5));
#12844=VERTEX_POINT('',#12843);
#12845=CARTESIAN_POINT('',(18.3262843,-18.11994,4.5));
#12846=VERTEX_POINT('',#12845);
#12847=CARTESIAN_POINT('',(18.,-17.9019238,4.5));
#12848=VERTEX_POINT('',#12847);
#12849=CARTESIAN_POINT('',(17.6480503,-17.7283614,4.5));
#12850=VERTEX_POINT('',#12849);
#12851=CARTESIAN_POINT('',(17.2764571,-17.6022225,4.5));
#12852=VERTEX_POINT('',#12851);
#12853=CARTESIAN_POINT('',(16.8915786,-17.5256654,4.5));
#12854=VERTEX_POINT('',#12853);
#12855=CARTESIAN_POINT('',(16.5,-17.5,4.5));
#12856=VERTEX_POINT('',#12855);
#12857=CARTESIAN_POINT('',(16.1084214,-17.5256654,4.5));
#12858=VERTEX_POINT('',#12857);
#12859=CARTESIAN_POINT('',(15.7235429,-17.6022225,4.5));
#12860=VERTEX_POINT('',#12859);
#12861=CARTESIAN_POINT('',(15.3519497,-17.7283614,4.5));
#12862=VERTEX_POINT('',#12861);
#12863=CARTESIAN_POINT('',(15.,-17.9019238,4.5));
#12864=VERTEX_POINT('',#12863);
#12865=CARTESIAN_POINT('',(14.6737157,-18.11994,4.5));
#12866=VERTEX_POINT('',#12865);
#12867=CARTESIAN_POINT('',(14.3786797,-18.3786797,4.5));
#12868=VERTEX_POINT('',#12867);
#12869=CARTESIAN_POINT('',(14.11994,-18.6737157,4.5));
#12870=VERTEX_POINT('',#12869);
#12871=CARTESIAN_POINT('',(13.9019238,-19.,4.5));
#12872=VERTEX_POINT('',#12871);
#12873=CARTESIAN_POINT('',(13.7283614,-19.3519497,4.5));
#12874=VERTEX_POINT('',#12873);
#12875=CARTESIAN_POINT('',(13.6022225,-19.7235429,4.5));
#12876=VERTEX_POINT('',#12875);
#12877=CARTESIAN_POINT('',(13.5256654,-20.1084214,4.5));
#12878=VERTEX_POINT('',#12877);
#12879=CARTESIAN_POINT('',(13.5,-20.5,4.5));
#12880=VERTEX_POINT('',#12879);
#12881=CARTESIAN_POINT('',(13.5256654,-20.8915786,4.5));
#12882=VERTEX_POINT('',#12881);
#12883=CARTESIAN_POINT('',(13.6022225,-21.2764571,4.5));
#12884=VERTEX_POINT('',#12883);
#12885=CARTESIAN_POINT('',(13.7283614,-21.6480503,4.5));
#12886=VERTEX_POINT('',#12885);
#12887=CARTESIAN_POINT('',(13.9019238,-22.,4.5));
#12888=VERTEX_POINT('',#12887);
#12889=CARTESIAN_POINT('',(14.11994,-22.3262843,4.5));
#12890=VERTEX_POINT('',#12889);
#12891=CARTESIAN_POINT('',(14.3786797,-22.6213203,4.5));
#12892=VERTEX_POINT('',#12891);
#12893=CARTESIAN_POINT('',(14.6737157,-22.88006,4.5));
#12894=VERTEX_POINT('',#12893);
#12895=CARTESIAN_POINT('',(15.,-23.0980762,4.5));
#12896=VERTEX_POINT('',#12895);
#12897=CARTESIAN_POINT('',(15.3519497,-23.2716386,4.5));
#12898=VERTEX_POINT('',#12897);
#12899=CARTESIAN_POINT('',(15.7235429,-23.3977775,4.5));
#12900=VERTEX_POINT('',#12899);
#12901=CARTESIAN_POINT('',(16.1084214,-23.4743346,4.5));
#12902=VERTEX_POINT('',#12901);
#12903=CARTESIAN_POINT('',(16.5,-23.5,4.5));
#12904=VERTEX_POINT('',#12903);
#12905=CARTESIAN_POINT('',(16.8915786,-23.4743346,4.5));
#12906=VERTEX_POINT('',#12905);
#12907=CARTESIAN_POINT('',(17.2764571,-23.3977775,4.5));
#12908=VERTEX_POINT('',#12907);
#12909=CARTESIAN_POINT('',(17.6480503,-23.2716386,4.5));
#12910=VERTEX_POINT('',#12909);
#12911=CARTESIAN_POINT('',(18.,-23.0980762,4.5));
#12912=VERTEX_POINT('',#12911);
#12913=CARTESIAN_POINT('',(18.3262843,-22.88006,4.5));
#12914=VERTEX_POINT('',#12913);
#12915=CARTESIAN_POINT('',(18.6213203,-22.6213203,4.5));
#12916=VERTEX_POINT('',#12915);
#12917=CARTESIAN_POINT('',(18.88006,-22.3262843,4.5));
#12918=VERTEX_POINT('',#12917);
#12919=CARTESIAN_POINT('',(19.0980762,-22.,4.5));
#12920=VERTEX_POINT('',#12919);
#12921=CARTESIAN_POINT('',(19.2716386,-21.6480503,4.5));
#12922=VERTEX_POINT('',#12921);
#12923=CARTESIAN_POINT('',(19.3977775,-21.2764571,4.5));
#12924=VERTEX_POINT('',#12923);
#12925=CARTESIAN_POINT('',(19.4743346,-20.8915786,4.5));
#12926=VERTEX_POINT('',#12925);
#12927=VECTOR('',#1571,1.);
#12928=LINE('',#12833,#12927);
#12929=EDGE_CURVE('',#12834,#12832,#12928,.T.);
#12930=ORIENTED_EDGE('',*,*,#12929,.F.);
#12931=VECTOR('',#386,1.);
#12932=LINE('',#12835,#12931);
#12933=EDGE_CURVE('',#12836,#12834,#12932,.T.);
#12934=ORIENTED_EDGE('',*,*,#12933,.F.);
#12935=VECTOR('',#6679,1.);
#12936=LINE('',#12837,#12935);
#12937=EDGE_CURVE('',#12838,#12836,#12936,.T.);
#12938=ORIENTED_EDGE('',*,*,#12937,.F.);
#12939=VECTOR('',#6684,1.);
#12940=LINE('',#12839,#12939);
#12941=EDGE_CURVE('',#12840,#12838,#12940,.T.);
#12942=ORIENTED_EDGE('',*,*,#12941,.F.);
#12943=VECTOR('',#6689,1.);
#12944=LINE('',#12841,#12943);
#12945=EDGE_CURVE('',#12842,#12840,#12944,.T.);
#12946=ORIENTED_EDGE('',*,*,#12945,.F.);
#12947=VECTOR('',#6694,1.);
#12948=LINE('',#12843,#12947);
#12949=EDGE_CURVE('',#12844,#12842,#12948,.T.);
#12950=ORIENTED_EDGE('',*,*,#12949,.F.);
#12951=VECTOR('',#6699,1.);
#12952=LINE('',#12845,#12951);
#12953=EDGE_CURVE('',#12846,#12844,#12952,.T.);
#12954=ORIENTED_EDGE('',*,*,#12953,.F.);
#12955=VECTOR('',#6704,1.);
#12956=LINE('',#12847,#12955);
#12957=EDGE_CURVE('',#12848,#12846,#12956,.T.);
#12958=ORIENTED_EDGE('',*,*,#12957,.F.);
#12959=VECTOR('',#6709,1.);
#12960=LINE('',#12849,#12959);
#12961=EDGE_CURVE('',#12850,#12848,#12960,.T.);
#12962=ORIENTED_EDGE('',*,*,#12961,.F.);
#12963=VECTOR('',#6714,1.);
#12964=LINE('',#12851,#12963);
#12965=EDGE_CURVE('',#12852,#12850,#12964,.T.);
#12966=ORIENTED_EDGE('',*,*,#12965,.F.);
#12967=VECTOR('',#341,1.);
#12968=LINE('',#12853,#12967);
#12969=EDGE_CURVE('',#12854,#12852,#12968,.T.);
#12970=ORIENTED_EDGE('',*,*,#12969,.F.);
#12971=VECTOR('',#1518,1.);
#12972=LINE('',#12855,#12971);
#12973=EDGE_CURVE('',#12856,#12854,#12972,.T.);
#12974=ORIENTED_EDGE('',*,*,#12973,.F.);
#12975=VECTOR('',#1513,1.);
#12976=LINE('',#12857,#12975);
#12977=EDGE_CURVE('',#12858,#12856,#12976,.T.);
#12978=ORIENTED_EDGE('',*,*,#12977,.F.);
#12979=VECTOR('',#326,1.);
#12980=LINE('',#12859,#12979);
#12981=EDGE_CURVE('',#12860,#12858,#12980,.T.);
#12982=ORIENTED_EDGE('',*,*,#12981,.F.);
#12983=VECTOR('',#6735,1.);
#12984=LINE('',#12861,#12983);
#12985=EDGE_CURVE('',#12862,#12860,#12984,.T.);
#12986=ORIENTED_EDGE('',*,*,#12985,.F.);
#12987=VECTOR('',#6740,1.);
#12988=LINE('',#12863,#12987);
#12989=EDGE_CURVE('',#12864,#12862,#12988,.T.);
#12990=ORIENTED_EDGE('',*,*,#12989,.F.);
#12991=VECTOR('',#6745,1.);
#12992=LINE('',#12865,#12991);
#12993=EDGE_CURVE('',#12866,#12864,#12992,.T.);
#12994=ORIENTED_EDGE('',*,*,#12993,.F.);
#12995=VECTOR('',#6750,1.);
#12996=LINE('',#12867,#12995);
#12997=EDGE_CURVE('',#12868,#12866,#12996,.T.);
#12998=ORIENTED_EDGE('',*,*,#12997,.F.);
#12999=VECTOR('',#6755,1.);
#13000=LINE('',#12869,#12999);
#13001=EDGE_CURVE('',#12870,#12868,#13000,.T.);
#13002=ORIENTED_EDGE('',*,*,#13001,.F.);
#13003=VECTOR('',#6760,1.);
#13004=LINE('',#12871,#13003);
#13005=EDGE_CURVE('',#12872,#12870,#13004,.T.);
#13006=ORIENTED_EDGE('',*,*,#13005,.F.);
#13007=VECTOR('',#6765,1.);
#13008=LINE('',#12873,#13007);
#13009=EDGE_CURVE('',#12874,#12872,#13008,.T.);
#13010=ORIENTED_EDGE('',*,*,#13009,.F.);
#13011=VECTOR('',#6770,1.);
#13012=LINE('',#12875,#13011);
#13013=EDGE_CURVE('',#12876,#12874,#13012,.T.);
#13014=ORIENTED_EDGE('',*,*,#13013,.F.);
#13015=VECTOR('',#281,1.);
#13016=LINE('',#12877,#13015);
#13017=EDGE_CURVE('',#12878,#12876,#13016,.T.);
#13018=ORIENTED_EDGE('',*,*,#13017,.F.);
#13019=VECTOR('',#1576,1.);
#13020=LINE('',#12879,#13019);
#13021=EDGE_CURVE('',#12880,#12878,#13020,.T.);
#13022=ORIENTED_EDGE('',*,*,#13021,.F.);
#13023=VECTOR('',#1571,1.);
#13024=LINE('',#12879,#13023);
#13025=EDGE_CURVE('',#12880,#12882,#13024,.T.);
#13026=ORIENTED_EDGE('',*,*,#13025,.T.);
#13027=VECTOR('',#386,1.);
#13028=LINE('',#12881,#13027);
#13029=EDGE_CURVE('',#12882,#12884,#13028,.T.);
#13030=ORIENTED_EDGE('',*,*,#13029,.T.);
#13031=VECTOR('',#6679,1.);
#13032=LINE('',#12883,#13031);
#13033=EDGE_CURVE('',#12884,#12886,#13032,.T.);
#13034=ORIENTED_EDGE('',*,*,#13033,.T.);
#13035=VECTOR('',#6684,1.);
#13036=LINE('',#12885,#13035);
#13037=EDGE_CURVE('',#12886,#12888,#13036,.T.);
#13038=ORIENTED_EDGE('',*,*,#13037,.T.);
#13039=VECTOR('',#6689,1.);
#13040=LINE('',#12887,#13039);
#13041=EDGE_CURVE('',#12888,#12890,#13040,.T.);
#13042=ORIENTED_EDGE('',*,*,#13041,.T.);
#13043=VECTOR('',#6694,1.);
#13044=LINE('',#12889,#13043);
#13045=EDGE_CURVE('',#12890,#12892,#13044,.T.);
#13046=ORIENTED_EDGE('',*,*,#13045,.T.);
#13047=VECTOR('',#6699,1.);
#13048=LINE('',#12891,#13047);
#13049=EDGE_CURVE('',#12892,#12894,#13048,.T.);
#13050=ORIENTED_EDGE('',*,*,#13049,.T.);
#13051=VECTOR('',#6704,1.);
#13052=LINE('',#12893,#13051);
#13053=EDGE_CURVE('',#12894,#12896,#13052,.T.);
#13054=ORIENTED_EDGE('',*,*,#13053,.T.);
#13055=VECTOR('',#6709,1.);
#13056=LINE('',#12895,#13055);
#13057=EDGE_CURVE('',#12896,#12898,#13056,.T.);
#13058=ORIENTED_EDGE('',*,*,#13057,.T.);
#13059=VECTOR('',#6714,1.);
#13060=LINE('',#12897,#13059);
#13061=EDGE_CURVE('',#12898,#12900,#13060,.T.);
#13062=ORIENTED_EDGE('',*,*,#13061,.T.);
#13063=VECTOR('',#341,1.);
#13064=LINE('',#12899,#13063);
#13065=EDGE_CURVE('',#12900,#12902,#13064,.T.);
#13066=ORIENTED_EDGE('',*,*,#13065,.T.);
#13067=VECTOR('',#1518,1.);
#13068=LINE('',#12901,#13067);
#13069=EDGE_CURVE('',#12902,#12904,#13068,.T.);
#13070=ORIENTED_EDGE('',*,*,#13069,.T.);
#13071=VECTOR('',#1513,1.);
#13072=LINE('',#12903,#13071);
#13073=EDGE_CURVE('',#12904,#12906,#13072,.T.);
#13074=ORIENTED_EDGE('',*,*,#13073,.T.);
#13075=VECTOR('',#326,1.);
#13076=LINE('',#12905,#13075);
#13077=EDGE_CURVE('',#12906,#12908,#13076,.T.);
#13078=ORIENTED_EDGE('',*,*,#13077,.T.);
#13079=VECTOR('',#6735,1.);
#13080=LINE('',#12907,#13079);
#13081=EDGE_CURVE('',#12908,#12910,#13080,.T.);
#13082=ORIENTED_EDGE('',*,*,#13081,.T.);
#13083=VECTOR('',#6740,1.);
#13084=LINE('',#12909,#13083);
#13085=EDGE_CURVE('',#12910,#12912,#13084,.T.);
#13086=ORIENTED_EDGE('',*,*,#13085,.T.);
#13087=VECTOR('',#6745,1.);
#13088=LINE('',#12911,#13087);
#13089=EDGE_CURVE('',#12912,#12914,#13088,.T.);
#13090=ORIENTED_EDGE('',*,*,#13089,.T.);
#13091=VECTOR('',#6750,1.);
#13092=LINE('',#12913,#13091);
#13093=EDGE_CURVE('',#12914,#12916,#13092,.T.);
#13094=ORIENTED_EDGE('',*,*,#13093,.T.);
#13095=VECTOR('',#6755,1.);
#13096=LINE('',#12915,#13095);
#13097=EDGE_CURVE('',#12916,#12918,#13096,.T.);
#13098=ORIENTED_EDGE('',*,*,#13097,.T.);
#13099=VECTOR('',#6760,1.);
#13100=LINE('',#12917,#13099);
#13101=EDGE_CURVE('',#12918,#12920,#13100,.T.);
#13102=ORIENTED_EDGE('',*,*,#13101,.T.);
#13103=VECTOR('',#6765,1.);
#13104=LINE('',#12919,#13103);
#13105=EDGE_CURVE('',#12920,#12922,#13104,.T.);
#13106=ORIENTED_EDGE('',*,*,#13105,.T.);
#13107=VECTOR('',#6770,1.);
#13108=LINE('',#12921,#13107);
#13109=EDGE_CURVE('',#12922,#12924,#13108,.T.);
#13110=ORIENTED_EDGE('',*,*,#13109,.T.);
#13111=VECTOR('',#281,1.);
#13112=LINE('',#12923,#13111);
#13113=EDGE_CURVE('',#12924,#12926,#13112,.T.);
#13114=ORIENTED_EDGE('',*,*,#13113,.T.);
#13115=VECTOR('',#1576,1.);
#13116=LINE('',#12925,#13115);
#13117=EDGE_CURVE('',#12926,#12832,#13116,.T.);
#13118=ORIENTED_EDGE('',*,*,#13117,.T.);
#13119=EDGE_LOOP('',(#12930,#12934,#12938,#12942,#12946,#12950,#12954,#12958,#12962,#12966,#12970,#12974,#12978,#12982,#12986,#12990,#12994,#12998,#13002,#13006,#13010,#13014,#13018,#13022,#13026,#13030,#13034,#13038,#13042,#13046,#13050,#13054,#13058,#13062,#13066,#13070,#13074,#13078,#13082,#13086,#13090,#13094,#13098,#13102,#13106,#13110,#13114,#13118));
#13120=FACE_OUTER_BOUND('',#13119,.T.);
#13121=ORIENTED_EDGE('',*,*,#3005,.F.);
#13122=ORIENTED_EDGE('',*,*,#3001,.F.);
#13123=ORIENTED_EDGE('',*,*,#2997,.F.);
#13124=ORIENTED_EDGE('',*,*,#2993,.F.);
#13125=ORIENTED_EDGE('',*,*,#2989,.F.);
#13126=ORIENTED_EDGE('',*,*,#2985,.F.);
#13127=ORIENTED_EDGE('',*,*,#2981,.F.);
#13128=ORIENTED_EDGE('',*,*,#2977,.F.);
#13129=ORIENTED_EDGE('',*,*,#2973,.F.);
#13130=ORIENTED_EDGE('',*,*,#2969,.F.);
#13131=ORIENTED_EDGE('',*,*,#2965,.F.);
#13132=ORIENTED_EDGE('',*,*,#2961,.F.);
#13133=ORIENTED_EDGE('',*,*,#2957,.F.);
#13134=ORIENTED_EDGE('',*,*,#2953,.F.);
#13135=ORIENTED_EDGE('',*,*,#2949,.F.);
#13136=ORIENTED_EDGE('',*,*,#2945,.F.);
#13137=ORIENTED_EDGE('',*,*,#2941,.F.);
#13138=ORIENTED_EDGE('',*,*,#2937,.F.);
#13139=ORIENTED_EDGE('',*,*,#2933,.F.);
#13140=ORIENTED_EDGE('',*,*,#2929,.F.);
#13141=ORIENTED_EDGE('',*,*,#2925,.F.);
#13142=ORIENTED_EDGE('',*,*,#2921,.F.);
#13143=ORIENTED_EDGE('',*,*,#2917,.F.);
#13144=ORIENTED_EDGE('',*,*,#2913,.T.);
#13145=ORIENTED_EDGE('',*,*,#2909,.T.);
#13146=ORIENTED_EDGE('',*,*,#2905,.T.);
#13147=ORIENTED_EDGE('',*,*,#2901,.T.);
#13148=ORIENTED_EDGE('',*,*,#2897,.T.);
#13149=ORIENTED_EDGE('',*,*,#2893,.T.);
#13150=ORIENTED_EDGE('',*,*,#2889,.T.);
#13151=ORIENTED_EDGE('',*,*,#2885,.T.);
#13152=ORIENTED_EDGE('',*,*,#2881,.T.);
#13153=ORIENTED_EDGE('',*,*,#2877,.T.);
#13154=ORIENTED_EDGE('',*,*,#2873,.T.);
#13155=ORIENTED_EDGE('',*,*,#2869,.T.);
#13156=ORIENTED_EDGE('',*,*,#2865,.T.);
#13157=ORIENTED_EDGE('',*,*,#2861,.T.);
#13158=ORIENTED_EDGE('',*,*,#2857,.T.);
#13159=ORIENTED_EDGE('',*,*,#2853,.T.);
#13160=ORIENTED_EDGE('',*,*,#2849,.T.);
#13161=ORIENTED_EDGE('',*,*,#2845,.T.);
#13162=ORIENTED_EDGE('',*,*,#2841,.T.);
#13163=ORIENTED_EDGE('',*,*,#2837,.T.);
#13164=ORIENTED_EDGE('',*,*,#2833,.T.);
#13165=ORIENTED_EDGE('',*,*,#2829,.T.);
#13166=ORIENTED_EDGE('',*,*,#2825,.T.);
#13167=ORIENTED_EDGE('',*,*,#2821,.T.);
#13168=ORIENTED_EDGE('',*,*,#3009,.F.);
#13169=EDGE_LOOP('',(#13121,#13122,#13123,#13124,#13125,#13126,#13127,#13128,#13129,#13130,#13131,#13132,#13133,#13134,#13135,#13136,#13137,#13138,#13139,#13140,#13141,#13142,#13143,#13144,#13145,#13146,#13147,#13148,#13149,#13150,#13151,#13152,#13153,#13154,#13155,#13156,#13157,#13158,#13159,#13160,#13161,#13162,#13163,#13164,#13165,#13166,#13167,#13168));
#13170=FACE_BOUND('',#13169,.T.);
#13171=AXIS2_PLACEMENT_3D('',#12831,#1679,#87);
#13172=PLANE('',#13171);
#13173=ADVANCED_FACE('',(#13120,#13170),#13172,.T.);
#13174=CARTESIAN_POINT('',(19.4743346,-20.8915786,0.));
#13175=VERTEX_POINT('',#13174);
#13176=CARTESIAN_POINT('',(19.3977775,-21.2764571,0.));
#13177=VERTEX_POINT('',#13176);
#13178=CARTESIAN_POINT('',(19.2716386,-21.6480503,0.));
#13179=VERTEX_POINT('',#13178);
#13180=CARTESIAN_POINT('',(19.0980762,-22.,0.));
#13181=VERTEX_POINT('',#13180);
#13182=CARTESIAN_POINT('',(18.88006,-22.3262843,0.));
#13183=VERTEX_POINT('',#13182);
#13184=CARTESIAN_POINT('',(18.6213203,-22.6213203,0.));
#13185=VERTEX_POINT('',#13184);
#13186=CARTESIAN_POINT('',(18.3262843,-22.88006,0.));
#13187=VERTEX_POINT('',#13186);
#13188=CARTESIAN_POINT('',(18.,-23.0980762,0.));
#13189=VERTEX_POINT('',#13188);
#13190=CARTESIAN_POINT('',(17.6480503,-23.2716386,0.));
#13191=VERTEX_POINT('',#13190);
#13192=CARTESIAN_POINT('',(17.2764571,-23.3977775,0.));
#13193=VERTEX_POINT('',#13192);
#13194=CARTESIAN_POINT('',(16.8915786,-23.4743346,0.));
#13195=VERTEX_POINT('',#13194);
#13196=CARTESIAN_POINT('',(16.5,-23.5,0.));
#13197=VERTEX_POINT('',#13196);
#13198=CARTESIAN_POINT('',(16.1084214,-23.4743346,0.));
#13199=VERTEX_POINT('',#13198);
#13200=CARTESIAN_POINT('',(15.7235429,-23.3977775,0.));
#13201=VERTEX_POINT('',#13200);
#13202=CARTESIAN_POINT('',(15.3519497,-23.2716386,0.));
#13203=VERTEX_POINT('',#13202);
#13204=CARTESIAN_POINT('',(15.,-23.0980762,0.));
#13205=VERTEX_POINT('',#13204);
#13206=CARTESIAN_POINT('',(14.6737157,-22.88006,0.));
#13207=VERTEX_POINT('',#13206);
#13208=CARTESIAN_POINT('',(14.3786797,-22.6213203,0.));
#13209=VERTEX_POINT('',#13208);
#13210=CARTESIAN_POINT('',(14.11994,-22.3262843,0.));
#13211=VERTEX_POINT('',#13210);
#13212=CARTESIAN_POINT('',(13.9019238,-22.,0.));
#13213=VERTEX_POINT('',#13212);
#13214=CARTESIAN_POINT('',(13.7283614,-21.6480503,0.));
#13215=VERTEX_POINT('',#13214);
#13216=CARTESIAN_POINT('',(13.6022225,-21.2764571,0.));
#13217=VERTEX_POINT('',#13216);
#13218=CARTESIAN_POINT('',(13.5256654,-20.8915786,0.));
#13219=VERTEX_POINT('',#13218);
#13220=CARTESIAN_POINT('',(13.5,-20.5,0.));
#13221=VERTEX_POINT('',#13220);
#13222=CARTESIAN_POINT('',(13.5256654,-20.1084214,0.));
#13223=VERTEX_POINT('',#13222);
#13224=CARTESIAN_POINT('',(13.6022225,-19.7235429,0.));
#13225=VERTEX_POINT('',#13224);
#13226=CARTESIAN_POINT('',(13.7283614,-19.3519497,0.));
#13227=VERTEX_POINT('',#13226);
#13228=CARTESIAN_POINT('',(13.9019238,-19.,0.));
#13229=VERTEX_POINT('',#13228);
#13230=CARTESIAN_POINT('',(14.11994,-18.6737157,0.));
#13231=VERTEX_POINT('',#13230);
#13232=CARTESIAN_POINT('',(14.3786797,-18.3786797,0.));
#13233=VERTEX_POINT('',#13232);
#13234=CARTESIAN_POINT('',(14.6737157,-18.11994,0.));
#13235=VERTEX_POINT('',#13234);
#13236=CARTESIAN_POINT('',(15.,-17.9019238,0.));
#13237=VERTEX_POINT('',#13236);
#13238=CARTESIAN_POINT('',(15.3519497,-17.7283614,0.));
#13239=VERTEX_POINT('',#13238);
#13240=CARTESIAN_POINT('',(15.7235429,-17.6022225,0.));
#13241=VERTEX_POINT('',#13240);
#13242=CARTESIAN_POINT('',(16.1084214,-17.5256654,0.));
#13243=VERTEX_POINT('',#13242);
#13244=CARTESIAN_POINT('',(16.5,-17.5,0.));
#13245=VERTEX_POINT('',#13244);
#13246=CARTESIAN_POINT('',(16.8915786,-17.5256654,0.));
#13247=VERTEX_POINT('',#13246);
#13248=CARTESIAN_POINT('',(17.2764571,-17.6022225,0.));
#13249=VERTEX_POINT('',#13248);
#13250=CARTESIAN_POINT('',(17.6480503,-17.7283614,0.));
#13251=VERTEX_POINT('',#13250);
#13252=CARTESIAN_POINT('',(18.,-17.9019238,0.));
#13253=VERTEX_POINT('',#13252);
#13254=CARTESIAN_POINT('',(18.3262843,-18.11994,0.));
#13255=VERTEX_POINT('',#13254);
#13256=CARTESIAN_POINT('',(18.6213203,-18.3786797,0.));
#13257=VERTEX_POINT('',#13256);
#13258=CARTESIAN_POINT('',(18.88006,-18.6737157,0.));
#13259=VERTEX_POINT('',#13258);
#13260=CARTESIAN_POINT('',(19.0980762,-19.,0.));
#13261=VERTEX_POINT('',#13260);
#13262=CARTESIAN_POINT('',(19.2716386,-19.3519497,0.));
#13263=VERTEX_POINT('',#13262);
#13264=CARTESIAN_POINT('',(19.3977775,-19.7235429,0.));
#13265=VERTEX_POINT('',#13264);
#13266=CARTESIAN_POINT('',(19.4743346,-20.1084214,0.));
#13267=VERTEX_POINT('',#13266);
#13268=CARTESIAN_POINT('',(19.5,-20.5,0.));
#13269=VERTEX_POINT('',#13268);
#13270=VECTOR('',#281,1.);
#13271=LINE('',#13176,#13270);
#13272=EDGE_CURVE('',#13177,#13175,#13271,.T.);
#13273=ORIENTED_EDGE('',*,*,#13272,.F.);
#13274=VECTOR('',#6770,1.);
#13275=LINE('',#13178,#13274);
#13276=EDGE_CURVE('',#13179,#13177,#13275,.T.);
#13277=ORIENTED_EDGE('',*,*,#13276,.F.);
#13278=VECTOR('',#6765,1.);
#13279=LINE('',#13180,#13278);
#13280=EDGE_CURVE('',#13181,#13179,#13279,.T.);
#13281=ORIENTED_EDGE('',*,*,#13280,.F.);
#13282=VECTOR('',#6760,1.);
#13283=LINE('',#13182,#13282);
#13284=EDGE_CURVE('',#13183,#13181,#13283,.T.);
#13285=ORIENTED_EDGE('',*,*,#13284,.F.);
#13286=VECTOR('',#6755,1.);
#13287=LINE('',#13184,#13286);
#13288=EDGE_CURVE('',#13185,#13183,#13287,.T.);
#13289=ORIENTED_EDGE('',*,*,#13288,.F.);
#13290=VECTOR('',#6750,1.);
#13291=LINE('',#13186,#13290);
#13292=EDGE_CURVE('',#13187,#13185,#13291,.T.);
#13293=ORIENTED_EDGE('',*,*,#13292,.F.);
#13294=VECTOR('',#6745,1.);
#13295=LINE('',#13188,#13294);
#13296=EDGE_CURVE('',#13189,#13187,#13295,.T.);
#13297=ORIENTED_EDGE('',*,*,#13296,.F.);
#13298=VECTOR('',#6740,1.);
#13299=LINE('',#13190,#13298);
#13300=EDGE_CURVE('',#13191,#13189,#13299,.T.);
#13301=ORIENTED_EDGE('',*,*,#13300,.F.);
#13302=VECTOR('',#6735,1.);
#13303=LINE('',#13192,#13302);
#13304=EDGE_CURVE('',#13193,#13191,#13303,.T.);
#13305=ORIENTED_EDGE('',*,*,#13304,.F.);
#13306=VECTOR('',#326,1.);
#13307=LINE('',#13194,#13306);
#13308=EDGE_CURVE('',#13195,#13193,#13307,.T.);
#13309=ORIENTED_EDGE('',*,*,#13308,.F.);
#13310=VECTOR('',#1513,1.);
#13311=LINE('',#13196,#13310);
#13312=EDGE_CURVE('',#13197,#13195,#13311,.T.);
#13313=ORIENTED_EDGE('',*,*,#13312,.F.);
#13314=VECTOR('',#1518,1.);
#13315=LINE('',#13198,#13314);
#13316=EDGE_CURVE('',#13199,#13197,#13315,.T.);
#13317=ORIENTED_EDGE('',*,*,#13316,.F.);
#13318=VECTOR('',#341,1.);
#13319=LINE('',#13200,#13318);
#13320=EDGE_CURVE('',#13201,#13199,#13319,.T.);
#13321=ORIENTED_EDGE('',*,*,#13320,.F.);
#13322=VECTOR('',#6714,1.);
#13323=LINE('',#13202,#13322);
#13324=EDGE_CURVE('',#13203,#13201,#13323,.T.);
#13325=ORIENTED_EDGE('',*,*,#13324,.F.);
#13326=VECTOR('',#6709,1.);
#13327=LINE('',#13204,#13326);
#13328=EDGE_CURVE('',#13205,#13203,#13327,.T.);
#13329=ORIENTED_EDGE('',*,*,#13328,.F.);
#13330=VECTOR('',#6704,1.);
#13331=LINE('',#13206,#13330);
#13332=EDGE_CURVE('',#13207,#13205,#13331,.T.);
#13333=ORIENTED_EDGE('',*,*,#13332,.F.);
#13334=VECTOR('',#6699,1.);
#13335=LINE('',#13208,#13334);
#13336=EDGE_CURVE('',#13209,#13207,#13335,.T.);
#13337=ORIENTED_EDGE('',*,*,#13336,.F.);
#13338=VECTOR('',#6694,1.);
#13339=LINE('',#13210,#13338);
#13340=EDGE_CURVE('',#13211,#13209,#13339,.T.);
#13341=ORIENTED_EDGE('',*,*,#13340,.F.);
#13342=VECTOR('',#6689,1.);
#13343=LINE('',#13212,#13342);
#13344=EDGE_CURVE('',#13213,#13211,#13343,.T.);
#13345=ORIENTED_EDGE('',*,*,#13344,.F.);
#13346=VECTOR('',#6684,1.);
#13347=LINE('',#13214,#13346);
#13348=EDGE_CURVE('',#13215,#13213,#13347,.T.);
#13349=ORIENTED_EDGE('',*,*,#13348,.F.);
#13350=VECTOR('',#6679,1.);
#13351=LINE('',#13216,#13350);
#13352=EDGE_CURVE('',#13217,#13215,#13351,.T.);
#13353=ORIENTED_EDGE('',*,*,#13352,.F.);
#13354=VECTOR('',#386,1.);
#13355=LINE('',#13218,#13354);
#13356=EDGE_CURVE('',#13219,#13217,#13355,.T.);
#13357=ORIENTED_EDGE('',*,*,#13356,.F.);
#13358=VECTOR('',#1571,1.);
#13359=LINE('',#13220,#13358);
#13360=EDGE_CURVE('',#13221,#13219,#13359,.T.);
#13361=ORIENTED_EDGE('',*,*,#13360,.F.);
#13362=VECTOR('',#1576,1.);
#13363=LINE('',#13220,#13362);
#13364=EDGE_CURVE('',#13221,#13223,#13363,.T.);
#13365=ORIENTED_EDGE('',*,*,#13364,.T.);
#13366=VECTOR('',#281,1.);
#13367=LINE('',#13222,#13366);
#13368=EDGE_CURVE('',#13223,#13225,#13367,.T.);
#13369=ORIENTED_EDGE('',*,*,#13368,.T.);
#13370=VECTOR('',#6770,1.);
#13371=LINE('',#13224,#13370);
#13372=EDGE_CURVE('',#13225,#13227,#13371,.T.);
#13373=ORIENTED_EDGE('',*,*,#13372,.T.);
#13374=VECTOR('',#6765,1.);
#13375=LINE('',#13226,#13374);
#13376=EDGE_CURVE('',#13227,#13229,#13375,.T.);
#13377=ORIENTED_EDGE('',*,*,#13376,.T.);
#13378=VECTOR('',#6760,1.);
#13379=LINE('',#13228,#13378);
#13380=EDGE_CURVE('',#13229,#13231,#13379,.T.);
#13381=ORIENTED_EDGE('',*,*,#13380,.T.);
#13382=VECTOR('',#6755,1.);
#13383=LINE('',#13230,#13382);
#13384=EDGE_CURVE('',#13231,#13233,#13383,.T.);
#13385=ORIENTED_EDGE('',*,*,#13384,.T.);
#13386=VECTOR('',#6750,1.);
#13387=LINE('',#13232,#13386);
#13388=EDGE_CURVE('',#13233,#13235,#13387,.T.);
#13389=ORIENTED_EDGE('',*,*,#13388,.T.);
#13390=VECTOR('',#6745,1.);
#13391=LINE('',#13234,#13390);
#13392=EDGE_CURVE('',#13235,#13237,#13391,.T.);
#13393=ORIENTED_EDGE('',*,*,#13392,.T.);
#13394=VECTOR('',#6740,1.);
#13395=LINE('',#13236,#13394);
#13396=EDGE_CURVE('',#13237,#13239,#13395,.T.);
#13397=ORIENTED_EDGE('',*,*,#13396,.T.);
#13398=VECTOR('',#6735,1.);
#13399=LINE('',#13238,#13398);
#13400=EDGE_CURVE('',#13239,#13241,#13399,.T.);
#13401=ORIENTED_EDGE('',*,*,#13400,.T.);
#13402=VECTOR('',#326,1.);
#13403=LINE('',#13240,#13402);
#13404=EDGE_CURVE('',#13241,#13243,#13403,.T.);
#13405=ORIENTED_EDGE('',*,*,#13404,.T.);
#13406=VECTOR('',#1513,1.);
#13407=LINE('',#13242,#13406);
#13408=EDGE_CURVE('',#13243,#13245,#13407,.T.);
#13409=ORIENTED_EDGE('',*,*,#13408,.T.);
#13410=VECTOR('',#1518,1.);
#13411=LINE('',#13244,#13410);
#13412=EDGE_CURVE('',#13245,#13247,#13411,.T.);
#13413=ORIENTED_EDGE('',*,*,#13412,.T.);
#13414=VECTOR('',#341,1.);
#13415=LINE('',#13246,#13414);
#13416=EDGE_CURVE('',#13247,#13249,#13415,.T.);
#13417=ORIENTED_EDGE('',*,*,#13416,.T.);
#13418=VECTOR('',#6714,1.);
#13419=LINE('',#13248,#13418);
#13420=EDGE_CURVE('',#13249,#13251,#13419,.T.);
#13421=ORIENTED_EDGE('',*,*,#13420,.T.);
#13422=VECTOR('',#6709,1.);
#13423=LINE('',#13250,#13422);
#13424=EDGE_CURVE('',#13251,#13253,#13423,.T.);
#13425=ORIENTED_EDGE('',*,*,#13424,.T.);
#13426=VECTOR('',#6704,1.);
#13427=LINE('',#13252,#13426);
#13428=EDGE_CURVE('',#13253,#13255,#13427,.T.);
#13429=ORIENTED_EDGE('',*,*,#13428,.T.);
#13430=VECTOR('',#6699,1.);
#13431=LINE('',#13254,#13430);
#13432=EDGE_CURVE('',#13255,#13257,#13431,.T.);
#13433=ORIENTED_EDGE('',*,*,#13432,.T.);
#13434=VECTOR('',#6694,1.);
#13435=LINE('',#13256,#13434);
#13436=EDGE_CURVE('',#13257,#13259,#13435,.T.);
#13437=ORIENTED_EDGE('',*,*,#13436,.T.);
#13438=VECTOR('',#6689,1.);
#13439=LINE('',#13258,#13438);
#13440=EDGE_CURVE('',#13259,#13261,#13439,.T.);
#13441=ORIENTED_EDGE('',*,*,#13440,.T.);
#13442=VECTOR('',#6684,1.);
#13443=LINE('',#13260,#13442);
#13444=EDGE_CURVE('',#13261,#13263,#13443,.T.);
#13445=ORIENTED_EDGE('',*,*,#13444,.T.);
#13446=VECTOR('',#6679,1.);
#13447=LINE('',#13262,#13446);
#13448=EDGE_CURVE('',#13263,#13265,#13447,.T.);
#13449=ORIENTED_EDGE('',*,*,#13448,.T.);
#13450=VECTOR('',#386,1.);
#13451=LINE('',#13264,#13450);
#13452=EDGE_CURVE('',#13265,#13267,#13451,.T.);
#13453=ORIENTED_EDGE('',*,*,#13452,.T.);
#13454=VECTOR('',#1571,1.);
#13455=LINE('',#13266,#13454);
#13456=EDGE_CURVE('',#13267,#13269,#13455,.T.);
#13457=ORIENTED_EDGE('',*,*,#13456,.T.);
#13458=VECTOR('',#1576,1.);
#13459=LINE('',#13174,#13458);
#13460=EDGE_CURVE('',#13175,#13269,#13459,.T.);
#13461=ORIENTED_EDGE('',*,*,#13460,.F.);
#13462=EDGE_LOOP('',(#13273,#13277,#13281,#13285,#13289,#13293,#13297,#13301,#13305,#13309,#13313,#13317,#13321,#13325,#13329,#13333,#13337,#13341,#13345,#13349,#13353,#13357,#13361,#13365,#13369,#13373,#13377,#13381,#13385,#13389,#13393,#13397,#13401,#13405,#13409,#13413,#13417,#13421,#13425,#13429,#13433,#13437,#13441,#13445,#13449,#13453,#13457,#13461));
#13463=FACE_OUTER_BOUND('',#13462,.T.);
#13464=CARTESIAN_POINT('',(17.7,-20.5,0.));
#13465=VERTEX_POINT('',#13464);
#13466=CARTESIAN_POINT('',(17.6897338,-20.3433686,0.));
#13467=VERTEX_POINT('',#13466);
#13468=CARTESIAN_POINT('',(17.659111,-20.1894171,0.));
#13469=VERTEX_POINT('',#13468);
#13470=CARTESIAN_POINT('',(17.6086554,-20.0407799,0.));
#13471=VERTEX_POINT('',#13470);
#13472=CARTESIAN_POINT('',(17.5392305,-19.9,0.));
#13473=VERTEX_POINT('',#13472);
#13474=CARTESIAN_POINT('',(17.452024,-19.7694863,0.));
#13475=VERTEX_POINT('',#13474);
#13476=CARTESIAN_POINT('',(17.3485281,-19.6514719,0.));
#13477=VERTEX_POINT('',#13476);
#13478=CARTESIAN_POINT('',(17.2305137,-19.547976,0.));
#13479=VERTEX_POINT('',#13478);
#13480=CARTESIAN_POINT('',(17.1,-19.4607695,0.));
#13481=VERTEX_POINT('',#13480);
#13482=CARTESIAN_POINT('',(16.9592201,-19.3913446,0.));
#13483=VERTEX_POINT('',#13482);
#13484=CARTESIAN_POINT('',(16.8105829,-19.340889,0.));
#13485=VERTEX_POINT('',#13484);
#13486=CARTESIAN_POINT('',(16.6566314,-19.3102662,0.));
#13487=VERTEX_POINT('',#13486);
#13488=CARTESIAN_POINT('',(16.5,-19.3,0.));
#13489=VERTEX_POINT('',#13488);
#13490=CARTESIAN_POINT('',(16.3433686,-19.3102662,0.));
#13491=VERTEX_POINT('',#13490);
#13492=CARTESIAN_POINT('',(16.1894171,-19.340889,0.));
#13493=VERTEX_POINT('',#13492);
#13494=CARTESIAN_POINT('',(16.0407799,-19.3913446,0.));
#13495=VERTEX_POINT('',#13494);
#13496=CARTESIAN_POINT('',(15.9,-19.4607695,0.));
#13497=VERTEX_POINT('',#13496);
#13498=CARTESIAN_POINT('',(15.7694863,-19.547976,0.));
#13499=VERTEX_POINT('',#13498);
#13500=CARTESIAN_POINT('',(15.6514719,-19.6514719,0.));
#13501=VERTEX_POINT('',#13500);
#13502=CARTESIAN_POINT('',(15.547976,-19.7694863,0.));
#13503=VERTEX_POINT('',#13502);
#13504=CARTESIAN_POINT('',(15.4607695,-19.9,0.));
#13505=VERTEX_POINT('',#13504);
#13506=CARTESIAN_POINT('',(15.3913446,-20.0407799,0.));
#13507=VERTEX_POINT('',#13506);
#13508=CARTESIAN_POINT('',(15.340889,-20.1894171,0.));
#13509=VERTEX_POINT('',#13508);
#13510=CARTESIAN_POINT('',(15.3102662,-20.3433686,0.));
#13511=VERTEX_POINT('',#13510);
#13512=CARTESIAN_POINT('',(15.3,-20.5,0.));
#13513=VERTEX_POINT('',#13512);
#13514=CARTESIAN_POINT('',(15.3102662,-20.6566314,0.));
#13515=VERTEX_POINT('',#13514);
#13516=CARTESIAN_POINT('',(15.340889,-20.8105829,0.));
#13517=VERTEX_POINT('',#13516);
#13518=CARTESIAN_POINT('',(15.3913446,-20.9592201,0.));
#13519=VERTEX_POINT('',#13518);
#13520=CARTESIAN_POINT('',(15.4607695,-21.1,0.));
#13521=VERTEX_POINT('',#13520);
#13522=CARTESIAN_POINT('',(15.547976,-21.2305137,0.));
#13523=VERTEX_POINT('',#13522);
#13524=CARTESIAN_POINT('',(15.6514719,-21.3485281,0.));
#13525=VERTEX_POINT('',#13524);
#13526=CARTESIAN_POINT('',(15.7694863,-21.452024,0.));
#13527=VERTEX_POINT('',#13526);
#13528=CARTESIAN_POINT('',(15.9,-21.5392305,0.));
#13529=VERTEX_POINT('',#13528);
#13530=CARTESIAN_POINT('',(16.0407799,-21.6086554,0.));
#13531=VERTEX_POINT('',#13530);
#13532=CARTESIAN_POINT('',(16.1894171,-21.659111,0.));
#13533=VERTEX_POINT('',#13532);
#13534=CARTESIAN_POINT('',(16.3433686,-21.6897338,0.));
#13535=VERTEX_POINT('',#13534);
#13536=CARTESIAN_POINT('',(16.5,-21.7,0.));
#13537=VERTEX_POINT('',#13536);
#13538=CARTESIAN_POINT('',(16.6566314,-21.6897338,0.));
#13539=VERTEX_POINT('',#13538);
#13540=CARTESIAN_POINT('',(16.8105829,-21.659111,0.));
#13541=VERTEX_POINT('',#13540);
#13542=CARTESIAN_POINT('',(16.9592201,-21.6086554,0.));
#13543=VERTEX_POINT('',#13542);
#13544=CARTESIAN_POINT('',(17.1,-21.5392305,0.));
#13545=VERTEX_POINT('',#13544);
#13546=CARTESIAN_POINT('',(17.2305137,-21.452024,0.));
#13547=VERTEX_POINT('',#13546);
#13548=CARTESIAN_POINT('',(17.3485281,-21.3485281,0.));
#13549=VERTEX_POINT('',#13548);
#13550=CARTESIAN_POINT('',(17.452024,-21.2305137,0.));
#13551=VERTEX_POINT('',#13550);
#13552=CARTESIAN_POINT('',(17.5392305,-21.1,0.));
#13553=VERTEX_POINT('',#13552);
#13554=CARTESIAN_POINT('',(17.6086554,-20.9592201,0.));
#13555=VERTEX_POINT('',#13554);
#13556=CARTESIAN_POINT('',(17.659111,-20.8105829,0.));
#13557=VERTEX_POINT('',#13556);
#13558=CARTESIAN_POINT('',(17.6897338,-20.6566314,0.));
#13559=VERTEX_POINT('',#13558);
#13560=VECTOR('',#391,1.);
#13561=LINE('',#13466,#13560);
#13562=EDGE_CURVE('',#13467,#13465,#13561,.T.);
#13563=ORIENTED_EDGE('',*,*,#13562,.F.);
#13564=VECTOR('',#386,1.);
#13565=LINE('',#13468,#13564);
#13566=EDGE_CURVE('',#13469,#13467,#13565,.T.);
#13567=ORIENTED_EDGE('',*,*,#13566,.F.);
#13568=VECTOR('',#381,1.);
#13569=LINE('',#13470,#13568);
#13570=EDGE_CURVE('',#13471,#13469,#13569,.T.);
#13571=ORIENTED_EDGE('',*,*,#13570,.F.);
#13572=VECTOR('',#376,1.);
#13573=LINE('',#13472,#13572);
#13574=EDGE_CURVE('',#13473,#13471,#13573,.T.);
#13575=ORIENTED_EDGE('',*,*,#13574,.F.);
#13576=VECTOR('',#371,1.);
#13577=LINE('',#13474,#13576);
#13578=EDGE_CURVE('',#13475,#13473,#13577,.T.);
#13579=ORIENTED_EDGE('',*,*,#13578,.F.);
#13580=VECTOR('',#366,1.);
#13581=LINE('',#13476,#13580);
#13582=EDGE_CURVE('',#13477,#13475,#13581,.T.);
#13583=ORIENTED_EDGE('',*,*,#13582,.F.);
#13584=VECTOR('',#361,1.);
#13585=LINE('',#13478,#13584);
#13586=EDGE_CURVE('',#13479,#13477,#13585,.T.);
#13587=ORIENTED_EDGE('',*,*,#13586,.F.);
#13588=VECTOR('',#356,1.);
#13589=LINE('',#13480,#13588);
#13590=EDGE_CURVE('',#13481,#13479,#13589,.T.);
#13591=ORIENTED_EDGE('',*,*,#13590,.F.);
#13592=VECTOR('',#351,1.);
#13593=LINE('',#13482,#13592);
#13594=EDGE_CURVE('',#13483,#13481,#13593,.T.);
#13595=ORIENTED_EDGE('',*,*,#13594,.F.);
#13596=VECTOR('',#346,1.);
#13597=LINE('',#13484,#13596);
#13598=EDGE_CURVE('',#13485,#13483,#13597,.T.);
#13599=ORIENTED_EDGE('',*,*,#13598,.F.);
#13600=VECTOR('',#341,1.);
#13601=LINE('',#13486,#13600);
#13602=EDGE_CURVE('',#13487,#13485,#13601,.T.);
#13603=ORIENTED_EDGE('',*,*,#13602,.F.);
#13604=VECTOR('',#336,1.);
#13605=LINE('',#13488,#13604);
#13606=EDGE_CURVE('',#13489,#13487,#13605,.T.);
#13607=ORIENTED_EDGE('',*,*,#13606,.F.);
#13608=VECTOR('',#331,1.);
#13609=LINE('',#13490,#13608);
#13610=EDGE_CURVE('',#13491,#13489,#13609,.T.);
#13611=ORIENTED_EDGE('',*,*,#13610,.F.);
#13612=VECTOR('',#326,1.);
#13613=LINE('',#13492,#13612);
#13614=EDGE_CURVE('',#13493,#13491,#13613,.T.);
#13615=ORIENTED_EDGE('',*,*,#13614,.F.);
#13616=VECTOR('',#321,1.);
#13617=LINE('',#13494,#13616);
#13618=EDGE_CURVE('',#13495,#13493,#13617,.T.);
#13619=ORIENTED_EDGE('',*,*,#13618,.F.);
#13620=VECTOR('',#316,1.);
#13621=LINE('',#13496,#13620);
#13622=EDGE_CURVE('',#13497,#13495,#13621,.T.);
#13623=ORIENTED_EDGE('',*,*,#13622,.F.);
#13624=VECTOR('',#311,1.);
#13625=LINE('',#13498,#13624);
#13626=EDGE_CURVE('',#13499,#13497,#13625,.T.);
#13627=ORIENTED_EDGE('',*,*,#13626,.F.);
#13628=VECTOR('',#306,1.);
#13629=LINE('',#13500,#13628);
#13630=EDGE_CURVE('',#13501,#13499,#13629,.T.);
#13631=ORIENTED_EDGE('',*,*,#13630,.F.);
#13632=VECTOR('',#301,1.);
#13633=LINE('',#13502,#13632);
#13634=EDGE_CURVE('',#13503,#13501,#13633,.T.);
#13635=ORIENTED_EDGE('',*,*,#13634,.F.);
#13636=VECTOR('',#296,1.);
#13637=LINE('',#13504,#13636);
#13638=EDGE_CURVE('',#13505,#13503,#13637,.T.);
#13639=ORIENTED_EDGE('',*,*,#13638,.F.);
#13640=VECTOR('',#291,1.);
#13641=LINE('',#13506,#13640);
#13642=EDGE_CURVE('',#13507,#13505,#13641,.T.);
#13643=ORIENTED_EDGE('',*,*,#13642,.F.);
#13644=VECTOR('',#286,1.);
#13645=LINE('',#13508,#13644);
#13646=EDGE_CURVE('',#13509,#13507,#13645,.T.);
#13647=ORIENTED_EDGE('',*,*,#13646,.F.);
#13648=VECTOR('',#281,1.);
#13649=LINE('',#13510,#13648);
#13650=EDGE_CURVE('',#13511,#13509,#13649,.T.);
#13651=ORIENTED_EDGE('',*,*,#13650,.F.);
#13652=VECTOR('',#396,1.);
#13653=LINE('',#13512,#13652);
#13654=EDGE_CURVE('',#13513,#13511,#13653,.T.);
#13655=ORIENTED_EDGE('',*,*,#13654,.F.);
#13656=VECTOR('',#391,1.);
#13657=LINE('',#13512,#13656);
#13658=EDGE_CURVE('',#13513,#13515,#13657,.T.);
#13659=ORIENTED_EDGE('',*,*,#13658,.T.);
#13660=VECTOR('',#386,1.);
#13661=LINE('',#13514,#13660);
#13662=EDGE_CURVE('',#13515,#13517,#13661,.T.);
#13663=ORIENTED_EDGE('',*,*,#13662,.T.);
#13664=VECTOR('',#381,1.);
#13665=LINE('',#13516,#13664);
#13666=EDGE_CURVE('',#13517,#13519,#13665,.T.);
#13667=ORIENTED_EDGE('',*,*,#13666,.T.);
#13668=VECTOR('',#376,1.);
#13669=LINE('',#13518,#13668);
#13670=EDGE_CURVE('',#13519,#13521,#13669,.T.);
#13671=ORIENTED_EDGE('',*,*,#13670,.T.);
#13672=VECTOR('',#371,1.);
#13673=LINE('',#13520,#13672);
#13674=EDGE_CURVE('',#13521,#13523,#13673,.T.);
#13675=ORIENTED_EDGE('',*,*,#13674,.T.);
#13676=VECTOR('',#366,1.);
#13677=LINE('',#13522,#13676);
#13678=EDGE_CURVE('',#13523,#13525,#13677,.T.);
#13679=ORIENTED_EDGE('',*,*,#13678,.T.);
#13680=VECTOR('',#361,1.);
#13681=LINE('',#13524,#13680);
#13682=EDGE_CURVE('',#13525,#13527,#13681,.T.);
#13683=ORIENTED_EDGE('',*,*,#13682,.T.);
#13684=VECTOR('',#356,1.);
#13685=LINE('',#13526,#13684);
#13686=EDGE_CURVE('',#13527,#13529,#13685,.T.);
#13687=ORIENTED_EDGE('',*,*,#13686,.T.);
#13688=VECTOR('',#351,1.);
#13689=LINE('',#13528,#13688);
#13690=EDGE_CURVE('',#13529,#13531,#13689,.T.);
#13691=ORIENTED_EDGE('',*,*,#13690,.T.);
#13692=VECTOR('',#346,1.);
#13693=LINE('',#13530,#13692);
#13694=EDGE_CURVE('',#13531,#13533,#13693,.T.);
#13695=ORIENTED_EDGE('',*,*,#13694,.T.);
#13696=VECTOR('',#341,1.);
#13697=LINE('',#13532,#13696);
#13698=EDGE_CURVE('',#13533,#13535,#13697,.T.);
#13699=ORIENTED_EDGE('',*,*,#13698,.T.);
#13700=VECTOR('',#336,1.);
#13701=LINE('',#13534,#13700);
#13702=EDGE_CURVE('',#13535,#13537,#13701,.T.);
#13703=ORIENTED_EDGE('',*,*,#13702,.T.);
#13704=VECTOR('',#331,1.);
#13705=LINE('',#13536,#13704);
#13706=EDGE_CURVE('',#13537,#13539,#13705,.T.);
#13707=ORIENTED_EDGE('',*,*,#13706,.T.);
#13708=VECTOR('',#326,1.);
#13709=LINE('',#13538,#13708);
#13710=EDGE_CURVE('',#13539,#13541,#13709,.T.);
#13711=ORIENTED_EDGE('',*,*,#13710,.T.);
#13712=VECTOR('',#321,1.);
#13713=LINE('',#13540,#13712);
#13714=EDGE_CURVE('',#13541,#13543,#13713,.T.);
#13715=ORIENTED_EDGE('',*,*,#13714,.T.);
#13716=VECTOR('',#316,1.);
#13717=LINE('',#13542,#13716);
#13718=EDGE_CURVE('',#13543,#13545,#13717,.T.);
#13719=ORIENTED_EDGE('',*,*,#13718,.T.);
#13720=VECTOR('',#311,1.);
#13721=LINE('',#13544,#13720);
#13722=EDGE_CURVE('',#13545,#13547,#13721,.T.);
#13723=ORIENTED_EDGE('',*,*,#13722,.T.);
#13724=VECTOR('',#306,1.);
#13725=LINE('',#13546,#13724);
#13726=EDGE_CURVE('',#13547,#13549,#13725,.T.);
#13727=ORIENTED_EDGE('',*,*,#13726,.T.);
#13728=VECTOR('',#301,1.);
#13729=LINE('',#13548,#13728);
#13730=EDGE_CURVE('',#13549,#13551,#13729,.T.);
#13731=ORIENTED_EDGE('',*,*,#13730,.T.);
#13732=VECTOR('',#296,1.);
#13733=LINE('',#13550,#13732);
#13734=EDGE_CURVE('',#13551,#13553,#13733,.T.);
#13735=ORIENTED_EDGE('',*,*,#13734,.T.);
#13736=VECTOR('',#291,1.);
#13737=LINE('',#13552,#13736);
#13738=EDGE_CURVE('',#13553,#13555,#13737,.T.);
#13739=ORIENTED_EDGE('',*,*,#13738,.T.);
#13740=VECTOR('',#286,1.);
#13741=LINE('',#13554,#13740);
#13742=EDGE_CURVE('',#13555,#13557,#13741,.T.);
#13743=ORIENTED_EDGE('',*,*,#13742,.T.);
#13744=VECTOR('',#281,1.);
#13745=LINE('',#13556,#13744);
#13746=EDGE_CURVE('',#13557,#13559,#13745,.T.);
#13747=ORIENTED_EDGE('',*,*,#13746,.T.);
#13748=VECTOR('',#396,1.);
#13749=LINE('',#13558,#13748);
#13750=EDGE_CURVE('',#13559,#13465,#13749,.T.);
#13751=ORIENTED_EDGE('',*,*,#13750,.T.);
#13752=EDGE_LOOP('',(#13563,#13567,#13571,#13575,#13579,#13583,#13587,#13591,#13595,#13599,#13603,#13607,#13611,#13615,#13619,#13623,#13627,#13631,#13635,#13639,#13643,#13647,#13651,#13655,#13659,#13663,#13667,#13671,#13675,#13679,#13683,#13687,#13691,#13695,#13699,#13703,#13707,#13711,#13715,#13719,#13723,#13727,#13731,#13735,#13739,#13743,#13747,#13751));
#13753=FACE_BOUND('',#13752,.T.);
#13754=AXIS2_PLACEMENT_3D('',#13174,#3303,#3304);
#13755=PLANE('',#13754);
#13756=ADVANCED_FACE('',(#13463,#13753),#13755,.T.);
#13757=ORIENTED_EDGE('',*,*,#13456,.F.);
#13758=VECTOR('',#1679,1.);
#13759=LINE('',#13266,#13758);
#13760=EDGE_CURVE('',#13267,#12834,#13759,.T.);
#13761=ORIENTED_EDGE('',*,*,#13760,.T.);
#13762=ORIENTED_EDGE('',*,*,#12929,.T.);
#13763=VECTOR('',#1679,1.);
#13764=LINE('',#13268,#13763);
#13765=EDGE_CURVE('',#13269,#12832,#13764,.T.);
#13766=ORIENTED_EDGE('',*,*,#13765,.F.);
#13767=EDGE_LOOP('',(#13757,#13761,#13762,#13766));
#13768=FACE_OUTER_BOUND('',#13767,.T.);
#13769=AXIS2_PLACEMENT_3D('',#13268,#1513,#1571);
#13770=PLANE('',#13769);
#13771=ADVANCED_FACE('',(#13768),#13770,.T.);
#13772=ORIENTED_EDGE('',*,*,#13452,.F.);
#13773=VECTOR('',#1679,1.);
#13774=LINE('',#13264,#13773);
#13775=EDGE_CURVE('',#13265,#12836,#13774,.T.);
#13776=ORIENTED_EDGE('',*,*,#13775,.T.);
#13777=ORIENTED_EDGE('',*,*,#12933,.T.);
#13778=ORIENTED_EDGE('',*,*,#13760,.F.);
#13779=EDGE_LOOP('',(#13772,#13776,#13777,#13778));
#13780=FACE_OUTER_BOUND('',#13779,.T.);
#13781=AXIS2_PLACEMENT_3D('',#13266,#326,#386);
#13782=PLANE('',#13781);
#13783=ADVANCED_FACE('',(#13780),#13782,.T.);
#13784=ORIENTED_EDGE('',*,*,#13448,.F.);
#13785=VECTOR('',#1679,1.);
#13786=LINE('',#13262,#13785);
#13787=EDGE_CURVE('',#13263,#12838,#13786,.T.);
#13788=ORIENTED_EDGE('',*,*,#13787,.T.);
#13789=ORIENTED_EDGE('',*,*,#12937,.T.);
#13790=ORIENTED_EDGE('',*,*,#13775,.F.);
#13791=EDGE_LOOP('',(#13784,#13788,#13789,#13790));
#13792=FACE_OUTER_BOUND('',#13791,.T.);
#13793=AXIS2_PLACEMENT_3D('',#13264,#3783,#3931);
#13794=PLANE('',#13793);
#13795=ADVANCED_FACE('',(#13792),#13794,.T.);
#13796=ORIENTED_EDGE('',*,*,#13444,.F.);
#13797=VECTOR('',#1679,1.);
#13798=LINE('',#13260,#13797);
#13799=EDGE_CURVE('',#13261,#12840,#13798,.T.);
#13800=ORIENTED_EDGE('',*,*,#13799,.T.);
#13801=ORIENTED_EDGE('',*,*,#12941,.T.);
#13802=ORIENTED_EDGE('',*,*,#13787,.F.);
#13803=EDGE_LOOP('',(#13796,#13800,#13801,#13802));
#13804=FACE_OUTER_BOUND('',#13803,.T.);
#13805=AXIS2_PLACEMENT_3D('',#13262,#1499,#1557);
#13806=PLANE('',#13805);
#13807=ADVANCED_FACE('',(#13804),#13806,.T.);
#13808=ORIENTED_EDGE('',*,*,#13440,.F.);
#13809=VECTOR('',#1679,1.);
#13810=LINE('',#13258,#13809);
#13811=EDGE_CURVE('',#13259,#12842,#13810,.T.);
#13812=ORIENTED_EDGE('',*,*,#13811,.T.);
#13813=ORIENTED_EDGE('',*,*,#12945,.T.);
#13814=ORIENTED_EDGE('',*,*,#13799,.F.);
#13815=EDGE_LOOP('',(#13808,#13812,#13813,#13814));
#13816=FACE_OUTER_BOUND('',#13815,.T.);
#13817=AXIS2_PLACEMENT_3D('',#13260,#1494,#1552);
#13818=PLANE('',#13817);
#13819=ADVANCED_FACE('',(#13816),#13818,.T.);
#13820=ORIENTED_EDGE('',*,*,#13436,.F.);
#13821=VECTOR('',#1679,1.);
#13822=LINE('',#13256,#13821);
#13823=EDGE_CURVE('',#13257,#12844,#13822,.T.);
#13824=ORIENTED_EDGE('',*,*,#13823,.T.);
#13825=ORIENTED_EDGE('',*,*,#12949,.T.);
#13826=ORIENTED_EDGE('',*,*,#13811,.F.);
#13827=EDGE_LOOP('',(#13820,#13824,#13825,#13826));
#13828=FACE_OUTER_BOUND('',#13827,.T.);
#13829=AXIS2_PLACEMENT_3D('',#13258,#1489,#1547);
#13830=PLANE('',#13829);
#13831=ADVANCED_FACE('',(#13828),#13830,.T.);
#13832=ORIENTED_EDGE('',*,*,#13432,.F.);
#13833=VECTOR('',#1679,1.);
#13834=LINE('',#13254,#13833);
#13835=EDGE_CURVE('',#13255,#12846,#13834,.T.);
#13836=ORIENTED_EDGE('',*,*,#13835,.T.);
#13837=ORIENTED_EDGE('',*,*,#12953,.T.);
#13838=ORIENTED_EDGE('',*,*,#13823,.F.);
#13839=EDGE_LOOP('',(#13832,#13836,#13837,#13838));
#13840=FACE_OUTER_BOUND('',#13839,.T.);
#13841=AXIS2_PLACEMENT_3D('',#13256,#1484,#1542);
#13842=PLANE('',#13841);
#13843=ADVANCED_FACE('',(#13840),#13842,.T.);
#13844=ORIENTED_EDGE('',*,*,#13428,.F.);
#13845=VECTOR('',#1679,1.);
#13846=LINE('',#13252,#13845);
#13847=EDGE_CURVE('',#13253,#12848,#13846,.T.);
#13848=ORIENTED_EDGE('',*,*,#13847,.T.);
#13849=ORIENTED_EDGE('',*,*,#12957,.T.);
#13850=ORIENTED_EDGE('',*,*,#13835,.F.);
#13851=EDGE_LOOP('',(#13844,#13848,#13849,#13850));
#13852=FACE_OUTER_BOUND('',#13851,.T.);
#13853=AXIS2_PLACEMENT_3D('',#13254,#1479,#1537);
#13854=PLANE('',#13853);
#13855=ADVANCED_FACE('',(#13852),#13854,.T.);
#13856=ORIENTED_EDGE('',*,*,#13424,.F.);
#13857=VECTOR('',#1679,1.);
#13858=LINE('',#13250,#13857);
#13859=EDGE_CURVE('',#13251,#12850,#13858,.T.);
#13860=ORIENTED_EDGE('',*,*,#13859,.T.);
#13861=ORIENTED_EDGE('',*,*,#12961,.T.);
#13862=ORIENTED_EDGE('',*,*,#13847,.F.);
#13863=EDGE_LOOP('',(#13856,#13860,#13861,#13862));
#13864=FACE_OUTER_BOUND('',#13863,.T.);
#13865=AXIS2_PLACEMENT_3D('',#13252,#1474,#1532);
#13866=PLANE('',#13865);
#13867=ADVANCED_FACE('',(#13864),#13866,.T.);
#13868=ORIENTED_EDGE('',*,*,#13420,.F.);
#13869=VECTOR('',#1679,1.);
#13870=LINE('',#13248,#13869);
#13871=EDGE_CURVE('',#13249,#12852,#13870,.T.);
#13872=ORIENTED_EDGE('',*,*,#13871,.T.);
#13873=ORIENTED_EDGE('',*,*,#12965,.T.);
#13874=ORIENTED_EDGE('',*,*,#13859,.F.);
#13875=EDGE_LOOP('',(#13868,#13872,#13873,#13874));
#13876=FACE_OUTER_BOUND('',#13875,.T.);
#13877=AXIS2_PLACEMENT_3D('',#13250,#3691,#3846);
#13878=PLANE('',#13877);
#13879=ADVANCED_FACE('',(#13876),#13878,.T.);
#13880=ORIENTED_EDGE('',*,*,#13416,.F.);
#13881=VECTOR('',#1679,1.);
#13882=LINE('',#13246,#13881);
#13883=EDGE_CURVE('',#13247,#12854,#13882,.T.);
#13884=ORIENTED_EDGE('',*,*,#13883,.T.);
#13885=ORIENTED_EDGE('',*,*,#12969,.T.);
#13886=ORIENTED_EDGE('',*,*,#13871,.F.);
#13887=EDGE_LOOP('',(#13880,#13884,#13885,#13886));
#13888=FACE_OUTER_BOUND('',#13887,.T.);
#13889=AXIS2_PLACEMENT_3D('',#13248,#281,#341);
#13890=PLANE('',#13889);
#13891=ADVANCED_FACE('',(#13888),#13890,.T.);
#13892=ORIENTED_EDGE('',*,*,#13412,.F.);
#13893=VECTOR('',#1679,1.);
#13894=LINE('',#13244,#13893);
#13895=EDGE_CURVE('',#13245,#12856,#13894,.T.);
#13896=ORIENTED_EDGE('',*,*,#13895,.T.);
#13897=ORIENTED_EDGE('',*,*,#12973,.T.);
#13898=ORIENTED_EDGE('',*,*,#13883,.F.);
#13899=EDGE_LOOP('',(#13892,#13896,#13897,#13898));
#13900=FACE_OUTER_BOUND('',#13899,.T.);
#13901=AXIS2_PLACEMENT_3D('',#13246,#1576,#1518);
#13902=PLANE('',#13901);
#13903=ADVANCED_FACE('',(#13900),#13902,.T.);
#13904=ORIENTED_EDGE('',*,*,#13408,.F.);
#13905=VECTOR('',#1679,1.);
#13906=LINE('',#13242,#13905);
#13907=EDGE_CURVE('',#13243,#12858,#13906,.T.);
#13908=ORIENTED_EDGE('',*,*,#13907,.T.);
#13909=ORIENTED_EDGE('',*,*,#12977,.T.);
#13910=ORIENTED_EDGE('',*,*,#13895,.F.);
#13911=EDGE_LOOP('',(#13904,#13908,#13909,#13910));
#13912=FACE_OUTER_BOUND('',#13911,.T.);
#13913=AXIS2_PLACEMENT_3D('',#13244,#3809,#1513);
#13914=PLANE('',#13913);
#13915=ADVANCED_FACE('',(#13912),#13914,.T.);
#13916=ORIENTED_EDGE('',*,*,#13404,.F.);
#13917=VECTOR('',#1679,1.);
#13918=LINE('',#13240,#13917);
#13919=EDGE_CURVE('',#13241,#12860,#13918,.T.);
#13920=ORIENTED_EDGE('',*,*,#13919,.T.);
#13921=ORIENTED_EDGE('',*,*,#12981,.T.);
#13922=ORIENTED_EDGE('',*,*,#13907,.F.);
#13923=EDGE_LOOP('',(#13916,#13920,#13921,#13922));
#13924=FACE_OUTER_BOUND('',#13923,.T.);
#13925=AXIS2_PLACEMENT_3D('',#13242,#3796,#326);
#13926=PLANE('',#13925);
#13927=ADVANCED_FACE('',(#13924),#13926,.T.);
#13928=ORIENTED_EDGE('',*,*,#13400,.F.);
#13929=VECTOR('',#1679,1.);
#13930=LINE('',#13238,#13929);
#13931=EDGE_CURVE('',#13239,#12862,#13930,.T.);
#13932=ORIENTED_EDGE('',*,*,#13931,.T.);
#13933=ORIENTED_EDGE('',*,*,#12985,.T.);
#13934=ORIENTED_EDGE('',*,*,#13919,.F.);
#13935=EDGE_LOOP('',(#13928,#13932,#13933,#13934));
#13936=FACE_OUTER_BOUND('',#13935,.T.);
#13937=AXIS2_PLACEMENT_3D('',#13240,#3782,#3783);
#13938=PLANE('',#13937);
#13939=ADVANCED_FACE('',(#13936),#13938,.T.);
#13940=ORIENTED_EDGE('',*,*,#13396,.F.);
#13941=VECTOR('',#1679,1.);
#13942=LINE('',#13236,#13941);
#13943=EDGE_CURVE('',#13237,#12864,#13942,.T.);
#13944=ORIENTED_EDGE('',*,*,#13943,.T.);
#13945=ORIENTED_EDGE('',*,*,#12989,.T.);
#13946=ORIENTED_EDGE('',*,*,#13931,.F.);
#13947=EDGE_LOOP('',(#13940,#13944,#13945,#13946));
#13948=FACE_OUTER_BOUND('',#13947,.T.);
#13949=AXIS2_PLACEMENT_3D('',#13238,#3769,#1499);
#13950=PLANE('',#13949);
#13951=ADVANCED_FACE('',(#13948),#13950,.T.);
#13952=ORIENTED_EDGE('',*,*,#13392,.F.);
#13953=VECTOR('',#1679,1.);
#13954=LINE('',#13234,#13953);
#13955=EDGE_CURVE('',#13235,#12866,#13954,.T.);
#13956=ORIENTED_EDGE('',*,*,#13955,.T.);
#13957=ORIENTED_EDGE('',*,*,#12993,.T.);
#13958=ORIENTED_EDGE('',*,*,#13943,.F.);
#13959=EDGE_LOOP('',(#13952,#13956,#13957,#13958));
#13960=FACE_OUTER_BOUND('',#13959,.T.);
#13961=AXIS2_PLACEMENT_3D('',#13236,#3756,#1494);
#13962=PLANE('',#13961);
#13963=ADVANCED_FACE('',(#13960),#13962,.T.);
#13964=ORIENTED_EDGE('',*,*,#13388,.F.);
#13965=VECTOR('',#1679,1.);
#13966=LINE('',#13232,#13965);
#13967=EDGE_CURVE('',#13233,#12868,#13966,.T.);
#13968=ORIENTED_EDGE('',*,*,#13967,.T.);
#13969=ORIENTED_EDGE('',*,*,#12997,.T.);
#13970=ORIENTED_EDGE('',*,*,#13955,.F.);
#13971=EDGE_LOOP('',(#13964,#13968,#13969,#13970));
#13972=FACE_OUTER_BOUND('',#13971,.T.);
#13973=AXIS2_PLACEMENT_3D('',#13234,#3743,#1489);
#13974=PLANE('',#13973);
#13975=ADVANCED_FACE('',(#13972),#13974,.T.);
#13976=ORIENTED_EDGE('',*,*,#13384,.F.);
#13977=VECTOR('',#1679,1.);
#13978=LINE('',#13230,#13977);
#13979=EDGE_CURVE('',#13231,#12870,#13978,.T.);
#13980=ORIENTED_EDGE('',*,*,#13979,.T.);
#13981=ORIENTED_EDGE('',*,*,#13001,.T.);
#13982=ORIENTED_EDGE('',*,*,#13967,.F.);
#13983=EDGE_LOOP('',(#13976,#13980,#13981,#13982));
#13984=FACE_OUTER_BOUND('',#13983,.T.);
#13985=AXIS2_PLACEMENT_3D('',#13232,#3730,#1484);
#13986=PLANE('',#13985);
#13987=ADVANCED_FACE('',(#13984),#13986,.T.);
#13988=ORIENTED_EDGE('',*,*,#13380,.F.);
#13989=VECTOR('',#1679,1.);
#13990=LINE('',#13228,#13989);
#13991=EDGE_CURVE('',#13229,#12872,#13990,.T.);
#13992=ORIENTED_EDGE('',*,*,#13991,.T.);
#13993=ORIENTED_EDGE('',*,*,#13005,.T.);
#13994=ORIENTED_EDGE('',*,*,#13979,.F.);
#13995=EDGE_LOOP('',(#13988,#13992,#13993,#13994));
#13996=FACE_OUTER_BOUND('',#13995,.T.);
#13997=AXIS2_PLACEMENT_3D('',#13230,#3717,#1479);
#13998=PLANE('',#13997);
#13999=ADVANCED_FACE('',(#13996),#13998,.T.);
#14000=ORIENTED_EDGE('',*,*,#13376,.F.);
#14001=VECTOR('',#1679,1.);
#14002=LINE('',#13226,#14001);
#14003=EDGE_CURVE('',#13227,#12874,#14002,.T.);
#14004=ORIENTED_EDGE('',*,*,#14003,.T.);
#14005=ORIENTED_EDGE('',*,*,#13009,.T.);
#14006=ORIENTED_EDGE('',*,*,#13991,.F.);
#14007=EDGE_LOOP('',(#14000,#14004,#14005,#14006));
#14008=FACE_OUTER_BOUND('',#14007,.T.);
#14009=AXIS2_PLACEMENT_3D('',#13228,#3704,#1474);
#14010=PLANE('',#14009);
#14011=ADVANCED_FACE('',(#14008),#14010,.T.);
#14012=ORIENTED_EDGE('',*,*,#13372,.F.);
#14013=VECTOR('',#1679,1.);
#14014=LINE('',#13224,#14013);
#14015=EDGE_CURVE('',#13225,#12876,#14014,.T.);
#14016=ORIENTED_EDGE('',*,*,#14015,.T.);
#14017=ORIENTED_EDGE('',*,*,#13013,.T.);
#14018=ORIENTED_EDGE('',*,*,#14003,.F.);
#14019=EDGE_LOOP('',(#14012,#14016,#14017,#14018));
#14020=FACE_OUTER_BOUND('',#14019,.T.);
#14021=AXIS2_PLACEMENT_3D('',#13226,#3690,#3691);
#14022=PLANE('',#14021);
#14023=ADVANCED_FACE('',(#14020),#14022,.T.);
#14024=ORIENTED_EDGE('',*,*,#13368,.F.);
#14025=VECTOR('',#1679,1.);
#14026=LINE('',#13222,#14025);
#14027=EDGE_CURVE('',#13223,#12878,#14026,.T.);
#14028=ORIENTED_EDGE('',*,*,#14027,.T.);
#14029=ORIENTED_EDGE('',*,*,#13017,.T.);
#14030=ORIENTED_EDGE('',*,*,#14015,.F.);
#14031=EDGE_LOOP('',(#14024,#14028,#14029,#14030));
#14032=FACE_OUTER_BOUND('',#14031,.T.);
#14033=AXIS2_PLACEMENT_3D('',#13224,#3677,#281);
#14034=PLANE('',#14033);
#14035=ADVANCED_FACE('',(#14032),#14034,.T.);
#14036=ORIENTED_EDGE('',*,*,#13364,.F.);
#14037=VECTOR('',#1679,1.);
#14038=LINE('',#13220,#14037);
#14039=EDGE_CURVE('',#13221,#12880,#14038,.T.);
#14040=ORIENTED_EDGE('',*,*,#14039,.T.);
#14041=ORIENTED_EDGE('',*,*,#13021,.T.);
#14042=ORIENTED_EDGE('',*,*,#14027,.F.);
#14043=EDGE_LOOP('',(#14036,#14040,#14041,#14042));
#14044=FACE_OUTER_BOUND('',#14043,.T.);
#14045=AXIS2_PLACEMENT_3D('',#13222,#4124,#1576);
#14046=PLANE('',#14045);
#14047=ADVANCED_FACE('',(#14044),#14046,.T.);
#14048=ORIENTED_EDGE('',*,*,#13360,.T.);
#14049=VECTOR('',#1679,1.);
#14050=LINE('',#13218,#14049);
#14051=EDGE_CURVE('',#13219,#12882,#14050,.T.);
#14052=ORIENTED_EDGE('',*,*,#14051,.T.);
#14053=ORIENTED_EDGE('',*,*,#13025,.F.);
#14054=ORIENTED_EDGE('',*,*,#14039,.F.);
#14055=EDGE_LOOP('',(#14048,#14052,#14053,#14054));
#14056=FACE_OUTER_BOUND('',#14055,.T.);
#14057=AXIS2_PLACEMENT_3D('',#13220,#4111,#3809);
#14058=PLANE('',#14057);
#14059=ADVANCED_FACE('',(#14056),#14058,.T.);
#14060=ORIENTED_EDGE('',*,*,#13356,.T.);
#14061=VECTOR('',#1679,1.);
#14062=LINE('',#13216,#14061);
#14063=EDGE_CURVE('',#13217,#12884,#14062,.T.);
#14064=ORIENTED_EDGE('',*,*,#14063,.T.);
#14065=ORIENTED_EDGE('',*,*,#13029,.F.);
#14066=ORIENTED_EDGE('',*,*,#14051,.F.);
#14067=EDGE_LOOP('',(#14060,#14064,#14065,#14066));
#14068=FACE_OUTER_BOUND('',#14067,.T.);
#14069=AXIS2_PLACEMENT_3D('',#13218,#4098,#3796);
#14070=PLANE('',#14069);
#14071=ADVANCED_FACE('',(#14068),#14070,.T.);
#14072=ORIENTED_EDGE('',*,*,#13352,.T.);
#14073=VECTOR('',#1679,1.);
#14074=LINE('',#13214,#14073);
#14075=EDGE_CURVE('',#13215,#12886,#14074,.T.);
#14076=ORIENTED_EDGE('',*,*,#14075,.T.);
#14077=ORIENTED_EDGE('',*,*,#13033,.F.);
#14078=ORIENTED_EDGE('',*,*,#14063,.F.);
#14079=EDGE_LOOP('',(#14072,#14076,#14077,#14078));
#14080=FACE_OUTER_BOUND('',#14079,.T.);
#14081=AXIS2_PLACEMENT_3D('',#13216,#4085,#3782);
#14082=PLANE('',#14081);
#14083=ADVANCED_FACE('',(#14080),#14082,.T.);
#14084=ORIENTED_EDGE('',*,*,#13348,.T.);
#14085=VECTOR('',#1679,1.);
#14086=LINE('',#13212,#14085);
#14087=EDGE_CURVE('',#13213,#12888,#14086,.T.);
#14088=ORIENTED_EDGE('',*,*,#14087,.T.);
#14089=ORIENTED_EDGE('',*,*,#13037,.F.);
#14090=ORIENTED_EDGE('',*,*,#14075,.F.);
#14091=EDGE_LOOP('',(#14084,#14088,#14089,#14090));
#14092=FACE_OUTER_BOUND('',#14091,.T.);
#14093=AXIS2_PLACEMENT_3D('',#13214,#4072,#3769);
#14094=PLANE('',#14093);
#14095=ADVANCED_FACE('',(#14092),#14094,.T.);
#14096=ORIENTED_EDGE('',*,*,#13344,.T.);
#14097=VECTOR('',#1679,1.);
#14098=LINE('',#13210,#14097);
#14099=EDGE_CURVE('',#13211,#12890,#14098,.T.);
#14100=ORIENTED_EDGE('',*,*,#14099,.T.);
#14101=ORIENTED_EDGE('',*,*,#13041,.F.);
#14102=ORIENTED_EDGE('',*,*,#14087,.F.);
#14103=EDGE_LOOP('',(#14096,#14100,#14101,#14102));
#14104=FACE_OUTER_BOUND('',#14103,.T.);
#14105=AXIS2_PLACEMENT_3D('',#13212,#4059,#3756);
#14106=PLANE('',#14105);
#14107=ADVANCED_FACE('',(#14104),#14106,.T.);
#14108=ORIENTED_EDGE('',*,*,#13340,.T.);
#14109=VECTOR('',#1679,1.);
#14110=LINE('',#13208,#14109);
#14111=EDGE_CURVE('',#13209,#12892,#14110,.T.);
#14112=ORIENTED_EDGE('',*,*,#14111,.T.);
#14113=ORIENTED_EDGE('',*,*,#13045,.F.);
#14114=ORIENTED_EDGE('',*,*,#14099,.F.);
#14115=EDGE_LOOP('',(#14108,#14112,#14113,#14114));
#14116=FACE_OUTER_BOUND('',#14115,.T.);
#14117=AXIS2_PLACEMENT_3D('',#13210,#4046,#3743);
#14118=PLANE('',#14117);
#14119=ADVANCED_FACE('',(#14116),#14118,.T.);
#14120=ORIENTED_EDGE('',*,*,#13336,.T.);
#14121=VECTOR('',#1679,1.);
#14122=LINE('',#13206,#14121);
#14123=EDGE_CURVE('',#13207,#12894,#14122,.T.);
#14124=ORIENTED_EDGE('',*,*,#14123,.T.);
#14125=ORIENTED_EDGE('',*,*,#13049,.F.);
#14126=ORIENTED_EDGE('',*,*,#14111,.F.);
#14127=EDGE_LOOP('',(#14120,#14124,#14125,#14126));
#14128=FACE_OUTER_BOUND('',#14127,.T.);
#14129=AXIS2_PLACEMENT_3D('',#13208,#4033,#3730);
#14130=PLANE('',#14129);
#14131=ADVANCED_FACE('',(#14128),#14130,.T.);
#14132=ORIENTED_EDGE('',*,*,#13332,.T.);
#14133=VECTOR('',#1679,1.);
#14134=LINE('',#13204,#14133);
#14135=EDGE_CURVE('',#13205,#12896,#14134,.T.);
#14136=ORIENTED_EDGE('',*,*,#14135,.T.);
#14137=ORIENTED_EDGE('',*,*,#13053,.F.);
#14138=ORIENTED_EDGE('',*,*,#14123,.F.);
#14139=EDGE_LOOP('',(#14132,#14136,#14137,#14138));
#14140=FACE_OUTER_BOUND('',#14139,.T.);
#14141=AXIS2_PLACEMENT_3D('',#13206,#4020,#3717);
#14142=PLANE('',#14141);
#14143=ADVANCED_FACE('',(#14140),#14142,.T.);
#14144=ORIENTED_EDGE('',*,*,#13328,.T.);
#14145=VECTOR('',#1679,1.);
#14146=LINE('',#13202,#14145);
#14147=EDGE_CURVE('',#13203,#12898,#14146,.T.);
#14148=ORIENTED_EDGE('',*,*,#14147,.T.);
#14149=ORIENTED_EDGE('',*,*,#13057,.F.);
#14150=ORIENTED_EDGE('',*,*,#14135,.F.);
#14151=EDGE_LOOP('',(#14144,#14148,#14149,#14150));
#14152=FACE_OUTER_BOUND('',#14151,.T.);
#14153=AXIS2_PLACEMENT_3D('',#13204,#4007,#3704);
#14154=PLANE('',#14153);
#14155=ADVANCED_FACE('',(#14152),#14154,.T.);
#14156=ORIENTED_EDGE('',*,*,#13324,.T.);
#14157=VECTOR('',#1679,1.);
#14158=LINE('',#13200,#14157);
#14159=EDGE_CURVE('',#13201,#12900,#14158,.T.);
#14160=ORIENTED_EDGE('',*,*,#14159,.T.);
#14161=ORIENTED_EDGE('',*,*,#13061,.F.);
#14162=ORIENTED_EDGE('',*,*,#14147,.F.);
#14163=EDGE_LOOP('',(#14156,#14160,#14161,#14162));
#14164=FACE_OUTER_BOUND('',#14163,.T.);
#14165=AXIS2_PLACEMENT_3D('',#13202,#3994,#3690);
#14166=PLANE('',#14165);
#14167=ADVANCED_FACE('',(#14164),#14166,.T.);
#14168=ORIENTED_EDGE('',*,*,#13320,.T.);
#14169=VECTOR('',#1679,1.);
#14170=LINE('',#13198,#14169);
#14171=EDGE_CURVE('',#13199,#12902,#14170,.T.);
#14172=ORIENTED_EDGE('',*,*,#14171,.T.);
#14173=ORIENTED_EDGE('',*,*,#13065,.F.);
#14174=ORIENTED_EDGE('',*,*,#14159,.F.);
#14175=EDGE_LOOP('',(#14168,#14172,#14173,#14174));
#14176=FACE_OUTER_BOUND('',#14175,.T.);
#14177=AXIS2_PLACEMENT_3D('',#13200,#3981,#3677);
#14178=PLANE('',#14177);
#14179=ADVANCED_FACE('',(#14176),#14178,.T.);
#14180=ORIENTED_EDGE('',*,*,#13316,.T.);
#14181=VECTOR('',#1679,1.);
#14182=LINE('',#13196,#14181);
#14183=EDGE_CURVE('',#13197,#12904,#14182,.T.);
#14184=ORIENTED_EDGE('',*,*,#14183,.T.);
#14185=ORIENTED_EDGE('',*,*,#13069,.F.);
#14186=ORIENTED_EDGE('',*,*,#14171,.F.);
#14187=EDGE_LOOP('',(#14180,#14184,#14185,#14186));
#14188=FACE_OUTER_BOUND('',#14187,.T.);
#14189=AXIS2_PLACEMENT_3D('',#13198,#3968,#4124);
#14190=PLANE('',#14189);
#14191=ADVANCED_FACE('',(#14188),#14190,.T.);
#14192=ORIENTED_EDGE('',*,*,#13312,.T.);
#14193=VECTOR('',#1679,1.);
#14194=LINE('',#13194,#14193);
#14195=EDGE_CURVE('',#13195,#12906,#14194,.T.);
#14196=ORIENTED_EDGE('',*,*,#14195,.T.);
#14197=ORIENTED_EDGE('',*,*,#13073,.F.);
#14198=ORIENTED_EDGE('',*,*,#14183,.F.);
#14199=EDGE_LOOP('',(#14192,#14196,#14197,#14198));
#14200=FACE_OUTER_BOUND('',#14199,.T.);
#14201=AXIS2_PLACEMENT_3D('',#13196,#1571,#4111);
#14202=PLANE('',#14201);
#14203=ADVANCED_FACE('',(#14200),#14202,.T.);
#14204=ORIENTED_EDGE('',*,*,#13308,.T.);
#14205=VECTOR('',#1679,1.);
#14206=LINE('',#13192,#14205);
#14207=EDGE_CURVE('',#13193,#12908,#14206,.T.);
#14208=ORIENTED_EDGE('',*,*,#14207,.T.);
#14209=ORIENTED_EDGE('',*,*,#13077,.F.);
#14210=ORIENTED_EDGE('',*,*,#14195,.F.);
#14211=EDGE_LOOP('',(#14204,#14208,#14209,#14210));
#14212=FACE_OUTER_BOUND('',#14211,.T.);
#14213=AXIS2_PLACEMENT_3D('',#13194,#386,#4098);
#14214=PLANE('',#14213);
#14215=ADVANCED_FACE('',(#14212),#14214,.T.);
#14216=ORIENTED_EDGE('',*,*,#13304,.T.);
#14217=VECTOR('',#1679,1.);
#14218=LINE('',#13190,#14217);
#14219=EDGE_CURVE('',#13191,#12910,#14218,.T.);
#14220=ORIENTED_EDGE('',*,*,#14219,.T.);
#14221=ORIENTED_EDGE('',*,*,#13081,.F.);
#14222=ORIENTED_EDGE('',*,*,#14207,.F.);
#14223=EDGE_LOOP('',(#14216,#14220,#14221,#14222));
#14224=FACE_OUTER_BOUND('',#14223,.T.);
#14225=AXIS2_PLACEMENT_3D('',#13192,#3931,#4085);
#14226=PLANE('',#14225);
#14227=ADVANCED_FACE('',(#14224),#14226,.T.);
#14228=ORIENTED_EDGE('',*,*,#13300,.T.);
#14229=VECTOR('',#1679,1.);
#14230=LINE('',#13188,#14229);
#14231=EDGE_CURVE('',#13189,#12912,#14230,.T.);
#14232=ORIENTED_EDGE('',*,*,#14231,.T.);
#14233=ORIENTED_EDGE('',*,*,#13085,.F.);
#14234=ORIENTED_EDGE('',*,*,#14219,.F.);
#14235=EDGE_LOOP('',(#14228,#14232,#14233,#14234));
#14236=FACE_OUTER_BOUND('',#14235,.T.);
#14237=AXIS2_PLACEMENT_3D('',#13190,#1557,#4072);
#14238=PLANE('',#14237);
#14239=ADVANCED_FACE('',(#14236),#14238,.T.);
#14240=ORIENTED_EDGE('',*,*,#13296,.T.);
#14241=VECTOR('',#1679,1.);
#14242=LINE('',#13186,#14241);
#14243=EDGE_CURVE('',#13187,#12914,#14242,.T.);
#14244=ORIENTED_EDGE('',*,*,#14243,.T.);
#14245=ORIENTED_EDGE('',*,*,#13089,.F.);
#14246=ORIENTED_EDGE('',*,*,#14231,.F.);
#14247=EDGE_LOOP('',(#14240,#14244,#14245,#14246));
#14248=FACE_OUTER_BOUND('',#14247,.T.);
#14249=AXIS2_PLACEMENT_3D('',#13188,#1552,#4059);
#14250=PLANE('',#14249);
#14251=ADVANCED_FACE('',(#14248),#14250,.T.);
#14252=ORIENTED_EDGE('',*,*,#13292,.T.);
#14253=VECTOR('',#1679,1.);
#14254=LINE('',#13184,#14253);
#14255=EDGE_CURVE('',#13185,#12916,#14254,.T.);
#14256=ORIENTED_EDGE('',*,*,#14255,.T.);
#14257=ORIENTED_EDGE('',*,*,#13093,.F.);
#14258=ORIENTED_EDGE('',*,*,#14243,.F.);
#14259=EDGE_LOOP('',(#14252,#14256,#14257,#14258));
#14260=FACE_OUTER_BOUND('',#14259,.T.);
#14261=AXIS2_PLACEMENT_3D('',#13186,#1547,#4046);
#14262=PLANE('',#14261);
#14263=ADVANCED_FACE('',(#14260),#14262,.T.);
#14264=ORIENTED_EDGE('',*,*,#13288,.T.);
#14265=VECTOR('',#1679,1.);
#14266=LINE('',#13182,#14265);
#14267=EDGE_CURVE('',#13183,#12918,#14266,.T.);
#14268=ORIENTED_EDGE('',*,*,#14267,.T.);
#14269=ORIENTED_EDGE('',*,*,#13097,.F.);
#14270=ORIENTED_EDGE('',*,*,#14255,.F.);
#14271=EDGE_LOOP('',(#14264,#14268,#14269,#14270));
#14272=FACE_OUTER_BOUND('',#14271,.T.);
#14273=AXIS2_PLACEMENT_3D('',#13184,#1542,#4033);
#14274=PLANE('',#14273);
#14275=ADVANCED_FACE('',(#14272),#14274,.T.);
#14276=ORIENTED_EDGE('',*,*,#13284,.T.);
#14277=VECTOR('',#1679,1.);
#14278=LINE('',#13180,#14277);
#14279=EDGE_CURVE('',#13181,#12920,#14278,.T.);
#14280=ORIENTED_EDGE('',*,*,#14279,.T.);
#14281=ORIENTED_EDGE('',*,*,#13101,.F.);
#14282=ORIENTED_EDGE('',*,*,#14267,.F.);
#14283=EDGE_LOOP('',(#14276,#14280,#14281,#14282));
#14284=FACE_OUTER_BOUND('',#14283,.T.);
#14285=AXIS2_PLACEMENT_3D('',#13182,#1537,#4020);
#14286=PLANE('',#14285);
#14287=ADVANCED_FACE('',(#14284),#14286,.T.);
#14288=ORIENTED_EDGE('',*,*,#13280,.T.);
#14289=VECTOR('',#1679,1.);
#14290=LINE('',#13178,#14289);
#14291=EDGE_CURVE('',#13179,#12922,#14290,.T.);
#14292=ORIENTED_EDGE('',*,*,#14291,.T.);
#14293=ORIENTED_EDGE('',*,*,#13105,.F.);
#14294=ORIENTED_EDGE('',*,*,#14279,.F.);
#14295=EDGE_LOOP('',(#14288,#14292,#14293,#14294));
#14296=FACE_OUTER_BOUND('',#14295,.T.);
#14297=AXIS2_PLACEMENT_3D('',#13180,#1532,#4007);
#14298=PLANE('',#14297);
#14299=ADVANCED_FACE('',(#14296),#14298,.T.);
#14300=ORIENTED_EDGE('',*,*,#13276,.T.);
#14301=VECTOR('',#1679,1.);
#14302=LINE('',#13176,#14301);
#14303=EDGE_CURVE('',#13177,#12924,#14302,.T.);
#14304=ORIENTED_EDGE('',*,*,#14303,.T.);
#14305=ORIENTED_EDGE('',*,*,#13109,.F.);
#14306=ORIENTED_EDGE('',*,*,#14291,.F.);
#14307=EDGE_LOOP('',(#14300,#14304,#14305,#14306));
#14308=FACE_OUTER_BOUND('',#14307,.T.);
#14309=AXIS2_PLACEMENT_3D('',#13178,#3846,#3994);
#14310=PLANE('',#14309);
#14311=ADVANCED_FACE('',(#14308),#14310,.T.);
#14312=ORIENTED_EDGE('',*,*,#13272,.T.);
#14313=VECTOR('',#1679,1.);
#14314=LINE('',#13174,#14313);
#14315=EDGE_CURVE('',#13175,#12926,#14314,.T.);
#14316=ORIENTED_EDGE('',*,*,#14315,.T.);
#14317=ORIENTED_EDGE('',*,*,#13113,.F.);
#14318=ORIENTED_EDGE('',*,*,#14303,.F.);
#14319=EDGE_LOOP('',(#14312,#14316,#14317,#14318));
#14320=FACE_OUTER_BOUND('',#14319,.T.);
#14321=AXIS2_PLACEMENT_3D('',#13176,#341,#3981);
#14322=PLANE('',#14321);
#14323=ADVANCED_FACE('',(#14320),#14322,.T.);
#14324=ORIENTED_EDGE('',*,*,#13460,.T.);
#14325=ORIENTED_EDGE('',*,*,#13765,.T.);
#14326=ORIENTED_EDGE('',*,*,#13117,.F.);
#14327=ORIENTED_EDGE('',*,*,#14315,.F.);
#14328=EDGE_LOOP('',(#14324,#14325,#14326,#14327));
#14329=FACE_OUTER_BOUND('',#14328,.T.);
#14330=AXIS2_PLACEMENT_3D('',#13174,#1518,#3968);
#14331=PLANE('',#14330);
#14332=ADVANCED_FACE('',(#14329),#14331,.T.);
#14333=ORIENTED_EDGE('',*,*,#13746,.F.);
#14334=VECTOR('',#1679,1.);
#14335=LINE('',#13556,#14334);
#14336=EDGE_CURVE('',#13557,#2816,#14335,.T.);
#14337=ORIENTED_EDGE('',*,*,#14336,.T.);
#14338=ORIENTED_EDGE('',*,*,#3005,.T.);
#14339=VECTOR('',#1679,1.);
#14340=LINE('',#13558,#14339);
#14341=EDGE_CURVE('',#13559,#2818,#14340,.T.);
#14342=ORIENTED_EDGE('',*,*,#14341,.F.);
#14343=EDGE_LOOP('',(#14333,#14337,#14338,#14342));
#14344=FACE_OUTER_BOUND('',#14343,.T.);
#14345=AXIS2_PLACEMENT_3D('',#13558,#3677,#281);
#14346=PLANE('',#14345);
#14347=ADVANCED_FACE('',(#14344),#14346,.T.);
#14348=ORIENTED_EDGE('',*,*,#13742,.F.);
#14349=VECTOR('',#1679,1.);
#14350=LINE('',#13554,#14349);
#14351=EDGE_CURVE('',#13555,#2814,#14350,.T.);
#14352=ORIENTED_EDGE('',*,*,#14351,.T.);
#14353=ORIENTED_EDGE('',*,*,#3001,.T.);
#14354=ORIENTED_EDGE('',*,*,#14336,.F.);
#14355=EDGE_LOOP('',(#14348,#14352,#14353,#14354));
#14356=FACE_OUTER_BOUND('',#14355,.T.);
#14357=AXIS2_PLACEMENT_3D('',#13556,#3690,#3691);
#14358=PLANE('',#14357);
#14359=ADVANCED_FACE('',(#14356),#14358,.T.);
#14360=ORIENTED_EDGE('',*,*,#13738,.F.);
#14361=VECTOR('',#1679,1.);
#14362=LINE('',#13552,#14361);
#14363=EDGE_CURVE('',#13553,#2812,#14362,.T.);
#14364=ORIENTED_EDGE('',*,*,#14363,.T.);
#14365=ORIENTED_EDGE('',*,*,#2997,.T.);
#14366=ORIENTED_EDGE('',*,*,#14351,.F.);
#14367=EDGE_LOOP('',(#14360,#14364,#14365,#14366));
#14368=FACE_OUTER_BOUND('',#14367,.T.);
#14369=AXIS2_PLACEMENT_3D('',#13554,#3704,#1474);
#14370=PLANE('',#14369);
#14371=ADVANCED_FACE('',(#14368),#14370,.T.);
#14372=ORIENTED_EDGE('',*,*,#13734,.F.);
#14373=VECTOR('',#1679,1.);
#14374=LINE('',#13550,#14373);
#14375=EDGE_CURVE('',#13551,#2810,#14374,.T.);
#14376=ORIENTED_EDGE('',*,*,#14375,.T.);
#14377=ORIENTED_EDGE('',*,*,#2993,.T.);
#14378=ORIENTED_EDGE('',*,*,#14363,.F.);
#14379=EDGE_LOOP('',(#14372,#14376,#14377,#14378));
#14380=FACE_OUTER_BOUND('',#14379,.T.);
#14381=AXIS2_PLACEMENT_3D('',#13552,#3717,#1479);
#14382=PLANE('',#14381);
#14383=ADVANCED_FACE('',(#14380),#14382,.T.);
#14384=ORIENTED_EDGE('',*,*,#13730,.F.);
#14385=VECTOR('',#1679,1.);
#14386=LINE('',#13548,#14385);
#14387=EDGE_CURVE('',#13549,#2808,#14386,.T.);
#14388=ORIENTED_EDGE('',*,*,#14387,.T.);
#14389=ORIENTED_EDGE('',*,*,#2989,.T.);
#14390=ORIENTED_EDGE('',*,*,#14375,.F.);
#14391=EDGE_LOOP('',(#14384,#14388,#14389,#14390));
#14392=FACE_OUTER_BOUND('',#14391,.T.);
#14393=AXIS2_PLACEMENT_3D('',#13550,#3730,#1484);
#14394=PLANE('',#14393);
#14395=ADVANCED_FACE('',(#14392),#14394,.T.);
#14396=ORIENTED_EDGE('',*,*,#13726,.F.);
#14397=VECTOR('',#1679,1.);
#14398=LINE('',#13546,#14397);
#14399=EDGE_CURVE('',#13547,#2806,#14398,.T.);
#14400=ORIENTED_EDGE('',*,*,#14399,.T.);
#14401=ORIENTED_EDGE('',*,*,#2985,.T.);
#14402=ORIENTED_EDGE('',*,*,#14387,.F.);
#14403=EDGE_LOOP('',(#14396,#14400,#14401,#14402));
#14404=FACE_OUTER_BOUND('',#14403,.T.);
#14405=AXIS2_PLACEMENT_3D('',#13548,#3743,#1489);
#14406=PLANE('',#14405);
#14407=ADVANCED_FACE('',(#14404),#14406,.T.);
#14408=ORIENTED_EDGE('',*,*,#13722,.F.);
#14409=VECTOR('',#1679,1.);
#14410=LINE('',#13544,#14409);
#14411=EDGE_CURVE('',#13545,#2804,#14410,.T.);
#14412=ORIENTED_EDGE('',*,*,#14411,.T.);
#14413=ORIENTED_EDGE('',*,*,#2981,.T.);
#14414=ORIENTED_EDGE('',*,*,#14399,.F.);
#14415=EDGE_LOOP('',(#14408,#14412,#14413,#14414));
#14416=FACE_OUTER_BOUND('',#14415,.T.);
#14417=AXIS2_PLACEMENT_3D('',#13546,#3756,#1494);
#14418=PLANE('',#14417);
#14419=ADVANCED_FACE('',(#14416),#14418,.T.);
#14420=ORIENTED_EDGE('',*,*,#13718,.F.);
#14421=VECTOR('',#1679,1.);
#14422=LINE('',#13542,#14421);
#14423=EDGE_CURVE('',#13543,#2802,#14422,.T.);
#14424=ORIENTED_EDGE('',*,*,#14423,.T.);
#14425=ORIENTED_EDGE('',*,*,#2977,.T.);
#14426=ORIENTED_EDGE('',*,*,#14411,.F.);
#14427=EDGE_LOOP('',(#14420,#14424,#14425,#14426));
#14428=FACE_OUTER_BOUND('',#14427,.T.);
#14429=AXIS2_PLACEMENT_3D('',#13544,#3769,#1499);
#14430=PLANE('',#14429);
#14431=ADVANCED_FACE('',(#14428),#14430,.T.);
#14432=ORIENTED_EDGE('',*,*,#13714,.F.);
#14433=VECTOR('',#1679,1.);
#14434=LINE('',#13540,#14433);
#14435=EDGE_CURVE('',#13541,#2800,#14434,.T.);
#14436=ORIENTED_EDGE('',*,*,#14435,.T.);
#14437=ORIENTED_EDGE('',*,*,#2973,.T.);
#14438=ORIENTED_EDGE('',*,*,#14423,.F.);
#14439=EDGE_LOOP('',(#14432,#14436,#14437,#14438));
#14440=FACE_OUTER_BOUND('',#14439,.T.);
#14441=AXIS2_PLACEMENT_3D('',#13542,#3782,#3783);
#14442=PLANE('',#14441);
#14443=ADVANCED_FACE('',(#14440),#14442,.T.);
#14444=ORIENTED_EDGE('',*,*,#13710,.F.);
#14445=VECTOR('',#1679,1.);
#14446=LINE('',#13538,#14445);
#14447=EDGE_CURVE('',#13539,#2798,#14446,.T.);
#14448=ORIENTED_EDGE('',*,*,#14447,.T.);
#14449=ORIENTED_EDGE('',*,*,#2969,.T.);
#14450=ORIENTED_EDGE('',*,*,#14435,.F.);
#14451=EDGE_LOOP('',(#14444,#14448,#14449,#14450));
#14452=FACE_OUTER_BOUND('',#14451,.T.);
#14453=AXIS2_PLACEMENT_3D('',#13540,#3796,#326);
#14454=PLANE('',#14453);
#14455=ADVANCED_FACE('',(#14452),#14454,.T.);
#14456=ORIENTED_EDGE('',*,*,#13706,.F.);
#14457=VECTOR('',#1679,1.);
#14458=LINE('',#13536,#14457);
#14459=EDGE_CURVE('',#13537,#2796,#14458,.T.);
#14460=ORIENTED_EDGE('',*,*,#14459,.T.);
#14461=ORIENTED_EDGE('',*,*,#2965,.T.);
#14462=ORIENTED_EDGE('',*,*,#14447,.F.);
#14463=EDGE_LOOP('',(#14456,#14460,#14461,#14462));
#14464=FACE_OUTER_BOUND('',#14463,.T.);
#14465=AXIS2_PLACEMENT_3D('',#13538,#3809,#1513);
#14466=PLANE('',#14465);
#14467=ADVANCED_FACE('',(#14464),#14466,.T.);
#14468=ORIENTED_EDGE('',*,*,#13702,.F.);
#14469=VECTOR('',#1679,1.);
#14470=LINE('',#13534,#14469);
#14471=EDGE_CURVE('',#13535,#2794,#14470,.T.);
#14472=ORIENTED_EDGE('',*,*,#14471,.T.);
#14473=ORIENTED_EDGE('',*,*,#2961,.T.);
#14474=ORIENTED_EDGE('',*,*,#14459,.F.);
#14475=EDGE_LOOP('',(#14468,#14472,#14473,#14474));
#14476=FACE_OUTER_BOUND('',#14475,.T.);
#14477=AXIS2_PLACEMENT_3D('',#13536,#1576,#1518);
#14478=PLANE('',#14477);
#14479=ADVANCED_FACE('',(#14476),#14478,.T.);
#14480=ORIENTED_EDGE('',*,*,#13698,.F.);
#14481=VECTOR('',#1679,1.);
#14482=LINE('',#13532,#14481);
#14483=EDGE_CURVE('',#13533,#2792,#14482,.T.);
#14484=ORIENTED_EDGE('',*,*,#14483,.T.);
#14485=ORIENTED_EDGE('',*,*,#2957,.T.);
#14486=ORIENTED_EDGE('',*,*,#14471,.F.);
#14487=EDGE_LOOP('',(#14480,#14484,#14485,#14486));
#14488=FACE_OUTER_BOUND('',#14487,.T.);
#14489=AXIS2_PLACEMENT_3D('',#13534,#281,#341);
#14490=PLANE('',#14489);
#14491=ADVANCED_FACE('',(#14488),#14490,.T.);
#14492=ORIENTED_EDGE('',*,*,#13694,.F.);
#14493=VECTOR('',#1679,1.);
#14494=LINE('',#13530,#14493);
#14495=EDGE_CURVE('',#13531,#2790,#14494,.T.);
#14496=ORIENTED_EDGE('',*,*,#14495,.T.);
#14497=ORIENTED_EDGE('',*,*,#2953,.T.);
#14498=ORIENTED_EDGE('',*,*,#14483,.F.);
#14499=EDGE_LOOP('',(#14492,#14496,#14497,#14498));
#14500=FACE_OUTER_BOUND('',#14499,.T.);
#14501=AXIS2_PLACEMENT_3D('',#13532,#3691,#3846);
#14502=PLANE('',#14501);
#14503=ADVANCED_FACE('',(#14500),#14502,.T.);
#14504=ORIENTED_EDGE('',*,*,#13690,.F.);
#14505=VECTOR('',#1679,1.);
#14506=LINE('',#13528,#14505);
#14507=EDGE_CURVE('',#13529,#2788,#14506,.T.);
#14508=ORIENTED_EDGE('',*,*,#14507,.T.);
#14509=ORIENTED_EDGE('',*,*,#2949,.T.);
#14510=ORIENTED_EDGE('',*,*,#14495,.F.);
#14511=EDGE_LOOP('',(#14504,#14508,#14509,#14510));
#14512=FACE_OUTER_BOUND('',#14511,.T.);
#14513=AXIS2_PLACEMENT_3D('',#13530,#1474,#1532);
#14514=PLANE('',#14513);
#14515=ADVANCED_FACE('',(#14512),#14514,.T.);
#14516=ORIENTED_EDGE('',*,*,#13686,.F.);
#14517=VECTOR('',#1679,1.);
#14518=LINE('',#13526,#14517);
#14519=EDGE_CURVE('',#13527,#2786,#14518,.T.);
#14520=ORIENTED_EDGE('',*,*,#14519,.T.);
#14521=ORIENTED_EDGE('',*,*,#2945,.T.);
#14522=ORIENTED_EDGE('',*,*,#14507,.F.);
#14523=EDGE_LOOP('',(#14516,#14520,#14521,#14522));
#14524=FACE_OUTER_BOUND('',#14523,.T.);
#14525=AXIS2_PLACEMENT_3D('',#13528,#1479,#1537);
#14526=PLANE('',#14525);
#14527=ADVANCED_FACE('',(#14524),#14526,.T.);
#14528=ORIENTED_EDGE('',*,*,#13682,.F.);
#14529=VECTOR('',#1679,1.);
#14530=LINE('',#13524,#14529);
#14531=EDGE_CURVE('',#13525,#2784,#14530,.T.);
#14532=ORIENTED_EDGE('',*,*,#14531,.T.);
#14533=ORIENTED_EDGE('',*,*,#2941,.T.);
#14534=ORIENTED_EDGE('',*,*,#14519,.F.);
#14535=EDGE_LOOP('',(#14528,#14532,#14533,#14534));
#14536=FACE_OUTER_BOUND('',#14535,.T.);
#14537=AXIS2_PLACEMENT_3D('',#13526,#1484,#1542);
#14538=PLANE('',#14537);
#14539=ADVANCED_FACE('',(#14536),#14538,.T.);
#14540=ORIENTED_EDGE('',*,*,#13678,.F.);
#14541=VECTOR('',#1679,1.);
#14542=LINE('',#13522,#14541);
#14543=EDGE_CURVE('',#13523,#2782,#14542,.T.);
#14544=ORIENTED_EDGE('',*,*,#14543,.T.);
#14545=ORIENTED_EDGE('',*,*,#2937,.T.);
#14546=ORIENTED_EDGE('',*,*,#14531,.F.);
#14547=EDGE_LOOP('',(#14540,#14544,#14545,#14546));
#14548=FACE_OUTER_BOUND('',#14547,.T.);
#14549=AXIS2_PLACEMENT_3D('',#13524,#1489,#1547);
#14550=PLANE('',#14549);
#14551=ADVANCED_FACE('',(#14548),#14550,.T.);
#14552=ORIENTED_EDGE('',*,*,#13674,.F.);
#14553=VECTOR('',#1679,1.);
#14554=LINE('',#13520,#14553);
#14555=EDGE_CURVE('',#13521,#2780,#14554,.T.);
#14556=ORIENTED_EDGE('',*,*,#14555,.T.);
#14557=ORIENTED_EDGE('',*,*,#2933,.T.);
#14558=ORIENTED_EDGE('',*,*,#14543,.F.);
#14559=EDGE_LOOP('',(#14552,#14556,#14557,#14558));
#14560=FACE_OUTER_BOUND('',#14559,.T.);
#14561=AXIS2_PLACEMENT_3D('',#13522,#1494,#1552);
#14562=PLANE('',#14561);
#14563=ADVANCED_FACE('',(#14560),#14562,.T.);
#14564=ORIENTED_EDGE('',*,*,#13670,.F.);
#14565=VECTOR('',#1679,1.);
#14566=LINE('',#13518,#14565);
#14567=EDGE_CURVE('',#13519,#2778,#14566,.T.);
#14568=ORIENTED_EDGE('',*,*,#14567,.T.);
#14569=ORIENTED_EDGE('',*,*,#2929,.T.);
#14570=ORIENTED_EDGE('',*,*,#14555,.F.);
#14571=EDGE_LOOP('',(#14564,#14568,#14569,#14570));
#14572=FACE_OUTER_BOUND('',#14571,.T.);
#14573=AXIS2_PLACEMENT_3D('',#13520,#1499,#1557);
#14574=PLANE('',#14573);
#14575=ADVANCED_FACE('',(#14572),#14574,.T.);
#14576=ORIENTED_EDGE('',*,*,#13666,.F.);
#14577=VECTOR('',#1679,1.);
#14578=LINE('',#13516,#14577);
#14579=EDGE_CURVE('',#13517,#2776,#14578,.T.);
#14580=ORIENTED_EDGE('',*,*,#14579,.T.);
#14581=ORIENTED_EDGE('',*,*,#2925,.T.);
#14582=ORIENTED_EDGE('',*,*,#14567,.F.);
#14583=EDGE_LOOP('',(#14576,#14580,#14581,#14582));
#14584=FACE_OUTER_BOUND('',#14583,.T.);
#14585=AXIS2_PLACEMENT_3D('',#13518,#3783,#3931);
#14586=PLANE('',#14585);
#14587=ADVANCED_FACE('',(#14584),#14586,.T.);
#14588=ORIENTED_EDGE('',*,*,#13662,.F.);
#14589=VECTOR('',#1679,1.);
#14590=LINE('',#13514,#14589);
#14591=EDGE_CURVE('',#13515,#2774,#14590,.T.);
#14592=ORIENTED_EDGE('',*,*,#14591,.T.);
#14593=ORIENTED_EDGE('',*,*,#2921,.T.);
#14594=ORIENTED_EDGE('',*,*,#14579,.F.);
#14595=EDGE_LOOP('',(#14588,#14592,#14593,#14594));
#14596=FACE_OUTER_BOUND('',#14595,.T.);
#14597=AXIS2_PLACEMENT_3D('',#13516,#326,#386);
#14598=PLANE('',#14597);
#14599=ADVANCED_FACE('',(#14596),#14598,.T.);
#14600=ORIENTED_EDGE('',*,*,#13658,.F.);
#14601=VECTOR('',#1679,1.);
#14602=LINE('',#13512,#14601);
#14603=EDGE_CURVE('',#13513,#2772,#14602,.T.);
#14604=ORIENTED_EDGE('',*,*,#14603,.T.);
#14605=ORIENTED_EDGE('',*,*,#2917,.T.);
#14606=ORIENTED_EDGE('',*,*,#14591,.F.);
#14607=EDGE_LOOP('',(#14600,#14604,#14605,#14606));
#14608=FACE_OUTER_BOUND('',#14607,.T.);
#14609=AXIS2_PLACEMENT_3D('',#13514,#1513,#1571);
#14610=PLANE('',#14609);
#14611=ADVANCED_FACE('',(#14608),#14610,.T.);
#14612=ORIENTED_EDGE('',*,*,#13654,.T.);
#14613=VECTOR('',#1679,1.);
#14614=LINE('',#13510,#14613);
#14615=EDGE_CURVE('',#13511,#2770,#14614,.T.);
#14616=ORIENTED_EDGE('',*,*,#14615,.T.);
#14617=ORIENTED_EDGE('',*,*,#2913,.F.);
#14618=ORIENTED_EDGE('',*,*,#14603,.F.);
#14619=EDGE_LOOP('',(#14612,#14616,#14617,#14618));
#14620=FACE_OUTER_BOUND('',#14619,.T.);
#14621=AXIS2_PLACEMENT_3D('',#13512,#1518,#3968);
#14622=PLANE('',#14621);
#14623=ADVANCED_FACE('',(#14620),#14622,.T.);
#14624=ORIENTED_EDGE('',*,*,#13650,.T.);
#14625=VECTOR('',#1679,1.);
#14626=LINE('',#13508,#14625);
#14627=EDGE_CURVE('',#13509,#2768,#14626,.T.);
#14628=ORIENTED_EDGE('',*,*,#14627,.T.);
#14629=ORIENTED_EDGE('',*,*,#2909,.F.);
#14630=ORIENTED_EDGE('',*,*,#14615,.F.);
#14631=EDGE_LOOP('',(#14624,#14628,#14629,#14630));
#14632=FACE_OUTER_BOUND('',#14631,.T.);
#14633=AXIS2_PLACEMENT_3D('',#13510,#341,#3981);
#14634=PLANE('',#14633);
#14635=ADVANCED_FACE('',(#14632),#14634,.T.);
#14636=ORIENTED_EDGE('',*,*,#13646,.T.);
#14637=VECTOR('',#1679,1.);
#14638=LINE('',#13506,#14637);
#14639=EDGE_CURVE('',#13507,#2766,#14638,.T.);
#14640=ORIENTED_EDGE('',*,*,#14639,.T.);
#14641=ORIENTED_EDGE('',*,*,#2905,.F.);
#14642=ORIENTED_EDGE('',*,*,#14627,.F.);
#14643=EDGE_LOOP('',(#14636,#14640,#14641,#14642));
#14644=FACE_OUTER_BOUND('',#14643,.T.);
#14645=AXIS2_PLACEMENT_3D('',#13508,#3846,#3994);
#14646=PLANE('',#14645);
#14647=ADVANCED_FACE('',(#14644),#14646,.T.);
#14648=ORIENTED_EDGE('',*,*,#13642,.T.);
#14649=VECTOR('',#1679,1.);
#14650=LINE('',#13504,#14649);
#14651=EDGE_CURVE('',#13505,#2764,#14650,.T.);
#14652=ORIENTED_EDGE('',*,*,#14651,.T.);
#14653=ORIENTED_EDGE('',*,*,#2901,.F.);
#14654=ORIENTED_EDGE('',*,*,#14639,.F.);
#14655=EDGE_LOOP('',(#14648,#14652,#14653,#14654));
#14656=FACE_OUTER_BOUND('',#14655,.T.);
#14657=AXIS2_PLACEMENT_3D('',#13506,#1532,#4007);
#14658=PLANE('',#14657);
#14659=ADVANCED_FACE('',(#14656),#14658,.T.);
#14660=ORIENTED_EDGE('',*,*,#13638,.T.);
#14661=VECTOR('',#1679,1.);
#14662=LINE('',#13502,#14661);
#14663=EDGE_CURVE('',#13503,#2762,#14662,.T.);
#14664=ORIENTED_EDGE('',*,*,#14663,.T.);
#14665=ORIENTED_EDGE('',*,*,#2897,.F.);
#14666=ORIENTED_EDGE('',*,*,#14651,.F.);
#14667=EDGE_LOOP('',(#14660,#14664,#14665,#14666));
#14668=FACE_OUTER_BOUND('',#14667,.T.);
#14669=AXIS2_PLACEMENT_3D('',#13504,#1537,#4020);
#14670=PLANE('',#14669);
#14671=ADVANCED_FACE('',(#14668),#14670,.T.);
#14672=ORIENTED_EDGE('',*,*,#13634,.T.);
#14673=VECTOR('',#1679,1.);
#14674=LINE('',#13500,#14673);
#14675=EDGE_CURVE('',#13501,#2760,#14674,.T.);
#14676=ORIENTED_EDGE('',*,*,#14675,.T.);
#14677=ORIENTED_EDGE('',*,*,#2893,.F.);
#14678=ORIENTED_EDGE('',*,*,#14663,.F.);
#14679=EDGE_LOOP('',(#14672,#14676,#14677,#14678));
#14680=FACE_OUTER_BOUND('',#14679,.T.);
#14681=AXIS2_PLACEMENT_3D('',#13502,#1542,#4033);
#14682=PLANE('',#14681);
#14683=ADVANCED_FACE('',(#14680),#14682,.T.);
#14684=ORIENTED_EDGE('',*,*,#13630,.T.);
#14685=VECTOR('',#1679,1.);
#14686=LINE('',#13498,#14685);
#14687=EDGE_CURVE('',#13499,#2758,#14686,.T.);
#14688=ORIENTED_EDGE('',*,*,#14687,.T.);
#14689=ORIENTED_EDGE('',*,*,#2889,.F.);
#14690=ORIENTED_EDGE('',*,*,#14675,.F.);
#14691=EDGE_LOOP('',(#14684,#14688,#14689,#14690));
#14692=FACE_OUTER_BOUND('',#14691,.T.);
#14693=AXIS2_PLACEMENT_3D('',#13500,#1547,#4046);
#14694=PLANE('',#14693);
#14695=ADVANCED_FACE('',(#14692),#14694,.T.);
#14696=ORIENTED_EDGE('',*,*,#13626,.T.);
#14697=VECTOR('',#1679,1.);
#14698=LINE('',#13496,#14697);
#14699=EDGE_CURVE('',#13497,#2756,#14698,.T.);
#14700=ORIENTED_EDGE('',*,*,#14699,.T.);
#14701=ORIENTED_EDGE('',*,*,#2885,.F.);
#14702=ORIENTED_EDGE('',*,*,#14687,.F.);
#14703=EDGE_LOOP('',(#14696,#14700,#14701,#14702));
#14704=FACE_OUTER_BOUND('',#14703,.T.);
#14705=AXIS2_PLACEMENT_3D('',#13498,#1552,#4059);
#14706=PLANE('',#14705);
#14707=ADVANCED_FACE('',(#14704),#14706,.T.);
#14708=ORIENTED_EDGE('',*,*,#13622,.T.);
#14709=VECTOR('',#1679,1.);
#14710=LINE('',#13494,#14709);
#14711=EDGE_CURVE('',#13495,#2754,#14710,.T.);
#14712=ORIENTED_EDGE('',*,*,#14711,.T.);
#14713=ORIENTED_EDGE('',*,*,#2881,.F.);
#14714=ORIENTED_EDGE('',*,*,#14699,.F.);
#14715=EDGE_LOOP('',(#14708,#14712,#14713,#14714));
#14716=FACE_OUTER_BOUND('',#14715,.T.);
#14717=AXIS2_PLACEMENT_3D('',#13496,#1557,#4072);
#14718=PLANE('',#14717);
#14719=ADVANCED_FACE('',(#14716),#14718,.T.);
#14720=ORIENTED_EDGE('',*,*,#13618,.T.);
#14721=VECTOR('',#1679,1.);
#14722=LINE('',#13492,#14721);
#14723=EDGE_CURVE('',#13493,#2752,#14722,.T.);
#14724=ORIENTED_EDGE('',*,*,#14723,.T.);
#14725=ORIENTED_EDGE('',*,*,#2877,.F.);
#14726=ORIENTED_EDGE('',*,*,#14711,.F.);
#14727=EDGE_LOOP('',(#14720,#14724,#14725,#14726));
#14728=FACE_OUTER_BOUND('',#14727,.T.);
#14729=AXIS2_PLACEMENT_3D('',#13494,#3931,#4085);
#14730=PLANE('',#14729);
#14731=ADVANCED_FACE('',(#14728),#14730,.T.);
#14732=ORIENTED_EDGE('',*,*,#13614,.T.);
#14733=VECTOR('',#1679,1.);
#14734=LINE('',#13490,#14733);
#14735=EDGE_CURVE('',#13491,#2750,#14734,.T.);
#14736=ORIENTED_EDGE('',*,*,#14735,.T.);
#14737=ORIENTED_EDGE('',*,*,#2873,.F.);
#14738=ORIENTED_EDGE('',*,*,#14723,.F.);
#14739=EDGE_LOOP('',(#14732,#14736,#14737,#14738));
#14740=FACE_OUTER_BOUND('',#14739,.T.);
#14741=AXIS2_PLACEMENT_3D('',#13492,#386,#4098);
#14742=PLANE('',#14741);
#14743=ADVANCED_FACE('',(#14740),#14742,.T.);
#14744=ORIENTED_EDGE('',*,*,#13610,.T.);
#14745=VECTOR('',#1679,1.);
#14746=LINE('',#13488,#14745);
#14747=EDGE_CURVE('',#13489,#2748,#14746,.T.);
#14748=ORIENTED_EDGE('',*,*,#14747,.T.);
#14749=ORIENTED_EDGE('',*,*,#2869,.F.);
#14750=ORIENTED_EDGE('',*,*,#14735,.F.);
#14751=EDGE_LOOP('',(#14744,#14748,#14749,#14750));
#14752=FACE_OUTER_BOUND('',#14751,.T.);
#14753=AXIS2_PLACEMENT_3D('',#13490,#1571,#4111);
#14754=PLANE('',#14753);
#14755=ADVANCED_FACE('',(#14752),#14754,.T.);
#14756=ORIENTED_EDGE('',*,*,#13606,.T.);
#14757=VECTOR('',#1679,1.);
#14758=LINE('',#13486,#14757);
#14759=EDGE_CURVE('',#13487,#2746,#14758,.T.);
#14760=ORIENTED_EDGE('',*,*,#14759,.T.);
#14761=ORIENTED_EDGE('',*,*,#2865,.F.);
#14762=ORIENTED_EDGE('',*,*,#14747,.F.);
#14763=EDGE_LOOP('',(#14756,#14760,#14761,#14762));
#14764=FACE_OUTER_BOUND('',#14763,.T.);
#14765=AXIS2_PLACEMENT_3D('',#13488,#3968,#4124);
#14766=PLANE('',#14765);
#14767=ADVANCED_FACE('',(#14764),#14766,.T.);
#14768=ORIENTED_EDGE('',*,*,#13602,.T.);
#14769=VECTOR('',#1679,1.);
#14770=LINE('',#13484,#14769);
#14771=EDGE_CURVE('',#13485,#2744,#14770,.T.);
#14772=ORIENTED_EDGE('',*,*,#14771,.T.);
#14773=ORIENTED_EDGE('',*,*,#2861,.F.);
#14774=ORIENTED_EDGE('',*,*,#14759,.F.);
#14775=EDGE_LOOP('',(#14768,#14772,#14773,#14774));
#14776=FACE_OUTER_BOUND('',#14775,.T.);
#14777=AXIS2_PLACEMENT_3D('',#13486,#3981,#3677);
#14778=PLANE('',#14777);
#14779=ADVANCED_FACE('',(#14776),#14778,.T.);
#14780=ORIENTED_EDGE('',*,*,#13598,.T.);
#14781=VECTOR('',#1679,1.);
#14782=LINE('',#13482,#14781);
#14783=EDGE_CURVE('',#13483,#2742,#14782,.T.);
#14784=ORIENTED_EDGE('',*,*,#14783,.T.);
#14785=ORIENTED_EDGE('',*,*,#2857,.F.);
#14786=ORIENTED_EDGE('',*,*,#14771,.F.);
#14787=EDGE_LOOP('',(#14780,#14784,#14785,#14786));
#14788=FACE_OUTER_BOUND('',#14787,.T.);
#14789=AXIS2_PLACEMENT_3D('',#13484,#3994,#3690);
#14790=PLANE('',#14789);
#14791=ADVANCED_FACE('',(#14788),#14790,.T.);
#14792=ORIENTED_EDGE('',*,*,#13594,.T.);
#14793=VECTOR('',#1679,1.);
#14794=LINE('',#13480,#14793);
#14795=EDGE_CURVE('',#13481,#2740,#14794,.T.);
#14796=ORIENTED_EDGE('',*,*,#14795,.T.);
#14797=ORIENTED_EDGE('',*,*,#2853,.F.);
#14798=ORIENTED_EDGE('',*,*,#14783,.F.);
#14799=EDGE_LOOP('',(#14792,#14796,#14797,#14798));
#14800=FACE_OUTER_BOUND('',#14799,.T.);
#14801=AXIS2_PLACEMENT_3D('',#13482,#4007,#3704);
#14802=PLANE('',#14801);
#14803=ADVANCED_FACE('',(#14800),#14802,.T.);
#14804=ORIENTED_EDGE('',*,*,#13590,.T.);
#14805=VECTOR('',#1679,1.);
#14806=LINE('',#13478,#14805);
#14807=EDGE_CURVE('',#13479,#2738,#14806,.T.);
#14808=ORIENTED_EDGE('',*,*,#14807,.T.);
#14809=ORIENTED_EDGE('',*,*,#2849,.F.);
#14810=ORIENTED_EDGE('',*,*,#14795,.F.);
#14811=EDGE_LOOP('',(#14804,#14808,#14809,#14810));
#14812=FACE_OUTER_BOUND('',#14811,.T.);
#14813=AXIS2_PLACEMENT_3D('',#13480,#4020,#3717);
#14814=PLANE('',#14813);
#14815=ADVANCED_FACE('',(#14812),#14814,.T.);
#14816=ORIENTED_EDGE('',*,*,#13586,.T.);
#14817=VECTOR('',#1679,1.);
#14818=LINE('',#13476,#14817);
#14819=EDGE_CURVE('',#13477,#2736,#14818,.T.);
#14820=ORIENTED_EDGE('',*,*,#14819,.T.);
#14821=ORIENTED_EDGE('',*,*,#2845,.F.);
#14822=ORIENTED_EDGE('',*,*,#14807,.F.);
#14823=EDGE_LOOP('',(#14816,#14820,#14821,#14822));
#14824=FACE_OUTER_BOUND('',#14823,.T.);
#14825=AXIS2_PLACEMENT_3D('',#13478,#4033,#3730);
#14826=PLANE('',#14825);
#14827=ADVANCED_FACE('',(#14824),#14826,.T.);
#14828=ORIENTED_EDGE('',*,*,#13582,.T.);
#14829=VECTOR('',#1679,1.);
#14830=LINE('',#13474,#14829);
#14831=EDGE_CURVE('',#13475,#2734,#14830,.T.);
#14832=ORIENTED_EDGE('',*,*,#14831,.T.);
#14833=ORIENTED_EDGE('',*,*,#2841,.F.);
#14834=ORIENTED_EDGE('',*,*,#14819,.F.);
#14835=EDGE_LOOP('',(#14828,#14832,#14833,#14834));
#14836=FACE_OUTER_BOUND('',#14835,.T.);
#14837=AXIS2_PLACEMENT_3D('',#13476,#4046,#3743);
#14838=PLANE('',#14837);
#14839=ADVANCED_FACE('',(#14836),#14838,.T.);
#14840=ORIENTED_EDGE('',*,*,#13578,.T.);
#14841=VECTOR('',#1679,1.);
#14842=LINE('',#13472,#14841);
#14843=EDGE_CURVE('',#13473,#2732,#14842,.T.);
#14844=ORIENTED_EDGE('',*,*,#14843,.T.);
#14845=ORIENTED_EDGE('',*,*,#2837,.F.);
#14846=ORIENTED_EDGE('',*,*,#14831,.F.);
#14847=EDGE_LOOP('',(#14840,#14844,#14845,#14846));
#14848=FACE_OUTER_BOUND('',#14847,.T.);
#14849=AXIS2_PLACEMENT_3D('',#13474,#4059,#3756);
#14850=PLANE('',#14849);
#14851=ADVANCED_FACE('',(#14848),#14850,.T.);
#14852=ORIENTED_EDGE('',*,*,#13574,.T.);
#14853=VECTOR('',#1679,1.);
#14854=LINE('',#13470,#14853);
#14855=EDGE_CURVE('',#13471,#2730,#14854,.T.);
#14856=ORIENTED_EDGE('',*,*,#14855,.T.);
#14857=ORIENTED_EDGE('',*,*,#2833,.F.);
#14858=ORIENTED_EDGE('',*,*,#14843,.F.);
#14859=EDGE_LOOP('',(#14852,#14856,#14857,#14858));
#14860=FACE_OUTER_BOUND('',#14859,.T.);
#14861=AXIS2_PLACEMENT_3D('',#13472,#4072,#3769);
#14862=PLANE('',#14861);
#14863=ADVANCED_FACE('',(#14860),#14862,.T.);
#14864=ORIENTED_EDGE('',*,*,#13570,.T.);
#14865=VECTOR('',#1679,1.);
#14866=LINE('',#13468,#14865);
#14867=EDGE_CURVE('',#13469,#2728,#14866,.T.);
#14868=ORIENTED_EDGE('',*,*,#14867,.T.);
#14869=ORIENTED_EDGE('',*,*,#2829,.F.);
#14870=ORIENTED_EDGE('',*,*,#14855,.F.);
#14871=EDGE_LOOP('',(#14864,#14868,#14869,#14870));
#14872=FACE_OUTER_BOUND('',#14871,.T.);
#14873=AXIS2_PLACEMENT_3D('',#13470,#4085,#3782);
#14874=PLANE('',#14873);
#14875=ADVANCED_FACE('',(#14872),#14874,.T.);
#14876=ORIENTED_EDGE('',*,*,#13566,.T.);
#14877=VECTOR('',#1679,1.);
#14878=LINE('',#13466,#14877);
#14879=EDGE_CURVE('',#13467,#2726,#14878,.T.);
#14880=ORIENTED_EDGE('',*,*,#14879,.T.);
#14881=ORIENTED_EDGE('',*,*,#2825,.F.);
#14882=ORIENTED_EDGE('',*,*,#14867,.F.);
#14883=EDGE_LOOP('',(#14876,#14880,#14881,#14882));
#14884=FACE_OUTER_BOUND('',#14883,.T.);
#14885=AXIS2_PLACEMENT_3D('',#13468,#4098,#3796);
#14886=PLANE('',#14885);
#14887=ADVANCED_FACE('',(#14884),#14886,.T.);
#14888=ORIENTED_EDGE('',*,*,#13562,.T.);
#14889=VECTOR('',#1679,1.);
#14890=LINE('',#13464,#14889);
#14891=EDGE_CURVE('',#13465,#2724,#14890,.T.);
#14892=ORIENTED_EDGE('',*,*,#14891,.T.);
#14893=ORIENTED_EDGE('',*,*,#2821,.F.);
#14894=ORIENTED_EDGE('',*,*,#14879,.F.);
#14895=EDGE_LOOP('',(#14888,#14892,#14893,#14894));
#14896=FACE_OUTER_BOUND('',#14895,.T.);
#14897=AXIS2_PLACEMENT_3D('',#13466,#4111,#3809);
#14898=PLANE('',#14897);
#14899=ADVANCED_FACE('',(#14896),#14898,.T.);
#14900=ORIENTED_EDGE('',*,*,#13750,.F.);
#14901=ORIENTED_EDGE('',*,*,#14341,.T.);
#14902=ORIENTED_EDGE('',*,*,#3009,.T.);
#14903=ORIENTED_EDGE('',*,*,#14891,.F.);
#14904=EDGE_LOOP('',(#14900,#14901,#14902,#14903));
#14905=FACE_OUTER_BOUND('',#14904,.T.);
#14906=AXIS2_PLACEMENT_3D('',#13464,#4124,#1576);
#14907=PLANE('',#14906);
#14908=ADVANCED_FACE('',(#14905),#14907,.T.);
#14909=CLOSED_SHELL('',(#13173,#13756,#13771,#13783,#13795,#13807,#13819,#13831,#13843,#13855,#13867,#13879,#13891,#13903,#13915,#13927,#13939,#13951,#13963,#13975,#13987,#13999,#14011,#14023,#14035,#14047,#14059,#14071,#14083,#14095,#14107,#14119,#14131,#14143,#14155,#14167,#14179,#14191,#14203,#14215,#14227,#14239,#14251,#14263,#14275,#14287,#14299,#14311,#14323,#14332,#14347,#14359,#14371,#14383,#14395,#14407,#14419,#14431,#14443,#14455,#14467,#14479,#14491,#14503,#14515,#14527,#14539,#14551,#14563,#14575,#14587,#14599,#14611,#14623,#14635,#14647,#14659,#14671,#14683,#14695,#14707,#14719,#14731,#14743,#14755,#14767,#14779,#14791,#14803,#14815,#14827,#14839,#14851,#14863,#14875,#14887,#14899,#14908));
#14910=MANIFOLD_SOLID_BREP('post4',#14909);
#14911=CARTESIAN_POINT('',(7.82076,1.36714,19.5));
#14912=VERTEX_POINT('',#14911);
#14913=CARTESIAN_POINT('',(7.75231889,2.41134954,19.5));
#14914=VERTEX_POINT('',#14913);
#14915=CARTESIAN_POINT('',(7.54816661,3.43769236,19.5));
#14916=VERTEX_POINT('',#14915);
#14917=CARTESIAN_POINT('',(7.21179626,4.42860746,19.5));
#14918=VERTEX_POINT('',#14917);
#14919=CARTESIAN_POINT('',(6.74896323,5.36714,19.5));
#14920=VERTEX_POINT('',#14919);
#14921=CARTESIAN_POINT('',(6.16758672,6.23723143,19.5));
#14922=VERTEX_POINT('',#14921);
#14923=CARTESIAN_POINT('',(5.47761425,7.02399425,19.5));
#14924=VERTEX_POINT('',#14923);
#14925=CARTESIAN_POINT('',(4.69085143,7.71396672,19.5));
#14926=VERTEX_POINT('',#14925);
#14927=CARTESIAN_POINT('',(3.82076,8.29534323,19.5));
#14928=VERTEX_POINT('',#14927);
#14929=CARTESIAN_POINT('',(2.88222746,8.75817626,19.5));
#14930=VERTEX_POINT('',#14929);
#14931=CARTESIAN_POINT('',(1.89131236,9.09454661,19.5));
#14932=VERTEX_POINT('',#14931);
#14933=CARTESIAN_POINT('',(0.864969538,9.29869889,19.5));
#14934=VERTEX_POINT('',#14933);
#14935=CARTESIAN_POINT('',(-0.17924,9.36714,19.5));
#14936=VERTEX_POINT('',#14935);
#14937=CARTESIAN_POINT('',(-1.22344954,9.29869889,19.5));
#14938=VERTEX_POINT('',#14937);
#14939=CARTESIAN_POINT('',(-2.24979236,9.09454661,19.5));
#14940=VERTEX_POINT('',#14939);
#14941=CARTESIAN_POINT('',(-3.24070746,8.75817626,19.5));
#14942=VERTEX_POINT('',#14941);
#14943=CARTESIAN_POINT('',(-4.17924,8.29534323,19.5));
#14944=VERTEX_POINT('',#14943);
#14945=CARTESIAN_POINT('',(-5.04933143,7.71396672,19.5));
#14946=VERTEX_POINT('',#14945);
#14947=CARTESIAN_POINT('',(-5.83609425,7.02399425,19.5));
#14948=VERTEX_POINT('',#14947);
#14949=CARTESIAN_POINT('',(-6.52606672,6.23723143,19.5));
#14950=VERTEX_POINT('',#14949);
#14951=CARTESIAN_POINT('',(-7.10744323,5.36714,19.5));
#14952=VERTEX_POINT('',#14951);
#14953=CARTESIAN_POINT('',(-7.57027626,4.42860746,19.5));
#14954=VERTEX_POINT('',#14953);
#14955=CARTESIAN_POINT('',(-7.90664661,3.43769236,19.5));
#14956=VERTEX_POINT('',#14955);
#14957=CARTESIAN_POINT('',(-8.11079889,2.41134954,19.5));
#14958=VERTEX_POINT('',#14957);
#14959=CARTESIAN_POINT('',(-8.17924,1.36714,19.5));
#14960=VERTEX_POINT('',#14959);
#14961=CARTESIAN_POINT('',(-8.11079889,0.322930462,19.5));
#14962=VERTEX_POINT('',#14961);
#14963=CARTESIAN_POINT('',(-7.90664661,-0.703412361,19.5));
#14964=VERTEX_POINT('',#14963);
#14965=CARTESIAN_POINT('',(-7.57027626,-1.69432746,19.5));
#14966=VERTEX_POINT('',#14965);
#14967=CARTESIAN_POINT('',(-7.10744323,-2.63286,19.5));
#14968=VERTEX_POINT('',#14967);
#14969=CARTESIAN_POINT('',(-6.52606672,-3.50295143,19.5));
#14970=VERTEX_POINT('',#14969);
#14971=CARTESIAN_POINT('',(-5.83609425,-4.28971425,19.5));
#14972=VERTEX_POINT('',#14971);
#14973=CARTESIAN_POINT('',(-5.04933143,-4.97968672,19.5));
#14974=VERTEX_POINT('',#14973);
#14975=CARTESIAN_POINT('',(-4.17924,-5.56106323,19.5));
#14976=VERTEX_POINT('',#14975);
#14977=CARTESIAN_POINT('',(-3.24070746,-6.02389626,19.5));
#14978=VERTEX_POINT('',#14977);
#14979=CARTESIAN_POINT('',(-2.24979236,-6.36026661,19.5));
#14980=VERTEX_POINT('',#14979);
#14981=CARTESIAN_POINT('',(-1.22344954,-6.56441889,19.5));
#14982=VERTEX_POINT('',#14981);
#14983=CARTESIAN_POINT('',(-0.17924,-6.63286,19.5));
#14984=VERTEX_POINT('',#14983);
#14985=CARTESIAN_POINT('',(0.864969538,-6.56441889,19.5));
#14986=VERTEX_POINT('',#14985);
#14987=CARTESIAN_POINT('',(1.89131236,-6.36026661,19.5));
#14988=VERTEX_POINT('',#14987);
#14989=CARTESIAN_POINT('',(2.88222746,-6.02389626,19.5));
#14990=VERTEX_POINT('',#14989);
#14991=CARTESIAN_POINT('',(3.82076,-5.56106323,19.5));
#14992=VERTEX_POINT('',#14991);
#14993=CARTESIAN_POINT('',(4.69085143,-4.97968672,19.5));
#14994=VERTEX_POINT('',#14993);
#14995=CARTESIAN_POINT('',(5.47761425,-4.28971425,19.5));
#14996=VERTEX_POINT('',#14995);
#14997=CARTESIAN_POINT('',(6.16758672,-3.50295143,19.5));
#14998=VERTEX_POINT('',#14997);
#14999=CARTESIAN_POINT('',(6.74896323,-2.63286,19.5));
#15000=VERTEX_POINT('',#14999);
#15001=CARTESIAN_POINT('',(7.21179626,-1.69432746,19.5));
#15002=VERTEX_POINT('',#15001);
#15003=CARTESIAN_POINT('',(7.54816661,-0.703412361,19.5));
#15004=VERTEX_POINT('',#15003);
#15005=CARTESIAN_POINT('',(7.75231889,0.322930462,19.5));
#15006=VERTEX_POINT('',#15005);
#15007=VECTOR('',#1571,1.);
#15008=LINE('',#14913,#15007);
#15009=EDGE_CURVE('',#14914,#14912,#15008,.T.);
#15010=ORIENTED_EDGE('',*,*,#15009,.F.);
#15011=VECTOR('',#386,1.);
#15012=LINE('',#14915,#15011);
#15013=EDGE_CURVE('',#14916,#14914,#15012,.T.);
#15014=ORIENTED_EDGE('',*,*,#15013,.F.);
#15015=VECTOR('',#1562,1.);
#15016=LINE('',#14917,#15015);
#15017=EDGE_CURVE('',#14918,#14916,#15016,.T.);
#15018=ORIENTED_EDGE('',*,*,#15017,.F.);
#15019=DIRECTION('',(0.44228869,-0.896872741,0.));
#15020=VECTOR('',#15019,1.);
#15021=LINE('',#14919,#15020);
#15022=EDGE_CURVE('',#14920,#14918,#15021,.T.);
#15023=ORIENTED_EDGE('',*,*,#15022,.F.);
#15024=VECTOR('',#1552,1.);
#15025=LINE('',#14921,#15024);
#15026=EDGE_CURVE('',#14922,#14920,#15025,.T.);
#15027=ORIENTED_EDGE('',*,*,#15026,.F.);
#15028=VECTOR('',#1547,1.);
#15029=LINE('',#14923,#15028);
#15030=EDGE_CURVE('',#14924,#14922,#15029,.T.);
#15031=ORIENTED_EDGE('',*,*,#15030,.F.);
#15032=VECTOR('',#1542,1.);
#15033=LINE('',#14925,#15032);
#15034=EDGE_CURVE('',#14926,#14924,#15033,.T.);
#15035=ORIENTED_EDGE('',*,*,#15034,.F.);
#15036=VECTOR('',#1537,1.);
#15037=LINE('',#14927,#15036);
#15038=EDGE_CURVE('',#14928,#14926,#15037,.T.);
#15039=ORIENTED_EDGE('',*,*,#15038,.F.);
#15040=DIRECTION('',(0.896872741,-0.44228869,0.));
#15041=VECTOR('',#15040,1.);
#15042=LINE('',#14929,#15041);
#15043=EDGE_CURVE('',#14930,#14928,#15042,.T.);
#15044=ORIENTED_EDGE('',*,*,#15043,.F.);
#15045=VECTOR('',#1527,1.);
#15046=LINE('',#14931,#15045);
#15047=EDGE_CURVE('',#14932,#14930,#15046,.T.);
#15048=ORIENTED_EDGE('',*,*,#15047,.F.);
#15049=VECTOR('',#341,1.);
#15050=LINE('',#14933,#15049);
#15051=EDGE_CURVE('',#14934,#14932,#15050,.T.);
#15052=ORIENTED_EDGE('',*,*,#15051,.F.);
#15053=VECTOR('',#1518,1.);
#15054=LINE('',#14935,#15053);
#15055=EDGE_CURVE('',#14936,#14934,#15054,.T.);
#15056=ORIENTED_EDGE('',*,*,#15055,.F.);
#15057=VECTOR('',#1513,1.);
#15058=LINE('',#14937,#15057);
#15059=EDGE_CURVE('',#14938,#14936,#15058,.T.);
#15060=ORIENTED_EDGE('',*,*,#15059,.F.);
#15061=VECTOR('',#326,1.);
#15062=LINE('',#14939,#15061);
#15063=EDGE_CURVE('',#14940,#14938,#15062,.T.);
#15064=ORIENTED_EDGE('',*,*,#15063,.F.);
#15065=VECTOR('',#1504,1.);
#15066=LINE('',#14941,#15065);
#15067=EDGE_CURVE('',#14942,#14940,#15066,.T.);
#15068=ORIENTED_EDGE('',*,*,#15067,.F.);
#15069=DIRECTION('',(0.896872741,0.44228869,0.));
#15070=VECTOR('',#15069,1.);
#15071=LINE('',#14943,#15070);
#15072=EDGE_CURVE('',#14944,#14942,#15071,.T.);
#15073=ORIENTED_EDGE('',*,*,#15072,.F.);
#15074=VECTOR('',#1494,1.);
#15075=LINE('',#14945,#15074);
#15076=EDGE_CURVE('',#14946,#14944,#15075,.T.);
#15077=ORIENTED_EDGE('',*,*,#15076,.F.);
#15078=VECTOR('',#1489,1.);
#15079=LINE('',#14947,#15078);
#15080=EDGE_CURVE('',#14948,#14946,#15079,.T.);
#15081=ORIENTED_EDGE('',*,*,#15080,.F.);
#15082=VECTOR('',#1484,1.);
#15083=LINE('',#14949,#15082);
#15084=EDGE_CURVE('',#14950,#14948,#15083,.T.);
#15085=ORIENTED_EDGE('',*,*,#15084,.F.);
#15086=VECTOR('',#1479,1.);
#15087=LINE('',#14951,#15086);
#15088=EDGE_CURVE('',#14952,#14950,#15087,.T.);
#15089=ORIENTED_EDGE('',*,*,#15088,.F.);
#15090=DIRECTION('',(0.44228869,0.896872741,0.));
#15091=VECTOR('',#15090,1.);
#15092=LINE('',#14953,#15091);
#15093=EDGE_CURVE('',#14954,#14952,#15092,.T.);
#15094=ORIENTED_EDGE('',*,*,#15093,.F.);
#15095=VECTOR('',#1469,1.);
#15096=LINE('',#14955,#15095);
#15097=EDGE_CURVE('',#14956,#14954,#15096,.T.);
#15098=ORIENTED_EDGE('',*,*,#15097,.F.);
#15099=VECTOR('',#281,1.);
#15100=LINE('',#14957,#15099);
#15101=EDGE_CURVE('',#14958,#14956,#15100,.T.);
#15102=ORIENTED_EDGE('',*,*,#15101,.F.);
#15103=VECTOR('',#1576,1.);
#15104=LINE('',#14959,#15103);
#15105=EDGE_CURVE('',#14960,#14958,#15104,.T.);
#15106=ORIENTED_EDGE('',*,*,#15105,.F.);
#15107=VECTOR('',#1571,1.);
#15108=LINE('',#14959,#15107);
#15109=EDGE_CURVE('',#14960,#14962,#15108,.T.);
#15110=ORIENTED_EDGE('',*,*,#15109,.T.);
#15111=VECTOR('',#386,1.);
#15112=LINE('',#14961,#15111);
#15113=EDGE_CURVE('',#14962,#14964,#15112,.T.);
#15114=ORIENTED_EDGE('',*,*,#15113,.T.);
#15115=VECTOR('',#1562,1.);
#15116=LINE('',#14963,#15115);
#15117=EDGE_CURVE('',#14964,#14966,#15116,.T.);
#15118=ORIENTED_EDGE('',*,*,#15117,.T.);
#15119=VECTOR('',#15019,1.);
#15120=LINE('',#14965,#15119);
#15121=EDGE_CURVE('',#14966,#14968,#15120,.T.);
#15122=ORIENTED_EDGE('',*,*,#15121,.T.);
#15123=VECTOR('',#1552,1.);
#15124=LINE('',#14967,#15123);
#15125=EDGE_CURVE('',#14968,#14970,#15124,.T.);
#15126=ORIENTED_EDGE('',*,*,#15125,.T.);
#15127=VECTOR('',#1547,1.);
#15128=LINE('',#14969,#15127);
#15129=EDGE_CURVE('',#14970,#14972,#15128,.T.);
#15130=ORIENTED_EDGE('',*,*,#15129,.T.);
#15131=VECTOR('',#1542,1.);
#15132=LINE('',#14971,#15131);
#15133=EDGE_CURVE('',#14972,#14974,#15132,.T.);
#15134=ORIENTED_EDGE('',*,*,#15133,.T.);
#15135=VECTOR('',#1537,1.);
#15136=LINE('',#14973,#15135);
#15137=EDGE_CURVE('',#14974,#14976,#15136,.T.);
#15138=ORIENTED_EDGE('',*,*,#15137,.T.);
#15139=VECTOR('',#15040,1.);
#15140=LINE('',#14975,#15139);
#15141=EDGE_CURVE('',#14976,#14978,#15140,.T.);
#15142=ORIENTED_EDGE('',*,*,#15141,.T.);
#15143=VECTOR('',#1527,1.);
#15144=LINE('',#14977,#15143);
#15145=EDGE_CURVE('',#14978,#14980,#15144,.T.);
#15146=ORIENTED_EDGE('',*,*,#15145,.T.);
#15147=VECTOR('',#341,1.);
#15148=LINE('',#14979,#15147);
#15149=EDGE_CURVE('',#14980,#14982,#15148,.T.);
#15150=ORIENTED_EDGE('',*,*,#15149,.T.);
#15151=VECTOR('',#1518,1.);
#15152=LINE('',#14981,#15151);
#15153=EDGE_CURVE('',#14982,#14984,#15152,.T.);
#15154=ORIENTED_EDGE('',*,*,#15153,.T.);
#15155=VECTOR('',#1513,1.);
#15156=LINE('',#14983,#15155);
#15157=EDGE_CURVE('',#14984,#14986,#15156,.T.);
#15158=ORIENTED_EDGE('',*,*,#15157,.T.);
#15159=VECTOR('',#326,1.);
#15160=LINE('',#14985,#15159);
#15161=EDGE_CURVE('',#14986,#14988,#15160,.T.);
#15162=ORIENTED_EDGE('',*,*,#15161,.T.);
#15163=VECTOR('',#1504,1.);
#15164=LINE('',#14987,#15163);
#15165=EDGE_CURVE('',#14988,#14990,#15164,.T.);
#15166=ORIENTED_EDGE('',*,*,#15165,.T.);
#15167=VECTOR('',#15069,1.);
#15168=LINE('',#14989,#15167);
#15169=EDGE_CURVE('',#14990,#14992,#15168,.T.);
#15170=ORIENTED_EDGE('',*,*,#15169,.T.);
#15171=VECTOR('',#1494,1.);
#15172=LINE('',#14991,#15171);
#15173=EDGE_CURVE('',#14992,#14994,#15172,.T.);
#15174=ORIENTED_EDGE('',*,*,#15173,.T.);
#15175=VECTOR('',#1489,1.);
#15176=LINE('',#14993,#15175);
#15177=EDGE_CURVE('',#14994,#14996,#15176,.T.);
#15178=ORIENTED_EDGE('',*,*,#15177,.T.);
#15179=VECTOR('',#1484,1.);
#15180=LINE('',#14995,#15179);
#15181=EDGE_CURVE('',#14996,#14998,#15180,.T.);
#15182=ORIENTED_EDGE('',*,*,#15181,.T.);
#15183=VECTOR('',#1479,1.);
#15184=LINE('',#14997,#15183);
#15185=EDGE_CURVE('',#14998,#15000,#15184,.T.);
#15186=ORIENTED_EDGE('',*,*,#15185,.T.);
#15187=VECTOR('',#15090,1.);
#15188=LINE('',#14999,#15187);
#15189=EDGE_CURVE('',#15000,#15002,#15188,.T.);
#15190=ORIENTED_EDGE('',*,*,#15189,.T.);
#15191=VECTOR('',#1469,1.);
#15192=LINE('',#15001,#15191);
#15193=EDGE_CURVE('',#15002,#15004,#15192,.T.);
#15194=ORIENTED_EDGE('',*,*,#15193,.T.);
#15195=VECTOR('',#281,1.);
#15196=LINE('',#15003,#15195);
#15197=EDGE_CURVE('',#15004,#15006,#15196,.T.);
#15198=ORIENTED_EDGE('',*,*,#15197,.T.);
#15199=VECTOR('',#1576,1.);
#15200=LINE('',#15005,#15199);
#15201=EDGE_CURVE('',#15006,#14912,#15200,.T.);
#15202=ORIENTED_EDGE('',*,*,#15201,.T.);
#15203=EDGE_LOOP('',(#15010,#15014,#15018,#15023,#15027,#15031,#15035,#15039,#15044,#15048,#15052,#15056,#15060,#15064,#15068,#15073,#15077,#15081,#15085,#15089,#15094,#15098,#15102,#15106,#15110,#15114,#15118,#15122,#15126,#15130,#15134,#15138,#15142,#15146,#15150,#15154,#15158,#15162,#15166,#15170,#15174,#15178,#15182,#15186,#15190,#15194,#15198,#15202));
#15204=FACE_OUTER_BOUND('',#15203,.T.);
#15205=CARTESIAN_POINT('',(5.52156795,0.616614395,19.5));
#15206=VERTEX_POINT('',#15205);
#15207=CARTESIAN_POINT('',(5.3748335,-0.121069509,19.5));
#15208=VERTEX_POINT('',#15207);
#15209=CARTESIAN_POINT('',(5.13306731,-0.833289736,19.5));
#15210=VERTEX_POINT('',#15209);
#15211=CARTESIAN_POINT('',(4.80040607,-1.50786,19.5));
#15212=VERTEX_POINT('',#15211);
#15213=CARTESIAN_POINT('',(4.38254171,-2.13323822,19.5));
#15214=VERTEX_POINT('',#15213);
#15215=CARTESIAN_POINT('',(3.88662399,-2.69872399,19.5));
#15216=VERTEX_POINT('',#15215);
#15217=CARTESIAN_POINT('',(3.32113822,-3.19464171,19.5));
#15218=VERTEX_POINT('',#15217);
#15219=CARTESIAN_POINT('',(2.69576,-3.61250607,19.5));
#15220=VERTEX_POINT('',#15219);
#15221=CARTESIAN_POINT('',(2.02118974,-3.94516731,19.5));
#15222=VERTEX_POINT('',#15221);
#15223=CARTESIAN_POINT('',(1.30896951,-4.1869335,19.5));
#15224=VERTEX_POINT('',#15223);
#15225=CARTESIAN_POINT('',(0.571285605,-4.33366795,19.5));
#15226=VERTEX_POINT('',#15225);
#15227=CARTESIAN_POINT('',(-0.17924,-4.38286,19.5));
#15228=VERTEX_POINT('',#15227);
#15229=CARTESIAN_POINT('',(-0.929765605,-4.33366795,19.5));
#15230=VERTEX_POINT('',#15229);
#15231=CARTESIAN_POINT('',(-1.66744951,-4.1869335,19.5));
#15232=VERTEX_POINT('',#15231);
#15233=CARTESIAN_POINT('',(-2.37966974,-3.94516731,19.5));
#15234=VERTEX_POINT('',#15233);
#15235=CARTESIAN_POINT('',(-3.05424,-3.61250607,19.5));
#15236=VERTEX_POINT('',#15235);
#15237=CARTESIAN_POINT('',(-3.67961822,-3.19464171,19.5));
#15238=VERTEX_POINT('',#15237);
#15239=CARTESIAN_POINT('',(-4.24510399,-2.69872399,19.5));
#15240=VERTEX_POINT('',#15239);
#15241=CARTESIAN_POINT('',(-4.74102171,-2.13323822,19.5));
#15242=VERTEX_POINT('',#15241);
#15243=CARTESIAN_POINT('',(-5.15888607,-1.50786,19.5));
#15244=VERTEX_POINT('',#15243);
#15245=CARTESIAN_POINT('',(-5.49154731,-0.833289736,19.5));
#15246=VERTEX_POINT('',#15245);
#15247=CARTESIAN_POINT('',(-5.7333135,-0.121069509,19.5));
#15248=VERTEX_POINT('',#15247);
#15249=CARTESIAN_POINT('',(-5.88004795,0.616614395,19.5));
#15250=VERTEX_POINT('',#15249);
#15251=CARTESIAN_POINT('',(-5.92924,1.36714,19.5));
#15252=VERTEX_POINT('',#15251);
#15253=CARTESIAN_POINT('',(-5.88004795,2.11766561,19.5));
#15254=VERTEX_POINT('',#15253);
#15255=CARTESIAN_POINT('',(-5.7333135,2.85534951,19.5));
#15256=VERTEX_POINT('',#15255);
#15257=CARTESIAN_POINT('',(-5.49154731,3.56756974,19.5));
#15258=VERTEX_POINT('',#15257);
#15259=CARTESIAN_POINT('',(-5.15888607,4.24214,19.5));
#15260=VERTEX_POINT('',#15259);
#15261=CARTESIAN_POINT('',(-4.74102171,4.86751822,19.5));
#15262=VERTEX_POINT('',#15261);
#15263=CARTESIAN_POINT('',(-4.24510399,5.43300399,19.5));
#15264=VERTEX_POINT('',#15263);
#15265=CARTESIAN_POINT('',(-3.67961822,5.92892171,19.5));
#15266=VERTEX_POINT('',#15265);
#15267=CARTESIAN_POINT('',(-3.05424,6.34678607,19.5));
#15268=VERTEX_POINT('',#15267);
#15269=CARTESIAN_POINT('',(-2.37966974,6.67944731,19.5));
#15270=VERTEX_POINT('',#15269);
#15271=CARTESIAN_POINT('',(-1.66744951,6.9212135,19.5));
#15272=VERTEX_POINT('',#15271);
#15273=CARTESIAN_POINT('',(-0.929765605,7.06794795,19.5));
#15274=VERTEX_POINT('',#15273);
#15275=CARTESIAN_POINT('',(-0.17924,7.11714,19.5));
#15276=VERTEX_POINT('',#15275);
#15277=CARTESIAN_POINT('',(0.571285605,7.06794795,19.5));
#15278=VERTEX_POINT('',#15277);
#15279=CARTESIAN_POINT('',(1.30896951,6.9212135,19.5));
#15280=VERTEX_POINT('',#15279);
#15281=CARTESIAN_POINT('',(2.02118974,6.67944731,19.5));
#15282=VERTEX_POINT('',#15281);
#15283=CARTESIAN_POINT('',(2.69576,6.34678607,19.5));
#15284=VERTEX_POINT('',#15283);
#15285=CARTESIAN_POINT('',(3.32113822,5.92892171,19.5));
#15286=VERTEX_POINT('',#15285);
#15287=CARTESIAN_POINT('',(3.88662399,5.43300399,19.5));
#15288=VERTEX_POINT('',#15287);
#15289=CARTESIAN_POINT('',(4.38254171,4.86751822,19.5));
#15290=VERTEX_POINT('',#15289);
#15291=CARTESIAN_POINT('',(4.80040607,4.24214,19.5));
#15292=VERTEX_POINT('',#15291);
#15293=CARTESIAN_POINT('',(5.13306731,3.56756974,19.5));
#15294=VERTEX_POINT('',#15293);
#15295=CARTESIAN_POINT('',(5.3748335,2.85534951,19.5));
#15296=VERTEX_POINT('',#15295);
#15297=CARTESIAN_POINT('',(5.52156795,2.11766561,19.5));
#15298=VERTEX_POINT('',#15297);
#15299=CARTESIAN_POINT('',(5.57076,1.36714,19.5));
#15300=VERTEX_POINT('',#15299);
#15301=VECTOR('',#281,1.);
#15302=LINE('',#15207,#15301);
#15303=EDGE_CURVE('',#15208,#15206,#15302,.T.);
#15304=ORIENTED_EDGE('',*,*,#15303,.F.);
#15305=VECTOR('',#1469,1.);
#15306=LINE('',#15209,#15305);
#15307=EDGE_CURVE('',#15210,#15208,#15306,.T.);
#15308=ORIENTED_EDGE('',*,*,#15307,.F.);
#15309=VECTOR('',#1474,1.);
#15310=LINE('',#15211,#15309);
#15311=EDGE_CURVE('',#15212,#15210,#15310,.T.);
#15312=ORIENTED_EDGE('',*,*,#15311,.F.);
#15313=VECTOR('',#1479,1.);
#15314=LINE('',#15213,#15313);
#15315=EDGE_CURVE('',#15214,#15212,#15314,.T.);
#15316=ORIENTED_EDGE('',*,*,#15315,.F.);
#15317=VECTOR('',#1484,1.);
#15318=LINE('',#15215,#15317);
#15319=EDGE_CURVE('',#15216,#15214,#15318,.T.);
#15320=ORIENTED_EDGE('',*,*,#15319,.F.);
#15321=VECTOR('',#1489,1.);
#15322=LINE('',#15217,#15321);
#15323=EDGE_CURVE('',#15218,#15216,#15322,.T.);
#15324=ORIENTED_EDGE('',*,*,#15323,.F.);
#15325=VECTOR('',#1494,1.);
#15326=LINE('',#15219,#15325);
#15327=EDGE_CURVE('',#15220,#15218,#15326,.T.);
#15328=ORIENTED_EDGE('',*,*,#15327,.F.);
#15329=VECTOR('',#1499,1.);
#15330=LINE('',#15221,#15329);
#15331=EDGE_CURVE('',#15222,#15220,#15330,.T.);
#15332=ORIENTED_EDGE('',*,*,#15331,.F.);
#15333=VECTOR('',#1504,1.);
#15334=LINE('',#15223,#15333);
#15335=EDGE_CURVE('',#15224,#15222,#15334,.T.);
#15336=ORIENTED_EDGE('',*,*,#15335,.F.);
#15337=VECTOR('',#326,1.);
#15338=LINE('',#15225,#15337);
#15339=EDGE_CURVE('',#15226,#15224,#15338,.T.);
#15340=ORIENTED_EDGE('',*,*,#15339,.F.);
#15341=VECTOR('',#1513,1.);
#15342=LINE('',#15227,#15341);
#15343=EDGE_CURVE('',#15228,#15226,#15342,.T.);
#15344=ORIENTED_EDGE('',*,*,#15343,.F.);
#15345=VECTOR('',#1518,1.);
#15346=LINE('',#15229,#15345);
#15347=EDGE_CURVE('',#15230,#15228,#15346,.T.);
#15348=ORIENTED_EDGE('',*,*,#15347,.F.);
#15349=VECTOR('',#341,1.);
#15350=LINE('',#15231,#15349);
#15351=EDGE_CURVE('',#15232,#15230,#15350,.T.);
#15352=ORIENTED_EDGE('',*,*,#15351,.F.);
#15353=VECTOR('',#1527,1.);
#15354=LINE('',#15233,#15353);
#15355=EDGE_CURVE('',#15234,#15232,#15354,.T.);
#15356=ORIENTED_EDGE('',*,*,#15355,.F.);
#15357=VECTOR('',#1532,1.);
#15358=LINE('',#15235,#15357);
#15359=EDGE_CURVE('',#15236,#15234,#15358,.T.);
#15360=ORIENTED_EDGE('',*,*,#15359,.F.);
#15361=VECTOR('',#1537,1.);
#15362=LINE('',#15237,#15361);
#15363=EDGE_CURVE('',#15238,#15236,#15362,.T.);
#15364=ORIENTED_EDGE('',*,*,#15363,.F.);
#15365=VECTOR('',#1542,1.);
#15366=LINE('',#15239,#15365);
#15367=EDGE_CURVE('',#15240,#15238,#15366,.T.);
#15368=ORIENTED_EDGE('',*,*,#15367,.F.);
#15369=VECTOR('',#1547,1.);
#15370=LINE('',#15241,#15369);
#15371=EDGE_CURVE('',#15242,#15240,#15370,.T.);
#15372=ORIENTED_EDGE('',*,*,#15371,.F.);
#15373=VECTOR('',#1552,1.);
#15374=LINE('',#15243,#15373);
#15375=EDGE_CURVE('',#15244,#15242,#15374,.T.);
#15376=ORIENTED_EDGE('',*,*,#15375,.F.);
#15377=VECTOR('',#1557,1.);
#15378=LINE('',#15245,#15377);
#15379=EDGE_CURVE('',#15246,#15244,#15378,.T.);
#15380=ORIENTED_EDGE('',*,*,#15379,.F.);
#15381=VECTOR('',#1562,1.);
#15382=LINE('',#15247,#15381);
#15383=EDGE_CURVE('',#15248,#15246,#15382,.T.);
#15384=ORIENTED_EDGE('',*,*,#15383,.F.);
#15385=VECTOR('',#386,1.);
#15386=LINE('',#15249,#15385);
#15387=EDGE_CURVE('',#15250,#15248,#15386,.T.);
#15388=ORIENTED_EDGE('',*,*,#15387,.F.);
#15389=VECTOR('',#1571,1.);
#15390=LINE('',#15251,#15389);
#15391=EDGE_CURVE('',#15252,#15250,#15390,.T.);
#15392=ORIENTED_EDGE('',*,*,#15391,.F.);
#15393=VECTOR('',#1576,1.);
#15394=LINE('',#15251,#15393);
#15395=EDGE_CURVE('',#15252,#15254,#15394,.T.);
#15396=ORIENTED_EDGE('',*,*,#15395,.T.);
#15397=VECTOR('',#281,1.);
#15398=LINE('',#15253,#15397);
#15399=EDGE_CURVE('',#15254,#15256,#15398,.T.);
#15400=ORIENTED_EDGE('',*,*,#15399,.T.);
#15401=VECTOR('',#1469,1.);
#15402=LINE('',#15255,#15401);
#15403=EDGE_CURVE('',#15256,#15258,#15402,.T.);
#15404=ORIENTED_EDGE('',*,*,#15403,.T.);
#15405=VECTOR('',#1474,1.);
#15406=LINE('',#15257,#15405);
#15407=EDGE_CURVE('',#15258,#15260,#15406,.T.);
#15408=ORIENTED_EDGE('',*,*,#15407,.T.);
#15409=VECTOR('',#1479,1.);
#15410=LINE('',#15259,#15409);
#15411=EDGE_CURVE('',#15260,#15262,#15410,.T.);
#15412=ORIENTED_EDGE('',*,*,#15411,.T.);
#15413=VECTOR('',#1484,1.);
#15414=LINE('',#15261,#15413);
#15415=EDGE_CURVE('',#15262,#15264,#15414,.T.);
#15416=ORIENTED_EDGE('',*,*,#15415,.T.);
#15417=VECTOR('',#1489,1.);
#15418=LINE('',#15263,#15417);
#15419=EDGE_CURVE('',#15264,#15266,#15418,.T.);
#15420=ORIENTED_EDGE('',*,*,#15419,.T.);
#15421=VECTOR('',#1494,1.);
#15422=LINE('',#15265,#15421);
#15423=EDGE_CURVE('',#15266,#15268,#15422,.T.);
#15424=ORIENTED_EDGE('',*,*,#15423,.T.);
#15425=VECTOR('',#1499,1.);
#15426=LINE('',#15267,#15425);
#15427=EDGE_CURVE('',#15268,#15270,#15426,.T.);
#15428=ORIENTED_EDGE('',*,*,#15427,.T.);
#15429=VECTOR('',#1504,1.);
#15430=LINE('',#15269,#15429);
#15431=EDGE_CURVE('',#15270,#15272,#15430,.T.);
#15432=ORIENTED_EDGE('',*,*,#15431,.T.);
#15433=VECTOR('',#326,1.);
#15434=LINE('',#15271,#15433);
#15435=EDGE_CURVE('',#15272,#15274,#15434,.T.);
#15436=ORIENTED_EDGE('',*,*,#15435,.T.);
#15437=VECTOR('',#1513,1.);
#15438=LINE('',#15273,#15437);
#15439=EDGE_CURVE('',#15274,#15276,#15438,.T.);
#15440=ORIENTED_EDGE('',*,*,#15439,.T.);
#15441=VECTOR('',#1518,1.);
#15442=LINE('',#15275,#15441);
#15443=EDGE_CURVE('',#15276,#15278,#15442,.T.);
#15444=ORIENTED_EDGE('',*,*,#15443,.T.);
#15445=VECTOR('',#341,1.);
#15446=LINE('',#15277,#15445);
#15447=EDGE_CURVE('',#15278,#15280,#15446,.T.);
#15448=ORIENTED_EDGE('',*,*,#15447,.T.);
#15449=VECTOR('',#1527,1.);
#15450=LINE('',#15279,#15449);
#15451=EDGE_CURVE('',#15280,#15282,#15450,.T.);
#15452=ORIENTED_EDGE('',*,*,#15451,.T.);
#15453=VECTOR('',#1532,1.);
#15454=LINE('',#15281,#15453);
#15455=EDGE_CURVE('',#15282,#15284,#15454,.T.);
#15456=ORIENTED_EDGE('',*,*,#15455,.T.);
#15457=VECTOR('',#1537,1.);
#15458=LINE('',#15283,#15457);
#15459=EDGE_CURVE('',#15284,#15286,#15458,.T.);
#15460=ORIENTED_EDGE('',*,*,#15459,.T.);
#15461=VECTOR('',#1542,1.);
#15462=LINE('',#15285,#15461);
#15463=EDGE_CURVE('',#15286,#15288,#15462,.T.);
#15464=ORIENTED_EDGE('',*,*,#15463,.T.);
#15465=VECTOR('',#1547,1.);
#15466=LINE('',#15287,#15465);
#15467=EDGE_CURVE('',#15288,#15290,#15466,.T.);
#15468=ORIENTED_EDGE('',*,*,#15467,.T.);
#15469=VECTOR('',#1552,1.);
#15470=LINE('',#15289,#15469);
#15471=EDGE_CURVE('',#15290,#15292,#15470,.T.);
#15472=ORIENTED_EDGE('',*,*,#15471,.T.);
#15473=VECTOR('',#1557,1.);
#15474=LINE('',#15291,#15473);
#15475=EDGE_CURVE('',#15292,#15294,#15474,.T.);
#15476=ORIENTED_EDGE('',*,*,#15475,.T.);
#15477=VECTOR('',#1562,1.);
#15478=LINE('',#15293,#15477);
#15479=EDGE_CURVE('',#15294,#15296,#15478,.T.);
#15480=ORIENTED_EDGE('',*,*,#15479,.T.);
#15481=VECTOR('',#386,1.);
#15482=LINE('',#15295,#15481);
#15483=EDGE_CURVE('',#15296,#15298,#15482,.T.);
#15484=ORIENTED_EDGE('',*,*,#15483,.T.);
#15485=VECTOR('',#1571,1.);
#15486=LINE('',#15297,#15485);
#15487=EDGE_CURVE('',#15298,#15300,#15486,.T.);
#15488=ORIENTED_EDGE('',*,*,#15487,.T.);
#15489=VECTOR('',#1576,1.);
#15490=LINE('',#15205,#15489);
#15491=EDGE_CURVE('',#15206,#15300,#15490,.T.);
#15492=ORIENTED_EDGE('',*,*,#15491,.F.);
#15493=EDGE_LOOP('',(#15304,#15308,#15312,#15316,#15320,#15324,#15328,#15332,#15336,#15340,#15344,#15348,#15352,#15356,#15360,#15364,#15368,#15372,#15376,#15380,#15384,#15388,#15392,#15396,#15400,#15404,#15408,#15412,#15416,#15420,#15424,#15428,#15432,#15436,#15440,#15444,#15448,#15452,#15456,#15460,#15464,#15468,#15472,#15476,#15480,#15484,#15488,#15492));
#15494=FACE_BOUND('',#15493,.T.);
#15495=AXIS2_PLACEMENT_3D('',#14911,#1679,#87);
#15496=PLANE('',#15495);
#15497=ADVANCED_FACE('',(#15204,#15494),#15496,.T.);
#15498=CARTESIAN_POINT('',(7.75231889,0.322930462,7.5));
#15499=VERTEX_POINT('',#15498);
#15500=CARTESIAN_POINT('',(7.54816661,-0.703412361,7.5));
#15501=VERTEX_POINT('',#15500);
#15502=CARTESIAN_POINT('',(7.21179626,-1.69432746,7.5));
#15503=VERTEX_POINT('',#15502);
#15504=CARTESIAN_POINT('',(6.74896323,-2.63286,7.5));
#15505=VERTEX_POINT('',#15504);
#15506=CARTESIAN_POINT('',(6.16758672,-3.50295143,7.5));
#15507=VERTEX_POINT('',#15506);
#15508=CARTESIAN_POINT('',(5.47761425,-4.28971425,7.5));
#15509=VERTEX_POINT('',#15508);
#15510=CARTESIAN_POINT('',(4.69085143,-4.97968672,7.5));
#15511=VERTEX_POINT('',#15510);
#15512=CARTESIAN_POINT('',(3.82076,-5.56106323,7.5));
#15513=VERTEX_POINT('',#15512);
#15514=CARTESIAN_POINT('',(2.88222746,-6.02389626,7.5));
#15515=VERTEX_POINT('',#15514);
#15516=CARTESIAN_POINT('',(1.89131236,-6.36026661,7.5));
#15517=VERTEX_POINT('',#15516);
#15518=CARTESIAN_POINT('',(0.864969538,-6.56441889,7.5));
#15519=VERTEX_POINT('',#15518);
#15520=CARTESIAN_POINT('',(-0.17924,-6.63286,7.5));
#15521=VERTEX_POINT('',#15520);
#15522=CARTESIAN_POINT('',(-1.22344954,-6.56441889,7.5));
#15523=VERTEX_POINT('',#15522);
#15524=CARTESIAN_POINT('',(-2.24979236,-6.36026661,7.5));
#15525=VERTEX_POINT('',#15524);
#15526=CARTESIAN_POINT('',(-3.24070746,-6.02389626,7.5));
#15527=VERTEX_POINT('',#15526);
#15528=CARTESIAN_POINT('',(-4.17924,-5.56106323,7.5));
#15529=VERTEX_POINT('',#15528);
#15530=CARTESIAN_POINT('',(-5.04933143,-4.97968672,7.5));
#15531=VERTEX_POINT('',#15530);
#15532=CARTESIAN_POINT('',(-5.83609425,-4.28971425,7.5));
#15533=VERTEX_POINT('',#15532);
#15534=CARTESIAN_POINT('',(-6.52606672,-3.50295143,7.5));
#15535=VERTEX_POINT('',#15534);
#15536=CARTESIAN_POINT('',(-7.10744323,-2.63286,7.5));
#15537=VERTEX_POINT('',#15536);
#15538=CARTESIAN_POINT('',(-7.57027626,-1.69432746,7.5));
#15539=VERTEX_POINT('',#15538);
#15540=CARTESIAN_POINT('',(-7.90664661,-0.703412361,7.5));
#15541=VERTEX_POINT('',#15540);
#15542=CARTESIAN_POINT('',(-8.11079889,0.322930462,7.5));
#15543=VERTEX_POINT('',#15542);
#15544=CARTESIAN_POINT('',(-8.17924,1.36714,7.5));
#15545=VERTEX_POINT('',#15544);
#15546=CARTESIAN_POINT('',(-8.11079889,2.41134954,7.5));
#15547=VERTEX_POINT('',#15546);
#15548=CARTESIAN_POINT('',(-7.90664661,3.43769236,7.5));
#15549=VERTEX_POINT('',#15548);
#15550=CARTESIAN_POINT('',(-7.57027626,4.42860746,7.5));
#15551=VERTEX_POINT('',#15550);
#15552=CARTESIAN_POINT('',(-7.10744323,5.36714,7.5));
#15553=VERTEX_POINT('',#15552);
#15554=CARTESIAN_POINT('',(-6.52606672,6.23723143,7.5));
#15555=VERTEX_POINT('',#15554);
#15556=CARTESIAN_POINT('',(-5.83609425,7.02399425,7.5));
#15557=VERTEX_POINT('',#15556);
#15558=CARTESIAN_POINT('',(-5.04933143,7.71396672,7.5));
#15559=VERTEX_POINT('',#15558);
#15560=CARTESIAN_POINT('',(-4.17924,8.29534323,7.5));
#15561=VERTEX_POINT('',#15560);
#15562=CARTESIAN_POINT('',(-3.24070746,8.75817626,7.5));
#15563=VERTEX_POINT('',#15562);
#15564=CARTESIAN_POINT('',(-2.24979236,9.09454661,7.5));
#15565=VERTEX_POINT('',#15564);
#15566=CARTESIAN_POINT('',(-1.22344954,9.29869889,7.5));
#15567=VERTEX_POINT('',#15566);
#15568=CARTESIAN_POINT('',(-0.17924,9.36714,7.5));
#15569=VERTEX_POINT('',#15568);
#15570=CARTESIAN_POINT('',(0.864969538,9.29869889,7.5));
#15571=VERTEX_POINT('',#15570);
#15572=CARTESIAN_POINT('',(1.89131236,9.09454661,7.5));
#15573=VERTEX_POINT('',#15572);
#15574=CARTESIAN_POINT('',(2.88222746,8.75817626,7.5));
#15575=VERTEX_POINT('',#15574);
#15576=CARTESIAN_POINT('',(3.82076,8.29534323,7.5));
#15577=VERTEX_POINT('',#15576);
#15578=CARTESIAN_POINT('',(4.69085143,7.71396672,7.5));
#15579=VERTEX_POINT('',#15578);
#15580=CARTESIAN_POINT('',(5.47761425,7.02399425,7.5));
#15581=VERTEX_POINT('',#15580);
#15582=CARTESIAN_POINT('',(6.16758672,6.23723143,7.5));
#15583=VERTEX_POINT('',#15582);
#15584=CARTESIAN_POINT('',(6.74896323,5.36714,7.5));
#15585=VERTEX_POINT('',#15584);
#15586=CARTESIAN_POINT('',(7.21179626,4.42860746,7.5));
#15587=VERTEX_POINT('',#15586);
#15588=CARTESIAN_POINT('',(7.54816661,3.43769236,7.5));
#15589=VERTEX_POINT('',#15588);
#15590=CARTESIAN_POINT('',(7.75231889,2.41134954,7.5));
#15591=VERTEX_POINT('',#15590);
#15592=CARTESIAN_POINT('',(7.82076,1.36714,7.5));
#15593=VERTEX_POINT('',#15592);
#15594=VECTOR('',#281,1.);
#15595=LINE('',#15500,#15594);
#15596=EDGE_CURVE('',#15501,#15499,#15595,.T.);
#15597=ORIENTED_EDGE('',*,*,#15596,.F.);
#15598=VECTOR('',#1469,1.);
#15599=LINE('',#15502,#15598);
#15600=EDGE_CURVE('',#15503,#15501,#15599,.T.);
#15601=ORIENTED_EDGE('',*,*,#15600,.F.);
#15602=VECTOR('',#15090,1.);
#15603=LINE('',#15504,#15602);
#15604=EDGE_CURVE('',#15505,#15503,#15603,.T.);
#15605=ORIENTED_EDGE('',*,*,#15604,.F.);
#15606=VECTOR('',#1479,1.);
#15607=LINE('',#15506,#15606);
#15608=EDGE_CURVE('',#15507,#15505,#15607,.T.);
#15609=ORIENTED_EDGE('',*,*,#15608,.F.);
#15610=VECTOR('',#1484,1.);
#15611=LINE('',#15508,#15610);
#15612=EDGE_CURVE('',#15509,#15507,#15611,.T.);
#15613=ORIENTED_EDGE('',*,*,#15612,.F.);
#15614=VECTOR('',#1489,1.);
#15615=LINE('',#15510,#15614);
#15616=EDGE_CURVE('',#15511,#15509,#15615,.T.);
#15617=ORIENTED_EDGE('',*,*,#15616,.F.);
#15618=VECTOR('',#1494,1.);
#15619=LINE('',#15512,#15618);
#15620=EDGE_CURVE('',#15513,#15511,#15619,.T.);
#15621=ORIENTED_EDGE('',*,*,#15620,.F.);
#15622=VECTOR('',#15069,1.);
#15623=LINE('',#15514,#15622);
#15624=EDGE_CURVE('',#15515,#15513,#15623,.T.);
#15625=ORIENTED_EDGE('',*,*,#15624,.F.);
#15626=VECTOR('',#1504,1.);
#15627=LINE('',#15516,#15626);
#15628=EDGE_CURVE('',#15517,#15515,#15627,.T.);
#15629=ORIENTED_EDGE('',*,*,#15628,.F.);
#15630=VECTOR('',#326,1.);
#15631=LINE('',#15518,#15630);
#15632=EDGE_CURVE('',#15519,#15517,#15631,.T.);
#15633=ORIENTED_EDGE('',*,*,#15632,.F.);
#15634=VECTOR('',#1513,1.);
#15635=LINE('',#15520,#15634);
#15636=EDGE_CURVE('',#15521,#15519,#15635,.T.);
#15637=ORIENTED_EDGE('',*,*,#15636,.F.);
#15638=VECTOR('',#1518,1.);
#15639=LINE('',#15522,#15638);
#15640=EDGE_CURVE('',#15523,#15521,#15639,.T.);
#15641=ORIENTED_EDGE('',*,*,#15640,.F.);
#15642=VECTOR('',#341,1.);
#15643=LINE('',#15524,#15642);
#15644=EDGE_CURVE('',#15525,#15523,#15643,.T.);
#15645=ORIENTED_EDGE('',*,*,#15644,.F.);
#15646=VECTOR('',#1527,1.);
#15647=LINE('',#15526,#15646);
#15648=EDGE_CURVE('',#15527,#15525,#15647,.T.);
#15649=ORIENTED_EDGE('',*,*,#15648,.F.);
#15650=VECTOR('',#15040,1.);
#15651=LINE('',#15528,#15650);
#15652=EDGE_CURVE('',#15529,#15527,#15651,.T.);
#15653=ORIENTED_EDGE('',*,*,#15652,.F.);
#15654=VECTOR('',#1537,1.);
#15655=LINE('',#15530,#15654);
#15656=EDGE_CURVE('',#15531,#15529,#15655,.T.);
#15657=ORIENTED_EDGE('',*,*,#15656,.F.);
#15658=VECTOR('',#1542,1.);
#15659=LINE('',#15532,#15658);
#15660=EDGE_CURVE('',#15533,#15531,#15659,.T.);
#15661=ORIENTED_EDGE('',*,*,#15660,.F.);
#15662=VECTOR('',#1547,1.);
#15663=LINE('',#15534,#15662);
#15664=EDGE_CURVE('',#15535,#15533,#15663,.T.);
#15665=ORIENTED_EDGE('',*,*,#15664,.F.);
#15666=VECTOR('',#1552,1.);
#15667=LINE('',#15536,#15666);
#15668=EDGE_CURVE('',#15537,#15535,#15667,.T.);
#15669=ORIENTED_EDGE('',*,*,#15668,.F.);
#15670=VECTOR('',#15019,1.);
#15671=LINE('',#15538,#15670);
#15672=EDGE_CURVE('',#15539,#15537,#15671,.T.);
#15673=ORIENTED_EDGE('',*,*,#15672,.F.);
#15674=VECTOR('',#1562,1.);
#15675=LINE('',#15540,#15674);
#15676=EDGE_CURVE('',#15541,#15539,#15675,.T.);
#15677=ORIENTED_EDGE('',*,*,#15676,.F.);
#15678=VECTOR('',#386,1.);
#15679=LINE('',#15542,#15678);
#15680=EDGE_CURVE('',#15543,#15541,#15679,.T.);
#15681=ORIENTED_EDGE('',*,*,#15680,.F.);
#15682=VECTOR('',#1571,1.);
#15683=LINE('',#15544,#15682);
#15684=EDGE_CURVE('',#15545,#15543,#15683,.T.);
#15685=ORIENTED_EDGE('',*,*,#15684,.F.);
#15686=VECTOR('',#1576,1.);
#15687=LINE('',#15544,#15686);
#15688=EDGE_CURVE('',#15545,#15547,#15687,.T.);
#15689=ORIENTED_EDGE('',*,*,#15688,.T.);
#15690=VECTOR('',#281,1.);
#15691=LINE('',#15546,#15690);
#15692=EDGE_CURVE('',#15547,#15549,#15691,.T.);
#15693=ORIENTED_EDGE('',*,*,#15692,.T.);
#15694=VECTOR('',#1469,1.);
#15695=LINE('',#15548,#15694);
#15696=EDGE_CURVE('',#15549,#15551,#15695,.T.);
#15697=ORIENTED_EDGE('',*,*,#15696,.T.);
#15698=VECTOR('',#15090,1.);
#15699=LINE('',#15550,#15698);
#15700=EDGE_CURVE('',#15551,#15553,#15699,.T.);
#15701=ORIENTED_EDGE('',*,*,#15700,.T.);
#15702=VECTOR('',#1479,1.);
#15703=LINE('',#15552,#15702);
#15704=EDGE_CURVE('',#15553,#15555,#15703,.T.);
#15705=ORIENTED_EDGE('',*,*,#15704,.T.);
#15706=VECTOR('',#1484,1.);
#15707=LINE('',#15554,#15706);
#15708=EDGE_CURVE('',#15555,#15557,#15707,.T.);
#15709=ORIENTED_EDGE('',*,*,#15708,.T.);
#15710=VECTOR('',#1489,1.);
#15711=LINE('',#15556,#15710);
#15712=EDGE_CURVE('',#15557,#15559,#15711,.T.);
#15713=ORIENTED_EDGE('',*,*,#15712,.T.);
#15714=VECTOR('',#1494,1.);
#15715=LINE('',#15558,#15714);
#15716=EDGE_CURVE('',#15559,#15561,#15715,.T.);
#15717=ORIENTED_EDGE('',*,*,#15716,.T.);
#15718=VECTOR('',#15069,1.);
#15719=LINE('',#15560,#15718);
#15720=EDGE_CURVE('',#15561,#15563,#15719,.T.);
#15721=ORIENTED_EDGE('',*,*,#15720,.T.);
#15722=VECTOR('',#1504,1.);
#15723=LINE('',#15562,#15722);
#15724=EDGE_CURVE('',#15563,#15565,#15723,.T.);
#15725=ORIENTED_EDGE('',*,*,#15724,.T.);
#15726=VECTOR('',#326,1.);
#15727=LINE('',#15564,#15726);
#15728=EDGE_CURVE('',#15565,#15567,#15727,.T.);
#15729=ORIENTED_EDGE('',*,*,#15728,.T.);
#15730=VECTOR('',#1513,1.);
#15731=LINE('',#15566,#15730);
#15732=EDGE_CURVE('',#15567,#15569,#15731,.T.);
#15733=ORIENTED_EDGE('',*,*,#15732,.T.);
#15734=VECTOR('',#1518,1.);
#15735=LINE('',#15568,#15734);
#15736=EDGE_CURVE('',#15569,#15571,#15735,.T.);
#15737=ORIENTED_EDGE('',*,*,#15736,.T.);
#15738=VECTOR('',#341,1.);
#15739=LINE('',#15570,#15738);
#15740=EDGE_CURVE('',#15571,#15573,#15739,.T.);
#15741=ORIENTED_EDGE('',*,*,#15740,.T.);
#15742=VECTOR('',#1527,1.);
#15743=LINE('',#15572,#15742);
#15744=EDGE_CURVE('',#15573,#15575,#15743,.T.);
#15745=ORIENTED_EDGE('',*,*,#15744,.T.);
#15746=VECTOR('',#15040,1.);
#15747=LINE('',#15574,#15746);
#15748=EDGE_CURVE('',#15575,#15577,#15747,.T.);
#15749=ORIENTED_EDGE('',*,*,#15748,.T.);
#15750=VECTOR('',#1537,1.);
#15751=LINE('',#15576,#15750);
#15752=EDGE_CURVE('',#15577,#15579,#15751,.T.);
#15753=ORIENTED_EDGE('',*,*,#15752,.T.);
#15754=VECTOR('',#1542,1.);
#15755=LINE('',#15578,#15754);
#15756=EDGE_CURVE('',#15579,#15581,#15755,.T.);
#15757=ORIENTED_EDGE('',*,*,#15756,.T.);
#15758=VECTOR('',#1547,1.);
#15759=LINE('',#15580,#15758);
#15760=EDGE_CURVE('',#15581,#15583,#15759,.T.);
#15761=ORIENTED_EDGE('',*,*,#15760,.T.);
#15762=VECTOR('',#1552,1.);
#15763=LINE('',#15582,#15762);
#15764=EDGE_CURVE('',#15583,#15585,#15763,.T.);
#15765=ORIENTED_EDGE('',*,*,#15764,.T.);
#15766=VECTOR('',#15019,1.);
#15767=LINE('',#15584,#15766);
#15768=EDGE_CURVE('',#15585,#15587,#15767,.T.);
#15769=ORIENTED_EDGE('',*,*,#15768,.T.);
#15770=VECTOR('',#1562,1.);
#15771=LINE('',#15586,#15770);
#15772=EDGE_CURVE('',#15587,#15589,#15771,.T.);
#15773=ORIENTED_EDGE('',*,*,#15772,.T.);
#15774=VECTOR('',#386,1.);
#15775=LINE('',#15588,#15774);
#15776=EDGE_CURVE('',#15589,#15591,#15775,.T.);
#15777=ORIENTED_EDGE('',*,*,#15776,.T.);
#15778=VECTOR('',#1571,1.);
#15779=LINE('',#15590,#15778);
#15780=EDGE_CURVE('',#15591,#15593,#15779,.T.);
#15781=ORIENTED_EDGE('',*,*,#15780,.T.);
#15782=VECTOR('',#1576,1.);
#15783=LINE('',#15498,#15782);
#15784=EDGE_CURVE('',#15499,#15593,#15783,.T.);
#15785=ORIENTED_EDGE('',*,*,#15784,.F.);
#15786=EDGE_LOOP('',(#15597,#15601,#15605,#15609,#15613,#15617,#15621,#15625,#15629,#15633,#15637,#15641,#15645,#15649,#15653,#15657,#15661,#15665,#15669,#15673,#15677,#15681,#15685,#15689,#15693,#15697,#15701,#15705,#15709,#15713,#15717,#15721,#15725,#15729,#15733,#15737,#15741,#15745,#15749,#15753,#15757,#15761,#15765,#15769,#15773,#15777,#15781,#15785));
#15787=FACE_OUTER_BOUND('',#15786,.T.);
#15788=ORIENTED_EDGE('',*,*,#1671,.F.);
#15789=ORIENTED_EDGE('',*,*,#1667,.F.);
#15790=ORIENTED_EDGE('',*,*,#1663,.F.);
#15791=ORIENTED_EDGE('',*,*,#1659,.F.);
#15792=ORIENTED_EDGE('',*,*,#1655,.F.);
#15793=ORIENTED_EDGE('',*,*,#1651,.F.);
#15794=ORIENTED_EDGE('',*,*,#1647,.F.);
#15795=ORIENTED_EDGE('',*,*,#1643,.F.);
#15796=ORIENTED_EDGE('',*,*,#1639,.F.);
#15797=ORIENTED_EDGE('',*,*,#1635,.F.);
#15798=ORIENTED_EDGE('',*,*,#1631,.F.);
#15799=ORIENTED_EDGE('',*,*,#1627,.F.);
#15800=ORIENTED_EDGE('',*,*,#1623,.F.);
#15801=ORIENTED_EDGE('',*,*,#1619,.F.);
#15802=ORIENTED_EDGE('',*,*,#1615,.F.);
#15803=ORIENTED_EDGE('',*,*,#1611,.F.);
#15804=ORIENTED_EDGE('',*,*,#1607,.F.);
#15805=ORIENTED_EDGE('',*,*,#1603,.F.);
#15806=ORIENTED_EDGE('',*,*,#1599,.F.);
#15807=ORIENTED_EDGE('',*,*,#1595,.F.);
#15808=ORIENTED_EDGE('',*,*,#1591,.F.);
#15809=ORIENTED_EDGE('',*,*,#1587,.F.);
#15810=ORIENTED_EDGE('',*,*,#1583,.F.);
#15811=ORIENTED_EDGE('',*,*,#1579,.F.);
#15812=ORIENTED_EDGE('',*,*,#1574,.T.);
#15813=ORIENTED_EDGE('',*,*,#1569,.T.);
#15814=ORIENTED_EDGE('',*,*,#1565,.T.);
#15815=ORIENTED_EDGE('',*,*,#1560,.T.);
#15816=ORIENTED_EDGE('',*,*,#1555,.T.);
#15817=ORIENTED_EDGE('',*,*,#1550,.T.);
#15818=ORIENTED_EDGE('',*,*,#1545,.T.);
#15819=ORIENTED_EDGE('',*,*,#1540,.T.);
#15820=ORIENTED_EDGE('',*,*,#1535,.T.);
#15821=ORIENTED_EDGE('',*,*,#1530,.T.);
#15822=ORIENTED_EDGE('',*,*,#1525,.T.);
#15823=ORIENTED_EDGE('',*,*,#1521,.T.);
#15824=ORIENTED_EDGE('',*,*,#1516,.T.);
#15825=ORIENTED_EDGE('',*,*,#1511,.T.);
#15826=ORIENTED_EDGE('',*,*,#1507,.T.);
#15827=ORIENTED_EDGE('',*,*,#1502,.T.);
#15828=ORIENTED_EDGE('',*,*,#1497,.T.);
#15829=ORIENTED_EDGE('',*,*,#1492,.T.);
#15830=ORIENTED_EDGE('',*,*,#1487,.T.);
#15831=ORIENTED_EDGE('',*,*,#1482,.T.);
#15832=ORIENTED_EDGE('',*,*,#1477,.T.);
#15833=ORIENTED_EDGE('',*,*,#1472,.T.);
#15834=ORIENTED_EDGE('',*,*,#1467,.T.);
#15835=ORIENTED_EDGE('',*,*,#1675,.T.);
#15836=EDGE_LOOP('',(#15788,#15789,#15790,#15791,#15792,#15793,#15794,#15795,#15796,#15797,#15798,#15799,#15800,#15801,#15802,#15803,#15804,#15805,#15806,#15807,#15808,#15809,#15810,#15811,#15812,#15813,#15814,#15815,#15816,#15817,#15818,#15819,#15820,#15821,#15822,#15823,#15824,#15825,#15826,#15827,#15828,#15829,#15830,#15831,#15832,#15833,#15834,#15835));
#15837=FACE_BOUND('',#15836,.T.);
#15838=AXIS2_PLACEMENT_3D('',#15498,#3303,#3304);
#15839=PLANE('',#15838);
#15840=ADVANCED_FACE('',(#15787,#15837),#15839,.T.);
#15841=ORIENTED_EDGE('',*,*,#15780,.F.);
#15842=VECTOR('',#1679,1.);
#15843=LINE('',#15590,#15842);
#15844=EDGE_CURVE('',#15591,#14914,#15843,.T.);
#15845=ORIENTED_EDGE('',*,*,#15844,.T.);
#15846=ORIENTED_EDGE('',*,*,#15009,.T.);
#15847=VECTOR('',#1679,1.);
#15848=LINE('',#15592,#15847);
#15849=EDGE_CURVE('',#15593,#14912,#15848,.T.);
#15850=ORIENTED_EDGE('',*,*,#15849,.F.);
#15851=EDGE_LOOP('',(#15841,#15845,#15846,#15850));
#15852=FACE_OUTER_BOUND('',#15851,.T.);
#15853=AXIS2_PLACEMENT_3D('',#15592,#1513,#1571);
#15854=PLANE('',#15853);
#15855=ADVANCED_FACE('',(#15852),#15854,.T.);
#15856=ORIENTED_EDGE('',*,*,#15776,.F.);
#15857=VECTOR('',#1679,1.);
#15858=LINE('',#15588,#15857);
#15859=EDGE_CURVE('',#15589,#14916,#15858,.T.);
#15860=ORIENTED_EDGE('',*,*,#15859,.T.);
#15861=ORIENTED_EDGE('',*,*,#15013,.T.);
#15862=ORIENTED_EDGE('',*,*,#15844,.F.);
#15863=EDGE_LOOP('',(#15856,#15860,#15861,#15862));
#15864=FACE_OUTER_BOUND('',#15863,.T.);
#15865=AXIS2_PLACEMENT_3D('',#15590,#326,#386);
#15866=PLANE('',#15865);
#15867=ADVANCED_FACE('',(#15864),#15866,.T.);
#15868=ORIENTED_EDGE('',*,*,#15772,.F.);
#15869=VECTOR('',#1679,1.);
#15870=LINE('',#15586,#15869);
#15871=EDGE_CURVE('',#15587,#14918,#15870,.T.);
#15872=ORIENTED_EDGE('',*,*,#15871,.T.);
#15873=ORIENTED_EDGE('',*,*,#15017,.T.);
#15874=ORIENTED_EDGE('',*,*,#15859,.F.);
#15875=EDGE_LOOP('',(#15868,#15872,#15873,#15874));
#15876=FACE_OUTER_BOUND('',#15875,.T.);
#15877=AXIS2_PLACEMENT_3D('',#15588,#3783,#3931);
#15878=PLANE('',#15877);
#15879=ADVANCED_FACE('',(#15876),#15878,.T.);
#15880=ORIENTED_EDGE('',*,*,#15768,.F.);
#15881=VECTOR('',#1679,1.);
#15882=LINE('',#15584,#15881);
#15883=EDGE_CURVE('',#15585,#14920,#15882,.T.);
#15884=ORIENTED_EDGE('',*,*,#15883,.T.);
#15885=ORIENTED_EDGE('',*,*,#15022,.T.);
#15886=ORIENTED_EDGE('',*,*,#15871,.F.);
#15887=EDGE_LOOP('',(#15880,#15884,#15885,#15886));
#15888=FACE_OUTER_BOUND('',#15887,.T.);
#15889=AXIS2_PLACEMENT_3D('',#15586,#1499,#1557);
#15890=PLANE('',#15889);
#15891=ADVANCED_FACE('',(#15888),#15890,.T.);
#15892=ORIENTED_EDGE('',*,*,#15764,.F.);
#15893=VECTOR('',#1679,1.);
#15894=LINE('',#15582,#15893);
#15895=EDGE_CURVE('',#15583,#14922,#15894,.T.);
#15896=ORIENTED_EDGE('',*,*,#15895,.T.);
#15897=ORIENTED_EDGE('',*,*,#15026,.T.);
#15898=ORIENTED_EDGE('',*,*,#15883,.F.);
#15899=EDGE_LOOP('',(#15892,#15896,#15897,#15898));
#15900=FACE_OUTER_BOUND('',#15899,.T.);
#15901=AXIS2_PLACEMENT_3D('',#15584,#1494,#1552);
#15902=PLANE('',#15901);
#15903=ADVANCED_FACE('',(#15900),#15902,.T.);
#15904=ORIENTED_EDGE('',*,*,#15760,.F.);
#15905=VECTOR('',#1679,1.);
#15906=LINE('',#15580,#15905);
#15907=EDGE_CURVE('',#15581,#14924,#15906,.T.);
#15908=ORIENTED_EDGE('',*,*,#15907,.T.);
#15909=ORIENTED_EDGE('',*,*,#15030,.T.);
#15910=ORIENTED_EDGE('',*,*,#15895,.F.);
#15911=EDGE_LOOP('',(#15904,#15908,#15909,#15910));
#15912=FACE_OUTER_BOUND('',#15911,.T.);
#15913=AXIS2_PLACEMENT_3D('',#15582,#1489,#1547);
#15914=PLANE('',#15913);
#15915=ADVANCED_FACE('',(#15912),#15914,.T.);
#15916=ORIENTED_EDGE('',*,*,#15756,.F.);
#15917=VECTOR('',#1679,1.);
#15918=LINE('',#15578,#15917);
#15919=EDGE_CURVE('',#15579,#14926,#15918,.T.);
#15920=ORIENTED_EDGE('',*,*,#15919,.T.);
#15921=ORIENTED_EDGE('',*,*,#15034,.T.);
#15922=ORIENTED_EDGE('',*,*,#15907,.F.);
#15923=EDGE_LOOP('',(#15916,#15920,#15921,#15922));
#15924=FACE_OUTER_BOUND('',#15923,.T.);
#15925=AXIS2_PLACEMENT_3D('',#15580,#1484,#1542);
#15926=PLANE('',#15925);
#15927=ADVANCED_FACE('',(#15924),#15926,.T.);
#15928=ORIENTED_EDGE('',*,*,#15752,.F.);
#15929=VECTOR('',#1679,1.);
#15930=LINE('',#15576,#15929);
#15931=EDGE_CURVE('',#15577,#14928,#15930,.T.);
#15932=ORIENTED_EDGE('',*,*,#15931,.T.);
#15933=ORIENTED_EDGE('',*,*,#15038,.T.);
#15934=ORIENTED_EDGE('',*,*,#15919,.F.);
#15935=EDGE_LOOP('',(#15928,#15932,#15933,#15934));
#15936=FACE_OUTER_BOUND('',#15935,.T.);
#15937=AXIS2_PLACEMENT_3D('',#15578,#1479,#1537);
#15938=PLANE('',#15937);
#15939=ADVANCED_FACE('',(#15936),#15938,.T.);
#15940=ORIENTED_EDGE('',*,*,#15748,.F.);
#15941=VECTOR('',#1679,1.);
#15942=LINE('',#15574,#15941);
#15943=EDGE_CURVE('',#15575,#14930,#15942,.T.);
#15944=ORIENTED_EDGE('',*,*,#15943,.T.);
#15945=ORIENTED_EDGE('',*,*,#15043,.T.);
#15946=ORIENTED_EDGE('',*,*,#15931,.F.);
#15947=EDGE_LOOP('',(#15940,#15944,#15945,#15946));
#15948=FACE_OUTER_BOUND('',#15947,.T.);
#15949=AXIS2_PLACEMENT_3D('',#15576,#1474,#1532);
#15950=PLANE('',#15949);
#15951=ADVANCED_FACE('',(#15948),#15950,.T.);
#15952=ORIENTED_EDGE('',*,*,#15744,.F.);
#15953=VECTOR('',#1679,1.);
#15954=LINE('',#15572,#15953);
#15955=EDGE_CURVE('',#15573,#14932,#15954,.T.);
#15956=ORIENTED_EDGE('',*,*,#15955,.T.);
#15957=ORIENTED_EDGE('',*,*,#15047,.T.);
#15958=ORIENTED_EDGE('',*,*,#15943,.F.);
#15959=EDGE_LOOP('',(#15952,#15956,#15957,#15958));
#15960=FACE_OUTER_BOUND('',#15959,.T.);
#15961=AXIS2_PLACEMENT_3D('',#15574,#3691,#3846);
#15962=PLANE('',#15961);
#15963=ADVANCED_FACE('',(#15960),#15962,.T.);
#15964=ORIENTED_EDGE('',*,*,#15740,.F.);
#15965=VECTOR('',#1679,1.);
#15966=LINE('',#15570,#15965);
#15967=EDGE_CURVE('',#15571,#14934,#15966,.T.);
#15968=ORIENTED_EDGE('',*,*,#15967,.T.);
#15969=ORIENTED_EDGE('',*,*,#15051,.T.);
#15970=ORIENTED_EDGE('',*,*,#15955,.F.);
#15971=EDGE_LOOP('',(#15964,#15968,#15969,#15970));
#15972=FACE_OUTER_BOUND('',#15971,.T.);
#15973=AXIS2_PLACEMENT_3D('',#15572,#281,#341);
#15974=PLANE('',#15973);
#15975=ADVANCED_FACE('',(#15972),#15974,.T.);
#15976=ORIENTED_EDGE('',*,*,#15736,.F.);
#15977=VECTOR('',#1679,1.);
#15978=LINE('',#15568,#15977);
#15979=EDGE_CURVE('',#15569,#14936,#15978,.T.);
#15980=ORIENTED_EDGE('',*,*,#15979,.T.);
#15981=ORIENTED_EDGE('',*,*,#15055,.T.);
#15982=ORIENTED_EDGE('',*,*,#15967,.F.);
#15983=EDGE_LOOP('',(#15976,#15980,#15981,#15982));
#15984=FACE_OUTER_BOUND('',#15983,.T.);
#15985=AXIS2_PLACEMENT_3D('',#15570,#1576,#1518);
#15986=PLANE('',#15985);
#15987=ADVANCED_FACE('',(#15984),#15986,.T.);
#15988=ORIENTED_EDGE('',*,*,#15732,.F.);
#15989=VECTOR('',#1679,1.);
#15990=LINE('',#15566,#15989);
#15991=EDGE_CURVE('',#15567,#14938,#15990,.T.);
#15992=ORIENTED_EDGE('',*,*,#15991,.T.);
#15993=ORIENTED_EDGE('',*,*,#15059,.T.);
#15994=ORIENTED_EDGE('',*,*,#15979,.F.);
#15995=EDGE_LOOP('',(#15988,#15992,#15993,#15994));
#15996=FACE_OUTER_BOUND('',#15995,.T.);
#15997=AXIS2_PLACEMENT_3D('',#15568,#3809,#1513);
#15998=PLANE('',#15997);
#15999=ADVANCED_FACE('',(#15996),#15998,.T.);
#16000=ORIENTED_EDGE('',*,*,#15728,.F.);
#16001=VECTOR('',#1679,1.);
#16002=LINE('',#15564,#16001);
#16003=EDGE_CURVE('',#15565,#14940,#16002,.T.);
#16004=ORIENTED_EDGE('',*,*,#16003,.T.);
#16005=ORIENTED_EDGE('',*,*,#15063,.T.);
#16006=ORIENTED_EDGE('',*,*,#15991,.F.);
#16007=EDGE_LOOP('',(#16000,#16004,#16005,#16006));
#16008=FACE_OUTER_BOUND('',#16007,.T.);
#16009=AXIS2_PLACEMENT_3D('',#15566,#3796,#326);
#16010=PLANE('',#16009);
#16011=ADVANCED_FACE('',(#16008),#16010,.T.);
#16012=ORIENTED_EDGE('',*,*,#15724,.F.);
#16013=VECTOR('',#1679,1.);
#16014=LINE('',#15562,#16013);
#16015=EDGE_CURVE('',#15563,#14942,#16014,.T.);
#16016=ORIENTED_EDGE('',*,*,#16015,.T.);
#16017=ORIENTED_EDGE('',*,*,#15067,.T.);
#16018=ORIENTED_EDGE('',*,*,#16003,.F.);
#16019=EDGE_LOOP('',(#16012,#16016,#16017,#16018));
#16020=FACE_OUTER_BOUND('',#16019,.T.);
#16021=AXIS2_PLACEMENT_3D('',#15564,#3782,#3783);
#16022=PLANE('',#16021);
#16023=ADVANCED_FACE('',(#16020),#16022,.T.);
#16024=ORIENTED_EDGE('',*,*,#15720,.F.);
#16025=VECTOR('',#1679,1.);
#16026=LINE('',#15560,#16025);
#16027=EDGE_CURVE('',#15561,#14944,#16026,.T.);
#16028=ORIENTED_EDGE('',*,*,#16027,.T.);
#16029=ORIENTED_EDGE('',*,*,#15072,.T.);
#16030=ORIENTED_EDGE('',*,*,#16015,.F.);
#16031=EDGE_LOOP('',(#16024,#16028,#16029,#16030));
#16032=FACE_OUTER_BOUND('',#16031,.T.);
#16033=AXIS2_PLACEMENT_3D('',#15562,#3769,#1499);
#16034=PLANE('',#16033);
#16035=ADVANCED_FACE('',(#16032),#16034,.T.);
#16036=ORIENTED_EDGE('',*,*,#15716,.F.);
#16037=VECTOR('',#1679,1.);
#16038=LINE('',#15558,#16037);
#16039=EDGE_CURVE('',#15559,#14946,#16038,.T.);
#16040=ORIENTED_EDGE('',*,*,#16039,.T.);
#16041=ORIENTED_EDGE('',*,*,#15076,.T.);
#16042=ORIENTED_EDGE('',*,*,#16027,.F.);
#16043=EDGE_LOOP('',(#16036,#16040,#16041,#16042));
#16044=FACE_OUTER_BOUND('',#16043,.T.);
#16045=AXIS2_PLACEMENT_3D('',#15560,#3756,#1494);
#16046=PLANE('',#16045);
#16047=ADVANCED_FACE('',(#16044),#16046,.T.);
#16048=ORIENTED_EDGE('',*,*,#15712,.F.);
#16049=VECTOR('',#1679,1.);
#16050=LINE('',#15556,#16049);
#16051=EDGE_CURVE('',#15557,#14948,#16050,.T.);
#16052=ORIENTED_EDGE('',*,*,#16051,.T.);
#16053=ORIENTED_EDGE('',*,*,#15080,.T.);
#16054=ORIENTED_EDGE('',*,*,#16039,.F.);
#16055=EDGE_LOOP('',(#16048,#16052,#16053,#16054));
#16056=FACE_OUTER_BOUND('',#16055,.T.);
#16057=AXIS2_PLACEMENT_3D('',#15558,#3743,#1489);
#16058=PLANE('',#16057);
#16059=ADVANCED_FACE('',(#16056),#16058,.T.);
#16060=ORIENTED_EDGE('',*,*,#15708,.F.);
#16061=VECTOR('',#1679,1.);
#16062=LINE('',#15554,#16061);
#16063=EDGE_CURVE('',#15555,#14950,#16062,.T.);
#16064=ORIENTED_EDGE('',*,*,#16063,.T.);
#16065=ORIENTED_EDGE('',*,*,#15084,.T.);
#16066=ORIENTED_EDGE('',*,*,#16051,.F.);
#16067=EDGE_LOOP('',(#16060,#16064,#16065,#16066));
#16068=FACE_OUTER_BOUND('',#16067,.T.);
#16069=AXIS2_PLACEMENT_3D('',#15556,#3730,#1484);
#16070=PLANE('',#16069);
#16071=ADVANCED_FACE('',(#16068),#16070,.T.);
#16072=ORIENTED_EDGE('',*,*,#15704,.F.);
#16073=VECTOR('',#1679,1.);
#16074=LINE('',#15552,#16073);
#16075=EDGE_CURVE('',#15553,#14952,#16074,.T.);
#16076=ORIENTED_EDGE('',*,*,#16075,.T.);
#16077=ORIENTED_EDGE('',*,*,#15088,.T.);
#16078=ORIENTED_EDGE('',*,*,#16063,.F.);
#16079=EDGE_LOOP('',(#16072,#16076,#16077,#16078));
#16080=FACE_OUTER_BOUND('',#16079,.T.);
#16081=AXIS2_PLACEMENT_3D('',#15554,#3717,#1479);
#16082=PLANE('',#16081);
#16083=ADVANCED_FACE('',(#16080),#16082,.T.);
#16084=ORIENTED_EDGE('',*,*,#15700,.F.);
#16085=VECTOR('',#1679,1.);
#16086=LINE('',#15550,#16085);
#16087=EDGE_CURVE('',#15551,#14954,#16086,.T.);
#16088=ORIENTED_EDGE('',*,*,#16087,.T.);
#16089=ORIENTED_EDGE('',*,*,#15093,.T.);
#16090=ORIENTED_EDGE('',*,*,#16075,.F.);
#16091=EDGE_LOOP('',(#16084,#16088,#16089,#16090));
#16092=FACE_OUTER_BOUND('',#16091,.T.);
#16093=AXIS2_PLACEMENT_3D('',#15552,#3704,#1474);
#16094=PLANE('',#16093);
#16095=ADVANCED_FACE('',(#16092),#16094,.T.);
#16096=ORIENTED_EDGE('',*,*,#15696,.F.);
#16097=VECTOR('',#1679,1.);
#16098=LINE('',#15548,#16097);
#16099=EDGE_CURVE('',#15549,#14956,#16098,.T.);
#16100=ORIENTED_EDGE('',*,*,#16099,.T.);
#16101=ORIENTED_EDGE('',*,*,#15097,.T.);
#16102=ORIENTED_EDGE('',*,*,#16087,.F.);
#16103=EDGE_LOOP('',(#16096,#16100,#16101,#16102));
#16104=FACE_OUTER_BOUND('',#16103,.T.);
#16105=AXIS2_PLACEMENT_3D('',#15550,#3690,#3691);
#16106=PLANE('',#16105);
#16107=ADVANCED_FACE('',(#16104),#16106,.T.);
#16108=ORIENTED_EDGE('',*,*,#15692,.F.);
#16109=VECTOR('',#1679,1.);
#16110=LINE('',#15546,#16109);
#16111=EDGE_CURVE('',#15547,#14958,#16110,.T.);
#16112=ORIENTED_EDGE('',*,*,#16111,.T.);
#16113=ORIENTED_EDGE('',*,*,#15101,.T.);
#16114=ORIENTED_EDGE('',*,*,#16099,.F.);
#16115=EDGE_LOOP('',(#16108,#16112,#16113,#16114));
#16116=FACE_OUTER_BOUND('',#16115,.T.);
#16117=AXIS2_PLACEMENT_3D('',#15548,#3677,#281);
#16118=PLANE('',#16117);
#16119=ADVANCED_FACE('',(#16116),#16118,.T.);
#16120=ORIENTED_EDGE('',*,*,#15688,.F.);
#16121=VECTOR('',#1679,1.);
#16122=LINE('',#15544,#16121);
#16123=EDGE_CURVE('',#15545,#14960,#16122,.T.);
#16124=ORIENTED_EDGE('',*,*,#16123,.T.);
#16125=ORIENTED_EDGE('',*,*,#15105,.T.);
#16126=ORIENTED_EDGE('',*,*,#16111,.F.);
#16127=EDGE_LOOP('',(#16120,#16124,#16125,#16126));
#16128=FACE_OUTER_BOUND('',#16127,.T.);
#16129=AXIS2_PLACEMENT_3D('',#15546,#4124,#1576);
#16130=PLANE('',#16129);
#16131=ADVANCED_FACE('',(#16128),#16130,.T.);
#16132=ORIENTED_EDGE('',*,*,#15684,.T.);
#16133=VECTOR('',#1679,1.);
#16134=LINE('',#15542,#16133);
#16135=EDGE_CURVE('',#15543,#14962,#16134,.T.);
#16136=ORIENTED_EDGE('',*,*,#16135,.T.);
#16137=ORIENTED_EDGE('',*,*,#15109,.F.);
#16138=ORIENTED_EDGE('',*,*,#16123,.F.);
#16139=EDGE_LOOP('',(#16132,#16136,#16137,#16138));
#16140=FACE_OUTER_BOUND('',#16139,.T.);
#16141=AXIS2_PLACEMENT_3D('',#15544,#4111,#3809);
#16142=PLANE('',#16141);
#16143=ADVANCED_FACE('',(#16140),#16142,.T.);
#16144=ORIENTED_EDGE('',*,*,#15680,.T.);
#16145=VECTOR('',#1679,1.);
#16146=LINE('',#15540,#16145);
#16147=EDGE_CURVE('',#15541,#14964,#16146,.T.);
#16148=ORIENTED_EDGE('',*,*,#16147,.T.);
#16149=ORIENTED_EDGE('',*,*,#15113,.F.);
#16150=ORIENTED_EDGE('',*,*,#16135,.F.);
#16151=EDGE_LOOP('',(#16144,#16148,#16149,#16150));
#16152=FACE_OUTER_BOUND('',#16151,.T.);
#16153=AXIS2_PLACEMENT_3D('',#15542,#4098,#3796);
#16154=PLANE('',#16153);
#16155=ADVANCED_FACE('',(#16152),#16154,.T.);
#16156=ORIENTED_EDGE('',*,*,#15676,.T.);
#16157=VECTOR('',#1679,1.);
#16158=LINE('',#15538,#16157);
#16159=EDGE_CURVE('',#15539,#14966,#16158,.T.);
#16160=ORIENTED_EDGE('',*,*,#16159,.T.);
#16161=ORIENTED_EDGE('',*,*,#15117,.F.);
#16162=ORIENTED_EDGE('',*,*,#16147,.F.);
#16163=EDGE_LOOP('',(#16156,#16160,#16161,#16162));
#16164=FACE_OUTER_BOUND('',#16163,.T.);
#16165=AXIS2_PLACEMENT_3D('',#15540,#4085,#3782);
#16166=PLANE('',#16165);
#16167=ADVANCED_FACE('',(#16164),#16166,.T.);
#16168=ORIENTED_EDGE('',*,*,#15672,.T.);
#16169=VECTOR('',#1679,1.);
#16170=LINE('',#15536,#16169);
#16171=EDGE_CURVE('',#15537,#14968,#16170,.T.);
#16172=ORIENTED_EDGE('',*,*,#16171,.T.);
#16173=ORIENTED_EDGE('',*,*,#15121,.F.);
#16174=ORIENTED_EDGE('',*,*,#16159,.F.);
#16175=EDGE_LOOP('',(#16168,#16172,#16173,#16174));
#16176=FACE_OUTER_BOUND('',#16175,.T.);
#16177=AXIS2_PLACEMENT_3D('',#15538,#4072,#3769);
#16178=PLANE('',#16177);
#16179=ADVANCED_FACE('',(#16176),#16178,.T.);
#16180=ORIENTED_EDGE('',*,*,#15668,.T.);
#16181=VECTOR('',#1679,1.);
#16182=LINE('',#15534,#16181);
#16183=EDGE_CURVE('',#15535,#14970,#16182,.T.);
#16184=ORIENTED_EDGE('',*,*,#16183,.T.);
#16185=ORIENTED_EDGE('',*,*,#15125,.F.);
#16186=ORIENTED_EDGE('',*,*,#16171,.F.);
#16187=EDGE_LOOP('',(#16180,#16184,#16185,#16186));
#16188=FACE_OUTER_BOUND('',#16187,.T.);
#16189=AXIS2_PLACEMENT_3D('',#15536,#4059,#3756);
#16190=PLANE('',#16189);
#16191=ADVANCED_FACE('',(#16188),#16190,.T.);
#16192=ORIENTED_EDGE('',*,*,#15664,.T.);
#16193=VECTOR('',#1679,1.);
#16194=LINE('',#15532,#16193);
#16195=EDGE_CURVE('',#15533,#14972,#16194,.T.);
#16196=ORIENTED_EDGE('',*,*,#16195,.T.);
#16197=ORIENTED_EDGE('',*,*,#15129,.F.);
#16198=ORIENTED_EDGE('',*,*,#16183,.F.);
#16199=EDGE_LOOP('',(#16192,#16196,#16197,#16198));
#16200=FACE_OUTER_BOUND('',#16199,.T.);
#16201=AXIS2_PLACEMENT_3D('',#15534,#4046,#3743);
#16202=PLANE('',#16201);
#16203=ADVANCED_FACE('',(#16200),#16202,.T.);
#16204=ORIENTED_EDGE('',*,*,#15660,.T.);
#16205=VECTOR('',#1679,1.);
#16206=LINE('',#15530,#16205);
#16207=EDGE_CURVE('',#15531,#14974,#16206,.T.);
#16208=ORIENTED_EDGE('',*,*,#16207,.T.);
#16209=ORIENTED_EDGE('',*,*,#15133,.F.);
#16210=ORIENTED_EDGE('',*,*,#16195,.F.);
#16211=EDGE_LOOP('',(#16204,#16208,#16209,#16210));
#16212=FACE_OUTER_BOUND('',#16211,.T.);
#16213=AXIS2_PLACEMENT_3D('',#15532,#4033,#3730);
#16214=PLANE('',#16213);
#16215=ADVANCED_FACE('',(#16212),#16214,.T.);
#16216=ORIENTED_EDGE('',*,*,#15656,.T.);
#16217=VECTOR('',#1679,1.);
#16218=LINE('',#15528,#16217);
#16219=EDGE_CURVE('',#15529,#14976,#16218,.T.);
#16220=ORIENTED_EDGE('',*,*,#16219,.T.);
#16221=ORIENTED_EDGE('',*,*,#15137,.F.);
#16222=ORIENTED_EDGE('',*,*,#16207,.F.);
#16223=EDGE_LOOP('',(#16216,#16220,#16221,#16222));
#16224=FACE_OUTER_BOUND('',#16223,.T.);
#16225=AXIS2_PLACEMENT_3D('',#15530,#4020,#3717);
#16226=PLANE('',#16225);
#16227=ADVANCED_FACE('',(#16224),#16226,.T.);
#16228=ORIENTED_EDGE('',*,*,#15652,.T.);
#16229=VECTOR('',#1679,1.);
#16230=LINE('',#15526,#16229);
#16231=EDGE_CURVE('',#15527,#14978,#16230,.T.);
#16232=ORIENTED_EDGE('',*,*,#16231,.T.);
#16233=ORIENTED_EDGE('',*,*,#15141,.F.);
#16234=ORIENTED_EDGE('',*,*,#16219,.F.);
#16235=EDGE_LOOP('',(#16228,#16232,#16233,#16234));
#16236=FACE_OUTER_BOUND('',#16235,.T.);
#16237=AXIS2_PLACEMENT_3D('',#15528,#4007,#3704);
#16238=PLANE('',#16237);
#16239=ADVANCED_FACE('',(#16236),#16238,.T.);
#16240=ORIENTED_EDGE('',*,*,#15648,.T.);
#16241=VECTOR('',#1679,1.);
#16242=LINE('',#15524,#16241);
#16243=EDGE_CURVE('',#15525,#14980,#16242,.T.);
#16244=ORIENTED_EDGE('',*,*,#16243,.T.);
#16245=ORIENTED_EDGE('',*,*,#15145,.F.);
#16246=ORIENTED_EDGE('',*,*,#16231,.F.);
#16247=EDGE_LOOP('',(#16240,#16244,#16245,#16246));
#16248=FACE_OUTER_BOUND('',#16247,.T.);
#16249=AXIS2_PLACEMENT_3D('',#15526,#3994,#3690);
#16250=PLANE('',#16249);
#16251=ADVANCED_FACE('',(#16248),#16250,.T.);
#16252=ORIENTED_EDGE('',*,*,#15644,.T.);
#16253=VECTOR('',#1679,1.);
#16254=LINE('',#15522,#16253);
#16255=EDGE_CURVE('',#15523,#14982,#16254,.T.);
#16256=ORIENTED_EDGE('',*,*,#16255,.T.);
#16257=ORIENTED_EDGE('',*,*,#15149,.F.);
#16258=ORIENTED_EDGE('',*,*,#16243,.F.);
#16259=EDGE_LOOP('',(#16252,#16256,#16257,#16258));
#16260=FACE_OUTER_BOUND('',#16259,.T.);
#16261=AXIS2_PLACEMENT_3D('',#15524,#3981,#3677);
#16262=PLANE('',#16261);
#16263=ADVANCED_FACE('',(#16260),#16262,.T.);
#16264=ORIENTED_EDGE('',*,*,#15640,.T.);
#16265=VECTOR('',#1679,1.);
#16266=LINE('',#15520,#16265);
#16267=EDGE_CURVE('',#15521,#14984,#16266,.T.);
#16268=ORIENTED_EDGE('',*,*,#16267,.T.);
#16269=ORIENTED_EDGE('',*,*,#15153,.F.);
#16270=ORIENTED_EDGE('',*,*,#16255,.F.);
#16271=EDGE_LOOP('',(#16264,#16268,#16269,#16270));
#16272=FACE_OUTER_BOUND('',#16271,.T.);
#16273=AXIS2_PLACEMENT_3D('',#15522,#3968,#4124);
#16274=PLANE('',#16273);
#16275=ADVANCED_FACE('',(#16272),#16274,.T.);
#16276=ORIENTED_EDGE('',*,*,#15636,.T.);
#16277=VECTOR('',#1679,1.);
#16278=LINE('',#15518,#16277);
#16279=EDGE_CURVE('',#15519,#14986,#16278,.T.);
#16280=ORIENTED_EDGE('',*,*,#16279,.T.);
#16281=ORIENTED_EDGE('',*,*,#15157,.F.);
#16282=ORIENTED_EDGE('',*,*,#16267,.F.);
#16283=EDGE_LOOP('',(#16276,#16280,#16281,#16282));
#16284=FACE_OUTER_BOUND('',#16283,.T.);
#16285=AXIS2_PLACEMENT_3D('',#15520,#1571,#4111);
#16286=PLANE('',#16285);
#16287=ADVANCED_FACE('',(#16284),#16286,.T.);
#16288=ORIENTED_EDGE('',*,*,#15632,.T.);
#16289=VECTOR('',#1679,1.);
#16290=LINE('',#15516,#16289);
#16291=EDGE_CURVE('',#15517,#14988,#16290,.T.);
#16292=ORIENTED_EDGE('',*,*,#16291,.T.);
#16293=ORIENTED_EDGE('',*,*,#15161,.F.);
#16294=ORIENTED_EDGE('',*,*,#16279,.F.);
#16295=EDGE_LOOP('',(#16288,#16292,#16293,#16294));
#16296=FACE_OUTER_BOUND('',#16295,.T.);
#16297=AXIS2_PLACEMENT_3D('',#15518,#386,#4098);
#16298=PLANE('',#16297);
#16299=ADVANCED_FACE('',(#16296),#16298,.T.);
#16300=ORIENTED_EDGE('',*,*,#15628,.T.);
#16301=VECTOR('',#1679,1.);
#16302=LINE('',#15514,#16301);
#16303=EDGE_CURVE('',#15515,#14990,#16302,.T.);
#16304=ORIENTED_EDGE('',*,*,#16303,.T.);
#16305=ORIENTED_EDGE('',*,*,#15165,.F.);
#16306=ORIENTED_EDGE('',*,*,#16291,.F.);
#16307=EDGE_LOOP('',(#16300,#16304,#16305,#16306));
#16308=FACE_OUTER_BOUND('',#16307,.T.);
#16309=AXIS2_PLACEMENT_3D('',#15516,#3931,#4085);
#16310=PLANE('',#16309);
#16311=ADVANCED_FACE('',(#16308),#16310,.T.);
#16312=ORIENTED_EDGE('',*,*,#15624,.T.);
#16313=VECTOR('',#1679,1.);
#16314=LINE('',#15512,#16313);
#16315=EDGE_CURVE('',#15513,#14992,#16314,.T.);
#16316=ORIENTED_EDGE('',*,*,#16315,.T.);
#16317=ORIENTED_EDGE('',*,*,#15169,.F.);
#16318=ORIENTED_EDGE('',*,*,#16303,.F.);
#16319=EDGE_LOOP('',(#16312,#16316,#16317,#16318));
#16320=FACE_OUTER_BOUND('',#16319,.T.);
#16321=AXIS2_PLACEMENT_3D('',#15514,#1557,#4072);
#16322=PLANE('',#16321);
#16323=ADVANCED_FACE('',(#16320),#16322,.T.);
#16324=ORIENTED_EDGE('',*,*,#15620,.T.);
#16325=VECTOR('',#1679,1.);
#16326=LINE('',#15510,#16325);
#16327=EDGE_CURVE('',#15511,#14994,#16326,.T.);
#16328=ORIENTED_EDGE('',*,*,#16327,.T.);
#16329=ORIENTED_EDGE('',*,*,#15173,.F.);
#16330=ORIENTED_EDGE('',*,*,#16315,.F.);
#16331=EDGE_LOOP('',(#16324,#16328,#16329,#16330));
#16332=FACE_OUTER_BOUND('',#16331,.T.);
#16333=AXIS2_PLACEMENT_3D('',#15512,#1552,#4059);
#16334=PLANE('',#16333);
#16335=ADVANCED_FACE('',(#16332),#16334,.T.);
#16336=ORIENTED_EDGE('',*,*,#15616,.T.);
#16337=VECTOR('',#1679,1.);
#16338=LINE('',#15508,#16337);
#16339=EDGE_CURVE('',#15509,#14996,#16338,.T.);
#16340=ORIENTED_EDGE('',*,*,#16339,.T.);
#16341=ORIENTED_EDGE('',*,*,#15177,.F.);
#16342=ORIENTED_EDGE('',*,*,#16327,.F.);
#16343=EDGE_LOOP('',(#16336,#16340,#16341,#16342));
#16344=FACE_OUTER_BOUND('',#16343,.T.);
#16345=AXIS2_PLACEMENT_3D('',#15510,#1547,#4046);
#16346=PLANE('',#16345);
#16347=ADVANCED_FACE('',(#16344),#16346,.T.);
#16348=ORIENTED_EDGE('',*,*,#15612,.T.);
#16349=VECTOR('',#1679,1.);
#16350=LINE('',#15506,#16349);
#16351=EDGE_CURVE('',#15507,#14998,#16350,.T.);
#16352=ORIENTED_EDGE('',*,*,#16351,.T.);
#16353=ORIENTED_EDGE('',*,*,#15181,.F.);
#16354=ORIENTED_EDGE('',*,*,#16339,.F.);
#16355=EDGE_LOOP('',(#16348,#16352,#16353,#16354));
#16356=FACE_OUTER_BOUND('',#16355,.T.);
#16357=AXIS2_PLACEMENT_3D('',#15508,#1542,#4033);
#16358=PLANE('',#16357);
#16359=ADVANCED_FACE('',(#16356),#16358,.T.);
#16360=ORIENTED_EDGE('',*,*,#15608,.T.);
#16361=VECTOR('',#1679,1.);
#16362=LINE('',#15504,#16361);
#16363=EDGE_CURVE('',#15505,#15000,#16362,.T.);
#16364=ORIENTED_EDGE('',*,*,#16363,.T.);
#16365=ORIENTED_EDGE('',*,*,#15185,.F.);
#16366=ORIENTED_EDGE('',*,*,#16351,.F.);
#16367=EDGE_LOOP('',(#16360,#16364,#16365,#16366));
#16368=FACE_OUTER_BOUND('',#16367,.T.);
#16369=AXIS2_PLACEMENT_3D('',#15506,#1537,#4020);
#16370=PLANE('',#16369);
#16371=ADVANCED_FACE('',(#16368),#16370,.T.);
#16372=ORIENTED_EDGE('',*,*,#15604,.T.);
#16373=VECTOR('',#1679,1.);
#16374=LINE('',#15502,#16373);
#16375=EDGE_CURVE('',#15503,#15002,#16374,.T.);
#16376=ORIENTED_EDGE('',*,*,#16375,.T.);
#16377=ORIENTED_EDGE('',*,*,#15189,.F.);
#16378=ORIENTED_EDGE('',*,*,#16363,.F.);
#16379=EDGE_LOOP('',(#16372,#16376,#16377,#16378));
#16380=FACE_OUTER_BOUND('',#16379,.T.);
#16381=AXIS2_PLACEMENT_3D('',#15504,#1532,#4007);
#16382=PLANE('',#16381);
#16383=ADVANCED_FACE('',(#16380),#16382,.T.);
#16384=ORIENTED_EDGE('',*,*,#15600,.T.);
#16385=VECTOR('',#1679,1.);
#16386=LINE('',#15500,#16385);
#16387=EDGE_CURVE('',#15501,#15004,#16386,.T.);
#16388=ORIENTED_EDGE('',*,*,#16387,.T.);
#16389=ORIENTED_EDGE('',*,*,#15193,.F.);
#16390=ORIENTED_EDGE('',*,*,#16375,.F.);
#16391=EDGE_LOOP('',(#16384,#16388,#16389,#16390));
#16392=FACE_OUTER_BOUND('',#16391,.T.);
#16393=AXIS2_PLACEMENT_3D('',#15502,#3846,#3994);
#16394=PLANE('',#16393);
#16395=ADVANCED_FACE('',(#16392),#16394,.T.);
#16396=ORIENTED_EDGE('',*,*,#15596,.T.);
#16397=VECTOR('',#1679,1.);
#16398=LINE('',#15498,#16397);
#16399=EDGE_CURVE('',#15499,#15006,#16398,.T.);
#16400=ORIENTED_EDGE('',*,*,#16399,.T.);
#16401=ORIENTED_EDGE('',*,*,#15197,.F.);
#16402=ORIENTED_EDGE('',*,*,#16387,.F.);
#16403=EDGE_LOOP('',(#16396,#16400,#16401,#16402));
#16404=FACE_OUTER_BOUND('',#16403,.T.);
#16405=AXIS2_PLACEMENT_3D('',#15500,#341,#3981);
#16406=PLANE('',#16405);
#16407=ADVANCED_FACE('',(#16404),#16406,.T.);
#16408=ORIENTED_EDGE('',*,*,#15784,.T.);
#16409=ORIENTED_EDGE('',*,*,#15849,.T.);
#16410=ORIENTED_EDGE('',*,*,#15201,.F.);
#16411=ORIENTED_EDGE('',*,*,#16399,.F.);
#16412=EDGE_LOOP('',(#16408,#16409,#16410,#16411));
#16413=FACE_OUTER_BOUND('',#16412,.T.);
#16414=AXIS2_PLACEMENT_3D('',#15498,#1518,#3968);
#16415=PLANE('',#16414);
#16416=ADVANCED_FACE('',(#16413),#16415,.T.);
#16417=ORIENTED_EDGE('',*,*,#1467,.F.);
#16418=VECTOR('',#1679,1.);
#16419=LINE('',#1371,#16418);
#16420=EDGE_CURVE('',#1372,#15208,#16419,.T.);
#16421=ORIENTED_EDGE('',*,*,#16420,.T.);
#16422=ORIENTED_EDGE('',*,*,#15303,.T.);
#16423=VECTOR('',#1679,1.);
#16424=LINE('',#1369,#16423);
#16425=EDGE_CURVE('',#1370,#15206,#16424,.T.);
#16426=ORIENTED_EDGE('',*,*,#16425,.F.);
#16427=EDGE_LOOP('',(#16417,#16421,#16422,#16426));
#16428=FACE_OUTER_BOUND('',#16427,.T.);
#16429=AXIS2_PLACEMENT_3D('',#1369,#3677,#281);
#16430=PLANE('',#16429);
#16431=ADVANCED_FACE('',(#16428),#16430,.T.);
#16432=ORIENTED_EDGE('',*,*,#1472,.F.);
#16433=VECTOR('',#1679,1.);
#16434=LINE('',#1373,#16433);
#16435=EDGE_CURVE('',#1374,#15210,#16434,.T.);
#16436=ORIENTED_EDGE('',*,*,#16435,.T.);
#16437=ORIENTED_EDGE('',*,*,#15307,.T.);
#16438=ORIENTED_EDGE('',*,*,#16420,.F.);
#16439=EDGE_LOOP('',(#16432,#16436,#16437,#16438));
#16440=FACE_OUTER_BOUND('',#16439,.T.);
#16441=AXIS2_PLACEMENT_3D('',#1371,#3690,#3691);
#16442=PLANE('',#16441);
#16443=ADVANCED_FACE('',(#16440),#16442,.T.);
#16444=ORIENTED_EDGE('',*,*,#1477,.F.);
#16445=VECTOR('',#1679,1.);
#16446=LINE('',#1375,#16445);
#16447=EDGE_CURVE('',#1376,#15212,#16446,.T.);
#16448=ORIENTED_EDGE('',*,*,#16447,.T.);
#16449=ORIENTED_EDGE('',*,*,#15311,.T.);
#16450=ORIENTED_EDGE('',*,*,#16435,.F.);
#16451=EDGE_LOOP('',(#16444,#16448,#16449,#16450));
#16452=FACE_OUTER_BOUND('',#16451,.T.);
#16453=AXIS2_PLACEMENT_3D('',#1373,#3704,#1474);
#16454=PLANE('',#16453);
#16455=ADVANCED_FACE('',(#16452),#16454,.T.);
#16456=ORIENTED_EDGE('',*,*,#1482,.F.);
#16457=VECTOR('',#1679,1.);
#16458=LINE('',#1377,#16457);
#16459=EDGE_CURVE('',#1378,#15214,#16458,.T.);
#16460=ORIENTED_EDGE('',*,*,#16459,.T.);
#16461=ORIENTED_EDGE('',*,*,#15315,.T.);
#16462=ORIENTED_EDGE('',*,*,#16447,.F.);
#16463=EDGE_LOOP('',(#16456,#16460,#16461,#16462));
#16464=FACE_OUTER_BOUND('',#16463,.T.);
#16465=AXIS2_PLACEMENT_3D('',#1375,#3717,#1479);
#16466=PLANE('',#16465);
#16467=ADVANCED_FACE('',(#16464),#16466,.T.);
#16468=ORIENTED_EDGE('',*,*,#1487,.F.);
#16469=VECTOR('',#1679,1.);
#16470=LINE('',#1379,#16469);
#16471=EDGE_CURVE('',#1380,#15216,#16470,.T.);
#16472=ORIENTED_EDGE('',*,*,#16471,.T.);
#16473=ORIENTED_EDGE('',*,*,#15319,.T.);
#16474=ORIENTED_EDGE('',*,*,#16459,.F.);
#16475=EDGE_LOOP('',(#16468,#16472,#16473,#16474));
#16476=FACE_OUTER_BOUND('',#16475,.T.);
#16477=AXIS2_PLACEMENT_3D('',#1377,#3730,#1484);
#16478=PLANE('',#16477);
#16479=ADVANCED_FACE('',(#16476),#16478,.T.);
#16480=ORIENTED_EDGE('',*,*,#1492,.F.);
#16481=VECTOR('',#1679,1.);
#16482=LINE('',#1381,#16481);
#16483=EDGE_CURVE('',#1382,#15218,#16482,.T.);
#16484=ORIENTED_EDGE('',*,*,#16483,.T.);
#16485=ORIENTED_EDGE('',*,*,#15323,.T.);
#16486=ORIENTED_EDGE('',*,*,#16471,.F.);
#16487=EDGE_LOOP('',(#16480,#16484,#16485,#16486));
#16488=FACE_OUTER_BOUND('',#16487,.T.);
#16489=AXIS2_PLACEMENT_3D('',#1379,#3743,#1489);
#16490=PLANE('',#16489);
#16491=ADVANCED_FACE('',(#16488),#16490,.T.);
#16492=ORIENTED_EDGE('',*,*,#1497,.F.);
#16493=VECTOR('',#1679,1.);
#16494=LINE('',#1383,#16493);
#16495=EDGE_CURVE('',#1384,#15220,#16494,.T.);
#16496=ORIENTED_EDGE('',*,*,#16495,.T.);
#16497=ORIENTED_EDGE('',*,*,#15327,.T.);
#16498=ORIENTED_EDGE('',*,*,#16483,.F.);
#16499=EDGE_LOOP('',(#16492,#16496,#16497,#16498));
#16500=FACE_OUTER_BOUND('',#16499,.T.);
#16501=AXIS2_PLACEMENT_3D('',#1381,#3756,#1494);
#16502=PLANE('',#16501);
#16503=ADVANCED_FACE('',(#16500),#16502,.T.);
#16504=ORIENTED_EDGE('',*,*,#1502,.F.);
#16505=VECTOR('',#1679,1.);
#16506=LINE('',#1385,#16505);
#16507=EDGE_CURVE('',#1386,#15222,#16506,.T.);
#16508=ORIENTED_EDGE('',*,*,#16507,.T.);
#16509=ORIENTED_EDGE('',*,*,#15331,.T.);
#16510=ORIENTED_EDGE('',*,*,#16495,.F.);
#16511=EDGE_LOOP('',(#16504,#16508,#16509,#16510));
#16512=FACE_OUTER_BOUND('',#16511,.T.);
#16513=AXIS2_PLACEMENT_3D('',#1383,#3769,#1499);
#16514=PLANE('',#16513);
#16515=ADVANCED_FACE('',(#16512),#16514,.T.);
#16516=ORIENTED_EDGE('',*,*,#1507,.F.);
#16517=VECTOR('',#1679,1.);
#16518=LINE('',#1387,#16517);
#16519=EDGE_CURVE('',#1388,#15224,#16518,.T.);
#16520=ORIENTED_EDGE('',*,*,#16519,.T.);
#16521=ORIENTED_EDGE('',*,*,#15335,.T.);
#16522=ORIENTED_EDGE('',*,*,#16507,.F.);
#16523=EDGE_LOOP('',(#16516,#16520,#16521,#16522));
#16524=FACE_OUTER_BOUND('',#16523,.T.);
#16525=AXIS2_PLACEMENT_3D('',#1385,#3782,#3783);
#16526=PLANE('',#16525);
#16527=ADVANCED_FACE('',(#16524),#16526,.T.);
#16528=ORIENTED_EDGE('',*,*,#1511,.F.);
#16529=VECTOR('',#1679,1.);
#16530=LINE('',#1389,#16529);
#16531=EDGE_CURVE('',#1390,#15226,#16530,.T.);
#16532=ORIENTED_EDGE('',*,*,#16531,.T.);
#16533=ORIENTED_EDGE('',*,*,#15339,.T.);
#16534=ORIENTED_EDGE('',*,*,#16519,.F.);
#16535=EDGE_LOOP('',(#16528,#16532,#16533,#16534));
#16536=FACE_OUTER_BOUND('',#16535,.T.);
#16537=AXIS2_PLACEMENT_3D('',#1387,#3796,#326);
#16538=PLANE('',#16537);
#16539=ADVANCED_FACE('',(#16536),#16538,.T.);
#16540=ORIENTED_EDGE('',*,*,#1516,.F.);
#16541=VECTOR('',#1679,1.);
#16542=LINE('',#1391,#16541);
#16543=EDGE_CURVE('',#1392,#15228,#16542,.T.);
#16544=ORIENTED_EDGE('',*,*,#16543,.T.);
#16545=ORIENTED_EDGE('',*,*,#15343,.T.);
#16546=ORIENTED_EDGE('',*,*,#16531,.F.);
#16547=EDGE_LOOP('',(#16540,#16544,#16545,#16546));
#16548=FACE_OUTER_BOUND('',#16547,.T.);
#16549=AXIS2_PLACEMENT_3D('',#1389,#3809,#1513);
#16550=PLANE('',#16549);
#16551=ADVANCED_FACE('',(#16548),#16550,.T.);
#16552=ORIENTED_EDGE('',*,*,#1521,.F.);
#16553=VECTOR('',#1679,1.);
#16554=LINE('',#1393,#16553);
#16555=EDGE_CURVE('',#1394,#15230,#16554,.T.);
#16556=ORIENTED_EDGE('',*,*,#16555,.T.);
#16557=ORIENTED_EDGE('',*,*,#15347,.T.);
#16558=ORIENTED_EDGE('',*,*,#16543,.F.);
#16559=EDGE_LOOP('',(#16552,#16556,#16557,#16558));
#16560=FACE_OUTER_BOUND('',#16559,.T.);
#16561=AXIS2_PLACEMENT_3D('',#1391,#1576,#1518);
#16562=PLANE('',#16561);
#16563=ADVANCED_FACE('',(#16560),#16562,.T.);
#16564=ORIENTED_EDGE('',*,*,#1525,.F.);
#16565=VECTOR('',#1679,1.);
#16566=LINE('',#1395,#16565);
#16567=EDGE_CURVE('',#1396,#15232,#16566,.T.);
#16568=ORIENTED_EDGE('',*,*,#16567,.T.);
#16569=ORIENTED_EDGE('',*,*,#15351,.T.);
#16570=ORIENTED_EDGE('',*,*,#16555,.F.);
#16571=EDGE_LOOP('',(#16564,#16568,#16569,#16570));
#16572=FACE_OUTER_BOUND('',#16571,.T.);
#16573=AXIS2_PLACEMENT_3D('',#1393,#281,#341);
#16574=PLANE('',#16573);
#16575=ADVANCED_FACE('',(#16572),#16574,.T.);
#16576=ORIENTED_EDGE('',*,*,#1530,.F.);
#16577=VECTOR('',#1679,1.);
#16578=LINE('',#1397,#16577);
#16579=EDGE_CURVE('',#1398,#15234,#16578,.T.);
#16580=ORIENTED_EDGE('',*,*,#16579,.T.);
#16581=ORIENTED_EDGE('',*,*,#15355,.T.);
#16582=ORIENTED_EDGE('',*,*,#16567,.F.);
#16583=EDGE_LOOP('',(#16576,#16580,#16581,#16582));
#16584=FACE_OUTER_BOUND('',#16583,.T.);
#16585=AXIS2_PLACEMENT_3D('',#1395,#3691,#3846);
#16586=PLANE('',#16585);
#16587=ADVANCED_FACE('',(#16584),#16586,.T.);
#16588=ORIENTED_EDGE('',*,*,#1535,.F.);
#16589=VECTOR('',#1679,1.);
#16590=LINE('',#1399,#16589);
#16591=EDGE_CURVE('',#1400,#15236,#16590,.T.);
#16592=ORIENTED_EDGE('',*,*,#16591,.T.);
#16593=ORIENTED_EDGE('',*,*,#15359,.T.);
#16594=ORIENTED_EDGE('',*,*,#16579,.F.);
#16595=EDGE_LOOP('',(#16588,#16592,#16593,#16594));
#16596=FACE_OUTER_BOUND('',#16595,.T.);
#16597=AXIS2_PLACEMENT_3D('',#1397,#1474,#1532);
#16598=PLANE('',#16597);
#16599=ADVANCED_FACE('',(#16596),#16598,.T.);
#16600=ORIENTED_EDGE('',*,*,#1540,.F.);
#16601=VECTOR('',#1679,1.);
#16602=LINE('',#1401,#16601);
#16603=EDGE_CURVE('',#1402,#15238,#16602,.T.);
#16604=ORIENTED_EDGE('',*,*,#16603,.T.);
#16605=ORIENTED_EDGE('',*,*,#15363,.T.);
#16606=ORIENTED_EDGE('',*,*,#16591,.F.);
#16607=EDGE_LOOP('',(#16600,#16604,#16605,#16606));
#16608=FACE_OUTER_BOUND('',#16607,.T.);
#16609=AXIS2_PLACEMENT_3D('',#1399,#1479,#1537);
#16610=PLANE('',#16609);
#16611=ADVANCED_FACE('',(#16608),#16610,.T.);
#16612=ORIENTED_EDGE('',*,*,#1545,.F.);
#16613=VECTOR('',#1679,1.);
#16614=LINE('',#1403,#16613);
#16615=EDGE_CURVE('',#1404,#15240,#16614,.T.);
#16616=ORIENTED_EDGE('',*,*,#16615,.T.);
#16617=ORIENTED_EDGE('',*,*,#15367,.T.);
#16618=ORIENTED_EDGE('',*,*,#16603,.F.);
#16619=EDGE_LOOP('',(#16612,#16616,#16617,#16618));
#16620=FACE_OUTER_BOUND('',#16619,.T.);
#16621=AXIS2_PLACEMENT_3D('',#1401,#1484,#1542);
#16622=PLANE('',#16621);
#16623=ADVANCED_FACE('',(#16620),#16622,.T.);
#16624=ORIENTED_EDGE('',*,*,#1550,.F.);
#16625=VECTOR('',#1679,1.);
#16626=LINE('',#1405,#16625);
#16627=EDGE_CURVE('',#1406,#15242,#16626,.T.);
#16628=ORIENTED_EDGE('',*,*,#16627,.T.);
#16629=ORIENTED_EDGE('',*,*,#15371,.T.);
#16630=ORIENTED_EDGE('',*,*,#16615,.F.);
#16631=EDGE_LOOP('',(#16624,#16628,#16629,#16630));
#16632=FACE_OUTER_BOUND('',#16631,.T.);
#16633=AXIS2_PLACEMENT_3D('',#1403,#1489,#1547);
#16634=PLANE('',#16633);
#16635=ADVANCED_FACE('',(#16632),#16634,.T.);
#16636=ORIENTED_EDGE('',*,*,#1555,.F.);
#16637=VECTOR('',#1679,1.);
#16638=LINE('',#1407,#16637);
#16639=EDGE_CURVE('',#1408,#15244,#16638,.T.);
#16640=ORIENTED_EDGE('',*,*,#16639,.T.);
#16641=ORIENTED_EDGE('',*,*,#15375,.T.);
#16642=ORIENTED_EDGE('',*,*,#16627,.F.);
#16643=EDGE_LOOP('',(#16636,#16640,#16641,#16642));
#16644=FACE_OUTER_BOUND('',#16643,.T.);
#16645=AXIS2_PLACEMENT_3D('',#1405,#1494,#1552);
#16646=PLANE('',#16645);
#16647=ADVANCED_FACE('',(#16644),#16646,.T.);
#16648=ORIENTED_EDGE('',*,*,#1560,.F.);
#16649=VECTOR('',#1679,1.);
#16650=LINE('',#1409,#16649);
#16651=EDGE_CURVE('',#1410,#15246,#16650,.T.);
#16652=ORIENTED_EDGE('',*,*,#16651,.T.);
#16653=ORIENTED_EDGE('',*,*,#15379,.T.);
#16654=ORIENTED_EDGE('',*,*,#16639,.F.);
#16655=EDGE_LOOP('',(#16648,#16652,#16653,#16654));
#16656=FACE_OUTER_BOUND('',#16655,.T.);
#16657=AXIS2_PLACEMENT_3D('',#1407,#1499,#1557);
#16658=PLANE('',#16657);
#16659=ADVANCED_FACE('',(#16656),#16658,.T.);
#16660=ORIENTED_EDGE('',*,*,#1565,.F.);
#16661=VECTOR('',#1679,1.);
#16662=LINE('',#1411,#16661);
#16663=EDGE_CURVE('',#1412,#15248,#16662,.T.);
#16664=ORIENTED_EDGE('',*,*,#16663,.T.);
#16665=ORIENTED_EDGE('',*,*,#15383,.T.);
#16666=ORIENTED_EDGE('',*,*,#16651,.F.);
#16667=EDGE_LOOP('',(#16660,#16664,#16665,#16666));
#16668=FACE_OUTER_BOUND('',#16667,.T.);
#16669=AXIS2_PLACEMENT_3D('',#1409,#3783,#3931);
#16670=PLANE('',#16669);
#16671=ADVANCED_FACE('',(#16668),#16670,.T.);
#16672=ORIENTED_EDGE('',*,*,#1569,.F.);
#16673=VECTOR('',#1679,1.);
#16674=LINE('',#1413,#16673);
#16675=EDGE_CURVE('',#1414,#15250,#16674,.T.);
#16676=ORIENTED_EDGE('',*,*,#16675,.T.);
#16677=ORIENTED_EDGE('',*,*,#15387,.T.);
#16678=ORIENTED_EDGE('',*,*,#16663,.F.);
#16679=EDGE_LOOP('',(#16672,#16676,#16677,#16678));
#16680=FACE_OUTER_BOUND('',#16679,.T.);
#16681=AXIS2_PLACEMENT_3D('',#1411,#326,#386);
#16682=PLANE('',#16681);
#16683=ADVANCED_FACE('',(#16680),#16682,.T.);
#16684=ORIENTED_EDGE('',*,*,#1574,.F.);
#16685=VECTOR('',#1679,1.);
#16686=LINE('',#1415,#16685);
#16687=EDGE_CURVE('',#1416,#15252,#16686,.T.);
#16688=ORIENTED_EDGE('',*,*,#16687,.T.);
#16689=ORIENTED_EDGE('',*,*,#15391,.T.);
#16690=ORIENTED_EDGE('',*,*,#16675,.F.);
#16691=EDGE_LOOP('',(#16684,#16688,#16689,#16690));
#16692=FACE_OUTER_BOUND('',#16691,.T.);
#16693=AXIS2_PLACEMENT_3D('',#1413,#1513,#1571);
#16694=PLANE('',#16693);
#16695=ADVANCED_FACE('',(#16692),#16694,.T.);
#16696=ORIENTED_EDGE('',*,*,#1579,.T.);
#16697=VECTOR('',#1679,1.);
#16698=LINE('',#1417,#16697);
#16699=EDGE_CURVE('',#1418,#15254,#16698,.T.);
#16700=ORIENTED_EDGE('',*,*,#16699,.T.);
#16701=ORIENTED_EDGE('',*,*,#15395,.F.);
#16702=ORIENTED_EDGE('',*,*,#16687,.F.);
#16703=EDGE_LOOP('',(#16696,#16700,#16701,#16702));
#16704=FACE_OUTER_BOUND('',#16703,.T.);
#16705=AXIS2_PLACEMENT_3D('',#1415,#1518,#3968);
#16706=PLANE('',#16705);
#16707=ADVANCED_FACE('',(#16704),#16706,.T.);
#16708=ORIENTED_EDGE('',*,*,#1583,.T.);
#16709=VECTOR('',#1679,1.);
#16710=LINE('',#1419,#16709);
#16711=EDGE_CURVE('',#1420,#15256,#16710,.T.);
#16712=ORIENTED_EDGE('',*,*,#16711,.T.);
#16713=ORIENTED_EDGE('',*,*,#15399,.F.);
#16714=ORIENTED_EDGE('',*,*,#16699,.F.);
#16715=EDGE_LOOP('',(#16708,#16712,#16713,#16714));
#16716=FACE_OUTER_BOUND('',#16715,.T.);
#16717=AXIS2_PLACEMENT_3D('',#1417,#341,#3981);
#16718=PLANE('',#16717);
#16719=ADVANCED_FACE('',(#16716),#16718,.T.);
#16720=ORIENTED_EDGE('',*,*,#1587,.T.);
#16721=VECTOR('',#1679,1.);
#16722=LINE('',#1421,#16721);
#16723=EDGE_CURVE('',#1422,#15258,#16722,.T.);
#16724=ORIENTED_EDGE('',*,*,#16723,.T.);
#16725=ORIENTED_EDGE('',*,*,#15403,.F.);
#16726=ORIENTED_EDGE('',*,*,#16711,.F.);
#16727=EDGE_LOOP('',(#16720,#16724,#16725,#16726));
#16728=FACE_OUTER_BOUND('',#16727,.T.);
#16729=AXIS2_PLACEMENT_3D('',#1419,#3846,#3994);
#16730=PLANE('',#16729);
#16731=ADVANCED_FACE('',(#16728),#16730,.T.);
#16732=ORIENTED_EDGE('',*,*,#1591,.T.);
#16733=VECTOR('',#1679,1.);
#16734=LINE('',#1423,#16733);
#16735=EDGE_CURVE('',#1424,#15260,#16734,.T.);
#16736=ORIENTED_EDGE('',*,*,#16735,.T.);
#16737=ORIENTED_EDGE('',*,*,#15407,.F.);
#16738=ORIENTED_EDGE('',*,*,#16723,.F.);
#16739=EDGE_LOOP('',(#16732,#16736,#16737,#16738));
#16740=FACE_OUTER_BOUND('',#16739,.T.);
#16741=AXIS2_PLACEMENT_3D('',#1421,#1532,#4007);
#16742=PLANE('',#16741);
#16743=ADVANCED_FACE('',(#16740),#16742,.T.);
#16744=ORIENTED_EDGE('',*,*,#1595,.T.);
#16745=VECTOR('',#1679,1.);
#16746=LINE('',#1425,#16745);
#16747=EDGE_CURVE('',#1426,#15262,#16746,.T.);
#16748=ORIENTED_EDGE('',*,*,#16747,.T.);
#16749=ORIENTED_EDGE('',*,*,#15411,.F.);
#16750=ORIENTED_EDGE('',*,*,#16735,.F.);
#16751=EDGE_LOOP('',(#16744,#16748,#16749,#16750));
#16752=FACE_OUTER_BOUND('',#16751,.T.);
#16753=AXIS2_PLACEMENT_3D('',#1423,#1537,#4020);
#16754=PLANE('',#16753);
#16755=ADVANCED_FACE('',(#16752),#16754,.T.);
#16756=ORIENTED_EDGE('',*,*,#1599,.T.);
#16757=VECTOR('',#1679,1.);
#16758=LINE('',#1427,#16757);
#16759=EDGE_CURVE('',#1428,#15264,#16758,.T.);
#16760=ORIENTED_EDGE('',*,*,#16759,.T.);
#16761=ORIENTED_EDGE('',*,*,#15415,.F.);
#16762=ORIENTED_EDGE('',*,*,#16747,.F.);
#16763=EDGE_LOOP('',(#16756,#16760,#16761,#16762));
#16764=FACE_OUTER_BOUND('',#16763,.T.);
#16765=AXIS2_PLACEMENT_3D('',#1425,#1542,#4033);
#16766=PLANE('',#16765);
#16767=ADVANCED_FACE('',(#16764),#16766,.T.);
#16768=ORIENTED_EDGE('',*,*,#1603,.T.);
#16769=VECTOR('',#1679,1.);
#16770=LINE('',#1429,#16769);
#16771=EDGE_CURVE('',#1430,#15266,#16770,.T.);
#16772=ORIENTED_EDGE('',*,*,#16771,.T.);
#16773=ORIENTED_EDGE('',*,*,#15419,.F.);
#16774=ORIENTED_EDGE('',*,*,#16759,.F.);
#16775=EDGE_LOOP('',(#16768,#16772,#16773,#16774));
#16776=FACE_OUTER_BOUND('',#16775,.T.);
#16777=AXIS2_PLACEMENT_3D('',#1427,#1547,#4046);
#16778=PLANE('',#16777);
#16779=ADVANCED_FACE('',(#16776),#16778,.T.);
#16780=ORIENTED_EDGE('',*,*,#1607,.T.);
#16781=VECTOR('',#1679,1.);
#16782=LINE('',#1431,#16781);
#16783=EDGE_CURVE('',#1432,#15268,#16782,.T.);
#16784=ORIENTED_EDGE('',*,*,#16783,.T.);
#16785=ORIENTED_EDGE('',*,*,#15423,.F.);
#16786=ORIENTED_EDGE('',*,*,#16771,.F.);
#16787=EDGE_LOOP('',(#16780,#16784,#16785,#16786));
#16788=FACE_OUTER_BOUND('',#16787,.T.);
#16789=AXIS2_PLACEMENT_3D('',#1429,#1552,#4059);
#16790=PLANE('',#16789);
#16791=ADVANCED_FACE('',(#16788),#16790,.T.);
#16792=ORIENTED_EDGE('',*,*,#1611,.T.);
#16793=VECTOR('',#1679,1.);
#16794=LINE('',#1433,#16793);
#16795=EDGE_CURVE('',#1434,#15270,#16794,.T.);
#16796=ORIENTED_EDGE('',*,*,#16795,.T.);
#16797=ORIENTED_EDGE('',*,*,#15427,.F.);
#16798=ORIENTED_EDGE('',*,*,#16783,.F.);
#16799=EDGE_LOOP('',(#16792,#16796,#16797,#16798));
#16800=FACE_OUTER_BOUND('',#16799,.T.);
#16801=AXIS2_PLACEMENT_3D('',#1431,#1557,#4072);
#16802=PLANE('',#16801);
#16803=ADVANCED_FACE('',(#16800),#16802,.T.);
#16804=ORIENTED_EDGE('',*,*,#1615,.T.);
#16805=VECTOR('',#1679,1.);
#16806=LINE('',#1435,#16805);
#16807=EDGE_CURVE('',#1436,#15272,#16806,.T.);
#16808=ORIENTED_EDGE('',*,*,#16807,.T.);
#16809=ORIENTED_EDGE('',*,*,#15431,.F.);
#16810=ORIENTED_EDGE('',*,*,#16795,.F.);
#16811=EDGE_LOOP('',(#16804,#16808,#16809,#16810));
#16812=FACE_OUTER_BOUND('',#16811,.T.);
#16813=AXIS2_PLACEMENT_3D('',#1433,#3931,#4085);
#16814=PLANE('',#16813);
#16815=ADVANCED_FACE('',(#16812),#16814,.T.);
#16816=ORIENTED_EDGE('',*,*,#1619,.T.);
#16817=VECTOR('',#1679,1.);
#16818=LINE('',#1437,#16817);
#16819=EDGE_CURVE('',#1438,#15274,#16818,.T.);
#16820=ORIENTED_EDGE('',*,*,#16819,.T.);
#16821=ORIENTED_EDGE('',*,*,#15435,.F.);
#16822=ORIENTED_EDGE('',*,*,#16807,.F.);
#16823=EDGE_LOOP('',(#16816,#16820,#16821,#16822));
#16824=FACE_OUTER_BOUND('',#16823,.T.);
#16825=AXIS2_PLACEMENT_3D('',#1435,#386,#4098);
#16826=PLANE('',#16825);
#16827=ADVANCED_FACE('',(#16824),#16826,.T.);
#16828=ORIENTED_EDGE('',*,*,#1623,.T.);
#16829=VECTOR('',#1679,1.);
#16830=LINE('',#1439,#16829);
#16831=EDGE_CURVE('',#1440,#15276,#16830,.T.);
#16832=ORIENTED_EDGE('',*,*,#16831,.T.);
#16833=ORIENTED_EDGE('',*,*,#15439,.F.);
#16834=ORIENTED_EDGE('',*,*,#16819,.F.);
#16835=EDGE_LOOP('',(#16828,#16832,#16833,#16834));
#16836=FACE_OUTER_BOUND('',#16835,.T.);
#16837=AXIS2_PLACEMENT_3D('',#1437,#1571,#4111);
#16838=PLANE('',#16837);
#16839=ADVANCED_FACE('',(#16836),#16838,.T.);
#16840=ORIENTED_EDGE('',*,*,#1627,.T.);
#16841=VECTOR('',#1679,1.);
#16842=LINE('',#1441,#16841);
#16843=EDGE_CURVE('',#1442,#15278,#16842,.T.);
#16844=ORIENTED_EDGE('',*,*,#16843,.T.);
#16845=ORIENTED_EDGE('',*,*,#15443,.F.);
#16846=ORIENTED_EDGE('',*,*,#16831,.F.);
#16847=EDGE_LOOP('',(#16840,#16844,#16845,#16846));
#16848=FACE_OUTER_BOUND('',#16847,.T.);
#16849=AXIS2_PLACEMENT_3D('',#1439,#3968,#4124);
#16850=PLANE('',#16849);
#16851=ADVANCED_FACE('',(#16848),#16850,.T.);
#16852=ORIENTED_EDGE('',*,*,#1631,.T.);
#16853=VECTOR('',#1679,1.);
#16854=LINE('',#1443,#16853);
#16855=EDGE_CURVE('',#1444,#15280,#16854,.T.);
#16856=ORIENTED_EDGE('',*,*,#16855,.T.);
#16857=ORIENTED_EDGE('',*,*,#15447,.F.);
#16858=ORIENTED_EDGE('',*,*,#16843,.F.);
#16859=EDGE_LOOP('',(#16852,#16856,#16857,#16858));
#16860=FACE_OUTER_BOUND('',#16859,.T.);
#16861=AXIS2_PLACEMENT_3D('',#1441,#3981,#3677);
#16862=PLANE('',#16861);
#16863=ADVANCED_FACE('',(#16860),#16862,.T.);
#16864=ORIENTED_EDGE('',*,*,#1635,.T.);
#16865=VECTOR('',#1679,1.);
#16866=LINE('',#1445,#16865);
#16867=EDGE_CURVE('',#1446,#15282,#16866,.T.);
#16868=ORIENTED_EDGE('',*,*,#16867,.T.);
#16869=ORIENTED_EDGE('',*,*,#15451,.F.);
#16870=ORIENTED_EDGE('',*,*,#16855,.F.);
#16871=EDGE_LOOP('',(#16864,#16868,#16869,#16870));
#16872=FACE_OUTER_BOUND('',#16871,.T.);
#16873=AXIS2_PLACEMENT_3D('',#1443,#3994,#3690);
#16874=PLANE('',#16873);
#16875=ADVANCED_FACE('',(#16872),#16874,.T.);
#16876=ORIENTED_EDGE('',*,*,#1639,.T.);
#16877=VECTOR('',#1679,1.);
#16878=LINE('',#1447,#16877);
#16879=EDGE_CURVE('',#1448,#15284,#16878,.T.);
#16880=ORIENTED_EDGE('',*,*,#16879,.T.);
#16881=ORIENTED_EDGE('',*,*,#15455,.F.);
#16882=ORIENTED_EDGE('',*,*,#16867,.F.);
#16883=EDGE_LOOP('',(#16876,#16880,#16881,#16882));
#16884=FACE_OUTER_BOUND('',#16883,.T.);
#16885=AXIS2_PLACEMENT_3D('',#1445,#4007,#3704);
#16886=PLANE('',#16885);
#16887=ADVANCED_FACE('',(#16884),#16886,.T.);
#16888=ORIENTED_EDGE('',*,*,#1643,.T.);
#16889=VECTOR('',#1679,1.);
#16890=LINE('',#1449,#16889);
#16891=EDGE_CURVE('',#1450,#15286,#16890,.T.);
#16892=ORIENTED_EDGE('',*,*,#16891,.T.);
#16893=ORIENTED_EDGE('',*,*,#15459,.F.);
#16894=ORIENTED_EDGE('',*,*,#16879,.F.);
#16895=EDGE_LOOP('',(#16888,#16892,#16893,#16894));
#16896=FACE_OUTER_BOUND('',#16895,.T.);
#16897=AXIS2_PLACEMENT_3D('',#1447,#4020,#3717);
#16898=PLANE('',#16897);
#16899=ADVANCED_FACE('',(#16896),#16898,.T.);
#16900=ORIENTED_EDGE('',*,*,#1647,.T.);
#16901=VECTOR('',#1679,1.);
#16902=LINE('',#1451,#16901);
#16903=EDGE_CURVE('',#1452,#15288,#16902,.T.);
#16904=ORIENTED_EDGE('',*,*,#16903,.T.);
#16905=ORIENTED_EDGE('',*,*,#15463,.F.);
#16906=ORIENTED_EDGE('',*,*,#16891,.F.);
#16907=EDGE_LOOP('',(#16900,#16904,#16905,#16906));
#16908=FACE_OUTER_BOUND('',#16907,.T.);
#16909=AXIS2_PLACEMENT_3D('',#1449,#4033,#3730);
#16910=PLANE('',#16909);
#16911=ADVANCED_FACE('',(#16908),#16910,.T.);
#16912=ORIENTED_EDGE('',*,*,#1651,.T.);
#16913=VECTOR('',#1679,1.);
#16914=LINE('',#1453,#16913);
#16915=EDGE_CURVE('',#1454,#15290,#16914,.T.);
#16916=ORIENTED_EDGE('',*,*,#16915,.T.);
#16917=ORIENTED_EDGE('',*,*,#15467,.F.);
#16918=ORIENTED_EDGE('',*,*,#16903,.F.);
#16919=EDGE_LOOP('',(#16912,#16916,#16917,#16918));
#16920=FACE_OUTER_BOUND('',#16919,.T.);
#16921=AXIS2_PLACEMENT_3D('',#1451,#4046,#3743);
#16922=PLANE('',#16921);
#16923=ADVANCED_FACE('',(#16920),#16922,.T.);
#16924=ORIENTED_EDGE('',*,*,#1655,.T.);
#16925=VECTOR('',#1679,1.);
#16926=LINE('',#1455,#16925);
#16927=EDGE_CURVE('',#1456,#15292,#16926,.T.);
#16928=ORIENTED_EDGE('',*,*,#16927,.T.);
#16929=ORIENTED_EDGE('',*,*,#15471,.F.);
#16930=ORIENTED_EDGE('',*,*,#16915,.F.);
#16931=EDGE_LOOP('',(#16924,#16928,#16929,#16930));
#16932=FACE_OUTER_BOUND('',#16931,.T.);
#16933=AXIS2_PLACEMENT_3D('',#1453,#4059,#3756);
#16934=PLANE('',#16933);
#16935=ADVANCED_FACE('',(#16932),#16934,.T.);
#16936=ORIENTED_EDGE('',*,*,#1659,.T.);
#16937=VECTOR('',#1679,1.);
#16938=LINE('',#1457,#16937);
#16939=EDGE_CURVE('',#1458,#15294,#16938,.T.);
#16940=ORIENTED_EDGE('',*,*,#16939,.T.);
#16941=ORIENTED_EDGE('',*,*,#15475,.F.);
#16942=ORIENTED_EDGE('',*,*,#16927,.F.);
#16943=EDGE_LOOP('',(#16936,#16940,#16941,#16942));
#16944=FACE_OUTER_BOUND('',#16943,.T.);
#16945=AXIS2_PLACEMENT_3D('',#1455,#4072,#3769);
#16946=PLANE('',#16945);
#16947=ADVANCED_FACE('',(#16944),#16946,.T.);
#16948=ORIENTED_EDGE('',*,*,#1663,.T.);
#16949=VECTOR('',#1679,1.);
#16950=LINE('',#1459,#16949);
#16951=EDGE_CURVE('',#1460,#15296,#16950,.T.);
#16952=ORIENTED_EDGE('',*,*,#16951,.T.);
#16953=ORIENTED_EDGE('',*,*,#15479,.F.);
#16954=ORIENTED_EDGE('',*,*,#16939,.F.);
#16955=EDGE_LOOP('',(#16948,#16952,#16953,#16954));
#16956=FACE_OUTER_BOUND('',#16955,.T.);
#16957=AXIS2_PLACEMENT_3D('',#1457,#4085,#3782);
#16958=PLANE('',#16957);
#16959=ADVANCED_FACE('',(#16956),#16958,.T.);
#16960=ORIENTED_EDGE('',*,*,#1667,.T.);
#16961=VECTOR('',#1679,1.);
#16962=LINE('',#1461,#16961);
#16963=EDGE_CURVE('',#1462,#15298,#16962,.T.);
#16964=ORIENTED_EDGE('',*,*,#16963,.T.);
#16965=ORIENTED_EDGE('',*,*,#15483,.F.);
#16966=ORIENTED_EDGE('',*,*,#16951,.F.);
#16967=EDGE_LOOP('',(#16960,#16964,#16965,#16966));
#16968=FACE_OUTER_BOUND('',#16967,.T.);
#16969=AXIS2_PLACEMENT_3D('',#1459,#4098,#3796);
#16970=PLANE('',#16969);
#16971=ADVANCED_FACE('',(#16968),#16970,.T.);
#16972=ORIENTED_EDGE('',*,*,#1671,.T.);
#16973=VECTOR('',#1679,1.);
#16974=LINE('',#1463,#16973);
#16975=EDGE_CURVE('',#1464,#15300,#16974,.T.);
#16976=ORIENTED_EDGE('',*,*,#16975,.T.);
#16977=ORIENTED_EDGE('',*,*,#15487,.F.);
#16978=ORIENTED_EDGE('',*,*,#16963,.F.);
#16979=EDGE_LOOP('',(#16972,#16976,#16977,#16978));
#16980=FACE_OUTER_BOUND('',#16979,.T.);
#16981=AXIS2_PLACEMENT_3D('',#1461,#4111,#3809);
#16982=PLANE('',#16981);
#16983=ADVANCED_FACE('',(#16980),#16982,.T.);
#16984=ORIENTED_EDGE('',*,*,#1675,.F.);
#16985=ORIENTED_EDGE('',*,*,#16425,.T.);
#16986=ORIENTED_EDGE('',*,*,#15491,.T.);
#16987=ORIENTED_EDGE('',*,*,#16975,.F.);
#16988=EDGE_LOOP('',(#16984,#16985,#16986,#16987));
#16989=FACE_OUTER_BOUND('',#16988,.T.);
#16990=AXIS2_PLACEMENT_3D('',#1463,#4124,#1576);
#16991=PLANE('',#16990);
#16992=ADVANCED_FACE('',(#16989),#16991,.T.);
#16993=CLOSED_SHELL('',(#15497,#15840,#15855,#15867,#15879,#15891,#15903,#15915,#15927,#15939,#15951,#15963,#15975,#15987,#15999,#16011,#16023,#16035,#16047,#16059,#16071,#16083,#16095,#16107,#16119,#16131,#16143,#16155,#16167,#16179,#16191,#16203,#16215,#16227,#16239,#16251,#16263,#16275,#16287,#16299,#16311,#16323,#16335,#16347,#16359,#16371,#16383,#16395,#16407,#16416,#16431,#16443,#16455,#16467,#16479,#16491,#16503,#16515,#16527,#16539,#16551,#16563,#16575,#16587,#16599,#16611,#16623,#16635,#16647,#16659,#16671,#16683,#16695,#16707,#16719,#16731,#16743,#16755,#16767,#16779,#16791,#16803,#16815,#16827,#16839,#16851,#16863,#16875,#16887,#16899,#16911,#16923,#16935,#16947,#16959,#16971,#16983,#16992));
#16994=MANIFOLD_SOLID_BREP('barrel',#16993);
#16995=APPLICATION_CONTEXT('automotive design');
#16996=APPLICATION_PROTOCOL_DEFINITION('international standard','automotive_design',2000,#16995);
#16997=PRODUCT_CONTEXT('',#16995,'mechanical');
#16998=PRODUCT('camera_lens_holder','camera_lens_holder','M12x0.5 lens holder for LauPythonCamera_Pt_Stack',(#16997));
#16999=PRODUCT_DEFINITION_FORMATION('','',#16998);
#17000=PRODUCT_DEFINITION_CONTEXT('part definition',#16995,'design');
#17001=PRODUCT_DEFINITION('design','',#16999,#17000);
#17002=PRODUCT_DEFINITION_SHAPE('','',#17001);
#17003=PRODUCT_RELATED_PRODUCT_CATEGORY('part','',(#16998));
#17004=(LENGTH_UNIT()NAMED_UNIT(*)SI_UNIT(.MILLI.,.METRE.));
#17005=(NAMED_UNIT(*)PLANE_ANGLE_UNIT()SI_UNIT($,.RADIAN.));
#17006=(NAMED_UNIT(*)SI_UNIT($,.STERADIAN.)SOLID_ANGLE_UNIT());
#17007=UNCERTAINTY_MEASURE_WITH_UNIT(LENGTH_MEASURE(1.E-07),#17004,'distance_accuracy_value','confusion accuracy');
#17008=(GEOMETRIC_REPRESENTATION_CONTEXT(3)GLOBAL_UNCERTAINTY_ASSIGNED_CONTEXT((#17007))GLOBAL_UNIT_ASSIGNED_CONTEXT((#17004,#17005,#17006))REPRESENTATION_CONTEXT('',''));
#17009=CARTESIAN_POINT('',(0.,0.,0.));
#17010=AXIS2_PLACEMENT_3D('',#17009,#1679,#122);
#17011=ADVANCED_BREP_SHAPE_REPRESENTATION('camera_lens_holder',(#17010,#6574,#8670,#10750,#12830,#14910,#16994),#17008);
#17012=SHAPE_DEFINITION_REPRESENTATION(#17002,#17011);
#17013=COLOUR_RGB('plate',0.35,0.37,0.4);
#17014=FILL_AREA_STYLE_COLOUR('',#17013);
#17015=FILL_AREA_STYLE('',(#17014));
#17016=SURFACE_STYLE_FILL_AREA(#17015);
#17017=SURFACE_SIDE_STYLE('',(#17016));
#17018=SURFACE_STYLE_USAGE(.BOTH.,#17017);
#17019=PRESENTATION_STYLE_ASSIGNMENT((#17018));
#17020=STYLED_ITEM('colour',(#17019),#6574);
#17021=COLOUR_RGB('post1',0.3,0.32,0.35);
#17022=FILL_AREA_STYLE_COLOUR('',#17021);
#17023=FILL_AREA_STYLE('',(#17022));
#17024=SURFACE_STYLE_FILL_AREA(#17023);
#17025=SURFACE_SIDE_STYLE('',(#17024));
#17026=SURFACE_STYLE_USAGE(.BOTH.,#17025);
#17027=PRESENTATION_STYLE_ASSIGNMENT((#17026));
#17028=STYLED_ITEM('colour',(#17027),#8670);
#17029=COLOUR_RGB('post2',0.3,0.32,0.35);
#17030=FILL_AREA_STYLE_COLOUR('',#17029);
#17031=FILL_AREA_STYLE('',(#17030));
#17032=SURFACE_STYLE_FILL_AREA(#17031);
#17033=SURFACE_SIDE_STYLE('',(#17032));
#17034=SURFACE_STYLE_USAGE(.BOTH.,#17033);
#17035=PRESENTATION_STYLE_ASSIGNMENT((#17034));
#17036=STYLED_ITEM('colour',(#17035),#10750);
#17037=COLOUR_RGB('post3',0.3,0.32,0.35);
#17038=FILL_AREA_STYLE_COLOUR('',#17037);
#17039=FILL_AREA_STYLE('',(#17038));
#17040=SURFACE_STYLE_FILL_AREA(#17039);
#17041=SURFACE_SIDE_STYLE('',(#17040));
#17042=SURFACE_STYLE_USAGE(.BOTH.,#17041);
#17043=PRESENTATION_STYLE_ASSIGNMENT((#17042));
#17044=STYLED_ITEM('colour',(#17043),#12830);
#17045=COLOUR_RGB('post4',0.3,0.32,0.35);
#17046=FILL_AREA_STYLE_COLOUR('',#17045);
#17047=FILL_AREA_STYLE('',(#17046));
#17048=SURFACE_STYLE_FILL_AREA(#17047);
#17049=SURFACE_SIDE_STYLE('',(#17048));
#17050=SURFACE_STYLE_USAGE(.BOTH.,#17049);
#17051=PRESENTATION_STYLE_ASSIGNMENT((#17050));
#17052=STYLED_ITEM('colour',(#17051),#14910);
#17053=COLOUR_RGB('barrel',0.35,0.37,0.4);
#17054=FILL_AREA_STYLE_COLOUR('',#17053);
#17055=FILL_AREA_STYLE('',(#17054));
#17056=SURFACE_STYLE_FILL_AREA(#17055);
#17057=SURFACE_SIDE_STYLE('',(#17056));
#17058=SURFACE_STYLE_USAGE(.BOTH.,#17057);
#17059=PRESENTATION_STYLE_ASSIGNMENT((#17058));
#17060=STYLED_ITEM('colour',(#17059),#16994);
#17061=MECHANICAL_DESIGN_GEOMETRIC_PRESENTATION_REPRESENTATION('',(#17020,#17028,#17036,#17044,#17052,#17060),#17008);
ENDSEC;
END-ISO-10303-21;
