ISO-10303-21;
HEADER;
FILE_DESCRIPTION(('Andon 680-48-SM contact tile, iteration 0'),'2;1');
FILE_NAME('camera_socket_tile','2026-08-07T00:00:00',('AuV2-SLI'),('University of Kentucky'),'gen_socket_tile.py','gen_socket_tile.py','');
FILE_SCHEMA(('AUTOMOTIVE_DESIGN { 1 0 10303 214 1 1 1 1 }'));
ENDSEC;
DATA;
#1=CARTESIAN_POINT('',(9.376,-10.176,4.4));
#2=VERTEX_POINT('',#1);
#3=CARTESIAN_POINT('',(9.58305524,-10.1487407,4.4));
#4=VERTEX_POINT('',#3);
#5=CARTESIAN_POINT('',(9.776,-10.0688203,4.4));
#6=VERTEX_POINT('',#5);
#7=CARTESIAN_POINT('',(9.94168542,-9.94168542,4.4));
#8=VERTEX_POINT('',#7);
#9=CARTESIAN_POINT('',(10.0688203,-9.776,4.4));
#10=VERTEX_POINT('',#9);
#11=CARTESIAN_POINT('',(10.1487407,-9.58305524,4.4));
#12=VERTEX_POINT('',#11);
#13=CARTESIAN_POINT('',(10.176,-9.376,4.4));
#14=VERTEX_POINT('',#13);
#15=CARTESIAN_POINT('',(10.176,9.376,4.4));
#16=VERTEX_POINT('',#15);
#17=CARTESIAN_POINT('',(10.1487407,9.58305524,4.4));
#18=VERTEX_POINT('',#17);
#19=CARTESIAN_POINT('',(10.0688203,9.776,4.4));
#20=VERTEX_POINT('',#19);
#21=CARTESIAN_POINT('',(9.94168542,9.94168542,4.4));
#22=VERTEX_POINT('',#21);
#23=CARTESIAN_POINT('',(9.776,10.0688203,4.4));
#24=VERTEX_POINT('',#23);
#25=CARTESIAN_POINT('',(9.58305524,10.1487407,4.4));
#26=VERTEX_POINT('',#25);
#27=CARTESIAN_POINT('',(9.376,10.176,4.4));
#28=VERTEX_POINT('',#27);
#29=CARTESIAN_POINT('',(-9.376,10.176,4.4));
#30=VERTEX_POINT('',#29);
#31=CARTESIAN_POINT('',(-9.58305524,10.1487407,4.4));
#32=VERTEX_POINT('',#31);
#33=CARTESIAN_POINT('',(-9.776,10.0688203,4.4));
#34=VERTEX_POINT('',#33);
#35=CARTESIAN_POINT('',(-9.94168542,9.94168542,4.4));
#36=VERTEX_POINT('',#35);
#37=CARTESIAN_POINT('',(-10.0688203,9.776,4.4));
#38=VERTEX_POINT('',#37);
#39=CARTESIAN_POINT('',(-10.1487407,9.58305524,4.4));
#40=VERTEX_POINT('',#39);
#41=CARTESIAN_POINT('',(-10.176,9.376,4.4));
#42=VERTEX_POINT('',#41);
#43=CARTESIAN_POINT('',(-10.176,-9.376,4.4));
#44=VERTEX_POINT('',#43);
#45=CARTESIAN_POINT('',(-10.1487407,-9.58305524,4.4));
#46=VERTEX_POINT('',#45);
#47=CARTESIAN_POINT('',(-10.0688203,-9.776,4.4));
#48=VERTEX_POINT('',#47);
#49=CARTESIAN_POINT('',(-9.94168542,-9.94168542,4.4));
#50=VERTEX_POINT('',#49);
#51=CARTESIAN_POINT('',(-9.776,-10.0688203,4.4));
#52=VERTEX_POINT('',#51);
#53=CARTESIAN_POINT('',(-9.58305524,-10.1487407,4.4));
#54=VERTEX_POINT('',#53);
#55=CARTESIAN_POINT('',(-9.376,-10.176,4.4));
#56=VERTEX_POINT('',#55);
#57=DIRECTION('',(0.991444861,0.130526192,0.));
#58=VECTOR('',#57,1.);
#59=LINE('',#1,#58);
#60=EDGE_CURVE('',#2,#4,#59,.T.);
#61=ORIENTED_EDGE('',*,*,#60,.T.);
#62=DIRECTION('',(0.923879533,0.382683432,0.));
#63=VECTOR('',#62,1.);
#64=LINE('',#3,#63);
#65=EDGE_CURVE('',#4,#6,#64,.T.);
#66=ORIENTED_EDGE('',*,*,#65,.T.);
#67=DIRECTION('',(0.793353341,0.608761429,0.));
#68=VECTOR('',#67,1.);
#69=LINE('',#5,#68);
#70=EDGE_CURVE('',#6,#8,#69,.T.);
#71=ORIENTED_EDGE('',*,*,#70,.T.);
#72=DIRECTION('',(0.608761429,0.793353341,0.));
#73=VECTOR('',#72,1.);
#74=LINE('',#7,#73);
#75=EDGE_CURVE('',#8,#10,#74,.T.);
#76=ORIENTED_EDGE('',*,*,#75,.T.);
#77=DIRECTION('',(0.382683432,0.923879533,0.));
#78=VECTOR('',#77,1.);
#79=LINE('',#9,#78);
#80=EDGE_CURVE('',#10,#12,#79,.T.);
#81=ORIENTED_EDGE('',*,*,#80,.T.);
#82=DIRECTION('',(0.130526192,0.991444861,0.));
#83=VECTOR('',#82,1.);
#84=LINE('',#11,#83);
#85=EDGE_CURVE('',#12,#14,#84,.T.);
#86=ORIENTED_EDGE('',*,*,#85,.T.);
#87=DIRECTION('',(0.,1.,0.));
#88=VECTOR('',#87,1.);
#89=LINE('',#13,#88);
#90=EDGE_CURVE('',#14,#16,#89,.T.);
#91=ORIENTED_EDGE('',*,*,#90,.T.);
#92=DIRECTION('',(0.130526192,-0.991444861,0.));
#93=VECTOR('',#92,1.);
#94=LINE('',#17,#93);
#95=EDGE_CURVE('',#18,#16,#94,.T.);
#96=ORIENTED_EDGE('',*,*,#95,.F.);
#97=DIRECTION('',(0.382683432,-0.923879533,0.));
#98=VECTOR('',#97,1.);
#99=LINE('',#19,#98);
#100=EDGE_CURVE('',#20,#18,#99,.T.);
#101=ORIENTED_EDGE('',*,*,#100,.F.);
#102=DIRECTION('',(0.608761429,-0.793353341,0.));
#103=VECTOR('',#102,1.);
#104=LINE('',#21,#103);
#105=EDGE_CURVE('',#22,#20,#104,.T.);
#106=ORIENTED_EDGE('',*,*,#105,.F.);
#107=DIRECTION('',(0.793353341,-0.608761429,0.));
#108=VECTOR('',#107,1.);
#109=LINE('',#23,#108);
#110=EDGE_CURVE('',#24,#22,#109,.T.);
#111=ORIENTED_EDGE('',*,*,#110,.F.);
#112=DIRECTION('',(0.923879533,-0.382683432,0.));
#113=VECTOR('',#112,1.);
#114=LINE('',#25,#113);
#115=EDGE_CURVE('',#26,#24,#114,.T.);
#116=ORIENTED_EDGE('',*,*,#115,.F.);
#117=DIRECTION('',(0.991444861,-0.130526192,0.));
#118=VECTOR('',#117,1.);
#119=LINE('',#27,#118);
#120=EDGE_CURVE('',#28,#26,#119,.T.);
#121=ORIENTED_EDGE('',*,*,#120,.F.);
#122=DIRECTION('',(1.,0.,0.));
#123=VECTOR('',#122,1.);
#124=LINE('',#29,#123);
#125=EDGE_CURVE('',#30,#28,#124,.T.);
#126=ORIENTED_EDGE('',*,*,#125,.F.);
#127=VECTOR('',#57,1.);
#128=LINE('',#31,#127);
#129=EDGE_CURVE('',#32,#30,#128,.T.);
#130=ORIENTED_EDGE('',*,*,#129,.F.);
#131=VECTOR('',#62,1.);
#132=LINE('',#33,#131);
#133=EDGE_CURVE('',#34,#32,#132,.T.);
#134=ORIENTED_EDGE('',*,*,#133,.F.);
#135=VECTOR('',#67,1.);
#136=LINE('',#35,#135);
#137=EDGE_CURVE('',#36,#34,#136,.T.);
#138=ORIENTED_EDGE('',*,*,#137,.F.);
#139=VECTOR('',#72,1.);
#140=LINE('',#37,#139);
#141=EDGE_CURVE('',#38,#36,#140,.T.);
#142=ORIENTED_EDGE('',*,*,#141,.F.);
#143=VECTOR('',#77,1.);
#144=LINE('',#39,#143);
#145=EDGE_CURVE('',#40,#38,#144,.T.);
#146=ORIENTED_EDGE('',*,*,#145,.F.);
#147=VECTOR('',#82,1.);
#148=LINE('',#41,#147);
#149=EDGE_CURVE('',#42,#40,#148,.T.);
#150=ORIENTED_EDGE('',*,*,#149,.F.);
#151=VECTOR('',#87,1.);
#152=LINE('',#43,#151);
#153=EDGE_CURVE('',#44,#42,#152,.T.);
#154=ORIENTED_EDGE('',*,*,#153,.F.);
#155=VECTOR('',#92,1.);
#156=LINE('',#43,#155);
#157=EDGE_CURVE('',#44,#46,#156,.T.);
#158=ORIENTED_EDGE('',*,*,#157,.T.);
#159=VECTOR('',#97,1.);
#160=LINE('',#45,#159);
#161=EDGE_CURVE('',#46,#48,#160,.T.);
#162=ORIENTED_EDGE('',*,*,#161,.T.);
#163=VECTOR('',#102,1.);
#164=LINE('',#47,#163);
#165=EDGE_CURVE('',#48,#50,#164,.T.);
#166=ORIENTED_EDGE('',*,*,#165,.T.);
#167=VECTOR('',#107,1.);
#168=LINE('',#49,#167);
#169=EDGE_CURVE('',#50,#52,#168,.T.);
#170=ORIENTED_EDGE('',*,*,#169,.T.);
#171=VECTOR('',#112,1.);
#172=LINE('',#51,#171);
#173=EDGE_CURVE('',#52,#54,#172,.T.);
#174=ORIENTED_EDGE('',*,*,#173,.T.);
#175=VECTOR('',#117,1.);
#176=LINE('',#53,#175);
#177=EDGE_CURVE('',#54,#56,#176,.T.);
#178=ORIENTED_EDGE('',*,*,#177,.T.);
#179=VECTOR('',#122,1.);
#180=LINE('',#55,#179);
#181=EDGE_CURVE('',#56,#2,#180,.T.);
#182=ORIENTED_EDGE('',*,*,#181,.T.);
#183=EDGE_LOOP('',(#61,#66,#71,#76,#81,#86,#91,#96,#101,#106,#111,#116,#121,#126,#130,#134,#138,#142,#146,#150,#154,#158,#162,#166,#170,#174,#178,#182));
#184=FACE_OUTER_BOUND('',#183,.T.);
#185=CARTESIAN_POINT('',(-7.10352762,-7.38637033,4.4));
#186=VERTEX_POINT('',#185);
#187=CARTESIAN_POINT('',(-7.2,-7.34641016,4.4));
#188=VERTEX_POINT('',#187);
#189=CARTESIAN_POINT('',(-7.28284271,-7.28284271,4.4));
#190=VERTEX_POINT('',#189);
#191=CARTESIAN_POINT('',(-7.34641016,-7.2,4.4));
#192=VERTEX_POINT('',#191);
#193=CARTESIAN_POINT('',(-7.38637033,-7.10352762,4.4));
#194=VERTEX_POINT('',#193);
#195=CARTESIAN_POINT('',(-7.4,-7.,4.4));
#196=VERTEX_POINT('',#195);
#197=CARTESIAN_POINT('',(-7.4,-5.843,4.4));
#198=VERTEX_POINT('',#197);
#199=CARTESIAN_POINT('',(-7.8,-5.843,4.4));
#200=VERTEX_POINT('',#199);
#201=CARTESIAN_POINT('',(-7.8,-5.333,4.4));
#202=VERTEX_POINT('',#201);
#203=CARTESIAN_POINT('',(-7.4,-5.333,4.4));
#204=VERTEX_POINT('',#203);
#205=CARTESIAN_POINT('',(-7.4,-4.827,4.4));
#206=VERTEX_POINT('',#205);
#207=CARTESIAN_POINT('',(-7.8,-4.827,4.4));
#208=VERTEX_POINT('',#207);
#209=CARTESIAN_POINT('',(-7.8,-4.317,4.4));
#210=VERTEX_POINT('',#209);
#211=CARTESIAN_POINT('',(-7.4,-4.317,4.4));
#212=VERTEX_POINT('',#211);
#213=CARTESIAN_POINT('',(-7.4,-3.811,4.4));
#214=VERTEX_POINT('',#213);
#215=CARTESIAN_POINT('',(-7.8,-3.811,4.4));
#216=VERTEX_POINT('',#215);
#217=CARTESIAN_POINT('',(-7.8,-3.301,4.4));
#218=VERTEX_POINT('',#217);
#219=CARTESIAN_POINT('',(-7.4,-3.301,4.4));
#220=VERTEX_POINT('',#219);
#221=CARTESIAN_POINT('',(-7.4,-2.795,4.4));
#222=VERTEX_POINT('',#221);
#223=CARTESIAN_POINT('',(-7.8,-2.795,4.4));
#224=VERTEX_POINT('',#223);
#225=CARTESIAN_POINT('',(-7.8,-2.285,4.4));
#226=VERTEX_POINT('',#225);
#227=CARTESIAN_POINT('',(-7.4,-2.285,4.4));
#228=VERTEX_POINT('',#227);
#229=CARTESIAN_POINT('',(-7.4,-1.779,4.4));
#230=VERTEX_POINT('',#229);
#231=CARTESIAN_POINT('',(-7.8,-1.779,4.4));
#232=VERTEX_POINT('',#231);
#233=CARTESIAN_POINT('',(-7.8,-1.269,4.4));
#234=VERTEX_POINT('',#233);
#235=CARTESIAN_POINT('',(-7.4,-1.269,4.4));
#236=VERTEX_POINT('',#235);
#237=CARTESIAN_POINT('',(-7.4,-0.763,4.4));
#238=VERTEX_POINT('',#237);
#239=CARTESIAN_POINT('',(-7.8,-0.763,4.4));
#240=VERTEX_POINT('',#239);
#241=CARTESIAN_POINT('',(-7.8,-0.253,4.4));
#242=VERTEX_POINT('',#241);
#243=CARTESIAN_POINT('',(-7.4,-0.253,4.4));
#244=VERTEX_POINT('',#243);
#245=CARTESIAN_POINT('',(-7.4,0.253,4.4));
#246=VERTEX_POINT('',#245);
#247=CARTESIAN_POINT('',(-7.8,0.253,4.4));
#248=VERTEX_POINT('',#247);
#249=CARTESIAN_POINT('',(-7.8,0.763,4.4));
#250=VERTEX_POINT('',#249);
#251=CARTESIAN_POINT('',(-7.4,0.763,4.4));
#252=VERTEX_POINT('',#251);
#253=CARTESIAN_POINT('',(-7.4,1.269,4.4));
#254=VERTEX_POINT('',#253);
#255=CARTESIAN_POINT('',(-7.8,1.269,4.4));
#256=VERTEX_POINT('',#255);
#257=CARTESIAN_POINT('',(-7.8,1.779,4.4));
#258=VERTEX_POINT('',#257);
#259=CARTESIAN_POINT('',(-7.4,1.779,4.4));
#260=VERTEX_POINT('',#259);
#261=CARTESIAN_POINT('',(-7.4,2.285,4.4));
#262=VERTEX_POINT('',#261);
#263=CARTESIAN_POINT('',(-7.8,2.285,4.4));
#264=VERTEX_POINT('',#263);
#265=CARTESIAN_POINT('',(-7.8,2.795,4.4));
#266=VERTEX_POINT('',#265);
#267=CARTESIAN_POINT('',(-7.4,2.795,4.4));
#268=VERTEX_POINT('',#267);
#269=CARTESIAN_POINT('',(-7.4,3.301,4.4));
#270=VERTEX_POINT('',#269);
#271=CARTESIAN_POINT('',(-7.8,3.301,4.4));
#272=VERTEX_POINT('',#271);
#273=CARTESIAN_POINT('',(-7.8,3.811,4.4));
#274=VERTEX_POINT('',#273);
#275=CARTESIAN_POINT('',(-7.4,3.811,4.4));
#276=VERTEX_POINT('',#275);
#277=CARTESIAN_POINT('',(-7.4,4.317,4.4));
#278=VERTEX_POINT('',#277);
#279=CARTESIAN_POINT('',(-7.8,4.317,4.4));
#280=VERTEX_POINT('',#279);
#281=CARTESIAN_POINT('',(-7.8,4.827,4.4));
#282=VERTEX_POINT('',#281);
#283=CARTESIAN_POINT('',(-7.4,4.827,4.4));
#284=VERTEX_POINT('',#283);
#285=CARTESIAN_POINT('',(-7.4,5.333,4.4));
#286=VERTEX_POINT('',#285);
#287=CARTESIAN_POINT('',(-7.8,5.333,4.4));
#288=VERTEX_POINT('',#287);
#289=CARTESIAN_POINT('',(-7.8,5.843,4.4));
#290=VERTEX_POINT('',#289);
#291=CARTESIAN_POINT('',(-7.4,5.843,4.4));
#292=VERTEX_POINT('',#291);
#293=CARTESIAN_POINT('',(-7.4,7.,4.4));
#294=VERTEX_POINT('',#293);
#295=CARTESIAN_POINT('',(-7.38637033,7.10352762,4.4));
#296=VERTEX_POINT('',#295);
#297=CARTESIAN_POINT('',(-7.34641016,7.2,4.4));
#298=VERTEX_POINT('',#297);
#299=CARTESIAN_POINT('',(-7.28284271,7.28284271,4.4));
#300=VERTEX_POINT('',#299);
#301=CARTESIAN_POINT('',(-7.2,7.34641016,4.4));
#302=VERTEX_POINT('',#301);
#303=CARTESIAN_POINT('',(-7.10352762,7.38637033,4.4));
#304=VERTEX_POINT('',#303);
#305=CARTESIAN_POINT('',(-7.,7.4,4.4));
#306=VERTEX_POINT('',#305);
#307=CARTESIAN_POINT('',(-5.843,7.4,4.4));
#308=VERTEX_POINT('',#307);
#309=CARTESIAN_POINT('',(-5.843,7.8,4.4));
#310=VERTEX_POINT('',#309);
#311=CARTESIAN_POINT('',(-5.333,7.8,4.4));
#312=VERTEX_POINT('',#311);
#313=CARTESIAN_POINT('',(-5.333,7.4,4.4));
#314=VERTEX_POINT('',#313);
#315=CARTESIAN_POINT('',(-4.827,7.4,4.4));
#316=VERTEX_POINT('',#315);
#317=CARTESIAN_POINT('',(-4.827,7.8,4.4));
#318=VERTEX_POINT('',#317);
#319=CARTESIAN_POINT('',(-4.317,7.8,4.4));
#320=VERTEX_POINT('',#319);
#321=CARTESIAN_POINT('',(-4.317,7.4,4.4));
#322=VERTEX_POINT('',#321);
#323=CARTESIAN_POINT('',(-3.811,7.4,4.4));
#324=VERTEX_POINT('',#323);
#325=CARTESIAN_POINT('',(-3.811,7.8,4.4));
#326=VERTEX_POINT('',#325);
#327=CARTESIAN_POINT('',(-3.301,7.8,4.4));
#328=VERTEX_POINT('',#327);
#329=CARTESIAN_POINT('',(-3.301,7.4,4.4));
#330=VERTEX_POINT('',#329);
#331=CARTESIAN_POINT('',(-2.795,7.4,4.4));
#332=VERTEX_POINT('',#331);
#333=CARTESIAN_POINT('',(-2.795,7.8,4.4));
#334=VERTEX_POINT('',#333);
#335=CARTESIAN_POINT('',(-2.285,7.8,4.4));
#336=VERTEX_POINT('',#335);
#337=CARTESIAN_POINT('',(-2.285,7.4,4.4));
#338=VERTEX_POINT('',#337);
#339=CARTESIAN_POINT('',(-1.779,7.4,4.4));
#340=VERTEX_POINT('',#339);
#341=CARTESIAN_POINT('',(-1.779,7.8,4.4));
#342=VERTEX_POINT('',#341);
#343=CARTESIAN_POINT('',(-1.269,7.8,4.4));
#344=VERTEX_POINT('',#343);
#345=CARTESIAN_POINT('',(-1.269,7.4,4.4));
#346=VERTEX_POINT('',#345);
#347=CARTESIAN_POINT('',(-0.763,7.4,4.4));
#348=VERTEX_POINT('',#347);
#349=CARTESIAN_POINT('',(-0.763,7.8,4.4));
#350=VERTEX_POINT('',#349);
#351=CARTESIAN_POINT('',(-0.253,7.8,4.4));
#352=VERTEX_POINT('',#351);
#353=CARTESIAN_POINT('',(-0.253,7.4,4.4));
#354=VERTEX_POINT('',#353);
#355=CARTESIAN_POINT('',(0.253,7.4,4.4));
#356=VERTEX_POINT('',#355);
#357=CARTESIAN_POINT('',(0.253,7.8,4.4));
#358=VERTEX_POINT('',#357);
#359=CARTESIAN_POINT('',(0.763,7.8,4.4));
#360=VERTEX_POINT('',#359);
#361=CARTESIAN_POINT('',(0.763,7.4,4.4));
#362=VERTEX_POINT('',#361);
#363=CARTESIAN_POINT('',(1.269,7.4,4.4));
#364=VERTEX_POINT('',#363);
#365=CARTESIAN_POINT('',(1.269,7.8,4.4));
#366=VERTEX_POINT('',#365);
#367=CARTESIAN_POINT('',(1.779,7.8,4.4));
#368=VERTEX_POINT('',#367);
#369=CARTESIAN_POINT('',(1.779,7.4,4.4));
#370=VERTEX_POINT('',#369);
#371=CARTESIAN_POINT('',(2.285,7.4,4.4));
#372=VERTEX_POINT('',#371);
#373=CARTESIAN_POINT('',(2.285,7.8,4.4));
#374=VERTEX_POINT('',#373);
#375=CARTESIAN_POINT('',(2.795,7.8,4.4));
#376=VERTEX_POINT('',#375);
#377=CARTESIAN_POINT('',(2.795,7.4,4.4));
#378=VERTEX_POINT('',#377);
#379=CARTESIAN_POINT('',(3.301,7.4,4.4));
#380=VERTEX_POINT('',#379);
#381=CARTESIAN_POINT('',(3.301,7.8,4.4));
#382=VERTEX_POINT('',#381);
#383=CARTESIAN_POINT('',(3.811,7.8,4.4));
#384=VERTEX_POINT('',#383);
#385=CARTESIAN_POINT('',(3.811,7.4,4.4));
#386=VERTEX_POINT('',#385);
#387=CARTESIAN_POINT('',(4.317,7.4,4.4));
#388=VERTEX_POINT('',#387);
#389=CARTESIAN_POINT('',(4.317,7.8,4.4));
#390=VERTEX_POINT('',#389);
#391=CARTESIAN_POINT('',(4.827,7.8,4.4));
#392=VERTEX_POINT('',#391);
#393=CARTESIAN_POINT('',(4.827,7.4,4.4));
#394=VERTEX_POINT('',#393);
#395=CARTESIAN_POINT('',(5.333,7.4,4.4));
#396=VERTEX_POINT('',#395);
#397=CARTESIAN_POINT('',(5.333,7.8,4.4));
#398=VERTEX_POINT('',#397);
#399=CARTESIAN_POINT('',(5.843,7.8,4.4));
#400=VERTEX_POINT('',#399);
#401=CARTESIAN_POINT('',(5.843,7.4,4.4));
#402=VERTEX_POINT('',#401);
#403=CARTESIAN_POINT('',(7.,7.4,4.4));
#404=VERTEX_POINT('',#403);
#405=CARTESIAN_POINT('',(7.10352762,7.38637033,4.4));
#406=VERTEX_POINT('',#405);
#407=CARTESIAN_POINT('',(7.2,7.34641016,4.4));
#408=VERTEX_POINT('',#407);
#409=CARTESIAN_POINT('',(7.28284271,7.28284271,4.4));
#410=VERTEX_POINT('',#409);
#411=CARTESIAN_POINT('',(7.34641016,7.2,4.4));
#412=VERTEX_POINT('',#411);
#413=CARTESIAN_POINT('',(7.38637033,7.10352762,4.4));
#414=VERTEX_POINT('',#413);
#415=CARTESIAN_POINT('',(7.4,7.,4.4));
#416=VERTEX_POINT('',#415);
#417=CARTESIAN_POINT('',(7.4,5.843,4.4));
#418=VERTEX_POINT('',#417);
#419=CARTESIAN_POINT('',(7.8,5.843,4.4));
#420=VERTEX_POINT('',#419);
#421=CARTESIAN_POINT('',(7.8,5.333,4.4));
#422=VERTEX_POINT('',#421);
#423=CARTESIAN_POINT('',(7.4,5.333,4.4));
#424=VERTEX_POINT('',#423);
#425=CARTESIAN_POINT('',(7.4,4.827,4.4));
#426=VERTEX_POINT('',#425);
#427=CARTESIAN_POINT('',(7.8,4.827,4.4));
#428=VERTEX_POINT('',#427);
#429=CARTESIAN_POINT('',(7.8,4.317,4.4));
#430=VERTEX_POINT('',#429);
#431=CARTESIAN_POINT('',(7.4,4.317,4.4));
#432=VERTEX_POINT('',#431);
#433=CARTESIAN_POINT('',(7.4,3.811,4.4));
#434=VERTEX_POINT('',#433);
#435=CARTESIAN_POINT('',(7.8,3.811,4.4));
#436=VERTEX_POINT('',#435);
#437=CARTESIAN_POINT('',(7.8,3.301,4.4));
#438=VERTEX_POINT('',#437);
#439=CARTESIAN_POINT('',(7.4,3.301,4.4));
#440=VERTEX_POINT('',#439);
#441=CARTESIAN_POINT('',(7.4,2.795,4.4));
#442=VERTEX_POINT('',#441);
#443=CARTESIAN_POINT('',(7.8,2.795,4.4));
#444=VERTEX_POINT('',#443);
#445=CARTESIAN_POINT('',(7.8,2.285,4.4));
#446=VERTEX_POINT('',#445);
#447=CARTESIAN_POINT('',(7.4,2.285,4.4));
#448=VERTEX_POINT('',#447);
#449=CARTESIAN_POINT('',(7.4,1.779,4.4));
#450=VERTEX_POINT('',#449);
#451=CARTESIAN_POINT('',(7.8,1.779,4.4));
#452=VERTEX_POINT('',#451);
#453=CARTESIAN_POINT('',(7.8,1.269,4.4));
#454=VERTEX_POINT('',#453);
#455=CARTESIAN_POINT('',(7.4,1.269,4.4));
#456=VERTEX_POINT('',#455);
#457=CARTESIAN_POINT('',(7.4,0.763,4.4));
#458=VERTEX_POINT('',#457);
#459=CARTESIAN_POINT('',(7.8,0.763,4.4));
#460=VERTEX_POINT('',#459);
#461=CARTESIAN_POINT('',(7.8,0.253,4.4));
#462=VERTEX_POINT('',#461);
#463=CARTESIAN_POINT('',(7.4,0.253,4.4));
#464=VERTEX_POINT('',#463);
#465=CARTESIAN_POINT('',(7.4,-0.253,4.4));
#466=VERTEX_POINT('',#465);
#467=CARTESIAN_POINT('',(7.8,-0.253,4.4));
#468=VERTEX_POINT('',#467);
#469=CARTESIAN_POINT('',(7.8,-0.763,4.4));
#470=VERTEX_POINT('',#469);
#471=CARTESIAN_POINT('',(7.4,-0.763,4.4));
#472=VERTEX_POINT('',#471);
#473=CARTESIAN_POINT('',(7.4,-1.269,4.4));
#474=VERTEX_POINT('',#473);
#475=CARTESIAN_POINT('',(7.8,-1.269,4.4));
#476=VERTEX_POINT('',#475);
#477=CARTESIAN_POINT('',(7.8,-1.779,4.4));
#478=VERTEX_POINT('',#477);
#479=CARTESIAN_POINT('',(7.4,-1.779,4.4));
#480=VERTEX_POINT('',#479);
#481=CARTESIAN_POINT('',(7.4,-2.285,4.4));
#482=VERTEX_POINT('',#481);
#483=CARTESIAN_POINT('',(7.8,-2.285,4.4));
#484=VERTEX_POINT('',#483);
#485=CARTESIAN_POINT('',(7.8,-2.795,4.4));
#486=VERTEX_POINT('',#485);
#487=CARTESIAN_POINT('',(7.4,-2.795,4.4));
#488=VERTEX_POINT('',#487);
#489=CARTESIAN_POINT('',(7.4,-3.301,4.4));
#490=VERTEX_POINT('',#489);
#491=CARTESIAN_POINT('',(7.8,-3.301,4.4));
#492=VERTEX_POINT('',#491);
#493=CARTESIAN_POINT('',(7.8,-3.811,4.4));
#494=VERTEX_POINT('',#493);
#495=CARTESIAN_POINT('',(7.4,-3.811,4.4));
#496=VERTEX_POINT('',#495);
#497=CARTESIAN_POINT('',(7.4,-4.317,4.4));
#498=VERTEX_POINT('',#497);
#499=CARTESIAN_POINT('',(7.8,-4.317,4.4));
#500=VERTEX_POINT('',#499);
#501=CARTESIAN_POINT('',(7.8,-4.827,4.4));
#502=VERTEX_POINT('',#501);
#503=CARTESIAN_POINT('',(7.4,-4.827,4.4));
#504=VERTEX_POINT('',#503);
#505=CARTESIAN_POINT('',(7.4,-5.333,4.4));
#506=VERTEX_POINT('',#505);
#507=CARTESIAN_POINT('',(7.8,-5.333,4.4));
#508=VERTEX_POINT('',#507);
#509=CARTESIAN_POINT('',(7.8,-5.843,4.4));
#510=VERTEX_POINT('',#509);
#511=CARTESIAN_POINT('',(7.4,-5.843,4.4));
#512=VERTEX_POINT('',#511);
#513=CARTESIAN_POINT('',(7.4,-7.,4.4));
#514=VERTEX_POINT('',#513);
#515=CARTESIAN_POINT('',(7.38637033,-7.10352762,4.4));
#516=VERTEX_POINT('',#515);
#517=CARTESIAN_POINT('',(7.34641016,-7.2,4.4));
#518=VERTEX_POINT('',#517);
#519=CARTESIAN_POINT('',(7.28284271,-7.28284271,4.4));
#520=VERTEX_POINT('',#519);
#521=CARTESIAN_POINT('',(7.2,-7.34641016,4.4));
#522=VERTEX_POINT('',#521);
#523=CARTESIAN_POINT('',(7.10352762,-7.38637033,4.4));
#524=VERTEX_POINT('',#523);
#525=CARTESIAN_POINT('',(7.,-7.4,4.4));
#526=VERTEX_POINT('',#525);
#527=CARTESIAN_POINT('',(5.843,-7.4,4.4));
#528=VERTEX_POINT('',#527);
#529=CARTESIAN_POINT('',(5.843,-7.8,4.4));
#530=VERTEX_POINT('',#529);
#531=CARTESIAN_POINT('',(5.333,-7.8,4.4));
#532=VERTEX_POINT('',#531);
#533=CARTESIAN_POINT('',(5.333,-7.4,4.4));
#534=VERTEX_POINT('',#533);
#535=CARTESIAN_POINT('',(4.827,-7.4,4.4));
#536=VERTEX_POINT('',#535);
#537=CARTESIAN_POINT('',(4.827,-7.8,4.4));
#538=VERTEX_POINT('',#537);
#539=CARTESIAN_POINT('',(4.317,-7.8,4.4));
#540=VERTEX_POINT('',#539);
#541=CARTESIAN_POINT('',(4.317,-7.4,4.4));
#542=VERTEX_POINT('',#541);
#543=CARTESIAN_POINT('',(3.811,-7.4,4.4));
#544=VERTEX_POINT('',#543);
#545=CARTESIAN_POINT('',(3.811,-7.8,4.4));
#546=VERTEX_POINT('',#545);
#547=CARTESIAN_POINT('',(3.301,-7.8,4.4));
#548=VERTEX_POINT('',#547);
#549=CARTESIAN_POINT('',(3.301,-7.4,4.4));
#550=VERTEX_POINT('',#549);
#551=CARTESIAN_POINT('',(2.795,-7.4,4.4));
#552=VERTEX_POINT('',#551);
#553=CARTESIAN_POINT('',(2.795,-7.8,4.4));
#554=VERTEX_POINT('',#553);
#555=CARTESIAN_POINT('',(2.285,-7.8,4.4));
#556=VERTEX_POINT('',#555);
#557=CARTESIAN_POINT('',(2.285,-7.4,4.4));
#558=VERTEX_POINT('',#557);
#559=CARTESIAN_POINT('',(1.779,-7.4,4.4));
#560=VERTEX_POINT('',#559);
#561=CARTESIAN_POINT('',(1.779,-7.8,4.4));
#562=VERTEX_POINT('',#561);
#563=CARTESIAN_POINT('',(1.269,-7.8,4.4));
#564=VERTEX_POINT('',#563);
#565=CARTESIAN_POINT('',(1.269,-7.4,4.4));
#566=VERTEX_POINT('',#565);
#567=CARTESIAN_POINT('',(0.763,-7.4,4.4));
#568=VERTEX_POINT('',#567);
#569=CARTESIAN_POINT('',(0.763,-7.8,4.4));
#570=VERTEX_POINT('',#569);
#571=CARTESIAN_POINT('',(0.253,-7.8,4.4));
#572=VERTEX_POINT('',#571);
#573=CARTESIAN_POINT('',(0.253,-7.4,4.4));
#574=VERTEX_POINT('',#573);
#575=CARTESIAN_POINT('',(-0.253,-7.4,4.4));
#576=VERTEX_POINT('',#575);
#577=CARTESIAN_POINT('',(-0.253,-7.8,4.4));
#578=VERTEX_POINT('',#577);
#579=CARTESIAN_POINT('',(-0.763,-7.8,4.4));
#580=VERTEX_POINT('',#579);
#581=CARTESIAN_POINT('',(-0.763,-7.4,4.4));
#582=VERTEX_POINT('',#581);
#583=CARTESIAN_POINT('',(-1.269,-7.4,4.4));
#584=VERTEX_POINT('',#583);
#585=CARTESIAN_POINT('',(-1.269,-7.8,4.4));
#586=VERTEX_POINT('',#585);
#587=CARTESIAN_POINT('',(-1.779,-7.8,4.4));
#588=VERTEX_POINT('',#587);
#589=CARTESIAN_POINT('',(-1.779,-7.4,4.4));
#590=VERTEX_POINT('',#589);
#591=CARTESIAN_POINT('',(-2.285,-7.4,4.4));
#592=VERTEX_POINT('',#591);
#593=CARTESIAN_POINT('',(-2.285,-7.8,4.4));
#594=VERTEX_POINT('',#593);
#595=CARTESIAN_POINT('',(-2.795,-7.8,4.4));
#596=VERTEX_POINT('',#595);
#597=CARTESIAN_POINT('',(-2.795,-7.4,4.4));
#598=VERTEX_POINT('',#597);
#599=CARTESIAN_POINT('',(-3.301,-7.4,4.4));
#600=VERTEX_POINT('',#599);
#601=CARTESIAN_POINT('',(-3.301,-7.8,4.4));
#602=VERTEX_POINT('',#601);
#603=CARTESIAN_POINT('',(-3.811,-7.8,4.4));
#604=VERTEX_POINT('',#603);
#605=CARTESIAN_POINT('',(-3.811,-7.4,4.4));
#606=VERTEX_POINT('',#605);
#607=CARTESIAN_POINT('',(-4.317,-7.4,4.4));
#608=VERTEX_POINT('',#607);
#609=CARTESIAN_POINT('',(-4.317,-7.8,4.4));
#610=VERTEX_POINT('',#609);
#611=CARTESIAN_POINT('',(-4.827,-7.8,4.4));
#612=VERTEX_POINT('',#611);
#613=CARTESIAN_POINT('',(-4.827,-7.4,4.4));
#614=VERTEX_POINT('',#613);
#615=CARTESIAN_POINT('',(-5.333,-7.4,4.4));
#616=VERTEX_POINT('',#615);
#617=CARTESIAN_POINT('',(-5.333,-7.8,4.4));
#618=VERTEX_POINT('',#617);
#619=CARTESIAN_POINT('',(-5.843,-7.8,4.4));
#620=VERTEX_POINT('',#619);
#621=CARTESIAN_POINT('',(-5.843,-7.4,4.4));
#622=VERTEX_POINT('',#621);
#623=CARTESIAN_POINT('',(-7.,-7.4,4.4));
#624=VERTEX_POINT('',#623);
#625=VECTOR('',#112,1.);
#626=LINE('',#187,#625);
#627=EDGE_CURVE('',#188,#186,#626,.T.);
#628=ORIENTED_EDGE('',*,*,#627,.F.);
#629=DIRECTION('',(0.793353334,-0.608761437,0.));
#630=VECTOR('',#629,1.);
#631=LINE('',#189,#630);
#632=EDGE_CURVE('',#190,#188,#631,.T.);
#633=ORIENTED_EDGE('',*,*,#632,.F.);
#634=DIRECTION('',(0.608761437,-0.793353334,0.));
#635=VECTOR('',#634,1.);
#636=LINE('',#191,#635);
#637=EDGE_CURVE('',#192,#190,#636,.T.);
#638=ORIENTED_EDGE('',*,*,#637,.F.);
#639=VECTOR('',#97,1.);
#640=LINE('',#193,#639);
#641=EDGE_CURVE('',#194,#192,#640,.T.);
#642=ORIENTED_EDGE('',*,*,#641,.F.);
#643=DIRECTION('',(0.130526188,-0.991444862,0.));
#644=VECTOR('',#643,1.);
#645=LINE('',#195,#644);
#646=EDGE_CURVE('',#196,#194,#645,.T.);
#647=ORIENTED_EDGE('',*,*,#646,.F.);
#648=VECTOR('',#87,1.);
#649=LINE('',#195,#648);
#650=EDGE_CURVE('',#196,#198,#649,.T.);
#651=ORIENTED_EDGE('',*,*,#650,.T.);
#652=VECTOR('',#122,1.);
#653=LINE('',#199,#652);
#654=EDGE_CURVE('',#200,#198,#653,.T.);
#655=ORIENTED_EDGE('',*,*,#654,.F.);
#656=VECTOR('',#87,1.);
#657=LINE('',#199,#656);
#658=EDGE_CURVE('',#200,#202,#657,.T.);
#659=ORIENTED_EDGE('',*,*,#658,.T.);
#660=VECTOR('',#122,1.);
#661=LINE('',#201,#660);
#662=EDGE_CURVE('',#202,#204,#661,.T.);
#663=ORIENTED_EDGE('',*,*,#662,.T.);
#664=VECTOR('',#87,1.);
#665=LINE('',#203,#664);
#666=EDGE_CURVE('',#204,#206,#665,.T.);
#667=ORIENTED_EDGE('',*,*,#666,.T.);
#668=VECTOR('',#122,1.);
#669=LINE('',#207,#668);
#670=EDGE_CURVE('',#208,#206,#669,.T.);
#671=ORIENTED_EDGE('',*,*,#670,.F.);
#672=VECTOR('',#87,1.);
#673=LINE('',#207,#672);
#674=EDGE_CURVE('',#208,#210,#673,.T.);
#675=ORIENTED_EDGE('',*,*,#674,.T.);
#676=VECTOR('',#122,1.);
#677=LINE('',#209,#676);
#678=EDGE_CURVE('',#210,#212,#677,.T.);
#679=ORIENTED_EDGE('',*,*,#678,.T.);
#680=VECTOR('',#87,1.);
#681=LINE('',#211,#680);
#682=EDGE_CURVE('',#212,#214,#681,.T.);
#683=ORIENTED_EDGE('',*,*,#682,.T.);
#684=VECTOR('',#122,1.);
#685=LINE('',#215,#684);
#686=EDGE_CURVE('',#216,#214,#685,.T.);
#687=ORIENTED_EDGE('',*,*,#686,.F.);
#688=VECTOR('',#87,1.);
#689=LINE('',#215,#688);
#690=EDGE_CURVE('',#216,#218,#689,.T.);
#691=ORIENTED_EDGE('',*,*,#690,.T.);
#692=VECTOR('',#122,1.);
#693=LINE('',#217,#692);
#694=EDGE_CURVE('',#218,#220,#693,.T.);
#695=ORIENTED_EDGE('',*,*,#694,.T.);
#696=VECTOR('',#87,1.);
#697=LINE('',#219,#696);
#698=EDGE_CURVE('',#220,#222,#697,.T.);
#699=ORIENTED_EDGE('',*,*,#698,.T.);
#700=VECTOR('',#122,1.);
#701=LINE('',#223,#700);
#702=EDGE_CURVE('',#224,#222,#701,.T.);
#703=ORIENTED_EDGE('',*,*,#702,.F.);
#704=VECTOR('',#87,1.);
#705=LINE('',#223,#704);
#706=EDGE_CURVE('',#224,#226,#705,.T.);
#707=ORIENTED_EDGE('',*,*,#706,.T.);
#708=VECTOR('',#122,1.);
#709=LINE('',#225,#708);
#710=EDGE_CURVE('',#226,#228,#709,.T.);
#711=ORIENTED_EDGE('',*,*,#710,.T.);
#712=VECTOR('',#87,1.);
#713=LINE('',#227,#712);
#714=EDGE_CURVE('',#228,#230,#713,.T.);
#715=ORIENTED_EDGE('',*,*,#714,.T.);
#716=VECTOR('',#122,1.);
#717=LINE('',#231,#716);
#718=EDGE_CURVE('',#232,#230,#717,.T.);
#719=ORIENTED_EDGE('',*,*,#718,.F.);
#720=VECTOR('',#87,1.);
#721=LINE('',#231,#720);
#722=EDGE_CURVE('',#232,#234,#721,.T.);
#723=ORIENTED_EDGE('',*,*,#722,.T.);
#724=VECTOR('',#122,1.);
#725=LINE('',#233,#724);
#726=EDGE_CURVE('',#234,#236,#725,.T.);
#727=ORIENTED_EDGE('',*,*,#726,.T.);
#728=VECTOR('',#87,1.);
#729=LINE('',#235,#728);
#730=EDGE_CURVE('',#236,#238,#729,.T.);
#731=ORIENTED_EDGE('',*,*,#730,.T.);
#732=VECTOR('',#122,1.);
#733=LINE('',#239,#732);
#734=EDGE_CURVE('',#240,#238,#733,.T.);
#735=ORIENTED_EDGE('',*,*,#734,.F.);
#736=VECTOR('',#87,1.);
#737=LINE('',#239,#736);
#738=EDGE_CURVE('',#240,#242,#737,.T.);
#739=ORIENTED_EDGE('',*,*,#738,.T.);
#740=VECTOR('',#122,1.);
#741=LINE('',#241,#740);
#742=EDGE_CURVE('',#242,#244,#741,.T.);
#743=ORIENTED_EDGE('',*,*,#742,.T.);
#744=VECTOR('',#87,1.);
#745=LINE('',#243,#744);
#746=EDGE_CURVE('',#244,#246,#745,.T.);
#747=ORIENTED_EDGE('',*,*,#746,.T.);
#748=VECTOR('',#122,1.);
#749=LINE('',#247,#748);
#750=EDGE_CURVE('',#248,#246,#749,.T.);
#751=ORIENTED_EDGE('',*,*,#750,.F.);
#752=VECTOR('',#87,1.);
#753=LINE('',#247,#752);
#754=EDGE_CURVE('',#248,#250,#753,.T.);
#755=ORIENTED_EDGE('',*,*,#754,.T.);
#756=VECTOR('',#122,1.);
#757=LINE('',#249,#756);
#758=EDGE_CURVE('',#250,#252,#757,.T.);
#759=ORIENTED_EDGE('',*,*,#758,.T.);
#760=VECTOR('',#87,1.);
#761=LINE('',#251,#760);
#762=EDGE_CURVE('',#252,#254,#761,.T.);
#763=ORIENTED_EDGE('',*,*,#762,.T.);
#764=VECTOR('',#122,1.);
#765=LINE('',#255,#764);
#766=EDGE_CURVE('',#256,#254,#765,.T.);
#767=ORIENTED_EDGE('',*,*,#766,.F.);
#768=VECTOR('',#87,1.);
#769=LINE('',#255,#768);
#770=EDGE_CURVE('',#256,#258,#769,.T.);
#771=ORIENTED_EDGE('',*,*,#770,.T.);
#772=VECTOR('',#122,1.);
#773=LINE('',#257,#772);
#774=EDGE_CURVE('',#258,#260,#773,.T.);
#775=ORIENTED_EDGE('',*,*,#774,.T.);
#776=VECTOR('',#87,1.);
#777=LINE('',#259,#776);
#778=EDGE_CURVE('',#260,#262,#777,.T.);
#779=ORIENTED_EDGE('',*,*,#778,.T.);
#780=VECTOR('',#122,1.);
#781=LINE('',#263,#780);
#782=EDGE_CURVE('',#264,#262,#781,.T.);
#783=ORIENTED_EDGE('',*,*,#782,.F.);
#784=VECTOR('',#87,1.);
#785=LINE('',#263,#784);
#786=EDGE_CURVE('',#264,#266,#785,.T.);
#787=ORIENTED_EDGE('',*,*,#786,.T.);
#788=VECTOR('',#122,1.);
#789=LINE('',#265,#788);
#790=EDGE_CURVE('',#266,#268,#789,.T.);
#791=ORIENTED_EDGE('',*,*,#790,.T.);
#792=VECTOR('',#87,1.);
#793=LINE('',#267,#792);
#794=EDGE_CURVE('',#268,#270,#793,.T.);
#795=ORIENTED_EDGE('',*,*,#794,.T.);
#796=VECTOR('',#122,1.);
#797=LINE('',#271,#796);
#798=EDGE_CURVE('',#272,#270,#797,.T.);
#799=ORIENTED_EDGE('',*,*,#798,.F.);
#800=VECTOR('',#87,1.);
#801=LINE('',#271,#800);
#802=EDGE_CURVE('',#272,#274,#801,.T.);
#803=ORIENTED_EDGE('',*,*,#802,.T.);
#804=VECTOR('',#122,1.);
#805=LINE('',#273,#804);
#806=EDGE_CURVE('',#274,#276,#805,.T.);
#807=ORIENTED_EDGE('',*,*,#806,.T.);
#808=VECTOR('',#87,1.);
#809=LINE('',#275,#808);
#810=EDGE_CURVE('',#276,#278,#809,.T.);
#811=ORIENTED_EDGE('',*,*,#810,.T.);
#812=VECTOR('',#122,1.);
#813=LINE('',#279,#812);
#814=EDGE_CURVE('',#280,#278,#813,.T.);
#815=ORIENTED_EDGE('',*,*,#814,.F.);
#816=VECTOR('',#87,1.);
#817=LINE('',#279,#816);
#818=EDGE_CURVE('',#280,#282,#817,.T.);
#819=ORIENTED_EDGE('',*,*,#818,.T.);
#820=VECTOR('',#122,1.);
#821=LINE('',#281,#820);
#822=EDGE_CURVE('',#282,#284,#821,.T.);
#823=ORIENTED_EDGE('',*,*,#822,.T.);
#824=VECTOR('',#87,1.);
#825=LINE('',#283,#824);
#826=EDGE_CURVE('',#284,#286,#825,.T.);
#827=ORIENTED_EDGE('',*,*,#826,.T.);
#828=VECTOR('',#122,1.);
#829=LINE('',#287,#828);
#830=EDGE_CURVE('',#288,#286,#829,.T.);
#831=ORIENTED_EDGE('',*,*,#830,.F.);
#832=VECTOR('',#87,1.);
#833=LINE('',#287,#832);
#834=EDGE_CURVE('',#288,#290,#833,.T.);
#835=ORIENTED_EDGE('',*,*,#834,.T.);
#836=VECTOR('',#122,1.);
#837=LINE('',#289,#836);
#838=EDGE_CURVE('',#290,#292,#837,.T.);
#839=ORIENTED_EDGE('',*,*,#838,.T.);
#840=VECTOR('',#87,1.);
#841=LINE('',#291,#840);
#842=EDGE_CURVE('',#292,#294,#841,.T.);
#843=ORIENTED_EDGE('',*,*,#842,.T.);
#844=DIRECTION('',(0.130526188,0.991444862,0.));
#845=VECTOR('',#844,1.);
#846=LINE('',#293,#845);
#847=EDGE_CURVE('',#294,#296,#846,.T.);
#848=ORIENTED_EDGE('',*,*,#847,.T.);
#849=VECTOR('',#77,1.);
#850=LINE('',#295,#849);
#851=EDGE_CURVE('',#296,#298,#850,.T.);
#852=ORIENTED_EDGE('',*,*,#851,.T.);
#853=DIRECTION('',(0.608761437,0.793353334,0.));
#854=VECTOR('',#853,1.);
#855=LINE('',#297,#854);
#856=EDGE_CURVE('',#298,#300,#855,.T.);
#857=ORIENTED_EDGE('',*,*,#856,.T.);
#858=DIRECTION('',(0.793353334,0.608761437,0.));
#859=VECTOR('',#858,1.);
#860=LINE('',#299,#859);
#861=EDGE_CURVE('',#300,#302,#860,.T.);
#862=ORIENTED_EDGE('',*,*,#861,.T.);
#863=VECTOR('',#62,1.);
#864=LINE('',#301,#863);
#865=EDGE_CURVE('',#302,#304,#864,.T.);
#866=ORIENTED_EDGE('',*,*,#865,.T.);
#867=DIRECTION('',(0.991444862,0.130526188,0.));
#868=VECTOR('',#867,1.);
#869=LINE('',#303,#868);
#870=EDGE_CURVE('',#304,#306,#869,.T.);
#871=ORIENTED_EDGE('',*,*,#870,.T.);
#872=VECTOR('',#122,1.);
#873=LINE('',#305,#872);
#874=EDGE_CURVE('',#306,#308,#873,.T.);
#875=ORIENTED_EDGE('',*,*,#874,.T.);
#876=VECTOR('',#87,1.);
#877=LINE('',#307,#876);
#878=EDGE_CURVE('',#308,#310,#877,.T.);
#879=ORIENTED_EDGE('',*,*,#878,.T.);
#880=VECTOR('',#122,1.);
#881=LINE('',#309,#880);
#882=EDGE_CURVE('',#310,#312,#881,.T.);
#883=ORIENTED_EDGE('',*,*,#882,.T.);
#884=VECTOR('',#87,1.);
#885=LINE('',#313,#884);
#886=EDGE_CURVE('',#314,#312,#885,.T.);
#887=ORIENTED_EDGE('',*,*,#886,.F.);
#888=VECTOR('',#122,1.);
#889=LINE('',#313,#888);
#890=EDGE_CURVE('',#314,#316,#889,.T.);
#891=ORIENTED_EDGE('',*,*,#890,.T.);
#892=VECTOR('',#87,1.);
#893=LINE('',#315,#892);
#894=EDGE_CURVE('',#316,#318,#893,.T.);
#895=ORIENTED_EDGE('',*,*,#894,.T.);
#896=VECTOR('',#122,1.);
#897=LINE('',#317,#896);
#898=EDGE_CURVE('',#318,#320,#897,.T.);
#899=ORIENTED_EDGE('',*,*,#898,.T.);
#900=VECTOR('',#87,1.);
#901=LINE('',#321,#900);
#902=EDGE_CURVE('',#322,#320,#901,.T.);
#903=ORIENTED_EDGE('',*,*,#902,.F.);
#904=VECTOR('',#122,1.);
#905=LINE('',#321,#904);
#906=EDGE_CURVE('',#322,#324,#905,.T.);
#907=ORIENTED_EDGE('',*,*,#906,.T.);
#908=VECTOR('',#87,1.);
#909=LINE('',#323,#908);
#910=EDGE_CURVE('',#324,#326,#909,.T.);
#911=ORIENTED_EDGE('',*,*,#910,.T.);
#912=VECTOR('',#122,1.);
#913=LINE('',#325,#912);
#914=EDGE_CURVE('',#326,#328,#913,.T.);
#915=ORIENTED_EDGE('',*,*,#914,.T.);
#916=VECTOR('',#87,1.);
#917=LINE('',#329,#916);
#918=EDGE_CURVE('',#330,#328,#917,.T.);
#919=ORIENTED_EDGE('',*,*,#918,.F.);
#920=VECTOR('',#122,1.);
#921=LINE('',#329,#920);
#922=EDGE_CURVE('',#330,#332,#921,.T.);
#923=ORIENTED_EDGE('',*,*,#922,.T.);
#924=VECTOR('',#87,1.);
#925=LINE('',#331,#924);
#926=EDGE_CURVE('',#332,#334,#925,.T.);
#927=ORIENTED_EDGE('',*,*,#926,.T.);
#928=VECTOR('',#122,1.);
#929=LINE('',#333,#928);
#930=EDGE_CURVE('',#334,#336,#929,.T.);
#931=ORIENTED_EDGE('',*,*,#930,.T.);
#932=VECTOR('',#87,1.);
#933=LINE('',#337,#932);
#934=EDGE_CURVE('',#338,#336,#933,.T.);
#935=ORIENTED_EDGE('',*,*,#934,.F.);
#936=VECTOR('',#122,1.);
#937=LINE('',#337,#936);
#938=EDGE_CURVE('',#338,#340,#937,.T.);
#939=ORIENTED_EDGE('',*,*,#938,.T.);
#940=VECTOR('',#87,1.);
#941=LINE('',#339,#940);
#942=EDGE_CURVE('',#340,#342,#941,.T.);
#943=ORIENTED_EDGE('',*,*,#942,.T.);
#944=VECTOR('',#122,1.);
#945=LINE('',#341,#944);
#946=EDGE_CURVE('',#342,#344,#945,.T.);
#947=ORIENTED_EDGE('',*,*,#946,.T.);
#948=VECTOR('',#87,1.);
#949=LINE('',#345,#948);
#950=EDGE_CURVE('',#346,#344,#949,.T.);
#951=ORIENTED_EDGE('',*,*,#950,.F.);
#952=VECTOR('',#122,1.);
#953=LINE('',#345,#952);
#954=EDGE_CURVE('',#346,#348,#953,.T.);
#955=ORIENTED_EDGE('',*,*,#954,.T.);
#956=VECTOR('',#87,1.);
#957=LINE('',#347,#956);
#958=EDGE_CURVE('',#348,#350,#957,.T.);
#959=ORIENTED_EDGE('',*,*,#958,.T.);
#960=VECTOR('',#122,1.);
#961=LINE('',#349,#960);
#962=EDGE_CURVE('',#350,#352,#961,.T.);
#963=ORIENTED_EDGE('',*,*,#962,.T.);
#964=VECTOR('',#87,1.);
#965=LINE('',#353,#964);
#966=EDGE_CURVE('',#354,#352,#965,.T.);
#967=ORIENTED_EDGE('',*,*,#966,.F.);
#968=VECTOR('',#122,1.);
#969=LINE('',#353,#968);
#970=EDGE_CURVE('',#354,#356,#969,.T.);
#971=ORIENTED_EDGE('',*,*,#970,.T.);
#972=VECTOR('',#87,1.);
#973=LINE('',#355,#972);
#974=EDGE_CURVE('',#356,#358,#973,.T.);
#975=ORIENTED_EDGE('',*,*,#974,.T.);
#976=VECTOR('',#122,1.);
#977=LINE('',#357,#976);
#978=EDGE_CURVE('',#358,#360,#977,.T.);
#979=ORIENTED_EDGE('',*,*,#978,.T.);
#980=VECTOR('',#87,1.);
#981=LINE('',#361,#980);
#982=EDGE_CURVE('',#362,#360,#981,.T.);
#983=ORIENTED_EDGE('',*,*,#982,.F.);
#984=VECTOR('',#122,1.);
#985=LINE('',#361,#984);
#986=EDGE_CURVE('',#362,#364,#985,.T.);
#987=ORIENTED_EDGE('',*,*,#986,.T.);
#988=VECTOR('',#87,1.);
#989=LINE('',#363,#988);
#990=EDGE_CURVE('',#364,#366,#989,.T.);
#991=ORIENTED_EDGE('',*,*,#990,.T.);
#992=VECTOR('',#122,1.);
#993=LINE('',#365,#992);
#994=EDGE_CURVE('',#366,#368,#993,.T.);
#995=ORIENTED_EDGE('',*,*,#994,.T.);
#996=VECTOR('',#87,1.);
#997=LINE('',#369,#996);
#998=EDGE_CURVE('',#370,#368,#997,.T.);
#999=ORIENTED_EDGE('',*,*,#998,.F.);
#1000=VECTOR('',#122,1.);
#1001=LINE('',#369,#1000);
#1002=EDGE_CURVE('',#370,#372,#1001,.T.);
#1003=ORIENTED_EDGE('',*,*,#1002,.T.);
#1004=VECTOR('',#87,1.);
#1005=LINE('',#371,#1004);
#1006=EDGE_CURVE('',#372,#374,#1005,.T.);
#1007=ORIENTED_EDGE('',*,*,#1006,.T.);
#1008=VECTOR('',#122,1.);
#1009=LINE('',#373,#1008);
#1010=EDGE_CURVE('',#374,#376,#1009,.T.);
#1011=ORIENTED_EDGE('',*,*,#1010,.T.);
#1012=VECTOR('',#87,1.);
#1013=LINE('',#377,#1012);
#1014=EDGE_CURVE('',#378,#376,#1013,.T.);
#1015=ORIENTED_EDGE('',*,*,#1014,.F.);
#1016=VECTOR('',#122,1.);
#1017=LINE('',#377,#1016);
#1018=EDGE_CURVE('',#378,#380,#1017,.T.);
#1019=ORIENTED_EDGE('',*,*,#1018,.T.);
#1020=VECTOR('',#87,1.);
#1021=LINE('',#379,#1020);
#1022=EDGE_CURVE('',#380,#382,#1021,.T.);
#1023=ORIENTED_EDGE('',*,*,#1022,.T.);
#1024=VECTOR('',#122,1.);
#1025=LINE('',#381,#1024);
#1026=EDGE_CURVE('',#382,#384,#1025,.T.);
#1027=ORIENTED_EDGE('',*,*,#1026,.T.);
#1028=VECTOR('',#87,1.);
#1029=LINE('',#385,#1028);
#1030=EDGE_CURVE('',#386,#384,#1029,.T.);
#1031=ORIENTED_EDGE('',*,*,#1030,.F.);
#1032=VECTOR('',#122,1.);
#1033=LINE('',#385,#1032);
#1034=EDGE_CURVE('',#386,#388,#1033,.T.);
#1035=ORIENTED_EDGE('',*,*,#1034,.T.);
#1036=VECTOR('',#87,1.);
#1037=LINE('',#387,#1036);
#1038=EDGE_CURVE('',#388,#390,#1037,.T.);
#1039=ORIENTED_EDGE('',*,*,#1038,.T.);
#1040=VECTOR('',#122,1.);
#1041=LINE('',#389,#1040);
#1042=EDGE_CURVE('',#390,#392,#1041,.T.);
#1043=ORIENTED_EDGE('',*,*,#1042,.T.);
#1044=VECTOR('',#87,1.);
#1045=LINE('',#393,#1044);
#1046=EDGE_CURVE('',#394,#392,#1045,.T.);
#1047=ORIENTED_EDGE('',*,*,#1046,.F.);
#1048=VECTOR('',#122,1.);
#1049=LINE('',#393,#1048);
#1050=EDGE_CURVE('',#394,#396,#1049,.T.);
#1051=ORIENTED_EDGE('',*,*,#1050,.T.);
#1052=VECTOR('',#87,1.);
#1053=LINE('',#395,#1052);
#1054=EDGE_CURVE('',#396,#398,#1053,.T.);
#1055=ORIENTED_EDGE('',*,*,#1054,.T.);
#1056=VECTOR('',#122,1.);
#1057=LINE('',#397,#1056);
#1058=EDGE_CURVE('',#398,#400,#1057,.T.);
#1059=ORIENTED_EDGE('',*,*,#1058,.T.);
#1060=VECTOR('',#87,1.);
#1061=LINE('',#401,#1060);
#1062=EDGE_CURVE('',#402,#400,#1061,.T.);
#1063=ORIENTED_EDGE('',*,*,#1062,.F.);
#1064=VECTOR('',#122,1.);
#1065=LINE('',#401,#1064);
#1066=EDGE_CURVE('',#402,#404,#1065,.T.);
#1067=ORIENTED_EDGE('',*,*,#1066,.T.);
#1068=DIRECTION('',(0.991444862,-0.130526188,0.));
#1069=VECTOR('',#1068,1.);
#1070=LINE('',#403,#1069);
#1071=EDGE_CURVE('',#404,#406,#1070,.T.);
#1072=ORIENTED_EDGE('',*,*,#1071,.T.);
#1073=VECTOR('',#112,1.);
#1074=LINE('',#405,#1073);
#1075=EDGE_CURVE('',#406,#408,#1074,.T.);
#1076=ORIENTED_EDGE('',*,*,#1075,.T.);
#1077=VECTOR('',#629,1.);
#1078=LINE('',#407,#1077);
#1079=EDGE_CURVE('',#408,#410,#1078,.T.);
#1080=ORIENTED_EDGE('',*,*,#1079,.T.);
#1081=VECTOR('',#634,1.);
#1082=LINE('',#409,#1081);
#1083=EDGE_CURVE('',#410,#412,#1082,.T.);
#1084=ORIENTED_EDGE('',*,*,#1083,.T.);
#1085=VECTOR('',#97,1.);
#1086=LINE('',#411,#1085);
#1087=EDGE_CURVE('',#412,#414,#1086,.T.);
#1088=ORIENTED_EDGE('',*,*,#1087,.T.);
#1089=VECTOR('',#643,1.);
#1090=LINE('',#413,#1089);
#1091=EDGE_CURVE('',#414,#416,#1090,.T.);
#1092=ORIENTED_EDGE('',*,*,#1091,.T.);
#1093=VECTOR('',#87,1.);
#1094=LINE('',#417,#1093);
#1095=EDGE_CURVE('',#418,#416,#1094,.T.);
#1096=ORIENTED_EDGE('',*,*,#1095,.F.);
#1097=VECTOR('',#122,1.);
#1098=LINE('',#417,#1097);
#1099=EDGE_CURVE('',#418,#420,#1098,.T.);
#1100=ORIENTED_EDGE('',*,*,#1099,.T.);
#1101=VECTOR('',#87,1.);
#1102=LINE('',#421,#1101);
#1103=EDGE_CURVE('',#422,#420,#1102,.T.);
#1104=ORIENTED_EDGE('',*,*,#1103,.F.);
#1105=VECTOR('',#122,1.);
#1106=LINE('',#423,#1105);
#1107=EDGE_CURVE('',#424,#422,#1106,.T.);
#1108=ORIENTED_EDGE('',*,*,#1107,.F.);
#1109=VECTOR('',#87,1.);
#1110=LINE('',#425,#1109);
#1111=EDGE_CURVE('',#426,#424,#1110,.T.);
#1112=ORIENTED_EDGE('',*,*,#1111,.F.);
#1113=VECTOR('',#122,1.);
#1114=LINE('',#425,#1113);
#1115=EDGE_CURVE('',#426,#428,#1114,.T.);
#1116=ORIENTED_EDGE('',*,*,#1115,.T.);
#1117=VECTOR('',#87,1.);
#1118=LINE('',#429,#1117);
#1119=EDGE_CURVE('',#430,#428,#1118,.T.);
#1120=ORIENTED_EDGE('',*,*,#1119,.F.);
#1121=VECTOR('',#122,1.);
#1122=LINE('',#431,#1121);
#1123=EDGE_CURVE('',#432,#430,#1122,.T.);
#1124=ORIENTED_EDGE('',*,*,#1123,.F.);
#1125=VECTOR('',#87,1.);
#1126=LINE('',#433,#1125);
#1127=EDGE_CURVE('',#434,#432,#1126,.T.);
#1128=ORIENTED_EDGE('',*,*,#1127,.F.);
#1129=VECTOR('',#122,1.);
#1130=LINE('',#433,#1129);
#1131=EDGE_CURVE('',#434,#436,#1130,.T.);
#1132=ORIENTED_EDGE('',*,*,#1131,.T.);
#1133=VECTOR('',#87,1.);
#1134=LINE('',#437,#1133);
#1135=EDGE_CURVE('',#438,#436,#1134,.T.);
#1136=ORIENTED_EDGE('',*,*,#1135,.F.);
#1137=VECTOR('',#122,1.);
#1138=LINE('',#439,#1137);
#1139=EDGE_CURVE('',#440,#438,#1138,.T.);
#1140=ORIENTED_EDGE('',*,*,#1139,.F.);
#1141=VECTOR('',#87,1.);
#1142=LINE('',#441,#1141);
#1143=EDGE_CURVE('',#442,#440,#1142,.T.);
#1144=ORIENTED_EDGE('',*,*,#1143,.F.);
#1145=VECTOR('',#122,1.);
#1146=LINE('',#441,#1145);
#1147=EDGE_CURVE('',#442,#444,#1146,.T.);
#1148=ORIENTED_EDGE('',*,*,#1147,.T.);
#1149=VECTOR('',#87,1.);
#1150=LINE('',#445,#1149);
#1151=EDGE_CURVE('',#446,#444,#1150,.T.);
#1152=ORIENTED_EDGE('',*,*,#1151,.F.);
#1153=VECTOR('',#122,1.);
#1154=LINE('',#447,#1153);
#1155=EDGE_CURVE('',#448,#446,#1154,.T.);
#1156=ORIENTED_EDGE('',*,*,#1155,.F.);
#1157=VECTOR('',#87,1.);
#1158=LINE('',#449,#1157);
#1159=EDGE_CURVE('',#450,#448,#1158,.T.);
#1160=ORIENTED_EDGE('',*,*,#1159,.F.);
#1161=VECTOR('',#122,1.);
#1162=LINE('',#449,#1161);
#1163=EDGE_CURVE('',#450,#452,#1162,.T.);
#1164=ORIENTED_EDGE('',*,*,#1163,.T.);
#1165=VECTOR('',#87,1.);
#1166=LINE('',#453,#1165);
#1167=EDGE_CURVE('',#454,#452,#1166,.T.);
#1168=ORIENTED_EDGE('',*,*,#1167,.F.);
#1169=VECTOR('',#122,1.);
#1170=LINE('',#455,#1169);
#1171=EDGE_CURVE('',#456,#454,#1170,.T.);
#1172=ORIENTED_EDGE('',*,*,#1171,.F.);
#1173=VECTOR('',#87,1.);
#1174=LINE('',#457,#1173);
#1175=EDGE_CURVE('',#458,#456,#1174,.T.);
#1176=ORIENTED_EDGE('',*,*,#1175,.F.);
#1177=VECTOR('',#122,1.);
#1178=LINE('',#457,#1177);
#1179=EDGE_CURVE('',#458,#460,#1178,.T.);
#1180=ORIENTED_EDGE('',*,*,#1179,.T.);
#1181=VECTOR('',#87,1.);
#1182=LINE('',#461,#1181);
#1183=EDGE_CURVE('',#462,#460,#1182,.T.);
#1184=ORIENTED_EDGE('',*,*,#1183,.F.);
#1185=VECTOR('',#122,1.);
#1186=LINE('',#463,#1185);
#1187=EDGE_CURVE('',#464,#462,#1186,.T.);
#1188=ORIENTED_EDGE('',*,*,#1187,.F.);
#1189=VECTOR('',#87,1.);
#1190=LINE('',#465,#1189);
#1191=EDGE_CURVE('',#466,#464,#1190,.T.);
#1192=ORIENTED_EDGE('',*,*,#1191,.F.);
#1193=VECTOR('',#122,1.);
#1194=LINE('',#465,#1193);
#1195=EDGE_CURVE('',#466,#468,#1194,.T.);
#1196=ORIENTED_EDGE('',*,*,#1195,.T.);
#1197=VECTOR('',#87,1.);
#1198=LINE('',#469,#1197);
#1199=EDGE_CURVE('',#470,#468,#1198,.T.);
#1200=ORIENTED_EDGE('',*,*,#1199,.F.);
#1201=VECTOR('',#122,1.);
#1202=LINE('',#471,#1201);
#1203=EDGE_CURVE('',#472,#470,#1202,.T.);
#1204=ORIENTED_EDGE('',*,*,#1203,.F.);
#1205=VECTOR('',#87,1.);
#1206=LINE('',#473,#1205);
#1207=EDGE_CURVE('',#474,#472,#1206,.T.);
#1208=ORIENTED_EDGE('',*,*,#1207,.F.);
#1209=VECTOR('',#122,1.);
#1210=LINE('',#473,#1209);
#1211=EDGE_CURVE('',#474,#476,#1210,.T.);
#1212=ORIENTED_EDGE('',*,*,#1211,.T.);
#1213=VECTOR('',#87,1.);
#1214=LINE('',#477,#1213);
#1215=EDGE_CURVE('',#478,#476,#1214,.T.);
#1216=ORIENTED_EDGE('',*,*,#1215,.F.);
#1217=VECTOR('',#122,1.);
#1218=LINE('',#479,#1217);
#1219=EDGE_CURVE('',#480,#478,#1218,.T.);
#1220=ORIENTED_EDGE('',*,*,#1219,.F.);
#1221=VECTOR('',#87,1.);
#1222=LINE('',#481,#1221);
#1223=EDGE_CURVE('',#482,#480,#1222,.T.);
#1224=ORIENTED_EDGE('',*,*,#1223,.F.);
#1225=VECTOR('',#122,1.);
#1226=LINE('',#481,#1225);
#1227=EDGE_CURVE('',#482,#484,#1226,.T.);
#1228=ORIENTED_EDGE('',*,*,#1227,.T.);
#1229=VECTOR('',#87,1.);
#1230=LINE('',#485,#1229);
#1231=EDGE_CURVE('',#486,#484,#1230,.T.);
#1232=ORIENTED_EDGE('',*,*,#1231,.F.);
#1233=VECTOR('',#122,1.);
#1234=LINE('',#487,#1233);
#1235=EDGE_CURVE('',#488,#486,#1234,.T.);
#1236=ORIENTED_EDGE('',*,*,#1235,.F.);
#1237=VECTOR('',#87,1.);
#1238=LINE('',#489,#1237);
#1239=EDGE_CURVE('',#490,#488,#1238,.T.);
#1240=ORIENTED_EDGE('',*,*,#1239,.F.);
#1241=VECTOR('',#122,1.);
#1242=LINE('',#489,#1241);
#1243=EDGE_CURVE('',#490,#492,#1242,.T.);
#1244=ORIENTED_EDGE('',*,*,#1243,.T.);
#1245=VECTOR('',#87,1.);
#1246=LINE('',#493,#1245);
#1247=EDGE_CURVE('',#494,#492,#1246,.T.);
#1248=ORIENTED_EDGE('',*,*,#1247,.F.);
#1249=VECTOR('',#122,1.);
#1250=LINE('',#495,#1249);
#1251=EDGE_CURVE('',#496,#494,#1250,.T.);
#1252=ORIENTED_EDGE('',*,*,#1251,.F.);
#1253=VECTOR('',#87,1.);
#1254=LINE('',#497,#1253);
#1255=EDGE_CURVE('',#498,#496,#1254,.T.);
#1256=ORIENTED_EDGE('',*,*,#1255,.F.);
#1257=VECTOR('',#122,1.);
#1258=LINE('',#497,#1257);
#1259=EDGE_CURVE('',#498,#500,#1258,.T.);
#1260=ORIENTED_EDGE('',*,*,#1259,.T.);
#1261=VECTOR('',#87,1.);
#1262=LINE('',#501,#1261);
#1263=EDGE_CURVE('',#502,#500,#1262,.T.);
#1264=ORIENTED_EDGE('',*,*,#1263,.F.);
#1265=VECTOR('',#122,1.);
#1266=LINE('',#503,#1265);
#1267=EDGE_CURVE('',#504,#502,#1266,.T.);
#1268=ORIENTED_EDGE('',*,*,#1267,.F.);
#1269=VECTOR('',#87,1.);
#1270=LINE('',#505,#1269);
#1271=EDGE_CURVE('',#506,#504,#1270,.T.);
#1272=ORIENTED_EDGE('',*,*,#1271,.F.);
#1273=VECTOR('',#122,1.);
#1274=LINE('',#505,#1273);
#1275=EDGE_CURVE('',#506,#508,#1274,.T.);
#1276=ORIENTED_EDGE('',*,*,#1275,.T.);
#1277=VECTOR('',#87,1.);
#1278=LINE('',#509,#1277);
#1279=EDGE_CURVE('',#510,#508,#1278,.T.);
#1280=ORIENTED_EDGE('',*,*,#1279,.F.);
#1281=VECTOR('',#122,1.);
#1282=LINE('',#511,#1281);
#1283=EDGE_CURVE('',#512,#510,#1282,.T.);
#1284=ORIENTED_EDGE('',*,*,#1283,.F.);
#1285=VECTOR('',#87,1.);
#1286=LINE('',#513,#1285);
#1287=EDGE_CURVE('',#514,#512,#1286,.T.);
#1288=ORIENTED_EDGE('',*,*,#1287,.F.);
#1289=VECTOR('',#844,1.);
#1290=LINE('',#515,#1289);
#1291=EDGE_CURVE('',#516,#514,#1290,.T.);
#1292=ORIENTED_EDGE('',*,*,#1291,.F.);
#1293=VECTOR('',#77,1.);
#1294=LINE('',#517,#1293);
#1295=EDGE_CURVE('',#518,#516,#1294,.T.);
#1296=ORIENTED_EDGE('',*,*,#1295,.F.);
#1297=VECTOR('',#853,1.);
#1298=LINE('',#519,#1297);
#1299=EDGE_CURVE('',#520,#518,#1298,.T.);
#1300=ORIENTED_EDGE('',*,*,#1299,.F.);
#1301=VECTOR('',#858,1.);
#1302=LINE('',#521,#1301);
#1303=EDGE_CURVE('',#522,#520,#1302,.T.);
#1304=ORIENTED_EDGE('',*,*,#1303,.F.);
#1305=VECTOR('',#62,1.);
#1306=LINE('',#523,#1305);
#1307=EDGE_CURVE('',#524,#522,#1306,.T.);
#1308=ORIENTED_EDGE('',*,*,#1307,.F.);
#1309=VECTOR('',#867,1.);
#1310=LINE('',#525,#1309);
#1311=EDGE_CURVE('',#526,#524,#1310,.T.);
#1312=ORIENTED_EDGE('',*,*,#1311,.F.);
#1313=VECTOR('',#122,1.);
#1314=LINE('',#527,#1313);
#1315=EDGE_CURVE('',#528,#526,#1314,.T.);
#1316=ORIENTED_EDGE('',*,*,#1315,.F.);
#1317=VECTOR('',#87,1.);
#1318=LINE('',#529,#1317);
#1319=EDGE_CURVE('',#530,#528,#1318,.T.);
#1320=ORIENTED_EDGE('',*,*,#1319,.F.);
#1321=VECTOR('',#122,1.);
#1322=LINE('',#531,#1321);
#1323=EDGE_CURVE('',#532,#530,#1322,.T.);
#1324=ORIENTED_EDGE('',*,*,#1323,.F.);
#1325=VECTOR('',#87,1.);
#1326=LINE('',#531,#1325);
#1327=EDGE_CURVE('',#532,#534,#1326,.T.);
#1328=ORIENTED_EDGE('',*,*,#1327,.T.);
#1329=VECTOR('',#122,1.);
#1330=LINE('',#535,#1329);
#1331=EDGE_CURVE('',#536,#534,#1330,.T.);
#1332=ORIENTED_EDGE('',*,*,#1331,.F.);
#1333=VECTOR('',#87,1.);
#1334=LINE('',#537,#1333);
#1335=EDGE_CURVE('',#538,#536,#1334,.T.);
#1336=ORIENTED_EDGE('',*,*,#1335,.F.);
#1337=VECTOR('',#122,1.);
#1338=LINE('',#539,#1337);
#1339=EDGE_CURVE('',#540,#538,#1338,.T.);
#1340=ORIENTED_EDGE('',*,*,#1339,.F.);
#1341=VECTOR('',#87,1.);
#1342=LINE('',#539,#1341);
#1343=EDGE_CURVE('',#540,#542,#1342,.T.);
#1344=ORIENTED_EDGE('',*,*,#1343,.T.);
#1345=VECTOR('',#122,1.);
#1346=LINE('',#543,#1345);
#1347=EDGE_CURVE('',#544,#542,#1346,.T.);
#1348=ORIENTED_EDGE('',*,*,#1347,.F.);
#1349=VECTOR('',#87,1.);
#1350=LINE('',#545,#1349);
#1351=EDGE_CURVE('',#546,#544,#1350,.T.);
#1352=ORIENTED_EDGE('',*,*,#1351,.F.);
#1353=VECTOR('',#122,1.);
#1354=LINE('',#547,#1353);
#1355=EDGE_CURVE('',#548,#546,#1354,.T.);
#1356=ORIENTED_EDGE('',*,*,#1355,.F.);
#1357=VECTOR('',#87,1.);
#1358=LINE('',#547,#1357);
#1359=EDGE_CURVE('',#548,#550,#1358,.T.);
#1360=ORIENTED_EDGE('',*,*,#1359,.T.);
#1361=VECTOR('',#122,1.);
#1362=LINE('',#551,#1361);
#1363=EDGE_CURVE('',#552,#550,#1362,.T.);
#1364=ORIENTED_EDGE('',*,*,#1363,.F.);
#1365=VECTOR('',#87,1.);
#1366=LINE('',#553,#1365);
#1367=EDGE_CURVE('',#554,#552,#1366,.T.);
#1368=ORIENTED_EDGE('',*,*,#1367,.F.);
#1369=VECTOR('',#122,1.);
#1370=LINE('',#555,#1369);
#1371=EDGE_CURVE('',#556,#554,#1370,.T.);
#1372=ORIENTED_EDGE('',*,*,#1371,.F.);
#1373=VECTOR('',#87,1.);
#1374=LINE('',#555,#1373);
#1375=EDGE_CURVE('',#556,#558,#1374,.T.);
#1376=ORIENTED_EDGE('',*,*,#1375,.T.);
#1377=VECTOR('',#122,1.);
#1378=LINE('',#559,#1377);
#1379=EDGE_CURVE('',#560,#558,#1378,.T.);
#1380=ORIENTED_EDGE('',*,*,#1379,.F.);
#1381=VECTOR('',#87,1.);
#1382=LINE('',#561,#1381);
#1383=EDGE_CURVE('',#562,#560,#1382,.T.);
#1384=ORIENTED_EDGE('',*,*,#1383,.F.);
#1385=VECTOR('',#122,1.);
#1386=LINE('',#563,#1385);
#1387=EDGE_CURVE('',#564,#562,#1386,.T.);
#1388=ORIENTED_EDGE('',*,*,#1387,.F.);
#1389=VECTOR('',#87,1.);
#1390=LINE('',#563,#1389);
#1391=EDGE_CURVE('',#564,#566,#1390,.T.);
#1392=ORIENTED_EDGE('',*,*,#1391,.T.);
#1393=VECTOR('',#122,1.);
#1394=LINE('',#567,#1393);
#1395=EDGE_CURVE('',#568,#566,#1394,.T.);
#1396=ORIENTED_EDGE('',*,*,#1395,.F.);
#1397=VECTOR('',#87,1.);
#1398=LINE('',#569,#1397);
#1399=EDGE_CURVE('',#570,#568,#1398,.T.);
#1400=ORIENTED_EDGE('',*,*,#1399,.F.);
#1401=VECTOR('',#122,1.);
#1402=LINE('',#571,#1401);
#1403=EDGE_CURVE('',#572,#570,#1402,.T.);
#1404=ORIENTED_EDGE('',*,*,#1403,.F.);
#1405=VECTOR('',#87,1.);
#1406=LINE('',#571,#1405);
#1407=EDGE_CURVE('',#572,#574,#1406,.T.);
#1408=ORIENTED_EDGE('',*,*,#1407,.T.);
#1409=VECTOR('',#122,1.);
#1410=LINE('',#575,#1409);
#1411=EDGE_CURVE('',#576,#574,#1410,.T.);
#1412=ORIENTED_EDGE('',*,*,#1411,.F.);
#1413=VECTOR('',#87,1.);
#1414=LINE('',#577,#1413);
#1415=EDGE_CURVE('',#578,#576,#1414,.T.);
#1416=ORIENTED_EDGE('',*,*,#1415,.F.);
#1417=VECTOR('',#122,1.);
#1418=LINE('',#579,#1417);
#1419=EDGE_CURVE('',#580,#578,#1418,.T.);
#1420=ORIENTED_EDGE('',*,*,#1419,.F.);
#1421=VECTOR('',#87,1.);
#1422=LINE('',#579,#1421);
#1423=EDGE_CURVE('',#580,#582,#1422,.T.);
#1424=ORIENTED_EDGE('',*,*,#1423,.T.);
#1425=VECTOR('',#122,1.);
#1426=LINE('',#583,#1425);
#1427=EDGE_CURVE('',#584,#582,#1426,.T.);
#1428=ORIENTED_EDGE('',*,*,#1427,.F.);
#1429=VECTOR('',#87,1.);
#1430=LINE('',#585,#1429);
#1431=EDGE_CURVE('',#586,#584,#1430,.T.);
#1432=ORIENTED_EDGE('',*,*,#1431,.F.);
#1433=VECTOR('',#122,1.);
#1434=LINE('',#587,#1433);
#1435=EDGE_CURVE('',#588,#586,#1434,.T.);
#1436=ORIENTED_EDGE('',*,*,#1435,.F.);
#1437=VECTOR('',#87,1.);
#1438=LINE('',#587,#1437);
#1439=EDGE_CURVE('',#588,#590,#1438,.T.);
#1440=ORIENTED_EDGE('',*,*,#1439,.T.);
#1441=VECTOR('',#122,1.);
#1442=LINE('',#591,#1441);
#1443=EDGE_CURVE('',#592,#590,#1442,.T.);
#1444=ORIENTED_EDGE('',*,*,#1443,.F.);
#1445=VECTOR('',#87,1.);
#1446=LINE('',#593,#1445);
#1447=EDGE_CURVE('',#594,#592,#1446,.T.);
#1448=ORIENTED_EDGE('',*,*,#1447,.F.);
#1449=VECTOR('',#122,1.);
#1450=LINE('',#595,#1449);
#1451=EDGE_CURVE('',#596,#594,#1450,.T.);
#1452=ORIENTED_EDGE('',*,*,#1451,.F.);
#1453=VECTOR('',#87,1.);
#1454=LINE('',#595,#1453);
#1455=EDGE_CURVE('',#596,#598,#1454,.T.);
#1456=ORIENTED_EDGE('',*,*,#1455,.T.);
#1457=VECTOR('',#122,1.);
#1458=LINE('',#599,#1457);
#1459=EDGE_CURVE('',#600,#598,#1458,.T.);
#1460=ORIENTED_EDGE('',*,*,#1459,.F.);
#1461=VECTOR('',#87,1.);
#1462=LINE('',#601,#1461);
#1463=EDGE_CURVE('',#602,#600,#1462,.T.);
#1464=ORIENTED_EDGE('',*,*,#1463,.F.);
#1465=VECTOR('',#122,1.);
#1466=LINE('',#603,#1465);
#1467=EDGE_CURVE('',#604,#602,#1466,.T.);
#1468=ORIENTED_EDGE('',*,*,#1467,.F.);
#1469=VECTOR('',#87,1.);
#1470=LINE('',#603,#1469);
#1471=EDGE_CURVE('',#604,#606,#1470,.T.);
#1472=ORIENTED_EDGE('',*,*,#1471,.T.);
#1473=VECTOR('',#122,1.);
#1474=LINE('',#607,#1473);
#1475=EDGE_CURVE('',#608,#606,#1474,.T.);
#1476=ORIENTED_EDGE('',*,*,#1475,.F.);
#1477=VECTOR('',#87,1.);
#1478=LINE('',#609,#1477);
#1479=EDGE_CURVE('',#610,#608,#1478,.T.);
#1480=ORIENTED_EDGE('',*,*,#1479,.F.);
#1481=VECTOR('',#122,1.);
#1482=LINE('',#611,#1481);
#1483=EDGE_CURVE('',#612,#610,#1482,.T.);
#1484=ORIENTED_EDGE('',*,*,#1483,.F.);
#1485=VECTOR('',#87,1.);
#1486=LINE('',#611,#1485);
#1487=EDGE_CURVE('',#612,#614,#1486,.T.);
#1488=ORIENTED_EDGE('',*,*,#1487,.T.);
#1489=VECTOR('',#122,1.);
#1490=LINE('',#615,#1489);
#1491=EDGE_CURVE('',#616,#614,#1490,.T.);
#1492=ORIENTED_EDGE('',*,*,#1491,.F.);
#1493=VECTOR('',#87,1.);
#1494=LINE('',#617,#1493);
#1495=EDGE_CURVE('',#618,#616,#1494,.T.);
#1496=ORIENTED_EDGE('',*,*,#1495,.F.);
#1497=VECTOR('',#122,1.);
#1498=LINE('',#619,#1497);
#1499=EDGE_CURVE('',#620,#618,#1498,.T.);
#1500=ORIENTED_EDGE('',*,*,#1499,.F.);
#1501=VECTOR('',#87,1.);
#1502=LINE('',#619,#1501);
#1503=EDGE_CURVE('',#620,#622,#1502,.T.);
#1504=ORIENTED_EDGE('',*,*,#1503,.T.);
#1505=VECTOR('',#122,1.);
#1506=LINE('',#623,#1505);
#1507=EDGE_CURVE('',#624,#622,#1506,.T.);
#1508=ORIENTED_EDGE('',*,*,#1507,.F.);
#1509=VECTOR('',#1068,1.);
#1510=LINE('',#185,#1509);
#1511=EDGE_CURVE('',#186,#624,#1510,.T.);
#1512=ORIENTED_EDGE('',*,*,#1511,.F.);
#1513=EDGE_LOOP('',(#628,#633,#638,#642,#647,#651,#655,#659,#663,#667,#671,#675,#679,#683,#687,#691,#695,#699,#703,#707,#711,#715,#719,#723,#727,#731,#735,#739,#743,#747,#751,#755,#759,#763,#767,#771,#775,#779,#783,#787,#791,#795,#799,#803,#807,#811,#815,#819,#823,#827,#831,#835,#839,#843,#848,#852,#857,#862,#866,#871,#875,#879,#883,#887,#891,#895,#899,#903,#907,#911,#915,#919,#923,#927,#931,#935,#939,#943,#947,#951,#955,#959,#963,#967,#971,#975,#979,#983,#987,#991,#995,#999,#1003,#1007,#1011,#1015,#1019,#1023,#1027,#1031,#1035,#1039,#1043,#1047,#1051,#1055,#1059,#1063,#1067,#1072,#1076,#1080,#1084,#1088,#1092,#1096,#1100,#1104,#1108,#1112,#1116,#1120,#1124,#1128,#1132,#1136,#1140,#1144,#1148,#1152,#1156,#1160,#1164,#1168,#1172,#1176,#1180,#1184,#1188,#1192,#1196,#1200,#1204,#1208,#1212,#1216,#1220,#1224,#1228,#1232,#1236,#1240,#1244,#1248,#1252,#1256,#1260,#1264,#1268,#1272,#1276,#1280,#1284,#1288,#1292,#1296,#1300,#1304,#1308,#1312,#1316,#1320,#1324,#1328,#1332,#1336,#1340,#1344,#1348,#1352,#1356,#1360,#1364,#1368,#1372,#1376,#1380,#1384,#1388,#1392,#1396,#1400,#1404,#1408,#1412,#1416,#1420,#1424,#1428,#1432,#1436,#1440,#1444,#1448,#1452,#1456,#1460,#1464,#1468,#1472,#1476,#1480,#1484,#1488,#1492,#1496,#1500,#1504,#1508,#1512));
#1514=FACE_BOUND('',#1513,.T.);
#1515=DIRECTION('',(0.,0.,1.));
#1516=AXIS2_PLACEMENT_3D('',#1,#1515,#87);
#1517=PLANE('',#1516);
#1518=ADVANCED_FACE('',(#184,#1514),#1517,.T.);
#1519=CARTESIAN_POINT('',(-9.376,-10.176,3.3));
#1520=VERTEX_POINT('',#1519);
#1521=CARTESIAN_POINT('',(-9.58305524,-10.1487407,3.3));
#1522=VERTEX_POINT('',#1521);
#1523=CARTESIAN_POINT('',(-9.776,-10.0688203,3.3));
#1524=VERTEX_POINT('',#1523);
#1525=CARTESIAN_POINT('',(-9.94168542,-9.94168542,3.3));
#1526=VERTEX_POINT('',#1525);
#1527=CARTESIAN_POINT('',(-10.0688203,-9.776,3.3));
#1528=VERTEX_POINT('',#1527);
#1529=CARTESIAN_POINT('',(-10.1487407,-9.58305524,3.3));
#1530=VERTEX_POINT('',#1529);
#1531=CARTESIAN_POINT('',(-10.176,-9.376,3.3));
#1532=VERTEX_POINT('',#1531);
#1533=CARTESIAN_POINT('',(-10.176,9.376,3.3));
#1534=VERTEX_POINT('',#1533);
#1535=CARTESIAN_POINT('',(-10.1487407,9.58305524,3.3));
#1536=VERTEX_POINT('',#1535);
#1537=CARTESIAN_POINT('',(-10.0688203,9.776,3.3));
#1538=VERTEX_POINT('',#1537);
#1539=CARTESIAN_POINT('',(-9.94168542,9.94168542,3.3));
#1540=VERTEX_POINT('',#1539);
#1541=CARTESIAN_POINT('',(-9.776,10.0688203,3.3));
#1542=VERTEX_POINT('',#1541);
#1543=CARTESIAN_POINT('',(-9.58305524,10.1487407,3.3));
#1544=VERTEX_POINT('',#1543);
#1545=CARTESIAN_POINT('',(-9.376,10.176,3.3));
#1546=VERTEX_POINT('',#1545);
#1547=CARTESIAN_POINT('',(9.376,10.176,3.3));
#1548=VERTEX_POINT('',#1547);
#1549=CARTESIAN_POINT('',(9.58305524,10.1487407,3.3));
#1550=VERTEX_POINT('',#1549);
#1551=CARTESIAN_POINT('',(9.776,10.0688203,3.3));
#1552=VERTEX_POINT('',#1551);
#1553=CARTESIAN_POINT('',(9.94168542,9.94168542,3.3));
#1554=VERTEX_POINT('',#1553);
#1555=CARTESIAN_POINT('',(10.0688203,9.776,3.3));
#1556=VERTEX_POINT('',#1555);
#1557=CARTESIAN_POINT('',(10.1487407,9.58305524,3.3));
#1558=VERTEX_POINT('',#1557);
#1559=CARTESIAN_POINT('',(10.176,9.376,3.3));
#1560=VERTEX_POINT('',#1559);
#1561=CARTESIAN_POINT('',(10.176,-9.376,3.3));
#1562=VERTEX_POINT('',#1561);
#1563=CARTESIAN_POINT('',(10.1487407,-9.58305524,3.3));
#1564=VERTEX_POINT('',#1563);
#1565=CARTESIAN_POINT('',(10.0688203,-9.776,3.3));
#1566=VERTEX_POINT('',#1565);
#1567=CARTESIAN_POINT('',(9.94168542,-9.94168542,3.3));
#1568=VERTEX_POINT('',#1567);
#1569=CARTESIAN_POINT('',(9.776,-10.0688203,3.3));
#1570=VERTEX_POINT('',#1569);
#1571=CARTESIAN_POINT('',(9.58305524,-10.1487407,3.3));
#1572=VERTEX_POINT('',#1571);
#1573=CARTESIAN_POINT('',(9.376,-10.176,3.3));
#1574=VERTEX_POINT('',#1573);
#1575=VECTOR('',#117,1.);
#1576=LINE('',#1521,#1575);
#1577=EDGE_CURVE('',#1522,#1520,#1576,.T.);
#1578=ORIENTED_EDGE('',*,*,#1577,.F.);
#1579=VECTOR('',#112,1.);
#1580=LINE('',#1523,#1579);
#1581=EDGE_CURVE('',#1524,#1522,#1580,.T.);
#1582=ORIENTED_EDGE('',*,*,#1581,.F.);
#1583=VECTOR('',#107,1.);
#1584=LINE('',#1525,#1583);
#1585=EDGE_CURVE('',#1526,#1524,#1584,.T.);
#1586=ORIENTED_EDGE('',*,*,#1585,.F.);
#1587=VECTOR('',#102,1.);
#1588=LINE('',#1527,#1587);
#1589=EDGE_CURVE('',#1528,#1526,#1588,.T.);
#1590=ORIENTED_EDGE('',*,*,#1589,.F.);
#1591=VECTOR('',#97,1.);
#1592=LINE('',#1529,#1591);
#1593=EDGE_CURVE('',#1530,#1528,#1592,.T.);
#1594=ORIENTED_EDGE('',*,*,#1593,.F.);
#1595=VECTOR('',#92,1.);
#1596=LINE('',#1531,#1595);
#1597=EDGE_CURVE('',#1532,#1530,#1596,.T.);
#1598=ORIENTED_EDGE('',*,*,#1597,.F.);
#1599=VECTOR('',#87,1.);
#1600=LINE('',#1531,#1599);
#1601=EDGE_CURVE('',#1532,#1534,#1600,.T.);
#1602=ORIENTED_EDGE('',*,*,#1601,.T.);
#1603=VECTOR('',#82,1.);
#1604=LINE('',#1533,#1603);
#1605=EDGE_CURVE('',#1534,#1536,#1604,.T.);
#1606=ORIENTED_EDGE('',*,*,#1605,.T.);
#1607=VECTOR('',#77,1.);
#1608=LINE('',#1535,#1607);
#1609=EDGE_CURVE('',#1536,#1538,#1608,.T.);
#1610=ORIENTED_EDGE('',*,*,#1609,.T.);
#1611=VECTOR('',#72,1.);
#1612=LINE('',#1537,#1611);
#1613=EDGE_CURVE('',#1538,#1540,#1612,.T.);
#1614=ORIENTED_EDGE('',*,*,#1613,.T.);
#1615=VECTOR('',#67,1.);
#1616=LINE('',#1539,#1615);
#1617=EDGE_CURVE('',#1540,#1542,#1616,.T.);
#1618=ORIENTED_EDGE('',*,*,#1617,.T.);
#1619=VECTOR('',#62,1.);
#1620=LINE('',#1541,#1619);
#1621=EDGE_CURVE('',#1542,#1544,#1620,.T.);
#1622=ORIENTED_EDGE('',*,*,#1621,.T.);
#1623=VECTOR('',#57,1.);
#1624=LINE('',#1543,#1623);
#1625=EDGE_CURVE('',#1544,#1546,#1624,.T.);
#1626=ORIENTED_EDGE('',*,*,#1625,.T.);
#1627=VECTOR('',#122,1.);
#1628=LINE('',#1545,#1627);
#1629=EDGE_CURVE('',#1546,#1548,#1628,.T.);
#1630=ORIENTED_EDGE('',*,*,#1629,.T.);
#1631=VECTOR('',#117,1.);
#1632=LINE('',#1547,#1631);
#1633=EDGE_CURVE('',#1548,#1550,#1632,.T.);
#1634=ORIENTED_EDGE('',*,*,#1633,.T.);
#1635=VECTOR('',#112,1.);
#1636=LINE('',#1549,#1635);
#1637=EDGE_CURVE('',#1550,#1552,#1636,.T.);
#1638=ORIENTED_EDGE('',*,*,#1637,.T.);
#1639=VECTOR('',#107,1.);
#1640=LINE('',#1551,#1639);
#1641=EDGE_CURVE('',#1552,#1554,#1640,.T.);
#1642=ORIENTED_EDGE('',*,*,#1641,.T.);
#1643=VECTOR('',#102,1.);
#1644=LINE('',#1553,#1643);
#1645=EDGE_CURVE('',#1554,#1556,#1644,.T.);
#1646=ORIENTED_EDGE('',*,*,#1645,.T.);
#1647=VECTOR('',#97,1.);
#1648=LINE('',#1555,#1647);
#1649=EDGE_CURVE('',#1556,#1558,#1648,.T.);
#1650=ORIENTED_EDGE('',*,*,#1649,.T.);
#1651=VECTOR('',#92,1.);
#1652=LINE('',#1557,#1651);
#1653=EDGE_CURVE('',#1558,#1560,#1652,.T.);
#1654=ORIENTED_EDGE('',*,*,#1653,.T.);
#1655=VECTOR('',#87,1.);
#1656=LINE('',#1561,#1655);
#1657=EDGE_CURVE('',#1562,#1560,#1656,.T.);
#1658=ORIENTED_EDGE('',*,*,#1657,.F.);
#1659=VECTOR('',#82,1.);
#1660=LINE('',#1563,#1659);
#1661=EDGE_CURVE('',#1564,#1562,#1660,.T.);
#1662=ORIENTED_EDGE('',*,*,#1661,.F.);
#1663=VECTOR('',#77,1.);
#1664=LINE('',#1565,#1663);
#1665=EDGE_CURVE('',#1566,#1564,#1664,.T.);
#1666=ORIENTED_EDGE('',*,*,#1665,.F.);
#1667=VECTOR('',#72,1.);
#1668=LINE('',#1567,#1667);
#1669=EDGE_CURVE('',#1568,#1566,#1668,.T.);
#1670=ORIENTED_EDGE('',*,*,#1669,.F.);
#1671=VECTOR('',#67,1.);
#1672=LINE('',#1569,#1671);
#1673=EDGE_CURVE('',#1570,#1568,#1672,.T.);
#1674=ORIENTED_EDGE('',*,*,#1673,.F.);
#1675=VECTOR('',#62,1.);
#1676=LINE('',#1571,#1675);
#1677=EDGE_CURVE('',#1572,#1570,#1676,.T.);
#1678=ORIENTED_EDGE('',*,*,#1677,.F.);
#1679=VECTOR('',#57,1.);
#1680=LINE('',#1573,#1679);
#1681=EDGE_CURVE('',#1574,#1572,#1680,.T.);
#1682=ORIENTED_EDGE('',*,*,#1681,.F.);
#1683=VECTOR('',#122,1.);
#1684=LINE('',#1519,#1683);
#1685=EDGE_CURVE('',#1520,#1574,#1684,.T.);
#1686=ORIENTED_EDGE('',*,*,#1685,.F.);
#1687=EDGE_LOOP('',(#1578,#1582,#1586,#1590,#1594,#1598,#1602,#1606,#1610,#1614,#1618,#1622,#1626,#1630,#1634,#1638,#1642,#1646,#1650,#1654,#1658,#1662,#1666,#1670,#1674,#1678,#1682,#1686));
#1688=FACE_OUTER_BOUND('',#1687,.T.);
#1689=CARTESIAN_POINT('',(-7.,-7.4,3.3));
#1690=VERTEX_POINT('',#1689);
#1691=CARTESIAN_POINT('',(-5.843,-7.4,3.3));
#1692=VERTEX_POINT('',#1691);
#1693=CARTESIAN_POINT('',(-5.843,-7.8,3.3));
#1694=VERTEX_POINT('',#1693);
#1695=CARTESIAN_POINT('',(-5.333,-7.8,3.3));
#1696=VERTEX_POINT('',#1695);
#1697=CARTESIAN_POINT('',(-5.333,-7.4,3.3));
#1698=VERTEX_POINT('',#1697);
#1699=CARTESIAN_POINT('',(-4.827,-7.4,3.3));
#1700=VERTEX_POINT('',#1699);
#1701=CARTESIAN_POINT('',(-4.827,-7.8,3.3));
#1702=VERTEX_POINT('',#1701);
#1703=CARTESIAN_POINT('',(-4.317,-7.8,3.3));
#1704=VERTEX_POINT('',#1703);
#1705=CARTESIAN_POINT('',(-4.317,-7.4,3.3));
#1706=VERTEX_POINT('',#1705);
#1707=CARTESIAN_POINT('',(-3.811,-7.4,3.3));
#1708=VERTEX_POINT('',#1707);
#1709=CARTESIAN_POINT('',(-3.811,-7.8,3.3));
#1710=VERTEX_POINT('',#1709);
#1711=CARTESIAN_POINT('',(-3.301,-7.8,3.3));
#1712=VERTEX_POINT('',#1711);
#1713=CARTESIAN_POINT('',(-3.301,-7.4,3.3));
#1714=VERTEX_POINT('',#1713);
#1715=CARTESIAN_POINT('',(-2.795,-7.4,3.3));
#1716=VERTEX_POINT('',#1715);
#1717=CARTESIAN_POINT('',(-2.795,-7.8,3.3));
#1718=VERTEX_POINT('',#1717);
#1719=CARTESIAN_POINT('',(-2.285,-7.8,3.3));
#1720=VERTEX_POINT('',#1719);
#1721=CARTESIAN_POINT('',(-2.285,-7.4,3.3));
#1722=VERTEX_POINT('',#1721);
#1723=CARTESIAN_POINT('',(-1.779,-7.4,3.3));
#1724=VERTEX_POINT('',#1723);
#1725=CARTESIAN_POINT('',(-1.779,-7.8,3.3));
#1726=VERTEX_POINT('',#1725);
#1727=CARTESIAN_POINT('',(-1.269,-7.8,3.3));
#1728=VERTEX_POINT('',#1727);
#1729=CARTESIAN_POINT('',(-1.269,-7.4,3.3));
#1730=VERTEX_POINT('',#1729);
#1731=CARTESIAN_POINT('',(-0.763,-7.4,3.3));
#1732=VERTEX_POINT('',#1731);
#1733=CARTESIAN_POINT('',(-0.763,-7.8,3.3));
#1734=VERTEX_POINT('',#1733);
#1735=CARTESIAN_POINT('',(-0.253,-7.8,3.3));
#1736=VERTEX_POINT('',#1735);
#1737=CARTESIAN_POINT('',(-0.253,-7.4,3.3));
#1738=VERTEX_POINT('',#1737);
#1739=CARTESIAN_POINT('',(0.253,-7.4,3.3));
#1740=VERTEX_POINT('',#1739);
#1741=CARTESIAN_POINT('',(0.253,-7.8,3.3));
#1742=VERTEX_POINT('',#1741);
#1743=CARTESIAN_POINT('',(0.763,-7.8,3.3));
#1744=VERTEX_POINT('',#1743);
#1745=CARTESIAN_POINT('',(0.763,-7.4,3.3));
#1746=VERTEX_POINT('',#1745);
#1747=CARTESIAN_POINT('',(1.269,-7.4,3.3));
#1748=VERTEX_POINT('',#1747);
#1749=CARTESIAN_POINT('',(1.269,-7.8,3.3));
#1750=VERTEX_POINT('',#1749);
#1751=CARTESIAN_POINT('',(1.779,-7.8,3.3));
#1752=VERTEX_POINT('',#1751);
#1753=CARTESIAN_POINT('',(1.779,-7.4,3.3));
#1754=VERTEX_POINT('',#1753);
#1755=CARTESIAN_POINT('',(2.285,-7.4,3.3));
#1756=VERTEX_POINT('',#1755);
#1757=CARTESIAN_POINT('',(2.285,-7.8,3.3));
#1758=VERTEX_POINT('',#1757);
#1759=CARTESIAN_POINT('',(2.795,-7.8,3.3));
#1760=VERTEX_POINT('',#1759);
#1761=CARTESIAN_POINT('',(2.795,-7.4,3.3));
#1762=VERTEX_POINT('',#1761);
#1763=CARTESIAN_POINT('',(3.301,-7.4,3.3));
#1764=VERTEX_POINT('',#1763);
#1765=CARTESIAN_POINT('',(3.301,-7.8,3.3));
#1766=VERTEX_POINT('',#1765);
#1767=CARTESIAN_POINT('',(3.811,-7.8,3.3));
#1768=VERTEX_POINT('',#1767);
#1769=CARTESIAN_POINT('',(3.811,-7.4,3.3));
#1770=VERTEX_POINT('',#1769);
#1771=CARTESIAN_POINT('',(4.317,-7.4,3.3));
#1772=VERTEX_POINT('',#1771);
#1773=CARTESIAN_POINT('',(4.317,-7.8,3.3));
#1774=VERTEX_POINT('',#1773);
#1775=CARTESIAN_POINT('',(4.827,-7.8,3.3));
#1776=VERTEX_POINT('',#1775);
#1777=CARTESIAN_POINT('',(4.827,-7.4,3.3));
#1778=VERTEX_POINT('',#1777);
#1779=CARTESIAN_POINT('',(5.333,-7.4,3.3));
#1780=VERTEX_POINT('',#1779);
#1781=CARTESIAN_POINT('',(5.333,-7.8,3.3));
#1782=VERTEX_POINT('',#1781);
#1783=CARTESIAN_POINT('',(5.843,-7.8,3.3));
#1784=VERTEX_POINT('',#1783);
#1785=CARTESIAN_POINT('',(5.843,-7.4,3.3));
#1786=VERTEX_POINT('',#1785);
#1787=CARTESIAN_POINT('',(7.,-7.4,3.3));
#1788=VERTEX_POINT('',#1787);
#1789=CARTESIAN_POINT('',(7.10352762,-7.38637033,3.3));
#1790=VERTEX_POINT('',#1789);
#1791=CARTESIAN_POINT('',(7.2,-7.34641016,3.3));
#1792=VERTEX_POINT('',#1791);
#1793=CARTESIAN_POINT('',(7.28284271,-7.28284271,3.3));
#1794=VERTEX_POINT('',#1793);
#1795=CARTESIAN_POINT('',(7.34641016,-7.2,3.3));
#1796=VERTEX_POINT('',#1795);
#1797=CARTESIAN_POINT('',(7.38637033,-7.10352762,3.3));
#1798=VERTEX_POINT('',#1797);
#1799=CARTESIAN_POINT('',(7.4,-7.,3.3));
#1800=VERTEX_POINT('',#1799);
#1801=CARTESIAN_POINT('',(7.4,-5.843,3.3));
#1802=VERTEX_POINT('',#1801);
#1803=CARTESIAN_POINT('',(7.8,-5.843,3.3));
#1804=VERTEX_POINT('',#1803);
#1805=CARTESIAN_POINT('',(7.8,-5.333,3.3));
#1806=VERTEX_POINT('',#1805);
#1807=CARTESIAN_POINT('',(7.4,-5.333,3.3));
#1808=VERTEX_POINT('',#1807);
#1809=CARTESIAN_POINT('',(7.4,-4.827,3.3));
#1810=VERTEX_POINT('',#1809);
#1811=CARTESIAN_POINT('',(7.8,-4.827,3.3));
#1812=VERTEX_POINT('',#1811);
#1813=CARTESIAN_POINT('',(7.8,-4.317,3.3));
#1814=VERTEX_POINT('',#1813);
#1815=CARTESIAN_POINT('',(7.4,-4.317,3.3));
#1816=VERTEX_POINT('',#1815);
#1817=CARTESIAN_POINT('',(7.4,-3.811,3.3));
#1818=VERTEX_POINT('',#1817);
#1819=CARTESIAN_POINT('',(7.8,-3.811,3.3));
#1820=VERTEX_POINT('',#1819);
#1821=CARTESIAN_POINT('',(7.8,-3.301,3.3));
#1822=VERTEX_POINT('',#1821);
#1823=CARTESIAN_POINT('',(7.4,-3.301,3.3));
#1824=VERTEX_POINT('',#1823);
#1825=CARTESIAN_POINT('',(7.4,-2.795,3.3));
#1826=VERTEX_POINT('',#1825);
#1827=CARTESIAN_POINT('',(7.8,-2.795,3.3));
#1828=VERTEX_POINT('',#1827);
#1829=CARTESIAN_POINT('',(7.8,-2.285,3.3));
#1830=VERTEX_POINT('',#1829);
#1831=CARTESIAN_POINT('',(7.4,-2.285,3.3));
#1832=VERTEX_POINT('',#1831);
#1833=CARTESIAN_POINT('',(7.4,-1.779,3.3));
#1834=VERTEX_POINT('',#1833);
#1835=CARTESIAN_POINT('',(7.8,-1.779,3.3));
#1836=VERTEX_POINT('',#1835);
#1837=CARTESIAN_POINT('',(7.8,-1.269,3.3));
#1838=VERTEX_POINT('',#1837);
#1839=CARTESIAN_POINT('',(7.4,-1.269,3.3));
#1840=VERTEX_POINT('',#1839);
#1841=CARTESIAN_POINT('',(7.4,-0.763,3.3));
#1842=VERTEX_POINT('',#1841);
#1843=CARTESIAN_POINT('',(7.8,-0.763,3.3));
#1844=VERTEX_POINT('',#1843);
#1845=CARTESIAN_POINT('',(7.8,-0.253,3.3));
#1846=VERTEX_POINT('',#1845);
#1847=CARTESIAN_POINT('',(7.4,-0.253,3.3));
#1848=VERTEX_POINT('',#1847);
#1849=CARTESIAN_POINT('',(7.4,0.253,3.3));
#1850=VERTEX_POINT('',#1849);
#1851=CARTESIAN_POINT('',(7.8,0.253,3.3));
#1852=VERTEX_POINT('',#1851);
#1853=CARTESIAN_POINT('',(7.8,0.763,3.3));
#1854=VERTEX_POINT('',#1853);
#1855=CARTESIAN_POINT('',(7.4,0.763,3.3));
#1856=VERTEX_POINT('',#1855);
#1857=CARTESIAN_POINT('',(7.4,1.269,3.3));
#1858=VERTEX_POINT('',#1857);
#1859=CARTESIAN_POINT('',(7.8,1.269,3.3));
#1860=VERTEX_POINT('',#1859);
#1861=CARTESIAN_POINT('',(7.8,1.779,3.3));
#1862=VERTEX_POINT('',#1861);
#1863=CARTESIAN_POINT('',(7.4,1.779,3.3));
#1864=VERTEX_POINT('',#1863);
#1865=CARTESIAN_POINT('',(7.4,2.285,3.3));
#1866=VERTEX_POINT('',#1865);
#1867=CARTESIAN_POINT('',(7.8,2.285,3.3));
#1868=VERTEX_POINT('',#1867);
#1869=CARTESIAN_POINT('',(7.8,2.795,3.3));
#1870=VERTEX_POINT('',#1869);
#1871=CARTESIAN_POINT('',(7.4,2.795,3.3));
#1872=VERTEX_POINT('',#1871);
#1873=CARTESIAN_POINT('',(7.4,3.301,3.3));
#1874=VERTEX_POINT('',#1873);
#1875=CARTESIAN_POINT('',(7.8,3.301,3.3));
#1876=VERTEX_POINT('',#1875);
#1877=CARTESIAN_POINT('',(7.8,3.811,3.3));
#1878=VERTEX_POINT('',#1877);
#1879=CARTESIAN_POINT('',(7.4,3.811,3.3));
#1880=VERTEX_POINT('',#1879);
#1881=CARTESIAN_POINT('',(7.4,4.317,3.3));
#1882=VERTEX_POINT('',#1881);
#1883=CARTESIAN_POINT('',(7.8,4.317,3.3));
#1884=VERTEX_POINT('',#1883);
#1885=CARTESIAN_POINT('',(7.8,4.827,3.3));
#1886=VERTEX_POINT('',#1885);
#1887=CARTESIAN_POINT('',(7.4,4.827,3.3));
#1888=VERTEX_POINT('',#1887);
#1889=CARTESIAN_POINT('',(7.4,5.333,3.3));
#1890=VERTEX_POINT('',#1889);
#1891=CARTESIAN_POINT('',(7.8,5.333,3.3));
#1892=VERTEX_POINT('',#1891);
#1893=CARTESIAN_POINT('',(7.8,5.843,3.3));
#1894=VERTEX_POINT('',#1893);
#1895=CARTESIAN_POINT('',(7.4,5.843,3.3));
#1896=VERTEX_POINT('',#1895);
#1897=CARTESIAN_POINT('',(7.4,7.,3.3));
#1898=VERTEX_POINT('',#1897);
#1899=CARTESIAN_POINT('',(7.38637033,7.10352762,3.3));
#1900=VERTEX_POINT('',#1899);
#1901=CARTESIAN_POINT('',(7.34641016,7.2,3.3));
#1902=VERTEX_POINT('',#1901);
#1903=CARTESIAN_POINT('',(7.28284271,7.28284271,3.3));
#1904=VERTEX_POINT('',#1903);
#1905=CARTESIAN_POINT('',(7.2,7.34641016,3.3));
#1906=VERTEX_POINT('',#1905);
#1907=CARTESIAN_POINT('',(7.10352762,7.38637033,3.3));
#1908=VERTEX_POINT('',#1907);
#1909=CARTESIAN_POINT('',(7.,7.4,3.3));
#1910=VERTEX_POINT('',#1909);
#1911=CARTESIAN_POINT('',(5.843,7.4,3.3));
#1912=VERTEX_POINT('',#1911);
#1913=CARTESIAN_POINT('',(5.843,7.8,3.3));
#1914=VERTEX_POINT('',#1913);
#1915=CARTESIAN_POINT('',(5.333,7.8,3.3));
#1916=VERTEX_POINT('',#1915);
#1917=CARTESIAN_POINT('',(5.333,7.4,3.3));
#1918=VERTEX_POINT('',#1917);
#1919=CARTESIAN_POINT('',(4.827,7.4,3.3));
#1920=VERTEX_POINT('',#1919);
#1921=CARTESIAN_POINT('',(4.827,7.8,3.3));
#1922=VERTEX_POINT('',#1921);
#1923=CARTESIAN_POINT('',(4.317,7.8,3.3));
#1924=VERTEX_POINT('',#1923);
#1925=CARTESIAN_POINT('',(4.317,7.4,3.3));
#1926=VERTEX_POINT('',#1925);
#1927=CARTESIAN_POINT('',(3.811,7.4,3.3));
#1928=VERTEX_POINT('',#1927);
#1929=CARTESIAN_POINT('',(3.811,7.8,3.3));
#1930=VERTEX_POINT('',#1929);
#1931=CARTESIAN_POINT('',(3.301,7.8,3.3));
#1932=VERTEX_POINT('',#1931);
#1933=CARTESIAN_POINT('',(3.301,7.4,3.3));
#1934=VERTEX_POINT('',#1933);
#1935=CARTESIAN_POINT('',(2.795,7.4,3.3));
#1936=VERTEX_POINT('',#1935);
#1937=CARTESIAN_POINT('',(2.795,7.8,3.3));
#1938=VERTEX_POINT('',#1937);
#1939=CARTESIAN_POINT('',(2.285,7.8,3.3));
#1940=VERTEX_POINT('',#1939);
#1941=CARTESIAN_POINT('',(2.285,7.4,3.3));
#1942=VERTEX_POINT('',#1941);
#1943=CARTESIAN_POINT('',(1.779,7.4,3.3));
#1944=VERTEX_POINT('',#1943);
#1945=CARTESIAN_POINT('',(1.779,7.8,3.3));
#1946=VERTEX_POINT('',#1945);
#1947=CARTESIAN_POINT('',(1.269,7.8,3.3));
#1948=VERTEX_POINT('',#1947);
#1949=CARTESIAN_POINT('',(1.269,7.4,3.3));
#1950=VERTEX_POINT('',#1949);
#1951=CARTESIAN_POINT('',(0.763,7.4,3.3));
#1952=VERTEX_POINT('',#1951);
#1953=CARTESIAN_POINT('',(0.763,7.8,3.3));
#1954=VERTEX_POINT('',#1953);
#1955=CARTESIAN_POINT('',(0.253,7.8,3.3));
#1956=VERTEX_POINT('',#1955);
#1957=CARTESIAN_POINT('',(0.253,7.4,3.3));
#1958=VERTEX_POINT('',#1957);
#1959=CARTESIAN_POINT('',(-0.253,7.4,3.3));
#1960=VERTEX_POINT('',#1959);
#1961=CARTESIAN_POINT('',(-0.253,7.8,3.3));
#1962=VERTEX_POINT('',#1961);
#1963=CARTESIAN_POINT('',(-0.763,7.8,3.3));
#1964=VERTEX_POINT('',#1963);
#1965=CARTESIAN_POINT('',(-0.763,7.4,3.3));
#1966=VERTEX_POINT('',#1965);
#1967=CARTESIAN_POINT('',(-1.269,7.4,3.3));
#1968=VERTEX_POINT('',#1967);
#1969=CARTESIAN_POINT('',(-1.269,7.8,3.3));
#1970=VERTEX_POINT('',#1969);
#1971=CARTESIAN_POINT('',(-1.779,7.8,3.3));
#1972=VERTEX_POINT('',#1971);
#1973=CARTESIAN_POINT('',(-1.779,7.4,3.3));
#1974=VERTEX_POINT('',#1973);
#1975=CARTESIAN_POINT('',(-2.285,7.4,3.3));
#1976=VERTEX_POINT('',#1975);
#1977=CARTESIAN_POINT('',(-2.285,7.8,3.3));
#1978=VERTEX_POINT('',#1977);
#1979=CARTESIAN_POINT('',(-2.795,7.8,3.3));
#1980=VERTEX_POINT('',#1979);
#1981=CARTESIAN_POINT('',(-2.795,7.4,3.3));
#1982=VERTEX_POINT('',#1981);
#1983=CARTESIAN_POINT('',(-3.301,7.4,3.3));
#1984=VERTEX_POINT('',#1983);
#1985=CARTESIAN_POINT('',(-3.301,7.8,3.3));
#1986=VERTEX_POINT('',#1985);
#1987=CARTESIAN_POINT('',(-3.811,7.8,3.3));
#1988=VERTEX_POINT('',#1987);
#1989=CARTESIAN_POINT('',(-3.811,7.4,3.3));
#1990=VERTEX_POINT('',#1989);
#1991=CARTESIAN_POINT('',(-4.317,7.4,3.3));
#1992=VERTEX_POINT('',#1991);
#1993=CARTESIAN_POINT('',(-4.317,7.8,3.3));
#1994=VERTEX_POINT('',#1993);
#1995=CARTESIAN_POINT('',(-4.827,7.8,3.3));
#1996=VERTEX_POINT('',#1995);
#1997=CARTESIAN_POINT('',(-4.827,7.4,3.3));
#1998=VERTEX_POINT('',#1997);
#1999=CARTESIAN_POINT('',(-5.333,7.4,3.3));
#2000=VERTEX_POINT('',#1999);
#2001=CARTESIAN_POINT('',(-5.333,7.8,3.3));
#2002=VERTEX_POINT('',#2001);
#2003=CARTESIAN_POINT('',(-5.843,7.8,3.3));
#2004=VERTEX_POINT('',#2003);
#2005=CARTESIAN_POINT('',(-5.843,7.4,3.3));
#2006=VERTEX_POINT('',#2005);
#2007=CARTESIAN_POINT('',(-7.,7.4,3.3));
#2008=VERTEX_POINT('',#2007);
#2009=CARTESIAN_POINT('',(-7.10352762,7.38637033,3.3));
#2010=VERTEX_POINT('',#2009);
#2011=CARTESIAN_POINT('',(-7.2,7.34641016,3.3));
#2012=VERTEX_POINT('',#2011);
#2013=CARTESIAN_POINT('',(-7.28284271,7.28284271,3.3));
#2014=VERTEX_POINT('',#2013);
#2015=CARTESIAN_POINT('',(-7.34641016,7.2,3.3));
#2016=VERTEX_POINT('',#2015);
#2017=CARTESIAN_POINT('',(-7.38637033,7.10352762,3.3));
#2018=VERTEX_POINT('',#2017);
#2019=CARTESIAN_POINT('',(-7.4,7.,3.3));
#2020=VERTEX_POINT('',#2019);
#2021=CARTESIAN_POINT('',(-7.4,5.843,3.3));
#2022=VERTEX_POINT('',#2021);
#2023=CARTESIAN_POINT('',(-7.8,5.843,3.3));
#2024=VERTEX_POINT('',#2023);
#2025=CARTESIAN_POINT('',(-7.8,5.333,3.3));
#2026=VERTEX_POINT('',#2025);
#2027=CARTESIAN_POINT('',(-7.4,5.333,3.3));
#2028=VERTEX_POINT('',#2027);
#2029=CARTESIAN_POINT('',(-7.4,4.827,3.3));
#2030=VERTEX_POINT('',#2029);
#2031=CARTESIAN_POINT('',(-7.8,4.827,3.3));
#2032=VERTEX_POINT('',#2031);
#2033=CARTESIAN_POINT('',(-7.8,4.317,3.3));
#2034=VERTEX_POINT('',#2033);
#2035=CARTESIAN_POINT('',(-7.4,4.317,3.3));
#2036=VERTEX_POINT('',#2035);
#2037=CARTESIAN_POINT('',(-7.4,3.811,3.3));
#2038=VERTEX_POINT('',#2037);
#2039=CARTESIAN_POINT('',(-7.8,3.811,3.3));
#2040=VERTEX_POINT('',#2039);
#2041=CARTESIAN_POINT('',(-7.8,3.301,3.3));
#2042=VERTEX_POINT('',#2041);
#2043=CARTESIAN_POINT('',(-7.4,3.301,3.3));
#2044=VERTEX_POINT('',#2043);
#2045=CARTESIAN_POINT('',(-7.4,2.795,3.3));
#2046=VERTEX_POINT('',#2045);
#2047=CARTESIAN_POINT('',(-7.8,2.795,3.3));
#2048=VERTEX_POINT('',#2047);
#2049=CARTESIAN_POINT('',(-7.8,2.285,3.3));
#2050=VERTEX_POINT('',#2049);
#2051=CARTESIAN_POINT('',(-7.4,2.285,3.3));
#2052=VERTEX_POINT('',#2051);
#2053=CARTESIAN_POINT('',(-7.4,1.779,3.3));
#2054=VERTEX_POINT('',#2053);
#2055=CARTESIAN_POINT('',(-7.8,1.779,3.3));
#2056=VERTEX_POINT('',#2055);
#2057=CARTESIAN_POINT('',(-7.8,1.269,3.3));
#2058=VERTEX_POINT('',#2057);
#2059=CARTESIAN_POINT('',(-7.4,1.269,3.3));
#2060=VERTEX_POINT('',#2059);
#2061=CARTESIAN_POINT('',(-7.4,0.763,3.3));
#2062=VERTEX_POINT('',#2061);
#2063=CARTESIAN_POINT('',(-7.8,0.763,3.3));
#2064=VERTEX_POINT('',#2063);
#2065=CARTESIAN_POINT('',(-7.8,0.253,3.3));
#2066=VERTEX_POINT('',#2065);
#2067=CARTESIAN_POINT('',(-7.4,0.253,3.3));
#2068=VERTEX_POINT('',#2067);
#2069=CARTESIAN_POINT('',(-7.4,-0.253,3.3));
#2070=VERTEX_POINT('',#2069);
#2071=CARTESIAN_POINT('',(-7.8,-0.253,3.3));
#2072=VERTEX_POINT('',#2071);
#2073=CARTESIAN_POINT('',(-7.8,-0.763,3.3));
#2074=VERTEX_POINT('',#2073);
#2075=CARTESIAN_POINT('',(-7.4,-0.763,3.3));
#2076=VERTEX_POINT('',#2075);
#2077=CARTESIAN_POINT('',(-7.4,-1.269,3.3));
#2078=VERTEX_POINT('',#2077);
#2079=CARTESIAN_POINT('',(-7.8,-1.269,3.3));
#2080=VERTEX_POINT('',#2079);
#2081=CARTESIAN_POINT('',(-7.8,-1.779,3.3));
#2082=VERTEX_POINT('',#2081);
#2083=CARTESIAN_POINT('',(-7.4,-1.779,3.3));
#2084=VERTEX_POINT('',#2083);
#2085=CARTESIAN_POINT('',(-7.4,-2.285,3.3));
#2086=VERTEX_POINT('',#2085);
#2087=CARTESIAN_POINT('',(-7.8,-2.285,3.3));
#2088=VERTEX_POINT('',#2087);
#2089=CARTESIAN_POINT('',(-7.8,-2.795,3.3));
#2090=VERTEX_POINT('',#2089);
#2091=CARTESIAN_POINT('',(-7.4,-2.795,3.3));
#2092=VERTEX_POINT('',#2091);
#2093=CARTESIAN_POINT('',(-7.4,-3.301,3.3));
#2094=VERTEX_POINT('',#2093);
#2095=CARTESIAN_POINT('',(-7.8,-3.301,3.3));
#2096=VERTEX_POINT('',#2095);
#2097=CARTESIAN_POINT('',(-7.8,-3.811,3.3));
#2098=VERTEX_POINT('',#2097);
#2099=CARTESIAN_POINT('',(-7.4,-3.811,3.3));
#2100=VERTEX_POINT('',#2099);
#2101=CARTESIAN_POINT('',(-7.4,-4.317,3.3));
#2102=VERTEX_POINT('',#2101);
#2103=CARTESIAN_POINT('',(-7.8,-4.317,3.3));
#2104=VERTEX_POINT('',#2103);
#2105=CARTESIAN_POINT('',(-7.8,-4.827,3.3));
#2106=VERTEX_POINT('',#2105);
#2107=CARTESIAN_POINT('',(-7.4,-4.827,3.3));
#2108=VERTEX_POINT('',#2107);
#2109=CARTESIAN_POINT('',(-7.4,-5.333,3.3));
#2110=VERTEX_POINT('',#2109);
#2111=CARTESIAN_POINT('',(-7.8,-5.333,3.3));
#2112=VERTEX_POINT('',#2111);
#2113=CARTESIAN_POINT('',(-7.8,-5.843,3.3));
#2114=VERTEX_POINT('',#2113);
#2115=CARTESIAN_POINT('',(-7.4,-5.843,3.3));
#2116=VERTEX_POINT('',#2115);
#2117=CARTESIAN_POINT('',(-7.4,-7.,3.3));
#2118=VERTEX_POINT('',#2117);
#2119=CARTESIAN_POINT('',(-7.38637033,-7.10352762,3.3));
#2120=VERTEX_POINT('',#2119);
#2121=CARTESIAN_POINT('',(-7.34641016,-7.2,3.3));
#2122=VERTEX_POINT('',#2121);
#2123=CARTESIAN_POINT('',(-7.28284271,-7.28284271,3.3));
#2124=VERTEX_POINT('',#2123);
#2125=CARTESIAN_POINT('',(-7.2,-7.34641016,3.3));
#2126=VERTEX_POINT('',#2125);
#2127=CARTESIAN_POINT('',(-7.10352762,-7.38637033,3.3));
#2128=VERTEX_POINT('',#2127);
#2129=VECTOR('',#122,1.);
#2130=LINE('',#1689,#2129);
#2131=EDGE_CURVE('',#1690,#1692,#2130,.T.);
#2132=ORIENTED_EDGE('',*,*,#2131,.T.);
#2133=VECTOR('',#87,1.);
#2134=LINE('',#1693,#2133);
#2135=EDGE_CURVE('',#1694,#1692,#2134,.T.);
#2136=ORIENTED_EDGE('',*,*,#2135,.F.);
#2137=VECTOR('',#122,1.);
#2138=LINE('',#1693,#2137);
#2139=EDGE_CURVE('',#1694,#1696,#2138,.T.);
#2140=ORIENTED_EDGE('',*,*,#2139,.T.);
#2141=VECTOR('',#87,1.);
#2142=LINE('',#1695,#2141);
#2143=EDGE_CURVE('',#1696,#1698,#2142,.T.);
#2144=ORIENTED_EDGE('',*,*,#2143,.T.);
#2145=VECTOR('',#122,1.);
#2146=LINE('',#1697,#2145);
#2147=EDGE_CURVE('',#1698,#1700,#2146,.T.);
#2148=ORIENTED_EDGE('',*,*,#2147,.T.);
#2149=VECTOR('',#87,1.);
#2150=LINE('',#1701,#2149);
#2151=EDGE_CURVE('',#1702,#1700,#2150,.T.);
#2152=ORIENTED_EDGE('',*,*,#2151,.F.);
#2153=VECTOR('',#122,1.);
#2154=LINE('',#1701,#2153);
#2155=EDGE_CURVE('',#1702,#1704,#2154,.T.);
#2156=ORIENTED_EDGE('',*,*,#2155,.T.);
#2157=VECTOR('',#87,1.);
#2158=LINE('',#1703,#2157);
#2159=EDGE_CURVE('',#1704,#1706,#2158,.T.);
#2160=ORIENTED_EDGE('',*,*,#2159,.T.);
#2161=VECTOR('',#122,1.);
#2162=LINE('',#1705,#2161);
#2163=EDGE_CURVE('',#1706,#1708,#2162,.T.);
#2164=ORIENTED_EDGE('',*,*,#2163,.T.);
#2165=VECTOR('',#87,1.);
#2166=LINE('',#1709,#2165);
#2167=EDGE_CURVE('',#1710,#1708,#2166,.T.);
#2168=ORIENTED_EDGE('',*,*,#2167,.F.);
#2169=VECTOR('',#122,1.);
#2170=LINE('',#1709,#2169);
#2171=EDGE_CURVE('',#1710,#1712,#2170,.T.);
#2172=ORIENTED_EDGE('',*,*,#2171,.T.);
#2173=VECTOR('',#87,1.);
#2174=LINE('',#1711,#2173);
#2175=EDGE_CURVE('',#1712,#1714,#2174,.T.);
#2176=ORIENTED_EDGE('',*,*,#2175,.T.);
#2177=VECTOR('',#122,1.);
#2178=LINE('',#1713,#2177);
#2179=EDGE_CURVE('',#1714,#1716,#2178,.T.);
#2180=ORIENTED_EDGE('',*,*,#2179,.T.);
#2181=VECTOR('',#87,1.);
#2182=LINE('',#1717,#2181);
#2183=EDGE_CURVE('',#1718,#1716,#2182,.T.);
#2184=ORIENTED_EDGE('',*,*,#2183,.F.);
#2185=VECTOR('',#122,1.);
#2186=LINE('',#1717,#2185);
#2187=EDGE_CURVE('',#1718,#1720,#2186,.T.);
#2188=ORIENTED_EDGE('',*,*,#2187,.T.);
#2189=VECTOR('',#87,1.);
#2190=LINE('',#1719,#2189);
#2191=EDGE_CURVE('',#1720,#1722,#2190,.T.);
#2192=ORIENTED_EDGE('',*,*,#2191,.T.);
#2193=VECTOR('',#122,1.);
#2194=LINE('',#1721,#2193);
#2195=EDGE_CURVE('',#1722,#1724,#2194,.T.);
#2196=ORIENTED_EDGE('',*,*,#2195,.T.);
#2197=VECTOR('',#87,1.);
#2198=LINE('',#1725,#2197);
#2199=EDGE_CURVE('',#1726,#1724,#2198,.T.);
#2200=ORIENTED_EDGE('',*,*,#2199,.F.);
#2201=VECTOR('',#122,1.);
#2202=LINE('',#1725,#2201);
#2203=EDGE_CURVE('',#1726,#1728,#2202,.T.);
#2204=ORIENTED_EDGE('',*,*,#2203,.T.);
#2205=VECTOR('',#87,1.);
#2206=LINE('',#1727,#2205);
#2207=EDGE_CURVE('',#1728,#1730,#2206,.T.);
#2208=ORIENTED_EDGE('',*,*,#2207,.T.);
#2209=VECTOR('',#122,1.);
#2210=LINE('',#1729,#2209);
#2211=EDGE_CURVE('',#1730,#1732,#2210,.T.);
#2212=ORIENTED_EDGE('',*,*,#2211,.T.);
#2213=VECTOR('',#87,1.);
#2214=LINE('',#1733,#2213);
#2215=EDGE_CURVE('',#1734,#1732,#2214,.T.);
#2216=ORIENTED_EDGE('',*,*,#2215,.F.);
#2217=VECTOR('',#122,1.);
#2218=LINE('',#1733,#2217);
#2219=EDGE_CURVE('',#1734,#1736,#2218,.T.);
#2220=ORIENTED_EDGE('',*,*,#2219,.T.);
#2221=VECTOR('',#87,1.);
#2222=LINE('',#1735,#2221);
#2223=EDGE_CURVE('',#1736,#1738,#2222,.T.);
#2224=ORIENTED_EDGE('',*,*,#2223,.T.);
#2225=VECTOR('',#122,1.);
#2226=LINE('',#1737,#2225);
#2227=EDGE_CURVE('',#1738,#1740,#2226,.T.);
#2228=ORIENTED_EDGE('',*,*,#2227,.T.);
#2229=VECTOR('',#87,1.);
#2230=LINE('',#1741,#2229);
#2231=EDGE_CURVE('',#1742,#1740,#2230,.T.);
#2232=ORIENTED_EDGE('',*,*,#2231,.F.);
#2233=VECTOR('',#122,1.);
#2234=LINE('',#1741,#2233);
#2235=EDGE_CURVE('',#1742,#1744,#2234,.T.);
#2236=ORIENTED_EDGE('',*,*,#2235,.T.);
#2237=VECTOR('',#87,1.);
#2238=LINE('',#1743,#2237);
#2239=EDGE_CURVE('',#1744,#1746,#2238,.T.);
#2240=ORIENTED_EDGE('',*,*,#2239,.T.);
#2241=VECTOR('',#122,1.);
#2242=LINE('',#1745,#2241);
#2243=EDGE_CURVE('',#1746,#1748,#2242,.T.);
#2244=ORIENTED_EDGE('',*,*,#2243,.T.);
#2245=VECTOR('',#87,1.);
#2246=LINE('',#1749,#2245);
#2247=EDGE_CURVE('',#1750,#1748,#2246,.T.);
#2248=ORIENTED_EDGE('',*,*,#2247,.F.);
#2249=VECTOR('',#122,1.);
#2250=LINE('',#1749,#2249);
#2251=EDGE_CURVE('',#1750,#1752,#2250,.T.);
#2252=ORIENTED_EDGE('',*,*,#2251,.T.);
#2253=VECTOR('',#87,1.);
#2254=LINE('',#1751,#2253);
#2255=EDGE_CURVE('',#1752,#1754,#2254,.T.);
#2256=ORIENTED_EDGE('',*,*,#2255,.T.);
#2257=VECTOR('',#122,1.);
#2258=LINE('',#1753,#2257);
#2259=EDGE_CURVE('',#1754,#1756,#2258,.T.);
#2260=ORIENTED_EDGE('',*,*,#2259,.T.);
#2261=VECTOR('',#87,1.);
#2262=LINE('',#1757,#2261);
#2263=EDGE_CURVE('',#1758,#1756,#2262,.T.);
#2264=ORIENTED_EDGE('',*,*,#2263,.F.);
#2265=VECTOR('',#122,1.);
#2266=LINE('',#1757,#2265);
#2267=EDGE_CURVE('',#1758,#1760,#2266,.T.);
#2268=ORIENTED_EDGE('',*,*,#2267,.T.);
#2269=VECTOR('',#87,1.);
#2270=LINE('',#1759,#2269);
#2271=EDGE_CURVE('',#1760,#1762,#2270,.T.);
#2272=ORIENTED_EDGE('',*,*,#2271,.T.);
#2273=VECTOR('',#122,1.);
#2274=LINE('',#1761,#2273);
#2275=EDGE_CURVE('',#1762,#1764,#2274,.T.);
#2276=ORIENTED_EDGE('',*,*,#2275,.T.);
#2277=VECTOR('',#87,1.);
#2278=LINE('',#1765,#2277);
#2279=EDGE_CURVE('',#1766,#1764,#2278,.T.);
#2280=ORIENTED_EDGE('',*,*,#2279,.F.);
#2281=VECTOR('',#122,1.);
#2282=LINE('',#1765,#2281);
#2283=EDGE_CURVE('',#1766,#1768,#2282,.T.);
#2284=ORIENTED_EDGE('',*,*,#2283,.T.);
#2285=VECTOR('',#87,1.);
#2286=LINE('',#1767,#2285);
#2287=EDGE_CURVE('',#1768,#1770,#2286,.T.);
#2288=ORIENTED_EDGE('',*,*,#2287,.T.);
#2289=VECTOR('',#122,1.);
#2290=LINE('',#1769,#2289);
#2291=EDGE_CURVE('',#1770,#1772,#2290,.T.);
#2292=ORIENTED_EDGE('',*,*,#2291,.T.);
#2293=VECTOR('',#87,1.);
#2294=LINE('',#1773,#2293);
#2295=EDGE_CURVE('',#1774,#1772,#2294,.T.);
#2296=ORIENTED_EDGE('',*,*,#2295,.F.);
#2297=VECTOR('',#122,1.);
#2298=LINE('',#1773,#2297);
#2299=EDGE_CURVE('',#1774,#1776,#2298,.T.);
#2300=ORIENTED_EDGE('',*,*,#2299,.T.);
#2301=VECTOR('',#87,1.);
#2302=LINE('',#1775,#2301);
#2303=EDGE_CURVE('',#1776,#1778,#2302,.T.);
#2304=ORIENTED_EDGE('',*,*,#2303,.T.);
#2305=VECTOR('',#122,1.);
#2306=LINE('',#1777,#2305);
#2307=EDGE_CURVE('',#1778,#1780,#2306,.T.);
#2308=ORIENTED_EDGE('',*,*,#2307,.T.);
#2309=VECTOR('',#87,1.);
#2310=LINE('',#1781,#2309);
#2311=EDGE_CURVE('',#1782,#1780,#2310,.T.);
#2312=ORIENTED_EDGE('',*,*,#2311,.F.);
#2313=VECTOR('',#122,1.);
#2314=LINE('',#1781,#2313);
#2315=EDGE_CURVE('',#1782,#1784,#2314,.T.);
#2316=ORIENTED_EDGE('',*,*,#2315,.T.);
#2317=VECTOR('',#87,1.);
#2318=LINE('',#1783,#2317);
#2319=EDGE_CURVE('',#1784,#1786,#2318,.T.);
#2320=ORIENTED_EDGE('',*,*,#2319,.T.);
#2321=VECTOR('',#122,1.);
#2322=LINE('',#1785,#2321);
#2323=EDGE_CURVE('',#1786,#1788,#2322,.T.);
#2324=ORIENTED_EDGE('',*,*,#2323,.T.);
#2325=VECTOR('',#867,1.);
#2326=LINE('',#1787,#2325);
#2327=EDGE_CURVE('',#1788,#1790,#2326,.T.);
#2328=ORIENTED_EDGE('',*,*,#2327,.T.);
#2329=VECTOR('',#62,1.);
#2330=LINE('',#1789,#2329);
#2331=EDGE_CURVE('',#1790,#1792,#2330,.T.);
#2332=ORIENTED_EDGE('',*,*,#2331,.T.);
#2333=VECTOR('',#858,1.);
#2334=LINE('',#1791,#2333);
#2335=EDGE_CURVE('',#1792,#1794,#2334,.T.);
#2336=ORIENTED_EDGE('',*,*,#2335,.T.);
#2337=VECTOR('',#853,1.);
#2338=LINE('',#1793,#2337);
#2339=EDGE_CURVE('',#1794,#1796,#2338,.T.);
#2340=ORIENTED_EDGE('',*,*,#2339,.T.);
#2341=VECTOR('',#77,1.);
#2342=LINE('',#1795,#2341);
#2343=EDGE_CURVE('',#1796,#1798,#2342,.T.);
#2344=ORIENTED_EDGE('',*,*,#2343,.T.);
#2345=VECTOR('',#844,1.);
#2346=LINE('',#1797,#2345);
#2347=EDGE_CURVE('',#1798,#1800,#2346,.T.);
#2348=ORIENTED_EDGE('',*,*,#2347,.T.);
#2349=VECTOR('',#87,1.);
#2350=LINE('',#1799,#2349);
#2351=EDGE_CURVE('',#1800,#1802,#2350,.T.);
#2352=ORIENTED_EDGE('',*,*,#2351,.T.);
#2353=VECTOR('',#122,1.);
#2354=LINE('',#1801,#2353);
#2355=EDGE_CURVE('',#1802,#1804,#2354,.T.);
#2356=ORIENTED_EDGE('',*,*,#2355,.T.);
#2357=VECTOR('',#87,1.);
#2358=LINE('',#1803,#2357);
#2359=EDGE_CURVE('',#1804,#1806,#2358,.T.);
#2360=ORIENTED_EDGE('',*,*,#2359,.T.);
#2361=VECTOR('',#122,1.);
#2362=LINE('',#1807,#2361);
#2363=EDGE_CURVE('',#1808,#1806,#2362,.T.);
#2364=ORIENTED_EDGE('',*,*,#2363,.F.);
#2365=VECTOR('',#87,1.);
#2366=LINE('',#1807,#2365);
#2367=EDGE_CURVE('',#1808,#1810,#2366,.T.);
#2368=ORIENTED_EDGE('',*,*,#2367,.T.);
#2369=VECTOR('',#122,1.);
#2370=LINE('',#1809,#2369);
#2371=EDGE_CURVE('',#1810,#1812,#2370,.T.);
#2372=ORIENTED_EDGE('',*,*,#2371,.T.);
#2373=VECTOR('',#87,1.);
#2374=LINE('',#1811,#2373);
#2375=EDGE_CURVE('',#1812,#1814,#2374,.T.);
#2376=ORIENTED_EDGE('',*,*,#2375,.T.);
#2377=VECTOR('',#122,1.);
#2378=LINE('',#1815,#2377);
#2379=EDGE_CURVE('',#1816,#1814,#2378,.T.);
#2380=ORIENTED_EDGE('',*,*,#2379,.F.);
#2381=VECTOR('',#87,1.);
#2382=LINE('',#1815,#2381);
#2383=EDGE_CURVE('',#1816,#1818,#2382,.T.);
#2384=ORIENTED_EDGE('',*,*,#2383,.T.);
#2385=VECTOR('',#122,1.);
#2386=LINE('',#1817,#2385);
#2387=EDGE_CURVE('',#1818,#1820,#2386,.T.);
#2388=ORIENTED_EDGE('',*,*,#2387,.T.);
#2389=VECTOR('',#87,1.);
#2390=LINE('',#1819,#2389);
#2391=EDGE_CURVE('',#1820,#1822,#2390,.T.);
#2392=ORIENTED_EDGE('',*,*,#2391,.T.);
#2393=VECTOR('',#122,1.);
#2394=LINE('',#1823,#2393);
#2395=EDGE_CURVE('',#1824,#1822,#2394,.T.);
#2396=ORIENTED_EDGE('',*,*,#2395,.F.);
#2397=VECTOR('',#87,1.);
#2398=LINE('',#1823,#2397);
#2399=EDGE_CURVE('',#1824,#1826,#2398,.T.);
#2400=ORIENTED_EDGE('',*,*,#2399,.T.);
#2401=VECTOR('',#122,1.);
#2402=LINE('',#1825,#2401);
#2403=EDGE_CURVE('',#1826,#1828,#2402,.T.);
#2404=ORIENTED_EDGE('',*,*,#2403,.T.);
#2405=VECTOR('',#87,1.);
#2406=LINE('',#1827,#2405);
#2407=EDGE_CURVE('',#1828,#1830,#2406,.T.);
#2408=ORIENTED_EDGE('',*,*,#2407,.T.);
#2409=VECTOR('',#122,1.);
#2410=LINE('',#1831,#2409);
#2411=EDGE_CURVE('',#1832,#1830,#2410,.T.);
#2412=ORIENTED_EDGE('',*,*,#2411,.F.);
#2413=VECTOR('',#87,1.);
#2414=LINE('',#1831,#2413);
#2415=EDGE_CURVE('',#1832,#1834,#2414,.T.);
#2416=ORIENTED_EDGE('',*,*,#2415,.T.);
#2417=VECTOR('',#122,1.);
#2418=LINE('',#1833,#2417);
#2419=EDGE_CURVE('',#1834,#1836,#2418,.T.);
#2420=ORIENTED_EDGE('',*,*,#2419,.T.);
#2421=VECTOR('',#87,1.);
#2422=LINE('',#1835,#2421);
#2423=EDGE_CURVE('',#1836,#1838,#2422,.T.);
#2424=ORIENTED_EDGE('',*,*,#2423,.T.);
#2425=VECTOR('',#122,1.);
#2426=LINE('',#1839,#2425);
#2427=EDGE_CURVE('',#1840,#1838,#2426,.T.);
#2428=ORIENTED_EDGE('',*,*,#2427,.F.);
#2429=VECTOR('',#87,1.);
#2430=LINE('',#1839,#2429);
#2431=EDGE_CURVE('',#1840,#1842,#2430,.T.);
#2432=ORIENTED_EDGE('',*,*,#2431,.T.);
#2433=VECTOR('',#122,1.);
#2434=LINE('',#1841,#2433);
#2435=EDGE_CURVE('',#1842,#1844,#2434,.T.);
#2436=ORIENTED_EDGE('',*,*,#2435,.T.);
#2437=VECTOR('',#87,1.);
#2438=LINE('',#1843,#2437);
#2439=EDGE_CURVE('',#1844,#1846,#2438,.T.);
#2440=ORIENTED_EDGE('',*,*,#2439,.T.);
#2441=VECTOR('',#122,1.);
#2442=LINE('',#1847,#2441);
#2443=EDGE_CURVE('',#1848,#1846,#2442,.T.);
#2444=ORIENTED_EDGE('',*,*,#2443,.F.);
#2445=VECTOR('',#87,1.);
#2446=LINE('',#1847,#2445);
#2447=EDGE_CURVE('',#1848,#1850,#2446,.T.);
#2448=ORIENTED_EDGE('',*,*,#2447,.T.);
#2449=VECTOR('',#122,1.);
#2450=LINE('',#1849,#2449);
#2451=EDGE_CURVE('',#1850,#1852,#2450,.T.);
#2452=ORIENTED_EDGE('',*,*,#2451,.T.);
#2453=VECTOR('',#87,1.);
#2454=LINE('',#1851,#2453);
#2455=EDGE_CURVE('',#1852,#1854,#2454,.T.);
#2456=ORIENTED_EDGE('',*,*,#2455,.T.);
#2457=VECTOR('',#122,1.);
#2458=LINE('',#1855,#2457);
#2459=EDGE_CURVE('',#1856,#1854,#2458,.T.);
#2460=ORIENTED_EDGE('',*,*,#2459,.F.);
#2461=VECTOR('',#87,1.);
#2462=LINE('',#1855,#2461);
#2463=EDGE_CURVE('',#1856,#1858,#2462,.T.);
#2464=ORIENTED_EDGE('',*,*,#2463,.T.);
#2465=VECTOR('',#122,1.);
#2466=LINE('',#1857,#2465);
#2467=EDGE_CURVE('',#1858,#1860,#2466,.T.);
#2468=ORIENTED_EDGE('',*,*,#2467,.T.);
#2469=VECTOR('',#87,1.);
#2470=LINE('',#1859,#2469);
#2471=EDGE_CURVE('',#1860,#1862,#2470,.T.);
#2472=ORIENTED_EDGE('',*,*,#2471,.T.);
#2473=VECTOR('',#122,1.);
#2474=LINE('',#1863,#2473);
#2475=EDGE_CURVE('',#1864,#1862,#2474,.T.);
#2476=ORIENTED_EDGE('',*,*,#2475,.F.);
#2477=VECTOR('',#87,1.);
#2478=LINE('',#1863,#2477);
#2479=EDGE_CURVE('',#1864,#1866,#2478,.T.);
#2480=ORIENTED_EDGE('',*,*,#2479,.T.);
#2481=VECTOR('',#122,1.);
#2482=LINE('',#1865,#2481);
#2483=EDGE_CURVE('',#1866,#1868,#2482,.T.);
#2484=ORIENTED_EDGE('',*,*,#2483,.T.);
#2485=VECTOR('',#87,1.);
#2486=LINE('',#1867,#2485);
#2487=EDGE_CURVE('',#1868,#1870,#2486,.T.);
#2488=ORIENTED_EDGE('',*,*,#2487,.T.);
#2489=VECTOR('',#122,1.);
#2490=LINE('',#1871,#2489);
#2491=EDGE_CURVE('',#1872,#1870,#2490,.T.);
#2492=ORIENTED_EDGE('',*,*,#2491,.F.);
#2493=VECTOR('',#87,1.);
#2494=LINE('',#1871,#2493);
#2495=EDGE_CURVE('',#1872,#1874,#2494,.T.);
#2496=ORIENTED_EDGE('',*,*,#2495,.T.);
#2497=VECTOR('',#122,1.);
#2498=LINE('',#1873,#2497);
#2499=EDGE_CURVE('',#1874,#1876,#2498,.T.);
#2500=ORIENTED_EDGE('',*,*,#2499,.T.);
#2501=VECTOR('',#87,1.);
#2502=LINE('',#1875,#2501);
#2503=EDGE_CURVE('',#1876,#1878,#2502,.T.);
#2504=ORIENTED_EDGE('',*,*,#2503,.T.);
#2505=VECTOR('',#122,1.);
#2506=LINE('',#1879,#2505);
#2507=EDGE_CURVE('',#1880,#1878,#2506,.T.);
#2508=ORIENTED_EDGE('',*,*,#2507,.F.);
#2509=VECTOR('',#87,1.);
#2510=LINE('',#1879,#2509);
#2511=EDGE_CURVE('',#1880,#1882,#2510,.T.);
#2512=ORIENTED_EDGE('',*,*,#2511,.T.);
#2513=VECTOR('',#122,1.);
#2514=LINE('',#1881,#2513);
#2515=EDGE_CURVE('',#1882,#1884,#2514,.T.);
#2516=ORIENTED_EDGE('',*,*,#2515,.T.);
#2517=VECTOR('',#87,1.);
#2518=LINE('',#1883,#2517);
#2519=EDGE_CURVE('',#1884,#1886,#2518,.T.);
#2520=ORIENTED_EDGE('',*,*,#2519,.T.);
#2521=VECTOR('',#122,1.);
#2522=LINE('',#1887,#2521);
#2523=EDGE_CURVE('',#1888,#1886,#2522,.T.);
#2524=ORIENTED_EDGE('',*,*,#2523,.F.);
#2525=VECTOR('',#87,1.);
#2526=LINE('',#1887,#2525);
#2527=EDGE_CURVE('',#1888,#1890,#2526,.T.);
#2528=ORIENTED_EDGE('',*,*,#2527,.T.);
#2529=VECTOR('',#122,1.);
#2530=LINE('',#1889,#2529);
#2531=EDGE_CURVE('',#1890,#1892,#2530,.T.);
#2532=ORIENTED_EDGE('',*,*,#2531,.T.);
#2533=VECTOR('',#87,1.);
#2534=LINE('',#1891,#2533);
#2535=EDGE_CURVE('',#1892,#1894,#2534,.T.);
#2536=ORIENTED_EDGE('',*,*,#2535,.T.);
#2537=VECTOR('',#122,1.);
#2538=LINE('',#1895,#2537);
#2539=EDGE_CURVE('',#1896,#1894,#2538,.T.);
#2540=ORIENTED_EDGE('',*,*,#2539,.F.);
#2541=VECTOR('',#87,1.);
#2542=LINE('',#1895,#2541);
#2543=EDGE_CURVE('',#1896,#1898,#2542,.T.);
#2544=ORIENTED_EDGE('',*,*,#2543,.T.);
#2545=VECTOR('',#643,1.);
#2546=LINE('',#1899,#2545);
#2547=EDGE_CURVE('',#1900,#1898,#2546,.T.);
#2548=ORIENTED_EDGE('',*,*,#2547,.F.);
#2549=VECTOR('',#97,1.);
#2550=LINE('',#1901,#2549);
#2551=EDGE_CURVE('',#1902,#1900,#2550,.T.);
#2552=ORIENTED_EDGE('',*,*,#2551,.F.);
#2553=VECTOR('',#634,1.);
#2554=LINE('',#1903,#2553);
#2555=EDGE_CURVE('',#1904,#1902,#2554,.T.);
#2556=ORIENTED_EDGE('',*,*,#2555,.F.);
#2557=VECTOR('',#629,1.);
#2558=LINE('',#1905,#2557);
#2559=EDGE_CURVE('',#1906,#1904,#2558,.T.);
#2560=ORIENTED_EDGE('',*,*,#2559,.F.);
#2561=VECTOR('',#112,1.);
#2562=LINE('',#1907,#2561);
#2563=EDGE_CURVE('',#1908,#1906,#2562,.T.);
#2564=ORIENTED_EDGE('',*,*,#2563,.F.);
#2565=VECTOR('',#1068,1.);
#2566=LINE('',#1909,#2565);
#2567=EDGE_CURVE('',#1910,#1908,#2566,.T.);
#2568=ORIENTED_EDGE('',*,*,#2567,.F.);
#2569=VECTOR('',#122,1.);
#2570=LINE('',#1911,#2569);
#2571=EDGE_CURVE('',#1912,#1910,#2570,.T.);
#2572=ORIENTED_EDGE('',*,*,#2571,.F.);
#2573=VECTOR('',#87,1.);
#2574=LINE('',#1911,#2573);
#2575=EDGE_CURVE('',#1912,#1914,#2574,.T.);
#2576=ORIENTED_EDGE('',*,*,#2575,.T.);
#2577=VECTOR('',#122,1.);
#2578=LINE('',#1915,#2577);
#2579=EDGE_CURVE('',#1916,#1914,#2578,.T.);
#2580=ORIENTED_EDGE('',*,*,#2579,.F.);
#2581=VECTOR('',#87,1.);
#2582=LINE('',#1917,#2581);
#2583=EDGE_CURVE('',#1918,#1916,#2582,.T.);
#2584=ORIENTED_EDGE('',*,*,#2583,.F.);
#2585=VECTOR('',#122,1.);
#2586=LINE('',#1919,#2585);
#2587=EDGE_CURVE('',#1920,#1918,#2586,.T.);
#2588=ORIENTED_EDGE('',*,*,#2587,.F.);
#2589=VECTOR('',#87,1.);
#2590=LINE('',#1919,#2589);
#2591=EDGE_CURVE('',#1920,#1922,#2590,.T.);
#2592=ORIENTED_EDGE('',*,*,#2591,.T.);
#2593=VECTOR('',#122,1.);
#2594=LINE('',#1923,#2593);
#2595=EDGE_CURVE('',#1924,#1922,#2594,.T.);
#2596=ORIENTED_EDGE('',*,*,#2595,.F.);
#2597=VECTOR('',#87,1.);
#2598=LINE('',#1925,#2597);
#2599=EDGE_CURVE('',#1926,#1924,#2598,.T.);
#2600=ORIENTED_EDGE('',*,*,#2599,.F.);
#2601=VECTOR('',#122,1.);
#2602=LINE('',#1927,#2601);
#2603=EDGE_CURVE('',#1928,#1926,#2602,.T.);
#2604=ORIENTED_EDGE('',*,*,#2603,.F.);
#2605=VECTOR('',#87,1.);
#2606=LINE('',#1927,#2605);
#2607=EDGE_CURVE('',#1928,#1930,#2606,.T.);
#2608=ORIENTED_EDGE('',*,*,#2607,.T.);
#2609=VECTOR('',#122,1.);
#2610=LINE('',#1931,#2609);
#2611=EDGE_CURVE('',#1932,#1930,#2610,.T.);
#2612=ORIENTED_EDGE('',*,*,#2611,.F.);
#2613=VECTOR('',#87,1.);
#2614=LINE('',#1933,#2613);
#2615=EDGE_CURVE('',#1934,#1932,#2614,.T.);
#2616=ORIENTED_EDGE('',*,*,#2615,.F.);
#2617=VECTOR('',#122,1.);
#2618=LINE('',#1935,#2617);
#2619=EDGE_CURVE('',#1936,#1934,#2618,.T.);
#2620=ORIENTED_EDGE('',*,*,#2619,.F.);
#2621=VECTOR('',#87,1.);
#2622=LINE('',#1935,#2621);
#2623=EDGE_CURVE('',#1936,#1938,#2622,.T.);
#2624=ORIENTED_EDGE('',*,*,#2623,.T.);
#2625=VECTOR('',#122,1.);
#2626=LINE('',#1939,#2625);
#2627=EDGE_CURVE('',#1940,#1938,#2626,.T.);
#2628=ORIENTED_EDGE('',*,*,#2627,.F.);
#2629=VECTOR('',#87,1.);
#2630=LINE('',#1941,#2629);
#2631=EDGE_CURVE('',#1942,#1940,#2630,.T.);
#2632=ORIENTED_EDGE('',*,*,#2631,.F.);
#2633=VECTOR('',#122,1.);
#2634=LINE('',#1943,#2633);
#2635=EDGE_CURVE('',#1944,#1942,#2634,.T.);
#2636=ORIENTED_EDGE('',*,*,#2635,.F.);
#2637=VECTOR('',#87,1.);
#2638=LINE('',#1943,#2637);
#2639=EDGE_CURVE('',#1944,#1946,#2638,.T.);
#2640=ORIENTED_EDGE('',*,*,#2639,.T.);
#2641=VECTOR('',#122,1.);
#2642=LINE('',#1947,#2641);
#2643=EDGE_CURVE('',#1948,#1946,#2642,.T.);
#2644=ORIENTED_EDGE('',*,*,#2643,.F.);
#2645=VECTOR('',#87,1.);
#2646=LINE('',#1949,#2645);
#2647=EDGE_CURVE('',#1950,#1948,#2646,.T.);
#2648=ORIENTED_EDGE('',*,*,#2647,.F.);
#2649=VECTOR('',#122,1.);
#2650=LINE('',#1951,#2649);
#2651=EDGE_CURVE('',#1952,#1950,#2650,.T.);
#2652=ORIENTED_EDGE('',*,*,#2651,.F.);
#2653=VECTOR('',#87,1.);
#2654=LINE('',#1951,#2653);
#2655=EDGE_CURVE('',#1952,#1954,#2654,.T.);
#2656=ORIENTED_EDGE('',*,*,#2655,.T.);
#2657=VECTOR('',#122,1.);
#2658=LINE('',#1955,#2657);
#2659=EDGE_CURVE('',#1956,#1954,#2658,.T.);
#2660=ORIENTED_EDGE('',*,*,#2659,.F.);
#2661=VECTOR('',#87,1.);
#2662=LINE('',#1957,#2661);
#2663=EDGE_CURVE('',#1958,#1956,#2662,.T.);
#2664=ORIENTED_EDGE('',*,*,#2663,.F.);
#2665=VECTOR('',#122,1.);
#2666=LINE('',#1959,#2665);
#2667=EDGE_CURVE('',#1960,#1958,#2666,.T.);
#2668=ORIENTED_EDGE('',*,*,#2667,.F.);
#2669=VECTOR('',#87,1.);
#2670=LINE('',#1959,#2669);
#2671=EDGE_CURVE('',#1960,#1962,#2670,.T.);
#2672=ORIENTED_EDGE('',*,*,#2671,.T.);
#2673=VECTOR('',#122,1.);
#2674=LINE('',#1963,#2673);
#2675=EDGE_CURVE('',#1964,#1962,#2674,.T.);
#2676=ORIENTED_EDGE('',*,*,#2675,.F.);
#2677=VECTOR('',#87,1.);
#2678=LINE('',#1965,#2677);
#2679=EDGE_CURVE('',#1966,#1964,#2678,.T.);
#2680=ORIENTED_EDGE('',*,*,#2679,.F.);
#2681=VECTOR('',#122,1.);
#2682=LINE('',#1967,#2681);
#2683=EDGE_CURVE('',#1968,#1966,#2682,.T.);
#2684=ORIENTED_EDGE('',*,*,#2683,.F.);
#2685=VECTOR('',#87,1.);
#2686=LINE('',#1967,#2685);
#2687=EDGE_CURVE('',#1968,#1970,#2686,.T.);
#2688=ORIENTED_EDGE('',*,*,#2687,.T.);
#2689=VECTOR('',#122,1.);
#2690=LINE('',#1971,#2689);
#2691=EDGE_CURVE('',#1972,#1970,#2690,.T.);
#2692=ORIENTED_EDGE('',*,*,#2691,.F.);
#2693=VECTOR('',#87,1.);
#2694=LINE('',#1973,#2693);
#2695=EDGE_CURVE('',#1974,#1972,#2694,.T.);
#2696=ORIENTED_EDGE('',*,*,#2695,.F.);
#2697=VECTOR('',#122,1.);
#2698=LINE('',#1975,#2697);
#2699=EDGE_CURVE('',#1976,#1974,#2698,.T.);
#2700=ORIENTED_EDGE('',*,*,#2699,.F.);
#2701=VECTOR('',#87,1.);
#2702=LINE('',#1975,#2701);
#2703=EDGE_CURVE('',#1976,#1978,#2702,.T.);
#2704=ORIENTED_EDGE('',*,*,#2703,.T.);
#2705=VECTOR('',#122,1.);
#2706=LINE('',#1979,#2705);
#2707=EDGE_CURVE('',#1980,#1978,#2706,.T.);
#2708=ORIENTED_EDGE('',*,*,#2707,.F.);
#2709=VECTOR('',#87,1.);
#2710=LINE('',#1981,#2709);
#2711=EDGE_CURVE('',#1982,#1980,#2710,.T.);
#2712=ORIENTED_EDGE('',*,*,#2711,.F.);
#2713=VECTOR('',#122,1.);
#2714=LINE('',#1983,#2713);
#2715=EDGE_CURVE('',#1984,#1982,#2714,.T.);
#2716=ORIENTED_EDGE('',*,*,#2715,.F.);
#2717=VECTOR('',#87,1.);
#2718=LINE('',#1983,#2717);
#2719=EDGE_CURVE('',#1984,#1986,#2718,.T.);
#2720=ORIENTED_EDGE('',*,*,#2719,.T.);
#2721=VECTOR('',#122,1.);
#2722=LINE('',#1987,#2721);
#2723=EDGE_CURVE('',#1988,#1986,#2722,.T.);
#2724=ORIENTED_EDGE('',*,*,#2723,.F.);
#2725=VECTOR('',#87,1.);
#2726=LINE('',#1989,#2725);
#2727=EDGE_CURVE('',#1990,#1988,#2726,.T.);
#2728=ORIENTED_EDGE('',*,*,#2727,.F.);
#2729=VECTOR('',#122,1.);
#2730=LINE('',#1991,#2729);
#2731=EDGE_CURVE('',#1992,#1990,#2730,.T.);
#2732=ORIENTED_EDGE('',*,*,#2731,.F.);
#2733=VECTOR('',#87,1.);
#2734=LINE('',#1991,#2733);
#2735=EDGE_CURVE('',#1992,#1994,#2734,.T.);
#2736=ORIENTED_EDGE('',*,*,#2735,.T.);
#2737=VECTOR('',#122,1.);
#2738=LINE('',#1995,#2737);
#2739=EDGE_CURVE('',#1996,#1994,#2738,.T.);
#2740=ORIENTED_EDGE('',*,*,#2739,.F.);
#2741=VECTOR('',#87,1.);
#2742=LINE('',#1997,#2741);
#2743=EDGE_CURVE('',#1998,#1996,#2742,.T.);
#2744=ORIENTED_EDGE('',*,*,#2743,.F.);
#2745=VECTOR('',#122,1.);
#2746=LINE('',#1999,#2745);
#2747=EDGE_CURVE('',#2000,#1998,#2746,.T.);
#2748=ORIENTED_EDGE('',*,*,#2747,.F.);
#2749=VECTOR('',#87,1.);
#2750=LINE('',#1999,#2749);
#2751=EDGE_CURVE('',#2000,#2002,#2750,.T.);
#2752=ORIENTED_EDGE('',*,*,#2751,.T.);
#2753=VECTOR('',#122,1.);
#2754=LINE('',#2003,#2753);
#2755=EDGE_CURVE('',#2004,#2002,#2754,.T.);
#2756=ORIENTED_EDGE('',*,*,#2755,.F.);
#2757=VECTOR('',#87,1.);
#2758=LINE('',#2005,#2757);
#2759=EDGE_CURVE('',#2006,#2004,#2758,.T.);
#2760=ORIENTED_EDGE('',*,*,#2759,.F.);
#2761=VECTOR('',#122,1.);
#2762=LINE('',#2007,#2761);
#2763=EDGE_CURVE('',#2008,#2006,#2762,.T.);
#2764=ORIENTED_EDGE('',*,*,#2763,.F.);
#2765=VECTOR('',#867,1.);
#2766=LINE('',#2009,#2765);
#2767=EDGE_CURVE('',#2010,#2008,#2766,.T.);
#2768=ORIENTED_EDGE('',*,*,#2767,.F.);
#2769=VECTOR('',#62,1.);
#2770=LINE('',#2011,#2769);
#2771=EDGE_CURVE('',#2012,#2010,#2770,.T.);
#2772=ORIENTED_EDGE('',*,*,#2771,.F.);
#2773=VECTOR('',#858,1.);
#2774=LINE('',#2013,#2773);
#2775=EDGE_CURVE('',#2014,#2012,#2774,.T.);
#2776=ORIENTED_EDGE('',*,*,#2775,.F.);
#2777=VECTOR('',#853,1.);
#2778=LINE('',#2015,#2777);
#2779=EDGE_CURVE('',#2016,#2014,#2778,.T.);
#2780=ORIENTED_EDGE('',*,*,#2779,.F.);
#2781=VECTOR('',#77,1.);
#2782=LINE('',#2017,#2781);
#2783=EDGE_CURVE('',#2018,#2016,#2782,.T.);
#2784=ORIENTED_EDGE('',*,*,#2783,.F.);
#2785=VECTOR('',#844,1.);
#2786=LINE('',#2019,#2785);
#2787=EDGE_CURVE('',#2020,#2018,#2786,.T.);
#2788=ORIENTED_EDGE('',*,*,#2787,.F.);
#2789=VECTOR('',#87,1.);
#2790=LINE('',#2021,#2789);
#2791=EDGE_CURVE('',#2022,#2020,#2790,.T.);
#2792=ORIENTED_EDGE('',*,*,#2791,.F.);
#2793=VECTOR('',#122,1.);
#2794=LINE('',#2023,#2793);
#2795=EDGE_CURVE('',#2024,#2022,#2794,.T.);
#2796=ORIENTED_EDGE('',*,*,#2795,.F.);
#2797=VECTOR('',#87,1.);
#2798=LINE('',#2025,#2797);
#2799=EDGE_CURVE('',#2026,#2024,#2798,.T.);
#2800=ORIENTED_EDGE('',*,*,#2799,.F.);
#2801=VECTOR('',#122,1.);
#2802=LINE('',#2025,#2801);
#2803=EDGE_CURVE('',#2026,#2028,#2802,.T.);
#2804=ORIENTED_EDGE('',*,*,#2803,.T.);
#2805=VECTOR('',#87,1.);
#2806=LINE('',#2029,#2805);
#2807=EDGE_CURVE('',#2030,#2028,#2806,.T.);
#2808=ORIENTED_EDGE('',*,*,#2807,.F.);
#2809=VECTOR('',#122,1.);
#2810=LINE('',#2031,#2809);
#2811=EDGE_CURVE('',#2032,#2030,#2810,.T.);
#2812=ORIENTED_EDGE('',*,*,#2811,.F.);
#2813=VECTOR('',#87,1.);
#2814=LINE('',#2033,#2813);
#2815=EDGE_CURVE('',#2034,#2032,#2814,.T.);
#2816=ORIENTED_EDGE('',*,*,#2815,.F.);
#2817=VECTOR('',#122,1.);
#2818=LINE('',#2033,#2817);
#2819=EDGE_CURVE('',#2034,#2036,#2818,.T.);
#2820=ORIENTED_EDGE('',*,*,#2819,.T.);
#2821=VECTOR('',#87,1.);
#2822=LINE('',#2037,#2821);
#2823=EDGE_CURVE('',#2038,#2036,#2822,.T.);
#2824=ORIENTED_EDGE('',*,*,#2823,.F.);
#2825=VECTOR('',#122,1.);
#2826=LINE('',#2039,#2825);
#2827=EDGE_CURVE('',#2040,#2038,#2826,.T.);
#2828=ORIENTED_EDGE('',*,*,#2827,.F.);
#2829=VECTOR('',#87,1.);
#2830=LINE('',#2041,#2829);
#2831=EDGE_CURVE('',#2042,#2040,#2830,.T.);
#2832=ORIENTED_EDGE('',*,*,#2831,.F.);
#2833=VECTOR('',#122,1.);
#2834=LINE('',#2041,#2833);
#2835=EDGE_CURVE('',#2042,#2044,#2834,.T.);
#2836=ORIENTED_EDGE('',*,*,#2835,.T.);
#2837=VECTOR('',#87,1.);
#2838=LINE('',#2045,#2837);
#2839=EDGE_CURVE('',#2046,#2044,#2838,.T.);
#2840=ORIENTED_EDGE('',*,*,#2839,.F.);
#2841=VECTOR('',#122,1.);
#2842=LINE('',#2047,#2841);
#2843=EDGE_CURVE('',#2048,#2046,#2842,.T.);
#2844=ORIENTED_EDGE('',*,*,#2843,.F.);
#2845=VECTOR('',#87,1.);
#2846=LINE('',#2049,#2845);
#2847=EDGE_CURVE('',#2050,#2048,#2846,.T.);
#2848=ORIENTED_EDGE('',*,*,#2847,.F.);
#2849=VECTOR('',#122,1.);
#2850=LINE('',#2049,#2849);
#2851=EDGE_CURVE('',#2050,#2052,#2850,.T.);
#2852=ORIENTED_EDGE('',*,*,#2851,.T.);
#2853=VECTOR('',#87,1.);
#2854=LINE('',#2053,#2853);
#2855=EDGE_CURVE('',#2054,#2052,#2854,.T.);
#2856=ORIENTED_EDGE('',*,*,#2855,.F.);
#2857=VECTOR('',#122,1.);
#2858=LINE('',#2055,#2857);
#2859=EDGE_CURVE('',#2056,#2054,#2858,.T.);
#2860=ORIENTED_EDGE('',*,*,#2859,.F.);
#2861=VECTOR('',#87,1.);
#2862=LINE('',#2057,#2861);
#2863=EDGE_CURVE('',#2058,#2056,#2862,.T.);
#2864=ORIENTED_EDGE('',*,*,#2863,.F.);
#2865=VECTOR('',#122,1.);
#2866=LINE('',#2057,#2865);
#2867=EDGE_CURVE('',#2058,#2060,#2866,.T.);
#2868=ORIENTED_EDGE('',*,*,#2867,.T.);
#2869=VECTOR('',#87,1.);
#2870=LINE('',#2061,#2869);
#2871=EDGE_CURVE('',#2062,#2060,#2870,.T.);
#2872=ORIENTED_EDGE('',*,*,#2871,.F.);
#2873=VECTOR('',#122,1.);
#2874=LINE('',#2063,#2873);
#2875=EDGE_CURVE('',#2064,#2062,#2874,.T.);
#2876=ORIENTED_EDGE('',*,*,#2875,.F.);
#2877=VECTOR('',#87,1.);
#2878=LINE('',#2065,#2877);
#2879=EDGE_CURVE('',#2066,#2064,#2878,.T.);
#2880=ORIENTED_EDGE('',*,*,#2879,.F.);
#2881=VECTOR('',#122,1.);
#2882=LINE('',#2065,#2881);
#2883=EDGE_CURVE('',#2066,#2068,#2882,.T.);
#2884=ORIENTED_EDGE('',*,*,#2883,.T.);
#2885=VECTOR('',#87,1.);
#2886=LINE('',#2069,#2885);
#2887=EDGE_CURVE('',#2070,#2068,#2886,.T.);
#2888=ORIENTED_EDGE('',*,*,#2887,.F.);
#2889=VECTOR('',#122,1.);
#2890=LINE('',#2071,#2889);
#2891=EDGE_CURVE('',#2072,#2070,#2890,.T.);
#2892=ORIENTED_EDGE('',*,*,#2891,.F.);
#2893=VECTOR('',#87,1.);
#2894=LINE('',#2073,#2893);
#2895=EDGE_CURVE('',#2074,#2072,#2894,.T.);
#2896=ORIENTED_EDGE('',*,*,#2895,.F.);
#2897=VECTOR('',#122,1.);
#2898=LINE('',#2073,#2897);
#2899=EDGE_CURVE('',#2074,#2076,#2898,.T.);
#2900=ORIENTED_EDGE('',*,*,#2899,.T.);
#2901=VECTOR('',#87,1.);
#2902=LINE('',#2077,#2901);
#2903=EDGE_CURVE('',#2078,#2076,#2902,.T.);
#2904=ORIENTED_EDGE('',*,*,#2903,.F.);
#2905=VECTOR('',#122,1.);
#2906=LINE('',#2079,#2905);
#2907=EDGE_CURVE('',#2080,#2078,#2906,.T.);
#2908=ORIENTED_EDGE('',*,*,#2907,.F.);
#2909=VECTOR('',#87,1.);
#2910=LINE('',#2081,#2909);
#2911=EDGE_CURVE('',#2082,#2080,#2910,.T.);
#2912=ORIENTED_EDGE('',*,*,#2911,.F.);
#2913=VECTOR('',#122,1.);
#2914=LINE('',#2081,#2913);
#2915=EDGE_CURVE('',#2082,#2084,#2914,.T.);
#2916=ORIENTED_EDGE('',*,*,#2915,.T.);
#2917=VECTOR('',#87,1.);
#2918=LINE('',#2085,#2917);
#2919=EDGE_CURVE('',#2086,#2084,#2918,.T.);
#2920=ORIENTED_EDGE('',*,*,#2919,.F.);
#2921=VECTOR('',#122,1.);
#2922=LINE('',#2087,#2921);
#2923=EDGE_CURVE('',#2088,#2086,#2922,.T.);
#2924=ORIENTED_EDGE('',*,*,#2923,.F.);
#2925=VECTOR('',#87,1.);
#2926=LINE('',#2089,#2925);
#2927=EDGE_CURVE('',#2090,#2088,#2926,.T.);
#2928=ORIENTED_EDGE('',*,*,#2927,.F.);
#2929=VECTOR('',#122,1.);
#2930=LINE('',#2089,#2929);
#2931=EDGE_CURVE('',#2090,#2092,#2930,.T.);
#2932=ORIENTED_EDGE('',*,*,#2931,.T.);
#2933=VECTOR('',#87,1.);
#2934=LINE('',#2093,#2933);
#2935=EDGE_CURVE('',#2094,#2092,#2934,.T.);
#2936=ORIENTED_EDGE('',*,*,#2935,.F.);
#2937=VECTOR('',#122,1.);
#2938=LINE('',#2095,#2937);
#2939=EDGE_CURVE('',#2096,#2094,#2938,.T.);
#2940=ORIENTED_EDGE('',*,*,#2939,.F.);
#2941=VECTOR('',#87,1.);
#2942=LINE('',#2097,#2941);
#2943=EDGE_CURVE('',#2098,#2096,#2942,.T.);
#2944=ORIENTED_EDGE('',*,*,#2943,.F.);
#2945=VECTOR('',#122,1.);
#2946=LINE('',#2097,#2945);
#2947=EDGE_CURVE('',#2098,#2100,#2946,.T.);
#2948=ORIENTED_EDGE('',*,*,#2947,.T.);
#2949=VECTOR('',#87,1.);
#2950=LINE('',#2101,#2949);
#2951=EDGE_CURVE('',#2102,#2100,#2950,.T.);
#2952=ORIENTED_EDGE('',*,*,#2951,.F.);
#2953=VECTOR('',#122,1.);
#2954=LINE('',#2103,#2953);
#2955=EDGE_CURVE('',#2104,#2102,#2954,.T.);
#2956=ORIENTED_EDGE('',*,*,#2955,.F.);
#2957=VECTOR('',#87,1.);
#2958=LINE('',#2105,#2957);
#2959=EDGE_CURVE('',#2106,#2104,#2958,.T.);
#2960=ORIENTED_EDGE('',*,*,#2959,.F.);
#2961=VECTOR('',#122,1.);
#2962=LINE('',#2105,#2961);
#2963=EDGE_CURVE('',#2106,#2108,#2962,.T.);
#2964=ORIENTED_EDGE('',*,*,#2963,.T.);
#2965=VECTOR('',#87,1.);
#2966=LINE('',#2109,#2965);
#2967=EDGE_CURVE('',#2110,#2108,#2966,.T.);
#2968=ORIENTED_EDGE('',*,*,#2967,.F.);
#2969=VECTOR('',#122,1.);
#2970=LINE('',#2111,#2969);
#2971=EDGE_CURVE('',#2112,#2110,#2970,.T.);
#2972=ORIENTED_EDGE('',*,*,#2971,.F.);
#2973=VECTOR('',#87,1.);
#2974=LINE('',#2113,#2973);
#2975=EDGE_CURVE('',#2114,#2112,#2974,.T.);
#2976=ORIENTED_EDGE('',*,*,#2975,.F.);
#2977=VECTOR('',#122,1.);
#2978=LINE('',#2113,#2977);
#2979=EDGE_CURVE('',#2114,#2116,#2978,.T.);
#2980=ORIENTED_EDGE('',*,*,#2979,.T.);
#2981=VECTOR('',#87,1.);
#2982=LINE('',#2117,#2981);
#2983=EDGE_CURVE('',#2118,#2116,#2982,.T.);
#2984=ORIENTED_EDGE('',*,*,#2983,.F.);
#2985=VECTOR('',#643,1.);
#2986=LINE('',#2117,#2985);
#2987=EDGE_CURVE('',#2118,#2120,#2986,.T.);
#2988=ORIENTED_EDGE('',*,*,#2987,.T.);
#2989=VECTOR('',#97,1.);
#2990=LINE('',#2119,#2989);
#2991=EDGE_CURVE('',#2120,#2122,#2990,.T.);
#2992=ORIENTED_EDGE('',*,*,#2991,.T.);
#2993=VECTOR('',#634,1.);
#2994=LINE('',#2121,#2993);
#2995=EDGE_CURVE('',#2122,#2124,#2994,.T.);
#2996=ORIENTED_EDGE('',*,*,#2995,.T.);
#2997=VECTOR('',#629,1.);
#2998=LINE('',#2123,#2997);
#2999=EDGE_CURVE('',#2124,#2126,#2998,.T.);
#3000=ORIENTED_EDGE('',*,*,#2999,.T.);
#3001=VECTOR('',#112,1.);
#3002=LINE('',#2125,#3001);
#3003=EDGE_CURVE('',#2126,#2128,#3002,.T.);
#3004=ORIENTED_EDGE('',*,*,#3003,.T.);
#3005=VECTOR('',#1068,1.);
#3006=LINE('',#2127,#3005);
#3007=EDGE_CURVE('',#2128,#1690,#3006,.T.);
#3008=ORIENTED_EDGE('',*,*,#3007,.T.);
#3009=EDGE_LOOP('',(#2132,#2136,#2140,#2144,#2148,#2152,#2156,#2160,#2164,#2168,#2172,#2176,#2180,#2184,#2188,#2192,#2196,#2200,#2204,#2208,#2212,#2216,#2220,#2224,#2228,#2232,#2236,#2240,#2244,#2248,#2252,#2256,#2260,#2264,#2268,#2272,#2276,#2280,#2284,#2288,#2292,#2296,#2300,#2304,#2308,#2312,#2316,#2320,#2324,#2328,#2332,#2336,#2340,#2344,#2348,#2352,#2356,#2360,#2364,#2368,#2372,#2376,#2380,#2384,#2388,#2392,#2396,#2400,#2404,#2408,#2412,#2416,#2420,#2424,#2428,#2432,#2436,#2440,#2444,#2448,#2452,#2456,#2460,#2464,#2468,#2472,#2476,#2480,#2484,#2488,#2492,#2496,#2500,#2504,#2508,#2512,#2516,#2520,#2524,#2528,#2532,#2536,#2540,#2544,#2548,#2552,#2556,#2560,#2564,#2568,#2572,#2576,#2580,#2584,#2588,#2592,#2596,#2600,#2604,#2608,#2612,#2616,#2620,#2624,#2628,#2632,#2636,#2640,#2644,#2648,#2652,#2656,#2660,#2664,#2668,#2672,#2676,#2680,#2684,#2688,#2692,#2696,#2700,#2704,#2708,#2712,#2716,#2720,#2724,#2728,#2732,#2736,#2740,#2744,#2748,#2752,#2756,#2760,#2764,#2768,#2772,#2776,#2780,#2784,#2788,#2792,#2796,#2800,#2804,#2808,#2812,#2816,#2820,#2824,#2828,#2832,#2836,#2840,#2844,#2848,#2852,#2856,#2860,#2864,#2868,#2872,#2876,#2880,#2884,#2888,#2892,#2896,#2900,#2904,#2908,#2912,#2916,#2920,#2924,#2928,#2932,#2936,#2940,#2944,#2948,#2952,#2956,#2960,#2964,#2968,#2972,#2976,#2980,#2984,#2988,#2992,#2996,#3000,#3004,#3008));
#3010=FACE_BOUND('',#3009,.T.);
#3011=DIRECTION('',(0.,0.,-1.));
#3012=DIRECTION('',(0.,-1.,0.));
#3013=AXIS2_PLACEMENT_3D('',#1519,#3011,#3012);
#3014=PLANE('',#3013);
#3015=ADVANCED_FACE('',(#1688,#3010),#3014,.T.);
#3016=ORIENTED_EDGE('',*,*,#1681,.T.);
#3017=VECTOR('',#1515,1.);
#3018=LINE('',#1571,#3017);
#3019=EDGE_CURVE('',#1572,#4,#3018,.T.);
#3020=ORIENTED_EDGE('',*,*,#3019,.T.);
#3021=ORIENTED_EDGE('',*,*,#60,.F.);
#3022=VECTOR('',#1515,1.);
#3023=LINE('',#1573,#3022);
#3024=EDGE_CURVE('',#1574,#2,#3023,.T.);
#3025=ORIENTED_EDGE('',*,*,#3024,.F.);
#3026=EDGE_LOOP('',(#3016,#3020,#3021,#3025));
#3027=FACE_OUTER_BOUND('',#3026,.T.);
#3028=DIRECTION('',(-0.991444861,-0.130526192,0.));
#3029=AXIS2_PLACEMENT_3D('',#1573,#92,#3028);
#3030=PLANE('',#3029);
#3031=ADVANCED_FACE('',(#3027),#3030,.T.);
#3032=ORIENTED_EDGE('',*,*,#1677,.T.);
#3033=VECTOR('',#1515,1.);
#3034=LINE('',#1569,#3033);
#3035=EDGE_CURVE('',#1570,#6,#3034,.T.);
#3036=ORIENTED_EDGE('',*,*,#3035,.T.);
#3037=ORIENTED_EDGE('',*,*,#65,.F.);
#3038=ORIENTED_EDGE('',*,*,#3019,.F.);
#3039=EDGE_LOOP('',(#3032,#3036,#3037,#3038));
#3040=FACE_OUTER_BOUND('',#3039,.T.);
#3041=DIRECTION('',(-0.923879533,-0.382683432,0.));
#3042=AXIS2_PLACEMENT_3D('',#1571,#97,#3041);
#3043=PLANE('',#3042);
#3044=ADVANCED_FACE('',(#3040),#3043,.T.);
#3045=ORIENTED_EDGE('',*,*,#1673,.T.);
#3046=VECTOR('',#1515,1.);
#3047=LINE('',#1567,#3046);
#3048=EDGE_CURVE('',#1568,#8,#3047,.T.);
#3049=ORIENTED_EDGE('',*,*,#3048,.T.);
#3050=ORIENTED_EDGE('',*,*,#70,.F.);
#3051=ORIENTED_EDGE('',*,*,#3035,.F.);
#3052=EDGE_LOOP('',(#3045,#3049,#3050,#3051));
#3053=FACE_OUTER_BOUND('',#3052,.T.);
#3054=DIRECTION('',(0.608761429,-0.79335334,0.));
#3055=DIRECTION('',(-0.79335334,-0.608761429,0.));
#3056=AXIS2_PLACEMENT_3D('',#1569,#3054,#3055);
#3057=PLANE('',#3056);
#3058=ADVANCED_FACE('',(#3053),#3057,.T.);
#3059=ORIENTED_EDGE('',*,*,#1669,.T.);
#3060=VECTOR('',#1515,1.);
#3061=LINE('',#1565,#3060);
#3062=EDGE_CURVE('',#1566,#10,#3061,.T.);
#3063=ORIENTED_EDGE('',*,*,#3062,.T.);
#3064=ORIENTED_EDGE('',*,*,#75,.F.);
#3065=ORIENTED_EDGE('',*,*,#3048,.F.);
#3066=EDGE_LOOP('',(#3059,#3063,#3064,#3065));
#3067=FACE_OUTER_BOUND('',#3066,.T.);
#3068=DIRECTION('',(0.79335334,-0.608761429,0.));
#3069=DIRECTION('',(-0.608761429,-0.79335334,0.));
#3070=AXIS2_PLACEMENT_3D('',#1567,#3068,#3069);
#3071=PLANE('',#3070);
#3072=ADVANCED_FACE('',(#3067),#3071,.T.);
#3073=ORIENTED_EDGE('',*,*,#1665,.T.);
#3074=VECTOR('',#1515,1.);
#3075=LINE('',#1563,#3074);
#3076=EDGE_CURVE('',#1564,#12,#3075,.T.);
#3077=ORIENTED_EDGE('',*,*,#3076,.T.);
#3078=ORIENTED_EDGE('',*,*,#80,.F.);
#3079=ORIENTED_EDGE('',*,*,#3062,.F.);
#3080=EDGE_LOOP('',(#3073,#3077,#3078,#3079));
#3081=FACE_OUTER_BOUND('',#3080,.T.);
#3082=DIRECTION('',(-0.382683432,-0.923879533,0.));
#3083=AXIS2_PLACEMENT_3D('',#1565,#112,#3082);
#3084=PLANE('',#3083);
#3085=ADVANCED_FACE('',(#3081),#3084,.T.);
#3086=ORIENTED_EDGE('',*,*,#1661,.T.);
#3087=VECTOR('',#1515,1.);
#3088=LINE('',#1561,#3087);
#3089=EDGE_CURVE('',#1562,#14,#3088,.T.);
#3090=ORIENTED_EDGE('',*,*,#3089,.T.);
#3091=ORIENTED_EDGE('',*,*,#85,.F.);
#3092=ORIENTED_EDGE('',*,*,#3076,.F.);
#3093=EDGE_LOOP('',(#3086,#3090,#3091,#3092));
#3094=FACE_OUTER_BOUND('',#3093,.T.);
#3095=DIRECTION('',(-0.130526192,-0.991444861,0.));
#3096=AXIS2_PLACEMENT_3D('',#1563,#117,#3095);
#3097=PLANE('',#3096);
#3098=ADVANCED_FACE('',(#3094),#3097,.T.);
#3099=ORIENTED_EDGE('',*,*,#1657,.T.);
#3100=VECTOR('',#1515,1.);
#3101=LINE('',#1559,#3100);
#3102=EDGE_CURVE('',#1560,#16,#3101,.T.);
#3103=ORIENTED_EDGE('',*,*,#3102,.T.);
#3104=ORIENTED_EDGE('',*,*,#90,.F.);
#3105=ORIENTED_EDGE('',*,*,#3089,.F.);
#3106=EDGE_LOOP('',(#3099,#3103,#3104,#3105));
#3107=FACE_OUTER_BOUND('',#3106,.T.);
#3108=AXIS2_PLACEMENT_3D('',#1561,#122,#3012);
#3109=PLANE('',#3108);
#3110=ADVANCED_FACE('',(#3107),#3109,.T.);
#3111=ORIENTED_EDGE('',*,*,#1653,.F.);
#3112=VECTOR('',#1515,1.);
#3113=LINE('',#1557,#3112);
#3114=EDGE_CURVE('',#1558,#18,#3113,.T.);
#3115=ORIENTED_EDGE('',*,*,#3114,.T.);
#3116=ORIENTED_EDGE('',*,*,#95,.T.);
#3117=ORIENTED_EDGE('',*,*,#3102,.F.);
#3118=EDGE_LOOP('',(#3111,#3115,#3116,#3117));
#3119=FACE_OUTER_BOUND('',#3118,.T.);
#3120=AXIS2_PLACEMENT_3D('',#1559,#57,#92);
#3121=PLANE('',#3120);
#3122=ADVANCED_FACE('',(#3119),#3121,.T.);
#3123=ORIENTED_EDGE('',*,*,#1649,.F.);
#3124=VECTOR('',#1515,1.);
#3125=LINE('',#1555,#3124);
#3126=EDGE_CURVE('',#1556,#20,#3125,.T.);
#3127=ORIENTED_EDGE('',*,*,#3126,.T.);
#3128=ORIENTED_EDGE('',*,*,#100,.T.);
#3129=ORIENTED_EDGE('',*,*,#3114,.F.);
#3130=EDGE_LOOP('',(#3123,#3127,#3128,#3129));
#3131=FACE_OUTER_BOUND('',#3130,.T.);
#3132=AXIS2_PLACEMENT_3D('',#1557,#62,#97);
#3133=PLANE('',#3132);
#3134=ADVANCED_FACE('',(#3131),#3133,.T.);
#3135=ORIENTED_EDGE('',*,*,#1645,.F.);
#3136=VECTOR('',#1515,1.);
#3137=LINE('',#1553,#3136);
#3138=EDGE_CURVE('',#1554,#22,#3137,.T.);
#3139=ORIENTED_EDGE('',*,*,#3138,.T.);
#3140=ORIENTED_EDGE('',*,*,#105,.T.);
#3141=ORIENTED_EDGE('',*,*,#3126,.F.);
#3142=EDGE_LOOP('',(#3135,#3139,#3140,#3141));
#3143=FACE_OUTER_BOUND('',#3142,.T.);
#3144=DIRECTION('',(0.79335334,0.608761429,0.));
#3145=AXIS2_PLACEMENT_3D('',#1555,#3144,#3054);
#3146=PLANE('',#3145);
#3147=ADVANCED_FACE('',(#3143),#3146,.T.);
#3148=ORIENTED_EDGE('',*,*,#1641,.F.);
#3149=VECTOR('',#1515,1.);
#3150=LINE('',#1551,#3149);
#3151=EDGE_CURVE('',#1552,#24,#3150,.T.);
#3152=ORIENTED_EDGE('',*,*,#3151,.T.);
#3153=ORIENTED_EDGE('',*,*,#110,.T.);
#3154=ORIENTED_EDGE('',*,*,#3138,.F.);
#3155=EDGE_LOOP('',(#3148,#3152,#3153,#3154));
#3156=FACE_OUTER_BOUND('',#3155,.T.);
#3157=DIRECTION('',(0.608761429,0.79335334,0.));
#3158=AXIS2_PLACEMENT_3D('',#1553,#3157,#3068);
#3159=PLANE('',#3158);
#3160=ADVANCED_FACE('',(#3156),#3159,.T.);
#3161=ORIENTED_EDGE('',*,*,#1637,.F.);
#3162=VECTOR('',#1515,1.);
#3163=LINE('',#1549,#3162);
#3164=EDGE_CURVE('',#1550,#26,#3163,.T.);
#3165=ORIENTED_EDGE('',*,*,#3164,.T.);
#3166=ORIENTED_EDGE('',*,*,#115,.T.);
#3167=ORIENTED_EDGE('',*,*,#3151,.F.);
#3168=EDGE_LOOP('',(#3161,#3165,#3166,#3167));
#3169=FACE_OUTER_BOUND('',#3168,.T.);
#3170=AXIS2_PLACEMENT_3D('',#1551,#77,#112);
#3171=PLANE('',#3170);
#3172=ADVANCED_FACE('',(#3169),#3171,.T.);
#3173=ORIENTED_EDGE('',*,*,#1633,.F.);
#3174=VECTOR('',#1515,1.);
#3175=LINE('',#1547,#3174);
#3176=EDGE_CURVE('',#1548,#28,#3175,.T.);
#3177=ORIENTED_EDGE('',*,*,#3176,.T.);
#3178=ORIENTED_EDGE('',*,*,#120,.T.);
#3179=ORIENTED_EDGE('',*,*,#3164,.F.);
#3180=EDGE_LOOP('',(#3173,#3177,#3178,#3179));
#3181=FACE_OUTER_BOUND('',#3180,.T.);
#3182=AXIS2_PLACEMENT_3D('',#1549,#82,#117);
#3183=PLANE('',#3182);
#3184=ADVANCED_FACE('',(#3181),#3183,.T.);
#3185=ORIENTED_EDGE('',*,*,#1629,.F.);
#3186=VECTOR('',#1515,1.);
#3187=LINE('',#1545,#3186);
#3188=EDGE_CURVE('',#1546,#30,#3187,.T.);
#3189=ORIENTED_EDGE('',*,*,#3188,.T.);
#3190=ORIENTED_EDGE('',*,*,#125,.T.);
#3191=ORIENTED_EDGE('',*,*,#3176,.F.);
#3192=EDGE_LOOP('',(#3185,#3189,#3190,#3191));
#3193=FACE_OUTER_BOUND('',#3192,.T.);
#3194=AXIS2_PLACEMENT_3D('',#1547,#87,#122);
#3195=PLANE('',#3194);
#3196=ADVANCED_FACE('',(#3193),#3195,.T.);
#3197=ORIENTED_EDGE('',*,*,#1625,.F.);
#3198=VECTOR('',#1515,1.);
#3199=LINE('',#1543,#3198);
#3200=EDGE_CURVE('',#1544,#32,#3199,.T.);
#3201=ORIENTED_EDGE('',*,*,#3200,.T.);
#3202=ORIENTED_EDGE('',*,*,#129,.T.);
#3203=ORIENTED_EDGE('',*,*,#3188,.F.);
#3204=EDGE_LOOP('',(#3197,#3201,#3202,#3203));
#3205=FACE_OUTER_BOUND('',#3204,.T.);
#3206=DIRECTION('',(-0.130526192,0.991444861,0.));
#3207=AXIS2_PLACEMENT_3D('',#1545,#3206,#57);
#3208=PLANE('',#3207);
#3209=ADVANCED_FACE('',(#3205),#3208,.T.);
#3210=ORIENTED_EDGE('',*,*,#1621,.F.);
#3211=VECTOR('',#1515,1.);
#3212=LINE('',#1541,#3211);
#3213=EDGE_CURVE('',#1542,#34,#3212,.T.);
#3214=ORIENTED_EDGE('',*,*,#3213,.T.);
#3215=ORIENTED_EDGE('',*,*,#133,.T.);
#3216=ORIENTED_EDGE('',*,*,#3200,.F.);
#3217=EDGE_LOOP('',(#3210,#3214,#3215,#3216));
#3218=FACE_OUTER_BOUND('',#3217,.T.);
#3219=DIRECTION('',(-0.382683432,0.923879533,0.));
#3220=AXIS2_PLACEMENT_3D('',#1543,#3219,#62);
#3221=PLANE('',#3220);
#3222=ADVANCED_FACE('',(#3218),#3221,.T.);
#3223=ORIENTED_EDGE('',*,*,#1617,.F.);
#3224=VECTOR('',#1515,1.);
#3225=LINE('',#1539,#3224);
#3226=EDGE_CURVE('',#1540,#36,#3225,.T.);
#3227=ORIENTED_EDGE('',*,*,#3226,.T.);
#3228=ORIENTED_EDGE('',*,*,#137,.T.);
#3229=ORIENTED_EDGE('',*,*,#3213,.F.);
#3230=EDGE_LOOP('',(#3223,#3227,#3228,#3229));
#3231=FACE_OUTER_BOUND('',#3230,.T.);
#3232=DIRECTION('',(-0.608761429,0.79335334,0.));
#3233=AXIS2_PLACEMENT_3D('',#1541,#3232,#3144);
#3234=PLANE('',#3233);
#3235=ADVANCED_FACE('',(#3231),#3234,.T.);
#3236=ORIENTED_EDGE('',*,*,#1613,.F.);
#3237=VECTOR('',#1515,1.);
#3238=LINE('',#1537,#3237);
#3239=EDGE_CURVE('',#1538,#38,#3238,.T.);
#3240=ORIENTED_EDGE('',*,*,#3239,.T.);
#3241=ORIENTED_EDGE('',*,*,#141,.T.);
#3242=ORIENTED_EDGE('',*,*,#3226,.F.);
#3243=EDGE_LOOP('',(#3236,#3240,#3241,#3242));
#3244=FACE_OUTER_BOUND('',#3243,.T.);
#3245=DIRECTION('',(-0.79335334,0.608761429,0.));
#3246=AXIS2_PLACEMENT_3D('',#1539,#3245,#3157);
#3247=PLANE('',#3246);
#3248=ADVANCED_FACE('',(#3244),#3247,.T.);
#3249=ORIENTED_EDGE('',*,*,#1609,.F.);
#3250=VECTOR('',#1515,1.);
#3251=LINE('',#1535,#3250);
#3252=EDGE_CURVE('',#1536,#40,#3251,.T.);
#3253=ORIENTED_EDGE('',*,*,#3252,.T.);
#3254=ORIENTED_EDGE('',*,*,#145,.T.);
#3255=ORIENTED_EDGE('',*,*,#3239,.F.);
#3256=EDGE_LOOP('',(#3249,#3253,#3254,#3255));
#3257=FACE_OUTER_BOUND('',#3256,.T.);
#3258=DIRECTION('',(-0.923879533,0.382683432,0.));
#3259=AXIS2_PLACEMENT_3D('',#1537,#3258,#77);
#3260=PLANE('',#3259);
#3261=ADVANCED_FACE('',(#3257),#3260,.T.);
#3262=ORIENTED_EDGE('',*,*,#1605,.F.);
#3263=VECTOR('',#1515,1.);
#3264=LINE('',#1533,#3263);
#3265=EDGE_CURVE('',#1534,#42,#3264,.T.);
#3266=ORIENTED_EDGE('',*,*,#3265,.T.);
#3267=ORIENTED_EDGE('',*,*,#149,.T.);
#3268=ORIENTED_EDGE('',*,*,#3252,.F.);
#3269=EDGE_LOOP('',(#3262,#3266,#3267,#3268));
#3270=FACE_OUTER_BOUND('',#3269,.T.);
#3271=DIRECTION('',(-0.991444861,0.130526192,0.));
#3272=AXIS2_PLACEMENT_3D('',#1535,#3271,#82);
#3273=PLANE('',#3272);
#3274=ADVANCED_FACE('',(#3270),#3273,.T.);
#3275=ORIENTED_EDGE('',*,*,#1601,.F.);
#3276=VECTOR('',#1515,1.);
#3277=LINE('',#1531,#3276);
#3278=EDGE_CURVE('',#1532,#44,#3277,.T.);
#3279=ORIENTED_EDGE('',*,*,#3278,.T.);
#3280=ORIENTED_EDGE('',*,*,#153,.T.);
#3281=ORIENTED_EDGE('',*,*,#3265,.F.);
#3282=EDGE_LOOP('',(#3275,#3279,#3280,#3281));
#3283=FACE_OUTER_BOUND('',#3282,.T.);
#3284=DIRECTION('',(-1.,-0.,0.));
#3285=AXIS2_PLACEMENT_3D('',#1533,#3284,#87);
#3286=PLANE('',#3285);
#3287=ADVANCED_FACE('',(#3283),#3286,.T.);
#3288=ORIENTED_EDGE('',*,*,#1597,.T.);
#3289=VECTOR('',#1515,1.);
#3290=LINE('',#1529,#3289);
#3291=EDGE_CURVE('',#1530,#46,#3290,.T.);
#3292=ORIENTED_EDGE('',*,*,#3291,.T.);
#3293=ORIENTED_EDGE('',*,*,#157,.F.);
#3294=ORIENTED_EDGE('',*,*,#3278,.F.);
#3295=EDGE_LOOP('',(#3288,#3292,#3293,#3294));
#3296=FACE_OUTER_BOUND('',#3295,.T.);
#3297=AXIS2_PLACEMENT_3D('',#1531,#3028,#3206);
#3298=PLANE('',#3297);
#3299=ADVANCED_FACE('',(#3296),#3298,.T.);
#3300=ORIENTED_EDGE('',*,*,#1593,.T.);
#3301=VECTOR('',#1515,1.);
#3302=LINE('',#1527,#3301);
#3303=EDGE_CURVE('',#1528,#48,#3302,.T.);
#3304=ORIENTED_EDGE('',*,*,#3303,.T.);
#3305=ORIENTED_EDGE('',*,*,#161,.F.);
#3306=ORIENTED_EDGE('',*,*,#3291,.F.);
#3307=EDGE_LOOP('',(#3300,#3304,#3305,#3306));
#3308=FACE_OUTER_BOUND('',#3307,.T.);
#3309=AXIS2_PLACEMENT_3D('',#1529,#3041,#3219);
#3310=PLANE('',#3309);
#3311=ADVANCED_FACE('',(#3308),#3310,.T.);
#3312=ORIENTED_EDGE('',*,*,#1589,.T.);
#3313=VECTOR('',#1515,1.);
#3314=LINE('',#1525,#3313);
#3315=EDGE_CURVE('',#1526,#50,#3314,.T.);
#3316=ORIENTED_EDGE('',*,*,#3315,.T.);
#3317=ORIENTED_EDGE('',*,*,#165,.F.);
#3318=ORIENTED_EDGE('',*,*,#3303,.F.);
#3319=EDGE_LOOP('',(#3312,#3316,#3317,#3318));
#3320=FACE_OUTER_BOUND('',#3319,.T.);
#3321=AXIS2_PLACEMENT_3D('',#1527,#3055,#3232);
#3322=PLANE('',#3321);
#3323=ADVANCED_FACE('',(#3320),#3322,.T.);
#3324=ORIENTED_EDGE('',*,*,#1585,.T.);
#3325=VECTOR('',#1515,1.);
#3326=LINE('',#1523,#3325);
#3327=EDGE_CURVE('',#1524,#52,#3326,.T.);
#3328=ORIENTED_EDGE('',*,*,#3327,.T.);
#3329=ORIENTED_EDGE('',*,*,#169,.F.);
#3330=ORIENTED_EDGE('',*,*,#3315,.F.);
#3331=EDGE_LOOP('',(#3324,#3328,#3329,#3330));
#3332=FACE_OUTER_BOUND('',#3331,.T.);
#3333=AXIS2_PLACEMENT_3D('',#1525,#3069,#3245);
#3334=PLANE('',#3333);
#3335=ADVANCED_FACE('',(#3332),#3334,.T.);
#3336=ORIENTED_EDGE('',*,*,#1581,.T.);
#3337=VECTOR('',#1515,1.);
#3338=LINE('',#1521,#3337);
#3339=EDGE_CURVE('',#1522,#54,#3338,.T.);
#3340=ORIENTED_EDGE('',*,*,#3339,.T.);
#3341=ORIENTED_EDGE('',*,*,#173,.F.);
#3342=ORIENTED_EDGE('',*,*,#3327,.F.);
#3343=EDGE_LOOP('',(#3336,#3340,#3341,#3342));
#3344=FACE_OUTER_BOUND('',#3343,.T.);
#3345=AXIS2_PLACEMENT_3D('',#1523,#3082,#3258);
#3346=PLANE('',#3345);
#3347=ADVANCED_FACE('',(#3344),#3346,.T.);
#3348=ORIENTED_EDGE('',*,*,#1577,.T.);
#3349=VECTOR('',#1515,1.);
#3350=LINE('',#1519,#3349);
#3351=EDGE_CURVE('',#1520,#56,#3350,.T.);
#3352=ORIENTED_EDGE('',*,*,#3351,.T.);
#3353=ORIENTED_EDGE('',*,*,#177,.F.);
#3354=ORIENTED_EDGE('',*,*,#3339,.F.);
#3355=EDGE_LOOP('',(#3348,#3352,#3353,#3354));
#3356=FACE_OUTER_BOUND('',#3355,.T.);
#3357=AXIS2_PLACEMENT_3D('',#1521,#3095,#3271);
#3358=PLANE('',#3357);
#3359=ADVANCED_FACE('',(#3356),#3358,.T.);
#3360=ORIENTED_EDGE('',*,*,#1685,.T.);
#3361=ORIENTED_EDGE('',*,*,#3024,.T.);
#3362=ORIENTED_EDGE('',*,*,#181,.F.);
#3363=ORIENTED_EDGE('',*,*,#3351,.F.);
#3364=EDGE_LOOP('',(#3360,#3361,#3362,#3363));
#3365=FACE_OUTER_BOUND('',#3364,.T.);
#3366=AXIS2_PLACEMENT_3D('',#1519,#3012,#3284);
#3367=PLANE('',#3366);
#3368=ADVANCED_FACE('',(#3365),#3367,.T.);
#3369=ORIENTED_EDGE('',*,*,#3003,.F.);
#3370=VECTOR('',#1515,1.);
#3371=LINE('',#2125,#3370);
#3372=EDGE_CURVE('',#2126,#188,#3371,.T.);
#3373=ORIENTED_EDGE('',*,*,#3372,.T.);
#3374=ORIENTED_EDGE('',*,*,#627,.T.);
#3375=VECTOR('',#1515,1.);
#3376=LINE('',#2127,#3375);
#3377=EDGE_CURVE('',#2128,#186,#3376,.T.);
#3378=ORIENTED_EDGE('',*,*,#3377,.F.);
#3379=EDGE_LOOP('',(#3369,#3373,#3374,#3378));
#3380=FACE_OUTER_BOUND('',#3379,.T.);
#3381=AXIS2_PLACEMENT_3D('',#2127,#77,#112);
#3382=PLANE('',#3381);
#3383=ADVANCED_FACE('',(#3380),#3382,.T.);
#3384=ORIENTED_EDGE('',*,*,#2999,.F.);
#3385=VECTOR('',#1515,1.);
#3386=LINE('',#2123,#3385);
#3387=EDGE_CURVE('',#2124,#190,#3386,.T.);
#3388=ORIENTED_EDGE('',*,*,#3387,.T.);
#3389=ORIENTED_EDGE('',*,*,#632,.T.);
#3390=ORIENTED_EDGE('',*,*,#3372,.F.);
#3391=EDGE_LOOP('',(#3384,#3388,#3389,#3390));
#3392=FACE_OUTER_BOUND('',#3391,.T.);
#3393=AXIS2_PLACEMENT_3D('',#2125,#3157,#3068);
#3394=PLANE('',#3393);
#3395=ADVANCED_FACE('',(#3392),#3394,.T.);
#3396=ORIENTED_EDGE('',*,*,#2995,.F.);
#3397=VECTOR('',#1515,1.);
#3398=LINE('',#2121,#3397);
#3399=EDGE_CURVE('',#2122,#192,#3398,.T.);
#3400=ORIENTED_EDGE('',*,*,#3399,.T.);
#3401=ORIENTED_EDGE('',*,*,#637,.T.);
#3402=ORIENTED_EDGE('',*,*,#3387,.F.);
#3403=EDGE_LOOP('',(#3396,#3400,#3401,#3402));
#3404=FACE_OUTER_BOUND('',#3403,.T.);
#3405=AXIS2_PLACEMENT_3D('',#2123,#3144,#3054);
#3406=PLANE('',#3405);
#3407=ADVANCED_FACE('',(#3404),#3406,.T.);
#3408=ORIENTED_EDGE('',*,*,#2991,.F.);
#3409=VECTOR('',#1515,1.);
#3410=LINE('',#2119,#3409);
#3411=EDGE_CURVE('',#2120,#194,#3410,.T.);
#3412=ORIENTED_EDGE('',*,*,#3411,.T.);
#3413=ORIENTED_EDGE('',*,*,#641,.T.);
#3414=ORIENTED_EDGE('',*,*,#3399,.F.);
#3415=EDGE_LOOP('',(#3408,#3412,#3413,#3414));
#3416=FACE_OUTER_BOUND('',#3415,.T.);
#3417=AXIS2_PLACEMENT_3D('',#2121,#62,#97);
#3418=PLANE('',#3417);
#3419=ADVANCED_FACE('',(#3416),#3418,.T.);
#3420=ORIENTED_EDGE('',*,*,#2987,.F.);
#3421=VECTOR('',#1515,1.);
#3422=LINE('',#2117,#3421);
#3423=EDGE_CURVE('',#2118,#196,#3422,.T.);
#3424=ORIENTED_EDGE('',*,*,#3423,.T.);
#3425=ORIENTED_EDGE('',*,*,#646,.T.);
#3426=ORIENTED_EDGE('',*,*,#3411,.F.);
#3427=EDGE_LOOP('',(#3420,#3424,#3425,#3426));
#3428=FACE_OUTER_BOUND('',#3427,.T.);
#3429=AXIS2_PLACEMENT_3D('',#2119,#57,#92);
#3430=PLANE('',#3429);
#3431=ADVANCED_FACE('',(#3428),#3430,.T.);
#3432=ORIENTED_EDGE('',*,*,#2983,.T.);
#3433=VECTOR('',#1515,1.);
#3434=LINE('',#2115,#3433);
#3435=EDGE_CURVE('',#2116,#198,#3434,.T.);
#3436=ORIENTED_EDGE('',*,*,#3435,.T.);
#3437=ORIENTED_EDGE('',*,*,#650,.F.);
#3438=ORIENTED_EDGE('',*,*,#3423,.F.);
#3439=EDGE_LOOP('',(#3432,#3436,#3437,#3438));
#3440=FACE_OUTER_BOUND('',#3439,.T.);
#3441=AXIS2_PLACEMENT_3D('',#2117,#122,#3012);
#3442=PLANE('',#3441);
#3443=ADVANCED_FACE('',(#3440),#3442,.T.);
#3444=ORIENTED_EDGE('',*,*,#2979,.F.);
#3445=VECTOR('',#1515,1.);
#3446=LINE('',#2113,#3445);
#3447=EDGE_CURVE('',#2114,#200,#3446,.T.);
#3448=ORIENTED_EDGE('',*,*,#3447,.T.);
#3449=ORIENTED_EDGE('',*,*,#654,.T.);
#3450=ORIENTED_EDGE('',*,*,#3435,.F.);
#3451=EDGE_LOOP('',(#3444,#3448,#3449,#3450));
#3452=FACE_OUTER_BOUND('',#3451,.T.);
#3453=AXIS2_PLACEMENT_3D('',#2115,#87,#122);
#3454=PLANE('',#3453);
#3455=ADVANCED_FACE('',(#3452),#3454,.T.);
#3456=ORIENTED_EDGE('',*,*,#2975,.T.);
#3457=VECTOR('',#1515,1.);
#3458=LINE('',#2111,#3457);
#3459=EDGE_CURVE('',#2112,#202,#3458,.T.);
#3460=ORIENTED_EDGE('',*,*,#3459,.T.);
#3461=ORIENTED_EDGE('',*,*,#658,.F.);
#3462=ORIENTED_EDGE('',*,*,#3447,.F.);
#3463=EDGE_LOOP('',(#3456,#3460,#3461,#3462));
#3464=FACE_OUTER_BOUND('',#3463,.T.);
#3465=AXIS2_PLACEMENT_3D('',#2113,#122,#3012);
#3466=PLANE('',#3465);
#3467=ADVANCED_FACE('',(#3464),#3466,.T.);
#3468=ORIENTED_EDGE('',*,*,#2971,.T.);
#3469=VECTOR('',#1515,1.);
#3470=LINE('',#2109,#3469);
#3471=EDGE_CURVE('',#2110,#204,#3470,.T.);
#3472=ORIENTED_EDGE('',*,*,#3471,.T.);
#3473=ORIENTED_EDGE('',*,*,#662,.F.);
#3474=ORIENTED_EDGE('',*,*,#3459,.F.);
#3475=EDGE_LOOP('',(#3468,#3472,#3473,#3474));
#3476=FACE_OUTER_BOUND('',#3475,.T.);
#3477=AXIS2_PLACEMENT_3D('',#2111,#3012,#3284);
#3478=PLANE('',#3477);
#3479=ADVANCED_FACE('',(#3476),#3478,.T.);
#3480=ORIENTED_EDGE('',*,*,#2967,.T.);
#3481=VECTOR('',#1515,1.);
#3482=LINE('',#2107,#3481);
#3483=EDGE_CURVE('',#2108,#206,#3482,.T.);
#3484=ORIENTED_EDGE('',*,*,#3483,.T.);
#3485=ORIENTED_EDGE('',*,*,#666,.F.);
#3486=ORIENTED_EDGE('',*,*,#3471,.F.);
#3487=EDGE_LOOP('',(#3480,#3484,#3485,#3486));
#3488=FACE_OUTER_BOUND('',#3487,.T.);
#3489=AXIS2_PLACEMENT_3D('',#2109,#122,#3012);
#3490=PLANE('',#3489);
#3491=ADVANCED_FACE('',(#3488),#3490,.T.);
#3492=ORIENTED_EDGE('',*,*,#2963,.F.);
#3493=VECTOR('',#1515,1.);
#3494=LINE('',#2105,#3493);
#3495=EDGE_CURVE('',#2106,#208,#3494,.T.);
#3496=ORIENTED_EDGE('',*,*,#3495,.T.);
#3497=ORIENTED_EDGE('',*,*,#670,.T.);
#3498=ORIENTED_EDGE('',*,*,#3483,.F.);
#3499=EDGE_LOOP('',(#3492,#3496,#3497,#3498));
#3500=FACE_OUTER_BOUND('',#3499,.T.);
#3501=AXIS2_PLACEMENT_3D('',#2107,#87,#122);
#3502=PLANE('',#3501);
#3503=ADVANCED_FACE('',(#3500),#3502,.T.);
#3504=ORIENTED_EDGE('',*,*,#2959,.T.);
#3505=VECTOR('',#1515,1.);
#3506=LINE('',#2103,#3505);
#3507=EDGE_CURVE('',#2104,#210,#3506,.T.);
#3508=ORIENTED_EDGE('',*,*,#3507,.T.);
#3509=ORIENTED_EDGE('',*,*,#674,.F.);
#3510=ORIENTED_EDGE('',*,*,#3495,.F.);
#3511=EDGE_LOOP('',(#3504,#3508,#3509,#3510));
#3512=FACE_OUTER_BOUND('',#3511,.T.);
#3513=AXIS2_PLACEMENT_3D('',#2105,#122,#3012);
#3514=PLANE('',#3513);
#3515=ADVANCED_FACE('',(#3512),#3514,.T.);
#3516=ORIENTED_EDGE('',*,*,#2955,.T.);
#3517=VECTOR('',#1515,1.);
#3518=LINE('',#2101,#3517);
#3519=EDGE_CURVE('',#2102,#212,#3518,.T.);
#3520=ORIENTED_EDGE('',*,*,#3519,.T.);
#3521=ORIENTED_EDGE('',*,*,#678,.F.);
#3522=ORIENTED_EDGE('',*,*,#3507,.F.);
#3523=EDGE_LOOP('',(#3516,#3520,#3521,#3522));
#3524=FACE_OUTER_BOUND('',#3523,.T.);
#3525=AXIS2_PLACEMENT_3D('',#2103,#3012,#3284);
#3526=PLANE('',#3525);
#3527=ADVANCED_FACE('',(#3524),#3526,.T.);
#3528=ORIENTED_EDGE('',*,*,#2951,.T.);
#3529=VECTOR('',#1515,1.);
#3530=LINE('',#2099,#3529);
#3531=EDGE_CURVE('',#2100,#214,#3530,.T.);
#3532=ORIENTED_EDGE('',*,*,#3531,.T.);
#3533=ORIENTED_EDGE('',*,*,#682,.F.);
#3534=ORIENTED_EDGE('',*,*,#3519,.F.);
#3535=EDGE_LOOP('',(#3528,#3532,#3533,#3534));
#3536=FACE_OUTER_BOUND('',#3535,.T.);
#3537=AXIS2_PLACEMENT_3D('',#2101,#122,#3012);
#3538=PLANE('',#3537);
#3539=ADVANCED_FACE('',(#3536),#3538,.T.);
#3540=ORIENTED_EDGE('',*,*,#2947,.F.);
#3541=VECTOR('',#1515,1.);
#3542=LINE('',#2097,#3541);
#3543=EDGE_CURVE('',#2098,#216,#3542,.T.);
#3544=ORIENTED_EDGE('',*,*,#3543,.T.);
#3545=ORIENTED_EDGE('',*,*,#686,.T.);
#3546=ORIENTED_EDGE('',*,*,#3531,.F.);
#3547=EDGE_LOOP('',(#3540,#3544,#3545,#3546));
#3548=FACE_OUTER_BOUND('',#3547,.T.);
#3549=AXIS2_PLACEMENT_3D('',#2099,#87,#122);
#3550=PLANE('',#3549);
#3551=ADVANCED_FACE('',(#3548),#3550,.T.);
#3552=ORIENTED_EDGE('',*,*,#2943,.T.);
#3553=VECTOR('',#1515,1.);
#3554=LINE('',#2095,#3553);
#3555=EDGE_CURVE('',#2096,#218,#3554,.T.);
#3556=ORIENTED_EDGE('',*,*,#3555,.T.);
#3557=ORIENTED_EDGE('',*,*,#690,.F.);
#3558=ORIENTED_EDGE('',*,*,#3543,.F.);
#3559=EDGE_LOOP('',(#3552,#3556,#3557,#3558));
#3560=FACE_OUTER_BOUND('',#3559,.T.);
#3561=AXIS2_PLACEMENT_3D('',#2097,#122,#3012);
#3562=PLANE('',#3561);
#3563=ADVANCED_FACE('',(#3560),#3562,.T.);
#3564=ORIENTED_EDGE('',*,*,#2939,.T.);
#3565=VECTOR('',#1515,1.);
#3566=LINE('',#2093,#3565);
#3567=EDGE_CURVE('',#2094,#220,#3566,.T.);
#3568=ORIENTED_EDGE('',*,*,#3567,.T.);
#3569=ORIENTED_EDGE('',*,*,#694,.F.);
#3570=ORIENTED_EDGE('',*,*,#3555,.F.);
#3571=EDGE_LOOP('',(#3564,#3568,#3569,#3570));
#3572=FACE_OUTER_BOUND('',#3571,.T.);
#3573=AXIS2_PLACEMENT_3D('',#2095,#3012,#3284);
#3574=PLANE('',#3573);
#3575=ADVANCED_FACE('',(#3572),#3574,.T.);
#3576=ORIENTED_EDGE('',*,*,#2935,.T.);
#3577=VECTOR('',#1515,1.);
#3578=LINE('',#2091,#3577);
#3579=EDGE_CURVE('',#2092,#222,#3578,.T.);
#3580=ORIENTED_EDGE('',*,*,#3579,.T.);
#3581=ORIENTED_EDGE('',*,*,#698,.F.);
#3582=ORIENTED_EDGE('',*,*,#3567,.F.);
#3583=EDGE_LOOP('',(#3576,#3580,#3581,#3582));
#3584=FACE_OUTER_BOUND('',#3583,.T.);
#3585=AXIS2_PLACEMENT_3D('',#2093,#122,#3012);
#3586=PLANE('',#3585);
#3587=ADVANCED_FACE('',(#3584),#3586,.T.);
#3588=ORIENTED_EDGE('',*,*,#2931,.F.);
#3589=VECTOR('',#1515,1.);
#3590=LINE('',#2089,#3589);
#3591=EDGE_CURVE('',#2090,#224,#3590,.T.);
#3592=ORIENTED_EDGE('',*,*,#3591,.T.);
#3593=ORIENTED_EDGE('',*,*,#702,.T.);
#3594=ORIENTED_EDGE('',*,*,#3579,.F.);
#3595=EDGE_LOOP('',(#3588,#3592,#3593,#3594));
#3596=FACE_OUTER_BOUND('',#3595,.T.);
#3597=AXIS2_PLACEMENT_3D('',#2091,#87,#122);
#3598=PLANE('',#3597);
#3599=ADVANCED_FACE('',(#3596),#3598,.T.);
#3600=ORIENTED_EDGE('',*,*,#2927,.T.);
#3601=VECTOR('',#1515,1.);
#3602=LINE('',#2087,#3601);
#3603=EDGE_CURVE('',#2088,#226,#3602,.T.);
#3604=ORIENTED_EDGE('',*,*,#3603,.T.);
#3605=ORIENTED_EDGE('',*,*,#706,.F.);
#3606=ORIENTED_EDGE('',*,*,#3591,.F.);
#3607=EDGE_LOOP('',(#3600,#3604,#3605,#3606));
#3608=FACE_OUTER_BOUND('',#3607,.T.);
#3609=AXIS2_PLACEMENT_3D('',#2089,#122,#3012);
#3610=PLANE('',#3609);
#3611=ADVANCED_FACE('',(#3608),#3610,.T.);
#3612=ORIENTED_EDGE('',*,*,#2923,.T.);
#3613=VECTOR('',#1515,1.);
#3614=LINE('',#2085,#3613);
#3615=EDGE_CURVE('',#2086,#228,#3614,.T.);
#3616=ORIENTED_EDGE('',*,*,#3615,.T.);
#3617=ORIENTED_EDGE('',*,*,#710,.F.);
#3618=ORIENTED_EDGE('',*,*,#3603,.F.);
#3619=EDGE_LOOP('',(#3612,#3616,#3617,#3618));
#3620=FACE_OUTER_BOUND('',#3619,.T.);
#3621=AXIS2_PLACEMENT_3D('',#2087,#3012,#3284);
#3622=PLANE('',#3621);
#3623=ADVANCED_FACE('',(#3620),#3622,.T.);
#3624=ORIENTED_EDGE('',*,*,#2919,.T.);
#3625=VECTOR('',#1515,1.);
#3626=LINE('',#2083,#3625);
#3627=EDGE_CURVE('',#2084,#230,#3626,.T.);
#3628=ORIENTED_EDGE('',*,*,#3627,.T.);
#3629=ORIENTED_EDGE('',*,*,#714,.F.);
#3630=ORIENTED_EDGE('',*,*,#3615,.F.);
#3631=EDGE_LOOP('',(#3624,#3628,#3629,#3630));
#3632=FACE_OUTER_BOUND('',#3631,.T.);
#3633=AXIS2_PLACEMENT_3D('',#2085,#122,#3012);
#3634=PLANE('',#3633);
#3635=ADVANCED_FACE('',(#3632),#3634,.T.);
#3636=ORIENTED_EDGE('',*,*,#2915,.F.);
#3637=VECTOR('',#1515,1.);
#3638=LINE('',#2081,#3637);
#3639=EDGE_CURVE('',#2082,#232,#3638,.T.);
#3640=ORIENTED_EDGE('',*,*,#3639,.T.);
#3641=ORIENTED_EDGE('',*,*,#718,.T.);
#3642=ORIENTED_EDGE('',*,*,#3627,.F.);
#3643=EDGE_LOOP('',(#3636,#3640,#3641,#3642));
#3644=FACE_OUTER_BOUND('',#3643,.T.);
#3645=AXIS2_PLACEMENT_3D('',#2083,#87,#122);
#3646=PLANE('',#3645);
#3647=ADVANCED_FACE('',(#3644),#3646,.T.);
#3648=ORIENTED_EDGE('',*,*,#2911,.T.);
#3649=VECTOR('',#1515,1.);
#3650=LINE('',#2079,#3649);
#3651=EDGE_CURVE('',#2080,#234,#3650,.T.);
#3652=ORIENTED_EDGE('',*,*,#3651,.T.);
#3653=ORIENTED_EDGE('',*,*,#722,.F.);
#3654=ORIENTED_EDGE('',*,*,#3639,.F.);
#3655=EDGE_LOOP('',(#3648,#3652,#3653,#3654));
#3656=FACE_OUTER_BOUND('',#3655,.T.);
#3657=AXIS2_PLACEMENT_3D('',#2081,#122,#3012);
#3658=PLANE('',#3657);
#3659=ADVANCED_FACE('',(#3656),#3658,.T.);
#3660=ORIENTED_EDGE('',*,*,#2907,.T.);
#3661=VECTOR('',#1515,1.);
#3662=LINE('',#2077,#3661);
#3663=EDGE_CURVE('',#2078,#236,#3662,.T.);
#3664=ORIENTED_EDGE('',*,*,#3663,.T.);
#3665=ORIENTED_EDGE('',*,*,#726,.F.);
#3666=ORIENTED_EDGE('',*,*,#3651,.F.);
#3667=EDGE_LOOP('',(#3660,#3664,#3665,#3666));
#3668=FACE_OUTER_BOUND('',#3667,.T.);
#3669=AXIS2_PLACEMENT_3D('',#2079,#3012,#3284);
#3670=PLANE('',#3669);
#3671=ADVANCED_FACE('',(#3668),#3670,.T.);
#3672=ORIENTED_EDGE('',*,*,#2903,.T.);
#3673=VECTOR('',#1515,1.);
#3674=LINE('',#2075,#3673);
#3675=EDGE_CURVE('',#2076,#238,#3674,.T.);
#3676=ORIENTED_EDGE('',*,*,#3675,.T.);
#3677=ORIENTED_EDGE('',*,*,#730,.F.);
#3678=ORIENTED_EDGE('',*,*,#3663,.F.);
#3679=EDGE_LOOP('',(#3672,#3676,#3677,#3678));
#3680=FACE_OUTER_BOUND('',#3679,.T.);
#3681=AXIS2_PLACEMENT_3D('',#2077,#122,#3012);
#3682=PLANE('',#3681);
#3683=ADVANCED_FACE('',(#3680),#3682,.T.);
#3684=ORIENTED_EDGE('',*,*,#2899,.F.);
#3685=VECTOR('',#1515,1.);
#3686=LINE('',#2073,#3685);
#3687=EDGE_CURVE('',#2074,#240,#3686,.T.);
#3688=ORIENTED_EDGE('',*,*,#3687,.T.);
#3689=ORIENTED_EDGE('',*,*,#734,.T.);
#3690=ORIENTED_EDGE('',*,*,#3675,.F.);
#3691=EDGE_LOOP('',(#3684,#3688,#3689,#3690));
#3692=FACE_OUTER_BOUND('',#3691,.T.);
#3693=AXIS2_PLACEMENT_3D('',#2075,#87,#122);
#3694=PLANE('',#3693);
#3695=ADVANCED_FACE('',(#3692),#3694,.T.);
#3696=ORIENTED_EDGE('',*,*,#2895,.T.);
#3697=VECTOR('',#1515,1.);
#3698=LINE('',#2071,#3697);
#3699=EDGE_CURVE('',#2072,#242,#3698,.T.);
#3700=ORIENTED_EDGE('',*,*,#3699,.T.);
#3701=ORIENTED_EDGE('',*,*,#738,.F.);
#3702=ORIENTED_EDGE('',*,*,#3687,.F.);
#3703=EDGE_LOOP('',(#3696,#3700,#3701,#3702));
#3704=FACE_OUTER_BOUND('',#3703,.T.);
#3705=AXIS2_PLACEMENT_3D('',#2073,#122,#3012);
#3706=PLANE('',#3705);
#3707=ADVANCED_FACE('',(#3704),#3706,.T.);
#3708=ORIENTED_EDGE('',*,*,#2891,.T.);
#3709=VECTOR('',#1515,1.);
#3710=LINE('',#2069,#3709);
#3711=EDGE_CURVE('',#2070,#244,#3710,.T.);
#3712=ORIENTED_EDGE('',*,*,#3711,.T.);
#3713=ORIENTED_EDGE('',*,*,#742,.F.);
#3714=ORIENTED_EDGE('',*,*,#3699,.F.);
#3715=EDGE_LOOP('',(#3708,#3712,#3713,#3714));
#3716=FACE_OUTER_BOUND('',#3715,.T.);
#3717=AXIS2_PLACEMENT_3D('',#2071,#3012,#3284);
#3718=PLANE('',#3717);
#3719=ADVANCED_FACE('',(#3716),#3718,.T.);
#3720=ORIENTED_EDGE('',*,*,#2887,.T.);
#3721=VECTOR('',#1515,1.);
#3722=LINE('',#2067,#3721);
#3723=EDGE_CURVE('',#2068,#246,#3722,.T.);
#3724=ORIENTED_EDGE('',*,*,#3723,.T.);
#3725=ORIENTED_EDGE('',*,*,#746,.F.);
#3726=ORIENTED_EDGE('',*,*,#3711,.F.);
#3727=EDGE_LOOP('',(#3720,#3724,#3725,#3726));
#3728=FACE_OUTER_BOUND('',#3727,.T.);
#3729=AXIS2_PLACEMENT_3D('',#2069,#122,#3012);
#3730=PLANE('',#3729);
#3731=ADVANCED_FACE('',(#3728),#3730,.T.);
#3732=ORIENTED_EDGE('',*,*,#2883,.F.);
#3733=VECTOR('',#1515,1.);
#3734=LINE('',#2065,#3733);
#3735=EDGE_CURVE('',#2066,#248,#3734,.T.);
#3736=ORIENTED_EDGE('',*,*,#3735,.T.);
#3737=ORIENTED_EDGE('',*,*,#750,.T.);
#3738=ORIENTED_EDGE('',*,*,#3723,.F.);
#3739=EDGE_LOOP('',(#3732,#3736,#3737,#3738));
#3740=FACE_OUTER_BOUND('',#3739,.T.);
#3741=AXIS2_PLACEMENT_3D('',#2067,#87,#122);
#3742=PLANE('',#3741);
#3743=ADVANCED_FACE('',(#3740),#3742,.T.);
#3744=ORIENTED_EDGE('',*,*,#2879,.T.);
#3745=VECTOR('',#1515,1.);
#3746=LINE('',#2063,#3745);
#3747=EDGE_CURVE('',#2064,#250,#3746,.T.);
#3748=ORIENTED_EDGE('',*,*,#3747,.T.);
#3749=ORIENTED_EDGE('',*,*,#754,.F.);
#3750=ORIENTED_EDGE('',*,*,#3735,.F.);
#3751=EDGE_LOOP('',(#3744,#3748,#3749,#3750));
#3752=FACE_OUTER_BOUND('',#3751,.T.);
#3753=AXIS2_PLACEMENT_3D('',#2065,#122,#3012);
#3754=PLANE('',#3753);
#3755=ADVANCED_FACE('',(#3752),#3754,.T.);
#3756=ORIENTED_EDGE('',*,*,#2875,.T.);
#3757=VECTOR('',#1515,1.);
#3758=LINE('',#2061,#3757);
#3759=EDGE_CURVE('',#2062,#252,#3758,.T.);
#3760=ORIENTED_EDGE('',*,*,#3759,.T.);
#3761=ORIENTED_EDGE('',*,*,#758,.F.);
#3762=ORIENTED_EDGE('',*,*,#3747,.F.);
#3763=EDGE_LOOP('',(#3756,#3760,#3761,#3762));
#3764=FACE_OUTER_BOUND('',#3763,.T.);
#3765=AXIS2_PLACEMENT_3D('',#2063,#3012,#3284);
#3766=PLANE('',#3765);
#3767=ADVANCED_FACE('',(#3764),#3766,.T.);
#3768=ORIENTED_EDGE('',*,*,#2871,.T.);
#3769=VECTOR('',#1515,1.);
#3770=LINE('',#2059,#3769);
#3771=EDGE_CURVE('',#2060,#254,#3770,.T.);
#3772=ORIENTED_EDGE('',*,*,#3771,.T.);
#3773=ORIENTED_EDGE('',*,*,#762,.F.);
#3774=ORIENTED_EDGE('',*,*,#3759,.F.);
#3775=EDGE_LOOP('',(#3768,#3772,#3773,#3774));
#3776=FACE_OUTER_BOUND('',#3775,.T.);
#3777=AXIS2_PLACEMENT_3D('',#2061,#122,#3012);
#3778=PLANE('',#3777);
#3779=ADVANCED_FACE('',(#3776),#3778,.T.);
#3780=ORIENTED_EDGE('',*,*,#2867,.F.);
#3781=VECTOR('',#1515,1.);
#3782=LINE('',#2057,#3781);
#3783=EDGE_CURVE('',#2058,#256,#3782,.T.);
#3784=ORIENTED_EDGE('',*,*,#3783,.T.);
#3785=ORIENTED_EDGE('',*,*,#766,.T.);
#3786=ORIENTED_EDGE('',*,*,#3771,.F.);
#3787=EDGE_LOOP('',(#3780,#3784,#3785,#3786));
#3788=FACE_OUTER_BOUND('',#3787,.T.);
#3789=AXIS2_PLACEMENT_3D('',#2059,#87,#122);
#3790=PLANE('',#3789);
#3791=ADVANCED_FACE('',(#3788),#3790,.T.);
#3792=ORIENTED_EDGE('',*,*,#2863,.T.);
#3793=VECTOR('',#1515,1.);
#3794=LINE('',#2055,#3793);
#3795=EDGE_CURVE('',#2056,#258,#3794,.T.);
#3796=ORIENTED_EDGE('',*,*,#3795,.T.);
#3797=ORIENTED_EDGE('',*,*,#770,.F.);
#3798=ORIENTED_EDGE('',*,*,#3783,.F.);
#3799=EDGE_LOOP('',(#3792,#3796,#3797,#3798));
#3800=FACE_OUTER_BOUND('',#3799,.T.);
#3801=AXIS2_PLACEMENT_3D('',#2057,#122,#3012);
#3802=PLANE('',#3801);
#3803=ADVANCED_FACE('',(#3800),#3802,.T.);
#3804=ORIENTED_EDGE('',*,*,#2859,.T.);
#3805=VECTOR('',#1515,1.);
#3806=LINE('',#2053,#3805);
#3807=EDGE_CURVE('',#2054,#260,#3806,.T.);
#3808=ORIENTED_EDGE('',*,*,#3807,.T.);
#3809=ORIENTED_EDGE('',*,*,#774,.F.);
#3810=ORIENTED_EDGE('',*,*,#3795,.F.);
#3811=EDGE_LOOP('',(#3804,#3808,#3809,#3810));
#3812=FACE_OUTER_BOUND('',#3811,.T.);
#3813=AXIS2_PLACEMENT_3D('',#2055,#3012,#3284);
#3814=PLANE('',#3813);
#3815=ADVANCED_FACE('',(#3812),#3814,.T.);
#3816=ORIENTED_EDGE('',*,*,#2855,.T.);
#3817=VECTOR('',#1515,1.);
#3818=LINE('',#2051,#3817);
#3819=EDGE_CURVE('',#2052,#262,#3818,.T.);
#3820=ORIENTED_EDGE('',*,*,#3819,.T.);
#3821=ORIENTED_EDGE('',*,*,#778,.F.);
#3822=ORIENTED_EDGE('',*,*,#3807,.F.);
#3823=EDGE_LOOP('',(#3816,#3820,#3821,#3822));
#3824=FACE_OUTER_BOUND('',#3823,.T.);
#3825=AXIS2_PLACEMENT_3D('',#2053,#122,#3012);
#3826=PLANE('',#3825);
#3827=ADVANCED_FACE('',(#3824),#3826,.T.);
#3828=ORIENTED_EDGE('',*,*,#2851,.F.);
#3829=VECTOR('',#1515,1.);
#3830=LINE('',#2049,#3829);
#3831=EDGE_CURVE('',#2050,#264,#3830,.T.);
#3832=ORIENTED_EDGE('',*,*,#3831,.T.);
#3833=ORIENTED_EDGE('',*,*,#782,.T.);
#3834=ORIENTED_EDGE('',*,*,#3819,.F.);
#3835=EDGE_LOOP('',(#3828,#3832,#3833,#3834));
#3836=FACE_OUTER_BOUND('',#3835,.T.);
#3837=AXIS2_PLACEMENT_3D('',#2051,#87,#122);
#3838=PLANE('',#3837);
#3839=ADVANCED_FACE('',(#3836),#3838,.T.);
#3840=ORIENTED_EDGE('',*,*,#2847,.T.);
#3841=VECTOR('',#1515,1.);
#3842=LINE('',#2047,#3841);
#3843=EDGE_CURVE('',#2048,#266,#3842,.T.);
#3844=ORIENTED_EDGE('',*,*,#3843,.T.);
#3845=ORIENTED_EDGE('',*,*,#786,.F.);
#3846=ORIENTED_EDGE('',*,*,#3831,.F.);
#3847=EDGE_LOOP('',(#3840,#3844,#3845,#3846));
#3848=FACE_OUTER_BOUND('',#3847,.T.);
#3849=AXIS2_PLACEMENT_3D('',#2049,#122,#3012);
#3850=PLANE('',#3849);
#3851=ADVANCED_FACE('',(#3848),#3850,.T.);
#3852=ORIENTED_EDGE('',*,*,#2843,.T.);
#3853=VECTOR('',#1515,1.);
#3854=LINE('',#2045,#3853);
#3855=EDGE_CURVE('',#2046,#268,#3854,.T.);
#3856=ORIENTED_EDGE('',*,*,#3855,.T.);
#3857=ORIENTED_EDGE('',*,*,#790,.F.);
#3858=ORIENTED_EDGE('',*,*,#3843,.F.);
#3859=EDGE_LOOP('',(#3852,#3856,#3857,#3858));
#3860=FACE_OUTER_BOUND('',#3859,.T.);
#3861=AXIS2_PLACEMENT_3D('',#2047,#3012,#3284);
#3862=PLANE('',#3861);
#3863=ADVANCED_FACE('',(#3860),#3862,.T.);
#3864=ORIENTED_EDGE('',*,*,#2839,.T.);
#3865=VECTOR('',#1515,1.);
#3866=LINE('',#2043,#3865);
#3867=EDGE_CURVE('',#2044,#270,#3866,.T.);
#3868=ORIENTED_EDGE('',*,*,#3867,.T.);
#3869=ORIENTED_EDGE('',*,*,#794,.F.);
#3870=ORIENTED_EDGE('',*,*,#3855,.F.);
#3871=EDGE_LOOP('',(#3864,#3868,#3869,#3870));
#3872=FACE_OUTER_BOUND('',#3871,.T.);
#3873=AXIS2_PLACEMENT_3D('',#2045,#122,#3012);
#3874=PLANE('',#3873);
#3875=ADVANCED_FACE('',(#3872),#3874,.T.);
#3876=ORIENTED_EDGE('',*,*,#2835,.F.);
#3877=VECTOR('',#1515,1.);
#3878=LINE('',#2041,#3877);
#3879=EDGE_CURVE('',#2042,#272,#3878,.T.);
#3880=ORIENTED_EDGE('',*,*,#3879,.T.);
#3881=ORIENTED_EDGE('',*,*,#798,.T.);
#3882=ORIENTED_EDGE('',*,*,#3867,.F.);
#3883=EDGE_LOOP('',(#3876,#3880,#3881,#3882));
#3884=FACE_OUTER_BOUND('',#3883,.T.);
#3885=AXIS2_PLACEMENT_3D('',#2043,#87,#122);
#3886=PLANE('',#3885);
#3887=ADVANCED_FACE('',(#3884),#3886,.T.);
#3888=ORIENTED_EDGE('',*,*,#2831,.T.);
#3889=VECTOR('',#1515,1.);
#3890=LINE('',#2039,#3889);
#3891=EDGE_CURVE('',#2040,#274,#3890,.T.);
#3892=ORIENTED_EDGE('',*,*,#3891,.T.);
#3893=ORIENTED_EDGE('',*,*,#802,.F.);
#3894=ORIENTED_EDGE('',*,*,#3879,.F.);
#3895=EDGE_LOOP('',(#3888,#3892,#3893,#3894));
#3896=FACE_OUTER_BOUND('',#3895,.T.);
#3897=AXIS2_PLACEMENT_3D('',#2041,#122,#3012);
#3898=PLANE('',#3897);
#3899=ADVANCED_FACE('',(#3896),#3898,.T.);
#3900=ORIENTED_EDGE('',*,*,#2827,.T.);
#3901=VECTOR('',#1515,1.);
#3902=LINE('',#2037,#3901);
#3903=EDGE_CURVE('',#2038,#276,#3902,.T.);
#3904=ORIENTED_EDGE('',*,*,#3903,.T.);
#3905=ORIENTED_EDGE('',*,*,#806,.F.);
#3906=ORIENTED_EDGE('',*,*,#3891,.F.);
#3907=EDGE_LOOP('',(#3900,#3904,#3905,#3906));
#3908=FACE_OUTER_BOUND('',#3907,.T.);
#3909=AXIS2_PLACEMENT_3D('',#2039,#3012,#3284);
#3910=PLANE('',#3909);
#3911=ADVANCED_FACE('',(#3908),#3910,.T.);
#3912=ORIENTED_EDGE('',*,*,#2823,.T.);
#3913=VECTOR('',#1515,1.);
#3914=LINE('',#2035,#3913);
#3915=EDGE_CURVE('',#2036,#278,#3914,.T.);
#3916=ORIENTED_EDGE('',*,*,#3915,.T.);
#3917=ORIENTED_EDGE('',*,*,#810,.F.);
#3918=ORIENTED_EDGE('',*,*,#3903,.F.);
#3919=EDGE_LOOP('',(#3912,#3916,#3917,#3918));
#3920=FACE_OUTER_BOUND('',#3919,.T.);
#3921=AXIS2_PLACEMENT_3D('',#2037,#122,#3012);
#3922=PLANE('',#3921);
#3923=ADVANCED_FACE('',(#3920),#3922,.T.);
#3924=ORIENTED_EDGE('',*,*,#2819,.F.);
#3925=VECTOR('',#1515,1.);
#3926=LINE('',#2033,#3925);
#3927=EDGE_CURVE('',#2034,#280,#3926,.T.);
#3928=ORIENTED_EDGE('',*,*,#3927,.T.);
#3929=ORIENTED_EDGE('',*,*,#814,.T.);
#3930=ORIENTED_EDGE('',*,*,#3915,.F.);
#3931=EDGE_LOOP('',(#3924,#3928,#3929,#3930));
#3932=FACE_OUTER_BOUND('',#3931,.T.);
#3933=AXIS2_PLACEMENT_3D('',#2035,#87,#122);
#3934=PLANE('',#3933);
#3935=ADVANCED_FACE('',(#3932),#3934,.T.);
#3936=ORIENTED_EDGE('',*,*,#2815,.T.);
#3937=VECTOR('',#1515,1.);
#3938=LINE('',#2031,#3937);
#3939=EDGE_CURVE('',#2032,#282,#3938,.T.);
#3940=ORIENTED_EDGE('',*,*,#3939,.T.);
#3941=ORIENTED_EDGE('',*,*,#818,.F.);
#3942=ORIENTED_EDGE('',*,*,#3927,.F.);
#3943=EDGE_LOOP('',(#3936,#3940,#3941,#3942));
#3944=FACE_OUTER_BOUND('',#3943,.T.);
#3945=AXIS2_PLACEMENT_3D('',#2033,#122,#3012);
#3946=PLANE('',#3945);
#3947=ADVANCED_FACE('',(#3944),#3946,.T.);
#3948=ORIENTED_EDGE('',*,*,#2811,.T.);
#3949=VECTOR('',#1515,1.);
#3950=LINE('',#2029,#3949);
#3951=EDGE_CURVE('',#2030,#284,#3950,.T.);
#3952=ORIENTED_EDGE('',*,*,#3951,.T.);
#3953=ORIENTED_EDGE('',*,*,#822,.F.);
#3954=ORIENTED_EDGE('',*,*,#3939,.F.);
#3955=EDGE_LOOP('',(#3948,#3952,#3953,#3954));
#3956=FACE_OUTER_BOUND('',#3955,.T.);
#3957=AXIS2_PLACEMENT_3D('',#2031,#3012,#3284);
#3958=PLANE('',#3957);
#3959=ADVANCED_FACE('',(#3956),#3958,.T.);
#3960=ORIENTED_EDGE('',*,*,#2807,.T.);
#3961=VECTOR('',#1515,1.);
#3962=LINE('',#2027,#3961);
#3963=EDGE_CURVE('',#2028,#286,#3962,.T.);
#3964=ORIENTED_EDGE('',*,*,#3963,.T.);
#3965=ORIENTED_EDGE('',*,*,#826,.F.);
#3966=ORIENTED_EDGE('',*,*,#3951,.F.);
#3967=EDGE_LOOP('',(#3960,#3964,#3965,#3966));
#3968=FACE_OUTER_BOUND('',#3967,.T.);
#3969=AXIS2_PLACEMENT_3D('',#2029,#122,#3012);
#3970=PLANE('',#3969);
#3971=ADVANCED_FACE('',(#3968),#3970,.T.);
#3972=ORIENTED_EDGE('',*,*,#2803,.F.);
#3973=VECTOR('',#1515,1.);
#3974=LINE('',#2025,#3973);
#3975=EDGE_CURVE('',#2026,#288,#3974,.T.);
#3976=ORIENTED_EDGE('',*,*,#3975,.T.);
#3977=ORIENTED_EDGE('',*,*,#830,.T.);
#3978=ORIENTED_EDGE('',*,*,#3963,.F.);
#3979=EDGE_LOOP('',(#3972,#3976,#3977,#3978));
#3980=FACE_OUTER_BOUND('',#3979,.T.);
#3981=AXIS2_PLACEMENT_3D('',#2027,#87,#122);
#3982=PLANE('',#3981);
#3983=ADVANCED_FACE('',(#3980),#3982,.T.);
#3984=ORIENTED_EDGE('',*,*,#2799,.T.);
#3985=VECTOR('',#1515,1.);
#3986=LINE('',#2023,#3985);
#3987=EDGE_CURVE('',#2024,#290,#3986,.T.);
#3988=ORIENTED_EDGE('',*,*,#3987,.T.);
#3989=ORIENTED_EDGE('',*,*,#834,.F.);
#3990=ORIENTED_EDGE('',*,*,#3975,.F.);
#3991=EDGE_LOOP('',(#3984,#3988,#3989,#3990));
#3992=FACE_OUTER_BOUND('',#3991,.T.);
#3993=AXIS2_PLACEMENT_3D('',#2025,#122,#3012);
#3994=PLANE('',#3993);
#3995=ADVANCED_FACE('',(#3992),#3994,.T.);
#3996=ORIENTED_EDGE('',*,*,#2795,.T.);
#3997=VECTOR('',#1515,1.);
#3998=LINE('',#2021,#3997);
#3999=EDGE_CURVE('',#2022,#292,#3998,.T.);
#4000=ORIENTED_EDGE('',*,*,#3999,.T.);
#4001=ORIENTED_EDGE('',*,*,#838,.F.);
#4002=ORIENTED_EDGE('',*,*,#3987,.F.);
#4003=EDGE_LOOP('',(#3996,#4000,#4001,#4002));
#4004=FACE_OUTER_BOUND('',#4003,.T.);
#4005=AXIS2_PLACEMENT_3D('',#2023,#3012,#3284);
#4006=PLANE('',#4005);
#4007=ADVANCED_FACE('',(#4004),#4006,.T.);
#4008=ORIENTED_EDGE('',*,*,#2791,.T.);
#4009=VECTOR('',#1515,1.);
#4010=LINE('',#2019,#4009);
#4011=EDGE_CURVE('',#2020,#294,#4010,.T.);
#4012=ORIENTED_EDGE('',*,*,#4011,.T.);
#4013=ORIENTED_EDGE('',*,*,#842,.F.);
#4014=ORIENTED_EDGE('',*,*,#3999,.F.);
#4015=EDGE_LOOP('',(#4008,#4012,#4013,#4014));
#4016=FACE_OUTER_BOUND('',#4015,.T.);
#4017=AXIS2_PLACEMENT_3D('',#2021,#122,#3012);
#4018=PLANE('',#4017);
#4019=ADVANCED_FACE('',(#4016),#4018,.T.);
#4020=ORIENTED_EDGE('',*,*,#2787,.T.);
#4021=VECTOR('',#1515,1.);
#4022=LINE('',#2017,#4021);
#4023=EDGE_CURVE('',#2018,#296,#4022,.T.);
#4024=ORIENTED_EDGE('',*,*,#4023,.T.);
#4025=ORIENTED_EDGE('',*,*,#847,.F.);
#4026=ORIENTED_EDGE('',*,*,#4011,.F.);
#4027=EDGE_LOOP('',(#4020,#4024,#4025,#4026));
#4028=FACE_OUTER_BOUND('',#4027,.T.);
#4029=AXIS2_PLACEMENT_3D('',#2019,#117,#3095);
#4030=PLANE('',#4029);
#4031=ADVANCED_FACE('',(#4028),#4030,.T.);
#4032=ORIENTED_EDGE('',*,*,#2783,.T.);
#4033=VECTOR('',#1515,1.);
#4034=LINE('',#2015,#4033);
#4035=EDGE_CURVE('',#2016,#298,#4034,.T.);
#4036=ORIENTED_EDGE('',*,*,#4035,.T.);
#4037=ORIENTED_EDGE('',*,*,#851,.F.);
#4038=ORIENTED_EDGE('',*,*,#4023,.F.);
#4039=EDGE_LOOP('',(#4032,#4036,#4037,#4038));
#4040=FACE_OUTER_BOUND('',#4039,.T.);
#4041=AXIS2_PLACEMENT_3D('',#2017,#112,#3082);
#4042=PLANE('',#4041);
#4043=ADVANCED_FACE('',(#4040),#4042,.T.);
#4044=ORIENTED_EDGE('',*,*,#2779,.T.);
#4045=VECTOR('',#1515,1.);
#4046=LINE('',#2013,#4045);
#4047=EDGE_CURVE('',#2014,#300,#4046,.T.);
#4048=ORIENTED_EDGE('',*,*,#4047,.T.);
#4049=ORIENTED_EDGE('',*,*,#856,.F.);
#4050=ORIENTED_EDGE('',*,*,#4035,.F.);
#4051=EDGE_LOOP('',(#4044,#4048,#4049,#4050));
#4052=FACE_OUTER_BOUND('',#4051,.T.);
#4053=AXIS2_PLACEMENT_3D('',#2015,#3068,#3069);
#4054=PLANE('',#4053);
#4055=ADVANCED_FACE('',(#4052),#4054,.T.);
#4056=ORIENTED_EDGE('',*,*,#2775,.T.);
#4057=VECTOR('',#1515,1.);
#4058=LINE('',#2011,#4057);
#4059=EDGE_CURVE('',#2012,#302,#4058,.T.);
#4060=ORIENTED_EDGE('',*,*,#4059,.T.);
#4061=ORIENTED_EDGE('',*,*,#861,.F.);
#4062=ORIENTED_EDGE('',*,*,#4047,.F.);
#4063=EDGE_LOOP('',(#4056,#4060,#4061,#4062));
#4064=FACE_OUTER_BOUND('',#4063,.T.);
#4065=AXIS2_PLACEMENT_3D('',#2013,#3054,#3055);
#4066=PLANE('',#4065);
#4067=ADVANCED_FACE('',(#4064),#4066,.T.);
#4068=ORIENTED_EDGE('',*,*,#2771,.T.);
#4069=VECTOR('',#1515,1.);
#4070=LINE('',#2009,#4069);
#4071=EDGE_CURVE('',#2010,#304,#4070,.T.);
#4072=ORIENTED_EDGE('',*,*,#4071,.T.);
#4073=ORIENTED_EDGE('',*,*,#865,.F.);
#4074=ORIENTED_EDGE('',*,*,#4059,.F.);
#4075=EDGE_LOOP('',(#4068,#4072,#4073,#4074));
#4076=FACE_OUTER_BOUND('',#4075,.T.);
#4077=AXIS2_PLACEMENT_3D('',#2011,#97,#3041);
#4078=PLANE('',#4077);
#4079=ADVANCED_FACE('',(#4076),#4078,.T.);
#4080=ORIENTED_EDGE('',*,*,#2767,.T.);
#4081=VECTOR('',#1515,1.);
#4082=LINE('',#2007,#4081);
#4083=EDGE_CURVE('',#2008,#306,#4082,.T.);
#4084=ORIENTED_EDGE('',*,*,#4083,.T.);
#4085=ORIENTED_EDGE('',*,*,#870,.F.);
#4086=ORIENTED_EDGE('',*,*,#4071,.F.);
#4087=EDGE_LOOP('',(#4080,#4084,#4085,#4086));
#4088=FACE_OUTER_BOUND('',#4087,.T.);
#4089=AXIS2_PLACEMENT_3D('',#2009,#92,#3028);
#4090=PLANE('',#4089);
#4091=ADVANCED_FACE('',(#4088),#4090,.T.);
#4092=ORIENTED_EDGE('',*,*,#2763,.T.);
#4093=VECTOR('',#1515,1.);
#4094=LINE('',#2005,#4093);
#4095=EDGE_CURVE('',#2006,#308,#4094,.T.);
#4096=ORIENTED_EDGE('',*,*,#4095,.T.);
#4097=ORIENTED_EDGE('',*,*,#874,.F.);
#4098=ORIENTED_EDGE('',*,*,#4083,.F.);
#4099=EDGE_LOOP('',(#4092,#4096,#4097,#4098));
#4100=FACE_OUTER_BOUND('',#4099,.T.);
#4101=AXIS2_PLACEMENT_3D('',#2007,#3012,#3284);
#4102=PLANE('',#4101);
#4103=ADVANCED_FACE('',(#4100),#4102,.T.);
#4104=ORIENTED_EDGE('',*,*,#2759,.T.);
#4105=VECTOR('',#1515,1.);
#4106=LINE('',#2003,#4105);
#4107=EDGE_CURVE('',#2004,#310,#4106,.T.);
#4108=ORIENTED_EDGE('',*,*,#4107,.T.);
#4109=ORIENTED_EDGE('',*,*,#878,.F.);
#4110=ORIENTED_EDGE('',*,*,#4095,.F.);
#4111=EDGE_LOOP('',(#4104,#4108,#4109,#4110));
#4112=FACE_OUTER_BOUND('',#4111,.T.);
#4113=AXIS2_PLACEMENT_3D('',#2005,#122,#3012);
#4114=PLANE('',#4113);
#4115=ADVANCED_FACE('',(#4112),#4114,.T.);
#4116=ORIENTED_EDGE('',*,*,#2755,.T.);
#4117=VECTOR('',#1515,1.);
#4118=LINE('',#2001,#4117);
#4119=EDGE_CURVE('',#2002,#312,#4118,.T.);
#4120=ORIENTED_EDGE('',*,*,#4119,.T.);
#4121=ORIENTED_EDGE('',*,*,#882,.F.);
#4122=ORIENTED_EDGE('',*,*,#4107,.F.);
#4123=EDGE_LOOP('',(#4116,#4120,#4121,#4122));
#4124=FACE_OUTER_BOUND('',#4123,.T.);
#4125=AXIS2_PLACEMENT_3D('',#2003,#3012,#3284);
#4126=PLANE('',#4125);
#4127=ADVANCED_FACE('',(#4124),#4126,.T.);
#4128=ORIENTED_EDGE('',*,*,#2751,.F.);
#4129=VECTOR('',#1515,1.);
#4130=LINE('',#1999,#4129);
#4131=EDGE_CURVE('',#2000,#314,#4130,.T.);
#4132=ORIENTED_EDGE('',*,*,#4131,.T.);
#4133=ORIENTED_EDGE('',*,*,#886,.T.);
#4134=ORIENTED_EDGE('',*,*,#4119,.F.);
#4135=EDGE_LOOP('',(#4128,#4132,#4133,#4134));
#4136=FACE_OUTER_BOUND('',#4135,.T.);
#4137=AXIS2_PLACEMENT_3D('',#2001,#3284,#87);
#4138=PLANE('',#4137);
#4139=ADVANCED_FACE('',(#4136),#4138,.T.);
#4140=ORIENTED_EDGE('',*,*,#2747,.T.);
#4141=VECTOR('',#1515,1.);
#4142=LINE('',#1997,#4141);
#4143=EDGE_CURVE('',#1998,#316,#4142,.T.);
#4144=ORIENTED_EDGE('',*,*,#4143,.T.);
#4145=ORIENTED_EDGE('',*,*,#890,.F.);
#4146=ORIENTED_EDGE('',*,*,#4131,.F.);
#4147=EDGE_LOOP('',(#4140,#4144,#4145,#4146));
#4148=FACE_OUTER_BOUND('',#4147,.T.);
#4149=AXIS2_PLACEMENT_3D('',#1999,#3012,#3284);
#4150=PLANE('',#4149);
#4151=ADVANCED_FACE('',(#4148),#4150,.T.);
#4152=ORIENTED_EDGE('',*,*,#2743,.T.);
#4153=VECTOR('',#1515,1.);
#4154=LINE('',#1995,#4153);
#4155=EDGE_CURVE('',#1996,#318,#4154,.T.);
#4156=ORIENTED_EDGE('',*,*,#4155,.T.);
#4157=ORIENTED_EDGE('',*,*,#894,.F.);
#4158=ORIENTED_EDGE('',*,*,#4143,.F.);
#4159=EDGE_LOOP('',(#4152,#4156,#4157,#4158));
#4160=FACE_OUTER_BOUND('',#4159,.T.);
#4161=AXIS2_PLACEMENT_3D('',#1997,#122,#3012);
#4162=PLANE('',#4161);
#4163=ADVANCED_FACE('',(#4160),#4162,.T.);
#4164=ORIENTED_EDGE('',*,*,#2739,.T.);
#4165=VECTOR('',#1515,1.);
#4166=LINE('',#1993,#4165);
#4167=EDGE_CURVE('',#1994,#320,#4166,.T.);
#4168=ORIENTED_EDGE('',*,*,#4167,.T.);
#4169=ORIENTED_EDGE('',*,*,#898,.F.);
#4170=ORIENTED_EDGE('',*,*,#4155,.F.);
#4171=EDGE_LOOP('',(#4164,#4168,#4169,#4170));
#4172=FACE_OUTER_BOUND('',#4171,.T.);
#4173=AXIS2_PLACEMENT_3D('',#1995,#3012,#3284);
#4174=PLANE('',#4173);
#4175=ADVANCED_FACE('',(#4172),#4174,.T.);
#4176=ORIENTED_EDGE('',*,*,#2735,.F.);
#4177=VECTOR('',#1515,1.);
#4178=LINE('',#1991,#4177);
#4179=EDGE_CURVE('',#1992,#322,#4178,.T.);
#4180=ORIENTED_EDGE('',*,*,#4179,.T.);
#4181=ORIENTED_EDGE('',*,*,#902,.T.);
#4182=ORIENTED_EDGE('',*,*,#4167,.F.);
#4183=EDGE_LOOP('',(#4176,#4180,#4181,#4182));
#4184=FACE_OUTER_BOUND('',#4183,.T.);
#4185=AXIS2_PLACEMENT_3D('',#1993,#3284,#87);
#4186=PLANE('',#4185);
#4187=ADVANCED_FACE('',(#4184),#4186,.T.);
#4188=ORIENTED_EDGE('',*,*,#2731,.T.);
#4189=VECTOR('',#1515,1.);
#4190=LINE('',#1989,#4189);
#4191=EDGE_CURVE('',#1990,#324,#4190,.T.);
#4192=ORIENTED_EDGE('',*,*,#4191,.T.);
#4193=ORIENTED_EDGE('',*,*,#906,.F.);
#4194=ORIENTED_EDGE('',*,*,#4179,.F.);
#4195=EDGE_LOOP('',(#4188,#4192,#4193,#4194));
#4196=FACE_OUTER_BOUND('',#4195,.T.);
#4197=AXIS2_PLACEMENT_3D('',#1991,#3012,#3284);
#4198=PLANE('',#4197);
#4199=ADVANCED_FACE('',(#4196),#4198,.T.);
#4200=ORIENTED_EDGE('',*,*,#2727,.T.);
#4201=VECTOR('',#1515,1.);
#4202=LINE('',#1987,#4201);
#4203=EDGE_CURVE('',#1988,#326,#4202,.T.);
#4204=ORIENTED_EDGE('',*,*,#4203,.T.);
#4205=ORIENTED_EDGE('',*,*,#910,.F.);
#4206=ORIENTED_EDGE('',*,*,#4191,.F.);
#4207=EDGE_LOOP('',(#4200,#4204,#4205,#4206));
#4208=FACE_OUTER_BOUND('',#4207,.T.);
#4209=AXIS2_PLACEMENT_3D('',#1989,#122,#3012);
#4210=PLANE('',#4209);
#4211=ADVANCED_FACE('',(#4208),#4210,.T.);
#4212=ORIENTED_EDGE('',*,*,#2723,.T.);
#4213=VECTOR('',#1515,1.);
#4214=LINE('',#1985,#4213);
#4215=EDGE_CURVE('',#1986,#328,#4214,.T.);
#4216=ORIENTED_EDGE('',*,*,#4215,.T.);
#4217=ORIENTED_EDGE('',*,*,#914,.F.);
#4218=ORIENTED_EDGE('',*,*,#4203,.F.);
#4219=EDGE_LOOP('',(#4212,#4216,#4217,#4218));
#4220=FACE_OUTER_BOUND('',#4219,.T.);
#4221=AXIS2_PLACEMENT_3D('',#1987,#3012,#3284);
#4222=PLANE('',#4221);
#4223=ADVANCED_FACE('',(#4220),#4222,.T.);
#4224=ORIENTED_EDGE('',*,*,#2719,.F.);
#4225=VECTOR('',#1515,1.);
#4226=LINE('',#1983,#4225);
#4227=EDGE_CURVE('',#1984,#330,#4226,.T.);
#4228=ORIENTED_EDGE('',*,*,#4227,.T.);
#4229=ORIENTED_EDGE('',*,*,#918,.T.);
#4230=ORIENTED_EDGE('',*,*,#4215,.F.);
#4231=EDGE_LOOP('',(#4224,#4228,#4229,#4230));
#4232=FACE_OUTER_BOUND('',#4231,.T.);
#4233=AXIS2_PLACEMENT_3D('',#1985,#3284,#87);
#4234=PLANE('',#4233);
#4235=ADVANCED_FACE('',(#4232),#4234,.T.);
#4236=ORIENTED_EDGE('',*,*,#2715,.T.);
#4237=VECTOR('',#1515,1.);
#4238=LINE('',#1981,#4237);
#4239=EDGE_CURVE('',#1982,#332,#4238,.T.);
#4240=ORIENTED_EDGE('',*,*,#4239,.T.);
#4241=ORIENTED_EDGE('',*,*,#922,.F.);
#4242=ORIENTED_EDGE('',*,*,#4227,.F.);
#4243=EDGE_LOOP('',(#4236,#4240,#4241,#4242));
#4244=FACE_OUTER_BOUND('',#4243,.T.);
#4245=AXIS2_PLACEMENT_3D('',#1983,#3012,#3284);
#4246=PLANE('',#4245);
#4247=ADVANCED_FACE('',(#4244),#4246,.T.);
#4248=ORIENTED_EDGE('',*,*,#2711,.T.);
#4249=VECTOR('',#1515,1.);
#4250=LINE('',#1979,#4249);
#4251=EDGE_CURVE('',#1980,#334,#4250,.T.);
#4252=ORIENTED_EDGE('',*,*,#4251,.T.);
#4253=ORIENTED_EDGE('',*,*,#926,.F.);
#4254=ORIENTED_EDGE('',*,*,#4239,.F.);
#4255=EDGE_LOOP('',(#4248,#4252,#4253,#4254));
#4256=FACE_OUTER_BOUND('',#4255,.T.);
#4257=AXIS2_PLACEMENT_3D('',#1981,#122,#3012);
#4258=PLANE('',#4257);
#4259=ADVANCED_FACE('',(#4256),#4258,.T.);
#4260=ORIENTED_EDGE('',*,*,#2707,.T.);
#4261=VECTOR('',#1515,1.);
#4262=LINE('',#1977,#4261);
#4263=EDGE_CURVE('',#1978,#336,#4262,.T.);
#4264=ORIENTED_EDGE('',*,*,#4263,.T.);
#4265=ORIENTED_EDGE('',*,*,#930,.F.);
#4266=ORIENTED_EDGE('',*,*,#4251,.F.);
#4267=EDGE_LOOP('',(#4260,#4264,#4265,#4266));
#4268=FACE_OUTER_BOUND('',#4267,.T.);
#4269=AXIS2_PLACEMENT_3D('',#1979,#3012,#3284);
#4270=PLANE('',#4269);
#4271=ADVANCED_FACE('',(#4268),#4270,.T.);
#4272=ORIENTED_EDGE('',*,*,#2703,.F.);
#4273=VECTOR('',#1515,1.);
#4274=LINE('',#1975,#4273);
#4275=EDGE_CURVE('',#1976,#338,#4274,.T.);
#4276=ORIENTED_EDGE('',*,*,#4275,.T.);
#4277=ORIENTED_EDGE('',*,*,#934,.T.);
#4278=ORIENTED_EDGE('',*,*,#4263,.F.);
#4279=EDGE_LOOP('',(#4272,#4276,#4277,#4278));
#4280=FACE_OUTER_BOUND('',#4279,.T.);
#4281=AXIS2_PLACEMENT_3D('',#1977,#3284,#87);
#4282=PLANE('',#4281);
#4283=ADVANCED_FACE('',(#4280),#4282,.T.);
#4284=ORIENTED_EDGE('',*,*,#2699,.T.);
#4285=VECTOR('',#1515,1.);
#4286=LINE('',#1973,#4285);
#4287=EDGE_CURVE('',#1974,#340,#4286,.T.);
#4288=ORIENTED_EDGE('',*,*,#4287,.T.);
#4289=ORIENTED_EDGE('',*,*,#938,.F.);
#4290=ORIENTED_EDGE('',*,*,#4275,.F.);
#4291=EDGE_LOOP('',(#4284,#4288,#4289,#4290));
#4292=FACE_OUTER_BOUND('',#4291,.T.);
#4293=AXIS2_PLACEMENT_3D('',#1975,#3012,#3284);
#4294=PLANE('',#4293);
#4295=ADVANCED_FACE('',(#4292),#4294,.T.);
#4296=ORIENTED_EDGE('',*,*,#2695,.T.);
#4297=VECTOR('',#1515,1.);
#4298=LINE('',#1971,#4297);
#4299=EDGE_CURVE('',#1972,#342,#4298,.T.);
#4300=ORIENTED_EDGE('',*,*,#4299,.T.);
#4301=ORIENTED_EDGE('',*,*,#942,.F.);
#4302=ORIENTED_EDGE('',*,*,#4287,.F.);
#4303=EDGE_LOOP('',(#4296,#4300,#4301,#4302));
#4304=FACE_OUTER_BOUND('',#4303,.T.);
#4305=AXIS2_PLACEMENT_3D('',#1973,#122,#3012);
#4306=PLANE('',#4305);
#4307=ADVANCED_FACE('',(#4304),#4306,.T.);
#4308=ORIENTED_EDGE('',*,*,#2691,.T.);
#4309=VECTOR('',#1515,1.);
#4310=LINE('',#1969,#4309);
#4311=EDGE_CURVE('',#1970,#344,#4310,.T.);
#4312=ORIENTED_EDGE('',*,*,#4311,.T.);
#4313=ORIENTED_EDGE('',*,*,#946,.F.);
#4314=ORIENTED_EDGE('',*,*,#4299,.F.);
#4315=EDGE_LOOP('',(#4308,#4312,#4313,#4314));
#4316=FACE_OUTER_BOUND('',#4315,.T.);
#4317=AXIS2_PLACEMENT_3D('',#1971,#3012,#3284);
#4318=PLANE('',#4317);
#4319=ADVANCED_FACE('',(#4316),#4318,.T.);
#4320=ORIENTED_EDGE('',*,*,#2687,.F.);
#4321=VECTOR('',#1515,1.);
#4322=LINE('',#1967,#4321);
#4323=EDGE_CURVE('',#1968,#346,#4322,.T.);
#4324=ORIENTED_EDGE('',*,*,#4323,.T.);
#4325=ORIENTED_EDGE('',*,*,#950,.T.);
#4326=ORIENTED_EDGE('',*,*,#4311,.F.);
#4327=EDGE_LOOP('',(#4320,#4324,#4325,#4326));
#4328=FACE_OUTER_BOUND('',#4327,.T.);
#4329=AXIS2_PLACEMENT_3D('',#1969,#3284,#87);
#4330=PLANE('',#4329);
#4331=ADVANCED_FACE('',(#4328),#4330,.T.);
#4332=ORIENTED_EDGE('',*,*,#2683,.T.);
#4333=VECTOR('',#1515,1.);
#4334=LINE('',#1965,#4333);
#4335=EDGE_CURVE('',#1966,#348,#4334,.T.);
#4336=ORIENTED_EDGE('',*,*,#4335,.T.);
#4337=ORIENTED_EDGE('',*,*,#954,.F.);
#4338=ORIENTED_EDGE('',*,*,#4323,.F.);
#4339=EDGE_LOOP('',(#4332,#4336,#4337,#4338));
#4340=FACE_OUTER_BOUND('',#4339,.T.);
#4341=AXIS2_PLACEMENT_3D('',#1967,#3012,#3284);
#4342=PLANE('',#4341);
#4343=ADVANCED_FACE('',(#4340),#4342,.T.);
#4344=ORIENTED_EDGE('',*,*,#2679,.T.);
#4345=VECTOR('',#1515,1.);
#4346=LINE('',#1963,#4345);
#4347=EDGE_CURVE('',#1964,#350,#4346,.T.);
#4348=ORIENTED_EDGE('',*,*,#4347,.T.);
#4349=ORIENTED_EDGE('',*,*,#958,.F.);
#4350=ORIENTED_EDGE('',*,*,#4335,.F.);
#4351=EDGE_LOOP('',(#4344,#4348,#4349,#4350));
#4352=FACE_OUTER_BOUND('',#4351,.T.);
#4353=AXIS2_PLACEMENT_3D('',#1965,#122,#3012);
#4354=PLANE('',#4353);
#4355=ADVANCED_FACE('',(#4352),#4354,.T.);
#4356=ORIENTED_EDGE('',*,*,#2675,.T.);
#4357=VECTOR('',#1515,1.);
#4358=LINE('',#1961,#4357);
#4359=EDGE_CURVE('',#1962,#352,#4358,.T.);
#4360=ORIENTED_EDGE('',*,*,#4359,.T.);
#4361=ORIENTED_EDGE('',*,*,#962,.F.);
#4362=ORIENTED_EDGE('',*,*,#4347,.F.);
#4363=EDGE_LOOP('',(#4356,#4360,#4361,#4362));
#4364=FACE_OUTER_BOUND('',#4363,.T.);
#4365=AXIS2_PLACEMENT_3D('',#1963,#3012,#3284);
#4366=PLANE('',#4365);
#4367=ADVANCED_FACE('',(#4364),#4366,.T.);
#4368=ORIENTED_EDGE('',*,*,#2671,.F.);
#4369=VECTOR('',#1515,1.);
#4370=LINE('',#1959,#4369);
#4371=EDGE_CURVE('',#1960,#354,#4370,.T.);
#4372=ORIENTED_EDGE('',*,*,#4371,.T.);
#4373=ORIENTED_EDGE('',*,*,#966,.T.);
#4374=ORIENTED_EDGE('',*,*,#4359,.F.);
#4375=EDGE_LOOP('',(#4368,#4372,#4373,#4374));
#4376=FACE_OUTER_BOUND('',#4375,.T.);
#4377=AXIS2_PLACEMENT_3D('',#1961,#3284,#87);
#4378=PLANE('',#4377);
#4379=ADVANCED_FACE('',(#4376),#4378,.T.);
#4380=ORIENTED_EDGE('',*,*,#2667,.T.);
#4381=VECTOR('',#1515,1.);
#4382=LINE('',#1957,#4381);
#4383=EDGE_CURVE('',#1958,#356,#4382,.T.);
#4384=ORIENTED_EDGE('',*,*,#4383,.T.);
#4385=ORIENTED_EDGE('',*,*,#970,.F.);
#4386=ORIENTED_EDGE('',*,*,#4371,.F.);
#4387=EDGE_LOOP('',(#4380,#4384,#4385,#4386));
#4388=FACE_OUTER_BOUND('',#4387,.T.);
#4389=AXIS2_PLACEMENT_3D('',#1959,#3012,#3284);
#4390=PLANE('',#4389);
#4391=ADVANCED_FACE('',(#4388),#4390,.T.);
#4392=ORIENTED_EDGE('',*,*,#2663,.T.);
#4393=VECTOR('',#1515,1.);
#4394=LINE('',#1955,#4393);
#4395=EDGE_CURVE('',#1956,#358,#4394,.T.);
#4396=ORIENTED_EDGE('',*,*,#4395,.T.);
#4397=ORIENTED_EDGE('',*,*,#974,.F.);
#4398=ORIENTED_EDGE('',*,*,#4383,.F.);
#4399=EDGE_LOOP('',(#4392,#4396,#4397,#4398));
#4400=FACE_OUTER_BOUND('',#4399,.T.);
#4401=AXIS2_PLACEMENT_3D('',#1957,#122,#3012);
#4402=PLANE('',#4401);
#4403=ADVANCED_FACE('',(#4400),#4402,.T.);
#4404=ORIENTED_EDGE('',*,*,#2659,.T.);
#4405=VECTOR('',#1515,1.);
#4406=LINE('',#1953,#4405);
#4407=EDGE_CURVE('',#1954,#360,#4406,.T.);
#4408=ORIENTED_EDGE('',*,*,#4407,.T.);
#4409=ORIENTED_EDGE('',*,*,#978,.F.);
#4410=ORIENTED_EDGE('',*,*,#4395,.F.);
#4411=EDGE_LOOP('',(#4404,#4408,#4409,#4410));
#4412=FACE_OUTER_BOUND('',#4411,.T.);
#4413=AXIS2_PLACEMENT_3D('',#1955,#3012,#3284);
#4414=PLANE('',#4413);
#4415=ADVANCED_FACE('',(#4412),#4414,.T.);
#4416=ORIENTED_EDGE('',*,*,#2655,.F.);
#4417=VECTOR('',#1515,1.);
#4418=LINE('',#1951,#4417);
#4419=EDGE_CURVE('',#1952,#362,#4418,.T.);
#4420=ORIENTED_EDGE('',*,*,#4419,.T.);
#4421=ORIENTED_EDGE('',*,*,#982,.T.);
#4422=ORIENTED_EDGE('',*,*,#4407,.F.);
#4423=EDGE_LOOP('',(#4416,#4420,#4421,#4422));
#4424=FACE_OUTER_BOUND('',#4423,.T.);
#4425=AXIS2_PLACEMENT_3D('',#1953,#3284,#87);
#4426=PLANE('',#4425);
#4427=ADVANCED_FACE('',(#4424),#4426,.T.);
#4428=ORIENTED_EDGE('',*,*,#2651,.T.);
#4429=VECTOR('',#1515,1.);
#4430=LINE('',#1949,#4429);
#4431=EDGE_CURVE('',#1950,#364,#4430,.T.);
#4432=ORIENTED_EDGE('',*,*,#4431,.T.);
#4433=ORIENTED_EDGE('',*,*,#986,.F.);
#4434=ORIENTED_EDGE('',*,*,#4419,.F.);
#4435=EDGE_LOOP('',(#4428,#4432,#4433,#4434));
#4436=FACE_OUTER_BOUND('',#4435,.T.);
#4437=AXIS2_PLACEMENT_3D('',#1951,#3012,#3284);
#4438=PLANE('',#4437);
#4439=ADVANCED_FACE('',(#4436),#4438,.T.);
#4440=ORIENTED_EDGE('',*,*,#2647,.T.);
#4441=VECTOR('',#1515,1.);
#4442=LINE('',#1947,#4441);
#4443=EDGE_CURVE('',#1948,#366,#4442,.T.);
#4444=ORIENTED_EDGE('',*,*,#4443,.T.);
#4445=ORIENTED_EDGE('',*,*,#990,.F.);
#4446=ORIENTED_EDGE('',*,*,#4431,.F.);
#4447=EDGE_LOOP('',(#4440,#4444,#4445,#4446));
#4448=FACE_OUTER_BOUND('',#4447,.T.);
#4449=AXIS2_PLACEMENT_3D('',#1949,#122,#3012);
#4450=PLANE('',#4449);
#4451=ADVANCED_FACE('',(#4448),#4450,.T.);
#4452=ORIENTED_EDGE('',*,*,#2643,.T.);
#4453=VECTOR('',#1515,1.);
#4454=LINE('',#1945,#4453);
#4455=EDGE_CURVE('',#1946,#368,#4454,.T.);
#4456=ORIENTED_EDGE('',*,*,#4455,.T.);
#4457=ORIENTED_EDGE('',*,*,#994,.F.);
#4458=ORIENTED_EDGE('',*,*,#4443,.F.);
#4459=EDGE_LOOP('',(#4452,#4456,#4457,#4458));
#4460=FACE_OUTER_BOUND('',#4459,.T.);
#4461=AXIS2_PLACEMENT_3D('',#1947,#3012,#3284);
#4462=PLANE('',#4461);
#4463=ADVANCED_FACE('',(#4460),#4462,.T.);
#4464=ORIENTED_EDGE('',*,*,#2639,.F.);
#4465=VECTOR('',#1515,1.);
#4466=LINE('',#1943,#4465);
#4467=EDGE_CURVE('',#1944,#370,#4466,.T.);
#4468=ORIENTED_EDGE('',*,*,#4467,.T.);
#4469=ORIENTED_EDGE('',*,*,#998,.T.);
#4470=ORIENTED_EDGE('',*,*,#4455,.F.);
#4471=EDGE_LOOP('',(#4464,#4468,#4469,#4470));
#4472=FACE_OUTER_BOUND('',#4471,.T.);
#4473=AXIS2_PLACEMENT_3D('',#1945,#3284,#87);
#4474=PLANE('',#4473);
#4475=ADVANCED_FACE('',(#4472),#4474,.T.);
#4476=ORIENTED_EDGE('',*,*,#2635,.T.);
#4477=VECTOR('',#1515,1.);
#4478=LINE('',#1941,#4477);
#4479=EDGE_CURVE('',#1942,#372,#4478,.T.);
#4480=ORIENTED_EDGE('',*,*,#4479,.T.);
#4481=ORIENTED_EDGE('',*,*,#1002,.F.);
#4482=ORIENTED_EDGE('',*,*,#4467,.F.);
#4483=EDGE_LOOP('',(#4476,#4480,#4481,#4482));
#4484=FACE_OUTER_BOUND('',#4483,.T.);
#4485=AXIS2_PLACEMENT_3D('',#1943,#3012,#3284);
#4486=PLANE('',#4485);
#4487=ADVANCED_FACE('',(#4484),#4486,.T.);
#4488=ORIENTED_EDGE('',*,*,#2631,.T.);
#4489=VECTOR('',#1515,1.);
#4490=LINE('',#1939,#4489);
#4491=EDGE_CURVE('',#1940,#374,#4490,.T.);
#4492=ORIENTED_EDGE('',*,*,#4491,.T.);
#4493=ORIENTED_EDGE('',*,*,#1006,.F.);
#4494=ORIENTED_EDGE('',*,*,#4479,.F.);
#4495=EDGE_LOOP('',(#4488,#4492,#4493,#4494));
#4496=FACE_OUTER_BOUND('',#4495,.T.);
#4497=AXIS2_PLACEMENT_3D('',#1941,#122,#3012);
#4498=PLANE('',#4497);
#4499=ADVANCED_FACE('',(#4496),#4498,.T.);
#4500=ORIENTED_EDGE('',*,*,#2627,.T.);
#4501=VECTOR('',#1515,1.);
#4502=LINE('',#1937,#4501);
#4503=EDGE_CURVE('',#1938,#376,#4502,.T.);
#4504=ORIENTED_EDGE('',*,*,#4503,.T.);
#4505=ORIENTED_EDGE('',*,*,#1010,.F.);
#4506=ORIENTED_EDGE('',*,*,#4491,.F.);
#4507=EDGE_LOOP('',(#4500,#4504,#4505,#4506));
#4508=FACE_OUTER_BOUND('',#4507,.T.);
#4509=AXIS2_PLACEMENT_3D('',#1939,#3012,#3284);
#4510=PLANE('',#4509);
#4511=ADVANCED_FACE('',(#4508),#4510,.T.);
#4512=ORIENTED_EDGE('',*,*,#2623,.F.);
#4513=VECTOR('',#1515,1.);
#4514=LINE('',#1935,#4513);
#4515=EDGE_CURVE('',#1936,#378,#4514,.T.);
#4516=ORIENTED_EDGE('',*,*,#4515,.T.);
#4517=ORIENTED_EDGE('',*,*,#1014,.T.);
#4518=ORIENTED_EDGE('',*,*,#4503,.F.);
#4519=EDGE_LOOP('',(#4512,#4516,#4517,#4518));
#4520=FACE_OUTER_BOUND('',#4519,.T.);
#4521=AXIS2_PLACEMENT_3D('',#1937,#3284,#87);
#4522=PLANE('',#4521);
#4523=ADVANCED_FACE('',(#4520),#4522,.T.);
#4524=ORIENTED_EDGE('',*,*,#2619,.T.);
#4525=VECTOR('',#1515,1.);
#4526=LINE('',#1933,#4525);
#4527=EDGE_CURVE('',#1934,#380,#4526,.T.);
#4528=ORIENTED_EDGE('',*,*,#4527,.T.);
#4529=ORIENTED_EDGE('',*,*,#1018,.F.);
#4530=ORIENTED_EDGE('',*,*,#4515,.F.);
#4531=EDGE_LOOP('',(#4524,#4528,#4529,#4530));
#4532=FACE_OUTER_BOUND('',#4531,.T.);
#4533=AXIS2_PLACEMENT_3D('',#1935,#3012,#3284);
#4534=PLANE('',#4533);
#4535=ADVANCED_FACE('',(#4532),#4534,.T.);
#4536=ORIENTED_EDGE('',*,*,#2615,.T.);
#4537=VECTOR('',#1515,1.);
#4538=LINE('',#1931,#4537);
#4539=EDGE_CURVE('',#1932,#382,#4538,.T.);
#4540=ORIENTED_EDGE('',*,*,#4539,.T.);
#4541=ORIENTED_EDGE('',*,*,#1022,.F.);
#4542=ORIENTED_EDGE('',*,*,#4527,.F.);
#4543=EDGE_LOOP('',(#4536,#4540,#4541,#4542));
#4544=FACE_OUTER_BOUND('',#4543,.T.);
#4545=AXIS2_PLACEMENT_3D('',#1933,#122,#3012);
#4546=PLANE('',#4545);
#4547=ADVANCED_FACE('',(#4544),#4546,.T.);
#4548=ORIENTED_EDGE('',*,*,#2611,.T.);
#4549=VECTOR('',#1515,1.);
#4550=LINE('',#1929,#4549);
#4551=EDGE_CURVE('',#1930,#384,#4550,.T.);
#4552=ORIENTED_EDGE('',*,*,#4551,.T.);
#4553=ORIENTED_EDGE('',*,*,#1026,.F.);
#4554=ORIENTED_EDGE('',*,*,#4539,.F.);
#4555=EDGE_LOOP('',(#4548,#4552,#4553,#4554));
#4556=FACE_OUTER_BOUND('',#4555,.T.);
#4557=AXIS2_PLACEMENT_3D('',#1931,#3012,#3284);
#4558=PLANE('',#4557);
#4559=ADVANCED_FACE('',(#4556),#4558,.T.);
#4560=ORIENTED_EDGE('',*,*,#2607,.F.);
#4561=VECTOR('',#1515,1.);
#4562=LINE('',#1927,#4561);
#4563=EDGE_CURVE('',#1928,#386,#4562,.T.);
#4564=ORIENTED_EDGE('',*,*,#4563,.T.);
#4565=ORIENTED_EDGE('',*,*,#1030,.T.);
#4566=ORIENTED_EDGE('',*,*,#4551,.F.);
#4567=EDGE_LOOP('',(#4560,#4564,#4565,#4566));
#4568=FACE_OUTER_BOUND('',#4567,.T.);
#4569=AXIS2_PLACEMENT_3D('',#1929,#3284,#87);
#4570=PLANE('',#4569);
#4571=ADVANCED_FACE('',(#4568),#4570,.T.);
#4572=ORIENTED_EDGE('',*,*,#2603,.T.);
#4573=VECTOR('',#1515,1.);
#4574=LINE('',#1925,#4573);
#4575=EDGE_CURVE('',#1926,#388,#4574,.T.);
#4576=ORIENTED_EDGE('',*,*,#4575,.T.);
#4577=ORIENTED_EDGE('',*,*,#1034,.F.);
#4578=ORIENTED_EDGE('',*,*,#4563,.F.);
#4579=EDGE_LOOP('',(#4572,#4576,#4577,#4578));
#4580=FACE_OUTER_BOUND('',#4579,.T.);
#4581=AXIS2_PLACEMENT_3D('',#1927,#3012,#3284);
#4582=PLANE('',#4581);
#4583=ADVANCED_FACE('',(#4580),#4582,.T.);
#4584=ORIENTED_EDGE('',*,*,#2599,.T.);
#4585=VECTOR('',#1515,1.);
#4586=LINE('',#1923,#4585);
#4587=EDGE_CURVE('',#1924,#390,#4586,.T.);
#4588=ORIENTED_EDGE('',*,*,#4587,.T.);
#4589=ORIENTED_EDGE('',*,*,#1038,.F.);
#4590=ORIENTED_EDGE('',*,*,#4575,.F.);
#4591=EDGE_LOOP('',(#4584,#4588,#4589,#4590));
#4592=FACE_OUTER_BOUND('',#4591,.T.);
#4593=AXIS2_PLACEMENT_3D('',#1925,#122,#3012);
#4594=PLANE('',#4593);
#4595=ADVANCED_FACE('',(#4592),#4594,.T.);
#4596=ORIENTED_EDGE('',*,*,#2595,.T.);
#4597=VECTOR('',#1515,1.);
#4598=LINE('',#1921,#4597);
#4599=EDGE_CURVE('',#1922,#392,#4598,.T.);
#4600=ORIENTED_EDGE('',*,*,#4599,.T.);
#4601=ORIENTED_EDGE('',*,*,#1042,.F.);
#4602=ORIENTED_EDGE('',*,*,#4587,.F.);
#4603=EDGE_LOOP('',(#4596,#4600,#4601,#4602));
#4604=FACE_OUTER_BOUND('',#4603,.T.);
#4605=AXIS2_PLACEMENT_3D('',#1923,#3012,#3284);
#4606=PLANE('',#4605);
#4607=ADVANCED_FACE('',(#4604),#4606,.T.);
#4608=ORIENTED_EDGE('',*,*,#2591,.F.);
#4609=VECTOR('',#1515,1.);
#4610=LINE('',#1919,#4609);
#4611=EDGE_CURVE('',#1920,#394,#4610,.T.);
#4612=ORIENTED_EDGE('',*,*,#4611,.T.);
#4613=ORIENTED_EDGE('',*,*,#1046,.T.);
#4614=ORIENTED_EDGE('',*,*,#4599,.F.);
#4615=EDGE_LOOP('',(#4608,#4612,#4613,#4614));
#4616=FACE_OUTER_BOUND('',#4615,.T.);
#4617=AXIS2_PLACEMENT_3D('',#1921,#3284,#87);
#4618=PLANE('',#4617);
#4619=ADVANCED_FACE('',(#4616),#4618,.T.);
#4620=ORIENTED_EDGE('',*,*,#2587,.T.);
#4621=VECTOR('',#1515,1.);
#4622=LINE('',#1917,#4621);
#4623=EDGE_CURVE('',#1918,#396,#4622,.T.);
#4624=ORIENTED_EDGE('',*,*,#4623,.T.);
#4625=ORIENTED_EDGE('',*,*,#1050,.F.);
#4626=ORIENTED_EDGE('',*,*,#4611,.F.);
#4627=EDGE_LOOP('',(#4620,#4624,#4625,#4626));
#4628=FACE_OUTER_BOUND('',#4627,.T.);
#4629=AXIS2_PLACEMENT_3D('',#1919,#3012,#3284);
#4630=PLANE('',#4629);
#4631=ADVANCED_FACE('',(#4628),#4630,.T.);
#4632=ORIENTED_EDGE('',*,*,#2583,.T.);
#4633=VECTOR('',#1515,1.);
#4634=LINE('',#1915,#4633);
#4635=EDGE_CURVE('',#1916,#398,#4634,.T.);
#4636=ORIENTED_EDGE('',*,*,#4635,.T.);
#4637=ORIENTED_EDGE('',*,*,#1054,.F.);
#4638=ORIENTED_EDGE('',*,*,#4623,.F.);
#4639=EDGE_LOOP('',(#4632,#4636,#4637,#4638));
#4640=FACE_OUTER_BOUND('',#4639,.T.);
#4641=AXIS2_PLACEMENT_3D('',#1917,#122,#3012);
#4642=PLANE('',#4641);
#4643=ADVANCED_FACE('',(#4640),#4642,.T.);
#4644=ORIENTED_EDGE('',*,*,#2579,.T.);
#4645=VECTOR('',#1515,1.);
#4646=LINE('',#1913,#4645);
#4647=EDGE_CURVE('',#1914,#400,#4646,.T.);
#4648=ORIENTED_EDGE('',*,*,#4647,.T.);
#4649=ORIENTED_EDGE('',*,*,#1058,.F.);
#4650=ORIENTED_EDGE('',*,*,#4635,.F.);
#4651=EDGE_LOOP('',(#4644,#4648,#4649,#4650));
#4652=FACE_OUTER_BOUND('',#4651,.T.);
#4653=AXIS2_PLACEMENT_3D('',#1915,#3012,#3284);
#4654=PLANE('',#4653);
#4655=ADVANCED_FACE('',(#4652),#4654,.T.);
#4656=ORIENTED_EDGE('',*,*,#2575,.F.);
#4657=VECTOR('',#1515,1.);
#4658=LINE('',#1911,#4657);
#4659=EDGE_CURVE('',#1912,#402,#4658,.T.);
#4660=ORIENTED_EDGE('',*,*,#4659,.T.);
#4661=ORIENTED_EDGE('',*,*,#1062,.T.);
#4662=ORIENTED_EDGE('',*,*,#4647,.F.);
#4663=EDGE_LOOP('',(#4656,#4660,#4661,#4662));
#4664=FACE_OUTER_BOUND('',#4663,.T.);
#4665=AXIS2_PLACEMENT_3D('',#1913,#3284,#87);
#4666=PLANE('',#4665);
#4667=ADVANCED_FACE('',(#4664),#4666,.T.);
#4668=ORIENTED_EDGE('',*,*,#2571,.T.);
#4669=VECTOR('',#1515,1.);
#4670=LINE('',#1909,#4669);
#4671=EDGE_CURVE('',#1910,#404,#4670,.T.);
#4672=ORIENTED_EDGE('',*,*,#4671,.T.);
#4673=ORIENTED_EDGE('',*,*,#1066,.F.);
#4674=ORIENTED_EDGE('',*,*,#4659,.F.);
#4675=EDGE_LOOP('',(#4668,#4672,#4673,#4674));
#4676=FACE_OUTER_BOUND('',#4675,.T.);
#4677=AXIS2_PLACEMENT_3D('',#1911,#3012,#3284);
#4678=PLANE('',#4677);
#4679=ADVANCED_FACE('',(#4676),#4678,.T.);
#4680=ORIENTED_EDGE('',*,*,#2567,.T.);
#4681=VECTOR('',#1515,1.);
#4682=LINE('',#1907,#4681);
#4683=EDGE_CURVE('',#1908,#406,#4682,.T.);
#4684=ORIENTED_EDGE('',*,*,#4683,.T.);
#4685=ORIENTED_EDGE('',*,*,#1071,.F.);
#4686=ORIENTED_EDGE('',*,*,#4671,.F.);
#4687=EDGE_LOOP('',(#4680,#4684,#4685,#4686));
#4688=FACE_OUTER_BOUND('',#4687,.T.);
#4689=AXIS2_PLACEMENT_3D('',#1909,#3095,#3271);
#4690=PLANE('',#4689);
#4691=ADVANCED_FACE('',(#4688),#4690,.T.);
#4692=ORIENTED_EDGE('',*,*,#2563,.T.);
#4693=VECTOR('',#1515,1.);
#4694=LINE('',#1905,#4693);
#4695=EDGE_CURVE('',#1906,#408,#4694,.T.);
#4696=ORIENTED_EDGE('',*,*,#4695,.T.);
#4697=ORIENTED_EDGE('',*,*,#1075,.F.);
#4698=ORIENTED_EDGE('',*,*,#4683,.F.);
#4699=EDGE_LOOP('',(#4692,#4696,#4697,#4698));
#4700=FACE_OUTER_BOUND('',#4699,.T.);
#4701=AXIS2_PLACEMENT_3D('',#1907,#3082,#3258);
#4702=PLANE('',#4701);
#4703=ADVANCED_FACE('',(#4700),#4702,.T.);
#4704=ORIENTED_EDGE('',*,*,#2559,.T.);
#4705=VECTOR('',#1515,1.);
#4706=LINE('',#1903,#4705);
#4707=EDGE_CURVE('',#1904,#410,#4706,.T.);
#4708=ORIENTED_EDGE('',*,*,#4707,.T.);
#4709=ORIENTED_EDGE('',*,*,#1079,.F.);
#4710=ORIENTED_EDGE('',*,*,#4695,.F.);
#4711=EDGE_LOOP('',(#4704,#4708,#4709,#4710));
#4712=FACE_OUTER_BOUND('',#4711,.T.);
#4713=AXIS2_PLACEMENT_3D('',#1905,#3069,#3245);
#4714=PLANE('',#4713);
#4715=ADVANCED_FACE('',(#4712),#4714,.T.);
#4716=ORIENTED_EDGE('',*,*,#2555,.T.);
#4717=VECTOR('',#1515,1.);
#4718=LINE('',#1901,#4717);
#4719=EDGE_CURVE('',#1902,#412,#4718,.T.);
#4720=ORIENTED_EDGE('',*,*,#4719,.T.);
#4721=ORIENTED_EDGE('',*,*,#1083,.F.);
#4722=ORIENTED_EDGE('',*,*,#4707,.F.);
#4723=EDGE_LOOP('',(#4716,#4720,#4721,#4722));
#4724=FACE_OUTER_BOUND('',#4723,.T.);
#4725=AXIS2_PLACEMENT_3D('',#1903,#3055,#3232);
#4726=PLANE('',#4725);
#4727=ADVANCED_FACE('',(#4724),#4726,.T.);
#4728=ORIENTED_EDGE('',*,*,#2551,.T.);
#4729=VECTOR('',#1515,1.);
#4730=LINE('',#1899,#4729);
#4731=EDGE_CURVE('',#1900,#414,#4730,.T.);
#4732=ORIENTED_EDGE('',*,*,#4731,.T.);
#4733=ORIENTED_EDGE('',*,*,#1087,.F.);
#4734=ORIENTED_EDGE('',*,*,#4719,.F.);
#4735=EDGE_LOOP('',(#4728,#4732,#4733,#4734));
#4736=FACE_OUTER_BOUND('',#4735,.T.);
#4737=AXIS2_PLACEMENT_3D('',#1901,#3041,#3219);
#4738=PLANE('',#4737);
#4739=ADVANCED_FACE('',(#4736),#4738,.T.);
#4740=ORIENTED_EDGE('',*,*,#2547,.T.);
#4741=VECTOR('',#1515,1.);
#4742=LINE('',#1897,#4741);
#4743=EDGE_CURVE('',#1898,#416,#4742,.T.);
#4744=ORIENTED_EDGE('',*,*,#4743,.T.);
#4745=ORIENTED_EDGE('',*,*,#1091,.F.);
#4746=ORIENTED_EDGE('',*,*,#4731,.F.);
#4747=EDGE_LOOP('',(#4740,#4744,#4745,#4746));
#4748=FACE_OUTER_BOUND('',#4747,.T.);
#4749=AXIS2_PLACEMENT_3D('',#1899,#3028,#3206);
#4750=PLANE('',#4749);
#4751=ADVANCED_FACE('',(#4748),#4750,.T.);
#4752=ORIENTED_EDGE('',*,*,#2543,.F.);
#4753=VECTOR('',#1515,1.);
#4754=LINE('',#1895,#4753);
#4755=EDGE_CURVE('',#1896,#418,#4754,.T.);
#4756=ORIENTED_EDGE('',*,*,#4755,.T.);
#4757=ORIENTED_EDGE('',*,*,#1095,.T.);
#4758=ORIENTED_EDGE('',*,*,#4743,.F.);
#4759=EDGE_LOOP('',(#4752,#4756,#4757,#4758));
#4760=FACE_OUTER_BOUND('',#4759,.T.);
#4761=AXIS2_PLACEMENT_3D('',#1897,#3284,#87);
#4762=PLANE('',#4761);
#4763=ADVANCED_FACE('',(#4760),#4762,.T.);
#4764=ORIENTED_EDGE('',*,*,#2539,.T.);
#4765=VECTOR('',#1515,1.);
#4766=LINE('',#1893,#4765);
#4767=EDGE_CURVE('',#1894,#420,#4766,.T.);
#4768=ORIENTED_EDGE('',*,*,#4767,.T.);
#4769=ORIENTED_EDGE('',*,*,#1099,.F.);
#4770=ORIENTED_EDGE('',*,*,#4755,.F.);
#4771=EDGE_LOOP('',(#4764,#4768,#4769,#4770));
#4772=FACE_OUTER_BOUND('',#4771,.T.);
#4773=AXIS2_PLACEMENT_3D('',#1895,#3012,#3284);
#4774=PLANE('',#4773);
#4775=ADVANCED_FACE('',(#4772),#4774,.T.);
#4776=ORIENTED_EDGE('',*,*,#2535,.F.);
#4777=VECTOR('',#1515,1.);
#4778=LINE('',#1891,#4777);
#4779=EDGE_CURVE('',#1892,#422,#4778,.T.);
#4780=ORIENTED_EDGE('',*,*,#4779,.T.);
#4781=ORIENTED_EDGE('',*,*,#1103,.T.);
#4782=ORIENTED_EDGE('',*,*,#4767,.F.);
#4783=EDGE_LOOP('',(#4776,#4780,#4781,#4782));
#4784=FACE_OUTER_BOUND('',#4783,.T.);
#4785=AXIS2_PLACEMENT_3D('',#1893,#3284,#87);
#4786=PLANE('',#4785);
#4787=ADVANCED_FACE('',(#4784),#4786,.T.);
#4788=ORIENTED_EDGE('',*,*,#2531,.F.);
#4789=VECTOR('',#1515,1.);
#4790=LINE('',#1889,#4789);
#4791=EDGE_CURVE('',#1890,#424,#4790,.T.);
#4792=ORIENTED_EDGE('',*,*,#4791,.T.);
#4793=ORIENTED_EDGE('',*,*,#1107,.T.);
#4794=ORIENTED_EDGE('',*,*,#4779,.F.);
#4795=EDGE_LOOP('',(#4788,#4792,#4793,#4794));
#4796=FACE_OUTER_BOUND('',#4795,.T.);
#4797=AXIS2_PLACEMENT_3D('',#1891,#87,#122);
#4798=PLANE('',#4797);
#4799=ADVANCED_FACE('',(#4796),#4798,.T.);
#4800=ORIENTED_EDGE('',*,*,#2527,.F.);
#4801=VECTOR('',#1515,1.);
#4802=LINE('',#1887,#4801);
#4803=EDGE_CURVE('',#1888,#426,#4802,.T.);
#4804=ORIENTED_EDGE('',*,*,#4803,.T.);
#4805=ORIENTED_EDGE('',*,*,#1111,.T.);
#4806=ORIENTED_EDGE('',*,*,#4791,.F.);
#4807=EDGE_LOOP('',(#4800,#4804,#4805,#4806));
#4808=FACE_OUTER_BOUND('',#4807,.T.);
#4809=AXIS2_PLACEMENT_3D('',#1889,#3284,#87);
#4810=PLANE('',#4809);
#4811=ADVANCED_FACE('',(#4808),#4810,.T.);
#4812=ORIENTED_EDGE('',*,*,#2523,.T.);
#4813=VECTOR('',#1515,1.);
#4814=LINE('',#1885,#4813);
#4815=EDGE_CURVE('',#1886,#428,#4814,.T.);
#4816=ORIENTED_EDGE('',*,*,#4815,.T.);
#4817=ORIENTED_EDGE('',*,*,#1115,.F.);
#4818=ORIENTED_EDGE('',*,*,#4803,.F.);
#4819=EDGE_LOOP('',(#4812,#4816,#4817,#4818));
#4820=FACE_OUTER_BOUND('',#4819,.T.);
#4821=AXIS2_PLACEMENT_3D('',#1887,#3012,#3284);
#4822=PLANE('',#4821);
#4823=ADVANCED_FACE('',(#4820),#4822,.T.);
#4824=ORIENTED_EDGE('',*,*,#2519,.F.);
#4825=VECTOR('',#1515,1.);
#4826=LINE('',#1883,#4825);
#4827=EDGE_CURVE('',#1884,#430,#4826,.T.);
#4828=ORIENTED_EDGE('',*,*,#4827,.T.);
#4829=ORIENTED_EDGE('',*,*,#1119,.T.);
#4830=ORIENTED_EDGE('',*,*,#4815,.F.);
#4831=EDGE_LOOP('',(#4824,#4828,#4829,#4830));
#4832=FACE_OUTER_BOUND('',#4831,.T.);
#4833=AXIS2_PLACEMENT_3D('',#1885,#3284,#87);
#4834=PLANE('',#4833);
#4835=ADVANCED_FACE('',(#4832),#4834,.T.);
#4836=ORIENTED_EDGE('',*,*,#2515,.F.);
#4837=VECTOR('',#1515,1.);
#4838=LINE('',#1881,#4837);
#4839=EDGE_CURVE('',#1882,#432,#4838,.T.);
#4840=ORIENTED_EDGE('',*,*,#4839,.T.);
#4841=ORIENTED_EDGE('',*,*,#1123,.T.);
#4842=ORIENTED_EDGE('',*,*,#4827,.F.);
#4843=EDGE_LOOP('',(#4836,#4840,#4841,#4842));
#4844=FACE_OUTER_BOUND('',#4843,.T.);
#4845=AXIS2_PLACEMENT_3D('',#1883,#87,#122);
#4846=PLANE('',#4845);
#4847=ADVANCED_FACE('',(#4844),#4846,.T.);
#4848=ORIENTED_EDGE('',*,*,#2511,.F.);
#4849=VECTOR('',#1515,1.);
#4850=LINE('',#1879,#4849);
#4851=EDGE_CURVE('',#1880,#434,#4850,.T.);
#4852=ORIENTED_EDGE('',*,*,#4851,.T.);
#4853=ORIENTED_EDGE('',*,*,#1127,.T.);
#4854=ORIENTED_EDGE('',*,*,#4839,.F.);
#4855=EDGE_LOOP('',(#4848,#4852,#4853,#4854));
#4856=FACE_OUTER_BOUND('',#4855,.T.);
#4857=AXIS2_PLACEMENT_3D('',#1881,#3284,#87);
#4858=PLANE('',#4857);
#4859=ADVANCED_FACE('',(#4856),#4858,.T.);
#4860=ORIENTED_EDGE('',*,*,#2507,.T.);
#4861=VECTOR('',#1515,1.);
#4862=LINE('',#1877,#4861);
#4863=EDGE_CURVE('',#1878,#436,#4862,.T.);
#4864=ORIENTED_EDGE('',*,*,#4863,.T.);
#4865=ORIENTED_EDGE('',*,*,#1131,.F.);
#4866=ORIENTED_EDGE('',*,*,#4851,.F.);
#4867=EDGE_LOOP('',(#4860,#4864,#4865,#4866));
#4868=FACE_OUTER_BOUND('',#4867,.T.);
#4869=AXIS2_PLACEMENT_3D('',#1879,#3012,#3284);
#4870=PLANE('',#4869);
#4871=ADVANCED_FACE('',(#4868),#4870,.T.);
#4872=ORIENTED_EDGE('',*,*,#2503,.F.);
#4873=VECTOR('',#1515,1.);
#4874=LINE('',#1875,#4873);
#4875=EDGE_CURVE('',#1876,#438,#4874,.T.);
#4876=ORIENTED_EDGE('',*,*,#4875,.T.);
#4877=ORIENTED_EDGE('',*,*,#1135,.T.);
#4878=ORIENTED_EDGE('',*,*,#4863,.F.);
#4879=EDGE_LOOP('',(#4872,#4876,#4877,#4878));
#4880=FACE_OUTER_BOUND('',#4879,.T.);
#4881=AXIS2_PLACEMENT_3D('',#1877,#3284,#87);
#4882=PLANE('',#4881);
#4883=ADVANCED_FACE('',(#4880),#4882,.T.);
#4884=ORIENTED_EDGE('',*,*,#2499,.F.);
#4885=VECTOR('',#1515,1.);
#4886=LINE('',#1873,#4885);
#4887=EDGE_CURVE('',#1874,#440,#4886,.T.);
#4888=ORIENTED_EDGE('',*,*,#4887,.T.);
#4889=ORIENTED_EDGE('',*,*,#1139,.T.);
#4890=ORIENTED_EDGE('',*,*,#4875,.F.);
#4891=EDGE_LOOP('',(#4884,#4888,#4889,#4890));
#4892=FACE_OUTER_BOUND('',#4891,.T.);
#4893=AXIS2_PLACEMENT_3D('',#1875,#87,#122);
#4894=PLANE('',#4893);
#4895=ADVANCED_FACE('',(#4892),#4894,.T.);
#4896=ORIENTED_EDGE('',*,*,#2495,.F.);
#4897=VECTOR('',#1515,1.);
#4898=LINE('',#1871,#4897);
#4899=EDGE_CURVE('',#1872,#442,#4898,.T.);
#4900=ORIENTED_EDGE('',*,*,#4899,.T.);
#4901=ORIENTED_EDGE('',*,*,#1143,.T.);
#4902=ORIENTED_EDGE('',*,*,#4887,.F.);
#4903=EDGE_LOOP('',(#4896,#4900,#4901,#4902));
#4904=FACE_OUTER_BOUND('',#4903,.T.);
#4905=AXIS2_PLACEMENT_3D('',#1873,#3284,#87);
#4906=PLANE('',#4905);
#4907=ADVANCED_FACE('',(#4904),#4906,.T.);
#4908=ORIENTED_EDGE('',*,*,#2491,.T.);
#4909=VECTOR('',#1515,1.);
#4910=LINE('',#1869,#4909);
#4911=EDGE_CURVE('',#1870,#444,#4910,.T.);
#4912=ORIENTED_EDGE('',*,*,#4911,.T.);
#4913=ORIENTED_EDGE('',*,*,#1147,.F.);
#4914=ORIENTED_EDGE('',*,*,#4899,.F.);
#4915=EDGE_LOOP('',(#4908,#4912,#4913,#4914));
#4916=FACE_OUTER_BOUND('',#4915,.T.);
#4917=AXIS2_PLACEMENT_3D('',#1871,#3012,#3284);
#4918=PLANE('',#4917);
#4919=ADVANCED_FACE('',(#4916),#4918,.T.);
#4920=ORIENTED_EDGE('',*,*,#2487,.F.);
#4921=VECTOR('',#1515,1.);
#4922=LINE('',#1867,#4921);
#4923=EDGE_CURVE('',#1868,#446,#4922,.T.);
#4924=ORIENTED_EDGE('',*,*,#4923,.T.);
#4925=ORIENTED_EDGE('',*,*,#1151,.T.);
#4926=ORIENTED_EDGE('',*,*,#4911,.F.);
#4927=EDGE_LOOP('',(#4920,#4924,#4925,#4926));
#4928=FACE_OUTER_BOUND('',#4927,.T.);
#4929=AXIS2_PLACEMENT_3D('',#1869,#3284,#87);
#4930=PLANE('',#4929);
#4931=ADVANCED_FACE('',(#4928),#4930,.T.);
#4932=ORIENTED_EDGE('',*,*,#2483,.F.);
#4933=VECTOR('',#1515,1.);
#4934=LINE('',#1865,#4933);
#4935=EDGE_CURVE('',#1866,#448,#4934,.T.);
#4936=ORIENTED_EDGE('',*,*,#4935,.T.);
#4937=ORIENTED_EDGE('',*,*,#1155,.T.);
#4938=ORIENTED_EDGE('',*,*,#4923,.F.);
#4939=EDGE_LOOP('',(#4932,#4936,#4937,#4938));
#4940=FACE_OUTER_BOUND('',#4939,.T.);
#4941=AXIS2_PLACEMENT_3D('',#1867,#87,#122);
#4942=PLANE('',#4941);
#4943=ADVANCED_FACE('',(#4940),#4942,.T.);
#4944=ORIENTED_EDGE('',*,*,#2479,.F.);
#4945=VECTOR('',#1515,1.);
#4946=LINE('',#1863,#4945);
#4947=EDGE_CURVE('',#1864,#450,#4946,.T.);
#4948=ORIENTED_EDGE('',*,*,#4947,.T.);
#4949=ORIENTED_EDGE('',*,*,#1159,.T.);
#4950=ORIENTED_EDGE('',*,*,#4935,.F.);
#4951=EDGE_LOOP('',(#4944,#4948,#4949,#4950));
#4952=FACE_OUTER_BOUND('',#4951,.T.);
#4953=AXIS2_PLACEMENT_3D('',#1865,#3284,#87);
#4954=PLANE('',#4953);
#4955=ADVANCED_FACE('',(#4952),#4954,.T.);
#4956=ORIENTED_EDGE('',*,*,#2475,.T.);
#4957=VECTOR('',#1515,1.);
#4958=LINE('',#1861,#4957);
#4959=EDGE_CURVE('',#1862,#452,#4958,.T.);
#4960=ORIENTED_EDGE('',*,*,#4959,.T.);
#4961=ORIENTED_EDGE('',*,*,#1163,.F.);
#4962=ORIENTED_EDGE('',*,*,#4947,.F.);
#4963=EDGE_LOOP('',(#4956,#4960,#4961,#4962));
#4964=FACE_OUTER_BOUND('',#4963,.T.);
#4965=AXIS2_PLACEMENT_3D('',#1863,#3012,#3284);
#4966=PLANE('',#4965);
#4967=ADVANCED_FACE('',(#4964),#4966,.T.);
#4968=ORIENTED_EDGE('',*,*,#2471,.F.);
#4969=VECTOR('',#1515,1.);
#4970=LINE('',#1859,#4969);
#4971=EDGE_CURVE('',#1860,#454,#4970,.T.);
#4972=ORIENTED_EDGE('',*,*,#4971,.T.);
#4973=ORIENTED_EDGE('',*,*,#1167,.T.);
#4974=ORIENTED_EDGE('',*,*,#4959,.F.);
#4975=EDGE_LOOP('',(#4968,#4972,#4973,#4974));
#4976=FACE_OUTER_BOUND('',#4975,.T.);
#4977=AXIS2_PLACEMENT_3D('',#1861,#3284,#87);
#4978=PLANE('',#4977);
#4979=ADVANCED_FACE('',(#4976),#4978,.T.);
#4980=ORIENTED_EDGE('',*,*,#2467,.F.);
#4981=VECTOR('',#1515,1.);
#4982=LINE('',#1857,#4981);
#4983=EDGE_CURVE('',#1858,#456,#4982,.T.);
#4984=ORIENTED_EDGE('',*,*,#4983,.T.);
#4985=ORIENTED_EDGE('',*,*,#1171,.T.);
#4986=ORIENTED_EDGE('',*,*,#4971,.F.);
#4987=EDGE_LOOP('',(#4980,#4984,#4985,#4986));
#4988=FACE_OUTER_BOUND('',#4987,.T.);
#4989=AXIS2_PLACEMENT_3D('',#1859,#87,#122);
#4990=PLANE('',#4989);
#4991=ADVANCED_FACE('',(#4988),#4990,.T.);
#4992=ORIENTED_EDGE('',*,*,#2463,.F.);
#4993=VECTOR('',#1515,1.);
#4994=LINE('',#1855,#4993);
#4995=EDGE_CURVE('',#1856,#458,#4994,.T.);
#4996=ORIENTED_EDGE('',*,*,#4995,.T.);
#4997=ORIENTED_EDGE('',*,*,#1175,.T.);
#4998=ORIENTED_EDGE('',*,*,#4983,.F.);
#4999=EDGE_LOOP('',(#4992,#4996,#4997,#4998));
#5000=FACE_OUTER_BOUND('',#4999,.T.);
#5001=AXIS2_PLACEMENT_3D('',#1857,#3284,#87);
#5002=PLANE('',#5001);
#5003=ADVANCED_FACE('',(#5000),#5002,.T.);
#5004=ORIENTED_EDGE('',*,*,#2459,.T.);
#5005=VECTOR('',#1515,1.);
#5006=LINE('',#1853,#5005);
#5007=EDGE_CURVE('',#1854,#460,#5006,.T.);
#5008=ORIENTED_EDGE('',*,*,#5007,.T.);
#5009=ORIENTED_EDGE('',*,*,#1179,.F.);
#5010=ORIENTED_EDGE('',*,*,#4995,.F.);
#5011=EDGE_LOOP('',(#5004,#5008,#5009,#5010));
#5012=FACE_OUTER_BOUND('',#5011,.T.);
#5013=AXIS2_PLACEMENT_3D('',#1855,#3012,#3284);
#5014=PLANE('',#5013);
#5015=ADVANCED_FACE('',(#5012),#5014,.T.);
#5016=ORIENTED_EDGE('',*,*,#2455,.F.);
#5017=VECTOR('',#1515,1.);
#5018=LINE('',#1851,#5017);
#5019=EDGE_CURVE('',#1852,#462,#5018,.T.);
#5020=ORIENTED_EDGE('',*,*,#5019,.T.);
#5021=ORIENTED_EDGE('',*,*,#1183,.T.);
#5022=ORIENTED_EDGE('',*,*,#5007,.F.);
#5023=EDGE_LOOP('',(#5016,#5020,#5021,#5022));
#5024=FACE_OUTER_BOUND('',#5023,.T.);
#5025=AXIS2_PLACEMENT_3D('',#1853,#3284,#87);
#5026=PLANE('',#5025);
#5027=ADVANCED_FACE('',(#5024),#5026,.T.);
#5028=ORIENTED_EDGE('',*,*,#2451,.F.);
#5029=VECTOR('',#1515,1.);
#5030=LINE('',#1849,#5029);
#5031=EDGE_CURVE('',#1850,#464,#5030,.T.);
#5032=ORIENTED_EDGE('',*,*,#5031,.T.);
#5033=ORIENTED_EDGE('',*,*,#1187,.T.);
#5034=ORIENTED_EDGE('',*,*,#5019,.F.);
#5035=EDGE_LOOP('',(#5028,#5032,#5033,#5034));
#5036=FACE_OUTER_BOUND('',#5035,.T.);
#5037=AXIS2_PLACEMENT_3D('',#1851,#87,#122);
#5038=PLANE('',#5037);
#5039=ADVANCED_FACE('',(#5036),#5038,.T.);
#5040=ORIENTED_EDGE('',*,*,#2447,.F.);
#5041=VECTOR('',#1515,1.);
#5042=LINE('',#1847,#5041);
#5043=EDGE_CURVE('',#1848,#466,#5042,.T.);
#5044=ORIENTED_EDGE('',*,*,#5043,.T.);
#5045=ORIENTED_EDGE('',*,*,#1191,.T.);
#5046=ORIENTED_EDGE('',*,*,#5031,.F.);
#5047=EDGE_LOOP('',(#5040,#5044,#5045,#5046));
#5048=FACE_OUTER_BOUND('',#5047,.T.);
#5049=AXIS2_PLACEMENT_3D('',#1849,#3284,#87);
#5050=PLANE('',#5049);
#5051=ADVANCED_FACE('',(#5048),#5050,.T.);
#5052=ORIENTED_EDGE('',*,*,#2443,.T.);
#5053=VECTOR('',#1515,1.);
#5054=LINE('',#1845,#5053);
#5055=EDGE_CURVE('',#1846,#468,#5054,.T.);
#5056=ORIENTED_EDGE('',*,*,#5055,.T.);
#5057=ORIENTED_EDGE('',*,*,#1195,.F.);
#5058=ORIENTED_EDGE('',*,*,#5043,.F.);
#5059=EDGE_LOOP('',(#5052,#5056,#5057,#5058));
#5060=FACE_OUTER_BOUND('',#5059,.T.);
#5061=AXIS2_PLACEMENT_3D('',#1847,#3012,#3284);
#5062=PLANE('',#5061);
#5063=ADVANCED_FACE('',(#5060),#5062,.T.);
#5064=ORIENTED_EDGE('',*,*,#2439,.F.);
#5065=VECTOR('',#1515,1.);
#5066=LINE('',#1843,#5065);
#5067=EDGE_CURVE('',#1844,#470,#5066,.T.);
#5068=ORIENTED_EDGE('',*,*,#5067,.T.);
#5069=ORIENTED_EDGE('',*,*,#1199,.T.);
#5070=ORIENTED_EDGE('',*,*,#5055,.F.);
#5071=EDGE_LOOP('',(#5064,#5068,#5069,#5070));
#5072=FACE_OUTER_BOUND('',#5071,.T.);
#5073=AXIS2_PLACEMENT_3D('',#1845,#3284,#87);
#5074=PLANE('',#5073);
#5075=ADVANCED_FACE('',(#5072),#5074,.T.);
#5076=ORIENTED_EDGE('',*,*,#2435,.F.);
#5077=VECTOR('',#1515,1.);
#5078=LINE('',#1841,#5077);
#5079=EDGE_CURVE('',#1842,#472,#5078,.T.);
#5080=ORIENTED_EDGE('',*,*,#5079,.T.);
#5081=ORIENTED_EDGE('',*,*,#1203,.T.);
#5082=ORIENTED_EDGE('',*,*,#5067,.F.);
#5083=EDGE_LOOP('',(#5076,#5080,#5081,#5082));
#5084=FACE_OUTER_BOUND('',#5083,.T.);
#5085=AXIS2_PLACEMENT_3D('',#1843,#87,#122);
#5086=PLANE('',#5085);
#5087=ADVANCED_FACE('',(#5084),#5086,.T.);
#5088=ORIENTED_EDGE('',*,*,#2431,.F.);
#5089=VECTOR('',#1515,1.);
#5090=LINE('',#1839,#5089);
#5091=EDGE_CURVE('',#1840,#474,#5090,.T.);
#5092=ORIENTED_EDGE('',*,*,#5091,.T.);
#5093=ORIENTED_EDGE('',*,*,#1207,.T.);
#5094=ORIENTED_EDGE('',*,*,#5079,.F.);
#5095=EDGE_LOOP('',(#5088,#5092,#5093,#5094));
#5096=FACE_OUTER_BOUND('',#5095,.T.);
#5097=AXIS2_PLACEMENT_3D('',#1841,#3284,#87);
#5098=PLANE('',#5097);
#5099=ADVANCED_FACE('',(#5096),#5098,.T.);
#5100=ORIENTED_EDGE('',*,*,#2427,.T.);
#5101=VECTOR('',#1515,1.);
#5102=LINE('',#1837,#5101);
#5103=EDGE_CURVE('',#1838,#476,#5102,.T.);
#5104=ORIENTED_EDGE('',*,*,#5103,.T.);
#5105=ORIENTED_EDGE('',*,*,#1211,.F.);
#5106=ORIENTED_EDGE('',*,*,#5091,.F.);
#5107=EDGE_LOOP('',(#5100,#5104,#5105,#5106));
#5108=FACE_OUTER_BOUND('',#5107,.T.);
#5109=AXIS2_PLACEMENT_3D('',#1839,#3012,#3284);
#5110=PLANE('',#5109);
#5111=ADVANCED_FACE('',(#5108),#5110,.T.);
#5112=ORIENTED_EDGE('',*,*,#2423,.F.);
#5113=VECTOR('',#1515,1.);
#5114=LINE('',#1835,#5113);
#5115=EDGE_CURVE('',#1836,#478,#5114,.T.);
#5116=ORIENTED_EDGE('',*,*,#5115,.T.);
#5117=ORIENTED_EDGE('',*,*,#1215,.T.);
#5118=ORIENTED_EDGE('',*,*,#5103,.F.);
#5119=EDGE_LOOP('',(#5112,#5116,#5117,#5118));
#5120=FACE_OUTER_BOUND('',#5119,.T.);
#5121=AXIS2_PLACEMENT_3D('',#1837,#3284,#87);
#5122=PLANE('',#5121);
#5123=ADVANCED_FACE('',(#5120),#5122,.T.);
#5124=ORIENTED_EDGE('',*,*,#2419,.F.);
#5125=VECTOR('',#1515,1.);
#5126=LINE('',#1833,#5125);
#5127=EDGE_CURVE('',#1834,#480,#5126,.T.);
#5128=ORIENTED_EDGE('',*,*,#5127,.T.);
#5129=ORIENTED_EDGE('',*,*,#1219,.T.);
#5130=ORIENTED_EDGE('',*,*,#5115,.F.);
#5131=EDGE_LOOP('',(#5124,#5128,#5129,#5130));
#5132=FACE_OUTER_BOUND('',#5131,.T.);
#5133=AXIS2_PLACEMENT_3D('',#1835,#87,#122);
#5134=PLANE('',#5133);
#5135=ADVANCED_FACE('',(#5132),#5134,.T.);
#5136=ORIENTED_EDGE('',*,*,#2415,.F.);
#5137=VECTOR('',#1515,1.);
#5138=LINE('',#1831,#5137);
#5139=EDGE_CURVE('',#1832,#482,#5138,.T.);
#5140=ORIENTED_EDGE('',*,*,#5139,.T.);
#5141=ORIENTED_EDGE('',*,*,#1223,.T.);
#5142=ORIENTED_EDGE('',*,*,#5127,.F.);
#5143=EDGE_LOOP('',(#5136,#5140,#5141,#5142));
#5144=FACE_OUTER_BOUND('',#5143,.T.);
#5145=AXIS2_PLACEMENT_3D('',#1833,#3284,#87);
#5146=PLANE('',#5145);
#5147=ADVANCED_FACE('',(#5144),#5146,.T.);
#5148=ORIENTED_EDGE('',*,*,#2411,.T.);
#5149=VECTOR('',#1515,1.);
#5150=LINE('',#1829,#5149);
#5151=EDGE_CURVE('',#1830,#484,#5150,.T.);
#5152=ORIENTED_EDGE('',*,*,#5151,.T.);
#5153=ORIENTED_EDGE('',*,*,#1227,.F.);
#5154=ORIENTED_EDGE('',*,*,#5139,.F.);
#5155=EDGE_LOOP('',(#5148,#5152,#5153,#5154));
#5156=FACE_OUTER_BOUND('',#5155,.T.);
#5157=AXIS2_PLACEMENT_3D('',#1831,#3012,#3284);
#5158=PLANE('',#5157);
#5159=ADVANCED_FACE('',(#5156),#5158,.T.);
#5160=ORIENTED_EDGE('',*,*,#2407,.F.);
#5161=VECTOR('',#1515,1.);
#5162=LINE('',#1827,#5161);
#5163=EDGE_CURVE('',#1828,#486,#5162,.T.);
#5164=ORIENTED_EDGE('',*,*,#5163,.T.);
#5165=ORIENTED_EDGE('',*,*,#1231,.T.);
#5166=ORIENTED_EDGE('',*,*,#5151,.F.);
#5167=EDGE_LOOP('',(#5160,#5164,#5165,#5166));
#5168=FACE_OUTER_BOUND('',#5167,.T.);
#5169=AXIS2_PLACEMENT_3D('',#1829,#3284,#87);
#5170=PLANE('',#5169);
#5171=ADVANCED_FACE('',(#5168),#5170,.T.);
#5172=ORIENTED_EDGE('',*,*,#2403,.F.);
#5173=VECTOR('',#1515,1.);
#5174=LINE('',#1825,#5173);
#5175=EDGE_CURVE('',#1826,#488,#5174,.T.);
#5176=ORIENTED_EDGE('',*,*,#5175,.T.);
#5177=ORIENTED_EDGE('',*,*,#1235,.T.);
#5178=ORIENTED_EDGE('',*,*,#5163,.F.);
#5179=EDGE_LOOP('',(#5172,#5176,#5177,#5178));
#5180=FACE_OUTER_BOUND('',#5179,.T.);
#5181=AXIS2_PLACEMENT_3D('',#1827,#87,#122);
#5182=PLANE('',#5181);
#5183=ADVANCED_FACE('',(#5180),#5182,.T.);
#5184=ORIENTED_EDGE('',*,*,#2399,.F.);
#5185=VECTOR('',#1515,1.);
#5186=LINE('',#1823,#5185);
#5187=EDGE_CURVE('',#1824,#490,#5186,.T.);
#5188=ORIENTED_EDGE('',*,*,#5187,.T.);
#5189=ORIENTED_EDGE('',*,*,#1239,.T.);
#5190=ORIENTED_EDGE('',*,*,#5175,.F.);
#5191=EDGE_LOOP('',(#5184,#5188,#5189,#5190));
#5192=FACE_OUTER_BOUND('',#5191,.T.);
#5193=AXIS2_PLACEMENT_3D('',#1825,#3284,#87);
#5194=PLANE('',#5193);
#5195=ADVANCED_FACE('',(#5192),#5194,.T.);
#5196=ORIENTED_EDGE('',*,*,#2395,.T.);
#5197=VECTOR('',#1515,1.);
#5198=LINE('',#1821,#5197);
#5199=EDGE_CURVE('',#1822,#492,#5198,.T.);
#5200=ORIENTED_EDGE('',*,*,#5199,.T.);
#5201=ORIENTED_EDGE('',*,*,#1243,.F.);
#5202=ORIENTED_EDGE('',*,*,#5187,.F.);
#5203=EDGE_LOOP('',(#5196,#5200,#5201,#5202));
#5204=FACE_OUTER_BOUND('',#5203,.T.);
#5205=AXIS2_PLACEMENT_3D('',#1823,#3012,#3284);
#5206=PLANE('',#5205);
#5207=ADVANCED_FACE('',(#5204),#5206,.T.);
#5208=ORIENTED_EDGE('',*,*,#2391,.F.);
#5209=VECTOR('',#1515,1.);
#5210=LINE('',#1819,#5209);
#5211=EDGE_CURVE('',#1820,#494,#5210,.T.);
#5212=ORIENTED_EDGE('',*,*,#5211,.T.);
#5213=ORIENTED_EDGE('',*,*,#1247,.T.);
#5214=ORIENTED_EDGE('',*,*,#5199,.F.);
#5215=EDGE_LOOP('',(#5208,#5212,#5213,#5214));
#5216=FACE_OUTER_BOUND('',#5215,.T.);
#5217=AXIS2_PLACEMENT_3D('',#1821,#3284,#87);
#5218=PLANE('',#5217);
#5219=ADVANCED_FACE('',(#5216),#5218,.T.);
#5220=ORIENTED_EDGE('',*,*,#2387,.F.);
#5221=VECTOR('',#1515,1.);
#5222=LINE('',#1817,#5221);
#5223=EDGE_CURVE('',#1818,#496,#5222,.T.);
#5224=ORIENTED_EDGE('',*,*,#5223,.T.);
#5225=ORIENTED_EDGE('',*,*,#1251,.T.);
#5226=ORIENTED_EDGE('',*,*,#5211,.F.);
#5227=EDGE_LOOP('',(#5220,#5224,#5225,#5226));
#5228=FACE_OUTER_BOUND('',#5227,.T.);
#5229=AXIS2_PLACEMENT_3D('',#1819,#87,#122);
#5230=PLANE('',#5229);
#5231=ADVANCED_FACE('',(#5228),#5230,.T.);
#5232=ORIENTED_EDGE('',*,*,#2383,.F.);
#5233=VECTOR('',#1515,1.);
#5234=LINE('',#1815,#5233);
#5235=EDGE_CURVE('',#1816,#498,#5234,.T.);
#5236=ORIENTED_EDGE('',*,*,#5235,.T.);
#5237=ORIENTED_EDGE('',*,*,#1255,.T.);
#5238=ORIENTED_EDGE('',*,*,#5223,.F.);
#5239=EDGE_LOOP('',(#5232,#5236,#5237,#5238));
#5240=FACE_OUTER_BOUND('',#5239,.T.);
#5241=AXIS2_PLACEMENT_3D('',#1817,#3284,#87);
#5242=PLANE('',#5241);
#5243=ADVANCED_FACE('',(#5240),#5242,.T.);
#5244=ORIENTED_EDGE('',*,*,#2379,.T.);
#5245=VECTOR('',#1515,1.);
#5246=LINE('',#1813,#5245);
#5247=EDGE_CURVE('',#1814,#500,#5246,.T.);
#5248=ORIENTED_EDGE('',*,*,#5247,.T.);
#5249=ORIENTED_EDGE('',*,*,#1259,.F.);
#5250=ORIENTED_EDGE('',*,*,#5235,.F.);
#5251=EDGE_LOOP('',(#5244,#5248,#5249,#5250));
#5252=FACE_OUTER_BOUND('',#5251,.T.);
#5253=AXIS2_PLACEMENT_3D('',#1815,#3012,#3284);
#5254=PLANE('',#5253);
#5255=ADVANCED_FACE('',(#5252),#5254,.T.);
#5256=ORIENTED_EDGE('',*,*,#2375,.F.);
#5257=VECTOR('',#1515,1.);
#5258=LINE('',#1811,#5257);
#5259=EDGE_CURVE('',#1812,#502,#5258,.T.);
#5260=ORIENTED_EDGE('',*,*,#5259,.T.);
#5261=ORIENTED_EDGE('',*,*,#1263,.T.);
#5262=ORIENTED_EDGE('',*,*,#5247,.F.);
#5263=EDGE_LOOP('',(#5256,#5260,#5261,#5262));
#5264=FACE_OUTER_BOUND('',#5263,.T.);
#5265=AXIS2_PLACEMENT_3D('',#1813,#3284,#87);
#5266=PLANE('',#5265);
#5267=ADVANCED_FACE('',(#5264),#5266,.T.);
#5268=ORIENTED_EDGE('',*,*,#2371,.F.);
#5269=VECTOR('',#1515,1.);
#5270=LINE('',#1809,#5269);
#5271=EDGE_CURVE('',#1810,#504,#5270,.T.);
#5272=ORIENTED_EDGE('',*,*,#5271,.T.);
#5273=ORIENTED_EDGE('',*,*,#1267,.T.);
#5274=ORIENTED_EDGE('',*,*,#5259,.F.);
#5275=EDGE_LOOP('',(#5268,#5272,#5273,#5274));
#5276=FACE_OUTER_BOUND('',#5275,.T.);
#5277=AXIS2_PLACEMENT_3D('',#1811,#87,#122);
#5278=PLANE('',#5277);
#5279=ADVANCED_FACE('',(#5276),#5278,.T.);
#5280=ORIENTED_EDGE('',*,*,#2367,.F.);
#5281=VECTOR('',#1515,1.);
#5282=LINE('',#1807,#5281);
#5283=EDGE_CURVE('',#1808,#506,#5282,.T.);
#5284=ORIENTED_EDGE('',*,*,#5283,.T.);
#5285=ORIENTED_EDGE('',*,*,#1271,.T.);
#5286=ORIENTED_EDGE('',*,*,#5271,.F.);
#5287=EDGE_LOOP('',(#5280,#5284,#5285,#5286));
#5288=FACE_OUTER_BOUND('',#5287,.T.);
#5289=AXIS2_PLACEMENT_3D('',#1809,#3284,#87);
#5290=PLANE('',#5289);
#5291=ADVANCED_FACE('',(#5288),#5290,.T.);
#5292=ORIENTED_EDGE('',*,*,#2363,.T.);
#5293=VECTOR('',#1515,1.);
#5294=LINE('',#1805,#5293);
#5295=EDGE_CURVE('',#1806,#508,#5294,.T.);
#5296=ORIENTED_EDGE('',*,*,#5295,.T.);
#5297=ORIENTED_EDGE('',*,*,#1275,.F.);
#5298=ORIENTED_EDGE('',*,*,#5283,.F.);
#5299=EDGE_LOOP('',(#5292,#5296,#5297,#5298));
#5300=FACE_OUTER_BOUND('',#5299,.T.);
#5301=AXIS2_PLACEMENT_3D('',#1807,#3012,#3284);
#5302=PLANE('',#5301);
#5303=ADVANCED_FACE('',(#5300),#5302,.T.);
#5304=ORIENTED_EDGE('',*,*,#2359,.F.);
#5305=VECTOR('',#1515,1.);
#5306=LINE('',#1803,#5305);
#5307=EDGE_CURVE('',#1804,#510,#5306,.T.);
#5308=ORIENTED_EDGE('',*,*,#5307,.T.);
#5309=ORIENTED_EDGE('',*,*,#1279,.T.);
#5310=ORIENTED_EDGE('',*,*,#5295,.F.);
#5311=EDGE_LOOP('',(#5304,#5308,#5309,#5310));
#5312=FACE_OUTER_BOUND('',#5311,.T.);
#5313=AXIS2_PLACEMENT_3D('',#1805,#3284,#87);
#5314=PLANE('',#5313);
#5315=ADVANCED_FACE('',(#5312),#5314,.T.);
#5316=ORIENTED_EDGE('',*,*,#2355,.F.);
#5317=VECTOR('',#1515,1.);
#5318=LINE('',#1801,#5317);
#5319=EDGE_CURVE('',#1802,#512,#5318,.T.);
#5320=ORIENTED_EDGE('',*,*,#5319,.T.);
#5321=ORIENTED_EDGE('',*,*,#1283,.T.);
#5322=ORIENTED_EDGE('',*,*,#5307,.F.);
#5323=EDGE_LOOP('',(#5316,#5320,#5321,#5322));
#5324=FACE_OUTER_BOUND('',#5323,.T.);
#5325=AXIS2_PLACEMENT_3D('',#1803,#87,#122);
#5326=PLANE('',#5325);
#5327=ADVANCED_FACE('',(#5324),#5326,.T.);
#5328=ORIENTED_EDGE('',*,*,#2351,.F.);
#5329=VECTOR('',#1515,1.);
#5330=LINE('',#1799,#5329);
#5331=EDGE_CURVE('',#1800,#514,#5330,.T.);
#5332=ORIENTED_EDGE('',*,*,#5331,.T.);
#5333=ORIENTED_EDGE('',*,*,#1287,.T.);
#5334=ORIENTED_EDGE('',*,*,#5319,.F.);
#5335=EDGE_LOOP('',(#5328,#5332,#5333,#5334));
#5336=FACE_OUTER_BOUND('',#5335,.T.);
#5337=AXIS2_PLACEMENT_3D('',#1801,#3284,#87);
#5338=PLANE('',#5337);
#5339=ADVANCED_FACE('',(#5336),#5338,.T.);
#5340=ORIENTED_EDGE('',*,*,#2347,.F.);
#5341=VECTOR('',#1515,1.);
#5342=LINE('',#1797,#5341);
#5343=EDGE_CURVE('',#1798,#516,#5342,.T.);
#5344=ORIENTED_EDGE('',*,*,#5343,.T.);
#5345=ORIENTED_EDGE('',*,*,#1291,.T.);
#5346=ORIENTED_EDGE('',*,*,#5331,.F.);
#5347=EDGE_LOOP('',(#5340,#5344,#5345,#5346));
#5348=FACE_OUTER_BOUND('',#5347,.T.);
#5349=AXIS2_PLACEMENT_3D('',#1799,#3271,#82);
#5350=PLANE('',#5349);
#5351=ADVANCED_FACE('',(#5348),#5350,.T.);
#5352=ORIENTED_EDGE('',*,*,#2343,.F.);
#5353=VECTOR('',#1515,1.);
#5354=LINE('',#1795,#5353);
#5355=EDGE_CURVE('',#1796,#518,#5354,.T.);
#5356=ORIENTED_EDGE('',*,*,#5355,.T.);
#5357=ORIENTED_EDGE('',*,*,#1295,.T.);
#5358=ORIENTED_EDGE('',*,*,#5343,.F.);
#5359=EDGE_LOOP('',(#5352,#5356,#5357,#5358));
#5360=FACE_OUTER_BOUND('',#5359,.T.);
#5361=AXIS2_PLACEMENT_3D('',#1797,#3258,#77);
#5362=PLANE('',#5361);
#5363=ADVANCED_FACE('',(#5360),#5362,.T.);
#5364=ORIENTED_EDGE('',*,*,#2339,.F.);
#5365=VECTOR('',#1515,1.);
#5366=LINE('',#1793,#5365);
#5367=EDGE_CURVE('',#1794,#520,#5366,.T.);
#5368=ORIENTED_EDGE('',*,*,#5367,.T.);
#5369=ORIENTED_EDGE('',*,*,#1299,.T.);
#5370=ORIENTED_EDGE('',*,*,#5355,.F.);
#5371=EDGE_LOOP('',(#5364,#5368,#5369,#5370));
#5372=FACE_OUTER_BOUND('',#5371,.T.);
#5373=AXIS2_PLACEMENT_3D('',#1795,#3245,#3157);
#5374=PLANE('',#5373);
#5375=ADVANCED_FACE('',(#5372),#5374,.T.);
#5376=ORIENTED_EDGE('',*,*,#2335,.F.);
#5377=VECTOR('',#1515,1.);
#5378=LINE('',#1791,#5377);
#5379=EDGE_CURVE('',#1792,#522,#5378,.T.);
#5380=ORIENTED_EDGE('',*,*,#5379,.T.);
#5381=ORIENTED_EDGE('',*,*,#1303,.T.);
#5382=ORIENTED_EDGE('',*,*,#5367,.F.);
#5383=EDGE_LOOP('',(#5376,#5380,#5381,#5382));
#5384=FACE_OUTER_BOUND('',#5383,.T.);
#5385=AXIS2_PLACEMENT_3D('',#1793,#3232,#3144);
#5386=PLANE('',#5385);
#5387=ADVANCED_FACE('',(#5384),#5386,.T.);
#5388=ORIENTED_EDGE('',*,*,#2331,.F.);
#5389=VECTOR('',#1515,1.);
#5390=LINE('',#1789,#5389);
#5391=EDGE_CURVE('',#1790,#524,#5390,.T.);
#5392=ORIENTED_EDGE('',*,*,#5391,.T.);
#5393=ORIENTED_EDGE('',*,*,#1307,.T.);
#5394=ORIENTED_EDGE('',*,*,#5379,.F.);
#5395=EDGE_LOOP('',(#5388,#5392,#5393,#5394));
#5396=FACE_OUTER_BOUND('',#5395,.T.);
#5397=AXIS2_PLACEMENT_3D('',#1791,#3219,#62);
#5398=PLANE('',#5397);
#5399=ADVANCED_FACE('',(#5396),#5398,.T.);
#5400=ORIENTED_EDGE('',*,*,#2327,.F.);
#5401=VECTOR('',#1515,1.);
#5402=LINE('',#1787,#5401);
#5403=EDGE_CURVE('',#1788,#526,#5402,.T.);
#5404=ORIENTED_EDGE('',*,*,#5403,.T.);
#5405=ORIENTED_EDGE('',*,*,#1311,.T.);
#5406=ORIENTED_EDGE('',*,*,#5391,.F.);
#5407=EDGE_LOOP('',(#5400,#5404,#5405,#5406));
#5408=FACE_OUTER_BOUND('',#5407,.T.);
#5409=AXIS2_PLACEMENT_3D('',#1789,#3206,#57);
#5410=PLANE('',#5409);
#5411=ADVANCED_FACE('',(#5408),#5410,.T.);
#5412=ORIENTED_EDGE('',*,*,#2323,.F.);
#5413=VECTOR('',#1515,1.);
#5414=LINE('',#1785,#5413);
#5415=EDGE_CURVE('',#1786,#528,#5414,.T.);
#5416=ORIENTED_EDGE('',*,*,#5415,.T.);
#5417=ORIENTED_EDGE('',*,*,#1315,.T.);
#5418=ORIENTED_EDGE('',*,*,#5403,.F.);
#5419=EDGE_LOOP('',(#5412,#5416,#5417,#5418));
#5420=FACE_OUTER_BOUND('',#5419,.T.);
#5421=AXIS2_PLACEMENT_3D('',#1787,#87,#122);
#5422=PLANE('',#5421);
#5423=ADVANCED_FACE('',(#5420),#5422,.T.);
#5424=ORIENTED_EDGE('',*,*,#2319,.F.);
#5425=VECTOR('',#1515,1.);
#5426=LINE('',#1783,#5425);
#5427=EDGE_CURVE('',#1784,#530,#5426,.T.);
#5428=ORIENTED_EDGE('',*,*,#5427,.T.);
#5429=ORIENTED_EDGE('',*,*,#1319,.T.);
#5430=ORIENTED_EDGE('',*,*,#5415,.F.);
#5431=EDGE_LOOP('',(#5424,#5428,#5429,#5430));
#5432=FACE_OUTER_BOUND('',#5431,.T.);
#5433=AXIS2_PLACEMENT_3D('',#1785,#3284,#87);
#5434=PLANE('',#5433);
#5435=ADVANCED_FACE('',(#5432),#5434,.T.);
#5436=ORIENTED_EDGE('',*,*,#2315,.F.);
#5437=VECTOR('',#1515,1.);
#5438=LINE('',#1781,#5437);
#5439=EDGE_CURVE('',#1782,#532,#5438,.T.);
#5440=ORIENTED_EDGE('',*,*,#5439,.T.);
#5441=ORIENTED_EDGE('',*,*,#1323,.T.);
#5442=ORIENTED_EDGE('',*,*,#5427,.F.);
#5443=EDGE_LOOP('',(#5436,#5440,#5441,#5442));
#5444=FACE_OUTER_BOUND('',#5443,.T.);
#5445=AXIS2_PLACEMENT_3D('',#1783,#87,#122);
#5446=PLANE('',#5445);
#5447=ADVANCED_FACE('',(#5444),#5446,.T.);
#5448=ORIENTED_EDGE('',*,*,#2311,.T.);
#5449=VECTOR('',#1515,1.);
#5450=LINE('',#1779,#5449);
#5451=EDGE_CURVE('',#1780,#534,#5450,.T.);
#5452=ORIENTED_EDGE('',*,*,#5451,.T.);
#5453=ORIENTED_EDGE('',*,*,#1327,.F.);
#5454=ORIENTED_EDGE('',*,*,#5439,.F.);
#5455=EDGE_LOOP('',(#5448,#5452,#5453,#5454));
#5456=FACE_OUTER_BOUND('',#5455,.T.);
#5457=AXIS2_PLACEMENT_3D('',#1781,#122,#3012);
#5458=PLANE('',#5457);
#5459=ADVANCED_FACE('',(#5456),#5458,.T.);
#5460=ORIENTED_EDGE('',*,*,#2307,.F.);
#5461=VECTOR('',#1515,1.);
#5462=LINE('',#1777,#5461);
#5463=EDGE_CURVE('',#1778,#536,#5462,.T.);
#5464=ORIENTED_EDGE('',*,*,#5463,.T.);
#5465=ORIENTED_EDGE('',*,*,#1331,.T.);
#5466=ORIENTED_EDGE('',*,*,#5451,.F.);
#5467=EDGE_LOOP('',(#5460,#5464,#5465,#5466));
#5468=FACE_OUTER_BOUND('',#5467,.T.);
#5469=AXIS2_PLACEMENT_3D('',#1779,#87,#122);
#5470=PLANE('',#5469);
#5471=ADVANCED_FACE('',(#5468),#5470,.T.);
#5472=ORIENTED_EDGE('',*,*,#2303,.F.);
#5473=VECTOR('',#1515,1.);
#5474=LINE('',#1775,#5473);
#5475=EDGE_CURVE('',#1776,#538,#5474,.T.);
#5476=ORIENTED_EDGE('',*,*,#5475,.T.);
#5477=ORIENTED_EDGE('',*,*,#1335,.T.);
#5478=ORIENTED_EDGE('',*,*,#5463,.F.);
#5479=EDGE_LOOP('',(#5472,#5476,#5477,#5478));
#5480=FACE_OUTER_BOUND('',#5479,.T.);
#5481=AXIS2_PLACEMENT_3D('',#1777,#3284,#87);
#5482=PLANE('',#5481);
#5483=ADVANCED_FACE('',(#5480),#5482,.T.);
#5484=ORIENTED_EDGE('',*,*,#2299,.F.);
#5485=VECTOR('',#1515,1.);
#5486=LINE('',#1773,#5485);
#5487=EDGE_CURVE('',#1774,#540,#5486,.T.);
#5488=ORIENTED_EDGE('',*,*,#5487,.T.);
#5489=ORIENTED_EDGE('',*,*,#1339,.T.);
#5490=ORIENTED_EDGE('',*,*,#5475,.F.);
#5491=EDGE_LOOP('',(#5484,#5488,#5489,#5490));
#5492=FACE_OUTER_BOUND('',#5491,.T.);
#5493=AXIS2_PLACEMENT_3D('',#1775,#87,#122);
#5494=PLANE('',#5493);
#5495=ADVANCED_FACE('',(#5492),#5494,.T.);
#5496=ORIENTED_EDGE('',*,*,#2295,.T.);
#5497=VECTOR('',#1515,1.);
#5498=LINE('',#1771,#5497);
#5499=EDGE_CURVE('',#1772,#542,#5498,.T.);
#5500=ORIENTED_EDGE('',*,*,#5499,.T.);
#5501=ORIENTED_EDGE('',*,*,#1343,.F.);
#5502=ORIENTED_EDGE('',*,*,#5487,.F.);
#5503=EDGE_LOOP('',(#5496,#5500,#5501,#5502));
#5504=FACE_OUTER_BOUND('',#5503,.T.);
#5505=AXIS2_PLACEMENT_3D('',#1773,#122,#3012);
#5506=PLANE('',#5505);
#5507=ADVANCED_FACE('',(#5504),#5506,.T.);
#5508=ORIENTED_EDGE('',*,*,#2291,.F.);
#5509=VECTOR('',#1515,1.);
#5510=LINE('',#1769,#5509);
#5511=EDGE_CURVE('',#1770,#544,#5510,.T.);
#5512=ORIENTED_EDGE('',*,*,#5511,.T.);
#5513=ORIENTED_EDGE('',*,*,#1347,.T.);
#5514=ORIENTED_EDGE('',*,*,#5499,.F.);
#5515=EDGE_LOOP('',(#5508,#5512,#5513,#5514));
#5516=FACE_OUTER_BOUND('',#5515,.T.);
#5517=AXIS2_PLACEMENT_3D('',#1771,#87,#122);
#5518=PLANE('',#5517);
#5519=ADVANCED_FACE('',(#5516),#5518,.T.);
#5520=ORIENTED_EDGE('',*,*,#2287,.F.);
#5521=VECTOR('',#1515,1.);
#5522=LINE('',#1767,#5521);
#5523=EDGE_CURVE('',#1768,#546,#5522,.T.);
#5524=ORIENTED_EDGE('',*,*,#5523,.T.);
#5525=ORIENTED_EDGE('',*,*,#1351,.T.);
#5526=ORIENTED_EDGE('',*,*,#5511,.F.);
#5527=EDGE_LOOP('',(#5520,#5524,#5525,#5526));
#5528=FACE_OUTER_BOUND('',#5527,.T.);
#5529=AXIS2_PLACEMENT_3D('',#1769,#3284,#87);
#5530=PLANE('',#5529);
#5531=ADVANCED_FACE('',(#5528),#5530,.T.);
#5532=ORIENTED_EDGE('',*,*,#2283,.F.);
#5533=VECTOR('',#1515,1.);
#5534=LINE('',#1765,#5533);
#5535=EDGE_CURVE('',#1766,#548,#5534,.T.);
#5536=ORIENTED_EDGE('',*,*,#5535,.T.);
#5537=ORIENTED_EDGE('',*,*,#1355,.T.);
#5538=ORIENTED_EDGE('',*,*,#5523,.F.);
#5539=EDGE_LOOP('',(#5532,#5536,#5537,#5538));
#5540=FACE_OUTER_BOUND('',#5539,.T.);
#5541=AXIS2_PLACEMENT_3D('',#1767,#87,#122);
#5542=PLANE('',#5541);
#5543=ADVANCED_FACE('',(#5540),#5542,.T.);
#5544=ORIENTED_EDGE('',*,*,#2279,.T.);
#5545=VECTOR('',#1515,1.);
#5546=LINE('',#1763,#5545);
#5547=EDGE_CURVE('',#1764,#550,#5546,.T.);
#5548=ORIENTED_EDGE('',*,*,#5547,.T.);
#5549=ORIENTED_EDGE('',*,*,#1359,.F.);
#5550=ORIENTED_EDGE('',*,*,#5535,.F.);
#5551=EDGE_LOOP('',(#5544,#5548,#5549,#5550));
#5552=FACE_OUTER_BOUND('',#5551,.T.);
#5553=AXIS2_PLACEMENT_3D('',#1765,#122,#3012);
#5554=PLANE('',#5553);
#5555=ADVANCED_FACE('',(#5552),#5554,.T.);
#5556=ORIENTED_EDGE('',*,*,#2275,.F.);
#5557=VECTOR('',#1515,1.);
#5558=LINE('',#1761,#5557);
#5559=EDGE_CURVE('',#1762,#552,#5558,.T.);
#5560=ORIENTED_EDGE('',*,*,#5559,.T.);
#5561=ORIENTED_EDGE('',*,*,#1363,.T.);
#5562=ORIENTED_EDGE('',*,*,#5547,.F.);
#5563=EDGE_LOOP('',(#5556,#5560,#5561,#5562));
#5564=FACE_OUTER_BOUND('',#5563,.T.);
#5565=AXIS2_PLACEMENT_3D('',#1763,#87,#122);
#5566=PLANE('',#5565);
#5567=ADVANCED_FACE('',(#5564),#5566,.T.);
#5568=ORIENTED_EDGE('',*,*,#2271,.F.);
#5569=VECTOR('',#1515,1.);
#5570=LINE('',#1759,#5569);
#5571=EDGE_CURVE('',#1760,#554,#5570,.T.);
#5572=ORIENTED_EDGE('',*,*,#5571,.T.);
#5573=ORIENTED_EDGE('',*,*,#1367,.T.);
#5574=ORIENTED_EDGE('',*,*,#5559,.F.);
#5575=EDGE_LOOP('',(#5568,#5572,#5573,#5574));
#5576=FACE_OUTER_BOUND('',#5575,.T.);
#5577=AXIS2_PLACEMENT_3D('',#1761,#3284,#87);
#5578=PLANE('',#5577);
#5579=ADVANCED_FACE('',(#5576),#5578,.T.);
#5580=ORIENTED_EDGE('',*,*,#2267,.F.);
#5581=VECTOR('',#1515,1.);
#5582=LINE('',#1757,#5581);
#5583=EDGE_CURVE('',#1758,#556,#5582,.T.);
#5584=ORIENTED_EDGE('',*,*,#5583,.T.);
#5585=ORIENTED_EDGE('',*,*,#1371,.T.);
#5586=ORIENTED_EDGE('',*,*,#5571,.F.);
#5587=EDGE_LOOP('',(#5580,#5584,#5585,#5586));
#5588=FACE_OUTER_BOUND('',#5587,.T.);
#5589=AXIS2_PLACEMENT_3D('',#1759,#87,#122);
#5590=PLANE('',#5589);
#5591=ADVANCED_FACE('',(#5588),#5590,.T.);
#5592=ORIENTED_EDGE('',*,*,#2263,.T.);
#5593=VECTOR('',#1515,1.);
#5594=LINE('',#1755,#5593);
#5595=EDGE_CURVE('',#1756,#558,#5594,.T.);
#5596=ORIENTED_EDGE('',*,*,#5595,.T.);
#5597=ORIENTED_EDGE('',*,*,#1375,.F.);
#5598=ORIENTED_EDGE('',*,*,#5583,.F.);
#5599=EDGE_LOOP('',(#5592,#5596,#5597,#5598));
#5600=FACE_OUTER_BOUND('',#5599,.T.);
#5601=AXIS2_PLACEMENT_3D('',#1757,#122,#3012);
#5602=PLANE('',#5601);
#5603=ADVANCED_FACE('',(#5600),#5602,.T.);
#5604=ORIENTED_EDGE('',*,*,#2259,.F.);
#5605=VECTOR('',#1515,1.);
#5606=LINE('',#1753,#5605);
#5607=EDGE_CURVE('',#1754,#560,#5606,.T.);
#5608=ORIENTED_EDGE('',*,*,#5607,.T.);
#5609=ORIENTED_EDGE('',*,*,#1379,.T.);
#5610=ORIENTED_EDGE('',*,*,#5595,.F.);
#5611=EDGE_LOOP('',(#5604,#5608,#5609,#5610));
#5612=FACE_OUTER_BOUND('',#5611,.T.);
#5613=AXIS2_PLACEMENT_3D('',#1755,#87,#122);
#5614=PLANE('',#5613);
#5615=ADVANCED_FACE('',(#5612),#5614,.T.);
#5616=ORIENTED_EDGE('',*,*,#2255,.F.);
#5617=VECTOR('',#1515,1.);
#5618=LINE('',#1751,#5617);
#5619=EDGE_CURVE('',#1752,#562,#5618,.T.);
#5620=ORIENTED_EDGE('',*,*,#5619,.T.);
#5621=ORIENTED_EDGE('',*,*,#1383,.T.);
#5622=ORIENTED_EDGE('',*,*,#5607,.F.);
#5623=EDGE_LOOP('',(#5616,#5620,#5621,#5622));
#5624=FACE_OUTER_BOUND('',#5623,.T.);
#5625=AXIS2_PLACEMENT_3D('',#1753,#3284,#87);
#5626=PLANE('',#5625);
#5627=ADVANCED_FACE('',(#5624),#5626,.T.);
#5628=ORIENTED_EDGE('',*,*,#2251,.F.);
#5629=VECTOR('',#1515,1.);
#5630=LINE('',#1749,#5629);
#5631=EDGE_CURVE('',#1750,#564,#5630,.T.);
#5632=ORIENTED_EDGE('',*,*,#5631,.T.);
#5633=ORIENTED_EDGE('',*,*,#1387,.T.);
#5634=ORIENTED_EDGE('',*,*,#5619,.F.);
#5635=EDGE_LOOP('',(#5628,#5632,#5633,#5634));
#5636=FACE_OUTER_BOUND('',#5635,.T.);
#5637=AXIS2_PLACEMENT_3D('',#1751,#87,#122);
#5638=PLANE('',#5637);
#5639=ADVANCED_FACE('',(#5636),#5638,.T.);
#5640=ORIENTED_EDGE('',*,*,#2247,.T.);
#5641=VECTOR('',#1515,1.);
#5642=LINE('',#1747,#5641);
#5643=EDGE_CURVE('',#1748,#566,#5642,.T.);
#5644=ORIENTED_EDGE('',*,*,#5643,.T.);
#5645=ORIENTED_EDGE('',*,*,#1391,.F.);
#5646=ORIENTED_EDGE('',*,*,#5631,.F.);
#5647=EDGE_LOOP('',(#5640,#5644,#5645,#5646));
#5648=FACE_OUTER_BOUND('',#5647,.T.);
#5649=AXIS2_PLACEMENT_3D('',#1749,#122,#3012);
#5650=PLANE('',#5649);
#5651=ADVANCED_FACE('',(#5648),#5650,.T.);
#5652=ORIENTED_EDGE('',*,*,#2243,.F.);
#5653=VECTOR('',#1515,1.);
#5654=LINE('',#1745,#5653);
#5655=EDGE_CURVE('',#1746,#568,#5654,.T.);
#5656=ORIENTED_EDGE('',*,*,#5655,.T.);
#5657=ORIENTED_EDGE('',*,*,#1395,.T.);
#5658=ORIENTED_EDGE('',*,*,#5643,.F.);
#5659=EDGE_LOOP('',(#5652,#5656,#5657,#5658));
#5660=FACE_OUTER_BOUND('',#5659,.T.);
#5661=AXIS2_PLACEMENT_3D('',#1747,#87,#122);
#5662=PLANE('',#5661);
#5663=ADVANCED_FACE('',(#5660),#5662,.T.);
#5664=ORIENTED_EDGE('',*,*,#2239,.F.);
#5665=VECTOR('',#1515,1.);
#5666=LINE('',#1743,#5665);
#5667=EDGE_CURVE('',#1744,#570,#5666,.T.);
#5668=ORIENTED_EDGE('',*,*,#5667,.T.);
#5669=ORIENTED_EDGE('',*,*,#1399,.T.);
#5670=ORIENTED_EDGE('',*,*,#5655,.F.);
#5671=EDGE_LOOP('',(#5664,#5668,#5669,#5670));
#5672=FACE_OUTER_BOUND('',#5671,.T.);
#5673=AXIS2_PLACEMENT_3D('',#1745,#3284,#87);
#5674=PLANE('',#5673);
#5675=ADVANCED_FACE('',(#5672),#5674,.T.);
#5676=ORIENTED_EDGE('',*,*,#2235,.F.);
#5677=VECTOR('',#1515,1.);
#5678=LINE('',#1741,#5677);
#5679=EDGE_CURVE('',#1742,#572,#5678,.T.);
#5680=ORIENTED_EDGE('',*,*,#5679,.T.);
#5681=ORIENTED_EDGE('',*,*,#1403,.T.);
#5682=ORIENTED_EDGE('',*,*,#5667,.F.);
#5683=EDGE_LOOP('',(#5676,#5680,#5681,#5682));
#5684=FACE_OUTER_BOUND('',#5683,.T.);
#5685=AXIS2_PLACEMENT_3D('',#1743,#87,#122);
#5686=PLANE('',#5685);
#5687=ADVANCED_FACE('',(#5684),#5686,.T.);
#5688=ORIENTED_EDGE('',*,*,#2231,.T.);
#5689=VECTOR('',#1515,1.);
#5690=LINE('',#1739,#5689);
#5691=EDGE_CURVE('',#1740,#574,#5690,.T.);
#5692=ORIENTED_EDGE('',*,*,#5691,.T.);
#5693=ORIENTED_EDGE('',*,*,#1407,.F.);
#5694=ORIENTED_EDGE('',*,*,#5679,.F.);
#5695=EDGE_LOOP('',(#5688,#5692,#5693,#5694));
#5696=FACE_OUTER_BOUND('',#5695,.T.);
#5697=AXIS2_PLACEMENT_3D('',#1741,#122,#3012);
#5698=PLANE('',#5697);
#5699=ADVANCED_FACE('',(#5696),#5698,.T.);
#5700=ORIENTED_EDGE('',*,*,#2227,.F.);
#5701=VECTOR('',#1515,1.);
#5702=LINE('',#1737,#5701);
#5703=EDGE_CURVE('',#1738,#576,#5702,.T.);
#5704=ORIENTED_EDGE('',*,*,#5703,.T.);
#5705=ORIENTED_EDGE('',*,*,#1411,.T.);
#5706=ORIENTED_EDGE('',*,*,#5691,.F.);
#5707=EDGE_LOOP('',(#5700,#5704,#5705,#5706));
#5708=FACE_OUTER_BOUND('',#5707,.T.);
#5709=AXIS2_PLACEMENT_3D('',#1739,#87,#122);
#5710=PLANE('',#5709);
#5711=ADVANCED_FACE('',(#5708),#5710,.T.);
#5712=ORIENTED_EDGE('',*,*,#2223,.F.);
#5713=VECTOR('',#1515,1.);
#5714=LINE('',#1735,#5713);
#5715=EDGE_CURVE('',#1736,#578,#5714,.T.);
#5716=ORIENTED_EDGE('',*,*,#5715,.T.);
#5717=ORIENTED_EDGE('',*,*,#1415,.T.);
#5718=ORIENTED_EDGE('',*,*,#5703,.F.);
#5719=EDGE_LOOP('',(#5712,#5716,#5717,#5718));
#5720=FACE_OUTER_BOUND('',#5719,.T.);
#5721=AXIS2_PLACEMENT_3D('',#1737,#3284,#87);
#5722=PLANE('',#5721);
#5723=ADVANCED_FACE('',(#5720),#5722,.T.);
#5724=ORIENTED_EDGE('',*,*,#2219,.F.);
#5725=VECTOR('',#1515,1.);
#5726=LINE('',#1733,#5725);
#5727=EDGE_CURVE('',#1734,#580,#5726,.T.);
#5728=ORIENTED_EDGE('',*,*,#5727,.T.);
#5729=ORIENTED_EDGE('',*,*,#1419,.T.);
#5730=ORIENTED_EDGE('',*,*,#5715,.F.);
#5731=EDGE_LOOP('',(#5724,#5728,#5729,#5730));
#5732=FACE_OUTER_BOUND('',#5731,.T.);
#5733=AXIS2_PLACEMENT_3D('',#1735,#87,#122);
#5734=PLANE('',#5733);
#5735=ADVANCED_FACE('',(#5732),#5734,.T.);
#5736=ORIENTED_EDGE('',*,*,#2215,.T.);
#5737=VECTOR('',#1515,1.);
#5738=LINE('',#1731,#5737);
#5739=EDGE_CURVE('',#1732,#582,#5738,.T.);
#5740=ORIENTED_EDGE('',*,*,#5739,.T.);
#5741=ORIENTED_EDGE('',*,*,#1423,.F.);
#5742=ORIENTED_EDGE('',*,*,#5727,.F.);
#5743=EDGE_LOOP('',(#5736,#5740,#5741,#5742));
#5744=FACE_OUTER_BOUND('',#5743,.T.);
#5745=AXIS2_PLACEMENT_3D('',#1733,#122,#3012);
#5746=PLANE('',#5745);
#5747=ADVANCED_FACE('',(#5744),#5746,.T.);
#5748=ORIENTED_EDGE('',*,*,#2211,.F.);
#5749=VECTOR('',#1515,1.);
#5750=LINE('',#1729,#5749);
#5751=EDGE_CURVE('',#1730,#584,#5750,.T.);
#5752=ORIENTED_EDGE('',*,*,#5751,.T.);
#5753=ORIENTED_EDGE('',*,*,#1427,.T.);
#5754=ORIENTED_EDGE('',*,*,#5739,.F.);
#5755=EDGE_LOOP('',(#5748,#5752,#5753,#5754));
#5756=FACE_OUTER_BOUND('',#5755,.T.);
#5757=AXIS2_PLACEMENT_3D('',#1731,#87,#122);
#5758=PLANE('',#5757);
#5759=ADVANCED_FACE('',(#5756),#5758,.T.);
#5760=ORIENTED_EDGE('',*,*,#2207,.F.);
#5761=VECTOR('',#1515,1.);
#5762=LINE('',#1727,#5761);
#5763=EDGE_CURVE('',#1728,#586,#5762,.T.);
#5764=ORIENTED_EDGE('',*,*,#5763,.T.);
#5765=ORIENTED_EDGE('',*,*,#1431,.T.);
#5766=ORIENTED_EDGE('',*,*,#5751,.F.);
#5767=EDGE_LOOP('',(#5760,#5764,#5765,#5766));
#5768=FACE_OUTER_BOUND('',#5767,.T.);
#5769=AXIS2_PLACEMENT_3D('',#1729,#3284,#87);
#5770=PLANE('',#5769);
#5771=ADVANCED_FACE('',(#5768),#5770,.T.);
#5772=ORIENTED_EDGE('',*,*,#2203,.F.);
#5773=VECTOR('',#1515,1.);
#5774=LINE('',#1725,#5773);
#5775=EDGE_CURVE('',#1726,#588,#5774,.T.);
#5776=ORIENTED_EDGE('',*,*,#5775,.T.);
#5777=ORIENTED_EDGE('',*,*,#1435,.T.);
#5778=ORIENTED_EDGE('',*,*,#5763,.F.);
#5779=EDGE_LOOP('',(#5772,#5776,#5777,#5778));
#5780=FACE_OUTER_BOUND('',#5779,.T.);
#5781=AXIS2_PLACEMENT_3D('',#1727,#87,#122);
#5782=PLANE('',#5781);
#5783=ADVANCED_FACE('',(#5780),#5782,.T.);
#5784=ORIENTED_EDGE('',*,*,#2199,.T.);
#5785=VECTOR('',#1515,1.);
#5786=LINE('',#1723,#5785);
#5787=EDGE_CURVE('',#1724,#590,#5786,.T.);
#5788=ORIENTED_EDGE('',*,*,#5787,.T.);
#5789=ORIENTED_EDGE('',*,*,#1439,.F.);
#5790=ORIENTED_EDGE('',*,*,#5775,.F.);
#5791=EDGE_LOOP('',(#5784,#5788,#5789,#5790));
#5792=FACE_OUTER_BOUND('',#5791,.T.);
#5793=AXIS2_PLACEMENT_3D('',#1725,#122,#3012);
#5794=PLANE('',#5793);
#5795=ADVANCED_FACE('',(#5792),#5794,.T.);
#5796=ORIENTED_EDGE('',*,*,#2195,.F.);
#5797=VECTOR('',#1515,1.);
#5798=LINE('',#1721,#5797);
#5799=EDGE_CURVE('',#1722,#592,#5798,.T.);
#5800=ORIENTED_EDGE('',*,*,#5799,.T.);
#5801=ORIENTED_EDGE('',*,*,#1443,.T.);
#5802=ORIENTED_EDGE('',*,*,#5787,.F.);
#5803=EDGE_LOOP('',(#5796,#5800,#5801,#5802));
#5804=FACE_OUTER_BOUND('',#5803,.T.);
#5805=AXIS2_PLACEMENT_3D('',#1723,#87,#122);
#5806=PLANE('',#5805);
#5807=ADVANCED_FACE('',(#5804),#5806,.T.);
#5808=ORIENTED_EDGE('',*,*,#2191,.F.);
#5809=VECTOR('',#1515,1.);
#5810=LINE('',#1719,#5809);
#5811=EDGE_CURVE('',#1720,#594,#5810,.T.);
#5812=ORIENTED_EDGE('',*,*,#5811,.T.);
#5813=ORIENTED_EDGE('',*,*,#1447,.T.);
#5814=ORIENTED_EDGE('',*,*,#5799,.F.);
#5815=EDGE_LOOP('',(#5808,#5812,#5813,#5814));
#5816=FACE_OUTER_BOUND('',#5815,.T.);
#5817=AXIS2_PLACEMENT_3D('',#1721,#3284,#87);
#5818=PLANE('',#5817);
#5819=ADVANCED_FACE('',(#5816),#5818,.T.);
#5820=ORIENTED_EDGE('',*,*,#2187,.F.);
#5821=VECTOR('',#1515,1.);
#5822=LINE('',#1717,#5821);
#5823=EDGE_CURVE('',#1718,#596,#5822,.T.);
#5824=ORIENTED_EDGE('',*,*,#5823,.T.);
#5825=ORIENTED_EDGE('',*,*,#1451,.T.);
#5826=ORIENTED_EDGE('',*,*,#5811,.F.);
#5827=EDGE_LOOP('',(#5820,#5824,#5825,#5826));
#5828=FACE_OUTER_BOUND('',#5827,.T.);
#5829=AXIS2_PLACEMENT_3D('',#1719,#87,#122);
#5830=PLANE('',#5829);
#5831=ADVANCED_FACE('',(#5828),#5830,.T.);
#5832=ORIENTED_EDGE('',*,*,#2183,.T.);
#5833=VECTOR('',#1515,1.);
#5834=LINE('',#1715,#5833);
#5835=EDGE_CURVE('',#1716,#598,#5834,.T.);
#5836=ORIENTED_EDGE('',*,*,#5835,.T.);
#5837=ORIENTED_EDGE('',*,*,#1455,.F.);
#5838=ORIENTED_EDGE('',*,*,#5823,.F.);
#5839=EDGE_LOOP('',(#5832,#5836,#5837,#5838));
#5840=FACE_OUTER_BOUND('',#5839,.T.);
#5841=AXIS2_PLACEMENT_3D('',#1717,#122,#3012);
#5842=PLANE('',#5841);
#5843=ADVANCED_FACE('',(#5840),#5842,.T.);
#5844=ORIENTED_EDGE('',*,*,#2179,.F.);
#5845=VECTOR('',#1515,1.);
#5846=LINE('',#1713,#5845);
#5847=EDGE_CURVE('',#1714,#600,#5846,.T.);
#5848=ORIENTED_EDGE('',*,*,#5847,.T.);
#5849=ORIENTED_EDGE('',*,*,#1459,.T.);
#5850=ORIENTED_EDGE('',*,*,#5835,.F.);
#5851=EDGE_LOOP('',(#5844,#5848,#5849,#5850));
#5852=FACE_OUTER_BOUND('',#5851,.T.);
#5853=AXIS2_PLACEMENT_3D('',#1715,#87,#122);
#5854=PLANE('',#5853);
#5855=ADVANCED_FACE('',(#5852),#5854,.T.);
#5856=ORIENTED_EDGE('',*,*,#2175,.F.);
#5857=VECTOR('',#1515,1.);
#5858=LINE('',#1711,#5857);
#5859=EDGE_CURVE('',#1712,#602,#5858,.T.);
#5860=ORIENTED_EDGE('',*,*,#5859,.T.);
#5861=ORIENTED_EDGE('',*,*,#1463,.T.);
#5862=ORIENTED_EDGE('',*,*,#5847,.F.);
#5863=EDGE_LOOP('',(#5856,#5860,#5861,#5862));
#5864=FACE_OUTER_BOUND('',#5863,.T.);
#5865=AXIS2_PLACEMENT_3D('',#1713,#3284,#87);
#5866=PLANE('',#5865);
#5867=ADVANCED_FACE('',(#5864),#5866,.T.);
#5868=ORIENTED_EDGE('',*,*,#2171,.F.);
#5869=VECTOR('',#1515,1.);
#5870=LINE('',#1709,#5869);
#5871=EDGE_CURVE('',#1710,#604,#5870,.T.);
#5872=ORIENTED_EDGE('',*,*,#5871,.T.);
#5873=ORIENTED_EDGE('',*,*,#1467,.T.);
#5874=ORIENTED_EDGE('',*,*,#5859,.F.);
#5875=EDGE_LOOP('',(#5868,#5872,#5873,#5874));
#5876=FACE_OUTER_BOUND('',#5875,.T.);
#5877=AXIS2_PLACEMENT_3D('',#1711,#87,#122);
#5878=PLANE('',#5877);
#5879=ADVANCED_FACE('',(#5876),#5878,.T.);
#5880=ORIENTED_EDGE('',*,*,#2167,.T.);
#5881=VECTOR('',#1515,1.);
#5882=LINE('',#1707,#5881);
#5883=EDGE_CURVE('',#1708,#606,#5882,.T.);
#5884=ORIENTED_EDGE('',*,*,#5883,.T.);
#5885=ORIENTED_EDGE('',*,*,#1471,.F.);
#5886=ORIENTED_EDGE('',*,*,#5871,.F.);
#5887=EDGE_LOOP('',(#5880,#5884,#5885,#5886));
#5888=FACE_OUTER_BOUND('',#5887,.T.);
#5889=AXIS2_PLACEMENT_3D('',#1709,#122,#3012);
#5890=PLANE('',#5889);
#5891=ADVANCED_FACE('',(#5888),#5890,.T.);
#5892=ORIENTED_EDGE('',*,*,#2163,.F.);
#5893=VECTOR('',#1515,1.);
#5894=LINE('',#1705,#5893);
#5895=EDGE_CURVE('',#1706,#608,#5894,.T.);
#5896=ORIENTED_EDGE('',*,*,#5895,.T.);
#5897=ORIENTED_EDGE('',*,*,#1475,.T.);
#5898=ORIENTED_EDGE('',*,*,#5883,.F.);
#5899=EDGE_LOOP('',(#5892,#5896,#5897,#5898));
#5900=FACE_OUTER_BOUND('',#5899,.T.);
#5901=AXIS2_PLACEMENT_3D('',#1707,#87,#122);
#5902=PLANE('',#5901);
#5903=ADVANCED_FACE('',(#5900),#5902,.T.);
#5904=ORIENTED_EDGE('',*,*,#2159,.F.);
#5905=VECTOR('',#1515,1.);
#5906=LINE('',#1703,#5905);
#5907=EDGE_CURVE('',#1704,#610,#5906,.T.);
#5908=ORIENTED_EDGE('',*,*,#5907,.T.);
#5909=ORIENTED_EDGE('',*,*,#1479,.T.);
#5910=ORIENTED_EDGE('',*,*,#5895,.F.);
#5911=EDGE_LOOP('',(#5904,#5908,#5909,#5910));
#5912=FACE_OUTER_BOUND('',#5911,.T.);
#5913=AXIS2_PLACEMENT_3D('',#1705,#3284,#87);
#5914=PLANE('',#5913);
#5915=ADVANCED_FACE('',(#5912),#5914,.T.);
#5916=ORIENTED_EDGE('',*,*,#2155,.F.);
#5917=VECTOR('',#1515,1.);
#5918=LINE('',#1701,#5917);
#5919=EDGE_CURVE('',#1702,#612,#5918,.T.);
#5920=ORIENTED_EDGE('',*,*,#5919,.T.);
#5921=ORIENTED_EDGE('',*,*,#1483,.T.);
#5922=ORIENTED_EDGE('',*,*,#5907,.F.);
#5923=EDGE_LOOP('',(#5916,#5920,#5921,#5922));
#5924=FACE_OUTER_BOUND('',#5923,.T.);
#5925=AXIS2_PLACEMENT_3D('',#1703,#87,#122);
#5926=PLANE('',#5925);
#5927=ADVANCED_FACE('',(#5924),#5926,.T.);
#5928=ORIENTED_EDGE('',*,*,#2151,.T.);
#5929=VECTOR('',#1515,1.);
#5930=LINE('',#1699,#5929);
#5931=EDGE_CURVE('',#1700,#614,#5930,.T.);
#5932=ORIENTED_EDGE('',*,*,#5931,.T.);
#5933=ORIENTED_EDGE('',*,*,#1487,.F.);
#5934=ORIENTED_EDGE('',*,*,#5919,.F.);
#5935=EDGE_LOOP('',(#5928,#5932,#5933,#5934));
#5936=FACE_OUTER_BOUND('',#5935,.T.);
#5937=AXIS2_PLACEMENT_3D('',#1701,#122,#3012);
#5938=PLANE('',#5937);
#5939=ADVANCED_FACE('',(#5936),#5938,.T.);
#5940=ORIENTED_EDGE('',*,*,#2147,.F.);
#5941=VECTOR('',#1515,1.);
#5942=LINE('',#1697,#5941);
#5943=EDGE_CURVE('',#1698,#616,#5942,.T.);
#5944=ORIENTED_EDGE('',*,*,#5943,.T.);
#5945=ORIENTED_EDGE('',*,*,#1491,.T.);
#5946=ORIENTED_EDGE('',*,*,#5931,.F.);
#5947=EDGE_LOOP('',(#5940,#5944,#5945,#5946));
#5948=FACE_OUTER_BOUND('',#5947,.T.);
#5949=AXIS2_PLACEMENT_3D('',#1699,#87,#122);
#5950=PLANE('',#5949);
#5951=ADVANCED_FACE('',(#5948),#5950,.T.);
#5952=ORIENTED_EDGE('',*,*,#2143,.F.);
#5953=VECTOR('',#1515,1.);
#5954=LINE('',#1695,#5953);
#5955=EDGE_CURVE('',#1696,#618,#5954,.T.);
#5956=ORIENTED_EDGE('',*,*,#5955,.T.);
#5957=ORIENTED_EDGE('',*,*,#1495,.T.);
#5958=ORIENTED_EDGE('',*,*,#5943,.F.);
#5959=EDGE_LOOP('',(#5952,#5956,#5957,#5958));
#5960=FACE_OUTER_BOUND('',#5959,.T.);
#5961=AXIS2_PLACEMENT_3D('',#1697,#3284,#87);
#5962=PLANE('',#5961);
#5963=ADVANCED_FACE('',(#5960),#5962,.T.);
#5964=ORIENTED_EDGE('',*,*,#2139,.F.);
#5965=VECTOR('',#1515,1.);
#5966=LINE('',#1693,#5965);
#5967=EDGE_CURVE('',#1694,#620,#5966,.T.);
#5968=ORIENTED_EDGE('',*,*,#5967,.T.);
#5969=ORIENTED_EDGE('',*,*,#1499,.T.);
#5970=ORIENTED_EDGE('',*,*,#5955,.F.);
#5971=EDGE_LOOP('',(#5964,#5968,#5969,#5970));
#5972=FACE_OUTER_BOUND('',#5971,.T.);
#5973=AXIS2_PLACEMENT_3D('',#1695,#87,#122);
#5974=PLANE('',#5973);
#5975=ADVANCED_FACE('',(#5972),#5974,.T.);
#5976=ORIENTED_EDGE('',*,*,#2135,.T.);
#5977=VECTOR('',#1515,1.);
#5978=LINE('',#1691,#5977);
#5979=EDGE_CURVE('',#1692,#622,#5978,.T.);
#5980=ORIENTED_EDGE('',*,*,#5979,.T.);
#5981=ORIENTED_EDGE('',*,*,#1503,.F.);
#5982=ORIENTED_EDGE('',*,*,#5967,.F.);
#5983=EDGE_LOOP('',(#5976,#5980,#5981,#5982));
#5984=FACE_OUTER_BOUND('',#5983,.T.);
#5985=AXIS2_PLACEMENT_3D('',#1693,#122,#3012);
#5986=PLANE('',#5985);
#5987=ADVANCED_FACE('',(#5984),#5986,.T.);
#5988=ORIENTED_EDGE('',*,*,#2131,.F.);
#5989=VECTOR('',#1515,1.);
#5990=LINE('',#1689,#5989);
#5991=EDGE_CURVE('',#1690,#624,#5990,.T.);
#5992=ORIENTED_EDGE('',*,*,#5991,.T.);
#5993=ORIENTED_EDGE('',*,*,#1507,.T.);
#5994=ORIENTED_EDGE('',*,*,#5979,.F.);
#5995=EDGE_LOOP('',(#5988,#5992,#5993,#5994));
#5996=FACE_OUTER_BOUND('',#5995,.T.);
#5997=AXIS2_PLACEMENT_3D('',#1691,#87,#122);
#5998=PLANE('',#5997);
#5999=ADVANCED_FACE('',(#5996),#5998,.T.);
#6000=ORIENTED_EDGE('',*,*,#3007,.F.);
#6001=ORIENTED_EDGE('',*,*,#3377,.T.);
#6002=ORIENTED_EDGE('',*,*,#1511,.T.);
#6003=ORIENTED_EDGE('',*,*,#5991,.F.);
#6004=EDGE_LOOP('',(#6000,#6001,#6002,#6003));
#6005=FACE_OUTER_BOUND('',#6004,.T.);
#6006=AXIS2_PLACEMENT_3D('',#1689,#82,#117);
#6007=PLANE('',#6006);
#6008=ADVANCED_FACE('',(#6005),#6007,.T.);
#6009=CLOSED_SHELL('',(#1518,#3015,#3031,#3044,#3058,#3072,#3085,#3098,#3110,#3122,#3134,#3147,#3160,#3172,#3184,#3196,#3209,#3222,#3235,#3248,#3261,#3274,#3287,#3299,#3311,#3323,#3335,#3347,#3359,#3368,#3383,#3395,#3407,#3419,#3431,#3443,#3455,#3467,#3479,#3491,#3503,#3515,#3527,#3539,#3551,#3563,#3575,#3587,#3599,#3611,#3623,#3635,#3647,#3659,#3671,#3683,#3695,#3707,#3719,#3731,#3743,#3755,#3767,#3779,#3791,#3803,#3815,#3827,#3839,#3851,#3863,#3875,#3887,#3899,#3911,#3923,#3935,#3947,#3959,#3971,#3983,#3995,#4007,#4019,#4031,#4043,#4055,#4067,#4079,#4091,#4103,#4115,#4127,#4139,#4151,#4163,#4175,#4187,#4199,#4211,#4223,#4235,#4247,#4259,#4271,#4283,#4295,#4307,#4319,#4331,#4343,#4355,#4367,#4379,#4391,#4403,#4415,#4427,#4439,#4451,#4463,#4475,#4487,#4499,#4511,#4523,#4535,#4547,#4559,#4571,#4583,#4595,#4607,#4619,#4631,#4643,#4655,#4667,#4679,#4691,#4703,#4715,#4727,#4739,#4751,#4763,#4775,#4787,#4799,#4811,#4823,#4835,#4847,#4859,#4871,#4883,#4895,#4907,#4919,#4931,#4943,#4955,#4967,#4979,#4991,#5003,#5015,#5027,#5039,#5051,#5063,#5075,#5087,#5099,#5111,#5123,#5135,#5147,#5159,#5171,#5183,#5195,#5207,#5219,#5231,#5243,#5255,#5267,#5279,#5291,#5303,#5315,#5327,#5339,#5351,#5363,#5375,#5387,#5399,#5411,#5423,#5435,#5447,#5459,#5471,#5483,#5495,#5507,#5519,#5531,#5543,#5555,#5567,#5579,#5591,#5603,#5615,#5627,#5639,#5651,#5663,#5675,#5687,#5699,#5711,#5723,#5735,#5747,#5759,#5771,#5783,#5795,#5807,#5819,#5831,#5843,#5855,#5867,#5879,#5891,#5903,#5915,#5927,#5939,#5951,#5963,#5975,#5987,#5999,#6008));
#6010=MANIFOLD_SOLID_BREP('tile_upper',#6009);
#6011=CARTESIAN_POINT('',(-5.333,-10.176,3.3));
#6012=VERTEX_POINT('',#6011);
#6013=CARTESIAN_POINT('',(-4.827,-10.176,3.3));
#6014=VERTEX_POINT('',#6013);
#6015=VECTOR('',#122,1.);
#6016=LINE('',#6011,#6015);
#6017=EDGE_CURVE('',#6012,#6014,#6016,.T.);
#6018=ORIENTED_EDGE('',*,*,#6017,.T.);
#6019=VECTOR('',#87,1.);
#6020=LINE('',#6013,#6019);
#6021=EDGE_CURVE('',#6014,#1700,#6020,.T.);
#6022=ORIENTED_EDGE('',*,*,#6021,.T.);
#6023=ORIENTED_EDGE('',*,*,#2147,.F.);
#6024=VECTOR('',#87,1.);
#6025=LINE('',#6011,#6024);
#6026=EDGE_CURVE('',#6012,#1698,#6025,.T.);
#6027=ORIENTED_EDGE('',*,*,#6026,.F.);
#6028=EDGE_LOOP('',(#6018,#6022,#6023,#6027));
#6029=FACE_OUTER_BOUND('',#6028,.T.);
#6030=AXIS2_PLACEMENT_3D('',#6011,#1515,#87);
#6031=PLANE('',#6030);
#6032=ADVANCED_FACE('',(#6029),#6031,.T.);
#6033=CARTESIAN_POINT('',(-5.333,-7.4,2.9));
#6034=VERTEX_POINT('',#6033);
#6035=CARTESIAN_POINT('',(-4.827,-7.4,2.9));
#6036=VERTEX_POINT('',#6035);
#6037=CARTESIAN_POINT('',(-4.827,-10.176,2.9));
#6038=VERTEX_POINT('',#6037);
#6039=CARTESIAN_POINT('',(-5.333,-10.176,2.9));
#6040=VERTEX_POINT('',#6039);
#6041=VECTOR('',#122,1.);
#6042=LINE('',#6033,#6041);
#6043=EDGE_CURVE('',#6034,#6036,#6042,.T.);
#6044=ORIENTED_EDGE('',*,*,#6043,.T.);
#6045=VECTOR('',#87,1.);
#6046=LINE('',#6037,#6045);
#6047=EDGE_CURVE('',#6038,#6036,#6046,.T.);
#6048=ORIENTED_EDGE('',*,*,#6047,.F.);
#6049=VECTOR('',#122,1.);
#6050=LINE('',#6039,#6049);
#6051=EDGE_CURVE('',#6040,#6038,#6050,.T.);
#6052=ORIENTED_EDGE('',*,*,#6051,.F.);
#6053=VECTOR('',#87,1.);
#6054=LINE('',#6039,#6053);
#6055=EDGE_CURVE('',#6040,#6034,#6054,.T.);
#6056=ORIENTED_EDGE('',*,*,#6055,.T.);
#6057=EDGE_LOOP('',(#6044,#6048,#6052,#6056));
#6058=FACE_OUTER_BOUND('',#6057,.T.);
#6059=AXIS2_PLACEMENT_3D('',#6033,#3011,#3012);
#6060=PLANE('',#6059);
#6061=ADVANCED_FACE('',(#6058),#6060,.T.);
#6062=ORIENTED_EDGE('',*,*,#6051,.T.);
#6063=VECTOR('',#1515,1.);
#6064=LINE('',#6037,#6063);
#6065=EDGE_CURVE('',#6038,#6014,#6064,.T.);
#6066=ORIENTED_EDGE('',*,*,#6065,.T.);
#6067=ORIENTED_EDGE('',*,*,#6017,.F.);
#6068=VECTOR('',#1515,1.);
#6069=LINE('',#6039,#6068);
#6070=EDGE_CURVE('',#6040,#6012,#6069,.T.);
#6071=ORIENTED_EDGE('',*,*,#6070,.F.);
#6072=EDGE_LOOP('',(#6062,#6066,#6067,#6071));
#6073=FACE_OUTER_BOUND('',#6072,.T.);
#6074=AXIS2_PLACEMENT_3D('',#6039,#3012,#3284);
#6075=PLANE('',#6074);
#6076=ADVANCED_FACE('',(#6073),#6075,.T.);
#6077=ORIENTED_EDGE('',*,*,#6047,.T.);
#6078=VECTOR('',#1515,1.);
#6079=LINE('',#6035,#6078);
#6080=EDGE_CURVE('',#6036,#1700,#6079,.T.);
#6081=ORIENTED_EDGE('',*,*,#6080,.T.);
#6082=ORIENTED_EDGE('',*,*,#6021,.F.);
#6083=ORIENTED_EDGE('',*,*,#6065,.F.);
#6084=EDGE_LOOP('',(#6077,#6081,#6082,#6083));
#6085=FACE_OUTER_BOUND('',#6084,.T.);
#6086=AXIS2_PLACEMENT_3D('',#6037,#122,#3012);
#6087=PLANE('',#6086);
#6088=ADVANCED_FACE('',(#6085),#6087,.T.);
#6089=ORIENTED_EDGE('',*,*,#6043,.F.);
#6090=VECTOR('',#1515,1.);
#6091=LINE('',#6033,#6090);
#6092=EDGE_CURVE('',#6034,#1698,#6091,.T.);
#6093=ORIENTED_EDGE('',*,*,#6092,.T.);
#6094=ORIENTED_EDGE('',*,*,#2147,.T.);
#6095=ORIENTED_EDGE('',*,*,#6080,.F.);
#6096=EDGE_LOOP('',(#6089,#6093,#6094,#6095));
#6097=FACE_OUTER_BOUND('',#6096,.T.);
#6098=AXIS2_PLACEMENT_3D('',#6035,#87,#122);
#6099=PLANE('',#6098);
#6100=ADVANCED_FACE('',(#6097),#6099,.T.);
#6101=ORIENTED_EDGE('',*,*,#6055,.F.);
#6102=ORIENTED_EDGE('',*,*,#6070,.T.);
#6103=ORIENTED_EDGE('',*,*,#6026,.T.);
#6104=ORIENTED_EDGE('',*,*,#6092,.F.);
#6105=EDGE_LOOP('',(#6101,#6102,#6103,#6104));
#6106=FACE_OUTER_BOUND('',#6105,.T.);
#6107=AXIS2_PLACEMENT_3D('',#6033,#3284,#87);
#6108=PLANE('',#6107);
#6109=ADVANCED_FACE('',(#6106),#6108,.T.);
#6110=CLOSED_SHELL('',(#6032,#6061,#6076,#6088,#6100,#6109));
#6111=MANIFOLD_SOLID_BREP('tile_lower_01',#6110);
#6112=CARTESIAN_POINT('',(-4.317,-10.176,3.3));
#6113=VERTEX_POINT('',#6112);
#6114=CARTESIAN_POINT('',(-3.811,-10.176,3.3));
#6115=VERTEX_POINT('',#6114);
#6116=VECTOR('',#122,1.);
#6117=LINE('',#6112,#6116);
#6118=EDGE_CURVE('',#6113,#6115,#6117,.T.);
#6119=ORIENTED_EDGE('',*,*,#6118,.T.);
#6120=VECTOR('',#87,1.);
#6121=LINE('',#6114,#6120);
#6122=EDGE_CURVE('',#6115,#1708,#6121,.T.);
#6123=ORIENTED_EDGE('',*,*,#6122,.T.);
#6124=ORIENTED_EDGE('',*,*,#2163,.F.);
#6125=VECTOR('',#87,1.);
#6126=LINE('',#6112,#6125);
#6127=EDGE_CURVE('',#6113,#1706,#6126,.T.);
#6128=ORIENTED_EDGE('',*,*,#6127,.F.);
#6129=EDGE_LOOP('',(#6119,#6123,#6124,#6128));
#6130=FACE_OUTER_BOUND('',#6129,.T.);
#6131=AXIS2_PLACEMENT_3D('',#6112,#1515,#87);
#6132=PLANE('',#6131);
#6133=ADVANCED_FACE('',(#6130),#6132,.T.);
#6134=CARTESIAN_POINT('',(-4.317,-7.4,2.9));
#6135=VERTEX_POINT('',#6134);
#6136=CARTESIAN_POINT('',(-3.811,-7.4,2.9));
#6137=VERTEX_POINT('',#6136);
#6138=CARTESIAN_POINT('',(-3.811,-10.176,2.9));
#6139=VERTEX_POINT('',#6138);
#6140=CARTESIAN_POINT('',(-4.317,-10.176,2.9));
#6141=VERTEX_POINT('',#6140);
#6142=VECTOR('',#122,1.);
#6143=LINE('',#6134,#6142);
#6144=EDGE_CURVE('',#6135,#6137,#6143,.T.);
#6145=ORIENTED_EDGE('',*,*,#6144,.T.);
#6146=VECTOR('',#87,1.);
#6147=LINE('',#6138,#6146);
#6148=EDGE_CURVE('',#6139,#6137,#6147,.T.);
#6149=ORIENTED_EDGE('',*,*,#6148,.F.);
#6150=VECTOR('',#122,1.);
#6151=LINE('',#6140,#6150);
#6152=EDGE_CURVE('',#6141,#6139,#6151,.T.);
#6153=ORIENTED_EDGE('',*,*,#6152,.F.);
#6154=VECTOR('',#87,1.);
#6155=LINE('',#6140,#6154);
#6156=EDGE_CURVE('',#6141,#6135,#6155,.T.);
#6157=ORIENTED_EDGE('',*,*,#6156,.T.);
#6158=EDGE_LOOP('',(#6145,#6149,#6153,#6157));
#6159=FACE_OUTER_BOUND('',#6158,.T.);
#6160=AXIS2_PLACEMENT_3D('',#6134,#3011,#3012);
#6161=PLANE('',#6160);
#6162=ADVANCED_FACE('',(#6159),#6161,.T.);
#6163=ORIENTED_EDGE('',*,*,#6152,.T.);
#6164=VECTOR('',#1515,1.);
#6165=LINE('',#6138,#6164);
#6166=EDGE_CURVE('',#6139,#6115,#6165,.T.);
#6167=ORIENTED_EDGE('',*,*,#6166,.T.);
#6168=ORIENTED_EDGE('',*,*,#6118,.F.);
#6169=VECTOR('',#1515,1.);
#6170=LINE('',#6140,#6169);
#6171=EDGE_CURVE('',#6141,#6113,#6170,.T.);
#6172=ORIENTED_EDGE('',*,*,#6171,.F.);
#6173=EDGE_LOOP('',(#6163,#6167,#6168,#6172));
#6174=FACE_OUTER_BOUND('',#6173,.T.);
#6175=AXIS2_PLACEMENT_3D('',#6140,#3012,#3284);
#6176=PLANE('',#6175);
#6177=ADVANCED_FACE('',(#6174),#6176,.T.);
#6178=ORIENTED_EDGE('',*,*,#6148,.T.);
#6179=VECTOR('',#1515,1.);
#6180=LINE('',#6136,#6179);
#6181=EDGE_CURVE('',#6137,#1708,#6180,.T.);
#6182=ORIENTED_EDGE('',*,*,#6181,.T.);
#6183=ORIENTED_EDGE('',*,*,#6122,.F.);
#6184=ORIENTED_EDGE('',*,*,#6166,.F.);
#6185=EDGE_LOOP('',(#6178,#6182,#6183,#6184));
#6186=FACE_OUTER_BOUND('',#6185,.T.);
#6187=AXIS2_PLACEMENT_3D('',#6138,#122,#3012);
#6188=PLANE('',#6187);
#6189=ADVANCED_FACE('',(#6186),#6188,.T.);
#6190=ORIENTED_EDGE('',*,*,#6144,.F.);
#6191=VECTOR('',#1515,1.);
#6192=LINE('',#6134,#6191);
#6193=EDGE_CURVE('',#6135,#1706,#6192,.T.);
#6194=ORIENTED_EDGE('',*,*,#6193,.T.);
#6195=ORIENTED_EDGE('',*,*,#2163,.T.);
#6196=ORIENTED_EDGE('',*,*,#6181,.F.);
#6197=EDGE_LOOP('',(#6190,#6194,#6195,#6196));
#6198=FACE_OUTER_BOUND('',#6197,.T.);
#6199=AXIS2_PLACEMENT_3D('',#6136,#87,#122);
#6200=PLANE('',#6199);
#6201=ADVANCED_FACE('',(#6198),#6200,.T.);
#6202=ORIENTED_EDGE('',*,*,#6156,.F.);
#6203=ORIENTED_EDGE('',*,*,#6171,.T.);
#6204=ORIENTED_EDGE('',*,*,#6127,.T.);
#6205=ORIENTED_EDGE('',*,*,#6193,.F.);
#6206=EDGE_LOOP('',(#6202,#6203,#6204,#6205));
#6207=FACE_OUTER_BOUND('',#6206,.T.);
#6208=AXIS2_PLACEMENT_3D('',#6134,#3284,#87);
#6209=PLANE('',#6208);
#6210=ADVANCED_FACE('',(#6207),#6209,.T.);
#6211=CLOSED_SHELL('',(#6133,#6162,#6177,#6189,#6201,#6210));
#6212=MANIFOLD_SOLID_BREP('tile_lower_02',#6211);
#6213=CARTESIAN_POINT('',(-3.301,-10.176,3.3));
#6214=VERTEX_POINT('',#6213);
#6215=CARTESIAN_POINT('',(-2.795,-10.176,3.3));
#6216=VERTEX_POINT('',#6215);
#6217=VECTOR('',#122,1.);
#6218=LINE('',#6213,#6217);
#6219=EDGE_CURVE('',#6214,#6216,#6218,.T.);
#6220=ORIENTED_EDGE('',*,*,#6219,.T.);
#6221=VECTOR('',#87,1.);
#6222=LINE('',#6215,#6221);
#6223=EDGE_CURVE('',#6216,#1716,#6222,.T.);
#6224=ORIENTED_EDGE('',*,*,#6223,.T.);
#6225=ORIENTED_EDGE('',*,*,#2179,.F.);
#6226=VECTOR('',#87,1.);
#6227=LINE('',#6213,#6226);
#6228=EDGE_CURVE('',#6214,#1714,#6227,.T.);
#6229=ORIENTED_EDGE('',*,*,#6228,.F.);
#6230=EDGE_LOOP('',(#6220,#6224,#6225,#6229));
#6231=FACE_OUTER_BOUND('',#6230,.T.);
#6232=AXIS2_PLACEMENT_3D('',#6213,#1515,#87);
#6233=PLANE('',#6232);
#6234=ADVANCED_FACE('',(#6231),#6233,.T.);
#6235=CARTESIAN_POINT('',(-3.301,-7.4,2.9));
#6236=VERTEX_POINT('',#6235);
#6237=CARTESIAN_POINT('',(-2.795,-7.4,2.9));
#6238=VERTEX_POINT('',#6237);
#6239=CARTESIAN_POINT('',(-2.795,-10.176,2.9));
#6240=VERTEX_POINT('',#6239);
#6241=CARTESIAN_POINT('',(-3.301,-10.176,2.9));
#6242=VERTEX_POINT('',#6241);
#6243=VECTOR('',#122,1.);
#6244=LINE('',#6235,#6243);
#6245=EDGE_CURVE('',#6236,#6238,#6244,.T.);
#6246=ORIENTED_EDGE('',*,*,#6245,.T.);
#6247=VECTOR('',#87,1.);
#6248=LINE('',#6239,#6247);
#6249=EDGE_CURVE('',#6240,#6238,#6248,.T.);
#6250=ORIENTED_EDGE('',*,*,#6249,.F.);
#6251=VECTOR('',#122,1.);
#6252=LINE('',#6241,#6251);
#6253=EDGE_CURVE('',#6242,#6240,#6252,.T.);
#6254=ORIENTED_EDGE('',*,*,#6253,.F.);
#6255=VECTOR('',#87,1.);
#6256=LINE('',#6241,#6255);
#6257=EDGE_CURVE('',#6242,#6236,#6256,.T.);
#6258=ORIENTED_EDGE('',*,*,#6257,.T.);
#6259=EDGE_LOOP('',(#6246,#6250,#6254,#6258));
#6260=FACE_OUTER_BOUND('',#6259,.T.);
#6261=AXIS2_PLACEMENT_3D('',#6235,#3011,#3012);
#6262=PLANE('',#6261);
#6263=ADVANCED_FACE('',(#6260),#6262,.T.);
#6264=ORIENTED_EDGE('',*,*,#6253,.T.);
#6265=VECTOR('',#1515,1.);
#6266=LINE('',#6239,#6265);
#6267=EDGE_CURVE('',#6240,#6216,#6266,.T.);
#6268=ORIENTED_EDGE('',*,*,#6267,.T.);
#6269=ORIENTED_EDGE('',*,*,#6219,.F.);
#6270=VECTOR('',#1515,1.);
#6271=LINE('',#6241,#6270);
#6272=EDGE_CURVE('',#6242,#6214,#6271,.T.);
#6273=ORIENTED_EDGE('',*,*,#6272,.F.);
#6274=EDGE_LOOP('',(#6264,#6268,#6269,#6273));
#6275=FACE_OUTER_BOUND('',#6274,.T.);
#6276=AXIS2_PLACEMENT_3D('',#6241,#3012,#3284);
#6277=PLANE('',#6276);
#6278=ADVANCED_FACE('',(#6275),#6277,.T.);
#6279=ORIENTED_EDGE('',*,*,#6249,.T.);
#6280=VECTOR('',#1515,1.);
#6281=LINE('',#6237,#6280);
#6282=EDGE_CURVE('',#6238,#1716,#6281,.T.);
#6283=ORIENTED_EDGE('',*,*,#6282,.T.);
#6284=ORIENTED_EDGE('',*,*,#6223,.F.);
#6285=ORIENTED_EDGE('',*,*,#6267,.F.);
#6286=EDGE_LOOP('',(#6279,#6283,#6284,#6285));
#6287=FACE_OUTER_BOUND('',#6286,.T.);
#6288=AXIS2_PLACEMENT_3D('',#6239,#122,#3012);
#6289=PLANE('',#6288);
#6290=ADVANCED_FACE('',(#6287),#6289,.T.);
#6291=ORIENTED_EDGE('',*,*,#6245,.F.);
#6292=VECTOR('',#1515,1.);
#6293=LINE('',#6235,#6292);
#6294=EDGE_CURVE('',#6236,#1714,#6293,.T.);
#6295=ORIENTED_EDGE('',*,*,#6294,.T.);
#6296=ORIENTED_EDGE('',*,*,#2179,.T.);
#6297=ORIENTED_EDGE('',*,*,#6282,.F.);
#6298=EDGE_LOOP('',(#6291,#6295,#6296,#6297));
#6299=FACE_OUTER_BOUND('',#6298,.T.);
#6300=AXIS2_PLACEMENT_3D('',#6237,#87,#122);
#6301=PLANE('',#6300);
#6302=ADVANCED_FACE('',(#6299),#6301,.T.);
#6303=ORIENTED_EDGE('',*,*,#6257,.F.);
#6304=ORIENTED_EDGE('',*,*,#6272,.T.);
#6305=ORIENTED_EDGE('',*,*,#6228,.T.);
#6306=ORIENTED_EDGE('',*,*,#6294,.F.);
#6307=EDGE_LOOP('',(#6303,#6304,#6305,#6306));
#6308=FACE_OUTER_BOUND('',#6307,.T.);
#6309=AXIS2_PLACEMENT_3D('',#6235,#3284,#87);
#6310=PLANE('',#6309);
#6311=ADVANCED_FACE('',(#6308),#6310,.T.);
#6312=CLOSED_SHELL('',(#6234,#6263,#6278,#6290,#6302,#6311));
#6313=MANIFOLD_SOLID_BREP('tile_lower_03',#6312);
#6314=CARTESIAN_POINT('',(-2.285,-10.176,3.3));
#6315=VERTEX_POINT('',#6314);
#6316=CARTESIAN_POINT('',(-1.779,-10.176,3.3));
#6317=VERTEX_POINT('',#6316);
#6318=VECTOR('',#122,1.);
#6319=LINE('',#6314,#6318);
#6320=EDGE_CURVE('',#6315,#6317,#6319,.T.);
#6321=ORIENTED_EDGE('',*,*,#6320,.T.);
#6322=VECTOR('',#87,1.);
#6323=LINE('',#6316,#6322);
#6324=EDGE_CURVE('',#6317,#1724,#6323,.T.);
#6325=ORIENTED_EDGE('',*,*,#6324,.T.);
#6326=ORIENTED_EDGE('',*,*,#2195,.F.);
#6327=VECTOR('',#87,1.);
#6328=LINE('',#6314,#6327);
#6329=EDGE_CURVE('',#6315,#1722,#6328,.T.);
#6330=ORIENTED_EDGE('',*,*,#6329,.F.);
#6331=EDGE_LOOP('',(#6321,#6325,#6326,#6330));
#6332=FACE_OUTER_BOUND('',#6331,.T.);
#6333=AXIS2_PLACEMENT_3D('',#6314,#1515,#87);
#6334=PLANE('',#6333);
#6335=ADVANCED_FACE('',(#6332),#6334,.T.);
#6336=CARTESIAN_POINT('',(-2.285,-7.4,2.9));
#6337=VERTEX_POINT('',#6336);
#6338=CARTESIAN_POINT('',(-1.779,-7.4,2.9));
#6339=VERTEX_POINT('',#6338);
#6340=CARTESIAN_POINT('',(-1.779,-10.176,2.9));
#6341=VERTEX_POINT('',#6340);
#6342=CARTESIAN_POINT('',(-2.285,-10.176,2.9));
#6343=VERTEX_POINT('',#6342);
#6344=VECTOR('',#122,1.);
#6345=LINE('',#6336,#6344);
#6346=EDGE_CURVE('',#6337,#6339,#6345,.T.);
#6347=ORIENTED_EDGE('',*,*,#6346,.T.);
#6348=VECTOR('',#87,1.);
#6349=LINE('',#6340,#6348);
#6350=EDGE_CURVE('',#6341,#6339,#6349,.T.);
#6351=ORIENTED_EDGE('',*,*,#6350,.F.);
#6352=VECTOR('',#122,1.);
#6353=LINE('',#6342,#6352);
#6354=EDGE_CURVE('',#6343,#6341,#6353,.T.);
#6355=ORIENTED_EDGE('',*,*,#6354,.F.);
#6356=VECTOR('',#87,1.);
#6357=LINE('',#6342,#6356);
#6358=EDGE_CURVE('',#6343,#6337,#6357,.T.);
#6359=ORIENTED_EDGE('',*,*,#6358,.T.);
#6360=EDGE_LOOP('',(#6347,#6351,#6355,#6359));
#6361=FACE_OUTER_BOUND('',#6360,.T.);
#6362=AXIS2_PLACEMENT_3D('',#6336,#3011,#3012);
#6363=PLANE('',#6362);
#6364=ADVANCED_FACE('',(#6361),#6363,.T.);
#6365=ORIENTED_EDGE('',*,*,#6354,.T.);
#6366=VECTOR('',#1515,1.);
#6367=LINE('',#6340,#6366);
#6368=EDGE_CURVE('',#6341,#6317,#6367,.T.);
#6369=ORIENTED_EDGE('',*,*,#6368,.T.);
#6370=ORIENTED_EDGE('',*,*,#6320,.F.);
#6371=VECTOR('',#1515,1.);
#6372=LINE('',#6342,#6371);
#6373=EDGE_CURVE('',#6343,#6315,#6372,.T.);
#6374=ORIENTED_EDGE('',*,*,#6373,.F.);
#6375=EDGE_LOOP('',(#6365,#6369,#6370,#6374));
#6376=FACE_OUTER_BOUND('',#6375,.T.);
#6377=AXIS2_PLACEMENT_3D('',#6342,#3012,#3284);
#6378=PLANE('',#6377);
#6379=ADVANCED_FACE('',(#6376),#6378,.T.);
#6380=ORIENTED_EDGE('',*,*,#6350,.T.);
#6381=VECTOR('',#1515,1.);
#6382=LINE('',#6338,#6381);
#6383=EDGE_CURVE('',#6339,#1724,#6382,.T.);
#6384=ORIENTED_EDGE('',*,*,#6383,.T.);
#6385=ORIENTED_EDGE('',*,*,#6324,.F.);
#6386=ORIENTED_EDGE('',*,*,#6368,.F.);
#6387=EDGE_LOOP('',(#6380,#6384,#6385,#6386));
#6388=FACE_OUTER_BOUND('',#6387,.T.);
#6389=AXIS2_PLACEMENT_3D('',#6340,#122,#3012);
#6390=PLANE('',#6389);
#6391=ADVANCED_FACE('',(#6388),#6390,.T.);
#6392=ORIENTED_EDGE('',*,*,#6346,.F.);
#6393=VECTOR('',#1515,1.);
#6394=LINE('',#6336,#6393);
#6395=EDGE_CURVE('',#6337,#1722,#6394,.T.);
#6396=ORIENTED_EDGE('',*,*,#6395,.T.);
#6397=ORIENTED_EDGE('',*,*,#2195,.T.);
#6398=ORIENTED_EDGE('',*,*,#6383,.F.);
#6399=EDGE_LOOP('',(#6392,#6396,#6397,#6398));
#6400=FACE_OUTER_BOUND('',#6399,.T.);
#6401=AXIS2_PLACEMENT_3D('',#6338,#87,#122);
#6402=PLANE('',#6401);
#6403=ADVANCED_FACE('',(#6400),#6402,.T.);
#6404=ORIENTED_EDGE('',*,*,#6358,.F.);
#6405=ORIENTED_EDGE('',*,*,#6373,.T.);
#6406=ORIENTED_EDGE('',*,*,#6329,.T.);
#6407=ORIENTED_EDGE('',*,*,#6395,.F.);
#6408=EDGE_LOOP('',(#6404,#6405,#6406,#6407));
#6409=FACE_OUTER_BOUND('',#6408,.T.);
#6410=AXIS2_PLACEMENT_3D('',#6336,#3284,#87);
#6411=PLANE('',#6410);
#6412=ADVANCED_FACE('',(#6409),#6411,.T.);
#6413=CLOSED_SHELL('',(#6335,#6364,#6379,#6391,#6403,#6412));
#6414=MANIFOLD_SOLID_BREP('tile_lower_04',#6413);
#6415=CARTESIAN_POINT('',(-1.269,-10.176,3.3));
#6416=VERTEX_POINT('',#6415);
#6417=CARTESIAN_POINT('',(-0.763,-10.176,3.3));
#6418=VERTEX_POINT('',#6417);
#6419=VECTOR('',#122,1.);
#6420=LINE('',#6415,#6419);
#6421=EDGE_CURVE('',#6416,#6418,#6420,.T.);
#6422=ORIENTED_EDGE('',*,*,#6421,.T.);
#6423=VECTOR('',#87,1.);
#6424=LINE('',#6417,#6423);
#6425=EDGE_CURVE('',#6418,#1732,#6424,.T.);
#6426=ORIENTED_EDGE('',*,*,#6425,.T.);
#6427=ORIENTED_EDGE('',*,*,#2211,.F.);
#6428=VECTOR('',#87,1.);
#6429=LINE('',#6415,#6428);
#6430=EDGE_CURVE('',#6416,#1730,#6429,.T.);
#6431=ORIENTED_EDGE('',*,*,#6430,.F.);
#6432=EDGE_LOOP('',(#6422,#6426,#6427,#6431));
#6433=FACE_OUTER_BOUND('',#6432,.T.);
#6434=AXIS2_PLACEMENT_3D('',#6415,#1515,#87);
#6435=PLANE('',#6434);
#6436=ADVANCED_FACE('',(#6433),#6435,.T.);
#6437=CARTESIAN_POINT('',(-1.269,-7.4,2.9));
#6438=VERTEX_POINT('',#6437);
#6439=CARTESIAN_POINT('',(-0.763,-7.4,2.9));
#6440=VERTEX_POINT('',#6439);
#6441=CARTESIAN_POINT('',(-0.763,-10.176,2.9));
#6442=VERTEX_POINT('',#6441);
#6443=CARTESIAN_POINT('',(-1.269,-10.176,2.9));
#6444=VERTEX_POINT('',#6443);
#6445=VECTOR('',#122,1.);
#6446=LINE('',#6437,#6445);
#6447=EDGE_CURVE('',#6438,#6440,#6446,.T.);
#6448=ORIENTED_EDGE('',*,*,#6447,.T.);
#6449=VECTOR('',#87,1.);
#6450=LINE('',#6441,#6449);
#6451=EDGE_CURVE('',#6442,#6440,#6450,.T.);
#6452=ORIENTED_EDGE('',*,*,#6451,.F.);
#6453=VECTOR('',#122,1.);
#6454=LINE('',#6443,#6453);
#6455=EDGE_CURVE('',#6444,#6442,#6454,.T.);
#6456=ORIENTED_EDGE('',*,*,#6455,.F.);
#6457=VECTOR('',#87,1.);
#6458=LINE('',#6443,#6457);
#6459=EDGE_CURVE('',#6444,#6438,#6458,.T.);
#6460=ORIENTED_EDGE('',*,*,#6459,.T.);
#6461=EDGE_LOOP('',(#6448,#6452,#6456,#6460));
#6462=FACE_OUTER_BOUND('',#6461,.T.);
#6463=AXIS2_PLACEMENT_3D('',#6437,#3011,#3012);
#6464=PLANE('',#6463);
#6465=ADVANCED_FACE('',(#6462),#6464,.T.);
#6466=ORIENTED_EDGE('',*,*,#6455,.T.);
#6467=VECTOR('',#1515,1.);
#6468=LINE('',#6441,#6467);
#6469=EDGE_CURVE('',#6442,#6418,#6468,.T.);
#6470=ORIENTED_EDGE('',*,*,#6469,.T.);
#6471=ORIENTED_EDGE('',*,*,#6421,.F.);
#6472=VECTOR('',#1515,1.);
#6473=LINE('',#6443,#6472);
#6474=EDGE_CURVE('',#6444,#6416,#6473,.T.);
#6475=ORIENTED_EDGE('',*,*,#6474,.F.);
#6476=EDGE_LOOP('',(#6466,#6470,#6471,#6475));
#6477=FACE_OUTER_BOUND('',#6476,.T.);
#6478=AXIS2_PLACEMENT_3D('',#6443,#3012,#3284);
#6479=PLANE('',#6478);
#6480=ADVANCED_FACE('',(#6477),#6479,.T.);
#6481=ORIENTED_EDGE('',*,*,#6451,.T.);
#6482=VECTOR('',#1515,1.);
#6483=LINE('',#6439,#6482);
#6484=EDGE_CURVE('',#6440,#1732,#6483,.T.);
#6485=ORIENTED_EDGE('',*,*,#6484,.T.);
#6486=ORIENTED_EDGE('',*,*,#6425,.F.);
#6487=ORIENTED_EDGE('',*,*,#6469,.F.);
#6488=EDGE_LOOP('',(#6481,#6485,#6486,#6487));
#6489=FACE_OUTER_BOUND('',#6488,.T.);
#6490=AXIS2_PLACEMENT_3D('',#6441,#122,#3012);
#6491=PLANE('',#6490);
#6492=ADVANCED_FACE('',(#6489),#6491,.T.);
#6493=ORIENTED_EDGE('',*,*,#6447,.F.);
#6494=VECTOR('',#1515,1.);
#6495=LINE('',#6437,#6494);
#6496=EDGE_CURVE('',#6438,#1730,#6495,.T.);
#6497=ORIENTED_EDGE('',*,*,#6496,.T.);
#6498=ORIENTED_EDGE('',*,*,#2211,.T.);
#6499=ORIENTED_EDGE('',*,*,#6484,.F.);
#6500=EDGE_LOOP('',(#6493,#6497,#6498,#6499));
#6501=FACE_OUTER_BOUND('',#6500,.T.);
#6502=AXIS2_PLACEMENT_3D('',#6439,#87,#122);
#6503=PLANE('',#6502);
#6504=ADVANCED_FACE('',(#6501),#6503,.T.);
#6505=ORIENTED_EDGE('',*,*,#6459,.F.);
#6506=ORIENTED_EDGE('',*,*,#6474,.T.);
#6507=ORIENTED_EDGE('',*,*,#6430,.T.);
#6508=ORIENTED_EDGE('',*,*,#6496,.F.);
#6509=EDGE_LOOP('',(#6505,#6506,#6507,#6508));
#6510=FACE_OUTER_BOUND('',#6509,.T.);
#6511=AXIS2_PLACEMENT_3D('',#6437,#3284,#87);
#6512=PLANE('',#6511);
#6513=ADVANCED_FACE('',(#6510),#6512,.T.);
#6514=CLOSED_SHELL('',(#6436,#6465,#6480,#6492,#6504,#6513));
#6515=MANIFOLD_SOLID_BREP('tile_lower_05',#6514);
#6516=CARTESIAN_POINT('',(-0.253,-10.176,3.3));
#6517=VERTEX_POINT('',#6516);
#6518=CARTESIAN_POINT('',(0.253,-10.176,3.3));
#6519=VERTEX_POINT('',#6518);
#6520=VECTOR('',#122,1.);
#6521=LINE('',#6516,#6520);
#6522=EDGE_CURVE('',#6517,#6519,#6521,.T.);
#6523=ORIENTED_EDGE('',*,*,#6522,.T.);
#6524=VECTOR('',#87,1.);
#6525=LINE('',#6518,#6524);
#6526=EDGE_CURVE('',#6519,#1740,#6525,.T.);
#6527=ORIENTED_EDGE('',*,*,#6526,.T.);
#6528=ORIENTED_EDGE('',*,*,#2227,.F.);
#6529=VECTOR('',#87,1.);
#6530=LINE('',#6516,#6529);
#6531=EDGE_CURVE('',#6517,#1738,#6530,.T.);
#6532=ORIENTED_EDGE('',*,*,#6531,.F.);
#6533=EDGE_LOOP('',(#6523,#6527,#6528,#6532));
#6534=FACE_OUTER_BOUND('',#6533,.T.);
#6535=AXIS2_PLACEMENT_3D('',#6516,#1515,#87);
#6536=PLANE('',#6535);
#6537=ADVANCED_FACE('',(#6534),#6536,.T.);
#6538=CARTESIAN_POINT('',(-0.253,-7.4,2.9));
#6539=VERTEX_POINT('',#6538);
#6540=CARTESIAN_POINT('',(0.253,-7.4,2.9));
#6541=VERTEX_POINT('',#6540);
#6542=CARTESIAN_POINT('',(0.253,-10.176,2.9));
#6543=VERTEX_POINT('',#6542);
#6544=CARTESIAN_POINT('',(-0.253,-10.176,2.9));
#6545=VERTEX_POINT('',#6544);
#6546=VECTOR('',#122,1.);
#6547=LINE('',#6538,#6546);
#6548=EDGE_CURVE('',#6539,#6541,#6547,.T.);
#6549=ORIENTED_EDGE('',*,*,#6548,.T.);
#6550=VECTOR('',#87,1.);
#6551=LINE('',#6542,#6550);
#6552=EDGE_CURVE('',#6543,#6541,#6551,.T.);
#6553=ORIENTED_EDGE('',*,*,#6552,.F.);
#6554=VECTOR('',#122,1.);
#6555=LINE('',#6544,#6554);
#6556=EDGE_CURVE('',#6545,#6543,#6555,.T.);
#6557=ORIENTED_EDGE('',*,*,#6556,.F.);
#6558=VECTOR('',#87,1.);
#6559=LINE('',#6544,#6558);
#6560=EDGE_CURVE('',#6545,#6539,#6559,.T.);
#6561=ORIENTED_EDGE('',*,*,#6560,.T.);
#6562=EDGE_LOOP('',(#6549,#6553,#6557,#6561));
#6563=FACE_OUTER_BOUND('',#6562,.T.);
#6564=AXIS2_PLACEMENT_3D('',#6538,#3011,#3012);
#6565=PLANE('',#6564);
#6566=ADVANCED_FACE('',(#6563),#6565,.T.);
#6567=ORIENTED_EDGE('',*,*,#6556,.T.);
#6568=VECTOR('',#1515,1.);
#6569=LINE('',#6542,#6568);
#6570=EDGE_CURVE('',#6543,#6519,#6569,.T.);
#6571=ORIENTED_EDGE('',*,*,#6570,.T.);
#6572=ORIENTED_EDGE('',*,*,#6522,.F.);
#6573=VECTOR('',#1515,1.);
#6574=LINE('',#6544,#6573);
#6575=EDGE_CURVE('',#6545,#6517,#6574,.T.);
#6576=ORIENTED_EDGE('',*,*,#6575,.F.);
#6577=EDGE_LOOP('',(#6567,#6571,#6572,#6576));
#6578=FACE_OUTER_BOUND('',#6577,.T.);
#6579=AXIS2_PLACEMENT_3D('',#6544,#3012,#3284);
#6580=PLANE('',#6579);
#6581=ADVANCED_FACE('',(#6578),#6580,.T.);
#6582=ORIENTED_EDGE('',*,*,#6552,.T.);
#6583=VECTOR('',#1515,1.);
#6584=LINE('',#6540,#6583);
#6585=EDGE_CURVE('',#6541,#1740,#6584,.T.);
#6586=ORIENTED_EDGE('',*,*,#6585,.T.);
#6587=ORIENTED_EDGE('',*,*,#6526,.F.);
#6588=ORIENTED_EDGE('',*,*,#6570,.F.);
#6589=EDGE_LOOP('',(#6582,#6586,#6587,#6588));
#6590=FACE_OUTER_BOUND('',#6589,.T.);
#6591=AXIS2_PLACEMENT_3D('',#6542,#122,#3012);
#6592=PLANE('',#6591);
#6593=ADVANCED_FACE('',(#6590),#6592,.T.);
#6594=ORIENTED_EDGE('',*,*,#6548,.F.);
#6595=VECTOR('',#1515,1.);
#6596=LINE('',#6538,#6595);
#6597=EDGE_CURVE('',#6539,#1738,#6596,.T.);
#6598=ORIENTED_EDGE('',*,*,#6597,.T.);
#6599=ORIENTED_EDGE('',*,*,#2227,.T.);
#6600=ORIENTED_EDGE('',*,*,#6585,.F.);
#6601=EDGE_LOOP('',(#6594,#6598,#6599,#6600));
#6602=FACE_OUTER_BOUND('',#6601,.T.);
#6603=AXIS2_PLACEMENT_3D('',#6540,#87,#122);
#6604=PLANE('',#6603);
#6605=ADVANCED_FACE('',(#6602),#6604,.T.);
#6606=ORIENTED_EDGE('',*,*,#6560,.F.);
#6607=ORIENTED_EDGE('',*,*,#6575,.T.);
#6608=ORIENTED_EDGE('',*,*,#6531,.T.);
#6609=ORIENTED_EDGE('',*,*,#6597,.F.);
#6610=EDGE_LOOP('',(#6606,#6607,#6608,#6609));
#6611=FACE_OUTER_BOUND('',#6610,.T.);
#6612=AXIS2_PLACEMENT_3D('',#6538,#3284,#87);
#6613=PLANE('',#6612);
#6614=ADVANCED_FACE('',(#6611),#6613,.T.);
#6615=CLOSED_SHELL('',(#6537,#6566,#6581,#6593,#6605,#6614));
#6616=MANIFOLD_SOLID_BREP('tile_lower_06',#6615);
#6617=CARTESIAN_POINT('',(0.763,-10.176,3.3));
#6618=VERTEX_POINT('',#6617);
#6619=CARTESIAN_POINT('',(1.269,-10.176,3.3));
#6620=VERTEX_POINT('',#6619);
#6621=VECTOR('',#122,1.);
#6622=LINE('',#6617,#6621);
#6623=EDGE_CURVE('',#6618,#6620,#6622,.T.);
#6624=ORIENTED_EDGE('',*,*,#6623,.T.);
#6625=VECTOR('',#87,1.);
#6626=LINE('',#6619,#6625);
#6627=EDGE_CURVE('',#6620,#1748,#6626,.T.);
#6628=ORIENTED_EDGE('',*,*,#6627,.T.);
#6629=ORIENTED_EDGE('',*,*,#2243,.F.);
#6630=VECTOR('',#87,1.);
#6631=LINE('',#6617,#6630);
#6632=EDGE_CURVE('',#6618,#1746,#6631,.T.);
#6633=ORIENTED_EDGE('',*,*,#6632,.F.);
#6634=EDGE_LOOP('',(#6624,#6628,#6629,#6633));
#6635=FACE_OUTER_BOUND('',#6634,.T.);
#6636=AXIS2_PLACEMENT_3D('',#6617,#1515,#87);
#6637=PLANE('',#6636);
#6638=ADVANCED_FACE('',(#6635),#6637,.T.);
#6639=CARTESIAN_POINT('',(0.763,-7.4,2.9));
#6640=VERTEX_POINT('',#6639);
#6641=CARTESIAN_POINT('',(1.269,-7.4,2.9));
#6642=VERTEX_POINT('',#6641);
#6643=CARTESIAN_POINT('',(1.269,-10.176,2.9));
#6644=VERTEX_POINT('',#6643);
#6645=CARTESIAN_POINT('',(0.763,-10.176,2.9));
#6646=VERTEX_POINT('',#6645);
#6647=VECTOR('',#122,1.);
#6648=LINE('',#6639,#6647);
#6649=EDGE_CURVE('',#6640,#6642,#6648,.T.);
#6650=ORIENTED_EDGE('',*,*,#6649,.T.);
#6651=VECTOR('',#87,1.);
#6652=LINE('',#6643,#6651);
#6653=EDGE_CURVE('',#6644,#6642,#6652,.T.);
#6654=ORIENTED_EDGE('',*,*,#6653,.F.);
#6655=VECTOR('',#122,1.);
#6656=LINE('',#6645,#6655);
#6657=EDGE_CURVE('',#6646,#6644,#6656,.T.);
#6658=ORIENTED_EDGE('',*,*,#6657,.F.);
#6659=VECTOR('',#87,1.);
#6660=LINE('',#6645,#6659);
#6661=EDGE_CURVE('',#6646,#6640,#6660,.T.);
#6662=ORIENTED_EDGE('',*,*,#6661,.T.);
#6663=EDGE_LOOP('',(#6650,#6654,#6658,#6662));
#6664=FACE_OUTER_BOUND('',#6663,.T.);
#6665=AXIS2_PLACEMENT_3D('',#6639,#3011,#3012);
#6666=PLANE('',#6665);
#6667=ADVANCED_FACE('',(#6664),#6666,.T.);
#6668=ORIENTED_EDGE('',*,*,#6657,.T.);
#6669=VECTOR('',#1515,1.);
#6670=LINE('',#6643,#6669);
#6671=EDGE_CURVE('',#6644,#6620,#6670,.T.);
#6672=ORIENTED_EDGE('',*,*,#6671,.T.);
#6673=ORIENTED_EDGE('',*,*,#6623,.F.);
#6674=VECTOR('',#1515,1.);
#6675=LINE('',#6645,#6674);
#6676=EDGE_CURVE('',#6646,#6618,#6675,.T.);
#6677=ORIENTED_EDGE('',*,*,#6676,.F.);
#6678=EDGE_LOOP('',(#6668,#6672,#6673,#6677));
#6679=FACE_OUTER_BOUND('',#6678,.T.);
#6680=AXIS2_PLACEMENT_3D('',#6645,#3012,#3284);
#6681=PLANE('',#6680);
#6682=ADVANCED_FACE('',(#6679),#6681,.T.);
#6683=ORIENTED_EDGE('',*,*,#6653,.T.);
#6684=VECTOR('',#1515,1.);
#6685=LINE('',#6641,#6684);
#6686=EDGE_CURVE('',#6642,#1748,#6685,.T.);
#6687=ORIENTED_EDGE('',*,*,#6686,.T.);
#6688=ORIENTED_EDGE('',*,*,#6627,.F.);
#6689=ORIENTED_EDGE('',*,*,#6671,.F.);
#6690=EDGE_LOOP('',(#6683,#6687,#6688,#6689));
#6691=FACE_OUTER_BOUND('',#6690,.T.);
#6692=AXIS2_PLACEMENT_3D('',#6643,#122,#3012);
#6693=PLANE('',#6692);
#6694=ADVANCED_FACE('',(#6691),#6693,.T.);
#6695=ORIENTED_EDGE('',*,*,#6649,.F.);
#6696=VECTOR('',#1515,1.);
#6697=LINE('',#6639,#6696);
#6698=EDGE_CURVE('',#6640,#1746,#6697,.T.);
#6699=ORIENTED_EDGE('',*,*,#6698,.T.);
#6700=ORIENTED_EDGE('',*,*,#2243,.T.);
#6701=ORIENTED_EDGE('',*,*,#6686,.F.);
#6702=EDGE_LOOP('',(#6695,#6699,#6700,#6701));
#6703=FACE_OUTER_BOUND('',#6702,.T.);
#6704=AXIS2_PLACEMENT_3D('',#6641,#87,#122);
#6705=PLANE('',#6704);
#6706=ADVANCED_FACE('',(#6703),#6705,.T.);
#6707=ORIENTED_EDGE('',*,*,#6661,.F.);
#6708=ORIENTED_EDGE('',*,*,#6676,.T.);
#6709=ORIENTED_EDGE('',*,*,#6632,.T.);
#6710=ORIENTED_EDGE('',*,*,#6698,.F.);
#6711=EDGE_LOOP('',(#6707,#6708,#6709,#6710));
#6712=FACE_OUTER_BOUND('',#6711,.T.);
#6713=AXIS2_PLACEMENT_3D('',#6639,#3284,#87);
#6714=PLANE('',#6713);
#6715=ADVANCED_FACE('',(#6712),#6714,.T.);
#6716=CLOSED_SHELL('',(#6638,#6667,#6682,#6694,#6706,#6715));
#6717=MANIFOLD_SOLID_BREP('tile_lower_07',#6716);
#6718=CARTESIAN_POINT('',(1.779,-10.176,3.3));
#6719=VERTEX_POINT('',#6718);
#6720=CARTESIAN_POINT('',(2.285,-10.176,3.3));
#6721=VERTEX_POINT('',#6720);
#6722=VECTOR('',#122,1.);
#6723=LINE('',#6718,#6722);
#6724=EDGE_CURVE('',#6719,#6721,#6723,.T.);
#6725=ORIENTED_EDGE('',*,*,#6724,.T.);
#6726=VECTOR('',#87,1.);
#6727=LINE('',#6720,#6726);
#6728=EDGE_CURVE('',#6721,#1756,#6727,.T.);
#6729=ORIENTED_EDGE('',*,*,#6728,.T.);
#6730=ORIENTED_EDGE('',*,*,#2259,.F.);
#6731=VECTOR('',#87,1.);
#6732=LINE('',#6718,#6731);
#6733=EDGE_CURVE('',#6719,#1754,#6732,.T.);
#6734=ORIENTED_EDGE('',*,*,#6733,.F.);
#6735=EDGE_LOOP('',(#6725,#6729,#6730,#6734));
#6736=FACE_OUTER_BOUND('',#6735,.T.);
#6737=AXIS2_PLACEMENT_3D('',#6718,#1515,#87);
#6738=PLANE('',#6737);
#6739=ADVANCED_FACE('',(#6736),#6738,.T.);
#6740=CARTESIAN_POINT('',(1.779,-7.4,2.9));
#6741=VERTEX_POINT('',#6740);
#6742=CARTESIAN_POINT('',(2.285,-7.4,2.9));
#6743=VERTEX_POINT('',#6742);
#6744=CARTESIAN_POINT('',(2.285,-10.176,2.9));
#6745=VERTEX_POINT('',#6744);
#6746=CARTESIAN_POINT('',(1.779,-10.176,2.9));
#6747=VERTEX_POINT('',#6746);
#6748=VECTOR('',#122,1.);
#6749=LINE('',#6740,#6748);
#6750=EDGE_CURVE('',#6741,#6743,#6749,.T.);
#6751=ORIENTED_EDGE('',*,*,#6750,.T.);
#6752=VECTOR('',#87,1.);
#6753=LINE('',#6744,#6752);
#6754=EDGE_CURVE('',#6745,#6743,#6753,.T.);
#6755=ORIENTED_EDGE('',*,*,#6754,.F.);
#6756=VECTOR('',#122,1.);
#6757=LINE('',#6746,#6756);
#6758=EDGE_CURVE('',#6747,#6745,#6757,.T.);
#6759=ORIENTED_EDGE('',*,*,#6758,.F.);
#6760=VECTOR('',#87,1.);
#6761=LINE('',#6746,#6760);
#6762=EDGE_CURVE('',#6747,#6741,#6761,.T.);
#6763=ORIENTED_EDGE('',*,*,#6762,.T.);
#6764=EDGE_LOOP('',(#6751,#6755,#6759,#6763));
#6765=FACE_OUTER_BOUND('',#6764,.T.);
#6766=AXIS2_PLACEMENT_3D('',#6740,#3011,#3012);
#6767=PLANE('',#6766);
#6768=ADVANCED_FACE('',(#6765),#6767,.T.);
#6769=ORIENTED_EDGE('',*,*,#6758,.T.);
#6770=VECTOR('',#1515,1.);
#6771=LINE('',#6744,#6770);
#6772=EDGE_CURVE('',#6745,#6721,#6771,.T.);
#6773=ORIENTED_EDGE('',*,*,#6772,.T.);
#6774=ORIENTED_EDGE('',*,*,#6724,.F.);
#6775=VECTOR('',#1515,1.);
#6776=LINE('',#6746,#6775);
#6777=EDGE_CURVE('',#6747,#6719,#6776,.T.);
#6778=ORIENTED_EDGE('',*,*,#6777,.F.);
#6779=EDGE_LOOP('',(#6769,#6773,#6774,#6778));
#6780=FACE_OUTER_BOUND('',#6779,.T.);
#6781=AXIS2_PLACEMENT_3D('',#6746,#3012,#3284);
#6782=PLANE('',#6781);
#6783=ADVANCED_FACE('',(#6780),#6782,.T.);
#6784=ORIENTED_EDGE('',*,*,#6754,.T.);
#6785=VECTOR('',#1515,1.);
#6786=LINE('',#6742,#6785);
#6787=EDGE_CURVE('',#6743,#1756,#6786,.T.);
#6788=ORIENTED_EDGE('',*,*,#6787,.T.);
#6789=ORIENTED_EDGE('',*,*,#6728,.F.);
#6790=ORIENTED_EDGE('',*,*,#6772,.F.);
#6791=EDGE_LOOP('',(#6784,#6788,#6789,#6790));
#6792=FACE_OUTER_BOUND('',#6791,.T.);
#6793=AXIS2_PLACEMENT_3D('',#6744,#122,#3012);
#6794=PLANE('',#6793);
#6795=ADVANCED_FACE('',(#6792),#6794,.T.);
#6796=ORIENTED_EDGE('',*,*,#6750,.F.);
#6797=VECTOR('',#1515,1.);
#6798=LINE('',#6740,#6797);
#6799=EDGE_CURVE('',#6741,#1754,#6798,.T.);
#6800=ORIENTED_EDGE('',*,*,#6799,.T.);
#6801=ORIENTED_EDGE('',*,*,#2259,.T.);
#6802=ORIENTED_EDGE('',*,*,#6787,.F.);
#6803=EDGE_LOOP('',(#6796,#6800,#6801,#6802));
#6804=FACE_OUTER_BOUND('',#6803,.T.);
#6805=AXIS2_PLACEMENT_3D('',#6742,#87,#122);
#6806=PLANE('',#6805);
#6807=ADVANCED_FACE('',(#6804),#6806,.T.);
#6808=ORIENTED_EDGE('',*,*,#6762,.F.);
#6809=ORIENTED_EDGE('',*,*,#6777,.T.);
#6810=ORIENTED_EDGE('',*,*,#6733,.T.);
#6811=ORIENTED_EDGE('',*,*,#6799,.F.);
#6812=EDGE_LOOP('',(#6808,#6809,#6810,#6811));
#6813=FACE_OUTER_BOUND('',#6812,.T.);
#6814=AXIS2_PLACEMENT_3D('',#6740,#3284,#87);
#6815=PLANE('',#6814);
#6816=ADVANCED_FACE('',(#6813),#6815,.T.);
#6817=CLOSED_SHELL('',(#6739,#6768,#6783,#6795,#6807,#6816));
#6818=MANIFOLD_SOLID_BREP('tile_lower_08',#6817);
#6819=CARTESIAN_POINT('',(2.795,-10.176,3.3));
#6820=VERTEX_POINT('',#6819);
#6821=CARTESIAN_POINT('',(3.301,-10.176,3.3));
#6822=VERTEX_POINT('',#6821);
#6823=VECTOR('',#122,1.);
#6824=LINE('',#6819,#6823);
#6825=EDGE_CURVE('',#6820,#6822,#6824,.T.);
#6826=ORIENTED_EDGE('',*,*,#6825,.T.);
#6827=VECTOR('',#87,1.);
#6828=LINE('',#6821,#6827);
#6829=EDGE_CURVE('',#6822,#1764,#6828,.T.);
#6830=ORIENTED_EDGE('',*,*,#6829,.T.);
#6831=ORIENTED_EDGE('',*,*,#2275,.F.);
#6832=VECTOR('',#87,1.);
#6833=LINE('',#6819,#6832);
#6834=EDGE_CURVE('',#6820,#1762,#6833,.T.);
#6835=ORIENTED_EDGE('',*,*,#6834,.F.);
#6836=EDGE_LOOP('',(#6826,#6830,#6831,#6835));
#6837=FACE_OUTER_BOUND('',#6836,.T.);
#6838=AXIS2_PLACEMENT_3D('',#6819,#1515,#87);
#6839=PLANE('',#6838);
#6840=ADVANCED_FACE('',(#6837),#6839,.T.);
#6841=CARTESIAN_POINT('',(2.795,-7.4,2.9));
#6842=VERTEX_POINT('',#6841);
#6843=CARTESIAN_POINT('',(3.301,-7.4,2.9));
#6844=VERTEX_POINT('',#6843);
#6845=CARTESIAN_POINT('',(3.301,-10.176,2.9));
#6846=VERTEX_POINT('',#6845);
#6847=CARTESIAN_POINT('',(2.795,-10.176,2.9));
#6848=VERTEX_POINT('',#6847);
#6849=VECTOR('',#122,1.);
#6850=LINE('',#6841,#6849);
#6851=EDGE_CURVE('',#6842,#6844,#6850,.T.);
#6852=ORIENTED_EDGE('',*,*,#6851,.T.);
#6853=VECTOR('',#87,1.);
#6854=LINE('',#6845,#6853);
#6855=EDGE_CURVE('',#6846,#6844,#6854,.T.);
#6856=ORIENTED_EDGE('',*,*,#6855,.F.);
#6857=VECTOR('',#122,1.);
#6858=LINE('',#6847,#6857);
#6859=EDGE_CURVE('',#6848,#6846,#6858,.T.);
#6860=ORIENTED_EDGE('',*,*,#6859,.F.);
#6861=VECTOR('',#87,1.);
#6862=LINE('',#6847,#6861);
#6863=EDGE_CURVE('',#6848,#6842,#6862,.T.);
#6864=ORIENTED_EDGE('',*,*,#6863,.T.);
#6865=EDGE_LOOP('',(#6852,#6856,#6860,#6864));
#6866=FACE_OUTER_BOUND('',#6865,.T.);
#6867=AXIS2_PLACEMENT_3D('',#6841,#3011,#3012);
#6868=PLANE('',#6867);
#6869=ADVANCED_FACE('',(#6866),#6868,.T.);
#6870=ORIENTED_EDGE('',*,*,#6859,.T.);
#6871=VECTOR('',#1515,1.);
#6872=LINE('',#6845,#6871);
#6873=EDGE_CURVE('',#6846,#6822,#6872,.T.);
#6874=ORIENTED_EDGE('',*,*,#6873,.T.);
#6875=ORIENTED_EDGE('',*,*,#6825,.F.);
#6876=VECTOR('',#1515,1.);
#6877=LINE('',#6847,#6876);
#6878=EDGE_CURVE('',#6848,#6820,#6877,.T.);
#6879=ORIENTED_EDGE('',*,*,#6878,.F.);
#6880=EDGE_LOOP('',(#6870,#6874,#6875,#6879));
#6881=FACE_OUTER_BOUND('',#6880,.T.);
#6882=AXIS2_PLACEMENT_3D('',#6847,#3012,#3284);
#6883=PLANE('',#6882);
#6884=ADVANCED_FACE('',(#6881),#6883,.T.);
#6885=ORIENTED_EDGE('',*,*,#6855,.T.);
#6886=VECTOR('',#1515,1.);
#6887=LINE('',#6843,#6886);
#6888=EDGE_CURVE('',#6844,#1764,#6887,.T.);
#6889=ORIENTED_EDGE('',*,*,#6888,.T.);
#6890=ORIENTED_EDGE('',*,*,#6829,.F.);
#6891=ORIENTED_EDGE('',*,*,#6873,.F.);
#6892=EDGE_LOOP('',(#6885,#6889,#6890,#6891));
#6893=FACE_OUTER_BOUND('',#6892,.T.);
#6894=AXIS2_PLACEMENT_3D('',#6845,#122,#3012);
#6895=PLANE('',#6894);
#6896=ADVANCED_FACE('',(#6893),#6895,.T.);
#6897=ORIENTED_EDGE('',*,*,#6851,.F.);
#6898=VECTOR('',#1515,1.);
#6899=LINE('',#6841,#6898);
#6900=EDGE_CURVE('',#6842,#1762,#6899,.T.);
#6901=ORIENTED_EDGE('',*,*,#6900,.T.);
#6902=ORIENTED_EDGE('',*,*,#2275,.T.);
#6903=ORIENTED_EDGE('',*,*,#6888,.F.);
#6904=EDGE_LOOP('',(#6897,#6901,#6902,#6903));
#6905=FACE_OUTER_BOUND('',#6904,.T.);
#6906=AXIS2_PLACEMENT_3D('',#6843,#87,#122);
#6907=PLANE('',#6906);
#6908=ADVANCED_FACE('',(#6905),#6907,.T.);
#6909=ORIENTED_EDGE('',*,*,#6863,.F.);
#6910=ORIENTED_EDGE('',*,*,#6878,.T.);
#6911=ORIENTED_EDGE('',*,*,#6834,.T.);
#6912=ORIENTED_EDGE('',*,*,#6900,.F.);
#6913=EDGE_LOOP('',(#6909,#6910,#6911,#6912));
#6914=FACE_OUTER_BOUND('',#6913,.T.);
#6915=AXIS2_PLACEMENT_3D('',#6841,#3284,#87);
#6916=PLANE('',#6915);
#6917=ADVANCED_FACE('',(#6914),#6916,.T.);
#6918=CLOSED_SHELL('',(#6840,#6869,#6884,#6896,#6908,#6917));
#6919=MANIFOLD_SOLID_BREP('tile_lower_09',#6918);
#6920=CARTESIAN_POINT('',(3.811,-10.176,3.3));
#6921=VERTEX_POINT('',#6920);
#6922=CARTESIAN_POINT('',(4.317,-10.176,3.3));
#6923=VERTEX_POINT('',#6922);
#6924=VECTOR('',#122,1.);
#6925=LINE('',#6920,#6924);
#6926=EDGE_CURVE('',#6921,#6923,#6925,.T.);
#6927=ORIENTED_EDGE('',*,*,#6926,.T.);
#6928=VECTOR('',#87,1.);
#6929=LINE('',#6922,#6928);
#6930=EDGE_CURVE('',#6923,#1772,#6929,.T.);
#6931=ORIENTED_EDGE('',*,*,#6930,.T.);
#6932=ORIENTED_EDGE('',*,*,#2291,.F.);
#6933=VECTOR('',#87,1.);
#6934=LINE('',#6920,#6933);
#6935=EDGE_CURVE('',#6921,#1770,#6934,.T.);
#6936=ORIENTED_EDGE('',*,*,#6935,.F.);
#6937=EDGE_LOOP('',(#6927,#6931,#6932,#6936));
#6938=FACE_OUTER_BOUND('',#6937,.T.);
#6939=AXIS2_PLACEMENT_3D('',#6920,#1515,#87);
#6940=PLANE('',#6939);
#6941=ADVANCED_FACE('',(#6938),#6940,.T.);
#6942=CARTESIAN_POINT('',(3.811,-7.4,2.9));
#6943=VERTEX_POINT('',#6942);
#6944=CARTESIAN_POINT('',(4.317,-7.4,2.9));
#6945=VERTEX_POINT('',#6944);
#6946=CARTESIAN_POINT('',(4.317,-10.176,2.9));
#6947=VERTEX_POINT('',#6946);
#6948=CARTESIAN_POINT('',(3.811,-10.176,2.9));
#6949=VERTEX_POINT('',#6948);
#6950=VECTOR('',#122,1.);
#6951=LINE('',#6942,#6950);
#6952=EDGE_CURVE('',#6943,#6945,#6951,.T.);
#6953=ORIENTED_EDGE('',*,*,#6952,.T.);
#6954=VECTOR('',#87,1.);
#6955=LINE('',#6946,#6954);
#6956=EDGE_CURVE('',#6947,#6945,#6955,.T.);
#6957=ORIENTED_EDGE('',*,*,#6956,.F.);
#6958=VECTOR('',#122,1.);
#6959=LINE('',#6948,#6958);
#6960=EDGE_CURVE('',#6949,#6947,#6959,.T.);
#6961=ORIENTED_EDGE('',*,*,#6960,.F.);
#6962=VECTOR('',#87,1.);
#6963=LINE('',#6948,#6962);
#6964=EDGE_CURVE('',#6949,#6943,#6963,.T.);
#6965=ORIENTED_EDGE('',*,*,#6964,.T.);
#6966=EDGE_LOOP('',(#6953,#6957,#6961,#6965));
#6967=FACE_OUTER_BOUND('',#6966,.T.);
#6968=AXIS2_PLACEMENT_3D('',#6942,#3011,#3012);
#6969=PLANE('',#6968);
#6970=ADVANCED_FACE('',(#6967),#6969,.T.);
#6971=ORIENTED_EDGE('',*,*,#6960,.T.);
#6972=VECTOR('',#1515,1.);
#6973=LINE('',#6946,#6972);
#6974=EDGE_CURVE('',#6947,#6923,#6973,.T.);
#6975=ORIENTED_EDGE('',*,*,#6974,.T.);
#6976=ORIENTED_EDGE('',*,*,#6926,.F.);
#6977=VECTOR('',#1515,1.);
#6978=LINE('',#6948,#6977);
#6979=EDGE_CURVE('',#6949,#6921,#6978,.T.);
#6980=ORIENTED_EDGE('',*,*,#6979,.F.);
#6981=EDGE_LOOP('',(#6971,#6975,#6976,#6980));
#6982=FACE_OUTER_BOUND('',#6981,.T.);
#6983=AXIS2_PLACEMENT_3D('',#6948,#3012,#3284);
#6984=PLANE('',#6983);
#6985=ADVANCED_FACE('',(#6982),#6984,.T.);
#6986=ORIENTED_EDGE('',*,*,#6956,.T.);
#6987=VECTOR('',#1515,1.);
#6988=LINE('',#6944,#6987);
#6989=EDGE_CURVE('',#6945,#1772,#6988,.T.);
#6990=ORIENTED_EDGE('',*,*,#6989,.T.);
#6991=ORIENTED_EDGE('',*,*,#6930,.F.);
#6992=ORIENTED_EDGE('',*,*,#6974,.F.);
#6993=EDGE_LOOP('',(#6986,#6990,#6991,#6992));
#6994=FACE_OUTER_BOUND('',#6993,.T.);
#6995=AXIS2_PLACEMENT_3D('',#6946,#122,#3012);
#6996=PLANE('',#6995);
#6997=ADVANCED_FACE('',(#6994),#6996,.T.);
#6998=ORIENTED_EDGE('',*,*,#6952,.F.);
#6999=VECTOR('',#1515,1.);
#7000=LINE('',#6942,#6999);
#7001=EDGE_CURVE('',#6943,#1770,#7000,.T.);
#7002=ORIENTED_EDGE('',*,*,#7001,.T.);
#7003=ORIENTED_EDGE('',*,*,#2291,.T.);
#7004=ORIENTED_EDGE('',*,*,#6989,.F.);
#7005=EDGE_LOOP('',(#6998,#7002,#7003,#7004));
#7006=FACE_OUTER_BOUND('',#7005,.T.);
#7007=AXIS2_PLACEMENT_3D('',#6944,#87,#122);
#7008=PLANE('',#7007);
#7009=ADVANCED_FACE('',(#7006),#7008,.T.);
#7010=ORIENTED_EDGE('',*,*,#6964,.F.);
#7011=ORIENTED_EDGE('',*,*,#6979,.T.);
#7012=ORIENTED_EDGE('',*,*,#6935,.T.);
#7013=ORIENTED_EDGE('',*,*,#7001,.F.);
#7014=EDGE_LOOP('',(#7010,#7011,#7012,#7013));
#7015=FACE_OUTER_BOUND('',#7014,.T.);
#7016=AXIS2_PLACEMENT_3D('',#6942,#3284,#87);
#7017=PLANE('',#7016);
#7018=ADVANCED_FACE('',(#7015),#7017,.T.);
#7019=CLOSED_SHELL('',(#6941,#6970,#6985,#6997,#7009,#7018));
#7020=MANIFOLD_SOLID_BREP('tile_lower_10',#7019);
#7021=CARTESIAN_POINT('',(4.827,-10.176,3.3));
#7022=VERTEX_POINT('',#7021);
#7023=CARTESIAN_POINT('',(5.333,-10.176,3.3));
#7024=VERTEX_POINT('',#7023);
#7025=VECTOR('',#122,1.);
#7026=LINE('',#7021,#7025);
#7027=EDGE_CURVE('',#7022,#7024,#7026,.T.);
#7028=ORIENTED_EDGE('',*,*,#7027,.T.);
#7029=VECTOR('',#87,1.);
#7030=LINE('',#7023,#7029);
#7031=EDGE_CURVE('',#7024,#1780,#7030,.T.);
#7032=ORIENTED_EDGE('',*,*,#7031,.T.);
#7033=ORIENTED_EDGE('',*,*,#2307,.F.);
#7034=VECTOR('',#87,1.);
#7035=LINE('',#7021,#7034);
#7036=EDGE_CURVE('',#7022,#1778,#7035,.T.);
#7037=ORIENTED_EDGE('',*,*,#7036,.F.);
#7038=EDGE_LOOP('',(#7028,#7032,#7033,#7037));
#7039=FACE_OUTER_BOUND('',#7038,.T.);
#7040=AXIS2_PLACEMENT_3D('',#7021,#1515,#87);
#7041=PLANE('',#7040);
#7042=ADVANCED_FACE('',(#7039),#7041,.T.);
#7043=CARTESIAN_POINT('',(4.827,-7.4,2.9));
#7044=VERTEX_POINT('',#7043);
#7045=CARTESIAN_POINT('',(5.333,-7.4,2.9));
#7046=VERTEX_POINT('',#7045);
#7047=CARTESIAN_POINT('',(5.333,-10.176,2.9));
#7048=VERTEX_POINT('',#7047);
#7049=CARTESIAN_POINT('',(4.827,-10.176,2.9));
#7050=VERTEX_POINT('',#7049);
#7051=VECTOR('',#122,1.);
#7052=LINE('',#7043,#7051);
#7053=EDGE_CURVE('',#7044,#7046,#7052,.T.);
#7054=ORIENTED_EDGE('',*,*,#7053,.T.);
#7055=VECTOR('',#87,1.);
#7056=LINE('',#7047,#7055);
#7057=EDGE_CURVE('',#7048,#7046,#7056,.T.);
#7058=ORIENTED_EDGE('',*,*,#7057,.F.);
#7059=VECTOR('',#122,1.);
#7060=LINE('',#7049,#7059);
#7061=EDGE_CURVE('',#7050,#7048,#7060,.T.);
#7062=ORIENTED_EDGE('',*,*,#7061,.F.);
#7063=VECTOR('',#87,1.);
#7064=LINE('',#7049,#7063);
#7065=EDGE_CURVE('',#7050,#7044,#7064,.T.);
#7066=ORIENTED_EDGE('',*,*,#7065,.T.);
#7067=EDGE_LOOP('',(#7054,#7058,#7062,#7066));
#7068=FACE_OUTER_BOUND('',#7067,.T.);
#7069=AXIS2_PLACEMENT_3D('',#7043,#3011,#3012);
#7070=PLANE('',#7069);
#7071=ADVANCED_FACE('',(#7068),#7070,.T.);
#7072=ORIENTED_EDGE('',*,*,#7061,.T.);
#7073=VECTOR('',#1515,1.);
#7074=LINE('',#7047,#7073);
#7075=EDGE_CURVE('',#7048,#7024,#7074,.T.);
#7076=ORIENTED_EDGE('',*,*,#7075,.T.);
#7077=ORIENTED_EDGE('',*,*,#7027,.F.);
#7078=VECTOR('',#1515,1.);
#7079=LINE('',#7049,#7078);
#7080=EDGE_CURVE('',#7050,#7022,#7079,.T.);
#7081=ORIENTED_EDGE('',*,*,#7080,.F.);
#7082=EDGE_LOOP('',(#7072,#7076,#7077,#7081));
#7083=FACE_OUTER_BOUND('',#7082,.T.);
#7084=AXIS2_PLACEMENT_3D('',#7049,#3012,#3284);
#7085=PLANE('',#7084);
#7086=ADVANCED_FACE('',(#7083),#7085,.T.);
#7087=ORIENTED_EDGE('',*,*,#7057,.T.);
#7088=VECTOR('',#1515,1.);
#7089=LINE('',#7045,#7088);
#7090=EDGE_CURVE('',#7046,#1780,#7089,.T.);
#7091=ORIENTED_EDGE('',*,*,#7090,.T.);
#7092=ORIENTED_EDGE('',*,*,#7031,.F.);
#7093=ORIENTED_EDGE('',*,*,#7075,.F.);
#7094=EDGE_LOOP('',(#7087,#7091,#7092,#7093));
#7095=FACE_OUTER_BOUND('',#7094,.T.);
#7096=AXIS2_PLACEMENT_3D('',#7047,#122,#3012);
#7097=PLANE('',#7096);
#7098=ADVANCED_FACE('',(#7095),#7097,.T.);
#7099=ORIENTED_EDGE('',*,*,#7053,.F.);
#7100=VECTOR('',#1515,1.);
#7101=LINE('',#7043,#7100);
#7102=EDGE_CURVE('',#7044,#1778,#7101,.T.);
#7103=ORIENTED_EDGE('',*,*,#7102,.T.);
#7104=ORIENTED_EDGE('',*,*,#2307,.T.);
#7105=ORIENTED_EDGE('',*,*,#7090,.F.);
#7106=EDGE_LOOP('',(#7099,#7103,#7104,#7105));
#7107=FACE_OUTER_BOUND('',#7106,.T.);
#7108=AXIS2_PLACEMENT_3D('',#7045,#87,#122);
#7109=PLANE('',#7108);
#7110=ADVANCED_FACE('',(#7107),#7109,.T.);
#7111=ORIENTED_EDGE('',*,*,#7065,.F.);
#7112=ORIENTED_EDGE('',*,*,#7080,.T.);
#7113=ORIENTED_EDGE('',*,*,#7036,.T.);
#7114=ORIENTED_EDGE('',*,*,#7102,.F.);
#7115=EDGE_LOOP('',(#7111,#7112,#7113,#7114));
#7116=FACE_OUTER_BOUND('',#7115,.T.);
#7117=AXIS2_PLACEMENT_3D('',#7043,#3284,#87);
#7118=PLANE('',#7117);
#7119=ADVANCED_FACE('',(#7116),#7118,.T.);
#7120=CLOSED_SHELL('',(#7042,#7071,#7086,#7098,#7110,#7119));
#7121=MANIFOLD_SOLID_BREP('tile_lower_11',#7120);
#7122=CARTESIAN_POINT('',(5.843,-10.176,3.3));
#7123=VERTEX_POINT('',#7122);
#7124=CARTESIAN_POINT('',(10.176,-5.843,3.3));
#7125=VERTEX_POINT('',#7124);
#7126=VECTOR('',#122,1.);
#7127=LINE('',#7122,#7126);
#7128=EDGE_CURVE('',#7123,#1574,#7127,.T.);
#7129=ORIENTED_EDGE('',*,*,#7128,.T.);
#7130=ORIENTED_EDGE('',*,*,#1681,.T.);
#7131=ORIENTED_EDGE('',*,*,#1677,.T.);
#7132=ORIENTED_EDGE('',*,*,#1673,.T.);
#7133=ORIENTED_EDGE('',*,*,#1669,.T.);
#7134=ORIENTED_EDGE('',*,*,#1665,.T.);
#7135=ORIENTED_EDGE('',*,*,#1661,.T.);
#7136=VECTOR('',#87,1.);
#7137=LINE('',#1561,#7136);
#7138=EDGE_CURVE('',#1562,#7125,#7137,.T.);
#7139=ORIENTED_EDGE('',*,*,#7138,.T.);
#7140=VECTOR('',#122,1.);
#7141=LINE('',#1801,#7140);
#7142=EDGE_CURVE('',#1802,#7125,#7141,.T.);
#7143=ORIENTED_EDGE('',*,*,#7142,.F.);
#7144=ORIENTED_EDGE('',*,*,#2351,.F.);
#7145=ORIENTED_EDGE('',*,*,#2347,.F.);
#7146=ORIENTED_EDGE('',*,*,#2343,.F.);
#7147=ORIENTED_EDGE('',*,*,#2339,.F.);
#7148=ORIENTED_EDGE('',*,*,#2335,.F.);
#7149=ORIENTED_EDGE('',*,*,#2331,.F.);
#7150=ORIENTED_EDGE('',*,*,#2327,.F.);
#7151=ORIENTED_EDGE('',*,*,#2323,.F.);
#7152=VECTOR('',#87,1.);
#7153=LINE('',#7122,#7152);
#7154=EDGE_CURVE('',#7123,#1786,#7153,.T.);
#7155=ORIENTED_EDGE('',*,*,#7154,.F.);
#7156=EDGE_LOOP('',(#7129,#7130,#7131,#7132,#7133,#7134,#7135,#7139,#7143,#7144,#7145,#7146,#7147,#7148,#7149,#7150,#7151,#7155));
#7157=FACE_OUTER_BOUND('',#7156,.T.);
#7158=AXIS2_PLACEMENT_3D('',#7122,#1515,#87);
#7159=PLANE('',#7158);
#7160=ADVANCED_FACE('',(#7157),#7159,.T.);
#7161=CARTESIAN_POINT('',(5.843,-7.4,2.9));
#7162=VERTEX_POINT('',#7161);
#7163=CARTESIAN_POINT('',(7.,-7.4,2.9));
#7164=VERTEX_POINT('',#7163);
#7165=CARTESIAN_POINT('',(7.10352762,-7.38637033,2.9));
#7166=VERTEX_POINT('',#7165);
#7167=CARTESIAN_POINT('',(7.2,-7.34641016,2.9));
#7168=VERTEX_POINT('',#7167);
#7169=CARTESIAN_POINT('',(7.28284271,-7.28284271,2.9));
#7170=VERTEX_POINT('',#7169);
#7171=CARTESIAN_POINT('',(7.34641016,-7.2,2.9));
#7172=VERTEX_POINT('',#7171);
#7173=CARTESIAN_POINT('',(7.38637033,-7.10352762,2.9));
#7174=VERTEX_POINT('',#7173);
#7175=CARTESIAN_POINT('',(7.4,-7.,2.9));
#7176=VERTEX_POINT('',#7175);
#7177=CARTESIAN_POINT('',(7.4,-5.843,2.9));
#7178=VERTEX_POINT('',#7177);
#7179=CARTESIAN_POINT('',(10.176,-5.843,2.9));
#7180=VERTEX_POINT('',#7179);
#7181=CARTESIAN_POINT('',(10.176,-9.376,2.9));
#7182=VERTEX_POINT('',#7181);
#7183=CARTESIAN_POINT('',(10.1487407,-9.58305524,2.9));
#7184=VERTEX_POINT('',#7183);
#7185=CARTESIAN_POINT('',(10.0688203,-9.776,2.9));
#7186=VERTEX_POINT('',#7185);
#7187=CARTESIAN_POINT('',(9.94168542,-9.94168542,2.9));
#7188=VERTEX_POINT('',#7187);
#7189=CARTESIAN_POINT('',(9.776,-10.0688203,2.9));
#7190=VERTEX_POINT('',#7189);
#7191=CARTESIAN_POINT('',(9.58305524,-10.1487407,2.9));
#7192=VERTEX_POINT('',#7191);
#7193=CARTESIAN_POINT('',(9.376,-10.176,2.9));
#7194=VERTEX_POINT('',#7193);
#7195=CARTESIAN_POINT('',(5.843,-10.176,2.9));
#7196=VERTEX_POINT('',#7195);
#7197=VECTOR('',#122,1.);
#7198=LINE('',#7161,#7197);
#7199=EDGE_CURVE('',#7162,#7164,#7198,.T.);
#7200=ORIENTED_EDGE('',*,*,#7199,.T.);
#7201=VECTOR('',#867,1.);
#7202=LINE('',#7163,#7201);
#7203=EDGE_CURVE('',#7164,#7166,#7202,.T.);
#7204=ORIENTED_EDGE('',*,*,#7203,.T.);
#7205=VECTOR('',#62,1.);
#7206=LINE('',#7165,#7205);
#7207=EDGE_CURVE('',#7166,#7168,#7206,.T.);
#7208=ORIENTED_EDGE('',*,*,#7207,.T.);
#7209=VECTOR('',#858,1.);
#7210=LINE('',#7167,#7209);
#7211=EDGE_CURVE('',#7168,#7170,#7210,.T.);
#7212=ORIENTED_EDGE('',*,*,#7211,.T.);
#7213=VECTOR('',#853,1.);
#7214=LINE('',#7169,#7213);
#7215=EDGE_CURVE('',#7170,#7172,#7214,.T.);
#7216=ORIENTED_EDGE('',*,*,#7215,.T.);
#7217=VECTOR('',#77,1.);
#7218=LINE('',#7171,#7217);
#7219=EDGE_CURVE('',#7172,#7174,#7218,.T.);
#7220=ORIENTED_EDGE('',*,*,#7219,.T.);
#7221=VECTOR('',#844,1.);
#7222=LINE('',#7173,#7221);
#7223=EDGE_CURVE('',#7174,#7176,#7222,.T.);
#7224=ORIENTED_EDGE('',*,*,#7223,.T.);
#7225=VECTOR('',#87,1.);
#7226=LINE('',#7175,#7225);
#7227=EDGE_CURVE('',#7176,#7178,#7226,.T.);
#7228=ORIENTED_EDGE('',*,*,#7227,.T.);
#7229=VECTOR('',#122,1.);
#7230=LINE('',#7177,#7229);
#7231=EDGE_CURVE('',#7178,#7180,#7230,.T.);
#7232=ORIENTED_EDGE('',*,*,#7231,.T.);
#7233=VECTOR('',#87,1.);
#7234=LINE('',#7181,#7233);
#7235=EDGE_CURVE('',#7182,#7180,#7234,.T.);
#7236=ORIENTED_EDGE('',*,*,#7235,.F.);
#7237=VECTOR('',#82,1.);
#7238=LINE('',#7183,#7237);
#7239=EDGE_CURVE('',#7184,#7182,#7238,.T.);
#7240=ORIENTED_EDGE('',*,*,#7239,.F.);
#7241=VECTOR('',#77,1.);
#7242=LINE('',#7185,#7241);
#7243=EDGE_CURVE('',#7186,#7184,#7242,.T.);
#7244=ORIENTED_EDGE('',*,*,#7243,.F.);
#7245=VECTOR('',#72,1.);
#7246=LINE('',#7187,#7245);
#7247=EDGE_CURVE('',#7188,#7186,#7246,.T.);
#7248=ORIENTED_EDGE('',*,*,#7247,.F.);
#7249=VECTOR('',#67,1.);
#7250=LINE('',#7189,#7249);
#7251=EDGE_CURVE('',#7190,#7188,#7250,.T.);
#7252=ORIENTED_EDGE('',*,*,#7251,.F.);
#7253=VECTOR('',#62,1.);
#7254=LINE('',#7191,#7253);
#7255=EDGE_CURVE('',#7192,#7190,#7254,.T.);
#7256=ORIENTED_EDGE('',*,*,#7255,.F.);
#7257=VECTOR('',#57,1.);
#7258=LINE('',#7193,#7257);
#7259=EDGE_CURVE('',#7194,#7192,#7258,.T.);
#7260=ORIENTED_EDGE('',*,*,#7259,.F.);
#7261=VECTOR('',#122,1.);
#7262=LINE('',#7195,#7261);
#7263=EDGE_CURVE('',#7196,#7194,#7262,.T.);
#7264=ORIENTED_EDGE('',*,*,#7263,.F.);
#7265=VECTOR('',#87,1.);
#7266=LINE('',#7195,#7265);
#7267=EDGE_CURVE('',#7196,#7162,#7266,.T.);
#7268=ORIENTED_EDGE('',*,*,#7267,.T.);
#7269=EDGE_LOOP('',(#7200,#7204,#7208,#7212,#7216,#7220,#7224,#7228,#7232,#7236,#7240,#7244,#7248,#7252,#7256,#7260,#7264,#7268));
#7270=FACE_OUTER_BOUND('',#7269,.T.);
#7271=AXIS2_PLACEMENT_3D('',#7161,#3011,#3012);
#7272=PLANE('',#7271);
#7273=ADVANCED_FACE('',(#7270),#7272,.T.);
#7274=ORIENTED_EDGE('',*,*,#7263,.T.);
#7275=VECTOR('',#1515,1.);
#7276=LINE('',#7193,#7275);
#7277=EDGE_CURVE('',#7194,#1574,#7276,.T.);
#7278=ORIENTED_EDGE('',*,*,#7277,.T.);
#7279=ORIENTED_EDGE('',*,*,#7128,.F.);
#7280=VECTOR('',#1515,1.);
#7281=LINE('',#7195,#7280);
#7282=EDGE_CURVE('',#7196,#7123,#7281,.T.);
#7283=ORIENTED_EDGE('',*,*,#7282,.F.);
#7284=EDGE_LOOP('',(#7274,#7278,#7279,#7283));
#7285=FACE_OUTER_BOUND('',#7284,.T.);
#7286=AXIS2_PLACEMENT_3D('',#7195,#3012,#3284);
#7287=PLANE('',#7286);
#7288=ADVANCED_FACE('',(#7285),#7287,.T.);
#7289=ORIENTED_EDGE('',*,*,#7259,.T.);
#7290=VECTOR('',#1515,1.);
#7291=LINE('',#7191,#7290);
#7292=EDGE_CURVE('',#7192,#1572,#7291,.T.);
#7293=ORIENTED_EDGE('',*,*,#7292,.T.);
#7294=ORIENTED_EDGE('',*,*,#1681,.F.);
#7295=ORIENTED_EDGE('',*,*,#7277,.F.);
#7296=EDGE_LOOP('',(#7289,#7293,#7294,#7295));
#7297=FACE_OUTER_BOUND('',#7296,.T.);
#7298=AXIS2_PLACEMENT_3D('',#7193,#92,#3028);
#7299=PLANE('',#7298);
#7300=ADVANCED_FACE('',(#7297),#7299,.T.);
#7301=ORIENTED_EDGE('',*,*,#7255,.T.);
#7302=VECTOR('',#1515,1.);
#7303=LINE('',#7189,#7302);
#7304=EDGE_CURVE('',#7190,#1570,#7303,.T.);
#7305=ORIENTED_EDGE('',*,*,#7304,.T.);
#7306=ORIENTED_EDGE('',*,*,#1677,.F.);
#7307=ORIENTED_EDGE('',*,*,#7292,.F.);
#7308=EDGE_LOOP('',(#7301,#7305,#7306,#7307));
#7309=FACE_OUTER_BOUND('',#7308,.T.);
#7310=AXIS2_PLACEMENT_3D('',#7191,#97,#3041);
#7311=PLANE('',#7310);
#7312=ADVANCED_FACE('',(#7309),#7311,.T.);
#7313=ORIENTED_EDGE('',*,*,#7251,.T.);
#7314=VECTOR('',#1515,1.);
#7315=LINE('',#7187,#7314);
#7316=EDGE_CURVE('',#7188,#1568,#7315,.T.);
#7317=ORIENTED_EDGE('',*,*,#7316,.T.);
#7318=ORIENTED_EDGE('',*,*,#1673,.F.);
#7319=ORIENTED_EDGE('',*,*,#7304,.F.);
#7320=EDGE_LOOP('',(#7313,#7317,#7318,#7319));
#7321=FACE_OUTER_BOUND('',#7320,.T.);
#7322=AXIS2_PLACEMENT_3D('',#7189,#3054,#3055);
#7323=PLANE('',#7322);
#7324=ADVANCED_FACE('',(#7321),#7323,.T.);
#7325=ORIENTED_EDGE('',*,*,#7247,.T.);
#7326=VECTOR('',#1515,1.);
#7327=LINE('',#7185,#7326);
#7328=EDGE_CURVE('',#7186,#1566,#7327,.T.);
#7329=ORIENTED_EDGE('',*,*,#7328,.T.);
#7330=ORIENTED_EDGE('',*,*,#1669,.F.);
#7331=ORIENTED_EDGE('',*,*,#7316,.F.);
#7332=EDGE_LOOP('',(#7325,#7329,#7330,#7331));
#7333=FACE_OUTER_BOUND('',#7332,.T.);
#7334=AXIS2_PLACEMENT_3D('',#7187,#3068,#3069);
#7335=PLANE('',#7334);
#7336=ADVANCED_FACE('',(#7333),#7335,.T.);
#7337=ORIENTED_EDGE('',*,*,#7243,.T.);
#7338=VECTOR('',#1515,1.);
#7339=LINE('',#7183,#7338);
#7340=EDGE_CURVE('',#7184,#1564,#7339,.T.);
#7341=ORIENTED_EDGE('',*,*,#7340,.T.);
#7342=ORIENTED_EDGE('',*,*,#1665,.F.);
#7343=ORIENTED_EDGE('',*,*,#7328,.F.);
#7344=EDGE_LOOP('',(#7337,#7341,#7342,#7343));
#7345=FACE_OUTER_BOUND('',#7344,.T.);
#7346=AXIS2_PLACEMENT_3D('',#7185,#112,#3082);
#7347=PLANE('',#7346);
#7348=ADVANCED_FACE('',(#7345),#7347,.T.);
#7349=ORIENTED_EDGE('',*,*,#7239,.T.);
#7350=VECTOR('',#1515,1.);
#7351=LINE('',#7181,#7350);
#7352=EDGE_CURVE('',#7182,#1562,#7351,.T.);
#7353=ORIENTED_EDGE('',*,*,#7352,.T.);
#7354=ORIENTED_EDGE('',*,*,#1661,.F.);
#7355=ORIENTED_EDGE('',*,*,#7340,.F.);
#7356=EDGE_LOOP('',(#7349,#7353,#7354,#7355));
#7357=FACE_OUTER_BOUND('',#7356,.T.);
#7358=AXIS2_PLACEMENT_3D('',#7183,#117,#3095);
#7359=PLANE('',#7358);
#7360=ADVANCED_FACE('',(#7357),#7359,.T.);
#7361=ORIENTED_EDGE('',*,*,#7235,.T.);
#7362=VECTOR('',#1515,1.);
#7363=LINE('',#7179,#7362);
#7364=EDGE_CURVE('',#7180,#7125,#7363,.T.);
#7365=ORIENTED_EDGE('',*,*,#7364,.T.);
#7366=ORIENTED_EDGE('',*,*,#7138,.F.);
#7367=ORIENTED_EDGE('',*,*,#7352,.F.);
#7368=EDGE_LOOP('',(#7361,#7365,#7366,#7367));
#7369=FACE_OUTER_BOUND('',#7368,.T.);
#7370=AXIS2_PLACEMENT_3D('',#7181,#122,#3012);
#7371=PLANE('',#7370);
#7372=ADVANCED_FACE('',(#7369),#7371,.T.);
#7373=ORIENTED_EDGE('',*,*,#7231,.F.);
#7374=VECTOR('',#1515,1.);
#7375=LINE('',#7177,#7374);
#7376=EDGE_CURVE('',#7178,#1802,#7375,.T.);
#7377=ORIENTED_EDGE('',*,*,#7376,.T.);
#7378=ORIENTED_EDGE('',*,*,#7142,.T.);
#7379=ORIENTED_EDGE('',*,*,#7364,.F.);
#7380=EDGE_LOOP('',(#7373,#7377,#7378,#7379));
#7381=FACE_OUTER_BOUND('',#7380,.T.);
#7382=AXIS2_PLACEMENT_3D('',#7179,#87,#122);
#7383=PLANE('',#7382);
#7384=ADVANCED_FACE('',(#7381),#7383,.T.);
#7385=ORIENTED_EDGE('',*,*,#7227,.F.);
#7386=VECTOR('',#1515,1.);
#7387=LINE('',#7175,#7386);
#7388=EDGE_CURVE('',#7176,#1800,#7387,.T.);
#7389=ORIENTED_EDGE('',*,*,#7388,.T.);
#7390=ORIENTED_EDGE('',*,*,#2351,.T.);
#7391=ORIENTED_EDGE('',*,*,#7376,.F.);
#7392=EDGE_LOOP('',(#7385,#7389,#7390,#7391));
#7393=FACE_OUTER_BOUND('',#7392,.T.);
#7394=AXIS2_PLACEMENT_3D('',#7177,#3284,#87);
#7395=PLANE('',#7394);
#7396=ADVANCED_FACE('',(#7393),#7395,.T.);
#7397=ORIENTED_EDGE('',*,*,#7223,.F.);
#7398=VECTOR('',#1515,1.);
#7399=LINE('',#7173,#7398);
#7400=EDGE_CURVE('',#7174,#1798,#7399,.T.);
#7401=ORIENTED_EDGE('',*,*,#7400,.T.);
#7402=ORIENTED_EDGE('',*,*,#2347,.T.);
#7403=ORIENTED_EDGE('',*,*,#7388,.F.);
#7404=EDGE_LOOP('',(#7397,#7401,#7402,#7403));
#7405=FACE_OUTER_BOUND('',#7404,.T.);
#7406=AXIS2_PLACEMENT_3D('',#7175,#3271,#82);
#7407=PLANE('',#7406);
#7408=ADVANCED_FACE('',(#7405),#7407,.T.);
#7409=ORIENTED_EDGE('',*,*,#7219,.F.);
#7410=VECTOR('',#1515,1.);
#7411=LINE('',#7171,#7410);
#7412=EDGE_CURVE('',#7172,#1796,#7411,.T.);
#7413=ORIENTED_EDGE('',*,*,#7412,.T.);
#7414=ORIENTED_EDGE('',*,*,#2343,.T.);
#7415=ORIENTED_EDGE('',*,*,#7400,.F.);
#7416=EDGE_LOOP('',(#7409,#7413,#7414,#7415));
#7417=FACE_OUTER_BOUND('',#7416,.T.);
#7418=AXIS2_PLACEMENT_3D('',#7173,#3258,#77);
#7419=PLANE('',#7418);
#7420=ADVANCED_FACE('',(#7417),#7419,.T.);
#7421=ORIENTED_EDGE('',*,*,#7215,.F.);
#7422=VECTOR('',#1515,1.);
#7423=LINE('',#7169,#7422);
#7424=EDGE_CURVE('',#7170,#1794,#7423,.T.);
#7425=ORIENTED_EDGE('',*,*,#7424,.T.);
#7426=ORIENTED_EDGE('',*,*,#2339,.T.);
#7427=ORIENTED_EDGE('',*,*,#7412,.F.);
#7428=EDGE_LOOP('',(#7421,#7425,#7426,#7427));
#7429=FACE_OUTER_BOUND('',#7428,.T.);
#7430=AXIS2_PLACEMENT_3D('',#7171,#3245,#3157);
#7431=PLANE('',#7430);
#7432=ADVANCED_FACE('',(#7429),#7431,.T.);
#7433=ORIENTED_EDGE('',*,*,#7211,.F.);
#7434=VECTOR('',#1515,1.);
#7435=LINE('',#7167,#7434);
#7436=EDGE_CURVE('',#7168,#1792,#7435,.T.);
#7437=ORIENTED_EDGE('',*,*,#7436,.T.);
#7438=ORIENTED_EDGE('',*,*,#2335,.T.);
#7439=ORIENTED_EDGE('',*,*,#7424,.F.);
#7440=EDGE_LOOP('',(#7433,#7437,#7438,#7439));
#7441=FACE_OUTER_BOUND('',#7440,.T.);
#7442=AXIS2_PLACEMENT_3D('',#7169,#3232,#3144);
#7443=PLANE('',#7442);
#7444=ADVANCED_FACE('',(#7441),#7443,.T.);
#7445=ORIENTED_EDGE('',*,*,#7207,.F.);
#7446=VECTOR('',#1515,1.);
#7447=LINE('',#7165,#7446);
#7448=EDGE_CURVE('',#7166,#1790,#7447,.T.);
#7449=ORIENTED_EDGE('',*,*,#7448,.T.);
#7450=ORIENTED_EDGE('',*,*,#2331,.T.);
#7451=ORIENTED_EDGE('',*,*,#7436,.F.);
#7452=EDGE_LOOP('',(#7445,#7449,#7450,#7451));
#7453=FACE_OUTER_BOUND('',#7452,.T.);
#7454=AXIS2_PLACEMENT_3D('',#7167,#3219,#62);
#7455=PLANE('',#7454);
#7456=ADVANCED_FACE('',(#7453),#7455,.T.);
#7457=ORIENTED_EDGE('',*,*,#7203,.F.);
#7458=VECTOR('',#1515,1.);
#7459=LINE('',#7163,#7458);
#7460=EDGE_CURVE('',#7164,#1788,#7459,.T.);
#7461=ORIENTED_EDGE('',*,*,#7460,.T.);
#7462=ORIENTED_EDGE('',*,*,#2327,.T.);
#7463=ORIENTED_EDGE('',*,*,#7448,.F.);
#7464=EDGE_LOOP('',(#7457,#7461,#7462,#7463));
#7465=FACE_OUTER_BOUND('',#7464,.T.);
#7466=AXIS2_PLACEMENT_3D('',#7165,#3206,#57);
#7467=PLANE('',#7466);
#7468=ADVANCED_FACE('',(#7465),#7467,.T.);
#7469=ORIENTED_EDGE('',*,*,#7199,.F.);
#7470=VECTOR('',#1515,1.);
#7471=LINE('',#7161,#7470);
#7472=EDGE_CURVE('',#7162,#1786,#7471,.T.);
#7473=ORIENTED_EDGE('',*,*,#7472,.T.);
#7474=ORIENTED_EDGE('',*,*,#2323,.T.);
#7475=ORIENTED_EDGE('',*,*,#7460,.F.);
#7476=EDGE_LOOP('',(#7469,#7473,#7474,#7475));
#7477=FACE_OUTER_BOUND('',#7476,.T.);
#7478=AXIS2_PLACEMENT_3D('',#7163,#87,#122);
#7479=PLANE('',#7478);
#7480=ADVANCED_FACE('',(#7477),#7479,.T.);
#7481=ORIENTED_EDGE('',*,*,#7267,.F.);
#7482=ORIENTED_EDGE('',*,*,#7282,.T.);
#7483=ORIENTED_EDGE('',*,*,#7154,.T.);
#7484=ORIENTED_EDGE('',*,*,#7472,.F.);
#7485=EDGE_LOOP('',(#7481,#7482,#7483,#7484));
#7486=FACE_OUTER_BOUND('',#7485,.T.);
#7487=AXIS2_PLACEMENT_3D('',#7161,#3284,#87);
#7488=PLANE('',#7487);
#7489=ADVANCED_FACE('',(#7486),#7488,.T.);
#7490=CLOSED_SHELL('',(#7160,#7273,#7288,#7300,#7312,#7324,#7336,#7348,#7360,#7372,#7384,#7396,#7408,#7420,#7432,#7444,#7456,#7468,#7480,#7489));
#7491=MANIFOLD_SOLID_BREP('tile_lower_12',#7490);
#7492=CARTESIAN_POINT('',(10.176,-5.333,3.3));
#7493=VERTEX_POINT('',#7492);
#7494=CARTESIAN_POINT('',(10.176,-4.827,3.3));
#7495=VERTEX_POINT('',#7494);
#7496=VECTOR('',#87,1.);
#7497=LINE('',#7492,#7496);
#7498=EDGE_CURVE('',#7493,#7495,#7497,.T.);
#7499=ORIENTED_EDGE('',*,*,#7498,.T.);
#7500=VECTOR('',#122,1.);
#7501=LINE('',#1809,#7500);
#7502=EDGE_CURVE('',#1810,#7495,#7501,.T.);
#7503=ORIENTED_EDGE('',*,*,#7502,.F.);
#7504=ORIENTED_EDGE('',*,*,#2367,.F.);
#7505=VECTOR('',#122,1.);
#7506=LINE('',#1807,#7505);
#7507=EDGE_CURVE('',#1808,#7493,#7506,.T.);
#7508=ORIENTED_EDGE('',*,*,#7507,.T.);
#7509=EDGE_LOOP('',(#7499,#7503,#7504,#7508));
#7510=FACE_OUTER_BOUND('',#7509,.T.);
#7511=AXIS2_PLACEMENT_3D('',#7492,#1515,#87);
#7512=PLANE('',#7511);
#7513=ADVANCED_FACE('',(#7510),#7512,.T.);
#7514=CARTESIAN_POINT('',(7.4,-5.333,2.9));
#7515=VERTEX_POINT('',#7514);
#7516=CARTESIAN_POINT('',(7.4,-4.827,2.9));
#7517=VERTEX_POINT('',#7516);
#7518=CARTESIAN_POINT('',(10.176,-4.827,2.9));
#7519=VERTEX_POINT('',#7518);
#7520=CARTESIAN_POINT('',(10.176,-5.333,2.9));
#7521=VERTEX_POINT('',#7520);
#7522=VECTOR('',#87,1.);
#7523=LINE('',#7514,#7522);
#7524=EDGE_CURVE('',#7515,#7517,#7523,.T.);
#7525=ORIENTED_EDGE('',*,*,#7524,.T.);
#7526=VECTOR('',#122,1.);
#7527=LINE('',#7516,#7526);
#7528=EDGE_CURVE('',#7517,#7519,#7527,.T.);
#7529=ORIENTED_EDGE('',*,*,#7528,.T.);
#7530=VECTOR('',#87,1.);
#7531=LINE('',#7520,#7530);
#7532=EDGE_CURVE('',#7521,#7519,#7531,.T.);
#7533=ORIENTED_EDGE('',*,*,#7532,.F.);
#7534=VECTOR('',#122,1.);
#7535=LINE('',#7514,#7534);
#7536=EDGE_CURVE('',#7515,#7521,#7535,.T.);
#7537=ORIENTED_EDGE('',*,*,#7536,.F.);
#7538=EDGE_LOOP('',(#7525,#7529,#7533,#7537));
#7539=FACE_OUTER_BOUND('',#7538,.T.);
#7540=AXIS2_PLACEMENT_3D('',#7514,#3011,#3012);
#7541=PLANE('',#7540);
#7542=ADVANCED_FACE('',(#7539),#7541,.T.);
#7543=ORIENTED_EDGE('',*,*,#7532,.T.);
#7544=VECTOR('',#1515,1.);
#7545=LINE('',#7518,#7544);
#7546=EDGE_CURVE('',#7519,#7495,#7545,.T.);
#7547=ORIENTED_EDGE('',*,*,#7546,.T.);
#7548=ORIENTED_EDGE('',*,*,#7498,.F.);
#7549=VECTOR('',#1515,1.);
#7550=LINE('',#7520,#7549);
#7551=EDGE_CURVE('',#7521,#7493,#7550,.T.);
#7552=ORIENTED_EDGE('',*,*,#7551,.F.);
#7553=EDGE_LOOP('',(#7543,#7547,#7548,#7552));
#7554=FACE_OUTER_BOUND('',#7553,.T.);
#7555=AXIS2_PLACEMENT_3D('',#7520,#122,#3012);
#7556=PLANE('',#7555);
#7557=ADVANCED_FACE('',(#7554),#7556,.T.);
#7558=ORIENTED_EDGE('',*,*,#7528,.F.);
#7559=VECTOR('',#1515,1.);
#7560=LINE('',#7516,#7559);
#7561=EDGE_CURVE('',#7517,#1810,#7560,.T.);
#7562=ORIENTED_EDGE('',*,*,#7561,.T.);
#7563=ORIENTED_EDGE('',*,*,#7502,.T.);
#7564=ORIENTED_EDGE('',*,*,#7546,.F.);
#7565=EDGE_LOOP('',(#7558,#7562,#7563,#7564));
#7566=FACE_OUTER_BOUND('',#7565,.T.);
#7567=AXIS2_PLACEMENT_3D('',#7518,#87,#122);
#7568=PLANE('',#7567);
#7569=ADVANCED_FACE('',(#7566),#7568,.T.);
#7570=ORIENTED_EDGE('',*,*,#7524,.F.);
#7571=VECTOR('',#1515,1.);
#7572=LINE('',#7514,#7571);
#7573=EDGE_CURVE('',#7515,#1808,#7572,.T.);
#7574=ORIENTED_EDGE('',*,*,#7573,.T.);
#7575=ORIENTED_EDGE('',*,*,#2367,.T.);
#7576=ORIENTED_EDGE('',*,*,#7561,.F.);
#7577=EDGE_LOOP('',(#7570,#7574,#7575,#7576));
#7578=FACE_OUTER_BOUND('',#7577,.T.);
#7579=AXIS2_PLACEMENT_3D('',#7516,#3284,#87);
#7580=PLANE('',#7579);
#7581=ADVANCED_FACE('',(#7578),#7580,.T.);
#7582=ORIENTED_EDGE('',*,*,#7536,.T.);
#7583=ORIENTED_EDGE('',*,*,#7551,.T.);
#7584=ORIENTED_EDGE('',*,*,#7507,.F.);
#7585=ORIENTED_EDGE('',*,*,#7573,.F.);
#7586=EDGE_LOOP('',(#7582,#7583,#7584,#7585));
#7587=FACE_OUTER_BOUND('',#7586,.T.);
#7588=AXIS2_PLACEMENT_3D('',#7514,#3012,#3284);
#7589=PLANE('',#7588);
#7590=ADVANCED_FACE('',(#7587),#7589,.T.);
#7591=CLOSED_SHELL('',(#7513,#7542,#7557,#7569,#7581,#7590));
#7592=MANIFOLD_SOLID_BREP('tile_lower_13',#7591);
#7593=CARTESIAN_POINT('',(10.176,-4.317,3.3));
#7594=VERTEX_POINT('',#7593);
#7595=CARTESIAN_POINT('',(10.176,-3.811,3.3));
#7596=VERTEX_POINT('',#7595);
#7597=VECTOR('',#87,1.);
#7598=LINE('',#7593,#7597);
#7599=EDGE_CURVE('',#7594,#7596,#7598,.T.);
#7600=ORIENTED_EDGE('',*,*,#7599,.T.);
#7601=VECTOR('',#122,1.);
#7602=LINE('',#1817,#7601);
#7603=EDGE_CURVE('',#1818,#7596,#7602,.T.);
#7604=ORIENTED_EDGE('',*,*,#7603,.F.);
#7605=ORIENTED_EDGE('',*,*,#2383,.F.);
#7606=VECTOR('',#122,1.);
#7607=LINE('',#1815,#7606);
#7608=EDGE_CURVE('',#1816,#7594,#7607,.T.);
#7609=ORIENTED_EDGE('',*,*,#7608,.T.);
#7610=EDGE_LOOP('',(#7600,#7604,#7605,#7609));
#7611=FACE_OUTER_BOUND('',#7610,.T.);
#7612=AXIS2_PLACEMENT_3D('',#7593,#1515,#87);
#7613=PLANE('',#7612);
#7614=ADVANCED_FACE('',(#7611),#7613,.T.);
#7615=CARTESIAN_POINT('',(7.4,-4.317,2.9));
#7616=VERTEX_POINT('',#7615);
#7617=CARTESIAN_POINT('',(7.4,-3.811,2.9));
#7618=VERTEX_POINT('',#7617);
#7619=CARTESIAN_POINT('',(10.176,-3.811,2.9));
#7620=VERTEX_POINT('',#7619);
#7621=CARTESIAN_POINT('',(10.176,-4.317,2.9));
#7622=VERTEX_POINT('',#7621);
#7623=VECTOR('',#87,1.);
#7624=LINE('',#7615,#7623);
#7625=EDGE_CURVE('',#7616,#7618,#7624,.T.);
#7626=ORIENTED_EDGE('',*,*,#7625,.T.);
#7627=VECTOR('',#122,1.);
#7628=LINE('',#7617,#7627);
#7629=EDGE_CURVE('',#7618,#7620,#7628,.T.);
#7630=ORIENTED_EDGE('',*,*,#7629,.T.);
#7631=VECTOR('',#87,1.);
#7632=LINE('',#7621,#7631);
#7633=EDGE_CURVE('',#7622,#7620,#7632,.T.);
#7634=ORIENTED_EDGE('',*,*,#7633,.F.);
#7635=VECTOR('',#122,1.);
#7636=LINE('',#7615,#7635);
#7637=EDGE_CURVE('',#7616,#7622,#7636,.T.);
#7638=ORIENTED_EDGE('',*,*,#7637,.F.);
#7639=EDGE_LOOP('',(#7626,#7630,#7634,#7638));
#7640=FACE_OUTER_BOUND('',#7639,.T.);
#7641=AXIS2_PLACEMENT_3D('',#7615,#3011,#3012);
#7642=PLANE('',#7641);
#7643=ADVANCED_FACE('',(#7640),#7642,.T.);
#7644=ORIENTED_EDGE('',*,*,#7633,.T.);
#7645=VECTOR('',#1515,1.);
#7646=LINE('',#7619,#7645);
#7647=EDGE_CURVE('',#7620,#7596,#7646,.T.);
#7648=ORIENTED_EDGE('',*,*,#7647,.T.);
#7649=ORIENTED_EDGE('',*,*,#7599,.F.);
#7650=VECTOR('',#1515,1.);
#7651=LINE('',#7621,#7650);
#7652=EDGE_CURVE('',#7622,#7594,#7651,.T.);
#7653=ORIENTED_EDGE('',*,*,#7652,.F.);
#7654=EDGE_LOOP('',(#7644,#7648,#7649,#7653));
#7655=FACE_OUTER_BOUND('',#7654,.T.);
#7656=AXIS2_PLACEMENT_3D('',#7621,#122,#3012);
#7657=PLANE('',#7656);
#7658=ADVANCED_FACE('',(#7655),#7657,.T.);
#7659=ORIENTED_EDGE('',*,*,#7629,.F.);
#7660=VECTOR('',#1515,1.);
#7661=LINE('',#7617,#7660);
#7662=EDGE_CURVE('',#7618,#1818,#7661,.T.);
#7663=ORIENTED_EDGE('',*,*,#7662,.T.);
#7664=ORIENTED_EDGE('',*,*,#7603,.T.);
#7665=ORIENTED_EDGE('',*,*,#7647,.F.);
#7666=EDGE_LOOP('',(#7659,#7663,#7664,#7665));
#7667=FACE_OUTER_BOUND('',#7666,.T.);
#7668=AXIS2_PLACEMENT_3D('',#7619,#87,#122);
#7669=PLANE('',#7668);
#7670=ADVANCED_FACE('',(#7667),#7669,.T.);
#7671=ORIENTED_EDGE('',*,*,#7625,.F.);
#7672=VECTOR('',#1515,1.);
#7673=LINE('',#7615,#7672);
#7674=EDGE_CURVE('',#7616,#1816,#7673,.T.);
#7675=ORIENTED_EDGE('',*,*,#7674,.T.);
#7676=ORIENTED_EDGE('',*,*,#2383,.T.);
#7677=ORIENTED_EDGE('',*,*,#7662,.F.);
#7678=EDGE_LOOP('',(#7671,#7675,#7676,#7677));
#7679=FACE_OUTER_BOUND('',#7678,.T.);
#7680=AXIS2_PLACEMENT_3D('',#7617,#3284,#87);
#7681=PLANE('',#7680);
#7682=ADVANCED_FACE('',(#7679),#7681,.T.);
#7683=ORIENTED_EDGE('',*,*,#7637,.T.);
#7684=ORIENTED_EDGE('',*,*,#7652,.T.);
#7685=ORIENTED_EDGE('',*,*,#7608,.F.);
#7686=ORIENTED_EDGE('',*,*,#7674,.F.);
#7687=EDGE_LOOP('',(#7683,#7684,#7685,#7686));
#7688=FACE_OUTER_BOUND('',#7687,.T.);
#7689=AXIS2_PLACEMENT_3D('',#7615,#3012,#3284);
#7690=PLANE('',#7689);
#7691=ADVANCED_FACE('',(#7688),#7690,.T.);
#7692=CLOSED_SHELL('',(#7614,#7643,#7658,#7670,#7682,#7691));
#7693=MANIFOLD_SOLID_BREP('tile_lower_14',#7692);
#7694=CARTESIAN_POINT('',(10.176,-3.301,3.3));
#7695=VERTEX_POINT('',#7694);
#7696=CARTESIAN_POINT('',(10.176,-2.795,3.3));
#7697=VERTEX_POINT('',#7696);
#7698=VECTOR('',#87,1.);
#7699=LINE('',#7694,#7698);
#7700=EDGE_CURVE('',#7695,#7697,#7699,.T.);
#7701=ORIENTED_EDGE('',*,*,#7700,.T.);
#7702=VECTOR('',#122,1.);
#7703=LINE('',#1825,#7702);
#7704=EDGE_CURVE('',#1826,#7697,#7703,.T.);
#7705=ORIENTED_EDGE('',*,*,#7704,.F.);
#7706=ORIENTED_EDGE('',*,*,#2399,.F.);
#7707=VECTOR('',#122,1.);
#7708=LINE('',#1823,#7707);
#7709=EDGE_CURVE('',#1824,#7695,#7708,.T.);
#7710=ORIENTED_EDGE('',*,*,#7709,.T.);
#7711=EDGE_LOOP('',(#7701,#7705,#7706,#7710));
#7712=FACE_OUTER_BOUND('',#7711,.T.);
#7713=AXIS2_PLACEMENT_3D('',#7694,#1515,#87);
#7714=PLANE('',#7713);
#7715=ADVANCED_FACE('',(#7712),#7714,.T.);
#7716=CARTESIAN_POINT('',(7.4,-3.301,2.9));
#7717=VERTEX_POINT('',#7716);
#7718=CARTESIAN_POINT('',(7.4,-2.795,2.9));
#7719=VERTEX_POINT('',#7718);
#7720=CARTESIAN_POINT('',(10.176,-2.795,2.9));
#7721=VERTEX_POINT('',#7720);
#7722=CARTESIAN_POINT('',(10.176,-3.301,2.9));
#7723=VERTEX_POINT('',#7722);
#7724=VECTOR('',#87,1.);
#7725=LINE('',#7716,#7724);
#7726=EDGE_CURVE('',#7717,#7719,#7725,.T.);
#7727=ORIENTED_EDGE('',*,*,#7726,.T.);
#7728=VECTOR('',#122,1.);
#7729=LINE('',#7718,#7728);
#7730=EDGE_CURVE('',#7719,#7721,#7729,.T.);
#7731=ORIENTED_EDGE('',*,*,#7730,.T.);
#7732=VECTOR('',#87,1.);
#7733=LINE('',#7722,#7732);
#7734=EDGE_CURVE('',#7723,#7721,#7733,.T.);
#7735=ORIENTED_EDGE('',*,*,#7734,.F.);
#7736=VECTOR('',#122,1.);
#7737=LINE('',#7716,#7736);
#7738=EDGE_CURVE('',#7717,#7723,#7737,.T.);
#7739=ORIENTED_EDGE('',*,*,#7738,.F.);
#7740=EDGE_LOOP('',(#7727,#7731,#7735,#7739));
#7741=FACE_OUTER_BOUND('',#7740,.T.);
#7742=AXIS2_PLACEMENT_3D('',#7716,#3011,#3012);
#7743=PLANE('',#7742);
#7744=ADVANCED_FACE('',(#7741),#7743,.T.);
#7745=ORIENTED_EDGE('',*,*,#7734,.T.);
#7746=VECTOR('',#1515,1.);
#7747=LINE('',#7720,#7746);
#7748=EDGE_CURVE('',#7721,#7697,#7747,.T.);
#7749=ORIENTED_EDGE('',*,*,#7748,.T.);
#7750=ORIENTED_EDGE('',*,*,#7700,.F.);
#7751=VECTOR('',#1515,1.);
#7752=LINE('',#7722,#7751);
#7753=EDGE_CURVE('',#7723,#7695,#7752,.T.);
#7754=ORIENTED_EDGE('',*,*,#7753,.F.);
#7755=EDGE_LOOP('',(#7745,#7749,#7750,#7754));
#7756=FACE_OUTER_BOUND('',#7755,.T.);
#7757=AXIS2_PLACEMENT_3D('',#7722,#122,#3012);
#7758=PLANE('',#7757);
#7759=ADVANCED_FACE('',(#7756),#7758,.T.);
#7760=ORIENTED_EDGE('',*,*,#7730,.F.);
#7761=VECTOR('',#1515,1.);
#7762=LINE('',#7718,#7761);
#7763=EDGE_CURVE('',#7719,#1826,#7762,.T.);
#7764=ORIENTED_EDGE('',*,*,#7763,.T.);
#7765=ORIENTED_EDGE('',*,*,#7704,.T.);
#7766=ORIENTED_EDGE('',*,*,#7748,.F.);
#7767=EDGE_LOOP('',(#7760,#7764,#7765,#7766));
#7768=FACE_OUTER_BOUND('',#7767,.T.);
#7769=AXIS2_PLACEMENT_3D('',#7720,#87,#122);
#7770=PLANE('',#7769);
#7771=ADVANCED_FACE('',(#7768),#7770,.T.);
#7772=ORIENTED_EDGE('',*,*,#7726,.F.);
#7773=VECTOR('',#1515,1.);
#7774=LINE('',#7716,#7773);
#7775=EDGE_CURVE('',#7717,#1824,#7774,.T.);
#7776=ORIENTED_EDGE('',*,*,#7775,.T.);
#7777=ORIENTED_EDGE('',*,*,#2399,.T.);
#7778=ORIENTED_EDGE('',*,*,#7763,.F.);
#7779=EDGE_LOOP('',(#7772,#7776,#7777,#7778));
#7780=FACE_OUTER_BOUND('',#7779,.T.);
#7781=AXIS2_PLACEMENT_3D('',#7718,#3284,#87);
#7782=PLANE('',#7781);
#7783=ADVANCED_FACE('',(#7780),#7782,.T.);
#7784=ORIENTED_EDGE('',*,*,#7738,.T.);
#7785=ORIENTED_EDGE('',*,*,#7753,.T.);
#7786=ORIENTED_EDGE('',*,*,#7709,.F.);
#7787=ORIENTED_EDGE('',*,*,#7775,.F.);
#7788=EDGE_LOOP('',(#7784,#7785,#7786,#7787));
#7789=FACE_OUTER_BOUND('',#7788,.T.);
#7790=AXIS2_PLACEMENT_3D('',#7716,#3012,#3284);
#7791=PLANE('',#7790);
#7792=ADVANCED_FACE('',(#7789),#7791,.T.);
#7793=CLOSED_SHELL('',(#7715,#7744,#7759,#7771,#7783,#7792));
#7794=MANIFOLD_SOLID_BREP('tile_lower_15',#7793);
#7795=CARTESIAN_POINT('',(10.176,-2.285,3.3));
#7796=VERTEX_POINT('',#7795);
#7797=CARTESIAN_POINT('',(10.176,-1.779,3.3));
#7798=VERTEX_POINT('',#7797);
#7799=VECTOR('',#87,1.);
#7800=LINE('',#7795,#7799);
#7801=EDGE_CURVE('',#7796,#7798,#7800,.T.);
#7802=ORIENTED_EDGE('',*,*,#7801,.T.);
#7803=VECTOR('',#122,1.);
#7804=LINE('',#1833,#7803);
#7805=EDGE_CURVE('',#1834,#7798,#7804,.T.);
#7806=ORIENTED_EDGE('',*,*,#7805,.F.);
#7807=ORIENTED_EDGE('',*,*,#2415,.F.);
#7808=VECTOR('',#122,1.);
#7809=LINE('',#1831,#7808);
#7810=EDGE_CURVE('',#1832,#7796,#7809,.T.);
#7811=ORIENTED_EDGE('',*,*,#7810,.T.);
#7812=EDGE_LOOP('',(#7802,#7806,#7807,#7811));
#7813=FACE_OUTER_BOUND('',#7812,.T.);
#7814=AXIS2_PLACEMENT_3D('',#7795,#1515,#87);
#7815=PLANE('',#7814);
#7816=ADVANCED_FACE('',(#7813),#7815,.T.);
#7817=CARTESIAN_POINT('',(7.4,-2.285,2.9));
#7818=VERTEX_POINT('',#7817);
#7819=CARTESIAN_POINT('',(7.4,-1.779,2.9));
#7820=VERTEX_POINT('',#7819);
#7821=CARTESIAN_POINT('',(10.176,-1.779,2.9));
#7822=VERTEX_POINT('',#7821);
#7823=CARTESIAN_POINT('',(10.176,-2.285,2.9));
#7824=VERTEX_POINT('',#7823);
#7825=VECTOR('',#87,1.);
#7826=LINE('',#7817,#7825);
#7827=EDGE_CURVE('',#7818,#7820,#7826,.T.);
#7828=ORIENTED_EDGE('',*,*,#7827,.T.);
#7829=VECTOR('',#122,1.);
#7830=LINE('',#7819,#7829);
#7831=EDGE_CURVE('',#7820,#7822,#7830,.T.);
#7832=ORIENTED_EDGE('',*,*,#7831,.T.);
#7833=VECTOR('',#87,1.);
#7834=LINE('',#7823,#7833);
#7835=EDGE_CURVE('',#7824,#7822,#7834,.T.);
#7836=ORIENTED_EDGE('',*,*,#7835,.F.);
#7837=VECTOR('',#122,1.);
#7838=LINE('',#7817,#7837);
#7839=EDGE_CURVE('',#7818,#7824,#7838,.T.);
#7840=ORIENTED_EDGE('',*,*,#7839,.F.);
#7841=EDGE_LOOP('',(#7828,#7832,#7836,#7840));
#7842=FACE_OUTER_BOUND('',#7841,.T.);
#7843=AXIS2_PLACEMENT_3D('',#7817,#3011,#3012);
#7844=PLANE('',#7843);
#7845=ADVANCED_FACE('',(#7842),#7844,.T.);
#7846=ORIENTED_EDGE('',*,*,#7835,.T.);
#7847=VECTOR('',#1515,1.);
#7848=LINE('',#7821,#7847);
#7849=EDGE_CURVE('',#7822,#7798,#7848,.T.);
#7850=ORIENTED_EDGE('',*,*,#7849,.T.);
#7851=ORIENTED_EDGE('',*,*,#7801,.F.);
#7852=VECTOR('',#1515,1.);
#7853=LINE('',#7823,#7852);
#7854=EDGE_CURVE('',#7824,#7796,#7853,.T.);
#7855=ORIENTED_EDGE('',*,*,#7854,.F.);
#7856=EDGE_LOOP('',(#7846,#7850,#7851,#7855));
#7857=FACE_OUTER_BOUND('',#7856,.T.);
#7858=AXIS2_PLACEMENT_3D('',#7823,#122,#3012);
#7859=PLANE('',#7858);
#7860=ADVANCED_FACE('',(#7857),#7859,.T.);
#7861=ORIENTED_EDGE('',*,*,#7831,.F.);
#7862=VECTOR('',#1515,1.);
#7863=LINE('',#7819,#7862);
#7864=EDGE_CURVE('',#7820,#1834,#7863,.T.);
#7865=ORIENTED_EDGE('',*,*,#7864,.T.);
#7866=ORIENTED_EDGE('',*,*,#7805,.T.);
#7867=ORIENTED_EDGE('',*,*,#7849,.F.);
#7868=EDGE_LOOP('',(#7861,#7865,#7866,#7867));
#7869=FACE_OUTER_BOUND('',#7868,.T.);
#7870=AXIS2_PLACEMENT_3D('',#7821,#87,#122);
#7871=PLANE('',#7870);
#7872=ADVANCED_FACE('',(#7869),#7871,.T.);
#7873=ORIENTED_EDGE('',*,*,#7827,.F.);
#7874=VECTOR('',#1515,1.);
#7875=LINE('',#7817,#7874);
#7876=EDGE_CURVE('',#7818,#1832,#7875,.T.);
#7877=ORIENTED_EDGE('',*,*,#7876,.T.);
#7878=ORIENTED_EDGE('',*,*,#2415,.T.);
#7879=ORIENTED_EDGE('',*,*,#7864,.F.);
#7880=EDGE_LOOP('',(#7873,#7877,#7878,#7879));
#7881=FACE_OUTER_BOUND('',#7880,.T.);
#7882=AXIS2_PLACEMENT_3D('',#7819,#3284,#87);
#7883=PLANE('',#7882);
#7884=ADVANCED_FACE('',(#7881),#7883,.T.);
#7885=ORIENTED_EDGE('',*,*,#7839,.T.);
#7886=ORIENTED_EDGE('',*,*,#7854,.T.);
#7887=ORIENTED_EDGE('',*,*,#7810,.F.);
#7888=ORIENTED_EDGE('',*,*,#7876,.F.);
#7889=EDGE_LOOP('',(#7885,#7886,#7887,#7888));
#7890=FACE_OUTER_BOUND('',#7889,.T.);
#7891=AXIS2_PLACEMENT_3D('',#7817,#3012,#3284);
#7892=PLANE('',#7891);
#7893=ADVANCED_FACE('',(#7890),#7892,.T.);
#7894=CLOSED_SHELL('',(#7816,#7845,#7860,#7872,#7884,#7893));
#7895=MANIFOLD_SOLID_BREP('tile_lower_16',#7894);
#7896=CARTESIAN_POINT('',(10.176,-1.269,3.3));
#7897=VERTEX_POINT('',#7896);
#7898=CARTESIAN_POINT('',(10.176,-0.763,3.3));
#7899=VERTEX_POINT('',#7898);
#7900=VECTOR('',#87,1.);
#7901=LINE('',#7896,#7900);
#7902=EDGE_CURVE('',#7897,#7899,#7901,.T.);
#7903=ORIENTED_EDGE('',*,*,#7902,.T.);
#7904=VECTOR('',#122,1.);
#7905=LINE('',#1841,#7904);
#7906=EDGE_CURVE('',#1842,#7899,#7905,.T.);
#7907=ORIENTED_EDGE('',*,*,#7906,.F.);
#7908=ORIENTED_EDGE('',*,*,#2431,.F.);
#7909=VECTOR('',#122,1.);
#7910=LINE('',#1839,#7909);
#7911=EDGE_CURVE('',#1840,#7897,#7910,.T.);
#7912=ORIENTED_EDGE('',*,*,#7911,.T.);
#7913=EDGE_LOOP('',(#7903,#7907,#7908,#7912));
#7914=FACE_OUTER_BOUND('',#7913,.T.);
#7915=AXIS2_PLACEMENT_3D('',#7896,#1515,#87);
#7916=PLANE('',#7915);
#7917=ADVANCED_FACE('',(#7914),#7916,.T.);
#7918=CARTESIAN_POINT('',(7.4,-1.269,2.9));
#7919=VERTEX_POINT('',#7918);
#7920=CARTESIAN_POINT('',(7.4,-0.763,2.9));
#7921=VERTEX_POINT('',#7920);
#7922=CARTESIAN_POINT('',(10.176,-0.763,2.9));
#7923=VERTEX_POINT('',#7922);
#7924=CARTESIAN_POINT('',(10.176,-1.269,2.9));
#7925=VERTEX_POINT('',#7924);
#7926=VECTOR('',#87,1.);
#7927=LINE('',#7918,#7926);
#7928=EDGE_CURVE('',#7919,#7921,#7927,.T.);
#7929=ORIENTED_EDGE('',*,*,#7928,.T.);
#7930=VECTOR('',#122,1.);
#7931=LINE('',#7920,#7930);
#7932=EDGE_CURVE('',#7921,#7923,#7931,.T.);
#7933=ORIENTED_EDGE('',*,*,#7932,.T.);
#7934=VECTOR('',#87,1.);
#7935=LINE('',#7924,#7934);
#7936=EDGE_CURVE('',#7925,#7923,#7935,.T.);
#7937=ORIENTED_EDGE('',*,*,#7936,.F.);
#7938=VECTOR('',#122,1.);
#7939=LINE('',#7918,#7938);
#7940=EDGE_CURVE('',#7919,#7925,#7939,.T.);
#7941=ORIENTED_EDGE('',*,*,#7940,.F.);
#7942=EDGE_LOOP('',(#7929,#7933,#7937,#7941));
#7943=FACE_OUTER_BOUND('',#7942,.T.);
#7944=AXIS2_PLACEMENT_3D('',#7918,#3011,#3012);
#7945=PLANE('',#7944);
#7946=ADVANCED_FACE('',(#7943),#7945,.T.);
#7947=ORIENTED_EDGE('',*,*,#7936,.T.);
#7948=VECTOR('',#1515,1.);
#7949=LINE('',#7922,#7948);
#7950=EDGE_CURVE('',#7923,#7899,#7949,.T.);
#7951=ORIENTED_EDGE('',*,*,#7950,.T.);
#7952=ORIENTED_EDGE('',*,*,#7902,.F.);
#7953=VECTOR('',#1515,1.);
#7954=LINE('',#7924,#7953);
#7955=EDGE_CURVE('',#7925,#7897,#7954,.T.);
#7956=ORIENTED_EDGE('',*,*,#7955,.F.);
#7957=EDGE_LOOP('',(#7947,#7951,#7952,#7956));
#7958=FACE_OUTER_BOUND('',#7957,.T.);
#7959=AXIS2_PLACEMENT_3D('',#7924,#122,#3012);
#7960=PLANE('',#7959);
#7961=ADVANCED_FACE('',(#7958),#7960,.T.);
#7962=ORIENTED_EDGE('',*,*,#7932,.F.);
#7963=VECTOR('',#1515,1.);
#7964=LINE('',#7920,#7963);
#7965=EDGE_CURVE('',#7921,#1842,#7964,.T.);
#7966=ORIENTED_EDGE('',*,*,#7965,.T.);
#7967=ORIENTED_EDGE('',*,*,#7906,.T.);
#7968=ORIENTED_EDGE('',*,*,#7950,.F.);
#7969=EDGE_LOOP('',(#7962,#7966,#7967,#7968));
#7970=FACE_OUTER_BOUND('',#7969,.T.);
#7971=AXIS2_PLACEMENT_3D('',#7922,#87,#122);
#7972=PLANE('',#7971);
#7973=ADVANCED_FACE('',(#7970),#7972,.T.);
#7974=ORIENTED_EDGE('',*,*,#7928,.F.);
#7975=VECTOR('',#1515,1.);
#7976=LINE('',#7918,#7975);
#7977=EDGE_CURVE('',#7919,#1840,#7976,.T.);
#7978=ORIENTED_EDGE('',*,*,#7977,.T.);
#7979=ORIENTED_EDGE('',*,*,#2431,.T.);
#7980=ORIENTED_EDGE('',*,*,#7965,.F.);
#7981=EDGE_LOOP('',(#7974,#7978,#7979,#7980));
#7982=FACE_OUTER_BOUND('',#7981,.T.);
#7983=AXIS2_PLACEMENT_3D('',#7920,#3284,#87);
#7984=PLANE('',#7983);
#7985=ADVANCED_FACE('',(#7982),#7984,.T.);
#7986=ORIENTED_EDGE('',*,*,#7940,.T.);
#7987=ORIENTED_EDGE('',*,*,#7955,.T.);
#7988=ORIENTED_EDGE('',*,*,#7911,.F.);
#7989=ORIENTED_EDGE('',*,*,#7977,.F.);
#7990=EDGE_LOOP('',(#7986,#7987,#7988,#7989));
#7991=FACE_OUTER_BOUND('',#7990,.T.);
#7992=AXIS2_PLACEMENT_3D('',#7918,#3012,#3284);
#7993=PLANE('',#7992);
#7994=ADVANCED_FACE('',(#7991),#7993,.T.);
#7995=CLOSED_SHELL('',(#7917,#7946,#7961,#7973,#7985,#7994));
#7996=MANIFOLD_SOLID_BREP('tile_lower_17',#7995);
#7997=CARTESIAN_POINT('',(10.176,-0.253,3.3));
#7998=VERTEX_POINT('',#7997);
#7999=CARTESIAN_POINT('',(10.176,0.253,3.3));
#8000=VERTEX_POINT('',#7999);
#8001=VECTOR('',#87,1.);
#8002=LINE('',#7997,#8001);
#8003=EDGE_CURVE('',#7998,#8000,#8002,.T.);
#8004=ORIENTED_EDGE('',*,*,#8003,.T.);
#8005=VECTOR('',#122,1.);
#8006=LINE('',#1849,#8005);
#8007=EDGE_CURVE('',#1850,#8000,#8006,.T.);
#8008=ORIENTED_EDGE('',*,*,#8007,.F.);
#8009=ORIENTED_EDGE('',*,*,#2447,.F.);
#8010=VECTOR('',#122,1.);
#8011=LINE('',#1847,#8010);
#8012=EDGE_CURVE('',#1848,#7998,#8011,.T.);
#8013=ORIENTED_EDGE('',*,*,#8012,.T.);
#8014=EDGE_LOOP('',(#8004,#8008,#8009,#8013));
#8015=FACE_OUTER_BOUND('',#8014,.T.);
#8016=AXIS2_PLACEMENT_3D('',#7997,#1515,#87);
#8017=PLANE('',#8016);
#8018=ADVANCED_FACE('',(#8015),#8017,.T.);
#8019=CARTESIAN_POINT('',(7.4,-0.253,2.9));
#8020=VERTEX_POINT('',#8019);
#8021=CARTESIAN_POINT('',(7.4,0.253,2.9));
#8022=VERTEX_POINT('',#8021);
#8023=CARTESIAN_POINT('',(10.176,0.253,2.9));
#8024=VERTEX_POINT('',#8023);
#8025=CARTESIAN_POINT('',(10.176,-0.253,2.9));
#8026=VERTEX_POINT('',#8025);
#8027=VECTOR('',#87,1.);
#8028=LINE('',#8019,#8027);
#8029=EDGE_CURVE('',#8020,#8022,#8028,.T.);
#8030=ORIENTED_EDGE('',*,*,#8029,.T.);
#8031=VECTOR('',#122,1.);
#8032=LINE('',#8021,#8031);
#8033=EDGE_CURVE('',#8022,#8024,#8032,.T.);
#8034=ORIENTED_EDGE('',*,*,#8033,.T.);
#8035=VECTOR('',#87,1.);
#8036=LINE('',#8025,#8035);
#8037=EDGE_CURVE('',#8026,#8024,#8036,.T.);
#8038=ORIENTED_EDGE('',*,*,#8037,.F.);
#8039=VECTOR('',#122,1.);
#8040=LINE('',#8019,#8039);
#8041=EDGE_CURVE('',#8020,#8026,#8040,.T.);
#8042=ORIENTED_EDGE('',*,*,#8041,.F.);
#8043=EDGE_LOOP('',(#8030,#8034,#8038,#8042));
#8044=FACE_OUTER_BOUND('',#8043,.T.);
#8045=AXIS2_PLACEMENT_3D('',#8019,#3011,#3012);
#8046=PLANE('',#8045);
#8047=ADVANCED_FACE('',(#8044),#8046,.T.);
#8048=ORIENTED_EDGE('',*,*,#8037,.T.);
#8049=VECTOR('',#1515,1.);
#8050=LINE('',#8023,#8049);
#8051=EDGE_CURVE('',#8024,#8000,#8050,.T.);
#8052=ORIENTED_EDGE('',*,*,#8051,.T.);
#8053=ORIENTED_EDGE('',*,*,#8003,.F.);
#8054=VECTOR('',#1515,1.);
#8055=LINE('',#8025,#8054);
#8056=EDGE_CURVE('',#8026,#7998,#8055,.T.);
#8057=ORIENTED_EDGE('',*,*,#8056,.F.);
#8058=EDGE_LOOP('',(#8048,#8052,#8053,#8057));
#8059=FACE_OUTER_BOUND('',#8058,.T.);
#8060=AXIS2_PLACEMENT_3D('',#8025,#122,#3012);
#8061=PLANE('',#8060);
#8062=ADVANCED_FACE('',(#8059),#8061,.T.);
#8063=ORIENTED_EDGE('',*,*,#8033,.F.);
#8064=VECTOR('',#1515,1.);
#8065=LINE('',#8021,#8064);
#8066=EDGE_CURVE('',#8022,#1850,#8065,.T.);
#8067=ORIENTED_EDGE('',*,*,#8066,.T.);
#8068=ORIENTED_EDGE('',*,*,#8007,.T.);
#8069=ORIENTED_EDGE('',*,*,#8051,.F.);
#8070=EDGE_LOOP('',(#8063,#8067,#8068,#8069));
#8071=FACE_OUTER_BOUND('',#8070,.T.);
#8072=AXIS2_PLACEMENT_3D('',#8023,#87,#122);
#8073=PLANE('',#8072);
#8074=ADVANCED_FACE('',(#8071),#8073,.T.);
#8075=ORIENTED_EDGE('',*,*,#8029,.F.);
#8076=VECTOR('',#1515,1.);
#8077=LINE('',#8019,#8076);
#8078=EDGE_CURVE('',#8020,#1848,#8077,.T.);
#8079=ORIENTED_EDGE('',*,*,#8078,.T.);
#8080=ORIENTED_EDGE('',*,*,#2447,.T.);
#8081=ORIENTED_EDGE('',*,*,#8066,.F.);
#8082=EDGE_LOOP('',(#8075,#8079,#8080,#8081));
#8083=FACE_OUTER_BOUND('',#8082,.T.);
#8084=AXIS2_PLACEMENT_3D('',#8021,#3284,#87);
#8085=PLANE('',#8084);
#8086=ADVANCED_FACE('',(#8083),#8085,.T.);
#8087=ORIENTED_EDGE('',*,*,#8041,.T.);
#8088=ORIENTED_EDGE('',*,*,#8056,.T.);
#8089=ORIENTED_EDGE('',*,*,#8012,.F.);
#8090=ORIENTED_EDGE('',*,*,#8078,.F.);
#8091=EDGE_LOOP('',(#8087,#8088,#8089,#8090));
#8092=FACE_OUTER_BOUND('',#8091,.T.);
#8093=AXIS2_PLACEMENT_3D('',#8019,#3012,#3284);
#8094=PLANE('',#8093);
#8095=ADVANCED_FACE('',(#8092),#8094,.T.);
#8096=CLOSED_SHELL('',(#8018,#8047,#8062,#8074,#8086,#8095));
#8097=MANIFOLD_SOLID_BREP('tile_lower_18',#8096);
#8098=CARTESIAN_POINT('',(10.176,0.763,3.3));
#8099=VERTEX_POINT('',#8098);
#8100=CARTESIAN_POINT('',(10.176,1.269,3.3));
#8101=VERTEX_POINT('',#8100);
#8102=VECTOR('',#87,1.);
#8103=LINE('',#8098,#8102);
#8104=EDGE_CURVE('',#8099,#8101,#8103,.T.);
#8105=ORIENTED_EDGE('',*,*,#8104,.T.);
#8106=VECTOR('',#122,1.);
#8107=LINE('',#1857,#8106);
#8108=EDGE_CURVE('',#1858,#8101,#8107,.T.);
#8109=ORIENTED_EDGE('',*,*,#8108,.F.);
#8110=ORIENTED_EDGE('',*,*,#2463,.F.);
#8111=VECTOR('',#122,1.);
#8112=LINE('',#1855,#8111);
#8113=EDGE_CURVE('',#1856,#8099,#8112,.T.);
#8114=ORIENTED_EDGE('',*,*,#8113,.T.);
#8115=EDGE_LOOP('',(#8105,#8109,#8110,#8114));
#8116=FACE_OUTER_BOUND('',#8115,.T.);
#8117=AXIS2_PLACEMENT_3D('',#8098,#1515,#87);
#8118=PLANE('',#8117);
#8119=ADVANCED_FACE('',(#8116),#8118,.T.);
#8120=CARTESIAN_POINT('',(7.4,0.763,2.9));
#8121=VERTEX_POINT('',#8120);
#8122=CARTESIAN_POINT('',(7.4,1.269,2.9));
#8123=VERTEX_POINT('',#8122);
#8124=CARTESIAN_POINT('',(10.176,1.269,2.9));
#8125=VERTEX_POINT('',#8124);
#8126=CARTESIAN_POINT('',(10.176,0.763,2.9));
#8127=VERTEX_POINT('',#8126);
#8128=VECTOR('',#87,1.);
#8129=LINE('',#8120,#8128);
#8130=EDGE_CURVE('',#8121,#8123,#8129,.T.);
#8131=ORIENTED_EDGE('',*,*,#8130,.T.);
#8132=VECTOR('',#122,1.);
#8133=LINE('',#8122,#8132);
#8134=EDGE_CURVE('',#8123,#8125,#8133,.T.);
#8135=ORIENTED_EDGE('',*,*,#8134,.T.);
#8136=VECTOR('',#87,1.);
#8137=LINE('',#8126,#8136);
#8138=EDGE_CURVE('',#8127,#8125,#8137,.T.);
#8139=ORIENTED_EDGE('',*,*,#8138,.F.);
#8140=VECTOR('',#122,1.);
#8141=LINE('',#8120,#8140);
#8142=EDGE_CURVE('',#8121,#8127,#8141,.T.);
#8143=ORIENTED_EDGE('',*,*,#8142,.F.);
#8144=EDGE_LOOP('',(#8131,#8135,#8139,#8143));
#8145=FACE_OUTER_BOUND('',#8144,.T.);
#8146=AXIS2_PLACEMENT_3D('',#8120,#3011,#3012);
#8147=PLANE('',#8146);
#8148=ADVANCED_FACE('',(#8145),#8147,.T.);
#8149=ORIENTED_EDGE('',*,*,#8138,.T.);
#8150=VECTOR('',#1515,1.);
#8151=LINE('',#8124,#8150);
#8152=EDGE_CURVE('',#8125,#8101,#8151,.T.);
#8153=ORIENTED_EDGE('',*,*,#8152,.T.);
#8154=ORIENTED_EDGE('',*,*,#8104,.F.);
#8155=VECTOR('',#1515,1.);
#8156=LINE('',#8126,#8155);
#8157=EDGE_CURVE('',#8127,#8099,#8156,.T.);
#8158=ORIENTED_EDGE('',*,*,#8157,.F.);
#8159=EDGE_LOOP('',(#8149,#8153,#8154,#8158));
#8160=FACE_OUTER_BOUND('',#8159,.T.);
#8161=AXIS2_PLACEMENT_3D('',#8126,#122,#3012);
#8162=PLANE('',#8161);
#8163=ADVANCED_FACE('',(#8160),#8162,.T.);
#8164=ORIENTED_EDGE('',*,*,#8134,.F.);
#8165=VECTOR('',#1515,1.);
#8166=LINE('',#8122,#8165);
#8167=EDGE_CURVE('',#8123,#1858,#8166,.T.);
#8168=ORIENTED_EDGE('',*,*,#8167,.T.);
#8169=ORIENTED_EDGE('',*,*,#8108,.T.);
#8170=ORIENTED_EDGE('',*,*,#8152,.F.);
#8171=EDGE_LOOP('',(#8164,#8168,#8169,#8170));
#8172=FACE_OUTER_BOUND('',#8171,.T.);
#8173=AXIS2_PLACEMENT_3D('',#8124,#87,#122);
#8174=PLANE('',#8173);
#8175=ADVANCED_FACE('',(#8172),#8174,.T.);
#8176=ORIENTED_EDGE('',*,*,#8130,.F.);
#8177=VECTOR('',#1515,1.);
#8178=LINE('',#8120,#8177);
#8179=EDGE_CURVE('',#8121,#1856,#8178,.T.);
#8180=ORIENTED_EDGE('',*,*,#8179,.T.);
#8181=ORIENTED_EDGE('',*,*,#2463,.T.);
#8182=ORIENTED_EDGE('',*,*,#8167,.F.);
#8183=EDGE_LOOP('',(#8176,#8180,#8181,#8182));
#8184=FACE_OUTER_BOUND('',#8183,.T.);
#8185=AXIS2_PLACEMENT_3D('',#8122,#3284,#87);
#8186=PLANE('',#8185);
#8187=ADVANCED_FACE('',(#8184),#8186,.T.);
#8188=ORIENTED_EDGE('',*,*,#8142,.T.);
#8189=ORIENTED_EDGE('',*,*,#8157,.T.);
#8190=ORIENTED_EDGE('',*,*,#8113,.F.);
#8191=ORIENTED_EDGE('',*,*,#8179,.F.);
#8192=EDGE_LOOP('',(#8188,#8189,#8190,#8191));
#8193=FACE_OUTER_BOUND('',#8192,.T.);
#8194=AXIS2_PLACEMENT_3D('',#8120,#3012,#3284);
#8195=PLANE('',#8194);
#8196=ADVANCED_FACE('',(#8193),#8195,.T.);
#8197=CLOSED_SHELL('',(#8119,#8148,#8163,#8175,#8187,#8196));
#8198=MANIFOLD_SOLID_BREP('tile_lower_19',#8197);
#8199=CARTESIAN_POINT('',(10.176,1.779,3.3));
#8200=VERTEX_POINT('',#8199);
#8201=CARTESIAN_POINT('',(10.176,2.285,3.3));
#8202=VERTEX_POINT('',#8201);
#8203=VECTOR('',#87,1.);
#8204=LINE('',#8199,#8203);
#8205=EDGE_CURVE('',#8200,#8202,#8204,.T.);
#8206=ORIENTED_EDGE('',*,*,#8205,.T.);
#8207=VECTOR('',#122,1.);
#8208=LINE('',#1865,#8207);
#8209=EDGE_CURVE('',#1866,#8202,#8208,.T.);
#8210=ORIENTED_EDGE('',*,*,#8209,.F.);
#8211=ORIENTED_EDGE('',*,*,#2479,.F.);
#8212=VECTOR('',#122,1.);
#8213=LINE('',#1863,#8212);
#8214=EDGE_CURVE('',#1864,#8200,#8213,.T.);
#8215=ORIENTED_EDGE('',*,*,#8214,.T.);
#8216=EDGE_LOOP('',(#8206,#8210,#8211,#8215));
#8217=FACE_OUTER_BOUND('',#8216,.T.);
#8218=AXIS2_PLACEMENT_3D('',#8199,#1515,#87);
#8219=PLANE('',#8218);
#8220=ADVANCED_FACE('',(#8217),#8219,.T.);
#8221=CARTESIAN_POINT('',(7.4,1.779,2.9));
#8222=VERTEX_POINT('',#8221);
#8223=CARTESIAN_POINT('',(7.4,2.285,2.9));
#8224=VERTEX_POINT('',#8223);
#8225=CARTESIAN_POINT('',(10.176,2.285,2.9));
#8226=VERTEX_POINT('',#8225);
#8227=CARTESIAN_POINT('',(10.176,1.779,2.9));
#8228=VERTEX_POINT('',#8227);
#8229=VECTOR('',#87,1.);
#8230=LINE('',#8221,#8229);
#8231=EDGE_CURVE('',#8222,#8224,#8230,.T.);
#8232=ORIENTED_EDGE('',*,*,#8231,.T.);
#8233=VECTOR('',#122,1.);
#8234=LINE('',#8223,#8233);
#8235=EDGE_CURVE('',#8224,#8226,#8234,.T.);
#8236=ORIENTED_EDGE('',*,*,#8235,.T.);
#8237=VECTOR('',#87,1.);
#8238=LINE('',#8227,#8237);
#8239=EDGE_CURVE('',#8228,#8226,#8238,.T.);
#8240=ORIENTED_EDGE('',*,*,#8239,.F.);
#8241=VECTOR('',#122,1.);
#8242=LINE('',#8221,#8241);
#8243=EDGE_CURVE('',#8222,#8228,#8242,.T.);
#8244=ORIENTED_EDGE('',*,*,#8243,.F.);
#8245=EDGE_LOOP('',(#8232,#8236,#8240,#8244));
#8246=FACE_OUTER_BOUND('',#8245,.T.);
#8247=AXIS2_PLACEMENT_3D('',#8221,#3011,#3012);
#8248=PLANE('',#8247);
#8249=ADVANCED_FACE('',(#8246),#8248,.T.);
#8250=ORIENTED_EDGE('',*,*,#8239,.T.);
#8251=VECTOR('',#1515,1.);
#8252=LINE('',#8225,#8251);
#8253=EDGE_CURVE('',#8226,#8202,#8252,.T.);
#8254=ORIENTED_EDGE('',*,*,#8253,.T.);
#8255=ORIENTED_EDGE('',*,*,#8205,.F.);
#8256=VECTOR('',#1515,1.);
#8257=LINE('',#8227,#8256);
#8258=EDGE_CURVE('',#8228,#8200,#8257,.T.);
#8259=ORIENTED_EDGE('',*,*,#8258,.F.);
#8260=EDGE_LOOP('',(#8250,#8254,#8255,#8259));
#8261=FACE_OUTER_BOUND('',#8260,.T.);
#8262=AXIS2_PLACEMENT_3D('',#8227,#122,#3012);
#8263=PLANE('',#8262);
#8264=ADVANCED_FACE('',(#8261),#8263,.T.);
#8265=ORIENTED_EDGE('',*,*,#8235,.F.);
#8266=VECTOR('',#1515,1.);
#8267=LINE('',#8223,#8266);
#8268=EDGE_CURVE('',#8224,#1866,#8267,.T.);
#8269=ORIENTED_EDGE('',*,*,#8268,.T.);
#8270=ORIENTED_EDGE('',*,*,#8209,.T.);
#8271=ORIENTED_EDGE('',*,*,#8253,.F.);
#8272=EDGE_LOOP('',(#8265,#8269,#8270,#8271));
#8273=FACE_OUTER_BOUND('',#8272,.T.);
#8274=AXIS2_PLACEMENT_3D('',#8225,#87,#122);
#8275=PLANE('',#8274);
#8276=ADVANCED_FACE('',(#8273),#8275,.T.);
#8277=ORIENTED_EDGE('',*,*,#8231,.F.);
#8278=VECTOR('',#1515,1.);
#8279=LINE('',#8221,#8278);
#8280=EDGE_CURVE('',#8222,#1864,#8279,.T.);
#8281=ORIENTED_EDGE('',*,*,#8280,.T.);
#8282=ORIENTED_EDGE('',*,*,#2479,.T.);
#8283=ORIENTED_EDGE('',*,*,#8268,.F.);
#8284=EDGE_LOOP('',(#8277,#8281,#8282,#8283));
#8285=FACE_OUTER_BOUND('',#8284,.T.);
#8286=AXIS2_PLACEMENT_3D('',#8223,#3284,#87);
#8287=PLANE('',#8286);
#8288=ADVANCED_FACE('',(#8285),#8287,.T.);
#8289=ORIENTED_EDGE('',*,*,#8243,.T.);
#8290=ORIENTED_EDGE('',*,*,#8258,.T.);
#8291=ORIENTED_EDGE('',*,*,#8214,.F.);
#8292=ORIENTED_EDGE('',*,*,#8280,.F.);
#8293=EDGE_LOOP('',(#8289,#8290,#8291,#8292));
#8294=FACE_OUTER_BOUND('',#8293,.T.);
#8295=AXIS2_PLACEMENT_3D('',#8221,#3012,#3284);
#8296=PLANE('',#8295);
#8297=ADVANCED_FACE('',(#8294),#8296,.T.);
#8298=CLOSED_SHELL('',(#8220,#8249,#8264,#8276,#8288,#8297));
#8299=MANIFOLD_SOLID_BREP('tile_lower_20',#8298);
#8300=CARTESIAN_POINT('',(10.176,2.795,3.3));
#8301=VERTEX_POINT('',#8300);
#8302=CARTESIAN_POINT('',(10.176,3.301,3.3));
#8303=VERTEX_POINT('',#8302);
#8304=VECTOR('',#87,1.);
#8305=LINE('',#8300,#8304);
#8306=EDGE_CURVE('',#8301,#8303,#8305,.T.);
#8307=ORIENTED_EDGE('',*,*,#8306,.T.);
#8308=VECTOR('',#122,1.);
#8309=LINE('',#1873,#8308);
#8310=EDGE_CURVE('',#1874,#8303,#8309,.T.);
#8311=ORIENTED_EDGE('',*,*,#8310,.F.);
#8312=ORIENTED_EDGE('',*,*,#2495,.F.);
#8313=VECTOR('',#122,1.);
#8314=LINE('',#1871,#8313);
#8315=EDGE_CURVE('',#1872,#8301,#8314,.T.);
#8316=ORIENTED_EDGE('',*,*,#8315,.T.);
#8317=EDGE_LOOP('',(#8307,#8311,#8312,#8316));
#8318=FACE_OUTER_BOUND('',#8317,.T.);
#8319=AXIS2_PLACEMENT_3D('',#8300,#1515,#87);
#8320=PLANE('',#8319);
#8321=ADVANCED_FACE('',(#8318),#8320,.T.);
#8322=CARTESIAN_POINT('',(7.4,2.795,2.9));
#8323=VERTEX_POINT('',#8322);
#8324=CARTESIAN_POINT('',(7.4,3.301,2.9));
#8325=VERTEX_POINT('',#8324);
#8326=CARTESIAN_POINT('',(10.176,3.301,2.9));
#8327=VERTEX_POINT('',#8326);
#8328=CARTESIAN_POINT('',(10.176,2.795,2.9));
#8329=VERTEX_POINT('',#8328);
#8330=VECTOR('',#87,1.);
#8331=LINE('',#8322,#8330);
#8332=EDGE_CURVE('',#8323,#8325,#8331,.T.);
#8333=ORIENTED_EDGE('',*,*,#8332,.T.);
#8334=VECTOR('',#122,1.);
#8335=LINE('',#8324,#8334);
#8336=EDGE_CURVE('',#8325,#8327,#8335,.T.);
#8337=ORIENTED_EDGE('',*,*,#8336,.T.);
#8338=VECTOR('',#87,1.);
#8339=LINE('',#8328,#8338);
#8340=EDGE_CURVE('',#8329,#8327,#8339,.T.);
#8341=ORIENTED_EDGE('',*,*,#8340,.F.);
#8342=VECTOR('',#122,1.);
#8343=LINE('',#8322,#8342);
#8344=EDGE_CURVE('',#8323,#8329,#8343,.T.);
#8345=ORIENTED_EDGE('',*,*,#8344,.F.);
#8346=EDGE_LOOP('',(#8333,#8337,#8341,#8345));
#8347=FACE_OUTER_BOUND('',#8346,.T.);
#8348=AXIS2_PLACEMENT_3D('',#8322,#3011,#3012);
#8349=PLANE('',#8348);
#8350=ADVANCED_FACE('',(#8347),#8349,.T.);
#8351=ORIENTED_EDGE('',*,*,#8340,.T.);
#8352=VECTOR('',#1515,1.);
#8353=LINE('',#8326,#8352);
#8354=EDGE_CURVE('',#8327,#8303,#8353,.T.);
#8355=ORIENTED_EDGE('',*,*,#8354,.T.);
#8356=ORIENTED_EDGE('',*,*,#8306,.F.);
#8357=VECTOR('',#1515,1.);
#8358=LINE('',#8328,#8357);
#8359=EDGE_CURVE('',#8329,#8301,#8358,.T.);
#8360=ORIENTED_EDGE('',*,*,#8359,.F.);
#8361=EDGE_LOOP('',(#8351,#8355,#8356,#8360));
#8362=FACE_OUTER_BOUND('',#8361,.T.);
#8363=AXIS2_PLACEMENT_3D('',#8328,#122,#3012);
#8364=PLANE('',#8363);
#8365=ADVANCED_FACE('',(#8362),#8364,.T.);
#8366=ORIENTED_EDGE('',*,*,#8336,.F.);
#8367=VECTOR('',#1515,1.);
#8368=LINE('',#8324,#8367);
#8369=EDGE_CURVE('',#8325,#1874,#8368,.T.);
#8370=ORIENTED_EDGE('',*,*,#8369,.T.);
#8371=ORIENTED_EDGE('',*,*,#8310,.T.);
#8372=ORIENTED_EDGE('',*,*,#8354,.F.);
#8373=EDGE_LOOP('',(#8366,#8370,#8371,#8372));
#8374=FACE_OUTER_BOUND('',#8373,.T.);
#8375=AXIS2_PLACEMENT_3D('',#8326,#87,#122);
#8376=PLANE('',#8375);
#8377=ADVANCED_FACE('',(#8374),#8376,.T.);
#8378=ORIENTED_EDGE('',*,*,#8332,.F.);
#8379=VECTOR('',#1515,1.);
#8380=LINE('',#8322,#8379);
#8381=EDGE_CURVE('',#8323,#1872,#8380,.T.);
#8382=ORIENTED_EDGE('',*,*,#8381,.T.);
#8383=ORIENTED_EDGE('',*,*,#2495,.T.);
#8384=ORIENTED_EDGE('',*,*,#8369,.F.);
#8385=EDGE_LOOP('',(#8378,#8382,#8383,#8384));
#8386=FACE_OUTER_BOUND('',#8385,.T.);
#8387=AXIS2_PLACEMENT_3D('',#8324,#3284,#87);
#8388=PLANE('',#8387);
#8389=ADVANCED_FACE('',(#8386),#8388,.T.);
#8390=ORIENTED_EDGE('',*,*,#8344,.T.);
#8391=ORIENTED_EDGE('',*,*,#8359,.T.);
#8392=ORIENTED_EDGE('',*,*,#8315,.F.);
#8393=ORIENTED_EDGE('',*,*,#8381,.F.);
#8394=EDGE_LOOP('',(#8390,#8391,#8392,#8393));
#8395=FACE_OUTER_BOUND('',#8394,.T.);
#8396=AXIS2_PLACEMENT_3D('',#8322,#3012,#3284);
#8397=PLANE('',#8396);
#8398=ADVANCED_FACE('',(#8395),#8397,.T.);
#8399=CLOSED_SHELL('',(#8321,#8350,#8365,#8377,#8389,#8398));
#8400=MANIFOLD_SOLID_BREP('tile_lower_21',#8399);
#8401=CARTESIAN_POINT('',(10.176,3.811,3.3));
#8402=VERTEX_POINT('',#8401);
#8403=CARTESIAN_POINT('',(10.176,4.317,3.3));
#8404=VERTEX_POINT('',#8403);
#8405=VECTOR('',#87,1.);
#8406=LINE('',#8401,#8405);
#8407=EDGE_CURVE('',#8402,#8404,#8406,.T.);
#8408=ORIENTED_EDGE('',*,*,#8407,.T.);
#8409=VECTOR('',#122,1.);
#8410=LINE('',#1881,#8409);
#8411=EDGE_CURVE('',#1882,#8404,#8410,.T.);
#8412=ORIENTED_EDGE('',*,*,#8411,.F.);
#8413=ORIENTED_EDGE('',*,*,#2511,.F.);
#8414=VECTOR('',#122,1.);
#8415=LINE('',#1879,#8414);
#8416=EDGE_CURVE('',#1880,#8402,#8415,.T.);
#8417=ORIENTED_EDGE('',*,*,#8416,.T.);
#8418=EDGE_LOOP('',(#8408,#8412,#8413,#8417));
#8419=FACE_OUTER_BOUND('',#8418,.T.);
#8420=AXIS2_PLACEMENT_3D('',#8401,#1515,#87);
#8421=PLANE('',#8420);
#8422=ADVANCED_FACE('',(#8419),#8421,.T.);
#8423=CARTESIAN_POINT('',(7.4,3.811,2.9));
#8424=VERTEX_POINT('',#8423);
#8425=CARTESIAN_POINT('',(7.4,4.317,2.9));
#8426=VERTEX_POINT('',#8425);
#8427=CARTESIAN_POINT('',(10.176,4.317,2.9));
#8428=VERTEX_POINT('',#8427);
#8429=CARTESIAN_POINT('',(10.176,3.811,2.9));
#8430=VERTEX_POINT('',#8429);
#8431=VECTOR('',#87,1.);
#8432=LINE('',#8423,#8431);
#8433=EDGE_CURVE('',#8424,#8426,#8432,.T.);
#8434=ORIENTED_EDGE('',*,*,#8433,.T.);
#8435=VECTOR('',#122,1.);
#8436=LINE('',#8425,#8435);
#8437=EDGE_CURVE('',#8426,#8428,#8436,.T.);
#8438=ORIENTED_EDGE('',*,*,#8437,.T.);
#8439=VECTOR('',#87,1.);
#8440=LINE('',#8429,#8439);
#8441=EDGE_CURVE('',#8430,#8428,#8440,.T.);
#8442=ORIENTED_EDGE('',*,*,#8441,.F.);
#8443=VECTOR('',#122,1.);
#8444=LINE('',#8423,#8443);
#8445=EDGE_CURVE('',#8424,#8430,#8444,.T.);
#8446=ORIENTED_EDGE('',*,*,#8445,.F.);
#8447=EDGE_LOOP('',(#8434,#8438,#8442,#8446));
#8448=FACE_OUTER_BOUND('',#8447,.T.);
#8449=AXIS2_PLACEMENT_3D('',#8423,#3011,#3012);
#8450=PLANE('',#8449);
#8451=ADVANCED_FACE('',(#8448),#8450,.T.);
#8452=ORIENTED_EDGE('',*,*,#8441,.T.);
#8453=VECTOR('',#1515,1.);
#8454=LINE('',#8427,#8453);
#8455=EDGE_CURVE('',#8428,#8404,#8454,.T.);
#8456=ORIENTED_EDGE('',*,*,#8455,.T.);
#8457=ORIENTED_EDGE('',*,*,#8407,.F.);
#8458=VECTOR('',#1515,1.);
#8459=LINE('',#8429,#8458);
#8460=EDGE_CURVE('',#8430,#8402,#8459,.T.);
#8461=ORIENTED_EDGE('',*,*,#8460,.F.);
#8462=EDGE_LOOP('',(#8452,#8456,#8457,#8461));
#8463=FACE_OUTER_BOUND('',#8462,.T.);
#8464=AXIS2_PLACEMENT_3D('',#8429,#122,#3012);
#8465=PLANE('',#8464);
#8466=ADVANCED_FACE('',(#8463),#8465,.T.);
#8467=ORIENTED_EDGE('',*,*,#8437,.F.);
#8468=VECTOR('',#1515,1.);
#8469=LINE('',#8425,#8468);
#8470=EDGE_CURVE('',#8426,#1882,#8469,.T.);
#8471=ORIENTED_EDGE('',*,*,#8470,.T.);
#8472=ORIENTED_EDGE('',*,*,#8411,.T.);
#8473=ORIENTED_EDGE('',*,*,#8455,.F.);
#8474=EDGE_LOOP('',(#8467,#8471,#8472,#8473));
#8475=FACE_OUTER_BOUND('',#8474,.T.);
#8476=AXIS2_PLACEMENT_3D('',#8427,#87,#122);
#8477=PLANE('',#8476);
#8478=ADVANCED_FACE('',(#8475),#8477,.T.);
#8479=ORIENTED_EDGE('',*,*,#8433,.F.);
#8480=VECTOR('',#1515,1.);
#8481=LINE('',#8423,#8480);
#8482=EDGE_CURVE('',#8424,#1880,#8481,.T.);
#8483=ORIENTED_EDGE('',*,*,#8482,.T.);
#8484=ORIENTED_EDGE('',*,*,#2511,.T.);
#8485=ORIENTED_EDGE('',*,*,#8470,.F.);
#8486=EDGE_LOOP('',(#8479,#8483,#8484,#8485));
#8487=FACE_OUTER_BOUND('',#8486,.T.);
#8488=AXIS2_PLACEMENT_3D('',#8425,#3284,#87);
#8489=PLANE('',#8488);
#8490=ADVANCED_FACE('',(#8487),#8489,.T.);
#8491=ORIENTED_EDGE('',*,*,#8445,.T.);
#8492=ORIENTED_EDGE('',*,*,#8460,.T.);
#8493=ORIENTED_EDGE('',*,*,#8416,.F.);
#8494=ORIENTED_EDGE('',*,*,#8482,.F.);
#8495=EDGE_LOOP('',(#8491,#8492,#8493,#8494));
#8496=FACE_OUTER_BOUND('',#8495,.T.);
#8497=AXIS2_PLACEMENT_3D('',#8423,#3012,#3284);
#8498=PLANE('',#8497);
#8499=ADVANCED_FACE('',(#8496),#8498,.T.);
#8500=CLOSED_SHELL('',(#8422,#8451,#8466,#8478,#8490,#8499));
#8501=MANIFOLD_SOLID_BREP('tile_lower_22',#8500);
#8502=CARTESIAN_POINT('',(10.176,4.827,3.3));
#8503=VERTEX_POINT('',#8502);
#8504=CARTESIAN_POINT('',(10.176,5.333,3.3));
#8505=VERTEX_POINT('',#8504);
#8506=VECTOR('',#87,1.);
#8507=LINE('',#8502,#8506);
#8508=EDGE_CURVE('',#8503,#8505,#8507,.T.);
#8509=ORIENTED_EDGE('',*,*,#8508,.T.);
#8510=VECTOR('',#122,1.);
#8511=LINE('',#1889,#8510);
#8512=EDGE_CURVE('',#1890,#8505,#8511,.T.);
#8513=ORIENTED_EDGE('',*,*,#8512,.F.);
#8514=ORIENTED_EDGE('',*,*,#2527,.F.);
#8515=VECTOR('',#122,1.);
#8516=LINE('',#1887,#8515);
#8517=EDGE_CURVE('',#1888,#8503,#8516,.T.);
#8518=ORIENTED_EDGE('',*,*,#8517,.T.);
#8519=EDGE_LOOP('',(#8509,#8513,#8514,#8518));
#8520=FACE_OUTER_BOUND('',#8519,.T.);
#8521=AXIS2_PLACEMENT_3D('',#8502,#1515,#87);
#8522=PLANE('',#8521);
#8523=ADVANCED_FACE('',(#8520),#8522,.T.);
#8524=CARTESIAN_POINT('',(7.4,4.827,2.9));
#8525=VERTEX_POINT('',#8524);
#8526=CARTESIAN_POINT('',(7.4,5.333,2.9));
#8527=VERTEX_POINT('',#8526);
#8528=CARTESIAN_POINT('',(10.176,5.333,2.9));
#8529=VERTEX_POINT('',#8528);
#8530=CARTESIAN_POINT('',(10.176,4.827,2.9));
#8531=VERTEX_POINT('',#8530);
#8532=VECTOR('',#87,1.);
#8533=LINE('',#8524,#8532);
#8534=EDGE_CURVE('',#8525,#8527,#8533,.T.);
#8535=ORIENTED_EDGE('',*,*,#8534,.T.);
#8536=VECTOR('',#122,1.);
#8537=LINE('',#8526,#8536);
#8538=EDGE_CURVE('',#8527,#8529,#8537,.T.);
#8539=ORIENTED_EDGE('',*,*,#8538,.T.);
#8540=VECTOR('',#87,1.);
#8541=LINE('',#8530,#8540);
#8542=EDGE_CURVE('',#8531,#8529,#8541,.T.);
#8543=ORIENTED_EDGE('',*,*,#8542,.F.);
#8544=VECTOR('',#122,1.);
#8545=LINE('',#8524,#8544);
#8546=EDGE_CURVE('',#8525,#8531,#8545,.T.);
#8547=ORIENTED_EDGE('',*,*,#8546,.F.);
#8548=EDGE_LOOP('',(#8535,#8539,#8543,#8547));
#8549=FACE_OUTER_BOUND('',#8548,.T.);
#8550=AXIS2_PLACEMENT_3D('',#8524,#3011,#3012);
#8551=PLANE('',#8550);
#8552=ADVANCED_FACE('',(#8549),#8551,.T.);
#8553=ORIENTED_EDGE('',*,*,#8542,.T.);
#8554=VECTOR('',#1515,1.);
#8555=LINE('',#8528,#8554);
#8556=EDGE_CURVE('',#8529,#8505,#8555,.T.);
#8557=ORIENTED_EDGE('',*,*,#8556,.T.);
#8558=ORIENTED_EDGE('',*,*,#8508,.F.);
#8559=VECTOR('',#1515,1.);
#8560=LINE('',#8530,#8559);
#8561=EDGE_CURVE('',#8531,#8503,#8560,.T.);
#8562=ORIENTED_EDGE('',*,*,#8561,.F.);
#8563=EDGE_LOOP('',(#8553,#8557,#8558,#8562));
#8564=FACE_OUTER_BOUND('',#8563,.T.);
#8565=AXIS2_PLACEMENT_3D('',#8530,#122,#3012);
#8566=PLANE('',#8565);
#8567=ADVANCED_FACE('',(#8564),#8566,.T.);
#8568=ORIENTED_EDGE('',*,*,#8538,.F.);
#8569=VECTOR('',#1515,1.);
#8570=LINE('',#8526,#8569);
#8571=EDGE_CURVE('',#8527,#1890,#8570,.T.);
#8572=ORIENTED_EDGE('',*,*,#8571,.T.);
#8573=ORIENTED_EDGE('',*,*,#8512,.T.);
#8574=ORIENTED_EDGE('',*,*,#8556,.F.);
#8575=EDGE_LOOP('',(#8568,#8572,#8573,#8574));
#8576=FACE_OUTER_BOUND('',#8575,.T.);
#8577=AXIS2_PLACEMENT_3D('',#8528,#87,#122);
#8578=PLANE('',#8577);
#8579=ADVANCED_FACE('',(#8576),#8578,.T.);
#8580=ORIENTED_EDGE('',*,*,#8534,.F.);
#8581=VECTOR('',#1515,1.);
#8582=LINE('',#8524,#8581);
#8583=EDGE_CURVE('',#8525,#1888,#8582,.T.);
#8584=ORIENTED_EDGE('',*,*,#8583,.T.);
#8585=ORIENTED_EDGE('',*,*,#2527,.T.);
#8586=ORIENTED_EDGE('',*,*,#8571,.F.);
#8587=EDGE_LOOP('',(#8580,#8584,#8585,#8586));
#8588=FACE_OUTER_BOUND('',#8587,.T.);
#8589=AXIS2_PLACEMENT_3D('',#8526,#3284,#87);
#8590=PLANE('',#8589);
#8591=ADVANCED_FACE('',(#8588),#8590,.T.);
#8592=ORIENTED_EDGE('',*,*,#8546,.T.);
#8593=ORIENTED_EDGE('',*,*,#8561,.T.);
#8594=ORIENTED_EDGE('',*,*,#8517,.F.);
#8595=ORIENTED_EDGE('',*,*,#8583,.F.);
#8596=EDGE_LOOP('',(#8592,#8593,#8594,#8595));
#8597=FACE_OUTER_BOUND('',#8596,.T.);
#8598=AXIS2_PLACEMENT_3D('',#8524,#3012,#3284);
#8599=PLANE('',#8598);
#8600=ADVANCED_FACE('',(#8597),#8599,.T.);
#8601=CLOSED_SHELL('',(#8523,#8552,#8567,#8579,#8591,#8600));
#8602=MANIFOLD_SOLID_BREP('tile_lower_23',#8601);
#8603=CARTESIAN_POINT('',(10.176,5.843,3.3));
#8604=VERTEX_POINT('',#8603);
#8605=CARTESIAN_POINT('',(5.843,10.176,3.3));
#8606=VERTEX_POINT('',#8605);
#8607=VECTOR('',#87,1.);
#8608=LINE('',#8603,#8607);
#8609=EDGE_CURVE('',#8604,#1560,#8608,.T.);
#8610=ORIENTED_EDGE('',*,*,#8609,.T.);
#8611=ORIENTED_EDGE('',*,*,#1653,.F.);
#8612=ORIENTED_EDGE('',*,*,#1649,.F.);
#8613=ORIENTED_EDGE('',*,*,#1645,.F.);
#8614=ORIENTED_EDGE('',*,*,#1641,.F.);
#8615=ORIENTED_EDGE('',*,*,#1637,.F.);
#8616=ORIENTED_EDGE('',*,*,#1633,.F.);
#8617=VECTOR('',#122,1.);
#8618=LINE('',#8605,#8617);
#8619=EDGE_CURVE('',#8606,#1548,#8618,.T.);
#8620=ORIENTED_EDGE('',*,*,#8619,.F.);
#8621=VECTOR('',#87,1.);
#8622=LINE('',#1911,#8621);
#8623=EDGE_CURVE('',#1912,#8606,#8622,.T.);
#8624=ORIENTED_EDGE('',*,*,#8623,.F.);
#8625=ORIENTED_EDGE('',*,*,#2571,.T.);
#8626=ORIENTED_EDGE('',*,*,#2567,.T.);
#8627=ORIENTED_EDGE('',*,*,#2563,.T.);
#8628=ORIENTED_EDGE('',*,*,#2559,.T.);
#8629=ORIENTED_EDGE('',*,*,#2555,.T.);
#8630=ORIENTED_EDGE('',*,*,#2551,.T.);
#8631=ORIENTED_EDGE('',*,*,#2547,.T.);
#8632=ORIENTED_EDGE('',*,*,#2543,.F.);
#8633=VECTOR('',#122,1.);
#8634=LINE('',#1895,#8633);
#8635=EDGE_CURVE('',#1896,#8604,#8634,.T.);
#8636=ORIENTED_EDGE('',*,*,#8635,.T.);
#8637=EDGE_LOOP('',(#8610,#8611,#8612,#8613,#8614,#8615,#8616,#8620,#8624,#8625,#8626,#8627,#8628,#8629,#8630,#8631,#8632,#8636));
#8638=FACE_OUTER_BOUND('',#8637,.T.);
#8639=AXIS2_PLACEMENT_3D('',#8603,#1515,#87);
#8640=PLANE('',#8639);
#8641=ADVANCED_FACE('',(#8638),#8640,.T.);
#8642=CARTESIAN_POINT('',(7.4,5.843,2.9));
#8643=VERTEX_POINT('',#8642);
#8644=CARTESIAN_POINT('',(7.4,7.,2.9));
#8645=VERTEX_POINT('',#8644);
#8646=CARTESIAN_POINT('',(7.38637033,7.10352762,2.9));
#8647=VERTEX_POINT('',#8646);
#8648=CARTESIAN_POINT('',(7.34641016,7.2,2.9));
#8649=VERTEX_POINT('',#8648);
#8650=CARTESIAN_POINT('',(7.28284271,7.28284271,2.9));
#8651=VERTEX_POINT('',#8650);
#8652=CARTESIAN_POINT('',(7.2,7.34641016,2.9));
#8653=VERTEX_POINT('',#8652);
#8654=CARTESIAN_POINT('',(7.10352762,7.38637033,2.9));
#8655=VERTEX_POINT('',#8654);
#8656=CARTESIAN_POINT('',(7.,7.4,2.9));
#8657=VERTEX_POINT('',#8656);
#8658=CARTESIAN_POINT('',(5.843,7.4,2.9));
#8659=VERTEX_POINT('',#8658);
#8660=CARTESIAN_POINT('',(5.843,10.176,2.9));
#8661=VERTEX_POINT('',#8660);
#8662=CARTESIAN_POINT('',(9.376,10.176,2.9));
#8663=VERTEX_POINT('',#8662);
#8664=CARTESIAN_POINT('',(9.58305524,10.1487407,2.9));
#8665=VERTEX_POINT('',#8664);
#8666=CARTESIAN_POINT('',(9.776,10.0688203,2.9));
#8667=VERTEX_POINT('',#8666);
#8668=CARTESIAN_POINT('',(9.94168542,9.94168542,2.9));
#8669=VERTEX_POINT('',#8668);
#8670=CARTESIAN_POINT('',(10.0688203,9.776,2.9));
#8671=VERTEX_POINT('',#8670);
#8672=CARTESIAN_POINT('',(10.1487407,9.58305524,2.9));
#8673=VERTEX_POINT('',#8672);
#8674=CARTESIAN_POINT('',(10.176,9.376,2.9));
#8675=VERTEX_POINT('',#8674);
#8676=CARTESIAN_POINT('',(10.176,5.843,2.9));
#8677=VERTEX_POINT('',#8676);
#8678=VECTOR('',#87,1.);
#8679=LINE('',#8642,#8678);
#8680=EDGE_CURVE('',#8643,#8645,#8679,.T.);
#8681=ORIENTED_EDGE('',*,*,#8680,.T.);
#8682=VECTOR('',#643,1.);
#8683=LINE('',#8646,#8682);
#8684=EDGE_CURVE('',#8647,#8645,#8683,.T.);
#8685=ORIENTED_EDGE('',*,*,#8684,.F.);
#8686=VECTOR('',#97,1.);
#8687=LINE('',#8648,#8686);
#8688=EDGE_CURVE('',#8649,#8647,#8687,.T.);
#8689=ORIENTED_EDGE('',*,*,#8688,.F.);
#8690=VECTOR('',#634,1.);
#8691=LINE('',#8650,#8690);
#8692=EDGE_CURVE('',#8651,#8649,#8691,.T.);
#8693=ORIENTED_EDGE('',*,*,#8692,.F.);
#8694=VECTOR('',#629,1.);
#8695=LINE('',#8652,#8694);
#8696=EDGE_CURVE('',#8653,#8651,#8695,.T.);
#8697=ORIENTED_EDGE('',*,*,#8696,.F.);
#8698=VECTOR('',#112,1.);
#8699=LINE('',#8654,#8698);
#8700=EDGE_CURVE('',#8655,#8653,#8699,.T.);
#8701=ORIENTED_EDGE('',*,*,#8700,.F.);
#8702=VECTOR('',#1068,1.);
#8703=LINE('',#8656,#8702);
#8704=EDGE_CURVE('',#8657,#8655,#8703,.T.);
#8705=ORIENTED_EDGE('',*,*,#8704,.F.);
#8706=VECTOR('',#122,1.);
#8707=LINE('',#8658,#8706);
#8708=EDGE_CURVE('',#8659,#8657,#8707,.T.);
#8709=ORIENTED_EDGE('',*,*,#8708,.F.);
#8710=VECTOR('',#87,1.);
#8711=LINE('',#8658,#8710);
#8712=EDGE_CURVE('',#8659,#8661,#8711,.T.);
#8713=ORIENTED_EDGE('',*,*,#8712,.T.);
#8714=VECTOR('',#122,1.);
#8715=LINE('',#8660,#8714);
#8716=EDGE_CURVE('',#8661,#8663,#8715,.T.);
#8717=ORIENTED_EDGE('',*,*,#8716,.T.);
#8718=VECTOR('',#117,1.);
#8719=LINE('',#8662,#8718);
#8720=EDGE_CURVE('',#8663,#8665,#8719,.T.);
#8721=ORIENTED_EDGE('',*,*,#8720,.T.);
#8722=VECTOR('',#112,1.);
#8723=LINE('',#8664,#8722);
#8724=EDGE_CURVE('',#8665,#8667,#8723,.T.);
#8725=ORIENTED_EDGE('',*,*,#8724,.T.);
#8726=VECTOR('',#107,1.);
#8727=LINE('',#8666,#8726);
#8728=EDGE_CURVE('',#8667,#8669,#8727,.T.);
#8729=ORIENTED_EDGE('',*,*,#8728,.T.);
#8730=VECTOR('',#102,1.);
#8731=LINE('',#8668,#8730);
#8732=EDGE_CURVE('',#8669,#8671,#8731,.T.);
#8733=ORIENTED_EDGE('',*,*,#8732,.T.);
#8734=VECTOR('',#97,1.);
#8735=LINE('',#8670,#8734);
#8736=EDGE_CURVE('',#8671,#8673,#8735,.T.);
#8737=ORIENTED_EDGE('',*,*,#8736,.T.);
#8738=VECTOR('',#92,1.);
#8739=LINE('',#8672,#8738);
#8740=EDGE_CURVE('',#8673,#8675,#8739,.T.);
#8741=ORIENTED_EDGE('',*,*,#8740,.T.);
#8742=VECTOR('',#87,1.);
#8743=LINE('',#8676,#8742);
#8744=EDGE_CURVE('',#8677,#8675,#8743,.T.);
#8745=ORIENTED_EDGE('',*,*,#8744,.F.);
#8746=VECTOR('',#122,1.);
#8747=LINE('',#8642,#8746);
#8748=EDGE_CURVE('',#8643,#8677,#8747,.T.);
#8749=ORIENTED_EDGE('',*,*,#8748,.F.);
#8750=EDGE_LOOP('',(#8681,#8685,#8689,#8693,#8697,#8701,#8705,#8709,#8713,#8717,#8721,#8725,#8729,#8733,#8737,#8741,#8745,#8749));
#8751=FACE_OUTER_BOUND('',#8750,.T.);
#8752=AXIS2_PLACEMENT_3D('',#8642,#3011,#3012);
#8753=PLANE('',#8752);
#8754=ADVANCED_FACE('',(#8751),#8753,.T.);
#8755=ORIENTED_EDGE('',*,*,#8744,.T.);
#8756=VECTOR('',#1515,1.);
#8757=LINE('',#8674,#8756);
#8758=EDGE_CURVE('',#8675,#1560,#8757,.T.);
#8759=ORIENTED_EDGE('',*,*,#8758,.T.);
#8760=ORIENTED_EDGE('',*,*,#8609,.F.);
#8761=VECTOR('',#1515,1.);
#8762=LINE('',#8676,#8761);
#8763=EDGE_CURVE('',#8677,#8604,#8762,.T.);
#8764=ORIENTED_EDGE('',*,*,#8763,.F.);
#8765=EDGE_LOOP('',(#8755,#8759,#8760,#8764));
#8766=FACE_OUTER_BOUND('',#8765,.T.);
#8767=AXIS2_PLACEMENT_3D('',#8676,#122,#3012);
#8768=PLANE('',#8767);
#8769=ADVANCED_FACE('',(#8766),#8768,.T.);
#8770=ORIENTED_EDGE('',*,*,#8740,.F.);
#8771=VECTOR('',#1515,1.);
#8772=LINE('',#8672,#8771);
#8773=EDGE_CURVE('',#8673,#1558,#8772,.T.);
#8774=ORIENTED_EDGE('',*,*,#8773,.T.);
#8775=ORIENTED_EDGE('',*,*,#1653,.T.);
#8776=ORIENTED_EDGE('',*,*,#8758,.F.);
#8777=EDGE_LOOP('',(#8770,#8774,#8775,#8776));
#8778=FACE_OUTER_BOUND('',#8777,.T.);
#8779=AXIS2_PLACEMENT_3D('',#8674,#57,#92);
#8780=PLANE('',#8779);
#8781=ADVANCED_FACE('',(#8778),#8780,.T.);
#8782=ORIENTED_EDGE('',*,*,#8736,.F.);
#8783=VECTOR('',#1515,1.);
#8784=LINE('',#8670,#8783);
#8785=EDGE_CURVE('',#8671,#1556,#8784,.T.);
#8786=ORIENTED_EDGE('',*,*,#8785,.T.);
#8787=ORIENTED_EDGE('',*,*,#1649,.T.);
#8788=ORIENTED_EDGE('',*,*,#8773,.F.);
#8789=EDGE_LOOP('',(#8782,#8786,#8787,#8788));
#8790=FACE_OUTER_BOUND('',#8789,.T.);
#8791=AXIS2_PLACEMENT_3D('',#8672,#62,#97);
#8792=PLANE('',#8791);
#8793=ADVANCED_FACE('',(#8790),#8792,.T.);
#8794=ORIENTED_EDGE('',*,*,#8732,.F.);
#8795=VECTOR('',#1515,1.);
#8796=LINE('',#8668,#8795);
#8797=EDGE_CURVE('',#8669,#1554,#8796,.T.);
#8798=ORIENTED_EDGE('',*,*,#8797,.T.);
#8799=ORIENTED_EDGE('',*,*,#1645,.T.);
#8800=ORIENTED_EDGE('',*,*,#8785,.F.);
#8801=EDGE_LOOP('',(#8794,#8798,#8799,#8800));
#8802=FACE_OUTER_BOUND('',#8801,.T.);
#8803=AXIS2_PLACEMENT_3D('',#8670,#3144,#3054);
#8804=PLANE('',#8803);
#8805=ADVANCED_FACE('',(#8802),#8804,.T.);
#8806=ORIENTED_EDGE('',*,*,#8728,.F.);
#8807=VECTOR('',#1515,1.);
#8808=LINE('',#8666,#8807);
#8809=EDGE_CURVE('',#8667,#1552,#8808,.T.);
#8810=ORIENTED_EDGE('',*,*,#8809,.T.);
#8811=ORIENTED_EDGE('',*,*,#1641,.T.);
#8812=ORIENTED_EDGE('',*,*,#8797,.F.);
#8813=EDGE_LOOP('',(#8806,#8810,#8811,#8812));
#8814=FACE_OUTER_BOUND('',#8813,.T.);
#8815=AXIS2_PLACEMENT_3D('',#8668,#3157,#3068);
#8816=PLANE('',#8815);
#8817=ADVANCED_FACE('',(#8814),#8816,.T.);
#8818=ORIENTED_EDGE('',*,*,#8724,.F.);
#8819=VECTOR('',#1515,1.);
#8820=LINE('',#8664,#8819);
#8821=EDGE_CURVE('',#8665,#1550,#8820,.T.);
#8822=ORIENTED_EDGE('',*,*,#8821,.T.);
#8823=ORIENTED_EDGE('',*,*,#1637,.T.);
#8824=ORIENTED_EDGE('',*,*,#8809,.F.);
#8825=EDGE_LOOP('',(#8818,#8822,#8823,#8824));
#8826=FACE_OUTER_BOUND('',#8825,.T.);
#8827=AXIS2_PLACEMENT_3D('',#8666,#77,#112);
#8828=PLANE('',#8827);
#8829=ADVANCED_FACE('',(#8826),#8828,.T.);
#8830=ORIENTED_EDGE('',*,*,#8720,.F.);
#8831=VECTOR('',#1515,1.);
#8832=LINE('',#8662,#8831);
#8833=EDGE_CURVE('',#8663,#1548,#8832,.T.);
#8834=ORIENTED_EDGE('',*,*,#8833,.T.);
#8835=ORIENTED_EDGE('',*,*,#1633,.T.);
#8836=ORIENTED_EDGE('',*,*,#8821,.F.);
#8837=EDGE_LOOP('',(#8830,#8834,#8835,#8836));
#8838=FACE_OUTER_BOUND('',#8837,.T.);
#8839=AXIS2_PLACEMENT_3D('',#8664,#82,#117);
#8840=PLANE('',#8839);
#8841=ADVANCED_FACE('',(#8838),#8840,.T.);
#8842=ORIENTED_EDGE('',*,*,#8716,.F.);
#8843=VECTOR('',#1515,1.);
#8844=LINE('',#8660,#8843);
#8845=EDGE_CURVE('',#8661,#8606,#8844,.T.);
#8846=ORIENTED_EDGE('',*,*,#8845,.T.);
#8847=ORIENTED_EDGE('',*,*,#8619,.T.);
#8848=ORIENTED_EDGE('',*,*,#8833,.F.);
#8849=EDGE_LOOP('',(#8842,#8846,#8847,#8848));
#8850=FACE_OUTER_BOUND('',#8849,.T.);
#8851=AXIS2_PLACEMENT_3D('',#8662,#87,#122);
#8852=PLANE('',#8851);
#8853=ADVANCED_FACE('',(#8850),#8852,.T.);
#8854=ORIENTED_EDGE('',*,*,#8712,.F.);
#8855=VECTOR('',#1515,1.);
#8856=LINE('',#8658,#8855);
#8857=EDGE_CURVE('',#8659,#1912,#8856,.T.);
#8858=ORIENTED_EDGE('',*,*,#8857,.T.);
#8859=ORIENTED_EDGE('',*,*,#8623,.T.);
#8860=ORIENTED_EDGE('',*,*,#8845,.F.);
#8861=EDGE_LOOP('',(#8854,#8858,#8859,#8860));
#8862=FACE_OUTER_BOUND('',#8861,.T.);
#8863=AXIS2_PLACEMENT_3D('',#8660,#3284,#87);
#8864=PLANE('',#8863);
#8865=ADVANCED_FACE('',(#8862),#8864,.T.);
#8866=ORIENTED_EDGE('',*,*,#8708,.T.);
#8867=VECTOR('',#1515,1.);
#8868=LINE('',#8656,#8867);
#8869=EDGE_CURVE('',#8657,#1910,#8868,.T.);
#8870=ORIENTED_EDGE('',*,*,#8869,.T.);
#8871=ORIENTED_EDGE('',*,*,#2571,.F.);
#8872=ORIENTED_EDGE('',*,*,#8857,.F.);
#8873=EDGE_LOOP('',(#8866,#8870,#8871,#8872));
#8874=FACE_OUTER_BOUND('',#8873,.T.);
#8875=AXIS2_PLACEMENT_3D('',#8658,#3012,#3284);
#8876=PLANE('',#8875);
#8877=ADVANCED_FACE('',(#8874),#8876,.T.);
#8878=ORIENTED_EDGE('',*,*,#8704,.T.);
#8879=VECTOR('',#1515,1.);
#8880=LINE('',#8654,#8879);
#8881=EDGE_CURVE('',#8655,#1908,#8880,.T.);
#8882=ORIENTED_EDGE('',*,*,#8881,.T.);
#8883=ORIENTED_EDGE('',*,*,#2567,.F.);
#8884=ORIENTED_EDGE('',*,*,#8869,.F.);
#8885=EDGE_LOOP('',(#8878,#8882,#8883,#8884));
#8886=FACE_OUTER_BOUND('',#8885,.T.);
#8887=AXIS2_PLACEMENT_3D('',#8656,#3095,#3271);
#8888=PLANE('',#8887);
#8889=ADVANCED_FACE('',(#8886),#8888,.T.);
#8890=ORIENTED_EDGE('',*,*,#8700,.T.);
#8891=VECTOR('',#1515,1.);
#8892=LINE('',#8652,#8891);
#8893=EDGE_CURVE('',#8653,#1906,#8892,.T.);
#8894=ORIENTED_EDGE('',*,*,#8893,.T.);
#8895=ORIENTED_EDGE('',*,*,#2563,.F.);
#8896=ORIENTED_EDGE('',*,*,#8881,.F.);
#8897=EDGE_LOOP('',(#8890,#8894,#8895,#8896));
#8898=FACE_OUTER_BOUND('',#8897,.T.);
#8899=AXIS2_PLACEMENT_3D('',#8654,#3082,#3258);
#8900=PLANE('',#8899);
#8901=ADVANCED_FACE('',(#8898),#8900,.T.);
#8902=ORIENTED_EDGE('',*,*,#8696,.T.);
#8903=VECTOR('',#1515,1.);
#8904=LINE('',#8650,#8903);
#8905=EDGE_CURVE('',#8651,#1904,#8904,.T.);
#8906=ORIENTED_EDGE('',*,*,#8905,.T.);
#8907=ORIENTED_EDGE('',*,*,#2559,.F.);
#8908=ORIENTED_EDGE('',*,*,#8893,.F.);
#8909=EDGE_LOOP('',(#8902,#8906,#8907,#8908));
#8910=FACE_OUTER_BOUND('',#8909,.T.);
#8911=AXIS2_PLACEMENT_3D('',#8652,#3069,#3245);
#8912=PLANE('',#8911);
#8913=ADVANCED_FACE('',(#8910),#8912,.T.);
#8914=ORIENTED_EDGE('',*,*,#8692,.T.);
#8915=VECTOR('',#1515,1.);
#8916=LINE('',#8648,#8915);
#8917=EDGE_CURVE('',#8649,#1902,#8916,.T.);
#8918=ORIENTED_EDGE('',*,*,#8917,.T.);
#8919=ORIENTED_EDGE('',*,*,#2555,.F.);
#8920=ORIENTED_EDGE('',*,*,#8905,.F.);
#8921=EDGE_LOOP('',(#8914,#8918,#8919,#8920));
#8922=FACE_OUTER_BOUND('',#8921,.T.);
#8923=AXIS2_PLACEMENT_3D('',#8650,#3055,#3232);
#8924=PLANE('',#8923);
#8925=ADVANCED_FACE('',(#8922),#8924,.T.);
#8926=ORIENTED_EDGE('',*,*,#8688,.T.);
#8927=VECTOR('',#1515,1.);
#8928=LINE('',#8646,#8927);
#8929=EDGE_CURVE('',#8647,#1900,#8928,.T.);
#8930=ORIENTED_EDGE('',*,*,#8929,.T.);
#8931=ORIENTED_EDGE('',*,*,#2551,.F.);
#8932=ORIENTED_EDGE('',*,*,#8917,.F.);
#8933=EDGE_LOOP('',(#8926,#8930,#8931,#8932));
#8934=FACE_OUTER_BOUND('',#8933,.T.);
#8935=AXIS2_PLACEMENT_3D('',#8648,#3041,#3219);
#8936=PLANE('',#8935);
#8937=ADVANCED_FACE('',(#8934),#8936,.T.);
#8938=ORIENTED_EDGE('',*,*,#8684,.T.);
#8939=VECTOR('',#1515,1.);
#8940=LINE('',#8644,#8939);
#8941=EDGE_CURVE('',#8645,#1898,#8940,.T.);
#8942=ORIENTED_EDGE('',*,*,#8941,.T.);
#8943=ORIENTED_EDGE('',*,*,#2547,.F.);
#8944=ORIENTED_EDGE('',*,*,#8929,.F.);
#8945=EDGE_LOOP('',(#8938,#8942,#8943,#8944));
#8946=FACE_OUTER_BOUND('',#8945,.T.);
#8947=AXIS2_PLACEMENT_3D('',#8646,#3028,#3206);
#8948=PLANE('',#8947);
#8949=ADVANCED_FACE('',(#8946),#8948,.T.);
#8950=ORIENTED_EDGE('',*,*,#8680,.F.);
#8951=VECTOR('',#1515,1.);
#8952=LINE('',#8642,#8951);
#8953=EDGE_CURVE('',#8643,#1896,#8952,.T.);
#8954=ORIENTED_EDGE('',*,*,#8953,.T.);
#8955=ORIENTED_EDGE('',*,*,#2543,.T.);
#8956=ORIENTED_EDGE('',*,*,#8941,.F.);
#8957=EDGE_LOOP('',(#8950,#8954,#8955,#8956));
#8958=FACE_OUTER_BOUND('',#8957,.T.);
#8959=AXIS2_PLACEMENT_3D('',#8644,#3284,#87);
#8960=PLANE('',#8959);
#8961=ADVANCED_FACE('',(#8958),#8960,.T.);
#8962=ORIENTED_EDGE('',*,*,#8748,.T.);
#8963=ORIENTED_EDGE('',*,*,#8763,.T.);
#8964=ORIENTED_EDGE('',*,*,#8635,.F.);
#8965=ORIENTED_EDGE('',*,*,#8953,.F.);
#8966=EDGE_LOOP('',(#8962,#8963,#8964,#8965));
#8967=FACE_OUTER_BOUND('',#8966,.T.);
#8968=AXIS2_PLACEMENT_3D('',#8642,#3012,#3284);
#8969=PLANE('',#8968);
#8970=ADVANCED_FACE('',(#8967),#8969,.T.);
#8971=CLOSED_SHELL('',(#8641,#8754,#8769,#8781,#8793,#8805,#8817,#8829,#8841,#8853,#8865,#8877,#8889,#8901,#8913,#8925,#8937,#8949,#8961,#8970));
#8972=MANIFOLD_SOLID_BREP('tile_lower_24',#8971);
#8973=CARTESIAN_POINT('',(5.333,10.176,3.3));
#8974=VERTEX_POINT('',#8973);
#8975=CARTESIAN_POINT('',(4.827,10.176,3.3));
#8976=VERTEX_POINT('',#8975);
#8977=VECTOR('',#122,1.);
#8978=LINE('',#8975,#8977);
#8979=EDGE_CURVE('',#8976,#8974,#8978,.T.);
#8980=ORIENTED_EDGE('',*,*,#8979,.F.);
#8981=VECTOR('',#87,1.);
#8982=LINE('',#1919,#8981);
#8983=EDGE_CURVE('',#1920,#8976,#8982,.T.);
#8984=ORIENTED_EDGE('',*,*,#8983,.F.);
#8985=ORIENTED_EDGE('',*,*,#2587,.T.);
#8986=VECTOR('',#87,1.);
#8987=LINE('',#1917,#8986);
#8988=EDGE_CURVE('',#1918,#8974,#8987,.T.);
#8989=ORIENTED_EDGE('',*,*,#8988,.T.);
#8990=EDGE_LOOP('',(#8980,#8984,#8985,#8989));
#8991=FACE_OUTER_BOUND('',#8990,.T.);
#8992=AXIS2_PLACEMENT_3D('',#8973,#1515,#87);
#8993=PLANE('',#8992);
#8994=ADVANCED_FACE('',(#8991),#8993,.T.);
#8995=CARTESIAN_POINT('',(5.333,7.4,2.9));
#8996=VERTEX_POINT('',#8995);
#8997=CARTESIAN_POINT('',(4.827,7.4,2.9));
#8998=VERTEX_POINT('',#8997);
#8999=CARTESIAN_POINT('',(4.827,10.176,2.9));
#9000=VERTEX_POINT('',#8999);
#9001=CARTESIAN_POINT('',(5.333,10.176,2.9));
#9002=VERTEX_POINT('',#9001);
#9003=VECTOR('',#122,1.);
#9004=LINE('',#8997,#9003);
#9005=EDGE_CURVE('',#8998,#8996,#9004,.T.);
#9006=ORIENTED_EDGE('',*,*,#9005,.F.);
#9007=VECTOR('',#87,1.);
#9008=LINE('',#8997,#9007);
#9009=EDGE_CURVE('',#8998,#9000,#9008,.T.);
#9010=ORIENTED_EDGE('',*,*,#9009,.T.);
#9011=VECTOR('',#122,1.);
#9012=LINE('',#8999,#9011);
#9013=EDGE_CURVE('',#9000,#9002,#9012,.T.);
#9014=ORIENTED_EDGE('',*,*,#9013,.T.);
#9015=VECTOR('',#87,1.);
#9016=LINE('',#8995,#9015);
#9017=EDGE_CURVE('',#8996,#9002,#9016,.T.);
#9018=ORIENTED_EDGE('',*,*,#9017,.F.);
#9019=EDGE_LOOP('',(#9006,#9010,#9014,#9018));
#9020=FACE_OUTER_BOUND('',#9019,.T.);
#9021=AXIS2_PLACEMENT_3D('',#8995,#3011,#3012);
#9022=PLANE('',#9021);
#9023=ADVANCED_FACE('',(#9020),#9022,.T.);
#9024=ORIENTED_EDGE('',*,*,#9013,.F.);
#9025=VECTOR('',#1515,1.);
#9026=LINE('',#8999,#9025);
#9027=EDGE_CURVE('',#9000,#8976,#9026,.T.);
#9028=ORIENTED_EDGE('',*,*,#9027,.T.);
#9029=ORIENTED_EDGE('',*,*,#8979,.T.);
#9030=VECTOR('',#1515,1.);
#9031=LINE('',#9001,#9030);
#9032=EDGE_CURVE('',#9002,#8974,#9031,.T.);
#9033=ORIENTED_EDGE('',*,*,#9032,.F.);
#9034=EDGE_LOOP('',(#9024,#9028,#9029,#9033));
#9035=FACE_OUTER_BOUND('',#9034,.T.);
#9036=AXIS2_PLACEMENT_3D('',#9001,#87,#122);
#9037=PLANE('',#9036);
#9038=ADVANCED_FACE('',(#9035),#9037,.T.);
#9039=ORIENTED_EDGE('',*,*,#9009,.F.);
#9040=VECTOR('',#1515,1.);
#9041=LINE('',#8997,#9040);
#9042=EDGE_CURVE('',#8998,#1920,#9041,.T.);
#9043=ORIENTED_EDGE('',*,*,#9042,.T.);
#9044=ORIENTED_EDGE('',*,*,#8983,.T.);
#9045=ORIENTED_EDGE('',*,*,#9027,.F.);
#9046=EDGE_LOOP('',(#9039,#9043,#9044,#9045));
#9047=FACE_OUTER_BOUND('',#9046,.T.);
#9048=AXIS2_PLACEMENT_3D('',#8999,#3284,#87);
#9049=PLANE('',#9048);
#9050=ADVANCED_FACE('',(#9047),#9049,.T.);
#9051=ORIENTED_EDGE('',*,*,#9005,.T.);
#9052=VECTOR('',#1515,1.);
#9053=LINE('',#8995,#9052);
#9054=EDGE_CURVE('',#8996,#1918,#9053,.T.);
#9055=ORIENTED_EDGE('',*,*,#9054,.T.);
#9056=ORIENTED_EDGE('',*,*,#2587,.F.);
#9057=ORIENTED_EDGE('',*,*,#9042,.F.);
#9058=EDGE_LOOP('',(#9051,#9055,#9056,#9057));
#9059=FACE_OUTER_BOUND('',#9058,.T.);
#9060=AXIS2_PLACEMENT_3D('',#8997,#3012,#3284);
#9061=PLANE('',#9060);
#9062=ADVANCED_FACE('',(#9059),#9061,.T.);
#9063=ORIENTED_EDGE('',*,*,#9017,.T.);
#9064=ORIENTED_EDGE('',*,*,#9032,.T.);
#9065=ORIENTED_EDGE('',*,*,#8988,.F.);
#9066=ORIENTED_EDGE('',*,*,#9054,.F.);
#9067=EDGE_LOOP('',(#9063,#9064,#9065,#9066));
#9068=FACE_OUTER_BOUND('',#9067,.T.);
#9069=AXIS2_PLACEMENT_3D('',#8995,#122,#3012);
#9070=PLANE('',#9069);
#9071=ADVANCED_FACE('',(#9068),#9070,.T.);
#9072=CLOSED_SHELL('',(#8994,#9023,#9038,#9050,#9062,#9071));
#9073=MANIFOLD_SOLID_BREP('tile_lower_25',#9072);
#9074=CARTESIAN_POINT('',(4.317,10.176,3.3));
#9075=VERTEX_POINT('',#9074);
#9076=CARTESIAN_POINT('',(3.811,10.176,3.3));
#9077=VERTEX_POINT('',#9076);
#9078=VECTOR('',#122,1.);
#9079=LINE('',#9076,#9078);
#9080=EDGE_CURVE('',#9077,#9075,#9079,.T.);
#9081=ORIENTED_EDGE('',*,*,#9080,.F.);
#9082=VECTOR('',#87,1.);
#9083=LINE('',#1927,#9082);
#9084=EDGE_CURVE('',#1928,#9077,#9083,.T.);
#9085=ORIENTED_EDGE('',*,*,#9084,.F.);
#9086=ORIENTED_EDGE('',*,*,#2603,.T.);
#9087=VECTOR('',#87,1.);
#9088=LINE('',#1925,#9087);
#9089=EDGE_CURVE('',#1926,#9075,#9088,.T.);
#9090=ORIENTED_EDGE('',*,*,#9089,.T.);
#9091=EDGE_LOOP('',(#9081,#9085,#9086,#9090));
#9092=FACE_OUTER_BOUND('',#9091,.T.);
#9093=AXIS2_PLACEMENT_3D('',#9074,#1515,#87);
#9094=PLANE('',#9093);
#9095=ADVANCED_FACE('',(#9092),#9094,.T.);
#9096=CARTESIAN_POINT('',(4.317,7.4,2.9));
#9097=VERTEX_POINT('',#9096);
#9098=CARTESIAN_POINT('',(3.811,7.4,2.9));
#9099=VERTEX_POINT('',#9098);
#9100=CARTESIAN_POINT('',(3.811,10.176,2.9));
#9101=VERTEX_POINT('',#9100);
#9102=CARTESIAN_POINT('',(4.317,10.176,2.9));
#9103=VERTEX_POINT('',#9102);
#9104=VECTOR('',#122,1.);
#9105=LINE('',#9098,#9104);
#9106=EDGE_CURVE('',#9099,#9097,#9105,.T.);
#9107=ORIENTED_EDGE('',*,*,#9106,.F.);
#9108=VECTOR('',#87,1.);
#9109=LINE('',#9098,#9108);
#9110=EDGE_CURVE('',#9099,#9101,#9109,.T.);
#9111=ORIENTED_EDGE('',*,*,#9110,.T.);
#9112=VECTOR('',#122,1.);
#9113=LINE('',#9100,#9112);
#9114=EDGE_CURVE('',#9101,#9103,#9113,.T.);
#9115=ORIENTED_EDGE('',*,*,#9114,.T.);
#9116=VECTOR('',#87,1.);
#9117=LINE('',#9096,#9116);
#9118=EDGE_CURVE('',#9097,#9103,#9117,.T.);
#9119=ORIENTED_EDGE('',*,*,#9118,.F.);
#9120=EDGE_LOOP('',(#9107,#9111,#9115,#9119));
#9121=FACE_OUTER_BOUND('',#9120,.T.);
#9122=AXIS2_PLACEMENT_3D('',#9096,#3011,#3012);
#9123=PLANE('',#9122);
#9124=ADVANCED_FACE('',(#9121),#9123,.T.);
#9125=ORIENTED_EDGE('',*,*,#9114,.F.);
#9126=VECTOR('',#1515,1.);
#9127=LINE('',#9100,#9126);
#9128=EDGE_CURVE('',#9101,#9077,#9127,.T.);
#9129=ORIENTED_EDGE('',*,*,#9128,.T.);
#9130=ORIENTED_EDGE('',*,*,#9080,.T.);
#9131=VECTOR('',#1515,1.);
#9132=LINE('',#9102,#9131);
#9133=EDGE_CURVE('',#9103,#9075,#9132,.T.);
#9134=ORIENTED_EDGE('',*,*,#9133,.F.);
#9135=EDGE_LOOP('',(#9125,#9129,#9130,#9134));
#9136=FACE_OUTER_BOUND('',#9135,.T.);
#9137=AXIS2_PLACEMENT_3D('',#9102,#87,#122);
#9138=PLANE('',#9137);
#9139=ADVANCED_FACE('',(#9136),#9138,.T.);
#9140=ORIENTED_EDGE('',*,*,#9110,.F.);
#9141=VECTOR('',#1515,1.);
#9142=LINE('',#9098,#9141);
#9143=EDGE_CURVE('',#9099,#1928,#9142,.T.);
#9144=ORIENTED_EDGE('',*,*,#9143,.T.);
#9145=ORIENTED_EDGE('',*,*,#9084,.T.);
#9146=ORIENTED_EDGE('',*,*,#9128,.F.);
#9147=EDGE_LOOP('',(#9140,#9144,#9145,#9146));
#9148=FACE_OUTER_BOUND('',#9147,.T.);
#9149=AXIS2_PLACEMENT_3D('',#9100,#3284,#87);
#9150=PLANE('',#9149);
#9151=ADVANCED_FACE('',(#9148),#9150,.T.);
#9152=ORIENTED_EDGE('',*,*,#9106,.T.);
#9153=VECTOR('',#1515,1.);
#9154=LINE('',#9096,#9153);
#9155=EDGE_CURVE('',#9097,#1926,#9154,.T.);
#9156=ORIENTED_EDGE('',*,*,#9155,.T.);
#9157=ORIENTED_EDGE('',*,*,#2603,.F.);
#9158=ORIENTED_EDGE('',*,*,#9143,.F.);
#9159=EDGE_LOOP('',(#9152,#9156,#9157,#9158));
#9160=FACE_OUTER_BOUND('',#9159,.T.);
#9161=AXIS2_PLACEMENT_3D('',#9098,#3012,#3284);
#9162=PLANE('',#9161);
#9163=ADVANCED_FACE('',(#9160),#9162,.T.);
#9164=ORIENTED_EDGE('',*,*,#9118,.T.);
#9165=ORIENTED_EDGE('',*,*,#9133,.T.);
#9166=ORIENTED_EDGE('',*,*,#9089,.F.);
#9167=ORIENTED_EDGE('',*,*,#9155,.F.);
#9168=EDGE_LOOP('',(#9164,#9165,#9166,#9167));
#9169=FACE_OUTER_BOUND('',#9168,.T.);
#9170=AXIS2_PLACEMENT_3D('',#9096,#122,#3012);
#9171=PLANE('',#9170);
#9172=ADVANCED_FACE('',(#9169),#9171,.T.);
#9173=CLOSED_SHELL('',(#9095,#9124,#9139,#9151,#9163,#9172));
#9174=MANIFOLD_SOLID_BREP('tile_lower_26',#9173);
#9175=CARTESIAN_POINT('',(3.301,10.176,3.3));
#9176=VERTEX_POINT('',#9175);
#9177=CARTESIAN_POINT('',(2.795,10.176,3.3));
#9178=VERTEX_POINT('',#9177);
#9179=VECTOR('',#122,1.);
#9180=LINE('',#9177,#9179);
#9181=EDGE_CURVE('',#9178,#9176,#9180,.T.);
#9182=ORIENTED_EDGE('',*,*,#9181,.F.);
#9183=VECTOR('',#87,1.);
#9184=LINE('',#1935,#9183);
#9185=EDGE_CURVE('',#1936,#9178,#9184,.T.);
#9186=ORIENTED_EDGE('',*,*,#9185,.F.);
#9187=ORIENTED_EDGE('',*,*,#2619,.T.);
#9188=VECTOR('',#87,1.);
#9189=LINE('',#1933,#9188);
#9190=EDGE_CURVE('',#1934,#9176,#9189,.T.);
#9191=ORIENTED_EDGE('',*,*,#9190,.T.);
#9192=EDGE_LOOP('',(#9182,#9186,#9187,#9191));
#9193=FACE_OUTER_BOUND('',#9192,.T.);
#9194=AXIS2_PLACEMENT_3D('',#9175,#1515,#87);
#9195=PLANE('',#9194);
#9196=ADVANCED_FACE('',(#9193),#9195,.T.);
#9197=CARTESIAN_POINT('',(3.301,7.4,2.9));
#9198=VERTEX_POINT('',#9197);
#9199=CARTESIAN_POINT('',(2.795,7.4,2.9));
#9200=VERTEX_POINT('',#9199);
#9201=CARTESIAN_POINT('',(2.795,10.176,2.9));
#9202=VERTEX_POINT('',#9201);
#9203=CARTESIAN_POINT('',(3.301,10.176,2.9));
#9204=VERTEX_POINT('',#9203);
#9205=VECTOR('',#122,1.);
#9206=LINE('',#9199,#9205);
#9207=EDGE_CURVE('',#9200,#9198,#9206,.T.);
#9208=ORIENTED_EDGE('',*,*,#9207,.F.);
#9209=VECTOR('',#87,1.);
#9210=LINE('',#9199,#9209);
#9211=EDGE_CURVE('',#9200,#9202,#9210,.T.);
#9212=ORIENTED_EDGE('',*,*,#9211,.T.);
#9213=VECTOR('',#122,1.);
#9214=LINE('',#9201,#9213);
#9215=EDGE_CURVE('',#9202,#9204,#9214,.T.);
#9216=ORIENTED_EDGE('',*,*,#9215,.T.);
#9217=VECTOR('',#87,1.);
#9218=LINE('',#9197,#9217);
#9219=EDGE_CURVE('',#9198,#9204,#9218,.T.);
#9220=ORIENTED_EDGE('',*,*,#9219,.F.);
#9221=EDGE_LOOP('',(#9208,#9212,#9216,#9220));
#9222=FACE_OUTER_BOUND('',#9221,.T.);
#9223=AXIS2_PLACEMENT_3D('',#9197,#3011,#3012);
#9224=PLANE('',#9223);
#9225=ADVANCED_FACE('',(#9222),#9224,.T.);
#9226=ORIENTED_EDGE('',*,*,#9215,.F.);
#9227=VECTOR('',#1515,1.);
#9228=LINE('',#9201,#9227);
#9229=EDGE_CURVE('',#9202,#9178,#9228,.T.);
#9230=ORIENTED_EDGE('',*,*,#9229,.T.);
#9231=ORIENTED_EDGE('',*,*,#9181,.T.);
#9232=VECTOR('',#1515,1.);
#9233=LINE('',#9203,#9232);
#9234=EDGE_CURVE('',#9204,#9176,#9233,.T.);
#9235=ORIENTED_EDGE('',*,*,#9234,.F.);
#9236=EDGE_LOOP('',(#9226,#9230,#9231,#9235));
#9237=FACE_OUTER_BOUND('',#9236,.T.);
#9238=AXIS2_PLACEMENT_3D('',#9203,#87,#122);
#9239=PLANE('',#9238);
#9240=ADVANCED_FACE('',(#9237),#9239,.T.);
#9241=ORIENTED_EDGE('',*,*,#9211,.F.);
#9242=VECTOR('',#1515,1.);
#9243=LINE('',#9199,#9242);
#9244=EDGE_CURVE('',#9200,#1936,#9243,.T.);
#9245=ORIENTED_EDGE('',*,*,#9244,.T.);
#9246=ORIENTED_EDGE('',*,*,#9185,.T.);
#9247=ORIENTED_EDGE('',*,*,#9229,.F.);
#9248=EDGE_LOOP('',(#9241,#9245,#9246,#9247));
#9249=FACE_OUTER_BOUND('',#9248,.T.);
#9250=AXIS2_PLACEMENT_3D('',#9201,#3284,#87);
#9251=PLANE('',#9250);
#9252=ADVANCED_FACE('',(#9249),#9251,.T.);
#9253=ORIENTED_EDGE('',*,*,#9207,.T.);
#9254=VECTOR('',#1515,1.);
#9255=LINE('',#9197,#9254);
#9256=EDGE_CURVE('',#9198,#1934,#9255,.T.);
#9257=ORIENTED_EDGE('',*,*,#9256,.T.);
#9258=ORIENTED_EDGE('',*,*,#2619,.F.);
#9259=ORIENTED_EDGE('',*,*,#9244,.F.);
#9260=EDGE_LOOP('',(#9253,#9257,#9258,#9259));
#9261=FACE_OUTER_BOUND('',#9260,.T.);
#9262=AXIS2_PLACEMENT_3D('',#9199,#3012,#3284);
#9263=PLANE('',#9262);
#9264=ADVANCED_FACE('',(#9261),#9263,.T.);
#9265=ORIENTED_EDGE('',*,*,#9219,.T.);
#9266=ORIENTED_EDGE('',*,*,#9234,.T.);
#9267=ORIENTED_EDGE('',*,*,#9190,.F.);
#9268=ORIENTED_EDGE('',*,*,#9256,.F.);
#9269=EDGE_LOOP('',(#9265,#9266,#9267,#9268));
#9270=FACE_OUTER_BOUND('',#9269,.T.);
#9271=AXIS2_PLACEMENT_3D('',#9197,#122,#3012);
#9272=PLANE('',#9271);
#9273=ADVANCED_FACE('',(#9270),#9272,.T.);
#9274=CLOSED_SHELL('',(#9196,#9225,#9240,#9252,#9264,#9273));
#9275=MANIFOLD_SOLID_BREP('tile_lower_27',#9274);
#9276=CARTESIAN_POINT('',(2.285,10.176,3.3));
#9277=VERTEX_POINT('',#9276);
#9278=CARTESIAN_POINT('',(1.779,10.176,3.3));
#9279=VERTEX_POINT('',#9278);
#9280=VECTOR('',#122,1.);
#9281=LINE('',#9278,#9280);
#9282=EDGE_CURVE('',#9279,#9277,#9281,.T.);
#9283=ORIENTED_EDGE('',*,*,#9282,.F.);
#9284=VECTOR('',#87,1.);
#9285=LINE('',#1943,#9284);
#9286=EDGE_CURVE('',#1944,#9279,#9285,.T.);
#9287=ORIENTED_EDGE('',*,*,#9286,.F.);
#9288=ORIENTED_EDGE('',*,*,#2635,.T.);
#9289=VECTOR('',#87,1.);
#9290=LINE('',#1941,#9289);
#9291=EDGE_CURVE('',#1942,#9277,#9290,.T.);
#9292=ORIENTED_EDGE('',*,*,#9291,.T.);
#9293=EDGE_LOOP('',(#9283,#9287,#9288,#9292));
#9294=FACE_OUTER_BOUND('',#9293,.T.);
#9295=AXIS2_PLACEMENT_3D('',#9276,#1515,#87);
#9296=PLANE('',#9295);
#9297=ADVANCED_FACE('',(#9294),#9296,.T.);
#9298=CARTESIAN_POINT('',(2.285,7.4,2.9));
#9299=VERTEX_POINT('',#9298);
#9300=CARTESIAN_POINT('',(1.779,7.4,2.9));
#9301=VERTEX_POINT('',#9300);
#9302=CARTESIAN_POINT('',(1.779,10.176,2.9));
#9303=VERTEX_POINT('',#9302);
#9304=CARTESIAN_POINT('',(2.285,10.176,2.9));
#9305=VERTEX_POINT('',#9304);
#9306=VECTOR('',#122,1.);
#9307=LINE('',#9300,#9306);
#9308=EDGE_CURVE('',#9301,#9299,#9307,.T.);
#9309=ORIENTED_EDGE('',*,*,#9308,.F.);
#9310=VECTOR('',#87,1.);
#9311=LINE('',#9300,#9310);
#9312=EDGE_CURVE('',#9301,#9303,#9311,.T.);
#9313=ORIENTED_EDGE('',*,*,#9312,.T.);
#9314=VECTOR('',#122,1.);
#9315=LINE('',#9302,#9314);
#9316=EDGE_CURVE('',#9303,#9305,#9315,.T.);
#9317=ORIENTED_EDGE('',*,*,#9316,.T.);
#9318=VECTOR('',#87,1.);
#9319=LINE('',#9298,#9318);
#9320=EDGE_CURVE('',#9299,#9305,#9319,.T.);
#9321=ORIENTED_EDGE('',*,*,#9320,.F.);
#9322=EDGE_LOOP('',(#9309,#9313,#9317,#9321));
#9323=FACE_OUTER_BOUND('',#9322,.T.);
#9324=AXIS2_PLACEMENT_3D('',#9298,#3011,#3012);
#9325=PLANE('',#9324);
#9326=ADVANCED_FACE('',(#9323),#9325,.T.);
#9327=ORIENTED_EDGE('',*,*,#9316,.F.);
#9328=VECTOR('',#1515,1.);
#9329=LINE('',#9302,#9328);
#9330=EDGE_CURVE('',#9303,#9279,#9329,.T.);
#9331=ORIENTED_EDGE('',*,*,#9330,.T.);
#9332=ORIENTED_EDGE('',*,*,#9282,.T.);
#9333=VECTOR('',#1515,1.);
#9334=LINE('',#9304,#9333);
#9335=EDGE_CURVE('',#9305,#9277,#9334,.T.);
#9336=ORIENTED_EDGE('',*,*,#9335,.F.);
#9337=EDGE_LOOP('',(#9327,#9331,#9332,#9336));
#9338=FACE_OUTER_BOUND('',#9337,.T.);
#9339=AXIS2_PLACEMENT_3D('',#9304,#87,#122);
#9340=PLANE('',#9339);
#9341=ADVANCED_FACE('',(#9338),#9340,.T.);
#9342=ORIENTED_EDGE('',*,*,#9312,.F.);
#9343=VECTOR('',#1515,1.);
#9344=LINE('',#9300,#9343);
#9345=EDGE_CURVE('',#9301,#1944,#9344,.T.);
#9346=ORIENTED_EDGE('',*,*,#9345,.T.);
#9347=ORIENTED_EDGE('',*,*,#9286,.T.);
#9348=ORIENTED_EDGE('',*,*,#9330,.F.);
#9349=EDGE_LOOP('',(#9342,#9346,#9347,#9348));
#9350=FACE_OUTER_BOUND('',#9349,.T.);
#9351=AXIS2_PLACEMENT_3D('',#9302,#3284,#87);
#9352=PLANE('',#9351);
#9353=ADVANCED_FACE('',(#9350),#9352,.T.);
#9354=ORIENTED_EDGE('',*,*,#9308,.T.);
#9355=VECTOR('',#1515,1.);
#9356=LINE('',#9298,#9355);
#9357=EDGE_CURVE('',#9299,#1942,#9356,.T.);
#9358=ORIENTED_EDGE('',*,*,#9357,.T.);
#9359=ORIENTED_EDGE('',*,*,#2635,.F.);
#9360=ORIENTED_EDGE('',*,*,#9345,.F.);
#9361=EDGE_LOOP('',(#9354,#9358,#9359,#9360));
#9362=FACE_OUTER_BOUND('',#9361,.T.);
#9363=AXIS2_PLACEMENT_3D('',#9300,#3012,#3284);
#9364=PLANE('',#9363);
#9365=ADVANCED_FACE('',(#9362),#9364,.T.);
#9366=ORIENTED_EDGE('',*,*,#9320,.T.);
#9367=ORIENTED_EDGE('',*,*,#9335,.T.);
#9368=ORIENTED_EDGE('',*,*,#9291,.F.);
#9369=ORIENTED_EDGE('',*,*,#9357,.F.);
#9370=EDGE_LOOP('',(#9366,#9367,#9368,#9369));
#9371=FACE_OUTER_BOUND('',#9370,.T.);
#9372=AXIS2_PLACEMENT_3D('',#9298,#122,#3012);
#9373=PLANE('',#9372);
#9374=ADVANCED_FACE('',(#9371),#9373,.T.);
#9375=CLOSED_SHELL('',(#9297,#9326,#9341,#9353,#9365,#9374));
#9376=MANIFOLD_SOLID_BREP('tile_lower_28',#9375);
#9377=CARTESIAN_POINT('',(1.269,10.176,3.3));
#9378=VERTEX_POINT('',#9377);
#9379=CARTESIAN_POINT('',(0.763,10.176,3.3));
#9380=VERTEX_POINT('',#9379);
#9381=VECTOR('',#122,1.);
#9382=LINE('',#9379,#9381);
#9383=EDGE_CURVE('',#9380,#9378,#9382,.T.);
#9384=ORIENTED_EDGE('',*,*,#9383,.F.);
#9385=VECTOR('',#87,1.);
#9386=LINE('',#1951,#9385);
#9387=EDGE_CURVE('',#1952,#9380,#9386,.T.);
#9388=ORIENTED_EDGE('',*,*,#9387,.F.);
#9389=ORIENTED_EDGE('',*,*,#2651,.T.);
#9390=VECTOR('',#87,1.);
#9391=LINE('',#1949,#9390);
#9392=EDGE_CURVE('',#1950,#9378,#9391,.T.);
#9393=ORIENTED_EDGE('',*,*,#9392,.T.);
#9394=EDGE_LOOP('',(#9384,#9388,#9389,#9393));
#9395=FACE_OUTER_BOUND('',#9394,.T.);
#9396=AXIS2_PLACEMENT_3D('',#9377,#1515,#87);
#9397=PLANE('',#9396);
#9398=ADVANCED_FACE('',(#9395),#9397,.T.);
#9399=CARTESIAN_POINT('',(1.269,7.4,2.9));
#9400=VERTEX_POINT('',#9399);
#9401=CARTESIAN_POINT('',(0.763,7.4,2.9));
#9402=VERTEX_POINT('',#9401);
#9403=CARTESIAN_POINT('',(0.763,10.176,2.9));
#9404=VERTEX_POINT('',#9403);
#9405=CARTESIAN_POINT('',(1.269,10.176,2.9));
#9406=VERTEX_POINT('',#9405);
#9407=VECTOR('',#122,1.);
#9408=LINE('',#9401,#9407);
#9409=EDGE_CURVE('',#9402,#9400,#9408,.T.);
#9410=ORIENTED_EDGE('',*,*,#9409,.F.);
#9411=VECTOR('',#87,1.);
#9412=LINE('',#9401,#9411);
#9413=EDGE_CURVE('',#9402,#9404,#9412,.T.);
#9414=ORIENTED_EDGE('',*,*,#9413,.T.);
#9415=VECTOR('',#122,1.);
#9416=LINE('',#9403,#9415);
#9417=EDGE_CURVE('',#9404,#9406,#9416,.T.);
#9418=ORIENTED_EDGE('',*,*,#9417,.T.);
#9419=VECTOR('',#87,1.);
#9420=LINE('',#9399,#9419);
#9421=EDGE_CURVE('',#9400,#9406,#9420,.T.);
#9422=ORIENTED_EDGE('',*,*,#9421,.F.);
#9423=EDGE_LOOP('',(#9410,#9414,#9418,#9422));
#9424=FACE_OUTER_BOUND('',#9423,.T.);
#9425=AXIS2_PLACEMENT_3D('',#9399,#3011,#3012);
#9426=PLANE('',#9425);
#9427=ADVANCED_FACE('',(#9424),#9426,.T.);
#9428=ORIENTED_EDGE('',*,*,#9417,.F.);
#9429=VECTOR('',#1515,1.);
#9430=LINE('',#9403,#9429);
#9431=EDGE_CURVE('',#9404,#9380,#9430,.T.);
#9432=ORIENTED_EDGE('',*,*,#9431,.T.);
#9433=ORIENTED_EDGE('',*,*,#9383,.T.);
#9434=VECTOR('',#1515,1.);
#9435=LINE('',#9405,#9434);
#9436=EDGE_CURVE('',#9406,#9378,#9435,.T.);
#9437=ORIENTED_EDGE('',*,*,#9436,.F.);
#9438=EDGE_LOOP('',(#9428,#9432,#9433,#9437));
#9439=FACE_OUTER_BOUND('',#9438,.T.);
#9440=AXIS2_PLACEMENT_3D('',#9405,#87,#122);
#9441=PLANE('',#9440);
#9442=ADVANCED_FACE('',(#9439),#9441,.T.);
#9443=ORIENTED_EDGE('',*,*,#9413,.F.);
#9444=VECTOR('',#1515,1.);
#9445=LINE('',#9401,#9444);
#9446=EDGE_CURVE('',#9402,#1952,#9445,.T.);
#9447=ORIENTED_EDGE('',*,*,#9446,.T.);
#9448=ORIENTED_EDGE('',*,*,#9387,.T.);
#9449=ORIENTED_EDGE('',*,*,#9431,.F.);
#9450=EDGE_LOOP('',(#9443,#9447,#9448,#9449));
#9451=FACE_OUTER_BOUND('',#9450,.T.);
#9452=AXIS2_PLACEMENT_3D('',#9403,#3284,#87);
#9453=PLANE('',#9452);
#9454=ADVANCED_FACE('',(#9451),#9453,.T.);
#9455=ORIENTED_EDGE('',*,*,#9409,.T.);
#9456=VECTOR('',#1515,1.);
#9457=LINE('',#9399,#9456);
#9458=EDGE_CURVE('',#9400,#1950,#9457,.T.);
#9459=ORIENTED_EDGE('',*,*,#9458,.T.);
#9460=ORIENTED_EDGE('',*,*,#2651,.F.);
#9461=ORIENTED_EDGE('',*,*,#9446,.F.);
#9462=EDGE_LOOP('',(#9455,#9459,#9460,#9461));
#9463=FACE_OUTER_BOUND('',#9462,.T.);
#9464=AXIS2_PLACEMENT_3D('',#9401,#3012,#3284);
#9465=PLANE('',#9464);
#9466=ADVANCED_FACE('',(#9463),#9465,.T.);
#9467=ORIENTED_EDGE('',*,*,#9421,.T.);
#9468=ORIENTED_EDGE('',*,*,#9436,.T.);
#9469=ORIENTED_EDGE('',*,*,#9392,.F.);
#9470=ORIENTED_EDGE('',*,*,#9458,.F.);
#9471=EDGE_LOOP('',(#9467,#9468,#9469,#9470));
#9472=FACE_OUTER_BOUND('',#9471,.T.);
#9473=AXIS2_PLACEMENT_3D('',#9399,#122,#3012);
#9474=PLANE('',#9473);
#9475=ADVANCED_FACE('',(#9472),#9474,.T.);
#9476=CLOSED_SHELL('',(#9398,#9427,#9442,#9454,#9466,#9475));
#9477=MANIFOLD_SOLID_BREP('tile_lower_29',#9476);
#9478=CARTESIAN_POINT('',(0.253,10.176,3.3));
#9479=VERTEX_POINT('',#9478);
#9480=CARTESIAN_POINT('',(-0.253,10.176,3.3));
#9481=VERTEX_POINT('',#9480);
#9482=VECTOR('',#122,1.);
#9483=LINE('',#9480,#9482);
#9484=EDGE_CURVE('',#9481,#9479,#9483,.T.);
#9485=ORIENTED_EDGE('',*,*,#9484,.F.);
#9486=VECTOR('',#87,1.);
#9487=LINE('',#1959,#9486);
#9488=EDGE_CURVE('',#1960,#9481,#9487,.T.);
#9489=ORIENTED_EDGE('',*,*,#9488,.F.);
#9490=ORIENTED_EDGE('',*,*,#2667,.T.);
#9491=VECTOR('',#87,1.);
#9492=LINE('',#1957,#9491);
#9493=EDGE_CURVE('',#1958,#9479,#9492,.T.);
#9494=ORIENTED_EDGE('',*,*,#9493,.T.);
#9495=EDGE_LOOP('',(#9485,#9489,#9490,#9494));
#9496=FACE_OUTER_BOUND('',#9495,.T.);
#9497=AXIS2_PLACEMENT_3D('',#9478,#1515,#87);
#9498=PLANE('',#9497);
#9499=ADVANCED_FACE('',(#9496),#9498,.T.);
#9500=CARTESIAN_POINT('',(0.253,7.4,2.9));
#9501=VERTEX_POINT('',#9500);
#9502=CARTESIAN_POINT('',(-0.253,7.4,2.9));
#9503=VERTEX_POINT('',#9502);
#9504=CARTESIAN_POINT('',(-0.253,10.176,2.9));
#9505=VERTEX_POINT('',#9504);
#9506=CARTESIAN_POINT('',(0.253,10.176,2.9));
#9507=VERTEX_POINT('',#9506);
#9508=VECTOR('',#122,1.);
#9509=LINE('',#9502,#9508);
#9510=EDGE_CURVE('',#9503,#9501,#9509,.T.);
#9511=ORIENTED_EDGE('',*,*,#9510,.F.);
#9512=VECTOR('',#87,1.);
#9513=LINE('',#9502,#9512);
#9514=EDGE_CURVE('',#9503,#9505,#9513,.T.);
#9515=ORIENTED_EDGE('',*,*,#9514,.T.);
#9516=VECTOR('',#122,1.);
#9517=LINE('',#9504,#9516);
#9518=EDGE_CURVE('',#9505,#9507,#9517,.T.);
#9519=ORIENTED_EDGE('',*,*,#9518,.T.);
#9520=VECTOR('',#87,1.);
#9521=LINE('',#9500,#9520);
#9522=EDGE_CURVE('',#9501,#9507,#9521,.T.);
#9523=ORIENTED_EDGE('',*,*,#9522,.F.);
#9524=EDGE_LOOP('',(#9511,#9515,#9519,#9523));
#9525=FACE_OUTER_BOUND('',#9524,.T.);
#9526=AXIS2_PLACEMENT_3D('',#9500,#3011,#3012);
#9527=PLANE('',#9526);
#9528=ADVANCED_FACE('',(#9525),#9527,.T.);
#9529=ORIENTED_EDGE('',*,*,#9518,.F.);
#9530=VECTOR('',#1515,1.);
#9531=LINE('',#9504,#9530);
#9532=EDGE_CURVE('',#9505,#9481,#9531,.T.);
#9533=ORIENTED_EDGE('',*,*,#9532,.T.);
#9534=ORIENTED_EDGE('',*,*,#9484,.T.);
#9535=VECTOR('',#1515,1.);
#9536=LINE('',#9506,#9535);
#9537=EDGE_CURVE('',#9507,#9479,#9536,.T.);
#9538=ORIENTED_EDGE('',*,*,#9537,.F.);
#9539=EDGE_LOOP('',(#9529,#9533,#9534,#9538));
#9540=FACE_OUTER_BOUND('',#9539,.T.);
#9541=AXIS2_PLACEMENT_3D('',#9506,#87,#122);
#9542=PLANE('',#9541);
#9543=ADVANCED_FACE('',(#9540),#9542,.T.);
#9544=ORIENTED_EDGE('',*,*,#9514,.F.);
#9545=VECTOR('',#1515,1.);
#9546=LINE('',#9502,#9545);
#9547=EDGE_CURVE('',#9503,#1960,#9546,.T.);
#9548=ORIENTED_EDGE('',*,*,#9547,.T.);
#9549=ORIENTED_EDGE('',*,*,#9488,.T.);
#9550=ORIENTED_EDGE('',*,*,#9532,.F.);
#9551=EDGE_LOOP('',(#9544,#9548,#9549,#9550));
#9552=FACE_OUTER_BOUND('',#9551,.T.);
#9553=AXIS2_PLACEMENT_3D('',#9504,#3284,#87);
#9554=PLANE('',#9553);
#9555=ADVANCED_FACE('',(#9552),#9554,.T.);
#9556=ORIENTED_EDGE('',*,*,#9510,.T.);
#9557=VECTOR('',#1515,1.);
#9558=LINE('',#9500,#9557);
#9559=EDGE_CURVE('',#9501,#1958,#9558,.T.);
#9560=ORIENTED_EDGE('',*,*,#9559,.T.);
#9561=ORIENTED_EDGE('',*,*,#2667,.F.);
#9562=ORIENTED_EDGE('',*,*,#9547,.F.);
#9563=EDGE_LOOP('',(#9556,#9560,#9561,#9562));
#9564=FACE_OUTER_BOUND('',#9563,.T.);
#9565=AXIS2_PLACEMENT_3D('',#9502,#3012,#3284);
#9566=PLANE('',#9565);
#9567=ADVANCED_FACE('',(#9564),#9566,.T.);
#9568=ORIENTED_EDGE('',*,*,#9522,.T.);
#9569=ORIENTED_EDGE('',*,*,#9537,.T.);
#9570=ORIENTED_EDGE('',*,*,#9493,.F.);
#9571=ORIENTED_EDGE('',*,*,#9559,.F.);
#9572=EDGE_LOOP('',(#9568,#9569,#9570,#9571));
#9573=FACE_OUTER_BOUND('',#9572,.T.);
#9574=AXIS2_PLACEMENT_3D('',#9500,#122,#3012);
#9575=PLANE('',#9574);
#9576=ADVANCED_FACE('',(#9573),#9575,.T.);
#9577=CLOSED_SHELL('',(#9499,#9528,#9543,#9555,#9567,#9576));
#9578=MANIFOLD_SOLID_BREP('tile_lower_30',#9577);
#9579=CARTESIAN_POINT('',(-0.763,10.176,3.3));
#9580=VERTEX_POINT('',#9579);
#9581=CARTESIAN_POINT('',(-1.269,10.176,3.3));
#9582=VERTEX_POINT('',#9581);
#9583=VECTOR('',#122,1.);
#9584=LINE('',#9581,#9583);
#9585=EDGE_CURVE('',#9582,#9580,#9584,.T.);
#9586=ORIENTED_EDGE('',*,*,#9585,.F.);
#9587=VECTOR('',#87,1.);
#9588=LINE('',#1967,#9587);
#9589=EDGE_CURVE('',#1968,#9582,#9588,.T.);
#9590=ORIENTED_EDGE('',*,*,#9589,.F.);
#9591=ORIENTED_EDGE('',*,*,#2683,.T.);
#9592=VECTOR('',#87,1.);
#9593=LINE('',#1965,#9592);
#9594=EDGE_CURVE('',#1966,#9580,#9593,.T.);
#9595=ORIENTED_EDGE('',*,*,#9594,.T.);
#9596=EDGE_LOOP('',(#9586,#9590,#9591,#9595));
#9597=FACE_OUTER_BOUND('',#9596,.T.);
#9598=AXIS2_PLACEMENT_3D('',#9579,#1515,#87);
#9599=PLANE('',#9598);
#9600=ADVANCED_FACE('',(#9597),#9599,.T.);
#9601=CARTESIAN_POINT('',(-0.763,7.4,2.9));
#9602=VERTEX_POINT('',#9601);
#9603=CARTESIAN_POINT('',(-1.269,7.4,2.9));
#9604=VERTEX_POINT('',#9603);
#9605=CARTESIAN_POINT('',(-1.269,10.176,2.9));
#9606=VERTEX_POINT('',#9605);
#9607=CARTESIAN_POINT('',(-0.763,10.176,2.9));
#9608=VERTEX_POINT('',#9607);
#9609=VECTOR('',#122,1.);
#9610=LINE('',#9603,#9609);
#9611=EDGE_CURVE('',#9604,#9602,#9610,.T.);
#9612=ORIENTED_EDGE('',*,*,#9611,.F.);
#9613=VECTOR('',#87,1.);
#9614=LINE('',#9603,#9613);
#9615=EDGE_CURVE('',#9604,#9606,#9614,.T.);
#9616=ORIENTED_EDGE('',*,*,#9615,.T.);
#9617=VECTOR('',#122,1.);
#9618=LINE('',#9605,#9617);
#9619=EDGE_CURVE('',#9606,#9608,#9618,.T.);
#9620=ORIENTED_EDGE('',*,*,#9619,.T.);
#9621=VECTOR('',#87,1.);
#9622=LINE('',#9601,#9621);
#9623=EDGE_CURVE('',#9602,#9608,#9622,.T.);
#9624=ORIENTED_EDGE('',*,*,#9623,.F.);
#9625=EDGE_LOOP('',(#9612,#9616,#9620,#9624));
#9626=FACE_OUTER_BOUND('',#9625,.T.);
#9627=AXIS2_PLACEMENT_3D('',#9601,#3011,#3012);
#9628=PLANE('',#9627);
#9629=ADVANCED_FACE('',(#9626),#9628,.T.);
#9630=ORIENTED_EDGE('',*,*,#9619,.F.);
#9631=VECTOR('',#1515,1.);
#9632=LINE('',#9605,#9631);
#9633=EDGE_CURVE('',#9606,#9582,#9632,.T.);
#9634=ORIENTED_EDGE('',*,*,#9633,.T.);
#9635=ORIENTED_EDGE('',*,*,#9585,.T.);
#9636=VECTOR('',#1515,1.);
#9637=LINE('',#9607,#9636);
#9638=EDGE_CURVE('',#9608,#9580,#9637,.T.);
#9639=ORIENTED_EDGE('',*,*,#9638,.F.);
#9640=EDGE_LOOP('',(#9630,#9634,#9635,#9639));
#9641=FACE_OUTER_BOUND('',#9640,.T.);
#9642=AXIS2_PLACEMENT_3D('',#9607,#87,#122);
#9643=PLANE('',#9642);
#9644=ADVANCED_FACE('',(#9641),#9643,.T.);
#9645=ORIENTED_EDGE('',*,*,#9615,.F.);
#9646=VECTOR('',#1515,1.);
#9647=LINE('',#9603,#9646);
#9648=EDGE_CURVE('',#9604,#1968,#9647,.T.);
#9649=ORIENTED_EDGE('',*,*,#9648,.T.);
#9650=ORIENTED_EDGE('',*,*,#9589,.T.);
#9651=ORIENTED_EDGE('',*,*,#9633,.F.);
#9652=EDGE_LOOP('',(#9645,#9649,#9650,#9651));
#9653=FACE_OUTER_BOUND('',#9652,.T.);
#9654=AXIS2_PLACEMENT_3D('',#9605,#3284,#87);
#9655=PLANE('',#9654);
#9656=ADVANCED_FACE('',(#9653),#9655,.T.);
#9657=ORIENTED_EDGE('',*,*,#9611,.T.);
#9658=VECTOR('',#1515,1.);
#9659=LINE('',#9601,#9658);
#9660=EDGE_CURVE('',#9602,#1966,#9659,.T.);
#9661=ORIENTED_EDGE('',*,*,#9660,.T.);
#9662=ORIENTED_EDGE('',*,*,#2683,.F.);
#9663=ORIENTED_EDGE('',*,*,#9648,.F.);
#9664=EDGE_LOOP('',(#9657,#9661,#9662,#9663));
#9665=FACE_OUTER_BOUND('',#9664,.T.);
#9666=AXIS2_PLACEMENT_3D('',#9603,#3012,#3284);
#9667=PLANE('',#9666);
#9668=ADVANCED_FACE('',(#9665),#9667,.T.);
#9669=ORIENTED_EDGE('',*,*,#9623,.T.);
#9670=ORIENTED_EDGE('',*,*,#9638,.T.);
#9671=ORIENTED_EDGE('',*,*,#9594,.F.);
#9672=ORIENTED_EDGE('',*,*,#9660,.F.);
#9673=EDGE_LOOP('',(#9669,#9670,#9671,#9672));
#9674=FACE_OUTER_BOUND('',#9673,.T.);
#9675=AXIS2_PLACEMENT_3D('',#9601,#122,#3012);
#9676=PLANE('',#9675);
#9677=ADVANCED_FACE('',(#9674),#9676,.T.);
#9678=CLOSED_SHELL('',(#9600,#9629,#9644,#9656,#9668,#9677));
#9679=MANIFOLD_SOLID_BREP('tile_lower_31',#9678);
#9680=CARTESIAN_POINT('',(-1.779,10.176,3.3));
#9681=VERTEX_POINT('',#9680);
#9682=CARTESIAN_POINT('',(-2.285,10.176,3.3));
#9683=VERTEX_POINT('',#9682);
#9684=VECTOR('',#122,1.);
#9685=LINE('',#9682,#9684);
#9686=EDGE_CURVE('',#9683,#9681,#9685,.T.);
#9687=ORIENTED_EDGE('',*,*,#9686,.F.);
#9688=VECTOR('',#87,1.);
#9689=LINE('',#1975,#9688);
#9690=EDGE_CURVE('',#1976,#9683,#9689,.T.);
#9691=ORIENTED_EDGE('',*,*,#9690,.F.);
#9692=ORIENTED_EDGE('',*,*,#2699,.T.);
#9693=VECTOR('',#87,1.);
#9694=LINE('',#1973,#9693);
#9695=EDGE_CURVE('',#1974,#9681,#9694,.T.);
#9696=ORIENTED_EDGE('',*,*,#9695,.T.);
#9697=EDGE_LOOP('',(#9687,#9691,#9692,#9696));
#9698=FACE_OUTER_BOUND('',#9697,.T.);
#9699=AXIS2_PLACEMENT_3D('',#9680,#1515,#87);
#9700=PLANE('',#9699);
#9701=ADVANCED_FACE('',(#9698),#9700,.T.);
#9702=CARTESIAN_POINT('',(-1.779,7.4,2.9));
#9703=VERTEX_POINT('',#9702);
#9704=CARTESIAN_POINT('',(-2.285,7.4,2.9));
#9705=VERTEX_POINT('',#9704);
#9706=CARTESIAN_POINT('',(-2.285,10.176,2.9));
#9707=VERTEX_POINT('',#9706);
#9708=CARTESIAN_POINT('',(-1.779,10.176,2.9));
#9709=VERTEX_POINT('',#9708);
#9710=VECTOR('',#122,1.);
#9711=LINE('',#9704,#9710);
#9712=EDGE_CURVE('',#9705,#9703,#9711,.T.);
#9713=ORIENTED_EDGE('',*,*,#9712,.F.);
#9714=VECTOR('',#87,1.);
#9715=LINE('',#9704,#9714);
#9716=EDGE_CURVE('',#9705,#9707,#9715,.T.);
#9717=ORIENTED_EDGE('',*,*,#9716,.T.);
#9718=VECTOR('',#122,1.);
#9719=LINE('',#9706,#9718);
#9720=EDGE_CURVE('',#9707,#9709,#9719,.T.);
#9721=ORIENTED_EDGE('',*,*,#9720,.T.);
#9722=VECTOR('',#87,1.);
#9723=LINE('',#9702,#9722);
#9724=EDGE_CURVE('',#9703,#9709,#9723,.T.);
#9725=ORIENTED_EDGE('',*,*,#9724,.F.);
#9726=EDGE_LOOP('',(#9713,#9717,#9721,#9725));
#9727=FACE_OUTER_BOUND('',#9726,.T.);
#9728=AXIS2_PLACEMENT_3D('',#9702,#3011,#3012);
#9729=PLANE('',#9728);
#9730=ADVANCED_FACE('',(#9727),#9729,.T.);
#9731=ORIENTED_EDGE('',*,*,#9720,.F.);
#9732=VECTOR('',#1515,1.);
#9733=LINE('',#9706,#9732);
#9734=EDGE_CURVE('',#9707,#9683,#9733,.T.);
#9735=ORIENTED_EDGE('',*,*,#9734,.T.);
#9736=ORIENTED_EDGE('',*,*,#9686,.T.);
#9737=VECTOR('',#1515,1.);
#9738=LINE('',#9708,#9737);
#9739=EDGE_CURVE('',#9709,#9681,#9738,.T.);
#9740=ORIENTED_EDGE('',*,*,#9739,.F.);
#9741=EDGE_LOOP('',(#9731,#9735,#9736,#9740));
#9742=FACE_OUTER_BOUND('',#9741,.T.);
#9743=AXIS2_PLACEMENT_3D('',#9708,#87,#122);
#9744=PLANE('',#9743);
#9745=ADVANCED_FACE('',(#9742),#9744,.T.);
#9746=ORIENTED_EDGE('',*,*,#9716,.F.);
#9747=VECTOR('',#1515,1.);
#9748=LINE('',#9704,#9747);
#9749=EDGE_CURVE('',#9705,#1976,#9748,.T.);
#9750=ORIENTED_EDGE('',*,*,#9749,.T.);
#9751=ORIENTED_EDGE('',*,*,#9690,.T.);
#9752=ORIENTED_EDGE('',*,*,#9734,.F.);
#9753=EDGE_LOOP('',(#9746,#9750,#9751,#9752));
#9754=FACE_OUTER_BOUND('',#9753,.T.);
#9755=AXIS2_PLACEMENT_3D('',#9706,#3284,#87);
#9756=PLANE('',#9755);
#9757=ADVANCED_FACE('',(#9754),#9756,.T.);
#9758=ORIENTED_EDGE('',*,*,#9712,.T.);
#9759=VECTOR('',#1515,1.);
#9760=LINE('',#9702,#9759);
#9761=EDGE_CURVE('',#9703,#1974,#9760,.T.);
#9762=ORIENTED_EDGE('',*,*,#9761,.T.);
#9763=ORIENTED_EDGE('',*,*,#2699,.F.);
#9764=ORIENTED_EDGE('',*,*,#9749,.F.);
#9765=EDGE_LOOP('',(#9758,#9762,#9763,#9764));
#9766=FACE_OUTER_BOUND('',#9765,.T.);
#9767=AXIS2_PLACEMENT_3D('',#9704,#3012,#3284);
#9768=PLANE('',#9767);
#9769=ADVANCED_FACE('',(#9766),#9768,.T.);
#9770=ORIENTED_EDGE('',*,*,#9724,.T.);
#9771=ORIENTED_EDGE('',*,*,#9739,.T.);
#9772=ORIENTED_EDGE('',*,*,#9695,.F.);
#9773=ORIENTED_EDGE('',*,*,#9761,.F.);
#9774=EDGE_LOOP('',(#9770,#9771,#9772,#9773));
#9775=FACE_OUTER_BOUND('',#9774,.T.);
#9776=AXIS2_PLACEMENT_3D('',#9702,#122,#3012);
#9777=PLANE('',#9776);
#9778=ADVANCED_FACE('',(#9775),#9777,.T.);
#9779=CLOSED_SHELL('',(#9701,#9730,#9745,#9757,#9769,#9778));
#9780=MANIFOLD_SOLID_BREP('tile_lower_32',#9779);
#9781=CARTESIAN_POINT('',(-2.795,10.176,3.3));
#9782=VERTEX_POINT('',#9781);
#9783=CARTESIAN_POINT('',(-3.301,10.176,3.3));
#9784=VERTEX_POINT('',#9783);
#9785=VECTOR('',#122,1.);
#9786=LINE('',#9783,#9785);
#9787=EDGE_CURVE('',#9784,#9782,#9786,.T.);
#9788=ORIENTED_EDGE('',*,*,#9787,.F.);
#9789=VECTOR('',#87,1.);
#9790=LINE('',#1983,#9789);
#9791=EDGE_CURVE('',#1984,#9784,#9790,.T.);
#9792=ORIENTED_EDGE('',*,*,#9791,.F.);
#9793=ORIENTED_EDGE('',*,*,#2715,.T.);
#9794=VECTOR('',#87,1.);
#9795=LINE('',#1981,#9794);
#9796=EDGE_CURVE('',#1982,#9782,#9795,.T.);
#9797=ORIENTED_EDGE('',*,*,#9796,.T.);
#9798=EDGE_LOOP('',(#9788,#9792,#9793,#9797));
#9799=FACE_OUTER_BOUND('',#9798,.T.);
#9800=AXIS2_PLACEMENT_3D('',#9781,#1515,#87);
#9801=PLANE('',#9800);
#9802=ADVANCED_FACE('',(#9799),#9801,.T.);
#9803=CARTESIAN_POINT('',(-2.795,7.4,2.9));
#9804=VERTEX_POINT('',#9803);
#9805=CARTESIAN_POINT('',(-3.301,7.4,2.9));
#9806=VERTEX_POINT('',#9805);
#9807=CARTESIAN_POINT('',(-3.301,10.176,2.9));
#9808=VERTEX_POINT('',#9807);
#9809=CARTESIAN_POINT('',(-2.795,10.176,2.9));
#9810=VERTEX_POINT('',#9809);
#9811=VECTOR('',#122,1.);
#9812=LINE('',#9805,#9811);
#9813=EDGE_CURVE('',#9806,#9804,#9812,.T.);
#9814=ORIENTED_EDGE('',*,*,#9813,.F.);
#9815=VECTOR('',#87,1.);
#9816=LINE('',#9805,#9815);
#9817=EDGE_CURVE('',#9806,#9808,#9816,.T.);
#9818=ORIENTED_EDGE('',*,*,#9817,.T.);
#9819=VECTOR('',#122,1.);
#9820=LINE('',#9807,#9819);
#9821=EDGE_CURVE('',#9808,#9810,#9820,.T.);
#9822=ORIENTED_EDGE('',*,*,#9821,.T.);
#9823=VECTOR('',#87,1.);
#9824=LINE('',#9803,#9823);
#9825=EDGE_CURVE('',#9804,#9810,#9824,.T.);
#9826=ORIENTED_EDGE('',*,*,#9825,.F.);
#9827=EDGE_LOOP('',(#9814,#9818,#9822,#9826));
#9828=FACE_OUTER_BOUND('',#9827,.T.);
#9829=AXIS2_PLACEMENT_3D('',#9803,#3011,#3012);
#9830=PLANE('',#9829);
#9831=ADVANCED_FACE('',(#9828),#9830,.T.);
#9832=ORIENTED_EDGE('',*,*,#9821,.F.);
#9833=VECTOR('',#1515,1.);
#9834=LINE('',#9807,#9833);
#9835=EDGE_CURVE('',#9808,#9784,#9834,.T.);
#9836=ORIENTED_EDGE('',*,*,#9835,.T.);
#9837=ORIENTED_EDGE('',*,*,#9787,.T.);
#9838=VECTOR('',#1515,1.);
#9839=LINE('',#9809,#9838);
#9840=EDGE_CURVE('',#9810,#9782,#9839,.T.);
#9841=ORIENTED_EDGE('',*,*,#9840,.F.);
#9842=EDGE_LOOP('',(#9832,#9836,#9837,#9841));
#9843=FACE_OUTER_BOUND('',#9842,.T.);
#9844=AXIS2_PLACEMENT_3D('',#9809,#87,#122);
#9845=PLANE('',#9844);
#9846=ADVANCED_FACE('',(#9843),#9845,.T.);
#9847=ORIENTED_EDGE('',*,*,#9817,.F.);
#9848=VECTOR('',#1515,1.);
#9849=LINE('',#9805,#9848);
#9850=EDGE_CURVE('',#9806,#1984,#9849,.T.);
#9851=ORIENTED_EDGE('',*,*,#9850,.T.);
#9852=ORIENTED_EDGE('',*,*,#9791,.T.);
#9853=ORIENTED_EDGE('',*,*,#9835,.F.);
#9854=EDGE_LOOP('',(#9847,#9851,#9852,#9853));
#9855=FACE_OUTER_BOUND('',#9854,.T.);
#9856=AXIS2_PLACEMENT_3D('',#9807,#3284,#87);
#9857=PLANE('',#9856);
#9858=ADVANCED_FACE('',(#9855),#9857,.T.);
#9859=ORIENTED_EDGE('',*,*,#9813,.T.);
#9860=VECTOR('',#1515,1.);
#9861=LINE('',#9803,#9860);
#9862=EDGE_CURVE('',#9804,#1982,#9861,.T.);
#9863=ORIENTED_EDGE('',*,*,#9862,.T.);
#9864=ORIENTED_EDGE('',*,*,#2715,.F.);
#9865=ORIENTED_EDGE('',*,*,#9850,.F.);
#9866=EDGE_LOOP('',(#9859,#9863,#9864,#9865));
#9867=FACE_OUTER_BOUND('',#9866,.T.);
#9868=AXIS2_PLACEMENT_3D('',#9805,#3012,#3284);
#9869=PLANE('',#9868);
#9870=ADVANCED_FACE('',(#9867),#9869,.T.);
#9871=ORIENTED_EDGE('',*,*,#9825,.T.);
#9872=ORIENTED_EDGE('',*,*,#9840,.T.);
#9873=ORIENTED_EDGE('',*,*,#9796,.F.);
#9874=ORIENTED_EDGE('',*,*,#9862,.F.);
#9875=EDGE_LOOP('',(#9871,#9872,#9873,#9874));
#9876=FACE_OUTER_BOUND('',#9875,.T.);
#9877=AXIS2_PLACEMENT_3D('',#9803,#122,#3012);
#9878=PLANE('',#9877);
#9879=ADVANCED_FACE('',(#9876),#9878,.T.);
#9880=CLOSED_SHELL('',(#9802,#9831,#9846,#9858,#9870,#9879));
#9881=MANIFOLD_SOLID_BREP('tile_lower_33',#9880);
#9882=CARTESIAN_POINT('',(-3.811,10.176,3.3));
#9883=VERTEX_POINT('',#9882);
#9884=CARTESIAN_POINT('',(-4.317,10.176,3.3));
#9885=VERTEX_POINT('',#9884);
#9886=VECTOR('',#122,1.);
#9887=LINE('',#9884,#9886);
#9888=EDGE_CURVE('',#9885,#9883,#9887,.T.);
#9889=ORIENTED_EDGE('',*,*,#9888,.F.);
#9890=VECTOR('',#87,1.);
#9891=LINE('',#1991,#9890);
#9892=EDGE_CURVE('',#1992,#9885,#9891,.T.);
#9893=ORIENTED_EDGE('',*,*,#9892,.F.);
#9894=ORIENTED_EDGE('',*,*,#2731,.T.);
#9895=VECTOR('',#87,1.);
#9896=LINE('',#1989,#9895);
#9897=EDGE_CURVE('',#1990,#9883,#9896,.T.);
#9898=ORIENTED_EDGE('',*,*,#9897,.T.);
#9899=EDGE_LOOP('',(#9889,#9893,#9894,#9898));
#9900=FACE_OUTER_BOUND('',#9899,.T.);
#9901=AXIS2_PLACEMENT_3D('',#9882,#1515,#87);
#9902=PLANE('',#9901);
#9903=ADVANCED_FACE('',(#9900),#9902,.T.);
#9904=CARTESIAN_POINT('',(-3.811,7.4,2.9));
#9905=VERTEX_POINT('',#9904);
#9906=CARTESIAN_POINT('',(-4.317,7.4,2.9));
#9907=VERTEX_POINT('',#9906);
#9908=CARTESIAN_POINT('',(-4.317,10.176,2.9));
#9909=VERTEX_POINT('',#9908);
#9910=CARTESIAN_POINT('',(-3.811,10.176,2.9));
#9911=VERTEX_POINT('',#9910);
#9912=VECTOR('',#122,1.);
#9913=LINE('',#9906,#9912);
#9914=EDGE_CURVE('',#9907,#9905,#9913,.T.);
#9915=ORIENTED_EDGE('',*,*,#9914,.F.);
#9916=VECTOR('',#87,1.);
#9917=LINE('',#9906,#9916);
#9918=EDGE_CURVE('',#9907,#9909,#9917,.T.);
#9919=ORIENTED_EDGE('',*,*,#9918,.T.);
#9920=VECTOR('',#122,1.);
#9921=LINE('',#9908,#9920);
#9922=EDGE_CURVE('',#9909,#9911,#9921,.T.);
#9923=ORIENTED_EDGE('',*,*,#9922,.T.);
#9924=VECTOR('',#87,1.);
#9925=LINE('',#9904,#9924);
#9926=EDGE_CURVE('',#9905,#9911,#9925,.T.);
#9927=ORIENTED_EDGE('',*,*,#9926,.F.);
#9928=EDGE_LOOP('',(#9915,#9919,#9923,#9927));
#9929=FACE_OUTER_BOUND('',#9928,.T.);
#9930=AXIS2_PLACEMENT_3D('',#9904,#3011,#3012);
#9931=PLANE('',#9930);
#9932=ADVANCED_FACE('',(#9929),#9931,.T.);
#9933=ORIENTED_EDGE('',*,*,#9922,.F.);
#9934=VECTOR('',#1515,1.);
#9935=LINE('',#9908,#9934);
#9936=EDGE_CURVE('',#9909,#9885,#9935,.T.);
#9937=ORIENTED_EDGE('',*,*,#9936,.T.);
#9938=ORIENTED_EDGE('',*,*,#9888,.T.);
#9939=VECTOR('',#1515,1.);
#9940=LINE('',#9910,#9939);
#9941=EDGE_CURVE('',#9911,#9883,#9940,.T.);
#9942=ORIENTED_EDGE('',*,*,#9941,.F.);
#9943=EDGE_LOOP('',(#9933,#9937,#9938,#9942));
#9944=FACE_OUTER_BOUND('',#9943,.T.);
#9945=AXIS2_PLACEMENT_3D('',#9910,#87,#122);
#9946=PLANE('',#9945);
#9947=ADVANCED_FACE('',(#9944),#9946,.T.);
#9948=ORIENTED_EDGE('',*,*,#9918,.F.);
#9949=VECTOR('',#1515,1.);
#9950=LINE('',#9906,#9949);
#9951=EDGE_CURVE('',#9907,#1992,#9950,.T.);
#9952=ORIENTED_EDGE('',*,*,#9951,.T.);
#9953=ORIENTED_EDGE('',*,*,#9892,.T.);
#9954=ORIENTED_EDGE('',*,*,#9936,.F.);
#9955=EDGE_LOOP('',(#9948,#9952,#9953,#9954));
#9956=FACE_OUTER_BOUND('',#9955,.T.);
#9957=AXIS2_PLACEMENT_3D('',#9908,#3284,#87);
#9958=PLANE('',#9957);
#9959=ADVANCED_FACE('',(#9956),#9958,.T.);
#9960=ORIENTED_EDGE('',*,*,#9914,.T.);
#9961=VECTOR('',#1515,1.);
#9962=LINE('',#9904,#9961);
#9963=EDGE_CURVE('',#9905,#1990,#9962,.T.);
#9964=ORIENTED_EDGE('',*,*,#9963,.T.);
#9965=ORIENTED_EDGE('',*,*,#2731,.F.);
#9966=ORIENTED_EDGE('',*,*,#9951,.F.);
#9967=EDGE_LOOP('',(#9960,#9964,#9965,#9966));
#9968=FACE_OUTER_BOUND('',#9967,.T.);
#9969=AXIS2_PLACEMENT_3D('',#9906,#3012,#3284);
#9970=PLANE('',#9969);
#9971=ADVANCED_FACE('',(#9968),#9970,.T.);
#9972=ORIENTED_EDGE('',*,*,#9926,.T.);
#9973=ORIENTED_EDGE('',*,*,#9941,.T.);
#9974=ORIENTED_EDGE('',*,*,#9897,.F.);
#9975=ORIENTED_EDGE('',*,*,#9963,.F.);
#9976=EDGE_LOOP('',(#9972,#9973,#9974,#9975));
#9977=FACE_OUTER_BOUND('',#9976,.T.);
#9978=AXIS2_PLACEMENT_3D('',#9904,#122,#3012);
#9979=PLANE('',#9978);
#9980=ADVANCED_FACE('',(#9977),#9979,.T.);
#9981=CLOSED_SHELL('',(#9903,#9932,#9947,#9959,#9971,#9980));
#9982=MANIFOLD_SOLID_BREP('tile_lower_34',#9981);
#9983=CARTESIAN_POINT('',(-4.827,10.176,3.3));
#9984=VERTEX_POINT('',#9983);
#9985=CARTESIAN_POINT('',(-5.333,10.176,3.3));
#9986=VERTEX_POINT('',#9985);
#9987=VECTOR('',#122,1.);
#9988=LINE('',#9985,#9987);
#9989=EDGE_CURVE('',#9986,#9984,#9988,.T.);
#9990=ORIENTED_EDGE('',*,*,#9989,.F.);
#9991=VECTOR('',#87,1.);
#9992=LINE('',#1999,#9991);
#9993=EDGE_CURVE('',#2000,#9986,#9992,.T.);
#9994=ORIENTED_EDGE('',*,*,#9993,.F.);
#9995=ORIENTED_EDGE('',*,*,#2747,.T.);
#9996=VECTOR('',#87,1.);
#9997=LINE('',#1997,#9996);
#9998=EDGE_CURVE('',#1998,#9984,#9997,.T.);
#9999=ORIENTED_EDGE('',*,*,#9998,.T.);
#10000=EDGE_LOOP('',(#9990,#9994,#9995,#9999));
#10001=FACE_OUTER_BOUND('',#10000,.T.);
#10002=AXIS2_PLACEMENT_3D('',#9983,#1515,#87);
#10003=PLANE('',#10002);
#10004=ADVANCED_FACE('',(#10001),#10003,.T.);
#10005=CARTESIAN_POINT('',(-4.827,7.4,2.9));
#10006=VERTEX_POINT('',#10005);
#10007=CARTESIAN_POINT('',(-5.333,7.4,2.9));
#10008=VERTEX_POINT('',#10007);
#10009=CARTESIAN_POINT('',(-5.333,10.176,2.9));
#10010=VERTEX_POINT('',#10009);
#10011=CARTESIAN_POINT('',(-4.827,10.176,2.9));
#10012=VERTEX_POINT('',#10011);
#10013=VECTOR('',#122,1.);
#10014=LINE('',#10007,#10013);
#10015=EDGE_CURVE('',#10008,#10006,#10014,.T.);
#10016=ORIENTED_EDGE('',*,*,#10015,.F.);
#10017=VECTOR('',#87,1.);
#10018=LINE('',#10007,#10017);
#10019=EDGE_CURVE('',#10008,#10010,#10018,.T.);
#10020=ORIENTED_EDGE('',*,*,#10019,.T.);
#10021=VECTOR('',#122,1.);
#10022=LINE('',#10009,#10021);
#10023=EDGE_CURVE('',#10010,#10012,#10022,.T.);
#10024=ORIENTED_EDGE('',*,*,#10023,.T.);
#10025=VECTOR('',#87,1.);
#10026=LINE('',#10005,#10025);
#10027=EDGE_CURVE('',#10006,#10012,#10026,.T.);
#10028=ORIENTED_EDGE('',*,*,#10027,.F.);
#10029=EDGE_LOOP('',(#10016,#10020,#10024,#10028));
#10030=FACE_OUTER_BOUND('',#10029,.T.);
#10031=AXIS2_PLACEMENT_3D('',#10005,#3011,#3012);
#10032=PLANE('',#10031);
#10033=ADVANCED_FACE('',(#10030),#10032,.T.);
#10034=ORIENTED_EDGE('',*,*,#10023,.F.);
#10035=VECTOR('',#1515,1.);
#10036=LINE('',#10009,#10035);
#10037=EDGE_CURVE('',#10010,#9986,#10036,.T.);
#10038=ORIENTED_EDGE('',*,*,#10037,.T.);
#10039=ORIENTED_EDGE('',*,*,#9989,.T.);
#10040=VECTOR('',#1515,1.);
#10041=LINE('',#10011,#10040);
#10042=EDGE_CURVE('',#10012,#9984,#10041,.T.);
#10043=ORIENTED_EDGE('',*,*,#10042,.F.);
#10044=EDGE_LOOP('',(#10034,#10038,#10039,#10043));
#10045=FACE_OUTER_BOUND('',#10044,.T.);
#10046=AXIS2_PLACEMENT_3D('',#10011,#87,#122);
#10047=PLANE('',#10046);
#10048=ADVANCED_FACE('',(#10045),#10047,.T.);
#10049=ORIENTED_EDGE('',*,*,#10019,.F.);
#10050=VECTOR('',#1515,1.);
#10051=LINE('',#10007,#10050);
#10052=EDGE_CURVE('',#10008,#2000,#10051,.T.);
#10053=ORIENTED_EDGE('',*,*,#10052,.T.);
#10054=ORIENTED_EDGE('',*,*,#9993,.T.);
#10055=ORIENTED_EDGE('',*,*,#10037,.F.);
#10056=EDGE_LOOP('',(#10049,#10053,#10054,#10055));
#10057=FACE_OUTER_BOUND('',#10056,.T.);
#10058=AXIS2_PLACEMENT_3D('',#10009,#3284,#87);
#10059=PLANE('',#10058);
#10060=ADVANCED_FACE('',(#10057),#10059,.T.);
#10061=ORIENTED_EDGE('',*,*,#10015,.T.);
#10062=VECTOR('',#1515,1.);
#10063=LINE('',#10005,#10062);
#10064=EDGE_CURVE('',#10006,#1998,#10063,.T.);
#10065=ORIENTED_EDGE('',*,*,#10064,.T.);
#10066=ORIENTED_EDGE('',*,*,#2747,.F.);
#10067=ORIENTED_EDGE('',*,*,#10052,.F.);
#10068=EDGE_LOOP('',(#10061,#10065,#10066,#10067));
#10069=FACE_OUTER_BOUND('',#10068,.T.);
#10070=AXIS2_PLACEMENT_3D('',#10007,#3012,#3284);
#10071=PLANE('',#10070);
#10072=ADVANCED_FACE('',(#10069),#10071,.T.);
#10073=ORIENTED_EDGE('',*,*,#10027,.T.);
#10074=ORIENTED_EDGE('',*,*,#10042,.T.);
#10075=ORIENTED_EDGE('',*,*,#9998,.F.);
#10076=ORIENTED_EDGE('',*,*,#10064,.F.);
#10077=EDGE_LOOP('',(#10073,#10074,#10075,#10076));
#10078=FACE_OUTER_BOUND('',#10077,.T.);
#10079=AXIS2_PLACEMENT_3D('',#10005,#122,#3012);
#10080=PLANE('',#10079);
#10081=ADVANCED_FACE('',(#10078),#10080,.T.);
#10082=CLOSED_SHELL('',(#10004,#10033,#10048,#10060,#10072,#10081));
#10083=MANIFOLD_SOLID_BREP('tile_lower_35',#10082);
#10084=CARTESIAN_POINT('',(-5.843,10.176,3.3));
#10085=VERTEX_POINT('',#10084);
#10086=CARTESIAN_POINT('',(-10.176,5.843,3.3));
#10087=VERTEX_POINT('',#10086);
#10088=VECTOR('',#122,1.);
#10089=LINE('',#1545,#10088);
#10090=EDGE_CURVE('',#1546,#10085,#10089,.T.);
#10091=ORIENTED_EDGE('',*,*,#10090,.F.);
#10092=ORIENTED_EDGE('',*,*,#1625,.F.);
#10093=ORIENTED_EDGE('',*,*,#1621,.F.);
#10094=ORIENTED_EDGE('',*,*,#1617,.F.);
#10095=ORIENTED_EDGE('',*,*,#1613,.F.);
#10096=ORIENTED_EDGE('',*,*,#1609,.F.);
#10097=ORIENTED_EDGE('',*,*,#1605,.F.);
#10098=VECTOR('',#87,1.);
#10099=LINE('',#10086,#10098);
#10100=EDGE_CURVE('',#10087,#1534,#10099,.T.);
#10101=ORIENTED_EDGE('',*,*,#10100,.F.);
#10102=VECTOR('',#122,1.);
#10103=LINE('',#10086,#10102);
#10104=EDGE_CURVE('',#10087,#2022,#10103,.T.);
#10105=ORIENTED_EDGE('',*,*,#10104,.T.);
#10106=ORIENTED_EDGE('',*,*,#2791,.T.);
#10107=ORIENTED_EDGE('',*,*,#2787,.T.);
#10108=ORIENTED_EDGE('',*,*,#2783,.T.);
#10109=ORIENTED_EDGE('',*,*,#2779,.T.);
#10110=ORIENTED_EDGE('',*,*,#2775,.T.);
#10111=ORIENTED_EDGE('',*,*,#2771,.T.);
#10112=ORIENTED_EDGE('',*,*,#2767,.T.);
#10113=ORIENTED_EDGE('',*,*,#2763,.T.);
#10114=VECTOR('',#87,1.);
#10115=LINE('',#2005,#10114);
#10116=EDGE_CURVE('',#2006,#10085,#10115,.T.);
#10117=ORIENTED_EDGE('',*,*,#10116,.T.);
#10118=EDGE_LOOP('',(#10091,#10092,#10093,#10094,#10095,#10096,#10097,#10101,#10105,#10106,#10107,#10108,#10109,#10110,#10111,#10112,#10113,#10117));
#10119=FACE_OUTER_BOUND('',#10118,.T.);
#10120=AXIS2_PLACEMENT_3D('',#10084,#1515,#87);
#10121=PLANE('',#10120);
#10122=ADVANCED_FACE('',(#10119),#10121,.T.);
#10123=CARTESIAN_POINT('',(-5.843,7.4,2.9));
#10124=VERTEX_POINT('',#10123);
#10125=CARTESIAN_POINT('',(-7.,7.4,2.9));
#10126=VERTEX_POINT('',#10125);
#10127=CARTESIAN_POINT('',(-7.10352762,7.38637033,2.9));
#10128=VERTEX_POINT('',#10127);
#10129=CARTESIAN_POINT('',(-7.2,7.34641016,2.9));
#10130=VERTEX_POINT('',#10129);
#10131=CARTESIAN_POINT('',(-7.28284271,7.28284271,2.9));
#10132=VERTEX_POINT('',#10131);
#10133=CARTESIAN_POINT('',(-7.34641016,7.2,2.9));
#10134=VERTEX_POINT('',#10133);
#10135=CARTESIAN_POINT('',(-7.38637033,7.10352762,2.9));
#10136=VERTEX_POINT('',#10135);
#10137=CARTESIAN_POINT('',(-7.4,7.,2.9));
#10138=VERTEX_POINT('',#10137);
#10139=CARTESIAN_POINT('',(-7.4,5.843,2.9));
#10140=VERTEX_POINT('',#10139);
#10141=CARTESIAN_POINT('',(-10.176,5.843,2.9));
#10142=VERTEX_POINT('',#10141);
#10143=CARTESIAN_POINT('',(-10.176,9.376,2.9));
#10144=VERTEX_POINT('',#10143);
#10145=CARTESIAN_POINT('',(-10.1487407,9.58305524,2.9));
#10146=VERTEX_POINT('',#10145);
#10147=CARTESIAN_POINT('',(-10.0688203,9.776,2.9));
#10148=VERTEX_POINT('',#10147);
#10149=CARTESIAN_POINT('',(-9.94168542,9.94168542,2.9));
#10150=VERTEX_POINT('',#10149);
#10151=CARTESIAN_POINT('',(-9.776,10.0688203,2.9));
#10152=VERTEX_POINT('',#10151);
#10153=CARTESIAN_POINT('',(-9.58305524,10.1487407,2.9));
#10154=VERTEX_POINT('',#10153);
#10155=CARTESIAN_POINT('',(-9.376,10.176,2.9));
#10156=VERTEX_POINT('',#10155);
#10157=CARTESIAN_POINT('',(-5.843,10.176,2.9));
#10158=VERTEX_POINT('',#10157);
#10159=VECTOR('',#122,1.);
#10160=LINE('',#10125,#10159);
#10161=EDGE_CURVE('',#10126,#10124,#10160,.T.);
#10162=ORIENTED_EDGE('',*,*,#10161,.F.);
#10163=VECTOR('',#867,1.);
#10164=LINE('',#10127,#10163);
#10165=EDGE_CURVE('',#10128,#10126,#10164,.T.);
#10166=ORIENTED_EDGE('',*,*,#10165,.F.);
#10167=VECTOR('',#62,1.);
#10168=LINE('',#10129,#10167);
#10169=EDGE_CURVE('',#10130,#10128,#10168,.T.);
#10170=ORIENTED_EDGE('',*,*,#10169,.F.);
#10171=VECTOR('',#858,1.);
#10172=LINE('',#10131,#10171);
#10173=EDGE_CURVE('',#10132,#10130,#10172,.T.);
#10174=ORIENTED_EDGE('',*,*,#10173,.F.);
#10175=VECTOR('',#853,1.);
#10176=LINE('',#10133,#10175);
#10177=EDGE_CURVE('',#10134,#10132,#10176,.T.);
#10178=ORIENTED_EDGE('',*,*,#10177,.F.);
#10179=VECTOR('',#77,1.);
#10180=LINE('',#10135,#10179);
#10181=EDGE_CURVE('',#10136,#10134,#10180,.T.);
#10182=ORIENTED_EDGE('',*,*,#10181,.F.);
#10183=VECTOR('',#844,1.);
#10184=LINE('',#10137,#10183);
#10185=EDGE_CURVE('',#10138,#10136,#10184,.T.);
#10186=ORIENTED_EDGE('',*,*,#10185,.F.);
#10187=VECTOR('',#87,1.);
#10188=LINE('',#10139,#10187);
#10189=EDGE_CURVE('',#10140,#10138,#10188,.T.);
#10190=ORIENTED_EDGE('',*,*,#10189,.F.);
#10191=VECTOR('',#122,1.);
#10192=LINE('',#10141,#10191);
#10193=EDGE_CURVE('',#10142,#10140,#10192,.T.);
#10194=ORIENTED_EDGE('',*,*,#10193,.F.);
#10195=VECTOR('',#87,1.);
#10196=LINE('',#10141,#10195);
#10197=EDGE_CURVE('',#10142,#10144,#10196,.T.);
#10198=ORIENTED_EDGE('',*,*,#10197,.T.);
#10199=VECTOR('',#82,1.);
#10200=LINE('',#10143,#10199);
#10201=EDGE_CURVE('',#10144,#10146,#10200,.T.);
#10202=ORIENTED_EDGE('',*,*,#10201,.T.);
#10203=VECTOR('',#77,1.);
#10204=LINE('',#10145,#10203);
#10205=EDGE_CURVE('',#10146,#10148,#10204,.T.);
#10206=ORIENTED_EDGE('',*,*,#10205,.T.);
#10207=VECTOR('',#72,1.);
#10208=LINE('',#10147,#10207);
#10209=EDGE_CURVE('',#10148,#10150,#10208,.T.);
#10210=ORIENTED_EDGE('',*,*,#10209,.T.);
#10211=VECTOR('',#67,1.);
#10212=LINE('',#10149,#10211);
#10213=EDGE_CURVE('',#10150,#10152,#10212,.T.);
#10214=ORIENTED_EDGE('',*,*,#10213,.T.);
#10215=VECTOR('',#62,1.);
#10216=LINE('',#10151,#10215);
#10217=EDGE_CURVE('',#10152,#10154,#10216,.T.);
#10218=ORIENTED_EDGE('',*,*,#10217,.T.);
#10219=VECTOR('',#57,1.);
#10220=LINE('',#10153,#10219);
#10221=EDGE_CURVE('',#10154,#10156,#10220,.T.);
#10222=ORIENTED_EDGE('',*,*,#10221,.T.);
#10223=VECTOR('',#122,1.);
#10224=LINE('',#10155,#10223);
#10225=EDGE_CURVE('',#10156,#10158,#10224,.T.);
#10226=ORIENTED_EDGE('',*,*,#10225,.T.);
#10227=VECTOR('',#87,1.);
#10228=LINE('',#10123,#10227);
#10229=EDGE_CURVE('',#10124,#10158,#10228,.T.);
#10230=ORIENTED_EDGE('',*,*,#10229,.F.);
#10231=EDGE_LOOP('',(#10162,#10166,#10170,#10174,#10178,#10182,#10186,#10190,#10194,#10198,#10202,#10206,#10210,#10214,#10218,#10222,#10226,#10230));
#10232=FACE_OUTER_BOUND('',#10231,.T.);
#10233=AXIS2_PLACEMENT_3D('',#10123,#3011,#3012);
#10234=PLANE('',#10233);
#10235=ADVANCED_FACE('',(#10232),#10234,.T.);
#10236=ORIENTED_EDGE('',*,*,#10225,.F.);
#10237=VECTOR('',#1515,1.);
#10238=LINE('',#10155,#10237);
#10239=EDGE_CURVE('',#10156,#1546,#10238,.T.);
#10240=ORIENTED_EDGE('',*,*,#10239,.T.);
#10241=ORIENTED_EDGE('',*,*,#10090,.T.);
#10242=VECTOR('',#1515,1.);
#10243=LINE('',#10157,#10242);
#10244=EDGE_CURVE('',#10158,#10085,#10243,.T.);
#10245=ORIENTED_EDGE('',*,*,#10244,.F.);
#10246=EDGE_LOOP('',(#10236,#10240,#10241,#10245));
#10247=FACE_OUTER_BOUND('',#10246,.T.);
#10248=AXIS2_PLACEMENT_3D('',#10157,#87,#122);
#10249=PLANE('',#10248);
#10250=ADVANCED_FACE('',(#10247),#10249,.T.);
#10251=ORIENTED_EDGE('',*,*,#10221,.F.);
#10252=VECTOR('',#1515,1.);
#10253=LINE('',#10153,#10252);
#10254=EDGE_CURVE('',#10154,#1544,#10253,.T.);
#10255=ORIENTED_EDGE('',*,*,#10254,.T.);
#10256=ORIENTED_EDGE('',*,*,#1625,.T.);
#10257=ORIENTED_EDGE('',*,*,#10239,.F.);
#10258=EDGE_LOOP('',(#10251,#10255,#10256,#10257));
#10259=FACE_OUTER_BOUND('',#10258,.T.);
#10260=AXIS2_PLACEMENT_3D('',#10155,#3206,#57);
#10261=PLANE('',#10260);
#10262=ADVANCED_FACE('',(#10259),#10261,.T.);
#10263=ORIENTED_EDGE('',*,*,#10217,.F.);
#10264=VECTOR('',#1515,1.);
#10265=LINE('',#10151,#10264);
#10266=EDGE_CURVE('',#10152,#1542,#10265,.T.);
#10267=ORIENTED_EDGE('',*,*,#10266,.T.);
#10268=ORIENTED_EDGE('',*,*,#1621,.T.);
#10269=ORIENTED_EDGE('',*,*,#10254,.F.);
#10270=EDGE_LOOP('',(#10263,#10267,#10268,#10269));
#10271=FACE_OUTER_BOUND('',#10270,.T.);
#10272=AXIS2_PLACEMENT_3D('',#10153,#3219,#62);
#10273=PLANE('',#10272);
#10274=ADVANCED_FACE('',(#10271),#10273,.T.);
#10275=ORIENTED_EDGE('',*,*,#10213,.F.);
#10276=VECTOR('',#1515,1.);
#10277=LINE('',#10149,#10276);
#10278=EDGE_CURVE('',#10150,#1540,#10277,.T.);
#10279=ORIENTED_EDGE('',*,*,#10278,.T.);
#10280=ORIENTED_EDGE('',*,*,#1617,.T.);
#10281=ORIENTED_EDGE('',*,*,#10266,.F.);
#10282=EDGE_LOOP('',(#10275,#10279,#10280,#10281));
#10283=FACE_OUTER_BOUND('',#10282,.T.);
#10284=AXIS2_PLACEMENT_3D('',#10151,#3232,#3144);
#10285=PLANE('',#10284);
#10286=ADVANCED_FACE('',(#10283),#10285,.T.);
#10287=ORIENTED_EDGE('',*,*,#10209,.F.);
#10288=VECTOR('',#1515,1.);
#10289=LINE('',#10147,#10288);
#10290=EDGE_CURVE('',#10148,#1538,#10289,.T.);
#10291=ORIENTED_EDGE('',*,*,#10290,.T.);
#10292=ORIENTED_EDGE('',*,*,#1613,.T.);
#10293=ORIENTED_EDGE('',*,*,#10278,.F.);
#10294=EDGE_LOOP('',(#10287,#10291,#10292,#10293));
#10295=FACE_OUTER_BOUND('',#10294,.T.);
#10296=AXIS2_PLACEMENT_3D('',#10149,#3245,#3157);
#10297=PLANE('',#10296);
#10298=ADVANCED_FACE('',(#10295),#10297,.T.);
#10299=ORIENTED_EDGE('',*,*,#10205,.F.);
#10300=VECTOR('',#1515,1.);
#10301=LINE('',#10145,#10300);
#10302=EDGE_CURVE('',#10146,#1536,#10301,.T.);
#10303=ORIENTED_EDGE('',*,*,#10302,.T.);
#10304=ORIENTED_EDGE('',*,*,#1609,.T.);
#10305=ORIENTED_EDGE('',*,*,#10290,.F.);
#10306=EDGE_LOOP('',(#10299,#10303,#10304,#10305));
#10307=FACE_OUTER_BOUND('',#10306,.T.);
#10308=AXIS2_PLACEMENT_3D('',#10147,#3258,#77);
#10309=PLANE('',#10308);
#10310=ADVANCED_FACE('',(#10307),#10309,.T.);
#10311=ORIENTED_EDGE('',*,*,#10201,.F.);
#10312=VECTOR('',#1515,1.);
#10313=LINE('',#10143,#10312);
#10314=EDGE_CURVE('',#10144,#1534,#10313,.T.);
#10315=ORIENTED_EDGE('',*,*,#10314,.T.);
#10316=ORIENTED_EDGE('',*,*,#1605,.T.);
#10317=ORIENTED_EDGE('',*,*,#10302,.F.);
#10318=EDGE_LOOP('',(#10311,#10315,#10316,#10317));
#10319=FACE_OUTER_BOUND('',#10318,.T.);
#10320=AXIS2_PLACEMENT_3D('',#10145,#3271,#82);
#10321=PLANE('',#10320);
#10322=ADVANCED_FACE('',(#10319),#10321,.T.);
#10323=ORIENTED_EDGE('',*,*,#10197,.F.);
#10324=VECTOR('',#1515,1.);
#10325=LINE('',#10141,#10324);
#10326=EDGE_CURVE('',#10142,#10087,#10325,.T.);
#10327=ORIENTED_EDGE('',*,*,#10326,.T.);
#10328=ORIENTED_EDGE('',*,*,#10100,.T.);
#10329=ORIENTED_EDGE('',*,*,#10314,.F.);
#10330=EDGE_LOOP('',(#10323,#10327,#10328,#10329));
#10331=FACE_OUTER_BOUND('',#10330,.T.);
#10332=AXIS2_PLACEMENT_3D('',#10143,#3284,#87);
#10333=PLANE('',#10332);
#10334=ADVANCED_FACE('',(#10331),#10333,.T.);
#10335=ORIENTED_EDGE('',*,*,#10193,.T.);
#10336=VECTOR('',#1515,1.);
#10337=LINE('',#10139,#10336);
#10338=EDGE_CURVE('',#10140,#2022,#10337,.T.);
#10339=ORIENTED_EDGE('',*,*,#10338,.T.);
#10340=ORIENTED_EDGE('',*,*,#10104,.F.);
#10341=ORIENTED_EDGE('',*,*,#10326,.F.);
#10342=EDGE_LOOP('',(#10335,#10339,#10340,#10341));
#10343=FACE_OUTER_BOUND('',#10342,.T.);
#10344=AXIS2_PLACEMENT_3D('',#10141,#3012,#3284);
#10345=PLANE('',#10344);
#10346=ADVANCED_FACE('',(#10343),#10345,.T.);
#10347=ORIENTED_EDGE('',*,*,#10189,.T.);
#10348=VECTOR('',#1515,1.);
#10349=LINE('',#10137,#10348);
#10350=EDGE_CURVE('',#10138,#2020,#10349,.T.);
#10351=ORIENTED_EDGE('',*,*,#10350,.T.);
#10352=ORIENTED_EDGE('',*,*,#2791,.F.);
#10353=ORIENTED_EDGE('',*,*,#10338,.F.);
#10354=EDGE_LOOP('',(#10347,#10351,#10352,#10353));
#10355=FACE_OUTER_BOUND('',#10354,.T.);
#10356=AXIS2_PLACEMENT_3D('',#10139,#122,#3012);
#10357=PLANE('',#10356);
#10358=ADVANCED_FACE('',(#10355),#10357,.T.);
#10359=ORIENTED_EDGE('',*,*,#10185,.T.);
#10360=VECTOR('',#1515,1.);
#10361=LINE('',#10135,#10360);
#10362=EDGE_CURVE('',#10136,#2018,#10361,.T.);
#10363=ORIENTED_EDGE('',*,*,#10362,.T.);
#10364=ORIENTED_EDGE('',*,*,#2787,.F.);
#10365=ORIENTED_EDGE('',*,*,#10350,.F.);
#10366=EDGE_LOOP('',(#10359,#10363,#10364,#10365));
#10367=FACE_OUTER_BOUND('',#10366,.T.);
#10368=AXIS2_PLACEMENT_3D('',#10137,#117,#3095);
#10369=PLANE('',#10368);
#10370=ADVANCED_FACE('',(#10367),#10369,.T.);
#10371=ORIENTED_EDGE('',*,*,#10181,.T.);
#10372=VECTOR('',#1515,1.);
#10373=LINE('',#10133,#10372);
#10374=EDGE_CURVE('',#10134,#2016,#10373,.T.);
#10375=ORIENTED_EDGE('',*,*,#10374,.T.);
#10376=ORIENTED_EDGE('',*,*,#2783,.F.);
#10377=ORIENTED_EDGE('',*,*,#10362,.F.);
#10378=EDGE_LOOP('',(#10371,#10375,#10376,#10377));
#10379=FACE_OUTER_BOUND('',#10378,.T.);
#10380=AXIS2_PLACEMENT_3D('',#10135,#112,#3082);
#10381=PLANE('',#10380);
#10382=ADVANCED_FACE('',(#10379),#10381,.T.);
#10383=ORIENTED_EDGE('',*,*,#10177,.T.);
#10384=VECTOR('',#1515,1.);
#10385=LINE('',#10131,#10384);
#10386=EDGE_CURVE('',#10132,#2014,#10385,.T.);
#10387=ORIENTED_EDGE('',*,*,#10386,.T.);
#10388=ORIENTED_EDGE('',*,*,#2779,.F.);
#10389=ORIENTED_EDGE('',*,*,#10374,.F.);
#10390=EDGE_LOOP('',(#10383,#10387,#10388,#10389));
#10391=FACE_OUTER_BOUND('',#10390,.T.);
#10392=AXIS2_PLACEMENT_3D('',#10133,#3068,#3069);
#10393=PLANE('',#10392);
#10394=ADVANCED_FACE('',(#10391),#10393,.T.);
#10395=ORIENTED_EDGE('',*,*,#10173,.T.);
#10396=VECTOR('',#1515,1.);
#10397=LINE('',#10129,#10396);
#10398=EDGE_CURVE('',#10130,#2012,#10397,.T.);
#10399=ORIENTED_EDGE('',*,*,#10398,.T.);
#10400=ORIENTED_EDGE('',*,*,#2775,.F.);
#10401=ORIENTED_EDGE('',*,*,#10386,.F.);
#10402=EDGE_LOOP('',(#10395,#10399,#10400,#10401));
#10403=FACE_OUTER_BOUND('',#10402,.T.);
#10404=AXIS2_PLACEMENT_3D('',#10131,#3054,#3055);
#10405=PLANE('',#10404);
#10406=ADVANCED_FACE('',(#10403),#10405,.T.);
#10407=ORIENTED_EDGE('',*,*,#10169,.T.);
#10408=VECTOR('',#1515,1.);
#10409=LINE('',#10127,#10408);
#10410=EDGE_CURVE('',#10128,#2010,#10409,.T.);
#10411=ORIENTED_EDGE('',*,*,#10410,.T.);
#10412=ORIENTED_EDGE('',*,*,#2771,.F.);
#10413=ORIENTED_EDGE('',*,*,#10398,.F.);
#10414=EDGE_LOOP('',(#10407,#10411,#10412,#10413));
#10415=FACE_OUTER_BOUND('',#10414,.T.);
#10416=AXIS2_PLACEMENT_3D('',#10129,#97,#3041);
#10417=PLANE('',#10416);
#10418=ADVANCED_FACE('',(#10415),#10417,.T.);
#10419=ORIENTED_EDGE('',*,*,#10165,.T.);
#10420=VECTOR('',#1515,1.);
#10421=LINE('',#10125,#10420);
#10422=EDGE_CURVE('',#10126,#2008,#10421,.T.);
#10423=ORIENTED_EDGE('',*,*,#10422,.T.);
#10424=ORIENTED_EDGE('',*,*,#2767,.F.);
#10425=ORIENTED_EDGE('',*,*,#10410,.F.);
#10426=EDGE_LOOP('',(#10419,#10423,#10424,#10425));
#10427=FACE_OUTER_BOUND('',#10426,.T.);
#10428=AXIS2_PLACEMENT_3D('',#10127,#92,#3028);
#10429=PLANE('',#10428);
#10430=ADVANCED_FACE('',(#10427),#10429,.T.);
#10431=ORIENTED_EDGE('',*,*,#10161,.T.);
#10432=VECTOR('',#1515,1.);
#10433=LINE('',#10123,#10432);
#10434=EDGE_CURVE('',#10124,#2006,#10433,.T.);
#10435=ORIENTED_EDGE('',*,*,#10434,.T.);
#10436=ORIENTED_EDGE('',*,*,#2763,.F.);
#10437=ORIENTED_EDGE('',*,*,#10422,.F.);
#10438=EDGE_LOOP('',(#10431,#10435,#10436,#10437));
#10439=FACE_OUTER_BOUND('',#10438,.T.);
#10440=AXIS2_PLACEMENT_3D('',#10125,#3012,#3284);
#10441=PLANE('',#10440);
#10442=ADVANCED_FACE('',(#10439),#10441,.T.);
#10443=ORIENTED_EDGE('',*,*,#10229,.T.);
#10444=ORIENTED_EDGE('',*,*,#10244,.T.);
#10445=ORIENTED_EDGE('',*,*,#10116,.F.);
#10446=ORIENTED_EDGE('',*,*,#10434,.F.);
#10447=EDGE_LOOP('',(#10443,#10444,#10445,#10446));
#10448=FACE_OUTER_BOUND('',#10447,.T.);
#10449=AXIS2_PLACEMENT_3D('',#10123,#122,#3012);
#10450=PLANE('',#10449);
#10451=ADVANCED_FACE('',(#10448),#10450,.T.);
#10452=CLOSED_SHELL('',(#10122,#10235,#10250,#10262,#10274,#10286,#10298,#10310,#10322,#10334,#10346,#10358,#10370,#10382,#10394,#10406,#10418,#10430,#10442,#10451));
#10453=MANIFOLD_SOLID_BREP('tile_lower_36',#10452);
#10454=CARTESIAN_POINT('',(-10.176,5.333,3.3));
#10455=VERTEX_POINT('',#10454);
#10456=CARTESIAN_POINT('',(-10.176,4.827,3.3));
#10457=VERTEX_POINT('',#10456);
#10458=VECTOR('',#87,1.);
#10459=LINE('',#10456,#10458);
#10460=EDGE_CURVE('',#10457,#10455,#10459,.T.);
#10461=ORIENTED_EDGE('',*,*,#10460,.F.);
#10462=VECTOR('',#122,1.);
#10463=LINE('',#10456,#10462);
#10464=EDGE_CURVE('',#10457,#2030,#10463,.T.);
#10465=ORIENTED_EDGE('',*,*,#10464,.T.);
#10466=ORIENTED_EDGE('',*,*,#2807,.T.);
#10467=VECTOR('',#122,1.);
#10468=LINE('',#10454,#10467);
#10469=EDGE_CURVE('',#10455,#2028,#10468,.T.);
#10470=ORIENTED_EDGE('',*,*,#10469,.F.);
#10471=EDGE_LOOP('',(#10461,#10465,#10466,#10470));
#10472=FACE_OUTER_BOUND('',#10471,.T.);
#10473=AXIS2_PLACEMENT_3D('',#10454,#1515,#87);
#10474=PLANE('',#10473);
#10475=ADVANCED_FACE('',(#10472),#10474,.T.);
#10476=CARTESIAN_POINT('',(-7.4,5.333,2.9));
#10477=VERTEX_POINT('',#10476);
#10478=CARTESIAN_POINT('',(-7.4,4.827,2.9));
#10479=VERTEX_POINT('',#10478);
#10480=CARTESIAN_POINT('',(-10.176,4.827,2.9));
#10481=VERTEX_POINT('',#10480);
#10482=CARTESIAN_POINT('',(-10.176,5.333,2.9));
#10483=VERTEX_POINT('',#10482);
#10484=VECTOR('',#87,1.);
#10485=LINE('',#10478,#10484);
#10486=EDGE_CURVE('',#10479,#10477,#10485,.T.);
#10487=ORIENTED_EDGE('',*,*,#10486,.F.);
#10488=VECTOR('',#122,1.);
#10489=LINE('',#10480,#10488);
#10490=EDGE_CURVE('',#10481,#10479,#10489,.T.);
#10491=ORIENTED_EDGE('',*,*,#10490,.F.);
#10492=VECTOR('',#87,1.);
#10493=LINE('',#10480,#10492);
#10494=EDGE_CURVE('',#10481,#10483,#10493,.T.);
#10495=ORIENTED_EDGE('',*,*,#10494,.T.);
#10496=VECTOR('',#122,1.);
#10497=LINE('',#10482,#10496);
#10498=EDGE_CURVE('',#10483,#10477,#10497,.T.);
#10499=ORIENTED_EDGE('',*,*,#10498,.T.);
#10500=EDGE_LOOP('',(#10487,#10491,#10495,#10499));
#10501=FACE_OUTER_BOUND('',#10500,.T.);
#10502=AXIS2_PLACEMENT_3D('',#10476,#3011,#3012);
#10503=PLANE('',#10502);
#10504=ADVANCED_FACE('',(#10501),#10503,.T.);
#10505=ORIENTED_EDGE('',*,*,#10494,.F.);
#10506=VECTOR('',#1515,1.);
#10507=LINE('',#10480,#10506);
#10508=EDGE_CURVE('',#10481,#10457,#10507,.T.);
#10509=ORIENTED_EDGE('',*,*,#10508,.T.);
#10510=ORIENTED_EDGE('',*,*,#10460,.T.);
#10511=VECTOR('',#1515,1.);
#10512=LINE('',#10482,#10511);
#10513=EDGE_CURVE('',#10483,#10455,#10512,.T.);
#10514=ORIENTED_EDGE('',*,*,#10513,.F.);
#10515=EDGE_LOOP('',(#10505,#10509,#10510,#10514));
#10516=FACE_OUTER_BOUND('',#10515,.T.);
#10517=AXIS2_PLACEMENT_3D('',#10482,#3284,#87);
#10518=PLANE('',#10517);
#10519=ADVANCED_FACE('',(#10516),#10518,.T.);
#10520=ORIENTED_EDGE('',*,*,#10490,.T.);
#10521=VECTOR('',#1515,1.);
#10522=LINE('',#10478,#10521);
#10523=EDGE_CURVE('',#10479,#2030,#10522,.T.);
#10524=ORIENTED_EDGE('',*,*,#10523,.T.);
#10525=ORIENTED_EDGE('',*,*,#10464,.F.);
#10526=ORIENTED_EDGE('',*,*,#10508,.F.);
#10527=EDGE_LOOP('',(#10520,#10524,#10525,#10526));
#10528=FACE_OUTER_BOUND('',#10527,.T.);
#10529=AXIS2_PLACEMENT_3D('',#10480,#3012,#3284);
#10530=PLANE('',#10529);
#10531=ADVANCED_FACE('',(#10528),#10530,.T.);
#10532=ORIENTED_EDGE('',*,*,#10486,.T.);
#10533=VECTOR('',#1515,1.);
#10534=LINE('',#10476,#10533);
#10535=EDGE_CURVE('',#10477,#2028,#10534,.T.);
#10536=ORIENTED_EDGE('',*,*,#10535,.T.);
#10537=ORIENTED_EDGE('',*,*,#2807,.F.);
#10538=ORIENTED_EDGE('',*,*,#10523,.F.);
#10539=EDGE_LOOP('',(#10532,#10536,#10537,#10538));
#10540=FACE_OUTER_BOUND('',#10539,.T.);
#10541=AXIS2_PLACEMENT_3D('',#10478,#122,#3012);
#10542=PLANE('',#10541);
#10543=ADVANCED_FACE('',(#10540),#10542,.T.);
#10544=ORIENTED_EDGE('',*,*,#10498,.F.);
#10545=ORIENTED_EDGE('',*,*,#10513,.T.);
#10546=ORIENTED_EDGE('',*,*,#10469,.T.);
#10547=ORIENTED_EDGE('',*,*,#10535,.F.);
#10548=EDGE_LOOP('',(#10544,#10545,#10546,#10547));
#10549=FACE_OUTER_BOUND('',#10548,.T.);
#10550=AXIS2_PLACEMENT_3D('',#10476,#87,#122);
#10551=PLANE('',#10550);
#10552=ADVANCED_FACE('',(#10549),#10551,.T.);
#10553=CLOSED_SHELL('',(#10475,#10504,#10519,#10531,#10543,#10552));
#10554=MANIFOLD_SOLID_BREP('tile_lower_37',#10553);
#10555=CARTESIAN_POINT('',(-10.176,4.317,3.3));
#10556=VERTEX_POINT('',#10555);
#10557=CARTESIAN_POINT('',(-10.176,3.811,3.3));
#10558=VERTEX_POINT('',#10557);
#10559=VECTOR('',#87,1.);
#10560=LINE('',#10557,#10559);
#10561=EDGE_CURVE('',#10558,#10556,#10560,.T.);
#10562=ORIENTED_EDGE('',*,*,#10561,.F.);
#10563=VECTOR('',#122,1.);
#10564=LINE('',#10557,#10563);
#10565=EDGE_CURVE('',#10558,#2038,#10564,.T.);
#10566=ORIENTED_EDGE('',*,*,#10565,.T.);
#10567=ORIENTED_EDGE('',*,*,#2823,.T.);
#10568=VECTOR('',#122,1.);
#10569=LINE('',#10555,#10568);
#10570=EDGE_CURVE('',#10556,#2036,#10569,.T.);
#10571=ORIENTED_EDGE('',*,*,#10570,.F.);
#10572=EDGE_LOOP('',(#10562,#10566,#10567,#10571));
#10573=FACE_OUTER_BOUND('',#10572,.T.);
#10574=AXIS2_PLACEMENT_3D('',#10555,#1515,#87);
#10575=PLANE('',#10574);
#10576=ADVANCED_FACE('',(#10573),#10575,.T.);
#10577=CARTESIAN_POINT('',(-7.4,4.317,2.9));
#10578=VERTEX_POINT('',#10577);
#10579=CARTESIAN_POINT('',(-7.4,3.811,2.9));
#10580=VERTEX_POINT('',#10579);
#10581=CARTESIAN_POINT('',(-10.176,3.811,2.9));
#10582=VERTEX_POINT('',#10581);
#10583=CARTESIAN_POINT('',(-10.176,4.317,2.9));
#10584=VERTEX_POINT('',#10583);
#10585=VECTOR('',#87,1.);
#10586=LINE('',#10579,#10585);
#10587=EDGE_CURVE('',#10580,#10578,#10586,.T.);
#10588=ORIENTED_EDGE('',*,*,#10587,.F.);
#10589=VECTOR('',#122,1.);
#10590=LINE('',#10581,#10589);
#10591=EDGE_CURVE('',#10582,#10580,#10590,.T.);
#10592=ORIENTED_EDGE('',*,*,#10591,.F.);
#10593=VECTOR('',#87,1.);
#10594=LINE('',#10581,#10593);
#10595=EDGE_CURVE('',#10582,#10584,#10594,.T.);
#10596=ORIENTED_EDGE('',*,*,#10595,.T.);
#10597=VECTOR('',#122,1.);
#10598=LINE('',#10583,#10597);
#10599=EDGE_CURVE('',#10584,#10578,#10598,.T.);
#10600=ORIENTED_EDGE('',*,*,#10599,.T.);
#10601=EDGE_LOOP('',(#10588,#10592,#10596,#10600));
#10602=FACE_OUTER_BOUND('',#10601,.T.);
#10603=AXIS2_PLACEMENT_3D('',#10577,#3011,#3012);
#10604=PLANE('',#10603);
#10605=ADVANCED_FACE('',(#10602),#10604,.T.);
#10606=ORIENTED_EDGE('',*,*,#10595,.F.);
#10607=VECTOR('',#1515,1.);
#10608=LINE('',#10581,#10607);
#10609=EDGE_CURVE('',#10582,#10558,#10608,.T.);
#10610=ORIENTED_EDGE('',*,*,#10609,.T.);
#10611=ORIENTED_EDGE('',*,*,#10561,.T.);
#10612=VECTOR('',#1515,1.);
#10613=LINE('',#10583,#10612);
#10614=EDGE_CURVE('',#10584,#10556,#10613,.T.);
#10615=ORIENTED_EDGE('',*,*,#10614,.F.);
#10616=EDGE_LOOP('',(#10606,#10610,#10611,#10615));
#10617=FACE_OUTER_BOUND('',#10616,.T.);
#10618=AXIS2_PLACEMENT_3D('',#10583,#3284,#87);
#10619=PLANE('',#10618);
#10620=ADVANCED_FACE('',(#10617),#10619,.T.);
#10621=ORIENTED_EDGE('',*,*,#10591,.T.);
#10622=VECTOR('',#1515,1.);
#10623=LINE('',#10579,#10622);
#10624=EDGE_CURVE('',#10580,#2038,#10623,.T.);
#10625=ORIENTED_EDGE('',*,*,#10624,.T.);
#10626=ORIENTED_EDGE('',*,*,#10565,.F.);
#10627=ORIENTED_EDGE('',*,*,#10609,.F.);
#10628=EDGE_LOOP('',(#10621,#10625,#10626,#10627));
#10629=FACE_OUTER_BOUND('',#10628,.T.);
#10630=AXIS2_PLACEMENT_3D('',#10581,#3012,#3284);
#10631=PLANE('',#10630);
#10632=ADVANCED_FACE('',(#10629),#10631,.T.);
#10633=ORIENTED_EDGE('',*,*,#10587,.T.);
#10634=VECTOR('',#1515,1.);
#10635=LINE('',#10577,#10634);
#10636=EDGE_CURVE('',#10578,#2036,#10635,.T.);
#10637=ORIENTED_EDGE('',*,*,#10636,.T.);
#10638=ORIENTED_EDGE('',*,*,#2823,.F.);
#10639=ORIENTED_EDGE('',*,*,#10624,.F.);
#10640=EDGE_LOOP('',(#10633,#10637,#10638,#10639));
#10641=FACE_OUTER_BOUND('',#10640,.T.);
#10642=AXIS2_PLACEMENT_3D('',#10579,#122,#3012);
#10643=PLANE('',#10642);
#10644=ADVANCED_FACE('',(#10641),#10643,.T.);
#10645=ORIENTED_EDGE('',*,*,#10599,.F.);
#10646=ORIENTED_EDGE('',*,*,#10614,.T.);
#10647=ORIENTED_EDGE('',*,*,#10570,.T.);
#10648=ORIENTED_EDGE('',*,*,#10636,.F.);
#10649=EDGE_LOOP('',(#10645,#10646,#10647,#10648));
#10650=FACE_OUTER_BOUND('',#10649,.T.);
#10651=AXIS2_PLACEMENT_3D('',#10577,#87,#122);
#10652=PLANE('',#10651);
#10653=ADVANCED_FACE('',(#10650),#10652,.T.);
#10654=CLOSED_SHELL('',(#10576,#10605,#10620,#10632,#10644,#10653));
#10655=MANIFOLD_SOLID_BREP('tile_lower_38',#10654);
#10656=CARTESIAN_POINT('',(-10.176,3.301,3.3));
#10657=VERTEX_POINT('',#10656);
#10658=CARTESIAN_POINT('',(-10.176,2.795,3.3));
#10659=VERTEX_POINT('',#10658);
#10660=VECTOR('',#87,1.);
#10661=LINE('',#10658,#10660);
#10662=EDGE_CURVE('',#10659,#10657,#10661,.T.);
#10663=ORIENTED_EDGE('',*,*,#10662,.F.);
#10664=VECTOR('',#122,1.);
#10665=LINE('',#10658,#10664);
#10666=EDGE_CURVE('',#10659,#2046,#10665,.T.);
#10667=ORIENTED_EDGE('',*,*,#10666,.T.);
#10668=ORIENTED_EDGE('',*,*,#2839,.T.);
#10669=VECTOR('',#122,1.);
#10670=LINE('',#10656,#10669);
#10671=EDGE_CURVE('',#10657,#2044,#10670,.T.);
#10672=ORIENTED_EDGE('',*,*,#10671,.F.);
#10673=EDGE_LOOP('',(#10663,#10667,#10668,#10672));
#10674=FACE_OUTER_BOUND('',#10673,.T.);
#10675=AXIS2_PLACEMENT_3D('',#10656,#1515,#87);
#10676=PLANE('',#10675);
#10677=ADVANCED_FACE('',(#10674),#10676,.T.);
#10678=CARTESIAN_POINT('',(-7.4,3.301,2.9));
#10679=VERTEX_POINT('',#10678);
#10680=CARTESIAN_POINT('',(-7.4,2.795,2.9));
#10681=VERTEX_POINT('',#10680);
#10682=CARTESIAN_POINT('',(-10.176,2.795,2.9));
#10683=VERTEX_POINT('',#10682);
#10684=CARTESIAN_POINT('',(-10.176,3.301,2.9));
#10685=VERTEX_POINT('',#10684);
#10686=VECTOR('',#87,1.);
#10687=LINE('',#10680,#10686);
#10688=EDGE_CURVE('',#10681,#10679,#10687,.T.);
#10689=ORIENTED_EDGE('',*,*,#10688,.F.);
#10690=VECTOR('',#122,1.);
#10691=LINE('',#10682,#10690);
#10692=EDGE_CURVE('',#10683,#10681,#10691,.T.);
#10693=ORIENTED_EDGE('',*,*,#10692,.F.);
#10694=VECTOR('',#87,1.);
#10695=LINE('',#10682,#10694);
#10696=EDGE_CURVE('',#10683,#10685,#10695,.T.);
#10697=ORIENTED_EDGE('',*,*,#10696,.T.);
#10698=VECTOR('',#122,1.);
#10699=LINE('',#10684,#10698);
#10700=EDGE_CURVE('',#10685,#10679,#10699,.T.);
#10701=ORIENTED_EDGE('',*,*,#10700,.T.);
#10702=EDGE_LOOP('',(#10689,#10693,#10697,#10701));
#10703=FACE_OUTER_BOUND('',#10702,.T.);
#10704=AXIS2_PLACEMENT_3D('',#10678,#3011,#3012);
#10705=PLANE('',#10704);
#10706=ADVANCED_FACE('',(#10703),#10705,.T.);
#10707=ORIENTED_EDGE('',*,*,#10696,.F.);
#10708=VECTOR('',#1515,1.);
#10709=LINE('',#10682,#10708);
#10710=EDGE_CURVE('',#10683,#10659,#10709,.T.);
#10711=ORIENTED_EDGE('',*,*,#10710,.T.);
#10712=ORIENTED_EDGE('',*,*,#10662,.T.);
#10713=VECTOR('',#1515,1.);
#10714=LINE('',#10684,#10713);
#10715=EDGE_CURVE('',#10685,#10657,#10714,.T.);
#10716=ORIENTED_EDGE('',*,*,#10715,.F.);
#10717=EDGE_LOOP('',(#10707,#10711,#10712,#10716));
#10718=FACE_OUTER_BOUND('',#10717,.T.);
#10719=AXIS2_PLACEMENT_3D('',#10684,#3284,#87);
#10720=PLANE('',#10719);
#10721=ADVANCED_FACE('',(#10718),#10720,.T.);
#10722=ORIENTED_EDGE('',*,*,#10692,.T.);
#10723=VECTOR('',#1515,1.);
#10724=LINE('',#10680,#10723);
#10725=EDGE_CURVE('',#10681,#2046,#10724,.T.);
#10726=ORIENTED_EDGE('',*,*,#10725,.T.);
#10727=ORIENTED_EDGE('',*,*,#10666,.F.);
#10728=ORIENTED_EDGE('',*,*,#10710,.F.);
#10729=EDGE_LOOP('',(#10722,#10726,#10727,#10728));
#10730=FACE_OUTER_BOUND('',#10729,.T.);
#10731=AXIS2_PLACEMENT_3D('',#10682,#3012,#3284);
#10732=PLANE('',#10731);
#10733=ADVANCED_FACE('',(#10730),#10732,.T.);
#10734=ORIENTED_EDGE('',*,*,#10688,.T.);
#10735=VECTOR('',#1515,1.);
#10736=LINE('',#10678,#10735);
#10737=EDGE_CURVE('',#10679,#2044,#10736,.T.);
#10738=ORIENTED_EDGE('',*,*,#10737,.T.);
#10739=ORIENTED_EDGE('',*,*,#2839,.F.);
#10740=ORIENTED_EDGE('',*,*,#10725,.F.);
#10741=EDGE_LOOP('',(#10734,#10738,#10739,#10740));
#10742=FACE_OUTER_BOUND('',#10741,.T.);
#10743=AXIS2_PLACEMENT_3D('',#10680,#122,#3012);
#10744=PLANE('',#10743);
#10745=ADVANCED_FACE('',(#10742),#10744,.T.);
#10746=ORIENTED_EDGE('',*,*,#10700,.F.);
#10747=ORIENTED_EDGE('',*,*,#10715,.T.);
#10748=ORIENTED_EDGE('',*,*,#10671,.T.);
#10749=ORIENTED_EDGE('',*,*,#10737,.F.);
#10750=EDGE_LOOP('',(#10746,#10747,#10748,#10749));
#10751=FACE_OUTER_BOUND('',#10750,.T.);
#10752=AXIS2_PLACEMENT_3D('',#10678,#87,#122);
#10753=PLANE('',#10752);
#10754=ADVANCED_FACE('',(#10751),#10753,.T.);
#10755=CLOSED_SHELL('',(#10677,#10706,#10721,#10733,#10745,#10754));
#10756=MANIFOLD_SOLID_BREP('tile_lower_39',#10755);
#10757=CARTESIAN_POINT('',(-10.176,2.285,3.3));
#10758=VERTEX_POINT('',#10757);
#10759=CARTESIAN_POINT('',(-10.176,1.779,3.3));
#10760=VERTEX_POINT('',#10759);
#10761=VECTOR('',#87,1.);
#10762=LINE('',#10759,#10761);
#10763=EDGE_CURVE('',#10760,#10758,#10762,.T.);
#10764=ORIENTED_EDGE('',*,*,#10763,.F.);
#10765=VECTOR('',#122,1.);
#10766=LINE('',#10759,#10765);
#10767=EDGE_CURVE('',#10760,#2054,#10766,.T.);
#10768=ORIENTED_EDGE('',*,*,#10767,.T.);
#10769=ORIENTED_EDGE('',*,*,#2855,.T.);
#10770=VECTOR('',#122,1.);
#10771=LINE('',#10757,#10770);
#10772=EDGE_CURVE('',#10758,#2052,#10771,.T.);
#10773=ORIENTED_EDGE('',*,*,#10772,.F.);
#10774=EDGE_LOOP('',(#10764,#10768,#10769,#10773));
#10775=FACE_OUTER_BOUND('',#10774,.T.);
#10776=AXIS2_PLACEMENT_3D('',#10757,#1515,#87);
#10777=PLANE('',#10776);
#10778=ADVANCED_FACE('',(#10775),#10777,.T.);
#10779=CARTESIAN_POINT('',(-7.4,2.285,2.9));
#10780=VERTEX_POINT('',#10779);
#10781=CARTESIAN_POINT('',(-7.4,1.779,2.9));
#10782=VERTEX_POINT('',#10781);
#10783=CARTESIAN_POINT('',(-10.176,1.779,2.9));
#10784=VERTEX_POINT('',#10783);
#10785=CARTESIAN_POINT('',(-10.176,2.285,2.9));
#10786=VERTEX_POINT('',#10785);
#10787=VECTOR('',#87,1.);
#10788=LINE('',#10781,#10787);
#10789=EDGE_CURVE('',#10782,#10780,#10788,.T.);
#10790=ORIENTED_EDGE('',*,*,#10789,.F.);
#10791=VECTOR('',#122,1.);
#10792=LINE('',#10783,#10791);
#10793=EDGE_CURVE('',#10784,#10782,#10792,.T.);
#10794=ORIENTED_EDGE('',*,*,#10793,.F.);
#10795=VECTOR('',#87,1.);
#10796=LINE('',#10783,#10795);
#10797=EDGE_CURVE('',#10784,#10786,#10796,.T.);
#10798=ORIENTED_EDGE('',*,*,#10797,.T.);
#10799=VECTOR('',#122,1.);
#10800=LINE('',#10785,#10799);
#10801=EDGE_CURVE('',#10786,#10780,#10800,.T.);
#10802=ORIENTED_EDGE('',*,*,#10801,.T.);
#10803=EDGE_LOOP('',(#10790,#10794,#10798,#10802));
#10804=FACE_OUTER_BOUND('',#10803,.T.);
#10805=AXIS2_PLACEMENT_3D('',#10779,#3011,#3012);
#10806=PLANE('',#10805);
#10807=ADVANCED_FACE('',(#10804),#10806,.T.);
#10808=ORIENTED_EDGE('',*,*,#10797,.F.);
#10809=VECTOR('',#1515,1.);
#10810=LINE('',#10783,#10809);
#10811=EDGE_CURVE('',#10784,#10760,#10810,.T.);
#10812=ORIENTED_EDGE('',*,*,#10811,.T.);
#10813=ORIENTED_EDGE('',*,*,#10763,.T.);
#10814=VECTOR('',#1515,1.);
#10815=LINE('',#10785,#10814);
#10816=EDGE_CURVE('',#10786,#10758,#10815,.T.);
#10817=ORIENTED_EDGE('',*,*,#10816,.F.);
#10818=EDGE_LOOP('',(#10808,#10812,#10813,#10817));
#10819=FACE_OUTER_BOUND('',#10818,.T.);
#10820=AXIS2_PLACEMENT_3D('',#10785,#3284,#87);
#10821=PLANE('',#10820);
#10822=ADVANCED_FACE('',(#10819),#10821,.T.);
#10823=ORIENTED_EDGE('',*,*,#10793,.T.);
#10824=VECTOR('',#1515,1.);
#10825=LINE('',#10781,#10824);
#10826=EDGE_CURVE('',#10782,#2054,#10825,.T.);
#10827=ORIENTED_EDGE('',*,*,#10826,.T.);
#10828=ORIENTED_EDGE('',*,*,#10767,.F.);
#10829=ORIENTED_EDGE('',*,*,#10811,.F.);
#10830=EDGE_LOOP('',(#10823,#10827,#10828,#10829));
#10831=FACE_OUTER_BOUND('',#10830,.T.);
#10832=AXIS2_PLACEMENT_3D('',#10783,#3012,#3284);
#10833=PLANE('',#10832);
#10834=ADVANCED_FACE('',(#10831),#10833,.T.);
#10835=ORIENTED_EDGE('',*,*,#10789,.T.);
#10836=VECTOR('',#1515,1.);
#10837=LINE('',#10779,#10836);
#10838=EDGE_CURVE('',#10780,#2052,#10837,.T.);
#10839=ORIENTED_EDGE('',*,*,#10838,.T.);
#10840=ORIENTED_EDGE('',*,*,#2855,.F.);
#10841=ORIENTED_EDGE('',*,*,#10826,.F.);
#10842=EDGE_LOOP('',(#10835,#10839,#10840,#10841));
#10843=FACE_OUTER_BOUND('',#10842,.T.);
#10844=AXIS2_PLACEMENT_3D('',#10781,#122,#3012);
#10845=PLANE('',#10844);
#10846=ADVANCED_FACE('',(#10843),#10845,.T.);
#10847=ORIENTED_EDGE('',*,*,#10801,.F.);
#10848=ORIENTED_EDGE('',*,*,#10816,.T.);
#10849=ORIENTED_EDGE('',*,*,#10772,.T.);
#10850=ORIENTED_EDGE('',*,*,#10838,.F.);
#10851=EDGE_LOOP('',(#10847,#10848,#10849,#10850));
#10852=FACE_OUTER_BOUND('',#10851,.T.);
#10853=AXIS2_PLACEMENT_3D('',#10779,#87,#122);
#10854=PLANE('',#10853);
#10855=ADVANCED_FACE('',(#10852),#10854,.T.);
#10856=CLOSED_SHELL('',(#10778,#10807,#10822,#10834,#10846,#10855));
#10857=MANIFOLD_SOLID_BREP('tile_lower_40',#10856);
#10858=CARTESIAN_POINT('',(-10.176,1.269,3.3));
#10859=VERTEX_POINT('',#10858);
#10860=CARTESIAN_POINT('',(-10.176,0.763,3.3));
#10861=VERTEX_POINT('',#10860);
#10862=VECTOR('',#87,1.);
#10863=LINE('',#10860,#10862);
#10864=EDGE_CURVE('',#10861,#10859,#10863,.T.);
#10865=ORIENTED_EDGE('',*,*,#10864,.F.);
#10866=VECTOR('',#122,1.);
#10867=LINE('',#10860,#10866);
#10868=EDGE_CURVE('',#10861,#2062,#10867,.T.);
#10869=ORIENTED_EDGE('',*,*,#10868,.T.);
#10870=ORIENTED_EDGE('',*,*,#2871,.T.);
#10871=VECTOR('',#122,1.);
#10872=LINE('',#10858,#10871);
#10873=EDGE_CURVE('',#10859,#2060,#10872,.T.);
#10874=ORIENTED_EDGE('',*,*,#10873,.F.);
#10875=EDGE_LOOP('',(#10865,#10869,#10870,#10874));
#10876=FACE_OUTER_BOUND('',#10875,.T.);
#10877=AXIS2_PLACEMENT_3D('',#10858,#1515,#87);
#10878=PLANE('',#10877);
#10879=ADVANCED_FACE('',(#10876),#10878,.T.);
#10880=CARTESIAN_POINT('',(-7.4,1.269,2.9));
#10881=VERTEX_POINT('',#10880);
#10882=CARTESIAN_POINT('',(-7.4,0.763,2.9));
#10883=VERTEX_POINT('',#10882);
#10884=CARTESIAN_POINT('',(-10.176,0.763,2.9));
#10885=VERTEX_POINT('',#10884);
#10886=CARTESIAN_POINT('',(-10.176,1.269,2.9));
#10887=VERTEX_POINT('',#10886);
#10888=VECTOR('',#87,1.);
#10889=LINE('',#10882,#10888);
#10890=EDGE_CURVE('',#10883,#10881,#10889,.T.);
#10891=ORIENTED_EDGE('',*,*,#10890,.F.);
#10892=VECTOR('',#122,1.);
#10893=LINE('',#10884,#10892);
#10894=EDGE_CURVE('',#10885,#10883,#10893,.T.);
#10895=ORIENTED_EDGE('',*,*,#10894,.F.);
#10896=VECTOR('',#87,1.);
#10897=LINE('',#10884,#10896);
#10898=EDGE_CURVE('',#10885,#10887,#10897,.T.);
#10899=ORIENTED_EDGE('',*,*,#10898,.T.);
#10900=VECTOR('',#122,1.);
#10901=LINE('',#10886,#10900);
#10902=EDGE_CURVE('',#10887,#10881,#10901,.T.);
#10903=ORIENTED_EDGE('',*,*,#10902,.T.);
#10904=EDGE_LOOP('',(#10891,#10895,#10899,#10903));
#10905=FACE_OUTER_BOUND('',#10904,.T.);
#10906=AXIS2_PLACEMENT_3D('',#10880,#3011,#3012);
#10907=PLANE('',#10906);
#10908=ADVANCED_FACE('',(#10905),#10907,.T.);
#10909=ORIENTED_EDGE('',*,*,#10898,.F.);
#10910=VECTOR('',#1515,1.);
#10911=LINE('',#10884,#10910);
#10912=EDGE_CURVE('',#10885,#10861,#10911,.T.);
#10913=ORIENTED_EDGE('',*,*,#10912,.T.);
#10914=ORIENTED_EDGE('',*,*,#10864,.T.);
#10915=VECTOR('',#1515,1.);
#10916=LINE('',#10886,#10915);
#10917=EDGE_CURVE('',#10887,#10859,#10916,.T.);
#10918=ORIENTED_EDGE('',*,*,#10917,.F.);
#10919=EDGE_LOOP('',(#10909,#10913,#10914,#10918));
#10920=FACE_OUTER_BOUND('',#10919,.T.);
#10921=AXIS2_PLACEMENT_3D('',#10886,#3284,#87);
#10922=PLANE('',#10921);
#10923=ADVANCED_FACE('',(#10920),#10922,.T.);
#10924=ORIENTED_EDGE('',*,*,#10894,.T.);
#10925=VECTOR('',#1515,1.);
#10926=LINE('',#10882,#10925);
#10927=EDGE_CURVE('',#10883,#2062,#10926,.T.);
#10928=ORIENTED_EDGE('',*,*,#10927,.T.);
#10929=ORIENTED_EDGE('',*,*,#10868,.F.);
#10930=ORIENTED_EDGE('',*,*,#10912,.F.);
#10931=EDGE_LOOP('',(#10924,#10928,#10929,#10930));
#10932=FACE_OUTER_BOUND('',#10931,.T.);
#10933=AXIS2_PLACEMENT_3D('',#10884,#3012,#3284);
#10934=PLANE('',#10933);
#10935=ADVANCED_FACE('',(#10932),#10934,.T.);
#10936=ORIENTED_EDGE('',*,*,#10890,.T.);
#10937=VECTOR('',#1515,1.);
#10938=LINE('',#10880,#10937);
#10939=EDGE_CURVE('',#10881,#2060,#10938,.T.);
#10940=ORIENTED_EDGE('',*,*,#10939,.T.);
#10941=ORIENTED_EDGE('',*,*,#2871,.F.);
#10942=ORIENTED_EDGE('',*,*,#10927,.F.);
#10943=EDGE_LOOP('',(#10936,#10940,#10941,#10942));
#10944=FACE_OUTER_BOUND('',#10943,.T.);
#10945=AXIS2_PLACEMENT_3D('',#10882,#122,#3012);
#10946=PLANE('',#10945);
#10947=ADVANCED_FACE('',(#10944),#10946,.T.);
#10948=ORIENTED_EDGE('',*,*,#10902,.F.);
#10949=ORIENTED_EDGE('',*,*,#10917,.T.);
#10950=ORIENTED_EDGE('',*,*,#10873,.T.);
#10951=ORIENTED_EDGE('',*,*,#10939,.F.);
#10952=EDGE_LOOP('',(#10948,#10949,#10950,#10951));
#10953=FACE_OUTER_BOUND('',#10952,.T.);
#10954=AXIS2_PLACEMENT_3D('',#10880,#87,#122);
#10955=PLANE('',#10954);
#10956=ADVANCED_FACE('',(#10953),#10955,.T.);
#10957=CLOSED_SHELL('',(#10879,#10908,#10923,#10935,#10947,#10956));
#10958=MANIFOLD_SOLID_BREP('tile_lower_41',#10957);
#10959=CARTESIAN_POINT('',(-10.176,0.253,3.3));
#10960=VERTEX_POINT('',#10959);
#10961=CARTESIAN_POINT('',(-10.176,-0.253,3.3));
#10962=VERTEX_POINT('',#10961);
#10963=VECTOR('',#87,1.);
#10964=LINE('',#10961,#10963);
#10965=EDGE_CURVE('',#10962,#10960,#10964,.T.);
#10966=ORIENTED_EDGE('',*,*,#10965,.F.);
#10967=VECTOR('',#122,1.);
#10968=LINE('',#10961,#10967);
#10969=EDGE_CURVE('',#10962,#2070,#10968,.T.);
#10970=ORIENTED_EDGE('',*,*,#10969,.T.);
#10971=ORIENTED_EDGE('',*,*,#2887,.T.);
#10972=VECTOR('',#122,1.);
#10973=LINE('',#10959,#10972);
#10974=EDGE_CURVE('',#10960,#2068,#10973,.T.);
#10975=ORIENTED_EDGE('',*,*,#10974,.F.);
#10976=EDGE_LOOP('',(#10966,#10970,#10971,#10975));
#10977=FACE_OUTER_BOUND('',#10976,.T.);
#10978=AXIS2_PLACEMENT_3D('',#10959,#1515,#87);
#10979=PLANE('',#10978);
#10980=ADVANCED_FACE('',(#10977),#10979,.T.);
#10981=CARTESIAN_POINT('',(-7.4,0.253,2.9));
#10982=VERTEX_POINT('',#10981);
#10983=CARTESIAN_POINT('',(-7.4,-0.253,2.9));
#10984=VERTEX_POINT('',#10983);
#10985=CARTESIAN_POINT('',(-10.176,-0.253,2.9));
#10986=VERTEX_POINT('',#10985);
#10987=CARTESIAN_POINT('',(-10.176,0.253,2.9));
#10988=VERTEX_POINT('',#10987);
#10989=VECTOR('',#87,1.);
#10990=LINE('',#10983,#10989);
#10991=EDGE_CURVE('',#10984,#10982,#10990,.T.);
#10992=ORIENTED_EDGE('',*,*,#10991,.F.);
#10993=VECTOR('',#122,1.);
#10994=LINE('',#10985,#10993);
#10995=EDGE_CURVE('',#10986,#10984,#10994,.T.);
#10996=ORIENTED_EDGE('',*,*,#10995,.F.);
#10997=VECTOR('',#87,1.);
#10998=LINE('',#10985,#10997);
#10999=EDGE_CURVE('',#10986,#10988,#10998,.T.);
#11000=ORIENTED_EDGE('',*,*,#10999,.T.);
#11001=VECTOR('',#122,1.);
#11002=LINE('',#10987,#11001);
#11003=EDGE_CURVE('',#10988,#10982,#11002,.T.);
#11004=ORIENTED_EDGE('',*,*,#11003,.T.);
#11005=EDGE_LOOP('',(#10992,#10996,#11000,#11004));
#11006=FACE_OUTER_BOUND('',#11005,.T.);
#11007=AXIS2_PLACEMENT_3D('',#10981,#3011,#3012);
#11008=PLANE('',#11007);
#11009=ADVANCED_FACE('',(#11006),#11008,.T.);
#11010=ORIENTED_EDGE('',*,*,#10999,.F.);
#11011=VECTOR('',#1515,1.);
#11012=LINE('',#10985,#11011);
#11013=EDGE_CURVE('',#10986,#10962,#11012,.T.);
#11014=ORIENTED_EDGE('',*,*,#11013,.T.);
#11015=ORIENTED_EDGE('',*,*,#10965,.T.);
#11016=VECTOR('',#1515,1.);
#11017=LINE('',#10987,#11016);
#11018=EDGE_CURVE('',#10988,#10960,#11017,.T.);
#11019=ORIENTED_EDGE('',*,*,#11018,.F.);
#11020=EDGE_LOOP('',(#11010,#11014,#11015,#11019));
#11021=FACE_OUTER_BOUND('',#11020,.T.);
#11022=AXIS2_PLACEMENT_3D('',#10987,#3284,#87);
#11023=PLANE('',#11022);
#11024=ADVANCED_FACE('',(#11021),#11023,.T.);
#11025=ORIENTED_EDGE('',*,*,#10995,.T.);
#11026=VECTOR('',#1515,1.);
#11027=LINE('',#10983,#11026);
#11028=EDGE_CURVE('',#10984,#2070,#11027,.T.);
#11029=ORIENTED_EDGE('',*,*,#11028,.T.);
#11030=ORIENTED_EDGE('',*,*,#10969,.F.);
#11031=ORIENTED_EDGE('',*,*,#11013,.F.);
#11032=EDGE_LOOP('',(#11025,#11029,#11030,#11031));
#11033=FACE_OUTER_BOUND('',#11032,.T.);
#11034=AXIS2_PLACEMENT_3D('',#10985,#3012,#3284);
#11035=PLANE('',#11034);
#11036=ADVANCED_FACE('',(#11033),#11035,.T.);
#11037=ORIENTED_EDGE('',*,*,#10991,.T.);
#11038=VECTOR('',#1515,1.);
#11039=LINE('',#10981,#11038);
#11040=EDGE_CURVE('',#10982,#2068,#11039,.T.);
#11041=ORIENTED_EDGE('',*,*,#11040,.T.);
#11042=ORIENTED_EDGE('',*,*,#2887,.F.);
#11043=ORIENTED_EDGE('',*,*,#11028,.F.);
#11044=EDGE_LOOP('',(#11037,#11041,#11042,#11043));
#11045=FACE_OUTER_BOUND('',#11044,.T.);
#11046=AXIS2_PLACEMENT_3D('',#10983,#122,#3012);
#11047=PLANE('',#11046);
#11048=ADVANCED_FACE('',(#11045),#11047,.T.);
#11049=ORIENTED_EDGE('',*,*,#11003,.F.);
#11050=ORIENTED_EDGE('',*,*,#11018,.T.);
#11051=ORIENTED_EDGE('',*,*,#10974,.T.);
#11052=ORIENTED_EDGE('',*,*,#11040,.F.);
#11053=EDGE_LOOP('',(#11049,#11050,#11051,#11052));
#11054=FACE_OUTER_BOUND('',#11053,.T.);
#11055=AXIS2_PLACEMENT_3D('',#10981,#87,#122);
#11056=PLANE('',#11055);
#11057=ADVANCED_FACE('',(#11054),#11056,.T.);
#11058=CLOSED_SHELL('',(#10980,#11009,#11024,#11036,#11048,#11057));
#11059=MANIFOLD_SOLID_BREP('tile_lower_42',#11058);
#11060=CARTESIAN_POINT('',(-10.176,-0.763,3.3));
#11061=VERTEX_POINT('',#11060);
#11062=CARTESIAN_POINT('',(-10.176,-1.269,3.3));
#11063=VERTEX_POINT('',#11062);
#11064=VECTOR('',#87,1.);
#11065=LINE('',#11062,#11064);
#11066=EDGE_CURVE('',#11063,#11061,#11065,.T.);
#11067=ORIENTED_EDGE('',*,*,#11066,.F.);
#11068=VECTOR('',#122,1.);
#11069=LINE('',#11062,#11068);
#11070=EDGE_CURVE('',#11063,#2078,#11069,.T.);
#11071=ORIENTED_EDGE('',*,*,#11070,.T.);
#11072=ORIENTED_EDGE('',*,*,#2903,.T.);
#11073=VECTOR('',#122,1.);
#11074=LINE('',#11060,#11073);
#11075=EDGE_CURVE('',#11061,#2076,#11074,.T.);
#11076=ORIENTED_EDGE('',*,*,#11075,.F.);
#11077=EDGE_LOOP('',(#11067,#11071,#11072,#11076));
#11078=FACE_OUTER_BOUND('',#11077,.T.);
#11079=AXIS2_PLACEMENT_3D('',#11060,#1515,#87);
#11080=PLANE('',#11079);
#11081=ADVANCED_FACE('',(#11078),#11080,.T.);
#11082=CARTESIAN_POINT('',(-7.4,-0.763,2.9));
#11083=VERTEX_POINT('',#11082);
#11084=CARTESIAN_POINT('',(-7.4,-1.269,2.9));
#11085=VERTEX_POINT('',#11084);
#11086=CARTESIAN_POINT('',(-10.176,-1.269,2.9));
#11087=VERTEX_POINT('',#11086);
#11088=CARTESIAN_POINT('',(-10.176,-0.763,2.9));
#11089=VERTEX_POINT('',#11088);
#11090=VECTOR('',#87,1.);
#11091=LINE('',#11084,#11090);
#11092=EDGE_CURVE('',#11085,#11083,#11091,.T.);
#11093=ORIENTED_EDGE('',*,*,#11092,.F.);
#11094=VECTOR('',#122,1.);
#11095=LINE('',#11086,#11094);
#11096=EDGE_CURVE('',#11087,#11085,#11095,.T.);
#11097=ORIENTED_EDGE('',*,*,#11096,.F.);
#11098=VECTOR('',#87,1.);
#11099=LINE('',#11086,#11098);
#11100=EDGE_CURVE('',#11087,#11089,#11099,.T.);
#11101=ORIENTED_EDGE('',*,*,#11100,.T.);
#11102=VECTOR('',#122,1.);
#11103=LINE('',#11088,#11102);
#11104=EDGE_CURVE('',#11089,#11083,#11103,.T.);
#11105=ORIENTED_EDGE('',*,*,#11104,.T.);
#11106=EDGE_LOOP('',(#11093,#11097,#11101,#11105));
#11107=FACE_OUTER_BOUND('',#11106,.T.);
#11108=AXIS2_PLACEMENT_3D('',#11082,#3011,#3012);
#11109=PLANE('',#11108);
#11110=ADVANCED_FACE('',(#11107),#11109,.T.);
#11111=ORIENTED_EDGE('',*,*,#11100,.F.);
#11112=VECTOR('',#1515,1.);
#11113=LINE('',#11086,#11112);
#11114=EDGE_CURVE('',#11087,#11063,#11113,.T.);
#11115=ORIENTED_EDGE('',*,*,#11114,.T.);
#11116=ORIENTED_EDGE('',*,*,#11066,.T.);
#11117=VECTOR('',#1515,1.);
#11118=LINE('',#11088,#11117);
#11119=EDGE_CURVE('',#11089,#11061,#11118,.T.);
#11120=ORIENTED_EDGE('',*,*,#11119,.F.);
#11121=EDGE_LOOP('',(#11111,#11115,#11116,#11120));
#11122=FACE_OUTER_BOUND('',#11121,.T.);
#11123=AXIS2_PLACEMENT_3D('',#11088,#3284,#87);
#11124=PLANE('',#11123);
#11125=ADVANCED_FACE('',(#11122),#11124,.T.);
#11126=ORIENTED_EDGE('',*,*,#11096,.T.);
#11127=VECTOR('',#1515,1.);
#11128=LINE('',#11084,#11127);
#11129=EDGE_CURVE('',#11085,#2078,#11128,.T.);
#11130=ORIENTED_EDGE('',*,*,#11129,.T.);
#11131=ORIENTED_EDGE('',*,*,#11070,.F.);
#11132=ORIENTED_EDGE('',*,*,#11114,.F.);
#11133=EDGE_LOOP('',(#11126,#11130,#11131,#11132));
#11134=FACE_OUTER_BOUND('',#11133,.T.);
#11135=AXIS2_PLACEMENT_3D('',#11086,#3012,#3284);
#11136=PLANE('',#11135);
#11137=ADVANCED_FACE('',(#11134),#11136,.T.);
#11138=ORIENTED_EDGE('',*,*,#11092,.T.);
#11139=VECTOR('',#1515,1.);
#11140=LINE('',#11082,#11139);
#11141=EDGE_CURVE('',#11083,#2076,#11140,.T.);
#11142=ORIENTED_EDGE('',*,*,#11141,.T.);
#11143=ORIENTED_EDGE('',*,*,#2903,.F.);
#11144=ORIENTED_EDGE('',*,*,#11129,.F.);
#11145=EDGE_LOOP('',(#11138,#11142,#11143,#11144));
#11146=FACE_OUTER_BOUND('',#11145,.T.);
#11147=AXIS2_PLACEMENT_3D('',#11084,#122,#3012);
#11148=PLANE('',#11147);
#11149=ADVANCED_FACE('',(#11146),#11148,.T.);
#11150=ORIENTED_EDGE('',*,*,#11104,.F.);
#11151=ORIENTED_EDGE('',*,*,#11119,.T.);
#11152=ORIENTED_EDGE('',*,*,#11075,.T.);
#11153=ORIENTED_EDGE('',*,*,#11141,.F.);
#11154=EDGE_LOOP('',(#11150,#11151,#11152,#11153));
#11155=FACE_OUTER_BOUND('',#11154,.T.);
#11156=AXIS2_PLACEMENT_3D('',#11082,#87,#122);
#11157=PLANE('',#11156);
#11158=ADVANCED_FACE('',(#11155),#11157,.T.);
#11159=CLOSED_SHELL('',(#11081,#11110,#11125,#11137,#11149,#11158));
#11160=MANIFOLD_SOLID_BREP('tile_lower_43',#11159);
#11161=CARTESIAN_POINT('',(-10.176,-1.779,3.3));
#11162=VERTEX_POINT('',#11161);
#11163=CARTESIAN_POINT('',(-10.176,-2.285,3.3));
#11164=VERTEX_POINT('',#11163);
#11165=VECTOR('',#87,1.);
#11166=LINE('',#11163,#11165);
#11167=EDGE_CURVE('',#11164,#11162,#11166,.T.);
#11168=ORIENTED_EDGE('',*,*,#11167,.F.);
#11169=VECTOR('',#122,1.);
#11170=LINE('',#11163,#11169);
#11171=EDGE_CURVE('',#11164,#2086,#11170,.T.);
#11172=ORIENTED_EDGE('',*,*,#11171,.T.);
#11173=ORIENTED_EDGE('',*,*,#2919,.T.);
#11174=VECTOR('',#122,1.);
#11175=LINE('',#11161,#11174);
#11176=EDGE_CURVE('',#11162,#2084,#11175,.T.);
#11177=ORIENTED_EDGE('',*,*,#11176,.F.);
#11178=EDGE_LOOP('',(#11168,#11172,#11173,#11177));
#11179=FACE_OUTER_BOUND('',#11178,.T.);
#11180=AXIS2_PLACEMENT_3D('',#11161,#1515,#87);
#11181=PLANE('',#11180);
#11182=ADVANCED_FACE('',(#11179),#11181,.T.);
#11183=CARTESIAN_POINT('',(-7.4,-1.779,2.9));
#11184=VERTEX_POINT('',#11183);
#11185=CARTESIAN_POINT('',(-7.4,-2.285,2.9));
#11186=VERTEX_POINT('',#11185);
#11187=CARTESIAN_POINT('',(-10.176,-2.285,2.9));
#11188=VERTEX_POINT('',#11187);
#11189=CARTESIAN_POINT('',(-10.176,-1.779,2.9));
#11190=VERTEX_POINT('',#11189);
#11191=VECTOR('',#87,1.);
#11192=LINE('',#11185,#11191);
#11193=EDGE_CURVE('',#11186,#11184,#11192,.T.);
#11194=ORIENTED_EDGE('',*,*,#11193,.F.);
#11195=VECTOR('',#122,1.);
#11196=LINE('',#11187,#11195);
#11197=EDGE_CURVE('',#11188,#11186,#11196,.T.);
#11198=ORIENTED_EDGE('',*,*,#11197,.F.);
#11199=VECTOR('',#87,1.);
#11200=LINE('',#11187,#11199);
#11201=EDGE_CURVE('',#11188,#11190,#11200,.T.);
#11202=ORIENTED_EDGE('',*,*,#11201,.T.);
#11203=VECTOR('',#122,1.);
#11204=LINE('',#11189,#11203);
#11205=EDGE_CURVE('',#11190,#11184,#11204,.T.);
#11206=ORIENTED_EDGE('',*,*,#11205,.T.);
#11207=EDGE_LOOP('',(#11194,#11198,#11202,#11206));
#11208=FACE_OUTER_BOUND('',#11207,.T.);
#11209=AXIS2_PLACEMENT_3D('',#11183,#3011,#3012);
#11210=PLANE('',#11209);
#11211=ADVANCED_FACE('',(#11208),#11210,.T.);
#11212=ORIENTED_EDGE('',*,*,#11201,.F.);
#11213=VECTOR('',#1515,1.);
#11214=LINE('',#11187,#11213);
#11215=EDGE_CURVE('',#11188,#11164,#11214,.T.);
#11216=ORIENTED_EDGE('',*,*,#11215,.T.);
#11217=ORIENTED_EDGE('',*,*,#11167,.T.);
#11218=VECTOR('',#1515,1.);
#11219=LINE('',#11189,#11218);
#11220=EDGE_CURVE('',#11190,#11162,#11219,.T.);
#11221=ORIENTED_EDGE('',*,*,#11220,.F.);
#11222=EDGE_LOOP('',(#11212,#11216,#11217,#11221));
#11223=FACE_OUTER_BOUND('',#11222,.T.);
#11224=AXIS2_PLACEMENT_3D('',#11189,#3284,#87);
#11225=PLANE('',#11224);
#11226=ADVANCED_FACE('',(#11223),#11225,.T.);
#11227=ORIENTED_EDGE('',*,*,#11197,.T.);
#11228=VECTOR('',#1515,1.);
#11229=LINE('',#11185,#11228);
#11230=EDGE_CURVE('',#11186,#2086,#11229,.T.);
#11231=ORIENTED_EDGE('',*,*,#11230,.T.);
#11232=ORIENTED_EDGE('',*,*,#11171,.F.);
#11233=ORIENTED_EDGE('',*,*,#11215,.F.);
#11234=EDGE_LOOP('',(#11227,#11231,#11232,#11233));
#11235=FACE_OUTER_BOUND('',#11234,.T.);
#11236=AXIS2_PLACEMENT_3D('',#11187,#3012,#3284);
#11237=PLANE('',#11236);
#11238=ADVANCED_FACE('',(#11235),#11237,.T.);
#11239=ORIENTED_EDGE('',*,*,#11193,.T.);
#11240=VECTOR('',#1515,1.);
#11241=LINE('',#11183,#11240);
#11242=EDGE_CURVE('',#11184,#2084,#11241,.T.);
#11243=ORIENTED_EDGE('',*,*,#11242,.T.);
#11244=ORIENTED_EDGE('',*,*,#2919,.F.);
#11245=ORIENTED_EDGE('',*,*,#11230,.F.);
#11246=EDGE_LOOP('',(#11239,#11243,#11244,#11245));
#11247=FACE_OUTER_BOUND('',#11246,.T.);
#11248=AXIS2_PLACEMENT_3D('',#11185,#122,#3012);
#11249=PLANE('',#11248);
#11250=ADVANCED_FACE('',(#11247),#11249,.T.);
#11251=ORIENTED_EDGE('',*,*,#11205,.F.);
#11252=ORIENTED_EDGE('',*,*,#11220,.T.);
#11253=ORIENTED_EDGE('',*,*,#11176,.T.);
#11254=ORIENTED_EDGE('',*,*,#11242,.F.);
#11255=EDGE_LOOP('',(#11251,#11252,#11253,#11254));
#11256=FACE_OUTER_BOUND('',#11255,.T.);
#11257=AXIS2_PLACEMENT_3D('',#11183,#87,#122);
#11258=PLANE('',#11257);
#11259=ADVANCED_FACE('',(#11256),#11258,.T.);
#11260=CLOSED_SHELL('',(#11182,#11211,#11226,#11238,#11250,#11259));
#11261=MANIFOLD_SOLID_BREP('tile_lower_44',#11260);
#11262=CARTESIAN_POINT('',(-10.176,-2.795,3.3));
#11263=VERTEX_POINT('',#11262);
#11264=CARTESIAN_POINT('',(-10.176,-3.301,3.3));
#11265=VERTEX_POINT('',#11264);
#11266=VECTOR('',#87,1.);
#11267=LINE('',#11264,#11266);
#11268=EDGE_CURVE('',#11265,#11263,#11267,.T.);
#11269=ORIENTED_EDGE('',*,*,#11268,.F.);
#11270=VECTOR('',#122,1.);
#11271=LINE('',#11264,#11270);
#11272=EDGE_CURVE('',#11265,#2094,#11271,.T.);
#11273=ORIENTED_EDGE('',*,*,#11272,.T.);
#11274=ORIENTED_EDGE('',*,*,#2935,.T.);
#11275=VECTOR('',#122,1.);
#11276=LINE('',#11262,#11275);
#11277=EDGE_CURVE('',#11263,#2092,#11276,.T.);
#11278=ORIENTED_EDGE('',*,*,#11277,.F.);
#11279=EDGE_LOOP('',(#11269,#11273,#11274,#11278));
#11280=FACE_OUTER_BOUND('',#11279,.T.);
#11281=AXIS2_PLACEMENT_3D('',#11262,#1515,#87);
#11282=PLANE('',#11281);
#11283=ADVANCED_FACE('',(#11280),#11282,.T.);
#11284=CARTESIAN_POINT('',(-7.4,-2.795,2.9));
#11285=VERTEX_POINT('',#11284);
#11286=CARTESIAN_POINT('',(-7.4,-3.301,2.9));
#11287=VERTEX_POINT('',#11286);
#11288=CARTESIAN_POINT('',(-10.176,-3.301,2.9));
#11289=VERTEX_POINT('',#11288);
#11290=CARTESIAN_POINT('',(-10.176,-2.795,2.9));
#11291=VERTEX_POINT('',#11290);
#11292=VECTOR('',#87,1.);
#11293=LINE('',#11286,#11292);
#11294=EDGE_CURVE('',#11287,#11285,#11293,.T.);
#11295=ORIENTED_EDGE('',*,*,#11294,.F.);
#11296=VECTOR('',#122,1.);
#11297=LINE('',#11288,#11296);
#11298=EDGE_CURVE('',#11289,#11287,#11297,.T.);
#11299=ORIENTED_EDGE('',*,*,#11298,.F.);
#11300=VECTOR('',#87,1.);
#11301=LINE('',#11288,#11300);
#11302=EDGE_CURVE('',#11289,#11291,#11301,.T.);
#11303=ORIENTED_EDGE('',*,*,#11302,.T.);
#11304=VECTOR('',#122,1.);
#11305=LINE('',#11290,#11304);
#11306=EDGE_CURVE('',#11291,#11285,#11305,.T.);
#11307=ORIENTED_EDGE('',*,*,#11306,.T.);
#11308=EDGE_LOOP('',(#11295,#11299,#11303,#11307));
#11309=FACE_OUTER_BOUND('',#11308,.T.);
#11310=AXIS2_PLACEMENT_3D('',#11284,#3011,#3012);
#11311=PLANE('',#11310);
#11312=ADVANCED_FACE('',(#11309),#11311,.T.);
#11313=ORIENTED_EDGE('',*,*,#11302,.F.);
#11314=VECTOR('',#1515,1.);
#11315=LINE('',#11288,#11314);
#11316=EDGE_CURVE('',#11289,#11265,#11315,.T.);
#11317=ORIENTED_EDGE('',*,*,#11316,.T.);
#11318=ORIENTED_EDGE('',*,*,#11268,.T.);
#11319=VECTOR('',#1515,1.);
#11320=LINE('',#11290,#11319);
#11321=EDGE_CURVE('',#11291,#11263,#11320,.T.);
#11322=ORIENTED_EDGE('',*,*,#11321,.F.);
#11323=EDGE_LOOP('',(#11313,#11317,#11318,#11322));
#11324=FACE_OUTER_BOUND('',#11323,.T.);
#11325=AXIS2_PLACEMENT_3D('',#11290,#3284,#87);
#11326=PLANE('',#11325);
#11327=ADVANCED_FACE('',(#11324),#11326,.T.);
#11328=ORIENTED_EDGE('',*,*,#11298,.T.);
#11329=VECTOR('',#1515,1.);
#11330=LINE('',#11286,#11329);
#11331=EDGE_CURVE('',#11287,#2094,#11330,.T.);
#11332=ORIENTED_EDGE('',*,*,#11331,.T.);
#11333=ORIENTED_EDGE('',*,*,#11272,.F.);
#11334=ORIENTED_EDGE('',*,*,#11316,.F.);
#11335=EDGE_LOOP('',(#11328,#11332,#11333,#11334));
#11336=FACE_OUTER_BOUND('',#11335,.T.);
#11337=AXIS2_PLACEMENT_3D('',#11288,#3012,#3284);
#11338=PLANE('',#11337);
#11339=ADVANCED_FACE('',(#11336),#11338,.T.);
#11340=ORIENTED_EDGE('',*,*,#11294,.T.);
#11341=VECTOR('',#1515,1.);
#11342=LINE('',#11284,#11341);
#11343=EDGE_CURVE('',#11285,#2092,#11342,.T.);
#11344=ORIENTED_EDGE('',*,*,#11343,.T.);
#11345=ORIENTED_EDGE('',*,*,#2935,.F.);
#11346=ORIENTED_EDGE('',*,*,#11331,.F.);
#11347=EDGE_LOOP('',(#11340,#11344,#11345,#11346));
#11348=FACE_OUTER_BOUND('',#11347,.T.);
#11349=AXIS2_PLACEMENT_3D('',#11286,#122,#3012);
#11350=PLANE('',#11349);
#11351=ADVANCED_FACE('',(#11348),#11350,.T.);
#11352=ORIENTED_EDGE('',*,*,#11306,.F.);
#11353=ORIENTED_EDGE('',*,*,#11321,.T.);
#11354=ORIENTED_EDGE('',*,*,#11277,.T.);
#11355=ORIENTED_EDGE('',*,*,#11343,.F.);
#11356=EDGE_LOOP('',(#11352,#11353,#11354,#11355));
#11357=FACE_OUTER_BOUND('',#11356,.T.);
#11358=AXIS2_PLACEMENT_3D('',#11284,#87,#122);
#11359=PLANE('',#11358);
#11360=ADVANCED_FACE('',(#11357),#11359,.T.);
#11361=CLOSED_SHELL('',(#11283,#11312,#11327,#11339,#11351,#11360));
#11362=MANIFOLD_SOLID_BREP('tile_lower_45',#11361);
#11363=CARTESIAN_POINT('',(-10.176,-3.811,3.3));
#11364=VERTEX_POINT('',#11363);
#11365=CARTESIAN_POINT('',(-10.176,-4.317,3.3));
#11366=VERTEX_POINT('',#11365);
#11367=VECTOR('',#87,1.);
#11368=LINE('',#11365,#11367);
#11369=EDGE_CURVE('',#11366,#11364,#11368,.T.);
#11370=ORIENTED_EDGE('',*,*,#11369,.F.);
#11371=VECTOR('',#122,1.);
#11372=LINE('',#11365,#11371);
#11373=EDGE_CURVE('',#11366,#2102,#11372,.T.);
#11374=ORIENTED_EDGE('',*,*,#11373,.T.);
#11375=ORIENTED_EDGE('',*,*,#2951,.T.);
#11376=VECTOR('',#122,1.);
#11377=LINE('',#11363,#11376);
#11378=EDGE_CURVE('',#11364,#2100,#11377,.T.);
#11379=ORIENTED_EDGE('',*,*,#11378,.F.);
#11380=EDGE_LOOP('',(#11370,#11374,#11375,#11379));
#11381=FACE_OUTER_BOUND('',#11380,.T.);
#11382=AXIS2_PLACEMENT_3D('',#11363,#1515,#87);
#11383=PLANE('',#11382);
#11384=ADVANCED_FACE('',(#11381),#11383,.T.);
#11385=CARTESIAN_POINT('',(-7.4,-3.811,2.9));
#11386=VERTEX_POINT('',#11385);
#11387=CARTESIAN_POINT('',(-7.4,-4.317,2.9));
#11388=VERTEX_POINT('',#11387);
#11389=CARTESIAN_POINT('',(-10.176,-4.317,2.9));
#11390=VERTEX_POINT('',#11389);
#11391=CARTESIAN_POINT('',(-10.176,-3.811,2.9));
#11392=VERTEX_POINT('',#11391);
#11393=VECTOR('',#87,1.);
#11394=LINE('',#11387,#11393);
#11395=EDGE_CURVE('',#11388,#11386,#11394,.T.);
#11396=ORIENTED_EDGE('',*,*,#11395,.F.);
#11397=VECTOR('',#122,1.);
#11398=LINE('',#11389,#11397);
#11399=EDGE_CURVE('',#11390,#11388,#11398,.T.);
#11400=ORIENTED_EDGE('',*,*,#11399,.F.);
#11401=VECTOR('',#87,1.);
#11402=LINE('',#11389,#11401);
#11403=EDGE_CURVE('',#11390,#11392,#11402,.T.);
#11404=ORIENTED_EDGE('',*,*,#11403,.T.);
#11405=VECTOR('',#122,1.);
#11406=LINE('',#11391,#11405);
#11407=EDGE_CURVE('',#11392,#11386,#11406,.T.);
#11408=ORIENTED_EDGE('',*,*,#11407,.T.);
#11409=EDGE_LOOP('',(#11396,#11400,#11404,#11408));
#11410=FACE_OUTER_BOUND('',#11409,.T.);
#11411=AXIS2_PLACEMENT_3D('',#11385,#3011,#3012);
#11412=PLANE('',#11411);
#11413=ADVANCED_FACE('',(#11410),#11412,.T.);
#11414=ORIENTED_EDGE('',*,*,#11403,.F.);
#11415=VECTOR('',#1515,1.);
#11416=LINE('',#11389,#11415);
#11417=EDGE_CURVE('',#11390,#11366,#11416,.T.);
#11418=ORIENTED_EDGE('',*,*,#11417,.T.);
#11419=ORIENTED_EDGE('',*,*,#11369,.T.);
#11420=VECTOR('',#1515,1.);
#11421=LINE('',#11391,#11420);
#11422=EDGE_CURVE('',#11392,#11364,#11421,.T.);
#11423=ORIENTED_EDGE('',*,*,#11422,.F.);
#11424=EDGE_LOOP('',(#11414,#11418,#11419,#11423));
#11425=FACE_OUTER_BOUND('',#11424,.T.);
#11426=AXIS2_PLACEMENT_3D('',#11391,#3284,#87);
#11427=PLANE('',#11426);
#11428=ADVANCED_FACE('',(#11425),#11427,.T.);
#11429=ORIENTED_EDGE('',*,*,#11399,.T.);
#11430=VECTOR('',#1515,1.);
#11431=LINE('',#11387,#11430);
#11432=EDGE_CURVE('',#11388,#2102,#11431,.T.);
#11433=ORIENTED_EDGE('',*,*,#11432,.T.);
#11434=ORIENTED_EDGE('',*,*,#11373,.F.);
#11435=ORIENTED_EDGE('',*,*,#11417,.F.);
#11436=EDGE_LOOP('',(#11429,#11433,#11434,#11435));
#11437=FACE_OUTER_BOUND('',#11436,.T.);
#11438=AXIS2_PLACEMENT_3D('',#11389,#3012,#3284);
#11439=PLANE('',#11438);
#11440=ADVANCED_FACE('',(#11437),#11439,.T.);
#11441=ORIENTED_EDGE('',*,*,#11395,.T.);
#11442=VECTOR('',#1515,1.);
#11443=LINE('',#11385,#11442);
#11444=EDGE_CURVE('',#11386,#2100,#11443,.T.);
#11445=ORIENTED_EDGE('',*,*,#11444,.T.);
#11446=ORIENTED_EDGE('',*,*,#2951,.F.);
#11447=ORIENTED_EDGE('',*,*,#11432,.F.);
#11448=EDGE_LOOP('',(#11441,#11445,#11446,#11447));
#11449=FACE_OUTER_BOUND('',#11448,.T.);
#11450=AXIS2_PLACEMENT_3D('',#11387,#122,#3012);
#11451=PLANE('',#11450);
#11452=ADVANCED_FACE('',(#11449),#11451,.T.);
#11453=ORIENTED_EDGE('',*,*,#11407,.F.);
#11454=ORIENTED_EDGE('',*,*,#11422,.T.);
#11455=ORIENTED_EDGE('',*,*,#11378,.T.);
#11456=ORIENTED_EDGE('',*,*,#11444,.F.);
#11457=EDGE_LOOP('',(#11453,#11454,#11455,#11456));
#11458=FACE_OUTER_BOUND('',#11457,.T.);
#11459=AXIS2_PLACEMENT_3D('',#11385,#87,#122);
#11460=PLANE('',#11459);
#11461=ADVANCED_FACE('',(#11458),#11460,.T.);
#11462=CLOSED_SHELL('',(#11384,#11413,#11428,#11440,#11452,#11461));
#11463=MANIFOLD_SOLID_BREP('tile_lower_46',#11462);
#11464=CARTESIAN_POINT('',(-10.176,-4.827,3.3));
#11465=VERTEX_POINT('',#11464);
#11466=CARTESIAN_POINT('',(-10.176,-5.333,3.3));
#11467=VERTEX_POINT('',#11466);
#11468=VECTOR('',#87,1.);
#11469=LINE('',#11466,#11468);
#11470=EDGE_CURVE('',#11467,#11465,#11469,.T.);
#11471=ORIENTED_EDGE('',*,*,#11470,.F.);
#11472=VECTOR('',#122,1.);
#11473=LINE('',#11466,#11472);
#11474=EDGE_CURVE('',#11467,#2110,#11473,.T.);
#11475=ORIENTED_EDGE('',*,*,#11474,.T.);
#11476=ORIENTED_EDGE('',*,*,#2967,.T.);
#11477=VECTOR('',#122,1.);
#11478=LINE('',#11464,#11477);
#11479=EDGE_CURVE('',#11465,#2108,#11478,.T.);
#11480=ORIENTED_EDGE('',*,*,#11479,.F.);
#11481=EDGE_LOOP('',(#11471,#11475,#11476,#11480));
#11482=FACE_OUTER_BOUND('',#11481,.T.);
#11483=AXIS2_PLACEMENT_3D('',#11464,#1515,#87);
#11484=PLANE('',#11483);
#11485=ADVANCED_FACE('',(#11482),#11484,.T.);
#11486=CARTESIAN_POINT('',(-7.4,-4.827,2.9));
#11487=VERTEX_POINT('',#11486);
#11488=CARTESIAN_POINT('',(-7.4,-5.333,2.9));
#11489=VERTEX_POINT('',#11488);
#11490=CARTESIAN_POINT('',(-10.176,-5.333,2.9));
#11491=VERTEX_POINT('',#11490);
#11492=CARTESIAN_POINT('',(-10.176,-4.827,2.9));
#11493=VERTEX_POINT('',#11492);
#11494=VECTOR('',#87,1.);
#11495=LINE('',#11488,#11494);
#11496=EDGE_CURVE('',#11489,#11487,#11495,.T.);
#11497=ORIENTED_EDGE('',*,*,#11496,.F.);
#11498=VECTOR('',#122,1.);
#11499=LINE('',#11490,#11498);
#11500=EDGE_CURVE('',#11491,#11489,#11499,.T.);
#11501=ORIENTED_EDGE('',*,*,#11500,.F.);
#11502=VECTOR('',#87,1.);
#11503=LINE('',#11490,#11502);
#11504=EDGE_CURVE('',#11491,#11493,#11503,.T.);
#11505=ORIENTED_EDGE('',*,*,#11504,.T.);
#11506=VECTOR('',#122,1.);
#11507=LINE('',#11492,#11506);
#11508=EDGE_CURVE('',#11493,#11487,#11507,.T.);
#11509=ORIENTED_EDGE('',*,*,#11508,.T.);
#11510=EDGE_LOOP('',(#11497,#11501,#11505,#11509));
#11511=FACE_OUTER_BOUND('',#11510,.T.);
#11512=AXIS2_PLACEMENT_3D('',#11486,#3011,#3012);
#11513=PLANE('',#11512);
#11514=ADVANCED_FACE('',(#11511),#11513,.T.);
#11515=ORIENTED_EDGE('',*,*,#11504,.F.);
#11516=VECTOR('',#1515,1.);
#11517=LINE('',#11490,#11516);
#11518=EDGE_CURVE('',#11491,#11467,#11517,.T.);
#11519=ORIENTED_EDGE('',*,*,#11518,.T.);
#11520=ORIENTED_EDGE('',*,*,#11470,.T.);
#11521=VECTOR('',#1515,1.);
#11522=LINE('',#11492,#11521);
#11523=EDGE_CURVE('',#11493,#11465,#11522,.T.);
#11524=ORIENTED_EDGE('',*,*,#11523,.F.);
#11525=EDGE_LOOP('',(#11515,#11519,#11520,#11524));
#11526=FACE_OUTER_BOUND('',#11525,.T.);
#11527=AXIS2_PLACEMENT_3D('',#11492,#3284,#87);
#11528=PLANE('',#11527);
#11529=ADVANCED_FACE('',(#11526),#11528,.T.);
#11530=ORIENTED_EDGE('',*,*,#11500,.T.);
#11531=VECTOR('',#1515,1.);
#11532=LINE('',#11488,#11531);
#11533=EDGE_CURVE('',#11489,#2110,#11532,.T.);
#11534=ORIENTED_EDGE('',*,*,#11533,.T.);
#11535=ORIENTED_EDGE('',*,*,#11474,.F.);
#11536=ORIENTED_EDGE('',*,*,#11518,.F.);
#11537=EDGE_LOOP('',(#11530,#11534,#11535,#11536));
#11538=FACE_OUTER_BOUND('',#11537,.T.);
#11539=AXIS2_PLACEMENT_3D('',#11490,#3012,#3284);
#11540=PLANE('',#11539);
#11541=ADVANCED_FACE('',(#11538),#11540,.T.);
#11542=ORIENTED_EDGE('',*,*,#11496,.T.);
#11543=VECTOR('',#1515,1.);
#11544=LINE('',#11486,#11543);
#11545=EDGE_CURVE('',#11487,#2108,#11544,.T.);
#11546=ORIENTED_EDGE('',*,*,#11545,.T.);
#11547=ORIENTED_EDGE('',*,*,#2967,.F.);
#11548=ORIENTED_EDGE('',*,*,#11533,.F.);
#11549=EDGE_LOOP('',(#11542,#11546,#11547,#11548));
#11550=FACE_OUTER_BOUND('',#11549,.T.);
#11551=AXIS2_PLACEMENT_3D('',#11488,#122,#3012);
#11552=PLANE('',#11551);
#11553=ADVANCED_FACE('',(#11550),#11552,.T.);
#11554=ORIENTED_EDGE('',*,*,#11508,.F.);
#11555=ORIENTED_EDGE('',*,*,#11523,.T.);
#11556=ORIENTED_EDGE('',*,*,#11479,.T.);
#11557=ORIENTED_EDGE('',*,*,#11545,.F.);
#11558=EDGE_LOOP('',(#11554,#11555,#11556,#11557));
#11559=FACE_OUTER_BOUND('',#11558,.T.);
#11560=AXIS2_PLACEMENT_3D('',#11486,#87,#122);
#11561=PLANE('',#11560);
#11562=ADVANCED_FACE('',(#11559),#11561,.T.);
#11563=CLOSED_SHELL('',(#11485,#11514,#11529,#11541,#11553,#11562));
#11564=MANIFOLD_SOLID_BREP('tile_lower_47',#11563);
#11565=CARTESIAN_POINT('',(-10.176,-5.843,3.3));
#11566=VERTEX_POINT('',#11565);
#11567=CARTESIAN_POINT('',(-5.843,-10.176,3.3));
#11568=VERTEX_POINT('',#11567);
#11569=VECTOR('',#87,1.);
#11570=LINE('',#1531,#11569);
#11571=EDGE_CURVE('',#1532,#11566,#11570,.T.);
#11572=ORIENTED_EDGE('',*,*,#11571,.F.);
#11573=ORIENTED_EDGE('',*,*,#1597,.T.);
#11574=ORIENTED_EDGE('',*,*,#1593,.T.);
#11575=ORIENTED_EDGE('',*,*,#1589,.T.);
#11576=ORIENTED_EDGE('',*,*,#1585,.T.);
#11577=ORIENTED_EDGE('',*,*,#1581,.T.);
#11578=ORIENTED_EDGE('',*,*,#1577,.T.);
#11579=VECTOR('',#122,1.);
#11580=LINE('',#1519,#11579);
#11581=EDGE_CURVE('',#1520,#11568,#11580,.T.);
#11582=ORIENTED_EDGE('',*,*,#11581,.T.);
#11583=VECTOR('',#87,1.);
#11584=LINE('',#11567,#11583);
#11585=EDGE_CURVE('',#11568,#1692,#11584,.T.);
#11586=ORIENTED_EDGE('',*,*,#11585,.T.);
#11587=ORIENTED_EDGE('',*,*,#2131,.F.);
#11588=ORIENTED_EDGE('',*,*,#3007,.F.);
#11589=ORIENTED_EDGE('',*,*,#3003,.F.);
#11590=ORIENTED_EDGE('',*,*,#2999,.F.);
#11591=ORIENTED_EDGE('',*,*,#2995,.F.);
#11592=ORIENTED_EDGE('',*,*,#2991,.F.);
#11593=ORIENTED_EDGE('',*,*,#2987,.F.);
#11594=ORIENTED_EDGE('',*,*,#2983,.T.);
#11595=VECTOR('',#122,1.);
#11596=LINE('',#11565,#11595);
#11597=EDGE_CURVE('',#11566,#2116,#11596,.T.);
#11598=ORIENTED_EDGE('',*,*,#11597,.F.);
#11599=EDGE_LOOP('',(#11572,#11573,#11574,#11575,#11576,#11577,#11578,#11582,#11586,#11587,#11588,#11589,#11590,#11591,#11592,#11593,#11594,#11598));
#11600=FACE_OUTER_BOUND('',#11599,.T.);
#11601=AXIS2_PLACEMENT_3D('',#11565,#1515,#87);
#11602=PLANE('',#11601);
#11603=ADVANCED_FACE('',(#11600),#11602,.T.);
#11604=CARTESIAN_POINT('',(-7.4,-5.843,2.9));
#11605=VERTEX_POINT('',#11604);
#11606=CARTESIAN_POINT('',(-7.4,-7.,2.9));
#11607=VERTEX_POINT('',#11606);
#11608=CARTESIAN_POINT('',(-7.38637033,-7.10352762,2.9));
#11609=VERTEX_POINT('',#11608);
#11610=CARTESIAN_POINT('',(-7.34641016,-7.2,2.9));
#11611=VERTEX_POINT('',#11610);
#11612=CARTESIAN_POINT('',(-7.28284271,-7.28284271,2.9));
#11613=VERTEX_POINT('',#11612);
#11614=CARTESIAN_POINT('',(-7.2,-7.34641016,2.9));
#11615=VERTEX_POINT('',#11614);
#11616=CARTESIAN_POINT('',(-7.10352762,-7.38637033,2.9));
#11617=VERTEX_POINT('',#11616);
#11618=CARTESIAN_POINT('',(-7.,-7.4,2.9));
#11619=VERTEX_POINT('',#11618);
#11620=CARTESIAN_POINT('',(-5.843,-7.4,2.9));
#11621=VERTEX_POINT('',#11620);
#11622=CARTESIAN_POINT('',(-5.843,-10.176,2.9));
#11623=VERTEX_POINT('',#11622);
#11624=CARTESIAN_POINT('',(-9.376,-10.176,2.9));
#11625=VERTEX_POINT('',#11624);
#11626=CARTESIAN_POINT('',(-9.58305524,-10.1487407,2.9));
#11627=VERTEX_POINT('',#11626);
#11628=CARTESIAN_POINT('',(-9.776,-10.0688203,2.9));
#11629=VERTEX_POINT('',#11628);
#11630=CARTESIAN_POINT('',(-9.94168542,-9.94168542,2.9));
#11631=VERTEX_POINT('',#11630);
#11632=CARTESIAN_POINT('',(-10.0688203,-9.776,2.9));
#11633=VERTEX_POINT('',#11632);
#11634=CARTESIAN_POINT('',(-10.1487407,-9.58305524,2.9));
#11635=VERTEX_POINT('',#11634);
#11636=CARTESIAN_POINT('',(-10.176,-9.376,2.9));
#11637=VERTEX_POINT('',#11636);
#11638=CARTESIAN_POINT('',(-10.176,-5.843,2.9));
#11639=VERTEX_POINT('',#11638);
#11640=VECTOR('',#87,1.);
#11641=LINE('',#11606,#11640);
#11642=EDGE_CURVE('',#11607,#11605,#11641,.T.);
#11643=ORIENTED_EDGE('',*,*,#11642,.F.);
#11644=VECTOR('',#643,1.);
#11645=LINE('',#11606,#11644);
#11646=EDGE_CURVE('',#11607,#11609,#11645,.T.);
#11647=ORIENTED_EDGE('',*,*,#11646,.T.);
#11648=VECTOR('',#97,1.);
#11649=LINE('',#11608,#11648);
#11650=EDGE_CURVE('',#11609,#11611,#11649,.T.);
#11651=ORIENTED_EDGE('',*,*,#11650,.T.);
#11652=VECTOR('',#634,1.);
#11653=LINE('',#11610,#11652);
#11654=EDGE_CURVE('',#11611,#11613,#11653,.T.);
#11655=ORIENTED_EDGE('',*,*,#11654,.T.);
#11656=VECTOR('',#629,1.);
#11657=LINE('',#11612,#11656);
#11658=EDGE_CURVE('',#11613,#11615,#11657,.T.);
#11659=ORIENTED_EDGE('',*,*,#11658,.T.);
#11660=VECTOR('',#112,1.);
#11661=LINE('',#11614,#11660);
#11662=EDGE_CURVE('',#11615,#11617,#11661,.T.);
#11663=ORIENTED_EDGE('',*,*,#11662,.T.);
#11664=VECTOR('',#1068,1.);
#11665=LINE('',#11616,#11664);
#11666=EDGE_CURVE('',#11617,#11619,#11665,.T.);
#11667=ORIENTED_EDGE('',*,*,#11666,.T.);
#11668=VECTOR('',#122,1.);
#11669=LINE('',#11618,#11668);
#11670=EDGE_CURVE('',#11619,#11621,#11669,.T.);
#11671=ORIENTED_EDGE('',*,*,#11670,.T.);
#11672=VECTOR('',#87,1.);
#11673=LINE('',#11622,#11672);
#11674=EDGE_CURVE('',#11623,#11621,#11673,.T.);
#11675=ORIENTED_EDGE('',*,*,#11674,.F.);
#11676=VECTOR('',#122,1.);
#11677=LINE('',#11624,#11676);
#11678=EDGE_CURVE('',#11625,#11623,#11677,.T.);
#11679=ORIENTED_EDGE('',*,*,#11678,.F.);
#11680=VECTOR('',#117,1.);
#11681=LINE('',#11626,#11680);
#11682=EDGE_CURVE('',#11627,#11625,#11681,.T.);
#11683=ORIENTED_EDGE('',*,*,#11682,.F.);
#11684=VECTOR('',#112,1.);
#11685=LINE('',#11628,#11684);
#11686=EDGE_CURVE('',#11629,#11627,#11685,.T.);
#11687=ORIENTED_EDGE('',*,*,#11686,.F.);
#11688=VECTOR('',#107,1.);
#11689=LINE('',#11630,#11688);
#11690=EDGE_CURVE('',#11631,#11629,#11689,.T.);
#11691=ORIENTED_EDGE('',*,*,#11690,.F.);
#11692=VECTOR('',#102,1.);
#11693=LINE('',#11632,#11692);
#11694=EDGE_CURVE('',#11633,#11631,#11693,.T.);
#11695=ORIENTED_EDGE('',*,*,#11694,.F.);
#11696=VECTOR('',#97,1.);
#11697=LINE('',#11634,#11696);
#11698=EDGE_CURVE('',#11635,#11633,#11697,.T.);
#11699=ORIENTED_EDGE('',*,*,#11698,.F.);
#11700=VECTOR('',#92,1.);
#11701=LINE('',#11636,#11700);
#11702=EDGE_CURVE('',#11637,#11635,#11701,.T.);
#11703=ORIENTED_EDGE('',*,*,#11702,.F.);
#11704=VECTOR('',#87,1.);
#11705=LINE('',#11636,#11704);
#11706=EDGE_CURVE('',#11637,#11639,#11705,.T.);
#11707=ORIENTED_EDGE('',*,*,#11706,.T.);
#11708=VECTOR('',#122,1.);
#11709=LINE('',#11638,#11708);
#11710=EDGE_CURVE('',#11639,#11605,#11709,.T.);
#11711=ORIENTED_EDGE('',*,*,#11710,.T.);
#11712=EDGE_LOOP('',(#11643,#11647,#11651,#11655,#11659,#11663,#11667,#11671,#11675,#11679,#11683,#11687,#11691,#11695,#11699,#11703,#11707,#11711));
#11713=FACE_OUTER_BOUND('',#11712,.T.);
#11714=AXIS2_PLACEMENT_3D('',#11604,#3011,#3012);
#11715=PLANE('',#11714);
#11716=ADVANCED_FACE('',(#11713),#11715,.T.);
#11717=ORIENTED_EDGE('',*,*,#11706,.F.);
#11718=VECTOR('',#1515,1.);
#11719=LINE('',#11636,#11718);
#11720=EDGE_CURVE('',#11637,#1532,#11719,.T.);
#11721=ORIENTED_EDGE('',*,*,#11720,.T.);
#11722=ORIENTED_EDGE('',*,*,#11571,.T.);
#11723=VECTOR('',#1515,1.);
#11724=LINE('',#11638,#11723);
#11725=EDGE_CURVE('',#11639,#11566,#11724,.T.);
#11726=ORIENTED_EDGE('',*,*,#11725,.F.);
#11727=EDGE_LOOP('',(#11717,#11721,#11722,#11726));
#11728=FACE_OUTER_BOUND('',#11727,.T.);
#11729=AXIS2_PLACEMENT_3D('',#11638,#3284,#87);
#11730=PLANE('',#11729);
#11731=ADVANCED_FACE('',(#11728),#11730,.T.);
#11732=ORIENTED_EDGE('',*,*,#11702,.T.);
#11733=VECTOR('',#1515,1.);
#11734=LINE('',#11634,#11733);
#11735=EDGE_CURVE('',#11635,#1530,#11734,.T.);
#11736=ORIENTED_EDGE('',*,*,#11735,.T.);
#11737=ORIENTED_EDGE('',*,*,#1597,.F.);
#11738=ORIENTED_EDGE('',*,*,#11720,.F.);
#11739=EDGE_LOOP('',(#11732,#11736,#11737,#11738));
#11740=FACE_OUTER_BOUND('',#11739,.T.);
#11741=AXIS2_PLACEMENT_3D('',#11636,#3028,#3206);
#11742=PLANE('',#11741);
#11743=ADVANCED_FACE('',(#11740),#11742,.T.);
#11744=ORIENTED_EDGE('',*,*,#11698,.T.);
#11745=VECTOR('',#1515,1.);
#11746=LINE('',#11632,#11745);
#11747=EDGE_CURVE('',#11633,#1528,#11746,.T.);
#11748=ORIENTED_EDGE('',*,*,#11747,.T.);
#11749=ORIENTED_EDGE('',*,*,#1593,.F.);
#11750=ORIENTED_EDGE('',*,*,#11735,.F.);
#11751=EDGE_LOOP('',(#11744,#11748,#11749,#11750));
#11752=FACE_OUTER_BOUND('',#11751,.T.);
#11753=AXIS2_PLACEMENT_3D('',#11634,#3041,#3219);
#11754=PLANE('',#11753);
#11755=ADVANCED_FACE('',(#11752),#11754,.T.);
#11756=ORIENTED_EDGE('',*,*,#11694,.T.);
#11757=VECTOR('',#1515,1.);
#11758=LINE('',#11630,#11757);
#11759=EDGE_CURVE('',#11631,#1526,#11758,.T.);
#11760=ORIENTED_EDGE('',*,*,#11759,.T.);
#11761=ORIENTED_EDGE('',*,*,#1589,.F.);
#11762=ORIENTED_EDGE('',*,*,#11747,.F.);
#11763=EDGE_LOOP('',(#11756,#11760,#11761,#11762));
#11764=FACE_OUTER_BOUND('',#11763,.T.);
#11765=AXIS2_PLACEMENT_3D('',#11632,#3055,#3232);
#11766=PLANE('',#11765);
#11767=ADVANCED_FACE('',(#11764),#11766,.T.);
#11768=ORIENTED_EDGE('',*,*,#11690,.T.);
#11769=VECTOR('',#1515,1.);
#11770=LINE('',#11628,#11769);
#11771=EDGE_CURVE('',#11629,#1524,#11770,.T.);
#11772=ORIENTED_EDGE('',*,*,#11771,.T.);
#11773=ORIENTED_EDGE('',*,*,#1585,.F.);
#11774=ORIENTED_EDGE('',*,*,#11759,.F.);
#11775=EDGE_LOOP('',(#11768,#11772,#11773,#11774));
#11776=FACE_OUTER_BOUND('',#11775,.T.);
#11777=AXIS2_PLACEMENT_3D('',#11630,#3069,#3245);
#11778=PLANE('',#11777);
#11779=ADVANCED_FACE('',(#11776),#11778,.T.);
#11780=ORIENTED_EDGE('',*,*,#11686,.T.);
#11781=VECTOR('',#1515,1.);
#11782=LINE('',#11626,#11781);
#11783=EDGE_CURVE('',#11627,#1522,#11782,.T.);
#11784=ORIENTED_EDGE('',*,*,#11783,.T.);
#11785=ORIENTED_EDGE('',*,*,#1581,.F.);
#11786=ORIENTED_EDGE('',*,*,#11771,.F.);
#11787=EDGE_LOOP('',(#11780,#11784,#11785,#11786));
#11788=FACE_OUTER_BOUND('',#11787,.T.);
#11789=AXIS2_PLACEMENT_3D('',#11628,#3082,#3258);
#11790=PLANE('',#11789);
#11791=ADVANCED_FACE('',(#11788),#11790,.T.);
#11792=ORIENTED_EDGE('',*,*,#11682,.T.);
#11793=VECTOR('',#1515,1.);
#11794=LINE('',#11624,#11793);
#11795=EDGE_CURVE('',#11625,#1520,#11794,.T.);
#11796=ORIENTED_EDGE('',*,*,#11795,.T.);
#11797=ORIENTED_EDGE('',*,*,#1577,.F.);
#11798=ORIENTED_EDGE('',*,*,#11783,.F.);
#11799=EDGE_LOOP('',(#11792,#11796,#11797,#11798));
#11800=FACE_OUTER_BOUND('',#11799,.T.);
#11801=AXIS2_PLACEMENT_3D('',#11626,#3095,#3271);
#11802=PLANE('',#11801);
#11803=ADVANCED_FACE('',(#11800),#11802,.T.);
#11804=ORIENTED_EDGE('',*,*,#11678,.T.);
#11805=VECTOR('',#1515,1.);
#11806=LINE('',#11622,#11805);
#11807=EDGE_CURVE('',#11623,#11568,#11806,.T.);
#11808=ORIENTED_EDGE('',*,*,#11807,.T.);
#11809=ORIENTED_EDGE('',*,*,#11581,.F.);
#11810=ORIENTED_EDGE('',*,*,#11795,.F.);
#11811=EDGE_LOOP('',(#11804,#11808,#11809,#11810));
#11812=FACE_OUTER_BOUND('',#11811,.T.);
#11813=AXIS2_PLACEMENT_3D('',#11624,#3012,#3284);
#11814=PLANE('',#11813);
#11815=ADVANCED_FACE('',(#11812),#11814,.T.);
#11816=ORIENTED_EDGE('',*,*,#11674,.T.);
#11817=VECTOR('',#1515,1.);
#11818=LINE('',#11620,#11817);
#11819=EDGE_CURVE('',#11621,#1692,#11818,.T.);
#11820=ORIENTED_EDGE('',*,*,#11819,.T.);
#11821=ORIENTED_EDGE('',*,*,#11585,.F.);
#11822=ORIENTED_EDGE('',*,*,#11807,.F.);
#11823=EDGE_LOOP('',(#11816,#11820,#11821,#11822));
#11824=FACE_OUTER_BOUND('',#11823,.T.);
#11825=AXIS2_PLACEMENT_3D('',#11622,#122,#3012);
#11826=PLANE('',#11825);
#11827=ADVANCED_FACE('',(#11824),#11826,.T.);
#11828=ORIENTED_EDGE('',*,*,#11670,.F.);
#11829=VECTOR('',#1515,1.);
#11830=LINE('',#11618,#11829);
#11831=EDGE_CURVE('',#11619,#1690,#11830,.T.);
#11832=ORIENTED_EDGE('',*,*,#11831,.T.);
#11833=ORIENTED_EDGE('',*,*,#2131,.T.);
#11834=ORIENTED_EDGE('',*,*,#11819,.F.);
#11835=EDGE_LOOP('',(#11828,#11832,#11833,#11834));
#11836=FACE_OUTER_BOUND('',#11835,.T.);
#11837=AXIS2_PLACEMENT_3D('',#11620,#87,#122);
#11838=PLANE('',#11837);
#11839=ADVANCED_FACE('',(#11836),#11838,.T.);
#11840=ORIENTED_EDGE('',*,*,#11666,.F.);
#11841=VECTOR('',#1515,1.);
#11842=LINE('',#11616,#11841);
#11843=EDGE_CURVE('',#11617,#2128,#11842,.T.);
#11844=ORIENTED_EDGE('',*,*,#11843,.T.);
#11845=ORIENTED_EDGE('',*,*,#3007,.T.);
#11846=ORIENTED_EDGE('',*,*,#11831,.F.);
#11847=EDGE_LOOP('',(#11840,#11844,#11845,#11846));
#11848=FACE_OUTER_BOUND('',#11847,.T.);
#11849=AXIS2_PLACEMENT_3D('',#11618,#82,#117);
#11850=PLANE('',#11849);
#11851=ADVANCED_FACE('',(#11848),#11850,.T.);
#11852=ORIENTED_EDGE('',*,*,#11662,.F.);
#11853=VECTOR('',#1515,1.);
#11854=LINE('',#11614,#11853);
#11855=EDGE_CURVE('',#11615,#2126,#11854,.T.);
#11856=ORIENTED_EDGE('',*,*,#11855,.T.);
#11857=ORIENTED_EDGE('',*,*,#3003,.T.);
#11858=ORIENTED_EDGE('',*,*,#11843,.F.);
#11859=EDGE_LOOP('',(#11852,#11856,#11857,#11858));
#11860=FACE_OUTER_BOUND('',#11859,.T.);
#11861=AXIS2_PLACEMENT_3D('',#11616,#77,#112);
#11862=PLANE('',#11861);
#11863=ADVANCED_FACE('',(#11860),#11862,.T.);
#11864=ORIENTED_EDGE('',*,*,#11658,.F.);
#11865=VECTOR('',#1515,1.);
#11866=LINE('',#11612,#11865);
#11867=EDGE_CURVE('',#11613,#2124,#11866,.T.);
#11868=ORIENTED_EDGE('',*,*,#11867,.T.);
#11869=ORIENTED_EDGE('',*,*,#2999,.T.);
#11870=ORIENTED_EDGE('',*,*,#11855,.F.);
#11871=EDGE_LOOP('',(#11864,#11868,#11869,#11870));
#11872=FACE_OUTER_BOUND('',#11871,.T.);
#11873=AXIS2_PLACEMENT_3D('',#11614,#3157,#3068);
#11874=PLANE('',#11873);
#11875=ADVANCED_FACE('',(#11872),#11874,.T.);
#11876=ORIENTED_EDGE('',*,*,#11654,.F.);
#11877=VECTOR('',#1515,1.);
#11878=LINE('',#11610,#11877);
#11879=EDGE_CURVE('',#11611,#2122,#11878,.T.);
#11880=ORIENTED_EDGE('',*,*,#11879,.T.);
#11881=ORIENTED_EDGE('',*,*,#2995,.T.);
#11882=ORIENTED_EDGE('',*,*,#11867,.F.);
#11883=EDGE_LOOP('',(#11876,#11880,#11881,#11882));
#11884=FACE_OUTER_BOUND('',#11883,.T.);
#11885=AXIS2_PLACEMENT_3D('',#11612,#3144,#3054);
#11886=PLANE('',#11885);
#11887=ADVANCED_FACE('',(#11884),#11886,.T.);
#11888=ORIENTED_EDGE('',*,*,#11650,.F.);
#11889=VECTOR('',#1515,1.);
#11890=LINE('',#11608,#11889);
#11891=EDGE_CURVE('',#11609,#2120,#11890,.T.);
#11892=ORIENTED_EDGE('',*,*,#11891,.T.);
#11893=ORIENTED_EDGE('',*,*,#2991,.T.);
#11894=ORIENTED_EDGE('',*,*,#11879,.F.);
#11895=EDGE_LOOP('',(#11888,#11892,#11893,#11894));
#11896=FACE_OUTER_BOUND('',#11895,.T.);
#11897=AXIS2_PLACEMENT_3D('',#11610,#62,#97);
#11898=PLANE('',#11897);
#11899=ADVANCED_FACE('',(#11896),#11898,.T.);
#11900=ORIENTED_EDGE('',*,*,#11646,.F.);
#11901=VECTOR('',#1515,1.);
#11902=LINE('',#11606,#11901);
#11903=EDGE_CURVE('',#11607,#2118,#11902,.T.);
#11904=ORIENTED_EDGE('',*,*,#11903,.T.);
#11905=ORIENTED_EDGE('',*,*,#2987,.T.);
#11906=ORIENTED_EDGE('',*,*,#11891,.F.);
#11907=EDGE_LOOP('',(#11900,#11904,#11905,#11906));
#11908=FACE_OUTER_BOUND('',#11907,.T.);
#11909=AXIS2_PLACEMENT_3D('',#11608,#57,#92);
#11910=PLANE('',#11909);
#11911=ADVANCED_FACE('',(#11908),#11910,.T.);
#11912=ORIENTED_EDGE('',*,*,#11642,.T.);
#11913=VECTOR('',#1515,1.);
#11914=LINE('',#11604,#11913);
#11915=EDGE_CURVE('',#11605,#2116,#11914,.T.);
#11916=ORIENTED_EDGE('',*,*,#11915,.T.);
#11917=ORIENTED_EDGE('',*,*,#2983,.F.);
#11918=ORIENTED_EDGE('',*,*,#11903,.F.);
#11919=EDGE_LOOP('',(#11912,#11916,#11917,#11918));
#11920=FACE_OUTER_BOUND('',#11919,.T.);
#11921=AXIS2_PLACEMENT_3D('',#11606,#122,#3012);
#11922=PLANE('',#11921);
#11923=ADVANCED_FACE('',(#11920),#11922,.T.);
#11924=ORIENTED_EDGE('',*,*,#11710,.F.);
#11925=ORIENTED_EDGE('',*,*,#11725,.T.);
#11926=ORIENTED_EDGE('',*,*,#11597,.T.);
#11927=ORIENTED_EDGE('',*,*,#11915,.F.);
#11928=EDGE_LOOP('',(#11924,#11925,#11926,#11927));
#11929=FACE_OUTER_BOUND('',#11928,.T.);
#11930=AXIS2_PLACEMENT_3D('',#11604,#87,#122);
#11931=PLANE('',#11930);
#11932=ADVANCED_FACE('',(#11929),#11931,.T.);
#11933=CLOSED_SHELL('',(#11603,#11716,#11731,#11743,#11755,#11767,#11779,#11791,#11803,#11815,#11827,#11839,#11851,#11863,#11875,#11887,#11899,#11911,#11923,#11932));
#11934=MANIFOLD_SOLID_BREP('tile_lower_48',#11933);
#11935=CARTESIAN_POINT('',(-7.682,-8.128,2.9));
#11936=VERTEX_POINT('',#11935);
#11937=CARTESIAN_POINT('',(-7.6954503,-7.99143677,2.9));
#11938=VERTEX_POINT('',#11937);
#11939=CARTESIAN_POINT('',(-7.73528433,-7.8601216,2.9));
#11940=VERTEX_POINT('',#11939);
#11941=CARTESIAN_POINT('',(-7.79997127,-7.73910084,2.9));
#11942=VERTEX_POINT('',#11941);
#11943=CARTESIAN_POINT('',(-7.88702525,-7.63302525,2.9));
#11944=VERTEX_POINT('',#11943);
#11945=CARTESIAN_POINT('',(-7.99310084,-7.54597127,2.9));
#11946=VERTEX_POINT('',#11945);
#11947=CARTESIAN_POINT('',(-8.1141216,-7.48128433,2.9));
#11948=VERTEX_POINT('',#11947);
#11949=CARTESIAN_POINT('',(-8.24543677,-7.4414503,2.9));
#11950=VERTEX_POINT('',#11949);
#11951=CARTESIAN_POINT('',(-8.382,-7.428,2.9));
#11952=VERTEX_POINT('',#11951);
#11953=CARTESIAN_POINT('',(-8.51856323,-7.4414503,2.9));
#11954=VERTEX_POINT('',#11953);
#11955=CARTESIAN_POINT('',(-8.6498784,-7.48128433,2.9));
#11956=VERTEX_POINT('',#11955);
#11957=CARTESIAN_POINT('',(-8.77089916,-7.54597127,2.9));
#11958=VERTEX_POINT('',#11957);
#11959=CARTESIAN_POINT('',(-8.87697475,-7.63302525,2.9));
#11960=VERTEX_POINT('',#11959);
#11961=CARTESIAN_POINT('',(-8.96402873,-7.73910084,2.9));
#11962=VERTEX_POINT('',#11961);
#11963=CARTESIAN_POINT('',(-9.02871567,-7.8601216,2.9));
#11964=VERTEX_POINT('',#11963);
#11965=CARTESIAN_POINT('',(-9.0685497,-7.99143677,2.9));
#11966=VERTEX_POINT('',#11965);
#11967=CARTESIAN_POINT('',(-9.082,-8.128,2.9));
#11968=VERTEX_POINT('',#11967);
#11969=CARTESIAN_POINT('',(-9.0685497,-8.26456323,2.9));
#11970=VERTEX_POINT('',#11969);
#11971=CARTESIAN_POINT('',(-9.02871567,-8.3958784,2.9));
#11972=VERTEX_POINT('',#11971);
#11973=CARTESIAN_POINT('',(-8.96402873,-8.51689916,2.9));
#11974=VERTEX_POINT('',#11973);
#11975=CARTESIAN_POINT('',(-8.87697475,-8.62297475,2.9));
#11976=VERTEX_POINT('',#11975);
#11977=CARTESIAN_POINT('',(-8.77089916,-8.71002873,2.9));
#11978=VERTEX_POINT('',#11977);
#11979=CARTESIAN_POINT('',(-8.6498784,-8.77471567,2.9));
#11980=VERTEX_POINT('',#11979);
#11981=CARTESIAN_POINT('',(-8.51856323,-8.8145497,2.9));
#11982=VERTEX_POINT('',#11981);
#11983=CARTESIAN_POINT('',(-8.382,-8.828,2.9));
#11984=VERTEX_POINT('',#11983);
#11985=CARTESIAN_POINT('',(-8.24543677,-8.8145497,2.9));
#11986=VERTEX_POINT('',#11985);
#11987=CARTESIAN_POINT('',(-8.1141216,-8.77471567,2.9));
#11988=VERTEX_POINT('',#11987);
#11989=CARTESIAN_POINT('',(-7.99310084,-8.71002873,2.9));
#11990=VERTEX_POINT('',#11989);
#11991=CARTESIAN_POINT('',(-7.88702525,-8.62297475,2.9));
#11992=VERTEX_POINT('',#11991);
#11993=CARTESIAN_POINT('',(-7.79997127,-8.51689916,2.9));
#11994=VERTEX_POINT('',#11993);
#11995=CARTESIAN_POINT('',(-7.73528433,-8.3958784,2.9));
#11996=VERTEX_POINT('',#11995);
#11997=CARTESIAN_POINT('',(-7.6954503,-8.26456323,2.9));
#11998=VERTEX_POINT('',#11997);
#11999=DIRECTION('',(0.0980171427,-0.995184726,0.));
#12000=VECTOR('',#11999,1.);
#12001=LINE('',#11937,#12000);
#12002=EDGE_CURVE('',#11938,#11936,#12001,.T.);
#12003=ORIENTED_EDGE('',*,*,#12002,.F.);
#12004=DIRECTION('',(0.290284672,-0.956940337,0.));
#12005=VECTOR('',#12004,1.);
#12006=LINE('',#11939,#12005);
#12007=EDGE_CURVE('',#11940,#11938,#12006,.T.);
#12008=ORIENTED_EDGE('',*,*,#12007,.F.);
#12009=DIRECTION('',(0.471396737,-0.881921264,0.));
#12010=VECTOR('',#12009,1.);
#12011=LINE('',#11941,#12010);
#12012=EDGE_CURVE('',#11942,#11940,#12011,.T.);
#12013=ORIENTED_EDGE('',*,*,#12012,.F.);
#12014=DIRECTION('',(0.634393284,-0.773010453,0.));
#12015=VECTOR('',#12014,1.);
#12016=LINE('',#11943,#12015);
#12017=EDGE_CURVE('',#11944,#11942,#12016,.T.);
#12018=ORIENTED_EDGE('',*,*,#12017,.F.);
#12019=DIRECTION('',(0.773010453,-0.634393284,0.));
#12020=VECTOR('',#12019,1.);
#12021=LINE('',#11945,#12020);
#12022=EDGE_CURVE('',#11946,#11944,#12021,.T.);
#12023=ORIENTED_EDGE('',*,*,#12022,.F.);
#12024=DIRECTION('',(0.881921264,-0.471396737,0.));
#12025=VECTOR('',#12024,1.);
#12026=LINE('',#11947,#12025);
#12027=EDGE_CURVE('',#11948,#11946,#12026,.T.);
#12028=ORIENTED_EDGE('',*,*,#12027,.F.);
#12029=DIRECTION('',(0.956940337,-0.290284672,0.));
#12030=VECTOR('',#12029,1.);
#12031=LINE('',#11949,#12030);
#12032=EDGE_CURVE('',#11950,#11948,#12031,.T.);
#12033=ORIENTED_EDGE('',*,*,#12032,.F.);
#12034=DIRECTION('',(0.995184726,-0.0980171427,0.));
#12035=VECTOR('',#12034,1.);
#12036=LINE('',#11951,#12035);
#12037=EDGE_CURVE('',#11952,#11950,#12036,.T.);
#12038=ORIENTED_EDGE('',*,*,#12037,.F.);
#12039=DIRECTION('',(0.995184726,0.0980171427,0.));
#12040=VECTOR('',#12039,1.);
#12041=LINE('',#11953,#12040);
#12042=EDGE_CURVE('',#11954,#11952,#12041,.T.);
#12043=ORIENTED_EDGE('',*,*,#12042,.F.);
#12044=DIRECTION('',(0.956940337,0.290284672,0.));
#12045=VECTOR('',#12044,1.);
#12046=LINE('',#11955,#12045);
#12047=EDGE_CURVE('',#11956,#11954,#12046,.T.);
#12048=ORIENTED_EDGE('',*,*,#12047,.F.);
#12049=DIRECTION('',(0.881921264,0.471396737,0.));
#12050=VECTOR('',#12049,1.);
#12051=LINE('',#11957,#12050);
#12052=EDGE_CURVE('',#11958,#11956,#12051,.T.);
#12053=ORIENTED_EDGE('',*,*,#12052,.F.);
#12054=DIRECTION('',(0.773010453,0.634393284,0.));
#12055=VECTOR('',#12054,1.);
#12056=LINE('',#11959,#12055);
#12057=EDGE_CURVE('',#11960,#11958,#12056,.T.);
#12058=ORIENTED_EDGE('',*,*,#12057,.F.);
#12059=DIRECTION('',(0.634393284,0.773010453,0.));
#12060=VECTOR('',#12059,1.);
#12061=LINE('',#11961,#12060);
#12062=EDGE_CURVE('',#11962,#11960,#12061,.T.);
#12063=ORIENTED_EDGE('',*,*,#12062,.F.);
#12064=DIRECTION('',(0.471396737,0.881921264,0.));
#12065=VECTOR('',#12064,1.);
#12066=LINE('',#11963,#12065);
#12067=EDGE_CURVE('',#11964,#11962,#12066,.T.);
#12068=ORIENTED_EDGE('',*,*,#12067,.F.);
#12069=DIRECTION('',(0.290284672,0.956940337,0.));
#12070=VECTOR('',#12069,1.);
#12071=LINE('',#11965,#12070);
#12072=EDGE_CURVE('',#11966,#11964,#12071,.T.);
#12073=ORIENTED_EDGE('',*,*,#12072,.F.);
#12074=DIRECTION('',(0.0980171427,0.995184726,0.));
#12075=VECTOR('',#12074,1.);
#12076=LINE('',#11967,#12075);
#12077=EDGE_CURVE('',#11968,#11966,#12076,.T.);
#12078=ORIENTED_EDGE('',*,*,#12077,.F.);
#12079=VECTOR('',#11999,1.);
#12080=LINE('',#11967,#12079);
#12081=EDGE_CURVE('',#11968,#11970,#12080,.T.);
#12082=ORIENTED_EDGE('',*,*,#12081,.T.);
#12083=VECTOR('',#12004,1.);
#12084=LINE('',#11969,#12083);
#12085=EDGE_CURVE('',#11970,#11972,#12084,.T.);
#12086=ORIENTED_EDGE('',*,*,#12085,.T.);
#12087=VECTOR('',#12009,1.);
#12088=LINE('',#11971,#12087);
#12089=EDGE_CURVE('',#11972,#11974,#12088,.T.);
#12090=ORIENTED_EDGE('',*,*,#12089,.T.);
#12091=VECTOR('',#12014,1.);
#12092=LINE('',#11973,#12091);
#12093=EDGE_CURVE('',#11974,#11976,#12092,.T.);
#12094=ORIENTED_EDGE('',*,*,#12093,.T.);
#12095=VECTOR('',#12019,1.);
#12096=LINE('',#11975,#12095);
#12097=EDGE_CURVE('',#11976,#11978,#12096,.T.);
#12098=ORIENTED_EDGE('',*,*,#12097,.T.);
#12099=VECTOR('',#12024,1.);
#12100=LINE('',#11977,#12099);
#12101=EDGE_CURVE('',#11978,#11980,#12100,.T.);
#12102=ORIENTED_EDGE('',*,*,#12101,.T.);
#12103=VECTOR('',#12029,1.);
#12104=LINE('',#11979,#12103);
#12105=EDGE_CURVE('',#11980,#11982,#12104,.T.);
#12106=ORIENTED_EDGE('',*,*,#12105,.T.);
#12107=VECTOR('',#12034,1.);
#12108=LINE('',#11981,#12107);
#12109=EDGE_CURVE('',#11982,#11984,#12108,.T.);
#12110=ORIENTED_EDGE('',*,*,#12109,.T.);
#12111=VECTOR('',#12039,1.);
#12112=LINE('',#11983,#12111);
#12113=EDGE_CURVE('',#11984,#11986,#12112,.T.);
#12114=ORIENTED_EDGE('',*,*,#12113,.T.);
#12115=VECTOR('',#12044,1.);
#12116=LINE('',#11985,#12115);
#12117=EDGE_CURVE('',#11986,#11988,#12116,.T.);
#12118=ORIENTED_EDGE('',*,*,#12117,.T.);
#12119=VECTOR('',#12049,1.);
#12120=LINE('',#11987,#12119);
#12121=EDGE_CURVE('',#11988,#11990,#12120,.T.);
#12122=ORIENTED_EDGE('',*,*,#12121,.T.);
#12123=VECTOR('',#12054,1.);
#12124=LINE('',#11989,#12123);
#12125=EDGE_CURVE('',#11990,#11992,#12124,.T.);
#12126=ORIENTED_EDGE('',*,*,#12125,.T.);
#12127=VECTOR('',#12059,1.);
#12128=LINE('',#11991,#12127);
#12129=EDGE_CURVE('',#11992,#11994,#12128,.T.);
#12130=ORIENTED_EDGE('',*,*,#12129,.T.);
#12131=VECTOR('',#12064,1.);
#12132=LINE('',#11993,#12131);
#12133=EDGE_CURVE('',#11994,#11996,#12132,.T.);
#12134=ORIENTED_EDGE('',*,*,#12133,.T.);
#12135=VECTOR('',#12069,1.);
#12136=LINE('',#11995,#12135);
#12137=EDGE_CURVE('',#11996,#11998,#12136,.T.);
#12138=ORIENTED_EDGE('',*,*,#12137,.T.);
#12139=VECTOR('',#12074,1.);
#12140=LINE('',#11997,#12139);
#12141=EDGE_CURVE('',#11998,#11936,#12140,.T.);
#12142=ORIENTED_EDGE('',*,*,#12141,.T.);
#12143=EDGE_LOOP('',(#12003,#12008,#12013,#12018,#12023,#12028,#12033,#12038,#12043,#12048,#12053,#12058,#12063,#12068,#12073,#12078,#12082,#12086,#12090,#12094,#12098,#12102,#12106,#12110,#12114,#12118,#12122,#12126,#12130,#12134,#12138,#12142));
#12144=FACE_OUTER_BOUND('',#12143,.T.);
#12145=AXIS2_PLACEMENT_3D('',#11935,#1515,#87);
#12146=PLANE('',#12145);
#12147=ADVANCED_FACE('',(#12144),#12146,.T.);
#12148=CARTESIAN_POINT('',(-7.6954503,-8.26456323,-1.2));
#12149=VERTEX_POINT('',#12148);
#12150=CARTESIAN_POINT('',(-7.73528433,-8.3958784,-1.2));
#12151=VERTEX_POINT('',#12150);
#12152=CARTESIAN_POINT('',(-7.79997127,-8.51689916,-1.2));
#12153=VERTEX_POINT('',#12152);
#12154=CARTESIAN_POINT('',(-7.88702525,-8.62297475,-1.2));
#12155=VERTEX_POINT('',#12154);
#12156=CARTESIAN_POINT('',(-7.99310084,-8.71002873,-1.2));
#12157=VERTEX_POINT('',#12156);
#12158=CARTESIAN_POINT('',(-8.1141216,-8.77471567,-1.2));
#12159=VERTEX_POINT('',#12158);
#12160=CARTESIAN_POINT('',(-8.24543677,-8.8145497,-1.2));
#12161=VERTEX_POINT('',#12160);
#12162=CARTESIAN_POINT('',(-8.382,-8.828,-1.2));
#12163=VERTEX_POINT('',#12162);
#12164=CARTESIAN_POINT('',(-8.51856323,-8.8145497,-1.2));
#12165=VERTEX_POINT('',#12164);
#12166=CARTESIAN_POINT('',(-8.6498784,-8.77471567,-1.2));
#12167=VERTEX_POINT('',#12166);
#12168=CARTESIAN_POINT('',(-8.77089916,-8.71002873,-1.2));
#12169=VERTEX_POINT('',#12168);
#12170=CARTESIAN_POINT('',(-8.87697475,-8.62297475,-1.2));
#12171=VERTEX_POINT('',#12170);
#12172=CARTESIAN_POINT('',(-8.96402873,-8.51689916,-1.2));
#12173=VERTEX_POINT('',#12172);
#12174=CARTESIAN_POINT('',(-9.02871567,-8.3958784,-1.2));
#12175=VERTEX_POINT('',#12174);
#12176=CARTESIAN_POINT('',(-9.0685497,-8.26456323,-1.2));
#12177=VERTEX_POINT('',#12176);
#12178=CARTESIAN_POINT('',(-9.082,-8.128,-1.2));
#12179=VERTEX_POINT('',#12178);
#12180=CARTESIAN_POINT('',(-9.0685497,-7.99143677,-1.2));
#12181=VERTEX_POINT('',#12180);
#12182=CARTESIAN_POINT('',(-9.02871567,-7.8601216,-1.2));
#12183=VERTEX_POINT('',#12182);
#12184=CARTESIAN_POINT('',(-8.96402873,-7.73910084,-1.2));
#12185=VERTEX_POINT('',#12184);
#12186=CARTESIAN_POINT('',(-8.87697475,-7.63302525,-1.2));
#12187=VERTEX_POINT('',#12186);
#12188=CARTESIAN_POINT('',(-8.77089916,-7.54597127,-1.2));
#12189=VERTEX_POINT('',#12188);
#12190=CARTESIAN_POINT('',(-8.6498784,-7.48128433,-1.2));
#12191=VERTEX_POINT('',#12190);
#12192=CARTESIAN_POINT('',(-8.51856323,-7.4414503,-1.2));
#12193=VERTEX_POINT('',#12192);
#12194=CARTESIAN_POINT('',(-8.382,-7.428,-1.2));
#12195=VERTEX_POINT('',#12194);
#12196=CARTESIAN_POINT('',(-8.24543677,-7.4414503,-1.2));
#12197=VERTEX_POINT('',#12196);
#12198=CARTESIAN_POINT('',(-8.1141216,-7.48128433,-1.2));
#12199=VERTEX_POINT('',#12198);
#12200=CARTESIAN_POINT('',(-7.99310084,-7.54597127,-1.2));
#12201=VERTEX_POINT('',#12200);
#12202=CARTESIAN_POINT('',(-7.88702525,-7.63302525,-1.2));
#12203=VERTEX_POINT('',#12202);
#12204=CARTESIAN_POINT('',(-7.79997127,-7.73910084,-1.2));
#12205=VERTEX_POINT('',#12204);
#12206=CARTESIAN_POINT('',(-7.73528433,-7.8601216,-1.2));
#12207=VERTEX_POINT('',#12206);
#12208=CARTESIAN_POINT('',(-7.6954503,-7.99143677,-1.2));
#12209=VERTEX_POINT('',#12208);
#12210=CARTESIAN_POINT('',(-7.682,-8.128,-1.2));
#12211=VERTEX_POINT('',#12210);
#12212=VECTOR('',#12069,1.);
#12213=LINE('',#12150,#12212);
#12214=EDGE_CURVE('',#12151,#12149,#12213,.T.);
#12215=ORIENTED_EDGE('',*,*,#12214,.F.);
#12216=VECTOR('',#12064,1.);
#12217=LINE('',#12152,#12216);
#12218=EDGE_CURVE('',#12153,#12151,#12217,.T.);
#12219=ORIENTED_EDGE('',*,*,#12218,.F.);
#12220=VECTOR('',#12059,1.);
#12221=LINE('',#12154,#12220);
#12222=EDGE_CURVE('',#12155,#12153,#12221,.T.);
#12223=ORIENTED_EDGE('',*,*,#12222,.F.);
#12224=VECTOR('',#12054,1.);
#12225=LINE('',#12156,#12224);
#12226=EDGE_CURVE('',#12157,#12155,#12225,.T.);
#12227=ORIENTED_EDGE('',*,*,#12226,.F.);
#12228=VECTOR('',#12049,1.);
#12229=LINE('',#12158,#12228);
#12230=EDGE_CURVE('',#12159,#12157,#12229,.T.);
#12231=ORIENTED_EDGE('',*,*,#12230,.F.);
#12232=VECTOR('',#12044,1.);
#12233=LINE('',#12160,#12232);
#12234=EDGE_CURVE('',#12161,#12159,#12233,.T.);
#12235=ORIENTED_EDGE('',*,*,#12234,.F.);
#12236=VECTOR('',#12039,1.);
#12237=LINE('',#12162,#12236);
#12238=EDGE_CURVE('',#12163,#12161,#12237,.T.);
#12239=ORIENTED_EDGE('',*,*,#12238,.F.);
#12240=VECTOR('',#12034,1.);
#12241=LINE('',#12164,#12240);
#12242=EDGE_CURVE('',#12165,#12163,#12241,.T.);
#12243=ORIENTED_EDGE('',*,*,#12242,.F.);
#12244=VECTOR('',#12029,1.);
#12245=LINE('',#12166,#12244);
#12246=EDGE_CURVE('',#12167,#12165,#12245,.T.);
#12247=ORIENTED_EDGE('',*,*,#12246,.F.);
#12248=VECTOR('',#12024,1.);
#12249=LINE('',#12168,#12248);
#12250=EDGE_CURVE('',#12169,#12167,#12249,.T.);
#12251=ORIENTED_EDGE('',*,*,#12250,.F.);
#12252=VECTOR('',#12019,1.);
#12253=LINE('',#12170,#12252);
#12254=EDGE_CURVE('',#12171,#12169,#12253,.T.);
#12255=ORIENTED_EDGE('',*,*,#12254,.F.);
#12256=VECTOR('',#12014,1.);
#12257=LINE('',#12172,#12256);
#12258=EDGE_CURVE('',#12173,#12171,#12257,.T.);
#12259=ORIENTED_EDGE('',*,*,#12258,.F.);
#12260=VECTOR('',#12009,1.);
#12261=LINE('',#12174,#12260);
#12262=EDGE_CURVE('',#12175,#12173,#12261,.T.);
#12263=ORIENTED_EDGE('',*,*,#12262,.F.);
#12264=VECTOR('',#12004,1.);
#12265=LINE('',#12176,#12264);
#12266=EDGE_CURVE('',#12177,#12175,#12265,.T.);
#12267=ORIENTED_EDGE('',*,*,#12266,.F.);
#12268=VECTOR('',#11999,1.);
#12269=LINE('',#12178,#12268);
#12270=EDGE_CURVE('',#12179,#12177,#12269,.T.);
#12271=ORIENTED_EDGE('',*,*,#12270,.F.);
#12272=VECTOR('',#12074,1.);
#12273=LINE('',#12178,#12272);
#12274=EDGE_CURVE('',#12179,#12181,#12273,.T.);
#12275=ORIENTED_EDGE('',*,*,#12274,.T.);
#12276=VECTOR('',#12069,1.);
#12277=LINE('',#12180,#12276);
#12278=EDGE_CURVE('',#12181,#12183,#12277,.T.);
#12279=ORIENTED_EDGE('',*,*,#12278,.T.);
#12280=VECTOR('',#12064,1.);
#12281=LINE('',#12182,#12280);
#12282=EDGE_CURVE('',#12183,#12185,#12281,.T.);
#12283=ORIENTED_EDGE('',*,*,#12282,.T.);
#12284=VECTOR('',#12059,1.);
#12285=LINE('',#12184,#12284);
#12286=EDGE_CURVE('',#12185,#12187,#12285,.T.);
#12287=ORIENTED_EDGE('',*,*,#12286,.T.);
#12288=VECTOR('',#12054,1.);
#12289=LINE('',#12186,#12288);
#12290=EDGE_CURVE('',#12187,#12189,#12289,.T.);
#12291=ORIENTED_EDGE('',*,*,#12290,.T.);
#12292=VECTOR('',#12049,1.);
#12293=LINE('',#12188,#12292);
#12294=EDGE_CURVE('',#12189,#12191,#12293,.T.);
#12295=ORIENTED_EDGE('',*,*,#12294,.T.);
#12296=VECTOR('',#12044,1.);
#12297=LINE('',#12190,#12296);
#12298=EDGE_CURVE('',#12191,#12193,#12297,.T.);
#12299=ORIENTED_EDGE('',*,*,#12298,.T.);
#12300=VECTOR('',#12039,1.);
#12301=LINE('',#12192,#12300);
#12302=EDGE_CURVE('',#12193,#12195,#12301,.T.);
#12303=ORIENTED_EDGE('',*,*,#12302,.T.);
#12304=VECTOR('',#12034,1.);
#12305=LINE('',#12194,#12304);
#12306=EDGE_CURVE('',#12195,#12197,#12305,.T.);
#12307=ORIENTED_EDGE('',*,*,#12306,.T.);
#12308=VECTOR('',#12029,1.);
#12309=LINE('',#12196,#12308);
#12310=EDGE_CURVE('',#12197,#12199,#12309,.T.);
#12311=ORIENTED_EDGE('',*,*,#12310,.T.);
#12312=VECTOR('',#12024,1.);
#12313=LINE('',#12198,#12312);
#12314=EDGE_CURVE('',#12199,#12201,#12313,.T.);
#12315=ORIENTED_EDGE('',*,*,#12314,.T.);
#12316=VECTOR('',#12019,1.);
#12317=LINE('',#12200,#12316);
#12318=EDGE_CURVE('',#12201,#12203,#12317,.T.);
#12319=ORIENTED_EDGE('',*,*,#12318,.T.);
#12320=VECTOR('',#12014,1.);
#12321=LINE('',#12202,#12320);
#12322=EDGE_CURVE('',#12203,#12205,#12321,.T.);
#12323=ORIENTED_EDGE('',*,*,#12322,.T.);
#12324=VECTOR('',#12009,1.);
#12325=LINE('',#12204,#12324);
#12326=EDGE_CURVE('',#12205,#12207,#12325,.T.);
#12327=ORIENTED_EDGE('',*,*,#12326,.T.);
#12328=VECTOR('',#12004,1.);
#12329=LINE('',#12206,#12328);
#12330=EDGE_CURVE('',#12207,#12209,#12329,.T.);
#12331=ORIENTED_EDGE('',*,*,#12330,.T.);
#12332=VECTOR('',#11999,1.);
#12333=LINE('',#12208,#12332);
#12334=EDGE_CURVE('',#12209,#12211,#12333,.T.);
#12335=ORIENTED_EDGE('',*,*,#12334,.T.);
#12336=VECTOR('',#12074,1.);
#12337=LINE('',#12148,#12336);
#12338=EDGE_CURVE('',#12149,#12211,#12337,.T.);
#12339=ORIENTED_EDGE('',*,*,#12338,.F.);
#12340=EDGE_LOOP('',(#12215,#12219,#12223,#12227,#12231,#12235,#12239,#12243,#12247,#12251,#12255,#12259,#12263,#12267,#12271,#12275,#12279,#12283,#12287,#12291,#12295,#12299,#12303,#12307,#12311,#12315,#12319,#12323,#12327,#12331,#12335,#12339));
#12341=FACE_OUTER_BOUND('',#12340,.T.);
#12342=AXIS2_PLACEMENT_3D('',#12148,#3011,#3012);
#12343=PLANE('',#12342);
#12344=ADVANCED_FACE('',(#12341),#12343,.T.);
#12345=ORIENTED_EDGE('',*,*,#12334,.F.);
#12346=VECTOR('',#1515,1.);
#12347=LINE('',#12208,#12346);
#12348=EDGE_CURVE('',#12209,#11938,#12347,.T.);
#12349=ORIENTED_EDGE('',*,*,#12348,.T.);
#12350=ORIENTED_EDGE('',*,*,#12002,.T.);
#12351=VECTOR('',#1515,1.);
#12352=LINE('',#12210,#12351);
#12353=EDGE_CURVE('',#12211,#11936,#12352,.T.);
#12354=ORIENTED_EDGE('',*,*,#12353,.F.);
#12355=EDGE_LOOP('',(#12345,#12349,#12350,#12354));
#12356=FACE_OUTER_BOUND('',#12355,.T.);
#12357=DIRECTION('',(0.995184727,0.0980171403,0.));
#12358=DIRECTION('',(0.0980171403,-0.995184727,0.));
#12359=AXIS2_PLACEMENT_3D('',#12210,#12357,#12358);
#12360=PLANE('',#12359);
#12361=ADVANCED_FACE('',(#12356),#12360,.T.);
#12362=ORIENTED_EDGE('',*,*,#12330,.F.);
#12363=VECTOR('',#1515,1.);
#12364=LINE('',#12206,#12363);
#12365=EDGE_CURVE('',#12207,#11940,#12364,.T.);
#12366=ORIENTED_EDGE('',*,*,#12365,.T.);
#12367=ORIENTED_EDGE('',*,*,#12007,.T.);
#12368=ORIENTED_EDGE('',*,*,#12348,.F.);
#12369=EDGE_LOOP('',(#12362,#12366,#12367,#12368));
#12370=FACE_OUTER_BOUND('',#12369,.T.);
#12371=DIRECTION('',(0.956940336,0.290284677,0.));
#12372=DIRECTION('',(0.290284677,-0.956940336,0.));
#12373=AXIS2_PLACEMENT_3D('',#12208,#12371,#12372);
#12374=PLANE('',#12373);
#12375=ADVANCED_FACE('',(#12370),#12374,.T.);
#12376=ORIENTED_EDGE('',*,*,#12326,.F.);
#12377=VECTOR('',#1515,1.);
#12378=LINE('',#12204,#12377);
#12379=EDGE_CURVE('',#12205,#11942,#12378,.T.);
#12380=ORIENTED_EDGE('',*,*,#12379,.T.);
#12381=ORIENTED_EDGE('',*,*,#12012,.T.);
#12382=ORIENTED_EDGE('',*,*,#12365,.F.);
#12383=EDGE_LOOP('',(#12376,#12380,#12381,#12382));
#12384=FACE_OUTER_BOUND('',#12383,.T.);
#12385=AXIS2_PLACEMENT_3D('',#12206,#12049,#12009);
#12386=PLANE('',#12385);
#12387=ADVANCED_FACE('',(#12384),#12386,.T.);
#12388=ORIENTED_EDGE('',*,*,#12322,.F.);
#12389=VECTOR('',#1515,1.);
#12390=LINE('',#12202,#12389);
#12391=EDGE_CURVE('',#12203,#11944,#12390,.T.);
#12392=ORIENTED_EDGE('',*,*,#12391,.T.);
#12393=ORIENTED_EDGE('',*,*,#12017,.T.);
#12394=ORIENTED_EDGE('',*,*,#12379,.F.);
#12395=EDGE_LOOP('',(#12388,#12392,#12393,#12394));
#12396=FACE_OUTER_BOUND('',#12395,.T.);
#12397=AXIS2_PLACEMENT_3D('',#12204,#12054,#12014);
#12398=PLANE('',#12397);
#12399=ADVANCED_FACE('',(#12396),#12398,.T.);
#12400=ORIENTED_EDGE('',*,*,#12318,.F.);
#12401=VECTOR('',#1515,1.);
#12402=LINE('',#12200,#12401);
#12403=EDGE_CURVE('',#12201,#11946,#12402,.T.);
#12404=ORIENTED_EDGE('',*,*,#12403,.T.);
#12405=ORIENTED_EDGE('',*,*,#12022,.T.);
#12406=ORIENTED_EDGE('',*,*,#12391,.F.);
#12407=EDGE_LOOP('',(#12400,#12404,#12405,#12406));
#12408=FACE_OUTER_BOUND('',#12407,.T.);
#12409=AXIS2_PLACEMENT_3D('',#12202,#12059,#12019);
#12410=PLANE('',#12409);
#12411=ADVANCED_FACE('',(#12408),#12410,.T.);
#12412=ORIENTED_EDGE('',*,*,#12314,.F.);
#12413=VECTOR('',#1515,1.);
#12414=LINE('',#12198,#12413);
#12415=EDGE_CURVE('',#12199,#11948,#12414,.T.);
#12416=ORIENTED_EDGE('',*,*,#12415,.T.);
#12417=ORIENTED_EDGE('',*,*,#12027,.T.);
#12418=ORIENTED_EDGE('',*,*,#12403,.F.);
#12419=EDGE_LOOP('',(#12412,#12416,#12417,#12418));
#12420=FACE_OUTER_BOUND('',#12419,.T.);
#12421=AXIS2_PLACEMENT_3D('',#12200,#12064,#12024);
#12422=PLANE('',#12421);
#12423=ADVANCED_FACE('',(#12420),#12422,.T.);
#12424=ORIENTED_EDGE('',*,*,#12310,.F.);
#12425=VECTOR('',#1515,1.);
#12426=LINE('',#12196,#12425);
#12427=EDGE_CURVE('',#12197,#11950,#12426,.T.);
#12428=ORIENTED_EDGE('',*,*,#12427,.T.);
#12429=ORIENTED_EDGE('',*,*,#12032,.T.);
#12430=ORIENTED_EDGE('',*,*,#12415,.F.);
#12431=EDGE_LOOP('',(#12424,#12428,#12429,#12430));
#12432=FACE_OUTER_BOUND('',#12431,.T.);
#12433=DIRECTION('',(0.290284677,0.956940336,0.));
#12434=DIRECTION('',(0.956940336,-0.290284677,0.));
#12435=AXIS2_PLACEMENT_3D('',#12198,#12433,#12434);
#12436=PLANE('',#12435);
#12437=ADVANCED_FACE('',(#12432),#12436,.T.);
#12438=ORIENTED_EDGE('',*,*,#12306,.F.);
#12439=VECTOR('',#1515,1.);
#12440=LINE('',#12194,#12439);
#12441=EDGE_CURVE('',#12195,#11952,#12440,.T.);
#12442=ORIENTED_EDGE('',*,*,#12441,.T.);
#12443=ORIENTED_EDGE('',*,*,#12037,.T.);
#12444=ORIENTED_EDGE('',*,*,#12427,.F.);
#12445=EDGE_LOOP('',(#12438,#12442,#12443,#12444));
#12446=FACE_OUTER_BOUND('',#12445,.T.);
#12447=DIRECTION('',(0.0980171403,0.995184727,0.));
#12448=DIRECTION('',(0.995184727,-0.0980171403,0.));
#12449=AXIS2_PLACEMENT_3D('',#12196,#12447,#12448);
#12450=PLANE('',#12449);
#12451=ADVANCED_FACE('',(#12446),#12450,.T.);
#12452=ORIENTED_EDGE('',*,*,#12302,.F.);
#12453=VECTOR('',#1515,1.);
#12454=LINE('',#12192,#12453);
#12455=EDGE_CURVE('',#12193,#11954,#12454,.T.);
#12456=ORIENTED_EDGE('',*,*,#12455,.T.);
#12457=ORIENTED_EDGE('',*,*,#12042,.T.);
#12458=ORIENTED_EDGE('',*,*,#12441,.F.);
#12459=EDGE_LOOP('',(#12452,#12456,#12457,#12458));
#12460=FACE_OUTER_BOUND('',#12459,.T.);
#12461=DIRECTION('',(-0.0980171403,0.995184727,0.));
#12462=AXIS2_PLACEMENT_3D('',#12194,#12461,#12357);
#12463=PLANE('',#12462);
#12464=ADVANCED_FACE('',(#12460),#12463,.T.);
#12465=ORIENTED_EDGE('',*,*,#12298,.F.);
#12466=VECTOR('',#1515,1.);
#12467=LINE('',#12190,#12466);
#12468=EDGE_CURVE('',#12191,#11956,#12467,.T.);
#12469=ORIENTED_EDGE('',*,*,#12468,.T.);
#12470=ORIENTED_EDGE('',*,*,#12047,.T.);
#12471=ORIENTED_EDGE('',*,*,#12455,.F.);
#12472=EDGE_LOOP('',(#12465,#12469,#12470,#12471));
#12473=FACE_OUTER_BOUND('',#12472,.T.);
#12474=DIRECTION('',(-0.290284677,0.956940336,0.));
#12475=AXIS2_PLACEMENT_3D('',#12192,#12474,#12371);
#12476=PLANE('',#12475);
#12477=ADVANCED_FACE('',(#12473),#12476,.T.);
#12478=ORIENTED_EDGE('',*,*,#12294,.F.);
#12479=VECTOR('',#1515,1.);
#12480=LINE('',#12188,#12479);
#12481=EDGE_CURVE('',#12189,#11958,#12480,.T.);
#12482=ORIENTED_EDGE('',*,*,#12481,.T.);
#12483=ORIENTED_EDGE('',*,*,#12052,.T.);
#12484=ORIENTED_EDGE('',*,*,#12468,.F.);
#12485=EDGE_LOOP('',(#12478,#12482,#12483,#12484));
#12486=FACE_OUTER_BOUND('',#12485,.T.);
#12487=DIRECTION('',(-0.471396737,0.881921264,0.));
#12488=AXIS2_PLACEMENT_3D('',#12190,#12487,#12049);
#12489=PLANE('',#12488);
#12490=ADVANCED_FACE('',(#12486),#12489,.T.);
#12491=ORIENTED_EDGE('',*,*,#12290,.F.);
#12492=VECTOR('',#1515,1.);
#12493=LINE('',#12186,#12492);
#12494=EDGE_CURVE('',#12187,#11960,#12493,.T.);
#12495=ORIENTED_EDGE('',*,*,#12494,.T.);
#12496=ORIENTED_EDGE('',*,*,#12057,.T.);
#12497=ORIENTED_EDGE('',*,*,#12481,.F.);
#12498=EDGE_LOOP('',(#12491,#12495,#12496,#12497));
#12499=FACE_OUTER_BOUND('',#12498,.T.);
#12500=DIRECTION('',(-0.634393284,0.773010453,0.));
#12501=AXIS2_PLACEMENT_3D('',#12188,#12500,#12054);
#12502=PLANE('',#12501);
#12503=ADVANCED_FACE('',(#12499),#12502,.T.);
#12504=ORIENTED_EDGE('',*,*,#12286,.F.);
#12505=VECTOR('',#1515,1.);
#12506=LINE('',#12184,#12505);
#12507=EDGE_CURVE('',#12185,#11962,#12506,.T.);
#12508=ORIENTED_EDGE('',*,*,#12507,.T.);
#12509=ORIENTED_EDGE('',*,*,#12062,.T.);
#12510=ORIENTED_EDGE('',*,*,#12494,.F.);
#12511=EDGE_LOOP('',(#12504,#12508,#12509,#12510));
#12512=FACE_OUTER_BOUND('',#12511,.T.);
#12513=DIRECTION('',(-0.773010453,0.634393284,0.));
#12514=AXIS2_PLACEMENT_3D('',#12186,#12513,#12059);
#12515=PLANE('',#12514);
#12516=ADVANCED_FACE('',(#12512),#12515,.T.);
#12517=ORIENTED_EDGE('',*,*,#12282,.F.);
#12518=VECTOR('',#1515,1.);
#12519=LINE('',#12182,#12518);
#12520=EDGE_CURVE('',#12183,#11964,#12519,.T.);
#12521=ORIENTED_EDGE('',*,*,#12520,.T.);
#12522=ORIENTED_EDGE('',*,*,#12067,.T.);
#12523=ORIENTED_EDGE('',*,*,#12507,.F.);
#12524=EDGE_LOOP('',(#12517,#12521,#12522,#12523));
#12525=FACE_OUTER_BOUND('',#12524,.T.);
#12526=DIRECTION('',(-0.881921264,0.471396737,0.));
#12527=AXIS2_PLACEMENT_3D('',#12184,#12526,#12064);
#12528=PLANE('',#12527);
#12529=ADVANCED_FACE('',(#12525),#12528,.T.);
#12530=ORIENTED_EDGE('',*,*,#12278,.F.);
#12531=VECTOR('',#1515,1.);
#12532=LINE('',#12180,#12531);
#12533=EDGE_CURVE('',#12181,#11966,#12532,.T.);
#12534=ORIENTED_EDGE('',*,*,#12533,.T.);
#12535=ORIENTED_EDGE('',*,*,#12072,.T.);
#12536=ORIENTED_EDGE('',*,*,#12520,.F.);
#12537=EDGE_LOOP('',(#12530,#12534,#12535,#12536));
#12538=FACE_OUTER_BOUND('',#12537,.T.);
#12539=DIRECTION('',(-0.956940336,0.290284677,0.));
#12540=AXIS2_PLACEMENT_3D('',#12182,#12539,#12433);
#12541=PLANE('',#12540);
#12542=ADVANCED_FACE('',(#12538),#12541,.T.);
#12543=ORIENTED_EDGE('',*,*,#12274,.F.);
#12544=VECTOR('',#1515,1.);
#12545=LINE('',#12178,#12544);
#12546=EDGE_CURVE('',#12179,#11968,#12545,.T.);
#12547=ORIENTED_EDGE('',*,*,#12546,.T.);
#12548=ORIENTED_EDGE('',*,*,#12077,.T.);
#12549=ORIENTED_EDGE('',*,*,#12533,.F.);
#12550=EDGE_LOOP('',(#12543,#12547,#12548,#12549));
#12551=FACE_OUTER_BOUND('',#12550,.T.);
#12552=DIRECTION('',(-0.995184727,0.0980171403,0.));
#12553=AXIS2_PLACEMENT_3D('',#12180,#12552,#12447);
#12554=PLANE('',#12553);
#12555=ADVANCED_FACE('',(#12551),#12554,.T.);
#12556=ORIENTED_EDGE('',*,*,#12270,.T.);
#12557=VECTOR('',#1515,1.);
#12558=LINE('',#12176,#12557);
#12559=EDGE_CURVE('',#12177,#11970,#12558,.T.);
#12560=ORIENTED_EDGE('',*,*,#12559,.T.);
#12561=ORIENTED_EDGE('',*,*,#12081,.F.);
#12562=ORIENTED_EDGE('',*,*,#12546,.F.);
#12563=EDGE_LOOP('',(#12556,#12560,#12561,#12562));
#12564=FACE_OUTER_BOUND('',#12563,.T.);
#12565=DIRECTION('',(-0.995184727,-0.0980171403,0.));
#12566=AXIS2_PLACEMENT_3D('',#12178,#12565,#12461);
#12567=PLANE('',#12566);
#12568=ADVANCED_FACE('',(#12564),#12567,.T.);
#12569=ORIENTED_EDGE('',*,*,#12266,.T.);
#12570=VECTOR('',#1515,1.);
#12571=LINE('',#12174,#12570);
#12572=EDGE_CURVE('',#12175,#11972,#12571,.T.);
#12573=ORIENTED_EDGE('',*,*,#12572,.T.);
#12574=ORIENTED_EDGE('',*,*,#12085,.F.);
#12575=ORIENTED_EDGE('',*,*,#12559,.F.);
#12576=EDGE_LOOP('',(#12569,#12573,#12574,#12575));
#12577=FACE_OUTER_BOUND('',#12576,.T.);
#12578=DIRECTION('',(-0.956940336,-0.290284677,0.));
#12579=AXIS2_PLACEMENT_3D('',#12176,#12578,#12474);
#12580=PLANE('',#12579);
#12581=ADVANCED_FACE('',(#12577),#12580,.T.);
#12582=ORIENTED_EDGE('',*,*,#12262,.T.);
#12583=VECTOR('',#1515,1.);
#12584=LINE('',#12172,#12583);
#12585=EDGE_CURVE('',#12173,#11974,#12584,.T.);
#12586=ORIENTED_EDGE('',*,*,#12585,.T.);
#12587=ORIENTED_EDGE('',*,*,#12089,.F.);
#12588=ORIENTED_EDGE('',*,*,#12572,.F.);
#12589=EDGE_LOOP('',(#12582,#12586,#12587,#12588));
#12590=FACE_OUTER_BOUND('',#12589,.T.);
#12591=DIRECTION('',(-0.881921264,-0.471396737,0.));
#12592=AXIS2_PLACEMENT_3D('',#12174,#12591,#12487);
#12593=PLANE('',#12592);
#12594=ADVANCED_FACE('',(#12590),#12593,.T.);
#12595=ORIENTED_EDGE('',*,*,#12258,.T.);
#12596=VECTOR('',#1515,1.);
#12597=LINE('',#12170,#12596);
#12598=EDGE_CURVE('',#12171,#11976,#12597,.T.);
#12599=ORIENTED_EDGE('',*,*,#12598,.T.);
#12600=ORIENTED_EDGE('',*,*,#12093,.F.);
#12601=ORIENTED_EDGE('',*,*,#12585,.F.);
#12602=EDGE_LOOP('',(#12595,#12599,#12600,#12601));
#12603=FACE_OUTER_BOUND('',#12602,.T.);
#12604=DIRECTION('',(-0.773010453,-0.634393284,0.));
#12605=AXIS2_PLACEMENT_3D('',#12172,#12604,#12500);
#12606=PLANE('',#12605);
#12607=ADVANCED_FACE('',(#12603),#12606,.T.);
#12608=ORIENTED_EDGE('',*,*,#12254,.T.);
#12609=VECTOR('',#1515,1.);
#12610=LINE('',#12168,#12609);
#12611=EDGE_CURVE('',#12169,#11978,#12610,.T.);
#12612=ORIENTED_EDGE('',*,*,#12611,.T.);
#12613=ORIENTED_EDGE('',*,*,#12097,.F.);
#12614=ORIENTED_EDGE('',*,*,#12598,.F.);
#12615=EDGE_LOOP('',(#12608,#12612,#12613,#12614));
#12616=FACE_OUTER_BOUND('',#12615,.T.);
#12617=DIRECTION('',(-0.634393284,-0.773010453,0.));
#12618=AXIS2_PLACEMENT_3D('',#12170,#12617,#12513);
#12619=PLANE('',#12618);
#12620=ADVANCED_FACE('',(#12616),#12619,.T.);
#12621=ORIENTED_EDGE('',*,*,#12250,.T.);
#12622=VECTOR('',#1515,1.);
#12623=LINE('',#12166,#12622);
#12624=EDGE_CURVE('',#12167,#11980,#12623,.T.);
#12625=ORIENTED_EDGE('',*,*,#12624,.T.);
#12626=ORIENTED_EDGE('',*,*,#12101,.F.);
#12627=ORIENTED_EDGE('',*,*,#12611,.F.);
#12628=EDGE_LOOP('',(#12621,#12625,#12626,#12627));
#12629=FACE_OUTER_BOUND('',#12628,.T.);
#12630=DIRECTION('',(-0.471396737,-0.881921264,0.));
#12631=AXIS2_PLACEMENT_3D('',#12168,#12630,#12526);
#12632=PLANE('',#12631);
#12633=ADVANCED_FACE('',(#12629),#12632,.T.);
#12634=ORIENTED_EDGE('',*,*,#12246,.T.);
#12635=VECTOR('',#1515,1.);
#12636=LINE('',#12164,#12635);
#12637=EDGE_CURVE('',#12165,#11982,#12636,.T.);
#12638=ORIENTED_EDGE('',*,*,#12637,.T.);
#12639=ORIENTED_EDGE('',*,*,#12105,.F.);
#12640=ORIENTED_EDGE('',*,*,#12624,.F.);
#12641=EDGE_LOOP('',(#12634,#12638,#12639,#12640));
#12642=FACE_OUTER_BOUND('',#12641,.T.);
#12643=DIRECTION('',(-0.290284677,-0.956940336,0.));
#12644=AXIS2_PLACEMENT_3D('',#12166,#12643,#12539);
#12645=PLANE('',#12644);
#12646=ADVANCED_FACE('',(#12642),#12645,.T.);
#12647=ORIENTED_EDGE('',*,*,#12242,.T.);
#12648=VECTOR('',#1515,1.);
#12649=LINE('',#12162,#12648);
#12650=EDGE_CURVE('',#12163,#11984,#12649,.T.);
#12651=ORIENTED_EDGE('',*,*,#12650,.T.);
#12652=ORIENTED_EDGE('',*,*,#12109,.F.);
#12653=ORIENTED_EDGE('',*,*,#12637,.F.);
#12654=EDGE_LOOP('',(#12647,#12651,#12652,#12653));
#12655=FACE_OUTER_BOUND('',#12654,.T.);
#12656=DIRECTION('',(-0.0980171403,-0.995184727,0.));
#12657=AXIS2_PLACEMENT_3D('',#12164,#12656,#12552);
#12658=PLANE('',#12657);
#12659=ADVANCED_FACE('',(#12655),#12658,.T.);
#12660=ORIENTED_EDGE('',*,*,#12238,.T.);
#12661=VECTOR('',#1515,1.);
#12662=LINE('',#12160,#12661);
#12663=EDGE_CURVE('',#12161,#11986,#12662,.T.);
#12664=ORIENTED_EDGE('',*,*,#12663,.T.);
#12665=ORIENTED_EDGE('',*,*,#12113,.F.);
#12666=ORIENTED_EDGE('',*,*,#12650,.F.);
#12667=EDGE_LOOP('',(#12660,#12664,#12665,#12666));
#12668=FACE_OUTER_BOUND('',#12667,.T.);
#12669=AXIS2_PLACEMENT_3D('',#12162,#12358,#12565);
#12670=PLANE('',#12669);
#12671=ADVANCED_FACE('',(#12668),#12670,.T.);
#12672=ORIENTED_EDGE('',*,*,#12234,.T.);
#12673=VECTOR('',#1515,1.);
#12674=LINE('',#12158,#12673);
#12675=EDGE_CURVE('',#12159,#11988,#12674,.T.);
#12676=ORIENTED_EDGE('',*,*,#12675,.T.);
#12677=ORIENTED_EDGE('',*,*,#12117,.F.);
#12678=ORIENTED_EDGE('',*,*,#12663,.F.);
#12679=EDGE_LOOP('',(#12672,#12676,#12677,#12678));
#12680=FACE_OUTER_BOUND('',#12679,.T.);
#12681=AXIS2_PLACEMENT_3D('',#12160,#12372,#12578);
#12682=PLANE('',#12681);
#12683=ADVANCED_FACE('',(#12680),#12682,.T.);
#12684=ORIENTED_EDGE('',*,*,#12230,.T.);
#12685=VECTOR('',#1515,1.);
#12686=LINE('',#12156,#12685);
#12687=EDGE_CURVE('',#12157,#11990,#12686,.T.);
#12688=ORIENTED_EDGE('',*,*,#12687,.T.);
#12689=ORIENTED_EDGE('',*,*,#12121,.F.);
#12690=ORIENTED_EDGE('',*,*,#12675,.F.);
#12691=EDGE_LOOP('',(#12684,#12688,#12689,#12690));
#12692=FACE_OUTER_BOUND('',#12691,.T.);
#12693=AXIS2_PLACEMENT_3D('',#12158,#12009,#12591);
#12694=PLANE('',#12693);
#12695=ADVANCED_FACE('',(#12692),#12694,.T.);
#12696=ORIENTED_EDGE('',*,*,#12226,.T.);
#12697=VECTOR('',#1515,1.);
#12698=LINE('',#12154,#12697);
#12699=EDGE_CURVE('',#12155,#11992,#12698,.T.);
#12700=ORIENTED_EDGE('',*,*,#12699,.T.);
#12701=ORIENTED_EDGE('',*,*,#12125,.F.);
#12702=ORIENTED_EDGE('',*,*,#12687,.F.);
#12703=EDGE_LOOP('',(#12696,#12700,#12701,#12702));
#12704=FACE_OUTER_BOUND('',#12703,.T.);
#12705=AXIS2_PLACEMENT_3D('',#12156,#12014,#12604);
#12706=PLANE('',#12705);
#12707=ADVANCED_FACE('',(#12704),#12706,.T.);
#12708=ORIENTED_EDGE('',*,*,#12222,.T.);
#12709=VECTOR('',#1515,1.);
#12710=LINE('',#12152,#12709);
#12711=EDGE_CURVE('',#12153,#11994,#12710,.T.);
#12712=ORIENTED_EDGE('',*,*,#12711,.T.);
#12713=ORIENTED_EDGE('',*,*,#12129,.F.);
#12714=ORIENTED_EDGE('',*,*,#12699,.F.);
#12715=EDGE_LOOP('',(#12708,#12712,#12713,#12714));
#12716=FACE_OUTER_BOUND('',#12715,.T.);
#12717=AXIS2_PLACEMENT_3D('',#12154,#12019,#12617);
#12718=PLANE('',#12717);
#12719=ADVANCED_FACE('',(#12716),#12718,.T.);
#12720=ORIENTED_EDGE('',*,*,#12218,.T.);
#12721=VECTOR('',#1515,1.);
#12722=LINE('',#12150,#12721);
#12723=EDGE_CURVE('',#12151,#11996,#12722,.T.);
#12724=ORIENTED_EDGE('',*,*,#12723,.T.);
#12725=ORIENTED_EDGE('',*,*,#12133,.F.);
#12726=ORIENTED_EDGE('',*,*,#12711,.F.);
#12727=EDGE_LOOP('',(#12720,#12724,#12725,#12726));
#12728=FACE_OUTER_BOUND('',#12727,.T.);
#12729=AXIS2_PLACEMENT_3D('',#12152,#12024,#12630);
#12730=PLANE('',#12729);
#12731=ADVANCED_FACE('',(#12728),#12730,.T.);
#12732=ORIENTED_EDGE('',*,*,#12214,.T.);
#12733=VECTOR('',#1515,1.);
#12734=LINE('',#12148,#12733);
#12735=EDGE_CURVE('',#12149,#11998,#12734,.T.);
#12736=ORIENTED_EDGE('',*,*,#12735,.T.);
#12737=ORIENTED_EDGE('',*,*,#12137,.F.);
#12738=ORIENTED_EDGE('',*,*,#12723,.F.);
#12739=EDGE_LOOP('',(#12732,#12736,#12737,#12738));
#12740=FACE_OUTER_BOUND('',#12739,.T.);
#12741=AXIS2_PLACEMENT_3D('',#12150,#12434,#12643);
#12742=PLANE('',#12741);
#12743=ADVANCED_FACE('',(#12740),#12742,.T.);
#12744=ORIENTED_EDGE('',*,*,#12338,.T.);
#12745=ORIENTED_EDGE('',*,*,#12353,.T.);
#12746=ORIENTED_EDGE('',*,*,#12141,.F.);
#12747=ORIENTED_EDGE('',*,*,#12735,.F.);
#12748=EDGE_LOOP('',(#12744,#12745,#12746,#12747));
#12749=FACE_OUTER_BOUND('',#12748,.T.);
#12750=AXIS2_PLACEMENT_3D('',#12148,#12448,#12656);
#12751=PLANE('',#12750);
#12752=ADVANCED_FACE('',(#12749),#12751,.T.);
#12753=CLOSED_SHELL('',(#12147,#12344,#12361,#12375,#12387,#12399,#12411,#12423,#12437,#12451,#12464,#12477,#12490,#12503,#12516,#12529,#12542,#12555,#12568,#12581,#12594,#12607,#12620,#12633,#12646,#12659,#12671,#12683,#12695,#12707,#12719,#12731,#12743,#12752));
#12754=MANIFOLD_SOLID_BREP('locating_pin_1',#12753);
#12755=CARTESIAN_POINT('',(8.828,8.382,2.9));
#12756=VERTEX_POINT('',#12755);
#12757=CARTESIAN_POINT('',(8.8145497,8.51856323,2.9));
#12758=VERTEX_POINT('',#12757);
#12759=CARTESIAN_POINT('',(8.77471567,8.6498784,2.9));
#12760=VERTEX_POINT('',#12759);
#12761=CARTESIAN_POINT('',(8.71002873,8.77089916,2.9));
#12762=VERTEX_POINT('',#12761);
#12763=CARTESIAN_POINT('',(8.62297475,8.87697475,2.9));
#12764=VERTEX_POINT('',#12763);
#12765=CARTESIAN_POINT('',(8.51689916,8.96402873,2.9));
#12766=VERTEX_POINT('',#12765);
#12767=CARTESIAN_POINT('',(8.3958784,9.02871567,2.9));
#12768=VERTEX_POINT('',#12767);
#12769=CARTESIAN_POINT('',(8.26456323,9.0685497,2.9));
#12770=VERTEX_POINT('',#12769);
#12771=CARTESIAN_POINT('',(8.128,9.082,2.9));
#12772=VERTEX_POINT('',#12771);
#12773=CARTESIAN_POINT('',(7.99143677,9.0685497,2.9));
#12774=VERTEX_POINT('',#12773);
#12775=CARTESIAN_POINT('',(7.8601216,9.02871567,2.9));
#12776=VERTEX_POINT('',#12775);
#12777=CARTESIAN_POINT('',(7.73910084,8.96402873,2.9));
#12778=VERTEX_POINT('',#12777);
#12779=CARTESIAN_POINT('',(7.63302525,8.87697475,2.9));
#12780=VERTEX_POINT('',#12779);
#12781=CARTESIAN_POINT('',(7.54597127,8.77089916,2.9));
#12782=VERTEX_POINT('',#12781);
#12783=CARTESIAN_POINT('',(7.48128433,8.6498784,2.9));
#12784=VERTEX_POINT('',#12783);
#12785=CARTESIAN_POINT('',(7.4414503,8.51856323,2.9));
#12786=VERTEX_POINT('',#12785);
#12787=CARTESIAN_POINT('',(7.428,8.382,2.9));
#12788=VERTEX_POINT('',#12787);
#12789=CARTESIAN_POINT('',(7.4414503,8.24543677,2.9));
#12790=VERTEX_POINT('',#12789);
#12791=CARTESIAN_POINT('',(7.48128433,8.1141216,2.9));
#12792=VERTEX_POINT('',#12791);
#12793=CARTESIAN_POINT('',(7.54597127,7.99310084,2.9));
#12794=VERTEX_POINT('',#12793);
#12795=CARTESIAN_POINT('',(7.63302525,7.88702525,2.9));
#12796=VERTEX_POINT('',#12795);
#12797=CARTESIAN_POINT('',(7.73910084,7.79997127,2.9));
#12798=VERTEX_POINT('',#12797);
#12799=CARTESIAN_POINT('',(7.8601216,7.73528433,2.9));
#12800=VERTEX_POINT('',#12799);
#12801=CARTESIAN_POINT('',(7.99143677,7.6954503,2.9));
#12802=VERTEX_POINT('',#12801);
#12803=CARTESIAN_POINT('',(8.128,7.682,2.9));
#12804=VERTEX_POINT('',#12803);
#12805=CARTESIAN_POINT('',(8.26456323,7.6954503,2.9));
#12806=VERTEX_POINT('',#12805);
#12807=CARTESIAN_POINT('',(8.3958784,7.73528433,2.9));
#12808=VERTEX_POINT('',#12807);
#12809=CARTESIAN_POINT('',(8.51689916,7.79997127,2.9));
#12810=VERTEX_POINT('',#12809);
#12811=CARTESIAN_POINT('',(8.62297475,7.88702525,2.9));
#12812=VERTEX_POINT('',#12811);
#12813=CARTESIAN_POINT('',(8.71002873,7.99310084,2.9));
#12814=VERTEX_POINT('',#12813);
#12815=CARTESIAN_POINT('',(8.77471567,8.1141216,2.9));
#12816=VERTEX_POINT('',#12815);
#12817=CARTESIAN_POINT('',(8.8145497,8.24543677,2.9));
#12818=VERTEX_POINT('',#12817);
#12819=VECTOR('',#11999,1.);
#12820=LINE('',#12757,#12819);
#12821=EDGE_CURVE('',#12758,#12756,#12820,.T.);
#12822=ORIENTED_EDGE('',*,*,#12821,.F.);
#12823=VECTOR('',#12004,1.);
#12824=LINE('',#12759,#12823);
#12825=EDGE_CURVE('',#12760,#12758,#12824,.T.);
#12826=ORIENTED_EDGE('',*,*,#12825,.F.);
#12827=VECTOR('',#12009,1.);
#12828=LINE('',#12761,#12827);
#12829=EDGE_CURVE('',#12762,#12760,#12828,.T.);
#12830=ORIENTED_EDGE('',*,*,#12829,.F.);
#12831=VECTOR('',#12014,1.);
#12832=LINE('',#12763,#12831);
#12833=EDGE_CURVE('',#12764,#12762,#12832,.T.);
#12834=ORIENTED_EDGE('',*,*,#12833,.F.);
#12835=VECTOR('',#12019,1.);
#12836=LINE('',#12765,#12835);
#12837=EDGE_CURVE('',#12766,#12764,#12836,.T.);
#12838=ORIENTED_EDGE('',*,*,#12837,.F.);
#12839=VECTOR('',#12024,1.);
#12840=LINE('',#12767,#12839);
#12841=EDGE_CURVE('',#12768,#12766,#12840,.T.);
#12842=ORIENTED_EDGE('',*,*,#12841,.F.);
#12843=VECTOR('',#12029,1.);
#12844=LINE('',#12769,#12843);
#12845=EDGE_CURVE('',#12770,#12768,#12844,.T.);
#12846=ORIENTED_EDGE('',*,*,#12845,.F.);
#12847=VECTOR('',#12034,1.);
#12848=LINE('',#12771,#12847);
#12849=EDGE_CURVE('',#12772,#12770,#12848,.T.);
#12850=ORIENTED_EDGE('',*,*,#12849,.F.);
#12851=VECTOR('',#12039,1.);
#12852=LINE('',#12773,#12851);
#12853=EDGE_CURVE('',#12774,#12772,#12852,.T.);
#12854=ORIENTED_EDGE('',*,*,#12853,.F.);
#12855=VECTOR('',#12044,1.);
#12856=LINE('',#12775,#12855);
#12857=EDGE_CURVE('',#12776,#12774,#12856,.T.);
#12858=ORIENTED_EDGE('',*,*,#12857,.F.);
#12859=VECTOR('',#12049,1.);
#12860=LINE('',#12777,#12859);
#12861=EDGE_CURVE('',#12778,#12776,#12860,.T.);
#12862=ORIENTED_EDGE('',*,*,#12861,.F.);
#12863=VECTOR('',#12054,1.);
#12864=LINE('',#12779,#12863);
#12865=EDGE_CURVE('',#12780,#12778,#12864,.T.);
#12866=ORIENTED_EDGE('',*,*,#12865,.F.);
#12867=VECTOR('',#12059,1.);
#12868=LINE('',#12781,#12867);
#12869=EDGE_CURVE('',#12782,#12780,#12868,.T.);
#12870=ORIENTED_EDGE('',*,*,#12869,.F.);
#12871=VECTOR('',#12064,1.);
#12872=LINE('',#12783,#12871);
#12873=EDGE_CURVE('',#12784,#12782,#12872,.T.);
#12874=ORIENTED_EDGE('',*,*,#12873,.F.);
#12875=VECTOR('',#12069,1.);
#12876=LINE('',#12785,#12875);
#12877=EDGE_CURVE('',#12786,#12784,#12876,.T.);
#12878=ORIENTED_EDGE('',*,*,#12877,.F.);
#12879=VECTOR('',#12074,1.);
#12880=LINE('',#12787,#12879);
#12881=EDGE_CURVE('',#12788,#12786,#12880,.T.);
#12882=ORIENTED_EDGE('',*,*,#12881,.F.);
#12883=VECTOR('',#11999,1.);
#12884=LINE('',#12787,#12883);
#12885=EDGE_CURVE('',#12788,#12790,#12884,.T.);
#12886=ORIENTED_EDGE('',*,*,#12885,.T.);
#12887=VECTOR('',#12004,1.);
#12888=LINE('',#12789,#12887);
#12889=EDGE_CURVE('',#12790,#12792,#12888,.T.);
#12890=ORIENTED_EDGE('',*,*,#12889,.T.);
#12891=VECTOR('',#12009,1.);
#12892=LINE('',#12791,#12891);
#12893=EDGE_CURVE('',#12792,#12794,#12892,.T.);
#12894=ORIENTED_EDGE('',*,*,#12893,.T.);
#12895=VECTOR('',#12014,1.);
#12896=LINE('',#12793,#12895);
#12897=EDGE_CURVE('',#12794,#12796,#12896,.T.);
#12898=ORIENTED_EDGE('',*,*,#12897,.T.);
#12899=VECTOR('',#12019,1.);
#12900=LINE('',#12795,#12899);
#12901=EDGE_CURVE('',#12796,#12798,#12900,.T.);
#12902=ORIENTED_EDGE('',*,*,#12901,.T.);
#12903=VECTOR('',#12024,1.);
#12904=LINE('',#12797,#12903);
#12905=EDGE_CURVE('',#12798,#12800,#12904,.T.);
#12906=ORIENTED_EDGE('',*,*,#12905,.T.);
#12907=VECTOR('',#12029,1.);
#12908=LINE('',#12799,#12907);
#12909=EDGE_CURVE('',#12800,#12802,#12908,.T.);
#12910=ORIENTED_EDGE('',*,*,#12909,.T.);
#12911=VECTOR('',#12034,1.);
#12912=LINE('',#12801,#12911);
#12913=EDGE_CURVE('',#12802,#12804,#12912,.T.);
#12914=ORIENTED_EDGE('',*,*,#12913,.T.);
#12915=VECTOR('',#12039,1.);
#12916=LINE('',#12803,#12915);
#12917=EDGE_CURVE('',#12804,#12806,#12916,.T.);
#12918=ORIENTED_EDGE('',*,*,#12917,.T.);
#12919=VECTOR('',#12044,1.);
#12920=LINE('',#12805,#12919);
#12921=EDGE_CURVE('',#12806,#12808,#12920,.T.);
#12922=ORIENTED_EDGE('',*,*,#12921,.T.);
#12923=VECTOR('',#12049,1.);
#12924=LINE('',#12807,#12923);
#12925=EDGE_CURVE('',#12808,#12810,#12924,.T.);
#12926=ORIENTED_EDGE('',*,*,#12925,.T.);
#12927=VECTOR('',#12054,1.);
#12928=LINE('',#12809,#12927);
#12929=EDGE_CURVE('',#12810,#12812,#12928,.T.);
#12930=ORIENTED_EDGE('',*,*,#12929,.T.);
#12931=VECTOR('',#12059,1.);
#12932=LINE('',#12811,#12931);
#12933=EDGE_CURVE('',#12812,#12814,#12932,.T.);
#12934=ORIENTED_EDGE('',*,*,#12933,.T.);
#12935=VECTOR('',#12064,1.);
#12936=LINE('',#12813,#12935);
#12937=EDGE_CURVE('',#12814,#12816,#12936,.T.);
#12938=ORIENTED_EDGE('',*,*,#12937,.T.);
#12939=VECTOR('',#12069,1.);
#12940=LINE('',#12815,#12939);
#12941=EDGE_CURVE('',#12816,#12818,#12940,.T.);
#12942=ORIENTED_EDGE('',*,*,#12941,.T.);
#12943=VECTOR('',#12074,1.);
#12944=LINE('',#12817,#12943);
#12945=EDGE_CURVE('',#12818,#12756,#12944,.T.);
#12946=ORIENTED_EDGE('',*,*,#12945,.T.);
#12947=EDGE_LOOP('',(#12822,#12826,#12830,#12834,#12838,#12842,#12846,#12850,#12854,#12858,#12862,#12866,#12870,#12874,#12878,#12882,#12886,#12890,#12894,#12898,#12902,#12906,#12910,#12914,#12918,#12922,#12926,#12930,#12934,#12938,#12942,#12946));
#12948=FACE_OUTER_BOUND('',#12947,.T.);
#12949=AXIS2_PLACEMENT_3D('',#12755,#1515,#87);
#12950=PLANE('',#12949);
#12951=ADVANCED_FACE('',(#12948),#12950,.T.);
#12952=CARTESIAN_POINT('',(8.8145497,8.24543677,-1.2));
#12953=VERTEX_POINT('',#12952);
#12954=CARTESIAN_POINT('',(8.77471567,8.1141216,-1.2));
#12955=VERTEX_POINT('',#12954);
#12956=CARTESIAN_POINT('',(8.71002873,7.99310084,-1.2));
#12957=VERTEX_POINT('',#12956);
#12958=CARTESIAN_POINT('',(8.62297475,7.88702525,-1.2));
#12959=VERTEX_POINT('',#12958);
#12960=CARTESIAN_POINT('',(8.51689916,7.79997127,-1.2));
#12961=VERTEX_POINT('',#12960);
#12962=CARTESIAN_POINT('',(8.3958784,7.73528433,-1.2));
#12963=VERTEX_POINT('',#12962);
#12964=CARTESIAN_POINT('',(8.26456323,7.6954503,-1.2));
#12965=VERTEX_POINT('',#12964);
#12966=CARTESIAN_POINT('',(8.128,7.682,-1.2));
#12967=VERTEX_POINT('',#12966);
#12968=CARTESIAN_POINT('',(7.99143677,7.6954503,-1.2));
#12969=VERTEX_POINT('',#12968);
#12970=CARTESIAN_POINT('',(7.8601216,7.73528433,-1.2));
#12971=VERTEX_POINT('',#12970);
#12972=CARTESIAN_POINT('',(7.73910084,7.79997127,-1.2));
#12973=VERTEX_POINT('',#12972);
#12974=CARTESIAN_POINT('',(7.63302525,7.88702525,-1.2));
#12975=VERTEX_POINT('',#12974);
#12976=CARTESIAN_POINT('',(7.54597127,7.99310084,-1.2));
#12977=VERTEX_POINT('',#12976);
#12978=CARTESIAN_POINT('',(7.48128433,8.1141216,-1.2));
#12979=VERTEX_POINT('',#12978);
#12980=CARTESIAN_POINT('',(7.4414503,8.24543677,-1.2));
#12981=VERTEX_POINT('',#12980);
#12982=CARTESIAN_POINT('',(7.428,8.382,-1.2));
#12983=VERTEX_POINT('',#12982);
#12984=CARTESIAN_POINT('',(7.4414503,8.51856323,-1.2));
#12985=VERTEX_POINT('',#12984);
#12986=CARTESIAN_POINT('',(7.48128433,8.6498784,-1.2));
#12987=VERTEX_POINT('',#12986);
#12988=CARTESIAN_POINT('',(7.54597127,8.77089916,-1.2));
#12989=VERTEX_POINT('',#12988);
#12990=CARTESIAN_POINT('',(7.63302525,8.87697475,-1.2));
#12991=VERTEX_POINT('',#12990);
#12992=CARTESIAN_POINT('',(7.73910084,8.96402873,-1.2));
#12993=VERTEX_POINT('',#12992);
#12994=CARTESIAN_POINT('',(7.8601216,9.02871567,-1.2));
#12995=VERTEX_POINT('',#12994);
#12996=CARTESIAN_POINT('',(7.99143677,9.0685497,-1.2));
#12997=VERTEX_POINT('',#12996);
#12998=CARTESIAN_POINT('',(8.128,9.082,-1.2));
#12999=VERTEX_POINT('',#12998);
#13000=CARTESIAN_POINT('',(8.26456323,9.0685497,-1.2));
#13001=VERTEX_POINT('',#13000);
#13002=CARTESIAN_POINT('',(8.3958784,9.02871567,-1.2));
#13003=VERTEX_POINT('',#13002);
#13004=CARTESIAN_POINT('',(8.51689916,8.96402873,-1.2));
#13005=VERTEX_POINT('',#13004);
#13006=CARTESIAN_POINT('',(8.62297475,8.87697475,-1.2));
#13007=VERTEX_POINT('',#13006);
#13008=CARTESIAN_POINT('',(8.71002873,8.77089916,-1.2));
#13009=VERTEX_POINT('',#13008);
#13010=CARTESIAN_POINT('',(8.77471567,8.6498784,-1.2));
#13011=VERTEX_POINT('',#13010);
#13012=CARTESIAN_POINT('',(8.8145497,8.51856323,-1.2));
#13013=VERTEX_POINT('',#13012);
#13014=CARTESIAN_POINT('',(8.828,8.382,-1.2));
#13015=VERTEX_POINT('',#13014);
#13016=VECTOR('',#12069,1.);
#13017=LINE('',#12954,#13016);
#13018=EDGE_CURVE('',#12955,#12953,#13017,.T.);
#13019=ORIENTED_EDGE('',*,*,#13018,.F.);
#13020=VECTOR('',#12064,1.);
#13021=LINE('',#12956,#13020);
#13022=EDGE_CURVE('',#12957,#12955,#13021,.T.);
#13023=ORIENTED_EDGE('',*,*,#13022,.F.);
#13024=VECTOR('',#12059,1.);
#13025=LINE('',#12958,#13024);
#13026=EDGE_CURVE('',#12959,#12957,#13025,.T.);
#13027=ORIENTED_EDGE('',*,*,#13026,.F.);
#13028=VECTOR('',#12054,1.);
#13029=LINE('',#12960,#13028);
#13030=EDGE_CURVE('',#12961,#12959,#13029,.T.);
#13031=ORIENTED_EDGE('',*,*,#13030,.F.);
#13032=VECTOR('',#12049,1.);
#13033=LINE('',#12962,#13032);
#13034=EDGE_CURVE('',#12963,#12961,#13033,.T.);
#13035=ORIENTED_EDGE('',*,*,#13034,.F.);
#13036=VECTOR('',#12044,1.);
#13037=LINE('',#12964,#13036);
#13038=EDGE_CURVE('',#12965,#12963,#13037,.T.);
#13039=ORIENTED_EDGE('',*,*,#13038,.F.);
#13040=VECTOR('',#12039,1.);
#13041=LINE('',#12966,#13040);
#13042=EDGE_CURVE('',#12967,#12965,#13041,.T.);
#13043=ORIENTED_EDGE('',*,*,#13042,.F.);
#13044=VECTOR('',#12034,1.);
#13045=LINE('',#12968,#13044);
#13046=EDGE_CURVE('',#12969,#12967,#13045,.T.);
#13047=ORIENTED_EDGE('',*,*,#13046,.F.);
#13048=VECTOR('',#12029,1.);
#13049=LINE('',#12970,#13048);
#13050=EDGE_CURVE('',#12971,#12969,#13049,.T.);
#13051=ORIENTED_EDGE('',*,*,#13050,.F.);
#13052=VECTOR('',#12024,1.);
#13053=LINE('',#12972,#13052);
#13054=EDGE_CURVE('',#12973,#12971,#13053,.T.);
#13055=ORIENTED_EDGE('',*,*,#13054,.F.);
#13056=VECTOR('',#12019,1.);
#13057=LINE('',#12974,#13056);
#13058=EDGE_CURVE('',#12975,#12973,#13057,.T.);
#13059=ORIENTED_EDGE('',*,*,#13058,.F.);
#13060=VECTOR('',#12014,1.);
#13061=LINE('',#12976,#13060);
#13062=EDGE_CURVE('',#12977,#12975,#13061,.T.);
#13063=ORIENTED_EDGE('',*,*,#13062,.F.);
#13064=VECTOR('',#12009,1.);
#13065=LINE('',#12978,#13064);
#13066=EDGE_CURVE('',#12979,#12977,#13065,.T.);
#13067=ORIENTED_EDGE('',*,*,#13066,.F.);
#13068=VECTOR('',#12004,1.);
#13069=LINE('',#12980,#13068);
#13070=EDGE_CURVE('',#12981,#12979,#13069,.T.);
#13071=ORIENTED_EDGE('',*,*,#13070,.F.);
#13072=VECTOR('',#11999,1.);
#13073=LINE('',#12982,#13072);
#13074=EDGE_CURVE('',#12983,#12981,#13073,.T.);
#13075=ORIENTED_EDGE('',*,*,#13074,.F.);
#13076=VECTOR('',#12074,1.);
#13077=LINE('',#12982,#13076);
#13078=EDGE_CURVE('',#12983,#12985,#13077,.T.);
#13079=ORIENTED_EDGE('',*,*,#13078,.T.);
#13080=VECTOR('',#12069,1.);
#13081=LINE('',#12984,#13080);
#13082=EDGE_CURVE('',#12985,#12987,#13081,.T.);
#13083=ORIENTED_EDGE('',*,*,#13082,.T.);
#13084=VECTOR('',#12064,1.);
#13085=LINE('',#12986,#13084);
#13086=EDGE_CURVE('',#12987,#12989,#13085,.T.);
#13087=ORIENTED_EDGE('',*,*,#13086,.T.);
#13088=VECTOR('',#12059,1.);
#13089=LINE('',#12988,#13088);
#13090=EDGE_CURVE('',#12989,#12991,#13089,.T.);
#13091=ORIENTED_EDGE('',*,*,#13090,.T.);
#13092=VECTOR('',#12054,1.);
#13093=LINE('',#12990,#13092);
#13094=EDGE_CURVE('',#12991,#12993,#13093,.T.);
#13095=ORIENTED_EDGE('',*,*,#13094,.T.);
#13096=VECTOR('',#12049,1.);
#13097=LINE('',#12992,#13096);
#13098=EDGE_CURVE('',#12993,#12995,#13097,.T.);
#13099=ORIENTED_EDGE('',*,*,#13098,.T.);
#13100=VECTOR('',#12044,1.);
#13101=LINE('',#12994,#13100);
#13102=EDGE_CURVE('',#12995,#12997,#13101,.T.);
#13103=ORIENTED_EDGE('',*,*,#13102,.T.);
#13104=VECTOR('',#12039,1.);
#13105=LINE('',#12996,#13104);
#13106=EDGE_CURVE('',#12997,#12999,#13105,.T.);
#13107=ORIENTED_EDGE('',*,*,#13106,.T.);
#13108=VECTOR('',#12034,1.);
#13109=LINE('',#12998,#13108);
#13110=EDGE_CURVE('',#12999,#13001,#13109,.T.);
#13111=ORIENTED_EDGE('',*,*,#13110,.T.);
#13112=VECTOR('',#12029,1.);
#13113=LINE('',#13000,#13112);
#13114=EDGE_CURVE('',#13001,#13003,#13113,.T.);
#13115=ORIENTED_EDGE('',*,*,#13114,.T.);
#13116=VECTOR('',#12024,1.);
#13117=LINE('',#13002,#13116);
#13118=EDGE_CURVE('',#13003,#13005,#13117,.T.);
#13119=ORIENTED_EDGE('',*,*,#13118,.T.);
#13120=VECTOR('',#12019,1.);
#13121=LINE('',#13004,#13120);
#13122=EDGE_CURVE('',#13005,#13007,#13121,.T.);
#13123=ORIENTED_EDGE('',*,*,#13122,.T.);
#13124=VECTOR('',#12014,1.);
#13125=LINE('',#13006,#13124);
#13126=EDGE_CURVE('',#13007,#13009,#13125,.T.);
#13127=ORIENTED_EDGE('',*,*,#13126,.T.);
#13128=VECTOR('',#12009,1.);
#13129=LINE('',#13008,#13128);
#13130=EDGE_CURVE('',#13009,#13011,#13129,.T.);
#13131=ORIENTED_EDGE('',*,*,#13130,.T.);
#13132=VECTOR('',#12004,1.);
#13133=LINE('',#13010,#13132);
#13134=EDGE_CURVE('',#13011,#13013,#13133,.T.);
#13135=ORIENTED_EDGE('',*,*,#13134,.T.);
#13136=VECTOR('',#11999,1.);
#13137=LINE('',#13012,#13136);
#13138=EDGE_CURVE('',#13013,#13015,#13137,.T.);
#13139=ORIENTED_EDGE('',*,*,#13138,.T.);
#13140=VECTOR('',#12074,1.);
#13141=LINE('',#12952,#13140);
#13142=EDGE_CURVE('',#12953,#13015,#13141,.T.);
#13143=ORIENTED_EDGE('',*,*,#13142,.F.);
#13144=EDGE_LOOP('',(#13019,#13023,#13027,#13031,#13035,#13039,#13043,#13047,#13051,#13055,#13059,#13063,#13067,#13071,#13075,#13079,#13083,#13087,#13091,#13095,#13099,#13103,#13107,#13111,#13115,#13119,#13123,#13127,#13131,#13135,#13139,#13143));
#13145=FACE_OUTER_BOUND('',#13144,.T.);
#13146=AXIS2_PLACEMENT_3D('',#12952,#3011,#3012);
#13147=PLANE('',#13146);
#13148=ADVANCED_FACE('',(#13145),#13147,.T.);
#13149=ORIENTED_EDGE('',*,*,#13138,.F.);
#13150=VECTOR('',#1515,1.);
#13151=LINE('',#13012,#13150);
#13152=EDGE_CURVE('',#13013,#12758,#13151,.T.);
#13153=ORIENTED_EDGE('',*,*,#13152,.T.);
#13154=ORIENTED_EDGE('',*,*,#12821,.T.);
#13155=VECTOR('',#1515,1.);
#13156=LINE('',#13014,#13155);
#13157=EDGE_CURVE('',#13015,#12756,#13156,.T.);
#13158=ORIENTED_EDGE('',*,*,#13157,.F.);
#13159=EDGE_LOOP('',(#13149,#13153,#13154,#13158));
#13160=FACE_OUTER_BOUND('',#13159,.T.);
#13161=AXIS2_PLACEMENT_3D('',#13014,#12357,#12358);
#13162=PLANE('',#13161);
#13163=ADVANCED_FACE('',(#13160),#13162,.T.);
#13164=ORIENTED_EDGE('',*,*,#13134,.F.);
#13165=VECTOR('',#1515,1.);
#13166=LINE('',#13010,#13165);
#13167=EDGE_CURVE('',#13011,#12760,#13166,.T.);
#13168=ORIENTED_EDGE('',*,*,#13167,.T.);
#13169=ORIENTED_EDGE('',*,*,#12825,.T.);
#13170=ORIENTED_EDGE('',*,*,#13152,.F.);
#13171=EDGE_LOOP('',(#13164,#13168,#13169,#13170));
#13172=FACE_OUTER_BOUND('',#13171,.T.);
#13173=AXIS2_PLACEMENT_3D('',#13012,#12371,#12372);
#13174=PLANE('',#13173);
#13175=ADVANCED_FACE('',(#13172),#13174,.T.);
#13176=ORIENTED_EDGE('',*,*,#13130,.F.);
#13177=VECTOR('',#1515,1.);
#13178=LINE('',#13008,#13177);
#13179=EDGE_CURVE('',#13009,#12762,#13178,.T.);
#13180=ORIENTED_EDGE('',*,*,#13179,.T.);
#13181=ORIENTED_EDGE('',*,*,#12829,.T.);
#13182=ORIENTED_EDGE('',*,*,#13167,.F.);
#13183=EDGE_LOOP('',(#13176,#13180,#13181,#13182));
#13184=FACE_OUTER_BOUND('',#13183,.T.);
#13185=AXIS2_PLACEMENT_3D('',#13010,#12049,#12009);
#13186=PLANE('',#13185);
#13187=ADVANCED_FACE('',(#13184),#13186,.T.);
#13188=ORIENTED_EDGE('',*,*,#13126,.F.);
#13189=VECTOR('',#1515,1.);
#13190=LINE('',#13006,#13189);
#13191=EDGE_CURVE('',#13007,#12764,#13190,.T.);
#13192=ORIENTED_EDGE('',*,*,#13191,.T.);
#13193=ORIENTED_EDGE('',*,*,#12833,.T.);
#13194=ORIENTED_EDGE('',*,*,#13179,.F.);
#13195=EDGE_LOOP('',(#13188,#13192,#13193,#13194));
#13196=FACE_OUTER_BOUND('',#13195,.T.);
#13197=AXIS2_PLACEMENT_3D('',#13008,#12054,#12014);
#13198=PLANE('',#13197);
#13199=ADVANCED_FACE('',(#13196),#13198,.T.);
#13200=ORIENTED_EDGE('',*,*,#13122,.F.);
#13201=VECTOR('',#1515,1.);
#13202=LINE('',#13004,#13201);
#13203=EDGE_CURVE('',#13005,#12766,#13202,.T.);
#13204=ORIENTED_EDGE('',*,*,#13203,.T.);
#13205=ORIENTED_EDGE('',*,*,#12837,.T.);
#13206=ORIENTED_EDGE('',*,*,#13191,.F.);
#13207=EDGE_LOOP('',(#13200,#13204,#13205,#13206));
#13208=FACE_OUTER_BOUND('',#13207,.T.);
#13209=AXIS2_PLACEMENT_3D('',#13006,#12059,#12019);
#13210=PLANE('',#13209);
#13211=ADVANCED_FACE('',(#13208),#13210,.T.);
#13212=ORIENTED_EDGE('',*,*,#13118,.F.);
#13213=VECTOR('',#1515,1.);
#13214=LINE('',#13002,#13213);
#13215=EDGE_CURVE('',#13003,#12768,#13214,.T.);
#13216=ORIENTED_EDGE('',*,*,#13215,.T.);
#13217=ORIENTED_EDGE('',*,*,#12841,.T.);
#13218=ORIENTED_EDGE('',*,*,#13203,.F.);
#13219=EDGE_LOOP('',(#13212,#13216,#13217,#13218));
#13220=FACE_OUTER_BOUND('',#13219,.T.);
#13221=AXIS2_PLACEMENT_3D('',#13004,#12064,#12024);
#13222=PLANE('',#13221);
#13223=ADVANCED_FACE('',(#13220),#13222,.T.);
#13224=ORIENTED_EDGE('',*,*,#13114,.F.);
#13225=VECTOR('',#1515,1.);
#13226=LINE('',#13000,#13225);
#13227=EDGE_CURVE('',#13001,#12770,#13226,.T.);
#13228=ORIENTED_EDGE('',*,*,#13227,.T.);
#13229=ORIENTED_EDGE('',*,*,#12845,.T.);
#13230=ORIENTED_EDGE('',*,*,#13215,.F.);
#13231=EDGE_LOOP('',(#13224,#13228,#13229,#13230));
#13232=FACE_OUTER_BOUND('',#13231,.T.);
#13233=AXIS2_PLACEMENT_3D('',#13002,#12433,#12434);
#13234=PLANE('',#13233);
#13235=ADVANCED_FACE('',(#13232),#13234,.T.);
#13236=ORIENTED_EDGE('',*,*,#13110,.F.);
#13237=VECTOR('',#1515,1.);
#13238=LINE('',#12998,#13237);
#13239=EDGE_CURVE('',#12999,#12772,#13238,.T.);
#13240=ORIENTED_EDGE('',*,*,#13239,.T.);
#13241=ORIENTED_EDGE('',*,*,#12849,.T.);
#13242=ORIENTED_EDGE('',*,*,#13227,.F.);
#13243=EDGE_LOOP('',(#13236,#13240,#13241,#13242));
#13244=FACE_OUTER_BOUND('',#13243,.T.);
#13245=AXIS2_PLACEMENT_3D('',#13000,#12447,#12448);
#13246=PLANE('',#13245);
#13247=ADVANCED_FACE('',(#13244),#13246,.T.);
#13248=ORIENTED_EDGE('',*,*,#13106,.F.);
#13249=VECTOR('',#1515,1.);
#13250=LINE('',#12996,#13249);
#13251=EDGE_CURVE('',#12997,#12774,#13250,.T.);
#13252=ORIENTED_EDGE('',*,*,#13251,.T.);
#13253=ORIENTED_EDGE('',*,*,#12853,.T.);
#13254=ORIENTED_EDGE('',*,*,#13239,.F.);
#13255=EDGE_LOOP('',(#13248,#13252,#13253,#13254));
#13256=FACE_OUTER_BOUND('',#13255,.T.);
#13257=AXIS2_PLACEMENT_3D('',#12998,#12461,#12357);
#13258=PLANE('',#13257);
#13259=ADVANCED_FACE('',(#13256),#13258,.T.);
#13260=ORIENTED_EDGE('',*,*,#13102,.F.);
#13261=VECTOR('',#1515,1.);
#13262=LINE('',#12994,#13261);
#13263=EDGE_CURVE('',#12995,#12776,#13262,.T.);
#13264=ORIENTED_EDGE('',*,*,#13263,.T.);
#13265=ORIENTED_EDGE('',*,*,#12857,.T.);
#13266=ORIENTED_EDGE('',*,*,#13251,.F.);
#13267=EDGE_LOOP('',(#13260,#13264,#13265,#13266));
#13268=FACE_OUTER_BOUND('',#13267,.T.);
#13269=AXIS2_PLACEMENT_3D('',#12996,#12474,#12371);
#13270=PLANE('',#13269);
#13271=ADVANCED_FACE('',(#13268),#13270,.T.);
#13272=ORIENTED_EDGE('',*,*,#13098,.F.);
#13273=VECTOR('',#1515,1.);
#13274=LINE('',#12992,#13273);
#13275=EDGE_CURVE('',#12993,#12778,#13274,.T.);
#13276=ORIENTED_EDGE('',*,*,#13275,.T.);
#13277=ORIENTED_EDGE('',*,*,#12861,.T.);
#13278=ORIENTED_EDGE('',*,*,#13263,.F.);
#13279=EDGE_LOOP('',(#13272,#13276,#13277,#13278));
#13280=FACE_OUTER_BOUND('',#13279,.T.);
#13281=AXIS2_PLACEMENT_3D('',#12994,#12487,#12049);
#13282=PLANE('',#13281);
#13283=ADVANCED_FACE('',(#13280),#13282,.T.);
#13284=ORIENTED_EDGE('',*,*,#13094,.F.);
#13285=VECTOR('',#1515,1.);
#13286=LINE('',#12990,#13285);
#13287=EDGE_CURVE('',#12991,#12780,#13286,.T.);
#13288=ORIENTED_EDGE('',*,*,#13287,.T.);
#13289=ORIENTED_EDGE('',*,*,#12865,.T.);
#13290=ORIENTED_EDGE('',*,*,#13275,.F.);
#13291=EDGE_LOOP('',(#13284,#13288,#13289,#13290));
#13292=FACE_OUTER_BOUND('',#13291,.T.);
#13293=AXIS2_PLACEMENT_3D('',#12992,#12500,#12054);
#13294=PLANE('',#13293);
#13295=ADVANCED_FACE('',(#13292),#13294,.T.);
#13296=ORIENTED_EDGE('',*,*,#13090,.F.);
#13297=VECTOR('',#1515,1.);
#13298=LINE('',#12988,#13297);
#13299=EDGE_CURVE('',#12989,#12782,#13298,.T.);
#13300=ORIENTED_EDGE('',*,*,#13299,.T.);
#13301=ORIENTED_EDGE('',*,*,#12869,.T.);
#13302=ORIENTED_EDGE('',*,*,#13287,.F.);
#13303=EDGE_LOOP('',(#13296,#13300,#13301,#13302));
#13304=FACE_OUTER_BOUND('',#13303,.T.);
#13305=AXIS2_PLACEMENT_3D('',#12990,#12513,#12059);
#13306=PLANE('',#13305);
#13307=ADVANCED_FACE('',(#13304),#13306,.T.);
#13308=ORIENTED_EDGE('',*,*,#13086,.F.);
#13309=VECTOR('',#1515,1.);
#13310=LINE('',#12986,#13309);
#13311=EDGE_CURVE('',#12987,#12784,#13310,.T.);
#13312=ORIENTED_EDGE('',*,*,#13311,.T.);
#13313=ORIENTED_EDGE('',*,*,#12873,.T.);
#13314=ORIENTED_EDGE('',*,*,#13299,.F.);
#13315=EDGE_LOOP('',(#13308,#13312,#13313,#13314));
#13316=FACE_OUTER_BOUND('',#13315,.T.);
#13317=AXIS2_PLACEMENT_3D('',#12988,#12526,#12064);
#13318=PLANE('',#13317);
#13319=ADVANCED_FACE('',(#13316),#13318,.T.);
#13320=ORIENTED_EDGE('',*,*,#13082,.F.);
#13321=VECTOR('',#1515,1.);
#13322=LINE('',#12984,#13321);
#13323=EDGE_CURVE('',#12985,#12786,#13322,.T.);
#13324=ORIENTED_EDGE('',*,*,#13323,.T.);
#13325=ORIENTED_EDGE('',*,*,#12877,.T.);
#13326=ORIENTED_EDGE('',*,*,#13311,.F.);
#13327=EDGE_LOOP('',(#13320,#13324,#13325,#13326));
#13328=FACE_OUTER_BOUND('',#13327,.T.);
#13329=AXIS2_PLACEMENT_3D('',#12986,#12539,#12433);
#13330=PLANE('',#13329);
#13331=ADVANCED_FACE('',(#13328),#13330,.T.);
#13332=ORIENTED_EDGE('',*,*,#13078,.F.);
#13333=VECTOR('',#1515,1.);
#13334=LINE('',#12982,#13333);
#13335=EDGE_CURVE('',#12983,#12788,#13334,.T.);
#13336=ORIENTED_EDGE('',*,*,#13335,.T.);
#13337=ORIENTED_EDGE('',*,*,#12881,.T.);
#13338=ORIENTED_EDGE('',*,*,#13323,.F.);
#13339=EDGE_LOOP('',(#13332,#13336,#13337,#13338));
#13340=FACE_OUTER_BOUND('',#13339,.T.);
#13341=AXIS2_PLACEMENT_3D('',#12984,#12552,#12447);
#13342=PLANE('',#13341);
#13343=ADVANCED_FACE('',(#13340),#13342,.T.);
#13344=ORIENTED_EDGE('',*,*,#13074,.T.);
#13345=VECTOR('',#1515,1.);
#13346=LINE('',#12980,#13345);
#13347=EDGE_CURVE('',#12981,#12790,#13346,.T.);
#13348=ORIENTED_EDGE('',*,*,#13347,.T.);
#13349=ORIENTED_EDGE('',*,*,#12885,.F.);
#13350=ORIENTED_EDGE('',*,*,#13335,.F.);
#13351=EDGE_LOOP('',(#13344,#13348,#13349,#13350));
#13352=FACE_OUTER_BOUND('',#13351,.T.);
#13353=AXIS2_PLACEMENT_3D('',#12982,#12565,#12461);
#13354=PLANE('',#13353);
#13355=ADVANCED_FACE('',(#13352),#13354,.T.);
#13356=ORIENTED_EDGE('',*,*,#13070,.T.);
#13357=VECTOR('',#1515,1.);
#13358=LINE('',#12978,#13357);
#13359=EDGE_CURVE('',#12979,#12792,#13358,.T.);
#13360=ORIENTED_EDGE('',*,*,#13359,.T.);
#13361=ORIENTED_EDGE('',*,*,#12889,.F.);
#13362=ORIENTED_EDGE('',*,*,#13347,.F.);
#13363=EDGE_LOOP('',(#13356,#13360,#13361,#13362));
#13364=FACE_OUTER_BOUND('',#13363,.T.);
#13365=AXIS2_PLACEMENT_3D('',#12980,#12578,#12474);
#13366=PLANE('',#13365);
#13367=ADVANCED_FACE('',(#13364),#13366,.T.);
#13368=ORIENTED_EDGE('',*,*,#13066,.T.);
#13369=VECTOR('',#1515,1.);
#13370=LINE('',#12976,#13369);
#13371=EDGE_CURVE('',#12977,#12794,#13370,.T.);
#13372=ORIENTED_EDGE('',*,*,#13371,.T.);
#13373=ORIENTED_EDGE('',*,*,#12893,.F.);
#13374=ORIENTED_EDGE('',*,*,#13359,.F.);
#13375=EDGE_LOOP('',(#13368,#13372,#13373,#13374));
#13376=FACE_OUTER_BOUND('',#13375,.T.);
#13377=AXIS2_PLACEMENT_3D('',#12978,#12591,#12487);
#13378=PLANE('',#13377);
#13379=ADVANCED_FACE('',(#13376),#13378,.T.);
#13380=ORIENTED_EDGE('',*,*,#13062,.T.);
#13381=VECTOR('',#1515,1.);
#13382=LINE('',#12974,#13381);
#13383=EDGE_CURVE('',#12975,#12796,#13382,.T.);
#13384=ORIENTED_EDGE('',*,*,#13383,.T.);
#13385=ORIENTED_EDGE('',*,*,#12897,.F.);
#13386=ORIENTED_EDGE('',*,*,#13371,.F.);
#13387=EDGE_LOOP('',(#13380,#13384,#13385,#13386));
#13388=FACE_OUTER_BOUND('',#13387,.T.);
#13389=AXIS2_PLACEMENT_3D('',#12976,#12604,#12500);
#13390=PLANE('',#13389);
#13391=ADVANCED_FACE('',(#13388),#13390,.T.);
#13392=ORIENTED_EDGE('',*,*,#13058,.T.);
#13393=VECTOR('',#1515,1.);
#13394=LINE('',#12972,#13393);
#13395=EDGE_CURVE('',#12973,#12798,#13394,.T.);
#13396=ORIENTED_EDGE('',*,*,#13395,.T.);
#13397=ORIENTED_EDGE('',*,*,#12901,.F.);
#13398=ORIENTED_EDGE('',*,*,#13383,.F.);
#13399=EDGE_LOOP('',(#13392,#13396,#13397,#13398));
#13400=FACE_OUTER_BOUND('',#13399,.T.);
#13401=AXIS2_PLACEMENT_3D('',#12974,#12617,#12513);
#13402=PLANE('',#13401);
#13403=ADVANCED_FACE('',(#13400),#13402,.T.);
#13404=ORIENTED_EDGE('',*,*,#13054,.T.);
#13405=VECTOR('',#1515,1.);
#13406=LINE('',#12970,#13405);
#13407=EDGE_CURVE('',#12971,#12800,#13406,.T.);
#13408=ORIENTED_EDGE('',*,*,#13407,.T.);
#13409=ORIENTED_EDGE('',*,*,#12905,.F.);
#13410=ORIENTED_EDGE('',*,*,#13395,.F.);
#13411=EDGE_LOOP('',(#13404,#13408,#13409,#13410));
#13412=FACE_OUTER_BOUND('',#13411,.T.);
#13413=AXIS2_PLACEMENT_3D('',#12972,#12630,#12526);
#13414=PLANE('',#13413);
#13415=ADVANCED_FACE('',(#13412),#13414,.T.);
#13416=ORIENTED_EDGE('',*,*,#13050,.T.);
#13417=VECTOR('',#1515,1.);
#13418=LINE('',#12968,#13417);
#13419=EDGE_CURVE('',#12969,#12802,#13418,.T.);
#13420=ORIENTED_EDGE('',*,*,#13419,.T.);
#13421=ORIENTED_EDGE('',*,*,#12909,.F.);
#13422=ORIENTED_EDGE('',*,*,#13407,.F.);
#13423=EDGE_LOOP('',(#13416,#13420,#13421,#13422));
#13424=FACE_OUTER_BOUND('',#13423,.T.);
#13425=AXIS2_PLACEMENT_3D('',#12970,#12643,#12539);
#13426=PLANE('',#13425);
#13427=ADVANCED_FACE('',(#13424),#13426,.T.);
#13428=ORIENTED_EDGE('',*,*,#13046,.T.);
#13429=VECTOR('',#1515,1.);
#13430=LINE('',#12966,#13429);
#13431=EDGE_CURVE('',#12967,#12804,#13430,.T.);
#13432=ORIENTED_EDGE('',*,*,#13431,.T.);
#13433=ORIENTED_EDGE('',*,*,#12913,.F.);
#13434=ORIENTED_EDGE('',*,*,#13419,.F.);
#13435=EDGE_LOOP('',(#13428,#13432,#13433,#13434));
#13436=FACE_OUTER_BOUND('',#13435,.T.);
#13437=AXIS2_PLACEMENT_3D('',#12968,#12656,#12552);
#13438=PLANE('',#13437);
#13439=ADVANCED_FACE('',(#13436),#13438,.T.);
#13440=ORIENTED_EDGE('',*,*,#13042,.T.);
#13441=VECTOR('',#1515,1.);
#13442=LINE('',#12964,#13441);
#13443=EDGE_CURVE('',#12965,#12806,#13442,.T.);
#13444=ORIENTED_EDGE('',*,*,#13443,.T.);
#13445=ORIENTED_EDGE('',*,*,#12917,.F.);
#13446=ORIENTED_EDGE('',*,*,#13431,.F.);
#13447=EDGE_LOOP('',(#13440,#13444,#13445,#13446));
#13448=FACE_OUTER_BOUND('',#13447,.T.);
#13449=AXIS2_PLACEMENT_3D('',#12966,#12358,#12565);
#13450=PLANE('',#13449);
#13451=ADVANCED_FACE('',(#13448),#13450,.T.);
#13452=ORIENTED_EDGE('',*,*,#13038,.T.);
#13453=VECTOR('',#1515,1.);
#13454=LINE('',#12962,#13453);
#13455=EDGE_CURVE('',#12963,#12808,#13454,.T.);
#13456=ORIENTED_EDGE('',*,*,#13455,.T.);
#13457=ORIENTED_EDGE('',*,*,#12921,.F.);
#13458=ORIENTED_EDGE('',*,*,#13443,.F.);
#13459=EDGE_LOOP('',(#13452,#13456,#13457,#13458));
#13460=FACE_OUTER_BOUND('',#13459,.T.);
#13461=AXIS2_PLACEMENT_3D('',#12964,#12372,#12578);
#13462=PLANE('',#13461);
#13463=ADVANCED_FACE('',(#13460),#13462,.T.);
#13464=ORIENTED_EDGE('',*,*,#13034,.T.);
#13465=VECTOR('',#1515,1.);
#13466=LINE('',#12960,#13465);
#13467=EDGE_CURVE('',#12961,#12810,#13466,.T.);
#13468=ORIENTED_EDGE('',*,*,#13467,.T.);
#13469=ORIENTED_EDGE('',*,*,#12925,.F.);
#13470=ORIENTED_EDGE('',*,*,#13455,.F.);
#13471=EDGE_LOOP('',(#13464,#13468,#13469,#13470));
#13472=FACE_OUTER_BOUND('',#13471,.T.);
#13473=AXIS2_PLACEMENT_3D('',#12962,#12009,#12591);
#13474=PLANE('',#13473);
#13475=ADVANCED_FACE('',(#13472),#13474,.T.);
#13476=ORIENTED_EDGE('',*,*,#13030,.T.);
#13477=VECTOR('',#1515,1.);
#13478=LINE('',#12958,#13477);
#13479=EDGE_CURVE('',#12959,#12812,#13478,.T.);
#13480=ORIENTED_EDGE('',*,*,#13479,.T.);
#13481=ORIENTED_EDGE('',*,*,#12929,.F.);
#13482=ORIENTED_EDGE('',*,*,#13467,.F.);
#13483=EDGE_LOOP('',(#13476,#13480,#13481,#13482));
#13484=FACE_OUTER_BOUND('',#13483,.T.);
#13485=AXIS2_PLACEMENT_3D('',#12960,#12014,#12604);
#13486=PLANE('',#13485);
#13487=ADVANCED_FACE('',(#13484),#13486,.T.);
#13488=ORIENTED_EDGE('',*,*,#13026,.T.);
#13489=VECTOR('',#1515,1.);
#13490=LINE('',#12956,#13489);
#13491=EDGE_CURVE('',#12957,#12814,#13490,.T.);
#13492=ORIENTED_EDGE('',*,*,#13491,.T.);
#13493=ORIENTED_EDGE('',*,*,#12933,.F.);
#13494=ORIENTED_EDGE('',*,*,#13479,.F.);
#13495=EDGE_LOOP('',(#13488,#13492,#13493,#13494));
#13496=FACE_OUTER_BOUND('',#13495,.T.);
#13497=AXIS2_PLACEMENT_3D('',#12958,#12019,#12617);
#13498=PLANE('',#13497);
#13499=ADVANCED_FACE('',(#13496),#13498,.T.);
#13500=ORIENTED_EDGE('',*,*,#13022,.T.);
#13501=VECTOR('',#1515,1.);
#13502=LINE('',#12954,#13501);
#13503=EDGE_CURVE('',#12955,#12816,#13502,.T.);
#13504=ORIENTED_EDGE('',*,*,#13503,.T.);
#13505=ORIENTED_EDGE('',*,*,#12937,.F.);
#13506=ORIENTED_EDGE('',*,*,#13491,.F.);
#13507=EDGE_LOOP('',(#13500,#13504,#13505,#13506));
#13508=FACE_OUTER_BOUND('',#13507,.T.);
#13509=AXIS2_PLACEMENT_3D('',#12956,#12024,#12630);
#13510=PLANE('',#13509);
#13511=ADVANCED_FACE('',(#13508),#13510,.T.);
#13512=ORIENTED_EDGE('',*,*,#13018,.T.);
#13513=VECTOR('',#1515,1.);
#13514=LINE('',#12952,#13513);
#13515=EDGE_CURVE('',#12953,#12818,#13514,.T.);
#13516=ORIENTED_EDGE('',*,*,#13515,.T.);
#13517=ORIENTED_EDGE('',*,*,#12941,.F.);
#13518=ORIENTED_EDGE('',*,*,#13503,.F.);
#13519=EDGE_LOOP('',(#13512,#13516,#13517,#13518));
#13520=FACE_OUTER_BOUND('',#13519,.T.);
#13521=AXIS2_PLACEMENT_3D('',#12954,#12434,#12643);
#13522=PLANE('',#13521);
#13523=ADVANCED_FACE('',(#13520),#13522,.T.);
#13524=ORIENTED_EDGE('',*,*,#13142,.T.);
#13525=ORIENTED_EDGE('',*,*,#13157,.T.);
#13526=ORIENTED_EDGE('',*,*,#12945,.F.);
#13527=ORIENTED_EDGE('',*,*,#13515,.F.);
#13528=EDGE_LOOP('',(#13524,#13525,#13526,#13527));
#13529=FACE_OUTER_BOUND('',#13528,.T.);
#13530=AXIS2_PLACEMENT_3D('',#12952,#12448,#12656);
#13531=PLANE('',#13530);
#13532=ADVANCED_FACE('',(#13529),#13531,.T.);
#13533=CLOSED_SHELL('',(#12951,#13148,#13163,#13175,#13187,#13199,#13211,#13223,#13235,#13247,#13259,#13271,#13283,#13295,#13307,#13319,#13331,#13343,#13355,#13367,#13379,#13391,#13403,#13415,#13427,#13439,#13451,#13463,#13475,#13487,#13499,#13511,#13523,#13532));
#13534=MANIFOLD_SOLID_BREP('locating_pin_2',#13533);
#13535=APPLICATION_CONTEXT('automotive design');
#13536=APPLICATION_PROTOCOL_DEFINITION('international standard','automotive_design',2000,#13535);
#13537=PRODUCT_CONTEXT('',#13535,'mechanical');
#13538=PRODUCT('camera_socket_tile','camera_socket_tile','Andon 680-48-SM contact tile, iteration 0',(#13537));
#13539=PRODUCT_DEFINITION_FORMATION('','',#13538);
#13540=PRODUCT_DEFINITION_CONTEXT('part definition',#13535,'design');
#13541=PRODUCT_DEFINITION('design','',#13539,#13540);
#13542=PRODUCT_DEFINITION_SHAPE('','',#13541);
#13543=PRODUCT_RELATED_PRODUCT_CATEGORY('part','',(#13538));
#13544=(LENGTH_UNIT()NAMED_UNIT(*)SI_UNIT(.MILLI.,.METRE.));
#13545=(NAMED_UNIT(*)PLANE_ANGLE_UNIT()SI_UNIT($,.RADIAN.));
#13546=(NAMED_UNIT(*)SI_UNIT($,.STERADIAN.)SOLID_ANGLE_UNIT());
#13547=UNCERTAINTY_MEASURE_WITH_UNIT(LENGTH_MEASURE(1.E-07),#13544,'distance_accuracy_value','confusion accuracy');
#13548=(GEOMETRIC_REPRESENTATION_CONTEXT(3)GLOBAL_UNCERTAINTY_ASSIGNED_CONTEXT((#13547))GLOBAL_UNIT_ASSIGNED_CONTEXT((#13544,#13545,#13546))REPRESENTATION_CONTEXT('',''));
#13549=CARTESIAN_POINT('',(0.,0.,0.));
#13550=AXIS2_PLACEMENT_3D('',#13549,#1515,#122);
#13551=ADVANCED_BREP_SHAPE_REPRESENTATION('camera_socket_tile',(#13550,#6010,#6111,#6212,#6313,#6414,#6515,#6616,#6717,#6818,#6919,#7020,#7121,#7491,#7592,#7693,#7794,#7895,#7996,#8097,#8198,#8299,#8400,#8501,#8602,#8972,#9073,#9174,#9275,#9376,#9477,#9578,#9679,#9780,#9881,#9982,#10083,#10453,#10554,#10655,#10756,#10857,#10958,#11059,#11160,#11261,#11362,#11463,#11564,#11934,#12754,#13534),#13548);
#13552=SHAPE_DEFINITION_REPRESENTATION(#13542,#13551);
#13553=COLOUR_RGB('tile_upper',0.35,0.55,0.8);
#13554=FILL_AREA_STYLE_COLOUR('',#13553);
#13555=FILL_AREA_STYLE('',(#13554));
#13556=SURFACE_STYLE_FILL_AREA(#13555);
#13557=SURFACE_SIDE_STYLE('',(#13556));
#13558=SURFACE_STYLE_USAGE(.BOTH.,#13557);
#13559=PRESENTATION_STYLE_ASSIGNMENT((#13558));
#13560=STYLED_ITEM('colour',(#13559),#6010);
#13561=COLOUR_RGB('tile_lower_01',0.35,0.55,0.8);
#13562=FILL_AREA_STYLE_COLOUR('',#13561);
#13563=FILL_AREA_STYLE('',(#13562));
#13564=SURFACE_STYLE_FILL_AREA(#13563);
#13565=SURFACE_SIDE_STYLE('',(#13564));
#13566=SURFACE_STYLE_USAGE(.BOTH.,#13565);
#13567=PRESENTATION_STYLE_ASSIGNMENT((#13566));
#13568=STYLED_ITEM('colour',(#13567),#6111);
#13569=COLOUR_RGB('tile_lower_02',0.35,0.55,0.8);
#13570=FILL_AREA_STYLE_COLOUR('',#13569);
#13571=FILL_AREA_STYLE('',(#13570));
#13572=SURFACE_STYLE_FILL_AREA(#13571);
#13573=SURFACE_SIDE_STYLE('',(#13572));
#13574=SURFACE_STYLE_USAGE(.BOTH.,#13573);
#13575=PRESENTATION_STYLE_ASSIGNMENT((#13574));
#13576=STYLED_ITEM('colour',(#13575),#6212);
#13577=COLOUR_RGB('tile_lower_03',0.35,0.55,0.8);
#13578=FILL_AREA_STYLE_COLOUR('',#13577);
#13579=FILL_AREA_STYLE('',(#13578));
#13580=SURFACE_STYLE_FILL_AREA(#13579);
#13581=SURFACE_SIDE_STYLE('',(#13580));
#13582=SURFACE_STYLE_USAGE(.BOTH.,#13581);
#13583=PRESENTATION_STYLE_ASSIGNMENT((#13582));
#13584=STYLED_ITEM('colour',(#13583),#6313);
#13585=COLOUR_RGB('tile_lower_04',0.35,0.55,0.8);
#13586=FILL_AREA_STYLE_COLOUR('',#13585);
#13587=FILL_AREA_STYLE('',(#13586));
#13588=SURFACE_STYLE_FILL_AREA(#13587);
#13589=SURFACE_SIDE_STYLE('',(#13588));
#13590=SURFACE_STYLE_USAGE(.BOTH.,#13589);
#13591=PRESENTATION_STYLE_ASSIGNMENT((#13590));
#13592=STYLED_ITEM('colour',(#13591),#6414);
#13593=COLOUR_RGB('tile_lower_05',0.35,0.55,0.8);
#13594=FILL_AREA_STYLE_COLOUR('',#13593);
#13595=FILL_AREA_STYLE('',(#13594));
#13596=SURFACE_STYLE_FILL_AREA(#13595);
#13597=SURFACE_SIDE_STYLE('',(#13596));
#13598=SURFACE_STYLE_USAGE(.BOTH.,#13597);
#13599=PRESENTATION_STYLE_ASSIGNMENT((#13598));
#13600=STYLED_ITEM('colour',(#13599),#6515);
#13601=COLOUR_RGB('tile_lower_06',0.35,0.55,0.8);
#13602=FILL_AREA_STYLE_COLOUR('',#13601);
#13603=FILL_AREA_STYLE('',(#13602));
#13604=SURFACE_STYLE_FILL_AREA(#13603);
#13605=SURFACE_SIDE_STYLE('',(#13604));
#13606=SURFACE_STYLE_USAGE(.BOTH.,#13605);
#13607=PRESENTATION_STYLE_ASSIGNMENT((#13606));
#13608=STYLED_ITEM('colour',(#13607),#6616);
#13609=COLOUR_RGB('tile_lower_07',0.35,0.55,0.8);
#13610=FILL_AREA_STYLE_COLOUR('',#13609);
#13611=FILL_AREA_STYLE('',(#13610));
#13612=SURFACE_STYLE_FILL_AREA(#13611);
#13613=SURFACE_SIDE_STYLE('',(#13612));
#13614=SURFACE_STYLE_USAGE(.BOTH.,#13613);
#13615=PRESENTATION_STYLE_ASSIGNMENT((#13614));
#13616=STYLED_ITEM('colour',(#13615),#6717);
#13617=COLOUR_RGB('tile_lower_08',0.35,0.55,0.8);
#13618=FILL_AREA_STYLE_COLOUR('',#13617);
#13619=FILL_AREA_STYLE('',(#13618));
#13620=SURFACE_STYLE_FILL_AREA(#13619);
#13621=SURFACE_SIDE_STYLE('',(#13620));
#13622=SURFACE_STYLE_USAGE(.BOTH.,#13621);
#13623=PRESENTATION_STYLE_ASSIGNMENT((#13622));
#13624=STYLED_ITEM('colour',(#13623),#6818);
#13625=COLOUR_RGB('tile_lower_09',0.35,0.55,0.8);
#13626=FILL_AREA_STYLE_COLOUR('',#13625);
#13627=FILL_AREA_STYLE('',(#13626));
#13628=SURFACE_STYLE_FILL_AREA(#13627);
#13629=SURFACE_SIDE_STYLE('',(#13628));
#13630=SURFACE_STYLE_USAGE(.BOTH.,#13629);
#13631=PRESENTATION_STYLE_ASSIGNMENT((#13630));
#13632=STYLED_ITEM('colour',(#13631),#6919);
#13633=COLOUR_RGB('tile_lower_10',0.35,0.55,0.8);
#13634=FILL_AREA_STYLE_COLOUR('',#13633);
#13635=FILL_AREA_STYLE('',(#13634));
#13636=SURFACE_STYLE_FILL_AREA(#13635);
#13637=SURFACE_SIDE_STYLE('',(#13636));
#13638=SURFACE_STYLE_USAGE(.BOTH.,#13637);
#13639=PRESENTATION_STYLE_ASSIGNMENT((#13638));
#13640=STYLED_ITEM('colour',(#13639),#7020);
#13641=COLOUR_RGB('tile_lower_11',0.35,0.55,0.8);
#13642=FILL_AREA_STYLE_COLOUR('',#13641);
#13643=FILL_AREA_STYLE('',(#13642));
#13644=SURFACE_STYLE_FILL_AREA(#13643);
#13645=SURFACE_SIDE_STYLE('',(#13644));
#13646=SURFACE_STYLE_USAGE(.BOTH.,#13645);
#13647=PRESENTATION_STYLE_ASSIGNMENT((#13646));
#13648=STYLED_ITEM('colour',(#13647),#7121);
#13649=COLOUR_RGB('tile_lower_12',0.35,0.55,0.8);
#13650=FILL_AREA_STYLE_COLOUR('',#13649);
#13651=FILL_AREA_STYLE('',(#13650));
#13652=SURFACE_STYLE_FILL_AREA(#13651);
#13653=SURFACE_SIDE_STYLE('',(#13652));
#13654=SURFACE_STYLE_USAGE(.BOTH.,#13653);
#13655=PRESENTATION_STYLE_ASSIGNMENT((#13654));
#13656=STYLED_ITEM('colour',(#13655),#7491);
#13657=COLOUR_RGB('tile_lower_13',0.35,0.55,0.8);
#13658=FILL_AREA_STYLE_COLOUR('',#13657);
#13659=FILL_AREA_STYLE('',(#13658));
#13660=SURFACE_STYLE_FILL_AREA(#13659);
#13661=SURFACE_SIDE_STYLE('',(#13660));
#13662=SURFACE_STYLE_USAGE(.BOTH.,#13661);
#13663=PRESENTATION_STYLE_ASSIGNMENT((#13662));
#13664=STYLED_ITEM('colour',(#13663),#7592);
#13665=COLOUR_RGB('tile_lower_14',0.35,0.55,0.8);
#13666=FILL_AREA_STYLE_COLOUR('',#13665);
#13667=FILL_AREA_STYLE('',(#13666));
#13668=SURFACE_STYLE_FILL_AREA(#13667);
#13669=SURFACE_SIDE_STYLE('',(#13668));
#13670=SURFACE_STYLE_USAGE(.BOTH.,#13669);
#13671=PRESENTATION_STYLE_ASSIGNMENT((#13670));
#13672=STYLED_ITEM('colour',(#13671),#7693);
#13673=COLOUR_RGB('tile_lower_15',0.35,0.55,0.8);
#13674=FILL_AREA_STYLE_COLOUR('',#13673);
#13675=FILL_AREA_STYLE('',(#13674));
#13676=SURFACE_STYLE_FILL_AREA(#13675);
#13677=SURFACE_SIDE_STYLE('',(#13676));
#13678=SURFACE_STYLE_USAGE(.BOTH.,#13677);
#13679=PRESENTATION_STYLE_ASSIGNMENT((#13678));
#13680=STYLED_ITEM('colour',(#13679),#7794);
#13681=COLOUR_RGB('tile_lower_16',0.35,0.55,0.8);
#13682=FILL_AREA_STYLE_COLOUR('',#13681);
#13683=FILL_AREA_STYLE('',(#13682));
#13684=SURFACE_STYLE_FILL_AREA(#13683);
#13685=SURFACE_SIDE_STYLE('',(#13684));
#13686=SURFACE_STYLE_USAGE(.BOTH.,#13685);
#13687=PRESENTATION_STYLE_ASSIGNMENT((#13686));
#13688=STYLED_ITEM('colour',(#13687),#7895);
#13689=COLOUR_RGB('tile_lower_17',0.35,0.55,0.8);
#13690=FILL_AREA_STYLE_COLOUR('',#13689);
#13691=FILL_AREA_STYLE('',(#13690));
#13692=SURFACE_STYLE_FILL_AREA(#13691);
#13693=SURFACE_SIDE_STYLE('',(#13692));
#13694=SURFACE_STYLE_USAGE(.BOTH.,#13693);
#13695=PRESENTATION_STYLE_ASSIGNMENT((#13694));
#13696=STYLED_ITEM('colour',(#13695),#7996);
#13697=COLOUR_RGB('tile_lower_18',0.35,0.55,0.8);
#13698=FILL_AREA_STYLE_COLOUR('',#13697);
#13699=FILL_AREA_STYLE('',(#13698));
#13700=SURFACE_STYLE_FILL_AREA(#13699);
#13701=SURFACE_SIDE_STYLE('',(#13700));
#13702=SURFACE_STYLE_USAGE(.BOTH.,#13701);
#13703=PRESENTATION_STYLE_ASSIGNMENT((#13702));
#13704=STYLED_ITEM('colour',(#13703),#8097);
#13705=COLOUR_RGB('tile_lower_19',0.35,0.55,0.8);
#13706=FILL_AREA_STYLE_COLOUR('',#13705);
#13707=FILL_AREA_STYLE('',(#13706));
#13708=SURFACE_STYLE_FILL_AREA(#13707);
#13709=SURFACE_SIDE_STYLE('',(#13708));
#13710=SURFACE_STYLE_USAGE(.BOTH.,#13709);
#13711=PRESENTATION_STYLE_ASSIGNMENT((#13710));
#13712=STYLED_ITEM('colour',(#13711),#8198);
#13713=COLOUR_RGB('tile_lower_20',0.35,0.55,0.8);
#13714=FILL_AREA_STYLE_COLOUR('',#13713);
#13715=FILL_AREA_STYLE('',(#13714));
#13716=SURFACE_STYLE_FILL_AREA(#13715);
#13717=SURFACE_SIDE_STYLE('',(#13716));
#13718=SURFACE_STYLE_USAGE(.BOTH.,#13717);
#13719=PRESENTATION_STYLE_ASSIGNMENT((#13718));
#13720=STYLED_ITEM('colour',(#13719),#8299);
#13721=COLOUR_RGB('tile_lower_21',0.35,0.55,0.8);
#13722=FILL_AREA_STYLE_COLOUR('',#13721);
#13723=FILL_AREA_STYLE('',(#13722));
#13724=SURFACE_STYLE_FILL_AREA(#13723);
#13725=SURFACE_SIDE_STYLE('',(#13724));
#13726=SURFACE_STYLE_USAGE(.BOTH.,#13725);
#13727=PRESENTATION_STYLE_ASSIGNMENT((#13726));
#13728=STYLED_ITEM('colour',(#13727),#8400);
#13729=COLOUR_RGB('tile_lower_22',0.35,0.55,0.8);
#13730=FILL_AREA_STYLE_COLOUR('',#13729);
#13731=FILL_AREA_STYLE('',(#13730));
#13732=SURFACE_STYLE_FILL_AREA(#13731);
#13733=SURFACE_SIDE_STYLE('',(#13732));
#13734=SURFACE_STYLE_USAGE(.BOTH.,#13733);
#13735=PRESENTATION_STYLE_ASSIGNMENT((#13734));
#13736=STYLED_ITEM('colour',(#13735),#8501);
#13737=COLOUR_RGB('tile_lower_23',0.35,0.55,0.8);
#13738=FILL_AREA_STYLE_COLOUR('',#13737);
#13739=FILL_AREA_STYLE('',(#13738));
#13740=SURFACE_STYLE_FILL_AREA(#13739);
#13741=SURFACE_SIDE_STYLE('',(#13740));
#13742=SURFACE_STYLE_USAGE(.BOTH.,#13741);
#13743=PRESENTATION_STYLE_ASSIGNMENT((#13742));
#13744=STYLED_ITEM('colour',(#13743),#8602);
#13745=COLOUR_RGB('tile_lower_24',0.35,0.55,0.8);
#13746=FILL_AREA_STYLE_COLOUR('',#13745);
#13747=FILL_AREA_STYLE('',(#13746));
#13748=SURFACE_STYLE_FILL_AREA(#13747);
#13749=SURFACE_SIDE_STYLE('',(#13748));
#13750=SURFACE_STYLE_USAGE(.BOTH.,#13749);
#13751=PRESENTATION_STYLE_ASSIGNMENT((#13750));
#13752=STYLED_ITEM('colour',(#13751),#8972);
#13753=COLOUR_RGB('tile_lower_25',0.35,0.55,0.8);
#13754=FILL_AREA_STYLE_COLOUR('',#13753);
#13755=FILL_AREA_STYLE('',(#13754));
#13756=SURFACE_STYLE_FILL_AREA(#13755);
#13757=SURFACE_SIDE_STYLE('',(#13756));
#13758=SURFACE_STYLE_USAGE(.BOTH.,#13757);
#13759=PRESENTATION_STYLE_ASSIGNMENT((#13758));
#13760=STYLED_ITEM('colour',(#13759),#9073);
#13761=COLOUR_RGB('tile_lower_26',0.35,0.55,0.8);
#13762=FILL_AREA_STYLE_COLOUR('',#13761);
#13763=FILL_AREA_STYLE('',(#13762));
#13764=SURFACE_STYLE_FILL_AREA(#13763);
#13765=SURFACE_SIDE_STYLE('',(#13764));
#13766=SURFACE_STYLE_USAGE(.BOTH.,#13765);
#13767=PRESENTATION_STYLE_ASSIGNMENT((#13766));
#13768=STYLED_ITEM('colour',(#13767),#9174);
#13769=COLOUR_RGB('tile_lower_27',0.35,0.55,0.8);
#13770=FILL_AREA_STYLE_COLOUR('',#13769);
#13771=FILL_AREA_STYLE('',(#13770));
#13772=SURFACE_STYLE_FILL_AREA(#13771);
#13773=SURFACE_SIDE_STYLE('',(#13772));
#13774=SURFACE_STYLE_USAGE(.BOTH.,#13773);
#13775=PRESENTATION_STYLE_ASSIGNMENT((#13774));
#13776=STYLED_ITEM('colour',(#13775),#9275);
#13777=COLOUR_RGB('tile_lower_28',0.35,0.55,0.8);
#13778=FILL_AREA_STYLE_COLOUR('',#13777);
#13779=FILL_AREA_STYLE('',(#13778));
#13780=SURFACE_STYLE_FILL_AREA(#13779);
#13781=SURFACE_SIDE_STYLE('',(#13780));
#13782=SURFACE_STYLE_USAGE(.BOTH.,#13781);
#13783=PRESENTATION_STYLE_ASSIGNMENT((#13782));
#13784=STYLED_ITEM('colour',(#13783),#9376);
#13785=COLOUR_RGB('tile_lower_29',0.35,0.55,0.8);
#13786=FILL_AREA_STYLE_COLOUR('',#13785);
#13787=FILL_AREA_STYLE('',(#13786));
#13788=SURFACE_STYLE_FILL_AREA(#13787);
#13789=SURFACE_SIDE_STYLE('',(#13788));
#13790=SURFACE_STYLE_USAGE(.BOTH.,#13789);
#13791=PRESENTATION_STYLE_ASSIGNMENT((#13790));
#13792=STYLED_ITEM('colour',(#13791),#9477);
#13793=COLOUR_RGB('tile_lower_30',0.35,0.55,0.8);
#13794=FILL_AREA_STYLE_COLOUR('',#13793);
#13795=FILL_AREA_STYLE('',(#13794));
#13796=SURFACE_STYLE_FILL_AREA(#13795);
#13797=SURFACE_SIDE_STYLE('',(#13796));
#13798=SURFACE_STYLE_USAGE(.BOTH.,#13797);
#13799=PRESENTATION_STYLE_ASSIGNMENT((#13798));
#13800=STYLED_ITEM('colour',(#13799),#9578);
#13801=COLOUR_RGB('tile_lower_31',0.35,0.55,0.8);
#13802=FILL_AREA_STYLE_COLOUR('',#13801);
#13803=FILL_AREA_STYLE('',(#13802));
#13804=SURFACE_STYLE_FILL_AREA(#13803);
#13805=SURFACE_SIDE_STYLE('',(#13804));
#13806=SURFACE_STYLE_USAGE(.BOTH.,#13805);
#13807=PRESENTATION_STYLE_ASSIGNMENT((#13806));
#13808=STYLED_ITEM('colour',(#13807),#9679);
#13809=COLOUR_RGB('tile_lower_32',0.35,0.55,0.8);
#13810=FILL_AREA_STYLE_COLOUR('',#13809);
#13811=FILL_AREA_STYLE('',(#13810));
#13812=SURFACE_STYLE_FILL_AREA(#13811);
#13813=SURFACE_SIDE_STYLE('',(#13812));
#13814=SURFACE_STYLE_USAGE(.BOTH.,#13813);
#13815=PRESENTATION_STYLE_ASSIGNMENT((#13814));
#13816=STYLED_ITEM('colour',(#13815),#9780);
#13817=COLOUR_RGB('tile_lower_33',0.35,0.55,0.8);
#13818=FILL_AREA_STYLE_COLOUR('',#13817);
#13819=FILL_AREA_STYLE('',(#13818));
#13820=SURFACE_STYLE_FILL_AREA(#13819);
#13821=SURFACE_SIDE_STYLE('',(#13820));
#13822=SURFACE_STYLE_USAGE(.BOTH.,#13821);
#13823=PRESENTATION_STYLE_ASSIGNMENT((#13822));
#13824=STYLED_ITEM('colour',(#13823),#9881);
#13825=COLOUR_RGB('tile_lower_34',0.35,0.55,0.8);
#13826=FILL_AREA_STYLE_COLOUR('',#13825);
#13827=FILL_AREA_STYLE('',(#13826));
#13828=SURFACE_STYLE_FILL_AREA(#13827);
#13829=SURFACE_SIDE_STYLE('',(#13828));
#13830=SURFACE_STYLE_USAGE(.BOTH.,#13829);
#13831=PRESENTATION_STYLE_ASSIGNMENT((#13830));
#13832=STYLED_ITEM('colour',(#13831),#9982);
#13833=COLOUR_RGB('tile_lower_35',0.35,0.55,0.8);
#13834=FILL_AREA_STYLE_COLOUR('',#13833);
#13835=FILL_AREA_STYLE('',(#13834));
#13836=SURFACE_STYLE_FILL_AREA(#13835);
#13837=SURFACE_SIDE_STYLE('',(#13836));
#13838=SURFACE_STYLE_USAGE(.BOTH.,#13837);
#13839=PRESENTATION_STYLE_ASSIGNMENT((#13838));
#13840=STYLED_ITEM('colour',(#13839),#10083);
#13841=COLOUR_RGB('tile_lower_36',0.35,0.55,0.8);
#13842=FILL_AREA_STYLE_COLOUR('',#13841);
#13843=FILL_AREA_STYLE('',(#13842));
#13844=SURFACE_STYLE_FILL_AREA(#13843);
#13845=SURFACE_SIDE_STYLE('',(#13844));
#13846=SURFACE_STYLE_USAGE(.BOTH.,#13845);
#13847=PRESENTATION_STYLE_ASSIGNMENT((#13846));
#13848=STYLED_ITEM('colour',(#13847),#10453);
#13849=COLOUR_RGB('tile_lower_37',0.35,0.55,0.8);
#13850=FILL_AREA_STYLE_COLOUR('',#13849);
#13851=FILL_AREA_STYLE('',(#13850));
#13852=SURFACE_STYLE_FILL_AREA(#13851);
#13853=SURFACE_SIDE_STYLE('',(#13852));
#13854=SURFACE_STYLE_USAGE(.BOTH.,#13853);
#13855=PRESENTATION_STYLE_ASSIGNMENT((#13854));
#13856=STYLED_ITEM('colour',(#13855),#10554);
#13857=COLOUR_RGB('tile_lower_38',0.35,0.55,0.8);
#13858=FILL_AREA_STYLE_COLOUR('',#13857);
#13859=FILL_AREA_STYLE('',(#13858));
#13860=SURFACE_STYLE_FILL_AREA(#13859);
#13861=SURFACE_SIDE_STYLE('',(#13860));
#13862=SURFACE_STYLE_USAGE(.BOTH.,#13861);
#13863=PRESENTATION_STYLE_ASSIGNMENT((#13862));
#13864=STYLED_ITEM('colour',(#13863),#10655);
#13865=COLOUR_RGB('tile_lower_39',0.35,0.55,0.8);
#13866=FILL_AREA_STYLE_COLOUR('',#13865);
#13867=FILL_AREA_STYLE('',(#13866));
#13868=SURFACE_STYLE_FILL_AREA(#13867);
#13869=SURFACE_SIDE_STYLE('',(#13868));
#13870=SURFACE_STYLE_USAGE(.BOTH.,#13869);
#13871=PRESENTATION_STYLE_ASSIGNMENT((#13870));
#13872=STYLED_ITEM('colour',(#13871),#10756);
#13873=COLOUR_RGB('tile_lower_40',0.35,0.55,0.8);
#13874=FILL_AREA_STYLE_COLOUR('',#13873);
#13875=FILL_AREA_STYLE('',(#13874));
#13876=SURFACE_STYLE_FILL_AREA(#13875);
#13877=SURFACE_SIDE_STYLE('',(#13876));
#13878=SURFACE_STYLE_USAGE(.BOTH.,#13877);
#13879=PRESENTATION_STYLE_ASSIGNMENT((#13878));
#13880=STYLED_ITEM('colour',(#13879),#10857);
#13881=COLOUR_RGB('tile_lower_41',0.35,0.55,0.8);
#13882=FILL_AREA_STYLE_COLOUR('',#13881);
#13883=FILL_AREA_STYLE('',(#13882));
#13884=SURFACE_STYLE_FILL_AREA(#13883);
#13885=SURFACE_SIDE_STYLE('',(#13884));
#13886=SURFACE_STYLE_USAGE(.BOTH.,#13885);
#13887=PRESENTATION_STYLE_ASSIGNMENT((#13886));
#13888=STYLED_ITEM('colour',(#13887),#10958);
#13889=COLOUR_RGB('tile_lower_42',0.35,0.55,0.8);
#13890=FILL_AREA_STYLE_COLOUR('',#13889);
#13891=FILL_AREA_STYLE('',(#13890));
#13892=SURFACE_STYLE_FILL_AREA(#13891);
#13893=SURFACE_SIDE_STYLE('',(#13892));
#13894=SURFACE_STYLE_USAGE(.BOTH.,#13893);
#13895=PRESENTATION_STYLE_ASSIGNMENT((#13894));
#13896=STYLED_ITEM('colour',(#13895),#11059);
#13897=COLOUR_RGB('tile_lower_43',0.35,0.55,0.8);
#13898=FILL_AREA_STYLE_COLOUR('',#13897);
#13899=FILL_AREA_STYLE('',(#13898));
#13900=SURFACE_STYLE_FILL_AREA(#13899);
#13901=SURFACE_SIDE_STYLE('',(#13900));
#13902=SURFACE_STYLE_USAGE(.BOTH.,#13901);
#13903=PRESENTATION_STYLE_ASSIGNMENT((#13902));
#13904=STYLED_ITEM('colour',(#13903),#11160);
#13905=COLOUR_RGB('tile_lower_44',0.35,0.55,0.8);
#13906=FILL_AREA_STYLE_COLOUR('',#13905);
#13907=FILL_AREA_STYLE('',(#13906));
#13908=SURFACE_STYLE_FILL_AREA(#13907);
#13909=SURFACE_SIDE_STYLE('',(#13908));
#13910=SURFACE_STYLE_USAGE(.BOTH.,#13909);
#13911=PRESENTATION_STYLE_ASSIGNMENT((#13910));
#13912=STYLED_ITEM('colour',(#13911),#11261);
#13913=COLOUR_RGB('tile_lower_45',0.35,0.55,0.8);
#13914=FILL_AREA_STYLE_COLOUR('',#13913);
#13915=FILL_AREA_STYLE('',(#13914));
#13916=SURFACE_STYLE_FILL_AREA(#13915);
#13917=SURFACE_SIDE_STYLE('',(#13916));
#13918=SURFACE_STYLE_USAGE(.BOTH.,#13917);
#13919=PRESENTATION_STYLE_ASSIGNMENT((#13918));
#13920=STYLED_ITEM('colour',(#13919),#11362);
#13921=COLOUR_RGB('tile_lower_46',0.35,0.55,0.8);
#13922=FILL_AREA_STYLE_COLOUR('',#13921);
#13923=FILL_AREA_STYLE('',(#13922));
#13924=SURFACE_STYLE_FILL_AREA(#13923);
#13925=SURFACE_SIDE_STYLE('',(#13924));
#13926=SURFACE_STYLE_USAGE(.BOTH.,#13925);
#13927=PRESENTATION_STYLE_ASSIGNMENT((#13926));
#13928=STYLED_ITEM('colour',(#13927),#11463);
#13929=COLOUR_RGB('tile_lower_47',0.35,0.55,0.8);
#13930=FILL_AREA_STYLE_COLOUR('',#13929);
#13931=FILL_AREA_STYLE('',(#13930));
#13932=SURFACE_STYLE_FILL_AREA(#13931);
#13933=SURFACE_SIDE_STYLE('',(#13932));
#13934=SURFACE_STYLE_USAGE(.BOTH.,#13933);
#13935=PRESENTATION_STYLE_ASSIGNMENT((#13934));
#13936=STYLED_ITEM('colour',(#13935),#11564);
#13937=COLOUR_RGB('tile_lower_48',0.35,0.55,0.8);
#13938=FILL_AREA_STYLE_COLOUR('',#13937);
#13939=FILL_AREA_STYLE('',(#13938));
#13940=SURFACE_STYLE_FILL_AREA(#13939);
#13941=SURFACE_SIDE_STYLE('',(#13940));
#13942=SURFACE_STYLE_USAGE(.BOTH.,#13941);
#13943=PRESENTATION_STYLE_ASSIGNMENT((#13942));
#13944=STYLED_ITEM('colour',(#13943),#11934);
#13945=COLOUR_RGB('locating_pin_1',0.25,0.4,0.62);
#13946=FILL_AREA_STYLE_COLOUR('',#13945);
#13947=FILL_AREA_STYLE('',(#13946));
#13948=SURFACE_STYLE_FILL_AREA(#13947);
#13949=SURFACE_SIDE_STYLE('',(#13948));
#13950=SURFACE_STYLE_USAGE(.BOTH.,#13949);
#13951=PRESENTATION_STYLE_ASSIGNMENT((#13950));
#13952=STYLED_ITEM('colour',(#13951),#12754);
#13953=COLOUR_RGB('locating_pin_2',0.25,0.4,0.62);
#13954=FILL_AREA_STYLE_COLOUR('',#13953);
#13955=FILL_AREA_STYLE('',(#13954));
#13956=SURFACE_STYLE_FILL_AREA(#13955);
#13957=SURFACE_SIDE_STYLE('',(#13956));
#13958=SURFACE_STYLE_USAGE(.BOTH.,#13957);
#13959=PRESENTATION_STYLE_ASSIGNMENT((#13958));
#13960=STYLED_ITEM('colour',(#13959),#13534);
#13961=MECHANICAL_DESIGN_GEOMETRIC_PRESENTATION_REPRESENTATION('',(#13560,#13568,#13576,#13584,#13592,#13600,#13608,#13616,#13624,#13632,#13640,#13648,#13656,#13664,#13672,#13680,#13688,#13696,#13704,#13712,#13720,#13728,#13736,#13744,#13752,#13760,#13768,#13776,#13784,#13792,#13800,#13808,#13816,#13824,#13832,#13840,#13848,#13856,#13864,#13872,#13880,#13888,#13896,#13904,#13912,#13920,#13928,#13936,#13944,#13952,#13960),#13548);
ENDSEC;
END-ISO-10303-21;
