ISO-10303-21;
HEADER;
FILE_DESCRIPTION(('C-mount lens box, open bottom, gravity-seated'),'2;1');
FILE_NAME('camera_lens_box','2026-08-13T00:00:00',('AuV2-SLI'),('University of Kentucky'),'gen_lens_box.py','gen_lens_box.py','');
FILE_SCHEMA(('AUTOMOTIVE_DESIGN { 1 0 10303 214 1 1 1 1 }'));
ENDSEC;
DATA;
#1=CARTESIAN_POINT('',(20.75,-26.75,16.786));
#2=VERTEX_POINT('',#1);
#3=CARTESIAN_POINT('',(21.2676381,-26.6818517,16.786));
#4=VERTEX_POINT('',#3);
#5=CARTESIAN_POINT('',(21.75,-26.4820508,16.786));
#6=VERTEX_POINT('',#5);
#7=CARTESIAN_POINT('',(22.1642136,-26.1642136,16.786));
#8=VERTEX_POINT('',#7);
#9=CARTESIAN_POINT('',(22.4820508,-25.75,16.786));
#10=VERTEX_POINT('',#9);
#11=CARTESIAN_POINT('',(22.6818517,-25.2676381,16.786));
#12=VERTEX_POINT('',#11);
#13=CARTESIAN_POINT('',(22.75,-24.75,16.786));
#14=VERTEX_POINT('',#13);
#15=CARTESIAN_POINT('',(22.75,23.75,16.786));
#16=VERTEX_POINT('',#15);
#17=CARTESIAN_POINT('',(22.6818517,24.2676381,16.786));
#18=VERTEX_POINT('',#17);
#19=CARTESIAN_POINT('',(22.4820508,24.75,16.786));
#20=VERTEX_POINT('',#19);
#21=CARTESIAN_POINT('',(22.1642136,25.1642136,16.786));
#22=VERTEX_POINT('',#21);
#23=CARTESIAN_POINT('',(21.75,25.4820508,16.786));
#24=VERTEX_POINT('',#23);
#25=CARTESIAN_POINT('',(21.2676381,25.6818517,16.786));
#26=VERTEX_POINT('',#25);
#27=CARTESIAN_POINT('',(20.75,25.75,16.786));
#28=VERTEX_POINT('',#27);
#29=CARTESIAN_POINT('',(-37.75,25.75,16.786));
#30=VERTEX_POINT('',#29);
#31=CARTESIAN_POINT('',(-38.2676381,25.6818517,16.786));
#32=VERTEX_POINT('',#31);
#33=CARTESIAN_POINT('',(-38.75,25.4820508,16.786));
#34=VERTEX_POINT('',#33);
#35=CARTESIAN_POINT('',(-39.1642136,25.1642136,16.786));
#36=VERTEX_POINT('',#35);
#37=CARTESIAN_POINT('',(-39.4820508,24.75,16.786));
#38=VERTEX_POINT('',#37);
#39=CARTESIAN_POINT('',(-39.6818517,24.2676381,16.786));
#40=VERTEX_POINT('',#39);
#41=CARTESIAN_POINT('',(-39.75,23.75,16.786));
#42=VERTEX_POINT('',#41);
#43=CARTESIAN_POINT('',(-39.75,-24.75,16.786));
#44=VERTEX_POINT('',#43);
#45=CARTESIAN_POINT('',(-39.6818517,-25.2676381,16.786));
#46=VERTEX_POINT('',#45);
#47=CARTESIAN_POINT('',(-39.4820508,-25.75,16.786));
#48=VERTEX_POINT('',#47);
#49=CARTESIAN_POINT('',(-39.1642136,-26.1642136,16.786));
#50=VERTEX_POINT('',#49);
#51=CARTESIAN_POINT('',(-38.75,-26.4820508,16.786));
#52=VERTEX_POINT('',#51);
#53=CARTESIAN_POINT('',(-38.2676381,-26.6818517,16.786));
#54=VERTEX_POINT('',#53);
#55=CARTESIAN_POINT('',(-37.75,-26.75,16.786));
#56=VERTEX_POINT('',#55);
#57=DIRECTION('',(0.991444861,0.130526191,0.));
#58=VECTOR('',#57,1.);
#59=LINE('',#1,#58);
#60=EDGE_CURVE('',#2,#4,#59,.T.);
#61=ORIENTED_EDGE('',*,*,#60,.T.);
#62=DIRECTION('',(0.923879533,0.382683432,0.));
#63=VECTOR('',#62,1.);
#64=LINE('',#3,#63);
#65=EDGE_CURVE('',#4,#6,#64,.T.);
#66=ORIENTED_EDGE('',*,*,#65,.T.);
#67=DIRECTION('',(0.793353339,0.60876143,0.));
#68=VECTOR('',#67,1.);
#69=LINE('',#5,#68);
#70=EDGE_CURVE('',#6,#8,#69,.T.);
#71=ORIENTED_EDGE('',*,*,#70,.T.);
#72=DIRECTION('',(0.60876143,0.793353339,0.));
#73=VECTOR('',#72,1.);
#74=LINE('',#7,#73);
#75=EDGE_CURVE('',#8,#10,#74,.T.);
#76=ORIENTED_EDGE('',*,*,#75,.T.);
#77=DIRECTION('',(0.382683432,0.923879533,0.));
#78=VECTOR('',#77,1.);
#79=LINE('',#9,#78);
#80=EDGE_CURVE('',#10,#12,#79,.T.);
#81=ORIENTED_EDGE('',*,*,#80,.T.);
#82=DIRECTION('',(0.130526191,0.991444861,0.));
#83=VECTOR('',#82,1.);
#84=LINE('',#11,#83);
#85=EDGE_CURVE('',#12,#14,#84,.T.);
#86=ORIENTED_EDGE('',*,*,#85,.T.);
#87=DIRECTION('',(0.,1.,0.));
#88=VECTOR('',#87,1.);
#89=LINE('',#13,#88);
#90=EDGE_CURVE('',#14,#16,#89,.T.);
#91=ORIENTED_EDGE('',*,*,#90,.T.);
#92=DIRECTION('',(0.130526191,-0.991444861,0.));
#93=VECTOR('',#92,1.);
#94=LINE('',#17,#93);
#95=EDGE_CURVE('',#18,#16,#94,.T.);
#96=ORIENTED_EDGE('',*,*,#95,.F.);
#97=DIRECTION('',(0.382683432,-0.923879533,0.));
#98=VECTOR('',#97,1.);
#99=LINE('',#19,#98);
#100=EDGE_CURVE('',#20,#18,#99,.T.);
#101=ORIENTED_EDGE('',*,*,#100,.F.);
#102=DIRECTION('',(0.60876143,-0.793353339,0.));
#103=VECTOR('',#102,1.);
#104=LINE('',#21,#103);
#105=EDGE_CURVE('',#22,#20,#104,.T.);
#106=ORIENTED_EDGE('',*,*,#105,.F.);
#107=DIRECTION('',(0.793353339,-0.60876143,0.));
#108=VECTOR('',#107,1.);
#109=LINE('',#23,#108);
#110=EDGE_CURVE('',#24,#22,#109,.T.);
#111=ORIENTED_EDGE('',*,*,#110,.F.);
#112=DIRECTION('',(0.923879533,-0.382683432,0.));
#113=VECTOR('',#112,1.);
#114=LINE('',#25,#113);
#115=EDGE_CURVE('',#26,#24,#114,.T.);
#116=ORIENTED_EDGE('',*,*,#115,.F.);
#117=DIRECTION('',(0.991444861,-0.130526191,0.));
#118=VECTOR('',#117,1.);
#119=LINE('',#27,#118);
#120=EDGE_CURVE('',#28,#26,#119,.T.);
#121=ORIENTED_EDGE('',*,*,#120,.F.);
#122=DIRECTION('',(1.,0.,0.));
#123=VECTOR('',#122,1.);
#124=LINE('',#29,#123);
#125=EDGE_CURVE('',#30,#28,#124,.T.);
#126=ORIENTED_EDGE('',*,*,#125,.F.);
#127=VECTOR('',#57,1.);
#128=LINE('',#31,#127);
#129=EDGE_CURVE('',#32,#30,#128,.T.);
#130=ORIENTED_EDGE('',*,*,#129,.F.);
#131=VECTOR('',#62,1.);
#132=LINE('',#33,#131);
#133=EDGE_CURVE('',#34,#32,#132,.T.);
#134=ORIENTED_EDGE('',*,*,#133,.F.);
#135=VECTOR('',#67,1.);
#136=LINE('',#35,#135);
#137=EDGE_CURVE('',#36,#34,#136,.T.);
#138=ORIENTED_EDGE('',*,*,#137,.F.);
#139=VECTOR('',#72,1.);
#140=LINE('',#37,#139);
#141=EDGE_CURVE('',#38,#36,#140,.T.);
#142=ORIENTED_EDGE('',*,*,#141,.F.);
#143=VECTOR('',#77,1.);
#144=LINE('',#39,#143);
#145=EDGE_CURVE('',#40,#38,#144,.T.);
#146=ORIENTED_EDGE('',*,*,#145,.F.);
#147=VECTOR('',#82,1.);
#148=LINE('',#41,#147);
#149=EDGE_CURVE('',#42,#40,#148,.T.);
#150=ORIENTED_EDGE('',*,*,#149,.F.);
#151=VECTOR('',#87,1.);
#152=LINE('',#43,#151);
#153=EDGE_CURVE('',#44,#42,#152,.T.);
#154=ORIENTED_EDGE('',*,*,#153,.F.);
#155=VECTOR('',#92,1.);
#156=LINE('',#43,#155);
#157=EDGE_CURVE('',#44,#46,#156,.T.);
#158=ORIENTED_EDGE('',*,*,#157,.T.);
#159=VECTOR('',#97,1.);
#160=LINE('',#45,#159);
#161=EDGE_CURVE('',#46,#48,#160,.T.);
#162=ORIENTED_EDGE('',*,*,#161,.T.);
#163=VECTOR('',#102,1.);
#164=LINE('',#47,#163);
#165=EDGE_CURVE('',#48,#50,#164,.T.);
#166=ORIENTED_EDGE('',*,*,#165,.T.);
#167=VECTOR('',#107,1.);
#168=LINE('',#49,#167);
#169=EDGE_CURVE('',#50,#52,#168,.T.);
#170=ORIENTED_EDGE('',*,*,#169,.T.);
#171=VECTOR('',#112,1.);
#172=LINE('',#51,#171);
#173=EDGE_CURVE('',#52,#54,#172,.T.);
#174=ORIENTED_EDGE('',*,*,#173,.T.);
#175=VECTOR('',#117,1.);
#176=LINE('',#53,#175);
#177=EDGE_CURVE('',#54,#56,#176,.T.);
#178=ORIENTED_EDGE('',*,*,#177,.T.);
#179=VECTOR('',#122,1.);
#180=LINE('',#55,#179);
#181=EDGE_CURVE('',#56,#2,#180,.T.);
#182=ORIENTED_EDGE('',*,*,#181,.T.);
#183=EDGE_LOOP('',(#61,#66,#71,#76,#81,#86,#91,#96,#101,#106,#111,#116,#121,#126,#130,#134,#138,#142,#146,#150,#154,#158,#162,#166,#170,#174,#178,#182));
#184=FACE_OUTER_BOUND('',#183,.T.);
#185=CARTESIAN_POINT('',(-36.65,-23.75,16.786));
#186=VERTEX_POINT('',#185);
#187=CARTESIAN_POINT('',(-36.6758819,-23.7465926,16.786));
#188=VERTEX_POINT('',#187);
#189=CARTESIAN_POINT('',(-36.7,-23.7366025,16.786));
#190=VERTEX_POINT('',#189);
#191=CARTESIAN_POINT('',(-36.7207107,-23.7207107,16.786));
#192=VERTEX_POINT('',#191);
#193=CARTESIAN_POINT('',(-36.7366025,-23.7,16.786));
#194=VERTEX_POINT('',#193);
#195=CARTESIAN_POINT('',(-36.7465926,-23.6758819,16.786));
#196=VERTEX_POINT('',#195);
#197=CARTESIAN_POINT('',(-36.75,-23.65,16.786));
#198=VERTEX_POINT('',#197);
#199=CARTESIAN_POINT('',(-36.75,22.65,16.786));
#200=VERTEX_POINT('',#199);
#201=CARTESIAN_POINT('',(-36.7465926,22.6758819,16.786));
#202=VERTEX_POINT('',#201);
#203=CARTESIAN_POINT('',(-36.7366025,22.7,16.786));
#204=VERTEX_POINT('',#203);
#205=CARTESIAN_POINT('',(-36.7207107,22.7207107,16.786));
#206=VERTEX_POINT('',#205);
#207=CARTESIAN_POINT('',(-36.7,22.7366025,16.786));
#208=VERTEX_POINT('',#207);
#209=CARTESIAN_POINT('',(-36.6758819,22.7465926,16.786));
#210=VERTEX_POINT('',#209);
#211=CARTESIAN_POINT('',(-36.65,22.75,16.786));
#212=VERTEX_POINT('',#211);
#213=CARTESIAN_POINT('',(19.65,22.75,16.786));
#214=VERTEX_POINT('',#213);
#215=CARTESIAN_POINT('',(19.6758819,22.7465926,16.786));
#216=VERTEX_POINT('',#215);
#217=CARTESIAN_POINT('',(19.7,22.7366025,16.786));
#218=VERTEX_POINT('',#217);
#219=CARTESIAN_POINT('',(19.7207107,22.7207107,16.786));
#220=VERTEX_POINT('',#219);
#221=CARTESIAN_POINT('',(19.7366025,22.7,16.786));
#222=VERTEX_POINT('',#221);
#223=CARTESIAN_POINT('',(19.7465926,22.6758819,16.786));
#224=VERTEX_POINT('',#223);
#225=CARTESIAN_POINT('',(19.75,22.65,16.786));
#226=VERTEX_POINT('',#225);
#227=CARTESIAN_POINT('',(19.75,-23.65,16.786));
#228=VERTEX_POINT('',#227);
#229=CARTESIAN_POINT('',(19.7465926,-23.6758819,16.786));
#230=VERTEX_POINT('',#229);
#231=CARTESIAN_POINT('',(19.7366025,-23.7,16.786));
#232=VERTEX_POINT('',#231);
#233=CARTESIAN_POINT('',(19.7207107,-23.7207107,16.786));
#234=VERTEX_POINT('',#233);
#235=CARTESIAN_POINT('',(19.7,-23.7366025,16.786));
#236=VERTEX_POINT('',#235);
#237=CARTESIAN_POINT('',(19.6758819,-23.7465926,16.786));
#238=VERTEX_POINT('',#237);
#239=CARTESIAN_POINT('',(19.65,-23.75,16.786));
#240=VERTEX_POINT('',#239);
#241=DIRECTION('',(0.991444864,-0.130526176,0.));
#242=VECTOR('',#241,1.);
#243=LINE('',#187,#242);
#244=EDGE_CURVE('',#188,#186,#243,.T.);
#245=ORIENTED_EDGE('',*,*,#244,.F.);
#246=DIRECTION('',(0.92387952,-0.382683464,0.));
#247=VECTOR('',#246,1.);
#248=LINE('',#189,#247);
#249=EDGE_CURVE('',#190,#188,#248,.T.);
#250=ORIENTED_EDGE('',*,*,#249,.F.);
#251=DIRECTION('',(0.793353343,-0.608761425,0.));
#252=VECTOR('',#251,1.);
#253=LINE('',#191,#252);
#254=EDGE_CURVE('',#192,#190,#253,.T.);
#255=ORIENTED_EDGE('',*,*,#254,.F.);
#256=DIRECTION('',(0.608761425,-0.793353343,0.));
#257=VECTOR('',#256,1.);
#258=LINE('',#193,#257);
#259=EDGE_CURVE('',#194,#192,#258,.T.);
#260=ORIENTED_EDGE('',*,*,#259,.F.);
#261=DIRECTION('',(0.382683464,-0.92387952,0.));
#262=VECTOR('',#261,1.);
#263=LINE('',#195,#262);
#264=EDGE_CURVE('',#196,#194,#263,.T.);
#265=ORIENTED_EDGE('',*,*,#264,.F.);
#266=DIRECTION('',(0.130526176,-0.991444864,0.));
#267=VECTOR('',#266,1.);
#268=LINE('',#197,#267);
#269=EDGE_CURVE('',#198,#196,#268,.T.);
#270=ORIENTED_EDGE('',*,*,#269,.F.);
#271=VECTOR('',#87,1.);
#272=LINE('',#197,#271);
#273=EDGE_CURVE('',#198,#200,#272,.T.);
#274=ORIENTED_EDGE('',*,*,#273,.T.);
#275=DIRECTION('',(0.130526176,0.991444864,0.));
#276=VECTOR('',#275,1.);
#277=LINE('',#199,#276);
#278=EDGE_CURVE('',#200,#202,#277,.T.);
#279=ORIENTED_EDGE('',*,*,#278,.T.);
#280=DIRECTION('',(0.382683464,0.92387952,0.));
#281=VECTOR('',#280,1.);
#282=LINE('',#201,#281);
#283=EDGE_CURVE('',#202,#204,#282,.T.);
#284=ORIENTED_EDGE('',*,*,#283,.T.);
#285=DIRECTION('',(0.608761425,0.793353343,0.));
#286=VECTOR('',#285,1.);
#287=LINE('',#203,#286);
#288=EDGE_CURVE('',#204,#206,#287,.T.);
#289=ORIENTED_EDGE('',*,*,#288,.T.);
#290=DIRECTION('',(0.793353343,0.608761425,0.));
#291=VECTOR('',#290,1.);
#292=LINE('',#205,#291);
#293=EDGE_CURVE('',#206,#208,#292,.T.);
#294=ORIENTED_EDGE('',*,*,#293,.T.);
#295=DIRECTION('',(0.92387952,0.382683464,0.));
#296=VECTOR('',#295,1.);
#297=LINE('',#207,#296);
#298=EDGE_CURVE('',#208,#210,#297,.T.);
#299=ORIENTED_EDGE('',*,*,#298,.T.);
#300=DIRECTION('',(0.991444864,0.130526176,0.));
#301=VECTOR('',#300,1.);
#302=LINE('',#209,#301);
#303=EDGE_CURVE('',#210,#212,#302,.T.);
#304=ORIENTED_EDGE('',*,*,#303,.T.);
#305=VECTOR('',#122,1.);
#306=LINE('',#211,#305);
#307=EDGE_CURVE('',#212,#214,#306,.T.);
#308=ORIENTED_EDGE('',*,*,#307,.T.);
#309=VECTOR('',#241,1.);
#310=LINE('',#213,#309);
#311=EDGE_CURVE('',#214,#216,#310,.T.);
#312=ORIENTED_EDGE('',*,*,#311,.T.);
#313=VECTOR('',#246,1.);
#314=LINE('',#215,#313);
#315=EDGE_CURVE('',#216,#218,#314,.T.);
#316=ORIENTED_EDGE('',*,*,#315,.T.);
#317=VECTOR('',#251,1.);
#318=LINE('',#217,#317);
#319=EDGE_CURVE('',#218,#220,#318,.T.);
#320=ORIENTED_EDGE('',*,*,#319,.T.);
#321=VECTOR('',#256,1.);
#322=LINE('',#219,#321);
#323=EDGE_CURVE('',#220,#222,#322,.T.);
#324=ORIENTED_EDGE('',*,*,#323,.T.);
#325=VECTOR('',#261,1.);
#326=LINE('',#221,#325);
#327=EDGE_CURVE('',#222,#224,#326,.T.);
#328=ORIENTED_EDGE('',*,*,#327,.T.);
#329=VECTOR('',#266,1.);
#330=LINE('',#223,#329);
#331=EDGE_CURVE('',#224,#226,#330,.T.);
#332=ORIENTED_EDGE('',*,*,#331,.T.);
#333=VECTOR('',#87,1.);
#334=LINE('',#227,#333);
#335=EDGE_CURVE('',#228,#226,#334,.T.);
#336=ORIENTED_EDGE('',*,*,#335,.F.);
#337=VECTOR('',#275,1.);
#338=LINE('',#229,#337);
#339=EDGE_CURVE('',#230,#228,#338,.T.);
#340=ORIENTED_EDGE('',*,*,#339,.F.);
#341=VECTOR('',#280,1.);
#342=LINE('',#231,#341);
#343=EDGE_CURVE('',#232,#230,#342,.T.);
#344=ORIENTED_EDGE('',*,*,#343,.F.);
#345=VECTOR('',#285,1.);
#346=LINE('',#233,#345);
#347=EDGE_CURVE('',#234,#232,#346,.T.);
#348=ORIENTED_EDGE('',*,*,#347,.F.);
#349=VECTOR('',#290,1.);
#350=LINE('',#235,#349);
#351=EDGE_CURVE('',#236,#234,#350,.T.);
#352=ORIENTED_EDGE('',*,*,#351,.F.);
#353=VECTOR('',#295,1.);
#354=LINE('',#237,#353);
#355=EDGE_CURVE('',#238,#236,#354,.T.);
#356=ORIENTED_EDGE('',*,*,#355,.F.);
#357=VECTOR('',#300,1.);
#358=LINE('',#239,#357);
#359=EDGE_CURVE('',#240,#238,#358,.T.);
#360=ORIENTED_EDGE('',*,*,#359,.F.);
#361=VECTOR('',#122,1.);
#362=LINE('',#185,#361);
#363=EDGE_CURVE('',#186,#240,#362,.T.);
#364=ORIENTED_EDGE('',*,*,#363,.F.);
#365=EDGE_LOOP('',(#245,#250,#255,#260,#265,#270,#274,#279,#284,#289,#294,#299,#304,#308,#312,#316,#320,#324,#328,#332,#336,#340,#344,#348,#352,#356,#360,#364));
#366=FACE_BOUND('',#365,.T.);
#367=DIRECTION('',(0.,0.,1.));
#368=AXIS2_PLACEMENT_3D('',#1,#367,#87);
#369=PLANE('',#368);
#370=ADVANCED_FACE('',(#184,#366),#369,.T.);
#371=CARTESIAN_POINT('',(-37.75,-26.75,-1.6));
#372=VERTEX_POINT('',#371);
#373=CARTESIAN_POINT('',(-38.2676381,-26.6818517,-1.6));
#374=VERTEX_POINT('',#373);
#375=CARTESIAN_POINT('',(-38.75,-26.4820508,-1.6));
#376=VERTEX_POINT('',#375);
#377=CARTESIAN_POINT('',(-39.1642136,-26.1642136,-1.6));
#378=VERTEX_POINT('',#377);
#379=CARTESIAN_POINT('',(-39.4820508,-25.75,-1.6));
#380=VERTEX_POINT('',#379);
#381=CARTESIAN_POINT('',(-39.6818517,-25.2676381,-1.6));
#382=VERTEX_POINT('',#381);
#383=CARTESIAN_POINT('',(-39.75,-24.75,-1.6));
#384=VERTEX_POINT('',#383);
#385=CARTESIAN_POINT('',(-39.75,23.75,-1.6));
#386=VERTEX_POINT('',#385);
#387=CARTESIAN_POINT('',(-39.6818517,24.2676381,-1.6));
#388=VERTEX_POINT('',#387);
#389=CARTESIAN_POINT('',(-39.4820508,24.75,-1.6));
#390=VERTEX_POINT('',#389);
#391=CARTESIAN_POINT('',(-39.1642136,25.1642136,-1.6));
#392=VERTEX_POINT('',#391);
#393=CARTESIAN_POINT('',(-38.75,25.4820508,-1.6));
#394=VERTEX_POINT('',#393);
#395=CARTESIAN_POINT('',(-38.2676381,25.6818517,-1.6));
#396=VERTEX_POINT('',#395);
#397=CARTESIAN_POINT('',(-37.75,25.75,-1.6));
#398=VERTEX_POINT('',#397);
#399=CARTESIAN_POINT('',(20.75,25.75,-1.6));
#400=VERTEX_POINT('',#399);
#401=CARTESIAN_POINT('',(21.2676381,25.6818517,-1.6));
#402=VERTEX_POINT('',#401);
#403=CARTESIAN_POINT('',(21.75,25.4820508,-1.6));
#404=VERTEX_POINT('',#403);
#405=CARTESIAN_POINT('',(22.1642136,25.1642136,-1.6));
#406=VERTEX_POINT('',#405);
#407=CARTESIAN_POINT('',(22.4820508,24.75,-1.6));
#408=VERTEX_POINT('',#407);
#409=CARTESIAN_POINT('',(22.6818517,24.2676381,-1.6));
#410=VERTEX_POINT('',#409);
#411=CARTESIAN_POINT('',(22.75,23.75,-1.6));
#412=VERTEX_POINT('',#411);
#413=CARTESIAN_POINT('',(22.75,-24.75,-1.6));
#414=VERTEX_POINT('',#413);
#415=CARTESIAN_POINT('',(22.6818517,-25.2676381,-1.6));
#416=VERTEX_POINT('',#415);
#417=CARTESIAN_POINT('',(22.4820508,-25.75,-1.6));
#418=VERTEX_POINT('',#417);
#419=CARTESIAN_POINT('',(22.1642136,-26.1642136,-1.6));
#420=VERTEX_POINT('',#419);
#421=CARTESIAN_POINT('',(21.75,-26.4820508,-1.6));
#422=VERTEX_POINT('',#421);
#423=CARTESIAN_POINT('',(21.2676381,-26.6818517,-1.6));
#424=VERTEX_POINT('',#423);
#425=CARTESIAN_POINT('',(20.75,-26.75,-1.6));
#426=VERTEX_POINT('',#425);
#427=VECTOR('',#117,1.);
#428=LINE('',#373,#427);
#429=EDGE_CURVE('',#374,#372,#428,.T.);
#430=ORIENTED_EDGE('',*,*,#429,.F.);
#431=VECTOR('',#112,1.);
#432=LINE('',#375,#431);
#433=EDGE_CURVE('',#376,#374,#432,.T.);
#434=ORIENTED_EDGE('',*,*,#433,.F.);
#435=VECTOR('',#107,1.);
#436=LINE('',#377,#435);
#437=EDGE_CURVE('',#378,#376,#436,.T.);
#438=ORIENTED_EDGE('',*,*,#437,.F.);
#439=VECTOR('',#102,1.);
#440=LINE('',#379,#439);
#441=EDGE_CURVE('',#380,#378,#440,.T.);
#442=ORIENTED_EDGE('',*,*,#441,.F.);
#443=VECTOR('',#97,1.);
#444=LINE('',#381,#443);
#445=EDGE_CURVE('',#382,#380,#444,.T.);
#446=ORIENTED_EDGE('',*,*,#445,.F.);
#447=VECTOR('',#92,1.);
#448=LINE('',#383,#447);
#449=EDGE_CURVE('',#384,#382,#448,.T.);
#450=ORIENTED_EDGE('',*,*,#449,.F.);
#451=VECTOR('',#87,1.);
#452=LINE('',#383,#451);
#453=EDGE_CURVE('',#384,#386,#452,.T.);
#454=ORIENTED_EDGE('',*,*,#453,.T.);
#455=VECTOR('',#82,1.);
#456=LINE('',#385,#455);
#457=EDGE_CURVE('',#386,#388,#456,.T.);
#458=ORIENTED_EDGE('',*,*,#457,.T.);
#459=VECTOR('',#77,1.);
#460=LINE('',#387,#459);
#461=EDGE_CURVE('',#388,#390,#460,.T.);
#462=ORIENTED_EDGE('',*,*,#461,.T.);
#463=VECTOR('',#72,1.);
#464=LINE('',#389,#463);
#465=EDGE_CURVE('',#390,#392,#464,.T.);
#466=ORIENTED_EDGE('',*,*,#465,.T.);
#467=VECTOR('',#67,1.);
#468=LINE('',#391,#467);
#469=EDGE_CURVE('',#392,#394,#468,.T.);
#470=ORIENTED_EDGE('',*,*,#469,.T.);
#471=VECTOR('',#62,1.);
#472=LINE('',#393,#471);
#473=EDGE_CURVE('',#394,#396,#472,.T.);
#474=ORIENTED_EDGE('',*,*,#473,.T.);
#475=VECTOR('',#57,1.);
#476=LINE('',#395,#475);
#477=EDGE_CURVE('',#396,#398,#476,.T.);
#478=ORIENTED_EDGE('',*,*,#477,.T.);
#479=VECTOR('',#122,1.);
#480=LINE('',#397,#479);
#481=EDGE_CURVE('',#398,#400,#480,.T.);
#482=ORIENTED_EDGE('',*,*,#481,.T.);
#483=VECTOR('',#117,1.);
#484=LINE('',#399,#483);
#485=EDGE_CURVE('',#400,#402,#484,.T.);
#486=ORIENTED_EDGE('',*,*,#485,.T.);
#487=VECTOR('',#112,1.);
#488=LINE('',#401,#487);
#489=EDGE_CURVE('',#402,#404,#488,.T.);
#490=ORIENTED_EDGE('',*,*,#489,.T.);
#491=VECTOR('',#107,1.);
#492=LINE('',#403,#491);
#493=EDGE_CURVE('',#404,#406,#492,.T.);
#494=ORIENTED_EDGE('',*,*,#493,.T.);
#495=VECTOR('',#102,1.);
#496=LINE('',#405,#495);
#497=EDGE_CURVE('',#406,#408,#496,.T.);
#498=ORIENTED_EDGE('',*,*,#497,.T.);
#499=VECTOR('',#97,1.);
#500=LINE('',#407,#499);
#501=EDGE_CURVE('',#408,#410,#500,.T.);
#502=ORIENTED_EDGE('',*,*,#501,.T.);
#503=VECTOR('',#92,1.);
#504=LINE('',#409,#503);
#505=EDGE_CURVE('',#410,#412,#504,.T.);
#506=ORIENTED_EDGE('',*,*,#505,.T.);
#507=VECTOR('',#87,1.);
#508=LINE('',#413,#507);
#509=EDGE_CURVE('',#414,#412,#508,.T.);
#510=ORIENTED_EDGE('',*,*,#509,.F.);
#511=VECTOR('',#82,1.);
#512=LINE('',#415,#511);
#513=EDGE_CURVE('',#416,#414,#512,.T.);
#514=ORIENTED_EDGE('',*,*,#513,.F.);
#515=VECTOR('',#77,1.);
#516=LINE('',#417,#515);
#517=EDGE_CURVE('',#418,#416,#516,.T.);
#518=ORIENTED_EDGE('',*,*,#517,.F.);
#519=VECTOR('',#72,1.);
#520=LINE('',#419,#519);
#521=EDGE_CURVE('',#420,#418,#520,.T.);
#522=ORIENTED_EDGE('',*,*,#521,.F.);
#523=VECTOR('',#67,1.);
#524=LINE('',#421,#523);
#525=EDGE_CURVE('',#422,#420,#524,.T.);
#526=ORIENTED_EDGE('',*,*,#525,.F.);
#527=VECTOR('',#62,1.);
#528=LINE('',#423,#527);
#529=EDGE_CURVE('',#424,#422,#528,.T.);
#530=ORIENTED_EDGE('',*,*,#529,.F.);
#531=VECTOR('',#57,1.);
#532=LINE('',#425,#531);
#533=EDGE_CURVE('',#426,#424,#532,.T.);
#534=ORIENTED_EDGE('',*,*,#533,.F.);
#535=VECTOR('',#122,1.);
#536=LINE('',#371,#535);
#537=EDGE_CURVE('',#372,#426,#536,.T.);
#538=ORIENTED_EDGE('',*,*,#537,.F.);
#539=EDGE_LOOP('',(#430,#434,#438,#442,#446,#450,#454,#458,#462,#466,#470,#474,#478,#482,#486,#490,#494,#498,#502,#506,#510,#514,#518,#522,#526,#530,#534,#538));
#540=FACE_OUTER_BOUND('',#539,.T.);
#541=CARTESIAN_POINT('',(19.65,-23.75,-1.6));
#542=VERTEX_POINT('',#541);
#543=CARTESIAN_POINT('',(19.6758819,-23.7465926,-1.6));
#544=VERTEX_POINT('',#543);
#545=CARTESIAN_POINT('',(19.7,-23.7366025,-1.6));
#546=VERTEX_POINT('',#545);
#547=CARTESIAN_POINT('',(19.7207107,-23.7207107,-1.6));
#548=VERTEX_POINT('',#547);
#549=CARTESIAN_POINT('',(19.7366025,-23.7,-1.6));
#550=VERTEX_POINT('',#549);
#551=CARTESIAN_POINT('',(19.7465926,-23.6758819,-1.6));
#552=VERTEX_POINT('',#551);
#553=CARTESIAN_POINT('',(19.75,-23.65,-1.6));
#554=VERTEX_POINT('',#553);
#555=CARTESIAN_POINT('',(19.75,22.65,-1.6));
#556=VERTEX_POINT('',#555);
#557=CARTESIAN_POINT('',(19.7465926,22.6758819,-1.6));
#558=VERTEX_POINT('',#557);
#559=CARTESIAN_POINT('',(19.7366025,22.7,-1.6));
#560=VERTEX_POINT('',#559);
#561=CARTESIAN_POINT('',(19.7207107,22.7207107,-1.6));
#562=VERTEX_POINT('',#561);
#563=CARTESIAN_POINT('',(19.7,22.7366025,-1.6));
#564=VERTEX_POINT('',#563);
#565=CARTESIAN_POINT('',(19.6758819,22.7465926,-1.6));
#566=VERTEX_POINT('',#565);
#567=CARTESIAN_POINT('',(19.65,22.75,-1.6));
#568=VERTEX_POINT('',#567);
#569=CARTESIAN_POINT('',(-36.65,22.75,-1.6));
#570=VERTEX_POINT('',#569);
#571=CARTESIAN_POINT('',(-36.6758819,22.7465926,-1.6));
#572=VERTEX_POINT('',#571);
#573=CARTESIAN_POINT('',(-36.7,22.7366025,-1.6));
#574=VERTEX_POINT('',#573);
#575=CARTESIAN_POINT('',(-36.7207107,22.7207107,-1.6));
#576=VERTEX_POINT('',#575);
#577=CARTESIAN_POINT('',(-36.7366025,22.7,-1.6));
#578=VERTEX_POINT('',#577);
#579=CARTESIAN_POINT('',(-36.7465926,22.6758819,-1.6));
#580=VERTEX_POINT('',#579);
#581=CARTESIAN_POINT('',(-36.75,22.65,-1.6));
#582=VERTEX_POINT('',#581);
#583=CARTESIAN_POINT('',(-36.75,-23.65,-1.6));
#584=VERTEX_POINT('',#583);
#585=CARTESIAN_POINT('',(-36.7465926,-23.6758819,-1.6));
#586=VERTEX_POINT('',#585);
#587=CARTESIAN_POINT('',(-36.7366025,-23.7,-1.6));
#588=VERTEX_POINT('',#587);
#589=CARTESIAN_POINT('',(-36.7207107,-23.7207107,-1.6));
#590=VERTEX_POINT('',#589);
#591=CARTESIAN_POINT('',(-36.7,-23.7366025,-1.6));
#592=VERTEX_POINT('',#591);
#593=CARTESIAN_POINT('',(-36.6758819,-23.7465926,-1.6));
#594=VERTEX_POINT('',#593);
#595=CARTESIAN_POINT('',(-36.65,-23.75,-1.6));
#596=VERTEX_POINT('',#595);
#597=VECTOR('',#300,1.);
#598=LINE('',#541,#597);
#599=EDGE_CURVE('',#542,#544,#598,.T.);
#600=ORIENTED_EDGE('',*,*,#599,.T.);
#601=VECTOR('',#295,1.);
#602=LINE('',#543,#601);
#603=EDGE_CURVE('',#544,#546,#602,.T.);
#604=ORIENTED_EDGE('',*,*,#603,.T.);
#605=VECTOR('',#290,1.);
#606=LINE('',#545,#605);
#607=EDGE_CURVE('',#546,#548,#606,.T.);
#608=ORIENTED_EDGE('',*,*,#607,.T.);
#609=VECTOR('',#285,1.);
#610=LINE('',#547,#609);
#611=EDGE_CURVE('',#548,#550,#610,.T.);
#612=ORIENTED_EDGE('',*,*,#611,.T.);
#613=VECTOR('',#280,1.);
#614=LINE('',#549,#613);
#615=EDGE_CURVE('',#550,#552,#614,.T.);
#616=ORIENTED_EDGE('',*,*,#615,.T.);
#617=VECTOR('',#275,1.);
#618=LINE('',#551,#617);
#619=EDGE_CURVE('',#552,#554,#618,.T.);
#620=ORIENTED_EDGE('',*,*,#619,.T.);
#621=VECTOR('',#87,1.);
#622=LINE('',#553,#621);
#623=EDGE_CURVE('',#554,#556,#622,.T.);
#624=ORIENTED_EDGE('',*,*,#623,.T.);
#625=VECTOR('',#266,1.);
#626=LINE('',#557,#625);
#627=EDGE_CURVE('',#558,#556,#626,.T.);
#628=ORIENTED_EDGE('',*,*,#627,.F.);
#629=VECTOR('',#261,1.);
#630=LINE('',#559,#629);
#631=EDGE_CURVE('',#560,#558,#630,.T.);
#632=ORIENTED_EDGE('',*,*,#631,.F.);
#633=VECTOR('',#256,1.);
#634=LINE('',#561,#633);
#635=EDGE_CURVE('',#562,#560,#634,.T.);
#636=ORIENTED_EDGE('',*,*,#635,.F.);
#637=VECTOR('',#251,1.);
#638=LINE('',#563,#637);
#639=EDGE_CURVE('',#564,#562,#638,.T.);
#640=ORIENTED_EDGE('',*,*,#639,.F.);
#641=VECTOR('',#246,1.);
#642=LINE('',#565,#641);
#643=EDGE_CURVE('',#566,#564,#642,.T.);
#644=ORIENTED_EDGE('',*,*,#643,.F.);
#645=VECTOR('',#241,1.);
#646=LINE('',#567,#645);
#647=EDGE_CURVE('',#568,#566,#646,.T.);
#648=ORIENTED_EDGE('',*,*,#647,.F.);
#649=VECTOR('',#122,1.);
#650=LINE('',#569,#649);
#651=EDGE_CURVE('',#570,#568,#650,.T.);
#652=ORIENTED_EDGE('',*,*,#651,.F.);
#653=VECTOR('',#300,1.);
#654=LINE('',#571,#653);
#655=EDGE_CURVE('',#572,#570,#654,.T.);
#656=ORIENTED_EDGE('',*,*,#655,.F.);
#657=VECTOR('',#295,1.);
#658=LINE('',#573,#657);
#659=EDGE_CURVE('',#574,#572,#658,.T.);
#660=ORIENTED_EDGE('',*,*,#659,.F.);
#661=VECTOR('',#290,1.);
#662=LINE('',#575,#661);
#663=EDGE_CURVE('',#576,#574,#662,.T.);
#664=ORIENTED_EDGE('',*,*,#663,.F.);
#665=VECTOR('',#285,1.);
#666=LINE('',#577,#665);
#667=EDGE_CURVE('',#578,#576,#666,.T.);
#668=ORIENTED_EDGE('',*,*,#667,.F.);
#669=VECTOR('',#280,1.);
#670=LINE('',#579,#669);
#671=EDGE_CURVE('',#580,#578,#670,.T.);
#672=ORIENTED_EDGE('',*,*,#671,.F.);
#673=VECTOR('',#275,1.);
#674=LINE('',#581,#673);
#675=EDGE_CURVE('',#582,#580,#674,.T.);
#676=ORIENTED_EDGE('',*,*,#675,.F.);
#677=VECTOR('',#87,1.);
#678=LINE('',#583,#677);
#679=EDGE_CURVE('',#584,#582,#678,.T.);
#680=ORIENTED_EDGE('',*,*,#679,.F.);
#681=VECTOR('',#266,1.);
#682=LINE('',#583,#681);
#683=EDGE_CURVE('',#584,#586,#682,.T.);
#684=ORIENTED_EDGE('',*,*,#683,.T.);
#685=VECTOR('',#261,1.);
#686=LINE('',#585,#685);
#687=EDGE_CURVE('',#586,#588,#686,.T.);
#688=ORIENTED_EDGE('',*,*,#687,.T.);
#689=VECTOR('',#256,1.);
#690=LINE('',#587,#689);
#691=EDGE_CURVE('',#588,#590,#690,.T.);
#692=ORIENTED_EDGE('',*,*,#691,.T.);
#693=VECTOR('',#251,1.);
#694=LINE('',#589,#693);
#695=EDGE_CURVE('',#590,#592,#694,.T.);
#696=ORIENTED_EDGE('',*,*,#695,.T.);
#697=VECTOR('',#246,1.);
#698=LINE('',#591,#697);
#699=EDGE_CURVE('',#592,#594,#698,.T.);
#700=ORIENTED_EDGE('',*,*,#699,.T.);
#701=VECTOR('',#241,1.);
#702=LINE('',#593,#701);
#703=EDGE_CURVE('',#594,#596,#702,.T.);
#704=ORIENTED_EDGE('',*,*,#703,.T.);
#705=VECTOR('',#122,1.);
#706=LINE('',#595,#705);
#707=EDGE_CURVE('',#596,#542,#706,.T.);
#708=ORIENTED_EDGE('',*,*,#707,.T.);
#709=EDGE_LOOP('',(#600,#604,#608,#612,#616,#620,#624,#628,#632,#636,#640,#644,#648,#652,#656,#660,#664,#668,#672,#676,#680,#684,#688,#692,#696,#700,#704,#708));
#710=FACE_BOUND('',#709,.T.);
#711=DIRECTION('',(0.,0.,-1.));
#712=DIRECTION('',(0.,-1.,0.));
#713=AXIS2_PLACEMENT_3D('',#371,#711,#712);
#714=PLANE('',#713);
#715=ADVANCED_FACE('',(#540,#710),#714,.T.);
#716=ORIENTED_EDGE('',*,*,#533,.T.);
#717=VECTOR('',#367,1.);
#718=LINE('',#423,#717);
#719=EDGE_CURVE('',#424,#4,#718,.T.);
#720=ORIENTED_EDGE('',*,*,#719,.T.);
#721=ORIENTED_EDGE('',*,*,#60,.F.);
#722=VECTOR('',#367,1.);
#723=LINE('',#425,#722);
#724=EDGE_CURVE('',#426,#2,#723,.T.);
#725=ORIENTED_EDGE('',*,*,#724,.F.);
#726=EDGE_LOOP('',(#716,#720,#721,#725));
#727=FACE_OUTER_BOUND('',#726,.T.);
#728=DIRECTION('',(0.130526192,-0.991444861,0.));
#729=DIRECTION('',(-0.991444861,-0.130526192,0.));
#730=AXIS2_PLACEMENT_3D('',#425,#728,#729);
#731=PLANE('',#730);
#732=ADVANCED_FACE('',(#727),#731,.T.);
#733=ORIENTED_EDGE('',*,*,#529,.T.);
#734=VECTOR('',#367,1.);
#735=LINE('',#421,#734);
#736=EDGE_CURVE('',#422,#6,#735,.T.);
#737=ORIENTED_EDGE('',*,*,#736,.T.);
#738=ORIENTED_EDGE('',*,*,#65,.F.);
#739=ORIENTED_EDGE('',*,*,#719,.F.);
#740=EDGE_LOOP('',(#733,#737,#738,#739));
#741=FACE_OUTER_BOUND('',#740,.T.);
#742=DIRECTION('',(-0.923879533,-0.382683432,0.));
#743=AXIS2_PLACEMENT_3D('',#423,#97,#742);
#744=PLANE('',#743);
#745=ADVANCED_FACE('',(#741),#744,.T.);
#746=ORIENTED_EDGE('',*,*,#525,.T.);
#747=VECTOR('',#367,1.);
#748=LINE('',#419,#747);
#749=EDGE_CURVE('',#420,#8,#748,.T.);
#750=ORIENTED_EDGE('',*,*,#749,.T.);
#751=ORIENTED_EDGE('',*,*,#70,.F.);
#752=ORIENTED_EDGE('',*,*,#736,.F.);
#753=EDGE_LOOP('',(#746,#750,#751,#752));
#754=FACE_OUTER_BOUND('',#753,.T.);
#755=DIRECTION('',(0.608761429,-0.79335334,0.));
#756=DIRECTION('',(-0.79335334,-0.608761429,0.));
#757=AXIS2_PLACEMENT_3D('',#421,#755,#756);
#758=PLANE('',#757);
#759=ADVANCED_FACE('',(#754),#758,.T.);
#760=ORIENTED_EDGE('',*,*,#521,.T.);
#761=VECTOR('',#367,1.);
#762=LINE('',#417,#761);
#763=EDGE_CURVE('',#418,#10,#762,.T.);
#764=ORIENTED_EDGE('',*,*,#763,.T.);
#765=ORIENTED_EDGE('',*,*,#75,.F.);
#766=ORIENTED_EDGE('',*,*,#749,.F.);
#767=EDGE_LOOP('',(#760,#764,#765,#766));
#768=FACE_OUTER_BOUND('',#767,.T.);
#769=DIRECTION('',(0.79335334,-0.608761429,0.));
#770=DIRECTION('',(-0.608761429,-0.79335334,0.));
#771=AXIS2_PLACEMENT_3D('',#419,#769,#770);
#772=PLANE('',#771);
#773=ADVANCED_FACE('',(#768),#772,.T.);
#774=ORIENTED_EDGE('',*,*,#517,.T.);
#775=VECTOR('',#367,1.);
#776=LINE('',#415,#775);
#777=EDGE_CURVE('',#416,#12,#776,.T.);
#778=ORIENTED_EDGE('',*,*,#777,.T.);
#779=ORIENTED_EDGE('',*,*,#80,.F.);
#780=ORIENTED_EDGE('',*,*,#763,.F.);
#781=EDGE_LOOP('',(#774,#778,#779,#780));
#782=FACE_OUTER_BOUND('',#781,.T.);
#783=DIRECTION('',(-0.382683432,-0.923879533,0.));
#784=AXIS2_PLACEMENT_3D('',#417,#112,#783);
#785=PLANE('',#784);
#786=ADVANCED_FACE('',(#782),#785,.T.);
#787=ORIENTED_EDGE('',*,*,#513,.T.);
#788=VECTOR('',#367,1.);
#789=LINE('',#413,#788);
#790=EDGE_CURVE('',#414,#14,#789,.T.);
#791=ORIENTED_EDGE('',*,*,#790,.T.);
#792=ORIENTED_EDGE('',*,*,#85,.F.);
#793=ORIENTED_EDGE('',*,*,#777,.F.);
#794=EDGE_LOOP('',(#787,#791,#792,#793));
#795=FACE_OUTER_BOUND('',#794,.T.);
#796=DIRECTION('',(0.991444861,-0.130526192,0.));
#797=DIRECTION('',(-0.130526192,-0.991444861,0.));
#798=AXIS2_PLACEMENT_3D('',#415,#796,#797);
#799=PLANE('',#798);
#800=ADVANCED_FACE('',(#795),#799,.T.);
#801=ORIENTED_EDGE('',*,*,#509,.T.);
#802=VECTOR('',#367,1.);
#803=LINE('',#411,#802);
#804=EDGE_CURVE('',#412,#16,#803,.T.);
#805=ORIENTED_EDGE('',*,*,#804,.T.);
#806=ORIENTED_EDGE('',*,*,#90,.F.);
#807=ORIENTED_EDGE('',*,*,#790,.F.);
#808=EDGE_LOOP('',(#801,#805,#806,#807));
#809=FACE_OUTER_BOUND('',#808,.T.);
#810=AXIS2_PLACEMENT_3D('',#413,#122,#712);
#811=PLANE('',#810);
#812=ADVANCED_FACE('',(#809),#811,.T.);
#813=ORIENTED_EDGE('',*,*,#505,.F.);
#814=VECTOR('',#367,1.);
#815=LINE('',#409,#814);
#816=EDGE_CURVE('',#410,#18,#815,.T.);
#817=ORIENTED_EDGE('',*,*,#816,.T.);
#818=ORIENTED_EDGE('',*,*,#95,.T.);
#819=ORIENTED_EDGE('',*,*,#804,.F.);
#820=EDGE_LOOP('',(#813,#817,#818,#819));
#821=FACE_OUTER_BOUND('',#820,.T.);
#822=DIRECTION('',(0.991444861,0.130526192,0.));
#823=AXIS2_PLACEMENT_3D('',#411,#822,#728);
#824=PLANE('',#823);
#825=ADVANCED_FACE('',(#821),#824,.T.);
#826=ORIENTED_EDGE('',*,*,#501,.F.);
#827=VECTOR('',#367,1.);
#828=LINE('',#407,#827);
#829=EDGE_CURVE('',#408,#20,#828,.T.);
#830=ORIENTED_EDGE('',*,*,#829,.T.);
#831=ORIENTED_EDGE('',*,*,#100,.T.);
#832=ORIENTED_EDGE('',*,*,#816,.F.);
#833=EDGE_LOOP('',(#826,#830,#831,#832));
#834=FACE_OUTER_BOUND('',#833,.T.);
#835=AXIS2_PLACEMENT_3D('',#409,#62,#97);
#836=PLANE('',#835);
#837=ADVANCED_FACE('',(#834),#836,.T.);
#838=ORIENTED_EDGE('',*,*,#497,.F.);
#839=VECTOR('',#367,1.);
#840=LINE('',#405,#839);
#841=EDGE_CURVE('',#406,#22,#840,.T.);
#842=ORIENTED_EDGE('',*,*,#841,.T.);
#843=ORIENTED_EDGE('',*,*,#105,.T.);
#844=ORIENTED_EDGE('',*,*,#829,.F.);
#845=EDGE_LOOP('',(#838,#842,#843,#844));
#846=FACE_OUTER_BOUND('',#845,.T.);
#847=DIRECTION('',(0.79335334,0.608761429,0.));
#848=AXIS2_PLACEMENT_3D('',#407,#847,#755);
#849=PLANE('',#848);
#850=ADVANCED_FACE('',(#846),#849,.T.);
#851=ORIENTED_EDGE('',*,*,#493,.F.);
#852=VECTOR('',#367,1.);
#853=LINE('',#403,#852);
#854=EDGE_CURVE('',#404,#24,#853,.T.);
#855=ORIENTED_EDGE('',*,*,#854,.T.);
#856=ORIENTED_EDGE('',*,*,#110,.T.);
#857=ORIENTED_EDGE('',*,*,#841,.F.);
#858=EDGE_LOOP('',(#851,#855,#856,#857));
#859=FACE_OUTER_BOUND('',#858,.T.);
#860=DIRECTION('',(0.608761429,0.79335334,0.));
#861=AXIS2_PLACEMENT_3D('',#405,#860,#769);
#862=PLANE('',#861);
#863=ADVANCED_FACE('',(#859),#862,.T.);
#864=ORIENTED_EDGE('',*,*,#489,.F.);
#865=VECTOR('',#367,1.);
#866=LINE('',#401,#865);
#867=EDGE_CURVE('',#402,#26,#866,.T.);
#868=ORIENTED_EDGE('',*,*,#867,.T.);
#869=ORIENTED_EDGE('',*,*,#115,.T.);
#870=ORIENTED_EDGE('',*,*,#854,.F.);
#871=EDGE_LOOP('',(#864,#868,#869,#870));
#872=FACE_OUTER_BOUND('',#871,.T.);
#873=AXIS2_PLACEMENT_3D('',#403,#77,#112);
#874=PLANE('',#873);
#875=ADVANCED_FACE('',(#872),#874,.T.);
#876=ORIENTED_EDGE('',*,*,#485,.F.);
#877=VECTOR('',#367,1.);
#878=LINE('',#399,#877);
#879=EDGE_CURVE('',#400,#28,#878,.T.);
#880=ORIENTED_EDGE('',*,*,#879,.T.);
#881=ORIENTED_EDGE('',*,*,#120,.T.);
#882=ORIENTED_EDGE('',*,*,#867,.F.);
#883=EDGE_LOOP('',(#876,#880,#881,#882));
#884=FACE_OUTER_BOUND('',#883,.T.);
#885=DIRECTION('',(0.130526192,0.991444861,0.));
#886=AXIS2_PLACEMENT_3D('',#401,#885,#796);
#887=PLANE('',#886);
#888=ADVANCED_FACE('',(#884),#887,.T.);
#889=ORIENTED_EDGE('',*,*,#481,.F.);
#890=VECTOR('',#367,1.);
#891=LINE('',#397,#890);
#892=EDGE_CURVE('',#398,#30,#891,.T.);
#893=ORIENTED_EDGE('',*,*,#892,.T.);
#894=ORIENTED_EDGE('',*,*,#125,.T.);
#895=ORIENTED_EDGE('',*,*,#879,.F.);
#896=EDGE_LOOP('',(#889,#893,#894,#895));
#897=FACE_OUTER_BOUND('',#896,.T.);
#898=AXIS2_PLACEMENT_3D('',#399,#87,#122);
#899=PLANE('',#898);
#900=ADVANCED_FACE('',(#897),#899,.T.);
#901=ORIENTED_EDGE('',*,*,#477,.F.);
#902=VECTOR('',#367,1.);
#903=LINE('',#395,#902);
#904=EDGE_CURVE('',#396,#32,#903,.T.);
#905=ORIENTED_EDGE('',*,*,#904,.T.);
#906=ORIENTED_EDGE('',*,*,#129,.T.);
#907=ORIENTED_EDGE('',*,*,#892,.F.);
#908=EDGE_LOOP('',(#901,#905,#906,#907));
#909=FACE_OUTER_BOUND('',#908,.T.);
#910=DIRECTION('',(-0.130526192,0.991444861,0.));
#911=AXIS2_PLACEMENT_3D('',#397,#910,#822);
#912=PLANE('',#911);
#913=ADVANCED_FACE('',(#909),#912,.T.);
#914=ORIENTED_EDGE('',*,*,#473,.F.);
#915=VECTOR('',#367,1.);
#916=LINE('',#393,#915);
#917=EDGE_CURVE('',#394,#34,#916,.T.);
#918=ORIENTED_EDGE('',*,*,#917,.T.);
#919=ORIENTED_EDGE('',*,*,#133,.T.);
#920=ORIENTED_EDGE('',*,*,#904,.F.);
#921=EDGE_LOOP('',(#914,#918,#919,#920));
#922=FACE_OUTER_BOUND('',#921,.T.);
#923=DIRECTION('',(-0.382683432,0.923879533,0.));
#924=AXIS2_PLACEMENT_3D('',#395,#923,#62);
#925=PLANE('',#924);
#926=ADVANCED_FACE('',(#922),#925,.T.);
#927=ORIENTED_EDGE('',*,*,#469,.F.);
#928=VECTOR('',#367,1.);
#929=LINE('',#391,#928);
#930=EDGE_CURVE('',#392,#36,#929,.T.);
#931=ORIENTED_EDGE('',*,*,#930,.T.);
#932=ORIENTED_EDGE('',*,*,#137,.T.);
#933=ORIENTED_EDGE('',*,*,#917,.F.);
#934=EDGE_LOOP('',(#927,#931,#932,#933));
#935=FACE_OUTER_BOUND('',#934,.T.);
#936=DIRECTION('',(-0.608761429,0.79335334,0.));
#937=AXIS2_PLACEMENT_3D('',#393,#936,#847);
#938=PLANE('',#937);
#939=ADVANCED_FACE('',(#935),#938,.T.);
#940=ORIENTED_EDGE('',*,*,#465,.F.);
#941=VECTOR('',#367,1.);
#942=LINE('',#389,#941);
#943=EDGE_CURVE('',#390,#38,#942,.T.);
#944=ORIENTED_EDGE('',*,*,#943,.T.);
#945=ORIENTED_EDGE('',*,*,#141,.T.);
#946=ORIENTED_EDGE('',*,*,#930,.F.);
#947=EDGE_LOOP('',(#940,#944,#945,#946));
#948=FACE_OUTER_BOUND('',#947,.T.);
#949=DIRECTION('',(-0.79335334,0.608761429,0.));
#950=AXIS2_PLACEMENT_3D('',#391,#949,#860);
#951=PLANE('',#950);
#952=ADVANCED_FACE('',(#948),#951,.T.);
#953=ORIENTED_EDGE('',*,*,#461,.F.);
#954=VECTOR('',#367,1.);
#955=LINE('',#387,#954);
#956=EDGE_CURVE('',#388,#40,#955,.T.);
#957=ORIENTED_EDGE('',*,*,#956,.T.);
#958=ORIENTED_EDGE('',*,*,#145,.T.);
#959=ORIENTED_EDGE('',*,*,#943,.F.);
#960=EDGE_LOOP('',(#953,#957,#958,#959));
#961=FACE_OUTER_BOUND('',#960,.T.);
#962=DIRECTION('',(-0.923879533,0.382683432,0.));
#963=AXIS2_PLACEMENT_3D('',#389,#962,#77);
#964=PLANE('',#963);
#965=ADVANCED_FACE('',(#961),#964,.T.);
#966=ORIENTED_EDGE('',*,*,#457,.F.);
#967=VECTOR('',#367,1.);
#968=LINE('',#385,#967);
#969=EDGE_CURVE('',#386,#42,#968,.T.);
#970=ORIENTED_EDGE('',*,*,#969,.T.);
#971=ORIENTED_EDGE('',*,*,#149,.T.);
#972=ORIENTED_EDGE('',*,*,#956,.F.);
#973=EDGE_LOOP('',(#966,#970,#971,#972));
#974=FACE_OUTER_BOUND('',#973,.T.);
#975=DIRECTION('',(-0.991444861,0.130526192,0.));
#976=AXIS2_PLACEMENT_3D('',#387,#975,#885);
#977=PLANE('',#976);
#978=ADVANCED_FACE('',(#974),#977,.T.);
#979=ORIENTED_EDGE('',*,*,#453,.F.);
#980=VECTOR('',#367,1.);
#981=LINE('',#383,#980);
#982=EDGE_CURVE('',#384,#44,#981,.T.);
#983=ORIENTED_EDGE('',*,*,#982,.T.);
#984=ORIENTED_EDGE('',*,*,#153,.T.);
#985=ORIENTED_EDGE('',*,*,#969,.F.);
#986=EDGE_LOOP('',(#979,#983,#984,#985));
#987=FACE_OUTER_BOUND('',#986,.T.);
#988=DIRECTION('',(-1.,-0.,0.));
#989=AXIS2_PLACEMENT_3D('',#385,#988,#87);
#990=PLANE('',#989);
#991=ADVANCED_FACE('',(#987),#990,.T.);
#992=ORIENTED_EDGE('',*,*,#449,.T.);
#993=VECTOR('',#367,1.);
#994=LINE('',#381,#993);
#995=EDGE_CURVE('',#382,#46,#994,.T.);
#996=ORIENTED_EDGE('',*,*,#995,.T.);
#997=ORIENTED_EDGE('',*,*,#157,.F.);
#998=ORIENTED_EDGE('',*,*,#982,.F.);
#999=EDGE_LOOP('',(#992,#996,#997,#998));
#1000=FACE_OUTER_BOUND('',#999,.T.);
#1001=AXIS2_PLACEMENT_3D('',#383,#729,#910);
#1002=PLANE('',#1001);
#1003=ADVANCED_FACE('',(#1000),#1002,.T.);
#1004=ORIENTED_EDGE('',*,*,#445,.T.);
#1005=VECTOR('',#367,1.);
#1006=LINE('',#379,#1005);
#1007=EDGE_CURVE('',#380,#48,#1006,.T.);
#1008=ORIENTED_EDGE('',*,*,#1007,.T.);
#1009=ORIENTED_EDGE('',*,*,#161,.F.);
#1010=ORIENTED_EDGE('',*,*,#995,.F.);
#1011=EDGE_LOOP('',(#1004,#1008,#1009,#1010));
#1012=FACE_OUTER_BOUND('',#1011,.T.);
#1013=AXIS2_PLACEMENT_3D('',#381,#742,#923);
#1014=PLANE('',#1013);
#1015=ADVANCED_FACE('',(#1012),#1014,.T.);
#1016=ORIENTED_EDGE('',*,*,#441,.T.);
#1017=VECTOR('',#367,1.);
#1018=LINE('',#377,#1017);
#1019=EDGE_CURVE('',#378,#50,#1018,.T.);
#1020=ORIENTED_EDGE('',*,*,#1019,.T.);
#1021=ORIENTED_EDGE('',*,*,#165,.F.);
#1022=ORIENTED_EDGE('',*,*,#1007,.F.);
#1023=EDGE_LOOP('',(#1016,#1020,#1021,#1022));
#1024=FACE_OUTER_BOUND('',#1023,.T.);
#1025=AXIS2_PLACEMENT_3D('',#379,#756,#936);
#1026=PLANE('',#1025);
#1027=ADVANCED_FACE('',(#1024),#1026,.T.);
#1028=ORIENTED_EDGE('',*,*,#437,.T.);
#1029=VECTOR('',#367,1.);
#1030=LINE('',#375,#1029);
#1031=EDGE_CURVE('',#376,#52,#1030,.T.);
#1032=ORIENTED_EDGE('',*,*,#1031,.T.);
#1033=ORIENTED_EDGE('',*,*,#169,.F.);
#1034=ORIENTED_EDGE('',*,*,#1019,.F.);
#1035=EDGE_LOOP('',(#1028,#1032,#1033,#1034));
#1036=FACE_OUTER_BOUND('',#1035,.T.);
#1037=AXIS2_PLACEMENT_3D('',#377,#770,#949);
#1038=PLANE('',#1037);
#1039=ADVANCED_FACE('',(#1036),#1038,.T.);
#1040=ORIENTED_EDGE('',*,*,#433,.T.);
#1041=VECTOR('',#367,1.);
#1042=LINE('',#373,#1041);
#1043=EDGE_CURVE('',#374,#54,#1042,.T.);
#1044=ORIENTED_EDGE('',*,*,#1043,.T.);
#1045=ORIENTED_EDGE('',*,*,#173,.F.);
#1046=ORIENTED_EDGE('',*,*,#1031,.F.);
#1047=EDGE_LOOP('',(#1040,#1044,#1045,#1046));
#1048=FACE_OUTER_BOUND('',#1047,.T.);
#1049=AXIS2_PLACEMENT_3D('',#375,#783,#962);
#1050=PLANE('',#1049);
#1051=ADVANCED_FACE('',(#1048),#1050,.T.);
#1052=ORIENTED_EDGE('',*,*,#429,.T.);
#1053=VECTOR('',#367,1.);
#1054=LINE('',#371,#1053);
#1055=EDGE_CURVE('',#372,#56,#1054,.T.);
#1056=ORIENTED_EDGE('',*,*,#1055,.T.);
#1057=ORIENTED_EDGE('',*,*,#177,.F.);
#1058=ORIENTED_EDGE('',*,*,#1043,.F.);
#1059=EDGE_LOOP('',(#1052,#1056,#1057,#1058));
#1060=FACE_OUTER_BOUND('',#1059,.T.);
#1061=AXIS2_PLACEMENT_3D('',#373,#797,#975);
#1062=PLANE('',#1061);
#1063=ADVANCED_FACE('',(#1060),#1062,.T.);
#1064=ORIENTED_EDGE('',*,*,#537,.T.);
#1065=ORIENTED_EDGE('',*,*,#724,.T.);
#1066=ORIENTED_EDGE('',*,*,#181,.F.);
#1067=ORIENTED_EDGE('',*,*,#1055,.F.);
#1068=EDGE_LOOP('',(#1064,#1065,#1066,#1067));
#1069=FACE_OUTER_BOUND('',#1068,.T.);
#1070=AXIS2_PLACEMENT_3D('',#371,#712,#988);
#1071=PLANE('',#1070);
#1072=ADVANCED_FACE('',(#1069),#1071,.T.);
#1073=ORIENTED_EDGE('',*,*,#703,.F.);
#1074=VECTOR('',#367,1.);
#1075=LINE('',#593,#1074);
#1076=EDGE_CURVE('',#594,#188,#1075,.T.);
#1077=ORIENTED_EDGE('',*,*,#1076,.T.);
#1078=ORIENTED_EDGE('',*,*,#244,.T.);
#1079=VECTOR('',#367,1.);
#1080=LINE('',#595,#1079);
#1081=EDGE_CURVE('',#596,#186,#1080,.T.);
#1082=ORIENTED_EDGE('',*,*,#1081,.F.);
#1083=EDGE_LOOP('',(#1073,#1077,#1078,#1082));
#1084=FACE_OUTER_BOUND('',#1083,.T.);
#1085=AXIS2_PLACEMENT_3D('',#595,#885,#796);
#1086=PLANE('',#1085);
#1087=ADVANCED_FACE('',(#1084),#1086,.T.);
#1088=ORIENTED_EDGE('',*,*,#699,.F.);
#1089=VECTOR('',#367,1.);
#1090=LINE('',#591,#1089);
#1091=EDGE_CURVE('',#592,#190,#1090,.T.);
#1092=ORIENTED_EDGE('',*,*,#1091,.T.);
#1093=ORIENTED_EDGE('',*,*,#249,.T.);
#1094=ORIENTED_EDGE('',*,*,#1076,.F.);
#1095=EDGE_LOOP('',(#1088,#1092,#1093,#1094));
#1096=FACE_OUTER_BOUND('',#1095,.T.);
#1097=AXIS2_PLACEMENT_3D('',#593,#77,#112);
#1098=PLANE('',#1097);
#1099=ADVANCED_FACE('',(#1096),#1098,.T.);
#1100=ORIENTED_EDGE('',*,*,#695,.F.);
#1101=VECTOR('',#367,1.);
#1102=LINE('',#589,#1101);
#1103=EDGE_CURVE('',#590,#192,#1102,.T.);
#1104=ORIENTED_EDGE('',*,*,#1103,.T.);
#1105=ORIENTED_EDGE('',*,*,#254,.T.);
#1106=ORIENTED_EDGE('',*,*,#1091,.F.);
#1107=EDGE_LOOP('',(#1100,#1104,#1105,#1106));
#1108=FACE_OUTER_BOUND('',#1107,.T.);
#1109=AXIS2_PLACEMENT_3D('',#591,#860,#769);
#1110=PLANE('',#1109);
#1111=ADVANCED_FACE('',(#1108),#1110,.T.);
#1112=ORIENTED_EDGE('',*,*,#691,.F.);
#1113=VECTOR('',#367,1.);
#1114=LINE('',#587,#1113);
#1115=EDGE_CURVE('',#588,#194,#1114,.T.);
#1116=ORIENTED_EDGE('',*,*,#1115,.T.);
#1117=ORIENTED_EDGE('',*,*,#259,.T.);
#1118=ORIENTED_EDGE('',*,*,#1103,.F.);
#1119=EDGE_LOOP('',(#1112,#1116,#1117,#1118));
#1120=FACE_OUTER_BOUND('',#1119,.T.);
#1121=AXIS2_PLACEMENT_3D('',#589,#847,#755);
#1122=PLANE('',#1121);
#1123=ADVANCED_FACE('',(#1120),#1122,.T.);
#1124=ORIENTED_EDGE('',*,*,#687,.F.);
#1125=VECTOR('',#367,1.);
#1126=LINE('',#585,#1125);
#1127=EDGE_CURVE('',#586,#196,#1126,.T.);
#1128=ORIENTED_EDGE('',*,*,#1127,.T.);
#1129=ORIENTED_EDGE('',*,*,#264,.T.);
#1130=ORIENTED_EDGE('',*,*,#1115,.F.);
#1131=EDGE_LOOP('',(#1124,#1128,#1129,#1130));
#1132=FACE_OUTER_BOUND('',#1131,.T.);
#1133=AXIS2_PLACEMENT_3D('',#587,#62,#97);
#1134=PLANE('',#1133);
#1135=ADVANCED_FACE('',(#1132),#1134,.T.);
#1136=ORIENTED_EDGE('',*,*,#683,.F.);
#1137=VECTOR('',#367,1.);
#1138=LINE('',#583,#1137);
#1139=EDGE_CURVE('',#584,#198,#1138,.T.);
#1140=ORIENTED_EDGE('',*,*,#1139,.T.);
#1141=ORIENTED_EDGE('',*,*,#269,.T.);
#1142=ORIENTED_EDGE('',*,*,#1127,.F.);
#1143=EDGE_LOOP('',(#1136,#1140,#1141,#1142));
#1144=FACE_OUTER_BOUND('',#1143,.T.);
#1145=AXIS2_PLACEMENT_3D('',#585,#822,#728);
#1146=PLANE('',#1145);
#1147=ADVANCED_FACE('',(#1144),#1146,.T.);
#1148=ORIENTED_EDGE('',*,*,#679,.T.);
#1149=VECTOR('',#367,1.);
#1150=LINE('',#581,#1149);
#1151=EDGE_CURVE('',#582,#200,#1150,.T.);
#1152=ORIENTED_EDGE('',*,*,#1151,.T.);
#1153=ORIENTED_EDGE('',*,*,#273,.F.);
#1154=ORIENTED_EDGE('',*,*,#1139,.F.);
#1155=EDGE_LOOP('',(#1148,#1152,#1153,#1154));
#1156=FACE_OUTER_BOUND('',#1155,.T.);
#1157=AXIS2_PLACEMENT_3D('',#583,#122,#712);
#1158=PLANE('',#1157);
#1159=ADVANCED_FACE('',(#1156),#1158,.T.);
#1160=ORIENTED_EDGE('',*,*,#675,.T.);
#1161=VECTOR('',#367,1.);
#1162=LINE('',#579,#1161);
#1163=EDGE_CURVE('',#580,#202,#1162,.T.);
#1164=ORIENTED_EDGE('',*,*,#1163,.T.);
#1165=ORIENTED_EDGE('',*,*,#278,.F.);
#1166=ORIENTED_EDGE('',*,*,#1151,.F.);
#1167=EDGE_LOOP('',(#1160,#1164,#1165,#1166));
#1168=FACE_OUTER_BOUND('',#1167,.T.);
#1169=AXIS2_PLACEMENT_3D('',#581,#796,#797);
#1170=PLANE('',#1169);
#1171=ADVANCED_FACE('',(#1168),#1170,.T.);
#1172=ORIENTED_EDGE('',*,*,#671,.T.);
#1173=VECTOR('',#367,1.);
#1174=LINE('',#577,#1173);
#1175=EDGE_CURVE('',#578,#204,#1174,.T.);
#1176=ORIENTED_EDGE('',*,*,#1175,.T.);
#1177=ORIENTED_EDGE('',*,*,#283,.F.);
#1178=ORIENTED_EDGE('',*,*,#1163,.F.);
#1179=EDGE_LOOP('',(#1172,#1176,#1177,#1178));
#1180=FACE_OUTER_BOUND('',#1179,.T.);
#1181=AXIS2_PLACEMENT_3D('',#579,#112,#783);
#1182=PLANE('',#1181);
#1183=ADVANCED_FACE('',(#1180),#1182,.T.);
#1184=ORIENTED_EDGE('',*,*,#667,.T.);
#1185=VECTOR('',#367,1.);
#1186=LINE('',#575,#1185);
#1187=EDGE_CURVE('',#576,#206,#1186,.T.);
#1188=ORIENTED_EDGE('',*,*,#1187,.T.);
#1189=ORIENTED_EDGE('',*,*,#288,.F.);
#1190=ORIENTED_EDGE('',*,*,#1175,.F.);
#1191=EDGE_LOOP('',(#1184,#1188,#1189,#1190));
#1192=FACE_OUTER_BOUND('',#1191,.T.);
#1193=AXIS2_PLACEMENT_3D('',#577,#769,#770);
#1194=PLANE('',#1193);
#1195=ADVANCED_FACE('',(#1192),#1194,.T.);
#1196=ORIENTED_EDGE('',*,*,#663,.T.);
#1197=VECTOR('',#367,1.);
#1198=LINE('',#573,#1197);
#1199=EDGE_CURVE('',#574,#208,#1198,.T.);
#1200=ORIENTED_EDGE('',*,*,#1199,.T.);
#1201=ORIENTED_EDGE('',*,*,#293,.F.);
#1202=ORIENTED_EDGE('',*,*,#1187,.F.);
#1203=EDGE_LOOP('',(#1196,#1200,#1201,#1202));
#1204=FACE_OUTER_BOUND('',#1203,.T.);
#1205=AXIS2_PLACEMENT_3D('',#575,#755,#756);
#1206=PLANE('',#1205);
#1207=ADVANCED_FACE('',(#1204),#1206,.T.);
#1208=ORIENTED_EDGE('',*,*,#659,.T.);
#1209=VECTOR('',#367,1.);
#1210=LINE('',#571,#1209);
#1211=EDGE_CURVE('',#572,#210,#1210,.T.);
#1212=ORIENTED_EDGE('',*,*,#1211,.T.);
#1213=ORIENTED_EDGE('',*,*,#298,.F.);
#1214=ORIENTED_EDGE('',*,*,#1199,.F.);
#1215=EDGE_LOOP('',(#1208,#1212,#1213,#1214));
#1216=FACE_OUTER_BOUND('',#1215,.T.);
#1217=AXIS2_PLACEMENT_3D('',#573,#97,#742);
#1218=PLANE('',#1217);
#1219=ADVANCED_FACE('',(#1216),#1218,.T.);
#1220=ORIENTED_EDGE('',*,*,#655,.T.);
#1221=VECTOR('',#367,1.);
#1222=LINE('',#569,#1221);
#1223=EDGE_CURVE('',#570,#212,#1222,.T.);
#1224=ORIENTED_EDGE('',*,*,#1223,.T.);
#1225=ORIENTED_EDGE('',*,*,#303,.F.);
#1226=ORIENTED_EDGE('',*,*,#1211,.F.);
#1227=EDGE_LOOP('',(#1220,#1224,#1225,#1226));
#1228=FACE_OUTER_BOUND('',#1227,.T.);
#1229=AXIS2_PLACEMENT_3D('',#571,#728,#729);
#1230=PLANE('',#1229);
#1231=ADVANCED_FACE('',(#1228),#1230,.T.);
#1232=ORIENTED_EDGE('',*,*,#651,.T.);
#1233=VECTOR('',#367,1.);
#1234=LINE('',#567,#1233);
#1235=EDGE_CURVE('',#568,#214,#1234,.T.);
#1236=ORIENTED_EDGE('',*,*,#1235,.T.);
#1237=ORIENTED_EDGE('',*,*,#307,.F.);
#1238=ORIENTED_EDGE('',*,*,#1223,.F.);
#1239=EDGE_LOOP('',(#1232,#1236,#1237,#1238));
#1240=FACE_OUTER_BOUND('',#1239,.T.);
#1241=AXIS2_PLACEMENT_3D('',#569,#712,#988);
#1242=PLANE('',#1241);
#1243=ADVANCED_FACE('',(#1240),#1242,.T.);
#1244=ORIENTED_EDGE('',*,*,#647,.T.);
#1245=VECTOR('',#367,1.);
#1246=LINE('',#565,#1245);
#1247=EDGE_CURVE('',#566,#216,#1246,.T.);
#1248=ORIENTED_EDGE('',*,*,#1247,.T.);
#1249=ORIENTED_EDGE('',*,*,#311,.F.);
#1250=ORIENTED_EDGE('',*,*,#1235,.F.);
#1251=EDGE_LOOP('',(#1244,#1248,#1249,#1250));
#1252=FACE_OUTER_BOUND('',#1251,.T.);
#1253=AXIS2_PLACEMENT_3D('',#567,#797,#975);
#1254=PLANE('',#1253);
#1255=ADVANCED_FACE('',(#1252),#1254,.T.);
#1256=ORIENTED_EDGE('',*,*,#643,.T.);
#1257=VECTOR('',#367,1.);
#1258=LINE('',#563,#1257);
#1259=EDGE_CURVE('',#564,#218,#1258,.T.);
#1260=ORIENTED_EDGE('',*,*,#1259,.T.);
#1261=ORIENTED_EDGE('',*,*,#315,.F.);
#1262=ORIENTED_EDGE('',*,*,#1247,.F.);
#1263=EDGE_LOOP('',(#1256,#1260,#1261,#1262));
#1264=FACE_OUTER_BOUND('',#1263,.T.);
#1265=AXIS2_PLACEMENT_3D('',#565,#783,#962);
#1266=PLANE('',#1265);
#1267=ADVANCED_FACE('',(#1264),#1266,.T.);
#1268=ORIENTED_EDGE('',*,*,#639,.T.);
#1269=VECTOR('',#367,1.);
#1270=LINE('',#561,#1269);
#1271=EDGE_CURVE('',#562,#220,#1270,.T.);
#1272=ORIENTED_EDGE('',*,*,#1271,.T.);
#1273=ORIENTED_EDGE('',*,*,#319,.F.);
#1274=ORIENTED_EDGE('',*,*,#1259,.F.);
#1275=EDGE_LOOP('',(#1268,#1272,#1273,#1274));
#1276=FACE_OUTER_BOUND('',#1275,.T.);
#1277=AXIS2_PLACEMENT_3D('',#563,#770,#949);
#1278=PLANE('',#1277);
#1279=ADVANCED_FACE('',(#1276),#1278,.T.);
#1280=ORIENTED_EDGE('',*,*,#635,.T.);
#1281=VECTOR('',#367,1.);
#1282=LINE('',#559,#1281);
#1283=EDGE_CURVE('',#560,#222,#1282,.T.);
#1284=ORIENTED_EDGE('',*,*,#1283,.T.);
#1285=ORIENTED_EDGE('',*,*,#323,.F.);
#1286=ORIENTED_EDGE('',*,*,#1271,.F.);
#1287=EDGE_LOOP('',(#1280,#1284,#1285,#1286));
#1288=FACE_OUTER_BOUND('',#1287,.T.);
#1289=AXIS2_PLACEMENT_3D('',#561,#756,#936);
#1290=PLANE('',#1289);
#1291=ADVANCED_FACE('',(#1288),#1290,.T.);
#1292=ORIENTED_EDGE('',*,*,#631,.T.);
#1293=VECTOR('',#367,1.);
#1294=LINE('',#557,#1293);
#1295=EDGE_CURVE('',#558,#224,#1294,.T.);
#1296=ORIENTED_EDGE('',*,*,#1295,.T.);
#1297=ORIENTED_EDGE('',*,*,#327,.F.);
#1298=ORIENTED_EDGE('',*,*,#1283,.F.);
#1299=EDGE_LOOP('',(#1292,#1296,#1297,#1298));
#1300=FACE_OUTER_BOUND('',#1299,.T.);
#1301=AXIS2_PLACEMENT_3D('',#559,#742,#923);
#1302=PLANE('',#1301);
#1303=ADVANCED_FACE('',(#1300),#1302,.T.);
#1304=ORIENTED_EDGE('',*,*,#627,.T.);
#1305=VECTOR('',#367,1.);
#1306=LINE('',#555,#1305);
#1307=EDGE_CURVE('',#556,#226,#1306,.T.);
#1308=ORIENTED_EDGE('',*,*,#1307,.T.);
#1309=ORIENTED_EDGE('',*,*,#331,.F.);
#1310=ORIENTED_EDGE('',*,*,#1295,.F.);
#1311=EDGE_LOOP('',(#1304,#1308,#1309,#1310));
#1312=FACE_OUTER_BOUND('',#1311,.T.);
#1313=AXIS2_PLACEMENT_3D('',#557,#729,#910);
#1314=PLANE('',#1313);
#1315=ADVANCED_FACE('',(#1312),#1314,.T.);
#1316=ORIENTED_EDGE('',*,*,#623,.F.);
#1317=VECTOR('',#367,1.);
#1318=LINE('',#553,#1317);
#1319=EDGE_CURVE('',#554,#228,#1318,.T.);
#1320=ORIENTED_EDGE('',*,*,#1319,.T.);
#1321=ORIENTED_EDGE('',*,*,#335,.T.);
#1322=ORIENTED_EDGE('',*,*,#1307,.F.);
#1323=EDGE_LOOP('',(#1316,#1320,#1321,#1322));
#1324=FACE_OUTER_BOUND('',#1323,.T.);
#1325=AXIS2_PLACEMENT_3D('',#555,#988,#87);
#1326=PLANE('',#1325);
#1327=ADVANCED_FACE('',(#1324),#1326,.T.);
#1328=ORIENTED_EDGE('',*,*,#619,.F.);
#1329=VECTOR('',#367,1.);
#1330=LINE('',#551,#1329);
#1331=EDGE_CURVE('',#552,#230,#1330,.T.);
#1332=ORIENTED_EDGE('',*,*,#1331,.T.);
#1333=ORIENTED_EDGE('',*,*,#339,.T.);
#1334=ORIENTED_EDGE('',*,*,#1319,.F.);
#1335=EDGE_LOOP('',(#1328,#1332,#1333,#1334));
#1336=FACE_OUTER_BOUND('',#1335,.T.);
#1337=AXIS2_PLACEMENT_3D('',#553,#975,#885);
#1338=PLANE('',#1337);
#1339=ADVANCED_FACE('',(#1336),#1338,.T.);
#1340=ORIENTED_EDGE('',*,*,#615,.F.);
#1341=VECTOR('',#367,1.);
#1342=LINE('',#549,#1341);
#1343=EDGE_CURVE('',#550,#232,#1342,.T.);
#1344=ORIENTED_EDGE('',*,*,#1343,.T.);
#1345=ORIENTED_EDGE('',*,*,#343,.T.);
#1346=ORIENTED_EDGE('',*,*,#1331,.F.);
#1347=EDGE_LOOP('',(#1340,#1344,#1345,#1346));
#1348=FACE_OUTER_BOUND('',#1347,.T.);
#1349=AXIS2_PLACEMENT_3D('',#551,#962,#77);
#1350=PLANE('',#1349);
#1351=ADVANCED_FACE('',(#1348),#1350,.T.);
#1352=ORIENTED_EDGE('',*,*,#611,.F.);
#1353=VECTOR('',#367,1.);
#1354=LINE('',#547,#1353);
#1355=EDGE_CURVE('',#548,#234,#1354,.T.);
#1356=ORIENTED_EDGE('',*,*,#1355,.T.);
#1357=ORIENTED_EDGE('',*,*,#347,.T.);
#1358=ORIENTED_EDGE('',*,*,#1343,.F.);
#1359=EDGE_LOOP('',(#1352,#1356,#1357,#1358));
#1360=FACE_OUTER_BOUND('',#1359,.T.);
#1361=AXIS2_PLACEMENT_3D('',#549,#949,#860);
#1362=PLANE('',#1361);
#1363=ADVANCED_FACE('',(#1360),#1362,.T.);
#1364=ORIENTED_EDGE('',*,*,#607,.F.);
#1365=VECTOR('',#367,1.);
#1366=LINE('',#545,#1365);
#1367=EDGE_CURVE('',#546,#236,#1366,.T.);
#1368=ORIENTED_EDGE('',*,*,#1367,.T.);
#1369=ORIENTED_EDGE('',*,*,#351,.T.);
#1370=ORIENTED_EDGE('',*,*,#1355,.F.);
#1371=EDGE_LOOP('',(#1364,#1368,#1369,#1370));
#1372=FACE_OUTER_BOUND('',#1371,.T.);
#1373=AXIS2_PLACEMENT_3D('',#547,#936,#847);
#1374=PLANE('',#1373);
#1375=ADVANCED_FACE('',(#1372),#1374,.T.);
#1376=ORIENTED_EDGE('',*,*,#603,.F.);
#1377=VECTOR('',#367,1.);
#1378=LINE('',#543,#1377);
#1379=EDGE_CURVE('',#544,#238,#1378,.T.);
#1380=ORIENTED_EDGE('',*,*,#1379,.T.);
#1381=ORIENTED_EDGE('',*,*,#355,.T.);
#1382=ORIENTED_EDGE('',*,*,#1367,.F.);
#1383=EDGE_LOOP('',(#1376,#1380,#1381,#1382));
#1384=FACE_OUTER_BOUND('',#1383,.T.);
#1385=AXIS2_PLACEMENT_3D('',#545,#923,#62);
#1386=PLANE('',#1385);
#1387=ADVANCED_FACE('',(#1384),#1386,.T.);
#1388=ORIENTED_EDGE('',*,*,#599,.F.);
#1389=VECTOR('',#367,1.);
#1390=LINE('',#541,#1389);
#1391=EDGE_CURVE('',#542,#240,#1390,.T.);
#1392=ORIENTED_EDGE('',*,*,#1391,.T.);
#1393=ORIENTED_EDGE('',*,*,#359,.T.);
#1394=ORIENTED_EDGE('',*,*,#1379,.F.);
#1395=EDGE_LOOP('',(#1388,#1392,#1393,#1394));
#1396=FACE_OUTER_BOUND('',#1395,.T.);
#1397=AXIS2_PLACEMENT_3D('',#543,#910,#822);
#1398=PLANE('',#1397);
#1399=ADVANCED_FACE('',(#1396),#1398,.T.);
#1400=ORIENTED_EDGE('',*,*,#707,.F.);
#1401=ORIENTED_EDGE('',*,*,#1081,.T.);
#1402=ORIENTED_EDGE('',*,*,#363,.T.);
#1403=ORIENTED_EDGE('',*,*,#1391,.F.);
#1404=EDGE_LOOP('',(#1400,#1401,#1402,#1403));
#1405=FACE_OUTER_BOUND('',#1404,.T.);
#1406=AXIS2_PLACEMENT_3D('',#541,#87,#122);
#1407=PLANE('',#1406);
#1408=ADVANCED_FACE('',(#1405),#1407,.T.);
#1409=CLOSED_SHELL('',(#370,#715,#732,#745,#759,#773,#786,#800,#812,#825,#837,#850,#863,#875,#888,#900,#913,#926,#939,#952,#965,#978,#991,#1003,#1015,#1027,#1039,#1051,#1063,#1072,#1087,#1099,#1111,#1123,#1135,#1147,#1159,#1171,#1183,#1195,#1207,#1219,#1231,#1243,#1255,#1267,#1279,#1291,#1303,#1315,#1327,#1339,#1351,#1363,#1375,#1387,#1399,#1408));
#1410=MANIFOLD_SOLID_BREP('walls',#1409);
#1411=CARTESIAN_POINT('',(20.75,-26.75,19.786));
#1412=VERTEX_POINT('',#1411);
#1413=CARTESIAN_POINT('',(21.2676381,-26.6818517,19.786));
#1414=VERTEX_POINT('',#1413);
#1415=CARTESIAN_POINT('',(21.75,-26.4820508,19.786));
#1416=VERTEX_POINT('',#1415);
#1417=CARTESIAN_POINT('',(22.1642136,-26.1642136,19.786));
#1418=VERTEX_POINT('',#1417);
#1419=CARTESIAN_POINT('',(22.4820508,-25.75,19.786));
#1420=VERTEX_POINT('',#1419);
#1421=CARTESIAN_POINT('',(22.6818517,-25.2676381,19.786));
#1422=VERTEX_POINT('',#1421);
#1423=CARTESIAN_POINT('',(22.75,-24.75,19.786));
#1424=VERTEX_POINT('',#1423);
#1425=CARTESIAN_POINT('',(22.75,23.75,19.786));
#1426=VERTEX_POINT('',#1425);
#1427=CARTESIAN_POINT('',(22.6818517,24.2676381,19.786));
#1428=VERTEX_POINT('',#1427);
#1429=CARTESIAN_POINT('',(22.4820508,24.75,19.786));
#1430=VERTEX_POINT('',#1429);
#1431=CARTESIAN_POINT('',(22.1642136,25.1642136,19.786));
#1432=VERTEX_POINT('',#1431);
#1433=CARTESIAN_POINT('',(21.75,25.4820508,19.786));
#1434=VERTEX_POINT('',#1433);
#1435=CARTESIAN_POINT('',(21.2676381,25.6818517,19.786));
#1436=VERTEX_POINT('',#1435);
#1437=CARTESIAN_POINT('',(20.75,25.75,19.786));
#1438=VERTEX_POINT('',#1437);
#1439=CARTESIAN_POINT('',(-37.75,25.75,19.786));
#1440=VERTEX_POINT('',#1439);
#1441=CARTESIAN_POINT('',(-38.2676381,25.6818517,19.786));
#1442=VERTEX_POINT('',#1441);
#1443=CARTESIAN_POINT('',(-38.75,25.4820508,19.786));
#1444=VERTEX_POINT('',#1443);
#1445=CARTESIAN_POINT('',(-39.1642136,25.1642136,19.786));
#1446=VERTEX_POINT('',#1445);
#1447=CARTESIAN_POINT('',(-39.4820508,24.75,19.786));
#1448=VERTEX_POINT('',#1447);
#1449=CARTESIAN_POINT('',(-39.6818517,24.2676381,19.786));
#1450=VERTEX_POINT('',#1449);
#1451=CARTESIAN_POINT('',(-39.75,23.75,19.786));
#1452=VERTEX_POINT('',#1451);
#1453=CARTESIAN_POINT('',(-39.75,-24.75,19.786));
#1454=VERTEX_POINT('',#1453);
#1455=CARTESIAN_POINT('',(-39.6818517,-25.2676381,19.786));
#1456=VERTEX_POINT('',#1455);
#1457=CARTESIAN_POINT('',(-39.4820508,-25.75,19.786));
#1458=VERTEX_POINT('',#1457);
#1459=CARTESIAN_POINT('',(-39.1642136,-26.1642136,19.786));
#1460=VERTEX_POINT('',#1459);
#1461=CARTESIAN_POINT('',(-38.75,-26.4820508,19.786));
#1462=VERTEX_POINT('',#1461);
#1463=CARTESIAN_POINT('',(-38.2676381,-26.6818517,19.786));
#1464=VERTEX_POINT('',#1463);
#1465=CARTESIAN_POINT('',(-37.75,-26.75,19.786));
#1466=VERTEX_POINT('',#1465);
#1467=VECTOR('',#57,1.);
#1468=LINE('',#1411,#1467);
#1469=EDGE_CURVE('',#1412,#1414,#1468,.T.);
#1470=ORIENTED_EDGE('',*,*,#1469,.T.);
#1471=VECTOR('',#62,1.);
#1472=LINE('',#1413,#1471);
#1473=EDGE_CURVE('',#1414,#1416,#1472,.T.);
#1474=ORIENTED_EDGE('',*,*,#1473,.T.);
#1475=VECTOR('',#67,1.);
#1476=LINE('',#1415,#1475);
#1477=EDGE_CURVE('',#1416,#1418,#1476,.T.);
#1478=ORIENTED_EDGE('',*,*,#1477,.T.);
#1479=VECTOR('',#72,1.);
#1480=LINE('',#1417,#1479);
#1481=EDGE_CURVE('',#1418,#1420,#1480,.T.);
#1482=ORIENTED_EDGE('',*,*,#1481,.T.);
#1483=VECTOR('',#77,1.);
#1484=LINE('',#1419,#1483);
#1485=EDGE_CURVE('',#1420,#1422,#1484,.T.);
#1486=ORIENTED_EDGE('',*,*,#1485,.T.);
#1487=VECTOR('',#82,1.);
#1488=LINE('',#1421,#1487);
#1489=EDGE_CURVE('',#1422,#1424,#1488,.T.);
#1490=ORIENTED_EDGE('',*,*,#1489,.T.);
#1491=VECTOR('',#87,1.);
#1492=LINE('',#1423,#1491);
#1493=EDGE_CURVE('',#1424,#1426,#1492,.T.);
#1494=ORIENTED_EDGE('',*,*,#1493,.T.);
#1495=VECTOR('',#92,1.);
#1496=LINE('',#1427,#1495);
#1497=EDGE_CURVE('',#1428,#1426,#1496,.T.);
#1498=ORIENTED_EDGE('',*,*,#1497,.F.);
#1499=VECTOR('',#97,1.);
#1500=LINE('',#1429,#1499);
#1501=EDGE_CURVE('',#1430,#1428,#1500,.T.);
#1502=ORIENTED_EDGE('',*,*,#1501,.F.);
#1503=VECTOR('',#102,1.);
#1504=LINE('',#1431,#1503);
#1505=EDGE_CURVE('',#1432,#1430,#1504,.T.);
#1506=ORIENTED_EDGE('',*,*,#1505,.F.);
#1507=VECTOR('',#107,1.);
#1508=LINE('',#1433,#1507);
#1509=EDGE_CURVE('',#1434,#1432,#1508,.T.);
#1510=ORIENTED_EDGE('',*,*,#1509,.F.);
#1511=VECTOR('',#112,1.);
#1512=LINE('',#1435,#1511);
#1513=EDGE_CURVE('',#1436,#1434,#1512,.T.);
#1514=ORIENTED_EDGE('',*,*,#1513,.F.);
#1515=VECTOR('',#117,1.);
#1516=LINE('',#1437,#1515);
#1517=EDGE_CURVE('',#1438,#1436,#1516,.T.);
#1518=ORIENTED_EDGE('',*,*,#1517,.F.);
#1519=VECTOR('',#122,1.);
#1520=LINE('',#1439,#1519);
#1521=EDGE_CURVE('',#1440,#1438,#1520,.T.);
#1522=ORIENTED_EDGE('',*,*,#1521,.F.);
#1523=VECTOR('',#57,1.);
#1524=LINE('',#1441,#1523);
#1525=EDGE_CURVE('',#1442,#1440,#1524,.T.);
#1526=ORIENTED_EDGE('',*,*,#1525,.F.);
#1527=VECTOR('',#62,1.);
#1528=LINE('',#1443,#1527);
#1529=EDGE_CURVE('',#1444,#1442,#1528,.T.);
#1530=ORIENTED_EDGE('',*,*,#1529,.F.);
#1531=VECTOR('',#67,1.);
#1532=LINE('',#1445,#1531);
#1533=EDGE_CURVE('',#1446,#1444,#1532,.T.);
#1534=ORIENTED_EDGE('',*,*,#1533,.F.);
#1535=VECTOR('',#72,1.);
#1536=LINE('',#1447,#1535);
#1537=EDGE_CURVE('',#1448,#1446,#1536,.T.);
#1538=ORIENTED_EDGE('',*,*,#1537,.F.);
#1539=VECTOR('',#77,1.);
#1540=LINE('',#1449,#1539);
#1541=EDGE_CURVE('',#1450,#1448,#1540,.T.);
#1542=ORIENTED_EDGE('',*,*,#1541,.F.);
#1543=VECTOR('',#82,1.);
#1544=LINE('',#1451,#1543);
#1545=EDGE_CURVE('',#1452,#1450,#1544,.T.);
#1546=ORIENTED_EDGE('',*,*,#1545,.F.);
#1547=VECTOR('',#87,1.);
#1548=LINE('',#1453,#1547);
#1549=EDGE_CURVE('',#1454,#1452,#1548,.T.);
#1550=ORIENTED_EDGE('',*,*,#1549,.F.);
#1551=VECTOR('',#92,1.);
#1552=LINE('',#1453,#1551);
#1553=EDGE_CURVE('',#1454,#1456,#1552,.T.);
#1554=ORIENTED_EDGE('',*,*,#1553,.T.);
#1555=VECTOR('',#97,1.);
#1556=LINE('',#1455,#1555);
#1557=EDGE_CURVE('',#1456,#1458,#1556,.T.);
#1558=ORIENTED_EDGE('',*,*,#1557,.T.);
#1559=VECTOR('',#102,1.);
#1560=LINE('',#1457,#1559);
#1561=EDGE_CURVE('',#1458,#1460,#1560,.T.);
#1562=ORIENTED_EDGE('',*,*,#1561,.T.);
#1563=VECTOR('',#107,1.);
#1564=LINE('',#1459,#1563);
#1565=EDGE_CURVE('',#1460,#1462,#1564,.T.);
#1566=ORIENTED_EDGE('',*,*,#1565,.T.);
#1567=VECTOR('',#112,1.);
#1568=LINE('',#1461,#1567);
#1569=EDGE_CURVE('',#1462,#1464,#1568,.T.);
#1570=ORIENTED_EDGE('',*,*,#1569,.T.);
#1571=VECTOR('',#117,1.);
#1572=LINE('',#1463,#1571);
#1573=EDGE_CURVE('',#1464,#1466,#1572,.T.);
#1574=ORIENTED_EDGE('',*,*,#1573,.T.);
#1575=VECTOR('',#122,1.);
#1576=LINE('',#1465,#1575);
#1577=EDGE_CURVE('',#1466,#1412,#1576,.T.);
#1578=ORIENTED_EDGE('',*,*,#1577,.T.);
#1579=EDGE_LOOP('',(#1470,#1474,#1478,#1482,#1486,#1490,#1494,#1498,#1502,#1506,#1510,#1514,#1518,#1522,#1526,#1530,#1534,#1538,#1542,#1546,#1550,#1554,#1558,#1562,#1566,#1570,#1574,#1578));
#1580=FACE_OUTER_BOUND('',#1579,.T.);
#1581=CARTESIAN_POINT('',(12.8576799,0.0831154617,19.786));
#1582=VERTEX_POINT('',#1581);
#1583=CARTESIAN_POINT('',(12.6690472,-1.18854322,19.786));
#1584=VERTEX_POINT('',#1583);
#1585=CARTESIAN_POINT('',(12.3566784,-2.43558927,19.786));
#1586=VERTEX_POINT('',#1585);
#1587=CARTESIAN_POINT('',(11.9235819,-3.64601296,19.786));
#1588=VERTEX_POINT('',#1587);
#1589=CARTESIAN_POINT('',(11.3739286,-4.80815725,19.786));
#1590=VERTEX_POINT('',#1589);
#1591=CARTESIAN_POINT('',(10.7130119,-5.91083005,19.786));
#1592=VERTEX_POINT('',#1591);
#1593=CARTESIAN_POINT('',(9.94719694,-6.94341202,19.786));
#1594=VERTEX_POINT('',#1593);
#1595=CARTESIAN_POINT('',(9.08385883,-7.89595883,19.786));
#1596=VERTEX_POINT('',#1595);
#1597=CARTESIAN_POINT('',(8.13131202,-8.75929694,19.786));
#1598=VERTEX_POINT('',#1597);
#1599=CARTESIAN_POINT('',(7.09873005,-9.52511192,19.786));
#1600=VERTEX_POINT('',#1599);
#1601=CARTESIAN_POINT('',(5.99605725,-10.1860286,19.786));
#1602=VERTEX_POINT('',#1601);
#1603=CARTESIAN_POINT('',(4.83391296,-10.7356819,19.786));
#1604=VERTEX_POINT('',#1603);
#1605=CARTESIAN_POINT('',(3.62348927,-11.1687784,19.786));
#1606=VERTEX_POINT('',#1605);
#1607=CARTESIAN_POINT('',(2.37644322,-11.4811472,19.786));
#1608=VERTEX_POINT('',#1607);
#1609=CARTESIAN_POINT('',(1.10478454,-11.6697799,19.786));
#1610=VERTEX_POINT('',#1609);
#1611=CARTESIAN_POINT('',(-0.17924,-11.73286,19.786));
#1612=VERTEX_POINT('',#1611);
#1613=CARTESIAN_POINT('',(-1.46326454,-11.6697799,19.786));
#1614=VERTEX_POINT('',#1613);
#1615=CARTESIAN_POINT('',(-2.73492322,-11.4811472,19.786));
#1616=VERTEX_POINT('',#1615);
#1617=CARTESIAN_POINT('',(-3.98196927,-11.1687784,19.786));
#1618=VERTEX_POINT('',#1617);
#1619=CARTESIAN_POINT('',(-5.19239296,-10.7356819,19.786));
#1620=VERTEX_POINT('',#1619);
#1621=CARTESIAN_POINT('',(-6.35453725,-10.1860286,19.786));
#1622=VERTEX_POINT('',#1621);
#1623=CARTESIAN_POINT('',(-7.45721005,-9.52511192,19.786));
#1624=VERTEX_POINT('',#1623);
#1625=CARTESIAN_POINT('',(-8.48979202,-8.75929694,19.786));
#1626=VERTEX_POINT('',#1625);
#1627=CARTESIAN_POINT('',(-9.44233883,-7.89595883,19.786));
#1628=VERTEX_POINT('',#1627);
#1629=CARTESIAN_POINT('',(-10.3056769,-6.94341202,19.786));
#1630=VERTEX_POINT('',#1629);
#1631=CARTESIAN_POINT('',(-11.0714919,-5.91083005,19.786));
#1632=VERTEX_POINT('',#1631);
#1633=CARTESIAN_POINT('',(-11.7324086,-4.80815725,19.786));
#1634=VERTEX_POINT('',#1633);
#1635=CARTESIAN_POINT('',(-12.2820619,-3.64601296,19.786));
#1636=VERTEX_POINT('',#1635);
#1637=CARTESIAN_POINT('',(-12.7151584,-2.43558927,19.786));
#1638=VERTEX_POINT('',#1637);
#1639=CARTESIAN_POINT('',(-13.0275272,-1.18854322,19.786));
#1640=VERTEX_POINT('',#1639);
#1641=CARTESIAN_POINT('',(-13.2161599,0.0831154617,19.786));
#1642=VERTEX_POINT('',#1641);
#1643=CARTESIAN_POINT('',(-13.27924,1.36714,19.786));
#1644=VERTEX_POINT('',#1643);
#1645=CARTESIAN_POINT('',(-13.2161599,2.65116454,19.786));
#1646=VERTEX_POINT('',#1645);
#1647=CARTESIAN_POINT('',(-13.0275272,3.92282322,19.786));
#1648=VERTEX_POINT('',#1647);
#1649=CARTESIAN_POINT('',(-12.7151584,5.16986927,19.786));
#1650=VERTEX_POINT('',#1649);
#1651=CARTESIAN_POINT('',(-12.2820619,6.38029296,19.786));
#1652=VERTEX_POINT('',#1651);
#1653=CARTESIAN_POINT('',(-11.7324086,7.54243725,19.786));
#1654=VERTEX_POINT('',#1653);
#1655=CARTESIAN_POINT('',(-11.0714919,8.64511005,19.786));
#1656=VERTEX_POINT('',#1655);
#1657=CARTESIAN_POINT('',(-10.3056769,9.67769202,19.786));
#1658=VERTEX_POINT('',#1657);
#1659=CARTESIAN_POINT('',(-9.44233883,10.6302388,19.786));
#1660=VERTEX_POINT('',#1659);
#1661=CARTESIAN_POINT('',(-8.48979202,11.4935769,19.786));
#1662=VERTEX_POINT('',#1661);
#1663=CARTESIAN_POINT('',(-7.45721005,12.2593919,19.786));
#1664=VERTEX_POINT('',#1663);
#1665=CARTESIAN_POINT('',(-6.35453725,12.9203086,19.786));
#1666=VERTEX_POINT('',#1665);
#1667=CARTESIAN_POINT('',(-5.19239296,13.4699619,19.786));
#1668=VERTEX_POINT('',#1667);
#1669=CARTESIAN_POINT('',(-3.98196927,13.9030584,19.786));
#1670=VERTEX_POINT('',#1669);
#1671=CARTESIAN_POINT('',(-2.73492322,14.2154272,19.786));
#1672=VERTEX_POINT('',#1671);
#1673=CARTESIAN_POINT('',(-1.46326454,14.4040599,19.786));
#1674=VERTEX_POINT('',#1673);
#1675=CARTESIAN_POINT('',(-0.17924,14.46714,19.786));
#1676=VERTEX_POINT('',#1675);
#1677=CARTESIAN_POINT('',(1.10478454,14.4040599,19.786));
#1678=VERTEX_POINT('',#1677);
#1679=CARTESIAN_POINT('',(2.37644322,14.2154272,19.786));
#1680=VERTEX_POINT('',#1679);
#1681=CARTESIAN_POINT('',(3.62348927,13.9030584,19.786));
#1682=VERTEX_POINT('',#1681);
#1683=CARTESIAN_POINT('',(4.83391296,13.4699619,19.786));
#1684=VERTEX_POINT('',#1683);
#1685=CARTESIAN_POINT('',(5.99605725,12.9203086,19.786));
#1686=VERTEX_POINT('',#1685);
#1687=CARTESIAN_POINT('',(7.09873005,12.2593919,19.786));
#1688=VERTEX_POINT('',#1687);
#1689=CARTESIAN_POINT('',(8.13131202,11.4935769,19.786));
#1690=VERTEX_POINT('',#1689);
#1691=CARTESIAN_POINT('',(9.08385883,10.6302388,19.786));
#1692=VERTEX_POINT('',#1691);
#1693=CARTESIAN_POINT('',(9.94719694,9.67769202,19.786));
#1694=VERTEX_POINT('',#1693);
#1695=CARTESIAN_POINT('',(10.7130119,8.64511005,19.786));
#1696=VERTEX_POINT('',#1695);
#1697=CARTESIAN_POINT('',(11.3739286,7.54243725,19.786));
#1698=VERTEX_POINT('',#1697);
#1699=CARTESIAN_POINT('',(11.9235819,6.38029296,19.786));
#1700=VERTEX_POINT('',#1699);
#1701=CARTESIAN_POINT('',(12.3566784,5.16986927,19.786));
#1702=VERTEX_POINT('',#1701);
#1703=CARTESIAN_POINT('',(12.6690472,3.92282322,19.786));
#1704=VERTEX_POINT('',#1703);
#1705=CARTESIAN_POINT('',(12.8576799,2.65116454,19.786));
#1706=VERTEX_POINT('',#1705);
#1707=CARTESIAN_POINT('',(12.92076,1.36714,19.786));
#1708=VERTEX_POINT('',#1707);
#1709=DIRECTION('',(0.146730474,0.98917651,0.));
#1710=VECTOR('',#1709,1.);
#1711=LINE('',#1583,#1710);
#1712=EDGE_CURVE('',#1584,#1582,#1711,.T.);
#1713=ORIENTED_EDGE('',*,*,#1712,.F.);
#1714=DIRECTION('',(0.24298018,0.970031253,0.));
#1715=VECTOR('',#1714,1.);
#1716=LINE('',#1585,#1715);
#1717=EDGE_CURVE('',#1586,#1584,#1716,.T.);
#1718=ORIENTED_EDGE('',*,*,#1717,.F.);
#1719=DIRECTION('',(0.336889853,0.941544065,0.));
#1720=VECTOR('',#1719,1.);
#1721=LINE('',#1587,#1720);
#1722=EDGE_CURVE('',#1588,#1586,#1721,.T.);
#1723=ORIENTED_EDGE('',*,*,#1722,.F.);
#1724=DIRECTION('',(0.427555094,0.903989293,0.));
#1725=VECTOR('',#1724,1.);
#1726=LINE('',#1589,#1725);
#1727=EDGE_CURVE('',#1590,#1588,#1726,.T.);
#1728=ORIENTED_EDGE('',*,*,#1727,.F.);
#1729=DIRECTION('',(0.514102744,0.85772861,0.));
#1730=VECTOR('',#1729,1.);
#1731=LINE('',#1591,#1730);
#1732=EDGE_CURVE('',#1592,#1590,#1731,.T.);
#1733=ORIENTED_EDGE('',*,*,#1732,.F.);
#1734=DIRECTION('',(0.595699304,0.803207532,0.));
#1735=VECTOR('',#1734,1.);
#1736=LINE('',#1593,#1735);
#1737=EDGE_CURVE('',#1594,#1592,#1736,.T.);
#1738=ORIENTED_EDGE('',*,*,#1737,.F.);
#1739=DIRECTION('',(0.671558955,0.740951126,0.));
#1740=VECTOR('',#1739,1.);
#1741=LINE('',#1595,#1740);
#1742=EDGE_CURVE('',#1596,#1594,#1741,.T.);
#1743=ORIENTED_EDGE('',*,*,#1742,.F.);
#1744=DIRECTION('',(0.740951126,0.671558955,0.));
#1745=VECTOR('',#1744,1.);
#1746=LINE('',#1597,#1745);
#1747=EDGE_CURVE('',#1598,#1596,#1746,.T.);
#1748=ORIENTED_EDGE('',*,*,#1747,.F.);
#1749=DIRECTION('',(0.803207532,0.595699304,0.));
#1750=VECTOR('',#1749,1.);
#1751=LINE('',#1599,#1750);
#1752=EDGE_CURVE('',#1600,#1598,#1751,.T.);
#1753=ORIENTED_EDGE('',*,*,#1752,.F.);
#1754=DIRECTION('',(0.85772861,0.514102744,0.));
#1755=VECTOR('',#1754,1.);
#1756=LINE('',#1601,#1755);
#1757=EDGE_CURVE('',#1602,#1600,#1756,.T.);
#1758=ORIENTED_EDGE('',*,*,#1757,.F.);
#1759=DIRECTION('',(0.903989293,0.427555094,0.));
#1760=VECTOR('',#1759,1.);
#1761=LINE('',#1603,#1760);
#1762=EDGE_CURVE('',#1604,#1602,#1761,.T.);
#1763=ORIENTED_EDGE('',*,*,#1762,.F.);
#1764=DIRECTION('',(0.941544065,0.336889853,0.));
#1765=VECTOR('',#1764,1.);
#1766=LINE('',#1605,#1765);
#1767=EDGE_CURVE('',#1606,#1604,#1766,.T.);
#1768=ORIENTED_EDGE('',*,*,#1767,.F.);
#1769=DIRECTION('',(0.970031253,0.24298018,0.));
#1770=VECTOR('',#1769,1.);
#1771=LINE('',#1607,#1770);
#1772=EDGE_CURVE('',#1608,#1606,#1771,.T.);
#1773=ORIENTED_EDGE('',*,*,#1772,.F.);
#1774=DIRECTION('',(0.98917651,0.146730474,0.));
#1775=VECTOR('',#1774,1.);
#1776=LINE('',#1609,#1775);
#1777=EDGE_CURVE('',#1610,#1608,#1776,.T.);
#1778=ORIENTED_EDGE('',*,*,#1777,.F.);
#1779=DIRECTION('',(0.998795456,0.0490676747,0.));
#1780=VECTOR('',#1779,1.);
#1781=LINE('',#1611,#1780);
#1782=EDGE_CURVE('',#1612,#1610,#1781,.T.);
#1783=ORIENTED_EDGE('',*,*,#1782,.F.);
#1784=DIRECTION('',(0.998795456,-0.0490676747,0.));
#1785=VECTOR('',#1784,1.);
#1786=LINE('',#1613,#1785);
#1787=EDGE_CURVE('',#1614,#1612,#1786,.T.);
#1788=ORIENTED_EDGE('',*,*,#1787,.F.);
#1789=DIRECTION('',(0.98917651,-0.146730474,0.));
#1790=VECTOR('',#1789,1.);
#1791=LINE('',#1615,#1790);
#1792=EDGE_CURVE('',#1616,#1614,#1791,.T.);
#1793=ORIENTED_EDGE('',*,*,#1792,.F.);
#1794=DIRECTION('',(0.970031253,-0.24298018,0.));
#1795=VECTOR('',#1794,1.);
#1796=LINE('',#1617,#1795);
#1797=EDGE_CURVE('',#1618,#1616,#1796,.T.);
#1798=ORIENTED_EDGE('',*,*,#1797,.F.);
#1799=DIRECTION('',(0.941544065,-0.336889853,0.));
#1800=VECTOR('',#1799,1.);
#1801=LINE('',#1619,#1800);
#1802=EDGE_CURVE('',#1620,#1618,#1801,.T.);
#1803=ORIENTED_EDGE('',*,*,#1802,.F.);
#1804=DIRECTION('',(0.903989293,-0.427555094,0.));
#1805=VECTOR('',#1804,1.);
#1806=LINE('',#1621,#1805);
#1807=EDGE_CURVE('',#1622,#1620,#1806,.T.);
#1808=ORIENTED_EDGE('',*,*,#1807,.F.);
#1809=DIRECTION('',(0.85772861,-0.514102744,0.));
#1810=VECTOR('',#1809,1.);
#1811=LINE('',#1623,#1810);
#1812=EDGE_CURVE('',#1624,#1622,#1811,.T.);
#1813=ORIENTED_EDGE('',*,*,#1812,.F.);
#1814=DIRECTION('',(0.803207532,-0.595699304,0.));
#1815=VECTOR('',#1814,1.);
#1816=LINE('',#1625,#1815);
#1817=EDGE_CURVE('',#1626,#1624,#1816,.T.);
#1818=ORIENTED_EDGE('',*,*,#1817,.F.);
#1819=DIRECTION('',(0.740951126,-0.671558955,0.));
#1820=VECTOR('',#1819,1.);
#1821=LINE('',#1627,#1820);
#1822=EDGE_CURVE('',#1628,#1626,#1821,.T.);
#1823=ORIENTED_EDGE('',*,*,#1822,.F.);
#1824=DIRECTION('',(0.671558955,-0.740951126,0.));
#1825=VECTOR('',#1824,1.);
#1826=LINE('',#1629,#1825);
#1827=EDGE_CURVE('',#1630,#1628,#1826,.T.);
#1828=ORIENTED_EDGE('',*,*,#1827,.F.);
#1829=DIRECTION('',(0.595699304,-0.803207532,0.));
#1830=VECTOR('',#1829,1.);
#1831=LINE('',#1631,#1830);
#1832=EDGE_CURVE('',#1632,#1630,#1831,.T.);
#1833=ORIENTED_EDGE('',*,*,#1832,.F.);
#1834=DIRECTION('',(0.514102744,-0.85772861,0.));
#1835=VECTOR('',#1834,1.);
#1836=LINE('',#1633,#1835);
#1837=EDGE_CURVE('',#1634,#1632,#1836,.T.);
#1838=ORIENTED_EDGE('',*,*,#1837,.F.);
#1839=DIRECTION('',(0.427555094,-0.903989293,0.));
#1840=VECTOR('',#1839,1.);
#1841=LINE('',#1635,#1840);
#1842=EDGE_CURVE('',#1636,#1634,#1841,.T.);
#1843=ORIENTED_EDGE('',*,*,#1842,.F.);
#1844=DIRECTION('',(0.336889853,-0.941544065,0.));
#1845=VECTOR('',#1844,1.);
#1846=LINE('',#1637,#1845);
#1847=EDGE_CURVE('',#1638,#1636,#1846,.T.);
#1848=ORIENTED_EDGE('',*,*,#1847,.F.);
#1849=DIRECTION('',(0.24298018,-0.970031253,0.));
#1850=VECTOR('',#1849,1.);
#1851=LINE('',#1639,#1850);
#1852=EDGE_CURVE('',#1640,#1638,#1851,.T.);
#1853=ORIENTED_EDGE('',*,*,#1852,.F.);
#1854=DIRECTION('',(0.146730474,-0.98917651,0.));
#1855=VECTOR('',#1854,1.);
#1856=LINE('',#1641,#1855);
#1857=EDGE_CURVE('',#1642,#1640,#1856,.T.);
#1858=ORIENTED_EDGE('',*,*,#1857,.F.);
#1859=DIRECTION('',(0.0490676747,-0.998795456,0.));
#1860=VECTOR('',#1859,1.);
#1861=LINE('',#1643,#1860);
#1862=EDGE_CURVE('',#1644,#1642,#1861,.T.);
#1863=ORIENTED_EDGE('',*,*,#1862,.F.);
#1864=DIRECTION('',(0.0490676747,0.998795456,0.));
#1865=VECTOR('',#1864,1.);
#1866=LINE('',#1643,#1865);
#1867=EDGE_CURVE('',#1644,#1646,#1866,.T.);
#1868=ORIENTED_EDGE('',*,*,#1867,.T.);
#1869=VECTOR('',#1709,1.);
#1870=LINE('',#1645,#1869);
#1871=EDGE_CURVE('',#1646,#1648,#1870,.T.);
#1872=ORIENTED_EDGE('',*,*,#1871,.T.);
#1873=VECTOR('',#1714,1.);
#1874=LINE('',#1647,#1873);
#1875=EDGE_CURVE('',#1648,#1650,#1874,.T.);
#1876=ORIENTED_EDGE('',*,*,#1875,.T.);
#1877=VECTOR('',#1719,1.);
#1878=LINE('',#1649,#1877);
#1879=EDGE_CURVE('',#1650,#1652,#1878,.T.);
#1880=ORIENTED_EDGE('',*,*,#1879,.T.);
#1881=VECTOR('',#1724,1.);
#1882=LINE('',#1651,#1881);
#1883=EDGE_CURVE('',#1652,#1654,#1882,.T.);
#1884=ORIENTED_EDGE('',*,*,#1883,.T.);
#1885=VECTOR('',#1729,1.);
#1886=LINE('',#1653,#1885);
#1887=EDGE_CURVE('',#1654,#1656,#1886,.T.);
#1888=ORIENTED_EDGE('',*,*,#1887,.T.);
#1889=VECTOR('',#1734,1.);
#1890=LINE('',#1655,#1889);
#1891=EDGE_CURVE('',#1656,#1658,#1890,.T.);
#1892=ORIENTED_EDGE('',*,*,#1891,.T.);
#1893=VECTOR('',#1739,1.);
#1894=LINE('',#1657,#1893);
#1895=EDGE_CURVE('',#1658,#1660,#1894,.T.);
#1896=ORIENTED_EDGE('',*,*,#1895,.T.);
#1897=VECTOR('',#1744,1.);
#1898=LINE('',#1659,#1897);
#1899=EDGE_CURVE('',#1660,#1662,#1898,.T.);
#1900=ORIENTED_EDGE('',*,*,#1899,.T.);
#1901=VECTOR('',#1749,1.);
#1902=LINE('',#1661,#1901);
#1903=EDGE_CURVE('',#1662,#1664,#1902,.T.);
#1904=ORIENTED_EDGE('',*,*,#1903,.T.);
#1905=VECTOR('',#1754,1.);
#1906=LINE('',#1663,#1905);
#1907=EDGE_CURVE('',#1664,#1666,#1906,.T.);
#1908=ORIENTED_EDGE('',*,*,#1907,.T.);
#1909=VECTOR('',#1759,1.);
#1910=LINE('',#1665,#1909);
#1911=EDGE_CURVE('',#1666,#1668,#1910,.T.);
#1912=ORIENTED_EDGE('',*,*,#1911,.T.);
#1913=VECTOR('',#1764,1.);
#1914=LINE('',#1667,#1913);
#1915=EDGE_CURVE('',#1668,#1670,#1914,.T.);
#1916=ORIENTED_EDGE('',*,*,#1915,.T.);
#1917=VECTOR('',#1769,1.);
#1918=LINE('',#1669,#1917);
#1919=EDGE_CURVE('',#1670,#1672,#1918,.T.);
#1920=ORIENTED_EDGE('',*,*,#1919,.T.);
#1921=VECTOR('',#1774,1.);
#1922=LINE('',#1671,#1921);
#1923=EDGE_CURVE('',#1672,#1674,#1922,.T.);
#1924=ORIENTED_EDGE('',*,*,#1923,.T.);
#1925=VECTOR('',#1779,1.);
#1926=LINE('',#1673,#1925);
#1927=EDGE_CURVE('',#1674,#1676,#1926,.T.);
#1928=ORIENTED_EDGE('',*,*,#1927,.T.);
#1929=VECTOR('',#1784,1.);
#1930=LINE('',#1675,#1929);
#1931=EDGE_CURVE('',#1676,#1678,#1930,.T.);
#1932=ORIENTED_EDGE('',*,*,#1931,.T.);
#1933=VECTOR('',#1789,1.);
#1934=LINE('',#1677,#1933);
#1935=EDGE_CURVE('',#1678,#1680,#1934,.T.);
#1936=ORIENTED_EDGE('',*,*,#1935,.T.);
#1937=VECTOR('',#1794,1.);
#1938=LINE('',#1679,#1937);
#1939=EDGE_CURVE('',#1680,#1682,#1938,.T.);
#1940=ORIENTED_EDGE('',*,*,#1939,.T.);
#1941=VECTOR('',#1799,1.);
#1942=LINE('',#1681,#1941);
#1943=EDGE_CURVE('',#1682,#1684,#1942,.T.);
#1944=ORIENTED_EDGE('',*,*,#1943,.T.);
#1945=VECTOR('',#1804,1.);
#1946=LINE('',#1683,#1945);
#1947=EDGE_CURVE('',#1684,#1686,#1946,.T.);
#1948=ORIENTED_EDGE('',*,*,#1947,.T.);
#1949=VECTOR('',#1809,1.);
#1950=LINE('',#1685,#1949);
#1951=EDGE_CURVE('',#1686,#1688,#1950,.T.);
#1952=ORIENTED_EDGE('',*,*,#1951,.T.);
#1953=VECTOR('',#1814,1.);
#1954=LINE('',#1687,#1953);
#1955=EDGE_CURVE('',#1688,#1690,#1954,.T.);
#1956=ORIENTED_EDGE('',*,*,#1955,.T.);
#1957=VECTOR('',#1819,1.);
#1958=LINE('',#1689,#1957);
#1959=EDGE_CURVE('',#1690,#1692,#1958,.T.);
#1960=ORIENTED_EDGE('',*,*,#1959,.T.);
#1961=VECTOR('',#1824,1.);
#1962=LINE('',#1691,#1961);
#1963=EDGE_CURVE('',#1692,#1694,#1962,.T.);
#1964=ORIENTED_EDGE('',*,*,#1963,.T.);
#1965=VECTOR('',#1829,1.);
#1966=LINE('',#1693,#1965);
#1967=EDGE_CURVE('',#1694,#1696,#1966,.T.);
#1968=ORIENTED_EDGE('',*,*,#1967,.T.);
#1969=VECTOR('',#1834,1.);
#1970=LINE('',#1695,#1969);
#1971=EDGE_CURVE('',#1696,#1698,#1970,.T.);
#1972=ORIENTED_EDGE('',*,*,#1971,.T.);
#1973=VECTOR('',#1839,1.);
#1974=LINE('',#1697,#1973);
#1975=EDGE_CURVE('',#1698,#1700,#1974,.T.);
#1976=ORIENTED_EDGE('',*,*,#1975,.T.);
#1977=VECTOR('',#1844,1.);
#1978=LINE('',#1699,#1977);
#1979=EDGE_CURVE('',#1700,#1702,#1978,.T.);
#1980=ORIENTED_EDGE('',*,*,#1979,.T.);
#1981=VECTOR('',#1849,1.);
#1982=LINE('',#1701,#1981);
#1983=EDGE_CURVE('',#1702,#1704,#1982,.T.);
#1984=ORIENTED_EDGE('',*,*,#1983,.T.);
#1985=VECTOR('',#1854,1.);
#1986=LINE('',#1703,#1985);
#1987=EDGE_CURVE('',#1704,#1706,#1986,.T.);
#1988=ORIENTED_EDGE('',*,*,#1987,.T.);
#1989=VECTOR('',#1859,1.);
#1990=LINE('',#1705,#1989);
#1991=EDGE_CURVE('',#1706,#1708,#1990,.T.);
#1992=ORIENTED_EDGE('',*,*,#1991,.T.);
#1993=VECTOR('',#1864,1.);
#1994=LINE('',#1581,#1993);
#1995=EDGE_CURVE('',#1582,#1708,#1994,.T.);
#1996=ORIENTED_EDGE('',*,*,#1995,.F.);
#1997=EDGE_LOOP('',(#1713,#1718,#1723,#1728,#1733,#1738,#1743,#1748,#1753,#1758,#1763,#1768,#1773,#1778,#1783,#1788,#1793,#1798,#1803,#1808,#1813,#1818,#1823,#1828,#1833,#1838,#1843,#1848,#1853,#1858,#1863,#1868,#1872,#1876,#1880,#1884,#1888,#1892,#1896,#1900,#1904,#1908,#1912,#1916,#1920,#1924,#1928,#1932,#1936,#1940,#1944,#1948,#1952,#1956,#1960,#1964,#1968,#1972,#1976,#1980,#1984,#1988,#1992,#1996));
#1998=FACE_BOUND('',#1997,.T.);
#1999=AXIS2_PLACEMENT_3D('',#1411,#367,#87);
#2000=PLANE('',#1999);
#2001=ADVANCED_FACE('',(#1580,#1998),#2000,.T.);
#2002=ORIENTED_EDGE('',*,*,#177,.F.);
#2003=ORIENTED_EDGE('',*,*,#173,.F.);
#2004=ORIENTED_EDGE('',*,*,#169,.F.);
#2005=ORIENTED_EDGE('',*,*,#165,.F.);
#2006=ORIENTED_EDGE('',*,*,#161,.F.);
#2007=ORIENTED_EDGE('',*,*,#157,.F.);
#2008=ORIENTED_EDGE('',*,*,#153,.T.);
#2009=ORIENTED_EDGE('',*,*,#149,.T.);
#2010=ORIENTED_EDGE('',*,*,#145,.T.);
#2011=ORIENTED_EDGE('',*,*,#141,.T.);
#2012=ORIENTED_EDGE('',*,*,#137,.T.);
#2013=ORIENTED_EDGE('',*,*,#133,.T.);
#2014=ORIENTED_EDGE('',*,*,#129,.T.);
#2015=ORIENTED_EDGE('',*,*,#125,.T.);
#2016=ORIENTED_EDGE('',*,*,#120,.T.);
#2017=ORIENTED_EDGE('',*,*,#115,.T.);
#2018=ORIENTED_EDGE('',*,*,#110,.T.);
#2019=ORIENTED_EDGE('',*,*,#105,.T.);
#2020=ORIENTED_EDGE('',*,*,#100,.T.);
#2021=ORIENTED_EDGE('',*,*,#95,.T.);
#2022=ORIENTED_EDGE('',*,*,#90,.F.);
#2023=ORIENTED_EDGE('',*,*,#85,.F.);
#2024=ORIENTED_EDGE('',*,*,#80,.F.);
#2025=ORIENTED_EDGE('',*,*,#75,.F.);
#2026=ORIENTED_EDGE('',*,*,#70,.F.);
#2027=ORIENTED_EDGE('',*,*,#65,.F.);
#2028=ORIENTED_EDGE('',*,*,#60,.F.);
#2029=ORIENTED_EDGE('',*,*,#181,.F.);
#2030=EDGE_LOOP('',(#2002,#2003,#2004,#2005,#2006,#2007,#2008,#2009,#2010,#2011,#2012,#2013,#2014,#2015,#2016,#2017,#2018,#2019,#2020,#2021,#2022,#2023,#2024,#2025,#2026,#2027,#2028,#2029));
#2031=FACE_OUTER_BOUND('',#2030,.T.);
#2032=CARTESIAN_POINT('',(12.92076,1.36714,16.786));
#2033=VERTEX_POINT('',#2032);
#2034=CARTESIAN_POINT('',(12.8576799,2.65116454,16.786));
#2035=VERTEX_POINT('',#2034);
#2036=CARTESIAN_POINT('',(12.6690472,3.92282322,16.786));
#2037=VERTEX_POINT('',#2036);
#2038=CARTESIAN_POINT('',(12.3566784,5.16986927,16.786));
#2039=VERTEX_POINT('',#2038);
#2040=CARTESIAN_POINT('',(11.9235819,6.38029296,16.786));
#2041=VERTEX_POINT('',#2040);
#2042=CARTESIAN_POINT('',(11.3739286,7.54243725,16.786));
#2043=VERTEX_POINT('',#2042);
#2044=CARTESIAN_POINT('',(10.7130119,8.64511005,16.786));
#2045=VERTEX_POINT('',#2044);
#2046=CARTESIAN_POINT('',(9.94719694,9.67769202,16.786));
#2047=VERTEX_POINT('',#2046);
#2048=CARTESIAN_POINT('',(9.08385883,10.6302388,16.786));
#2049=VERTEX_POINT('',#2048);
#2050=CARTESIAN_POINT('',(8.13131202,11.4935769,16.786));
#2051=VERTEX_POINT('',#2050);
#2052=CARTESIAN_POINT('',(7.09873005,12.2593919,16.786));
#2053=VERTEX_POINT('',#2052);
#2054=CARTESIAN_POINT('',(5.99605725,12.9203086,16.786));
#2055=VERTEX_POINT('',#2054);
#2056=CARTESIAN_POINT('',(4.83391296,13.4699619,16.786));
#2057=VERTEX_POINT('',#2056);
#2058=CARTESIAN_POINT('',(3.62348927,13.9030584,16.786));
#2059=VERTEX_POINT('',#2058);
#2060=CARTESIAN_POINT('',(2.37644322,14.2154272,16.786));
#2061=VERTEX_POINT('',#2060);
#2062=CARTESIAN_POINT('',(1.10478454,14.4040599,16.786));
#2063=VERTEX_POINT('',#2062);
#2064=CARTESIAN_POINT('',(-0.17924,14.46714,16.786));
#2065=VERTEX_POINT('',#2064);
#2066=CARTESIAN_POINT('',(-1.46326454,14.4040599,16.786));
#2067=VERTEX_POINT('',#2066);
#2068=CARTESIAN_POINT('',(-2.73492322,14.2154272,16.786));
#2069=VERTEX_POINT('',#2068);
#2070=CARTESIAN_POINT('',(-3.98196927,13.9030584,16.786));
#2071=VERTEX_POINT('',#2070);
#2072=CARTESIAN_POINT('',(-5.19239296,13.4699619,16.786));
#2073=VERTEX_POINT('',#2072);
#2074=CARTESIAN_POINT('',(-6.35453725,12.9203086,16.786));
#2075=VERTEX_POINT('',#2074);
#2076=CARTESIAN_POINT('',(-7.45721005,12.2593919,16.786));
#2077=VERTEX_POINT('',#2076);
#2078=CARTESIAN_POINT('',(-8.48979202,11.4935769,16.786));
#2079=VERTEX_POINT('',#2078);
#2080=CARTESIAN_POINT('',(-9.44233883,10.6302388,16.786));
#2081=VERTEX_POINT('',#2080);
#2082=CARTESIAN_POINT('',(-10.3056769,9.67769202,16.786));
#2083=VERTEX_POINT('',#2082);
#2084=CARTESIAN_POINT('',(-11.0714919,8.64511005,16.786));
#2085=VERTEX_POINT('',#2084);
#2086=CARTESIAN_POINT('',(-11.7324086,7.54243725,16.786));
#2087=VERTEX_POINT('',#2086);
#2088=CARTESIAN_POINT('',(-12.2820619,6.38029296,16.786));
#2089=VERTEX_POINT('',#2088);
#2090=CARTESIAN_POINT('',(-12.7151584,5.16986927,16.786));
#2091=VERTEX_POINT('',#2090);
#2092=CARTESIAN_POINT('',(-13.0275272,3.92282322,16.786));
#2093=VERTEX_POINT('',#2092);
#2094=CARTESIAN_POINT('',(-13.2161599,2.65116454,16.786));
#2095=VERTEX_POINT('',#2094);
#2096=CARTESIAN_POINT('',(-13.27924,1.36714,16.786));
#2097=VERTEX_POINT('',#2096);
#2098=CARTESIAN_POINT('',(-13.2161599,0.0831154617,16.786));
#2099=VERTEX_POINT('',#2098);
#2100=CARTESIAN_POINT('',(-13.0275272,-1.18854322,16.786));
#2101=VERTEX_POINT('',#2100);
#2102=CARTESIAN_POINT('',(-12.7151584,-2.43558927,16.786));
#2103=VERTEX_POINT('',#2102);
#2104=CARTESIAN_POINT('',(-12.2820619,-3.64601296,16.786));
#2105=VERTEX_POINT('',#2104);
#2106=CARTESIAN_POINT('',(-11.7324086,-4.80815725,16.786));
#2107=VERTEX_POINT('',#2106);
#2108=CARTESIAN_POINT('',(-11.0714919,-5.91083005,16.786));
#2109=VERTEX_POINT('',#2108);
#2110=CARTESIAN_POINT('',(-10.3056769,-6.94341202,16.786));
#2111=VERTEX_POINT('',#2110);
#2112=CARTESIAN_POINT('',(-9.44233883,-7.89595883,16.786));
#2113=VERTEX_POINT('',#2112);
#2114=CARTESIAN_POINT('',(-8.48979202,-8.75929694,16.786));
#2115=VERTEX_POINT('',#2114);
#2116=CARTESIAN_POINT('',(-7.45721005,-9.52511192,16.786));
#2117=VERTEX_POINT('',#2116);
#2118=CARTESIAN_POINT('',(-6.35453725,-10.1860286,16.786));
#2119=VERTEX_POINT('',#2118);
#2120=CARTESIAN_POINT('',(-5.19239296,-10.7356819,16.786));
#2121=VERTEX_POINT('',#2120);
#2122=CARTESIAN_POINT('',(-3.98196927,-11.1687784,16.786));
#2123=VERTEX_POINT('',#2122);
#2124=CARTESIAN_POINT('',(-2.73492322,-11.4811472,16.786));
#2125=VERTEX_POINT('',#2124);
#2126=CARTESIAN_POINT('',(-1.46326454,-11.6697799,16.786));
#2127=VERTEX_POINT('',#2126);
#2128=CARTESIAN_POINT('',(-0.17924,-11.73286,16.786));
#2129=VERTEX_POINT('',#2128);
#2130=CARTESIAN_POINT('',(1.10478454,-11.6697799,16.786));
#2131=VERTEX_POINT('',#2130);
#2132=CARTESIAN_POINT('',(2.37644322,-11.4811472,16.786));
#2133=VERTEX_POINT('',#2132);
#2134=CARTESIAN_POINT('',(3.62348927,-11.1687784,16.786));
#2135=VERTEX_POINT('',#2134);
#2136=CARTESIAN_POINT('',(4.83391296,-10.7356819,16.786));
#2137=VERTEX_POINT('',#2136);
#2138=CARTESIAN_POINT('',(5.99605725,-10.1860286,16.786));
#2139=VERTEX_POINT('',#2138);
#2140=CARTESIAN_POINT('',(7.09873005,-9.52511192,16.786));
#2141=VERTEX_POINT('',#2140);
#2142=CARTESIAN_POINT('',(8.13131202,-8.75929694,16.786));
#2143=VERTEX_POINT('',#2142);
#2144=CARTESIAN_POINT('',(9.08385883,-7.89595883,16.786));
#2145=VERTEX_POINT('',#2144);
#2146=CARTESIAN_POINT('',(9.94719694,-6.94341202,16.786));
#2147=VERTEX_POINT('',#2146);
#2148=CARTESIAN_POINT('',(10.7130119,-5.91083005,16.786));
#2149=VERTEX_POINT('',#2148);
#2150=CARTESIAN_POINT('',(11.3739286,-4.80815725,16.786));
#2151=VERTEX_POINT('',#2150);
#2152=CARTESIAN_POINT('',(11.9235819,-3.64601296,16.786));
#2153=VERTEX_POINT('',#2152);
#2154=CARTESIAN_POINT('',(12.3566784,-2.43558927,16.786));
#2155=VERTEX_POINT('',#2154);
#2156=CARTESIAN_POINT('',(12.6690472,-1.18854322,16.786));
#2157=VERTEX_POINT('',#2156);
#2158=CARTESIAN_POINT('',(12.8576799,0.0831154617,16.786));
#2159=VERTEX_POINT('',#2158);
#2160=VECTOR('',#1859,1.);
#2161=LINE('',#2034,#2160);
#2162=EDGE_CURVE('',#2035,#2033,#2161,.T.);
#2163=ORIENTED_EDGE('',*,*,#2162,.F.);
#2164=VECTOR('',#1854,1.);
#2165=LINE('',#2036,#2164);
#2166=EDGE_CURVE('',#2037,#2035,#2165,.T.);
#2167=ORIENTED_EDGE('',*,*,#2166,.F.);
#2168=VECTOR('',#1849,1.);
#2169=LINE('',#2038,#2168);
#2170=EDGE_CURVE('',#2039,#2037,#2169,.T.);
#2171=ORIENTED_EDGE('',*,*,#2170,.F.);
#2172=VECTOR('',#1844,1.);
#2173=LINE('',#2040,#2172);
#2174=EDGE_CURVE('',#2041,#2039,#2173,.T.);
#2175=ORIENTED_EDGE('',*,*,#2174,.F.);
#2176=VECTOR('',#1839,1.);
#2177=LINE('',#2042,#2176);
#2178=EDGE_CURVE('',#2043,#2041,#2177,.T.);
#2179=ORIENTED_EDGE('',*,*,#2178,.F.);
#2180=VECTOR('',#1834,1.);
#2181=LINE('',#2044,#2180);
#2182=EDGE_CURVE('',#2045,#2043,#2181,.T.);
#2183=ORIENTED_EDGE('',*,*,#2182,.F.);
#2184=VECTOR('',#1829,1.);
#2185=LINE('',#2046,#2184);
#2186=EDGE_CURVE('',#2047,#2045,#2185,.T.);
#2187=ORIENTED_EDGE('',*,*,#2186,.F.);
#2188=VECTOR('',#1824,1.);
#2189=LINE('',#2048,#2188);
#2190=EDGE_CURVE('',#2049,#2047,#2189,.T.);
#2191=ORIENTED_EDGE('',*,*,#2190,.F.);
#2192=VECTOR('',#1819,1.);
#2193=LINE('',#2050,#2192);
#2194=EDGE_CURVE('',#2051,#2049,#2193,.T.);
#2195=ORIENTED_EDGE('',*,*,#2194,.F.);
#2196=VECTOR('',#1814,1.);
#2197=LINE('',#2052,#2196);
#2198=EDGE_CURVE('',#2053,#2051,#2197,.T.);
#2199=ORIENTED_EDGE('',*,*,#2198,.F.);
#2200=VECTOR('',#1809,1.);
#2201=LINE('',#2054,#2200);
#2202=EDGE_CURVE('',#2055,#2053,#2201,.T.);
#2203=ORIENTED_EDGE('',*,*,#2202,.F.);
#2204=VECTOR('',#1804,1.);
#2205=LINE('',#2056,#2204);
#2206=EDGE_CURVE('',#2057,#2055,#2205,.T.);
#2207=ORIENTED_EDGE('',*,*,#2206,.F.);
#2208=VECTOR('',#1799,1.);
#2209=LINE('',#2058,#2208);
#2210=EDGE_CURVE('',#2059,#2057,#2209,.T.);
#2211=ORIENTED_EDGE('',*,*,#2210,.F.);
#2212=VECTOR('',#1794,1.);
#2213=LINE('',#2060,#2212);
#2214=EDGE_CURVE('',#2061,#2059,#2213,.T.);
#2215=ORIENTED_EDGE('',*,*,#2214,.F.);
#2216=VECTOR('',#1789,1.);
#2217=LINE('',#2062,#2216);
#2218=EDGE_CURVE('',#2063,#2061,#2217,.T.);
#2219=ORIENTED_EDGE('',*,*,#2218,.F.);
#2220=VECTOR('',#1784,1.);
#2221=LINE('',#2064,#2220);
#2222=EDGE_CURVE('',#2065,#2063,#2221,.T.);
#2223=ORIENTED_EDGE('',*,*,#2222,.F.);
#2224=VECTOR('',#1779,1.);
#2225=LINE('',#2066,#2224);
#2226=EDGE_CURVE('',#2067,#2065,#2225,.T.);
#2227=ORIENTED_EDGE('',*,*,#2226,.F.);
#2228=VECTOR('',#1774,1.);
#2229=LINE('',#2068,#2228);
#2230=EDGE_CURVE('',#2069,#2067,#2229,.T.);
#2231=ORIENTED_EDGE('',*,*,#2230,.F.);
#2232=VECTOR('',#1769,1.);
#2233=LINE('',#2070,#2232);
#2234=EDGE_CURVE('',#2071,#2069,#2233,.T.);
#2235=ORIENTED_EDGE('',*,*,#2234,.F.);
#2236=VECTOR('',#1764,1.);
#2237=LINE('',#2072,#2236);
#2238=EDGE_CURVE('',#2073,#2071,#2237,.T.);
#2239=ORIENTED_EDGE('',*,*,#2238,.F.);
#2240=VECTOR('',#1759,1.);
#2241=LINE('',#2074,#2240);
#2242=EDGE_CURVE('',#2075,#2073,#2241,.T.);
#2243=ORIENTED_EDGE('',*,*,#2242,.F.);
#2244=VECTOR('',#1754,1.);
#2245=LINE('',#2076,#2244);
#2246=EDGE_CURVE('',#2077,#2075,#2245,.T.);
#2247=ORIENTED_EDGE('',*,*,#2246,.F.);
#2248=VECTOR('',#1749,1.);
#2249=LINE('',#2078,#2248);
#2250=EDGE_CURVE('',#2079,#2077,#2249,.T.);
#2251=ORIENTED_EDGE('',*,*,#2250,.F.);
#2252=VECTOR('',#1744,1.);
#2253=LINE('',#2080,#2252);
#2254=EDGE_CURVE('',#2081,#2079,#2253,.T.);
#2255=ORIENTED_EDGE('',*,*,#2254,.F.);
#2256=VECTOR('',#1739,1.);
#2257=LINE('',#2082,#2256);
#2258=EDGE_CURVE('',#2083,#2081,#2257,.T.);
#2259=ORIENTED_EDGE('',*,*,#2258,.F.);
#2260=VECTOR('',#1734,1.);
#2261=LINE('',#2084,#2260);
#2262=EDGE_CURVE('',#2085,#2083,#2261,.T.);
#2263=ORIENTED_EDGE('',*,*,#2262,.F.);
#2264=VECTOR('',#1729,1.);
#2265=LINE('',#2086,#2264);
#2266=EDGE_CURVE('',#2087,#2085,#2265,.T.);
#2267=ORIENTED_EDGE('',*,*,#2266,.F.);
#2268=VECTOR('',#1724,1.);
#2269=LINE('',#2088,#2268);
#2270=EDGE_CURVE('',#2089,#2087,#2269,.T.);
#2271=ORIENTED_EDGE('',*,*,#2270,.F.);
#2272=VECTOR('',#1719,1.);
#2273=LINE('',#2090,#2272);
#2274=EDGE_CURVE('',#2091,#2089,#2273,.T.);
#2275=ORIENTED_EDGE('',*,*,#2274,.F.);
#2276=VECTOR('',#1714,1.);
#2277=LINE('',#2092,#2276);
#2278=EDGE_CURVE('',#2093,#2091,#2277,.T.);
#2279=ORIENTED_EDGE('',*,*,#2278,.F.);
#2280=VECTOR('',#1709,1.);
#2281=LINE('',#2094,#2280);
#2282=EDGE_CURVE('',#2095,#2093,#2281,.T.);
#2283=ORIENTED_EDGE('',*,*,#2282,.F.);
#2284=VECTOR('',#1864,1.);
#2285=LINE('',#2096,#2284);
#2286=EDGE_CURVE('',#2097,#2095,#2285,.T.);
#2287=ORIENTED_EDGE('',*,*,#2286,.F.);
#2288=VECTOR('',#1859,1.);
#2289=LINE('',#2096,#2288);
#2290=EDGE_CURVE('',#2097,#2099,#2289,.T.);
#2291=ORIENTED_EDGE('',*,*,#2290,.T.);
#2292=VECTOR('',#1854,1.);
#2293=LINE('',#2098,#2292);
#2294=EDGE_CURVE('',#2099,#2101,#2293,.T.);
#2295=ORIENTED_EDGE('',*,*,#2294,.T.);
#2296=VECTOR('',#1849,1.);
#2297=LINE('',#2100,#2296);
#2298=EDGE_CURVE('',#2101,#2103,#2297,.T.);
#2299=ORIENTED_EDGE('',*,*,#2298,.T.);
#2300=VECTOR('',#1844,1.);
#2301=LINE('',#2102,#2300);
#2302=EDGE_CURVE('',#2103,#2105,#2301,.T.);
#2303=ORIENTED_EDGE('',*,*,#2302,.T.);
#2304=VECTOR('',#1839,1.);
#2305=LINE('',#2104,#2304);
#2306=EDGE_CURVE('',#2105,#2107,#2305,.T.);
#2307=ORIENTED_EDGE('',*,*,#2306,.T.);
#2308=VECTOR('',#1834,1.);
#2309=LINE('',#2106,#2308);
#2310=EDGE_CURVE('',#2107,#2109,#2309,.T.);
#2311=ORIENTED_EDGE('',*,*,#2310,.T.);
#2312=VECTOR('',#1829,1.);
#2313=LINE('',#2108,#2312);
#2314=EDGE_CURVE('',#2109,#2111,#2313,.T.);
#2315=ORIENTED_EDGE('',*,*,#2314,.T.);
#2316=VECTOR('',#1824,1.);
#2317=LINE('',#2110,#2316);
#2318=EDGE_CURVE('',#2111,#2113,#2317,.T.);
#2319=ORIENTED_EDGE('',*,*,#2318,.T.);
#2320=VECTOR('',#1819,1.);
#2321=LINE('',#2112,#2320);
#2322=EDGE_CURVE('',#2113,#2115,#2321,.T.);
#2323=ORIENTED_EDGE('',*,*,#2322,.T.);
#2324=VECTOR('',#1814,1.);
#2325=LINE('',#2114,#2324);
#2326=EDGE_CURVE('',#2115,#2117,#2325,.T.);
#2327=ORIENTED_EDGE('',*,*,#2326,.T.);
#2328=VECTOR('',#1809,1.);
#2329=LINE('',#2116,#2328);
#2330=EDGE_CURVE('',#2117,#2119,#2329,.T.);
#2331=ORIENTED_EDGE('',*,*,#2330,.T.);
#2332=VECTOR('',#1804,1.);
#2333=LINE('',#2118,#2332);
#2334=EDGE_CURVE('',#2119,#2121,#2333,.T.);
#2335=ORIENTED_EDGE('',*,*,#2334,.T.);
#2336=VECTOR('',#1799,1.);
#2337=LINE('',#2120,#2336);
#2338=EDGE_CURVE('',#2121,#2123,#2337,.T.);
#2339=ORIENTED_EDGE('',*,*,#2338,.T.);
#2340=VECTOR('',#1794,1.);
#2341=LINE('',#2122,#2340);
#2342=EDGE_CURVE('',#2123,#2125,#2341,.T.);
#2343=ORIENTED_EDGE('',*,*,#2342,.T.);
#2344=VECTOR('',#1789,1.);
#2345=LINE('',#2124,#2344);
#2346=EDGE_CURVE('',#2125,#2127,#2345,.T.);
#2347=ORIENTED_EDGE('',*,*,#2346,.T.);
#2348=VECTOR('',#1784,1.);
#2349=LINE('',#2126,#2348);
#2350=EDGE_CURVE('',#2127,#2129,#2349,.T.);
#2351=ORIENTED_EDGE('',*,*,#2350,.T.);
#2352=VECTOR('',#1779,1.);
#2353=LINE('',#2128,#2352);
#2354=EDGE_CURVE('',#2129,#2131,#2353,.T.);
#2355=ORIENTED_EDGE('',*,*,#2354,.T.);
#2356=VECTOR('',#1774,1.);
#2357=LINE('',#2130,#2356);
#2358=EDGE_CURVE('',#2131,#2133,#2357,.T.);
#2359=ORIENTED_EDGE('',*,*,#2358,.T.);
#2360=VECTOR('',#1769,1.);
#2361=LINE('',#2132,#2360);
#2362=EDGE_CURVE('',#2133,#2135,#2361,.T.);
#2363=ORIENTED_EDGE('',*,*,#2362,.T.);
#2364=VECTOR('',#1764,1.);
#2365=LINE('',#2134,#2364);
#2366=EDGE_CURVE('',#2135,#2137,#2365,.T.);
#2367=ORIENTED_EDGE('',*,*,#2366,.T.);
#2368=VECTOR('',#1759,1.);
#2369=LINE('',#2136,#2368);
#2370=EDGE_CURVE('',#2137,#2139,#2369,.T.);
#2371=ORIENTED_EDGE('',*,*,#2370,.T.);
#2372=VECTOR('',#1754,1.);
#2373=LINE('',#2138,#2372);
#2374=EDGE_CURVE('',#2139,#2141,#2373,.T.);
#2375=ORIENTED_EDGE('',*,*,#2374,.T.);
#2376=VECTOR('',#1749,1.);
#2377=LINE('',#2140,#2376);
#2378=EDGE_CURVE('',#2141,#2143,#2377,.T.);
#2379=ORIENTED_EDGE('',*,*,#2378,.T.);
#2380=VECTOR('',#1744,1.);
#2381=LINE('',#2142,#2380);
#2382=EDGE_CURVE('',#2143,#2145,#2381,.T.);
#2383=ORIENTED_EDGE('',*,*,#2382,.T.);
#2384=VECTOR('',#1739,1.);
#2385=LINE('',#2144,#2384);
#2386=EDGE_CURVE('',#2145,#2147,#2385,.T.);
#2387=ORIENTED_EDGE('',*,*,#2386,.T.);
#2388=VECTOR('',#1734,1.);
#2389=LINE('',#2146,#2388);
#2390=EDGE_CURVE('',#2147,#2149,#2389,.T.);
#2391=ORIENTED_EDGE('',*,*,#2390,.T.);
#2392=VECTOR('',#1729,1.);
#2393=LINE('',#2148,#2392);
#2394=EDGE_CURVE('',#2149,#2151,#2393,.T.);
#2395=ORIENTED_EDGE('',*,*,#2394,.T.);
#2396=VECTOR('',#1724,1.);
#2397=LINE('',#2150,#2396);
#2398=EDGE_CURVE('',#2151,#2153,#2397,.T.);
#2399=ORIENTED_EDGE('',*,*,#2398,.T.);
#2400=VECTOR('',#1719,1.);
#2401=LINE('',#2152,#2400);
#2402=EDGE_CURVE('',#2153,#2155,#2401,.T.);
#2403=ORIENTED_EDGE('',*,*,#2402,.T.);
#2404=VECTOR('',#1714,1.);
#2405=LINE('',#2154,#2404);
#2406=EDGE_CURVE('',#2155,#2157,#2405,.T.);
#2407=ORIENTED_EDGE('',*,*,#2406,.T.);
#2408=VECTOR('',#1709,1.);
#2409=LINE('',#2156,#2408);
#2410=EDGE_CURVE('',#2157,#2159,#2409,.T.);
#2411=ORIENTED_EDGE('',*,*,#2410,.T.);
#2412=VECTOR('',#1864,1.);
#2413=LINE('',#2158,#2412);
#2414=EDGE_CURVE('',#2159,#2033,#2413,.T.);
#2415=ORIENTED_EDGE('',*,*,#2414,.T.);
#2416=EDGE_LOOP('',(#2163,#2167,#2171,#2175,#2179,#2183,#2187,#2191,#2195,#2199,#2203,#2207,#2211,#2215,#2219,#2223,#2227,#2231,#2235,#2239,#2243,#2247,#2251,#2255,#2259,#2263,#2267,#2271,#2275,#2279,#2283,#2287,#2291,#2295,#2299,#2303,#2307,#2311,#2315,#2319,#2323,#2327,#2331,#2335,#2339,#2343,#2347,#2351,#2355,#2359,#2363,#2367,#2371,#2375,#2379,#2383,#2387,#2391,#2395,#2399,#2403,#2407,#2411,#2415));
#2417=FACE_BOUND('',#2416,.T.);
#2418=AXIS2_PLACEMENT_3D('',#55,#711,#712);
#2419=PLANE('',#2418);
#2420=ADVANCED_FACE('',(#2031,#2417),#2419,.T.);
#2421=ORIENTED_EDGE('',*,*,#60,.T.);
#2422=VECTOR('',#367,1.);
#2423=LINE('',#3,#2422);
#2424=EDGE_CURVE('',#4,#1414,#2423,.T.);
#2425=ORIENTED_EDGE('',*,*,#2424,.T.);
#2426=ORIENTED_EDGE('',*,*,#1469,.F.);
#2427=VECTOR('',#367,1.);
#2428=LINE('',#1,#2427);
#2429=EDGE_CURVE('',#2,#1412,#2428,.T.);
#2430=ORIENTED_EDGE('',*,*,#2429,.F.);
#2431=EDGE_LOOP('',(#2421,#2425,#2426,#2430));
#2432=FACE_OUTER_BOUND('',#2431,.T.);
#2433=AXIS2_PLACEMENT_3D('',#1,#728,#729);
#2434=PLANE('',#2433);
#2435=ADVANCED_FACE('',(#2432),#2434,.T.);
#2436=ORIENTED_EDGE('',*,*,#65,.T.);
#2437=VECTOR('',#367,1.);
#2438=LINE('',#5,#2437);
#2439=EDGE_CURVE('',#6,#1416,#2438,.T.);
#2440=ORIENTED_EDGE('',*,*,#2439,.T.);
#2441=ORIENTED_EDGE('',*,*,#1473,.F.);
#2442=ORIENTED_EDGE('',*,*,#2424,.F.);
#2443=EDGE_LOOP('',(#2436,#2440,#2441,#2442));
#2444=FACE_OUTER_BOUND('',#2443,.T.);
#2445=AXIS2_PLACEMENT_3D('',#3,#97,#742);
#2446=PLANE('',#2445);
#2447=ADVANCED_FACE('',(#2444),#2446,.T.);
#2448=ORIENTED_EDGE('',*,*,#70,.T.);
#2449=VECTOR('',#367,1.);
#2450=LINE('',#7,#2449);
#2451=EDGE_CURVE('',#8,#1418,#2450,.T.);
#2452=ORIENTED_EDGE('',*,*,#2451,.T.);
#2453=ORIENTED_EDGE('',*,*,#1477,.F.);
#2454=ORIENTED_EDGE('',*,*,#2439,.F.);
#2455=EDGE_LOOP('',(#2448,#2452,#2453,#2454));
#2456=FACE_OUTER_BOUND('',#2455,.T.);
#2457=AXIS2_PLACEMENT_3D('',#5,#755,#756);
#2458=PLANE('',#2457);
#2459=ADVANCED_FACE('',(#2456),#2458,.T.);
#2460=ORIENTED_EDGE('',*,*,#75,.T.);
#2461=VECTOR('',#367,1.);
#2462=LINE('',#9,#2461);
#2463=EDGE_CURVE('',#10,#1420,#2462,.T.);
#2464=ORIENTED_EDGE('',*,*,#2463,.T.);
#2465=ORIENTED_EDGE('',*,*,#1481,.F.);
#2466=ORIENTED_EDGE('',*,*,#2451,.F.);
#2467=EDGE_LOOP('',(#2460,#2464,#2465,#2466));
#2468=FACE_OUTER_BOUND('',#2467,.T.);
#2469=AXIS2_PLACEMENT_3D('',#7,#769,#770);
#2470=PLANE('',#2469);
#2471=ADVANCED_FACE('',(#2468),#2470,.T.);
#2472=ORIENTED_EDGE('',*,*,#80,.T.);
#2473=VECTOR('',#367,1.);
#2474=LINE('',#11,#2473);
#2475=EDGE_CURVE('',#12,#1422,#2474,.T.);
#2476=ORIENTED_EDGE('',*,*,#2475,.T.);
#2477=ORIENTED_EDGE('',*,*,#1485,.F.);
#2478=ORIENTED_EDGE('',*,*,#2463,.F.);
#2479=EDGE_LOOP('',(#2472,#2476,#2477,#2478));
#2480=FACE_OUTER_BOUND('',#2479,.T.);
#2481=AXIS2_PLACEMENT_3D('',#9,#112,#783);
#2482=PLANE('',#2481);
#2483=ADVANCED_FACE('',(#2480),#2482,.T.);
#2484=ORIENTED_EDGE('',*,*,#85,.T.);
#2485=VECTOR('',#367,1.);
#2486=LINE('',#13,#2485);
#2487=EDGE_CURVE('',#14,#1424,#2486,.T.);
#2488=ORIENTED_EDGE('',*,*,#2487,.T.);
#2489=ORIENTED_EDGE('',*,*,#1489,.F.);
#2490=ORIENTED_EDGE('',*,*,#2475,.F.);
#2491=EDGE_LOOP('',(#2484,#2488,#2489,#2490));
#2492=FACE_OUTER_BOUND('',#2491,.T.);
#2493=AXIS2_PLACEMENT_3D('',#11,#796,#797);
#2494=PLANE('',#2493);
#2495=ADVANCED_FACE('',(#2492),#2494,.T.);
#2496=ORIENTED_EDGE('',*,*,#90,.T.);
#2497=VECTOR('',#367,1.);
#2498=LINE('',#15,#2497);
#2499=EDGE_CURVE('',#16,#1426,#2498,.T.);
#2500=ORIENTED_EDGE('',*,*,#2499,.T.);
#2501=ORIENTED_EDGE('',*,*,#1493,.F.);
#2502=ORIENTED_EDGE('',*,*,#2487,.F.);
#2503=EDGE_LOOP('',(#2496,#2500,#2501,#2502));
#2504=FACE_OUTER_BOUND('',#2503,.T.);
#2505=AXIS2_PLACEMENT_3D('',#13,#122,#712);
#2506=PLANE('',#2505);
#2507=ADVANCED_FACE('',(#2504),#2506,.T.);
#2508=ORIENTED_EDGE('',*,*,#95,.F.);
#2509=VECTOR('',#367,1.);
#2510=LINE('',#17,#2509);
#2511=EDGE_CURVE('',#18,#1428,#2510,.T.);
#2512=ORIENTED_EDGE('',*,*,#2511,.T.);
#2513=ORIENTED_EDGE('',*,*,#1497,.T.);
#2514=ORIENTED_EDGE('',*,*,#2499,.F.);
#2515=EDGE_LOOP('',(#2508,#2512,#2513,#2514));
#2516=FACE_OUTER_BOUND('',#2515,.T.);
#2517=AXIS2_PLACEMENT_3D('',#15,#822,#728);
#2518=PLANE('',#2517);
#2519=ADVANCED_FACE('',(#2516),#2518,.T.);
#2520=ORIENTED_EDGE('',*,*,#100,.F.);
#2521=VECTOR('',#367,1.);
#2522=LINE('',#19,#2521);
#2523=EDGE_CURVE('',#20,#1430,#2522,.T.);
#2524=ORIENTED_EDGE('',*,*,#2523,.T.);
#2525=ORIENTED_EDGE('',*,*,#1501,.T.);
#2526=ORIENTED_EDGE('',*,*,#2511,.F.);
#2527=EDGE_LOOP('',(#2520,#2524,#2525,#2526));
#2528=FACE_OUTER_BOUND('',#2527,.T.);
#2529=AXIS2_PLACEMENT_3D('',#17,#62,#97);
#2530=PLANE('',#2529);
#2531=ADVANCED_FACE('',(#2528),#2530,.T.);
#2532=ORIENTED_EDGE('',*,*,#105,.F.);
#2533=VECTOR('',#367,1.);
#2534=LINE('',#21,#2533);
#2535=EDGE_CURVE('',#22,#1432,#2534,.T.);
#2536=ORIENTED_EDGE('',*,*,#2535,.T.);
#2537=ORIENTED_EDGE('',*,*,#1505,.T.);
#2538=ORIENTED_EDGE('',*,*,#2523,.F.);
#2539=EDGE_LOOP('',(#2532,#2536,#2537,#2538));
#2540=FACE_OUTER_BOUND('',#2539,.T.);
#2541=AXIS2_PLACEMENT_3D('',#19,#847,#755);
#2542=PLANE('',#2541);
#2543=ADVANCED_FACE('',(#2540),#2542,.T.);
#2544=ORIENTED_EDGE('',*,*,#110,.F.);
#2545=VECTOR('',#367,1.);
#2546=LINE('',#23,#2545);
#2547=EDGE_CURVE('',#24,#1434,#2546,.T.);
#2548=ORIENTED_EDGE('',*,*,#2547,.T.);
#2549=ORIENTED_EDGE('',*,*,#1509,.T.);
#2550=ORIENTED_EDGE('',*,*,#2535,.F.);
#2551=EDGE_LOOP('',(#2544,#2548,#2549,#2550));
#2552=FACE_OUTER_BOUND('',#2551,.T.);
#2553=AXIS2_PLACEMENT_3D('',#21,#860,#769);
#2554=PLANE('',#2553);
#2555=ADVANCED_FACE('',(#2552),#2554,.T.);
#2556=ORIENTED_EDGE('',*,*,#115,.F.);
#2557=VECTOR('',#367,1.);
#2558=LINE('',#25,#2557);
#2559=EDGE_CURVE('',#26,#1436,#2558,.T.);
#2560=ORIENTED_EDGE('',*,*,#2559,.T.);
#2561=ORIENTED_EDGE('',*,*,#1513,.T.);
#2562=ORIENTED_EDGE('',*,*,#2547,.F.);
#2563=EDGE_LOOP('',(#2556,#2560,#2561,#2562));
#2564=FACE_OUTER_BOUND('',#2563,.T.);
#2565=AXIS2_PLACEMENT_3D('',#23,#77,#112);
#2566=PLANE('',#2565);
#2567=ADVANCED_FACE('',(#2564),#2566,.T.);
#2568=ORIENTED_EDGE('',*,*,#120,.F.);
#2569=VECTOR('',#367,1.);
#2570=LINE('',#27,#2569);
#2571=EDGE_CURVE('',#28,#1438,#2570,.T.);
#2572=ORIENTED_EDGE('',*,*,#2571,.T.);
#2573=ORIENTED_EDGE('',*,*,#1517,.T.);
#2574=ORIENTED_EDGE('',*,*,#2559,.F.);
#2575=EDGE_LOOP('',(#2568,#2572,#2573,#2574));
#2576=FACE_OUTER_BOUND('',#2575,.T.);
#2577=AXIS2_PLACEMENT_3D('',#25,#885,#796);
#2578=PLANE('',#2577);
#2579=ADVANCED_FACE('',(#2576),#2578,.T.);
#2580=ORIENTED_EDGE('',*,*,#125,.F.);
#2581=VECTOR('',#367,1.);
#2582=LINE('',#29,#2581);
#2583=EDGE_CURVE('',#30,#1440,#2582,.T.);
#2584=ORIENTED_EDGE('',*,*,#2583,.T.);
#2585=ORIENTED_EDGE('',*,*,#1521,.T.);
#2586=ORIENTED_EDGE('',*,*,#2571,.F.);
#2587=EDGE_LOOP('',(#2580,#2584,#2585,#2586));
#2588=FACE_OUTER_BOUND('',#2587,.T.);
#2589=AXIS2_PLACEMENT_3D('',#27,#87,#122);
#2590=PLANE('',#2589);
#2591=ADVANCED_FACE('',(#2588),#2590,.T.);
#2592=ORIENTED_EDGE('',*,*,#129,.F.);
#2593=VECTOR('',#367,1.);
#2594=LINE('',#31,#2593);
#2595=EDGE_CURVE('',#32,#1442,#2594,.T.);
#2596=ORIENTED_EDGE('',*,*,#2595,.T.);
#2597=ORIENTED_EDGE('',*,*,#1525,.T.);
#2598=ORIENTED_EDGE('',*,*,#2583,.F.);
#2599=EDGE_LOOP('',(#2592,#2596,#2597,#2598));
#2600=FACE_OUTER_BOUND('',#2599,.T.);
#2601=AXIS2_PLACEMENT_3D('',#29,#910,#822);
#2602=PLANE('',#2601);
#2603=ADVANCED_FACE('',(#2600),#2602,.T.);
#2604=ORIENTED_EDGE('',*,*,#133,.F.);
#2605=VECTOR('',#367,1.);
#2606=LINE('',#33,#2605);
#2607=EDGE_CURVE('',#34,#1444,#2606,.T.);
#2608=ORIENTED_EDGE('',*,*,#2607,.T.);
#2609=ORIENTED_EDGE('',*,*,#1529,.T.);
#2610=ORIENTED_EDGE('',*,*,#2595,.F.);
#2611=EDGE_LOOP('',(#2604,#2608,#2609,#2610));
#2612=FACE_OUTER_BOUND('',#2611,.T.);
#2613=AXIS2_PLACEMENT_3D('',#31,#923,#62);
#2614=PLANE('',#2613);
#2615=ADVANCED_FACE('',(#2612),#2614,.T.);
#2616=ORIENTED_EDGE('',*,*,#137,.F.);
#2617=VECTOR('',#367,1.);
#2618=LINE('',#35,#2617);
#2619=EDGE_CURVE('',#36,#1446,#2618,.T.);
#2620=ORIENTED_EDGE('',*,*,#2619,.T.);
#2621=ORIENTED_EDGE('',*,*,#1533,.T.);
#2622=ORIENTED_EDGE('',*,*,#2607,.F.);
#2623=EDGE_LOOP('',(#2616,#2620,#2621,#2622));
#2624=FACE_OUTER_BOUND('',#2623,.T.);
#2625=AXIS2_PLACEMENT_3D('',#33,#936,#847);
#2626=PLANE('',#2625);
#2627=ADVANCED_FACE('',(#2624),#2626,.T.);
#2628=ORIENTED_EDGE('',*,*,#141,.F.);
#2629=VECTOR('',#367,1.);
#2630=LINE('',#37,#2629);
#2631=EDGE_CURVE('',#38,#1448,#2630,.T.);
#2632=ORIENTED_EDGE('',*,*,#2631,.T.);
#2633=ORIENTED_EDGE('',*,*,#1537,.T.);
#2634=ORIENTED_EDGE('',*,*,#2619,.F.);
#2635=EDGE_LOOP('',(#2628,#2632,#2633,#2634));
#2636=FACE_OUTER_BOUND('',#2635,.T.);
#2637=AXIS2_PLACEMENT_3D('',#35,#949,#860);
#2638=PLANE('',#2637);
#2639=ADVANCED_FACE('',(#2636),#2638,.T.);
#2640=ORIENTED_EDGE('',*,*,#145,.F.);
#2641=VECTOR('',#367,1.);
#2642=LINE('',#39,#2641);
#2643=EDGE_CURVE('',#40,#1450,#2642,.T.);
#2644=ORIENTED_EDGE('',*,*,#2643,.T.);
#2645=ORIENTED_EDGE('',*,*,#1541,.T.);
#2646=ORIENTED_EDGE('',*,*,#2631,.F.);
#2647=EDGE_LOOP('',(#2640,#2644,#2645,#2646));
#2648=FACE_OUTER_BOUND('',#2647,.T.);
#2649=AXIS2_PLACEMENT_3D('',#37,#962,#77);
#2650=PLANE('',#2649);
#2651=ADVANCED_FACE('',(#2648),#2650,.T.);
#2652=ORIENTED_EDGE('',*,*,#149,.F.);
#2653=VECTOR('',#367,1.);
#2654=LINE('',#41,#2653);
#2655=EDGE_CURVE('',#42,#1452,#2654,.T.);
#2656=ORIENTED_EDGE('',*,*,#2655,.T.);
#2657=ORIENTED_EDGE('',*,*,#1545,.T.);
#2658=ORIENTED_EDGE('',*,*,#2643,.F.);
#2659=EDGE_LOOP('',(#2652,#2656,#2657,#2658));
#2660=FACE_OUTER_BOUND('',#2659,.T.);
#2661=AXIS2_PLACEMENT_3D('',#39,#975,#885);
#2662=PLANE('',#2661);
#2663=ADVANCED_FACE('',(#2660),#2662,.T.);
#2664=ORIENTED_EDGE('',*,*,#153,.F.);
#2665=VECTOR('',#367,1.);
#2666=LINE('',#43,#2665);
#2667=EDGE_CURVE('',#44,#1454,#2666,.T.);
#2668=ORIENTED_EDGE('',*,*,#2667,.T.);
#2669=ORIENTED_EDGE('',*,*,#1549,.T.);
#2670=ORIENTED_EDGE('',*,*,#2655,.F.);
#2671=EDGE_LOOP('',(#2664,#2668,#2669,#2670));
#2672=FACE_OUTER_BOUND('',#2671,.T.);
#2673=AXIS2_PLACEMENT_3D('',#41,#988,#87);
#2674=PLANE('',#2673);
#2675=ADVANCED_FACE('',(#2672),#2674,.T.);
#2676=ORIENTED_EDGE('',*,*,#157,.T.);
#2677=VECTOR('',#367,1.);
#2678=LINE('',#45,#2677);
#2679=EDGE_CURVE('',#46,#1456,#2678,.T.);
#2680=ORIENTED_EDGE('',*,*,#2679,.T.);
#2681=ORIENTED_EDGE('',*,*,#1553,.F.);
#2682=ORIENTED_EDGE('',*,*,#2667,.F.);
#2683=EDGE_LOOP('',(#2676,#2680,#2681,#2682));
#2684=FACE_OUTER_BOUND('',#2683,.T.);
#2685=AXIS2_PLACEMENT_3D('',#43,#729,#910);
#2686=PLANE('',#2685);
#2687=ADVANCED_FACE('',(#2684),#2686,.T.);
#2688=ORIENTED_EDGE('',*,*,#161,.T.);
#2689=VECTOR('',#367,1.);
#2690=LINE('',#47,#2689);
#2691=EDGE_CURVE('',#48,#1458,#2690,.T.);
#2692=ORIENTED_EDGE('',*,*,#2691,.T.);
#2693=ORIENTED_EDGE('',*,*,#1557,.F.);
#2694=ORIENTED_EDGE('',*,*,#2679,.F.);
#2695=EDGE_LOOP('',(#2688,#2692,#2693,#2694));
#2696=FACE_OUTER_BOUND('',#2695,.T.);
#2697=AXIS2_PLACEMENT_3D('',#45,#742,#923);
#2698=PLANE('',#2697);
#2699=ADVANCED_FACE('',(#2696),#2698,.T.);
#2700=ORIENTED_EDGE('',*,*,#165,.T.);
#2701=VECTOR('',#367,1.);
#2702=LINE('',#49,#2701);
#2703=EDGE_CURVE('',#50,#1460,#2702,.T.);
#2704=ORIENTED_EDGE('',*,*,#2703,.T.);
#2705=ORIENTED_EDGE('',*,*,#1561,.F.);
#2706=ORIENTED_EDGE('',*,*,#2691,.F.);
#2707=EDGE_LOOP('',(#2700,#2704,#2705,#2706));
#2708=FACE_OUTER_BOUND('',#2707,.T.);
#2709=AXIS2_PLACEMENT_3D('',#47,#756,#936);
#2710=PLANE('',#2709);
#2711=ADVANCED_FACE('',(#2708),#2710,.T.);
#2712=ORIENTED_EDGE('',*,*,#169,.T.);
#2713=VECTOR('',#367,1.);
#2714=LINE('',#51,#2713);
#2715=EDGE_CURVE('',#52,#1462,#2714,.T.);
#2716=ORIENTED_EDGE('',*,*,#2715,.T.);
#2717=ORIENTED_EDGE('',*,*,#1565,.F.);
#2718=ORIENTED_EDGE('',*,*,#2703,.F.);
#2719=EDGE_LOOP('',(#2712,#2716,#2717,#2718));
#2720=FACE_OUTER_BOUND('',#2719,.T.);
#2721=AXIS2_PLACEMENT_3D('',#49,#770,#949);
#2722=PLANE('',#2721);
#2723=ADVANCED_FACE('',(#2720),#2722,.T.);
#2724=ORIENTED_EDGE('',*,*,#173,.T.);
#2725=VECTOR('',#367,1.);
#2726=LINE('',#53,#2725);
#2727=EDGE_CURVE('',#54,#1464,#2726,.T.);
#2728=ORIENTED_EDGE('',*,*,#2727,.T.);
#2729=ORIENTED_EDGE('',*,*,#1569,.F.);
#2730=ORIENTED_EDGE('',*,*,#2715,.F.);
#2731=EDGE_LOOP('',(#2724,#2728,#2729,#2730));
#2732=FACE_OUTER_BOUND('',#2731,.T.);
#2733=AXIS2_PLACEMENT_3D('',#51,#783,#962);
#2734=PLANE('',#2733);
#2735=ADVANCED_FACE('',(#2732),#2734,.T.);
#2736=ORIENTED_EDGE('',*,*,#177,.T.);
#2737=VECTOR('',#367,1.);
#2738=LINE('',#55,#2737);
#2739=EDGE_CURVE('',#56,#1466,#2738,.T.);
#2740=ORIENTED_EDGE('',*,*,#2739,.T.);
#2741=ORIENTED_EDGE('',*,*,#1573,.F.);
#2742=ORIENTED_EDGE('',*,*,#2727,.F.);
#2743=EDGE_LOOP('',(#2736,#2740,#2741,#2742));
#2744=FACE_OUTER_BOUND('',#2743,.T.);
#2745=AXIS2_PLACEMENT_3D('',#53,#797,#975);
#2746=PLANE('',#2745);
#2747=ADVANCED_FACE('',(#2744),#2746,.T.);
#2748=ORIENTED_EDGE('',*,*,#181,.T.);
#2749=ORIENTED_EDGE('',*,*,#2429,.T.);
#2750=ORIENTED_EDGE('',*,*,#1577,.F.);
#2751=ORIENTED_EDGE('',*,*,#2739,.F.);
#2752=EDGE_LOOP('',(#2748,#2749,#2750,#2751));
#2753=FACE_OUTER_BOUND('',#2752,.T.);
#2754=AXIS2_PLACEMENT_3D('',#55,#712,#988);
#2755=PLANE('',#2754);
#2756=ADVANCED_FACE('',(#2753),#2755,.T.);
#2757=ORIENTED_EDGE('',*,*,#2410,.F.);
#2758=VECTOR('',#367,1.);
#2759=LINE('',#2156,#2758);
#2760=EDGE_CURVE('',#2157,#1584,#2759,.T.);
#2761=ORIENTED_EDGE('',*,*,#2760,.T.);
#2762=ORIENTED_EDGE('',*,*,#1712,.T.);
#2763=VECTOR('',#367,1.);
#2764=LINE('',#2158,#2763);
#2765=EDGE_CURVE('',#2159,#1582,#2764,.T.);
#2766=ORIENTED_EDGE('',*,*,#2765,.F.);
#2767=EDGE_LOOP('',(#2757,#2761,#2762,#2766));
#2768=FACE_OUTER_BOUND('',#2767,.T.);
#2769=DIRECTION('',(-0.98917651,0.146730474,0.));
#2770=AXIS2_PLACEMENT_3D('',#2158,#2769,#1709);
#2771=PLANE('',#2770);
#2772=ADVANCED_FACE('',(#2768),#2771,.T.);
#2773=ORIENTED_EDGE('',*,*,#2406,.F.);
#2774=VECTOR('',#367,1.);
#2775=LINE('',#2154,#2774);
#2776=EDGE_CURVE('',#2155,#1586,#2775,.T.);
#2777=ORIENTED_EDGE('',*,*,#2776,.T.);
#2778=ORIENTED_EDGE('',*,*,#1717,.T.);
#2779=ORIENTED_EDGE('',*,*,#2760,.F.);
#2780=EDGE_LOOP('',(#2773,#2777,#2778,#2779));
#2781=FACE_OUTER_BOUND('',#2780,.T.);
#2782=DIRECTION('',(-0.970031253,0.24298018,0.));
#2783=AXIS2_PLACEMENT_3D('',#2156,#2782,#1714);
#2784=PLANE('',#2783);
#2785=ADVANCED_FACE('',(#2781),#2784,.T.);
#2786=ORIENTED_EDGE('',*,*,#2402,.F.);
#2787=VECTOR('',#367,1.);
#2788=LINE('',#2152,#2787);
#2789=EDGE_CURVE('',#2153,#1588,#2788,.T.);
#2790=ORIENTED_EDGE('',*,*,#2789,.T.);
#2791=ORIENTED_EDGE('',*,*,#1722,.T.);
#2792=ORIENTED_EDGE('',*,*,#2776,.F.);
#2793=EDGE_LOOP('',(#2786,#2790,#2791,#2792));
#2794=FACE_OUTER_BOUND('',#2793,.T.);
#2795=DIRECTION('',(-0.941544065,0.336889853,0.));
#2796=AXIS2_PLACEMENT_3D('',#2154,#2795,#1719);
#2797=PLANE('',#2796);
#2798=ADVANCED_FACE('',(#2794),#2797,.T.);
#2799=ORIENTED_EDGE('',*,*,#2398,.F.);
#2800=VECTOR('',#367,1.);
#2801=LINE('',#2150,#2800);
#2802=EDGE_CURVE('',#2151,#1590,#2801,.T.);
#2803=ORIENTED_EDGE('',*,*,#2802,.T.);
#2804=ORIENTED_EDGE('',*,*,#1727,.T.);
#2805=ORIENTED_EDGE('',*,*,#2789,.F.);
#2806=EDGE_LOOP('',(#2799,#2803,#2804,#2805));
#2807=FACE_OUTER_BOUND('',#2806,.T.);
#2808=DIRECTION('',(-0.903989293,0.427555093,0.));
#2809=DIRECTION('',(0.427555093,0.903989293,-0.));
#2810=AXIS2_PLACEMENT_3D('',#2152,#2808,#2809);
#2811=PLANE('',#2810);
#2812=ADVANCED_FACE('',(#2807),#2811,.T.);
#2813=ORIENTED_EDGE('',*,*,#2394,.F.);
#2814=VECTOR('',#367,1.);
#2815=LINE('',#2148,#2814);
#2816=EDGE_CURVE('',#2149,#1592,#2815,.T.);
#2817=ORIENTED_EDGE('',*,*,#2816,.T.);
#2818=ORIENTED_EDGE('',*,*,#1732,.T.);
#2819=ORIENTED_EDGE('',*,*,#2802,.F.);
#2820=EDGE_LOOP('',(#2813,#2817,#2818,#2819));
#2821=FACE_OUTER_BOUND('',#2820,.T.);
#2822=DIRECTION('',(-0.85772861,0.514102744,0.));
#2823=AXIS2_PLACEMENT_3D('',#2150,#2822,#1729);
#2824=PLANE('',#2823);
#2825=ADVANCED_FACE('',(#2821),#2824,.T.);
#2826=ORIENTED_EDGE('',*,*,#2390,.F.);
#2827=VECTOR('',#367,1.);
#2828=LINE('',#2146,#2827);
#2829=EDGE_CURVE('',#2147,#1594,#2828,.T.);
#2830=ORIENTED_EDGE('',*,*,#2829,.T.);
#2831=ORIENTED_EDGE('',*,*,#1737,.T.);
#2832=ORIENTED_EDGE('',*,*,#2816,.F.);
#2833=EDGE_LOOP('',(#2826,#2830,#2831,#2832));
#2834=FACE_OUTER_BOUND('',#2833,.T.);
#2835=DIRECTION('',(-0.803207531,0.595699304,0.));
#2836=DIRECTION('',(0.595699304,0.803207531,-0.));
#2837=AXIS2_PLACEMENT_3D('',#2148,#2835,#2836);
#2838=PLANE('',#2837);
#2839=ADVANCED_FACE('',(#2834),#2838,.T.);
#2840=ORIENTED_EDGE('',*,*,#2386,.F.);
#2841=VECTOR('',#367,1.);
#2842=LINE('',#2144,#2841);
#2843=EDGE_CURVE('',#2145,#1596,#2842,.T.);
#2844=ORIENTED_EDGE('',*,*,#2843,.T.);
#2845=ORIENTED_EDGE('',*,*,#1742,.T.);
#2846=ORIENTED_EDGE('',*,*,#2829,.F.);
#2847=EDGE_LOOP('',(#2840,#2844,#2845,#2846));
#2848=FACE_OUTER_BOUND('',#2847,.T.);
#2849=DIRECTION('',(-0.740951125,0.671558955,0.));
#2850=DIRECTION('',(0.671558955,0.740951125,-0.));
#2851=AXIS2_PLACEMENT_3D('',#2146,#2849,#2850);
#2852=PLANE('',#2851);
#2853=ADVANCED_FACE('',(#2848),#2852,.T.);
#2854=ORIENTED_EDGE('',*,*,#2382,.F.);
#2855=VECTOR('',#367,1.);
#2856=LINE('',#2142,#2855);
#2857=EDGE_CURVE('',#2143,#1598,#2856,.T.);
#2858=ORIENTED_EDGE('',*,*,#2857,.T.);
#2859=ORIENTED_EDGE('',*,*,#1747,.T.);
#2860=ORIENTED_EDGE('',*,*,#2843,.F.);
#2861=EDGE_LOOP('',(#2854,#2858,#2859,#2860));
#2862=FACE_OUTER_BOUND('',#2861,.T.);
#2863=DIRECTION('',(-0.671558955,0.740951125,0.));
#2864=DIRECTION('',(0.740951125,0.671558955,-0.));
#2865=AXIS2_PLACEMENT_3D('',#2144,#2863,#2864);
#2866=PLANE('',#2865);
#2867=ADVANCED_FACE('',(#2862),#2866,.T.);
#2868=ORIENTED_EDGE('',*,*,#2378,.F.);
#2869=VECTOR('',#367,1.);
#2870=LINE('',#2140,#2869);
#2871=EDGE_CURVE('',#2141,#1600,#2870,.T.);
#2872=ORIENTED_EDGE('',*,*,#2871,.T.);
#2873=ORIENTED_EDGE('',*,*,#1752,.T.);
#2874=ORIENTED_EDGE('',*,*,#2857,.F.);
#2875=EDGE_LOOP('',(#2868,#2872,#2873,#2874));
#2876=FACE_OUTER_BOUND('',#2875,.T.);
#2877=DIRECTION('',(-0.595699304,0.803207531,0.));
#2878=DIRECTION('',(0.803207531,0.595699304,-0.));
#2879=AXIS2_PLACEMENT_3D('',#2142,#2877,#2878);
#2880=PLANE('',#2879);
#2881=ADVANCED_FACE('',(#2876),#2880,.T.);
#2882=ORIENTED_EDGE('',*,*,#2374,.F.);
#2883=VECTOR('',#367,1.);
#2884=LINE('',#2138,#2883);
#2885=EDGE_CURVE('',#2139,#1602,#2884,.T.);
#2886=ORIENTED_EDGE('',*,*,#2885,.T.);
#2887=ORIENTED_EDGE('',*,*,#1757,.T.);
#2888=ORIENTED_EDGE('',*,*,#2871,.F.);
#2889=EDGE_LOOP('',(#2882,#2886,#2887,#2888));
#2890=FACE_OUTER_BOUND('',#2889,.T.);
#2891=DIRECTION('',(-0.514102744,0.85772861,0.));
#2892=AXIS2_PLACEMENT_3D('',#2140,#2891,#1754);
#2893=PLANE('',#2892);
#2894=ADVANCED_FACE('',(#2890),#2893,.T.);
#2895=ORIENTED_EDGE('',*,*,#2370,.F.);
#2896=VECTOR('',#367,1.);
#2897=LINE('',#2136,#2896);
#2898=EDGE_CURVE('',#2137,#1604,#2897,.T.);
#2899=ORIENTED_EDGE('',*,*,#2898,.T.);
#2900=ORIENTED_EDGE('',*,*,#1762,.T.);
#2901=ORIENTED_EDGE('',*,*,#2885,.F.);
#2902=EDGE_LOOP('',(#2895,#2899,#2900,#2901));
#2903=FACE_OUTER_BOUND('',#2902,.T.);
#2904=DIRECTION('',(-0.427555093,0.903989293,0.));
#2905=DIRECTION('',(0.903989293,0.427555093,-0.));
#2906=AXIS2_PLACEMENT_3D('',#2138,#2904,#2905);
#2907=PLANE('',#2906);
#2908=ADVANCED_FACE('',(#2903),#2907,.T.);
#2909=ORIENTED_EDGE('',*,*,#2366,.F.);
#2910=VECTOR('',#367,1.);
#2911=LINE('',#2134,#2910);
#2912=EDGE_CURVE('',#2135,#1606,#2911,.T.);
#2913=ORIENTED_EDGE('',*,*,#2912,.T.);
#2914=ORIENTED_EDGE('',*,*,#1767,.T.);
#2915=ORIENTED_EDGE('',*,*,#2898,.F.);
#2916=EDGE_LOOP('',(#2909,#2913,#2914,#2915));
#2917=FACE_OUTER_BOUND('',#2916,.T.);
#2918=DIRECTION('',(-0.336889853,0.941544065,0.));
#2919=AXIS2_PLACEMENT_3D('',#2136,#2918,#1764);
#2920=PLANE('',#2919);
#2921=ADVANCED_FACE('',(#2917),#2920,.T.);
#2922=ORIENTED_EDGE('',*,*,#2362,.F.);
#2923=VECTOR('',#367,1.);
#2924=LINE('',#2132,#2923);
#2925=EDGE_CURVE('',#2133,#1608,#2924,.T.);
#2926=ORIENTED_EDGE('',*,*,#2925,.T.);
#2927=ORIENTED_EDGE('',*,*,#1772,.T.);
#2928=ORIENTED_EDGE('',*,*,#2912,.F.);
#2929=EDGE_LOOP('',(#2922,#2926,#2927,#2928));
#2930=FACE_OUTER_BOUND('',#2929,.T.);
#2931=DIRECTION('',(-0.24298018,0.970031253,0.));
#2932=AXIS2_PLACEMENT_3D('',#2134,#2931,#1769);
#2933=PLANE('',#2932);
#2934=ADVANCED_FACE('',(#2930),#2933,.T.);
#2935=ORIENTED_EDGE('',*,*,#2358,.F.);
#2936=VECTOR('',#367,1.);
#2937=LINE('',#2130,#2936);
#2938=EDGE_CURVE('',#2131,#1610,#2937,.T.);
#2939=ORIENTED_EDGE('',*,*,#2938,.T.);
#2940=ORIENTED_EDGE('',*,*,#1777,.T.);
#2941=ORIENTED_EDGE('',*,*,#2925,.F.);
#2942=EDGE_LOOP('',(#2935,#2939,#2940,#2941));
#2943=FACE_OUTER_BOUND('',#2942,.T.);
#2944=DIRECTION('',(-0.146730474,0.98917651,0.));
#2945=AXIS2_PLACEMENT_3D('',#2132,#2944,#1774);
#2946=PLANE('',#2945);
#2947=ADVANCED_FACE('',(#2943),#2946,.T.);
#2948=ORIENTED_EDGE('',*,*,#2354,.F.);
#2949=VECTOR('',#367,1.);
#2950=LINE('',#2128,#2949);
#2951=EDGE_CURVE('',#2129,#1612,#2950,.T.);
#2952=ORIENTED_EDGE('',*,*,#2951,.T.);
#2953=ORIENTED_EDGE('',*,*,#1782,.T.);
#2954=ORIENTED_EDGE('',*,*,#2938,.F.);
#2955=EDGE_LOOP('',(#2948,#2952,#2953,#2954));
#2956=FACE_OUTER_BOUND('',#2955,.T.);
#2957=DIRECTION('',(-0.0490676743,0.998795456,0.));
#2958=DIRECTION('',(0.998795456,0.0490676743,-0.));
#2959=AXIS2_PLACEMENT_3D('',#2130,#2957,#2958);
#2960=PLANE('',#2959);
#2961=ADVANCED_FACE('',(#2956),#2960,.T.);
#2962=ORIENTED_EDGE('',*,*,#2350,.F.);
#2963=VECTOR('',#367,1.);
#2964=LINE('',#2126,#2963);
#2965=EDGE_CURVE('',#2127,#1614,#2964,.T.);
#2966=ORIENTED_EDGE('',*,*,#2965,.T.);
#2967=ORIENTED_EDGE('',*,*,#1787,.T.);
#2968=ORIENTED_EDGE('',*,*,#2951,.F.);
#2969=EDGE_LOOP('',(#2962,#2966,#2967,#2968));
#2970=FACE_OUTER_BOUND('',#2969,.T.);
#2971=DIRECTION('',(0.0490676743,0.998795456,0.));
#2972=DIRECTION('',(0.998795456,-0.0490676743,0.));
#2973=AXIS2_PLACEMENT_3D('',#2128,#2971,#2972);
#2974=PLANE('',#2973);
#2975=ADVANCED_FACE('',(#2970),#2974,.T.);
#2976=ORIENTED_EDGE('',*,*,#2346,.F.);
#2977=VECTOR('',#367,1.);
#2978=LINE('',#2124,#2977);
#2979=EDGE_CURVE('',#2125,#1616,#2978,.T.);
#2980=ORIENTED_EDGE('',*,*,#2979,.T.);
#2981=ORIENTED_EDGE('',*,*,#1792,.T.);
#2982=ORIENTED_EDGE('',*,*,#2965,.F.);
#2983=EDGE_LOOP('',(#2976,#2980,#2981,#2982));
#2984=FACE_OUTER_BOUND('',#2983,.T.);
#2985=AXIS2_PLACEMENT_3D('',#2126,#1709,#1789);
#2986=PLANE('',#2985);
#2987=ADVANCED_FACE('',(#2984),#2986,.T.);
#2988=ORIENTED_EDGE('',*,*,#2342,.F.);
#2989=VECTOR('',#367,1.);
#2990=LINE('',#2122,#2989);
#2991=EDGE_CURVE('',#2123,#1618,#2990,.T.);
#2992=ORIENTED_EDGE('',*,*,#2991,.T.);
#2993=ORIENTED_EDGE('',*,*,#1797,.T.);
#2994=ORIENTED_EDGE('',*,*,#2979,.F.);
#2995=EDGE_LOOP('',(#2988,#2992,#2993,#2994));
#2996=FACE_OUTER_BOUND('',#2995,.T.);
#2997=AXIS2_PLACEMENT_3D('',#2124,#1714,#1794);
#2998=PLANE('',#2997);
#2999=ADVANCED_FACE('',(#2996),#2998,.T.);
#3000=ORIENTED_EDGE('',*,*,#2338,.F.);
#3001=VECTOR('',#367,1.);
#3002=LINE('',#2120,#3001);
#3003=EDGE_CURVE('',#2121,#1620,#3002,.T.);
#3004=ORIENTED_EDGE('',*,*,#3003,.T.);
#3005=ORIENTED_EDGE('',*,*,#1802,.T.);
#3006=ORIENTED_EDGE('',*,*,#2991,.F.);
#3007=EDGE_LOOP('',(#3000,#3004,#3005,#3006));
#3008=FACE_OUTER_BOUND('',#3007,.T.);
#3009=AXIS2_PLACEMENT_3D('',#2122,#1719,#1799);
#3010=PLANE('',#3009);
#3011=ADVANCED_FACE('',(#3008),#3010,.T.);
#3012=ORIENTED_EDGE('',*,*,#2334,.F.);
#3013=VECTOR('',#367,1.);
#3014=LINE('',#2118,#3013);
#3015=EDGE_CURVE('',#2119,#1622,#3014,.T.);
#3016=ORIENTED_EDGE('',*,*,#3015,.T.);
#3017=ORIENTED_EDGE('',*,*,#1807,.T.);
#3018=ORIENTED_EDGE('',*,*,#3003,.F.);
#3019=EDGE_LOOP('',(#3012,#3016,#3017,#3018));
#3020=FACE_OUTER_BOUND('',#3019,.T.);
#3021=DIRECTION('',(0.903989293,-0.427555093,0.));
#3022=AXIS2_PLACEMENT_3D('',#2120,#2809,#3021);
#3023=PLANE('',#3022);
#3024=ADVANCED_FACE('',(#3020),#3023,.T.);
#3025=ORIENTED_EDGE('',*,*,#2330,.F.);
#3026=VECTOR('',#367,1.);
#3027=LINE('',#2116,#3026);
#3028=EDGE_CURVE('',#2117,#1624,#3027,.T.);
#3029=ORIENTED_EDGE('',*,*,#3028,.T.);
#3030=ORIENTED_EDGE('',*,*,#1812,.T.);
#3031=ORIENTED_EDGE('',*,*,#3015,.F.);
#3032=EDGE_LOOP('',(#3025,#3029,#3030,#3031));
#3033=FACE_OUTER_BOUND('',#3032,.T.);
#3034=AXIS2_PLACEMENT_3D('',#2118,#1729,#1809);
#3035=PLANE('',#3034);
#3036=ADVANCED_FACE('',(#3033),#3035,.T.);
#3037=ORIENTED_EDGE('',*,*,#2326,.F.);
#3038=VECTOR('',#367,1.);
#3039=LINE('',#2114,#3038);
#3040=EDGE_CURVE('',#2115,#1626,#3039,.T.);
#3041=ORIENTED_EDGE('',*,*,#3040,.T.);
#3042=ORIENTED_EDGE('',*,*,#1817,.T.);
#3043=ORIENTED_EDGE('',*,*,#3028,.F.);
#3044=EDGE_LOOP('',(#3037,#3041,#3042,#3043));
#3045=FACE_OUTER_BOUND('',#3044,.T.);
#3046=DIRECTION('',(0.803207531,-0.595699304,0.));
#3047=AXIS2_PLACEMENT_3D('',#2116,#2836,#3046);
#3048=PLANE('',#3047);
#3049=ADVANCED_FACE('',(#3045),#3048,.T.);
#3050=ORIENTED_EDGE('',*,*,#2322,.F.);
#3051=VECTOR('',#367,1.);
#3052=LINE('',#2112,#3051);
#3053=EDGE_CURVE('',#2113,#1628,#3052,.T.);
#3054=ORIENTED_EDGE('',*,*,#3053,.T.);
#3055=ORIENTED_EDGE('',*,*,#1822,.T.);
#3056=ORIENTED_EDGE('',*,*,#3040,.F.);
#3057=EDGE_LOOP('',(#3050,#3054,#3055,#3056));
#3058=FACE_OUTER_BOUND('',#3057,.T.);
#3059=DIRECTION('',(0.740951125,-0.671558955,0.));
#3060=AXIS2_PLACEMENT_3D('',#2114,#2850,#3059);
#3061=PLANE('',#3060);
#3062=ADVANCED_FACE('',(#3058),#3061,.T.);
#3063=ORIENTED_EDGE('',*,*,#2318,.F.);
#3064=VECTOR('',#367,1.);
#3065=LINE('',#2110,#3064);
#3066=EDGE_CURVE('',#2111,#1630,#3065,.T.);
#3067=ORIENTED_EDGE('',*,*,#3066,.T.);
#3068=ORIENTED_EDGE('',*,*,#1827,.T.);
#3069=ORIENTED_EDGE('',*,*,#3053,.F.);
#3070=EDGE_LOOP('',(#3063,#3067,#3068,#3069));
#3071=FACE_OUTER_BOUND('',#3070,.T.);
#3072=DIRECTION('',(0.671558955,-0.740951125,0.));
#3073=AXIS2_PLACEMENT_3D('',#2112,#2864,#3072);
#3074=PLANE('',#3073);
#3075=ADVANCED_FACE('',(#3071),#3074,.T.);
#3076=ORIENTED_EDGE('',*,*,#2314,.F.);
#3077=VECTOR('',#367,1.);
#3078=LINE('',#2108,#3077);
#3079=EDGE_CURVE('',#2109,#1632,#3078,.T.);
#3080=ORIENTED_EDGE('',*,*,#3079,.T.);
#3081=ORIENTED_EDGE('',*,*,#1832,.T.);
#3082=ORIENTED_EDGE('',*,*,#3066,.F.);
#3083=EDGE_LOOP('',(#3076,#3080,#3081,#3082));
#3084=FACE_OUTER_BOUND('',#3083,.T.);
#3085=DIRECTION('',(0.595699304,-0.803207531,0.));
#3086=AXIS2_PLACEMENT_3D('',#2110,#2878,#3085);
#3087=PLANE('',#3086);
#3088=ADVANCED_FACE('',(#3084),#3087,.T.);
#3089=ORIENTED_EDGE('',*,*,#2310,.F.);
#3090=VECTOR('',#367,1.);
#3091=LINE('',#2106,#3090);
#3092=EDGE_CURVE('',#2107,#1634,#3091,.T.);
#3093=ORIENTED_EDGE('',*,*,#3092,.T.);
#3094=ORIENTED_EDGE('',*,*,#1837,.T.);
#3095=ORIENTED_EDGE('',*,*,#3079,.F.);
#3096=EDGE_LOOP('',(#3089,#3093,#3094,#3095));
#3097=FACE_OUTER_BOUND('',#3096,.T.);
#3098=AXIS2_PLACEMENT_3D('',#2108,#1754,#1834);
#3099=PLANE('',#3098);
#3100=ADVANCED_FACE('',(#3097),#3099,.T.);
#3101=ORIENTED_EDGE('',*,*,#2306,.F.);
#3102=VECTOR('',#367,1.);
#3103=LINE('',#2104,#3102);
#3104=EDGE_CURVE('',#2105,#1636,#3103,.T.);
#3105=ORIENTED_EDGE('',*,*,#3104,.T.);
#3106=ORIENTED_EDGE('',*,*,#1842,.T.);
#3107=ORIENTED_EDGE('',*,*,#3092,.F.);
#3108=EDGE_LOOP('',(#3101,#3105,#3106,#3107));
#3109=FACE_OUTER_BOUND('',#3108,.T.);
#3110=DIRECTION('',(0.427555093,-0.903989293,0.));
#3111=AXIS2_PLACEMENT_3D('',#2106,#2905,#3110);
#3112=PLANE('',#3111);
#3113=ADVANCED_FACE('',(#3109),#3112,.T.);
#3114=ORIENTED_EDGE('',*,*,#2302,.F.);
#3115=VECTOR('',#367,1.);
#3116=LINE('',#2102,#3115);
#3117=EDGE_CURVE('',#2103,#1638,#3116,.T.);
#3118=ORIENTED_EDGE('',*,*,#3117,.T.);
#3119=ORIENTED_EDGE('',*,*,#1847,.T.);
#3120=ORIENTED_EDGE('',*,*,#3104,.F.);
#3121=EDGE_LOOP('',(#3114,#3118,#3119,#3120));
#3122=FACE_OUTER_BOUND('',#3121,.T.);
#3123=AXIS2_PLACEMENT_3D('',#2104,#1764,#1844);
#3124=PLANE('',#3123);
#3125=ADVANCED_FACE('',(#3122),#3124,.T.);
#3126=ORIENTED_EDGE('',*,*,#2298,.F.);
#3127=VECTOR('',#367,1.);
#3128=LINE('',#2100,#3127);
#3129=EDGE_CURVE('',#2101,#1640,#3128,.T.);
#3130=ORIENTED_EDGE('',*,*,#3129,.T.);
#3131=ORIENTED_EDGE('',*,*,#1852,.T.);
#3132=ORIENTED_EDGE('',*,*,#3117,.F.);
#3133=EDGE_LOOP('',(#3126,#3130,#3131,#3132));
#3134=FACE_OUTER_BOUND('',#3133,.T.);
#3135=AXIS2_PLACEMENT_3D('',#2102,#1769,#1849);
#3136=PLANE('',#3135);
#3137=ADVANCED_FACE('',(#3134),#3136,.T.);
#3138=ORIENTED_EDGE('',*,*,#2294,.F.);
#3139=VECTOR('',#367,1.);
#3140=LINE('',#2098,#3139);
#3141=EDGE_CURVE('',#2099,#1642,#3140,.T.);
#3142=ORIENTED_EDGE('',*,*,#3141,.T.);
#3143=ORIENTED_EDGE('',*,*,#1857,.T.);
#3144=ORIENTED_EDGE('',*,*,#3129,.F.);
#3145=EDGE_LOOP('',(#3138,#3142,#3143,#3144));
#3146=FACE_OUTER_BOUND('',#3145,.T.);
#3147=AXIS2_PLACEMENT_3D('',#2100,#1774,#1854);
#3148=PLANE('',#3147);
#3149=ADVANCED_FACE('',(#3146),#3148,.T.);
#3150=ORIENTED_EDGE('',*,*,#2290,.F.);
#3151=VECTOR('',#367,1.);
#3152=LINE('',#2096,#3151);
#3153=EDGE_CURVE('',#2097,#1644,#3152,.T.);
#3154=ORIENTED_EDGE('',*,*,#3153,.T.);
#3155=ORIENTED_EDGE('',*,*,#1862,.T.);
#3156=ORIENTED_EDGE('',*,*,#3141,.F.);
#3157=EDGE_LOOP('',(#3150,#3154,#3155,#3156));
#3158=FACE_OUTER_BOUND('',#3157,.T.);
#3159=DIRECTION('',(0.0490676743,-0.998795456,0.));
#3160=AXIS2_PLACEMENT_3D('',#2098,#2958,#3159);
#3161=PLANE('',#3160);
#3162=ADVANCED_FACE('',(#3158),#3161,.T.);
#3163=ORIENTED_EDGE('',*,*,#2286,.T.);
#3164=VECTOR('',#367,1.);
#3165=LINE('',#2094,#3164);
#3166=EDGE_CURVE('',#2095,#1646,#3165,.T.);
#3167=ORIENTED_EDGE('',*,*,#3166,.T.);
#3168=ORIENTED_EDGE('',*,*,#1867,.F.);
#3169=ORIENTED_EDGE('',*,*,#3153,.F.);
#3170=EDGE_LOOP('',(#3163,#3167,#3168,#3169));
#3171=FACE_OUTER_BOUND('',#3170,.T.);
#3172=DIRECTION('',(-0.0490676743,-0.998795456,0.));
#3173=AXIS2_PLACEMENT_3D('',#2096,#2972,#3172);
#3174=PLANE('',#3173);
#3175=ADVANCED_FACE('',(#3171),#3174,.T.);
#3176=ORIENTED_EDGE('',*,*,#2282,.T.);
#3177=VECTOR('',#367,1.);
#3178=LINE('',#2092,#3177);
#3179=EDGE_CURVE('',#2093,#1648,#3178,.T.);
#3180=ORIENTED_EDGE('',*,*,#3179,.T.);
#3181=ORIENTED_EDGE('',*,*,#1871,.F.);
#3182=ORIENTED_EDGE('',*,*,#3166,.F.);
#3183=EDGE_LOOP('',(#3176,#3180,#3181,#3182));
#3184=FACE_OUTER_BOUND('',#3183,.T.);
#3185=DIRECTION('',(-0.146730474,-0.98917651,0.));
#3186=AXIS2_PLACEMENT_3D('',#2094,#1789,#3185);
#3187=PLANE('',#3186);
#3188=ADVANCED_FACE('',(#3184),#3187,.T.);
#3189=ORIENTED_EDGE('',*,*,#2278,.T.);
#3190=VECTOR('',#367,1.);
#3191=LINE('',#2090,#3190);
#3192=EDGE_CURVE('',#2091,#1650,#3191,.T.);
#3193=ORIENTED_EDGE('',*,*,#3192,.T.);
#3194=ORIENTED_EDGE('',*,*,#1875,.F.);
#3195=ORIENTED_EDGE('',*,*,#3179,.F.);
#3196=EDGE_LOOP('',(#3189,#3193,#3194,#3195));
#3197=FACE_OUTER_BOUND('',#3196,.T.);
#3198=DIRECTION('',(-0.24298018,-0.970031253,0.));
#3199=AXIS2_PLACEMENT_3D('',#2092,#1794,#3198);
#3200=PLANE('',#3199);
#3201=ADVANCED_FACE('',(#3197),#3200,.T.);
#3202=ORIENTED_EDGE('',*,*,#2274,.T.);
#3203=VECTOR('',#367,1.);
#3204=LINE('',#2088,#3203);
#3205=EDGE_CURVE('',#2089,#1652,#3204,.T.);
#3206=ORIENTED_EDGE('',*,*,#3205,.T.);
#3207=ORIENTED_EDGE('',*,*,#1879,.F.);
#3208=ORIENTED_EDGE('',*,*,#3192,.F.);
#3209=EDGE_LOOP('',(#3202,#3206,#3207,#3208));
#3210=FACE_OUTER_BOUND('',#3209,.T.);
#3211=DIRECTION('',(-0.336889853,-0.941544065,0.));
#3212=AXIS2_PLACEMENT_3D('',#2090,#1799,#3211);
#3213=PLANE('',#3212);
#3214=ADVANCED_FACE('',(#3210),#3213,.T.);
#3215=ORIENTED_EDGE('',*,*,#2270,.T.);
#3216=VECTOR('',#367,1.);
#3217=LINE('',#2086,#3216);
#3218=EDGE_CURVE('',#2087,#1654,#3217,.T.);
#3219=ORIENTED_EDGE('',*,*,#3218,.T.);
#3220=ORIENTED_EDGE('',*,*,#1883,.F.);
#3221=ORIENTED_EDGE('',*,*,#3205,.F.);
#3222=EDGE_LOOP('',(#3215,#3219,#3220,#3221));
#3223=FACE_OUTER_BOUND('',#3222,.T.);
#3224=DIRECTION('',(-0.427555093,-0.903989293,0.));
#3225=AXIS2_PLACEMENT_3D('',#2088,#3021,#3224);
#3226=PLANE('',#3225);
#3227=ADVANCED_FACE('',(#3223),#3226,.T.);
#3228=ORIENTED_EDGE('',*,*,#2266,.T.);
#3229=VECTOR('',#367,1.);
#3230=LINE('',#2084,#3229);
#3231=EDGE_CURVE('',#2085,#1656,#3230,.T.);
#3232=ORIENTED_EDGE('',*,*,#3231,.T.);
#3233=ORIENTED_EDGE('',*,*,#1887,.F.);
#3234=ORIENTED_EDGE('',*,*,#3218,.F.);
#3235=EDGE_LOOP('',(#3228,#3232,#3233,#3234));
#3236=FACE_OUTER_BOUND('',#3235,.T.);
#3237=DIRECTION('',(-0.514102744,-0.85772861,0.));
#3238=AXIS2_PLACEMENT_3D('',#2086,#1809,#3237);
#3239=PLANE('',#3238);
#3240=ADVANCED_FACE('',(#3236),#3239,.T.);
#3241=ORIENTED_EDGE('',*,*,#2262,.T.);
#3242=VECTOR('',#367,1.);
#3243=LINE('',#2082,#3242);
#3244=EDGE_CURVE('',#2083,#1658,#3243,.T.);
#3245=ORIENTED_EDGE('',*,*,#3244,.T.);
#3246=ORIENTED_EDGE('',*,*,#1891,.F.);
#3247=ORIENTED_EDGE('',*,*,#3231,.F.);
#3248=EDGE_LOOP('',(#3241,#3245,#3246,#3247));
#3249=FACE_OUTER_BOUND('',#3248,.T.);
#3250=DIRECTION('',(-0.595699304,-0.803207531,0.));
#3251=AXIS2_PLACEMENT_3D('',#2084,#3046,#3250);
#3252=PLANE('',#3251);
#3253=ADVANCED_FACE('',(#3249),#3252,.T.);
#3254=ORIENTED_EDGE('',*,*,#2258,.T.);
#3255=VECTOR('',#367,1.);
#3256=LINE('',#2080,#3255);
#3257=EDGE_CURVE('',#2081,#1660,#3256,.T.);
#3258=ORIENTED_EDGE('',*,*,#3257,.T.);
#3259=ORIENTED_EDGE('',*,*,#1895,.F.);
#3260=ORIENTED_EDGE('',*,*,#3244,.F.);
#3261=EDGE_LOOP('',(#3254,#3258,#3259,#3260));
#3262=FACE_OUTER_BOUND('',#3261,.T.);
#3263=DIRECTION('',(-0.671558955,-0.740951125,0.));
#3264=AXIS2_PLACEMENT_3D('',#2082,#3059,#3263);
#3265=PLANE('',#3264);
#3266=ADVANCED_FACE('',(#3262),#3265,.T.);
#3267=ORIENTED_EDGE('',*,*,#2254,.T.);
#3268=VECTOR('',#367,1.);
#3269=LINE('',#2078,#3268);
#3270=EDGE_CURVE('',#2079,#1662,#3269,.T.);
#3271=ORIENTED_EDGE('',*,*,#3270,.T.);
#3272=ORIENTED_EDGE('',*,*,#1899,.F.);
#3273=ORIENTED_EDGE('',*,*,#3257,.F.);
#3274=EDGE_LOOP('',(#3267,#3271,#3272,#3273));
#3275=FACE_OUTER_BOUND('',#3274,.T.);
#3276=DIRECTION('',(-0.740951125,-0.671558955,0.));
#3277=AXIS2_PLACEMENT_3D('',#2080,#3072,#3276);
#3278=PLANE('',#3277);
#3279=ADVANCED_FACE('',(#3275),#3278,.T.);
#3280=ORIENTED_EDGE('',*,*,#2250,.T.);
#3281=VECTOR('',#367,1.);
#3282=LINE('',#2076,#3281);
#3283=EDGE_CURVE('',#2077,#1664,#3282,.T.);
#3284=ORIENTED_EDGE('',*,*,#3283,.T.);
#3285=ORIENTED_EDGE('',*,*,#1903,.F.);
#3286=ORIENTED_EDGE('',*,*,#3270,.F.);
#3287=EDGE_LOOP('',(#3280,#3284,#3285,#3286));
#3288=FACE_OUTER_BOUND('',#3287,.T.);
#3289=DIRECTION('',(-0.803207531,-0.595699304,0.));
#3290=AXIS2_PLACEMENT_3D('',#2078,#3085,#3289);
#3291=PLANE('',#3290);
#3292=ADVANCED_FACE('',(#3288),#3291,.T.);
#3293=ORIENTED_EDGE('',*,*,#2246,.T.);
#3294=VECTOR('',#367,1.);
#3295=LINE('',#2074,#3294);
#3296=EDGE_CURVE('',#2075,#1666,#3295,.T.);
#3297=ORIENTED_EDGE('',*,*,#3296,.T.);
#3298=ORIENTED_EDGE('',*,*,#1907,.F.);
#3299=ORIENTED_EDGE('',*,*,#3283,.F.);
#3300=EDGE_LOOP('',(#3293,#3297,#3298,#3299));
#3301=FACE_OUTER_BOUND('',#3300,.T.);
#3302=DIRECTION('',(-0.85772861,-0.514102744,0.));
#3303=AXIS2_PLACEMENT_3D('',#2076,#1834,#3302);
#3304=PLANE('',#3303);
#3305=ADVANCED_FACE('',(#3301),#3304,.T.);
#3306=ORIENTED_EDGE('',*,*,#2242,.T.);
#3307=VECTOR('',#367,1.);
#3308=LINE('',#2072,#3307);
#3309=EDGE_CURVE('',#2073,#1668,#3308,.T.);
#3310=ORIENTED_EDGE('',*,*,#3309,.T.);
#3311=ORIENTED_EDGE('',*,*,#1911,.F.);
#3312=ORIENTED_EDGE('',*,*,#3296,.F.);
#3313=EDGE_LOOP('',(#3306,#3310,#3311,#3312));
#3314=FACE_OUTER_BOUND('',#3313,.T.);
#3315=DIRECTION('',(-0.903989293,-0.427555093,0.));
#3316=AXIS2_PLACEMENT_3D('',#2074,#3110,#3315);
#3317=PLANE('',#3316);
#3318=ADVANCED_FACE('',(#3314),#3317,.T.);
#3319=ORIENTED_EDGE('',*,*,#2238,.T.);
#3320=VECTOR('',#367,1.);
#3321=LINE('',#2070,#3320);
#3322=EDGE_CURVE('',#2071,#1670,#3321,.T.);
#3323=ORIENTED_EDGE('',*,*,#3322,.T.);
#3324=ORIENTED_EDGE('',*,*,#1915,.F.);
#3325=ORIENTED_EDGE('',*,*,#3309,.F.);
#3326=EDGE_LOOP('',(#3319,#3323,#3324,#3325));
#3327=FACE_OUTER_BOUND('',#3326,.T.);
#3328=DIRECTION('',(-0.941544065,-0.336889853,0.));
#3329=AXIS2_PLACEMENT_3D('',#2072,#1844,#3328);
#3330=PLANE('',#3329);
#3331=ADVANCED_FACE('',(#3327),#3330,.T.);
#3332=ORIENTED_EDGE('',*,*,#2234,.T.);
#3333=VECTOR('',#367,1.);
#3334=LINE('',#2068,#3333);
#3335=EDGE_CURVE('',#2069,#1672,#3334,.T.);
#3336=ORIENTED_EDGE('',*,*,#3335,.T.);
#3337=ORIENTED_EDGE('',*,*,#1919,.F.);
#3338=ORIENTED_EDGE('',*,*,#3322,.F.);
#3339=EDGE_LOOP('',(#3332,#3336,#3337,#3338));
#3340=FACE_OUTER_BOUND('',#3339,.T.);
#3341=DIRECTION('',(-0.970031253,-0.24298018,0.));
#3342=AXIS2_PLACEMENT_3D('',#2070,#1849,#3341);
#3343=PLANE('',#3342);
#3344=ADVANCED_FACE('',(#3340),#3343,.T.);
#3345=ORIENTED_EDGE('',*,*,#2230,.T.);
#3346=VECTOR('',#367,1.);
#3347=LINE('',#2066,#3346);
#3348=EDGE_CURVE('',#2067,#1674,#3347,.T.);
#3349=ORIENTED_EDGE('',*,*,#3348,.T.);
#3350=ORIENTED_EDGE('',*,*,#1923,.F.);
#3351=ORIENTED_EDGE('',*,*,#3335,.F.);
#3352=EDGE_LOOP('',(#3345,#3349,#3350,#3351));
#3353=FACE_OUTER_BOUND('',#3352,.T.);
#3354=DIRECTION('',(-0.98917651,-0.146730474,0.));
#3355=AXIS2_PLACEMENT_3D('',#2068,#1854,#3354);
#3356=PLANE('',#3355);
#3357=ADVANCED_FACE('',(#3353),#3356,.T.);
#3358=ORIENTED_EDGE('',*,*,#2226,.T.);
#3359=VECTOR('',#367,1.);
#3360=LINE('',#2064,#3359);
#3361=EDGE_CURVE('',#2065,#1676,#3360,.T.);
#3362=ORIENTED_EDGE('',*,*,#3361,.T.);
#3363=ORIENTED_EDGE('',*,*,#1927,.F.);
#3364=ORIENTED_EDGE('',*,*,#3348,.F.);
#3365=EDGE_LOOP('',(#3358,#3362,#3363,#3364));
#3366=FACE_OUTER_BOUND('',#3365,.T.);
#3367=DIRECTION('',(-0.998795456,-0.0490676743,0.));
#3368=AXIS2_PLACEMENT_3D('',#2066,#3159,#3367);
#3369=PLANE('',#3368);
#3370=ADVANCED_FACE('',(#3366),#3369,.T.);
#3371=ORIENTED_EDGE('',*,*,#2222,.T.);
#3372=VECTOR('',#367,1.);
#3373=LINE('',#2062,#3372);
#3374=EDGE_CURVE('',#2063,#1678,#3373,.T.);
#3375=ORIENTED_EDGE('',*,*,#3374,.T.);
#3376=ORIENTED_EDGE('',*,*,#1931,.F.);
#3377=ORIENTED_EDGE('',*,*,#3361,.F.);
#3378=EDGE_LOOP('',(#3371,#3375,#3376,#3377));
#3379=FACE_OUTER_BOUND('',#3378,.T.);
#3380=DIRECTION('',(-0.998795456,0.0490676743,0.));
#3381=AXIS2_PLACEMENT_3D('',#2064,#3172,#3380);
#3382=PLANE('',#3381);
#3383=ADVANCED_FACE('',(#3379),#3382,.T.);
#3384=ORIENTED_EDGE('',*,*,#2218,.T.);
#3385=VECTOR('',#367,1.);
#3386=LINE('',#2060,#3385);
#3387=EDGE_CURVE('',#2061,#1680,#3386,.T.);
#3388=ORIENTED_EDGE('',*,*,#3387,.T.);
#3389=ORIENTED_EDGE('',*,*,#1935,.F.);
#3390=ORIENTED_EDGE('',*,*,#3374,.F.);
#3391=EDGE_LOOP('',(#3384,#3388,#3389,#3390));
#3392=FACE_OUTER_BOUND('',#3391,.T.);
#3393=AXIS2_PLACEMENT_3D('',#2062,#3185,#2769);
#3394=PLANE('',#3393);
#3395=ADVANCED_FACE('',(#3392),#3394,.T.);
#3396=ORIENTED_EDGE('',*,*,#2214,.T.);
#3397=VECTOR('',#367,1.);
#3398=LINE('',#2058,#3397);
#3399=EDGE_CURVE('',#2059,#1682,#3398,.T.);
#3400=ORIENTED_EDGE('',*,*,#3399,.T.);
#3401=ORIENTED_EDGE('',*,*,#1939,.F.);
#3402=ORIENTED_EDGE('',*,*,#3387,.F.);
#3403=EDGE_LOOP('',(#3396,#3400,#3401,#3402));
#3404=FACE_OUTER_BOUND('',#3403,.T.);
#3405=AXIS2_PLACEMENT_3D('',#2060,#3198,#2782);
#3406=PLANE('',#3405);
#3407=ADVANCED_FACE('',(#3404),#3406,.T.);
#3408=ORIENTED_EDGE('',*,*,#2210,.T.);
#3409=VECTOR('',#367,1.);
#3410=LINE('',#2056,#3409);
#3411=EDGE_CURVE('',#2057,#1684,#3410,.T.);
#3412=ORIENTED_EDGE('',*,*,#3411,.T.);
#3413=ORIENTED_EDGE('',*,*,#1943,.F.);
#3414=ORIENTED_EDGE('',*,*,#3399,.F.);
#3415=EDGE_LOOP('',(#3408,#3412,#3413,#3414));
#3416=FACE_OUTER_BOUND('',#3415,.T.);
#3417=AXIS2_PLACEMENT_3D('',#2058,#3211,#2795);
#3418=PLANE('',#3417);
#3419=ADVANCED_FACE('',(#3416),#3418,.T.);
#3420=ORIENTED_EDGE('',*,*,#2206,.T.);
#3421=VECTOR('',#367,1.);
#3422=LINE('',#2054,#3421);
#3423=EDGE_CURVE('',#2055,#1686,#3422,.T.);
#3424=ORIENTED_EDGE('',*,*,#3423,.T.);
#3425=ORIENTED_EDGE('',*,*,#1947,.F.);
#3426=ORIENTED_EDGE('',*,*,#3411,.F.);
#3427=EDGE_LOOP('',(#3420,#3424,#3425,#3426));
#3428=FACE_OUTER_BOUND('',#3427,.T.);
#3429=AXIS2_PLACEMENT_3D('',#2056,#3224,#2808);
#3430=PLANE('',#3429);
#3431=ADVANCED_FACE('',(#3428),#3430,.T.);
#3432=ORIENTED_EDGE('',*,*,#2202,.T.);
#3433=VECTOR('',#367,1.);
#3434=LINE('',#2052,#3433);
#3435=EDGE_CURVE('',#2053,#1688,#3434,.T.);
#3436=ORIENTED_EDGE('',*,*,#3435,.T.);
#3437=ORIENTED_EDGE('',*,*,#1951,.F.);
#3438=ORIENTED_EDGE('',*,*,#3423,.F.);
#3439=EDGE_LOOP('',(#3432,#3436,#3437,#3438));
#3440=FACE_OUTER_BOUND('',#3439,.T.);
#3441=AXIS2_PLACEMENT_3D('',#2054,#3237,#2822);
#3442=PLANE('',#3441);
#3443=ADVANCED_FACE('',(#3440),#3442,.T.);
#3444=ORIENTED_EDGE('',*,*,#2198,.T.);
#3445=VECTOR('',#367,1.);
#3446=LINE('',#2050,#3445);
#3447=EDGE_CURVE('',#2051,#1690,#3446,.T.);
#3448=ORIENTED_EDGE('',*,*,#3447,.T.);
#3449=ORIENTED_EDGE('',*,*,#1955,.F.);
#3450=ORIENTED_EDGE('',*,*,#3435,.F.);
#3451=EDGE_LOOP('',(#3444,#3448,#3449,#3450));
#3452=FACE_OUTER_BOUND('',#3451,.T.);
#3453=AXIS2_PLACEMENT_3D('',#2052,#3250,#2835);
#3454=PLANE('',#3453);
#3455=ADVANCED_FACE('',(#3452),#3454,.T.);
#3456=ORIENTED_EDGE('',*,*,#2194,.T.);
#3457=VECTOR('',#367,1.);
#3458=LINE('',#2048,#3457);
#3459=EDGE_CURVE('',#2049,#1692,#3458,.T.);
#3460=ORIENTED_EDGE('',*,*,#3459,.T.);
#3461=ORIENTED_EDGE('',*,*,#1959,.F.);
#3462=ORIENTED_EDGE('',*,*,#3447,.F.);
#3463=EDGE_LOOP('',(#3456,#3460,#3461,#3462));
#3464=FACE_OUTER_BOUND('',#3463,.T.);
#3465=AXIS2_PLACEMENT_3D('',#2050,#3263,#2849);
#3466=PLANE('',#3465);
#3467=ADVANCED_FACE('',(#3464),#3466,.T.);
#3468=ORIENTED_EDGE('',*,*,#2190,.T.);
#3469=VECTOR('',#367,1.);
#3470=LINE('',#2046,#3469);
#3471=EDGE_CURVE('',#2047,#1694,#3470,.T.);
#3472=ORIENTED_EDGE('',*,*,#3471,.T.);
#3473=ORIENTED_EDGE('',*,*,#1963,.F.);
#3474=ORIENTED_EDGE('',*,*,#3459,.F.);
#3475=EDGE_LOOP('',(#3468,#3472,#3473,#3474));
#3476=FACE_OUTER_BOUND('',#3475,.T.);
#3477=AXIS2_PLACEMENT_3D('',#2048,#3276,#2863);
#3478=PLANE('',#3477);
#3479=ADVANCED_FACE('',(#3476),#3478,.T.);
#3480=ORIENTED_EDGE('',*,*,#2186,.T.);
#3481=VECTOR('',#367,1.);
#3482=LINE('',#2044,#3481);
#3483=EDGE_CURVE('',#2045,#1696,#3482,.T.);
#3484=ORIENTED_EDGE('',*,*,#3483,.T.);
#3485=ORIENTED_EDGE('',*,*,#1967,.F.);
#3486=ORIENTED_EDGE('',*,*,#3471,.F.);
#3487=EDGE_LOOP('',(#3480,#3484,#3485,#3486));
#3488=FACE_OUTER_BOUND('',#3487,.T.);
#3489=AXIS2_PLACEMENT_3D('',#2046,#3289,#2877);
#3490=PLANE('',#3489);
#3491=ADVANCED_FACE('',(#3488),#3490,.T.);
#3492=ORIENTED_EDGE('',*,*,#2182,.T.);
#3493=VECTOR('',#367,1.);
#3494=LINE('',#2042,#3493);
#3495=EDGE_CURVE('',#2043,#1698,#3494,.T.);
#3496=ORIENTED_EDGE('',*,*,#3495,.T.);
#3497=ORIENTED_EDGE('',*,*,#1971,.F.);
#3498=ORIENTED_EDGE('',*,*,#3483,.F.);
#3499=EDGE_LOOP('',(#3492,#3496,#3497,#3498));
#3500=FACE_OUTER_BOUND('',#3499,.T.);
#3501=AXIS2_PLACEMENT_3D('',#2044,#3302,#2891);
#3502=PLANE('',#3501);
#3503=ADVANCED_FACE('',(#3500),#3502,.T.);
#3504=ORIENTED_EDGE('',*,*,#2178,.T.);
#3505=VECTOR('',#367,1.);
#3506=LINE('',#2040,#3505);
#3507=EDGE_CURVE('',#2041,#1700,#3506,.T.);
#3508=ORIENTED_EDGE('',*,*,#3507,.T.);
#3509=ORIENTED_EDGE('',*,*,#1975,.F.);
#3510=ORIENTED_EDGE('',*,*,#3495,.F.);
#3511=EDGE_LOOP('',(#3504,#3508,#3509,#3510));
#3512=FACE_OUTER_BOUND('',#3511,.T.);
#3513=AXIS2_PLACEMENT_3D('',#2042,#3315,#2904);
#3514=PLANE('',#3513);
#3515=ADVANCED_FACE('',(#3512),#3514,.T.);
#3516=ORIENTED_EDGE('',*,*,#2174,.T.);
#3517=VECTOR('',#367,1.);
#3518=LINE('',#2038,#3517);
#3519=EDGE_CURVE('',#2039,#1702,#3518,.T.);
#3520=ORIENTED_EDGE('',*,*,#3519,.T.);
#3521=ORIENTED_EDGE('',*,*,#1979,.F.);
#3522=ORIENTED_EDGE('',*,*,#3507,.F.);
#3523=EDGE_LOOP('',(#3516,#3520,#3521,#3522));
#3524=FACE_OUTER_BOUND('',#3523,.T.);
#3525=AXIS2_PLACEMENT_3D('',#2040,#3328,#2918);
#3526=PLANE('',#3525);
#3527=ADVANCED_FACE('',(#3524),#3526,.T.);
#3528=ORIENTED_EDGE('',*,*,#2170,.T.);
#3529=VECTOR('',#367,1.);
#3530=LINE('',#2036,#3529);
#3531=EDGE_CURVE('',#2037,#1704,#3530,.T.);
#3532=ORIENTED_EDGE('',*,*,#3531,.T.);
#3533=ORIENTED_EDGE('',*,*,#1983,.F.);
#3534=ORIENTED_EDGE('',*,*,#3519,.F.);
#3535=EDGE_LOOP('',(#3528,#3532,#3533,#3534));
#3536=FACE_OUTER_BOUND('',#3535,.T.);
#3537=AXIS2_PLACEMENT_3D('',#2038,#3341,#2931);
#3538=PLANE('',#3537);
#3539=ADVANCED_FACE('',(#3536),#3538,.T.);
#3540=ORIENTED_EDGE('',*,*,#2166,.T.);
#3541=VECTOR('',#367,1.);
#3542=LINE('',#2034,#3541);
#3543=EDGE_CURVE('',#2035,#1706,#3542,.T.);
#3544=ORIENTED_EDGE('',*,*,#3543,.T.);
#3545=ORIENTED_EDGE('',*,*,#1987,.F.);
#3546=ORIENTED_EDGE('',*,*,#3531,.F.);
#3547=EDGE_LOOP('',(#3540,#3544,#3545,#3546));
#3548=FACE_OUTER_BOUND('',#3547,.T.);
#3549=AXIS2_PLACEMENT_3D('',#2036,#3354,#2944);
#3550=PLANE('',#3549);
#3551=ADVANCED_FACE('',(#3548),#3550,.T.);
#3552=ORIENTED_EDGE('',*,*,#2162,.T.);
#3553=VECTOR('',#367,1.);
#3554=LINE('',#2032,#3553);
#3555=EDGE_CURVE('',#2033,#1708,#3554,.T.);
#3556=ORIENTED_EDGE('',*,*,#3555,.T.);
#3557=ORIENTED_EDGE('',*,*,#1991,.F.);
#3558=ORIENTED_EDGE('',*,*,#3543,.F.);
#3559=EDGE_LOOP('',(#3552,#3556,#3557,#3558));
#3560=FACE_OUTER_BOUND('',#3559,.T.);
#3561=AXIS2_PLACEMENT_3D('',#2034,#3367,#2957);
#3562=PLANE('',#3561);
#3563=ADVANCED_FACE('',(#3560),#3562,.T.);
#3564=ORIENTED_EDGE('',*,*,#2414,.F.);
#3565=ORIENTED_EDGE('',*,*,#2765,.T.);
#3566=ORIENTED_EDGE('',*,*,#1995,.T.);
#3567=ORIENTED_EDGE('',*,*,#3555,.F.);
#3568=EDGE_LOOP('',(#3564,#3565,#3566,#3567));
#3569=FACE_OUTER_BOUND('',#3568,.T.);
#3570=AXIS2_PLACEMENT_3D('',#2032,#3380,#2971);
#3571=PLANE('',#3570);
#3572=ADVANCED_FACE('',(#3569),#3571,.T.);
#3573=CLOSED_SHELL('',(#2001,#2420,#2435,#2447,#2459,#2471,#2483,#2495,#2507,#2519,#2531,#2543,#2555,#2567,#2579,#2591,#2603,#2615,#2627,#2639,#2651,#2663,#2675,#2687,#2699,#2711,#2723,#2735,#2747,#2756,#2772,#2785,#2798,#2812,#2825,#2839,#2853,#2867,#2881,#2894,#2908,#2921,#2934,#2947,#2961,#2975,#2987,#2999,#3011,#3024,#3036,#3049,#3062,#3075,#3088,#3100,#3113,#3125,#3137,#3149,#3162,#3175,#3188,#3201,#3214,#3227,#3240,#3253,#3266,#3279,#3292,#3305,#3318,#3331,#3344,#3357,#3370,#3383,#3395,#3407,#3419,#3431,#3443,#3455,#3467,#3479,#3491,#3503,#3515,#3527,#3539,#3551,#3563,#3572));
#3574=MANIFOLD_SOLID_BREP('top',#3573);
#3575=CARTESIAN_POINT('',(-31.,19.5,16.786));
#3576=VERTEX_POINT('',#3575);
#3577=CARTESIAN_POINT('',(-31.0120382,19.7450429,16.786));
#3578=VERTEX_POINT('',#3577);
#3579=CARTESIAN_POINT('',(-31.0480368,19.9877258,16.786));
#3580=VERTEX_POINT('',#3579);
#3581=CARTESIAN_POINT('',(-31.1076492,20.2257117,16.786));
#3582=VERTEX_POINT('',#3581);
#3583=CARTESIAN_POINT('',(-31.1903012,20.4567086,16.786));
#3584=VERTEX_POINT('',#3583);
#3585=CARTESIAN_POINT('',(-31.2951968,20.6784918,16.786));
#3586=VERTEX_POINT('',#3585);
#3587=CARTESIAN_POINT('',(-31.421326,20.8889256,16.786));
#3588=VERTEX_POINT('',#3587);
#3589=CARTESIAN_POINT('',(-31.5674739,21.0859832,16.786));
#3590=VERTEX_POINT('',#3589);
#3591=CARTESIAN_POINT('',(-31.732233,21.267767,16.786));
#3592=VERTEX_POINT('',#3591);
#3593=CARTESIAN_POINT('',(-31.9140168,21.4325261,16.786));
#3594=VERTEX_POINT('',#3593);
#3595=CARTESIAN_POINT('',(-32.1110744,21.578674,16.786));
#3596=VERTEX_POINT('',#3595);
#3597=CARTESIAN_POINT('',(-32.3215082,21.7048032,16.786));
#3598=VERTEX_POINT('',#3597);
#3599=CARTESIAN_POINT('',(-32.5432914,21.8096988,16.786));
#3600=VERTEX_POINT('',#3599);
#3601=CARTESIAN_POINT('',(-32.7742883,21.8923508,16.786));
#3602=VERTEX_POINT('',#3601);
#3603=CARTESIAN_POINT('',(-33.0122742,21.9519632,16.786));
#3604=VERTEX_POINT('',#3603);
#3605=CARTESIAN_POINT('',(-33.2549571,21.9879618,16.786));
#3606=VERTEX_POINT('',#3605);
#3607=CARTESIAN_POINT('',(-33.5,22.,16.786));
#3608=VERTEX_POINT('',#3607);
#3609=CARTESIAN_POINT('',(-33.7450429,21.9879618,16.786));
#3610=VERTEX_POINT('',#3609);
#3611=CARTESIAN_POINT('',(-33.9877258,21.9519632,16.786));
#3612=VERTEX_POINT('',#3611);
#3613=CARTESIAN_POINT('',(-34.2257117,21.8923508,16.786));
#3614=VERTEX_POINT('',#3613);
#3615=CARTESIAN_POINT('',(-34.4567086,21.8096988,16.786));
#3616=VERTEX_POINT('',#3615);
#3617=CARTESIAN_POINT('',(-34.6784918,21.7048032,16.786));
#3618=VERTEX_POINT('',#3617);
#3619=CARTESIAN_POINT('',(-34.8889256,21.578674,16.786));
#3620=VERTEX_POINT('',#3619);
#3621=CARTESIAN_POINT('',(-35.0859832,21.4325261,16.786));
#3622=VERTEX_POINT('',#3621);
#3623=CARTESIAN_POINT('',(-35.267767,21.267767,16.786));
#3624=VERTEX_POINT('',#3623);
#3625=CARTESIAN_POINT('',(-35.4325261,21.0859832,16.786));
#3626=VERTEX_POINT('',#3625);
#3627=CARTESIAN_POINT('',(-35.578674,20.8889256,16.786));
#3628=VERTEX_POINT('',#3627);
#3629=CARTESIAN_POINT('',(-35.7048032,20.6784918,16.786));
#3630=VERTEX_POINT('',#3629);
#3631=CARTESIAN_POINT('',(-35.8096988,20.4567086,16.786));
#3632=VERTEX_POINT('',#3631);
#3633=CARTESIAN_POINT('',(-35.8923508,20.2257117,16.786));
#3634=VERTEX_POINT('',#3633);
#3635=CARTESIAN_POINT('',(-35.9519632,19.9877258,16.786));
#3636=VERTEX_POINT('',#3635);
#3637=CARTESIAN_POINT('',(-35.9879618,19.7450429,16.786));
#3638=VERTEX_POINT('',#3637);
#3639=CARTESIAN_POINT('',(-36.,19.5,16.786));
#3640=VERTEX_POINT('',#3639);
#3641=CARTESIAN_POINT('',(-35.9879618,19.2549571,16.786));
#3642=VERTEX_POINT('',#3641);
#3643=CARTESIAN_POINT('',(-35.9519632,19.0122742,16.786));
#3644=VERTEX_POINT('',#3643);
#3645=CARTESIAN_POINT('',(-35.8923508,18.7742883,16.786));
#3646=VERTEX_POINT('',#3645);
#3647=CARTESIAN_POINT('',(-35.8096988,18.5432914,16.786));
#3648=VERTEX_POINT('',#3647);
#3649=CARTESIAN_POINT('',(-35.7048032,18.3215082,16.786));
#3650=VERTEX_POINT('',#3649);
#3651=CARTESIAN_POINT('',(-35.578674,18.1110744,16.786));
#3652=VERTEX_POINT('',#3651);
#3653=CARTESIAN_POINT('',(-35.4325261,17.9140168,16.786));
#3654=VERTEX_POINT('',#3653);
#3655=CARTESIAN_POINT('',(-35.267767,17.732233,16.786));
#3656=VERTEX_POINT('',#3655);
#3657=CARTESIAN_POINT('',(-35.0859832,17.5674739,16.786));
#3658=VERTEX_POINT('',#3657);
#3659=CARTESIAN_POINT('',(-34.8889256,17.421326,16.786));
#3660=VERTEX_POINT('',#3659);
#3661=CARTESIAN_POINT('',(-34.6784918,17.2951968,16.786));
#3662=VERTEX_POINT('',#3661);
#3663=CARTESIAN_POINT('',(-34.4567086,17.1903012,16.786));
#3664=VERTEX_POINT('',#3663);
#3665=CARTESIAN_POINT('',(-34.2257117,17.1076492,16.786));
#3666=VERTEX_POINT('',#3665);
#3667=CARTESIAN_POINT('',(-33.9877258,17.0480368,16.786));
#3668=VERTEX_POINT('',#3667);
#3669=CARTESIAN_POINT('',(-33.7450429,17.0120382,16.786));
#3670=VERTEX_POINT('',#3669);
#3671=CARTESIAN_POINT('',(-33.5,17.,16.786));
#3672=VERTEX_POINT('',#3671);
#3673=CARTESIAN_POINT('',(-33.2549571,17.0120382,16.786));
#3674=VERTEX_POINT('',#3673);
#3675=CARTESIAN_POINT('',(-33.0122742,17.0480368,16.786));
#3676=VERTEX_POINT('',#3675);
#3677=CARTESIAN_POINT('',(-32.7742883,17.1076492,16.786));
#3678=VERTEX_POINT('',#3677);
#3679=CARTESIAN_POINT('',(-32.5432914,17.1903012,16.786));
#3680=VERTEX_POINT('',#3679);
#3681=CARTESIAN_POINT('',(-32.3215082,17.2951968,16.786));
#3682=VERTEX_POINT('',#3681);
#3683=CARTESIAN_POINT('',(-32.1110744,17.421326,16.786));
#3684=VERTEX_POINT('',#3683);
#3685=CARTESIAN_POINT('',(-31.9140168,17.5674739,16.786));
#3686=VERTEX_POINT('',#3685);
#3687=CARTESIAN_POINT('',(-31.732233,17.732233,16.786));
#3688=VERTEX_POINT('',#3687);
#3689=CARTESIAN_POINT('',(-31.5674739,17.9140168,16.786));
#3690=VERTEX_POINT('',#3689);
#3691=CARTESIAN_POINT('',(-31.421326,18.1110744,16.786));
#3692=VERTEX_POINT('',#3691);
#3693=CARTESIAN_POINT('',(-31.2951968,18.3215082,16.786));
#3694=VERTEX_POINT('',#3693);
#3695=CARTESIAN_POINT('',(-31.1903012,18.5432914,16.786));
#3696=VERTEX_POINT('',#3695);
#3697=CARTESIAN_POINT('',(-31.1076492,18.7742883,16.786));
#3698=VERTEX_POINT('',#3697);
#3699=CARTESIAN_POINT('',(-31.0480368,19.0122742,16.786));
#3700=VERTEX_POINT('',#3699);
#3701=CARTESIAN_POINT('',(-31.0120382,19.2549571,16.786));
#3702=VERTEX_POINT('',#3701);
#3703=DIRECTION('',(0.049067673,-0.998795456,0.));
#3704=VECTOR('',#3703,1.);
#3705=LINE('',#3577,#3704);
#3706=EDGE_CURVE('',#3578,#3576,#3705,.T.);
#3707=ORIENTED_EDGE('',*,*,#3706,.F.);
#3708=DIRECTION('',(0.146730476,-0.98917651,0.));
#3709=VECTOR('',#3708,1.);
#3710=LINE('',#3579,#3709);
#3711=EDGE_CURVE('',#3580,#3578,#3710,.T.);
#3712=ORIENTED_EDGE('',*,*,#3711,.F.);
#3713=DIRECTION('',(0.242980181,-0.970031253,0.));
#3714=VECTOR('',#3713,1.);
#3715=LINE('',#3581,#3714);
#3716=EDGE_CURVE('',#3582,#3580,#3715,.T.);
#3717=ORIENTED_EDGE('',*,*,#3716,.F.);
#3718=VECTOR('',#1844,1.);
#3719=LINE('',#3583,#3718);
#3720=EDGE_CURVE('',#3584,#3582,#3719,.T.);
#3721=ORIENTED_EDGE('',*,*,#3720,.F.);
#3722=DIRECTION('',(0.427555092,-0.903989294,0.));
#3723=VECTOR('',#3722,1.);
#3724=LINE('',#3585,#3723);
#3725=EDGE_CURVE('',#3586,#3584,#3724,.T.);
#3726=ORIENTED_EDGE('',*,*,#3725,.F.);
#3727=DIRECTION('',(0.514102743,-0.857728611,0.));
#3728=VECTOR('',#3727,1.);
#3729=LINE('',#3587,#3728);
#3730=EDGE_CURVE('',#3588,#3586,#3729,.T.);
#3731=ORIENTED_EDGE('',*,*,#3730,.F.);
#3732=DIRECTION('',(0.595699308,-0.803207529,0.));
#3733=VECTOR('',#3732,1.);
#3734=LINE('',#3589,#3733);
#3735=EDGE_CURVE('',#3590,#3588,#3734,.T.);
#3736=ORIENTED_EDGE('',*,*,#3735,.F.);
#3737=DIRECTION('',(0.671558953,-0.740951127,0.));
#3738=VECTOR('',#3737,1.);
#3739=LINE('',#3591,#3738);
#3740=EDGE_CURVE('',#3592,#3590,#3739,.T.);
#3741=ORIENTED_EDGE('',*,*,#3740,.F.);
#3742=DIRECTION('',(0.740951127,-0.671558953,0.));
#3743=VECTOR('',#3742,1.);
#3744=LINE('',#3593,#3743);
#3745=EDGE_CURVE('',#3594,#3592,#3744,.T.);
#3746=ORIENTED_EDGE('',*,*,#3745,.F.);
#3747=DIRECTION('',(0.803207529,-0.595699308,0.));
#3748=VECTOR('',#3747,1.);
#3749=LINE('',#3595,#3748);
#3750=EDGE_CURVE('',#3596,#3594,#3749,.T.);
#3751=ORIENTED_EDGE('',*,*,#3750,.F.);
#3752=DIRECTION('',(0.857728611,-0.514102743,0.));
#3753=VECTOR('',#3752,1.);
#3754=LINE('',#3597,#3753);
#3755=EDGE_CURVE('',#3598,#3596,#3754,.T.);
#3756=ORIENTED_EDGE('',*,*,#3755,.F.);
#3757=DIRECTION('',(0.903989294,-0.427555092,0.));
#3758=VECTOR('',#3757,1.);
#3759=LINE('',#3599,#3758);
#3760=EDGE_CURVE('',#3600,#3598,#3759,.T.);
#3761=ORIENTED_EDGE('',*,*,#3760,.F.);
#3762=VECTOR('',#1799,1.);
#3763=LINE('',#3601,#3762);
#3764=EDGE_CURVE('',#3602,#3600,#3763,.T.);
#3765=ORIENTED_EDGE('',*,*,#3764,.F.);
#3766=DIRECTION('',(0.970031253,-0.242980181,0.));
#3767=VECTOR('',#3766,1.);
#3768=LINE('',#3603,#3767);
#3769=EDGE_CURVE('',#3604,#3602,#3768,.T.);
#3770=ORIENTED_EDGE('',*,*,#3769,.F.);
#3771=DIRECTION('',(0.98917651,-0.146730476,0.));
#3772=VECTOR('',#3771,1.);
#3773=LINE('',#3605,#3772);
#3774=EDGE_CURVE('',#3606,#3604,#3773,.T.);
#3775=ORIENTED_EDGE('',*,*,#3774,.F.);
#3776=DIRECTION('',(0.998795456,-0.049067673,0.));
#3777=VECTOR('',#3776,1.);
#3778=LINE('',#3607,#3777);
#3779=EDGE_CURVE('',#3608,#3606,#3778,.T.);
#3780=ORIENTED_EDGE('',*,*,#3779,.F.);
#3781=DIRECTION('',(0.998795456,0.049067673,0.));
#3782=VECTOR('',#3781,1.);
#3783=LINE('',#3609,#3782);
#3784=EDGE_CURVE('',#3610,#3608,#3783,.T.);
#3785=ORIENTED_EDGE('',*,*,#3784,.F.);
#3786=DIRECTION('',(0.98917651,0.146730476,0.));
#3787=VECTOR('',#3786,1.);
#3788=LINE('',#3611,#3787);
#3789=EDGE_CURVE('',#3612,#3610,#3788,.T.);
#3790=ORIENTED_EDGE('',*,*,#3789,.F.);
#3791=DIRECTION('',(0.970031253,0.242980181,0.));
#3792=VECTOR('',#3791,1.);
#3793=LINE('',#3613,#3792);
#3794=EDGE_CURVE('',#3614,#3612,#3793,.T.);
#3795=ORIENTED_EDGE('',*,*,#3794,.F.);
#3796=VECTOR('',#1764,1.);
#3797=LINE('',#3615,#3796);
#3798=EDGE_CURVE('',#3616,#3614,#3797,.T.);
#3799=ORIENTED_EDGE('',*,*,#3798,.F.);
#3800=DIRECTION('',(0.903989294,0.427555092,0.));
#3801=VECTOR('',#3800,1.);
#3802=LINE('',#3617,#3801);
#3803=EDGE_CURVE('',#3618,#3616,#3802,.T.);
#3804=ORIENTED_EDGE('',*,*,#3803,.F.);
#3805=DIRECTION('',(0.857728611,0.514102743,0.));
#3806=VECTOR('',#3805,1.);
#3807=LINE('',#3619,#3806);
#3808=EDGE_CURVE('',#3620,#3618,#3807,.T.);
#3809=ORIENTED_EDGE('',*,*,#3808,.F.);
#3810=DIRECTION('',(0.803207529,0.595699308,0.));
#3811=VECTOR('',#3810,1.);
#3812=LINE('',#3621,#3811);
#3813=EDGE_CURVE('',#3622,#3620,#3812,.T.);
#3814=ORIENTED_EDGE('',*,*,#3813,.F.);
#3815=DIRECTION('',(0.740951127,0.671558953,0.));
#3816=VECTOR('',#3815,1.);
#3817=LINE('',#3623,#3816);
#3818=EDGE_CURVE('',#3624,#3622,#3817,.T.);
#3819=ORIENTED_EDGE('',*,*,#3818,.F.);
#3820=DIRECTION('',(0.671558953,0.740951127,0.));
#3821=VECTOR('',#3820,1.);
#3822=LINE('',#3625,#3821);
#3823=EDGE_CURVE('',#3626,#3624,#3822,.T.);
#3824=ORIENTED_EDGE('',*,*,#3823,.F.);
#3825=DIRECTION('',(0.595699308,0.803207529,0.));
#3826=VECTOR('',#3825,1.);
#3827=LINE('',#3627,#3826);
#3828=EDGE_CURVE('',#3628,#3626,#3827,.T.);
#3829=ORIENTED_EDGE('',*,*,#3828,.F.);
#3830=DIRECTION('',(0.514102743,0.857728611,0.));
#3831=VECTOR('',#3830,1.);
#3832=LINE('',#3629,#3831);
#3833=EDGE_CURVE('',#3630,#3628,#3832,.T.);
#3834=ORIENTED_EDGE('',*,*,#3833,.F.);
#3835=DIRECTION('',(0.427555092,0.903989294,0.));
#3836=VECTOR('',#3835,1.);
#3837=LINE('',#3631,#3836);
#3838=EDGE_CURVE('',#3632,#3630,#3837,.T.);
#3839=ORIENTED_EDGE('',*,*,#3838,.F.);
#3840=VECTOR('',#1719,1.);
#3841=LINE('',#3633,#3840);
#3842=EDGE_CURVE('',#3634,#3632,#3841,.T.);
#3843=ORIENTED_EDGE('',*,*,#3842,.F.);
#3844=DIRECTION('',(0.242980181,0.970031253,0.));
#3845=VECTOR('',#3844,1.);
#3846=LINE('',#3635,#3845);
#3847=EDGE_CURVE('',#3636,#3634,#3846,.T.);
#3848=ORIENTED_EDGE('',*,*,#3847,.F.);
#3849=DIRECTION('',(0.146730476,0.98917651,0.));
#3850=VECTOR('',#3849,1.);
#3851=LINE('',#3637,#3850);
#3852=EDGE_CURVE('',#3638,#3636,#3851,.T.);
#3853=ORIENTED_EDGE('',*,*,#3852,.F.);
#3854=DIRECTION('',(0.049067673,0.998795456,0.));
#3855=VECTOR('',#3854,1.);
#3856=LINE('',#3639,#3855);
#3857=EDGE_CURVE('',#3640,#3638,#3856,.T.);
#3858=ORIENTED_EDGE('',*,*,#3857,.F.);
#3859=VECTOR('',#3703,1.);
#3860=LINE('',#3639,#3859);
#3861=EDGE_CURVE('',#3640,#3642,#3860,.T.);
#3862=ORIENTED_EDGE('',*,*,#3861,.T.);
#3863=VECTOR('',#3708,1.);
#3864=LINE('',#3641,#3863);
#3865=EDGE_CURVE('',#3642,#3644,#3864,.T.);
#3866=ORIENTED_EDGE('',*,*,#3865,.T.);
#3867=VECTOR('',#3713,1.);
#3868=LINE('',#3643,#3867);
#3869=EDGE_CURVE('',#3644,#3646,#3868,.T.);
#3870=ORIENTED_EDGE('',*,*,#3869,.T.);
#3871=VECTOR('',#1844,1.);
#3872=LINE('',#3645,#3871);
#3873=EDGE_CURVE('',#3646,#3648,#3872,.T.);
#3874=ORIENTED_EDGE('',*,*,#3873,.T.);
#3875=VECTOR('',#3722,1.);
#3876=LINE('',#3647,#3875);
#3877=EDGE_CURVE('',#3648,#3650,#3876,.T.);
#3878=ORIENTED_EDGE('',*,*,#3877,.T.);
#3879=VECTOR('',#3727,1.);
#3880=LINE('',#3649,#3879);
#3881=EDGE_CURVE('',#3650,#3652,#3880,.T.);
#3882=ORIENTED_EDGE('',*,*,#3881,.T.);
#3883=VECTOR('',#3732,1.);
#3884=LINE('',#3651,#3883);
#3885=EDGE_CURVE('',#3652,#3654,#3884,.T.);
#3886=ORIENTED_EDGE('',*,*,#3885,.T.);
#3887=VECTOR('',#3737,1.);
#3888=LINE('',#3653,#3887);
#3889=EDGE_CURVE('',#3654,#3656,#3888,.T.);
#3890=ORIENTED_EDGE('',*,*,#3889,.T.);
#3891=VECTOR('',#3742,1.);
#3892=LINE('',#3655,#3891);
#3893=EDGE_CURVE('',#3656,#3658,#3892,.T.);
#3894=ORIENTED_EDGE('',*,*,#3893,.T.);
#3895=VECTOR('',#3747,1.);
#3896=LINE('',#3657,#3895);
#3897=EDGE_CURVE('',#3658,#3660,#3896,.T.);
#3898=ORIENTED_EDGE('',*,*,#3897,.T.);
#3899=VECTOR('',#3752,1.);
#3900=LINE('',#3659,#3899);
#3901=EDGE_CURVE('',#3660,#3662,#3900,.T.);
#3902=ORIENTED_EDGE('',*,*,#3901,.T.);
#3903=VECTOR('',#3757,1.);
#3904=LINE('',#3661,#3903);
#3905=EDGE_CURVE('',#3662,#3664,#3904,.T.);
#3906=ORIENTED_EDGE('',*,*,#3905,.T.);
#3907=VECTOR('',#1799,1.);
#3908=LINE('',#3663,#3907);
#3909=EDGE_CURVE('',#3664,#3666,#3908,.T.);
#3910=ORIENTED_EDGE('',*,*,#3909,.T.);
#3911=VECTOR('',#3766,1.);
#3912=LINE('',#3665,#3911);
#3913=EDGE_CURVE('',#3666,#3668,#3912,.T.);
#3914=ORIENTED_EDGE('',*,*,#3913,.T.);
#3915=VECTOR('',#3771,1.);
#3916=LINE('',#3667,#3915);
#3917=EDGE_CURVE('',#3668,#3670,#3916,.T.);
#3918=ORIENTED_EDGE('',*,*,#3917,.T.);
#3919=VECTOR('',#3776,1.);
#3920=LINE('',#3669,#3919);
#3921=EDGE_CURVE('',#3670,#3672,#3920,.T.);
#3922=ORIENTED_EDGE('',*,*,#3921,.T.);
#3923=VECTOR('',#3781,1.);
#3924=LINE('',#3671,#3923);
#3925=EDGE_CURVE('',#3672,#3674,#3924,.T.);
#3926=ORIENTED_EDGE('',*,*,#3925,.T.);
#3927=VECTOR('',#3786,1.);
#3928=LINE('',#3673,#3927);
#3929=EDGE_CURVE('',#3674,#3676,#3928,.T.);
#3930=ORIENTED_EDGE('',*,*,#3929,.T.);
#3931=VECTOR('',#3791,1.);
#3932=LINE('',#3675,#3931);
#3933=EDGE_CURVE('',#3676,#3678,#3932,.T.);
#3934=ORIENTED_EDGE('',*,*,#3933,.T.);
#3935=VECTOR('',#1764,1.);
#3936=LINE('',#3677,#3935);
#3937=EDGE_CURVE('',#3678,#3680,#3936,.T.);
#3938=ORIENTED_EDGE('',*,*,#3937,.T.);
#3939=VECTOR('',#3800,1.);
#3940=LINE('',#3679,#3939);
#3941=EDGE_CURVE('',#3680,#3682,#3940,.T.);
#3942=ORIENTED_EDGE('',*,*,#3941,.T.);
#3943=VECTOR('',#3805,1.);
#3944=LINE('',#3681,#3943);
#3945=EDGE_CURVE('',#3682,#3684,#3944,.T.);
#3946=ORIENTED_EDGE('',*,*,#3945,.T.);
#3947=VECTOR('',#3810,1.);
#3948=LINE('',#3683,#3947);
#3949=EDGE_CURVE('',#3684,#3686,#3948,.T.);
#3950=ORIENTED_EDGE('',*,*,#3949,.T.);
#3951=VECTOR('',#3815,1.);
#3952=LINE('',#3685,#3951);
#3953=EDGE_CURVE('',#3686,#3688,#3952,.T.);
#3954=ORIENTED_EDGE('',*,*,#3953,.T.);
#3955=VECTOR('',#3820,1.);
#3956=LINE('',#3687,#3955);
#3957=EDGE_CURVE('',#3688,#3690,#3956,.T.);
#3958=ORIENTED_EDGE('',*,*,#3957,.T.);
#3959=VECTOR('',#3825,1.);
#3960=LINE('',#3689,#3959);
#3961=EDGE_CURVE('',#3690,#3692,#3960,.T.);
#3962=ORIENTED_EDGE('',*,*,#3961,.T.);
#3963=VECTOR('',#3830,1.);
#3964=LINE('',#3691,#3963);
#3965=EDGE_CURVE('',#3692,#3694,#3964,.T.);
#3966=ORIENTED_EDGE('',*,*,#3965,.T.);
#3967=VECTOR('',#3835,1.);
#3968=LINE('',#3693,#3967);
#3969=EDGE_CURVE('',#3694,#3696,#3968,.T.);
#3970=ORIENTED_EDGE('',*,*,#3969,.T.);
#3971=VECTOR('',#1719,1.);
#3972=LINE('',#3695,#3971);
#3973=EDGE_CURVE('',#3696,#3698,#3972,.T.);
#3974=ORIENTED_EDGE('',*,*,#3973,.T.);
#3975=VECTOR('',#3844,1.);
#3976=LINE('',#3697,#3975);
#3977=EDGE_CURVE('',#3698,#3700,#3976,.T.);
#3978=ORIENTED_EDGE('',*,*,#3977,.T.);
#3979=VECTOR('',#3849,1.);
#3980=LINE('',#3699,#3979);
#3981=EDGE_CURVE('',#3700,#3702,#3980,.T.);
#3982=ORIENTED_EDGE('',*,*,#3981,.T.);
#3983=VECTOR('',#3854,1.);
#3984=LINE('',#3701,#3983);
#3985=EDGE_CURVE('',#3702,#3576,#3984,.T.);
#3986=ORIENTED_EDGE('',*,*,#3985,.T.);
#3987=EDGE_LOOP('',(#3707,#3712,#3717,#3721,#3726,#3731,#3736,#3741,#3746,#3751,#3756,#3761,#3765,#3770,#3775,#3780,#3785,#3790,#3795,#3799,#3804,#3809,#3814,#3819,#3824,#3829,#3834,#3839,#3843,#3848,#3853,#3858,#3862,#3866,#3870,#3874,#3878,#3882,#3886,#3890,#3894,#3898,#3902,#3906,#3910,#3914,#3918,#3922,#3926,#3930,#3934,#3938,#3942,#3946,#3950,#3954,#3958,#3962,#3966,#3970,#3974,#3978,#3982,#3986));
#3988=FACE_OUTER_BOUND('',#3987,.T.);
#3989=AXIS2_PLACEMENT_3D('',#3575,#367,#87);
#3990=PLANE('',#3989);
#3991=ADVANCED_FACE('',(#3988),#3990,.T.);
#3992=CARTESIAN_POINT('',(-31.0120382,19.2549571,0.));
#3993=VERTEX_POINT('',#3992);
#3994=CARTESIAN_POINT('',(-31.0480368,19.0122742,0.));
#3995=VERTEX_POINT('',#3994);
#3996=CARTESIAN_POINT('',(-31.1076492,18.7742883,0.));
#3997=VERTEX_POINT('',#3996);
#3998=CARTESIAN_POINT('',(-31.1903012,18.5432914,0.));
#3999=VERTEX_POINT('',#3998);
#4000=CARTESIAN_POINT('',(-31.2951968,18.3215082,0.));
#4001=VERTEX_POINT('',#4000);
#4002=CARTESIAN_POINT('',(-31.421326,18.1110744,0.));
#4003=VERTEX_POINT('',#4002);
#4004=CARTESIAN_POINT('',(-31.5674739,17.9140168,0.));
#4005=VERTEX_POINT('',#4004);
#4006=CARTESIAN_POINT('',(-31.732233,17.732233,0.));
#4007=VERTEX_POINT('',#4006);
#4008=CARTESIAN_POINT('',(-31.9140168,17.5674739,0.));
#4009=VERTEX_POINT('',#4008);
#4010=CARTESIAN_POINT('',(-32.1110744,17.421326,0.));
#4011=VERTEX_POINT('',#4010);
#4012=CARTESIAN_POINT('',(-32.3215082,17.2951968,0.));
#4013=VERTEX_POINT('',#4012);
#4014=CARTESIAN_POINT('',(-32.5432914,17.1903012,0.));
#4015=VERTEX_POINT('',#4014);
#4016=CARTESIAN_POINT('',(-32.7742883,17.1076492,0.));
#4017=VERTEX_POINT('',#4016);
#4018=CARTESIAN_POINT('',(-33.0122742,17.0480368,0.));
#4019=VERTEX_POINT('',#4018);
#4020=CARTESIAN_POINT('',(-33.2549571,17.0120382,0.));
#4021=VERTEX_POINT('',#4020);
#4022=CARTESIAN_POINT('',(-33.5,17.,0.));
#4023=VERTEX_POINT('',#4022);
#4024=CARTESIAN_POINT('',(-33.7450429,17.0120382,0.));
#4025=VERTEX_POINT('',#4024);
#4026=CARTESIAN_POINT('',(-33.9877258,17.0480368,0.));
#4027=VERTEX_POINT('',#4026);
#4028=CARTESIAN_POINT('',(-34.2257117,17.1076492,0.));
#4029=VERTEX_POINT('',#4028);
#4030=CARTESIAN_POINT('',(-34.4567086,17.1903012,0.));
#4031=VERTEX_POINT('',#4030);
#4032=CARTESIAN_POINT('',(-34.6784918,17.2951968,0.));
#4033=VERTEX_POINT('',#4032);
#4034=CARTESIAN_POINT('',(-34.8889256,17.421326,0.));
#4035=VERTEX_POINT('',#4034);
#4036=CARTESIAN_POINT('',(-35.0859832,17.5674739,0.));
#4037=VERTEX_POINT('',#4036);
#4038=CARTESIAN_POINT('',(-35.267767,17.732233,0.));
#4039=VERTEX_POINT('',#4038);
#4040=CARTESIAN_POINT('',(-35.4325261,17.9140168,0.));
#4041=VERTEX_POINT('',#4040);
#4042=CARTESIAN_POINT('',(-35.578674,18.1110744,0.));
#4043=VERTEX_POINT('',#4042);
#4044=CARTESIAN_POINT('',(-35.7048032,18.3215082,0.));
#4045=VERTEX_POINT('',#4044);
#4046=CARTESIAN_POINT('',(-35.8096988,18.5432914,0.));
#4047=VERTEX_POINT('',#4046);
#4048=CARTESIAN_POINT('',(-35.8923508,18.7742883,0.));
#4049=VERTEX_POINT('',#4048);
#4050=CARTESIAN_POINT('',(-35.9519632,19.0122742,0.));
#4051=VERTEX_POINT('',#4050);
#4052=CARTESIAN_POINT('',(-35.9879618,19.2549571,0.));
#4053=VERTEX_POINT('',#4052);
#4054=CARTESIAN_POINT('',(-36.,19.5,0.));
#4055=VERTEX_POINT('',#4054);
#4056=CARTESIAN_POINT('',(-35.9879618,19.7450429,0.));
#4057=VERTEX_POINT('',#4056);
#4058=CARTESIAN_POINT('',(-35.9519632,19.9877258,0.));
#4059=VERTEX_POINT('',#4058);
#4060=CARTESIAN_POINT('',(-35.8923508,20.2257117,0.));
#4061=VERTEX_POINT('',#4060);
#4062=CARTESIAN_POINT('',(-35.8096988,20.4567086,0.));
#4063=VERTEX_POINT('',#4062);
#4064=CARTESIAN_POINT('',(-35.7048032,20.6784918,0.));
#4065=VERTEX_POINT('',#4064);
#4066=CARTESIAN_POINT('',(-35.578674,20.8889256,0.));
#4067=VERTEX_POINT('',#4066);
#4068=CARTESIAN_POINT('',(-35.4325261,21.0859832,0.));
#4069=VERTEX_POINT('',#4068);
#4070=CARTESIAN_POINT('',(-35.267767,21.267767,0.));
#4071=VERTEX_POINT('',#4070);
#4072=CARTESIAN_POINT('',(-35.0859832,21.4325261,0.));
#4073=VERTEX_POINT('',#4072);
#4074=CARTESIAN_POINT('',(-34.8889256,21.578674,0.));
#4075=VERTEX_POINT('',#4074);
#4076=CARTESIAN_POINT('',(-34.6784918,21.7048032,0.));
#4077=VERTEX_POINT('',#4076);
#4078=CARTESIAN_POINT('',(-34.4567086,21.8096988,0.));
#4079=VERTEX_POINT('',#4078);
#4080=CARTESIAN_POINT('',(-34.2257117,21.8923508,0.));
#4081=VERTEX_POINT('',#4080);
#4082=CARTESIAN_POINT('',(-33.9877258,21.9519632,0.));
#4083=VERTEX_POINT('',#4082);
#4084=CARTESIAN_POINT('',(-33.7450429,21.9879618,0.));
#4085=VERTEX_POINT('',#4084);
#4086=CARTESIAN_POINT('',(-33.5,22.,0.));
#4087=VERTEX_POINT('',#4086);
#4088=CARTESIAN_POINT('',(-33.2549571,21.9879618,0.));
#4089=VERTEX_POINT('',#4088);
#4090=CARTESIAN_POINT('',(-33.0122742,21.9519632,0.));
#4091=VERTEX_POINT('',#4090);
#4092=CARTESIAN_POINT('',(-32.7742883,21.8923508,0.));
#4093=VERTEX_POINT('',#4092);
#4094=CARTESIAN_POINT('',(-32.5432914,21.8096988,0.));
#4095=VERTEX_POINT('',#4094);
#4096=CARTESIAN_POINT('',(-32.3215082,21.7048032,0.));
#4097=VERTEX_POINT('',#4096);
#4098=CARTESIAN_POINT('',(-32.1110744,21.578674,0.));
#4099=VERTEX_POINT('',#4098);
#4100=CARTESIAN_POINT('',(-31.9140168,21.4325261,0.));
#4101=VERTEX_POINT('',#4100);
#4102=CARTESIAN_POINT('',(-31.732233,21.267767,0.));
#4103=VERTEX_POINT('',#4102);
#4104=CARTESIAN_POINT('',(-31.5674739,21.0859832,0.));
#4105=VERTEX_POINT('',#4104);
#4106=CARTESIAN_POINT('',(-31.421326,20.8889256,0.));
#4107=VERTEX_POINT('',#4106);
#4108=CARTESIAN_POINT('',(-31.2951968,20.6784918,0.));
#4109=VERTEX_POINT('',#4108);
#4110=CARTESIAN_POINT('',(-31.1903012,20.4567086,0.));
#4111=VERTEX_POINT('',#4110);
#4112=CARTESIAN_POINT('',(-31.1076492,20.2257117,0.));
#4113=VERTEX_POINT('',#4112);
#4114=CARTESIAN_POINT('',(-31.0480368,19.9877258,0.));
#4115=VERTEX_POINT('',#4114);
#4116=CARTESIAN_POINT('',(-31.0120382,19.7450429,0.));
#4117=VERTEX_POINT('',#4116);
#4118=CARTESIAN_POINT('',(-31.,19.5,0.));
#4119=VERTEX_POINT('',#4118);
#4120=VECTOR('',#3849,1.);
#4121=LINE('',#3994,#4120);
#4122=EDGE_CURVE('',#3995,#3993,#4121,.T.);
#4123=ORIENTED_EDGE('',*,*,#4122,.F.);
#4124=VECTOR('',#3844,1.);
#4125=LINE('',#3996,#4124);
#4126=EDGE_CURVE('',#3997,#3995,#4125,.T.);
#4127=ORIENTED_EDGE('',*,*,#4126,.F.);
#4128=VECTOR('',#1719,1.);
#4129=LINE('',#3998,#4128);
#4130=EDGE_CURVE('',#3999,#3997,#4129,.T.);
#4131=ORIENTED_EDGE('',*,*,#4130,.F.);
#4132=VECTOR('',#3835,1.);
#4133=LINE('',#4000,#4132);
#4134=EDGE_CURVE('',#4001,#3999,#4133,.T.);
#4135=ORIENTED_EDGE('',*,*,#4134,.F.);
#4136=VECTOR('',#3830,1.);
#4137=LINE('',#4002,#4136);
#4138=EDGE_CURVE('',#4003,#4001,#4137,.T.);
#4139=ORIENTED_EDGE('',*,*,#4138,.F.);
#4140=VECTOR('',#3825,1.);
#4141=LINE('',#4004,#4140);
#4142=EDGE_CURVE('',#4005,#4003,#4141,.T.);
#4143=ORIENTED_EDGE('',*,*,#4142,.F.);
#4144=VECTOR('',#3820,1.);
#4145=LINE('',#4006,#4144);
#4146=EDGE_CURVE('',#4007,#4005,#4145,.T.);
#4147=ORIENTED_EDGE('',*,*,#4146,.F.);
#4148=VECTOR('',#3815,1.);
#4149=LINE('',#4008,#4148);
#4150=EDGE_CURVE('',#4009,#4007,#4149,.T.);
#4151=ORIENTED_EDGE('',*,*,#4150,.F.);
#4152=VECTOR('',#3810,1.);
#4153=LINE('',#4010,#4152);
#4154=EDGE_CURVE('',#4011,#4009,#4153,.T.);
#4155=ORIENTED_EDGE('',*,*,#4154,.F.);
#4156=VECTOR('',#3805,1.);
#4157=LINE('',#4012,#4156);
#4158=EDGE_CURVE('',#4013,#4011,#4157,.T.);
#4159=ORIENTED_EDGE('',*,*,#4158,.F.);
#4160=VECTOR('',#3800,1.);
#4161=LINE('',#4014,#4160);
#4162=EDGE_CURVE('',#4015,#4013,#4161,.T.);
#4163=ORIENTED_EDGE('',*,*,#4162,.F.);
#4164=VECTOR('',#1764,1.);
#4165=LINE('',#4016,#4164);
#4166=EDGE_CURVE('',#4017,#4015,#4165,.T.);
#4167=ORIENTED_EDGE('',*,*,#4166,.F.);
#4168=VECTOR('',#3791,1.);
#4169=LINE('',#4018,#4168);
#4170=EDGE_CURVE('',#4019,#4017,#4169,.T.);
#4171=ORIENTED_EDGE('',*,*,#4170,.F.);
#4172=VECTOR('',#3786,1.);
#4173=LINE('',#4020,#4172);
#4174=EDGE_CURVE('',#4021,#4019,#4173,.T.);
#4175=ORIENTED_EDGE('',*,*,#4174,.F.);
#4176=VECTOR('',#3781,1.);
#4177=LINE('',#4022,#4176);
#4178=EDGE_CURVE('',#4023,#4021,#4177,.T.);
#4179=ORIENTED_EDGE('',*,*,#4178,.F.);
#4180=VECTOR('',#3776,1.);
#4181=LINE('',#4024,#4180);
#4182=EDGE_CURVE('',#4025,#4023,#4181,.T.);
#4183=ORIENTED_EDGE('',*,*,#4182,.F.);
#4184=VECTOR('',#3771,1.);
#4185=LINE('',#4026,#4184);
#4186=EDGE_CURVE('',#4027,#4025,#4185,.T.);
#4187=ORIENTED_EDGE('',*,*,#4186,.F.);
#4188=VECTOR('',#3766,1.);
#4189=LINE('',#4028,#4188);
#4190=EDGE_CURVE('',#4029,#4027,#4189,.T.);
#4191=ORIENTED_EDGE('',*,*,#4190,.F.);
#4192=VECTOR('',#1799,1.);
#4193=LINE('',#4030,#4192);
#4194=EDGE_CURVE('',#4031,#4029,#4193,.T.);
#4195=ORIENTED_EDGE('',*,*,#4194,.F.);
#4196=VECTOR('',#3757,1.);
#4197=LINE('',#4032,#4196);
#4198=EDGE_CURVE('',#4033,#4031,#4197,.T.);
#4199=ORIENTED_EDGE('',*,*,#4198,.F.);
#4200=VECTOR('',#3752,1.);
#4201=LINE('',#4034,#4200);
#4202=EDGE_CURVE('',#4035,#4033,#4201,.T.);
#4203=ORIENTED_EDGE('',*,*,#4202,.F.);
#4204=VECTOR('',#3747,1.);
#4205=LINE('',#4036,#4204);
#4206=EDGE_CURVE('',#4037,#4035,#4205,.T.);
#4207=ORIENTED_EDGE('',*,*,#4206,.F.);
#4208=VECTOR('',#3742,1.);
#4209=LINE('',#4038,#4208);
#4210=EDGE_CURVE('',#4039,#4037,#4209,.T.);
#4211=ORIENTED_EDGE('',*,*,#4210,.F.);
#4212=VECTOR('',#3737,1.);
#4213=LINE('',#4040,#4212);
#4214=EDGE_CURVE('',#4041,#4039,#4213,.T.);
#4215=ORIENTED_EDGE('',*,*,#4214,.F.);
#4216=VECTOR('',#3732,1.);
#4217=LINE('',#4042,#4216);
#4218=EDGE_CURVE('',#4043,#4041,#4217,.T.);
#4219=ORIENTED_EDGE('',*,*,#4218,.F.);
#4220=VECTOR('',#3727,1.);
#4221=LINE('',#4044,#4220);
#4222=EDGE_CURVE('',#4045,#4043,#4221,.T.);
#4223=ORIENTED_EDGE('',*,*,#4222,.F.);
#4224=VECTOR('',#3722,1.);
#4225=LINE('',#4046,#4224);
#4226=EDGE_CURVE('',#4047,#4045,#4225,.T.);
#4227=ORIENTED_EDGE('',*,*,#4226,.F.);
#4228=VECTOR('',#1844,1.);
#4229=LINE('',#4048,#4228);
#4230=EDGE_CURVE('',#4049,#4047,#4229,.T.);
#4231=ORIENTED_EDGE('',*,*,#4230,.F.);
#4232=VECTOR('',#3713,1.);
#4233=LINE('',#4050,#4232);
#4234=EDGE_CURVE('',#4051,#4049,#4233,.T.);
#4235=ORIENTED_EDGE('',*,*,#4234,.F.);
#4236=VECTOR('',#3708,1.);
#4237=LINE('',#4052,#4236);
#4238=EDGE_CURVE('',#4053,#4051,#4237,.T.);
#4239=ORIENTED_EDGE('',*,*,#4238,.F.);
#4240=VECTOR('',#3703,1.);
#4241=LINE('',#4054,#4240);
#4242=EDGE_CURVE('',#4055,#4053,#4241,.T.);
#4243=ORIENTED_EDGE('',*,*,#4242,.F.);
#4244=VECTOR('',#3854,1.);
#4245=LINE('',#4054,#4244);
#4246=EDGE_CURVE('',#4055,#4057,#4245,.T.);
#4247=ORIENTED_EDGE('',*,*,#4246,.T.);
#4248=VECTOR('',#3849,1.);
#4249=LINE('',#4056,#4248);
#4250=EDGE_CURVE('',#4057,#4059,#4249,.T.);
#4251=ORIENTED_EDGE('',*,*,#4250,.T.);
#4252=VECTOR('',#3844,1.);
#4253=LINE('',#4058,#4252);
#4254=EDGE_CURVE('',#4059,#4061,#4253,.T.);
#4255=ORIENTED_EDGE('',*,*,#4254,.T.);
#4256=VECTOR('',#1719,1.);
#4257=LINE('',#4060,#4256);
#4258=EDGE_CURVE('',#4061,#4063,#4257,.T.);
#4259=ORIENTED_EDGE('',*,*,#4258,.T.);
#4260=VECTOR('',#3835,1.);
#4261=LINE('',#4062,#4260);
#4262=EDGE_CURVE('',#4063,#4065,#4261,.T.);
#4263=ORIENTED_EDGE('',*,*,#4262,.T.);
#4264=VECTOR('',#3830,1.);
#4265=LINE('',#4064,#4264);
#4266=EDGE_CURVE('',#4065,#4067,#4265,.T.);
#4267=ORIENTED_EDGE('',*,*,#4266,.T.);
#4268=VECTOR('',#3825,1.);
#4269=LINE('',#4066,#4268);
#4270=EDGE_CURVE('',#4067,#4069,#4269,.T.);
#4271=ORIENTED_EDGE('',*,*,#4270,.T.);
#4272=VECTOR('',#3820,1.);
#4273=LINE('',#4068,#4272);
#4274=EDGE_CURVE('',#4069,#4071,#4273,.T.);
#4275=ORIENTED_EDGE('',*,*,#4274,.T.);
#4276=VECTOR('',#3815,1.);
#4277=LINE('',#4070,#4276);
#4278=EDGE_CURVE('',#4071,#4073,#4277,.T.);
#4279=ORIENTED_EDGE('',*,*,#4278,.T.);
#4280=VECTOR('',#3810,1.);
#4281=LINE('',#4072,#4280);
#4282=EDGE_CURVE('',#4073,#4075,#4281,.T.);
#4283=ORIENTED_EDGE('',*,*,#4282,.T.);
#4284=VECTOR('',#3805,1.);
#4285=LINE('',#4074,#4284);
#4286=EDGE_CURVE('',#4075,#4077,#4285,.T.);
#4287=ORIENTED_EDGE('',*,*,#4286,.T.);
#4288=VECTOR('',#3800,1.);
#4289=LINE('',#4076,#4288);
#4290=EDGE_CURVE('',#4077,#4079,#4289,.T.);
#4291=ORIENTED_EDGE('',*,*,#4290,.T.);
#4292=VECTOR('',#1764,1.);
#4293=LINE('',#4078,#4292);
#4294=EDGE_CURVE('',#4079,#4081,#4293,.T.);
#4295=ORIENTED_EDGE('',*,*,#4294,.T.);
#4296=VECTOR('',#3791,1.);
#4297=LINE('',#4080,#4296);
#4298=EDGE_CURVE('',#4081,#4083,#4297,.T.);
#4299=ORIENTED_EDGE('',*,*,#4298,.T.);
#4300=VECTOR('',#3786,1.);
#4301=LINE('',#4082,#4300);
#4302=EDGE_CURVE('',#4083,#4085,#4301,.T.);
#4303=ORIENTED_EDGE('',*,*,#4302,.T.);
#4304=VECTOR('',#3781,1.);
#4305=LINE('',#4084,#4304);
#4306=EDGE_CURVE('',#4085,#4087,#4305,.T.);
#4307=ORIENTED_EDGE('',*,*,#4306,.T.);
#4308=VECTOR('',#3776,1.);
#4309=LINE('',#4086,#4308);
#4310=EDGE_CURVE('',#4087,#4089,#4309,.T.);
#4311=ORIENTED_EDGE('',*,*,#4310,.T.);
#4312=VECTOR('',#3771,1.);
#4313=LINE('',#4088,#4312);
#4314=EDGE_CURVE('',#4089,#4091,#4313,.T.);
#4315=ORIENTED_EDGE('',*,*,#4314,.T.);
#4316=VECTOR('',#3766,1.);
#4317=LINE('',#4090,#4316);
#4318=EDGE_CURVE('',#4091,#4093,#4317,.T.);
#4319=ORIENTED_EDGE('',*,*,#4318,.T.);
#4320=VECTOR('',#1799,1.);
#4321=LINE('',#4092,#4320);
#4322=EDGE_CURVE('',#4093,#4095,#4321,.T.);
#4323=ORIENTED_EDGE('',*,*,#4322,.T.);
#4324=VECTOR('',#3757,1.);
#4325=LINE('',#4094,#4324);
#4326=EDGE_CURVE('',#4095,#4097,#4325,.T.);
#4327=ORIENTED_EDGE('',*,*,#4326,.T.);
#4328=VECTOR('',#3752,1.);
#4329=LINE('',#4096,#4328);
#4330=EDGE_CURVE('',#4097,#4099,#4329,.T.);
#4331=ORIENTED_EDGE('',*,*,#4330,.T.);
#4332=VECTOR('',#3747,1.);
#4333=LINE('',#4098,#4332);
#4334=EDGE_CURVE('',#4099,#4101,#4333,.T.);
#4335=ORIENTED_EDGE('',*,*,#4334,.T.);
#4336=VECTOR('',#3742,1.);
#4337=LINE('',#4100,#4336);
#4338=EDGE_CURVE('',#4101,#4103,#4337,.T.);
#4339=ORIENTED_EDGE('',*,*,#4338,.T.);
#4340=VECTOR('',#3737,1.);
#4341=LINE('',#4102,#4340);
#4342=EDGE_CURVE('',#4103,#4105,#4341,.T.);
#4343=ORIENTED_EDGE('',*,*,#4342,.T.);
#4344=VECTOR('',#3732,1.);
#4345=LINE('',#4104,#4344);
#4346=EDGE_CURVE('',#4105,#4107,#4345,.T.);
#4347=ORIENTED_EDGE('',*,*,#4346,.T.);
#4348=VECTOR('',#3727,1.);
#4349=LINE('',#4106,#4348);
#4350=EDGE_CURVE('',#4107,#4109,#4349,.T.);
#4351=ORIENTED_EDGE('',*,*,#4350,.T.);
#4352=VECTOR('',#3722,1.);
#4353=LINE('',#4108,#4352);
#4354=EDGE_CURVE('',#4109,#4111,#4353,.T.);
#4355=ORIENTED_EDGE('',*,*,#4354,.T.);
#4356=VECTOR('',#1844,1.);
#4357=LINE('',#4110,#4356);
#4358=EDGE_CURVE('',#4111,#4113,#4357,.T.);
#4359=ORIENTED_EDGE('',*,*,#4358,.T.);
#4360=VECTOR('',#3713,1.);
#4361=LINE('',#4112,#4360);
#4362=EDGE_CURVE('',#4113,#4115,#4361,.T.);
#4363=ORIENTED_EDGE('',*,*,#4362,.T.);
#4364=VECTOR('',#3708,1.);
#4365=LINE('',#4114,#4364);
#4366=EDGE_CURVE('',#4115,#4117,#4365,.T.);
#4367=ORIENTED_EDGE('',*,*,#4366,.T.);
#4368=VECTOR('',#3703,1.);
#4369=LINE('',#4116,#4368);
#4370=EDGE_CURVE('',#4117,#4119,#4369,.T.);
#4371=ORIENTED_EDGE('',*,*,#4370,.T.);
#4372=VECTOR('',#3854,1.);
#4373=LINE('',#3992,#4372);
#4374=EDGE_CURVE('',#3993,#4119,#4373,.T.);
#4375=ORIENTED_EDGE('',*,*,#4374,.F.);
#4376=EDGE_LOOP('',(#4123,#4127,#4131,#4135,#4139,#4143,#4147,#4151,#4155,#4159,#4163,#4167,#4171,#4175,#4179,#4183,#4187,#4191,#4195,#4199,#4203,#4207,#4211,#4215,#4219,#4223,#4227,#4231,#4235,#4239,#4243,#4247,#4251,#4255,#4259,#4263,#4267,#4271,#4275,#4279,#4283,#4287,#4291,#4295,#4299,#4303,#4307,#4311,#4315,#4319,#4323,#4327,#4331,#4335,#4339,#4343,#4347,#4351,#4355,#4359,#4363,#4367,#4371,#4375));
#4377=FACE_OUTER_BOUND('',#4376,.T.);
#4378=AXIS2_PLACEMENT_3D('',#3992,#711,#712);
#4379=PLANE('',#4378);
#4380=ADVANCED_FACE('',(#4377),#4379,.T.);
#4381=ORIENTED_EDGE('',*,*,#4370,.F.);
#4382=VECTOR('',#367,1.);
#4383=LINE('',#4116,#4382);
#4384=EDGE_CURVE('',#4117,#3578,#4383,.T.);
#4385=ORIENTED_EDGE('',*,*,#4384,.T.);
#4386=ORIENTED_EDGE('',*,*,#3706,.T.);
#4387=VECTOR('',#367,1.);
#4388=LINE('',#4118,#4387);
#4389=EDGE_CURVE('',#4119,#3576,#4388,.T.);
#4390=ORIENTED_EDGE('',*,*,#4389,.F.);
#4391=EDGE_LOOP('',(#4381,#4385,#4386,#4390));
#4392=FACE_OUTER_BOUND('',#4391,.T.);
#4393=AXIS2_PLACEMENT_3D('',#4118,#2958,#3159);
#4394=PLANE('',#4393);
#4395=ADVANCED_FACE('',(#4392),#4394,.T.);
#4396=ORIENTED_EDGE('',*,*,#4366,.F.);
#4397=VECTOR('',#367,1.);
#4398=LINE('',#4114,#4397);
#4399=EDGE_CURVE('',#4115,#3580,#4398,.T.);
#4400=ORIENTED_EDGE('',*,*,#4399,.T.);
#4401=ORIENTED_EDGE('',*,*,#3711,.T.);
#4402=ORIENTED_EDGE('',*,*,#4384,.F.);
#4403=EDGE_LOOP('',(#4396,#4400,#4401,#4402));
#4404=FACE_OUTER_BOUND('',#4403,.T.);
#4405=AXIS2_PLACEMENT_3D('',#4116,#1774,#1854);
#4406=PLANE('',#4405);
#4407=ADVANCED_FACE('',(#4404),#4406,.T.);
#4408=ORIENTED_EDGE('',*,*,#4362,.F.);
#4409=VECTOR('',#367,1.);
#4410=LINE('',#4112,#4409);
#4411=EDGE_CURVE('',#4113,#3582,#4410,.T.);
#4412=ORIENTED_EDGE('',*,*,#4411,.T.);
#4413=ORIENTED_EDGE('',*,*,#3716,.T.);
#4414=ORIENTED_EDGE('',*,*,#4399,.F.);
#4415=EDGE_LOOP('',(#4408,#4412,#4413,#4414));
#4416=FACE_OUTER_BOUND('',#4415,.T.);
#4417=AXIS2_PLACEMENT_3D('',#4114,#1769,#1849);
#4418=PLANE('',#4417);
#4419=ADVANCED_FACE('',(#4416),#4418,.T.);
#4420=ORIENTED_EDGE('',*,*,#4358,.F.);
#4421=VECTOR('',#367,1.);
#4422=LINE('',#4110,#4421);
#4423=EDGE_CURVE('',#4111,#3584,#4422,.T.);
#4424=ORIENTED_EDGE('',*,*,#4423,.T.);
#4425=ORIENTED_EDGE('',*,*,#3720,.T.);
#4426=ORIENTED_EDGE('',*,*,#4411,.F.);
#4427=EDGE_LOOP('',(#4420,#4424,#4425,#4426));
#4428=FACE_OUTER_BOUND('',#4427,.T.);
#4429=AXIS2_PLACEMENT_3D('',#4112,#1764,#1844);
#4430=PLANE('',#4429);
#4431=ADVANCED_FACE('',(#4428),#4430,.T.);
#4432=ORIENTED_EDGE('',*,*,#4354,.F.);
#4433=VECTOR('',#367,1.);
#4434=LINE('',#4108,#4433);
#4435=EDGE_CURVE('',#4109,#3586,#4434,.T.);
#4436=ORIENTED_EDGE('',*,*,#4435,.T.);
#4437=ORIENTED_EDGE('',*,*,#3725,.T.);
#4438=ORIENTED_EDGE('',*,*,#4423,.F.);
#4439=EDGE_LOOP('',(#4432,#4436,#4437,#4438));
#4440=FACE_OUTER_BOUND('',#4439,.T.);
#4441=AXIS2_PLACEMENT_3D('',#4110,#2905,#3110);
#4442=PLANE('',#4441);
#4443=ADVANCED_FACE('',(#4440),#4442,.T.);
#4444=ORIENTED_EDGE('',*,*,#4350,.F.);
#4445=VECTOR('',#367,1.);
#4446=LINE('',#4106,#4445);
#4447=EDGE_CURVE('',#4107,#3588,#4446,.T.);
#4448=ORIENTED_EDGE('',*,*,#4447,.T.);
#4449=ORIENTED_EDGE('',*,*,#3730,.T.);
#4450=ORIENTED_EDGE('',*,*,#4435,.F.);
#4451=EDGE_LOOP('',(#4444,#4448,#4449,#4450));
#4452=FACE_OUTER_BOUND('',#4451,.T.);
#4453=AXIS2_PLACEMENT_3D('',#4108,#1754,#1834);
#4454=PLANE('',#4453);
#4455=ADVANCED_FACE('',(#4452),#4454,.T.);
#4456=ORIENTED_EDGE('',*,*,#4346,.F.);
#4457=VECTOR('',#367,1.);
#4458=LINE('',#4104,#4457);
#4459=EDGE_CURVE('',#4105,#3590,#4458,.T.);
#4460=ORIENTED_EDGE('',*,*,#4459,.T.);
#4461=ORIENTED_EDGE('',*,*,#3735,.T.);
#4462=ORIENTED_EDGE('',*,*,#4447,.F.);
#4463=EDGE_LOOP('',(#4456,#4460,#4461,#4462));
#4464=FACE_OUTER_BOUND('',#4463,.T.);
#4465=AXIS2_PLACEMENT_3D('',#4106,#2878,#3085);
#4466=PLANE('',#4465);
#4467=ADVANCED_FACE('',(#4464),#4466,.T.);
#4468=ORIENTED_EDGE('',*,*,#4342,.F.);
#4469=VECTOR('',#367,1.);
#4470=LINE('',#4102,#4469);
#4471=EDGE_CURVE('',#4103,#3592,#4470,.T.);
#4472=ORIENTED_EDGE('',*,*,#4471,.T.);
#4473=ORIENTED_EDGE('',*,*,#3740,.T.);
#4474=ORIENTED_EDGE('',*,*,#4459,.F.);
#4475=EDGE_LOOP('',(#4468,#4472,#4473,#4474));
#4476=FACE_OUTER_BOUND('',#4475,.T.);
#4477=AXIS2_PLACEMENT_3D('',#4104,#2864,#3072);
#4478=PLANE('',#4477);
#4479=ADVANCED_FACE('',(#4476),#4478,.T.);
#4480=ORIENTED_EDGE('',*,*,#4338,.F.);
#4481=VECTOR('',#367,1.);
#4482=LINE('',#4100,#4481);
#4483=EDGE_CURVE('',#4101,#3594,#4482,.T.);
#4484=ORIENTED_EDGE('',*,*,#4483,.T.);
#4485=ORIENTED_EDGE('',*,*,#3745,.T.);
#4486=ORIENTED_EDGE('',*,*,#4471,.F.);
#4487=EDGE_LOOP('',(#4480,#4484,#4485,#4486));
#4488=FACE_OUTER_BOUND('',#4487,.T.);
#4489=AXIS2_PLACEMENT_3D('',#4102,#2850,#3059);
#4490=PLANE('',#4489);
#4491=ADVANCED_FACE('',(#4488),#4490,.T.);
#4492=ORIENTED_EDGE('',*,*,#4334,.F.);
#4493=VECTOR('',#367,1.);
#4494=LINE('',#4098,#4493);
#4495=EDGE_CURVE('',#4099,#3596,#4494,.T.);
#4496=ORIENTED_EDGE('',*,*,#4495,.T.);
#4497=ORIENTED_EDGE('',*,*,#3750,.T.);
#4498=ORIENTED_EDGE('',*,*,#4483,.F.);
#4499=EDGE_LOOP('',(#4492,#4496,#4497,#4498));
#4500=FACE_OUTER_BOUND('',#4499,.T.);
#4501=AXIS2_PLACEMENT_3D('',#4100,#2836,#3046);
#4502=PLANE('',#4501);
#4503=ADVANCED_FACE('',(#4500),#4502,.T.);
#4504=ORIENTED_EDGE('',*,*,#4330,.F.);
#4505=VECTOR('',#367,1.);
#4506=LINE('',#4096,#4505);
#4507=EDGE_CURVE('',#4097,#3598,#4506,.T.);
#4508=ORIENTED_EDGE('',*,*,#4507,.T.);
#4509=ORIENTED_EDGE('',*,*,#3755,.T.);
#4510=ORIENTED_EDGE('',*,*,#4495,.F.);
#4511=EDGE_LOOP('',(#4504,#4508,#4509,#4510));
#4512=FACE_OUTER_BOUND('',#4511,.T.);
#4513=AXIS2_PLACEMENT_3D('',#4098,#1729,#1809);
#4514=PLANE('',#4513);
#4515=ADVANCED_FACE('',(#4512),#4514,.T.);
#4516=ORIENTED_EDGE('',*,*,#4326,.F.);
#4517=VECTOR('',#367,1.);
#4518=LINE('',#4094,#4517);
#4519=EDGE_CURVE('',#4095,#3600,#4518,.T.);
#4520=ORIENTED_EDGE('',*,*,#4519,.T.);
#4521=ORIENTED_EDGE('',*,*,#3760,.T.);
#4522=ORIENTED_EDGE('',*,*,#4507,.F.);
#4523=EDGE_LOOP('',(#4516,#4520,#4521,#4522));
#4524=FACE_OUTER_BOUND('',#4523,.T.);
#4525=AXIS2_PLACEMENT_3D('',#4096,#2809,#3021);
#4526=PLANE('',#4525);
#4527=ADVANCED_FACE('',(#4524),#4526,.T.);
#4528=ORIENTED_EDGE('',*,*,#4322,.F.);
#4529=VECTOR('',#367,1.);
#4530=LINE('',#4092,#4529);
#4531=EDGE_CURVE('',#4093,#3602,#4530,.T.);
#4532=ORIENTED_EDGE('',*,*,#4531,.T.);
#4533=ORIENTED_EDGE('',*,*,#3764,.T.);
#4534=ORIENTED_EDGE('',*,*,#4519,.F.);
#4535=EDGE_LOOP('',(#4528,#4532,#4533,#4534));
#4536=FACE_OUTER_BOUND('',#4535,.T.);
#4537=AXIS2_PLACEMENT_3D('',#4094,#1719,#1799);
#4538=PLANE('',#4537);
#4539=ADVANCED_FACE('',(#4536),#4538,.T.);
#4540=ORIENTED_EDGE('',*,*,#4318,.F.);
#4541=VECTOR('',#367,1.);
#4542=LINE('',#4090,#4541);
#4543=EDGE_CURVE('',#4091,#3604,#4542,.T.);
#4544=ORIENTED_EDGE('',*,*,#4543,.T.);
#4545=ORIENTED_EDGE('',*,*,#3769,.T.);
#4546=ORIENTED_EDGE('',*,*,#4531,.F.);
#4547=EDGE_LOOP('',(#4540,#4544,#4545,#4546));
#4548=FACE_OUTER_BOUND('',#4547,.T.);
#4549=AXIS2_PLACEMENT_3D('',#4092,#1714,#1794);
#4550=PLANE('',#4549);
#4551=ADVANCED_FACE('',(#4548),#4550,.T.);
#4552=ORIENTED_EDGE('',*,*,#4314,.F.);
#4553=VECTOR('',#367,1.);
#4554=LINE('',#4088,#4553);
#4555=EDGE_CURVE('',#4089,#3606,#4554,.T.);
#4556=ORIENTED_EDGE('',*,*,#4555,.T.);
#4557=ORIENTED_EDGE('',*,*,#3774,.T.);
#4558=ORIENTED_EDGE('',*,*,#4543,.F.);
#4559=EDGE_LOOP('',(#4552,#4556,#4557,#4558));
#4560=FACE_OUTER_BOUND('',#4559,.T.);
#4561=AXIS2_PLACEMENT_3D('',#4090,#1709,#1789);
#4562=PLANE('',#4561);
#4563=ADVANCED_FACE('',(#4560),#4562,.T.);
#4564=ORIENTED_EDGE('',*,*,#4310,.F.);
#4565=VECTOR('',#367,1.);
#4566=LINE('',#4086,#4565);
#4567=EDGE_CURVE('',#4087,#3608,#4566,.T.);
#4568=ORIENTED_EDGE('',*,*,#4567,.T.);
#4569=ORIENTED_EDGE('',*,*,#3779,.T.);
#4570=ORIENTED_EDGE('',*,*,#4555,.F.);
#4571=EDGE_LOOP('',(#4564,#4568,#4569,#4570));
#4572=FACE_OUTER_BOUND('',#4571,.T.);
#4573=AXIS2_PLACEMENT_3D('',#4088,#2971,#2972);
#4574=PLANE('',#4573);
#4575=ADVANCED_FACE('',(#4572),#4574,.T.);
#4576=ORIENTED_EDGE('',*,*,#4306,.F.);
#4577=VECTOR('',#367,1.);
#4578=LINE('',#4084,#4577);
#4579=EDGE_CURVE('',#4085,#3610,#4578,.T.);
#4580=ORIENTED_EDGE('',*,*,#4579,.T.);
#4581=ORIENTED_EDGE('',*,*,#3784,.T.);
#4582=ORIENTED_EDGE('',*,*,#4567,.F.);
#4583=EDGE_LOOP('',(#4576,#4580,#4581,#4582));
#4584=FACE_OUTER_BOUND('',#4583,.T.);
#4585=AXIS2_PLACEMENT_3D('',#4086,#2957,#2958);
#4586=PLANE('',#4585);
#4587=ADVANCED_FACE('',(#4584),#4586,.T.);
#4588=ORIENTED_EDGE('',*,*,#4302,.F.);
#4589=VECTOR('',#367,1.);
#4590=LINE('',#4082,#4589);
#4591=EDGE_CURVE('',#4083,#3612,#4590,.T.);
#4592=ORIENTED_EDGE('',*,*,#4591,.T.);
#4593=ORIENTED_EDGE('',*,*,#3789,.T.);
#4594=ORIENTED_EDGE('',*,*,#4579,.F.);
#4595=EDGE_LOOP('',(#4588,#4592,#4593,#4594));
#4596=FACE_OUTER_BOUND('',#4595,.T.);
#4597=AXIS2_PLACEMENT_3D('',#4084,#2944,#1774);
#4598=PLANE('',#4597);
#4599=ADVANCED_FACE('',(#4596),#4598,.T.);
#4600=ORIENTED_EDGE('',*,*,#4298,.F.);
#4601=VECTOR('',#367,1.);
#4602=LINE('',#4080,#4601);
#4603=EDGE_CURVE('',#4081,#3614,#4602,.T.);
#4604=ORIENTED_EDGE('',*,*,#4603,.T.);
#4605=ORIENTED_EDGE('',*,*,#3794,.T.);
#4606=ORIENTED_EDGE('',*,*,#4591,.F.);
#4607=EDGE_LOOP('',(#4600,#4604,#4605,#4606));
#4608=FACE_OUTER_BOUND('',#4607,.T.);
#4609=AXIS2_PLACEMENT_3D('',#4082,#2931,#1769);
#4610=PLANE('',#4609);
#4611=ADVANCED_FACE('',(#4608),#4610,.T.);
#4612=ORIENTED_EDGE('',*,*,#4294,.F.);
#4613=VECTOR('',#367,1.);
#4614=LINE('',#4078,#4613);
#4615=EDGE_CURVE('',#4079,#3616,#4614,.T.);
#4616=ORIENTED_EDGE('',*,*,#4615,.T.);
#4617=ORIENTED_EDGE('',*,*,#3798,.T.);
#4618=ORIENTED_EDGE('',*,*,#4603,.F.);
#4619=EDGE_LOOP('',(#4612,#4616,#4617,#4618));
#4620=FACE_OUTER_BOUND('',#4619,.T.);
#4621=AXIS2_PLACEMENT_3D('',#4080,#2918,#1764);
#4622=PLANE('',#4621);
#4623=ADVANCED_FACE('',(#4620),#4622,.T.);
#4624=ORIENTED_EDGE('',*,*,#4290,.F.);
#4625=VECTOR('',#367,1.);
#4626=LINE('',#4076,#4625);
#4627=EDGE_CURVE('',#4077,#3618,#4626,.T.);
#4628=ORIENTED_EDGE('',*,*,#4627,.T.);
#4629=ORIENTED_EDGE('',*,*,#3803,.T.);
#4630=ORIENTED_EDGE('',*,*,#4615,.F.);
#4631=EDGE_LOOP('',(#4624,#4628,#4629,#4630));
#4632=FACE_OUTER_BOUND('',#4631,.T.);
#4633=AXIS2_PLACEMENT_3D('',#4078,#2904,#2905);
#4634=PLANE('',#4633);
#4635=ADVANCED_FACE('',(#4632),#4634,.T.);
#4636=ORIENTED_EDGE('',*,*,#4286,.F.);
#4637=VECTOR('',#367,1.);
#4638=LINE('',#4074,#4637);
#4639=EDGE_CURVE('',#4075,#3620,#4638,.T.);
#4640=ORIENTED_EDGE('',*,*,#4639,.T.);
#4641=ORIENTED_EDGE('',*,*,#3808,.T.);
#4642=ORIENTED_EDGE('',*,*,#4627,.F.);
#4643=EDGE_LOOP('',(#4636,#4640,#4641,#4642));
#4644=FACE_OUTER_BOUND('',#4643,.T.);
#4645=AXIS2_PLACEMENT_3D('',#4076,#2891,#1754);
#4646=PLANE('',#4645);
#4647=ADVANCED_FACE('',(#4644),#4646,.T.);
#4648=ORIENTED_EDGE('',*,*,#4282,.F.);
#4649=VECTOR('',#367,1.);
#4650=LINE('',#4072,#4649);
#4651=EDGE_CURVE('',#4073,#3622,#4650,.T.);
#4652=ORIENTED_EDGE('',*,*,#4651,.T.);
#4653=ORIENTED_EDGE('',*,*,#3813,.T.);
#4654=ORIENTED_EDGE('',*,*,#4639,.F.);
#4655=EDGE_LOOP('',(#4648,#4652,#4653,#4654));
#4656=FACE_OUTER_BOUND('',#4655,.T.);
#4657=AXIS2_PLACEMENT_3D('',#4074,#2877,#2878);
#4658=PLANE('',#4657);
#4659=ADVANCED_FACE('',(#4656),#4658,.T.);
#4660=ORIENTED_EDGE('',*,*,#4278,.F.);
#4661=VECTOR('',#367,1.);
#4662=LINE('',#4070,#4661);
#4663=EDGE_CURVE('',#4071,#3624,#4662,.T.);
#4664=ORIENTED_EDGE('',*,*,#4663,.T.);
#4665=ORIENTED_EDGE('',*,*,#3818,.T.);
#4666=ORIENTED_EDGE('',*,*,#4651,.F.);
#4667=EDGE_LOOP('',(#4660,#4664,#4665,#4666));
#4668=FACE_OUTER_BOUND('',#4667,.T.);
#4669=AXIS2_PLACEMENT_3D('',#4072,#2863,#2864);
#4670=PLANE('',#4669);
#4671=ADVANCED_FACE('',(#4668),#4670,.T.);
#4672=ORIENTED_EDGE('',*,*,#4274,.F.);
#4673=VECTOR('',#367,1.);
#4674=LINE('',#4068,#4673);
#4675=EDGE_CURVE('',#4069,#3626,#4674,.T.);
#4676=ORIENTED_EDGE('',*,*,#4675,.T.);
#4677=ORIENTED_EDGE('',*,*,#3823,.T.);
#4678=ORIENTED_EDGE('',*,*,#4663,.F.);
#4679=EDGE_LOOP('',(#4672,#4676,#4677,#4678));
#4680=FACE_OUTER_BOUND('',#4679,.T.);
#4681=AXIS2_PLACEMENT_3D('',#4070,#2849,#2850);
#4682=PLANE('',#4681);
#4683=ADVANCED_FACE('',(#4680),#4682,.T.);
#4684=ORIENTED_EDGE('',*,*,#4270,.F.);
#4685=VECTOR('',#367,1.);
#4686=LINE('',#4066,#4685);
#4687=EDGE_CURVE('',#4067,#3628,#4686,.T.);
#4688=ORIENTED_EDGE('',*,*,#4687,.T.);
#4689=ORIENTED_EDGE('',*,*,#3828,.T.);
#4690=ORIENTED_EDGE('',*,*,#4675,.F.);
#4691=EDGE_LOOP('',(#4684,#4688,#4689,#4690));
#4692=FACE_OUTER_BOUND('',#4691,.T.);
#4693=AXIS2_PLACEMENT_3D('',#4068,#2835,#2836);
#4694=PLANE('',#4693);
#4695=ADVANCED_FACE('',(#4692),#4694,.T.);
#4696=ORIENTED_EDGE('',*,*,#4266,.F.);
#4697=VECTOR('',#367,1.);
#4698=LINE('',#4064,#4697);
#4699=EDGE_CURVE('',#4065,#3630,#4698,.T.);
#4700=ORIENTED_EDGE('',*,*,#4699,.T.);
#4701=ORIENTED_EDGE('',*,*,#3833,.T.);
#4702=ORIENTED_EDGE('',*,*,#4687,.F.);
#4703=EDGE_LOOP('',(#4696,#4700,#4701,#4702));
#4704=FACE_OUTER_BOUND('',#4703,.T.);
#4705=AXIS2_PLACEMENT_3D('',#4066,#2822,#1729);
#4706=PLANE('',#4705);
#4707=ADVANCED_FACE('',(#4704),#4706,.T.);
#4708=ORIENTED_EDGE('',*,*,#4262,.F.);
#4709=VECTOR('',#367,1.);
#4710=LINE('',#4062,#4709);
#4711=EDGE_CURVE('',#4063,#3632,#4710,.T.);
#4712=ORIENTED_EDGE('',*,*,#4711,.T.);
#4713=ORIENTED_EDGE('',*,*,#3838,.T.);
#4714=ORIENTED_EDGE('',*,*,#4699,.F.);
#4715=EDGE_LOOP('',(#4708,#4712,#4713,#4714));
#4716=FACE_OUTER_BOUND('',#4715,.T.);
#4717=AXIS2_PLACEMENT_3D('',#4064,#2808,#2809);
#4718=PLANE('',#4717);
#4719=ADVANCED_FACE('',(#4716),#4718,.T.);
#4720=ORIENTED_EDGE('',*,*,#4258,.F.);
#4721=VECTOR('',#367,1.);
#4722=LINE('',#4060,#4721);
#4723=EDGE_CURVE('',#4061,#3634,#4722,.T.);
#4724=ORIENTED_EDGE('',*,*,#4723,.T.);
#4725=ORIENTED_EDGE('',*,*,#3842,.T.);
#4726=ORIENTED_EDGE('',*,*,#4711,.F.);
#4727=EDGE_LOOP('',(#4720,#4724,#4725,#4726));
#4728=FACE_OUTER_BOUND('',#4727,.T.);
#4729=AXIS2_PLACEMENT_3D('',#4062,#2795,#1719);
#4730=PLANE('',#4729);
#4731=ADVANCED_FACE('',(#4728),#4730,.T.);
#4732=ORIENTED_EDGE('',*,*,#4254,.F.);
#4733=VECTOR('',#367,1.);
#4734=LINE('',#4058,#4733);
#4735=EDGE_CURVE('',#4059,#3636,#4734,.T.);
#4736=ORIENTED_EDGE('',*,*,#4735,.T.);
#4737=ORIENTED_EDGE('',*,*,#3847,.T.);
#4738=ORIENTED_EDGE('',*,*,#4723,.F.);
#4739=EDGE_LOOP('',(#4732,#4736,#4737,#4738));
#4740=FACE_OUTER_BOUND('',#4739,.T.);
#4741=AXIS2_PLACEMENT_3D('',#4060,#2782,#1714);
#4742=PLANE('',#4741);
#4743=ADVANCED_FACE('',(#4740),#4742,.T.);
#4744=ORIENTED_EDGE('',*,*,#4250,.F.);
#4745=VECTOR('',#367,1.);
#4746=LINE('',#4056,#4745);
#4747=EDGE_CURVE('',#4057,#3638,#4746,.T.);
#4748=ORIENTED_EDGE('',*,*,#4747,.T.);
#4749=ORIENTED_EDGE('',*,*,#3852,.T.);
#4750=ORIENTED_EDGE('',*,*,#4735,.F.);
#4751=EDGE_LOOP('',(#4744,#4748,#4749,#4750));
#4752=FACE_OUTER_BOUND('',#4751,.T.);
#4753=AXIS2_PLACEMENT_3D('',#4058,#2769,#1709);
#4754=PLANE('',#4753);
#4755=ADVANCED_FACE('',(#4752),#4754,.T.);
#4756=ORIENTED_EDGE('',*,*,#4246,.F.);
#4757=VECTOR('',#367,1.);
#4758=LINE('',#4054,#4757);
#4759=EDGE_CURVE('',#4055,#3640,#4758,.T.);
#4760=ORIENTED_EDGE('',*,*,#4759,.T.);
#4761=ORIENTED_EDGE('',*,*,#3857,.T.);
#4762=ORIENTED_EDGE('',*,*,#4747,.F.);
#4763=EDGE_LOOP('',(#4756,#4760,#4761,#4762));
#4764=FACE_OUTER_BOUND('',#4763,.T.);
#4765=AXIS2_PLACEMENT_3D('',#4056,#3380,#2971);
#4766=PLANE('',#4765);
#4767=ADVANCED_FACE('',(#4764),#4766,.T.);
#4768=ORIENTED_EDGE('',*,*,#4242,.T.);
#4769=VECTOR('',#367,1.);
#4770=LINE('',#4052,#4769);
#4771=EDGE_CURVE('',#4053,#3642,#4770,.T.);
#4772=ORIENTED_EDGE('',*,*,#4771,.T.);
#4773=ORIENTED_EDGE('',*,*,#3861,.F.);
#4774=ORIENTED_EDGE('',*,*,#4759,.F.);
#4775=EDGE_LOOP('',(#4768,#4772,#4773,#4774));
#4776=FACE_OUTER_BOUND('',#4775,.T.);
#4777=AXIS2_PLACEMENT_3D('',#4054,#3367,#2957);
#4778=PLANE('',#4777);
#4779=ADVANCED_FACE('',(#4776),#4778,.T.);
#4780=ORIENTED_EDGE('',*,*,#4238,.T.);
#4781=VECTOR('',#367,1.);
#4782=LINE('',#4050,#4781);
#4783=EDGE_CURVE('',#4051,#3644,#4782,.T.);
#4784=ORIENTED_EDGE('',*,*,#4783,.T.);
#4785=ORIENTED_EDGE('',*,*,#3865,.F.);
#4786=ORIENTED_EDGE('',*,*,#4771,.F.);
#4787=EDGE_LOOP('',(#4780,#4784,#4785,#4786));
#4788=FACE_OUTER_BOUND('',#4787,.T.);
#4789=AXIS2_PLACEMENT_3D('',#4052,#3354,#2944);
#4790=PLANE('',#4789);
#4791=ADVANCED_FACE('',(#4788),#4790,.T.);
#4792=ORIENTED_EDGE('',*,*,#4234,.T.);
#4793=VECTOR('',#367,1.);
#4794=LINE('',#4048,#4793);
#4795=EDGE_CURVE('',#4049,#3646,#4794,.T.);
#4796=ORIENTED_EDGE('',*,*,#4795,.T.);
#4797=ORIENTED_EDGE('',*,*,#3869,.F.);
#4798=ORIENTED_EDGE('',*,*,#4783,.F.);
#4799=EDGE_LOOP('',(#4792,#4796,#4797,#4798));
#4800=FACE_OUTER_BOUND('',#4799,.T.);
#4801=AXIS2_PLACEMENT_3D('',#4050,#3341,#2931);
#4802=PLANE('',#4801);
#4803=ADVANCED_FACE('',(#4800),#4802,.T.);
#4804=ORIENTED_EDGE('',*,*,#4230,.T.);
#4805=VECTOR('',#367,1.);
#4806=LINE('',#4046,#4805);
#4807=EDGE_CURVE('',#4047,#3648,#4806,.T.);
#4808=ORIENTED_EDGE('',*,*,#4807,.T.);
#4809=ORIENTED_EDGE('',*,*,#3873,.F.);
#4810=ORIENTED_EDGE('',*,*,#4795,.F.);
#4811=EDGE_LOOP('',(#4804,#4808,#4809,#4810));
#4812=FACE_OUTER_BOUND('',#4811,.T.);
#4813=AXIS2_PLACEMENT_3D('',#4048,#3328,#2918);
#4814=PLANE('',#4813);
#4815=ADVANCED_FACE('',(#4812),#4814,.T.);
#4816=ORIENTED_EDGE('',*,*,#4226,.T.);
#4817=VECTOR('',#367,1.);
#4818=LINE('',#4044,#4817);
#4819=EDGE_CURVE('',#4045,#3650,#4818,.T.);
#4820=ORIENTED_EDGE('',*,*,#4819,.T.);
#4821=ORIENTED_EDGE('',*,*,#3877,.F.);
#4822=ORIENTED_EDGE('',*,*,#4807,.F.);
#4823=EDGE_LOOP('',(#4816,#4820,#4821,#4822));
#4824=FACE_OUTER_BOUND('',#4823,.T.);
#4825=AXIS2_PLACEMENT_3D('',#4046,#3315,#2904);
#4826=PLANE('',#4825);
#4827=ADVANCED_FACE('',(#4824),#4826,.T.);
#4828=ORIENTED_EDGE('',*,*,#4222,.T.);
#4829=VECTOR('',#367,1.);
#4830=LINE('',#4042,#4829);
#4831=EDGE_CURVE('',#4043,#3652,#4830,.T.);
#4832=ORIENTED_EDGE('',*,*,#4831,.T.);
#4833=ORIENTED_EDGE('',*,*,#3881,.F.);
#4834=ORIENTED_EDGE('',*,*,#4819,.F.);
#4835=EDGE_LOOP('',(#4828,#4832,#4833,#4834));
#4836=FACE_OUTER_BOUND('',#4835,.T.);
#4837=AXIS2_PLACEMENT_3D('',#4044,#3302,#2891);
#4838=PLANE('',#4837);
#4839=ADVANCED_FACE('',(#4836),#4838,.T.);
#4840=ORIENTED_EDGE('',*,*,#4218,.T.);
#4841=VECTOR('',#367,1.);
#4842=LINE('',#4040,#4841);
#4843=EDGE_CURVE('',#4041,#3654,#4842,.T.);
#4844=ORIENTED_EDGE('',*,*,#4843,.T.);
#4845=ORIENTED_EDGE('',*,*,#3885,.F.);
#4846=ORIENTED_EDGE('',*,*,#4831,.F.);
#4847=EDGE_LOOP('',(#4840,#4844,#4845,#4846));
#4848=FACE_OUTER_BOUND('',#4847,.T.);
#4849=AXIS2_PLACEMENT_3D('',#4042,#3289,#2877);
#4850=PLANE('',#4849);
#4851=ADVANCED_FACE('',(#4848),#4850,.T.);
#4852=ORIENTED_EDGE('',*,*,#4214,.T.);
#4853=VECTOR('',#367,1.);
#4854=LINE('',#4038,#4853);
#4855=EDGE_CURVE('',#4039,#3656,#4854,.T.);
#4856=ORIENTED_EDGE('',*,*,#4855,.T.);
#4857=ORIENTED_EDGE('',*,*,#3889,.F.);
#4858=ORIENTED_EDGE('',*,*,#4843,.F.);
#4859=EDGE_LOOP('',(#4852,#4856,#4857,#4858));
#4860=FACE_OUTER_BOUND('',#4859,.T.);
#4861=AXIS2_PLACEMENT_3D('',#4040,#3276,#2863);
#4862=PLANE('',#4861);
#4863=ADVANCED_FACE('',(#4860),#4862,.T.);
#4864=ORIENTED_EDGE('',*,*,#4210,.T.);
#4865=VECTOR('',#367,1.);
#4866=LINE('',#4036,#4865);
#4867=EDGE_CURVE('',#4037,#3658,#4866,.T.);
#4868=ORIENTED_EDGE('',*,*,#4867,.T.);
#4869=ORIENTED_EDGE('',*,*,#3893,.F.);
#4870=ORIENTED_EDGE('',*,*,#4855,.F.);
#4871=EDGE_LOOP('',(#4864,#4868,#4869,#4870));
#4872=FACE_OUTER_BOUND('',#4871,.T.);
#4873=AXIS2_PLACEMENT_3D('',#4038,#3263,#2849);
#4874=PLANE('',#4873);
#4875=ADVANCED_FACE('',(#4872),#4874,.T.);
#4876=ORIENTED_EDGE('',*,*,#4206,.T.);
#4877=VECTOR('',#367,1.);
#4878=LINE('',#4034,#4877);
#4879=EDGE_CURVE('',#4035,#3660,#4878,.T.);
#4880=ORIENTED_EDGE('',*,*,#4879,.T.);
#4881=ORIENTED_EDGE('',*,*,#3897,.F.);
#4882=ORIENTED_EDGE('',*,*,#4867,.F.);
#4883=EDGE_LOOP('',(#4876,#4880,#4881,#4882));
#4884=FACE_OUTER_BOUND('',#4883,.T.);
#4885=AXIS2_PLACEMENT_3D('',#4036,#3250,#2835);
#4886=PLANE('',#4885);
#4887=ADVANCED_FACE('',(#4884),#4886,.T.);
#4888=ORIENTED_EDGE('',*,*,#4202,.T.);
#4889=VECTOR('',#367,1.);
#4890=LINE('',#4032,#4889);
#4891=EDGE_CURVE('',#4033,#3662,#4890,.T.);
#4892=ORIENTED_EDGE('',*,*,#4891,.T.);
#4893=ORIENTED_EDGE('',*,*,#3901,.F.);
#4894=ORIENTED_EDGE('',*,*,#4879,.F.);
#4895=EDGE_LOOP('',(#4888,#4892,#4893,#4894));
#4896=FACE_OUTER_BOUND('',#4895,.T.);
#4897=AXIS2_PLACEMENT_3D('',#4034,#3237,#2822);
#4898=PLANE('',#4897);
#4899=ADVANCED_FACE('',(#4896),#4898,.T.);
#4900=ORIENTED_EDGE('',*,*,#4198,.T.);
#4901=VECTOR('',#367,1.);
#4902=LINE('',#4030,#4901);
#4903=EDGE_CURVE('',#4031,#3664,#4902,.T.);
#4904=ORIENTED_EDGE('',*,*,#4903,.T.);
#4905=ORIENTED_EDGE('',*,*,#3905,.F.);
#4906=ORIENTED_EDGE('',*,*,#4891,.F.);
#4907=EDGE_LOOP('',(#4900,#4904,#4905,#4906));
#4908=FACE_OUTER_BOUND('',#4907,.T.);
#4909=AXIS2_PLACEMENT_3D('',#4032,#3224,#2808);
#4910=PLANE('',#4909);
#4911=ADVANCED_FACE('',(#4908),#4910,.T.);
#4912=ORIENTED_EDGE('',*,*,#4194,.T.);
#4913=VECTOR('',#367,1.);
#4914=LINE('',#4028,#4913);
#4915=EDGE_CURVE('',#4029,#3666,#4914,.T.);
#4916=ORIENTED_EDGE('',*,*,#4915,.T.);
#4917=ORIENTED_EDGE('',*,*,#3909,.F.);
#4918=ORIENTED_EDGE('',*,*,#4903,.F.);
#4919=EDGE_LOOP('',(#4912,#4916,#4917,#4918));
#4920=FACE_OUTER_BOUND('',#4919,.T.);
#4921=AXIS2_PLACEMENT_3D('',#4030,#3211,#2795);
#4922=PLANE('',#4921);
#4923=ADVANCED_FACE('',(#4920),#4922,.T.);
#4924=ORIENTED_EDGE('',*,*,#4190,.T.);
#4925=VECTOR('',#367,1.);
#4926=LINE('',#4026,#4925);
#4927=EDGE_CURVE('',#4027,#3668,#4926,.T.);
#4928=ORIENTED_EDGE('',*,*,#4927,.T.);
#4929=ORIENTED_EDGE('',*,*,#3913,.F.);
#4930=ORIENTED_EDGE('',*,*,#4915,.F.);
#4931=EDGE_LOOP('',(#4924,#4928,#4929,#4930));
#4932=FACE_OUTER_BOUND('',#4931,.T.);
#4933=AXIS2_PLACEMENT_3D('',#4028,#3198,#2782);
#4934=PLANE('',#4933);
#4935=ADVANCED_FACE('',(#4932),#4934,.T.);
#4936=ORIENTED_EDGE('',*,*,#4186,.T.);
#4937=VECTOR('',#367,1.);
#4938=LINE('',#4024,#4937);
#4939=EDGE_CURVE('',#4025,#3670,#4938,.T.);
#4940=ORIENTED_EDGE('',*,*,#4939,.T.);
#4941=ORIENTED_EDGE('',*,*,#3917,.F.);
#4942=ORIENTED_EDGE('',*,*,#4927,.F.);
#4943=EDGE_LOOP('',(#4936,#4940,#4941,#4942));
#4944=FACE_OUTER_BOUND('',#4943,.T.);
#4945=AXIS2_PLACEMENT_3D('',#4026,#3185,#2769);
#4946=PLANE('',#4945);
#4947=ADVANCED_FACE('',(#4944),#4946,.T.);
#4948=ORIENTED_EDGE('',*,*,#4182,.T.);
#4949=VECTOR('',#367,1.);
#4950=LINE('',#4022,#4949);
#4951=EDGE_CURVE('',#4023,#3672,#4950,.T.);
#4952=ORIENTED_EDGE('',*,*,#4951,.T.);
#4953=ORIENTED_EDGE('',*,*,#3921,.F.);
#4954=ORIENTED_EDGE('',*,*,#4939,.F.);
#4955=EDGE_LOOP('',(#4948,#4952,#4953,#4954));
#4956=FACE_OUTER_BOUND('',#4955,.T.);
#4957=AXIS2_PLACEMENT_3D('',#4024,#3172,#3380);
#4958=PLANE('',#4957);
#4959=ADVANCED_FACE('',(#4956),#4958,.T.);
#4960=ORIENTED_EDGE('',*,*,#4178,.T.);
#4961=VECTOR('',#367,1.);
#4962=LINE('',#4020,#4961);
#4963=EDGE_CURVE('',#4021,#3674,#4962,.T.);
#4964=ORIENTED_EDGE('',*,*,#4963,.T.);
#4965=ORIENTED_EDGE('',*,*,#3925,.F.);
#4966=ORIENTED_EDGE('',*,*,#4951,.F.);
#4967=EDGE_LOOP('',(#4960,#4964,#4965,#4966));
#4968=FACE_OUTER_BOUND('',#4967,.T.);
#4969=AXIS2_PLACEMENT_3D('',#4022,#3159,#3367);
#4970=PLANE('',#4969);
#4971=ADVANCED_FACE('',(#4968),#4970,.T.);
#4972=ORIENTED_EDGE('',*,*,#4174,.T.);
#4973=VECTOR('',#367,1.);
#4974=LINE('',#4018,#4973);
#4975=EDGE_CURVE('',#4019,#3676,#4974,.T.);
#4976=ORIENTED_EDGE('',*,*,#4975,.T.);
#4977=ORIENTED_EDGE('',*,*,#3929,.F.);
#4978=ORIENTED_EDGE('',*,*,#4963,.F.);
#4979=EDGE_LOOP('',(#4972,#4976,#4977,#4978));
#4980=FACE_OUTER_BOUND('',#4979,.T.);
#4981=AXIS2_PLACEMENT_3D('',#4020,#1854,#3354);
#4982=PLANE('',#4981);
#4983=ADVANCED_FACE('',(#4980),#4982,.T.);
#4984=ORIENTED_EDGE('',*,*,#4170,.T.);
#4985=VECTOR('',#367,1.);
#4986=LINE('',#4016,#4985);
#4987=EDGE_CURVE('',#4017,#3678,#4986,.T.);
#4988=ORIENTED_EDGE('',*,*,#4987,.T.);
#4989=ORIENTED_EDGE('',*,*,#3933,.F.);
#4990=ORIENTED_EDGE('',*,*,#4975,.F.);
#4991=EDGE_LOOP('',(#4984,#4988,#4989,#4990));
#4992=FACE_OUTER_BOUND('',#4991,.T.);
#4993=AXIS2_PLACEMENT_3D('',#4018,#1849,#3341);
#4994=PLANE('',#4993);
#4995=ADVANCED_FACE('',(#4992),#4994,.T.);
#4996=ORIENTED_EDGE('',*,*,#4166,.T.);
#4997=VECTOR('',#367,1.);
#4998=LINE('',#4014,#4997);
#4999=EDGE_CURVE('',#4015,#3680,#4998,.T.);
#5000=ORIENTED_EDGE('',*,*,#4999,.T.);
#5001=ORIENTED_EDGE('',*,*,#3937,.F.);
#5002=ORIENTED_EDGE('',*,*,#4987,.F.);
#5003=EDGE_LOOP('',(#4996,#5000,#5001,#5002));
#5004=FACE_OUTER_BOUND('',#5003,.T.);
#5005=AXIS2_PLACEMENT_3D('',#4016,#1844,#3328);
#5006=PLANE('',#5005);
#5007=ADVANCED_FACE('',(#5004),#5006,.T.);
#5008=ORIENTED_EDGE('',*,*,#4162,.T.);
#5009=VECTOR('',#367,1.);
#5010=LINE('',#4012,#5009);
#5011=EDGE_CURVE('',#4013,#3682,#5010,.T.);
#5012=ORIENTED_EDGE('',*,*,#5011,.T.);
#5013=ORIENTED_EDGE('',*,*,#3941,.F.);
#5014=ORIENTED_EDGE('',*,*,#4999,.F.);
#5015=EDGE_LOOP('',(#5008,#5012,#5013,#5014));
#5016=FACE_OUTER_BOUND('',#5015,.T.);
#5017=AXIS2_PLACEMENT_3D('',#4014,#3110,#3315);
#5018=PLANE('',#5017);
#5019=ADVANCED_FACE('',(#5016),#5018,.T.);
#5020=ORIENTED_EDGE('',*,*,#4158,.T.);
#5021=VECTOR('',#367,1.);
#5022=LINE('',#4010,#5021);
#5023=EDGE_CURVE('',#4011,#3684,#5022,.T.);
#5024=ORIENTED_EDGE('',*,*,#5023,.T.);
#5025=ORIENTED_EDGE('',*,*,#3945,.F.);
#5026=ORIENTED_EDGE('',*,*,#5011,.F.);
#5027=EDGE_LOOP('',(#5020,#5024,#5025,#5026));
#5028=FACE_OUTER_BOUND('',#5027,.T.);
#5029=AXIS2_PLACEMENT_3D('',#4012,#1834,#3302);
#5030=PLANE('',#5029);
#5031=ADVANCED_FACE('',(#5028),#5030,.T.);
#5032=ORIENTED_EDGE('',*,*,#4154,.T.);
#5033=VECTOR('',#367,1.);
#5034=LINE('',#4008,#5033);
#5035=EDGE_CURVE('',#4009,#3686,#5034,.T.);
#5036=ORIENTED_EDGE('',*,*,#5035,.T.);
#5037=ORIENTED_EDGE('',*,*,#3949,.F.);
#5038=ORIENTED_EDGE('',*,*,#5023,.F.);
#5039=EDGE_LOOP('',(#5032,#5036,#5037,#5038));
#5040=FACE_OUTER_BOUND('',#5039,.T.);
#5041=AXIS2_PLACEMENT_3D('',#4010,#3085,#3289);
#5042=PLANE('',#5041);
#5043=ADVANCED_FACE('',(#5040),#5042,.T.);
#5044=ORIENTED_EDGE('',*,*,#4150,.T.);
#5045=VECTOR('',#367,1.);
#5046=LINE('',#4006,#5045);
#5047=EDGE_CURVE('',#4007,#3688,#5046,.T.);
#5048=ORIENTED_EDGE('',*,*,#5047,.T.);
#5049=ORIENTED_EDGE('',*,*,#3953,.F.);
#5050=ORIENTED_EDGE('',*,*,#5035,.F.);
#5051=EDGE_LOOP('',(#5044,#5048,#5049,#5050));
#5052=FACE_OUTER_BOUND('',#5051,.T.);
#5053=AXIS2_PLACEMENT_3D('',#4008,#3072,#3276);
#5054=PLANE('',#5053);
#5055=ADVANCED_FACE('',(#5052),#5054,.T.);
#5056=ORIENTED_EDGE('',*,*,#4146,.T.);
#5057=VECTOR('',#367,1.);
#5058=LINE('',#4004,#5057);
#5059=EDGE_CURVE('',#4005,#3690,#5058,.T.);
#5060=ORIENTED_EDGE('',*,*,#5059,.T.);
#5061=ORIENTED_EDGE('',*,*,#3957,.F.);
#5062=ORIENTED_EDGE('',*,*,#5047,.F.);
#5063=EDGE_LOOP('',(#5056,#5060,#5061,#5062));
#5064=FACE_OUTER_BOUND('',#5063,.T.);
#5065=AXIS2_PLACEMENT_3D('',#4006,#3059,#3263);
#5066=PLANE('',#5065);
#5067=ADVANCED_FACE('',(#5064),#5066,.T.);
#5068=ORIENTED_EDGE('',*,*,#4142,.T.);
#5069=VECTOR('',#367,1.);
#5070=LINE('',#4002,#5069);
#5071=EDGE_CURVE('',#4003,#3692,#5070,.T.);
#5072=ORIENTED_EDGE('',*,*,#5071,.T.);
#5073=ORIENTED_EDGE('',*,*,#3961,.F.);
#5074=ORIENTED_EDGE('',*,*,#5059,.F.);
#5075=EDGE_LOOP('',(#5068,#5072,#5073,#5074));
#5076=FACE_OUTER_BOUND('',#5075,.T.);
#5077=AXIS2_PLACEMENT_3D('',#4004,#3046,#3250);
#5078=PLANE('',#5077);
#5079=ADVANCED_FACE('',(#5076),#5078,.T.);
#5080=ORIENTED_EDGE('',*,*,#4138,.T.);
#5081=VECTOR('',#367,1.);
#5082=LINE('',#4000,#5081);
#5083=EDGE_CURVE('',#4001,#3694,#5082,.T.);
#5084=ORIENTED_EDGE('',*,*,#5083,.T.);
#5085=ORIENTED_EDGE('',*,*,#3965,.F.);
#5086=ORIENTED_EDGE('',*,*,#5071,.F.);
#5087=EDGE_LOOP('',(#5080,#5084,#5085,#5086));
#5088=FACE_OUTER_BOUND('',#5087,.T.);
#5089=AXIS2_PLACEMENT_3D('',#4002,#1809,#3237);
#5090=PLANE('',#5089);
#5091=ADVANCED_FACE('',(#5088),#5090,.T.);
#5092=ORIENTED_EDGE('',*,*,#4134,.T.);
#5093=VECTOR('',#367,1.);
#5094=LINE('',#3998,#5093);
#5095=EDGE_CURVE('',#3999,#3696,#5094,.T.);
#5096=ORIENTED_EDGE('',*,*,#5095,.T.);
#5097=ORIENTED_EDGE('',*,*,#3969,.F.);
#5098=ORIENTED_EDGE('',*,*,#5083,.F.);
#5099=EDGE_LOOP('',(#5092,#5096,#5097,#5098));
#5100=FACE_OUTER_BOUND('',#5099,.T.);
#5101=AXIS2_PLACEMENT_3D('',#4000,#3021,#3224);
#5102=PLANE('',#5101);
#5103=ADVANCED_FACE('',(#5100),#5102,.T.);
#5104=ORIENTED_EDGE('',*,*,#4130,.T.);
#5105=VECTOR('',#367,1.);
#5106=LINE('',#3996,#5105);
#5107=EDGE_CURVE('',#3997,#3698,#5106,.T.);
#5108=ORIENTED_EDGE('',*,*,#5107,.T.);
#5109=ORIENTED_EDGE('',*,*,#3973,.F.);
#5110=ORIENTED_EDGE('',*,*,#5095,.F.);
#5111=EDGE_LOOP('',(#5104,#5108,#5109,#5110));
#5112=FACE_OUTER_BOUND('',#5111,.T.);
#5113=AXIS2_PLACEMENT_3D('',#3998,#1799,#3211);
#5114=PLANE('',#5113);
#5115=ADVANCED_FACE('',(#5112),#5114,.T.);
#5116=ORIENTED_EDGE('',*,*,#4126,.T.);
#5117=VECTOR('',#367,1.);
#5118=LINE('',#3994,#5117);
#5119=EDGE_CURVE('',#3995,#3700,#5118,.T.);
#5120=ORIENTED_EDGE('',*,*,#5119,.T.);
#5121=ORIENTED_EDGE('',*,*,#3977,.F.);
#5122=ORIENTED_EDGE('',*,*,#5107,.F.);
#5123=EDGE_LOOP('',(#5116,#5120,#5121,#5122));
#5124=FACE_OUTER_BOUND('',#5123,.T.);
#5125=AXIS2_PLACEMENT_3D('',#3996,#1794,#3198);
#5126=PLANE('',#5125);
#5127=ADVANCED_FACE('',(#5124),#5126,.T.);
#5128=ORIENTED_EDGE('',*,*,#4122,.T.);
#5129=VECTOR('',#367,1.);
#5130=LINE('',#3992,#5129);
#5131=EDGE_CURVE('',#3993,#3702,#5130,.T.);
#5132=ORIENTED_EDGE('',*,*,#5131,.T.);
#5133=ORIENTED_EDGE('',*,*,#3981,.F.);
#5134=ORIENTED_EDGE('',*,*,#5119,.F.);
#5135=EDGE_LOOP('',(#5128,#5132,#5133,#5134));
#5136=FACE_OUTER_BOUND('',#5135,.T.);
#5137=AXIS2_PLACEMENT_3D('',#3994,#1789,#3185);
#5138=PLANE('',#5137);
#5139=ADVANCED_FACE('',(#5136),#5138,.T.);
#5140=ORIENTED_EDGE('',*,*,#4374,.T.);
#5141=ORIENTED_EDGE('',*,*,#4389,.T.);
#5142=ORIENTED_EDGE('',*,*,#3985,.F.);
#5143=ORIENTED_EDGE('',*,*,#5131,.F.);
#5144=EDGE_LOOP('',(#5140,#5141,#5142,#5143));
#5145=FACE_OUTER_BOUND('',#5144,.T.);
#5146=AXIS2_PLACEMENT_3D('',#3992,#2972,#3172);
#5147=PLANE('',#5146);
#5148=ADVANCED_FACE('',(#5145),#5147,.T.);
#5149=CLOSED_SHELL('',(#3991,#4380,#4395,#4407,#4419,#4431,#4443,#4455,#4467,#4479,#4491,#4503,#4515,#4527,#4539,#4551,#4563,#4575,#4587,#4599,#4611,#4623,#4635,#4647,#4659,#4671,#4683,#4695,#4707,#4719,#4731,#4743,#4755,#4767,#4779,#4791,#4803,#4815,#4827,#4839,#4851,#4863,#4875,#4887,#4899,#4911,#4923,#4935,#4947,#4959,#4971,#4983,#4995,#5007,#5019,#5031,#5043,#5055,#5067,#5079,#5091,#5103,#5115,#5127,#5139,#5148));
#5150=MANIFOLD_SOLID_BREP('boss1',#5149);
#5151=CARTESIAN_POINT('',(-32.5,19.5,0.));
#5152=VERTEX_POINT('',#5151);
#5153=CARTESIAN_POINT('',(-32.5048153,19.5980171,0.));
#5154=VERTEX_POINT('',#5153);
#5155=CARTESIAN_POINT('',(-32.5192147,19.6950903,0.));
#5156=VERTEX_POINT('',#5155);
#5157=CARTESIAN_POINT('',(-32.5430597,19.7902847,0.));
#5158=VERTEX_POINT('',#5157);
#5159=CARTESIAN_POINT('',(-32.5761205,19.8826834,0.));
#5160=VERTEX_POINT('',#5159);
#5161=CARTESIAN_POINT('',(-32.6180787,19.9713967,0.));
#5162=VERTEX_POINT('',#5161);
#5163=CARTESIAN_POINT('',(-32.6685304,20.0555702,0.));
#5164=VERTEX_POINT('',#5163);
#5165=CARTESIAN_POINT('',(-32.7269895,20.1343933,0.));
#5166=VERTEX_POINT('',#5165);
#5167=CARTESIAN_POINT('',(-32.7928932,20.2071068,0.));
#5168=VERTEX_POINT('',#5167);
#5169=CARTESIAN_POINT('',(-32.8656067,20.2730105,0.));
#5170=VERTEX_POINT('',#5169);
#5171=CARTESIAN_POINT('',(-32.9444298,20.3314696,0.));
#5172=VERTEX_POINT('',#5171);
#5173=CARTESIAN_POINT('',(-33.0286033,20.3819213,0.));
#5174=VERTEX_POINT('',#5173);
#5175=CARTESIAN_POINT('',(-33.1173166,20.4238795,0.));
#5176=VERTEX_POINT('',#5175);
#5177=CARTESIAN_POINT('',(-33.2097153,20.4569403,0.));
#5178=VERTEX_POINT('',#5177);
#5179=CARTESIAN_POINT('',(-33.3049097,20.4807853,0.));
#5180=VERTEX_POINT('',#5179);
#5181=CARTESIAN_POINT('',(-33.4019829,20.4951847,0.));
#5182=VERTEX_POINT('',#5181);
#5183=CARTESIAN_POINT('',(-33.5,20.5,0.));
#5184=VERTEX_POINT('',#5183);
#5185=CARTESIAN_POINT('',(-33.5980171,20.4951847,0.));
#5186=VERTEX_POINT('',#5185);
#5187=CARTESIAN_POINT('',(-33.6950903,20.4807853,0.));
#5188=VERTEX_POINT('',#5187);
#5189=CARTESIAN_POINT('',(-33.7902847,20.4569403,0.));
#5190=VERTEX_POINT('',#5189);
#5191=CARTESIAN_POINT('',(-33.8826834,20.4238795,0.));
#5192=VERTEX_POINT('',#5191);
#5193=CARTESIAN_POINT('',(-33.9713967,20.3819213,0.));
#5194=VERTEX_POINT('',#5193);
#5195=CARTESIAN_POINT('',(-34.0555702,20.3314696,0.));
#5196=VERTEX_POINT('',#5195);
#5197=CARTESIAN_POINT('',(-34.1343933,20.2730105,0.));
#5198=VERTEX_POINT('',#5197);
#5199=CARTESIAN_POINT('',(-34.2071068,20.2071068,0.));
#5200=VERTEX_POINT('',#5199);
#5201=CARTESIAN_POINT('',(-34.2730105,20.1343933,0.));
#5202=VERTEX_POINT('',#5201);
#5203=CARTESIAN_POINT('',(-34.3314696,20.0555702,0.));
#5204=VERTEX_POINT('',#5203);
#5205=CARTESIAN_POINT('',(-34.3819213,19.9713967,0.));
#5206=VERTEX_POINT('',#5205);
#5207=CARTESIAN_POINT('',(-34.4238795,19.8826834,0.));
#5208=VERTEX_POINT('',#5207);
#5209=CARTESIAN_POINT('',(-34.4569403,19.7902847,0.));
#5210=VERTEX_POINT('',#5209);
#5211=CARTESIAN_POINT('',(-34.4807853,19.6950903,0.));
#5212=VERTEX_POINT('',#5211);
#5213=CARTESIAN_POINT('',(-34.4951847,19.5980171,0.));
#5214=VERTEX_POINT('',#5213);
#5215=CARTESIAN_POINT('',(-34.5,19.5,0.));
#5216=VERTEX_POINT('',#5215);
#5217=CARTESIAN_POINT('',(-34.4951847,19.4019829,0.));
#5218=VERTEX_POINT('',#5217);
#5219=CARTESIAN_POINT('',(-34.4807853,19.3049097,0.));
#5220=VERTEX_POINT('',#5219);
#5221=CARTESIAN_POINT('',(-34.4569403,19.2097153,0.));
#5222=VERTEX_POINT('',#5221);
#5223=CARTESIAN_POINT('',(-34.4238795,19.1173166,0.));
#5224=VERTEX_POINT('',#5223);
#5225=CARTESIAN_POINT('',(-34.3819213,19.0286033,0.));
#5226=VERTEX_POINT('',#5225);
#5227=CARTESIAN_POINT('',(-34.3314696,18.9444298,0.));
#5228=VERTEX_POINT('',#5227);
#5229=CARTESIAN_POINT('',(-34.2730105,18.8656067,0.));
#5230=VERTEX_POINT('',#5229);
#5231=CARTESIAN_POINT('',(-34.2071068,18.7928932,0.));
#5232=VERTEX_POINT('',#5231);
#5233=CARTESIAN_POINT('',(-34.1343933,18.7269895,0.));
#5234=VERTEX_POINT('',#5233);
#5235=CARTESIAN_POINT('',(-34.0555702,18.6685304,0.));
#5236=VERTEX_POINT('',#5235);
#5237=CARTESIAN_POINT('',(-33.9713967,18.6180787,0.));
#5238=VERTEX_POINT('',#5237);
#5239=CARTESIAN_POINT('',(-33.8826834,18.5761205,0.));
#5240=VERTEX_POINT('',#5239);
#5241=CARTESIAN_POINT('',(-33.7902847,18.5430597,0.));
#5242=VERTEX_POINT('',#5241);
#5243=CARTESIAN_POINT('',(-33.6950903,18.5192147,0.));
#5244=VERTEX_POINT('',#5243);
#5245=CARTESIAN_POINT('',(-33.5980171,18.5048153,0.));
#5246=VERTEX_POINT('',#5245);
#5247=CARTESIAN_POINT('',(-33.5,18.5,0.));
#5248=VERTEX_POINT('',#5247);
#5249=CARTESIAN_POINT('',(-33.4019829,18.5048153,0.));
#5250=VERTEX_POINT('',#5249);
#5251=CARTESIAN_POINT('',(-33.3049097,18.5192147,0.));
#5252=VERTEX_POINT('',#5251);
#5253=CARTESIAN_POINT('',(-33.2097153,18.5430597,0.));
#5254=VERTEX_POINT('',#5253);
#5255=CARTESIAN_POINT('',(-33.1173166,18.5761205,0.));
#5256=VERTEX_POINT('',#5255);
#5257=CARTESIAN_POINT('',(-33.0286033,18.6180787,0.));
#5258=VERTEX_POINT('',#5257);
#5259=CARTESIAN_POINT('',(-32.9444298,18.6685304,0.));
#5260=VERTEX_POINT('',#5259);
#5261=CARTESIAN_POINT('',(-32.8656067,18.7269895,0.));
#5262=VERTEX_POINT('',#5261);
#5263=CARTESIAN_POINT('',(-32.7928932,18.7928932,0.));
#5264=VERTEX_POINT('',#5263);
#5265=CARTESIAN_POINT('',(-32.7269895,18.8656067,0.));
#5266=VERTEX_POINT('',#5265);
#5267=CARTESIAN_POINT('',(-32.6685304,18.9444298,0.));
#5268=VERTEX_POINT('',#5267);
#5269=CARTESIAN_POINT('',(-32.6180787,19.0286033,0.));
#5270=VERTEX_POINT('',#5269);
#5271=CARTESIAN_POINT('',(-32.5761205,19.1173166,0.));
#5272=VERTEX_POINT('',#5271);
#5273=CARTESIAN_POINT('',(-32.5430597,19.2097153,0.));
#5274=VERTEX_POINT('',#5273);
#5275=CARTESIAN_POINT('',(-32.5192147,19.3049097,0.));
#5276=VERTEX_POINT('',#5275);
#5277=CARTESIAN_POINT('',(-32.5048153,19.4019829,0.));
#5278=VERTEX_POINT('',#5277);
#5279=DIRECTION('',(0.0490676712,-0.998795456,0.));
#5280=VECTOR('',#5279,1.);
#5281=LINE('',#5153,#5280);
#5282=EDGE_CURVE('',#5154,#5152,#5281,.T.);
#5283=ORIENTED_EDGE('',*,*,#5282,.F.);
#5284=DIRECTION('',(0.146730481,-0.989176509,0.));
#5285=VECTOR('',#5284,1.);
#5286=LINE('',#5155,#5285);
#5287=EDGE_CURVE('',#5156,#5154,#5286,.T.);
#5288=ORIENTED_EDGE('',*,*,#5287,.F.);
#5289=DIRECTION('',(0.242980174,-0.970031255,0.));
#5290=VECTOR('',#5289,1.);
#5291=LINE('',#5157,#5290);
#5292=EDGE_CURVE('',#5158,#5156,#5291,.T.);
#5293=ORIENTED_EDGE('',*,*,#5292,.F.);
#5294=DIRECTION('',(0.336889852,-0.941544066,0.));
#5295=VECTOR('',#5294,1.);
#5296=LINE('',#5159,#5295);
#5297=EDGE_CURVE('',#5160,#5158,#5296,.T.);
#5298=ORIENTED_EDGE('',*,*,#5297,.F.);
#5299=DIRECTION('',(0.427555098,-0.903989291,0.));
#5300=VECTOR('',#5299,1.);
#5301=LINE('',#5161,#5300);
#5302=EDGE_CURVE('',#5162,#5160,#5301,.T.);
#5303=ORIENTED_EDGE('',*,*,#5302,.F.);
#5304=DIRECTION('',(0.514102745,-0.85772861,0.));
#5305=VECTOR('',#5304,1.);
#5306=LINE('',#5163,#5305);
#5307=EDGE_CURVE('',#5164,#5162,#5306,.T.);
#5308=ORIENTED_EDGE('',*,*,#5307,.F.);
#5309=DIRECTION('',(0.595699306,-0.803207531,0.));
#5310=VECTOR('',#5309,1.);
#5311=LINE('',#5165,#5310);
#5312=EDGE_CURVE('',#5166,#5164,#5311,.T.);
#5313=ORIENTED_EDGE('',*,*,#5312,.F.);
#5314=DIRECTION('',(0.671558954,-0.740951126,0.));
#5315=VECTOR('',#5314,1.);
#5316=LINE('',#5167,#5315);
#5317=EDGE_CURVE('',#5168,#5166,#5316,.T.);
#5318=ORIENTED_EDGE('',*,*,#5317,.F.);
#5319=DIRECTION('',(0.740951126,-0.671558954,0.));
#5320=VECTOR('',#5319,1.);
#5321=LINE('',#5169,#5320);
#5322=EDGE_CURVE('',#5170,#5168,#5321,.T.);
#5323=ORIENTED_EDGE('',*,*,#5322,.F.);
#5324=DIRECTION('',(0.803207531,-0.595699306,0.));
#5325=VECTOR('',#5324,1.);
#5326=LINE('',#5171,#5325);
#5327=EDGE_CURVE('',#5172,#5170,#5326,.T.);
#5328=ORIENTED_EDGE('',*,*,#5327,.F.);
#5329=DIRECTION('',(0.85772861,-0.514102745,0.));
#5330=VECTOR('',#5329,1.);
#5331=LINE('',#5173,#5330);
#5332=EDGE_CURVE('',#5174,#5172,#5331,.T.);
#5333=ORIENTED_EDGE('',*,*,#5332,.F.);
#5334=DIRECTION('',(0.903989291,-0.427555098,0.));
#5335=VECTOR('',#5334,1.);
#5336=LINE('',#5175,#5335);
#5337=EDGE_CURVE('',#5176,#5174,#5336,.T.);
#5338=ORIENTED_EDGE('',*,*,#5337,.F.);
#5339=DIRECTION('',(0.941544066,-0.336889852,0.));
#5340=VECTOR('',#5339,1.);
#5341=LINE('',#5177,#5340);
#5342=EDGE_CURVE('',#5178,#5176,#5341,.T.);
#5343=ORIENTED_EDGE('',*,*,#5342,.F.);
#5344=DIRECTION('',(0.970031255,-0.242980174,0.));
#5345=VECTOR('',#5344,1.);
#5346=LINE('',#5179,#5345);
#5347=EDGE_CURVE('',#5180,#5178,#5346,.T.);
#5348=ORIENTED_EDGE('',*,*,#5347,.F.);
#5349=DIRECTION('',(0.989176509,-0.146730481,0.));
#5350=VECTOR('',#5349,1.);
#5351=LINE('',#5181,#5350);
#5352=EDGE_CURVE('',#5182,#5180,#5351,.T.);
#5353=ORIENTED_EDGE('',*,*,#5352,.F.);
#5354=DIRECTION('',(0.998795456,-0.0490676712,0.));
#5355=VECTOR('',#5354,1.);
#5356=LINE('',#5183,#5355);
#5357=EDGE_CURVE('',#5184,#5182,#5356,.T.);
#5358=ORIENTED_EDGE('',*,*,#5357,.F.);
#5359=DIRECTION('',(0.998795456,0.0490676712,0.));
#5360=VECTOR('',#5359,1.);
#5361=LINE('',#5185,#5360);
#5362=EDGE_CURVE('',#5186,#5184,#5361,.T.);
#5363=ORIENTED_EDGE('',*,*,#5362,.F.);
#5364=DIRECTION('',(0.989176509,0.146730481,0.));
#5365=VECTOR('',#5364,1.);
#5366=LINE('',#5187,#5365);
#5367=EDGE_CURVE('',#5188,#5186,#5366,.T.);
#5368=ORIENTED_EDGE('',*,*,#5367,.F.);
#5369=DIRECTION('',(0.970031255,0.242980174,0.));
#5370=VECTOR('',#5369,1.);
#5371=LINE('',#5189,#5370);
#5372=EDGE_CURVE('',#5190,#5188,#5371,.T.);
#5373=ORIENTED_EDGE('',*,*,#5372,.F.);
#5374=DIRECTION('',(0.941544066,0.336889852,0.));
#5375=VECTOR('',#5374,1.);
#5376=LINE('',#5191,#5375);
#5377=EDGE_CURVE('',#5192,#5190,#5376,.T.);
#5378=ORIENTED_EDGE('',*,*,#5377,.F.);
#5379=DIRECTION('',(0.903989291,0.427555098,0.));
#5380=VECTOR('',#5379,1.);
#5381=LINE('',#5193,#5380);
#5382=EDGE_CURVE('',#5194,#5192,#5381,.T.);
#5383=ORIENTED_EDGE('',*,*,#5382,.F.);
#5384=DIRECTION('',(0.85772861,0.514102745,0.));
#5385=VECTOR('',#5384,1.);
#5386=LINE('',#5195,#5385);
#5387=EDGE_CURVE('',#5196,#5194,#5386,.T.);
#5388=ORIENTED_EDGE('',*,*,#5387,.F.);
#5389=DIRECTION('',(0.803207531,0.595699306,0.));
#5390=VECTOR('',#5389,1.);
#5391=LINE('',#5197,#5390);
#5392=EDGE_CURVE('',#5198,#5196,#5391,.T.);
#5393=ORIENTED_EDGE('',*,*,#5392,.F.);
#5394=DIRECTION('',(0.740951126,0.671558954,0.));
#5395=VECTOR('',#5394,1.);
#5396=LINE('',#5199,#5395);
#5397=EDGE_CURVE('',#5200,#5198,#5396,.T.);
#5398=ORIENTED_EDGE('',*,*,#5397,.F.);
#5399=DIRECTION('',(0.671558954,0.740951126,0.));
#5400=VECTOR('',#5399,1.);
#5401=LINE('',#5201,#5400);
#5402=EDGE_CURVE('',#5202,#5200,#5401,.T.);
#5403=ORIENTED_EDGE('',*,*,#5402,.F.);
#5404=DIRECTION('',(0.595699306,0.803207531,0.));
#5405=VECTOR('',#5404,1.);
#5406=LINE('',#5203,#5405);
#5407=EDGE_CURVE('',#5204,#5202,#5406,.T.);
#5408=ORIENTED_EDGE('',*,*,#5407,.F.);
#5409=DIRECTION('',(0.514102745,0.85772861,0.));
#5410=VECTOR('',#5409,1.);
#5411=LINE('',#5205,#5410);
#5412=EDGE_CURVE('',#5206,#5204,#5411,.T.);
#5413=ORIENTED_EDGE('',*,*,#5412,.F.);
#5414=DIRECTION('',(0.427555098,0.903989291,0.));
#5415=VECTOR('',#5414,1.);
#5416=LINE('',#5207,#5415);
#5417=EDGE_CURVE('',#5208,#5206,#5416,.T.);
#5418=ORIENTED_EDGE('',*,*,#5417,.F.);
#5419=DIRECTION('',(0.336889852,0.941544066,0.));
#5420=VECTOR('',#5419,1.);
#5421=LINE('',#5209,#5420);
#5422=EDGE_CURVE('',#5210,#5208,#5421,.T.);
#5423=ORIENTED_EDGE('',*,*,#5422,.F.);
#5424=DIRECTION('',(0.242980174,0.970031255,0.));
#5425=VECTOR('',#5424,1.);
#5426=LINE('',#5211,#5425);
#5427=EDGE_CURVE('',#5212,#5210,#5426,.T.);
#5428=ORIENTED_EDGE('',*,*,#5427,.F.);
#5429=DIRECTION('',(0.146730481,0.989176509,0.));
#5430=VECTOR('',#5429,1.);
#5431=LINE('',#5213,#5430);
#5432=EDGE_CURVE('',#5214,#5212,#5431,.T.);
#5433=ORIENTED_EDGE('',*,*,#5432,.F.);
#5434=DIRECTION('',(0.0490676712,0.998795456,0.));
#5435=VECTOR('',#5434,1.);
#5436=LINE('',#5215,#5435);
#5437=EDGE_CURVE('',#5216,#5214,#5436,.T.);
#5438=ORIENTED_EDGE('',*,*,#5437,.F.);
#5439=VECTOR('',#5279,1.);
#5440=LINE('',#5215,#5439);
#5441=EDGE_CURVE('',#5216,#5218,#5440,.T.);
#5442=ORIENTED_EDGE('',*,*,#5441,.T.);
#5443=VECTOR('',#5284,1.);
#5444=LINE('',#5217,#5443);
#5445=EDGE_CURVE('',#5218,#5220,#5444,.T.);
#5446=ORIENTED_EDGE('',*,*,#5445,.T.);
#5447=VECTOR('',#5289,1.);
#5448=LINE('',#5219,#5447);
#5449=EDGE_CURVE('',#5220,#5222,#5448,.T.);
#5450=ORIENTED_EDGE('',*,*,#5449,.T.);
#5451=VECTOR('',#5294,1.);
#5452=LINE('',#5221,#5451);
#5453=EDGE_CURVE('',#5222,#5224,#5452,.T.);
#5454=ORIENTED_EDGE('',*,*,#5453,.T.);
#5455=VECTOR('',#5299,1.);
#5456=LINE('',#5223,#5455);
#5457=EDGE_CURVE('',#5224,#5226,#5456,.T.);
#5458=ORIENTED_EDGE('',*,*,#5457,.T.);
#5459=VECTOR('',#5304,1.);
#5460=LINE('',#5225,#5459);
#5461=EDGE_CURVE('',#5226,#5228,#5460,.T.);
#5462=ORIENTED_EDGE('',*,*,#5461,.T.);
#5463=VECTOR('',#5309,1.);
#5464=LINE('',#5227,#5463);
#5465=EDGE_CURVE('',#5228,#5230,#5464,.T.);
#5466=ORIENTED_EDGE('',*,*,#5465,.T.);
#5467=VECTOR('',#5314,1.);
#5468=LINE('',#5229,#5467);
#5469=EDGE_CURVE('',#5230,#5232,#5468,.T.);
#5470=ORIENTED_EDGE('',*,*,#5469,.T.);
#5471=VECTOR('',#5319,1.);
#5472=LINE('',#5231,#5471);
#5473=EDGE_CURVE('',#5232,#5234,#5472,.T.);
#5474=ORIENTED_EDGE('',*,*,#5473,.T.);
#5475=VECTOR('',#5324,1.);
#5476=LINE('',#5233,#5475);
#5477=EDGE_CURVE('',#5234,#5236,#5476,.T.);
#5478=ORIENTED_EDGE('',*,*,#5477,.T.);
#5479=VECTOR('',#5329,1.);
#5480=LINE('',#5235,#5479);
#5481=EDGE_CURVE('',#5236,#5238,#5480,.T.);
#5482=ORIENTED_EDGE('',*,*,#5481,.T.);
#5483=VECTOR('',#5334,1.);
#5484=LINE('',#5237,#5483);
#5485=EDGE_CURVE('',#5238,#5240,#5484,.T.);
#5486=ORIENTED_EDGE('',*,*,#5485,.T.);
#5487=VECTOR('',#5339,1.);
#5488=LINE('',#5239,#5487);
#5489=EDGE_CURVE('',#5240,#5242,#5488,.T.);
#5490=ORIENTED_EDGE('',*,*,#5489,.T.);
#5491=VECTOR('',#5344,1.);
#5492=LINE('',#5241,#5491);
#5493=EDGE_CURVE('',#5242,#5244,#5492,.T.);
#5494=ORIENTED_EDGE('',*,*,#5493,.T.);
#5495=VECTOR('',#5349,1.);
#5496=LINE('',#5243,#5495);
#5497=EDGE_CURVE('',#5244,#5246,#5496,.T.);
#5498=ORIENTED_EDGE('',*,*,#5497,.T.);
#5499=VECTOR('',#5354,1.);
#5500=LINE('',#5245,#5499);
#5501=EDGE_CURVE('',#5246,#5248,#5500,.T.);
#5502=ORIENTED_EDGE('',*,*,#5501,.T.);
#5503=VECTOR('',#5359,1.);
#5504=LINE('',#5247,#5503);
#5505=EDGE_CURVE('',#5248,#5250,#5504,.T.);
#5506=ORIENTED_EDGE('',*,*,#5505,.T.);
#5507=VECTOR('',#5364,1.);
#5508=LINE('',#5249,#5507);
#5509=EDGE_CURVE('',#5250,#5252,#5508,.T.);
#5510=ORIENTED_EDGE('',*,*,#5509,.T.);
#5511=VECTOR('',#5369,1.);
#5512=LINE('',#5251,#5511);
#5513=EDGE_CURVE('',#5252,#5254,#5512,.T.);
#5514=ORIENTED_EDGE('',*,*,#5513,.T.);
#5515=VECTOR('',#5374,1.);
#5516=LINE('',#5253,#5515);
#5517=EDGE_CURVE('',#5254,#5256,#5516,.T.);
#5518=ORIENTED_EDGE('',*,*,#5517,.T.);
#5519=VECTOR('',#5379,1.);
#5520=LINE('',#5255,#5519);
#5521=EDGE_CURVE('',#5256,#5258,#5520,.T.);
#5522=ORIENTED_EDGE('',*,*,#5521,.T.);
#5523=VECTOR('',#5384,1.);
#5524=LINE('',#5257,#5523);
#5525=EDGE_CURVE('',#5258,#5260,#5524,.T.);
#5526=ORIENTED_EDGE('',*,*,#5525,.T.);
#5527=VECTOR('',#5389,1.);
#5528=LINE('',#5259,#5527);
#5529=EDGE_CURVE('',#5260,#5262,#5528,.T.);
#5530=ORIENTED_EDGE('',*,*,#5529,.T.);
#5531=VECTOR('',#5394,1.);
#5532=LINE('',#5261,#5531);
#5533=EDGE_CURVE('',#5262,#5264,#5532,.T.);
#5534=ORIENTED_EDGE('',*,*,#5533,.T.);
#5535=VECTOR('',#5399,1.);
#5536=LINE('',#5263,#5535);
#5537=EDGE_CURVE('',#5264,#5266,#5536,.T.);
#5538=ORIENTED_EDGE('',*,*,#5537,.T.);
#5539=VECTOR('',#5404,1.);
#5540=LINE('',#5265,#5539);
#5541=EDGE_CURVE('',#5266,#5268,#5540,.T.);
#5542=ORIENTED_EDGE('',*,*,#5541,.T.);
#5543=VECTOR('',#5409,1.);
#5544=LINE('',#5267,#5543);
#5545=EDGE_CURVE('',#5268,#5270,#5544,.T.);
#5546=ORIENTED_EDGE('',*,*,#5545,.T.);
#5547=VECTOR('',#5414,1.);
#5548=LINE('',#5269,#5547);
#5549=EDGE_CURVE('',#5270,#5272,#5548,.T.);
#5550=ORIENTED_EDGE('',*,*,#5549,.T.);
#5551=VECTOR('',#5419,1.);
#5552=LINE('',#5271,#5551);
#5553=EDGE_CURVE('',#5272,#5274,#5552,.T.);
#5554=ORIENTED_EDGE('',*,*,#5553,.T.);
#5555=VECTOR('',#5424,1.);
#5556=LINE('',#5273,#5555);
#5557=EDGE_CURVE('',#5274,#5276,#5556,.T.);
#5558=ORIENTED_EDGE('',*,*,#5557,.T.);
#5559=VECTOR('',#5429,1.);
#5560=LINE('',#5275,#5559);
#5561=EDGE_CURVE('',#5276,#5278,#5560,.T.);
#5562=ORIENTED_EDGE('',*,*,#5561,.T.);
#5563=VECTOR('',#5434,1.);
#5564=LINE('',#5277,#5563);
#5565=EDGE_CURVE('',#5278,#5152,#5564,.T.);
#5566=ORIENTED_EDGE('',*,*,#5565,.T.);
#5567=EDGE_LOOP('',(#5283,#5288,#5293,#5298,#5303,#5308,#5313,#5318,#5323,#5328,#5333,#5338,#5343,#5348,#5353,#5358,#5363,#5368,#5373,#5378,#5383,#5388,#5393,#5398,#5403,#5408,#5413,#5418,#5423,#5428,#5433,#5438,#5442,#5446,#5450,#5454,#5458,#5462,#5466,#5470,#5474,#5478,#5482,#5486,#5490,#5494,#5498,#5502,#5506,#5510,#5514,#5518,#5522,#5526,#5530,#5534,#5538,#5542,#5546,#5550,#5554,#5558,#5562,#5566));
#5568=FACE_OUTER_BOUND('',#5567,.T.);
#5569=AXIS2_PLACEMENT_3D('',#5151,#367,#87);
#5570=PLANE('',#5569);
#5571=ADVANCED_FACE('',(#5568),#5570,.T.);
#5572=CARTESIAN_POINT('',(-32.5048153,19.4019829,-1.));
#5573=VERTEX_POINT('',#5572);
#5574=CARTESIAN_POINT('',(-32.5192147,19.3049097,-1.));
#5575=VERTEX_POINT('',#5574);
#5576=CARTESIAN_POINT('',(-32.5430597,19.2097153,-1.));
#5577=VERTEX_POINT('',#5576);
#5578=CARTESIAN_POINT('',(-32.5761205,19.1173166,-1.));
#5579=VERTEX_POINT('',#5578);
#5580=CARTESIAN_POINT('',(-32.6180787,19.0286033,-1.));
#5581=VERTEX_POINT('',#5580);
#5582=CARTESIAN_POINT('',(-32.6685304,18.9444298,-1.));
#5583=VERTEX_POINT('',#5582);
#5584=CARTESIAN_POINT('',(-32.7269895,18.8656067,-1.));
#5585=VERTEX_POINT('',#5584);
#5586=CARTESIAN_POINT('',(-32.7928932,18.7928932,-1.));
#5587=VERTEX_POINT('',#5586);
#5588=CARTESIAN_POINT('',(-32.8656067,18.7269895,-1.));
#5589=VERTEX_POINT('',#5588);
#5590=CARTESIAN_POINT('',(-32.9444298,18.6685304,-1.));
#5591=VERTEX_POINT('',#5590);
#5592=CARTESIAN_POINT('',(-33.0286033,18.6180787,-1.));
#5593=VERTEX_POINT('',#5592);
#5594=CARTESIAN_POINT('',(-33.1173166,18.5761205,-1.));
#5595=VERTEX_POINT('',#5594);
#5596=CARTESIAN_POINT('',(-33.2097153,18.5430597,-1.));
#5597=VERTEX_POINT('',#5596);
#5598=CARTESIAN_POINT('',(-33.3049097,18.5192147,-1.));
#5599=VERTEX_POINT('',#5598);
#5600=CARTESIAN_POINT('',(-33.4019829,18.5048153,-1.));
#5601=VERTEX_POINT('',#5600);
#5602=CARTESIAN_POINT('',(-33.5,18.5,-1.));
#5603=VERTEX_POINT('',#5602);
#5604=CARTESIAN_POINT('',(-33.5980171,18.5048153,-1.));
#5605=VERTEX_POINT('',#5604);
#5606=CARTESIAN_POINT('',(-33.6950903,18.5192147,-1.));
#5607=VERTEX_POINT('',#5606);
#5608=CARTESIAN_POINT('',(-33.7902847,18.5430597,-1.));
#5609=VERTEX_POINT('',#5608);
#5610=CARTESIAN_POINT('',(-33.8826834,18.5761205,-1.));
#5611=VERTEX_POINT('',#5610);
#5612=CARTESIAN_POINT('',(-33.9713967,18.6180787,-1.));
#5613=VERTEX_POINT('',#5612);
#5614=CARTESIAN_POINT('',(-34.0555702,18.6685304,-1.));
#5615=VERTEX_POINT('',#5614);
#5616=CARTESIAN_POINT('',(-34.1343933,18.7269895,-1.));
#5617=VERTEX_POINT('',#5616);
#5618=CARTESIAN_POINT('',(-34.2071068,18.7928932,-1.));
#5619=VERTEX_POINT('',#5618);
#5620=CARTESIAN_POINT('',(-34.2730105,18.8656067,-1.));
#5621=VERTEX_POINT('',#5620);
#5622=CARTESIAN_POINT('',(-34.3314696,18.9444298,-1.));
#5623=VERTEX_POINT('',#5622);
#5624=CARTESIAN_POINT('',(-34.3819213,19.0286033,-1.));
#5625=VERTEX_POINT('',#5624);
#5626=CARTESIAN_POINT('',(-34.4238795,19.1173166,-1.));
#5627=VERTEX_POINT('',#5626);
#5628=CARTESIAN_POINT('',(-34.4569403,19.2097153,-1.));
#5629=VERTEX_POINT('',#5628);
#5630=CARTESIAN_POINT('',(-34.4807853,19.3049097,-1.));
#5631=VERTEX_POINT('',#5630);
#5632=CARTESIAN_POINT('',(-34.4951847,19.4019829,-1.));
#5633=VERTEX_POINT('',#5632);
#5634=CARTESIAN_POINT('',(-34.5,19.5,-1.));
#5635=VERTEX_POINT('',#5634);
#5636=CARTESIAN_POINT('',(-34.4951847,19.5980171,-1.));
#5637=VERTEX_POINT('',#5636);
#5638=CARTESIAN_POINT('',(-34.4807853,19.6950903,-1.));
#5639=VERTEX_POINT('',#5638);
#5640=CARTESIAN_POINT('',(-34.4569403,19.7902847,-1.));
#5641=VERTEX_POINT('',#5640);
#5642=CARTESIAN_POINT('',(-34.4238795,19.8826834,-1.));
#5643=VERTEX_POINT('',#5642);
#5644=CARTESIAN_POINT('',(-34.3819213,19.9713967,-1.));
#5645=VERTEX_POINT('',#5644);
#5646=CARTESIAN_POINT('',(-34.3314696,20.0555702,-1.));
#5647=VERTEX_POINT('',#5646);
#5648=CARTESIAN_POINT('',(-34.2730105,20.1343933,-1.));
#5649=VERTEX_POINT('',#5648);
#5650=CARTESIAN_POINT('',(-34.2071068,20.2071068,-1.));
#5651=VERTEX_POINT('',#5650);
#5652=CARTESIAN_POINT('',(-34.1343933,20.2730105,-1.));
#5653=VERTEX_POINT('',#5652);
#5654=CARTESIAN_POINT('',(-34.0555702,20.3314696,-1.));
#5655=VERTEX_POINT('',#5654);
#5656=CARTESIAN_POINT('',(-33.9713967,20.3819213,-1.));
#5657=VERTEX_POINT('',#5656);
#5658=CARTESIAN_POINT('',(-33.8826834,20.4238795,-1.));
#5659=VERTEX_POINT('',#5658);
#5660=CARTESIAN_POINT('',(-33.7902847,20.4569403,-1.));
#5661=VERTEX_POINT('',#5660);
#5662=CARTESIAN_POINT('',(-33.6950903,20.4807853,-1.));
#5663=VERTEX_POINT('',#5662);
#5664=CARTESIAN_POINT('',(-33.5980171,20.4951847,-1.));
#5665=VERTEX_POINT('',#5664);
#5666=CARTESIAN_POINT('',(-33.5,20.5,-1.));
#5667=VERTEX_POINT('',#5666);
#5668=CARTESIAN_POINT('',(-33.4019829,20.4951847,-1.));
#5669=VERTEX_POINT('',#5668);
#5670=CARTESIAN_POINT('',(-33.3049097,20.4807853,-1.));
#5671=VERTEX_POINT('',#5670);
#5672=CARTESIAN_POINT('',(-33.2097153,20.4569403,-1.));
#5673=VERTEX_POINT('',#5672);
#5674=CARTESIAN_POINT('',(-33.1173166,20.4238795,-1.));
#5675=VERTEX_POINT('',#5674);
#5676=CARTESIAN_POINT('',(-33.0286033,20.3819213,-1.));
#5677=VERTEX_POINT('',#5676);
#5678=CARTESIAN_POINT('',(-32.9444298,20.3314696,-1.));
#5679=VERTEX_POINT('',#5678);
#5680=CARTESIAN_POINT('',(-32.8656067,20.2730105,-1.));
#5681=VERTEX_POINT('',#5680);
#5682=CARTESIAN_POINT('',(-32.7928932,20.2071068,-1.));
#5683=VERTEX_POINT('',#5682);
#5684=CARTESIAN_POINT('',(-32.7269895,20.1343933,-1.));
#5685=VERTEX_POINT('',#5684);
#5686=CARTESIAN_POINT('',(-32.6685304,20.0555702,-1.));
#5687=VERTEX_POINT('',#5686);
#5688=CARTESIAN_POINT('',(-32.6180787,19.9713967,-1.));
#5689=VERTEX_POINT('',#5688);
#5690=CARTESIAN_POINT('',(-32.5761205,19.8826834,-1.));
#5691=VERTEX_POINT('',#5690);
#5692=CARTESIAN_POINT('',(-32.5430597,19.7902847,-1.));
#5693=VERTEX_POINT('',#5692);
#5694=CARTESIAN_POINT('',(-32.5192147,19.6950903,-1.));
#5695=VERTEX_POINT('',#5694);
#5696=CARTESIAN_POINT('',(-32.5048153,19.5980171,-1.));
#5697=VERTEX_POINT('',#5696);
#5698=CARTESIAN_POINT('',(-32.5,19.5,-1.));
#5699=VERTEX_POINT('',#5698);
#5700=VECTOR('',#5429,1.);
#5701=LINE('',#5574,#5700);
#5702=EDGE_CURVE('',#5575,#5573,#5701,.T.);
#5703=ORIENTED_EDGE('',*,*,#5702,.F.);
#5704=VECTOR('',#5424,1.);
#5705=LINE('',#5576,#5704);
#5706=EDGE_CURVE('',#5577,#5575,#5705,.T.);
#5707=ORIENTED_EDGE('',*,*,#5706,.F.);
#5708=VECTOR('',#5419,1.);
#5709=LINE('',#5578,#5708);
#5710=EDGE_CURVE('',#5579,#5577,#5709,.T.);
#5711=ORIENTED_EDGE('',*,*,#5710,.F.);
#5712=VECTOR('',#5414,1.);
#5713=LINE('',#5580,#5712);
#5714=EDGE_CURVE('',#5581,#5579,#5713,.T.);
#5715=ORIENTED_EDGE('',*,*,#5714,.F.);
#5716=VECTOR('',#5409,1.);
#5717=LINE('',#5582,#5716);
#5718=EDGE_CURVE('',#5583,#5581,#5717,.T.);
#5719=ORIENTED_EDGE('',*,*,#5718,.F.);
#5720=VECTOR('',#5404,1.);
#5721=LINE('',#5584,#5720);
#5722=EDGE_CURVE('',#5585,#5583,#5721,.T.);
#5723=ORIENTED_EDGE('',*,*,#5722,.F.);
#5724=VECTOR('',#5399,1.);
#5725=LINE('',#5586,#5724);
#5726=EDGE_CURVE('',#5587,#5585,#5725,.T.);
#5727=ORIENTED_EDGE('',*,*,#5726,.F.);
#5728=VECTOR('',#5394,1.);
#5729=LINE('',#5588,#5728);
#5730=EDGE_CURVE('',#5589,#5587,#5729,.T.);
#5731=ORIENTED_EDGE('',*,*,#5730,.F.);
#5732=VECTOR('',#5389,1.);
#5733=LINE('',#5590,#5732);
#5734=EDGE_CURVE('',#5591,#5589,#5733,.T.);
#5735=ORIENTED_EDGE('',*,*,#5734,.F.);
#5736=VECTOR('',#5384,1.);
#5737=LINE('',#5592,#5736);
#5738=EDGE_CURVE('',#5593,#5591,#5737,.T.);
#5739=ORIENTED_EDGE('',*,*,#5738,.F.);
#5740=VECTOR('',#5379,1.);
#5741=LINE('',#5594,#5740);
#5742=EDGE_CURVE('',#5595,#5593,#5741,.T.);
#5743=ORIENTED_EDGE('',*,*,#5742,.F.);
#5744=VECTOR('',#5374,1.);
#5745=LINE('',#5596,#5744);
#5746=EDGE_CURVE('',#5597,#5595,#5745,.T.);
#5747=ORIENTED_EDGE('',*,*,#5746,.F.);
#5748=VECTOR('',#5369,1.);
#5749=LINE('',#5598,#5748);
#5750=EDGE_CURVE('',#5599,#5597,#5749,.T.);
#5751=ORIENTED_EDGE('',*,*,#5750,.F.);
#5752=VECTOR('',#5364,1.);
#5753=LINE('',#5600,#5752);
#5754=EDGE_CURVE('',#5601,#5599,#5753,.T.);
#5755=ORIENTED_EDGE('',*,*,#5754,.F.);
#5756=VECTOR('',#5359,1.);
#5757=LINE('',#5602,#5756);
#5758=EDGE_CURVE('',#5603,#5601,#5757,.T.);
#5759=ORIENTED_EDGE('',*,*,#5758,.F.);
#5760=VECTOR('',#5354,1.);
#5761=LINE('',#5604,#5760);
#5762=EDGE_CURVE('',#5605,#5603,#5761,.T.);
#5763=ORIENTED_EDGE('',*,*,#5762,.F.);
#5764=VECTOR('',#5349,1.);
#5765=LINE('',#5606,#5764);
#5766=EDGE_CURVE('',#5607,#5605,#5765,.T.);
#5767=ORIENTED_EDGE('',*,*,#5766,.F.);
#5768=VECTOR('',#5344,1.);
#5769=LINE('',#5608,#5768);
#5770=EDGE_CURVE('',#5609,#5607,#5769,.T.);
#5771=ORIENTED_EDGE('',*,*,#5770,.F.);
#5772=VECTOR('',#5339,1.);
#5773=LINE('',#5610,#5772);
#5774=EDGE_CURVE('',#5611,#5609,#5773,.T.);
#5775=ORIENTED_EDGE('',*,*,#5774,.F.);
#5776=VECTOR('',#5334,1.);
#5777=LINE('',#5612,#5776);
#5778=EDGE_CURVE('',#5613,#5611,#5777,.T.);
#5779=ORIENTED_EDGE('',*,*,#5778,.F.);
#5780=VECTOR('',#5329,1.);
#5781=LINE('',#5614,#5780);
#5782=EDGE_CURVE('',#5615,#5613,#5781,.T.);
#5783=ORIENTED_EDGE('',*,*,#5782,.F.);
#5784=VECTOR('',#5324,1.);
#5785=LINE('',#5616,#5784);
#5786=EDGE_CURVE('',#5617,#5615,#5785,.T.);
#5787=ORIENTED_EDGE('',*,*,#5786,.F.);
#5788=VECTOR('',#5319,1.);
#5789=LINE('',#5618,#5788);
#5790=EDGE_CURVE('',#5619,#5617,#5789,.T.);
#5791=ORIENTED_EDGE('',*,*,#5790,.F.);
#5792=VECTOR('',#5314,1.);
#5793=LINE('',#5620,#5792);
#5794=EDGE_CURVE('',#5621,#5619,#5793,.T.);
#5795=ORIENTED_EDGE('',*,*,#5794,.F.);
#5796=VECTOR('',#5309,1.);
#5797=LINE('',#5622,#5796);
#5798=EDGE_CURVE('',#5623,#5621,#5797,.T.);
#5799=ORIENTED_EDGE('',*,*,#5798,.F.);
#5800=VECTOR('',#5304,1.);
#5801=LINE('',#5624,#5800);
#5802=EDGE_CURVE('',#5625,#5623,#5801,.T.);
#5803=ORIENTED_EDGE('',*,*,#5802,.F.);
#5804=VECTOR('',#5299,1.);
#5805=LINE('',#5626,#5804);
#5806=EDGE_CURVE('',#5627,#5625,#5805,.T.);
#5807=ORIENTED_EDGE('',*,*,#5806,.F.);
#5808=VECTOR('',#5294,1.);
#5809=LINE('',#5628,#5808);
#5810=EDGE_CURVE('',#5629,#5627,#5809,.T.);
#5811=ORIENTED_EDGE('',*,*,#5810,.F.);
#5812=VECTOR('',#5289,1.);
#5813=LINE('',#5630,#5812);
#5814=EDGE_CURVE('',#5631,#5629,#5813,.T.);
#5815=ORIENTED_EDGE('',*,*,#5814,.F.);
#5816=VECTOR('',#5284,1.);
#5817=LINE('',#5632,#5816);
#5818=EDGE_CURVE('',#5633,#5631,#5817,.T.);
#5819=ORIENTED_EDGE('',*,*,#5818,.F.);
#5820=VECTOR('',#5279,1.);
#5821=LINE('',#5634,#5820);
#5822=EDGE_CURVE('',#5635,#5633,#5821,.T.);
#5823=ORIENTED_EDGE('',*,*,#5822,.F.);
#5824=VECTOR('',#5434,1.);
#5825=LINE('',#5634,#5824);
#5826=EDGE_CURVE('',#5635,#5637,#5825,.T.);
#5827=ORIENTED_EDGE('',*,*,#5826,.T.);
#5828=VECTOR('',#5429,1.);
#5829=LINE('',#5636,#5828);
#5830=EDGE_CURVE('',#5637,#5639,#5829,.T.);
#5831=ORIENTED_EDGE('',*,*,#5830,.T.);
#5832=VECTOR('',#5424,1.);
#5833=LINE('',#5638,#5832);
#5834=EDGE_CURVE('',#5639,#5641,#5833,.T.);
#5835=ORIENTED_EDGE('',*,*,#5834,.T.);
#5836=VECTOR('',#5419,1.);
#5837=LINE('',#5640,#5836);
#5838=EDGE_CURVE('',#5641,#5643,#5837,.T.);
#5839=ORIENTED_EDGE('',*,*,#5838,.T.);
#5840=VECTOR('',#5414,1.);
#5841=LINE('',#5642,#5840);
#5842=EDGE_CURVE('',#5643,#5645,#5841,.T.);
#5843=ORIENTED_EDGE('',*,*,#5842,.T.);
#5844=VECTOR('',#5409,1.);
#5845=LINE('',#5644,#5844);
#5846=EDGE_CURVE('',#5645,#5647,#5845,.T.);
#5847=ORIENTED_EDGE('',*,*,#5846,.T.);
#5848=VECTOR('',#5404,1.);
#5849=LINE('',#5646,#5848);
#5850=EDGE_CURVE('',#5647,#5649,#5849,.T.);
#5851=ORIENTED_EDGE('',*,*,#5850,.T.);
#5852=VECTOR('',#5399,1.);
#5853=LINE('',#5648,#5852);
#5854=EDGE_CURVE('',#5649,#5651,#5853,.T.);
#5855=ORIENTED_EDGE('',*,*,#5854,.T.);
#5856=VECTOR('',#5394,1.);
#5857=LINE('',#5650,#5856);
#5858=EDGE_CURVE('',#5651,#5653,#5857,.T.);
#5859=ORIENTED_EDGE('',*,*,#5858,.T.);
#5860=VECTOR('',#5389,1.);
#5861=LINE('',#5652,#5860);
#5862=EDGE_CURVE('',#5653,#5655,#5861,.T.);
#5863=ORIENTED_EDGE('',*,*,#5862,.T.);
#5864=VECTOR('',#5384,1.);
#5865=LINE('',#5654,#5864);
#5866=EDGE_CURVE('',#5655,#5657,#5865,.T.);
#5867=ORIENTED_EDGE('',*,*,#5866,.T.);
#5868=VECTOR('',#5379,1.);
#5869=LINE('',#5656,#5868);
#5870=EDGE_CURVE('',#5657,#5659,#5869,.T.);
#5871=ORIENTED_EDGE('',*,*,#5870,.T.);
#5872=VECTOR('',#5374,1.);
#5873=LINE('',#5658,#5872);
#5874=EDGE_CURVE('',#5659,#5661,#5873,.T.);
#5875=ORIENTED_EDGE('',*,*,#5874,.T.);
#5876=VECTOR('',#5369,1.);
#5877=LINE('',#5660,#5876);
#5878=EDGE_CURVE('',#5661,#5663,#5877,.T.);
#5879=ORIENTED_EDGE('',*,*,#5878,.T.);
#5880=VECTOR('',#5364,1.);
#5881=LINE('',#5662,#5880);
#5882=EDGE_CURVE('',#5663,#5665,#5881,.T.);
#5883=ORIENTED_EDGE('',*,*,#5882,.T.);
#5884=VECTOR('',#5359,1.);
#5885=LINE('',#5664,#5884);
#5886=EDGE_CURVE('',#5665,#5667,#5885,.T.);
#5887=ORIENTED_EDGE('',*,*,#5886,.T.);
#5888=VECTOR('',#5354,1.);
#5889=LINE('',#5666,#5888);
#5890=EDGE_CURVE('',#5667,#5669,#5889,.T.);
#5891=ORIENTED_EDGE('',*,*,#5890,.T.);
#5892=VECTOR('',#5349,1.);
#5893=LINE('',#5668,#5892);
#5894=EDGE_CURVE('',#5669,#5671,#5893,.T.);
#5895=ORIENTED_EDGE('',*,*,#5894,.T.);
#5896=VECTOR('',#5344,1.);
#5897=LINE('',#5670,#5896);
#5898=EDGE_CURVE('',#5671,#5673,#5897,.T.);
#5899=ORIENTED_EDGE('',*,*,#5898,.T.);
#5900=VECTOR('',#5339,1.);
#5901=LINE('',#5672,#5900);
#5902=EDGE_CURVE('',#5673,#5675,#5901,.T.);
#5903=ORIENTED_EDGE('',*,*,#5902,.T.);
#5904=VECTOR('',#5334,1.);
#5905=LINE('',#5674,#5904);
#5906=EDGE_CURVE('',#5675,#5677,#5905,.T.);
#5907=ORIENTED_EDGE('',*,*,#5906,.T.);
#5908=VECTOR('',#5329,1.);
#5909=LINE('',#5676,#5908);
#5910=EDGE_CURVE('',#5677,#5679,#5909,.T.);
#5911=ORIENTED_EDGE('',*,*,#5910,.T.);
#5912=VECTOR('',#5324,1.);
#5913=LINE('',#5678,#5912);
#5914=EDGE_CURVE('',#5679,#5681,#5913,.T.);
#5915=ORIENTED_EDGE('',*,*,#5914,.T.);
#5916=VECTOR('',#5319,1.);
#5917=LINE('',#5680,#5916);
#5918=EDGE_CURVE('',#5681,#5683,#5917,.T.);
#5919=ORIENTED_EDGE('',*,*,#5918,.T.);
#5920=VECTOR('',#5314,1.);
#5921=LINE('',#5682,#5920);
#5922=EDGE_CURVE('',#5683,#5685,#5921,.T.);
#5923=ORIENTED_EDGE('',*,*,#5922,.T.);
#5924=VECTOR('',#5309,1.);
#5925=LINE('',#5684,#5924);
#5926=EDGE_CURVE('',#5685,#5687,#5925,.T.);
#5927=ORIENTED_EDGE('',*,*,#5926,.T.);
#5928=VECTOR('',#5304,1.);
#5929=LINE('',#5686,#5928);
#5930=EDGE_CURVE('',#5687,#5689,#5929,.T.);
#5931=ORIENTED_EDGE('',*,*,#5930,.T.);
#5932=VECTOR('',#5299,1.);
#5933=LINE('',#5688,#5932);
#5934=EDGE_CURVE('',#5689,#5691,#5933,.T.);
#5935=ORIENTED_EDGE('',*,*,#5934,.T.);
#5936=VECTOR('',#5294,1.);
#5937=LINE('',#5690,#5936);
#5938=EDGE_CURVE('',#5691,#5693,#5937,.T.);
#5939=ORIENTED_EDGE('',*,*,#5938,.T.);
#5940=VECTOR('',#5289,1.);
#5941=LINE('',#5692,#5940);
#5942=EDGE_CURVE('',#5693,#5695,#5941,.T.);
#5943=ORIENTED_EDGE('',*,*,#5942,.T.);
#5944=VECTOR('',#5284,1.);
#5945=LINE('',#5694,#5944);
#5946=EDGE_CURVE('',#5695,#5697,#5945,.T.);
#5947=ORIENTED_EDGE('',*,*,#5946,.T.);
#5948=VECTOR('',#5279,1.);
#5949=LINE('',#5696,#5948);
#5950=EDGE_CURVE('',#5697,#5699,#5949,.T.);
#5951=ORIENTED_EDGE('',*,*,#5950,.T.);
#5952=VECTOR('',#5434,1.);
#5953=LINE('',#5572,#5952);
#5954=EDGE_CURVE('',#5573,#5699,#5953,.T.);
#5955=ORIENTED_EDGE('',*,*,#5954,.F.);
#5956=EDGE_LOOP('',(#5703,#5707,#5711,#5715,#5719,#5723,#5727,#5731,#5735,#5739,#5743,#5747,#5751,#5755,#5759,#5763,#5767,#5771,#5775,#5779,#5783,#5787,#5791,#5795,#5799,#5803,#5807,#5811,#5815,#5819,#5823,#5827,#5831,#5835,#5839,#5843,#5847,#5851,#5855,#5859,#5863,#5867,#5871,#5875,#5879,#5883,#5887,#5891,#5895,#5899,#5903,#5907,#5911,#5915,#5919,#5923,#5927,#5931,#5935,#5939,#5943,#5947,#5951,#5955));
#5957=FACE_OUTER_BOUND('',#5956,.T.);
#5958=AXIS2_PLACEMENT_3D('',#5572,#711,#712);
#5959=PLANE('',#5958);
#5960=ADVANCED_FACE('',(#5957),#5959,.T.);
#5961=ORIENTED_EDGE('',*,*,#5950,.F.);
#5962=VECTOR('',#367,1.);
#5963=LINE('',#5696,#5962);
#5964=EDGE_CURVE('',#5697,#5154,#5963,.T.);
#5965=ORIENTED_EDGE('',*,*,#5964,.T.);
#5966=ORIENTED_EDGE('',*,*,#5282,.T.);
#5967=VECTOR('',#367,1.);
#5968=LINE('',#5698,#5967);
#5969=EDGE_CURVE('',#5699,#5152,#5968,.T.);
#5970=ORIENTED_EDGE('',*,*,#5969,.F.);
#5971=EDGE_LOOP('',(#5961,#5965,#5966,#5970));
#5972=FACE_OUTER_BOUND('',#5971,.T.);
#5973=AXIS2_PLACEMENT_3D('',#5698,#2958,#3159);
#5974=PLANE('',#5973);
#5975=ADVANCED_FACE('',(#5972),#5974,.T.);
#5976=ORIENTED_EDGE('',*,*,#5946,.F.);
#5977=VECTOR('',#367,1.);
#5978=LINE('',#5694,#5977);
#5979=EDGE_CURVE('',#5695,#5156,#5978,.T.);
#5980=ORIENTED_EDGE('',*,*,#5979,.T.);
#5981=ORIENTED_EDGE('',*,*,#5287,.T.);
#5982=ORIENTED_EDGE('',*,*,#5964,.F.);
#5983=EDGE_LOOP('',(#5976,#5980,#5981,#5982));
#5984=FACE_OUTER_BOUND('',#5983,.T.);
#5985=AXIS2_PLACEMENT_3D('',#5696,#1774,#1854);
#5986=PLANE('',#5985);
#5987=ADVANCED_FACE('',(#5984),#5986,.T.);
#5988=ORIENTED_EDGE('',*,*,#5942,.F.);
#5989=VECTOR('',#367,1.);
#5990=LINE('',#5692,#5989);
#5991=EDGE_CURVE('',#5693,#5158,#5990,.T.);
#5992=ORIENTED_EDGE('',*,*,#5991,.T.);
#5993=ORIENTED_EDGE('',*,*,#5292,.T.);
#5994=ORIENTED_EDGE('',*,*,#5979,.F.);
#5995=EDGE_LOOP('',(#5988,#5992,#5993,#5994));
#5996=FACE_OUTER_BOUND('',#5995,.T.);
#5997=AXIS2_PLACEMENT_3D('',#5694,#1769,#1849);
#5998=PLANE('',#5997);
#5999=ADVANCED_FACE('',(#5996),#5998,.T.);
#6000=ORIENTED_EDGE('',*,*,#5938,.F.);
#6001=VECTOR('',#367,1.);
#6002=LINE('',#5690,#6001);
#6003=EDGE_CURVE('',#5691,#5160,#6002,.T.);
#6004=ORIENTED_EDGE('',*,*,#6003,.T.);
#6005=ORIENTED_EDGE('',*,*,#5297,.T.);
#6006=ORIENTED_EDGE('',*,*,#5991,.F.);
#6007=EDGE_LOOP('',(#6000,#6004,#6005,#6006));
#6008=FACE_OUTER_BOUND('',#6007,.T.);
#6009=AXIS2_PLACEMENT_3D('',#5692,#1764,#1844);
#6010=PLANE('',#6009);
#6011=ADVANCED_FACE('',(#6008),#6010,.T.);
#6012=ORIENTED_EDGE('',*,*,#5934,.F.);
#6013=VECTOR('',#367,1.);
#6014=LINE('',#5688,#6013);
#6015=EDGE_CURVE('',#5689,#5162,#6014,.T.);
#6016=ORIENTED_EDGE('',*,*,#6015,.T.);
#6017=ORIENTED_EDGE('',*,*,#5302,.T.);
#6018=ORIENTED_EDGE('',*,*,#6003,.F.);
#6019=EDGE_LOOP('',(#6012,#6016,#6017,#6018));
#6020=FACE_OUTER_BOUND('',#6019,.T.);
#6021=AXIS2_PLACEMENT_3D('',#5690,#2905,#3110);
#6022=PLANE('',#6021);
#6023=ADVANCED_FACE('',(#6020),#6022,.T.);
#6024=ORIENTED_EDGE('',*,*,#5930,.F.);
#6025=VECTOR('',#367,1.);
#6026=LINE('',#5686,#6025);
#6027=EDGE_CURVE('',#5687,#5164,#6026,.T.);
#6028=ORIENTED_EDGE('',*,*,#6027,.T.);
#6029=ORIENTED_EDGE('',*,*,#5307,.T.);
#6030=ORIENTED_EDGE('',*,*,#6015,.F.);
#6031=EDGE_LOOP('',(#6024,#6028,#6029,#6030));
#6032=FACE_OUTER_BOUND('',#6031,.T.);
#6033=AXIS2_PLACEMENT_3D('',#5688,#1754,#1834);
#6034=PLANE('',#6033);
#6035=ADVANCED_FACE('',(#6032),#6034,.T.);
#6036=ORIENTED_EDGE('',*,*,#5926,.F.);
#6037=VECTOR('',#367,1.);
#6038=LINE('',#5684,#6037);
#6039=EDGE_CURVE('',#5685,#5166,#6038,.T.);
#6040=ORIENTED_EDGE('',*,*,#6039,.T.);
#6041=ORIENTED_EDGE('',*,*,#5312,.T.);
#6042=ORIENTED_EDGE('',*,*,#6027,.F.);
#6043=EDGE_LOOP('',(#6036,#6040,#6041,#6042));
#6044=FACE_OUTER_BOUND('',#6043,.T.);
#6045=AXIS2_PLACEMENT_3D('',#5686,#2878,#3085);
#6046=PLANE('',#6045);
#6047=ADVANCED_FACE('',(#6044),#6046,.T.);
#6048=ORIENTED_EDGE('',*,*,#5922,.F.);
#6049=VECTOR('',#367,1.);
#6050=LINE('',#5682,#6049);
#6051=EDGE_CURVE('',#5683,#5168,#6050,.T.);
#6052=ORIENTED_EDGE('',*,*,#6051,.T.);
#6053=ORIENTED_EDGE('',*,*,#5317,.T.);
#6054=ORIENTED_EDGE('',*,*,#6039,.F.);
#6055=EDGE_LOOP('',(#6048,#6052,#6053,#6054));
#6056=FACE_OUTER_BOUND('',#6055,.T.);
#6057=AXIS2_PLACEMENT_3D('',#5684,#2864,#3072);
#6058=PLANE('',#6057);
#6059=ADVANCED_FACE('',(#6056),#6058,.T.);
#6060=ORIENTED_EDGE('',*,*,#5918,.F.);
#6061=VECTOR('',#367,1.);
#6062=LINE('',#5680,#6061);
#6063=EDGE_CURVE('',#5681,#5170,#6062,.T.);
#6064=ORIENTED_EDGE('',*,*,#6063,.T.);
#6065=ORIENTED_EDGE('',*,*,#5322,.T.);
#6066=ORIENTED_EDGE('',*,*,#6051,.F.);
#6067=EDGE_LOOP('',(#6060,#6064,#6065,#6066));
#6068=FACE_OUTER_BOUND('',#6067,.T.);
#6069=AXIS2_PLACEMENT_3D('',#5682,#2850,#3059);
#6070=PLANE('',#6069);
#6071=ADVANCED_FACE('',(#6068),#6070,.T.);
#6072=ORIENTED_EDGE('',*,*,#5914,.F.);
#6073=VECTOR('',#367,1.);
#6074=LINE('',#5678,#6073);
#6075=EDGE_CURVE('',#5679,#5172,#6074,.T.);
#6076=ORIENTED_EDGE('',*,*,#6075,.T.);
#6077=ORIENTED_EDGE('',*,*,#5327,.T.);
#6078=ORIENTED_EDGE('',*,*,#6063,.F.);
#6079=EDGE_LOOP('',(#6072,#6076,#6077,#6078));
#6080=FACE_OUTER_BOUND('',#6079,.T.);
#6081=AXIS2_PLACEMENT_3D('',#5680,#2836,#3046);
#6082=PLANE('',#6081);
#6083=ADVANCED_FACE('',(#6080),#6082,.T.);
#6084=ORIENTED_EDGE('',*,*,#5910,.F.);
#6085=VECTOR('',#367,1.);
#6086=LINE('',#5676,#6085);
#6087=EDGE_CURVE('',#5677,#5174,#6086,.T.);
#6088=ORIENTED_EDGE('',*,*,#6087,.T.);
#6089=ORIENTED_EDGE('',*,*,#5332,.T.);
#6090=ORIENTED_EDGE('',*,*,#6075,.F.);
#6091=EDGE_LOOP('',(#6084,#6088,#6089,#6090));
#6092=FACE_OUTER_BOUND('',#6091,.T.);
#6093=AXIS2_PLACEMENT_3D('',#5678,#1729,#1809);
#6094=PLANE('',#6093);
#6095=ADVANCED_FACE('',(#6092),#6094,.T.);
#6096=ORIENTED_EDGE('',*,*,#5906,.F.);
#6097=VECTOR('',#367,1.);
#6098=LINE('',#5674,#6097);
#6099=EDGE_CURVE('',#5675,#5176,#6098,.T.);
#6100=ORIENTED_EDGE('',*,*,#6099,.T.);
#6101=ORIENTED_EDGE('',*,*,#5337,.T.);
#6102=ORIENTED_EDGE('',*,*,#6087,.F.);
#6103=EDGE_LOOP('',(#6096,#6100,#6101,#6102));
#6104=FACE_OUTER_BOUND('',#6103,.T.);
#6105=AXIS2_PLACEMENT_3D('',#5676,#2809,#3021);
#6106=PLANE('',#6105);
#6107=ADVANCED_FACE('',(#6104),#6106,.T.);
#6108=ORIENTED_EDGE('',*,*,#5902,.F.);
#6109=VECTOR('',#367,1.);
#6110=LINE('',#5672,#6109);
#6111=EDGE_CURVE('',#5673,#5178,#6110,.T.);
#6112=ORIENTED_EDGE('',*,*,#6111,.T.);
#6113=ORIENTED_EDGE('',*,*,#5342,.T.);
#6114=ORIENTED_EDGE('',*,*,#6099,.F.);
#6115=EDGE_LOOP('',(#6108,#6112,#6113,#6114));
#6116=FACE_OUTER_BOUND('',#6115,.T.);
#6117=AXIS2_PLACEMENT_3D('',#5674,#1719,#1799);
#6118=PLANE('',#6117);
#6119=ADVANCED_FACE('',(#6116),#6118,.T.);
#6120=ORIENTED_EDGE('',*,*,#5898,.F.);
#6121=VECTOR('',#367,1.);
#6122=LINE('',#5670,#6121);
#6123=EDGE_CURVE('',#5671,#5180,#6122,.T.);
#6124=ORIENTED_EDGE('',*,*,#6123,.T.);
#6125=ORIENTED_EDGE('',*,*,#5347,.T.);
#6126=ORIENTED_EDGE('',*,*,#6111,.F.);
#6127=EDGE_LOOP('',(#6120,#6124,#6125,#6126));
#6128=FACE_OUTER_BOUND('',#6127,.T.);
#6129=AXIS2_PLACEMENT_3D('',#5672,#1714,#1794);
#6130=PLANE('',#6129);
#6131=ADVANCED_FACE('',(#6128),#6130,.T.);
#6132=ORIENTED_EDGE('',*,*,#5894,.F.);
#6133=VECTOR('',#367,1.);
#6134=LINE('',#5668,#6133);
#6135=EDGE_CURVE('',#5669,#5182,#6134,.T.);
#6136=ORIENTED_EDGE('',*,*,#6135,.T.);
#6137=ORIENTED_EDGE('',*,*,#5352,.T.);
#6138=ORIENTED_EDGE('',*,*,#6123,.F.);
#6139=EDGE_LOOP('',(#6132,#6136,#6137,#6138));
#6140=FACE_OUTER_BOUND('',#6139,.T.);
#6141=AXIS2_PLACEMENT_3D('',#5670,#1709,#1789);
#6142=PLANE('',#6141);
#6143=ADVANCED_FACE('',(#6140),#6142,.T.);
#6144=ORIENTED_EDGE('',*,*,#5890,.F.);
#6145=VECTOR('',#367,1.);
#6146=LINE('',#5666,#6145);
#6147=EDGE_CURVE('',#5667,#5184,#6146,.T.);
#6148=ORIENTED_EDGE('',*,*,#6147,.T.);
#6149=ORIENTED_EDGE('',*,*,#5357,.T.);
#6150=ORIENTED_EDGE('',*,*,#6135,.F.);
#6151=EDGE_LOOP('',(#6144,#6148,#6149,#6150));
#6152=FACE_OUTER_BOUND('',#6151,.T.);
#6153=AXIS2_PLACEMENT_3D('',#5668,#2971,#2972);
#6154=PLANE('',#6153);
#6155=ADVANCED_FACE('',(#6152),#6154,.T.);
#6156=ORIENTED_EDGE('',*,*,#5886,.F.);
#6157=VECTOR('',#367,1.);
#6158=LINE('',#5664,#6157);
#6159=EDGE_CURVE('',#5665,#5186,#6158,.T.);
#6160=ORIENTED_EDGE('',*,*,#6159,.T.);
#6161=ORIENTED_EDGE('',*,*,#5362,.T.);
#6162=ORIENTED_EDGE('',*,*,#6147,.F.);
#6163=EDGE_LOOP('',(#6156,#6160,#6161,#6162));
#6164=FACE_OUTER_BOUND('',#6163,.T.);
#6165=AXIS2_PLACEMENT_3D('',#5666,#2957,#2958);
#6166=PLANE('',#6165);
#6167=ADVANCED_FACE('',(#6164),#6166,.T.);
#6168=ORIENTED_EDGE('',*,*,#5882,.F.);
#6169=VECTOR('',#367,1.);
#6170=LINE('',#5662,#6169);
#6171=EDGE_CURVE('',#5663,#5188,#6170,.T.);
#6172=ORIENTED_EDGE('',*,*,#6171,.T.);
#6173=ORIENTED_EDGE('',*,*,#5367,.T.);
#6174=ORIENTED_EDGE('',*,*,#6159,.F.);
#6175=EDGE_LOOP('',(#6168,#6172,#6173,#6174));
#6176=FACE_OUTER_BOUND('',#6175,.T.);
#6177=AXIS2_PLACEMENT_3D('',#5664,#2944,#1774);
#6178=PLANE('',#6177);
#6179=ADVANCED_FACE('',(#6176),#6178,.T.);
#6180=ORIENTED_EDGE('',*,*,#5878,.F.);
#6181=VECTOR('',#367,1.);
#6182=LINE('',#5660,#6181);
#6183=EDGE_CURVE('',#5661,#5190,#6182,.T.);
#6184=ORIENTED_EDGE('',*,*,#6183,.T.);
#6185=ORIENTED_EDGE('',*,*,#5372,.T.);
#6186=ORIENTED_EDGE('',*,*,#6171,.F.);
#6187=EDGE_LOOP('',(#6180,#6184,#6185,#6186));
#6188=FACE_OUTER_BOUND('',#6187,.T.);
#6189=AXIS2_PLACEMENT_3D('',#5662,#2931,#1769);
#6190=PLANE('',#6189);
#6191=ADVANCED_FACE('',(#6188),#6190,.T.);
#6192=ORIENTED_EDGE('',*,*,#5874,.F.);
#6193=VECTOR('',#367,1.);
#6194=LINE('',#5658,#6193);
#6195=EDGE_CURVE('',#5659,#5192,#6194,.T.);
#6196=ORIENTED_EDGE('',*,*,#6195,.T.);
#6197=ORIENTED_EDGE('',*,*,#5377,.T.);
#6198=ORIENTED_EDGE('',*,*,#6183,.F.);
#6199=EDGE_LOOP('',(#6192,#6196,#6197,#6198));
#6200=FACE_OUTER_BOUND('',#6199,.T.);
#6201=AXIS2_PLACEMENT_3D('',#5660,#2918,#1764);
#6202=PLANE('',#6201);
#6203=ADVANCED_FACE('',(#6200),#6202,.T.);
#6204=ORIENTED_EDGE('',*,*,#5870,.F.);
#6205=VECTOR('',#367,1.);
#6206=LINE('',#5656,#6205);
#6207=EDGE_CURVE('',#5657,#5194,#6206,.T.);
#6208=ORIENTED_EDGE('',*,*,#6207,.T.);
#6209=ORIENTED_EDGE('',*,*,#5382,.T.);
#6210=ORIENTED_EDGE('',*,*,#6195,.F.);
#6211=EDGE_LOOP('',(#6204,#6208,#6209,#6210));
#6212=FACE_OUTER_BOUND('',#6211,.T.);
#6213=AXIS2_PLACEMENT_3D('',#5658,#2904,#2905);
#6214=PLANE('',#6213);
#6215=ADVANCED_FACE('',(#6212),#6214,.T.);
#6216=ORIENTED_EDGE('',*,*,#5866,.F.);
#6217=VECTOR('',#367,1.);
#6218=LINE('',#5654,#6217);
#6219=EDGE_CURVE('',#5655,#5196,#6218,.T.);
#6220=ORIENTED_EDGE('',*,*,#6219,.T.);
#6221=ORIENTED_EDGE('',*,*,#5387,.T.);
#6222=ORIENTED_EDGE('',*,*,#6207,.F.);
#6223=EDGE_LOOP('',(#6216,#6220,#6221,#6222));
#6224=FACE_OUTER_BOUND('',#6223,.T.);
#6225=AXIS2_PLACEMENT_3D('',#5656,#2891,#1754);
#6226=PLANE('',#6225);
#6227=ADVANCED_FACE('',(#6224),#6226,.T.);
#6228=ORIENTED_EDGE('',*,*,#5862,.F.);
#6229=VECTOR('',#367,1.);
#6230=LINE('',#5652,#6229);
#6231=EDGE_CURVE('',#5653,#5198,#6230,.T.);
#6232=ORIENTED_EDGE('',*,*,#6231,.T.);
#6233=ORIENTED_EDGE('',*,*,#5392,.T.);
#6234=ORIENTED_EDGE('',*,*,#6219,.F.);
#6235=EDGE_LOOP('',(#6228,#6232,#6233,#6234));
#6236=FACE_OUTER_BOUND('',#6235,.T.);
#6237=AXIS2_PLACEMENT_3D('',#5654,#2877,#2878);
#6238=PLANE('',#6237);
#6239=ADVANCED_FACE('',(#6236),#6238,.T.);
#6240=ORIENTED_EDGE('',*,*,#5858,.F.);
#6241=VECTOR('',#367,1.);
#6242=LINE('',#5650,#6241);
#6243=EDGE_CURVE('',#5651,#5200,#6242,.T.);
#6244=ORIENTED_EDGE('',*,*,#6243,.T.);
#6245=ORIENTED_EDGE('',*,*,#5397,.T.);
#6246=ORIENTED_EDGE('',*,*,#6231,.F.);
#6247=EDGE_LOOP('',(#6240,#6244,#6245,#6246));
#6248=FACE_OUTER_BOUND('',#6247,.T.);
#6249=AXIS2_PLACEMENT_3D('',#5652,#2863,#2864);
#6250=PLANE('',#6249);
#6251=ADVANCED_FACE('',(#6248),#6250,.T.);
#6252=ORIENTED_EDGE('',*,*,#5854,.F.);
#6253=VECTOR('',#367,1.);
#6254=LINE('',#5648,#6253);
#6255=EDGE_CURVE('',#5649,#5202,#6254,.T.);
#6256=ORIENTED_EDGE('',*,*,#6255,.T.);
#6257=ORIENTED_EDGE('',*,*,#5402,.T.);
#6258=ORIENTED_EDGE('',*,*,#6243,.F.);
#6259=EDGE_LOOP('',(#6252,#6256,#6257,#6258));
#6260=FACE_OUTER_BOUND('',#6259,.T.);
#6261=AXIS2_PLACEMENT_3D('',#5650,#2849,#2850);
#6262=PLANE('',#6261);
#6263=ADVANCED_FACE('',(#6260),#6262,.T.);
#6264=ORIENTED_EDGE('',*,*,#5850,.F.);
#6265=VECTOR('',#367,1.);
#6266=LINE('',#5646,#6265);
#6267=EDGE_CURVE('',#5647,#5204,#6266,.T.);
#6268=ORIENTED_EDGE('',*,*,#6267,.T.);
#6269=ORIENTED_EDGE('',*,*,#5407,.T.);
#6270=ORIENTED_EDGE('',*,*,#6255,.F.);
#6271=EDGE_LOOP('',(#6264,#6268,#6269,#6270));
#6272=FACE_OUTER_BOUND('',#6271,.T.);
#6273=AXIS2_PLACEMENT_3D('',#5648,#2835,#2836);
#6274=PLANE('',#6273);
#6275=ADVANCED_FACE('',(#6272),#6274,.T.);
#6276=ORIENTED_EDGE('',*,*,#5846,.F.);
#6277=VECTOR('',#367,1.);
#6278=LINE('',#5644,#6277);
#6279=EDGE_CURVE('',#5645,#5206,#6278,.T.);
#6280=ORIENTED_EDGE('',*,*,#6279,.T.);
#6281=ORIENTED_EDGE('',*,*,#5412,.T.);
#6282=ORIENTED_EDGE('',*,*,#6267,.F.);
#6283=EDGE_LOOP('',(#6276,#6280,#6281,#6282));
#6284=FACE_OUTER_BOUND('',#6283,.T.);
#6285=AXIS2_PLACEMENT_3D('',#5646,#2822,#1729);
#6286=PLANE('',#6285);
#6287=ADVANCED_FACE('',(#6284),#6286,.T.);
#6288=ORIENTED_EDGE('',*,*,#5842,.F.);
#6289=VECTOR('',#367,1.);
#6290=LINE('',#5642,#6289);
#6291=EDGE_CURVE('',#5643,#5208,#6290,.T.);
#6292=ORIENTED_EDGE('',*,*,#6291,.T.);
#6293=ORIENTED_EDGE('',*,*,#5417,.T.);
#6294=ORIENTED_EDGE('',*,*,#6279,.F.);
#6295=EDGE_LOOP('',(#6288,#6292,#6293,#6294));
#6296=FACE_OUTER_BOUND('',#6295,.T.);
#6297=AXIS2_PLACEMENT_3D('',#5644,#2808,#2809);
#6298=PLANE('',#6297);
#6299=ADVANCED_FACE('',(#6296),#6298,.T.);
#6300=ORIENTED_EDGE('',*,*,#5838,.F.);
#6301=VECTOR('',#367,1.);
#6302=LINE('',#5640,#6301);
#6303=EDGE_CURVE('',#5641,#5210,#6302,.T.);
#6304=ORIENTED_EDGE('',*,*,#6303,.T.);
#6305=ORIENTED_EDGE('',*,*,#5422,.T.);
#6306=ORIENTED_EDGE('',*,*,#6291,.F.);
#6307=EDGE_LOOP('',(#6300,#6304,#6305,#6306));
#6308=FACE_OUTER_BOUND('',#6307,.T.);
#6309=AXIS2_PLACEMENT_3D('',#5642,#2795,#1719);
#6310=PLANE('',#6309);
#6311=ADVANCED_FACE('',(#6308),#6310,.T.);
#6312=ORIENTED_EDGE('',*,*,#5834,.F.);
#6313=VECTOR('',#367,1.);
#6314=LINE('',#5638,#6313);
#6315=EDGE_CURVE('',#5639,#5212,#6314,.T.);
#6316=ORIENTED_EDGE('',*,*,#6315,.T.);
#6317=ORIENTED_EDGE('',*,*,#5427,.T.);
#6318=ORIENTED_EDGE('',*,*,#6303,.F.);
#6319=EDGE_LOOP('',(#6312,#6316,#6317,#6318));
#6320=FACE_OUTER_BOUND('',#6319,.T.);
#6321=AXIS2_PLACEMENT_3D('',#5640,#2782,#1714);
#6322=PLANE('',#6321);
#6323=ADVANCED_FACE('',(#6320),#6322,.T.);
#6324=ORIENTED_EDGE('',*,*,#5830,.F.);
#6325=VECTOR('',#367,1.);
#6326=LINE('',#5636,#6325);
#6327=EDGE_CURVE('',#5637,#5214,#6326,.T.);
#6328=ORIENTED_EDGE('',*,*,#6327,.T.);
#6329=ORIENTED_EDGE('',*,*,#5432,.T.);
#6330=ORIENTED_EDGE('',*,*,#6315,.F.);
#6331=EDGE_LOOP('',(#6324,#6328,#6329,#6330));
#6332=FACE_OUTER_BOUND('',#6331,.T.);
#6333=AXIS2_PLACEMENT_3D('',#5638,#2769,#1709);
#6334=PLANE('',#6333);
#6335=ADVANCED_FACE('',(#6332),#6334,.T.);
#6336=ORIENTED_EDGE('',*,*,#5826,.F.);
#6337=VECTOR('',#367,1.);
#6338=LINE('',#5634,#6337);
#6339=EDGE_CURVE('',#5635,#5216,#6338,.T.);
#6340=ORIENTED_EDGE('',*,*,#6339,.T.);
#6341=ORIENTED_EDGE('',*,*,#5437,.T.);
#6342=ORIENTED_EDGE('',*,*,#6327,.F.);
#6343=EDGE_LOOP('',(#6336,#6340,#6341,#6342));
#6344=FACE_OUTER_BOUND('',#6343,.T.);
#6345=AXIS2_PLACEMENT_3D('',#5636,#3380,#2971);
#6346=PLANE('',#6345);
#6347=ADVANCED_FACE('',(#6344),#6346,.T.);
#6348=ORIENTED_EDGE('',*,*,#5822,.T.);
#6349=VECTOR('',#367,1.);
#6350=LINE('',#5632,#6349);
#6351=EDGE_CURVE('',#5633,#5218,#6350,.T.);
#6352=ORIENTED_EDGE('',*,*,#6351,.T.);
#6353=ORIENTED_EDGE('',*,*,#5441,.F.);
#6354=ORIENTED_EDGE('',*,*,#6339,.F.);
#6355=EDGE_LOOP('',(#6348,#6352,#6353,#6354));
#6356=FACE_OUTER_BOUND('',#6355,.T.);
#6357=AXIS2_PLACEMENT_3D('',#5634,#3367,#2957);
#6358=PLANE('',#6357);
#6359=ADVANCED_FACE('',(#6356),#6358,.T.);
#6360=ORIENTED_EDGE('',*,*,#5818,.T.);
#6361=VECTOR('',#367,1.);
#6362=LINE('',#5630,#6361);
#6363=EDGE_CURVE('',#5631,#5220,#6362,.T.);
#6364=ORIENTED_EDGE('',*,*,#6363,.T.);
#6365=ORIENTED_EDGE('',*,*,#5445,.F.);
#6366=ORIENTED_EDGE('',*,*,#6351,.F.);
#6367=EDGE_LOOP('',(#6360,#6364,#6365,#6366));
#6368=FACE_OUTER_BOUND('',#6367,.T.);
#6369=AXIS2_PLACEMENT_3D('',#5632,#3354,#2944);
#6370=PLANE('',#6369);
#6371=ADVANCED_FACE('',(#6368),#6370,.T.);
#6372=ORIENTED_EDGE('',*,*,#5814,.T.);
#6373=VECTOR('',#367,1.);
#6374=LINE('',#5628,#6373);
#6375=EDGE_CURVE('',#5629,#5222,#6374,.T.);
#6376=ORIENTED_EDGE('',*,*,#6375,.T.);
#6377=ORIENTED_EDGE('',*,*,#5449,.F.);
#6378=ORIENTED_EDGE('',*,*,#6363,.F.);
#6379=EDGE_LOOP('',(#6372,#6376,#6377,#6378));
#6380=FACE_OUTER_BOUND('',#6379,.T.);
#6381=AXIS2_PLACEMENT_3D('',#5630,#3341,#2931);
#6382=PLANE('',#6381);
#6383=ADVANCED_FACE('',(#6380),#6382,.T.);
#6384=ORIENTED_EDGE('',*,*,#5810,.T.);
#6385=VECTOR('',#367,1.);
#6386=LINE('',#5626,#6385);
#6387=EDGE_CURVE('',#5627,#5224,#6386,.T.);
#6388=ORIENTED_EDGE('',*,*,#6387,.T.);
#6389=ORIENTED_EDGE('',*,*,#5453,.F.);
#6390=ORIENTED_EDGE('',*,*,#6375,.F.);
#6391=EDGE_LOOP('',(#6384,#6388,#6389,#6390));
#6392=FACE_OUTER_BOUND('',#6391,.T.);
#6393=AXIS2_PLACEMENT_3D('',#5628,#3328,#2918);
#6394=PLANE('',#6393);
#6395=ADVANCED_FACE('',(#6392),#6394,.T.);
#6396=ORIENTED_EDGE('',*,*,#5806,.T.);
#6397=VECTOR('',#367,1.);
#6398=LINE('',#5624,#6397);
#6399=EDGE_CURVE('',#5625,#5226,#6398,.T.);
#6400=ORIENTED_EDGE('',*,*,#6399,.T.);
#6401=ORIENTED_EDGE('',*,*,#5457,.F.);
#6402=ORIENTED_EDGE('',*,*,#6387,.F.);
#6403=EDGE_LOOP('',(#6396,#6400,#6401,#6402));
#6404=FACE_OUTER_BOUND('',#6403,.T.);
#6405=AXIS2_PLACEMENT_3D('',#5626,#3315,#2904);
#6406=PLANE('',#6405);
#6407=ADVANCED_FACE('',(#6404),#6406,.T.);
#6408=ORIENTED_EDGE('',*,*,#5802,.T.);
#6409=VECTOR('',#367,1.);
#6410=LINE('',#5622,#6409);
#6411=EDGE_CURVE('',#5623,#5228,#6410,.T.);
#6412=ORIENTED_EDGE('',*,*,#6411,.T.);
#6413=ORIENTED_EDGE('',*,*,#5461,.F.);
#6414=ORIENTED_EDGE('',*,*,#6399,.F.);
#6415=EDGE_LOOP('',(#6408,#6412,#6413,#6414));
#6416=FACE_OUTER_BOUND('',#6415,.T.);
#6417=AXIS2_PLACEMENT_3D('',#5624,#3302,#2891);
#6418=PLANE('',#6417);
#6419=ADVANCED_FACE('',(#6416),#6418,.T.);
#6420=ORIENTED_EDGE('',*,*,#5798,.T.);
#6421=VECTOR('',#367,1.);
#6422=LINE('',#5620,#6421);
#6423=EDGE_CURVE('',#5621,#5230,#6422,.T.);
#6424=ORIENTED_EDGE('',*,*,#6423,.T.);
#6425=ORIENTED_EDGE('',*,*,#5465,.F.);
#6426=ORIENTED_EDGE('',*,*,#6411,.F.);
#6427=EDGE_LOOP('',(#6420,#6424,#6425,#6426));
#6428=FACE_OUTER_BOUND('',#6427,.T.);
#6429=AXIS2_PLACEMENT_3D('',#5622,#3289,#2877);
#6430=PLANE('',#6429);
#6431=ADVANCED_FACE('',(#6428),#6430,.T.);
#6432=ORIENTED_EDGE('',*,*,#5794,.T.);
#6433=VECTOR('',#367,1.);
#6434=LINE('',#5618,#6433);
#6435=EDGE_CURVE('',#5619,#5232,#6434,.T.);
#6436=ORIENTED_EDGE('',*,*,#6435,.T.);
#6437=ORIENTED_EDGE('',*,*,#5469,.F.);
#6438=ORIENTED_EDGE('',*,*,#6423,.F.);
#6439=EDGE_LOOP('',(#6432,#6436,#6437,#6438));
#6440=FACE_OUTER_BOUND('',#6439,.T.);
#6441=AXIS2_PLACEMENT_3D('',#5620,#3276,#2863);
#6442=PLANE('',#6441);
#6443=ADVANCED_FACE('',(#6440),#6442,.T.);
#6444=ORIENTED_EDGE('',*,*,#5790,.T.);
#6445=VECTOR('',#367,1.);
#6446=LINE('',#5616,#6445);
#6447=EDGE_CURVE('',#5617,#5234,#6446,.T.);
#6448=ORIENTED_EDGE('',*,*,#6447,.T.);
#6449=ORIENTED_EDGE('',*,*,#5473,.F.);
#6450=ORIENTED_EDGE('',*,*,#6435,.F.);
#6451=EDGE_LOOP('',(#6444,#6448,#6449,#6450));
#6452=FACE_OUTER_BOUND('',#6451,.T.);
#6453=AXIS2_PLACEMENT_3D('',#5618,#3263,#2849);
#6454=PLANE('',#6453);
#6455=ADVANCED_FACE('',(#6452),#6454,.T.);
#6456=ORIENTED_EDGE('',*,*,#5786,.T.);
#6457=VECTOR('',#367,1.);
#6458=LINE('',#5614,#6457);
#6459=EDGE_CURVE('',#5615,#5236,#6458,.T.);
#6460=ORIENTED_EDGE('',*,*,#6459,.T.);
#6461=ORIENTED_EDGE('',*,*,#5477,.F.);
#6462=ORIENTED_EDGE('',*,*,#6447,.F.);
#6463=EDGE_LOOP('',(#6456,#6460,#6461,#6462));
#6464=FACE_OUTER_BOUND('',#6463,.T.);
#6465=AXIS2_PLACEMENT_3D('',#5616,#3250,#2835);
#6466=PLANE('',#6465);
#6467=ADVANCED_FACE('',(#6464),#6466,.T.);
#6468=ORIENTED_EDGE('',*,*,#5782,.T.);
#6469=VECTOR('',#367,1.);
#6470=LINE('',#5612,#6469);
#6471=EDGE_CURVE('',#5613,#5238,#6470,.T.);
#6472=ORIENTED_EDGE('',*,*,#6471,.T.);
#6473=ORIENTED_EDGE('',*,*,#5481,.F.);
#6474=ORIENTED_EDGE('',*,*,#6459,.F.);
#6475=EDGE_LOOP('',(#6468,#6472,#6473,#6474));
#6476=FACE_OUTER_BOUND('',#6475,.T.);
#6477=AXIS2_PLACEMENT_3D('',#5614,#3237,#2822);
#6478=PLANE('',#6477);
#6479=ADVANCED_FACE('',(#6476),#6478,.T.);
#6480=ORIENTED_EDGE('',*,*,#5778,.T.);
#6481=VECTOR('',#367,1.);
#6482=LINE('',#5610,#6481);
#6483=EDGE_CURVE('',#5611,#5240,#6482,.T.);
#6484=ORIENTED_EDGE('',*,*,#6483,.T.);
#6485=ORIENTED_EDGE('',*,*,#5485,.F.);
#6486=ORIENTED_EDGE('',*,*,#6471,.F.);
#6487=EDGE_LOOP('',(#6480,#6484,#6485,#6486));
#6488=FACE_OUTER_BOUND('',#6487,.T.);
#6489=AXIS2_PLACEMENT_3D('',#5612,#3224,#2808);
#6490=PLANE('',#6489);
#6491=ADVANCED_FACE('',(#6488),#6490,.T.);
#6492=ORIENTED_EDGE('',*,*,#5774,.T.);
#6493=VECTOR('',#367,1.);
#6494=LINE('',#5608,#6493);
#6495=EDGE_CURVE('',#5609,#5242,#6494,.T.);
#6496=ORIENTED_EDGE('',*,*,#6495,.T.);
#6497=ORIENTED_EDGE('',*,*,#5489,.F.);
#6498=ORIENTED_EDGE('',*,*,#6483,.F.);
#6499=EDGE_LOOP('',(#6492,#6496,#6497,#6498));
#6500=FACE_OUTER_BOUND('',#6499,.T.);
#6501=AXIS2_PLACEMENT_3D('',#5610,#3211,#2795);
#6502=PLANE('',#6501);
#6503=ADVANCED_FACE('',(#6500),#6502,.T.);
#6504=ORIENTED_EDGE('',*,*,#5770,.T.);
#6505=VECTOR('',#367,1.);
#6506=LINE('',#5606,#6505);
#6507=EDGE_CURVE('',#5607,#5244,#6506,.T.);
#6508=ORIENTED_EDGE('',*,*,#6507,.T.);
#6509=ORIENTED_EDGE('',*,*,#5493,.F.);
#6510=ORIENTED_EDGE('',*,*,#6495,.F.);
#6511=EDGE_LOOP('',(#6504,#6508,#6509,#6510));
#6512=FACE_OUTER_BOUND('',#6511,.T.);
#6513=AXIS2_PLACEMENT_3D('',#5608,#3198,#2782);
#6514=PLANE('',#6513);
#6515=ADVANCED_FACE('',(#6512),#6514,.T.);
#6516=ORIENTED_EDGE('',*,*,#5766,.T.);
#6517=VECTOR('',#367,1.);
#6518=LINE('',#5604,#6517);
#6519=EDGE_CURVE('',#5605,#5246,#6518,.T.);
#6520=ORIENTED_EDGE('',*,*,#6519,.T.);
#6521=ORIENTED_EDGE('',*,*,#5497,.F.);
#6522=ORIENTED_EDGE('',*,*,#6507,.F.);
#6523=EDGE_LOOP('',(#6516,#6520,#6521,#6522));
#6524=FACE_OUTER_BOUND('',#6523,.T.);
#6525=AXIS2_PLACEMENT_3D('',#5606,#3185,#2769);
#6526=PLANE('',#6525);
#6527=ADVANCED_FACE('',(#6524),#6526,.T.);
#6528=ORIENTED_EDGE('',*,*,#5762,.T.);
#6529=VECTOR('',#367,1.);
#6530=LINE('',#5602,#6529);
#6531=EDGE_CURVE('',#5603,#5248,#6530,.T.);
#6532=ORIENTED_EDGE('',*,*,#6531,.T.);
#6533=ORIENTED_EDGE('',*,*,#5501,.F.);
#6534=ORIENTED_EDGE('',*,*,#6519,.F.);
#6535=EDGE_LOOP('',(#6528,#6532,#6533,#6534));
#6536=FACE_OUTER_BOUND('',#6535,.T.);
#6537=AXIS2_PLACEMENT_3D('',#5604,#3172,#3380);
#6538=PLANE('',#6537);
#6539=ADVANCED_FACE('',(#6536),#6538,.T.);
#6540=ORIENTED_EDGE('',*,*,#5758,.T.);
#6541=VECTOR('',#367,1.);
#6542=LINE('',#5600,#6541);
#6543=EDGE_CURVE('',#5601,#5250,#6542,.T.);
#6544=ORIENTED_EDGE('',*,*,#6543,.T.);
#6545=ORIENTED_EDGE('',*,*,#5505,.F.);
#6546=ORIENTED_EDGE('',*,*,#6531,.F.);
#6547=EDGE_LOOP('',(#6540,#6544,#6545,#6546));
#6548=FACE_OUTER_BOUND('',#6547,.T.);
#6549=AXIS2_PLACEMENT_3D('',#5602,#3159,#3367);
#6550=PLANE('',#6549);
#6551=ADVANCED_FACE('',(#6548),#6550,.T.);
#6552=ORIENTED_EDGE('',*,*,#5754,.T.);
#6553=VECTOR('',#367,1.);
#6554=LINE('',#5598,#6553);
#6555=EDGE_CURVE('',#5599,#5252,#6554,.T.);
#6556=ORIENTED_EDGE('',*,*,#6555,.T.);
#6557=ORIENTED_EDGE('',*,*,#5509,.F.);
#6558=ORIENTED_EDGE('',*,*,#6543,.F.);
#6559=EDGE_LOOP('',(#6552,#6556,#6557,#6558));
#6560=FACE_OUTER_BOUND('',#6559,.T.);
#6561=AXIS2_PLACEMENT_3D('',#5600,#1854,#3354);
#6562=PLANE('',#6561);
#6563=ADVANCED_FACE('',(#6560),#6562,.T.);
#6564=ORIENTED_EDGE('',*,*,#5750,.T.);
#6565=VECTOR('',#367,1.);
#6566=LINE('',#5596,#6565);
#6567=EDGE_CURVE('',#5597,#5254,#6566,.T.);
#6568=ORIENTED_EDGE('',*,*,#6567,.T.);
#6569=ORIENTED_EDGE('',*,*,#5513,.F.);
#6570=ORIENTED_EDGE('',*,*,#6555,.F.);
#6571=EDGE_LOOP('',(#6564,#6568,#6569,#6570));
#6572=FACE_OUTER_BOUND('',#6571,.T.);
#6573=AXIS2_PLACEMENT_3D('',#5598,#1849,#3341);
#6574=PLANE('',#6573);
#6575=ADVANCED_FACE('',(#6572),#6574,.T.);
#6576=ORIENTED_EDGE('',*,*,#5746,.T.);
#6577=VECTOR('',#367,1.);
#6578=LINE('',#5594,#6577);
#6579=EDGE_CURVE('',#5595,#5256,#6578,.T.);
#6580=ORIENTED_EDGE('',*,*,#6579,.T.);
#6581=ORIENTED_EDGE('',*,*,#5517,.F.);
#6582=ORIENTED_EDGE('',*,*,#6567,.F.);
#6583=EDGE_LOOP('',(#6576,#6580,#6581,#6582));
#6584=FACE_OUTER_BOUND('',#6583,.T.);
#6585=AXIS2_PLACEMENT_3D('',#5596,#1844,#3328);
#6586=PLANE('',#6585);
#6587=ADVANCED_FACE('',(#6584),#6586,.T.);
#6588=ORIENTED_EDGE('',*,*,#5742,.T.);
#6589=VECTOR('',#367,1.);
#6590=LINE('',#5592,#6589);
#6591=EDGE_CURVE('',#5593,#5258,#6590,.T.);
#6592=ORIENTED_EDGE('',*,*,#6591,.T.);
#6593=ORIENTED_EDGE('',*,*,#5521,.F.);
#6594=ORIENTED_EDGE('',*,*,#6579,.F.);
#6595=EDGE_LOOP('',(#6588,#6592,#6593,#6594));
#6596=FACE_OUTER_BOUND('',#6595,.T.);
#6597=AXIS2_PLACEMENT_3D('',#5594,#3110,#3315);
#6598=PLANE('',#6597);
#6599=ADVANCED_FACE('',(#6596),#6598,.T.);
#6600=ORIENTED_EDGE('',*,*,#5738,.T.);
#6601=VECTOR('',#367,1.);
#6602=LINE('',#5590,#6601);
#6603=EDGE_CURVE('',#5591,#5260,#6602,.T.);
#6604=ORIENTED_EDGE('',*,*,#6603,.T.);
#6605=ORIENTED_EDGE('',*,*,#5525,.F.);
#6606=ORIENTED_EDGE('',*,*,#6591,.F.);
#6607=EDGE_LOOP('',(#6600,#6604,#6605,#6606));
#6608=FACE_OUTER_BOUND('',#6607,.T.);
#6609=AXIS2_PLACEMENT_3D('',#5592,#1834,#3302);
#6610=PLANE('',#6609);
#6611=ADVANCED_FACE('',(#6608),#6610,.T.);
#6612=ORIENTED_EDGE('',*,*,#5734,.T.);
#6613=VECTOR('',#367,1.);
#6614=LINE('',#5588,#6613);
#6615=EDGE_CURVE('',#5589,#5262,#6614,.T.);
#6616=ORIENTED_EDGE('',*,*,#6615,.T.);
#6617=ORIENTED_EDGE('',*,*,#5529,.F.);
#6618=ORIENTED_EDGE('',*,*,#6603,.F.);
#6619=EDGE_LOOP('',(#6612,#6616,#6617,#6618));
#6620=FACE_OUTER_BOUND('',#6619,.T.);
#6621=AXIS2_PLACEMENT_3D('',#5590,#3085,#3289);
#6622=PLANE('',#6621);
#6623=ADVANCED_FACE('',(#6620),#6622,.T.);
#6624=ORIENTED_EDGE('',*,*,#5730,.T.);
#6625=VECTOR('',#367,1.);
#6626=LINE('',#5586,#6625);
#6627=EDGE_CURVE('',#5587,#5264,#6626,.T.);
#6628=ORIENTED_EDGE('',*,*,#6627,.T.);
#6629=ORIENTED_EDGE('',*,*,#5533,.F.);
#6630=ORIENTED_EDGE('',*,*,#6615,.F.);
#6631=EDGE_LOOP('',(#6624,#6628,#6629,#6630));
#6632=FACE_OUTER_BOUND('',#6631,.T.);
#6633=AXIS2_PLACEMENT_3D('',#5588,#3072,#3276);
#6634=PLANE('',#6633);
#6635=ADVANCED_FACE('',(#6632),#6634,.T.);
#6636=ORIENTED_EDGE('',*,*,#5726,.T.);
#6637=VECTOR('',#367,1.);
#6638=LINE('',#5584,#6637);
#6639=EDGE_CURVE('',#5585,#5266,#6638,.T.);
#6640=ORIENTED_EDGE('',*,*,#6639,.T.);
#6641=ORIENTED_EDGE('',*,*,#5537,.F.);
#6642=ORIENTED_EDGE('',*,*,#6627,.F.);
#6643=EDGE_LOOP('',(#6636,#6640,#6641,#6642));
#6644=FACE_OUTER_BOUND('',#6643,.T.);
#6645=AXIS2_PLACEMENT_3D('',#5586,#3059,#3263);
#6646=PLANE('',#6645);
#6647=ADVANCED_FACE('',(#6644),#6646,.T.);
#6648=ORIENTED_EDGE('',*,*,#5722,.T.);
#6649=VECTOR('',#367,1.);
#6650=LINE('',#5582,#6649);
#6651=EDGE_CURVE('',#5583,#5268,#6650,.T.);
#6652=ORIENTED_EDGE('',*,*,#6651,.T.);
#6653=ORIENTED_EDGE('',*,*,#5541,.F.);
#6654=ORIENTED_EDGE('',*,*,#6639,.F.);
#6655=EDGE_LOOP('',(#6648,#6652,#6653,#6654));
#6656=FACE_OUTER_BOUND('',#6655,.T.);
#6657=AXIS2_PLACEMENT_3D('',#5584,#3046,#3250);
#6658=PLANE('',#6657);
#6659=ADVANCED_FACE('',(#6656),#6658,.T.);
#6660=ORIENTED_EDGE('',*,*,#5718,.T.);
#6661=VECTOR('',#367,1.);
#6662=LINE('',#5580,#6661);
#6663=EDGE_CURVE('',#5581,#5270,#6662,.T.);
#6664=ORIENTED_EDGE('',*,*,#6663,.T.);
#6665=ORIENTED_EDGE('',*,*,#5545,.F.);
#6666=ORIENTED_EDGE('',*,*,#6651,.F.);
#6667=EDGE_LOOP('',(#6660,#6664,#6665,#6666));
#6668=FACE_OUTER_BOUND('',#6667,.T.);
#6669=AXIS2_PLACEMENT_3D('',#5582,#1809,#3237);
#6670=PLANE('',#6669);
#6671=ADVANCED_FACE('',(#6668),#6670,.T.);
#6672=ORIENTED_EDGE('',*,*,#5714,.T.);
#6673=VECTOR('',#367,1.);
#6674=LINE('',#5578,#6673);
#6675=EDGE_CURVE('',#5579,#5272,#6674,.T.);
#6676=ORIENTED_EDGE('',*,*,#6675,.T.);
#6677=ORIENTED_EDGE('',*,*,#5549,.F.);
#6678=ORIENTED_EDGE('',*,*,#6663,.F.);
#6679=EDGE_LOOP('',(#6672,#6676,#6677,#6678));
#6680=FACE_OUTER_BOUND('',#6679,.T.);
#6681=AXIS2_PLACEMENT_3D('',#5580,#3021,#3224);
#6682=PLANE('',#6681);
#6683=ADVANCED_FACE('',(#6680),#6682,.T.);
#6684=ORIENTED_EDGE('',*,*,#5710,.T.);
#6685=VECTOR('',#367,1.);
#6686=LINE('',#5576,#6685);
#6687=EDGE_CURVE('',#5577,#5274,#6686,.T.);
#6688=ORIENTED_EDGE('',*,*,#6687,.T.);
#6689=ORIENTED_EDGE('',*,*,#5553,.F.);
#6690=ORIENTED_EDGE('',*,*,#6675,.F.);
#6691=EDGE_LOOP('',(#6684,#6688,#6689,#6690));
#6692=FACE_OUTER_BOUND('',#6691,.T.);
#6693=AXIS2_PLACEMENT_3D('',#5578,#1799,#3211);
#6694=PLANE('',#6693);
#6695=ADVANCED_FACE('',(#6692),#6694,.T.);
#6696=ORIENTED_EDGE('',*,*,#5706,.T.);
#6697=VECTOR('',#367,1.);
#6698=LINE('',#5574,#6697);
#6699=EDGE_CURVE('',#5575,#5276,#6698,.T.);
#6700=ORIENTED_EDGE('',*,*,#6699,.T.);
#6701=ORIENTED_EDGE('',*,*,#5557,.F.);
#6702=ORIENTED_EDGE('',*,*,#6687,.F.);
#6703=EDGE_LOOP('',(#6696,#6700,#6701,#6702));
#6704=FACE_OUTER_BOUND('',#6703,.T.);
#6705=AXIS2_PLACEMENT_3D('',#5576,#1794,#3198);
#6706=PLANE('',#6705);
#6707=ADVANCED_FACE('',(#6704),#6706,.T.);
#6708=ORIENTED_EDGE('',*,*,#5702,.T.);
#6709=VECTOR('',#367,1.);
#6710=LINE('',#5572,#6709);
#6711=EDGE_CURVE('',#5573,#5278,#6710,.T.);
#6712=ORIENTED_EDGE('',*,*,#6711,.T.);
#6713=ORIENTED_EDGE('',*,*,#5561,.F.);
#6714=ORIENTED_EDGE('',*,*,#6699,.F.);
#6715=EDGE_LOOP('',(#6708,#6712,#6713,#6714));
#6716=FACE_OUTER_BOUND('',#6715,.T.);
#6717=AXIS2_PLACEMENT_3D('',#5574,#1789,#3185);
#6718=PLANE('',#6717);
#6719=ADVANCED_FACE('',(#6716),#6718,.T.);
#6720=ORIENTED_EDGE('',*,*,#5954,.T.);
#6721=ORIENTED_EDGE('',*,*,#5969,.T.);
#6722=ORIENTED_EDGE('',*,*,#5565,.F.);
#6723=ORIENTED_EDGE('',*,*,#6711,.F.);
#6724=EDGE_LOOP('',(#6720,#6721,#6722,#6723));
#6725=FACE_OUTER_BOUND('',#6724,.T.);
#6726=AXIS2_PLACEMENT_3D('',#5572,#2972,#3172);
#6727=PLANE('',#6726);
#6728=ADVANCED_FACE('',(#6725),#6727,.T.);
#6729=CLOSED_SHELL('',(#5571,#5960,#5975,#5987,#5999,#6011,#6023,#6035,#6047,#6059,#6071,#6083,#6095,#6107,#6119,#6131,#6143,#6155,#6167,#6179,#6191,#6203,#6215,#6227,#6239,#6251,#6263,#6275,#6287,#6299,#6311,#6323,#6335,#6347,#6359,#6371,#6383,#6395,#6407,#6419,#6431,#6443,#6455,#6467,#6479,#6491,#6503,#6515,#6527,#6539,#6551,#6563,#6575,#6587,#6599,#6611,#6623,#6635,#6647,#6659,#6671,#6683,#6695,#6707,#6719,#6728));
#6730=MANIFOLD_SOLID_BREP('pin1',#6729);
#6731=CARTESIAN_POINT('',(-31.,-20.5,16.786));
#6732=VERTEX_POINT('',#6731);
#6733=CARTESIAN_POINT('',(-31.0120382,-20.2549571,16.786));
#6734=VERTEX_POINT('',#6733);
#6735=CARTESIAN_POINT('',(-31.0480368,-20.0122742,16.786));
#6736=VERTEX_POINT('',#6735);
#6737=CARTESIAN_POINT('',(-31.1076492,-19.7742883,16.786));
#6738=VERTEX_POINT('',#6737);
#6739=CARTESIAN_POINT('',(-31.1903012,-19.5432914,16.786));
#6740=VERTEX_POINT('',#6739);
#6741=CARTESIAN_POINT('',(-31.2951968,-19.3215082,16.786));
#6742=VERTEX_POINT('',#6741);
#6743=CARTESIAN_POINT('',(-31.421326,-19.1110744,16.786));
#6744=VERTEX_POINT('',#6743);
#6745=CARTESIAN_POINT('',(-31.5674739,-18.9140168,16.786));
#6746=VERTEX_POINT('',#6745);
#6747=CARTESIAN_POINT('',(-31.732233,-18.732233,16.786));
#6748=VERTEX_POINT('',#6747);
#6749=CARTESIAN_POINT('',(-31.9140168,-18.5674739,16.786));
#6750=VERTEX_POINT('',#6749);
#6751=CARTESIAN_POINT('',(-32.1110744,-18.421326,16.786));
#6752=VERTEX_POINT('',#6751);
#6753=CARTESIAN_POINT('',(-32.3215082,-18.2951968,16.786));
#6754=VERTEX_POINT('',#6753);
#6755=CARTESIAN_POINT('',(-32.5432914,-18.1903012,16.786));
#6756=VERTEX_POINT('',#6755);
#6757=CARTESIAN_POINT('',(-32.7742883,-18.1076492,16.786));
#6758=VERTEX_POINT('',#6757);
#6759=CARTESIAN_POINT('',(-33.0122742,-18.0480368,16.786));
#6760=VERTEX_POINT('',#6759);
#6761=CARTESIAN_POINT('',(-33.2549571,-18.0120382,16.786));
#6762=VERTEX_POINT('',#6761);
#6763=CARTESIAN_POINT('',(-33.5,-18.,16.786));
#6764=VERTEX_POINT('',#6763);
#6765=CARTESIAN_POINT('',(-33.7450429,-18.0120382,16.786));
#6766=VERTEX_POINT('',#6765);
#6767=CARTESIAN_POINT('',(-33.9877258,-18.0480368,16.786));
#6768=VERTEX_POINT('',#6767);
#6769=CARTESIAN_POINT('',(-34.2257117,-18.1076492,16.786));
#6770=VERTEX_POINT('',#6769);
#6771=CARTESIAN_POINT('',(-34.4567086,-18.1903012,16.786));
#6772=VERTEX_POINT('',#6771);
#6773=CARTESIAN_POINT('',(-34.6784918,-18.2951968,16.786));
#6774=VERTEX_POINT('',#6773);
#6775=CARTESIAN_POINT('',(-34.8889256,-18.421326,16.786));
#6776=VERTEX_POINT('',#6775);
#6777=CARTESIAN_POINT('',(-35.0859832,-18.5674739,16.786));
#6778=VERTEX_POINT('',#6777);
#6779=CARTESIAN_POINT('',(-35.267767,-18.732233,16.786));
#6780=VERTEX_POINT('',#6779);
#6781=CARTESIAN_POINT('',(-35.4325261,-18.9140168,16.786));
#6782=VERTEX_POINT('',#6781);
#6783=CARTESIAN_POINT('',(-35.578674,-19.1110744,16.786));
#6784=VERTEX_POINT('',#6783);
#6785=CARTESIAN_POINT('',(-35.7048032,-19.3215082,16.786));
#6786=VERTEX_POINT('',#6785);
#6787=CARTESIAN_POINT('',(-35.8096988,-19.5432914,16.786));
#6788=VERTEX_POINT('',#6787);
#6789=CARTESIAN_POINT('',(-35.8923508,-19.7742883,16.786));
#6790=VERTEX_POINT('',#6789);
#6791=CARTESIAN_POINT('',(-35.9519632,-20.0122742,16.786));
#6792=VERTEX_POINT('',#6791);
#6793=CARTESIAN_POINT('',(-35.9879618,-20.2549571,16.786));
#6794=VERTEX_POINT('',#6793);
#6795=CARTESIAN_POINT('',(-36.,-20.5,16.786));
#6796=VERTEX_POINT('',#6795);
#6797=CARTESIAN_POINT('',(-35.9879618,-20.7450429,16.786));
#6798=VERTEX_POINT('',#6797);
#6799=CARTESIAN_POINT('',(-35.9519632,-20.9877258,16.786));
#6800=VERTEX_POINT('',#6799);
#6801=CARTESIAN_POINT('',(-35.8923508,-21.2257117,16.786));
#6802=VERTEX_POINT('',#6801);
#6803=CARTESIAN_POINT('',(-35.8096988,-21.4567086,16.786));
#6804=VERTEX_POINT('',#6803);
#6805=CARTESIAN_POINT('',(-35.7048032,-21.6784918,16.786));
#6806=VERTEX_POINT('',#6805);
#6807=CARTESIAN_POINT('',(-35.578674,-21.8889256,16.786));
#6808=VERTEX_POINT('',#6807);
#6809=CARTESIAN_POINT('',(-35.4325261,-22.0859832,16.786));
#6810=VERTEX_POINT('',#6809);
#6811=CARTESIAN_POINT('',(-35.267767,-22.267767,16.786));
#6812=VERTEX_POINT('',#6811);
#6813=CARTESIAN_POINT('',(-35.0859832,-22.4325261,16.786));
#6814=VERTEX_POINT('',#6813);
#6815=CARTESIAN_POINT('',(-34.8889256,-22.578674,16.786));
#6816=VERTEX_POINT('',#6815);
#6817=CARTESIAN_POINT('',(-34.6784918,-22.7048032,16.786));
#6818=VERTEX_POINT('',#6817);
#6819=CARTESIAN_POINT('',(-34.4567086,-22.8096988,16.786));
#6820=VERTEX_POINT('',#6819);
#6821=CARTESIAN_POINT('',(-34.2257117,-22.8923508,16.786));
#6822=VERTEX_POINT('',#6821);
#6823=CARTESIAN_POINT('',(-33.9877258,-22.9519632,16.786));
#6824=VERTEX_POINT('',#6823);
#6825=CARTESIAN_POINT('',(-33.7450429,-22.9879618,16.786));
#6826=VERTEX_POINT('',#6825);
#6827=CARTESIAN_POINT('',(-33.5,-23.,16.786));
#6828=VERTEX_POINT('',#6827);
#6829=CARTESIAN_POINT('',(-33.2549571,-22.9879618,16.786));
#6830=VERTEX_POINT('',#6829);
#6831=CARTESIAN_POINT('',(-33.0122742,-22.9519632,16.786));
#6832=VERTEX_POINT('',#6831);
#6833=CARTESIAN_POINT('',(-32.7742883,-22.8923508,16.786));
#6834=VERTEX_POINT('',#6833);
#6835=CARTESIAN_POINT('',(-32.5432914,-22.8096988,16.786));
#6836=VERTEX_POINT('',#6835);
#6837=CARTESIAN_POINT('',(-32.3215082,-22.7048032,16.786));
#6838=VERTEX_POINT('',#6837);
#6839=CARTESIAN_POINT('',(-32.1110744,-22.578674,16.786));
#6840=VERTEX_POINT('',#6839);
#6841=CARTESIAN_POINT('',(-31.9140168,-22.4325261,16.786));
#6842=VERTEX_POINT('',#6841);
#6843=CARTESIAN_POINT('',(-31.732233,-22.267767,16.786));
#6844=VERTEX_POINT('',#6843);
#6845=CARTESIAN_POINT('',(-31.5674739,-22.0859832,16.786));
#6846=VERTEX_POINT('',#6845);
#6847=CARTESIAN_POINT('',(-31.421326,-21.8889256,16.786));
#6848=VERTEX_POINT('',#6847);
#6849=CARTESIAN_POINT('',(-31.2951968,-21.6784918,16.786));
#6850=VERTEX_POINT('',#6849);
#6851=CARTESIAN_POINT('',(-31.1903012,-21.4567086,16.786));
#6852=VERTEX_POINT('',#6851);
#6853=CARTESIAN_POINT('',(-31.1076492,-21.2257117,16.786));
#6854=VERTEX_POINT('',#6853);
#6855=CARTESIAN_POINT('',(-31.0480368,-20.9877258,16.786));
#6856=VERTEX_POINT('',#6855);
#6857=CARTESIAN_POINT('',(-31.0120382,-20.7450429,16.786));
#6858=VERTEX_POINT('',#6857);
#6859=VECTOR('',#3703,1.);
#6860=LINE('',#6733,#6859);
#6861=EDGE_CURVE('',#6734,#6732,#6860,.T.);
#6862=ORIENTED_EDGE('',*,*,#6861,.F.);
#6863=VECTOR('',#3708,1.);
#6864=LINE('',#6735,#6863);
#6865=EDGE_CURVE('',#6736,#6734,#6864,.T.);
#6866=ORIENTED_EDGE('',*,*,#6865,.F.);
#6867=VECTOR('',#3713,1.);
#6868=LINE('',#6737,#6867);
#6869=EDGE_CURVE('',#6738,#6736,#6868,.T.);
#6870=ORIENTED_EDGE('',*,*,#6869,.F.);
#6871=VECTOR('',#1844,1.);
#6872=LINE('',#6739,#6871);
#6873=EDGE_CURVE('',#6740,#6738,#6872,.T.);
#6874=ORIENTED_EDGE('',*,*,#6873,.F.);
#6875=VECTOR('',#3722,1.);
#6876=LINE('',#6741,#6875);
#6877=EDGE_CURVE('',#6742,#6740,#6876,.T.);
#6878=ORIENTED_EDGE('',*,*,#6877,.F.);
#6879=VECTOR('',#3727,1.);
#6880=LINE('',#6743,#6879);
#6881=EDGE_CURVE('',#6744,#6742,#6880,.T.);
#6882=ORIENTED_EDGE('',*,*,#6881,.F.);
#6883=VECTOR('',#3732,1.);
#6884=LINE('',#6745,#6883);
#6885=EDGE_CURVE('',#6746,#6744,#6884,.T.);
#6886=ORIENTED_EDGE('',*,*,#6885,.F.);
#6887=VECTOR('',#3737,1.);
#6888=LINE('',#6747,#6887);
#6889=EDGE_CURVE('',#6748,#6746,#6888,.T.);
#6890=ORIENTED_EDGE('',*,*,#6889,.F.);
#6891=VECTOR('',#3742,1.);
#6892=LINE('',#6749,#6891);
#6893=EDGE_CURVE('',#6750,#6748,#6892,.T.);
#6894=ORIENTED_EDGE('',*,*,#6893,.F.);
#6895=VECTOR('',#3747,1.);
#6896=LINE('',#6751,#6895);
#6897=EDGE_CURVE('',#6752,#6750,#6896,.T.);
#6898=ORIENTED_EDGE('',*,*,#6897,.F.);
#6899=VECTOR('',#3752,1.);
#6900=LINE('',#6753,#6899);
#6901=EDGE_CURVE('',#6754,#6752,#6900,.T.);
#6902=ORIENTED_EDGE('',*,*,#6901,.F.);
#6903=VECTOR('',#3757,1.);
#6904=LINE('',#6755,#6903);
#6905=EDGE_CURVE('',#6756,#6754,#6904,.T.);
#6906=ORIENTED_EDGE('',*,*,#6905,.F.);
#6907=VECTOR('',#1799,1.);
#6908=LINE('',#6757,#6907);
#6909=EDGE_CURVE('',#6758,#6756,#6908,.T.);
#6910=ORIENTED_EDGE('',*,*,#6909,.F.);
#6911=VECTOR('',#3766,1.);
#6912=LINE('',#6759,#6911);
#6913=EDGE_CURVE('',#6760,#6758,#6912,.T.);
#6914=ORIENTED_EDGE('',*,*,#6913,.F.);
#6915=VECTOR('',#3771,1.);
#6916=LINE('',#6761,#6915);
#6917=EDGE_CURVE('',#6762,#6760,#6916,.T.);
#6918=ORIENTED_EDGE('',*,*,#6917,.F.);
#6919=VECTOR('',#3776,1.);
#6920=LINE('',#6763,#6919);
#6921=EDGE_CURVE('',#6764,#6762,#6920,.T.);
#6922=ORIENTED_EDGE('',*,*,#6921,.F.);
#6923=VECTOR('',#3781,1.);
#6924=LINE('',#6765,#6923);
#6925=EDGE_CURVE('',#6766,#6764,#6924,.T.);
#6926=ORIENTED_EDGE('',*,*,#6925,.F.);
#6927=VECTOR('',#3786,1.);
#6928=LINE('',#6767,#6927);
#6929=EDGE_CURVE('',#6768,#6766,#6928,.T.);
#6930=ORIENTED_EDGE('',*,*,#6929,.F.);
#6931=VECTOR('',#3791,1.);
#6932=LINE('',#6769,#6931);
#6933=EDGE_CURVE('',#6770,#6768,#6932,.T.);
#6934=ORIENTED_EDGE('',*,*,#6933,.F.);
#6935=VECTOR('',#1764,1.);
#6936=LINE('',#6771,#6935);
#6937=EDGE_CURVE('',#6772,#6770,#6936,.T.);
#6938=ORIENTED_EDGE('',*,*,#6937,.F.);
#6939=VECTOR('',#3800,1.);
#6940=LINE('',#6773,#6939);
#6941=EDGE_CURVE('',#6774,#6772,#6940,.T.);
#6942=ORIENTED_EDGE('',*,*,#6941,.F.);
#6943=VECTOR('',#3805,1.);
#6944=LINE('',#6775,#6943);
#6945=EDGE_CURVE('',#6776,#6774,#6944,.T.);
#6946=ORIENTED_EDGE('',*,*,#6945,.F.);
#6947=VECTOR('',#3810,1.);
#6948=LINE('',#6777,#6947);
#6949=EDGE_CURVE('',#6778,#6776,#6948,.T.);
#6950=ORIENTED_EDGE('',*,*,#6949,.F.);
#6951=VECTOR('',#3815,1.);
#6952=LINE('',#6779,#6951);
#6953=EDGE_CURVE('',#6780,#6778,#6952,.T.);
#6954=ORIENTED_EDGE('',*,*,#6953,.F.);
#6955=VECTOR('',#3820,1.);
#6956=LINE('',#6781,#6955);
#6957=EDGE_CURVE('',#6782,#6780,#6956,.T.);
#6958=ORIENTED_EDGE('',*,*,#6957,.F.);
#6959=VECTOR('',#3825,1.);
#6960=LINE('',#6783,#6959);
#6961=EDGE_CURVE('',#6784,#6782,#6960,.T.);
#6962=ORIENTED_EDGE('',*,*,#6961,.F.);
#6963=VECTOR('',#3830,1.);
#6964=LINE('',#6785,#6963);
#6965=EDGE_CURVE('',#6786,#6784,#6964,.T.);
#6966=ORIENTED_EDGE('',*,*,#6965,.F.);
#6967=VECTOR('',#3835,1.);
#6968=LINE('',#6787,#6967);
#6969=EDGE_CURVE('',#6788,#6786,#6968,.T.);
#6970=ORIENTED_EDGE('',*,*,#6969,.F.);
#6971=VECTOR('',#1719,1.);
#6972=LINE('',#6789,#6971);
#6973=EDGE_CURVE('',#6790,#6788,#6972,.T.);
#6974=ORIENTED_EDGE('',*,*,#6973,.F.);
#6975=VECTOR('',#3844,1.);
#6976=LINE('',#6791,#6975);
#6977=EDGE_CURVE('',#6792,#6790,#6976,.T.);
#6978=ORIENTED_EDGE('',*,*,#6977,.F.);
#6979=VECTOR('',#3849,1.);
#6980=LINE('',#6793,#6979);
#6981=EDGE_CURVE('',#6794,#6792,#6980,.T.);
#6982=ORIENTED_EDGE('',*,*,#6981,.F.);
#6983=VECTOR('',#3854,1.);
#6984=LINE('',#6795,#6983);
#6985=EDGE_CURVE('',#6796,#6794,#6984,.T.);
#6986=ORIENTED_EDGE('',*,*,#6985,.F.);
#6987=VECTOR('',#3703,1.);
#6988=LINE('',#6795,#6987);
#6989=EDGE_CURVE('',#6796,#6798,#6988,.T.);
#6990=ORIENTED_EDGE('',*,*,#6989,.T.);
#6991=VECTOR('',#3708,1.);
#6992=LINE('',#6797,#6991);
#6993=EDGE_CURVE('',#6798,#6800,#6992,.T.);
#6994=ORIENTED_EDGE('',*,*,#6993,.T.);
#6995=VECTOR('',#3713,1.);
#6996=LINE('',#6799,#6995);
#6997=EDGE_CURVE('',#6800,#6802,#6996,.T.);
#6998=ORIENTED_EDGE('',*,*,#6997,.T.);
#6999=VECTOR('',#1844,1.);
#7000=LINE('',#6801,#6999);
#7001=EDGE_CURVE('',#6802,#6804,#7000,.T.);
#7002=ORIENTED_EDGE('',*,*,#7001,.T.);
#7003=VECTOR('',#3722,1.);
#7004=LINE('',#6803,#7003);
#7005=EDGE_CURVE('',#6804,#6806,#7004,.T.);
#7006=ORIENTED_EDGE('',*,*,#7005,.T.);
#7007=VECTOR('',#3727,1.);
#7008=LINE('',#6805,#7007);
#7009=EDGE_CURVE('',#6806,#6808,#7008,.T.);
#7010=ORIENTED_EDGE('',*,*,#7009,.T.);
#7011=VECTOR('',#3732,1.);
#7012=LINE('',#6807,#7011);
#7013=EDGE_CURVE('',#6808,#6810,#7012,.T.);
#7014=ORIENTED_EDGE('',*,*,#7013,.T.);
#7015=VECTOR('',#3737,1.);
#7016=LINE('',#6809,#7015);
#7017=EDGE_CURVE('',#6810,#6812,#7016,.T.);
#7018=ORIENTED_EDGE('',*,*,#7017,.T.);
#7019=VECTOR('',#3742,1.);
#7020=LINE('',#6811,#7019);
#7021=EDGE_CURVE('',#6812,#6814,#7020,.T.);
#7022=ORIENTED_EDGE('',*,*,#7021,.T.);
#7023=VECTOR('',#3747,1.);
#7024=LINE('',#6813,#7023);
#7025=EDGE_CURVE('',#6814,#6816,#7024,.T.);
#7026=ORIENTED_EDGE('',*,*,#7025,.T.);
#7027=VECTOR('',#3752,1.);
#7028=LINE('',#6815,#7027);
#7029=EDGE_CURVE('',#6816,#6818,#7028,.T.);
#7030=ORIENTED_EDGE('',*,*,#7029,.T.);
#7031=VECTOR('',#3757,1.);
#7032=LINE('',#6817,#7031);
#7033=EDGE_CURVE('',#6818,#6820,#7032,.T.);
#7034=ORIENTED_EDGE('',*,*,#7033,.T.);
#7035=VECTOR('',#1799,1.);
#7036=LINE('',#6819,#7035);
#7037=EDGE_CURVE('',#6820,#6822,#7036,.T.);
#7038=ORIENTED_EDGE('',*,*,#7037,.T.);
#7039=VECTOR('',#3766,1.);
#7040=LINE('',#6821,#7039);
#7041=EDGE_CURVE('',#6822,#6824,#7040,.T.);
#7042=ORIENTED_EDGE('',*,*,#7041,.T.);
#7043=VECTOR('',#3771,1.);
#7044=LINE('',#6823,#7043);
#7045=EDGE_CURVE('',#6824,#6826,#7044,.T.);
#7046=ORIENTED_EDGE('',*,*,#7045,.T.);
#7047=VECTOR('',#3776,1.);
#7048=LINE('',#6825,#7047);
#7049=EDGE_CURVE('',#6826,#6828,#7048,.T.);
#7050=ORIENTED_EDGE('',*,*,#7049,.T.);
#7051=VECTOR('',#3781,1.);
#7052=LINE('',#6827,#7051);
#7053=EDGE_CURVE('',#6828,#6830,#7052,.T.);
#7054=ORIENTED_EDGE('',*,*,#7053,.T.);
#7055=VECTOR('',#3786,1.);
#7056=LINE('',#6829,#7055);
#7057=EDGE_CURVE('',#6830,#6832,#7056,.T.);
#7058=ORIENTED_EDGE('',*,*,#7057,.T.);
#7059=VECTOR('',#3791,1.);
#7060=LINE('',#6831,#7059);
#7061=EDGE_CURVE('',#6832,#6834,#7060,.T.);
#7062=ORIENTED_EDGE('',*,*,#7061,.T.);
#7063=VECTOR('',#1764,1.);
#7064=LINE('',#6833,#7063);
#7065=EDGE_CURVE('',#6834,#6836,#7064,.T.);
#7066=ORIENTED_EDGE('',*,*,#7065,.T.);
#7067=VECTOR('',#3800,1.);
#7068=LINE('',#6835,#7067);
#7069=EDGE_CURVE('',#6836,#6838,#7068,.T.);
#7070=ORIENTED_EDGE('',*,*,#7069,.T.);
#7071=VECTOR('',#3805,1.);
#7072=LINE('',#6837,#7071);
#7073=EDGE_CURVE('',#6838,#6840,#7072,.T.);
#7074=ORIENTED_EDGE('',*,*,#7073,.T.);
#7075=VECTOR('',#3810,1.);
#7076=LINE('',#6839,#7075);
#7077=EDGE_CURVE('',#6840,#6842,#7076,.T.);
#7078=ORIENTED_EDGE('',*,*,#7077,.T.);
#7079=VECTOR('',#3815,1.);
#7080=LINE('',#6841,#7079);
#7081=EDGE_CURVE('',#6842,#6844,#7080,.T.);
#7082=ORIENTED_EDGE('',*,*,#7081,.T.);
#7083=VECTOR('',#3820,1.);
#7084=LINE('',#6843,#7083);
#7085=EDGE_CURVE('',#6844,#6846,#7084,.T.);
#7086=ORIENTED_EDGE('',*,*,#7085,.T.);
#7087=VECTOR('',#3825,1.);
#7088=LINE('',#6845,#7087);
#7089=EDGE_CURVE('',#6846,#6848,#7088,.T.);
#7090=ORIENTED_EDGE('',*,*,#7089,.T.);
#7091=VECTOR('',#3830,1.);
#7092=LINE('',#6847,#7091);
#7093=EDGE_CURVE('',#6848,#6850,#7092,.T.);
#7094=ORIENTED_EDGE('',*,*,#7093,.T.);
#7095=VECTOR('',#3835,1.);
#7096=LINE('',#6849,#7095);
#7097=EDGE_CURVE('',#6850,#6852,#7096,.T.);
#7098=ORIENTED_EDGE('',*,*,#7097,.T.);
#7099=VECTOR('',#1719,1.);
#7100=LINE('',#6851,#7099);
#7101=EDGE_CURVE('',#6852,#6854,#7100,.T.);
#7102=ORIENTED_EDGE('',*,*,#7101,.T.);
#7103=VECTOR('',#3844,1.);
#7104=LINE('',#6853,#7103);
#7105=EDGE_CURVE('',#6854,#6856,#7104,.T.);
#7106=ORIENTED_EDGE('',*,*,#7105,.T.);
#7107=VECTOR('',#3849,1.);
#7108=LINE('',#6855,#7107);
#7109=EDGE_CURVE('',#6856,#6858,#7108,.T.);
#7110=ORIENTED_EDGE('',*,*,#7109,.T.);
#7111=VECTOR('',#3854,1.);
#7112=LINE('',#6857,#7111);
#7113=EDGE_CURVE('',#6858,#6732,#7112,.T.);
#7114=ORIENTED_EDGE('',*,*,#7113,.T.);
#7115=EDGE_LOOP('',(#6862,#6866,#6870,#6874,#6878,#6882,#6886,#6890,#6894,#6898,#6902,#6906,#6910,#6914,#6918,#6922,#6926,#6930,#6934,#6938,#6942,#6946,#6950,#6954,#6958,#6962,#6966,#6970,#6974,#6978,#6982,#6986,#6990,#6994,#6998,#7002,#7006,#7010,#7014,#7018,#7022,#7026,#7030,#7034,#7038,#7042,#7046,#7050,#7054,#7058,#7062,#7066,#7070,#7074,#7078,#7082,#7086,#7090,#7094,#7098,#7102,#7106,#7110,#7114));
#7116=FACE_OUTER_BOUND('',#7115,.T.);
#7117=AXIS2_PLACEMENT_3D('',#6731,#367,#87);
#7118=PLANE('',#7117);
#7119=ADVANCED_FACE('',(#7116),#7118,.T.);
#7120=CARTESIAN_POINT('',(-31.0120382,-20.7450429,0.));
#7121=VERTEX_POINT('',#7120);
#7122=CARTESIAN_POINT('',(-31.0480368,-20.9877258,0.));
#7123=VERTEX_POINT('',#7122);
#7124=CARTESIAN_POINT('',(-31.1076492,-21.2257117,0.));
#7125=VERTEX_POINT('',#7124);
#7126=CARTESIAN_POINT('',(-31.1903012,-21.4567086,0.));
#7127=VERTEX_POINT('',#7126);
#7128=CARTESIAN_POINT('',(-31.2951968,-21.6784918,0.));
#7129=VERTEX_POINT('',#7128);
#7130=CARTESIAN_POINT('',(-31.421326,-21.8889256,0.));
#7131=VERTEX_POINT('',#7130);
#7132=CARTESIAN_POINT('',(-31.5674739,-22.0859832,0.));
#7133=VERTEX_POINT('',#7132);
#7134=CARTESIAN_POINT('',(-31.732233,-22.267767,0.));
#7135=VERTEX_POINT('',#7134);
#7136=CARTESIAN_POINT('',(-31.9140168,-22.4325261,0.));
#7137=VERTEX_POINT('',#7136);
#7138=CARTESIAN_POINT('',(-32.1110744,-22.578674,0.));
#7139=VERTEX_POINT('',#7138);
#7140=CARTESIAN_POINT('',(-32.3215082,-22.7048032,0.));
#7141=VERTEX_POINT('',#7140);
#7142=CARTESIAN_POINT('',(-32.5432914,-22.8096988,0.));
#7143=VERTEX_POINT('',#7142);
#7144=CARTESIAN_POINT('',(-32.7742883,-22.8923508,0.));
#7145=VERTEX_POINT('',#7144);
#7146=CARTESIAN_POINT('',(-33.0122742,-22.9519632,0.));
#7147=VERTEX_POINT('',#7146);
#7148=CARTESIAN_POINT('',(-33.2549571,-22.9879618,0.));
#7149=VERTEX_POINT('',#7148);
#7150=CARTESIAN_POINT('',(-33.5,-23.,0.));
#7151=VERTEX_POINT('',#7150);
#7152=CARTESIAN_POINT('',(-33.7450429,-22.9879618,0.));
#7153=VERTEX_POINT('',#7152);
#7154=CARTESIAN_POINT('',(-33.9877258,-22.9519632,0.));
#7155=VERTEX_POINT('',#7154);
#7156=CARTESIAN_POINT('',(-34.2257117,-22.8923508,0.));
#7157=VERTEX_POINT('',#7156);
#7158=CARTESIAN_POINT('',(-34.4567086,-22.8096988,0.));
#7159=VERTEX_POINT('',#7158);
#7160=CARTESIAN_POINT('',(-34.6784918,-22.7048032,0.));
#7161=VERTEX_POINT('',#7160);
#7162=CARTESIAN_POINT('',(-34.8889256,-22.578674,0.));
#7163=VERTEX_POINT('',#7162);
#7164=CARTESIAN_POINT('',(-35.0859832,-22.4325261,0.));
#7165=VERTEX_POINT('',#7164);
#7166=CARTESIAN_POINT('',(-35.267767,-22.267767,0.));
#7167=VERTEX_POINT('',#7166);
#7168=CARTESIAN_POINT('',(-35.4325261,-22.0859832,0.));
#7169=VERTEX_POINT('',#7168);
#7170=CARTESIAN_POINT('',(-35.578674,-21.8889256,0.));
#7171=VERTEX_POINT('',#7170);
#7172=CARTESIAN_POINT('',(-35.7048032,-21.6784918,0.));
#7173=VERTEX_POINT('',#7172);
#7174=CARTESIAN_POINT('',(-35.8096988,-21.4567086,0.));
#7175=VERTEX_POINT('',#7174);
#7176=CARTESIAN_POINT('',(-35.8923508,-21.2257117,0.));
#7177=VERTEX_POINT('',#7176);
#7178=CARTESIAN_POINT('',(-35.9519632,-20.9877258,0.));
#7179=VERTEX_POINT('',#7178);
#7180=CARTESIAN_POINT('',(-35.9879618,-20.7450429,0.));
#7181=VERTEX_POINT('',#7180);
#7182=CARTESIAN_POINT('',(-36.,-20.5,0.));
#7183=VERTEX_POINT('',#7182);
#7184=CARTESIAN_POINT('',(-35.9879618,-20.2549571,0.));
#7185=VERTEX_POINT('',#7184);
#7186=CARTESIAN_POINT('',(-35.9519632,-20.0122742,0.));
#7187=VERTEX_POINT('',#7186);
#7188=CARTESIAN_POINT('',(-35.8923508,-19.7742883,0.));
#7189=VERTEX_POINT('',#7188);
#7190=CARTESIAN_POINT('',(-35.8096988,-19.5432914,0.));
#7191=VERTEX_POINT('',#7190);
#7192=CARTESIAN_POINT('',(-35.7048032,-19.3215082,0.));
#7193=VERTEX_POINT('',#7192);
#7194=CARTESIAN_POINT('',(-35.578674,-19.1110744,0.));
#7195=VERTEX_POINT('',#7194);
#7196=CARTESIAN_POINT('',(-35.4325261,-18.9140168,0.));
#7197=VERTEX_POINT('',#7196);
#7198=CARTESIAN_POINT('',(-35.267767,-18.732233,0.));
#7199=VERTEX_POINT('',#7198);
#7200=CARTESIAN_POINT('',(-35.0859832,-18.5674739,0.));
#7201=VERTEX_POINT('',#7200);
#7202=CARTESIAN_POINT('',(-34.8889256,-18.421326,0.));
#7203=VERTEX_POINT('',#7202);
#7204=CARTESIAN_POINT('',(-34.6784918,-18.2951968,0.));
#7205=VERTEX_POINT('',#7204);
#7206=CARTESIAN_POINT('',(-34.4567086,-18.1903012,0.));
#7207=VERTEX_POINT('',#7206);
#7208=CARTESIAN_POINT('',(-34.2257117,-18.1076492,0.));
#7209=VERTEX_POINT('',#7208);
#7210=CARTESIAN_POINT('',(-33.9877258,-18.0480368,0.));
#7211=VERTEX_POINT('',#7210);
#7212=CARTESIAN_POINT('',(-33.7450429,-18.0120382,0.));
#7213=VERTEX_POINT('',#7212);
#7214=CARTESIAN_POINT('',(-33.5,-18.,0.));
#7215=VERTEX_POINT('',#7214);
#7216=CARTESIAN_POINT('',(-33.2549571,-18.0120382,0.));
#7217=VERTEX_POINT('',#7216);
#7218=CARTESIAN_POINT('',(-33.0122742,-18.0480368,0.));
#7219=VERTEX_POINT('',#7218);
#7220=CARTESIAN_POINT('',(-32.7742883,-18.1076492,0.));
#7221=VERTEX_POINT('',#7220);
#7222=CARTESIAN_POINT('',(-32.5432914,-18.1903012,0.));
#7223=VERTEX_POINT('',#7222);
#7224=CARTESIAN_POINT('',(-32.3215082,-18.2951968,0.));
#7225=VERTEX_POINT('',#7224);
#7226=CARTESIAN_POINT('',(-32.1110744,-18.421326,0.));
#7227=VERTEX_POINT('',#7226);
#7228=CARTESIAN_POINT('',(-31.9140168,-18.5674739,0.));
#7229=VERTEX_POINT('',#7228);
#7230=CARTESIAN_POINT('',(-31.732233,-18.732233,0.));
#7231=VERTEX_POINT('',#7230);
#7232=CARTESIAN_POINT('',(-31.5674739,-18.9140168,0.));
#7233=VERTEX_POINT('',#7232);
#7234=CARTESIAN_POINT('',(-31.421326,-19.1110744,0.));
#7235=VERTEX_POINT('',#7234);
#7236=CARTESIAN_POINT('',(-31.2951968,-19.3215082,0.));
#7237=VERTEX_POINT('',#7236);
#7238=CARTESIAN_POINT('',(-31.1903012,-19.5432914,0.));
#7239=VERTEX_POINT('',#7238);
#7240=CARTESIAN_POINT('',(-31.1076492,-19.7742883,0.));
#7241=VERTEX_POINT('',#7240);
#7242=CARTESIAN_POINT('',(-31.0480368,-20.0122742,0.));
#7243=VERTEX_POINT('',#7242);
#7244=CARTESIAN_POINT('',(-31.0120382,-20.2549571,0.));
#7245=VERTEX_POINT('',#7244);
#7246=CARTESIAN_POINT('',(-31.,-20.5,0.));
#7247=VERTEX_POINT('',#7246);
#7248=VECTOR('',#3849,1.);
#7249=LINE('',#7122,#7248);
#7250=EDGE_CURVE('',#7123,#7121,#7249,.T.);
#7251=ORIENTED_EDGE('',*,*,#7250,.F.);
#7252=VECTOR('',#3844,1.);
#7253=LINE('',#7124,#7252);
#7254=EDGE_CURVE('',#7125,#7123,#7253,.T.);
#7255=ORIENTED_EDGE('',*,*,#7254,.F.);
#7256=VECTOR('',#1719,1.);
#7257=LINE('',#7126,#7256);
#7258=EDGE_CURVE('',#7127,#7125,#7257,.T.);
#7259=ORIENTED_EDGE('',*,*,#7258,.F.);
#7260=VECTOR('',#3835,1.);
#7261=LINE('',#7128,#7260);
#7262=EDGE_CURVE('',#7129,#7127,#7261,.T.);
#7263=ORIENTED_EDGE('',*,*,#7262,.F.);
#7264=VECTOR('',#3830,1.);
#7265=LINE('',#7130,#7264);
#7266=EDGE_CURVE('',#7131,#7129,#7265,.T.);
#7267=ORIENTED_EDGE('',*,*,#7266,.F.);
#7268=VECTOR('',#3825,1.);
#7269=LINE('',#7132,#7268);
#7270=EDGE_CURVE('',#7133,#7131,#7269,.T.);
#7271=ORIENTED_EDGE('',*,*,#7270,.F.);
#7272=VECTOR('',#3820,1.);
#7273=LINE('',#7134,#7272);
#7274=EDGE_CURVE('',#7135,#7133,#7273,.T.);
#7275=ORIENTED_EDGE('',*,*,#7274,.F.);
#7276=VECTOR('',#3815,1.);
#7277=LINE('',#7136,#7276);
#7278=EDGE_CURVE('',#7137,#7135,#7277,.T.);
#7279=ORIENTED_EDGE('',*,*,#7278,.F.);
#7280=VECTOR('',#3810,1.);
#7281=LINE('',#7138,#7280);
#7282=EDGE_CURVE('',#7139,#7137,#7281,.T.);
#7283=ORIENTED_EDGE('',*,*,#7282,.F.);
#7284=VECTOR('',#3805,1.);
#7285=LINE('',#7140,#7284);
#7286=EDGE_CURVE('',#7141,#7139,#7285,.T.);
#7287=ORIENTED_EDGE('',*,*,#7286,.F.);
#7288=VECTOR('',#3800,1.);
#7289=LINE('',#7142,#7288);
#7290=EDGE_CURVE('',#7143,#7141,#7289,.T.);
#7291=ORIENTED_EDGE('',*,*,#7290,.F.);
#7292=VECTOR('',#1764,1.);
#7293=LINE('',#7144,#7292);
#7294=EDGE_CURVE('',#7145,#7143,#7293,.T.);
#7295=ORIENTED_EDGE('',*,*,#7294,.F.);
#7296=VECTOR('',#3791,1.);
#7297=LINE('',#7146,#7296);
#7298=EDGE_CURVE('',#7147,#7145,#7297,.T.);
#7299=ORIENTED_EDGE('',*,*,#7298,.F.);
#7300=VECTOR('',#3786,1.);
#7301=LINE('',#7148,#7300);
#7302=EDGE_CURVE('',#7149,#7147,#7301,.T.);
#7303=ORIENTED_EDGE('',*,*,#7302,.F.);
#7304=VECTOR('',#3781,1.);
#7305=LINE('',#7150,#7304);
#7306=EDGE_CURVE('',#7151,#7149,#7305,.T.);
#7307=ORIENTED_EDGE('',*,*,#7306,.F.);
#7308=VECTOR('',#3776,1.);
#7309=LINE('',#7152,#7308);
#7310=EDGE_CURVE('',#7153,#7151,#7309,.T.);
#7311=ORIENTED_EDGE('',*,*,#7310,.F.);
#7312=VECTOR('',#3771,1.);
#7313=LINE('',#7154,#7312);
#7314=EDGE_CURVE('',#7155,#7153,#7313,.T.);
#7315=ORIENTED_EDGE('',*,*,#7314,.F.);
#7316=VECTOR('',#3766,1.);
#7317=LINE('',#7156,#7316);
#7318=EDGE_CURVE('',#7157,#7155,#7317,.T.);
#7319=ORIENTED_EDGE('',*,*,#7318,.F.);
#7320=VECTOR('',#1799,1.);
#7321=LINE('',#7158,#7320);
#7322=EDGE_CURVE('',#7159,#7157,#7321,.T.);
#7323=ORIENTED_EDGE('',*,*,#7322,.F.);
#7324=VECTOR('',#3757,1.);
#7325=LINE('',#7160,#7324);
#7326=EDGE_CURVE('',#7161,#7159,#7325,.T.);
#7327=ORIENTED_EDGE('',*,*,#7326,.F.);
#7328=VECTOR('',#3752,1.);
#7329=LINE('',#7162,#7328);
#7330=EDGE_CURVE('',#7163,#7161,#7329,.T.);
#7331=ORIENTED_EDGE('',*,*,#7330,.F.);
#7332=VECTOR('',#3747,1.);
#7333=LINE('',#7164,#7332);
#7334=EDGE_CURVE('',#7165,#7163,#7333,.T.);
#7335=ORIENTED_EDGE('',*,*,#7334,.F.);
#7336=VECTOR('',#3742,1.);
#7337=LINE('',#7166,#7336);
#7338=EDGE_CURVE('',#7167,#7165,#7337,.T.);
#7339=ORIENTED_EDGE('',*,*,#7338,.F.);
#7340=VECTOR('',#3737,1.);
#7341=LINE('',#7168,#7340);
#7342=EDGE_CURVE('',#7169,#7167,#7341,.T.);
#7343=ORIENTED_EDGE('',*,*,#7342,.F.);
#7344=VECTOR('',#3732,1.);
#7345=LINE('',#7170,#7344);
#7346=EDGE_CURVE('',#7171,#7169,#7345,.T.);
#7347=ORIENTED_EDGE('',*,*,#7346,.F.);
#7348=VECTOR('',#3727,1.);
#7349=LINE('',#7172,#7348);
#7350=EDGE_CURVE('',#7173,#7171,#7349,.T.);
#7351=ORIENTED_EDGE('',*,*,#7350,.F.);
#7352=VECTOR('',#3722,1.);
#7353=LINE('',#7174,#7352);
#7354=EDGE_CURVE('',#7175,#7173,#7353,.T.);
#7355=ORIENTED_EDGE('',*,*,#7354,.F.);
#7356=VECTOR('',#1844,1.);
#7357=LINE('',#7176,#7356);
#7358=EDGE_CURVE('',#7177,#7175,#7357,.T.);
#7359=ORIENTED_EDGE('',*,*,#7358,.F.);
#7360=VECTOR('',#3713,1.);
#7361=LINE('',#7178,#7360);
#7362=EDGE_CURVE('',#7179,#7177,#7361,.T.);
#7363=ORIENTED_EDGE('',*,*,#7362,.F.);
#7364=VECTOR('',#3708,1.);
#7365=LINE('',#7180,#7364);
#7366=EDGE_CURVE('',#7181,#7179,#7365,.T.);
#7367=ORIENTED_EDGE('',*,*,#7366,.F.);
#7368=VECTOR('',#3703,1.);
#7369=LINE('',#7182,#7368);
#7370=EDGE_CURVE('',#7183,#7181,#7369,.T.);
#7371=ORIENTED_EDGE('',*,*,#7370,.F.);
#7372=VECTOR('',#3854,1.);
#7373=LINE('',#7182,#7372);
#7374=EDGE_CURVE('',#7183,#7185,#7373,.T.);
#7375=ORIENTED_EDGE('',*,*,#7374,.T.);
#7376=VECTOR('',#3849,1.);
#7377=LINE('',#7184,#7376);
#7378=EDGE_CURVE('',#7185,#7187,#7377,.T.);
#7379=ORIENTED_EDGE('',*,*,#7378,.T.);
#7380=VECTOR('',#3844,1.);
#7381=LINE('',#7186,#7380);
#7382=EDGE_CURVE('',#7187,#7189,#7381,.T.);
#7383=ORIENTED_EDGE('',*,*,#7382,.T.);
#7384=VECTOR('',#1719,1.);
#7385=LINE('',#7188,#7384);
#7386=EDGE_CURVE('',#7189,#7191,#7385,.T.);
#7387=ORIENTED_EDGE('',*,*,#7386,.T.);
#7388=VECTOR('',#3835,1.);
#7389=LINE('',#7190,#7388);
#7390=EDGE_CURVE('',#7191,#7193,#7389,.T.);
#7391=ORIENTED_EDGE('',*,*,#7390,.T.);
#7392=VECTOR('',#3830,1.);
#7393=LINE('',#7192,#7392);
#7394=EDGE_CURVE('',#7193,#7195,#7393,.T.);
#7395=ORIENTED_EDGE('',*,*,#7394,.T.);
#7396=VECTOR('',#3825,1.);
#7397=LINE('',#7194,#7396);
#7398=EDGE_CURVE('',#7195,#7197,#7397,.T.);
#7399=ORIENTED_EDGE('',*,*,#7398,.T.);
#7400=VECTOR('',#3820,1.);
#7401=LINE('',#7196,#7400);
#7402=EDGE_CURVE('',#7197,#7199,#7401,.T.);
#7403=ORIENTED_EDGE('',*,*,#7402,.T.);
#7404=VECTOR('',#3815,1.);
#7405=LINE('',#7198,#7404);
#7406=EDGE_CURVE('',#7199,#7201,#7405,.T.);
#7407=ORIENTED_EDGE('',*,*,#7406,.T.);
#7408=VECTOR('',#3810,1.);
#7409=LINE('',#7200,#7408);
#7410=EDGE_CURVE('',#7201,#7203,#7409,.T.);
#7411=ORIENTED_EDGE('',*,*,#7410,.T.);
#7412=VECTOR('',#3805,1.);
#7413=LINE('',#7202,#7412);
#7414=EDGE_CURVE('',#7203,#7205,#7413,.T.);
#7415=ORIENTED_EDGE('',*,*,#7414,.T.);
#7416=VECTOR('',#3800,1.);
#7417=LINE('',#7204,#7416);
#7418=EDGE_CURVE('',#7205,#7207,#7417,.T.);
#7419=ORIENTED_EDGE('',*,*,#7418,.T.);
#7420=VECTOR('',#1764,1.);
#7421=LINE('',#7206,#7420);
#7422=EDGE_CURVE('',#7207,#7209,#7421,.T.);
#7423=ORIENTED_EDGE('',*,*,#7422,.T.);
#7424=VECTOR('',#3791,1.);
#7425=LINE('',#7208,#7424);
#7426=EDGE_CURVE('',#7209,#7211,#7425,.T.);
#7427=ORIENTED_EDGE('',*,*,#7426,.T.);
#7428=VECTOR('',#3786,1.);
#7429=LINE('',#7210,#7428);
#7430=EDGE_CURVE('',#7211,#7213,#7429,.T.);
#7431=ORIENTED_EDGE('',*,*,#7430,.T.);
#7432=VECTOR('',#3781,1.);
#7433=LINE('',#7212,#7432);
#7434=EDGE_CURVE('',#7213,#7215,#7433,.T.);
#7435=ORIENTED_EDGE('',*,*,#7434,.T.);
#7436=VECTOR('',#3776,1.);
#7437=LINE('',#7214,#7436);
#7438=EDGE_CURVE('',#7215,#7217,#7437,.T.);
#7439=ORIENTED_EDGE('',*,*,#7438,.T.);
#7440=VECTOR('',#3771,1.);
#7441=LINE('',#7216,#7440);
#7442=EDGE_CURVE('',#7217,#7219,#7441,.T.);
#7443=ORIENTED_EDGE('',*,*,#7442,.T.);
#7444=VECTOR('',#3766,1.);
#7445=LINE('',#7218,#7444);
#7446=EDGE_CURVE('',#7219,#7221,#7445,.T.);
#7447=ORIENTED_EDGE('',*,*,#7446,.T.);
#7448=VECTOR('',#1799,1.);
#7449=LINE('',#7220,#7448);
#7450=EDGE_CURVE('',#7221,#7223,#7449,.T.);
#7451=ORIENTED_EDGE('',*,*,#7450,.T.);
#7452=VECTOR('',#3757,1.);
#7453=LINE('',#7222,#7452);
#7454=EDGE_CURVE('',#7223,#7225,#7453,.T.);
#7455=ORIENTED_EDGE('',*,*,#7454,.T.);
#7456=VECTOR('',#3752,1.);
#7457=LINE('',#7224,#7456);
#7458=EDGE_CURVE('',#7225,#7227,#7457,.T.);
#7459=ORIENTED_EDGE('',*,*,#7458,.T.);
#7460=VECTOR('',#3747,1.);
#7461=LINE('',#7226,#7460);
#7462=EDGE_CURVE('',#7227,#7229,#7461,.T.);
#7463=ORIENTED_EDGE('',*,*,#7462,.T.);
#7464=VECTOR('',#3742,1.);
#7465=LINE('',#7228,#7464);
#7466=EDGE_CURVE('',#7229,#7231,#7465,.T.);
#7467=ORIENTED_EDGE('',*,*,#7466,.T.);
#7468=VECTOR('',#3737,1.);
#7469=LINE('',#7230,#7468);
#7470=EDGE_CURVE('',#7231,#7233,#7469,.T.);
#7471=ORIENTED_EDGE('',*,*,#7470,.T.);
#7472=VECTOR('',#3732,1.);
#7473=LINE('',#7232,#7472);
#7474=EDGE_CURVE('',#7233,#7235,#7473,.T.);
#7475=ORIENTED_EDGE('',*,*,#7474,.T.);
#7476=VECTOR('',#3727,1.);
#7477=LINE('',#7234,#7476);
#7478=EDGE_CURVE('',#7235,#7237,#7477,.T.);
#7479=ORIENTED_EDGE('',*,*,#7478,.T.);
#7480=VECTOR('',#3722,1.);
#7481=LINE('',#7236,#7480);
#7482=EDGE_CURVE('',#7237,#7239,#7481,.T.);
#7483=ORIENTED_EDGE('',*,*,#7482,.T.);
#7484=VECTOR('',#1844,1.);
#7485=LINE('',#7238,#7484);
#7486=EDGE_CURVE('',#7239,#7241,#7485,.T.);
#7487=ORIENTED_EDGE('',*,*,#7486,.T.);
#7488=VECTOR('',#3713,1.);
#7489=LINE('',#7240,#7488);
#7490=EDGE_CURVE('',#7241,#7243,#7489,.T.);
#7491=ORIENTED_EDGE('',*,*,#7490,.T.);
#7492=VECTOR('',#3708,1.);
#7493=LINE('',#7242,#7492);
#7494=EDGE_CURVE('',#7243,#7245,#7493,.T.);
#7495=ORIENTED_EDGE('',*,*,#7494,.T.);
#7496=VECTOR('',#3703,1.);
#7497=LINE('',#7244,#7496);
#7498=EDGE_CURVE('',#7245,#7247,#7497,.T.);
#7499=ORIENTED_EDGE('',*,*,#7498,.T.);
#7500=VECTOR('',#3854,1.);
#7501=LINE('',#7120,#7500);
#7502=EDGE_CURVE('',#7121,#7247,#7501,.T.);
#7503=ORIENTED_EDGE('',*,*,#7502,.F.);
#7504=EDGE_LOOP('',(#7251,#7255,#7259,#7263,#7267,#7271,#7275,#7279,#7283,#7287,#7291,#7295,#7299,#7303,#7307,#7311,#7315,#7319,#7323,#7327,#7331,#7335,#7339,#7343,#7347,#7351,#7355,#7359,#7363,#7367,#7371,#7375,#7379,#7383,#7387,#7391,#7395,#7399,#7403,#7407,#7411,#7415,#7419,#7423,#7427,#7431,#7435,#7439,#7443,#7447,#7451,#7455,#7459,#7463,#7467,#7471,#7475,#7479,#7483,#7487,#7491,#7495,#7499,#7503));
#7505=FACE_OUTER_BOUND('',#7504,.T.);
#7506=AXIS2_PLACEMENT_3D('',#7120,#711,#712);
#7507=PLANE('',#7506);
#7508=ADVANCED_FACE('',(#7505),#7507,.T.);
#7509=ORIENTED_EDGE('',*,*,#7498,.F.);
#7510=VECTOR('',#367,1.);
#7511=LINE('',#7244,#7510);
#7512=EDGE_CURVE('',#7245,#6734,#7511,.T.);
#7513=ORIENTED_EDGE('',*,*,#7512,.T.);
#7514=ORIENTED_EDGE('',*,*,#6861,.T.);
#7515=VECTOR('',#367,1.);
#7516=LINE('',#7246,#7515);
#7517=EDGE_CURVE('',#7247,#6732,#7516,.T.);
#7518=ORIENTED_EDGE('',*,*,#7517,.F.);
#7519=EDGE_LOOP('',(#7509,#7513,#7514,#7518));
#7520=FACE_OUTER_BOUND('',#7519,.T.);
#7521=AXIS2_PLACEMENT_3D('',#7246,#2958,#3159);
#7522=PLANE('',#7521);
#7523=ADVANCED_FACE('',(#7520),#7522,.T.);
#7524=ORIENTED_EDGE('',*,*,#7494,.F.);
#7525=VECTOR('',#367,1.);
#7526=LINE('',#7242,#7525);
#7527=EDGE_CURVE('',#7243,#6736,#7526,.T.);
#7528=ORIENTED_EDGE('',*,*,#7527,.T.);
#7529=ORIENTED_EDGE('',*,*,#6865,.T.);
#7530=ORIENTED_EDGE('',*,*,#7512,.F.);
#7531=EDGE_LOOP('',(#7524,#7528,#7529,#7530));
#7532=FACE_OUTER_BOUND('',#7531,.T.);
#7533=AXIS2_PLACEMENT_3D('',#7244,#1774,#1854);
#7534=PLANE('',#7533);
#7535=ADVANCED_FACE('',(#7532),#7534,.T.);
#7536=ORIENTED_EDGE('',*,*,#7490,.F.);
#7537=VECTOR('',#367,1.);
#7538=LINE('',#7240,#7537);
#7539=EDGE_CURVE('',#7241,#6738,#7538,.T.);
#7540=ORIENTED_EDGE('',*,*,#7539,.T.);
#7541=ORIENTED_EDGE('',*,*,#6869,.T.);
#7542=ORIENTED_EDGE('',*,*,#7527,.F.);
#7543=EDGE_LOOP('',(#7536,#7540,#7541,#7542));
#7544=FACE_OUTER_BOUND('',#7543,.T.);
#7545=AXIS2_PLACEMENT_3D('',#7242,#1769,#1849);
#7546=PLANE('',#7545);
#7547=ADVANCED_FACE('',(#7544),#7546,.T.);
#7548=ORIENTED_EDGE('',*,*,#7486,.F.);
#7549=VECTOR('',#367,1.);
#7550=LINE('',#7238,#7549);
#7551=EDGE_CURVE('',#7239,#6740,#7550,.T.);
#7552=ORIENTED_EDGE('',*,*,#7551,.T.);
#7553=ORIENTED_EDGE('',*,*,#6873,.T.);
#7554=ORIENTED_EDGE('',*,*,#7539,.F.);
#7555=EDGE_LOOP('',(#7548,#7552,#7553,#7554));
#7556=FACE_OUTER_BOUND('',#7555,.T.);
#7557=AXIS2_PLACEMENT_3D('',#7240,#1764,#1844);
#7558=PLANE('',#7557);
#7559=ADVANCED_FACE('',(#7556),#7558,.T.);
#7560=ORIENTED_EDGE('',*,*,#7482,.F.);
#7561=VECTOR('',#367,1.);
#7562=LINE('',#7236,#7561);
#7563=EDGE_CURVE('',#7237,#6742,#7562,.T.);
#7564=ORIENTED_EDGE('',*,*,#7563,.T.);
#7565=ORIENTED_EDGE('',*,*,#6877,.T.);
#7566=ORIENTED_EDGE('',*,*,#7551,.F.);
#7567=EDGE_LOOP('',(#7560,#7564,#7565,#7566));
#7568=FACE_OUTER_BOUND('',#7567,.T.);
#7569=AXIS2_PLACEMENT_3D('',#7238,#2905,#3110);
#7570=PLANE('',#7569);
#7571=ADVANCED_FACE('',(#7568),#7570,.T.);
#7572=ORIENTED_EDGE('',*,*,#7478,.F.);
#7573=VECTOR('',#367,1.);
#7574=LINE('',#7234,#7573);
#7575=EDGE_CURVE('',#7235,#6744,#7574,.T.);
#7576=ORIENTED_EDGE('',*,*,#7575,.T.);
#7577=ORIENTED_EDGE('',*,*,#6881,.T.);
#7578=ORIENTED_EDGE('',*,*,#7563,.F.);
#7579=EDGE_LOOP('',(#7572,#7576,#7577,#7578));
#7580=FACE_OUTER_BOUND('',#7579,.T.);
#7581=AXIS2_PLACEMENT_3D('',#7236,#1754,#1834);
#7582=PLANE('',#7581);
#7583=ADVANCED_FACE('',(#7580),#7582,.T.);
#7584=ORIENTED_EDGE('',*,*,#7474,.F.);
#7585=VECTOR('',#367,1.);
#7586=LINE('',#7232,#7585);
#7587=EDGE_CURVE('',#7233,#6746,#7586,.T.);
#7588=ORIENTED_EDGE('',*,*,#7587,.T.);
#7589=ORIENTED_EDGE('',*,*,#6885,.T.);
#7590=ORIENTED_EDGE('',*,*,#7575,.F.);
#7591=EDGE_LOOP('',(#7584,#7588,#7589,#7590));
#7592=FACE_OUTER_BOUND('',#7591,.T.);
#7593=AXIS2_PLACEMENT_3D('',#7234,#2878,#3085);
#7594=PLANE('',#7593);
#7595=ADVANCED_FACE('',(#7592),#7594,.T.);
#7596=ORIENTED_EDGE('',*,*,#7470,.F.);
#7597=VECTOR('',#367,1.);
#7598=LINE('',#7230,#7597);
#7599=EDGE_CURVE('',#7231,#6748,#7598,.T.);
#7600=ORIENTED_EDGE('',*,*,#7599,.T.);
#7601=ORIENTED_EDGE('',*,*,#6889,.T.);
#7602=ORIENTED_EDGE('',*,*,#7587,.F.);
#7603=EDGE_LOOP('',(#7596,#7600,#7601,#7602));
#7604=FACE_OUTER_BOUND('',#7603,.T.);
#7605=AXIS2_PLACEMENT_3D('',#7232,#2864,#3072);
#7606=PLANE('',#7605);
#7607=ADVANCED_FACE('',(#7604),#7606,.T.);
#7608=ORIENTED_EDGE('',*,*,#7466,.F.);
#7609=VECTOR('',#367,1.);
#7610=LINE('',#7228,#7609);
#7611=EDGE_CURVE('',#7229,#6750,#7610,.T.);
#7612=ORIENTED_EDGE('',*,*,#7611,.T.);
#7613=ORIENTED_EDGE('',*,*,#6893,.T.);
#7614=ORIENTED_EDGE('',*,*,#7599,.F.);
#7615=EDGE_LOOP('',(#7608,#7612,#7613,#7614));
#7616=FACE_OUTER_BOUND('',#7615,.T.);
#7617=AXIS2_PLACEMENT_3D('',#7230,#2850,#3059);
#7618=PLANE('',#7617);
#7619=ADVANCED_FACE('',(#7616),#7618,.T.);
#7620=ORIENTED_EDGE('',*,*,#7462,.F.);
#7621=VECTOR('',#367,1.);
#7622=LINE('',#7226,#7621);
#7623=EDGE_CURVE('',#7227,#6752,#7622,.T.);
#7624=ORIENTED_EDGE('',*,*,#7623,.T.);
#7625=ORIENTED_EDGE('',*,*,#6897,.T.);
#7626=ORIENTED_EDGE('',*,*,#7611,.F.);
#7627=EDGE_LOOP('',(#7620,#7624,#7625,#7626));
#7628=FACE_OUTER_BOUND('',#7627,.T.);
#7629=AXIS2_PLACEMENT_3D('',#7228,#2836,#3046);
#7630=PLANE('',#7629);
#7631=ADVANCED_FACE('',(#7628),#7630,.T.);
#7632=ORIENTED_EDGE('',*,*,#7458,.F.);
#7633=VECTOR('',#367,1.);
#7634=LINE('',#7224,#7633);
#7635=EDGE_CURVE('',#7225,#6754,#7634,.T.);
#7636=ORIENTED_EDGE('',*,*,#7635,.T.);
#7637=ORIENTED_EDGE('',*,*,#6901,.T.);
#7638=ORIENTED_EDGE('',*,*,#7623,.F.);
#7639=EDGE_LOOP('',(#7632,#7636,#7637,#7638));
#7640=FACE_OUTER_BOUND('',#7639,.T.);
#7641=AXIS2_PLACEMENT_3D('',#7226,#1729,#1809);
#7642=PLANE('',#7641);
#7643=ADVANCED_FACE('',(#7640),#7642,.T.);
#7644=ORIENTED_EDGE('',*,*,#7454,.F.);
#7645=VECTOR('',#367,1.);
#7646=LINE('',#7222,#7645);
#7647=EDGE_CURVE('',#7223,#6756,#7646,.T.);
#7648=ORIENTED_EDGE('',*,*,#7647,.T.);
#7649=ORIENTED_EDGE('',*,*,#6905,.T.);
#7650=ORIENTED_EDGE('',*,*,#7635,.F.);
#7651=EDGE_LOOP('',(#7644,#7648,#7649,#7650));
#7652=FACE_OUTER_BOUND('',#7651,.T.);
#7653=AXIS2_PLACEMENT_3D('',#7224,#2809,#3021);
#7654=PLANE('',#7653);
#7655=ADVANCED_FACE('',(#7652),#7654,.T.);
#7656=ORIENTED_EDGE('',*,*,#7450,.F.);
#7657=VECTOR('',#367,1.);
#7658=LINE('',#7220,#7657);
#7659=EDGE_CURVE('',#7221,#6758,#7658,.T.);
#7660=ORIENTED_EDGE('',*,*,#7659,.T.);
#7661=ORIENTED_EDGE('',*,*,#6909,.T.);
#7662=ORIENTED_EDGE('',*,*,#7647,.F.);
#7663=EDGE_LOOP('',(#7656,#7660,#7661,#7662));
#7664=FACE_OUTER_BOUND('',#7663,.T.);
#7665=AXIS2_PLACEMENT_3D('',#7222,#1719,#1799);
#7666=PLANE('',#7665);
#7667=ADVANCED_FACE('',(#7664),#7666,.T.);
#7668=ORIENTED_EDGE('',*,*,#7446,.F.);
#7669=VECTOR('',#367,1.);
#7670=LINE('',#7218,#7669);
#7671=EDGE_CURVE('',#7219,#6760,#7670,.T.);
#7672=ORIENTED_EDGE('',*,*,#7671,.T.);
#7673=ORIENTED_EDGE('',*,*,#6913,.T.);
#7674=ORIENTED_EDGE('',*,*,#7659,.F.);
#7675=EDGE_LOOP('',(#7668,#7672,#7673,#7674));
#7676=FACE_OUTER_BOUND('',#7675,.T.);
#7677=AXIS2_PLACEMENT_3D('',#7220,#1714,#1794);
#7678=PLANE('',#7677);
#7679=ADVANCED_FACE('',(#7676),#7678,.T.);
#7680=ORIENTED_EDGE('',*,*,#7442,.F.);
#7681=VECTOR('',#367,1.);
#7682=LINE('',#7216,#7681);
#7683=EDGE_CURVE('',#7217,#6762,#7682,.T.);
#7684=ORIENTED_EDGE('',*,*,#7683,.T.);
#7685=ORIENTED_EDGE('',*,*,#6917,.T.);
#7686=ORIENTED_EDGE('',*,*,#7671,.F.);
#7687=EDGE_LOOP('',(#7680,#7684,#7685,#7686));
#7688=FACE_OUTER_BOUND('',#7687,.T.);
#7689=AXIS2_PLACEMENT_3D('',#7218,#1709,#1789);
#7690=PLANE('',#7689);
#7691=ADVANCED_FACE('',(#7688),#7690,.T.);
#7692=ORIENTED_EDGE('',*,*,#7438,.F.);
#7693=VECTOR('',#367,1.);
#7694=LINE('',#7214,#7693);
#7695=EDGE_CURVE('',#7215,#6764,#7694,.T.);
#7696=ORIENTED_EDGE('',*,*,#7695,.T.);
#7697=ORIENTED_EDGE('',*,*,#6921,.T.);
#7698=ORIENTED_EDGE('',*,*,#7683,.F.);
#7699=EDGE_LOOP('',(#7692,#7696,#7697,#7698));
#7700=FACE_OUTER_BOUND('',#7699,.T.);
#7701=AXIS2_PLACEMENT_3D('',#7216,#2971,#2972);
#7702=PLANE('',#7701);
#7703=ADVANCED_FACE('',(#7700),#7702,.T.);
#7704=ORIENTED_EDGE('',*,*,#7434,.F.);
#7705=VECTOR('',#367,1.);
#7706=LINE('',#7212,#7705);
#7707=EDGE_CURVE('',#7213,#6766,#7706,.T.);
#7708=ORIENTED_EDGE('',*,*,#7707,.T.);
#7709=ORIENTED_EDGE('',*,*,#6925,.T.);
#7710=ORIENTED_EDGE('',*,*,#7695,.F.);
#7711=EDGE_LOOP('',(#7704,#7708,#7709,#7710));
#7712=FACE_OUTER_BOUND('',#7711,.T.);
#7713=AXIS2_PLACEMENT_3D('',#7214,#2957,#2958);
#7714=PLANE('',#7713);
#7715=ADVANCED_FACE('',(#7712),#7714,.T.);
#7716=ORIENTED_EDGE('',*,*,#7430,.F.);
#7717=VECTOR('',#367,1.);
#7718=LINE('',#7210,#7717);
#7719=EDGE_CURVE('',#7211,#6768,#7718,.T.);
#7720=ORIENTED_EDGE('',*,*,#7719,.T.);
#7721=ORIENTED_EDGE('',*,*,#6929,.T.);
#7722=ORIENTED_EDGE('',*,*,#7707,.F.);
#7723=EDGE_LOOP('',(#7716,#7720,#7721,#7722));
#7724=FACE_OUTER_BOUND('',#7723,.T.);
#7725=AXIS2_PLACEMENT_3D('',#7212,#2944,#1774);
#7726=PLANE('',#7725);
#7727=ADVANCED_FACE('',(#7724),#7726,.T.);
#7728=ORIENTED_EDGE('',*,*,#7426,.F.);
#7729=VECTOR('',#367,1.);
#7730=LINE('',#7208,#7729);
#7731=EDGE_CURVE('',#7209,#6770,#7730,.T.);
#7732=ORIENTED_EDGE('',*,*,#7731,.T.);
#7733=ORIENTED_EDGE('',*,*,#6933,.T.);
#7734=ORIENTED_EDGE('',*,*,#7719,.F.);
#7735=EDGE_LOOP('',(#7728,#7732,#7733,#7734));
#7736=FACE_OUTER_BOUND('',#7735,.T.);
#7737=AXIS2_PLACEMENT_3D('',#7210,#2931,#1769);
#7738=PLANE('',#7737);
#7739=ADVANCED_FACE('',(#7736),#7738,.T.);
#7740=ORIENTED_EDGE('',*,*,#7422,.F.);
#7741=VECTOR('',#367,1.);
#7742=LINE('',#7206,#7741);
#7743=EDGE_CURVE('',#7207,#6772,#7742,.T.);
#7744=ORIENTED_EDGE('',*,*,#7743,.T.);
#7745=ORIENTED_EDGE('',*,*,#6937,.T.);
#7746=ORIENTED_EDGE('',*,*,#7731,.F.);
#7747=EDGE_LOOP('',(#7740,#7744,#7745,#7746));
#7748=FACE_OUTER_BOUND('',#7747,.T.);
#7749=AXIS2_PLACEMENT_3D('',#7208,#2918,#1764);
#7750=PLANE('',#7749);
#7751=ADVANCED_FACE('',(#7748),#7750,.T.);
#7752=ORIENTED_EDGE('',*,*,#7418,.F.);
#7753=VECTOR('',#367,1.);
#7754=LINE('',#7204,#7753);
#7755=EDGE_CURVE('',#7205,#6774,#7754,.T.);
#7756=ORIENTED_EDGE('',*,*,#7755,.T.);
#7757=ORIENTED_EDGE('',*,*,#6941,.T.);
#7758=ORIENTED_EDGE('',*,*,#7743,.F.);
#7759=EDGE_LOOP('',(#7752,#7756,#7757,#7758));
#7760=FACE_OUTER_BOUND('',#7759,.T.);
#7761=AXIS2_PLACEMENT_3D('',#7206,#2904,#2905);
#7762=PLANE('',#7761);
#7763=ADVANCED_FACE('',(#7760),#7762,.T.);
#7764=ORIENTED_EDGE('',*,*,#7414,.F.);
#7765=VECTOR('',#367,1.);
#7766=LINE('',#7202,#7765);
#7767=EDGE_CURVE('',#7203,#6776,#7766,.T.);
#7768=ORIENTED_EDGE('',*,*,#7767,.T.);
#7769=ORIENTED_EDGE('',*,*,#6945,.T.);
#7770=ORIENTED_EDGE('',*,*,#7755,.F.);
#7771=EDGE_LOOP('',(#7764,#7768,#7769,#7770));
#7772=FACE_OUTER_BOUND('',#7771,.T.);
#7773=AXIS2_PLACEMENT_3D('',#7204,#2891,#1754);
#7774=PLANE('',#7773);
#7775=ADVANCED_FACE('',(#7772),#7774,.T.);
#7776=ORIENTED_EDGE('',*,*,#7410,.F.);
#7777=VECTOR('',#367,1.);
#7778=LINE('',#7200,#7777);
#7779=EDGE_CURVE('',#7201,#6778,#7778,.T.);
#7780=ORIENTED_EDGE('',*,*,#7779,.T.);
#7781=ORIENTED_EDGE('',*,*,#6949,.T.);
#7782=ORIENTED_EDGE('',*,*,#7767,.F.);
#7783=EDGE_LOOP('',(#7776,#7780,#7781,#7782));
#7784=FACE_OUTER_BOUND('',#7783,.T.);
#7785=AXIS2_PLACEMENT_3D('',#7202,#2877,#2878);
#7786=PLANE('',#7785);
#7787=ADVANCED_FACE('',(#7784),#7786,.T.);
#7788=ORIENTED_EDGE('',*,*,#7406,.F.);
#7789=VECTOR('',#367,1.);
#7790=LINE('',#7198,#7789);
#7791=EDGE_CURVE('',#7199,#6780,#7790,.T.);
#7792=ORIENTED_EDGE('',*,*,#7791,.T.);
#7793=ORIENTED_EDGE('',*,*,#6953,.T.);
#7794=ORIENTED_EDGE('',*,*,#7779,.F.);
#7795=EDGE_LOOP('',(#7788,#7792,#7793,#7794));
#7796=FACE_OUTER_BOUND('',#7795,.T.);
#7797=AXIS2_PLACEMENT_3D('',#7200,#2863,#2864);
#7798=PLANE('',#7797);
#7799=ADVANCED_FACE('',(#7796),#7798,.T.);
#7800=ORIENTED_EDGE('',*,*,#7402,.F.);
#7801=VECTOR('',#367,1.);
#7802=LINE('',#7196,#7801);
#7803=EDGE_CURVE('',#7197,#6782,#7802,.T.);
#7804=ORIENTED_EDGE('',*,*,#7803,.T.);
#7805=ORIENTED_EDGE('',*,*,#6957,.T.);
#7806=ORIENTED_EDGE('',*,*,#7791,.F.);
#7807=EDGE_LOOP('',(#7800,#7804,#7805,#7806));
#7808=FACE_OUTER_BOUND('',#7807,.T.);
#7809=AXIS2_PLACEMENT_3D('',#7198,#2849,#2850);
#7810=PLANE('',#7809);
#7811=ADVANCED_FACE('',(#7808),#7810,.T.);
#7812=ORIENTED_EDGE('',*,*,#7398,.F.);
#7813=VECTOR('',#367,1.);
#7814=LINE('',#7194,#7813);
#7815=EDGE_CURVE('',#7195,#6784,#7814,.T.);
#7816=ORIENTED_EDGE('',*,*,#7815,.T.);
#7817=ORIENTED_EDGE('',*,*,#6961,.T.);
#7818=ORIENTED_EDGE('',*,*,#7803,.F.);
#7819=EDGE_LOOP('',(#7812,#7816,#7817,#7818));
#7820=FACE_OUTER_BOUND('',#7819,.T.);
#7821=AXIS2_PLACEMENT_3D('',#7196,#2835,#2836);
#7822=PLANE('',#7821);
#7823=ADVANCED_FACE('',(#7820),#7822,.T.);
#7824=ORIENTED_EDGE('',*,*,#7394,.F.);
#7825=VECTOR('',#367,1.);
#7826=LINE('',#7192,#7825);
#7827=EDGE_CURVE('',#7193,#6786,#7826,.T.);
#7828=ORIENTED_EDGE('',*,*,#7827,.T.);
#7829=ORIENTED_EDGE('',*,*,#6965,.T.);
#7830=ORIENTED_EDGE('',*,*,#7815,.F.);
#7831=EDGE_LOOP('',(#7824,#7828,#7829,#7830));
#7832=FACE_OUTER_BOUND('',#7831,.T.);
#7833=AXIS2_PLACEMENT_3D('',#7194,#2822,#1729);
#7834=PLANE('',#7833);
#7835=ADVANCED_FACE('',(#7832),#7834,.T.);
#7836=ORIENTED_EDGE('',*,*,#7390,.F.);
#7837=VECTOR('',#367,1.);
#7838=LINE('',#7190,#7837);
#7839=EDGE_CURVE('',#7191,#6788,#7838,.T.);
#7840=ORIENTED_EDGE('',*,*,#7839,.T.);
#7841=ORIENTED_EDGE('',*,*,#6969,.T.);
#7842=ORIENTED_EDGE('',*,*,#7827,.F.);
#7843=EDGE_LOOP('',(#7836,#7840,#7841,#7842));
#7844=FACE_OUTER_BOUND('',#7843,.T.);
#7845=AXIS2_PLACEMENT_3D('',#7192,#2808,#2809);
#7846=PLANE('',#7845);
#7847=ADVANCED_FACE('',(#7844),#7846,.T.);
#7848=ORIENTED_EDGE('',*,*,#7386,.F.);
#7849=VECTOR('',#367,1.);
#7850=LINE('',#7188,#7849);
#7851=EDGE_CURVE('',#7189,#6790,#7850,.T.);
#7852=ORIENTED_EDGE('',*,*,#7851,.T.);
#7853=ORIENTED_EDGE('',*,*,#6973,.T.);
#7854=ORIENTED_EDGE('',*,*,#7839,.F.);
#7855=EDGE_LOOP('',(#7848,#7852,#7853,#7854));
#7856=FACE_OUTER_BOUND('',#7855,.T.);
#7857=AXIS2_PLACEMENT_3D('',#7190,#2795,#1719);
#7858=PLANE('',#7857);
#7859=ADVANCED_FACE('',(#7856),#7858,.T.);
#7860=ORIENTED_EDGE('',*,*,#7382,.F.);
#7861=VECTOR('',#367,1.);
#7862=LINE('',#7186,#7861);
#7863=EDGE_CURVE('',#7187,#6792,#7862,.T.);
#7864=ORIENTED_EDGE('',*,*,#7863,.T.);
#7865=ORIENTED_EDGE('',*,*,#6977,.T.);
#7866=ORIENTED_EDGE('',*,*,#7851,.F.);
#7867=EDGE_LOOP('',(#7860,#7864,#7865,#7866));
#7868=FACE_OUTER_BOUND('',#7867,.T.);
#7869=AXIS2_PLACEMENT_3D('',#7188,#2782,#1714);
#7870=PLANE('',#7869);
#7871=ADVANCED_FACE('',(#7868),#7870,.T.);
#7872=ORIENTED_EDGE('',*,*,#7378,.F.);
#7873=VECTOR('',#367,1.);
#7874=LINE('',#7184,#7873);
#7875=EDGE_CURVE('',#7185,#6794,#7874,.T.);
#7876=ORIENTED_EDGE('',*,*,#7875,.T.);
#7877=ORIENTED_EDGE('',*,*,#6981,.T.);
#7878=ORIENTED_EDGE('',*,*,#7863,.F.);
#7879=EDGE_LOOP('',(#7872,#7876,#7877,#7878));
#7880=FACE_OUTER_BOUND('',#7879,.T.);
#7881=AXIS2_PLACEMENT_3D('',#7186,#2769,#1709);
#7882=PLANE('',#7881);
#7883=ADVANCED_FACE('',(#7880),#7882,.T.);
#7884=ORIENTED_EDGE('',*,*,#7374,.F.);
#7885=VECTOR('',#367,1.);
#7886=LINE('',#7182,#7885);
#7887=EDGE_CURVE('',#7183,#6796,#7886,.T.);
#7888=ORIENTED_EDGE('',*,*,#7887,.T.);
#7889=ORIENTED_EDGE('',*,*,#6985,.T.);
#7890=ORIENTED_EDGE('',*,*,#7875,.F.);
#7891=EDGE_LOOP('',(#7884,#7888,#7889,#7890));
#7892=FACE_OUTER_BOUND('',#7891,.T.);
#7893=AXIS2_PLACEMENT_3D('',#7184,#3380,#2971);
#7894=PLANE('',#7893);
#7895=ADVANCED_FACE('',(#7892),#7894,.T.);
#7896=ORIENTED_EDGE('',*,*,#7370,.T.);
#7897=VECTOR('',#367,1.);
#7898=LINE('',#7180,#7897);
#7899=EDGE_CURVE('',#7181,#6798,#7898,.T.);
#7900=ORIENTED_EDGE('',*,*,#7899,.T.);
#7901=ORIENTED_EDGE('',*,*,#6989,.F.);
#7902=ORIENTED_EDGE('',*,*,#7887,.F.);
#7903=EDGE_LOOP('',(#7896,#7900,#7901,#7902));
#7904=FACE_OUTER_BOUND('',#7903,.T.);
#7905=AXIS2_PLACEMENT_3D('',#7182,#3367,#2957);
#7906=PLANE('',#7905);
#7907=ADVANCED_FACE('',(#7904),#7906,.T.);
#7908=ORIENTED_EDGE('',*,*,#7366,.T.);
#7909=VECTOR('',#367,1.);
#7910=LINE('',#7178,#7909);
#7911=EDGE_CURVE('',#7179,#6800,#7910,.T.);
#7912=ORIENTED_EDGE('',*,*,#7911,.T.);
#7913=ORIENTED_EDGE('',*,*,#6993,.F.);
#7914=ORIENTED_EDGE('',*,*,#7899,.F.);
#7915=EDGE_LOOP('',(#7908,#7912,#7913,#7914));
#7916=FACE_OUTER_BOUND('',#7915,.T.);
#7917=AXIS2_PLACEMENT_3D('',#7180,#3354,#2944);
#7918=PLANE('',#7917);
#7919=ADVANCED_FACE('',(#7916),#7918,.T.);
#7920=ORIENTED_EDGE('',*,*,#7362,.T.);
#7921=VECTOR('',#367,1.);
#7922=LINE('',#7176,#7921);
#7923=EDGE_CURVE('',#7177,#6802,#7922,.T.);
#7924=ORIENTED_EDGE('',*,*,#7923,.T.);
#7925=ORIENTED_EDGE('',*,*,#6997,.F.);
#7926=ORIENTED_EDGE('',*,*,#7911,.F.);
#7927=EDGE_LOOP('',(#7920,#7924,#7925,#7926));
#7928=FACE_OUTER_BOUND('',#7927,.T.);
#7929=AXIS2_PLACEMENT_3D('',#7178,#3341,#2931);
#7930=PLANE('',#7929);
#7931=ADVANCED_FACE('',(#7928),#7930,.T.);
#7932=ORIENTED_EDGE('',*,*,#7358,.T.);
#7933=VECTOR('',#367,1.);
#7934=LINE('',#7174,#7933);
#7935=EDGE_CURVE('',#7175,#6804,#7934,.T.);
#7936=ORIENTED_EDGE('',*,*,#7935,.T.);
#7937=ORIENTED_EDGE('',*,*,#7001,.F.);
#7938=ORIENTED_EDGE('',*,*,#7923,.F.);
#7939=EDGE_LOOP('',(#7932,#7936,#7937,#7938));
#7940=FACE_OUTER_BOUND('',#7939,.T.);
#7941=AXIS2_PLACEMENT_3D('',#7176,#3328,#2918);
#7942=PLANE('',#7941);
#7943=ADVANCED_FACE('',(#7940),#7942,.T.);
#7944=ORIENTED_EDGE('',*,*,#7354,.T.);
#7945=VECTOR('',#367,1.);
#7946=LINE('',#7172,#7945);
#7947=EDGE_CURVE('',#7173,#6806,#7946,.T.);
#7948=ORIENTED_EDGE('',*,*,#7947,.T.);
#7949=ORIENTED_EDGE('',*,*,#7005,.F.);
#7950=ORIENTED_EDGE('',*,*,#7935,.F.);
#7951=EDGE_LOOP('',(#7944,#7948,#7949,#7950));
#7952=FACE_OUTER_BOUND('',#7951,.T.);
#7953=AXIS2_PLACEMENT_3D('',#7174,#3315,#2904);
#7954=PLANE('',#7953);
#7955=ADVANCED_FACE('',(#7952),#7954,.T.);
#7956=ORIENTED_EDGE('',*,*,#7350,.T.);
#7957=VECTOR('',#367,1.);
#7958=LINE('',#7170,#7957);
#7959=EDGE_CURVE('',#7171,#6808,#7958,.T.);
#7960=ORIENTED_EDGE('',*,*,#7959,.T.);
#7961=ORIENTED_EDGE('',*,*,#7009,.F.);
#7962=ORIENTED_EDGE('',*,*,#7947,.F.);
#7963=EDGE_LOOP('',(#7956,#7960,#7961,#7962));
#7964=FACE_OUTER_BOUND('',#7963,.T.);
#7965=AXIS2_PLACEMENT_3D('',#7172,#3302,#2891);
#7966=PLANE('',#7965);
#7967=ADVANCED_FACE('',(#7964),#7966,.T.);
#7968=ORIENTED_EDGE('',*,*,#7346,.T.);
#7969=VECTOR('',#367,1.);
#7970=LINE('',#7168,#7969);
#7971=EDGE_CURVE('',#7169,#6810,#7970,.T.);
#7972=ORIENTED_EDGE('',*,*,#7971,.T.);
#7973=ORIENTED_EDGE('',*,*,#7013,.F.);
#7974=ORIENTED_EDGE('',*,*,#7959,.F.);
#7975=EDGE_LOOP('',(#7968,#7972,#7973,#7974));
#7976=FACE_OUTER_BOUND('',#7975,.T.);
#7977=AXIS2_PLACEMENT_3D('',#7170,#3289,#2877);
#7978=PLANE('',#7977);
#7979=ADVANCED_FACE('',(#7976),#7978,.T.);
#7980=ORIENTED_EDGE('',*,*,#7342,.T.);
#7981=VECTOR('',#367,1.);
#7982=LINE('',#7166,#7981);
#7983=EDGE_CURVE('',#7167,#6812,#7982,.T.);
#7984=ORIENTED_EDGE('',*,*,#7983,.T.);
#7985=ORIENTED_EDGE('',*,*,#7017,.F.);
#7986=ORIENTED_EDGE('',*,*,#7971,.F.);
#7987=EDGE_LOOP('',(#7980,#7984,#7985,#7986));
#7988=FACE_OUTER_BOUND('',#7987,.T.);
#7989=AXIS2_PLACEMENT_3D('',#7168,#3276,#2863);
#7990=PLANE('',#7989);
#7991=ADVANCED_FACE('',(#7988),#7990,.T.);
#7992=ORIENTED_EDGE('',*,*,#7338,.T.);
#7993=VECTOR('',#367,1.);
#7994=LINE('',#7164,#7993);
#7995=EDGE_CURVE('',#7165,#6814,#7994,.T.);
#7996=ORIENTED_EDGE('',*,*,#7995,.T.);
#7997=ORIENTED_EDGE('',*,*,#7021,.F.);
#7998=ORIENTED_EDGE('',*,*,#7983,.F.);
#7999=EDGE_LOOP('',(#7992,#7996,#7997,#7998));
#8000=FACE_OUTER_BOUND('',#7999,.T.);
#8001=AXIS2_PLACEMENT_3D('',#7166,#3263,#2849);
#8002=PLANE('',#8001);
#8003=ADVANCED_FACE('',(#8000),#8002,.T.);
#8004=ORIENTED_EDGE('',*,*,#7334,.T.);
#8005=VECTOR('',#367,1.);
#8006=LINE('',#7162,#8005);
#8007=EDGE_CURVE('',#7163,#6816,#8006,.T.);
#8008=ORIENTED_EDGE('',*,*,#8007,.T.);
#8009=ORIENTED_EDGE('',*,*,#7025,.F.);
#8010=ORIENTED_EDGE('',*,*,#7995,.F.);
#8011=EDGE_LOOP('',(#8004,#8008,#8009,#8010));
#8012=FACE_OUTER_BOUND('',#8011,.T.);
#8013=AXIS2_PLACEMENT_3D('',#7164,#3250,#2835);
#8014=PLANE('',#8013);
#8015=ADVANCED_FACE('',(#8012),#8014,.T.);
#8016=ORIENTED_EDGE('',*,*,#7330,.T.);
#8017=VECTOR('',#367,1.);
#8018=LINE('',#7160,#8017);
#8019=EDGE_CURVE('',#7161,#6818,#8018,.T.);
#8020=ORIENTED_EDGE('',*,*,#8019,.T.);
#8021=ORIENTED_EDGE('',*,*,#7029,.F.);
#8022=ORIENTED_EDGE('',*,*,#8007,.F.);
#8023=EDGE_LOOP('',(#8016,#8020,#8021,#8022));
#8024=FACE_OUTER_BOUND('',#8023,.T.);
#8025=AXIS2_PLACEMENT_3D('',#7162,#3237,#2822);
#8026=PLANE('',#8025);
#8027=ADVANCED_FACE('',(#8024),#8026,.T.);
#8028=ORIENTED_EDGE('',*,*,#7326,.T.);
#8029=VECTOR('',#367,1.);
#8030=LINE('',#7158,#8029);
#8031=EDGE_CURVE('',#7159,#6820,#8030,.T.);
#8032=ORIENTED_EDGE('',*,*,#8031,.T.);
#8033=ORIENTED_EDGE('',*,*,#7033,.F.);
#8034=ORIENTED_EDGE('',*,*,#8019,.F.);
#8035=EDGE_LOOP('',(#8028,#8032,#8033,#8034));
#8036=FACE_OUTER_BOUND('',#8035,.T.);
#8037=AXIS2_PLACEMENT_3D('',#7160,#3224,#2808);
#8038=PLANE('',#8037);
#8039=ADVANCED_FACE('',(#8036),#8038,.T.);
#8040=ORIENTED_EDGE('',*,*,#7322,.T.);
#8041=VECTOR('',#367,1.);
#8042=LINE('',#7156,#8041);
#8043=EDGE_CURVE('',#7157,#6822,#8042,.T.);
#8044=ORIENTED_EDGE('',*,*,#8043,.T.);
#8045=ORIENTED_EDGE('',*,*,#7037,.F.);
#8046=ORIENTED_EDGE('',*,*,#8031,.F.);
#8047=EDGE_LOOP('',(#8040,#8044,#8045,#8046));
#8048=FACE_OUTER_BOUND('',#8047,.T.);
#8049=AXIS2_PLACEMENT_3D('',#7158,#3211,#2795);
#8050=PLANE('',#8049);
#8051=ADVANCED_FACE('',(#8048),#8050,.T.);
#8052=ORIENTED_EDGE('',*,*,#7318,.T.);
#8053=VECTOR('',#367,1.);
#8054=LINE('',#7154,#8053);
#8055=EDGE_CURVE('',#7155,#6824,#8054,.T.);
#8056=ORIENTED_EDGE('',*,*,#8055,.T.);
#8057=ORIENTED_EDGE('',*,*,#7041,.F.);
#8058=ORIENTED_EDGE('',*,*,#8043,.F.);
#8059=EDGE_LOOP('',(#8052,#8056,#8057,#8058));
#8060=FACE_OUTER_BOUND('',#8059,.T.);
#8061=AXIS2_PLACEMENT_3D('',#7156,#3198,#2782);
#8062=PLANE('',#8061);
#8063=ADVANCED_FACE('',(#8060),#8062,.T.);
#8064=ORIENTED_EDGE('',*,*,#7314,.T.);
#8065=VECTOR('',#367,1.);
#8066=LINE('',#7152,#8065);
#8067=EDGE_CURVE('',#7153,#6826,#8066,.T.);
#8068=ORIENTED_EDGE('',*,*,#8067,.T.);
#8069=ORIENTED_EDGE('',*,*,#7045,.F.);
#8070=ORIENTED_EDGE('',*,*,#8055,.F.);
#8071=EDGE_LOOP('',(#8064,#8068,#8069,#8070));
#8072=FACE_OUTER_BOUND('',#8071,.T.);
#8073=AXIS2_PLACEMENT_3D('',#7154,#3185,#2769);
#8074=PLANE('',#8073);
#8075=ADVANCED_FACE('',(#8072),#8074,.T.);
#8076=ORIENTED_EDGE('',*,*,#7310,.T.);
#8077=VECTOR('',#367,1.);
#8078=LINE('',#7150,#8077);
#8079=EDGE_CURVE('',#7151,#6828,#8078,.T.);
#8080=ORIENTED_EDGE('',*,*,#8079,.T.);
#8081=ORIENTED_EDGE('',*,*,#7049,.F.);
#8082=ORIENTED_EDGE('',*,*,#8067,.F.);
#8083=EDGE_LOOP('',(#8076,#8080,#8081,#8082));
#8084=FACE_OUTER_BOUND('',#8083,.T.);
#8085=AXIS2_PLACEMENT_3D('',#7152,#3172,#3380);
#8086=PLANE('',#8085);
#8087=ADVANCED_FACE('',(#8084),#8086,.T.);
#8088=ORIENTED_EDGE('',*,*,#7306,.T.);
#8089=VECTOR('',#367,1.);
#8090=LINE('',#7148,#8089);
#8091=EDGE_CURVE('',#7149,#6830,#8090,.T.);
#8092=ORIENTED_EDGE('',*,*,#8091,.T.);
#8093=ORIENTED_EDGE('',*,*,#7053,.F.);
#8094=ORIENTED_EDGE('',*,*,#8079,.F.);
#8095=EDGE_LOOP('',(#8088,#8092,#8093,#8094));
#8096=FACE_OUTER_BOUND('',#8095,.T.);
#8097=AXIS2_PLACEMENT_3D('',#7150,#3159,#3367);
#8098=PLANE('',#8097);
#8099=ADVANCED_FACE('',(#8096),#8098,.T.);
#8100=ORIENTED_EDGE('',*,*,#7302,.T.);
#8101=VECTOR('',#367,1.);
#8102=LINE('',#7146,#8101);
#8103=EDGE_CURVE('',#7147,#6832,#8102,.T.);
#8104=ORIENTED_EDGE('',*,*,#8103,.T.);
#8105=ORIENTED_EDGE('',*,*,#7057,.F.);
#8106=ORIENTED_EDGE('',*,*,#8091,.F.);
#8107=EDGE_LOOP('',(#8100,#8104,#8105,#8106));
#8108=FACE_OUTER_BOUND('',#8107,.T.);
#8109=AXIS2_PLACEMENT_3D('',#7148,#1854,#3354);
#8110=PLANE('',#8109);
#8111=ADVANCED_FACE('',(#8108),#8110,.T.);
#8112=ORIENTED_EDGE('',*,*,#7298,.T.);
#8113=VECTOR('',#367,1.);
#8114=LINE('',#7144,#8113);
#8115=EDGE_CURVE('',#7145,#6834,#8114,.T.);
#8116=ORIENTED_EDGE('',*,*,#8115,.T.);
#8117=ORIENTED_EDGE('',*,*,#7061,.F.);
#8118=ORIENTED_EDGE('',*,*,#8103,.F.);
#8119=EDGE_LOOP('',(#8112,#8116,#8117,#8118));
#8120=FACE_OUTER_BOUND('',#8119,.T.);
#8121=AXIS2_PLACEMENT_3D('',#7146,#1849,#3341);
#8122=PLANE('',#8121);
#8123=ADVANCED_FACE('',(#8120),#8122,.T.);
#8124=ORIENTED_EDGE('',*,*,#7294,.T.);
#8125=VECTOR('',#367,1.);
#8126=LINE('',#7142,#8125);
#8127=EDGE_CURVE('',#7143,#6836,#8126,.T.);
#8128=ORIENTED_EDGE('',*,*,#8127,.T.);
#8129=ORIENTED_EDGE('',*,*,#7065,.F.);
#8130=ORIENTED_EDGE('',*,*,#8115,.F.);
#8131=EDGE_LOOP('',(#8124,#8128,#8129,#8130));
#8132=FACE_OUTER_BOUND('',#8131,.T.);
#8133=AXIS2_PLACEMENT_3D('',#7144,#1844,#3328);
#8134=PLANE('',#8133);
#8135=ADVANCED_FACE('',(#8132),#8134,.T.);
#8136=ORIENTED_EDGE('',*,*,#7290,.T.);
#8137=VECTOR('',#367,1.);
#8138=LINE('',#7140,#8137);
#8139=EDGE_CURVE('',#7141,#6838,#8138,.T.);
#8140=ORIENTED_EDGE('',*,*,#8139,.T.);
#8141=ORIENTED_EDGE('',*,*,#7069,.F.);
#8142=ORIENTED_EDGE('',*,*,#8127,.F.);
#8143=EDGE_LOOP('',(#8136,#8140,#8141,#8142));
#8144=FACE_OUTER_BOUND('',#8143,.T.);
#8145=AXIS2_PLACEMENT_3D('',#7142,#3110,#3315);
#8146=PLANE('',#8145);
#8147=ADVANCED_FACE('',(#8144),#8146,.T.);
#8148=ORIENTED_EDGE('',*,*,#7286,.T.);
#8149=VECTOR('',#367,1.);
#8150=LINE('',#7138,#8149);
#8151=EDGE_CURVE('',#7139,#6840,#8150,.T.);
#8152=ORIENTED_EDGE('',*,*,#8151,.T.);
#8153=ORIENTED_EDGE('',*,*,#7073,.F.);
#8154=ORIENTED_EDGE('',*,*,#8139,.F.);
#8155=EDGE_LOOP('',(#8148,#8152,#8153,#8154));
#8156=FACE_OUTER_BOUND('',#8155,.T.);
#8157=AXIS2_PLACEMENT_3D('',#7140,#1834,#3302);
#8158=PLANE('',#8157);
#8159=ADVANCED_FACE('',(#8156),#8158,.T.);
#8160=ORIENTED_EDGE('',*,*,#7282,.T.);
#8161=VECTOR('',#367,1.);
#8162=LINE('',#7136,#8161);
#8163=EDGE_CURVE('',#7137,#6842,#8162,.T.);
#8164=ORIENTED_EDGE('',*,*,#8163,.T.);
#8165=ORIENTED_EDGE('',*,*,#7077,.F.);
#8166=ORIENTED_EDGE('',*,*,#8151,.F.);
#8167=EDGE_LOOP('',(#8160,#8164,#8165,#8166));
#8168=FACE_OUTER_BOUND('',#8167,.T.);
#8169=AXIS2_PLACEMENT_3D('',#7138,#3085,#3289);
#8170=PLANE('',#8169);
#8171=ADVANCED_FACE('',(#8168),#8170,.T.);
#8172=ORIENTED_EDGE('',*,*,#7278,.T.);
#8173=VECTOR('',#367,1.);
#8174=LINE('',#7134,#8173);
#8175=EDGE_CURVE('',#7135,#6844,#8174,.T.);
#8176=ORIENTED_EDGE('',*,*,#8175,.T.);
#8177=ORIENTED_EDGE('',*,*,#7081,.F.);
#8178=ORIENTED_EDGE('',*,*,#8163,.F.);
#8179=EDGE_LOOP('',(#8172,#8176,#8177,#8178));
#8180=FACE_OUTER_BOUND('',#8179,.T.);
#8181=AXIS2_PLACEMENT_3D('',#7136,#3072,#3276);
#8182=PLANE('',#8181);
#8183=ADVANCED_FACE('',(#8180),#8182,.T.);
#8184=ORIENTED_EDGE('',*,*,#7274,.T.);
#8185=VECTOR('',#367,1.);
#8186=LINE('',#7132,#8185);
#8187=EDGE_CURVE('',#7133,#6846,#8186,.T.);
#8188=ORIENTED_EDGE('',*,*,#8187,.T.);
#8189=ORIENTED_EDGE('',*,*,#7085,.F.);
#8190=ORIENTED_EDGE('',*,*,#8175,.F.);
#8191=EDGE_LOOP('',(#8184,#8188,#8189,#8190));
#8192=FACE_OUTER_BOUND('',#8191,.T.);
#8193=AXIS2_PLACEMENT_3D('',#7134,#3059,#3263);
#8194=PLANE('',#8193);
#8195=ADVANCED_FACE('',(#8192),#8194,.T.);
#8196=ORIENTED_EDGE('',*,*,#7270,.T.);
#8197=VECTOR('',#367,1.);
#8198=LINE('',#7130,#8197);
#8199=EDGE_CURVE('',#7131,#6848,#8198,.T.);
#8200=ORIENTED_EDGE('',*,*,#8199,.T.);
#8201=ORIENTED_EDGE('',*,*,#7089,.F.);
#8202=ORIENTED_EDGE('',*,*,#8187,.F.);
#8203=EDGE_LOOP('',(#8196,#8200,#8201,#8202));
#8204=FACE_OUTER_BOUND('',#8203,.T.);
#8205=AXIS2_PLACEMENT_3D('',#7132,#3046,#3250);
#8206=PLANE('',#8205);
#8207=ADVANCED_FACE('',(#8204),#8206,.T.);
#8208=ORIENTED_EDGE('',*,*,#7266,.T.);
#8209=VECTOR('',#367,1.);
#8210=LINE('',#7128,#8209);
#8211=EDGE_CURVE('',#7129,#6850,#8210,.T.);
#8212=ORIENTED_EDGE('',*,*,#8211,.T.);
#8213=ORIENTED_EDGE('',*,*,#7093,.F.);
#8214=ORIENTED_EDGE('',*,*,#8199,.F.);
#8215=EDGE_LOOP('',(#8208,#8212,#8213,#8214));
#8216=FACE_OUTER_BOUND('',#8215,.T.);
#8217=AXIS2_PLACEMENT_3D('',#7130,#1809,#3237);
#8218=PLANE('',#8217);
#8219=ADVANCED_FACE('',(#8216),#8218,.T.);
#8220=ORIENTED_EDGE('',*,*,#7262,.T.);
#8221=VECTOR('',#367,1.);
#8222=LINE('',#7126,#8221);
#8223=EDGE_CURVE('',#7127,#6852,#8222,.T.);
#8224=ORIENTED_EDGE('',*,*,#8223,.T.);
#8225=ORIENTED_EDGE('',*,*,#7097,.F.);
#8226=ORIENTED_EDGE('',*,*,#8211,.F.);
#8227=EDGE_LOOP('',(#8220,#8224,#8225,#8226));
#8228=FACE_OUTER_BOUND('',#8227,.T.);
#8229=AXIS2_PLACEMENT_3D('',#7128,#3021,#3224);
#8230=PLANE('',#8229);
#8231=ADVANCED_FACE('',(#8228),#8230,.T.);
#8232=ORIENTED_EDGE('',*,*,#7258,.T.);
#8233=VECTOR('',#367,1.);
#8234=LINE('',#7124,#8233);
#8235=EDGE_CURVE('',#7125,#6854,#8234,.T.);
#8236=ORIENTED_EDGE('',*,*,#8235,.T.);
#8237=ORIENTED_EDGE('',*,*,#7101,.F.);
#8238=ORIENTED_EDGE('',*,*,#8223,.F.);
#8239=EDGE_LOOP('',(#8232,#8236,#8237,#8238));
#8240=FACE_OUTER_BOUND('',#8239,.T.);
#8241=AXIS2_PLACEMENT_3D('',#7126,#1799,#3211);
#8242=PLANE('',#8241);
#8243=ADVANCED_FACE('',(#8240),#8242,.T.);
#8244=ORIENTED_EDGE('',*,*,#7254,.T.);
#8245=VECTOR('',#367,1.);
#8246=LINE('',#7122,#8245);
#8247=EDGE_CURVE('',#7123,#6856,#8246,.T.);
#8248=ORIENTED_EDGE('',*,*,#8247,.T.);
#8249=ORIENTED_EDGE('',*,*,#7105,.F.);
#8250=ORIENTED_EDGE('',*,*,#8235,.F.);
#8251=EDGE_LOOP('',(#8244,#8248,#8249,#8250));
#8252=FACE_OUTER_BOUND('',#8251,.T.);
#8253=AXIS2_PLACEMENT_3D('',#7124,#1794,#3198);
#8254=PLANE('',#8253);
#8255=ADVANCED_FACE('',(#8252),#8254,.T.);
#8256=ORIENTED_EDGE('',*,*,#7250,.T.);
#8257=VECTOR('',#367,1.);
#8258=LINE('',#7120,#8257);
#8259=EDGE_CURVE('',#7121,#6858,#8258,.T.);
#8260=ORIENTED_EDGE('',*,*,#8259,.T.);
#8261=ORIENTED_EDGE('',*,*,#7109,.F.);
#8262=ORIENTED_EDGE('',*,*,#8247,.F.);
#8263=EDGE_LOOP('',(#8256,#8260,#8261,#8262));
#8264=FACE_OUTER_BOUND('',#8263,.T.);
#8265=AXIS2_PLACEMENT_3D('',#7122,#1789,#3185);
#8266=PLANE('',#8265);
#8267=ADVANCED_FACE('',(#8264),#8266,.T.);
#8268=ORIENTED_EDGE('',*,*,#7502,.T.);
#8269=ORIENTED_EDGE('',*,*,#7517,.T.);
#8270=ORIENTED_EDGE('',*,*,#7113,.F.);
#8271=ORIENTED_EDGE('',*,*,#8259,.F.);
#8272=EDGE_LOOP('',(#8268,#8269,#8270,#8271));
#8273=FACE_OUTER_BOUND('',#8272,.T.);
#8274=AXIS2_PLACEMENT_3D('',#7120,#2972,#3172);
#8275=PLANE('',#8274);
#8276=ADVANCED_FACE('',(#8273),#8275,.T.);
#8277=CLOSED_SHELL('',(#7119,#7508,#7523,#7535,#7547,#7559,#7571,#7583,#7595,#7607,#7619,#7631,#7643,#7655,#7667,#7679,#7691,#7703,#7715,#7727,#7739,#7751,#7763,#7775,#7787,#7799,#7811,#7823,#7835,#7847,#7859,#7871,#7883,#7895,#7907,#7919,#7931,#7943,#7955,#7967,#7979,#7991,#8003,#8015,#8027,#8039,#8051,#8063,#8075,#8087,#8099,#8111,#8123,#8135,#8147,#8159,#8171,#8183,#8195,#8207,#8219,#8231,#8243,#8255,#8267,#8276));
#8278=MANIFOLD_SOLID_BREP('boss2',#8277);
#8279=CARTESIAN_POINT('',(-32.5,-20.5,0.));
#8280=VERTEX_POINT('',#8279);
#8281=CARTESIAN_POINT('',(-32.5048153,-20.4019829,0.));
#8282=VERTEX_POINT('',#8281);
#8283=CARTESIAN_POINT('',(-32.5192147,-20.3049097,0.));
#8284=VERTEX_POINT('',#8283);
#8285=CARTESIAN_POINT('',(-32.5430597,-20.2097153,0.));
#8286=VERTEX_POINT('',#8285);
#8287=CARTESIAN_POINT('',(-32.5761205,-20.1173166,0.));
#8288=VERTEX_POINT('',#8287);
#8289=CARTESIAN_POINT('',(-32.6180787,-20.0286033,0.));
#8290=VERTEX_POINT('',#8289);
#8291=CARTESIAN_POINT('',(-32.6685304,-19.9444298,0.));
#8292=VERTEX_POINT('',#8291);
#8293=CARTESIAN_POINT('',(-32.7269895,-19.8656067,0.));
#8294=VERTEX_POINT('',#8293);
#8295=CARTESIAN_POINT('',(-32.7928932,-19.7928932,0.));
#8296=VERTEX_POINT('',#8295);
#8297=CARTESIAN_POINT('',(-32.8656067,-19.7269895,0.));
#8298=VERTEX_POINT('',#8297);
#8299=CARTESIAN_POINT('',(-32.9444298,-19.6685304,0.));
#8300=VERTEX_POINT('',#8299);
#8301=CARTESIAN_POINT('',(-33.0286033,-19.6180787,0.));
#8302=VERTEX_POINT('',#8301);
#8303=CARTESIAN_POINT('',(-33.1173166,-19.5761205,0.));
#8304=VERTEX_POINT('',#8303);
#8305=CARTESIAN_POINT('',(-33.2097153,-19.5430597,0.));
#8306=VERTEX_POINT('',#8305);
#8307=CARTESIAN_POINT('',(-33.3049097,-19.5192147,0.));
#8308=VERTEX_POINT('',#8307);
#8309=CARTESIAN_POINT('',(-33.4019829,-19.5048153,0.));
#8310=VERTEX_POINT('',#8309);
#8311=CARTESIAN_POINT('',(-33.5,-19.5,0.));
#8312=VERTEX_POINT('',#8311);
#8313=CARTESIAN_POINT('',(-33.5980171,-19.5048153,0.));
#8314=VERTEX_POINT('',#8313);
#8315=CARTESIAN_POINT('',(-33.6950903,-19.5192147,0.));
#8316=VERTEX_POINT('',#8315);
#8317=CARTESIAN_POINT('',(-33.7902847,-19.5430597,0.));
#8318=VERTEX_POINT('',#8317);
#8319=CARTESIAN_POINT('',(-33.8826834,-19.5761205,0.));
#8320=VERTEX_POINT('',#8319);
#8321=CARTESIAN_POINT('',(-33.9713967,-19.6180787,0.));
#8322=VERTEX_POINT('',#8321);
#8323=CARTESIAN_POINT('',(-34.0555702,-19.6685304,0.));
#8324=VERTEX_POINT('',#8323);
#8325=CARTESIAN_POINT('',(-34.1343933,-19.7269895,0.));
#8326=VERTEX_POINT('',#8325);
#8327=CARTESIAN_POINT('',(-34.2071068,-19.7928932,0.));
#8328=VERTEX_POINT('',#8327);
#8329=CARTESIAN_POINT('',(-34.2730105,-19.8656067,0.));
#8330=VERTEX_POINT('',#8329);
#8331=CARTESIAN_POINT('',(-34.3314696,-19.9444298,0.));
#8332=VERTEX_POINT('',#8331);
#8333=CARTESIAN_POINT('',(-34.3819213,-20.0286033,0.));
#8334=VERTEX_POINT('',#8333);
#8335=CARTESIAN_POINT('',(-34.4238795,-20.1173166,0.));
#8336=VERTEX_POINT('',#8335);
#8337=CARTESIAN_POINT('',(-34.4569403,-20.2097153,0.));
#8338=VERTEX_POINT('',#8337);
#8339=CARTESIAN_POINT('',(-34.4807853,-20.3049097,0.));
#8340=VERTEX_POINT('',#8339);
#8341=CARTESIAN_POINT('',(-34.4951847,-20.4019829,0.));
#8342=VERTEX_POINT('',#8341);
#8343=CARTESIAN_POINT('',(-34.5,-20.5,0.));
#8344=VERTEX_POINT('',#8343);
#8345=CARTESIAN_POINT('',(-34.4951847,-20.5980171,0.));
#8346=VERTEX_POINT('',#8345);
#8347=CARTESIAN_POINT('',(-34.4807853,-20.6950903,0.));
#8348=VERTEX_POINT('',#8347);
#8349=CARTESIAN_POINT('',(-34.4569403,-20.7902847,0.));
#8350=VERTEX_POINT('',#8349);
#8351=CARTESIAN_POINT('',(-34.4238795,-20.8826834,0.));
#8352=VERTEX_POINT('',#8351);
#8353=CARTESIAN_POINT('',(-34.3819213,-20.9713967,0.));
#8354=VERTEX_POINT('',#8353);
#8355=CARTESIAN_POINT('',(-34.3314696,-21.0555702,0.));
#8356=VERTEX_POINT('',#8355);
#8357=CARTESIAN_POINT('',(-34.2730105,-21.1343933,0.));
#8358=VERTEX_POINT('',#8357);
#8359=CARTESIAN_POINT('',(-34.2071068,-21.2071068,0.));
#8360=VERTEX_POINT('',#8359);
#8361=CARTESIAN_POINT('',(-34.1343933,-21.2730105,0.));
#8362=VERTEX_POINT('',#8361);
#8363=CARTESIAN_POINT('',(-34.0555702,-21.3314696,0.));
#8364=VERTEX_POINT('',#8363);
#8365=CARTESIAN_POINT('',(-33.9713967,-21.3819213,0.));
#8366=VERTEX_POINT('',#8365);
#8367=CARTESIAN_POINT('',(-33.8826834,-21.4238795,0.));
#8368=VERTEX_POINT('',#8367);
#8369=CARTESIAN_POINT('',(-33.7902847,-21.4569403,0.));
#8370=VERTEX_POINT('',#8369);
#8371=CARTESIAN_POINT('',(-33.6950903,-21.4807853,0.));
#8372=VERTEX_POINT('',#8371);
#8373=CARTESIAN_POINT('',(-33.5980171,-21.4951847,0.));
#8374=VERTEX_POINT('',#8373);
#8375=CARTESIAN_POINT('',(-33.5,-21.5,0.));
#8376=VERTEX_POINT('',#8375);
#8377=CARTESIAN_POINT('',(-33.4019829,-21.4951847,0.));
#8378=VERTEX_POINT('',#8377);
#8379=CARTESIAN_POINT('',(-33.3049097,-21.4807853,0.));
#8380=VERTEX_POINT('',#8379);
#8381=CARTESIAN_POINT('',(-33.2097153,-21.4569403,0.));
#8382=VERTEX_POINT('',#8381);
#8383=CARTESIAN_POINT('',(-33.1173166,-21.4238795,0.));
#8384=VERTEX_POINT('',#8383);
#8385=CARTESIAN_POINT('',(-33.0286033,-21.3819213,0.));
#8386=VERTEX_POINT('',#8385);
#8387=CARTESIAN_POINT('',(-32.9444298,-21.3314696,0.));
#8388=VERTEX_POINT('',#8387);
#8389=CARTESIAN_POINT('',(-32.8656067,-21.2730105,0.));
#8390=VERTEX_POINT('',#8389);
#8391=CARTESIAN_POINT('',(-32.7928932,-21.2071068,0.));
#8392=VERTEX_POINT('',#8391);
#8393=CARTESIAN_POINT('',(-32.7269895,-21.1343933,0.));
#8394=VERTEX_POINT('',#8393);
#8395=CARTESIAN_POINT('',(-32.6685304,-21.0555702,0.));
#8396=VERTEX_POINT('',#8395);
#8397=CARTESIAN_POINT('',(-32.6180787,-20.9713967,0.));
#8398=VERTEX_POINT('',#8397);
#8399=CARTESIAN_POINT('',(-32.5761205,-20.8826834,0.));
#8400=VERTEX_POINT('',#8399);
#8401=CARTESIAN_POINT('',(-32.5430597,-20.7902847,0.));
#8402=VERTEX_POINT('',#8401);
#8403=CARTESIAN_POINT('',(-32.5192147,-20.6950903,0.));
#8404=VERTEX_POINT('',#8403);
#8405=CARTESIAN_POINT('',(-32.5048153,-20.5980171,0.));
#8406=VERTEX_POINT('',#8405);
#8407=VECTOR('',#5279,1.);
#8408=LINE('',#8281,#8407);
#8409=EDGE_CURVE('',#8282,#8280,#8408,.T.);
#8410=ORIENTED_EDGE('',*,*,#8409,.F.);
#8411=VECTOR('',#5284,1.);
#8412=LINE('',#8283,#8411);
#8413=EDGE_CURVE('',#8284,#8282,#8412,.T.);
#8414=ORIENTED_EDGE('',*,*,#8413,.F.);
#8415=VECTOR('',#5289,1.);
#8416=LINE('',#8285,#8415);
#8417=EDGE_CURVE('',#8286,#8284,#8416,.T.);
#8418=ORIENTED_EDGE('',*,*,#8417,.F.);
#8419=VECTOR('',#5294,1.);
#8420=LINE('',#8287,#8419);
#8421=EDGE_CURVE('',#8288,#8286,#8420,.T.);
#8422=ORIENTED_EDGE('',*,*,#8421,.F.);
#8423=VECTOR('',#5299,1.);
#8424=LINE('',#8289,#8423);
#8425=EDGE_CURVE('',#8290,#8288,#8424,.T.);
#8426=ORIENTED_EDGE('',*,*,#8425,.F.);
#8427=VECTOR('',#5304,1.);
#8428=LINE('',#8291,#8427);
#8429=EDGE_CURVE('',#8292,#8290,#8428,.T.);
#8430=ORIENTED_EDGE('',*,*,#8429,.F.);
#8431=VECTOR('',#5309,1.);
#8432=LINE('',#8293,#8431);
#8433=EDGE_CURVE('',#8294,#8292,#8432,.T.);
#8434=ORIENTED_EDGE('',*,*,#8433,.F.);
#8435=VECTOR('',#5314,1.);
#8436=LINE('',#8295,#8435);
#8437=EDGE_CURVE('',#8296,#8294,#8436,.T.);
#8438=ORIENTED_EDGE('',*,*,#8437,.F.);
#8439=VECTOR('',#5319,1.);
#8440=LINE('',#8297,#8439);
#8441=EDGE_CURVE('',#8298,#8296,#8440,.T.);
#8442=ORIENTED_EDGE('',*,*,#8441,.F.);
#8443=VECTOR('',#5324,1.);
#8444=LINE('',#8299,#8443);
#8445=EDGE_CURVE('',#8300,#8298,#8444,.T.);
#8446=ORIENTED_EDGE('',*,*,#8445,.F.);
#8447=VECTOR('',#5329,1.);
#8448=LINE('',#8301,#8447);
#8449=EDGE_CURVE('',#8302,#8300,#8448,.T.);
#8450=ORIENTED_EDGE('',*,*,#8449,.F.);
#8451=VECTOR('',#5334,1.);
#8452=LINE('',#8303,#8451);
#8453=EDGE_CURVE('',#8304,#8302,#8452,.T.);
#8454=ORIENTED_EDGE('',*,*,#8453,.F.);
#8455=VECTOR('',#5339,1.);
#8456=LINE('',#8305,#8455);
#8457=EDGE_CURVE('',#8306,#8304,#8456,.T.);
#8458=ORIENTED_EDGE('',*,*,#8457,.F.);
#8459=VECTOR('',#5344,1.);
#8460=LINE('',#8307,#8459);
#8461=EDGE_CURVE('',#8308,#8306,#8460,.T.);
#8462=ORIENTED_EDGE('',*,*,#8461,.F.);
#8463=VECTOR('',#5349,1.);
#8464=LINE('',#8309,#8463);
#8465=EDGE_CURVE('',#8310,#8308,#8464,.T.);
#8466=ORIENTED_EDGE('',*,*,#8465,.F.);
#8467=VECTOR('',#5354,1.);
#8468=LINE('',#8311,#8467);
#8469=EDGE_CURVE('',#8312,#8310,#8468,.T.);
#8470=ORIENTED_EDGE('',*,*,#8469,.F.);
#8471=VECTOR('',#5359,1.);
#8472=LINE('',#8313,#8471);
#8473=EDGE_CURVE('',#8314,#8312,#8472,.T.);
#8474=ORIENTED_EDGE('',*,*,#8473,.F.);
#8475=VECTOR('',#5364,1.);
#8476=LINE('',#8315,#8475);
#8477=EDGE_CURVE('',#8316,#8314,#8476,.T.);
#8478=ORIENTED_EDGE('',*,*,#8477,.F.);
#8479=VECTOR('',#5369,1.);
#8480=LINE('',#8317,#8479);
#8481=EDGE_CURVE('',#8318,#8316,#8480,.T.);
#8482=ORIENTED_EDGE('',*,*,#8481,.F.);
#8483=VECTOR('',#5374,1.);
#8484=LINE('',#8319,#8483);
#8485=EDGE_CURVE('',#8320,#8318,#8484,.T.);
#8486=ORIENTED_EDGE('',*,*,#8485,.F.);
#8487=VECTOR('',#5379,1.);
#8488=LINE('',#8321,#8487);
#8489=EDGE_CURVE('',#8322,#8320,#8488,.T.);
#8490=ORIENTED_EDGE('',*,*,#8489,.F.);
#8491=VECTOR('',#5384,1.);
#8492=LINE('',#8323,#8491);
#8493=EDGE_CURVE('',#8324,#8322,#8492,.T.);
#8494=ORIENTED_EDGE('',*,*,#8493,.F.);
#8495=VECTOR('',#5389,1.);
#8496=LINE('',#8325,#8495);
#8497=EDGE_CURVE('',#8326,#8324,#8496,.T.);
#8498=ORIENTED_EDGE('',*,*,#8497,.F.);
#8499=VECTOR('',#5394,1.);
#8500=LINE('',#8327,#8499);
#8501=EDGE_CURVE('',#8328,#8326,#8500,.T.);
#8502=ORIENTED_EDGE('',*,*,#8501,.F.);
#8503=VECTOR('',#5399,1.);
#8504=LINE('',#8329,#8503);
#8505=EDGE_CURVE('',#8330,#8328,#8504,.T.);
#8506=ORIENTED_EDGE('',*,*,#8505,.F.);
#8507=VECTOR('',#5404,1.);
#8508=LINE('',#8331,#8507);
#8509=EDGE_CURVE('',#8332,#8330,#8508,.T.);
#8510=ORIENTED_EDGE('',*,*,#8509,.F.);
#8511=VECTOR('',#5409,1.);
#8512=LINE('',#8333,#8511);
#8513=EDGE_CURVE('',#8334,#8332,#8512,.T.);
#8514=ORIENTED_EDGE('',*,*,#8513,.F.);
#8515=VECTOR('',#5414,1.);
#8516=LINE('',#8335,#8515);
#8517=EDGE_CURVE('',#8336,#8334,#8516,.T.);
#8518=ORIENTED_EDGE('',*,*,#8517,.F.);
#8519=VECTOR('',#5419,1.);
#8520=LINE('',#8337,#8519);
#8521=EDGE_CURVE('',#8338,#8336,#8520,.T.);
#8522=ORIENTED_EDGE('',*,*,#8521,.F.);
#8523=VECTOR('',#5424,1.);
#8524=LINE('',#8339,#8523);
#8525=EDGE_CURVE('',#8340,#8338,#8524,.T.);
#8526=ORIENTED_EDGE('',*,*,#8525,.F.);
#8527=VECTOR('',#5429,1.);
#8528=LINE('',#8341,#8527);
#8529=EDGE_CURVE('',#8342,#8340,#8528,.T.);
#8530=ORIENTED_EDGE('',*,*,#8529,.F.);
#8531=VECTOR('',#5434,1.);
#8532=LINE('',#8343,#8531);
#8533=EDGE_CURVE('',#8344,#8342,#8532,.T.);
#8534=ORIENTED_EDGE('',*,*,#8533,.F.);
#8535=VECTOR('',#5279,1.);
#8536=LINE('',#8343,#8535);
#8537=EDGE_CURVE('',#8344,#8346,#8536,.T.);
#8538=ORIENTED_EDGE('',*,*,#8537,.T.);
#8539=VECTOR('',#5284,1.);
#8540=LINE('',#8345,#8539);
#8541=EDGE_CURVE('',#8346,#8348,#8540,.T.);
#8542=ORIENTED_EDGE('',*,*,#8541,.T.);
#8543=VECTOR('',#5289,1.);
#8544=LINE('',#8347,#8543);
#8545=EDGE_CURVE('',#8348,#8350,#8544,.T.);
#8546=ORIENTED_EDGE('',*,*,#8545,.T.);
#8547=VECTOR('',#5294,1.);
#8548=LINE('',#8349,#8547);
#8549=EDGE_CURVE('',#8350,#8352,#8548,.T.);
#8550=ORIENTED_EDGE('',*,*,#8549,.T.);
#8551=VECTOR('',#5299,1.);
#8552=LINE('',#8351,#8551);
#8553=EDGE_CURVE('',#8352,#8354,#8552,.T.);
#8554=ORIENTED_EDGE('',*,*,#8553,.T.);
#8555=VECTOR('',#5304,1.);
#8556=LINE('',#8353,#8555);
#8557=EDGE_CURVE('',#8354,#8356,#8556,.T.);
#8558=ORIENTED_EDGE('',*,*,#8557,.T.);
#8559=VECTOR('',#5309,1.);
#8560=LINE('',#8355,#8559);
#8561=EDGE_CURVE('',#8356,#8358,#8560,.T.);
#8562=ORIENTED_EDGE('',*,*,#8561,.T.);
#8563=VECTOR('',#5314,1.);
#8564=LINE('',#8357,#8563);
#8565=EDGE_CURVE('',#8358,#8360,#8564,.T.);
#8566=ORIENTED_EDGE('',*,*,#8565,.T.);
#8567=VECTOR('',#5319,1.);
#8568=LINE('',#8359,#8567);
#8569=EDGE_CURVE('',#8360,#8362,#8568,.T.);
#8570=ORIENTED_EDGE('',*,*,#8569,.T.);
#8571=VECTOR('',#5324,1.);
#8572=LINE('',#8361,#8571);
#8573=EDGE_CURVE('',#8362,#8364,#8572,.T.);
#8574=ORIENTED_EDGE('',*,*,#8573,.T.);
#8575=VECTOR('',#5329,1.);
#8576=LINE('',#8363,#8575);
#8577=EDGE_CURVE('',#8364,#8366,#8576,.T.);
#8578=ORIENTED_EDGE('',*,*,#8577,.T.);
#8579=VECTOR('',#5334,1.);
#8580=LINE('',#8365,#8579);
#8581=EDGE_CURVE('',#8366,#8368,#8580,.T.);
#8582=ORIENTED_EDGE('',*,*,#8581,.T.);
#8583=VECTOR('',#5339,1.);
#8584=LINE('',#8367,#8583);
#8585=EDGE_CURVE('',#8368,#8370,#8584,.T.);
#8586=ORIENTED_EDGE('',*,*,#8585,.T.);
#8587=VECTOR('',#5344,1.);
#8588=LINE('',#8369,#8587);
#8589=EDGE_CURVE('',#8370,#8372,#8588,.T.);
#8590=ORIENTED_EDGE('',*,*,#8589,.T.);
#8591=VECTOR('',#5349,1.);
#8592=LINE('',#8371,#8591);
#8593=EDGE_CURVE('',#8372,#8374,#8592,.T.);
#8594=ORIENTED_EDGE('',*,*,#8593,.T.);
#8595=VECTOR('',#5354,1.);
#8596=LINE('',#8373,#8595);
#8597=EDGE_CURVE('',#8374,#8376,#8596,.T.);
#8598=ORIENTED_EDGE('',*,*,#8597,.T.);
#8599=VECTOR('',#5359,1.);
#8600=LINE('',#8375,#8599);
#8601=EDGE_CURVE('',#8376,#8378,#8600,.T.);
#8602=ORIENTED_EDGE('',*,*,#8601,.T.);
#8603=VECTOR('',#5364,1.);
#8604=LINE('',#8377,#8603);
#8605=EDGE_CURVE('',#8378,#8380,#8604,.T.);
#8606=ORIENTED_EDGE('',*,*,#8605,.T.);
#8607=VECTOR('',#5369,1.);
#8608=LINE('',#8379,#8607);
#8609=EDGE_CURVE('',#8380,#8382,#8608,.T.);
#8610=ORIENTED_EDGE('',*,*,#8609,.T.);
#8611=VECTOR('',#5374,1.);
#8612=LINE('',#8381,#8611);
#8613=EDGE_CURVE('',#8382,#8384,#8612,.T.);
#8614=ORIENTED_EDGE('',*,*,#8613,.T.);
#8615=VECTOR('',#5379,1.);
#8616=LINE('',#8383,#8615);
#8617=EDGE_CURVE('',#8384,#8386,#8616,.T.);
#8618=ORIENTED_EDGE('',*,*,#8617,.T.);
#8619=VECTOR('',#5384,1.);
#8620=LINE('',#8385,#8619);
#8621=EDGE_CURVE('',#8386,#8388,#8620,.T.);
#8622=ORIENTED_EDGE('',*,*,#8621,.T.);
#8623=VECTOR('',#5389,1.);
#8624=LINE('',#8387,#8623);
#8625=EDGE_CURVE('',#8388,#8390,#8624,.T.);
#8626=ORIENTED_EDGE('',*,*,#8625,.T.);
#8627=VECTOR('',#5394,1.);
#8628=LINE('',#8389,#8627);
#8629=EDGE_CURVE('',#8390,#8392,#8628,.T.);
#8630=ORIENTED_EDGE('',*,*,#8629,.T.);
#8631=VECTOR('',#5399,1.);
#8632=LINE('',#8391,#8631);
#8633=EDGE_CURVE('',#8392,#8394,#8632,.T.);
#8634=ORIENTED_EDGE('',*,*,#8633,.T.);
#8635=VECTOR('',#5404,1.);
#8636=LINE('',#8393,#8635);
#8637=EDGE_CURVE('',#8394,#8396,#8636,.T.);
#8638=ORIENTED_EDGE('',*,*,#8637,.T.);
#8639=VECTOR('',#5409,1.);
#8640=LINE('',#8395,#8639);
#8641=EDGE_CURVE('',#8396,#8398,#8640,.T.);
#8642=ORIENTED_EDGE('',*,*,#8641,.T.);
#8643=VECTOR('',#5414,1.);
#8644=LINE('',#8397,#8643);
#8645=EDGE_CURVE('',#8398,#8400,#8644,.T.);
#8646=ORIENTED_EDGE('',*,*,#8645,.T.);
#8647=VECTOR('',#5419,1.);
#8648=LINE('',#8399,#8647);
#8649=EDGE_CURVE('',#8400,#8402,#8648,.T.);
#8650=ORIENTED_EDGE('',*,*,#8649,.T.);
#8651=VECTOR('',#5424,1.);
#8652=LINE('',#8401,#8651);
#8653=EDGE_CURVE('',#8402,#8404,#8652,.T.);
#8654=ORIENTED_EDGE('',*,*,#8653,.T.);
#8655=VECTOR('',#5429,1.);
#8656=LINE('',#8403,#8655);
#8657=EDGE_CURVE('',#8404,#8406,#8656,.T.);
#8658=ORIENTED_EDGE('',*,*,#8657,.T.);
#8659=VECTOR('',#5434,1.);
#8660=LINE('',#8405,#8659);
#8661=EDGE_CURVE('',#8406,#8280,#8660,.T.);
#8662=ORIENTED_EDGE('',*,*,#8661,.T.);
#8663=EDGE_LOOP('',(#8410,#8414,#8418,#8422,#8426,#8430,#8434,#8438,#8442,#8446,#8450,#8454,#8458,#8462,#8466,#8470,#8474,#8478,#8482,#8486,#8490,#8494,#8498,#8502,#8506,#8510,#8514,#8518,#8522,#8526,#8530,#8534,#8538,#8542,#8546,#8550,#8554,#8558,#8562,#8566,#8570,#8574,#8578,#8582,#8586,#8590,#8594,#8598,#8602,#8606,#8610,#8614,#8618,#8622,#8626,#8630,#8634,#8638,#8642,#8646,#8650,#8654,#8658,#8662));
#8664=FACE_OUTER_BOUND('',#8663,.T.);
#8665=AXIS2_PLACEMENT_3D('',#8279,#367,#87);
#8666=PLANE('',#8665);
#8667=ADVANCED_FACE('',(#8664),#8666,.T.);
#8668=CARTESIAN_POINT('',(-32.5048153,-20.5980171,-1.));
#8669=VERTEX_POINT('',#8668);
#8670=CARTESIAN_POINT('',(-32.5192147,-20.6950903,-1.));
#8671=VERTEX_POINT('',#8670);
#8672=CARTESIAN_POINT('',(-32.5430597,-20.7902847,-1.));
#8673=VERTEX_POINT('',#8672);
#8674=CARTESIAN_POINT('',(-32.5761205,-20.8826834,-1.));
#8675=VERTEX_POINT('',#8674);
#8676=CARTESIAN_POINT('',(-32.6180787,-20.9713967,-1.));
#8677=VERTEX_POINT('',#8676);
#8678=CARTESIAN_POINT('',(-32.6685304,-21.0555702,-1.));
#8679=VERTEX_POINT('',#8678);
#8680=CARTESIAN_POINT('',(-32.7269895,-21.1343933,-1.));
#8681=VERTEX_POINT('',#8680);
#8682=CARTESIAN_POINT('',(-32.7928932,-21.2071068,-1.));
#8683=VERTEX_POINT('',#8682);
#8684=CARTESIAN_POINT('',(-32.8656067,-21.2730105,-1.));
#8685=VERTEX_POINT('',#8684);
#8686=CARTESIAN_POINT('',(-32.9444298,-21.3314696,-1.));
#8687=VERTEX_POINT('',#8686);
#8688=CARTESIAN_POINT('',(-33.0286033,-21.3819213,-1.));
#8689=VERTEX_POINT('',#8688);
#8690=CARTESIAN_POINT('',(-33.1173166,-21.4238795,-1.));
#8691=VERTEX_POINT('',#8690);
#8692=CARTESIAN_POINT('',(-33.2097153,-21.4569403,-1.));
#8693=VERTEX_POINT('',#8692);
#8694=CARTESIAN_POINT('',(-33.3049097,-21.4807853,-1.));
#8695=VERTEX_POINT('',#8694);
#8696=CARTESIAN_POINT('',(-33.4019829,-21.4951847,-1.));
#8697=VERTEX_POINT('',#8696);
#8698=CARTESIAN_POINT('',(-33.5,-21.5,-1.));
#8699=VERTEX_POINT('',#8698);
#8700=CARTESIAN_POINT('',(-33.5980171,-21.4951847,-1.));
#8701=VERTEX_POINT('',#8700);
#8702=CARTESIAN_POINT('',(-33.6950903,-21.4807853,-1.));
#8703=VERTEX_POINT('',#8702);
#8704=CARTESIAN_POINT('',(-33.7902847,-21.4569403,-1.));
#8705=VERTEX_POINT('',#8704);
#8706=CARTESIAN_POINT('',(-33.8826834,-21.4238795,-1.));
#8707=VERTEX_POINT('',#8706);
#8708=CARTESIAN_POINT('',(-33.9713967,-21.3819213,-1.));
#8709=VERTEX_POINT('',#8708);
#8710=CARTESIAN_POINT('',(-34.0555702,-21.3314696,-1.));
#8711=VERTEX_POINT('',#8710);
#8712=CARTESIAN_POINT('',(-34.1343933,-21.2730105,-1.));
#8713=VERTEX_POINT('',#8712);
#8714=CARTESIAN_POINT('',(-34.2071068,-21.2071068,-1.));
#8715=VERTEX_POINT('',#8714);
#8716=CARTESIAN_POINT('',(-34.2730105,-21.1343933,-1.));
#8717=VERTEX_POINT('',#8716);
#8718=CARTESIAN_POINT('',(-34.3314696,-21.0555702,-1.));
#8719=VERTEX_POINT('',#8718);
#8720=CARTESIAN_POINT('',(-34.3819213,-20.9713967,-1.));
#8721=VERTEX_POINT('',#8720);
#8722=CARTESIAN_POINT('',(-34.4238795,-20.8826834,-1.));
#8723=VERTEX_POINT('',#8722);
#8724=CARTESIAN_POINT('',(-34.4569403,-20.7902847,-1.));
#8725=VERTEX_POINT('',#8724);
#8726=CARTESIAN_POINT('',(-34.4807853,-20.6950903,-1.));
#8727=VERTEX_POINT('',#8726);
#8728=CARTESIAN_POINT('',(-34.4951847,-20.5980171,-1.));
#8729=VERTEX_POINT('',#8728);
#8730=CARTESIAN_POINT('',(-34.5,-20.5,-1.));
#8731=VERTEX_POINT('',#8730);
#8732=CARTESIAN_POINT('',(-34.4951847,-20.4019829,-1.));
#8733=VERTEX_POINT('',#8732);
#8734=CARTESIAN_POINT('',(-34.4807853,-20.3049097,-1.));
#8735=VERTEX_POINT('',#8734);
#8736=CARTESIAN_POINT('',(-34.4569403,-20.2097153,-1.));
#8737=VERTEX_POINT('',#8736);
#8738=CARTESIAN_POINT('',(-34.4238795,-20.1173166,-1.));
#8739=VERTEX_POINT('',#8738);
#8740=CARTESIAN_POINT('',(-34.3819213,-20.0286033,-1.));
#8741=VERTEX_POINT('',#8740);
#8742=CARTESIAN_POINT('',(-34.3314696,-19.9444298,-1.));
#8743=VERTEX_POINT('',#8742);
#8744=CARTESIAN_POINT('',(-34.2730105,-19.8656067,-1.));
#8745=VERTEX_POINT('',#8744);
#8746=CARTESIAN_POINT('',(-34.2071068,-19.7928932,-1.));
#8747=VERTEX_POINT('',#8746);
#8748=CARTESIAN_POINT('',(-34.1343933,-19.7269895,-1.));
#8749=VERTEX_POINT('',#8748);
#8750=CARTESIAN_POINT('',(-34.0555702,-19.6685304,-1.));
#8751=VERTEX_POINT('',#8750);
#8752=CARTESIAN_POINT('',(-33.9713967,-19.6180787,-1.));
#8753=VERTEX_POINT('',#8752);
#8754=CARTESIAN_POINT('',(-33.8826834,-19.5761205,-1.));
#8755=VERTEX_POINT('',#8754);
#8756=CARTESIAN_POINT('',(-33.7902847,-19.5430597,-1.));
#8757=VERTEX_POINT('',#8756);
#8758=CARTESIAN_POINT('',(-33.6950903,-19.5192147,-1.));
#8759=VERTEX_POINT('',#8758);
#8760=CARTESIAN_POINT('',(-33.5980171,-19.5048153,-1.));
#8761=VERTEX_POINT('',#8760);
#8762=CARTESIAN_POINT('',(-33.5,-19.5,-1.));
#8763=VERTEX_POINT('',#8762);
#8764=CARTESIAN_POINT('',(-33.4019829,-19.5048153,-1.));
#8765=VERTEX_POINT('',#8764);
#8766=CARTESIAN_POINT('',(-33.3049097,-19.5192147,-1.));
#8767=VERTEX_POINT('',#8766);
#8768=CARTESIAN_POINT('',(-33.2097153,-19.5430597,-1.));
#8769=VERTEX_POINT('',#8768);
#8770=CARTESIAN_POINT('',(-33.1173166,-19.5761205,-1.));
#8771=VERTEX_POINT('',#8770);
#8772=CARTESIAN_POINT('',(-33.0286033,-19.6180787,-1.));
#8773=VERTEX_POINT('',#8772);
#8774=CARTESIAN_POINT('',(-32.9444298,-19.6685304,-1.));
#8775=VERTEX_POINT('',#8774);
#8776=CARTESIAN_POINT('',(-32.8656067,-19.7269895,-1.));
#8777=VERTEX_POINT('',#8776);
#8778=CARTESIAN_POINT('',(-32.7928932,-19.7928932,-1.));
#8779=VERTEX_POINT('',#8778);
#8780=CARTESIAN_POINT('',(-32.7269895,-19.8656067,-1.));
#8781=VERTEX_POINT('',#8780);
#8782=CARTESIAN_POINT('',(-32.6685304,-19.9444298,-1.));
#8783=VERTEX_POINT('',#8782);
#8784=CARTESIAN_POINT('',(-32.6180787,-20.0286033,-1.));
#8785=VERTEX_POINT('',#8784);
#8786=CARTESIAN_POINT('',(-32.5761205,-20.1173166,-1.));
#8787=VERTEX_POINT('',#8786);
#8788=CARTESIAN_POINT('',(-32.5430597,-20.2097153,-1.));
#8789=VERTEX_POINT('',#8788);
#8790=CARTESIAN_POINT('',(-32.5192147,-20.3049097,-1.));
#8791=VERTEX_POINT('',#8790);
#8792=CARTESIAN_POINT('',(-32.5048153,-20.4019829,-1.));
#8793=VERTEX_POINT('',#8792);
#8794=CARTESIAN_POINT('',(-32.5,-20.5,-1.));
#8795=VERTEX_POINT('',#8794);
#8796=VECTOR('',#5429,1.);
#8797=LINE('',#8670,#8796);
#8798=EDGE_CURVE('',#8671,#8669,#8797,.T.);
#8799=ORIENTED_EDGE('',*,*,#8798,.F.);
#8800=VECTOR('',#5424,1.);
#8801=LINE('',#8672,#8800);
#8802=EDGE_CURVE('',#8673,#8671,#8801,.T.);
#8803=ORIENTED_EDGE('',*,*,#8802,.F.);
#8804=VECTOR('',#5419,1.);
#8805=LINE('',#8674,#8804);
#8806=EDGE_CURVE('',#8675,#8673,#8805,.T.);
#8807=ORIENTED_EDGE('',*,*,#8806,.F.);
#8808=VECTOR('',#5414,1.);
#8809=LINE('',#8676,#8808);
#8810=EDGE_CURVE('',#8677,#8675,#8809,.T.);
#8811=ORIENTED_EDGE('',*,*,#8810,.F.);
#8812=VECTOR('',#5409,1.);
#8813=LINE('',#8678,#8812);
#8814=EDGE_CURVE('',#8679,#8677,#8813,.T.);
#8815=ORIENTED_EDGE('',*,*,#8814,.F.);
#8816=VECTOR('',#5404,1.);
#8817=LINE('',#8680,#8816);
#8818=EDGE_CURVE('',#8681,#8679,#8817,.T.);
#8819=ORIENTED_EDGE('',*,*,#8818,.F.);
#8820=VECTOR('',#5399,1.);
#8821=LINE('',#8682,#8820);
#8822=EDGE_CURVE('',#8683,#8681,#8821,.T.);
#8823=ORIENTED_EDGE('',*,*,#8822,.F.);
#8824=VECTOR('',#5394,1.);
#8825=LINE('',#8684,#8824);
#8826=EDGE_CURVE('',#8685,#8683,#8825,.T.);
#8827=ORIENTED_EDGE('',*,*,#8826,.F.);
#8828=VECTOR('',#5389,1.);
#8829=LINE('',#8686,#8828);
#8830=EDGE_CURVE('',#8687,#8685,#8829,.T.);
#8831=ORIENTED_EDGE('',*,*,#8830,.F.);
#8832=VECTOR('',#5384,1.);
#8833=LINE('',#8688,#8832);
#8834=EDGE_CURVE('',#8689,#8687,#8833,.T.);
#8835=ORIENTED_EDGE('',*,*,#8834,.F.);
#8836=VECTOR('',#5379,1.);
#8837=LINE('',#8690,#8836);
#8838=EDGE_CURVE('',#8691,#8689,#8837,.T.);
#8839=ORIENTED_EDGE('',*,*,#8838,.F.);
#8840=VECTOR('',#5374,1.);
#8841=LINE('',#8692,#8840);
#8842=EDGE_CURVE('',#8693,#8691,#8841,.T.);
#8843=ORIENTED_EDGE('',*,*,#8842,.F.);
#8844=VECTOR('',#5369,1.);
#8845=LINE('',#8694,#8844);
#8846=EDGE_CURVE('',#8695,#8693,#8845,.T.);
#8847=ORIENTED_EDGE('',*,*,#8846,.F.);
#8848=VECTOR('',#5364,1.);
#8849=LINE('',#8696,#8848);
#8850=EDGE_CURVE('',#8697,#8695,#8849,.T.);
#8851=ORIENTED_EDGE('',*,*,#8850,.F.);
#8852=VECTOR('',#5359,1.);
#8853=LINE('',#8698,#8852);
#8854=EDGE_CURVE('',#8699,#8697,#8853,.T.);
#8855=ORIENTED_EDGE('',*,*,#8854,.F.);
#8856=VECTOR('',#5354,1.);
#8857=LINE('',#8700,#8856);
#8858=EDGE_CURVE('',#8701,#8699,#8857,.T.);
#8859=ORIENTED_EDGE('',*,*,#8858,.F.);
#8860=VECTOR('',#5349,1.);
#8861=LINE('',#8702,#8860);
#8862=EDGE_CURVE('',#8703,#8701,#8861,.T.);
#8863=ORIENTED_EDGE('',*,*,#8862,.F.);
#8864=VECTOR('',#5344,1.);
#8865=LINE('',#8704,#8864);
#8866=EDGE_CURVE('',#8705,#8703,#8865,.T.);
#8867=ORIENTED_EDGE('',*,*,#8866,.F.);
#8868=VECTOR('',#5339,1.);
#8869=LINE('',#8706,#8868);
#8870=EDGE_CURVE('',#8707,#8705,#8869,.T.);
#8871=ORIENTED_EDGE('',*,*,#8870,.F.);
#8872=VECTOR('',#5334,1.);
#8873=LINE('',#8708,#8872);
#8874=EDGE_CURVE('',#8709,#8707,#8873,.T.);
#8875=ORIENTED_EDGE('',*,*,#8874,.F.);
#8876=VECTOR('',#5329,1.);
#8877=LINE('',#8710,#8876);
#8878=EDGE_CURVE('',#8711,#8709,#8877,.T.);
#8879=ORIENTED_EDGE('',*,*,#8878,.F.);
#8880=VECTOR('',#5324,1.);
#8881=LINE('',#8712,#8880);
#8882=EDGE_CURVE('',#8713,#8711,#8881,.T.);
#8883=ORIENTED_EDGE('',*,*,#8882,.F.);
#8884=VECTOR('',#5319,1.);
#8885=LINE('',#8714,#8884);
#8886=EDGE_CURVE('',#8715,#8713,#8885,.T.);
#8887=ORIENTED_EDGE('',*,*,#8886,.F.);
#8888=VECTOR('',#5314,1.);
#8889=LINE('',#8716,#8888);
#8890=EDGE_CURVE('',#8717,#8715,#8889,.T.);
#8891=ORIENTED_EDGE('',*,*,#8890,.F.);
#8892=VECTOR('',#5309,1.);
#8893=LINE('',#8718,#8892);
#8894=EDGE_CURVE('',#8719,#8717,#8893,.T.);
#8895=ORIENTED_EDGE('',*,*,#8894,.F.);
#8896=VECTOR('',#5304,1.);
#8897=LINE('',#8720,#8896);
#8898=EDGE_CURVE('',#8721,#8719,#8897,.T.);
#8899=ORIENTED_EDGE('',*,*,#8898,.F.);
#8900=VECTOR('',#5299,1.);
#8901=LINE('',#8722,#8900);
#8902=EDGE_CURVE('',#8723,#8721,#8901,.T.);
#8903=ORIENTED_EDGE('',*,*,#8902,.F.);
#8904=VECTOR('',#5294,1.);
#8905=LINE('',#8724,#8904);
#8906=EDGE_CURVE('',#8725,#8723,#8905,.T.);
#8907=ORIENTED_EDGE('',*,*,#8906,.F.);
#8908=VECTOR('',#5289,1.);
#8909=LINE('',#8726,#8908);
#8910=EDGE_CURVE('',#8727,#8725,#8909,.T.);
#8911=ORIENTED_EDGE('',*,*,#8910,.F.);
#8912=VECTOR('',#5284,1.);
#8913=LINE('',#8728,#8912);
#8914=EDGE_CURVE('',#8729,#8727,#8913,.T.);
#8915=ORIENTED_EDGE('',*,*,#8914,.F.);
#8916=VECTOR('',#5279,1.);
#8917=LINE('',#8730,#8916);
#8918=EDGE_CURVE('',#8731,#8729,#8917,.T.);
#8919=ORIENTED_EDGE('',*,*,#8918,.F.);
#8920=VECTOR('',#5434,1.);
#8921=LINE('',#8730,#8920);
#8922=EDGE_CURVE('',#8731,#8733,#8921,.T.);
#8923=ORIENTED_EDGE('',*,*,#8922,.T.);
#8924=VECTOR('',#5429,1.);
#8925=LINE('',#8732,#8924);
#8926=EDGE_CURVE('',#8733,#8735,#8925,.T.);
#8927=ORIENTED_EDGE('',*,*,#8926,.T.);
#8928=VECTOR('',#5424,1.);
#8929=LINE('',#8734,#8928);
#8930=EDGE_CURVE('',#8735,#8737,#8929,.T.);
#8931=ORIENTED_EDGE('',*,*,#8930,.T.);
#8932=VECTOR('',#5419,1.);
#8933=LINE('',#8736,#8932);
#8934=EDGE_CURVE('',#8737,#8739,#8933,.T.);
#8935=ORIENTED_EDGE('',*,*,#8934,.T.);
#8936=VECTOR('',#5414,1.);
#8937=LINE('',#8738,#8936);
#8938=EDGE_CURVE('',#8739,#8741,#8937,.T.);
#8939=ORIENTED_EDGE('',*,*,#8938,.T.);
#8940=VECTOR('',#5409,1.);
#8941=LINE('',#8740,#8940);
#8942=EDGE_CURVE('',#8741,#8743,#8941,.T.);
#8943=ORIENTED_EDGE('',*,*,#8942,.T.);
#8944=VECTOR('',#5404,1.);
#8945=LINE('',#8742,#8944);
#8946=EDGE_CURVE('',#8743,#8745,#8945,.T.);
#8947=ORIENTED_EDGE('',*,*,#8946,.T.);
#8948=VECTOR('',#5399,1.);
#8949=LINE('',#8744,#8948);
#8950=EDGE_CURVE('',#8745,#8747,#8949,.T.);
#8951=ORIENTED_EDGE('',*,*,#8950,.T.);
#8952=VECTOR('',#5394,1.);
#8953=LINE('',#8746,#8952);
#8954=EDGE_CURVE('',#8747,#8749,#8953,.T.);
#8955=ORIENTED_EDGE('',*,*,#8954,.T.);
#8956=VECTOR('',#5389,1.);
#8957=LINE('',#8748,#8956);
#8958=EDGE_CURVE('',#8749,#8751,#8957,.T.);
#8959=ORIENTED_EDGE('',*,*,#8958,.T.);
#8960=VECTOR('',#5384,1.);
#8961=LINE('',#8750,#8960);
#8962=EDGE_CURVE('',#8751,#8753,#8961,.T.);
#8963=ORIENTED_EDGE('',*,*,#8962,.T.);
#8964=VECTOR('',#5379,1.);
#8965=LINE('',#8752,#8964);
#8966=EDGE_CURVE('',#8753,#8755,#8965,.T.);
#8967=ORIENTED_EDGE('',*,*,#8966,.T.);
#8968=VECTOR('',#5374,1.);
#8969=LINE('',#8754,#8968);
#8970=EDGE_CURVE('',#8755,#8757,#8969,.T.);
#8971=ORIENTED_EDGE('',*,*,#8970,.T.);
#8972=VECTOR('',#5369,1.);
#8973=LINE('',#8756,#8972);
#8974=EDGE_CURVE('',#8757,#8759,#8973,.T.);
#8975=ORIENTED_EDGE('',*,*,#8974,.T.);
#8976=VECTOR('',#5364,1.);
#8977=LINE('',#8758,#8976);
#8978=EDGE_CURVE('',#8759,#8761,#8977,.T.);
#8979=ORIENTED_EDGE('',*,*,#8978,.T.);
#8980=VECTOR('',#5359,1.);
#8981=LINE('',#8760,#8980);
#8982=EDGE_CURVE('',#8761,#8763,#8981,.T.);
#8983=ORIENTED_EDGE('',*,*,#8982,.T.);
#8984=VECTOR('',#5354,1.);
#8985=LINE('',#8762,#8984);
#8986=EDGE_CURVE('',#8763,#8765,#8985,.T.);
#8987=ORIENTED_EDGE('',*,*,#8986,.T.);
#8988=VECTOR('',#5349,1.);
#8989=LINE('',#8764,#8988);
#8990=EDGE_CURVE('',#8765,#8767,#8989,.T.);
#8991=ORIENTED_EDGE('',*,*,#8990,.T.);
#8992=VECTOR('',#5344,1.);
#8993=LINE('',#8766,#8992);
#8994=EDGE_CURVE('',#8767,#8769,#8993,.T.);
#8995=ORIENTED_EDGE('',*,*,#8994,.T.);
#8996=VECTOR('',#5339,1.);
#8997=LINE('',#8768,#8996);
#8998=EDGE_CURVE('',#8769,#8771,#8997,.T.);
#8999=ORIENTED_EDGE('',*,*,#8998,.T.);
#9000=VECTOR('',#5334,1.);
#9001=LINE('',#8770,#9000);
#9002=EDGE_CURVE('',#8771,#8773,#9001,.T.);
#9003=ORIENTED_EDGE('',*,*,#9002,.T.);
#9004=VECTOR('',#5329,1.);
#9005=LINE('',#8772,#9004);
#9006=EDGE_CURVE('',#8773,#8775,#9005,.T.);
#9007=ORIENTED_EDGE('',*,*,#9006,.T.);
#9008=VECTOR('',#5324,1.);
#9009=LINE('',#8774,#9008);
#9010=EDGE_CURVE('',#8775,#8777,#9009,.T.);
#9011=ORIENTED_EDGE('',*,*,#9010,.T.);
#9012=VECTOR('',#5319,1.);
#9013=LINE('',#8776,#9012);
#9014=EDGE_CURVE('',#8777,#8779,#9013,.T.);
#9015=ORIENTED_EDGE('',*,*,#9014,.T.);
#9016=VECTOR('',#5314,1.);
#9017=LINE('',#8778,#9016);
#9018=EDGE_CURVE('',#8779,#8781,#9017,.T.);
#9019=ORIENTED_EDGE('',*,*,#9018,.T.);
#9020=VECTOR('',#5309,1.);
#9021=LINE('',#8780,#9020);
#9022=EDGE_CURVE('',#8781,#8783,#9021,.T.);
#9023=ORIENTED_EDGE('',*,*,#9022,.T.);
#9024=VECTOR('',#5304,1.);
#9025=LINE('',#8782,#9024);
#9026=EDGE_CURVE('',#8783,#8785,#9025,.T.);
#9027=ORIENTED_EDGE('',*,*,#9026,.T.);
#9028=VECTOR('',#5299,1.);
#9029=LINE('',#8784,#9028);
#9030=EDGE_CURVE('',#8785,#8787,#9029,.T.);
#9031=ORIENTED_EDGE('',*,*,#9030,.T.);
#9032=VECTOR('',#5294,1.);
#9033=LINE('',#8786,#9032);
#9034=EDGE_CURVE('',#8787,#8789,#9033,.T.);
#9035=ORIENTED_EDGE('',*,*,#9034,.T.);
#9036=VECTOR('',#5289,1.);
#9037=LINE('',#8788,#9036);
#9038=EDGE_CURVE('',#8789,#8791,#9037,.T.);
#9039=ORIENTED_EDGE('',*,*,#9038,.T.);
#9040=VECTOR('',#5284,1.);
#9041=LINE('',#8790,#9040);
#9042=EDGE_CURVE('',#8791,#8793,#9041,.T.);
#9043=ORIENTED_EDGE('',*,*,#9042,.T.);
#9044=VECTOR('',#5279,1.);
#9045=LINE('',#8792,#9044);
#9046=EDGE_CURVE('',#8793,#8795,#9045,.T.);
#9047=ORIENTED_EDGE('',*,*,#9046,.T.);
#9048=VECTOR('',#5434,1.);
#9049=LINE('',#8668,#9048);
#9050=EDGE_CURVE('',#8669,#8795,#9049,.T.);
#9051=ORIENTED_EDGE('',*,*,#9050,.F.);
#9052=EDGE_LOOP('',(#8799,#8803,#8807,#8811,#8815,#8819,#8823,#8827,#8831,#8835,#8839,#8843,#8847,#8851,#8855,#8859,#8863,#8867,#8871,#8875,#8879,#8883,#8887,#8891,#8895,#8899,#8903,#8907,#8911,#8915,#8919,#8923,#8927,#8931,#8935,#8939,#8943,#8947,#8951,#8955,#8959,#8963,#8967,#8971,#8975,#8979,#8983,#8987,#8991,#8995,#8999,#9003,#9007,#9011,#9015,#9019,#9023,#9027,#9031,#9035,#9039,#9043,#9047,#9051));
#9053=FACE_OUTER_BOUND('',#9052,.T.);
#9054=AXIS2_PLACEMENT_3D('',#8668,#711,#712);
#9055=PLANE('',#9054);
#9056=ADVANCED_FACE('',(#9053),#9055,.T.);
#9057=ORIENTED_EDGE('',*,*,#9046,.F.);
#9058=VECTOR('',#367,1.);
#9059=LINE('',#8792,#9058);
#9060=EDGE_CURVE('',#8793,#8282,#9059,.T.);
#9061=ORIENTED_EDGE('',*,*,#9060,.T.);
#9062=ORIENTED_EDGE('',*,*,#8409,.T.);
#9063=VECTOR('',#367,1.);
#9064=LINE('',#8794,#9063);
#9065=EDGE_CURVE('',#8795,#8280,#9064,.T.);
#9066=ORIENTED_EDGE('',*,*,#9065,.F.);
#9067=EDGE_LOOP('',(#9057,#9061,#9062,#9066));
#9068=FACE_OUTER_BOUND('',#9067,.T.);
#9069=AXIS2_PLACEMENT_3D('',#8794,#2958,#3159);
#9070=PLANE('',#9069);
#9071=ADVANCED_FACE('',(#9068),#9070,.T.);
#9072=ORIENTED_EDGE('',*,*,#9042,.F.);
#9073=VECTOR('',#367,1.);
#9074=LINE('',#8790,#9073);
#9075=EDGE_CURVE('',#8791,#8284,#9074,.T.);
#9076=ORIENTED_EDGE('',*,*,#9075,.T.);
#9077=ORIENTED_EDGE('',*,*,#8413,.T.);
#9078=ORIENTED_EDGE('',*,*,#9060,.F.);
#9079=EDGE_LOOP('',(#9072,#9076,#9077,#9078));
#9080=FACE_OUTER_BOUND('',#9079,.T.);
#9081=AXIS2_PLACEMENT_3D('',#8792,#1774,#1854);
#9082=PLANE('',#9081);
#9083=ADVANCED_FACE('',(#9080),#9082,.T.);
#9084=ORIENTED_EDGE('',*,*,#9038,.F.);
#9085=VECTOR('',#367,1.);
#9086=LINE('',#8788,#9085);
#9087=EDGE_CURVE('',#8789,#8286,#9086,.T.);
#9088=ORIENTED_EDGE('',*,*,#9087,.T.);
#9089=ORIENTED_EDGE('',*,*,#8417,.T.);
#9090=ORIENTED_EDGE('',*,*,#9075,.F.);
#9091=EDGE_LOOP('',(#9084,#9088,#9089,#9090));
#9092=FACE_OUTER_BOUND('',#9091,.T.);
#9093=AXIS2_PLACEMENT_3D('',#8790,#1769,#1849);
#9094=PLANE('',#9093);
#9095=ADVANCED_FACE('',(#9092),#9094,.T.);
#9096=ORIENTED_EDGE('',*,*,#9034,.F.);
#9097=VECTOR('',#367,1.);
#9098=LINE('',#8786,#9097);
#9099=EDGE_CURVE('',#8787,#8288,#9098,.T.);
#9100=ORIENTED_EDGE('',*,*,#9099,.T.);
#9101=ORIENTED_EDGE('',*,*,#8421,.T.);
#9102=ORIENTED_EDGE('',*,*,#9087,.F.);
#9103=EDGE_LOOP('',(#9096,#9100,#9101,#9102));
#9104=FACE_OUTER_BOUND('',#9103,.T.);
#9105=AXIS2_PLACEMENT_3D('',#8788,#1764,#1844);
#9106=PLANE('',#9105);
#9107=ADVANCED_FACE('',(#9104),#9106,.T.);
#9108=ORIENTED_EDGE('',*,*,#9030,.F.);
#9109=VECTOR('',#367,1.);
#9110=LINE('',#8784,#9109);
#9111=EDGE_CURVE('',#8785,#8290,#9110,.T.);
#9112=ORIENTED_EDGE('',*,*,#9111,.T.);
#9113=ORIENTED_EDGE('',*,*,#8425,.T.);
#9114=ORIENTED_EDGE('',*,*,#9099,.F.);
#9115=EDGE_LOOP('',(#9108,#9112,#9113,#9114));
#9116=FACE_OUTER_BOUND('',#9115,.T.);
#9117=AXIS2_PLACEMENT_3D('',#8786,#2905,#3110);
#9118=PLANE('',#9117);
#9119=ADVANCED_FACE('',(#9116),#9118,.T.);
#9120=ORIENTED_EDGE('',*,*,#9026,.F.);
#9121=VECTOR('',#367,1.);
#9122=LINE('',#8782,#9121);
#9123=EDGE_CURVE('',#8783,#8292,#9122,.T.);
#9124=ORIENTED_EDGE('',*,*,#9123,.T.);
#9125=ORIENTED_EDGE('',*,*,#8429,.T.);
#9126=ORIENTED_EDGE('',*,*,#9111,.F.);
#9127=EDGE_LOOP('',(#9120,#9124,#9125,#9126));
#9128=FACE_OUTER_BOUND('',#9127,.T.);
#9129=AXIS2_PLACEMENT_3D('',#8784,#1754,#1834);
#9130=PLANE('',#9129);
#9131=ADVANCED_FACE('',(#9128),#9130,.T.);
#9132=ORIENTED_EDGE('',*,*,#9022,.F.);
#9133=VECTOR('',#367,1.);
#9134=LINE('',#8780,#9133);
#9135=EDGE_CURVE('',#8781,#8294,#9134,.T.);
#9136=ORIENTED_EDGE('',*,*,#9135,.T.);
#9137=ORIENTED_EDGE('',*,*,#8433,.T.);
#9138=ORIENTED_EDGE('',*,*,#9123,.F.);
#9139=EDGE_LOOP('',(#9132,#9136,#9137,#9138));
#9140=FACE_OUTER_BOUND('',#9139,.T.);
#9141=AXIS2_PLACEMENT_3D('',#8782,#2878,#3085);
#9142=PLANE('',#9141);
#9143=ADVANCED_FACE('',(#9140),#9142,.T.);
#9144=ORIENTED_EDGE('',*,*,#9018,.F.);
#9145=VECTOR('',#367,1.);
#9146=LINE('',#8778,#9145);
#9147=EDGE_CURVE('',#8779,#8296,#9146,.T.);
#9148=ORIENTED_EDGE('',*,*,#9147,.T.);
#9149=ORIENTED_EDGE('',*,*,#8437,.T.);
#9150=ORIENTED_EDGE('',*,*,#9135,.F.);
#9151=EDGE_LOOP('',(#9144,#9148,#9149,#9150));
#9152=FACE_OUTER_BOUND('',#9151,.T.);
#9153=AXIS2_PLACEMENT_3D('',#8780,#2864,#3072);
#9154=PLANE('',#9153);
#9155=ADVANCED_FACE('',(#9152),#9154,.T.);
#9156=ORIENTED_EDGE('',*,*,#9014,.F.);
#9157=VECTOR('',#367,1.);
#9158=LINE('',#8776,#9157);
#9159=EDGE_CURVE('',#8777,#8298,#9158,.T.);
#9160=ORIENTED_EDGE('',*,*,#9159,.T.);
#9161=ORIENTED_EDGE('',*,*,#8441,.T.);
#9162=ORIENTED_EDGE('',*,*,#9147,.F.);
#9163=EDGE_LOOP('',(#9156,#9160,#9161,#9162));
#9164=FACE_OUTER_BOUND('',#9163,.T.);
#9165=AXIS2_PLACEMENT_3D('',#8778,#2850,#3059);
#9166=PLANE('',#9165);
#9167=ADVANCED_FACE('',(#9164),#9166,.T.);
#9168=ORIENTED_EDGE('',*,*,#9010,.F.);
#9169=VECTOR('',#367,1.);
#9170=LINE('',#8774,#9169);
#9171=EDGE_CURVE('',#8775,#8300,#9170,.T.);
#9172=ORIENTED_EDGE('',*,*,#9171,.T.);
#9173=ORIENTED_EDGE('',*,*,#8445,.T.);
#9174=ORIENTED_EDGE('',*,*,#9159,.F.);
#9175=EDGE_LOOP('',(#9168,#9172,#9173,#9174));
#9176=FACE_OUTER_BOUND('',#9175,.T.);
#9177=AXIS2_PLACEMENT_3D('',#8776,#2836,#3046);
#9178=PLANE('',#9177);
#9179=ADVANCED_FACE('',(#9176),#9178,.T.);
#9180=ORIENTED_EDGE('',*,*,#9006,.F.);
#9181=VECTOR('',#367,1.);
#9182=LINE('',#8772,#9181);
#9183=EDGE_CURVE('',#8773,#8302,#9182,.T.);
#9184=ORIENTED_EDGE('',*,*,#9183,.T.);
#9185=ORIENTED_EDGE('',*,*,#8449,.T.);
#9186=ORIENTED_EDGE('',*,*,#9171,.F.);
#9187=EDGE_LOOP('',(#9180,#9184,#9185,#9186));
#9188=FACE_OUTER_BOUND('',#9187,.T.);
#9189=AXIS2_PLACEMENT_3D('',#8774,#1729,#1809);
#9190=PLANE('',#9189);
#9191=ADVANCED_FACE('',(#9188),#9190,.T.);
#9192=ORIENTED_EDGE('',*,*,#9002,.F.);
#9193=VECTOR('',#367,1.);
#9194=LINE('',#8770,#9193);
#9195=EDGE_CURVE('',#8771,#8304,#9194,.T.);
#9196=ORIENTED_EDGE('',*,*,#9195,.T.);
#9197=ORIENTED_EDGE('',*,*,#8453,.T.);
#9198=ORIENTED_EDGE('',*,*,#9183,.F.);
#9199=EDGE_LOOP('',(#9192,#9196,#9197,#9198));
#9200=FACE_OUTER_BOUND('',#9199,.T.);
#9201=AXIS2_PLACEMENT_3D('',#8772,#2809,#3021);
#9202=PLANE('',#9201);
#9203=ADVANCED_FACE('',(#9200),#9202,.T.);
#9204=ORIENTED_EDGE('',*,*,#8998,.F.);
#9205=VECTOR('',#367,1.);
#9206=LINE('',#8768,#9205);
#9207=EDGE_CURVE('',#8769,#8306,#9206,.T.);
#9208=ORIENTED_EDGE('',*,*,#9207,.T.);
#9209=ORIENTED_EDGE('',*,*,#8457,.T.);
#9210=ORIENTED_EDGE('',*,*,#9195,.F.);
#9211=EDGE_LOOP('',(#9204,#9208,#9209,#9210));
#9212=FACE_OUTER_BOUND('',#9211,.T.);
#9213=AXIS2_PLACEMENT_3D('',#8770,#1719,#1799);
#9214=PLANE('',#9213);
#9215=ADVANCED_FACE('',(#9212),#9214,.T.);
#9216=ORIENTED_EDGE('',*,*,#8994,.F.);
#9217=VECTOR('',#367,1.);
#9218=LINE('',#8766,#9217);
#9219=EDGE_CURVE('',#8767,#8308,#9218,.T.);
#9220=ORIENTED_EDGE('',*,*,#9219,.T.);
#9221=ORIENTED_EDGE('',*,*,#8461,.T.);
#9222=ORIENTED_EDGE('',*,*,#9207,.F.);
#9223=EDGE_LOOP('',(#9216,#9220,#9221,#9222));
#9224=FACE_OUTER_BOUND('',#9223,.T.);
#9225=AXIS2_PLACEMENT_3D('',#8768,#1714,#1794);
#9226=PLANE('',#9225);
#9227=ADVANCED_FACE('',(#9224),#9226,.T.);
#9228=ORIENTED_EDGE('',*,*,#8990,.F.);
#9229=VECTOR('',#367,1.);
#9230=LINE('',#8764,#9229);
#9231=EDGE_CURVE('',#8765,#8310,#9230,.T.);
#9232=ORIENTED_EDGE('',*,*,#9231,.T.);
#9233=ORIENTED_EDGE('',*,*,#8465,.T.);
#9234=ORIENTED_EDGE('',*,*,#9219,.F.);
#9235=EDGE_LOOP('',(#9228,#9232,#9233,#9234));
#9236=FACE_OUTER_BOUND('',#9235,.T.);
#9237=AXIS2_PLACEMENT_3D('',#8766,#1709,#1789);
#9238=PLANE('',#9237);
#9239=ADVANCED_FACE('',(#9236),#9238,.T.);
#9240=ORIENTED_EDGE('',*,*,#8986,.F.);
#9241=VECTOR('',#367,1.);
#9242=LINE('',#8762,#9241);
#9243=EDGE_CURVE('',#8763,#8312,#9242,.T.);
#9244=ORIENTED_EDGE('',*,*,#9243,.T.);
#9245=ORIENTED_EDGE('',*,*,#8469,.T.);
#9246=ORIENTED_EDGE('',*,*,#9231,.F.);
#9247=EDGE_LOOP('',(#9240,#9244,#9245,#9246));
#9248=FACE_OUTER_BOUND('',#9247,.T.);
#9249=AXIS2_PLACEMENT_3D('',#8764,#2971,#2972);
#9250=PLANE('',#9249);
#9251=ADVANCED_FACE('',(#9248),#9250,.T.);
#9252=ORIENTED_EDGE('',*,*,#8982,.F.);
#9253=VECTOR('',#367,1.);
#9254=LINE('',#8760,#9253);
#9255=EDGE_CURVE('',#8761,#8314,#9254,.T.);
#9256=ORIENTED_EDGE('',*,*,#9255,.T.);
#9257=ORIENTED_EDGE('',*,*,#8473,.T.);
#9258=ORIENTED_EDGE('',*,*,#9243,.F.);
#9259=EDGE_LOOP('',(#9252,#9256,#9257,#9258));
#9260=FACE_OUTER_BOUND('',#9259,.T.);
#9261=AXIS2_PLACEMENT_3D('',#8762,#2957,#2958);
#9262=PLANE('',#9261);
#9263=ADVANCED_FACE('',(#9260),#9262,.T.);
#9264=ORIENTED_EDGE('',*,*,#8978,.F.);
#9265=VECTOR('',#367,1.);
#9266=LINE('',#8758,#9265);
#9267=EDGE_CURVE('',#8759,#8316,#9266,.T.);
#9268=ORIENTED_EDGE('',*,*,#9267,.T.);
#9269=ORIENTED_EDGE('',*,*,#8477,.T.);
#9270=ORIENTED_EDGE('',*,*,#9255,.F.);
#9271=EDGE_LOOP('',(#9264,#9268,#9269,#9270));
#9272=FACE_OUTER_BOUND('',#9271,.T.);
#9273=AXIS2_PLACEMENT_3D('',#8760,#2944,#1774);
#9274=PLANE('',#9273);
#9275=ADVANCED_FACE('',(#9272),#9274,.T.);
#9276=ORIENTED_EDGE('',*,*,#8974,.F.);
#9277=VECTOR('',#367,1.);
#9278=LINE('',#8756,#9277);
#9279=EDGE_CURVE('',#8757,#8318,#9278,.T.);
#9280=ORIENTED_EDGE('',*,*,#9279,.T.);
#9281=ORIENTED_EDGE('',*,*,#8481,.T.);
#9282=ORIENTED_EDGE('',*,*,#9267,.F.);
#9283=EDGE_LOOP('',(#9276,#9280,#9281,#9282));
#9284=FACE_OUTER_BOUND('',#9283,.T.);
#9285=AXIS2_PLACEMENT_3D('',#8758,#2931,#1769);
#9286=PLANE('',#9285);
#9287=ADVANCED_FACE('',(#9284),#9286,.T.);
#9288=ORIENTED_EDGE('',*,*,#8970,.F.);
#9289=VECTOR('',#367,1.);
#9290=LINE('',#8754,#9289);
#9291=EDGE_CURVE('',#8755,#8320,#9290,.T.);
#9292=ORIENTED_EDGE('',*,*,#9291,.T.);
#9293=ORIENTED_EDGE('',*,*,#8485,.T.);
#9294=ORIENTED_EDGE('',*,*,#9279,.F.);
#9295=EDGE_LOOP('',(#9288,#9292,#9293,#9294));
#9296=FACE_OUTER_BOUND('',#9295,.T.);
#9297=AXIS2_PLACEMENT_3D('',#8756,#2918,#1764);
#9298=PLANE('',#9297);
#9299=ADVANCED_FACE('',(#9296),#9298,.T.);
#9300=ORIENTED_EDGE('',*,*,#8966,.F.);
#9301=VECTOR('',#367,1.);
#9302=LINE('',#8752,#9301);
#9303=EDGE_CURVE('',#8753,#8322,#9302,.T.);
#9304=ORIENTED_EDGE('',*,*,#9303,.T.);
#9305=ORIENTED_EDGE('',*,*,#8489,.T.);
#9306=ORIENTED_EDGE('',*,*,#9291,.F.);
#9307=EDGE_LOOP('',(#9300,#9304,#9305,#9306));
#9308=FACE_OUTER_BOUND('',#9307,.T.);
#9309=AXIS2_PLACEMENT_3D('',#8754,#2904,#2905);
#9310=PLANE('',#9309);
#9311=ADVANCED_FACE('',(#9308),#9310,.T.);
#9312=ORIENTED_EDGE('',*,*,#8962,.F.);
#9313=VECTOR('',#367,1.);
#9314=LINE('',#8750,#9313);
#9315=EDGE_CURVE('',#8751,#8324,#9314,.T.);
#9316=ORIENTED_EDGE('',*,*,#9315,.T.);
#9317=ORIENTED_EDGE('',*,*,#8493,.T.);
#9318=ORIENTED_EDGE('',*,*,#9303,.F.);
#9319=EDGE_LOOP('',(#9312,#9316,#9317,#9318));
#9320=FACE_OUTER_BOUND('',#9319,.T.);
#9321=AXIS2_PLACEMENT_3D('',#8752,#2891,#1754);
#9322=PLANE('',#9321);
#9323=ADVANCED_FACE('',(#9320),#9322,.T.);
#9324=ORIENTED_EDGE('',*,*,#8958,.F.);
#9325=VECTOR('',#367,1.);
#9326=LINE('',#8748,#9325);
#9327=EDGE_CURVE('',#8749,#8326,#9326,.T.);
#9328=ORIENTED_EDGE('',*,*,#9327,.T.);
#9329=ORIENTED_EDGE('',*,*,#8497,.T.);
#9330=ORIENTED_EDGE('',*,*,#9315,.F.);
#9331=EDGE_LOOP('',(#9324,#9328,#9329,#9330));
#9332=FACE_OUTER_BOUND('',#9331,.T.);
#9333=AXIS2_PLACEMENT_3D('',#8750,#2877,#2878);
#9334=PLANE('',#9333);
#9335=ADVANCED_FACE('',(#9332),#9334,.T.);
#9336=ORIENTED_EDGE('',*,*,#8954,.F.);
#9337=VECTOR('',#367,1.);
#9338=LINE('',#8746,#9337);
#9339=EDGE_CURVE('',#8747,#8328,#9338,.T.);
#9340=ORIENTED_EDGE('',*,*,#9339,.T.);
#9341=ORIENTED_EDGE('',*,*,#8501,.T.);
#9342=ORIENTED_EDGE('',*,*,#9327,.F.);
#9343=EDGE_LOOP('',(#9336,#9340,#9341,#9342));
#9344=FACE_OUTER_BOUND('',#9343,.T.);
#9345=AXIS2_PLACEMENT_3D('',#8748,#2863,#2864);
#9346=PLANE('',#9345);
#9347=ADVANCED_FACE('',(#9344),#9346,.T.);
#9348=ORIENTED_EDGE('',*,*,#8950,.F.);
#9349=VECTOR('',#367,1.);
#9350=LINE('',#8744,#9349);
#9351=EDGE_CURVE('',#8745,#8330,#9350,.T.);
#9352=ORIENTED_EDGE('',*,*,#9351,.T.);
#9353=ORIENTED_EDGE('',*,*,#8505,.T.);
#9354=ORIENTED_EDGE('',*,*,#9339,.F.);
#9355=EDGE_LOOP('',(#9348,#9352,#9353,#9354));
#9356=FACE_OUTER_BOUND('',#9355,.T.);
#9357=AXIS2_PLACEMENT_3D('',#8746,#2849,#2850);
#9358=PLANE('',#9357);
#9359=ADVANCED_FACE('',(#9356),#9358,.T.);
#9360=ORIENTED_EDGE('',*,*,#8946,.F.);
#9361=VECTOR('',#367,1.);
#9362=LINE('',#8742,#9361);
#9363=EDGE_CURVE('',#8743,#8332,#9362,.T.);
#9364=ORIENTED_EDGE('',*,*,#9363,.T.);
#9365=ORIENTED_EDGE('',*,*,#8509,.T.);
#9366=ORIENTED_EDGE('',*,*,#9351,.F.);
#9367=EDGE_LOOP('',(#9360,#9364,#9365,#9366));
#9368=FACE_OUTER_BOUND('',#9367,.T.);
#9369=AXIS2_PLACEMENT_3D('',#8744,#2835,#2836);
#9370=PLANE('',#9369);
#9371=ADVANCED_FACE('',(#9368),#9370,.T.);
#9372=ORIENTED_EDGE('',*,*,#8942,.F.);
#9373=VECTOR('',#367,1.);
#9374=LINE('',#8740,#9373);
#9375=EDGE_CURVE('',#8741,#8334,#9374,.T.);
#9376=ORIENTED_EDGE('',*,*,#9375,.T.);
#9377=ORIENTED_EDGE('',*,*,#8513,.T.);
#9378=ORIENTED_EDGE('',*,*,#9363,.F.);
#9379=EDGE_LOOP('',(#9372,#9376,#9377,#9378));
#9380=FACE_OUTER_BOUND('',#9379,.T.);
#9381=AXIS2_PLACEMENT_3D('',#8742,#2822,#1729);
#9382=PLANE('',#9381);
#9383=ADVANCED_FACE('',(#9380),#9382,.T.);
#9384=ORIENTED_EDGE('',*,*,#8938,.F.);
#9385=VECTOR('',#367,1.);
#9386=LINE('',#8738,#9385);
#9387=EDGE_CURVE('',#8739,#8336,#9386,.T.);
#9388=ORIENTED_EDGE('',*,*,#9387,.T.);
#9389=ORIENTED_EDGE('',*,*,#8517,.T.);
#9390=ORIENTED_EDGE('',*,*,#9375,.F.);
#9391=EDGE_LOOP('',(#9384,#9388,#9389,#9390));
#9392=FACE_OUTER_BOUND('',#9391,.T.);
#9393=AXIS2_PLACEMENT_3D('',#8740,#2808,#2809);
#9394=PLANE('',#9393);
#9395=ADVANCED_FACE('',(#9392),#9394,.T.);
#9396=ORIENTED_EDGE('',*,*,#8934,.F.);
#9397=VECTOR('',#367,1.);
#9398=LINE('',#8736,#9397);
#9399=EDGE_CURVE('',#8737,#8338,#9398,.T.);
#9400=ORIENTED_EDGE('',*,*,#9399,.T.);
#9401=ORIENTED_EDGE('',*,*,#8521,.T.);
#9402=ORIENTED_EDGE('',*,*,#9387,.F.);
#9403=EDGE_LOOP('',(#9396,#9400,#9401,#9402));
#9404=FACE_OUTER_BOUND('',#9403,.T.);
#9405=AXIS2_PLACEMENT_3D('',#8738,#2795,#1719);
#9406=PLANE('',#9405);
#9407=ADVANCED_FACE('',(#9404),#9406,.T.);
#9408=ORIENTED_EDGE('',*,*,#8930,.F.);
#9409=VECTOR('',#367,1.);
#9410=LINE('',#8734,#9409);
#9411=EDGE_CURVE('',#8735,#8340,#9410,.T.);
#9412=ORIENTED_EDGE('',*,*,#9411,.T.);
#9413=ORIENTED_EDGE('',*,*,#8525,.T.);
#9414=ORIENTED_EDGE('',*,*,#9399,.F.);
#9415=EDGE_LOOP('',(#9408,#9412,#9413,#9414));
#9416=FACE_OUTER_BOUND('',#9415,.T.);
#9417=AXIS2_PLACEMENT_3D('',#8736,#2782,#1714);
#9418=PLANE('',#9417);
#9419=ADVANCED_FACE('',(#9416),#9418,.T.);
#9420=ORIENTED_EDGE('',*,*,#8926,.F.);
#9421=VECTOR('',#367,1.);
#9422=LINE('',#8732,#9421);
#9423=EDGE_CURVE('',#8733,#8342,#9422,.T.);
#9424=ORIENTED_EDGE('',*,*,#9423,.T.);
#9425=ORIENTED_EDGE('',*,*,#8529,.T.);
#9426=ORIENTED_EDGE('',*,*,#9411,.F.);
#9427=EDGE_LOOP('',(#9420,#9424,#9425,#9426));
#9428=FACE_OUTER_BOUND('',#9427,.T.);
#9429=AXIS2_PLACEMENT_3D('',#8734,#2769,#1709);
#9430=PLANE('',#9429);
#9431=ADVANCED_FACE('',(#9428),#9430,.T.);
#9432=ORIENTED_EDGE('',*,*,#8922,.F.);
#9433=VECTOR('',#367,1.);
#9434=LINE('',#8730,#9433);
#9435=EDGE_CURVE('',#8731,#8344,#9434,.T.);
#9436=ORIENTED_EDGE('',*,*,#9435,.T.);
#9437=ORIENTED_EDGE('',*,*,#8533,.T.);
#9438=ORIENTED_EDGE('',*,*,#9423,.F.);
#9439=EDGE_LOOP('',(#9432,#9436,#9437,#9438));
#9440=FACE_OUTER_BOUND('',#9439,.T.);
#9441=AXIS2_PLACEMENT_3D('',#8732,#3380,#2971);
#9442=PLANE('',#9441);
#9443=ADVANCED_FACE('',(#9440),#9442,.T.);
#9444=ORIENTED_EDGE('',*,*,#8918,.T.);
#9445=VECTOR('',#367,1.);
#9446=LINE('',#8728,#9445);
#9447=EDGE_CURVE('',#8729,#8346,#9446,.T.);
#9448=ORIENTED_EDGE('',*,*,#9447,.T.);
#9449=ORIENTED_EDGE('',*,*,#8537,.F.);
#9450=ORIENTED_EDGE('',*,*,#9435,.F.);
#9451=EDGE_LOOP('',(#9444,#9448,#9449,#9450));
#9452=FACE_OUTER_BOUND('',#9451,.T.);
#9453=AXIS2_PLACEMENT_3D('',#8730,#3367,#2957);
#9454=PLANE('',#9453);
#9455=ADVANCED_FACE('',(#9452),#9454,.T.);
#9456=ORIENTED_EDGE('',*,*,#8914,.T.);
#9457=VECTOR('',#367,1.);
#9458=LINE('',#8726,#9457);
#9459=EDGE_CURVE('',#8727,#8348,#9458,.T.);
#9460=ORIENTED_EDGE('',*,*,#9459,.T.);
#9461=ORIENTED_EDGE('',*,*,#8541,.F.);
#9462=ORIENTED_EDGE('',*,*,#9447,.F.);
#9463=EDGE_LOOP('',(#9456,#9460,#9461,#9462));
#9464=FACE_OUTER_BOUND('',#9463,.T.);
#9465=AXIS2_PLACEMENT_3D('',#8728,#3354,#2944);
#9466=PLANE('',#9465);
#9467=ADVANCED_FACE('',(#9464),#9466,.T.);
#9468=ORIENTED_EDGE('',*,*,#8910,.T.);
#9469=VECTOR('',#367,1.);
#9470=LINE('',#8724,#9469);
#9471=EDGE_CURVE('',#8725,#8350,#9470,.T.);
#9472=ORIENTED_EDGE('',*,*,#9471,.T.);
#9473=ORIENTED_EDGE('',*,*,#8545,.F.);
#9474=ORIENTED_EDGE('',*,*,#9459,.F.);
#9475=EDGE_LOOP('',(#9468,#9472,#9473,#9474));
#9476=FACE_OUTER_BOUND('',#9475,.T.);
#9477=AXIS2_PLACEMENT_3D('',#8726,#3341,#2931);
#9478=PLANE('',#9477);
#9479=ADVANCED_FACE('',(#9476),#9478,.T.);
#9480=ORIENTED_EDGE('',*,*,#8906,.T.);
#9481=VECTOR('',#367,1.);
#9482=LINE('',#8722,#9481);
#9483=EDGE_CURVE('',#8723,#8352,#9482,.T.);
#9484=ORIENTED_EDGE('',*,*,#9483,.T.);
#9485=ORIENTED_EDGE('',*,*,#8549,.F.);
#9486=ORIENTED_EDGE('',*,*,#9471,.F.);
#9487=EDGE_LOOP('',(#9480,#9484,#9485,#9486));
#9488=FACE_OUTER_BOUND('',#9487,.T.);
#9489=AXIS2_PLACEMENT_3D('',#8724,#3328,#2918);
#9490=PLANE('',#9489);
#9491=ADVANCED_FACE('',(#9488),#9490,.T.);
#9492=ORIENTED_EDGE('',*,*,#8902,.T.);
#9493=VECTOR('',#367,1.);
#9494=LINE('',#8720,#9493);
#9495=EDGE_CURVE('',#8721,#8354,#9494,.T.);
#9496=ORIENTED_EDGE('',*,*,#9495,.T.);
#9497=ORIENTED_EDGE('',*,*,#8553,.F.);
#9498=ORIENTED_EDGE('',*,*,#9483,.F.);
#9499=EDGE_LOOP('',(#9492,#9496,#9497,#9498));
#9500=FACE_OUTER_BOUND('',#9499,.T.);
#9501=AXIS2_PLACEMENT_3D('',#8722,#3315,#2904);
#9502=PLANE('',#9501);
#9503=ADVANCED_FACE('',(#9500),#9502,.T.);
#9504=ORIENTED_EDGE('',*,*,#8898,.T.);
#9505=VECTOR('',#367,1.);
#9506=LINE('',#8718,#9505);
#9507=EDGE_CURVE('',#8719,#8356,#9506,.T.);
#9508=ORIENTED_EDGE('',*,*,#9507,.T.);
#9509=ORIENTED_EDGE('',*,*,#8557,.F.);
#9510=ORIENTED_EDGE('',*,*,#9495,.F.);
#9511=EDGE_LOOP('',(#9504,#9508,#9509,#9510));
#9512=FACE_OUTER_BOUND('',#9511,.T.);
#9513=AXIS2_PLACEMENT_3D('',#8720,#3302,#2891);
#9514=PLANE('',#9513);
#9515=ADVANCED_FACE('',(#9512),#9514,.T.);
#9516=ORIENTED_EDGE('',*,*,#8894,.T.);
#9517=VECTOR('',#367,1.);
#9518=LINE('',#8716,#9517);
#9519=EDGE_CURVE('',#8717,#8358,#9518,.T.);
#9520=ORIENTED_EDGE('',*,*,#9519,.T.);
#9521=ORIENTED_EDGE('',*,*,#8561,.F.);
#9522=ORIENTED_EDGE('',*,*,#9507,.F.);
#9523=EDGE_LOOP('',(#9516,#9520,#9521,#9522));
#9524=FACE_OUTER_BOUND('',#9523,.T.);
#9525=AXIS2_PLACEMENT_3D('',#8718,#3289,#2877);
#9526=PLANE('',#9525);
#9527=ADVANCED_FACE('',(#9524),#9526,.T.);
#9528=ORIENTED_EDGE('',*,*,#8890,.T.);
#9529=VECTOR('',#367,1.);
#9530=LINE('',#8714,#9529);
#9531=EDGE_CURVE('',#8715,#8360,#9530,.T.);
#9532=ORIENTED_EDGE('',*,*,#9531,.T.);
#9533=ORIENTED_EDGE('',*,*,#8565,.F.);
#9534=ORIENTED_EDGE('',*,*,#9519,.F.);
#9535=EDGE_LOOP('',(#9528,#9532,#9533,#9534));
#9536=FACE_OUTER_BOUND('',#9535,.T.);
#9537=AXIS2_PLACEMENT_3D('',#8716,#3276,#2863);
#9538=PLANE('',#9537);
#9539=ADVANCED_FACE('',(#9536),#9538,.T.);
#9540=ORIENTED_EDGE('',*,*,#8886,.T.);
#9541=VECTOR('',#367,1.);
#9542=LINE('',#8712,#9541);
#9543=EDGE_CURVE('',#8713,#8362,#9542,.T.);
#9544=ORIENTED_EDGE('',*,*,#9543,.T.);
#9545=ORIENTED_EDGE('',*,*,#8569,.F.);
#9546=ORIENTED_EDGE('',*,*,#9531,.F.);
#9547=EDGE_LOOP('',(#9540,#9544,#9545,#9546));
#9548=FACE_OUTER_BOUND('',#9547,.T.);
#9549=AXIS2_PLACEMENT_3D('',#8714,#3263,#2849);
#9550=PLANE('',#9549);
#9551=ADVANCED_FACE('',(#9548),#9550,.T.);
#9552=ORIENTED_EDGE('',*,*,#8882,.T.);
#9553=VECTOR('',#367,1.);
#9554=LINE('',#8710,#9553);
#9555=EDGE_CURVE('',#8711,#8364,#9554,.T.);
#9556=ORIENTED_EDGE('',*,*,#9555,.T.);
#9557=ORIENTED_EDGE('',*,*,#8573,.F.);
#9558=ORIENTED_EDGE('',*,*,#9543,.F.);
#9559=EDGE_LOOP('',(#9552,#9556,#9557,#9558));
#9560=FACE_OUTER_BOUND('',#9559,.T.);
#9561=AXIS2_PLACEMENT_3D('',#8712,#3250,#2835);
#9562=PLANE('',#9561);
#9563=ADVANCED_FACE('',(#9560),#9562,.T.);
#9564=ORIENTED_EDGE('',*,*,#8878,.T.);
#9565=VECTOR('',#367,1.);
#9566=LINE('',#8708,#9565);
#9567=EDGE_CURVE('',#8709,#8366,#9566,.T.);
#9568=ORIENTED_EDGE('',*,*,#9567,.T.);
#9569=ORIENTED_EDGE('',*,*,#8577,.F.);
#9570=ORIENTED_EDGE('',*,*,#9555,.F.);
#9571=EDGE_LOOP('',(#9564,#9568,#9569,#9570));
#9572=FACE_OUTER_BOUND('',#9571,.T.);
#9573=AXIS2_PLACEMENT_3D('',#8710,#3237,#2822);
#9574=PLANE('',#9573);
#9575=ADVANCED_FACE('',(#9572),#9574,.T.);
#9576=ORIENTED_EDGE('',*,*,#8874,.T.);
#9577=VECTOR('',#367,1.);
#9578=LINE('',#8706,#9577);
#9579=EDGE_CURVE('',#8707,#8368,#9578,.T.);
#9580=ORIENTED_EDGE('',*,*,#9579,.T.);
#9581=ORIENTED_EDGE('',*,*,#8581,.F.);
#9582=ORIENTED_EDGE('',*,*,#9567,.F.);
#9583=EDGE_LOOP('',(#9576,#9580,#9581,#9582));
#9584=FACE_OUTER_BOUND('',#9583,.T.);
#9585=AXIS2_PLACEMENT_3D('',#8708,#3224,#2808);
#9586=PLANE('',#9585);
#9587=ADVANCED_FACE('',(#9584),#9586,.T.);
#9588=ORIENTED_EDGE('',*,*,#8870,.T.);
#9589=VECTOR('',#367,1.);
#9590=LINE('',#8704,#9589);
#9591=EDGE_CURVE('',#8705,#8370,#9590,.T.);
#9592=ORIENTED_EDGE('',*,*,#9591,.T.);
#9593=ORIENTED_EDGE('',*,*,#8585,.F.);
#9594=ORIENTED_EDGE('',*,*,#9579,.F.);
#9595=EDGE_LOOP('',(#9588,#9592,#9593,#9594));
#9596=FACE_OUTER_BOUND('',#9595,.T.);
#9597=AXIS2_PLACEMENT_3D('',#8706,#3211,#2795);
#9598=PLANE('',#9597);
#9599=ADVANCED_FACE('',(#9596),#9598,.T.);
#9600=ORIENTED_EDGE('',*,*,#8866,.T.);
#9601=VECTOR('',#367,1.);
#9602=LINE('',#8702,#9601);
#9603=EDGE_CURVE('',#8703,#8372,#9602,.T.);
#9604=ORIENTED_EDGE('',*,*,#9603,.T.);
#9605=ORIENTED_EDGE('',*,*,#8589,.F.);
#9606=ORIENTED_EDGE('',*,*,#9591,.F.);
#9607=EDGE_LOOP('',(#9600,#9604,#9605,#9606));
#9608=FACE_OUTER_BOUND('',#9607,.T.);
#9609=AXIS2_PLACEMENT_3D('',#8704,#3198,#2782);
#9610=PLANE('',#9609);
#9611=ADVANCED_FACE('',(#9608),#9610,.T.);
#9612=ORIENTED_EDGE('',*,*,#8862,.T.);
#9613=VECTOR('',#367,1.);
#9614=LINE('',#8700,#9613);
#9615=EDGE_CURVE('',#8701,#8374,#9614,.T.);
#9616=ORIENTED_EDGE('',*,*,#9615,.T.);
#9617=ORIENTED_EDGE('',*,*,#8593,.F.);
#9618=ORIENTED_EDGE('',*,*,#9603,.F.);
#9619=EDGE_LOOP('',(#9612,#9616,#9617,#9618));
#9620=FACE_OUTER_BOUND('',#9619,.T.);
#9621=AXIS2_PLACEMENT_3D('',#8702,#3185,#2769);
#9622=PLANE('',#9621);
#9623=ADVANCED_FACE('',(#9620),#9622,.T.);
#9624=ORIENTED_EDGE('',*,*,#8858,.T.);
#9625=VECTOR('',#367,1.);
#9626=LINE('',#8698,#9625);
#9627=EDGE_CURVE('',#8699,#8376,#9626,.T.);
#9628=ORIENTED_EDGE('',*,*,#9627,.T.);
#9629=ORIENTED_EDGE('',*,*,#8597,.F.);
#9630=ORIENTED_EDGE('',*,*,#9615,.F.);
#9631=EDGE_LOOP('',(#9624,#9628,#9629,#9630));
#9632=FACE_OUTER_BOUND('',#9631,.T.);
#9633=AXIS2_PLACEMENT_3D('',#8700,#3172,#3380);
#9634=PLANE('',#9633);
#9635=ADVANCED_FACE('',(#9632),#9634,.T.);
#9636=ORIENTED_EDGE('',*,*,#8854,.T.);
#9637=VECTOR('',#367,1.);
#9638=LINE('',#8696,#9637);
#9639=EDGE_CURVE('',#8697,#8378,#9638,.T.);
#9640=ORIENTED_EDGE('',*,*,#9639,.T.);
#9641=ORIENTED_EDGE('',*,*,#8601,.F.);
#9642=ORIENTED_EDGE('',*,*,#9627,.F.);
#9643=EDGE_LOOP('',(#9636,#9640,#9641,#9642));
#9644=FACE_OUTER_BOUND('',#9643,.T.);
#9645=AXIS2_PLACEMENT_3D('',#8698,#3159,#3367);
#9646=PLANE('',#9645);
#9647=ADVANCED_FACE('',(#9644),#9646,.T.);
#9648=ORIENTED_EDGE('',*,*,#8850,.T.);
#9649=VECTOR('',#367,1.);
#9650=LINE('',#8694,#9649);
#9651=EDGE_CURVE('',#8695,#8380,#9650,.T.);
#9652=ORIENTED_EDGE('',*,*,#9651,.T.);
#9653=ORIENTED_EDGE('',*,*,#8605,.F.);
#9654=ORIENTED_EDGE('',*,*,#9639,.F.);
#9655=EDGE_LOOP('',(#9648,#9652,#9653,#9654));
#9656=FACE_OUTER_BOUND('',#9655,.T.);
#9657=AXIS2_PLACEMENT_3D('',#8696,#1854,#3354);
#9658=PLANE('',#9657);
#9659=ADVANCED_FACE('',(#9656),#9658,.T.);
#9660=ORIENTED_EDGE('',*,*,#8846,.T.);
#9661=VECTOR('',#367,1.);
#9662=LINE('',#8692,#9661);
#9663=EDGE_CURVE('',#8693,#8382,#9662,.T.);
#9664=ORIENTED_EDGE('',*,*,#9663,.T.);
#9665=ORIENTED_EDGE('',*,*,#8609,.F.);
#9666=ORIENTED_EDGE('',*,*,#9651,.F.);
#9667=EDGE_LOOP('',(#9660,#9664,#9665,#9666));
#9668=FACE_OUTER_BOUND('',#9667,.T.);
#9669=AXIS2_PLACEMENT_3D('',#8694,#1849,#3341);
#9670=PLANE('',#9669);
#9671=ADVANCED_FACE('',(#9668),#9670,.T.);
#9672=ORIENTED_EDGE('',*,*,#8842,.T.);
#9673=VECTOR('',#367,1.);
#9674=LINE('',#8690,#9673);
#9675=EDGE_CURVE('',#8691,#8384,#9674,.T.);
#9676=ORIENTED_EDGE('',*,*,#9675,.T.);
#9677=ORIENTED_EDGE('',*,*,#8613,.F.);
#9678=ORIENTED_EDGE('',*,*,#9663,.F.);
#9679=EDGE_LOOP('',(#9672,#9676,#9677,#9678));
#9680=FACE_OUTER_BOUND('',#9679,.T.);
#9681=AXIS2_PLACEMENT_3D('',#8692,#1844,#3328);
#9682=PLANE('',#9681);
#9683=ADVANCED_FACE('',(#9680),#9682,.T.);
#9684=ORIENTED_EDGE('',*,*,#8838,.T.);
#9685=VECTOR('',#367,1.);
#9686=LINE('',#8688,#9685);
#9687=EDGE_CURVE('',#8689,#8386,#9686,.T.);
#9688=ORIENTED_EDGE('',*,*,#9687,.T.);
#9689=ORIENTED_EDGE('',*,*,#8617,.F.);
#9690=ORIENTED_EDGE('',*,*,#9675,.F.);
#9691=EDGE_LOOP('',(#9684,#9688,#9689,#9690));
#9692=FACE_OUTER_BOUND('',#9691,.T.);
#9693=AXIS2_PLACEMENT_3D('',#8690,#3110,#3315);
#9694=PLANE('',#9693);
#9695=ADVANCED_FACE('',(#9692),#9694,.T.);
#9696=ORIENTED_EDGE('',*,*,#8834,.T.);
#9697=VECTOR('',#367,1.);
#9698=LINE('',#8686,#9697);
#9699=EDGE_CURVE('',#8687,#8388,#9698,.T.);
#9700=ORIENTED_EDGE('',*,*,#9699,.T.);
#9701=ORIENTED_EDGE('',*,*,#8621,.F.);
#9702=ORIENTED_EDGE('',*,*,#9687,.F.);
#9703=EDGE_LOOP('',(#9696,#9700,#9701,#9702));
#9704=FACE_OUTER_BOUND('',#9703,.T.);
#9705=AXIS2_PLACEMENT_3D('',#8688,#1834,#3302);
#9706=PLANE('',#9705);
#9707=ADVANCED_FACE('',(#9704),#9706,.T.);
#9708=ORIENTED_EDGE('',*,*,#8830,.T.);
#9709=VECTOR('',#367,1.);
#9710=LINE('',#8684,#9709);
#9711=EDGE_CURVE('',#8685,#8390,#9710,.T.);
#9712=ORIENTED_EDGE('',*,*,#9711,.T.);
#9713=ORIENTED_EDGE('',*,*,#8625,.F.);
#9714=ORIENTED_EDGE('',*,*,#9699,.F.);
#9715=EDGE_LOOP('',(#9708,#9712,#9713,#9714));
#9716=FACE_OUTER_BOUND('',#9715,.T.);
#9717=AXIS2_PLACEMENT_3D('',#8686,#3085,#3289);
#9718=PLANE('',#9717);
#9719=ADVANCED_FACE('',(#9716),#9718,.T.);
#9720=ORIENTED_EDGE('',*,*,#8826,.T.);
#9721=VECTOR('',#367,1.);
#9722=LINE('',#8682,#9721);
#9723=EDGE_CURVE('',#8683,#8392,#9722,.T.);
#9724=ORIENTED_EDGE('',*,*,#9723,.T.);
#9725=ORIENTED_EDGE('',*,*,#8629,.F.);
#9726=ORIENTED_EDGE('',*,*,#9711,.F.);
#9727=EDGE_LOOP('',(#9720,#9724,#9725,#9726));
#9728=FACE_OUTER_BOUND('',#9727,.T.);
#9729=AXIS2_PLACEMENT_3D('',#8684,#3072,#3276);
#9730=PLANE('',#9729);
#9731=ADVANCED_FACE('',(#9728),#9730,.T.);
#9732=ORIENTED_EDGE('',*,*,#8822,.T.);
#9733=VECTOR('',#367,1.);
#9734=LINE('',#8680,#9733);
#9735=EDGE_CURVE('',#8681,#8394,#9734,.T.);
#9736=ORIENTED_EDGE('',*,*,#9735,.T.);
#9737=ORIENTED_EDGE('',*,*,#8633,.F.);
#9738=ORIENTED_EDGE('',*,*,#9723,.F.);
#9739=EDGE_LOOP('',(#9732,#9736,#9737,#9738));
#9740=FACE_OUTER_BOUND('',#9739,.T.);
#9741=AXIS2_PLACEMENT_3D('',#8682,#3059,#3263);
#9742=PLANE('',#9741);
#9743=ADVANCED_FACE('',(#9740),#9742,.T.);
#9744=ORIENTED_EDGE('',*,*,#8818,.T.);
#9745=VECTOR('',#367,1.);
#9746=LINE('',#8678,#9745);
#9747=EDGE_CURVE('',#8679,#8396,#9746,.T.);
#9748=ORIENTED_EDGE('',*,*,#9747,.T.);
#9749=ORIENTED_EDGE('',*,*,#8637,.F.);
#9750=ORIENTED_EDGE('',*,*,#9735,.F.);
#9751=EDGE_LOOP('',(#9744,#9748,#9749,#9750));
#9752=FACE_OUTER_BOUND('',#9751,.T.);
#9753=AXIS2_PLACEMENT_3D('',#8680,#3046,#3250);
#9754=PLANE('',#9753);
#9755=ADVANCED_FACE('',(#9752),#9754,.T.);
#9756=ORIENTED_EDGE('',*,*,#8814,.T.);
#9757=VECTOR('',#367,1.);
#9758=LINE('',#8676,#9757);
#9759=EDGE_CURVE('',#8677,#8398,#9758,.T.);
#9760=ORIENTED_EDGE('',*,*,#9759,.T.);
#9761=ORIENTED_EDGE('',*,*,#8641,.F.);
#9762=ORIENTED_EDGE('',*,*,#9747,.F.);
#9763=EDGE_LOOP('',(#9756,#9760,#9761,#9762));
#9764=FACE_OUTER_BOUND('',#9763,.T.);
#9765=AXIS2_PLACEMENT_3D('',#8678,#1809,#3237);
#9766=PLANE('',#9765);
#9767=ADVANCED_FACE('',(#9764),#9766,.T.);
#9768=ORIENTED_EDGE('',*,*,#8810,.T.);
#9769=VECTOR('',#367,1.);
#9770=LINE('',#8674,#9769);
#9771=EDGE_CURVE('',#8675,#8400,#9770,.T.);
#9772=ORIENTED_EDGE('',*,*,#9771,.T.);
#9773=ORIENTED_EDGE('',*,*,#8645,.F.);
#9774=ORIENTED_EDGE('',*,*,#9759,.F.);
#9775=EDGE_LOOP('',(#9768,#9772,#9773,#9774));
#9776=FACE_OUTER_BOUND('',#9775,.T.);
#9777=AXIS2_PLACEMENT_3D('',#8676,#3021,#3224);
#9778=PLANE('',#9777);
#9779=ADVANCED_FACE('',(#9776),#9778,.T.);
#9780=ORIENTED_EDGE('',*,*,#8806,.T.);
#9781=VECTOR('',#367,1.);
#9782=LINE('',#8672,#9781);
#9783=EDGE_CURVE('',#8673,#8402,#9782,.T.);
#9784=ORIENTED_EDGE('',*,*,#9783,.T.);
#9785=ORIENTED_EDGE('',*,*,#8649,.F.);
#9786=ORIENTED_EDGE('',*,*,#9771,.F.);
#9787=EDGE_LOOP('',(#9780,#9784,#9785,#9786));
#9788=FACE_OUTER_BOUND('',#9787,.T.);
#9789=AXIS2_PLACEMENT_3D('',#8674,#1799,#3211);
#9790=PLANE('',#9789);
#9791=ADVANCED_FACE('',(#9788),#9790,.T.);
#9792=ORIENTED_EDGE('',*,*,#8802,.T.);
#9793=VECTOR('',#367,1.);
#9794=LINE('',#8670,#9793);
#9795=EDGE_CURVE('',#8671,#8404,#9794,.T.);
#9796=ORIENTED_EDGE('',*,*,#9795,.T.);
#9797=ORIENTED_EDGE('',*,*,#8653,.F.);
#9798=ORIENTED_EDGE('',*,*,#9783,.F.);
#9799=EDGE_LOOP('',(#9792,#9796,#9797,#9798));
#9800=FACE_OUTER_BOUND('',#9799,.T.);
#9801=AXIS2_PLACEMENT_3D('',#8672,#1794,#3198);
#9802=PLANE('',#9801);
#9803=ADVANCED_FACE('',(#9800),#9802,.T.);
#9804=ORIENTED_EDGE('',*,*,#8798,.T.);
#9805=VECTOR('',#367,1.);
#9806=LINE('',#8668,#9805);
#9807=EDGE_CURVE('',#8669,#8406,#9806,.T.);
#9808=ORIENTED_EDGE('',*,*,#9807,.T.);
#9809=ORIENTED_EDGE('',*,*,#8657,.F.);
#9810=ORIENTED_EDGE('',*,*,#9795,.F.);
#9811=EDGE_LOOP('',(#9804,#9808,#9809,#9810));
#9812=FACE_OUTER_BOUND('',#9811,.T.);
#9813=AXIS2_PLACEMENT_3D('',#8670,#1789,#3185);
#9814=PLANE('',#9813);
#9815=ADVANCED_FACE('',(#9812),#9814,.T.);
#9816=ORIENTED_EDGE('',*,*,#9050,.T.);
#9817=ORIENTED_EDGE('',*,*,#9065,.T.);
#9818=ORIENTED_EDGE('',*,*,#8661,.F.);
#9819=ORIENTED_EDGE('',*,*,#9807,.F.);
#9820=EDGE_LOOP('',(#9816,#9817,#9818,#9819));
#9821=FACE_OUTER_BOUND('',#9820,.T.);
#9822=AXIS2_PLACEMENT_3D('',#8668,#2972,#3172);
#9823=PLANE('',#9822);
#9824=ADVANCED_FACE('',(#9821),#9823,.T.);
#9825=CLOSED_SHELL('',(#8667,#9056,#9071,#9083,#9095,#9107,#9119,#9131,#9143,#9155,#9167,#9179,#9191,#9203,#9215,#9227,#9239,#9251,#9263,#9275,#9287,#9299,#9311,#9323,#9335,#9347,#9359,#9371,#9383,#9395,#9407,#9419,#9431,#9443,#9455,#9467,#9479,#9491,#9503,#9515,#9527,#9539,#9551,#9563,#9575,#9587,#9599,#9611,#9623,#9635,#9647,#9659,#9671,#9683,#9695,#9707,#9719,#9731,#9743,#9755,#9767,#9779,#9791,#9803,#9815,#9824));
#9826=MANIFOLD_SOLID_BREP('pin2',#9825);
#9827=CARTESIAN_POINT('',(19.,19.5,16.786));
#9828=VERTEX_POINT('',#9827);
#9829=CARTESIAN_POINT('',(18.9879618,19.7450429,16.786));
#9830=VERTEX_POINT('',#9829);
#9831=CARTESIAN_POINT('',(18.9519632,19.9877258,16.786));
#9832=VERTEX_POINT('',#9831);
#9833=CARTESIAN_POINT('',(18.8923508,20.2257117,16.786));
#9834=VERTEX_POINT('',#9833);
#9835=CARTESIAN_POINT('',(18.8096988,20.4567086,16.786));
#9836=VERTEX_POINT('',#9835);
#9837=CARTESIAN_POINT('',(18.7048032,20.6784918,16.786));
#9838=VERTEX_POINT('',#9837);
#9839=CARTESIAN_POINT('',(18.578674,20.8889256,16.786));
#9840=VERTEX_POINT('',#9839);
#9841=CARTESIAN_POINT('',(18.4325261,21.0859832,16.786));
#9842=VERTEX_POINT('',#9841);
#9843=CARTESIAN_POINT('',(18.267767,21.267767,16.786));
#9844=VERTEX_POINT('',#9843);
#9845=CARTESIAN_POINT('',(18.0859832,21.4325261,16.786));
#9846=VERTEX_POINT('',#9845);
#9847=CARTESIAN_POINT('',(17.8889256,21.578674,16.786));
#9848=VERTEX_POINT('',#9847);
#9849=CARTESIAN_POINT('',(17.6784918,21.7048032,16.786));
#9850=VERTEX_POINT('',#9849);
#9851=CARTESIAN_POINT('',(17.4567086,21.8096988,16.786));
#9852=VERTEX_POINT('',#9851);
#9853=CARTESIAN_POINT('',(17.2257117,21.8923508,16.786));
#9854=VERTEX_POINT('',#9853);
#9855=CARTESIAN_POINT('',(16.9877258,21.9519632,16.786));
#9856=VERTEX_POINT('',#9855);
#9857=CARTESIAN_POINT('',(16.7450429,21.9879618,16.786));
#9858=VERTEX_POINT('',#9857);
#9859=CARTESIAN_POINT('',(16.5,22.,16.786));
#9860=VERTEX_POINT('',#9859);
#9861=CARTESIAN_POINT('',(16.2549571,21.9879618,16.786));
#9862=VERTEX_POINT('',#9861);
#9863=CARTESIAN_POINT('',(16.0122742,21.9519632,16.786));
#9864=VERTEX_POINT('',#9863);
#9865=CARTESIAN_POINT('',(15.7742883,21.8923508,16.786));
#9866=VERTEX_POINT('',#9865);
#9867=CARTESIAN_POINT('',(15.5432914,21.8096988,16.786));
#9868=VERTEX_POINT('',#9867);
#9869=CARTESIAN_POINT('',(15.3215082,21.7048032,16.786));
#9870=VERTEX_POINT('',#9869);
#9871=CARTESIAN_POINT('',(15.1110744,21.578674,16.786));
#9872=VERTEX_POINT('',#9871);
#9873=CARTESIAN_POINT('',(14.9140168,21.4325261,16.786));
#9874=VERTEX_POINT('',#9873);
#9875=CARTESIAN_POINT('',(14.732233,21.267767,16.786));
#9876=VERTEX_POINT('',#9875);
#9877=CARTESIAN_POINT('',(14.5674739,21.0859832,16.786));
#9878=VERTEX_POINT('',#9877);
#9879=CARTESIAN_POINT('',(14.421326,20.8889256,16.786));
#9880=VERTEX_POINT('',#9879);
#9881=CARTESIAN_POINT('',(14.2951968,20.6784918,16.786));
#9882=VERTEX_POINT('',#9881);
#9883=CARTESIAN_POINT('',(14.1903012,20.4567086,16.786));
#9884=VERTEX_POINT('',#9883);
#9885=CARTESIAN_POINT('',(14.1076492,20.2257117,16.786));
#9886=VERTEX_POINT('',#9885);
#9887=CARTESIAN_POINT('',(14.0480368,19.9877258,16.786));
#9888=VERTEX_POINT('',#9887);
#9889=CARTESIAN_POINT('',(14.0120382,19.7450429,16.786));
#9890=VERTEX_POINT('',#9889);
#9891=CARTESIAN_POINT('',(14.,19.5,16.786));
#9892=VERTEX_POINT('',#9891);
#9893=CARTESIAN_POINT('',(14.0120382,19.2549571,16.786));
#9894=VERTEX_POINT('',#9893);
#9895=CARTESIAN_POINT('',(14.0480368,19.0122742,16.786));
#9896=VERTEX_POINT('',#9895);
#9897=CARTESIAN_POINT('',(14.1076492,18.7742883,16.786));
#9898=VERTEX_POINT('',#9897);
#9899=CARTESIAN_POINT('',(14.1903012,18.5432914,16.786));
#9900=VERTEX_POINT('',#9899);
#9901=CARTESIAN_POINT('',(14.2951968,18.3215082,16.786));
#9902=VERTEX_POINT('',#9901);
#9903=CARTESIAN_POINT('',(14.421326,18.1110744,16.786));
#9904=VERTEX_POINT('',#9903);
#9905=CARTESIAN_POINT('',(14.5674739,17.9140168,16.786));
#9906=VERTEX_POINT('',#9905);
#9907=CARTESIAN_POINT('',(14.732233,17.732233,16.786));
#9908=VERTEX_POINT('',#9907);
#9909=CARTESIAN_POINT('',(14.9140168,17.5674739,16.786));
#9910=VERTEX_POINT('',#9909);
#9911=CARTESIAN_POINT('',(15.1110744,17.421326,16.786));
#9912=VERTEX_POINT('',#9911);
#9913=CARTESIAN_POINT('',(15.3215082,17.2951968,16.786));
#9914=VERTEX_POINT('',#9913);
#9915=CARTESIAN_POINT('',(15.5432914,17.1903012,16.786));
#9916=VERTEX_POINT('',#9915);
#9917=CARTESIAN_POINT('',(15.7742883,17.1076492,16.786));
#9918=VERTEX_POINT('',#9917);
#9919=CARTESIAN_POINT('',(16.0122742,17.0480368,16.786));
#9920=VERTEX_POINT('',#9919);
#9921=CARTESIAN_POINT('',(16.2549571,17.0120382,16.786));
#9922=VERTEX_POINT('',#9921);
#9923=CARTESIAN_POINT('',(16.5,17.,16.786));
#9924=VERTEX_POINT('',#9923);
#9925=CARTESIAN_POINT('',(16.7450429,17.0120382,16.786));
#9926=VERTEX_POINT('',#9925);
#9927=CARTESIAN_POINT('',(16.9877258,17.0480368,16.786));
#9928=VERTEX_POINT('',#9927);
#9929=CARTESIAN_POINT('',(17.2257117,17.1076492,16.786));
#9930=VERTEX_POINT('',#9929);
#9931=CARTESIAN_POINT('',(17.4567086,17.1903012,16.786));
#9932=VERTEX_POINT('',#9931);
#9933=CARTESIAN_POINT('',(17.6784918,17.2951968,16.786));
#9934=VERTEX_POINT('',#9933);
#9935=CARTESIAN_POINT('',(17.8889256,17.421326,16.786));
#9936=VERTEX_POINT('',#9935);
#9937=CARTESIAN_POINT('',(18.0859832,17.5674739,16.786));
#9938=VERTEX_POINT('',#9937);
#9939=CARTESIAN_POINT('',(18.267767,17.732233,16.786));
#9940=VERTEX_POINT('',#9939);
#9941=CARTESIAN_POINT('',(18.4325261,17.9140168,16.786));
#9942=VERTEX_POINT('',#9941);
#9943=CARTESIAN_POINT('',(18.578674,18.1110744,16.786));
#9944=VERTEX_POINT('',#9943);
#9945=CARTESIAN_POINT('',(18.7048032,18.3215082,16.786));
#9946=VERTEX_POINT('',#9945);
#9947=CARTESIAN_POINT('',(18.8096988,18.5432914,16.786));
#9948=VERTEX_POINT('',#9947);
#9949=CARTESIAN_POINT('',(18.8923508,18.7742883,16.786));
#9950=VERTEX_POINT('',#9949);
#9951=CARTESIAN_POINT('',(18.9519632,19.0122742,16.786));
#9952=VERTEX_POINT('',#9951);
#9953=CARTESIAN_POINT('',(18.9879618,19.2549571,16.786));
#9954=VERTEX_POINT('',#9953);
#9955=VECTOR('',#3703,1.);
#9956=LINE('',#9829,#9955);
#9957=EDGE_CURVE('',#9830,#9828,#9956,.T.);
#9958=ORIENTED_EDGE('',*,*,#9957,.F.);
#9959=VECTOR('',#3708,1.);
#9960=LINE('',#9831,#9959);
#9961=EDGE_CURVE('',#9832,#9830,#9960,.T.);
#9962=ORIENTED_EDGE('',*,*,#9961,.F.);
#9963=VECTOR('',#3713,1.);
#9964=LINE('',#9833,#9963);
#9965=EDGE_CURVE('',#9834,#9832,#9964,.T.);
#9966=ORIENTED_EDGE('',*,*,#9965,.F.);
#9967=VECTOR('',#1844,1.);
#9968=LINE('',#9835,#9967);
#9969=EDGE_CURVE('',#9836,#9834,#9968,.T.);
#9970=ORIENTED_EDGE('',*,*,#9969,.F.);
#9971=VECTOR('',#3722,1.);
#9972=LINE('',#9837,#9971);
#9973=EDGE_CURVE('',#9838,#9836,#9972,.T.);
#9974=ORIENTED_EDGE('',*,*,#9973,.F.);
#9975=VECTOR('',#3727,1.);
#9976=LINE('',#9839,#9975);
#9977=EDGE_CURVE('',#9840,#9838,#9976,.T.);
#9978=ORIENTED_EDGE('',*,*,#9977,.F.);
#9979=VECTOR('',#3732,1.);
#9980=LINE('',#9841,#9979);
#9981=EDGE_CURVE('',#9842,#9840,#9980,.T.);
#9982=ORIENTED_EDGE('',*,*,#9981,.F.);
#9983=VECTOR('',#3737,1.);
#9984=LINE('',#9843,#9983);
#9985=EDGE_CURVE('',#9844,#9842,#9984,.T.);
#9986=ORIENTED_EDGE('',*,*,#9985,.F.);
#9987=VECTOR('',#3742,1.);
#9988=LINE('',#9845,#9987);
#9989=EDGE_CURVE('',#9846,#9844,#9988,.T.);
#9990=ORIENTED_EDGE('',*,*,#9989,.F.);
#9991=VECTOR('',#3747,1.);
#9992=LINE('',#9847,#9991);
#9993=EDGE_CURVE('',#9848,#9846,#9992,.T.);
#9994=ORIENTED_EDGE('',*,*,#9993,.F.);
#9995=VECTOR('',#3752,1.);
#9996=LINE('',#9849,#9995);
#9997=EDGE_CURVE('',#9850,#9848,#9996,.T.);
#9998=ORIENTED_EDGE('',*,*,#9997,.F.);
#9999=VECTOR('',#3757,1.);
#10000=LINE('',#9851,#9999);
#10001=EDGE_CURVE('',#9852,#9850,#10000,.T.);
#10002=ORIENTED_EDGE('',*,*,#10001,.F.);
#10003=VECTOR('',#1799,1.);
#10004=LINE('',#9853,#10003);
#10005=EDGE_CURVE('',#9854,#9852,#10004,.T.);
#10006=ORIENTED_EDGE('',*,*,#10005,.F.);
#10007=VECTOR('',#3766,1.);
#10008=LINE('',#9855,#10007);
#10009=EDGE_CURVE('',#9856,#9854,#10008,.T.);
#10010=ORIENTED_EDGE('',*,*,#10009,.F.);
#10011=VECTOR('',#3771,1.);
#10012=LINE('',#9857,#10011);
#10013=EDGE_CURVE('',#9858,#9856,#10012,.T.);
#10014=ORIENTED_EDGE('',*,*,#10013,.F.);
#10015=VECTOR('',#3776,1.);
#10016=LINE('',#9859,#10015);
#10017=EDGE_CURVE('',#9860,#9858,#10016,.T.);
#10018=ORIENTED_EDGE('',*,*,#10017,.F.);
#10019=VECTOR('',#3781,1.);
#10020=LINE('',#9861,#10019);
#10021=EDGE_CURVE('',#9862,#9860,#10020,.T.);
#10022=ORIENTED_EDGE('',*,*,#10021,.F.);
#10023=VECTOR('',#3786,1.);
#10024=LINE('',#9863,#10023);
#10025=EDGE_CURVE('',#9864,#9862,#10024,.T.);
#10026=ORIENTED_EDGE('',*,*,#10025,.F.);
#10027=VECTOR('',#3791,1.);
#10028=LINE('',#9865,#10027);
#10029=EDGE_CURVE('',#9866,#9864,#10028,.T.);
#10030=ORIENTED_EDGE('',*,*,#10029,.F.);
#10031=VECTOR('',#1764,1.);
#10032=LINE('',#9867,#10031);
#10033=EDGE_CURVE('',#9868,#9866,#10032,.T.);
#10034=ORIENTED_EDGE('',*,*,#10033,.F.);
#10035=VECTOR('',#3800,1.);
#10036=LINE('',#9869,#10035);
#10037=EDGE_CURVE('',#9870,#9868,#10036,.T.);
#10038=ORIENTED_EDGE('',*,*,#10037,.F.);
#10039=VECTOR('',#3805,1.);
#10040=LINE('',#9871,#10039);
#10041=EDGE_CURVE('',#9872,#9870,#10040,.T.);
#10042=ORIENTED_EDGE('',*,*,#10041,.F.);
#10043=VECTOR('',#3810,1.);
#10044=LINE('',#9873,#10043);
#10045=EDGE_CURVE('',#9874,#9872,#10044,.T.);
#10046=ORIENTED_EDGE('',*,*,#10045,.F.);
#10047=VECTOR('',#3815,1.);
#10048=LINE('',#9875,#10047);
#10049=EDGE_CURVE('',#9876,#9874,#10048,.T.);
#10050=ORIENTED_EDGE('',*,*,#10049,.F.);
#10051=VECTOR('',#3820,1.);
#10052=LINE('',#9877,#10051);
#10053=EDGE_CURVE('',#9878,#9876,#10052,.T.);
#10054=ORIENTED_EDGE('',*,*,#10053,.F.);
#10055=VECTOR('',#3825,1.);
#10056=LINE('',#9879,#10055);
#10057=EDGE_CURVE('',#9880,#9878,#10056,.T.);
#10058=ORIENTED_EDGE('',*,*,#10057,.F.);
#10059=VECTOR('',#3830,1.);
#10060=LINE('',#9881,#10059);
#10061=EDGE_CURVE('',#9882,#9880,#10060,.T.);
#10062=ORIENTED_EDGE('',*,*,#10061,.F.);
#10063=VECTOR('',#3835,1.);
#10064=LINE('',#9883,#10063);
#10065=EDGE_CURVE('',#9884,#9882,#10064,.T.);
#10066=ORIENTED_EDGE('',*,*,#10065,.F.);
#10067=VECTOR('',#1719,1.);
#10068=LINE('',#9885,#10067);
#10069=EDGE_CURVE('',#9886,#9884,#10068,.T.);
#10070=ORIENTED_EDGE('',*,*,#10069,.F.);
#10071=VECTOR('',#3844,1.);
#10072=LINE('',#9887,#10071);
#10073=EDGE_CURVE('',#9888,#9886,#10072,.T.);
#10074=ORIENTED_EDGE('',*,*,#10073,.F.);
#10075=VECTOR('',#3849,1.);
#10076=LINE('',#9889,#10075);
#10077=EDGE_CURVE('',#9890,#9888,#10076,.T.);
#10078=ORIENTED_EDGE('',*,*,#10077,.F.);
#10079=VECTOR('',#3854,1.);
#10080=LINE('',#9891,#10079);
#10081=EDGE_CURVE('',#9892,#9890,#10080,.T.);
#10082=ORIENTED_EDGE('',*,*,#10081,.F.);
#10083=VECTOR('',#3703,1.);
#10084=LINE('',#9891,#10083);
#10085=EDGE_CURVE('',#9892,#9894,#10084,.T.);
#10086=ORIENTED_EDGE('',*,*,#10085,.T.);
#10087=VECTOR('',#3708,1.);
#10088=LINE('',#9893,#10087);
#10089=EDGE_CURVE('',#9894,#9896,#10088,.T.);
#10090=ORIENTED_EDGE('',*,*,#10089,.T.);
#10091=VECTOR('',#3713,1.);
#10092=LINE('',#9895,#10091);
#10093=EDGE_CURVE('',#9896,#9898,#10092,.T.);
#10094=ORIENTED_EDGE('',*,*,#10093,.T.);
#10095=VECTOR('',#1844,1.);
#10096=LINE('',#9897,#10095);
#10097=EDGE_CURVE('',#9898,#9900,#10096,.T.);
#10098=ORIENTED_EDGE('',*,*,#10097,.T.);
#10099=VECTOR('',#3722,1.);
#10100=LINE('',#9899,#10099);
#10101=EDGE_CURVE('',#9900,#9902,#10100,.T.);
#10102=ORIENTED_EDGE('',*,*,#10101,.T.);
#10103=VECTOR('',#3727,1.);
#10104=LINE('',#9901,#10103);
#10105=EDGE_CURVE('',#9902,#9904,#10104,.T.);
#10106=ORIENTED_EDGE('',*,*,#10105,.T.);
#10107=VECTOR('',#3732,1.);
#10108=LINE('',#9903,#10107);
#10109=EDGE_CURVE('',#9904,#9906,#10108,.T.);
#10110=ORIENTED_EDGE('',*,*,#10109,.T.);
#10111=VECTOR('',#3737,1.);
#10112=LINE('',#9905,#10111);
#10113=EDGE_CURVE('',#9906,#9908,#10112,.T.);
#10114=ORIENTED_EDGE('',*,*,#10113,.T.);
#10115=VECTOR('',#3742,1.);
#10116=LINE('',#9907,#10115);
#10117=EDGE_CURVE('',#9908,#9910,#10116,.T.);
#10118=ORIENTED_EDGE('',*,*,#10117,.T.);
#10119=VECTOR('',#3747,1.);
#10120=LINE('',#9909,#10119);
#10121=EDGE_CURVE('',#9910,#9912,#10120,.T.);
#10122=ORIENTED_EDGE('',*,*,#10121,.T.);
#10123=VECTOR('',#3752,1.);
#10124=LINE('',#9911,#10123);
#10125=EDGE_CURVE('',#9912,#9914,#10124,.T.);
#10126=ORIENTED_EDGE('',*,*,#10125,.T.);
#10127=VECTOR('',#3757,1.);
#10128=LINE('',#9913,#10127);
#10129=EDGE_CURVE('',#9914,#9916,#10128,.T.);
#10130=ORIENTED_EDGE('',*,*,#10129,.T.);
#10131=VECTOR('',#1799,1.);
#10132=LINE('',#9915,#10131);
#10133=EDGE_CURVE('',#9916,#9918,#10132,.T.);
#10134=ORIENTED_EDGE('',*,*,#10133,.T.);
#10135=VECTOR('',#3766,1.);
#10136=LINE('',#9917,#10135);
#10137=EDGE_CURVE('',#9918,#9920,#10136,.T.);
#10138=ORIENTED_EDGE('',*,*,#10137,.T.);
#10139=VECTOR('',#3771,1.);
#10140=LINE('',#9919,#10139);
#10141=EDGE_CURVE('',#9920,#9922,#10140,.T.);
#10142=ORIENTED_EDGE('',*,*,#10141,.T.);
#10143=VECTOR('',#3776,1.);
#10144=LINE('',#9921,#10143);
#10145=EDGE_CURVE('',#9922,#9924,#10144,.T.);
#10146=ORIENTED_EDGE('',*,*,#10145,.T.);
#10147=VECTOR('',#3781,1.);
#10148=LINE('',#9923,#10147);
#10149=EDGE_CURVE('',#9924,#9926,#10148,.T.);
#10150=ORIENTED_EDGE('',*,*,#10149,.T.);
#10151=VECTOR('',#3786,1.);
#10152=LINE('',#9925,#10151);
#10153=EDGE_CURVE('',#9926,#9928,#10152,.T.);
#10154=ORIENTED_EDGE('',*,*,#10153,.T.);
#10155=VECTOR('',#3791,1.);
#10156=LINE('',#9927,#10155);
#10157=EDGE_CURVE('',#9928,#9930,#10156,.T.);
#10158=ORIENTED_EDGE('',*,*,#10157,.T.);
#10159=VECTOR('',#1764,1.);
#10160=LINE('',#9929,#10159);
#10161=EDGE_CURVE('',#9930,#9932,#10160,.T.);
#10162=ORIENTED_EDGE('',*,*,#10161,.T.);
#10163=VECTOR('',#3800,1.);
#10164=LINE('',#9931,#10163);
#10165=EDGE_CURVE('',#9932,#9934,#10164,.T.);
#10166=ORIENTED_EDGE('',*,*,#10165,.T.);
#10167=VECTOR('',#3805,1.);
#10168=LINE('',#9933,#10167);
#10169=EDGE_CURVE('',#9934,#9936,#10168,.T.);
#10170=ORIENTED_EDGE('',*,*,#10169,.T.);
#10171=VECTOR('',#3810,1.);
#10172=LINE('',#9935,#10171);
#10173=EDGE_CURVE('',#9936,#9938,#10172,.T.);
#10174=ORIENTED_EDGE('',*,*,#10173,.T.);
#10175=VECTOR('',#3815,1.);
#10176=LINE('',#9937,#10175);
#10177=EDGE_CURVE('',#9938,#9940,#10176,.T.);
#10178=ORIENTED_EDGE('',*,*,#10177,.T.);
#10179=VECTOR('',#3820,1.);
#10180=LINE('',#9939,#10179);
#10181=EDGE_CURVE('',#9940,#9942,#10180,.T.);
#10182=ORIENTED_EDGE('',*,*,#10181,.T.);
#10183=VECTOR('',#3825,1.);
#10184=LINE('',#9941,#10183);
#10185=EDGE_CURVE('',#9942,#9944,#10184,.T.);
#10186=ORIENTED_EDGE('',*,*,#10185,.T.);
#10187=VECTOR('',#3830,1.);
#10188=LINE('',#9943,#10187);
#10189=EDGE_CURVE('',#9944,#9946,#10188,.T.);
#10190=ORIENTED_EDGE('',*,*,#10189,.T.);
#10191=VECTOR('',#3835,1.);
#10192=LINE('',#9945,#10191);
#10193=EDGE_CURVE('',#9946,#9948,#10192,.T.);
#10194=ORIENTED_EDGE('',*,*,#10193,.T.);
#10195=VECTOR('',#1719,1.);
#10196=LINE('',#9947,#10195);
#10197=EDGE_CURVE('',#9948,#9950,#10196,.T.);
#10198=ORIENTED_EDGE('',*,*,#10197,.T.);
#10199=VECTOR('',#3844,1.);
#10200=LINE('',#9949,#10199);
#10201=EDGE_CURVE('',#9950,#9952,#10200,.T.);
#10202=ORIENTED_EDGE('',*,*,#10201,.T.);
#10203=VECTOR('',#3849,1.);
#10204=LINE('',#9951,#10203);
#10205=EDGE_CURVE('',#9952,#9954,#10204,.T.);
#10206=ORIENTED_EDGE('',*,*,#10205,.T.);
#10207=VECTOR('',#3854,1.);
#10208=LINE('',#9953,#10207);
#10209=EDGE_CURVE('',#9954,#9828,#10208,.T.);
#10210=ORIENTED_EDGE('',*,*,#10209,.T.);
#10211=EDGE_LOOP('',(#9958,#9962,#9966,#9970,#9974,#9978,#9982,#9986,#9990,#9994,#9998,#10002,#10006,#10010,#10014,#10018,#10022,#10026,#10030,#10034,#10038,#10042,#10046,#10050,#10054,#10058,#10062,#10066,#10070,#10074,#10078,#10082,#10086,#10090,#10094,#10098,#10102,#10106,#10110,#10114,#10118,#10122,#10126,#10130,#10134,#10138,#10142,#10146,#10150,#10154,#10158,#10162,#10166,#10170,#10174,#10178,#10182,#10186,#10190,#10194,#10198,#10202,#10206,#10210));
#10212=FACE_OUTER_BOUND('',#10211,.T.);
#10213=AXIS2_PLACEMENT_3D('',#9827,#367,#87);
#10214=PLANE('',#10213);
#10215=ADVANCED_FACE('',(#10212),#10214,.T.);
#10216=CARTESIAN_POINT('',(18.9879618,19.2549571,0.));
#10217=VERTEX_POINT('',#10216);
#10218=CARTESIAN_POINT('',(18.9519632,19.0122742,0.));
#10219=VERTEX_POINT('',#10218);
#10220=CARTESIAN_POINT('',(18.8923508,18.7742883,0.));
#10221=VERTEX_POINT('',#10220);
#10222=CARTESIAN_POINT('',(18.8096988,18.5432914,0.));
#10223=VERTEX_POINT('',#10222);
#10224=CARTESIAN_POINT('',(18.7048032,18.3215082,0.));
#10225=VERTEX_POINT('',#10224);
#10226=CARTESIAN_POINT('',(18.578674,18.1110744,0.));
#10227=VERTEX_POINT('',#10226);
#10228=CARTESIAN_POINT('',(18.4325261,17.9140168,0.));
#10229=VERTEX_POINT('',#10228);
#10230=CARTESIAN_POINT('',(18.267767,17.732233,0.));
#10231=VERTEX_POINT('',#10230);
#10232=CARTESIAN_POINT('',(18.0859832,17.5674739,0.));
#10233=VERTEX_POINT('',#10232);
#10234=CARTESIAN_POINT('',(17.8889256,17.421326,0.));
#10235=VERTEX_POINT('',#10234);
#10236=CARTESIAN_POINT('',(17.6784918,17.2951968,0.));
#10237=VERTEX_POINT('',#10236);
#10238=CARTESIAN_POINT('',(17.4567086,17.1903012,0.));
#10239=VERTEX_POINT('',#10238);
#10240=CARTESIAN_POINT('',(17.2257117,17.1076492,0.));
#10241=VERTEX_POINT('',#10240);
#10242=CARTESIAN_POINT('',(16.9877258,17.0480368,0.));
#10243=VERTEX_POINT('',#10242);
#10244=CARTESIAN_POINT('',(16.7450429,17.0120382,0.));
#10245=VERTEX_POINT('',#10244);
#10246=CARTESIAN_POINT('',(16.5,17.,0.));
#10247=VERTEX_POINT('',#10246);
#10248=CARTESIAN_POINT('',(16.2549571,17.0120382,0.));
#10249=VERTEX_POINT('',#10248);
#10250=CARTESIAN_POINT('',(16.0122742,17.0480368,0.));
#10251=VERTEX_POINT('',#10250);
#10252=CARTESIAN_POINT('',(15.7742883,17.1076492,0.));
#10253=VERTEX_POINT('',#10252);
#10254=CARTESIAN_POINT('',(15.5432914,17.1903012,0.));
#10255=VERTEX_POINT('',#10254);
#10256=CARTESIAN_POINT('',(15.3215082,17.2951968,0.));
#10257=VERTEX_POINT('',#10256);
#10258=CARTESIAN_POINT('',(15.1110744,17.421326,0.));
#10259=VERTEX_POINT('',#10258);
#10260=CARTESIAN_POINT('',(14.9140168,17.5674739,0.));
#10261=VERTEX_POINT('',#10260);
#10262=CARTESIAN_POINT('',(14.732233,17.732233,0.));
#10263=VERTEX_POINT('',#10262);
#10264=CARTESIAN_POINT('',(14.5674739,17.9140168,0.));
#10265=VERTEX_POINT('',#10264);
#10266=CARTESIAN_POINT('',(14.421326,18.1110744,0.));
#10267=VERTEX_POINT('',#10266);
#10268=CARTESIAN_POINT('',(14.2951968,18.3215082,0.));
#10269=VERTEX_POINT('',#10268);
#10270=CARTESIAN_POINT('',(14.1903012,18.5432914,0.));
#10271=VERTEX_POINT('',#10270);
#10272=CARTESIAN_POINT('',(14.1076492,18.7742883,0.));
#10273=VERTEX_POINT('',#10272);
#10274=CARTESIAN_POINT('',(14.0480368,19.0122742,0.));
#10275=VERTEX_POINT('',#10274);
#10276=CARTESIAN_POINT('',(14.0120382,19.2549571,0.));
#10277=VERTEX_POINT('',#10276);
#10278=CARTESIAN_POINT('',(14.,19.5,0.));
#10279=VERTEX_POINT('',#10278);
#10280=CARTESIAN_POINT('',(14.0120382,19.7450429,0.));
#10281=VERTEX_POINT('',#10280);
#10282=CARTESIAN_POINT('',(14.0480368,19.9877258,0.));
#10283=VERTEX_POINT('',#10282);
#10284=CARTESIAN_POINT('',(14.1076492,20.2257117,0.));
#10285=VERTEX_POINT('',#10284);
#10286=CARTESIAN_POINT('',(14.1903012,20.4567086,0.));
#10287=VERTEX_POINT('',#10286);
#10288=CARTESIAN_POINT('',(14.2951968,20.6784918,0.));
#10289=VERTEX_POINT('',#10288);
#10290=CARTESIAN_POINT('',(14.421326,20.8889256,0.));
#10291=VERTEX_POINT('',#10290);
#10292=CARTESIAN_POINT('',(14.5674739,21.0859832,0.));
#10293=VERTEX_POINT('',#10292);
#10294=CARTESIAN_POINT('',(14.732233,21.267767,0.));
#10295=VERTEX_POINT('',#10294);
#10296=CARTESIAN_POINT('',(14.9140168,21.4325261,0.));
#10297=VERTEX_POINT('',#10296);
#10298=CARTESIAN_POINT('',(15.1110744,21.578674,0.));
#10299=VERTEX_POINT('',#10298);
#10300=CARTESIAN_POINT('',(15.3215082,21.7048032,0.));
#10301=VERTEX_POINT('',#10300);
#10302=CARTESIAN_POINT('',(15.5432914,21.8096988,0.));
#10303=VERTEX_POINT('',#10302);
#10304=CARTESIAN_POINT('',(15.7742883,21.8923508,0.));
#10305=VERTEX_POINT('',#10304);
#10306=CARTESIAN_POINT('',(16.0122742,21.9519632,0.));
#10307=VERTEX_POINT('',#10306);
#10308=CARTESIAN_POINT('',(16.2549571,21.9879618,0.));
#10309=VERTEX_POINT('',#10308);
#10310=CARTESIAN_POINT('',(16.5,22.,0.));
#10311=VERTEX_POINT('',#10310);
#10312=CARTESIAN_POINT('',(16.7450429,21.9879618,0.));
#10313=VERTEX_POINT('',#10312);
#10314=CARTESIAN_POINT('',(16.9877258,21.9519632,0.));
#10315=VERTEX_POINT('',#10314);
#10316=CARTESIAN_POINT('',(17.2257117,21.8923508,0.));
#10317=VERTEX_POINT('',#10316);
#10318=CARTESIAN_POINT('',(17.4567086,21.8096988,0.));
#10319=VERTEX_POINT('',#10318);
#10320=CARTESIAN_POINT('',(17.6784918,21.7048032,0.));
#10321=VERTEX_POINT('',#10320);
#10322=CARTESIAN_POINT('',(17.8889256,21.578674,0.));
#10323=VERTEX_POINT('',#10322);
#10324=CARTESIAN_POINT('',(18.0859832,21.4325261,0.));
#10325=VERTEX_POINT('',#10324);
#10326=CARTESIAN_POINT('',(18.267767,21.267767,0.));
#10327=VERTEX_POINT('',#10326);
#10328=CARTESIAN_POINT('',(18.4325261,21.0859832,0.));
#10329=VERTEX_POINT('',#10328);
#10330=CARTESIAN_POINT('',(18.578674,20.8889256,0.));
#10331=VERTEX_POINT('',#10330);
#10332=CARTESIAN_POINT('',(18.7048032,20.6784918,0.));
#10333=VERTEX_POINT('',#10332);
#10334=CARTESIAN_POINT('',(18.8096988,20.4567086,0.));
#10335=VERTEX_POINT('',#10334);
#10336=CARTESIAN_POINT('',(18.8923508,20.2257117,0.));
#10337=VERTEX_POINT('',#10336);
#10338=CARTESIAN_POINT('',(18.9519632,19.9877258,0.));
#10339=VERTEX_POINT('',#10338);
#10340=CARTESIAN_POINT('',(18.9879618,19.7450429,0.));
#10341=VERTEX_POINT('',#10340);
#10342=CARTESIAN_POINT('',(19.,19.5,0.));
#10343=VERTEX_POINT('',#10342);
#10344=VECTOR('',#3849,1.);
#10345=LINE('',#10218,#10344);
#10346=EDGE_CURVE('',#10219,#10217,#10345,.T.);
#10347=ORIENTED_EDGE('',*,*,#10346,.F.);
#10348=VECTOR('',#3844,1.);
#10349=LINE('',#10220,#10348);
#10350=EDGE_CURVE('',#10221,#10219,#10349,.T.);
#10351=ORIENTED_EDGE('',*,*,#10350,.F.);
#10352=VECTOR('',#1719,1.);
#10353=LINE('',#10222,#10352);
#10354=EDGE_CURVE('',#10223,#10221,#10353,.T.);
#10355=ORIENTED_EDGE('',*,*,#10354,.F.);
#10356=VECTOR('',#3835,1.);
#10357=LINE('',#10224,#10356);
#10358=EDGE_CURVE('',#10225,#10223,#10357,.T.);
#10359=ORIENTED_EDGE('',*,*,#10358,.F.);
#10360=VECTOR('',#3830,1.);
#10361=LINE('',#10226,#10360);
#10362=EDGE_CURVE('',#10227,#10225,#10361,.T.);
#10363=ORIENTED_EDGE('',*,*,#10362,.F.);
#10364=VECTOR('',#3825,1.);
#10365=LINE('',#10228,#10364);
#10366=EDGE_CURVE('',#10229,#10227,#10365,.T.);
#10367=ORIENTED_EDGE('',*,*,#10366,.F.);
#10368=VECTOR('',#3820,1.);
#10369=LINE('',#10230,#10368);
#10370=EDGE_CURVE('',#10231,#10229,#10369,.T.);
#10371=ORIENTED_EDGE('',*,*,#10370,.F.);
#10372=VECTOR('',#3815,1.);
#10373=LINE('',#10232,#10372);
#10374=EDGE_CURVE('',#10233,#10231,#10373,.T.);
#10375=ORIENTED_EDGE('',*,*,#10374,.F.);
#10376=VECTOR('',#3810,1.);
#10377=LINE('',#10234,#10376);
#10378=EDGE_CURVE('',#10235,#10233,#10377,.T.);
#10379=ORIENTED_EDGE('',*,*,#10378,.F.);
#10380=VECTOR('',#3805,1.);
#10381=LINE('',#10236,#10380);
#10382=EDGE_CURVE('',#10237,#10235,#10381,.T.);
#10383=ORIENTED_EDGE('',*,*,#10382,.F.);
#10384=VECTOR('',#3800,1.);
#10385=LINE('',#10238,#10384);
#10386=EDGE_CURVE('',#10239,#10237,#10385,.T.);
#10387=ORIENTED_EDGE('',*,*,#10386,.F.);
#10388=VECTOR('',#1764,1.);
#10389=LINE('',#10240,#10388);
#10390=EDGE_CURVE('',#10241,#10239,#10389,.T.);
#10391=ORIENTED_EDGE('',*,*,#10390,.F.);
#10392=VECTOR('',#3791,1.);
#10393=LINE('',#10242,#10392);
#10394=EDGE_CURVE('',#10243,#10241,#10393,.T.);
#10395=ORIENTED_EDGE('',*,*,#10394,.F.);
#10396=VECTOR('',#3786,1.);
#10397=LINE('',#10244,#10396);
#10398=EDGE_CURVE('',#10245,#10243,#10397,.T.);
#10399=ORIENTED_EDGE('',*,*,#10398,.F.);
#10400=VECTOR('',#3781,1.);
#10401=LINE('',#10246,#10400);
#10402=EDGE_CURVE('',#10247,#10245,#10401,.T.);
#10403=ORIENTED_EDGE('',*,*,#10402,.F.);
#10404=VECTOR('',#3776,1.);
#10405=LINE('',#10248,#10404);
#10406=EDGE_CURVE('',#10249,#10247,#10405,.T.);
#10407=ORIENTED_EDGE('',*,*,#10406,.F.);
#10408=VECTOR('',#3771,1.);
#10409=LINE('',#10250,#10408);
#10410=EDGE_CURVE('',#10251,#10249,#10409,.T.);
#10411=ORIENTED_EDGE('',*,*,#10410,.F.);
#10412=VECTOR('',#3766,1.);
#10413=LINE('',#10252,#10412);
#10414=EDGE_CURVE('',#10253,#10251,#10413,.T.);
#10415=ORIENTED_EDGE('',*,*,#10414,.F.);
#10416=VECTOR('',#1799,1.);
#10417=LINE('',#10254,#10416);
#10418=EDGE_CURVE('',#10255,#10253,#10417,.T.);
#10419=ORIENTED_EDGE('',*,*,#10418,.F.);
#10420=VECTOR('',#3757,1.);
#10421=LINE('',#10256,#10420);
#10422=EDGE_CURVE('',#10257,#10255,#10421,.T.);
#10423=ORIENTED_EDGE('',*,*,#10422,.F.);
#10424=VECTOR('',#3752,1.);
#10425=LINE('',#10258,#10424);
#10426=EDGE_CURVE('',#10259,#10257,#10425,.T.);
#10427=ORIENTED_EDGE('',*,*,#10426,.F.);
#10428=VECTOR('',#3747,1.);
#10429=LINE('',#10260,#10428);
#10430=EDGE_CURVE('',#10261,#10259,#10429,.T.);
#10431=ORIENTED_EDGE('',*,*,#10430,.F.);
#10432=VECTOR('',#3742,1.);
#10433=LINE('',#10262,#10432);
#10434=EDGE_CURVE('',#10263,#10261,#10433,.T.);
#10435=ORIENTED_EDGE('',*,*,#10434,.F.);
#10436=VECTOR('',#3737,1.);
#10437=LINE('',#10264,#10436);
#10438=EDGE_CURVE('',#10265,#10263,#10437,.T.);
#10439=ORIENTED_EDGE('',*,*,#10438,.F.);
#10440=VECTOR('',#3732,1.);
#10441=LINE('',#10266,#10440);
#10442=EDGE_CURVE('',#10267,#10265,#10441,.T.);
#10443=ORIENTED_EDGE('',*,*,#10442,.F.);
#10444=VECTOR('',#3727,1.);
#10445=LINE('',#10268,#10444);
#10446=EDGE_CURVE('',#10269,#10267,#10445,.T.);
#10447=ORIENTED_EDGE('',*,*,#10446,.F.);
#10448=VECTOR('',#3722,1.);
#10449=LINE('',#10270,#10448);
#10450=EDGE_CURVE('',#10271,#10269,#10449,.T.);
#10451=ORIENTED_EDGE('',*,*,#10450,.F.);
#10452=VECTOR('',#1844,1.);
#10453=LINE('',#10272,#10452);
#10454=EDGE_CURVE('',#10273,#10271,#10453,.T.);
#10455=ORIENTED_EDGE('',*,*,#10454,.F.);
#10456=VECTOR('',#3713,1.);
#10457=LINE('',#10274,#10456);
#10458=EDGE_CURVE('',#10275,#10273,#10457,.T.);
#10459=ORIENTED_EDGE('',*,*,#10458,.F.);
#10460=VECTOR('',#3708,1.);
#10461=LINE('',#10276,#10460);
#10462=EDGE_CURVE('',#10277,#10275,#10461,.T.);
#10463=ORIENTED_EDGE('',*,*,#10462,.F.);
#10464=VECTOR('',#3703,1.);
#10465=LINE('',#10278,#10464);
#10466=EDGE_CURVE('',#10279,#10277,#10465,.T.);
#10467=ORIENTED_EDGE('',*,*,#10466,.F.);
#10468=VECTOR('',#3854,1.);
#10469=LINE('',#10278,#10468);
#10470=EDGE_CURVE('',#10279,#10281,#10469,.T.);
#10471=ORIENTED_EDGE('',*,*,#10470,.T.);
#10472=VECTOR('',#3849,1.);
#10473=LINE('',#10280,#10472);
#10474=EDGE_CURVE('',#10281,#10283,#10473,.T.);
#10475=ORIENTED_EDGE('',*,*,#10474,.T.);
#10476=VECTOR('',#3844,1.);
#10477=LINE('',#10282,#10476);
#10478=EDGE_CURVE('',#10283,#10285,#10477,.T.);
#10479=ORIENTED_EDGE('',*,*,#10478,.T.);
#10480=VECTOR('',#1719,1.);
#10481=LINE('',#10284,#10480);
#10482=EDGE_CURVE('',#10285,#10287,#10481,.T.);
#10483=ORIENTED_EDGE('',*,*,#10482,.T.);
#10484=VECTOR('',#3835,1.);
#10485=LINE('',#10286,#10484);
#10486=EDGE_CURVE('',#10287,#10289,#10485,.T.);
#10487=ORIENTED_EDGE('',*,*,#10486,.T.);
#10488=VECTOR('',#3830,1.);
#10489=LINE('',#10288,#10488);
#10490=EDGE_CURVE('',#10289,#10291,#10489,.T.);
#10491=ORIENTED_EDGE('',*,*,#10490,.T.);
#10492=VECTOR('',#3825,1.);
#10493=LINE('',#10290,#10492);
#10494=EDGE_CURVE('',#10291,#10293,#10493,.T.);
#10495=ORIENTED_EDGE('',*,*,#10494,.T.);
#10496=VECTOR('',#3820,1.);
#10497=LINE('',#10292,#10496);
#10498=EDGE_CURVE('',#10293,#10295,#10497,.T.);
#10499=ORIENTED_EDGE('',*,*,#10498,.T.);
#10500=VECTOR('',#3815,1.);
#10501=LINE('',#10294,#10500);
#10502=EDGE_CURVE('',#10295,#10297,#10501,.T.);
#10503=ORIENTED_EDGE('',*,*,#10502,.T.);
#10504=VECTOR('',#3810,1.);
#10505=LINE('',#10296,#10504);
#10506=EDGE_CURVE('',#10297,#10299,#10505,.T.);
#10507=ORIENTED_EDGE('',*,*,#10506,.T.);
#10508=VECTOR('',#3805,1.);
#10509=LINE('',#10298,#10508);
#10510=EDGE_CURVE('',#10299,#10301,#10509,.T.);
#10511=ORIENTED_EDGE('',*,*,#10510,.T.);
#10512=VECTOR('',#3800,1.);
#10513=LINE('',#10300,#10512);
#10514=EDGE_CURVE('',#10301,#10303,#10513,.T.);
#10515=ORIENTED_EDGE('',*,*,#10514,.T.);
#10516=VECTOR('',#1764,1.);
#10517=LINE('',#10302,#10516);
#10518=EDGE_CURVE('',#10303,#10305,#10517,.T.);
#10519=ORIENTED_EDGE('',*,*,#10518,.T.);
#10520=VECTOR('',#3791,1.);
#10521=LINE('',#10304,#10520);
#10522=EDGE_CURVE('',#10305,#10307,#10521,.T.);
#10523=ORIENTED_EDGE('',*,*,#10522,.T.);
#10524=VECTOR('',#3786,1.);
#10525=LINE('',#10306,#10524);
#10526=EDGE_CURVE('',#10307,#10309,#10525,.T.);
#10527=ORIENTED_EDGE('',*,*,#10526,.T.);
#10528=VECTOR('',#3781,1.);
#10529=LINE('',#10308,#10528);
#10530=EDGE_CURVE('',#10309,#10311,#10529,.T.);
#10531=ORIENTED_EDGE('',*,*,#10530,.T.);
#10532=VECTOR('',#3776,1.);
#10533=LINE('',#10310,#10532);
#10534=EDGE_CURVE('',#10311,#10313,#10533,.T.);
#10535=ORIENTED_EDGE('',*,*,#10534,.T.);
#10536=VECTOR('',#3771,1.);
#10537=LINE('',#10312,#10536);
#10538=EDGE_CURVE('',#10313,#10315,#10537,.T.);
#10539=ORIENTED_EDGE('',*,*,#10538,.T.);
#10540=VECTOR('',#3766,1.);
#10541=LINE('',#10314,#10540);
#10542=EDGE_CURVE('',#10315,#10317,#10541,.T.);
#10543=ORIENTED_EDGE('',*,*,#10542,.T.);
#10544=VECTOR('',#1799,1.);
#10545=LINE('',#10316,#10544);
#10546=EDGE_CURVE('',#10317,#10319,#10545,.T.);
#10547=ORIENTED_EDGE('',*,*,#10546,.T.);
#10548=VECTOR('',#3757,1.);
#10549=LINE('',#10318,#10548);
#10550=EDGE_CURVE('',#10319,#10321,#10549,.T.);
#10551=ORIENTED_EDGE('',*,*,#10550,.T.);
#10552=VECTOR('',#3752,1.);
#10553=LINE('',#10320,#10552);
#10554=EDGE_CURVE('',#10321,#10323,#10553,.T.);
#10555=ORIENTED_EDGE('',*,*,#10554,.T.);
#10556=VECTOR('',#3747,1.);
#10557=LINE('',#10322,#10556);
#10558=EDGE_CURVE('',#10323,#10325,#10557,.T.);
#10559=ORIENTED_EDGE('',*,*,#10558,.T.);
#10560=VECTOR('',#3742,1.);
#10561=LINE('',#10324,#10560);
#10562=EDGE_CURVE('',#10325,#10327,#10561,.T.);
#10563=ORIENTED_EDGE('',*,*,#10562,.T.);
#10564=VECTOR('',#3737,1.);
#10565=LINE('',#10326,#10564);
#10566=EDGE_CURVE('',#10327,#10329,#10565,.T.);
#10567=ORIENTED_EDGE('',*,*,#10566,.T.);
#10568=VECTOR('',#3732,1.);
#10569=LINE('',#10328,#10568);
#10570=EDGE_CURVE('',#10329,#10331,#10569,.T.);
#10571=ORIENTED_EDGE('',*,*,#10570,.T.);
#10572=VECTOR('',#3727,1.);
#10573=LINE('',#10330,#10572);
#10574=EDGE_CURVE('',#10331,#10333,#10573,.T.);
#10575=ORIENTED_EDGE('',*,*,#10574,.T.);
#10576=VECTOR('',#3722,1.);
#10577=LINE('',#10332,#10576);
#10578=EDGE_CURVE('',#10333,#10335,#10577,.T.);
#10579=ORIENTED_EDGE('',*,*,#10578,.T.);
#10580=VECTOR('',#1844,1.);
#10581=LINE('',#10334,#10580);
#10582=EDGE_CURVE('',#10335,#10337,#10581,.T.);
#10583=ORIENTED_EDGE('',*,*,#10582,.T.);
#10584=VECTOR('',#3713,1.);
#10585=LINE('',#10336,#10584);
#10586=EDGE_CURVE('',#10337,#10339,#10585,.T.);
#10587=ORIENTED_EDGE('',*,*,#10586,.T.);
#10588=VECTOR('',#3708,1.);
#10589=LINE('',#10338,#10588);
#10590=EDGE_CURVE('',#10339,#10341,#10589,.T.);
#10591=ORIENTED_EDGE('',*,*,#10590,.T.);
#10592=VECTOR('',#3703,1.);
#10593=LINE('',#10340,#10592);
#10594=EDGE_CURVE('',#10341,#10343,#10593,.T.);
#10595=ORIENTED_EDGE('',*,*,#10594,.T.);
#10596=VECTOR('',#3854,1.);
#10597=LINE('',#10216,#10596);
#10598=EDGE_CURVE('',#10217,#10343,#10597,.T.);
#10599=ORIENTED_EDGE('',*,*,#10598,.F.);
#10600=EDGE_LOOP('',(#10347,#10351,#10355,#10359,#10363,#10367,#10371,#10375,#10379,#10383,#10387,#10391,#10395,#10399,#10403,#10407,#10411,#10415,#10419,#10423,#10427,#10431,#10435,#10439,#10443,#10447,#10451,#10455,#10459,#10463,#10467,#10471,#10475,#10479,#10483,#10487,#10491,#10495,#10499,#10503,#10507,#10511,#10515,#10519,#10523,#10527,#10531,#10535,#10539,#10543,#10547,#10551,#10555,#10559,#10563,#10567,#10571,#10575,#10579,#10583,#10587,#10591,#10595,#10599));
#10601=FACE_OUTER_BOUND('',#10600,.T.);
#10602=AXIS2_PLACEMENT_3D('',#10216,#711,#712);
#10603=PLANE('',#10602);
#10604=ADVANCED_FACE('',(#10601),#10603,.T.);
#10605=ORIENTED_EDGE('',*,*,#10594,.F.);
#10606=VECTOR('',#367,1.);
#10607=LINE('',#10340,#10606);
#10608=EDGE_CURVE('',#10341,#9830,#10607,.T.);
#10609=ORIENTED_EDGE('',*,*,#10608,.T.);
#10610=ORIENTED_EDGE('',*,*,#9957,.T.);
#10611=VECTOR('',#367,1.);
#10612=LINE('',#10342,#10611);
#10613=EDGE_CURVE('',#10343,#9828,#10612,.T.);
#10614=ORIENTED_EDGE('',*,*,#10613,.F.);
#10615=EDGE_LOOP('',(#10605,#10609,#10610,#10614));
#10616=FACE_OUTER_BOUND('',#10615,.T.);
#10617=AXIS2_PLACEMENT_3D('',#10342,#2958,#3159);
#10618=PLANE('',#10617);
#10619=ADVANCED_FACE('',(#10616),#10618,.T.);
#10620=ORIENTED_EDGE('',*,*,#10590,.F.);
#10621=VECTOR('',#367,1.);
#10622=LINE('',#10338,#10621);
#10623=EDGE_CURVE('',#10339,#9832,#10622,.T.);
#10624=ORIENTED_EDGE('',*,*,#10623,.T.);
#10625=ORIENTED_EDGE('',*,*,#9961,.T.);
#10626=ORIENTED_EDGE('',*,*,#10608,.F.);
#10627=EDGE_LOOP('',(#10620,#10624,#10625,#10626));
#10628=FACE_OUTER_BOUND('',#10627,.T.);
#10629=AXIS2_PLACEMENT_3D('',#10340,#1774,#1854);
#10630=PLANE('',#10629);
#10631=ADVANCED_FACE('',(#10628),#10630,.T.);
#10632=ORIENTED_EDGE('',*,*,#10586,.F.);
#10633=VECTOR('',#367,1.);
#10634=LINE('',#10336,#10633);
#10635=EDGE_CURVE('',#10337,#9834,#10634,.T.);
#10636=ORIENTED_EDGE('',*,*,#10635,.T.);
#10637=ORIENTED_EDGE('',*,*,#9965,.T.);
#10638=ORIENTED_EDGE('',*,*,#10623,.F.);
#10639=EDGE_LOOP('',(#10632,#10636,#10637,#10638));
#10640=FACE_OUTER_BOUND('',#10639,.T.);
#10641=AXIS2_PLACEMENT_3D('',#10338,#1769,#1849);
#10642=PLANE('',#10641);
#10643=ADVANCED_FACE('',(#10640),#10642,.T.);
#10644=ORIENTED_EDGE('',*,*,#10582,.F.);
#10645=VECTOR('',#367,1.);
#10646=LINE('',#10334,#10645);
#10647=EDGE_CURVE('',#10335,#9836,#10646,.T.);
#10648=ORIENTED_EDGE('',*,*,#10647,.T.);
#10649=ORIENTED_EDGE('',*,*,#9969,.T.);
#10650=ORIENTED_EDGE('',*,*,#10635,.F.);
#10651=EDGE_LOOP('',(#10644,#10648,#10649,#10650));
#10652=FACE_OUTER_BOUND('',#10651,.T.);
#10653=AXIS2_PLACEMENT_3D('',#10336,#1764,#1844);
#10654=PLANE('',#10653);
#10655=ADVANCED_FACE('',(#10652),#10654,.T.);
#10656=ORIENTED_EDGE('',*,*,#10578,.F.);
#10657=VECTOR('',#367,1.);
#10658=LINE('',#10332,#10657);
#10659=EDGE_CURVE('',#10333,#9838,#10658,.T.);
#10660=ORIENTED_EDGE('',*,*,#10659,.T.);
#10661=ORIENTED_EDGE('',*,*,#9973,.T.);
#10662=ORIENTED_EDGE('',*,*,#10647,.F.);
#10663=EDGE_LOOP('',(#10656,#10660,#10661,#10662));
#10664=FACE_OUTER_BOUND('',#10663,.T.);
#10665=AXIS2_PLACEMENT_3D('',#10334,#2905,#3110);
#10666=PLANE('',#10665);
#10667=ADVANCED_FACE('',(#10664),#10666,.T.);
#10668=ORIENTED_EDGE('',*,*,#10574,.F.);
#10669=VECTOR('',#367,1.);
#10670=LINE('',#10330,#10669);
#10671=EDGE_CURVE('',#10331,#9840,#10670,.T.);
#10672=ORIENTED_EDGE('',*,*,#10671,.T.);
#10673=ORIENTED_EDGE('',*,*,#9977,.T.);
#10674=ORIENTED_EDGE('',*,*,#10659,.F.);
#10675=EDGE_LOOP('',(#10668,#10672,#10673,#10674));
#10676=FACE_OUTER_BOUND('',#10675,.T.);
#10677=AXIS2_PLACEMENT_3D('',#10332,#1754,#1834);
#10678=PLANE('',#10677);
#10679=ADVANCED_FACE('',(#10676),#10678,.T.);
#10680=ORIENTED_EDGE('',*,*,#10570,.F.);
#10681=VECTOR('',#367,1.);
#10682=LINE('',#10328,#10681);
#10683=EDGE_CURVE('',#10329,#9842,#10682,.T.);
#10684=ORIENTED_EDGE('',*,*,#10683,.T.);
#10685=ORIENTED_EDGE('',*,*,#9981,.T.);
#10686=ORIENTED_EDGE('',*,*,#10671,.F.);
#10687=EDGE_LOOP('',(#10680,#10684,#10685,#10686));
#10688=FACE_OUTER_BOUND('',#10687,.T.);
#10689=AXIS2_PLACEMENT_3D('',#10330,#2878,#3085);
#10690=PLANE('',#10689);
#10691=ADVANCED_FACE('',(#10688),#10690,.T.);
#10692=ORIENTED_EDGE('',*,*,#10566,.F.);
#10693=VECTOR('',#367,1.);
#10694=LINE('',#10326,#10693);
#10695=EDGE_CURVE('',#10327,#9844,#10694,.T.);
#10696=ORIENTED_EDGE('',*,*,#10695,.T.);
#10697=ORIENTED_EDGE('',*,*,#9985,.T.);
#10698=ORIENTED_EDGE('',*,*,#10683,.F.);
#10699=EDGE_LOOP('',(#10692,#10696,#10697,#10698));
#10700=FACE_OUTER_BOUND('',#10699,.T.);
#10701=AXIS2_PLACEMENT_3D('',#10328,#2864,#3072);
#10702=PLANE('',#10701);
#10703=ADVANCED_FACE('',(#10700),#10702,.T.);
#10704=ORIENTED_EDGE('',*,*,#10562,.F.);
#10705=VECTOR('',#367,1.);
#10706=LINE('',#10324,#10705);
#10707=EDGE_CURVE('',#10325,#9846,#10706,.T.);
#10708=ORIENTED_EDGE('',*,*,#10707,.T.);
#10709=ORIENTED_EDGE('',*,*,#9989,.T.);
#10710=ORIENTED_EDGE('',*,*,#10695,.F.);
#10711=EDGE_LOOP('',(#10704,#10708,#10709,#10710));
#10712=FACE_OUTER_BOUND('',#10711,.T.);
#10713=AXIS2_PLACEMENT_3D('',#10326,#2850,#3059);
#10714=PLANE('',#10713);
#10715=ADVANCED_FACE('',(#10712),#10714,.T.);
#10716=ORIENTED_EDGE('',*,*,#10558,.F.);
#10717=VECTOR('',#367,1.);
#10718=LINE('',#10322,#10717);
#10719=EDGE_CURVE('',#10323,#9848,#10718,.T.);
#10720=ORIENTED_EDGE('',*,*,#10719,.T.);
#10721=ORIENTED_EDGE('',*,*,#9993,.T.);
#10722=ORIENTED_EDGE('',*,*,#10707,.F.);
#10723=EDGE_LOOP('',(#10716,#10720,#10721,#10722));
#10724=FACE_OUTER_BOUND('',#10723,.T.);
#10725=AXIS2_PLACEMENT_3D('',#10324,#2836,#3046);
#10726=PLANE('',#10725);
#10727=ADVANCED_FACE('',(#10724),#10726,.T.);
#10728=ORIENTED_EDGE('',*,*,#10554,.F.);
#10729=VECTOR('',#367,1.);
#10730=LINE('',#10320,#10729);
#10731=EDGE_CURVE('',#10321,#9850,#10730,.T.);
#10732=ORIENTED_EDGE('',*,*,#10731,.T.);
#10733=ORIENTED_EDGE('',*,*,#9997,.T.);
#10734=ORIENTED_EDGE('',*,*,#10719,.F.);
#10735=EDGE_LOOP('',(#10728,#10732,#10733,#10734));
#10736=FACE_OUTER_BOUND('',#10735,.T.);
#10737=AXIS2_PLACEMENT_3D('',#10322,#1729,#1809);
#10738=PLANE('',#10737);
#10739=ADVANCED_FACE('',(#10736),#10738,.T.);
#10740=ORIENTED_EDGE('',*,*,#10550,.F.);
#10741=VECTOR('',#367,1.);
#10742=LINE('',#10318,#10741);
#10743=EDGE_CURVE('',#10319,#9852,#10742,.T.);
#10744=ORIENTED_EDGE('',*,*,#10743,.T.);
#10745=ORIENTED_EDGE('',*,*,#10001,.T.);
#10746=ORIENTED_EDGE('',*,*,#10731,.F.);
#10747=EDGE_LOOP('',(#10740,#10744,#10745,#10746));
#10748=FACE_OUTER_BOUND('',#10747,.T.);
#10749=AXIS2_PLACEMENT_3D('',#10320,#2809,#3021);
#10750=PLANE('',#10749);
#10751=ADVANCED_FACE('',(#10748),#10750,.T.);
#10752=ORIENTED_EDGE('',*,*,#10546,.F.);
#10753=VECTOR('',#367,1.);
#10754=LINE('',#10316,#10753);
#10755=EDGE_CURVE('',#10317,#9854,#10754,.T.);
#10756=ORIENTED_EDGE('',*,*,#10755,.T.);
#10757=ORIENTED_EDGE('',*,*,#10005,.T.);
#10758=ORIENTED_EDGE('',*,*,#10743,.F.);
#10759=EDGE_LOOP('',(#10752,#10756,#10757,#10758));
#10760=FACE_OUTER_BOUND('',#10759,.T.);
#10761=AXIS2_PLACEMENT_3D('',#10318,#1719,#1799);
#10762=PLANE('',#10761);
#10763=ADVANCED_FACE('',(#10760),#10762,.T.);
#10764=ORIENTED_EDGE('',*,*,#10542,.F.);
#10765=VECTOR('',#367,1.);
#10766=LINE('',#10314,#10765);
#10767=EDGE_CURVE('',#10315,#9856,#10766,.T.);
#10768=ORIENTED_EDGE('',*,*,#10767,.T.);
#10769=ORIENTED_EDGE('',*,*,#10009,.T.);
#10770=ORIENTED_EDGE('',*,*,#10755,.F.);
#10771=EDGE_LOOP('',(#10764,#10768,#10769,#10770));
#10772=FACE_OUTER_BOUND('',#10771,.T.);
#10773=AXIS2_PLACEMENT_3D('',#10316,#1714,#1794);
#10774=PLANE('',#10773);
#10775=ADVANCED_FACE('',(#10772),#10774,.T.);
#10776=ORIENTED_EDGE('',*,*,#10538,.F.);
#10777=VECTOR('',#367,1.);
#10778=LINE('',#10312,#10777);
#10779=EDGE_CURVE('',#10313,#9858,#10778,.T.);
#10780=ORIENTED_EDGE('',*,*,#10779,.T.);
#10781=ORIENTED_EDGE('',*,*,#10013,.T.);
#10782=ORIENTED_EDGE('',*,*,#10767,.F.);
#10783=EDGE_LOOP('',(#10776,#10780,#10781,#10782));
#10784=FACE_OUTER_BOUND('',#10783,.T.);
#10785=AXIS2_PLACEMENT_3D('',#10314,#1709,#1789);
#10786=PLANE('',#10785);
#10787=ADVANCED_FACE('',(#10784),#10786,.T.);
#10788=ORIENTED_EDGE('',*,*,#10534,.F.);
#10789=VECTOR('',#367,1.);
#10790=LINE('',#10310,#10789);
#10791=EDGE_CURVE('',#10311,#9860,#10790,.T.);
#10792=ORIENTED_EDGE('',*,*,#10791,.T.);
#10793=ORIENTED_EDGE('',*,*,#10017,.T.);
#10794=ORIENTED_EDGE('',*,*,#10779,.F.);
#10795=EDGE_LOOP('',(#10788,#10792,#10793,#10794));
#10796=FACE_OUTER_BOUND('',#10795,.T.);
#10797=AXIS2_PLACEMENT_3D('',#10312,#2971,#2972);
#10798=PLANE('',#10797);
#10799=ADVANCED_FACE('',(#10796),#10798,.T.);
#10800=ORIENTED_EDGE('',*,*,#10530,.F.);
#10801=VECTOR('',#367,1.);
#10802=LINE('',#10308,#10801);
#10803=EDGE_CURVE('',#10309,#9862,#10802,.T.);
#10804=ORIENTED_EDGE('',*,*,#10803,.T.);
#10805=ORIENTED_EDGE('',*,*,#10021,.T.);
#10806=ORIENTED_EDGE('',*,*,#10791,.F.);
#10807=EDGE_LOOP('',(#10800,#10804,#10805,#10806));
#10808=FACE_OUTER_BOUND('',#10807,.T.);
#10809=AXIS2_PLACEMENT_3D('',#10310,#2957,#2958);
#10810=PLANE('',#10809);
#10811=ADVANCED_FACE('',(#10808),#10810,.T.);
#10812=ORIENTED_EDGE('',*,*,#10526,.F.);
#10813=VECTOR('',#367,1.);
#10814=LINE('',#10306,#10813);
#10815=EDGE_CURVE('',#10307,#9864,#10814,.T.);
#10816=ORIENTED_EDGE('',*,*,#10815,.T.);
#10817=ORIENTED_EDGE('',*,*,#10025,.T.);
#10818=ORIENTED_EDGE('',*,*,#10803,.F.);
#10819=EDGE_LOOP('',(#10812,#10816,#10817,#10818));
#10820=FACE_OUTER_BOUND('',#10819,.T.);
#10821=AXIS2_PLACEMENT_3D('',#10308,#2944,#1774);
#10822=PLANE('',#10821);
#10823=ADVANCED_FACE('',(#10820),#10822,.T.);
#10824=ORIENTED_EDGE('',*,*,#10522,.F.);
#10825=VECTOR('',#367,1.);
#10826=LINE('',#10304,#10825);
#10827=EDGE_CURVE('',#10305,#9866,#10826,.T.);
#10828=ORIENTED_EDGE('',*,*,#10827,.T.);
#10829=ORIENTED_EDGE('',*,*,#10029,.T.);
#10830=ORIENTED_EDGE('',*,*,#10815,.F.);
#10831=EDGE_LOOP('',(#10824,#10828,#10829,#10830));
#10832=FACE_OUTER_BOUND('',#10831,.T.);
#10833=AXIS2_PLACEMENT_3D('',#10306,#2931,#1769);
#10834=PLANE('',#10833);
#10835=ADVANCED_FACE('',(#10832),#10834,.T.);
#10836=ORIENTED_EDGE('',*,*,#10518,.F.);
#10837=VECTOR('',#367,1.);
#10838=LINE('',#10302,#10837);
#10839=EDGE_CURVE('',#10303,#9868,#10838,.T.);
#10840=ORIENTED_EDGE('',*,*,#10839,.T.);
#10841=ORIENTED_EDGE('',*,*,#10033,.T.);
#10842=ORIENTED_EDGE('',*,*,#10827,.F.);
#10843=EDGE_LOOP('',(#10836,#10840,#10841,#10842));
#10844=FACE_OUTER_BOUND('',#10843,.T.);
#10845=AXIS2_PLACEMENT_3D('',#10304,#2918,#1764);
#10846=PLANE('',#10845);
#10847=ADVANCED_FACE('',(#10844),#10846,.T.);
#10848=ORIENTED_EDGE('',*,*,#10514,.F.);
#10849=VECTOR('',#367,1.);
#10850=LINE('',#10300,#10849);
#10851=EDGE_CURVE('',#10301,#9870,#10850,.T.);
#10852=ORIENTED_EDGE('',*,*,#10851,.T.);
#10853=ORIENTED_EDGE('',*,*,#10037,.T.);
#10854=ORIENTED_EDGE('',*,*,#10839,.F.);
#10855=EDGE_LOOP('',(#10848,#10852,#10853,#10854));
#10856=FACE_OUTER_BOUND('',#10855,.T.);
#10857=AXIS2_PLACEMENT_3D('',#10302,#2904,#2905);
#10858=PLANE('',#10857);
#10859=ADVANCED_FACE('',(#10856),#10858,.T.);
#10860=ORIENTED_EDGE('',*,*,#10510,.F.);
#10861=VECTOR('',#367,1.);
#10862=LINE('',#10298,#10861);
#10863=EDGE_CURVE('',#10299,#9872,#10862,.T.);
#10864=ORIENTED_EDGE('',*,*,#10863,.T.);
#10865=ORIENTED_EDGE('',*,*,#10041,.T.);
#10866=ORIENTED_EDGE('',*,*,#10851,.F.);
#10867=EDGE_LOOP('',(#10860,#10864,#10865,#10866));
#10868=FACE_OUTER_BOUND('',#10867,.T.);
#10869=AXIS2_PLACEMENT_3D('',#10300,#2891,#1754);
#10870=PLANE('',#10869);
#10871=ADVANCED_FACE('',(#10868),#10870,.T.);
#10872=ORIENTED_EDGE('',*,*,#10506,.F.);
#10873=VECTOR('',#367,1.);
#10874=LINE('',#10296,#10873);
#10875=EDGE_CURVE('',#10297,#9874,#10874,.T.);
#10876=ORIENTED_EDGE('',*,*,#10875,.T.);
#10877=ORIENTED_EDGE('',*,*,#10045,.T.);
#10878=ORIENTED_EDGE('',*,*,#10863,.F.);
#10879=EDGE_LOOP('',(#10872,#10876,#10877,#10878));
#10880=FACE_OUTER_BOUND('',#10879,.T.);
#10881=AXIS2_PLACEMENT_3D('',#10298,#2877,#2878);
#10882=PLANE('',#10881);
#10883=ADVANCED_FACE('',(#10880),#10882,.T.);
#10884=ORIENTED_EDGE('',*,*,#10502,.F.);
#10885=VECTOR('',#367,1.);
#10886=LINE('',#10294,#10885);
#10887=EDGE_CURVE('',#10295,#9876,#10886,.T.);
#10888=ORIENTED_EDGE('',*,*,#10887,.T.);
#10889=ORIENTED_EDGE('',*,*,#10049,.T.);
#10890=ORIENTED_EDGE('',*,*,#10875,.F.);
#10891=EDGE_LOOP('',(#10884,#10888,#10889,#10890));
#10892=FACE_OUTER_BOUND('',#10891,.T.);
#10893=AXIS2_PLACEMENT_3D('',#10296,#2863,#2864);
#10894=PLANE('',#10893);
#10895=ADVANCED_FACE('',(#10892),#10894,.T.);
#10896=ORIENTED_EDGE('',*,*,#10498,.F.);
#10897=VECTOR('',#367,1.);
#10898=LINE('',#10292,#10897);
#10899=EDGE_CURVE('',#10293,#9878,#10898,.T.);
#10900=ORIENTED_EDGE('',*,*,#10899,.T.);
#10901=ORIENTED_EDGE('',*,*,#10053,.T.);
#10902=ORIENTED_EDGE('',*,*,#10887,.F.);
#10903=EDGE_LOOP('',(#10896,#10900,#10901,#10902));
#10904=FACE_OUTER_BOUND('',#10903,.T.);
#10905=AXIS2_PLACEMENT_3D('',#10294,#2849,#2850);
#10906=PLANE('',#10905);
#10907=ADVANCED_FACE('',(#10904),#10906,.T.);
#10908=ORIENTED_EDGE('',*,*,#10494,.F.);
#10909=VECTOR('',#367,1.);
#10910=LINE('',#10290,#10909);
#10911=EDGE_CURVE('',#10291,#9880,#10910,.T.);
#10912=ORIENTED_EDGE('',*,*,#10911,.T.);
#10913=ORIENTED_EDGE('',*,*,#10057,.T.);
#10914=ORIENTED_EDGE('',*,*,#10899,.F.);
#10915=EDGE_LOOP('',(#10908,#10912,#10913,#10914));
#10916=FACE_OUTER_BOUND('',#10915,.T.);
#10917=AXIS2_PLACEMENT_3D('',#10292,#2835,#2836);
#10918=PLANE('',#10917);
#10919=ADVANCED_FACE('',(#10916),#10918,.T.);
#10920=ORIENTED_EDGE('',*,*,#10490,.F.);
#10921=VECTOR('',#367,1.);
#10922=LINE('',#10288,#10921);
#10923=EDGE_CURVE('',#10289,#9882,#10922,.T.);
#10924=ORIENTED_EDGE('',*,*,#10923,.T.);
#10925=ORIENTED_EDGE('',*,*,#10061,.T.);
#10926=ORIENTED_EDGE('',*,*,#10911,.F.);
#10927=EDGE_LOOP('',(#10920,#10924,#10925,#10926));
#10928=FACE_OUTER_BOUND('',#10927,.T.);
#10929=AXIS2_PLACEMENT_3D('',#10290,#2822,#1729);
#10930=PLANE('',#10929);
#10931=ADVANCED_FACE('',(#10928),#10930,.T.);
#10932=ORIENTED_EDGE('',*,*,#10486,.F.);
#10933=VECTOR('',#367,1.);
#10934=LINE('',#10286,#10933);
#10935=EDGE_CURVE('',#10287,#9884,#10934,.T.);
#10936=ORIENTED_EDGE('',*,*,#10935,.T.);
#10937=ORIENTED_EDGE('',*,*,#10065,.T.);
#10938=ORIENTED_EDGE('',*,*,#10923,.F.);
#10939=EDGE_LOOP('',(#10932,#10936,#10937,#10938));
#10940=FACE_OUTER_BOUND('',#10939,.T.);
#10941=AXIS2_PLACEMENT_3D('',#10288,#2808,#2809);
#10942=PLANE('',#10941);
#10943=ADVANCED_FACE('',(#10940),#10942,.T.);
#10944=ORIENTED_EDGE('',*,*,#10482,.F.);
#10945=VECTOR('',#367,1.);
#10946=LINE('',#10284,#10945);
#10947=EDGE_CURVE('',#10285,#9886,#10946,.T.);
#10948=ORIENTED_EDGE('',*,*,#10947,.T.);
#10949=ORIENTED_EDGE('',*,*,#10069,.T.);
#10950=ORIENTED_EDGE('',*,*,#10935,.F.);
#10951=EDGE_LOOP('',(#10944,#10948,#10949,#10950));
#10952=FACE_OUTER_BOUND('',#10951,.T.);
#10953=AXIS2_PLACEMENT_3D('',#10286,#2795,#1719);
#10954=PLANE('',#10953);
#10955=ADVANCED_FACE('',(#10952),#10954,.T.);
#10956=ORIENTED_EDGE('',*,*,#10478,.F.);
#10957=VECTOR('',#367,1.);
#10958=LINE('',#10282,#10957);
#10959=EDGE_CURVE('',#10283,#9888,#10958,.T.);
#10960=ORIENTED_EDGE('',*,*,#10959,.T.);
#10961=ORIENTED_EDGE('',*,*,#10073,.T.);
#10962=ORIENTED_EDGE('',*,*,#10947,.F.);
#10963=EDGE_LOOP('',(#10956,#10960,#10961,#10962));
#10964=FACE_OUTER_BOUND('',#10963,.T.);
#10965=AXIS2_PLACEMENT_3D('',#10284,#2782,#1714);
#10966=PLANE('',#10965);
#10967=ADVANCED_FACE('',(#10964),#10966,.T.);
#10968=ORIENTED_EDGE('',*,*,#10474,.F.);
#10969=VECTOR('',#367,1.);
#10970=LINE('',#10280,#10969);
#10971=EDGE_CURVE('',#10281,#9890,#10970,.T.);
#10972=ORIENTED_EDGE('',*,*,#10971,.T.);
#10973=ORIENTED_EDGE('',*,*,#10077,.T.);
#10974=ORIENTED_EDGE('',*,*,#10959,.F.);
#10975=EDGE_LOOP('',(#10968,#10972,#10973,#10974));
#10976=FACE_OUTER_BOUND('',#10975,.T.);
#10977=AXIS2_PLACEMENT_3D('',#10282,#2769,#1709);
#10978=PLANE('',#10977);
#10979=ADVANCED_FACE('',(#10976),#10978,.T.);
#10980=ORIENTED_EDGE('',*,*,#10470,.F.);
#10981=VECTOR('',#367,1.);
#10982=LINE('',#10278,#10981);
#10983=EDGE_CURVE('',#10279,#9892,#10982,.T.);
#10984=ORIENTED_EDGE('',*,*,#10983,.T.);
#10985=ORIENTED_EDGE('',*,*,#10081,.T.);
#10986=ORIENTED_EDGE('',*,*,#10971,.F.);
#10987=EDGE_LOOP('',(#10980,#10984,#10985,#10986));
#10988=FACE_OUTER_BOUND('',#10987,.T.);
#10989=AXIS2_PLACEMENT_3D('',#10280,#3380,#2971);
#10990=PLANE('',#10989);
#10991=ADVANCED_FACE('',(#10988),#10990,.T.);
#10992=ORIENTED_EDGE('',*,*,#10466,.T.);
#10993=VECTOR('',#367,1.);
#10994=LINE('',#10276,#10993);
#10995=EDGE_CURVE('',#10277,#9894,#10994,.T.);
#10996=ORIENTED_EDGE('',*,*,#10995,.T.);
#10997=ORIENTED_EDGE('',*,*,#10085,.F.);
#10998=ORIENTED_EDGE('',*,*,#10983,.F.);
#10999=EDGE_LOOP('',(#10992,#10996,#10997,#10998));
#11000=FACE_OUTER_BOUND('',#10999,.T.);
#11001=AXIS2_PLACEMENT_3D('',#10278,#3367,#2957);
#11002=PLANE('',#11001);
#11003=ADVANCED_FACE('',(#11000),#11002,.T.);
#11004=ORIENTED_EDGE('',*,*,#10462,.T.);
#11005=VECTOR('',#367,1.);
#11006=LINE('',#10274,#11005);
#11007=EDGE_CURVE('',#10275,#9896,#11006,.T.);
#11008=ORIENTED_EDGE('',*,*,#11007,.T.);
#11009=ORIENTED_EDGE('',*,*,#10089,.F.);
#11010=ORIENTED_EDGE('',*,*,#10995,.F.);
#11011=EDGE_LOOP('',(#11004,#11008,#11009,#11010));
#11012=FACE_OUTER_BOUND('',#11011,.T.);
#11013=AXIS2_PLACEMENT_3D('',#10276,#3354,#2944);
#11014=PLANE('',#11013);
#11015=ADVANCED_FACE('',(#11012),#11014,.T.);
#11016=ORIENTED_EDGE('',*,*,#10458,.T.);
#11017=VECTOR('',#367,1.);
#11018=LINE('',#10272,#11017);
#11019=EDGE_CURVE('',#10273,#9898,#11018,.T.);
#11020=ORIENTED_EDGE('',*,*,#11019,.T.);
#11021=ORIENTED_EDGE('',*,*,#10093,.F.);
#11022=ORIENTED_EDGE('',*,*,#11007,.F.);
#11023=EDGE_LOOP('',(#11016,#11020,#11021,#11022));
#11024=FACE_OUTER_BOUND('',#11023,.T.);
#11025=AXIS2_PLACEMENT_3D('',#10274,#3341,#2931);
#11026=PLANE('',#11025);
#11027=ADVANCED_FACE('',(#11024),#11026,.T.);
#11028=ORIENTED_EDGE('',*,*,#10454,.T.);
#11029=VECTOR('',#367,1.);
#11030=LINE('',#10270,#11029);
#11031=EDGE_CURVE('',#10271,#9900,#11030,.T.);
#11032=ORIENTED_EDGE('',*,*,#11031,.T.);
#11033=ORIENTED_EDGE('',*,*,#10097,.F.);
#11034=ORIENTED_EDGE('',*,*,#11019,.F.);
#11035=EDGE_LOOP('',(#11028,#11032,#11033,#11034));
#11036=FACE_OUTER_BOUND('',#11035,.T.);
#11037=AXIS2_PLACEMENT_3D('',#10272,#3328,#2918);
#11038=PLANE('',#11037);
#11039=ADVANCED_FACE('',(#11036),#11038,.T.);
#11040=ORIENTED_EDGE('',*,*,#10450,.T.);
#11041=VECTOR('',#367,1.);
#11042=LINE('',#10268,#11041);
#11043=EDGE_CURVE('',#10269,#9902,#11042,.T.);
#11044=ORIENTED_EDGE('',*,*,#11043,.T.);
#11045=ORIENTED_EDGE('',*,*,#10101,.F.);
#11046=ORIENTED_EDGE('',*,*,#11031,.F.);
#11047=EDGE_LOOP('',(#11040,#11044,#11045,#11046));
#11048=FACE_OUTER_BOUND('',#11047,.T.);
#11049=AXIS2_PLACEMENT_3D('',#10270,#3315,#2904);
#11050=PLANE('',#11049);
#11051=ADVANCED_FACE('',(#11048),#11050,.T.);
#11052=ORIENTED_EDGE('',*,*,#10446,.T.);
#11053=VECTOR('',#367,1.);
#11054=LINE('',#10266,#11053);
#11055=EDGE_CURVE('',#10267,#9904,#11054,.T.);
#11056=ORIENTED_EDGE('',*,*,#11055,.T.);
#11057=ORIENTED_EDGE('',*,*,#10105,.F.);
#11058=ORIENTED_EDGE('',*,*,#11043,.F.);
#11059=EDGE_LOOP('',(#11052,#11056,#11057,#11058));
#11060=FACE_OUTER_BOUND('',#11059,.T.);
#11061=AXIS2_PLACEMENT_3D('',#10268,#3302,#2891);
#11062=PLANE('',#11061);
#11063=ADVANCED_FACE('',(#11060),#11062,.T.);
#11064=ORIENTED_EDGE('',*,*,#10442,.T.);
#11065=VECTOR('',#367,1.);
#11066=LINE('',#10264,#11065);
#11067=EDGE_CURVE('',#10265,#9906,#11066,.T.);
#11068=ORIENTED_EDGE('',*,*,#11067,.T.);
#11069=ORIENTED_EDGE('',*,*,#10109,.F.);
#11070=ORIENTED_EDGE('',*,*,#11055,.F.);
#11071=EDGE_LOOP('',(#11064,#11068,#11069,#11070));
#11072=FACE_OUTER_BOUND('',#11071,.T.);
#11073=AXIS2_PLACEMENT_3D('',#10266,#3289,#2877);
#11074=PLANE('',#11073);
#11075=ADVANCED_FACE('',(#11072),#11074,.T.);
#11076=ORIENTED_EDGE('',*,*,#10438,.T.);
#11077=VECTOR('',#367,1.);
#11078=LINE('',#10262,#11077);
#11079=EDGE_CURVE('',#10263,#9908,#11078,.T.);
#11080=ORIENTED_EDGE('',*,*,#11079,.T.);
#11081=ORIENTED_EDGE('',*,*,#10113,.F.);
#11082=ORIENTED_EDGE('',*,*,#11067,.F.);
#11083=EDGE_LOOP('',(#11076,#11080,#11081,#11082));
#11084=FACE_OUTER_BOUND('',#11083,.T.);
#11085=AXIS2_PLACEMENT_3D('',#10264,#3276,#2863);
#11086=PLANE('',#11085);
#11087=ADVANCED_FACE('',(#11084),#11086,.T.);
#11088=ORIENTED_EDGE('',*,*,#10434,.T.);
#11089=VECTOR('',#367,1.);
#11090=LINE('',#10260,#11089);
#11091=EDGE_CURVE('',#10261,#9910,#11090,.T.);
#11092=ORIENTED_EDGE('',*,*,#11091,.T.);
#11093=ORIENTED_EDGE('',*,*,#10117,.F.);
#11094=ORIENTED_EDGE('',*,*,#11079,.F.);
#11095=EDGE_LOOP('',(#11088,#11092,#11093,#11094));
#11096=FACE_OUTER_BOUND('',#11095,.T.);
#11097=AXIS2_PLACEMENT_3D('',#10262,#3263,#2849);
#11098=PLANE('',#11097);
#11099=ADVANCED_FACE('',(#11096),#11098,.T.);
#11100=ORIENTED_EDGE('',*,*,#10430,.T.);
#11101=VECTOR('',#367,1.);
#11102=LINE('',#10258,#11101);
#11103=EDGE_CURVE('',#10259,#9912,#11102,.T.);
#11104=ORIENTED_EDGE('',*,*,#11103,.T.);
#11105=ORIENTED_EDGE('',*,*,#10121,.F.);
#11106=ORIENTED_EDGE('',*,*,#11091,.F.);
#11107=EDGE_LOOP('',(#11100,#11104,#11105,#11106));
#11108=FACE_OUTER_BOUND('',#11107,.T.);
#11109=AXIS2_PLACEMENT_3D('',#10260,#3250,#2835);
#11110=PLANE('',#11109);
#11111=ADVANCED_FACE('',(#11108),#11110,.T.);
#11112=ORIENTED_EDGE('',*,*,#10426,.T.);
#11113=VECTOR('',#367,1.);
#11114=LINE('',#10256,#11113);
#11115=EDGE_CURVE('',#10257,#9914,#11114,.T.);
#11116=ORIENTED_EDGE('',*,*,#11115,.T.);
#11117=ORIENTED_EDGE('',*,*,#10125,.F.);
#11118=ORIENTED_EDGE('',*,*,#11103,.F.);
#11119=EDGE_LOOP('',(#11112,#11116,#11117,#11118));
#11120=FACE_OUTER_BOUND('',#11119,.T.);
#11121=AXIS2_PLACEMENT_3D('',#10258,#3237,#2822);
#11122=PLANE('',#11121);
#11123=ADVANCED_FACE('',(#11120),#11122,.T.);
#11124=ORIENTED_EDGE('',*,*,#10422,.T.);
#11125=VECTOR('',#367,1.);
#11126=LINE('',#10254,#11125);
#11127=EDGE_CURVE('',#10255,#9916,#11126,.T.);
#11128=ORIENTED_EDGE('',*,*,#11127,.T.);
#11129=ORIENTED_EDGE('',*,*,#10129,.F.);
#11130=ORIENTED_EDGE('',*,*,#11115,.F.);
#11131=EDGE_LOOP('',(#11124,#11128,#11129,#11130));
#11132=FACE_OUTER_BOUND('',#11131,.T.);
#11133=AXIS2_PLACEMENT_3D('',#10256,#3224,#2808);
#11134=PLANE('',#11133);
#11135=ADVANCED_FACE('',(#11132),#11134,.T.);
#11136=ORIENTED_EDGE('',*,*,#10418,.T.);
#11137=VECTOR('',#367,1.);
#11138=LINE('',#10252,#11137);
#11139=EDGE_CURVE('',#10253,#9918,#11138,.T.);
#11140=ORIENTED_EDGE('',*,*,#11139,.T.);
#11141=ORIENTED_EDGE('',*,*,#10133,.F.);
#11142=ORIENTED_EDGE('',*,*,#11127,.F.);
#11143=EDGE_LOOP('',(#11136,#11140,#11141,#11142));
#11144=FACE_OUTER_BOUND('',#11143,.T.);
#11145=AXIS2_PLACEMENT_3D('',#10254,#3211,#2795);
#11146=PLANE('',#11145);
#11147=ADVANCED_FACE('',(#11144),#11146,.T.);
#11148=ORIENTED_EDGE('',*,*,#10414,.T.);
#11149=VECTOR('',#367,1.);
#11150=LINE('',#10250,#11149);
#11151=EDGE_CURVE('',#10251,#9920,#11150,.T.);
#11152=ORIENTED_EDGE('',*,*,#11151,.T.);
#11153=ORIENTED_EDGE('',*,*,#10137,.F.);
#11154=ORIENTED_EDGE('',*,*,#11139,.F.);
#11155=EDGE_LOOP('',(#11148,#11152,#11153,#11154));
#11156=FACE_OUTER_BOUND('',#11155,.T.);
#11157=AXIS2_PLACEMENT_3D('',#10252,#3198,#2782);
#11158=PLANE('',#11157);
#11159=ADVANCED_FACE('',(#11156),#11158,.T.);
#11160=ORIENTED_EDGE('',*,*,#10410,.T.);
#11161=VECTOR('',#367,1.);
#11162=LINE('',#10248,#11161);
#11163=EDGE_CURVE('',#10249,#9922,#11162,.T.);
#11164=ORIENTED_EDGE('',*,*,#11163,.T.);
#11165=ORIENTED_EDGE('',*,*,#10141,.F.);
#11166=ORIENTED_EDGE('',*,*,#11151,.F.);
#11167=EDGE_LOOP('',(#11160,#11164,#11165,#11166));
#11168=FACE_OUTER_BOUND('',#11167,.T.);
#11169=AXIS2_PLACEMENT_3D('',#10250,#3185,#2769);
#11170=PLANE('',#11169);
#11171=ADVANCED_FACE('',(#11168),#11170,.T.);
#11172=ORIENTED_EDGE('',*,*,#10406,.T.);
#11173=VECTOR('',#367,1.);
#11174=LINE('',#10246,#11173);
#11175=EDGE_CURVE('',#10247,#9924,#11174,.T.);
#11176=ORIENTED_EDGE('',*,*,#11175,.T.);
#11177=ORIENTED_EDGE('',*,*,#10145,.F.);
#11178=ORIENTED_EDGE('',*,*,#11163,.F.);
#11179=EDGE_LOOP('',(#11172,#11176,#11177,#11178));
#11180=FACE_OUTER_BOUND('',#11179,.T.);
#11181=AXIS2_PLACEMENT_3D('',#10248,#3172,#3380);
#11182=PLANE('',#11181);
#11183=ADVANCED_FACE('',(#11180),#11182,.T.);
#11184=ORIENTED_EDGE('',*,*,#10402,.T.);
#11185=VECTOR('',#367,1.);
#11186=LINE('',#10244,#11185);
#11187=EDGE_CURVE('',#10245,#9926,#11186,.T.);
#11188=ORIENTED_EDGE('',*,*,#11187,.T.);
#11189=ORIENTED_EDGE('',*,*,#10149,.F.);
#11190=ORIENTED_EDGE('',*,*,#11175,.F.);
#11191=EDGE_LOOP('',(#11184,#11188,#11189,#11190));
#11192=FACE_OUTER_BOUND('',#11191,.T.);
#11193=AXIS2_PLACEMENT_3D('',#10246,#3159,#3367);
#11194=PLANE('',#11193);
#11195=ADVANCED_FACE('',(#11192),#11194,.T.);
#11196=ORIENTED_EDGE('',*,*,#10398,.T.);
#11197=VECTOR('',#367,1.);
#11198=LINE('',#10242,#11197);
#11199=EDGE_CURVE('',#10243,#9928,#11198,.T.);
#11200=ORIENTED_EDGE('',*,*,#11199,.T.);
#11201=ORIENTED_EDGE('',*,*,#10153,.F.);
#11202=ORIENTED_EDGE('',*,*,#11187,.F.);
#11203=EDGE_LOOP('',(#11196,#11200,#11201,#11202));
#11204=FACE_OUTER_BOUND('',#11203,.T.);
#11205=AXIS2_PLACEMENT_3D('',#10244,#1854,#3354);
#11206=PLANE('',#11205);
#11207=ADVANCED_FACE('',(#11204),#11206,.T.);
#11208=ORIENTED_EDGE('',*,*,#10394,.T.);
#11209=VECTOR('',#367,1.);
#11210=LINE('',#10240,#11209);
#11211=EDGE_CURVE('',#10241,#9930,#11210,.T.);
#11212=ORIENTED_EDGE('',*,*,#11211,.T.);
#11213=ORIENTED_EDGE('',*,*,#10157,.F.);
#11214=ORIENTED_EDGE('',*,*,#11199,.F.);
#11215=EDGE_LOOP('',(#11208,#11212,#11213,#11214));
#11216=FACE_OUTER_BOUND('',#11215,.T.);
#11217=AXIS2_PLACEMENT_3D('',#10242,#1849,#3341);
#11218=PLANE('',#11217);
#11219=ADVANCED_FACE('',(#11216),#11218,.T.);
#11220=ORIENTED_EDGE('',*,*,#10390,.T.);
#11221=VECTOR('',#367,1.);
#11222=LINE('',#10238,#11221);
#11223=EDGE_CURVE('',#10239,#9932,#11222,.T.);
#11224=ORIENTED_EDGE('',*,*,#11223,.T.);
#11225=ORIENTED_EDGE('',*,*,#10161,.F.);
#11226=ORIENTED_EDGE('',*,*,#11211,.F.);
#11227=EDGE_LOOP('',(#11220,#11224,#11225,#11226));
#11228=FACE_OUTER_BOUND('',#11227,.T.);
#11229=AXIS2_PLACEMENT_3D('',#10240,#1844,#3328);
#11230=PLANE('',#11229);
#11231=ADVANCED_FACE('',(#11228),#11230,.T.);
#11232=ORIENTED_EDGE('',*,*,#10386,.T.);
#11233=VECTOR('',#367,1.);
#11234=LINE('',#10236,#11233);
#11235=EDGE_CURVE('',#10237,#9934,#11234,.T.);
#11236=ORIENTED_EDGE('',*,*,#11235,.T.);
#11237=ORIENTED_EDGE('',*,*,#10165,.F.);
#11238=ORIENTED_EDGE('',*,*,#11223,.F.);
#11239=EDGE_LOOP('',(#11232,#11236,#11237,#11238));
#11240=FACE_OUTER_BOUND('',#11239,.T.);
#11241=AXIS2_PLACEMENT_3D('',#10238,#3110,#3315);
#11242=PLANE('',#11241);
#11243=ADVANCED_FACE('',(#11240),#11242,.T.);
#11244=ORIENTED_EDGE('',*,*,#10382,.T.);
#11245=VECTOR('',#367,1.);
#11246=LINE('',#10234,#11245);
#11247=EDGE_CURVE('',#10235,#9936,#11246,.T.);
#11248=ORIENTED_EDGE('',*,*,#11247,.T.);
#11249=ORIENTED_EDGE('',*,*,#10169,.F.);
#11250=ORIENTED_EDGE('',*,*,#11235,.F.);
#11251=EDGE_LOOP('',(#11244,#11248,#11249,#11250));
#11252=FACE_OUTER_BOUND('',#11251,.T.);
#11253=AXIS2_PLACEMENT_3D('',#10236,#1834,#3302);
#11254=PLANE('',#11253);
#11255=ADVANCED_FACE('',(#11252),#11254,.T.);
#11256=ORIENTED_EDGE('',*,*,#10378,.T.);
#11257=VECTOR('',#367,1.);
#11258=LINE('',#10232,#11257);
#11259=EDGE_CURVE('',#10233,#9938,#11258,.T.);
#11260=ORIENTED_EDGE('',*,*,#11259,.T.);
#11261=ORIENTED_EDGE('',*,*,#10173,.F.);
#11262=ORIENTED_EDGE('',*,*,#11247,.F.);
#11263=EDGE_LOOP('',(#11256,#11260,#11261,#11262));
#11264=FACE_OUTER_BOUND('',#11263,.T.);
#11265=AXIS2_PLACEMENT_3D('',#10234,#3085,#3289);
#11266=PLANE('',#11265);
#11267=ADVANCED_FACE('',(#11264),#11266,.T.);
#11268=ORIENTED_EDGE('',*,*,#10374,.T.);
#11269=VECTOR('',#367,1.);
#11270=LINE('',#10230,#11269);
#11271=EDGE_CURVE('',#10231,#9940,#11270,.T.);
#11272=ORIENTED_EDGE('',*,*,#11271,.T.);
#11273=ORIENTED_EDGE('',*,*,#10177,.F.);
#11274=ORIENTED_EDGE('',*,*,#11259,.F.);
#11275=EDGE_LOOP('',(#11268,#11272,#11273,#11274));
#11276=FACE_OUTER_BOUND('',#11275,.T.);
#11277=AXIS2_PLACEMENT_3D('',#10232,#3072,#3276);
#11278=PLANE('',#11277);
#11279=ADVANCED_FACE('',(#11276),#11278,.T.);
#11280=ORIENTED_EDGE('',*,*,#10370,.T.);
#11281=VECTOR('',#367,1.);
#11282=LINE('',#10228,#11281);
#11283=EDGE_CURVE('',#10229,#9942,#11282,.T.);
#11284=ORIENTED_EDGE('',*,*,#11283,.T.);
#11285=ORIENTED_EDGE('',*,*,#10181,.F.);
#11286=ORIENTED_EDGE('',*,*,#11271,.F.);
#11287=EDGE_LOOP('',(#11280,#11284,#11285,#11286));
#11288=FACE_OUTER_BOUND('',#11287,.T.);
#11289=AXIS2_PLACEMENT_3D('',#10230,#3059,#3263);
#11290=PLANE('',#11289);
#11291=ADVANCED_FACE('',(#11288),#11290,.T.);
#11292=ORIENTED_EDGE('',*,*,#10366,.T.);
#11293=VECTOR('',#367,1.);
#11294=LINE('',#10226,#11293);
#11295=EDGE_CURVE('',#10227,#9944,#11294,.T.);
#11296=ORIENTED_EDGE('',*,*,#11295,.T.);
#11297=ORIENTED_EDGE('',*,*,#10185,.F.);
#11298=ORIENTED_EDGE('',*,*,#11283,.F.);
#11299=EDGE_LOOP('',(#11292,#11296,#11297,#11298));
#11300=FACE_OUTER_BOUND('',#11299,.T.);
#11301=AXIS2_PLACEMENT_3D('',#10228,#3046,#3250);
#11302=PLANE('',#11301);
#11303=ADVANCED_FACE('',(#11300),#11302,.T.);
#11304=ORIENTED_EDGE('',*,*,#10362,.T.);
#11305=VECTOR('',#367,1.);
#11306=LINE('',#10224,#11305);
#11307=EDGE_CURVE('',#10225,#9946,#11306,.T.);
#11308=ORIENTED_EDGE('',*,*,#11307,.T.);
#11309=ORIENTED_EDGE('',*,*,#10189,.F.);
#11310=ORIENTED_EDGE('',*,*,#11295,.F.);
#11311=EDGE_LOOP('',(#11304,#11308,#11309,#11310));
#11312=FACE_OUTER_BOUND('',#11311,.T.);
#11313=AXIS2_PLACEMENT_3D('',#10226,#1809,#3237);
#11314=PLANE('',#11313);
#11315=ADVANCED_FACE('',(#11312),#11314,.T.);
#11316=ORIENTED_EDGE('',*,*,#10358,.T.);
#11317=VECTOR('',#367,1.);
#11318=LINE('',#10222,#11317);
#11319=EDGE_CURVE('',#10223,#9948,#11318,.T.);
#11320=ORIENTED_EDGE('',*,*,#11319,.T.);
#11321=ORIENTED_EDGE('',*,*,#10193,.F.);
#11322=ORIENTED_EDGE('',*,*,#11307,.F.);
#11323=EDGE_LOOP('',(#11316,#11320,#11321,#11322));
#11324=FACE_OUTER_BOUND('',#11323,.T.);
#11325=AXIS2_PLACEMENT_3D('',#10224,#3021,#3224);
#11326=PLANE('',#11325);
#11327=ADVANCED_FACE('',(#11324),#11326,.T.);
#11328=ORIENTED_EDGE('',*,*,#10354,.T.);
#11329=VECTOR('',#367,1.);
#11330=LINE('',#10220,#11329);
#11331=EDGE_CURVE('',#10221,#9950,#11330,.T.);
#11332=ORIENTED_EDGE('',*,*,#11331,.T.);
#11333=ORIENTED_EDGE('',*,*,#10197,.F.);
#11334=ORIENTED_EDGE('',*,*,#11319,.F.);
#11335=EDGE_LOOP('',(#11328,#11332,#11333,#11334));
#11336=FACE_OUTER_BOUND('',#11335,.T.);
#11337=AXIS2_PLACEMENT_3D('',#10222,#1799,#3211);
#11338=PLANE('',#11337);
#11339=ADVANCED_FACE('',(#11336),#11338,.T.);
#11340=ORIENTED_EDGE('',*,*,#10350,.T.);
#11341=VECTOR('',#367,1.);
#11342=LINE('',#10218,#11341);
#11343=EDGE_CURVE('',#10219,#9952,#11342,.T.);
#11344=ORIENTED_EDGE('',*,*,#11343,.T.);
#11345=ORIENTED_EDGE('',*,*,#10201,.F.);
#11346=ORIENTED_EDGE('',*,*,#11331,.F.);
#11347=EDGE_LOOP('',(#11340,#11344,#11345,#11346));
#11348=FACE_OUTER_BOUND('',#11347,.T.);
#11349=AXIS2_PLACEMENT_3D('',#10220,#1794,#3198);
#11350=PLANE('',#11349);
#11351=ADVANCED_FACE('',(#11348),#11350,.T.);
#11352=ORIENTED_EDGE('',*,*,#10346,.T.);
#11353=VECTOR('',#367,1.);
#11354=LINE('',#10216,#11353);
#11355=EDGE_CURVE('',#10217,#9954,#11354,.T.);
#11356=ORIENTED_EDGE('',*,*,#11355,.T.);
#11357=ORIENTED_EDGE('',*,*,#10205,.F.);
#11358=ORIENTED_EDGE('',*,*,#11343,.F.);
#11359=EDGE_LOOP('',(#11352,#11356,#11357,#11358));
#11360=FACE_OUTER_BOUND('',#11359,.T.);
#11361=AXIS2_PLACEMENT_3D('',#10218,#1789,#3185);
#11362=PLANE('',#11361);
#11363=ADVANCED_FACE('',(#11360),#11362,.T.);
#11364=ORIENTED_EDGE('',*,*,#10598,.T.);
#11365=ORIENTED_EDGE('',*,*,#10613,.T.);
#11366=ORIENTED_EDGE('',*,*,#10209,.F.);
#11367=ORIENTED_EDGE('',*,*,#11355,.F.);
#11368=EDGE_LOOP('',(#11364,#11365,#11366,#11367));
#11369=FACE_OUTER_BOUND('',#11368,.T.);
#11370=AXIS2_PLACEMENT_3D('',#10216,#2972,#3172);
#11371=PLANE('',#11370);
#11372=ADVANCED_FACE('',(#11369),#11371,.T.);
#11373=CLOSED_SHELL('',(#10215,#10604,#10619,#10631,#10643,#10655,#10667,#10679,#10691,#10703,#10715,#10727,#10739,#10751,#10763,#10775,#10787,#10799,#10811,#10823,#10835,#10847,#10859,#10871,#10883,#10895,#10907,#10919,#10931,#10943,#10955,#10967,#10979,#10991,#11003,#11015,#11027,#11039,#11051,#11063,#11075,#11087,#11099,#11111,#11123,#11135,#11147,#11159,#11171,#11183,#11195,#11207,#11219,#11231,#11243,#11255,#11267,#11279,#11291,#11303,#11315,#11327,#11339,#11351,#11363,#11372));
#11374=MANIFOLD_SOLID_BREP('boss3',#11373);
#11375=CARTESIAN_POINT('',(17.5,19.5,0.));
#11376=VERTEX_POINT('',#11375);
#11377=CARTESIAN_POINT('',(17.4951847,19.5980171,0.));
#11378=VERTEX_POINT('',#11377);
#11379=CARTESIAN_POINT('',(17.4807853,19.6950903,0.));
#11380=VERTEX_POINT('',#11379);
#11381=CARTESIAN_POINT('',(17.4569403,19.7902847,0.));
#11382=VERTEX_POINT('',#11381);
#11383=CARTESIAN_POINT('',(17.4238795,19.8826834,0.));
#11384=VERTEX_POINT('',#11383);
#11385=CARTESIAN_POINT('',(17.3819213,19.9713967,0.));
#11386=VERTEX_POINT('',#11385);
#11387=CARTESIAN_POINT('',(17.3314696,20.0555702,0.));
#11388=VERTEX_POINT('',#11387);
#11389=CARTESIAN_POINT('',(17.2730105,20.1343933,0.));
#11390=VERTEX_POINT('',#11389);
#11391=CARTESIAN_POINT('',(17.2071068,20.2071068,0.));
#11392=VERTEX_POINT('',#11391);
#11393=CARTESIAN_POINT('',(17.1343933,20.2730105,0.));
#11394=VERTEX_POINT('',#11393);
#11395=CARTESIAN_POINT('',(17.0555702,20.3314696,0.));
#11396=VERTEX_POINT('',#11395);
#11397=CARTESIAN_POINT('',(16.9713967,20.3819213,0.));
#11398=VERTEX_POINT('',#11397);
#11399=CARTESIAN_POINT('',(16.8826834,20.4238795,0.));
#11400=VERTEX_POINT('',#11399);
#11401=CARTESIAN_POINT('',(16.7902847,20.4569403,0.));
#11402=VERTEX_POINT('',#11401);
#11403=CARTESIAN_POINT('',(16.6950903,20.4807853,0.));
#11404=VERTEX_POINT('',#11403);
#11405=CARTESIAN_POINT('',(16.5980171,20.4951847,0.));
#11406=VERTEX_POINT('',#11405);
#11407=CARTESIAN_POINT('',(16.5,20.5,0.));
#11408=VERTEX_POINT('',#11407);
#11409=CARTESIAN_POINT('',(16.4019829,20.4951847,0.));
#11410=VERTEX_POINT('',#11409);
#11411=CARTESIAN_POINT('',(16.3049097,20.4807853,0.));
#11412=VERTEX_POINT('',#11411);
#11413=CARTESIAN_POINT('',(16.2097153,20.4569403,0.));
#11414=VERTEX_POINT('',#11413);
#11415=CARTESIAN_POINT('',(16.1173166,20.4238795,0.));
#11416=VERTEX_POINT('',#11415);
#11417=CARTESIAN_POINT('',(16.0286033,20.3819213,0.));
#11418=VERTEX_POINT('',#11417);
#11419=CARTESIAN_POINT('',(15.9444298,20.3314696,0.));
#11420=VERTEX_POINT('',#11419);
#11421=CARTESIAN_POINT('',(15.8656067,20.2730105,0.));
#11422=VERTEX_POINT('',#11421);
#11423=CARTESIAN_POINT('',(15.7928932,20.2071068,0.));
#11424=VERTEX_POINT('',#11423);
#11425=CARTESIAN_POINT('',(15.7269895,20.1343933,0.));
#11426=VERTEX_POINT('',#11425);
#11427=CARTESIAN_POINT('',(15.6685304,20.0555702,0.));
#11428=VERTEX_POINT('',#11427);
#11429=CARTESIAN_POINT('',(15.6180787,19.9713967,0.));
#11430=VERTEX_POINT('',#11429);
#11431=CARTESIAN_POINT('',(15.5761205,19.8826834,0.));
#11432=VERTEX_POINT('',#11431);
#11433=CARTESIAN_POINT('',(15.5430597,19.7902847,0.));
#11434=VERTEX_POINT('',#11433);
#11435=CARTESIAN_POINT('',(15.5192147,19.6950903,0.));
#11436=VERTEX_POINT('',#11435);
#11437=CARTESIAN_POINT('',(15.5048153,19.5980171,0.));
#11438=VERTEX_POINT('',#11437);
#11439=CARTESIAN_POINT('',(15.5,19.5,0.));
#11440=VERTEX_POINT('',#11439);
#11441=CARTESIAN_POINT('',(15.5048153,19.4019829,0.));
#11442=VERTEX_POINT('',#11441);
#11443=CARTESIAN_POINT('',(15.5192147,19.3049097,0.));
#11444=VERTEX_POINT('',#11443);
#11445=CARTESIAN_POINT('',(15.5430597,19.2097153,0.));
#11446=VERTEX_POINT('',#11445);
#11447=CARTESIAN_POINT('',(15.5761205,19.1173166,0.));
#11448=VERTEX_POINT('',#11447);
#11449=CARTESIAN_POINT('',(15.6180787,19.0286033,0.));
#11450=VERTEX_POINT('',#11449);
#11451=CARTESIAN_POINT('',(15.6685304,18.9444298,0.));
#11452=VERTEX_POINT('',#11451);
#11453=CARTESIAN_POINT('',(15.7269895,18.8656067,0.));
#11454=VERTEX_POINT('',#11453);
#11455=CARTESIAN_POINT('',(15.7928932,18.7928932,0.));
#11456=VERTEX_POINT('',#11455);
#11457=CARTESIAN_POINT('',(15.8656067,18.7269895,0.));
#11458=VERTEX_POINT('',#11457);
#11459=CARTESIAN_POINT('',(15.9444298,18.6685304,0.));
#11460=VERTEX_POINT('',#11459);
#11461=CARTESIAN_POINT('',(16.0286033,18.6180787,0.));
#11462=VERTEX_POINT('',#11461);
#11463=CARTESIAN_POINT('',(16.1173166,18.5761205,0.));
#11464=VERTEX_POINT('',#11463);
#11465=CARTESIAN_POINT('',(16.2097153,18.5430597,0.));
#11466=VERTEX_POINT('',#11465);
#11467=CARTESIAN_POINT('',(16.3049097,18.5192147,0.));
#11468=VERTEX_POINT('',#11467);
#11469=CARTESIAN_POINT('',(16.4019829,18.5048153,0.));
#11470=VERTEX_POINT('',#11469);
#11471=CARTESIAN_POINT('',(16.5,18.5,0.));
#11472=VERTEX_POINT('',#11471);
#11473=CARTESIAN_POINT('',(16.5980171,18.5048153,0.));
#11474=VERTEX_POINT('',#11473);
#11475=CARTESIAN_POINT('',(16.6950903,18.5192147,0.));
#11476=VERTEX_POINT('',#11475);
#11477=CARTESIAN_POINT('',(16.7902847,18.5430597,0.));
#11478=VERTEX_POINT('',#11477);
#11479=CARTESIAN_POINT('',(16.8826834,18.5761205,0.));
#11480=VERTEX_POINT('',#11479);
#11481=CARTESIAN_POINT('',(16.9713967,18.6180787,0.));
#11482=VERTEX_POINT('',#11481);
#11483=CARTESIAN_POINT('',(17.0555702,18.6685304,0.));
#11484=VERTEX_POINT('',#11483);
#11485=CARTESIAN_POINT('',(17.1343933,18.7269895,0.));
#11486=VERTEX_POINT('',#11485);
#11487=CARTESIAN_POINT('',(17.2071068,18.7928932,0.));
#11488=VERTEX_POINT('',#11487);
#11489=CARTESIAN_POINT('',(17.2730105,18.8656067,0.));
#11490=VERTEX_POINT('',#11489);
#11491=CARTESIAN_POINT('',(17.3314696,18.9444298,0.));
#11492=VERTEX_POINT('',#11491);
#11493=CARTESIAN_POINT('',(17.3819213,19.0286033,0.));
#11494=VERTEX_POINT('',#11493);
#11495=CARTESIAN_POINT('',(17.4238795,19.1173166,0.));
#11496=VERTEX_POINT('',#11495);
#11497=CARTESIAN_POINT('',(17.4569403,19.2097153,0.));
#11498=VERTEX_POINT('',#11497);
#11499=CARTESIAN_POINT('',(17.4807853,19.3049097,0.));
#11500=VERTEX_POINT('',#11499);
#11501=CARTESIAN_POINT('',(17.4951847,19.4019829,0.));
#11502=VERTEX_POINT('',#11501);
#11503=VECTOR('',#5279,1.);
#11504=LINE('',#11377,#11503);
#11505=EDGE_CURVE('',#11378,#11376,#11504,.T.);
#11506=ORIENTED_EDGE('',*,*,#11505,.F.);
#11507=VECTOR('',#5284,1.);
#11508=LINE('',#11379,#11507);
#11509=EDGE_CURVE('',#11380,#11378,#11508,.T.);
#11510=ORIENTED_EDGE('',*,*,#11509,.F.);
#11511=VECTOR('',#5289,1.);
#11512=LINE('',#11381,#11511);
#11513=EDGE_CURVE('',#11382,#11380,#11512,.T.);
#11514=ORIENTED_EDGE('',*,*,#11513,.F.);
#11515=VECTOR('',#5294,1.);
#11516=LINE('',#11383,#11515);
#11517=EDGE_CURVE('',#11384,#11382,#11516,.T.);
#11518=ORIENTED_EDGE('',*,*,#11517,.F.);
#11519=VECTOR('',#5299,1.);
#11520=LINE('',#11385,#11519);
#11521=EDGE_CURVE('',#11386,#11384,#11520,.T.);
#11522=ORIENTED_EDGE('',*,*,#11521,.F.);
#11523=VECTOR('',#5304,1.);
#11524=LINE('',#11387,#11523);
#11525=EDGE_CURVE('',#11388,#11386,#11524,.T.);
#11526=ORIENTED_EDGE('',*,*,#11525,.F.);
#11527=VECTOR('',#5309,1.);
#11528=LINE('',#11389,#11527);
#11529=EDGE_CURVE('',#11390,#11388,#11528,.T.);
#11530=ORIENTED_EDGE('',*,*,#11529,.F.);
#11531=VECTOR('',#5314,1.);
#11532=LINE('',#11391,#11531);
#11533=EDGE_CURVE('',#11392,#11390,#11532,.T.);
#11534=ORIENTED_EDGE('',*,*,#11533,.F.);
#11535=VECTOR('',#5319,1.);
#11536=LINE('',#11393,#11535);
#11537=EDGE_CURVE('',#11394,#11392,#11536,.T.);
#11538=ORIENTED_EDGE('',*,*,#11537,.F.);
#11539=VECTOR('',#5324,1.);
#11540=LINE('',#11395,#11539);
#11541=EDGE_CURVE('',#11396,#11394,#11540,.T.);
#11542=ORIENTED_EDGE('',*,*,#11541,.F.);
#11543=VECTOR('',#5329,1.);
#11544=LINE('',#11397,#11543);
#11545=EDGE_CURVE('',#11398,#11396,#11544,.T.);
#11546=ORIENTED_EDGE('',*,*,#11545,.F.);
#11547=VECTOR('',#5334,1.);
#11548=LINE('',#11399,#11547);
#11549=EDGE_CURVE('',#11400,#11398,#11548,.T.);
#11550=ORIENTED_EDGE('',*,*,#11549,.F.);
#11551=VECTOR('',#5339,1.);
#11552=LINE('',#11401,#11551);
#11553=EDGE_CURVE('',#11402,#11400,#11552,.T.);
#11554=ORIENTED_EDGE('',*,*,#11553,.F.);
#11555=VECTOR('',#5344,1.);
#11556=LINE('',#11403,#11555);
#11557=EDGE_CURVE('',#11404,#11402,#11556,.T.);
#11558=ORIENTED_EDGE('',*,*,#11557,.F.);
#11559=VECTOR('',#5349,1.);
#11560=LINE('',#11405,#11559);
#11561=EDGE_CURVE('',#11406,#11404,#11560,.T.);
#11562=ORIENTED_EDGE('',*,*,#11561,.F.);
#11563=VECTOR('',#5354,1.);
#11564=LINE('',#11407,#11563);
#11565=EDGE_CURVE('',#11408,#11406,#11564,.T.);
#11566=ORIENTED_EDGE('',*,*,#11565,.F.);
#11567=VECTOR('',#5359,1.);
#11568=LINE('',#11409,#11567);
#11569=EDGE_CURVE('',#11410,#11408,#11568,.T.);
#11570=ORIENTED_EDGE('',*,*,#11569,.F.);
#11571=VECTOR('',#5364,1.);
#11572=LINE('',#11411,#11571);
#11573=EDGE_CURVE('',#11412,#11410,#11572,.T.);
#11574=ORIENTED_EDGE('',*,*,#11573,.F.);
#11575=VECTOR('',#5369,1.);
#11576=LINE('',#11413,#11575);
#11577=EDGE_CURVE('',#11414,#11412,#11576,.T.);
#11578=ORIENTED_EDGE('',*,*,#11577,.F.);
#11579=VECTOR('',#5374,1.);
#11580=LINE('',#11415,#11579);
#11581=EDGE_CURVE('',#11416,#11414,#11580,.T.);
#11582=ORIENTED_EDGE('',*,*,#11581,.F.);
#11583=VECTOR('',#5379,1.);
#11584=LINE('',#11417,#11583);
#11585=EDGE_CURVE('',#11418,#11416,#11584,.T.);
#11586=ORIENTED_EDGE('',*,*,#11585,.F.);
#11587=VECTOR('',#5384,1.);
#11588=LINE('',#11419,#11587);
#11589=EDGE_CURVE('',#11420,#11418,#11588,.T.);
#11590=ORIENTED_EDGE('',*,*,#11589,.F.);
#11591=VECTOR('',#5389,1.);
#11592=LINE('',#11421,#11591);
#11593=EDGE_CURVE('',#11422,#11420,#11592,.T.);
#11594=ORIENTED_EDGE('',*,*,#11593,.F.);
#11595=VECTOR('',#5394,1.);
#11596=LINE('',#11423,#11595);
#11597=EDGE_CURVE('',#11424,#11422,#11596,.T.);
#11598=ORIENTED_EDGE('',*,*,#11597,.F.);
#11599=VECTOR('',#5399,1.);
#11600=LINE('',#11425,#11599);
#11601=EDGE_CURVE('',#11426,#11424,#11600,.T.);
#11602=ORIENTED_EDGE('',*,*,#11601,.F.);
#11603=VECTOR('',#5404,1.);
#11604=LINE('',#11427,#11603);
#11605=EDGE_CURVE('',#11428,#11426,#11604,.T.);
#11606=ORIENTED_EDGE('',*,*,#11605,.F.);
#11607=VECTOR('',#5409,1.);
#11608=LINE('',#11429,#11607);
#11609=EDGE_CURVE('',#11430,#11428,#11608,.T.);
#11610=ORIENTED_EDGE('',*,*,#11609,.F.);
#11611=VECTOR('',#5414,1.);
#11612=LINE('',#11431,#11611);
#11613=EDGE_CURVE('',#11432,#11430,#11612,.T.);
#11614=ORIENTED_EDGE('',*,*,#11613,.F.);
#11615=VECTOR('',#5419,1.);
#11616=LINE('',#11433,#11615);
#11617=EDGE_CURVE('',#11434,#11432,#11616,.T.);
#11618=ORIENTED_EDGE('',*,*,#11617,.F.);
#11619=VECTOR('',#5424,1.);
#11620=LINE('',#11435,#11619);
#11621=EDGE_CURVE('',#11436,#11434,#11620,.T.);
#11622=ORIENTED_EDGE('',*,*,#11621,.F.);
#11623=VECTOR('',#5429,1.);
#11624=LINE('',#11437,#11623);
#11625=EDGE_CURVE('',#11438,#11436,#11624,.T.);
#11626=ORIENTED_EDGE('',*,*,#11625,.F.);
#11627=VECTOR('',#5434,1.);
#11628=LINE('',#11439,#11627);
#11629=EDGE_CURVE('',#11440,#11438,#11628,.T.);
#11630=ORIENTED_EDGE('',*,*,#11629,.F.);
#11631=VECTOR('',#5279,1.);
#11632=LINE('',#11439,#11631);
#11633=EDGE_CURVE('',#11440,#11442,#11632,.T.);
#11634=ORIENTED_EDGE('',*,*,#11633,.T.);
#11635=VECTOR('',#5284,1.);
#11636=LINE('',#11441,#11635);
#11637=EDGE_CURVE('',#11442,#11444,#11636,.T.);
#11638=ORIENTED_EDGE('',*,*,#11637,.T.);
#11639=VECTOR('',#5289,1.);
#11640=LINE('',#11443,#11639);
#11641=EDGE_CURVE('',#11444,#11446,#11640,.T.);
#11642=ORIENTED_EDGE('',*,*,#11641,.T.);
#11643=VECTOR('',#5294,1.);
#11644=LINE('',#11445,#11643);
#11645=EDGE_CURVE('',#11446,#11448,#11644,.T.);
#11646=ORIENTED_EDGE('',*,*,#11645,.T.);
#11647=VECTOR('',#5299,1.);
#11648=LINE('',#11447,#11647);
#11649=EDGE_CURVE('',#11448,#11450,#11648,.T.);
#11650=ORIENTED_EDGE('',*,*,#11649,.T.);
#11651=VECTOR('',#5304,1.);
#11652=LINE('',#11449,#11651);
#11653=EDGE_CURVE('',#11450,#11452,#11652,.T.);
#11654=ORIENTED_EDGE('',*,*,#11653,.T.);
#11655=VECTOR('',#5309,1.);
#11656=LINE('',#11451,#11655);
#11657=EDGE_CURVE('',#11452,#11454,#11656,.T.);
#11658=ORIENTED_EDGE('',*,*,#11657,.T.);
#11659=VECTOR('',#5314,1.);
#11660=LINE('',#11453,#11659);
#11661=EDGE_CURVE('',#11454,#11456,#11660,.T.);
#11662=ORIENTED_EDGE('',*,*,#11661,.T.);
#11663=VECTOR('',#5319,1.);
#11664=LINE('',#11455,#11663);
#11665=EDGE_CURVE('',#11456,#11458,#11664,.T.);
#11666=ORIENTED_EDGE('',*,*,#11665,.T.);
#11667=VECTOR('',#5324,1.);
#11668=LINE('',#11457,#11667);
#11669=EDGE_CURVE('',#11458,#11460,#11668,.T.);
#11670=ORIENTED_EDGE('',*,*,#11669,.T.);
#11671=VECTOR('',#5329,1.);
#11672=LINE('',#11459,#11671);
#11673=EDGE_CURVE('',#11460,#11462,#11672,.T.);
#11674=ORIENTED_EDGE('',*,*,#11673,.T.);
#11675=VECTOR('',#5334,1.);
#11676=LINE('',#11461,#11675);
#11677=EDGE_CURVE('',#11462,#11464,#11676,.T.);
#11678=ORIENTED_EDGE('',*,*,#11677,.T.);
#11679=VECTOR('',#5339,1.);
#11680=LINE('',#11463,#11679);
#11681=EDGE_CURVE('',#11464,#11466,#11680,.T.);
#11682=ORIENTED_EDGE('',*,*,#11681,.T.);
#11683=VECTOR('',#5344,1.);
#11684=LINE('',#11465,#11683);
#11685=EDGE_CURVE('',#11466,#11468,#11684,.T.);
#11686=ORIENTED_EDGE('',*,*,#11685,.T.);
#11687=VECTOR('',#5349,1.);
#11688=LINE('',#11467,#11687);
#11689=EDGE_CURVE('',#11468,#11470,#11688,.T.);
#11690=ORIENTED_EDGE('',*,*,#11689,.T.);
#11691=VECTOR('',#5354,1.);
#11692=LINE('',#11469,#11691);
#11693=EDGE_CURVE('',#11470,#11472,#11692,.T.);
#11694=ORIENTED_EDGE('',*,*,#11693,.T.);
#11695=VECTOR('',#5359,1.);
#11696=LINE('',#11471,#11695);
#11697=EDGE_CURVE('',#11472,#11474,#11696,.T.);
#11698=ORIENTED_EDGE('',*,*,#11697,.T.);
#11699=VECTOR('',#5364,1.);
#11700=LINE('',#11473,#11699);
#11701=EDGE_CURVE('',#11474,#11476,#11700,.T.);
#11702=ORIENTED_EDGE('',*,*,#11701,.T.);
#11703=VECTOR('',#5369,1.);
#11704=LINE('',#11475,#11703);
#11705=EDGE_CURVE('',#11476,#11478,#11704,.T.);
#11706=ORIENTED_EDGE('',*,*,#11705,.T.);
#11707=VECTOR('',#5374,1.);
#11708=LINE('',#11477,#11707);
#11709=EDGE_CURVE('',#11478,#11480,#11708,.T.);
#11710=ORIENTED_EDGE('',*,*,#11709,.T.);
#11711=VECTOR('',#5379,1.);
#11712=LINE('',#11479,#11711);
#11713=EDGE_CURVE('',#11480,#11482,#11712,.T.);
#11714=ORIENTED_EDGE('',*,*,#11713,.T.);
#11715=VECTOR('',#5384,1.);
#11716=LINE('',#11481,#11715);
#11717=EDGE_CURVE('',#11482,#11484,#11716,.T.);
#11718=ORIENTED_EDGE('',*,*,#11717,.T.);
#11719=VECTOR('',#5389,1.);
#11720=LINE('',#11483,#11719);
#11721=EDGE_CURVE('',#11484,#11486,#11720,.T.);
#11722=ORIENTED_EDGE('',*,*,#11721,.T.);
#11723=VECTOR('',#5394,1.);
#11724=LINE('',#11485,#11723);
#11725=EDGE_CURVE('',#11486,#11488,#11724,.T.);
#11726=ORIENTED_EDGE('',*,*,#11725,.T.);
#11727=VECTOR('',#5399,1.);
#11728=LINE('',#11487,#11727);
#11729=EDGE_CURVE('',#11488,#11490,#11728,.T.);
#11730=ORIENTED_EDGE('',*,*,#11729,.T.);
#11731=VECTOR('',#5404,1.);
#11732=LINE('',#11489,#11731);
#11733=EDGE_CURVE('',#11490,#11492,#11732,.T.);
#11734=ORIENTED_EDGE('',*,*,#11733,.T.);
#11735=VECTOR('',#5409,1.);
#11736=LINE('',#11491,#11735);
#11737=EDGE_CURVE('',#11492,#11494,#11736,.T.);
#11738=ORIENTED_EDGE('',*,*,#11737,.T.);
#11739=VECTOR('',#5414,1.);
#11740=LINE('',#11493,#11739);
#11741=EDGE_CURVE('',#11494,#11496,#11740,.T.);
#11742=ORIENTED_EDGE('',*,*,#11741,.T.);
#11743=VECTOR('',#5419,1.);
#11744=LINE('',#11495,#11743);
#11745=EDGE_CURVE('',#11496,#11498,#11744,.T.);
#11746=ORIENTED_EDGE('',*,*,#11745,.T.);
#11747=VECTOR('',#5424,1.);
#11748=LINE('',#11497,#11747);
#11749=EDGE_CURVE('',#11498,#11500,#11748,.T.);
#11750=ORIENTED_EDGE('',*,*,#11749,.T.);
#11751=VECTOR('',#5429,1.);
#11752=LINE('',#11499,#11751);
#11753=EDGE_CURVE('',#11500,#11502,#11752,.T.);
#11754=ORIENTED_EDGE('',*,*,#11753,.T.);
#11755=VECTOR('',#5434,1.);
#11756=LINE('',#11501,#11755);
#11757=EDGE_CURVE('',#11502,#11376,#11756,.T.);
#11758=ORIENTED_EDGE('',*,*,#11757,.T.);
#11759=EDGE_LOOP('',(#11506,#11510,#11514,#11518,#11522,#11526,#11530,#11534,#11538,#11542,#11546,#11550,#11554,#11558,#11562,#11566,#11570,#11574,#11578,#11582,#11586,#11590,#11594,#11598,#11602,#11606,#11610,#11614,#11618,#11622,#11626,#11630,#11634,#11638,#11642,#11646,#11650,#11654,#11658,#11662,#11666,#11670,#11674,#11678,#11682,#11686,#11690,#11694,#11698,#11702,#11706,#11710,#11714,#11718,#11722,#11726,#11730,#11734,#11738,#11742,#11746,#11750,#11754,#11758));
#11760=FACE_OUTER_BOUND('',#11759,.T.);
#11761=AXIS2_PLACEMENT_3D('',#11375,#367,#87);
#11762=PLANE('',#11761);
#11763=ADVANCED_FACE('',(#11760),#11762,.T.);
#11764=CARTESIAN_POINT('',(17.4951847,19.4019829,-1.));
#11765=VERTEX_POINT('',#11764);
#11766=CARTESIAN_POINT('',(17.4807853,19.3049097,-1.));
#11767=VERTEX_POINT('',#11766);
#11768=CARTESIAN_POINT('',(17.4569403,19.2097153,-1.));
#11769=VERTEX_POINT('',#11768);
#11770=CARTESIAN_POINT('',(17.4238795,19.1173166,-1.));
#11771=VERTEX_POINT('',#11770);
#11772=CARTESIAN_POINT('',(17.3819213,19.0286033,-1.));
#11773=VERTEX_POINT('',#11772);
#11774=CARTESIAN_POINT('',(17.3314696,18.9444298,-1.));
#11775=VERTEX_POINT('',#11774);
#11776=CARTESIAN_POINT('',(17.2730105,18.8656067,-1.));
#11777=VERTEX_POINT('',#11776);
#11778=CARTESIAN_POINT('',(17.2071068,18.7928932,-1.));
#11779=VERTEX_POINT('',#11778);
#11780=CARTESIAN_POINT('',(17.1343933,18.7269895,-1.));
#11781=VERTEX_POINT('',#11780);
#11782=CARTESIAN_POINT('',(17.0555702,18.6685304,-1.));
#11783=VERTEX_POINT('',#11782);
#11784=CARTESIAN_POINT('',(16.9713967,18.6180787,-1.));
#11785=VERTEX_POINT('',#11784);
#11786=CARTESIAN_POINT('',(16.8826834,18.5761205,-1.));
#11787=VERTEX_POINT('',#11786);
#11788=CARTESIAN_POINT('',(16.7902847,18.5430597,-1.));
#11789=VERTEX_POINT('',#11788);
#11790=CARTESIAN_POINT('',(16.6950903,18.5192147,-1.));
#11791=VERTEX_POINT('',#11790);
#11792=CARTESIAN_POINT('',(16.5980171,18.5048153,-1.));
#11793=VERTEX_POINT('',#11792);
#11794=CARTESIAN_POINT('',(16.5,18.5,-1.));
#11795=VERTEX_POINT('',#11794);
#11796=CARTESIAN_POINT('',(16.4019829,18.5048153,-1.));
#11797=VERTEX_POINT('',#11796);
#11798=CARTESIAN_POINT('',(16.3049097,18.5192147,-1.));
#11799=VERTEX_POINT('',#11798);
#11800=CARTESIAN_POINT('',(16.2097153,18.5430597,-1.));
#11801=VERTEX_POINT('',#11800);
#11802=CARTESIAN_POINT('',(16.1173166,18.5761205,-1.));
#11803=VERTEX_POINT('',#11802);
#11804=CARTESIAN_POINT('',(16.0286033,18.6180787,-1.));
#11805=VERTEX_POINT('',#11804);
#11806=CARTESIAN_POINT('',(15.9444298,18.6685304,-1.));
#11807=VERTEX_POINT('',#11806);
#11808=CARTESIAN_POINT('',(15.8656067,18.7269895,-1.));
#11809=VERTEX_POINT('',#11808);
#11810=CARTESIAN_POINT('',(15.7928932,18.7928932,-1.));
#11811=VERTEX_POINT('',#11810);
#11812=CARTESIAN_POINT('',(15.7269895,18.8656067,-1.));
#11813=VERTEX_POINT('',#11812);
#11814=CARTESIAN_POINT('',(15.6685304,18.9444298,-1.));
#11815=VERTEX_POINT('',#11814);
#11816=CARTESIAN_POINT('',(15.6180787,19.0286033,-1.));
#11817=VERTEX_POINT('',#11816);
#11818=CARTESIAN_POINT('',(15.5761205,19.1173166,-1.));
#11819=VERTEX_POINT('',#11818);
#11820=CARTESIAN_POINT('',(15.5430597,19.2097153,-1.));
#11821=VERTEX_POINT('',#11820);
#11822=CARTESIAN_POINT('',(15.5192147,19.3049097,-1.));
#11823=VERTEX_POINT('',#11822);
#11824=CARTESIAN_POINT('',(15.5048153,19.4019829,-1.));
#11825=VERTEX_POINT('',#11824);
#11826=CARTESIAN_POINT('',(15.5,19.5,-1.));
#11827=VERTEX_POINT('',#11826);
#11828=CARTESIAN_POINT('',(15.5048153,19.5980171,-1.));
#11829=VERTEX_POINT('',#11828);
#11830=CARTESIAN_POINT('',(15.5192147,19.6950903,-1.));
#11831=VERTEX_POINT('',#11830);
#11832=CARTESIAN_POINT('',(15.5430597,19.7902847,-1.));
#11833=VERTEX_POINT('',#11832);
#11834=CARTESIAN_POINT('',(15.5761205,19.8826834,-1.));
#11835=VERTEX_POINT('',#11834);
#11836=CARTESIAN_POINT('',(15.6180787,19.9713967,-1.));
#11837=VERTEX_POINT('',#11836);
#11838=CARTESIAN_POINT('',(15.6685304,20.0555702,-1.));
#11839=VERTEX_POINT('',#11838);
#11840=CARTESIAN_POINT('',(15.7269895,20.1343933,-1.));
#11841=VERTEX_POINT('',#11840);
#11842=CARTESIAN_POINT('',(15.7928932,20.2071068,-1.));
#11843=VERTEX_POINT('',#11842);
#11844=CARTESIAN_POINT('',(15.8656067,20.2730105,-1.));
#11845=VERTEX_POINT('',#11844);
#11846=CARTESIAN_POINT('',(15.9444298,20.3314696,-1.));
#11847=VERTEX_POINT('',#11846);
#11848=CARTESIAN_POINT('',(16.0286033,20.3819213,-1.));
#11849=VERTEX_POINT('',#11848);
#11850=CARTESIAN_POINT('',(16.1173166,20.4238795,-1.));
#11851=VERTEX_POINT('',#11850);
#11852=CARTESIAN_POINT('',(16.2097153,20.4569403,-1.));
#11853=VERTEX_POINT('',#11852);
#11854=CARTESIAN_POINT('',(16.3049097,20.4807853,-1.));
#11855=VERTEX_POINT('',#11854);
#11856=CARTESIAN_POINT('',(16.4019829,20.4951847,-1.));
#11857=VERTEX_POINT('',#11856);
#11858=CARTESIAN_POINT('',(16.5,20.5,-1.));
#11859=VERTEX_POINT('',#11858);
#11860=CARTESIAN_POINT('',(16.5980171,20.4951847,-1.));
#11861=VERTEX_POINT('',#11860);
#11862=CARTESIAN_POINT('',(16.6950903,20.4807853,-1.));
#11863=VERTEX_POINT('',#11862);
#11864=CARTESIAN_POINT('',(16.7902847,20.4569403,-1.));
#11865=VERTEX_POINT('',#11864);
#11866=CARTESIAN_POINT('',(16.8826834,20.4238795,-1.));
#11867=VERTEX_POINT('',#11866);
#11868=CARTESIAN_POINT('',(16.9713967,20.3819213,-1.));
#11869=VERTEX_POINT('',#11868);
#11870=CARTESIAN_POINT('',(17.0555702,20.3314696,-1.));
#11871=VERTEX_POINT('',#11870);
#11872=CARTESIAN_POINT('',(17.1343933,20.2730105,-1.));
#11873=VERTEX_POINT('',#11872);
#11874=CARTESIAN_POINT('',(17.2071068,20.2071068,-1.));
#11875=VERTEX_POINT('',#11874);
#11876=CARTESIAN_POINT('',(17.2730105,20.1343933,-1.));
#11877=VERTEX_POINT('',#11876);
#11878=CARTESIAN_POINT('',(17.3314696,20.0555702,-1.));
#11879=VERTEX_POINT('',#11878);
#11880=CARTESIAN_POINT('',(17.3819213,19.9713967,-1.));
#11881=VERTEX_POINT('',#11880);
#11882=CARTESIAN_POINT('',(17.4238795,19.8826834,-1.));
#11883=VERTEX_POINT('',#11882);
#11884=CARTESIAN_POINT('',(17.4569403,19.7902847,-1.));
#11885=VERTEX_POINT('',#11884);
#11886=CARTESIAN_POINT('',(17.4807853,19.6950903,-1.));
#11887=VERTEX_POINT('',#11886);
#11888=CARTESIAN_POINT('',(17.4951847,19.5980171,-1.));
#11889=VERTEX_POINT('',#11888);
#11890=CARTESIAN_POINT('',(17.5,19.5,-1.));
#11891=VERTEX_POINT('',#11890);
#11892=VECTOR('',#5429,1.);
#11893=LINE('',#11766,#11892);
#11894=EDGE_CURVE('',#11767,#11765,#11893,.T.);
#11895=ORIENTED_EDGE('',*,*,#11894,.F.);
#11896=VECTOR('',#5424,1.);
#11897=LINE('',#11768,#11896);
#11898=EDGE_CURVE('',#11769,#11767,#11897,.T.);
#11899=ORIENTED_EDGE('',*,*,#11898,.F.);
#11900=VECTOR('',#5419,1.);
#11901=LINE('',#11770,#11900);
#11902=EDGE_CURVE('',#11771,#11769,#11901,.T.);
#11903=ORIENTED_EDGE('',*,*,#11902,.F.);
#11904=VECTOR('',#5414,1.);
#11905=LINE('',#11772,#11904);
#11906=EDGE_CURVE('',#11773,#11771,#11905,.T.);
#11907=ORIENTED_EDGE('',*,*,#11906,.F.);
#11908=VECTOR('',#5409,1.);
#11909=LINE('',#11774,#11908);
#11910=EDGE_CURVE('',#11775,#11773,#11909,.T.);
#11911=ORIENTED_EDGE('',*,*,#11910,.F.);
#11912=VECTOR('',#5404,1.);
#11913=LINE('',#11776,#11912);
#11914=EDGE_CURVE('',#11777,#11775,#11913,.T.);
#11915=ORIENTED_EDGE('',*,*,#11914,.F.);
#11916=VECTOR('',#5399,1.);
#11917=LINE('',#11778,#11916);
#11918=EDGE_CURVE('',#11779,#11777,#11917,.T.);
#11919=ORIENTED_EDGE('',*,*,#11918,.F.);
#11920=VECTOR('',#5394,1.);
#11921=LINE('',#11780,#11920);
#11922=EDGE_CURVE('',#11781,#11779,#11921,.T.);
#11923=ORIENTED_EDGE('',*,*,#11922,.F.);
#11924=VECTOR('',#5389,1.);
#11925=LINE('',#11782,#11924);
#11926=EDGE_CURVE('',#11783,#11781,#11925,.T.);
#11927=ORIENTED_EDGE('',*,*,#11926,.F.);
#11928=VECTOR('',#5384,1.);
#11929=LINE('',#11784,#11928);
#11930=EDGE_CURVE('',#11785,#11783,#11929,.T.);
#11931=ORIENTED_EDGE('',*,*,#11930,.F.);
#11932=VECTOR('',#5379,1.);
#11933=LINE('',#11786,#11932);
#11934=EDGE_CURVE('',#11787,#11785,#11933,.T.);
#11935=ORIENTED_EDGE('',*,*,#11934,.F.);
#11936=VECTOR('',#5374,1.);
#11937=LINE('',#11788,#11936);
#11938=EDGE_CURVE('',#11789,#11787,#11937,.T.);
#11939=ORIENTED_EDGE('',*,*,#11938,.F.);
#11940=VECTOR('',#5369,1.);
#11941=LINE('',#11790,#11940);
#11942=EDGE_CURVE('',#11791,#11789,#11941,.T.);
#11943=ORIENTED_EDGE('',*,*,#11942,.F.);
#11944=VECTOR('',#5364,1.);
#11945=LINE('',#11792,#11944);
#11946=EDGE_CURVE('',#11793,#11791,#11945,.T.);
#11947=ORIENTED_EDGE('',*,*,#11946,.F.);
#11948=VECTOR('',#5359,1.);
#11949=LINE('',#11794,#11948);
#11950=EDGE_CURVE('',#11795,#11793,#11949,.T.);
#11951=ORIENTED_EDGE('',*,*,#11950,.F.);
#11952=VECTOR('',#5354,1.);
#11953=LINE('',#11796,#11952);
#11954=EDGE_CURVE('',#11797,#11795,#11953,.T.);
#11955=ORIENTED_EDGE('',*,*,#11954,.F.);
#11956=VECTOR('',#5349,1.);
#11957=LINE('',#11798,#11956);
#11958=EDGE_CURVE('',#11799,#11797,#11957,.T.);
#11959=ORIENTED_EDGE('',*,*,#11958,.F.);
#11960=VECTOR('',#5344,1.);
#11961=LINE('',#11800,#11960);
#11962=EDGE_CURVE('',#11801,#11799,#11961,.T.);
#11963=ORIENTED_EDGE('',*,*,#11962,.F.);
#11964=VECTOR('',#5339,1.);
#11965=LINE('',#11802,#11964);
#11966=EDGE_CURVE('',#11803,#11801,#11965,.T.);
#11967=ORIENTED_EDGE('',*,*,#11966,.F.);
#11968=VECTOR('',#5334,1.);
#11969=LINE('',#11804,#11968);
#11970=EDGE_CURVE('',#11805,#11803,#11969,.T.);
#11971=ORIENTED_EDGE('',*,*,#11970,.F.);
#11972=VECTOR('',#5329,1.);
#11973=LINE('',#11806,#11972);
#11974=EDGE_CURVE('',#11807,#11805,#11973,.T.);
#11975=ORIENTED_EDGE('',*,*,#11974,.F.);
#11976=VECTOR('',#5324,1.);
#11977=LINE('',#11808,#11976);
#11978=EDGE_CURVE('',#11809,#11807,#11977,.T.);
#11979=ORIENTED_EDGE('',*,*,#11978,.F.);
#11980=VECTOR('',#5319,1.);
#11981=LINE('',#11810,#11980);
#11982=EDGE_CURVE('',#11811,#11809,#11981,.T.);
#11983=ORIENTED_EDGE('',*,*,#11982,.F.);
#11984=VECTOR('',#5314,1.);
#11985=LINE('',#11812,#11984);
#11986=EDGE_CURVE('',#11813,#11811,#11985,.T.);
#11987=ORIENTED_EDGE('',*,*,#11986,.F.);
#11988=VECTOR('',#5309,1.);
#11989=LINE('',#11814,#11988);
#11990=EDGE_CURVE('',#11815,#11813,#11989,.T.);
#11991=ORIENTED_EDGE('',*,*,#11990,.F.);
#11992=VECTOR('',#5304,1.);
#11993=LINE('',#11816,#11992);
#11994=EDGE_CURVE('',#11817,#11815,#11993,.T.);
#11995=ORIENTED_EDGE('',*,*,#11994,.F.);
#11996=VECTOR('',#5299,1.);
#11997=LINE('',#11818,#11996);
#11998=EDGE_CURVE('',#11819,#11817,#11997,.T.);
#11999=ORIENTED_EDGE('',*,*,#11998,.F.);
#12000=VECTOR('',#5294,1.);
#12001=LINE('',#11820,#12000);
#12002=EDGE_CURVE('',#11821,#11819,#12001,.T.);
#12003=ORIENTED_EDGE('',*,*,#12002,.F.);
#12004=VECTOR('',#5289,1.);
#12005=LINE('',#11822,#12004);
#12006=EDGE_CURVE('',#11823,#11821,#12005,.T.);
#12007=ORIENTED_EDGE('',*,*,#12006,.F.);
#12008=VECTOR('',#5284,1.);
#12009=LINE('',#11824,#12008);
#12010=EDGE_CURVE('',#11825,#11823,#12009,.T.);
#12011=ORIENTED_EDGE('',*,*,#12010,.F.);
#12012=VECTOR('',#5279,1.);
#12013=LINE('',#11826,#12012);
#12014=EDGE_CURVE('',#11827,#11825,#12013,.T.);
#12015=ORIENTED_EDGE('',*,*,#12014,.F.);
#12016=VECTOR('',#5434,1.);
#12017=LINE('',#11826,#12016);
#12018=EDGE_CURVE('',#11827,#11829,#12017,.T.);
#12019=ORIENTED_EDGE('',*,*,#12018,.T.);
#12020=VECTOR('',#5429,1.);
#12021=LINE('',#11828,#12020);
#12022=EDGE_CURVE('',#11829,#11831,#12021,.T.);
#12023=ORIENTED_EDGE('',*,*,#12022,.T.);
#12024=VECTOR('',#5424,1.);
#12025=LINE('',#11830,#12024);
#12026=EDGE_CURVE('',#11831,#11833,#12025,.T.);
#12027=ORIENTED_EDGE('',*,*,#12026,.T.);
#12028=VECTOR('',#5419,1.);
#12029=LINE('',#11832,#12028);
#12030=EDGE_CURVE('',#11833,#11835,#12029,.T.);
#12031=ORIENTED_EDGE('',*,*,#12030,.T.);
#12032=VECTOR('',#5414,1.);
#12033=LINE('',#11834,#12032);
#12034=EDGE_CURVE('',#11835,#11837,#12033,.T.);
#12035=ORIENTED_EDGE('',*,*,#12034,.T.);
#12036=VECTOR('',#5409,1.);
#12037=LINE('',#11836,#12036);
#12038=EDGE_CURVE('',#11837,#11839,#12037,.T.);
#12039=ORIENTED_EDGE('',*,*,#12038,.T.);
#12040=VECTOR('',#5404,1.);
#12041=LINE('',#11838,#12040);
#12042=EDGE_CURVE('',#11839,#11841,#12041,.T.);
#12043=ORIENTED_EDGE('',*,*,#12042,.T.);
#12044=VECTOR('',#5399,1.);
#12045=LINE('',#11840,#12044);
#12046=EDGE_CURVE('',#11841,#11843,#12045,.T.);
#12047=ORIENTED_EDGE('',*,*,#12046,.T.);
#12048=VECTOR('',#5394,1.);
#12049=LINE('',#11842,#12048);
#12050=EDGE_CURVE('',#11843,#11845,#12049,.T.);
#12051=ORIENTED_EDGE('',*,*,#12050,.T.);
#12052=VECTOR('',#5389,1.);
#12053=LINE('',#11844,#12052);
#12054=EDGE_CURVE('',#11845,#11847,#12053,.T.);
#12055=ORIENTED_EDGE('',*,*,#12054,.T.);
#12056=VECTOR('',#5384,1.);
#12057=LINE('',#11846,#12056);
#12058=EDGE_CURVE('',#11847,#11849,#12057,.T.);
#12059=ORIENTED_EDGE('',*,*,#12058,.T.);
#12060=VECTOR('',#5379,1.);
#12061=LINE('',#11848,#12060);
#12062=EDGE_CURVE('',#11849,#11851,#12061,.T.);
#12063=ORIENTED_EDGE('',*,*,#12062,.T.);
#12064=VECTOR('',#5374,1.);
#12065=LINE('',#11850,#12064);
#12066=EDGE_CURVE('',#11851,#11853,#12065,.T.);
#12067=ORIENTED_EDGE('',*,*,#12066,.T.);
#12068=VECTOR('',#5369,1.);
#12069=LINE('',#11852,#12068);
#12070=EDGE_CURVE('',#11853,#11855,#12069,.T.);
#12071=ORIENTED_EDGE('',*,*,#12070,.T.);
#12072=VECTOR('',#5364,1.);
#12073=LINE('',#11854,#12072);
#12074=EDGE_CURVE('',#11855,#11857,#12073,.T.);
#12075=ORIENTED_EDGE('',*,*,#12074,.T.);
#12076=VECTOR('',#5359,1.);
#12077=LINE('',#11856,#12076);
#12078=EDGE_CURVE('',#11857,#11859,#12077,.T.);
#12079=ORIENTED_EDGE('',*,*,#12078,.T.);
#12080=VECTOR('',#5354,1.);
#12081=LINE('',#11858,#12080);
#12082=EDGE_CURVE('',#11859,#11861,#12081,.T.);
#12083=ORIENTED_EDGE('',*,*,#12082,.T.);
#12084=VECTOR('',#5349,1.);
#12085=LINE('',#11860,#12084);
#12086=EDGE_CURVE('',#11861,#11863,#12085,.T.);
#12087=ORIENTED_EDGE('',*,*,#12086,.T.);
#12088=VECTOR('',#5344,1.);
#12089=LINE('',#11862,#12088);
#12090=EDGE_CURVE('',#11863,#11865,#12089,.T.);
#12091=ORIENTED_EDGE('',*,*,#12090,.T.);
#12092=VECTOR('',#5339,1.);
#12093=LINE('',#11864,#12092);
#12094=EDGE_CURVE('',#11865,#11867,#12093,.T.);
#12095=ORIENTED_EDGE('',*,*,#12094,.T.);
#12096=VECTOR('',#5334,1.);
#12097=LINE('',#11866,#12096);
#12098=EDGE_CURVE('',#11867,#11869,#12097,.T.);
#12099=ORIENTED_EDGE('',*,*,#12098,.T.);
#12100=VECTOR('',#5329,1.);
#12101=LINE('',#11868,#12100);
#12102=EDGE_CURVE('',#11869,#11871,#12101,.T.);
#12103=ORIENTED_EDGE('',*,*,#12102,.T.);
#12104=VECTOR('',#5324,1.);
#12105=LINE('',#11870,#12104);
#12106=EDGE_CURVE('',#11871,#11873,#12105,.T.);
#12107=ORIENTED_EDGE('',*,*,#12106,.T.);
#12108=VECTOR('',#5319,1.);
#12109=LINE('',#11872,#12108);
#12110=EDGE_CURVE('',#11873,#11875,#12109,.T.);
#12111=ORIENTED_EDGE('',*,*,#12110,.T.);
#12112=VECTOR('',#5314,1.);
#12113=LINE('',#11874,#12112);
#12114=EDGE_CURVE('',#11875,#11877,#12113,.T.);
#12115=ORIENTED_EDGE('',*,*,#12114,.T.);
#12116=VECTOR('',#5309,1.);
#12117=LINE('',#11876,#12116);
#12118=EDGE_CURVE('',#11877,#11879,#12117,.T.);
#12119=ORIENTED_EDGE('',*,*,#12118,.T.);
#12120=VECTOR('',#5304,1.);
#12121=LINE('',#11878,#12120);
#12122=EDGE_CURVE('',#11879,#11881,#12121,.T.);
#12123=ORIENTED_EDGE('',*,*,#12122,.T.);
#12124=VECTOR('',#5299,1.);
#12125=LINE('',#11880,#12124);
#12126=EDGE_CURVE('',#11881,#11883,#12125,.T.);
#12127=ORIENTED_EDGE('',*,*,#12126,.T.);
#12128=VECTOR('',#5294,1.);
#12129=LINE('',#11882,#12128);
#12130=EDGE_CURVE('',#11883,#11885,#12129,.T.);
#12131=ORIENTED_EDGE('',*,*,#12130,.T.);
#12132=VECTOR('',#5289,1.);
#12133=LINE('',#11884,#12132);
#12134=EDGE_CURVE('',#11885,#11887,#12133,.T.);
#12135=ORIENTED_EDGE('',*,*,#12134,.T.);
#12136=VECTOR('',#5284,1.);
#12137=LINE('',#11886,#12136);
#12138=EDGE_CURVE('',#11887,#11889,#12137,.T.);
#12139=ORIENTED_EDGE('',*,*,#12138,.T.);
#12140=VECTOR('',#5279,1.);
#12141=LINE('',#11888,#12140);
#12142=EDGE_CURVE('',#11889,#11891,#12141,.T.);
#12143=ORIENTED_EDGE('',*,*,#12142,.T.);
#12144=VECTOR('',#5434,1.);
#12145=LINE('',#11764,#12144);
#12146=EDGE_CURVE('',#11765,#11891,#12145,.T.);
#12147=ORIENTED_EDGE('',*,*,#12146,.F.);
#12148=EDGE_LOOP('',(#11895,#11899,#11903,#11907,#11911,#11915,#11919,#11923,#11927,#11931,#11935,#11939,#11943,#11947,#11951,#11955,#11959,#11963,#11967,#11971,#11975,#11979,#11983,#11987,#11991,#11995,#11999,#12003,#12007,#12011,#12015,#12019,#12023,#12027,#12031,#12035,#12039,#12043,#12047,#12051,#12055,#12059,#12063,#12067,#12071,#12075,#12079,#12083,#12087,#12091,#12095,#12099,#12103,#12107,#12111,#12115,#12119,#12123,#12127,#12131,#12135,#12139,#12143,#12147));
#12149=FACE_OUTER_BOUND('',#12148,.T.);
#12150=AXIS2_PLACEMENT_3D('',#11764,#711,#712);
#12151=PLANE('',#12150);
#12152=ADVANCED_FACE('',(#12149),#12151,.T.);
#12153=ORIENTED_EDGE('',*,*,#12142,.F.);
#12154=VECTOR('',#367,1.);
#12155=LINE('',#11888,#12154);
#12156=EDGE_CURVE('',#11889,#11378,#12155,.T.);
#12157=ORIENTED_EDGE('',*,*,#12156,.T.);
#12158=ORIENTED_EDGE('',*,*,#11505,.T.);
#12159=VECTOR('',#367,1.);
#12160=LINE('',#11890,#12159);
#12161=EDGE_CURVE('',#11891,#11376,#12160,.T.);
#12162=ORIENTED_EDGE('',*,*,#12161,.F.);
#12163=EDGE_LOOP('',(#12153,#12157,#12158,#12162));
#12164=FACE_OUTER_BOUND('',#12163,.T.);
#12165=AXIS2_PLACEMENT_3D('',#11890,#2958,#3159);
#12166=PLANE('',#12165);
#12167=ADVANCED_FACE('',(#12164),#12166,.T.);
#12168=ORIENTED_EDGE('',*,*,#12138,.F.);
#12169=VECTOR('',#367,1.);
#12170=LINE('',#11886,#12169);
#12171=EDGE_CURVE('',#11887,#11380,#12170,.T.);
#12172=ORIENTED_EDGE('',*,*,#12171,.T.);
#12173=ORIENTED_EDGE('',*,*,#11509,.T.);
#12174=ORIENTED_EDGE('',*,*,#12156,.F.);
#12175=EDGE_LOOP('',(#12168,#12172,#12173,#12174));
#12176=FACE_OUTER_BOUND('',#12175,.T.);
#12177=AXIS2_PLACEMENT_3D('',#11888,#1774,#1854);
#12178=PLANE('',#12177);
#12179=ADVANCED_FACE('',(#12176),#12178,.T.);
#12180=ORIENTED_EDGE('',*,*,#12134,.F.);
#12181=VECTOR('',#367,1.);
#12182=LINE('',#11884,#12181);
#12183=EDGE_CURVE('',#11885,#11382,#12182,.T.);
#12184=ORIENTED_EDGE('',*,*,#12183,.T.);
#12185=ORIENTED_EDGE('',*,*,#11513,.T.);
#12186=ORIENTED_EDGE('',*,*,#12171,.F.);
#12187=EDGE_LOOP('',(#12180,#12184,#12185,#12186));
#12188=FACE_OUTER_BOUND('',#12187,.T.);
#12189=AXIS2_PLACEMENT_3D('',#11886,#1769,#1849);
#12190=PLANE('',#12189);
#12191=ADVANCED_FACE('',(#12188),#12190,.T.);
#12192=ORIENTED_EDGE('',*,*,#12130,.F.);
#12193=VECTOR('',#367,1.);
#12194=LINE('',#11882,#12193);
#12195=EDGE_CURVE('',#11883,#11384,#12194,.T.);
#12196=ORIENTED_EDGE('',*,*,#12195,.T.);
#12197=ORIENTED_EDGE('',*,*,#11517,.T.);
#12198=ORIENTED_EDGE('',*,*,#12183,.F.);
#12199=EDGE_LOOP('',(#12192,#12196,#12197,#12198));
#12200=FACE_OUTER_BOUND('',#12199,.T.);
#12201=AXIS2_PLACEMENT_3D('',#11884,#1764,#1844);
#12202=PLANE('',#12201);
#12203=ADVANCED_FACE('',(#12200),#12202,.T.);
#12204=ORIENTED_EDGE('',*,*,#12126,.F.);
#12205=VECTOR('',#367,1.);
#12206=LINE('',#11880,#12205);
#12207=EDGE_CURVE('',#11881,#11386,#12206,.T.);
#12208=ORIENTED_EDGE('',*,*,#12207,.T.);
#12209=ORIENTED_EDGE('',*,*,#11521,.T.);
#12210=ORIENTED_EDGE('',*,*,#12195,.F.);
#12211=EDGE_LOOP('',(#12204,#12208,#12209,#12210));
#12212=FACE_OUTER_BOUND('',#12211,.T.);
#12213=AXIS2_PLACEMENT_3D('',#11882,#2905,#3110);
#12214=PLANE('',#12213);
#12215=ADVANCED_FACE('',(#12212),#12214,.T.);
#12216=ORIENTED_EDGE('',*,*,#12122,.F.);
#12217=VECTOR('',#367,1.);
#12218=LINE('',#11878,#12217);
#12219=EDGE_CURVE('',#11879,#11388,#12218,.T.);
#12220=ORIENTED_EDGE('',*,*,#12219,.T.);
#12221=ORIENTED_EDGE('',*,*,#11525,.T.);
#12222=ORIENTED_EDGE('',*,*,#12207,.F.);
#12223=EDGE_LOOP('',(#12216,#12220,#12221,#12222));
#12224=FACE_OUTER_BOUND('',#12223,.T.);
#12225=AXIS2_PLACEMENT_3D('',#11880,#1754,#1834);
#12226=PLANE('',#12225);
#12227=ADVANCED_FACE('',(#12224),#12226,.T.);
#12228=ORIENTED_EDGE('',*,*,#12118,.F.);
#12229=VECTOR('',#367,1.);
#12230=LINE('',#11876,#12229);
#12231=EDGE_CURVE('',#11877,#11390,#12230,.T.);
#12232=ORIENTED_EDGE('',*,*,#12231,.T.);
#12233=ORIENTED_EDGE('',*,*,#11529,.T.);
#12234=ORIENTED_EDGE('',*,*,#12219,.F.);
#12235=EDGE_LOOP('',(#12228,#12232,#12233,#12234));
#12236=FACE_OUTER_BOUND('',#12235,.T.);
#12237=AXIS2_PLACEMENT_3D('',#11878,#2878,#3085);
#12238=PLANE('',#12237);
#12239=ADVANCED_FACE('',(#12236),#12238,.T.);
#12240=ORIENTED_EDGE('',*,*,#12114,.F.);
#12241=VECTOR('',#367,1.);
#12242=LINE('',#11874,#12241);
#12243=EDGE_CURVE('',#11875,#11392,#12242,.T.);
#12244=ORIENTED_EDGE('',*,*,#12243,.T.);
#12245=ORIENTED_EDGE('',*,*,#11533,.T.);
#12246=ORIENTED_EDGE('',*,*,#12231,.F.);
#12247=EDGE_LOOP('',(#12240,#12244,#12245,#12246));
#12248=FACE_OUTER_BOUND('',#12247,.T.);
#12249=AXIS2_PLACEMENT_3D('',#11876,#2864,#3072);
#12250=PLANE('',#12249);
#12251=ADVANCED_FACE('',(#12248),#12250,.T.);
#12252=ORIENTED_EDGE('',*,*,#12110,.F.);
#12253=VECTOR('',#367,1.);
#12254=LINE('',#11872,#12253);
#12255=EDGE_CURVE('',#11873,#11394,#12254,.T.);
#12256=ORIENTED_EDGE('',*,*,#12255,.T.);
#12257=ORIENTED_EDGE('',*,*,#11537,.T.);
#12258=ORIENTED_EDGE('',*,*,#12243,.F.);
#12259=EDGE_LOOP('',(#12252,#12256,#12257,#12258));
#12260=FACE_OUTER_BOUND('',#12259,.T.);
#12261=AXIS2_PLACEMENT_3D('',#11874,#2850,#3059);
#12262=PLANE('',#12261);
#12263=ADVANCED_FACE('',(#12260),#12262,.T.);
#12264=ORIENTED_EDGE('',*,*,#12106,.F.);
#12265=VECTOR('',#367,1.);
#12266=LINE('',#11870,#12265);
#12267=EDGE_CURVE('',#11871,#11396,#12266,.T.);
#12268=ORIENTED_EDGE('',*,*,#12267,.T.);
#12269=ORIENTED_EDGE('',*,*,#11541,.T.);
#12270=ORIENTED_EDGE('',*,*,#12255,.F.);
#12271=EDGE_LOOP('',(#12264,#12268,#12269,#12270));
#12272=FACE_OUTER_BOUND('',#12271,.T.);
#12273=AXIS2_PLACEMENT_3D('',#11872,#2836,#3046);
#12274=PLANE('',#12273);
#12275=ADVANCED_FACE('',(#12272),#12274,.T.);
#12276=ORIENTED_EDGE('',*,*,#12102,.F.);
#12277=VECTOR('',#367,1.);
#12278=LINE('',#11868,#12277);
#12279=EDGE_CURVE('',#11869,#11398,#12278,.T.);
#12280=ORIENTED_EDGE('',*,*,#12279,.T.);
#12281=ORIENTED_EDGE('',*,*,#11545,.T.);
#12282=ORIENTED_EDGE('',*,*,#12267,.F.);
#12283=EDGE_LOOP('',(#12276,#12280,#12281,#12282));
#12284=FACE_OUTER_BOUND('',#12283,.T.);
#12285=AXIS2_PLACEMENT_3D('',#11870,#1729,#1809);
#12286=PLANE('',#12285);
#12287=ADVANCED_FACE('',(#12284),#12286,.T.);
#12288=ORIENTED_EDGE('',*,*,#12098,.F.);
#12289=VECTOR('',#367,1.);
#12290=LINE('',#11866,#12289);
#12291=EDGE_CURVE('',#11867,#11400,#12290,.T.);
#12292=ORIENTED_EDGE('',*,*,#12291,.T.);
#12293=ORIENTED_EDGE('',*,*,#11549,.T.);
#12294=ORIENTED_EDGE('',*,*,#12279,.F.);
#12295=EDGE_LOOP('',(#12288,#12292,#12293,#12294));
#12296=FACE_OUTER_BOUND('',#12295,.T.);
#12297=AXIS2_PLACEMENT_3D('',#11868,#2809,#3021);
#12298=PLANE('',#12297);
#12299=ADVANCED_FACE('',(#12296),#12298,.T.);
#12300=ORIENTED_EDGE('',*,*,#12094,.F.);
#12301=VECTOR('',#367,1.);
#12302=LINE('',#11864,#12301);
#12303=EDGE_CURVE('',#11865,#11402,#12302,.T.);
#12304=ORIENTED_EDGE('',*,*,#12303,.T.);
#12305=ORIENTED_EDGE('',*,*,#11553,.T.);
#12306=ORIENTED_EDGE('',*,*,#12291,.F.);
#12307=EDGE_LOOP('',(#12300,#12304,#12305,#12306));
#12308=FACE_OUTER_BOUND('',#12307,.T.);
#12309=AXIS2_PLACEMENT_3D('',#11866,#1719,#1799);
#12310=PLANE('',#12309);
#12311=ADVANCED_FACE('',(#12308),#12310,.T.);
#12312=ORIENTED_EDGE('',*,*,#12090,.F.);
#12313=VECTOR('',#367,1.);
#12314=LINE('',#11862,#12313);
#12315=EDGE_CURVE('',#11863,#11404,#12314,.T.);
#12316=ORIENTED_EDGE('',*,*,#12315,.T.);
#12317=ORIENTED_EDGE('',*,*,#11557,.T.);
#12318=ORIENTED_EDGE('',*,*,#12303,.F.);
#12319=EDGE_LOOP('',(#12312,#12316,#12317,#12318));
#12320=FACE_OUTER_BOUND('',#12319,.T.);
#12321=AXIS2_PLACEMENT_3D('',#11864,#1714,#1794);
#12322=PLANE('',#12321);
#12323=ADVANCED_FACE('',(#12320),#12322,.T.);
#12324=ORIENTED_EDGE('',*,*,#12086,.F.);
#12325=VECTOR('',#367,1.);
#12326=LINE('',#11860,#12325);
#12327=EDGE_CURVE('',#11861,#11406,#12326,.T.);
#12328=ORIENTED_EDGE('',*,*,#12327,.T.);
#12329=ORIENTED_EDGE('',*,*,#11561,.T.);
#12330=ORIENTED_EDGE('',*,*,#12315,.F.);
#12331=EDGE_LOOP('',(#12324,#12328,#12329,#12330));
#12332=FACE_OUTER_BOUND('',#12331,.T.);
#12333=AXIS2_PLACEMENT_3D('',#11862,#1709,#1789);
#12334=PLANE('',#12333);
#12335=ADVANCED_FACE('',(#12332),#12334,.T.);
#12336=ORIENTED_EDGE('',*,*,#12082,.F.);
#12337=VECTOR('',#367,1.);
#12338=LINE('',#11858,#12337);
#12339=EDGE_CURVE('',#11859,#11408,#12338,.T.);
#12340=ORIENTED_EDGE('',*,*,#12339,.T.);
#12341=ORIENTED_EDGE('',*,*,#11565,.T.);
#12342=ORIENTED_EDGE('',*,*,#12327,.F.);
#12343=EDGE_LOOP('',(#12336,#12340,#12341,#12342));
#12344=FACE_OUTER_BOUND('',#12343,.T.);
#12345=AXIS2_PLACEMENT_3D('',#11860,#2971,#2972);
#12346=PLANE('',#12345);
#12347=ADVANCED_FACE('',(#12344),#12346,.T.);
#12348=ORIENTED_EDGE('',*,*,#12078,.F.);
#12349=VECTOR('',#367,1.);
#12350=LINE('',#11856,#12349);
#12351=EDGE_CURVE('',#11857,#11410,#12350,.T.);
#12352=ORIENTED_EDGE('',*,*,#12351,.T.);
#12353=ORIENTED_EDGE('',*,*,#11569,.T.);
#12354=ORIENTED_EDGE('',*,*,#12339,.F.);
#12355=EDGE_LOOP('',(#12348,#12352,#12353,#12354));
#12356=FACE_OUTER_BOUND('',#12355,.T.);
#12357=AXIS2_PLACEMENT_3D('',#11858,#2957,#2958);
#12358=PLANE('',#12357);
#12359=ADVANCED_FACE('',(#12356),#12358,.T.);
#12360=ORIENTED_EDGE('',*,*,#12074,.F.);
#12361=VECTOR('',#367,1.);
#12362=LINE('',#11854,#12361);
#12363=EDGE_CURVE('',#11855,#11412,#12362,.T.);
#12364=ORIENTED_EDGE('',*,*,#12363,.T.);
#12365=ORIENTED_EDGE('',*,*,#11573,.T.);
#12366=ORIENTED_EDGE('',*,*,#12351,.F.);
#12367=EDGE_LOOP('',(#12360,#12364,#12365,#12366));
#12368=FACE_OUTER_BOUND('',#12367,.T.);
#12369=AXIS2_PLACEMENT_3D('',#11856,#2944,#1774);
#12370=PLANE('',#12369);
#12371=ADVANCED_FACE('',(#12368),#12370,.T.);
#12372=ORIENTED_EDGE('',*,*,#12070,.F.);
#12373=VECTOR('',#367,1.);
#12374=LINE('',#11852,#12373);
#12375=EDGE_CURVE('',#11853,#11414,#12374,.T.);
#12376=ORIENTED_EDGE('',*,*,#12375,.T.);
#12377=ORIENTED_EDGE('',*,*,#11577,.T.);
#12378=ORIENTED_EDGE('',*,*,#12363,.F.);
#12379=EDGE_LOOP('',(#12372,#12376,#12377,#12378));
#12380=FACE_OUTER_BOUND('',#12379,.T.);
#12381=AXIS2_PLACEMENT_3D('',#11854,#2931,#1769);
#12382=PLANE('',#12381);
#12383=ADVANCED_FACE('',(#12380),#12382,.T.);
#12384=ORIENTED_EDGE('',*,*,#12066,.F.);
#12385=VECTOR('',#367,1.);
#12386=LINE('',#11850,#12385);
#12387=EDGE_CURVE('',#11851,#11416,#12386,.T.);
#12388=ORIENTED_EDGE('',*,*,#12387,.T.);
#12389=ORIENTED_EDGE('',*,*,#11581,.T.);
#12390=ORIENTED_EDGE('',*,*,#12375,.F.);
#12391=EDGE_LOOP('',(#12384,#12388,#12389,#12390));
#12392=FACE_OUTER_BOUND('',#12391,.T.);
#12393=AXIS2_PLACEMENT_3D('',#11852,#2918,#1764);
#12394=PLANE('',#12393);
#12395=ADVANCED_FACE('',(#12392),#12394,.T.);
#12396=ORIENTED_EDGE('',*,*,#12062,.F.);
#12397=VECTOR('',#367,1.);
#12398=LINE('',#11848,#12397);
#12399=EDGE_CURVE('',#11849,#11418,#12398,.T.);
#12400=ORIENTED_EDGE('',*,*,#12399,.T.);
#12401=ORIENTED_EDGE('',*,*,#11585,.T.);
#12402=ORIENTED_EDGE('',*,*,#12387,.F.);
#12403=EDGE_LOOP('',(#12396,#12400,#12401,#12402));
#12404=FACE_OUTER_BOUND('',#12403,.T.);
#12405=AXIS2_PLACEMENT_3D('',#11850,#2904,#2905);
#12406=PLANE('',#12405);
#12407=ADVANCED_FACE('',(#12404),#12406,.T.);
#12408=ORIENTED_EDGE('',*,*,#12058,.F.);
#12409=VECTOR('',#367,1.);
#12410=LINE('',#11846,#12409);
#12411=EDGE_CURVE('',#11847,#11420,#12410,.T.);
#12412=ORIENTED_EDGE('',*,*,#12411,.T.);
#12413=ORIENTED_EDGE('',*,*,#11589,.T.);
#12414=ORIENTED_EDGE('',*,*,#12399,.F.);
#12415=EDGE_LOOP('',(#12408,#12412,#12413,#12414));
#12416=FACE_OUTER_BOUND('',#12415,.T.);
#12417=AXIS2_PLACEMENT_3D('',#11848,#2891,#1754);
#12418=PLANE('',#12417);
#12419=ADVANCED_FACE('',(#12416),#12418,.T.);
#12420=ORIENTED_EDGE('',*,*,#12054,.F.);
#12421=VECTOR('',#367,1.);
#12422=LINE('',#11844,#12421);
#12423=EDGE_CURVE('',#11845,#11422,#12422,.T.);
#12424=ORIENTED_EDGE('',*,*,#12423,.T.);
#12425=ORIENTED_EDGE('',*,*,#11593,.T.);
#12426=ORIENTED_EDGE('',*,*,#12411,.F.);
#12427=EDGE_LOOP('',(#12420,#12424,#12425,#12426));
#12428=FACE_OUTER_BOUND('',#12427,.T.);
#12429=AXIS2_PLACEMENT_3D('',#11846,#2877,#2878);
#12430=PLANE('',#12429);
#12431=ADVANCED_FACE('',(#12428),#12430,.T.);
#12432=ORIENTED_EDGE('',*,*,#12050,.F.);
#12433=VECTOR('',#367,1.);
#12434=LINE('',#11842,#12433);
#12435=EDGE_CURVE('',#11843,#11424,#12434,.T.);
#12436=ORIENTED_EDGE('',*,*,#12435,.T.);
#12437=ORIENTED_EDGE('',*,*,#11597,.T.);
#12438=ORIENTED_EDGE('',*,*,#12423,.F.);
#12439=EDGE_LOOP('',(#12432,#12436,#12437,#12438));
#12440=FACE_OUTER_BOUND('',#12439,.T.);
#12441=AXIS2_PLACEMENT_3D('',#11844,#2863,#2864);
#12442=PLANE('',#12441);
#12443=ADVANCED_FACE('',(#12440),#12442,.T.);
#12444=ORIENTED_EDGE('',*,*,#12046,.F.);
#12445=VECTOR('',#367,1.);
#12446=LINE('',#11840,#12445);
#12447=EDGE_CURVE('',#11841,#11426,#12446,.T.);
#12448=ORIENTED_EDGE('',*,*,#12447,.T.);
#12449=ORIENTED_EDGE('',*,*,#11601,.T.);
#12450=ORIENTED_EDGE('',*,*,#12435,.F.);
#12451=EDGE_LOOP('',(#12444,#12448,#12449,#12450));
#12452=FACE_OUTER_BOUND('',#12451,.T.);
#12453=AXIS2_PLACEMENT_3D('',#11842,#2849,#2850);
#12454=PLANE('',#12453);
#12455=ADVANCED_FACE('',(#12452),#12454,.T.);
#12456=ORIENTED_EDGE('',*,*,#12042,.F.);
#12457=VECTOR('',#367,1.);
#12458=LINE('',#11838,#12457);
#12459=EDGE_CURVE('',#11839,#11428,#12458,.T.);
#12460=ORIENTED_EDGE('',*,*,#12459,.T.);
#12461=ORIENTED_EDGE('',*,*,#11605,.T.);
#12462=ORIENTED_EDGE('',*,*,#12447,.F.);
#12463=EDGE_LOOP('',(#12456,#12460,#12461,#12462));
#12464=FACE_OUTER_BOUND('',#12463,.T.);
#12465=AXIS2_PLACEMENT_3D('',#11840,#2835,#2836);
#12466=PLANE('',#12465);
#12467=ADVANCED_FACE('',(#12464),#12466,.T.);
#12468=ORIENTED_EDGE('',*,*,#12038,.F.);
#12469=VECTOR('',#367,1.);
#12470=LINE('',#11836,#12469);
#12471=EDGE_CURVE('',#11837,#11430,#12470,.T.);
#12472=ORIENTED_EDGE('',*,*,#12471,.T.);
#12473=ORIENTED_EDGE('',*,*,#11609,.T.);
#12474=ORIENTED_EDGE('',*,*,#12459,.F.);
#12475=EDGE_LOOP('',(#12468,#12472,#12473,#12474));
#12476=FACE_OUTER_BOUND('',#12475,.T.);
#12477=AXIS2_PLACEMENT_3D('',#11838,#2822,#1729);
#12478=PLANE('',#12477);
#12479=ADVANCED_FACE('',(#12476),#12478,.T.);
#12480=ORIENTED_EDGE('',*,*,#12034,.F.);
#12481=VECTOR('',#367,1.);
#12482=LINE('',#11834,#12481);
#12483=EDGE_CURVE('',#11835,#11432,#12482,.T.);
#12484=ORIENTED_EDGE('',*,*,#12483,.T.);
#12485=ORIENTED_EDGE('',*,*,#11613,.T.);
#12486=ORIENTED_EDGE('',*,*,#12471,.F.);
#12487=EDGE_LOOP('',(#12480,#12484,#12485,#12486));
#12488=FACE_OUTER_BOUND('',#12487,.T.);
#12489=AXIS2_PLACEMENT_3D('',#11836,#2808,#2809);
#12490=PLANE('',#12489);
#12491=ADVANCED_FACE('',(#12488),#12490,.T.);
#12492=ORIENTED_EDGE('',*,*,#12030,.F.);
#12493=VECTOR('',#367,1.);
#12494=LINE('',#11832,#12493);
#12495=EDGE_CURVE('',#11833,#11434,#12494,.T.);
#12496=ORIENTED_EDGE('',*,*,#12495,.T.);
#12497=ORIENTED_EDGE('',*,*,#11617,.T.);
#12498=ORIENTED_EDGE('',*,*,#12483,.F.);
#12499=EDGE_LOOP('',(#12492,#12496,#12497,#12498));
#12500=FACE_OUTER_BOUND('',#12499,.T.);
#12501=AXIS2_PLACEMENT_3D('',#11834,#2795,#1719);
#12502=PLANE('',#12501);
#12503=ADVANCED_FACE('',(#12500),#12502,.T.);
#12504=ORIENTED_EDGE('',*,*,#12026,.F.);
#12505=VECTOR('',#367,1.);
#12506=LINE('',#11830,#12505);
#12507=EDGE_CURVE('',#11831,#11436,#12506,.T.);
#12508=ORIENTED_EDGE('',*,*,#12507,.T.);
#12509=ORIENTED_EDGE('',*,*,#11621,.T.);
#12510=ORIENTED_EDGE('',*,*,#12495,.F.);
#12511=EDGE_LOOP('',(#12504,#12508,#12509,#12510));
#12512=FACE_OUTER_BOUND('',#12511,.T.);
#12513=AXIS2_PLACEMENT_3D('',#11832,#2782,#1714);
#12514=PLANE('',#12513);
#12515=ADVANCED_FACE('',(#12512),#12514,.T.);
#12516=ORIENTED_EDGE('',*,*,#12022,.F.);
#12517=VECTOR('',#367,1.);
#12518=LINE('',#11828,#12517);
#12519=EDGE_CURVE('',#11829,#11438,#12518,.T.);
#12520=ORIENTED_EDGE('',*,*,#12519,.T.);
#12521=ORIENTED_EDGE('',*,*,#11625,.T.);
#12522=ORIENTED_EDGE('',*,*,#12507,.F.);
#12523=EDGE_LOOP('',(#12516,#12520,#12521,#12522));
#12524=FACE_OUTER_BOUND('',#12523,.T.);
#12525=AXIS2_PLACEMENT_3D('',#11830,#2769,#1709);
#12526=PLANE('',#12525);
#12527=ADVANCED_FACE('',(#12524),#12526,.T.);
#12528=ORIENTED_EDGE('',*,*,#12018,.F.);
#12529=VECTOR('',#367,1.);
#12530=LINE('',#11826,#12529);
#12531=EDGE_CURVE('',#11827,#11440,#12530,.T.);
#12532=ORIENTED_EDGE('',*,*,#12531,.T.);
#12533=ORIENTED_EDGE('',*,*,#11629,.T.);
#12534=ORIENTED_EDGE('',*,*,#12519,.F.);
#12535=EDGE_LOOP('',(#12528,#12532,#12533,#12534));
#12536=FACE_OUTER_BOUND('',#12535,.T.);
#12537=AXIS2_PLACEMENT_3D('',#11828,#3380,#2971);
#12538=PLANE('',#12537);
#12539=ADVANCED_FACE('',(#12536),#12538,.T.);
#12540=ORIENTED_EDGE('',*,*,#12014,.T.);
#12541=VECTOR('',#367,1.);
#12542=LINE('',#11824,#12541);
#12543=EDGE_CURVE('',#11825,#11442,#12542,.T.);
#12544=ORIENTED_EDGE('',*,*,#12543,.T.);
#12545=ORIENTED_EDGE('',*,*,#11633,.F.);
#12546=ORIENTED_EDGE('',*,*,#12531,.F.);
#12547=EDGE_LOOP('',(#12540,#12544,#12545,#12546));
#12548=FACE_OUTER_BOUND('',#12547,.T.);
#12549=AXIS2_PLACEMENT_3D('',#11826,#3367,#2957);
#12550=PLANE('',#12549);
#12551=ADVANCED_FACE('',(#12548),#12550,.T.);
#12552=ORIENTED_EDGE('',*,*,#12010,.T.);
#12553=VECTOR('',#367,1.);
#12554=LINE('',#11822,#12553);
#12555=EDGE_CURVE('',#11823,#11444,#12554,.T.);
#12556=ORIENTED_EDGE('',*,*,#12555,.T.);
#12557=ORIENTED_EDGE('',*,*,#11637,.F.);
#12558=ORIENTED_EDGE('',*,*,#12543,.F.);
#12559=EDGE_LOOP('',(#12552,#12556,#12557,#12558));
#12560=FACE_OUTER_BOUND('',#12559,.T.);
#12561=AXIS2_PLACEMENT_3D('',#11824,#3354,#2944);
#12562=PLANE('',#12561);
#12563=ADVANCED_FACE('',(#12560),#12562,.T.);
#12564=ORIENTED_EDGE('',*,*,#12006,.T.);
#12565=VECTOR('',#367,1.);
#12566=LINE('',#11820,#12565);
#12567=EDGE_CURVE('',#11821,#11446,#12566,.T.);
#12568=ORIENTED_EDGE('',*,*,#12567,.T.);
#12569=ORIENTED_EDGE('',*,*,#11641,.F.);
#12570=ORIENTED_EDGE('',*,*,#12555,.F.);
#12571=EDGE_LOOP('',(#12564,#12568,#12569,#12570));
#12572=FACE_OUTER_BOUND('',#12571,.T.);
#12573=AXIS2_PLACEMENT_3D('',#11822,#3341,#2931);
#12574=PLANE('',#12573);
#12575=ADVANCED_FACE('',(#12572),#12574,.T.);
#12576=ORIENTED_EDGE('',*,*,#12002,.T.);
#12577=VECTOR('',#367,1.);
#12578=LINE('',#11818,#12577);
#12579=EDGE_CURVE('',#11819,#11448,#12578,.T.);
#12580=ORIENTED_EDGE('',*,*,#12579,.T.);
#12581=ORIENTED_EDGE('',*,*,#11645,.F.);
#12582=ORIENTED_EDGE('',*,*,#12567,.F.);
#12583=EDGE_LOOP('',(#12576,#12580,#12581,#12582));
#12584=FACE_OUTER_BOUND('',#12583,.T.);
#12585=AXIS2_PLACEMENT_3D('',#11820,#3328,#2918);
#12586=PLANE('',#12585);
#12587=ADVANCED_FACE('',(#12584),#12586,.T.);
#12588=ORIENTED_EDGE('',*,*,#11998,.T.);
#12589=VECTOR('',#367,1.);
#12590=LINE('',#11816,#12589);
#12591=EDGE_CURVE('',#11817,#11450,#12590,.T.);
#12592=ORIENTED_EDGE('',*,*,#12591,.T.);
#12593=ORIENTED_EDGE('',*,*,#11649,.F.);
#12594=ORIENTED_EDGE('',*,*,#12579,.F.);
#12595=EDGE_LOOP('',(#12588,#12592,#12593,#12594));
#12596=FACE_OUTER_BOUND('',#12595,.T.);
#12597=AXIS2_PLACEMENT_3D('',#11818,#3315,#2904);
#12598=PLANE('',#12597);
#12599=ADVANCED_FACE('',(#12596),#12598,.T.);
#12600=ORIENTED_EDGE('',*,*,#11994,.T.);
#12601=VECTOR('',#367,1.);
#12602=LINE('',#11814,#12601);
#12603=EDGE_CURVE('',#11815,#11452,#12602,.T.);
#12604=ORIENTED_EDGE('',*,*,#12603,.T.);
#12605=ORIENTED_EDGE('',*,*,#11653,.F.);
#12606=ORIENTED_EDGE('',*,*,#12591,.F.);
#12607=EDGE_LOOP('',(#12600,#12604,#12605,#12606));
#12608=FACE_OUTER_BOUND('',#12607,.T.);
#12609=AXIS2_PLACEMENT_3D('',#11816,#3302,#2891);
#12610=PLANE('',#12609);
#12611=ADVANCED_FACE('',(#12608),#12610,.T.);
#12612=ORIENTED_EDGE('',*,*,#11990,.T.);
#12613=VECTOR('',#367,1.);
#12614=LINE('',#11812,#12613);
#12615=EDGE_CURVE('',#11813,#11454,#12614,.T.);
#12616=ORIENTED_EDGE('',*,*,#12615,.T.);
#12617=ORIENTED_EDGE('',*,*,#11657,.F.);
#12618=ORIENTED_EDGE('',*,*,#12603,.F.);
#12619=EDGE_LOOP('',(#12612,#12616,#12617,#12618));
#12620=FACE_OUTER_BOUND('',#12619,.T.);
#12621=AXIS2_PLACEMENT_3D('',#11814,#3289,#2877);
#12622=PLANE('',#12621);
#12623=ADVANCED_FACE('',(#12620),#12622,.T.);
#12624=ORIENTED_EDGE('',*,*,#11986,.T.);
#12625=VECTOR('',#367,1.);
#12626=LINE('',#11810,#12625);
#12627=EDGE_CURVE('',#11811,#11456,#12626,.T.);
#12628=ORIENTED_EDGE('',*,*,#12627,.T.);
#12629=ORIENTED_EDGE('',*,*,#11661,.F.);
#12630=ORIENTED_EDGE('',*,*,#12615,.F.);
#12631=EDGE_LOOP('',(#12624,#12628,#12629,#12630));
#12632=FACE_OUTER_BOUND('',#12631,.T.);
#12633=AXIS2_PLACEMENT_3D('',#11812,#3276,#2863);
#12634=PLANE('',#12633);
#12635=ADVANCED_FACE('',(#12632),#12634,.T.);
#12636=ORIENTED_EDGE('',*,*,#11982,.T.);
#12637=VECTOR('',#367,1.);
#12638=LINE('',#11808,#12637);
#12639=EDGE_CURVE('',#11809,#11458,#12638,.T.);
#12640=ORIENTED_EDGE('',*,*,#12639,.T.);
#12641=ORIENTED_EDGE('',*,*,#11665,.F.);
#12642=ORIENTED_EDGE('',*,*,#12627,.F.);
#12643=EDGE_LOOP('',(#12636,#12640,#12641,#12642));
#12644=FACE_OUTER_BOUND('',#12643,.T.);
#12645=AXIS2_PLACEMENT_3D('',#11810,#3263,#2849);
#12646=PLANE('',#12645);
#12647=ADVANCED_FACE('',(#12644),#12646,.T.);
#12648=ORIENTED_EDGE('',*,*,#11978,.T.);
#12649=VECTOR('',#367,1.);
#12650=LINE('',#11806,#12649);
#12651=EDGE_CURVE('',#11807,#11460,#12650,.T.);
#12652=ORIENTED_EDGE('',*,*,#12651,.T.);
#12653=ORIENTED_EDGE('',*,*,#11669,.F.);
#12654=ORIENTED_EDGE('',*,*,#12639,.F.);
#12655=EDGE_LOOP('',(#12648,#12652,#12653,#12654));
#12656=FACE_OUTER_BOUND('',#12655,.T.);
#12657=AXIS2_PLACEMENT_3D('',#11808,#3250,#2835);
#12658=PLANE('',#12657);
#12659=ADVANCED_FACE('',(#12656),#12658,.T.);
#12660=ORIENTED_EDGE('',*,*,#11974,.T.);
#12661=VECTOR('',#367,1.);
#12662=LINE('',#11804,#12661);
#12663=EDGE_CURVE('',#11805,#11462,#12662,.T.);
#12664=ORIENTED_EDGE('',*,*,#12663,.T.);
#12665=ORIENTED_EDGE('',*,*,#11673,.F.);
#12666=ORIENTED_EDGE('',*,*,#12651,.F.);
#12667=EDGE_LOOP('',(#12660,#12664,#12665,#12666));
#12668=FACE_OUTER_BOUND('',#12667,.T.);
#12669=AXIS2_PLACEMENT_3D('',#11806,#3237,#2822);
#12670=PLANE('',#12669);
#12671=ADVANCED_FACE('',(#12668),#12670,.T.);
#12672=ORIENTED_EDGE('',*,*,#11970,.T.);
#12673=VECTOR('',#367,1.);
#12674=LINE('',#11802,#12673);
#12675=EDGE_CURVE('',#11803,#11464,#12674,.T.);
#12676=ORIENTED_EDGE('',*,*,#12675,.T.);
#12677=ORIENTED_EDGE('',*,*,#11677,.F.);
#12678=ORIENTED_EDGE('',*,*,#12663,.F.);
#12679=EDGE_LOOP('',(#12672,#12676,#12677,#12678));
#12680=FACE_OUTER_BOUND('',#12679,.T.);
#12681=AXIS2_PLACEMENT_3D('',#11804,#3224,#2808);
#12682=PLANE('',#12681);
#12683=ADVANCED_FACE('',(#12680),#12682,.T.);
#12684=ORIENTED_EDGE('',*,*,#11966,.T.);
#12685=VECTOR('',#367,1.);
#12686=LINE('',#11800,#12685);
#12687=EDGE_CURVE('',#11801,#11466,#12686,.T.);
#12688=ORIENTED_EDGE('',*,*,#12687,.T.);
#12689=ORIENTED_EDGE('',*,*,#11681,.F.);
#12690=ORIENTED_EDGE('',*,*,#12675,.F.);
#12691=EDGE_LOOP('',(#12684,#12688,#12689,#12690));
#12692=FACE_OUTER_BOUND('',#12691,.T.);
#12693=AXIS2_PLACEMENT_3D('',#11802,#3211,#2795);
#12694=PLANE('',#12693);
#12695=ADVANCED_FACE('',(#12692),#12694,.T.);
#12696=ORIENTED_EDGE('',*,*,#11962,.T.);
#12697=VECTOR('',#367,1.);
#12698=LINE('',#11798,#12697);
#12699=EDGE_CURVE('',#11799,#11468,#12698,.T.);
#12700=ORIENTED_EDGE('',*,*,#12699,.T.);
#12701=ORIENTED_EDGE('',*,*,#11685,.F.);
#12702=ORIENTED_EDGE('',*,*,#12687,.F.);
#12703=EDGE_LOOP('',(#12696,#12700,#12701,#12702));
#12704=FACE_OUTER_BOUND('',#12703,.T.);
#12705=AXIS2_PLACEMENT_3D('',#11800,#3198,#2782);
#12706=PLANE('',#12705);
#12707=ADVANCED_FACE('',(#12704),#12706,.T.);
#12708=ORIENTED_EDGE('',*,*,#11958,.T.);
#12709=VECTOR('',#367,1.);
#12710=LINE('',#11796,#12709);
#12711=EDGE_CURVE('',#11797,#11470,#12710,.T.);
#12712=ORIENTED_EDGE('',*,*,#12711,.T.);
#12713=ORIENTED_EDGE('',*,*,#11689,.F.);
#12714=ORIENTED_EDGE('',*,*,#12699,.F.);
#12715=EDGE_LOOP('',(#12708,#12712,#12713,#12714));
#12716=FACE_OUTER_BOUND('',#12715,.T.);
#12717=AXIS2_PLACEMENT_3D('',#11798,#3185,#2769);
#12718=PLANE('',#12717);
#12719=ADVANCED_FACE('',(#12716),#12718,.T.);
#12720=ORIENTED_EDGE('',*,*,#11954,.T.);
#12721=VECTOR('',#367,1.);
#12722=LINE('',#11794,#12721);
#12723=EDGE_CURVE('',#11795,#11472,#12722,.T.);
#12724=ORIENTED_EDGE('',*,*,#12723,.T.);
#12725=ORIENTED_EDGE('',*,*,#11693,.F.);
#12726=ORIENTED_EDGE('',*,*,#12711,.F.);
#12727=EDGE_LOOP('',(#12720,#12724,#12725,#12726));
#12728=FACE_OUTER_BOUND('',#12727,.T.);
#12729=AXIS2_PLACEMENT_3D('',#11796,#3172,#3380);
#12730=PLANE('',#12729);
#12731=ADVANCED_FACE('',(#12728),#12730,.T.);
#12732=ORIENTED_EDGE('',*,*,#11950,.T.);
#12733=VECTOR('',#367,1.);
#12734=LINE('',#11792,#12733);
#12735=EDGE_CURVE('',#11793,#11474,#12734,.T.);
#12736=ORIENTED_EDGE('',*,*,#12735,.T.);
#12737=ORIENTED_EDGE('',*,*,#11697,.F.);
#12738=ORIENTED_EDGE('',*,*,#12723,.F.);
#12739=EDGE_LOOP('',(#12732,#12736,#12737,#12738));
#12740=FACE_OUTER_BOUND('',#12739,.T.);
#12741=AXIS2_PLACEMENT_3D('',#11794,#3159,#3367);
#12742=PLANE('',#12741);
#12743=ADVANCED_FACE('',(#12740),#12742,.T.);
#12744=ORIENTED_EDGE('',*,*,#11946,.T.);
#12745=VECTOR('',#367,1.);
#12746=LINE('',#11790,#12745);
#12747=EDGE_CURVE('',#11791,#11476,#12746,.T.);
#12748=ORIENTED_EDGE('',*,*,#12747,.T.);
#12749=ORIENTED_EDGE('',*,*,#11701,.F.);
#12750=ORIENTED_EDGE('',*,*,#12735,.F.);
#12751=EDGE_LOOP('',(#12744,#12748,#12749,#12750));
#12752=FACE_OUTER_BOUND('',#12751,.T.);
#12753=AXIS2_PLACEMENT_3D('',#11792,#1854,#3354);
#12754=PLANE('',#12753);
#12755=ADVANCED_FACE('',(#12752),#12754,.T.);
#12756=ORIENTED_EDGE('',*,*,#11942,.T.);
#12757=VECTOR('',#367,1.);
#12758=LINE('',#11788,#12757);
#12759=EDGE_CURVE('',#11789,#11478,#12758,.T.);
#12760=ORIENTED_EDGE('',*,*,#12759,.T.);
#12761=ORIENTED_EDGE('',*,*,#11705,.F.);
#12762=ORIENTED_EDGE('',*,*,#12747,.F.);
#12763=EDGE_LOOP('',(#12756,#12760,#12761,#12762));
#12764=FACE_OUTER_BOUND('',#12763,.T.);
#12765=AXIS2_PLACEMENT_3D('',#11790,#1849,#3341);
#12766=PLANE('',#12765);
#12767=ADVANCED_FACE('',(#12764),#12766,.T.);
#12768=ORIENTED_EDGE('',*,*,#11938,.T.);
#12769=VECTOR('',#367,1.);
#12770=LINE('',#11786,#12769);
#12771=EDGE_CURVE('',#11787,#11480,#12770,.T.);
#12772=ORIENTED_EDGE('',*,*,#12771,.T.);
#12773=ORIENTED_EDGE('',*,*,#11709,.F.);
#12774=ORIENTED_EDGE('',*,*,#12759,.F.);
#12775=EDGE_LOOP('',(#12768,#12772,#12773,#12774));
#12776=FACE_OUTER_BOUND('',#12775,.T.);
#12777=AXIS2_PLACEMENT_3D('',#11788,#1844,#3328);
#12778=PLANE('',#12777);
#12779=ADVANCED_FACE('',(#12776),#12778,.T.);
#12780=ORIENTED_EDGE('',*,*,#11934,.T.);
#12781=VECTOR('',#367,1.);
#12782=LINE('',#11784,#12781);
#12783=EDGE_CURVE('',#11785,#11482,#12782,.T.);
#12784=ORIENTED_EDGE('',*,*,#12783,.T.);
#12785=ORIENTED_EDGE('',*,*,#11713,.F.);
#12786=ORIENTED_EDGE('',*,*,#12771,.F.);
#12787=EDGE_LOOP('',(#12780,#12784,#12785,#12786));
#12788=FACE_OUTER_BOUND('',#12787,.T.);
#12789=AXIS2_PLACEMENT_3D('',#11786,#3110,#3315);
#12790=PLANE('',#12789);
#12791=ADVANCED_FACE('',(#12788),#12790,.T.);
#12792=ORIENTED_EDGE('',*,*,#11930,.T.);
#12793=VECTOR('',#367,1.);
#12794=LINE('',#11782,#12793);
#12795=EDGE_CURVE('',#11783,#11484,#12794,.T.);
#12796=ORIENTED_EDGE('',*,*,#12795,.T.);
#12797=ORIENTED_EDGE('',*,*,#11717,.F.);
#12798=ORIENTED_EDGE('',*,*,#12783,.F.);
#12799=EDGE_LOOP('',(#12792,#12796,#12797,#12798));
#12800=FACE_OUTER_BOUND('',#12799,.T.);
#12801=AXIS2_PLACEMENT_3D('',#11784,#1834,#3302);
#12802=PLANE('',#12801);
#12803=ADVANCED_FACE('',(#12800),#12802,.T.);
#12804=ORIENTED_EDGE('',*,*,#11926,.T.);
#12805=VECTOR('',#367,1.);
#12806=LINE('',#11780,#12805);
#12807=EDGE_CURVE('',#11781,#11486,#12806,.T.);
#12808=ORIENTED_EDGE('',*,*,#12807,.T.);
#12809=ORIENTED_EDGE('',*,*,#11721,.F.);
#12810=ORIENTED_EDGE('',*,*,#12795,.F.);
#12811=EDGE_LOOP('',(#12804,#12808,#12809,#12810));
#12812=FACE_OUTER_BOUND('',#12811,.T.);
#12813=AXIS2_PLACEMENT_3D('',#11782,#3085,#3289);
#12814=PLANE('',#12813);
#12815=ADVANCED_FACE('',(#12812),#12814,.T.);
#12816=ORIENTED_EDGE('',*,*,#11922,.T.);
#12817=VECTOR('',#367,1.);
#12818=LINE('',#11778,#12817);
#12819=EDGE_CURVE('',#11779,#11488,#12818,.T.);
#12820=ORIENTED_EDGE('',*,*,#12819,.T.);
#12821=ORIENTED_EDGE('',*,*,#11725,.F.);
#12822=ORIENTED_EDGE('',*,*,#12807,.F.);
#12823=EDGE_LOOP('',(#12816,#12820,#12821,#12822));
#12824=FACE_OUTER_BOUND('',#12823,.T.);
#12825=AXIS2_PLACEMENT_3D('',#11780,#3072,#3276);
#12826=PLANE('',#12825);
#12827=ADVANCED_FACE('',(#12824),#12826,.T.);
#12828=ORIENTED_EDGE('',*,*,#11918,.T.);
#12829=VECTOR('',#367,1.);
#12830=LINE('',#11776,#12829);
#12831=EDGE_CURVE('',#11777,#11490,#12830,.T.);
#12832=ORIENTED_EDGE('',*,*,#12831,.T.);
#12833=ORIENTED_EDGE('',*,*,#11729,.F.);
#12834=ORIENTED_EDGE('',*,*,#12819,.F.);
#12835=EDGE_LOOP('',(#12828,#12832,#12833,#12834));
#12836=FACE_OUTER_BOUND('',#12835,.T.);
#12837=AXIS2_PLACEMENT_3D('',#11778,#3059,#3263);
#12838=PLANE('',#12837);
#12839=ADVANCED_FACE('',(#12836),#12838,.T.);
#12840=ORIENTED_EDGE('',*,*,#11914,.T.);
#12841=VECTOR('',#367,1.);
#12842=LINE('',#11774,#12841);
#12843=EDGE_CURVE('',#11775,#11492,#12842,.T.);
#12844=ORIENTED_EDGE('',*,*,#12843,.T.);
#12845=ORIENTED_EDGE('',*,*,#11733,.F.);
#12846=ORIENTED_EDGE('',*,*,#12831,.F.);
#12847=EDGE_LOOP('',(#12840,#12844,#12845,#12846));
#12848=FACE_OUTER_BOUND('',#12847,.T.);
#12849=AXIS2_PLACEMENT_3D('',#11776,#3046,#3250);
#12850=PLANE('',#12849);
#12851=ADVANCED_FACE('',(#12848),#12850,.T.);
#12852=ORIENTED_EDGE('',*,*,#11910,.T.);
#12853=VECTOR('',#367,1.);
#12854=LINE('',#11772,#12853);
#12855=EDGE_CURVE('',#11773,#11494,#12854,.T.);
#12856=ORIENTED_EDGE('',*,*,#12855,.T.);
#12857=ORIENTED_EDGE('',*,*,#11737,.F.);
#12858=ORIENTED_EDGE('',*,*,#12843,.F.);
#12859=EDGE_LOOP('',(#12852,#12856,#12857,#12858));
#12860=FACE_OUTER_BOUND('',#12859,.T.);
#12861=AXIS2_PLACEMENT_3D('',#11774,#1809,#3237);
#12862=PLANE('',#12861);
#12863=ADVANCED_FACE('',(#12860),#12862,.T.);
#12864=ORIENTED_EDGE('',*,*,#11906,.T.);
#12865=VECTOR('',#367,1.);
#12866=LINE('',#11770,#12865);
#12867=EDGE_CURVE('',#11771,#11496,#12866,.T.);
#12868=ORIENTED_EDGE('',*,*,#12867,.T.);
#12869=ORIENTED_EDGE('',*,*,#11741,.F.);
#12870=ORIENTED_EDGE('',*,*,#12855,.F.);
#12871=EDGE_LOOP('',(#12864,#12868,#12869,#12870));
#12872=FACE_OUTER_BOUND('',#12871,.T.);
#12873=AXIS2_PLACEMENT_3D('',#11772,#3021,#3224);
#12874=PLANE('',#12873);
#12875=ADVANCED_FACE('',(#12872),#12874,.T.);
#12876=ORIENTED_EDGE('',*,*,#11902,.T.);
#12877=VECTOR('',#367,1.);
#12878=LINE('',#11768,#12877);
#12879=EDGE_CURVE('',#11769,#11498,#12878,.T.);
#12880=ORIENTED_EDGE('',*,*,#12879,.T.);
#12881=ORIENTED_EDGE('',*,*,#11745,.F.);
#12882=ORIENTED_EDGE('',*,*,#12867,.F.);
#12883=EDGE_LOOP('',(#12876,#12880,#12881,#12882));
#12884=FACE_OUTER_BOUND('',#12883,.T.);
#12885=AXIS2_PLACEMENT_3D('',#11770,#1799,#3211);
#12886=PLANE('',#12885);
#12887=ADVANCED_FACE('',(#12884),#12886,.T.);
#12888=ORIENTED_EDGE('',*,*,#11898,.T.);
#12889=VECTOR('',#367,1.);
#12890=LINE('',#11766,#12889);
#12891=EDGE_CURVE('',#11767,#11500,#12890,.T.);
#12892=ORIENTED_EDGE('',*,*,#12891,.T.);
#12893=ORIENTED_EDGE('',*,*,#11749,.F.);
#12894=ORIENTED_EDGE('',*,*,#12879,.F.);
#12895=EDGE_LOOP('',(#12888,#12892,#12893,#12894));
#12896=FACE_OUTER_BOUND('',#12895,.T.);
#12897=AXIS2_PLACEMENT_3D('',#11768,#1794,#3198);
#12898=PLANE('',#12897);
#12899=ADVANCED_FACE('',(#12896),#12898,.T.);
#12900=ORIENTED_EDGE('',*,*,#11894,.T.);
#12901=VECTOR('',#367,1.);
#12902=LINE('',#11764,#12901);
#12903=EDGE_CURVE('',#11765,#11502,#12902,.T.);
#12904=ORIENTED_EDGE('',*,*,#12903,.T.);
#12905=ORIENTED_EDGE('',*,*,#11753,.F.);
#12906=ORIENTED_EDGE('',*,*,#12891,.F.);
#12907=EDGE_LOOP('',(#12900,#12904,#12905,#12906));
#12908=FACE_OUTER_BOUND('',#12907,.T.);
#12909=AXIS2_PLACEMENT_3D('',#11766,#1789,#3185);
#12910=PLANE('',#12909);
#12911=ADVANCED_FACE('',(#12908),#12910,.T.);
#12912=ORIENTED_EDGE('',*,*,#12146,.T.);
#12913=ORIENTED_EDGE('',*,*,#12161,.T.);
#12914=ORIENTED_EDGE('',*,*,#11757,.F.);
#12915=ORIENTED_EDGE('',*,*,#12903,.F.);
#12916=EDGE_LOOP('',(#12912,#12913,#12914,#12915));
#12917=FACE_OUTER_BOUND('',#12916,.T.);
#12918=AXIS2_PLACEMENT_3D('',#11764,#2972,#3172);
#12919=PLANE('',#12918);
#12920=ADVANCED_FACE('',(#12917),#12919,.T.);
#12921=CLOSED_SHELL('',(#11763,#12152,#12167,#12179,#12191,#12203,#12215,#12227,#12239,#12251,#12263,#12275,#12287,#12299,#12311,#12323,#12335,#12347,#12359,#12371,#12383,#12395,#12407,#12419,#12431,#12443,#12455,#12467,#12479,#12491,#12503,#12515,#12527,#12539,#12551,#12563,#12575,#12587,#12599,#12611,#12623,#12635,#12647,#12659,#12671,#12683,#12695,#12707,#12719,#12731,#12743,#12755,#12767,#12779,#12791,#12803,#12815,#12827,#12839,#12851,#12863,#12875,#12887,#12899,#12911,#12920));
#12922=MANIFOLD_SOLID_BREP('pin3',#12921);
#12923=CARTESIAN_POINT('',(19.,-20.5,16.786));
#12924=VERTEX_POINT('',#12923);
#12925=CARTESIAN_POINT('',(18.9879618,-20.2549571,16.786));
#12926=VERTEX_POINT('',#12925);
#12927=CARTESIAN_POINT('',(18.9519632,-20.0122742,16.786));
#12928=VERTEX_POINT('',#12927);
#12929=CARTESIAN_POINT('',(18.8923508,-19.7742883,16.786));
#12930=VERTEX_POINT('',#12929);
#12931=CARTESIAN_POINT('',(18.8096988,-19.5432914,16.786));
#12932=VERTEX_POINT('',#12931);
#12933=CARTESIAN_POINT('',(18.7048032,-19.3215082,16.786));
#12934=VERTEX_POINT('',#12933);
#12935=CARTESIAN_POINT('',(18.578674,-19.1110744,16.786));
#12936=VERTEX_POINT('',#12935);
#12937=CARTESIAN_POINT('',(18.4325261,-18.9140168,16.786));
#12938=VERTEX_POINT('',#12937);
#12939=CARTESIAN_POINT('',(18.267767,-18.732233,16.786));
#12940=VERTEX_POINT('',#12939);
#12941=CARTESIAN_POINT('',(18.0859832,-18.5674739,16.786));
#12942=VERTEX_POINT('',#12941);
#12943=CARTESIAN_POINT('',(17.8889256,-18.421326,16.786));
#12944=VERTEX_POINT('',#12943);
#12945=CARTESIAN_POINT('',(17.6784918,-18.2951968,16.786));
#12946=VERTEX_POINT('',#12945);
#12947=CARTESIAN_POINT('',(17.4567086,-18.1903012,16.786));
#12948=VERTEX_POINT('',#12947);
#12949=CARTESIAN_POINT('',(17.2257117,-18.1076492,16.786));
#12950=VERTEX_POINT('',#12949);
#12951=CARTESIAN_POINT('',(16.9877258,-18.0480368,16.786));
#12952=VERTEX_POINT('',#12951);
#12953=CARTESIAN_POINT('',(16.7450429,-18.0120382,16.786));
#12954=VERTEX_POINT('',#12953);
#12955=CARTESIAN_POINT('',(16.5,-18.,16.786));
#12956=VERTEX_POINT('',#12955);
#12957=CARTESIAN_POINT('',(16.2549571,-18.0120382,16.786));
#12958=VERTEX_POINT('',#12957);
#12959=CARTESIAN_POINT('',(16.0122742,-18.0480368,16.786));
#12960=VERTEX_POINT('',#12959);
#12961=CARTESIAN_POINT('',(15.7742883,-18.1076492,16.786));
#12962=VERTEX_POINT('',#12961);
#12963=CARTESIAN_POINT('',(15.5432914,-18.1903012,16.786));
#12964=VERTEX_POINT('',#12963);
#12965=CARTESIAN_POINT('',(15.3215082,-18.2951968,16.786));
#12966=VERTEX_POINT('',#12965);
#12967=CARTESIAN_POINT('',(15.1110744,-18.421326,16.786));
#12968=VERTEX_POINT('',#12967);
#12969=CARTESIAN_POINT('',(14.9140168,-18.5674739,16.786));
#12970=VERTEX_POINT('',#12969);
#12971=CARTESIAN_POINT('',(14.732233,-18.732233,16.786));
#12972=VERTEX_POINT('',#12971);
#12973=CARTESIAN_POINT('',(14.5674739,-18.9140168,16.786));
#12974=VERTEX_POINT('',#12973);
#12975=CARTESIAN_POINT('',(14.421326,-19.1110744,16.786));
#12976=VERTEX_POINT('',#12975);
#12977=CARTESIAN_POINT('',(14.2951968,-19.3215082,16.786));
#12978=VERTEX_POINT('',#12977);
#12979=CARTESIAN_POINT('',(14.1903012,-19.5432914,16.786));
#12980=VERTEX_POINT('',#12979);
#12981=CARTESIAN_POINT('',(14.1076492,-19.7742883,16.786));
#12982=VERTEX_POINT('',#12981);
#12983=CARTESIAN_POINT('',(14.0480368,-20.0122742,16.786));
#12984=VERTEX_POINT('',#12983);
#12985=CARTESIAN_POINT('',(14.0120382,-20.2549571,16.786));
#12986=VERTEX_POINT('',#12985);
#12987=CARTESIAN_POINT('',(14.,-20.5,16.786));
#12988=VERTEX_POINT('',#12987);
#12989=CARTESIAN_POINT('',(14.0120382,-20.7450429,16.786));
#12990=VERTEX_POINT('',#12989);
#12991=CARTESIAN_POINT('',(14.0480368,-20.9877258,16.786));
#12992=VERTEX_POINT('',#12991);
#12993=CARTESIAN_POINT('',(14.1076492,-21.2257117,16.786));
#12994=VERTEX_POINT('',#12993);
#12995=CARTESIAN_POINT('',(14.1903012,-21.4567086,16.786));
#12996=VERTEX_POINT('',#12995);
#12997=CARTESIAN_POINT('',(14.2951968,-21.6784918,16.786));
#12998=VERTEX_POINT('',#12997);
#12999=CARTESIAN_POINT('',(14.421326,-21.8889256,16.786));
#13000=VERTEX_POINT('',#12999);
#13001=CARTESIAN_POINT('',(14.5674739,-22.0859832,16.786));
#13002=VERTEX_POINT('',#13001);
#13003=CARTESIAN_POINT('',(14.732233,-22.267767,16.786));
#13004=VERTEX_POINT('',#13003);
#13005=CARTESIAN_POINT('',(14.9140168,-22.4325261,16.786));
#13006=VERTEX_POINT('',#13005);
#13007=CARTESIAN_POINT('',(15.1110744,-22.578674,16.786));
#13008=VERTEX_POINT('',#13007);
#13009=CARTESIAN_POINT('',(15.3215082,-22.7048032,16.786));
#13010=VERTEX_POINT('',#13009);
#13011=CARTESIAN_POINT('',(15.5432914,-22.8096988,16.786));
#13012=VERTEX_POINT('',#13011);
#13013=CARTESIAN_POINT('',(15.7742883,-22.8923508,16.786));
#13014=VERTEX_POINT('',#13013);
#13015=CARTESIAN_POINT('',(16.0122742,-22.9519632,16.786));
#13016=VERTEX_POINT('',#13015);
#13017=CARTESIAN_POINT('',(16.2549571,-22.9879618,16.786));
#13018=VERTEX_POINT('',#13017);
#13019=CARTESIAN_POINT('',(16.5,-23.,16.786));
#13020=VERTEX_POINT('',#13019);
#13021=CARTESIAN_POINT('',(16.7450429,-22.9879618,16.786));
#13022=VERTEX_POINT('',#13021);
#13023=CARTESIAN_POINT('',(16.9877258,-22.9519632,16.786));
#13024=VERTEX_POINT('',#13023);
#13025=CARTESIAN_POINT('',(17.2257117,-22.8923508,16.786));
#13026=VERTEX_POINT('',#13025);
#13027=CARTESIAN_POINT('',(17.4567086,-22.8096988,16.786));
#13028=VERTEX_POINT('',#13027);
#13029=CARTESIAN_POINT('',(17.6784918,-22.7048032,16.786));
#13030=VERTEX_POINT('',#13029);
#13031=CARTESIAN_POINT('',(17.8889256,-22.578674,16.786));
#13032=VERTEX_POINT('',#13031);
#13033=CARTESIAN_POINT('',(18.0859832,-22.4325261,16.786));
#13034=VERTEX_POINT('',#13033);
#13035=CARTESIAN_POINT('',(18.267767,-22.267767,16.786));
#13036=VERTEX_POINT('',#13035);
#13037=CARTESIAN_POINT('',(18.4325261,-22.0859832,16.786));
#13038=VERTEX_POINT('',#13037);
#13039=CARTESIAN_POINT('',(18.578674,-21.8889256,16.786));
#13040=VERTEX_POINT('',#13039);
#13041=CARTESIAN_POINT('',(18.7048032,-21.6784918,16.786));
#13042=VERTEX_POINT('',#13041);
#13043=CARTESIAN_POINT('',(18.8096988,-21.4567086,16.786));
#13044=VERTEX_POINT('',#13043);
#13045=CARTESIAN_POINT('',(18.8923508,-21.2257117,16.786));
#13046=VERTEX_POINT('',#13045);
#13047=CARTESIAN_POINT('',(18.9519632,-20.9877258,16.786));
#13048=VERTEX_POINT('',#13047);
#13049=CARTESIAN_POINT('',(18.9879618,-20.7450429,16.786));
#13050=VERTEX_POINT('',#13049);
#13051=VECTOR('',#3703,1.);
#13052=LINE('',#12925,#13051);
#13053=EDGE_CURVE('',#12926,#12924,#13052,.T.);
#13054=ORIENTED_EDGE('',*,*,#13053,.F.);
#13055=VECTOR('',#3708,1.);
#13056=LINE('',#12927,#13055);
#13057=EDGE_CURVE('',#12928,#12926,#13056,.T.);
#13058=ORIENTED_EDGE('',*,*,#13057,.F.);
#13059=VECTOR('',#3713,1.);
#13060=LINE('',#12929,#13059);
#13061=EDGE_CURVE('',#12930,#12928,#13060,.T.);
#13062=ORIENTED_EDGE('',*,*,#13061,.F.);
#13063=VECTOR('',#1844,1.);
#13064=LINE('',#12931,#13063);
#13065=EDGE_CURVE('',#12932,#12930,#13064,.T.);
#13066=ORIENTED_EDGE('',*,*,#13065,.F.);
#13067=VECTOR('',#3722,1.);
#13068=LINE('',#12933,#13067);
#13069=EDGE_CURVE('',#12934,#12932,#13068,.T.);
#13070=ORIENTED_EDGE('',*,*,#13069,.F.);
#13071=VECTOR('',#3727,1.);
#13072=LINE('',#12935,#13071);
#13073=EDGE_CURVE('',#12936,#12934,#13072,.T.);
#13074=ORIENTED_EDGE('',*,*,#13073,.F.);
#13075=VECTOR('',#3732,1.);
#13076=LINE('',#12937,#13075);
#13077=EDGE_CURVE('',#12938,#12936,#13076,.T.);
#13078=ORIENTED_EDGE('',*,*,#13077,.F.);
#13079=VECTOR('',#3737,1.);
#13080=LINE('',#12939,#13079);
#13081=EDGE_CURVE('',#12940,#12938,#13080,.T.);
#13082=ORIENTED_EDGE('',*,*,#13081,.F.);
#13083=VECTOR('',#3742,1.);
#13084=LINE('',#12941,#13083);
#13085=EDGE_CURVE('',#12942,#12940,#13084,.T.);
#13086=ORIENTED_EDGE('',*,*,#13085,.F.);
#13087=VECTOR('',#3747,1.);
#13088=LINE('',#12943,#13087);
#13089=EDGE_CURVE('',#12944,#12942,#13088,.T.);
#13090=ORIENTED_EDGE('',*,*,#13089,.F.);
#13091=VECTOR('',#3752,1.);
#13092=LINE('',#12945,#13091);
#13093=EDGE_CURVE('',#12946,#12944,#13092,.T.);
#13094=ORIENTED_EDGE('',*,*,#13093,.F.);
#13095=VECTOR('',#3757,1.);
#13096=LINE('',#12947,#13095);
#13097=EDGE_CURVE('',#12948,#12946,#13096,.T.);
#13098=ORIENTED_EDGE('',*,*,#13097,.F.);
#13099=VECTOR('',#1799,1.);
#13100=LINE('',#12949,#13099);
#13101=EDGE_CURVE('',#12950,#12948,#13100,.T.);
#13102=ORIENTED_EDGE('',*,*,#13101,.F.);
#13103=VECTOR('',#3766,1.);
#13104=LINE('',#12951,#13103);
#13105=EDGE_CURVE('',#12952,#12950,#13104,.T.);
#13106=ORIENTED_EDGE('',*,*,#13105,.F.);
#13107=VECTOR('',#3771,1.);
#13108=LINE('',#12953,#13107);
#13109=EDGE_CURVE('',#12954,#12952,#13108,.T.);
#13110=ORIENTED_EDGE('',*,*,#13109,.F.);
#13111=VECTOR('',#3776,1.);
#13112=LINE('',#12955,#13111);
#13113=EDGE_CURVE('',#12956,#12954,#13112,.T.);
#13114=ORIENTED_EDGE('',*,*,#13113,.F.);
#13115=VECTOR('',#3781,1.);
#13116=LINE('',#12957,#13115);
#13117=EDGE_CURVE('',#12958,#12956,#13116,.T.);
#13118=ORIENTED_EDGE('',*,*,#13117,.F.);
#13119=VECTOR('',#3786,1.);
#13120=LINE('',#12959,#13119);
#13121=EDGE_CURVE('',#12960,#12958,#13120,.T.);
#13122=ORIENTED_EDGE('',*,*,#13121,.F.);
#13123=VECTOR('',#3791,1.);
#13124=LINE('',#12961,#13123);
#13125=EDGE_CURVE('',#12962,#12960,#13124,.T.);
#13126=ORIENTED_EDGE('',*,*,#13125,.F.);
#13127=VECTOR('',#1764,1.);
#13128=LINE('',#12963,#13127);
#13129=EDGE_CURVE('',#12964,#12962,#13128,.T.);
#13130=ORIENTED_EDGE('',*,*,#13129,.F.);
#13131=VECTOR('',#3800,1.);
#13132=LINE('',#12965,#13131);
#13133=EDGE_CURVE('',#12966,#12964,#13132,.T.);
#13134=ORIENTED_EDGE('',*,*,#13133,.F.);
#13135=VECTOR('',#3805,1.);
#13136=LINE('',#12967,#13135);
#13137=EDGE_CURVE('',#12968,#12966,#13136,.T.);
#13138=ORIENTED_EDGE('',*,*,#13137,.F.);
#13139=VECTOR('',#3810,1.);
#13140=LINE('',#12969,#13139);
#13141=EDGE_CURVE('',#12970,#12968,#13140,.T.);
#13142=ORIENTED_EDGE('',*,*,#13141,.F.);
#13143=VECTOR('',#3815,1.);
#13144=LINE('',#12971,#13143);
#13145=EDGE_CURVE('',#12972,#12970,#13144,.T.);
#13146=ORIENTED_EDGE('',*,*,#13145,.F.);
#13147=VECTOR('',#3820,1.);
#13148=LINE('',#12973,#13147);
#13149=EDGE_CURVE('',#12974,#12972,#13148,.T.);
#13150=ORIENTED_EDGE('',*,*,#13149,.F.);
#13151=VECTOR('',#3825,1.);
#13152=LINE('',#12975,#13151);
#13153=EDGE_CURVE('',#12976,#12974,#13152,.T.);
#13154=ORIENTED_EDGE('',*,*,#13153,.F.);
#13155=VECTOR('',#3830,1.);
#13156=LINE('',#12977,#13155);
#13157=EDGE_CURVE('',#12978,#12976,#13156,.T.);
#13158=ORIENTED_EDGE('',*,*,#13157,.F.);
#13159=VECTOR('',#3835,1.);
#13160=LINE('',#12979,#13159);
#13161=EDGE_CURVE('',#12980,#12978,#13160,.T.);
#13162=ORIENTED_EDGE('',*,*,#13161,.F.);
#13163=VECTOR('',#1719,1.);
#13164=LINE('',#12981,#13163);
#13165=EDGE_CURVE('',#12982,#12980,#13164,.T.);
#13166=ORIENTED_EDGE('',*,*,#13165,.F.);
#13167=VECTOR('',#3844,1.);
#13168=LINE('',#12983,#13167);
#13169=EDGE_CURVE('',#12984,#12982,#13168,.T.);
#13170=ORIENTED_EDGE('',*,*,#13169,.F.);
#13171=VECTOR('',#3849,1.);
#13172=LINE('',#12985,#13171);
#13173=EDGE_CURVE('',#12986,#12984,#13172,.T.);
#13174=ORIENTED_EDGE('',*,*,#13173,.F.);
#13175=VECTOR('',#3854,1.);
#13176=LINE('',#12987,#13175);
#13177=EDGE_CURVE('',#12988,#12986,#13176,.T.);
#13178=ORIENTED_EDGE('',*,*,#13177,.F.);
#13179=VECTOR('',#3703,1.);
#13180=LINE('',#12987,#13179);
#13181=EDGE_CURVE('',#12988,#12990,#13180,.T.);
#13182=ORIENTED_EDGE('',*,*,#13181,.T.);
#13183=VECTOR('',#3708,1.);
#13184=LINE('',#12989,#13183);
#13185=EDGE_CURVE('',#12990,#12992,#13184,.T.);
#13186=ORIENTED_EDGE('',*,*,#13185,.T.);
#13187=VECTOR('',#3713,1.);
#13188=LINE('',#12991,#13187);
#13189=EDGE_CURVE('',#12992,#12994,#13188,.T.);
#13190=ORIENTED_EDGE('',*,*,#13189,.T.);
#13191=VECTOR('',#1844,1.);
#13192=LINE('',#12993,#13191);
#13193=EDGE_CURVE('',#12994,#12996,#13192,.T.);
#13194=ORIENTED_EDGE('',*,*,#13193,.T.);
#13195=VECTOR('',#3722,1.);
#13196=LINE('',#12995,#13195);
#13197=EDGE_CURVE('',#12996,#12998,#13196,.T.);
#13198=ORIENTED_EDGE('',*,*,#13197,.T.);
#13199=VECTOR('',#3727,1.);
#13200=LINE('',#12997,#13199);
#13201=EDGE_CURVE('',#12998,#13000,#13200,.T.);
#13202=ORIENTED_EDGE('',*,*,#13201,.T.);
#13203=VECTOR('',#3732,1.);
#13204=LINE('',#12999,#13203);
#13205=EDGE_CURVE('',#13000,#13002,#13204,.T.);
#13206=ORIENTED_EDGE('',*,*,#13205,.T.);
#13207=VECTOR('',#3737,1.);
#13208=LINE('',#13001,#13207);
#13209=EDGE_CURVE('',#13002,#13004,#13208,.T.);
#13210=ORIENTED_EDGE('',*,*,#13209,.T.);
#13211=VECTOR('',#3742,1.);
#13212=LINE('',#13003,#13211);
#13213=EDGE_CURVE('',#13004,#13006,#13212,.T.);
#13214=ORIENTED_EDGE('',*,*,#13213,.T.);
#13215=VECTOR('',#3747,1.);
#13216=LINE('',#13005,#13215);
#13217=EDGE_CURVE('',#13006,#13008,#13216,.T.);
#13218=ORIENTED_EDGE('',*,*,#13217,.T.);
#13219=VECTOR('',#3752,1.);
#13220=LINE('',#13007,#13219);
#13221=EDGE_CURVE('',#13008,#13010,#13220,.T.);
#13222=ORIENTED_EDGE('',*,*,#13221,.T.);
#13223=VECTOR('',#3757,1.);
#13224=LINE('',#13009,#13223);
#13225=EDGE_CURVE('',#13010,#13012,#13224,.T.);
#13226=ORIENTED_EDGE('',*,*,#13225,.T.);
#13227=VECTOR('',#1799,1.);
#13228=LINE('',#13011,#13227);
#13229=EDGE_CURVE('',#13012,#13014,#13228,.T.);
#13230=ORIENTED_EDGE('',*,*,#13229,.T.);
#13231=VECTOR('',#3766,1.);
#13232=LINE('',#13013,#13231);
#13233=EDGE_CURVE('',#13014,#13016,#13232,.T.);
#13234=ORIENTED_EDGE('',*,*,#13233,.T.);
#13235=VECTOR('',#3771,1.);
#13236=LINE('',#13015,#13235);
#13237=EDGE_CURVE('',#13016,#13018,#13236,.T.);
#13238=ORIENTED_EDGE('',*,*,#13237,.T.);
#13239=VECTOR('',#3776,1.);
#13240=LINE('',#13017,#13239);
#13241=EDGE_CURVE('',#13018,#13020,#13240,.T.);
#13242=ORIENTED_EDGE('',*,*,#13241,.T.);
#13243=VECTOR('',#3781,1.);
#13244=LINE('',#13019,#13243);
#13245=EDGE_CURVE('',#13020,#13022,#13244,.T.);
#13246=ORIENTED_EDGE('',*,*,#13245,.T.);
#13247=VECTOR('',#3786,1.);
#13248=LINE('',#13021,#13247);
#13249=EDGE_CURVE('',#13022,#13024,#13248,.T.);
#13250=ORIENTED_EDGE('',*,*,#13249,.T.);
#13251=VECTOR('',#3791,1.);
#13252=LINE('',#13023,#13251);
#13253=EDGE_CURVE('',#13024,#13026,#13252,.T.);
#13254=ORIENTED_EDGE('',*,*,#13253,.T.);
#13255=VECTOR('',#1764,1.);
#13256=LINE('',#13025,#13255);
#13257=EDGE_CURVE('',#13026,#13028,#13256,.T.);
#13258=ORIENTED_EDGE('',*,*,#13257,.T.);
#13259=VECTOR('',#3800,1.);
#13260=LINE('',#13027,#13259);
#13261=EDGE_CURVE('',#13028,#13030,#13260,.T.);
#13262=ORIENTED_EDGE('',*,*,#13261,.T.);
#13263=VECTOR('',#3805,1.);
#13264=LINE('',#13029,#13263);
#13265=EDGE_CURVE('',#13030,#13032,#13264,.T.);
#13266=ORIENTED_EDGE('',*,*,#13265,.T.);
#13267=VECTOR('',#3810,1.);
#13268=LINE('',#13031,#13267);
#13269=EDGE_CURVE('',#13032,#13034,#13268,.T.);
#13270=ORIENTED_EDGE('',*,*,#13269,.T.);
#13271=VECTOR('',#3815,1.);
#13272=LINE('',#13033,#13271);
#13273=EDGE_CURVE('',#13034,#13036,#13272,.T.);
#13274=ORIENTED_EDGE('',*,*,#13273,.T.);
#13275=VECTOR('',#3820,1.);
#13276=LINE('',#13035,#13275);
#13277=EDGE_CURVE('',#13036,#13038,#13276,.T.);
#13278=ORIENTED_EDGE('',*,*,#13277,.T.);
#13279=VECTOR('',#3825,1.);
#13280=LINE('',#13037,#13279);
#13281=EDGE_CURVE('',#13038,#13040,#13280,.T.);
#13282=ORIENTED_EDGE('',*,*,#13281,.T.);
#13283=VECTOR('',#3830,1.);
#13284=LINE('',#13039,#13283);
#13285=EDGE_CURVE('',#13040,#13042,#13284,.T.);
#13286=ORIENTED_EDGE('',*,*,#13285,.T.);
#13287=VECTOR('',#3835,1.);
#13288=LINE('',#13041,#13287);
#13289=EDGE_CURVE('',#13042,#13044,#13288,.T.);
#13290=ORIENTED_EDGE('',*,*,#13289,.T.);
#13291=VECTOR('',#1719,1.);
#13292=LINE('',#13043,#13291);
#13293=EDGE_CURVE('',#13044,#13046,#13292,.T.);
#13294=ORIENTED_EDGE('',*,*,#13293,.T.);
#13295=VECTOR('',#3844,1.);
#13296=LINE('',#13045,#13295);
#13297=EDGE_CURVE('',#13046,#13048,#13296,.T.);
#13298=ORIENTED_EDGE('',*,*,#13297,.T.);
#13299=VECTOR('',#3849,1.);
#13300=LINE('',#13047,#13299);
#13301=EDGE_CURVE('',#13048,#13050,#13300,.T.);
#13302=ORIENTED_EDGE('',*,*,#13301,.T.);
#13303=VECTOR('',#3854,1.);
#13304=LINE('',#13049,#13303);
#13305=EDGE_CURVE('',#13050,#12924,#13304,.T.);
#13306=ORIENTED_EDGE('',*,*,#13305,.T.);
#13307=EDGE_LOOP('',(#13054,#13058,#13062,#13066,#13070,#13074,#13078,#13082,#13086,#13090,#13094,#13098,#13102,#13106,#13110,#13114,#13118,#13122,#13126,#13130,#13134,#13138,#13142,#13146,#13150,#13154,#13158,#13162,#13166,#13170,#13174,#13178,#13182,#13186,#13190,#13194,#13198,#13202,#13206,#13210,#13214,#13218,#13222,#13226,#13230,#13234,#13238,#13242,#13246,#13250,#13254,#13258,#13262,#13266,#13270,#13274,#13278,#13282,#13286,#13290,#13294,#13298,#13302,#13306));
#13308=FACE_OUTER_BOUND('',#13307,.T.);
#13309=AXIS2_PLACEMENT_3D('',#12923,#367,#87);
#13310=PLANE('',#13309);
#13311=ADVANCED_FACE('',(#13308),#13310,.T.);
#13312=CARTESIAN_POINT('',(18.9879618,-20.7450429,0.));
#13313=VERTEX_POINT('',#13312);
#13314=CARTESIAN_POINT('',(18.9519632,-20.9877258,0.));
#13315=VERTEX_POINT('',#13314);
#13316=CARTESIAN_POINT('',(18.8923508,-21.2257117,0.));
#13317=VERTEX_POINT('',#13316);
#13318=CARTESIAN_POINT('',(18.8096988,-21.4567086,0.));
#13319=VERTEX_POINT('',#13318);
#13320=CARTESIAN_POINT('',(18.7048032,-21.6784918,0.));
#13321=VERTEX_POINT('',#13320);
#13322=CARTESIAN_POINT('',(18.578674,-21.8889256,0.));
#13323=VERTEX_POINT('',#13322);
#13324=CARTESIAN_POINT('',(18.4325261,-22.0859832,0.));
#13325=VERTEX_POINT('',#13324);
#13326=CARTESIAN_POINT('',(18.267767,-22.267767,0.));
#13327=VERTEX_POINT('',#13326);
#13328=CARTESIAN_POINT('',(18.0859832,-22.4325261,0.));
#13329=VERTEX_POINT('',#13328);
#13330=CARTESIAN_POINT('',(17.8889256,-22.578674,0.));
#13331=VERTEX_POINT('',#13330);
#13332=CARTESIAN_POINT('',(17.6784918,-22.7048032,0.));
#13333=VERTEX_POINT('',#13332);
#13334=CARTESIAN_POINT('',(17.4567086,-22.8096988,0.));
#13335=VERTEX_POINT('',#13334);
#13336=CARTESIAN_POINT('',(17.2257117,-22.8923508,0.));
#13337=VERTEX_POINT('',#13336);
#13338=CARTESIAN_POINT('',(16.9877258,-22.9519632,0.));
#13339=VERTEX_POINT('',#13338);
#13340=CARTESIAN_POINT('',(16.7450429,-22.9879618,0.));
#13341=VERTEX_POINT('',#13340);
#13342=CARTESIAN_POINT('',(16.5,-23.,0.));
#13343=VERTEX_POINT('',#13342);
#13344=CARTESIAN_POINT('',(16.2549571,-22.9879618,0.));
#13345=VERTEX_POINT('',#13344);
#13346=CARTESIAN_POINT('',(16.0122742,-22.9519632,0.));
#13347=VERTEX_POINT('',#13346);
#13348=CARTESIAN_POINT('',(15.7742883,-22.8923508,0.));
#13349=VERTEX_POINT('',#13348);
#13350=CARTESIAN_POINT('',(15.5432914,-22.8096988,0.));
#13351=VERTEX_POINT('',#13350);
#13352=CARTESIAN_POINT('',(15.3215082,-22.7048032,0.));
#13353=VERTEX_POINT('',#13352);
#13354=CARTESIAN_POINT('',(15.1110744,-22.578674,0.));
#13355=VERTEX_POINT('',#13354);
#13356=CARTESIAN_POINT('',(14.9140168,-22.4325261,0.));
#13357=VERTEX_POINT('',#13356);
#13358=CARTESIAN_POINT('',(14.732233,-22.267767,0.));
#13359=VERTEX_POINT('',#13358);
#13360=CARTESIAN_POINT('',(14.5674739,-22.0859832,0.));
#13361=VERTEX_POINT('',#13360);
#13362=CARTESIAN_POINT('',(14.421326,-21.8889256,0.));
#13363=VERTEX_POINT('',#13362);
#13364=CARTESIAN_POINT('',(14.2951968,-21.6784918,0.));
#13365=VERTEX_POINT('',#13364);
#13366=CARTESIAN_POINT('',(14.1903012,-21.4567086,0.));
#13367=VERTEX_POINT('',#13366);
#13368=CARTESIAN_POINT('',(14.1076492,-21.2257117,0.));
#13369=VERTEX_POINT('',#13368);
#13370=CARTESIAN_POINT('',(14.0480368,-20.9877258,0.));
#13371=VERTEX_POINT('',#13370);
#13372=CARTESIAN_POINT('',(14.0120382,-20.7450429,0.));
#13373=VERTEX_POINT('',#13372);
#13374=CARTESIAN_POINT('',(14.,-20.5,0.));
#13375=VERTEX_POINT('',#13374);
#13376=CARTESIAN_POINT('',(14.0120382,-20.2549571,0.));
#13377=VERTEX_POINT('',#13376);
#13378=CARTESIAN_POINT('',(14.0480368,-20.0122742,0.));
#13379=VERTEX_POINT('',#13378);
#13380=CARTESIAN_POINT('',(14.1076492,-19.7742883,0.));
#13381=VERTEX_POINT('',#13380);
#13382=CARTESIAN_POINT('',(14.1903012,-19.5432914,0.));
#13383=VERTEX_POINT('',#13382);
#13384=CARTESIAN_POINT('',(14.2951968,-19.3215082,0.));
#13385=VERTEX_POINT('',#13384);
#13386=CARTESIAN_POINT('',(14.421326,-19.1110744,0.));
#13387=VERTEX_POINT('',#13386);
#13388=CARTESIAN_POINT('',(14.5674739,-18.9140168,0.));
#13389=VERTEX_POINT('',#13388);
#13390=CARTESIAN_POINT('',(14.732233,-18.732233,0.));
#13391=VERTEX_POINT('',#13390);
#13392=CARTESIAN_POINT('',(14.9140168,-18.5674739,0.));
#13393=VERTEX_POINT('',#13392);
#13394=CARTESIAN_POINT('',(15.1110744,-18.421326,0.));
#13395=VERTEX_POINT('',#13394);
#13396=CARTESIAN_POINT('',(15.3215082,-18.2951968,0.));
#13397=VERTEX_POINT('',#13396);
#13398=CARTESIAN_POINT('',(15.5432914,-18.1903012,0.));
#13399=VERTEX_POINT('',#13398);
#13400=CARTESIAN_POINT('',(15.7742883,-18.1076492,0.));
#13401=VERTEX_POINT('',#13400);
#13402=CARTESIAN_POINT('',(16.0122742,-18.0480368,0.));
#13403=VERTEX_POINT('',#13402);
#13404=CARTESIAN_POINT('',(16.2549571,-18.0120382,0.));
#13405=VERTEX_POINT('',#13404);
#13406=CARTESIAN_POINT('',(16.5,-18.,0.));
#13407=VERTEX_POINT('',#13406);
#13408=CARTESIAN_POINT('',(16.7450429,-18.0120382,0.));
#13409=VERTEX_POINT('',#13408);
#13410=CARTESIAN_POINT('',(16.9877258,-18.0480368,0.));
#13411=VERTEX_POINT('',#13410);
#13412=CARTESIAN_POINT('',(17.2257117,-18.1076492,0.));
#13413=VERTEX_POINT('',#13412);
#13414=CARTESIAN_POINT('',(17.4567086,-18.1903012,0.));
#13415=VERTEX_POINT('',#13414);
#13416=CARTESIAN_POINT('',(17.6784918,-18.2951968,0.));
#13417=VERTEX_POINT('',#13416);
#13418=CARTESIAN_POINT('',(17.8889256,-18.421326,0.));
#13419=VERTEX_POINT('',#13418);
#13420=CARTESIAN_POINT('',(18.0859832,-18.5674739,0.));
#13421=VERTEX_POINT('',#13420);
#13422=CARTESIAN_POINT('',(18.267767,-18.732233,0.));
#13423=VERTEX_POINT('',#13422);
#13424=CARTESIAN_POINT('',(18.4325261,-18.9140168,0.));
#13425=VERTEX_POINT('',#13424);
#13426=CARTESIAN_POINT('',(18.578674,-19.1110744,0.));
#13427=VERTEX_POINT('',#13426);
#13428=CARTESIAN_POINT('',(18.7048032,-19.3215082,0.));
#13429=VERTEX_POINT('',#13428);
#13430=CARTESIAN_POINT('',(18.8096988,-19.5432914,0.));
#13431=VERTEX_POINT('',#13430);
#13432=CARTESIAN_POINT('',(18.8923508,-19.7742883,0.));
#13433=VERTEX_POINT('',#13432);
#13434=CARTESIAN_POINT('',(18.9519632,-20.0122742,0.));
#13435=VERTEX_POINT('',#13434);
#13436=CARTESIAN_POINT('',(18.9879618,-20.2549571,0.));
#13437=VERTEX_POINT('',#13436);
#13438=CARTESIAN_POINT('',(19.,-20.5,0.));
#13439=VERTEX_POINT('',#13438);
#13440=VECTOR('',#3849,1.);
#13441=LINE('',#13314,#13440);
#13442=EDGE_CURVE('',#13315,#13313,#13441,.T.);
#13443=ORIENTED_EDGE('',*,*,#13442,.F.);
#13444=VECTOR('',#3844,1.);
#13445=LINE('',#13316,#13444);
#13446=EDGE_CURVE('',#13317,#13315,#13445,.T.);
#13447=ORIENTED_EDGE('',*,*,#13446,.F.);
#13448=VECTOR('',#1719,1.);
#13449=LINE('',#13318,#13448);
#13450=EDGE_CURVE('',#13319,#13317,#13449,.T.);
#13451=ORIENTED_EDGE('',*,*,#13450,.F.);
#13452=VECTOR('',#3835,1.);
#13453=LINE('',#13320,#13452);
#13454=EDGE_CURVE('',#13321,#13319,#13453,.T.);
#13455=ORIENTED_EDGE('',*,*,#13454,.F.);
#13456=VECTOR('',#3830,1.);
#13457=LINE('',#13322,#13456);
#13458=EDGE_CURVE('',#13323,#13321,#13457,.T.);
#13459=ORIENTED_EDGE('',*,*,#13458,.F.);
#13460=VECTOR('',#3825,1.);
#13461=LINE('',#13324,#13460);
#13462=EDGE_CURVE('',#13325,#13323,#13461,.T.);
#13463=ORIENTED_EDGE('',*,*,#13462,.F.);
#13464=VECTOR('',#3820,1.);
#13465=LINE('',#13326,#13464);
#13466=EDGE_CURVE('',#13327,#13325,#13465,.T.);
#13467=ORIENTED_EDGE('',*,*,#13466,.F.);
#13468=VECTOR('',#3815,1.);
#13469=LINE('',#13328,#13468);
#13470=EDGE_CURVE('',#13329,#13327,#13469,.T.);
#13471=ORIENTED_EDGE('',*,*,#13470,.F.);
#13472=VECTOR('',#3810,1.);
#13473=LINE('',#13330,#13472);
#13474=EDGE_CURVE('',#13331,#13329,#13473,.T.);
#13475=ORIENTED_EDGE('',*,*,#13474,.F.);
#13476=VECTOR('',#3805,1.);
#13477=LINE('',#13332,#13476);
#13478=EDGE_CURVE('',#13333,#13331,#13477,.T.);
#13479=ORIENTED_EDGE('',*,*,#13478,.F.);
#13480=VECTOR('',#3800,1.);
#13481=LINE('',#13334,#13480);
#13482=EDGE_CURVE('',#13335,#13333,#13481,.T.);
#13483=ORIENTED_EDGE('',*,*,#13482,.F.);
#13484=VECTOR('',#1764,1.);
#13485=LINE('',#13336,#13484);
#13486=EDGE_CURVE('',#13337,#13335,#13485,.T.);
#13487=ORIENTED_EDGE('',*,*,#13486,.F.);
#13488=VECTOR('',#3791,1.);
#13489=LINE('',#13338,#13488);
#13490=EDGE_CURVE('',#13339,#13337,#13489,.T.);
#13491=ORIENTED_EDGE('',*,*,#13490,.F.);
#13492=VECTOR('',#3786,1.);
#13493=LINE('',#13340,#13492);
#13494=EDGE_CURVE('',#13341,#13339,#13493,.T.);
#13495=ORIENTED_EDGE('',*,*,#13494,.F.);
#13496=VECTOR('',#3781,1.);
#13497=LINE('',#13342,#13496);
#13498=EDGE_CURVE('',#13343,#13341,#13497,.T.);
#13499=ORIENTED_EDGE('',*,*,#13498,.F.);
#13500=VECTOR('',#3776,1.);
#13501=LINE('',#13344,#13500);
#13502=EDGE_CURVE('',#13345,#13343,#13501,.T.);
#13503=ORIENTED_EDGE('',*,*,#13502,.F.);
#13504=VECTOR('',#3771,1.);
#13505=LINE('',#13346,#13504);
#13506=EDGE_CURVE('',#13347,#13345,#13505,.T.);
#13507=ORIENTED_EDGE('',*,*,#13506,.F.);
#13508=VECTOR('',#3766,1.);
#13509=LINE('',#13348,#13508);
#13510=EDGE_CURVE('',#13349,#13347,#13509,.T.);
#13511=ORIENTED_EDGE('',*,*,#13510,.F.);
#13512=VECTOR('',#1799,1.);
#13513=LINE('',#13350,#13512);
#13514=EDGE_CURVE('',#13351,#13349,#13513,.T.);
#13515=ORIENTED_EDGE('',*,*,#13514,.F.);
#13516=VECTOR('',#3757,1.);
#13517=LINE('',#13352,#13516);
#13518=EDGE_CURVE('',#13353,#13351,#13517,.T.);
#13519=ORIENTED_EDGE('',*,*,#13518,.F.);
#13520=VECTOR('',#3752,1.);
#13521=LINE('',#13354,#13520);
#13522=EDGE_CURVE('',#13355,#13353,#13521,.T.);
#13523=ORIENTED_EDGE('',*,*,#13522,.F.);
#13524=VECTOR('',#3747,1.);
#13525=LINE('',#13356,#13524);
#13526=EDGE_CURVE('',#13357,#13355,#13525,.T.);
#13527=ORIENTED_EDGE('',*,*,#13526,.F.);
#13528=VECTOR('',#3742,1.);
#13529=LINE('',#13358,#13528);
#13530=EDGE_CURVE('',#13359,#13357,#13529,.T.);
#13531=ORIENTED_EDGE('',*,*,#13530,.F.);
#13532=VECTOR('',#3737,1.);
#13533=LINE('',#13360,#13532);
#13534=EDGE_CURVE('',#13361,#13359,#13533,.T.);
#13535=ORIENTED_EDGE('',*,*,#13534,.F.);
#13536=VECTOR('',#3732,1.);
#13537=LINE('',#13362,#13536);
#13538=EDGE_CURVE('',#13363,#13361,#13537,.T.);
#13539=ORIENTED_EDGE('',*,*,#13538,.F.);
#13540=VECTOR('',#3727,1.);
#13541=LINE('',#13364,#13540);
#13542=EDGE_CURVE('',#13365,#13363,#13541,.T.);
#13543=ORIENTED_EDGE('',*,*,#13542,.F.);
#13544=VECTOR('',#3722,1.);
#13545=LINE('',#13366,#13544);
#13546=EDGE_CURVE('',#13367,#13365,#13545,.T.);
#13547=ORIENTED_EDGE('',*,*,#13546,.F.);
#13548=VECTOR('',#1844,1.);
#13549=LINE('',#13368,#13548);
#13550=EDGE_CURVE('',#13369,#13367,#13549,.T.);
#13551=ORIENTED_EDGE('',*,*,#13550,.F.);
#13552=VECTOR('',#3713,1.);
#13553=LINE('',#13370,#13552);
#13554=EDGE_CURVE('',#13371,#13369,#13553,.T.);
#13555=ORIENTED_EDGE('',*,*,#13554,.F.);
#13556=VECTOR('',#3708,1.);
#13557=LINE('',#13372,#13556);
#13558=EDGE_CURVE('',#13373,#13371,#13557,.T.);
#13559=ORIENTED_EDGE('',*,*,#13558,.F.);
#13560=VECTOR('',#3703,1.);
#13561=LINE('',#13374,#13560);
#13562=EDGE_CURVE('',#13375,#13373,#13561,.T.);
#13563=ORIENTED_EDGE('',*,*,#13562,.F.);
#13564=VECTOR('',#3854,1.);
#13565=LINE('',#13374,#13564);
#13566=EDGE_CURVE('',#13375,#13377,#13565,.T.);
#13567=ORIENTED_EDGE('',*,*,#13566,.T.);
#13568=VECTOR('',#3849,1.);
#13569=LINE('',#13376,#13568);
#13570=EDGE_CURVE('',#13377,#13379,#13569,.T.);
#13571=ORIENTED_EDGE('',*,*,#13570,.T.);
#13572=VECTOR('',#3844,1.);
#13573=LINE('',#13378,#13572);
#13574=EDGE_CURVE('',#13379,#13381,#13573,.T.);
#13575=ORIENTED_EDGE('',*,*,#13574,.T.);
#13576=VECTOR('',#1719,1.);
#13577=LINE('',#13380,#13576);
#13578=EDGE_CURVE('',#13381,#13383,#13577,.T.);
#13579=ORIENTED_EDGE('',*,*,#13578,.T.);
#13580=VECTOR('',#3835,1.);
#13581=LINE('',#13382,#13580);
#13582=EDGE_CURVE('',#13383,#13385,#13581,.T.);
#13583=ORIENTED_EDGE('',*,*,#13582,.T.);
#13584=VECTOR('',#3830,1.);
#13585=LINE('',#13384,#13584);
#13586=EDGE_CURVE('',#13385,#13387,#13585,.T.);
#13587=ORIENTED_EDGE('',*,*,#13586,.T.);
#13588=VECTOR('',#3825,1.);
#13589=LINE('',#13386,#13588);
#13590=EDGE_CURVE('',#13387,#13389,#13589,.T.);
#13591=ORIENTED_EDGE('',*,*,#13590,.T.);
#13592=VECTOR('',#3820,1.);
#13593=LINE('',#13388,#13592);
#13594=EDGE_CURVE('',#13389,#13391,#13593,.T.);
#13595=ORIENTED_EDGE('',*,*,#13594,.T.);
#13596=VECTOR('',#3815,1.);
#13597=LINE('',#13390,#13596);
#13598=EDGE_CURVE('',#13391,#13393,#13597,.T.);
#13599=ORIENTED_EDGE('',*,*,#13598,.T.);
#13600=VECTOR('',#3810,1.);
#13601=LINE('',#13392,#13600);
#13602=EDGE_CURVE('',#13393,#13395,#13601,.T.);
#13603=ORIENTED_EDGE('',*,*,#13602,.T.);
#13604=VECTOR('',#3805,1.);
#13605=LINE('',#13394,#13604);
#13606=EDGE_CURVE('',#13395,#13397,#13605,.T.);
#13607=ORIENTED_EDGE('',*,*,#13606,.T.);
#13608=VECTOR('',#3800,1.);
#13609=LINE('',#13396,#13608);
#13610=EDGE_CURVE('',#13397,#13399,#13609,.T.);
#13611=ORIENTED_EDGE('',*,*,#13610,.T.);
#13612=VECTOR('',#1764,1.);
#13613=LINE('',#13398,#13612);
#13614=EDGE_CURVE('',#13399,#13401,#13613,.T.);
#13615=ORIENTED_EDGE('',*,*,#13614,.T.);
#13616=VECTOR('',#3791,1.);
#13617=LINE('',#13400,#13616);
#13618=EDGE_CURVE('',#13401,#13403,#13617,.T.);
#13619=ORIENTED_EDGE('',*,*,#13618,.T.);
#13620=VECTOR('',#3786,1.);
#13621=LINE('',#13402,#13620);
#13622=EDGE_CURVE('',#13403,#13405,#13621,.T.);
#13623=ORIENTED_EDGE('',*,*,#13622,.T.);
#13624=VECTOR('',#3781,1.);
#13625=LINE('',#13404,#13624);
#13626=EDGE_CURVE('',#13405,#13407,#13625,.T.);
#13627=ORIENTED_EDGE('',*,*,#13626,.T.);
#13628=VECTOR('',#3776,1.);
#13629=LINE('',#13406,#13628);
#13630=EDGE_CURVE('',#13407,#13409,#13629,.T.);
#13631=ORIENTED_EDGE('',*,*,#13630,.T.);
#13632=VECTOR('',#3771,1.);
#13633=LINE('',#13408,#13632);
#13634=EDGE_CURVE('',#13409,#13411,#13633,.T.);
#13635=ORIENTED_EDGE('',*,*,#13634,.T.);
#13636=VECTOR('',#3766,1.);
#13637=LINE('',#13410,#13636);
#13638=EDGE_CURVE('',#13411,#13413,#13637,.T.);
#13639=ORIENTED_EDGE('',*,*,#13638,.T.);
#13640=VECTOR('',#1799,1.);
#13641=LINE('',#13412,#13640);
#13642=EDGE_CURVE('',#13413,#13415,#13641,.T.);
#13643=ORIENTED_EDGE('',*,*,#13642,.T.);
#13644=VECTOR('',#3757,1.);
#13645=LINE('',#13414,#13644);
#13646=EDGE_CURVE('',#13415,#13417,#13645,.T.);
#13647=ORIENTED_EDGE('',*,*,#13646,.T.);
#13648=VECTOR('',#3752,1.);
#13649=LINE('',#13416,#13648);
#13650=EDGE_CURVE('',#13417,#13419,#13649,.T.);
#13651=ORIENTED_EDGE('',*,*,#13650,.T.);
#13652=VECTOR('',#3747,1.);
#13653=LINE('',#13418,#13652);
#13654=EDGE_CURVE('',#13419,#13421,#13653,.T.);
#13655=ORIENTED_EDGE('',*,*,#13654,.T.);
#13656=VECTOR('',#3742,1.);
#13657=LINE('',#13420,#13656);
#13658=EDGE_CURVE('',#13421,#13423,#13657,.T.);
#13659=ORIENTED_EDGE('',*,*,#13658,.T.);
#13660=VECTOR('',#3737,1.);
#13661=LINE('',#13422,#13660);
#13662=EDGE_CURVE('',#13423,#13425,#13661,.T.);
#13663=ORIENTED_EDGE('',*,*,#13662,.T.);
#13664=VECTOR('',#3732,1.);
#13665=LINE('',#13424,#13664);
#13666=EDGE_CURVE('',#13425,#13427,#13665,.T.);
#13667=ORIENTED_EDGE('',*,*,#13666,.T.);
#13668=VECTOR('',#3727,1.);
#13669=LINE('',#13426,#13668);
#13670=EDGE_CURVE('',#13427,#13429,#13669,.T.);
#13671=ORIENTED_EDGE('',*,*,#13670,.T.);
#13672=VECTOR('',#3722,1.);
#13673=LINE('',#13428,#13672);
#13674=EDGE_CURVE('',#13429,#13431,#13673,.T.);
#13675=ORIENTED_EDGE('',*,*,#13674,.T.);
#13676=VECTOR('',#1844,1.);
#13677=LINE('',#13430,#13676);
#13678=EDGE_CURVE('',#13431,#13433,#13677,.T.);
#13679=ORIENTED_EDGE('',*,*,#13678,.T.);
#13680=VECTOR('',#3713,1.);
#13681=LINE('',#13432,#13680);
#13682=EDGE_CURVE('',#13433,#13435,#13681,.T.);
#13683=ORIENTED_EDGE('',*,*,#13682,.T.);
#13684=VECTOR('',#3708,1.);
#13685=LINE('',#13434,#13684);
#13686=EDGE_CURVE('',#13435,#13437,#13685,.T.);
#13687=ORIENTED_EDGE('',*,*,#13686,.T.);
#13688=VECTOR('',#3703,1.);
#13689=LINE('',#13436,#13688);
#13690=EDGE_CURVE('',#13437,#13439,#13689,.T.);
#13691=ORIENTED_EDGE('',*,*,#13690,.T.);
#13692=VECTOR('',#3854,1.);
#13693=LINE('',#13312,#13692);
#13694=EDGE_CURVE('',#13313,#13439,#13693,.T.);
#13695=ORIENTED_EDGE('',*,*,#13694,.F.);
#13696=EDGE_LOOP('',(#13443,#13447,#13451,#13455,#13459,#13463,#13467,#13471,#13475,#13479,#13483,#13487,#13491,#13495,#13499,#13503,#13507,#13511,#13515,#13519,#13523,#13527,#13531,#13535,#13539,#13543,#13547,#13551,#13555,#13559,#13563,#13567,#13571,#13575,#13579,#13583,#13587,#13591,#13595,#13599,#13603,#13607,#13611,#13615,#13619,#13623,#13627,#13631,#13635,#13639,#13643,#13647,#13651,#13655,#13659,#13663,#13667,#13671,#13675,#13679,#13683,#13687,#13691,#13695));
#13697=FACE_OUTER_BOUND('',#13696,.T.);
#13698=AXIS2_PLACEMENT_3D('',#13312,#711,#712);
#13699=PLANE('',#13698);
#13700=ADVANCED_FACE('',(#13697),#13699,.T.);
#13701=ORIENTED_EDGE('',*,*,#13690,.F.);
#13702=VECTOR('',#367,1.);
#13703=LINE('',#13436,#13702);
#13704=EDGE_CURVE('',#13437,#12926,#13703,.T.);
#13705=ORIENTED_EDGE('',*,*,#13704,.T.);
#13706=ORIENTED_EDGE('',*,*,#13053,.T.);
#13707=VECTOR('',#367,1.);
#13708=LINE('',#13438,#13707);
#13709=EDGE_CURVE('',#13439,#12924,#13708,.T.);
#13710=ORIENTED_EDGE('',*,*,#13709,.F.);
#13711=EDGE_LOOP('',(#13701,#13705,#13706,#13710));
#13712=FACE_OUTER_BOUND('',#13711,.T.);
#13713=AXIS2_PLACEMENT_3D('',#13438,#2958,#3159);
#13714=PLANE('',#13713);
#13715=ADVANCED_FACE('',(#13712),#13714,.T.);
#13716=ORIENTED_EDGE('',*,*,#13686,.F.);
#13717=VECTOR('',#367,1.);
#13718=LINE('',#13434,#13717);
#13719=EDGE_CURVE('',#13435,#12928,#13718,.T.);
#13720=ORIENTED_EDGE('',*,*,#13719,.T.);
#13721=ORIENTED_EDGE('',*,*,#13057,.T.);
#13722=ORIENTED_EDGE('',*,*,#13704,.F.);
#13723=EDGE_LOOP('',(#13716,#13720,#13721,#13722));
#13724=FACE_OUTER_BOUND('',#13723,.T.);
#13725=AXIS2_PLACEMENT_3D('',#13436,#1774,#1854);
#13726=PLANE('',#13725);
#13727=ADVANCED_FACE('',(#13724),#13726,.T.);
#13728=ORIENTED_EDGE('',*,*,#13682,.F.);
#13729=VECTOR('',#367,1.);
#13730=LINE('',#13432,#13729);
#13731=EDGE_CURVE('',#13433,#12930,#13730,.T.);
#13732=ORIENTED_EDGE('',*,*,#13731,.T.);
#13733=ORIENTED_EDGE('',*,*,#13061,.T.);
#13734=ORIENTED_EDGE('',*,*,#13719,.F.);
#13735=EDGE_LOOP('',(#13728,#13732,#13733,#13734));
#13736=FACE_OUTER_BOUND('',#13735,.T.);
#13737=AXIS2_PLACEMENT_3D('',#13434,#1769,#1849);
#13738=PLANE('',#13737);
#13739=ADVANCED_FACE('',(#13736),#13738,.T.);
#13740=ORIENTED_EDGE('',*,*,#13678,.F.);
#13741=VECTOR('',#367,1.);
#13742=LINE('',#13430,#13741);
#13743=EDGE_CURVE('',#13431,#12932,#13742,.T.);
#13744=ORIENTED_EDGE('',*,*,#13743,.T.);
#13745=ORIENTED_EDGE('',*,*,#13065,.T.);
#13746=ORIENTED_EDGE('',*,*,#13731,.F.);
#13747=EDGE_LOOP('',(#13740,#13744,#13745,#13746));
#13748=FACE_OUTER_BOUND('',#13747,.T.);
#13749=AXIS2_PLACEMENT_3D('',#13432,#1764,#1844);
#13750=PLANE('',#13749);
#13751=ADVANCED_FACE('',(#13748),#13750,.T.);
#13752=ORIENTED_EDGE('',*,*,#13674,.F.);
#13753=VECTOR('',#367,1.);
#13754=LINE('',#13428,#13753);
#13755=EDGE_CURVE('',#13429,#12934,#13754,.T.);
#13756=ORIENTED_EDGE('',*,*,#13755,.T.);
#13757=ORIENTED_EDGE('',*,*,#13069,.T.);
#13758=ORIENTED_EDGE('',*,*,#13743,.F.);
#13759=EDGE_LOOP('',(#13752,#13756,#13757,#13758));
#13760=FACE_OUTER_BOUND('',#13759,.T.);
#13761=AXIS2_PLACEMENT_3D('',#13430,#2905,#3110);
#13762=PLANE('',#13761);
#13763=ADVANCED_FACE('',(#13760),#13762,.T.);
#13764=ORIENTED_EDGE('',*,*,#13670,.F.);
#13765=VECTOR('',#367,1.);
#13766=LINE('',#13426,#13765);
#13767=EDGE_CURVE('',#13427,#12936,#13766,.T.);
#13768=ORIENTED_EDGE('',*,*,#13767,.T.);
#13769=ORIENTED_EDGE('',*,*,#13073,.T.);
#13770=ORIENTED_EDGE('',*,*,#13755,.F.);
#13771=EDGE_LOOP('',(#13764,#13768,#13769,#13770));
#13772=FACE_OUTER_BOUND('',#13771,.T.);
#13773=AXIS2_PLACEMENT_3D('',#13428,#1754,#1834);
#13774=PLANE('',#13773);
#13775=ADVANCED_FACE('',(#13772),#13774,.T.);
#13776=ORIENTED_EDGE('',*,*,#13666,.F.);
#13777=VECTOR('',#367,1.);
#13778=LINE('',#13424,#13777);
#13779=EDGE_CURVE('',#13425,#12938,#13778,.T.);
#13780=ORIENTED_EDGE('',*,*,#13779,.T.);
#13781=ORIENTED_EDGE('',*,*,#13077,.T.);
#13782=ORIENTED_EDGE('',*,*,#13767,.F.);
#13783=EDGE_LOOP('',(#13776,#13780,#13781,#13782));
#13784=FACE_OUTER_BOUND('',#13783,.T.);
#13785=AXIS2_PLACEMENT_3D('',#13426,#2878,#3085);
#13786=PLANE('',#13785);
#13787=ADVANCED_FACE('',(#13784),#13786,.T.);
#13788=ORIENTED_EDGE('',*,*,#13662,.F.);
#13789=VECTOR('',#367,1.);
#13790=LINE('',#13422,#13789);
#13791=EDGE_CURVE('',#13423,#12940,#13790,.T.);
#13792=ORIENTED_EDGE('',*,*,#13791,.T.);
#13793=ORIENTED_EDGE('',*,*,#13081,.T.);
#13794=ORIENTED_EDGE('',*,*,#13779,.F.);
#13795=EDGE_LOOP('',(#13788,#13792,#13793,#13794));
#13796=FACE_OUTER_BOUND('',#13795,.T.);
#13797=AXIS2_PLACEMENT_3D('',#13424,#2864,#3072);
#13798=PLANE('',#13797);
#13799=ADVANCED_FACE('',(#13796),#13798,.T.);
#13800=ORIENTED_EDGE('',*,*,#13658,.F.);
#13801=VECTOR('',#367,1.);
#13802=LINE('',#13420,#13801);
#13803=EDGE_CURVE('',#13421,#12942,#13802,.T.);
#13804=ORIENTED_EDGE('',*,*,#13803,.T.);
#13805=ORIENTED_EDGE('',*,*,#13085,.T.);
#13806=ORIENTED_EDGE('',*,*,#13791,.F.);
#13807=EDGE_LOOP('',(#13800,#13804,#13805,#13806));
#13808=FACE_OUTER_BOUND('',#13807,.T.);
#13809=AXIS2_PLACEMENT_3D('',#13422,#2850,#3059);
#13810=PLANE('',#13809);
#13811=ADVANCED_FACE('',(#13808),#13810,.T.);
#13812=ORIENTED_EDGE('',*,*,#13654,.F.);
#13813=VECTOR('',#367,1.);
#13814=LINE('',#13418,#13813);
#13815=EDGE_CURVE('',#13419,#12944,#13814,.T.);
#13816=ORIENTED_EDGE('',*,*,#13815,.T.);
#13817=ORIENTED_EDGE('',*,*,#13089,.T.);
#13818=ORIENTED_EDGE('',*,*,#13803,.F.);
#13819=EDGE_LOOP('',(#13812,#13816,#13817,#13818));
#13820=FACE_OUTER_BOUND('',#13819,.T.);
#13821=AXIS2_PLACEMENT_3D('',#13420,#2836,#3046);
#13822=PLANE('',#13821);
#13823=ADVANCED_FACE('',(#13820),#13822,.T.);
#13824=ORIENTED_EDGE('',*,*,#13650,.F.);
#13825=VECTOR('',#367,1.);
#13826=LINE('',#13416,#13825);
#13827=EDGE_CURVE('',#13417,#12946,#13826,.T.);
#13828=ORIENTED_EDGE('',*,*,#13827,.T.);
#13829=ORIENTED_EDGE('',*,*,#13093,.T.);
#13830=ORIENTED_EDGE('',*,*,#13815,.F.);
#13831=EDGE_LOOP('',(#13824,#13828,#13829,#13830));
#13832=FACE_OUTER_BOUND('',#13831,.T.);
#13833=AXIS2_PLACEMENT_3D('',#13418,#1729,#1809);
#13834=PLANE('',#13833);
#13835=ADVANCED_FACE('',(#13832),#13834,.T.);
#13836=ORIENTED_EDGE('',*,*,#13646,.F.);
#13837=VECTOR('',#367,1.);
#13838=LINE('',#13414,#13837);
#13839=EDGE_CURVE('',#13415,#12948,#13838,.T.);
#13840=ORIENTED_EDGE('',*,*,#13839,.T.);
#13841=ORIENTED_EDGE('',*,*,#13097,.T.);
#13842=ORIENTED_EDGE('',*,*,#13827,.F.);
#13843=EDGE_LOOP('',(#13836,#13840,#13841,#13842));
#13844=FACE_OUTER_BOUND('',#13843,.T.);
#13845=AXIS2_PLACEMENT_3D('',#13416,#2809,#3021);
#13846=PLANE('',#13845);
#13847=ADVANCED_FACE('',(#13844),#13846,.T.);
#13848=ORIENTED_EDGE('',*,*,#13642,.F.);
#13849=VECTOR('',#367,1.);
#13850=LINE('',#13412,#13849);
#13851=EDGE_CURVE('',#13413,#12950,#13850,.T.);
#13852=ORIENTED_EDGE('',*,*,#13851,.T.);
#13853=ORIENTED_EDGE('',*,*,#13101,.T.);
#13854=ORIENTED_EDGE('',*,*,#13839,.F.);
#13855=EDGE_LOOP('',(#13848,#13852,#13853,#13854));
#13856=FACE_OUTER_BOUND('',#13855,.T.);
#13857=AXIS2_PLACEMENT_3D('',#13414,#1719,#1799);
#13858=PLANE('',#13857);
#13859=ADVANCED_FACE('',(#13856),#13858,.T.);
#13860=ORIENTED_EDGE('',*,*,#13638,.F.);
#13861=VECTOR('',#367,1.);
#13862=LINE('',#13410,#13861);
#13863=EDGE_CURVE('',#13411,#12952,#13862,.T.);
#13864=ORIENTED_EDGE('',*,*,#13863,.T.);
#13865=ORIENTED_EDGE('',*,*,#13105,.T.);
#13866=ORIENTED_EDGE('',*,*,#13851,.F.);
#13867=EDGE_LOOP('',(#13860,#13864,#13865,#13866));
#13868=FACE_OUTER_BOUND('',#13867,.T.);
#13869=AXIS2_PLACEMENT_3D('',#13412,#1714,#1794);
#13870=PLANE('',#13869);
#13871=ADVANCED_FACE('',(#13868),#13870,.T.);
#13872=ORIENTED_EDGE('',*,*,#13634,.F.);
#13873=VECTOR('',#367,1.);
#13874=LINE('',#13408,#13873);
#13875=EDGE_CURVE('',#13409,#12954,#13874,.T.);
#13876=ORIENTED_EDGE('',*,*,#13875,.T.);
#13877=ORIENTED_EDGE('',*,*,#13109,.T.);
#13878=ORIENTED_EDGE('',*,*,#13863,.F.);
#13879=EDGE_LOOP('',(#13872,#13876,#13877,#13878));
#13880=FACE_OUTER_BOUND('',#13879,.T.);
#13881=AXIS2_PLACEMENT_3D('',#13410,#1709,#1789);
#13882=PLANE('',#13881);
#13883=ADVANCED_FACE('',(#13880),#13882,.T.);
#13884=ORIENTED_EDGE('',*,*,#13630,.F.);
#13885=VECTOR('',#367,1.);
#13886=LINE('',#13406,#13885);
#13887=EDGE_CURVE('',#13407,#12956,#13886,.T.);
#13888=ORIENTED_EDGE('',*,*,#13887,.T.);
#13889=ORIENTED_EDGE('',*,*,#13113,.T.);
#13890=ORIENTED_EDGE('',*,*,#13875,.F.);
#13891=EDGE_LOOP('',(#13884,#13888,#13889,#13890));
#13892=FACE_OUTER_BOUND('',#13891,.T.);
#13893=AXIS2_PLACEMENT_3D('',#13408,#2971,#2972);
#13894=PLANE('',#13893);
#13895=ADVANCED_FACE('',(#13892),#13894,.T.);
#13896=ORIENTED_EDGE('',*,*,#13626,.F.);
#13897=VECTOR('',#367,1.);
#13898=LINE('',#13404,#13897);
#13899=EDGE_CURVE('',#13405,#12958,#13898,.T.);
#13900=ORIENTED_EDGE('',*,*,#13899,.T.);
#13901=ORIENTED_EDGE('',*,*,#13117,.T.);
#13902=ORIENTED_EDGE('',*,*,#13887,.F.);
#13903=EDGE_LOOP('',(#13896,#13900,#13901,#13902));
#13904=FACE_OUTER_BOUND('',#13903,.T.);
#13905=AXIS2_PLACEMENT_3D('',#13406,#2957,#2958);
#13906=PLANE('',#13905);
#13907=ADVANCED_FACE('',(#13904),#13906,.T.);
#13908=ORIENTED_EDGE('',*,*,#13622,.F.);
#13909=VECTOR('',#367,1.);
#13910=LINE('',#13402,#13909);
#13911=EDGE_CURVE('',#13403,#12960,#13910,.T.);
#13912=ORIENTED_EDGE('',*,*,#13911,.T.);
#13913=ORIENTED_EDGE('',*,*,#13121,.T.);
#13914=ORIENTED_EDGE('',*,*,#13899,.F.);
#13915=EDGE_LOOP('',(#13908,#13912,#13913,#13914));
#13916=FACE_OUTER_BOUND('',#13915,.T.);
#13917=AXIS2_PLACEMENT_3D('',#13404,#2944,#1774);
#13918=PLANE('',#13917);
#13919=ADVANCED_FACE('',(#13916),#13918,.T.);
#13920=ORIENTED_EDGE('',*,*,#13618,.F.);
#13921=VECTOR('',#367,1.);
#13922=LINE('',#13400,#13921);
#13923=EDGE_CURVE('',#13401,#12962,#13922,.T.);
#13924=ORIENTED_EDGE('',*,*,#13923,.T.);
#13925=ORIENTED_EDGE('',*,*,#13125,.T.);
#13926=ORIENTED_EDGE('',*,*,#13911,.F.);
#13927=EDGE_LOOP('',(#13920,#13924,#13925,#13926));
#13928=FACE_OUTER_BOUND('',#13927,.T.);
#13929=AXIS2_PLACEMENT_3D('',#13402,#2931,#1769);
#13930=PLANE('',#13929);
#13931=ADVANCED_FACE('',(#13928),#13930,.T.);
#13932=ORIENTED_EDGE('',*,*,#13614,.F.);
#13933=VECTOR('',#367,1.);
#13934=LINE('',#13398,#13933);
#13935=EDGE_CURVE('',#13399,#12964,#13934,.T.);
#13936=ORIENTED_EDGE('',*,*,#13935,.T.);
#13937=ORIENTED_EDGE('',*,*,#13129,.T.);
#13938=ORIENTED_EDGE('',*,*,#13923,.F.);
#13939=EDGE_LOOP('',(#13932,#13936,#13937,#13938));
#13940=FACE_OUTER_BOUND('',#13939,.T.);
#13941=AXIS2_PLACEMENT_3D('',#13400,#2918,#1764);
#13942=PLANE('',#13941);
#13943=ADVANCED_FACE('',(#13940),#13942,.T.);
#13944=ORIENTED_EDGE('',*,*,#13610,.F.);
#13945=VECTOR('',#367,1.);
#13946=LINE('',#13396,#13945);
#13947=EDGE_CURVE('',#13397,#12966,#13946,.T.);
#13948=ORIENTED_EDGE('',*,*,#13947,.T.);
#13949=ORIENTED_EDGE('',*,*,#13133,.T.);
#13950=ORIENTED_EDGE('',*,*,#13935,.F.);
#13951=EDGE_LOOP('',(#13944,#13948,#13949,#13950));
#13952=FACE_OUTER_BOUND('',#13951,.T.);
#13953=AXIS2_PLACEMENT_3D('',#13398,#2904,#2905);
#13954=PLANE('',#13953);
#13955=ADVANCED_FACE('',(#13952),#13954,.T.);
#13956=ORIENTED_EDGE('',*,*,#13606,.F.);
#13957=VECTOR('',#367,1.);
#13958=LINE('',#13394,#13957);
#13959=EDGE_CURVE('',#13395,#12968,#13958,.T.);
#13960=ORIENTED_EDGE('',*,*,#13959,.T.);
#13961=ORIENTED_EDGE('',*,*,#13137,.T.);
#13962=ORIENTED_EDGE('',*,*,#13947,.F.);
#13963=EDGE_LOOP('',(#13956,#13960,#13961,#13962));
#13964=FACE_OUTER_BOUND('',#13963,.T.);
#13965=AXIS2_PLACEMENT_3D('',#13396,#2891,#1754);
#13966=PLANE('',#13965);
#13967=ADVANCED_FACE('',(#13964),#13966,.T.);
#13968=ORIENTED_EDGE('',*,*,#13602,.F.);
#13969=VECTOR('',#367,1.);
#13970=LINE('',#13392,#13969);
#13971=EDGE_CURVE('',#13393,#12970,#13970,.T.);
#13972=ORIENTED_EDGE('',*,*,#13971,.T.);
#13973=ORIENTED_EDGE('',*,*,#13141,.T.);
#13974=ORIENTED_EDGE('',*,*,#13959,.F.);
#13975=EDGE_LOOP('',(#13968,#13972,#13973,#13974));
#13976=FACE_OUTER_BOUND('',#13975,.T.);
#13977=AXIS2_PLACEMENT_3D('',#13394,#2877,#2878);
#13978=PLANE('',#13977);
#13979=ADVANCED_FACE('',(#13976),#13978,.T.);
#13980=ORIENTED_EDGE('',*,*,#13598,.F.);
#13981=VECTOR('',#367,1.);
#13982=LINE('',#13390,#13981);
#13983=EDGE_CURVE('',#13391,#12972,#13982,.T.);
#13984=ORIENTED_EDGE('',*,*,#13983,.T.);
#13985=ORIENTED_EDGE('',*,*,#13145,.T.);
#13986=ORIENTED_EDGE('',*,*,#13971,.F.);
#13987=EDGE_LOOP('',(#13980,#13984,#13985,#13986));
#13988=FACE_OUTER_BOUND('',#13987,.T.);
#13989=AXIS2_PLACEMENT_3D('',#13392,#2863,#2864);
#13990=PLANE('',#13989);
#13991=ADVANCED_FACE('',(#13988),#13990,.T.);
#13992=ORIENTED_EDGE('',*,*,#13594,.F.);
#13993=VECTOR('',#367,1.);
#13994=LINE('',#13388,#13993);
#13995=EDGE_CURVE('',#13389,#12974,#13994,.T.);
#13996=ORIENTED_EDGE('',*,*,#13995,.T.);
#13997=ORIENTED_EDGE('',*,*,#13149,.T.);
#13998=ORIENTED_EDGE('',*,*,#13983,.F.);
#13999=EDGE_LOOP('',(#13992,#13996,#13997,#13998));
#14000=FACE_OUTER_BOUND('',#13999,.T.);
#14001=AXIS2_PLACEMENT_3D('',#13390,#2849,#2850);
#14002=PLANE('',#14001);
#14003=ADVANCED_FACE('',(#14000),#14002,.T.);
#14004=ORIENTED_EDGE('',*,*,#13590,.F.);
#14005=VECTOR('',#367,1.);
#14006=LINE('',#13386,#14005);
#14007=EDGE_CURVE('',#13387,#12976,#14006,.T.);
#14008=ORIENTED_EDGE('',*,*,#14007,.T.);
#14009=ORIENTED_EDGE('',*,*,#13153,.T.);
#14010=ORIENTED_EDGE('',*,*,#13995,.F.);
#14011=EDGE_LOOP('',(#14004,#14008,#14009,#14010));
#14012=FACE_OUTER_BOUND('',#14011,.T.);
#14013=AXIS2_PLACEMENT_3D('',#13388,#2835,#2836);
#14014=PLANE('',#14013);
#14015=ADVANCED_FACE('',(#14012),#14014,.T.);
#14016=ORIENTED_EDGE('',*,*,#13586,.F.);
#14017=VECTOR('',#367,1.);
#14018=LINE('',#13384,#14017);
#14019=EDGE_CURVE('',#13385,#12978,#14018,.T.);
#14020=ORIENTED_EDGE('',*,*,#14019,.T.);
#14021=ORIENTED_EDGE('',*,*,#13157,.T.);
#14022=ORIENTED_EDGE('',*,*,#14007,.F.);
#14023=EDGE_LOOP('',(#14016,#14020,#14021,#14022));
#14024=FACE_OUTER_BOUND('',#14023,.T.);
#14025=AXIS2_PLACEMENT_3D('',#13386,#2822,#1729);
#14026=PLANE('',#14025);
#14027=ADVANCED_FACE('',(#14024),#14026,.T.);
#14028=ORIENTED_EDGE('',*,*,#13582,.F.);
#14029=VECTOR('',#367,1.);
#14030=LINE('',#13382,#14029);
#14031=EDGE_CURVE('',#13383,#12980,#14030,.T.);
#14032=ORIENTED_EDGE('',*,*,#14031,.T.);
#14033=ORIENTED_EDGE('',*,*,#13161,.T.);
#14034=ORIENTED_EDGE('',*,*,#14019,.F.);
#14035=EDGE_LOOP('',(#14028,#14032,#14033,#14034));
#14036=FACE_OUTER_BOUND('',#14035,.T.);
#14037=AXIS2_PLACEMENT_3D('',#13384,#2808,#2809);
#14038=PLANE('',#14037);
#14039=ADVANCED_FACE('',(#14036),#14038,.T.);
#14040=ORIENTED_EDGE('',*,*,#13578,.F.);
#14041=VECTOR('',#367,1.);
#14042=LINE('',#13380,#14041);
#14043=EDGE_CURVE('',#13381,#12982,#14042,.T.);
#14044=ORIENTED_EDGE('',*,*,#14043,.T.);
#14045=ORIENTED_EDGE('',*,*,#13165,.T.);
#14046=ORIENTED_EDGE('',*,*,#14031,.F.);
#14047=EDGE_LOOP('',(#14040,#14044,#14045,#14046));
#14048=FACE_OUTER_BOUND('',#14047,.T.);
#14049=AXIS2_PLACEMENT_3D('',#13382,#2795,#1719);
#14050=PLANE('',#14049);
#14051=ADVANCED_FACE('',(#14048),#14050,.T.);
#14052=ORIENTED_EDGE('',*,*,#13574,.F.);
#14053=VECTOR('',#367,1.);
#14054=LINE('',#13378,#14053);
#14055=EDGE_CURVE('',#13379,#12984,#14054,.T.);
#14056=ORIENTED_EDGE('',*,*,#14055,.T.);
#14057=ORIENTED_EDGE('',*,*,#13169,.T.);
#14058=ORIENTED_EDGE('',*,*,#14043,.F.);
#14059=EDGE_LOOP('',(#14052,#14056,#14057,#14058));
#14060=FACE_OUTER_BOUND('',#14059,.T.);
#14061=AXIS2_PLACEMENT_3D('',#13380,#2782,#1714);
#14062=PLANE('',#14061);
#14063=ADVANCED_FACE('',(#14060),#14062,.T.);
#14064=ORIENTED_EDGE('',*,*,#13570,.F.);
#14065=VECTOR('',#367,1.);
#14066=LINE('',#13376,#14065);
#14067=EDGE_CURVE('',#13377,#12986,#14066,.T.);
#14068=ORIENTED_EDGE('',*,*,#14067,.T.);
#14069=ORIENTED_EDGE('',*,*,#13173,.T.);
#14070=ORIENTED_EDGE('',*,*,#14055,.F.);
#14071=EDGE_LOOP('',(#14064,#14068,#14069,#14070));
#14072=FACE_OUTER_BOUND('',#14071,.T.);
#14073=AXIS2_PLACEMENT_3D('',#13378,#2769,#1709);
#14074=PLANE('',#14073);
#14075=ADVANCED_FACE('',(#14072),#14074,.T.);
#14076=ORIENTED_EDGE('',*,*,#13566,.F.);
#14077=VECTOR('',#367,1.);
#14078=LINE('',#13374,#14077);
#14079=EDGE_CURVE('',#13375,#12988,#14078,.T.);
#14080=ORIENTED_EDGE('',*,*,#14079,.T.);
#14081=ORIENTED_EDGE('',*,*,#13177,.T.);
#14082=ORIENTED_EDGE('',*,*,#14067,.F.);
#14083=EDGE_LOOP('',(#14076,#14080,#14081,#14082));
#14084=FACE_OUTER_BOUND('',#14083,.T.);
#14085=AXIS2_PLACEMENT_3D('',#13376,#3380,#2971);
#14086=PLANE('',#14085);
#14087=ADVANCED_FACE('',(#14084),#14086,.T.);
#14088=ORIENTED_EDGE('',*,*,#13562,.T.);
#14089=VECTOR('',#367,1.);
#14090=LINE('',#13372,#14089);
#14091=EDGE_CURVE('',#13373,#12990,#14090,.T.);
#14092=ORIENTED_EDGE('',*,*,#14091,.T.);
#14093=ORIENTED_EDGE('',*,*,#13181,.F.);
#14094=ORIENTED_EDGE('',*,*,#14079,.F.);
#14095=EDGE_LOOP('',(#14088,#14092,#14093,#14094));
#14096=FACE_OUTER_BOUND('',#14095,.T.);
#14097=AXIS2_PLACEMENT_3D('',#13374,#3367,#2957);
#14098=PLANE('',#14097);
#14099=ADVANCED_FACE('',(#14096),#14098,.T.);
#14100=ORIENTED_EDGE('',*,*,#13558,.T.);
#14101=VECTOR('',#367,1.);
#14102=LINE('',#13370,#14101);
#14103=EDGE_CURVE('',#13371,#12992,#14102,.T.);
#14104=ORIENTED_EDGE('',*,*,#14103,.T.);
#14105=ORIENTED_EDGE('',*,*,#13185,.F.);
#14106=ORIENTED_EDGE('',*,*,#14091,.F.);
#14107=EDGE_LOOP('',(#14100,#14104,#14105,#14106));
#14108=FACE_OUTER_BOUND('',#14107,.T.);
#14109=AXIS2_PLACEMENT_3D('',#13372,#3354,#2944);
#14110=PLANE('',#14109);
#14111=ADVANCED_FACE('',(#14108),#14110,.T.);
#14112=ORIENTED_EDGE('',*,*,#13554,.T.);
#14113=VECTOR('',#367,1.);
#14114=LINE('',#13368,#14113);
#14115=EDGE_CURVE('',#13369,#12994,#14114,.T.);
#14116=ORIENTED_EDGE('',*,*,#14115,.T.);
#14117=ORIENTED_EDGE('',*,*,#13189,.F.);
#14118=ORIENTED_EDGE('',*,*,#14103,.F.);
#14119=EDGE_LOOP('',(#14112,#14116,#14117,#14118));
#14120=FACE_OUTER_BOUND('',#14119,.T.);
#14121=AXIS2_PLACEMENT_3D('',#13370,#3341,#2931);
#14122=PLANE('',#14121);
#14123=ADVANCED_FACE('',(#14120),#14122,.T.);
#14124=ORIENTED_EDGE('',*,*,#13550,.T.);
#14125=VECTOR('',#367,1.);
#14126=LINE('',#13366,#14125);
#14127=EDGE_CURVE('',#13367,#12996,#14126,.T.);
#14128=ORIENTED_EDGE('',*,*,#14127,.T.);
#14129=ORIENTED_EDGE('',*,*,#13193,.F.);
#14130=ORIENTED_EDGE('',*,*,#14115,.F.);
#14131=EDGE_LOOP('',(#14124,#14128,#14129,#14130));
#14132=FACE_OUTER_BOUND('',#14131,.T.);
#14133=AXIS2_PLACEMENT_3D('',#13368,#3328,#2918);
#14134=PLANE('',#14133);
#14135=ADVANCED_FACE('',(#14132),#14134,.T.);
#14136=ORIENTED_EDGE('',*,*,#13546,.T.);
#14137=VECTOR('',#367,1.);
#14138=LINE('',#13364,#14137);
#14139=EDGE_CURVE('',#13365,#12998,#14138,.T.);
#14140=ORIENTED_EDGE('',*,*,#14139,.T.);
#14141=ORIENTED_EDGE('',*,*,#13197,.F.);
#14142=ORIENTED_EDGE('',*,*,#14127,.F.);
#14143=EDGE_LOOP('',(#14136,#14140,#14141,#14142));
#14144=FACE_OUTER_BOUND('',#14143,.T.);
#14145=AXIS2_PLACEMENT_3D('',#13366,#3315,#2904);
#14146=PLANE('',#14145);
#14147=ADVANCED_FACE('',(#14144),#14146,.T.);
#14148=ORIENTED_EDGE('',*,*,#13542,.T.);
#14149=VECTOR('',#367,1.);
#14150=LINE('',#13362,#14149);
#14151=EDGE_CURVE('',#13363,#13000,#14150,.T.);
#14152=ORIENTED_EDGE('',*,*,#14151,.T.);
#14153=ORIENTED_EDGE('',*,*,#13201,.F.);
#14154=ORIENTED_EDGE('',*,*,#14139,.F.);
#14155=EDGE_LOOP('',(#14148,#14152,#14153,#14154));
#14156=FACE_OUTER_BOUND('',#14155,.T.);
#14157=AXIS2_PLACEMENT_3D('',#13364,#3302,#2891);
#14158=PLANE('',#14157);
#14159=ADVANCED_FACE('',(#14156),#14158,.T.);
#14160=ORIENTED_EDGE('',*,*,#13538,.T.);
#14161=VECTOR('',#367,1.);
#14162=LINE('',#13360,#14161);
#14163=EDGE_CURVE('',#13361,#13002,#14162,.T.);
#14164=ORIENTED_EDGE('',*,*,#14163,.T.);
#14165=ORIENTED_EDGE('',*,*,#13205,.F.);
#14166=ORIENTED_EDGE('',*,*,#14151,.F.);
#14167=EDGE_LOOP('',(#14160,#14164,#14165,#14166));
#14168=FACE_OUTER_BOUND('',#14167,.T.);
#14169=AXIS2_PLACEMENT_3D('',#13362,#3289,#2877);
#14170=PLANE('',#14169);
#14171=ADVANCED_FACE('',(#14168),#14170,.T.);
#14172=ORIENTED_EDGE('',*,*,#13534,.T.);
#14173=VECTOR('',#367,1.);
#14174=LINE('',#13358,#14173);
#14175=EDGE_CURVE('',#13359,#13004,#14174,.T.);
#14176=ORIENTED_EDGE('',*,*,#14175,.T.);
#14177=ORIENTED_EDGE('',*,*,#13209,.F.);
#14178=ORIENTED_EDGE('',*,*,#14163,.F.);
#14179=EDGE_LOOP('',(#14172,#14176,#14177,#14178));
#14180=FACE_OUTER_BOUND('',#14179,.T.);
#14181=AXIS2_PLACEMENT_3D('',#13360,#3276,#2863);
#14182=PLANE('',#14181);
#14183=ADVANCED_FACE('',(#14180),#14182,.T.);
#14184=ORIENTED_EDGE('',*,*,#13530,.T.);
#14185=VECTOR('',#367,1.);
#14186=LINE('',#13356,#14185);
#14187=EDGE_CURVE('',#13357,#13006,#14186,.T.);
#14188=ORIENTED_EDGE('',*,*,#14187,.T.);
#14189=ORIENTED_EDGE('',*,*,#13213,.F.);
#14190=ORIENTED_EDGE('',*,*,#14175,.F.);
#14191=EDGE_LOOP('',(#14184,#14188,#14189,#14190));
#14192=FACE_OUTER_BOUND('',#14191,.T.);
#14193=AXIS2_PLACEMENT_3D('',#13358,#3263,#2849);
#14194=PLANE('',#14193);
#14195=ADVANCED_FACE('',(#14192),#14194,.T.);
#14196=ORIENTED_EDGE('',*,*,#13526,.T.);
#14197=VECTOR('',#367,1.);
#14198=LINE('',#13354,#14197);
#14199=EDGE_CURVE('',#13355,#13008,#14198,.T.);
#14200=ORIENTED_EDGE('',*,*,#14199,.T.);
#14201=ORIENTED_EDGE('',*,*,#13217,.F.);
#14202=ORIENTED_EDGE('',*,*,#14187,.F.);
#14203=EDGE_LOOP('',(#14196,#14200,#14201,#14202));
#14204=FACE_OUTER_BOUND('',#14203,.T.);
#14205=AXIS2_PLACEMENT_3D('',#13356,#3250,#2835);
#14206=PLANE('',#14205);
#14207=ADVANCED_FACE('',(#14204),#14206,.T.);
#14208=ORIENTED_EDGE('',*,*,#13522,.T.);
#14209=VECTOR('',#367,1.);
#14210=LINE('',#13352,#14209);
#14211=EDGE_CURVE('',#13353,#13010,#14210,.T.);
#14212=ORIENTED_EDGE('',*,*,#14211,.T.);
#14213=ORIENTED_EDGE('',*,*,#13221,.F.);
#14214=ORIENTED_EDGE('',*,*,#14199,.F.);
#14215=EDGE_LOOP('',(#14208,#14212,#14213,#14214));
#14216=FACE_OUTER_BOUND('',#14215,.T.);
#14217=AXIS2_PLACEMENT_3D('',#13354,#3237,#2822);
#14218=PLANE('',#14217);
#14219=ADVANCED_FACE('',(#14216),#14218,.T.);
#14220=ORIENTED_EDGE('',*,*,#13518,.T.);
#14221=VECTOR('',#367,1.);
#14222=LINE('',#13350,#14221);
#14223=EDGE_CURVE('',#13351,#13012,#14222,.T.);
#14224=ORIENTED_EDGE('',*,*,#14223,.T.);
#14225=ORIENTED_EDGE('',*,*,#13225,.F.);
#14226=ORIENTED_EDGE('',*,*,#14211,.F.);
#14227=EDGE_LOOP('',(#14220,#14224,#14225,#14226));
#14228=FACE_OUTER_BOUND('',#14227,.T.);
#14229=AXIS2_PLACEMENT_3D('',#13352,#3224,#2808);
#14230=PLANE('',#14229);
#14231=ADVANCED_FACE('',(#14228),#14230,.T.);
#14232=ORIENTED_EDGE('',*,*,#13514,.T.);
#14233=VECTOR('',#367,1.);
#14234=LINE('',#13348,#14233);
#14235=EDGE_CURVE('',#13349,#13014,#14234,.T.);
#14236=ORIENTED_EDGE('',*,*,#14235,.T.);
#14237=ORIENTED_EDGE('',*,*,#13229,.F.);
#14238=ORIENTED_EDGE('',*,*,#14223,.F.);
#14239=EDGE_LOOP('',(#14232,#14236,#14237,#14238));
#14240=FACE_OUTER_BOUND('',#14239,.T.);
#14241=AXIS2_PLACEMENT_3D('',#13350,#3211,#2795);
#14242=PLANE('',#14241);
#14243=ADVANCED_FACE('',(#14240),#14242,.T.);
#14244=ORIENTED_EDGE('',*,*,#13510,.T.);
#14245=VECTOR('',#367,1.);
#14246=LINE('',#13346,#14245);
#14247=EDGE_CURVE('',#13347,#13016,#14246,.T.);
#14248=ORIENTED_EDGE('',*,*,#14247,.T.);
#14249=ORIENTED_EDGE('',*,*,#13233,.F.);
#14250=ORIENTED_EDGE('',*,*,#14235,.F.);
#14251=EDGE_LOOP('',(#14244,#14248,#14249,#14250));
#14252=FACE_OUTER_BOUND('',#14251,.T.);
#14253=AXIS2_PLACEMENT_3D('',#13348,#3198,#2782);
#14254=PLANE('',#14253);
#14255=ADVANCED_FACE('',(#14252),#14254,.T.);
#14256=ORIENTED_EDGE('',*,*,#13506,.T.);
#14257=VECTOR('',#367,1.);
#14258=LINE('',#13344,#14257);
#14259=EDGE_CURVE('',#13345,#13018,#14258,.T.);
#14260=ORIENTED_EDGE('',*,*,#14259,.T.);
#14261=ORIENTED_EDGE('',*,*,#13237,.F.);
#14262=ORIENTED_EDGE('',*,*,#14247,.F.);
#14263=EDGE_LOOP('',(#14256,#14260,#14261,#14262));
#14264=FACE_OUTER_BOUND('',#14263,.T.);
#14265=AXIS2_PLACEMENT_3D('',#13346,#3185,#2769);
#14266=PLANE('',#14265);
#14267=ADVANCED_FACE('',(#14264),#14266,.T.);
#14268=ORIENTED_EDGE('',*,*,#13502,.T.);
#14269=VECTOR('',#367,1.);
#14270=LINE('',#13342,#14269);
#14271=EDGE_CURVE('',#13343,#13020,#14270,.T.);
#14272=ORIENTED_EDGE('',*,*,#14271,.T.);
#14273=ORIENTED_EDGE('',*,*,#13241,.F.);
#14274=ORIENTED_EDGE('',*,*,#14259,.F.);
#14275=EDGE_LOOP('',(#14268,#14272,#14273,#14274));
#14276=FACE_OUTER_BOUND('',#14275,.T.);
#14277=AXIS2_PLACEMENT_3D('',#13344,#3172,#3380);
#14278=PLANE('',#14277);
#14279=ADVANCED_FACE('',(#14276),#14278,.T.);
#14280=ORIENTED_EDGE('',*,*,#13498,.T.);
#14281=VECTOR('',#367,1.);
#14282=LINE('',#13340,#14281);
#14283=EDGE_CURVE('',#13341,#13022,#14282,.T.);
#14284=ORIENTED_EDGE('',*,*,#14283,.T.);
#14285=ORIENTED_EDGE('',*,*,#13245,.F.);
#14286=ORIENTED_EDGE('',*,*,#14271,.F.);
#14287=EDGE_LOOP('',(#14280,#14284,#14285,#14286));
#14288=FACE_OUTER_BOUND('',#14287,.T.);
#14289=AXIS2_PLACEMENT_3D('',#13342,#3159,#3367);
#14290=PLANE('',#14289);
#14291=ADVANCED_FACE('',(#14288),#14290,.T.);
#14292=ORIENTED_EDGE('',*,*,#13494,.T.);
#14293=VECTOR('',#367,1.);
#14294=LINE('',#13338,#14293);
#14295=EDGE_CURVE('',#13339,#13024,#14294,.T.);
#14296=ORIENTED_EDGE('',*,*,#14295,.T.);
#14297=ORIENTED_EDGE('',*,*,#13249,.F.);
#14298=ORIENTED_EDGE('',*,*,#14283,.F.);
#14299=EDGE_LOOP('',(#14292,#14296,#14297,#14298));
#14300=FACE_OUTER_BOUND('',#14299,.T.);
#14301=AXIS2_PLACEMENT_3D('',#13340,#1854,#3354);
#14302=PLANE('',#14301);
#14303=ADVANCED_FACE('',(#14300),#14302,.T.);
#14304=ORIENTED_EDGE('',*,*,#13490,.T.);
#14305=VECTOR('',#367,1.);
#14306=LINE('',#13336,#14305);
#14307=EDGE_CURVE('',#13337,#13026,#14306,.T.);
#14308=ORIENTED_EDGE('',*,*,#14307,.T.);
#14309=ORIENTED_EDGE('',*,*,#13253,.F.);
#14310=ORIENTED_EDGE('',*,*,#14295,.F.);
#14311=EDGE_LOOP('',(#14304,#14308,#14309,#14310));
#14312=FACE_OUTER_BOUND('',#14311,.T.);
#14313=AXIS2_PLACEMENT_3D('',#13338,#1849,#3341);
#14314=PLANE('',#14313);
#14315=ADVANCED_FACE('',(#14312),#14314,.T.);
#14316=ORIENTED_EDGE('',*,*,#13486,.T.);
#14317=VECTOR('',#367,1.);
#14318=LINE('',#13334,#14317);
#14319=EDGE_CURVE('',#13335,#13028,#14318,.T.);
#14320=ORIENTED_EDGE('',*,*,#14319,.T.);
#14321=ORIENTED_EDGE('',*,*,#13257,.F.);
#14322=ORIENTED_EDGE('',*,*,#14307,.F.);
#14323=EDGE_LOOP('',(#14316,#14320,#14321,#14322));
#14324=FACE_OUTER_BOUND('',#14323,.T.);
#14325=AXIS2_PLACEMENT_3D('',#13336,#1844,#3328);
#14326=PLANE('',#14325);
#14327=ADVANCED_FACE('',(#14324),#14326,.T.);
#14328=ORIENTED_EDGE('',*,*,#13482,.T.);
#14329=VECTOR('',#367,1.);
#14330=LINE('',#13332,#14329);
#14331=EDGE_CURVE('',#13333,#13030,#14330,.T.);
#14332=ORIENTED_EDGE('',*,*,#14331,.T.);
#14333=ORIENTED_EDGE('',*,*,#13261,.F.);
#14334=ORIENTED_EDGE('',*,*,#14319,.F.);
#14335=EDGE_LOOP('',(#14328,#14332,#14333,#14334));
#14336=FACE_OUTER_BOUND('',#14335,.T.);
#14337=AXIS2_PLACEMENT_3D('',#13334,#3110,#3315);
#14338=PLANE('',#14337);
#14339=ADVANCED_FACE('',(#14336),#14338,.T.);
#14340=ORIENTED_EDGE('',*,*,#13478,.T.);
#14341=VECTOR('',#367,1.);
#14342=LINE('',#13330,#14341);
#14343=EDGE_CURVE('',#13331,#13032,#14342,.T.);
#14344=ORIENTED_EDGE('',*,*,#14343,.T.);
#14345=ORIENTED_EDGE('',*,*,#13265,.F.);
#14346=ORIENTED_EDGE('',*,*,#14331,.F.);
#14347=EDGE_LOOP('',(#14340,#14344,#14345,#14346));
#14348=FACE_OUTER_BOUND('',#14347,.T.);
#14349=AXIS2_PLACEMENT_3D('',#13332,#1834,#3302);
#14350=PLANE('',#14349);
#14351=ADVANCED_FACE('',(#14348),#14350,.T.);
#14352=ORIENTED_EDGE('',*,*,#13474,.T.);
#14353=VECTOR('',#367,1.);
#14354=LINE('',#13328,#14353);
#14355=EDGE_CURVE('',#13329,#13034,#14354,.T.);
#14356=ORIENTED_EDGE('',*,*,#14355,.T.);
#14357=ORIENTED_EDGE('',*,*,#13269,.F.);
#14358=ORIENTED_EDGE('',*,*,#14343,.F.);
#14359=EDGE_LOOP('',(#14352,#14356,#14357,#14358));
#14360=FACE_OUTER_BOUND('',#14359,.T.);
#14361=AXIS2_PLACEMENT_3D('',#13330,#3085,#3289);
#14362=PLANE('',#14361);
#14363=ADVANCED_FACE('',(#14360),#14362,.T.);
#14364=ORIENTED_EDGE('',*,*,#13470,.T.);
#14365=VECTOR('',#367,1.);
#14366=LINE('',#13326,#14365);
#14367=EDGE_CURVE('',#13327,#13036,#14366,.T.);
#14368=ORIENTED_EDGE('',*,*,#14367,.T.);
#14369=ORIENTED_EDGE('',*,*,#13273,.F.);
#14370=ORIENTED_EDGE('',*,*,#14355,.F.);
#14371=EDGE_LOOP('',(#14364,#14368,#14369,#14370));
#14372=FACE_OUTER_BOUND('',#14371,.T.);
#14373=AXIS2_PLACEMENT_3D('',#13328,#3072,#3276);
#14374=PLANE('',#14373);
#14375=ADVANCED_FACE('',(#14372),#14374,.T.);
#14376=ORIENTED_EDGE('',*,*,#13466,.T.);
#14377=VECTOR('',#367,1.);
#14378=LINE('',#13324,#14377);
#14379=EDGE_CURVE('',#13325,#13038,#14378,.T.);
#14380=ORIENTED_EDGE('',*,*,#14379,.T.);
#14381=ORIENTED_EDGE('',*,*,#13277,.F.);
#14382=ORIENTED_EDGE('',*,*,#14367,.F.);
#14383=EDGE_LOOP('',(#14376,#14380,#14381,#14382));
#14384=FACE_OUTER_BOUND('',#14383,.T.);
#14385=AXIS2_PLACEMENT_3D('',#13326,#3059,#3263);
#14386=PLANE('',#14385);
#14387=ADVANCED_FACE('',(#14384),#14386,.T.);
#14388=ORIENTED_EDGE('',*,*,#13462,.T.);
#14389=VECTOR('',#367,1.);
#14390=LINE('',#13322,#14389);
#14391=EDGE_CURVE('',#13323,#13040,#14390,.T.);
#14392=ORIENTED_EDGE('',*,*,#14391,.T.);
#14393=ORIENTED_EDGE('',*,*,#13281,.F.);
#14394=ORIENTED_EDGE('',*,*,#14379,.F.);
#14395=EDGE_LOOP('',(#14388,#14392,#14393,#14394));
#14396=FACE_OUTER_BOUND('',#14395,.T.);
#14397=AXIS2_PLACEMENT_3D('',#13324,#3046,#3250);
#14398=PLANE('',#14397);
#14399=ADVANCED_FACE('',(#14396),#14398,.T.);
#14400=ORIENTED_EDGE('',*,*,#13458,.T.);
#14401=VECTOR('',#367,1.);
#14402=LINE('',#13320,#14401);
#14403=EDGE_CURVE('',#13321,#13042,#14402,.T.);
#14404=ORIENTED_EDGE('',*,*,#14403,.T.);
#14405=ORIENTED_EDGE('',*,*,#13285,.F.);
#14406=ORIENTED_EDGE('',*,*,#14391,.F.);
#14407=EDGE_LOOP('',(#14400,#14404,#14405,#14406));
#14408=FACE_OUTER_BOUND('',#14407,.T.);
#14409=AXIS2_PLACEMENT_3D('',#13322,#1809,#3237);
#14410=PLANE('',#14409);
#14411=ADVANCED_FACE('',(#14408),#14410,.T.);
#14412=ORIENTED_EDGE('',*,*,#13454,.T.);
#14413=VECTOR('',#367,1.);
#14414=LINE('',#13318,#14413);
#14415=EDGE_CURVE('',#13319,#13044,#14414,.T.);
#14416=ORIENTED_EDGE('',*,*,#14415,.T.);
#14417=ORIENTED_EDGE('',*,*,#13289,.F.);
#14418=ORIENTED_EDGE('',*,*,#14403,.F.);
#14419=EDGE_LOOP('',(#14412,#14416,#14417,#14418));
#14420=FACE_OUTER_BOUND('',#14419,.T.);
#14421=AXIS2_PLACEMENT_3D('',#13320,#3021,#3224);
#14422=PLANE('',#14421);
#14423=ADVANCED_FACE('',(#14420),#14422,.T.);
#14424=ORIENTED_EDGE('',*,*,#13450,.T.);
#14425=VECTOR('',#367,1.);
#14426=LINE('',#13316,#14425);
#14427=EDGE_CURVE('',#13317,#13046,#14426,.T.);
#14428=ORIENTED_EDGE('',*,*,#14427,.T.);
#14429=ORIENTED_EDGE('',*,*,#13293,.F.);
#14430=ORIENTED_EDGE('',*,*,#14415,.F.);
#14431=EDGE_LOOP('',(#14424,#14428,#14429,#14430));
#14432=FACE_OUTER_BOUND('',#14431,.T.);
#14433=AXIS2_PLACEMENT_3D('',#13318,#1799,#3211);
#14434=PLANE('',#14433);
#14435=ADVANCED_FACE('',(#14432),#14434,.T.);
#14436=ORIENTED_EDGE('',*,*,#13446,.T.);
#14437=VECTOR('',#367,1.);
#14438=LINE('',#13314,#14437);
#14439=EDGE_CURVE('',#13315,#13048,#14438,.T.);
#14440=ORIENTED_EDGE('',*,*,#14439,.T.);
#14441=ORIENTED_EDGE('',*,*,#13297,.F.);
#14442=ORIENTED_EDGE('',*,*,#14427,.F.);
#14443=EDGE_LOOP('',(#14436,#14440,#14441,#14442));
#14444=FACE_OUTER_BOUND('',#14443,.T.);
#14445=AXIS2_PLACEMENT_3D('',#13316,#1794,#3198);
#14446=PLANE('',#14445);
#14447=ADVANCED_FACE('',(#14444),#14446,.T.);
#14448=ORIENTED_EDGE('',*,*,#13442,.T.);
#14449=VECTOR('',#367,1.);
#14450=LINE('',#13312,#14449);
#14451=EDGE_CURVE('',#13313,#13050,#14450,.T.);
#14452=ORIENTED_EDGE('',*,*,#14451,.T.);
#14453=ORIENTED_EDGE('',*,*,#13301,.F.);
#14454=ORIENTED_EDGE('',*,*,#14439,.F.);
#14455=EDGE_LOOP('',(#14448,#14452,#14453,#14454));
#14456=FACE_OUTER_BOUND('',#14455,.T.);
#14457=AXIS2_PLACEMENT_3D('',#13314,#1789,#3185);
#14458=PLANE('',#14457);
#14459=ADVANCED_FACE('',(#14456),#14458,.T.);
#14460=ORIENTED_EDGE('',*,*,#13694,.T.);
#14461=ORIENTED_EDGE('',*,*,#13709,.T.);
#14462=ORIENTED_EDGE('',*,*,#13305,.F.);
#14463=ORIENTED_EDGE('',*,*,#14451,.F.);
#14464=EDGE_LOOP('',(#14460,#14461,#14462,#14463));
#14465=FACE_OUTER_BOUND('',#14464,.T.);
#14466=AXIS2_PLACEMENT_3D('',#13312,#2972,#3172);
#14467=PLANE('',#14466);
#14468=ADVANCED_FACE('',(#14465),#14467,.T.);
#14469=CLOSED_SHELL('',(#13311,#13700,#13715,#13727,#13739,#13751,#13763,#13775,#13787,#13799,#13811,#13823,#13835,#13847,#13859,#13871,#13883,#13895,#13907,#13919,#13931,#13943,#13955,#13967,#13979,#13991,#14003,#14015,#14027,#14039,#14051,#14063,#14075,#14087,#14099,#14111,#14123,#14135,#14147,#14159,#14171,#14183,#14195,#14207,#14219,#14231,#14243,#14255,#14267,#14279,#14291,#14303,#14315,#14327,#14339,#14351,#14363,#14375,#14387,#14399,#14411,#14423,#14435,#14447,#14459,#14468));
#14470=MANIFOLD_SOLID_BREP('boss4',#14469);
#14471=CARTESIAN_POINT('',(17.5,-20.5,0.));
#14472=VERTEX_POINT('',#14471);
#14473=CARTESIAN_POINT('',(17.4951847,-20.4019829,0.));
#14474=VERTEX_POINT('',#14473);
#14475=CARTESIAN_POINT('',(17.4807853,-20.3049097,0.));
#14476=VERTEX_POINT('',#14475);
#14477=CARTESIAN_POINT('',(17.4569403,-20.2097153,0.));
#14478=VERTEX_POINT('',#14477);
#14479=CARTESIAN_POINT('',(17.4238795,-20.1173166,0.));
#14480=VERTEX_POINT('',#14479);
#14481=CARTESIAN_POINT('',(17.3819213,-20.0286033,0.));
#14482=VERTEX_POINT('',#14481);
#14483=CARTESIAN_POINT('',(17.3314696,-19.9444298,0.));
#14484=VERTEX_POINT('',#14483);
#14485=CARTESIAN_POINT('',(17.2730105,-19.8656067,0.));
#14486=VERTEX_POINT('',#14485);
#14487=CARTESIAN_POINT('',(17.2071068,-19.7928932,0.));
#14488=VERTEX_POINT('',#14487);
#14489=CARTESIAN_POINT('',(17.1343933,-19.7269895,0.));
#14490=VERTEX_POINT('',#14489);
#14491=CARTESIAN_POINT('',(17.0555702,-19.6685304,0.));
#14492=VERTEX_POINT('',#14491);
#14493=CARTESIAN_POINT('',(16.9713967,-19.6180787,0.));
#14494=VERTEX_POINT('',#14493);
#14495=CARTESIAN_POINT('',(16.8826834,-19.5761205,0.));
#14496=VERTEX_POINT('',#14495);
#14497=CARTESIAN_POINT('',(16.7902847,-19.5430597,0.));
#14498=VERTEX_POINT('',#14497);
#14499=CARTESIAN_POINT('',(16.6950903,-19.5192147,0.));
#14500=VERTEX_POINT('',#14499);
#14501=CARTESIAN_POINT('',(16.5980171,-19.5048153,0.));
#14502=VERTEX_POINT('',#14501);
#14503=CARTESIAN_POINT('',(16.5,-19.5,0.));
#14504=VERTEX_POINT('',#14503);
#14505=CARTESIAN_POINT('',(16.4019829,-19.5048153,0.));
#14506=VERTEX_POINT('',#14505);
#14507=CARTESIAN_POINT('',(16.3049097,-19.5192147,0.));
#14508=VERTEX_POINT('',#14507);
#14509=CARTESIAN_POINT('',(16.2097153,-19.5430597,0.));
#14510=VERTEX_POINT('',#14509);
#14511=CARTESIAN_POINT('',(16.1173166,-19.5761205,0.));
#14512=VERTEX_POINT('',#14511);
#14513=CARTESIAN_POINT('',(16.0286033,-19.6180787,0.));
#14514=VERTEX_POINT('',#14513);
#14515=CARTESIAN_POINT('',(15.9444298,-19.6685304,0.));
#14516=VERTEX_POINT('',#14515);
#14517=CARTESIAN_POINT('',(15.8656067,-19.7269895,0.));
#14518=VERTEX_POINT('',#14517);
#14519=CARTESIAN_POINT('',(15.7928932,-19.7928932,0.));
#14520=VERTEX_POINT('',#14519);
#14521=CARTESIAN_POINT('',(15.7269895,-19.8656067,0.));
#14522=VERTEX_POINT('',#14521);
#14523=CARTESIAN_POINT('',(15.6685304,-19.9444298,0.));
#14524=VERTEX_POINT('',#14523);
#14525=CARTESIAN_POINT('',(15.6180787,-20.0286033,0.));
#14526=VERTEX_POINT('',#14525);
#14527=CARTESIAN_POINT('',(15.5761205,-20.1173166,0.));
#14528=VERTEX_POINT('',#14527);
#14529=CARTESIAN_POINT('',(15.5430597,-20.2097153,0.));
#14530=VERTEX_POINT('',#14529);
#14531=CARTESIAN_POINT('',(15.5192147,-20.3049097,0.));
#14532=VERTEX_POINT('',#14531);
#14533=CARTESIAN_POINT('',(15.5048153,-20.4019829,0.));
#14534=VERTEX_POINT('',#14533);
#14535=CARTESIAN_POINT('',(15.5,-20.5,0.));
#14536=VERTEX_POINT('',#14535);
#14537=CARTESIAN_POINT('',(15.5048153,-20.5980171,0.));
#14538=VERTEX_POINT('',#14537);
#14539=CARTESIAN_POINT('',(15.5192147,-20.6950903,0.));
#14540=VERTEX_POINT('',#14539);
#14541=CARTESIAN_POINT('',(15.5430597,-20.7902847,0.));
#14542=VERTEX_POINT('',#14541);
#14543=CARTESIAN_POINT('',(15.5761205,-20.8826834,0.));
#14544=VERTEX_POINT('',#14543);
#14545=CARTESIAN_POINT('',(15.6180787,-20.9713967,0.));
#14546=VERTEX_POINT('',#14545);
#14547=CARTESIAN_POINT('',(15.6685304,-21.0555702,0.));
#14548=VERTEX_POINT('',#14547);
#14549=CARTESIAN_POINT('',(15.7269895,-21.1343933,0.));
#14550=VERTEX_POINT('',#14549);
#14551=CARTESIAN_POINT('',(15.7928932,-21.2071068,0.));
#14552=VERTEX_POINT('',#14551);
#14553=CARTESIAN_POINT('',(15.8656067,-21.2730105,0.));
#14554=VERTEX_POINT('',#14553);
#14555=CARTESIAN_POINT('',(15.9444298,-21.3314696,0.));
#14556=VERTEX_POINT('',#14555);
#14557=CARTESIAN_POINT('',(16.0286033,-21.3819213,0.));
#14558=VERTEX_POINT('',#14557);
#14559=CARTESIAN_POINT('',(16.1173166,-21.4238795,0.));
#14560=VERTEX_POINT('',#14559);
#14561=CARTESIAN_POINT('',(16.2097153,-21.4569403,0.));
#14562=VERTEX_POINT('',#14561);
#14563=CARTESIAN_POINT('',(16.3049097,-21.4807853,0.));
#14564=VERTEX_POINT('',#14563);
#14565=CARTESIAN_POINT('',(16.4019829,-21.4951847,0.));
#14566=VERTEX_POINT('',#14565);
#14567=CARTESIAN_POINT('',(16.5,-21.5,0.));
#14568=VERTEX_POINT('',#14567);
#14569=CARTESIAN_POINT('',(16.5980171,-21.4951847,0.));
#14570=VERTEX_POINT('',#14569);
#14571=CARTESIAN_POINT('',(16.6950903,-21.4807853,0.));
#14572=VERTEX_POINT('',#14571);
#14573=CARTESIAN_POINT('',(16.7902847,-21.4569403,0.));
#14574=VERTEX_POINT('',#14573);
#14575=CARTESIAN_POINT('',(16.8826834,-21.4238795,0.));
#14576=VERTEX_POINT('',#14575);
#14577=CARTESIAN_POINT('',(16.9713967,-21.3819213,0.));
#14578=VERTEX_POINT('',#14577);
#14579=CARTESIAN_POINT('',(17.0555702,-21.3314696,0.));
#14580=VERTEX_POINT('',#14579);
#14581=CARTESIAN_POINT('',(17.1343933,-21.2730105,0.));
#14582=VERTEX_POINT('',#14581);
#14583=CARTESIAN_POINT('',(17.2071068,-21.2071068,0.));
#14584=VERTEX_POINT('',#14583);
#14585=CARTESIAN_POINT('',(17.2730105,-21.1343933,0.));
#14586=VERTEX_POINT('',#14585);
#14587=CARTESIAN_POINT('',(17.3314696,-21.0555702,0.));
#14588=VERTEX_POINT('',#14587);
#14589=CARTESIAN_POINT('',(17.3819213,-20.9713967,0.));
#14590=VERTEX_POINT('',#14589);
#14591=CARTESIAN_POINT('',(17.4238795,-20.8826834,0.));
#14592=VERTEX_POINT('',#14591);
#14593=CARTESIAN_POINT('',(17.4569403,-20.7902847,0.));
#14594=VERTEX_POINT('',#14593);
#14595=CARTESIAN_POINT('',(17.4807853,-20.6950903,0.));
#14596=VERTEX_POINT('',#14595);
#14597=CARTESIAN_POINT('',(17.4951847,-20.5980171,0.));
#14598=VERTEX_POINT('',#14597);
#14599=VECTOR('',#5279,1.);
#14600=LINE('',#14473,#14599);
#14601=EDGE_CURVE('',#14474,#14472,#14600,.T.);
#14602=ORIENTED_EDGE('',*,*,#14601,.F.);
#14603=VECTOR('',#5284,1.);
#14604=LINE('',#14475,#14603);
#14605=EDGE_CURVE('',#14476,#14474,#14604,.T.);
#14606=ORIENTED_EDGE('',*,*,#14605,.F.);
#14607=VECTOR('',#5289,1.);
#14608=LINE('',#14477,#14607);
#14609=EDGE_CURVE('',#14478,#14476,#14608,.T.);
#14610=ORIENTED_EDGE('',*,*,#14609,.F.);
#14611=VECTOR('',#5294,1.);
#14612=LINE('',#14479,#14611);
#14613=EDGE_CURVE('',#14480,#14478,#14612,.T.);
#14614=ORIENTED_EDGE('',*,*,#14613,.F.);
#14615=VECTOR('',#5299,1.);
#14616=LINE('',#14481,#14615);
#14617=EDGE_CURVE('',#14482,#14480,#14616,.T.);
#14618=ORIENTED_EDGE('',*,*,#14617,.F.);
#14619=VECTOR('',#5304,1.);
#14620=LINE('',#14483,#14619);
#14621=EDGE_CURVE('',#14484,#14482,#14620,.T.);
#14622=ORIENTED_EDGE('',*,*,#14621,.F.);
#14623=VECTOR('',#5309,1.);
#14624=LINE('',#14485,#14623);
#14625=EDGE_CURVE('',#14486,#14484,#14624,.T.);
#14626=ORIENTED_EDGE('',*,*,#14625,.F.);
#14627=VECTOR('',#5314,1.);
#14628=LINE('',#14487,#14627);
#14629=EDGE_CURVE('',#14488,#14486,#14628,.T.);
#14630=ORIENTED_EDGE('',*,*,#14629,.F.);
#14631=VECTOR('',#5319,1.);
#14632=LINE('',#14489,#14631);
#14633=EDGE_CURVE('',#14490,#14488,#14632,.T.);
#14634=ORIENTED_EDGE('',*,*,#14633,.F.);
#14635=VECTOR('',#5324,1.);
#14636=LINE('',#14491,#14635);
#14637=EDGE_CURVE('',#14492,#14490,#14636,.T.);
#14638=ORIENTED_EDGE('',*,*,#14637,.F.);
#14639=VECTOR('',#5329,1.);
#14640=LINE('',#14493,#14639);
#14641=EDGE_CURVE('',#14494,#14492,#14640,.T.);
#14642=ORIENTED_EDGE('',*,*,#14641,.F.);
#14643=VECTOR('',#5334,1.);
#14644=LINE('',#14495,#14643);
#14645=EDGE_CURVE('',#14496,#14494,#14644,.T.);
#14646=ORIENTED_EDGE('',*,*,#14645,.F.);
#14647=VECTOR('',#5339,1.);
#14648=LINE('',#14497,#14647);
#14649=EDGE_CURVE('',#14498,#14496,#14648,.T.);
#14650=ORIENTED_EDGE('',*,*,#14649,.F.);
#14651=VECTOR('',#5344,1.);
#14652=LINE('',#14499,#14651);
#14653=EDGE_CURVE('',#14500,#14498,#14652,.T.);
#14654=ORIENTED_EDGE('',*,*,#14653,.F.);
#14655=VECTOR('',#5349,1.);
#14656=LINE('',#14501,#14655);
#14657=EDGE_CURVE('',#14502,#14500,#14656,.T.);
#14658=ORIENTED_EDGE('',*,*,#14657,.F.);
#14659=VECTOR('',#5354,1.);
#14660=LINE('',#14503,#14659);
#14661=EDGE_CURVE('',#14504,#14502,#14660,.T.);
#14662=ORIENTED_EDGE('',*,*,#14661,.F.);
#14663=VECTOR('',#5359,1.);
#14664=LINE('',#14505,#14663);
#14665=EDGE_CURVE('',#14506,#14504,#14664,.T.);
#14666=ORIENTED_EDGE('',*,*,#14665,.F.);
#14667=VECTOR('',#5364,1.);
#14668=LINE('',#14507,#14667);
#14669=EDGE_CURVE('',#14508,#14506,#14668,.T.);
#14670=ORIENTED_EDGE('',*,*,#14669,.F.);
#14671=VECTOR('',#5369,1.);
#14672=LINE('',#14509,#14671);
#14673=EDGE_CURVE('',#14510,#14508,#14672,.T.);
#14674=ORIENTED_EDGE('',*,*,#14673,.F.);
#14675=VECTOR('',#5374,1.);
#14676=LINE('',#14511,#14675);
#14677=EDGE_CURVE('',#14512,#14510,#14676,.T.);
#14678=ORIENTED_EDGE('',*,*,#14677,.F.);
#14679=VECTOR('',#5379,1.);
#14680=LINE('',#14513,#14679);
#14681=EDGE_CURVE('',#14514,#14512,#14680,.T.);
#14682=ORIENTED_EDGE('',*,*,#14681,.F.);
#14683=VECTOR('',#5384,1.);
#14684=LINE('',#14515,#14683);
#14685=EDGE_CURVE('',#14516,#14514,#14684,.T.);
#14686=ORIENTED_EDGE('',*,*,#14685,.F.);
#14687=VECTOR('',#5389,1.);
#14688=LINE('',#14517,#14687);
#14689=EDGE_CURVE('',#14518,#14516,#14688,.T.);
#14690=ORIENTED_EDGE('',*,*,#14689,.F.);
#14691=VECTOR('',#5394,1.);
#14692=LINE('',#14519,#14691);
#14693=EDGE_CURVE('',#14520,#14518,#14692,.T.);
#14694=ORIENTED_EDGE('',*,*,#14693,.F.);
#14695=VECTOR('',#5399,1.);
#14696=LINE('',#14521,#14695);
#14697=EDGE_CURVE('',#14522,#14520,#14696,.T.);
#14698=ORIENTED_EDGE('',*,*,#14697,.F.);
#14699=VECTOR('',#5404,1.);
#14700=LINE('',#14523,#14699);
#14701=EDGE_CURVE('',#14524,#14522,#14700,.T.);
#14702=ORIENTED_EDGE('',*,*,#14701,.F.);
#14703=VECTOR('',#5409,1.);
#14704=LINE('',#14525,#14703);
#14705=EDGE_CURVE('',#14526,#14524,#14704,.T.);
#14706=ORIENTED_EDGE('',*,*,#14705,.F.);
#14707=VECTOR('',#5414,1.);
#14708=LINE('',#14527,#14707);
#14709=EDGE_CURVE('',#14528,#14526,#14708,.T.);
#14710=ORIENTED_EDGE('',*,*,#14709,.F.);
#14711=VECTOR('',#5419,1.);
#14712=LINE('',#14529,#14711);
#14713=EDGE_CURVE('',#14530,#14528,#14712,.T.);
#14714=ORIENTED_EDGE('',*,*,#14713,.F.);
#14715=VECTOR('',#5424,1.);
#14716=LINE('',#14531,#14715);
#14717=EDGE_CURVE('',#14532,#14530,#14716,.T.);
#14718=ORIENTED_EDGE('',*,*,#14717,.F.);
#14719=VECTOR('',#5429,1.);
#14720=LINE('',#14533,#14719);
#14721=EDGE_CURVE('',#14534,#14532,#14720,.T.);
#14722=ORIENTED_EDGE('',*,*,#14721,.F.);
#14723=VECTOR('',#5434,1.);
#14724=LINE('',#14535,#14723);
#14725=EDGE_CURVE('',#14536,#14534,#14724,.T.);
#14726=ORIENTED_EDGE('',*,*,#14725,.F.);
#14727=VECTOR('',#5279,1.);
#14728=LINE('',#14535,#14727);
#14729=EDGE_CURVE('',#14536,#14538,#14728,.T.);
#14730=ORIENTED_EDGE('',*,*,#14729,.T.);
#14731=VECTOR('',#5284,1.);
#14732=LINE('',#14537,#14731);
#14733=EDGE_CURVE('',#14538,#14540,#14732,.T.);
#14734=ORIENTED_EDGE('',*,*,#14733,.T.);
#14735=VECTOR('',#5289,1.);
#14736=LINE('',#14539,#14735);
#14737=EDGE_CURVE('',#14540,#14542,#14736,.T.);
#14738=ORIENTED_EDGE('',*,*,#14737,.T.);
#14739=VECTOR('',#5294,1.);
#14740=LINE('',#14541,#14739);
#14741=EDGE_CURVE('',#14542,#14544,#14740,.T.);
#14742=ORIENTED_EDGE('',*,*,#14741,.T.);
#14743=VECTOR('',#5299,1.);
#14744=LINE('',#14543,#14743);
#14745=EDGE_CURVE('',#14544,#14546,#14744,.T.);
#14746=ORIENTED_EDGE('',*,*,#14745,.T.);
#14747=VECTOR('',#5304,1.);
#14748=LINE('',#14545,#14747);
#14749=EDGE_CURVE('',#14546,#14548,#14748,.T.);
#14750=ORIENTED_EDGE('',*,*,#14749,.T.);
#14751=VECTOR('',#5309,1.);
#14752=LINE('',#14547,#14751);
#14753=EDGE_CURVE('',#14548,#14550,#14752,.T.);
#14754=ORIENTED_EDGE('',*,*,#14753,.T.);
#14755=VECTOR('',#5314,1.);
#14756=LINE('',#14549,#14755);
#14757=EDGE_CURVE('',#14550,#14552,#14756,.T.);
#14758=ORIENTED_EDGE('',*,*,#14757,.T.);
#14759=VECTOR('',#5319,1.);
#14760=LINE('',#14551,#14759);
#14761=EDGE_CURVE('',#14552,#14554,#14760,.T.);
#14762=ORIENTED_EDGE('',*,*,#14761,.T.);
#14763=VECTOR('',#5324,1.);
#14764=LINE('',#14553,#14763);
#14765=EDGE_CURVE('',#14554,#14556,#14764,.T.);
#14766=ORIENTED_EDGE('',*,*,#14765,.T.);
#14767=VECTOR('',#5329,1.);
#14768=LINE('',#14555,#14767);
#14769=EDGE_CURVE('',#14556,#14558,#14768,.T.);
#14770=ORIENTED_EDGE('',*,*,#14769,.T.);
#14771=VECTOR('',#5334,1.);
#14772=LINE('',#14557,#14771);
#14773=EDGE_CURVE('',#14558,#14560,#14772,.T.);
#14774=ORIENTED_EDGE('',*,*,#14773,.T.);
#14775=VECTOR('',#5339,1.);
#14776=LINE('',#14559,#14775);
#14777=EDGE_CURVE('',#14560,#14562,#14776,.T.);
#14778=ORIENTED_EDGE('',*,*,#14777,.T.);
#14779=VECTOR('',#5344,1.);
#14780=LINE('',#14561,#14779);
#14781=EDGE_CURVE('',#14562,#14564,#14780,.T.);
#14782=ORIENTED_EDGE('',*,*,#14781,.T.);
#14783=VECTOR('',#5349,1.);
#14784=LINE('',#14563,#14783);
#14785=EDGE_CURVE('',#14564,#14566,#14784,.T.);
#14786=ORIENTED_EDGE('',*,*,#14785,.T.);
#14787=VECTOR('',#5354,1.);
#14788=LINE('',#14565,#14787);
#14789=EDGE_CURVE('',#14566,#14568,#14788,.T.);
#14790=ORIENTED_EDGE('',*,*,#14789,.T.);
#14791=VECTOR('',#5359,1.);
#14792=LINE('',#14567,#14791);
#14793=EDGE_CURVE('',#14568,#14570,#14792,.T.);
#14794=ORIENTED_EDGE('',*,*,#14793,.T.);
#14795=VECTOR('',#5364,1.);
#14796=LINE('',#14569,#14795);
#14797=EDGE_CURVE('',#14570,#14572,#14796,.T.);
#14798=ORIENTED_EDGE('',*,*,#14797,.T.);
#14799=VECTOR('',#5369,1.);
#14800=LINE('',#14571,#14799);
#14801=EDGE_CURVE('',#14572,#14574,#14800,.T.);
#14802=ORIENTED_EDGE('',*,*,#14801,.T.);
#14803=VECTOR('',#5374,1.);
#14804=LINE('',#14573,#14803);
#14805=EDGE_CURVE('',#14574,#14576,#14804,.T.);
#14806=ORIENTED_EDGE('',*,*,#14805,.T.);
#14807=VECTOR('',#5379,1.);
#14808=LINE('',#14575,#14807);
#14809=EDGE_CURVE('',#14576,#14578,#14808,.T.);
#14810=ORIENTED_EDGE('',*,*,#14809,.T.);
#14811=VECTOR('',#5384,1.);
#14812=LINE('',#14577,#14811);
#14813=EDGE_CURVE('',#14578,#14580,#14812,.T.);
#14814=ORIENTED_EDGE('',*,*,#14813,.T.);
#14815=VECTOR('',#5389,1.);
#14816=LINE('',#14579,#14815);
#14817=EDGE_CURVE('',#14580,#14582,#14816,.T.);
#14818=ORIENTED_EDGE('',*,*,#14817,.T.);
#14819=VECTOR('',#5394,1.);
#14820=LINE('',#14581,#14819);
#14821=EDGE_CURVE('',#14582,#14584,#14820,.T.);
#14822=ORIENTED_EDGE('',*,*,#14821,.T.);
#14823=VECTOR('',#5399,1.);
#14824=LINE('',#14583,#14823);
#14825=EDGE_CURVE('',#14584,#14586,#14824,.T.);
#14826=ORIENTED_EDGE('',*,*,#14825,.T.);
#14827=VECTOR('',#5404,1.);
#14828=LINE('',#14585,#14827);
#14829=EDGE_CURVE('',#14586,#14588,#14828,.T.);
#14830=ORIENTED_EDGE('',*,*,#14829,.T.);
#14831=VECTOR('',#5409,1.);
#14832=LINE('',#14587,#14831);
#14833=EDGE_CURVE('',#14588,#14590,#14832,.T.);
#14834=ORIENTED_EDGE('',*,*,#14833,.T.);
#14835=VECTOR('',#5414,1.);
#14836=LINE('',#14589,#14835);
#14837=EDGE_CURVE('',#14590,#14592,#14836,.T.);
#14838=ORIENTED_EDGE('',*,*,#14837,.T.);
#14839=VECTOR('',#5419,1.);
#14840=LINE('',#14591,#14839);
#14841=EDGE_CURVE('',#14592,#14594,#14840,.T.);
#14842=ORIENTED_EDGE('',*,*,#14841,.T.);
#14843=VECTOR('',#5424,1.);
#14844=LINE('',#14593,#14843);
#14845=EDGE_CURVE('',#14594,#14596,#14844,.T.);
#14846=ORIENTED_EDGE('',*,*,#14845,.T.);
#14847=VECTOR('',#5429,1.);
#14848=LINE('',#14595,#14847);
#14849=EDGE_CURVE('',#14596,#14598,#14848,.T.);
#14850=ORIENTED_EDGE('',*,*,#14849,.T.);
#14851=VECTOR('',#5434,1.);
#14852=LINE('',#14597,#14851);
#14853=EDGE_CURVE('',#14598,#14472,#14852,.T.);
#14854=ORIENTED_EDGE('',*,*,#14853,.T.);
#14855=EDGE_LOOP('',(#14602,#14606,#14610,#14614,#14618,#14622,#14626,#14630,#14634,#14638,#14642,#14646,#14650,#14654,#14658,#14662,#14666,#14670,#14674,#14678,#14682,#14686,#14690,#14694,#14698,#14702,#14706,#14710,#14714,#14718,#14722,#14726,#14730,#14734,#14738,#14742,#14746,#14750,#14754,#14758,#14762,#14766,#14770,#14774,#14778,#14782,#14786,#14790,#14794,#14798,#14802,#14806,#14810,#14814,#14818,#14822,#14826,#14830,#14834,#14838,#14842,#14846,#14850,#14854));
#14856=FACE_OUTER_BOUND('',#14855,.T.);
#14857=AXIS2_PLACEMENT_3D('',#14471,#367,#87);
#14858=PLANE('',#14857);
#14859=ADVANCED_FACE('',(#14856),#14858,.T.);
#14860=CARTESIAN_POINT('',(17.4951847,-20.5980171,-1.));
#14861=VERTEX_POINT('',#14860);
#14862=CARTESIAN_POINT('',(17.4807853,-20.6950903,-1.));
#14863=VERTEX_POINT('',#14862);
#14864=CARTESIAN_POINT('',(17.4569403,-20.7902847,-1.));
#14865=VERTEX_POINT('',#14864);
#14866=CARTESIAN_POINT('',(17.4238795,-20.8826834,-1.));
#14867=VERTEX_POINT('',#14866);
#14868=CARTESIAN_POINT('',(17.3819213,-20.9713967,-1.));
#14869=VERTEX_POINT('',#14868);
#14870=CARTESIAN_POINT('',(17.3314696,-21.0555702,-1.));
#14871=VERTEX_POINT('',#14870);
#14872=CARTESIAN_POINT('',(17.2730105,-21.1343933,-1.));
#14873=VERTEX_POINT('',#14872);
#14874=CARTESIAN_POINT('',(17.2071068,-21.2071068,-1.));
#14875=VERTEX_POINT('',#14874);
#14876=CARTESIAN_POINT('',(17.1343933,-21.2730105,-1.));
#14877=VERTEX_POINT('',#14876);
#14878=CARTESIAN_POINT('',(17.0555702,-21.3314696,-1.));
#14879=VERTEX_POINT('',#14878);
#14880=CARTESIAN_POINT('',(16.9713967,-21.3819213,-1.));
#14881=VERTEX_POINT('',#14880);
#14882=CARTESIAN_POINT('',(16.8826834,-21.4238795,-1.));
#14883=VERTEX_POINT('',#14882);
#14884=CARTESIAN_POINT('',(16.7902847,-21.4569403,-1.));
#14885=VERTEX_POINT('',#14884);
#14886=CARTESIAN_POINT('',(16.6950903,-21.4807853,-1.));
#14887=VERTEX_POINT('',#14886);
#14888=CARTESIAN_POINT('',(16.5980171,-21.4951847,-1.));
#14889=VERTEX_POINT('',#14888);
#14890=CARTESIAN_POINT('',(16.5,-21.5,-1.));
#14891=VERTEX_POINT('',#14890);
#14892=CARTESIAN_POINT('',(16.4019829,-21.4951847,-1.));
#14893=VERTEX_POINT('',#14892);
#14894=CARTESIAN_POINT('',(16.3049097,-21.4807853,-1.));
#14895=VERTEX_POINT('',#14894);
#14896=CARTESIAN_POINT('',(16.2097153,-21.4569403,-1.));
#14897=VERTEX_POINT('',#14896);
#14898=CARTESIAN_POINT('',(16.1173166,-21.4238795,-1.));
#14899=VERTEX_POINT('',#14898);
#14900=CARTESIAN_POINT('',(16.0286033,-21.3819213,-1.));
#14901=VERTEX_POINT('',#14900);
#14902=CARTESIAN_POINT('',(15.9444298,-21.3314696,-1.));
#14903=VERTEX_POINT('',#14902);
#14904=CARTESIAN_POINT('',(15.8656067,-21.2730105,-1.));
#14905=VERTEX_POINT('',#14904);
#14906=CARTESIAN_POINT('',(15.7928932,-21.2071068,-1.));
#14907=VERTEX_POINT('',#14906);
#14908=CARTESIAN_POINT('',(15.7269895,-21.1343933,-1.));
#14909=VERTEX_POINT('',#14908);
#14910=CARTESIAN_POINT('',(15.6685304,-21.0555702,-1.));
#14911=VERTEX_POINT('',#14910);
#14912=CARTESIAN_POINT('',(15.6180787,-20.9713967,-1.));
#14913=VERTEX_POINT('',#14912);
#14914=CARTESIAN_POINT('',(15.5761205,-20.8826834,-1.));
#14915=VERTEX_POINT('',#14914);
#14916=CARTESIAN_POINT('',(15.5430597,-20.7902847,-1.));
#14917=VERTEX_POINT('',#14916);
#14918=CARTESIAN_POINT('',(15.5192147,-20.6950903,-1.));
#14919=VERTEX_POINT('',#14918);
#14920=CARTESIAN_POINT('',(15.5048153,-20.5980171,-1.));
#14921=VERTEX_POINT('',#14920);
#14922=CARTESIAN_POINT('',(15.5,-20.5,-1.));
#14923=VERTEX_POINT('',#14922);
#14924=CARTESIAN_POINT('',(15.5048153,-20.4019829,-1.));
#14925=VERTEX_POINT('',#14924);
#14926=CARTESIAN_POINT('',(15.5192147,-20.3049097,-1.));
#14927=VERTEX_POINT('',#14926);
#14928=CARTESIAN_POINT('',(15.5430597,-20.2097153,-1.));
#14929=VERTEX_POINT('',#14928);
#14930=CARTESIAN_POINT('',(15.5761205,-20.1173166,-1.));
#14931=VERTEX_POINT('',#14930);
#14932=CARTESIAN_POINT('',(15.6180787,-20.0286033,-1.));
#14933=VERTEX_POINT('',#14932);
#14934=CARTESIAN_POINT('',(15.6685304,-19.9444298,-1.));
#14935=VERTEX_POINT('',#14934);
#14936=CARTESIAN_POINT('',(15.7269895,-19.8656067,-1.));
#14937=VERTEX_POINT('',#14936);
#14938=CARTESIAN_POINT('',(15.7928932,-19.7928932,-1.));
#14939=VERTEX_POINT('',#14938);
#14940=CARTESIAN_POINT('',(15.8656067,-19.7269895,-1.));
#14941=VERTEX_POINT('',#14940);
#14942=CARTESIAN_POINT('',(15.9444298,-19.6685304,-1.));
#14943=VERTEX_POINT('',#14942);
#14944=CARTESIAN_POINT('',(16.0286033,-19.6180787,-1.));
#14945=VERTEX_POINT('',#14944);
#14946=CARTESIAN_POINT('',(16.1173166,-19.5761205,-1.));
#14947=VERTEX_POINT('',#14946);
#14948=CARTESIAN_POINT('',(16.2097153,-19.5430597,-1.));
#14949=VERTEX_POINT('',#14948);
#14950=CARTESIAN_POINT('',(16.3049097,-19.5192147,-1.));
#14951=VERTEX_POINT('',#14950);
#14952=CARTESIAN_POINT('',(16.4019829,-19.5048153,-1.));
#14953=VERTEX_POINT('',#14952);
#14954=CARTESIAN_POINT('',(16.5,-19.5,-1.));
#14955=VERTEX_POINT('',#14954);
#14956=CARTESIAN_POINT('',(16.5980171,-19.5048153,-1.));
#14957=VERTEX_POINT('',#14956);
#14958=CARTESIAN_POINT('',(16.6950903,-19.5192147,-1.));
#14959=VERTEX_POINT('',#14958);
#14960=CARTESIAN_POINT('',(16.7902847,-19.5430597,-1.));
#14961=VERTEX_POINT('',#14960);
#14962=CARTESIAN_POINT('',(16.8826834,-19.5761205,-1.));
#14963=VERTEX_POINT('',#14962);
#14964=CARTESIAN_POINT('',(16.9713967,-19.6180787,-1.));
#14965=VERTEX_POINT('',#14964);
#14966=CARTESIAN_POINT('',(17.0555702,-19.6685304,-1.));
#14967=VERTEX_POINT('',#14966);
#14968=CARTESIAN_POINT('',(17.1343933,-19.7269895,-1.));
#14969=VERTEX_POINT('',#14968);
#14970=CARTESIAN_POINT('',(17.2071068,-19.7928932,-1.));
#14971=VERTEX_POINT('',#14970);
#14972=CARTESIAN_POINT('',(17.2730105,-19.8656067,-1.));
#14973=VERTEX_POINT('',#14972);
#14974=CARTESIAN_POINT('',(17.3314696,-19.9444298,-1.));
#14975=VERTEX_POINT('',#14974);
#14976=CARTESIAN_POINT('',(17.3819213,-20.0286033,-1.));
#14977=VERTEX_POINT('',#14976);
#14978=CARTESIAN_POINT('',(17.4238795,-20.1173166,-1.));
#14979=VERTEX_POINT('',#14978);
#14980=CARTESIAN_POINT('',(17.4569403,-20.2097153,-1.));
#14981=VERTEX_POINT('',#14980);
#14982=CARTESIAN_POINT('',(17.4807853,-20.3049097,-1.));
#14983=VERTEX_POINT('',#14982);
#14984=CARTESIAN_POINT('',(17.4951847,-20.4019829,-1.));
#14985=VERTEX_POINT('',#14984);
#14986=CARTESIAN_POINT('',(17.5,-20.5,-1.));
#14987=VERTEX_POINT('',#14986);
#14988=VECTOR('',#5429,1.);
#14989=LINE('',#14862,#14988);
#14990=EDGE_CURVE('',#14863,#14861,#14989,.T.);
#14991=ORIENTED_EDGE('',*,*,#14990,.F.);
#14992=VECTOR('',#5424,1.);
#14993=LINE('',#14864,#14992);
#14994=EDGE_CURVE('',#14865,#14863,#14993,.T.);
#14995=ORIENTED_EDGE('',*,*,#14994,.F.);
#14996=VECTOR('',#5419,1.);
#14997=LINE('',#14866,#14996);
#14998=EDGE_CURVE('',#14867,#14865,#14997,.T.);
#14999=ORIENTED_EDGE('',*,*,#14998,.F.);
#15000=VECTOR('',#5414,1.);
#15001=LINE('',#14868,#15000);
#15002=EDGE_CURVE('',#14869,#14867,#15001,.T.);
#15003=ORIENTED_EDGE('',*,*,#15002,.F.);
#15004=VECTOR('',#5409,1.);
#15005=LINE('',#14870,#15004);
#15006=EDGE_CURVE('',#14871,#14869,#15005,.T.);
#15007=ORIENTED_EDGE('',*,*,#15006,.F.);
#15008=VECTOR('',#5404,1.);
#15009=LINE('',#14872,#15008);
#15010=EDGE_CURVE('',#14873,#14871,#15009,.T.);
#15011=ORIENTED_EDGE('',*,*,#15010,.F.);
#15012=VECTOR('',#5399,1.);
#15013=LINE('',#14874,#15012);
#15014=EDGE_CURVE('',#14875,#14873,#15013,.T.);
#15015=ORIENTED_EDGE('',*,*,#15014,.F.);
#15016=VECTOR('',#5394,1.);
#15017=LINE('',#14876,#15016);
#15018=EDGE_CURVE('',#14877,#14875,#15017,.T.);
#15019=ORIENTED_EDGE('',*,*,#15018,.F.);
#15020=VECTOR('',#5389,1.);
#15021=LINE('',#14878,#15020);
#15022=EDGE_CURVE('',#14879,#14877,#15021,.T.);
#15023=ORIENTED_EDGE('',*,*,#15022,.F.);
#15024=VECTOR('',#5384,1.);
#15025=LINE('',#14880,#15024);
#15026=EDGE_CURVE('',#14881,#14879,#15025,.T.);
#15027=ORIENTED_EDGE('',*,*,#15026,.F.);
#15028=VECTOR('',#5379,1.);
#15029=LINE('',#14882,#15028);
#15030=EDGE_CURVE('',#14883,#14881,#15029,.T.);
#15031=ORIENTED_EDGE('',*,*,#15030,.F.);
#15032=VECTOR('',#5374,1.);
#15033=LINE('',#14884,#15032);
#15034=EDGE_CURVE('',#14885,#14883,#15033,.T.);
#15035=ORIENTED_EDGE('',*,*,#15034,.F.);
#15036=VECTOR('',#5369,1.);
#15037=LINE('',#14886,#15036);
#15038=EDGE_CURVE('',#14887,#14885,#15037,.T.);
#15039=ORIENTED_EDGE('',*,*,#15038,.F.);
#15040=VECTOR('',#5364,1.);
#15041=LINE('',#14888,#15040);
#15042=EDGE_CURVE('',#14889,#14887,#15041,.T.);
#15043=ORIENTED_EDGE('',*,*,#15042,.F.);
#15044=VECTOR('',#5359,1.);
#15045=LINE('',#14890,#15044);
#15046=EDGE_CURVE('',#14891,#14889,#15045,.T.);
#15047=ORIENTED_EDGE('',*,*,#15046,.F.);
#15048=VECTOR('',#5354,1.);
#15049=LINE('',#14892,#15048);
#15050=EDGE_CURVE('',#14893,#14891,#15049,.T.);
#15051=ORIENTED_EDGE('',*,*,#15050,.F.);
#15052=VECTOR('',#5349,1.);
#15053=LINE('',#14894,#15052);
#15054=EDGE_CURVE('',#14895,#14893,#15053,.T.);
#15055=ORIENTED_EDGE('',*,*,#15054,.F.);
#15056=VECTOR('',#5344,1.);
#15057=LINE('',#14896,#15056);
#15058=EDGE_CURVE('',#14897,#14895,#15057,.T.);
#15059=ORIENTED_EDGE('',*,*,#15058,.F.);
#15060=VECTOR('',#5339,1.);
#15061=LINE('',#14898,#15060);
#15062=EDGE_CURVE('',#14899,#14897,#15061,.T.);
#15063=ORIENTED_EDGE('',*,*,#15062,.F.);
#15064=VECTOR('',#5334,1.);
#15065=LINE('',#14900,#15064);
#15066=EDGE_CURVE('',#14901,#14899,#15065,.T.);
#15067=ORIENTED_EDGE('',*,*,#15066,.F.);
#15068=VECTOR('',#5329,1.);
#15069=LINE('',#14902,#15068);
#15070=EDGE_CURVE('',#14903,#14901,#15069,.T.);
#15071=ORIENTED_EDGE('',*,*,#15070,.F.);
#15072=VECTOR('',#5324,1.);
#15073=LINE('',#14904,#15072);
#15074=EDGE_CURVE('',#14905,#14903,#15073,.T.);
#15075=ORIENTED_EDGE('',*,*,#15074,.F.);
#15076=VECTOR('',#5319,1.);
#15077=LINE('',#14906,#15076);
#15078=EDGE_CURVE('',#14907,#14905,#15077,.T.);
#15079=ORIENTED_EDGE('',*,*,#15078,.F.);
#15080=VECTOR('',#5314,1.);
#15081=LINE('',#14908,#15080);
#15082=EDGE_CURVE('',#14909,#14907,#15081,.T.);
#15083=ORIENTED_EDGE('',*,*,#15082,.F.);
#15084=VECTOR('',#5309,1.);
#15085=LINE('',#14910,#15084);
#15086=EDGE_CURVE('',#14911,#14909,#15085,.T.);
#15087=ORIENTED_EDGE('',*,*,#15086,.F.);
#15088=VECTOR('',#5304,1.);
#15089=LINE('',#14912,#15088);
#15090=EDGE_CURVE('',#14913,#14911,#15089,.T.);
#15091=ORIENTED_EDGE('',*,*,#15090,.F.);
#15092=VECTOR('',#5299,1.);
#15093=LINE('',#14914,#15092);
#15094=EDGE_CURVE('',#14915,#14913,#15093,.T.);
#15095=ORIENTED_EDGE('',*,*,#15094,.F.);
#15096=VECTOR('',#5294,1.);
#15097=LINE('',#14916,#15096);
#15098=EDGE_CURVE('',#14917,#14915,#15097,.T.);
#15099=ORIENTED_EDGE('',*,*,#15098,.F.);
#15100=VECTOR('',#5289,1.);
#15101=LINE('',#14918,#15100);
#15102=EDGE_CURVE('',#14919,#14917,#15101,.T.);
#15103=ORIENTED_EDGE('',*,*,#15102,.F.);
#15104=VECTOR('',#5284,1.);
#15105=LINE('',#14920,#15104);
#15106=EDGE_CURVE('',#14921,#14919,#15105,.T.);
#15107=ORIENTED_EDGE('',*,*,#15106,.F.);
#15108=VECTOR('',#5279,1.);
#15109=LINE('',#14922,#15108);
#15110=EDGE_CURVE('',#14923,#14921,#15109,.T.);
#15111=ORIENTED_EDGE('',*,*,#15110,.F.);
#15112=VECTOR('',#5434,1.);
#15113=LINE('',#14922,#15112);
#15114=EDGE_CURVE('',#14923,#14925,#15113,.T.);
#15115=ORIENTED_EDGE('',*,*,#15114,.T.);
#15116=VECTOR('',#5429,1.);
#15117=LINE('',#14924,#15116);
#15118=EDGE_CURVE('',#14925,#14927,#15117,.T.);
#15119=ORIENTED_EDGE('',*,*,#15118,.T.);
#15120=VECTOR('',#5424,1.);
#15121=LINE('',#14926,#15120);
#15122=EDGE_CURVE('',#14927,#14929,#15121,.T.);
#15123=ORIENTED_EDGE('',*,*,#15122,.T.);
#15124=VECTOR('',#5419,1.);
#15125=LINE('',#14928,#15124);
#15126=EDGE_CURVE('',#14929,#14931,#15125,.T.);
#15127=ORIENTED_EDGE('',*,*,#15126,.T.);
#15128=VECTOR('',#5414,1.);
#15129=LINE('',#14930,#15128);
#15130=EDGE_CURVE('',#14931,#14933,#15129,.T.);
#15131=ORIENTED_EDGE('',*,*,#15130,.T.);
#15132=VECTOR('',#5409,1.);
#15133=LINE('',#14932,#15132);
#15134=EDGE_CURVE('',#14933,#14935,#15133,.T.);
#15135=ORIENTED_EDGE('',*,*,#15134,.T.);
#15136=VECTOR('',#5404,1.);
#15137=LINE('',#14934,#15136);
#15138=EDGE_CURVE('',#14935,#14937,#15137,.T.);
#15139=ORIENTED_EDGE('',*,*,#15138,.T.);
#15140=VECTOR('',#5399,1.);
#15141=LINE('',#14936,#15140);
#15142=EDGE_CURVE('',#14937,#14939,#15141,.T.);
#15143=ORIENTED_EDGE('',*,*,#15142,.T.);
#15144=VECTOR('',#5394,1.);
#15145=LINE('',#14938,#15144);
#15146=EDGE_CURVE('',#14939,#14941,#15145,.T.);
#15147=ORIENTED_EDGE('',*,*,#15146,.T.);
#15148=VECTOR('',#5389,1.);
#15149=LINE('',#14940,#15148);
#15150=EDGE_CURVE('',#14941,#14943,#15149,.T.);
#15151=ORIENTED_EDGE('',*,*,#15150,.T.);
#15152=VECTOR('',#5384,1.);
#15153=LINE('',#14942,#15152);
#15154=EDGE_CURVE('',#14943,#14945,#15153,.T.);
#15155=ORIENTED_EDGE('',*,*,#15154,.T.);
#15156=VECTOR('',#5379,1.);
#15157=LINE('',#14944,#15156);
#15158=EDGE_CURVE('',#14945,#14947,#15157,.T.);
#15159=ORIENTED_EDGE('',*,*,#15158,.T.);
#15160=VECTOR('',#5374,1.);
#15161=LINE('',#14946,#15160);
#15162=EDGE_CURVE('',#14947,#14949,#15161,.T.);
#15163=ORIENTED_EDGE('',*,*,#15162,.T.);
#15164=VECTOR('',#5369,1.);
#15165=LINE('',#14948,#15164);
#15166=EDGE_CURVE('',#14949,#14951,#15165,.T.);
#15167=ORIENTED_EDGE('',*,*,#15166,.T.);
#15168=VECTOR('',#5364,1.);
#15169=LINE('',#14950,#15168);
#15170=EDGE_CURVE('',#14951,#14953,#15169,.T.);
#15171=ORIENTED_EDGE('',*,*,#15170,.T.);
#15172=VECTOR('',#5359,1.);
#15173=LINE('',#14952,#15172);
#15174=EDGE_CURVE('',#14953,#14955,#15173,.T.);
#15175=ORIENTED_EDGE('',*,*,#15174,.T.);
#15176=VECTOR('',#5354,1.);
#15177=LINE('',#14954,#15176);
#15178=EDGE_CURVE('',#14955,#14957,#15177,.T.);
#15179=ORIENTED_EDGE('',*,*,#15178,.T.);
#15180=VECTOR('',#5349,1.);
#15181=LINE('',#14956,#15180);
#15182=EDGE_CURVE('',#14957,#14959,#15181,.T.);
#15183=ORIENTED_EDGE('',*,*,#15182,.T.);
#15184=VECTOR('',#5344,1.);
#15185=LINE('',#14958,#15184);
#15186=EDGE_CURVE('',#14959,#14961,#15185,.T.);
#15187=ORIENTED_EDGE('',*,*,#15186,.T.);
#15188=VECTOR('',#5339,1.);
#15189=LINE('',#14960,#15188);
#15190=EDGE_CURVE('',#14961,#14963,#15189,.T.);
#15191=ORIENTED_EDGE('',*,*,#15190,.T.);
#15192=VECTOR('',#5334,1.);
#15193=LINE('',#14962,#15192);
#15194=EDGE_CURVE('',#14963,#14965,#15193,.T.);
#15195=ORIENTED_EDGE('',*,*,#15194,.T.);
#15196=VECTOR('',#5329,1.);
#15197=LINE('',#14964,#15196);
#15198=EDGE_CURVE('',#14965,#14967,#15197,.T.);
#15199=ORIENTED_EDGE('',*,*,#15198,.T.);
#15200=VECTOR('',#5324,1.);
#15201=LINE('',#14966,#15200);
#15202=EDGE_CURVE('',#14967,#14969,#15201,.T.);
#15203=ORIENTED_EDGE('',*,*,#15202,.T.);
#15204=VECTOR('',#5319,1.);
#15205=LINE('',#14968,#15204);
#15206=EDGE_CURVE('',#14969,#14971,#15205,.T.);
#15207=ORIENTED_EDGE('',*,*,#15206,.T.);
#15208=VECTOR('',#5314,1.);
#15209=LINE('',#14970,#15208);
#15210=EDGE_CURVE('',#14971,#14973,#15209,.T.);
#15211=ORIENTED_EDGE('',*,*,#15210,.T.);
#15212=VECTOR('',#5309,1.);
#15213=LINE('',#14972,#15212);
#15214=EDGE_CURVE('',#14973,#14975,#15213,.T.);
#15215=ORIENTED_EDGE('',*,*,#15214,.T.);
#15216=VECTOR('',#5304,1.);
#15217=LINE('',#14974,#15216);
#15218=EDGE_CURVE('',#14975,#14977,#15217,.T.);
#15219=ORIENTED_EDGE('',*,*,#15218,.T.);
#15220=VECTOR('',#5299,1.);
#15221=LINE('',#14976,#15220);
#15222=EDGE_CURVE('',#14977,#14979,#15221,.T.);
#15223=ORIENTED_EDGE('',*,*,#15222,.T.);
#15224=VECTOR('',#5294,1.);
#15225=LINE('',#14978,#15224);
#15226=EDGE_CURVE('',#14979,#14981,#15225,.T.);
#15227=ORIENTED_EDGE('',*,*,#15226,.T.);
#15228=VECTOR('',#5289,1.);
#15229=LINE('',#14980,#15228);
#15230=EDGE_CURVE('',#14981,#14983,#15229,.T.);
#15231=ORIENTED_EDGE('',*,*,#15230,.T.);
#15232=VECTOR('',#5284,1.);
#15233=LINE('',#14982,#15232);
#15234=EDGE_CURVE('',#14983,#14985,#15233,.T.);
#15235=ORIENTED_EDGE('',*,*,#15234,.T.);
#15236=VECTOR('',#5279,1.);
#15237=LINE('',#14984,#15236);
#15238=EDGE_CURVE('',#14985,#14987,#15237,.T.);
#15239=ORIENTED_EDGE('',*,*,#15238,.T.);
#15240=VECTOR('',#5434,1.);
#15241=LINE('',#14860,#15240);
#15242=EDGE_CURVE('',#14861,#14987,#15241,.T.);
#15243=ORIENTED_EDGE('',*,*,#15242,.F.);
#15244=EDGE_LOOP('',(#14991,#14995,#14999,#15003,#15007,#15011,#15015,#15019,#15023,#15027,#15031,#15035,#15039,#15043,#15047,#15051,#15055,#15059,#15063,#15067,#15071,#15075,#15079,#15083,#15087,#15091,#15095,#15099,#15103,#15107,#15111,#15115,#15119,#15123,#15127,#15131,#15135,#15139,#15143,#15147,#15151,#15155,#15159,#15163,#15167,#15171,#15175,#15179,#15183,#15187,#15191,#15195,#15199,#15203,#15207,#15211,#15215,#15219,#15223,#15227,#15231,#15235,#15239,#15243));
#15245=FACE_OUTER_BOUND('',#15244,.T.);
#15246=AXIS2_PLACEMENT_3D('',#14860,#711,#712);
#15247=PLANE('',#15246);
#15248=ADVANCED_FACE('',(#15245),#15247,.T.);
#15249=ORIENTED_EDGE('',*,*,#15238,.F.);
#15250=VECTOR('',#367,1.);
#15251=LINE('',#14984,#15250);
#15252=EDGE_CURVE('',#14985,#14474,#15251,.T.);
#15253=ORIENTED_EDGE('',*,*,#15252,.T.);
#15254=ORIENTED_EDGE('',*,*,#14601,.T.);
#15255=VECTOR('',#367,1.);
#15256=LINE('',#14986,#15255);
#15257=EDGE_CURVE('',#14987,#14472,#15256,.T.);
#15258=ORIENTED_EDGE('',*,*,#15257,.F.);
#15259=EDGE_LOOP('',(#15249,#15253,#15254,#15258));
#15260=FACE_OUTER_BOUND('',#15259,.T.);
#15261=AXIS2_PLACEMENT_3D('',#14986,#2958,#3159);
#15262=PLANE('',#15261);
#15263=ADVANCED_FACE('',(#15260),#15262,.T.);
#15264=ORIENTED_EDGE('',*,*,#15234,.F.);
#15265=VECTOR('',#367,1.);
#15266=LINE('',#14982,#15265);
#15267=EDGE_CURVE('',#14983,#14476,#15266,.T.);
#15268=ORIENTED_EDGE('',*,*,#15267,.T.);
#15269=ORIENTED_EDGE('',*,*,#14605,.T.);
#15270=ORIENTED_EDGE('',*,*,#15252,.F.);
#15271=EDGE_LOOP('',(#15264,#15268,#15269,#15270));
#15272=FACE_OUTER_BOUND('',#15271,.T.);
#15273=AXIS2_PLACEMENT_3D('',#14984,#1774,#1854);
#15274=PLANE('',#15273);
#15275=ADVANCED_FACE('',(#15272),#15274,.T.);
#15276=ORIENTED_EDGE('',*,*,#15230,.F.);
#15277=VECTOR('',#367,1.);
#15278=LINE('',#14980,#15277);
#15279=EDGE_CURVE('',#14981,#14478,#15278,.T.);
#15280=ORIENTED_EDGE('',*,*,#15279,.T.);
#15281=ORIENTED_EDGE('',*,*,#14609,.T.);
#15282=ORIENTED_EDGE('',*,*,#15267,.F.);
#15283=EDGE_LOOP('',(#15276,#15280,#15281,#15282));
#15284=FACE_OUTER_BOUND('',#15283,.T.);
#15285=AXIS2_PLACEMENT_3D('',#14982,#1769,#1849);
#15286=PLANE('',#15285);
#15287=ADVANCED_FACE('',(#15284),#15286,.T.);
#15288=ORIENTED_EDGE('',*,*,#15226,.F.);
#15289=VECTOR('',#367,1.);
#15290=LINE('',#14978,#15289);
#15291=EDGE_CURVE('',#14979,#14480,#15290,.T.);
#15292=ORIENTED_EDGE('',*,*,#15291,.T.);
#15293=ORIENTED_EDGE('',*,*,#14613,.T.);
#15294=ORIENTED_EDGE('',*,*,#15279,.F.);
#15295=EDGE_LOOP('',(#15288,#15292,#15293,#15294));
#15296=FACE_OUTER_BOUND('',#15295,.T.);
#15297=AXIS2_PLACEMENT_3D('',#14980,#1764,#1844);
#15298=PLANE('',#15297);
#15299=ADVANCED_FACE('',(#15296),#15298,.T.);
#15300=ORIENTED_EDGE('',*,*,#15222,.F.);
#15301=VECTOR('',#367,1.);
#15302=LINE('',#14976,#15301);
#15303=EDGE_CURVE('',#14977,#14482,#15302,.T.);
#15304=ORIENTED_EDGE('',*,*,#15303,.T.);
#15305=ORIENTED_EDGE('',*,*,#14617,.T.);
#15306=ORIENTED_EDGE('',*,*,#15291,.F.);
#15307=EDGE_LOOP('',(#15300,#15304,#15305,#15306));
#15308=FACE_OUTER_BOUND('',#15307,.T.);
#15309=AXIS2_PLACEMENT_3D('',#14978,#2905,#3110);
#15310=PLANE('',#15309);
#15311=ADVANCED_FACE('',(#15308),#15310,.T.);
#15312=ORIENTED_EDGE('',*,*,#15218,.F.);
#15313=VECTOR('',#367,1.);
#15314=LINE('',#14974,#15313);
#15315=EDGE_CURVE('',#14975,#14484,#15314,.T.);
#15316=ORIENTED_EDGE('',*,*,#15315,.T.);
#15317=ORIENTED_EDGE('',*,*,#14621,.T.);
#15318=ORIENTED_EDGE('',*,*,#15303,.F.);
#15319=EDGE_LOOP('',(#15312,#15316,#15317,#15318));
#15320=FACE_OUTER_BOUND('',#15319,.T.);
#15321=AXIS2_PLACEMENT_3D('',#14976,#1754,#1834);
#15322=PLANE('',#15321);
#15323=ADVANCED_FACE('',(#15320),#15322,.T.);
#15324=ORIENTED_EDGE('',*,*,#15214,.F.);
#15325=VECTOR('',#367,1.);
#15326=LINE('',#14972,#15325);
#15327=EDGE_CURVE('',#14973,#14486,#15326,.T.);
#15328=ORIENTED_EDGE('',*,*,#15327,.T.);
#15329=ORIENTED_EDGE('',*,*,#14625,.T.);
#15330=ORIENTED_EDGE('',*,*,#15315,.F.);
#15331=EDGE_LOOP('',(#15324,#15328,#15329,#15330));
#15332=FACE_OUTER_BOUND('',#15331,.T.);
#15333=AXIS2_PLACEMENT_3D('',#14974,#2878,#3085);
#15334=PLANE('',#15333);
#15335=ADVANCED_FACE('',(#15332),#15334,.T.);
#15336=ORIENTED_EDGE('',*,*,#15210,.F.);
#15337=VECTOR('',#367,1.);
#15338=LINE('',#14970,#15337);
#15339=EDGE_CURVE('',#14971,#14488,#15338,.T.);
#15340=ORIENTED_EDGE('',*,*,#15339,.T.);
#15341=ORIENTED_EDGE('',*,*,#14629,.T.);
#15342=ORIENTED_EDGE('',*,*,#15327,.F.);
#15343=EDGE_LOOP('',(#15336,#15340,#15341,#15342));
#15344=FACE_OUTER_BOUND('',#15343,.T.);
#15345=AXIS2_PLACEMENT_3D('',#14972,#2864,#3072);
#15346=PLANE('',#15345);
#15347=ADVANCED_FACE('',(#15344),#15346,.T.);
#15348=ORIENTED_EDGE('',*,*,#15206,.F.);
#15349=VECTOR('',#367,1.);
#15350=LINE('',#14968,#15349);
#15351=EDGE_CURVE('',#14969,#14490,#15350,.T.);
#15352=ORIENTED_EDGE('',*,*,#15351,.T.);
#15353=ORIENTED_EDGE('',*,*,#14633,.T.);
#15354=ORIENTED_EDGE('',*,*,#15339,.F.);
#15355=EDGE_LOOP('',(#15348,#15352,#15353,#15354));
#15356=FACE_OUTER_BOUND('',#15355,.T.);
#15357=AXIS2_PLACEMENT_3D('',#14970,#2850,#3059);
#15358=PLANE('',#15357);
#15359=ADVANCED_FACE('',(#15356),#15358,.T.);
#15360=ORIENTED_EDGE('',*,*,#15202,.F.);
#15361=VECTOR('',#367,1.);
#15362=LINE('',#14966,#15361);
#15363=EDGE_CURVE('',#14967,#14492,#15362,.T.);
#15364=ORIENTED_EDGE('',*,*,#15363,.T.);
#15365=ORIENTED_EDGE('',*,*,#14637,.T.);
#15366=ORIENTED_EDGE('',*,*,#15351,.F.);
#15367=EDGE_LOOP('',(#15360,#15364,#15365,#15366));
#15368=FACE_OUTER_BOUND('',#15367,.T.);
#15369=AXIS2_PLACEMENT_3D('',#14968,#2836,#3046);
#15370=PLANE('',#15369);
#15371=ADVANCED_FACE('',(#15368),#15370,.T.);
#15372=ORIENTED_EDGE('',*,*,#15198,.F.);
#15373=VECTOR('',#367,1.);
#15374=LINE('',#14964,#15373);
#15375=EDGE_CURVE('',#14965,#14494,#15374,.T.);
#15376=ORIENTED_EDGE('',*,*,#15375,.T.);
#15377=ORIENTED_EDGE('',*,*,#14641,.T.);
#15378=ORIENTED_EDGE('',*,*,#15363,.F.);
#15379=EDGE_LOOP('',(#15372,#15376,#15377,#15378));
#15380=FACE_OUTER_BOUND('',#15379,.T.);
#15381=AXIS2_PLACEMENT_3D('',#14966,#1729,#1809);
#15382=PLANE('',#15381);
#15383=ADVANCED_FACE('',(#15380),#15382,.T.);
#15384=ORIENTED_EDGE('',*,*,#15194,.F.);
#15385=VECTOR('',#367,1.);
#15386=LINE('',#14962,#15385);
#15387=EDGE_CURVE('',#14963,#14496,#15386,.T.);
#15388=ORIENTED_EDGE('',*,*,#15387,.T.);
#15389=ORIENTED_EDGE('',*,*,#14645,.T.);
#15390=ORIENTED_EDGE('',*,*,#15375,.F.);
#15391=EDGE_LOOP('',(#15384,#15388,#15389,#15390));
#15392=FACE_OUTER_BOUND('',#15391,.T.);
#15393=AXIS2_PLACEMENT_3D('',#14964,#2809,#3021);
#15394=PLANE('',#15393);
#15395=ADVANCED_FACE('',(#15392),#15394,.T.);
#15396=ORIENTED_EDGE('',*,*,#15190,.F.);
#15397=VECTOR('',#367,1.);
#15398=LINE('',#14960,#15397);
#15399=EDGE_CURVE('',#14961,#14498,#15398,.T.);
#15400=ORIENTED_EDGE('',*,*,#15399,.T.);
#15401=ORIENTED_EDGE('',*,*,#14649,.T.);
#15402=ORIENTED_EDGE('',*,*,#15387,.F.);
#15403=EDGE_LOOP('',(#15396,#15400,#15401,#15402));
#15404=FACE_OUTER_BOUND('',#15403,.T.);
#15405=AXIS2_PLACEMENT_3D('',#14962,#1719,#1799);
#15406=PLANE('',#15405);
#15407=ADVANCED_FACE('',(#15404),#15406,.T.);
#15408=ORIENTED_EDGE('',*,*,#15186,.F.);
#15409=VECTOR('',#367,1.);
#15410=LINE('',#14958,#15409);
#15411=EDGE_CURVE('',#14959,#14500,#15410,.T.);
#15412=ORIENTED_EDGE('',*,*,#15411,.T.);
#15413=ORIENTED_EDGE('',*,*,#14653,.T.);
#15414=ORIENTED_EDGE('',*,*,#15399,.F.);
#15415=EDGE_LOOP('',(#15408,#15412,#15413,#15414));
#15416=FACE_OUTER_BOUND('',#15415,.T.);
#15417=AXIS2_PLACEMENT_3D('',#14960,#1714,#1794);
#15418=PLANE('',#15417);
#15419=ADVANCED_FACE('',(#15416),#15418,.T.);
#15420=ORIENTED_EDGE('',*,*,#15182,.F.);
#15421=VECTOR('',#367,1.);
#15422=LINE('',#14956,#15421);
#15423=EDGE_CURVE('',#14957,#14502,#15422,.T.);
#15424=ORIENTED_EDGE('',*,*,#15423,.T.);
#15425=ORIENTED_EDGE('',*,*,#14657,.T.);
#15426=ORIENTED_EDGE('',*,*,#15411,.F.);
#15427=EDGE_LOOP('',(#15420,#15424,#15425,#15426));
#15428=FACE_OUTER_BOUND('',#15427,.T.);
#15429=AXIS2_PLACEMENT_3D('',#14958,#1709,#1789);
#15430=PLANE('',#15429);
#15431=ADVANCED_FACE('',(#15428),#15430,.T.);
#15432=ORIENTED_EDGE('',*,*,#15178,.F.);
#15433=VECTOR('',#367,1.);
#15434=LINE('',#14954,#15433);
#15435=EDGE_CURVE('',#14955,#14504,#15434,.T.);
#15436=ORIENTED_EDGE('',*,*,#15435,.T.);
#15437=ORIENTED_EDGE('',*,*,#14661,.T.);
#15438=ORIENTED_EDGE('',*,*,#15423,.F.);
#15439=EDGE_LOOP('',(#15432,#15436,#15437,#15438));
#15440=FACE_OUTER_BOUND('',#15439,.T.);
#15441=AXIS2_PLACEMENT_3D('',#14956,#2971,#2972);
#15442=PLANE('',#15441);
#15443=ADVANCED_FACE('',(#15440),#15442,.T.);
#15444=ORIENTED_EDGE('',*,*,#15174,.F.);
#15445=VECTOR('',#367,1.);
#15446=LINE('',#14952,#15445);
#15447=EDGE_CURVE('',#14953,#14506,#15446,.T.);
#15448=ORIENTED_EDGE('',*,*,#15447,.T.);
#15449=ORIENTED_EDGE('',*,*,#14665,.T.);
#15450=ORIENTED_EDGE('',*,*,#15435,.F.);
#15451=EDGE_LOOP('',(#15444,#15448,#15449,#15450));
#15452=FACE_OUTER_BOUND('',#15451,.T.);
#15453=AXIS2_PLACEMENT_3D('',#14954,#2957,#2958);
#15454=PLANE('',#15453);
#15455=ADVANCED_FACE('',(#15452),#15454,.T.);
#15456=ORIENTED_EDGE('',*,*,#15170,.F.);
#15457=VECTOR('',#367,1.);
#15458=LINE('',#14950,#15457);
#15459=EDGE_CURVE('',#14951,#14508,#15458,.T.);
#15460=ORIENTED_EDGE('',*,*,#15459,.T.);
#15461=ORIENTED_EDGE('',*,*,#14669,.T.);
#15462=ORIENTED_EDGE('',*,*,#15447,.F.);
#15463=EDGE_LOOP('',(#15456,#15460,#15461,#15462));
#15464=FACE_OUTER_BOUND('',#15463,.T.);
#15465=AXIS2_PLACEMENT_3D('',#14952,#2944,#1774);
#15466=PLANE('',#15465);
#15467=ADVANCED_FACE('',(#15464),#15466,.T.);
#15468=ORIENTED_EDGE('',*,*,#15166,.F.);
#15469=VECTOR('',#367,1.);
#15470=LINE('',#14948,#15469);
#15471=EDGE_CURVE('',#14949,#14510,#15470,.T.);
#15472=ORIENTED_EDGE('',*,*,#15471,.T.);
#15473=ORIENTED_EDGE('',*,*,#14673,.T.);
#15474=ORIENTED_EDGE('',*,*,#15459,.F.);
#15475=EDGE_LOOP('',(#15468,#15472,#15473,#15474));
#15476=FACE_OUTER_BOUND('',#15475,.T.);
#15477=AXIS2_PLACEMENT_3D('',#14950,#2931,#1769);
#15478=PLANE('',#15477);
#15479=ADVANCED_FACE('',(#15476),#15478,.T.);
#15480=ORIENTED_EDGE('',*,*,#15162,.F.);
#15481=VECTOR('',#367,1.);
#15482=LINE('',#14946,#15481);
#15483=EDGE_CURVE('',#14947,#14512,#15482,.T.);
#15484=ORIENTED_EDGE('',*,*,#15483,.T.);
#15485=ORIENTED_EDGE('',*,*,#14677,.T.);
#15486=ORIENTED_EDGE('',*,*,#15471,.F.);
#15487=EDGE_LOOP('',(#15480,#15484,#15485,#15486));
#15488=FACE_OUTER_BOUND('',#15487,.T.);
#15489=AXIS2_PLACEMENT_3D('',#14948,#2918,#1764);
#15490=PLANE('',#15489);
#15491=ADVANCED_FACE('',(#15488),#15490,.T.);
#15492=ORIENTED_EDGE('',*,*,#15158,.F.);
#15493=VECTOR('',#367,1.);
#15494=LINE('',#14944,#15493);
#15495=EDGE_CURVE('',#14945,#14514,#15494,.T.);
#15496=ORIENTED_EDGE('',*,*,#15495,.T.);
#15497=ORIENTED_EDGE('',*,*,#14681,.T.);
#15498=ORIENTED_EDGE('',*,*,#15483,.F.);
#15499=EDGE_LOOP('',(#15492,#15496,#15497,#15498));
#15500=FACE_OUTER_BOUND('',#15499,.T.);
#15501=AXIS2_PLACEMENT_3D('',#14946,#2904,#2905);
#15502=PLANE('',#15501);
#15503=ADVANCED_FACE('',(#15500),#15502,.T.);
#15504=ORIENTED_EDGE('',*,*,#15154,.F.);
#15505=VECTOR('',#367,1.);
#15506=LINE('',#14942,#15505);
#15507=EDGE_CURVE('',#14943,#14516,#15506,.T.);
#15508=ORIENTED_EDGE('',*,*,#15507,.T.);
#15509=ORIENTED_EDGE('',*,*,#14685,.T.);
#15510=ORIENTED_EDGE('',*,*,#15495,.F.);
#15511=EDGE_LOOP('',(#15504,#15508,#15509,#15510));
#15512=FACE_OUTER_BOUND('',#15511,.T.);
#15513=AXIS2_PLACEMENT_3D('',#14944,#2891,#1754);
#15514=PLANE('',#15513);
#15515=ADVANCED_FACE('',(#15512),#15514,.T.);
#15516=ORIENTED_EDGE('',*,*,#15150,.F.);
#15517=VECTOR('',#367,1.);
#15518=LINE('',#14940,#15517);
#15519=EDGE_CURVE('',#14941,#14518,#15518,.T.);
#15520=ORIENTED_EDGE('',*,*,#15519,.T.);
#15521=ORIENTED_EDGE('',*,*,#14689,.T.);
#15522=ORIENTED_EDGE('',*,*,#15507,.F.);
#15523=EDGE_LOOP('',(#15516,#15520,#15521,#15522));
#15524=FACE_OUTER_BOUND('',#15523,.T.);
#15525=AXIS2_PLACEMENT_3D('',#14942,#2877,#2878);
#15526=PLANE('',#15525);
#15527=ADVANCED_FACE('',(#15524),#15526,.T.);
#15528=ORIENTED_EDGE('',*,*,#15146,.F.);
#15529=VECTOR('',#367,1.);
#15530=LINE('',#14938,#15529);
#15531=EDGE_CURVE('',#14939,#14520,#15530,.T.);
#15532=ORIENTED_EDGE('',*,*,#15531,.T.);
#15533=ORIENTED_EDGE('',*,*,#14693,.T.);
#15534=ORIENTED_EDGE('',*,*,#15519,.F.);
#15535=EDGE_LOOP('',(#15528,#15532,#15533,#15534));
#15536=FACE_OUTER_BOUND('',#15535,.T.);
#15537=AXIS2_PLACEMENT_3D('',#14940,#2863,#2864);
#15538=PLANE('',#15537);
#15539=ADVANCED_FACE('',(#15536),#15538,.T.);
#15540=ORIENTED_EDGE('',*,*,#15142,.F.);
#15541=VECTOR('',#367,1.);
#15542=LINE('',#14936,#15541);
#15543=EDGE_CURVE('',#14937,#14522,#15542,.T.);
#15544=ORIENTED_EDGE('',*,*,#15543,.T.);
#15545=ORIENTED_EDGE('',*,*,#14697,.T.);
#15546=ORIENTED_EDGE('',*,*,#15531,.F.);
#15547=EDGE_LOOP('',(#15540,#15544,#15545,#15546));
#15548=FACE_OUTER_BOUND('',#15547,.T.);
#15549=AXIS2_PLACEMENT_3D('',#14938,#2849,#2850);
#15550=PLANE('',#15549);
#15551=ADVANCED_FACE('',(#15548),#15550,.T.);
#15552=ORIENTED_EDGE('',*,*,#15138,.F.);
#15553=VECTOR('',#367,1.);
#15554=LINE('',#14934,#15553);
#15555=EDGE_CURVE('',#14935,#14524,#15554,.T.);
#15556=ORIENTED_EDGE('',*,*,#15555,.T.);
#15557=ORIENTED_EDGE('',*,*,#14701,.T.);
#15558=ORIENTED_EDGE('',*,*,#15543,.F.);
#15559=EDGE_LOOP('',(#15552,#15556,#15557,#15558));
#15560=FACE_OUTER_BOUND('',#15559,.T.);
#15561=AXIS2_PLACEMENT_3D('',#14936,#2835,#2836);
#15562=PLANE('',#15561);
#15563=ADVANCED_FACE('',(#15560),#15562,.T.);
#15564=ORIENTED_EDGE('',*,*,#15134,.F.);
#15565=VECTOR('',#367,1.);
#15566=LINE('',#14932,#15565);
#15567=EDGE_CURVE('',#14933,#14526,#15566,.T.);
#15568=ORIENTED_EDGE('',*,*,#15567,.T.);
#15569=ORIENTED_EDGE('',*,*,#14705,.T.);
#15570=ORIENTED_EDGE('',*,*,#15555,.F.);
#15571=EDGE_LOOP('',(#15564,#15568,#15569,#15570));
#15572=FACE_OUTER_BOUND('',#15571,.T.);
#15573=AXIS2_PLACEMENT_3D('',#14934,#2822,#1729);
#15574=PLANE('',#15573);
#15575=ADVANCED_FACE('',(#15572),#15574,.T.);
#15576=ORIENTED_EDGE('',*,*,#15130,.F.);
#15577=VECTOR('',#367,1.);
#15578=LINE('',#14930,#15577);
#15579=EDGE_CURVE('',#14931,#14528,#15578,.T.);
#15580=ORIENTED_EDGE('',*,*,#15579,.T.);
#15581=ORIENTED_EDGE('',*,*,#14709,.T.);
#15582=ORIENTED_EDGE('',*,*,#15567,.F.);
#15583=EDGE_LOOP('',(#15576,#15580,#15581,#15582));
#15584=FACE_OUTER_BOUND('',#15583,.T.);
#15585=AXIS2_PLACEMENT_3D('',#14932,#2808,#2809);
#15586=PLANE('',#15585);
#15587=ADVANCED_FACE('',(#15584),#15586,.T.);
#15588=ORIENTED_EDGE('',*,*,#15126,.F.);
#15589=VECTOR('',#367,1.);
#15590=LINE('',#14928,#15589);
#15591=EDGE_CURVE('',#14929,#14530,#15590,.T.);
#15592=ORIENTED_EDGE('',*,*,#15591,.T.);
#15593=ORIENTED_EDGE('',*,*,#14713,.T.);
#15594=ORIENTED_EDGE('',*,*,#15579,.F.);
#15595=EDGE_LOOP('',(#15588,#15592,#15593,#15594));
#15596=FACE_OUTER_BOUND('',#15595,.T.);
#15597=AXIS2_PLACEMENT_3D('',#14930,#2795,#1719);
#15598=PLANE('',#15597);
#15599=ADVANCED_FACE('',(#15596),#15598,.T.);
#15600=ORIENTED_EDGE('',*,*,#15122,.F.);
#15601=VECTOR('',#367,1.);
#15602=LINE('',#14926,#15601);
#15603=EDGE_CURVE('',#14927,#14532,#15602,.T.);
#15604=ORIENTED_EDGE('',*,*,#15603,.T.);
#15605=ORIENTED_EDGE('',*,*,#14717,.T.);
#15606=ORIENTED_EDGE('',*,*,#15591,.F.);
#15607=EDGE_LOOP('',(#15600,#15604,#15605,#15606));
#15608=FACE_OUTER_BOUND('',#15607,.T.);
#15609=AXIS2_PLACEMENT_3D('',#14928,#2782,#1714);
#15610=PLANE('',#15609);
#15611=ADVANCED_FACE('',(#15608),#15610,.T.);
#15612=ORIENTED_EDGE('',*,*,#15118,.F.);
#15613=VECTOR('',#367,1.);
#15614=LINE('',#14924,#15613);
#15615=EDGE_CURVE('',#14925,#14534,#15614,.T.);
#15616=ORIENTED_EDGE('',*,*,#15615,.T.);
#15617=ORIENTED_EDGE('',*,*,#14721,.T.);
#15618=ORIENTED_EDGE('',*,*,#15603,.F.);
#15619=EDGE_LOOP('',(#15612,#15616,#15617,#15618));
#15620=FACE_OUTER_BOUND('',#15619,.T.);
#15621=AXIS2_PLACEMENT_3D('',#14926,#2769,#1709);
#15622=PLANE('',#15621);
#15623=ADVANCED_FACE('',(#15620),#15622,.T.);
#15624=ORIENTED_EDGE('',*,*,#15114,.F.);
#15625=VECTOR('',#367,1.);
#15626=LINE('',#14922,#15625);
#15627=EDGE_CURVE('',#14923,#14536,#15626,.T.);
#15628=ORIENTED_EDGE('',*,*,#15627,.T.);
#15629=ORIENTED_EDGE('',*,*,#14725,.T.);
#15630=ORIENTED_EDGE('',*,*,#15615,.F.);
#15631=EDGE_LOOP('',(#15624,#15628,#15629,#15630));
#15632=FACE_OUTER_BOUND('',#15631,.T.);
#15633=AXIS2_PLACEMENT_3D('',#14924,#3380,#2971);
#15634=PLANE('',#15633);
#15635=ADVANCED_FACE('',(#15632),#15634,.T.);
#15636=ORIENTED_EDGE('',*,*,#15110,.T.);
#15637=VECTOR('',#367,1.);
#15638=LINE('',#14920,#15637);
#15639=EDGE_CURVE('',#14921,#14538,#15638,.T.);
#15640=ORIENTED_EDGE('',*,*,#15639,.T.);
#15641=ORIENTED_EDGE('',*,*,#14729,.F.);
#15642=ORIENTED_EDGE('',*,*,#15627,.F.);
#15643=EDGE_LOOP('',(#15636,#15640,#15641,#15642));
#15644=FACE_OUTER_BOUND('',#15643,.T.);
#15645=AXIS2_PLACEMENT_3D('',#14922,#3367,#2957);
#15646=PLANE('',#15645);
#15647=ADVANCED_FACE('',(#15644),#15646,.T.);
#15648=ORIENTED_EDGE('',*,*,#15106,.T.);
#15649=VECTOR('',#367,1.);
#15650=LINE('',#14918,#15649);
#15651=EDGE_CURVE('',#14919,#14540,#15650,.T.);
#15652=ORIENTED_EDGE('',*,*,#15651,.T.);
#15653=ORIENTED_EDGE('',*,*,#14733,.F.);
#15654=ORIENTED_EDGE('',*,*,#15639,.F.);
#15655=EDGE_LOOP('',(#15648,#15652,#15653,#15654));
#15656=FACE_OUTER_BOUND('',#15655,.T.);
#15657=AXIS2_PLACEMENT_3D('',#14920,#3354,#2944);
#15658=PLANE('',#15657);
#15659=ADVANCED_FACE('',(#15656),#15658,.T.);
#15660=ORIENTED_EDGE('',*,*,#15102,.T.);
#15661=VECTOR('',#367,1.);
#15662=LINE('',#14916,#15661);
#15663=EDGE_CURVE('',#14917,#14542,#15662,.T.);
#15664=ORIENTED_EDGE('',*,*,#15663,.T.);
#15665=ORIENTED_EDGE('',*,*,#14737,.F.);
#15666=ORIENTED_EDGE('',*,*,#15651,.F.);
#15667=EDGE_LOOP('',(#15660,#15664,#15665,#15666));
#15668=FACE_OUTER_BOUND('',#15667,.T.);
#15669=AXIS2_PLACEMENT_3D('',#14918,#3341,#2931);
#15670=PLANE('',#15669);
#15671=ADVANCED_FACE('',(#15668),#15670,.T.);
#15672=ORIENTED_EDGE('',*,*,#15098,.T.);
#15673=VECTOR('',#367,1.);
#15674=LINE('',#14914,#15673);
#15675=EDGE_CURVE('',#14915,#14544,#15674,.T.);
#15676=ORIENTED_EDGE('',*,*,#15675,.T.);
#15677=ORIENTED_EDGE('',*,*,#14741,.F.);
#15678=ORIENTED_EDGE('',*,*,#15663,.F.);
#15679=EDGE_LOOP('',(#15672,#15676,#15677,#15678));
#15680=FACE_OUTER_BOUND('',#15679,.T.);
#15681=AXIS2_PLACEMENT_3D('',#14916,#3328,#2918);
#15682=PLANE('',#15681);
#15683=ADVANCED_FACE('',(#15680),#15682,.T.);
#15684=ORIENTED_EDGE('',*,*,#15094,.T.);
#15685=VECTOR('',#367,1.);
#15686=LINE('',#14912,#15685);
#15687=EDGE_CURVE('',#14913,#14546,#15686,.T.);
#15688=ORIENTED_EDGE('',*,*,#15687,.T.);
#15689=ORIENTED_EDGE('',*,*,#14745,.F.);
#15690=ORIENTED_EDGE('',*,*,#15675,.F.);
#15691=EDGE_LOOP('',(#15684,#15688,#15689,#15690));
#15692=FACE_OUTER_BOUND('',#15691,.T.);
#15693=AXIS2_PLACEMENT_3D('',#14914,#3315,#2904);
#15694=PLANE('',#15693);
#15695=ADVANCED_FACE('',(#15692),#15694,.T.);
#15696=ORIENTED_EDGE('',*,*,#15090,.T.);
#15697=VECTOR('',#367,1.);
#15698=LINE('',#14910,#15697);
#15699=EDGE_CURVE('',#14911,#14548,#15698,.T.);
#15700=ORIENTED_EDGE('',*,*,#15699,.T.);
#15701=ORIENTED_EDGE('',*,*,#14749,.F.);
#15702=ORIENTED_EDGE('',*,*,#15687,.F.);
#15703=EDGE_LOOP('',(#15696,#15700,#15701,#15702));
#15704=FACE_OUTER_BOUND('',#15703,.T.);
#15705=AXIS2_PLACEMENT_3D('',#14912,#3302,#2891);
#15706=PLANE('',#15705);
#15707=ADVANCED_FACE('',(#15704),#15706,.T.);
#15708=ORIENTED_EDGE('',*,*,#15086,.T.);
#15709=VECTOR('',#367,1.);
#15710=LINE('',#14908,#15709);
#15711=EDGE_CURVE('',#14909,#14550,#15710,.T.);
#15712=ORIENTED_EDGE('',*,*,#15711,.T.);
#15713=ORIENTED_EDGE('',*,*,#14753,.F.);
#15714=ORIENTED_EDGE('',*,*,#15699,.F.);
#15715=EDGE_LOOP('',(#15708,#15712,#15713,#15714));
#15716=FACE_OUTER_BOUND('',#15715,.T.);
#15717=AXIS2_PLACEMENT_3D('',#14910,#3289,#2877);
#15718=PLANE('',#15717);
#15719=ADVANCED_FACE('',(#15716),#15718,.T.);
#15720=ORIENTED_EDGE('',*,*,#15082,.T.);
#15721=VECTOR('',#367,1.);
#15722=LINE('',#14906,#15721);
#15723=EDGE_CURVE('',#14907,#14552,#15722,.T.);
#15724=ORIENTED_EDGE('',*,*,#15723,.T.);
#15725=ORIENTED_EDGE('',*,*,#14757,.F.);
#15726=ORIENTED_EDGE('',*,*,#15711,.F.);
#15727=EDGE_LOOP('',(#15720,#15724,#15725,#15726));
#15728=FACE_OUTER_BOUND('',#15727,.T.);
#15729=AXIS2_PLACEMENT_3D('',#14908,#3276,#2863);
#15730=PLANE('',#15729);
#15731=ADVANCED_FACE('',(#15728),#15730,.T.);
#15732=ORIENTED_EDGE('',*,*,#15078,.T.);
#15733=VECTOR('',#367,1.);
#15734=LINE('',#14904,#15733);
#15735=EDGE_CURVE('',#14905,#14554,#15734,.T.);
#15736=ORIENTED_EDGE('',*,*,#15735,.T.);
#15737=ORIENTED_EDGE('',*,*,#14761,.F.);
#15738=ORIENTED_EDGE('',*,*,#15723,.F.);
#15739=EDGE_LOOP('',(#15732,#15736,#15737,#15738));
#15740=FACE_OUTER_BOUND('',#15739,.T.);
#15741=AXIS2_PLACEMENT_3D('',#14906,#3263,#2849);
#15742=PLANE('',#15741);
#15743=ADVANCED_FACE('',(#15740),#15742,.T.);
#15744=ORIENTED_EDGE('',*,*,#15074,.T.);
#15745=VECTOR('',#367,1.);
#15746=LINE('',#14902,#15745);
#15747=EDGE_CURVE('',#14903,#14556,#15746,.T.);
#15748=ORIENTED_EDGE('',*,*,#15747,.T.);
#15749=ORIENTED_EDGE('',*,*,#14765,.F.);
#15750=ORIENTED_EDGE('',*,*,#15735,.F.);
#15751=EDGE_LOOP('',(#15744,#15748,#15749,#15750));
#15752=FACE_OUTER_BOUND('',#15751,.T.);
#15753=AXIS2_PLACEMENT_3D('',#14904,#3250,#2835);
#15754=PLANE('',#15753);
#15755=ADVANCED_FACE('',(#15752),#15754,.T.);
#15756=ORIENTED_EDGE('',*,*,#15070,.T.);
#15757=VECTOR('',#367,1.);
#15758=LINE('',#14900,#15757);
#15759=EDGE_CURVE('',#14901,#14558,#15758,.T.);
#15760=ORIENTED_EDGE('',*,*,#15759,.T.);
#15761=ORIENTED_EDGE('',*,*,#14769,.F.);
#15762=ORIENTED_EDGE('',*,*,#15747,.F.);
#15763=EDGE_LOOP('',(#15756,#15760,#15761,#15762));
#15764=FACE_OUTER_BOUND('',#15763,.T.);
#15765=AXIS2_PLACEMENT_3D('',#14902,#3237,#2822);
#15766=PLANE('',#15765);
#15767=ADVANCED_FACE('',(#15764),#15766,.T.);
#15768=ORIENTED_EDGE('',*,*,#15066,.T.);
#15769=VECTOR('',#367,1.);
#15770=LINE('',#14898,#15769);
#15771=EDGE_CURVE('',#14899,#14560,#15770,.T.);
#15772=ORIENTED_EDGE('',*,*,#15771,.T.);
#15773=ORIENTED_EDGE('',*,*,#14773,.F.);
#15774=ORIENTED_EDGE('',*,*,#15759,.F.);
#15775=EDGE_LOOP('',(#15768,#15772,#15773,#15774));
#15776=FACE_OUTER_BOUND('',#15775,.T.);
#15777=AXIS2_PLACEMENT_3D('',#14900,#3224,#2808);
#15778=PLANE('',#15777);
#15779=ADVANCED_FACE('',(#15776),#15778,.T.);
#15780=ORIENTED_EDGE('',*,*,#15062,.T.);
#15781=VECTOR('',#367,1.);
#15782=LINE('',#14896,#15781);
#15783=EDGE_CURVE('',#14897,#14562,#15782,.T.);
#15784=ORIENTED_EDGE('',*,*,#15783,.T.);
#15785=ORIENTED_EDGE('',*,*,#14777,.F.);
#15786=ORIENTED_EDGE('',*,*,#15771,.F.);
#15787=EDGE_LOOP('',(#15780,#15784,#15785,#15786));
#15788=FACE_OUTER_BOUND('',#15787,.T.);
#15789=AXIS2_PLACEMENT_3D('',#14898,#3211,#2795);
#15790=PLANE('',#15789);
#15791=ADVANCED_FACE('',(#15788),#15790,.T.);
#15792=ORIENTED_EDGE('',*,*,#15058,.T.);
#15793=VECTOR('',#367,1.);
#15794=LINE('',#14894,#15793);
#15795=EDGE_CURVE('',#14895,#14564,#15794,.T.);
#15796=ORIENTED_EDGE('',*,*,#15795,.T.);
#15797=ORIENTED_EDGE('',*,*,#14781,.F.);
#15798=ORIENTED_EDGE('',*,*,#15783,.F.);
#15799=EDGE_LOOP('',(#15792,#15796,#15797,#15798));
#15800=FACE_OUTER_BOUND('',#15799,.T.);
#15801=AXIS2_PLACEMENT_3D('',#14896,#3198,#2782);
#15802=PLANE('',#15801);
#15803=ADVANCED_FACE('',(#15800),#15802,.T.);
#15804=ORIENTED_EDGE('',*,*,#15054,.T.);
#15805=VECTOR('',#367,1.);
#15806=LINE('',#14892,#15805);
#15807=EDGE_CURVE('',#14893,#14566,#15806,.T.);
#15808=ORIENTED_EDGE('',*,*,#15807,.T.);
#15809=ORIENTED_EDGE('',*,*,#14785,.F.);
#15810=ORIENTED_EDGE('',*,*,#15795,.F.);
#15811=EDGE_LOOP('',(#15804,#15808,#15809,#15810));
#15812=FACE_OUTER_BOUND('',#15811,.T.);
#15813=AXIS2_PLACEMENT_3D('',#14894,#3185,#2769);
#15814=PLANE('',#15813);
#15815=ADVANCED_FACE('',(#15812),#15814,.T.);
#15816=ORIENTED_EDGE('',*,*,#15050,.T.);
#15817=VECTOR('',#367,1.);
#15818=LINE('',#14890,#15817);
#15819=EDGE_CURVE('',#14891,#14568,#15818,.T.);
#15820=ORIENTED_EDGE('',*,*,#15819,.T.);
#15821=ORIENTED_EDGE('',*,*,#14789,.F.);
#15822=ORIENTED_EDGE('',*,*,#15807,.F.);
#15823=EDGE_LOOP('',(#15816,#15820,#15821,#15822));
#15824=FACE_OUTER_BOUND('',#15823,.T.);
#15825=AXIS2_PLACEMENT_3D('',#14892,#3172,#3380);
#15826=PLANE('',#15825);
#15827=ADVANCED_FACE('',(#15824),#15826,.T.);
#15828=ORIENTED_EDGE('',*,*,#15046,.T.);
#15829=VECTOR('',#367,1.);
#15830=LINE('',#14888,#15829);
#15831=EDGE_CURVE('',#14889,#14570,#15830,.T.);
#15832=ORIENTED_EDGE('',*,*,#15831,.T.);
#15833=ORIENTED_EDGE('',*,*,#14793,.F.);
#15834=ORIENTED_EDGE('',*,*,#15819,.F.);
#15835=EDGE_LOOP('',(#15828,#15832,#15833,#15834));
#15836=FACE_OUTER_BOUND('',#15835,.T.);
#15837=AXIS2_PLACEMENT_3D('',#14890,#3159,#3367);
#15838=PLANE('',#15837);
#15839=ADVANCED_FACE('',(#15836),#15838,.T.);
#15840=ORIENTED_EDGE('',*,*,#15042,.T.);
#15841=VECTOR('',#367,1.);
#15842=LINE('',#14886,#15841);
#15843=EDGE_CURVE('',#14887,#14572,#15842,.T.);
#15844=ORIENTED_EDGE('',*,*,#15843,.T.);
#15845=ORIENTED_EDGE('',*,*,#14797,.F.);
#15846=ORIENTED_EDGE('',*,*,#15831,.F.);
#15847=EDGE_LOOP('',(#15840,#15844,#15845,#15846));
#15848=FACE_OUTER_BOUND('',#15847,.T.);
#15849=AXIS2_PLACEMENT_3D('',#14888,#1854,#3354);
#15850=PLANE('',#15849);
#15851=ADVANCED_FACE('',(#15848),#15850,.T.);
#15852=ORIENTED_EDGE('',*,*,#15038,.T.);
#15853=VECTOR('',#367,1.);
#15854=LINE('',#14884,#15853);
#15855=EDGE_CURVE('',#14885,#14574,#15854,.T.);
#15856=ORIENTED_EDGE('',*,*,#15855,.T.);
#15857=ORIENTED_EDGE('',*,*,#14801,.F.);
#15858=ORIENTED_EDGE('',*,*,#15843,.F.);
#15859=EDGE_LOOP('',(#15852,#15856,#15857,#15858));
#15860=FACE_OUTER_BOUND('',#15859,.T.);
#15861=AXIS2_PLACEMENT_3D('',#14886,#1849,#3341);
#15862=PLANE('',#15861);
#15863=ADVANCED_FACE('',(#15860),#15862,.T.);
#15864=ORIENTED_EDGE('',*,*,#15034,.T.);
#15865=VECTOR('',#367,1.);
#15866=LINE('',#14882,#15865);
#15867=EDGE_CURVE('',#14883,#14576,#15866,.T.);
#15868=ORIENTED_EDGE('',*,*,#15867,.T.);
#15869=ORIENTED_EDGE('',*,*,#14805,.F.);
#15870=ORIENTED_EDGE('',*,*,#15855,.F.);
#15871=EDGE_LOOP('',(#15864,#15868,#15869,#15870));
#15872=FACE_OUTER_BOUND('',#15871,.T.);
#15873=AXIS2_PLACEMENT_3D('',#14884,#1844,#3328);
#15874=PLANE('',#15873);
#15875=ADVANCED_FACE('',(#15872),#15874,.T.);
#15876=ORIENTED_EDGE('',*,*,#15030,.T.);
#15877=VECTOR('',#367,1.);
#15878=LINE('',#14880,#15877);
#15879=EDGE_CURVE('',#14881,#14578,#15878,.T.);
#15880=ORIENTED_EDGE('',*,*,#15879,.T.);
#15881=ORIENTED_EDGE('',*,*,#14809,.F.);
#15882=ORIENTED_EDGE('',*,*,#15867,.F.);
#15883=EDGE_LOOP('',(#15876,#15880,#15881,#15882));
#15884=FACE_OUTER_BOUND('',#15883,.T.);
#15885=AXIS2_PLACEMENT_3D('',#14882,#3110,#3315);
#15886=PLANE('',#15885);
#15887=ADVANCED_FACE('',(#15884),#15886,.T.);
#15888=ORIENTED_EDGE('',*,*,#15026,.T.);
#15889=VECTOR('',#367,1.);
#15890=LINE('',#14878,#15889);
#15891=EDGE_CURVE('',#14879,#14580,#15890,.T.);
#15892=ORIENTED_EDGE('',*,*,#15891,.T.);
#15893=ORIENTED_EDGE('',*,*,#14813,.F.);
#15894=ORIENTED_EDGE('',*,*,#15879,.F.);
#15895=EDGE_LOOP('',(#15888,#15892,#15893,#15894));
#15896=FACE_OUTER_BOUND('',#15895,.T.);
#15897=AXIS2_PLACEMENT_3D('',#14880,#1834,#3302);
#15898=PLANE('',#15897);
#15899=ADVANCED_FACE('',(#15896),#15898,.T.);
#15900=ORIENTED_EDGE('',*,*,#15022,.T.);
#15901=VECTOR('',#367,1.);
#15902=LINE('',#14876,#15901);
#15903=EDGE_CURVE('',#14877,#14582,#15902,.T.);
#15904=ORIENTED_EDGE('',*,*,#15903,.T.);
#15905=ORIENTED_EDGE('',*,*,#14817,.F.);
#15906=ORIENTED_EDGE('',*,*,#15891,.F.);
#15907=EDGE_LOOP('',(#15900,#15904,#15905,#15906));
#15908=FACE_OUTER_BOUND('',#15907,.T.);
#15909=AXIS2_PLACEMENT_3D('',#14878,#3085,#3289);
#15910=PLANE('',#15909);
#15911=ADVANCED_FACE('',(#15908),#15910,.T.);
#15912=ORIENTED_EDGE('',*,*,#15018,.T.);
#15913=VECTOR('',#367,1.);
#15914=LINE('',#14874,#15913);
#15915=EDGE_CURVE('',#14875,#14584,#15914,.T.);
#15916=ORIENTED_EDGE('',*,*,#15915,.T.);
#15917=ORIENTED_EDGE('',*,*,#14821,.F.);
#15918=ORIENTED_EDGE('',*,*,#15903,.F.);
#15919=EDGE_LOOP('',(#15912,#15916,#15917,#15918));
#15920=FACE_OUTER_BOUND('',#15919,.T.);
#15921=AXIS2_PLACEMENT_3D('',#14876,#3072,#3276);
#15922=PLANE('',#15921);
#15923=ADVANCED_FACE('',(#15920),#15922,.T.);
#15924=ORIENTED_EDGE('',*,*,#15014,.T.);
#15925=VECTOR('',#367,1.);
#15926=LINE('',#14872,#15925);
#15927=EDGE_CURVE('',#14873,#14586,#15926,.T.);
#15928=ORIENTED_EDGE('',*,*,#15927,.T.);
#15929=ORIENTED_EDGE('',*,*,#14825,.F.);
#15930=ORIENTED_EDGE('',*,*,#15915,.F.);
#15931=EDGE_LOOP('',(#15924,#15928,#15929,#15930));
#15932=FACE_OUTER_BOUND('',#15931,.T.);
#15933=AXIS2_PLACEMENT_3D('',#14874,#3059,#3263);
#15934=PLANE('',#15933);
#15935=ADVANCED_FACE('',(#15932),#15934,.T.);
#15936=ORIENTED_EDGE('',*,*,#15010,.T.);
#15937=VECTOR('',#367,1.);
#15938=LINE('',#14870,#15937);
#15939=EDGE_CURVE('',#14871,#14588,#15938,.T.);
#15940=ORIENTED_EDGE('',*,*,#15939,.T.);
#15941=ORIENTED_EDGE('',*,*,#14829,.F.);
#15942=ORIENTED_EDGE('',*,*,#15927,.F.);
#15943=EDGE_LOOP('',(#15936,#15940,#15941,#15942));
#15944=FACE_OUTER_BOUND('',#15943,.T.);
#15945=AXIS2_PLACEMENT_3D('',#14872,#3046,#3250);
#15946=PLANE('',#15945);
#15947=ADVANCED_FACE('',(#15944),#15946,.T.);
#15948=ORIENTED_EDGE('',*,*,#15006,.T.);
#15949=VECTOR('',#367,1.);
#15950=LINE('',#14868,#15949);
#15951=EDGE_CURVE('',#14869,#14590,#15950,.T.);
#15952=ORIENTED_EDGE('',*,*,#15951,.T.);
#15953=ORIENTED_EDGE('',*,*,#14833,.F.);
#15954=ORIENTED_EDGE('',*,*,#15939,.F.);
#15955=EDGE_LOOP('',(#15948,#15952,#15953,#15954));
#15956=FACE_OUTER_BOUND('',#15955,.T.);
#15957=AXIS2_PLACEMENT_3D('',#14870,#1809,#3237);
#15958=PLANE('',#15957);
#15959=ADVANCED_FACE('',(#15956),#15958,.T.);
#15960=ORIENTED_EDGE('',*,*,#15002,.T.);
#15961=VECTOR('',#367,1.);
#15962=LINE('',#14866,#15961);
#15963=EDGE_CURVE('',#14867,#14592,#15962,.T.);
#15964=ORIENTED_EDGE('',*,*,#15963,.T.);
#15965=ORIENTED_EDGE('',*,*,#14837,.F.);
#15966=ORIENTED_EDGE('',*,*,#15951,.F.);
#15967=EDGE_LOOP('',(#15960,#15964,#15965,#15966));
#15968=FACE_OUTER_BOUND('',#15967,.T.);
#15969=AXIS2_PLACEMENT_3D('',#14868,#3021,#3224);
#15970=PLANE('',#15969);
#15971=ADVANCED_FACE('',(#15968),#15970,.T.);
#15972=ORIENTED_EDGE('',*,*,#14998,.T.);
#15973=VECTOR('',#367,1.);
#15974=LINE('',#14864,#15973);
#15975=EDGE_CURVE('',#14865,#14594,#15974,.T.);
#15976=ORIENTED_EDGE('',*,*,#15975,.T.);
#15977=ORIENTED_EDGE('',*,*,#14841,.F.);
#15978=ORIENTED_EDGE('',*,*,#15963,.F.);
#15979=EDGE_LOOP('',(#15972,#15976,#15977,#15978));
#15980=FACE_OUTER_BOUND('',#15979,.T.);
#15981=AXIS2_PLACEMENT_3D('',#14866,#1799,#3211);
#15982=PLANE('',#15981);
#15983=ADVANCED_FACE('',(#15980),#15982,.T.);
#15984=ORIENTED_EDGE('',*,*,#14994,.T.);
#15985=VECTOR('',#367,1.);
#15986=LINE('',#14862,#15985);
#15987=EDGE_CURVE('',#14863,#14596,#15986,.T.);
#15988=ORIENTED_EDGE('',*,*,#15987,.T.);
#15989=ORIENTED_EDGE('',*,*,#14845,.F.);
#15990=ORIENTED_EDGE('',*,*,#15975,.F.);
#15991=EDGE_LOOP('',(#15984,#15988,#15989,#15990));
#15992=FACE_OUTER_BOUND('',#15991,.T.);
#15993=AXIS2_PLACEMENT_3D('',#14864,#1794,#3198);
#15994=PLANE('',#15993);
#15995=ADVANCED_FACE('',(#15992),#15994,.T.);
#15996=ORIENTED_EDGE('',*,*,#14990,.T.);
#15997=VECTOR('',#367,1.);
#15998=LINE('',#14860,#15997);
#15999=EDGE_CURVE('',#14861,#14598,#15998,.T.);
#16000=ORIENTED_EDGE('',*,*,#15999,.T.);
#16001=ORIENTED_EDGE('',*,*,#14849,.F.);
#16002=ORIENTED_EDGE('',*,*,#15987,.F.);
#16003=EDGE_LOOP('',(#15996,#16000,#16001,#16002));
#16004=FACE_OUTER_BOUND('',#16003,.T.);
#16005=AXIS2_PLACEMENT_3D('',#14862,#1789,#3185);
#16006=PLANE('',#16005);
#16007=ADVANCED_FACE('',(#16004),#16006,.T.);
#16008=ORIENTED_EDGE('',*,*,#15242,.T.);
#16009=ORIENTED_EDGE('',*,*,#15257,.T.);
#16010=ORIENTED_EDGE('',*,*,#14853,.F.);
#16011=ORIENTED_EDGE('',*,*,#15999,.F.);
#16012=EDGE_LOOP('',(#16008,#16009,#16010,#16011));
#16013=FACE_OUTER_BOUND('',#16012,.T.);
#16014=AXIS2_PLACEMENT_3D('',#14860,#2972,#3172);
#16015=PLANE('',#16014);
#16016=ADVANCED_FACE('',(#16013),#16015,.T.);
#16017=CLOSED_SHELL('',(#14859,#15248,#15263,#15275,#15287,#15299,#15311,#15323,#15335,#15347,#15359,#15371,#15383,#15395,#15407,#15419,#15431,#15443,#15455,#15467,#15479,#15491,#15503,#15515,#15527,#15539,#15551,#15563,#15575,#15587,#15599,#15611,#15623,#15635,#15647,#15659,#15671,#15683,#15695,#15707,#15719,#15731,#15743,#15755,#15767,#15779,#15791,#15803,#15815,#15827,#15839,#15851,#15863,#15875,#15887,#15899,#15911,#15923,#15935,#15947,#15959,#15971,#15983,#15995,#16007,#16016));
#16018=MANIFOLD_SOLID_BREP('pin4',#16017);
#16019=APPLICATION_CONTEXT('automotive design');
#16020=APPLICATION_PROTOCOL_DEFINITION('international standard','automotive_design',2000,#16019);
#16021=PRODUCT_CONTEXT('',#16019,'mechanical');
#16022=PRODUCT('camera_lens_box','camera_lens_box','C-mount lens box, open bottom, gravity-seated',(#16021));
#16023=PRODUCT_DEFINITION_FORMATION('','',#16022);
#16024=PRODUCT_DEFINITION_CONTEXT('part definition',#16019,'design');
#16025=PRODUCT_DEFINITION('design','',#16023,#16024);
#16026=PRODUCT_DEFINITION_SHAPE('','',#16025);
#16027=PRODUCT_RELATED_PRODUCT_CATEGORY('part','',(#16022));
#16028=(LENGTH_UNIT()NAMED_UNIT(*)SI_UNIT(.MILLI.,.METRE.));
#16029=(NAMED_UNIT(*)PLANE_ANGLE_UNIT()SI_UNIT($,.RADIAN.));
#16030=(NAMED_UNIT(*)SI_UNIT($,.STERADIAN.)SOLID_ANGLE_UNIT());
#16031=UNCERTAINTY_MEASURE_WITH_UNIT(LENGTH_MEASURE(1.E-07),#16028,'distance_accuracy_value','confusion accuracy');
#16032=(GEOMETRIC_REPRESENTATION_CONTEXT(3)GLOBAL_UNCERTAINTY_ASSIGNED_CONTEXT((#16031))GLOBAL_UNIT_ASSIGNED_CONTEXT((#16028,#16029,#16030))REPRESENTATION_CONTEXT('',''));
#16033=CARTESIAN_POINT('',(0.,0.,0.));
#16034=AXIS2_PLACEMENT_3D('',#16033,#367,#122);
#16035=ADVANCED_BREP_SHAPE_REPRESENTATION('camera_lens_box',(#16034,#1410,#3574,#5150,#6730,#8278,#9826,#11374,#12922,#14470,#16018),#16032);
#16036=SHAPE_DEFINITION_REPRESENTATION(#16026,#16035);
#16037=COLOUR_RGB('walls',0.32,0.34,0.38);
#16038=FILL_AREA_STYLE_COLOUR('',#16037);
#16039=FILL_AREA_STYLE('',(#16038));
#16040=SURFACE_STYLE_FILL_AREA(#16039);
#16041=SURFACE_SIDE_STYLE('',(#16040));
#16042=SURFACE_STYLE_USAGE(.BOTH.,#16041);
#16043=PRESENTATION_STYLE_ASSIGNMENT((#16042));
#16044=STYLED_ITEM('colour',(#16043),#1410);
#16045=COLOUR_RGB('top',0.32,0.34,0.38);
#16046=FILL_AREA_STYLE_COLOUR('',#16045);
#16047=FILL_AREA_STYLE('',(#16046));
#16048=SURFACE_STYLE_FILL_AREA(#16047);
#16049=SURFACE_SIDE_STYLE('',(#16048));
#16050=SURFACE_STYLE_USAGE(.BOTH.,#16049);
#16051=PRESENTATION_STYLE_ASSIGNMENT((#16050));
#16052=STYLED_ITEM('colour',(#16051),#3574);
#16053=COLOUR_RGB('boss1',0.28,0.3,0.33);
#16054=FILL_AREA_STYLE_COLOUR('',#16053);
#16055=FILL_AREA_STYLE('',(#16054));
#16056=SURFACE_STYLE_FILL_AREA(#16055);
#16057=SURFACE_SIDE_STYLE('',(#16056));
#16058=SURFACE_STYLE_USAGE(.BOTH.,#16057);
#16059=PRESENTATION_STYLE_ASSIGNMENT((#16058));
#16060=STYLED_ITEM('colour',(#16059),#5150);
#16061=COLOUR_RGB('pin1',0.28,0.3,0.33);
#16062=FILL_AREA_STYLE_COLOUR('',#16061);
#16063=FILL_AREA_STYLE('',(#16062));
#16064=SURFACE_STYLE_FILL_AREA(#16063);
#16065=SURFACE_SIDE_STYLE('',(#16064));
#16066=SURFACE_STYLE_USAGE(.BOTH.,#16065);
#16067=PRESENTATION_STYLE_ASSIGNMENT((#16066));
#16068=STYLED_ITEM('colour',(#16067),#6730);
#16069=COLOUR_RGB('boss2',0.28,0.3,0.33);
#16070=FILL_AREA_STYLE_COLOUR('',#16069);
#16071=FILL_AREA_STYLE('',(#16070));
#16072=SURFACE_STYLE_FILL_AREA(#16071);
#16073=SURFACE_SIDE_STYLE('',(#16072));
#16074=SURFACE_STYLE_USAGE(.BOTH.,#16073);
#16075=PRESENTATION_STYLE_ASSIGNMENT((#16074));
#16076=STYLED_ITEM('colour',(#16075),#8278);
#16077=COLOUR_RGB('pin2',0.28,0.3,0.33);
#16078=FILL_AREA_STYLE_COLOUR('',#16077);
#16079=FILL_AREA_STYLE('',(#16078));
#16080=SURFACE_STYLE_FILL_AREA(#16079);
#16081=SURFACE_SIDE_STYLE('',(#16080));
#16082=SURFACE_STYLE_USAGE(.BOTH.,#16081);
#16083=PRESENTATION_STYLE_ASSIGNMENT((#16082));
#16084=STYLED_ITEM('colour',(#16083),#9826);
#16085=COLOUR_RGB('boss3',0.28,0.3,0.33);
#16086=FILL_AREA_STYLE_COLOUR('',#16085);
#16087=FILL_AREA_STYLE('',(#16086));
#16088=SURFACE_STYLE_FILL_AREA(#16087);
#16089=SURFACE_SIDE_STYLE('',(#16088));
#16090=SURFACE_STYLE_USAGE(.BOTH.,#16089);
#16091=PRESENTATION_STYLE_ASSIGNMENT((#16090));
#16092=STYLED_ITEM('colour',(#16091),#11374);
#16093=COLOUR_RGB('pin3',0.28,0.3,0.33);
#16094=FILL_AREA_STYLE_COLOUR('',#16093);
#16095=FILL_AREA_STYLE('',(#16094));
#16096=SURFACE_STYLE_FILL_AREA(#16095);
#16097=SURFACE_SIDE_STYLE('',(#16096));
#16098=SURFACE_STYLE_USAGE(.BOTH.,#16097);
#16099=PRESENTATION_STYLE_ASSIGNMENT((#16098));
#16100=STYLED_ITEM('colour',(#16099),#12922);
#16101=COLOUR_RGB('boss4',0.28,0.3,0.33);
#16102=FILL_AREA_STYLE_COLOUR('',#16101);
#16103=FILL_AREA_STYLE('',(#16102));
#16104=SURFACE_STYLE_FILL_AREA(#16103);
#16105=SURFACE_SIDE_STYLE('',(#16104));
#16106=SURFACE_STYLE_USAGE(.BOTH.,#16105);
#16107=PRESENTATION_STYLE_ASSIGNMENT((#16106));
#16108=STYLED_ITEM('colour',(#16107),#14470);
#16109=COLOUR_RGB('pin4',0.28,0.3,0.33);
#16110=FILL_AREA_STYLE_COLOUR('',#16109);
#16111=FILL_AREA_STYLE('',(#16110));
#16112=SURFACE_STYLE_FILL_AREA(#16111);
#16113=SURFACE_SIDE_STYLE('',(#16112));
#16114=SURFACE_STYLE_USAGE(.BOTH.,#16113);
#16115=PRESENTATION_STYLE_ASSIGNMENT((#16114));
#16116=STYLED_ITEM('colour',(#16115),#16018);
#16117=MECHANICAL_DESIGN_GEOMETRIC_PRESENTATION_REPRESENTATION('',(#16044,#16052,#16060,#16068,#16076,#16084,#16092,#16100,#16108,#16116),#16032);
ENDSEC;
END-ISO-10303-21;
