ISO-10303-21;
HEADER;
FILE_DESCRIPTION(('Open CASCADE Model'),'2;1');
FILE_NAME('Open CASCADE Shape Model','2026-10-07T12:25:04',('Author'),(
    'Open CASCADE'),'Open CASCADE STEP processor 7.7','Open CASCADE 7.7'
  ,'Unknown');
FILE_SCHEMA(('AUTOMOTIVE_DESIGN { 1 0 10303 214 1 1 1 1 }'));
ENDSEC;
DATA;
#1 = APPLICATION_PROTOCOL_DEFINITION('international standard',
  'automotive_design',2000,#2);
#2 = APPLICATION_CONTEXT(
  'core data for automotive mechanical design processes');
#3 = SHAPE_DEFINITION_REPRESENTATION(#4,#10);
#4 = PRODUCT_DEFINITION_SHAPE('','',#5);
#5 = PRODUCT_DEFINITION('design','',#6,#9);
#6 = PRODUCT_DEFINITION_FORMATION('','',#7);
#7 = PRODUCT('insert_quarter20','insert_quarter20','',(#8));
#8 = PRODUCT_CONTEXT('',#2,'mechanical');
#9 = PRODUCT_DEFINITION_CONTEXT('part definition',#2,'design');
#10 = SHAPE_REPRESENTATION('',(#11,#15),#19);
#11 = AXIS2_PLACEMENT_3D('',#12,#13,#14);
#12 = CARTESIAN_POINT('',(0.,0.,0.));
#13 = DIRECTION('',(0.,0.,1.));
#14 = DIRECTION('',(1.,0.,-0.));
#15 = AXIS2_PLACEMENT_3D('',#16,#17,#18);
#16 = CARTESIAN_POINT('',(0.,0.,0.));
#17 = DIRECTION('',(0.,0.,1.));
#18 = DIRECTION('',(1.,0.,-0.));
#19 = ( GEOMETRIC_REPRESENTATION_CONTEXT(3) 
GLOBAL_UNCERTAINTY_ASSIGNED_CONTEXT((#23)) GLOBAL_UNIT_ASSIGNED_CONTEXT(
(#20,#21,#22)) REPRESENTATION_CONTEXT('Context #1',
  '3D Context with UNIT and UNCERTAINTY') );
#20 = ( LENGTH_UNIT() NAMED_UNIT(*) SI_UNIT(.MILLI.,.METRE.) );
#21 = ( NAMED_UNIT(*) PLANE_ANGLE_UNIT() SI_UNIT($,.RADIAN.) );
#22 = ( NAMED_UNIT(*) SI_UNIT($,.STERADIAN.) SOLID_ANGLE_UNIT() );
#23 = UNCERTAINTY_MEASURE_WITH_UNIT(LENGTH_MEASURE(1.E-05),#20,
  'distance_accuracy_value','confusion accuracy');
#24 = PRODUCT_RELATED_PRODUCT_CATEGORY('part',$,(#7));
#25 = SHAPE_DEFINITION_REPRESENTATION(#26,#32);
#26 = PRODUCT_DEFINITION_SHAPE('','',#27);
#27 = PRODUCT_DEFINITION('design','',#28,#31);
#28 = PRODUCT_DEFINITION_FORMATION('','',#29);
#29 = PRODUCT('insert','insert','',(#30));
#30 = PRODUCT_CONTEXT('',#2,'mechanical');
#31 = PRODUCT_DEFINITION_CONTEXT('part definition',#2,'design');
#32 = SHAPE_REPRESENTATION('',(#11,#33),#37);
#33 = AXIS2_PLACEMENT_3D('',#34,#35,#36);
#34 = CARTESIAN_POINT('',(0.,0.,0.));
#35 = DIRECTION('',(0.,0.,1.));
#36 = DIRECTION('',(1.,0.,-0.));
#37 = ( GEOMETRIC_REPRESENTATION_CONTEXT(3) 
GLOBAL_UNCERTAINTY_ASSIGNED_CONTEXT((#41)) GLOBAL_UNIT_ASSIGNED_CONTEXT(
(#38,#39,#40)) REPRESENTATION_CONTEXT('Context #1',
  '3D Context with UNIT and UNCERTAINTY') );
#38 = ( LENGTH_UNIT() NAMED_UNIT(*) SI_UNIT(.MILLI.,.METRE.) );
#39 = ( NAMED_UNIT(*) PLANE_ANGLE_UNIT() SI_UNIT($,.RADIAN.) );
#40 = ( NAMED_UNIT(*) SI_UNIT($,.STERADIAN.) SOLID_ANGLE_UNIT() );
#41 = UNCERTAINTY_MEASURE_WITH_UNIT(LENGTH_MEASURE(1.E-05),#38,
  'distance_accuracy_value','confusion accuracy');
#42 = CONTEXT_DEPENDENT_SHAPE_REPRESENTATION(#43,#45);
#43 = ( REPRESENTATION_RELATIONSHIP('','',#32,#10) 
REPRESENTATION_RELATIONSHIP_WITH_TRANSFORMATION(#44) 
SHAPE_REPRESENTATION_RELATIONSHIP() );
#44 = ITEM_DEFINED_TRANSFORMATION('','',#11,#15);
#45 = PRODUCT_DEFINITION_SHAPE('Placement','Placement of an item',#46);
#46 = NEXT_ASSEMBLY_USAGE_OCCURRENCE('2','','',#5,#27,$);
#47 = PRODUCT_RELATED_PRODUCT_CATEGORY('part',$,(#29));
#48 = SHAPE_DEFINITION_REPRESENTATION(#49,#55);
#49 = PRODUCT_DEFINITION_SHAPE('','',#50);
#50 = PRODUCT_DEFINITION('design','',#51,#54);
#51 = PRODUCT_DEFINITION_FORMATION('','',#52);
#52 = PRODUCT('insert_part','insert_part','',(#53));
#53 = PRODUCT_CONTEXT('',#2,'mechanical');
#54 = PRODUCT_DEFINITION_CONTEXT('part definition',#2,'design');
#55 = ADVANCED_BREP_SHAPE_REPRESENTATION('',(#11,#56),#2880);
#56 = MANIFOLD_SOLID_BREP('',#57);
#57 = CLOSED_SHELL('',(#58,#802,#1105,#1897,#2174,#2752,#2758,#2818,
    #2846,#2873));
#58 = ADVANCED_FACE('',(#59),#74,.T.);
#59 = FACE_BOUND('',#60,.F.);
#60 = EDGE_LOOP('',(#61,#97,#125,#482,#510));
#61 = ORIENTED_EDGE('',*,*,#62,.F.);
#62 = EDGE_CURVE('',#63,#65,#67,.T.);
#63 = VERTEX_POINT('',#64);
#64 = CARTESIAN_POINT('',(4.,0.,0.));
#65 = VERTEX_POINT('',#66);
#66 = CARTESIAN_POINT('',(2.493936305714,3.127344193248,0.));
#67 = SURFACE_CURVE('',#68,(#73,#85),.PCURVE_S1.);
#68 = CIRCLE('',#69,4.);
#69 = AXIS2_PLACEMENT_3D('',#70,#71,#72);
#70 = CARTESIAN_POINT('',(0.,0.,0.));
#71 = DIRECTION('',(0.,0.,1.));
#72 = DIRECTION('',(1.,0.,0.));
#73 = PCURVE('',#74,#79);
#74 = CYLINDRICAL_SURFACE('',#75,4.);
#75 = AXIS2_PLACEMENT_3D('',#76,#77,#78);
#76 = CARTESIAN_POINT('',(0.,0.,0.));
#77 = DIRECTION('',(-0.,-0.,-1.));
#78 = DIRECTION('',(1.,0.,0.));
#79 = DEFINITIONAL_REPRESENTATION('',(#80),#84);
#80 = LINE('',#81,#82);
#81 = CARTESIAN_POINT('',(-0.,0.));
#82 = VECTOR('',#83,1.);
#83 = DIRECTION('',(-1.,0.));
#84 = ( GEOMETRIC_REPRESENTATION_CONTEXT(2) 
PARAMETRIC_REPRESENTATION_CONTEXT() REPRESENTATION_CONTEXT('2D SPACE',''
  ) );
#85 = PCURVE('',#86,#91);
#86 = PLANE('',#87);
#87 = AXIS2_PLACEMENT_3D('',#88,#89,#90);
#88 = CARTESIAN_POINT('',(-2.563950248511E-16,7.643776681114E-18,0.));
#89 = DIRECTION('',(0.,0.,1.));
#90 = DIRECTION('',(1.,0.,-0.));
#91 = DEFINITIONAL_REPRESENTATION('',(#92),#96);
#92 = CIRCLE('',#93,4.);
#93 = AXIS2_PLACEMENT_2D('',#94,#95);
#94 = CARTESIAN_POINT('',(2.563950248511E-16,-7.643776681114E-18));
#95 = DIRECTION('',(1.,0.));
#96 = ( GEOMETRIC_REPRESENTATION_CONTEXT(2) 
PARAMETRIC_REPRESENTATION_CONTEXT() REPRESENTATION_CONTEXT('2D SPACE',''
  ) );
#97 = ORIENTED_EDGE('',*,*,#98,.T.);
#98 = EDGE_CURVE('',#63,#99,#101,.T.);
#99 = VERTEX_POINT('',#100);
#100 = CARTESIAN_POINT('',(4.,0.,1.999995394726));
#101 = SURFACE_CURVE('',#102,(#106,#113),.PCURVE_S1.);
#102 = LINE('',#103,#104);
#103 = CARTESIAN_POINT('',(4.,0.,0.));
#104 = VECTOR('',#105,1.);
#105 = DIRECTION('',(0.,0.,1.));
#106 = PCURVE('',#74,#107);
#107 = DEFINITIONAL_REPRESENTATION('',(#108),#112);
#108 = LINE('',#109,#110);
#109 = CARTESIAN_POINT('',(-0.,0.));
#110 = VECTOR('',#111,1.);
#111 = DIRECTION('',(-0.,-1.));
#112 = ( GEOMETRIC_REPRESENTATION_CONTEXT(2) 
PARAMETRIC_REPRESENTATION_CONTEXT() REPRESENTATION_CONTEXT('2D SPACE',''
  ) );
#113 = PCURVE('',#114,#119);
#114 = CYLINDRICAL_SURFACE('',#115,4.);
#115 = AXIS2_PLACEMENT_3D('',#116,#117,#118);
#116 = CARTESIAN_POINT('',(0.,0.,0.));
#117 = DIRECTION('',(-0.,-0.,-1.));
#118 = DIRECTION('',(1.,0.,0.));
#119 = DEFINITIONAL_REPRESENTATION('',(#120),#124);
#120 = LINE('',#121,#122);
#121 = CARTESIAN_POINT('',(-6.28318530718,0.));
#122 = VECTOR('',#123,1.);
#123 = DIRECTION('',(-0.,-1.));
#124 = ( GEOMETRIC_REPRESENTATION_CONTEXT(2) 
PARAMETRIC_REPRESENTATION_CONTEXT() REPRESENTATION_CONTEXT('2D SPACE',''
  ) );
#125 = ORIENTED_EDGE('',*,*,#126,.T.);
#126 = EDGE_CURVE('',#99,#127,#129,.T.);
#127 = VERTEX_POINT('',#128);
#128 = CARTESIAN_POINT('',(4.,0.,5.500003922016));
#129 = SURFACE_CURVE('',#130,(#217,#307),.PCURVE_S1.);
#130 = B_SPLINE_CURVE_WITH_KNOTS('',8,(#131,#132,#133,#134,#135,#136,
    #137,#138,#139,#140,#141,#142,#143,#144,#145,#146,#147,#148,#149,
    #150,#151,#152,#153,#154,#155,#156,#157,#158,#159,#160,#161,#162,
    #163,#164,#165,#166,#167,#168,#169,#170,#171,#172,#173,#174,#175,
    #176,#177,#178,#179,#180,#181,#182,#183,#184,#185,#186,#187,#188,
    #189,#190,#191,#192,#193,#194,#195,#196,#197,#198,#199,#200,#201,
    #202,#203,#204,#205,#206,#207,#208,#209,#210,#211,#212,#213,#214,
    #215,#216),.UNSPECIFIED.,.F.,.F.,(9,7,7,7,7,7,7,7,7,7,7,7,9),(0.,
    7.316966742968E-02,0.137171776088,0.228639173312,0.31943269514,
    0.402973148138,0.486846158147,0.586149943001,0.624002183172,
    0.696573417731,0.84895715512,0.915506606657,1.),.UNSPECIFIED.);
#131 = CARTESIAN_POINT('',(4.,0.,1.999995394726));
#132 = CARTESIAN_POINT('',(4.,0.22984064457,2.032001948721));
#133 = CARTESIAN_POINT('',(3.984906630912,0.45969366547,2.064010636113)
  );
#134 = CARTESIAN_POINT('',(3.954717173896,0.688382046549,2.096018858135)
  );
#135 = CARTESIAN_POINT('',(3.909542335108,0.914749937863,2.12802690533)
  );
#136 = CARTESIAN_POINT('',(3.849595330609,1.137662471177,2.16003613682)
  );
#137 = CARTESIAN_POINT('',(3.775188132097,1.356007250266,2.192047290421)
  );
#138 = CARTESIAN_POINT('',(3.686734873445,1.568697516027,2.224058923582)
  );
#139 = CARTESIAN_POINT('',(3.495566274381,1.954848919745,2.284062824659)
  );
#140 = CARTESIAN_POINT('',(3.396015700833,2.129907963854,2.312059879403)
  );
#141 = CARTESIAN_POINT('',(3.286458249556,2.299146851345,2.340056669339)
  );
#142 = CARTESIAN_POINT('',(3.167295837675,2.461898580399,2.368053434921)
  );
#143 = CARTESIAN_POINT('',(3.038979725987,2.617534019164,2.396050770392)
  );
#144 = CARTESIAN_POINT('',(2.902008209753,2.765461537239,2.424049152608)
  );
#145 = CARTESIAN_POINT('',(2.756927021594,2.905128664214,2.452048365451)
  );
#146 = CARTESIAN_POINT('',(2.386254809568,3.223094893835,2.52006027877)
  );
#147 = CARTESIAN_POINT('',(2.152784542341,3.392292285645,2.560080692997)
  );
#148 = CARTESIAN_POINT('',(1.905681489112,3.542091667504,2.600098269241)
  );
#149 = CARTESIAN_POINT('',(1.646841014944,3.671230985031,2.640111850214)
  );
#150 = CARTESIAN_POINT('',(1.378270010223,3.778677844108,2.6801247933));
#151 = CARTESIAN_POINT('',(1.102074078737,3.863620079183,2.720140730203)
  );
#152 = CARTESIAN_POINT('',(0.820455909298,3.925481458427,2.760159207532)
  );
#153 = CARTESIAN_POINT('',(0.253091475544,4.002160088295,2.839888425398)
  );
#154 = CARTESIAN_POINT('',(-3.269836403258E-02,4.017332636015,
    2.879611576418));
#155 = CARTESIAN_POINT('',(-0.31939045228,4.009163586738,2.919332047991)
  );
#156 = CARTESIAN_POINT('',(-0.604758551054,3.977622289963,2.959049312171
    ));
#157 = CARTESIAN_POINT('',(-0.886605982949,3.922924046784,2.998766807235
    ));
#158 = CARTESIAN_POINT('',(-1.162771178671,3.84551608256,3.038487860558)
  );
#159 = CARTESIAN_POINT('',(-1.43113720846,3.746089472331,3.078211653653)
  );
#160 = CARTESIAN_POINT('',(-1.9275023873,3.514768545186,3.15447395409));
#161 = CARTESIAN_POINT('',(-2.157078860856,3.386072060348,3.191023263232
    ));
#162 = CARTESIAN_POINT('',(-2.376767545021,3.240267375613,3.22757069322)
  );
#163 = CARTESIAN_POINT('',(-2.585086320627,3.078255713052,3.264115482741
    ));
#164 = CARTESIAN_POINT('',(-2.780665519648,2.901077399811,3.300659802066
    ));
#165 = CARTESIAN_POINT('',(-2.962245734142,2.709901954258,3.337206020777
    ));
#166 = CARTESIAN_POINT('',(-3.128686037051,2.506030564131,3.37375401387)
  );
#167 = CARTESIAN_POINT('',(-3.429877491778,2.074935003257,3.446988474579
    ));
#168 = CARTESIAN_POINT('',(-3.564531975356,1.847575100959,3.483682589006
    ));
#169 = CARTESIAN_POINT('',(-3.681916165689,1.610292029069,3.520374892485
    ));
#170 = CARTESIAN_POINT('',(-3.781190367026,1.364625530766,3.557064974568
    ));
#171 = CARTESIAN_POINT('',(-3.861683427938,1.112181308115,3.593755186563
    ));
#172 = CARTESIAN_POINT('',(-3.922886599391,0.854623596586,3.630447863916
    ));
#173 = CARTESIAN_POINT('',(-3.964462910692,0.593673319121,3.667142555839
    ));
#174 = CARTESIAN_POINT('',(-4.012093616648,2.024482403155E-02,
    3.747274245195));
#175 = CARTESIAN_POINT('',(-4.010214625123,-0.292992823042,
    3.790724984035));
#176 = CARTESIAN_POINT('',(-3.980367077545,-0.60561662943,3.83417173384)
  );
#177 = CARTESIAN_POINT('',(-3.92269764415,-0.914713212927,3.877613340019
    ));
#178 = CARTESIAN_POINT('',(-3.837699851384,-1.21743726993,3.921054945763
    ));
#179 = CARTESIAN_POINT('',(-3.726189590729,-1.5110186552,3.964501696933)
  );
#180 = CARTESIAN_POINT('',(-3.589323961587,-1.792779572607,
    4.007952444306));
#181 = CARTESIAN_POINT('',(-3.367423482928,-2.162081649724,
    4.067952118413));
#182 = CARTESIAN_POINT('',(-3.302719440438,-2.261923593319,
    4.084511181369));
#183 = CARTESIAN_POINT('',(-3.234635203839,-2.359547599017,
    4.101070191006));
#184 = CARTESIAN_POINT('',(-3.163260632637,-2.454819200722,
    4.117628944748));
#185 = CARTESIAN_POINT('',(-3.088691284815,-2.547609466465,
    4.134187427215));
#186 = CARTESIAN_POINT('',(-3.011028138905,-2.63779489001,4.150745758944
    ));
#187 = CARTESIAN_POINT('',(-2.930377316048,-2.725257282463,
    4.167304145114));
#188 = CARTESIAN_POINT('',(-2.686708822756,-2.972131418504,
    4.215609526288));
#189 = CARTESIAN_POINT('',(-2.515989721989,-3.123959010446,
    4.247358118893));
#190 = CARTESIAN_POINT('',(-2.335498107126,-3.264545670686,
    4.279105716778));
#191 = CARTESIAN_POINT('',(-2.146103392907,-3.393163020194,4.31085213696
    ));
#192 = CARTESIAN_POINT('',(-1.948731290649,-3.509167446737,
    4.342598546065));
#193 = CARTESIAN_POINT('',(-1.744360024444,-3.611998372246,4.37434610847
    ));
#194 = CARTESIAN_POINT('',(-1.534020274363,-3.701182410747,
    4.406094635298));
#195 = CARTESIAN_POINT('',(-0.866880869547,-3.934165108695,
    4.504502156176));
#196 = CARTESIAN_POINT('',(-0.392827212825,-4.030371589027,
    4.571244550276));
#197 = CARTESIAN_POINT('',(9.271133984896E-02,-4.060950597419,
    4.637940224533));
#198 = CARTESIAN_POINT('',(0.579133261919,-4.024762350084,4.704606931041
    ));
#199 = CARTESIAN_POINT('',(1.056024592407,-3.922337190665,4.771273607331
    ));
#200 = CARTESIAN_POINT('',(1.513244002863,-3.756102050648,4.837969227385
    ));
#201 = CARTESIAN_POINT('',(1.940940710721,-3.530139788597,4.904711713054
    ));
#202 = CARTESIAN_POINT('',(2.499949766035,-3.129529338504,5.000485448219
    ));
#203 = CARTESIAN_POINT('',(2.662609543255,-2.997598357575,5.029599693876
    ));
#204 = CARTESIAN_POINT('',(2.817284505239,-2.856024586933,5.058713564874
    ));
#205 = CARTESIAN_POINT('',(2.963309623966,-2.70537719362,5.087826777511)
  );
#206 = CARTESIAN_POINT('',(3.100072805463,-2.546274884844,5.116940003734
    ));
#207 = CARTESIAN_POINT('',(3.227014125716,-2.379383232815,5.146053977455
    ));
#208 = CARTESIAN_POINT('',(3.343628107488,-2.205414922591,5.175168601467
    ));
#209 = CARTESIAN_POINT('',(3.583848197732,-1.796240910251,5.241245462147
    ));
#210 = CARTESIAN_POINT('',(3.700884916631,-1.557131500879,5.278213332291
    ));
#211 = CARTESIAN_POINT('',(3.799647314268,-1.309376655777,5.315179497554
    ));
#212 = CARTESIAN_POINT('',(3.879405242463,-1.054613914617,5.352143424871
    ));
#213 = CARTESIAN_POINT('',(3.939606823711,-0.794534672923,5.389107353014
    ));
#214 = CARTESIAN_POINT('',(3.979871558252,-0.530876975006,5.426073463083
    ));
#215 = CARTESIAN_POINT('',(3.99999999981,-0.265422822714,5.463041082433)
  );
#216 = CARTESIAN_POINT('',(4.,-1.33226762955E-15,5.500003922016));
#217 = PCURVE('',#74,#218);
#218 = DEFINITIONAL_REPRESENTATION('',(#219),#306);
#219 = B_SPLINE_CURVE_WITH_KNOTS('',8,(#220,#221,#222,#223,#224,#225,
    #226,#227,#228,#229,#230,#231,#232,#233,#234,#235,#236,#237,#238,
    #239,#240,#241,#242,#243,#244,#245,#246,#247,#248,#249,#250,#251,
    #252,#253,#254,#255,#256,#257,#258,#259,#260,#261,#262,#263,#264,
    #265,#266,#267,#268,#269,#270,#271,#272,#273,#274,#275,#276,#277,
    #278,#279,#280,#281,#282,#283,#284,#285,#286,#287,#288,#289,#290,
    #291,#292,#293,#294,#295,#296,#297,#298,#299,#300,#301,#302,#303,
    #304,#305),.UNSPECIFIED.,.F.,.F.,(9,7,7,7,7,7,7,7,7,7,7,7,9),(0.,
    7.316966742968E-02,0.137171776088,0.228639173312,0.31943269514,
    0.402973148138,0.486846158147,0.586149943001,0.624002183172,
    0.696573417731,0.84895715512,0.915506606657,1.),.UNSPECIFIED.);
#220 = CARTESIAN_POINT('',(0.,-1.999995394726));
#221 = CARTESIAN_POINT('',(-5.746016114238E-02,-2.032001948721));
#222 = CARTESIAN_POINT('',(-0.114923366566,-2.064010636113));
#223 = CARTESIAN_POINT('',(-0.172384673606,-2.096018858135));
#224 = CARTESIAN_POINT('',(-0.229843965957,-2.12802690533));
#225 = CARTESIAN_POINT('',(-0.287303495457,-2.16003613682));
#226 = CARTESIAN_POINT('',(-0.344765384204,-2.192047290421));
#227 = CARTESIAN_POINT('',(-0.402229087,-2.224058923582));
#228 = CARTESIAN_POINT('',(-0.509949309063,-2.284062824659));
#229 = CARTESIAN_POINT('',(-0.560212739758,-2.312059879403));
#230 = CARTESIAN_POINT('',(-0.610475652042,-2.340056669339));
#231 = CARTESIAN_POINT('',(-0.660737438877,-2.368053434921));
#232 = CARTESIAN_POINT('',(-0.710998990064,-2.396050770392));
#233 = CARTESIAN_POINT('',(-0.76126136071,-2.424049152608));
#234 = CARTESIAN_POINT('',(-0.811524458463,-2.452048365451));
#235 = CARTESIAN_POINT('',(-0.933615718374,-2.52006027877));
#236 = CARTESIAN_POINT('',(-1.005457241271,-2.560080692997));
#237 = CARTESIAN_POINT('',(-1.077293732067,-2.600098269241));
#238 = CARTESIAN_POINT('',(-1.149123855713,-2.640111850214));
#239 = CARTESIAN_POINT('',(-1.220953910994,-2.6801247933));
#240 = CARTESIAN_POINT('',(-1.292790222292,-2.720140730203));
#241 = CARTESIAN_POINT('',(-1.364631540362,-2.760159207532));
#242 = CARTESIAN_POINT('',(-1.507762165353,-2.839888425398));
#243 = CARTESIAN_POINT('',(-1.579073736797,-2.879611576418));
#244 = CARTESIAN_POINT('',(-1.650380405503,-2.919332047991));
#245 = CARTESIAN_POINT('',(-1.721680996582,-2.959049312171));
#246 = CARTESIAN_POINT('',(-1.792981614767,-2.998766807235));
#247 = CARTESIAN_POINT('',(-1.864288333817,-3.038487860558));
#248 = CARTESIAN_POINT('',(-1.935599881739,-3.078211653653));
#249 = CARTESIAN_POINT('',(-2.07250490404,-3.15447395409));
#250 = CARTESIAN_POINT('',(-2.138117763968,-3.191023263232));
#251 = CARTESIAN_POINT('',(-2.203727421642,-3.22757069322));
#252 = CARTESIAN_POINT('',(-2.269332622953,-3.264115482741));
#253 = CARTESIAN_POINT('',(-2.334937314189,-3.300659802066));
#254 = CARTESIAN_POINT('',(-2.40054571822,-3.337206020777));
#255 = CARTESIAN_POINT('',(-2.466157512374,-3.37375401387));
#256 = CARTESIAN_POINT('',(-2.597629865696,-3.446988474579));
#257 = CARTESIAN_POINT('',(-2.663504152391,-3.483682589006));
#258 = CARTESIAN_POINT('',(-2.729375154731,-3.520374892485));
#259 = CARTESIAN_POINT('',(-2.795241982993,-3.557064974568));
#260 = CARTESIAN_POINT('',(-2.861108723545,-3.593755186563));
#261 = CARTESIAN_POINT('',(-2.926979485784,-3.630447863916));
#262 = CARTESIAN_POINT('',(-2.992853443538,-3.667142555839));
#263 = CARTESIAN_POINT('',(-3.136704261039,-3.747274245195));
#264 = CARTESIAN_POINT('',(-3.21470563973,-3.790724984035));
#265 = CARTESIAN_POINT('',(-3.292699395043,-3.83417173384));
#266 = CARTESIAN_POINT('',(-3.370683657236,-3.877613340019));
#267 = CARTESIAN_POINT('',(-3.448667926259,-3.921054945763));
#268 = CARTESIAN_POINT('',(-3.526661699899,-3.964501696933));
#269 = CARTESIAN_POINT('',(-3.604663102608,-4.007952444306));
#270 = CARTESIAN_POINT('',(-3.712373317592,-4.067952118413));
#271 = CARTESIAN_POINT('',(-3.742099890577,-4.084511181369));
#272 = CARTESIAN_POINT('',(-3.771826445877,-4.101070191006));
#273 = CARTESIAN_POINT('',(-3.801552620995,-4.117628944748));
#274 = CARTESIAN_POINT('',(-3.831278387108,-4.134187427215));
#275 = CARTESIAN_POINT('',(-3.861003957183,-4.150745758944));
#276 = CARTESIAN_POINT('',(-3.890729694093,-4.167304145114));
#277 = CARTESIAN_POINT('',(-3.977448050595,-4.215609526288));
#278 = CARTESIAN_POINT('',(-4.034443703354,-4.247358118893));
#279 = CARTESIAN_POINT('',(-4.091437747362,-4.279105716778));
#280 = CARTESIAN_POINT('',(-4.148429778605,-4.31085213696));
#281 = CARTESIAN_POINT('',(-4.205421806307,-4.342598546065));
#282 = CARTESIAN_POINT('',(-4.262415840448,-4.37434610847));
#283 = CARTESIAN_POINT('',(-4.31941147916,-4.406094635298));
#284 = CARTESIAN_POINT('',(-4.496074279963,-4.504502156176));
#285 = CARTESIAN_POINT('',(-4.615890612407,-4.571244550276));
#286 = CARTESIAN_POINT('',(-4.735622041719,-4.637940224532));
#287 = CARTESIAN_POINT('',(-4.855300579091,-4.704606931041));
#288 = CARTESIAN_POINT('',(-4.974979199154,-4.77127360733));
#289 = CARTESIAN_POINT('',(-5.094710853182,-4.837969227385));
#290 = CARTESIAN_POINT('',(-5.214527408335,-4.904711713054));
#291 = CARTESIAN_POINT('',(-5.38646123584,-5.000485448219));
#292 = CARTESIAN_POINT('',(-5.438727401705,-5.029599693876));
#293 = CARTESIAN_POINT('',(-5.490992865074,-5.058713564874));
#294 = CARTESIAN_POINT('',(-5.543257045672,-5.087826777511));
#295 = CARTESIAN_POINT('',(-5.595521076941,-5.116940003734));
#296 = CARTESIAN_POINT('',(-5.647786217317,-5.146053977455));
#297 = CARTESIAN_POINT('',(-5.700052262394,-5.175168601467));
#298 = CARTESIAN_POINT('',(-5.818671681159,-5.241245462147));
#299 = CARTESIAN_POINT('',(-5.885035015966,-5.278213332291));
#300 = CARTESIAN_POINT('',(-5.951394915291,-5.315179497554));
#301 = CARTESIAN_POINT('',(-6.01775055506,-5.352143424871));
#302 = CARTESIAN_POINT('',(-6.084106221904,-5.389107353014));
#303 = CARTESIAN_POINT('',(-6.150466192066,-5.426073463083));
#304 = CARTESIAN_POINT('',(-6.216829601501,-5.463041082433));
#305 = CARTESIAN_POINT('',(-6.28318530718,-5.500003922016));
#306 = ( GEOMETRIC_REPRESENTATION_CONTEXT(2) 
PARAMETRIC_REPRESENTATION_CONTEXT() REPRESENTATION_CONTEXT('2D SPACE',''
  ) );
#307 = PCURVE('',#308,#393);
#308 = B_SPLINE_SURFACE_WITH_KNOTS('',1,11,(
    (#309,#310,#311,#312,#313,#314,#315,#316,#317,#318,#319,#320,#321
      ,#322,#323,#324,#325,#326,#327,#328,#329,#330,#331,#332,#333,#334
      ,#335,#336,#337,#338,#339,#340,#341,#342,#343,#344,#345,#346,#347
      ,#348,#349,#350)
    ,(#351,#352,#353,#354,#355,#356,#357,#358,#359,#360,#361,#362,#363
      ,#364,#365,#366,#367,#368,#369,#370,#371,#372,#373,#374,#375,#376
      ,#377,#378,#379,#380,#381,#382,#383,#384,#385,#386,#387,#388,#389
      ,#390,#391,#392
  )),.UNSPECIFIED.,.F.,.F.,.F.,(2,2),(12,10,10,10,12),(0.,1.112455055272
    ),(0.,7.705978980364,15.411957960729,23.117936941093,30.823915921458
    ),.UNSPECIFIED.);
#309 = CARTESIAN_POINT('',(3.95,-4.440892098501E-16,-1.5175));
#310 = CARTESIAN_POINT('',(3.950001403425,2.417390422003,-1.176592399579
    ));
#311 = CARTESIAN_POINT('',(2.32329047431,4.834843281213,-0.835675610674)
  );
#312 = CARTESIAN_POINT('',(-0.936717540194,6.034830604792,
    -0.494788983249));
#313 = CARTESIAN_POINT('',(-4.773963197087,4.799464704321,
    -0.153834705959));
#314 = CARTESIAN_POINT('',(-7.240472519678,0.906177138468,0.187007094795
    ));
#315 = CARTESIAN_POINT('',(-6.130360483125,-3.957987444808,
    0.527992713155));
#316 = CARTESIAN_POINT('',(-2.21871546728,-6.395488013575,0.868834751056
    ));
#317 = CARTESIAN_POINT('',(1.774428154032,-5.843636121065,1.209788647713
    ));
#318 = CARTESIAN_POINT('',(4.190983717286,-3.34799972565,1.550675668377)
  );
#319 = CARTESIAN_POINT('',(4.607692363632,-0.464153220109,1.891592150619
    ));
#320 = CARTESIAN_POINT('',(2.509961794651,3.891834824382,2.573407725474)
  );
#321 = CARTESIAN_POINT('',(-4.547325808586E-03,5.364081342336,
    2.914324186617));
#322 = CARTESIAN_POINT('',(-3.462368431613,5.030767846911,3.255211286934
    ));
#323 = CARTESIAN_POINT('',(-6.383601662602,2.252823436407,3.596164994668
    ));
#324 = CARTESIAN_POINT('',(-6.916616081513,-2.325086044672,
    3.937007371113));
#325 = CARTESIAN_POINT('',(-3.805957378779,-6.225887084825,
    4.277992502104));
#326 = CARTESIAN_POINT('',(0.77590458226,-6.724800227178,4.618834882066)
  );
#327 = CARTESIAN_POINT('',(4.134163267691,-4.495038664736,4.959788584156
    ));
#328 = CARTESIAN_POINT('',(5.22858847661,-1.198043848245,5.300675690304)
  );
#329 = CARTESIAN_POINT('',(4.35277591026,1.58101519213,5.641592146898));
#330 = CARTESIAN_POINT('',(0.572793589407,4.595453623349,6.323407727302)
  );
#331 = CARTESIAN_POINT('',(-2.331484666107,4.830897284946,6.664324183886
    ));
#332 = CARTESIAN_POINT('',(-5.302254533808,3.030299849061,7.005211290068
    ));
#333 = CARTESIAN_POINT('',(-6.728889814893,-0.740017176608,
    7.346164992094));
#334 = CARTESIAN_POINT('',(-5.222838738312,-5.09583738844,7.687007372144
    ));
#335 = CARTESIAN_POINT('',(-0.72773793918,-7.260673458787,8.027992503042
    ));
#336 = CARTESIAN_POINT('',(3.616847337367,-5.722183263394,8.368834879561
    ));
#337 = CARTESIAN_POINT('',(5.675076584472,-2.256143683222,8.709788587253
    ));
#338 = CARTESIAN_POINT('',(5.230607183724,1.189199311344,9.050675687585)
  );
#339 = CARTESIAN_POINT('',(3.235738801605,3.313044153676,9.391592148727)
  );
#340 = CARTESIAN_POINT('',(-1.477823410512,4.388886476069,
    10.073407723575));
#341 = CARTESIAN_POINT('',(-4.196642870147,3.340894754163,
    10.414324205846));
#342 = CARTESIAN_POINT('',(-6.091964114872,0.429643856511,
    10.755211226437));
#343 = CARTESIAN_POINT('',(-5.741438775805,-3.586288424105,
    11.096165123211));
#344 = CARTESIAN_POINT('',(-2.494614195107,-6.857295461052,
    11.437007160982));
#345 = CARTESIAN_POINT('',(2.494619013079,-6.857394643278,11.77799277944
    ));
#346 = CARTESIAN_POINT('',(5.741429022049,-3.586217471567,
    12.118834580152));
#347 = CARTESIAN_POINT('',(6.091971472291,0.429607994769,12.459788857442
    ));
#348 = CARTESIAN_POINT('',(4.196639921885,3.340907135069,12.800675484881
    ));
#349 = CARTESIAN_POINT('',(1.477823981053,4.388883982486,13.141592273776
    ));
#350 = CARTESIAN_POINT('',(-0.878957730648,3.850965365051,13.4824998742)
  );
#351 = CARTESIAN_POINT('',(5.,-4.440892098501E-15,-1.15));
#352 = CARTESIAN_POINT('',(5.000000406255,3.059996453207,-0.809089554101
    ));
#353 = CARTESIAN_POINT('',(2.940884310698,6.120004903811,-0.46818746137)
  );
#354 = CARTESIAN_POINT('',(-1.185757208723,7.639174316725,
    -0.127257949113));
#355 = CARTESIAN_POINT('',(-6.042903382918,6.074985996864,0.213610063269
    ));
#356 = CARTESIAN_POINT('',(-9.165287644912,1.147446332093,0.554580327049
    ));
#357 = CARTESIAN_POINT('',(-7.759808246797,-5.010490426798,
    0.895419847538));
#358 = CARTESIAN_POINT('',(-2.808610806389,-8.095283419355,
    1.236389895741));
#359 = CARTESIAN_POINT('',(2.246173513619,-7.397143419759,1.57725825414)
  );
#360 = CARTESIAN_POINT('',(5.305019101456,-4.237930385838,1.918187408916
    ));
#361 = CARTESIAN_POINT('',(5.832526744521,-0.587543019756,2.259089780428
    ));
#362 = CARTESIAN_POINT('',(3.17716196846,4.926380411507,2.940910332214)
  );
#363 = CARTESIAN_POINT('',(-5.725347484338E-03,6.789935771718,
    3.281812722906));
#364 = CARTESIAN_POINT('',(-4.38284392032,6.368177463203,3.622741805278)
  );
#365 = CARTESIAN_POINT('',(-8.080305377087,2.851455742571,3.963610335405
    ));
#366 = CARTESIAN_POINT('',(-8.755497214205,-2.942855851898,
    4.304580075875));
#367 = CARTESIAN_POINT('',(-4.817375272187,-7.881150503493,
    4.645420039382));
#368 = CARTESIAN_POINT('',(0.98194090466,-8.512208896652,4.986389776655)
  );
#369 = CARTESIAN_POINT('',(5.23323267087,-5.690017769552,5.327258311913)
  );
#370 = CARTESIAN_POINT('',(6.618426129946,-1.516481818232,5.668187388984
    ));
#371 = CARTESIAN_POINT('',(5.509850381352,2.00128054307,6.00908978381));
#372 = CARTESIAN_POINT('',(0.725047668092,5.817034296878,6.690910330553)
  );
#373 = CARTESIAN_POINT('',(-2.951201080019,6.115036610116,7.031812725386
    ));
#374 = CARTESIAN_POINT('',(-6.711854575259,3.835884931772,7.372741802435
    ));
#375 = CARTESIAN_POINT('',(-8.517303866258,-0.936840258532,
    7.713610337735));
#376 = CARTESIAN_POINT('',(-6.611573113313,-6.45028937348,8.054580074951
    ));
#377 = CARTESIAN_POINT('',(-0.920802095535,-9.190852043981,
    8.395420038517));
#378 = CARTESIAN_POINT('',(4.57800720909,-7.243187020281,8.736389778939)
  );
#379 = CARTESIAN_POINT('',(7.183785900538,-2.855914310529,9.077258309096
    ));
#380 = CARTESIAN_POINT('',(6.620972699227,1.505324570322,9.418187391455)
  );
#381 = CARTESIAN_POINT('',(4.095880575284,4.193725950092,9.75908978215)
  );
#382 = CARTESIAN_POINT('',(-1.870671214458,5.555553199459,
    10.440910333938));
#383 = CARTESIAN_POINT('',(-5.312155246171,4.228979445388,
    10.781812705441));
#384 = CARTESIAN_POINT('',(-7.711500112547,0.5438483649,11.122741860234)
  );
#385 = CARTESIAN_POINT('',(-7.267345873153,-4.539583597114,
    11.463610218616));
#386 = CARTESIAN_POINT('',(-3.158145862311,-8.680163911841,
    11.804580266827));
#387 = CARTESIAN_POINT('',(3.15814721731,-8.680192704328,12.145419787318
    ));
#388 = CARTESIAN_POINT('',(7.267343052507,-4.539563029843,
    12.486390051091));
#389 = CARTESIAN_POINT('',(7.711502218348,0.543837919331,12.827258063481
    ));
#390 = CARTESIAN_POINT('',(5.312154432603,4.228983029072,13.168187575731
    ));
#391 = CARTESIAN_POINT('',(1.870671383658,5.555552461182,13.509089668467
    ));
#392 = CARTESIAN_POINT('',(-1.112604663614,4.874639597508,
    13.850000114363));
#393 = DEFINITIONAL_REPRESENTATION('',(#394),#481);
#394 = B_SPLINE_CURVE_WITH_KNOTS('',8,(#395,#396,#397,#398,#399,#400,
    #401,#402,#403,#404,#405,#406,#407,#408,#409,#410,#411,#412,#413,
    #414,#415,#416,#417,#418,#419,#420,#421,#422,#423,#424,#425,#426,
    #427,#428,#429,#430,#431,#432,#433,#434,#435,#436,#437,#438,#439,
    #440,#441,#442,#443,#444,#445,#446,#447,#448,#449,#450,#451,#452,
    #453,#454,#455,#456,#457,#458,#459,#460,#461,#462,#463,#464,#465,
    #466,#467,#468,#469,#470,#471,#472,#473,#474,#475,#476,#477,#478,
    #479,#480),.UNSPECIFIED.,.F.,.F.,(9,7,7,7,7,7,7,7,7,7,7,7,9),(0.,
    7.316966742968E-02,0.137171776088,0.228639173312,0.31943269514,
    0.402973148138,0.486846158147,0.586149943001,0.624002183172,
    0.696573417731,0.84895715512,0.915506606657,1.),.UNSPECIFIED.);
#395 = CARTESIAN_POINT('',(5.296169466801E-02,7.192246035761));
#396 = CARTESIAN_POINT('',(5.295832948968E-02,7.258019428342));
#397 = CARTESIAN_POINT('',(5.29559825479E-02,7.323796483647));
#398 = CARTESIAN_POINT('',(5.295512884158E-02,7.389571621879));
#399 = CARTESIAN_POINT('',(5.295687272956E-02,7.455344614299));
#400 = CARTESIAN_POINT('',(5.296178315299E-02,7.521117855711));
#401 = CARTESIAN_POINT('',(5.296891301462E-02,7.586893612831));
#402 = CARTESIAN_POINT('',(5.29750027148E-02,7.652671248554));
#403 = CARTESIAN_POINT('',(5.29728751639E-02,7.77597675687));
#404 = CARTESIAN_POINT('',(5.296752622653E-02,7.83351238477));
#405 = CARTESIAN_POINT('',(5.296187748691E-02,7.891047608122));
#406 = CARTESIAN_POINT('',(5.295780080839E-02,7.948581678541));
#407 = CARTESIAN_POINT('',(5.295583089518E-02,8.00611547236));
#408 = CARTESIAN_POINT('',(5.29558008511E-02,8.063650094257));
#409 = CARTESIAN_POINT('',(5.295726586463E-02,8.121185409127));
#410 = CARTESIAN_POINT('',(5.296321518523E-02,8.260940828666));
#411 = CARTESIAN_POINT('',(5.296875266512E-02,8.343176074733));
#412 = CARTESIAN_POINT('',(5.297471058106E-02,8.425405224626));
#413 = CARTESIAN_POINT('',(5.297954316356E-02,8.507626948704));
#414 = CARTESIAN_POINT('',(5.298241947315E-02,8.589848704676));
#415 = CARTESIAN_POINT('',(5.298339237159E-02,8.672077913753));
#416 = CARTESIAN_POINT('',(5.298309274381E-02,8.754313211723));
#417 = CARTESIAN_POINT('',(5.298081362404E-02,8.918152572969));
#418 = CARTESIAN_POINT('',(5.297886566053E-02,8.999782117553));
#419 = CARTESIAN_POINT('',(5.297663516289E-02,9.08140634547));
#420 = CARTESIAN_POINT('',(5.297468883008E-02,9.163023785161));
#421 = CARTESIAN_POINT('',(5.297338058079E-02,9.244641261136));
#422 = CARTESIAN_POINT('',(5.29727601818E-02,9.326265577561));
#423 = CARTESIAN_POINT('',(5.297263990106E-02,9.407895180991));
#424 = CARTESIAN_POINT('',(5.297298414798E-02,9.564608454294));
#425 = CARTESIAN_POINT('',(5.297339907934E-02,9.639714355138));
#426 = CARTESIAN_POINT('',(5.297389685062E-02,9.714816337024));
#427 = CARTESIAN_POINT('',(5.2974256832E-02,9.789912986266));
#428 = CARTESIAN_POINT('',(5.297430802154E-02,9.865008879553));
#429 = CARTESIAN_POINT('',(5.297398352688E-02,9.940108932207));
#430 = CARTESIAN_POINT('',(5.297332640002E-02,10.015212858434));
#431 = CARTESIAN_POINT('',(5.297156374893E-02,10.165705573622));
#432 = CARTESIAN_POINT('',(5.297045730943E-02,10.24111007686));
#433 = CARTESIAN_POINT('',(5.296923326968E-02,10.316510940259));
#434 = CARTESIAN_POINT('',(5.296808097244E-02,10.391907191657));
#435 = CARTESIAN_POINT('',(5.296720393473E-02,10.467303524292));
#436 = CARTESIAN_POINT('',(5.296676630726E-02,10.542704625441));
#437 = CARTESIAN_POINT('',(5.296685519872E-02,10.618109509151));
#438 = CARTESIAN_POINT('',(5.296817359239E-02,10.78277345314));
#439 = CARTESIAN_POINT('',(5.296960848992E-02,10.872060611505));
#440 = CARTESIAN_POINT('',(5.297176555191E-02,10.961339081503));
#441 = CARTESIAN_POINT('',(5.297443835002E-02,11.050606630149));
#442 = CARTESIAN_POINT('',(5.297727540125E-02,11.139874064702));
#443 = CARTESIAN_POINT('',(5.297986797869E-02,11.229152237111));
#444 = CARTESIAN_POINT('',(5.298186236491E-02,11.318439026316));
#445 = CARTESIAN_POINT('',(5.298356698926E-02,11.441732858729));
#446 = CARTESIAN_POINT('',(5.298392663861E-02,11.475760290884));
#447 = CARTESIAN_POINT('',(5.298416547166E-02,11.509787695414));
#448 = CARTESIAN_POINT('',(5.298427705802E-02,11.543814660439));
#449 = CARTESIAN_POINT('',(5.298425859556E-02,11.577841156285));
#450 = CARTESIAN_POINT('',(5.298411094464E-02,11.611867430095));
#451 = CARTESIAN_POINT('',(5.298383866244E-02,11.645893900437));
#452 = CARTESIAN_POINT('',(5.298270495529E-02,11.745158733484));
#453 = CARTESIAN_POINT('',(5.298153231514E-02,11.810400590629));
#454 = CARTESIAN_POINT('',(5.297998759566E-02,11.875640656788));
#455 = CARTESIAN_POINT('',(5.297817616762E-02,11.940878484591));
#456 = CARTESIAN_POINT('',(5.29762350682E-02,12.00611637846));
#457 = CARTESIAN_POINT('',(5.297431214373E-02,12.07135663078));
#458 = CARTESIAN_POINT('',(5.297254256029E-02,12.136598761614));
#459 = CARTESIAN_POINT('',(5.296783127092E-02,12.338822309723));
#460 = CARTESIAN_POINT('',(5.296573950266E-02,12.475974533358));
#461 = CARTESIAN_POINT('',(5.296565402765E-02,12.613029390869));
#462 = CARTESIAN_POINT('',(5.296785555431E-02,12.750023168272));
#463 = CARTESIAN_POINT('',(5.297109538716E-02,12.887016174037));
#464 = CARTESIAN_POINT('',(5.297330274433E-02,13.024069350666));
#465 = CARTESIAN_POINT('',(5.297411261033E-02,13.161219775392));
#466 = CARTESIAN_POINT('',(5.297399345424E-02,13.358027942879));
#467 = CARTESIAN_POINT('',(5.297378760925E-02,13.417855747586));
#468 = CARTESIAN_POINT('',(5.297345366427E-02,13.477682869255));
#469 = CARTESIAN_POINT('',(5.297307129674E-02,13.537508671218));
#470 = CARTESIAN_POINT('',(5.297274402267E-02,13.597334464485));
#471 = CARTESIAN_POINT('',(5.297257911577E-02,13.657161684872));
#472 = CARTESIAN_POINT('',(5.29726617596E-02,13.716990075238));
#473 = CARTESIAN_POINT('',(5.297348262512E-02,13.852772691911));
#474 = CARTESIAN_POINT('',(5.297439897167E-02,13.928738380402));
#475 = CARTESIAN_POINT('',(5.297581491722E-02,14.004700215464));
#476 = CARTESIAN_POINT('',(5.297770450402E-02,14.080657140022));
#477 = CARTESIAN_POINT('',(5.297981350823E-02,14.156613935095));
#478 = CARTESIAN_POINT('',(5.298166227537E-02,14.23257538893));
#479 = CARTESIAN_POINT('',(5.298271125515E-02,14.308540462964));
#480 = CARTESIAN_POINT('',(5.298268923552E-02,14.384496454617));
#481 = ( GEOMETRIC_REPRESENTATION_CONTEXT(2) 
PARAMETRIC_REPRESENTATION_CONTEXT() REPRESENTATION_CONTEXT('2D SPACE',''
  ) );
#482 = ORIENTED_EDGE('',*,*,#483,.F.);
#483 = EDGE_CURVE('',#484,#127,#486,.T.);
#484 = VERTEX_POINT('',#485);
#485 = CARTESIAN_POINT('',(4.,0.,3.000003530142));
#486 = SURFACE_CURVE('',#487,(#491,#498),.PCURVE_S1.);
#487 = LINE('',#488,#489);
#488 = CARTESIAN_POINT('',(4.,0.,0.));
#489 = VECTOR('',#490,1.);
#490 = DIRECTION('',(0.,0.,1.));
#491 = PCURVE('',#74,#492);
#492 = DEFINITIONAL_REPRESENTATION('',(#493),#497);
#493 = LINE('',#494,#495);
#494 = CARTESIAN_POINT('',(-6.28318530718,0.));
#495 = VECTOR('',#496,1.);
#496 = DIRECTION('',(-0.,-1.));
#497 = ( GEOMETRIC_REPRESENTATION_CONTEXT(2) 
PARAMETRIC_REPRESENTATION_CONTEXT() REPRESENTATION_CONTEXT('2D SPACE',''
  ) );
#498 = PCURVE('',#499,#504);
#499 = CYLINDRICAL_SURFACE('',#500,4.);
#500 = AXIS2_PLACEMENT_3D('',#501,#502,#503);
#501 = CARTESIAN_POINT('',(0.,0.,0.));
#502 = DIRECTION('',(-0.,-0.,-1.));
#503 = DIRECTION('',(1.,0.,0.));
#504 = DEFINITIONAL_REPRESENTATION('',(#505),#509);
#505 = LINE('',#506,#507);
#506 = CARTESIAN_POINT('',(-0.,0.));
#507 = VECTOR('',#508,1.);
#508 = DIRECTION('',(-0.,-1.));
#509 = ( GEOMETRIC_REPRESENTATION_CONTEXT(2) 
PARAMETRIC_REPRESENTATION_CONTEXT() REPRESENTATION_CONTEXT('2D SPACE',''
  ) );
#510 = ORIENTED_EDGE('',*,*,#511,.F.);
#511 = EDGE_CURVE('',#65,#484,#512,.T.);
#512 = SURFACE_CURVE('',#513,(#579,#648),.PCURVE_S1.);
#513 = B_SPLINE_CURVE_WITH_KNOTS('',8,(#514,#515,#516,#517,#518,#519,
    #520,#521,#522,#523,#524,#525,#526,#527,#528,#529,#530,#531,#532,
    #533,#534,#535,#536,#537,#538,#539,#540,#541,#542,#543,#544,#545,
    #546,#547,#548,#549,#550,#551,#552,#553,#554,#555,#556,#557,#558,
    #559,#560,#561,#562,#563,#564,#565,#566,#567,#568,#569,#570,#571,
    #572,#573,#574,#575,#576,#577,#578),.UNSPECIFIED.,.F.,.F.,(9,7,7,7,7
    ,7,7,7,7,9),(0.,0.113092056875,0.192808716192,0.304818989877,
    0.466480755316,0.550722152932,0.6177425559,0.742743299882,
    0.828384114299,1.),.UNSPECIFIED.);
#514 = CARTESIAN_POINT('',(2.493939675582,3.127341505906,
    -5.999999998282E-07));
#515 = CARTESIAN_POINT('',(2.255884525557,3.317181722343,
    4.240169244552E-02));
#516 = CARTESIAN_POINT('',(2.001265028794,3.486351321617,
    8.481318469901E-02));
#517 = CARTESIAN_POINT('',(1.732245380099,3.633101534006,0.127221522604)
  );
#518 = CARTESIAN_POINT('',(1.451147071495,3.756029595045,0.169625400963)
  );
#519 = CARTESIAN_POINT('',(1.160417110319,3.854028325568,0.212029204251)
  );
#520 = CARTESIAN_POINT('',(0.862610869265,3.926271915782,0.254437480251)
  );
#521 = CARTESIAN_POINT('',(0.56038956839,3.972237913369,0.296849246608)
  );
#522 = CARTESIAN_POINT('',(4.234865314997E-02,4.005530018437,
    0.369141198812));
#523 = CARTESIAN_POINT('',(-0.172690685963,4.006161262484,0.399031719045
    ));
#524 = CARTESIAN_POINT('',(-0.387630065233,3.993595329941,0.428921532036
    ));
#525 = CARTESIAN_POINT('',(-0.601523678023,3.967855279479,0.458810491663
    ));
#526 = CARTESIAN_POINT('',(-0.813436015629,3.929043572889,0.48869945186)
  );
#527 = CARTESIAN_POINT('',(-1.022443123648,3.87733945542,0.518589254294)
  );
#528 = CARTESIAN_POINT('',(-1.227634573144,3.813001189815,0.548479716556
    ));
#529 = CARTESIAN_POINT('',(-1.709813800679,3.628702696632,0.620365668579
    ));
#530 = CARTESIAN_POINT('',(-1.982288915068,3.496738951976,0.662370811596
    ));
#531 = CARTESIAN_POINT('',(-2.243012582537,3.34143089566,0.704372522322)
  );
#532 = CARTESIAN_POINT('',(-2.489664429515,3.164026142321,0.746369917802
    ));
#533 = CARTESIAN_POINT('',(-2.720106978569,2.966021568234,0.788367412138
    ));
#534 = CARTESIAN_POINT('',(-2.932382546184,2.74914260857,0.83036937803)
  );
#535 = CARTESIAN_POINT('',(-3.124732675885,2.515351219343,0.872374817439
    ));
#536 = CARTESIAN_POINT('',(-3.542306738985,1.908273513543,0.97498563628)
  );
#537 = CARTESIAN_POINT('',(-3.744582838849,1.518690899992,1.035649332938
    ));
#538 = CARTESIAN_POINT('',(-3.897567039104,1.104983765689,1.096284525403
    ));
#539 = CARTESIAN_POINT('',(-3.998138491525,0.674511403931,1.156899288139
    ));
#540 = CARTESIAN_POINT('',(-4.044360534536,0.234869883548,1.217513989046
    ));
#541 = CARTESIAN_POINT('',(-4.03557214244,-0.20613038533,1.27814889358)
  );
#542 = CARTESIAN_POINT('',(-3.972301768056,-0.640517135282,
    1.338813133103));
#543 = CARTESIAN_POINT('',(-3.796822811977,-1.27889731793,1.431012043446
    ));
#544 = CARTESIAN_POINT('',(-3.722531413873,-1.493711808782,
    1.462599676959));
#545 = CARTESIAN_POINT('',(-3.634361251872,-1.703551821229,
    1.494186609268));
#546 = CARTESIAN_POINT('',(-3.532708264993,-1.907372799018,
    1.525772586005));
#547 = CARTESIAN_POINT('',(-3.418057167555,-2.104175709259,
    1.557358658116));
#548 = CARTESIAN_POINT('',(-3.290977377318,-2.293007358984,
    1.588945873854));
#549 = CARTESIAN_POINT('',(-3.152124904989,-2.472963915288,
    1.620533975601));
#550 = CARTESIAN_POINT('',(-2.883013546301,-2.778631423058,
    1.677249253498));
#551 = CARTESIAN_POINT('',(-2.756791583106,-2.907921347927,
    1.702379009657));
#552 = CARTESIAN_POINT('',(-2.623957864552,-3.030641907268,
    1.727508440488));
#553 = CARTESIAN_POINT('',(-2.484913442005,-3.146400276227,1.75263745666
    ));
#554 = CARTESIAN_POINT('',(-2.340084744619,-3.254834669027,
    1.777766391543));
#555 = CARTESIAN_POINT('',(-2.189922532491,-3.355614071035,
    1.802895582184));
#556 = CARTESIAN_POINT('',(-2.034901927457,-3.448439335309,
    1.828024948721));
#557 = CARTESIAN_POINT('',(-1.578264501497,-3.690846119596,
    1.900021339253));
#558 = CARTESIAN_POINT('',(-1.26574179699,-3.820110805054,1.946902952865
    ));
#559 = CARTESIAN_POINT('',(-0.941281223147,-3.919037421573,
    1.993777188655));
#560 = CARTESIAN_POINT('',(-0.608342633075,-3.986390825618,
    2.040644807378));
#561 = CARTESIAN_POINT('',(-0.270468929668,-4.021406725731,
    2.087512411497));
#562 = CARTESIAN_POINT('',(6.873083363894E-02,-4.023758026383,
    2.134386703643));
#563 = CARTESIAN_POINT('',(0.405586484777,-3.993590366825,2.181268531393
    ));
#564 = CARTESIAN_POINT('',(0.963017630641,-3.889185330972,2.260246127554
    ));
#565 = CARTESIAN_POINT('',(1.186874699474,-3.831803324982,2.292358795442
    ));
#566 = CARTESIAN_POINT('',(1.406780406552,-3.75970295054,2.32447074335)
  );
#567 = CARTESIAN_POINT('',(1.621605742434,-3.673209908711,2.356581539948
    ));
#568 = CARTESIAN_POINT('',(1.830263297489,-3.572748417847,2.388692250935
    ));
#569 = CARTESIAN_POINT('',(2.031707868612,-3.458836435488,2.420804020276
    ));
#570 = CARTESIAN_POINT('',(2.224939982567,-3.332087740629,2.452916667426
    ));
#571 = CARTESIAN_POINT('',(2.777875478787,-2.914945149195,2.549373894836
    ));
#572 = CARTESIAN_POINT('',(3.110391887868,-2.587678706436,2.613788142363
    ));
#573 = CARTESIAN_POINT('',(3.398307280336,-2.217368283786,2.678162784509
    ));
#574 = CARTESIAN_POINT('',(3.635404967354,-1.811300650443,2.742511599302
    ));
#575 = CARTESIAN_POINT('',(3.816778239678,-1.377468593702,2.806860687829
    ));
#576 = CARTESIAN_POINT('',(3.939000718604,-0.924603206445,2.871237837028
    ));
#577 = CARTESIAN_POINT('',(4.000000000679,-0.46205705837,2.935655093852)
  );
#578 = CARTESIAN_POINT('',(4.,-2.6645352591E-15,3.000003530142));
#579 = PCURVE('',#74,#580);
#580 = DEFINITIONAL_REPRESENTATION('',(#581),#647);
#581 = B_SPLINE_CURVE_WITH_KNOTS('',8,(#582,#583,#584,#585,#586,#587,
    #588,#589,#590,#591,#592,#593,#594,#595,#596,#597,#598,#599,#600,
    #601,#602,#603,#604,#605,#606,#607,#608,#609,#610,#611,#612,#613,
    #614,#615,#616,#617,#618,#619,#620,#621,#622,#623,#624,#625,#626,
    #627,#628,#629,#630,#631,#632,#633,#634,#635,#636,#637,#638,#639,
    #640,#641,#642,#643,#644,#645,#646),.UNSPECIFIED.,.F.,.F.,(9,7,7,7,7
    ,7,7,7,7,9),(0.,0.113092056875,0.192808716192,0.304818989877,
    0.466480755316,0.550722152932,0.6177425559,0.742743299882,
    0.828384114299,1.),.UNSPECIFIED.);
#582 = CARTESIAN_POINT('',(-0.897604146555,5.999999999062E-07));
#583 = CARTESIAN_POINT('',(-0.973724759002,-4.240169244552E-02));
#584 = CARTESIAN_POINT('',(-1.049860736128,-8.481318469899E-02));
#585 = CARTESIAN_POINT('',(-1.125990115225,-0.127221522604));
#586 = CARTESIAN_POINT('',(-1.202111118846,-0.169625400963));
#587 = CARTESIAN_POINT('',(-1.278232166833,-0.212029204251));
#588 = CARTESIAN_POINT('',(-1.354361752524,-0.254437480251));
#589 = CARTESIAN_POINT('',(-1.430498183107,-0.296849246608));
#590 = CARTESIAN_POINT('',(-1.560275577644,-0.369141198812));
#591 = CARTESIAN_POINT('',(-1.613934833264,-0.399031719045));
#592 = CARTESIAN_POINT('',(-1.667593053298,-0.428921532036));
#593 = CARTESIAN_POINT('',(-1.721249913423,-0.458810491663));
#594 = CARTESIAN_POINT('',(-1.774906867059,-0.48869945186));
#595 = CARTESIAN_POINT('',(-1.828565346619,-0.518589254294));
#596 = CARTESIAN_POINT('',(-1.882224961664,-0.548479716556));
#597 = CARTESIAN_POINT('',(-2.011275034808,-0.620365668579));
#598 = CARTESIAN_POINT('',(-2.086682740273,-0.662370811596));
#599 = CARTESIAN_POINT('',(-2.162084002041,-0.704372522322));
#600 = CARTESIAN_POINT('',(-2.237477234856,-0.746369917802));
#601 = CARTESIAN_POINT('',(-2.312870466681,-0.788367412138));
#602 = CARTESIAN_POINT('',(-2.388271718234,-0.83036937803));
#603 = CARTESIAN_POINT('',(-2.46367937188,-0.872374817439));
#604 = CARTESIAN_POINT('',(-2.647885682687,-0.97498563628));
#605 = CARTESIAN_POINT('',(-2.756789308958,-1.035649332938));
#606 = CARTESIAN_POINT('',(-2.865642582084,-1.096284525403));
#607 = CARTESIAN_POINT('',(-2.974460027251,-1.156899288139));
#608 = CARTESIAN_POINT('',(-3.083277653789,-1.217513989046));
#609 = CARTESIAN_POINT('',(-3.192130992152,-1.27814889358));
#610 = CARTESIAN_POINT('',(-3.301035991263,-1.338813133103));
#611 = CARTESIAN_POINT('',(-3.466550741667,-1.431012043446));
#612 = CARTESIAN_POINT('',(-3.523256328211,-1.462599676959));
#613 = CARTESIAN_POINT('',(-3.579960368172,-1.494186609268));
#614 = CARTESIAN_POINT('',(-3.636662431163,-1.525772586005));
#615 = CARTESIAN_POINT('',(-3.693364461831,-1.557358658116));
#616 = CARTESIAN_POINT('',(-3.750068424888,-1.588945873854));
#617 = CARTESIAN_POINT('',(-3.806773952389,-1.620533975601));
#618 = CARTESIAN_POINT('',(-3.908586755084,-1.677249253498));
#619 = CARTESIAN_POINT('',(-3.953698639798,-1.702379009657));
#620 = CARTESIAN_POINT('',(-3.998810022523,-1.727508440488));
#621 = CARTESIAN_POINT('',(-4.04392078469,-1.75263745666));
#622 = CARTESIAN_POINT('',(-4.089031558841,-1.777766391543));
#623 = CARTESIAN_POINT('',(-4.1341429725,-1.802895582184));
#624 = CARTESIAN_POINT('',(-4.179254891127,-1.828024948721));
#625 = CARTESIAN_POINT('',(-4.308502422016,-1.900021339253));
#626 = CARTESIAN_POINT('',(-4.392664682568,-1.946902952865));
#627 = CARTESIAN_POINT('',(-4.476814307892,-1.993777188655));
#628 = CARTESIAN_POINT('',(-4.560952474805,-2.040644807378));
#629 = CARTESIAN_POINT('',(-4.64509068387,-2.087512411497));
#630 = CARTESIAN_POINT('',(-4.729240617325,-2.134386703643));
#631 = CARTESIAN_POINT('',(-4.813403618005,-2.181268531393));
#632 = CARTESIAN_POINT('',(-4.955184675866,-2.260246127554));
#633 = CARTESIAN_POINT('',(-5.012833315535,-2.292358795442));
#634 = CARTESIAN_POINT('',(-5.070480445243,-2.32447074335));
#635 = CARTESIAN_POINT('',(-5.128125331278,-2.356581539948));
#636 = CARTESIAN_POINT('',(-5.185769964503,-2.388692250935));
#637 = CARTESIAN_POINT('',(-5.243416497433,-2.420804020276));
#638 = CARTESIAN_POINT('',(-5.301064699232,-2.452916667426));
#639 = CARTESIAN_POINT('',(-5.474223875384,-2.549373894836));
#640 = CARTESIAN_POINT('',(-5.589860344146,-2.613788142363));
#641 = CARTESIAN_POINT('',(-5.705426749575,-2.678162784509));
#642 = CARTESIAN_POINT('',(-5.820947475464,-2.742511599303));
#643 = CARTESIAN_POINT('',(-5.936468237464,-2.806860687829));
#644 = CARTESIAN_POINT('',(-6.052034739005,-2.871237837028));
#645 = CARTESIAN_POINT('',(-6.167671042587,-2.935655093852));
#646 = CARTESIAN_POINT('',(-6.28318530718,-3.000003530142));
#647 = ( GEOMETRIC_REPRESENTATION_CONTEXT(2) 
PARAMETRIC_REPRESENTATION_CONTEXT() REPRESENTATION_CONTEXT('2D SPACE',''
  ) );
#648 = PCURVE('',#649,#734);
#649 = B_SPLINE_SURFACE_WITH_KNOTS('',1,11,(
    (#650,#651,#652,#653,#654,#655,#656,#657,#658,#659,#660,#661,#662
      ,#663,#664,#665,#666,#667,#668,#669,#670,#671,#672,#673,#674,#675
      ,#676,#677,#678,#679,#680,#681,#682,#683,#684,#685,#686,#687,#688
      ,#689,#690,#691)
    ,(#692,#693,#694,#695,#696,#697,#698,#699,#700,#701,#702,#703,#704
      ,#705,#706,#707,#708,#709,#710,#711,#712,#713,#714,#715,#716,#717
      ,#718,#719,#720,#721,#722,#723,#724,#725,#726,#727,#728,#729,#730
      ,#731,#732,#733
  )),.UNSPECIFIED.,.F.,.F.,.F.,(2,2),(12,10,10,10,12),(0.,1.112455055272
    ),(0.,7.705978980364,15.411957960729,23.117936941093,30.823915921458
    ),.UNSPECIFIED.);
#650 = CARTESIAN_POINT('',(5.,-6.217248937901E-15,-0.85));
#651 = CARTESIAN_POINT('',(4.999999592934,3.0599964336,-0.509089554101)
  );
#652 = CARTESIAN_POINT('',(2.940888026669,6.120004833159,-0.16818746137)
  );
#653 = CARTESIAN_POINT('',(-1.185767878801,7.639174030187,0.172742050886
    ));
#654 = CARTESIAN_POINT('',(-6.042882611679,6.074987759561,0.51361006327)
  );
#655 = CARTESIAN_POINT('',(-9.165315952767,1.14744130352,0.854580327047)
  );
#656 = CARTESIAN_POINT('',(-7.759780474085,-5.010482676111,
    1.195419847541));
#657 = CARTESIAN_POINT('',(-2.808630171056,-8.09529065752,1.536389895738
    ));
#658 = CARTESIAN_POINT('',(2.246183121813,-7.397139014029,1.877258254141
    ));
#659 = CARTESIAN_POINT('',(5.305015799655,-4.237931953405,2.218187408915
    ));
#660 = CARTESIAN_POINT('',(5.832527345844,-0.587542707385,2.559089780428
    ));
#661 = CARTESIAN_POINT('',(3.177161305947,4.926380070179,3.240910332214)
  );
#662 = CARTESIAN_POINT('',(-5.722068963384E-03,6.789937272992,
    3.581812722906));
#663 = CARTESIAN_POINT('',(-4.382853275971,6.368172638601,3.922741805277
    ));
#664 = CARTESIAN_POINT('',(-8.08028757551,2.851466273062,4.263610335407)
  );
#665 = CARTESIAN_POINT('',(-8.755520400403,-2.942872600249,
    4.604580075872));
#666 = CARTESIAN_POINT('',(-4.817353716994,-7.881131519535,
    4.945420039386));
#667 = CARTESIAN_POINT('',(0.981926662956,-8.512223789434,5.286389776652
    ));
#668 = CARTESIAN_POINT('',(5.233239384557,-5.690009646121,5.627258311915
    ));
#669 = CARTESIAN_POINT('',(6.618423846123,-1.516484658049,5.968187388983
    ));
#670 = CARTESIAN_POINT('',(5.509850785738,2.001281084551,6.309089783811)
  );
#671 = CARTESIAN_POINT('',(0.725047220223,5.817033702309,6.990910330553)
  );
#672 = CARTESIAN_POINT('',(-2.951198779104,6.115039384674,7.331812725387
    ));
#673 = CARTESIAN_POINT('',(-6.711860908955,3.835876526141,7.672741802434
    ));
#674 = CARTESIAN_POINT('',(-8.517292399087,-0.936823047091,
    8.013610337736));
#675 = CARTESIAN_POINT('',(-6.61158673405,-6.450314524038,8.354580074949
    ));
#676 = CARTESIAN_POINT('',(-0.920790913912,-9.190825586124,8.69542003852
    ));
#677 = CARTESIAN_POINT('',(4.57800084104,-7.243206619382,9.036389778936)
  );
#678 = CARTESIAN_POINT('',(7.18378842375,-2.855904076678,9.377258309098)
  );
#679 = CARTESIAN_POINT('',(6.620971874271,1.505321019278,9.718187391454)
  );
#680 = CARTESIAN_POINT('',(4.095880704421,4.193726614394,10.05908978215)
  );
#681 = CARTESIAN_POINT('',(-1.870671359518,5.555552467458,
    10.740910333938));
#682 = CARTESIAN_POINT('',(-5.312154379719,4.228982955194,11.08181270544
    ));
#683 = CARTESIAN_POINT('',(-7.711502163974,0.543838009756,
    11.422741860236));
#684 = CARTESIAN_POINT('',(-7.267343025752,-4.539563044995,
    11.763610218612));
#685 = CARTESIAN_POINT('',(-3.158147195345,-8.680192593818,
    12.104580266832));
#686 = CARTESIAN_POINT('',(3.158145777391,-8.680163868114,
    12.445419787313));
#687 = CARTESIAN_POINT('',(7.267345856297,-4.539583610242,
    12.786390051095));
#688 = CARTESIAN_POINT('',(7.711500017558,0.543848378181,13.127258063479
    ));
#689 = CARTESIAN_POINT('',(5.312155255463,4.228979363956,13.468187575732
    ));
#690 = CARTESIAN_POINT('',(1.87067119612,5.55555318223,13.809089668467)
  );
#691 = CARTESIAN_POINT('',(-1.112604648345,4.87463953061,14.150000114363
    ));
#692 = CARTESIAN_POINT('',(3.95,-6.550315845288E-15,-0.4825));
#693 = CARTESIAN_POINT('',(3.949998597468,2.417390354359,-0.141592399579
    ));
#694 = CARTESIAN_POINT('',(2.323303294408,4.834843037463,0.199324389326)
  );
#695 = CARTESIAN_POINT('',(-0.936754351962,6.034829616236,0.54021101675)
  );
#696 = CARTESIAN_POINT('',(-4.773891536313,4.799470785627,0.881165294043
    ));
#697 = CARTESIAN_POINT('',(-7.240570181775,0.906159789891,1.222007094789
    ));
#698 = CARTESIAN_POINT('',(-6.130264667269,-3.957960704933,
    1.562992713164));
#699 = CARTESIAN_POINT('',(-2.218782275383,-6.395512985248,
    1.903834751048));
#700 = CARTESIAN_POINT('',(1.774461302301,-5.843620921295,2.244788647718
    ));
#701 = CARTESIAN_POINT('',(4.190972326072,-3.34800513376,2.585675668375)
  );
#702 = CARTESIAN_POINT('',(4.607694438198,-0.464152142428,2.926592150619
    ));
#703 = CARTESIAN_POINT('',(2.509959508982,3.891833646801,3.608407725474)
  );
#704 = CARTESIAN_POINT('',(-4.536014912878E-03,5.364086521733,
    3.949324186617));
#705 = CARTESIAN_POINT('',(-3.462400708603,5.030751202033,4.290211286934
    ));
#706 = CARTESIAN_POINT('',(-6.383540247166,2.2528597666,4.631164994669)
  );
#707 = CARTESIAN_POINT('',(-6.91669607389,-2.325143826485,4.972007371109
    ));
#708 = CARTESIAN_POINT('',(-3.805883013372,-6.225821590167,
    5.312992502111));
#709 = CARTESIAN_POINT('',(0.775855448385,-6.724851607279,5.653834882059
    ));
#710 = CARTESIAN_POINT('',(4.134186429906,-4.495010638899,5.99478858416)
  );
#711 = CARTESIAN_POINT('',(5.228580597425,-1.198053645614,6.335675690302
    ));
#712 = CARTESIAN_POINT('',(4.352777305391,1.581017060237,6.676592146899)
  );
#713 = CARTESIAN_POINT('',(0.572792044258,4.595451572086,7.358407727302)
  );
#714 = CARTESIAN_POINT('',(-2.331476727951,4.830906857171,7.699324183887
    ));
#715 = CARTESIAN_POINT('',(-5.30227638506,3.030270849632,8.040211290066)
  );
#716 = CARTESIAN_POINT('',(-6.728850253149,-0.739957797134,
    8.381164992098));
#717 = CARTESIAN_POINT('',(-5.222885729857,-5.095924157865,
    8.722007372137));
#718 = CARTESIAN_POINT('',(-0.727699362578,-7.260582179182,
    9.062992503052));
#719 = CARTESIAN_POINT('',(3.616825367595,-5.722250880293,9.403834879552
    ));
#720 = CARTESIAN_POINT('',(5.675085289554,-2.256108376437,9.744788587259
    ));
#721 = CARTESIAN_POINT('',(5.230604337628,1.18918706024,10.085675687583)
  );
#722 = CARTESIAN_POINT('',(3.235739247125,3.313046445519,10.426592148727
    ));
#723 = CARTESIAN_POINT('',(-1.47782391097,4.388883950666,11.108407723575
    ));
#724 = CARTESIAN_POINT('',(-4.196639880889,3.340906862996,
    11.449324205846));
#725 = CARTESIAN_POINT('',(-6.091971192289,0.42960813126,11.790211226435
    ));
#726 = CARTESIAN_POINT('',(-5.74142895228,-3.586217519285,
    12.131165123216));
#727 = CARTESIAN_POINT('',(-2.494618794062,-6.857394413885,
    12.472007160972));
#728 = CARTESIAN_POINT('',(2.494614045347,-6.857295158329,
    12.812992779453));
#729 = CARTESIAN_POINT('',(5.741438695134,-3.586288473953,13.15383458014
    ));
#730 = CARTESIAN_POINT('',(6.091963879559,0.429644077809,13.49478885745)
  );
#731 = CARTESIAN_POINT('',(4.196642760752,3.340894490417,13.835675484878
    ));
#732 = CARTESIAN_POINT('',(1.477823334046,4.388886470102,14.176592273777
    ));
#733 = CARTESIAN_POINT('',(-0.87895767797,3.850965134255,14.5174998742)
  );
#734 = DEFINITIONAL_REPRESENTATION('',(#735),#801);
#735 = B_SPLINE_CURVE_WITH_KNOTS('',8,(#736,#737,#738,#739,#740,#741,
    #742,#743,#744,#745,#746,#747,#748,#749,#750,#751,#752,#753,#754,
    #755,#756,#757,#758,#759,#760,#761,#762,#763,#764,#765,#766,#767,
    #768,#769,#770,#771,#772,#773,#774,#775,#776,#777,#778,#779,#780,
    #781,#782,#783,#784,#785,#786,#787,#788,#789,#790,#791,#792,#793,
    #794,#795,#796,#797,#798,#799,#800),.UNSPECIFIED.,.F.,.F.,(9,7,7,7,7
    ,7,7,7,7,9),(0.,0.113092056875,0.192808716192,0.304818989877,
    0.466480755316,0.550722152932,0.6177425559,0.742743299882,
    0.828384114299,1.),.UNSPECIFIED.);
#736 = CARTESIAN_POINT('',(1.059472250967,1.027468640532));
#737 = CARTESIAN_POINT('',(1.059472227392,1.114602317382));
#738 = CARTESIAN_POINT('',(1.059473595402,1.201753959553));
#739 = CARTESIAN_POINT('',(1.059475977779,1.288898431451));
#740 = CARTESIAN_POINT('',(1.059478501345,1.376033639892));
#741 = CARTESIAN_POINT('',(1.059480461148,1.463169071198));
#742 = CARTESIAN_POINT('',(1.059481620879,1.550314231096));
#743 = CARTESIAN_POINT('',(1.059482149517,1.637466987408));
#744 = CARTESIAN_POINT('',(1.059482225697,1.786021667657));
#745 = CARTESIAN_POINT('',(1.05948202612,1.847444658146));
#746 = CARTESIAN_POINT('',(1.059481670537,1.908866299932));
#747 = CARTESIAN_POINT('',(1.059481272799,1.970286215984));
#748 = CARTESIAN_POINT('',(1.059480947216,2.031706083993));
#749 = CARTESIAN_POINT('',(1.05948078199,2.093127574103));
#750 = CARTESIAN_POINT('',(1.059480824427,2.154550279706));
#751 = CARTESIAN_POINT('',(1.059481434062,2.302270291105));
#752 = CARTESIAN_POINT('',(1.059482204124,2.388587296703));
#753 = CARTESIAN_POINT('',(1.059483415989,2.474896951503));
#754 = CARTESIAN_POINT('',(1.059484894742,2.56119756001));
#755 = CARTESIAN_POINT('',(1.059486348207,2.647498390953));
#756 = CARTESIAN_POINT('',(1.059487459258,2.733808644614));
#757 = CARTESIAN_POINT('',(1.059487984884,2.820126434332));
#758 = CARTESIAN_POINT('',(1.059487684657,3.030984466091));
#759 = CARTESIAN_POINT('',(1.059486148956,3.155645027892));
#760 = CARTESIAN_POINT('',(1.059483022394,3.280248094012));
#761 = CARTESIAN_POINT('',(1.059478665205,3.404810010603));
#762 = CARTESIAN_POINT('',(1.059474351215,3.529371767016));
#763 = CARTESIAN_POINT('',(1.059471404567,3.65397410945));
#764 = CARTESIAN_POINT('',(1.059470306236,3.778635477375));
#765 = CARTESIAN_POINT('',(1.059471197005,3.968096962278));
#766 = CARTESIAN_POINT('',(1.059471959106,4.033006746364));
#767 = CARTESIAN_POINT('',(1.05947315634,4.097914794477));
#768 = CARTESIAN_POINT('',(1.059474714668,4.162820634379));
#769 = CARTESIAN_POINT('',(1.05947651851,4.227726504308));
#770 = CARTESIAN_POINT('',(1.059478427465,4.292634653754));
#771 = CARTESIAN_POINT('',(1.05948029909,4.357544650035));
#772 = CARTESIAN_POINT('',(1.059483384987,4.474088354875));
#773 = CARTESIAN_POINT('',(1.059484655291,4.525727326855));
#774 = CARTESIAN_POINT('',(1.059485769775,4.57736573652));
#775 = CARTESIAN_POINT('',(1.059486678307,4.629003434266));
#776 = CARTESIAN_POINT('',(1.059487346936,4.680641128094));
#777 = CARTESIAN_POINT('',(1.059487761809,4.732279519893));
#778 = CARTESIAN_POINT('',(1.059487929558,4.783918440907));
#779 = CARTESIAN_POINT('',(1.05948777076,4.931865935578));
#780 = CARTESIAN_POINT('',(1.059486890896,5.028204865125));
#781 = CARTESIAN_POINT('',(1.05948538876,5.124529054812));
#782 = CARTESIAN_POINT('',(1.059483624926,5.220839822215));
#783 = CARTESIAN_POINT('',(1.059482093305,5.317150398926));
#784 = CARTESIAN_POINT('',(1.05948115429,5.413474313643));
#785 = CARTESIAN_POINT('',(1.059480831434,5.509813292876));
#786 = CARTESIAN_POINT('',(1.059480995857,5.672106418909));
#787 = CARTESIAN_POINT('',(1.059481259246,5.738095445395));
#788 = CARTESIAN_POINT('',(1.059481659315,5.804082899593));
#789 = CARTESIAN_POINT('',(1.059482078077,5.870067975822));
#790 = CARTESIAN_POINT('',(1.059482368817,5.93605296428));
#791 = CARTESIAN_POINT('',(1.059482391717,6.00204031132));
#792 = CARTESIAN_POINT('',(1.059482055708,6.068029708294));
#793 = CARTESIAN_POINT('',(1.059479985514,6.266243752393));
#794 = CARTESIAN_POINT('',(1.05947721626,6.398612285867));
#795 = CARTESIAN_POINT('',(1.059472821468,6.530900464868));
#796 = CARTESIAN_POINT('',(1.059469011895,6.663135409282));
#797 = CARTESIAN_POINT('',(1.059467686552,6.795368872269));
#798 = CARTESIAN_POINT('',(1.059475965861,6.927653800233));
#799 = CARTESIAN_POINT('',(1.05948642046,7.060019391219));
#800 = CARTESIAN_POINT('',(1.059493260582,7.192246039049));
#801 = ( GEOMETRIC_REPRESENTATION_CONTEXT(2) 
PARAMETRIC_REPRESENTATION_CONTEXT() REPRESENTATION_CONTEXT('2D SPACE',''
  ) );
#802 = ADVANCED_FACE('',(#803),#86,.F.);
#803 = FACE_BOUND('',#804,.F.);
#804 = EDGE_LOOP('',(#805,#829,#830,#898,#1039));
#805 = ORIENTED_EDGE('',*,*,#806,.T.);
#806 = EDGE_CURVE('',#807,#63,#809,.T.);
#807 = VERTEX_POINT('',#808);
#808 = CARTESIAN_POINT('',(-3.603883419397,1.735518452624,0.));
#809 = SURFACE_CURVE('',#810,(#815,#822),.PCURVE_S1.);
#810 = CIRCLE('',#811,4.);
#811 = AXIS2_PLACEMENT_3D('',#812,#813,#814);
#812 = CARTESIAN_POINT('',(0.,0.,0.));
#813 = DIRECTION('',(0.,0.,1.));
#814 = DIRECTION('',(1.,0.,0.));
#815 = PCURVE('',#86,#816);
#816 = DEFINITIONAL_REPRESENTATION('',(#817),#821);
#817 = CIRCLE('',#818,4.);
#818 = AXIS2_PLACEMENT_2D('',#819,#820);
#819 = CARTESIAN_POINT('',(2.563950248511E-16,-7.643776681114E-18));
#820 = DIRECTION('',(1.,0.));
#821 = ( GEOMETRIC_REPRESENTATION_CONTEXT(2) 
PARAMETRIC_REPRESENTATION_CONTEXT() REPRESENTATION_CONTEXT('2D SPACE',''
  ) );
#822 = PCURVE('',#114,#823);
#823 = DEFINITIONAL_REPRESENTATION('',(#824),#828);
#824 = LINE('',#825,#826);
#825 = CARTESIAN_POINT('',(-0.,0.));
#826 = VECTOR('',#827,1.);
#827 = DIRECTION('',(-1.,0.));
#828 = ( GEOMETRIC_REPRESENTATION_CONTEXT(2) 
PARAMETRIC_REPRESENTATION_CONTEXT() REPRESENTATION_CONTEXT('2D SPACE',''
  ) );
#829 = ORIENTED_EDGE('',*,*,#62,.T.);
#830 = ORIENTED_EDGE('',*,*,#831,.T.);
#831 = EDGE_CURVE('',#65,#832,#834,.T.);
#832 = VERTEX_POINT('',#833);
#833 = CARTESIAN_POINT('',(0.224336117883,4.994966420395,
    6.245004513517E-17));
#834 = SURFACE_CURVE('',#835,(#854,#876),.PCURVE_S1.);
#835 = B_SPLINE_CURVE_WITH_KNOTS('',5,(#836,#837,#838,#839,#840,#841,
    #842,#843,#844,#845,#846,#847,#848,#849,#850,#851,#852,#853),
  .UNSPECIFIED.,.F.,.F.,(6,4,4,4,6),(0.,0.21357459123,0.435217555941,
    0.711567378576,1.),.UNSPECIFIED.);
#836 = CARTESIAN_POINT('',(2.558561934768,3.009351626095,0.));
#837 = CARTESIAN_POINT('',(2.497499951554,3.125740645042,0.));
#838 = CARTESIAN_POINT('',(2.431168740969,3.239735034203,0.));
#839 = CARTESIAN_POINT('',(2.359796689821,3.351051762774,0.));
#840 = CARTESIAN_POINT('',(2.283624623785,3.459443504641,0.));
#841 = CARTESIAN_POINT('',(2.119123852569,3.673921097819,0.));
#842 = CARTESIAN_POINT('',(2.030444575671,3.779765185496,0.));
#843 = CARTESIAN_POINT('',(1.937136700885,3.881985266978,0.));
#844 = CARTESIAN_POINT('',(1.839482076636,3.980376579657,0.));
#845 = CARTESIAN_POINT('',(1.610937924018,4.19245226359,0.));
#846 = CARTESIAN_POINT('',(1.477794516872,4.303917131326,0.));
#847 = CARTESIAN_POINT('',(1.338880798554,4.408824488012,0.));
#848 = CARTESIAN_POINT('',(1.194745361077,4.506914571706,0.));
#849 = CARTESIAN_POINT('',(0.890601906991,4.6930465373,0.));
#850 = CARTESIAN_POINT('',(0.730175227322,4.780461694276,0.));
#851 = CARTESIAN_POINT('',(0.565259263176,4.860010542094,0.));
#852 = CARTESIAN_POINT('',(0.396453283225,4.931542640819,0.));
#853 = CARTESIAN_POINT('',(0.224336117883,4.994966420395,0.));
#854 = PCURVE('',#86,#855);
#855 = DEFINITIONAL_REPRESENTATION('',(#856),#875);
#856 = B_SPLINE_CURVE_WITH_KNOTS('',5,(#857,#858,#859,#860,#861,#862,
    #863,#864,#865,#866,#867,#868,#869,#870,#871,#872,#873,#874),
  .UNSPECIFIED.,.F.,.F.,(6,4,4,4,6),(0.,0.21357459123,0.435217555941,
    0.711567378576,1.),.UNSPECIFIED.);
#857 = CARTESIAN_POINT('',(2.558561934768,3.009351626095));
#858 = CARTESIAN_POINT('',(2.497499951554,3.125740645042));
#859 = CARTESIAN_POINT('',(2.431168740969,3.239735034203));
#860 = CARTESIAN_POINT('',(2.359796689821,3.351051762774));
#861 = CARTESIAN_POINT('',(2.283624623785,3.459443504641));
#862 = CARTESIAN_POINT('',(2.119123852569,3.673921097819));
#863 = CARTESIAN_POINT('',(2.030444575671,3.779765185496));
#864 = CARTESIAN_POINT('',(1.937136700885,3.881985266978));
#865 = CARTESIAN_POINT('',(1.839482076636,3.980376579657));
#866 = CARTESIAN_POINT('',(1.610937924018,4.19245226359));
#867 = CARTESIAN_POINT('',(1.477794516872,4.303917131326));
#868 = CARTESIAN_POINT('',(1.338880798554,4.408824488012));
#869 = CARTESIAN_POINT('',(1.194745361077,4.506914571706));
#870 = CARTESIAN_POINT('',(0.890601906991,4.6930465373));
#871 = CARTESIAN_POINT('',(0.730175227322,4.780461694276));
#872 = CARTESIAN_POINT('',(0.565259263176,4.860010542094));
#873 = CARTESIAN_POINT('',(0.396453283225,4.931542640819));
#874 = CARTESIAN_POINT('',(0.224336117883,4.994966420395));
#875 = ( GEOMETRIC_REPRESENTATION_CONTEXT(2) 
PARAMETRIC_REPRESENTATION_CONTEXT() REPRESENTATION_CONTEXT('2D SPACE',''
  ) );
#876 = PCURVE('',#649,#877);
#877 = DEFINITIONAL_REPRESENTATION('',(#878),#897);
#878 = B_SPLINE_CURVE_WITH_KNOTS('',5,(#879,#880,#881,#882,#883,#884,
    #885,#886,#887,#888,#889,#890,#891,#892,#893,#894,#895,#896),
  .UNSPECIFIED.,.F.,.F.,(6,4,4,4,6),(0.,0.21357459123,0.435217555941,
    0.711567378576,1.),.UNSPECIFIED.);
#879 = CARTESIAN_POINT('',(1.112455055272,0.991502696162));
#880 = CARTESIAN_POINT('',(1.060412735051,1.026831429404));
#881 = CARTESIAN_POINT('',(1.008936695254,1.061775745424));
#882 = CARTESIAN_POINT('',(0.958005761616,1.096350017174));
#883 = CARTESIAN_POINT('',(0.907600469392,1.130567457766));
#884 = CARTESIAN_POINT('',(0.805920204521,1.199592714923));
#885 = CARTESIAN_POINT('',(0.754684294046,1.234374014156));
#886 = CARTESIAN_POINT('',(0.703974934853,1.268797864202));
#887 = CARTESIAN_POINT('',(0.653773570509,1.30287686227));
#888 = CARTESIAN_POINT('',(0.542082868698,1.378697651369));
#889 = CARTESIAN_POINT('',(0.480865752069,1.420254645606));
#890 = CARTESIAN_POINT('',(0.420378412626,1.461316232019));
#891 = CARTESIAN_POINT('',(0.360590697143,1.501902880817));
#892 = CARTESIAN_POINT('',(0.239775250549,1.583917957742));
#893 = CARTESIAN_POINT('',(0.178807512718,1.625305659664));
#894 = CARTESIAN_POINT('',(0.118540850508,1.666217439788));
#895 = CARTESIAN_POINT('',(5.894689153446E-02,1.706672559047));
#896 = CARTESIAN_POINT('',(0.,1.746688420379));
#897 = ( GEOMETRIC_REPRESENTATION_CONTEXT(2) 
PARAMETRIC_REPRESENTATION_CONTEXT() REPRESENTATION_CONTEXT('2D SPACE',''
  ) );
#898 = ORIENTED_EDGE('',*,*,#899,.T.);
#899 = EDGE_CURVE('',#832,#900,#902,.T.);
#900 = VERTEX_POINT('',#901);
#901 = CARTESIAN_POINT('',(-2.36934332206,4.40297919041,0.));
#902 = SURFACE_CURVE('',#903,(#918,#936),.PCURVE_S1.);
#903 = B_SPLINE_CURVE_WITH_KNOTS('',4,(#904,#905,#906,#907,#908,#909,
    #910,#911,#912,#913,#914,#915,#916,#917),.UNSPECIFIED.,.F.,.F.,(5,3,
    3,3,5),(0.,0.250998483062,0.499998221823,0.749998899937,1.),
  .UNSPECIFIED.);
#904 = CARTESIAN_POINT('',(0.224336117883,4.994966420395,0.));
#905 = CARTESIAN_POINT('',(5.553390280329E-02,5.002547691061,0.));
#906 = CARTESIAN_POINT('',(-0.113610172413,5.002522738798,0.));
#907 = CARTESIAN_POINT('',(-0.282580988753,4.994868503599,0.));
#908 = CARTESIAN_POINT('',(-0.617808982903,4.964515838254,0.));
#909 = CARTESIAN_POINT('',(-0.784077501212,4.941937651952,0.));
#910 = CARTESIAN_POINT('',(-0.949169248717,4.911942416497,0.));
#911 = CARTESIAN_POINT('',(-1.276674627448,4.8371919394,0.));
#912 = CARTESIAN_POINT('',(-1.439075262394,4.792377749167,0.));
#913 = CARTESIAN_POINT('',(-1.599298680497,4.740313008796,0.));
#914 = CARTESIAN_POINT('',(-1.914437350849,4.622040311599,0.));
#915 = CARTESIAN_POINT('',(-2.069353016364,4.555832172442,0.));
#916 = CARTESIAN_POINT('',(-2.221137898248,4.482731339924,0.));
#917 = CARTESIAN_POINT('',(-2.36934332206,4.40297919041,0.));
#918 = PCURVE('',#86,#919);
#919 = DEFINITIONAL_REPRESENTATION('',(#920),#935);
#920 = B_SPLINE_CURVE_WITH_KNOTS('',4,(#921,#922,#923,#924,#925,#926,
    #927,#928,#929,#930,#931,#932,#933,#934),.UNSPECIFIED.,.F.,.F.,(5,3,
    3,3,5),(0.,0.250998483062,0.499998221823,0.749998899937,1.),
  .UNSPECIFIED.);
#921 = CARTESIAN_POINT('',(0.224336117883,4.994966420395));
#922 = CARTESIAN_POINT('',(5.553390280329E-02,5.002547691061));
#923 = CARTESIAN_POINT('',(-0.113610172413,5.002522738798));
#924 = CARTESIAN_POINT('',(-0.282580988753,4.994868503599));
#925 = CARTESIAN_POINT('',(-0.617808982903,4.964515838254));
#926 = CARTESIAN_POINT('',(-0.784077501212,4.941937651952));
#927 = CARTESIAN_POINT('',(-0.949169248717,4.911942416497));
#928 = CARTESIAN_POINT('',(-1.276674627448,4.8371919394));
#929 = CARTESIAN_POINT('',(-1.439075262394,4.792377749167));
#930 = CARTESIAN_POINT('',(-1.599298680497,4.740313008796));
#931 = CARTESIAN_POINT('',(-1.914437350849,4.622040311599));
#932 = CARTESIAN_POINT('',(-2.069353016364,4.555832172442));
#933 = CARTESIAN_POINT('',(-2.221137898248,4.482731339924));
#934 = CARTESIAN_POINT('',(-2.36934332206,4.40297919041));
#935 = ( GEOMETRIC_REPRESENTATION_CONTEXT(2) 
PARAMETRIC_REPRESENTATION_CONTEXT() REPRESENTATION_CONTEXT('2D SPACE',''
  ) );
#936 = PCURVE('',#937,#1022);
#937 = B_SPLINE_SURFACE_WITH_KNOTS('',1,11,(
    (#938,#939,#940,#941,#942,#943,#944,#945,#946,#947,#948,#949,#950
      ,#951,#952,#953,#954,#955,#956,#957,#958,#959,#960,#961,#962,#963
      ,#964,#965,#966,#967,#968,#969,#970,#971,#972,#973,#974,#975,#976
      ,#977,#978,#979)
    ,(#980,#981,#982,#983,#984,#985,#986,#987,#988,#989,#990,#991,#992
      ,#993,#994,#995,#996,#997,#998,#999,#1000,#1001,#1002,#1003,#1004
      ,#1005,#1006,#1007,#1008,#1009,#1010,#1011,#1012,#1013,#1014,#1015
      ,#1016,#1017,#1018,#1019,#1020,#1021
    )),.UNSPECIFIED.,.F.,.F.,.F.,(2,2),(12,10,10,10,12),(0.,0.3),(0.,
    7.705978980364,15.411957960729,23.117936941093,30.823915921458),
  .UNSPECIFIED.);
#938 = CARTESIAN_POINT('',(5.,-4.440892098501E-15,-1.15));
#939 = CARTESIAN_POINT('',(5.000000406255,3.059996453207,-0.809089554101
    ));
#940 = CARTESIAN_POINT('',(2.940884310698,6.120004903811,-0.46818746137)
  );
#941 = CARTESIAN_POINT('',(-1.185757208723,7.639174316725,
    -0.127257949113));
#942 = CARTESIAN_POINT('',(-6.042903382918,6.074985996864,0.213610063269
    ));
#943 = CARTESIAN_POINT('',(-9.165287644912,1.147446332093,0.554580327049
    ));
#944 = CARTESIAN_POINT('',(-7.759808246798,-5.010490426798,
    0.895419847538));
#945 = CARTESIAN_POINT('',(-2.808610806388,-8.095283419355,
    1.236389895741));
#946 = CARTESIAN_POINT('',(2.246173513619,-7.397143419759,1.57725825414)
  );
#947 = CARTESIAN_POINT('',(5.305019101456,-4.237930385838,1.918187408916
    ));
#948 = CARTESIAN_POINT('',(5.832526744521,-0.587543019756,2.259089780428
    ));
#949 = CARTESIAN_POINT('',(3.17716196846,4.926380411507,2.940910332214)
  );
#950 = CARTESIAN_POINT('',(-5.725347484742E-03,6.789935771718,
    3.281812722906));
#951 = CARTESIAN_POINT('',(-4.382843920319,6.368177463204,3.622741805278
    ));
#952 = CARTESIAN_POINT('',(-8.080305377089,2.851455742571,3.963610335405
    ));
#953 = CARTESIAN_POINT('',(-8.755497214203,-2.942855851897,
    4.304580075876));
#954 = CARTESIAN_POINT('',(-4.817375272189,-7.881150503494,
    4.645420039381));
#955 = CARTESIAN_POINT('',(0.981940904662,-8.512208896651,4.986389776656
    ));
#956 = CARTESIAN_POINT('',(5.233232670869,-5.690017769552,5.327258311913
    ));
#957 = CARTESIAN_POINT('',(6.618426129946,-1.516481818232,5.668187388984
    ));
#958 = CARTESIAN_POINT('',(5.509850381352,2.00128054307,6.00908978381));
#959 = CARTESIAN_POINT('',(0.725047668092,5.817034296878,6.690910330553)
  );
#960 = CARTESIAN_POINT('',(-2.951201080019,6.115036610116,7.031812725386
    ));
#961 = CARTESIAN_POINT('',(-6.71185457526,3.835884931773,7.372741802435)
  );
#962 = CARTESIAN_POINT('',(-8.517303866258,-0.936840258533,
    7.713610337735));
#963 = CARTESIAN_POINT('',(-6.611573113314,-6.450289373479,
    8.054580074951));
#964 = CARTESIAN_POINT('',(-0.920802095534,-9.190852043981,
    8.395420038517));
#965 = CARTESIAN_POINT('',(4.578007209089,-7.24318702028,8.736389778939)
  );
#966 = CARTESIAN_POINT('',(7.183785900538,-2.855914310529,9.077258309096
    ));
#967 = CARTESIAN_POINT('',(6.620972699227,1.505324570322,9.418187391455)
  );
#968 = CARTESIAN_POINT('',(4.095880575284,4.193725950092,9.75908978215)
  );
#969 = CARTESIAN_POINT('',(-1.870671214458,5.555553199459,
    10.440910333938));
#970 = CARTESIAN_POINT('',(-5.312155246171,4.228979445387,
    10.781812705441));
#971 = CARTESIAN_POINT('',(-7.711500112547,0.543848364901,
    11.122741860234));
#972 = CARTESIAN_POINT('',(-7.267345873153,-4.539583597117,
    11.463610218616));
#973 = CARTESIAN_POINT('',(-3.158145862311,-8.680163911838,
    11.804580266827));
#974 = CARTESIAN_POINT('',(3.15814721731,-8.680192704332,12.145419787318
    ));
#975 = CARTESIAN_POINT('',(7.267343052506,-4.53956302984,12.486390051091
    ));
#976 = CARTESIAN_POINT('',(7.711502218348,0.543837919329,12.827258063481
    ));
#977 = CARTESIAN_POINT('',(5.312154432603,4.228983029073,13.168187575731
    ));
#978 = CARTESIAN_POINT('',(1.870671383658,5.555552461182,13.509089668467
    ));
#979 = CARTESIAN_POINT('',(-1.112604663614,4.874639597508,
    13.850000114363));
#980 = CARTESIAN_POINT('',(5.,-4.440892098501E-15,-0.85));
#981 = CARTESIAN_POINT('',(4.999999592934,3.0599964336,-0.509089554101)
  );
#982 = CARTESIAN_POINT('',(2.940888026669,6.120004833159,-0.16818746137)
  );
#983 = CARTESIAN_POINT('',(-1.185767878802,7.639174030187,0.172742050886
    ));
#984 = CARTESIAN_POINT('',(-6.042882611678,6.074987759561,0.51361006327)
  );
#985 = CARTESIAN_POINT('',(-9.165315952769,1.14744130352,0.854580327047)
  );
#986 = CARTESIAN_POINT('',(-7.759780474083,-5.01048267611,1.195419847541
    ));
#987 = CARTESIAN_POINT('',(-2.808630171058,-8.09529065752,1.536389895738
    ));
#988 = CARTESIAN_POINT('',(2.246183121814,-7.397139014029,1.877258254141
    ));
#989 = CARTESIAN_POINT('',(5.305015799654,-4.237931953406,2.218187408915
    ));
#990 = CARTESIAN_POINT('',(5.832527345844,-0.587542707385,2.559089780428
    ));
#991 = CARTESIAN_POINT('',(3.177161305947,4.926380070179,3.240910332214)
  );
#992 = CARTESIAN_POINT('',(-5.722068963883E-03,6.789937272992,
    3.581812722906));
#993 = CARTESIAN_POINT('',(-4.382853275969,6.368172638601,3.922741805277
    ));
#994 = CARTESIAN_POINT('',(-8.080287575512,2.851466273063,4.263610335407
    ));
#995 = CARTESIAN_POINT('',(-8.755520400399,-2.94287260025,4.604580075872
    ));
#996 = CARTESIAN_POINT('',(-4.817353716998,-7.881131519534,
    4.945420039386));
#997 = CARTESIAN_POINT('',(0.981926662959,-8.512223789435,5.286389776652
    ));
#998 = CARTESIAN_POINT('',(5.233239384555,-5.690009646121,5.627258311915
    ));
#999 = CARTESIAN_POINT('',(6.618423846124,-1.516484658049,5.968187388983
    ));
#1000 = CARTESIAN_POINT('',(5.509850785738,2.001281084551,6.309089783811
    ));
#1001 = CARTESIAN_POINT('',(0.725047220223,5.817033702309,6.990910330553
    ));
#1002 = CARTESIAN_POINT('',(-2.951198779105,6.115039384673,
    7.331812725387));
#1003 = CARTESIAN_POINT('',(-6.711860908955,3.835876526143,
    7.672741802434));
#1004 = CARTESIAN_POINT('',(-8.517292399087,-0.936823047094,
    8.013610337736));
#1005 = CARTESIAN_POINT('',(-6.61158673405,-6.450314524034,
    8.354580074949));
#1006 = CARTESIAN_POINT('',(-0.920790913912,-9.190825586128,
    8.69542003852));
#1007 = CARTESIAN_POINT('',(4.57800084104,-7.243206619379,9.036389778936
    ));
#1008 = CARTESIAN_POINT('',(7.183788423751,-2.85590407668,9.377258309098
    ));
#1009 = CARTESIAN_POINT('',(6.620971874271,1.505321019278,9.718187391454
    ));
#1010 = CARTESIAN_POINT('',(4.095880704421,4.193726614394,10.05908978215
    ));
#1011 = CARTESIAN_POINT('',(-1.870671359519,5.555552467458,
    10.740910333938));
#1012 = CARTESIAN_POINT('',(-5.312154379719,4.228982955194,
    11.08181270544));
#1013 = CARTESIAN_POINT('',(-7.711502163974,0.543838009755,
    11.422741860236));
#1014 = CARTESIAN_POINT('',(-7.267343025751,-4.539563044994,
    11.763610218612));
#1015 = CARTESIAN_POINT('',(-3.158147195347,-8.68019259382,
    12.104580266832));
#1016 = CARTESIAN_POINT('',(3.158145777393,-8.680163868112,
    12.445419787313));
#1017 = CARTESIAN_POINT('',(7.267345856295,-4.539583610243,
    12.786390051095));
#1018 = CARTESIAN_POINT('',(7.711500017559,0.543848378182,
    13.127258063479));
#1019 = CARTESIAN_POINT('',(5.312155255462,4.228979363956,
    13.468187575732));
#1020 = CARTESIAN_POINT('',(1.87067119612,5.55555318223,13.809089668467)
  );
#1021 = CARTESIAN_POINT('',(-1.112604648345,4.87463953061,
    14.150000114363));
#1022 = DEFINITIONAL_REPRESENTATION('',(#1023),#1038);
#1023 = B_SPLINE_CURVE_WITH_KNOTS('',4,(#1024,#1025,#1026,#1027,#1028,
    #1029,#1030,#1031,#1032,#1033,#1034,#1035,#1036,#1037),
  .UNSPECIFIED.,.F.,.F.,(5,3,3,3,5),(0.,0.250998483062,0.499998221823,
    0.749998899937,1.),.UNSPECIFIED.);
#1024 = CARTESIAN_POINT('',(0.3,1.746688420379));
#1025 = CARTESIAN_POINT('',(0.281174955804,1.785372527344));
#1026 = CARTESIAN_POINT('',(0.262349934311,1.824056588391));
#1027 = CARTESIAN_POINT('',(0.243524946952,1.862740579824));
#1028 = CARTESIAN_POINT('',(0.206024959364,1.939800350582));
#1029 = CARTESIAN_POINT('',(0.187349942574,1.978176163931));
#1030 = CARTESIAN_POINT('',(0.168674955429,2.016551916458));
#1031 = CARTESIAN_POINT('',(0.131249974231,2.093457555147));
#1032 = CARTESIAN_POINT('',(0.112499964529,2.131987473469));
#1033 = CARTESIAN_POINT('',(9.374997296054E-02,2.170517354272));
#1034 = CARTESIAN_POINT('',(5.624999540111E-02,2.247577103706));
#1035 = CARTESIAN_POINT('',(3.749999341751E-02,2.2861070052));
#1036 = CARTESIAN_POINT('',(1.874999455195E-02,2.324636899826));
#1037 = CARTESIAN_POINT('',(0.,2.363166785103));
#1038 = ( GEOMETRIC_REPRESENTATION_CONTEXT(2) 
PARAMETRIC_REPRESENTATION_CONTEXT() REPRESENTATION_CONTEXT('2D SPACE',''
  ) );
#1039 = ORIENTED_EDGE('',*,*,#1040,.T.);
#1040 = EDGE_CURVE('',#900,#807,#1041,.T.);
#1041 = SURFACE_CURVE('',#1042,(#1061,#1083),.PCURVE_S1.);
#1042 = B_SPLINE_CURVE_WITH_KNOTS('',5,(#1043,#1044,#1045,#1046,#1047,
    #1048,#1049,#1050,#1051,#1052,#1053,#1054,#1055,#1056,#1057,#1058,
    #1059,#1060),.UNSPECIFIED.,.F.,.F.,(6,4,4,4,6),(0.,0.28947385581,
    0.564784340903,0.78642680839,1.),.UNSPECIFIED.);
#1043 = CARTESIAN_POINT('',(-2.36934332206,4.40297919041,0.));
#1044 = CARTESIAN_POINT('',(-2.497359819687,4.270681630253,0.));
#1045 = CARTESIAN_POINT('',(-2.618828113765,4.132472951086,0.));
#1046 = CARTESIAN_POINT('',(-2.733261179521,3.988690397431,0.));
#1047 = CARTESIAN_POINT('',(-2.8401791797,3.839734005836,0.));
#1048 = CARTESIAN_POINT('',(-3.033225647482,3.539938558039,0.));
#1049 = CARTESIAN_POINT('',(-3.120115466722,3.38954802913,0.));
#1050 = CARTESIAN_POINT('',(-3.199397374781,3.235313454932,0.));
#1051 = CARTESIAN_POINT('',(-3.270694097482,3.07770181837,0.));
#1052 = CARTESIAN_POINT('',(-3.384354524035,2.788071039478,0.));
#1053 = CARTESIAN_POINT('',(-3.429649052246,2.657052241045,0.));
#1054 = CARTESIAN_POINT('',(-3.469365780804,2.524469725755,0.));
#1055 = CARTESIAN_POINT('',(-3.50333953988,2.390630283253,0.));
#1056 = CARTESIAN_POINT('',(-3.55849138011,2.126017492015,0.));
#1057 = CARTESIAN_POINT('',(-3.580090289225,1.995309866878,0.));
#1058 = CARTESIAN_POINT('',(-3.596095051239,1.864049558516,0.));
#1059 = CARTESIAN_POINT('',(-3.606395970905,1.732563927729,0.));
#1060 = CARTESIAN_POINT('',(-3.610910095686,1.601207114469,0.));
#1061 = PCURVE('',#86,#1062);
#1062 = DEFINITIONAL_REPRESENTATION('',(#1063),#1082);
#1063 = B_SPLINE_CURVE_WITH_KNOTS('',5,(#1064,#1065,#1066,#1067,#1068,
    #1069,#1070,#1071,#1072,#1073,#1074,#1075,#1076,#1077,#1078,#1079,
    #1080,#1081),.UNSPECIFIED.,.F.,.F.,(6,4,4,4,6),(0.,0.28947385581,
    0.564784340903,0.78642680839,1.),.UNSPECIFIED.);
#1064 = CARTESIAN_POINT('',(-2.36934332206,4.40297919041));
#1065 = CARTESIAN_POINT('',(-2.497359819687,4.270681630253));
#1066 = CARTESIAN_POINT('',(-2.618828113765,4.132472951086));
#1067 = CARTESIAN_POINT('',(-2.733261179521,3.988690397431));
#1068 = CARTESIAN_POINT('',(-2.8401791797,3.839734005836));
#1069 = CARTESIAN_POINT('',(-3.033225647482,3.539938558039));
#1070 = CARTESIAN_POINT('',(-3.120115466722,3.38954802913));
#1071 = CARTESIAN_POINT('',(-3.199397374781,3.235313454932));
#1072 = CARTESIAN_POINT('',(-3.270694097482,3.07770181837));
#1073 = CARTESIAN_POINT('',(-3.384354524035,2.788071039478));
#1074 = CARTESIAN_POINT('',(-3.429649052246,2.657052241045));
#1075 = CARTESIAN_POINT('',(-3.469365780804,2.524469725755));
#1076 = CARTESIAN_POINT('',(-3.50333953988,2.390630283253));
#1077 = CARTESIAN_POINT('',(-3.55849138011,2.126017492015));
#1078 = CARTESIAN_POINT('',(-3.580090289225,1.995309866878));
#1079 = CARTESIAN_POINT('',(-3.596095051239,1.864049558516));
#1080 = CARTESIAN_POINT('',(-3.606395970905,1.732563927729));
#1081 = CARTESIAN_POINT('',(-3.610910095686,1.601207114469));
#1082 = ( GEOMETRIC_REPRESENTATION_CONTEXT(2) 
PARAMETRIC_REPRESENTATION_CONTEXT() REPRESENTATION_CONTEXT('2D SPACE',''
  ) );
#1083 = PCURVE('',#308,#1084);
#1084 = DEFINITIONAL_REPRESENTATION('',(#1085),#1104);
#1085 = B_SPLINE_CURVE_WITH_KNOTS('',5,(#1086,#1087,#1088,#1089,#1090,
    #1091,#1092,#1093,#1094,#1095,#1096,#1097,#1098,#1099,#1100,#1101,
    #1102,#1103),.UNSPECIFIED.,.F.,.F.,(6,4,4,4,6),(0.,0.28947385581,
    0.564784340903,0.78642680839,1.),.UNSPECIFIED.);
#1086 = CARTESIAN_POINT('',(1.112455055272,2.363166785103));
#1087 = CARTESIAN_POINT('',(1.05329557642,2.403326988391));
#1088 = CARTESIAN_POINT('',(0.993484400668,2.443929592868));
#1089 = CARTESIAN_POINT('',(0.932995591774,2.484992205467));
#1090 = CARTESIAN_POINT('',(0.871800434365,2.526534319833));
#1091 = CARTESIAN_POINT('',(0.750964390153,2.608563437314));
#1092 = CARTESIAN_POINT('',(0.691393879392,2.649002665913));
#1093 = CARTESIAN_POINT('',(0.631128723339,2.689913452167));
#1094 = CARTESIAN_POINT('',(0.570139074725,2.731316058039));
#1095 = CARTESIAN_POINT('',(0.458681602123,2.80697856763));
#1096 = CARTESIAN_POINT('',(0.40848030173,2.841057542552));
#1097 = CARTESIAN_POINT('',(0.357770945868,2.875481409577));
#1098 = CARTESIAN_POINT('',(0.306534974048,2.910262768465));
#1099 = CARTESIAN_POINT('',(0.204854682097,2.979288077179));
#1100 = CARTESIAN_POINT('',(0.154449432401,3.013505504144));
#1101 = CARTESIAN_POINT('',(0.103518491429,3.048079795186));
#1102 = CARTESIAN_POINT('',(5.204240077037E-02,3.083024159508));
#1103 = CARTESIAN_POINT('',(0.,3.118352961678));
#1104 = ( GEOMETRIC_REPRESENTATION_CONTEXT(2) 
PARAMETRIC_REPRESENTATION_CONTEXT() REPRESENTATION_CONTEXT('2D SPACE',''
  ) );
#1105 = ADVANCED_FACE('',(#1106),#649,.F.);
#1106 = FACE_BOUND('',#1107,.F.);
#1107 = EDGE_LOOP('',(#1108,#1169,#1170,#1171,#1422,#1678,#1826));
#1108 = ORIENTED_EDGE('',*,*,#1109,.F.);
#1109 = EDGE_CURVE('',#832,#1110,#1112,.T.);
#1110 = VERTEX_POINT('',#1111);
#1111 = CARTESIAN_POINT('',(4.819815488441,-1.330184890642,13.));
#1112 = SURFACE_CURVE('',#1113,(#1156,#1162),.PCURVE_S1.);
#1113 = B_SPLINE_CURVE_WITH_KNOTS('',11,(#1114,#1115,#1116,#1117,#1118,
    #1119,#1120,#1121,#1122,#1123,#1124,#1125,#1126,#1127,#1128,#1129,
    #1130,#1131,#1132,#1133,#1134,#1135,#1136,#1137,#1138,#1139,#1140,
    #1141,#1142,#1143,#1144,#1145,#1146,#1147,#1148,#1149,#1150,#1151,
    #1152,#1153,#1154,#1155),.UNSPECIFIED.,.F.,.F.,(12,10,10,10,12),(0.,
    7.705978980364,15.411957960729,23.117936941093,30.823915921458),
  .UNSPECIFIED.);
#1114 = CARTESIAN_POINT('',(5.,-4.440892098501E-15,-0.85));
#1115 = CARTESIAN_POINT('',(4.999999592934,3.0599964336,-0.509089554101)
  );
#1116 = CARTESIAN_POINT('',(2.940888026669,6.120004833159,-0.16818746137
    ));
#1117 = CARTESIAN_POINT('',(-1.185767878802,7.639174030187,
    0.172742050886));
#1118 = CARTESIAN_POINT('',(-6.042882611678,6.074987759561,0.51361006327
    ));
#1119 = CARTESIAN_POINT('',(-9.165315952769,1.14744130352,0.854580327047
    ));
#1120 = CARTESIAN_POINT('',(-7.759780474083,-5.01048267611,
    1.195419847541));
#1121 = CARTESIAN_POINT('',(-2.808630171058,-8.09529065752,
    1.536389895738));
#1122 = CARTESIAN_POINT('',(2.246183121814,-7.397139014029,
    1.877258254141));
#1123 = CARTESIAN_POINT('',(5.305015799654,-4.237931953406,
    2.218187408915));
#1124 = CARTESIAN_POINT('',(5.832527345844,-0.587542707385,
    2.559089780428));
#1125 = CARTESIAN_POINT('',(3.177161305947,4.926380070179,3.240910332214
    ));
#1126 = CARTESIAN_POINT('',(-5.722068963883E-03,6.789937272992,
    3.581812722906));
#1127 = CARTESIAN_POINT('',(-4.382853275969,6.368172638601,
    3.922741805277));
#1128 = CARTESIAN_POINT('',(-8.080287575512,2.851466273063,
    4.263610335407));
#1129 = CARTESIAN_POINT('',(-8.755520400399,-2.94287260025,
    4.604580075872));
#1130 = CARTESIAN_POINT('',(-4.817353716998,-7.881131519534,
    4.945420039386));
#1131 = CARTESIAN_POINT('',(0.981926662959,-8.512223789435,
    5.286389776652));
#1132 = CARTESIAN_POINT('',(5.233239384555,-5.690009646121,
    5.627258311915));
#1133 = CARTESIAN_POINT('',(6.618423846124,-1.516484658049,
    5.968187388983));
#1134 = CARTESIAN_POINT('',(5.509850785738,2.001281084551,6.309089783811
    ));
#1135 = CARTESIAN_POINT('',(0.725047220223,5.817033702309,6.990910330553
    ));
#1136 = CARTESIAN_POINT('',(-2.951198779105,6.115039384673,
    7.331812725387));
#1137 = CARTESIAN_POINT('',(-6.711860908955,3.835876526143,
    7.672741802434));
#1138 = CARTESIAN_POINT('',(-8.517292399087,-0.936823047094,
    8.013610337736));
#1139 = CARTESIAN_POINT('',(-6.61158673405,-6.450314524034,
    8.354580074949));
#1140 = CARTESIAN_POINT('',(-0.920790913912,-9.190825586128,
    8.69542003852));
#1141 = CARTESIAN_POINT('',(4.57800084104,-7.243206619379,9.036389778936
    ));
#1142 = CARTESIAN_POINT('',(7.183788423751,-2.85590407668,9.377258309098
    ));
#1143 = CARTESIAN_POINT('',(6.620971874271,1.505321019278,9.718187391454
    ));
#1144 = CARTESIAN_POINT('',(4.095880704421,4.193726614394,10.05908978215
    ));
#1145 = CARTESIAN_POINT('',(-1.870671359519,5.555552467458,
    10.740910333938));
#1146 = CARTESIAN_POINT('',(-5.312154379719,4.228982955194,
    11.08181270544));
#1147 = CARTESIAN_POINT('',(-7.711502163974,0.543838009755,
    11.422741860236));
#1148 = CARTESIAN_POINT('',(-7.267343025751,-4.539563044994,
    11.763610218612));
#1149 = CARTESIAN_POINT('',(-3.158147195347,-8.68019259382,
    12.104580266832));
#1150 = CARTESIAN_POINT('',(3.158145777393,-8.680163868112,
    12.445419787313));
#1151 = CARTESIAN_POINT('',(7.267345856295,-4.539583610243,
    12.786390051095));
#1152 = CARTESIAN_POINT('',(7.711500017559,0.543848378182,
    13.127258063479));
#1153 = CARTESIAN_POINT('',(5.312155255462,4.228979363956,
    13.468187575732));
#1154 = CARTESIAN_POINT('',(1.87067119612,5.55555318223,13.809089668467)
  );
#1155 = CARTESIAN_POINT('',(-1.112604648345,4.87463953061,
    14.150000114363));
#1156 = PCURVE('',#649,#1157);
#1157 = DEFINITIONAL_REPRESENTATION('',(#1158),#1161);
#1158 = B_SPLINE_CURVE_WITH_KNOTS('',1,(#1159,#1160),.UNSPECIFIED.,.F.,
  .F.,(2,2),(0.,30.823915921458),.PIECEWISE_BEZIER_KNOTS.);
#1159 = CARTESIAN_POINT('',(0.,0.));
#1160 = CARTESIAN_POINT('',(0.,30.823915921458));
#1161 = ( GEOMETRIC_REPRESENTATION_CONTEXT(2) 
PARAMETRIC_REPRESENTATION_CONTEXT() REPRESENTATION_CONTEXT('2D SPACE',''
  ) );
#1162 = PCURVE('',#937,#1163);
#1163 = DEFINITIONAL_REPRESENTATION('',(#1164),#1168);
#1164 = LINE('',#1165,#1166);
#1165 = CARTESIAN_POINT('',(0.3,0.));
#1166 = VECTOR('',#1167,1.);
#1167 = DIRECTION('',(0.,1.));
#1168 = ( GEOMETRIC_REPRESENTATION_CONTEXT(2) 
PARAMETRIC_REPRESENTATION_CONTEXT() REPRESENTATION_CONTEXT('2D SPACE',''
  ) );
#1169 = ORIENTED_EDGE('',*,*,#831,.F.);
#1170 = ORIENTED_EDGE('',*,*,#511,.T.);
#1171 = ORIENTED_EDGE('',*,*,#1172,.T.);
#1172 = EDGE_CURVE('',#484,#1173,#1175,.T.);
#1173 = VERTEX_POINT('',#1174);
#1174 = CARTESIAN_POINT('',(4.,0.,6.499998167649));
#1175 = SURFACE_CURVE('',#1176,(#1256,#1339),.PCURVE_S1.);
#1176 = B_SPLINE_CURVE_WITH_KNOTS('',8,(#1177,#1178,#1179,#1180,#1181,
    #1182,#1183,#1184,#1185,#1186,#1187,#1188,#1189,#1190,#1191,#1192,
    #1193,#1194,#1195,#1196,#1197,#1198,#1199,#1200,#1201,#1202,#1203,
    #1204,#1205,#1206,#1207,#1208,#1209,#1210,#1211,#1212,#1213,#1214,
    #1215,#1216,#1217,#1218,#1219,#1220,#1221,#1222,#1223,#1224,#1225,
    #1226,#1227,#1228,#1229,#1230,#1231,#1232,#1233,#1234,#1235,#1236,
    #1237,#1238,#1239,#1240,#1241,#1242,#1243,#1244,#1245,#1246,#1247,
    #1248,#1249,#1250,#1251,#1252,#1253,#1254,#1255),.UNSPECIFIED.,.F.,
  .F.,(9,7,7,7,7,7,7,7,7,7,7,9),(0.,7.449414239312E-02,0.165160436739,
    0.26746257364,0.372037301763,0.47841027788,0.612813287082,
    0.741199403344,0.811264658218,0.865812489013,0.924797624426,1.),
  .UNSPECIFIED.);
#1177 = CARTESIAN_POINT('',(4.,-4.440892098501E-16,3.000003530142));
#1178 = CARTESIAN_POINT('',(4.,0.234002134984,3.032591868125));
#1179 = CARTESIAN_POINT('',(3.984355134007,0.468018086589,3.065181976976
    ));
#1180 = CARTESIAN_POINT('',(3.953062229229,0.700805261807,3.097770173598
    ));
#1181 = CARTESIAN_POINT('',(3.906240437347,0.931143467252,3.130356917407
    ));
#1182 = CARTESIAN_POINT('',(3.844118631994,1.157836223492,3.162942693961
    ));
#1183 = CARTESIAN_POINT('',(3.767031587701,1.379711261684,3.19552853567)
  );
#1184 = CARTESIAN_POINT('',(3.675424216636,1.595623069469,3.228116297238
    ));
#1185 = CARTESIAN_POINT('',(3.441385498197,2.058634735377,3.300365826993
    ));
#1186 = CARTESIAN_POINT('',(3.292204206291,2.302396181476,3.340036917678
    ));
#1187 = CARTESIAN_POINT('',(3.12333132519,2.533714801014,3.37970471264)
  );
#1188 = CARTESIAN_POINT('',(2.935997947255,2.750745397327,3.419367360761
    ));
#1189 = CARTESIAN_POINT('',(2.731619995289,2.95180631278,3.45902838166)
  );
#1190 = CARTESIAN_POINT('',(2.511783202471,3.135375889883,3.498691826704
    ));
#1191 = CARTESIAN_POINT('',(2.278247272612,3.300106548197,3.538357742014
    ));
#1192 = CARTESIAN_POINT('',(1.75621291326,3.608183181235,3.62276799599)
  );
#1193 = CARTESIAN_POINT('',(1.464390940608,3.74613993414,3.667529131748)
  );
#1194 = CARTESIAN_POINT('',(1.160319221461,3.857037255469,3.7122860828)
  );
#1195 = CARTESIAN_POINT('',(0.846942553933,3.939645956095,3.757037846284
    ));
#1196 = CARTESIAN_POINT('',(0.527303502651,3.993122424518,3.801790409468
    ));
#1197 = CARTESIAN_POINT('',(0.204522429063,4.016985703848,3.846549548861
    ));
#1198 = CARTESIAN_POINT('',(-0.118211335011,4.011146359293,3.89131369342
    ));
#1199 = CARTESIAN_POINT('',(-0.764158892608,3.940046868333,
    3.981814179501));
#1200 = CARTESIAN_POINT('',(-1.087396359694,3.87345058515,4.027573569003
    ));
#1201 = CARTESIAN_POINT('',(-1.403855037934,3.776555833521,
    4.073327149599));
#1202 = CARTESIAN_POINT('',(-1.710232295843,3.650208460027,
    4.119073518293));
#1203 = CARTESIAN_POINT('',(-2.003394094697,3.495653915899,
    4.164819565636));
#1204 = CARTESIAN_POINT('',(-2.280377316035,3.31450309387,4.210572259807
    ));
#1205 = CARTESIAN_POINT('',(-2.538417726298,3.108752696887,
    4.256330388978));
#1206 = CARTESIAN_POINT('',(-3.015657718166,2.649048781554,
    4.348608772671));
#1207 = CARTESIAN_POINT('',(-3.234251768026,2.394193837703,4.39515508392
    ));
#1208 = CARTESIAN_POINT('',(-3.428098867399,2.118840163085,4.44169472724
    ));
#1209 = CARTESIAN_POINT('',(-3.594994825517,1.825827465995,
    4.488228352335));
#1210 = CARTESIAN_POINT('',(-3.733144409057,1.51821528107,4.534762094666
    ));
#1211 = CARTESIAN_POINT('',(-3.841136426388,1.199257890822,
    4.581302058502));
#1212 = CARTESIAN_POINT('',(-3.917978124009,0.872409669882,
    4.627848799863));
#1213 = CARTESIAN_POINT('',(-4.020336826509,0.123034129772,
    4.733176335064));
#1214 = CARTESIAN_POINT('',(-4.027057695564,-0.302475133993,
    4.792014162962));
#1215 = CARTESIAN_POINT('',(-3.982196112864,-0.727619899206,
    4.850827601935));
#1216 = CARTESIAN_POINT('',(-3.886174666337,-1.145124854733,
    4.909623185354));
#1217 = CARTESIAN_POINT('',(-3.74046143172,-1.547987376573,
    4.968418649494));
#1218 = CARTESIAN_POINT('',(-3.547620141628,-1.929527700289,
    5.027231837441));
#1219 = CARTESIAN_POINT('',(-3.311240298824,-2.283403915052,
    5.086069565295));
#1220 = CARTESIAN_POINT('',(-2.77387371413,-2.910028926295,
    5.201026934655));
#1221 = CARTESIAN_POINT('',(-2.475904894047,-3.186106355307,
    5.257224719795));
#1222 = CARTESIAN_POINT('',(-2.146740746678,-3.427022221326,
    5.313404231802));
#1223 = CARTESIAN_POINT('',(-1.791317978122,-3.628791843116,
    5.369569760648));
#1224 = CARTESIAN_POINT('',(-1.415002670633,-3.788237508472,
    5.425735294123));
#1225 = CARTESIAN_POINT('',(-1.023580663866,-3.903032320288,
    5.48191478286));
#1226 = CARTESIAN_POINT('',(-0.623216214527,-3.971680514431,
    5.538112628512));
#1227 = CARTESIAN_POINT('',(-7.801868389911E-04,-4.006050413415,
    5.624925643478));
#1228 = CARTESIAN_POINT('',(0.219753277485,-4.004366660363,
    5.655577505462));
#1229 = CARTESIAN_POINT('',(0.440030685135,-3.988804731071,
    5.686228524712));
#1230 = CARTESIAN_POINT('',(0.659032113081,-3.959401215268,
    5.716878500082));
#1231 = CARTESIAN_POINT('',(0.875750393137,-3.916280327249,5.74752838781
    ));
#1232 = CARTESIAN_POINT('',(1.089192490812,-3.859650761925,
    5.778179162878));
#1233 = CARTESIAN_POINT('',(1.298381798998,-3.789808156355,5.80883067884
    ));
#1234 = CARTESIAN_POINT('',(1.661165333712,-3.642786059651,
    5.863342320174));
#1235 = CARTESIAN_POINT('',(1.816823889309,-3.570652261348,
    5.887204926421));
#1236 = CARTESIAN_POINT('',(1.968886065097,-3.490923478517,
    5.911067397973));
#1237 = CARTESIAN_POINT('',(2.116919144696,-3.403811486678,
    5.934929541532));
#1238 = CARTESIAN_POINT('',(2.26050795206,-3.309555960412,5.958791575305
    ));
#1239 = CARTESIAN_POINT('',(2.39925480792,-3.208423414358,5.982653796887
    ));
#1240 = CARTESIAN_POINT('',(2.532780134114,-3.100707244974,
    6.006516261091));
#1241 = CARTESIAN_POINT('',(2.799075108476,-2.863478697914,
    6.056181794291));
#1242 = CARTESIAN_POINT('',(2.930907152874,-2.732899413613,
    6.081986199955));
#1243 = CARTESIAN_POINT('',(3.055759340611,-2.595399492361,6.10779034792
    ));
#1244 = CARTESIAN_POINT('',(3.173208987353,-2.451417549089,
    6.133593986095));
#1245 = CARTESIAN_POINT('',(3.282868996234,-2.301419608133,
    6.159397447525));
#1246 = CARTESIAN_POINT('',(3.384387221875,-2.14589764542,6.185201166263
    ));
#1247 = CARTESIAN_POINT('',(3.477447425016,-1.985369406217,
    6.211005208702));
#1248 = CARTESIAN_POINT('',(3.669280168955,-1.61002763727,6.269706818837
    ));
#1249 = CARTESIAN_POINT('',(3.762598571361,-1.392404221225,
    6.302607085668));
#1250 = CARTESIAN_POINT('',(3.841140537592,-1.168648280619,
    6.335506172854));
#1251 = CARTESIAN_POINT('',(3.904444592547,-0.939934737316,
    6.368403831631));
#1252 = CARTESIAN_POINT('',(3.952162442489,-0.707468782789,
    6.401301435237));
#1253 = CARTESIAN_POINT('',(3.984055533542,-0.472482243694,
    6.434200377107));
#1254 = CARTESIAN_POINT('',(3.999999999656,-0.236231934901,
    6.467100444516));
#1255 = CARTESIAN_POINT('',(4.,0.,6.499998167649));
#1256 = PCURVE('',#649,#1257);
#1257 = DEFINITIONAL_REPRESENTATION('',(#1258),#1338);
#1258 = B_SPLINE_CURVE_WITH_KNOTS('',8,(#1259,#1260,#1261,#1262,#1263,
    #1264,#1265,#1266,#1267,#1268,#1269,#1270,#1271,#1272,#1273,#1274,
    #1275,#1276,#1277,#1278,#1279,#1280,#1281,#1282,#1283,#1284,#1285,
    #1286,#1287,#1288,#1289,#1290,#1291,#1292,#1293,#1294,#1295,#1296,
    #1297,#1298,#1299,#1300,#1301,#1302,#1303,#1304,#1305,#1306,#1307,
    #1308,#1309,#1310,#1311,#1312,#1313,#1314,#1315,#1316,#1317,#1318,
    #1319,#1320,#1321,#1322,#1323,#1324,#1325,#1326,#1327,#1328,#1329,
    #1330,#1331,#1332,#1333,#1334,#1335,#1336,#1337),.UNSPECIFIED.,.F.,
  .F.,(9,7,7,7,7,7,7,7,7,7,7,9),(0.,7.449414239312E-02,0.165160436739,
    0.26746257364,0.372037301763,0.47841027788,0.612813287082,
    0.741199403344,0.811264658218,0.865812489013,0.924797624426,1.),
  .UNSPECIFIED.);
#1259 = CARTESIAN_POINT('',(1.059493276178,7.192246035682));
#1260 = CARTESIAN_POINT('',(1.059496740624,7.259210315195));
#1261 = CARTESIAN_POINT('',(1.059499426532,7.326178782229));
#1262 = CARTESIAN_POINT('',(1.059499573176,7.393144914319));
#1263 = CARTESIAN_POINT('',(1.059498315443,7.460109220033));
#1264 = CARTESIAN_POINT('',(1.059493469629,7.527073909208));
#1265 = CARTESIAN_POINT('',(1.059485009557,7.594041034636));
#1266 = CARTESIAN_POINT('',(1.059479557131,7.661010529879));
#1267 = CARTESIAN_POINT('',(1.05948322496,7.80947602544));
#1268 = CARTESIAN_POINT('',(1.059493214971,7.890990497394));
#1269 = CARTESIAN_POINT('',(1.059500172863,7.972500168433));
#1270 = CARTESIAN_POINT('',(1.059501611287,8.05400298424));
#1271 = CARTESIAN_POINT('',(1.059498868328,8.135505297554));
#1272 = CARTESIAN_POINT('',(1.059494057855,8.217014010438));
#1273 = CARTESIAN_POINT('',(1.059488666082,8.298528212772));
#1274 = CARTESIAN_POINT('',(1.059478297391,8.471992158846));
#1275 = CARTESIAN_POINT('',(1.059473410087,8.563976363409));
#1276 = CARTESIAN_POINT('',(1.05947076605,8.655950465557));
#1277 = CARTESIAN_POINT('',(1.059470583739,8.74791224816));
#1278 = CARTESIAN_POINT('',(1.059472205661,8.839874452785));
#1279 = CARTESIAN_POINT('',(1.059474612653,8.931849636298));
#1280 = CARTESIAN_POINT('',(1.059476913263,9.023835173378));
#1281 = CARTESIAN_POINT('',(1.059480745272,9.209804554059));
#1282 = CARTESIAN_POINT('',(1.059482247209,9.303835779462));
#1283 = CARTESIAN_POINT('',(1.059482835821,9.397855681591));
#1284 = CARTESIAN_POINT('',(1.059482567034,9.491861340469));
#1285 = CARTESIAN_POINT('',(1.059481823164,9.58586665815));
#1286 = CARTESIAN_POINT('',(1.05948109904,9.679885619938));
#1287 = CARTESIAN_POINT('',(1.059480781993,9.77391547436));
#1288 = CARTESIAN_POINT('',(1.05948107188,9.963540671286));
#1289 = CARTESIAN_POINT('',(1.059481704902,10.059189540822));
#1290 = CARTESIAN_POINT('',(1.059482927539,10.154824310621));
#1291 = CARTESIAN_POINT('',(1.05948460368,10.250446408637));
#1292 = CARTESIAN_POINT('',(1.059486313615,10.346068727392));
#1293 = CARTESIAN_POINT('',(1.059487577845,10.441704135376));
#1294 = CARTESIAN_POINT('',(1.059488104619,10.537353972254));
#1295 = CARTESIAN_POINT('',(1.059487452278,10.753794899197));
#1296 = CARTESIAN_POINT('',(1.059485786477,10.874703520565));
#1297 = CARTESIAN_POINT('',(1.059482664915,10.995563011059));
#1298 = CARTESIAN_POINT('',(1.059478475216,11.116386531646));
#1299 = CARTESIAN_POINT('',(1.059474370093,11.237209746206));
#1300 = CARTESIAN_POINT('',(1.059471523835,11.358068524771));
#1301 = CARTESIAN_POINT('',(1.059470391744,11.478976566374));
#1302 = CARTESIAN_POINT('',(1.059471291538,11.715205031668));
#1303 = CARTESIAN_POINT('',(1.059473184515,11.830686129136));
#1304 = CARTESIAN_POINT('',(1.059476425181,11.946128763306));
#1305 = CARTESIAN_POINT('',(1.059480425125,12.061542150337));
#1306 = CARTESIAN_POINT('',(1.059484128279,12.176955751498));
#1307 = CARTESIAN_POINT('',(1.059486672277,12.292398819143));
#1308 = CARTESIAN_POINT('',(1.059487849011,12.407880538148));
#1309 = CARTESIAN_POINT('',(1.059487899102,12.586274985091));
#1310 = CARTESIAN_POINT('',(1.059487576396,12.649262568413));
#1311 = CARTESIAN_POINT('',(1.059486948096,12.712248627028));
#1312 = CARTESIAN_POINT('',(1.05948609195,12.775232694548));
#1313 = CARTESIAN_POINT('',(1.059485113192,12.838216664294));
#1314 = CARTESIAN_POINT('',(1.059484125914,12.901202462153));
#1315 = CARTESIAN_POINT('',(1.059483231284,12.964189718428));
#1316 = CARTESIAN_POINT('',(1.059481917511,13.076208089595));
#1317 = CARTESIAN_POINT('',(1.059481437138,13.125244344514));
#1318 = CARTESIAN_POINT('',(1.059481082028,13.174280236943));
#1319 = CARTESIAN_POINT('',(1.059480870797,13.223315357094));
#1320 = CARTESIAN_POINT('',(1.059480804832,13.272350152536));
#1321 = CARTESIAN_POINT('',(1.059480866853,13.321385246694));
#1322 = CARTESIAN_POINT('',(1.059481023345,13.370420775161));
#1323 = CARTESIAN_POINT('',(1.059481455226,13.472479553795));
#1324 = CARTESIAN_POINT('',(1.059481739086,13.525505544987));
#1325 = CARTESIAN_POINT('',(1.059482028409,13.57853100332));
#1326 = CARTESIAN_POINT('',(1.059482253434,13.631555458446));
#1327 = CARTESIAN_POINT('',(1.059482342312,13.684579643862));
#1328 = CARTESIAN_POINT('',(1.05948223472,13.737604492781));
#1329 = CARTESIAN_POINT('',(1.059481895426,13.790630165796));
#1330 = CARTESIAN_POINT('',(1.059480604142,13.911258613563));
#1331 = CARTESIAN_POINT('',(1.059479497415,13.97886703605));
#1332 = CARTESIAN_POINT('',(1.059478055365,14.046473278394));
#1333 = CARTESIAN_POINT('',(1.059476332728,14.114076773811));
#1334 = CARTESIAN_POINT('',(1.059474537836,14.181680194591));
#1335 = CARTESIAN_POINT('',(1.059473038285,14.249286169378));
#1336 = CARTESIAN_POINT('',(1.05947222567,14.316894011273));
#1337 = CARTESIAN_POINT('',(1.059472239395,14.384496456749));
#1338 = ( GEOMETRIC_REPRESENTATION_CONTEXT(2) 
PARAMETRIC_REPRESENTATION_CONTEXT() REPRESENTATION_CONTEXT('2D SPACE',''
  ) );
#1339 = PCURVE('',#499,#1340);
#1340 = DEFINITIONAL_REPRESENTATION('',(#1341),#1421);
#1341 = B_SPLINE_CURVE_WITH_KNOTS('',8,(#1342,#1343,#1344,#1345,#1346,
    #1347,#1348,#1349,#1350,#1351,#1352,#1353,#1354,#1355,#1356,#1357,
    #1358,#1359,#1360,#1361,#1362,#1363,#1364,#1365,#1366,#1367,#1368,
    #1369,#1370,#1371,#1372,#1373,#1374,#1375,#1376,#1377,#1378,#1379,
    #1380,#1381,#1382,#1383,#1384,#1385,#1386,#1387,#1388,#1389,#1390,
    #1391,#1392,#1393,#1394,#1395,#1396,#1397,#1398,#1399,#1400,#1401,
    #1402,#1403,#1404,#1405,#1406,#1407,#1408,#1409,#1410,#1411,#1412,
    #1413,#1414,#1415,#1416,#1417,#1418,#1419,#1420),.UNSPECIFIED.,.F.,
  .F.,(9,7,7,7,7,7,7,7,7,7,7,9),(0.,7.449414239312E-02,0.165160436739,
    0.26746257364,0.372037301763,0.47841027788,0.612813287082,
    0.741199403344,0.811264658218,0.865812489013,0.924797624426,1.),
  .UNSPECIFIED.);
#1342 = CARTESIAN_POINT('',(0.,-3.000003530142));
#1343 = CARTESIAN_POINT('',(-5.850053374607E-02,-3.032591868125));
#1344 = CARTESIAN_POINT('',(-0.117004521829,-3.065181976976));
#1345 = CARTESIAN_POINT('',(-0.175506392895,-3.097770173598));
#1346 = CARTESIAN_POINT('',(-0.234006325837,-3.130356917407));
#1347 = CARTESIAN_POINT('',(-0.292506645711,-3.162942693961));
#1348 = CARTESIAN_POINT('',(-0.351009467982,-3.19552853567));
#1349 = CARTESIAN_POINT('',(-0.40951431037,-3.228116297238));
#1350 = CARTESIAN_POINT('',(-0.539214427104,-3.300365826993));
#1351 = CARTESIAN_POINT('',(-0.610425887024,-3.340036917678));
#1352 = CARTESIAN_POINT('',(-0.681632710083,-3.37970471264));
#1353 = CARTESIAN_POINT('',(-0.752833468169,-3.419367360761));
#1354 = CARTESIAN_POINT('',(-0.824034129538,-3.45902838166));
#1355 = CARTESIAN_POINT('',(-0.895240805226,-3.498691826704));
#1356 = CARTESIAN_POINT('',(-0.966452478644,-3.538357742014));
#1357 = CARTESIAN_POINT('',(-1.117992713435,-3.62276799599));
#1358 = CARTESIAN_POINT('',(-1.198351397269,-3.667529131748));
#1359 = CARTESIAN_POINT('',(-1.278701193455,-3.7122860828));
#1360 = CARTESIAN_POINT('',(-1.359039896907,-3.757037846284));
#1361 = CARTESIAN_POINT('',(-1.439378496962,-3.801790409468));
#1362 = CARTESIAN_POINT('',(-1.519728011576,-3.846549548861));
#1363 = CARTESIAN_POINT('',(-1.600086332637,-3.89131369342));
#1364 = CARTESIAN_POINT('',(-1.762548517618,-3.981814179501));
#1365 = CARTESIAN_POINT('',(-1.844693773131,-4.027573569003));
#1366 = CARTESIAN_POINT('',(-1.92682923182,-4.073327149599));
#1367 = CARTESIAN_POINT('',(-2.008952534194,-4.119073518293));
#1368 = CARTESIAN_POINT('',(-2.091075929712,-4.164819565636));
#1369 = CARTESIAN_POINT('',(-2.17321161894,-4.210572259807));
#1370 = CARTESIAN_POINT('',(-2.255357086527,-4.256330388978));
#1371 = CARTESIAN_POINT('',(-2.421015941484,-4.348608772671));
#1372 = CARTESIAN_POINT('',(-2.50457609441,-4.39515508392));
#1373 = CARTESIAN_POINT('',(-2.588123951407,-4.44169472724));
#1374 = CARTESIAN_POINT('',(-2.671660604139,-4.488228352335));
#1375 = CARTESIAN_POINT('',(-2.755197207167,-4.534762094666));
#1376 = CARTESIAN_POINT('',(-2.838744975771,-4.581302058502));
#1377 = CARTESIAN_POINT('',(-2.922305127652,-4.627848799863));
#1378 = CARTESIAN_POINT('',(-3.11138860857,-4.733176335064));
#1379 = CARTESIAN_POINT('',(-3.21701452376,-4.792014162962));
#1380 = CARTESIAN_POINT('',(-3.322597422837,-4.850827601934));
#1381 = CARTESIAN_POINT('',(-3.428149022489,-4.909623185356));
#1382 = CARTESIAN_POINT('',(-3.533700648297,-4.968418649493));
#1383 = CARTESIAN_POINT('',(-3.639283579615,-5.027231837441));
#1384 = CARTESIAN_POINT('',(-3.744909641829,-5.086069565295));
#1385 = CARTESIAN_POINT('',(-3.951280326378,-5.201026934655));
#1386 = CARTESIAN_POINT('',(-4.052165317056,-5.257224719795));
#1387 = CARTESIAN_POINT('',(-4.153016568924,-5.313404231801));
#1388 = CARTESIAN_POINT('',(-4.253842038469,-5.369569760649));
#1389 = CARTESIAN_POINT('',(-4.354667466774,-5.425735294122));
#1390 = CARTESIAN_POINT('',(-4.455518582455,-5.481914782861));
#1391 = CARTESIAN_POINT('',(-4.556403598046,-5.538112628512));
#1392 = CARTESIAN_POINT('',(-4.712249655608,-5.624925643478));
#1393 = CARTESIAN_POINT('',(-4.767275918108,-5.655577505462));
#1394 = CARTESIAN_POINT('',(-4.822300940508,-5.686228524712));
#1395 = CARTESIAN_POINT('',(-4.87732432755,-5.716878500082));
#1396 = CARTESIAN_POINT('',(-4.932347733862,-5.74752838781));
#1397 = CARTESIAN_POINT('',(-4.987372828922,-5.778179162878));
#1398 = CARTESIAN_POINT('',(-5.042399264524,-5.80883067884));
#1399 = CARTESIAN_POINT('',(-5.140259940353,-5.863342320174));
#1400 = CARTESIAN_POINT('',(-5.183098657675,-5.887204926421));
#1401 = CARTESIAN_POINT('',(-5.225937063478,-5.911067397973));
#1402 = CARTESIAN_POINT('',(-5.268774781569,-5.934929541532));
#1403 = CARTESIAN_POINT('',(-5.311612183713,-5.958791575305));
#1404 = CARTESIAN_POINT('',(-5.354449796216,-5.982653796887));
#1405 = CARTESIAN_POINT('',(-5.397287722175,-6.006516261091));
#1406 = CARTESIAN_POINT('',(-5.486447128896,-6.056181794291));
#1407 = CARTESIAN_POINT('',(-5.5327709913,-6.081986199955));
#1408 = CARTESIAN_POINT('',(-5.579094286077,-6.10779034792));
#1409 = CARTESIAN_POINT('',(-5.625416595764,-6.133593986095));
#1410 = CARTESIAN_POINT('',(-5.671738563969,-6.159397447525));
#1411 = CARTESIAN_POINT('',(-5.718061019027,-6.185201166263));
#1412 = CARTESIAN_POINT('',(-5.764384123328,-6.211005208702));
#1413 = CARTESIAN_POINT('',(-5.869764756381,-6.269706818837));
#1414 = CARTESIAN_POINT('',(-5.928827189891,-6.302607085668));
#1415 = CARTESIAN_POINT('',(-5.987887712076,-6.335506172854));
#1416 = CARTESIAN_POINT('',(-6.046945893095,-6.368403831631));
#1417 = CARTESIAN_POINT('',(-6.106004137146,-6.401301435237));
#1418 = CARTESIAN_POINT('',(-6.165064803786,-6.434200377107));
#1419 = CARTESIAN_POINT('',(-6.224127323454,-6.467100444516));
#1420 = CARTESIAN_POINT('',(-6.28318530718,-6.499998167649));
#1421 = ( GEOMETRIC_REPRESENTATION_CONTEXT(2) 
PARAMETRIC_REPRESENTATION_CONTEXT() REPRESENTATION_CONTEXT('2D SPACE',''
  ) );
#1422 = ORIENTED_EDGE('',*,*,#1423,.T.);
#1423 = EDGE_CURVE('',#1173,#1424,#1426,.T.);
#1424 = VERTEX_POINT('',#1425);
#1425 = CARTESIAN_POINT('',(4.,0.,9.999999500515));
#1426 = SURFACE_CURVE('',#1427,(#1507,#1590),.PCURVE_S1.);
#1427 = B_SPLINE_CURVE_WITH_KNOTS('',8,(#1428,#1429,#1430,#1431,#1432,
    #1433,#1434,#1435,#1436,#1437,#1438,#1439,#1440,#1441,#1442,#1443,
    #1444,#1445,#1446,#1447,#1448,#1449,#1450,#1451,#1452,#1453,#1454,
    #1455,#1456,#1457,#1458,#1459,#1460,#1461,#1462,#1463,#1464,#1465,
    #1466,#1467,#1468,#1469,#1470,#1471,#1472,#1473,#1474,#1475,#1476,
    #1477,#1478,#1479,#1480,#1481,#1482,#1483,#1484,#1485,#1486,#1487,
    #1488,#1489,#1490,#1491,#1492,#1493,#1494,#1495,#1496,#1497,#1498,
    #1499,#1500,#1501,#1502,#1503,#1504,#1505,#1506),.UNSPECIFIED.,.F.,
  .F.,(9,7,7,7,7,7,7,7,7,7,7,9),(0.,9.647523271493E-02,0.164619116016,
    0.237474062546,0.340368567089,0.437920623492,0.548596913025,
    0.639439048795,0.698769752049,0.813340004275,0.926153339558,1.),
  .UNSPECIFIED.);
#1428 = CARTESIAN_POINT('',(4.,4.440892098501E-16,6.499998167649));
#1429 = CARTESIAN_POINT('',(4.,0.303052452593,6.542201333859));
#1430 = CARTESIAN_POINT('',(3.973759579309,0.606167271903,6.584413322436
    ));
#1431 = CARTESIAN_POINT('',(3.921261045971,0.906601270876,6.626622190579
    ));
#1432 = CARTESIAN_POINT('',(3.842848299448,1.201701938696,6.668827161647
    ));
#1433 = CARTESIAN_POINT('',(3.739169273418,1.488901179339,6.711032669867
    ));
#1434 = CARTESIAN_POINT('',(3.611154543147,1.765719870984,6.753242738213
    ));
#1435 = CARTESIAN_POINT('',(3.460032097455,2.029783246278,6.795455689482
    ));
#1436 = CARTESIAN_POINT('',(3.165426748631,2.454769734524,6.867469022237
    ));
#1437 = CARTESIAN_POINT('',(3.032707253127,2.623246353362,6.897280527905
    ));
#1438 = CARTESIAN_POINT('',(2.889759779961,2.783492028648,6.927089723612
    ));
#1439 = CARTESIAN_POINT('',(2.73718738939,2.934783726694,6.956901464713)
  );
#1440 = CARTESIAN_POINT('',(2.575644237934,3.076457926482,6.986704338169
    ));
#1441 = CARTESIAN_POINT('',(2.405842904806,3.207904600115,7.016519691136
    ));
#1442 = CARTESIAN_POINT('',(2.228540968232,3.328577459668,7.046332495772
    ));
#1443 = CARTESIAN_POINT('',(1.847848556332,3.554973038055,7.108017615166
    ));
#1444 = CARTESIAN_POINT('',(1.643481434524,3.659097610138,7.139892451606
    ));
#1445 = CARTESIAN_POINT('',(1.4324511889,3.749769812413,7.171765464349)
  );
#1446 = CARTESIAN_POINT('',(1.215794902066,3.826499445261,7.203636396477
    ));
#1447 = CARTESIAN_POINT('',(0.994583354305,3.888893822446,7.235506647305
    ));
#1448 = CARTESIAN_POINT('',(0.769917723935,3.936655240102,7.267377687423
    ));
#1449 = CARTESIAN_POINT('',(0.542928442261,3.969585181559,7.299249562198
    ));
#1450 = CARTESIAN_POINT('',(-7.447787440569E-03,4.01303125085,
    7.376130014188));
#1451 = CARTESIAN_POINT('',(-0.33210360433,4.008715903598,7.421151967101
    ));
#1452 = CARTESIAN_POINT('',(-0.655860661353,3.97436156591,7.466169630701
    ));
#1453 = CARTESIAN_POINT('',(-0.975477410745,3.910162449058,
    7.511181951047));
#1454 = CARTESIAN_POINT('',(-1.287796154179,3.816711023621,7.55619507348
    ));
#1455 = CARTESIAN_POINT('',(-1.589751100683,3.69496766082,7.601214935845
    ));
#1456 = CARTESIAN_POINT('',(-1.878389671464,3.54628351752,7.646239913503
    ));
#1457 = CARTESIAN_POINT('',(-2.409274891154,3.207694143571,
    7.733929940115));
#1458 = CARTESIAN_POINT('',(-2.653267347734,3.020256646933,
    7.776614712891));
#1459 = CARTESIAN_POINT('',(-2.880484171298,2.811674149651,7.81929528306
    ));
#1460 = CARTESIAN_POINT('',(-3.088807718673,2.583723902764,
    7.861970664921));
#1461 = CARTESIAN_POINT('',(-3.27636534336,2.338403437881,7.90464571518)
  );
#1462 = CARTESIAN_POINT('',(-3.441521897133,2.077908811679,
    7.947325384799));
#1463 = CARTESIAN_POINT('',(-3.582902343409,1.804638090724,
    7.990008945987));
#1464 = CARTESIAN_POINT('',(-3.831665698422,1.199672224648,
    8.081100786604));
#1465 = CARTESIAN_POINT('',(-3.931990660021,0.864880756123,
    8.129533893887));
#1466 = CARTESIAN_POINT('',(-3.998793324405,0.520698054073,
    8.177958692823));
#1467 = CARTESIAN_POINT('',(-4.031112819247,0.171061214012,
    8.226376266129));
#1468 = CARTESIAN_POINT('',(-4.028530118116,-0.180056958578,
    8.274794048997));
#1469 = CARTESIAN_POINT('',(-3.991126073273,-0.528662627467,
    8.323219433101));
#1470 = CARTESIAN_POINT('',(-3.919523851184,-0.870751328229,
    8.371653290687));
#1471 = CARTESIAN_POINT('',(-3.729241992353,-1.474512636872,
    8.459810343943));
#1472 = CARTESIAN_POINT('',(-3.621260671855,-1.739730829316,
    8.499556589996));
#1473 = CARTESIAN_POINT('',(-3.491748889192,-1.995819541841,
    8.539299972683));
#1474 = CARTESIAN_POINT('',(-3.341628330413,-2.240747328214,
    8.579039765787));
#1475 = CARTESIAN_POINT('',(-3.172031147184,-2.472614823722,
    8.618779390274));
#1476 = CARTESIAN_POINT('',(-2.984284672776,-2.689653728032,
    8.658522325682));
#1477 = CARTESIAN_POINT('',(-2.779918039893,-2.890240419322,
    8.698268006246));
#1478 = CARTESIAN_POINT('',(-2.417509211776,-3.192238404168,
    8.763962442489));
#1479 = CARTESIAN_POINT('',(-2.267968963383,-3.303932366477,
    8.789918153698));
#1480 = CARTESIAN_POINT('',(-2.112549876669,-3.407604575599,
    8.815873614062));
#1481 = CARTESIAN_POINT('',(-1.951756826183,-3.502895958162,
    8.841828663222));
#1482 = CARTESIAN_POINT('',(-1.786117280087,-3.589487337693,
    8.867783693224));
#1483 = CARTESIAN_POINT('',(-1.616179982478,-3.667098716597,
    8.893739148917));
#1484 = CARTESIAN_POINT('',(-1.442514677519,-3.735490380888,
    8.919695037313));
#1485 = CARTESIAN_POINT('',(-0.924300656102,-3.908350063619,
    8.99577150543));
#1486 = CARTESIAN_POINT('',(-0.571044473687,-3.987170764662,
    9.045912494652));
#1487 = CARTESIAN_POINT('',(-0.210343495777,-4.029410478589,
    9.096043604832));
#1488 = CARTESIAN_POINT('',(0.153363869595,-4.034329968188,
    9.146166096124));
#1489 = CARTESIAN_POINT('',(0.515648051289,-4.001812118215,
    9.196288504848));
#1490 = CARTESIAN_POINT('',(0.872101167399,-3.932310010969,
    9.246419388209));
#1491 = CARTESIAN_POINT('',(1.218353771586,-3.826897701997,
    9.296560061345));
#1492 = CARTESIAN_POINT('',(1.876827645663,-3.550085587581,
    9.396032908514));
#1493 = CARTESIAN_POINT('',(2.189734882774,-3.379619305078,
    9.445402798889));
#1494 = CARTESIAN_POINT('',(2.484750016728,-3.177702435259,
    9.494762942975));
#1495 = CARTESIAN_POINT('',(2.758216870116,-2.946586935218,
    9.544114676709));
#1496 = CARTESIAN_POINT('',(3.006869002824,-2.688961689456,
    9.593466406873));
#1497 = CARTESIAN_POINT('',(3.227807782701,-2.407908559367,9.64282654044
    ));
#1498 = CARTESIAN_POINT('',(3.418544599105,-2.106927232601,
    9.692196371028));
#1499 = CARTESIAN_POINT('',(3.68094346673,-1.582551444734,9.773853451315
    ));
#1500 = CARTESIAN_POINT('',(3.771011969351,-1.368200895296,
    9.806161283769));
#1501 = CARTESIAN_POINT('',(3.846791469334,-1.148038196471,
    9.838468258593));
#1502 = CARTESIAN_POINT('',(3.907852146618,-0.923179751177,
    9.870773978996));
#1503 = CARTESIAN_POINT('',(3.953870231644,-0.694768888248,
    9.903079582695));
#1504 = CARTESIAN_POINT('',(3.984624453011,-0.463972436201,
    9.935386278799));
#1505 = CARTESIAN_POINT('',(4.,-0.231979151315,9.967693904347));
#1506 = CARTESIAN_POINT('',(4.,-2.22044604925E-15,9.999999500515));
#1507 = PCURVE('',#649,#1508);
#1508 = DEFINITIONAL_REPRESENTATION('',(#1509),#1589);
#1509 = B_SPLINE_CURVE_WITH_KNOTS('',8,(#1510,#1511,#1512,#1513,#1514,
    #1515,#1516,#1517,#1518,#1519,#1520,#1521,#1522,#1523,#1524,#1525,
    #1526,#1527,#1528,#1529,#1530,#1531,#1532,#1533,#1534,#1535,#1536,
    #1537,#1538,#1539,#1540,#1541,#1542,#1543,#1544,#1545,#1546,#1547,
    #1548,#1549,#1550,#1551,#1552,#1553,#1554,#1555,#1556,#1557,#1558,
    #1559,#1560,#1561,#1562,#1563,#1564,#1565,#1566,#1567,#1568,#1569,
    #1570,#1571,#1572,#1573,#1574,#1575,#1576,#1577,#1578,#1579,#1580,
    #1581,#1582,#1583,#1584,#1585,#1586,#1587,#1588),.UNSPECIFIED.,.F.,
  .F.,(9,7,7,7,7,7,7,7,7,7,7,9),(0.,9.647523271493E-02,0.164619116016,
    0.237474062546,0.340368567089,0.437920623492,0.548596913025,
    0.639439048795,0.698769752049,0.813340004275,0.926153339558,1.),
  .UNSPECIFIED.);
#1510 = CARTESIAN_POINT('',(1.05947222621,14.384496460079));
#1511 = CARTESIAN_POINT('',(1.05947224335,14.471220919444));
#1512 = CARTESIAN_POINT('',(1.059473717207,14.557962514161));
#1513 = CARTESIAN_POINT('',(1.059476940528,14.644696498393));
#1514 = CARTESIAN_POINT('',(1.059482360353,14.73142096736));
#1515 = CARTESIAN_POINT('',(1.059489242485,14.818145525105));
#1516 = CARTESIAN_POINT('',(1.059495491339,14.904879857622));
#1517 = CARTESIAN_POINT('',(1.059498625197,14.99162221136));
#1518 = CARTESIAN_POINT('',(1.059497399438,15.139605124318));
#1519 = CARTESIAN_POINT('',(1.059495393611,15.20086686883));
#1520 = CARTESIAN_POINT('',(1.059488106164,15.262127870969));
#1521 = CARTESIAN_POINT('',(1.059490745823,15.323386410595));
#1522 = CARTESIAN_POINT('',(1.059467957429,15.384645311197));
#1523 = CARTESIAN_POINT('',(1.059481767241,15.445904549058));
#1524 = CARTESIAN_POINT('',(1.059485080028,15.507165482533));
#1525 = CARTESIAN_POINT('',(1.059494452535,15.633917624691));
#1526 = CARTESIAN_POINT('',(1.059498652723,15.69941522215));
#1527 = CARTESIAN_POINT('',(1.05950011286,15.764910909035));
#1528 = CARTESIAN_POINT('',(1.059498817524,15.830404187516));
#1529 = CARTESIAN_POINT('',(1.059495637973,15.895897351454));
#1530 = CARTESIAN_POINT('',(1.059491555029,15.961392761179));
#1531 = CARTESIAN_POINT('',(1.059487300159,16.026890014556));
#1532 = CARTESIAN_POINT('',(1.05947792735,16.18488009362));
#1533 = CARTESIAN_POINT('',(1.059473133434,16.27740019647));
#1534 = CARTESIAN_POINT('',(1.059470651014,16.369909935448));
#1535 = CARTESIAN_POINT('',(1.059470640226,16.462407027853));
#1536 = CARTESIAN_POINT('',(1.059472390482,16.554904576073));
#1537 = CARTESIAN_POINT('',(1.059474859558,16.647415484232));
#1538 = CARTESIAN_POINT('',(1.059477164628,16.739937011137));
#1539 = CARTESIAN_POINT('',(1.059480789276,16.920131239732));
#1540 = CARTESIAN_POINT('',(1.059482141475,17.007844450936));
#1541 = CARTESIAN_POINT('',(1.059482725911,17.095549541821));
#1542 = CARTESIAN_POINT('',(1.0594825752,17.183244465499));
#1543 = CARTESIAN_POINT('',(1.059481974719,17.27093900997));
#1544 = CARTESIAN_POINT('',(1.059481313693,17.358643086572));
#1545 = CARTESIAN_POINT('',(1.059480923163,17.44635497645));
#1546 = CARTESIAN_POINT('',(1.059480875513,17.633542141485));
#1547 = CARTESIAN_POINT('',(1.059481332292,17.733068359046));
#1548 = CARTESIAN_POINT('',(1.059482454894,17.832577054242));
#1549 = CARTESIAN_POINT('',(1.05948416375,17.932070506713));
#1550 = CARTESIAN_POINT('',(1.059486007292,18.031564301535));
#1551 = CARTESIAN_POINT('',(1.059487426803,18.13107400643));
#1552 = CARTESIAN_POINT('',(1.059488071439,18.230601650881));
#1553 = CARTESIAN_POINT('',(1.059487650164,18.411758319622));
#1554 = CARTESIAN_POINT('',(1.059486871479,18.49343451576));
#1555 = CARTESIAN_POINT('',(1.059485441966,18.575105269253));
#1556 = CARTESIAN_POINT('',(1.059483430222,18.656769040712));
#1557 = CARTESIAN_POINT('',(1.059481031014,18.738432727437));
#1558 = CARTESIAN_POINT('',(1.059478527833,18.820103287083));
#1559 = CARTESIAN_POINT('',(1.059476222482,18.901779352283));
#1560 = CARTESIAN_POINT('',(1.059473096814,19.036778789745));
#1561 = CARTESIAN_POINT('',(1.059472039275,19.090116616714));
#1562 = CARTESIAN_POINT('',(1.059471221375,19.143453765193));
#1563 = CARTESIAN_POINT('',(1.059470693892,19.19678987129));
#1564 = CARTESIAN_POINT('',(1.059470487863,19.25012571968));
#1565 = CARTESIAN_POINT('',(1.059470610467,19.30346221975));
#1566 = CARTESIAN_POINT('',(1.059471045026,19.356799397353));
#1567 = CARTESIAN_POINT('',(1.059473126371,19.513129622569));
#1568 = CARTESIAN_POINT('',(1.059475525446,19.616164100191));
#1569 = CARTESIAN_POINT('',(1.059478693133,19.719177756996));
#1570 = CARTESIAN_POINT('',(1.059482090071,19.822173549232));
#1571 = CARTESIAN_POINT('',(1.059485027633,19.925169485957));
#1572 = CARTESIAN_POINT('',(1.05948699458,20.028183498084));
#1573 = CARTESIAN_POINT('',(1.059487891105,20.131218354823));
#1574 = CARTESIAN_POINT('',(1.059487872814,20.335627889738));
#1575 = CARTESIAN_POINT('',(1.059486986073,20.43708005323));
#1576 = CARTESIAN_POINT('',(1.059485380388,20.538512675364));
#1577 = CARTESIAN_POINT('',(1.059483475007,20.639928215666));
#1578 = CARTESIAN_POINT('',(1.059481866201,20.741343543845));
#1579 = CARTESIAN_POINT('',(1.059480971013,20.842775652487));
#1580 = CARTESIAN_POINT('',(1.059480763835,20.944227218316));
#1581 = CARTESIAN_POINT('',(1.059481107366,21.112026368173));
#1582 = CARTESIAN_POINT('',(1.059481420074,21.178416410237));
#1583 = CARTESIAN_POINT('',(1.059481836262,21.244804619873));
#1584 = CARTESIAN_POINT('',(1.05948222546,21.311190270883));
#1585 = CARTESIAN_POINT('',(1.059482436215,21.377575804695));
#1586 = CARTESIAN_POINT('',(1.059482335241,21.443963797081));
#1587 = CARTESIAN_POINT('',(1.059481849555,21.510353963211));
#1588 = CARTESIAN_POINT('',(1.0594810116,21.576740201039));
#1589 = ( GEOMETRIC_REPRESENTATION_CONTEXT(2) 
PARAMETRIC_REPRESENTATION_CONTEXT() REPRESENTATION_CONTEXT('2D SPACE',''
  ) );
#1590 = PCURVE('',#1591,#1596);
#1591 = CYLINDRICAL_SURFACE('',#1592,4.);
#1592 = AXIS2_PLACEMENT_3D('',#1593,#1594,#1595);
#1593 = CARTESIAN_POINT('',(0.,0.,0.));
#1594 = DIRECTION('',(-0.,-0.,-1.));
#1595 = DIRECTION('',(1.,0.,0.));
#1596 = DEFINITIONAL_REPRESENTATION('',(#1597),#1677);
#1597 = B_SPLINE_CURVE_WITH_KNOTS('',8,(#1598,#1599,#1600,#1601,#1602,
    #1603,#1604,#1605,#1606,#1607,#1608,#1609,#1610,#1611,#1612,#1613,
    #1614,#1615,#1616,#1617,#1618,#1619,#1620,#1621,#1622,#1623,#1624,
    #1625,#1626,#1627,#1628,#1629,#1630,#1631,#1632,#1633,#1634,#1635,
    #1636,#1637,#1638,#1639,#1640,#1641,#1642,#1643,#1644,#1645,#1646,
    #1647,#1648,#1649,#1650,#1651,#1652,#1653,#1654,#1655,#1656,#1657,
    #1658,#1659,#1660,#1661,#1662,#1663,#1664,#1665,#1666,#1667,#1668,
    #1669,#1670,#1671,#1672,#1673,#1674,#1675,#1676),.UNSPECIFIED.,.F.,
  .F.,(9,7,7,7,7,7,7,7,7,7,7,9),(0.,9.647523271493E-02,0.164619116016,
    0.237474062546,0.340368567089,0.437920623492,0.548596913025,
    0.639439048795,0.698769752049,0.813340004275,0.926153339558,1.),
  .UNSPECIFIED.);
#1598 = CARTESIAN_POINT('',(0.,-6.499998167649));
#1599 = CARTESIAN_POINT('',(-7.576311314826E-02,-6.542201333859));
#1600 = CARTESIAN_POINT('',(-0.151541497495,-6.584413322436));
#1601 = CARTESIAN_POINT('',(-0.227313516864,-6.626622190579));
#1602 = CARTESIAN_POINT('',(-0.303077318592,-6.668827161647));
#1603 = CARTESIAN_POINT('',(-0.37884103975,-6.711032669867));
#1604 = CARTESIAN_POINT('',(-0.454612936167,-6.753242738213));
#1605 = CARTESIAN_POINT('',(-0.530391434245,-6.795455689482));
#1606 = CARTESIAN_POINT('',(-0.659669677472,-6.867469022237));
#1607 = CARTESIAN_POINT('',(-0.713188039545,-6.897280527905));
#1608 = CARTESIAN_POINT('',(-0.76670555325,-6.927089723613));
#1609 = CARTESIAN_POINT('',(-0.82022140588,-6.956901464712));
#1610 = CARTESIAN_POINT('',(-0.873737420377,-6.98670433817));
#1611 = CARTESIAN_POINT('',(-0.927253824578,-7.016519691136));
#1612 = CARTESIAN_POINT('',(-0.980771642246,-7.046332495772));
#1613 = CARTESIAN_POINT('',(-1.091502642419,-7.108017615166));
#1614 = CARTESIAN_POINT('',(-1.148721417266,-7.139892451606));
#1615 = CARTESIAN_POINT('',(-1.205938495104,-7.171765464349));
#1616 = CARTESIAN_POINT('',(-1.263153588905,-7.203636396477));
#1617 = CARTESIAN_POINT('',(-1.320368801755,-7.235506647305));
#1618 = CARTESIAN_POINT('',(-1.377586193289,-7.267377687423));
#1619 = CARTESIAN_POINT('',(-1.434805331037,-7.299249562198));
#1620 = CARTESIAN_POINT('',(-1.572827420564,-7.376130014188));
#1621 = CARTESIAN_POINT('',(-1.653654271645,-7.421151967101));
#1622 = CARTESIAN_POINT('',(-1.734471990076,-7.466169630701));
#1623 = CARTESIAN_POINT('',(-1.815278313795,-7.511181951047));
#1624 = CARTESIAN_POINT('',(-1.896084554336,-7.55619507348));
#1625 = CARTESIAN_POINT('',(-1.976902043698,-7.601214935845));
#1626 = CARTESIAN_POINT('',(-2.057728582289,-7.646239913503));
#1627 = CARTESIAN_POINT('',(-2.215145600237,-7.733929940115));
#1628 = CARTESIAN_POINT('',(-2.291771478654,-7.776614712891));
#1629 = CARTESIAN_POINT('',(-2.368390348836,-7.81929528306));
#1630 = CARTESIAN_POINT('',(-2.445000574398,-7.861970664921));
#1631 = CARTESIAN_POINT('',(-2.521610794474,-7.90464571518));
#1632 = CARTESIAN_POINT('',(-2.598229666454,-7.947325384799));
#1633 = CARTESIAN_POINT('',(-2.674855613883,-7.990008945987));
#1634 = CARTESIAN_POINT('',(-2.838384454212,-8.081100786604));
#1635 = CARTESIAN_POINT('',(-2.92533189556,-8.129533893887));
#1636 = CARTESIAN_POINT('',(-3.012264098326,-8.177958692823));
#1637 = CARTESIAN_POINT('',(-3.099182870539,-8.226376266129));
#1638 = CARTESIAN_POINT('',(-3.186101689244,-8.274794048997));
#1639 = CARTESIAN_POINT('',(-3.273034111375,-8.323219433101));
#1640 = CARTESIAN_POINT('',(-3.359981959071,-8.371653290687));
#1641 = CARTESIAN_POINT('',(-3.518241023507,-8.459810343943));
#1642 = CARTESIAN_POINT('',(-3.589593505232,-8.499556589996));
#1643 = CARTESIAN_POINT('',(-3.660941161647,-8.539299972683));
#1644 = CARTESIAN_POINT('',(-3.732282710466,-8.579039765787));
#1645 = CARTESIAN_POINT('',(-3.803624234216,-8.618779390274));
#1646 = CARTESIAN_POINT('',(-3.874971846921,-8.658522325682));
#1647 = CARTESIAN_POINT('',(-3.946324362667,-8.698268006246));
#1648 = CARTESIAN_POINT('',(-4.064260505756,-8.763962442489));
#1649 = CARTESIAN_POINT('',(-4.110856715734,-8.789918153698));
#1650 = CARTESIAN_POINT('',(-4.157452362885,-8.815873614062));
#1651 = CARTESIAN_POINT('',(-4.20404712148,-8.841828663222));
#1652 = CARTESIAN_POINT('',(-4.250641666389,-8.867783693224));
#1653 = CARTESIAN_POINT('',(-4.297236780171,-8.893739148917));
#1654 = CARTESIAN_POINT('',(-4.343832474039,-8.919695037313));
#1655 = CARTESIAN_POINT('',(-4.480403481648,-8.99577150543));
#1656 = CARTESIAN_POINT('',(-4.570414932187,-9.045912494652));
#1657 = CARTESIAN_POINT('',(-4.660408053493,-9.096043604832));
#1658 = CARTESIAN_POINT('',(-4.750385390729,-9.146166096124));
#1659 = CARTESIAN_POINT('',(-4.840362724684,-9.196288504848));
#1660 = CARTESIAN_POINT('',(-4.93035583884,-9.246419388209));
#1661 = CARTESIAN_POINT('',(-5.020367284908,-9.296560061345));
#1662 = CARTESIAN_POINT('',(-5.198940237355,-9.396032908514));
#1663 = CARTESIAN_POINT('',(-5.287569429743,-9.445402798889));
#1664 = CARTESIAN_POINT('',(-5.37618181833,-9.494762942975));
#1665 = CARTESIAN_POINT('',(-5.46477958767,-9.544114676709));
#1666 = CARTESIAN_POINT('',(-5.553377403903,-9.593466406873));
#1667 = CARTESIAN_POINT('',(-5.64198994364,-9.64282654044));
#1668 = CARTESIAN_POINT('',(-5.730619347397,-9.692196371028));
#1669 = CARTESIAN_POINT('',(-5.877210430992,-9.773853451315));
#1670 = CARTESIAN_POINT('',(-5.935209350964,-9.806161283769));
#1671 = CARTESIAN_POINT('',(-5.993206522808,-9.838468258593));
#1672 = CARTESIAN_POINT('',(-6.051201286446,-9.870773978996));
#1673 = CARTESIAN_POINT('',(-6.109195771086,-9.903079582695));
#1674 = CARTESIAN_POINT('',(-6.167192249709,-9.935386278799));
#1675 = CARTESIAN_POINT('',(-6.225190519351,-9.967693904347));
#1676 = CARTESIAN_POINT('',(-6.28318530718,-9.999999500515));
#1677 = ( GEOMETRIC_REPRESENTATION_CONTEXT(2) 
PARAMETRIC_REPRESENTATION_CONTEXT() REPRESENTATION_CONTEXT('2D SPACE',''
  ) );
#1678 = ORIENTED_EDGE('',*,*,#1679,.T.);
#1679 = EDGE_CURVE('',#1424,#1680,#1682,.T.);
#1680 = VERTEX_POINT('',#1681);
#1681 = CARTESIAN_POINT('',(2.493945763768,-3.127336650792,13.));
#1682 = SURFACE_CURVE('',#1683,(#1727,#1774),.PCURVE_S1.);
#1683 = B_SPLINE_CURVE_WITH_KNOTS('',5,(#1684,#1685,#1686,#1687,#1688,
    #1689,#1690,#1691,#1692,#1693,#1694,#1695,#1696,#1697,#1698,#1699,
    #1700,#1701,#1702,#1703,#1704,#1705,#1706,#1707,#1708,#1709,#1710,
    #1711,#1712,#1713,#1714,#1715,#1716,#1717,#1718,#1719,#1720,#1721,
    #1722,#1723,#1724,#1725,#1726),.UNSPECIFIED.,.F.,.F.,(6,4,4,4,4,4,4,
    4,5,4,6),(0.,9.604977127863E-02,0.194055304565,0.300405406384,
    0.415776563922,0.515684477371,0.589906990422,0.708289613992,
    0.850182231164,0.946232002443,1.),.UNSPECIFIED.);
#1684 = CARTESIAN_POINT('',(4.,-2.22044604925E-15,9.999999500515));
#1685 = CARTESIAN_POINT('',(4.000004300625,0.428751635377,
    10.059711256696));
#1686 = CARTESIAN_POINT('',(3.94253563893,0.85761335924,10.119422526842)
  );
#1687 = CARTESIAN_POINT('',(3.827649289614,1.276004927693,
    10.179133511906));
#1688 = CARTESIAN_POINT('',(3.658050426005,1.674075180731,
    10.238844604169));
#1689 = CARTESIAN_POINT('',(3.215687165687,2.41883940543,10.359484376604
    ));
#1690 = CARTESIAN_POINT('',(2.940771421874,2.764520753538,
    10.420413381094));
#1691 = CARTESIAN_POINT('',(2.620145397878,3.070105675133,
    10.481343882471));
#1692 = CARTESIAN_POINT('',(2.261663334121,3.328108576854,10.5422742786)
  );
#1693 = CARTESIAN_POINT('',(1.455911700894,3.755762643657,
    10.669317578308));
#1694 = CARTESIAN_POINT('',(1.003387761545,3.916159150797,10.73542488039
    ));
#1695 = CARTESIAN_POINT('',(0.530483245692,4.007702278763,
    10.801542809451));
#1696 = CARTESIAN_POINT('',(5.079772900299E-02,4.027759668112,
    10.867670046121));
#1697 = CARTESIAN_POINT('',(-0.933422672519,3.923524495222,
    11.005510598886));
#1698 = CARTESIAN_POINT('',(-1.437091983847,3.786767753807,
    11.077233628446));
#1699 = CARTESIAN_POINT('',(-1.913841787014,3.569601592121,
    11.148957310208));
#1700 = CARTESIAN_POINT('',(-2.34759078523,3.279350819646,
    11.220683558638));
#1701 = CARTESIAN_POINT('',(-3.051149618308,2.624770766346,
    11.354523179988));
#1702 = CARTESIAN_POINT('',(-3.33540343676,2.275377257624,
    11.416635635576));
#1703 = CARTESIAN_POINT('',(-3.568705699281,1.888543533219,
    11.478748045159));
#1704 = CARTESIAN_POINT('',(-3.745121409283,1.474110441094,
    11.540859720542));
#1705 = CARTESIAN_POINT('',(-3.947908638889,0.723738422549,
    11.649111087215));
#1706 = CARTESIAN_POINT('',(-4.001237066643,0.394907174455,
    11.695252555516));
#1707 = CARTESIAN_POINT('',(-4.020203755698,6.175543884075E-02,
    11.741393640695));
#1708 = CARTESIAN_POINT('',(-4.004539829002,-0.27099962853,
    11.787534175754));
#1709 = CARTESIAN_POINT('',(-3.875891105717,-1.121091816633,
    11.907276388933));
#1710 = CARTESIAN_POINT('',(-3.710400976448,-1.630822838256,
    11.980877958502));
#1711 = CARTESIAN_POINT('',(-3.461689256513,-2.107929258371,
    12.054480142904));
#1712 = CARTESIAN_POINT('',(-3.138577462468,-2.535489257884,
    12.128082443307));
#1713 = CARTESIAN_POINT('',(-2.296391453921,-3.33586822742,
    12.289889544967));
#1714 = CARTESIAN_POINT('',(-1.750352250263,-3.68160512992,
    12.378181137268));
#1715 = CARTESIAN_POINT('',(-1.142882859337,-3.913025578234,
    12.466307903163));
#1716 = CARTESIAN_POINT('',(-0.505211344008,-4.018232473764,
    12.554599239559));
#1717 = CARTESIAN_POINT('',(0.127860616537,-3.997955935567,
    12.642805542124));
#1718 = CARTESIAN_POINT('',(0.778562229851,-3.977180585552,
    12.733467734777));
#1719 = CARTESIAN_POINT('',(1.425690742663,-3.823773090472,
    12.824230074396));
#1720 = CARTESIAN_POINT('',(2.031387182035,-3.539392182659,
    12.914807283364));
#1721 = CARTESIAN_POINT('',(2.562776057851,-3.139475196834,
    13.005569617613));
#1722 = CARTESIAN_POINT('',(3.236035010184,-2.379266484595,
    13.146986138901));
#1723 = CARTESIAN_POINT('',(3.446624341803,-2.078882209188,
    13.197740061783));
#1724 = CARTESIAN_POINT('',(3.621910670259,-1.755771539732,
    13.248493708084));
#1725 = CARTESIAN_POINT('',(3.758898148583,-1.415456640181,
    13.299247161447));
#1726 = CARTESIAN_POINT('',(3.855851931988,-1.064145609674,
    13.350000573144));
#1727 = PCURVE('',#649,#1728);
#1728 = DEFINITIONAL_REPRESENTATION('',(#1729),#1773);
#1729 = B_SPLINE_CURVE_WITH_KNOTS('',5,(#1730,#1731,#1732,#1733,#1734,
    #1735,#1736,#1737,#1738,#1739,#1740,#1741,#1742,#1743,#1744,#1745,
    #1746,#1747,#1748,#1749,#1750,#1751,#1752,#1753,#1754,#1755,#1756,
    #1757,#1758,#1759,#1760,#1761,#1762,#1763,#1764,#1765,#1766,#1767,
    #1768,#1769,#1770,#1771,#1772),.UNSPECIFIED.,.F.,.F.,(6,4,4,4,4,4,4,
    4,5,4,6),(0.,9.604977127863E-02,0.194055304565,0.300405406384,
    0.415776563922,0.515684477371,0.589906990422,0.708289613992,
    0.850182231164,0.946232002443,1.),.UNSPECIFIED.);
#1730 = CARTESIAN_POINT('',(1.0594810116,21.576740201039));
#1731 = CARTESIAN_POINT('',(1.059479576957,21.699444525205));
#1732 = CARTESIAN_POINT('',(1.059476356031,21.822149073313));
#1733 = CARTESIAN_POINT('',(1.059472711814,21.944853335825));
#1734 = CARTESIAN_POINT('',(1.059470713033,22.067556703781));
#1735 = CARTESIAN_POINT('',(1.059475171695,22.315459706649));
#1736 = CARTESIAN_POINT('',(1.059482155807,22.440659666745));
#1737 = CARTESIAN_POINT('',(1.059492539308,22.565860323186));
#1738 = CARTESIAN_POINT('',(1.059500794643,22.691062150753));
#1739 = CARTESIAN_POINT('',(1.059496254559,22.952129618199));
#1740 = CARTESIAN_POINT('',(1.059468742492,23.08799455132));
#1741 = CARTESIAN_POINT('',(1.059473952334,23.223858989078));
#1742 = CARTESIAN_POINT('',(1.059506735152,23.359723383333));
#1743 = CARTESIAN_POINT('',(1.059496663098,23.642982277384));
#1744 = CARTESIAN_POINT('',(1.05948230174,23.790377560127));
#1745 = CARTESIAN_POINT('',(1.059471986732,23.937771517859));
#1746 = CARTESIAN_POINT('',(1.059471046006,24.085164455183));
#1747 = CARTESIAN_POINT('',(1.059474275417,24.360193062368));
#1748 = CARTESIAN_POINT('',(1.059478425369,24.487826881579));
#1749 = CARTESIAN_POINT('',(1.059481499679,24.61546132359));
#1750 = CARTESIAN_POINT('',(1.059482305062,24.743095781281));
#1751 = CARTESIAN_POINT('',(1.059482117306,24.965544633923));
#1752 = CARTESIAN_POINT('',(1.059481440827,25.060362467222));
#1753 = CARTESIAN_POINT('',(1.059480823525,25.155179471709));
#1754 = CARTESIAN_POINT('',(1.059480670231,25.24999503159));
#1755 = CARTESIAN_POINT('',(1.059481688877,25.496055916393));
#1756 = CARTESIAN_POINT('',(1.059484279912,25.647300059058));
#1757 = CARTESIAN_POINT('',(1.059487186312,25.798545259555));
#1758 = CARTESIAN_POINT('',(1.059488781186,25.949791594439));
#1759 = CARTESIAN_POINT('',(1.059486166855,26.282295286126));
#1760 = CARTESIAN_POINT('',(1.059481609236,26.463731229975));
#1761 = CARTESIAN_POINT('',(1.05947344711,26.64483090392));
#1762 = CARTESIAN_POINT('',(1.059470232799,26.826265392637));
#1763 = CARTESIAN_POINT('',(1.059470836675,27.007522552212));
#1764 = CARTESIAN_POINT('',(1.059471464667,27.193826371867));
#1765 = CARTESIAN_POINT('',(1.059476255051,27.380333160984));
#1766 = CARTESIAN_POINT('',(1.059484806347,27.566456976496));
#1767 = CARTESIAN_POINT('',(1.0594878558,27.752964955461));
#1768 = CARTESIAN_POINT('',(1.059487901106,28.043565670516));
#1769 = CARTESIAN_POINT('',(1.059486808605,28.147862060678));
#1770 = CARTESIAN_POINT('',(1.059485104215,28.252158295463));
#1771 = CARTESIAN_POINT('',(1.059483365413,28.356454153668));
#1772 = CARTESIAN_POINT('',(1.059482247381,28.460749501345));
#1773 = ( GEOMETRIC_REPRESENTATION_CONTEXT(2) 
PARAMETRIC_REPRESENTATION_CONTEXT() REPRESENTATION_CONTEXT('2D SPACE',''
  ) );
#1774 = PCURVE('',#1775,#1780);
#1775 = CYLINDRICAL_SURFACE('',#1776,4.);
#1776 = AXIS2_PLACEMENT_3D('',#1777,#1778,#1779);
#1777 = CARTESIAN_POINT('',(0.,0.,0.));
#1778 = DIRECTION('',(-0.,-0.,-1.));
#1779 = DIRECTION('',(1.,0.,0.));
#1780 = DEFINITIONAL_REPRESENTATION('',(#1781),#1825);
#1781 = B_SPLINE_CURVE_WITH_KNOTS('',5,(#1782,#1783,#1784,#1785,#1786,
    #1787,#1788,#1789,#1790,#1791,#1792,#1793,#1794,#1795,#1796,#1797,
    #1798,#1799,#1800,#1801,#1802,#1803,#1804,#1805,#1806,#1807,#1808,
    #1809,#1810,#1811,#1812,#1813,#1814,#1815,#1816,#1817,#1818,#1819,
    #1820,#1821,#1822,#1823,#1824),.UNSPECIFIED.,.F.,.F.,(6,4,4,4,4,4,4,
    4,5,4,6),(0.,9.604977127863E-02,0.194055304565,0.300405406384,
    0.415776563922,0.515684477371,0.589906990422,0.708289613992,
    0.850182231164,0.946232002443,1.),.UNSPECIFIED.);
#1782 = CARTESIAN_POINT('',(0.,-9.999999500515));
#1783 = CARTESIAN_POINT('',(-0.107194100678,-10.05971125669));
#1784 = CARTESIAN_POINT('',(-0.214388084825,-10.11942252684));
#1785 = CARTESIAN_POINT('',(-0.321582369743,-10.1791335119));
#1786 = CARTESIAN_POINT('',(-0.428776728796,-10.23884460416));
#1787 = CARTESIAN_POINT('',(-0.645347332334,-10.3594843766));
#1788 = CARTESIAN_POINT('',(-0.754724096594,-10.42041338109));
#1789 = CARTESIAN_POINT('',(-0.864100986203,-10.48134388247));
#1790 = CARTESIAN_POINT('',(-0.973477975516,-10.5422742786));
#1791 = CARTESIAN_POINT('',(-1.201546670945,-10.6693175783));
#1792 = CARTESIAN_POINT('',(-1.320239146072,-10.73542488039));
#1793 = CARTESIAN_POINT('',(-1.438930967088,-10.80154280945));
#1794 = CARTESIAN_POINT('',(-1.557622270729,-10.86767004612));
#1795 = CARTESIAN_POINT('',(-1.805077917541,-11.00551059888));
#1796 = CARTESIAN_POINT('',(-1.933844184074,-11.07723362844));
#1797 = CARTESIAN_POINT('',(-2.062609898647,-11.1489573102));
#1798 = CARTESIAN_POINT('',(-2.191374363271,-11.22068355863));
#1799 = CARTESIAN_POINT('',(-2.431640378374,-11.35452317998));
#1800 = CARTESIAN_POINT('',(-2.543140924339,-11.41663563557));
#1801 = CARTESIAN_POINT('',(-2.654641629115,-11.47874804515));
#1802 = CARTESIAN_POINT('',(-2.766142511382,-11.54085972054));
#1803 = CARTESIAN_POINT('',(-2.960474076691,-11.64911108721));
#1804 = CARTESIAN_POINT('',(-3.043307371128,-11.69525255551));
#1805 = CARTESIAN_POINT('',(-3.126140338092,-11.74139364069));
#1806 = CARTESIAN_POINT('',(-3.208972347702,-11.78753417575));
#1807 = CARTESIAN_POINT('',(-3.423934262393,-11.90727638893));
#1808 = CARTESIAN_POINT('',(-3.55606334605,-11.9808779585));
#1809 = CARTESIAN_POINT('',(-3.688192682052,-12.0544801429));
#1810 = CARTESIAN_POINT('',(-3.820322146618,-12.1280824433));
#1811 = CARTESIAN_POINT('',(-4.110798205946,-12.28988954496));
#1812 = CARTESIAN_POINT('',(-4.269300556277,-12.37818113726));
#1813 = CARTESIAN_POINT('',(-4.427509726876,-12.46630790316));
#1814 = CARTESIAN_POINT('',(-4.586012189644,-12.55459923955));
#1815 = CARTESIAN_POINT('',(-4.744359580535,-12.64280554212));
#1816 = CARTESIAN_POINT('',(-4.907115762996,-12.73346773477));
#1817 = CARTESIAN_POINT('',(-5.07004929719,-12.82423007439));
#1818 = CARTESIAN_POINT('',(-5.23264720452,-12.91480728336));
#1819 = CARTESIAN_POINT('',(-5.39558049352,-13.00556961761));
#1820 = CARTESIAN_POINT('',(-5.649450402624,-13.1469861389));
#1821 = CARTESIAN_POINT('',(-5.740564345999,-13.19774006178));
#1822 = CARTESIAN_POINT('',(-5.831678505367,-13.24849370808));
#1823 = CARTESIAN_POINT('',(-5.922792638415,-13.29924716144));
#1824 = CARTESIAN_POINT('',(-6.013906396587,-13.35000057314));
#1825 = ( GEOMETRIC_REPRESENTATION_CONTEXT(2) 
PARAMETRIC_REPRESENTATION_CONTEXT() REPRESENTATION_CONTEXT('2D SPACE',''
  ) );
#1826 = ORIENTED_EDGE('',*,*,#1827,.T.);
#1827 = EDGE_CURVE('',#1680,#1110,#1828,.T.);
#1828 = SURFACE_CURVE('',#1829,(#1848,#1870),.PCURVE_S1.);
#1829 = B_SPLINE_CURVE_WITH_KNOTS('',5,(#1830,#1831,#1832,#1833,#1834,
    #1835,#1836,#1837,#1838,#1839,#1840,#1841,#1842,#1843,#1844,#1845,
    #1846,#1847),.UNSPECIFIED.,.F.,.F.,(6,4,4,4,6),(0.,0.213573193547,
    0.435215661224,0.71156615146,1.),.UNSPECIFIED.);
#1830 = CARTESIAN_POINT('',(2.364565252184,-3.164074299958,13.));
#1831 = CARTESIAN_POINT('',(2.491624114657,-3.130443737876,13.));
#1832 = CARTESIAN_POINT('',(2.617520883758,-3.091142809428,13.));
#1833 = CARTESIAN_POINT('',(2.741928757739,-3.046331190669,13.));
#1834 = CARTESIAN_POINT('',(2.864552993354,-2.996188670901,13.));
#1835 = CARTESIAN_POINT('',(3.110258819272,-2.883537814612,13.));
#1836 = CARTESIAN_POINT('',(3.233182691053,-2.820633826536,13.));
#1837 = CARTESIAN_POINT('',(3.353603222371,-2.752410555213,13.));
#1838 = CARTESIAN_POINT('',(3.471258069566,-2.679097296049,13.));
#1839 = CARTESIAN_POINT('',(3.728873263017,-2.50347104405,13.));
#1840 = CARTESIAN_POINT('',(3.867171167637,-2.398466631913,13.));
#1841 = CARTESIAN_POINT('',(4.000359755317,-2.28637720422,13.));
#1842 = CARTESIAN_POINT('',(4.128063757827,-2.167679917189,13.));
#1843 = CARTESIAN_POINT('',(4.377207463536,-1.912574426024,13.));
#1844 = CARTESIAN_POINT('',(4.498129280219,-1.775618573863,13.));
#1845 = CARTESIAN_POINT('',(4.612380880985,-1.632535635484,13.));
#1846 = CARTESIAN_POINT('',(4.71968229877,-1.483876425174,13.));
#1847 = CARTESIAN_POINT('',(4.819815488441,-1.330184890642,13.));
#1848 = PCURVE('',#649,#1849);
#1849 = DEFINITIONAL_REPRESENTATION('',(#1850),#1869);
#1850 = B_SPLINE_CURVE_WITH_KNOTS('',5,(#1851,#1852,#1853,#1854,#1855,
    #1856,#1857,#1858,#1859,#1860,#1861,#1862,#1863,#1864,#1865,#1866,
    #1867,#1868),.UNSPECIFIED.,.F.,.F.,(6,4,4,4,6),(0.,0.213573193547,
    0.435215661224,0.71156615146,1.),.UNSPECIFIED.);
#1851 = CARTESIAN_POINT('',(1.112455055272,27.705563218291));
#1852 = CARTESIAN_POINT('',(1.060412654739,27.740891997211));
#1853 = CARTESIAN_POINT('',(1.008936564186,27.775836338626));
#1854 = CARTESIAN_POINT('',(0.958005623202,27.810410607081));
#1855 = CARTESIAN_POINT('',(0.907600373388,27.844628011765));
#1856 = CARTESIAN_POINT('',(0.805920081422,27.91365327538));
#1857 = CARTESIAN_POINT('',(0.754684109691,27.948434611478));
#1858 = CARTESIAN_POINT('',(0.703974753816,27.982858456015));
#1859 = CARTESIAN_POINT('',(0.653773453318,28.016937408738));
#1860 = CARTESIAN_POINT('',(0.542082726182,28.092758212792));
#1861 = CARTESIAN_POINT('',(0.480865557441,28.134315242732));
#1862 = CARTESIAN_POINT('',(0.420378239666,28.175376815841));
#1863 = CARTESIAN_POINT('',(0.360590597472,28.215963416813));
#1864 = CARTESIAN_POINT('',(0.239775241242,28.297978436736));
#1865 = CARTESIAN_POINT('',(0.178807526602,28.339366125346));
#1866 = CARTESIAN_POINT('',(0.11854089026,28.380277890169));
#1867 = CARTESIAN_POINT('',(5.894693459623E-02,28.420733009124));
#1868 = CARTESIAN_POINT('',(0.,28.460748901345));
#1869 = ( GEOMETRIC_REPRESENTATION_CONTEXT(2) 
PARAMETRIC_REPRESENTATION_CONTEXT() REPRESENTATION_CONTEXT('2D SPACE',''
  ) );
#1870 = PCURVE('',#1871,#1876);
#1871 = PLANE('',#1872);
#1872 = AXIS2_PLACEMENT_3D('',#1873,#1874,#1875);
#1873 = CARTESIAN_POINT('',(-4.558133775131E-16,-1.70226710729E-17,13.)
  );
#1874 = DIRECTION('',(0.,0.,1.));
#1875 = DIRECTION('',(1.,0.,-0.));
#1876 = DEFINITIONAL_REPRESENTATION('',(#1877),#1896);
#1877 = B_SPLINE_CURVE_WITH_KNOTS('',5,(#1878,#1879,#1880,#1881,#1882,
    #1883,#1884,#1885,#1886,#1887,#1888,#1889,#1890,#1891,#1892,#1893,
    #1894,#1895),.UNSPECIFIED.,.F.,.F.,(6,4,4,4,6),(0.,0.213573193547,
    0.435215661224,0.71156615146,1.),.UNSPECIFIED.);
#1878 = CARTESIAN_POINT('',(2.364565252184,-3.164074299958));
#1879 = CARTESIAN_POINT('',(2.491624114657,-3.130443737876));
#1880 = CARTESIAN_POINT('',(2.617520883758,-3.091142809428));
#1881 = CARTESIAN_POINT('',(2.741928757739,-3.046331190669));
#1882 = CARTESIAN_POINT('',(2.864552993354,-2.996188670901));
#1883 = CARTESIAN_POINT('',(3.110258819272,-2.883537814612));
#1884 = CARTESIAN_POINT('',(3.233182691053,-2.820633826536));
#1885 = CARTESIAN_POINT('',(3.353603222371,-2.752410555213));
#1886 = CARTESIAN_POINT('',(3.471258069566,-2.679097296049));
#1887 = CARTESIAN_POINT('',(3.728873263017,-2.50347104405));
#1888 = CARTESIAN_POINT('',(3.867171167637,-2.398466631913));
#1889 = CARTESIAN_POINT('',(4.000359755317,-2.28637720422));
#1890 = CARTESIAN_POINT('',(4.128063757827,-2.167679917189));
#1891 = CARTESIAN_POINT('',(4.377207463536,-1.912574426024));
#1892 = CARTESIAN_POINT('',(4.498129280219,-1.775618573863));
#1893 = CARTESIAN_POINT('',(4.612380880985,-1.632535635484));
#1894 = CARTESIAN_POINT('',(4.71968229877,-1.483876425174));
#1895 = CARTESIAN_POINT('',(4.819815488441,-1.330184890642));
#1896 = ( GEOMETRIC_REPRESENTATION_CONTEXT(2) 
PARAMETRIC_REPRESENTATION_CONTEXT() REPRESENTATION_CONTEXT('2D SPACE',''
  ) );
#1897 = ADVANCED_FACE('',(#1898),#499,.T.);
#1898 = FACE_BOUND('',#1899,.F.);
#1899 = EDGE_LOOP('',(#1900,#1901,#1902,#2153));
#1900 = ORIENTED_EDGE('',*,*,#1172,.F.);
#1901 = ORIENTED_EDGE('',*,*,#483,.T.);
#1902 = ORIENTED_EDGE('',*,*,#1903,.T.);
#1903 = EDGE_CURVE('',#127,#1904,#1906,.T.);
#1904 = VERTEX_POINT('',#1905);
#1905 = CARTESIAN_POINT('',(4.,0.,8.999999454513));
#1906 = SURFACE_CURVE('',#1907,(#1987,#2070),.PCURVE_S1.);
#1907 = B_SPLINE_CURVE_WITH_KNOTS('',8,(#1908,#1909,#1910,#1911,#1912,
    #1913,#1914,#1915,#1916,#1917,#1918,#1919,#1920,#1921,#1922,#1923,
    #1924,#1925,#1926,#1927,#1928,#1929,#1930,#1931,#1932,#1933,#1934,
    #1935,#1936,#1937,#1938,#1939,#1940,#1941,#1942,#1943,#1944,#1945,
    #1946,#1947,#1948,#1949,#1950,#1951,#1952,#1953,#1954,#1955,#1956,
    #1957,#1958,#1959,#1960,#1961,#1962,#1963,#1964,#1965,#1966,#1967,
    #1968,#1969,#1970,#1971,#1972,#1973,#1974,#1975,#1976,#1977,#1978,
    #1979,#1980,#1981,#1982,#1983,#1984,#1985,#1986),.UNSPECIFIED.,.F.,
  .F.,(9,7,7,7,7,7,7,7,7,7,7,9),(0.,9.944258004649E-02,0.14721533187,
    0.194175504016,0.282230284619,0.391289805758,0.472981475277,
    0.559302424915,0.658605072515,0.769764411779,0.906080514501,1.),
  .UNSPECIFIED.);
#1908 = CARTESIAN_POINT('',(4.,-8.881784197001E-16,5.500003922016));
#1909 = CARTESIAN_POINT('',(4.,0.312370418808,5.543504693973));
#1910 = CARTESIAN_POINT('',(3.972121079876,0.624811976656,5.587014463524
    ));
#1911 = CARTESIAN_POINT('',(3.916342645755,0.934315113524,5.630519296331
    ));
#1912 = CARTESIAN_POINT('',(3.833054114058,1.237976095736,5.674018046038
    ));
#1913 = CARTESIAN_POINT('',(3.722986915841,1.532988395411,5.717516448367
    ));
#1914 = CARTESIAN_POINT('',(3.587189307227,1.816647790416,5.761020720052
    ));
#1915 = CARTESIAN_POINT('',(3.427043985908,2.08637118483,5.804530662621)
  );
#1916 = CARTESIAN_POINT('',(3.156551015387,2.461443682885,5.868930678329
    ));
#1917 = CARTESIAN_POINT('',(3.063553829524,2.579396254328,5.889829739321
    ));
#1918 = CARTESIAN_POINT('',(2.96552639584,2.693323677883,5.910728866862)
  );
#1919 = CARTESIAN_POINT('',(2.862672982831,2.802976262313,5.931628237923
    ));
#1920 = CARTESIAN_POINT('',(2.755211846184,2.908117479619,5.952527892694
    ));
#1921 = CARTESIAN_POINT('',(2.643374871645,3.008523993598,5.973427382546
    ));
#1922 = CARTESIAN_POINT('',(2.527407702359,3.103986048869,5.994325966824
    ));
#1923 = CARTESIAN_POINT('',(2.289771344981,3.283094077525,6.035765300747
    ));
#1924 = CARTESIAN_POINT('',(2.168227574629,3.366917130891,6.056307136778
    ));
#1925 = CARTESIAN_POINT('',(2.043185850065,3.445591200541,6.076848875353
    ));
#1926 = CARTESIAN_POINT('',(1.914901892442,3.518946159015,6.097390670623
    ));
#1927 = CARTESIAN_POINT('',(1.783640060698,3.586827938454,6.11793272013)
  );
#1928 = CARTESIAN_POINT('',(1.649673078604,3.649098537771,6.138475162825
    ));
#1929 = CARTESIAN_POINT('',(1.51328176184,3.705636029819,6.159017977086)
  );
#1930 = CARTESIAN_POINT('',(1.115003438478,3.85139914141,6.218080769422)
  );
#1931 = CARTESIAN_POINT('',(0.847700989436,3.925949801844,6.256607130125
    ));
#1932 = CARTESIAN_POINT('',(0.574791677004,3.979263571762,6.295131815677
    ));
#1933 = CARTESIAN_POINT('',(0.298251352414,4.010868820843,6.333653558856
    ));
#1934 = CARTESIAN_POINT('',(2.007811408936E-02,4.020512517388,
    6.372174837111));
#1935 = CARTESIAN_POINT('',(-0.257714997055,4.008149503551,
    6.410698495697));
#1936 = CARTESIAN_POINT('',(-0.533105282065,3.973953794972,
    6.449224127204));
#1937 = CARTESIAN_POINT('',(-1.139656894203,3.849486642992,
    6.535452934702));
#1938 = CARTESIAN_POINT('',(-1.46861684563,3.747750557248,6.583176509948
    ));
#1939 = CARTESIAN_POINT('',(-1.787022417463,3.613912033277,
    6.630892002581));
#1940 = CARTESIAN_POINT('',(-2.09123375636,3.449302454763,6.678600691978
    ));
#1941 = CARTESIAN_POINT('',(-2.377865926119,3.255697132645,
    6.726309770849));
#1942 = CARTESIAN_POINT('',(-2.643779220437,3.035276226396,
    6.774026174422));
#1943 = CARTESIAN_POINT('',(-2.886109458012,2.790651658207,
    6.821750551257));
#1944 = CARTESIAN_POINT('',(-3.264346552927,2.325917665914,
    6.905195976126));
#1945 = CARTESIAN_POINT('',(-3.411756831111,2.11499078267,6.940936420184
    ));
#1946 = CARTESIAN_POINT('',(-3.543545057139,1.893441367427,
    6.976675155658));
#1947 = CARTESIAN_POINT('',(-3.658828970059,1.662629004725,
    7.012411600597));
#1948 = CARTESIAN_POINT('',(-3.756873495001,1.423984006971,
    7.048147723598));
#1949 = CARTESIAN_POINT('',(-3.837085645012,1.17900044879,7.083885616626
    ));
#1950 = CARTESIAN_POINT('',(-3.899022270198,0.929235096259,7.11962507617
    ));
#1951 = CARTESIAN_POINT('',(-3.988257758662,0.409056805364,
    7.193122393316));
#1952 = CARTESIAN_POINT('',(-4.013405468411,0.138214007769,
    7.230888448647));
#1953 = CARTESIAN_POINT('',(-4.017514692224,-0.134293874227,
    7.268652432509));
#1954 = CARTESIAN_POINT('',(-4.000478735571,-0.40655675955,
    7.306413810321));
#1955 = CARTESIAN_POINT('',(-3.962393423045,-0.676679647797,
    7.344175259315));
#1956 = CARTESIAN_POINT('',(-3.903546599007,-0.942787420056,
    7.381939482802));
#1957 = CARTESIAN_POINT('',(-3.824427006425,-1.203031566325,
    7.419706018519));
#1958 = CARTESIAN_POINT('',(-3.612238554303,-1.7461493841,7.500909046197
    ));
#1959 = CARTESIAN_POINT('',(-3.472803687184,-2.026647648744,
    7.544359804793));
#1960 = CARTESIAN_POINT('',(-3.308519676287,-2.294295347227,
    7.587806568803));
#1961 = CARTESIAN_POINT('',(-3.120799417562,-2.546540415078,
    7.63124818096));
#1962 = CARTESIAN_POINT('',(-2.911337387625,-2.781044461037,
    7.674689783546));
#1963 = CARTESIAN_POINT('',(-2.682084534722,-2.995678355761,
    7.71813652363));
#1964 = CARTESIAN_POINT('',(-2.435257642176,-3.188545957783,
    7.76158725478));
#1965 = CARTESIAN_POINT('',(-1.880240991086,-3.547763028048,
    7.853656049362));
#1966 = CARTESIAN_POINT('',(-1.568069850891,-3.708308911004,
    7.902300157124));
#1967 = CARTESIAN_POINT('',(-1.24040471762,-3.837338900868,7.95093521525
    ));
#1968 = CARTESIAN_POINT('',(-0.900989174059,-3.933167762934,
    7.999562387721));
#1969 = CARTESIAN_POINT('',(-0.553703758164,-3.994644956304,
    8.048189461164));
#1970 = CARTESIAN_POINT('',(-0.202543241499,-4.021116347007,
    8.096824211962));
#1971 = CARTESIAN_POINT('',(0.148387195547,-4.012469273508,
    8.145467751286));
#1972 = CARTESIAN_POINT('',(0.919803927556,-3.916289304166,
    8.253726261704));
#1973 = CARTESIAN_POINT('',(1.338571789119,-3.811282832983,
    8.313404872457));
#1974 = CARTESIAN_POINT('',(1.743230756603,-3.655097248242,
    8.373057839679));
#1975 = CARTESIAN_POINT('',(2.126565937018,-3.450135910628,
    8.432692703059));
#1976 = CARTESIAN_POINT('',(2.481927194938,-3.199786548325,
    8.492327830478));
#1977 = CARTESIAN_POINT('',(2.803298329846,-2.908466515867,
    8.551981482042));
#1978 = CARTESIAN_POINT('',(3.085286961524,-2.581543035567,
    8.611660888395));
#1979 = CARTESIAN_POINT('',(3.487720704052,-1.980617300354,
    8.712378049788));
#1980 = CARTESIAN_POINT('',(3.631250632487,-1.721601196679,
    8.753470486683));
#1981 = CARTESIAN_POINT('',(3.752729820386,-1.450792688259,
    8.794559777871));
#1982 = CARTESIAN_POINT('',(3.851052058162,-1.170396237336,
    8.835645177311));
#1983 = CARTESIAN_POINT('',(3.925379676282,-0.882708031836,
    8.876730701152));
#1984 = CARTESIAN_POINT('',(3.975131387568,-0.590101917592,
    8.917820363297));
#1985 = CARTESIAN_POINT('',(4.,-0.295024583555,8.958913395861));
#1986 = CARTESIAN_POINT('',(4.,4.440892098501E-16,8.999999454513));
#1987 = PCURVE('',#499,#1988);
#1988 = DEFINITIONAL_REPRESENTATION('',(#1989),#2069);
#1989 = B_SPLINE_CURVE_WITH_KNOTS('',8,(#1990,#1991,#1992,#1993,#1994,
    #1995,#1996,#1997,#1998,#1999,#2000,#2001,#2002,#2003,#2004,#2005,
    #2006,#2007,#2008,#2009,#2010,#2011,#2012,#2013,#2014,#2015,#2016,
    #2017,#2018,#2019,#2020,#2021,#2022,#2023,#2024,#2025,#2026,#2027,
    #2028,#2029,#2030,#2031,#2032,#2033,#2034,#2035,#2036,#2037,#2038,
    #2039,#2040,#2041,#2042,#2043,#2044,#2045,#2046,#2047,#2048,#2049,
    #2050,#2051,#2052,#2053,#2054,#2055,#2056,#2057,#2058,#2059,#2060,
    #2061,#2062,#2063,#2064,#2065,#2066,#2067,#2068),.UNSPECIFIED.,.F.,
  .F.,(9,7,7,7,7,7,7,7,7,7,7,9),(0.,9.944258004649E-02,0.14721533187,
    0.194175504016,0.282230284619,0.391289805758,0.472981475277,
    0.559302424915,0.658605072515,0.769764411779,0.906080514501,1.),
  .UNSPECIFIED.);
#1990 = CARTESIAN_POINT('',(0.,-5.500003922016));
#1991 = CARTESIAN_POINT('',(-7.809260470201E-02,-5.543504693973));
#1992 = CARTESIAN_POINT('',(-0.156202599335,-5.587014463524));
#1993 = CARTESIAN_POINT('',(-0.234305120351,-5.630519296331));
#1994 = CARTESIAN_POINT('',(-0.312398190308,-5.674018046038));
#1995 = CARTESIAN_POINT('',(-0.390491289191,-5.717516448367));
#1996 = CARTESIAN_POINT('',(-0.468593895472,-5.761020720052));
#1997 = CARTESIAN_POINT('',(-0.546703996906,-5.804530662621));
#1998 = CARTESIAN_POINT('',(-0.662312664914,-5.868930678329));
#1999 = CARTESIAN_POINT('',(-0.699829232153,-5.889829739321));
#2000 = CARTESIAN_POINT('',(-0.737345676523,-5.910728866862));
#2001 = CARTESIAN_POINT('',(-0.774861946552,-5.931628237923));
#2002 = CARTESIAN_POINT('',(-0.812378263482,-5.952527892694));
#2003 = CARTESIAN_POINT('',(-0.849894823952,-5.973427382546));
#2004 = CARTESIAN_POINT('',(-0.887411477478,-5.994325966824));
#2005 = CARTESIAN_POINT('',(-0.961805161802,-6.035765300747));
#2006 = CARTESIAN_POINT('',(-0.998683797058,-6.056307136778));
#2007 = CARTESIAN_POINT('',(-1.035562421051,-6.076848875353));
#2008 = CARTESIAN_POINT('',(-1.072440807574,-6.097390670623));
#2009 = CARTESIAN_POINT('',(-1.109319091166,-6.11793272013));
#2010 = CARTESIAN_POINT('',(-1.146197490637,-6.138475162825));
#2011 = CARTESIAN_POINT('',(-1.183076032604,-6.159017977086));
#2012 = CARTESIAN_POINT('',(-1.289104480308,-6.218080769422));
#2013 = CARTESIAN_POINT('',(-1.358264704404,-6.256607130125));
#2014 = CARTESIAN_POINT('',(-1.427421015722,-6.295131815677));
#2015 = CARTESIAN_POINT('',(-1.496572145908,-6.333653558856));
#2016 = CARTESIAN_POINT('',(-1.565723242551,-6.372174837111));
#2017 = CARTESIAN_POINT('',(-1.634879563516,-6.410698495697));
#2018 = CARTESIAN_POINT('',(-1.704040112867,-6.449224127204));
#2019 = CARTESIAN_POINT('',(-1.858837748934,-6.535452934702));
#2020 = CARTESIAN_POINT('',(-1.944511708423,-6.583176509948));
#2021 = CARTESIAN_POINT('',(-2.030171492511,-6.630892002581));
#2022 = CARTESIAN_POINT('',(-2.115818706951,-6.678600691978));
#2023 = CARTESIAN_POINT('',(-2.201465975912,-6.726309770849));
#2024 = CARTESIAN_POINT('',(-2.287125895473,-6.774026174421));
#2025 = CARTESIAN_POINT('',(-2.37279994864,-6.821750551257));
#2026 = CARTESIAN_POINT('',(-2.522600020311,-6.905195976126));
#2027 = CARTESIAN_POINT('',(-2.586760820289,-6.940936420184));
#2028 = CARTESIAN_POINT('',(-2.650918717466,-6.976675155658));
#2029 = CARTESIAN_POINT('',(-2.71507277148,-7.012411600597));
#2030 = CARTESIAN_POINT('',(-2.779226564132,-7.048147723598));
#2031 = CARTESIAN_POINT('',(-2.843383825019,-7.083885616626));
#2032 = CARTESIAN_POINT('',(-2.907544100977,-7.11962507617));
#2033 = CARTESIAN_POINT('',(-3.039488319001,-7.193122393316));
#2034 = CARTESIAN_POINT('',(-3.107286987736,-7.230888448647));
#2035 = CARTESIAN_POINT('',(-3.175081914508,-7.268652432509));
#2036 = CARTESIAN_POINT('',(-3.24287197118,-7.306413810321));
#2037 = CARTESIAN_POINT('',(-3.310661814817,-7.344175259315));
#2038 = CARTESIAN_POINT('',(-3.378456207425,-7.381939482802));
#2039 = CARTESIAN_POINT('',(-3.446254303125,-7.419706018519));
#2040 = CARTESIAN_POINT('',(-3.592028294118,-7.500909046197));
#2041 = CARTESIAN_POINT('',(-3.670029674586,-7.544359804793));
#2042 = CARTESIAN_POINT('',(-3.748023432378,-7.587806568803));
#2043 = CARTESIAN_POINT('',(-3.826007697804,-7.63124818096));
#2044 = CARTESIAN_POINT('',(-3.903991970736,-7.674689783546));
#2045 = CARTESIAN_POINT('',(-3.981985748782,-7.71813652363));
#2046 = CARTESIAN_POINT('',(-4.059987156136,-7.76158725478));
#2047 = CARTESIAN_POINT('',(-4.225267294567,-7.853656049362));
#2048 = CARTESIAN_POINT('',(-4.312592912632,-7.902300157124));
#2049 = CARTESIAN_POINT('',(-4.399903012797,-7.95093521525));
#2050 = CARTESIAN_POINT('',(-4.487199599381,-7.999562387721));
#2051 = CARTESIAN_POINT('',(-4.57449635738,-8.048189461164));
#2052 = CARTESIAN_POINT('',(-4.661806884465,-8.096824211962));
#2053 = CARTESIAN_POINT('',(-4.749132913069,-8.145467751286));
#2054 = CARTESIAN_POINT('',(-4.943480276205,-8.253726261704));
#2055 = CARTESIAN_POINT('',(-5.050615660774,-8.313404872457));
#2056 = CARTESIAN_POINT('',(-5.157704212949,-8.37305783968));
#2057 = CARTESIAN_POINT('',(-5.264759574215,-8.432692703058));
#2058 = CARTESIAN_POINT('',(-5.371815322399,-8.492327830479));
#2059 = CARTESIAN_POINT('',(-5.478904912215,-8.551981482042));
#2060 = CARTESIAN_POINT('',(-5.58604137842,-8.611660888395));
#2061 = CARTESIAN_POINT('',(-5.766849400982,-8.712378049788));
#2062 = CARTESIAN_POINT('',(-5.840618938621,-8.753470486683));
#2063 = CARTESIAN_POINT('',(-5.914382903978,-8.794559777871));
#2064 = CARTESIAN_POINT('',(-5.988139756509,-8.835645177311));
#2065 = CARTESIAN_POINT('',(-6.061896474145,-8.876730701152));
#2066 = CARTESIAN_POINT('',(-6.135660083488,-8.917820363297));
#2067 = CARTESIAN_POINT('',(-6.209429161291,-8.958913395861));
#2068 = CARTESIAN_POINT('',(-6.28318530718,-8.999999454513));
#2069 = ( GEOMETRIC_REPRESENTATION_CONTEXT(2) 
PARAMETRIC_REPRESENTATION_CONTEXT() REPRESENTATION_CONTEXT('2D SPACE',''
  ) );
#2070 = PCURVE('',#308,#2071);
#2071 = DEFINITIONAL_REPRESENTATION('',(#2072),#2152);
#2072 = B_SPLINE_CURVE_WITH_KNOTS('',8,(#2073,#2074,#2075,#2076,#2077,
    #2078,#2079,#2080,#2081,#2082,#2083,#2084,#2085,#2086,#2087,#2088,
    #2089,#2090,#2091,#2092,#2093,#2094,#2095,#2096,#2097,#2098,#2099,
    #2100,#2101,#2102,#2103,#2104,#2105,#2106,#2107,#2108,#2109,#2110,
    #2111,#2112,#2113,#2114,#2115,#2116,#2117,#2118,#2119,#2120,#2121,
    #2122,#2123,#2124,#2125,#2126,#2127,#2128,#2129,#2130,#2131,#2132,
    #2133,#2134,#2135,#2136,#2137,#2138,#2139,#2140,#2141,#2142,#2143,
    #2144,#2145,#2146,#2147,#2148,#2149,#2150,#2151),.UNSPECIFIED.,.F.,
  .F.,(9,7,7,7,7,7,7,7,7,7,7,9),(0.,9.944258004649E-02,0.14721533187,
    0.194175504016,0.282230284619,0.391289805758,0.472981475277,
    0.559302424915,0.658605072515,0.769764411779,0.906080514501,1.),
  .UNSPECIFIED.);
#2073 = CARTESIAN_POINT('',(5.298269604702E-02,14.384496456258));
#2074 = CARTESIAN_POINT('',(5.298267036969E-02,14.473887431167));
#2075 = CARTESIAN_POINT('',(5.298108638521E-02,14.563297947948));
#2076 = CARTESIAN_POINT('',(5.297765576972E-02,14.652699562153));
#2077 = CARTESIAN_POINT('',(5.297186143956E-02,14.742090263333));
#2078 = CARTESIAN_POINT('',(5.296459114773E-02,14.831481228309));
#2079 = CARTESIAN_POINT('',(5.295831791411E-02,14.920883549606));
#2080 = CARTESIAN_POINT('',(5.295582728938E-02,15.010294939052));
#2081 = CARTESIAN_POINT('',(5.295829092572E-02,15.142630549692));
#2082 = CARTESIAN_POINT('',(5.296023031166E-02,15.185575252792));
#2083 = CARTESIAN_POINT('',(5.296257409602E-02,15.228519873886));
#2084 = CARTESIAN_POINT('',(5.296602705362E-02,15.271464232606));
#2085 = CARTESIAN_POINT('',(5.297041282888E-02,15.314408524084));
#2086 = CARTESIAN_POINT('',(5.297406383375E-02,15.357353046299));
#2087 = CARTESIAN_POINT('',(5.2974922463E-02,15.400297740855));
#2088 = CARTESIAN_POINT('',(5.297181147585E-02,15.485454910693));
#2089 = CARTESIAN_POINT('',(5.296843814764E-02,15.527669247194));
#2090 = CARTESIAN_POINT('',(5.296464147652E-02,15.569883634572));
#2091 = CARTESIAN_POINT('',(5.296127800929E-02,15.612097819937));
#2092 = CARTESIAN_POINT('',(5.295877826472E-02,15.654311925677));
#2093 = CARTESIAN_POINT('',(5.295727199276E-02,15.69652615552));
#2094 = CARTESIAN_POINT('',(5.295671343387E-02,15.738740500584));
#2095 = CARTESIAN_POINT('',(5.29575562516E-02,15.8601095993));
#2096 = CARTESIAN_POINT('',(5.296109630091E-02,15.939276012804));
#2097 = CARTESIAN_POINT('',(5.296673267703E-02,16.018437576187));
#2098 = CARTESIAN_POINT('',(5.297269067026E-02,16.097592895367));
#2099 = CARTESIAN_POINT('',(5.297752196854E-02,16.176748042159));
#2100 = CARTESIAN_POINT('',(5.298065573894E-02,16.255909246339));
#2101 = CARTESIAN_POINT('',(5.298229373222E-02,16.335075529557));
#2102 = CARTESIAN_POINT('',(5.298308993313E-02,16.512268983276));
#2103 = CARTESIAN_POINT('',(5.298160056818E-02,16.610338515251));
#2104 = CARTESIAN_POINT('',(5.297874805814E-02,16.708392363905));
#2105 = CARTESIAN_POINT('',(5.297583051422E-02,16.80643227112));
#2106 = CARTESIAN_POINT('',(5.297377147525E-02,16.904472388289));
#2107 = CARTESIAN_POINT('',(5.29727920834E-02,17.00252681728));
#2108 = CARTESIAN_POINT('',(5.297259907489E-02,17.100597091448));
#2109 = CARTESIAN_POINT('',(5.297299647556E-02,17.272071129236));
#2110 = CARTESIAN_POINT('',(5.297340062917E-02,17.345514878243));
#2111 = CARTESIAN_POINT('',(5.297388119945E-02,17.418955063222));
#2112 = CARTESIAN_POINT('',(5.297423370423E-02,17.492390628039));
#2113 = CARTESIAN_POINT('',(5.29742982024E-02,17.565825727388));
#2114 = CARTESIAN_POINT('',(5.29740082881E-02,17.639264705751));
#2115 = CARTESIAN_POINT('',(5.297339760092E-02,17.712707122394));
#2116 = CARTESIAN_POINT('',(5.297168285649E-02,17.863739955643));
#2117 = CARTESIAN_POINT('',(5.297055393018E-02,17.941347235044));
#2118 = CARTESIAN_POINT('',(5.296928506463E-02,18.01895035454));
#2119 = CARTESIAN_POINT('',(5.296808278281E-02,18.096548075209));
#2120 = CARTESIAN_POINT('',(5.296717133645E-02,18.174145745936));
#2121 = CARTESIAN_POINT('',(5.296673073473E-02,18.251748799117));
#2122 = CARTESIAN_POINT('',(5.296685360439E-02,18.329356221433));
#2123 = CARTESIAN_POINT('',(5.296828850887E-02,18.496221609227));
#2124 = CARTESIAN_POINT('',(5.296977526105E-02,18.585508772924));
#2125 = CARTESIAN_POINT('',(5.29719742665E-02,18.674787243542));
#2126 = CARTESIAN_POINT('',(5.297466972127E-02,18.764054788974));
#2127 = CARTESIAN_POINT('',(5.297750464013E-02,18.853322218366));
#2128 = CARTESIAN_POINT('',(5.298007061066E-02,18.942600385947));
#2129 = CARTESIAN_POINT('',(5.298201955028E-02,19.031887172585));
#2130 = CARTESIAN_POINT('',(5.298451602416E-02,19.221080189872));
#2131 = CARTESIAN_POINT('',(5.298486462507E-02,19.321040074614));
#2132 = CARTESIAN_POINT('',(5.298400880369E-02,19.420982180507));
#2133 = CARTESIAN_POINT('',(5.29819427811E-02,19.520908904278));
#2134 = CARTESIAN_POINT('',(5.29790340418E-02,19.620835998245));
#2135 = CARTESIAN_POINT('',(5.297586787432E-02,19.720779045455));
#2136 = CARTESIAN_POINT('',(5.297298777645E-02,19.820739960257));
#2137 = CARTESIAN_POINT('',(5.296795597551E-02,20.043206798539));
#2138 = CARTESIAN_POINT('',(5.296611444276E-02,20.165843287124));
#2139 = CARTESIAN_POINT('',(5.296582609579E-02,20.288426027097));
#2140 = CARTESIAN_POINT('',(5.296727532316E-02,20.410970384927));
#2141 = CARTESIAN_POINT('',(5.296976697383E-02,20.533514574691));
#2142 = CARTESIAN_POINT('',(5.297199137616E-02,20.656097006591));
#2143 = CARTESIAN_POINT('',(5.297334344369E-02,20.77873294986));
#2144 = CARTESIAN_POINT('',(5.29742046292E-02,20.98569883771));
#2145 = CARTESIAN_POINT('',(5.297415999168E-02,21.070140848291));
#2146 = CARTESIAN_POINT('',(5.297371526582E-02,21.154576665346));
#2147 = CARTESIAN_POINT('',(5.297305102626E-02,21.239004634243));
#2148 = CARTESIAN_POINT('',(5.29724763525E-02,21.323432799444));
#2149 = CARTESIAN_POINT('',(5.297232882847E-02,21.407869181583));
#2150 = CARTESIAN_POINT('',(5.297283076083E-02,21.492312053021));
#2151 = CARTESIAN_POINT('',(5.297390161597E-02,21.576740211877));
#2152 = ( GEOMETRIC_REPRESENTATION_CONTEXT(2) 
PARAMETRIC_REPRESENTATION_CONTEXT() REPRESENTATION_CONTEXT('2D SPACE',''
  ) );
#2153 = ORIENTED_EDGE('',*,*,#2154,.F.);
#2154 = EDGE_CURVE('',#1173,#1904,#2155,.T.);
#2155 = SURFACE_CURVE('',#2156,(#2160,#2167),.PCURVE_S1.);
#2156 = LINE('',#2157,#2158);
#2157 = CARTESIAN_POINT('',(4.,0.,0.));
#2158 = VECTOR('',#2159,1.);
#2159 = DIRECTION('',(0.,0.,1.));
#2160 = PCURVE('',#499,#2161);
#2161 = DEFINITIONAL_REPRESENTATION('',(#2162),#2166);
#2162 = LINE('',#2163,#2164);
#2163 = CARTESIAN_POINT('',(-6.28318530718,0.));
#2164 = VECTOR('',#2165,1.);
#2165 = DIRECTION('',(-0.,-1.));
#2166 = ( GEOMETRIC_REPRESENTATION_CONTEXT(2) 
PARAMETRIC_REPRESENTATION_CONTEXT() REPRESENTATION_CONTEXT('2D SPACE',''
  ) );
#2167 = PCURVE('',#1591,#2168);
#2168 = DEFINITIONAL_REPRESENTATION('',(#2169),#2173);
#2169 = LINE('',#2170,#2171);
#2170 = CARTESIAN_POINT('',(-0.,0.));
#2171 = VECTOR('',#2172,1.);
#2172 = DIRECTION('',(-0.,-1.));
#2173 = ( GEOMETRIC_REPRESENTATION_CONTEXT(2) 
PARAMETRIC_REPRESENTATION_CONTEXT() REPRESENTATION_CONTEXT('2D SPACE',''
  ) );
#2174 = ADVANCED_FACE('',(#2175),#308,.F.);
#2175 = FACE_BOUND('',#2176,.F.);
#2176 = EDGE_LOOP('',(#2177,#2321,#2322,#2383,#2451,#2501,#2750,#2751));
#2177 = ORIENTED_EDGE('',*,*,#2178,.F.);
#2178 = EDGE_CURVE('',#807,#99,#2179,.T.);
#2179 = SURFACE_CURVE('',#2180,(#2225,#2273),.PCURVE_S1.);
#2180 = B_SPLINE_CURVE_WITH_KNOTS('',8,(#2181,#2182,#2183,#2184,#2185,
    #2186,#2187,#2188,#2189,#2190,#2191,#2192,#2193,#2194,#2195,#2196,
    #2197,#2198,#2199,#2200,#2201,#2202,#2203,#2204,#2205,#2206,#2207,
    #2208,#2209,#2210,#2211,#2212,#2213,#2214,#2215,#2216,#2217,#2218,
    #2219,#2220,#2221,#2222,#2223,#2224),.UNSPECIFIED.,.F.,.F.,(9,7,7,7,
    7,7,9),(0.,0.183468949894,0.354545510692,0.61096773424,
    0.730767607525,0.878002224677,1.),.UNSPECIFIED.);
#2181 = CARTESIAN_POINT('',(-3.603881550813,1.735522332818,
    -5.99999999967E-07));
#2182 = CARTESIAN_POINT('',(-3.746763864085,1.438821495084,
    4.5860319179E-02));
#2183 = CARTESIAN_POINT('',(-3.861769323566,1.128593922999,
    9.173400124229E-02));
#2184 = CARTESIAN_POINT('',(-3.947336599544,0.808017812778,
    0.137602368089));
#2185 = CARTESIAN_POINT('',(-4.002426534215,0.480367810878,
    0.183463843081));
#2186 = CARTESIAN_POINT('',(-4.026432840757,0.14898729842,0.229325138935
    ));
#2187 = CARTESIAN_POINT('',(-4.019153588791,-0.182731985882,
    0.275193030901));
#2188 = CARTESIAN_POINT('',(-3.980823476237,-0.511362984272,
    0.32106611522));
#2189 = CARTESIAN_POINT('',(-3.848224998468,-1.1337797915,0.409689352542
    ));
#2190 = CARTESIAN_POINT('',(-3.757880488389,-1.428558565156,
    0.452460429848));
#2191 = CARTESIAN_POINT('',(-3.641750244952,-1.714990706255,
    0.495227328577));
#2192 = CARTESIAN_POINT('',(-3.500763849164,-1.990454926183,
    0.537989257393));
#2193 = CARTESIAN_POINT('',(-3.336144637321,-2.25248346668,
    0.580751289869));
#2194 = CARTESIAN_POINT('',(-3.149386817474,-2.498762093493,
    0.623518457058));
#2195 = CARTESIAN_POINT('',(-2.942268640449,-2.727149899413,
    0.666289732586));
#2196 = CARTESIAN_POINT('',(-2.379104846932,-3.248337611655,
    0.77314703026));
#2197 = CARTESIAN_POINT('',(-1.999845345313,-3.516861397862,
    0.837309317523));
#2198 = CARTESIAN_POINT('',(-1.586348307813,-3.734305136178,
    0.901433823537));
#2199 = CARTESIAN_POINT('',(-1.146782388346,-3.895886891186,
    0.965533675034));
#2200 = CARTESIAN_POINT('',(-0.689774154453,-3.998218882453,
    1.029633566863));
#2201 = CARTESIAN_POINT('',(-0.224410962422,-4.039472727128,
    1.093758233618));
#2202 = CARTESIAN_POINT('',(0.239847403718,-4.019242476518,
    1.157920701616));
#2203 = CARTESIAN_POINT('',(0.904919975076,-3.902224782433,
    1.251961109471));
#2204 = CARTESIAN_POINT('',(1.11442291716,-3.851949395859,1.281908226794
    ));
#2205 = CARTESIAN_POINT('',(1.320699594539,-3.788824700344,
    1.311854876051));
#2206 = CARTESIAN_POINT('',(1.52282996645,-3.713098294419,1.34180074875)
  );
#2207 = CARTESIAN_POINT('',(1.719923770378,-3.62509320654,1.371746630695
    ));
#2208 = CARTESIAN_POINT('',(1.911121037053,-3.525204672194,
    1.401693375728));
#2209 = CARTESIAN_POINT('',(2.095594384494,-3.413901558838,
    1.431640880975));
#2210 = CARTESIAN_POINT('',(2.490036187777,-3.141586005856,
    1.498391065219));
#2211 = CARTESIAN_POINT('',(2.696207010307,-2.975000525001,
    1.535199450054));
#2212 = CARTESIAN_POINT('',(2.88957703172,-2.792994418739,1.572006158256
    ));
#2213 = CARTESIAN_POINT('',(3.068810086069,-2.596728222071,
    1.608810653191));
#2214 = CARTESIAN_POINT('',(3.232706460754,-2.387484529736,1.64561511888
    ));
#2215 = CARTESIAN_POINT('',(3.380199761326,-2.166658762417,
    1.682421692022));
#2216 = CARTESIAN_POINT('',(3.510366548815,-1.935760751809,
    1.719229728591));
#2217 = CARTESIAN_POINT('',(3.715319430445,-1.498116664258,
    1.786528175609));
#2218 = CARTESIAN_POINT('',(3.795789011278,-1.293982176043,
    1.817024962687));
#2219 = CARTESIAN_POINT('',(3.863422357532,-1.084945358448,
    1.847520843252));
#2220 = CARTESIAN_POINT('',(3.917876806831,-0.871952005178,
    1.878015495902));
#2221 = CARTESIAN_POINT('',(3.958894311354,-0.655968281537,
    1.908509841323));
#2222 = CARTESIAN_POINT('',(3.986298977139,-0.437978284406,
    1.939004938931));
#2223 = CARTESIAN_POINT('',(4.000000000274,-0.218982905802,
    1.969500839633));
#2224 = CARTESIAN_POINT('',(4.,-4.440892098501E-16,1.999995394726));
#2225 = PCURVE('',#308,#2226);
#2226 = DEFINITIONAL_REPRESENTATION('',(#2227),#2272);
#2227 = B_SPLINE_CURVE_WITH_KNOTS('',8,(#2228,#2229,#2230,#2231,#2232,
    #2233,#2234,#2235,#2236,#2237,#2238,#2239,#2240,#2241,#2242,#2243,
    #2244,#2245,#2246,#2247,#2248,#2249,#2250,#2251,#2252,#2253,#2254,
    #2255,#2256,#2257,#2258,#2259,#2260,#2261,#2262,#2263,#2264,#2265,
    #2266,#2267,#2268,#2269,#2270,#2271),.UNSPECIFIED.,.F.,.F.,(9,7,7,7,
    7,7,9),(0.,0.183468949894,0.354545510692,0.61096773424,
    0.730767607525,0.878002224677,1.),.UNSPECIFIED.);
#2228 = CARTESIAN_POINT('',(5.296857722453E-02,3.082394194984));
#2229 = CARTESIAN_POINT('',(5.297002133759E-02,3.176634093518));
#2230 = CARTESIAN_POINT('',(5.297218999421E-02,3.270899726177));
#2231 = CARTESIAN_POINT('',(5.297499867061E-02,3.365154000445));
#2232 = CARTESIAN_POINT('',(5.297804150904E-02,3.459393951613));
#2233 = CARTESIAN_POINT('',(5.298081574276E-02,3.553633715184));
#2234 = CARTESIAN_POINT('',(5.298288854672E-02,3.647887508035));
#2235 = CARTESIAN_POINT('',(5.298400631391E-02,3.742152618353));
#2236 = CARTESIAN_POINT('',(5.298427694172E-02,3.924266774794));
#2237 = CARTESIAN_POINT('',(5.298356095014E-02,4.012158729828));
#2238 = CARTESIAN_POINT('',(5.298196883697E-02,4.100042693398));
#2239 = CARTESIAN_POINT('',(5.297966603083E-02,4.187916927633));
#2240 = CARTESIAN_POINT('',(5.297696638877E-02,4.27579164572));
#2241 = CARTESIAN_POINT('',(5.297425654749E-02,4.363676923799));
#2242 = CARTESIAN_POINT('',(5.297189117193E-02,4.451570411848));
#2243 = CARTESIAN_POINT('',(5.296731305743E-02,4.67115755198));
#2244 = CARTESIAN_POINT('',(5.296576875999E-02,4.803007470945));
#2245 = CARTESIAN_POINT('',(5.296610548393E-02,4.934778476361));
#2246 = CARTESIAN_POINT('',(5.29683750429E-02,5.066497504995));
#2247 = CARTESIAN_POINT('',(5.297136943428E-02,5.198216119834));
#2248 = CARTESIAN_POINT('',(5.297338116123E-02,5.329986305696));
#2249 = CARTESIAN_POINT('',(5.297411579672E-02,5.461835031894));
#2250 = CARTESIAN_POINT('',(5.297398821116E-02,5.655081343014));
#2251 = CARTESIAN_POINT('',(5.297376894493E-02,5.716620647724));
#2252 = CARTESIAN_POINT('',(5.297341648467E-02,5.77815908092));
#2253 = CARTESIAN_POINT('',(5.297301943076E-02,5.839695948977));
#2254 = CARTESIAN_POINT('',(5.297269219204E-02,5.901232789525));
#2255 = CARTESIAN_POINT('',(5.297255141204E-02,5.962771278512));
#2256 = CARTESIAN_POINT('',(5.297268616829E-02,6.024311144543));
#2257 = CARTESIAN_POINT('',(5.297365751584E-02,6.161477291372));
#2258 = CARTESIAN_POINT('',(5.297464916251E-02,6.237115193127));
#2259 = CARTESIAN_POINT('',(5.297614529655E-02,6.312749310888));
#2260 = CARTESIAN_POINT('',(5.297807551279E-02,6.388378589918));
#2261 = CARTESIAN_POINT('',(5.298015732E-02,6.464007709392));
#2262 = CARTESIAN_POINT('',(5.298192187736E-02,6.539641376683));
#2263 = CARTESIAN_POINT('',(5.298285873654E-02,6.615278612168));
#2264 = CARTESIAN_POINT('',(5.298253114871E-02,6.753572301523));
#2265 = CARTESIAN_POINT('',(5.298160174618E-02,6.816241623116));
#2266 = CARTESIAN_POINT('',(5.2979782131E-02,6.878909707888));
#2267 = CARTESIAN_POINT('',(5.297693505292E-02,6.941575948881));
#2268 = CARTESIAN_POINT('',(5.297317198958E-02,7.004242144993));
#2269 = CARTESIAN_POINT('',(5.296893930474E-02,7.066910201593));
#2270 = CARTESIAN_POINT('',(5.296491383735E-02,7.1295798004));
#2271 = CARTESIAN_POINT('',(5.296170792135E-02,7.192246038626));
#2272 = ( GEOMETRIC_REPRESENTATION_CONTEXT(2) 
PARAMETRIC_REPRESENTATION_CONTEXT() REPRESENTATION_CONTEXT('2D SPACE',''
  ) );
#2273 = PCURVE('',#114,#2274);
#2274 = DEFINITIONAL_REPRESENTATION('',(#2275),#2320);
#2275 = B_SPLINE_CURVE_WITH_KNOTS('',8,(#2276,#2277,#2278,#2279,#2280,
    #2281,#2282,#2283,#2284,#2285,#2286,#2287,#2288,#2289,#2290,#2291,
    #2292,#2293,#2294,#2295,#2296,#2297,#2298,#2299,#2300,#2301,#2302,
    #2303,#2304,#2305,#2306,#2307,#2308,#2309,#2310,#2311,#2312,#2313,
    #2314,#2315,#2316,#2317,#2318,#2319),.UNSPECIFIED.,.F.,.F.,(9,7,7,7,
    7,7,9),(0.,0.183468949894,0.354545510692,0.61096773424,
    0.730767607525,0.878002224677,1.),.UNSPECIFIED.);
#2276 = CARTESIAN_POINT('',(-2.692797205873,5.999999999062E-07));
#2277 = CARTESIAN_POINT('',(-2.775125338428,-4.5860319179E-02));
#2278 = CARTESIAN_POINT('',(-2.857475892608,-9.173400124229E-02));
#2279 = CARTESIAN_POINT('',(-2.939816572236,-0.137602368089));
#2280 = CARTESIAN_POINT('',(-3.022144853109,-0.183463843081));
#2281 = CARTESIAN_POINT('',(-3.104473108046,-0.229325138935));
#2282 = CARTESIAN_POINT('',(-3.186813742281,-0.275193030901));
#2283 = CARTESIAN_POINT('',(-3.269164339205,-0.32106611522));
#2284 = CARTESIAN_POINT('',(-3.428260426175,-0.409689352542));
#2285 = CARTESIAN_POINT('',(-3.505043403824,-0.452460429847));
#2286 = CARTESIAN_POINT('',(-3.581819358814,-0.495227328577));
#2287 = CARTESIAN_POINT('',(-3.658586719366,-0.537989257393));
#2288 = CARTESIAN_POINT('',(-3.735354379648,-0.580751289869));
#2289 = CARTESIAN_POINT('',(-3.81213115363,-0.623518457058));
#2290 = CARTESIAN_POINT('',(-3.888915035635,-0.666289732586));
#2291 = CARTESIAN_POINT('',(-4.080746682157,-0.77314703026));
#2292 = CARTESIAN_POINT('',(-4.195930958014,-0.837309317523));
#2293 = CARTESIAN_POINT('',(-4.311046496921,-0.901433823537));
#2294 = CARTESIAN_POINT('',(-4.426117097809,-0.965533675034));
#2295 = CARTESIAN_POINT('',(-4.541188006749,-1.029633566862));
#2296 = CARTESIAN_POINT('',(-4.65630436005,-1.093758233618));
#2297 = CARTESIAN_POINT('',(-4.77148926054,-1.157920701616));
#2298 = CARTESIAN_POINT('',(-4.94031140547,-1.251961109471));
#2299 = CARTESIAN_POINT('',(-4.994072750464,-1.281908226794));
#2300 = CARTESIAN_POINT('',(-5.047833220893,-1.311854876051));
#2301 = CARTESIAN_POINT('',(-5.10159218487,-1.34180074875));
#2302 = CARTESIAN_POINT('',(-5.155350973734,-1.371746630695));
#2303 = CARTESIAN_POINT('',(-5.209111057853,-1.401693375728));
#2304 = CARTESIAN_POINT('',(-5.26287222443,-1.431640880975));
#2305 = CARTESIAN_POINT('',(-5.382700251352,-1.498391065219));
#2306 = CARTESIAN_POINT('',(-5.448777222299,-1.535199450054));
#2307 = CARTESIAN_POINT('',(-5.514850829012,-1.572006158256));
#2308 = CARTESIAN_POINT('',(-5.580920255176,-1.608810653191));
#2309 = CARTESIAN_POINT('',(-5.646989697955,-1.64561511888));
#2310 = CARTESIAN_POINT('',(-5.713063352978,-1.682421692022));
#2311 = CARTESIAN_POINT('',(-5.779140395694,-1.719229728591));
#2312 = CARTESIAN_POINT('',(-5.899954827535,-1.786528175609));
#2313 = CARTESIAN_POINT('',(-5.954703388843,-1.817024962687));
#2314 = CARTESIAN_POINT('',(-6.009451001378,-1.847520843252));
#2315 = CARTESIAN_POINT('',(-6.06419709155,-1.878015495902));
#2316 = CARTESIAN_POINT('',(-6.118943157508,-1.908509841323));
#2317 = CARTESIAN_POINT('',(-6.173690771477,-1.939004938931));
#2318 = CARTESIAN_POINT('',(-6.228439580729,-1.969500839633));
#2319 = CARTESIAN_POINT('',(-6.28318530718,-1.999995394726));
#2320 = ( GEOMETRIC_REPRESENTATION_CONTEXT(2) 
PARAMETRIC_REPRESENTATION_CONTEXT() REPRESENTATION_CONTEXT('2D SPACE',''
  ) );
#2321 = ORIENTED_EDGE('',*,*,#1040,.F.);
#2322 = ORIENTED_EDGE('',*,*,#2323,.T.);
#2323 = EDGE_CURVE('',#900,#2324,#2326,.T.);
#2324 = VERTEX_POINT('',#2325);
#2325 = CARTESIAN_POINT('',(4.819813011116,1.330195141932,13.));
#2326 = SURFACE_CURVE('',#2327,(#2370,#2377),.PCURVE_S1.);
#2327 = B_SPLINE_CURVE_WITH_KNOTS('',11,(#2328,#2329,#2330,#2331,#2332,
    #2333,#2334,#2335,#2336,#2337,#2338,#2339,#2340,#2341,#2342,#2343,
    #2344,#2345,#2346,#2347,#2348,#2349,#2350,#2351,#2352,#2353,#2354,
    #2355,#2356,#2357,#2358,#2359,#2360,#2361,#2362,#2363,#2364,#2365,
    #2366,#2367,#2368,#2369),.UNSPECIFIED.,.F.,.F.,(12,10,10,10,12),(0.,
    7.705978980364,15.411957960729,23.117936941093,30.823915921458),
  .UNSPECIFIED.);
#2328 = CARTESIAN_POINT('',(5.,-4.440892098501E-15,-1.15));
#2329 = CARTESIAN_POINT('',(5.000000406255,3.059996453207,
    -0.809089554101));
#2330 = CARTESIAN_POINT('',(2.940884310698,6.120004903811,-0.46818746137
    ));
#2331 = CARTESIAN_POINT('',(-1.185757208723,7.639174316725,
    -0.127257949113));
#2332 = CARTESIAN_POINT('',(-6.042903382918,6.074985996864,
    0.213610063269));
#2333 = CARTESIAN_POINT('',(-9.165287644912,1.147446332093,
    0.554580327049));
#2334 = CARTESIAN_POINT('',(-7.759808246797,-5.010490426798,
    0.895419847538));
#2335 = CARTESIAN_POINT('',(-2.808610806389,-8.095283419355,
    1.236389895741));
#2336 = CARTESIAN_POINT('',(2.246173513619,-7.397143419759,1.57725825414
    ));
#2337 = CARTESIAN_POINT('',(5.305019101456,-4.237930385838,
    1.918187408916));
#2338 = CARTESIAN_POINT('',(5.832526744521,-0.587543019756,
    2.259089780428));
#2339 = CARTESIAN_POINT('',(3.17716196846,4.926380411507,2.940910332214)
  );
#2340 = CARTESIAN_POINT('',(-5.725347484338E-03,6.789935771718,
    3.281812722906));
#2341 = CARTESIAN_POINT('',(-4.38284392032,6.368177463203,3.622741805278
    ));
#2342 = CARTESIAN_POINT('',(-8.080305377087,2.851455742571,
    3.963610335405));
#2343 = CARTESIAN_POINT('',(-8.755497214205,-2.942855851898,
    4.304580075875));
#2344 = CARTESIAN_POINT('',(-4.817375272187,-7.881150503493,
    4.645420039382));
#2345 = CARTESIAN_POINT('',(0.98194090466,-8.512208896652,4.986389776655
    ));
#2346 = CARTESIAN_POINT('',(5.23323267087,-5.690017769552,5.327258311913
    ));
#2347 = CARTESIAN_POINT('',(6.618426129946,-1.516481818232,
    5.668187388984));
#2348 = CARTESIAN_POINT('',(5.509850381352,2.00128054307,6.00908978381)
  );
#2349 = CARTESIAN_POINT('',(0.725047668092,5.817034296878,6.690910330553
    ));
#2350 = CARTESIAN_POINT('',(-2.951201080019,6.115036610116,
    7.031812725386));
#2351 = CARTESIAN_POINT('',(-6.711854575259,3.835884931772,
    7.372741802435));
#2352 = CARTESIAN_POINT('',(-8.517303866258,-0.936840258532,
    7.713610337735));
#2353 = CARTESIAN_POINT('',(-6.611573113313,-6.45028937348,
    8.054580074951));
#2354 = CARTESIAN_POINT('',(-0.920802095535,-9.190852043981,
    8.395420038517));
#2355 = CARTESIAN_POINT('',(4.57800720909,-7.243187020281,8.736389778939
    ));
#2356 = CARTESIAN_POINT('',(7.183785900538,-2.855914310529,
    9.077258309096));
#2357 = CARTESIAN_POINT('',(6.620972699227,1.505324570322,9.418187391455
    ));
#2358 = CARTESIAN_POINT('',(4.095880575284,4.193725950092,9.75908978215)
  );
#2359 = CARTESIAN_POINT('',(-1.870671214458,5.555553199459,
    10.440910333938));
#2360 = CARTESIAN_POINT('',(-5.312155246171,4.228979445388,
    10.781812705441));
#2361 = CARTESIAN_POINT('',(-7.711500112547,0.5438483649,11.122741860234
    ));
#2362 = CARTESIAN_POINT('',(-7.267345873153,-4.539583597114,
    11.463610218616));
#2363 = CARTESIAN_POINT('',(-3.158145862311,-8.680163911841,
    11.804580266827));
#2364 = CARTESIAN_POINT('',(3.15814721731,-8.680192704328,
    12.145419787318));
#2365 = CARTESIAN_POINT('',(7.267343052507,-4.539563029843,
    12.486390051091));
#2366 = CARTESIAN_POINT('',(7.711502218348,0.543837919331,
    12.827258063481));
#2367 = CARTESIAN_POINT('',(5.312154432603,4.228983029072,
    13.168187575731));
#2368 = CARTESIAN_POINT('',(1.870671383658,5.555552461182,
    13.509089668467));
#2369 = CARTESIAN_POINT('',(-1.112604663614,4.874639597508,
    13.850000114363));
#2370 = PCURVE('',#308,#2371);
#2371 = DEFINITIONAL_REPRESENTATION('',(#2372),#2376);
#2372 = LINE('',#2373,#2374);
#2373 = CARTESIAN_POINT('',(1.112455055272,0.));
#2374 = VECTOR('',#2375,1.);
#2375 = DIRECTION('',(0.,1.));
#2376 = ( GEOMETRIC_REPRESENTATION_CONTEXT(2) 
PARAMETRIC_REPRESENTATION_CONTEXT() REPRESENTATION_CONTEXT('2D SPACE',''
  ) );
#2377 = PCURVE('',#937,#2378);
#2378 = DEFINITIONAL_REPRESENTATION('',(#2379),#2382);
#2379 = B_SPLINE_CURVE_WITH_KNOTS('',1,(#2380,#2381),.UNSPECIFIED.,.F.,
  .F.,(2,2),(0.,30.823915921458),.PIECEWISE_BEZIER_KNOTS.);
#2380 = CARTESIAN_POINT('',(0.,0.));
#2381 = CARTESIAN_POINT('',(0.,30.823915921458));
#2382 = ( GEOMETRIC_REPRESENTATION_CONTEXT(2) 
PARAMETRIC_REPRESENTATION_CONTEXT() REPRESENTATION_CONTEXT('2D SPACE',''
  ) );
#2383 = ORIENTED_EDGE('',*,*,#2384,.T.);
#2384 = EDGE_CURVE('',#2324,#2385,#2387,.T.);
#2385 = VERTEX_POINT('',#2386);
#2386 = CARTESIAN_POINT('',(2.49398123119,3.127308366387,13.));
#2387 = SURFACE_CURVE('',#2388,(#2407,#2429),.PCURVE_S1.);
#2388 = B_SPLINE_CURVE_WITH_KNOTS('',5,(#2389,#2390,#2391,#2392,#2393,
    #2394,#2395,#2396,#2397,#2398,#2399,#2400,#2401,#2402,#2403,#2404,
    #2405,#2406),.UNSPECIFIED.,.F.,.F.,(6,4,4,4,6),(0.,0.289472624474,
    0.564782446211,0.786425410686,1.),.UNSPECIFIED.);
#2389 = CARTESIAN_POINT('',(4.819813011116,1.330195141932,13.));
#2390 = CARTESIAN_POINT('',(4.71931868149,1.484438140716,13.));
#2391 = CARTESIAN_POINT('',(4.611604334145,1.633612346409,13.));
#2392 = CARTESIAN_POINT('',(4.496890416285,1.777167907063,13.));
#2393 = CARTESIAN_POINT('',(4.375460212355,1.914548046676,13.));
#2394 = CARTESIAN_POINT('',(4.126138318486,2.169459392732,13.));
#2395 = CARTESIAN_POINT('',(3.998853288651,2.287633032763,13.));
#2396 = CARTESIAN_POINT('',(3.866127848541,2.399244962261,13.));
#2397 = CARTESIAN_POINT('',(3.728333374897,2.503823572361,13.));
#2398 = CARTESIAN_POINT('',(3.471256896268,2.679079757006,13.));
#2399 = CARTESIAN_POINT('',(3.353602205354,2.752391915184,13.));
#2400 = CARTESIAN_POINT('',(3.233181979341,2.820614319782,13.));
#2401 = CARTESIAN_POINT('',(3.110258564567,2.883517752482,13.));
#2402 = CARTESIAN_POINT('',(2.864553376025,2.996168489172,13.));
#2403 = CARTESIAN_POINT('',(2.741929295104,3.046311373275,13.));
#2404 = CARTESIAN_POINT('',(2.617521664024,3.091123712554,13.));
#2405 = CARTESIAN_POINT('',(2.491625197118,3.130425754287,13.));
#2406 = CARTESIAN_POINT('',(2.364566650363,3.164057817838,13.));
#2407 = PCURVE('',#308,#2408);
#2408 = DEFINITIONAL_REPRESENTATION('',(#2409),#2428);
#2409 = B_SPLINE_CURVE_WITH_KNOTS('',5,(#2410,#2411,#2412,#2413,#2414,
    #2415,#2416,#2417,#2418,#2419,#2420,#2421,#2422,#2423,#2424,#2425,
    #2426,#2427),.UNSPECIFIED.,.F.,.F.,(6,4,4,4,6),(0.,0.289472624474,
    0.564782446211,0.786425410686,1.),.UNSPECIFIED.);
#2410 = CARTESIAN_POINT('',(1.112455055272,29.077227266069));
#2411 = CARTESIAN_POINT('',(1.053295619596,29.117387438385));
#2412 = CARTESIAN_POINT('',(0.993484440305,29.157990043312));
#2413 = CARTESIAN_POINT('',(0.932995605245,29.199052671406));
#2414 = CARTESIAN_POINT('',(0.871800424551,29.240594799135));
#2415 = CARTESIAN_POINT('',(0.750964290852,29.32262397303));
#2416 = CARTESIAN_POINT('',(0.691393707296,29.363063249133));
#2417 = CARTESIAN_POINT('',(0.63112852984,29.403974048524));
#2418 = CARTESIAN_POINT('',(0.570138933107,29.445376618856));
#2419 = CARTESIAN_POINT('',(0.458681484914,29.52103911411));
#2420 = CARTESIAN_POINT('',(0.408480120686,29.55511813437));
#2421 = CARTESIAN_POINT('',(0.357770761516,29.589542006897));
#2422 = CARTESIAN_POINT('',(0.306534850963,29.624323328913));
#2423 = CARTESIAN_POINT('',(0.204854586112,29.693348631165));
#2424 = CARTESIAN_POINT('',(0.154449294001,29.727566094041));
#2425 = CARTESIAN_POINT('',(0.103518360371,29.76214038838));
#2426 = CARTESIAN_POINT('',(5.204232046352E-02,29.797084727312));
#2427 = CARTESIAN_POINT('',(0.,29.832413483806));
#2428 = ( GEOMETRIC_REPRESENTATION_CONTEXT(2) 
PARAMETRIC_REPRESENTATION_CONTEXT() REPRESENTATION_CONTEXT('2D SPACE',''
  ) );
#2429 = PCURVE('',#1871,#2430);
#2430 = DEFINITIONAL_REPRESENTATION('',(#2431),#2450);
#2431 = B_SPLINE_CURVE_WITH_KNOTS('',5,(#2432,#2433,#2434,#2435,#2436,
    #2437,#2438,#2439,#2440,#2441,#2442,#2443,#2444,#2445,#2446,#2447,
    #2448,#2449),.UNSPECIFIED.,.F.,.F.,(6,4,4,4,6),(0.,0.289472624474,
    0.564782446211,0.786425410686,1.),.UNSPECIFIED.);
#2432 = CARTESIAN_POINT('',(4.819813011116,1.330195141932));
#2433 = CARTESIAN_POINT('',(4.71931868149,1.484438140716));
#2434 = CARTESIAN_POINT('',(4.611604334145,1.633612346409));
#2435 = CARTESIAN_POINT('',(4.496890416285,1.777167907063));
#2436 = CARTESIAN_POINT('',(4.375460212355,1.914548046676));
#2437 = CARTESIAN_POINT('',(4.126138318486,2.169459392732));
#2438 = CARTESIAN_POINT('',(3.998853288651,2.287633032763));
#2439 = CARTESIAN_POINT('',(3.866127848541,2.399244962261));
#2440 = CARTESIAN_POINT('',(3.728333374897,2.503823572361));
#2441 = CARTESIAN_POINT('',(3.471256896268,2.679079757006));
#2442 = CARTESIAN_POINT('',(3.353602205354,2.752391915184));
#2443 = CARTESIAN_POINT('',(3.233181979341,2.820614319782));
#2444 = CARTESIAN_POINT('',(3.110258564567,2.883517752482));
#2445 = CARTESIAN_POINT('',(2.864553376025,2.996168489172));
#2446 = CARTESIAN_POINT('',(2.741929295104,3.046311373275));
#2447 = CARTESIAN_POINT('',(2.617521664024,3.091123712554));
#2448 = CARTESIAN_POINT('',(2.491625197118,3.130425754287));
#2449 = CARTESIAN_POINT('',(2.364566650363,3.164057817838));
#2450 = ( GEOMETRIC_REPRESENTATION_CONTEXT(2) 
PARAMETRIC_REPRESENTATION_CONTEXT() REPRESENTATION_CONTEXT('2D SPACE',''
  ) );
#2451 = ORIENTED_EDGE('',*,*,#2452,.F.);
#2452 = EDGE_CURVE('',#2453,#2385,#2455,.T.);
#2453 = VERTEX_POINT('',#2454);
#2454 = CARTESIAN_POINT('',(4.,0.,12.499998689276));
#2455 = SURFACE_CURVE('',#2456,(#2469,#2485),.PCURVE_S1.);
#2456 = B_SPLINE_CURVE_WITH_KNOTS('',6,(#2457,#2458,#2459,#2460,#2461,
    #2462,#2463,#2464,#2465,#2466,#2467,#2468),.UNSPECIFIED.,.F.,.F.,(7,
    5,7),(0.,0.602351305569,1.),.UNSPECIFIED.);
#2457 = CARTESIAN_POINT('',(4.,1.906652370726E-15,12.499998689276));
#2458 = CARTESIAN_POINT('',(4.,0.373046245667,12.55194895315));
#2459 = CARTESIAN_POINT('',(3.958250713655,0.746170794215,
    12.603909965017));
#2460 = CARTESIAN_POINT('',(3.874721358198,1.113358325315,
    12.655858917302));
#2461 = CARTESIAN_POINT('',(3.750588502853,1.46887648865,12.707808215519
    ));
#2462 = CARTESIAN_POINT('',(3.587900071578,1.807246028418,
    12.759770015128));
#2463 = CARTESIAN_POINT('',(3.259135054093,2.332099604367,
    12.846018991764));
#2464 = CARTESIAN_POINT('',(3.112977726325,2.531155705404,
    12.880317072772));
#2465 = CARTESIAN_POINT('',(2.952296646266,2.71911831546,12.914613615213
    ));
#2466 = CARTESIAN_POINT('',(2.778158448317,2.894687639935,
    12.948910015337));
#2467 = CARTESIAN_POINT('',(2.591771234062,3.056692862255,
    12.983207563319));
#2468 = CARTESIAN_POINT('',(2.394501002396,3.204116875135,
    13.017503116845));
#2469 = PCURVE('',#308,#2470);
#2470 = DEFINITIONAL_REPRESENTATION('',(#2471),#2484);
#2471 = B_SPLINE_CURVE_WITH_KNOTS('',6,(#2472,#2473,#2474,#2475,#2476,
    #2477,#2478,#2479,#2480,#2481,#2482,#2483),.UNSPECIFIED.,.F.,.F.,(7,
    5,7),(0.,0.602351305569,1.),.UNSPECIFIED.);
#2472 = CARTESIAN_POINT('',(5.297392718511E-02,28.768985694109));
#2473 = CARTESIAN_POINT('',(5.297362984963E-02,28.875739923812));
#2474 = CARTESIAN_POINT('',(5.297290209437E-02,28.982516531519));
#2475 = CARTESIAN_POINT('',(5.297211849077E-02,29.089268397476));
#2476 = CARTESIAN_POINT('',(5.297229490988E-02,29.196020328243));
#2477 = CARTESIAN_POINT('',(5.297385477283E-02,29.302797018214));
#2478 = CARTESIAN_POINT('',(5.297747054101E-02,29.480029999246));
#2479 = CARTESIAN_POINT('',(5.297918091045E-02,29.550508927728));
#2480 = CARTESIAN_POINT('',(5.298096038176E-02,29.6209846503));
#2481 = CARTESIAN_POINT('',(5.298241817171E-02,29.691460300148));
#2482 = CARTESIAN_POINT('',(5.298303459379E-02,29.761938878554));
#2483 = CARTESIAN_POINT('',(5.298257576283E-02,29.832414083806));
#2484 = ( GEOMETRIC_REPRESENTATION_CONTEXT(2) 
PARAMETRIC_REPRESENTATION_CONTEXT() REPRESENTATION_CONTEXT('2D SPACE',''
  ) );
#2485 = PCURVE('',#1775,#2486);
#2486 = DEFINITIONAL_REPRESENTATION('',(#2487),#2500);
#2487 = B_SPLINE_CURVE_WITH_KNOTS('',6,(#2488,#2489,#2490,#2491,#2492,
    #2493,#2494,#2495,#2496,#2497,#2498,#2499),.UNSPECIFIED.,.F.,.F.,(7,
    5,7),(0.,0.602351305569,1.),.UNSPECIFIED.);
#2488 = CARTESIAN_POINT('',(0.,-12.49999868927));
#2489 = CARTESIAN_POINT('',(-9.326156141685E-02,-12.55194895315));
#2490 = CARTESIAN_POINT('',(-0.186542348235,-12.60390996501));
#2491 = CARTESIAN_POINT('',(-0.279801032053,-12.6558589173));
#2492 = CARTESIAN_POINT('',(-0.373059229128,-12.70780821551));
#2493 = CARTESIAN_POINT('',(-0.466338851788,-12.75977001512));
#2494 = CARTESIAN_POINT('',(-0.621168942716,-12.84601899176));
#2495 = CARTESIAN_POINT('',(-0.682739126534,-12.88031707277));
#2496 = CARTESIAN_POINT('',(-0.744306645122,-12.91461361521));
#2497 = CARTESIAN_POINT('',(-0.805874324714,-12.94891001533));
#2498 = CARTESIAN_POINT('',(-0.867444810583,-12.98320756331));
#2499 = CARTESIAN_POINT('',(-0.929012549637,-13.01750311684));
#2500 = ( GEOMETRIC_REPRESENTATION_CONTEXT(2) 
PARAMETRIC_REPRESENTATION_CONTEXT() REPRESENTATION_CONTEXT('2D SPACE',''
  ) );
#2501 = ORIENTED_EDGE('',*,*,#2502,.F.);
#2502 = EDGE_CURVE('',#1904,#2453,#2503,.T.);
#2503 = SURFACE_CURVE('',#2504,(#2584,#2667),.PCURVE_S1.);
#2504 = B_SPLINE_CURVE_WITH_KNOTS('',8,(#2505,#2506,#2507,#2508,#2509,
    #2510,#2511,#2512,#2513,#2514,#2515,#2516,#2517,#2518,#2519,#2520,
    #2521,#2522,#2523,#2524,#2525,#2526,#2527,#2528,#2529,#2530,#2531,
    #2532,#2533,#2534,#2535,#2536,#2537,#2538,#2539,#2540,#2541,#2542,
    #2543,#2544,#2545,#2546,#2547,#2548,#2549,#2550,#2551,#2552,#2553,
    #2554,#2555,#2556,#2557,#2558,#2559,#2560,#2561,#2562,#2563,#2564,
    #2565,#2566,#2567,#2568,#2569,#2570,#2571,#2572,#2573,#2574,#2575,
    #2576,#2577,#2578,#2579,#2580,#2581,#2582,#2583),.UNSPECIFIED.,.F.,
  .F.,(9,7,7,7,7,7,7,7,7,7,7,9),(0.,7.705644814869E-02,0.169033176156,
    0.217936982397,0.26922392678,0.373641616863,0.458268582032,
    0.520992099343,0.630627751637,0.729935035323,0.840530713586,1.),
  .UNSPECIFIED.);
#2505 = CARTESIAN_POINT('',(4.,4.440892098501E-16,8.999999454513));
#2506 = CARTESIAN_POINT('',(4.,0.242038792142,9.033706543903));
#2507 = CARTESIAN_POINT('',(3.983262026924,0.484097856107,9.067416573977
    ));
#2508 = CARTESIAN_POINT('',(3.949781395549,0.724797190878,9.101125552604
    ));
#2509 = CARTESIAN_POINT('',(3.899694804157,0.962785276758,9.134833065589
    ));
#2510 = CARTESIAN_POINT('',(3.833265073136,1.196738518936,9.168540469745
    ));
#2511 = CARTESIAN_POINT('',(3.750875559596,1.425363079756,9.202249105161
    ));
#2512 = CARTESIAN_POINT('',(3.653034248018,1.647399099676,9.235958526681
    ));
#2513 = CARTESIAN_POINT('',(3.40592923351,2.117336076578,9.309897449329)
  );
#2514 = CARTESIAN_POINT('',(3.250340990017,2.361988888073,9.350136142017
    ));
#2515 = CARTESIAN_POINT('',(3.074713541583,2.593483244668,9.39037136372)
  );
#2516 = CARTESIAN_POINT('',(2.880366203263,2.809916620816,9.430602400662
    ));
#2517 = CARTESIAN_POINT('',(2.66881074684,3.009562725156,9.470833229493)
  );
#2518 = CARTESIAN_POINT('',(2.441735526597,3.19086752106,9.511068145119)
  );
#2519 = CARTESIAN_POINT('',(2.201009834065,3.352465004732,9.551307081087
    ));
#2520 = CARTESIAN_POINT('',(1.814560456334,3.568047975486,9.612932700269
    ));
#2521 = CARTESIAN_POINT('',(1.677124442656,3.636997645512,9.634325741647
    ));
#2522 = CARTESIAN_POINT('',(1.536705322381,3.699890948321,9.655718964918
    ));
#2523 = CARTESIAN_POINT('',(1.393616007054,3.756578086591,9.677112381474
    ));
#2524 = CARTESIAN_POINT('',(1.248176662066,3.806929295127,9.698506005763
    ));
#2525 = CARTESIAN_POINT('',(1.100714241509,3.850834477052,9.719899504143
    ));
#2526 = CARTESIAN_POINT('',(0.951562333957,3.888203449366,9.741292282676
    ));
#2527 = CARTESIAN_POINT('',(0.643226218587,3.951229279402,9.785118188439
    ));
#2528 = CARTESIAN_POINT('',(0.483903104167,3.976227315082,9.807552043035
    ));
#2529 = CARTESIAN_POINT('',(0.323485889687,3.99388052437,9.829985694652)
  );
#2530 = CARTESIAN_POINT('',(0.162370318623,4.00413421843,9.852419435005)
  );
#2531 = CARTESIAN_POINT('',(9.535712227646E-04,4.006959416555,
    9.874853571891));
#2532 = CARTESIAN_POINT('',(-0.160366128401,4.002352862571,
    9.897288270575));
#2533 = CARTESIAN_POINT('',(-0.321189905171,3.990337041245,
    9.919723395167));
#2534 = CARTESIAN_POINT('',(-0.806725616244,3.931509890453,
    9.987834811927));
#2535 = CARTESIAN_POINT('',(-1.128727131226,3.861535156362,
    10.033524930393));
#2536 = CARTESIAN_POINT('',(-1.443645934575,3.761429372463,
    10.079210022375));
#2537 = CARTESIAN_POINT('',(-1.748202540135,3.63207021806,
    10.124887757816));
#2538 = CARTESIAN_POINT('',(-2.039290524019,3.474730943845,
    10.170564475733));
#2539 = CARTESIAN_POINT('',(-2.313977912384,3.291045748518,
    10.216247149911));
#2540 = CARTESIAN_POINT('',(-2.569534644886,3.083029259882,
    10.261935004176));
#2541 = CARTESIAN_POINT('',(-2.993095774722,2.666840943209,
    10.344629428561));
#2542 = CARTESIAN_POINT('',(-3.168577461363,2.46610898385,
    10.381652273822));
#2543 = CARTESIAN_POINT('',(-3.328616167769,2.252235370925,
    10.418673241227));
#2544 = CARTESIAN_POINT('',(-3.472075766247,2.026617752742,
    10.45569196242));
#2545 = CARTESIAN_POINT('',(-3.597979231279,1.790752733366,
    10.492710869494));
#2546 = CARTESIAN_POINT('',(-3.705503819954,1.546227044828,
    10.529732317715));
#2547 = CARTESIAN_POINT('',(-3.793991208922,1.294717455534,
    10.566755733978));
#2548 = CARTESIAN_POINT('',(-3.914099964465,0.847726037641,
    10.631212445884));
#2549 = CARTESIAN_POINT('',(-3.954518887487,0.654565427453,
    10.658651407087));
#2550 = CARTESIAN_POINT('',(-3.984035617138,0.459231521265,
    10.686090108867));
#2551 = CARTESIAN_POINT('',(-4.002517770085,0.262444426632,
    10.713528290041));
#2552 = CARTESIAN_POINT('',(-4.009889951394,6.492897965236E-02,
    10.740966366357));
#2553 = CARTESIAN_POINT('',(-4.006132322993,-0.132586448705,
    10.768404785179));
#2554 = CARTESIAN_POINT('',(-3.991282108677,-0.329370897865,
    10.795843362501));
#2555 = CARTESIAN_POINT('',(-3.920264679217,-0.866096208218,
    10.871238685803));
#2556 = CARTESIAN_POINT('',(-3.841483735802,-1.203168926734,
    10.919212393392));
#2557 = CARTESIAN_POINT('',(-3.729591268492,-1.531878347789,
    10.967177840785));
#2558 = CARTESIAN_POINT('',(-3.585678278618,-1.848440584389,
    11.015136071918));
#2559 = CARTESIAN_POINT('',(-3.41130599974,-2.149300466068,
    11.063094478037));
#2560 = CARTESIAN_POINT('',(-3.208464801053,-2.431124253615,
    11.111060408428));
#2561 = CARTESIAN_POINT('',(-2.979603733015,-2.690828762402,
    11.15903482763));
#2562 = CARTESIAN_POINT('',(-2.499561008347,-3.138391277377,
    11.250434876226));
#2563 = CARTESIAN_POINT('',(-2.25239461043,-3.330823420675,
    11.293885632264));
#2564 = CARTESIAN_POINT('',(-1.988396532935,-3.500910283701,
    11.337332394449));
#2565 = CARTESIAN_POINT('',(-1.709945614213,-3.646963542995,
    11.380774005862));
#2566 = CARTESIAN_POINT('',(-1.41958194642,-3.76760942418,
    11.424215608895));
#2567 = CARTESIAN_POINT('',(-1.11998615437,-3.861773850699,
    11.467662350453));
#2568 = CARTESIAN_POINT('',(-0.81397755909,-3.928707884337,
    11.511113083739));
#2569 = CARTESIAN_POINT('',(-0.159909705695,-4.011871495798,
    11.602933045374));
#2570 = CARTESIAN_POINT('',(0.189176503178,-4.021498076354,
    11.651327881671));
#2571 = CARTESIAN_POINT('',(0.538596063373,-3.996369511012,
    11.699713907085));
#2572 = CARTESIAN_POINT('',(0.8843080202,-3.936583024064,11.748092237145
    ));
#2573 = CARTESIAN_POINT('',(1.222376343067,-3.842766417588,
    11.796470474731));
#2574 = CARTESIAN_POINT('',(1.548973965412,-3.716035085728,
    11.844856207748));
#2575 = CARTESIAN_POINT('',(1.860405197358,-3.558029824968,
    11.89325048584));
#2576 = CARTESIAN_POINT('',(2.575324367394,-3.101389905535,
    12.011385265976));
#2577 = CARTESIAN_POINT('',(2.959510414447,-2.770932366584,
    12.081245966182));
#2578 = CARTESIAN_POINT('',(3.294438418755,-2.386433842759,
    12.151046089858));
#2579 = CARTESIAN_POINT('',(3.571696955789,-1.956779346214,
    12.220811824108));
#2580 = CARTESIAN_POINT('',(3.784556209067,-1.491833126617,
    12.290578072918));
#2581 = CARTESIAN_POINT('',(3.928309918733,-1.00258017341,
    12.360380122584));
#2582 = CARTESIAN_POINT('',(4.,-0.500912866077,12.430241773417));
#2583 = CARTESIAN_POINT('',(4.,1.7763568394E-15,12.499998689276));
#2584 = PCURVE('',#308,#2585);
#2585 = DEFINITIONAL_REPRESENTATION('',(#2586),#2666);
#2586 = B_SPLINE_CURVE_WITH_KNOTS('',8,(#2587,#2588,#2589,#2590,#2591,
    #2592,#2593,#2594,#2595,#2596,#2597,#2598,#2599,#2600,#2601,#2602,
    #2603,#2604,#2605,#2606,#2607,#2608,#2609,#2610,#2611,#2612,#2613,
    #2614,#2615,#2616,#2617,#2618,#2619,#2620,#2621,#2622,#2623,#2624,
    #2625,#2626,#2627,#2628,#2629,#2630,#2631,#2632,#2633,#2634,#2635,
    #2636,#2637,#2638,#2639,#2640,#2641,#2642,#2643,#2644,#2645,#2646,
    #2647,#2648,#2649,#2650,#2651,#2652,#2653,#2654,#2655,#2656,#2657,
    #2658,#2659,#2660,#2661,#2662,#2663,#2664,#2665),.UNSPECIFIED.,.F.,
  .F.,(9,7,7,7,7,7,7,7,7,7,7,9),(0.,7.705644814869E-02,0.169033176156,
    0.217936982397,0.26922392678,0.373641616863,0.458268582032,
    0.520992099343,0.630627751637,0.729935035323,0.840530713586,1.),
  .UNSPECIFIED.);
#2587 = CARTESIAN_POINT('',(5.297390161597E-02,21.576740211877));
#2588 = CARTESIAN_POINT('',(5.297478014779E-02,21.646005251915));
#2589 = CARTESIAN_POINT('',(5.297604450049E-02,21.715276075982));
#2590 = CARTESIAN_POINT('',(5.297766244311E-02,21.784544502559));
#2591 = CARTESIAN_POINT('',(5.297949171675E-02,21.853809776906));
#2592 = CARTESIAN_POINT('',(5.298125108355E-02,21.923074877265));
#2593 = CARTESIAN_POINT('',(5.298256066297E-02,21.992342813693));
#2594 = CARTESIAN_POINT('',(5.298305155543E-02,22.061612919538));
#2595 = CARTESIAN_POINT('',(5.298193982007E-02,22.213552837693));
#2596 = CARTESIAN_POINT('',(5.297988224176E-02,22.296241845029));
#2597 = CARTESIAN_POINT('',(5.297619465981E-02,22.378924815021));
#2598 = CARTESIAN_POINT('',(5.29706980459E-02,22.461600397772));
#2599 = CARTESIAN_POINT('',(5.296422939621E-02,22.54427619189));
#2600 = CARTESIAN_POINT('',(5.295870620219E-02,22.626959719673));
#2601 = CARTESIAN_POINT('',(5.295623769806E-02,22.709649421608));
#2602 = CARTESIAN_POINT('',(5.295783860814E-02,22.836284433762));
#2603 = CARTESIAN_POINT('',(5.295953246189E-02,22.880244393513));
#2604 = CARTESIAN_POINT('',(5.296181584545E-02,22.924204384548));
#2605 = CARTESIAN_POINT('',(5.296525115412E-02,22.968163980024));
#2606 = CARTESIAN_POINT('',(5.296964651591E-02,23.01212333006));
#2607 = CARTESIAN_POINT('',(5.297352414191E-02,23.056082841549));
#2608 = CARTESIAN_POINT('',(5.297492229051E-02,23.100042698882));
#2609 = CARTESIAN_POINT('',(5.297207159336E-02,23.190103950016));
#2610 = CARTESIAN_POINT('',(5.296827141862E-02,23.236206542335));
#2611 = CARTESIAN_POINT('',(5.296401474738E-02,23.282308984415));
#2612 = CARTESIAN_POINT('',(5.296039819642E-02,23.328411146583));
#2613 = CARTESIAN_POINT('',(5.295792038163E-02,23.374513333797));
#2614 = CARTESIAN_POINT('',(5.29566717265E-02,23.420615831837));
#2615 = CARTESIAN_POINT('',(5.295652427075E-02,23.466718453501));
#2616 = CARTESIAN_POINT('',(5.295894455531E-02,23.606680733102));
#2617 = CARTESIAN_POINT('',(5.296450191293E-02,23.700566772663));
#2618 = CARTESIAN_POINT('',(5.297199953214E-02,23.79444119426));
#2619 = CARTESIAN_POINT('',(5.297857740704E-02,23.888301153203));
#2620 = CARTESIAN_POINT('',(5.298245060146E-02,23.982160878624));
#2621 = CARTESIAN_POINT('',(5.298359471011E-02,24.076034708487));
#2622 = CARTESIAN_POINT('',(5.298317572509E-02,24.169920250315));
#2623 = CARTESIAN_POINT('',(5.298054798337E-02,24.339853134923));
#2624 = CARTESIAN_POINT('',(5.297873013063E-02,24.415933656496));
#2625 = CARTESIAN_POINT('',(5.297670230172E-02,24.492010459598));
#2626 = CARTESIAN_POINT('',(5.297490779012E-02,24.568082484801));
#2627 = CARTESIAN_POINT('',(5.297363141031E-02,24.644154535986));
#2628 = CARTESIAN_POINT('',(5.297293518404E-02,24.720231411211));
#2629 = CARTESIAN_POINT('',(5.297269993318E-02,24.796312014454));
#2630 = CARTESIAN_POINT('',(5.29728267709E-02,24.928765806788));
#2631 = CARTESIAN_POINT('',(5.297304860556E-02,24.985150734487));
#2632 = CARTESIAN_POINT('',(5.297337260651E-02,25.04153505878));
#2633 = CARTESIAN_POINT('',(5.297371155925E-02,25.09791830257));
#2634 = CARTESIAN_POINT('',(5.297398100301E-02,25.154301377922));
#2635 = CARTESIAN_POINT('',(5.297411599118E-02,25.210685248567));
#2636 = CARTESIAN_POINT('',(5.297408032053E-02,25.267069561233));
#2637 = CARTESIAN_POINT('',(5.297349751085E-02,25.422001885599));
#2638 = CARTESIAN_POINT('',(5.297258765383E-02,25.520584999747));
#2639 = CARTESIAN_POINT('',(5.297110365638E-02,25.619151532545));
#2640 = CARTESIAN_POINT('',(5.296928956844E-02,25.71770346378));
#2641 = CARTESIAN_POINT('',(5.296765908065E-02,25.816255632617));
#2642 = CARTESIAN_POINT('',(5.296671321486E-02,25.91482280012));
#2643 = CARTESIAN_POINT('',(5.296667269069E-02,26.013406797422));
#2644 = CARTESIAN_POINT('',(5.296827327504E-02,26.201226214879));
#2645 = CARTESIAN_POINT('',(5.296975330002E-02,26.290513377894));
#2646 = CARTESIAN_POINT('',(5.297194690313E-02,26.379791848442));
#2647 = CARTESIAN_POINT('',(5.297463949449E-02,26.469059394299));
#2648 = CARTESIAN_POINT('',(5.297747479196E-02,26.558326824362));
#2649 = CARTESIAN_POINT('',(5.298004432576E-02,26.647604992564));
#2650 = CARTESIAN_POINT('',(5.298199926463E-02,26.736891779521));
#2651 = CARTESIAN_POINT('',(5.298450459692E-02,26.925573457097));
#2652 = CARTESIAN_POINT('',(5.298486630077E-02,27.025021098126));
#2653 = CARTESIAN_POINT('',(5.298403730954E-02,27.124451441605));
#2654 = CARTESIAN_POINT('',(5.298200896788E-02,27.223866786626));
#2655 = CARTESIAN_POINT('',(5.297913749318E-02,27.323282515566));
#2656 = CARTESIAN_POINT('',(5.297599510353E-02,27.422713833032));
#2657 = CARTESIAN_POINT('',(5.297311860748E-02,27.52216253149));
#2658 = CARTESIAN_POINT('',(5.296756165578E-02,27.7649247473));
#2659 = CARTESIAN_POINT('',(5.296552643717E-02,27.908484826804));
#2660 = CARTESIAN_POINT('',(5.296574480978E-02,28.051918897801));
#2661 = CARTESIAN_POINT('',(5.296847369683E-02,28.195280595241));
#2662 = CARTESIAN_POINT('',(5.297202300576E-02,28.338642787267));
#2663 = CARTESIAN_POINT('',(5.297397229388E-02,28.482079625006));
#2664 = CARTESIAN_POINT('',(5.297432643632E-02,28.625640015691));
#2665 = CARTESIAN_POINT('',(5.297392718511E-02,28.768985694109));
#2666 = ( GEOMETRIC_REPRESENTATION_CONTEXT(2) 
PARAMETRIC_REPRESENTATION_CONTEXT() REPRESENTATION_CONTEXT('2D SPACE',''
  ) );
#2667 = PCURVE('',#1591,#2668);
#2668 = DEFINITIONAL_REPRESENTATION('',(#2669),#2749);
#2669 = B_SPLINE_CURVE_WITH_KNOTS('',8,(#2670,#2671,#2672,#2673,#2674,
    #2675,#2676,#2677,#2678,#2679,#2680,#2681,#2682,#2683,#2684,#2685,
    #2686,#2687,#2688,#2689,#2690,#2691,#2692,#2693,#2694,#2695,#2696,
    #2697,#2698,#2699,#2700,#2701,#2702,#2703,#2704,#2705,#2706,#2707,
    #2708,#2709,#2710,#2711,#2712,#2713,#2714,#2715,#2716,#2717,#2718,
    #2719,#2720,#2721,#2722,#2723,#2724,#2725,#2726,#2727,#2728,#2729,
    #2730,#2731,#2732,#2733,#2734,#2735,#2736,#2737,#2738,#2739,#2740,
    #2741,#2742,#2743,#2744,#2745,#2746,#2747,#2748),.UNSPECIFIED.,.F.,
  .F.,(9,7,7,7,7,7,7,7,7,7,7,9),(0.,7.705644814869E-02,0.169033176156,
    0.217936982397,0.26922392678,0.373641616863,0.458268582032,
    0.520992099343,0.630627751637,0.729935035323,0.840530713586,1.),
  .UNSPECIFIED.);
#2670 = CARTESIAN_POINT('',(0.,-8.999999454513));
#2671 = CARTESIAN_POINT('',(-6.050969803551E-02,-9.033706543903));
#2672 = CARTESIAN_POINT('',(-0.1210243959,-9.067416573977));
#2673 = CARTESIAN_POINT('',(-0.181537009452,-9.101125552604));
#2674 = CARTESIAN_POINT('',(-0.242046962176,-9.134833065589));
#2675 = CARTESIAN_POINT('',(-0.302556931519,-9.168540469745));
#2676 = CARTESIAN_POINT('',(-0.363069595241,-9.202249105161));
#2677 = CARTESIAN_POINT('',(-0.423584377775,-9.235958526681));
#2678 = CARTESIAN_POINT('',(-0.556320405866,-9.309897449329));
#2679 = CARTESIAN_POINT('',(-0.628558492906,-9.350136142017));
#2680 = CARTESIAN_POINT('',(-0.700791516837,-9.39037136372));
#2681 = CARTESIAN_POINT('',(-0.77301811361,-9.430602400662));
#2682 = CARTESIAN_POINT('',(-0.845244703895,-9.470833229493));
#2683 = CARTESIAN_POINT('',(-0.917477705838,-9.511068145119));
#2684 = CARTESIAN_POINT('',(-0.989715752733,-9.551307081087));
#2685 = CARTESIAN_POINT('',(-1.100344393585,-9.612932700269));
#2686 = CARTESIAN_POINT('',(-1.138747893223,-9.634325741647));
#2687 = CARTESIAN_POINT('',(-1.177151361199,-9.655718964918));
#2688 = CARTESIAN_POINT('',(-1.215554532253,-9.677112381474));
#2689 = CARTESIAN_POINT('',(-1.25395759474,-9.698506005763));
#2690 = CARTESIAN_POINT('',(-1.292360849122,-9.719899504143));
#2691 = CARTESIAN_POINT('',(-1.330764359397,-9.741292282676));
#2692 = CARTESIAN_POINT('',(-1.409442268976,-9.785118188439));
#2693 = CARTESIAN_POINT('',(-1.44971770761,-9.807552043035));
#2694 = CARTESIAN_POINT('',(-1.489992945115,-9.829985694652));
#2695 = CARTESIAN_POINT('',(-1.530267863062,-9.852419435005));
#2696 = CARTESIAN_POINT('',(-1.570542767687,-9.874853571891));
#2697 = CARTESIAN_POINT('',(-1.610817964747,-9.897288270575));
#2698 = CARTESIAN_POINT('',(-1.651093334389,-9.919723395167));
#2699 = CARTESIAN_POINT('',(-1.773364948122,-9.987834811927));
#2700 = CARTESIAN_POINT('',(-1.855384461328,-10.03352493039));
#2701 = CARTESIAN_POINT('',(-1.937394320215,-10.07921002237));
#2702 = CARTESIAN_POINT('',(-2.019391825484,-10.12488775781));
#2703 = CARTESIAN_POINT('',(-2.10138906721,-10.17056447573));
#2704 = CARTESIAN_POINT('',(-2.183398300865,-10.21624714991));
#2705 = CARTESIAN_POINT('',(-2.265417336123,-10.26193500417));
#2706 = CARTESIAN_POINT('',(-2.413871189569,-10.34462942856));
#2707 = CARTESIAN_POINT('',(-2.480335113017,-10.38165227382));
#2708 = CARTESIAN_POINT('',(-2.546795574045,-10.41867324122));
#2709 = CARTESIAN_POINT('',(-2.613251735717,-10.45569196242));
#2710 = CARTESIAN_POINT('',(-2.67970790749,-10.49271086949));
#2711 = CARTESIAN_POINT('',(-2.746168385947,-10.52973231771));
#2712 = CARTESIAN_POINT('',(-2.812632287665,-10.56675573397));
#2713 = CARTESIAN_POINT('',(-2.928344063435,-10.63121244588));
#2714 = CARTESIAN_POINT('',(-2.977602104598,-10.65865140708));
#2715 = CARTESIAN_POINT('',(-3.026859739268,-10.68609010886));
#2716 = CARTESIAN_POINT('',(-3.076116551357,-10.71352829004));
#2717 = CARTESIAN_POINT('',(-3.125373326515,-10.74096636635));
#2718 = CARTESIAN_POINT('',(-3.174630885877,-10.76840478517));
#2719 = CARTESIAN_POINT('',(-3.22388889417,-10.7958433625));
#2720 = CARTESIAN_POINT('',(-3.359239719357,-10.8712386858));
#2721 = CARTESIAN_POINT('',(-3.445363275139,-10.91921239339));
#2722 = CARTESIAN_POINT('',(-3.531472309906,-10.96717784078));
#2723 = CARTESIAN_POINT('',(-3.617568392212,-11.01513607191));
#2724 = CARTESIAN_POINT('',(-3.703664395825,-11.06309447803));
#2725 = CARTESIAN_POINT('',(-3.789773222039,-11.11106040842));
#2726 = CARTESIAN_POINT('',(-3.875896547562,-11.15903482763));
#2727 = CARTESIAN_POINT('',(-4.039976029505,-11.25043487622));
#2728 = CARTESIAN_POINT('',(-4.117977409735,-11.29388563226));
#2729 = CARTESIAN_POINT('',(-4.195971167196,-11.33733239444));
#2730 = CARTESIAN_POINT('',(-4.273955432192,-11.38077400586));
#2731 = CARTESIAN_POINT('',(-4.351939704607,-11.42421560889));
#2732 = CARTESIAN_POINT('',(-4.429933482072,-11.46766235045));
#2733 = CARTESIAN_POINT('',(-4.507934888815,-11.51111308373));
#2734 = CARTESIAN_POINT('',(-4.672768316689,-11.60293304537));
#2735 = CARTESIAN_POINT('',(-4.759646434704,-11.65132788167));
#2736 = CARTESIAN_POINT('',(-4.846509456006,-11.69971390708));
#2737 = CARTESIAN_POINT('',(-4.933359301213,-11.74809223714));
#2738 = CARTESIAN_POINT('',(-5.020209332867,-11.79647047473));
#2739 = CARTESIAN_POINT('',(-5.107072816917,-11.84485620774));
#2740 = CARTESIAN_POINT('',(-5.193951376603,-11.89325048584));
#2741 = CARTESIAN_POINT('',(-5.406028814657,-12.01138526597));
#2742 = CARTESIAN_POINT('',(-5.531443061162,-12.08124596618));
#2743 = CARTESIAN_POINT('',(-5.656747423292,-12.15104608985));
#2744 = CARTESIAN_POINT('',(-5.781989115358,-12.2208118241));
#2745 = CARTESIAN_POINT('',(-5.907232114297,-12.29057807291));
#2746 = CARTESIAN_POINT('',(-6.032540743733,-12.36038012258));
#2747 = CARTESIAN_POINT('',(-6.15795709066,-12.43024177341));
#2748 = CARTESIAN_POINT('',(-6.28318530718,-12.49999868927));
#2749 = ( GEOMETRIC_REPRESENTATION_CONTEXT(2) 
PARAMETRIC_REPRESENTATION_CONTEXT() REPRESENTATION_CONTEXT('2D SPACE',''
  ) );
#2750 = ORIENTED_EDGE('',*,*,#1903,.F.);
#2751 = ORIENTED_EDGE('',*,*,#126,.F.);
#2752 = ADVANCED_FACE('',(#2753),#114,.T.);
#2753 = FACE_BOUND('',#2754,.F.);
#2754 = EDGE_LOOP('',(#2755,#2756,#2757));
#2755 = ORIENTED_EDGE('',*,*,#806,.F.);
#2756 = ORIENTED_EDGE('',*,*,#2178,.T.);
#2757 = ORIENTED_EDGE('',*,*,#98,.F.);
#2758 = ADVANCED_FACE('',(#2759),#937,.F.);
#2759 = FACE_BOUND('',#2760,.F.);
#2760 = EDGE_LOOP('',(#2761,#2762,#2763,#2764));
#2761 = ORIENTED_EDGE('',*,*,#2323,.F.);
#2762 = ORIENTED_EDGE('',*,*,#899,.F.);
#2763 = ORIENTED_EDGE('',*,*,#1109,.T.);
#2764 = ORIENTED_EDGE('',*,*,#2765,.T.);
#2765 = EDGE_CURVE('',#1110,#2324,#2766,.T.);
#2766 = SURFACE_CURVE('',#2767,(#2782,#2800),.PCURVE_S1.);
#2767 = B_SPLINE_CURVE_WITH_KNOTS('',4,(#2768,#2769,#2770,#2771,#2772,
    #2773,#2774,#2775,#2776,#2777,#2778,#2779,#2780,#2781),
  .UNSPECIFIED.,.F.,.F.,(5,3,3,3,5),(0.,0.251001101895,0.500001776506,
    0.750001511378,1.),.UNSPECIFIED.);
#2768 = CARTESIAN_POINT('',(4.819815488441,-1.330184890642,13.));
#2769 = CARTESIAN_POINT('',(4.864768408459,-1.167299831163,13.));
#2770 = CARTESIAN_POINT('',(4.902381905748,-1.002389001593,13.));
#2771 = CARTESIAN_POINT('',(4.932518860986,-0.835949463528,13.));
#2772 = CARTESIAN_POINT('',(4.977521696683,-0.502369553568,13.));
#2773 = CARTESIAN_POINT('',(4.992507430308,-0.335244895671,13.));
#2774 = CARTESIAN_POINT('',(5.000000228643,-0.167617098232,13.));
#2775 = CARTESIAN_POINT('',(4.999999830949,0.168310577884,13.));
#2776 = CARTESIAN_POINT('',(4.992446386693,0.336610903051,13.));
#2777 = CARTESIAN_POINT('',(4.97733969317,0.504401955163,13.));
#2778 = CARTESIAN_POINT('',(4.932156540484,0.837954912843,13.));
#2779 = CARTESIAN_POINT('',(4.902080096232,1.003717276138,13.));
#2780 = CARTESIAN_POINT('',(4.864587095593,1.167961068281,13.));
#2781 = CARTESIAN_POINT('',(4.819813011116,1.330195141932,13.));
#2782 = PCURVE('',#937,#2783);
#2783 = DEFINITIONAL_REPRESENTATION('',(#2784),#2799);
#2784 = B_SPLINE_CURVE_WITH_KNOTS('',4,(#2785,#2786,#2787,#2788,#2789,
    #2790,#2791,#2792,#2793,#2794,#2795,#2796,#2797,#2798),
  .UNSPECIFIED.,.F.,.F.,(5,3,3,3,5),(0.,0.251001101895,0.500001776506,
    0.750001511378,1.),.UNSPECIFIED.);
#2785 = CARTESIAN_POINT('',(0.3,28.460748901345));
#2786 = CARTESIAN_POINT('',(0.281175005541,28.499432906016));
#2787 = CARTESIAN_POINT('',(0.262350006657,28.53811692027));
#2788 = CARTESIAN_POINT('',(0.243525004621,28.576800941464));
#2789 = CARTESIAN_POINT('',(0.206025026811,28.653860691422));
#2790 = CARTESIAN_POINT('',(0.187350035212,28.692236452698));
#2791 = CARTESIAN_POINT('',(0.168675025618,28.730612251203));
#2792 = CARTESIAN_POINT('',(0.131250044975,28.807517888753));
#2793 = CARTESIAN_POINT('',(0.112500057891,28.846047760749));
#2794 = CARTESIAN_POINT('',(9.375004091968E-02,28.884577694065));
#2795 = CARTESIAN_POINT('',(5.625005255975E-02,28.9616374664));
#2796 = CARTESIAN_POINT('',(3.750006512697E-02,29.000167338391));
#2797 = CARTESIAN_POINT('',(1.875004386302E-02,29.038697279375));
#2798 = CARTESIAN_POINT('',(0.,29.077227266069));
#2799 = ( GEOMETRIC_REPRESENTATION_CONTEXT(2) 
PARAMETRIC_REPRESENTATION_CONTEXT() REPRESENTATION_CONTEXT('2D SPACE',''
  ) );
#2800 = PCURVE('',#1871,#2801);
#2801 = DEFINITIONAL_REPRESENTATION('',(#2802),#2817);
#2802 = B_SPLINE_CURVE_WITH_KNOTS('',4,(#2803,#2804,#2805,#2806,#2807,
    #2808,#2809,#2810,#2811,#2812,#2813,#2814,#2815,#2816),
  .UNSPECIFIED.,.F.,.F.,(5,3,3,3,5),(0.,0.251001101895,0.500001776506,
    0.750001511378,1.),.UNSPECIFIED.);
#2803 = CARTESIAN_POINT('',(4.819815488441,-1.330184890642));
#2804 = CARTESIAN_POINT('',(4.864768408459,-1.167299831163));
#2805 = CARTESIAN_POINT('',(4.902381905748,-1.002389001593));
#2806 = CARTESIAN_POINT('',(4.932518860986,-0.835949463528));
#2807 = CARTESIAN_POINT('',(4.977521696683,-0.502369553568));
#2808 = CARTESIAN_POINT('',(4.992507430308,-0.335244895671));
#2809 = CARTESIAN_POINT('',(5.000000228643,-0.167617098232));
#2810 = CARTESIAN_POINT('',(4.999999830949,0.168310577884));
#2811 = CARTESIAN_POINT('',(4.992446386693,0.336610903051));
#2812 = CARTESIAN_POINT('',(4.97733969317,0.504401955163));
#2813 = CARTESIAN_POINT('',(4.932156540484,0.837954912843));
#2814 = CARTESIAN_POINT('',(4.902080096232,1.003717276138));
#2815 = CARTESIAN_POINT('',(4.864587095593,1.167961068281));
#2816 = CARTESIAN_POINT('',(4.819813011116,1.330195141932));
#2817 = ( GEOMETRIC_REPRESENTATION_CONTEXT(2) 
PARAMETRIC_REPRESENTATION_CONTEXT() REPRESENTATION_CONTEXT('2D SPACE',''
  ) );
#2818 = ADVANCED_FACE('',(#2819),#1871,.T.);
#2819 = FACE_BOUND('',#2820,.T.);
#2820 = EDGE_LOOP('',(#2821,#2822,#2823,#2824));
#2821 = ORIENTED_EDGE('',*,*,#1827,.T.);
#2822 = ORIENTED_EDGE('',*,*,#2765,.T.);
#2823 = ORIENTED_EDGE('',*,*,#2384,.T.);
#2824 = ORIENTED_EDGE('',*,*,#2825,.T.);
#2825 = EDGE_CURVE('',#2385,#1680,#2826,.T.);
#2826 = SURFACE_CURVE('',#2827,(#2832,#2839),.PCURVE_S1.);
#2827 = CIRCLE('',#2828,4.);
#2828 = AXIS2_PLACEMENT_3D('',#2829,#2830,#2831);
#2829 = CARTESIAN_POINT('',(0.,0.,13.));
#2830 = DIRECTION('',(0.,0.,1.));
#2831 = DIRECTION('',(1.,0.,0.));
#2832 = PCURVE('',#1871,#2833);
#2833 = DEFINITIONAL_REPRESENTATION('',(#2834),#2838);
#2834 = CIRCLE('',#2835,4.);
#2835 = AXIS2_PLACEMENT_2D('',#2836,#2837);
#2836 = CARTESIAN_POINT('',(4.558133775131E-16,1.70226710729E-17));
#2837 = DIRECTION('',(1.,0.));
#2838 = ( GEOMETRIC_REPRESENTATION_CONTEXT(2) 
PARAMETRIC_REPRESENTATION_CONTEXT() REPRESENTATION_CONTEXT('2D SPACE',''
  ) );
#2839 = PCURVE('',#1775,#2840);
#2840 = DEFINITIONAL_REPRESENTATION('',(#2841),#2845);
#2841 = LINE('',#2842,#2843);
#2842 = CARTESIAN_POINT('',(-0.,-13.));
#2843 = VECTOR('',#2844,1.);
#2844 = DIRECTION('',(-1.,0.));
#2845 = ( GEOMETRIC_REPRESENTATION_CONTEXT(2) 
PARAMETRIC_REPRESENTATION_CONTEXT() REPRESENTATION_CONTEXT('2D SPACE',''
  ) );
#2846 = ADVANCED_FACE('',(#2847),#1775,.T.);
#2847 = FACE_BOUND('',#2848,.F.);
#2848 = EDGE_LOOP('',(#2849,#2850,#2871,#2872));
#2849 = ORIENTED_EDGE('',*,*,#1679,.F.);
#2850 = ORIENTED_EDGE('',*,*,#2851,.T.);
#2851 = EDGE_CURVE('',#1424,#2453,#2852,.T.);
#2852 = SURFACE_CURVE('',#2853,(#2857,#2864),.PCURVE_S1.);
#2853 = LINE('',#2854,#2855);
#2854 = CARTESIAN_POINT('',(4.,0.,0.));
#2855 = VECTOR('',#2856,1.);
#2856 = DIRECTION('',(0.,0.,1.));
#2857 = PCURVE('',#1775,#2858);
#2858 = DEFINITIONAL_REPRESENTATION('',(#2859),#2863);
#2859 = LINE('',#2860,#2861);
#2860 = CARTESIAN_POINT('',(-0.,0.));
#2861 = VECTOR('',#2862,1.);
#2862 = DIRECTION('',(-0.,-1.));
#2863 = ( GEOMETRIC_REPRESENTATION_CONTEXT(2) 
PARAMETRIC_REPRESENTATION_CONTEXT() REPRESENTATION_CONTEXT('2D SPACE',''
  ) );
#2864 = PCURVE('',#1591,#2865);
#2865 = DEFINITIONAL_REPRESENTATION('',(#2866),#2870);
#2866 = LINE('',#2867,#2868);
#2867 = CARTESIAN_POINT('',(-6.28318530718,0.));
#2868 = VECTOR('',#2869,1.);
#2869 = DIRECTION('',(-0.,-1.));
#2870 = ( GEOMETRIC_REPRESENTATION_CONTEXT(2) 
PARAMETRIC_REPRESENTATION_CONTEXT() REPRESENTATION_CONTEXT('2D SPACE',''
  ) );
#2871 = ORIENTED_EDGE('',*,*,#2452,.T.);
#2872 = ORIENTED_EDGE('',*,*,#2825,.T.);
#2873 = ADVANCED_FACE('',(#2874),#1591,.T.);
#2874 = FACE_BOUND('',#2875,.F.);
#2875 = EDGE_LOOP('',(#2876,#2877,#2878,#2879));
#2876 = ORIENTED_EDGE('',*,*,#1423,.F.);
#2877 = ORIENTED_EDGE('',*,*,#2154,.T.);
#2878 = ORIENTED_EDGE('',*,*,#2502,.T.);
#2879 = ORIENTED_EDGE('',*,*,#2851,.F.);
#2880 = ( GEOMETRIC_REPRESENTATION_CONTEXT(3) 
GLOBAL_UNCERTAINTY_ASSIGNED_CONTEXT((#2884)) 
GLOBAL_UNIT_ASSIGNED_CONTEXT((#2881,#2882,#2883)) REPRESENTATION_CONTEXT
('Context #1','3D Context with UNIT and UNCERTAINTY') );
#2881 = ( LENGTH_UNIT() NAMED_UNIT(*) SI_UNIT(.MILLI.,.METRE.) );
#2882 = ( NAMED_UNIT(*) PLANE_ANGLE_UNIT() SI_UNIT($,.RADIAN.) );
#2883 = ( NAMED_UNIT(*) SI_UNIT($,.STERADIAN.) SOLID_ANGLE_UNIT() );
#2884 = UNCERTAINTY_MEASURE_WITH_UNIT(LENGTH_MEASURE(1.E-05),#2881,
  'distance_accuracy_value','confusion accuracy');
#2885 = CONTEXT_DEPENDENT_SHAPE_REPRESENTATION(#2886,#2888);
#2886 = ( REPRESENTATION_RELATIONSHIP('','',#55,#32) 
REPRESENTATION_RELATIONSHIP_WITH_TRANSFORMATION(#2887) 
SHAPE_REPRESENTATION_RELATIONSHIP() );
#2887 = ITEM_DEFINED_TRANSFORMATION('','',#11,#33);
#2888 = PRODUCT_DEFINITION_SHAPE('Placement','Placement of an item',
  #2889);
#2889 = NEXT_ASSEMBLY_USAGE_OCCURRENCE('1','','',#27,#50,$);
#2890 = PRODUCT_RELATED_PRODUCT_CATEGORY('part',$,(#52));
#2891 = MECHANICAL_DESIGN_GEOMETRIC_PRESENTATION_REPRESENTATION('',(
    #2892),#2880);
#2892 = STYLED_ITEM('color',(#2893),#56);
#2893 = PRESENTATION_STYLE_ASSIGNMENT((#2894));
#2894 = SURFACE_STYLE_USAGE(.BOTH.,#2895);
#2895 = SURFACE_SIDE_STYLE('',(#2896));
#2896 = SURFACE_STYLE_FILL_AREA(#2897);
#2897 = FILL_AREA_STYLE('',(#2898));
#2898 = FILL_AREA_STYLE_COLOUR('',#2899);
#2899 = COLOUR_RGB('',0.896243869286,0.809468152636,0.546854272638);
ENDSEC;
END-ISO-10303-21;
