ISO-10303-21;
HEADER;
FILE_DESCRIPTION(('PYTHON 1300 48-pin LCC, typ dimensions'),'2;1');
FILE_NAME('NOIP1SN1300A_LCC48','2026-08-07T00:00:00',('AuV2-SLI'),('University of Kentucky'),'gen_sensor_step.py','gen_sensor_step.py','');
FILE_SCHEMA(('AUTOMOTIVE_DESIGN { 1 0 10303 214 1 1 1 1 }'));
ENDSEC;
DATA;
#1=CARTESIAN_POINT('',(-6.91,-7.11,1.7));
#2=VERTEX_POINT('',#1);
#3=CARTESIAN_POINT('',(-5.843,-7.11,1.7));
#4=VERTEX_POINT('',#3);
#5=CARTESIAN_POINT('',(-5.843,-6.92,1.7));
#6=VERTEX_POINT('',#5);
#7=CARTESIAN_POINT('',(-5.333,-6.92,1.7));
#8=VERTEX_POINT('',#7);
#9=CARTESIAN_POINT('',(-5.333,-7.11,1.7));
#10=VERTEX_POINT('',#9);
#11=CARTESIAN_POINT('',(-4.827,-7.11,1.7));
#12=VERTEX_POINT('',#11);
#13=CARTESIAN_POINT('',(-4.827,-6.92,1.7));
#14=VERTEX_POINT('',#13);
#15=CARTESIAN_POINT('',(-4.317,-6.92,1.7));
#16=VERTEX_POINT('',#15);
#17=CARTESIAN_POINT('',(-4.317,-7.11,1.7));
#18=VERTEX_POINT('',#17);
#19=CARTESIAN_POINT('',(-3.811,-7.11,1.7));
#20=VERTEX_POINT('',#19);
#21=CARTESIAN_POINT('',(-3.811,-6.92,1.7));
#22=VERTEX_POINT('',#21);
#23=CARTESIAN_POINT('',(-3.301,-6.92,1.7));
#24=VERTEX_POINT('',#23);
#25=CARTESIAN_POINT('',(-3.301,-7.11,1.7));
#26=VERTEX_POINT('',#25);
#27=CARTESIAN_POINT('',(-2.795,-7.11,1.7));
#28=VERTEX_POINT('',#27);
#29=CARTESIAN_POINT('',(-2.795,-6.92,1.7));
#30=VERTEX_POINT('',#29);
#31=CARTESIAN_POINT('',(-2.285,-6.92,1.7));
#32=VERTEX_POINT('',#31);
#33=CARTESIAN_POINT('',(-2.285,-7.11,1.7));
#34=VERTEX_POINT('',#33);
#35=CARTESIAN_POINT('',(-1.779,-7.11,1.7));
#36=VERTEX_POINT('',#35);
#37=CARTESIAN_POINT('',(-1.779,-6.92,1.7));
#38=VERTEX_POINT('',#37);
#39=CARTESIAN_POINT('',(-1.269,-6.92,1.7));
#40=VERTEX_POINT('',#39);
#41=CARTESIAN_POINT('',(-1.269,-7.11,1.7));
#42=VERTEX_POINT('',#41);
#43=CARTESIAN_POINT('',(-0.763,-7.11,1.7));
#44=VERTEX_POINT('',#43);
#45=CARTESIAN_POINT('',(-0.763,-6.92,1.7));
#46=VERTEX_POINT('',#45);
#47=CARTESIAN_POINT('',(-0.253,-6.92,1.7));
#48=VERTEX_POINT('',#47);
#49=CARTESIAN_POINT('',(-0.253,-7.11,1.7));
#50=VERTEX_POINT('',#49);
#51=CARTESIAN_POINT('',(0.253,-7.11,1.7));
#52=VERTEX_POINT('',#51);
#53=CARTESIAN_POINT('',(0.253,-6.92,1.7));
#54=VERTEX_POINT('',#53);
#55=CARTESIAN_POINT('',(0.763,-6.92,1.7));
#56=VERTEX_POINT('',#55);
#57=CARTESIAN_POINT('',(0.763,-7.11,1.7));
#58=VERTEX_POINT('',#57);
#59=CARTESIAN_POINT('',(1.269,-7.11,1.7));
#60=VERTEX_POINT('',#59);
#61=CARTESIAN_POINT('',(1.269,-6.92,1.7));
#62=VERTEX_POINT('',#61);
#63=CARTESIAN_POINT('',(1.779,-6.92,1.7));
#64=VERTEX_POINT('',#63);
#65=CARTESIAN_POINT('',(1.779,-7.11,1.7));
#66=VERTEX_POINT('',#65);
#67=CARTESIAN_POINT('',(2.285,-7.11,1.7));
#68=VERTEX_POINT('',#67);
#69=CARTESIAN_POINT('',(2.285,-6.92,1.7));
#70=VERTEX_POINT('',#69);
#71=CARTESIAN_POINT('',(2.795,-6.92,1.7));
#72=VERTEX_POINT('',#71);
#73=CARTESIAN_POINT('',(2.795,-7.11,1.7));
#74=VERTEX_POINT('',#73);
#75=CARTESIAN_POINT('',(3.301,-7.11,1.7));
#76=VERTEX_POINT('',#75);
#77=CARTESIAN_POINT('',(3.301,-6.92,1.7));
#78=VERTEX_POINT('',#77);
#79=CARTESIAN_POINT('',(3.811,-6.92,1.7));
#80=VERTEX_POINT('',#79);
#81=CARTESIAN_POINT('',(3.811,-7.11,1.7));
#82=VERTEX_POINT('',#81);
#83=CARTESIAN_POINT('',(4.317,-7.11,1.7));
#84=VERTEX_POINT('',#83);
#85=CARTESIAN_POINT('',(4.317,-6.92,1.7));
#86=VERTEX_POINT('',#85);
#87=CARTESIAN_POINT('',(4.827,-6.92,1.7));
#88=VERTEX_POINT('',#87);
#89=CARTESIAN_POINT('',(4.827,-7.11,1.7));
#90=VERTEX_POINT('',#89);
#91=CARTESIAN_POINT('',(5.333,-7.11,1.7));
#92=VERTEX_POINT('',#91);
#93=CARTESIAN_POINT('',(5.333,-6.92,1.7));
#94=VERTEX_POINT('',#93);
#95=CARTESIAN_POINT('',(5.843,-6.92,1.7));
#96=VERTEX_POINT('',#95);
#97=CARTESIAN_POINT('',(5.843,-7.11,1.7));
#98=VERTEX_POINT('',#97);
#99=CARTESIAN_POINT('',(6.91,-7.11,1.7));
#100=VERTEX_POINT('',#99);
#101=CARTESIAN_POINT('',(6.98653669,-7.09477591,1.7));
#102=VERTEX_POINT('',#101);
#103=CARTESIAN_POINT('',(7.05142136,-7.05142136,1.7));
#104=VERTEX_POINT('',#103);
#105=CARTESIAN_POINT('',(7.09477591,-6.98653669,1.7));
#106=VERTEX_POINT('',#105);
#107=CARTESIAN_POINT('',(7.11,-6.91,1.7));
#108=VERTEX_POINT('',#107);
#109=CARTESIAN_POINT('',(7.11,-5.843,1.7));
#110=VERTEX_POINT('',#109);
#111=CARTESIAN_POINT('',(6.92,-5.843,1.7));
#112=VERTEX_POINT('',#111);
#113=CARTESIAN_POINT('',(6.92,-5.333,1.7));
#114=VERTEX_POINT('',#113);
#115=CARTESIAN_POINT('',(7.11,-5.333,1.7));
#116=VERTEX_POINT('',#115);
#117=CARTESIAN_POINT('',(7.11,-4.827,1.7));
#118=VERTEX_POINT('',#117);
#119=CARTESIAN_POINT('',(6.92,-4.827,1.7));
#120=VERTEX_POINT('',#119);
#121=CARTESIAN_POINT('',(6.92,-4.317,1.7));
#122=VERTEX_POINT('',#121);
#123=CARTESIAN_POINT('',(7.11,-4.317,1.7));
#124=VERTEX_POINT('',#123);
#125=CARTESIAN_POINT('',(7.11,-3.811,1.7));
#126=VERTEX_POINT('',#125);
#127=CARTESIAN_POINT('',(6.92,-3.811,1.7));
#128=VERTEX_POINT('',#127);
#129=CARTESIAN_POINT('',(6.92,-3.301,1.7));
#130=VERTEX_POINT('',#129);
#131=CARTESIAN_POINT('',(7.11,-3.301,1.7));
#132=VERTEX_POINT('',#131);
#133=CARTESIAN_POINT('',(7.11,-2.795,1.7));
#134=VERTEX_POINT('',#133);
#135=CARTESIAN_POINT('',(6.92,-2.795,1.7));
#136=VERTEX_POINT('',#135);
#137=CARTESIAN_POINT('',(6.92,-2.285,1.7));
#138=VERTEX_POINT('',#137);
#139=CARTESIAN_POINT('',(7.11,-2.285,1.7));
#140=VERTEX_POINT('',#139);
#141=CARTESIAN_POINT('',(7.11,-1.779,1.7));
#142=VERTEX_POINT('',#141);
#143=CARTESIAN_POINT('',(6.92,-1.779,1.7));
#144=VERTEX_POINT('',#143);
#145=CARTESIAN_POINT('',(6.92,-1.269,1.7));
#146=VERTEX_POINT('',#145);
#147=CARTESIAN_POINT('',(7.11,-1.269,1.7));
#148=VERTEX_POINT('',#147);
#149=CARTESIAN_POINT('',(7.11,-0.763,1.7));
#150=VERTEX_POINT('',#149);
#151=CARTESIAN_POINT('',(6.92,-0.763,1.7));
#152=VERTEX_POINT('',#151);
#153=CARTESIAN_POINT('',(6.92,-0.253,1.7));
#154=VERTEX_POINT('',#153);
#155=CARTESIAN_POINT('',(7.11,-0.253,1.7));
#156=VERTEX_POINT('',#155);
#157=CARTESIAN_POINT('',(7.11,0.253,1.7));
#158=VERTEX_POINT('',#157);
#159=CARTESIAN_POINT('',(6.92,0.253,1.7));
#160=VERTEX_POINT('',#159);
#161=CARTESIAN_POINT('',(6.92,0.763,1.7));
#162=VERTEX_POINT('',#161);
#163=CARTESIAN_POINT('',(7.11,0.763,1.7));
#164=VERTEX_POINT('',#163);
#165=CARTESIAN_POINT('',(7.11,1.269,1.7));
#166=VERTEX_POINT('',#165);
#167=CARTESIAN_POINT('',(6.92,1.269,1.7));
#168=VERTEX_POINT('',#167);
#169=CARTESIAN_POINT('',(6.92,1.779,1.7));
#170=VERTEX_POINT('',#169);
#171=CARTESIAN_POINT('',(7.11,1.779,1.7));
#172=VERTEX_POINT('',#171);
#173=CARTESIAN_POINT('',(7.11,2.285,1.7));
#174=VERTEX_POINT('',#173);
#175=CARTESIAN_POINT('',(6.92,2.285,1.7));
#176=VERTEX_POINT('',#175);
#177=CARTESIAN_POINT('',(6.92,2.795,1.7));
#178=VERTEX_POINT('',#177);
#179=CARTESIAN_POINT('',(7.11,2.795,1.7));
#180=VERTEX_POINT('',#179);
#181=CARTESIAN_POINT('',(7.11,3.301,1.7));
#182=VERTEX_POINT('',#181);
#183=CARTESIAN_POINT('',(6.92,3.301,1.7));
#184=VERTEX_POINT('',#183);
#185=CARTESIAN_POINT('',(6.92,3.811,1.7));
#186=VERTEX_POINT('',#185);
#187=CARTESIAN_POINT('',(7.11,3.811,1.7));
#188=VERTEX_POINT('',#187);
#189=CARTESIAN_POINT('',(7.11,4.317,1.7));
#190=VERTEX_POINT('',#189);
#191=CARTESIAN_POINT('',(6.92,4.317,1.7));
#192=VERTEX_POINT('',#191);
#193=CARTESIAN_POINT('',(6.92,4.827,1.7));
#194=VERTEX_POINT('',#193);
#195=CARTESIAN_POINT('',(7.11,4.827,1.7));
#196=VERTEX_POINT('',#195);
#197=CARTESIAN_POINT('',(7.11,5.333,1.7));
#198=VERTEX_POINT('',#197);
#199=CARTESIAN_POINT('',(6.92,5.333,1.7));
#200=VERTEX_POINT('',#199);
#201=CARTESIAN_POINT('',(6.92,5.843,1.7));
#202=VERTEX_POINT('',#201);
#203=CARTESIAN_POINT('',(7.11,5.843,1.7));
#204=VERTEX_POINT('',#203);
#205=CARTESIAN_POINT('',(7.11,6.91,1.7));
#206=VERTEX_POINT('',#205);
#207=CARTESIAN_POINT('',(7.09477591,6.98653669,1.7));
#208=VERTEX_POINT('',#207);
#209=CARTESIAN_POINT('',(7.05142136,7.05142136,1.7));
#210=VERTEX_POINT('',#209);
#211=CARTESIAN_POINT('',(6.98653669,7.09477591,1.7));
#212=VERTEX_POINT('',#211);
#213=CARTESIAN_POINT('',(6.91,7.11,1.7));
#214=VERTEX_POINT('',#213);
#215=CARTESIAN_POINT('',(5.843,7.11,1.7));
#216=VERTEX_POINT('',#215);
#217=CARTESIAN_POINT('',(5.843,6.92,1.7));
#218=VERTEX_POINT('',#217);
#219=CARTESIAN_POINT('',(5.333,6.92,1.7));
#220=VERTEX_POINT('',#219);
#221=CARTESIAN_POINT('',(5.333,7.11,1.7));
#222=VERTEX_POINT('',#221);
#223=CARTESIAN_POINT('',(4.827,7.11,1.7));
#224=VERTEX_POINT('',#223);
#225=CARTESIAN_POINT('',(4.827,6.92,1.7));
#226=VERTEX_POINT('',#225);
#227=CARTESIAN_POINT('',(4.317,6.92,1.7));
#228=VERTEX_POINT('',#227);
#229=CARTESIAN_POINT('',(4.317,7.11,1.7));
#230=VERTEX_POINT('',#229);
#231=CARTESIAN_POINT('',(3.811,7.11,1.7));
#232=VERTEX_POINT('',#231);
#233=CARTESIAN_POINT('',(3.811,6.92,1.7));
#234=VERTEX_POINT('',#233);
#235=CARTESIAN_POINT('',(3.301,6.92,1.7));
#236=VERTEX_POINT('',#235);
#237=CARTESIAN_POINT('',(3.301,7.11,1.7));
#238=VERTEX_POINT('',#237);
#239=CARTESIAN_POINT('',(2.795,7.11,1.7));
#240=VERTEX_POINT('',#239);
#241=CARTESIAN_POINT('',(2.795,6.92,1.7));
#242=VERTEX_POINT('',#241);
#243=CARTESIAN_POINT('',(2.285,6.92,1.7));
#244=VERTEX_POINT('',#243);
#245=CARTESIAN_POINT('',(2.285,7.11,1.7));
#246=VERTEX_POINT('',#245);
#247=CARTESIAN_POINT('',(1.779,7.11,1.7));
#248=VERTEX_POINT('',#247);
#249=CARTESIAN_POINT('',(1.779,6.92,1.7));
#250=VERTEX_POINT('',#249);
#251=CARTESIAN_POINT('',(1.269,6.92,1.7));
#252=VERTEX_POINT('',#251);
#253=CARTESIAN_POINT('',(1.269,7.11,1.7));
#254=VERTEX_POINT('',#253);
#255=CARTESIAN_POINT('',(0.763,7.11,1.7));
#256=VERTEX_POINT('',#255);
#257=CARTESIAN_POINT('',(0.763,6.92,1.7));
#258=VERTEX_POINT('',#257);
#259=CARTESIAN_POINT('',(0.253,6.92,1.7));
#260=VERTEX_POINT('',#259);
#261=CARTESIAN_POINT('',(0.253,7.11,1.7));
#262=VERTEX_POINT('',#261);
#263=CARTESIAN_POINT('',(-0.253,7.11,1.7));
#264=VERTEX_POINT('',#263);
#265=CARTESIAN_POINT('',(-0.253,6.92,1.7));
#266=VERTEX_POINT('',#265);
#267=CARTESIAN_POINT('',(-0.763,6.92,1.7));
#268=VERTEX_POINT('',#267);
#269=CARTESIAN_POINT('',(-0.763,7.11,1.7));
#270=VERTEX_POINT('',#269);
#271=CARTESIAN_POINT('',(-1.269,7.11,1.7));
#272=VERTEX_POINT('',#271);
#273=CARTESIAN_POINT('',(-1.269,6.92,1.7));
#274=VERTEX_POINT('',#273);
#275=CARTESIAN_POINT('',(-1.779,6.92,1.7));
#276=VERTEX_POINT('',#275);
#277=CARTESIAN_POINT('',(-1.779,7.11,1.7));
#278=VERTEX_POINT('',#277);
#279=CARTESIAN_POINT('',(-2.285,7.11,1.7));
#280=VERTEX_POINT('',#279);
#281=CARTESIAN_POINT('',(-2.285,6.92,1.7));
#282=VERTEX_POINT('',#281);
#283=CARTESIAN_POINT('',(-2.795,6.92,1.7));
#284=VERTEX_POINT('',#283);
#285=CARTESIAN_POINT('',(-2.795,7.11,1.7));
#286=VERTEX_POINT('',#285);
#287=CARTESIAN_POINT('',(-3.301,7.11,1.7));
#288=VERTEX_POINT('',#287);
#289=CARTESIAN_POINT('',(-3.301,6.92,1.7));
#290=VERTEX_POINT('',#289);
#291=CARTESIAN_POINT('',(-3.811,6.92,1.7));
#292=VERTEX_POINT('',#291);
#293=CARTESIAN_POINT('',(-3.811,7.11,1.7));
#294=VERTEX_POINT('',#293);
#295=CARTESIAN_POINT('',(-4.317,7.11,1.7));
#296=VERTEX_POINT('',#295);
#297=CARTESIAN_POINT('',(-4.317,6.92,1.7));
#298=VERTEX_POINT('',#297);
#299=CARTESIAN_POINT('',(-4.827,6.92,1.7));
#300=VERTEX_POINT('',#299);
#301=CARTESIAN_POINT('',(-4.827,7.11,1.7));
#302=VERTEX_POINT('',#301);
#303=CARTESIAN_POINT('',(-5.333,7.11,1.7));
#304=VERTEX_POINT('',#303);
#305=CARTESIAN_POINT('',(-5.333,6.92,1.7));
#306=VERTEX_POINT('',#305);
#307=CARTESIAN_POINT('',(-5.843,6.92,1.7));
#308=VERTEX_POINT('',#307);
#309=CARTESIAN_POINT('',(-5.843,7.11,1.7));
#310=VERTEX_POINT('',#309);
#311=CARTESIAN_POINT('',(-6.91,7.11,1.7));
#312=VERTEX_POINT('',#311);
#313=CARTESIAN_POINT('',(-6.98653669,7.09477591,1.7));
#314=VERTEX_POINT('',#313);
#315=CARTESIAN_POINT('',(-7.05142136,7.05142136,1.7));
#316=VERTEX_POINT('',#315);
#317=CARTESIAN_POINT('',(-7.09477591,6.98653669,1.7));
#318=VERTEX_POINT('',#317);
#319=CARTESIAN_POINT('',(-7.11,6.91,1.7));
#320=VERTEX_POINT('',#319);
#321=CARTESIAN_POINT('',(-7.11,5.843,1.7));
#322=VERTEX_POINT('',#321);
#323=CARTESIAN_POINT('',(-6.92,5.843,1.7));
#324=VERTEX_POINT('',#323);
#325=CARTESIAN_POINT('',(-6.92,5.333,1.7));
#326=VERTEX_POINT('',#325);
#327=CARTESIAN_POINT('',(-7.11,5.333,1.7));
#328=VERTEX_POINT('',#327);
#329=CARTESIAN_POINT('',(-7.11,4.827,1.7));
#330=VERTEX_POINT('',#329);
#331=CARTESIAN_POINT('',(-6.92,4.827,1.7));
#332=VERTEX_POINT('',#331);
#333=CARTESIAN_POINT('',(-6.92,4.317,1.7));
#334=VERTEX_POINT('',#333);
#335=CARTESIAN_POINT('',(-7.11,4.317,1.7));
#336=VERTEX_POINT('',#335);
#337=CARTESIAN_POINT('',(-7.11,3.811,1.7));
#338=VERTEX_POINT('',#337);
#339=CARTESIAN_POINT('',(-6.92,3.811,1.7));
#340=VERTEX_POINT('',#339);
#341=CARTESIAN_POINT('',(-6.92,3.301,1.7));
#342=VERTEX_POINT('',#341);
#343=CARTESIAN_POINT('',(-7.11,3.301,1.7));
#344=VERTEX_POINT('',#343);
#345=CARTESIAN_POINT('',(-7.11,2.795,1.7));
#346=VERTEX_POINT('',#345);
#347=CARTESIAN_POINT('',(-6.92,2.795,1.7));
#348=VERTEX_POINT('',#347);
#349=CARTESIAN_POINT('',(-6.92,2.285,1.7));
#350=VERTEX_POINT('',#349);
#351=CARTESIAN_POINT('',(-7.11,2.285,1.7));
#352=VERTEX_POINT('',#351);
#353=CARTESIAN_POINT('',(-7.11,1.779,1.7));
#354=VERTEX_POINT('',#353);
#355=CARTESIAN_POINT('',(-6.92,1.779,1.7));
#356=VERTEX_POINT('',#355);
#357=CARTESIAN_POINT('',(-6.92,1.269,1.7));
#358=VERTEX_POINT('',#357);
#359=CARTESIAN_POINT('',(-7.11,1.269,1.7));
#360=VERTEX_POINT('',#359);
#361=CARTESIAN_POINT('',(-7.11,0.763,1.7));
#362=VERTEX_POINT('',#361);
#363=CARTESIAN_POINT('',(-6.92,0.763,1.7));
#364=VERTEX_POINT('',#363);
#365=CARTESIAN_POINT('',(-6.92,0.253,1.7));
#366=VERTEX_POINT('',#365);
#367=CARTESIAN_POINT('',(-7.11,0.253,1.7));
#368=VERTEX_POINT('',#367);
#369=CARTESIAN_POINT('',(-7.11,-0.253,1.7));
#370=VERTEX_POINT('',#369);
#371=CARTESIAN_POINT('',(-6.92,-0.253,1.7));
#372=VERTEX_POINT('',#371);
#373=CARTESIAN_POINT('',(-6.92,-0.763,1.7));
#374=VERTEX_POINT('',#373);
#375=CARTESIAN_POINT('',(-7.11,-0.763,1.7));
#376=VERTEX_POINT('',#375);
#377=CARTESIAN_POINT('',(-7.11,-1.269,1.7));
#378=VERTEX_POINT('',#377);
#379=CARTESIAN_POINT('',(-6.92,-1.269,1.7));
#380=VERTEX_POINT('',#379);
#381=CARTESIAN_POINT('',(-6.92,-1.779,1.7));
#382=VERTEX_POINT('',#381);
#383=CARTESIAN_POINT('',(-7.11,-1.779,1.7));
#384=VERTEX_POINT('',#383);
#385=CARTESIAN_POINT('',(-7.11,-2.285,1.7));
#386=VERTEX_POINT('',#385);
#387=CARTESIAN_POINT('',(-6.92,-2.285,1.7));
#388=VERTEX_POINT('',#387);
#389=CARTESIAN_POINT('',(-6.92,-2.795,1.7));
#390=VERTEX_POINT('',#389);
#391=CARTESIAN_POINT('',(-7.11,-2.795,1.7));
#392=VERTEX_POINT('',#391);
#393=CARTESIAN_POINT('',(-7.11,-3.301,1.7));
#394=VERTEX_POINT('',#393);
#395=CARTESIAN_POINT('',(-6.92,-3.301,1.7));
#396=VERTEX_POINT('',#395);
#397=CARTESIAN_POINT('',(-6.92,-3.811,1.7));
#398=VERTEX_POINT('',#397);
#399=CARTESIAN_POINT('',(-7.11,-3.811,1.7));
#400=VERTEX_POINT('',#399);
#401=CARTESIAN_POINT('',(-7.11,-4.317,1.7));
#402=VERTEX_POINT('',#401);
#403=CARTESIAN_POINT('',(-6.92,-4.317,1.7));
#404=VERTEX_POINT('',#403);
#405=CARTESIAN_POINT('',(-6.92,-4.827,1.7));
#406=VERTEX_POINT('',#405);
#407=CARTESIAN_POINT('',(-7.11,-4.827,1.7));
#408=VERTEX_POINT('',#407);
#409=CARTESIAN_POINT('',(-7.11,-5.333,1.7));
#410=VERTEX_POINT('',#409);
#411=CARTESIAN_POINT('',(-6.92,-5.333,1.7));
#412=VERTEX_POINT('',#411);
#413=CARTESIAN_POINT('',(-6.92,-5.843,1.7));
#414=VERTEX_POINT('',#413);
#415=CARTESIAN_POINT('',(-7.11,-5.843,1.7));
#416=VERTEX_POINT('',#415);
#417=CARTESIAN_POINT('',(-7.11,-6.91,1.7));
#418=VERTEX_POINT('',#417);
#419=CARTESIAN_POINT('',(-7.09477591,-6.98653669,1.7));
#420=VERTEX_POINT('',#419);
#421=CARTESIAN_POINT('',(-7.05142136,-7.05142136,1.7));
#422=VERTEX_POINT('',#421);
#423=CARTESIAN_POINT('',(-6.98653669,-7.09477591,1.7));
#424=VERTEX_POINT('',#423);
#425=DIRECTION('',(1.,0.,0.));
#426=VECTOR('',#425,1.);
#427=LINE('',#1,#426);
#428=EDGE_CURVE('',#2,#4,#427,.T.);
#429=ORIENTED_EDGE('',*,*,#428,.T.);
#430=DIRECTION('',(0.,1.,0.));
#431=VECTOR('',#430,1.);
#432=LINE('',#3,#431);
#433=EDGE_CURVE('',#4,#6,#432,.T.);
#434=ORIENTED_EDGE('',*,*,#433,.T.);
#435=VECTOR('',#425,1.);
#436=LINE('',#5,#435);
#437=EDGE_CURVE('',#6,#8,#436,.T.);
#438=ORIENTED_EDGE('',*,*,#437,.T.);
#439=VECTOR('',#430,1.);
#440=LINE('',#9,#439);
#441=EDGE_CURVE('',#10,#8,#440,.T.);
#442=ORIENTED_EDGE('',*,*,#441,.F.);
#443=VECTOR('',#425,1.);
#444=LINE('',#9,#443);
#445=EDGE_CURVE('',#10,#12,#444,.T.);
#446=ORIENTED_EDGE('',*,*,#445,.T.);
#447=VECTOR('',#430,1.);
#448=LINE('',#11,#447);
#449=EDGE_CURVE('',#12,#14,#448,.T.);
#450=ORIENTED_EDGE('',*,*,#449,.T.);
#451=VECTOR('',#425,1.);
#452=LINE('',#13,#451);
#453=EDGE_CURVE('',#14,#16,#452,.T.);
#454=ORIENTED_EDGE('',*,*,#453,.T.);
#455=VECTOR('',#430,1.);
#456=LINE('',#17,#455);
#457=EDGE_CURVE('',#18,#16,#456,.T.);
#458=ORIENTED_EDGE('',*,*,#457,.F.);
#459=VECTOR('',#425,1.);
#460=LINE('',#17,#459);
#461=EDGE_CURVE('',#18,#20,#460,.T.);
#462=ORIENTED_EDGE('',*,*,#461,.T.);
#463=VECTOR('',#430,1.);
#464=LINE('',#19,#463);
#465=EDGE_CURVE('',#20,#22,#464,.T.);
#466=ORIENTED_EDGE('',*,*,#465,.T.);
#467=VECTOR('',#425,1.);
#468=LINE('',#21,#467);
#469=EDGE_CURVE('',#22,#24,#468,.T.);
#470=ORIENTED_EDGE('',*,*,#469,.T.);
#471=VECTOR('',#430,1.);
#472=LINE('',#25,#471);
#473=EDGE_CURVE('',#26,#24,#472,.T.);
#474=ORIENTED_EDGE('',*,*,#473,.F.);
#475=VECTOR('',#425,1.);
#476=LINE('',#25,#475);
#477=EDGE_CURVE('',#26,#28,#476,.T.);
#478=ORIENTED_EDGE('',*,*,#477,.T.);
#479=VECTOR('',#430,1.);
#480=LINE('',#27,#479);
#481=EDGE_CURVE('',#28,#30,#480,.T.);
#482=ORIENTED_EDGE('',*,*,#481,.T.);
#483=VECTOR('',#425,1.);
#484=LINE('',#29,#483);
#485=EDGE_CURVE('',#30,#32,#484,.T.);
#486=ORIENTED_EDGE('',*,*,#485,.T.);
#487=VECTOR('',#430,1.);
#488=LINE('',#33,#487);
#489=EDGE_CURVE('',#34,#32,#488,.T.);
#490=ORIENTED_EDGE('',*,*,#489,.F.);
#491=VECTOR('',#425,1.);
#492=LINE('',#33,#491);
#493=EDGE_CURVE('',#34,#36,#492,.T.);
#494=ORIENTED_EDGE('',*,*,#493,.T.);
#495=VECTOR('',#430,1.);
#496=LINE('',#35,#495);
#497=EDGE_CURVE('',#36,#38,#496,.T.);
#498=ORIENTED_EDGE('',*,*,#497,.T.);
#499=VECTOR('',#425,1.);
#500=LINE('',#37,#499);
#501=EDGE_CURVE('',#38,#40,#500,.T.);
#502=ORIENTED_EDGE('',*,*,#501,.T.);
#503=VECTOR('',#430,1.);
#504=LINE('',#41,#503);
#505=EDGE_CURVE('',#42,#40,#504,.T.);
#506=ORIENTED_EDGE('',*,*,#505,.F.);
#507=VECTOR('',#425,1.);
#508=LINE('',#41,#507);
#509=EDGE_CURVE('',#42,#44,#508,.T.);
#510=ORIENTED_EDGE('',*,*,#509,.T.);
#511=VECTOR('',#430,1.);
#512=LINE('',#43,#511);
#513=EDGE_CURVE('',#44,#46,#512,.T.);
#514=ORIENTED_EDGE('',*,*,#513,.T.);
#515=VECTOR('',#425,1.);
#516=LINE('',#45,#515);
#517=EDGE_CURVE('',#46,#48,#516,.T.);
#518=ORIENTED_EDGE('',*,*,#517,.T.);
#519=VECTOR('',#430,1.);
#520=LINE('',#49,#519);
#521=EDGE_CURVE('',#50,#48,#520,.T.);
#522=ORIENTED_EDGE('',*,*,#521,.F.);
#523=VECTOR('',#425,1.);
#524=LINE('',#49,#523);
#525=EDGE_CURVE('',#50,#52,#524,.T.);
#526=ORIENTED_EDGE('',*,*,#525,.T.);
#527=VECTOR('',#430,1.);
#528=LINE('',#51,#527);
#529=EDGE_CURVE('',#52,#54,#528,.T.);
#530=ORIENTED_EDGE('',*,*,#529,.T.);
#531=VECTOR('',#425,1.);
#532=LINE('',#53,#531);
#533=EDGE_CURVE('',#54,#56,#532,.T.);
#534=ORIENTED_EDGE('',*,*,#533,.T.);
#535=VECTOR('',#430,1.);
#536=LINE('',#57,#535);
#537=EDGE_CURVE('',#58,#56,#536,.T.);
#538=ORIENTED_EDGE('',*,*,#537,.F.);
#539=VECTOR('',#425,1.);
#540=LINE('',#57,#539);
#541=EDGE_CURVE('',#58,#60,#540,.T.);
#542=ORIENTED_EDGE('',*,*,#541,.T.);
#543=VECTOR('',#430,1.);
#544=LINE('',#59,#543);
#545=EDGE_CURVE('',#60,#62,#544,.T.);
#546=ORIENTED_EDGE('',*,*,#545,.T.);
#547=VECTOR('',#425,1.);
#548=LINE('',#61,#547);
#549=EDGE_CURVE('',#62,#64,#548,.T.);
#550=ORIENTED_EDGE('',*,*,#549,.T.);
#551=VECTOR('',#430,1.);
#552=LINE('',#65,#551);
#553=EDGE_CURVE('',#66,#64,#552,.T.);
#554=ORIENTED_EDGE('',*,*,#553,.F.);
#555=VECTOR('',#425,1.);
#556=LINE('',#65,#555);
#557=EDGE_CURVE('',#66,#68,#556,.T.);
#558=ORIENTED_EDGE('',*,*,#557,.T.);
#559=VECTOR('',#430,1.);
#560=LINE('',#67,#559);
#561=EDGE_CURVE('',#68,#70,#560,.T.);
#562=ORIENTED_EDGE('',*,*,#561,.T.);
#563=VECTOR('',#425,1.);
#564=LINE('',#69,#563);
#565=EDGE_CURVE('',#70,#72,#564,.T.);
#566=ORIENTED_EDGE('',*,*,#565,.T.);
#567=VECTOR('',#430,1.);
#568=LINE('',#73,#567);
#569=EDGE_CURVE('',#74,#72,#568,.T.);
#570=ORIENTED_EDGE('',*,*,#569,.F.);
#571=VECTOR('',#425,1.);
#572=LINE('',#73,#571);
#573=EDGE_CURVE('',#74,#76,#572,.T.);
#574=ORIENTED_EDGE('',*,*,#573,.T.);
#575=VECTOR('',#430,1.);
#576=LINE('',#75,#575);
#577=EDGE_CURVE('',#76,#78,#576,.T.);
#578=ORIENTED_EDGE('',*,*,#577,.T.);
#579=VECTOR('',#425,1.);
#580=LINE('',#77,#579);
#581=EDGE_CURVE('',#78,#80,#580,.T.);
#582=ORIENTED_EDGE('',*,*,#581,.T.);
#583=VECTOR('',#430,1.);
#584=LINE('',#81,#583);
#585=EDGE_CURVE('',#82,#80,#584,.T.);
#586=ORIENTED_EDGE('',*,*,#585,.F.);
#587=VECTOR('',#425,1.);
#588=LINE('',#81,#587);
#589=EDGE_CURVE('',#82,#84,#588,.T.);
#590=ORIENTED_EDGE('',*,*,#589,.T.);
#591=VECTOR('',#430,1.);
#592=LINE('',#83,#591);
#593=EDGE_CURVE('',#84,#86,#592,.T.);
#594=ORIENTED_EDGE('',*,*,#593,.T.);
#595=VECTOR('',#425,1.);
#596=LINE('',#85,#595);
#597=EDGE_CURVE('',#86,#88,#596,.T.);
#598=ORIENTED_EDGE('',*,*,#597,.T.);
#599=VECTOR('',#430,1.);
#600=LINE('',#89,#599);
#601=EDGE_CURVE('',#90,#88,#600,.T.);
#602=ORIENTED_EDGE('',*,*,#601,.F.);
#603=VECTOR('',#425,1.);
#604=LINE('',#89,#603);
#605=EDGE_CURVE('',#90,#92,#604,.T.);
#606=ORIENTED_EDGE('',*,*,#605,.T.);
#607=VECTOR('',#430,1.);
#608=LINE('',#91,#607);
#609=EDGE_CURVE('',#92,#94,#608,.T.);
#610=ORIENTED_EDGE('',*,*,#609,.T.);
#611=VECTOR('',#425,1.);
#612=LINE('',#93,#611);
#613=EDGE_CURVE('',#94,#96,#612,.T.);
#614=ORIENTED_EDGE('',*,*,#613,.T.);
#615=VECTOR('',#430,1.);
#616=LINE('',#97,#615);
#617=EDGE_CURVE('',#98,#96,#616,.T.);
#618=ORIENTED_EDGE('',*,*,#617,.F.);
#619=VECTOR('',#425,1.);
#620=LINE('',#97,#619);
#621=EDGE_CURVE('',#98,#100,#620,.T.);
#622=ORIENTED_EDGE('',*,*,#621,.T.);
#623=DIRECTION('',(0.980785281,0.195090317,0.));
#624=VECTOR('',#623,1.);
#625=LINE('',#99,#624);
#626=EDGE_CURVE('',#100,#102,#625,.T.);
#627=ORIENTED_EDGE('',*,*,#626,.T.);
#628=DIRECTION('',(0.831469609,0.555570238,0.));
#629=VECTOR('',#628,1.);
#630=LINE('',#101,#629);
#631=EDGE_CURVE('',#102,#104,#630,.T.);
#632=ORIENTED_EDGE('',*,*,#631,.T.);
#633=DIRECTION('',(0.555570238,0.831469609,0.));
#634=VECTOR('',#633,1.);
#635=LINE('',#103,#634);
#636=EDGE_CURVE('',#104,#106,#635,.T.);
#637=ORIENTED_EDGE('',*,*,#636,.T.);
#638=DIRECTION('',(0.195090317,0.980785281,0.));
#639=VECTOR('',#638,1.);
#640=LINE('',#105,#639);
#641=EDGE_CURVE('',#106,#108,#640,.T.);
#642=ORIENTED_EDGE('',*,*,#641,.T.);
#643=VECTOR('',#430,1.);
#644=LINE('',#107,#643);
#645=EDGE_CURVE('',#108,#110,#644,.T.);
#646=ORIENTED_EDGE('',*,*,#645,.T.);
#647=VECTOR('',#425,1.);
#648=LINE('',#111,#647);
#649=EDGE_CURVE('',#112,#110,#648,.T.);
#650=ORIENTED_EDGE('',*,*,#649,.F.);
#651=VECTOR('',#430,1.);
#652=LINE('',#111,#651);
#653=EDGE_CURVE('',#112,#114,#652,.T.);
#654=ORIENTED_EDGE('',*,*,#653,.T.);
#655=VECTOR('',#425,1.);
#656=LINE('',#113,#655);
#657=EDGE_CURVE('',#114,#116,#656,.T.);
#658=ORIENTED_EDGE('',*,*,#657,.T.);
#659=VECTOR('',#430,1.);
#660=LINE('',#115,#659);
#661=EDGE_CURVE('',#116,#118,#660,.T.);
#662=ORIENTED_EDGE('',*,*,#661,.T.);
#663=VECTOR('',#425,1.);
#664=LINE('',#119,#663);
#665=EDGE_CURVE('',#120,#118,#664,.T.);
#666=ORIENTED_EDGE('',*,*,#665,.F.);
#667=VECTOR('',#430,1.);
#668=LINE('',#119,#667);
#669=EDGE_CURVE('',#120,#122,#668,.T.);
#670=ORIENTED_EDGE('',*,*,#669,.T.);
#671=VECTOR('',#425,1.);
#672=LINE('',#121,#671);
#673=EDGE_CURVE('',#122,#124,#672,.T.);
#674=ORIENTED_EDGE('',*,*,#673,.T.);
#675=VECTOR('',#430,1.);
#676=LINE('',#123,#675);
#677=EDGE_CURVE('',#124,#126,#676,.T.);
#678=ORIENTED_EDGE('',*,*,#677,.T.);
#679=VECTOR('',#425,1.);
#680=LINE('',#127,#679);
#681=EDGE_CURVE('',#128,#126,#680,.T.);
#682=ORIENTED_EDGE('',*,*,#681,.F.);
#683=VECTOR('',#430,1.);
#684=LINE('',#127,#683);
#685=EDGE_CURVE('',#128,#130,#684,.T.);
#686=ORIENTED_EDGE('',*,*,#685,.T.);
#687=VECTOR('',#425,1.);
#688=LINE('',#129,#687);
#689=EDGE_CURVE('',#130,#132,#688,.T.);
#690=ORIENTED_EDGE('',*,*,#689,.T.);
#691=VECTOR('',#430,1.);
#692=LINE('',#131,#691);
#693=EDGE_CURVE('',#132,#134,#692,.T.);
#694=ORIENTED_EDGE('',*,*,#693,.T.);
#695=VECTOR('',#425,1.);
#696=LINE('',#135,#695);
#697=EDGE_CURVE('',#136,#134,#696,.T.);
#698=ORIENTED_EDGE('',*,*,#697,.F.);
#699=VECTOR('',#430,1.);
#700=LINE('',#135,#699);
#701=EDGE_CURVE('',#136,#138,#700,.T.);
#702=ORIENTED_EDGE('',*,*,#701,.T.);
#703=VECTOR('',#425,1.);
#704=LINE('',#137,#703);
#705=EDGE_CURVE('',#138,#140,#704,.T.);
#706=ORIENTED_EDGE('',*,*,#705,.T.);
#707=VECTOR('',#430,1.);
#708=LINE('',#139,#707);
#709=EDGE_CURVE('',#140,#142,#708,.T.);
#710=ORIENTED_EDGE('',*,*,#709,.T.);
#711=VECTOR('',#425,1.);
#712=LINE('',#143,#711);
#713=EDGE_CURVE('',#144,#142,#712,.T.);
#714=ORIENTED_EDGE('',*,*,#713,.F.);
#715=VECTOR('',#430,1.);
#716=LINE('',#143,#715);
#717=EDGE_CURVE('',#144,#146,#716,.T.);
#718=ORIENTED_EDGE('',*,*,#717,.T.);
#719=VECTOR('',#425,1.);
#720=LINE('',#145,#719);
#721=EDGE_CURVE('',#146,#148,#720,.T.);
#722=ORIENTED_EDGE('',*,*,#721,.T.);
#723=VECTOR('',#430,1.);
#724=LINE('',#147,#723);
#725=EDGE_CURVE('',#148,#150,#724,.T.);
#726=ORIENTED_EDGE('',*,*,#725,.T.);
#727=VECTOR('',#425,1.);
#728=LINE('',#151,#727);
#729=EDGE_CURVE('',#152,#150,#728,.T.);
#730=ORIENTED_EDGE('',*,*,#729,.F.);
#731=VECTOR('',#430,1.);
#732=LINE('',#151,#731);
#733=EDGE_CURVE('',#152,#154,#732,.T.);
#734=ORIENTED_EDGE('',*,*,#733,.T.);
#735=VECTOR('',#425,1.);
#736=LINE('',#153,#735);
#737=EDGE_CURVE('',#154,#156,#736,.T.);
#738=ORIENTED_EDGE('',*,*,#737,.T.);
#739=VECTOR('',#430,1.);
#740=LINE('',#155,#739);
#741=EDGE_CURVE('',#156,#158,#740,.T.);
#742=ORIENTED_EDGE('',*,*,#741,.T.);
#743=VECTOR('',#425,1.);
#744=LINE('',#159,#743);
#745=EDGE_CURVE('',#160,#158,#744,.T.);
#746=ORIENTED_EDGE('',*,*,#745,.F.);
#747=VECTOR('',#430,1.);
#748=LINE('',#159,#747);
#749=EDGE_CURVE('',#160,#162,#748,.T.);
#750=ORIENTED_EDGE('',*,*,#749,.T.);
#751=VECTOR('',#425,1.);
#752=LINE('',#161,#751);
#753=EDGE_CURVE('',#162,#164,#752,.T.);
#754=ORIENTED_EDGE('',*,*,#753,.T.);
#755=VECTOR('',#430,1.);
#756=LINE('',#163,#755);
#757=EDGE_CURVE('',#164,#166,#756,.T.);
#758=ORIENTED_EDGE('',*,*,#757,.T.);
#759=VECTOR('',#425,1.);
#760=LINE('',#167,#759);
#761=EDGE_CURVE('',#168,#166,#760,.T.);
#762=ORIENTED_EDGE('',*,*,#761,.F.);
#763=VECTOR('',#430,1.);
#764=LINE('',#167,#763);
#765=EDGE_CURVE('',#168,#170,#764,.T.);
#766=ORIENTED_EDGE('',*,*,#765,.T.);
#767=VECTOR('',#425,1.);
#768=LINE('',#169,#767);
#769=EDGE_CURVE('',#170,#172,#768,.T.);
#770=ORIENTED_EDGE('',*,*,#769,.T.);
#771=VECTOR('',#430,1.);
#772=LINE('',#171,#771);
#773=EDGE_CURVE('',#172,#174,#772,.T.);
#774=ORIENTED_EDGE('',*,*,#773,.T.);
#775=VECTOR('',#425,1.);
#776=LINE('',#175,#775);
#777=EDGE_CURVE('',#176,#174,#776,.T.);
#778=ORIENTED_EDGE('',*,*,#777,.F.);
#779=VECTOR('',#430,1.);
#780=LINE('',#175,#779);
#781=EDGE_CURVE('',#176,#178,#780,.T.);
#782=ORIENTED_EDGE('',*,*,#781,.T.);
#783=VECTOR('',#425,1.);
#784=LINE('',#177,#783);
#785=EDGE_CURVE('',#178,#180,#784,.T.);
#786=ORIENTED_EDGE('',*,*,#785,.T.);
#787=VECTOR('',#430,1.);
#788=LINE('',#179,#787);
#789=EDGE_CURVE('',#180,#182,#788,.T.);
#790=ORIENTED_EDGE('',*,*,#789,.T.);
#791=VECTOR('',#425,1.);
#792=LINE('',#183,#791);
#793=EDGE_CURVE('',#184,#182,#792,.T.);
#794=ORIENTED_EDGE('',*,*,#793,.F.);
#795=VECTOR('',#430,1.);
#796=LINE('',#183,#795);
#797=EDGE_CURVE('',#184,#186,#796,.T.);
#798=ORIENTED_EDGE('',*,*,#797,.T.);
#799=VECTOR('',#425,1.);
#800=LINE('',#185,#799);
#801=EDGE_CURVE('',#186,#188,#800,.T.);
#802=ORIENTED_EDGE('',*,*,#801,.T.);
#803=VECTOR('',#430,1.);
#804=LINE('',#187,#803);
#805=EDGE_CURVE('',#188,#190,#804,.T.);
#806=ORIENTED_EDGE('',*,*,#805,.T.);
#807=VECTOR('',#425,1.);
#808=LINE('',#191,#807);
#809=EDGE_CURVE('',#192,#190,#808,.T.);
#810=ORIENTED_EDGE('',*,*,#809,.F.);
#811=VECTOR('',#430,1.);
#812=LINE('',#191,#811);
#813=EDGE_CURVE('',#192,#194,#812,.T.);
#814=ORIENTED_EDGE('',*,*,#813,.T.);
#815=VECTOR('',#425,1.);
#816=LINE('',#193,#815);
#817=EDGE_CURVE('',#194,#196,#816,.T.);
#818=ORIENTED_EDGE('',*,*,#817,.T.);
#819=VECTOR('',#430,1.);
#820=LINE('',#195,#819);
#821=EDGE_CURVE('',#196,#198,#820,.T.);
#822=ORIENTED_EDGE('',*,*,#821,.T.);
#823=VECTOR('',#425,1.);
#824=LINE('',#199,#823);
#825=EDGE_CURVE('',#200,#198,#824,.T.);
#826=ORIENTED_EDGE('',*,*,#825,.F.);
#827=VECTOR('',#430,1.);
#828=LINE('',#199,#827);
#829=EDGE_CURVE('',#200,#202,#828,.T.);
#830=ORIENTED_EDGE('',*,*,#829,.T.);
#831=VECTOR('',#425,1.);
#832=LINE('',#201,#831);
#833=EDGE_CURVE('',#202,#204,#832,.T.);
#834=ORIENTED_EDGE('',*,*,#833,.T.);
#835=VECTOR('',#430,1.);
#836=LINE('',#203,#835);
#837=EDGE_CURVE('',#204,#206,#836,.T.);
#838=ORIENTED_EDGE('',*,*,#837,.T.);
#839=DIRECTION('',(0.195090317,-0.980785281,0.));
#840=VECTOR('',#839,1.);
#841=LINE('',#207,#840);
#842=EDGE_CURVE('',#208,#206,#841,.T.);
#843=ORIENTED_EDGE('',*,*,#842,.F.);
#844=DIRECTION('',(0.555570238,-0.831469609,0.));
#845=VECTOR('',#844,1.);
#846=LINE('',#209,#845);
#847=EDGE_CURVE('',#210,#208,#846,.T.);
#848=ORIENTED_EDGE('',*,*,#847,.F.);
#849=DIRECTION('',(0.831469609,-0.555570238,0.));
#850=VECTOR('',#849,1.);
#851=LINE('',#211,#850);
#852=EDGE_CURVE('',#212,#210,#851,.T.);
#853=ORIENTED_EDGE('',*,*,#852,.F.);
#854=DIRECTION('',(0.980785281,-0.195090317,0.));
#855=VECTOR('',#854,1.);
#856=LINE('',#213,#855);
#857=EDGE_CURVE('',#214,#212,#856,.T.);
#858=ORIENTED_EDGE('',*,*,#857,.F.);
#859=VECTOR('',#425,1.);
#860=LINE('',#215,#859);
#861=EDGE_CURVE('',#216,#214,#860,.T.);
#862=ORIENTED_EDGE('',*,*,#861,.F.);
#863=VECTOR('',#430,1.);
#864=LINE('',#217,#863);
#865=EDGE_CURVE('',#218,#216,#864,.T.);
#866=ORIENTED_EDGE('',*,*,#865,.F.);
#867=VECTOR('',#425,1.);
#868=LINE('',#219,#867);
#869=EDGE_CURVE('',#220,#218,#868,.T.);
#870=ORIENTED_EDGE('',*,*,#869,.F.);
#871=VECTOR('',#430,1.);
#872=LINE('',#219,#871);
#873=EDGE_CURVE('',#220,#222,#872,.T.);
#874=ORIENTED_EDGE('',*,*,#873,.T.);
#875=VECTOR('',#425,1.);
#876=LINE('',#223,#875);
#877=EDGE_CURVE('',#224,#222,#876,.T.);
#878=ORIENTED_EDGE('',*,*,#877,.F.);
#879=VECTOR('',#430,1.);
#880=LINE('',#225,#879);
#881=EDGE_CURVE('',#226,#224,#880,.T.);
#882=ORIENTED_EDGE('',*,*,#881,.F.);
#883=VECTOR('',#425,1.);
#884=LINE('',#227,#883);
#885=EDGE_CURVE('',#228,#226,#884,.T.);
#886=ORIENTED_EDGE('',*,*,#885,.F.);
#887=VECTOR('',#430,1.);
#888=LINE('',#227,#887);
#889=EDGE_CURVE('',#228,#230,#888,.T.);
#890=ORIENTED_EDGE('',*,*,#889,.T.);
#891=VECTOR('',#425,1.);
#892=LINE('',#231,#891);
#893=EDGE_CURVE('',#232,#230,#892,.T.);
#894=ORIENTED_EDGE('',*,*,#893,.F.);
#895=VECTOR('',#430,1.);
#896=LINE('',#233,#895);
#897=EDGE_CURVE('',#234,#232,#896,.T.);
#898=ORIENTED_EDGE('',*,*,#897,.F.);
#899=VECTOR('',#425,1.);
#900=LINE('',#235,#899);
#901=EDGE_CURVE('',#236,#234,#900,.T.);
#902=ORIENTED_EDGE('',*,*,#901,.F.);
#903=VECTOR('',#430,1.);
#904=LINE('',#235,#903);
#905=EDGE_CURVE('',#236,#238,#904,.T.);
#906=ORIENTED_EDGE('',*,*,#905,.T.);
#907=VECTOR('',#425,1.);
#908=LINE('',#239,#907);
#909=EDGE_CURVE('',#240,#238,#908,.T.);
#910=ORIENTED_EDGE('',*,*,#909,.F.);
#911=VECTOR('',#430,1.);
#912=LINE('',#241,#911);
#913=EDGE_CURVE('',#242,#240,#912,.T.);
#914=ORIENTED_EDGE('',*,*,#913,.F.);
#915=VECTOR('',#425,1.);
#916=LINE('',#243,#915);
#917=EDGE_CURVE('',#244,#242,#916,.T.);
#918=ORIENTED_EDGE('',*,*,#917,.F.);
#919=VECTOR('',#430,1.);
#920=LINE('',#243,#919);
#921=EDGE_CURVE('',#244,#246,#920,.T.);
#922=ORIENTED_EDGE('',*,*,#921,.T.);
#923=VECTOR('',#425,1.);
#924=LINE('',#247,#923);
#925=EDGE_CURVE('',#248,#246,#924,.T.);
#926=ORIENTED_EDGE('',*,*,#925,.F.);
#927=VECTOR('',#430,1.);
#928=LINE('',#249,#927);
#929=EDGE_CURVE('',#250,#248,#928,.T.);
#930=ORIENTED_EDGE('',*,*,#929,.F.);
#931=VECTOR('',#425,1.);
#932=LINE('',#251,#931);
#933=EDGE_CURVE('',#252,#250,#932,.T.);
#934=ORIENTED_EDGE('',*,*,#933,.F.);
#935=VECTOR('',#430,1.);
#936=LINE('',#251,#935);
#937=EDGE_CURVE('',#252,#254,#936,.T.);
#938=ORIENTED_EDGE('',*,*,#937,.T.);
#939=VECTOR('',#425,1.);
#940=LINE('',#255,#939);
#941=EDGE_CURVE('',#256,#254,#940,.T.);
#942=ORIENTED_EDGE('',*,*,#941,.F.);
#943=VECTOR('',#430,1.);
#944=LINE('',#257,#943);
#945=EDGE_CURVE('',#258,#256,#944,.T.);
#946=ORIENTED_EDGE('',*,*,#945,.F.);
#947=VECTOR('',#425,1.);
#948=LINE('',#259,#947);
#949=EDGE_CURVE('',#260,#258,#948,.T.);
#950=ORIENTED_EDGE('',*,*,#949,.F.);
#951=VECTOR('',#430,1.);
#952=LINE('',#259,#951);
#953=EDGE_CURVE('',#260,#262,#952,.T.);
#954=ORIENTED_EDGE('',*,*,#953,.T.);
#955=VECTOR('',#425,1.);
#956=LINE('',#263,#955);
#957=EDGE_CURVE('',#264,#262,#956,.T.);
#958=ORIENTED_EDGE('',*,*,#957,.F.);
#959=VECTOR('',#430,1.);
#960=LINE('',#265,#959);
#961=EDGE_CURVE('',#266,#264,#960,.T.);
#962=ORIENTED_EDGE('',*,*,#961,.F.);
#963=VECTOR('',#425,1.);
#964=LINE('',#267,#963);
#965=EDGE_CURVE('',#268,#266,#964,.T.);
#966=ORIENTED_EDGE('',*,*,#965,.F.);
#967=VECTOR('',#430,1.);
#968=LINE('',#267,#967);
#969=EDGE_CURVE('',#268,#270,#968,.T.);
#970=ORIENTED_EDGE('',*,*,#969,.T.);
#971=VECTOR('',#425,1.);
#972=LINE('',#271,#971);
#973=EDGE_CURVE('',#272,#270,#972,.T.);
#974=ORIENTED_EDGE('',*,*,#973,.F.);
#975=VECTOR('',#430,1.);
#976=LINE('',#273,#975);
#977=EDGE_CURVE('',#274,#272,#976,.T.);
#978=ORIENTED_EDGE('',*,*,#977,.F.);
#979=VECTOR('',#425,1.);
#980=LINE('',#275,#979);
#981=EDGE_CURVE('',#276,#274,#980,.T.);
#982=ORIENTED_EDGE('',*,*,#981,.F.);
#983=VECTOR('',#430,1.);
#984=LINE('',#275,#983);
#985=EDGE_CURVE('',#276,#278,#984,.T.);
#986=ORIENTED_EDGE('',*,*,#985,.T.);
#987=VECTOR('',#425,1.);
#988=LINE('',#279,#987);
#989=EDGE_CURVE('',#280,#278,#988,.T.);
#990=ORIENTED_EDGE('',*,*,#989,.F.);
#991=VECTOR('',#430,1.);
#992=LINE('',#281,#991);
#993=EDGE_CURVE('',#282,#280,#992,.T.);
#994=ORIENTED_EDGE('',*,*,#993,.F.);
#995=VECTOR('',#425,1.);
#996=LINE('',#283,#995);
#997=EDGE_CURVE('',#284,#282,#996,.T.);
#998=ORIENTED_EDGE('',*,*,#997,.F.);
#999=VECTOR('',#430,1.);
#1000=LINE('',#283,#999);
#1001=EDGE_CURVE('',#284,#286,#1000,.T.);
#1002=ORIENTED_EDGE('',*,*,#1001,.T.);
#1003=VECTOR('',#425,1.);
#1004=LINE('',#287,#1003);
#1005=EDGE_CURVE('',#288,#286,#1004,.T.);
#1006=ORIENTED_EDGE('',*,*,#1005,.F.);
#1007=VECTOR('',#430,1.);
#1008=LINE('',#289,#1007);
#1009=EDGE_CURVE('',#290,#288,#1008,.T.);
#1010=ORIENTED_EDGE('',*,*,#1009,.F.);
#1011=VECTOR('',#425,1.);
#1012=LINE('',#291,#1011);
#1013=EDGE_CURVE('',#292,#290,#1012,.T.);
#1014=ORIENTED_EDGE('',*,*,#1013,.F.);
#1015=VECTOR('',#430,1.);
#1016=LINE('',#291,#1015);
#1017=EDGE_CURVE('',#292,#294,#1016,.T.);
#1018=ORIENTED_EDGE('',*,*,#1017,.T.);
#1019=VECTOR('',#425,1.);
#1020=LINE('',#295,#1019);
#1021=EDGE_CURVE('',#296,#294,#1020,.T.);
#1022=ORIENTED_EDGE('',*,*,#1021,.F.);
#1023=VECTOR('',#430,1.);
#1024=LINE('',#297,#1023);
#1025=EDGE_CURVE('',#298,#296,#1024,.T.);
#1026=ORIENTED_EDGE('',*,*,#1025,.F.);
#1027=VECTOR('',#425,1.);
#1028=LINE('',#299,#1027);
#1029=EDGE_CURVE('',#300,#298,#1028,.T.);
#1030=ORIENTED_EDGE('',*,*,#1029,.F.);
#1031=VECTOR('',#430,1.);
#1032=LINE('',#299,#1031);
#1033=EDGE_CURVE('',#300,#302,#1032,.T.);
#1034=ORIENTED_EDGE('',*,*,#1033,.T.);
#1035=VECTOR('',#425,1.);
#1036=LINE('',#303,#1035);
#1037=EDGE_CURVE('',#304,#302,#1036,.T.);
#1038=ORIENTED_EDGE('',*,*,#1037,.F.);
#1039=VECTOR('',#430,1.);
#1040=LINE('',#305,#1039);
#1041=EDGE_CURVE('',#306,#304,#1040,.T.);
#1042=ORIENTED_EDGE('',*,*,#1041,.F.);
#1043=VECTOR('',#425,1.);
#1044=LINE('',#307,#1043);
#1045=EDGE_CURVE('',#308,#306,#1044,.T.);
#1046=ORIENTED_EDGE('',*,*,#1045,.F.);
#1047=VECTOR('',#430,1.);
#1048=LINE('',#307,#1047);
#1049=EDGE_CURVE('',#308,#310,#1048,.T.);
#1050=ORIENTED_EDGE('',*,*,#1049,.T.);
#1051=VECTOR('',#425,1.);
#1052=LINE('',#311,#1051);
#1053=EDGE_CURVE('',#312,#310,#1052,.T.);
#1054=ORIENTED_EDGE('',*,*,#1053,.F.);
#1055=VECTOR('',#623,1.);
#1056=LINE('',#313,#1055);
#1057=EDGE_CURVE('',#314,#312,#1056,.T.);
#1058=ORIENTED_EDGE('',*,*,#1057,.F.);
#1059=VECTOR('',#628,1.);
#1060=LINE('',#315,#1059);
#1061=EDGE_CURVE('',#316,#314,#1060,.T.);
#1062=ORIENTED_EDGE('',*,*,#1061,.F.);
#1063=VECTOR('',#633,1.);
#1064=LINE('',#317,#1063);
#1065=EDGE_CURVE('',#318,#316,#1064,.T.);
#1066=ORIENTED_EDGE('',*,*,#1065,.F.);
#1067=VECTOR('',#638,1.);
#1068=LINE('',#319,#1067);
#1069=EDGE_CURVE('',#320,#318,#1068,.T.);
#1070=ORIENTED_EDGE('',*,*,#1069,.F.);
#1071=VECTOR('',#430,1.);
#1072=LINE('',#321,#1071);
#1073=EDGE_CURVE('',#322,#320,#1072,.T.);
#1074=ORIENTED_EDGE('',*,*,#1073,.F.);
#1075=VECTOR('',#425,1.);
#1076=LINE('',#321,#1075);
#1077=EDGE_CURVE('',#322,#324,#1076,.T.);
#1078=ORIENTED_EDGE('',*,*,#1077,.T.);
#1079=VECTOR('',#430,1.);
#1080=LINE('',#325,#1079);
#1081=EDGE_CURVE('',#326,#324,#1080,.T.);
#1082=ORIENTED_EDGE('',*,*,#1081,.F.);
#1083=VECTOR('',#425,1.);
#1084=LINE('',#327,#1083);
#1085=EDGE_CURVE('',#328,#326,#1084,.T.);
#1086=ORIENTED_EDGE('',*,*,#1085,.F.);
#1087=VECTOR('',#430,1.);
#1088=LINE('',#329,#1087);
#1089=EDGE_CURVE('',#330,#328,#1088,.T.);
#1090=ORIENTED_EDGE('',*,*,#1089,.F.);
#1091=VECTOR('',#425,1.);
#1092=LINE('',#329,#1091);
#1093=EDGE_CURVE('',#330,#332,#1092,.T.);
#1094=ORIENTED_EDGE('',*,*,#1093,.T.);
#1095=VECTOR('',#430,1.);
#1096=LINE('',#333,#1095);
#1097=EDGE_CURVE('',#334,#332,#1096,.T.);
#1098=ORIENTED_EDGE('',*,*,#1097,.F.);
#1099=VECTOR('',#425,1.);
#1100=LINE('',#335,#1099);
#1101=EDGE_CURVE('',#336,#334,#1100,.T.);
#1102=ORIENTED_EDGE('',*,*,#1101,.F.);
#1103=VECTOR('',#430,1.);
#1104=LINE('',#337,#1103);
#1105=EDGE_CURVE('',#338,#336,#1104,.T.);
#1106=ORIENTED_EDGE('',*,*,#1105,.F.);
#1107=VECTOR('',#425,1.);
#1108=LINE('',#337,#1107);
#1109=EDGE_CURVE('',#338,#340,#1108,.T.);
#1110=ORIENTED_EDGE('',*,*,#1109,.T.);
#1111=VECTOR('',#430,1.);
#1112=LINE('',#341,#1111);
#1113=EDGE_CURVE('',#342,#340,#1112,.T.);
#1114=ORIENTED_EDGE('',*,*,#1113,.F.);
#1115=VECTOR('',#425,1.);
#1116=LINE('',#343,#1115);
#1117=EDGE_CURVE('',#344,#342,#1116,.T.);
#1118=ORIENTED_EDGE('',*,*,#1117,.F.);
#1119=VECTOR('',#430,1.);
#1120=LINE('',#345,#1119);
#1121=EDGE_CURVE('',#346,#344,#1120,.T.);
#1122=ORIENTED_EDGE('',*,*,#1121,.F.);
#1123=VECTOR('',#425,1.);
#1124=LINE('',#345,#1123);
#1125=EDGE_CURVE('',#346,#348,#1124,.T.);
#1126=ORIENTED_EDGE('',*,*,#1125,.T.);
#1127=VECTOR('',#430,1.);
#1128=LINE('',#349,#1127);
#1129=EDGE_CURVE('',#350,#348,#1128,.T.);
#1130=ORIENTED_EDGE('',*,*,#1129,.F.);
#1131=VECTOR('',#425,1.);
#1132=LINE('',#351,#1131);
#1133=EDGE_CURVE('',#352,#350,#1132,.T.);
#1134=ORIENTED_EDGE('',*,*,#1133,.F.);
#1135=VECTOR('',#430,1.);
#1136=LINE('',#353,#1135);
#1137=EDGE_CURVE('',#354,#352,#1136,.T.);
#1138=ORIENTED_EDGE('',*,*,#1137,.F.);
#1139=VECTOR('',#425,1.);
#1140=LINE('',#353,#1139);
#1141=EDGE_CURVE('',#354,#356,#1140,.T.);
#1142=ORIENTED_EDGE('',*,*,#1141,.T.);
#1143=VECTOR('',#430,1.);
#1144=LINE('',#357,#1143);
#1145=EDGE_CURVE('',#358,#356,#1144,.T.);
#1146=ORIENTED_EDGE('',*,*,#1145,.F.);
#1147=VECTOR('',#425,1.);
#1148=LINE('',#359,#1147);
#1149=EDGE_CURVE('',#360,#358,#1148,.T.);
#1150=ORIENTED_EDGE('',*,*,#1149,.F.);
#1151=VECTOR('',#430,1.);
#1152=LINE('',#361,#1151);
#1153=EDGE_CURVE('',#362,#360,#1152,.T.);
#1154=ORIENTED_EDGE('',*,*,#1153,.F.);
#1155=VECTOR('',#425,1.);
#1156=LINE('',#361,#1155);
#1157=EDGE_CURVE('',#362,#364,#1156,.T.);
#1158=ORIENTED_EDGE('',*,*,#1157,.T.);
#1159=VECTOR('',#430,1.);
#1160=LINE('',#365,#1159);
#1161=EDGE_CURVE('',#366,#364,#1160,.T.);
#1162=ORIENTED_EDGE('',*,*,#1161,.F.);
#1163=VECTOR('',#425,1.);
#1164=LINE('',#367,#1163);
#1165=EDGE_CURVE('',#368,#366,#1164,.T.);
#1166=ORIENTED_EDGE('',*,*,#1165,.F.);
#1167=VECTOR('',#430,1.);
#1168=LINE('',#369,#1167);
#1169=EDGE_CURVE('',#370,#368,#1168,.T.);
#1170=ORIENTED_EDGE('',*,*,#1169,.F.);
#1171=VECTOR('',#425,1.);
#1172=LINE('',#369,#1171);
#1173=EDGE_CURVE('',#370,#372,#1172,.T.);
#1174=ORIENTED_EDGE('',*,*,#1173,.T.);
#1175=VECTOR('',#430,1.);
#1176=LINE('',#373,#1175);
#1177=EDGE_CURVE('',#374,#372,#1176,.T.);
#1178=ORIENTED_EDGE('',*,*,#1177,.F.);
#1179=VECTOR('',#425,1.);
#1180=LINE('',#375,#1179);
#1181=EDGE_CURVE('',#376,#374,#1180,.T.);
#1182=ORIENTED_EDGE('',*,*,#1181,.F.);
#1183=VECTOR('',#430,1.);
#1184=LINE('',#377,#1183);
#1185=EDGE_CURVE('',#378,#376,#1184,.T.);
#1186=ORIENTED_EDGE('',*,*,#1185,.F.);
#1187=VECTOR('',#425,1.);
#1188=LINE('',#377,#1187);
#1189=EDGE_CURVE('',#378,#380,#1188,.T.);
#1190=ORIENTED_EDGE('',*,*,#1189,.T.);
#1191=VECTOR('',#430,1.);
#1192=LINE('',#381,#1191);
#1193=EDGE_CURVE('',#382,#380,#1192,.T.);
#1194=ORIENTED_EDGE('',*,*,#1193,.F.);
#1195=VECTOR('',#425,1.);
#1196=LINE('',#383,#1195);
#1197=EDGE_CURVE('',#384,#382,#1196,.T.);
#1198=ORIENTED_EDGE('',*,*,#1197,.F.);
#1199=VECTOR('',#430,1.);
#1200=LINE('',#385,#1199);
#1201=EDGE_CURVE('',#386,#384,#1200,.T.);
#1202=ORIENTED_EDGE('',*,*,#1201,.F.);
#1203=VECTOR('',#425,1.);
#1204=LINE('',#385,#1203);
#1205=EDGE_CURVE('',#386,#388,#1204,.T.);
#1206=ORIENTED_EDGE('',*,*,#1205,.T.);
#1207=VECTOR('',#430,1.);
#1208=LINE('',#389,#1207);
#1209=EDGE_CURVE('',#390,#388,#1208,.T.);
#1210=ORIENTED_EDGE('',*,*,#1209,.F.);
#1211=VECTOR('',#425,1.);
#1212=LINE('',#391,#1211);
#1213=EDGE_CURVE('',#392,#390,#1212,.T.);
#1214=ORIENTED_EDGE('',*,*,#1213,.F.);
#1215=VECTOR('',#430,1.);
#1216=LINE('',#393,#1215);
#1217=EDGE_CURVE('',#394,#392,#1216,.T.);
#1218=ORIENTED_EDGE('',*,*,#1217,.F.);
#1219=VECTOR('',#425,1.);
#1220=LINE('',#393,#1219);
#1221=EDGE_CURVE('',#394,#396,#1220,.T.);
#1222=ORIENTED_EDGE('',*,*,#1221,.T.);
#1223=VECTOR('',#430,1.);
#1224=LINE('',#397,#1223);
#1225=EDGE_CURVE('',#398,#396,#1224,.T.);
#1226=ORIENTED_EDGE('',*,*,#1225,.F.);
#1227=VECTOR('',#425,1.);
#1228=LINE('',#399,#1227);
#1229=EDGE_CURVE('',#400,#398,#1228,.T.);
#1230=ORIENTED_EDGE('',*,*,#1229,.F.);
#1231=VECTOR('',#430,1.);
#1232=LINE('',#401,#1231);
#1233=EDGE_CURVE('',#402,#400,#1232,.T.);
#1234=ORIENTED_EDGE('',*,*,#1233,.F.);
#1235=VECTOR('',#425,1.);
#1236=LINE('',#401,#1235);
#1237=EDGE_CURVE('',#402,#404,#1236,.T.);
#1238=ORIENTED_EDGE('',*,*,#1237,.T.);
#1239=VECTOR('',#430,1.);
#1240=LINE('',#405,#1239);
#1241=EDGE_CURVE('',#406,#404,#1240,.T.);
#1242=ORIENTED_EDGE('',*,*,#1241,.F.);
#1243=VECTOR('',#425,1.);
#1244=LINE('',#407,#1243);
#1245=EDGE_CURVE('',#408,#406,#1244,.T.);
#1246=ORIENTED_EDGE('',*,*,#1245,.F.);
#1247=VECTOR('',#430,1.);
#1248=LINE('',#409,#1247);
#1249=EDGE_CURVE('',#410,#408,#1248,.T.);
#1250=ORIENTED_EDGE('',*,*,#1249,.F.);
#1251=VECTOR('',#425,1.);
#1252=LINE('',#409,#1251);
#1253=EDGE_CURVE('',#410,#412,#1252,.T.);
#1254=ORIENTED_EDGE('',*,*,#1253,.T.);
#1255=VECTOR('',#430,1.);
#1256=LINE('',#413,#1255);
#1257=EDGE_CURVE('',#414,#412,#1256,.T.);
#1258=ORIENTED_EDGE('',*,*,#1257,.F.);
#1259=VECTOR('',#425,1.);
#1260=LINE('',#415,#1259);
#1261=EDGE_CURVE('',#416,#414,#1260,.T.);
#1262=ORIENTED_EDGE('',*,*,#1261,.F.);
#1263=VECTOR('',#430,1.);
#1264=LINE('',#417,#1263);
#1265=EDGE_CURVE('',#418,#416,#1264,.T.);
#1266=ORIENTED_EDGE('',*,*,#1265,.F.);
#1267=VECTOR('',#839,1.);
#1268=LINE('',#417,#1267);
#1269=EDGE_CURVE('',#418,#420,#1268,.T.);
#1270=ORIENTED_EDGE('',*,*,#1269,.T.);
#1271=VECTOR('',#844,1.);
#1272=LINE('',#419,#1271);
#1273=EDGE_CURVE('',#420,#422,#1272,.T.);
#1274=ORIENTED_EDGE('',*,*,#1273,.T.);
#1275=VECTOR('',#849,1.);
#1276=LINE('',#421,#1275);
#1277=EDGE_CURVE('',#422,#424,#1276,.T.);
#1278=ORIENTED_EDGE('',*,*,#1277,.T.);
#1279=VECTOR('',#854,1.);
#1280=LINE('',#423,#1279);
#1281=EDGE_CURVE('',#424,#2,#1280,.T.);
#1282=ORIENTED_EDGE('',*,*,#1281,.T.);
#1283=EDGE_LOOP('',(#429,#434,#438,#442,#446,#450,#454,#458,#462,#466,#470,#474,#478,#482,#486,#490,#494,#498,#502,#506,#510,#514,#518,#522,#526,#530,#534,#538,#542,#546,#550,#554,#558,#562,#566,#570,#574,#578,#582,#586,#590,#594,#598,#602,#606,#610,#614,#618,#622,#627,#632,#637,#642,#646,#650,#654,#658,#662,#666,#670,#674,#678,#682,#686,#690,#694,#698,#702,#706,#710,#714,#718,#722,#726,#730,#734,#738,#742,#746,#750,#754,#758,#762,#766,#770,#774,#778,#782,#786,#790,#794,#798,#802,#806,#810,#814,#818,#822,#826,#830,#834,#838,#843,#848,#853,#858,#862,#866,#870,#874,#878,#882,#886,#890,#894,#898,#902,#906,#910,#914,#918,#922,#926,#930,#934,#938,#942,#946,#950,#954,#958,#962,#966,#970,#974,#978,#982,#986,#990,#994,#998,#1002,#1006,#1010,#1014,#1018,#1022,#1026,#1030,#1034,#1038,#1042,#1046,#1050,#1054,#1058,#1062,#1066,#1070,#1074,#1078,#1082,#1086,#1090,#1094,#1098,#1102,#1106,#1110,#1114,#1118,#1122,#1126,#1130,#1134,#1138,#1142,#1146,#1150,#1154,#1158,#1162,#1166,#1170,#1174,#1178,#1182,#1186,#1190,#1194,#1198,#1202,#1206,#1210,#1214,#1218,#1222,#1226,#1230,#1234,#1238,#1242,#1246,#1250,#1254,#1258,#1262,#1266,#1270,#1274,#1278,#1282));
#1284=FACE_OUTER_BOUND('',#1283,.T.);
#1285=DIRECTION('',(0.,0.,1.));
#1286=AXIS2_PLACEMENT_3D('',#1,#1285,#430);
#1287=PLANE('',#1286);
#1288=ADVANCED_FACE('',(#1284),#1287,.T.);
#1289=CARTESIAN_POINT('',(-6.98653669,-7.09477591,0.));
#1290=VERTEX_POINT('',#1289);
#1291=CARTESIAN_POINT('',(-7.05142136,-7.05142136,0.));
#1292=VERTEX_POINT('',#1291);
#1293=CARTESIAN_POINT('',(-7.09477591,-6.98653669,0.));
#1294=VERTEX_POINT('',#1293);
#1295=CARTESIAN_POINT('',(-7.11,-6.91,0.));
#1296=VERTEX_POINT('',#1295);
#1297=CARTESIAN_POINT('',(-7.11,-5.843,0.));
#1298=VERTEX_POINT('',#1297);
#1299=CARTESIAN_POINT('',(-6.92,-5.843,0.));
#1300=VERTEX_POINT('',#1299);
#1301=CARTESIAN_POINT('',(-6.92,-5.333,0.));
#1302=VERTEX_POINT('',#1301);
#1303=CARTESIAN_POINT('',(-7.11,-5.333,0.));
#1304=VERTEX_POINT('',#1303);
#1305=CARTESIAN_POINT('',(-7.11,-4.827,0.));
#1306=VERTEX_POINT('',#1305);
#1307=CARTESIAN_POINT('',(-6.92,-4.827,0.));
#1308=VERTEX_POINT('',#1307);
#1309=CARTESIAN_POINT('',(-6.92,-4.317,0.));
#1310=VERTEX_POINT('',#1309);
#1311=CARTESIAN_POINT('',(-7.11,-4.317,0.));
#1312=VERTEX_POINT('',#1311);
#1313=CARTESIAN_POINT('',(-7.11,-3.811,0.));
#1314=VERTEX_POINT('',#1313);
#1315=CARTESIAN_POINT('',(-6.92,-3.811,0.));
#1316=VERTEX_POINT('',#1315);
#1317=CARTESIAN_POINT('',(-6.92,-3.301,0.));
#1318=VERTEX_POINT('',#1317);
#1319=CARTESIAN_POINT('',(-7.11,-3.301,0.));
#1320=VERTEX_POINT('',#1319);
#1321=CARTESIAN_POINT('',(-7.11,-2.795,0.));
#1322=VERTEX_POINT('',#1321);
#1323=CARTESIAN_POINT('',(-6.92,-2.795,0.));
#1324=VERTEX_POINT('',#1323);
#1325=CARTESIAN_POINT('',(-6.92,-2.285,0.));
#1326=VERTEX_POINT('',#1325);
#1327=CARTESIAN_POINT('',(-7.11,-2.285,0.));
#1328=VERTEX_POINT('',#1327);
#1329=CARTESIAN_POINT('',(-7.11,-1.779,0.));
#1330=VERTEX_POINT('',#1329);
#1331=CARTESIAN_POINT('',(-6.92,-1.779,0.));
#1332=VERTEX_POINT('',#1331);
#1333=CARTESIAN_POINT('',(-6.92,-1.269,0.));
#1334=VERTEX_POINT('',#1333);
#1335=CARTESIAN_POINT('',(-7.11,-1.269,0.));
#1336=VERTEX_POINT('',#1335);
#1337=CARTESIAN_POINT('',(-7.11,-0.763,0.));
#1338=VERTEX_POINT('',#1337);
#1339=CARTESIAN_POINT('',(-6.92,-0.763,0.));
#1340=VERTEX_POINT('',#1339);
#1341=CARTESIAN_POINT('',(-6.92,-0.253,0.));
#1342=VERTEX_POINT('',#1341);
#1343=CARTESIAN_POINT('',(-7.11,-0.253,0.));
#1344=VERTEX_POINT('',#1343);
#1345=CARTESIAN_POINT('',(-7.11,0.253,0.));
#1346=VERTEX_POINT('',#1345);
#1347=CARTESIAN_POINT('',(-6.92,0.253,0.));
#1348=VERTEX_POINT('',#1347);
#1349=CARTESIAN_POINT('',(-6.92,0.763,0.));
#1350=VERTEX_POINT('',#1349);
#1351=CARTESIAN_POINT('',(-7.11,0.763,0.));
#1352=VERTEX_POINT('',#1351);
#1353=CARTESIAN_POINT('',(-7.11,1.269,0.));
#1354=VERTEX_POINT('',#1353);
#1355=CARTESIAN_POINT('',(-6.92,1.269,0.));
#1356=VERTEX_POINT('',#1355);
#1357=CARTESIAN_POINT('',(-6.92,1.779,0.));
#1358=VERTEX_POINT('',#1357);
#1359=CARTESIAN_POINT('',(-7.11,1.779,0.));
#1360=VERTEX_POINT('',#1359);
#1361=CARTESIAN_POINT('',(-7.11,2.285,0.));
#1362=VERTEX_POINT('',#1361);
#1363=CARTESIAN_POINT('',(-6.92,2.285,0.));
#1364=VERTEX_POINT('',#1363);
#1365=CARTESIAN_POINT('',(-6.92,2.795,0.));
#1366=VERTEX_POINT('',#1365);
#1367=CARTESIAN_POINT('',(-7.11,2.795,0.));
#1368=VERTEX_POINT('',#1367);
#1369=CARTESIAN_POINT('',(-7.11,3.301,0.));
#1370=VERTEX_POINT('',#1369);
#1371=CARTESIAN_POINT('',(-6.92,3.301,0.));
#1372=VERTEX_POINT('',#1371);
#1373=CARTESIAN_POINT('',(-6.92,3.811,0.));
#1374=VERTEX_POINT('',#1373);
#1375=CARTESIAN_POINT('',(-7.11,3.811,0.));
#1376=VERTEX_POINT('',#1375);
#1377=CARTESIAN_POINT('',(-7.11,4.317,0.));
#1378=VERTEX_POINT('',#1377);
#1379=CARTESIAN_POINT('',(-6.92,4.317,0.));
#1380=VERTEX_POINT('',#1379);
#1381=CARTESIAN_POINT('',(-6.92,4.827,0.));
#1382=VERTEX_POINT('',#1381);
#1383=CARTESIAN_POINT('',(-7.11,4.827,0.));
#1384=VERTEX_POINT('',#1383);
#1385=CARTESIAN_POINT('',(-7.11,5.333,0.));
#1386=VERTEX_POINT('',#1385);
#1387=CARTESIAN_POINT('',(-6.92,5.333,0.));
#1388=VERTEX_POINT('',#1387);
#1389=CARTESIAN_POINT('',(-6.92,5.843,0.));
#1390=VERTEX_POINT('',#1389);
#1391=CARTESIAN_POINT('',(-7.11,5.843,0.));
#1392=VERTEX_POINT('',#1391);
#1393=CARTESIAN_POINT('',(-7.11,6.91,0.));
#1394=VERTEX_POINT('',#1393);
#1395=CARTESIAN_POINT('',(-7.09477591,6.98653669,0.));
#1396=VERTEX_POINT('',#1395);
#1397=CARTESIAN_POINT('',(-7.05142136,7.05142136,0.));
#1398=VERTEX_POINT('',#1397);
#1399=CARTESIAN_POINT('',(-6.98653669,7.09477591,0.));
#1400=VERTEX_POINT('',#1399);
#1401=CARTESIAN_POINT('',(-6.91,7.11,0.));
#1402=VERTEX_POINT('',#1401);
#1403=CARTESIAN_POINT('',(-5.843,7.11,0.));
#1404=VERTEX_POINT('',#1403);
#1405=CARTESIAN_POINT('',(-5.843,6.92,0.));
#1406=VERTEX_POINT('',#1405);
#1407=CARTESIAN_POINT('',(-5.333,6.92,0.));
#1408=VERTEX_POINT('',#1407);
#1409=CARTESIAN_POINT('',(-5.333,7.11,0.));
#1410=VERTEX_POINT('',#1409);
#1411=CARTESIAN_POINT('',(-4.827,7.11,0.));
#1412=VERTEX_POINT('',#1411);
#1413=CARTESIAN_POINT('',(-4.827,6.92,0.));
#1414=VERTEX_POINT('',#1413);
#1415=CARTESIAN_POINT('',(-4.317,6.92,0.));
#1416=VERTEX_POINT('',#1415);
#1417=CARTESIAN_POINT('',(-4.317,7.11,0.));
#1418=VERTEX_POINT('',#1417);
#1419=CARTESIAN_POINT('',(-3.811,7.11,0.));
#1420=VERTEX_POINT('',#1419);
#1421=CARTESIAN_POINT('',(-3.811,6.92,0.));
#1422=VERTEX_POINT('',#1421);
#1423=CARTESIAN_POINT('',(-3.301,6.92,0.));
#1424=VERTEX_POINT('',#1423);
#1425=CARTESIAN_POINT('',(-3.301,7.11,0.));
#1426=VERTEX_POINT('',#1425);
#1427=CARTESIAN_POINT('',(-2.795,7.11,0.));
#1428=VERTEX_POINT('',#1427);
#1429=CARTESIAN_POINT('',(-2.795,6.92,0.));
#1430=VERTEX_POINT('',#1429);
#1431=CARTESIAN_POINT('',(-2.285,6.92,0.));
#1432=VERTEX_POINT('',#1431);
#1433=CARTESIAN_POINT('',(-2.285,7.11,0.));
#1434=VERTEX_POINT('',#1433);
#1435=CARTESIAN_POINT('',(-1.779,7.11,0.));
#1436=VERTEX_POINT('',#1435);
#1437=CARTESIAN_POINT('',(-1.779,6.92,0.));
#1438=VERTEX_POINT('',#1437);
#1439=CARTESIAN_POINT('',(-1.269,6.92,0.));
#1440=VERTEX_POINT('',#1439);
#1441=CARTESIAN_POINT('',(-1.269,7.11,0.));
#1442=VERTEX_POINT('',#1441);
#1443=CARTESIAN_POINT('',(-0.763,7.11,0.));
#1444=VERTEX_POINT('',#1443);
#1445=CARTESIAN_POINT('',(-0.763,6.92,0.));
#1446=VERTEX_POINT('',#1445);
#1447=CARTESIAN_POINT('',(-0.253,6.92,0.));
#1448=VERTEX_POINT('',#1447);
#1449=CARTESIAN_POINT('',(-0.253,7.11,0.));
#1450=VERTEX_POINT('',#1449);
#1451=CARTESIAN_POINT('',(0.253,7.11,0.));
#1452=VERTEX_POINT('',#1451);
#1453=CARTESIAN_POINT('',(0.253,6.92,0.));
#1454=VERTEX_POINT('',#1453);
#1455=CARTESIAN_POINT('',(0.763,6.92,0.));
#1456=VERTEX_POINT('',#1455);
#1457=CARTESIAN_POINT('',(0.763,7.11,0.));
#1458=VERTEX_POINT('',#1457);
#1459=CARTESIAN_POINT('',(1.269,7.11,0.));
#1460=VERTEX_POINT('',#1459);
#1461=CARTESIAN_POINT('',(1.269,6.92,0.));
#1462=VERTEX_POINT('',#1461);
#1463=CARTESIAN_POINT('',(1.779,6.92,0.));
#1464=VERTEX_POINT('',#1463);
#1465=CARTESIAN_POINT('',(1.779,7.11,0.));
#1466=VERTEX_POINT('',#1465);
#1467=CARTESIAN_POINT('',(2.285,7.11,0.));
#1468=VERTEX_POINT('',#1467);
#1469=CARTESIAN_POINT('',(2.285,6.92,0.));
#1470=VERTEX_POINT('',#1469);
#1471=CARTESIAN_POINT('',(2.795,6.92,0.));
#1472=VERTEX_POINT('',#1471);
#1473=CARTESIAN_POINT('',(2.795,7.11,0.));
#1474=VERTEX_POINT('',#1473);
#1475=CARTESIAN_POINT('',(3.301,7.11,0.));
#1476=VERTEX_POINT('',#1475);
#1477=CARTESIAN_POINT('',(3.301,6.92,0.));
#1478=VERTEX_POINT('',#1477);
#1479=CARTESIAN_POINT('',(3.811,6.92,0.));
#1480=VERTEX_POINT('',#1479);
#1481=CARTESIAN_POINT('',(3.811,7.11,0.));
#1482=VERTEX_POINT('',#1481);
#1483=CARTESIAN_POINT('',(4.317,7.11,0.));
#1484=VERTEX_POINT('',#1483);
#1485=CARTESIAN_POINT('',(4.317,6.92,0.));
#1486=VERTEX_POINT('',#1485);
#1487=CARTESIAN_POINT('',(4.827,6.92,0.));
#1488=VERTEX_POINT('',#1487);
#1489=CARTESIAN_POINT('',(4.827,7.11,0.));
#1490=VERTEX_POINT('',#1489);
#1491=CARTESIAN_POINT('',(5.333,7.11,0.));
#1492=VERTEX_POINT('',#1491);
#1493=CARTESIAN_POINT('',(5.333,6.92,0.));
#1494=VERTEX_POINT('',#1493);
#1495=CARTESIAN_POINT('',(5.843,6.92,0.));
#1496=VERTEX_POINT('',#1495);
#1497=CARTESIAN_POINT('',(5.843,7.11,0.));
#1498=VERTEX_POINT('',#1497);
#1499=CARTESIAN_POINT('',(6.91,7.11,0.));
#1500=VERTEX_POINT('',#1499);
#1501=CARTESIAN_POINT('',(6.98653669,7.09477591,0.));
#1502=VERTEX_POINT('',#1501);
#1503=CARTESIAN_POINT('',(7.05142136,7.05142136,0.));
#1504=VERTEX_POINT('',#1503);
#1505=CARTESIAN_POINT('',(7.09477591,6.98653669,0.));
#1506=VERTEX_POINT('',#1505);
#1507=CARTESIAN_POINT('',(7.11,6.91,0.));
#1508=VERTEX_POINT('',#1507);
#1509=CARTESIAN_POINT('',(7.11,5.843,0.));
#1510=VERTEX_POINT('',#1509);
#1511=CARTESIAN_POINT('',(6.92,5.843,0.));
#1512=VERTEX_POINT('',#1511);
#1513=CARTESIAN_POINT('',(6.92,5.333,0.));
#1514=VERTEX_POINT('',#1513);
#1515=CARTESIAN_POINT('',(7.11,5.333,0.));
#1516=VERTEX_POINT('',#1515);
#1517=CARTESIAN_POINT('',(7.11,4.827,0.));
#1518=VERTEX_POINT('',#1517);
#1519=CARTESIAN_POINT('',(6.92,4.827,0.));
#1520=VERTEX_POINT('',#1519);
#1521=CARTESIAN_POINT('',(6.92,4.317,0.));
#1522=VERTEX_POINT('',#1521);
#1523=CARTESIAN_POINT('',(7.11,4.317,0.));
#1524=VERTEX_POINT('',#1523);
#1525=CARTESIAN_POINT('',(7.11,3.811,0.));
#1526=VERTEX_POINT('',#1525);
#1527=CARTESIAN_POINT('',(6.92,3.811,0.));
#1528=VERTEX_POINT('',#1527);
#1529=CARTESIAN_POINT('',(6.92,3.301,0.));
#1530=VERTEX_POINT('',#1529);
#1531=CARTESIAN_POINT('',(7.11,3.301,0.));
#1532=VERTEX_POINT('',#1531);
#1533=CARTESIAN_POINT('',(7.11,2.795,0.));
#1534=VERTEX_POINT('',#1533);
#1535=CARTESIAN_POINT('',(6.92,2.795,0.));
#1536=VERTEX_POINT('',#1535);
#1537=CARTESIAN_POINT('',(6.92,2.285,0.));
#1538=VERTEX_POINT('',#1537);
#1539=CARTESIAN_POINT('',(7.11,2.285,0.));
#1540=VERTEX_POINT('',#1539);
#1541=CARTESIAN_POINT('',(7.11,1.779,0.));
#1542=VERTEX_POINT('',#1541);
#1543=CARTESIAN_POINT('',(6.92,1.779,0.));
#1544=VERTEX_POINT('',#1543);
#1545=CARTESIAN_POINT('',(6.92,1.269,0.));
#1546=VERTEX_POINT('',#1545);
#1547=CARTESIAN_POINT('',(7.11,1.269,0.));
#1548=VERTEX_POINT('',#1547);
#1549=CARTESIAN_POINT('',(7.11,0.763,0.));
#1550=VERTEX_POINT('',#1549);
#1551=CARTESIAN_POINT('',(6.92,0.763,0.));
#1552=VERTEX_POINT('',#1551);
#1553=CARTESIAN_POINT('',(6.92,0.253,0.));
#1554=VERTEX_POINT('',#1553);
#1555=CARTESIAN_POINT('',(7.11,0.253,0.));
#1556=VERTEX_POINT('',#1555);
#1557=CARTESIAN_POINT('',(7.11,-0.253,0.));
#1558=VERTEX_POINT('',#1557);
#1559=CARTESIAN_POINT('',(6.92,-0.253,0.));
#1560=VERTEX_POINT('',#1559);
#1561=CARTESIAN_POINT('',(6.92,-0.763,0.));
#1562=VERTEX_POINT('',#1561);
#1563=CARTESIAN_POINT('',(7.11,-0.763,0.));
#1564=VERTEX_POINT('',#1563);
#1565=CARTESIAN_POINT('',(7.11,-1.269,0.));
#1566=VERTEX_POINT('',#1565);
#1567=CARTESIAN_POINT('',(6.92,-1.269,0.));
#1568=VERTEX_POINT('',#1567);
#1569=CARTESIAN_POINT('',(6.92,-1.779,0.));
#1570=VERTEX_POINT('',#1569);
#1571=CARTESIAN_POINT('',(7.11,-1.779,0.));
#1572=VERTEX_POINT('',#1571);
#1573=CARTESIAN_POINT('',(7.11,-2.285,0.));
#1574=VERTEX_POINT('',#1573);
#1575=CARTESIAN_POINT('',(6.92,-2.285,0.));
#1576=VERTEX_POINT('',#1575);
#1577=CARTESIAN_POINT('',(6.92,-2.795,0.));
#1578=VERTEX_POINT('',#1577);
#1579=CARTESIAN_POINT('',(7.11,-2.795,0.));
#1580=VERTEX_POINT('',#1579);
#1581=CARTESIAN_POINT('',(7.11,-3.301,0.));
#1582=VERTEX_POINT('',#1581);
#1583=CARTESIAN_POINT('',(6.92,-3.301,0.));
#1584=VERTEX_POINT('',#1583);
#1585=CARTESIAN_POINT('',(6.92,-3.811,0.));
#1586=VERTEX_POINT('',#1585);
#1587=CARTESIAN_POINT('',(7.11,-3.811,0.));
#1588=VERTEX_POINT('',#1587);
#1589=CARTESIAN_POINT('',(7.11,-4.317,0.));
#1590=VERTEX_POINT('',#1589);
#1591=CARTESIAN_POINT('',(6.92,-4.317,0.));
#1592=VERTEX_POINT('',#1591);
#1593=CARTESIAN_POINT('',(6.92,-4.827,0.));
#1594=VERTEX_POINT('',#1593);
#1595=CARTESIAN_POINT('',(7.11,-4.827,0.));
#1596=VERTEX_POINT('',#1595);
#1597=CARTESIAN_POINT('',(7.11,-5.333,0.));
#1598=VERTEX_POINT('',#1597);
#1599=CARTESIAN_POINT('',(6.92,-5.333,0.));
#1600=VERTEX_POINT('',#1599);
#1601=CARTESIAN_POINT('',(6.92,-5.843,0.));
#1602=VERTEX_POINT('',#1601);
#1603=CARTESIAN_POINT('',(7.11,-5.843,0.));
#1604=VERTEX_POINT('',#1603);
#1605=CARTESIAN_POINT('',(7.11,-6.91,0.));
#1606=VERTEX_POINT('',#1605);
#1607=CARTESIAN_POINT('',(7.09477591,-6.98653669,0.));
#1608=VERTEX_POINT('',#1607);
#1609=CARTESIAN_POINT('',(7.05142136,-7.05142136,0.));
#1610=VERTEX_POINT('',#1609);
#1611=CARTESIAN_POINT('',(6.98653669,-7.09477591,0.));
#1612=VERTEX_POINT('',#1611);
#1613=CARTESIAN_POINT('',(6.91,-7.11,0.));
#1614=VERTEX_POINT('',#1613);
#1615=CARTESIAN_POINT('',(5.843,-7.11,0.));
#1616=VERTEX_POINT('',#1615);
#1617=CARTESIAN_POINT('',(5.843,-6.92,0.));
#1618=VERTEX_POINT('',#1617);
#1619=CARTESIAN_POINT('',(5.333,-6.92,0.));
#1620=VERTEX_POINT('',#1619);
#1621=CARTESIAN_POINT('',(5.333,-7.11,0.));
#1622=VERTEX_POINT('',#1621);
#1623=CARTESIAN_POINT('',(4.827,-7.11,0.));
#1624=VERTEX_POINT('',#1623);
#1625=CARTESIAN_POINT('',(4.827,-6.92,0.));
#1626=VERTEX_POINT('',#1625);
#1627=CARTESIAN_POINT('',(4.317,-6.92,0.));
#1628=VERTEX_POINT('',#1627);
#1629=CARTESIAN_POINT('',(4.317,-7.11,0.));
#1630=VERTEX_POINT('',#1629);
#1631=CARTESIAN_POINT('',(3.811,-7.11,0.));
#1632=VERTEX_POINT('',#1631);
#1633=CARTESIAN_POINT('',(3.811,-6.92,0.));
#1634=VERTEX_POINT('',#1633);
#1635=CARTESIAN_POINT('',(3.301,-6.92,0.));
#1636=VERTEX_POINT('',#1635);
#1637=CARTESIAN_POINT('',(3.301,-7.11,0.));
#1638=VERTEX_POINT('',#1637);
#1639=CARTESIAN_POINT('',(2.795,-7.11,0.));
#1640=VERTEX_POINT('',#1639);
#1641=CARTESIAN_POINT('',(2.795,-6.92,0.));
#1642=VERTEX_POINT('',#1641);
#1643=CARTESIAN_POINT('',(2.285,-6.92,0.));
#1644=VERTEX_POINT('',#1643);
#1645=CARTESIAN_POINT('',(2.285,-7.11,0.));
#1646=VERTEX_POINT('',#1645);
#1647=CARTESIAN_POINT('',(1.779,-7.11,0.));
#1648=VERTEX_POINT('',#1647);
#1649=CARTESIAN_POINT('',(1.779,-6.92,0.));
#1650=VERTEX_POINT('',#1649);
#1651=CARTESIAN_POINT('',(1.269,-6.92,0.));
#1652=VERTEX_POINT('',#1651);
#1653=CARTESIAN_POINT('',(1.269,-7.11,0.));
#1654=VERTEX_POINT('',#1653);
#1655=CARTESIAN_POINT('',(0.763,-7.11,0.));
#1656=VERTEX_POINT('',#1655);
#1657=CARTESIAN_POINT('',(0.763,-6.92,0.));
#1658=VERTEX_POINT('',#1657);
#1659=CARTESIAN_POINT('',(0.253,-6.92,0.));
#1660=VERTEX_POINT('',#1659);
#1661=CARTESIAN_POINT('',(0.253,-7.11,0.));
#1662=VERTEX_POINT('',#1661);
#1663=CARTESIAN_POINT('',(-0.253,-7.11,0.));
#1664=VERTEX_POINT('',#1663);
#1665=CARTESIAN_POINT('',(-0.253,-6.92,0.));
#1666=VERTEX_POINT('',#1665);
#1667=CARTESIAN_POINT('',(-0.763,-6.92,0.));
#1668=VERTEX_POINT('',#1667);
#1669=CARTESIAN_POINT('',(-0.763,-7.11,0.));
#1670=VERTEX_POINT('',#1669);
#1671=CARTESIAN_POINT('',(-1.269,-7.11,0.));
#1672=VERTEX_POINT('',#1671);
#1673=CARTESIAN_POINT('',(-1.269,-6.92,0.));
#1674=VERTEX_POINT('',#1673);
#1675=CARTESIAN_POINT('',(-1.779,-6.92,0.));
#1676=VERTEX_POINT('',#1675);
#1677=CARTESIAN_POINT('',(-1.779,-7.11,0.));
#1678=VERTEX_POINT('',#1677);
#1679=CARTESIAN_POINT('',(-2.285,-7.11,0.));
#1680=VERTEX_POINT('',#1679);
#1681=CARTESIAN_POINT('',(-2.285,-6.92,0.));
#1682=VERTEX_POINT('',#1681);
#1683=CARTESIAN_POINT('',(-2.795,-6.92,0.));
#1684=VERTEX_POINT('',#1683);
#1685=CARTESIAN_POINT('',(-2.795,-7.11,0.));
#1686=VERTEX_POINT('',#1685);
#1687=CARTESIAN_POINT('',(-3.301,-7.11,0.));
#1688=VERTEX_POINT('',#1687);
#1689=CARTESIAN_POINT('',(-3.301,-6.92,0.));
#1690=VERTEX_POINT('',#1689);
#1691=CARTESIAN_POINT('',(-3.811,-6.92,0.));
#1692=VERTEX_POINT('',#1691);
#1693=CARTESIAN_POINT('',(-3.811,-7.11,0.));
#1694=VERTEX_POINT('',#1693);
#1695=CARTESIAN_POINT('',(-4.317,-7.11,0.));
#1696=VERTEX_POINT('',#1695);
#1697=CARTESIAN_POINT('',(-4.317,-6.92,0.));
#1698=VERTEX_POINT('',#1697);
#1699=CARTESIAN_POINT('',(-4.827,-6.92,0.));
#1700=VERTEX_POINT('',#1699);
#1701=CARTESIAN_POINT('',(-4.827,-7.11,0.));
#1702=VERTEX_POINT('',#1701);
#1703=CARTESIAN_POINT('',(-5.333,-7.11,0.));
#1704=VERTEX_POINT('',#1703);
#1705=CARTESIAN_POINT('',(-5.333,-6.92,0.));
#1706=VERTEX_POINT('',#1705);
#1707=CARTESIAN_POINT('',(-5.843,-6.92,0.));
#1708=VERTEX_POINT('',#1707);
#1709=CARTESIAN_POINT('',(-5.843,-7.11,0.));
#1710=VERTEX_POINT('',#1709);
#1711=CARTESIAN_POINT('',(-6.91,-7.11,0.));
#1712=VERTEX_POINT('',#1711);
#1713=VECTOR('',#849,1.);
#1714=LINE('',#1291,#1713);
#1715=EDGE_CURVE('',#1292,#1290,#1714,.T.);
#1716=ORIENTED_EDGE('',*,*,#1715,.F.);
#1717=VECTOR('',#844,1.);
#1718=LINE('',#1293,#1717);
#1719=EDGE_CURVE('',#1294,#1292,#1718,.T.);
#1720=ORIENTED_EDGE('',*,*,#1719,.F.);
#1721=VECTOR('',#839,1.);
#1722=LINE('',#1295,#1721);
#1723=EDGE_CURVE('',#1296,#1294,#1722,.T.);
#1724=ORIENTED_EDGE('',*,*,#1723,.F.);
#1725=VECTOR('',#430,1.);
#1726=LINE('',#1295,#1725);
#1727=EDGE_CURVE('',#1296,#1298,#1726,.T.);
#1728=ORIENTED_EDGE('',*,*,#1727,.T.);
#1729=VECTOR('',#425,1.);
#1730=LINE('',#1297,#1729);
#1731=EDGE_CURVE('',#1298,#1300,#1730,.T.);
#1732=ORIENTED_EDGE('',*,*,#1731,.T.);
#1733=VECTOR('',#430,1.);
#1734=LINE('',#1299,#1733);
#1735=EDGE_CURVE('',#1300,#1302,#1734,.T.);
#1736=ORIENTED_EDGE('',*,*,#1735,.T.);
#1737=VECTOR('',#425,1.);
#1738=LINE('',#1303,#1737);
#1739=EDGE_CURVE('',#1304,#1302,#1738,.T.);
#1740=ORIENTED_EDGE('',*,*,#1739,.F.);
#1741=VECTOR('',#430,1.);
#1742=LINE('',#1303,#1741);
#1743=EDGE_CURVE('',#1304,#1306,#1742,.T.);
#1744=ORIENTED_EDGE('',*,*,#1743,.T.);
#1745=VECTOR('',#425,1.);
#1746=LINE('',#1305,#1745);
#1747=EDGE_CURVE('',#1306,#1308,#1746,.T.);
#1748=ORIENTED_EDGE('',*,*,#1747,.T.);
#1749=VECTOR('',#430,1.);
#1750=LINE('',#1307,#1749);
#1751=EDGE_CURVE('',#1308,#1310,#1750,.T.);
#1752=ORIENTED_EDGE('',*,*,#1751,.T.);
#1753=VECTOR('',#425,1.);
#1754=LINE('',#1311,#1753);
#1755=EDGE_CURVE('',#1312,#1310,#1754,.T.);
#1756=ORIENTED_EDGE('',*,*,#1755,.F.);
#1757=VECTOR('',#430,1.);
#1758=LINE('',#1311,#1757);
#1759=EDGE_CURVE('',#1312,#1314,#1758,.T.);
#1760=ORIENTED_EDGE('',*,*,#1759,.T.);
#1761=VECTOR('',#425,1.);
#1762=LINE('',#1313,#1761);
#1763=EDGE_CURVE('',#1314,#1316,#1762,.T.);
#1764=ORIENTED_EDGE('',*,*,#1763,.T.);
#1765=VECTOR('',#430,1.);
#1766=LINE('',#1315,#1765);
#1767=EDGE_CURVE('',#1316,#1318,#1766,.T.);
#1768=ORIENTED_EDGE('',*,*,#1767,.T.);
#1769=VECTOR('',#425,1.);
#1770=LINE('',#1319,#1769);
#1771=EDGE_CURVE('',#1320,#1318,#1770,.T.);
#1772=ORIENTED_EDGE('',*,*,#1771,.F.);
#1773=VECTOR('',#430,1.);
#1774=LINE('',#1319,#1773);
#1775=EDGE_CURVE('',#1320,#1322,#1774,.T.);
#1776=ORIENTED_EDGE('',*,*,#1775,.T.);
#1777=VECTOR('',#425,1.);
#1778=LINE('',#1321,#1777);
#1779=EDGE_CURVE('',#1322,#1324,#1778,.T.);
#1780=ORIENTED_EDGE('',*,*,#1779,.T.);
#1781=VECTOR('',#430,1.);
#1782=LINE('',#1323,#1781);
#1783=EDGE_CURVE('',#1324,#1326,#1782,.T.);
#1784=ORIENTED_EDGE('',*,*,#1783,.T.);
#1785=VECTOR('',#425,1.);
#1786=LINE('',#1327,#1785);
#1787=EDGE_CURVE('',#1328,#1326,#1786,.T.);
#1788=ORIENTED_EDGE('',*,*,#1787,.F.);
#1789=VECTOR('',#430,1.);
#1790=LINE('',#1327,#1789);
#1791=EDGE_CURVE('',#1328,#1330,#1790,.T.);
#1792=ORIENTED_EDGE('',*,*,#1791,.T.);
#1793=VECTOR('',#425,1.);
#1794=LINE('',#1329,#1793);
#1795=EDGE_CURVE('',#1330,#1332,#1794,.T.);
#1796=ORIENTED_EDGE('',*,*,#1795,.T.);
#1797=VECTOR('',#430,1.);
#1798=LINE('',#1331,#1797);
#1799=EDGE_CURVE('',#1332,#1334,#1798,.T.);
#1800=ORIENTED_EDGE('',*,*,#1799,.T.);
#1801=VECTOR('',#425,1.);
#1802=LINE('',#1335,#1801);
#1803=EDGE_CURVE('',#1336,#1334,#1802,.T.);
#1804=ORIENTED_EDGE('',*,*,#1803,.F.);
#1805=VECTOR('',#430,1.);
#1806=LINE('',#1335,#1805);
#1807=EDGE_CURVE('',#1336,#1338,#1806,.T.);
#1808=ORIENTED_EDGE('',*,*,#1807,.T.);
#1809=VECTOR('',#425,1.);
#1810=LINE('',#1337,#1809);
#1811=EDGE_CURVE('',#1338,#1340,#1810,.T.);
#1812=ORIENTED_EDGE('',*,*,#1811,.T.);
#1813=VECTOR('',#430,1.);
#1814=LINE('',#1339,#1813);
#1815=EDGE_CURVE('',#1340,#1342,#1814,.T.);
#1816=ORIENTED_EDGE('',*,*,#1815,.T.);
#1817=VECTOR('',#425,1.);
#1818=LINE('',#1343,#1817);
#1819=EDGE_CURVE('',#1344,#1342,#1818,.T.);
#1820=ORIENTED_EDGE('',*,*,#1819,.F.);
#1821=VECTOR('',#430,1.);
#1822=LINE('',#1343,#1821);
#1823=EDGE_CURVE('',#1344,#1346,#1822,.T.);
#1824=ORIENTED_EDGE('',*,*,#1823,.T.);
#1825=VECTOR('',#425,1.);
#1826=LINE('',#1345,#1825);
#1827=EDGE_CURVE('',#1346,#1348,#1826,.T.);
#1828=ORIENTED_EDGE('',*,*,#1827,.T.);
#1829=VECTOR('',#430,1.);
#1830=LINE('',#1347,#1829);
#1831=EDGE_CURVE('',#1348,#1350,#1830,.T.);
#1832=ORIENTED_EDGE('',*,*,#1831,.T.);
#1833=VECTOR('',#425,1.);
#1834=LINE('',#1351,#1833);
#1835=EDGE_CURVE('',#1352,#1350,#1834,.T.);
#1836=ORIENTED_EDGE('',*,*,#1835,.F.);
#1837=VECTOR('',#430,1.);
#1838=LINE('',#1351,#1837);
#1839=EDGE_CURVE('',#1352,#1354,#1838,.T.);
#1840=ORIENTED_EDGE('',*,*,#1839,.T.);
#1841=VECTOR('',#425,1.);
#1842=LINE('',#1353,#1841);
#1843=EDGE_CURVE('',#1354,#1356,#1842,.T.);
#1844=ORIENTED_EDGE('',*,*,#1843,.T.);
#1845=VECTOR('',#430,1.);
#1846=LINE('',#1355,#1845);
#1847=EDGE_CURVE('',#1356,#1358,#1846,.T.);
#1848=ORIENTED_EDGE('',*,*,#1847,.T.);
#1849=VECTOR('',#425,1.);
#1850=LINE('',#1359,#1849);
#1851=EDGE_CURVE('',#1360,#1358,#1850,.T.);
#1852=ORIENTED_EDGE('',*,*,#1851,.F.);
#1853=VECTOR('',#430,1.);
#1854=LINE('',#1359,#1853);
#1855=EDGE_CURVE('',#1360,#1362,#1854,.T.);
#1856=ORIENTED_EDGE('',*,*,#1855,.T.);
#1857=VECTOR('',#425,1.);
#1858=LINE('',#1361,#1857);
#1859=EDGE_CURVE('',#1362,#1364,#1858,.T.);
#1860=ORIENTED_EDGE('',*,*,#1859,.T.);
#1861=VECTOR('',#430,1.);
#1862=LINE('',#1363,#1861);
#1863=EDGE_CURVE('',#1364,#1366,#1862,.T.);
#1864=ORIENTED_EDGE('',*,*,#1863,.T.);
#1865=VECTOR('',#425,1.);
#1866=LINE('',#1367,#1865);
#1867=EDGE_CURVE('',#1368,#1366,#1866,.T.);
#1868=ORIENTED_EDGE('',*,*,#1867,.F.);
#1869=VECTOR('',#430,1.);
#1870=LINE('',#1367,#1869);
#1871=EDGE_CURVE('',#1368,#1370,#1870,.T.);
#1872=ORIENTED_EDGE('',*,*,#1871,.T.);
#1873=VECTOR('',#425,1.);
#1874=LINE('',#1369,#1873);
#1875=EDGE_CURVE('',#1370,#1372,#1874,.T.);
#1876=ORIENTED_EDGE('',*,*,#1875,.T.);
#1877=VECTOR('',#430,1.);
#1878=LINE('',#1371,#1877);
#1879=EDGE_CURVE('',#1372,#1374,#1878,.T.);
#1880=ORIENTED_EDGE('',*,*,#1879,.T.);
#1881=VECTOR('',#425,1.);
#1882=LINE('',#1375,#1881);
#1883=EDGE_CURVE('',#1376,#1374,#1882,.T.);
#1884=ORIENTED_EDGE('',*,*,#1883,.F.);
#1885=VECTOR('',#430,1.);
#1886=LINE('',#1375,#1885);
#1887=EDGE_CURVE('',#1376,#1378,#1886,.T.);
#1888=ORIENTED_EDGE('',*,*,#1887,.T.);
#1889=VECTOR('',#425,1.);
#1890=LINE('',#1377,#1889);
#1891=EDGE_CURVE('',#1378,#1380,#1890,.T.);
#1892=ORIENTED_EDGE('',*,*,#1891,.T.);
#1893=VECTOR('',#430,1.);
#1894=LINE('',#1379,#1893);
#1895=EDGE_CURVE('',#1380,#1382,#1894,.T.);
#1896=ORIENTED_EDGE('',*,*,#1895,.T.);
#1897=VECTOR('',#425,1.);
#1898=LINE('',#1383,#1897);
#1899=EDGE_CURVE('',#1384,#1382,#1898,.T.);
#1900=ORIENTED_EDGE('',*,*,#1899,.F.);
#1901=VECTOR('',#430,1.);
#1902=LINE('',#1383,#1901);
#1903=EDGE_CURVE('',#1384,#1386,#1902,.T.);
#1904=ORIENTED_EDGE('',*,*,#1903,.T.);
#1905=VECTOR('',#425,1.);
#1906=LINE('',#1385,#1905);
#1907=EDGE_CURVE('',#1386,#1388,#1906,.T.);
#1908=ORIENTED_EDGE('',*,*,#1907,.T.);
#1909=VECTOR('',#430,1.);
#1910=LINE('',#1387,#1909);
#1911=EDGE_CURVE('',#1388,#1390,#1910,.T.);
#1912=ORIENTED_EDGE('',*,*,#1911,.T.);
#1913=VECTOR('',#425,1.);
#1914=LINE('',#1391,#1913);
#1915=EDGE_CURVE('',#1392,#1390,#1914,.T.);
#1916=ORIENTED_EDGE('',*,*,#1915,.F.);
#1917=VECTOR('',#430,1.);
#1918=LINE('',#1391,#1917);
#1919=EDGE_CURVE('',#1392,#1394,#1918,.T.);
#1920=ORIENTED_EDGE('',*,*,#1919,.T.);
#1921=VECTOR('',#638,1.);
#1922=LINE('',#1393,#1921);
#1923=EDGE_CURVE('',#1394,#1396,#1922,.T.);
#1924=ORIENTED_EDGE('',*,*,#1923,.T.);
#1925=VECTOR('',#633,1.);
#1926=LINE('',#1395,#1925);
#1927=EDGE_CURVE('',#1396,#1398,#1926,.T.);
#1928=ORIENTED_EDGE('',*,*,#1927,.T.);
#1929=VECTOR('',#628,1.);
#1930=LINE('',#1397,#1929);
#1931=EDGE_CURVE('',#1398,#1400,#1930,.T.);
#1932=ORIENTED_EDGE('',*,*,#1931,.T.);
#1933=VECTOR('',#623,1.);
#1934=LINE('',#1399,#1933);
#1935=EDGE_CURVE('',#1400,#1402,#1934,.T.);
#1936=ORIENTED_EDGE('',*,*,#1935,.T.);
#1937=VECTOR('',#425,1.);
#1938=LINE('',#1401,#1937);
#1939=EDGE_CURVE('',#1402,#1404,#1938,.T.);
#1940=ORIENTED_EDGE('',*,*,#1939,.T.);
#1941=VECTOR('',#430,1.);
#1942=LINE('',#1405,#1941);
#1943=EDGE_CURVE('',#1406,#1404,#1942,.T.);
#1944=ORIENTED_EDGE('',*,*,#1943,.F.);
#1945=VECTOR('',#425,1.);
#1946=LINE('',#1405,#1945);
#1947=EDGE_CURVE('',#1406,#1408,#1946,.T.);
#1948=ORIENTED_EDGE('',*,*,#1947,.T.);
#1949=VECTOR('',#430,1.);
#1950=LINE('',#1407,#1949);
#1951=EDGE_CURVE('',#1408,#1410,#1950,.T.);
#1952=ORIENTED_EDGE('',*,*,#1951,.T.);
#1953=VECTOR('',#425,1.);
#1954=LINE('',#1409,#1953);
#1955=EDGE_CURVE('',#1410,#1412,#1954,.T.);
#1956=ORIENTED_EDGE('',*,*,#1955,.T.);
#1957=VECTOR('',#430,1.);
#1958=LINE('',#1413,#1957);
#1959=EDGE_CURVE('',#1414,#1412,#1958,.T.);
#1960=ORIENTED_EDGE('',*,*,#1959,.F.);
#1961=VECTOR('',#425,1.);
#1962=LINE('',#1413,#1961);
#1963=EDGE_CURVE('',#1414,#1416,#1962,.T.);
#1964=ORIENTED_EDGE('',*,*,#1963,.T.);
#1965=VECTOR('',#430,1.);
#1966=LINE('',#1415,#1965);
#1967=EDGE_CURVE('',#1416,#1418,#1966,.T.);
#1968=ORIENTED_EDGE('',*,*,#1967,.T.);
#1969=VECTOR('',#425,1.);
#1970=LINE('',#1417,#1969);
#1971=EDGE_CURVE('',#1418,#1420,#1970,.T.);
#1972=ORIENTED_EDGE('',*,*,#1971,.T.);
#1973=VECTOR('',#430,1.);
#1974=LINE('',#1421,#1973);
#1975=EDGE_CURVE('',#1422,#1420,#1974,.T.);
#1976=ORIENTED_EDGE('',*,*,#1975,.F.);
#1977=VECTOR('',#425,1.);
#1978=LINE('',#1421,#1977);
#1979=EDGE_CURVE('',#1422,#1424,#1978,.T.);
#1980=ORIENTED_EDGE('',*,*,#1979,.T.);
#1981=VECTOR('',#430,1.);
#1982=LINE('',#1423,#1981);
#1983=EDGE_CURVE('',#1424,#1426,#1982,.T.);
#1984=ORIENTED_EDGE('',*,*,#1983,.T.);
#1985=VECTOR('',#425,1.);
#1986=LINE('',#1425,#1985);
#1987=EDGE_CURVE('',#1426,#1428,#1986,.T.);
#1988=ORIENTED_EDGE('',*,*,#1987,.T.);
#1989=VECTOR('',#430,1.);
#1990=LINE('',#1429,#1989);
#1991=EDGE_CURVE('',#1430,#1428,#1990,.T.);
#1992=ORIENTED_EDGE('',*,*,#1991,.F.);
#1993=VECTOR('',#425,1.);
#1994=LINE('',#1429,#1993);
#1995=EDGE_CURVE('',#1430,#1432,#1994,.T.);
#1996=ORIENTED_EDGE('',*,*,#1995,.T.);
#1997=VECTOR('',#430,1.);
#1998=LINE('',#1431,#1997);
#1999=EDGE_CURVE('',#1432,#1434,#1998,.T.);
#2000=ORIENTED_EDGE('',*,*,#1999,.T.);
#2001=VECTOR('',#425,1.);
#2002=LINE('',#1433,#2001);
#2003=EDGE_CURVE('',#1434,#1436,#2002,.T.);
#2004=ORIENTED_EDGE('',*,*,#2003,.T.);
#2005=VECTOR('',#430,1.);
#2006=LINE('',#1437,#2005);
#2007=EDGE_CURVE('',#1438,#1436,#2006,.T.);
#2008=ORIENTED_EDGE('',*,*,#2007,.F.);
#2009=VECTOR('',#425,1.);
#2010=LINE('',#1437,#2009);
#2011=EDGE_CURVE('',#1438,#1440,#2010,.T.);
#2012=ORIENTED_EDGE('',*,*,#2011,.T.);
#2013=VECTOR('',#430,1.);
#2014=LINE('',#1439,#2013);
#2015=EDGE_CURVE('',#1440,#1442,#2014,.T.);
#2016=ORIENTED_EDGE('',*,*,#2015,.T.);
#2017=VECTOR('',#425,1.);
#2018=LINE('',#1441,#2017);
#2019=EDGE_CURVE('',#1442,#1444,#2018,.T.);
#2020=ORIENTED_EDGE('',*,*,#2019,.T.);
#2021=VECTOR('',#430,1.);
#2022=LINE('',#1445,#2021);
#2023=EDGE_CURVE('',#1446,#1444,#2022,.T.);
#2024=ORIENTED_EDGE('',*,*,#2023,.F.);
#2025=VECTOR('',#425,1.);
#2026=LINE('',#1445,#2025);
#2027=EDGE_CURVE('',#1446,#1448,#2026,.T.);
#2028=ORIENTED_EDGE('',*,*,#2027,.T.);
#2029=VECTOR('',#430,1.);
#2030=LINE('',#1447,#2029);
#2031=EDGE_CURVE('',#1448,#1450,#2030,.T.);
#2032=ORIENTED_EDGE('',*,*,#2031,.T.);
#2033=VECTOR('',#425,1.);
#2034=LINE('',#1449,#2033);
#2035=EDGE_CURVE('',#1450,#1452,#2034,.T.);
#2036=ORIENTED_EDGE('',*,*,#2035,.T.);
#2037=VECTOR('',#430,1.);
#2038=LINE('',#1453,#2037);
#2039=EDGE_CURVE('',#1454,#1452,#2038,.T.);
#2040=ORIENTED_EDGE('',*,*,#2039,.F.);
#2041=VECTOR('',#425,1.);
#2042=LINE('',#1453,#2041);
#2043=EDGE_CURVE('',#1454,#1456,#2042,.T.);
#2044=ORIENTED_EDGE('',*,*,#2043,.T.);
#2045=VECTOR('',#430,1.);
#2046=LINE('',#1455,#2045);
#2047=EDGE_CURVE('',#1456,#1458,#2046,.T.);
#2048=ORIENTED_EDGE('',*,*,#2047,.T.);
#2049=VECTOR('',#425,1.);
#2050=LINE('',#1457,#2049);
#2051=EDGE_CURVE('',#1458,#1460,#2050,.T.);
#2052=ORIENTED_EDGE('',*,*,#2051,.T.);
#2053=VECTOR('',#430,1.);
#2054=LINE('',#1461,#2053);
#2055=EDGE_CURVE('',#1462,#1460,#2054,.T.);
#2056=ORIENTED_EDGE('',*,*,#2055,.F.);
#2057=VECTOR('',#425,1.);
#2058=LINE('',#1461,#2057);
#2059=EDGE_CURVE('',#1462,#1464,#2058,.T.);
#2060=ORIENTED_EDGE('',*,*,#2059,.T.);
#2061=VECTOR('',#430,1.);
#2062=LINE('',#1463,#2061);
#2063=EDGE_CURVE('',#1464,#1466,#2062,.T.);
#2064=ORIENTED_EDGE('',*,*,#2063,.T.);
#2065=VECTOR('',#425,1.);
#2066=LINE('',#1465,#2065);
#2067=EDGE_CURVE('',#1466,#1468,#2066,.T.);
#2068=ORIENTED_EDGE('',*,*,#2067,.T.);
#2069=VECTOR('',#430,1.);
#2070=LINE('',#1469,#2069);
#2071=EDGE_CURVE('',#1470,#1468,#2070,.T.);
#2072=ORIENTED_EDGE('',*,*,#2071,.F.);
#2073=VECTOR('',#425,1.);
#2074=LINE('',#1469,#2073);
#2075=EDGE_CURVE('',#1470,#1472,#2074,.T.);
#2076=ORIENTED_EDGE('',*,*,#2075,.T.);
#2077=VECTOR('',#430,1.);
#2078=LINE('',#1471,#2077);
#2079=EDGE_CURVE('',#1472,#1474,#2078,.T.);
#2080=ORIENTED_EDGE('',*,*,#2079,.T.);
#2081=VECTOR('',#425,1.);
#2082=LINE('',#1473,#2081);
#2083=EDGE_CURVE('',#1474,#1476,#2082,.T.);
#2084=ORIENTED_EDGE('',*,*,#2083,.T.);
#2085=VECTOR('',#430,1.);
#2086=LINE('',#1477,#2085);
#2087=EDGE_CURVE('',#1478,#1476,#2086,.T.);
#2088=ORIENTED_EDGE('',*,*,#2087,.F.);
#2089=VECTOR('',#425,1.);
#2090=LINE('',#1477,#2089);
#2091=EDGE_CURVE('',#1478,#1480,#2090,.T.);
#2092=ORIENTED_EDGE('',*,*,#2091,.T.);
#2093=VECTOR('',#430,1.);
#2094=LINE('',#1479,#2093);
#2095=EDGE_CURVE('',#1480,#1482,#2094,.T.);
#2096=ORIENTED_EDGE('',*,*,#2095,.T.);
#2097=VECTOR('',#425,1.);
#2098=LINE('',#1481,#2097);
#2099=EDGE_CURVE('',#1482,#1484,#2098,.T.);
#2100=ORIENTED_EDGE('',*,*,#2099,.T.);
#2101=VECTOR('',#430,1.);
#2102=LINE('',#1485,#2101);
#2103=EDGE_CURVE('',#1486,#1484,#2102,.T.);
#2104=ORIENTED_EDGE('',*,*,#2103,.F.);
#2105=VECTOR('',#425,1.);
#2106=LINE('',#1485,#2105);
#2107=EDGE_CURVE('',#1486,#1488,#2106,.T.);
#2108=ORIENTED_EDGE('',*,*,#2107,.T.);
#2109=VECTOR('',#430,1.);
#2110=LINE('',#1487,#2109);
#2111=EDGE_CURVE('',#1488,#1490,#2110,.T.);
#2112=ORIENTED_EDGE('',*,*,#2111,.T.);
#2113=VECTOR('',#425,1.);
#2114=LINE('',#1489,#2113);
#2115=EDGE_CURVE('',#1490,#1492,#2114,.T.);
#2116=ORIENTED_EDGE('',*,*,#2115,.T.);
#2117=VECTOR('',#430,1.);
#2118=LINE('',#1493,#2117);
#2119=EDGE_CURVE('',#1494,#1492,#2118,.T.);
#2120=ORIENTED_EDGE('',*,*,#2119,.F.);
#2121=VECTOR('',#425,1.);
#2122=LINE('',#1493,#2121);
#2123=EDGE_CURVE('',#1494,#1496,#2122,.T.);
#2124=ORIENTED_EDGE('',*,*,#2123,.T.);
#2125=VECTOR('',#430,1.);
#2126=LINE('',#1495,#2125);
#2127=EDGE_CURVE('',#1496,#1498,#2126,.T.);
#2128=ORIENTED_EDGE('',*,*,#2127,.T.);
#2129=VECTOR('',#425,1.);
#2130=LINE('',#1497,#2129);
#2131=EDGE_CURVE('',#1498,#1500,#2130,.T.);
#2132=ORIENTED_EDGE('',*,*,#2131,.T.);
#2133=VECTOR('',#854,1.);
#2134=LINE('',#1499,#2133);
#2135=EDGE_CURVE('',#1500,#1502,#2134,.T.);
#2136=ORIENTED_EDGE('',*,*,#2135,.T.);
#2137=VECTOR('',#849,1.);
#2138=LINE('',#1501,#2137);
#2139=EDGE_CURVE('',#1502,#1504,#2138,.T.);
#2140=ORIENTED_EDGE('',*,*,#2139,.T.);
#2141=VECTOR('',#844,1.);
#2142=LINE('',#1503,#2141);
#2143=EDGE_CURVE('',#1504,#1506,#2142,.T.);
#2144=ORIENTED_EDGE('',*,*,#2143,.T.);
#2145=VECTOR('',#839,1.);
#2146=LINE('',#1505,#2145);
#2147=EDGE_CURVE('',#1506,#1508,#2146,.T.);
#2148=ORIENTED_EDGE('',*,*,#2147,.T.);
#2149=VECTOR('',#430,1.);
#2150=LINE('',#1509,#2149);
#2151=EDGE_CURVE('',#1510,#1508,#2150,.T.);
#2152=ORIENTED_EDGE('',*,*,#2151,.F.);
#2153=VECTOR('',#425,1.);
#2154=LINE('',#1511,#2153);
#2155=EDGE_CURVE('',#1512,#1510,#2154,.T.);
#2156=ORIENTED_EDGE('',*,*,#2155,.F.);
#2157=VECTOR('',#430,1.);
#2158=LINE('',#1513,#2157);
#2159=EDGE_CURVE('',#1514,#1512,#2158,.T.);
#2160=ORIENTED_EDGE('',*,*,#2159,.F.);
#2161=VECTOR('',#425,1.);
#2162=LINE('',#1513,#2161);
#2163=EDGE_CURVE('',#1514,#1516,#2162,.T.);
#2164=ORIENTED_EDGE('',*,*,#2163,.T.);
#2165=VECTOR('',#430,1.);
#2166=LINE('',#1517,#2165);
#2167=EDGE_CURVE('',#1518,#1516,#2166,.T.);
#2168=ORIENTED_EDGE('',*,*,#2167,.F.);
#2169=VECTOR('',#425,1.);
#2170=LINE('',#1519,#2169);
#2171=EDGE_CURVE('',#1520,#1518,#2170,.T.);
#2172=ORIENTED_EDGE('',*,*,#2171,.F.);
#2173=VECTOR('',#430,1.);
#2174=LINE('',#1521,#2173);
#2175=EDGE_CURVE('',#1522,#1520,#2174,.T.);
#2176=ORIENTED_EDGE('',*,*,#2175,.F.);
#2177=VECTOR('',#425,1.);
#2178=LINE('',#1521,#2177);
#2179=EDGE_CURVE('',#1522,#1524,#2178,.T.);
#2180=ORIENTED_EDGE('',*,*,#2179,.T.);
#2181=VECTOR('',#430,1.);
#2182=LINE('',#1525,#2181);
#2183=EDGE_CURVE('',#1526,#1524,#2182,.T.);
#2184=ORIENTED_EDGE('',*,*,#2183,.F.);
#2185=VECTOR('',#425,1.);
#2186=LINE('',#1527,#2185);
#2187=EDGE_CURVE('',#1528,#1526,#2186,.T.);
#2188=ORIENTED_EDGE('',*,*,#2187,.F.);
#2189=VECTOR('',#430,1.);
#2190=LINE('',#1529,#2189);
#2191=EDGE_CURVE('',#1530,#1528,#2190,.T.);
#2192=ORIENTED_EDGE('',*,*,#2191,.F.);
#2193=VECTOR('',#425,1.);
#2194=LINE('',#1529,#2193);
#2195=EDGE_CURVE('',#1530,#1532,#2194,.T.);
#2196=ORIENTED_EDGE('',*,*,#2195,.T.);
#2197=VECTOR('',#430,1.);
#2198=LINE('',#1533,#2197);
#2199=EDGE_CURVE('',#1534,#1532,#2198,.T.);
#2200=ORIENTED_EDGE('',*,*,#2199,.F.);
#2201=VECTOR('',#425,1.);
#2202=LINE('',#1535,#2201);
#2203=EDGE_CURVE('',#1536,#1534,#2202,.T.);
#2204=ORIENTED_EDGE('',*,*,#2203,.F.);
#2205=VECTOR('',#430,1.);
#2206=LINE('',#1537,#2205);
#2207=EDGE_CURVE('',#1538,#1536,#2206,.T.);
#2208=ORIENTED_EDGE('',*,*,#2207,.F.);
#2209=VECTOR('',#425,1.);
#2210=LINE('',#1537,#2209);
#2211=EDGE_CURVE('',#1538,#1540,#2210,.T.);
#2212=ORIENTED_EDGE('',*,*,#2211,.T.);
#2213=VECTOR('',#430,1.);
#2214=LINE('',#1541,#2213);
#2215=EDGE_CURVE('',#1542,#1540,#2214,.T.);
#2216=ORIENTED_EDGE('',*,*,#2215,.F.);
#2217=VECTOR('',#425,1.);
#2218=LINE('',#1543,#2217);
#2219=EDGE_CURVE('',#1544,#1542,#2218,.T.);
#2220=ORIENTED_EDGE('',*,*,#2219,.F.);
#2221=VECTOR('',#430,1.);
#2222=LINE('',#1545,#2221);
#2223=EDGE_CURVE('',#1546,#1544,#2222,.T.);
#2224=ORIENTED_EDGE('',*,*,#2223,.F.);
#2225=VECTOR('',#425,1.);
#2226=LINE('',#1545,#2225);
#2227=EDGE_CURVE('',#1546,#1548,#2226,.T.);
#2228=ORIENTED_EDGE('',*,*,#2227,.T.);
#2229=VECTOR('',#430,1.);
#2230=LINE('',#1549,#2229);
#2231=EDGE_CURVE('',#1550,#1548,#2230,.T.);
#2232=ORIENTED_EDGE('',*,*,#2231,.F.);
#2233=VECTOR('',#425,1.);
#2234=LINE('',#1551,#2233);
#2235=EDGE_CURVE('',#1552,#1550,#2234,.T.);
#2236=ORIENTED_EDGE('',*,*,#2235,.F.);
#2237=VECTOR('',#430,1.);
#2238=LINE('',#1553,#2237);
#2239=EDGE_CURVE('',#1554,#1552,#2238,.T.);
#2240=ORIENTED_EDGE('',*,*,#2239,.F.);
#2241=VECTOR('',#425,1.);
#2242=LINE('',#1553,#2241);
#2243=EDGE_CURVE('',#1554,#1556,#2242,.T.);
#2244=ORIENTED_EDGE('',*,*,#2243,.T.);
#2245=VECTOR('',#430,1.);
#2246=LINE('',#1557,#2245);
#2247=EDGE_CURVE('',#1558,#1556,#2246,.T.);
#2248=ORIENTED_EDGE('',*,*,#2247,.F.);
#2249=VECTOR('',#425,1.);
#2250=LINE('',#1559,#2249);
#2251=EDGE_CURVE('',#1560,#1558,#2250,.T.);
#2252=ORIENTED_EDGE('',*,*,#2251,.F.);
#2253=VECTOR('',#430,1.);
#2254=LINE('',#1561,#2253);
#2255=EDGE_CURVE('',#1562,#1560,#2254,.T.);
#2256=ORIENTED_EDGE('',*,*,#2255,.F.);
#2257=VECTOR('',#425,1.);
#2258=LINE('',#1561,#2257);
#2259=EDGE_CURVE('',#1562,#1564,#2258,.T.);
#2260=ORIENTED_EDGE('',*,*,#2259,.T.);
#2261=VECTOR('',#430,1.);
#2262=LINE('',#1565,#2261);
#2263=EDGE_CURVE('',#1566,#1564,#2262,.T.);
#2264=ORIENTED_EDGE('',*,*,#2263,.F.);
#2265=VECTOR('',#425,1.);
#2266=LINE('',#1567,#2265);
#2267=EDGE_CURVE('',#1568,#1566,#2266,.T.);
#2268=ORIENTED_EDGE('',*,*,#2267,.F.);
#2269=VECTOR('',#430,1.);
#2270=LINE('',#1569,#2269);
#2271=EDGE_CURVE('',#1570,#1568,#2270,.T.);
#2272=ORIENTED_EDGE('',*,*,#2271,.F.);
#2273=VECTOR('',#425,1.);
#2274=LINE('',#1569,#2273);
#2275=EDGE_CURVE('',#1570,#1572,#2274,.T.);
#2276=ORIENTED_EDGE('',*,*,#2275,.T.);
#2277=VECTOR('',#430,1.);
#2278=LINE('',#1573,#2277);
#2279=EDGE_CURVE('',#1574,#1572,#2278,.T.);
#2280=ORIENTED_EDGE('',*,*,#2279,.F.);
#2281=VECTOR('',#425,1.);
#2282=LINE('',#1575,#2281);
#2283=EDGE_CURVE('',#1576,#1574,#2282,.T.);
#2284=ORIENTED_EDGE('',*,*,#2283,.F.);
#2285=VECTOR('',#430,1.);
#2286=LINE('',#1577,#2285);
#2287=EDGE_CURVE('',#1578,#1576,#2286,.T.);
#2288=ORIENTED_EDGE('',*,*,#2287,.F.);
#2289=VECTOR('',#425,1.);
#2290=LINE('',#1577,#2289);
#2291=EDGE_CURVE('',#1578,#1580,#2290,.T.);
#2292=ORIENTED_EDGE('',*,*,#2291,.T.);
#2293=VECTOR('',#430,1.);
#2294=LINE('',#1581,#2293);
#2295=EDGE_CURVE('',#1582,#1580,#2294,.T.);
#2296=ORIENTED_EDGE('',*,*,#2295,.F.);
#2297=VECTOR('',#425,1.);
#2298=LINE('',#1583,#2297);
#2299=EDGE_CURVE('',#1584,#1582,#2298,.T.);
#2300=ORIENTED_EDGE('',*,*,#2299,.F.);
#2301=VECTOR('',#430,1.);
#2302=LINE('',#1585,#2301);
#2303=EDGE_CURVE('',#1586,#1584,#2302,.T.);
#2304=ORIENTED_EDGE('',*,*,#2303,.F.);
#2305=VECTOR('',#425,1.);
#2306=LINE('',#1585,#2305);
#2307=EDGE_CURVE('',#1586,#1588,#2306,.T.);
#2308=ORIENTED_EDGE('',*,*,#2307,.T.);
#2309=VECTOR('',#430,1.);
#2310=LINE('',#1589,#2309);
#2311=EDGE_CURVE('',#1590,#1588,#2310,.T.);
#2312=ORIENTED_EDGE('',*,*,#2311,.F.);
#2313=VECTOR('',#425,1.);
#2314=LINE('',#1591,#2313);
#2315=EDGE_CURVE('',#1592,#1590,#2314,.T.);
#2316=ORIENTED_EDGE('',*,*,#2315,.F.);
#2317=VECTOR('',#430,1.);
#2318=LINE('',#1593,#2317);
#2319=EDGE_CURVE('',#1594,#1592,#2318,.T.);
#2320=ORIENTED_EDGE('',*,*,#2319,.F.);
#2321=VECTOR('',#425,1.);
#2322=LINE('',#1593,#2321);
#2323=EDGE_CURVE('',#1594,#1596,#2322,.T.);
#2324=ORIENTED_EDGE('',*,*,#2323,.T.);
#2325=VECTOR('',#430,1.);
#2326=LINE('',#1597,#2325);
#2327=EDGE_CURVE('',#1598,#1596,#2326,.T.);
#2328=ORIENTED_EDGE('',*,*,#2327,.F.);
#2329=VECTOR('',#425,1.);
#2330=LINE('',#1599,#2329);
#2331=EDGE_CURVE('',#1600,#1598,#2330,.T.);
#2332=ORIENTED_EDGE('',*,*,#2331,.F.);
#2333=VECTOR('',#430,1.);
#2334=LINE('',#1601,#2333);
#2335=EDGE_CURVE('',#1602,#1600,#2334,.T.);
#2336=ORIENTED_EDGE('',*,*,#2335,.F.);
#2337=VECTOR('',#425,1.);
#2338=LINE('',#1601,#2337);
#2339=EDGE_CURVE('',#1602,#1604,#2338,.T.);
#2340=ORIENTED_EDGE('',*,*,#2339,.T.);
#2341=VECTOR('',#430,1.);
#2342=LINE('',#1605,#2341);
#2343=EDGE_CURVE('',#1606,#1604,#2342,.T.);
#2344=ORIENTED_EDGE('',*,*,#2343,.F.);
#2345=VECTOR('',#638,1.);
#2346=LINE('',#1607,#2345);
#2347=EDGE_CURVE('',#1608,#1606,#2346,.T.);
#2348=ORIENTED_EDGE('',*,*,#2347,.F.);
#2349=VECTOR('',#633,1.);
#2350=LINE('',#1609,#2349);
#2351=EDGE_CURVE('',#1610,#1608,#2350,.T.);
#2352=ORIENTED_EDGE('',*,*,#2351,.F.);
#2353=VECTOR('',#628,1.);
#2354=LINE('',#1611,#2353);
#2355=EDGE_CURVE('',#1612,#1610,#2354,.T.);
#2356=ORIENTED_EDGE('',*,*,#2355,.F.);
#2357=VECTOR('',#623,1.);
#2358=LINE('',#1613,#2357);
#2359=EDGE_CURVE('',#1614,#1612,#2358,.T.);
#2360=ORIENTED_EDGE('',*,*,#2359,.F.);
#2361=VECTOR('',#425,1.);
#2362=LINE('',#1615,#2361);
#2363=EDGE_CURVE('',#1616,#1614,#2362,.T.);
#2364=ORIENTED_EDGE('',*,*,#2363,.F.);
#2365=VECTOR('',#430,1.);
#2366=LINE('',#1615,#2365);
#2367=EDGE_CURVE('',#1616,#1618,#2366,.T.);
#2368=ORIENTED_EDGE('',*,*,#2367,.T.);
#2369=VECTOR('',#425,1.);
#2370=LINE('',#1619,#2369);
#2371=EDGE_CURVE('',#1620,#1618,#2370,.T.);
#2372=ORIENTED_EDGE('',*,*,#2371,.F.);
#2373=VECTOR('',#430,1.);
#2374=LINE('',#1621,#2373);
#2375=EDGE_CURVE('',#1622,#1620,#2374,.T.);
#2376=ORIENTED_EDGE('',*,*,#2375,.F.);
#2377=VECTOR('',#425,1.);
#2378=LINE('',#1623,#2377);
#2379=EDGE_CURVE('',#1624,#1622,#2378,.T.);
#2380=ORIENTED_EDGE('',*,*,#2379,.F.);
#2381=VECTOR('',#430,1.);
#2382=LINE('',#1623,#2381);
#2383=EDGE_CURVE('',#1624,#1626,#2382,.T.);
#2384=ORIENTED_EDGE('',*,*,#2383,.T.);
#2385=VECTOR('',#425,1.);
#2386=LINE('',#1627,#2385);
#2387=EDGE_CURVE('',#1628,#1626,#2386,.T.);
#2388=ORIENTED_EDGE('',*,*,#2387,.F.);
#2389=VECTOR('',#430,1.);
#2390=LINE('',#1629,#2389);
#2391=EDGE_CURVE('',#1630,#1628,#2390,.T.);
#2392=ORIENTED_EDGE('',*,*,#2391,.F.);
#2393=VECTOR('',#425,1.);
#2394=LINE('',#1631,#2393);
#2395=EDGE_CURVE('',#1632,#1630,#2394,.T.);
#2396=ORIENTED_EDGE('',*,*,#2395,.F.);
#2397=VECTOR('',#430,1.);
#2398=LINE('',#1631,#2397);
#2399=EDGE_CURVE('',#1632,#1634,#2398,.T.);
#2400=ORIENTED_EDGE('',*,*,#2399,.T.);
#2401=VECTOR('',#425,1.);
#2402=LINE('',#1635,#2401);
#2403=EDGE_CURVE('',#1636,#1634,#2402,.T.);
#2404=ORIENTED_EDGE('',*,*,#2403,.F.);
#2405=VECTOR('',#430,1.);
#2406=LINE('',#1637,#2405);
#2407=EDGE_CURVE('',#1638,#1636,#2406,.T.);
#2408=ORIENTED_EDGE('',*,*,#2407,.F.);
#2409=VECTOR('',#425,1.);
#2410=LINE('',#1639,#2409);
#2411=EDGE_CURVE('',#1640,#1638,#2410,.T.);
#2412=ORIENTED_EDGE('',*,*,#2411,.F.);
#2413=VECTOR('',#430,1.);
#2414=LINE('',#1639,#2413);
#2415=EDGE_CURVE('',#1640,#1642,#2414,.T.);
#2416=ORIENTED_EDGE('',*,*,#2415,.T.);
#2417=VECTOR('',#425,1.);
#2418=LINE('',#1643,#2417);
#2419=EDGE_CURVE('',#1644,#1642,#2418,.T.);
#2420=ORIENTED_EDGE('',*,*,#2419,.F.);
#2421=VECTOR('',#430,1.);
#2422=LINE('',#1645,#2421);
#2423=EDGE_CURVE('',#1646,#1644,#2422,.T.);
#2424=ORIENTED_EDGE('',*,*,#2423,.F.);
#2425=VECTOR('',#425,1.);
#2426=LINE('',#1647,#2425);
#2427=EDGE_CURVE('',#1648,#1646,#2426,.T.);
#2428=ORIENTED_EDGE('',*,*,#2427,.F.);
#2429=VECTOR('',#430,1.);
#2430=LINE('',#1647,#2429);
#2431=EDGE_CURVE('',#1648,#1650,#2430,.T.);
#2432=ORIENTED_EDGE('',*,*,#2431,.T.);
#2433=VECTOR('',#425,1.);
#2434=LINE('',#1651,#2433);
#2435=EDGE_CURVE('',#1652,#1650,#2434,.T.);
#2436=ORIENTED_EDGE('',*,*,#2435,.F.);
#2437=VECTOR('',#430,1.);
#2438=LINE('',#1653,#2437);
#2439=EDGE_CURVE('',#1654,#1652,#2438,.T.);
#2440=ORIENTED_EDGE('',*,*,#2439,.F.);
#2441=VECTOR('',#425,1.);
#2442=LINE('',#1655,#2441);
#2443=EDGE_CURVE('',#1656,#1654,#2442,.T.);
#2444=ORIENTED_EDGE('',*,*,#2443,.F.);
#2445=VECTOR('',#430,1.);
#2446=LINE('',#1655,#2445);
#2447=EDGE_CURVE('',#1656,#1658,#2446,.T.);
#2448=ORIENTED_EDGE('',*,*,#2447,.T.);
#2449=VECTOR('',#425,1.);
#2450=LINE('',#1659,#2449);
#2451=EDGE_CURVE('',#1660,#1658,#2450,.T.);
#2452=ORIENTED_EDGE('',*,*,#2451,.F.);
#2453=VECTOR('',#430,1.);
#2454=LINE('',#1661,#2453);
#2455=EDGE_CURVE('',#1662,#1660,#2454,.T.);
#2456=ORIENTED_EDGE('',*,*,#2455,.F.);
#2457=VECTOR('',#425,1.);
#2458=LINE('',#1663,#2457);
#2459=EDGE_CURVE('',#1664,#1662,#2458,.T.);
#2460=ORIENTED_EDGE('',*,*,#2459,.F.);
#2461=VECTOR('',#430,1.);
#2462=LINE('',#1663,#2461);
#2463=EDGE_CURVE('',#1664,#1666,#2462,.T.);
#2464=ORIENTED_EDGE('',*,*,#2463,.T.);
#2465=VECTOR('',#425,1.);
#2466=LINE('',#1667,#2465);
#2467=EDGE_CURVE('',#1668,#1666,#2466,.T.);
#2468=ORIENTED_EDGE('',*,*,#2467,.F.);
#2469=VECTOR('',#430,1.);
#2470=LINE('',#1669,#2469);
#2471=EDGE_CURVE('',#1670,#1668,#2470,.T.);
#2472=ORIENTED_EDGE('',*,*,#2471,.F.);
#2473=VECTOR('',#425,1.);
#2474=LINE('',#1671,#2473);
#2475=EDGE_CURVE('',#1672,#1670,#2474,.T.);
#2476=ORIENTED_EDGE('',*,*,#2475,.F.);
#2477=VECTOR('',#430,1.);
#2478=LINE('',#1671,#2477);
#2479=EDGE_CURVE('',#1672,#1674,#2478,.T.);
#2480=ORIENTED_EDGE('',*,*,#2479,.T.);
#2481=VECTOR('',#425,1.);
#2482=LINE('',#1675,#2481);
#2483=EDGE_CURVE('',#1676,#1674,#2482,.T.);
#2484=ORIENTED_EDGE('',*,*,#2483,.F.);
#2485=VECTOR('',#430,1.);
#2486=LINE('',#1677,#2485);
#2487=EDGE_CURVE('',#1678,#1676,#2486,.T.);
#2488=ORIENTED_EDGE('',*,*,#2487,.F.);
#2489=VECTOR('',#425,1.);
#2490=LINE('',#1679,#2489);
#2491=EDGE_CURVE('',#1680,#1678,#2490,.T.);
#2492=ORIENTED_EDGE('',*,*,#2491,.F.);
#2493=VECTOR('',#430,1.);
#2494=LINE('',#1679,#2493);
#2495=EDGE_CURVE('',#1680,#1682,#2494,.T.);
#2496=ORIENTED_EDGE('',*,*,#2495,.T.);
#2497=VECTOR('',#425,1.);
#2498=LINE('',#1683,#2497);
#2499=EDGE_CURVE('',#1684,#1682,#2498,.T.);
#2500=ORIENTED_EDGE('',*,*,#2499,.F.);
#2501=VECTOR('',#430,1.);
#2502=LINE('',#1685,#2501);
#2503=EDGE_CURVE('',#1686,#1684,#2502,.T.);
#2504=ORIENTED_EDGE('',*,*,#2503,.F.);
#2505=VECTOR('',#425,1.);
#2506=LINE('',#1687,#2505);
#2507=EDGE_CURVE('',#1688,#1686,#2506,.T.);
#2508=ORIENTED_EDGE('',*,*,#2507,.F.);
#2509=VECTOR('',#430,1.);
#2510=LINE('',#1687,#2509);
#2511=EDGE_CURVE('',#1688,#1690,#2510,.T.);
#2512=ORIENTED_EDGE('',*,*,#2511,.T.);
#2513=VECTOR('',#425,1.);
#2514=LINE('',#1691,#2513);
#2515=EDGE_CURVE('',#1692,#1690,#2514,.T.);
#2516=ORIENTED_EDGE('',*,*,#2515,.F.);
#2517=VECTOR('',#430,1.);
#2518=LINE('',#1693,#2517);
#2519=EDGE_CURVE('',#1694,#1692,#2518,.T.);
#2520=ORIENTED_EDGE('',*,*,#2519,.F.);
#2521=VECTOR('',#425,1.);
#2522=LINE('',#1695,#2521);
#2523=EDGE_CURVE('',#1696,#1694,#2522,.T.);
#2524=ORIENTED_EDGE('',*,*,#2523,.F.);
#2525=VECTOR('',#430,1.);
#2526=LINE('',#1695,#2525);
#2527=EDGE_CURVE('',#1696,#1698,#2526,.T.);
#2528=ORIENTED_EDGE('',*,*,#2527,.T.);
#2529=VECTOR('',#425,1.);
#2530=LINE('',#1699,#2529);
#2531=EDGE_CURVE('',#1700,#1698,#2530,.T.);
#2532=ORIENTED_EDGE('',*,*,#2531,.F.);
#2533=VECTOR('',#430,1.);
#2534=LINE('',#1701,#2533);
#2535=EDGE_CURVE('',#1702,#1700,#2534,.T.);
#2536=ORIENTED_EDGE('',*,*,#2535,.F.);
#2537=VECTOR('',#425,1.);
#2538=LINE('',#1703,#2537);
#2539=EDGE_CURVE('',#1704,#1702,#2538,.T.);
#2540=ORIENTED_EDGE('',*,*,#2539,.F.);
#2541=VECTOR('',#430,1.);
#2542=LINE('',#1703,#2541);
#2543=EDGE_CURVE('',#1704,#1706,#2542,.T.);
#2544=ORIENTED_EDGE('',*,*,#2543,.T.);
#2545=VECTOR('',#425,1.);
#2546=LINE('',#1707,#2545);
#2547=EDGE_CURVE('',#1708,#1706,#2546,.T.);
#2548=ORIENTED_EDGE('',*,*,#2547,.F.);
#2549=VECTOR('',#430,1.);
#2550=LINE('',#1709,#2549);
#2551=EDGE_CURVE('',#1710,#1708,#2550,.T.);
#2552=ORIENTED_EDGE('',*,*,#2551,.F.);
#2553=VECTOR('',#425,1.);
#2554=LINE('',#1711,#2553);
#2555=EDGE_CURVE('',#1712,#1710,#2554,.T.);
#2556=ORIENTED_EDGE('',*,*,#2555,.F.);
#2557=VECTOR('',#854,1.);
#2558=LINE('',#1289,#2557);
#2559=EDGE_CURVE('',#1290,#1712,#2558,.T.);
#2560=ORIENTED_EDGE('',*,*,#2559,.F.);
#2561=EDGE_LOOP('',(#1716,#1720,#1724,#1728,#1732,#1736,#1740,#1744,#1748,#1752,#1756,#1760,#1764,#1768,#1772,#1776,#1780,#1784,#1788,#1792,#1796,#1800,#1804,#1808,#1812,#1816,#1820,#1824,#1828,#1832,#1836,#1840,#1844,#1848,#1852,#1856,#1860,#1864,#1868,#1872,#1876,#1880,#1884,#1888,#1892,#1896,#1900,#1904,#1908,#1912,#1916,#1920,#1924,#1928,#1932,#1936,#1940,#1944,#1948,#1952,#1956,#1960,#1964,#1968,#1972,#1976,#1980,#1984,#1988,#1992,#1996,#2000,#2004,#2008,#2012,#2016,#2020,#2024,#2028,#2032,#2036,#2040,#2044,#2048,#2052,#2056,#2060,#2064,#2068,#2072,#2076,#2080,#2084,#2088,#2092,#2096,#2100,#2104,#2108,#2112,#2116,#2120,#2124,#2128,#2132,#2136,#2140,#2144,#2148,#2152,#2156,#2160,#2164,#2168,#2172,#2176,#2180,#2184,#2188,#2192,#2196,#2200,#2204,#2208,#2212,#2216,#2220,#2224,#2228,#2232,#2236,#2240,#2244,#2248,#2252,#2256,#2260,#2264,#2268,#2272,#2276,#2280,#2284,#2288,#2292,#2296,#2300,#2304,#2308,#2312,#2316,#2320,#2324,#2328,#2332,#2336,#2340,#2344,#2348,#2352,#2356,#2360,#2364,#2368,#2372,#2376,#2380,#2384,#2388,#2392,#2396,#2400,#2404,#2408,#2412,#2416,#2420,#2424,#2428,#2432,#2436,#2440,#2444,#2448,#2452,#2456,#2460,#2464,#2468,#2472,#2476,#2480,#2484,#2488,#2492,#2496,#2500,#2504,#2508,#2512,#2516,#2520,#2524,#2528,#2532,#2536,#2540,#2544,#2548,#2552,#2556,#2560));
#2562=FACE_OUTER_BOUND('',#2561,.T.);
#2563=DIRECTION('',(0.,0.,-1.));
#2564=DIRECTION('',(0.,-1.,0.));
#2565=AXIS2_PLACEMENT_3D('',#1289,#2563,#2564);
#2566=PLANE('',#2565);
#2567=ADVANCED_FACE('',(#2562),#2566,.T.);
#2568=ORIENTED_EDGE('',*,*,#2555,.T.);
#2569=VECTOR('',#1285,1.);
#2570=LINE('',#1709,#2569);
#2571=EDGE_CURVE('',#1710,#4,#2570,.T.);
#2572=ORIENTED_EDGE('',*,*,#2571,.T.);
#2573=ORIENTED_EDGE('',*,*,#428,.F.);
#2574=VECTOR('',#1285,1.);
#2575=LINE('',#1711,#2574);
#2576=EDGE_CURVE('',#1712,#2,#2575,.T.);
#2577=ORIENTED_EDGE('',*,*,#2576,.F.);
#2578=EDGE_LOOP('',(#2568,#2572,#2573,#2577));
#2579=FACE_OUTER_BOUND('',#2578,.T.);
#2580=DIRECTION('',(-1.,0.,0.));
#2581=AXIS2_PLACEMENT_3D('',#1711,#2564,#2580);
#2582=PLANE('',#2581);
#2583=ADVANCED_FACE('',(#2579),#2582,.T.);
#2584=ORIENTED_EDGE('',*,*,#2551,.T.);
#2585=VECTOR('',#1285,1.);
#2586=LINE('',#1707,#2585);
#2587=EDGE_CURVE('',#1708,#6,#2586,.T.);
#2588=ORIENTED_EDGE('',*,*,#2587,.T.);
#2589=ORIENTED_EDGE('',*,*,#433,.F.);
#2590=ORIENTED_EDGE('',*,*,#2571,.F.);
#2591=EDGE_LOOP('',(#2584,#2588,#2589,#2590));
#2592=FACE_OUTER_BOUND('',#2591,.T.);
#2593=AXIS2_PLACEMENT_3D('',#1709,#425,#2564);
#2594=PLANE('',#2593);
#2595=ADVANCED_FACE('',(#2592),#2594,.T.);
#2596=ORIENTED_EDGE('',*,*,#2547,.T.);
#2597=VECTOR('',#1285,1.);
#2598=LINE('',#1705,#2597);
#2599=EDGE_CURVE('',#1706,#8,#2598,.T.);
#2600=ORIENTED_EDGE('',*,*,#2599,.T.);
#2601=ORIENTED_EDGE('',*,*,#437,.F.);
#2602=ORIENTED_EDGE('',*,*,#2587,.F.);
#2603=EDGE_LOOP('',(#2596,#2600,#2601,#2602));
#2604=FACE_OUTER_BOUND('',#2603,.T.);
#2605=AXIS2_PLACEMENT_3D('',#1707,#2564,#2580);
#2606=PLANE('',#2605);
#2607=ADVANCED_FACE('',(#2604),#2606,.T.);
#2608=ORIENTED_EDGE('',*,*,#2543,.F.);
#2609=VECTOR('',#1285,1.);
#2610=LINE('',#1703,#2609);
#2611=EDGE_CURVE('',#1704,#10,#2610,.T.);
#2612=ORIENTED_EDGE('',*,*,#2611,.T.);
#2613=ORIENTED_EDGE('',*,*,#441,.T.);
#2614=ORIENTED_EDGE('',*,*,#2599,.F.);
#2615=EDGE_LOOP('',(#2608,#2612,#2613,#2614));
#2616=FACE_OUTER_BOUND('',#2615,.T.);
#2617=AXIS2_PLACEMENT_3D('',#1705,#2580,#430);
#2618=PLANE('',#2617);
#2619=ADVANCED_FACE('',(#2616),#2618,.T.);
#2620=ORIENTED_EDGE('',*,*,#2539,.T.);
#2621=VECTOR('',#1285,1.);
#2622=LINE('',#1701,#2621);
#2623=EDGE_CURVE('',#1702,#12,#2622,.T.);
#2624=ORIENTED_EDGE('',*,*,#2623,.T.);
#2625=ORIENTED_EDGE('',*,*,#445,.F.);
#2626=ORIENTED_EDGE('',*,*,#2611,.F.);
#2627=EDGE_LOOP('',(#2620,#2624,#2625,#2626));
#2628=FACE_OUTER_BOUND('',#2627,.T.);
#2629=AXIS2_PLACEMENT_3D('',#1703,#2564,#2580);
#2630=PLANE('',#2629);
#2631=ADVANCED_FACE('',(#2628),#2630,.T.);
#2632=ORIENTED_EDGE('',*,*,#2535,.T.);
#2633=VECTOR('',#1285,1.);
#2634=LINE('',#1699,#2633);
#2635=EDGE_CURVE('',#1700,#14,#2634,.T.);
#2636=ORIENTED_EDGE('',*,*,#2635,.T.);
#2637=ORIENTED_EDGE('',*,*,#449,.F.);
#2638=ORIENTED_EDGE('',*,*,#2623,.F.);
#2639=EDGE_LOOP('',(#2632,#2636,#2637,#2638));
#2640=FACE_OUTER_BOUND('',#2639,.T.);
#2641=AXIS2_PLACEMENT_3D('',#1701,#425,#2564);
#2642=PLANE('',#2641);
#2643=ADVANCED_FACE('',(#2640),#2642,.T.);
#2644=ORIENTED_EDGE('',*,*,#2531,.T.);
#2645=VECTOR('',#1285,1.);
#2646=LINE('',#1697,#2645);
#2647=EDGE_CURVE('',#1698,#16,#2646,.T.);
#2648=ORIENTED_EDGE('',*,*,#2647,.T.);
#2649=ORIENTED_EDGE('',*,*,#453,.F.);
#2650=ORIENTED_EDGE('',*,*,#2635,.F.);
#2651=EDGE_LOOP('',(#2644,#2648,#2649,#2650));
#2652=FACE_OUTER_BOUND('',#2651,.T.);
#2653=AXIS2_PLACEMENT_3D('',#1699,#2564,#2580);
#2654=PLANE('',#2653);
#2655=ADVANCED_FACE('',(#2652),#2654,.T.);
#2656=ORIENTED_EDGE('',*,*,#2527,.F.);
#2657=VECTOR('',#1285,1.);
#2658=LINE('',#1695,#2657);
#2659=EDGE_CURVE('',#1696,#18,#2658,.T.);
#2660=ORIENTED_EDGE('',*,*,#2659,.T.);
#2661=ORIENTED_EDGE('',*,*,#457,.T.);
#2662=ORIENTED_EDGE('',*,*,#2647,.F.);
#2663=EDGE_LOOP('',(#2656,#2660,#2661,#2662));
#2664=FACE_OUTER_BOUND('',#2663,.T.);
#2665=AXIS2_PLACEMENT_3D('',#1697,#2580,#430);
#2666=PLANE('',#2665);
#2667=ADVANCED_FACE('',(#2664),#2666,.T.);
#2668=ORIENTED_EDGE('',*,*,#2523,.T.);
#2669=VECTOR('',#1285,1.);
#2670=LINE('',#1693,#2669);
#2671=EDGE_CURVE('',#1694,#20,#2670,.T.);
#2672=ORIENTED_EDGE('',*,*,#2671,.T.);
#2673=ORIENTED_EDGE('',*,*,#461,.F.);
#2674=ORIENTED_EDGE('',*,*,#2659,.F.);
#2675=EDGE_LOOP('',(#2668,#2672,#2673,#2674));
#2676=FACE_OUTER_BOUND('',#2675,.T.);
#2677=AXIS2_PLACEMENT_3D('',#1695,#2564,#2580);
#2678=PLANE('',#2677);
#2679=ADVANCED_FACE('',(#2676),#2678,.T.);
#2680=ORIENTED_EDGE('',*,*,#2519,.T.);
#2681=VECTOR('',#1285,1.);
#2682=LINE('',#1691,#2681);
#2683=EDGE_CURVE('',#1692,#22,#2682,.T.);
#2684=ORIENTED_EDGE('',*,*,#2683,.T.);
#2685=ORIENTED_EDGE('',*,*,#465,.F.);
#2686=ORIENTED_EDGE('',*,*,#2671,.F.);
#2687=EDGE_LOOP('',(#2680,#2684,#2685,#2686));
#2688=FACE_OUTER_BOUND('',#2687,.T.);
#2689=AXIS2_PLACEMENT_3D('',#1693,#425,#2564);
#2690=PLANE('',#2689);
#2691=ADVANCED_FACE('',(#2688),#2690,.T.);
#2692=ORIENTED_EDGE('',*,*,#2515,.T.);
#2693=VECTOR('',#1285,1.);
#2694=LINE('',#1689,#2693);
#2695=EDGE_CURVE('',#1690,#24,#2694,.T.);
#2696=ORIENTED_EDGE('',*,*,#2695,.T.);
#2697=ORIENTED_EDGE('',*,*,#469,.F.);
#2698=ORIENTED_EDGE('',*,*,#2683,.F.);
#2699=EDGE_LOOP('',(#2692,#2696,#2697,#2698));
#2700=FACE_OUTER_BOUND('',#2699,.T.);
#2701=AXIS2_PLACEMENT_3D('',#1691,#2564,#2580);
#2702=PLANE('',#2701);
#2703=ADVANCED_FACE('',(#2700),#2702,.T.);
#2704=ORIENTED_EDGE('',*,*,#2511,.F.);
#2705=VECTOR('',#1285,1.);
#2706=LINE('',#1687,#2705);
#2707=EDGE_CURVE('',#1688,#26,#2706,.T.);
#2708=ORIENTED_EDGE('',*,*,#2707,.T.);
#2709=ORIENTED_EDGE('',*,*,#473,.T.);
#2710=ORIENTED_EDGE('',*,*,#2695,.F.);
#2711=EDGE_LOOP('',(#2704,#2708,#2709,#2710));
#2712=FACE_OUTER_BOUND('',#2711,.T.);
#2713=AXIS2_PLACEMENT_3D('',#1689,#2580,#430);
#2714=PLANE('',#2713);
#2715=ADVANCED_FACE('',(#2712),#2714,.T.);
#2716=ORIENTED_EDGE('',*,*,#2507,.T.);
#2717=VECTOR('',#1285,1.);
#2718=LINE('',#1685,#2717);
#2719=EDGE_CURVE('',#1686,#28,#2718,.T.);
#2720=ORIENTED_EDGE('',*,*,#2719,.T.);
#2721=ORIENTED_EDGE('',*,*,#477,.F.);
#2722=ORIENTED_EDGE('',*,*,#2707,.F.);
#2723=EDGE_LOOP('',(#2716,#2720,#2721,#2722));
#2724=FACE_OUTER_BOUND('',#2723,.T.);
#2725=AXIS2_PLACEMENT_3D('',#1687,#2564,#2580);
#2726=PLANE('',#2725);
#2727=ADVANCED_FACE('',(#2724),#2726,.T.);
#2728=ORIENTED_EDGE('',*,*,#2503,.T.);
#2729=VECTOR('',#1285,1.);
#2730=LINE('',#1683,#2729);
#2731=EDGE_CURVE('',#1684,#30,#2730,.T.);
#2732=ORIENTED_EDGE('',*,*,#2731,.T.);
#2733=ORIENTED_EDGE('',*,*,#481,.F.);
#2734=ORIENTED_EDGE('',*,*,#2719,.F.);
#2735=EDGE_LOOP('',(#2728,#2732,#2733,#2734));
#2736=FACE_OUTER_BOUND('',#2735,.T.);
#2737=AXIS2_PLACEMENT_3D('',#1685,#425,#2564);
#2738=PLANE('',#2737);
#2739=ADVANCED_FACE('',(#2736),#2738,.T.);
#2740=ORIENTED_EDGE('',*,*,#2499,.T.);
#2741=VECTOR('',#1285,1.);
#2742=LINE('',#1681,#2741);
#2743=EDGE_CURVE('',#1682,#32,#2742,.T.);
#2744=ORIENTED_EDGE('',*,*,#2743,.T.);
#2745=ORIENTED_EDGE('',*,*,#485,.F.);
#2746=ORIENTED_EDGE('',*,*,#2731,.F.);
#2747=EDGE_LOOP('',(#2740,#2744,#2745,#2746));
#2748=FACE_OUTER_BOUND('',#2747,.T.);
#2749=AXIS2_PLACEMENT_3D('',#1683,#2564,#2580);
#2750=PLANE('',#2749);
#2751=ADVANCED_FACE('',(#2748),#2750,.T.);
#2752=ORIENTED_EDGE('',*,*,#2495,.F.);
#2753=VECTOR('',#1285,1.);
#2754=LINE('',#1679,#2753);
#2755=EDGE_CURVE('',#1680,#34,#2754,.T.);
#2756=ORIENTED_EDGE('',*,*,#2755,.T.);
#2757=ORIENTED_EDGE('',*,*,#489,.T.);
#2758=ORIENTED_EDGE('',*,*,#2743,.F.);
#2759=EDGE_LOOP('',(#2752,#2756,#2757,#2758));
#2760=FACE_OUTER_BOUND('',#2759,.T.);
#2761=AXIS2_PLACEMENT_3D('',#1681,#2580,#430);
#2762=PLANE('',#2761);
#2763=ADVANCED_FACE('',(#2760),#2762,.T.);
#2764=ORIENTED_EDGE('',*,*,#2491,.T.);
#2765=VECTOR('',#1285,1.);
#2766=LINE('',#1677,#2765);
#2767=EDGE_CURVE('',#1678,#36,#2766,.T.);
#2768=ORIENTED_EDGE('',*,*,#2767,.T.);
#2769=ORIENTED_EDGE('',*,*,#493,.F.);
#2770=ORIENTED_EDGE('',*,*,#2755,.F.);
#2771=EDGE_LOOP('',(#2764,#2768,#2769,#2770));
#2772=FACE_OUTER_BOUND('',#2771,.T.);
#2773=AXIS2_PLACEMENT_3D('',#1679,#2564,#2580);
#2774=PLANE('',#2773);
#2775=ADVANCED_FACE('',(#2772),#2774,.T.);
#2776=ORIENTED_EDGE('',*,*,#2487,.T.);
#2777=VECTOR('',#1285,1.);
#2778=LINE('',#1675,#2777);
#2779=EDGE_CURVE('',#1676,#38,#2778,.T.);
#2780=ORIENTED_EDGE('',*,*,#2779,.T.);
#2781=ORIENTED_EDGE('',*,*,#497,.F.);
#2782=ORIENTED_EDGE('',*,*,#2767,.F.);
#2783=EDGE_LOOP('',(#2776,#2780,#2781,#2782));
#2784=FACE_OUTER_BOUND('',#2783,.T.);
#2785=AXIS2_PLACEMENT_3D('',#1677,#425,#2564);
#2786=PLANE('',#2785);
#2787=ADVANCED_FACE('',(#2784),#2786,.T.);
#2788=ORIENTED_EDGE('',*,*,#2483,.T.);
#2789=VECTOR('',#1285,1.);
#2790=LINE('',#1673,#2789);
#2791=EDGE_CURVE('',#1674,#40,#2790,.T.);
#2792=ORIENTED_EDGE('',*,*,#2791,.T.);
#2793=ORIENTED_EDGE('',*,*,#501,.F.);
#2794=ORIENTED_EDGE('',*,*,#2779,.F.);
#2795=EDGE_LOOP('',(#2788,#2792,#2793,#2794));
#2796=FACE_OUTER_BOUND('',#2795,.T.);
#2797=AXIS2_PLACEMENT_3D('',#1675,#2564,#2580);
#2798=PLANE('',#2797);
#2799=ADVANCED_FACE('',(#2796),#2798,.T.);
#2800=ORIENTED_EDGE('',*,*,#2479,.F.);
#2801=VECTOR('',#1285,1.);
#2802=LINE('',#1671,#2801);
#2803=EDGE_CURVE('',#1672,#42,#2802,.T.);
#2804=ORIENTED_EDGE('',*,*,#2803,.T.);
#2805=ORIENTED_EDGE('',*,*,#505,.T.);
#2806=ORIENTED_EDGE('',*,*,#2791,.F.);
#2807=EDGE_LOOP('',(#2800,#2804,#2805,#2806));
#2808=FACE_OUTER_BOUND('',#2807,.T.);
#2809=AXIS2_PLACEMENT_3D('',#1673,#2580,#430);
#2810=PLANE('',#2809);
#2811=ADVANCED_FACE('',(#2808),#2810,.T.);
#2812=ORIENTED_EDGE('',*,*,#2475,.T.);
#2813=VECTOR('',#1285,1.);
#2814=LINE('',#1669,#2813);
#2815=EDGE_CURVE('',#1670,#44,#2814,.T.);
#2816=ORIENTED_EDGE('',*,*,#2815,.T.);
#2817=ORIENTED_EDGE('',*,*,#509,.F.);
#2818=ORIENTED_EDGE('',*,*,#2803,.F.);
#2819=EDGE_LOOP('',(#2812,#2816,#2817,#2818));
#2820=FACE_OUTER_BOUND('',#2819,.T.);
#2821=AXIS2_PLACEMENT_3D('',#1671,#2564,#2580);
#2822=PLANE('',#2821);
#2823=ADVANCED_FACE('',(#2820),#2822,.T.);
#2824=ORIENTED_EDGE('',*,*,#2471,.T.);
#2825=VECTOR('',#1285,1.);
#2826=LINE('',#1667,#2825);
#2827=EDGE_CURVE('',#1668,#46,#2826,.T.);
#2828=ORIENTED_EDGE('',*,*,#2827,.T.);
#2829=ORIENTED_EDGE('',*,*,#513,.F.);
#2830=ORIENTED_EDGE('',*,*,#2815,.F.);
#2831=EDGE_LOOP('',(#2824,#2828,#2829,#2830));
#2832=FACE_OUTER_BOUND('',#2831,.T.);
#2833=AXIS2_PLACEMENT_3D('',#1669,#425,#2564);
#2834=PLANE('',#2833);
#2835=ADVANCED_FACE('',(#2832),#2834,.T.);
#2836=ORIENTED_EDGE('',*,*,#2467,.T.);
#2837=VECTOR('',#1285,1.);
#2838=LINE('',#1665,#2837);
#2839=EDGE_CURVE('',#1666,#48,#2838,.T.);
#2840=ORIENTED_EDGE('',*,*,#2839,.T.);
#2841=ORIENTED_EDGE('',*,*,#517,.F.);
#2842=ORIENTED_EDGE('',*,*,#2827,.F.);
#2843=EDGE_LOOP('',(#2836,#2840,#2841,#2842));
#2844=FACE_OUTER_BOUND('',#2843,.T.);
#2845=AXIS2_PLACEMENT_3D('',#1667,#2564,#2580);
#2846=PLANE('',#2845);
#2847=ADVANCED_FACE('',(#2844),#2846,.T.);
#2848=ORIENTED_EDGE('',*,*,#2463,.F.);
#2849=VECTOR('',#1285,1.);
#2850=LINE('',#1663,#2849);
#2851=EDGE_CURVE('',#1664,#50,#2850,.T.);
#2852=ORIENTED_EDGE('',*,*,#2851,.T.);
#2853=ORIENTED_EDGE('',*,*,#521,.T.);
#2854=ORIENTED_EDGE('',*,*,#2839,.F.);
#2855=EDGE_LOOP('',(#2848,#2852,#2853,#2854));
#2856=FACE_OUTER_BOUND('',#2855,.T.);
#2857=AXIS2_PLACEMENT_3D('',#1665,#2580,#430);
#2858=PLANE('',#2857);
#2859=ADVANCED_FACE('',(#2856),#2858,.T.);
#2860=ORIENTED_EDGE('',*,*,#2459,.T.);
#2861=VECTOR('',#1285,1.);
#2862=LINE('',#1661,#2861);
#2863=EDGE_CURVE('',#1662,#52,#2862,.T.);
#2864=ORIENTED_EDGE('',*,*,#2863,.T.);
#2865=ORIENTED_EDGE('',*,*,#525,.F.);
#2866=ORIENTED_EDGE('',*,*,#2851,.F.);
#2867=EDGE_LOOP('',(#2860,#2864,#2865,#2866));
#2868=FACE_OUTER_BOUND('',#2867,.T.);
#2869=AXIS2_PLACEMENT_3D('',#1663,#2564,#2580);
#2870=PLANE('',#2869);
#2871=ADVANCED_FACE('',(#2868),#2870,.T.);
#2872=ORIENTED_EDGE('',*,*,#2455,.T.);
#2873=VECTOR('',#1285,1.);
#2874=LINE('',#1659,#2873);
#2875=EDGE_CURVE('',#1660,#54,#2874,.T.);
#2876=ORIENTED_EDGE('',*,*,#2875,.T.);
#2877=ORIENTED_EDGE('',*,*,#529,.F.);
#2878=ORIENTED_EDGE('',*,*,#2863,.F.);
#2879=EDGE_LOOP('',(#2872,#2876,#2877,#2878));
#2880=FACE_OUTER_BOUND('',#2879,.T.);
#2881=AXIS2_PLACEMENT_3D('',#1661,#425,#2564);
#2882=PLANE('',#2881);
#2883=ADVANCED_FACE('',(#2880),#2882,.T.);
#2884=ORIENTED_EDGE('',*,*,#2451,.T.);
#2885=VECTOR('',#1285,1.);
#2886=LINE('',#1657,#2885);
#2887=EDGE_CURVE('',#1658,#56,#2886,.T.);
#2888=ORIENTED_EDGE('',*,*,#2887,.T.);
#2889=ORIENTED_EDGE('',*,*,#533,.F.);
#2890=ORIENTED_EDGE('',*,*,#2875,.F.);
#2891=EDGE_LOOP('',(#2884,#2888,#2889,#2890));
#2892=FACE_OUTER_BOUND('',#2891,.T.);
#2893=AXIS2_PLACEMENT_3D('',#1659,#2564,#2580);
#2894=PLANE('',#2893);
#2895=ADVANCED_FACE('',(#2892),#2894,.T.);
#2896=ORIENTED_EDGE('',*,*,#2447,.F.);
#2897=VECTOR('',#1285,1.);
#2898=LINE('',#1655,#2897);
#2899=EDGE_CURVE('',#1656,#58,#2898,.T.);
#2900=ORIENTED_EDGE('',*,*,#2899,.T.);
#2901=ORIENTED_EDGE('',*,*,#537,.T.);
#2902=ORIENTED_EDGE('',*,*,#2887,.F.);
#2903=EDGE_LOOP('',(#2896,#2900,#2901,#2902));
#2904=FACE_OUTER_BOUND('',#2903,.T.);
#2905=AXIS2_PLACEMENT_3D('',#1657,#2580,#430);
#2906=PLANE('',#2905);
#2907=ADVANCED_FACE('',(#2904),#2906,.T.);
#2908=ORIENTED_EDGE('',*,*,#2443,.T.);
#2909=VECTOR('',#1285,1.);
#2910=LINE('',#1653,#2909);
#2911=EDGE_CURVE('',#1654,#60,#2910,.T.);
#2912=ORIENTED_EDGE('',*,*,#2911,.T.);
#2913=ORIENTED_EDGE('',*,*,#541,.F.);
#2914=ORIENTED_EDGE('',*,*,#2899,.F.);
#2915=EDGE_LOOP('',(#2908,#2912,#2913,#2914));
#2916=FACE_OUTER_BOUND('',#2915,.T.);
#2917=AXIS2_PLACEMENT_3D('',#1655,#2564,#2580);
#2918=PLANE('',#2917);
#2919=ADVANCED_FACE('',(#2916),#2918,.T.);
#2920=ORIENTED_EDGE('',*,*,#2439,.T.);
#2921=VECTOR('',#1285,1.);
#2922=LINE('',#1651,#2921);
#2923=EDGE_CURVE('',#1652,#62,#2922,.T.);
#2924=ORIENTED_EDGE('',*,*,#2923,.T.);
#2925=ORIENTED_EDGE('',*,*,#545,.F.);
#2926=ORIENTED_EDGE('',*,*,#2911,.F.);
#2927=EDGE_LOOP('',(#2920,#2924,#2925,#2926));
#2928=FACE_OUTER_BOUND('',#2927,.T.);
#2929=AXIS2_PLACEMENT_3D('',#1653,#425,#2564);
#2930=PLANE('',#2929);
#2931=ADVANCED_FACE('',(#2928),#2930,.T.);
#2932=ORIENTED_EDGE('',*,*,#2435,.T.);
#2933=VECTOR('',#1285,1.);
#2934=LINE('',#1649,#2933);
#2935=EDGE_CURVE('',#1650,#64,#2934,.T.);
#2936=ORIENTED_EDGE('',*,*,#2935,.T.);
#2937=ORIENTED_EDGE('',*,*,#549,.F.);
#2938=ORIENTED_EDGE('',*,*,#2923,.F.);
#2939=EDGE_LOOP('',(#2932,#2936,#2937,#2938));
#2940=FACE_OUTER_BOUND('',#2939,.T.);
#2941=AXIS2_PLACEMENT_3D('',#1651,#2564,#2580);
#2942=PLANE('',#2941);
#2943=ADVANCED_FACE('',(#2940),#2942,.T.);
#2944=ORIENTED_EDGE('',*,*,#2431,.F.);
#2945=VECTOR('',#1285,1.);
#2946=LINE('',#1647,#2945);
#2947=EDGE_CURVE('',#1648,#66,#2946,.T.);
#2948=ORIENTED_EDGE('',*,*,#2947,.T.);
#2949=ORIENTED_EDGE('',*,*,#553,.T.);
#2950=ORIENTED_EDGE('',*,*,#2935,.F.);
#2951=EDGE_LOOP('',(#2944,#2948,#2949,#2950));
#2952=FACE_OUTER_BOUND('',#2951,.T.);
#2953=AXIS2_PLACEMENT_3D('',#1649,#2580,#430);
#2954=PLANE('',#2953);
#2955=ADVANCED_FACE('',(#2952),#2954,.T.);
#2956=ORIENTED_EDGE('',*,*,#2427,.T.);
#2957=VECTOR('',#1285,1.);
#2958=LINE('',#1645,#2957);
#2959=EDGE_CURVE('',#1646,#68,#2958,.T.);
#2960=ORIENTED_EDGE('',*,*,#2959,.T.);
#2961=ORIENTED_EDGE('',*,*,#557,.F.);
#2962=ORIENTED_EDGE('',*,*,#2947,.F.);
#2963=EDGE_LOOP('',(#2956,#2960,#2961,#2962));
#2964=FACE_OUTER_BOUND('',#2963,.T.);
#2965=AXIS2_PLACEMENT_3D('',#1647,#2564,#2580);
#2966=PLANE('',#2965);
#2967=ADVANCED_FACE('',(#2964),#2966,.T.);
#2968=ORIENTED_EDGE('',*,*,#2423,.T.);
#2969=VECTOR('',#1285,1.);
#2970=LINE('',#1643,#2969);
#2971=EDGE_CURVE('',#1644,#70,#2970,.T.);
#2972=ORIENTED_EDGE('',*,*,#2971,.T.);
#2973=ORIENTED_EDGE('',*,*,#561,.F.);
#2974=ORIENTED_EDGE('',*,*,#2959,.F.);
#2975=EDGE_LOOP('',(#2968,#2972,#2973,#2974));
#2976=FACE_OUTER_BOUND('',#2975,.T.);
#2977=AXIS2_PLACEMENT_3D('',#1645,#425,#2564);
#2978=PLANE('',#2977);
#2979=ADVANCED_FACE('',(#2976),#2978,.T.);
#2980=ORIENTED_EDGE('',*,*,#2419,.T.);
#2981=VECTOR('',#1285,1.);
#2982=LINE('',#1641,#2981);
#2983=EDGE_CURVE('',#1642,#72,#2982,.T.);
#2984=ORIENTED_EDGE('',*,*,#2983,.T.);
#2985=ORIENTED_EDGE('',*,*,#565,.F.);
#2986=ORIENTED_EDGE('',*,*,#2971,.F.);
#2987=EDGE_LOOP('',(#2980,#2984,#2985,#2986));
#2988=FACE_OUTER_BOUND('',#2987,.T.);
#2989=AXIS2_PLACEMENT_3D('',#1643,#2564,#2580);
#2990=PLANE('',#2989);
#2991=ADVANCED_FACE('',(#2988),#2990,.T.);
#2992=ORIENTED_EDGE('',*,*,#2415,.F.);
#2993=VECTOR('',#1285,1.);
#2994=LINE('',#1639,#2993);
#2995=EDGE_CURVE('',#1640,#74,#2994,.T.);
#2996=ORIENTED_EDGE('',*,*,#2995,.T.);
#2997=ORIENTED_EDGE('',*,*,#569,.T.);
#2998=ORIENTED_EDGE('',*,*,#2983,.F.);
#2999=EDGE_LOOP('',(#2992,#2996,#2997,#2998));
#3000=FACE_OUTER_BOUND('',#2999,.T.);
#3001=AXIS2_PLACEMENT_3D('',#1641,#2580,#430);
#3002=PLANE('',#3001);
#3003=ADVANCED_FACE('',(#3000),#3002,.T.);
#3004=ORIENTED_EDGE('',*,*,#2411,.T.);
#3005=VECTOR('',#1285,1.);
#3006=LINE('',#1637,#3005);
#3007=EDGE_CURVE('',#1638,#76,#3006,.T.);
#3008=ORIENTED_EDGE('',*,*,#3007,.T.);
#3009=ORIENTED_EDGE('',*,*,#573,.F.);
#3010=ORIENTED_EDGE('',*,*,#2995,.F.);
#3011=EDGE_LOOP('',(#3004,#3008,#3009,#3010));
#3012=FACE_OUTER_BOUND('',#3011,.T.);
#3013=AXIS2_PLACEMENT_3D('',#1639,#2564,#2580);
#3014=PLANE('',#3013);
#3015=ADVANCED_FACE('',(#3012),#3014,.T.);
#3016=ORIENTED_EDGE('',*,*,#2407,.T.);
#3017=VECTOR('',#1285,1.);
#3018=LINE('',#1635,#3017);
#3019=EDGE_CURVE('',#1636,#78,#3018,.T.);
#3020=ORIENTED_EDGE('',*,*,#3019,.T.);
#3021=ORIENTED_EDGE('',*,*,#577,.F.);
#3022=ORIENTED_EDGE('',*,*,#3007,.F.);
#3023=EDGE_LOOP('',(#3016,#3020,#3021,#3022));
#3024=FACE_OUTER_BOUND('',#3023,.T.);
#3025=AXIS2_PLACEMENT_3D('',#1637,#425,#2564);
#3026=PLANE('',#3025);
#3027=ADVANCED_FACE('',(#3024),#3026,.T.);
#3028=ORIENTED_EDGE('',*,*,#2403,.T.);
#3029=VECTOR('',#1285,1.);
#3030=LINE('',#1633,#3029);
#3031=EDGE_CURVE('',#1634,#80,#3030,.T.);
#3032=ORIENTED_EDGE('',*,*,#3031,.T.);
#3033=ORIENTED_EDGE('',*,*,#581,.F.);
#3034=ORIENTED_EDGE('',*,*,#3019,.F.);
#3035=EDGE_LOOP('',(#3028,#3032,#3033,#3034));
#3036=FACE_OUTER_BOUND('',#3035,.T.);
#3037=AXIS2_PLACEMENT_3D('',#1635,#2564,#2580);
#3038=PLANE('',#3037);
#3039=ADVANCED_FACE('',(#3036),#3038,.T.);
#3040=ORIENTED_EDGE('',*,*,#2399,.F.);
#3041=VECTOR('',#1285,1.);
#3042=LINE('',#1631,#3041);
#3043=EDGE_CURVE('',#1632,#82,#3042,.T.);
#3044=ORIENTED_EDGE('',*,*,#3043,.T.);
#3045=ORIENTED_EDGE('',*,*,#585,.T.);
#3046=ORIENTED_EDGE('',*,*,#3031,.F.);
#3047=EDGE_LOOP('',(#3040,#3044,#3045,#3046));
#3048=FACE_OUTER_BOUND('',#3047,.T.);
#3049=AXIS2_PLACEMENT_3D('',#1633,#2580,#430);
#3050=PLANE('',#3049);
#3051=ADVANCED_FACE('',(#3048),#3050,.T.);
#3052=ORIENTED_EDGE('',*,*,#2395,.T.);
#3053=VECTOR('',#1285,1.);
#3054=LINE('',#1629,#3053);
#3055=EDGE_CURVE('',#1630,#84,#3054,.T.);
#3056=ORIENTED_EDGE('',*,*,#3055,.T.);
#3057=ORIENTED_EDGE('',*,*,#589,.F.);
#3058=ORIENTED_EDGE('',*,*,#3043,.F.);
#3059=EDGE_LOOP('',(#3052,#3056,#3057,#3058));
#3060=FACE_OUTER_BOUND('',#3059,.T.);
#3061=AXIS2_PLACEMENT_3D('',#1631,#2564,#2580);
#3062=PLANE('',#3061);
#3063=ADVANCED_FACE('',(#3060),#3062,.T.);
#3064=ORIENTED_EDGE('',*,*,#2391,.T.);
#3065=VECTOR('',#1285,1.);
#3066=LINE('',#1627,#3065);
#3067=EDGE_CURVE('',#1628,#86,#3066,.T.);
#3068=ORIENTED_EDGE('',*,*,#3067,.T.);
#3069=ORIENTED_EDGE('',*,*,#593,.F.);
#3070=ORIENTED_EDGE('',*,*,#3055,.F.);
#3071=EDGE_LOOP('',(#3064,#3068,#3069,#3070));
#3072=FACE_OUTER_BOUND('',#3071,.T.);
#3073=AXIS2_PLACEMENT_3D('',#1629,#425,#2564);
#3074=PLANE('',#3073);
#3075=ADVANCED_FACE('',(#3072),#3074,.T.);
#3076=ORIENTED_EDGE('',*,*,#2387,.T.);
#3077=VECTOR('',#1285,1.);
#3078=LINE('',#1625,#3077);
#3079=EDGE_CURVE('',#1626,#88,#3078,.T.);
#3080=ORIENTED_EDGE('',*,*,#3079,.T.);
#3081=ORIENTED_EDGE('',*,*,#597,.F.);
#3082=ORIENTED_EDGE('',*,*,#3067,.F.);
#3083=EDGE_LOOP('',(#3076,#3080,#3081,#3082));
#3084=FACE_OUTER_BOUND('',#3083,.T.);
#3085=AXIS2_PLACEMENT_3D('',#1627,#2564,#2580);
#3086=PLANE('',#3085);
#3087=ADVANCED_FACE('',(#3084),#3086,.T.);
#3088=ORIENTED_EDGE('',*,*,#2383,.F.);
#3089=VECTOR('',#1285,1.);
#3090=LINE('',#1623,#3089);
#3091=EDGE_CURVE('',#1624,#90,#3090,.T.);
#3092=ORIENTED_EDGE('',*,*,#3091,.T.);
#3093=ORIENTED_EDGE('',*,*,#601,.T.);
#3094=ORIENTED_EDGE('',*,*,#3079,.F.);
#3095=EDGE_LOOP('',(#3088,#3092,#3093,#3094));
#3096=FACE_OUTER_BOUND('',#3095,.T.);
#3097=AXIS2_PLACEMENT_3D('',#1625,#2580,#430);
#3098=PLANE('',#3097);
#3099=ADVANCED_FACE('',(#3096),#3098,.T.);
#3100=ORIENTED_EDGE('',*,*,#2379,.T.);
#3101=VECTOR('',#1285,1.);
#3102=LINE('',#1621,#3101);
#3103=EDGE_CURVE('',#1622,#92,#3102,.T.);
#3104=ORIENTED_EDGE('',*,*,#3103,.T.);
#3105=ORIENTED_EDGE('',*,*,#605,.F.);
#3106=ORIENTED_EDGE('',*,*,#3091,.F.);
#3107=EDGE_LOOP('',(#3100,#3104,#3105,#3106));
#3108=FACE_OUTER_BOUND('',#3107,.T.);
#3109=AXIS2_PLACEMENT_3D('',#1623,#2564,#2580);
#3110=PLANE('',#3109);
#3111=ADVANCED_FACE('',(#3108),#3110,.T.);
#3112=ORIENTED_EDGE('',*,*,#2375,.T.);
#3113=VECTOR('',#1285,1.);
#3114=LINE('',#1619,#3113);
#3115=EDGE_CURVE('',#1620,#94,#3114,.T.);
#3116=ORIENTED_EDGE('',*,*,#3115,.T.);
#3117=ORIENTED_EDGE('',*,*,#609,.F.);
#3118=ORIENTED_EDGE('',*,*,#3103,.F.);
#3119=EDGE_LOOP('',(#3112,#3116,#3117,#3118));
#3120=FACE_OUTER_BOUND('',#3119,.T.);
#3121=AXIS2_PLACEMENT_3D('',#1621,#425,#2564);
#3122=PLANE('',#3121);
#3123=ADVANCED_FACE('',(#3120),#3122,.T.);
#3124=ORIENTED_EDGE('',*,*,#2371,.T.);
#3125=VECTOR('',#1285,1.);
#3126=LINE('',#1617,#3125);
#3127=EDGE_CURVE('',#1618,#96,#3126,.T.);
#3128=ORIENTED_EDGE('',*,*,#3127,.T.);
#3129=ORIENTED_EDGE('',*,*,#613,.F.);
#3130=ORIENTED_EDGE('',*,*,#3115,.F.);
#3131=EDGE_LOOP('',(#3124,#3128,#3129,#3130));
#3132=FACE_OUTER_BOUND('',#3131,.T.);
#3133=AXIS2_PLACEMENT_3D('',#1619,#2564,#2580);
#3134=PLANE('',#3133);
#3135=ADVANCED_FACE('',(#3132),#3134,.T.);
#3136=ORIENTED_EDGE('',*,*,#2367,.F.);
#3137=VECTOR('',#1285,1.);
#3138=LINE('',#1615,#3137);
#3139=EDGE_CURVE('',#1616,#98,#3138,.T.);
#3140=ORIENTED_EDGE('',*,*,#3139,.T.);
#3141=ORIENTED_EDGE('',*,*,#617,.T.);
#3142=ORIENTED_EDGE('',*,*,#3127,.F.);
#3143=EDGE_LOOP('',(#3136,#3140,#3141,#3142));
#3144=FACE_OUTER_BOUND('',#3143,.T.);
#3145=AXIS2_PLACEMENT_3D('',#1617,#2580,#430);
#3146=PLANE('',#3145);
#3147=ADVANCED_FACE('',(#3144),#3146,.T.);
#3148=ORIENTED_EDGE('',*,*,#2363,.T.);
#3149=VECTOR('',#1285,1.);
#3150=LINE('',#1613,#3149);
#3151=EDGE_CURVE('',#1614,#100,#3150,.T.);
#3152=ORIENTED_EDGE('',*,*,#3151,.T.);
#3153=ORIENTED_EDGE('',*,*,#621,.F.);
#3154=ORIENTED_EDGE('',*,*,#3139,.F.);
#3155=EDGE_LOOP('',(#3148,#3152,#3153,#3154));
#3156=FACE_OUTER_BOUND('',#3155,.T.);
#3157=AXIS2_PLACEMENT_3D('',#1615,#2564,#2580);
#3158=PLANE('',#3157);
#3159=ADVANCED_FACE('',(#3156),#3158,.T.);
#3160=ORIENTED_EDGE('',*,*,#2359,.T.);
#3161=VECTOR('',#1285,1.);
#3162=LINE('',#1611,#3161);
#3163=EDGE_CURVE('',#1612,#102,#3162,.T.);
#3164=ORIENTED_EDGE('',*,*,#3163,.T.);
#3165=ORIENTED_EDGE('',*,*,#626,.F.);
#3166=ORIENTED_EDGE('',*,*,#3151,.F.);
#3167=EDGE_LOOP('',(#3160,#3164,#3165,#3166));
#3168=FACE_OUTER_BOUND('',#3167,.T.);
#3169=DIRECTION('',(0.195090322,-0.98078528,0.));
#3170=DIRECTION('',(-0.98078528,-0.195090322,0.));
#3171=AXIS2_PLACEMENT_3D('',#1613,#3169,#3170);
#3172=PLANE('',#3171);
#3173=ADVANCED_FACE('',(#3168),#3172,.T.);
#3174=ORIENTED_EDGE('',*,*,#2355,.T.);
#3175=VECTOR('',#1285,1.);
#3176=LINE('',#1609,#3175);
#3177=EDGE_CURVE('',#1610,#104,#3176,.T.);
#3178=ORIENTED_EDGE('',*,*,#3177,.T.);
#3179=ORIENTED_EDGE('',*,*,#631,.F.);
#3180=ORIENTED_EDGE('',*,*,#3163,.F.);
#3181=EDGE_LOOP('',(#3174,#3178,#3179,#3180));
#3182=FACE_OUTER_BOUND('',#3181,.T.);
#3183=DIRECTION('',(0.555570233,-0.831469612,0.));
#3184=DIRECTION('',(-0.831469612,-0.555570233,0.));
#3185=AXIS2_PLACEMENT_3D('',#1611,#3183,#3184);
#3186=PLANE('',#3185);
#3187=ADVANCED_FACE('',(#3182),#3186,.T.);
#3188=ORIENTED_EDGE('',*,*,#2351,.T.);
#3189=VECTOR('',#1285,1.);
#3190=LINE('',#1607,#3189);
#3191=EDGE_CURVE('',#1608,#106,#3190,.T.);
#3192=ORIENTED_EDGE('',*,*,#3191,.T.);
#3193=ORIENTED_EDGE('',*,*,#636,.F.);
#3194=ORIENTED_EDGE('',*,*,#3177,.F.);
#3195=EDGE_LOOP('',(#3188,#3192,#3193,#3194));
#3196=FACE_OUTER_BOUND('',#3195,.T.);
#3197=DIRECTION('',(0.831469612,-0.555570233,0.));
#3198=DIRECTION('',(-0.555570233,-0.831469612,0.));
#3199=AXIS2_PLACEMENT_3D('',#1609,#3197,#3198);
#3200=PLANE('',#3199);
#3201=ADVANCED_FACE('',(#3196),#3200,.T.);
#3202=ORIENTED_EDGE('',*,*,#2347,.T.);
#3203=VECTOR('',#1285,1.);
#3204=LINE('',#1605,#3203);
#3205=EDGE_CURVE('',#1606,#108,#3204,.T.);
#3206=ORIENTED_EDGE('',*,*,#3205,.T.);
#3207=ORIENTED_EDGE('',*,*,#641,.F.);
#3208=ORIENTED_EDGE('',*,*,#3191,.F.);
#3209=EDGE_LOOP('',(#3202,#3206,#3207,#3208));
#3210=FACE_OUTER_BOUND('',#3209,.T.);
#3211=DIRECTION('',(0.98078528,-0.195090322,0.));
#3212=DIRECTION('',(-0.195090322,-0.98078528,0.));
#3213=AXIS2_PLACEMENT_3D('',#1607,#3211,#3212);
#3214=PLANE('',#3213);
#3215=ADVANCED_FACE('',(#3210),#3214,.T.);
#3216=ORIENTED_EDGE('',*,*,#2343,.T.);
#3217=VECTOR('',#1285,1.);
#3218=LINE('',#1603,#3217);
#3219=EDGE_CURVE('',#1604,#110,#3218,.T.);
#3220=ORIENTED_EDGE('',*,*,#3219,.T.);
#3221=ORIENTED_EDGE('',*,*,#645,.F.);
#3222=ORIENTED_EDGE('',*,*,#3205,.F.);
#3223=EDGE_LOOP('',(#3216,#3220,#3221,#3222));
#3224=FACE_OUTER_BOUND('',#3223,.T.);
#3225=AXIS2_PLACEMENT_3D('',#1605,#425,#2564);
#3226=PLANE('',#3225);
#3227=ADVANCED_FACE('',(#3224),#3226,.T.);
#3228=ORIENTED_EDGE('',*,*,#2339,.F.);
#3229=VECTOR('',#1285,1.);
#3230=LINE('',#1601,#3229);
#3231=EDGE_CURVE('',#1602,#112,#3230,.T.);
#3232=ORIENTED_EDGE('',*,*,#3231,.T.);
#3233=ORIENTED_EDGE('',*,*,#649,.T.);
#3234=ORIENTED_EDGE('',*,*,#3219,.F.);
#3235=EDGE_LOOP('',(#3228,#3232,#3233,#3234));
#3236=FACE_OUTER_BOUND('',#3235,.T.);
#3237=AXIS2_PLACEMENT_3D('',#1603,#430,#425);
#3238=PLANE('',#3237);
#3239=ADVANCED_FACE('',(#3236),#3238,.T.);
#3240=ORIENTED_EDGE('',*,*,#2335,.T.);
#3241=VECTOR('',#1285,1.);
#3242=LINE('',#1599,#3241);
#3243=EDGE_CURVE('',#1600,#114,#3242,.T.);
#3244=ORIENTED_EDGE('',*,*,#3243,.T.);
#3245=ORIENTED_EDGE('',*,*,#653,.F.);
#3246=ORIENTED_EDGE('',*,*,#3231,.F.);
#3247=EDGE_LOOP('',(#3240,#3244,#3245,#3246));
#3248=FACE_OUTER_BOUND('',#3247,.T.);
#3249=AXIS2_PLACEMENT_3D('',#1601,#425,#2564);
#3250=PLANE('',#3249);
#3251=ADVANCED_FACE('',(#3248),#3250,.T.);
#3252=ORIENTED_EDGE('',*,*,#2331,.T.);
#3253=VECTOR('',#1285,1.);
#3254=LINE('',#1597,#3253);
#3255=EDGE_CURVE('',#1598,#116,#3254,.T.);
#3256=ORIENTED_EDGE('',*,*,#3255,.T.);
#3257=ORIENTED_EDGE('',*,*,#657,.F.);
#3258=ORIENTED_EDGE('',*,*,#3243,.F.);
#3259=EDGE_LOOP('',(#3252,#3256,#3257,#3258));
#3260=FACE_OUTER_BOUND('',#3259,.T.);
#3261=AXIS2_PLACEMENT_3D('',#1599,#2564,#2580);
#3262=PLANE('',#3261);
#3263=ADVANCED_FACE('',(#3260),#3262,.T.);
#3264=ORIENTED_EDGE('',*,*,#2327,.T.);
#3265=VECTOR('',#1285,1.);
#3266=LINE('',#1595,#3265);
#3267=EDGE_CURVE('',#1596,#118,#3266,.T.);
#3268=ORIENTED_EDGE('',*,*,#3267,.T.);
#3269=ORIENTED_EDGE('',*,*,#661,.F.);
#3270=ORIENTED_EDGE('',*,*,#3255,.F.);
#3271=EDGE_LOOP('',(#3264,#3268,#3269,#3270));
#3272=FACE_OUTER_BOUND('',#3271,.T.);
#3273=AXIS2_PLACEMENT_3D('',#1597,#425,#2564);
#3274=PLANE('',#3273);
#3275=ADVANCED_FACE('',(#3272),#3274,.T.);
#3276=ORIENTED_EDGE('',*,*,#2323,.F.);
#3277=VECTOR('',#1285,1.);
#3278=LINE('',#1593,#3277);
#3279=EDGE_CURVE('',#1594,#120,#3278,.T.);
#3280=ORIENTED_EDGE('',*,*,#3279,.T.);
#3281=ORIENTED_EDGE('',*,*,#665,.T.);
#3282=ORIENTED_EDGE('',*,*,#3267,.F.);
#3283=EDGE_LOOP('',(#3276,#3280,#3281,#3282));
#3284=FACE_OUTER_BOUND('',#3283,.T.);
#3285=AXIS2_PLACEMENT_3D('',#1595,#430,#425);
#3286=PLANE('',#3285);
#3287=ADVANCED_FACE('',(#3284),#3286,.T.);
#3288=ORIENTED_EDGE('',*,*,#2319,.T.);
#3289=VECTOR('',#1285,1.);
#3290=LINE('',#1591,#3289);
#3291=EDGE_CURVE('',#1592,#122,#3290,.T.);
#3292=ORIENTED_EDGE('',*,*,#3291,.T.);
#3293=ORIENTED_EDGE('',*,*,#669,.F.);
#3294=ORIENTED_EDGE('',*,*,#3279,.F.);
#3295=EDGE_LOOP('',(#3288,#3292,#3293,#3294));
#3296=FACE_OUTER_BOUND('',#3295,.T.);
#3297=AXIS2_PLACEMENT_3D('',#1593,#425,#2564);
#3298=PLANE('',#3297);
#3299=ADVANCED_FACE('',(#3296),#3298,.T.);
#3300=ORIENTED_EDGE('',*,*,#2315,.T.);
#3301=VECTOR('',#1285,1.);
#3302=LINE('',#1589,#3301);
#3303=EDGE_CURVE('',#1590,#124,#3302,.T.);
#3304=ORIENTED_EDGE('',*,*,#3303,.T.);
#3305=ORIENTED_EDGE('',*,*,#673,.F.);
#3306=ORIENTED_EDGE('',*,*,#3291,.F.);
#3307=EDGE_LOOP('',(#3300,#3304,#3305,#3306));
#3308=FACE_OUTER_BOUND('',#3307,.T.);
#3309=AXIS2_PLACEMENT_3D('',#1591,#2564,#2580);
#3310=PLANE('',#3309);
#3311=ADVANCED_FACE('',(#3308),#3310,.T.);
#3312=ORIENTED_EDGE('',*,*,#2311,.T.);
#3313=VECTOR('',#1285,1.);
#3314=LINE('',#1587,#3313);
#3315=EDGE_CURVE('',#1588,#126,#3314,.T.);
#3316=ORIENTED_EDGE('',*,*,#3315,.T.);
#3317=ORIENTED_EDGE('',*,*,#677,.F.);
#3318=ORIENTED_EDGE('',*,*,#3303,.F.);
#3319=EDGE_LOOP('',(#3312,#3316,#3317,#3318));
#3320=FACE_OUTER_BOUND('',#3319,.T.);
#3321=AXIS2_PLACEMENT_3D('',#1589,#425,#2564);
#3322=PLANE('',#3321);
#3323=ADVANCED_FACE('',(#3320),#3322,.T.);
#3324=ORIENTED_EDGE('',*,*,#2307,.F.);
#3325=VECTOR('',#1285,1.);
#3326=LINE('',#1585,#3325);
#3327=EDGE_CURVE('',#1586,#128,#3326,.T.);
#3328=ORIENTED_EDGE('',*,*,#3327,.T.);
#3329=ORIENTED_EDGE('',*,*,#681,.T.);
#3330=ORIENTED_EDGE('',*,*,#3315,.F.);
#3331=EDGE_LOOP('',(#3324,#3328,#3329,#3330));
#3332=FACE_OUTER_BOUND('',#3331,.T.);
#3333=AXIS2_PLACEMENT_3D('',#1587,#430,#425);
#3334=PLANE('',#3333);
#3335=ADVANCED_FACE('',(#3332),#3334,.T.);
#3336=ORIENTED_EDGE('',*,*,#2303,.T.);
#3337=VECTOR('',#1285,1.);
#3338=LINE('',#1583,#3337);
#3339=EDGE_CURVE('',#1584,#130,#3338,.T.);
#3340=ORIENTED_EDGE('',*,*,#3339,.T.);
#3341=ORIENTED_EDGE('',*,*,#685,.F.);
#3342=ORIENTED_EDGE('',*,*,#3327,.F.);
#3343=EDGE_LOOP('',(#3336,#3340,#3341,#3342));
#3344=FACE_OUTER_BOUND('',#3343,.T.);
#3345=AXIS2_PLACEMENT_3D('',#1585,#425,#2564);
#3346=PLANE('',#3345);
#3347=ADVANCED_FACE('',(#3344),#3346,.T.);
#3348=ORIENTED_EDGE('',*,*,#2299,.T.);
#3349=VECTOR('',#1285,1.);
#3350=LINE('',#1581,#3349);
#3351=EDGE_CURVE('',#1582,#132,#3350,.T.);
#3352=ORIENTED_EDGE('',*,*,#3351,.T.);
#3353=ORIENTED_EDGE('',*,*,#689,.F.);
#3354=ORIENTED_EDGE('',*,*,#3339,.F.);
#3355=EDGE_LOOP('',(#3348,#3352,#3353,#3354));
#3356=FACE_OUTER_BOUND('',#3355,.T.);
#3357=AXIS2_PLACEMENT_3D('',#1583,#2564,#2580);
#3358=PLANE('',#3357);
#3359=ADVANCED_FACE('',(#3356),#3358,.T.);
#3360=ORIENTED_EDGE('',*,*,#2295,.T.);
#3361=VECTOR('',#1285,1.);
#3362=LINE('',#1579,#3361);
#3363=EDGE_CURVE('',#1580,#134,#3362,.T.);
#3364=ORIENTED_EDGE('',*,*,#3363,.T.);
#3365=ORIENTED_EDGE('',*,*,#693,.F.);
#3366=ORIENTED_EDGE('',*,*,#3351,.F.);
#3367=EDGE_LOOP('',(#3360,#3364,#3365,#3366));
#3368=FACE_OUTER_BOUND('',#3367,.T.);
#3369=AXIS2_PLACEMENT_3D('',#1581,#425,#2564);
#3370=PLANE('',#3369);
#3371=ADVANCED_FACE('',(#3368),#3370,.T.);
#3372=ORIENTED_EDGE('',*,*,#2291,.F.);
#3373=VECTOR('',#1285,1.);
#3374=LINE('',#1577,#3373);
#3375=EDGE_CURVE('',#1578,#136,#3374,.T.);
#3376=ORIENTED_EDGE('',*,*,#3375,.T.);
#3377=ORIENTED_EDGE('',*,*,#697,.T.);
#3378=ORIENTED_EDGE('',*,*,#3363,.F.);
#3379=EDGE_LOOP('',(#3372,#3376,#3377,#3378));
#3380=FACE_OUTER_BOUND('',#3379,.T.);
#3381=AXIS2_PLACEMENT_3D('',#1579,#430,#425);
#3382=PLANE('',#3381);
#3383=ADVANCED_FACE('',(#3380),#3382,.T.);
#3384=ORIENTED_EDGE('',*,*,#2287,.T.);
#3385=VECTOR('',#1285,1.);
#3386=LINE('',#1575,#3385);
#3387=EDGE_CURVE('',#1576,#138,#3386,.T.);
#3388=ORIENTED_EDGE('',*,*,#3387,.T.);
#3389=ORIENTED_EDGE('',*,*,#701,.F.);
#3390=ORIENTED_EDGE('',*,*,#3375,.F.);
#3391=EDGE_LOOP('',(#3384,#3388,#3389,#3390));
#3392=FACE_OUTER_BOUND('',#3391,.T.);
#3393=AXIS2_PLACEMENT_3D('',#1577,#425,#2564);
#3394=PLANE('',#3393);
#3395=ADVANCED_FACE('',(#3392),#3394,.T.);
#3396=ORIENTED_EDGE('',*,*,#2283,.T.);
#3397=VECTOR('',#1285,1.);
#3398=LINE('',#1573,#3397);
#3399=EDGE_CURVE('',#1574,#140,#3398,.T.);
#3400=ORIENTED_EDGE('',*,*,#3399,.T.);
#3401=ORIENTED_EDGE('',*,*,#705,.F.);
#3402=ORIENTED_EDGE('',*,*,#3387,.F.);
#3403=EDGE_LOOP('',(#3396,#3400,#3401,#3402));
#3404=FACE_OUTER_BOUND('',#3403,.T.);
#3405=AXIS2_PLACEMENT_3D('',#1575,#2564,#2580);
#3406=PLANE('',#3405);
#3407=ADVANCED_FACE('',(#3404),#3406,.T.);
#3408=ORIENTED_EDGE('',*,*,#2279,.T.);
#3409=VECTOR('',#1285,1.);
#3410=LINE('',#1571,#3409);
#3411=EDGE_CURVE('',#1572,#142,#3410,.T.);
#3412=ORIENTED_EDGE('',*,*,#3411,.T.);
#3413=ORIENTED_EDGE('',*,*,#709,.F.);
#3414=ORIENTED_EDGE('',*,*,#3399,.F.);
#3415=EDGE_LOOP('',(#3408,#3412,#3413,#3414));
#3416=FACE_OUTER_BOUND('',#3415,.T.);
#3417=AXIS2_PLACEMENT_3D('',#1573,#425,#2564);
#3418=PLANE('',#3417);
#3419=ADVANCED_FACE('',(#3416),#3418,.T.);
#3420=ORIENTED_EDGE('',*,*,#2275,.F.);
#3421=VECTOR('',#1285,1.);
#3422=LINE('',#1569,#3421);
#3423=EDGE_CURVE('',#1570,#144,#3422,.T.);
#3424=ORIENTED_EDGE('',*,*,#3423,.T.);
#3425=ORIENTED_EDGE('',*,*,#713,.T.);
#3426=ORIENTED_EDGE('',*,*,#3411,.F.);
#3427=EDGE_LOOP('',(#3420,#3424,#3425,#3426));
#3428=FACE_OUTER_BOUND('',#3427,.T.);
#3429=AXIS2_PLACEMENT_3D('',#1571,#430,#425);
#3430=PLANE('',#3429);
#3431=ADVANCED_FACE('',(#3428),#3430,.T.);
#3432=ORIENTED_EDGE('',*,*,#2271,.T.);
#3433=VECTOR('',#1285,1.);
#3434=LINE('',#1567,#3433);
#3435=EDGE_CURVE('',#1568,#146,#3434,.T.);
#3436=ORIENTED_EDGE('',*,*,#3435,.T.);
#3437=ORIENTED_EDGE('',*,*,#717,.F.);
#3438=ORIENTED_EDGE('',*,*,#3423,.F.);
#3439=EDGE_LOOP('',(#3432,#3436,#3437,#3438));
#3440=FACE_OUTER_BOUND('',#3439,.T.);
#3441=AXIS2_PLACEMENT_3D('',#1569,#425,#2564);
#3442=PLANE('',#3441);
#3443=ADVANCED_FACE('',(#3440),#3442,.T.);
#3444=ORIENTED_EDGE('',*,*,#2267,.T.);
#3445=VECTOR('',#1285,1.);
#3446=LINE('',#1565,#3445);
#3447=EDGE_CURVE('',#1566,#148,#3446,.T.);
#3448=ORIENTED_EDGE('',*,*,#3447,.T.);
#3449=ORIENTED_EDGE('',*,*,#721,.F.);
#3450=ORIENTED_EDGE('',*,*,#3435,.F.);
#3451=EDGE_LOOP('',(#3444,#3448,#3449,#3450));
#3452=FACE_OUTER_BOUND('',#3451,.T.);
#3453=AXIS2_PLACEMENT_3D('',#1567,#2564,#2580);
#3454=PLANE('',#3453);
#3455=ADVANCED_FACE('',(#3452),#3454,.T.);
#3456=ORIENTED_EDGE('',*,*,#2263,.T.);
#3457=VECTOR('',#1285,1.);
#3458=LINE('',#1563,#3457);
#3459=EDGE_CURVE('',#1564,#150,#3458,.T.);
#3460=ORIENTED_EDGE('',*,*,#3459,.T.);
#3461=ORIENTED_EDGE('',*,*,#725,.F.);
#3462=ORIENTED_EDGE('',*,*,#3447,.F.);
#3463=EDGE_LOOP('',(#3456,#3460,#3461,#3462));
#3464=FACE_OUTER_BOUND('',#3463,.T.);
#3465=AXIS2_PLACEMENT_3D('',#1565,#425,#2564);
#3466=PLANE('',#3465);
#3467=ADVANCED_FACE('',(#3464),#3466,.T.);
#3468=ORIENTED_EDGE('',*,*,#2259,.F.);
#3469=VECTOR('',#1285,1.);
#3470=LINE('',#1561,#3469);
#3471=EDGE_CURVE('',#1562,#152,#3470,.T.);
#3472=ORIENTED_EDGE('',*,*,#3471,.T.);
#3473=ORIENTED_EDGE('',*,*,#729,.T.);
#3474=ORIENTED_EDGE('',*,*,#3459,.F.);
#3475=EDGE_LOOP('',(#3468,#3472,#3473,#3474));
#3476=FACE_OUTER_BOUND('',#3475,.T.);
#3477=AXIS2_PLACEMENT_3D('',#1563,#430,#425);
#3478=PLANE('',#3477);
#3479=ADVANCED_FACE('',(#3476),#3478,.T.);
#3480=ORIENTED_EDGE('',*,*,#2255,.T.);
#3481=VECTOR('',#1285,1.);
#3482=LINE('',#1559,#3481);
#3483=EDGE_CURVE('',#1560,#154,#3482,.T.);
#3484=ORIENTED_EDGE('',*,*,#3483,.T.);
#3485=ORIENTED_EDGE('',*,*,#733,.F.);
#3486=ORIENTED_EDGE('',*,*,#3471,.F.);
#3487=EDGE_LOOP('',(#3480,#3484,#3485,#3486));
#3488=FACE_OUTER_BOUND('',#3487,.T.);
#3489=AXIS2_PLACEMENT_3D('',#1561,#425,#2564);
#3490=PLANE('',#3489);
#3491=ADVANCED_FACE('',(#3488),#3490,.T.);
#3492=ORIENTED_EDGE('',*,*,#2251,.T.);
#3493=VECTOR('',#1285,1.);
#3494=LINE('',#1557,#3493);
#3495=EDGE_CURVE('',#1558,#156,#3494,.T.);
#3496=ORIENTED_EDGE('',*,*,#3495,.T.);
#3497=ORIENTED_EDGE('',*,*,#737,.F.);
#3498=ORIENTED_EDGE('',*,*,#3483,.F.);
#3499=EDGE_LOOP('',(#3492,#3496,#3497,#3498));
#3500=FACE_OUTER_BOUND('',#3499,.T.);
#3501=AXIS2_PLACEMENT_3D('',#1559,#2564,#2580);
#3502=PLANE('',#3501);
#3503=ADVANCED_FACE('',(#3500),#3502,.T.);
#3504=ORIENTED_EDGE('',*,*,#2247,.T.);
#3505=VECTOR('',#1285,1.);
#3506=LINE('',#1555,#3505);
#3507=EDGE_CURVE('',#1556,#158,#3506,.T.);
#3508=ORIENTED_EDGE('',*,*,#3507,.T.);
#3509=ORIENTED_EDGE('',*,*,#741,.F.);
#3510=ORIENTED_EDGE('',*,*,#3495,.F.);
#3511=EDGE_LOOP('',(#3504,#3508,#3509,#3510));
#3512=FACE_OUTER_BOUND('',#3511,.T.);
#3513=AXIS2_PLACEMENT_3D('',#1557,#425,#2564);
#3514=PLANE('',#3513);
#3515=ADVANCED_FACE('',(#3512),#3514,.T.);
#3516=ORIENTED_EDGE('',*,*,#2243,.F.);
#3517=VECTOR('',#1285,1.);
#3518=LINE('',#1553,#3517);
#3519=EDGE_CURVE('',#1554,#160,#3518,.T.);
#3520=ORIENTED_EDGE('',*,*,#3519,.T.);
#3521=ORIENTED_EDGE('',*,*,#745,.T.);
#3522=ORIENTED_EDGE('',*,*,#3507,.F.);
#3523=EDGE_LOOP('',(#3516,#3520,#3521,#3522));
#3524=FACE_OUTER_BOUND('',#3523,.T.);
#3525=AXIS2_PLACEMENT_3D('',#1555,#430,#425);
#3526=PLANE('',#3525);
#3527=ADVANCED_FACE('',(#3524),#3526,.T.);
#3528=ORIENTED_EDGE('',*,*,#2239,.T.);
#3529=VECTOR('',#1285,1.);
#3530=LINE('',#1551,#3529);
#3531=EDGE_CURVE('',#1552,#162,#3530,.T.);
#3532=ORIENTED_EDGE('',*,*,#3531,.T.);
#3533=ORIENTED_EDGE('',*,*,#749,.F.);
#3534=ORIENTED_EDGE('',*,*,#3519,.F.);
#3535=EDGE_LOOP('',(#3528,#3532,#3533,#3534));
#3536=FACE_OUTER_BOUND('',#3535,.T.);
#3537=AXIS2_PLACEMENT_3D('',#1553,#425,#2564);
#3538=PLANE('',#3537);
#3539=ADVANCED_FACE('',(#3536),#3538,.T.);
#3540=ORIENTED_EDGE('',*,*,#2235,.T.);
#3541=VECTOR('',#1285,1.);
#3542=LINE('',#1549,#3541);
#3543=EDGE_CURVE('',#1550,#164,#3542,.T.);
#3544=ORIENTED_EDGE('',*,*,#3543,.T.);
#3545=ORIENTED_EDGE('',*,*,#753,.F.);
#3546=ORIENTED_EDGE('',*,*,#3531,.F.);
#3547=EDGE_LOOP('',(#3540,#3544,#3545,#3546));
#3548=FACE_OUTER_BOUND('',#3547,.T.);
#3549=AXIS2_PLACEMENT_3D('',#1551,#2564,#2580);
#3550=PLANE('',#3549);
#3551=ADVANCED_FACE('',(#3548),#3550,.T.);
#3552=ORIENTED_EDGE('',*,*,#2231,.T.);
#3553=VECTOR('',#1285,1.);
#3554=LINE('',#1547,#3553);
#3555=EDGE_CURVE('',#1548,#166,#3554,.T.);
#3556=ORIENTED_EDGE('',*,*,#3555,.T.);
#3557=ORIENTED_EDGE('',*,*,#757,.F.);
#3558=ORIENTED_EDGE('',*,*,#3543,.F.);
#3559=EDGE_LOOP('',(#3552,#3556,#3557,#3558));
#3560=FACE_OUTER_BOUND('',#3559,.T.);
#3561=AXIS2_PLACEMENT_3D('',#1549,#425,#2564);
#3562=PLANE('',#3561);
#3563=ADVANCED_FACE('',(#3560),#3562,.T.);
#3564=ORIENTED_EDGE('',*,*,#2227,.F.);
#3565=VECTOR('',#1285,1.);
#3566=LINE('',#1545,#3565);
#3567=EDGE_CURVE('',#1546,#168,#3566,.T.);
#3568=ORIENTED_EDGE('',*,*,#3567,.T.);
#3569=ORIENTED_EDGE('',*,*,#761,.T.);
#3570=ORIENTED_EDGE('',*,*,#3555,.F.);
#3571=EDGE_LOOP('',(#3564,#3568,#3569,#3570));
#3572=FACE_OUTER_BOUND('',#3571,.T.);
#3573=AXIS2_PLACEMENT_3D('',#1547,#430,#425);
#3574=PLANE('',#3573);
#3575=ADVANCED_FACE('',(#3572),#3574,.T.);
#3576=ORIENTED_EDGE('',*,*,#2223,.T.);
#3577=VECTOR('',#1285,1.);
#3578=LINE('',#1543,#3577);
#3579=EDGE_CURVE('',#1544,#170,#3578,.T.);
#3580=ORIENTED_EDGE('',*,*,#3579,.T.);
#3581=ORIENTED_EDGE('',*,*,#765,.F.);
#3582=ORIENTED_EDGE('',*,*,#3567,.F.);
#3583=EDGE_LOOP('',(#3576,#3580,#3581,#3582));
#3584=FACE_OUTER_BOUND('',#3583,.T.);
#3585=AXIS2_PLACEMENT_3D('',#1545,#425,#2564);
#3586=PLANE('',#3585);
#3587=ADVANCED_FACE('',(#3584),#3586,.T.);
#3588=ORIENTED_EDGE('',*,*,#2219,.T.);
#3589=VECTOR('',#1285,1.);
#3590=LINE('',#1541,#3589);
#3591=EDGE_CURVE('',#1542,#172,#3590,.T.);
#3592=ORIENTED_EDGE('',*,*,#3591,.T.);
#3593=ORIENTED_EDGE('',*,*,#769,.F.);
#3594=ORIENTED_EDGE('',*,*,#3579,.F.);
#3595=EDGE_LOOP('',(#3588,#3592,#3593,#3594));
#3596=FACE_OUTER_BOUND('',#3595,.T.);
#3597=AXIS2_PLACEMENT_3D('',#1543,#2564,#2580);
#3598=PLANE('',#3597);
#3599=ADVANCED_FACE('',(#3596),#3598,.T.);
#3600=ORIENTED_EDGE('',*,*,#2215,.T.);
#3601=VECTOR('',#1285,1.);
#3602=LINE('',#1539,#3601);
#3603=EDGE_CURVE('',#1540,#174,#3602,.T.);
#3604=ORIENTED_EDGE('',*,*,#3603,.T.);
#3605=ORIENTED_EDGE('',*,*,#773,.F.);
#3606=ORIENTED_EDGE('',*,*,#3591,.F.);
#3607=EDGE_LOOP('',(#3600,#3604,#3605,#3606));
#3608=FACE_OUTER_BOUND('',#3607,.T.);
#3609=AXIS2_PLACEMENT_3D('',#1541,#425,#2564);
#3610=PLANE('',#3609);
#3611=ADVANCED_FACE('',(#3608),#3610,.T.);
#3612=ORIENTED_EDGE('',*,*,#2211,.F.);
#3613=VECTOR('',#1285,1.);
#3614=LINE('',#1537,#3613);
#3615=EDGE_CURVE('',#1538,#176,#3614,.T.);
#3616=ORIENTED_EDGE('',*,*,#3615,.T.);
#3617=ORIENTED_EDGE('',*,*,#777,.T.);
#3618=ORIENTED_EDGE('',*,*,#3603,.F.);
#3619=EDGE_LOOP('',(#3612,#3616,#3617,#3618));
#3620=FACE_OUTER_BOUND('',#3619,.T.);
#3621=AXIS2_PLACEMENT_3D('',#1539,#430,#425);
#3622=PLANE('',#3621);
#3623=ADVANCED_FACE('',(#3620),#3622,.T.);
#3624=ORIENTED_EDGE('',*,*,#2207,.T.);
#3625=VECTOR('',#1285,1.);
#3626=LINE('',#1535,#3625);
#3627=EDGE_CURVE('',#1536,#178,#3626,.T.);
#3628=ORIENTED_EDGE('',*,*,#3627,.T.);
#3629=ORIENTED_EDGE('',*,*,#781,.F.);
#3630=ORIENTED_EDGE('',*,*,#3615,.F.);
#3631=EDGE_LOOP('',(#3624,#3628,#3629,#3630));
#3632=FACE_OUTER_BOUND('',#3631,.T.);
#3633=AXIS2_PLACEMENT_3D('',#1537,#425,#2564);
#3634=PLANE('',#3633);
#3635=ADVANCED_FACE('',(#3632),#3634,.T.);
#3636=ORIENTED_EDGE('',*,*,#2203,.T.);
#3637=VECTOR('',#1285,1.);
#3638=LINE('',#1533,#3637);
#3639=EDGE_CURVE('',#1534,#180,#3638,.T.);
#3640=ORIENTED_EDGE('',*,*,#3639,.T.);
#3641=ORIENTED_EDGE('',*,*,#785,.F.);
#3642=ORIENTED_EDGE('',*,*,#3627,.F.);
#3643=EDGE_LOOP('',(#3636,#3640,#3641,#3642));
#3644=FACE_OUTER_BOUND('',#3643,.T.);
#3645=AXIS2_PLACEMENT_3D('',#1535,#2564,#2580);
#3646=PLANE('',#3645);
#3647=ADVANCED_FACE('',(#3644),#3646,.T.);
#3648=ORIENTED_EDGE('',*,*,#2199,.T.);
#3649=VECTOR('',#1285,1.);
#3650=LINE('',#1531,#3649);
#3651=EDGE_CURVE('',#1532,#182,#3650,.T.);
#3652=ORIENTED_EDGE('',*,*,#3651,.T.);
#3653=ORIENTED_EDGE('',*,*,#789,.F.);
#3654=ORIENTED_EDGE('',*,*,#3639,.F.);
#3655=EDGE_LOOP('',(#3648,#3652,#3653,#3654));
#3656=FACE_OUTER_BOUND('',#3655,.T.);
#3657=AXIS2_PLACEMENT_3D('',#1533,#425,#2564);
#3658=PLANE('',#3657);
#3659=ADVANCED_FACE('',(#3656),#3658,.T.);
#3660=ORIENTED_EDGE('',*,*,#2195,.F.);
#3661=VECTOR('',#1285,1.);
#3662=LINE('',#1529,#3661);
#3663=EDGE_CURVE('',#1530,#184,#3662,.T.);
#3664=ORIENTED_EDGE('',*,*,#3663,.T.);
#3665=ORIENTED_EDGE('',*,*,#793,.T.);
#3666=ORIENTED_EDGE('',*,*,#3651,.F.);
#3667=EDGE_LOOP('',(#3660,#3664,#3665,#3666));
#3668=FACE_OUTER_BOUND('',#3667,.T.);
#3669=AXIS2_PLACEMENT_3D('',#1531,#430,#425);
#3670=PLANE('',#3669);
#3671=ADVANCED_FACE('',(#3668),#3670,.T.);
#3672=ORIENTED_EDGE('',*,*,#2191,.T.);
#3673=VECTOR('',#1285,1.);
#3674=LINE('',#1527,#3673);
#3675=EDGE_CURVE('',#1528,#186,#3674,.T.);
#3676=ORIENTED_EDGE('',*,*,#3675,.T.);
#3677=ORIENTED_EDGE('',*,*,#797,.F.);
#3678=ORIENTED_EDGE('',*,*,#3663,.F.);
#3679=EDGE_LOOP('',(#3672,#3676,#3677,#3678));
#3680=FACE_OUTER_BOUND('',#3679,.T.);
#3681=AXIS2_PLACEMENT_3D('',#1529,#425,#2564);
#3682=PLANE('',#3681);
#3683=ADVANCED_FACE('',(#3680),#3682,.T.);
#3684=ORIENTED_EDGE('',*,*,#2187,.T.);
#3685=VECTOR('',#1285,1.);
#3686=LINE('',#1525,#3685);
#3687=EDGE_CURVE('',#1526,#188,#3686,.T.);
#3688=ORIENTED_EDGE('',*,*,#3687,.T.);
#3689=ORIENTED_EDGE('',*,*,#801,.F.);
#3690=ORIENTED_EDGE('',*,*,#3675,.F.);
#3691=EDGE_LOOP('',(#3684,#3688,#3689,#3690));
#3692=FACE_OUTER_BOUND('',#3691,.T.);
#3693=AXIS2_PLACEMENT_3D('',#1527,#2564,#2580);
#3694=PLANE('',#3693);
#3695=ADVANCED_FACE('',(#3692),#3694,.T.);
#3696=ORIENTED_EDGE('',*,*,#2183,.T.);
#3697=VECTOR('',#1285,1.);
#3698=LINE('',#1523,#3697);
#3699=EDGE_CURVE('',#1524,#190,#3698,.T.);
#3700=ORIENTED_EDGE('',*,*,#3699,.T.);
#3701=ORIENTED_EDGE('',*,*,#805,.F.);
#3702=ORIENTED_EDGE('',*,*,#3687,.F.);
#3703=EDGE_LOOP('',(#3696,#3700,#3701,#3702));
#3704=FACE_OUTER_BOUND('',#3703,.T.);
#3705=AXIS2_PLACEMENT_3D('',#1525,#425,#2564);
#3706=PLANE('',#3705);
#3707=ADVANCED_FACE('',(#3704),#3706,.T.);
#3708=ORIENTED_EDGE('',*,*,#2179,.F.);
#3709=VECTOR('',#1285,1.);
#3710=LINE('',#1521,#3709);
#3711=EDGE_CURVE('',#1522,#192,#3710,.T.);
#3712=ORIENTED_EDGE('',*,*,#3711,.T.);
#3713=ORIENTED_EDGE('',*,*,#809,.T.);
#3714=ORIENTED_EDGE('',*,*,#3699,.F.);
#3715=EDGE_LOOP('',(#3708,#3712,#3713,#3714));
#3716=FACE_OUTER_BOUND('',#3715,.T.);
#3717=AXIS2_PLACEMENT_3D('',#1523,#430,#425);
#3718=PLANE('',#3717);
#3719=ADVANCED_FACE('',(#3716),#3718,.T.);
#3720=ORIENTED_EDGE('',*,*,#2175,.T.);
#3721=VECTOR('',#1285,1.);
#3722=LINE('',#1519,#3721);
#3723=EDGE_CURVE('',#1520,#194,#3722,.T.);
#3724=ORIENTED_EDGE('',*,*,#3723,.T.);
#3725=ORIENTED_EDGE('',*,*,#813,.F.);
#3726=ORIENTED_EDGE('',*,*,#3711,.F.);
#3727=EDGE_LOOP('',(#3720,#3724,#3725,#3726));
#3728=FACE_OUTER_BOUND('',#3727,.T.);
#3729=AXIS2_PLACEMENT_3D('',#1521,#425,#2564);
#3730=PLANE('',#3729);
#3731=ADVANCED_FACE('',(#3728),#3730,.T.);
#3732=ORIENTED_EDGE('',*,*,#2171,.T.);
#3733=VECTOR('',#1285,1.);
#3734=LINE('',#1517,#3733);
#3735=EDGE_CURVE('',#1518,#196,#3734,.T.);
#3736=ORIENTED_EDGE('',*,*,#3735,.T.);
#3737=ORIENTED_EDGE('',*,*,#817,.F.);
#3738=ORIENTED_EDGE('',*,*,#3723,.F.);
#3739=EDGE_LOOP('',(#3732,#3736,#3737,#3738));
#3740=FACE_OUTER_BOUND('',#3739,.T.);
#3741=AXIS2_PLACEMENT_3D('',#1519,#2564,#2580);
#3742=PLANE('',#3741);
#3743=ADVANCED_FACE('',(#3740),#3742,.T.);
#3744=ORIENTED_EDGE('',*,*,#2167,.T.);
#3745=VECTOR('',#1285,1.);
#3746=LINE('',#1515,#3745);
#3747=EDGE_CURVE('',#1516,#198,#3746,.T.);
#3748=ORIENTED_EDGE('',*,*,#3747,.T.);
#3749=ORIENTED_EDGE('',*,*,#821,.F.);
#3750=ORIENTED_EDGE('',*,*,#3735,.F.);
#3751=EDGE_LOOP('',(#3744,#3748,#3749,#3750));
#3752=FACE_OUTER_BOUND('',#3751,.T.);
#3753=AXIS2_PLACEMENT_3D('',#1517,#425,#2564);
#3754=PLANE('',#3753);
#3755=ADVANCED_FACE('',(#3752),#3754,.T.);
#3756=ORIENTED_EDGE('',*,*,#2163,.F.);
#3757=VECTOR('',#1285,1.);
#3758=LINE('',#1513,#3757);
#3759=EDGE_CURVE('',#1514,#200,#3758,.T.);
#3760=ORIENTED_EDGE('',*,*,#3759,.T.);
#3761=ORIENTED_EDGE('',*,*,#825,.T.);
#3762=ORIENTED_EDGE('',*,*,#3747,.F.);
#3763=EDGE_LOOP('',(#3756,#3760,#3761,#3762));
#3764=FACE_OUTER_BOUND('',#3763,.T.);
#3765=AXIS2_PLACEMENT_3D('',#1515,#430,#425);
#3766=PLANE('',#3765);
#3767=ADVANCED_FACE('',(#3764),#3766,.T.);
#3768=ORIENTED_EDGE('',*,*,#2159,.T.);
#3769=VECTOR('',#1285,1.);
#3770=LINE('',#1511,#3769);
#3771=EDGE_CURVE('',#1512,#202,#3770,.T.);
#3772=ORIENTED_EDGE('',*,*,#3771,.T.);
#3773=ORIENTED_EDGE('',*,*,#829,.F.);
#3774=ORIENTED_EDGE('',*,*,#3759,.F.);
#3775=EDGE_LOOP('',(#3768,#3772,#3773,#3774));
#3776=FACE_OUTER_BOUND('',#3775,.T.);
#3777=AXIS2_PLACEMENT_3D('',#1513,#425,#2564);
#3778=PLANE('',#3777);
#3779=ADVANCED_FACE('',(#3776),#3778,.T.);
#3780=ORIENTED_EDGE('',*,*,#2155,.T.);
#3781=VECTOR('',#1285,1.);
#3782=LINE('',#1509,#3781);
#3783=EDGE_CURVE('',#1510,#204,#3782,.T.);
#3784=ORIENTED_EDGE('',*,*,#3783,.T.);
#3785=ORIENTED_EDGE('',*,*,#833,.F.);
#3786=ORIENTED_EDGE('',*,*,#3771,.F.);
#3787=EDGE_LOOP('',(#3780,#3784,#3785,#3786));
#3788=FACE_OUTER_BOUND('',#3787,.T.);
#3789=AXIS2_PLACEMENT_3D('',#1511,#2564,#2580);
#3790=PLANE('',#3789);
#3791=ADVANCED_FACE('',(#3788),#3790,.T.);
#3792=ORIENTED_EDGE('',*,*,#2151,.T.);
#3793=VECTOR('',#1285,1.);
#3794=LINE('',#1507,#3793);
#3795=EDGE_CURVE('',#1508,#206,#3794,.T.);
#3796=ORIENTED_EDGE('',*,*,#3795,.T.);
#3797=ORIENTED_EDGE('',*,*,#837,.F.);
#3798=ORIENTED_EDGE('',*,*,#3783,.F.);
#3799=EDGE_LOOP('',(#3792,#3796,#3797,#3798));
#3800=FACE_OUTER_BOUND('',#3799,.T.);
#3801=AXIS2_PLACEMENT_3D('',#1509,#425,#2564);
#3802=PLANE('',#3801);
#3803=ADVANCED_FACE('',(#3800),#3802,.T.);
#3804=ORIENTED_EDGE('',*,*,#2147,.F.);
#3805=VECTOR('',#1285,1.);
#3806=LINE('',#1505,#3805);
#3807=EDGE_CURVE('',#1506,#208,#3806,.T.);
#3808=ORIENTED_EDGE('',*,*,#3807,.T.);
#3809=ORIENTED_EDGE('',*,*,#842,.T.);
#3810=ORIENTED_EDGE('',*,*,#3795,.F.);
#3811=EDGE_LOOP('',(#3804,#3808,#3809,#3810));
#3812=FACE_OUTER_BOUND('',#3811,.T.);
#3813=DIRECTION('',(0.98078528,0.195090322,0.));
#3814=AXIS2_PLACEMENT_3D('',#1507,#3813,#3169);
#3815=PLANE('',#3814);
#3816=ADVANCED_FACE('',(#3812),#3815,.T.);
#3817=ORIENTED_EDGE('',*,*,#2143,.F.);
#3818=VECTOR('',#1285,1.);
#3819=LINE('',#1503,#3818);
#3820=EDGE_CURVE('',#1504,#210,#3819,.T.);
#3821=ORIENTED_EDGE('',*,*,#3820,.T.);
#3822=ORIENTED_EDGE('',*,*,#847,.T.);
#3823=ORIENTED_EDGE('',*,*,#3807,.F.);
#3824=EDGE_LOOP('',(#3817,#3821,#3822,#3823));
#3825=FACE_OUTER_BOUND('',#3824,.T.);
#3826=DIRECTION('',(0.831469612,0.555570233,0.));
#3827=AXIS2_PLACEMENT_3D('',#1505,#3826,#3183);
#3828=PLANE('',#3827);
#3829=ADVANCED_FACE('',(#3825),#3828,.T.);
#3830=ORIENTED_EDGE('',*,*,#2139,.F.);
#3831=VECTOR('',#1285,1.);
#3832=LINE('',#1501,#3831);
#3833=EDGE_CURVE('',#1502,#212,#3832,.T.);
#3834=ORIENTED_EDGE('',*,*,#3833,.T.);
#3835=ORIENTED_EDGE('',*,*,#852,.T.);
#3836=ORIENTED_EDGE('',*,*,#3820,.F.);
#3837=EDGE_LOOP('',(#3830,#3834,#3835,#3836));
#3838=FACE_OUTER_BOUND('',#3837,.T.);
#3839=DIRECTION('',(0.555570233,0.831469612,0.));
#3840=AXIS2_PLACEMENT_3D('',#1503,#3839,#3197);
#3841=PLANE('',#3840);
#3842=ADVANCED_FACE('',(#3838),#3841,.T.);
#3843=ORIENTED_EDGE('',*,*,#2135,.F.);
#3844=VECTOR('',#1285,1.);
#3845=LINE('',#1499,#3844);
#3846=EDGE_CURVE('',#1500,#214,#3845,.T.);
#3847=ORIENTED_EDGE('',*,*,#3846,.T.);
#3848=ORIENTED_EDGE('',*,*,#857,.T.);
#3849=ORIENTED_EDGE('',*,*,#3833,.F.);
#3850=EDGE_LOOP('',(#3843,#3847,#3848,#3849));
#3851=FACE_OUTER_BOUND('',#3850,.T.);
#3852=DIRECTION('',(0.195090322,0.98078528,0.));
#3853=AXIS2_PLACEMENT_3D('',#1501,#3852,#3211);
#3854=PLANE('',#3853);
#3855=ADVANCED_FACE('',(#3851),#3854,.T.);
#3856=ORIENTED_EDGE('',*,*,#2131,.F.);
#3857=VECTOR('',#1285,1.);
#3858=LINE('',#1497,#3857);
#3859=EDGE_CURVE('',#1498,#216,#3858,.T.);
#3860=ORIENTED_EDGE('',*,*,#3859,.T.);
#3861=ORIENTED_EDGE('',*,*,#861,.T.);
#3862=ORIENTED_EDGE('',*,*,#3846,.F.);
#3863=EDGE_LOOP('',(#3856,#3860,#3861,#3862));
#3864=FACE_OUTER_BOUND('',#3863,.T.);
#3865=AXIS2_PLACEMENT_3D('',#1499,#430,#425);
#3866=PLANE('',#3865);
#3867=ADVANCED_FACE('',(#3864),#3866,.T.);
#3868=ORIENTED_EDGE('',*,*,#2127,.F.);
#3869=VECTOR('',#1285,1.);
#3870=LINE('',#1495,#3869);
#3871=EDGE_CURVE('',#1496,#218,#3870,.T.);
#3872=ORIENTED_EDGE('',*,*,#3871,.T.);
#3873=ORIENTED_EDGE('',*,*,#865,.T.);
#3874=ORIENTED_EDGE('',*,*,#3859,.F.);
#3875=EDGE_LOOP('',(#3868,#3872,#3873,#3874));
#3876=FACE_OUTER_BOUND('',#3875,.T.);
#3877=AXIS2_PLACEMENT_3D('',#1497,#2580,#430);
#3878=PLANE('',#3877);
#3879=ADVANCED_FACE('',(#3876),#3878,.T.);
#3880=ORIENTED_EDGE('',*,*,#2123,.F.);
#3881=VECTOR('',#1285,1.);
#3882=LINE('',#1493,#3881);
#3883=EDGE_CURVE('',#1494,#220,#3882,.T.);
#3884=ORIENTED_EDGE('',*,*,#3883,.T.);
#3885=ORIENTED_EDGE('',*,*,#869,.T.);
#3886=ORIENTED_EDGE('',*,*,#3871,.F.);
#3887=EDGE_LOOP('',(#3880,#3884,#3885,#3886));
#3888=FACE_OUTER_BOUND('',#3887,.T.);
#3889=AXIS2_PLACEMENT_3D('',#1495,#430,#425);
#3890=PLANE('',#3889);
#3891=ADVANCED_FACE('',(#3888),#3890,.T.);
#3892=ORIENTED_EDGE('',*,*,#2119,.T.);
#3893=VECTOR('',#1285,1.);
#3894=LINE('',#1491,#3893);
#3895=EDGE_CURVE('',#1492,#222,#3894,.T.);
#3896=ORIENTED_EDGE('',*,*,#3895,.T.);
#3897=ORIENTED_EDGE('',*,*,#873,.F.);
#3898=ORIENTED_EDGE('',*,*,#3883,.F.);
#3899=EDGE_LOOP('',(#3892,#3896,#3897,#3898));
#3900=FACE_OUTER_BOUND('',#3899,.T.);
#3901=AXIS2_PLACEMENT_3D('',#1493,#425,#2564);
#3902=PLANE('',#3901);
#3903=ADVANCED_FACE('',(#3900),#3902,.T.);
#3904=ORIENTED_EDGE('',*,*,#2115,.F.);
#3905=VECTOR('',#1285,1.);
#3906=LINE('',#1489,#3905);
#3907=EDGE_CURVE('',#1490,#224,#3906,.T.);
#3908=ORIENTED_EDGE('',*,*,#3907,.T.);
#3909=ORIENTED_EDGE('',*,*,#877,.T.);
#3910=ORIENTED_EDGE('',*,*,#3895,.F.);
#3911=EDGE_LOOP('',(#3904,#3908,#3909,#3910));
#3912=FACE_OUTER_BOUND('',#3911,.T.);
#3913=AXIS2_PLACEMENT_3D('',#1491,#430,#425);
#3914=PLANE('',#3913);
#3915=ADVANCED_FACE('',(#3912),#3914,.T.);
#3916=ORIENTED_EDGE('',*,*,#2111,.F.);
#3917=VECTOR('',#1285,1.);
#3918=LINE('',#1487,#3917);
#3919=EDGE_CURVE('',#1488,#226,#3918,.T.);
#3920=ORIENTED_EDGE('',*,*,#3919,.T.);
#3921=ORIENTED_EDGE('',*,*,#881,.T.);
#3922=ORIENTED_EDGE('',*,*,#3907,.F.);
#3923=EDGE_LOOP('',(#3916,#3920,#3921,#3922));
#3924=FACE_OUTER_BOUND('',#3923,.T.);
#3925=AXIS2_PLACEMENT_3D('',#1489,#2580,#430);
#3926=PLANE('',#3925);
#3927=ADVANCED_FACE('',(#3924),#3926,.T.);
#3928=ORIENTED_EDGE('',*,*,#2107,.F.);
#3929=VECTOR('',#1285,1.);
#3930=LINE('',#1485,#3929);
#3931=EDGE_CURVE('',#1486,#228,#3930,.T.);
#3932=ORIENTED_EDGE('',*,*,#3931,.T.);
#3933=ORIENTED_EDGE('',*,*,#885,.T.);
#3934=ORIENTED_EDGE('',*,*,#3919,.F.);
#3935=EDGE_LOOP('',(#3928,#3932,#3933,#3934));
#3936=FACE_OUTER_BOUND('',#3935,.T.);
#3937=AXIS2_PLACEMENT_3D('',#1487,#430,#425);
#3938=PLANE('',#3937);
#3939=ADVANCED_FACE('',(#3936),#3938,.T.);
#3940=ORIENTED_EDGE('',*,*,#2103,.T.);
#3941=VECTOR('',#1285,1.);
#3942=LINE('',#1483,#3941);
#3943=EDGE_CURVE('',#1484,#230,#3942,.T.);
#3944=ORIENTED_EDGE('',*,*,#3943,.T.);
#3945=ORIENTED_EDGE('',*,*,#889,.F.);
#3946=ORIENTED_EDGE('',*,*,#3931,.F.);
#3947=EDGE_LOOP('',(#3940,#3944,#3945,#3946));
#3948=FACE_OUTER_BOUND('',#3947,.T.);
#3949=AXIS2_PLACEMENT_3D('',#1485,#425,#2564);
#3950=PLANE('',#3949);
#3951=ADVANCED_FACE('',(#3948),#3950,.T.);
#3952=ORIENTED_EDGE('',*,*,#2099,.F.);
#3953=VECTOR('',#1285,1.);
#3954=LINE('',#1481,#3953);
#3955=EDGE_CURVE('',#1482,#232,#3954,.T.);
#3956=ORIENTED_EDGE('',*,*,#3955,.T.);
#3957=ORIENTED_EDGE('',*,*,#893,.T.);
#3958=ORIENTED_EDGE('',*,*,#3943,.F.);
#3959=EDGE_LOOP('',(#3952,#3956,#3957,#3958));
#3960=FACE_OUTER_BOUND('',#3959,.T.);
#3961=AXIS2_PLACEMENT_3D('',#1483,#430,#425);
#3962=PLANE('',#3961);
#3963=ADVANCED_FACE('',(#3960),#3962,.T.);
#3964=ORIENTED_EDGE('',*,*,#2095,.F.);
#3965=VECTOR('',#1285,1.);
#3966=LINE('',#1479,#3965);
#3967=EDGE_CURVE('',#1480,#234,#3966,.T.);
#3968=ORIENTED_EDGE('',*,*,#3967,.T.);
#3969=ORIENTED_EDGE('',*,*,#897,.T.);
#3970=ORIENTED_EDGE('',*,*,#3955,.F.);
#3971=EDGE_LOOP('',(#3964,#3968,#3969,#3970));
#3972=FACE_OUTER_BOUND('',#3971,.T.);
#3973=AXIS2_PLACEMENT_3D('',#1481,#2580,#430);
#3974=PLANE('',#3973);
#3975=ADVANCED_FACE('',(#3972),#3974,.T.);
#3976=ORIENTED_EDGE('',*,*,#2091,.F.);
#3977=VECTOR('',#1285,1.);
#3978=LINE('',#1477,#3977);
#3979=EDGE_CURVE('',#1478,#236,#3978,.T.);
#3980=ORIENTED_EDGE('',*,*,#3979,.T.);
#3981=ORIENTED_EDGE('',*,*,#901,.T.);
#3982=ORIENTED_EDGE('',*,*,#3967,.F.);
#3983=EDGE_LOOP('',(#3976,#3980,#3981,#3982));
#3984=FACE_OUTER_BOUND('',#3983,.T.);
#3985=AXIS2_PLACEMENT_3D('',#1479,#430,#425);
#3986=PLANE('',#3985);
#3987=ADVANCED_FACE('',(#3984),#3986,.T.);
#3988=ORIENTED_EDGE('',*,*,#2087,.T.);
#3989=VECTOR('',#1285,1.);
#3990=LINE('',#1475,#3989);
#3991=EDGE_CURVE('',#1476,#238,#3990,.T.);
#3992=ORIENTED_EDGE('',*,*,#3991,.T.);
#3993=ORIENTED_EDGE('',*,*,#905,.F.);
#3994=ORIENTED_EDGE('',*,*,#3979,.F.);
#3995=EDGE_LOOP('',(#3988,#3992,#3993,#3994));
#3996=FACE_OUTER_BOUND('',#3995,.T.);
#3997=AXIS2_PLACEMENT_3D('',#1477,#425,#2564);
#3998=PLANE('',#3997);
#3999=ADVANCED_FACE('',(#3996),#3998,.T.);
#4000=ORIENTED_EDGE('',*,*,#2083,.F.);
#4001=VECTOR('',#1285,1.);
#4002=LINE('',#1473,#4001);
#4003=EDGE_CURVE('',#1474,#240,#4002,.T.);
#4004=ORIENTED_EDGE('',*,*,#4003,.T.);
#4005=ORIENTED_EDGE('',*,*,#909,.T.);
#4006=ORIENTED_EDGE('',*,*,#3991,.F.);
#4007=EDGE_LOOP('',(#4000,#4004,#4005,#4006));
#4008=FACE_OUTER_BOUND('',#4007,.T.);
#4009=AXIS2_PLACEMENT_3D('',#1475,#430,#425);
#4010=PLANE('',#4009);
#4011=ADVANCED_FACE('',(#4008),#4010,.T.);
#4012=ORIENTED_EDGE('',*,*,#2079,.F.);
#4013=VECTOR('',#1285,1.);
#4014=LINE('',#1471,#4013);
#4015=EDGE_CURVE('',#1472,#242,#4014,.T.);
#4016=ORIENTED_EDGE('',*,*,#4015,.T.);
#4017=ORIENTED_EDGE('',*,*,#913,.T.);
#4018=ORIENTED_EDGE('',*,*,#4003,.F.);
#4019=EDGE_LOOP('',(#4012,#4016,#4017,#4018));
#4020=FACE_OUTER_BOUND('',#4019,.T.);
#4021=AXIS2_PLACEMENT_3D('',#1473,#2580,#430);
#4022=PLANE('',#4021);
#4023=ADVANCED_FACE('',(#4020),#4022,.T.);
#4024=ORIENTED_EDGE('',*,*,#2075,.F.);
#4025=VECTOR('',#1285,1.);
#4026=LINE('',#1469,#4025);
#4027=EDGE_CURVE('',#1470,#244,#4026,.T.);
#4028=ORIENTED_EDGE('',*,*,#4027,.T.);
#4029=ORIENTED_EDGE('',*,*,#917,.T.);
#4030=ORIENTED_EDGE('',*,*,#4015,.F.);
#4031=EDGE_LOOP('',(#4024,#4028,#4029,#4030));
#4032=FACE_OUTER_BOUND('',#4031,.T.);
#4033=AXIS2_PLACEMENT_3D('',#1471,#430,#425);
#4034=PLANE('',#4033);
#4035=ADVANCED_FACE('',(#4032),#4034,.T.);
#4036=ORIENTED_EDGE('',*,*,#2071,.T.);
#4037=VECTOR('',#1285,1.);
#4038=LINE('',#1467,#4037);
#4039=EDGE_CURVE('',#1468,#246,#4038,.T.);
#4040=ORIENTED_EDGE('',*,*,#4039,.T.);
#4041=ORIENTED_EDGE('',*,*,#921,.F.);
#4042=ORIENTED_EDGE('',*,*,#4027,.F.);
#4043=EDGE_LOOP('',(#4036,#4040,#4041,#4042));
#4044=FACE_OUTER_BOUND('',#4043,.T.);
#4045=AXIS2_PLACEMENT_3D('',#1469,#425,#2564);
#4046=PLANE('',#4045);
#4047=ADVANCED_FACE('',(#4044),#4046,.T.);
#4048=ORIENTED_EDGE('',*,*,#2067,.F.);
#4049=VECTOR('',#1285,1.);
#4050=LINE('',#1465,#4049);
#4051=EDGE_CURVE('',#1466,#248,#4050,.T.);
#4052=ORIENTED_EDGE('',*,*,#4051,.T.);
#4053=ORIENTED_EDGE('',*,*,#925,.T.);
#4054=ORIENTED_EDGE('',*,*,#4039,.F.);
#4055=EDGE_LOOP('',(#4048,#4052,#4053,#4054));
#4056=FACE_OUTER_BOUND('',#4055,.T.);
#4057=AXIS2_PLACEMENT_3D('',#1467,#430,#425);
#4058=PLANE('',#4057);
#4059=ADVANCED_FACE('',(#4056),#4058,.T.);
#4060=ORIENTED_EDGE('',*,*,#2063,.F.);
#4061=VECTOR('',#1285,1.);
#4062=LINE('',#1463,#4061);
#4063=EDGE_CURVE('',#1464,#250,#4062,.T.);
#4064=ORIENTED_EDGE('',*,*,#4063,.T.);
#4065=ORIENTED_EDGE('',*,*,#929,.T.);
#4066=ORIENTED_EDGE('',*,*,#4051,.F.);
#4067=EDGE_LOOP('',(#4060,#4064,#4065,#4066));
#4068=FACE_OUTER_BOUND('',#4067,.T.);
#4069=AXIS2_PLACEMENT_3D('',#1465,#2580,#430);
#4070=PLANE('',#4069);
#4071=ADVANCED_FACE('',(#4068),#4070,.T.);
#4072=ORIENTED_EDGE('',*,*,#2059,.F.);
#4073=VECTOR('',#1285,1.);
#4074=LINE('',#1461,#4073);
#4075=EDGE_CURVE('',#1462,#252,#4074,.T.);
#4076=ORIENTED_EDGE('',*,*,#4075,.T.);
#4077=ORIENTED_EDGE('',*,*,#933,.T.);
#4078=ORIENTED_EDGE('',*,*,#4063,.F.);
#4079=EDGE_LOOP('',(#4072,#4076,#4077,#4078));
#4080=FACE_OUTER_BOUND('',#4079,.T.);
#4081=AXIS2_PLACEMENT_3D('',#1463,#430,#425);
#4082=PLANE('',#4081);
#4083=ADVANCED_FACE('',(#4080),#4082,.T.);
#4084=ORIENTED_EDGE('',*,*,#2055,.T.);
#4085=VECTOR('',#1285,1.);
#4086=LINE('',#1459,#4085);
#4087=EDGE_CURVE('',#1460,#254,#4086,.T.);
#4088=ORIENTED_EDGE('',*,*,#4087,.T.);
#4089=ORIENTED_EDGE('',*,*,#937,.F.);
#4090=ORIENTED_EDGE('',*,*,#4075,.F.);
#4091=EDGE_LOOP('',(#4084,#4088,#4089,#4090));
#4092=FACE_OUTER_BOUND('',#4091,.T.);
#4093=AXIS2_PLACEMENT_3D('',#1461,#425,#2564);
#4094=PLANE('',#4093);
#4095=ADVANCED_FACE('',(#4092),#4094,.T.);
#4096=ORIENTED_EDGE('',*,*,#2051,.F.);
#4097=VECTOR('',#1285,1.);
#4098=LINE('',#1457,#4097);
#4099=EDGE_CURVE('',#1458,#256,#4098,.T.);
#4100=ORIENTED_EDGE('',*,*,#4099,.T.);
#4101=ORIENTED_EDGE('',*,*,#941,.T.);
#4102=ORIENTED_EDGE('',*,*,#4087,.F.);
#4103=EDGE_LOOP('',(#4096,#4100,#4101,#4102));
#4104=FACE_OUTER_BOUND('',#4103,.T.);
#4105=AXIS2_PLACEMENT_3D('',#1459,#430,#425);
#4106=PLANE('',#4105);
#4107=ADVANCED_FACE('',(#4104),#4106,.T.);
#4108=ORIENTED_EDGE('',*,*,#2047,.F.);
#4109=VECTOR('',#1285,1.);
#4110=LINE('',#1455,#4109);
#4111=EDGE_CURVE('',#1456,#258,#4110,.T.);
#4112=ORIENTED_EDGE('',*,*,#4111,.T.);
#4113=ORIENTED_EDGE('',*,*,#945,.T.);
#4114=ORIENTED_EDGE('',*,*,#4099,.F.);
#4115=EDGE_LOOP('',(#4108,#4112,#4113,#4114));
#4116=FACE_OUTER_BOUND('',#4115,.T.);
#4117=AXIS2_PLACEMENT_3D('',#1457,#2580,#430);
#4118=PLANE('',#4117);
#4119=ADVANCED_FACE('',(#4116),#4118,.T.);
#4120=ORIENTED_EDGE('',*,*,#2043,.F.);
#4121=VECTOR('',#1285,1.);
#4122=LINE('',#1453,#4121);
#4123=EDGE_CURVE('',#1454,#260,#4122,.T.);
#4124=ORIENTED_EDGE('',*,*,#4123,.T.);
#4125=ORIENTED_EDGE('',*,*,#949,.T.);
#4126=ORIENTED_EDGE('',*,*,#4111,.F.);
#4127=EDGE_LOOP('',(#4120,#4124,#4125,#4126));
#4128=FACE_OUTER_BOUND('',#4127,.T.);
#4129=AXIS2_PLACEMENT_3D('',#1455,#430,#425);
#4130=PLANE('',#4129);
#4131=ADVANCED_FACE('',(#4128),#4130,.T.);
#4132=ORIENTED_EDGE('',*,*,#2039,.T.);
#4133=VECTOR('',#1285,1.);
#4134=LINE('',#1451,#4133);
#4135=EDGE_CURVE('',#1452,#262,#4134,.T.);
#4136=ORIENTED_EDGE('',*,*,#4135,.T.);
#4137=ORIENTED_EDGE('',*,*,#953,.F.);
#4138=ORIENTED_EDGE('',*,*,#4123,.F.);
#4139=EDGE_LOOP('',(#4132,#4136,#4137,#4138));
#4140=FACE_OUTER_BOUND('',#4139,.T.);
#4141=AXIS2_PLACEMENT_3D('',#1453,#425,#2564);
#4142=PLANE('',#4141);
#4143=ADVANCED_FACE('',(#4140),#4142,.T.);
#4144=ORIENTED_EDGE('',*,*,#2035,.F.);
#4145=VECTOR('',#1285,1.);
#4146=LINE('',#1449,#4145);
#4147=EDGE_CURVE('',#1450,#264,#4146,.T.);
#4148=ORIENTED_EDGE('',*,*,#4147,.T.);
#4149=ORIENTED_EDGE('',*,*,#957,.T.);
#4150=ORIENTED_EDGE('',*,*,#4135,.F.);
#4151=EDGE_LOOP('',(#4144,#4148,#4149,#4150));
#4152=FACE_OUTER_BOUND('',#4151,.T.);
#4153=AXIS2_PLACEMENT_3D('',#1451,#430,#425);
#4154=PLANE('',#4153);
#4155=ADVANCED_FACE('',(#4152),#4154,.T.);
#4156=ORIENTED_EDGE('',*,*,#2031,.F.);
#4157=VECTOR('',#1285,1.);
#4158=LINE('',#1447,#4157);
#4159=EDGE_CURVE('',#1448,#266,#4158,.T.);
#4160=ORIENTED_EDGE('',*,*,#4159,.T.);
#4161=ORIENTED_EDGE('',*,*,#961,.T.);
#4162=ORIENTED_EDGE('',*,*,#4147,.F.);
#4163=EDGE_LOOP('',(#4156,#4160,#4161,#4162));
#4164=FACE_OUTER_BOUND('',#4163,.T.);
#4165=AXIS2_PLACEMENT_3D('',#1449,#2580,#430);
#4166=PLANE('',#4165);
#4167=ADVANCED_FACE('',(#4164),#4166,.T.);
#4168=ORIENTED_EDGE('',*,*,#2027,.F.);
#4169=VECTOR('',#1285,1.);
#4170=LINE('',#1445,#4169);
#4171=EDGE_CURVE('',#1446,#268,#4170,.T.);
#4172=ORIENTED_EDGE('',*,*,#4171,.T.);
#4173=ORIENTED_EDGE('',*,*,#965,.T.);
#4174=ORIENTED_EDGE('',*,*,#4159,.F.);
#4175=EDGE_LOOP('',(#4168,#4172,#4173,#4174));
#4176=FACE_OUTER_BOUND('',#4175,.T.);
#4177=AXIS2_PLACEMENT_3D('',#1447,#430,#425);
#4178=PLANE('',#4177);
#4179=ADVANCED_FACE('',(#4176),#4178,.T.);
#4180=ORIENTED_EDGE('',*,*,#2023,.T.);
#4181=VECTOR('',#1285,1.);
#4182=LINE('',#1443,#4181);
#4183=EDGE_CURVE('',#1444,#270,#4182,.T.);
#4184=ORIENTED_EDGE('',*,*,#4183,.T.);
#4185=ORIENTED_EDGE('',*,*,#969,.F.);
#4186=ORIENTED_EDGE('',*,*,#4171,.F.);
#4187=EDGE_LOOP('',(#4180,#4184,#4185,#4186));
#4188=FACE_OUTER_BOUND('',#4187,.T.);
#4189=AXIS2_PLACEMENT_3D('',#1445,#425,#2564);
#4190=PLANE('',#4189);
#4191=ADVANCED_FACE('',(#4188),#4190,.T.);
#4192=ORIENTED_EDGE('',*,*,#2019,.F.);
#4193=VECTOR('',#1285,1.);
#4194=LINE('',#1441,#4193);
#4195=EDGE_CURVE('',#1442,#272,#4194,.T.);
#4196=ORIENTED_EDGE('',*,*,#4195,.T.);
#4197=ORIENTED_EDGE('',*,*,#973,.T.);
#4198=ORIENTED_EDGE('',*,*,#4183,.F.);
#4199=EDGE_LOOP('',(#4192,#4196,#4197,#4198));
#4200=FACE_OUTER_BOUND('',#4199,.T.);
#4201=AXIS2_PLACEMENT_3D('',#1443,#430,#425);
#4202=PLANE('',#4201);
#4203=ADVANCED_FACE('',(#4200),#4202,.T.);
#4204=ORIENTED_EDGE('',*,*,#2015,.F.);
#4205=VECTOR('',#1285,1.);
#4206=LINE('',#1439,#4205);
#4207=EDGE_CURVE('',#1440,#274,#4206,.T.);
#4208=ORIENTED_EDGE('',*,*,#4207,.T.);
#4209=ORIENTED_EDGE('',*,*,#977,.T.);
#4210=ORIENTED_EDGE('',*,*,#4195,.F.);
#4211=EDGE_LOOP('',(#4204,#4208,#4209,#4210));
#4212=FACE_OUTER_BOUND('',#4211,.T.);
#4213=AXIS2_PLACEMENT_3D('',#1441,#2580,#430);
#4214=PLANE('',#4213);
#4215=ADVANCED_FACE('',(#4212),#4214,.T.);
#4216=ORIENTED_EDGE('',*,*,#2011,.F.);
#4217=VECTOR('',#1285,1.);
#4218=LINE('',#1437,#4217);
#4219=EDGE_CURVE('',#1438,#276,#4218,.T.);
#4220=ORIENTED_EDGE('',*,*,#4219,.T.);
#4221=ORIENTED_EDGE('',*,*,#981,.T.);
#4222=ORIENTED_EDGE('',*,*,#4207,.F.);
#4223=EDGE_LOOP('',(#4216,#4220,#4221,#4222));
#4224=FACE_OUTER_BOUND('',#4223,.T.);
#4225=AXIS2_PLACEMENT_3D('',#1439,#430,#425);
#4226=PLANE('',#4225);
#4227=ADVANCED_FACE('',(#4224),#4226,.T.);
#4228=ORIENTED_EDGE('',*,*,#2007,.T.);
#4229=VECTOR('',#1285,1.);
#4230=LINE('',#1435,#4229);
#4231=EDGE_CURVE('',#1436,#278,#4230,.T.);
#4232=ORIENTED_EDGE('',*,*,#4231,.T.);
#4233=ORIENTED_EDGE('',*,*,#985,.F.);
#4234=ORIENTED_EDGE('',*,*,#4219,.F.);
#4235=EDGE_LOOP('',(#4228,#4232,#4233,#4234));
#4236=FACE_OUTER_BOUND('',#4235,.T.);
#4237=AXIS2_PLACEMENT_3D('',#1437,#425,#2564);
#4238=PLANE('',#4237);
#4239=ADVANCED_FACE('',(#4236),#4238,.T.);
#4240=ORIENTED_EDGE('',*,*,#2003,.F.);
#4241=VECTOR('',#1285,1.);
#4242=LINE('',#1433,#4241);
#4243=EDGE_CURVE('',#1434,#280,#4242,.T.);
#4244=ORIENTED_EDGE('',*,*,#4243,.T.);
#4245=ORIENTED_EDGE('',*,*,#989,.T.);
#4246=ORIENTED_EDGE('',*,*,#4231,.F.);
#4247=EDGE_LOOP('',(#4240,#4244,#4245,#4246));
#4248=FACE_OUTER_BOUND('',#4247,.T.);
#4249=AXIS2_PLACEMENT_3D('',#1435,#430,#425);
#4250=PLANE('',#4249);
#4251=ADVANCED_FACE('',(#4248),#4250,.T.);
#4252=ORIENTED_EDGE('',*,*,#1999,.F.);
#4253=VECTOR('',#1285,1.);
#4254=LINE('',#1431,#4253);
#4255=EDGE_CURVE('',#1432,#282,#4254,.T.);
#4256=ORIENTED_EDGE('',*,*,#4255,.T.);
#4257=ORIENTED_EDGE('',*,*,#993,.T.);
#4258=ORIENTED_EDGE('',*,*,#4243,.F.);
#4259=EDGE_LOOP('',(#4252,#4256,#4257,#4258));
#4260=FACE_OUTER_BOUND('',#4259,.T.);
#4261=AXIS2_PLACEMENT_3D('',#1433,#2580,#430);
#4262=PLANE('',#4261);
#4263=ADVANCED_FACE('',(#4260),#4262,.T.);
#4264=ORIENTED_EDGE('',*,*,#1995,.F.);
#4265=VECTOR('',#1285,1.);
#4266=LINE('',#1429,#4265);
#4267=EDGE_CURVE('',#1430,#284,#4266,.T.);
#4268=ORIENTED_EDGE('',*,*,#4267,.T.);
#4269=ORIENTED_EDGE('',*,*,#997,.T.);
#4270=ORIENTED_EDGE('',*,*,#4255,.F.);
#4271=EDGE_LOOP('',(#4264,#4268,#4269,#4270));
#4272=FACE_OUTER_BOUND('',#4271,.T.);
#4273=AXIS2_PLACEMENT_3D('',#1431,#430,#425);
#4274=PLANE('',#4273);
#4275=ADVANCED_FACE('',(#4272),#4274,.T.);
#4276=ORIENTED_EDGE('',*,*,#1991,.T.);
#4277=VECTOR('',#1285,1.);
#4278=LINE('',#1427,#4277);
#4279=EDGE_CURVE('',#1428,#286,#4278,.T.);
#4280=ORIENTED_EDGE('',*,*,#4279,.T.);
#4281=ORIENTED_EDGE('',*,*,#1001,.F.);
#4282=ORIENTED_EDGE('',*,*,#4267,.F.);
#4283=EDGE_LOOP('',(#4276,#4280,#4281,#4282));
#4284=FACE_OUTER_BOUND('',#4283,.T.);
#4285=AXIS2_PLACEMENT_3D('',#1429,#425,#2564);
#4286=PLANE('',#4285);
#4287=ADVANCED_FACE('',(#4284),#4286,.T.);
#4288=ORIENTED_EDGE('',*,*,#1987,.F.);
#4289=VECTOR('',#1285,1.);
#4290=LINE('',#1425,#4289);
#4291=EDGE_CURVE('',#1426,#288,#4290,.T.);
#4292=ORIENTED_EDGE('',*,*,#4291,.T.);
#4293=ORIENTED_EDGE('',*,*,#1005,.T.);
#4294=ORIENTED_EDGE('',*,*,#4279,.F.);
#4295=EDGE_LOOP('',(#4288,#4292,#4293,#4294));
#4296=FACE_OUTER_BOUND('',#4295,.T.);
#4297=AXIS2_PLACEMENT_3D('',#1427,#430,#425);
#4298=PLANE('',#4297);
#4299=ADVANCED_FACE('',(#4296),#4298,.T.);
#4300=ORIENTED_EDGE('',*,*,#1983,.F.);
#4301=VECTOR('',#1285,1.);
#4302=LINE('',#1423,#4301);
#4303=EDGE_CURVE('',#1424,#290,#4302,.T.);
#4304=ORIENTED_EDGE('',*,*,#4303,.T.);
#4305=ORIENTED_EDGE('',*,*,#1009,.T.);
#4306=ORIENTED_EDGE('',*,*,#4291,.F.);
#4307=EDGE_LOOP('',(#4300,#4304,#4305,#4306));
#4308=FACE_OUTER_BOUND('',#4307,.T.);
#4309=AXIS2_PLACEMENT_3D('',#1425,#2580,#430);
#4310=PLANE('',#4309);
#4311=ADVANCED_FACE('',(#4308),#4310,.T.);
#4312=ORIENTED_EDGE('',*,*,#1979,.F.);
#4313=VECTOR('',#1285,1.);
#4314=LINE('',#1421,#4313);
#4315=EDGE_CURVE('',#1422,#292,#4314,.T.);
#4316=ORIENTED_EDGE('',*,*,#4315,.T.);
#4317=ORIENTED_EDGE('',*,*,#1013,.T.);
#4318=ORIENTED_EDGE('',*,*,#4303,.F.);
#4319=EDGE_LOOP('',(#4312,#4316,#4317,#4318));
#4320=FACE_OUTER_BOUND('',#4319,.T.);
#4321=AXIS2_PLACEMENT_3D('',#1423,#430,#425);
#4322=PLANE('',#4321);
#4323=ADVANCED_FACE('',(#4320),#4322,.T.);
#4324=ORIENTED_EDGE('',*,*,#1975,.T.);
#4325=VECTOR('',#1285,1.);
#4326=LINE('',#1419,#4325);
#4327=EDGE_CURVE('',#1420,#294,#4326,.T.);
#4328=ORIENTED_EDGE('',*,*,#4327,.T.);
#4329=ORIENTED_EDGE('',*,*,#1017,.F.);
#4330=ORIENTED_EDGE('',*,*,#4315,.F.);
#4331=EDGE_LOOP('',(#4324,#4328,#4329,#4330));
#4332=FACE_OUTER_BOUND('',#4331,.T.);
#4333=AXIS2_PLACEMENT_3D('',#1421,#425,#2564);
#4334=PLANE('',#4333);
#4335=ADVANCED_FACE('',(#4332),#4334,.T.);
#4336=ORIENTED_EDGE('',*,*,#1971,.F.);
#4337=VECTOR('',#1285,1.);
#4338=LINE('',#1417,#4337);
#4339=EDGE_CURVE('',#1418,#296,#4338,.T.);
#4340=ORIENTED_EDGE('',*,*,#4339,.T.);
#4341=ORIENTED_EDGE('',*,*,#1021,.T.);
#4342=ORIENTED_EDGE('',*,*,#4327,.F.);
#4343=EDGE_LOOP('',(#4336,#4340,#4341,#4342));
#4344=FACE_OUTER_BOUND('',#4343,.T.);
#4345=AXIS2_PLACEMENT_3D('',#1419,#430,#425);
#4346=PLANE('',#4345);
#4347=ADVANCED_FACE('',(#4344),#4346,.T.);
#4348=ORIENTED_EDGE('',*,*,#1967,.F.);
#4349=VECTOR('',#1285,1.);
#4350=LINE('',#1415,#4349);
#4351=EDGE_CURVE('',#1416,#298,#4350,.T.);
#4352=ORIENTED_EDGE('',*,*,#4351,.T.);
#4353=ORIENTED_EDGE('',*,*,#1025,.T.);
#4354=ORIENTED_EDGE('',*,*,#4339,.F.);
#4355=EDGE_LOOP('',(#4348,#4352,#4353,#4354));
#4356=FACE_OUTER_BOUND('',#4355,.T.);
#4357=AXIS2_PLACEMENT_3D('',#1417,#2580,#430);
#4358=PLANE('',#4357);
#4359=ADVANCED_FACE('',(#4356),#4358,.T.);
#4360=ORIENTED_EDGE('',*,*,#1963,.F.);
#4361=VECTOR('',#1285,1.);
#4362=LINE('',#1413,#4361);
#4363=EDGE_CURVE('',#1414,#300,#4362,.T.);
#4364=ORIENTED_EDGE('',*,*,#4363,.T.);
#4365=ORIENTED_EDGE('',*,*,#1029,.T.);
#4366=ORIENTED_EDGE('',*,*,#4351,.F.);
#4367=EDGE_LOOP('',(#4360,#4364,#4365,#4366));
#4368=FACE_OUTER_BOUND('',#4367,.T.);
#4369=AXIS2_PLACEMENT_3D('',#1415,#430,#425);
#4370=PLANE('',#4369);
#4371=ADVANCED_FACE('',(#4368),#4370,.T.);
#4372=ORIENTED_EDGE('',*,*,#1959,.T.);
#4373=VECTOR('',#1285,1.);
#4374=LINE('',#1411,#4373);
#4375=EDGE_CURVE('',#1412,#302,#4374,.T.);
#4376=ORIENTED_EDGE('',*,*,#4375,.T.);
#4377=ORIENTED_EDGE('',*,*,#1033,.F.);
#4378=ORIENTED_EDGE('',*,*,#4363,.F.);
#4379=EDGE_LOOP('',(#4372,#4376,#4377,#4378));
#4380=FACE_OUTER_BOUND('',#4379,.T.);
#4381=AXIS2_PLACEMENT_3D('',#1413,#425,#2564);
#4382=PLANE('',#4381);
#4383=ADVANCED_FACE('',(#4380),#4382,.T.);
#4384=ORIENTED_EDGE('',*,*,#1955,.F.);
#4385=VECTOR('',#1285,1.);
#4386=LINE('',#1409,#4385);
#4387=EDGE_CURVE('',#1410,#304,#4386,.T.);
#4388=ORIENTED_EDGE('',*,*,#4387,.T.);
#4389=ORIENTED_EDGE('',*,*,#1037,.T.);
#4390=ORIENTED_EDGE('',*,*,#4375,.F.);
#4391=EDGE_LOOP('',(#4384,#4388,#4389,#4390));
#4392=FACE_OUTER_BOUND('',#4391,.T.);
#4393=AXIS2_PLACEMENT_3D('',#1411,#430,#425);
#4394=PLANE('',#4393);
#4395=ADVANCED_FACE('',(#4392),#4394,.T.);
#4396=ORIENTED_EDGE('',*,*,#1951,.F.);
#4397=VECTOR('',#1285,1.);
#4398=LINE('',#1407,#4397);
#4399=EDGE_CURVE('',#1408,#306,#4398,.T.);
#4400=ORIENTED_EDGE('',*,*,#4399,.T.);
#4401=ORIENTED_EDGE('',*,*,#1041,.T.);
#4402=ORIENTED_EDGE('',*,*,#4387,.F.);
#4403=EDGE_LOOP('',(#4396,#4400,#4401,#4402));
#4404=FACE_OUTER_BOUND('',#4403,.T.);
#4405=AXIS2_PLACEMENT_3D('',#1409,#2580,#430);
#4406=PLANE('',#4405);
#4407=ADVANCED_FACE('',(#4404),#4406,.T.);
#4408=ORIENTED_EDGE('',*,*,#1947,.F.);
#4409=VECTOR('',#1285,1.);
#4410=LINE('',#1405,#4409);
#4411=EDGE_CURVE('',#1406,#308,#4410,.T.);
#4412=ORIENTED_EDGE('',*,*,#4411,.T.);
#4413=ORIENTED_EDGE('',*,*,#1045,.T.);
#4414=ORIENTED_EDGE('',*,*,#4399,.F.);
#4415=EDGE_LOOP('',(#4408,#4412,#4413,#4414));
#4416=FACE_OUTER_BOUND('',#4415,.T.);
#4417=AXIS2_PLACEMENT_3D('',#1407,#430,#425);
#4418=PLANE('',#4417);
#4419=ADVANCED_FACE('',(#4416),#4418,.T.);
#4420=ORIENTED_EDGE('',*,*,#1943,.T.);
#4421=VECTOR('',#1285,1.);
#4422=LINE('',#1403,#4421);
#4423=EDGE_CURVE('',#1404,#310,#4422,.T.);
#4424=ORIENTED_EDGE('',*,*,#4423,.T.);
#4425=ORIENTED_EDGE('',*,*,#1049,.F.);
#4426=ORIENTED_EDGE('',*,*,#4411,.F.);
#4427=EDGE_LOOP('',(#4420,#4424,#4425,#4426));
#4428=FACE_OUTER_BOUND('',#4427,.T.);
#4429=AXIS2_PLACEMENT_3D('',#1405,#425,#2564);
#4430=PLANE('',#4429);
#4431=ADVANCED_FACE('',(#4428),#4430,.T.);
#4432=ORIENTED_EDGE('',*,*,#1939,.F.);
#4433=VECTOR('',#1285,1.);
#4434=LINE('',#1401,#4433);
#4435=EDGE_CURVE('',#1402,#312,#4434,.T.);
#4436=ORIENTED_EDGE('',*,*,#4435,.T.);
#4437=ORIENTED_EDGE('',*,*,#1053,.T.);
#4438=ORIENTED_EDGE('',*,*,#4423,.F.);
#4439=EDGE_LOOP('',(#4432,#4436,#4437,#4438));
#4440=FACE_OUTER_BOUND('',#4439,.T.);
#4441=AXIS2_PLACEMENT_3D('',#1403,#430,#425);
#4442=PLANE('',#4441);
#4443=ADVANCED_FACE('',(#4440),#4442,.T.);
#4444=ORIENTED_EDGE('',*,*,#1935,.F.);
#4445=VECTOR('',#1285,1.);
#4446=LINE('',#1399,#4445);
#4447=EDGE_CURVE('',#1400,#314,#4446,.T.);
#4448=ORIENTED_EDGE('',*,*,#4447,.T.);
#4449=ORIENTED_EDGE('',*,*,#1057,.T.);
#4450=ORIENTED_EDGE('',*,*,#4435,.F.);
#4451=EDGE_LOOP('',(#4444,#4448,#4449,#4450));
#4452=FACE_OUTER_BOUND('',#4451,.T.);
#4453=DIRECTION('',(-0.195090322,0.98078528,0.));
#4454=AXIS2_PLACEMENT_3D('',#1401,#4453,#3813);
#4455=PLANE('',#4454);
#4456=ADVANCED_FACE('',(#4452),#4455,.T.);
#4457=ORIENTED_EDGE('',*,*,#1931,.F.);
#4458=VECTOR('',#1285,1.);
#4459=LINE('',#1397,#4458);
#4460=EDGE_CURVE('',#1398,#316,#4459,.T.);
#4461=ORIENTED_EDGE('',*,*,#4460,.T.);
#4462=ORIENTED_EDGE('',*,*,#1061,.T.);
#4463=ORIENTED_EDGE('',*,*,#4447,.F.);
#4464=EDGE_LOOP('',(#4457,#4461,#4462,#4463));
#4465=FACE_OUTER_BOUND('',#4464,.T.);
#4466=DIRECTION('',(-0.555570233,0.831469612,0.));
#4467=AXIS2_PLACEMENT_3D('',#1399,#4466,#3826);
#4468=PLANE('',#4467);
#4469=ADVANCED_FACE('',(#4465),#4468,.T.);
#4470=ORIENTED_EDGE('',*,*,#1927,.F.);
#4471=VECTOR('',#1285,1.);
#4472=LINE('',#1395,#4471);
#4473=EDGE_CURVE('',#1396,#318,#4472,.T.);
#4474=ORIENTED_EDGE('',*,*,#4473,.T.);
#4475=ORIENTED_EDGE('',*,*,#1065,.T.);
#4476=ORIENTED_EDGE('',*,*,#4460,.F.);
#4477=EDGE_LOOP('',(#4470,#4474,#4475,#4476));
#4478=FACE_OUTER_BOUND('',#4477,.T.);
#4479=DIRECTION('',(-0.831469612,0.555570233,0.));
#4480=AXIS2_PLACEMENT_3D('',#1397,#4479,#3839);
#4481=PLANE('',#4480);
#4482=ADVANCED_FACE('',(#4478),#4481,.T.);
#4483=ORIENTED_EDGE('',*,*,#1923,.F.);
#4484=VECTOR('',#1285,1.);
#4485=LINE('',#1393,#4484);
#4486=EDGE_CURVE('',#1394,#320,#4485,.T.);
#4487=ORIENTED_EDGE('',*,*,#4486,.T.);
#4488=ORIENTED_EDGE('',*,*,#1069,.T.);
#4489=ORIENTED_EDGE('',*,*,#4473,.F.);
#4490=EDGE_LOOP('',(#4483,#4487,#4488,#4489));
#4491=FACE_OUTER_BOUND('',#4490,.T.);
#4492=DIRECTION('',(-0.98078528,0.195090322,0.));
#4493=AXIS2_PLACEMENT_3D('',#1395,#4492,#3852);
#4494=PLANE('',#4493);
#4495=ADVANCED_FACE('',(#4491),#4494,.T.);
#4496=ORIENTED_EDGE('',*,*,#1919,.F.);
#4497=VECTOR('',#1285,1.);
#4498=LINE('',#1391,#4497);
#4499=EDGE_CURVE('',#1392,#322,#4498,.T.);
#4500=ORIENTED_EDGE('',*,*,#4499,.T.);
#4501=ORIENTED_EDGE('',*,*,#1073,.T.);
#4502=ORIENTED_EDGE('',*,*,#4486,.F.);
#4503=EDGE_LOOP('',(#4496,#4500,#4501,#4502));
#4504=FACE_OUTER_BOUND('',#4503,.T.);
#4505=AXIS2_PLACEMENT_3D('',#1393,#2580,#430);
#4506=PLANE('',#4505);
#4507=ADVANCED_FACE('',(#4504),#4506,.T.);
#4508=ORIENTED_EDGE('',*,*,#1915,.T.);
#4509=VECTOR('',#1285,1.);
#4510=LINE('',#1389,#4509);
#4511=EDGE_CURVE('',#1390,#324,#4510,.T.);
#4512=ORIENTED_EDGE('',*,*,#4511,.T.);
#4513=ORIENTED_EDGE('',*,*,#1077,.F.);
#4514=ORIENTED_EDGE('',*,*,#4499,.F.);
#4515=EDGE_LOOP('',(#4508,#4512,#4513,#4514));
#4516=FACE_OUTER_BOUND('',#4515,.T.);
#4517=AXIS2_PLACEMENT_3D('',#1391,#2564,#2580);
#4518=PLANE('',#4517);
#4519=ADVANCED_FACE('',(#4516),#4518,.T.);
#4520=ORIENTED_EDGE('',*,*,#1911,.F.);
#4521=VECTOR('',#1285,1.);
#4522=LINE('',#1387,#4521);
#4523=EDGE_CURVE('',#1388,#326,#4522,.T.);
#4524=ORIENTED_EDGE('',*,*,#4523,.T.);
#4525=ORIENTED_EDGE('',*,*,#1081,.T.);
#4526=ORIENTED_EDGE('',*,*,#4511,.F.);
#4527=EDGE_LOOP('',(#4520,#4524,#4525,#4526));
#4528=FACE_OUTER_BOUND('',#4527,.T.);
#4529=AXIS2_PLACEMENT_3D('',#1389,#2580,#430);
#4530=PLANE('',#4529);
#4531=ADVANCED_FACE('',(#4528),#4530,.T.);
#4532=ORIENTED_EDGE('',*,*,#1907,.F.);
#4533=VECTOR('',#1285,1.);
#4534=LINE('',#1385,#4533);
#4535=EDGE_CURVE('',#1386,#328,#4534,.T.);
#4536=ORIENTED_EDGE('',*,*,#4535,.T.);
#4537=ORIENTED_EDGE('',*,*,#1085,.T.);
#4538=ORIENTED_EDGE('',*,*,#4523,.F.);
#4539=EDGE_LOOP('',(#4532,#4536,#4537,#4538));
#4540=FACE_OUTER_BOUND('',#4539,.T.);
#4541=AXIS2_PLACEMENT_3D('',#1387,#430,#425);
#4542=PLANE('',#4541);
#4543=ADVANCED_FACE('',(#4540),#4542,.T.);
#4544=ORIENTED_EDGE('',*,*,#1903,.F.);
#4545=VECTOR('',#1285,1.);
#4546=LINE('',#1383,#4545);
#4547=EDGE_CURVE('',#1384,#330,#4546,.T.);
#4548=ORIENTED_EDGE('',*,*,#4547,.T.);
#4549=ORIENTED_EDGE('',*,*,#1089,.T.);
#4550=ORIENTED_EDGE('',*,*,#4535,.F.);
#4551=EDGE_LOOP('',(#4544,#4548,#4549,#4550));
#4552=FACE_OUTER_BOUND('',#4551,.T.);
#4553=AXIS2_PLACEMENT_3D('',#1385,#2580,#430);
#4554=PLANE('',#4553);
#4555=ADVANCED_FACE('',(#4552),#4554,.T.);
#4556=ORIENTED_EDGE('',*,*,#1899,.T.);
#4557=VECTOR('',#1285,1.);
#4558=LINE('',#1381,#4557);
#4559=EDGE_CURVE('',#1382,#332,#4558,.T.);
#4560=ORIENTED_EDGE('',*,*,#4559,.T.);
#4561=ORIENTED_EDGE('',*,*,#1093,.F.);
#4562=ORIENTED_EDGE('',*,*,#4547,.F.);
#4563=EDGE_LOOP('',(#4556,#4560,#4561,#4562));
#4564=FACE_OUTER_BOUND('',#4563,.T.);
#4565=AXIS2_PLACEMENT_3D('',#1383,#2564,#2580);
#4566=PLANE('',#4565);
#4567=ADVANCED_FACE('',(#4564),#4566,.T.);
#4568=ORIENTED_EDGE('',*,*,#1895,.F.);
#4569=VECTOR('',#1285,1.);
#4570=LINE('',#1379,#4569);
#4571=EDGE_CURVE('',#1380,#334,#4570,.T.);
#4572=ORIENTED_EDGE('',*,*,#4571,.T.);
#4573=ORIENTED_EDGE('',*,*,#1097,.T.);
#4574=ORIENTED_EDGE('',*,*,#4559,.F.);
#4575=EDGE_LOOP('',(#4568,#4572,#4573,#4574));
#4576=FACE_OUTER_BOUND('',#4575,.T.);
#4577=AXIS2_PLACEMENT_3D('',#1381,#2580,#430);
#4578=PLANE('',#4577);
#4579=ADVANCED_FACE('',(#4576),#4578,.T.);
#4580=ORIENTED_EDGE('',*,*,#1891,.F.);
#4581=VECTOR('',#1285,1.);
#4582=LINE('',#1377,#4581);
#4583=EDGE_CURVE('',#1378,#336,#4582,.T.);
#4584=ORIENTED_EDGE('',*,*,#4583,.T.);
#4585=ORIENTED_EDGE('',*,*,#1101,.T.);
#4586=ORIENTED_EDGE('',*,*,#4571,.F.);
#4587=EDGE_LOOP('',(#4580,#4584,#4585,#4586));
#4588=FACE_OUTER_BOUND('',#4587,.T.);
#4589=AXIS2_PLACEMENT_3D('',#1379,#430,#425);
#4590=PLANE('',#4589);
#4591=ADVANCED_FACE('',(#4588),#4590,.T.);
#4592=ORIENTED_EDGE('',*,*,#1887,.F.);
#4593=VECTOR('',#1285,1.);
#4594=LINE('',#1375,#4593);
#4595=EDGE_CURVE('',#1376,#338,#4594,.T.);
#4596=ORIENTED_EDGE('',*,*,#4595,.T.);
#4597=ORIENTED_EDGE('',*,*,#1105,.T.);
#4598=ORIENTED_EDGE('',*,*,#4583,.F.);
#4599=EDGE_LOOP('',(#4592,#4596,#4597,#4598));
#4600=FACE_OUTER_BOUND('',#4599,.T.);
#4601=AXIS2_PLACEMENT_3D('',#1377,#2580,#430);
#4602=PLANE('',#4601);
#4603=ADVANCED_FACE('',(#4600),#4602,.T.);
#4604=ORIENTED_EDGE('',*,*,#1883,.T.);
#4605=VECTOR('',#1285,1.);
#4606=LINE('',#1373,#4605);
#4607=EDGE_CURVE('',#1374,#340,#4606,.T.);
#4608=ORIENTED_EDGE('',*,*,#4607,.T.);
#4609=ORIENTED_EDGE('',*,*,#1109,.F.);
#4610=ORIENTED_EDGE('',*,*,#4595,.F.);
#4611=EDGE_LOOP('',(#4604,#4608,#4609,#4610));
#4612=FACE_OUTER_BOUND('',#4611,.T.);
#4613=AXIS2_PLACEMENT_3D('',#1375,#2564,#2580);
#4614=PLANE('',#4613);
#4615=ADVANCED_FACE('',(#4612),#4614,.T.);
#4616=ORIENTED_EDGE('',*,*,#1879,.F.);
#4617=VECTOR('',#1285,1.);
#4618=LINE('',#1371,#4617);
#4619=EDGE_CURVE('',#1372,#342,#4618,.T.);
#4620=ORIENTED_EDGE('',*,*,#4619,.T.);
#4621=ORIENTED_EDGE('',*,*,#1113,.T.);
#4622=ORIENTED_EDGE('',*,*,#4607,.F.);
#4623=EDGE_LOOP('',(#4616,#4620,#4621,#4622));
#4624=FACE_OUTER_BOUND('',#4623,.T.);
#4625=AXIS2_PLACEMENT_3D('',#1373,#2580,#430);
#4626=PLANE('',#4625);
#4627=ADVANCED_FACE('',(#4624),#4626,.T.);
#4628=ORIENTED_EDGE('',*,*,#1875,.F.);
#4629=VECTOR('',#1285,1.);
#4630=LINE('',#1369,#4629);
#4631=EDGE_CURVE('',#1370,#344,#4630,.T.);
#4632=ORIENTED_EDGE('',*,*,#4631,.T.);
#4633=ORIENTED_EDGE('',*,*,#1117,.T.);
#4634=ORIENTED_EDGE('',*,*,#4619,.F.);
#4635=EDGE_LOOP('',(#4628,#4632,#4633,#4634));
#4636=FACE_OUTER_BOUND('',#4635,.T.);
#4637=AXIS2_PLACEMENT_3D('',#1371,#430,#425);
#4638=PLANE('',#4637);
#4639=ADVANCED_FACE('',(#4636),#4638,.T.);
#4640=ORIENTED_EDGE('',*,*,#1871,.F.);
#4641=VECTOR('',#1285,1.);
#4642=LINE('',#1367,#4641);
#4643=EDGE_CURVE('',#1368,#346,#4642,.T.);
#4644=ORIENTED_EDGE('',*,*,#4643,.T.);
#4645=ORIENTED_EDGE('',*,*,#1121,.T.);
#4646=ORIENTED_EDGE('',*,*,#4631,.F.);
#4647=EDGE_LOOP('',(#4640,#4644,#4645,#4646));
#4648=FACE_OUTER_BOUND('',#4647,.T.);
#4649=AXIS2_PLACEMENT_3D('',#1369,#2580,#430);
#4650=PLANE('',#4649);
#4651=ADVANCED_FACE('',(#4648),#4650,.T.);
#4652=ORIENTED_EDGE('',*,*,#1867,.T.);
#4653=VECTOR('',#1285,1.);
#4654=LINE('',#1365,#4653);
#4655=EDGE_CURVE('',#1366,#348,#4654,.T.);
#4656=ORIENTED_EDGE('',*,*,#4655,.T.);
#4657=ORIENTED_EDGE('',*,*,#1125,.F.);
#4658=ORIENTED_EDGE('',*,*,#4643,.F.);
#4659=EDGE_LOOP('',(#4652,#4656,#4657,#4658));
#4660=FACE_OUTER_BOUND('',#4659,.T.);
#4661=AXIS2_PLACEMENT_3D('',#1367,#2564,#2580);
#4662=PLANE('',#4661);
#4663=ADVANCED_FACE('',(#4660),#4662,.T.);
#4664=ORIENTED_EDGE('',*,*,#1863,.F.);
#4665=VECTOR('',#1285,1.);
#4666=LINE('',#1363,#4665);
#4667=EDGE_CURVE('',#1364,#350,#4666,.T.);
#4668=ORIENTED_EDGE('',*,*,#4667,.T.);
#4669=ORIENTED_EDGE('',*,*,#1129,.T.);
#4670=ORIENTED_EDGE('',*,*,#4655,.F.);
#4671=EDGE_LOOP('',(#4664,#4668,#4669,#4670));
#4672=FACE_OUTER_BOUND('',#4671,.T.);
#4673=AXIS2_PLACEMENT_3D('',#1365,#2580,#430);
#4674=PLANE('',#4673);
#4675=ADVANCED_FACE('',(#4672),#4674,.T.);
#4676=ORIENTED_EDGE('',*,*,#1859,.F.);
#4677=VECTOR('',#1285,1.);
#4678=LINE('',#1361,#4677);
#4679=EDGE_CURVE('',#1362,#352,#4678,.T.);
#4680=ORIENTED_EDGE('',*,*,#4679,.T.);
#4681=ORIENTED_EDGE('',*,*,#1133,.T.);
#4682=ORIENTED_EDGE('',*,*,#4667,.F.);
#4683=EDGE_LOOP('',(#4676,#4680,#4681,#4682));
#4684=FACE_OUTER_BOUND('',#4683,.T.);
#4685=AXIS2_PLACEMENT_3D('',#1363,#430,#425);
#4686=PLANE('',#4685);
#4687=ADVANCED_FACE('',(#4684),#4686,.T.);
#4688=ORIENTED_EDGE('',*,*,#1855,.F.);
#4689=VECTOR('',#1285,1.);
#4690=LINE('',#1359,#4689);
#4691=EDGE_CURVE('',#1360,#354,#4690,.T.);
#4692=ORIENTED_EDGE('',*,*,#4691,.T.);
#4693=ORIENTED_EDGE('',*,*,#1137,.T.);
#4694=ORIENTED_EDGE('',*,*,#4679,.F.);
#4695=EDGE_LOOP('',(#4688,#4692,#4693,#4694));
#4696=FACE_OUTER_BOUND('',#4695,.T.);
#4697=AXIS2_PLACEMENT_3D('',#1361,#2580,#430);
#4698=PLANE('',#4697);
#4699=ADVANCED_FACE('',(#4696),#4698,.T.);
#4700=ORIENTED_EDGE('',*,*,#1851,.T.);
#4701=VECTOR('',#1285,1.);
#4702=LINE('',#1357,#4701);
#4703=EDGE_CURVE('',#1358,#356,#4702,.T.);
#4704=ORIENTED_EDGE('',*,*,#4703,.T.);
#4705=ORIENTED_EDGE('',*,*,#1141,.F.);
#4706=ORIENTED_EDGE('',*,*,#4691,.F.);
#4707=EDGE_LOOP('',(#4700,#4704,#4705,#4706));
#4708=FACE_OUTER_BOUND('',#4707,.T.);
#4709=AXIS2_PLACEMENT_3D('',#1359,#2564,#2580);
#4710=PLANE('',#4709);
#4711=ADVANCED_FACE('',(#4708),#4710,.T.);
#4712=ORIENTED_EDGE('',*,*,#1847,.F.);
#4713=VECTOR('',#1285,1.);
#4714=LINE('',#1355,#4713);
#4715=EDGE_CURVE('',#1356,#358,#4714,.T.);
#4716=ORIENTED_EDGE('',*,*,#4715,.T.);
#4717=ORIENTED_EDGE('',*,*,#1145,.T.);
#4718=ORIENTED_EDGE('',*,*,#4703,.F.);
#4719=EDGE_LOOP('',(#4712,#4716,#4717,#4718));
#4720=FACE_OUTER_BOUND('',#4719,.T.);
#4721=AXIS2_PLACEMENT_3D('',#1357,#2580,#430);
#4722=PLANE('',#4721);
#4723=ADVANCED_FACE('',(#4720),#4722,.T.);
#4724=ORIENTED_EDGE('',*,*,#1843,.F.);
#4725=VECTOR('',#1285,1.);
#4726=LINE('',#1353,#4725);
#4727=EDGE_CURVE('',#1354,#360,#4726,.T.);
#4728=ORIENTED_EDGE('',*,*,#4727,.T.);
#4729=ORIENTED_EDGE('',*,*,#1149,.T.);
#4730=ORIENTED_EDGE('',*,*,#4715,.F.);
#4731=EDGE_LOOP('',(#4724,#4728,#4729,#4730));
#4732=FACE_OUTER_BOUND('',#4731,.T.);
#4733=AXIS2_PLACEMENT_3D('',#1355,#430,#425);
#4734=PLANE('',#4733);
#4735=ADVANCED_FACE('',(#4732),#4734,.T.);
#4736=ORIENTED_EDGE('',*,*,#1839,.F.);
#4737=VECTOR('',#1285,1.);
#4738=LINE('',#1351,#4737);
#4739=EDGE_CURVE('',#1352,#362,#4738,.T.);
#4740=ORIENTED_EDGE('',*,*,#4739,.T.);
#4741=ORIENTED_EDGE('',*,*,#1153,.T.);
#4742=ORIENTED_EDGE('',*,*,#4727,.F.);
#4743=EDGE_LOOP('',(#4736,#4740,#4741,#4742));
#4744=FACE_OUTER_BOUND('',#4743,.T.);
#4745=AXIS2_PLACEMENT_3D('',#1353,#2580,#430);
#4746=PLANE('',#4745);
#4747=ADVANCED_FACE('',(#4744),#4746,.T.);
#4748=ORIENTED_EDGE('',*,*,#1835,.T.);
#4749=VECTOR('',#1285,1.);
#4750=LINE('',#1349,#4749);
#4751=EDGE_CURVE('',#1350,#364,#4750,.T.);
#4752=ORIENTED_EDGE('',*,*,#4751,.T.);
#4753=ORIENTED_EDGE('',*,*,#1157,.F.);
#4754=ORIENTED_EDGE('',*,*,#4739,.F.);
#4755=EDGE_LOOP('',(#4748,#4752,#4753,#4754));
#4756=FACE_OUTER_BOUND('',#4755,.T.);
#4757=AXIS2_PLACEMENT_3D('',#1351,#2564,#2580);
#4758=PLANE('',#4757);
#4759=ADVANCED_FACE('',(#4756),#4758,.T.);
#4760=ORIENTED_EDGE('',*,*,#1831,.F.);
#4761=VECTOR('',#1285,1.);
#4762=LINE('',#1347,#4761);
#4763=EDGE_CURVE('',#1348,#366,#4762,.T.);
#4764=ORIENTED_EDGE('',*,*,#4763,.T.);
#4765=ORIENTED_EDGE('',*,*,#1161,.T.);
#4766=ORIENTED_EDGE('',*,*,#4751,.F.);
#4767=EDGE_LOOP('',(#4760,#4764,#4765,#4766));
#4768=FACE_OUTER_BOUND('',#4767,.T.);
#4769=AXIS2_PLACEMENT_3D('',#1349,#2580,#430);
#4770=PLANE('',#4769);
#4771=ADVANCED_FACE('',(#4768),#4770,.T.);
#4772=ORIENTED_EDGE('',*,*,#1827,.F.);
#4773=VECTOR('',#1285,1.);
#4774=LINE('',#1345,#4773);
#4775=EDGE_CURVE('',#1346,#368,#4774,.T.);
#4776=ORIENTED_EDGE('',*,*,#4775,.T.);
#4777=ORIENTED_EDGE('',*,*,#1165,.T.);
#4778=ORIENTED_EDGE('',*,*,#4763,.F.);
#4779=EDGE_LOOP('',(#4772,#4776,#4777,#4778));
#4780=FACE_OUTER_BOUND('',#4779,.T.);
#4781=AXIS2_PLACEMENT_3D('',#1347,#430,#425);
#4782=PLANE('',#4781);
#4783=ADVANCED_FACE('',(#4780),#4782,.T.);
#4784=ORIENTED_EDGE('',*,*,#1823,.F.);
#4785=VECTOR('',#1285,1.);
#4786=LINE('',#1343,#4785);
#4787=EDGE_CURVE('',#1344,#370,#4786,.T.);
#4788=ORIENTED_EDGE('',*,*,#4787,.T.);
#4789=ORIENTED_EDGE('',*,*,#1169,.T.);
#4790=ORIENTED_EDGE('',*,*,#4775,.F.);
#4791=EDGE_LOOP('',(#4784,#4788,#4789,#4790));
#4792=FACE_OUTER_BOUND('',#4791,.T.);
#4793=AXIS2_PLACEMENT_3D('',#1345,#2580,#430);
#4794=PLANE('',#4793);
#4795=ADVANCED_FACE('',(#4792),#4794,.T.);
#4796=ORIENTED_EDGE('',*,*,#1819,.T.);
#4797=VECTOR('',#1285,1.);
#4798=LINE('',#1341,#4797);
#4799=EDGE_CURVE('',#1342,#372,#4798,.T.);
#4800=ORIENTED_EDGE('',*,*,#4799,.T.);
#4801=ORIENTED_EDGE('',*,*,#1173,.F.);
#4802=ORIENTED_EDGE('',*,*,#4787,.F.);
#4803=EDGE_LOOP('',(#4796,#4800,#4801,#4802));
#4804=FACE_OUTER_BOUND('',#4803,.T.);
#4805=AXIS2_PLACEMENT_3D('',#1343,#2564,#2580);
#4806=PLANE('',#4805);
#4807=ADVANCED_FACE('',(#4804),#4806,.T.);
#4808=ORIENTED_EDGE('',*,*,#1815,.F.);
#4809=VECTOR('',#1285,1.);
#4810=LINE('',#1339,#4809);
#4811=EDGE_CURVE('',#1340,#374,#4810,.T.);
#4812=ORIENTED_EDGE('',*,*,#4811,.T.);
#4813=ORIENTED_EDGE('',*,*,#1177,.T.);
#4814=ORIENTED_EDGE('',*,*,#4799,.F.);
#4815=EDGE_LOOP('',(#4808,#4812,#4813,#4814));
#4816=FACE_OUTER_BOUND('',#4815,.T.);
#4817=AXIS2_PLACEMENT_3D('',#1341,#2580,#430);
#4818=PLANE('',#4817);
#4819=ADVANCED_FACE('',(#4816),#4818,.T.);
#4820=ORIENTED_EDGE('',*,*,#1811,.F.);
#4821=VECTOR('',#1285,1.);
#4822=LINE('',#1337,#4821);
#4823=EDGE_CURVE('',#1338,#376,#4822,.T.);
#4824=ORIENTED_EDGE('',*,*,#4823,.T.);
#4825=ORIENTED_EDGE('',*,*,#1181,.T.);
#4826=ORIENTED_EDGE('',*,*,#4811,.F.);
#4827=EDGE_LOOP('',(#4820,#4824,#4825,#4826));
#4828=FACE_OUTER_BOUND('',#4827,.T.);
#4829=AXIS2_PLACEMENT_3D('',#1339,#430,#425);
#4830=PLANE('',#4829);
#4831=ADVANCED_FACE('',(#4828),#4830,.T.);
#4832=ORIENTED_EDGE('',*,*,#1807,.F.);
#4833=VECTOR('',#1285,1.);
#4834=LINE('',#1335,#4833);
#4835=EDGE_CURVE('',#1336,#378,#4834,.T.);
#4836=ORIENTED_EDGE('',*,*,#4835,.T.);
#4837=ORIENTED_EDGE('',*,*,#1185,.T.);
#4838=ORIENTED_EDGE('',*,*,#4823,.F.);
#4839=EDGE_LOOP('',(#4832,#4836,#4837,#4838));
#4840=FACE_OUTER_BOUND('',#4839,.T.);
#4841=AXIS2_PLACEMENT_3D('',#1337,#2580,#430);
#4842=PLANE('',#4841);
#4843=ADVANCED_FACE('',(#4840),#4842,.T.);
#4844=ORIENTED_EDGE('',*,*,#1803,.T.);
#4845=VECTOR('',#1285,1.);
#4846=LINE('',#1333,#4845);
#4847=EDGE_CURVE('',#1334,#380,#4846,.T.);
#4848=ORIENTED_EDGE('',*,*,#4847,.T.);
#4849=ORIENTED_EDGE('',*,*,#1189,.F.);
#4850=ORIENTED_EDGE('',*,*,#4835,.F.);
#4851=EDGE_LOOP('',(#4844,#4848,#4849,#4850));
#4852=FACE_OUTER_BOUND('',#4851,.T.);
#4853=AXIS2_PLACEMENT_3D('',#1335,#2564,#2580);
#4854=PLANE('',#4853);
#4855=ADVANCED_FACE('',(#4852),#4854,.T.);
#4856=ORIENTED_EDGE('',*,*,#1799,.F.);
#4857=VECTOR('',#1285,1.);
#4858=LINE('',#1331,#4857);
#4859=EDGE_CURVE('',#1332,#382,#4858,.T.);
#4860=ORIENTED_EDGE('',*,*,#4859,.T.);
#4861=ORIENTED_EDGE('',*,*,#1193,.T.);
#4862=ORIENTED_EDGE('',*,*,#4847,.F.);
#4863=EDGE_LOOP('',(#4856,#4860,#4861,#4862));
#4864=FACE_OUTER_BOUND('',#4863,.T.);
#4865=AXIS2_PLACEMENT_3D('',#1333,#2580,#430);
#4866=PLANE('',#4865);
#4867=ADVANCED_FACE('',(#4864),#4866,.T.);
#4868=ORIENTED_EDGE('',*,*,#1795,.F.);
#4869=VECTOR('',#1285,1.);
#4870=LINE('',#1329,#4869);
#4871=EDGE_CURVE('',#1330,#384,#4870,.T.);
#4872=ORIENTED_EDGE('',*,*,#4871,.T.);
#4873=ORIENTED_EDGE('',*,*,#1197,.T.);
#4874=ORIENTED_EDGE('',*,*,#4859,.F.);
#4875=EDGE_LOOP('',(#4868,#4872,#4873,#4874));
#4876=FACE_OUTER_BOUND('',#4875,.T.);
#4877=AXIS2_PLACEMENT_3D('',#1331,#430,#425);
#4878=PLANE('',#4877);
#4879=ADVANCED_FACE('',(#4876),#4878,.T.);
#4880=ORIENTED_EDGE('',*,*,#1791,.F.);
#4881=VECTOR('',#1285,1.);
#4882=LINE('',#1327,#4881);
#4883=EDGE_CURVE('',#1328,#386,#4882,.T.);
#4884=ORIENTED_EDGE('',*,*,#4883,.T.);
#4885=ORIENTED_EDGE('',*,*,#1201,.T.);
#4886=ORIENTED_EDGE('',*,*,#4871,.F.);
#4887=EDGE_LOOP('',(#4880,#4884,#4885,#4886));
#4888=FACE_OUTER_BOUND('',#4887,.T.);
#4889=AXIS2_PLACEMENT_3D('',#1329,#2580,#430);
#4890=PLANE('',#4889);
#4891=ADVANCED_FACE('',(#4888),#4890,.T.);
#4892=ORIENTED_EDGE('',*,*,#1787,.T.);
#4893=VECTOR('',#1285,1.);
#4894=LINE('',#1325,#4893);
#4895=EDGE_CURVE('',#1326,#388,#4894,.T.);
#4896=ORIENTED_EDGE('',*,*,#4895,.T.);
#4897=ORIENTED_EDGE('',*,*,#1205,.F.);
#4898=ORIENTED_EDGE('',*,*,#4883,.F.);
#4899=EDGE_LOOP('',(#4892,#4896,#4897,#4898));
#4900=FACE_OUTER_BOUND('',#4899,.T.);
#4901=AXIS2_PLACEMENT_3D('',#1327,#2564,#2580);
#4902=PLANE('',#4901);
#4903=ADVANCED_FACE('',(#4900),#4902,.T.);
#4904=ORIENTED_EDGE('',*,*,#1783,.F.);
#4905=VECTOR('',#1285,1.);
#4906=LINE('',#1323,#4905);
#4907=EDGE_CURVE('',#1324,#390,#4906,.T.);
#4908=ORIENTED_EDGE('',*,*,#4907,.T.);
#4909=ORIENTED_EDGE('',*,*,#1209,.T.);
#4910=ORIENTED_EDGE('',*,*,#4895,.F.);
#4911=EDGE_LOOP('',(#4904,#4908,#4909,#4910));
#4912=FACE_OUTER_BOUND('',#4911,.T.);
#4913=AXIS2_PLACEMENT_3D('',#1325,#2580,#430);
#4914=PLANE('',#4913);
#4915=ADVANCED_FACE('',(#4912),#4914,.T.);
#4916=ORIENTED_EDGE('',*,*,#1779,.F.);
#4917=VECTOR('',#1285,1.);
#4918=LINE('',#1321,#4917);
#4919=EDGE_CURVE('',#1322,#392,#4918,.T.);
#4920=ORIENTED_EDGE('',*,*,#4919,.T.);
#4921=ORIENTED_EDGE('',*,*,#1213,.T.);
#4922=ORIENTED_EDGE('',*,*,#4907,.F.);
#4923=EDGE_LOOP('',(#4916,#4920,#4921,#4922));
#4924=FACE_OUTER_BOUND('',#4923,.T.);
#4925=AXIS2_PLACEMENT_3D('',#1323,#430,#425);
#4926=PLANE('',#4925);
#4927=ADVANCED_FACE('',(#4924),#4926,.T.);
#4928=ORIENTED_EDGE('',*,*,#1775,.F.);
#4929=VECTOR('',#1285,1.);
#4930=LINE('',#1319,#4929);
#4931=EDGE_CURVE('',#1320,#394,#4930,.T.);
#4932=ORIENTED_EDGE('',*,*,#4931,.T.);
#4933=ORIENTED_EDGE('',*,*,#1217,.T.);
#4934=ORIENTED_EDGE('',*,*,#4919,.F.);
#4935=EDGE_LOOP('',(#4928,#4932,#4933,#4934));
#4936=FACE_OUTER_BOUND('',#4935,.T.);
#4937=AXIS2_PLACEMENT_3D('',#1321,#2580,#430);
#4938=PLANE('',#4937);
#4939=ADVANCED_FACE('',(#4936),#4938,.T.);
#4940=ORIENTED_EDGE('',*,*,#1771,.T.);
#4941=VECTOR('',#1285,1.);
#4942=LINE('',#1317,#4941);
#4943=EDGE_CURVE('',#1318,#396,#4942,.T.);
#4944=ORIENTED_EDGE('',*,*,#4943,.T.);
#4945=ORIENTED_EDGE('',*,*,#1221,.F.);
#4946=ORIENTED_EDGE('',*,*,#4931,.F.);
#4947=EDGE_LOOP('',(#4940,#4944,#4945,#4946));
#4948=FACE_OUTER_BOUND('',#4947,.T.);
#4949=AXIS2_PLACEMENT_3D('',#1319,#2564,#2580);
#4950=PLANE('',#4949);
#4951=ADVANCED_FACE('',(#4948),#4950,.T.);
#4952=ORIENTED_EDGE('',*,*,#1767,.F.);
#4953=VECTOR('',#1285,1.);
#4954=LINE('',#1315,#4953);
#4955=EDGE_CURVE('',#1316,#398,#4954,.T.);
#4956=ORIENTED_EDGE('',*,*,#4955,.T.);
#4957=ORIENTED_EDGE('',*,*,#1225,.T.);
#4958=ORIENTED_EDGE('',*,*,#4943,.F.);
#4959=EDGE_LOOP('',(#4952,#4956,#4957,#4958));
#4960=FACE_OUTER_BOUND('',#4959,.T.);
#4961=AXIS2_PLACEMENT_3D('',#1317,#2580,#430);
#4962=PLANE('',#4961);
#4963=ADVANCED_FACE('',(#4960),#4962,.T.);
#4964=ORIENTED_EDGE('',*,*,#1763,.F.);
#4965=VECTOR('',#1285,1.);
#4966=LINE('',#1313,#4965);
#4967=EDGE_CURVE('',#1314,#400,#4966,.T.);
#4968=ORIENTED_EDGE('',*,*,#4967,.T.);
#4969=ORIENTED_EDGE('',*,*,#1229,.T.);
#4970=ORIENTED_EDGE('',*,*,#4955,.F.);
#4971=EDGE_LOOP('',(#4964,#4968,#4969,#4970));
#4972=FACE_OUTER_BOUND('',#4971,.T.);
#4973=AXIS2_PLACEMENT_3D('',#1315,#430,#425);
#4974=PLANE('',#4973);
#4975=ADVANCED_FACE('',(#4972),#4974,.T.);
#4976=ORIENTED_EDGE('',*,*,#1759,.F.);
#4977=VECTOR('',#1285,1.);
#4978=LINE('',#1311,#4977);
#4979=EDGE_CURVE('',#1312,#402,#4978,.T.);
#4980=ORIENTED_EDGE('',*,*,#4979,.T.);
#4981=ORIENTED_EDGE('',*,*,#1233,.T.);
#4982=ORIENTED_EDGE('',*,*,#4967,.F.);
#4983=EDGE_LOOP('',(#4976,#4980,#4981,#4982));
#4984=FACE_OUTER_BOUND('',#4983,.T.);
#4985=AXIS2_PLACEMENT_3D('',#1313,#2580,#430);
#4986=PLANE('',#4985);
#4987=ADVANCED_FACE('',(#4984),#4986,.T.);
#4988=ORIENTED_EDGE('',*,*,#1755,.T.);
#4989=VECTOR('',#1285,1.);
#4990=LINE('',#1309,#4989);
#4991=EDGE_CURVE('',#1310,#404,#4990,.T.);
#4992=ORIENTED_EDGE('',*,*,#4991,.T.);
#4993=ORIENTED_EDGE('',*,*,#1237,.F.);
#4994=ORIENTED_EDGE('',*,*,#4979,.F.);
#4995=EDGE_LOOP('',(#4988,#4992,#4993,#4994));
#4996=FACE_OUTER_BOUND('',#4995,.T.);
#4997=AXIS2_PLACEMENT_3D('',#1311,#2564,#2580);
#4998=PLANE('',#4997);
#4999=ADVANCED_FACE('',(#4996),#4998,.T.);
#5000=ORIENTED_EDGE('',*,*,#1751,.F.);
#5001=VECTOR('',#1285,1.);
#5002=LINE('',#1307,#5001);
#5003=EDGE_CURVE('',#1308,#406,#5002,.T.);
#5004=ORIENTED_EDGE('',*,*,#5003,.T.);
#5005=ORIENTED_EDGE('',*,*,#1241,.T.);
#5006=ORIENTED_EDGE('',*,*,#4991,.F.);
#5007=EDGE_LOOP('',(#5000,#5004,#5005,#5006));
#5008=FACE_OUTER_BOUND('',#5007,.T.);
#5009=AXIS2_PLACEMENT_3D('',#1309,#2580,#430);
#5010=PLANE('',#5009);
#5011=ADVANCED_FACE('',(#5008),#5010,.T.);
#5012=ORIENTED_EDGE('',*,*,#1747,.F.);
#5013=VECTOR('',#1285,1.);
#5014=LINE('',#1305,#5013);
#5015=EDGE_CURVE('',#1306,#408,#5014,.T.);
#5016=ORIENTED_EDGE('',*,*,#5015,.T.);
#5017=ORIENTED_EDGE('',*,*,#1245,.T.);
#5018=ORIENTED_EDGE('',*,*,#5003,.F.);
#5019=EDGE_LOOP('',(#5012,#5016,#5017,#5018));
#5020=FACE_OUTER_BOUND('',#5019,.T.);
#5021=AXIS2_PLACEMENT_3D('',#1307,#430,#425);
#5022=PLANE('',#5021);
#5023=ADVANCED_FACE('',(#5020),#5022,.T.);
#5024=ORIENTED_EDGE('',*,*,#1743,.F.);
#5025=VECTOR('',#1285,1.);
#5026=LINE('',#1303,#5025);
#5027=EDGE_CURVE('',#1304,#410,#5026,.T.);
#5028=ORIENTED_EDGE('',*,*,#5027,.T.);
#5029=ORIENTED_EDGE('',*,*,#1249,.T.);
#5030=ORIENTED_EDGE('',*,*,#5015,.F.);
#5031=EDGE_LOOP('',(#5024,#5028,#5029,#5030));
#5032=FACE_OUTER_BOUND('',#5031,.T.);
#5033=AXIS2_PLACEMENT_3D('',#1305,#2580,#430);
#5034=PLANE('',#5033);
#5035=ADVANCED_FACE('',(#5032),#5034,.T.);
#5036=ORIENTED_EDGE('',*,*,#1739,.T.);
#5037=VECTOR('',#1285,1.);
#5038=LINE('',#1301,#5037);
#5039=EDGE_CURVE('',#1302,#412,#5038,.T.);
#5040=ORIENTED_EDGE('',*,*,#5039,.T.);
#5041=ORIENTED_EDGE('',*,*,#1253,.F.);
#5042=ORIENTED_EDGE('',*,*,#5027,.F.);
#5043=EDGE_LOOP('',(#5036,#5040,#5041,#5042));
#5044=FACE_OUTER_BOUND('',#5043,.T.);
#5045=AXIS2_PLACEMENT_3D('',#1303,#2564,#2580);
#5046=PLANE('',#5045);
#5047=ADVANCED_FACE('',(#5044),#5046,.T.);
#5048=ORIENTED_EDGE('',*,*,#1735,.F.);
#5049=VECTOR('',#1285,1.);
#5050=LINE('',#1299,#5049);
#5051=EDGE_CURVE('',#1300,#414,#5050,.T.);
#5052=ORIENTED_EDGE('',*,*,#5051,.T.);
#5053=ORIENTED_EDGE('',*,*,#1257,.T.);
#5054=ORIENTED_EDGE('',*,*,#5039,.F.);
#5055=EDGE_LOOP('',(#5048,#5052,#5053,#5054));
#5056=FACE_OUTER_BOUND('',#5055,.T.);
#5057=AXIS2_PLACEMENT_3D('',#1301,#2580,#430);
#5058=PLANE('',#5057);
#5059=ADVANCED_FACE('',(#5056),#5058,.T.);
#5060=ORIENTED_EDGE('',*,*,#1731,.F.);
#5061=VECTOR('',#1285,1.);
#5062=LINE('',#1297,#5061);
#5063=EDGE_CURVE('',#1298,#416,#5062,.T.);
#5064=ORIENTED_EDGE('',*,*,#5063,.T.);
#5065=ORIENTED_EDGE('',*,*,#1261,.T.);
#5066=ORIENTED_EDGE('',*,*,#5051,.F.);
#5067=EDGE_LOOP('',(#5060,#5064,#5065,#5066));
#5068=FACE_OUTER_BOUND('',#5067,.T.);
#5069=AXIS2_PLACEMENT_3D('',#1299,#430,#425);
#5070=PLANE('',#5069);
#5071=ADVANCED_FACE('',(#5068),#5070,.T.);
#5072=ORIENTED_EDGE('',*,*,#1727,.F.);
#5073=VECTOR('',#1285,1.);
#5074=LINE('',#1295,#5073);
#5075=EDGE_CURVE('',#1296,#418,#5074,.T.);
#5076=ORIENTED_EDGE('',*,*,#5075,.T.);
#5077=ORIENTED_EDGE('',*,*,#1265,.T.);
#5078=ORIENTED_EDGE('',*,*,#5063,.F.);
#5079=EDGE_LOOP('',(#5072,#5076,#5077,#5078));
#5080=FACE_OUTER_BOUND('',#5079,.T.);
#5081=AXIS2_PLACEMENT_3D('',#1297,#2580,#430);
#5082=PLANE('',#5081);
#5083=ADVANCED_FACE('',(#5080),#5082,.T.);
#5084=ORIENTED_EDGE('',*,*,#1723,.T.);
#5085=VECTOR('',#1285,1.);
#5086=LINE('',#1293,#5085);
#5087=EDGE_CURVE('',#1294,#420,#5086,.T.);
#5088=ORIENTED_EDGE('',*,*,#5087,.T.);
#5089=ORIENTED_EDGE('',*,*,#1269,.F.);
#5090=ORIENTED_EDGE('',*,*,#5075,.F.);
#5091=EDGE_LOOP('',(#5084,#5088,#5089,#5090));
#5092=FACE_OUTER_BOUND('',#5091,.T.);
#5093=AXIS2_PLACEMENT_3D('',#1295,#3170,#4453);
#5094=PLANE('',#5093);
#5095=ADVANCED_FACE('',(#5092),#5094,.T.);
#5096=ORIENTED_EDGE('',*,*,#1719,.T.);
#5097=VECTOR('',#1285,1.);
#5098=LINE('',#1291,#5097);
#5099=EDGE_CURVE('',#1292,#422,#5098,.T.);
#5100=ORIENTED_EDGE('',*,*,#5099,.T.);
#5101=ORIENTED_EDGE('',*,*,#1273,.F.);
#5102=ORIENTED_EDGE('',*,*,#5087,.F.);
#5103=EDGE_LOOP('',(#5096,#5100,#5101,#5102));
#5104=FACE_OUTER_BOUND('',#5103,.T.);
#5105=AXIS2_PLACEMENT_3D('',#1293,#3184,#4466);
#5106=PLANE('',#5105);
#5107=ADVANCED_FACE('',(#5104),#5106,.T.);
#5108=ORIENTED_EDGE('',*,*,#1715,.T.);
#5109=VECTOR('',#1285,1.);
#5110=LINE('',#1289,#5109);
#5111=EDGE_CURVE('',#1290,#424,#5110,.T.);
#5112=ORIENTED_EDGE('',*,*,#5111,.T.);
#5113=ORIENTED_EDGE('',*,*,#1277,.F.);
#5114=ORIENTED_EDGE('',*,*,#5099,.F.);
#5115=EDGE_LOOP('',(#5108,#5112,#5113,#5114));
#5116=FACE_OUTER_BOUND('',#5115,.T.);
#5117=AXIS2_PLACEMENT_3D('',#1291,#3198,#4479);
#5118=PLANE('',#5117);
#5119=ADVANCED_FACE('',(#5116),#5118,.T.);
#5120=ORIENTED_EDGE('',*,*,#2559,.T.);
#5121=ORIENTED_EDGE('',*,*,#2576,.T.);
#5122=ORIENTED_EDGE('',*,*,#1281,.F.);
#5123=ORIENTED_EDGE('',*,*,#5111,.F.);
#5124=EDGE_LOOP('',(#5120,#5121,#5122,#5123));
#5125=FACE_OUTER_BOUND('',#5124,.T.);
#5126=AXIS2_PLACEMENT_3D('',#1289,#3212,#4492);
#5127=PLANE('',#5126);
#5128=ADVANCED_FACE('',(#5125),#5127,.T.);
#5129=CLOSED_SHELL('',(#1288,#2567,#2583,#2595,#2607,#2619,#2631,#2643,#2655,#2667,#2679,#2691,#2703,#2715,#2727,#2739,#2751,#2763,#2775,#2787,#2799,#2811,#2823,#2835,#2847,#2859,#2871,#2883,#2895,#2907,#2919,#2931,#2943,#2955,#2967,#2979,#2991,#3003,#3015,#3027,#3039,#3051,#3063,#3075,#3087,#3099,#3111,#3123,#3135,#3147,#3159,#3173,#3187,#3201,#3215,#3227,#3239,#3251,#3263,#3275,#3287,#3299,#3311,#3323,#3335,#3347,#3359,#3371,#3383,#3395,#3407,#3419,#3431,#3443,#3455,#3467,#3479,#3491,#3503,#3515,#3527,#3539,#3551,#3563,#3575,#3587,#3599,#3611,#3623,#3635,#3647,#3659,#3671,#3683,#3695,#3707,#3719,#3731,#3743,#3755,#3767,#3779,#3791,#3803,#3816,#3829,#3842,#3855,#3867,#3879,#3891,#3903,#3915,#3927,#3939,#3951,#3963,#3975,#3987,#3999,#4011,#4023,#4035,#4047,#4059,#4071,#4083,#4095,#4107,#4119,#4131,#4143,#4155,#4167,#4179,#4191,#4203,#4215,#4227,#4239,#4251,#4263,#4275,#4287,#4299,#4311,#4323,#4335,#4347,#4359,#4371,#4383,#4395,#4407,#4419,#4431,#4443,#4456,#4469,#4482,#4495,#4507,#4519,#4531,#4543,#4555,#4567,#4579,#4591,#4603,#4615,#4627,#4639,#4651,#4663,#4675,#4687,#4699,#4711,#4723,#4735,#4747,#4759,#4771,#4783,#4795,#4807,#4819,#4831,#4843,#4855,#4867,#4879,#4891,#4903,#4915,#4927,#4939,#4951,#4963,#4975,#4987,#4999,#5011,#5023,#5035,#5047,#5059,#5071,#5083,#5095,#5107,#5119,#5128));
#5130=MANIFOLD_SOLID_BREP('ceramic_body',#5129);
#5131=CARTESIAN_POINT('',(-6.8,-6.8,2.25));
#5132=VERTEX_POINT('',#5131);
#5133=CARTESIAN_POINT('',(6.8,-6.8,2.25));
#5134=VERTEX_POINT('',#5133);
#5135=CARTESIAN_POINT('',(6.8,6.8,2.25));
#5136=VERTEX_POINT('',#5135);
#5137=CARTESIAN_POINT('',(-6.8,6.8,2.25));
#5138=VERTEX_POINT('',#5137);
#5139=VECTOR('',#425,1.);
#5140=LINE('',#5131,#5139);
#5141=EDGE_CURVE('',#5132,#5134,#5140,.T.);
#5142=ORIENTED_EDGE('',*,*,#5141,.T.);
#5143=VECTOR('',#430,1.);
#5144=LINE('',#5133,#5143);
#5145=EDGE_CURVE('',#5134,#5136,#5144,.T.);
#5146=ORIENTED_EDGE('',*,*,#5145,.T.);
#5147=VECTOR('',#425,1.);
#5148=LINE('',#5137,#5147);
#5149=EDGE_CURVE('',#5138,#5136,#5148,.T.);
#5150=ORIENTED_EDGE('',*,*,#5149,.F.);
#5151=VECTOR('',#430,1.);
#5152=LINE('',#5131,#5151);
#5153=EDGE_CURVE('',#5132,#5138,#5152,.T.);
#5154=ORIENTED_EDGE('',*,*,#5153,.F.);
#5155=EDGE_LOOP('',(#5142,#5146,#5150,#5154));
#5156=FACE_OUTER_BOUND('',#5155,.T.);
#5157=AXIS2_PLACEMENT_3D('',#5131,#1285,#430);
#5158=PLANE('',#5157);
#5159=ADVANCED_FACE('',(#5156),#5158,.T.);
#5160=CARTESIAN_POINT('',(-6.8,6.8,1.7));
#5161=VERTEX_POINT('',#5160);
#5162=CARTESIAN_POINT('',(6.8,6.8,1.7));
#5163=VERTEX_POINT('',#5162);
#5164=CARTESIAN_POINT('',(6.8,-6.8,1.7));
#5165=VERTEX_POINT('',#5164);
#5166=CARTESIAN_POINT('',(-6.8,-6.8,1.7));
#5167=VERTEX_POINT('',#5166);
#5168=VECTOR('',#425,1.);
#5169=LINE('',#5160,#5168);
#5170=EDGE_CURVE('',#5161,#5163,#5169,.T.);
#5171=ORIENTED_EDGE('',*,*,#5170,.T.);
#5172=VECTOR('',#430,1.);
#5173=LINE('',#5164,#5172);
#5174=EDGE_CURVE('',#5165,#5163,#5173,.T.);
#5175=ORIENTED_EDGE('',*,*,#5174,.F.);
#5176=VECTOR('',#425,1.);
#5177=LINE('',#5166,#5176);
#5178=EDGE_CURVE('',#5167,#5165,#5177,.T.);
#5179=ORIENTED_EDGE('',*,*,#5178,.F.);
#5180=VECTOR('',#430,1.);
#5181=LINE('',#5166,#5180);
#5182=EDGE_CURVE('',#5167,#5161,#5181,.T.);
#5183=ORIENTED_EDGE('',*,*,#5182,.T.);
#5184=EDGE_LOOP('',(#5171,#5175,#5179,#5183));
#5185=FACE_OUTER_BOUND('',#5184,.T.);
#5186=AXIS2_PLACEMENT_3D('',#5160,#2563,#2564);
#5187=PLANE('',#5186);
#5188=ADVANCED_FACE('',(#5185),#5187,.T.);
#5189=ORIENTED_EDGE('',*,*,#5178,.T.);
#5190=VECTOR('',#1285,1.);
#5191=LINE('',#5164,#5190);
#5192=EDGE_CURVE('',#5165,#5134,#5191,.T.);
#5193=ORIENTED_EDGE('',*,*,#5192,.T.);
#5194=ORIENTED_EDGE('',*,*,#5141,.F.);
#5195=VECTOR('',#1285,1.);
#5196=LINE('',#5166,#5195);
#5197=EDGE_CURVE('',#5167,#5132,#5196,.T.);
#5198=ORIENTED_EDGE('',*,*,#5197,.F.);
#5199=EDGE_LOOP('',(#5189,#5193,#5194,#5198));
#5200=FACE_OUTER_BOUND('',#5199,.T.);
#5201=AXIS2_PLACEMENT_3D('',#5166,#2564,#2580);
#5202=PLANE('',#5201);
#5203=ADVANCED_FACE('',(#5200),#5202,.T.);
#5204=ORIENTED_EDGE('',*,*,#5174,.T.);
#5205=VECTOR('',#1285,1.);
#5206=LINE('',#5162,#5205);
#5207=EDGE_CURVE('',#5163,#5136,#5206,.T.);
#5208=ORIENTED_EDGE('',*,*,#5207,.T.);
#5209=ORIENTED_EDGE('',*,*,#5145,.F.);
#5210=ORIENTED_EDGE('',*,*,#5192,.F.);
#5211=EDGE_LOOP('',(#5204,#5208,#5209,#5210));
#5212=FACE_OUTER_BOUND('',#5211,.T.);
#5213=AXIS2_PLACEMENT_3D('',#5164,#425,#2564);
#5214=PLANE('',#5213);
#5215=ADVANCED_FACE('',(#5212),#5214,.T.);
#5216=ORIENTED_EDGE('',*,*,#5170,.F.);
#5217=VECTOR('',#1285,1.);
#5218=LINE('',#5160,#5217);
#5219=EDGE_CURVE('',#5161,#5138,#5218,.T.);
#5220=ORIENTED_EDGE('',*,*,#5219,.T.);
#5221=ORIENTED_EDGE('',*,*,#5149,.T.);
#5222=ORIENTED_EDGE('',*,*,#5207,.F.);
#5223=EDGE_LOOP('',(#5216,#5220,#5221,#5222));
#5224=FACE_OUTER_BOUND('',#5223,.T.);
#5225=AXIS2_PLACEMENT_3D('',#5162,#430,#425);
#5226=PLANE('',#5225);
#5227=ADVANCED_FACE('',(#5224),#5226,.T.);
#5228=ORIENTED_EDGE('',*,*,#5182,.F.);
#5229=ORIENTED_EDGE('',*,*,#5197,.T.);
#5230=ORIENTED_EDGE('',*,*,#5153,.T.);
#5231=ORIENTED_EDGE('',*,*,#5219,.F.);
#5232=EDGE_LOOP('',(#5228,#5229,#5230,#5231));
#5233=FACE_OUTER_BOUND('',#5232,.T.);
#5234=AXIS2_PLACEMENT_3D('',#5160,#2580,#430);
#5235=PLANE('',#5234);
#5236=ADVANCED_FACE('',(#5233),#5235,.T.);
#5237=CLOSED_SHELL('',(#5159,#5188,#5203,#5215,#5227,#5236));
#5238=MANIFOLD_SOLID_BREP('glass_lid',#5237);
#5239=CARTESIAN_POINT('',(-4.5,-4.15,1.26));
#5240=VERTEX_POINT('',#5239);
#5241=CARTESIAN_POINT('',(4.5,-4.15,1.26));
#5242=VERTEX_POINT('',#5241);
#5243=CARTESIAN_POINT('',(4.5,3.8,1.26));
#5244=VERTEX_POINT('',#5243);
#5245=CARTESIAN_POINT('',(-4.5,3.8,1.26));
#5246=VERTEX_POINT('',#5245);
#5247=VECTOR('',#425,1.);
#5248=LINE('',#5239,#5247);
#5249=EDGE_CURVE('',#5240,#5242,#5248,.T.);
#5250=ORIENTED_EDGE('',*,*,#5249,.T.);
#5251=VECTOR('',#430,1.);
#5252=LINE('',#5241,#5251);
#5253=EDGE_CURVE('',#5242,#5244,#5252,.T.);
#5254=ORIENTED_EDGE('',*,*,#5253,.T.);
#5255=VECTOR('',#425,1.);
#5256=LINE('',#5245,#5255);
#5257=EDGE_CURVE('',#5246,#5244,#5256,.T.);
#5258=ORIENTED_EDGE('',*,*,#5257,.F.);
#5259=VECTOR('',#430,1.);
#5260=LINE('',#5239,#5259);
#5261=EDGE_CURVE('',#5240,#5246,#5260,.T.);
#5262=ORIENTED_EDGE('',*,*,#5261,.F.);
#5263=EDGE_LOOP('',(#5250,#5254,#5258,#5262));
#5264=FACE_OUTER_BOUND('',#5263,.T.);
#5265=AXIS2_PLACEMENT_3D('',#5239,#1285,#430);
#5266=PLANE('',#5265);
#5267=ADVANCED_FACE('',(#5264),#5266,.T.);
#5268=CARTESIAN_POINT('',(-4.5,3.8,0.535));
#5269=VERTEX_POINT('',#5268);
#5270=CARTESIAN_POINT('',(4.5,3.8,0.535));
#5271=VERTEX_POINT('',#5270);
#5272=CARTESIAN_POINT('',(4.5,-4.15,0.535));
#5273=VERTEX_POINT('',#5272);
#5274=CARTESIAN_POINT('',(-4.5,-4.15,0.535));
#5275=VERTEX_POINT('',#5274);
#5276=VECTOR('',#425,1.);
#5277=LINE('',#5268,#5276);
#5278=EDGE_CURVE('',#5269,#5271,#5277,.T.);
#5279=ORIENTED_EDGE('',*,*,#5278,.T.);
#5280=VECTOR('',#430,1.);
#5281=LINE('',#5272,#5280);
#5282=EDGE_CURVE('',#5273,#5271,#5281,.T.);
#5283=ORIENTED_EDGE('',*,*,#5282,.F.);
#5284=VECTOR('',#425,1.);
#5285=LINE('',#5274,#5284);
#5286=EDGE_CURVE('',#5275,#5273,#5285,.T.);
#5287=ORIENTED_EDGE('',*,*,#5286,.F.);
#5288=VECTOR('',#430,1.);
#5289=LINE('',#5274,#5288);
#5290=EDGE_CURVE('',#5275,#5269,#5289,.T.);
#5291=ORIENTED_EDGE('',*,*,#5290,.T.);
#5292=EDGE_LOOP('',(#5279,#5283,#5287,#5291));
#5293=FACE_OUTER_BOUND('',#5292,.T.);
#5294=AXIS2_PLACEMENT_3D('',#5268,#2563,#2564);
#5295=PLANE('',#5294);
#5296=ADVANCED_FACE('',(#5293),#5295,.T.);
#5297=ORIENTED_EDGE('',*,*,#5286,.T.);
#5298=VECTOR('',#1285,1.);
#5299=LINE('',#5272,#5298);
#5300=EDGE_CURVE('',#5273,#5242,#5299,.T.);
#5301=ORIENTED_EDGE('',*,*,#5300,.T.);
#5302=ORIENTED_EDGE('',*,*,#5249,.F.);
#5303=VECTOR('',#1285,1.);
#5304=LINE('',#5274,#5303);
#5305=EDGE_CURVE('',#5275,#5240,#5304,.T.);
#5306=ORIENTED_EDGE('',*,*,#5305,.F.);
#5307=EDGE_LOOP('',(#5297,#5301,#5302,#5306));
#5308=FACE_OUTER_BOUND('',#5307,.T.);
#5309=AXIS2_PLACEMENT_3D('',#5274,#2564,#2580);
#5310=PLANE('',#5309);
#5311=ADVANCED_FACE('',(#5308),#5310,.T.);
#5312=ORIENTED_EDGE('',*,*,#5282,.T.);
#5313=VECTOR('',#1285,1.);
#5314=LINE('',#5270,#5313);
#5315=EDGE_CURVE('',#5271,#5244,#5314,.T.);
#5316=ORIENTED_EDGE('',*,*,#5315,.T.);
#5317=ORIENTED_EDGE('',*,*,#5253,.F.);
#5318=ORIENTED_EDGE('',*,*,#5300,.F.);
#5319=EDGE_LOOP('',(#5312,#5316,#5317,#5318));
#5320=FACE_OUTER_BOUND('',#5319,.T.);
#5321=AXIS2_PLACEMENT_3D('',#5272,#425,#2564);
#5322=PLANE('',#5321);
#5323=ADVANCED_FACE('',(#5320),#5322,.T.);
#5324=ORIENTED_EDGE('',*,*,#5278,.F.);
#5325=VECTOR('',#1285,1.);
#5326=LINE('',#5268,#5325);
#5327=EDGE_CURVE('',#5269,#5246,#5326,.T.);
#5328=ORIENTED_EDGE('',*,*,#5327,.T.);
#5329=ORIENTED_EDGE('',*,*,#5257,.T.);
#5330=ORIENTED_EDGE('',*,*,#5315,.F.);
#5331=EDGE_LOOP('',(#5324,#5328,#5329,#5330));
#5332=FACE_OUTER_BOUND('',#5331,.T.);
#5333=AXIS2_PLACEMENT_3D('',#5270,#430,#425);
#5334=PLANE('',#5333);
#5335=ADVANCED_FACE('',(#5332),#5334,.T.);
#5336=ORIENTED_EDGE('',*,*,#5290,.F.);
#5337=ORIENTED_EDGE('',*,*,#5305,.T.);
#5338=ORIENTED_EDGE('',*,*,#5261,.T.);
#5339=ORIENTED_EDGE('',*,*,#5327,.F.);
#5340=EDGE_LOOP('',(#5336,#5337,#5338,#5339));
#5341=FACE_OUTER_BOUND('',#5340,.T.);
#5342=AXIS2_PLACEMENT_3D('',#5268,#2580,#430);
#5343=PLANE('',#5342);
#5344=ADVANCED_FACE('',(#5341),#5343,.T.);
#5345=CLOSED_SHELL('',(#5267,#5296,#5311,#5323,#5335,#5344));
#5346=MANIFOLD_SOLID_BREP('die_REF',#5345);
#5347=CARTESIAN_POINT('',(-3.25124,-1.09046,1.26));
#5348=VERTEX_POINT('',#5347);
#5349=CARTESIAN_POINT('',(2.89276,-1.09046,1.26));
#5350=VERTEX_POINT('',#5349);
#5351=CARTESIAN_POINT('',(2.89276,3.82474,1.26));
#5352=VERTEX_POINT('',#5351);
#5353=CARTESIAN_POINT('',(-3.25124,3.82474,1.26));
#5354=VERTEX_POINT('',#5353);
#5355=VECTOR('',#425,1.);
#5356=LINE('',#5347,#5355);
#5357=EDGE_CURVE('',#5348,#5350,#5356,.T.);
#5358=ORIENTED_EDGE('',*,*,#5357,.T.);
#5359=VECTOR('',#430,1.);
#5360=LINE('',#5349,#5359);
#5361=EDGE_CURVE('',#5350,#5352,#5360,.T.);
#5362=ORIENTED_EDGE('',*,*,#5361,.T.);
#5363=VECTOR('',#425,1.);
#5364=LINE('',#5353,#5363);
#5365=EDGE_CURVE('',#5354,#5352,#5364,.T.);
#5366=ORIENTED_EDGE('',*,*,#5365,.F.);
#5367=VECTOR('',#430,1.);
#5368=LINE('',#5347,#5367);
#5369=EDGE_CURVE('',#5348,#5354,#5368,.T.);
#5370=ORIENTED_EDGE('',*,*,#5369,.F.);
#5371=EDGE_LOOP('',(#5358,#5362,#5366,#5370));
#5372=FACE_OUTER_BOUND('',#5371,.T.);
#5373=AXIS2_PLACEMENT_3D('',#5347,#1285,#430);
#5374=PLANE('',#5373);
#5375=ADVANCED_FACE('',(#5372),#5374,.T.);
#5376=CARTESIAN_POINT('',(-3.25124,3.82474,1.24));
#5377=VERTEX_POINT('',#5376);
#5378=CARTESIAN_POINT('',(2.89276,3.82474,1.24));
#5379=VERTEX_POINT('',#5378);
#5380=CARTESIAN_POINT('',(2.89276,-1.09046,1.24));
#5381=VERTEX_POINT('',#5380);
#5382=CARTESIAN_POINT('',(-3.25124,-1.09046,1.24));
#5383=VERTEX_POINT('',#5382);
#5384=VECTOR('',#425,1.);
#5385=LINE('',#5376,#5384);
#5386=EDGE_CURVE('',#5377,#5379,#5385,.T.);
#5387=ORIENTED_EDGE('',*,*,#5386,.T.);
#5388=VECTOR('',#430,1.);
#5389=LINE('',#5380,#5388);
#5390=EDGE_CURVE('',#5381,#5379,#5389,.T.);
#5391=ORIENTED_EDGE('',*,*,#5390,.F.);
#5392=VECTOR('',#425,1.);
#5393=LINE('',#5382,#5392);
#5394=EDGE_CURVE('',#5383,#5381,#5393,.T.);
#5395=ORIENTED_EDGE('',*,*,#5394,.F.);
#5396=VECTOR('',#430,1.);
#5397=LINE('',#5382,#5396);
#5398=EDGE_CURVE('',#5383,#5377,#5397,.T.);
#5399=ORIENTED_EDGE('',*,*,#5398,.T.);
#5400=EDGE_LOOP('',(#5387,#5391,#5395,#5399));
#5401=FACE_OUTER_BOUND('',#5400,.T.);
#5402=AXIS2_PLACEMENT_3D('',#5376,#2563,#2564);
#5403=PLANE('',#5402);
#5404=ADVANCED_FACE('',(#5401),#5403,.T.);
#5405=ORIENTED_EDGE('',*,*,#5394,.T.);
#5406=VECTOR('',#1285,1.);
#5407=LINE('',#5380,#5406);
#5408=EDGE_CURVE('',#5381,#5350,#5407,.T.);
#5409=ORIENTED_EDGE('',*,*,#5408,.T.);
#5410=ORIENTED_EDGE('',*,*,#5357,.F.);
#5411=VECTOR('',#1285,1.);
#5412=LINE('',#5382,#5411);
#5413=EDGE_CURVE('',#5383,#5348,#5412,.T.);
#5414=ORIENTED_EDGE('',*,*,#5413,.F.);
#5415=EDGE_LOOP('',(#5405,#5409,#5410,#5414));
#5416=FACE_OUTER_BOUND('',#5415,.T.);
#5417=AXIS2_PLACEMENT_3D('',#5382,#2564,#2580);
#5418=PLANE('',#5417);
#5419=ADVANCED_FACE('',(#5416),#5418,.T.);
#5420=ORIENTED_EDGE('',*,*,#5390,.T.);
#5421=VECTOR('',#1285,1.);
#5422=LINE('',#5378,#5421);
#5423=EDGE_CURVE('',#5379,#5352,#5422,.T.);
#5424=ORIENTED_EDGE('',*,*,#5423,.T.);
#5425=ORIENTED_EDGE('',*,*,#5361,.F.);
#5426=ORIENTED_EDGE('',*,*,#5408,.F.);
#5427=EDGE_LOOP('',(#5420,#5424,#5425,#5426));
#5428=FACE_OUTER_BOUND('',#5427,.T.);
#5429=AXIS2_PLACEMENT_3D('',#5380,#425,#2564);
#5430=PLANE('',#5429);
#5431=ADVANCED_FACE('',(#5428),#5430,.T.);
#5432=ORIENTED_EDGE('',*,*,#5386,.F.);
#5433=VECTOR('',#1285,1.);
#5434=LINE('',#5376,#5433);
#5435=EDGE_CURVE('',#5377,#5354,#5434,.T.);
#5436=ORIENTED_EDGE('',*,*,#5435,.T.);
#5437=ORIENTED_EDGE('',*,*,#5365,.T.);
#5438=ORIENTED_EDGE('',*,*,#5423,.F.);
#5439=EDGE_LOOP('',(#5432,#5436,#5437,#5438));
#5440=FACE_OUTER_BOUND('',#5439,.T.);
#5441=AXIS2_PLACEMENT_3D('',#5378,#430,#425);
#5442=PLANE('',#5441);
#5443=ADVANCED_FACE('',(#5440),#5442,.T.);
#5444=ORIENTED_EDGE('',*,*,#5398,.F.);
#5445=ORIENTED_EDGE('',*,*,#5413,.T.);
#5446=ORIENTED_EDGE('',*,*,#5369,.T.);
#5447=ORIENTED_EDGE('',*,*,#5435,.F.);
#5448=EDGE_LOOP('',(#5444,#5445,#5446,#5447));
#5449=FACE_OUTER_BOUND('',#5448,.T.);
#5450=AXIS2_PLACEMENT_3D('',#5376,#2580,#430);
#5451=PLANE('',#5450);
#5452=ADVANCED_FACE('',(#5449),#5451,.T.);
#5453=CLOSED_SHELL('',(#5375,#5404,#5419,#5431,#5443,#5452));
#5454=MANIFOLD_SOLID_BREP('active_area_REF',#5453);
#5455=APPLICATION_CONTEXT('automotive design');
#5456=APPLICATION_PROTOCOL_DEFINITION('international standard','automotive_design',2000,#5455);
#5457=PRODUCT_CONTEXT('',#5455,'mechanical');
#5458=PRODUCT('NOIP1SN1300A_LCC48','NOIP1SN1300A_LCC48','PYTHON 1300 48-pin LCC, typ dimensions',(#5457));
#5459=PRODUCT_DEFINITION_FORMATION('','',#5458);
#5460=PRODUCT_DEFINITION_CONTEXT('part definition',#5455,'design');
#5461=PRODUCT_DEFINITION('design','',#5459,#5460);
#5462=PRODUCT_DEFINITION_SHAPE('','',#5461);
#5463=PRODUCT_RELATED_PRODUCT_CATEGORY('part','',(#5458));
#5464=(LENGTH_UNIT()NAMED_UNIT(*)SI_UNIT(.MILLI.,.METRE.));
#5465=(NAMED_UNIT(*)PLANE_ANGLE_UNIT()SI_UNIT($,.RADIAN.));
#5466=(NAMED_UNIT(*)SI_UNIT($,.STERADIAN.)SOLID_ANGLE_UNIT());
#5467=UNCERTAINTY_MEASURE_WITH_UNIT(LENGTH_MEASURE(1.E-07),#5464,'distance_accuracy_value','confusion accuracy');
#5468=(GEOMETRIC_REPRESENTATION_CONTEXT(3)GLOBAL_UNCERTAINTY_ASSIGNED_CONTEXT((#5467))GLOBAL_UNIT_ASSIGNED_CONTEXT((#5464,#5465,#5466))REPRESENTATION_CONTEXT('',''));
#5469=CARTESIAN_POINT('',(0.,0.,0.));
#5470=AXIS2_PLACEMENT_3D('',#5469,#1285,#425);
#5471=ADVANCED_BREP_SHAPE_REPRESENTATION('NOIP1SN1300A_LCC48',(#5470,#5130,#5238,#5346,#5454),#5468);
#5472=SHAPE_DEFINITION_REPRESENTATION(#5462,#5471);
#5473=COLOUR_RGB('ceramic_body',0.9,0.88,0.82);
#5474=FILL_AREA_STYLE_COLOUR('',#5473);
#5475=FILL_AREA_STYLE('',(#5474));
#5476=SURFACE_STYLE_FILL_AREA(#5475);
#5477=SURFACE_SIDE_STYLE('',(#5476));
#5478=SURFACE_STYLE_USAGE(.BOTH.,#5477);
#5479=PRESENTATION_STYLE_ASSIGNMENT((#5478));
#5480=STYLED_ITEM('colour',(#5479),#5130);
#5481=COLOUR_RGB('glass_lid',0.55,0.76,0.86);
#5482=FILL_AREA_STYLE_COLOUR('',#5481);
#5483=FILL_AREA_STYLE('',(#5482));
#5484=SURFACE_STYLE_FILL_AREA(#5483);
#5485=SURFACE_SIDE_STYLE('',(#5484));
#5486=SURFACE_STYLE_USAGE(.BOTH.,#5485);
#5487=PRESENTATION_STYLE_ASSIGNMENT((#5486));
#5488=STYLED_ITEM('colour',(#5487),#5238);
#5489=COLOUR_RGB('die_REF',0.24,0.26,0.32);
#5490=FILL_AREA_STYLE_COLOUR('',#5489);
#5491=FILL_AREA_STYLE('',(#5490));
#5492=SURFACE_STYLE_FILL_AREA(#5491);
#5493=SURFACE_SIDE_STYLE('',(#5492));
#5494=SURFACE_STYLE_USAGE(.BOTH.,#5493);
#5495=PRESENTATION_STYLE_ASSIGNMENT((#5494));
#5496=STYLED_ITEM('colour',(#5495),#5346);
#5497=COLOUR_RGB('active_area_REF',0.15,0.6,0.38);
#5498=FILL_AREA_STYLE_COLOUR('',#5497);
#5499=FILL_AREA_STYLE('',(#5498));
#5500=SURFACE_STYLE_FILL_AREA(#5499);
#5501=SURFACE_SIDE_STYLE('',(#5500));
#5502=SURFACE_STYLE_USAGE(.BOTH.,#5501);
#5503=PRESENTATION_STYLE_ASSIGNMENT((#5502));
#5504=STYLED_ITEM('colour',(#5503),#5454);
#5505=MECHANICAL_DESIGN_GEOMETRIC_PRESENTATION_REPRESENTATION('',(#5480,#5488,#5496,#5504),#5468);
ENDSEC;
END-ISO-10303-21;
