ISO-10303-21;
HEADER;
FILE_DESCRIPTION(('onsemi PYTHON 1300 NOIP1SN1300A 48-pin LCC image sensor'),'2;1');
FILE_NAME('PYTHON1300_NOIP1SN1300A_LCC48.step','2026-08-07T00:00:00',
  ('AuV2-SLI / LauPythonCamera_Pt_Stack'),('generated by gen_python1300_step.py'),
  'none','none','Dimensions from onsemi NOIP1SN1300A-D Figure 50 / Table 32 / Table 33');
FILE_SCHEMA(('AUTOMOTIVE_DESIGN { 1 0 10303 214 1 1 1 1 }'));
ENDSEC;
DATA;
#1 = CARTESIAN_POINT('',(-6.91,-7.11,0));
#2 = CARTESIAN_POINT('',(-5.843,-7.11,0));
#3 = CARTESIAN_POINT('',(-5.843,-7,0));
#4 = CARTESIAN_POINT('',(-5.82853711,-6.92729015,0));
#5 = CARTESIAN_POINT('',(-5.78735029,-6.86564971,0));
#6 = CARTESIAN_POINT('',(-5.72570985,-6.82446289,0));
#7 = CARTESIAN_POINT('',(-5.653,-6.81,0));
#8 = CARTESIAN_POINT('',(-5.523,-6.81,0));
#9 = CARTESIAN_POINT('',(-5.45029015,-6.82446289,0));
#10 = CARTESIAN_POINT('',(-5.38864971,-6.86564971,0));
#11 = CARTESIAN_POINT('',(-5.34746289,-6.92729015,0));
#12 = CARTESIAN_POINT('',(-5.333,-7,0));
#13 = CARTESIAN_POINT('',(-5.333,-7.11,0));
#14 = CARTESIAN_POINT('',(-4.827,-7.11,0));
#15 = CARTESIAN_POINT('',(-4.827,-7,0));
#16 = CARTESIAN_POINT('',(-4.81253711,-6.92729015,0));
#17 = CARTESIAN_POINT('',(-4.77135029,-6.86564971,0));
#18 = CARTESIAN_POINT('',(-4.70970985,-6.82446289,0));
#19 = CARTESIAN_POINT('',(-4.637,-6.81,0));
#20 = CARTESIAN_POINT('',(-4.507,-6.81,0));
#21 = CARTESIAN_POINT('',(-4.43429015,-6.82446289,0));
#22 = CARTESIAN_POINT('',(-4.37264971,-6.86564971,0));
#23 = CARTESIAN_POINT('',(-4.33146289,-6.92729015,0));
#24 = CARTESIAN_POINT('',(-4.317,-7,0));
#25 = CARTESIAN_POINT('',(-4.317,-7.11,0));
#26 = CARTESIAN_POINT('',(-3.811,-7.11,0));
#27 = CARTESIAN_POINT('',(-3.811,-7,0));
#28 = CARTESIAN_POINT('',(-3.79653711,-6.92729015,0));
#29 = CARTESIAN_POINT('',(-3.75535029,-6.86564971,0));
#30 = CARTESIAN_POINT('',(-3.69370985,-6.82446289,0));
#31 = CARTESIAN_POINT('',(-3.621,-6.81,0));
#32 = CARTESIAN_POINT('',(-3.491,-6.81,0));
#33 = CARTESIAN_POINT('',(-3.41829015,-6.82446289,0));
#34 = CARTESIAN_POINT('',(-3.35664971,-6.86564971,0));
#35 = CARTESIAN_POINT('',(-3.31546289,-6.92729015,0));
#36 = CARTESIAN_POINT('',(-3.301,-7,0));
#37 = CARTESIAN_POINT('',(-3.301,-7.11,0));
#38 = CARTESIAN_POINT('',(-2.795,-7.11,0));
#39 = CARTESIAN_POINT('',(-2.795,-7,0));
#40 = CARTESIAN_POINT('',(-2.78053711,-6.92729015,0));
#41 = CARTESIAN_POINT('',(-2.73935029,-6.86564971,0));
#42 = CARTESIAN_POINT('',(-2.67770985,-6.82446289,0));
#43 = CARTESIAN_POINT('',(-2.605,-6.81,0));
#44 = CARTESIAN_POINT('',(-2.475,-6.81,0));
#45 = CARTESIAN_POINT('',(-2.40229015,-6.82446289,0));
#46 = CARTESIAN_POINT('',(-2.34064971,-6.86564971,0));
#47 = CARTESIAN_POINT('',(-2.29946289,-6.92729015,0));
#48 = CARTESIAN_POINT('',(-2.285,-7,0));
#49 = CARTESIAN_POINT('',(-2.285,-7.11,0));
#50 = CARTESIAN_POINT('',(-1.779,-7.11,0));
#51 = CARTESIAN_POINT('',(-1.779,-7,0));
#52 = CARTESIAN_POINT('',(-1.76453711,-6.92729015,0));
#53 = CARTESIAN_POINT('',(-1.72335029,-6.86564971,0));
#54 = CARTESIAN_POINT('',(-1.66170985,-6.82446289,0));
#55 = CARTESIAN_POINT('',(-1.589,-6.81,0));
#56 = CARTESIAN_POINT('',(-1.459,-6.81,0));
#57 = CARTESIAN_POINT('',(-1.38629015,-6.82446289,0));
#58 = CARTESIAN_POINT('',(-1.32464971,-6.86564971,0));
#59 = CARTESIAN_POINT('',(-1.28346289,-6.92729015,0));
#60 = CARTESIAN_POINT('',(-1.269,-7,0));
#61 = CARTESIAN_POINT('',(-1.269,-7.11,0));
#62 = CARTESIAN_POINT('',(-0.763,-7.11,0));
#63 = CARTESIAN_POINT('',(-0.763,-7,0));
#64 = CARTESIAN_POINT('',(-0.748537111,-6.92729015,0));
#65 = CARTESIAN_POINT('',(-0.707350288,-6.86564971,0));
#66 = CARTESIAN_POINT('',(-0.645709852,-6.82446289,0));
#67 = CARTESIAN_POINT('',(-0.573,-6.81,0));
#68 = CARTESIAN_POINT('',(-0.443,-6.81,0));
#69 = CARTESIAN_POINT('',(-0.370290148,-6.82446289,0));
#70 = CARTESIAN_POINT('',(-0.308649712,-6.86564971,0));
#71 = CARTESIAN_POINT('',(-0.267462889,-6.92729015,0));
#72 = CARTESIAN_POINT('',(-0.253,-7,0));
#73 = CARTESIAN_POINT('',(-0.253,-7.11,0));
#74 = CARTESIAN_POINT('',(0.253,-7.11,0));
#75 = CARTESIAN_POINT('',(0.253,-7,0));
#76 = CARTESIAN_POINT('',(0.267462889,-6.92729015,0));
#77 = CARTESIAN_POINT('',(0.308649712,-6.86564971,0));
#78 = CARTESIAN_POINT('',(0.370290148,-6.82446289,0));
#79 = CARTESIAN_POINT('',(0.443,-6.81,0));
#80 = CARTESIAN_POINT('',(0.573,-6.81,0));
#81 = CARTESIAN_POINT('',(0.645709852,-6.82446289,0));
#82 = CARTESIAN_POINT('',(0.707350288,-6.86564971,0));
#83 = CARTESIAN_POINT('',(0.748537111,-6.92729015,0));
#84 = CARTESIAN_POINT('',(0.763,-7,0));
#85 = CARTESIAN_POINT('',(0.763,-7.11,0));
#86 = CARTESIAN_POINT('',(1.269,-7.11,0));
#87 = CARTESIAN_POINT('',(1.269,-7,0));
#88 = CARTESIAN_POINT('',(1.28346289,-6.92729015,0));
#89 = CARTESIAN_POINT('',(1.32464971,-6.86564971,0));
#90 = CARTESIAN_POINT('',(1.38629015,-6.82446289,0));
#91 = CARTESIAN_POINT('',(1.459,-6.81,0));
#92 = CARTESIAN_POINT('',(1.589,-6.81,0));
#93 = CARTESIAN_POINT('',(1.66170985,-6.82446289,0));
#94 = CARTESIAN_POINT('',(1.72335029,-6.86564971,0));
#95 = CARTESIAN_POINT('',(1.76453711,-6.92729015,0));
#96 = CARTESIAN_POINT('',(1.779,-7,0));
#97 = CARTESIAN_POINT('',(1.779,-7.11,0));
#98 = CARTESIAN_POINT('',(2.285,-7.11,0));
#99 = CARTESIAN_POINT('',(2.285,-7,0));
#100 = CARTESIAN_POINT('',(2.29946289,-6.92729015,0));
#101 = CARTESIAN_POINT('',(2.34064971,-6.86564971,0));
#102 = CARTESIAN_POINT('',(2.40229015,-6.82446289,0));
#103 = CARTESIAN_POINT('',(2.475,-6.81,0));
#104 = CARTESIAN_POINT('',(2.605,-6.81,0));
#105 = CARTESIAN_POINT('',(2.67770985,-6.82446289,0));
#106 = CARTESIAN_POINT('',(2.73935029,-6.86564971,0));
#107 = CARTESIAN_POINT('',(2.78053711,-6.92729015,0));
#108 = CARTESIAN_POINT('',(2.795,-7,0));
#109 = CARTESIAN_POINT('',(2.795,-7.11,0));
#110 = CARTESIAN_POINT('',(3.301,-7.11,0));
#111 = CARTESIAN_POINT('',(3.301,-7,0));
#112 = CARTESIAN_POINT('',(3.31546289,-6.92729015,0));
#113 = CARTESIAN_POINT('',(3.35664971,-6.86564971,0));
#114 = CARTESIAN_POINT('',(3.41829015,-6.82446289,0));
#115 = CARTESIAN_POINT('',(3.491,-6.81,0));
#116 = CARTESIAN_POINT('',(3.621,-6.81,0));
#117 = CARTESIAN_POINT('',(3.69370985,-6.82446289,0));
#118 = CARTESIAN_POINT('',(3.75535029,-6.86564971,0));
#119 = CARTESIAN_POINT('',(3.79653711,-6.92729015,0));
#120 = CARTESIAN_POINT('',(3.811,-7,0));
#121 = CARTESIAN_POINT('',(3.811,-7.11,0));
#122 = CARTESIAN_POINT('',(4.317,-7.11,0));
#123 = CARTESIAN_POINT('',(4.317,-7,0));
#124 = CARTESIAN_POINT('',(4.33146289,-6.92729015,0));
#125 = CARTESIAN_POINT('',(4.37264971,-6.86564971,0));
#126 = CARTESIAN_POINT('',(4.43429015,-6.82446289,0));
#127 = CARTESIAN_POINT('',(4.507,-6.81,0));
#128 = CARTESIAN_POINT('',(4.637,-6.81,0));
#129 = CARTESIAN_POINT('',(4.70970985,-6.82446289,0));
#130 = CARTESIAN_POINT('',(4.77135029,-6.86564971,0));
#131 = CARTESIAN_POINT('',(4.81253711,-6.92729015,0));
#132 = CARTESIAN_POINT('',(4.827,-7,0));
#133 = CARTESIAN_POINT('',(4.827,-7.11,0));
#134 = CARTESIAN_POINT('',(5.333,-7.11,0));
#135 = CARTESIAN_POINT('',(5.333,-7,0));
#136 = CARTESIAN_POINT('',(5.34746289,-6.92729015,0));
#137 = CARTESIAN_POINT('',(5.38864971,-6.86564971,0));
#138 = CARTESIAN_POINT('',(5.45029015,-6.82446289,0));
#139 = CARTESIAN_POINT('',(5.523,-6.81,0));
#140 = CARTESIAN_POINT('',(5.653,-6.81,0));
#141 = CARTESIAN_POINT('',(5.72570985,-6.82446289,0));
#142 = CARTESIAN_POINT('',(5.78735029,-6.86564971,0));
#143 = CARTESIAN_POINT('',(5.82853711,-6.92729015,0));
#144 = CARTESIAN_POINT('',(5.843,-7,0));
#145 = CARTESIAN_POINT('',(5.843,-7.11,0));
#146 = CARTESIAN_POINT('',(6.91,-7.11,0));
#147 = CARTESIAN_POINT('',(6.96176381,-7.10318517,0));
#148 = CARTESIAN_POINT('',(7.01,-7.08320508,0));
#149 = CARTESIAN_POINT('',(7.05142136,-7.05142136,0));
#150 = CARTESIAN_POINT('',(7.08320508,-7.01,0));
#151 = CARTESIAN_POINT('',(7.10318517,-6.96176381,0));
#152 = CARTESIAN_POINT('',(7.11,-6.91,0));
#153 = CARTESIAN_POINT('',(7.11,-5.843,0));
#154 = CARTESIAN_POINT('',(7,-5.843,0));
#155 = CARTESIAN_POINT('',(6.92729015,-5.82853711,0));
#156 = CARTESIAN_POINT('',(6.86564971,-5.78735029,0));
#157 = CARTESIAN_POINT('',(6.82446289,-5.72570985,0));
#158 = CARTESIAN_POINT('',(6.81,-5.653,0));
#159 = CARTESIAN_POINT('',(6.81,-5.523,0));
#160 = CARTESIAN_POINT('',(6.82446289,-5.45029015,0));
#161 = CARTESIAN_POINT('',(6.86564971,-5.38864971,0));
#162 = CARTESIAN_POINT('',(6.92729015,-5.34746289,0));
#163 = CARTESIAN_POINT('',(7,-5.333,0));
#164 = CARTESIAN_POINT('',(7.11,-5.333,0));
#165 = CARTESIAN_POINT('',(7.11,-4.827,0));
#166 = CARTESIAN_POINT('',(7,-4.827,0));
#167 = CARTESIAN_POINT('',(6.92729015,-4.81253711,0));
#168 = CARTESIAN_POINT('',(6.86564971,-4.77135029,0));
#169 = CARTESIAN_POINT('',(6.82446289,-4.70970985,0));
#170 = CARTESIAN_POINT('',(6.81,-4.637,0));
#171 = CARTESIAN_POINT('',(6.81,-4.507,0));
#172 = CARTESIAN_POINT('',(6.82446289,-4.43429015,0));
#173 = CARTESIAN_POINT('',(6.86564971,-4.37264971,0));
#174 = CARTESIAN_POINT('',(6.92729015,-4.33146289,0));
#175 = CARTESIAN_POINT('',(7,-4.317,0));
#176 = CARTESIAN_POINT('',(7.11,-4.317,0));
#177 = CARTESIAN_POINT('',(7.11,-3.811,0));
#178 = CARTESIAN_POINT('',(7,-3.811,0));
#179 = CARTESIAN_POINT('',(6.92729015,-3.79653711,0));
#180 = CARTESIAN_POINT('',(6.86564971,-3.75535029,0));
#181 = CARTESIAN_POINT('',(6.82446289,-3.69370985,0));
#182 = CARTESIAN_POINT('',(6.81,-3.621,0));
#183 = CARTESIAN_POINT('',(6.81,-3.491,0));
#184 = CARTESIAN_POINT('',(6.82446289,-3.41829015,0));
#185 = CARTESIAN_POINT('',(6.86564971,-3.35664971,0));
#186 = CARTESIAN_POINT('',(6.92729015,-3.31546289,0));
#187 = CARTESIAN_POINT('',(7,-3.301,0));
#188 = CARTESIAN_POINT('',(7.11,-3.301,0));
#189 = CARTESIAN_POINT('',(7.11,-2.795,0));
#190 = CARTESIAN_POINT('',(7,-2.795,0));
#191 = CARTESIAN_POINT('',(6.92729015,-2.78053711,0));
#192 = CARTESIAN_POINT('',(6.86564971,-2.73935029,0));
#193 = CARTESIAN_POINT('',(6.82446289,-2.67770985,0));
#194 = CARTESIAN_POINT('',(6.81,-2.605,0));
#195 = CARTESIAN_POINT('',(6.81,-2.475,0));
#196 = CARTESIAN_POINT('',(6.82446289,-2.40229015,0));
#197 = CARTESIAN_POINT('',(6.86564971,-2.34064971,0));
#198 = CARTESIAN_POINT('',(6.92729015,-2.29946289,0));
#199 = CARTESIAN_POINT('',(7,-2.285,0));
#200 = CARTESIAN_POINT('',(7.11,-2.285,0));
#201 = CARTESIAN_POINT('',(7.11,-1.779,0));
#202 = CARTESIAN_POINT('',(7,-1.779,0));
#203 = CARTESIAN_POINT('',(6.92729015,-1.76453711,0));
#204 = CARTESIAN_POINT('',(6.86564971,-1.72335029,0));
#205 = CARTESIAN_POINT('',(6.82446289,-1.66170985,0));
#206 = CARTESIAN_POINT('',(6.81,-1.589,0));
#207 = CARTESIAN_POINT('',(6.81,-1.459,0));
#208 = CARTESIAN_POINT('',(6.82446289,-1.38629015,0));
#209 = CARTESIAN_POINT('',(6.86564971,-1.32464971,0));
#210 = CARTESIAN_POINT('',(6.92729015,-1.28346289,0));
#211 = CARTESIAN_POINT('',(7,-1.269,0));
#212 = CARTESIAN_POINT('',(7.11,-1.269,0));
#213 = CARTESIAN_POINT('',(7.11,-0.763,0));
#214 = CARTESIAN_POINT('',(7,-0.763,0));
#215 = CARTESIAN_POINT('',(6.92729015,-0.748537111,0));
#216 = CARTESIAN_POINT('',(6.86564971,-0.707350288,0));
#217 = CARTESIAN_POINT('',(6.82446289,-0.645709852,0));
#218 = CARTESIAN_POINT('',(6.81,-0.573,0));
#219 = CARTESIAN_POINT('',(6.81,-0.443,0));
#220 = CARTESIAN_POINT('',(6.82446289,-0.370290148,0));
#221 = CARTESIAN_POINT('',(6.86564971,-0.308649712,0));
#222 = CARTESIAN_POINT('',(6.92729015,-0.267462889,0));
#223 = CARTESIAN_POINT('',(7,-0.253,0));
#224 = CARTESIAN_POINT('',(7.11,-0.253,0));
#225 = CARTESIAN_POINT('',(7.11,0.253,0));
#226 = CARTESIAN_POINT('',(7,0.253,0));
#227 = CARTESIAN_POINT('',(6.92729015,0.267462889,0));
#228 = CARTESIAN_POINT('',(6.86564971,0.308649712,0));
#229 = CARTESIAN_POINT('',(6.82446289,0.370290148,0));
#230 = CARTESIAN_POINT('',(6.81,0.443,0));
#231 = CARTESIAN_POINT('',(6.81,0.573,0));
#232 = CARTESIAN_POINT('',(6.82446289,0.645709852,0));
#233 = CARTESIAN_POINT('',(6.86564971,0.707350288,0));
#234 = CARTESIAN_POINT('',(6.92729015,0.748537111,0));
#235 = CARTESIAN_POINT('',(7,0.763,0));
#236 = CARTESIAN_POINT('',(7.11,0.763,0));
#237 = CARTESIAN_POINT('',(7.11,1.269,0));
#238 = CARTESIAN_POINT('',(7,1.269,0));
#239 = CARTESIAN_POINT('',(6.92729015,1.28346289,0));
#240 = CARTESIAN_POINT('',(6.86564971,1.32464971,0));
#241 = CARTESIAN_POINT('',(6.82446289,1.38629015,0));
#242 = CARTESIAN_POINT('',(6.81,1.459,0));
#243 = CARTESIAN_POINT('',(6.81,1.589,0));
#244 = CARTESIAN_POINT('',(6.82446289,1.66170985,0));
#245 = CARTESIAN_POINT('',(6.86564971,1.72335029,0));
#246 = CARTESIAN_POINT('',(6.92729015,1.76453711,0));
#247 = CARTESIAN_POINT('',(7,1.779,0));
#248 = CARTESIAN_POINT('',(7.11,1.779,0));
#249 = CARTESIAN_POINT('',(7.11,2.285,0));
#250 = CARTESIAN_POINT('',(7,2.285,0));
#251 = CARTESIAN_POINT('',(6.92729015,2.29946289,0));
#252 = CARTESIAN_POINT('',(6.86564971,2.34064971,0));
#253 = CARTESIAN_POINT('',(6.82446289,2.40229015,0));
#254 = CARTESIAN_POINT('',(6.81,2.475,0));
#255 = CARTESIAN_POINT('',(6.81,2.605,0));
#256 = CARTESIAN_POINT('',(6.82446289,2.67770985,0));
#257 = CARTESIAN_POINT('',(6.86564971,2.73935029,0));
#258 = CARTESIAN_POINT('',(6.92729015,2.78053711,0));
#259 = CARTESIAN_POINT('',(7,2.795,0));
#260 = CARTESIAN_POINT('',(7.11,2.795,0));
#261 = CARTESIAN_POINT('',(7.11,3.301,0));
#262 = CARTESIAN_POINT('',(7,3.301,0));
#263 = CARTESIAN_POINT('',(6.92729015,3.31546289,0));
#264 = CARTESIAN_POINT('',(6.86564971,3.35664971,0));
#265 = CARTESIAN_POINT('',(6.82446289,3.41829015,0));
#266 = CARTESIAN_POINT('',(6.81,3.491,0));
#267 = CARTESIAN_POINT('',(6.81,3.621,0));
#268 = CARTESIAN_POINT('',(6.82446289,3.69370985,0));
#269 = CARTESIAN_POINT('',(6.86564971,3.75535029,0));
#270 = CARTESIAN_POINT('',(6.92729015,3.79653711,0));
#271 = CARTESIAN_POINT('',(7,3.811,0));
#272 = CARTESIAN_POINT('',(7.11,3.811,0));
#273 = CARTESIAN_POINT('',(7.11,4.317,0));
#274 = CARTESIAN_POINT('',(7,4.317,0));
#275 = CARTESIAN_POINT('',(6.92729015,4.33146289,0));
#276 = CARTESIAN_POINT('',(6.86564971,4.37264971,0));
#277 = CARTESIAN_POINT('',(6.82446289,4.43429015,0));
#278 = CARTESIAN_POINT('',(6.81,4.507,0));
#279 = CARTESIAN_POINT('',(6.81,4.637,0));
#280 = CARTESIAN_POINT('',(6.82446289,4.70970985,0));
#281 = CARTESIAN_POINT('',(6.86564971,4.77135029,0));
#282 = CARTESIAN_POINT('',(6.92729015,4.81253711,0));
#283 = CARTESIAN_POINT('',(7,4.827,0));
#284 = CARTESIAN_POINT('',(7.11,4.827,0));
#285 = CARTESIAN_POINT('',(7.11,5.333,0));
#286 = CARTESIAN_POINT('',(7,5.333,0));
#287 = CARTESIAN_POINT('',(6.92729015,5.34746289,0));
#288 = CARTESIAN_POINT('',(6.86564971,5.38864971,0));
#289 = CARTESIAN_POINT('',(6.82446289,5.45029015,0));
#290 = CARTESIAN_POINT('',(6.81,5.523,0));
#291 = CARTESIAN_POINT('',(6.81,5.653,0));
#292 = CARTESIAN_POINT('',(6.82446289,5.72570985,0));
#293 = CARTESIAN_POINT('',(6.86564971,5.78735029,0));
#294 = CARTESIAN_POINT('',(6.92729015,5.82853711,0));
#295 = CARTESIAN_POINT('',(7,5.843,0));
#296 = CARTESIAN_POINT('',(7.11,5.843,0));
#297 = CARTESIAN_POINT('',(7.11,6.91,0));
#298 = CARTESIAN_POINT('',(7.10318517,6.96176381,0));
#299 = CARTESIAN_POINT('',(7.08320508,7.01,0));
#300 = CARTESIAN_POINT('',(7.05142136,7.05142136,0));
#301 = CARTESIAN_POINT('',(7.01,7.08320508,0));
#302 = CARTESIAN_POINT('',(6.96176381,7.10318517,0));
#303 = CARTESIAN_POINT('',(6.91,7.11,0));
#304 = CARTESIAN_POINT('',(5.843,7.11,0));
#305 = CARTESIAN_POINT('',(5.843,7,0));
#306 = CARTESIAN_POINT('',(5.82853711,6.92729015,0));
#307 = CARTESIAN_POINT('',(5.78735029,6.86564971,0));
#308 = CARTESIAN_POINT('',(5.72570985,6.82446289,0));
#309 = CARTESIAN_POINT('',(5.653,6.81,0));
#310 = CARTESIAN_POINT('',(5.523,6.81,0));
#311 = CARTESIAN_POINT('',(5.45029015,6.82446289,0));
#312 = CARTESIAN_POINT('',(5.38864971,6.86564971,0));
#313 = CARTESIAN_POINT('',(5.34746289,6.92729015,0));
#314 = CARTESIAN_POINT('',(5.333,7,0));
#315 = CARTESIAN_POINT('',(5.333,7.11,0));
#316 = CARTESIAN_POINT('',(4.827,7.11,0));
#317 = CARTESIAN_POINT('',(4.827,7,0));
#318 = CARTESIAN_POINT('',(4.81253711,6.92729015,0));
#319 = CARTESIAN_POINT('',(4.77135029,6.86564971,0));
#320 = CARTESIAN_POINT('',(4.70970985,6.82446289,0));
#321 = CARTESIAN_POINT('',(4.637,6.81,0));
#322 = CARTESIAN_POINT('',(4.507,6.81,0));
#323 = CARTESIAN_POINT('',(4.43429015,6.82446289,0));
#324 = CARTESIAN_POINT('',(4.37264971,6.86564971,0));
#325 = CARTESIAN_POINT('',(4.33146289,6.92729015,0));
#326 = CARTESIAN_POINT('',(4.317,7,0));
#327 = CARTESIAN_POINT('',(4.317,7.11,0));
#328 = CARTESIAN_POINT('',(3.811,7.11,0));
#329 = CARTESIAN_POINT('',(3.811,7,0));
#330 = CARTESIAN_POINT('',(3.79653711,6.92729015,0));
#331 = CARTESIAN_POINT('',(3.75535029,6.86564971,0));
#332 = CARTESIAN_POINT('',(3.69370985,6.82446289,0));
#333 = CARTESIAN_POINT('',(3.621,6.81,0));
#334 = CARTESIAN_POINT('',(3.491,6.81,0));
#335 = CARTESIAN_POINT('',(3.41829015,6.82446289,0));
#336 = CARTESIAN_POINT('',(3.35664971,6.86564971,0));
#337 = CARTESIAN_POINT('',(3.31546289,6.92729015,0));
#338 = CARTESIAN_POINT('',(3.301,7,0));
#339 = CARTESIAN_POINT('',(3.301,7.11,0));
#340 = CARTESIAN_POINT('',(2.795,7.11,0));
#341 = CARTESIAN_POINT('',(2.795,7,0));
#342 = CARTESIAN_POINT('',(2.78053711,6.92729015,0));
#343 = CARTESIAN_POINT('',(2.73935029,6.86564971,0));
#344 = CARTESIAN_POINT('',(2.67770985,6.82446289,0));
#345 = CARTESIAN_POINT('',(2.605,6.81,0));
#346 = CARTESIAN_POINT('',(2.475,6.81,0));
#347 = CARTESIAN_POINT('',(2.40229015,6.82446289,0));
#348 = CARTESIAN_POINT('',(2.34064971,6.86564971,0));
#349 = CARTESIAN_POINT('',(2.29946289,6.92729015,0));
#350 = CARTESIAN_POINT('',(2.285,7,0));
#351 = CARTESIAN_POINT('',(2.285,7.11,0));
#352 = CARTESIAN_POINT('',(1.779,7.11,0));
#353 = CARTESIAN_POINT('',(1.779,7,0));
#354 = CARTESIAN_POINT('',(1.76453711,6.92729015,0));
#355 = CARTESIAN_POINT('',(1.72335029,6.86564971,0));
#356 = CARTESIAN_POINT('',(1.66170985,6.82446289,0));
#357 = CARTESIAN_POINT('',(1.589,6.81,0));
#358 = CARTESIAN_POINT('',(1.459,6.81,0));
#359 = CARTESIAN_POINT('',(1.38629015,6.82446289,0));
#360 = CARTESIAN_POINT('',(1.32464971,6.86564971,0));
#361 = CARTESIAN_POINT('',(1.28346289,6.92729015,0));
#362 = CARTESIAN_POINT('',(1.269,7,0));
#363 = CARTESIAN_POINT('',(1.269,7.11,0));
#364 = CARTESIAN_POINT('',(0.763,7.11,0));
#365 = CARTESIAN_POINT('',(0.763,7,0));
#366 = CARTESIAN_POINT('',(0.748537111,6.92729015,0));
#367 = CARTESIAN_POINT('',(0.707350288,6.86564971,0));
#368 = CARTESIAN_POINT('',(0.645709852,6.82446289,0));
#369 = CARTESIAN_POINT('',(0.573,6.81,0));
#370 = CARTESIAN_POINT('',(0.443,6.81,0));
#371 = CARTESIAN_POINT('',(0.370290148,6.82446289,0));
#372 = CARTESIAN_POINT('',(0.308649712,6.86564971,0));
#373 = CARTESIAN_POINT('',(0.267462889,6.92729015,0));
#374 = CARTESIAN_POINT('',(0.253,7,0));
#375 = CARTESIAN_POINT('',(0.253,7.11,0));
#376 = CARTESIAN_POINT('',(-0.253,7.11,0));
#377 = CARTESIAN_POINT('',(-0.253,7,0));
#378 = CARTESIAN_POINT('',(-0.267462889,6.92729015,0));
#379 = CARTESIAN_POINT('',(-0.308649712,6.86564971,0));
#380 = CARTESIAN_POINT('',(-0.370290148,6.82446289,0));
#381 = CARTESIAN_POINT('',(-0.443,6.81,0));
#382 = CARTESIAN_POINT('',(-0.573,6.81,0));
#383 = CARTESIAN_POINT('',(-0.645709852,6.82446289,0));
#384 = CARTESIAN_POINT('',(-0.707350288,6.86564971,0));
#385 = CARTESIAN_POINT('',(-0.748537111,6.92729015,0));
#386 = CARTESIAN_POINT('',(-0.763,7,0));
#387 = CARTESIAN_POINT('',(-0.763,7.11,0));
#388 = CARTESIAN_POINT('',(-1.269,7.11,0));
#389 = CARTESIAN_POINT('',(-1.269,7,0));
#390 = CARTESIAN_POINT('',(-1.28346289,6.92729015,0));
#391 = CARTESIAN_POINT('',(-1.32464971,6.86564971,0));
#392 = CARTESIAN_POINT('',(-1.38629015,6.82446289,0));
#393 = CARTESIAN_POINT('',(-1.459,6.81,0));
#394 = CARTESIAN_POINT('',(-1.589,6.81,0));
#395 = CARTESIAN_POINT('',(-1.66170985,6.82446289,0));
#396 = CARTESIAN_POINT('',(-1.72335029,6.86564971,0));
#397 = CARTESIAN_POINT('',(-1.76453711,6.92729015,0));
#398 = CARTESIAN_POINT('',(-1.779,7,0));
#399 = CARTESIAN_POINT('',(-1.779,7.11,0));
#400 = CARTESIAN_POINT('',(-2.285,7.11,0));
#401 = CARTESIAN_POINT('',(-2.285,7,0));
#402 = CARTESIAN_POINT('',(-2.29946289,6.92729015,0));
#403 = CARTESIAN_POINT('',(-2.34064971,6.86564971,0));
#404 = CARTESIAN_POINT('',(-2.40229015,6.82446289,0));
#405 = CARTESIAN_POINT('',(-2.475,6.81,0));
#406 = CARTESIAN_POINT('',(-2.605,6.81,0));
#407 = CARTESIAN_POINT('',(-2.67770985,6.82446289,0));
#408 = CARTESIAN_POINT('',(-2.73935029,6.86564971,0));
#409 = CARTESIAN_POINT('',(-2.78053711,6.92729015,0));
#410 = CARTESIAN_POINT('',(-2.795,7,0));
#411 = CARTESIAN_POINT('',(-2.795,7.11,0));
#412 = CARTESIAN_POINT('',(-3.301,7.11,0));
#413 = CARTESIAN_POINT('',(-3.301,7,0));
#414 = CARTESIAN_POINT('',(-3.31546289,6.92729015,0));
#415 = CARTESIAN_POINT('',(-3.35664971,6.86564971,0));
#416 = CARTESIAN_POINT('',(-3.41829015,6.82446289,0));
#417 = CARTESIAN_POINT('',(-3.491,6.81,0));
#418 = CARTESIAN_POINT('',(-3.621,6.81,0));
#419 = CARTESIAN_POINT('',(-3.69370985,6.82446289,0));
#420 = CARTESIAN_POINT('',(-3.75535029,6.86564971,0));
#421 = CARTESIAN_POINT('',(-3.79653711,6.92729015,0));
#422 = CARTESIAN_POINT('',(-3.811,7,0));
#423 = CARTESIAN_POINT('',(-3.811,7.11,0));
#424 = CARTESIAN_POINT('',(-4.317,7.11,0));
#425 = CARTESIAN_POINT('',(-4.317,7,0));
#426 = CARTESIAN_POINT('',(-4.33146289,6.92729015,0));
#427 = CARTESIAN_POINT('',(-4.37264971,6.86564971,0));
#428 = CARTESIAN_POINT('',(-4.43429015,6.82446289,0));
#429 = CARTESIAN_POINT('',(-4.507,6.81,0));
#430 = CARTESIAN_POINT('',(-4.637,6.81,0));
#431 = CARTESIAN_POINT('',(-4.70970985,6.82446289,0));
#432 = CARTESIAN_POINT('',(-4.77135029,6.86564971,0));
#433 = CARTESIAN_POINT('',(-4.81253711,6.92729015,0));
#434 = CARTESIAN_POINT('',(-4.827,7,0));
#435 = CARTESIAN_POINT('',(-4.827,7.11,0));
#436 = CARTESIAN_POINT('',(-5.333,7.11,0));
#437 = CARTESIAN_POINT('',(-5.333,7,0));
#438 = CARTESIAN_POINT('',(-5.34746289,6.92729015,0));
#439 = CARTESIAN_POINT('',(-5.38864971,6.86564971,0));
#440 = CARTESIAN_POINT('',(-5.45029015,6.82446289,0));
#441 = CARTESIAN_POINT('',(-5.523,6.81,0));
#442 = CARTESIAN_POINT('',(-5.653,6.81,0));
#443 = CARTESIAN_POINT('',(-5.72570985,6.82446289,0));
#444 = CARTESIAN_POINT('',(-5.78735029,6.86564971,0));
#445 = CARTESIAN_POINT('',(-5.82853711,6.92729015,0));
#446 = CARTESIAN_POINT('',(-5.843,7,0));
#447 = CARTESIAN_POINT('',(-5.843,7.11,0));
#448 = CARTESIAN_POINT('',(-6.91,7.11,0));
#449 = CARTESIAN_POINT('',(-6.96176381,7.10318517,0));
#450 = CARTESIAN_POINT('',(-7.01,7.08320508,0));
#451 = CARTESIAN_POINT('',(-7.05142136,7.05142136,0));
#452 = CARTESIAN_POINT('',(-7.08320508,7.01,0));
#453 = CARTESIAN_POINT('',(-7.10318517,6.96176381,0));
#454 = CARTESIAN_POINT('',(-7.11,6.91,0));
#455 = CARTESIAN_POINT('',(-7.11,5.843,0));
#456 = CARTESIAN_POINT('',(-7,5.843,0));
#457 = CARTESIAN_POINT('',(-6.92729015,5.82853711,0));
#458 = CARTESIAN_POINT('',(-6.86564971,5.78735029,0));
#459 = CARTESIAN_POINT('',(-6.82446289,5.72570985,0));
#460 = CARTESIAN_POINT('',(-6.81,5.653,0));
#461 = CARTESIAN_POINT('',(-6.81,5.523,0));
#462 = CARTESIAN_POINT('',(-6.82446289,5.45029015,0));
#463 = CARTESIAN_POINT('',(-6.86564971,5.38864971,0));
#464 = CARTESIAN_POINT('',(-6.92729015,5.34746289,0));
#465 = CARTESIAN_POINT('',(-7,5.333,0));
#466 = CARTESIAN_POINT('',(-7.11,5.333,0));
#467 = CARTESIAN_POINT('',(-7.11,4.827,0));
#468 = CARTESIAN_POINT('',(-7,4.827,0));
#469 = CARTESIAN_POINT('',(-6.92729015,4.81253711,0));
#470 = CARTESIAN_POINT('',(-6.86564971,4.77135029,0));
#471 = CARTESIAN_POINT('',(-6.82446289,4.70970985,0));
#472 = CARTESIAN_POINT('',(-6.81,4.637,0));
#473 = CARTESIAN_POINT('',(-6.81,4.507,0));
#474 = CARTESIAN_POINT('',(-6.82446289,4.43429015,0));
#475 = CARTESIAN_POINT('',(-6.86564971,4.37264971,0));
#476 = CARTESIAN_POINT('',(-6.92729015,4.33146289,0));
#477 = CARTESIAN_POINT('',(-7,4.317,0));
#478 = CARTESIAN_POINT('',(-7.11,4.317,0));
#479 = CARTESIAN_POINT('',(-7.11,3.811,0));
#480 = CARTESIAN_POINT('',(-7,3.811,0));
#481 = CARTESIAN_POINT('',(-6.92729015,3.79653711,0));
#482 = CARTESIAN_POINT('',(-6.86564971,3.75535029,0));
#483 = CARTESIAN_POINT('',(-6.82446289,3.69370985,0));
#484 = CARTESIAN_POINT('',(-6.81,3.621,0));
#485 = CARTESIAN_POINT('',(-6.81,3.491,0));
#486 = CARTESIAN_POINT('',(-6.82446289,3.41829015,0));
#487 = CARTESIAN_POINT('',(-6.86564971,3.35664971,0));
#488 = CARTESIAN_POINT('',(-6.92729015,3.31546289,0));
#489 = CARTESIAN_POINT('',(-7,3.301,0));
#490 = CARTESIAN_POINT('',(-7.11,3.301,0));
#491 = CARTESIAN_POINT('',(-7.11,2.795,0));
#492 = CARTESIAN_POINT('',(-7,2.795,0));
#493 = CARTESIAN_POINT('',(-6.92729015,2.78053711,0));
#494 = CARTESIAN_POINT('',(-6.86564971,2.73935029,0));
#495 = CARTESIAN_POINT('',(-6.82446289,2.67770985,0));
#496 = CARTESIAN_POINT('',(-6.81,2.605,0));
#497 = CARTESIAN_POINT('',(-6.81,2.475,0));
#498 = CARTESIAN_POINT('',(-6.82446289,2.40229015,0));
#499 = CARTESIAN_POINT('',(-6.86564971,2.34064971,0));
#500 = CARTESIAN_POINT('',(-6.92729015,2.29946289,0));
#501 = CARTESIAN_POINT('',(-7,2.285,0));
#502 = CARTESIAN_POINT('',(-7.11,2.285,0));
#503 = CARTESIAN_POINT('',(-7.11,1.779,0));
#504 = CARTESIAN_POINT('',(-7,1.779,0));
#505 = CARTESIAN_POINT('',(-6.92729015,1.76453711,0));
#506 = CARTESIAN_POINT('',(-6.86564971,1.72335029,0));
#507 = CARTESIAN_POINT('',(-6.82446289,1.66170985,0));
#508 = CARTESIAN_POINT('',(-6.81,1.589,0));
#509 = CARTESIAN_POINT('',(-6.81,1.459,0));
#510 = CARTESIAN_POINT('',(-6.82446289,1.38629015,0));
#511 = CARTESIAN_POINT('',(-6.86564971,1.32464971,0));
#512 = CARTESIAN_POINT('',(-6.92729015,1.28346289,0));
#513 = CARTESIAN_POINT('',(-7,1.269,0));
#514 = CARTESIAN_POINT('',(-7.11,1.269,0));
#515 = CARTESIAN_POINT('',(-7.11,0.763,0));
#516 = CARTESIAN_POINT('',(-7,0.763,0));
#517 = CARTESIAN_POINT('',(-6.92729015,0.748537111,0));
#518 = CARTESIAN_POINT('',(-6.86564971,0.707350288,0));
#519 = CARTESIAN_POINT('',(-6.82446289,0.645709852,0));
#520 = CARTESIAN_POINT('',(-6.81,0.573,0));
#521 = CARTESIAN_POINT('',(-6.81,0.443,0));
#522 = CARTESIAN_POINT('',(-6.82446289,0.370290148,0));
#523 = CARTESIAN_POINT('',(-6.86564971,0.308649712,0));
#524 = CARTESIAN_POINT('',(-6.92729015,0.267462889,0));
#525 = CARTESIAN_POINT('',(-7,0.253,0));
#526 = CARTESIAN_POINT('',(-7.11,0.253,0));
#527 = CARTESIAN_POINT('',(-7.11,-0.253,0));
#528 = CARTESIAN_POINT('',(-7,-0.253,0));
#529 = CARTESIAN_POINT('',(-6.92729015,-0.267462889,0));
#530 = CARTESIAN_POINT('',(-6.86564971,-0.308649712,0));
#531 = CARTESIAN_POINT('',(-6.82446289,-0.370290148,0));
#532 = CARTESIAN_POINT('',(-6.81,-0.443,0));
#533 = CARTESIAN_POINT('',(-6.81,-0.573,0));
#534 = CARTESIAN_POINT('',(-6.82446289,-0.645709852,0));
#535 = CARTESIAN_POINT('',(-6.86564971,-0.707350288,0));
#536 = CARTESIAN_POINT('',(-6.92729015,-0.748537111,0));
#537 = CARTESIAN_POINT('',(-7,-0.763,0));
#538 = CARTESIAN_POINT('',(-7.11,-0.763,0));
#539 = CARTESIAN_POINT('',(-7.11,-1.269,0));
#540 = CARTESIAN_POINT('',(-7,-1.269,0));
#541 = CARTESIAN_POINT('',(-6.92729015,-1.28346289,0));
#542 = CARTESIAN_POINT('',(-6.86564971,-1.32464971,0));
#543 = CARTESIAN_POINT('',(-6.82446289,-1.38629015,0));
#544 = CARTESIAN_POINT('',(-6.81,-1.459,0));
#545 = CARTESIAN_POINT('',(-6.81,-1.589,0));
#546 = CARTESIAN_POINT('',(-6.82446289,-1.66170985,0));
#547 = CARTESIAN_POINT('',(-6.86564971,-1.72335029,0));
#548 = CARTESIAN_POINT('',(-6.92729015,-1.76453711,0));
#549 = CARTESIAN_POINT('',(-7,-1.779,0));
#550 = CARTESIAN_POINT('',(-7.11,-1.779,0));
#551 = CARTESIAN_POINT('',(-7.11,-2.285,0));
#552 = CARTESIAN_POINT('',(-7,-2.285,0));
#553 = CARTESIAN_POINT('',(-6.92729015,-2.29946289,0));
#554 = CARTESIAN_POINT('',(-6.86564971,-2.34064971,0));
#555 = CARTESIAN_POINT('',(-6.82446289,-2.40229015,0));
#556 = CARTESIAN_POINT('',(-6.81,-2.475,0));
#557 = CARTESIAN_POINT('',(-6.81,-2.605,0));
#558 = CARTESIAN_POINT('',(-6.82446289,-2.67770985,0));
#559 = CARTESIAN_POINT('',(-6.86564971,-2.73935029,0));
#560 = CARTESIAN_POINT('',(-6.92729015,-2.78053711,0));
#561 = CARTESIAN_POINT('',(-7,-2.795,0));
#562 = CARTESIAN_POINT('',(-7.11,-2.795,0));
#563 = CARTESIAN_POINT('',(-7.11,-3.301,0));
#564 = CARTESIAN_POINT('',(-7,-3.301,0));
#565 = CARTESIAN_POINT('',(-6.92729015,-3.31546289,0));
#566 = CARTESIAN_POINT('',(-6.86564971,-3.35664971,0));
#567 = CARTESIAN_POINT('',(-6.82446289,-3.41829015,0));
#568 = CARTESIAN_POINT('',(-6.81,-3.491,0));
#569 = CARTESIAN_POINT('',(-6.81,-3.621,0));
#570 = CARTESIAN_POINT('',(-6.82446289,-3.69370985,0));
#571 = CARTESIAN_POINT('',(-6.86564971,-3.75535029,0));
#572 = CARTESIAN_POINT('',(-6.92729015,-3.79653711,0));
#573 = CARTESIAN_POINT('',(-7,-3.811,0));
#574 = CARTESIAN_POINT('',(-7.11,-3.811,0));
#575 = CARTESIAN_POINT('',(-7.11,-4.317,0));
#576 = CARTESIAN_POINT('',(-7,-4.317,0));
#577 = CARTESIAN_POINT('',(-6.92729015,-4.33146289,0));
#578 = CARTESIAN_POINT('',(-6.86564971,-4.37264971,0));
#579 = CARTESIAN_POINT('',(-6.82446289,-4.43429015,0));
#580 = CARTESIAN_POINT('',(-6.81,-4.507,0));
#581 = CARTESIAN_POINT('',(-6.81,-4.637,0));
#582 = CARTESIAN_POINT('',(-6.82446289,-4.70970985,0));
#583 = CARTESIAN_POINT('',(-6.86564971,-4.77135029,0));
#584 = CARTESIAN_POINT('',(-6.92729015,-4.81253711,0));
#585 = CARTESIAN_POINT('',(-7,-4.827,0));
#586 = CARTESIAN_POINT('',(-7.11,-4.827,0));
#587 = CARTESIAN_POINT('',(-7.11,-5.333,0));
#588 = CARTESIAN_POINT('',(-7,-5.333,0));
#589 = CARTESIAN_POINT('',(-6.92729015,-5.34746289,0));
#590 = CARTESIAN_POINT('',(-6.86564971,-5.38864971,0));
#591 = CARTESIAN_POINT('',(-6.82446289,-5.45029015,0));
#592 = CARTESIAN_POINT('',(-6.81,-5.523,0));
#593 = CARTESIAN_POINT('',(-6.81,-5.653,0));
#594 = CARTESIAN_POINT('',(-6.82446289,-5.72570985,0));
#595 = CARTESIAN_POINT('',(-6.86564971,-5.78735029,0));
#596 = CARTESIAN_POINT('',(-6.92729015,-5.82853711,0));
#597 = CARTESIAN_POINT('',(-7,-5.843,0));
#598 = CARTESIAN_POINT('',(-7.11,-5.843,0));
#599 = CARTESIAN_POINT('',(-7.11,-6.91,0));
#600 = CARTESIAN_POINT('',(-7.10318517,-6.96176381,0));
#601 = CARTESIAN_POINT('',(-7.08320508,-7.01,0));
#602 = CARTESIAN_POINT('',(-7.05142136,-7.05142136,0));
#603 = CARTESIAN_POINT('',(-7.01,-7.08320508,0));
#604 = CARTESIAN_POINT('',(-6.96176381,-7.10318517,0));
#605 = CARTESIAN_POINT('',(-6.91,-7.11,1.08));
#606 = CARTESIAN_POINT('',(-5.843,-7.11,1.08));
#607 = CARTESIAN_POINT('',(-5.843,-7,1.08));
#608 = CARTESIAN_POINT('',(-5.82853711,-6.92729015,1.08));
#609 = CARTESIAN_POINT('',(-5.78735029,-6.86564971,1.08));
#610 = CARTESIAN_POINT('',(-5.72570985,-6.82446289,1.08));
#611 = CARTESIAN_POINT('',(-5.653,-6.81,1.08));
#612 = CARTESIAN_POINT('',(-5.523,-6.81,1.08));
#613 = CARTESIAN_POINT('',(-5.45029015,-6.82446289,1.08));
#614 = CARTESIAN_POINT('',(-5.38864971,-6.86564971,1.08));
#615 = CARTESIAN_POINT('',(-5.34746289,-6.92729015,1.08));
#616 = CARTESIAN_POINT('',(-5.333,-7,1.08));
#617 = CARTESIAN_POINT('',(-5.333,-7.11,1.08));
#618 = CARTESIAN_POINT('',(-4.827,-7.11,1.08));
#619 = CARTESIAN_POINT('',(-4.827,-7,1.08));
#620 = CARTESIAN_POINT('',(-4.81253711,-6.92729015,1.08));
#621 = CARTESIAN_POINT('',(-4.77135029,-6.86564971,1.08));
#622 = CARTESIAN_POINT('',(-4.70970985,-6.82446289,1.08));
#623 = CARTESIAN_POINT('',(-4.637,-6.81,1.08));
#624 = CARTESIAN_POINT('',(-4.507,-6.81,1.08));
#625 = CARTESIAN_POINT('',(-4.43429015,-6.82446289,1.08));
#626 = CARTESIAN_POINT('',(-4.37264971,-6.86564971,1.08));
#627 = CARTESIAN_POINT('',(-4.33146289,-6.92729015,1.08));
#628 = CARTESIAN_POINT('',(-4.317,-7,1.08));
#629 = CARTESIAN_POINT('',(-4.317,-7.11,1.08));
#630 = CARTESIAN_POINT('',(-3.811,-7.11,1.08));
#631 = CARTESIAN_POINT('',(-3.811,-7,1.08));
#632 = CARTESIAN_POINT('',(-3.79653711,-6.92729015,1.08));
#633 = CARTESIAN_POINT('',(-3.75535029,-6.86564971,1.08));
#634 = CARTESIAN_POINT('',(-3.69370985,-6.82446289,1.08));
#635 = CARTESIAN_POINT('',(-3.621,-6.81,1.08));
#636 = CARTESIAN_POINT('',(-3.491,-6.81,1.08));
#637 = CARTESIAN_POINT('',(-3.41829015,-6.82446289,1.08));
#638 = CARTESIAN_POINT('',(-3.35664971,-6.86564971,1.08));
#639 = CARTESIAN_POINT('',(-3.31546289,-6.92729015,1.08));
#640 = CARTESIAN_POINT('',(-3.301,-7,1.08));
#641 = CARTESIAN_POINT('',(-3.301,-7.11,1.08));
#642 = CARTESIAN_POINT('',(-2.795,-7.11,1.08));
#643 = CARTESIAN_POINT('',(-2.795,-7,1.08));
#644 = CARTESIAN_POINT('',(-2.78053711,-6.92729015,1.08));
#645 = CARTESIAN_POINT('',(-2.73935029,-6.86564971,1.08));
#646 = CARTESIAN_POINT('',(-2.67770985,-6.82446289,1.08));
#647 = CARTESIAN_POINT('',(-2.605,-6.81,1.08));
#648 = CARTESIAN_POINT('',(-2.475,-6.81,1.08));
#649 = CARTESIAN_POINT('',(-2.40229015,-6.82446289,1.08));
#650 = CARTESIAN_POINT('',(-2.34064971,-6.86564971,1.08));
#651 = CARTESIAN_POINT('',(-2.29946289,-6.92729015,1.08));
#652 = CARTESIAN_POINT('',(-2.285,-7,1.08));
#653 = CARTESIAN_POINT('',(-2.285,-7.11,1.08));
#654 = CARTESIAN_POINT('',(-1.779,-7.11,1.08));
#655 = CARTESIAN_POINT('',(-1.779,-7,1.08));
#656 = CARTESIAN_POINT('',(-1.76453711,-6.92729015,1.08));
#657 = CARTESIAN_POINT('',(-1.72335029,-6.86564971,1.08));
#658 = CARTESIAN_POINT('',(-1.66170985,-6.82446289,1.08));
#659 = CARTESIAN_POINT('',(-1.589,-6.81,1.08));
#660 = CARTESIAN_POINT('',(-1.459,-6.81,1.08));
#661 = CARTESIAN_POINT('',(-1.38629015,-6.82446289,1.08));
#662 = CARTESIAN_POINT('',(-1.32464971,-6.86564971,1.08));
#663 = CARTESIAN_POINT('',(-1.28346289,-6.92729015,1.08));
#664 = CARTESIAN_POINT('',(-1.269,-7,1.08));
#665 = CARTESIAN_POINT('',(-1.269,-7.11,1.08));
#666 = CARTESIAN_POINT('',(-0.763,-7.11,1.08));
#667 = CARTESIAN_POINT('',(-0.763,-7,1.08));
#668 = CARTESIAN_POINT('',(-0.748537111,-6.92729015,1.08));
#669 = CARTESIAN_POINT('',(-0.707350288,-6.86564971,1.08));
#670 = CARTESIAN_POINT('',(-0.645709852,-6.82446289,1.08));
#671 = CARTESIAN_POINT('',(-0.573,-6.81,1.08));
#672 = CARTESIAN_POINT('',(-0.443,-6.81,1.08));
#673 = CARTESIAN_POINT('',(-0.370290148,-6.82446289,1.08));
#674 = CARTESIAN_POINT('',(-0.308649712,-6.86564971,1.08));
#675 = CARTESIAN_POINT('',(-0.267462889,-6.92729015,1.08));
#676 = CARTESIAN_POINT('',(-0.253,-7,1.08));
#677 = CARTESIAN_POINT('',(-0.253,-7.11,1.08));
#678 = CARTESIAN_POINT('',(0.253,-7.11,1.08));
#679 = CARTESIAN_POINT('',(0.253,-7,1.08));
#680 = CARTESIAN_POINT('',(0.267462889,-6.92729015,1.08));
#681 = CARTESIAN_POINT('',(0.308649712,-6.86564971,1.08));
#682 = CARTESIAN_POINT('',(0.370290148,-6.82446289,1.08));
#683 = CARTESIAN_POINT('',(0.443,-6.81,1.08));
#684 = CARTESIAN_POINT('',(0.573,-6.81,1.08));
#685 = CARTESIAN_POINT('',(0.645709852,-6.82446289,1.08));
#686 = CARTESIAN_POINT('',(0.707350288,-6.86564971,1.08));
#687 = CARTESIAN_POINT('',(0.748537111,-6.92729015,1.08));
#688 = CARTESIAN_POINT('',(0.763,-7,1.08));
#689 = CARTESIAN_POINT('',(0.763,-7.11,1.08));
#690 = CARTESIAN_POINT('',(1.269,-7.11,1.08));
#691 = CARTESIAN_POINT('',(1.269,-7,1.08));
#692 = CARTESIAN_POINT('',(1.28346289,-6.92729015,1.08));
#693 = CARTESIAN_POINT('',(1.32464971,-6.86564971,1.08));
#694 = CARTESIAN_POINT('',(1.38629015,-6.82446289,1.08));
#695 = CARTESIAN_POINT('',(1.459,-6.81,1.08));
#696 = CARTESIAN_POINT('',(1.589,-6.81,1.08));
#697 = CARTESIAN_POINT('',(1.66170985,-6.82446289,1.08));
#698 = CARTESIAN_POINT('',(1.72335029,-6.86564971,1.08));
#699 = CARTESIAN_POINT('',(1.76453711,-6.92729015,1.08));
#700 = CARTESIAN_POINT('',(1.779,-7,1.08));
#701 = CARTESIAN_POINT('',(1.779,-7.11,1.08));
#702 = CARTESIAN_POINT('',(2.285,-7.11,1.08));
#703 = CARTESIAN_POINT('',(2.285,-7,1.08));
#704 = CARTESIAN_POINT('',(2.29946289,-6.92729015,1.08));
#705 = CARTESIAN_POINT('',(2.34064971,-6.86564971,1.08));
#706 = CARTESIAN_POINT('',(2.40229015,-6.82446289,1.08));
#707 = CARTESIAN_POINT('',(2.475,-6.81,1.08));
#708 = CARTESIAN_POINT('',(2.605,-6.81,1.08));
#709 = CARTESIAN_POINT('',(2.67770985,-6.82446289,1.08));
#710 = CARTESIAN_POINT('',(2.73935029,-6.86564971,1.08));
#711 = CARTESIAN_POINT('',(2.78053711,-6.92729015,1.08));
#712 = CARTESIAN_POINT('',(2.795,-7,1.08));
#713 = CARTESIAN_POINT('',(2.795,-7.11,1.08));
#714 = CARTESIAN_POINT('',(3.301,-7.11,1.08));
#715 = CARTESIAN_POINT('',(3.301,-7,1.08));
#716 = CARTESIAN_POINT('',(3.31546289,-6.92729015,1.08));
#717 = CARTESIAN_POINT('',(3.35664971,-6.86564971,1.08));
#718 = CARTESIAN_POINT('',(3.41829015,-6.82446289,1.08));
#719 = CARTESIAN_POINT('',(3.491,-6.81,1.08));
#720 = CARTESIAN_POINT('',(3.621,-6.81,1.08));
#721 = CARTESIAN_POINT('',(3.69370985,-6.82446289,1.08));
#722 = CARTESIAN_POINT('',(3.75535029,-6.86564971,1.08));
#723 = CARTESIAN_POINT('',(3.79653711,-6.92729015,1.08));
#724 = CARTESIAN_POINT('',(3.811,-7,1.08));
#725 = CARTESIAN_POINT('',(3.811,-7.11,1.08));
#726 = CARTESIAN_POINT('',(4.317,-7.11,1.08));
#727 = CARTESIAN_POINT('',(4.317,-7,1.08));
#728 = CARTESIAN_POINT('',(4.33146289,-6.92729015,1.08));
#729 = CARTESIAN_POINT('',(4.37264971,-6.86564971,1.08));
#730 = CARTESIAN_POINT('',(4.43429015,-6.82446289,1.08));
#731 = CARTESIAN_POINT('',(4.507,-6.81,1.08));
#732 = CARTESIAN_POINT('',(4.637,-6.81,1.08));
#733 = CARTESIAN_POINT('',(4.70970985,-6.82446289,1.08));
#734 = CARTESIAN_POINT('',(4.77135029,-6.86564971,1.08));
#735 = CARTESIAN_POINT('',(4.81253711,-6.92729015,1.08));
#736 = CARTESIAN_POINT('',(4.827,-7,1.08));
#737 = CARTESIAN_POINT('',(4.827,-7.11,1.08));
#738 = CARTESIAN_POINT('',(5.333,-7.11,1.08));
#739 = CARTESIAN_POINT('',(5.333,-7,1.08));
#740 = CARTESIAN_POINT('',(5.34746289,-6.92729015,1.08));
#741 = CARTESIAN_POINT('',(5.38864971,-6.86564971,1.08));
#742 = CARTESIAN_POINT('',(5.45029015,-6.82446289,1.08));
#743 = CARTESIAN_POINT('',(5.523,-6.81,1.08));
#744 = CARTESIAN_POINT('',(5.653,-6.81,1.08));
#745 = CARTESIAN_POINT('',(5.72570985,-6.82446289,1.08));
#746 = CARTESIAN_POINT('',(5.78735029,-6.86564971,1.08));
#747 = CARTESIAN_POINT('',(5.82853711,-6.92729015,1.08));
#748 = CARTESIAN_POINT('',(5.843,-7,1.08));
#749 = CARTESIAN_POINT('',(5.843,-7.11,1.08));
#750 = CARTESIAN_POINT('',(6.91,-7.11,1.08));
#751 = CARTESIAN_POINT('',(6.96176381,-7.10318517,1.08));
#752 = CARTESIAN_POINT('',(7.01,-7.08320508,1.08));
#753 = CARTESIAN_POINT('',(7.05142136,-7.05142136,1.08));
#754 = CARTESIAN_POINT('',(7.08320508,-7.01,1.08));
#755 = CARTESIAN_POINT('',(7.10318517,-6.96176381,1.08));
#756 = CARTESIAN_POINT('',(7.11,-6.91,1.08));
#757 = CARTESIAN_POINT('',(7.11,-5.843,1.08));
#758 = CARTESIAN_POINT('',(7,-5.843,1.08));
#759 = CARTESIAN_POINT('',(6.92729015,-5.82853711,1.08));
#760 = CARTESIAN_POINT('',(6.86564971,-5.78735029,1.08));
#761 = CARTESIAN_POINT('',(6.82446289,-5.72570985,1.08));
#762 = CARTESIAN_POINT('',(6.81,-5.653,1.08));
#763 = CARTESIAN_POINT('',(6.81,-5.523,1.08));
#764 = CARTESIAN_POINT('',(6.82446289,-5.45029015,1.08));
#765 = CARTESIAN_POINT('',(6.86564971,-5.38864971,1.08));
#766 = CARTESIAN_POINT('',(6.92729015,-5.34746289,1.08));
#767 = CARTESIAN_POINT('',(7,-5.333,1.08));
#768 = CARTESIAN_POINT('',(7.11,-5.333,1.08));
#769 = CARTESIAN_POINT('',(7.11,-4.827,1.08));
#770 = CARTESIAN_POINT('',(7,-4.827,1.08));
#771 = CARTESIAN_POINT('',(6.92729015,-4.81253711,1.08));
#772 = CARTESIAN_POINT('',(6.86564971,-4.77135029,1.08));
#773 = CARTESIAN_POINT('',(6.82446289,-4.70970985,1.08));
#774 = CARTESIAN_POINT('',(6.81,-4.637,1.08));
#775 = CARTESIAN_POINT('',(6.81,-4.507,1.08));
#776 = CARTESIAN_POINT('',(6.82446289,-4.43429015,1.08));
#777 = CARTESIAN_POINT('',(6.86564971,-4.37264971,1.08));
#778 = CARTESIAN_POINT('',(6.92729015,-4.33146289,1.08));
#779 = CARTESIAN_POINT('',(7,-4.317,1.08));
#780 = CARTESIAN_POINT('',(7.11,-4.317,1.08));
#781 = CARTESIAN_POINT('',(7.11,-3.811,1.08));
#782 = CARTESIAN_POINT('',(7,-3.811,1.08));
#783 = CARTESIAN_POINT('',(6.92729015,-3.79653711,1.08));
#784 = CARTESIAN_POINT('',(6.86564971,-3.75535029,1.08));
#785 = CARTESIAN_POINT('',(6.82446289,-3.69370985,1.08));
#786 = CARTESIAN_POINT('',(6.81,-3.621,1.08));
#787 = CARTESIAN_POINT('',(6.81,-3.491,1.08));
#788 = CARTESIAN_POINT('',(6.82446289,-3.41829015,1.08));
#789 = CARTESIAN_POINT('',(6.86564971,-3.35664971,1.08));
#790 = CARTESIAN_POINT('',(6.92729015,-3.31546289,1.08));
#791 = CARTESIAN_POINT('',(7,-3.301,1.08));
#792 = CARTESIAN_POINT('',(7.11,-3.301,1.08));
#793 = CARTESIAN_POINT('',(7.11,-2.795,1.08));
#794 = CARTESIAN_POINT('',(7,-2.795,1.08));
#795 = CARTESIAN_POINT('',(6.92729015,-2.78053711,1.08));
#796 = CARTESIAN_POINT('',(6.86564971,-2.73935029,1.08));
#797 = CARTESIAN_POINT('',(6.82446289,-2.67770985,1.08));
#798 = CARTESIAN_POINT('',(6.81,-2.605,1.08));
#799 = CARTESIAN_POINT('',(6.81,-2.475,1.08));
#800 = CARTESIAN_POINT('',(6.82446289,-2.40229015,1.08));
#801 = CARTESIAN_POINT('',(6.86564971,-2.34064971,1.08));
#802 = CARTESIAN_POINT('',(6.92729015,-2.29946289,1.08));
#803 = CARTESIAN_POINT('',(7,-2.285,1.08));
#804 = CARTESIAN_POINT('',(7.11,-2.285,1.08));
#805 = CARTESIAN_POINT('',(7.11,-1.779,1.08));
#806 = CARTESIAN_POINT('',(7,-1.779,1.08));
#807 = CARTESIAN_POINT('',(6.92729015,-1.76453711,1.08));
#808 = CARTESIAN_POINT('',(6.86564971,-1.72335029,1.08));
#809 = CARTESIAN_POINT('',(6.82446289,-1.66170985,1.08));
#810 = CARTESIAN_POINT('',(6.81,-1.589,1.08));
#811 = CARTESIAN_POINT('',(6.81,-1.459,1.08));
#812 = CARTESIAN_POINT('',(6.82446289,-1.38629015,1.08));
#813 = CARTESIAN_POINT('',(6.86564971,-1.32464971,1.08));
#814 = CARTESIAN_POINT('',(6.92729015,-1.28346289,1.08));
#815 = CARTESIAN_POINT('',(7,-1.269,1.08));
#816 = CARTESIAN_POINT('',(7.11,-1.269,1.08));
#817 = CARTESIAN_POINT('',(7.11,-0.763,1.08));
#818 = CARTESIAN_POINT('',(7,-0.763,1.08));
#819 = CARTESIAN_POINT('',(6.92729015,-0.748537111,1.08));
#820 = CARTESIAN_POINT('',(6.86564971,-0.707350288,1.08));
#821 = CARTESIAN_POINT('',(6.82446289,-0.645709852,1.08));
#822 = CARTESIAN_POINT('',(6.81,-0.573,1.08));
#823 = CARTESIAN_POINT('',(6.81,-0.443,1.08));
#824 = CARTESIAN_POINT('',(6.82446289,-0.370290148,1.08));
#825 = CARTESIAN_POINT('',(6.86564971,-0.308649712,1.08));
#826 = CARTESIAN_POINT('',(6.92729015,-0.267462889,1.08));
#827 = CARTESIAN_POINT('',(7,-0.253,1.08));
#828 = CARTESIAN_POINT('',(7.11,-0.253,1.08));
#829 = CARTESIAN_POINT('',(7.11,0.253,1.08));
#830 = CARTESIAN_POINT('',(7,0.253,1.08));
#831 = CARTESIAN_POINT('',(6.92729015,0.267462889,1.08));
#832 = CARTESIAN_POINT('',(6.86564971,0.308649712,1.08));
#833 = CARTESIAN_POINT('',(6.82446289,0.370290148,1.08));
#834 = CARTESIAN_POINT('',(6.81,0.443,1.08));
#835 = CARTESIAN_POINT('',(6.81,0.573,1.08));
#836 = CARTESIAN_POINT('',(6.82446289,0.645709852,1.08));
#837 = CARTESIAN_POINT('',(6.86564971,0.707350288,1.08));
#838 = CARTESIAN_POINT('',(6.92729015,0.748537111,1.08));
#839 = CARTESIAN_POINT('',(7,0.763,1.08));
#840 = CARTESIAN_POINT('',(7.11,0.763,1.08));
#841 = CARTESIAN_POINT('',(7.11,1.269,1.08));
#842 = CARTESIAN_POINT('',(7,1.269,1.08));
#843 = CARTESIAN_POINT('',(6.92729015,1.28346289,1.08));
#844 = CARTESIAN_POINT('',(6.86564971,1.32464971,1.08));
#845 = CARTESIAN_POINT('',(6.82446289,1.38629015,1.08));
#846 = CARTESIAN_POINT('',(6.81,1.459,1.08));
#847 = CARTESIAN_POINT('',(6.81,1.589,1.08));
#848 = CARTESIAN_POINT('',(6.82446289,1.66170985,1.08));
#849 = CARTESIAN_POINT('',(6.86564971,1.72335029,1.08));
#850 = CARTESIAN_POINT('',(6.92729015,1.76453711,1.08));
#851 = CARTESIAN_POINT('',(7,1.779,1.08));
#852 = CARTESIAN_POINT('',(7.11,1.779,1.08));
#853 = CARTESIAN_POINT('',(7.11,2.285,1.08));
#854 = CARTESIAN_POINT('',(7,2.285,1.08));
#855 = CARTESIAN_POINT('',(6.92729015,2.29946289,1.08));
#856 = CARTESIAN_POINT('',(6.86564971,2.34064971,1.08));
#857 = CARTESIAN_POINT('',(6.82446289,2.40229015,1.08));
#858 = CARTESIAN_POINT('',(6.81,2.475,1.08));
#859 = CARTESIAN_POINT('',(6.81,2.605,1.08));
#860 = CARTESIAN_POINT('',(6.82446289,2.67770985,1.08));
#861 = CARTESIAN_POINT('',(6.86564971,2.73935029,1.08));
#862 = CARTESIAN_POINT('',(6.92729015,2.78053711,1.08));
#863 = CARTESIAN_POINT('',(7,2.795,1.08));
#864 = CARTESIAN_POINT('',(7.11,2.795,1.08));
#865 = CARTESIAN_POINT('',(7.11,3.301,1.08));
#866 = CARTESIAN_POINT('',(7,3.301,1.08));
#867 = CARTESIAN_POINT('',(6.92729015,3.31546289,1.08));
#868 = CARTESIAN_POINT('',(6.86564971,3.35664971,1.08));
#869 = CARTESIAN_POINT('',(6.82446289,3.41829015,1.08));
#870 = CARTESIAN_POINT('',(6.81,3.491,1.08));
#871 = CARTESIAN_POINT('',(6.81,3.621,1.08));
#872 = CARTESIAN_POINT('',(6.82446289,3.69370985,1.08));
#873 = CARTESIAN_POINT('',(6.86564971,3.75535029,1.08));
#874 = CARTESIAN_POINT('',(6.92729015,3.79653711,1.08));
#875 = CARTESIAN_POINT('',(7,3.811,1.08));
#876 = CARTESIAN_POINT('',(7.11,3.811,1.08));
#877 = CARTESIAN_POINT('',(7.11,4.317,1.08));
#878 = CARTESIAN_POINT('',(7,4.317,1.08));
#879 = CARTESIAN_POINT('',(6.92729015,4.33146289,1.08));
#880 = CARTESIAN_POINT('',(6.86564971,4.37264971,1.08));
#881 = CARTESIAN_POINT('',(6.82446289,4.43429015,1.08));
#882 = CARTESIAN_POINT('',(6.81,4.507,1.08));
#883 = CARTESIAN_POINT('',(6.81,4.637,1.08));
#884 = CARTESIAN_POINT('',(6.82446289,4.70970985,1.08));
#885 = CARTESIAN_POINT('',(6.86564971,4.77135029,1.08));
#886 = CARTESIAN_POINT('',(6.92729015,4.81253711,1.08));
#887 = CARTESIAN_POINT('',(7,4.827,1.08));
#888 = CARTESIAN_POINT('',(7.11,4.827,1.08));
#889 = CARTESIAN_POINT('',(7.11,5.333,1.08));
#890 = CARTESIAN_POINT('',(7,5.333,1.08));
#891 = CARTESIAN_POINT('',(6.92729015,5.34746289,1.08));
#892 = CARTESIAN_POINT('',(6.86564971,5.38864971,1.08));
#893 = CARTESIAN_POINT('',(6.82446289,5.45029015,1.08));
#894 = CARTESIAN_POINT('',(6.81,5.523,1.08));
#895 = CARTESIAN_POINT('',(6.81,5.653,1.08));
#896 = CARTESIAN_POINT('',(6.82446289,5.72570985,1.08));
#897 = CARTESIAN_POINT('',(6.86564971,5.78735029,1.08));
#898 = CARTESIAN_POINT('',(6.92729015,5.82853711,1.08));
#899 = CARTESIAN_POINT('',(7,5.843,1.08));
#900 = CARTESIAN_POINT('',(7.11,5.843,1.08));
#901 = CARTESIAN_POINT('',(7.11,6.91,1.08));
#902 = CARTESIAN_POINT('',(7.10318517,6.96176381,1.08));
#903 = CARTESIAN_POINT('',(7.08320508,7.01,1.08));
#904 = CARTESIAN_POINT('',(7.05142136,7.05142136,1.08));
#905 = CARTESIAN_POINT('',(7.01,7.08320508,1.08));
#906 = CARTESIAN_POINT('',(6.96176381,7.10318517,1.08));
#907 = CARTESIAN_POINT('',(6.91,7.11,1.08));
#908 = CARTESIAN_POINT('',(5.843,7.11,1.08));
#909 = CARTESIAN_POINT('',(5.843,7,1.08));
#910 = CARTESIAN_POINT('',(5.82853711,6.92729015,1.08));
#911 = CARTESIAN_POINT('',(5.78735029,6.86564971,1.08));
#912 = CARTESIAN_POINT('',(5.72570985,6.82446289,1.08));
#913 = CARTESIAN_POINT('',(5.653,6.81,1.08));
#914 = CARTESIAN_POINT('',(5.523,6.81,1.08));
#915 = CARTESIAN_POINT('',(5.45029015,6.82446289,1.08));
#916 = CARTESIAN_POINT('',(5.38864971,6.86564971,1.08));
#917 = CARTESIAN_POINT('',(5.34746289,6.92729015,1.08));
#918 = CARTESIAN_POINT('',(5.333,7,1.08));
#919 = CARTESIAN_POINT('',(5.333,7.11,1.08));
#920 = CARTESIAN_POINT('',(4.827,7.11,1.08));
#921 = CARTESIAN_POINT('',(4.827,7,1.08));
#922 = CARTESIAN_POINT('',(4.81253711,6.92729015,1.08));
#923 = CARTESIAN_POINT('',(4.77135029,6.86564971,1.08));
#924 = CARTESIAN_POINT('',(4.70970985,6.82446289,1.08));
#925 = CARTESIAN_POINT('',(4.637,6.81,1.08));
#926 = CARTESIAN_POINT('',(4.507,6.81,1.08));
#927 = CARTESIAN_POINT('',(4.43429015,6.82446289,1.08));
#928 = CARTESIAN_POINT('',(4.37264971,6.86564971,1.08));
#929 = CARTESIAN_POINT('',(4.33146289,6.92729015,1.08));
#930 = CARTESIAN_POINT('',(4.317,7,1.08));
#931 = CARTESIAN_POINT('',(4.317,7.11,1.08));
#932 = CARTESIAN_POINT('',(3.811,7.11,1.08));
#933 = CARTESIAN_POINT('',(3.811,7,1.08));
#934 = CARTESIAN_POINT('',(3.79653711,6.92729015,1.08));
#935 = CARTESIAN_POINT('',(3.75535029,6.86564971,1.08));
#936 = CARTESIAN_POINT('',(3.69370985,6.82446289,1.08));
#937 = CARTESIAN_POINT('',(3.621,6.81,1.08));
#938 = CARTESIAN_POINT('',(3.491,6.81,1.08));
#939 = CARTESIAN_POINT('',(3.41829015,6.82446289,1.08));
#940 = CARTESIAN_POINT('',(3.35664971,6.86564971,1.08));
#941 = CARTESIAN_POINT('',(3.31546289,6.92729015,1.08));
#942 = CARTESIAN_POINT('',(3.301,7,1.08));
#943 = CARTESIAN_POINT('',(3.301,7.11,1.08));
#944 = CARTESIAN_POINT('',(2.795,7.11,1.08));
#945 = CARTESIAN_POINT('',(2.795,7,1.08));
#946 = CARTESIAN_POINT('',(2.78053711,6.92729015,1.08));
#947 = CARTESIAN_POINT('',(2.73935029,6.86564971,1.08));
#948 = CARTESIAN_POINT('',(2.67770985,6.82446289,1.08));
#949 = CARTESIAN_POINT('',(2.605,6.81,1.08));
#950 = CARTESIAN_POINT('',(2.475,6.81,1.08));
#951 = CARTESIAN_POINT('',(2.40229015,6.82446289,1.08));
#952 = CARTESIAN_POINT('',(2.34064971,6.86564971,1.08));
#953 = CARTESIAN_POINT('',(2.29946289,6.92729015,1.08));
#954 = CARTESIAN_POINT('',(2.285,7,1.08));
#955 = CARTESIAN_POINT('',(2.285,7.11,1.08));
#956 = CARTESIAN_POINT('',(1.779,7.11,1.08));
#957 = CARTESIAN_POINT('',(1.779,7,1.08));
#958 = CARTESIAN_POINT('',(1.76453711,6.92729015,1.08));
#959 = CARTESIAN_POINT('',(1.72335029,6.86564971,1.08));
#960 = CARTESIAN_POINT('',(1.66170985,6.82446289,1.08));
#961 = CARTESIAN_POINT('',(1.589,6.81,1.08));
#962 = CARTESIAN_POINT('',(1.459,6.81,1.08));
#963 = CARTESIAN_POINT('',(1.38629015,6.82446289,1.08));
#964 = CARTESIAN_POINT('',(1.32464971,6.86564971,1.08));
#965 = CARTESIAN_POINT('',(1.28346289,6.92729015,1.08));
#966 = CARTESIAN_POINT('',(1.269,7,1.08));
#967 = CARTESIAN_POINT('',(1.269,7.11,1.08));
#968 = CARTESIAN_POINT('',(0.763,7.11,1.08));
#969 = CARTESIAN_POINT('',(0.763,7,1.08));
#970 = CARTESIAN_POINT('',(0.748537111,6.92729015,1.08));
#971 = CARTESIAN_POINT('',(0.707350288,6.86564971,1.08));
#972 = CARTESIAN_POINT('',(0.645709852,6.82446289,1.08));
#973 = CARTESIAN_POINT('',(0.573,6.81,1.08));
#974 = CARTESIAN_POINT('',(0.443,6.81,1.08));
#975 = CARTESIAN_POINT('',(0.370290148,6.82446289,1.08));
#976 = CARTESIAN_POINT('',(0.308649712,6.86564971,1.08));
#977 = CARTESIAN_POINT('',(0.267462889,6.92729015,1.08));
#978 = CARTESIAN_POINT('',(0.253,7,1.08));
#979 = CARTESIAN_POINT('',(0.253,7.11,1.08));
#980 = CARTESIAN_POINT('',(-0.253,7.11,1.08));
#981 = CARTESIAN_POINT('',(-0.253,7,1.08));
#982 = CARTESIAN_POINT('',(-0.267462889,6.92729015,1.08));
#983 = CARTESIAN_POINT('',(-0.308649712,6.86564971,1.08));
#984 = CARTESIAN_POINT('',(-0.370290148,6.82446289,1.08));
#985 = CARTESIAN_POINT('',(-0.443,6.81,1.08));
#986 = CARTESIAN_POINT('',(-0.573,6.81,1.08));
#987 = CARTESIAN_POINT('',(-0.645709852,6.82446289,1.08));
#988 = CARTESIAN_POINT('',(-0.707350288,6.86564971,1.08));
#989 = CARTESIAN_POINT('',(-0.748537111,6.92729015,1.08));
#990 = CARTESIAN_POINT('',(-0.763,7,1.08));
#991 = CARTESIAN_POINT('',(-0.763,7.11,1.08));
#992 = CARTESIAN_POINT('',(-1.269,7.11,1.08));
#993 = CARTESIAN_POINT('',(-1.269,7,1.08));
#994 = CARTESIAN_POINT('',(-1.28346289,6.92729015,1.08));
#995 = CARTESIAN_POINT('',(-1.32464971,6.86564971,1.08));
#996 = CARTESIAN_POINT('',(-1.38629015,6.82446289,1.08));
#997 = CARTESIAN_POINT('',(-1.459,6.81,1.08));
#998 = CARTESIAN_POINT('',(-1.589,6.81,1.08));
#999 = CARTESIAN_POINT('',(-1.66170985,6.82446289,1.08));
#1000 = CARTESIAN_POINT('',(-1.72335029,6.86564971,1.08));
#1001 = CARTESIAN_POINT('',(-1.76453711,6.92729015,1.08));
#1002 = CARTESIAN_POINT('',(-1.779,7,1.08));
#1003 = CARTESIAN_POINT('',(-1.779,7.11,1.08));
#1004 = CARTESIAN_POINT('',(-2.285,7.11,1.08));
#1005 = CARTESIAN_POINT('',(-2.285,7,1.08));
#1006 = CARTESIAN_POINT('',(-2.29946289,6.92729015,1.08));
#1007 = CARTESIAN_POINT('',(-2.34064971,6.86564971,1.08));
#1008 = CARTESIAN_POINT('',(-2.40229015,6.82446289,1.08));
#1009 = CARTESIAN_POINT('',(-2.475,6.81,1.08));
#1010 = CARTESIAN_POINT('',(-2.605,6.81,1.08));
#1011 = CARTESIAN_POINT('',(-2.67770985,6.82446289,1.08));
#1012 = CARTESIAN_POINT('',(-2.73935029,6.86564971,1.08));
#1013 = CARTESIAN_POINT('',(-2.78053711,6.92729015,1.08));
#1014 = CARTESIAN_POINT('',(-2.795,7,1.08));
#1015 = CARTESIAN_POINT('',(-2.795,7.11,1.08));
#1016 = CARTESIAN_POINT('',(-3.301,7.11,1.08));
#1017 = CARTESIAN_POINT('',(-3.301,7,1.08));
#1018 = CARTESIAN_POINT('',(-3.31546289,6.92729015,1.08));
#1019 = CARTESIAN_POINT('',(-3.35664971,6.86564971,1.08));
#1020 = CARTESIAN_POINT('',(-3.41829015,6.82446289,1.08));
#1021 = CARTESIAN_POINT('',(-3.491,6.81,1.08));
#1022 = CARTESIAN_POINT('',(-3.621,6.81,1.08));
#1023 = CARTESIAN_POINT('',(-3.69370985,6.82446289,1.08));
#1024 = CARTESIAN_POINT('',(-3.75535029,6.86564971,1.08));
#1025 = CARTESIAN_POINT('',(-3.79653711,6.92729015,1.08));
#1026 = CARTESIAN_POINT('',(-3.811,7,1.08));
#1027 = CARTESIAN_POINT('',(-3.811,7.11,1.08));
#1028 = CARTESIAN_POINT('',(-4.317,7.11,1.08));
#1029 = CARTESIAN_POINT('',(-4.317,7,1.08));
#1030 = CARTESIAN_POINT('',(-4.33146289,6.92729015,1.08));
#1031 = CARTESIAN_POINT('',(-4.37264971,6.86564971,1.08));
#1032 = CARTESIAN_POINT('',(-4.43429015,6.82446289,1.08));
#1033 = CARTESIAN_POINT('',(-4.507,6.81,1.08));
#1034 = CARTESIAN_POINT('',(-4.637,6.81,1.08));
#1035 = CARTESIAN_POINT('',(-4.70970985,6.82446289,1.08));
#1036 = CARTESIAN_POINT('',(-4.77135029,6.86564971,1.08));
#1037 = CARTESIAN_POINT('',(-4.81253711,6.92729015,1.08));
#1038 = CARTESIAN_POINT('',(-4.827,7,1.08));
#1039 = CARTESIAN_POINT('',(-4.827,7.11,1.08));
#1040 = CARTESIAN_POINT('',(-5.333,7.11,1.08));
#1041 = CARTESIAN_POINT('',(-5.333,7,1.08));
#1042 = CARTESIAN_POINT('',(-5.34746289,6.92729015,1.08));
#1043 = CARTESIAN_POINT('',(-5.38864971,6.86564971,1.08));
#1044 = CARTESIAN_POINT('',(-5.45029015,6.82446289,1.08));
#1045 = CARTESIAN_POINT('',(-5.523,6.81,1.08));
#1046 = CARTESIAN_POINT('',(-5.653,6.81,1.08));
#1047 = CARTESIAN_POINT('',(-5.72570985,6.82446289,1.08));
#1048 = CARTESIAN_POINT('',(-5.78735029,6.86564971,1.08));
#1049 = CARTESIAN_POINT('',(-5.82853711,6.92729015,1.08));
#1050 = CARTESIAN_POINT('',(-5.843,7,1.08));
#1051 = CARTESIAN_POINT('',(-5.843,7.11,1.08));
#1052 = CARTESIAN_POINT('',(-6.91,7.11,1.08));
#1053 = CARTESIAN_POINT('',(-6.96176381,7.10318517,1.08));
#1054 = CARTESIAN_POINT('',(-7.01,7.08320508,1.08));
#1055 = CARTESIAN_POINT('',(-7.05142136,7.05142136,1.08));
#1056 = CARTESIAN_POINT('',(-7.08320508,7.01,1.08));
#1057 = CARTESIAN_POINT('',(-7.10318517,6.96176381,1.08));
#1058 = CARTESIAN_POINT('',(-7.11,6.91,1.08));
#1059 = CARTESIAN_POINT('',(-7.11,5.843,1.08));
#1060 = CARTESIAN_POINT('',(-7,5.843,1.08));
#1061 = CARTESIAN_POINT('',(-6.92729015,5.82853711,1.08));
#1062 = CARTESIAN_POINT('',(-6.86564971,5.78735029,1.08));
#1063 = CARTESIAN_POINT('',(-6.82446289,5.72570985,1.08));
#1064 = CARTESIAN_POINT('',(-6.81,5.653,1.08));
#1065 = CARTESIAN_POINT('',(-6.81,5.523,1.08));
#1066 = CARTESIAN_POINT('',(-6.82446289,5.45029015,1.08));
#1067 = CARTESIAN_POINT('',(-6.86564971,5.38864971,1.08));
#1068 = CARTESIAN_POINT('',(-6.92729015,5.34746289,1.08));
#1069 = CARTESIAN_POINT('',(-7,5.333,1.08));
#1070 = CARTESIAN_POINT('',(-7.11,5.333,1.08));
#1071 = CARTESIAN_POINT('',(-7.11,4.827,1.08));
#1072 = CARTESIAN_POINT('',(-7,4.827,1.08));
#1073 = CARTESIAN_POINT('',(-6.92729015,4.81253711,1.08));
#1074 = CARTESIAN_POINT('',(-6.86564971,4.77135029,1.08));
#1075 = CARTESIAN_POINT('',(-6.82446289,4.70970985,1.08));
#1076 = CARTESIAN_POINT('',(-6.81,4.637,1.08));
#1077 = CARTESIAN_POINT('',(-6.81,4.507,1.08));
#1078 = CARTESIAN_POINT('',(-6.82446289,4.43429015,1.08));
#1079 = CARTESIAN_POINT('',(-6.86564971,4.37264971,1.08));
#1080 = CARTESIAN_POINT('',(-6.92729015,4.33146289,1.08));
#1081 = CARTESIAN_POINT('',(-7,4.317,1.08));
#1082 = CARTESIAN_POINT('',(-7.11,4.317,1.08));
#1083 = CARTESIAN_POINT('',(-7.11,3.811,1.08));
#1084 = CARTESIAN_POINT('',(-7,3.811,1.08));
#1085 = CARTESIAN_POINT('',(-6.92729015,3.79653711,1.08));
#1086 = CARTESIAN_POINT('',(-6.86564971,3.75535029,1.08));
#1087 = CARTESIAN_POINT('',(-6.82446289,3.69370985,1.08));
#1088 = CARTESIAN_POINT('',(-6.81,3.621,1.08));
#1089 = CARTESIAN_POINT('',(-6.81,3.491,1.08));
#1090 = CARTESIAN_POINT('',(-6.82446289,3.41829015,1.08));
#1091 = CARTESIAN_POINT('',(-6.86564971,3.35664971,1.08));
#1092 = CARTESIAN_POINT('',(-6.92729015,3.31546289,1.08));
#1093 = CARTESIAN_POINT('',(-7,3.301,1.08));
#1094 = CARTESIAN_POINT('',(-7.11,3.301,1.08));
#1095 = CARTESIAN_POINT('',(-7.11,2.795,1.08));
#1096 = CARTESIAN_POINT('',(-7,2.795,1.08));
#1097 = CARTESIAN_POINT('',(-6.92729015,2.78053711,1.08));
#1098 = CARTESIAN_POINT('',(-6.86564971,2.73935029,1.08));
#1099 = CARTESIAN_POINT('',(-6.82446289,2.67770985,1.08));
#1100 = CARTESIAN_POINT('',(-6.81,2.605,1.08));
#1101 = CARTESIAN_POINT('',(-6.81,2.475,1.08));
#1102 = CARTESIAN_POINT('',(-6.82446289,2.40229015,1.08));
#1103 = CARTESIAN_POINT('',(-6.86564971,2.34064971,1.08));
#1104 = CARTESIAN_POINT('',(-6.92729015,2.29946289,1.08));
#1105 = CARTESIAN_POINT('',(-7,2.285,1.08));
#1106 = CARTESIAN_POINT('',(-7.11,2.285,1.08));
#1107 = CARTESIAN_POINT('',(-7.11,1.779,1.08));
#1108 = CARTESIAN_POINT('',(-7,1.779,1.08));
#1109 = CARTESIAN_POINT('',(-6.92729015,1.76453711,1.08));
#1110 = CARTESIAN_POINT('',(-6.86564971,1.72335029,1.08));
#1111 = CARTESIAN_POINT('',(-6.82446289,1.66170985,1.08));
#1112 = CARTESIAN_POINT('',(-6.81,1.589,1.08));
#1113 = CARTESIAN_POINT('',(-6.81,1.459,1.08));
#1114 = CARTESIAN_POINT('',(-6.82446289,1.38629015,1.08));
#1115 = CARTESIAN_POINT('',(-6.86564971,1.32464971,1.08));
#1116 = CARTESIAN_POINT('',(-6.92729015,1.28346289,1.08));
#1117 = CARTESIAN_POINT('',(-7,1.269,1.08));
#1118 = CARTESIAN_POINT('',(-7.11,1.269,1.08));
#1119 = CARTESIAN_POINT('',(-7.11,0.763,1.08));
#1120 = CARTESIAN_POINT('',(-7,0.763,1.08));
#1121 = CARTESIAN_POINT('',(-6.92729015,0.748537111,1.08));
#1122 = CARTESIAN_POINT('',(-6.86564971,0.707350288,1.08));
#1123 = CARTESIAN_POINT('',(-6.82446289,0.645709852,1.08));
#1124 = CARTESIAN_POINT('',(-6.81,0.573,1.08));
#1125 = CARTESIAN_POINT('',(-6.81,0.443,1.08));
#1126 = CARTESIAN_POINT('',(-6.82446289,0.370290148,1.08));
#1127 = CARTESIAN_POINT('',(-6.86564971,0.308649712,1.08));
#1128 = CARTESIAN_POINT('',(-6.92729015,0.267462889,1.08));
#1129 = CARTESIAN_POINT('',(-7,0.253,1.08));
#1130 = CARTESIAN_POINT('',(-7.11,0.253,1.08));
#1131 = CARTESIAN_POINT('',(-7.11,-0.253,1.08));
#1132 = CARTESIAN_POINT('',(-7,-0.253,1.08));
#1133 = CARTESIAN_POINT('',(-6.92729015,-0.267462889,1.08));
#1134 = CARTESIAN_POINT('',(-6.86564971,-0.308649712,1.08));
#1135 = CARTESIAN_POINT('',(-6.82446289,-0.370290148,1.08));
#1136 = CARTESIAN_POINT('',(-6.81,-0.443,1.08));
#1137 = CARTESIAN_POINT('',(-6.81,-0.573,1.08));
#1138 = CARTESIAN_POINT('',(-6.82446289,-0.645709852,1.08));
#1139 = CARTESIAN_POINT('',(-6.86564971,-0.707350288,1.08));
#1140 = CARTESIAN_POINT('',(-6.92729015,-0.748537111,1.08));
#1141 = CARTESIAN_POINT('',(-7,-0.763,1.08));
#1142 = CARTESIAN_POINT('',(-7.11,-0.763,1.08));
#1143 = CARTESIAN_POINT('',(-7.11,-1.269,1.08));
#1144 = CARTESIAN_POINT('',(-7,-1.269,1.08));
#1145 = CARTESIAN_POINT('',(-6.92729015,-1.28346289,1.08));
#1146 = CARTESIAN_POINT('',(-6.86564971,-1.32464971,1.08));
#1147 = CARTESIAN_POINT('',(-6.82446289,-1.38629015,1.08));
#1148 = CARTESIAN_POINT('',(-6.81,-1.459,1.08));
#1149 = CARTESIAN_POINT('',(-6.81,-1.589,1.08));
#1150 = CARTESIAN_POINT('',(-6.82446289,-1.66170985,1.08));
#1151 = CARTESIAN_POINT('',(-6.86564971,-1.72335029,1.08));
#1152 = CARTESIAN_POINT('',(-6.92729015,-1.76453711,1.08));
#1153 = CARTESIAN_POINT('',(-7,-1.779,1.08));
#1154 = CARTESIAN_POINT('',(-7.11,-1.779,1.08));
#1155 = CARTESIAN_POINT('',(-7.11,-2.285,1.08));
#1156 = CARTESIAN_POINT('',(-7,-2.285,1.08));
#1157 = CARTESIAN_POINT('',(-6.92729015,-2.29946289,1.08));
#1158 = CARTESIAN_POINT('',(-6.86564971,-2.34064971,1.08));
#1159 = CARTESIAN_POINT('',(-6.82446289,-2.40229015,1.08));
#1160 = CARTESIAN_POINT('',(-6.81,-2.475,1.08));
#1161 = CARTESIAN_POINT('',(-6.81,-2.605,1.08));
#1162 = CARTESIAN_POINT('',(-6.82446289,-2.67770985,1.08));
#1163 = CARTESIAN_POINT('',(-6.86564971,-2.73935029,1.08));
#1164 = CARTESIAN_POINT('',(-6.92729015,-2.78053711,1.08));
#1165 = CARTESIAN_POINT('',(-7,-2.795,1.08));
#1166 = CARTESIAN_POINT('',(-7.11,-2.795,1.08));
#1167 = CARTESIAN_POINT('',(-7.11,-3.301,1.08));
#1168 = CARTESIAN_POINT('',(-7,-3.301,1.08));
#1169 = CARTESIAN_POINT('',(-6.92729015,-3.31546289,1.08));
#1170 = CARTESIAN_POINT('',(-6.86564971,-3.35664971,1.08));
#1171 = CARTESIAN_POINT('',(-6.82446289,-3.41829015,1.08));
#1172 = CARTESIAN_POINT('',(-6.81,-3.491,1.08));
#1173 = CARTESIAN_POINT('',(-6.81,-3.621,1.08));
#1174 = CARTESIAN_POINT('',(-6.82446289,-3.69370985,1.08));
#1175 = CARTESIAN_POINT('',(-6.86564971,-3.75535029,1.08));
#1176 = CARTESIAN_POINT('',(-6.92729015,-3.79653711,1.08));
#1177 = CARTESIAN_POINT('',(-7,-3.811,1.08));
#1178 = CARTESIAN_POINT('',(-7.11,-3.811,1.08));
#1179 = CARTESIAN_POINT('',(-7.11,-4.317,1.08));
#1180 = CARTESIAN_POINT('',(-7,-4.317,1.08));
#1181 = CARTESIAN_POINT('',(-6.92729015,-4.33146289,1.08));
#1182 = CARTESIAN_POINT('',(-6.86564971,-4.37264971,1.08));
#1183 = CARTESIAN_POINT('',(-6.82446289,-4.43429015,1.08));
#1184 = CARTESIAN_POINT('',(-6.81,-4.507,1.08));
#1185 = CARTESIAN_POINT('',(-6.81,-4.637,1.08));
#1186 = CARTESIAN_POINT('',(-6.82446289,-4.70970985,1.08));
#1187 = CARTESIAN_POINT('',(-6.86564971,-4.77135029,1.08));
#1188 = CARTESIAN_POINT('',(-6.92729015,-4.81253711,1.08));
#1189 = CARTESIAN_POINT('',(-7,-4.827,1.08));
#1190 = CARTESIAN_POINT('',(-7.11,-4.827,1.08));
#1191 = CARTESIAN_POINT('',(-7.11,-5.333,1.08));
#1192 = CARTESIAN_POINT('',(-7,-5.333,1.08));
#1193 = CARTESIAN_POINT('',(-6.92729015,-5.34746289,1.08));
#1194 = CARTESIAN_POINT('',(-6.86564971,-5.38864971,1.08));
#1195 = CARTESIAN_POINT('',(-6.82446289,-5.45029015,1.08));
#1196 = CARTESIAN_POINT('',(-6.81,-5.523,1.08));
#1197 = CARTESIAN_POINT('',(-6.81,-5.653,1.08));
#1198 = CARTESIAN_POINT('',(-6.82446289,-5.72570985,1.08));
#1199 = CARTESIAN_POINT('',(-6.86564971,-5.78735029,1.08));
#1200 = CARTESIAN_POINT('',(-6.92729015,-5.82853711,1.08));
#1201 = CARTESIAN_POINT('',(-7,-5.843,1.08));
#1202 = CARTESIAN_POINT('',(-7.11,-5.843,1.08));
#1203 = CARTESIAN_POINT('',(-7.11,-6.91,1.08));
#1204 = CARTESIAN_POINT('',(-7.10318517,-6.96176381,1.08));
#1205 = CARTESIAN_POINT('',(-7.08320508,-7.01,1.08));
#1206 = CARTESIAN_POINT('',(-7.05142136,-7.05142136,1.08));
#1207 = CARTESIAN_POINT('',(-7.01,-7.08320508,1.08));
#1208 = CARTESIAN_POINT('',(-6.96176381,-7.10318517,1.08));
#1209 = VERTEX_POINT('',#1);
#1210 = VERTEX_POINT('',#2);
#1211 = VERTEX_POINT('',#3);
#1212 = VERTEX_POINT('',#4);
#1213 = VERTEX_POINT('',#5);
#1214 = VERTEX_POINT('',#6);
#1215 = VERTEX_POINT('',#7);
#1216 = VERTEX_POINT('',#8);
#1217 = VERTEX_POINT('',#9);
#1218 = VERTEX_POINT('',#10);
#1219 = VERTEX_POINT('',#11);
#1220 = VERTEX_POINT('',#12);
#1221 = VERTEX_POINT('',#13);
#1222 = VERTEX_POINT('',#14);
#1223 = VERTEX_POINT('',#15);
#1224 = VERTEX_POINT('',#16);
#1225 = VERTEX_POINT('',#17);
#1226 = VERTEX_POINT('',#18);
#1227 = VERTEX_POINT('',#19);
#1228 = VERTEX_POINT('',#20);
#1229 = VERTEX_POINT('',#21);
#1230 = VERTEX_POINT('',#22);
#1231 = VERTEX_POINT('',#23);
#1232 = VERTEX_POINT('',#24);
#1233 = VERTEX_POINT('',#25);
#1234 = VERTEX_POINT('',#26);
#1235 = VERTEX_POINT('',#27);
#1236 = VERTEX_POINT('',#28);
#1237 = VERTEX_POINT('',#29);
#1238 = VERTEX_POINT('',#30);
#1239 = VERTEX_POINT('',#31);
#1240 = VERTEX_POINT('',#32);
#1241 = VERTEX_POINT('',#33);
#1242 = VERTEX_POINT('',#34);
#1243 = VERTEX_POINT('',#35);
#1244 = VERTEX_POINT('',#36);
#1245 = VERTEX_POINT('',#37);
#1246 = VERTEX_POINT('',#38);
#1247 = VERTEX_POINT('',#39);
#1248 = VERTEX_POINT('',#40);
#1249 = VERTEX_POINT('',#41);
#1250 = VERTEX_POINT('',#42);
#1251 = VERTEX_POINT('',#43);
#1252 = VERTEX_POINT('',#44);
#1253 = VERTEX_POINT('',#45);
#1254 = VERTEX_POINT('',#46);
#1255 = VERTEX_POINT('',#47);
#1256 = VERTEX_POINT('',#48);
#1257 = VERTEX_POINT('',#49);
#1258 = VERTEX_POINT('',#50);
#1259 = VERTEX_POINT('',#51);
#1260 = VERTEX_POINT('',#52);
#1261 = VERTEX_POINT('',#53);
#1262 = VERTEX_POINT('',#54);
#1263 = VERTEX_POINT('',#55);
#1264 = VERTEX_POINT('',#56);
#1265 = VERTEX_POINT('',#57);
#1266 = VERTEX_POINT('',#58);
#1267 = VERTEX_POINT('',#59);
#1268 = VERTEX_POINT('',#60);
#1269 = VERTEX_POINT('',#61);
#1270 = VERTEX_POINT('',#62);
#1271 = VERTEX_POINT('',#63);
#1272 = VERTEX_POINT('',#64);
#1273 = VERTEX_POINT('',#65);
#1274 = VERTEX_POINT('',#66);
#1275 = VERTEX_POINT('',#67);
#1276 = VERTEX_POINT('',#68);
#1277 = VERTEX_POINT('',#69);
#1278 = VERTEX_POINT('',#70);
#1279 = VERTEX_POINT('',#71);
#1280 = VERTEX_POINT('',#72);
#1281 = VERTEX_POINT('',#73);
#1282 = VERTEX_POINT('',#74);
#1283 = VERTEX_POINT('',#75);
#1284 = VERTEX_POINT('',#76);
#1285 = VERTEX_POINT('',#77);
#1286 = VERTEX_POINT('',#78);
#1287 = VERTEX_POINT('',#79);
#1288 = VERTEX_POINT('',#80);
#1289 = VERTEX_POINT('',#81);
#1290 = VERTEX_POINT('',#82);
#1291 = VERTEX_POINT('',#83);
#1292 = VERTEX_POINT('',#84);
#1293 = VERTEX_POINT('',#85);
#1294 = VERTEX_POINT('',#86);
#1295 = VERTEX_POINT('',#87);
#1296 = VERTEX_POINT('',#88);
#1297 = VERTEX_POINT('',#89);
#1298 = VERTEX_POINT('',#90);
#1299 = VERTEX_POINT('',#91);
#1300 = VERTEX_POINT('',#92);
#1301 = VERTEX_POINT('',#93);
#1302 = VERTEX_POINT('',#94);
#1303 = VERTEX_POINT('',#95);
#1304 = VERTEX_POINT('',#96);
#1305 = VERTEX_POINT('',#97);
#1306 = VERTEX_POINT('',#98);
#1307 = VERTEX_POINT('',#99);
#1308 = VERTEX_POINT('',#100);
#1309 = VERTEX_POINT('',#101);
#1310 = VERTEX_POINT('',#102);
#1311 = VERTEX_POINT('',#103);
#1312 = VERTEX_POINT('',#104);
#1313 = VERTEX_POINT('',#105);
#1314 = VERTEX_POINT('',#106);
#1315 = VERTEX_POINT('',#107);
#1316 = VERTEX_POINT('',#108);
#1317 = VERTEX_POINT('',#109);
#1318 = VERTEX_POINT('',#110);
#1319 = VERTEX_POINT('',#111);
#1320 = VERTEX_POINT('',#112);
#1321 = VERTEX_POINT('',#113);
#1322 = VERTEX_POINT('',#114);
#1323 = VERTEX_POINT('',#115);
#1324 = VERTEX_POINT('',#116);
#1325 = VERTEX_POINT('',#117);
#1326 = VERTEX_POINT('',#118);
#1327 = VERTEX_POINT('',#119);
#1328 = VERTEX_POINT('',#120);
#1329 = VERTEX_POINT('',#121);
#1330 = VERTEX_POINT('',#122);
#1331 = VERTEX_POINT('',#123);
#1332 = VERTEX_POINT('',#124);
#1333 = VERTEX_POINT('',#125);
#1334 = VERTEX_POINT('',#126);
#1335 = VERTEX_POINT('',#127);
#1336 = VERTEX_POINT('',#128);
#1337 = VERTEX_POINT('',#129);
#1338 = VERTEX_POINT('',#130);
#1339 = VERTEX_POINT('',#131);
#1340 = VERTEX_POINT('',#132);
#1341 = VERTEX_POINT('',#133);
#1342 = VERTEX_POINT('',#134);
#1343 = VERTEX_POINT('',#135);
#1344 = VERTEX_POINT('',#136);
#1345 = VERTEX_POINT('',#137);
#1346 = VERTEX_POINT('',#138);
#1347 = VERTEX_POINT('',#139);
#1348 = VERTEX_POINT('',#140);
#1349 = VERTEX_POINT('',#141);
#1350 = VERTEX_POINT('',#142);
#1351 = VERTEX_POINT('',#143);
#1352 = VERTEX_POINT('',#144);
#1353 = VERTEX_POINT('',#145);
#1354 = VERTEX_POINT('',#146);
#1355 = VERTEX_POINT('',#147);
#1356 = VERTEX_POINT('',#148);
#1357 = VERTEX_POINT('',#149);
#1358 = VERTEX_POINT('',#150);
#1359 = VERTEX_POINT('',#151);
#1360 = VERTEX_POINT('',#152);
#1361 = VERTEX_POINT('',#153);
#1362 = VERTEX_POINT('',#154);
#1363 = VERTEX_POINT('',#155);
#1364 = VERTEX_POINT('',#156);
#1365 = VERTEX_POINT('',#157);
#1366 = VERTEX_POINT('',#158);
#1367 = VERTEX_POINT('',#159);
#1368 = VERTEX_POINT('',#160);
#1369 = VERTEX_POINT('',#161);
#1370 = VERTEX_POINT('',#162);
#1371 = VERTEX_POINT('',#163);
#1372 = VERTEX_POINT('',#164);
#1373 = VERTEX_POINT('',#165);
#1374 = VERTEX_POINT('',#166);
#1375 = VERTEX_POINT('',#167);
#1376 = VERTEX_POINT('',#168);
#1377 = VERTEX_POINT('',#169);
#1378 = VERTEX_POINT('',#170);
#1379 = VERTEX_POINT('',#171);
#1380 = VERTEX_POINT('',#172);
#1381 = VERTEX_POINT('',#173);
#1382 = VERTEX_POINT('',#174);
#1383 = VERTEX_POINT('',#175);
#1384 = VERTEX_POINT('',#176);
#1385 = VERTEX_POINT('',#177);
#1386 = VERTEX_POINT('',#178);
#1387 = VERTEX_POINT('',#179);
#1388 = VERTEX_POINT('',#180);
#1389 = VERTEX_POINT('',#181);
#1390 = VERTEX_POINT('',#182);
#1391 = VERTEX_POINT('',#183);
#1392 = VERTEX_POINT('',#184);
#1393 = VERTEX_POINT('',#185);
#1394 = VERTEX_POINT('',#186);
#1395 = VERTEX_POINT('',#187);
#1396 = VERTEX_POINT('',#188);
#1397 = VERTEX_POINT('',#189);
#1398 = VERTEX_POINT('',#190);
#1399 = VERTEX_POINT('',#191);
#1400 = VERTEX_POINT('',#192);
#1401 = VERTEX_POINT('',#193);
#1402 = VERTEX_POINT('',#194);
#1403 = VERTEX_POINT('',#195);
#1404 = VERTEX_POINT('',#196);
#1405 = VERTEX_POINT('',#197);
#1406 = VERTEX_POINT('',#198);
#1407 = VERTEX_POINT('',#199);
#1408 = VERTEX_POINT('',#200);
#1409 = VERTEX_POINT('',#201);
#1410 = VERTEX_POINT('',#202);
#1411 = VERTEX_POINT('',#203);
#1412 = VERTEX_POINT('',#204);
#1413 = VERTEX_POINT('',#205);
#1414 = VERTEX_POINT('',#206);
#1415 = VERTEX_POINT('',#207);
#1416 = VERTEX_POINT('',#208);
#1417 = VERTEX_POINT('',#209);
#1418 = VERTEX_POINT('',#210);
#1419 = VERTEX_POINT('',#211);
#1420 = VERTEX_POINT('',#212);
#1421 = VERTEX_POINT('',#213);
#1422 = VERTEX_POINT('',#214);
#1423 = VERTEX_POINT('',#215);
#1424 = VERTEX_POINT('',#216);
#1425 = VERTEX_POINT('',#217);
#1426 = VERTEX_POINT('',#218);
#1427 = VERTEX_POINT('',#219);
#1428 = VERTEX_POINT('',#220);
#1429 = VERTEX_POINT('',#221);
#1430 = VERTEX_POINT('',#222);
#1431 = VERTEX_POINT('',#223);
#1432 = VERTEX_POINT('',#224);
#1433 = VERTEX_POINT('',#225);
#1434 = VERTEX_POINT('',#226);
#1435 = VERTEX_POINT('',#227);
#1436 = VERTEX_POINT('',#228);
#1437 = VERTEX_POINT('',#229);
#1438 = VERTEX_POINT('',#230);
#1439 = VERTEX_POINT('',#231);
#1440 = VERTEX_POINT('',#232);
#1441 = VERTEX_POINT('',#233);
#1442 = VERTEX_POINT('',#234);
#1443 = VERTEX_POINT('',#235);
#1444 = VERTEX_POINT('',#236);
#1445 = VERTEX_POINT('',#237);
#1446 = VERTEX_POINT('',#238);
#1447 = VERTEX_POINT('',#239);
#1448 = VERTEX_POINT('',#240);
#1449 = VERTEX_POINT('',#241);
#1450 = VERTEX_POINT('',#242);
#1451 = VERTEX_POINT('',#243);
#1452 = VERTEX_POINT('',#244);
#1453 = VERTEX_POINT('',#245);
#1454 = VERTEX_POINT('',#246);
#1455 = VERTEX_POINT('',#247);
#1456 = VERTEX_POINT('',#248);
#1457 = VERTEX_POINT('',#249);
#1458 = VERTEX_POINT('',#250);
#1459 = VERTEX_POINT('',#251);
#1460 = VERTEX_POINT('',#252);
#1461 = VERTEX_POINT('',#253);
#1462 = VERTEX_POINT('',#254);
#1463 = VERTEX_POINT('',#255);
#1464 = VERTEX_POINT('',#256);
#1465 = VERTEX_POINT('',#257);
#1466 = VERTEX_POINT('',#258);
#1467 = VERTEX_POINT('',#259);
#1468 = VERTEX_POINT('',#260);
#1469 = VERTEX_POINT('',#261);
#1470 = VERTEX_POINT('',#262);
#1471 = VERTEX_POINT('',#263);
#1472 = VERTEX_POINT('',#264);
#1473 = VERTEX_POINT('',#265);
#1474 = VERTEX_POINT('',#266);
#1475 = VERTEX_POINT('',#267);
#1476 = VERTEX_POINT('',#268);
#1477 = VERTEX_POINT('',#269);
#1478 = VERTEX_POINT('',#270);
#1479 = VERTEX_POINT('',#271);
#1480 = VERTEX_POINT('',#272);
#1481 = VERTEX_POINT('',#273);
#1482 = VERTEX_POINT('',#274);
#1483 = VERTEX_POINT('',#275);
#1484 = VERTEX_POINT('',#276);
#1485 = VERTEX_POINT('',#277);
#1486 = VERTEX_POINT('',#278);
#1487 = VERTEX_POINT('',#279);
#1488 = VERTEX_POINT('',#280);
#1489 = VERTEX_POINT('',#281);
#1490 = VERTEX_POINT('',#282);
#1491 = VERTEX_POINT('',#283);
#1492 = VERTEX_POINT('',#284);
#1493 = VERTEX_POINT('',#285);
#1494 = VERTEX_POINT('',#286);
#1495 = VERTEX_POINT('',#287);
#1496 = VERTEX_POINT('',#288);
#1497 = VERTEX_POINT('',#289);
#1498 = VERTEX_POINT('',#290);
#1499 = VERTEX_POINT('',#291);
#1500 = VERTEX_POINT('',#292);
#1501 = VERTEX_POINT('',#293);
#1502 = VERTEX_POINT('',#294);
#1503 = VERTEX_POINT('',#295);
#1504 = VERTEX_POINT('',#296);
#1505 = VERTEX_POINT('',#297);
#1506 = VERTEX_POINT('',#298);
#1507 = VERTEX_POINT('',#299);
#1508 = VERTEX_POINT('',#300);
#1509 = VERTEX_POINT('',#301);
#1510 = VERTEX_POINT('',#302);
#1511 = VERTEX_POINT('',#303);
#1512 = VERTEX_POINT('',#304);
#1513 = VERTEX_POINT('',#305);
#1514 = VERTEX_POINT('',#306);
#1515 = VERTEX_POINT('',#307);
#1516 = VERTEX_POINT('',#308);
#1517 = VERTEX_POINT('',#309);
#1518 = VERTEX_POINT('',#310);
#1519 = VERTEX_POINT('',#311);
#1520 = VERTEX_POINT('',#312);
#1521 = VERTEX_POINT('',#313);
#1522 = VERTEX_POINT('',#314);
#1523 = VERTEX_POINT('',#315);
#1524 = VERTEX_POINT('',#316);
#1525 = VERTEX_POINT('',#317);
#1526 = VERTEX_POINT('',#318);
#1527 = VERTEX_POINT('',#319);
#1528 = VERTEX_POINT('',#320);
#1529 = VERTEX_POINT('',#321);
#1530 = VERTEX_POINT('',#322);
#1531 = VERTEX_POINT('',#323);
#1532 = VERTEX_POINT('',#324);
#1533 = VERTEX_POINT('',#325);
#1534 = VERTEX_POINT('',#326);
#1535 = VERTEX_POINT('',#327);
#1536 = VERTEX_POINT('',#328);
#1537 = VERTEX_POINT('',#329);
#1538 = VERTEX_POINT('',#330);
#1539 = VERTEX_POINT('',#331);
#1540 = VERTEX_POINT('',#332);
#1541 = VERTEX_POINT('',#333);
#1542 = VERTEX_POINT('',#334);
#1543 = VERTEX_POINT('',#335);
#1544 = VERTEX_POINT('',#336);
#1545 = VERTEX_POINT('',#337);
#1546 = VERTEX_POINT('',#338);
#1547 = VERTEX_POINT('',#339);
#1548 = VERTEX_POINT('',#340);
#1549 = VERTEX_POINT('',#341);
#1550 = VERTEX_POINT('',#342);
#1551 = VERTEX_POINT('',#343);
#1552 = VERTEX_POINT('',#344);
#1553 = VERTEX_POINT('',#345);
#1554 = VERTEX_POINT('',#346);
#1555 = VERTEX_POINT('',#347);
#1556 = VERTEX_POINT('',#348);
#1557 = VERTEX_POINT('',#349);
#1558 = VERTEX_POINT('',#350);
#1559 = VERTEX_POINT('',#351);
#1560 = VERTEX_POINT('',#352);
#1561 = VERTEX_POINT('',#353);
#1562 = VERTEX_POINT('',#354);
#1563 = VERTEX_POINT('',#355);
#1564 = VERTEX_POINT('',#356);
#1565 = VERTEX_POINT('',#357);
#1566 = VERTEX_POINT('',#358);
#1567 = VERTEX_POINT('',#359);
#1568 = VERTEX_POINT('',#360);
#1569 = VERTEX_POINT('',#361);
#1570 = VERTEX_POINT('',#362);
#1571 = VERTEX_POINT('',#363);
#1572 = VERTEX_POINT('',#364);
#1573 = VERTEX_POINT('',#365);
#1574 = VERTEX_POINT('',#366);
#1575 = VERTEX_POINT('',#367);
#1576 = VERTEX_POINT('',#368);
#1577 = VERTEX_POINT('',#369);
#1578 = VERTEX_POINT('',#370);
#1579 = VERTEX_POINT('',#371);
#1580 = VERTEX_POINT('',#372);
#1581 = VERTEX_POINT('',#373);
#1582 = VERTEX_POINT('',#374);
#1583 = VERTEX_POINT('',#375);
#1584 = VERTEX_POINT('',#376);
#1585 = VERTEX_POINT('',#377);
#1586 = VERTEX_POINT('',#378);
#1587 = VERTEX_POINT('',#379);
#1588 = VERTEX_POINT('',#380);
#1589 = VERTEX_POINT('',#381);
#1590 = VERTEX_POINT('',#382);
#1591 = VERTEX_POINT('',#383);
#1592 = VERTEX_POINT('',#384);
#1593 = VERTEX_POINT('',#385);
#1594 = VERTEX_POINT('',#386);
#1595 = VERTEX_POINT('',#387);
#1596 = VERTEX_POINT('',#388);
#1597 = VERTEX_POINT('',#389);
#1598 = VERTEX_POINT('',#390);
#1599 = VERTEX_POINT('',#391);
#1600 = VERTEX_POINT('',#392);
#1601 = VERTEX_POINT('',#393);
#1602 = VERTEX_POINT('',#394);
#1603 = VERTEX_POINT('',#395);
#1604 = VERTEX_POINT('',#396);
#1605 = VERTEX_POINT('',#397);
#1606 = VERTEX_POINT('',#398);
#1607 = VERTEX_POINT('',#399);
#1608 = VERTEX_POINT('',#400);
#1609 = VERTEX_POINT('',#401);
#1610 = VERTEX_POINT('',#402);
#1611 = VERTEX_POINT('',#403);
#1612 = VERTEX_POINT('',#404);
#1613 = VERTEX_POINT('',#405);
#1614 = VERTEX_POINT('',#406);
#1615 = VERTEX_POINT('',#407);
#1616 = VERTEX_POINT('',#408);
#1617 = VERTEX_POINT('',#409);
#1618 = VERTEX_POINT('',#410);
#1619 = VERTEX_POINT('',#411);
#1620 = VERTEX_POINT('',#412);
#1621 = VERTEX_POINT('',#413);
#1622 = VERTEX_POINT('',#414);
#1623 = VERTEX_POINT('',#415);
#1624 = VERTEX_POINT('',#416);
#1625 = VERTEX_POINT('',#417);
#1626 = VERTEX_POINT('',#418);
#1627 = VERTEX_POINT('',#419);
#1628 = VERTEX_POINT('',#420);
#1629 = VERTEX_POINT('',#421);
#1630 = VERTEX_POINT('',#422);
#1631 = VERTEX_POINT('',#423);
#1632 = VERTEX_POINT('',#424);
#1633 = VERTEX_POINT('',#425);
#1634 = VERTEX_POINT('',#426);
#1635 = VERTEX_POINT('',#427);
#1636 = VERTEX_POINT('',#428);
#1637 = VERTEX_POINT('',#429);
#1638 = VERTEX_POINT('',#430);
#1639 = VERTEX_POINT('',#431);
#1640 = VERTEX_POINT('',#432);
#1641 = VERTEX_POINT('',#433);
#1642 = VERTEX_POINT('',#434);
#1643 = VERTEX_POINT('',#435);
#1644 = VERTEX_POINT('',#436);
#1645 = VERTEX_POINT('',#437);
#1646 = VERTEX_POINT('',#438);
#1647 = VERTEX_POINT('',#439);
#1648 = VERTEX_POINT('',#440);
#1649 = VERTEX_POINT('',#441);
#1650 = VERTEX_POINT('',#442);
#1651 = VERTEX_POINT('',#443);
#1652 = VERTEX_POINT('',#444);
#1653 = VERTEX_POINT('',#445);
#1654 = VERTEX_POINT('',#446);
#1655 = VERTEX_POINT('',#447);
#1656 = VERTEX_POINT('',#448);
#1657 = VERTEX_POINT('',#449);
#1658 = VERTEX_POINT('',#450);
#1659 = VERTEX_POINT('',#451);
#1660 = VERTEX_POINT('',#452);
#1661 = VERTEX_POINT('',#453);
#1662 = VERTEX_POINT('',#454);
#1663 = VERTEX_POINT('',#455);
#1664 = VERTEX_POINT('',#456);
#1665 = VERTEX_POINT('',#457);
#1666 = VERTEX_POINT('',#458);
#1667 = VERTEX_POINT('',#459);
#1668 = VERTEX_POINT('',#460);
#1669 = VERTEX_POINT('',#461);
#1670 = VERTEX_POINT('',#462);
#1671 = VERTEX_POINT('',#463);
#1672 = VERTEX_POINT('',#464);
#1673 = VERTEX_POINT('',#465);
#1674 = VERTEX_POINT('',#466);
#1675 = VERTEX_POINT('',#467);
#1676 = VERTEX_POINT('',#468);
#1677 = VERTEX_POINT('',#469);
#1678 = VERTEX_POINT('',#470);
#1679 = VERTEX_POINT('',#471);
#1680 = VERTEX_POINT('',#472);
#1681 = VERTEX_POINT('',#473);
#1682 = VERTEX_POINT('',#474);
#1683 = VERTEX_POINT('',#475);
#1684 = VERTEX_POINT('',#476);
#1685 = VERTEX_POINT('',#477);
#1686 = VERTEX_POINT('',#478);
#1687 = VERTEX_POINT('',#479);
#1688 = VERTEX_POINT('',#480);
#1689 = VERTEX_POINT('',#481);
#1690 = VERTEX_POINT('',#482);
#1691 = VERTEX_POINT('',#483);
#1692 = VERTEX_POINT('',#484);
#1693 = VERTEX_POINT('',#485);
#1694 = VERTEX_POINT('',#486);
#1695 = VERTEX_POINT('',#487);
#1696 = VERTEX_POINT('',#488);
#1697 = VERTEX_POINT('',#489);
#1698 = VERTEX_POINT('',#490);
#1699 = VERTEX_POINT('',#491);
#1700 = VERTEX_POINT('',#492);
#1701 = VERTEX_POINT('',#493);
#1702 = VERTEX_POINT('',#494);
#1703 = VERTEX_POINT('',#495);
#1704 = VERTEX_POINT('',#496);
#1705 = VERTEX_POINT('',#497);
#1706 = VERTEX_POINT('',#498);
#1707 = VERTEX_POINT('',#499);
#1708 = VERTEX_POINT('',#500);
#1709 = VERTEX_POINT('',#501);
#1710 = VERTEX_POINT('',#502);
#1711 = VERTEX_POINT('',#503);
#1712 = VERTEX_POINT('',#504);
#1713 = VERTEX_POINT('',#505);
#1714 = VERTEX_POINT('',#506);
#1715 = VERTEX_POINT('',#507);
#1716 = VERTEX_POINT('',#508);
#1717 = VERTEX_POINT('',#509);
#1718 = VERTEX_POINT('',#510);
#1719 = VERTEX_POINT('',#511);
#1720 = VERTEX_POINT('',#512);
#1721 = VERTEX_POINT('',#513);
#1722 = VERTEX_POINT('',#514);
#1723 = VERTEX_POINT('',#515);
#1724 = VERTEX_POINT('',#516);
#1725 = VERTEX_POINT('',#517);
#1726 = VERTEX_POINT('',#518);
#1727 = VERTEX_POINT('',#519);
#1728 = VERTEX_POINT('',#520);
#1729 = VERTEX_POINT('',#521);
#1730 = VERTEX_POINT('',#522);
#1731 = VERTEX_POINT('',#523);
#1732 = VERTEX_POINT('',#524);
#1733 = VERTEX_POINT('',#525);
#1734 = VERTEX_POINT('',#526);
#1735 = VERTEX_POINT('',#527);
#1736 = VERTEX_POINT('',#528);
#1737 = VERTEX_POINT('',#529);
#1738 = VERTEX_POINT('',#530);
#1739 = VERTEX_POINT('',#531);
#1740 = VERTEX_POINT('',#532);
#1741 = VERTEX_POINT('',#533);
#1742 = VERTEX_POINT('',#534);
#1743 = VERTEX_POINT('',#535);
#1744 = VERTEX_POINT('',#536);
#1745 = VERTEX_POINT('',#537);
#1746 = VERTEX_POINT('',#538);
#1747 = VERTEX_POINT('',#539);
#1748 = VERTEX_POINT('',#540);
#1749 = VERTEX_POINT('',#541);
#1750 = VERTEX_POINT('',#542);
#1751 = VERTEX_POINT('',#543);
#1752 = VERTEX_POINT('',#544);
#1753 = VERTEX_POINT('',#545);
#1754 = VERTEX_POINT('',#546);
#1755 = VERTEX_POINT('',#547);
#1756 = VERTEX_POINT('',#548);
#1757 = VERTEX_POINT('',#549);
#1758 = VERTEX_POINT('',#550);
#1759 = VERTEX_POINT('',#551);
#1760 = VERTEX_POINT('',#552);
#1761 = VERTEX_POINT('',#553);
#1762 = VERTEX_POINT('',#554);
#1763 = VERTEX_POINT('',#555);
#1764 = VERTEX_POINT('',#556);
#1765 = VERTEX_POINT('',#557);
#1766 = VERTEX_POINT('',#558);
#1767 = VERTEX_POINT('',#559);
#1768 = VERTEX_POINT('',#560);
#1769 = VERTEX_POINT('',#561);
#1770 = VERTEX_POINT('',#562);
#1771 = VERTEX_POINT('',#563);
#1772 = VERTEX_POINT('',#564);
#1773 = VERTEX_POINT('',#565);
#1774 = VERTEX_POINT('',#566);
#1775 = VERTEX_POINT('',#567);
#1776 = VERTEX_POINT('',#568);
#1777 = VERTEX_POINT('',#569);
#1778 = VERTEX_POINT('',#570);
#1779 = VERTEX_POINT('',#571);
#1780 = VERTEX_POINT('',#572);
#1781 = VERTEX_POINT('',#573);
#1782 = VERTEX_POINT('',#574);
#1783 = VERTEX_POINT('',#575);
#1784 = VERTEX_POINT('',#576);
#1785 = VERTEX_POINT('',#577);
#1786 = VERTEX_POINT('',#578);
#1787 = VERTEX_POINT('',#579);
#1788 = VERTEX_POINT('',#580);
#1789 = VERTEX_POINT('',#581);
#1790 = VERTEX_POINT('',#582);
#1791 = VERTEX_POINT('',#583);
#1792 = VERTEX_POINT('',#584);
#1793 = VERTEX_POINT('',#585);
#1794 = VERTEX_POINT('',#586);
#1795 = VERTEX_POINT('',#587);
#1796 = VERTEX_POINT('',#588);
#1797 = VERTEX_POINT('',#589);
#1798 = VERTEX_POINT('',#590);
#1799 = VERTEX_POINT('',#591);
#1800 = VERTEX_POINT('',#592);
#1801 = VERTEX_POINT('',#593);
#1802 = VERTEX_POINT('',#594);
#1803 = VERTEX_POINT('',#595);
#1804 = VERTEX_POINT('',#596);
#1805 = VERTEX_POINT('',#597);
#1806 = VERTEX_POINT('',#598);
#1807 = VERTEX_POINT('',#599);
#1808 = VERTEX_POINT('',#600);
#1809 = VERTEX_POINT('',#601);
#1810 = VERTEX_POINT('',#602);
#1811 = VERTEX_POINT('',#603);
#1812 = VERTEX_POINT('',#604);
#1813 = VERTEX_POINT('',#605);
#1814 = VERTEX_POINT('',#606);
#1815 = VERTEX_POINT('',#607);
#1816 = VERTEX_POINT('',#608);
#1817 = VERTEX_POINT('',#609);
#1818 = VERTEX_POINT('',#610);
#1819 = VERTEX_POINT('',#611);
#1820 = VERTEX_POINT('',#612);
#1821 = VERTEX_POINT('',#613);
#1822 = VERTEX_POINT('',#614);
#1823 = VERTEX_POINT('',#615);
#1824 = VERTEX_POINT('',#616);
#1825 = VERTEX_POINT('',#617);
#1826 = VERTEX_POINT('',#618);
#1827 = VERTEX_POINT('',#619);
#1828 = VERTEX_POINT('',#620);
#1829 = VERTEX_POINT('',#621);
#1830 = VERTEX_POINT('',#622);
#1831 = VERTEX_POINT('',#623);
#1832 = VERTEX_POINT('',#624);
#1833 = VERTEX_POINT('',#625);
#1834 = VERTEX_POINT('',#626);
#1835 = VERTEX_POINT('',#627);
#1836 = VERTEX_POINT('',#628);
#1837 = VERTEX_POINT('',#629);
#1838 = VERTEX_POINT('',#630);
#1839 = VERTEX_POINT('',#631);
#1840 = VERTEX_POINT('',#632);
#1841 = VERTEX_POINT('',#633);
#1842 = VERTEX_POINT('',#634);
#1843 = VERTEX_POINT('',#635);
#1844 = VERTEX_POINT('',#636);
#1845 = VERTEX_POINT('',#637);
#1846 = VERTEX_POINT('',#638);
#1847 = VERTEX_POINT('',#639);
#1848 = VERTEX_POINT('',#640);
#1849 = VERTEX_POINT('',#641);
#1850 = VERTEX_POINT('',#642);
#1851 = VERTEX_POINT('',#643);
#1852 = VERTEX_POINT('',#644);
#1853 = VERTEX_POINT('',#645);
#1854 = VERTEX_POINT('',#646);
#1855 = VERTEX_POINT('',#647);
#1856 = VERTEX_POINT('',#648);
#1857 = VERTEX_POINT('',#649);
#1858 = VERTEX_POINT('',#650);
#1859 = VERTEX_POINT('',#651);
#1860 = VERTEX_POINT('',#652);
#1861 = VERTEX_POINT('',#653);
#1862 = VERTEX_POINT('',#654);
#1863 = VERTEX_POINT('',#655);
#1864 = VERTEX_POINT('',#656);
#1865 = VERTEX_POINT('',#657);
#1866 = VERTEX_POINT('',#658);
#1867 = VERTEX_POINT('',#659);
#1868 = VERTEX_POINT('',#660);
#1869 = VERTEX_POINT('',#661);
#1870 = VERTEX_POINT('',#662);
#1871 = VERTEX_POINT('',#663);
#1872 = VERTEX_POINT('',#664);
#1873 = VERTEX_POINT('',#665);
#1874 = VERTEX_POINT('',#666);
#1875 = VERTEX_POINT('',#667);
#1876 = VERTEX_POINT('',#668);
#1877 = VERTEX_POINT('',#669);
#1878 = VERTEX_POINT('',#670);
#1879 = VERTEX_POINT('',#671);
#1880 = VERTEX_POINT('',#672);
#1881 = VERTEX_POINT('',#673);
#1882 = VERTEX_POINT('',#674);
#1883 = VERTEX_POINT('',#675);
#1884 = VERTEX_POINT('',#676);
#1885 = VERTEX_POINT('',#677);
#1886 = VERTEX_POINT('',#678);
#1887 = VERTEX_POINT('',#679);
#1888 = VERTEX_POINT('',#680);
#1889 = VERTEX_POINT('',#681);
#1890 = VERTEX_POINT('',#682);
#1891 = VERTEX_POINT('',#683);
#1892 = VERTEX_POINT('',#684);
#1893 = VERTEX_POINT('',#685);
#1894 = VERTEX_POINT('',#686);
#1895 = VERTEX_POINT('',#687);
#1896 = VERTEX_POINT('',#688);
#1897 = VERTEX_POINT('',#689);
#1898 = VERTEX_POINT('',#690);
#1899 = VERTEX_POINT('',#691);
#1900 = VERTEX_POINT('',#692);
#1901 = VERTEX_POINT('',#693);
#1902 = VERTEX_POINT('',#694);
#1903 = VERTEX_POINT('',#695);
#1904 = VERTEX_POINT('',#696);
#1905 = VERTEX_POINT('',#697);
#1906 = VERTEX_POINT('',#698);
#1907 = VERTEX_POINT('',#699);
#1908 = VERTEX_POINT('',#700);
#1909 = VERTEX_POINT('',#701);
#1910 = VERTEX_POINT('',#702);
#1911 = VERTEX_POINT('',#703);
#1912 = VERTEX_POINT('',#704);
#1913 = VERTEX_POINT('',#705);
#1914 = VERTEX_POINT('',#706);
#1915 = VERTEX_POINT('',#707);
#1916 = VERTEX_POINT('',#708);
#1917 = VERTEX_POINT('',#709);
#1918 = VERTEX_POINT('',#710);
#1919 = VERTEX_POINT('',#711);
#1920 = VERTEX_POINT('',#712);
#1921 = VERTEX_POINT('',#713);
#1922 = VERTEX_POINT('',#714);
#1923 = VERTEX_POINT('',#715);
#1924 = VERTEX_POINT('',#716);
#1925 = VERTEX_POINT('',#717);
#1926 = VERTEX_POINT('',#718);
#1927 = VERTEX_POINT('',#719);
#1928 = VERTEX_POINT('',#720);
#1929 = VERTEX_POINT('',#721);
#1930 = VERTEX_POINT('',#722);
#1931 = VERTEX_POINT('',#723);
#1932 = VERTEX_POINT('',#724);
#1933 = VERTEX_POINT('',#725);
#1934 = VERTEX_POINT('',#726);
#1935 = VERTEX_POINT('',#727);
#1936 = VERTEX_POINT('',#728);
#1937 = VERTEX_POINT('',#729);
#1938 = VERTEX_POINT('',#730);
#1939 = VERTEX_POINT('',#731);
#1940 = VERTEX_POINT('',#732);
#1941 = VERTEX_POINT('',#733);
#1942 = VERTEX_POINT('',#734);
#1943 = VERTEX_POINT('',#735);
#1944 = VERTEX_POINT('',#736);
#1945 = VERTEX_POINT('',#737);
#1946 = VERTEX_POINT('',#738);
#1947 = VERTEX_POINT('',#739);
#1948 = VERTEX_POINT('',#740);
#1949 = VERTEX_POINT('',#741);
#1950 = VERTEX_POINT('',#742);
#1951 = VERTEX_POINT('',#743);
#1952 = VERTEX_POINT('',#744);
#1953 = VERTEX_POINT('',#745);
#1954 = VERTEX_POINT('',#746);
#1955 = VERTEX_POINT('',#747);
#1956 = VERTEX_POINT('',#748);
#1957 = VERTEX_POINT('',#749);
#1958 = VERTEX_POINT('',#750);
#1959 = VERTEX_POINT('',#751);
#1960 = VERTEX_POINT('',#752);
#1961 = VERTEX_POINT('',#753);
#1962 = VERTEX_POINT('',#754);
#1963 = VERTEX_POINT('',#755);
#1964 = VERTEX_POINT('',#756);
#1965 = VERTEX_POINT('',#757);
#1966 = VERTEX_POINT('',#758);
#1967 = VERTEX_POINT('',#759);
#1968 = VERTEX_POINT('',#760);
#1969 = VERTEX_POINT('',#761);
#1970 = VERTEX_POINT('',#762);
#1971 = VERTEX_POINT('',#763);
#1972 = VERTEX_POINT('',#764);
#1973 = VERTEX_POINT('',#765);
#1974 = VERTEX_POINT('',#766);
#1975 = VERTEX_POINT('',#767);
#1976 = VERTEX_POINT('',#768);
#1977 = VERTEX_POINT('',#769);
#1978 = VERTEX_POINT('',#770);
#1979 = VERTEX_POINT('',#771);
#1980 = VERTEX_POINT('',#772);
#1981 = VERTEX_POINT('',#773);
#1982 = VERTEX_POINT('',#774);
#1983 = VERTEX_POINT('',#775);
#1984 = VERTEX_POINT('',#776);
#1985 = VERTEX_POINT('',#777);
#1986 = VERTEX_POINT('',#778);
#1987 = VERTEX_POINT('',#779);
#1988 = VERTEX_POINT('',#780);
#1989 = VERTEX_POINT('',#781);
#1990 = VERTEX_POINT('',#782);
#1991 = VERTEX_POINT('',#783);
#1992 = VERTEX_POINT('',#784);
#1993 = VERTEX_POINT('',#785);
#1994 = VERTEX_POINT('',#786);
#1995 = VERTEX_POINT('',#787);
#1996 = VERTEX_POINT('',#788);
#1997 = VERTEX_POINT('',#789);
#1998 = VERTEX_POINT('',#790);
#1999 = VERTEX_POINT('',#791);
#2000 = VERTEX_POINT('',#792);
#2001 = VERTEX_POINT('',#793);
#2002 = VERTEX_POINT('',#794);
#2003 = VERTEX_POINT('',#795);
#2004 = VERTEX_POINT('',#796);
#2005 = VERTEX_POINT('',#797);
#2006 = VERTEX_POINT('',#798);
#2007 = VERTEX_POINT('',#799);
#2008 = VERTEX_POINT('',#800);
#2009 = VERTEX_POINT('',#801);
#2010 = VERTEX_POINT('',#802);
#2011 = VERTEX_POINT('',#803);
#2012 = VERTEX_POINT('',#804);
#2013 = VERTEX_POINT('',#805);
#2014 = VERTEX_POINT('',#806);
#2015 = VERTEX_POINT('',#807);
#2016 = VERTEX_POINT('',#808);
#2017 = VERTEX_POINT('',#809);
#2018 = VERTEX_POINT('',#810);
#2019 = VERTEX_POINT('',#811);
#2020 = VERTEX_POINT('',#812);
#2021 = VERTEX_POINT('',#813);
#2022 = VERTEX_POINT('',#814);
#2023 = VERTEX_POINT('',#815);
#2024 = VERTEX_POINT('',#816);
#2025 = VERTEX_POINT('',#817);
#2026 = VERTEX_POINT('',#818);
#2027 = VERTEX_POINT('',#819);
#2028 = VERTEX_POINT('',#820);
#2029 = VERTEX_POINT('',#821);
#2030 = VERTEX_POINT('',#822);
#2031 = VERTEX_POINT('',#823);
#2032 = VERTEX_POINT('',#824);
#2033 = VERTEX_POINT('',#825);
#2034 = VERTEX_POINT('',#826);
#2035 = VERTEX_POINT('',#827);
#2036 = VERTEX_POINT('',#828);
#2037 = VERTEX_POINT('',#829);
#2038 = VERTEX_POINT('',#830);
#2039 = VERTEX_POINT('',#831);
#2040 = VERTEX_POINT('',#832);
#2041 = VERTEX_POINT('',#833);
#2042 = VERTEX_POINT('',#834);
#2043 = VERTEX_POINT('',#835);
#2044 = VERTEX_POINT('',#836);
#2045 = VERTEX_POINT('',#837);
#2046 = VERTEX_POINT('',#838);
#2047 = VERTEX_POINT('',#839);
#2048 = VERTEX_POINT('',#840);
#2049 = VERTEX_POINT('',#841);
#2050 = VERTEX_POINT('',#842);
#2051 = VERTEX_POINT('',#843);
#2052 = VERTEX_POINT('',#844);
#2053 = VERTEX_POINT('',#845);
#2054 = VERTEX_POINT('',#846);
#2055 = VERTEX_POINT('',#847);
#2056 = VERTEX_POINT('',#848);
#2057 = VERTEX_POINT('',#849);
#2058 = VERTEX_POINT('',#850);
#2059 = VERTEX_POINT('',#851);
#2060 = VERTEX_POINT('',#852);
#2061 = VERTEX_POINT('',#853);
#2062 = VERTEX_POINT('',#854);
#2063 = VERTEX_POINT('',#855);
#2064 = VERTEX_POINT('',#856);
#2065 = VERTEX_POINT('',#857);
#2066 = VERTEX_POINT('',#858);
#2067 = VERTEX_POINT('',#859);
#2068 = VERTEX_POINT('',#860);
#2069 = VERTEX_POINT('',#861);
#2070 = VERTEX_POINT('',#862);
#2071 = VERTEX_POINT('',#863);
#2072 = VERTEX_POINT('',#864);
#2073 = VERTEX_POINT('',#865);
#2074 = VERTEX_POINT('',#866);
#2075 = VERTEX_POINT('',#867);
#2076 = VERTEX_POINT('',#868);
#2077 = VERTEX_POINT('',#869);
#2078 = VERTEX_POINT('',#870);
#2079 = VERTEX_POINT('',#871);
#2080 = VERTEX_POINT('',#872);
#2081 = VERTEX_POINT('',#873);
#2082 = VERTEX_POINT('',#874);
#2083 = VERTEX_POINT('',#875);
#2084 = VERTEX_POINT('',#876);
#2085 = VERTEX_POINT('',#877);
#2086 = VERTEX_POINT('',#878);
#2087 = VERTEX_POINT('',#879);
#2088 = VERTEX_POINT('',#880);
#2089 = VERTEX_POINT('',#881);
#2090 = VERTEX_POINT('',#882);
#2091 = VERTEX_POINT('',#883);
#2092 = VERTEX_POINT('',#884);
#2093 = VERTEX_POINT('',#885);
#2094 = VERTEX_POINT('',#886);
#2095 = VERTEX_POINT('',#887);
#2096 = VERTEX_POINT('',#888);
#2097 = VERTEX_POINT('',#889);
#2098 = VERTEX_POINT('',#890);
#2099 = VERTEX_POINT('',#891);
#2100 = VERTEX_POINT('',#892);
#2101 = VERTEX_POINT('',#893);
#2102 = VERTEX_POINT('',#894);
#2103 = VERTEX_POINT('',#895);
#2104 = VERTEX_POINT('',#896);
#2105 = VERTEX_POINT('',#897);
#2106 = VERTEX_POINT('',#898);
#2107 = VERTEX_POINT('',#899);
#2108 = VERTEX_POINT('',#900);
#2109 = VERTEX_POINT('',#901);
#2110 = VERTEX_POINT('',#902);
#2111 = VERTEX_POINT('',#903);
#2112 = VERTEX_POINT('',#904);
#2113 = VERTEX_POINT('',#905);
#2114 = VERTEX_POINT('',#906);
#2115 = VERTEX_POINT('',#907);
#2116 = VERTEX_POINT('',#908);
#2117 = VERTEX_POINT('',#909);
#2118 = VERTEX_POINT('',#910);
#2119 = VERTEX_POINT('',#911);
#2120 = VERTEX_POINT('',#912);
#2121 = VERTEX_POINT('',#913);
#2122 = VERTEX_POINT('',#914);
#2123 = VERTEX_POINT('',#915);
#2124 = VERTEX_POINT('',#916);
#2125 = VERTEX_POINT('',#917);
#2126 = VERTEX_POINT('',#918);
#2127 = VERTEX_POINT('',#919);
#2128 = VERTEX_POINT('',#920);
#2129 = VERTEX_POINT('',#921);
#2130 = VERTEX_POINT('',#922);
#2131 = VERTEX_POINT('',#923);
#2132 = VERTEX_POINT('',#924);
#2133 = VERTEX_POINT('',#925);
#2134 = VERTEX_POINT('',#926);
#2135 = VERTEX_POINT('',#927);
#2136 = VERTEX_POINT('',#928);
#2137 = VERTEX_POINT('',#929);
#2138 = VERTEX_POINT('',#930);
#2139 = VERTEX_POINT('',#931);
#2140 = VERTEX_POINT('',#932);
#2141 = VERTEX_POINT('',#933);
#2142 = VERTEX_POINT('',#934);
#2143 = VERTEX_POINT('',#935);
#2144 = VERTEX_POINT('',#936);
#2145 = VERTEX_POINT('',#937);
#2146 = VERTEX_POINT('',#938);
#2147 = VERTEX_POINT('',#939);
#2148 = VERTEX_POINT('',#940);
#2149 = VERTEX_POINT('',#941);
#2150 = VERTEX_POINT('',#942);
#2151 = VERTEX_POINT('',#943);
#2152 = VERTEX_POINT('',#944);
#2153 = VERTEX_POINT('',#945);
#2154 = VERTEX_POINT('',#946);
#2155 = VERTEX_POINT('',#947);
#2156 = VERTEX_POINT('',#948);
#2157 = VERTEX_POINT('',#949);
#2158 = VERTEX_POINT('',#950);
#2159 = VERTEX_POINT('',#951);
#2160 = VERTEX_POINT('',#952);
#2161 = VERTEX_POINT('',#953);
#2162 = VERTEX_POINT('',#954);
#2163 = VERTEX_POINT('',#955);
#2164 = VERTEX_POINT('',#956);
#2165 = VERTEX_POINT('',#957);
#2166 = VERTEX_POINT('',#958);
#2167 = VERTEX_POINT('',#959);
#2168 = VERTEX_POINT('',#960);
#2169 = VERTEX_POINT('',#961);
#2170 = VERTEX_POINT('',#962);
#2171 = VERTEX_POINT('',#963);
#2172 = VERTEX_POINT('',#964);
#2173 = VERTEX_POINT('',#965);
#2174 = VERTEX_POINT('',#966);
#2175 = VERTEX_POINT('',#967);
#2176 = VERTEX_POINT('',#968);
#2177 = VERTEX_POINT('',#969);
#2178 = VERTEX_POINT('',#970);
#2179 = VERTEX_POINT('',#971);
#2180 = VERTEX_POINT('',#972);
#2181 = VERTEX_POINT('',#973);
#2182 = VERTEX_POINT('',#974);
#2183 = VERTEX_POINT('',#975);
#2184 = VERTEX_POINT('',#976);
#2185 = VERTEX_POINT('',#977);
#2186 = VERTEX_POINT('',#978);
#2187 = VERTEX_POINT('',#979);
#2188 = VERTEX_POINT('',#980);
#2189 = VERTEX_POINT('',#981);
#2190 = VERTEX_POINT('',#982);
#2191 = VERTEX_POINT('',#983);
#2192 = VERTEX_POINT('',#984);
#2193 = VERTEX_POINT('',#985);
#2194 = VERTEX_POINT('',#986);
#2195 = VERTEX_POINT('',#987);
#2196 = VERTEX_POINT('',#988);
#2197 = VERTEX_POINT('',#989);
#2198 = VERTEX_POINT('',#990);
#2199 = VERTEX_POINT('',#991);
#2200 = VERTEX_POINT('',#992);
#2201 = VERTEX_POINT('',#993);
#2202 = VERTEX_POINT('',#994);
#2203 = VERTEX_POINT('',#995);
#2204 = VERTEX_POINT('',#996);
#2205 = VERTEX_POINT('',#997);
#2206 = VERTEX_POINT('',#998);
#2207 = VERTEX_POINT('',#999);
#2208 = VERTEX_POINT('',#1000);
#2209 = VERTEX_POINT('',#1001);
#2210 = VERTEX_POINT('',#1002);
#2211 = VERTEX_POINT('',#1003);
#2212 = VERTEX_POINT('',#1004);
#2213 = VERTEX_POINT('',#1005);
#2214 = VERTEX_POINT('',#1006);
#2215 = VERTEX_POINT('',#1007);
#2216 = VERTEX_POINT('',#1008);
#2217 = VERTEX_POINT('',#1009);
#2218 = VERTEX_POINT('',#1010);
#2219 = VERTEX_POINT('',#1011);
#2220 = VERTEX_POINT('',#1012);
#2221 = VERTEX_POINT('',#1013);
#2222 = VERTEX_POINT('',#1014);
#2223 = VERTEX_POINT('',#1015);
#2224 = VERTEX_POINT('',#1016);
#2225 = VERTEX_POINT('',#1017);
#2226 = VERTEX_POINT('',#1018);
#2227 = VERTEX_POINT('',#1019);
#2228 = VERTEX_POINT('',#1020);
#2229 = VERTEX_POINT('',#1021);
#2230 = VERTEX_POINT('',#1022);
#2231 = VERTEX_POINT('',#1023);
#2232 = VERTEX_POINT('',#1024);
#2233 = VERTEX_POINT('',#1025);
#2234 = VERTEX_POINT('',#1026);
#2235 = VERTEX_POINT('',#1027);
#2236 = VERTEX_POINT('',#1028);
#2237 = VERTEX_POINT('',#1029);
#2238 = VERTEX_POINT('',#1030);
#2239 = VERTEX_POINT('',#1031);
#2240 = VERTEX_POINT('',#1032);
#2241 = VERTEX_POINT('',#1033);
#2242 = VERTEX_POINT('',#1034);
#2243 = VERTEX_POINT('',#1035);
#2244 = VERTEX_POINT('',#1036);
#2245 = VERTEX_POINT('',#1037);
#2246 = VERTEX_POINT('',#1038);
#2247 = VERTEX_POINT('',#1039);
#2248 = VERTEX_POINT('',#1040);
#2249 = VERTEX_POINT('',#1041);
#2250 = VERTEX_POINT('',#1042);
#2251 = VERTEX_POINT('',#1043);
#2252 = VERTEX_POINT('',#1044);
#2253 = VERTEX_POINT('',#1045);
#2254 = VERTEX_POINT('',#1046);
#2255 = VERTEX_POINT('',#1047);
#2256 = VERTEX_POINT('',#1048);
#2257 = VERTEX_POINT('',#1049);
#2258 = VERTEX_POINT('',#1050);
#2259 = VERTEX_POINT('',#1051);
#2260 = VERTEX_POINT('',#1052);
#2261 = VERTEX_POINT('',#1053);
#2262 = VERTEX_POINT('',#1054);
#2263 = VERTEX_POINT('',#1055);
#2264 = VERTEX_POINT('',#1056);
#2265 = VERTEX_POINT('',#1057);
#2266 = VERTEX_POINT('',#1058);
#2267 = VERTEX_POINT('',#1059);
#2268 = VERTEX_POINT('',#1060);
#2269 = VERTEX_POINT('',#1061);
#2270 = VERTEX_POINT('',#1062);
#2271 = VERTEX_POINT('',#1063);
#2272 = VERTEX_POINT('',#1064);
#2273 = VERTEX_POINT('',#1065);
#2274 = VERTEX_POINT('',#1066);
#2275 = VERTEX_POINT('',#1067);
#2276 = VERTEX_POINT('',#1068);
#2277 = VERTEX_POINT('',#1069);
#2278 = VERTEX_POINT('',#1070);
#2279 = VERTEX_POINT('',#1071);
#2280 = VERTEX_POINT('',#1072);
#2281 = VERTEX_POINT('',#1073);
#2282 = VERTEX_POINT('',#1074);
#2283 = VERTEX_POINT('',#1075);
#2284 = VERTEX_POINT('',#1076);
#2285 = VERTEX_POINT('',#1077);
#2286 = VERTEX_POINT('',#1078);
#2287 = VERTEX_POINT('',#1079);
#2288 = VERTEX_POINT('',#1080);
#2289 = VERTEX_POINT('',#1081);
#2290 = VERTEX_POINT('',#1082);
#2291 = VERTEX_POINT('',#1083);
#2292 = VERTEX_POINT('',#1084);
#2293 = VERTEX_POINT('',#1085);
#2294 = VERTEX_POINT('',#1086);
#2295 = VERTEX_POINT('',#1087);
#2296 = VERTEX_POINT('',#1088);
#2297 = VERTEX_POINT('',#1089);
#2298 = VERTEX_POINT('',#1090);
#2299 = VERTEX_POINT('',#1091);
#2300 = VERTEX_POINT('',#1092);
#2301 = VERTEX_POINT('',#1093);
#2302 = VERTEX_POINT('',#1094);
#2303 = VERTEX_POINT('',#1095);
#2304 = VERTEX_POINT('',#1096);
#2305 = VERTEX_POINT('',#1097);
#2306 = VERTEX_POINT('',#1098);
#2307 = VERTEX_POINT('',#1099);
#2308 = VERTEX_POINT('',#1100);
#2309 = VERTEX_POINT('',#1101);
#2310 = VERTEX_POINT('',#1102);
#2311 = VERTEX_POINT('',#1103);
#2312 = VERTEX_POINT('',#1104);
#2313 = VERTEX_POINT('',#1105);
#2314 = VERTEX_POINT('',#1106);
#2315 = VERTEX_POINT('',#1107);
#2316 = VERTEX_POINT('',#1108);
#2317 = VERTEX_POINT('',#1109);
#2318 = VERTEX_POINT('',#1110);
#2319 = VERTEX_POINT('',#1111);
#2320 = VERTEX_POINT('',#1112);
#2321 = VERTEX_POINT('',#1113);
#2322 = VERTEX_POINT('',#1114);
#2323 = VERTEX_POINT('',#1115);
#2324 = VERTEX_POINT('',#1116);
#2325 = VERTEX_POINT('',#1117);
#2326 = VERTEX_POINT('',#1118);
#2327 = VERTEX_POINT('',#1119);
#2328 = VERTEX_POINT('',#1120);
#2329 = VERTEX_POINT('',#1121);
#2330 = VERTEX_POINT('',#1122);
#2331 = VERTEX_POINT('',#1123);
#2332 = VERTEX_POINT('',#1124);
#2333 = VERTEX_POINT('',#1125);
#2334 = VERTEX_POINT('',#1126);
#2335 = VERTEX_POINT('',#1127);
#2336 = VERTEX_POINT('',#1128);
#2337 = VERTEX_POINT('',#1129);
#2338 = VERTEX_POINT('',#1130);
#2339 = VERTEX_POINT('',#1131);
#2340 = VERTEX_POINT('',#1132);
#2341 = VERTEX_POINT('',#1133);
#2342 = VERTEX_POINT('',#1134);
#2343 = VERTEX_POINT('',#1135);
#2344 = VERTEX_POINT('',#1136);
#2345 = VERTEX_POINT('',#1137);
#2346 = VERTEX_POINT('',#1138);
#2347 = VERTEX_POINT('',#1139);
#2348 = VERTEX_POINT('',#1140);
#2349 = VERTEX_POINT('',#1141);
#2350 = VERTEX_POINT('',#1142);
#2351 = VERTEX_POINT('',#1143);
#2352 = VERTEX_POINT('',#1144);
#2353 = VERTEX_POINT('',#1145);
#2354 = VERTEX_POINT('',#1146);
#2355 = VERTEX_POINT('',#1147);
#2356 = VERTEX_POINT('',#1148);
#2357 = VERTEX_POINT('',#1149);
#2358 = VERTEX_POINT('',#1150);
#2359 = VERTEX_POINT('',#1151);
#2360 = VERTEX_POINT('',#1152);
#2361 = VERTEX_POINT('',#1153);
#2362 = VERTEX_POINT('',#1154);
#2363 = VERTEX_POINT('',#1155);
#2364 = VERTEX_POINT('',#1156);
#2365 = VERTEX_POINT('',#1157);
#2366 = VERTEX_POINT('',#1158);
#2367 = VERTEX_POINT('',#1159);
#2368 = VERTEX_POINT('',#1160);
#2369 = VERTEX_POINT('',#1161);
#2370 = VERTEX_POINT('',#1162);
#2371 = VERTEX_POINT('',#1163);
#2372 = VERTEX_POINT('',#1164);
#2373 = VERTEX_POINT('',#1165);
#2374 = VERTEX_POINT('',#1166);
#2375 = VERTEX_POINT('',#1167);
#2376 = VERTEX_POINT('',#1168);
#2377 = VERTEX_POINT('',#1169);
#2378 = VERTEX_POINT('',#1170);
#2379 = VERTEX_POINT('',#1171);
#2380 = VERTEX_POINT('',#1172);
#2381 = VERTEX_POINT('',#1173);
#2382 = VERTEX_POINT('',#1174);
#2383 = VERTEX_POINT('',#1175);
#2384 = VERTEX_POINT('',#1176);
#2385 = VERTEX_POINT('',#1177);
#2386 = VERTEX_POINT('',#1178);
#2387 = VERTEX_POINT('',#1179);
#2388 = VERTEX_POINT('',#1180);
#2389 = VERTEX_POINT('',#1181);
#2390 = VERTEX_POINT('',#1182);
#2391 = VERTEX_POINT('',#1183);
#2392 = VERTEX_POINT('',#1184);
#2393 = VERTEX_POINT('',#1185);
#2394 = VERTEX_POINT('',#1186);
#2395 = VERTEX_POINT('',#1187);
#2396 = VERTEX_POINT('',#1188);
#2397 = VERTEX_POINT('',#1189);
#2398 = VERTEX_POINT('',#1190);
#2399 = VERTEX_POINT('',#1191);
#2400 = VERTEX_POINT('',#1192);
#2401 = VERTEX_POINT('',#1193);
#2402 = VERTEX_POINT('',#1194);
#2403 = VERTEX_POINT('',#1195);
#2404 = VERTEX_POINT('',#1196);
#2405 = VERTEX_POINT('',#1197);
#2406 = VERTEX_POINT('',#1198);
#2407 = VERTEX_POINT('',#1199);
#2408 = VERTEX_POINT('',#1200);
#2409 = VERTEX_POINT('',#1201);
#2410 = VERTEX_POINT('',#1202);
#2411 = VERTEX_POINT('',#1203);
#2412 = VERTEX_POINT('',#1204);
#2413 = VERTEX_POINT('',#1205);
#2414 = VERTEX_POINT('',#1206);
#2415 = VERTEX_POINT('',#1207);
#2416 = VERTEX_POINT('',#1208);
#2417 = DIRECTION('',(-0.923879536,0.382683424,0));
#2418 = VECTOR('',#2417,1.);
#2419 = LINE('',#604,#2418);
#2420 = EDGE_CURVE('',#1812,#1811,#2419,.T.);
#2421 = ORIENTED_EDGE('',*,*,#2420,.T.);
#2422 = DIRECTION('',(-0.793353334,0.608761437,0));
#2423 = VECTOR('',#2422,1.);
#2424 = LINE('',#603,#2423);
#2425 = EDGE_CURVE('',#1811,#1810,#2424,.T.);
#2426 = ORIENTED_EDGE('',*,*,#2425,.T.);
#2427 = DIRECTION('',(-0.608761437,0.793353334,0));
#2428 = VECTOR('',#2427,1.);
#2429 = LINE('',#602,#2428);
#2430 = EDGE_CURVE('',#1810,#1809,#2429,.T.);
#2431 = ORIENTED_EDGE('',*,*,#2430,.T.);
#2432 = DIRECTION('',(-0.382683424,0.923879536,0));
#2433 = VECTOR('',#2432,1.);
#2434 = LINE('',#601,#2433);
#2435 = EDGE_CURVE('',#1809,#1808,#2434,.T.);
#2436 = ORIENTED_EDGE('',*,*,#2435,.T.);
#2437 = DIRECTION('',(-0.130526197,0.991444861,0));
#2438 = VECTOR('',#2437,1.);
#2439 = LINE('',#600,#2438);
#2440 = EDGE_CURVE('',#1808,#1807,#2439,.T.);
#2441 = ORIENTED_EDGE('',*,*,#2440,.T.);
#2442 = DIRECTION('',(0,1,0));
#2443 = VECTOR('',#2442,1.);
#2444 = LINE('',#599,#2443);
#2445 = EDGE_CURVE('',#1807,#1806,#2444,.T.);
#2446 = ORIENTED_EDGE('',*,*,#2445,.T.);
#2447 = DIRECTION('',(1,0,0));
#2448 = VECTOR('',#2447,1.);
#2449 = LINE('',#598,#2448);
#2450 = EDGE_CURVE('',#1806,#1805,#2449,.T.);
#2451 = ORIENTED_EDGE('',*,*,#2450,.T.);
#2452 = DIRECTION('',(0.98078528,0.195090325,0));
#2453 = VECTOR('',#2452,1.);
#2454 = LINE('',#597,#2453);
#2455 = EDGE_CURVE('',#1805,#1804,#2454,.T.);
#2456 = ORIENTED_EDGE('',*,*,#2455,.T.);
#2457 = DIRECTION('',(0.83146961,0.555570237,0));
#2458 = VECTOR('',#2457,1.);
#2459 = LINE('',#596,#2458);
#2460 = EDGE_CURVE('',#1804,#1803,#2459,.T.);
#2461 = ORIENTED_EDGE('',*,*,#2460,.T.);
#2462 = DIRECTION('',(0.555570237,0.83146961,0));
#2463 = VECTOR('',#2462,1.);
#2464 = LINE('',#595,#2463);
#2465 = EDGE_CURVE('',#1803,#1802,#2464,.T.);
#2466 = ORIENTED_EDGE('',*,*,#2465,.T.);
#2467 = DIRECTION('',(0.195090325,0.98078528,0));
#2468 = VECTOR('',#2467,1.);
#2469 = LINE('',#594,#2468);
#2470 = EDGE_CURVE('',#1802,#1801,#2469,.T.);
#2471 = ORIENTED_EDGE('',*,*,#2470,.T.);
#2472 = VECTOR('',#2442,1.);
#2473 = LINE('',#593,#2472);
#2474 = EDGE_CURVE('',#1801,#1800,#2473,.T.);
#2475 = ORIENTED_EDGE('',*,*,#2474,.T.);
#2476 = DIRECTION('',(-0.195090325,0.98078528,0));
#2477 = VECTOR('',#2476,1.);
#2478 = LINE('',#592,#2477);
#2479 = EDGE_CURVE('',#1800,#1799,#2478,.T.);
#2480 = ORIENTED_EDGE('',*,*,#2479,.T.);
#2481 = DIRECTION('',(-0.555570237,0.83146961,0));
#2482 = VECTOR('',#2481,1.);
#2483 = LINE('',#591,#2482);
#2484 = EDGE_CURVE('',#1799,#1798,#2483,.T.);
#2485 = ORIENTED_EDGE('',*,*,#2484,.T.);
#2486 = DIRECTION('',(-0.83146961,0.555570237,0));
#2487 = VECTOR('',#2486,1.);
#2488 = LINE('',#590,#2487);
#2489 = EDGE_CURVE('',#1798,#1797,#2488,.T.);
#2490 = ORIENTED_EDGE('',*,*,#2489,.T.);
#2491 = DIRECTION('',(-0.98078528,0.195090325,0));
#2492 = VECTOR('',#2491,1.);
#2493 = LINE('',#589,#2492);
#2494 = EDGE_CURVE('',#1797,#1796,#2493,.T.);
#2495 = ORIENTED_EDGE('',*,*,#2494,.T.);
#2496 = DIRECTION('',(-1,0,0));
#2497 = VECTOR('',#2496,1.);
#2498 = LINE('',#588,#2497);
#2499 = EDGE_CURVE('',#1796,#1795,#2498,.T.);
#2500 = ORIENTED_EDGE('',*,*,#2499,.T.);
#2501 = VECTOR('',#2442,1.);
#2502 = LINE('',#587,#2501);
#2503 = EDGE_CURVE('',#1795,#1794,#2502,.T.);
#2504 = ORIENTED_EDGE('',*,*,#2503,.T.);
#2505 = VECTOR('',#2447,1.);
#2506 = LINE('',#586,#2505);
#2507 = EDGE_CURVE('',#1794,#1793,#2506,.T.);
#2508 = ORIENTED_EDGE('',*,*,#2507,.T.);
#2509 = VECTOR('',#2452,1.);
#2510 = LINE('',#585,#2509);
#2511 = EDGE_CURVE('',#1793,#1792,#2510,.T.);
#2512 = ORIENTED_EDGE('',*,*,#2511,.T.);
#2513 = VECTOR('',#2457,1.);
#2514 = LINE('',#584,#2513);
#2515 = EDGE_CURVE('',#1792,#1791,#2514,.T.);
#2516 = ORIENTED_EDGE('',*,*,#2515,.T.);
#2517 = VECTOR('',#2462,1.);
#2518 = LINE('',#583,#2517);
#2519 = EDGE_CURVE('',#1791,#1790,#2518,.T.);
#2520 = ORIENTED_EDGE('',*,*,#2519,.T.);
#2521 = VECTOR('',#2467,1.);
#2522 = LINE('',#582,#2521);
#2523 = EDGE_CURVE('',#1790,#1789,#2522,.T.);
#2524 = ORIENTED_EDGE('',*,*,#2523,.T.);
#2525 = VECTOR('',#2442,1.);
#2526 = LINE('',#581,#2525);
#2527 = EDGE_CURVE('',#1789,#1788,#2526,.T.);
#2528 = ORIENTED_EDGE('',*,*,#2527,.T.);
#2529 = VECTOR('',#2476,1.);
#2530 = LINE('',#580,#2529);
#2531 = EDGE_CURVE('',#1788,#1787,#2530,.T.);
#2532 = ORIENTED_EDGE('',*,*,#2531,.T.);
#2533 = VECTOR('',#2481,1.);
#2534 = LINE('',#579,#2533);
#2535 = EDGE_CURVE('',#1787,#1786,#2534,.T.);
#2536 = ORIENTED_EDGE('',*,*,#2535,.T.);
#2537 = VECTOR('',#2486,1.);
#2538 = LINE('',#578,#2537);
#2539 = EDGE_CURVE('',#1786,#1785,#2538,.T.);
#2540 = ORIENTED_EDGE('',*,*,#2539,.T.);
#2541 = VECTOR('',#2491,1.);
#2542 = LINE('',#577,#2541);
#2543 = EDGE_CURVE('',#1785,#1784,#2542,.T.);
#2544 = ORIENTED_EDGE('',*,*,#2543,.T.);
#2545 = VECTOR('',#2496,1.);
#2546 = LINE('',#576,#2545);
#2547 = EDGE_CURVE('',#1784,#1783,#2546,.T.);
#2548 = ORIENTED_EDGE('',*,*,#2547,.T.);
#2549 = VECTOR('',#2442,1.);
#2550 = LINE('',#575,#2549);
#2551 = EDGE_CURVE('',#1783,#1782,#2550,.T.);
#2552 = ORIENTED_EDGE('',*,*,#2551,.T.);
#2553 = VECTOR('',#2447,1.);
#2554 = LINE('',#574,#2553);
#2555 = EDGE_CURVE('',#1782,#1781,#2554,.T.);
#2556 = ORIENTED_EDGE('',*,*,#2555,.T.);
#2557 = VECTOR('',#2452,1.);
#2558 = LINE('',#573,#2557);
#2559 = EDGE_CURVE('',#1781,#1780,#2558,.T.);
#2560 = ORIENTED_EDGE('',*,*,#2559,.T.);
#2561 = VECTOR('',#2457,1.);
#2562 = LINE('',#572,#2561);
#2563 = EDGE_CURVE('',#1780,#1779,#2562,.T.);
#2564 = ORIENTED_EDGE('',*,*,#2563,.T.);
#2565 = VECTOR('',#2462,1.);
#2566 = LINE('',#571,#2565);
#2567 = EDGE_CURVE('',#1779,#1778,#2566,.T.);
#2568 = ORIENTED_EDGE('',*,*,#2567,.T.);
#2569 = VECTOR('',#2467,1.);
#2570 = LINE('',#570,#2569);
#2571 = EDGE_CURVE('',#1778,#1777,#2570,.T.);
#2572 = ORIENTED_EDGE('',*,*,#2571,.T.);
#2573 = VECTOR('',#2442,1.);
#2574 = LINE('',#569,#2573);
#2575 = EDGE_CURVE('',#1777,#1776,#2574,.T.);
#2576 = ORIENTED_EDGE('',*,*,#2575,.T.);
#2577 = VECTOR('',#2476,1.);
#2578 = LINE('',#568,#2577);
#2579 = EDGE_CURVE('',#1776,#1775,#2578,.T.);
#2580 = ORIENTED_EDGE('',*,*,#2579,.T.);
#2581 = VECTOR('',#2481,1.);
#2582 = LINE('',#567,#2581);
#2583 = EDGE_CURVE('',#1775,#1774,#2582,.T.);
#2584 = ORIENTED_EDGE('',*,*,#2583,.T.);
#2585 = VECTOR('',#2486,1.);
#2586 = LINE('',#566,#2585);
#2587 = EDGE_CURVE('',#1774,#1773,#2586,.T.);
#2588 = ORIENTED_EDGE('',*,*,#2587,.T.);
#2589 = VECTOR('',#2491,1.);
#2590 = LINE('',#565,#2589);
#2591 = EDGE_CURVE('',#1773,#1772,#2590,.T.);
#2592 = ORIENTED_EDGE('',*,*,#2591,.T.);
#2593 = VECTOR('',#2496,1.);
#2594 = LINE('',#564,#2593);
#2595 = EDGE_CURVE('',#1772,#1771,#2594,.T.);
#2596 = ORIENTED_EDGE('',*,*,#2595,.T.);
#2597 = VECTOR('',#2442,1.);
#2598 = LINE('',#563,#2597);
#2599 = EDGE_CURVE('',#1771,#1770,#2598,.T.);
#2600 = ORIENTED_EDGE('',*,*,#2599,.T.);
#2601 = VECTOR('',#2447,1.);
#2602 = LINE('',#562,#2601);
#2603 = EDGE_CURVE('',#1770,#1769,#2602,.T.);
#2604 = ORIENTED_EDGE('',*,*,#2603,.T.);
#2605 = VECTOR('',#2452,1.);
#2606 = LINE('',#561,#2605);
#2607 = EDGE_CURVE('',#1769,#1768,#2606,.T.);
#2608 = ORIENTED_EDGE('',*,*,#2607,.T.);
#2609 = VECTOR('',#2457,1.);
#2610 = LINE('',#560,#2609);
#2611 = EDGE_CURVE('',#1768,#1767,#2610,.T.);
#2612 = ORIENTED_EDGE('',*,*,#2611,.T.);
#2613 = VECTOR('',#2462,1.);
#2614 = LINE('',#559,#2613);
#2615 = EDGE_CURVE('',#1767,#1766,#2614,.T.);
#2616 = ORIENTED_EDGE('',*,*,#2615,.T.);
#2617 = VECTOR('',#2467,1.);
#2618 = LINE('',#558,#2617);
#2619 = EDGE_CURVE('',#1766,#1765,#2618,.T.);
#2620 = ORIENTED_EDGE('',*,*,#2619,.T.);
#2621 = VECTOR('',#2442,1.);
#2622 = LINE('',#557,#2621);
#2623 = EDGE_CURVE('',#1765,#1764,#2622,.T.);
#2624 = ORIENTED_EDGE('',*,*,#2623,.T.);
#2625 = VECTOR('',#2476,1.);
#2626 = LINE('',#556,#2625);
#2627 = EDGE_CURVE('',#1764,#1763,#2626,.T.);
#2628 = ORIENTED_EDGE('',*,*,#2627,.T.);
#2629 = VECTOR('',#2481,1.);
#2630 = LINE('',#555,#2629);
#2631 = EDGE_CURVE('',#1763,#1762,#2630,.T.);
#2632 = ORIENTED_EDGE('',*,*,#2631,.T.);
#2633 = VECTOR('',#2486,1.);
#2634 = LINE('',#554,#2633);
#2635 = EDGE_CURVE('',#1762,#1761,#2634,.T.);
#2636 = ORIENTED_EDGE('',*,*,#2635,.T.);
#2637 = VECTOR('',#2491,1.);
#2638 = LINE('',#553,#2637);
#2639 = EDGE_CURVE('',#1761,#1760,#2638,.T.);
#2640 = ORIENTED_EDGE('',*,*,#2639,.T.);
#2641 = VECTOR('',#2496,1.);
#2642 = LINE('',#552,#2641);
#2643 = EDGE_CURVE('',#1760,#1759,#2642,.T.);
#2644 = ORIENTED_EDGE('',*,*,#2643,.T.);
#2645 = VECTOR('',#2442,1.);
#2646 = LINE('',#551,#2645);
#2647 = EDGE_CURVE('',#1759,#1758,#2646,.T.);
#2648 = ORIENTED_EDGE('',*,*,#2647,.T.);
#2649 = VECTOR('',#2447,1.);
#2650 = LINE('',#550,#2649);
#2651 = EDGE_CURVE('',#1758,#1757,#2650,.T.);
#2652 = ORIENTED_EDGE('',*,*,#2651,.T.);
#2653 = VECTOR('',#2452,1.);
#2654 = LINE('',#549,#2653);
#2655 = EDGE_CURVE('',#1757,#1756,#2654,.T.);
#2656 = ORIENTED_EDGE('',*,*,#2655,.T.);
#2657 = VECTOR('',#2457,1.);
#2658 = LINE('',#548,#2657);
#2659 = EDGE_CURVE('',#1756,#1755,#2658,.T.);
#2660 = ORIENTED_EDGE('',*,*,#2659,.T.);
#2661 = VECTOR('',#2462,1.);
#2662 = LINE('',#547,#2661);
#2663 = EDGE_CURVE('',#1755,#1754,#2662,.T.);
#2664 = ORIENTED_EDGE('',*,*,#2663,.T.);
#2665 = VECTOR('',#2467,1.);
#2666 = LINE('',#546,#2665);
#2667 = EDGE_CURVE('',#1754,#1753,#2666,.T.);
#2668 = ORIENTED_EDGE('',*,*,#2667,.T.);
#2669 = VECTOR('',#2442,1.);
#2670 = LINE('',#545,#2669);
#2671 = EDGE_CURVE('',#1753,#1752,#2670,.T.);
#2672 = ORIENTED_EDGE('',*,*,#2671,.T.);
#2673 = VECTOR('',#2476,1.);
#2674 = LINE('',#544,#2673);
#2675 = EDGE_CURVE('',#1752,#1751,#2674,.T.);
#2676 = ORIENTED_EDGE('',*,*,#2675,.T.);
#2677 = VECTOR('',#2481,1.);
#2678 = LINE('',#543,#2677);
#2679 = EDGE_CURVE('',#1751,#1750,#2678,.T.);
#2680 = ORIENTED_EDGE('',*,*,#2679,.T.);
#2681 = VECTOR('',#2486,1.);
#2682 = LINE('',#542,#2681);
#2683 = EDGE_CURVE('',#1750,#1749,#2682,.T.);
#2684 = ORIENTED_EDGE('',*,*,#2683,.T.);
#2685 = VECTOR('',#2491,1.);
#2686 = LINE('',#541,#2685);
#2687 = EDGE_CURVE('',#1749,#1748,#2686,.T.);
#2688 = ORIENTED_EDGE('',*,*,#2687,.T.);
#2689 = VECTOR('',#2496,1.);
#2690 = LINE('',#540,#2689);
#2691 = EDGE_CURVE('',#1748,#1747,#2690,.T.);
#2692 = ORIENTED_EDGE('',*,*,#2691,.T.);
#2693 = VECTOR('',#2442,1.);
#2694 = LINE('',#539,#2693);
#2695 = EDGE_CURVE('',#1747,#1746,#2694,.T.);
#2696 = ORIENTED_EDGE('',*,*,#2695,.T.);
#2697 = VECTOR('',#2447,1.);
#2698 = LINE('',#538,#2697);
#2699 = EDGE_CURVE('',#1746,#1745,#2698,.T.);
#2700 = ORIENTED_EDGE('',*,*,#2699,.T.);
#2701 = VECTOR('',#2452,1.);
#2702 = LINE('',#537,#2701);
#2703 = EDGE_CURVE('',#1745,#1744,#2702,.T.);
#2704 = ORIENTED_EDGE('',*,*,#2703,.T.);
#2705 = VECTOR('',#2457,1.);
#2706 = LINE('',#536,#2705);
#2707 = EDGE_CURVE('',#1744,#1743,#2706,.T.);
#2708 = ORIENTED_EDGE('',*,*,#2707,.T.);
#2709 = VECTOR('',#2462,1.);
#2710 = LINE('',#535,#2709);
#2711 = EDGE_CURVE('',#1743,#1742,#2710,.T.);
#2712 = ORIENTED_EDGE('',*,*,#2711,.T.);
#2713 = VECTOR('',#2467,1.);
#2714 = LINE('',#534,#2713);
#2715 = EDGE_CURVE('',#1742,#1741,#2714,.T.);
#2716 = ORIENTED_EDGE('',*,*,#2715,.T.);
#2717 = VECTOR('',#2442,1.);
#2718 = LINE('',#533,#2717);
#2719 = EDGE_CURVE('',#1741,#1740,#2718,.T.);
#2720 = ORIENTED_EDGE('',*,*,#2719,.T.);
#2721 = VECTOR('',#2476,1.);
#2722 = LINE('',#532,#2721);
#2723 = EDGE_CURVE('',#1740,#1739,#2722,.T.);
#2724 = ORIENTED_EDGE('',*,*,#2723,.T.);
#2725 = VECTOR('',#2481,1.);
#2726 = LINE('',#531,#2725);
#2727 = EDGE_CURVE('',#1739,#1738,#2726,.T.);
#2728 = ORIENTED_EDGE('',*,*,#2727,.T.);
#2729 = VECTOR('',#2486,1.);
#2730 = LINE('',#530,#2729);
#2731 = EDGE_CURVE('',#1738,#1737,#2730,.T.);
#2732 = ORIENTED_EDGE('',*,*,#2731,.T.);
#2733 = VECTOR('',#2491,1.);
#2734 = LINE('',#529,#2733);
#2735 = EDGE_CURVE('',#1737,#1736,#2734,.T.);
#2736 = ORIENTED_EDGE('',*,*,#2735,.T.);
#2737 = VECTOR('',#2496,1.);
#2738 = LINE('',#528,#2737);
#2739 = EDGE_CURVE('',#1736,#1735,#2738,.T.);
#2740 = ORIENTED_EDGE('',*,*,#2739,.T.);
#2741 = VECTOR('',#2442,1.);
#2742 = LINE('',#527,#2741);
#2743 = EDGE_CURVE('',#1735,#1734,#2742,.T.);
#2744 = ORIENTED_EDGE('',*,*,#2743,.T.);
#2745 = VECTOR('',#2447,1.);
#2746 = LINE('',#526,#2745);
#2747 = EDGE_CURVE('',#1734,#1733,#2746,.T.);
#2748 = ORIENTED_EDGE('',*,*,#2747,.T.);
#2749 = VECTOR('',#2452,1.);
#2750 = LINE('',#525,#2749);
#2751 = EDGE_CURVE('',#1733,#1732,#2750,.T.);
#2752 = ORIENTED_EDGE('',*,*,#2751,.T.);
#2753 = VECTOR('',#2457,1.);
#2754 = LINE('',#524,#2753);
#2755 = EDGE_CURVE('',#1732,#1731,#2754,.T.);
#2756 = ORIENTED_EDGE('',*,*,#2755,.T.);
#2757 = VECTOR('',#2462,1.);
#2758 = LINE('',#523,#2757);
#2759 = EDGE_CURVE('',#1731,#1730,#2758,.T.);
#2760 = ORIENTED_EDGE('',*,*,#2759,.T.);
#2761 = VECTOR('',#2467,1.);
#2762 = LINE('',#522,#2761);
#2763 = EDGE_CURVE('',#1730,#1729,#2762,.T.);
#2764 = ORIENTED_EDGE('',*,*,#2763,.T.);
#2765 = VECTOR('',#2442,1.);
#2766 = LINE('',#521,#2765);
#2767 = EDGE_CURVE('',#1729,#1728,#2766,.T.);
#2768 = ORIENTED_EDGE('',*,*,#2767,.T.);
#2769 = VECTOR('',#2476,1.);
#2770 = LINE('',#520,#2769);
#2771 = EDGE_CURVE('',#1728,#1727,#2770,.T.);
#2772 = ORIENTED_EDGE('',*,*,#2771,.T.);
#2773 = VECTOR('',#2481,1.);
#2774 = LINE('',#519,#2773);
#2775 = EDGE_CURVE('',#1727,#1726,#2774,.T.);
#2776 = ORIENTED_EDGE('',*,*,#2775,.T.);
#2777 = VECTOR('',#2486,1.);
#2778 = LINE('',#518,#2777);
#2779 = EDGE_CURVE('',#1726,#1725,#2778,.T.);
#2780 = ORIENTED_EDGE('',*,*,#2779,.T.);
#2781 = VECTOR('',#2491,1.);
#2782 = LINE('',#517,#2781);
#2783 = EDGE_CURVE('',#1725,#1724,#2782,.T.);
#2784 = ORIENTED_EDGE('',*,*,#2783,.T.);
#2785 = VECTOR('',#2496,1.);
#2786 = LINE('',#516,#2785);
#2787 = EDGE_CURVE('',#1724,#1723,#2786,.T.);
#2788 = ORIENTED_EDGE('',*,*,#2787,.T.);
#2789 = VECTOR('',#2442,1.);
#2790 = LINE('',#515,#2789);
#2791 = EDGE_CURVE('',#1723,#1722,#2790,.T.);
#2792 = ORIENTED_EDGE('',*,*,#2791,.T.);
#2793 = VECTOR('',#2447,1.);
#2794 = LINE('',#514,#2793);
#2795 = EDGE_CURVE('',#1722,#1721,#2794,.T.);
#2796 = ORIENTED_EDGE('',*,*,#2795,.T.);
#2797 = VECTOR('',#2452,1.);
#2798 = LINE('',#513,#2797);
#2799 = EDGE_CURVE('',#1721,#1720,#2798,.T.);
#2800 = ORIENTED_EDGE('',*,*,#2799,.T.);
#2801 = VECTOR('',#2457,1.);
#2802 = LINE('',#512,#2801);
#2803 = EDGE_CURVE('',#1720,#1719,#2802,.T.);
#2804 = ORIENTED_EDGE('',*,*,#2803,.T.);
#2805 = VECTOR('',#2462,1.);
#2806 = LINE('',#511,#2805);
#2807 = EDGE_CURVE('',#1719,#1718,#2806,.T.);
#2808 = ORIENTED_EDGE('',*,*,#2807,.T.);
#2809 = VECTOR('',#2467,1.);
#2810 = LINE('',#510,#2809);
#2811 = EDGE_CURVE('',#1718,#1717,#2810,.T.);
#2812 = ORIENTED_EDGE('',*,*,#2811,.T.);
#2813 = VECTOR('',#2442,1.);
#2814 = LINE('',#509,#2813);
#2815 = EDGE_CURVE('',#1717,#1716,#2814,.T.);
#2816 = ORIENTED_EDGE('',*,*,#2815,.T.);
#2817 = VECTOR('',#2476,1.);
#2818 = LINE('',#508,#2817);
#2819 = EDGE_CURVE('',#1716,#1715,#2818,.T.);
#2820 = ORIENTED_EDGE('',*,*,#2819,.T.);
#2821 = VECTOR('',#2481,1.);
#2822 = LINE('',#507,#2821);
#2823 = EDGE_CURVE('',#1715,#1714,#2822,.T.);
#2824 = ORIENTED_EDGE('',*,*,#2823,.T.);
#2825 = VECTOR('',#2486,1.);
#2826 = LINE('',#506,#2825);
#2827 = EDGE_CURVE('',#1714,#1713,#2826,.T.);
#2828 = ORIENTED_EDGE('',*,*,#2827,.T.);
#2829 = VECTOR('',#2491,1.);
#2830 = LINE('',#505,#2829);
#2831 = EDGE_CURVE('',#1713,#1712,#2830,.T.);
#2832 = ORIENTED_EDGE('',*,*,#2831,.T.);
#2833 = VECTOR('',#2496,1.);
#2834 = LINE('',#504,#2833);
#2835 = EDGE_CURVE('',#1712,#1711,#2834,.T.);
#2836 = ORIENTED_EDGE('',*,*,#2835,.T.);
#2837 = VECTOR('',#2442,1.);
#2838 = LINE('',#503,#2837);
#2839 = EDGE_CURVE('',#1711,#1710,#2838,.T.);
#2840 = ORIENTED_EDGE('',*,*,#2839,.T.);
#2841 = VECTOR('',#2447,1.);
#2842 = LINE('',#502,#2841);
#2843 = EDGE_CURVE('',#1710,#1709,#2842,.T.);
#2844 = ORIENTED_EDGE('',*,*,#2843,.T.);
#2845 = VECTOR('',#2452,1.);
#2846 = LINE('',#501,#2845);
#2847 = EDGE_CURVE('',#1709,#1708,#2846,.T.);
#2848 = ORIENTED_EDGE('',*,*,#2847,.T.);
#2849 = VECTOR('',#2457,1.);
#2850 = LINE('',#500,#2849);
#2851 = EDGE_CURVE('',#1708,#1707,#2850,.T.);
#2852 = ORIENTED_EDGE('',*,*,#2851,.T.);
#2853 = VECTOR('',#2462,1.);
#2854 = LINE('',#499,#2853);
#2855 = EDGE_CURVE('',#1707,#1706,#2854,.T.);
#2856 = ORIENTED_EDGE('',*,*,#2855,.T.);
#2857 = VECTOR('',#2467,1.);
#2858 = LINE('',#498,#2857);
#2859 = EDGE_CURVE('',#1706,#1705,#2858,.T.);
#2860 = ORIENTED_EDGE('',*,*,#2859,.T.);
#2861 = VECTOR('',#2442,1.);
#2862 = LINE('',#497,#2861);
#2863 = EDGE_CURVE('',#1705,#1704,#2862,.T.);
#2864 = ORIENTED_EDGE('',*,*,#2863,.T.);
#2865 = VECTOR('',#2476,1.);
#2866 = LINE('',#496,#2865);
#2867 = EDGE_CURVE('',#1704,#1703,#2866,.T.);
#2868 = ORIENTED_EDGE('',*,*,#2867,.T.);
#2869 = VECTOR('',#2481,1.);
#2870 = LINE('',#495,#2869);
#2871 = EDGE_CURVE('',#1703,#1702,#2870,.T.);
#2872 = ORIENTED_EDGE('',*,*,#2871,.T.);
#2873 = VECTOR('',#2486,1.);
#2874 = LINE('',#494,#2873);
#2875 = EDGE_CURVE('',#1702,#1701,#2874,.T.);
#2876 = ORIENTED_EDGE('',*,*,#2875,.T.);
#2877 = VECTOR('',#2491,1.);
#2878 = LINE('',#493,#2877);
#2879 = EDGE_CURVE('',#1701,#1700,#2878,.T.);
#2880 = ORIENTED_EDGE('',*,*,#2879,.T.);
#2881 = VECTOR('',#2496,1.);
#2882 = LINE('',#492,#2881);
#2883 = EDGE_CURVE('',#1700,#1699,#2882,.T.);
#2884 = ORIENTED_EDGE('',*,*,#2883,.T.);
#2885 = VECTOR('',#2442,1.);
#2886 = LINE('',#491,#2885);
#2887 = EDGE_CURVE('',#1699,#1698,#2886,.T.);
#2888 = ORIENTED_EDGE('',*,*,#2887,.T.);
#2889 = VECTOR('',#2447,1.);
#2890 = LINE('',#490,#2889);
#2891 = EDGE_CURVE('',#1698,#1697,#2890,.T.);
#2892 = ORIENTED_EDGE('',*,*,#2891,.T.);
#2893 = VECTOR('',#2452,1.);
#2894 = LINE('',#489,#2893);
#2895 = EDGE_CURVE('',#1697,#1696,#2894,.T.);
#2896 = ORIENTED_EDGE('',*,*,#2895,.T.);
#2897 = VECTOR('',#2457,1.);
#2898 = LINE('',#488,#2897);
#2899 = EDGE_CURVE('',#1696,#1695,#2898,.T.);
#2900 = ORIENTED_EDGE('',*,*,#2899,.T.);
#2901 = VECTOR('',#2462,1.);
#2902 = LINE('',#487,#2901);
#2903 = EDGE_CURVE('',#1695,#1694,#2902,.T.);
#2904 = ORIENTED_EDGE('',*,*,#2903,.T.);
#2905 = VECTOR('',#2467,1.);
#2906 = LINE('',#486,#2905);
#2907 = EDGE_CURVE('',#1694,#1693,#2906,.T.);
#2908 = ORIENTED_EDGE('',*,*,#2907,.T.);
#2909 = VECTOR('',#2442,1.);
#2910 = LINE('',#485,#2909);
#2911 = EDGE_CURVE('',#1693,#1692,#2910,.T.);
#2912 = ORIENTED_EDGE('',*,*,#2911,.T.);
#2913 = VECTOR('',#2476,1.);
#2914 = LINE('',#484,#2913);
#2915 = EDGE_CURVE('',#1692,#1691,#2914,.T.);
#2916 = ORIENTED_EDGE('',*,*,#2915,.T.);
#2917 = VECTOR('',#2481,1.);
#2918 = LINE('',#483,#2917);
#2919 = EDGE_CURVE('',#1691,#1690,#2918,.T.);
#2920 = ORIENTED_EDGE('',*,*,#2919,.T.);
#2921 = VECTOR('',#2486,1.);
#2922 = LINE('',#482,#2921);
#2923 = EDGE_CURVE('',#1690,#1689,#2922,.T.);
#2924 = ORIENTED_EDGE('',*,*,#2923,.T.);
#2925 = VECTOR('',#2491,1.);
#2926 = LINE('',#481,#2925);
#2927 = EDGE_CURVE('',#1689,#1688,#2926,.T.);
#2928 = ORIENTED_EDGE('',*,*,#2927,.T.);
#2929 = VECTOR('',#2496,1.);
#2930 = LINE('',#480,#2929);
#2931 = EDGE_CURVE('',#1688,#1687,#2930,.T.);
#2932 = ORIENTED_EDGE('',*,*,#2931,.T.);
#2933 = VECTOR('',#2442,1.);
#2934 = LINE('',#479,#2933);
#2935 = EDGE_CURVE('',#1687,#1686,#2934,.T.);
#2936 = ORIENTED_EDGE('',*,*,#2935,.T.);
#2937 = VECTOR('',#2447,1.);
#2938 = LINE('',#478,#2937);
#2939 = EDGE_CURVE('',#1686,#1685,#2938,.T.);
#2940 = ORIENTED_EDGE('',*,*,#2939,.T.);
#2941 = VECTOR('',#2452,1.);
#2942 = LINE('',#477,#2941);
#2943 = EDGE_CURVE('',#1685,#1684,#2942,.T.);
#2944 = ORIENTED_EDGE('',*,*,#2943,.T.);
#2945 = VECTOR('',#2457,1.);
#2946 = LINE('',#476,#2945);
#2947 = EDGE_CURVE('',#1684,#1683,#2946,.T.);
#2948 = ORIENTED_EDGE('',*,*,#2947,.T.);
#2949 = VECTOR('',#2462,1.);
#2950 = LINE('',#475,#2949);
#2951 = EDGE_CURVE('',#1683,#1682,#2950,.T.);
#2952 = ORIENTED_EDGE('',*,*,#2951,.T.);
#2953 = VECTOR('',#2467,1.);
#2954 = LINE('',#474,#2953);
#2955 = EDGE_CURVE('',#1682,#1681,#2954,.T.);
#2956 = ORIENTED_EDGE('',*,*,#2955,.T.);
#2957 = VECTOR('',#2442,1.);
#2958 = LINE('',#473,#2957);
#2959 = EDGE_CURVE('',#1681,#1680,#2958,.T.);
#2960 = ORIENTED_EDGE('',*,*,#2959,.T.);
#2961 = VECTOR('',#2476,1.);
#2962 = LINE('',#472,#2961);
#2963 = EDGE_CURVE('',#1680,#1679,#2962,.T.);
#2964 = ORIENTED_EDGE('',*,*,#2963,.T.);
#2965 = VECTOR('',#2481,1.);
#2966 = LINE('',#471,#2965);
#2967 = EDGE_CURVE('',#1679,#1678,#2966,.T.);
#2968 = ORIENTED_EDGE('',*,*,#2967,.T.);
#2969 = VECTOR('',#2486,1.);
#2970 = LINE('',#470,#2969);
#2971 = EDGE_CURVE('',#1678,#1677,#2970,.T.);
#2972 = ORIENTED_EDGE('',*,*,#2971,.T.);
#2973 = VECTOR('',#2491,1.);
#2974 = LINE('',#469,#2973);
#2975 = EDGE_CURVE('',#1677,#1676,#2974,.T.);
#2976 = ORIENTED_EDGE('',*,*,#2975,.T.);
#2977 = VECTOR('',#2496,1.);
#2978 = LINE('',#468,#2977);
#2979 = EDGE_CURVE('',#1676,#1675,#2978,.T.);
#2980 = ORIENTED_EDGE('',*,*,#2979,.T.);
#2981 = VECTOR('',#2442,1.);
#2982 = LINE('',#467,#2981);
#2983 = EDGE_CURVE('',#1675,#1674,#2982,.T.);
#2984 = ORIENTED_EDGE('',*,*,#2983,.T.);
#2985 = VECTOR('',#2447,1.);
#2986 = LINE('',#466,#2985);
#2987 = EDGE_CURVE('',#1674,#1673,#2986,.T.);
#2988 = ORIENTED_EDGE('',*,*,#2987,.T.);
#2989 = VECTOR('',#2452,1.);
#2990 = LINE('',#465,#2989);
#2991 = EDGE_CURVE('',#1673,#1672,#2990,.T.);
#2992 = ORIENTED_EDGE('',*,*,#2991,.T.);
#2993 = VECTOR('',#2457,1.);
#2994 = LINE('',#464,#2993);
#2995 = EDGE_CURVE('',#1672,#1671,#2994,.T.);
#2996 = ORIENTED_EDGE('',*,*,#2995,.T.);
#2997 = VECTOR('',#2462,1.);
#2998 = LINE('',#463,#2997);
#2999 = EDGE_CURVE('',#1671,#1670,#2998,.T.);
#3000 = ORIENTED_EDGE('',*,*,#2999,.T.);
#3001 = VECTOR('',#2467,1.);
#3002 = LINE('',#462,#3001);
#3003 = EDGE_CURVE('',#1670,#1669,#3002,.T.);
#3004 = ORIENTED_EDGE('',*,*,#3003,.T.);
#3005 = VECTOR('',#2442,1.);
#3006 = LINE('',#461,#3005);
#3007 = EDGE_CURVE('',#1669,#1668,#3006,.T.);
#3008 = ORIENTED_EDGE('',*,*,#3007,.T.);
#3009 = VECTOR('',#2476,1.);
#3010 = LINE('',#460,#3009);
#3011 = EDGE_CURVE('',#1668,#1667,#3010,.T.);
#3012 = ORIENTED_EDGE('',*,*,#3011,.T.);
#3013 = VECTOR('',#2481,1.);
#3014 = LINE('',#459,#3013);
#3015 = EDGE_CURVE('',#1667,#1666,#3014,.T.);
#3016 = ORIENTED_EDGE('',*,*,#3015,.T.);
#3017 = VECTOR('',#2486,1.);
#3018 = LINE('',#458,#3017);
#3019 = EDGE_CURVE('',#1666,#1665,#3018,.T.);
#3020 = ORIENTED_EDGE('',*,*,#3019,.T.);
#3021 = VECTOR('',#2491,1.);
#3022 = LINE('',#457,#3021);
#3023 = EDGE_CURVE('',#1665,#1664,#3022,.T.);
#3024 = ORIENTED_EDGE('',*,*,#3023,.T.);
#3025 = VECTOR('',#2496,1.);
#3026 = LINE('',#456,#3025);
#3027 = EDGE_CURVE('',#1664,#1663,#3026,.T.);
#3028 = ORIENTED_EDGE('',*,*,#3027,.T.);
#3029 = VECTOR('',#2442,1.);
#3030 = LINE('',#455,#3029);
#3031 = EDGE_CURVE('',#1663,#1662,#3030,.T.);
#3032 = ORIENTED_EDGE('',*,*,#3031,.T.);
#3033 = DIRECTION('',(0.130526197,0.991444861,0));
#3034 = VECTOR('',#3033,1.);
#3035 = LINE('',#454,#3034);
#3036 = EDGE_CURVE('',#1662,#1661,#3035,.T.);
#3037 = ORIENTED_EDGE('',*,*,#3036,.T.);
#3038 = DIRECTION('',(0.382683424,0.923879536,0));
#3039 = VECTOR('',#3038,1.);
#3040 = LINE('',#453,#3039);
#3041 = EDGE_CURVE('',#1661,#1660,#3040,.T.);
#3042 = ORIENTED_EDGE('',*,*,#3041,.T.);
#3043 = DIRECTION('',(0.608761437,0.793353334,0));
#3044 = VECTOR('',#3043,1.);
#3045 = LINE('',#452,#3044);
#3046 = EDGE_CURVE('',#1660,#1659,#3045,.T.);
#3047 = ORIENTED_EDGE('',*,*,#3046,.T.);
#3048 = DIRECTION('',(0.793353334,0.608761437,0));
#3049 = VECTOR('',#3048,1.);
#3050 = LINE('',#451,#3049);
#3051 = EDGE_CURVE('',#1659,#1658,#3050,.T.);
#3052 = ORIENTED_EDGE('',*,*,#3051,.T.);
#3053 = DIRECTION('',(0.923879536,0.382683424,0));
#3054 = VECTOR('',#3053,1.);
#3055 = LINE('',#450,#3054);
#3056 = EDGE_CURVE('',#1658,#1657,#3055,.T.);
#3057 = ORIENTED_EDGE('',*,*,#3056,.T.);
#3058 = DIRECTION('',(0.991444861,0.130526197,0));
#3059 = VECTOR('',#3058,1.);
#3060 = LINE('',#449,#3059);
#3061 = EDGE_CURVE('',#1657,#1656,#3060,.T.);
#3062 = ORIENTED_EDGE('',*,*,#3061,.T.);
#3063 = VECTOR('',#2447,1.);
#3064 = LINE('',#448,#3063);
#3065 = EDGE_CURVE('',#1656,#1655,#3064,.T.);
#3066 = ORIENTED_EDGE('',*,*,#3065,.T.);
#3067 = DIRECTION('',(0,-1,0));
#3068 = VECTOR('',#3067,1.);
#3069 = LINE('',#447,#3068);
#3070 = EDGE_CURVE('',#1655,#1654,#3069,.T.);
#3071 = ORIENTED_EDGE('',*,*,#3070,.T.);
#3072 = DIRECTION('',(0.195090325,-0.98078528,0));
#3073 = VECTOR('',#3072,1.);
#3074 = LINE('',#446,#3073);
#3075 = EDGE_CURVE('',#1654,#1653,#3074,.T.);
#3076 = ORIENTED_EDGE('',*,*,#3075,.T.);
#3077 = DIRECTION('',(0.555570237,-0.83146961,0));
#3078 = VECTOR('',#3077,1.);
#3079 = LINE('',#445,#3078);
#3080 = EDGE_CURVE('',#1653,#1652,#3079,.T.);
#3081 = ORIENTED_EDGE('',*,*,#3080,.T.);
#3082 = DIRECTION('',(0.83146961,-0.555570237,0));
#3083 = VECTOR('',#3082,1.);
#3084 = LINE('',#444,#3083);
#3085 = EDGE_CURVE('',#1652,#1651,#3084,.T.);
#3086 = ORIENTED_EDGE('',*,*,#3085,.T.);
#3087 = DIRECTION('',(0.98078528,-0.195090325,0));
#3088 = VECTOR('',#3087,1.);
#3089 = LINE('',#443,#3088);
#3090 = EDGE_CURVE('',#1651,#1650,#3089,.T.);
#3091 = ORIENTED_EDGE('',*,*,#3090,.T.);
#3092 = VECTOR('',#2447,1.);
#3093 = LINE('',#442,#3092);
#3094 = EDGE_CURVE('',#1650,#1649,#3093,.T.);
#3095 = ORIENTED_EDGE('',*,*,#3094,.T.);
#3096 = VECTOR('',#2452,1.);
#3097 = LINE('',#441,#3096);
#3098 = EDGE_CURVE('',#1649,#1648,#3097,.T.);
#3099 = ORIENTED_EDGE('',*,*,#3098,.T.);
#3100 = VECTOR('',#2457,1.);
#3101 = LINE('',#440,#3100);
#3102 = EDGE_CURVE('',#1648,#1647,#3101,.T.);
#3103 = ORIENTED_EDGE('',*,*,#3102,.T.);
#3104 = VECTOR('',#2462,1.);
#3105 = LINE('',#439,#3104);
#3106 = EDGE_CURVE('',#1647,#1646,#3105,.T.);
#3107 = ORIENTED_EDGE('',*,*,#3106,.T.);
#3108 = VECTOR('',#2467,1.);
#3109 = LINE('',#438,#3108);
#3110 = EDGE_CURVE('',#1646,#1645,#3109,.T.);
#3111 = ORIENTED_EDGE('',*,*,#3110,.T.);
#3112 = VECTOR('',#2442,1.);
#3113 = LINE('',#437,#3112);
#3114 = EDGE_CURVE('',#1645,#1644,#3113,.T.);
#3115 = ORIENTED_EDGE('',*,*,#3114,.T.);
#3116 = VECTOR('',#2447,1.);
#3117 = LINE('',#436,#3116);
#3118 = EDGE_CURVE('',#1644,#1643,#3117,.T.);
#3119 = ORIENTED_EDGE('',*,*,#3118,.T.);
#3120 = VECTOR('',#3067,1.);
#3121 = LINE('',#435,#3120);
#3122 = EDGE_CURVE('',#1643,#1642,#3121,.T.);
#3123 = ORIENTED_EDGE('',*,*,#3122,.T.);
#3124 = VECTOR('',#3072,1.);
#3125 = LINE('',#434,#3124);
#3126 = EDGE_CURVE('',#1642,#1641,#3125,.T.);
#3127 = ORIENTED_EDGE('',*,*,#3126,.T.);
#3128 = VECTOR('',#3077,1.);
#3129 = LINE('',#433,#3128);
#3130 = EDGE_CURVE('',#1641,#1640,#3129,.T.);
#3131 = ORIENTED_EDGE('',*,*,#3130,.T.);
#3132 = VECTOR('',#3082,1.);
#3133 = LINE('',#432,#3132);
#3134 = EDGE_CURVE('',#1640,#1639,#3133,.T.);
#3135 = ORIENTED_EDGE('',*,*,#3134,.T.);
#3136 = VECTOR('',#3087,1.);
#3137 = LINE('',#431,#3136);
#3138 = EDGE_CURVE('',#1639,#1638,#3137,.T.);
#3139 = ORIENTED_EDGE('',*,*,#3138,.T.);
#3140 = VECTOR('',#2447,1.);
#3141 = LINE('',#430,#3140);
#3142 = EDGE_CURVE('',#1638,#1637,#3141,.T.);
#3143 = ORIENTED_EDGE('',*,*,#3142,.T.);
#3144 = VECTOR('',#2452,1.);
#3145 = LINE('',#429,#3144);
#3146 = EDGE_CURVE('',#1637,#1636,#3145,.T.);
#3147 = ORIENTED_EDGE('',*,*,#3146,.T.);
#3148 = VECTOR('',#2457,1.);
#3149 = LINE('',#428,#3148);
#3150 = EDGE_CURVE('',#1636,#1635,#3149,.T.);
#3151 = ORIENTED_EDGE('',*,*,#3150,.T.);
#3152 = VECTOR('',#2462,1.);
#3153 = LINE('',#427,#3152);
#3154 = EDGE_CURVE('',#1635,#1634,#3153,.T.);
#3155 = ORIENTED_EDGE('',*,*,#3154,.T.);
#3156 = VECTOR('',#2467,1.);
#3157 = LINE('',#426,#3156);
#3158 = EDGE_CURVE('',#1634,#1633,#3157,.T.);
#3159 = ORIENTED_EDGE('',*,*,#3158,.T.);
#3160 = VECTOR('',#2442,1.);
#3161 = LINE('',#425,#3160);
#3162 = EDGE_CURVE('',#1633,#1632,#3161,.T.);
#3163 = ORIENTED_EDGE('',*,*,#3162,.T.);
#3164 = VECTOR('',#2447,1.);
#3165 = LINE('',#424,#3164);
#3166 = EDGE_CURVE('',#1632,#1631,#3165,.T.);
#3167 = ORIENTED_EDGE('',*,*,#3166,.T.);
#3168 = VECTOR('',#3067,1.);
#3169 = LINE('',#423,#3168);
#3170 = EDGE_CURVE('',#1631,#1630,#3169,.T.);
#3171 = ORIENTED_EDGE('',*,*,#3170,.T.);
#3172 = VECTOR('',#3072,1.);
#3173 = LINE('',#422,#3172);
#3174 = EDGE_CURVE('',#1630,#1629,#3173,.T.);
#3175 = ORIENTED_EDGE('',*,*,#3174,.T.);
#3176 = VECTOR('',#3077,1.);
#3177 = LINE('',#421,#3176);
#3178 = EDGE_CURVE('',#1629,#1628,#3177,.T.);
#3179 = ORIENTED_EDGE('',*,*,#3178,.T.);
#3180 = VECTOR('',#3082,1.);
#3181 = LINE('',#420,#3180);
#3182 = EDGE_CURVE('',#1628,#1627,#3181,.T.);
#3183 = ORIENTED_EDGE('',*,*,#3182,.T.);
#3184 = VECTOR('',#3087,1.);
#3185 = LINE('',#419,#3184);
#3186 = EDGE_CURVE('',#1627,#1626,#3185,.T.);
#3187 = ORIENTED_EDGE('',*,*,#3186,.T.);
#3188 = VECTOR('',#2447,1.);
#3189 = LINE('',#418,#3188);
#3190 = EDGE_CURVE('',#1626,#1625,#3189,.T.);
#3191 = ORIENTED_EDGE('',*,*,#3190,.T.);
#3192 = VECTOR('',#2452,1.);
#3193 = LINE('',#417,#3192);
#3194 = EDGE_CURVE('',#1625,#1624,#3193,.T.);
#3195 = ORIENTED_EDGE('',*,*,#3194,.T.);
#3196 = VECTOR('',#2457,1.);
#3197 = LINE('',#416,#3196);
#3198 = EDGE_CURVE('',#1624,#1623,#3197,.T.);
#3199 = ORIENTED_EDGE('',*,*,#3198,.T.);
#3200 = VECTOR('',#2462,1.);
#3201 = LINE('',#415,#3200);
#3202 = EDGE_CURVE('',#1623,#1622,#3201,.T.);
#3203 = ORIENTED_EDGE('',*,*,#3202,.T.);
#3204 = VECTOR('',#2467,1.);
#3205 = LINE('',#414,#3204);
#3206 = EDGE_CURVE('',#1622,#1621,#3205,.T.);
#3207 = ORIENTED_EDGE('',*,*,#3206,.T.);
#3208 = VECTOR('',#2442,1.);
#3209 = LINE('',#413,#3208);
#3210 = EDGE_CURVE('',#1621,#1620,#3209,.T.);
#3211 = ORIENTED_EDGE('',*,*,#3210,.T.);
#3212 = VECTOR('',#2447,1.);
#3213 = LINE('',#412,#3212);
#3214 = EDGE_CURVE('',#1620,#1619,#3213,.T.);
#3215 = ORIENTED_EDGE('',*,*,#3214,.T.);
#3216 = VECTOR('',#3067,1.);
#3217 = LINE('',#411,#3216);
#3218 = EDGE_CURVE('',#1619,#1618,#3217,.T.);
#3219 = ORIENTED_EDGE('',*,*,#3218,.T.);
#3220 = VECTOR('',#3072,1.);
#3221 = LINE('',#410,#3220);
#3222 = EDGE_CURVE('',#1618,#1617,#3221,.T.);
#3223 = ORIENTED_EDGE('',*,*,#3222,.T.);
#3224 = VECTOR('',#3077,1.);
#3225 = LINE('',#409,#3224);
#3226 = EDGE_CURVE('',#1617,#1616,#3225,.T.);
#3227 = ORIENTED_EDGE('',*,*,#3226,.T.);
#3228 = VECTOR('',#3082,1.);
#3229 = LINE('',#408,#3228);
#3230 = EDGE_CURVE('',#1616,#1615,#3229,.T.);
#3231 = ORIENTED_EDGE('',*,*,#3230,.T.);
#3232 = VECTOR('',#3087,1.);
#3233 = LINE('',#407,#3232);
#3234 = EDGE_CURVE('',#1615,#1614,#3233,.T.);
#3235 = ORIENTED_EDGE('',*,*,#3234,.T.);
#3236 = VECTOR('',#2447,1.);
#3237 = LINE('',#406,#3236);
#3238 = EDGE_CURVE('',#1614,#1613,#3237,.T.);
#3239 = ORIENTED_EDGE('',*,*,#3238,.T.);
#3240 = VECTOR('',#2452,1.);
#3241 = LINE('',#405,#3240);
#3242 = EDGE_CURVE('',#1613,#1612,#3241,.T.);
#3243 = ORIENTED_EDGE('',*,*,#3242,.T.);
#3244 = VECTOR('',#2457,1.);
#3245 = LINE('',#404,#3244);
#3246 = EDGE_CURVE('',#1612,#1611,#3245,.T.);
#3247 = ORIENTED_EDGE('',*,*,#3246,.T.);
#3248 = VECTOR('',#2462,1.);
#3249 = LINE('',#403,#3248);
#3250 = EDGE_CURVE('',#1611,#1610,#3249,.T.);
#3251 = ORIENTED_EDGE('',*,*,#3250,.T.);
#3252 = VECTOR('',#2467,1.);
#3253 = LINE('',#402,#3252);
#3254 = EDGE_CURVE('',#1610,#1609,#3253,.T.);
#3255 = ORIENTED_EDGE('',*,*,#3254,.T.);
#3256 = VECTOR('',#2442,1.);
#3257 = LINE('',#401,#3256);
#3258 = EDGE_CURVE('',#1609,#1608,#3257,.T.);
#3259 = ORIENTED_EDGE('',*,*,#3258,.T.);
#3260 = VECTOR('',#2447,1.);
#3261 = LINE('',#400,#3260);
#3262 = EDGE_CURVE('',#1608,#1607,#3261,.T.);
#3263 = ORIENTED_EDGE('',*,*,#3262,.T.);
#3264 = VECTOR('',#3067,1.);
#3265 = LINE('',#399,#3264);
#3266 = EDGE_CURVE('',#1607,#1606,#3265,.T.);
#3267 = ORIENTED_EDGE('',*,*,#3266,.T.);
#3268 = VECTOR('',#3072,1.);
#3269 = LINE('',#398,#3268);
#3270 = EDGE_CURVE('',#1606,#1605,#3269,.T.);
#3271 = ORIENTED_EDGE('',*,*,#3270,.T.);
#3272 = VECTOR('',#3077,1.);
#3273 = LINE('',#397,#3272);
#3274 = EDGE_CURVE('',#1605,#1604,#3273,.T.);
#3275 = ORIENTED_EDGE('',*,*,#3274,.T.);
#3276 = VECTOR('',#3082,1.);
#3277 = LINE('',#396,#3276);
#3278 = EDGE_CURVE('',#1604,#1603,#3277,.T.);
#3279 = ORIENTED_EDGE('',*,*,#3278,.T.);
#3280 = VECTOR('',#3087,1.);
#3281 = LINE('',#395,#3280);
#3282 = EDGE_CURVE('',#1603,#1602,#3281,.T.);
#3283 = ORIENTED_EDGE('',*,*,#3282,.T.);
#3284 = VECTOR('',#2447,1.);
#3285 = LINE('',#394,#3284);
#3286 = EDGE_CURVE('',#1602,#1601,#3285,.T.);
#3287 = ORIENTED_EDGE('',*,*,#3286,.T.);
#3288 = VECTOR('',#2452,1.);
#3289 = LINE('',#393,#3288);
#3290 = EDGE_CURVE('',#1601,#1600,#3289,.T.);
#3291 = ORIENTED_EDGE('',*,*,#3290,.T.);
#3292 = VECTOR('',#2457,1.);
#3293 = LINE('',#392,#3292);
#3294 = EDGE_CURVE('',#1600,#1599,#3293,.T.);
#3295 = ORIENTED_EDGE('',*,*,#3294,.T.);
#3296 = VECTOR('',#2462,1.);
#3297 = LINE('',#391,#3296);
#3298 = EDGE_CURVE('',#1599,#1598,#3297,.T.);
#3299 = ORIENTED_EDGE('',*,*,#3298,.T.);
#3300 = VECTOR('',#2467,1.);
#3301 = LINE('',#390,#3300);
#3302 = EDGE_CURVE('',#1598,#1597,#3301,.T.);
#3303 = ORIENTED_EDGE('',*,*,#3302,.T.);
#3304 = VECTOR('',#2442,1.);
#3305 = LINE('',#389,#3304);
#3306 = EDGE_CURVE('',#1597,#1596,#3305,.T.);
#3307 = ORIENTED_EDGE('',*,*,#3306,.T.);
#3308 = VECTOR('',#2447,1.);
#3309 = LINE('',#388,#3308);
#3310 = EDGE_CURVE('',#1596,#1595,#3309,.T.);
#3311 = ORIENTED_EDGE('',*,*,#3310,.T.);
#3312 = VECTOR('',#3067,1.);
#3313 = LINE('',#387,#3312);
#3314 = EDGE_CURVE('',#1595,#1594,#3313,.T.);
#3315 = ORIENTED_EDGE('',*,*,#3314,.T.);
#3316 = VECTOR('',#3072,1.);
#3317 = LINE('',#386,#3316);
#3318 = EDGE_CURVE('',#1594,#1593,#3317,.T.);
#3319 = ORIENTED_EDGE('',*,*,#3318,.T.);
#3320 = VECTOR('',#3077,1.);
#3321 = LINE('',#385,#3320);
#3322 = EDGE_CURVE('',#1593,#1592,#3321,.T.);
#3323 = ORIENTED_EDGE('',*,*,#3322,.T.);
#3324 = VECTOR('',#3082,1.);
#3325 = LINE('',#384,#3324);
#3326 = EDGE_CURVE('',#1592,#1591,#3325,.T.);
#3327 = ORIENTED_EDGE('',*,*,#3326,.T.);
#3328 = VECTOR('',#3087,1.);
#3329 = LINE('',#383,#3328);
#3330 = EDGE_CURVE('',#1591,#1590,#3329,.T.);
#3331 = ORIENTED_EDGE('',*,*,#3330,.T.);
#3332 = VECTOR('',#2447,1.);
#3333 = LINE('',#382,#3332);
#3334 = EDGE_CURVE('',#1590,#1589,#3333,.T.);
#3335 = ORIENTED_EDGE('',*,*,#3334,.T.);
#3336 = VECTOR('',#2452,1.);
#3337 = LINE('',#381,#3336);
#3338 = EDGE_CURVE('',#1589,#1588,#3337,.T.);
#3339 = ORIENTED_EDGE('',*,*,#3338,.T.);
#3340 = VECTOR('',#2457,1.);
#3341 = LINE('',#380,#3340);
#3342 = EDGE_CURVE('',#1588,#1587,#3341,.T.);
#3343 = ORIENTED_EDGE('',*,*,#3342,.T.);
#3344 = VECTOR('',#2462,1.);
#3345 = LINE('',#379,#3344);
#3346 = EDGE_CURVE('',#1587,#1586,#3345,.T.);
#3347 = ORIENTED_EDGE('',*,*,#3346,.T.);
#3348 = VECTOR('',#2467,1.);
#3349 = LINE('',#378,#3348);
#3350 = EDGE_CURVE('',#1586,#1585,#3349,.T.);
#3351 = ORIENTED_EDGE('',*,*,#3350,.T.);
#3352 = VECTOR('',#2442,1.);
#3353 = LINE('',#377,#3352);
#3354 = EDGE_CURVE('',#1585,#1584,#3353,.T.);
#3355 = ORIENTED_EDGE('',*,*,#3354,.T.);
#3356 = VECTOR('',#2447,1.);
#3357 = LINE('',#376,#3356);
#3358 = EDGE_CURVE('',#1584,#1583,#3357,.T.);
#3359 = ORIENTED_EDGE('',*,*,#3358,.T.);
#3360 = VECTOR('',#3067,1.);
#3361 = LINE('',#375,#3360);
#3362 = EDGE_CURVE('',#1583,#1582,#3361,.T.);
#3363 = ORIENTED_EDGE('',*,*,#3362,.T.);
#3364 = VECTOR('',#3072,1.);
#3365 = LINE('',#374,#3364);
#3366 = EDGE_CURVE('',#1582,#1581,#3365,.T.);
#3367 = ORIENTED_EDGE('',*,*,#3366,.T.);
#3368 = VECTOR('',#3077,1.);
#3369 = LINE('',#373,#3368);
#3370 = EDGE_CURVE('',#1581,#1580,#3369,.T.);
#3371 = ORIENTED_EDGE('',*,*,#3370,.T.);
#3372 = VECTOR('',#3082,1.);
#3373 = LINE('',#372,#3372);
#3374 = EDGE_CURVE('',#1580,#1579,#3373,.T.);
#3375 = ORIENTED_EDGE('',*,*,#3374,.T.);
#3376 = VECTOR('',#3087,1.);
#3377 = LINE('',#371,#3376);
#3378 = EDGE_CURVE('',#1579,#1578,#3377,.T.);
#3379 = ORIENTED_EDGE('',*,*,#3378,.T.);
#3380 = VECTOR('',#2447,1.);
#3381 = LINE('',#370,#3380);
#3382 = EDGE_CURVE('',#1578,#1577,#3381,.T.);
#3383 = ORIENTED_EDGE('',*,*,#3382,.T.);
#3384 = VECTOR('',#2452,1.);
#3385 = LINE('',#369,#3384);
#3386 = EDGE_CURVE('',#1577,#1576,#3385,.T.);
#3387 = ORIENTED_EDGE('',*,*,#3386,.T.);
#3388 = VECTOR('',#2457,1.);
#3389 = LINE('',#368,#3388);
#3390 = EDGE_CURVE('',#1576,#1575,#3389,.T.);
#3391 = ORIENTED_EDGE('',*,*,#3390,.T.);
#3392 = VECTOR('',#2462,1.);
#3393 = LINE('',#367,#3392);
#3394 = EDGE_CURVE('',#1575,#1574,#3393,.T.);
#3395 = ORIENTED_EDGE('',*,*,#3394,.T.);
#3396 = VECTOR('',#2467,1.);
#3397 = LINE('',#366,#3396);
#3398 = EDGE_CURVE('',#1574,#1573,#3397,.T.);
#3399 = ORIENTED_EDGE('',*,*,#3398,.T.);
#3400 = VECTOR('',#2442,1.);
#3401 = LINE('',#365,#3400);
#3402 = EDGE_CURVE('',#1573,#1572,#3401,.T.);
#3403 = ORIENTED_EDGE('',*,*,#3402,.T.);
#3404 = VECTOR('',#2447,1.);
#3405 = LINE('',#364,#3404);
#3406 = EDGE_CURVE('',#1572,#1571,#3405,.T.);
#3407 = ORIENTED_EDGE('',*,*,#3406,.T.);
#3408 = VECTOR('',#3067,1.);
#3409 = LINE('',#363,#3408);
#3410 = EDGE_CURVE('',#1571,#1570,#3409,.T.);
#3411 = ORIENTED_EDGE('',*,*,#3410,.T.);
#3412 = VECTOR('',#3072,1.);
#3413 = LINE('',#362,#3412);
#3414 = EDGE_CURVE('',#1570,#1569,#3413,.T.);
#3415 = ORIENTED_EDGE('',*,*,#3414,.T.);
#3416 = VECTOR('',#3077,1.);
#3417 = LINE('',#361,#3416);
#3418 = EDGE_CURVE('',#1569,#1568,#3417,.T.);
#3419 = ORIENTED_EDGE('',*,*,#3418,.T.);
#3420 = VECTOR('',#3082,1.);
#3421 = LINE('',#360,#3420);
#3422 = EDGE_CURVE('',#1568,#1567,#3421,.T.);
#3423 = ORIENTED_EDGE('',*,*,#3422,.T.);
#3424 = VECTOR('',#3087,1.);
#3425 = LINE('',#359,#3424);
#3426 = EDGE_CURVE('',#1567,#1566,#3425,.T.);
#3427 = ORIENTED_EDGE('',*,*,#3426,.T.);
#3428 = VECTOR('',#2447,1.);
#3429 = LINE('',#358,#3428);
#3430 = EDGE_CURVE('',#1566,#1565,#3429,.T.);
#3431 = ORIENTED_EDGE('',*,*,#3430,.T.);
#3432 = VECTOR('',#2452,1.);
#3433 = LINE('',#357,#3432);
#3434 = EDGE_CURVE('',#1565,#1564,#3433,.T.);
#3435 = ORIENTED_EDGE('',*,*,#3434,.T.);
#3436 = VECTOR('',#2457,1.);
#3437 = LINE('',#356,#3436);
#3438 = EDGE_CURVE('',#1564,#1563,#3437,.T.);
#3439 = ORIENTED_EDGE('',*,*,#3438,.T.);
#3440 = VECTOR('',#2462,1.);
#3441 = LINE('',#355,#3440);
#3442 = EDGE_CURVE('',#1563,#1562,#3441,.T.);
#3443 = ORIENTED_EDGE('',*,*,#3442,.T.);
#3444 = VECTOR('',#2467,1.);
#3445 = LINE('',#354,#3444);
#3446 = EDGE_CURVE('',#1562,#1561,#3445,.T.);
#3447 = ORIENTED_EDGE('',*,*,#3446,.T.);
#3448 = VECTOR('',#2442,1.);
#3449 = LINE('',#353,#3448);
#3450 = EDGE_CURVE('',#1561,#1560,#3449,.T.);
#3451 = ORIENTED_EDGE('',*,*,#3450,.T.);
#3452 = VECTOR('',#2447,1.);
#3453 = LINE('',#352,#3452);
#3454 = EDGE_CURVE('',#1560,#1559,#3453,.T.);
#3455 = ORIENTED_EDGE('',*,*,#3454,.T.);
#3456 = VECTOR('',#3067,1.);
#3457 = LINE('',#351,#3456);
#3458 = EDGE_CURVE('',#1559,#1558,#3457,.T.);
#3459 = ORIENTED_EDGE('',*,*,#3458,.T.);
#3460 = VECTOR('',#3072,1.);
#3461 = LINE('',#350,#3460);
#3462 = EDGE_CURVE('',#1558,#1557,#3461,.T.);
#3463 = ORIENTED_EDGE('',*,*,#3462,.T.);
#3464 = VECTOR('',#3077,1.);
#3465 = LINE('',#349,#3464);
#3466 = EDGE_CURVE('',#1557,#1556,#3465,.T.);
#3467 = ORIENTED_EDGE('',*,*,#3466,.T.);
#3468 = VECTOR('',#3082,1.);
#3469 = LINE('',#348,#3468);
#3470 = EDGE_CURVE('',#1556,#1555,#3469,.T.);
#3471 = ORIENTED_EDGE('',*,*,#3470,.T.);
#3472 = VECTOR('',#3087,1.);
#3473 = LINE('',#347,#3472);
#3474 = EDGE_CURVE('',#1555,#1554,#3473,.T.);
#3475 = ORIENTED_EDGE('',*,*,#3474,.T.);
#3476 = VECTOR('',#2447,1.);
#3477 = LINE('',#346,#3476);
#3478 = EDGE_CURVE('',#1554,#1553,#3477,.T.);
#3479 = ORIENTED_EDGE('',*,*,#3478,.T.);
#3480 = VECTOR('',#2452,1.);
#3481 = LINE('',#345,#3480);
#3482 = EDGE_CURVE('',#1553,#1552,#3481,.T.);
#3483 = ORIENTED_EDGE('',*,*,#3482,.T.);
#3484 = VECTOR('',#2457,1.);
#3485 = LINE('',#344,#3484);
#3486 = EDGE_CURVE('',#1552,#1551,#3485,.T.);
#3487 = ORIENTED_EDGE('',*,*,#3486,.T.);
#3488 = VECTOR('',#2462,1.);
#3489 = LINE('',#343,#3488);
#3490 = EDGE_CURVE('',#1551,#1550,#3489,.T.);
#3491 = ORIENTED_EDGE('',*,*,#3490,.T.);
#3492 = VECTOR('',#2467,1.);
#3493 = LINE('',#342,#3492);
#3494 = EDGE_CURVE('',#1550,#1549,#3493,.T.);
#3495 = ORIENTED_EDGE('',*,*,#3494,.T.);
#3496 = VECTOR('',#2442,1.);
#3497 = LINE('',#341,#3496);
#3498 = EDGE_CURVE('',#1549,#1548,#3497,.T.);
#3499 = ORIENTED_EDGE('',*,*,#3498,.T.);
#3500 = VECTOR('',#2447,1.);
#3501 = LINE('',#340,#3500);
#3502 = EDGE_CURVE('',#1548,#1547,#3501,.T.);
#3503 = ORIENTED_EDGE('',*,*,#3502,.T.);
#3504 = VECTOR('',#3067,1.);
#3505 = LINE('',#339,#3504);
#3506 = EDGE_CURVE('',#1547,#1546,#3505,.T.);
#3507 = ORIENTED_EDGE('',*,*,#3506,.T.);
#3508 = VECTOR('',#3072,1.);
#3509 = LINE('',#338,#3508);
#3510 = EDGE_CURVE('',#1546,#1545,#3509,.T.);
#3511 = ORIENTED_EDGE('',*,*,#3510,.T.);
#3512 = VECTOR('',#3077,1.);
#3513 = LINE('',#337,#3512);
#3514 = EDGE_CURVE('',#1545,#1544,#3513,.T.);
#3515 = ORIENTED_EDGE('',*,*,#3514,.T.);
#3516 = VECTOR('',#3082,1.);
#3517 = LINE('',#336,#3516);
#3518 = EDGE_CURVE('',#1544,#1543,#3517,.T.);
#3519 = ORIENTED_EDGE('',*,*,#3518,.T.);
#3520 = VECTOR('',#3087,1.);
#3521 = LINE('',#335,#3520);
#3522 = EDGE_CURVE('',#1543,#1542,#3521,.T.);
#3523 = ORIENTED_EDGE('',*,*,#3522,.T.);
#3524 = VECTOR('',#2447,1.);
#3525 = LINE('',#334,#3524);
#3526 = EDGE_CURVE('',#1542,#1541,#3525,.T.);
#3527 = ORIENTED_EDGE('',*,*,#3526,.T.);
#3528 = VECTOR('',#2452,1.);
#3529 = LINE('',#333,#3528);
#3530 = EDGE_CURVE('',#1541,#1540,#3529,.T.);
#3531 = ORIENTED_EDGE('',*,*,#3530,.T.);
#3532 = VECTOR('',#2457,1.);
#3533 = LINE('',#332,#3532);
#3534 = EDGE_CURVE('',#1540,#1539,#3533,.T.);
#3535 = ORIENTED_EDGE('',*,*,#3534,.T.);
#3536 = VECTOR('',#2462,1.);
#3537 = LINE('',#331,#3536);
#3538 = EDGE_CURVE('',#1539,#1538,#3537,.T.);
#3539 = ORIENTED_EDGE('',*,*,#3538,.T.);
#3540 = VECTOR('',#2467,1.);
#3541 = LINE('',#330,#3540);
#3542 = EDGE_CURVE('',#1538,#1537,#3541,.T.);
#3543 = ORIENTED_EDGE('',*,*,#3542,.T.);
#3544 = VECTOR('',#2442,1.);
#3545 = LINE('',#329,#3544);
#3546 = EDGE_CURVE('',#1537,#1536,#3545,.T.);
#3547 = ORIENTED_EDGE('',*,*,#3546,.T.);
#3548 = VECTOR('',#2447,1.);
#3549 = LINE('',#328,#3548);
#3550 = EDGE_CURVE('',#1536,#1535,#3549,.T.);
#3551 = ORIENTED_EDGE('',*,*,#3550,.T.);
#3552 = VECTOR('',#3067,1.);
#3553 = LINE('',#327,#3552);
#3554 = EDGE_CURVE('',#1535,#1534,#3553,.T.);
#3555 = ORIENTED_EDGE('',*,*,#3554,.T.);
#3556 = VECTOR('',#3072,1.);
#3557 = LINE('',#326,#3556);
#3558 = EDGE_CURVE('',#1534,#1533,#3557,.T.);
#3559 = ORIENTED_EDGE('',*,*,#3558,.T.);
#3560 = VECTOR('',#3077,1.);
#3561 = LINE('',#325,#3560);
#3562 = EDGE_CURVE('',#1533,#1532,#3561,.T.);
#3563 = ORIENTED_EDGE('',*,*,#3562,.T.);
#3564 = VECTOR('',#3082,1.);
#3565 = LINE('',#324,#3564);
#3566 = EDGE_CURVE('',#1532,#1531,#3565,.T.);
#3567 = ORIENTED_EDGE('',*,*,#3566,.T.);
#3568 = VECTOR('',#3087,1.);
#3569 = LINE('',#323,#3568);
#3570 = EDGE_CURVE('',#1531,#1530,#3569,.T.);
#3571 = ORIENTED_EDGE('',*,*,#3570,.T.);
#3572 = VECTOR('',#2447,1.);
#3573 = LINE('',#322,#3572);
#3574 = EDGE_CURVE('',#1530,#1529,#3573,.T.);
#3575 = ORIENTED_EDGE('',*,*,#3574,.T.);
#3576 = VECTOR('',#2452,1.);
#3577 = LINE('',#321,#3576);
#3578 = EDGE_CURVE('',#1529,#1528,#3577,.T.);
#3579 = ORIENTED_EDGE('',*,*,#3578,.T.);
#3580 = VECTOR('',#2457,1.);
#3581 = LINE('',#320,#3580);
#3582 = EDGE_CURVE('',#1528,#1527,#3581,.T.);
#3583 = ORIENTED_EDGE('',*,*,#3582,.T.);
#3584 = VECTOR('',#2462,1.);
#3585 = LINE('',#319,#3584);
#3586 = EDGE_CURVE('',#1527,#1526,#3585,.T.);
#3587 = ORIENTED_EDGE('',*,*,#3586,.T.);
#3588 = VECTOR('',#2467,1.);
#3589 = LINE('',#318,#3588);
#3590 = EDGE_CURVE('',#1526,#1525,#3589,.T.);
#3591 = ORIENTED_EDGE('',*,*,#3590,.T.);
#3592 = VECTOR('',#2442,1.);
#3593 = LINE('',#317,#3592);
#3594 = EDGE_CURVE('',#1525,#1524,#3593,.T.);
#3595 = ORIENTED_EDGE('',*,*,#3594,.T.);
#3596 = VECTOR('',#2447,1.);
#3597 = LINE('',#316,#3596);
#3598 = EDGE_CURVE('',#1524,#1523,#3597,.T.);
#3599 = ORIENTED_EDGE('',*,*,#3598,.T.);
#3600 = VECTOR('',#3067,1.);
#3601 = LINE('',#315,#3600);
#3602 = EDGE_CURVE('',#1523,#1522,#3601,.T.);
#3603 = ORIENTED_EDGE('',*,*,#3602,.T.);
#3604 = VECTOR('',#3072,1.);
#3605 = LINE('',#314,#3604);
#3606 = EDGE_CURVE('',#1522,#1521,#3605,.T.);
#3607 = ORIENTED_EDGE('',*,*,#3606,.T.);
#3608 = VECTOR('',#3077,1.);
#3609 = LINE('',#313,#3608);
#3610 = EDGE_CURVE('',#1521,#1520,#3609,.T.);
#3611 = ORIENTED_EDGE('',*,*,#3610,.T.);
#3612 = VECTOR('',#3082,1.);
#3613 = LINE('',#312,#3612);
#3614 = EDGE_CURVE('',#1520,#1519,#3613,.T.);
#3615 = ORIENTED_EDGE('',*,*,#3614,.T.);
#3616 = VECTOR('',#3087,1.);
#3617 = LINE('',#311,#3616);
#3618 = EDGE_CURVE('',#1519,#1518,#3617,.T.);
#3619 = ORIENTED_EDGE('',*,*,#3618,.T.);
#3620 = VECTOR('',#2447,1.);
#3621 = LINE('',#310,#3620);
#3622 = EDGE_CURVE('',#1518,#1517,#3621,.T.);
#3623 = ORIENTED_EDGE('',*,*,#3622,.T.);
#3624 = VECTOR('',#2452,1.);
#3625 = LINE('',#309,#3624);
#3626 = EDGE_CURVE('',#1517,#1516,#3625,.T.);
#3627 = ORIENTED_EDGE('',*,*,#3626,.T.);
#3628 = VECTOR('',#2457,1.);
#3629 = LINE('',#308,#3628);
#3630 = EDGE_CURVE('',#1516,#1515,#3629,.T.);
#3631 = ORIENTED_EDGE('',*,*,#3630,.T.);
#3632 = VECTOR('',#2462,1.);
#3633 = LINE('',#307,#3632);
#3634 = EDGE_CURVE('',#1515,#1514,#3633,.T.);
#3635 = ORIENTED_EDGE('',*,*,#3634,.T.);
#3636 = VECTOR('',#2467,1.);
#3637 = LINE('',#306,#3636);
#3638 = EDGE_CURVE('',#1514,#1513,#3637,.T.);
#3639 = ORIENTED_EDGE('',*,*,#3638,.T.);
#3640 = VECTOR('',#2442,1.);
#3641 = LINE('',#305,#3640);
#3642 = EDGE_CURVE('',#1513,#1512,#3641,.T.);
#3643 = ORIENTED_EDGE('',*,*,#3642,.T.);
#3644 = VECTOR('',#2447,1.);
#3645 = LINE('',#304,#3644);
#3646 = EDGE_CURVE('',#1512,#1511,#3645,.T.);
#3647 = ORIENTED_EDGE('',*,*,#3646,.T.);
#3648 = DIRECTION('',(0.991444861,-0.130526197,0));
#3649 = VECTOR('',#3648,1.);
#3650 = LINE('',#303,#3649);
#3651 = EDGE_CURVE('',#1511,#1510,#3650,.T.);
#3652 = ORIENTED_EDGE('',*,*,#3651,.T.);
#3653 = DIRECTION('',(0.923879536,-0.382683424,0));
#3654 = VECTOR('',#3653,1.);
#3655 = LINE('',#302,#3654);
#3656 = EDGE_CURVE('',#1510,#1509,#3655,.T.);
#3657 = ORIENTED_EDGE('',*,*,#3656,.T.);
#3658 = DIRECTION('',(0.793353334,-0.608761437,0));
#3659 = VECTOR('',#3658,1.);
#3660 = LINE('',#301,#3659);
#3661 = EDGE_CURVE('',#1509,#1508,#3660,.T.);
#3662 = ORIENTED_EDGE('',*,*,#3661,.T.);
#3663 = DIRECTION('',(0.608761437,-0.793353334,0));
#3664 = VECTOR('',#3663,1.);
#3665 = LINE('',#300,#3664);
#3666 = EDGE_CURVE('',#1508,#1507,#3665,.T.);
#3667 = ORIENTED_EDGE('',*,*,#3666,.T.);
#3668 = DIRECTION('',(0.382683424,-0.923879536,0));
#3669 = VECTOR('',#3668,1.);
#3670 = LINE('',#299,#3669);
#3671 = EDGE_CURVE('',#1507,#1506,#3670,.T.);
#3672 = ORIENTED_EDGE('',*,*,#3671,.T.);
#3673 = DIRECTION('',(0.130526197,-0.991444861,0));
#3674 = VECTOR('',#3673,1.);
#3675 = LINE('',#298,#3674);
#3676 = EDGE_CURVE('',#1506,#1505,#3675,.T.);
#3677 = ORIENTED_EDGE('',*,*,#3676,.T.);
#3678 = VECTOR('',#3067,1.);
#3679 = LINE('',#297,#3678);
#3680 = EDGE_CURVE('',#1505,#1504,#3679,.T.);
#3681 = ORIENTED_EDGE('',*,*,#3680,.T.);
#3682 = VECTOR('',#2496,1.);
#3683 = LINE('',#296,#3682);
#3684 = EDGE_CURVE('',#1504,#1503,#3683,.T.);
#3685 = ORIENTED_EDGE('',*,*,#3684,.T.);
#3686 = DIRECTION('',(-0.98078528,-0.195090325,0));
#3687 = VECTOR('',#3686,1.);
#3688 = LINE('',#295,#3687);
#3689 = EDGE_CURVE('',#1503,#1502,#3688,.T.);
#3690 = ORIENTED_EDGE('',*,*,#3689,.T.);
#3691 = DIRECTION('',(-0.83146961,-0.555570237,0));
#3692 = VECTOR('',#3691,1.);
#3693 = LINE('',#294,#3692);
#3694 = EDGE_CURVE('',#1502,#1501,#3693,.T.);
#3695 = ORIENTED_EDGE('',*,*,#3694,.T.);
#3696 = DIRECTION('',(-0.555570237,-0.83146961,0));
#3697 = VECTOR('',#3696,1.);
#3698 = LINE('',#293,#3697);
#3699 = EDGE_CURVE('',#1501,#1500,#3698,.T.);
#3700 = ORIENTED_EDGE('',*,*,#3699,.T.);
#3701 = DIRECTION('',(-0.195090325,-0.98078528,0));
#3702 = VECTOR('',#3701,1.);
#3703 = LINE('',#292,#3702);
#3704 = EDGE_CURVE('',#1500,#1499,#3703,.T.);
#3705 = ORIENTED_EDGE('',*,*,#3704,.T.);
#3706 = VECTOR('',#3067,1.);
#3707 = LINE('',#291,#3706);
#3708 = EDGE_CURVE('',#1499,#1498,#3707,.T.);
#3709 = ORIENTED_EDGE('',*,*,#3708,.T.);
#3710 = VECTOR('',#3072,1.);
#3711 = LINE('',#290,#3710);
#3712 = EDGE_CURVE('',#1498,#1497,#3711,.T.);
#3713 = ORIENTED_EDGE('',*,*,#3712,.T.);
#3714 = VECTOR('',#3077,1.);
#3715 = LINE('',#289,#3714);
#3716 = EDGE_CURVE('',#1497,#1496,#3715,.T.);
#3717 = ORIENTED_EDGE('',*,*,#3716,.T.);
#3718 = VECTOR('',#3082,1.);
#3719 = LINE('',#288,#3718);
#3720 = EDGE_CURVE('',#1496,#1495,#3719,.T.);
#3721 = ORIENTED_EDGE('',*,*,#3720,.T.);
#3722 = VECTOR('',#3087,1.);
#3723 = LINE('',#287,#3722);
#3724 = EDGE_CURVE('',#1495,#1494,#3723,.T.);
#3725 = ORIENTED_EDGE('',*,*,#3724,.T.);
#3726 = VECTOR('',#2447,1.);
#3727 = LINE('',#286,#3726);
#3728 = EDGE_CURVE('',#1494,#1493,#3727,.T.);
#3729 = ORIENTED_EDGE('',*,*,#3728,.T.);
#3730 = VECTOR('',#3067,1.);
#3731 = LINE('',#285,#3730);
#3732 = EDGE_CURVE('',#1493,#1492,#3731,.T.);
#3733 = ORIENTED_EDGE('',*,*,#3732,.T.);
#3734 = VECTOR('',#2496,1.);
#3735 = LINE('',#284,#3734);
#3736 = EDGE_CURVE('',#1492,#1491,#3735,.T.);
#3737 = ORIENTED_EDGE('',*,*,#3736,.T.);
#3738 = VECTOR('',#3686,1.);
#3739 = LINE('',#283,#3738);
#3740 = EDGE_CURVE('',#1491,#1490,#3739,.T.);
#3741 = ORIENTED_EDGE('',*,*,#3740,.T.);
#3742 = VECTOR('',#3691,1.);
#3743 = LINE('',#282,#3742);
#3744 = EDGE_CURVE('',#1490,#1489,#3743,.T.);
#3745 = ORIENTED_EDGE('',*,*,#3744,.T.);
#3746 = VECTOR('',#3696,1.);
#3747 = LINE('',#281,#3746);
#3748 = EDGE_CURVE('',#1489,#1488,#3747,.T.);
#3749 = ORIENTED_EDGE('',*,*,#3748,.T.);
#3750 = VECTOR('',#3701,1.);
#3751 = LINE('',#280,#3750);
#3752 = EDGE_CURVE('',#1488,#1487,#3751,.T.);
#3753 = ORIENTED_EDGE('',*,*,#3752,.T.);
#3754 = VECTOR('',#3067,1.);
#3755 = LINE('',#279,#3754);
#3756 = EDGE_CURVE('',#1487,#1486,#3755,.T.);
#3757 = ORIENTED_EDGE('',*,*,#3756,.T.);
#3758 = VECTOR('',#3072,1.);
#3759 = LINE('',#278,#3758);
#3760 = EDGE_CURVE('',#1486,#1485,#3759,.T.);
#3761 = ORIENTED_EDGE('',*,*,#3760,.T.);
#3762 = VECTOR('',#3077,1.);
#3763 = LINE('',#277,#3762);
#3764 = EDGE_CURVE('',#1485,#1484,#3763,.T.);
#3765 = ORIENTED_EDGE('',*,*,#3764,.T.);
#3766 = VECTOR('',#3082,1.);
#3767 = LINE('',#276,#3766);
#3768 = EDGE_CURVE('',#1484,#1483,#3767,.T.);
#3769 = ORIENTED_EDGE('',*,*,#3768,.T.);
#3770 = VECTOR('',#3087,1.);
#3771 = LINE('',#275,#3770);
#3772 = EDGE_CURVE('',#1483,#1482,#3771,.T.);
#3773 = ORIENTED_EDGE('',*,*,#3772,.T.);
#3774 = VECTOR('',#2447,1.);
#3775 = LINE('',#274,#3774);
#3776 = EDGE_CURVE('',#1482,#1481,#3775,.T.);
#3777 = ORIENTED_EDGE('',*,*,#3776,.T.);
#3778 = VECTOR('',#3067,1.);
#3779 = LINE('',#273,#3778);
#3780 = EDGE_CURVE('',#1481,#1480,#3779,.T.);
#3781 = ORIENTED_EDGE('',*,*,#3780,.T.);
#3782 = VECTOR('',#2496,1.);
#3783 = LINE('',#272,#3782);
#3784 = EDGE_CURVE('',#1480,#1479,#3783,.T.);
#3785 = ORIENTED_EDGE('',*,*,#3784,.T.);
#3786 = VECTOR('',#3686,1.);
#3787 = LINE('',#271,#3786);
#3788 = EDGE_CURVE('',#1479,#1478,#3787,.T.);
#3789 = ORIENTED_EDGE('',*,*,#3788,.T.);
#3790 = VECTOR('',#3691,1.);
#3791 = LINE('',#270,#3790);
#3792 = EDGE_CURVE('',#1478,#1477,#3791,.T.);
#3793 = ORIENTED_EDGE('',*,*,#3792,.T.);
#3794 = VECTOR('',#3696,1.);
#3795 = LINE('',#269,#3794);
#3796 = EDGE_CURVE('',#1477,#1476,#3795,.T.);
#3797 = ORIENTED_EDGE('',*,*,#3796,.T.);
#3798 = VECTOR('',#3701,1.);
#3799 = LINE('',#268,#3798);
#3800 = EDGE_CURVE('',#1476,#1475,#3799,.T.);
#3801 = ORIENTED_EDGE('',*,*,#3800,.T.);
#3802 = VECTOR('',#3067,1.);
#3803 = LINE('',#267,#3802);
#3804 = EDGE_CURVE('',#1475,#1474,#3803,.T.);
#3805 = ORIENTED_EDGE('',*,*,#3804,.T.);
#3806 = VECTOR('',#3072,1.);
#3807 = LINE('',#266,#3806);
#3808 = EDGE_CURVE('',#1474,#1473,#3807,.T.);
#3809 = ORIENTED_EDGE('',*,*,#3808,.T.);
#3810 = VECTOR('',#3077,1.);
#3811 = LINE('',#265,#3810);
#3812 = EDGE_CURVE('',#1473,#1472,#3811,.T.);
#3813 = ORIENTED_EDGE('',*,*,#3812,.T.);
#3814 = VECTOR('',#3082,1.);
#3815 = LINE('',#264,#3814);
#3816 = EDGE_CURVE('',#1472,#1471,#3815,.T.);
#3817 = ORIENTED_EDGE('',*,*,#3816,.T.);
#3818 = VECTOR('',#3087,1.);
#3819 = LINE('',#263,#3818);
#3820 = EDGE_CURVE('',#1471,#1470,#3819,.T.);
#3821 = ORIENTED_EDGE('',*,*,#3820,.T.);
#3822 = VECTOR('',#2447,1.);
#3823 = LINE('',#262,#3822);
#3824 = EDGE_CURVE('',#1470,#1469,#3823,.T.);
#3825 = ORIENTED_EDGE('',*,*,#3824,.T.);
#3826 = VECTOR('',#3067,1.);
#3827 = LINE('',#261,#3826);
#3828 = EDGE_CURVE('',#1469,#1468,#3827,.T.);
#3829 = ORIENTED_EDGE('',*,*,#3828,.T.);
#3830 = VECTOR('',#2496,1.);
#3831 = LINE('',#260,#3830);
#3832 = EDGE_CURVE('',#1468,#1467,#3831,.T.);
#3833 = ORIENTED_EDGE('',*,*,#3832,.T.);
#3834 = VECTOR('',#3686,1.);
#3835 = LINE('',#259,#3834);
#3836 = EDGE_CURVE('',#1467,#1466,#3835,.T.);
#3837 = ORIENTED_EDGE('',*,*,#3836,.T.);
#3838 = VECTOR('',#3691,1.);
#3839 = LINE('',#258,#3838);
#3840 = EDGE_CURVE('',#1466,#1465,#3839,.T.);
#3841 = ORIENTED_EDGE('',*,*,#3840,.T.);
#3842 = VECTOR('',#3696,1.);
#3843 = LINE('',#257,#3842);
#3844 = EDGE_CURVE('',#1465,#1464,#3843,.T.);
#3845 = ORIENTED_EDGE('',*,*,#3844,.T.);
#3846 = VECTOR('',#3701,1.);
#3847 = LINE('',#256,#3846);
#3848 = EDGE_CURVE('',#1464,#1463,#3847,.T.);
#3849 = ORIENTED_EDGE('',*,*,#3848,.T.);
#3850 = VECTOR('',#3067,1.);
#3851 = LINE('',#255,#3850);
#3852 = EDGE_CURVE('',#1463,#1462,#3851,.T.);
#3853 = ORIENTED_EDGE('',*,*,#3852,.T.);
#3854 = VECTOR('',#3072,1.);
#3855 = LINE('',#254,#3854);
#3856 = EDGE_CURVE('',#1462,#1461,#3855,.T.);
#3857 = ORIENTED_EDGE('',*,*,#3856,.T.);
#3858 = VECTOR('',#3077,1.);
#3859 = LINE('',#253,#3858);
#3860 = EDGE_CURVE('',#1461,#1460,#3859,.T.);
#3861 = ORIENTED_EDGE('',*,*,#3860,.T.);
#3862 = VECTOR('',#3082,1.);
#3863 = LINE('',#252,#3862);
#3864 = EDGE_CURVE('',#1460,#1459,#3863,.T.);
#3865 = ORIENTED_EDGE('',*,*,#3864,.T.);
#3866 = VECTOR('',#3087,1.);
#3867 = LINE('',#251,#3866);
#3868 = EDGE_CURVE('',#1459,#1458,#3867,.T.);
#3869 = ORIENTED_EDGE('',*,*,#3868,.T.);
#3870 = VECTOR('',#2447,1.);
#3871 = LINE('',#250,#3870);
#3872 = EDGE_CURVE('',#1458,#1457,#3871,.T.);
#3873 = ORIENTED_EDGE('',*,*,#3872,.T.);
#3874 = VECTOR('',#3067,1.);
#3875 = LINE('',#249,#3874);
#3876 = EDGE_CURVE('',#1457,#1456,#3875,.T.);
#3877 = ORIENTED_EDGE('',*,*,#3876,.T.);
#3878 = VECTOR('',#2496,1.);
#3879 = LINE('',#248,#3878);
#3880 = EDGE_CURVE('',#1456,#1455,#3879,.T.);
#3881 = ORIENTED_EDGE('',*,*,#3880,.T.);
#3882 = VECTOR('',#3686,1.);
#3883 = LINE('',#247,#3882);
#3884 = EDGE_CURVE('',#1455,#1454,#3883,.T.);
#3885 = ORIENTED_EDGE('',*,*,#3884,.T.);
#3886 = VECTOR('',#3691,1.);
#3887 = LINE('',#246,#3886);
#3888 = EDGE_CURVE('',#1454,#1453,#3887,.T.);
#3889 = ORIENTED_EDGE('',*,*,#3888,.T.);
#3890 = VECTOR('',#3696,1.);
#3891 = LINE('',#245,#3890);
#3892 = EDGE_CURVE('',#1453,#1452,#3891,.T.);
#3893 = ORIENTED_EDGE('',*,*,#3892,.T.);
#3894 = VECTOR('',#3701,1.);
#3895 = LINE('',#244,#3894);
#3896 = EDGE_CURVE('',#1452,#1451,#3895,.T.);
#3897 = ORIENTED_EDGE('',*,*,#3896,.T.);
#3898 = VECTOR('',#3067,1.);
#3899 = LINE('',#243,#3898);
#3900 = EDGE_CURVE('',#1451,#1450,#3899,.T.);
#3901 = ORIENTED_EDGE('',*,*,#3900,.T.);
#3902 = VECTOR('',#3072,1.);
#3903 = LINE('',#242,#3902);
#3904 = EDGE_CURVE('',#1450,#1449,#3903,.T.);
#3905 = ORIENTED_EDGE('',*,*,#3904,.T.);
#3906 = VECTOR('',#3077,1.);
#3907 = LINE('',#241,#3906);
#3908 = EDGE_CURVE('',#1449,#1448,#3907,.T.);
#3909 = ORIENTED_EDGE('',*,*,#3908,.T.);
#3910 = VECTOR('',#3082,1.);
#3911 = LINE('',#240,#3910);
#3912 = EDGE_CURVE('',#1448,#1447,#3911,.T.);
#3913 = ORIENTED_EDGE('',*,*,#3912,.T.);
#3914 = VECTOR('',#3087,1.);
#3915 = LINE('',#239,#3914);
#3916 = EDGE_CURVE('',#1447,#1446,#3915,.T.);
#3917 = ORIENTED_EDGE('',*,*,#3916,.T.);
#3918 = VECTOR('',#2447,1.);
#3919 = LINE('',#238,#3918);
#3920 = EDGE_CURVE('',#1446,#1445,#3919,.T.);
#3921 = ORIENTED_EDGE('',*,*,#3920,.T.);
#3922 = VECTOR('',#3067,1.);
#3923 = LINE('',#237,#3922);
#3924 = EDGE_CURVE('',#1445,#1444,#3923,.T.);
#3925 = ORIENTED_EDGE('',*,*,#3924,.T.);
#3926 = VECTOR('',#2496,1.);
#3927 = LINE('',#236,#3926);
#3928 = EDGE_CURVE('',#1444,#1443,#3927,.T.);
#3929 = ORIENTED_EDGE('',*,*,#3928,.T.);
#3930 = VECTOR('',#3686,1.);
#3931 = LINE('',#235,#3930);
#3932 = EDGE_CURVE('',#1443,#1442,#3931,.T.);
#3933 = ORIENTED_EDGE('',*,*,#3932,.T.);
#3934 = VECTOR('',#3691,1.);
#3935 = LINE('',#234,#3934);
#3936 = EDGE_CURVE('',#1442,#1441,#3935,.T.);
#3937 = ORIENTED_EDGE('',*,*,#3936,.T.);
#3938 = VECTOR('',#3696,1.);
#3939 = LINE('',#233,#3938);
#3940 = EDGE_CURVE('',#1441,#1440,#3939,.T.);
#3941 = ORIENTED_EDGE('',*,*,#3940,.T.);
#3942 = VECTOR('',#3701,1.);
#3943 = LINE('',#232,#3942);
#3944 = EDGE_CURVE('',#1440,#1439,#3943,.T.);
#3945 = ORIENTED_EDGE('',*,*,#3944,.T.);
#3946 = VECTOR('',#3067,1.);
#3947 = LINE('',#231,#3946);
#3948 = EDGE_CURVE('',#1439,#1438,#3947,.T.);
#3949 = ORIENTED_EDGE('',*,*,#3948,.T.);
#3950 = VECTOR('',#3072,1.);
#3951 = LINE('',#230,#3950);
#3952 = EDGE_CURVE('',#1438,#1437,#3951,.T.);
#3953 = ORIENTED_EDGE('',*,*,#3952,.T.);
#3954 = VECTOR('',#3077,1.);
#3955 = LINE('',#229,#3954);
#3956 = EDGE_CURVE('',#1437,#1436,#3955,.T.);
#3957 = ORIENTED_EDGE('',*,*,#3956,.T.);
#3958 = VECTOR('',#3082,1.);
#3959 = LINE('',#228,#3958);
#3960 = EDGE_CURVE('',#1436,#1435,#3959,.T.);
#3961 = ORIENTED_EDGE('',*,*,#3960,.T.);
#3962 = VECTOR('',#3087,1.);
#3963 = LINE('',#227,#3962);
#3964 = EDGE_CURVE('',#1435,#1434,#3963,.T.);
#3965 = ORIENTED_EDGE('',*,*,#3964,.T.);
#3966 = VECTOR('',#2447,1.);
#3967 = LINE('',#226,#3966);
#3968 = EDGE_CURVE('',#1434,#1433,#3967,.T.);
#3969 = ORIENTED_EDGE('',*,*,#3968,.T.);
#3970 = VECTOR('',#3067,1.);
#3971 = LINE('',#225,#3970);
#3972 = EDGE_CURVE('',#1433,#1432,#3971,.T.);
#3973 = ORIENTED_EDGE('',*,*,#3972,.T.);
#3974 = VECTOR('',#2496,1.);
#3975 = LINE('',#224,#3974);
#3976 = EDGE_CURVE('',#1432,#1431,#3975,.T.);
#3977 = ORIENTED_EDGE('',*,*,#3976,.T.);
#3978 = VECTOR('',#3686,1.);
#3979 = LINE('',#223,#3978);
#3980 = EDGE_CURVE('',#1431,#1430,#3979,.T.);
#3981 = ORIENTED_EDGE('',*,*,#3980,.T.);
#3982 = VECTOR('',#3691,1.);
#3983 = LINE('',#222,#3982);
#3984 = EDGE_CURVE('',#1430,#1429,#3983,.T.);
#3985 = ORIENTED_EDGE('',*,*,#3984,.T.);
#3986 = VECTOR('',#3696,1.);
#3987 = LINE('',#221,#3986);
#3988 = EDGE_CURVE('',#1429,#1428,#3987,.T.);
#3989 = ORIENTED_EDGE('',*,*,#3988,.T.);
#3990 = VECTOR('',#3701,1.);
#3991 = LINE('',#220,#3990);
#3992 = EDGE_CURVE('',#1428,#1427,#3991,.T.);
#3993 = ORIENTED_EDGE('',*,*,#3992,.T.);
#3994 = VECTOR('',#3067,1.);
#3995 = LINE('',#219,#3994);
#3996 = EDGE_CURVE('',#1427,#1426,#3995,.T.);
#3997 = ORIENTED_EDGE('',*,*,#3996,.T.);
#3998 = VECTOR('',#3072,1.);
#3999 = LINE('',#218,#3998);
#4000 = EDGE_CURVE('',#1426,#1425,#3999,.T.);
#4001 = ORIENTED_EDGE('',*,*,#4000,.T.);
#4002 = VECTOR('',#3077,1.);
#4003 = LINE('',#217,#4002);
#4004 = EDGE_CURVE('',#1425,#1424,#4003,.T.);
#4005 = ORIENTED_EDGE('',*,*,#4004,.T.);
#4006 = VECTOR('',#3082,1.);
#4007 = LINE('',#216,#4006);
#4008 = EDGE_CURVE('',#1424,#1423,#4007,.T.);
#4009 = ORIENTED_EDGE('',*,*,#4008,.T.);
#4010 = VECTOR('',#3087,1.);
#4011 = LINE('',#215,#4010);
#4012 = EDGE_CURVE('',#1423,#1422,#4011,.T.);
#4013 = ORIENTED_EDGE('',*,*,#4012,.T.);
#4014 = VECTOR('',#2447,1.);
#4015 = LINE('',#214,#4014);
#4016 = EDGE_CURVE('',#1422,#1421,#4015,.T.);
#4017 = ORIENTED_EDGE('',*,*,#4016,.T.);
#4018 = VECTOR('',#3067,1.);
#4019 = LINE('',#213,#4018);
#4020 = EDGE_CURVE('',#1421,#1420,#4019,.T.);
#4021 = ORIENTED_EDGE('',*,*,#4020,.T.);
#4022 = VECTOR('',#2496,1.);
#4023 = LINE('',#212,#4022);
#4024 = EDGE_CURVE('',#1420,#1419,#4023,.T.);
#4025 = ORIENTED_EDGE('',*,*,#4024,.T.);
#4026 = VECTOR('',#3686,1.);
#4027 = LINE('',#211,#4026);
#4028 = EDGE_CURVE('',#1419,#1418,#4027,.T.);
#4029 = ORIENTED_EDGE('',*,*,#4028,.T.);
#4030 = VECTOR('',#3691,1.);
#4031 = LINE('',#210,#4030);
#4032 = EDGE_CURVE('',#1418,#1417,#4031,.T.);
#4033 = ORIENTED_EDGE('',*,*,#4032,.T.);
#4034 = VECTOR('',#3696,1.);
#4035 = LINE('',#209,#4034);
#4036 = EDGE_CURVE('',#1417,#1416,#4035,.T.);
#4037 = ORIENTED_EDGE('',*,*,#4036,.T.);
#4038 = VECTOR('',#3701,1.);
#4039 = LINE('',#208,#4038);
#4040 = EDGE_CURVE('',#1416,#1415,#4039,.T.);
#4041 = ORIENTED_EDGE('',*,*,#4040,.T.);
#4042 = VECTOR('',#3067,1.);
#4043 = LINE('',#207,#4042);
#4044 = EDGE_CURVE('',#1415,#1414,#4043,.T.);
#4045 = ORIENTED_EDGE('',*,*,#4044,.T.);
#4046 = VECTOR('',#3072,1.);
#4047 = LINE('',#206,#4046);
#4048 = EDGE_CURVE('',#1414,#1413,#4047,.T.);
#4049 = ORIENTED_EDGE('',*,*,#4048,.T.);
#4050 = VECTOR('',#3077,1.);
#4051 = LINE('',#205,#4050);
#4052 = EDGE_CURVE('',#1413,#1412,#4051,.T.);
#4053 = ORIENTED_EDGE('',*,*,#4052,.T.);
#4054 = VECTOR('',#3082,1.);
#4055 = LINE('',#204,#4054);
#4056 = EDGE_CURVE('',#1412,#1411,#4055,.T.);
#4057 = ORIENTED_EDGE('',*,*,#4056,.T.);
#4058 = VECTOR('',#3087,1.);
#4059 = LINE('',#203,#4058);
#4060 = EDGE_CURVE('',#1411,#1410,#4059,.T.);
#4061 = ORIENTED_EDGE('',*,*,#4060,.T.);
#4062 = VECTOR('',#2447,1.);
#4063 = LINE('',#202,#4062);
#4064 = EDGE_CURVE('',#1410,#1409,#4063,.T.);
#4065 = ORIENTED_EDGE('',*,*,#4064,.T.);
#4066 = VECTOR('',#3067,1.);
#4067 = LINE('',#201,#4066);
#4068 = EDGE_CURVE('',#1409,#1408,#4067,.T.);
#4069 = ORIENTED_EDGE('',*,*,#4068,.T.);
#4070 = VECTOR('',#2496,1.);
#4071 = LINE('',#200,#4070);
#4072 = EDGE_CURVE('',#1408,#1407,#4071,.T.);
#4073 = ORIENTED_EDGE('',*,*,#4072,.T.);
#4074 = VECTOR('',#3686,1.);
#4075 = LINE('',#199,#4074);
#4076 = EDGE_CURVE('',#1407,#1406,#4075,.T.);
#4077 = ORIENTED_EDGE('',*,*,#4076,.T.);
#4078 = VECTOR('',#3691,1.);
#4079 = LINE('',#198,#4078);
#4080 = EDGE_CURVE('',#1406,#1405,#4079,.T.);
#4081 = ORIENTED_EDGE('',*,*,#4080,.T.);
#4082 = VECTOR('',#3696,1.);
#4083 = LINE('',#197,#4082);
#4084 = EDGE_CURVE('',#1405,#1404,#4083,.T.);
#4085 = ORIENTED_EDGE('',*,*,#4084,.T.);
#4086 = VECTOR('',#3701,1.);
#4087 = LINE('',#196,#4086);
#4088 = EDGE_CURVE('',#1404,#1403,#4087,.T.);
#4089 = ORIENTED_EDGE('',*,*,#4088,.T.);
#4090 = VECTOR('',#3067,1.);
#4091 = LINE('',#195,#4090);
#4092 = EDGE_CURVE('',#1403,#1402,#4091,.T.);
#4093 = ORIENTED_EDGE('',*,*,#4092,.T.);
#4094 = VECTOR('',#3072,1.);
#4095 = LINE('',#194,#4094);
#4096 = EDGE_CURVE('',#1402,#1401,#4095,.T.);
#4097 = ORIENTED_EDGE('',*,*,#4096,.T.);
#4098 = VECTOR('',#3077,1.);
#4099 = LINE('',#193,#4098);
#4100 = EDGE_CURVE('',#1401,#1400,#4099,.T.);
#4101 = ORIENTED_EDGE('',*,*,#4100,.T.);
#4102 = VECTOR('',#3082,1.);
#4103 = LINE('',#192,#4102);
#4104 = EDGE_CURVE('',#1400,#1399,#4103,.T.);
#4105 = ORIENTED_EDGE('',*,*,#4104,.T.);
#4106 = VECTOR('',#3087,1.);
#4107 = LINE('',#191,#4106);
#4108 = EDGE_CURVE('',#1399,#1398,#4107,.T.);
#4109 = ORIENTED_EDGE('',*,*,#4108,.T.);
#4110 = VECTOR('',#2447,1.);
#4111 = LINE('',#190,#4110);
#4112 = EDGE_CURVE('',#1398,#1397,#4111,.T.);
#4113 = ORIENTED_EDGE('',*,*,#4112,.T.);
#4114 = VECTOR('',#3067,1.);
#4115 = LINE('',#189,#4114);
#4116 = EDGE_CURVE('',#1397,#1396,#4115,.T.);
#4117 = ORIENTED_EDGE('',*,*,#4116,.T.);
#4118 = VECTOR('',#2496,1.);
#4119 = LINE('',#188,#4118);
#4120 = EDGE_CURVE('',#1396,#1395,#4119,.T.);
#4121 = ORIENTED_EDGE('',*,*,#4120,.T.);
#4122 = VECTOR('',#3686,1.);
#4123 = LINE('',#187,#4122);
#4124 = EDGE_CURVE('',#1395,#1394,#4123,.T.);
#4125 = ORIENTED_EDGE('',*,*,#4124,.T.);
#4126 = VECTOR('',#3691,1.);
#4127 = LINE('',#186,#4126);
#4128 = EDGE_CURVE('',#1394,#1393,#4127,.T.);
#4129 = ORIENTED_EDGE('',*,*,#4128,.T.);
#4130 = VECTOR('',#3696,1.);
#4131 = LINE('',#185,#4130);
#4132 = EDGE_CURVE('',#1393,#1392,#4131,.T.);
#4133 = ORIENTED_EDGE('',*,*,#4132,.T.);
#4134 = VECTOR('',#3701,1.);
#4135 = LINE('',#184,#4134);
#4136 = EDGE_CURVE('',#1392,#1391,#4135,.T.);
#4137 = ORIENTED_EDGE('',*,*,#4136,.T.);
#4138 = VECTOR('',#3067,1.);
#4139 = LINE('',#183,#4138);
#4140 = EDGE_CURVE('',#1391,#1390,#4139,.T.);
#4141 = ORIENTED_EDGE('',*,*,#4140,.T.);
#4142 = VECTOR('',#3072,1.);
#4143 = LINE('',#182,#4142);
#4144 = EDGE_CURVE('',#1390,#1389,#4143,.T.);
#4145 = ORIENTED_EDGE('',*,*,#4144,.T.);
#4146 = VECTOR('',#3077,1.);
#4147 = LINE('',#181,#4146);
#4148 = EDGE_CURVE('',#1389,#1388,#4147,.T.);
#4149 = ORIENTED_EDGE('',*,*,#4148,.T.);
#4150 = VECTOR('',#3082,1.);
#4151 = LINE('',#180,#4150);
#4152 = EDGE_CURVE('',#1388,#1387,#4151,.T.);
#4153 = ORIENTED_EDGE('',*,*,#4152,.T.);
#4154 = VECTOR('',#3087,1.);
#4155 = LINE('',#179,#4154);
#4156 = EDGE_CURVE('',#1387,#1386,#4155,.T.);
#4157 = ORIENTED_EDGE('',*,*,#4156,.T.);
#4158 = VECTOR('',#2447,1.);
#4159 = LINE('',#178,#4158);
#4160 = EDGE_CURVE('',#1386,#1385,#4159,.T.);
#4161 = ORIENTED_EDGE('',*,*,#4160,.T.);
#4162 = VECTOR('',#3067,1.);
#4163 = LINE('',#177,#4162);
#4164 = EDGE_CURVE('',#1385,#1384,#4163,.T.);
#4165 = ORIENTED_EDGE('',*,*,#4164,.T.);
#4166 = VECTOR('',#2496,1.);
#4167 = LINE('',#176,#4166);
#4168 = EDGE_CURVE('',#1384,#1383,#4167,.T.);
#4169 = ORIENTED_EDGE('',*,*,#4168,.T.);
#4170 = VECTOR('',#3686,1.);
#4171 = LINE('',#175,#4170);
#4172 = EDGE_CURVE('',#1383,#1382,#4171,.T.);
#4173 = ORIENTED_EDGE('',*,*,#4172,.T.);
#4174 = VECTOR('',#3691,1.);
#4175 = LINE('',#174,#4174);
#4176 = EDGE_CURVE('',#1382,#1381,#4175,.T.);
#4177 = ORIENTED_EDGE('',*,*,#4176,.T.);
#4178 = VECTOR('',#3696,1.);
#4179 = LINE('',#173,#4178);
#4180 = EDGE_CURVE('',#1381,#1380,#4179,.T.);
#4181 = ORIENTED_EDGE('',*,*,#4180,.T.);
#4182 = VECTOR('',#3701,1.);
#4183 = LINE('',#172,#4182);
#4184 = EDGE_CURVE('',#1380,#1379,#4183,.T.);
#4185 = ORIENTED_EDGE('',*,*,#4184,.T.);
#4186 = VECTOR('',#3067,1.);
#4187 = LINE('',#171,#4186);
#4188 = EDGE_CURVE('',#1379,#1378,#4187,.T.);
#4189 = ORIENTED_EDGE('',*,*,#4188,.T.);
#4190 = VECTOR('',#3072,1.);
#4191 = LINE('',#170,#4190);
#4192 = EDGE_CURVE('',#1378,#1377,#4191,.T.);
#4193 = ORIENTED_EDGE('',*,*,#4192,.T.);
#4194 = VECTOR('',#3077,1.);
#4195 = LINE('',#169,#4194);
#4196 = EDGE_CURVE('',#1377,#1376,#4195,.T.);
#4197 = ORIENTED_EDGE('',*,*,#4196,.T.);
#4198 = VECTOR('',#3082,1.);
#4199 = LINE('',#168,#4198);
#4200 = EDGE_CURVE('',#1376,#1375,#4199,.T.);
#4201 = ORIENTED_EDGE('',*,*,#4200,.T.);
#4202 = VECTOR('',#3087,1.);
#4203 = LINE('',#167,#4202);
#4204 = EDGE_CURVE('',#1375,#1374,#4203,.T.);
#4205 = ORIENTED_EDGE('',*,*,#4204,.T.);
#4206 = VECTOR('',#2447,1.);
#4207 = LINE('',#166,#4206);
#4208 = EDGE_CURVE('',#1374,#1373,#4207,.T.);
#4209 = ORIENTED_EDGE('',*,*,#4208,.T.);
#4210 = VECTOR('',#3067,1.);
#4211 = LINE('',#165,#4210);
#4212 = EDGE_CURVE('',#1373,#1372,#4211,.T.);
#4213 = ORIENTED_EDGE('',*,*,#4212,.T.);
#4214 = VECTOR('',#2496,1.);
#4215 = LINE('',#164,#4214);
#4216 = EDGE_CURVE('',#1372,#1371,#4215,.T.);
#4217 = ORIENTED_EDGE('',*,*,#4216,.T.);
#4218 = VECTOR('',#3686,1.);
#4219 = LINE('',#163,#4218);
#4220 = EDGE_CURVE('',#1371,#1370,#4219,.T.);
#4221 = ORIENTED_EDGE('',*,*,#4220,.T.);
#4222 = VECTOR('',#3691,1.);
#4223 = LINE('',#162,#4222);
#4224 = EDGE_CURVE('',#1370,#1369,#4223,.T.);
#4225 = ORIENTED_EDGE('',*,*,#4224,.T.);
#4226 = VECTOR('',#3696,1.);
#4227 = LINE('',#161,#4226);
#4228 = EDGE_CURVE('',#1369,#1368,#4227,.T.);
#4229 = ORIENTED_EDGE('',*,*,#4228,.T.);
#4230 = VECTOR('',#3701,1.);
#4231 = LINE('',#160,#4230);
#4232 = EDGE_CURVE('',#1368,#1367,#4231,.T.);
#4233 = ORIENTED_EDGE('',*,*,#4232,.T.);
#4234 = VECTOR('',#3067,1.);
#4235 = LINE('',#159,#4234);
#4236 = EDGE_CURVE('',#1367,#1366,#4235,.T.);
#4237 = ORIENTED_EDGE('',*,*,#4236,.T.);
#4238 = VECTOR('',#3072,1.);
#4239 = LINE('',#158,#4238);
#4240 = EDGE_CURVE('',#1366,#1365,#4239,.T.);
#4241 = ORIENTED_EDGE('',*,*,#4240,.T.);
#4242 = VECTOR('',#3077,1.);
#4243 = LINE('',#157,#4242);
#4244 = EDGE_CURVE('',#1365,#1364,#4243,.T.);
#4245 = ORIENTED_EDGE('',*,*,#4244,.T.);
#4246 = VECTOR('',#3082,1.);
#4247 = LINE('',#156,#4246);
#4248 = EDGE_CURVE('',#1364,#1363,#4247,.T.);
#4249 = ORIENTED_EDGE('',*,*,#4248,.T.);
#4250 = VECTOR('',#3087,1.);
#4251 = LINE('',#155,#4250);
#4252 = EDGE_CURVE('',#1363,#1362,#4251,.T.);
#4253 = ORIENTED_EDGE('',*,*,#4252,.T.);
#4254 = VECTOR('',#2447,1.);
#4255 = LINE('',#154,#4254);
#4256 = EDGE_CURVE('',#1362,#1361,#4255,.T.);
#4257 = ORIENTED_EDGE('',*,*,#4256,.T.);
#4258 = VECTOR('',#3067,1.);
#4259 = LINE('',#153,#4258);
#4260 = EDGE_CURVE('',#1361,#1360,#4259,.T.);
#4261 = ORIENTED_EDGE('',*,*,#4260,.T.);
#4262 = DIRECTION('',(-0.130526197,-0.991444861,0));
#4263 = VECTOR('',#4262,1.);
#4264 = LINE('',#152,#4263);
#4265 = EDGE_CURVE('',#1360,#1359,#4264,.T.);
#4266 = ORIENTED_EDGE('',*,*,#4265,.T.);
#4267 = DIRECTION('',(-0.382683424,-0.923879536,0));
#4268 = VECTOR('',#4267,1.);
#4269 = LINE('',#151,#4268);
#4270 = EDGE_CURVE('',#1359,#1358,#4269,.T.);
#4271 = ORIENTED_EDGE('',*,*,#4270,.T.);
#4272 = DIRECTION('',(-0.608761437,-0.793353334,0));
#4273 = VECTOR('',#4272,1.);
#4274 = LINE('',#150,#4273);
#4275 = EDGE_CURVE('',#1358,#1357,#4274,.T.);
#4276 = ORIENTED_EDGE('',*,*,#4275,.T.);
#4277 = DIRECTION('',(-0.793353334,-0.608761437,0));
#4278 = VECTOR('',#4277,1.);
#4279 = LINE('',#149,#4278);
#4280 = EDGE_CURVE('',#1357,#1356,#4279,.T.);
#4281 = ORIENTED_EDGE('',*,*,#4280,.T.);
#4282 = DIRECTION('',(-0.923879536,-0.382683424,0));
#4283 = VECTOR('',#4282,1.);
#4284 = LINE('',#148,#4283);
#4285 = EDGE_CURVE('',#1356,#1355,#4284,.T.);
#4286 = ORIENTED_EDGE('',*,*,#4285,.T.);
#4287 = DIRECTION('',(-0.991444861,-0.130526197,0));
#4288 = VECTOR('',#4287,1.);
#4289 = LINE('',#147,#4288);
#4290 = EDGE_CURVE('',#1355,#1354,#4289,.T.);
#4291 = ORIENTED_EDGE('',*,*,#4290,.T.);
#4292 = VECTOR('',#2496,1.);
#4293 = LINE('',#146,#4292);
#4294 = EDGE_CURVE('',#1354,#1353,#4293,.T.);
#4295 = ORIENTED_EDGE('',*,*,#4294,.T.);
#4296 = VECTOR('',#2442,1.);
#4297 = LINE('',#145,#4296);
#4298 = EDGE_CURVE('',#1353,#1352,#4297,.T.);
#4299 = ORIENTED_EDGE('',*,*,#4298,.T.);
#4300 = VECTOR('',#2476,1.);
#4301 = LINE('',#144,#4300);
#4302 = EDGE_CURVE('',#1352,#1351,#4301,.T.);
#4303 = ORIENTED_EDGE('',*,*,#4302,.T.);
#4304 = VECTOR('',#2481,1.);
#4305 = LINE('',#143,#4304);
#4306 = EDGE_CURVE('',#1351,#1350,#4305,.T.);
#4307 = ORIENTED_EDGE('',*,*,#4306,.T.);
#4308 = VECTOR('',#2486,1.);
#4309 = LINE('',#142,#4308);
#4310 = EDGE_CURVE('',#1350,#1349,#4309,.T.);
#4311 = ORIENTED_EDGE('',*,*,#4310,.T.);
#4312 = VECTOR('',#2491,1.);
#4313 = LINE('',#141,#4312);
#4314 = EDGE_CURVE('',#1349,#1348,#4313,.T.);
#4315 = ORIENTED_EDGE('',*,*,#4314,.T.);
#4316 = VECTOR('',#2496,1.);
#4317 = LINE('',#140,#4316);
#4318 = EDGE_CURVE('',#1348,#1347,#4317,.T.);
#4319 = ORIENTED_EDGE('',*,*,#4318,.T.);
#4320 = VECTOR('',#3686,1.);
#4321 = LINE('',#139,#4320);
#4322 = EDGE_CURVE('',#1347,#1346,#4321,.T.);
#4323 = ORIENTED_EDGE('',*,*,#4322,.T.);
#4324 = VECTOR('',#3691,1.);
#4325 = LINE('',#138,#4324);
#4326 = EDGE_CURVE('',#1346,#1345,#4325,.T.);
#4327 = ORIENTED_EDGE('',*,*,#4326,.T.);
#4328 = VECTOR('',#3696,1.);
#4329 = LINE('',#137,#4328);
#4330 = EDGE_CURVE('',#1345,#1344,#4329,.T.);
#4331 = ORIENTED_EDGE('',*,*,#4330,.T.);
#4332 = VECTOR('',#3701,1.);
#4333 = LINE('',#136,#4332);
#4334 = EDGE_CURVE('',#1344,#1343,#4333,.T.);
#4335 = ORIENTED_EDGE('',*,*,#4334,.T.);
#4336 = VECTOR('',#3067,1.);
#4337 = LINE('',#135,#4336);
#4338 = EDGE_CURVE('',#1343,#1342,#4337,.T.);
#4339 = ORIENTED_EDGE('',*,*,#4338,.T.);
#4340 = VECTOR('',#2496,1.);
#4341 = LINE('',#134,#4340);
#4342 = EDGE_CURVE('',#1342,#1341,#4341,.T.);
#4343 = ORIENTED_EDGE('',*,*,#4342,.T.);
#4344 = VECTOR('',#2442,1.);
#4345 = LINE('',#133,#4344);
#4346 = EDGE_CURVE('',#1341,#1340,#4345,.T.);
#4347 = ORIENTED_EDGE('',*,*,#4346,.T.);
#4348 = VECTOR('',#2476,1.);
#4349 = LINE('',#132,#4348);
#4350 = EDGE_CURVE('',#1340,#1339,#4349,.T.);
#4351 = ORIENTED_EDGE('',*,*,#4350,.T.);
#4352 = VECTOR('',#2481,1.);
#4353 = LINE('',#131,#4352);
#4354 = EDGE_CURVE('',#1339,#1338,#4353,.T.);
#4355 = ORIENTED_EDGE('',*,*,#4354,.T.);
#4356 = VECTOR('',#2486,1.);
#4357 = LINE('',#130,#4356);
#4358 = EDGE_CURVE('',#1338,#1337,#4357,.T.);
#4359 = ORIENTED_EDGE('',*,*,#4358,.T.);
#4360 = VECTOR('',#2491,1.);
#4361 = LINE('',#129,#4360);
#4362 = EDGE_CURVE('',#1337,#1336,#4361,.T.);
#4363 = ORIENTED_EDGE('',*,*,#4362,.T.);
#4364 = VECTOR('',#2496,1.);
#4365 = LINE('',#128,#4364);
#4366 = EDGE_CURVE('',#1336,#1335,#4365,.T.);
#4367 = ORIENTED_EDGE('',*,*,#4366,.T.);
#4368 = VECTOR('',#3686,1.);
#4369 = LINE('',#127,#4368);
#4370 = EDGE_CURVE('',#1335,#1334,#4369,.T.);
#4371 = ORIENTED_EDGE('',*,*,#4370,.T.);
#4372 = VECTOR('',#3691,1.);
#4373 = LINE('',#126,#4372);
#4374 = EDGE_CURVE('',#1334,#1333,#4373,.T.);
#4375 = ORIENTED_EDGE('',*,*,#4374,.T.);
#4376 = VECTOR('',#3696,1.);
#4377 = LINE('',#125,#4376);
#4378 = EDGE_CURVE('',#1333,#1332,#4377,.T.);
#4379 = ORIENTED_EDGE('',*,*,#4378,.T.);
#4380 = VECTOR('',#3701,1.);
#4381 = LINE('',#124,#4380);
#4382 = EDGE_CURVE('',#1332,#1331,#4381,.T.);
#4383 = ORIENTED_EDGE('',*,*,#4382,.T.);
#4384 = VECTOR('',#3067,1.);
#4385 = LINE('',#123,#4384);
#4386 = EDGE_CURVE('',#1331,#1330,#4385,.T.);
#4387 = ORIENTED_EDGE('',*,*,#4386,.T.);
#4388 = VECTOR('',#2496,1.);
#4389 = LINE('',#122,#4388);
#4390 = EDGE_CURVE('',#1330,#1329,#4389,.T.);
#4391 = ORIENTED_EDGE('',*,*,#4390,.T.);
#4392 = VECTOR('',#2442,1.);
#4393 = LINE('',#121,#4392);
#4394 = EDGE_CURVE('',#1329,#1328,#4393,.T.);
#4395 = ORIENTED_EDGE('',*,*,#4394,.T.);
#4396 = VECTOR('',#2476,1.);
#4397 = LINE('',#120,#4396);
#4398 = EDGE_CURVE('',#1328,#1327,#4397,.T.);
#4399 = ORIENTED_EDGE('',*,*,#4398,.T.);
#4400 = VECTOR('',#2481,1.);
#4401 = LINE('',#119,#4400);
#4402 = EDGE_CURVE('',#1327,#1326,#4401,.T.);
#4403 = ORIENTED_EDGE('',*,*,#4402,.T.);
#4404 = VECTOR('',#2486,1.);
#4405 = LINE('',#118,#4404);
#4406 = EDGE_CURVE('',#1326,#1325,#4405,.T.);
#4407 = ORIENTED_EDGE('',*,*,#4406,.T.);
#4408 = VECTOR('',#2491,1.);
#4409 = LINE('',#117,#4408);
#4410 = EDGE_CURVE('',#1325,#1324,#4409,.T.);
#4411 = ORIENTED_EDGE('',*,*,#4410,.T.);
#4412 = VECTOR('',#2496,1.);
#4413 = LINE('',#116,#4412);
#4414 = EDGE_CURVE('',#1324,#1323,#4413,.T.);
#4415 = ORIENTED_EDGE('',*,*,#4414,.T.);
#4416 = VECTOR('',#3686,1.);
#4417 = LINE('',#115,#4416);
#4418 = EDGE_CURVE('',#1323,#1322,#4417,.T.);
#4419 = ORIENTED_EDGE('',*,*,#4418,.T.);
#4420 = VECTOR('',#3691,1.);
#4421 = LINE('',#114,#4420);
#4422 = EDGE_CURVE('',#1322,#1321,#4421,.T.);
#4423 = ORIENTED_EDGE('',*,*,#4422,.T.);
#4424 = VECTOR('',#3696,1.);
#4425 = LINE('',#113,#4424);
#4426 = EDGE_CURVE('',#1321,#1320,#4425,.T.);
#4427 = ORIENTED_EDGE('',*,*,#4426,.T.);
#4428 = VECTOR('',#3701,1.);
#4429 = LINE('',#112,#4428);
#4430 = EDGE_CURVE('',#1320,#1319,#4429,.T.);
#4431 = ORIENTED_EDGE('',*,*,#4430,.T.);
#4432 = VECTOR('',#3067,1.);
#4433 = LINE('',#111,#4432);
#4434 = EDGE_CURVE('',#1319,#1318,#4433,.T.);
#4435 = ORIENTED_EDGE('',*,*,#4434,.T.);
#4436 = VECTOR('',#2496,1.);
#4437 = LINE('',#110,#4436);
#4438 = EDGE_CURVE('',#1318,#1317,#4437,.T.);
#4439 = ORIENTED_EDGE('',*,*,#4438,.T.);
#4440 = VECTOR('',#2442,1.);
#4441 = LINE('',#109,#4440);
#4442 = EDGE_CURVE('',#1317,#1316,#4441,.T.);
#4443 = ORIENTED_EDGE('',*,*,#4442,.T.);
#4444 = VECTOR('',#2476,1.);
#4445 = LINE('',#108,#4444);
#4446 = EDGE_CURVE('',#1316,#1315,#4445,.T.);
#4447 = ORIENTED_EDGE('',*,*,#4446,.T.);
#4448 = VECTOR('',#2481,1.);
#4449 = LINE('',#107,#4448);
#4450 = EDGE_CURVE('',#1315,#1314,#4449,.T.);
#4451 = ORIENTED_EDGE('',*,*,#4450,.T.);
#4452 = VECTOR('',#2486,1.);
#4453 = LINE('',#106,#4452);
#4454 = EDGE_CURVE('',#1314,#1313,#4453,.T.);
#4455 = ORIENTED_EDGE('',*,*,#4454,.T.);
#4456 = VECTOR('',#2491,1.);
#4457 = LINE('',#105,#4456);
#4458 = EDGE_CURVE('',#1313,#1312,#4457,.T.);
#4459 = ORIENTED_EDGE('',*,*,#4458,.T.);
#4460 = VECTOR('',#2496,1.);
#4461 = LINE('',#104,#4460);
#4462 = EDGE_CURVE('',#1312,#1311,#4461,.T.);
#4463 = ORIENTED_EDGE('',*,*,#4462,.T.);
#4464 = VECTOR('',#3686,1.);
#4465 = LINE('',#103,#4464);
#4466 = EDGE_CURVE('',#1311,#1310,#4465,.T.);
#4467 = ORIENTED_EDGE('',*,*,#4466,.T.);
#4468 = VECTOR('',#3691,1.);
#4469 = LINE('',#102,#4468);
#4470 = EDGE_CURVE('',#1310,#1309,#4469,.T.);
#4471 = ORIENTED_EDGE('',*,*,#4470,.T.);
#4472 = VECTOR('',#3696,1.);
#4473 = LINE('',#101,#4472);
#4474 = EDGE_CURVE('',#1309,#1308,#4473,.T.);
#4475 = ORIENTED_EDGE('',*,*,#4474,.T.);
#4476 = VECTOR('',#3701,1.);
#4477 = LINE('',#100,#4476);
#4478 = EDGE_CURVE('',#1308,#1307,#4477,.T.);
#4479 = ORIENTED_EDGE('',*,*,#4478,.T.);
#4480 = VECTOR('',#3067,1.);
#4481 = LINE('',#99,#4480);
#4482 = EDGE_CURVE('',#1307,#1306,#4481,.T.);
#4483 = ORIENTED_EDGE('',*,*,#4482,.T.);
#4484 = VECTOR('',#2496,1.);
#4485 = LINE('',#98,#4484);
#4486 = EDGE_CURVE('',#1306,#1305,#4485,.T.);
#4487 = ORIENTED_EDGE('',*,*,#4486,.T.);
#4488 = VECTOR('',#2442,1.);
#4489 = LINE('',#97,#4488);
#4490 = EDGE_CURVE('',#1305,#1304,#4489,.T.);
#4491 = ORIENTED_EDGE('',*,*,#4490,.T.);
#4492 = VECTOR('',#2476,1.);
#4493 = LINE('',#96,#4492);
#4494 = EDGE_CURVE('',#1304,#1303,#4493,.T.);
#4495 = ORIENTED_EDGE('',*,*,#4494,.T.);
#4496 = VECTOR('',#2481,1.);
#4497 = LINE('',#95,#4496);
#4498 = EDGE_CURVE('',#1303,#1302,#4497,.T.);
#4499 = ORIENTED_EDGE('',*,*,#4498,.T.);
#4500 = VECTOR('',#2486,1.);
#4501 = LINE('',#94,#4500);
#4502 = EDGE_CURVE('',#1302,#1301,#4501,.T.);
#4503 = ORIENTED_EDGE('',*,*,#4502,.T.);
#4504 = VECTOR('',#2491,1.);
#4505 = LINE('',#93,#4504);
#4506 = EDGE_CURVE('',#1301,#1300,#4505,.T.);
#4507 = ORIENTED_EDGE('',*,*,#4506,.T.);
#4508 = VECTOR('',#2496,1.);
#4509 = LINE('',#92,#4508);
#4510 = EDGE_CURVE('',#1300,#1299,#4509,.T.);
#4511 = ORIENTED_EDGE('',*,*,#4510,.T.);
#4512 = VECTOR('',#3686,1.);
#4513 = LINE('',#91,#4512);
#4514 = EDGE_CURVE('',#1299,#1298,#4513,.T.);
#4515 = ORIENTED_EDGE('',*,*,#4514,.T.);
#4516 = VECTOR('',#3691,1.);
#4517 = LINE('',#90,#4516);
#4518 = EDGE_CURVE('',#1298,#1297,#4517,.T.);
#4519 = ORIENTED_EDGE('',*,*,#4518,.T.);
#4520 = VECTOR('',#3696,1.);
#4521 = LINE('',#89,#4520);
#4522 = EDGE_CURVE('',#1297,#1296,#4521,.T.);
#4523 = ORIENTED_EDGE('',*,*,#4522,.T.);
#4524 = VECTOR('',#3701,1.);
#4525 = LINE('',#88,#4524);
#4526 = EDGE_CURVE('',#1296,#1295,#4525,.T.);
#4527 = ORIENTED_EDGE('',*,*,#4526,.T.);
#4528 = VECTOR('',#3067,1.);
#4529 = LINE('',#87,#4528);
#4530 = EDGE_CURVE('',#1295,#1294,#4529,.T.);
#4531 = ORIENTED_EDGE('',*,*,#4530,.T.);
#4532 = VECTOR('',#2496,1.);
#4533 = LINE('',#86,#4532);
#4534 = EDGE_CURVE('',#1294,#1293,#4533,.T.);
#4535 = ORIENTED_EDGE('',*,*,#4534,.T.);
#4536 = VECTOR('',#2442,1.);
#4537 = LINE('',#85,#4536);
#4538 = EDGE_CURVE('',#1293,#1292,#4537,.T.);
#4539 = ORIENTED_EDGE('',*,*,#4538,.T.);
#4540 = VECTOR('',#2476,1.);
#4541 = LINE('',#84,#4540);
#4542 = EDGE_CURVE('',#1292,#1291,#4541,.T.);
#4543 = ORIENTED_EDGE('',*,*,#4542,.T.);
#4544 = VECTOR('',#2481,1.);
#4545 = LINE('',#83,#4544);
#4546 = EDGE_CURVE('',#1291,#1290,#4545,.T.);
#4547 = ORIENTED_EDGE('',*,*,#4546,.T.);
#4548 = VECTOR('',#2486,1.);
#4549 = LINE('',#82,#4548);
#4550 = EDGE_CURVE('',#1290,#1289,#4549,.T.);
#4551 = ORIENTED_EDGE('',*,*,#4550,.T.);
#4552 = VECTOR('',#2491,1.);
#4553 = LINE('',#81,#4552);
#4554 = EDGE_CURVE('',#1289,#1288,#4553,.T.);
#4555 = ORIENTED_EDGE('',*,*,#4554,.T.);
#4556 = VECTOR('',#2496,1.);
#4557 = LINE('',#80,#4556);
#4558 = EDGE_CURVE('',#1288,#1287,#4557,.T.);
#4559 = ORIENTED_EDGE('',*,*,#4558,.T.);
#4560 = VECTOR('',#3686,1.);
#4561 = LINE('',#79,#4560);
#4562 = EDGE_CURVE('',#1287,#1286,#4561,.T.);
#4563 = ORIENTED_EDGE('',*,*,#4562,.T.);
#4564 = VECTOR('',#3691,1.);
#4565 = LINE('',#78,#4564);
#4566 = EDGE_CURVE('',#1286,#1285,#4565,.T.);
#4567 = ORIENTED_EDGE('',*,*,#4566,.T.);
#4568 = VECTOR('',#3696,1.);
#4569 = LINE('',#77,#4568);
#4570 = EDGE_CURVE('',#1285,#1284,#4569,.T.);
#4571 = ORIENTED_EDGE('',*,*,#4570,.T.);
#4572 = VECTOR('',#3701,1.);
#4573 = LINE('',#76,#4572);
#4574 = EDGE_CURVE('',#1284,#1283,#4573,.T.);
#4575 = ORIENTED_EDGE('',*,*,#4574,.T.);
#4576 = VECTOR('',#3067,1.);
#4577 = LINE('',#75,#4576);
#4578 = EDGE_CURVE('',#1283,#1282,#4577,.T.);
#4579 = ORIENTED_EDGE('',*,*,#4578,.T.);
#4580 = VECTOR('',#2496,1.);
#4581 = LINE('',#74,#4580);
#4582 = EDGE_CURVE('',#1282,#1281,#4581,.T.);
#4583 = ORIENTED_EDGE('',*,*,#4582,.T.);
#4584 = VECTOR('',#2442,1.);
#4585 = LINE('',#73,#4584);
#4586 = EDGE_CURVE('',#1281,#1280,#4585,.T.);
#4587 = ORIENTED_EDGE('',*,*,#4586,.T.);
#4588 = VECTOR('',#2476,1.);
#4589 = LINE('',#72,#4588);
#4590 = EDGE_CURVE('',#1280,#1279,#4589,.T.);
#4591 = ORIENTED_EDGE('',*,*,#4590,.T.);
#4592 = VECTOR('',#2481,1.);
#4593 = LINE('',#71,#4592);
#4594 = EDGE_CURVE('',#1279,#1278,#4593,.T.);
#4595 = ORIENTED_EDGE('',*,*,#4594,.T.);
#4596 = VECTOR('',#2486,1.);
#4597 = LINE('',#70,#4596);
#4598 = EDGE_CURVE('',#1278,#1277,#4597,.T.);
#4599 = ORIENTED_EDGE('',*,*,#4598,.T.);
#4600 = VECTOR('',#2491,1.);
#4601 = LINE('',#69,#4600);
#4602 = EDGE_CURVE('',#1277,#1276,#4601,.T.);
#4603 = ORIENTED_EDGE('',*,*,#4602,.T.);
#4604 = VECTOR('',#2496,1.);
#4605 = LINE('',#68,#4604);
#4606 = EDGE_CURVE('',#1276,#1275,#4605,.T.);
#4607 = ORIENTED_EDGE('',*,*,#4606,.T.);
#4608 = VECTOR('',#3686,1.);
#4609 = LINE('',#67,#4608);
#4610 = EDGE_CURVE('',#1275,#1274,#4609,.T.);
#4611 = ORIENTED_EDGE('',*,*,#4610,.T.);
#4612 = VECTOR('',#3691,1.);
#4613 = LINE('',#66,#4612);
#4614 = EDGE_CURVE('',#1274,#1273,#4613,.T.);
#4615 = ORIENTED_EDGE('',*,*,#4614,.T.);
#4616 = VECTOR('',#3696,1.);
#4617 = LINE('',#65,#4616);
#4618 = EDGE_CURVE('',#1273,#1272,#4617,.T.);
#4619 = ORIENTED_EDGE('',*,*,#4618,.T.);
#4620 = VECTOR('',#3701,1.);
#4621 = LINE('',#64,#4620);
#4622 = EDGE_CURVE('',#1272,#1271,#4621,.T.);
#4623 = ORIENTED_EDGE('',*,*,#4622,.T.);
#4624 = VECTOR('',#3067,1.);
#4625 = LINE('',#63,#4624);
#4626 = EDGE_CURVE('',#1271,#1270,#4625,.T.);
#4627 = ORIENTED_EDGE('',*,*,#4626,.T.);
#4628 = VECTOR('',#2496,1.);
#4629 = LINE('',#62,#4628);
#4630 = EDGE_CURVE('',#1270,#1269,#4629,.T.);
#4631 = ORIENTED_EDGE('',*,*,#4630,.T.);
#4632 = VECTOR('',#2442,1.);
#4633 = LINE('',#61,#4632);
#4634 = EDGE_CURVE('',#1269,#1268,#4633,.T.);
#4635 = ORIENTED_EDGE('',*,*,#4634,.T.);
#4636 = VECTOR('',#2476,1.);
#4637 = LINE('',#60,#4636);
#4638 = EDGE_CURVE('',#1268,#1267,#4637,.T.);
#4639 = ORIENTED_EDGE('',*,*,#4638,.T.);
#4640 = VECTOR('',#2481,1.);
#4641 = LINE('',#59,#4640);
#4642 = EDGE_CURVE('',#1267,#1266,#4641,.T.);
#4643 = ORIENTED_EDGE('',*,*,#4642,.T.);
#4644 = VECTOR('',#2486,1.);
#4645 = LINE('',#58,#4644);
#4646 = EDGE_CURVE('',#1266,#1265,#4645,.T.);
#4647 = ORIENTED_EDGE('',*,*,#4646,.T.);
#4648 = VECTOR('',#2491,1.);
#4649 = LINE('',#57,#4648);
#4650 = EDGE_CURVE('',#1265,#1264,#4649,.T.);
#4651 = ORIENTED_EDGE('',*,*,#4650,.T.);
#4652 = VECTOR('',#2496,1.);
#4653 = LINE('',#56,#4652);
#4654 = EDGE_CURVE('',#1264,#1263,#4653,.T.);
#4655 = ORIENTED_EDGE('',*,*,#4654,.T.);
#4656 = VECTOR('',#3686,1.);
#4657 = LINE('',#55,#4656);
#4658 = EDGE_CURVE('',#1263,#1262,#4657,.T.);
#4659 = ORIENTED_EDGE('',*,*,#4658,.T.);
#4660 = VECTOR('',#3691,1.);
#4661 = LINE('',#54,#4660);
#4662 = EDGE_CURVE('',#1262,#1261,#4661,.T.);
#4663 = ORIENTED_EDGE('',*,*,#4662,.T.);
#4664 = VECTOR('',#3696,1.);
#4665 = LINE('',#53,#4664);
#4666 = EDGE_CURVE('',#1261,#1260,#4665,.T.);
#4667 = ORIENTED_EDGE('',*,*,#4666,.T.);
#4668 = VECTOR('',#3701,1.);
#4669 = LINE('',#52,#4668);
#4670 = EDGE_CURVE('',#1260,#1259,#4669,.T.);
#4671 = ORIENTED_EDGE('',*,*,#4670,.T.);
#4672 = VECTOR('',#3067,1.);
#4673 = LINE('',#51,#4672);
#4674 = EDGE_CURVE('',#1259,#1258,#4673,.T.);
#4675 = ORIENTED_EDGE('',*,*,#4674,.T.);
#4676 = VECTOR('',#2496,1.);
#4677 = LINE('',#50,#4676);
#4678 = EDGE_CURVE('',#1258,#1257,#4677,.T.);
#4679 = ORIENTED_EDGE('',*,*,#4678,.T.);
#4680 = VECTOR('',#2442,1.);
#4681 = LINE('',#49,#4680);
#4682 = EDGE_CURVE('',#1257,#1256,#4681,.T.);
#4683 = ORIENTED_EDGE('',*,*,#4682,.T.);
#4684 = VECTOR('',#2476,1.);
#4685 = LINE('',#48,#4684);
#4686 = EDGE_CURVE('',#1256,#1255,#4685,.T.);
#4687 = ORIENTED_EDGE('',*,*,#4686,.T.);
#4688 = VECTOR('',#2481,1.);
#4689 = LINE('',#47,#4688);
#4690 = EDGE_CURVE('',#1255,#1254,#4689,.T.);
#4691 = ORIENTED_EDGE('',*,*,#4690,.T.);
#4692 = VECTOR('',#2486,1.);
#4693 = LINE('',#46,#4692);
#4694 = EDGE_CURVE('',#1254,#1253,#4693,.T.);
#4695 = ORIENTED_EDGE('',*,*,#4694,.T.);
#4696 = VECTOR('',#2491,1.);
#4697 = LINE('',#45,#4696);
#4698 = EDGE_CURVE('',#1253,#1252,#4697,.T.);
#4699 = ORIENTED_EDGE('',*,*,#4698,.T.);
#4700 = VECTOR('',#2496,1.);
#4701 = LINE('',#44,#4700);
#4702 = EDGE_CURVE('',#1252,#1251,#4701,.T.);
#4703 = ORIENTED_EDGE('',*,*,#4702,.T.);
#4704 = VECTOR('',#3686,1.);
#4705 = LINE('',#43,#4704);
#4706 = EDGE_CURVE('',#1251,#1250,#4705,.T.);
#4707 = ORIENTED_EDGE('',*,*,#4706,.T.);
#4708 = VECTOR('',#3691,1.);
#4709 = LINE('',#42,#4708);
#4710 = EDGE_CURVE('',#1250,#1249,#4709,.T.);
#4711 = ORIENTED_EDGE('',*,*,#4710,.T.);
#4712 = VECTOR('',#3696,1.);
#4713 = LINE('',#41,#4712);
#4714 = EDGE_CURVE('',#1249,#1248,#4713,.T.);
#4715 = ORIENTED_EDGE('',*,*,#4714,.T.);
#4716 = VECTOR('',#3701,1.);
#4717 = LINE('',#40,#4716);
#4718 = EDGE_CURVE('',#1248,#1247,#4717,.T.);
#4719 = ORIENTED_EDGE('',*,*,#4718,.T.);
#4720 = VECTOR('',#3067,1.);
#4721 = LINE('',#39,#4720);
#4722 = EDGE_CURVE('',#1247,#1246,#4721,.T.);
#4723 = ORIENTED_EDGE('',*,*,#4722,.T.);
#4724 = VECTOR('',#2496,1.);
#4725 = LINE('',#38,#4724);
#4726 = EDGE_CURVE('',#1246,#1245,#4725,.T.);
#4727 = ORIENTED_EDGE('',*,*,#4726,.T.);
#4728 = VECTOR('',#2442,1.);
#4729 = LINE('',#37,#4728);
#4730 = EDGE_CURVE('',#1245,#1244,#4729,.T.);
#4731 = ORIENTED_EDGE('',*,*,#4730,.T.);
#4732 = VECTOR('',#2476,1.);
#4733 = LINE('',#36,#4732);
#4734 = EDGE_CURVE('',#1244,#1243,#4733,.T.);
#4735 = ORIENTED_EDGE('',*,*,#4734,.T.);
#4736 = VECTOR('',#2481,1.);
#4737 = LINE('',#35,#4736);
#4738 = EDGE_CURVE('',#1243,#1242,#4737,.T.);
#4739 = ORIENTED_EDGE('',*,*,#4738,.T.);
#4740 = VECTOR('',#2486,1.);
#4741 = LINE('',#34,#4740);
#4742 = EDGE_CURVE('',#1242,#1241,#4741,.T.);
#4743 = ORIENTED_EDGE('',*,*,#4742,.T.);
#4744 = VECTOR('',#2491,1.);
#4745 = LINE('',#33,#4744);
#4746 = EDGE_CURVE('',#1241,#1240,#4745,.T.);
#4747 = ORIENTED_EDGE('',*,*,#4746,.T.);
#4748 = VECTOR('',#2496,1.);
#4749 = LINE('',#32,#4748);
#4750 = EDGE_CURVE('',#1240,#1239,#4749,.T.);
#4751 = ORIENTED_EDGE('',*,*,#4750,.T.);
#4752 = VECTOR('',#3686,1.);
#4753 = LINE('',#31,#4752);
#4754 = EDGE_CURVE('',#1239,#1238,#4753,.T.);
#4755 = ORIENTED_EDGE('',*,*,#4754,.T.);
#4756 = VECTOR('',#3691,1.);
#4757 = LINE('',#30,#4756);
#4758 = EDGE_CURVE('',#1238,#1237,#4757,.T.);
#4759 = ORIENTED_EDGE('',*,*,#4758,.T.);
#4760 = VECTOR('',#3696,1.);
#4761 = LINE('',#29,#4760);
#4762 = EDGE_CURVE('',#1237,#1236,#4761,.T.);
#4763 = ORIENTED_EDGE('',*,*,#4762,.T.);
#4764 = VECTOR('',#3701,1.);
#4765 = LINE('',#28,#4764);
#4766 = EDGE_CURVE('',#1236,#1235,#4765,.T.);
#4767 = ORIENTED_EDGE('',*,*,#4766,.T.);
#4768 = VECTOR('',#3067,1.);
#4769 = LINE('',#27,#4768);
#4770 = EDGE_CURVE('',#1235,#1234,#4769,.T.);
#4771 = ORIENTED_EDGE('',*,*,#4770,.T.);
#4772 = VECTOR('',#2496,1.);
#4773 = LINE('',#26,#4772);
#4774 = EDGE_CURVE('',#1234,#1233,#4773,.T.);
#4775 = ORIENTED_EDGE('',*,*,#4774,.T.);
#4776 = VECTOR('',#2442,1.);
#4777 = LINE('',#25,#4776);
#4778 = EDGE_CURVE('',#1233,#1232,#4777,.T.);
#4779 = ORIENTED_EDGE('',*,*,#4778,.T.);
#4780 = VECTOR('',#2476,1.);
#4781 = LINE('',#24,#4780);
#4782 = EDGE_CURVE('',#1232,#1231,#4781,.T.);
#4783 = ORIENTED_EDGE('',*,*,#4782,.T.);
#4784 = VECTOR('',#2481,1.);
#4785 = LINE('',#23,#4784);
#4786 = EDGE_CURVE('',#1231,#1230,#4785,.T.);
#4787 = ORIENTED_EDGE('',*,*,#4786,.T.);
#4788 = VECTOR('',#2486,1.);
#4789 = LINE('',#22,#4788);
#4790 = EDGE_CURVE('',#1230,#1229,#4789,.T.);
#4791 = ORIENTED_EDGE('',*,*,#4790,.T.);
#4792 = VECTOR('',#2491,1.);
#4793 = LINE('',#21,#4792);
#4794 = EDGE_CURVE('',#1229,#1228,#4793,.T.);
#4795 = ORIENTED_EDGE('',*,*,#4794,.T.);
#4796 = VECTOR('',#2496,1.);
#4797 = LINE('',#20,#4796);
#4798 = EDGE_CURVE('',#1228,#1227,#4797,.T.);
#4799 = ORIENTED_EDGE('',*,*,#4798,.T.);
#4800 = VECTOR('',#3686,1.);
#4801 = LINE('',#19,#4800);
#4802 = EDGE_CURVE('',#1227,#1226,#4801,.T.);
#4803 = ORIENTED_EDGE('',*,*,#4802,.T.);
#4804 = VECTOR('',#3691,1.);
#4805 = LINE('',#18,#4804);
#4806 = EDGE_CURVE('',#1226,#1225,#4805,.T.);
#4807 = ORIENTED_EDGE('',*,*,#4806,.T.);
#4808 = VECTOR('',#3696,1.);
#4809 = LINE('',#17,#4808);
#4810 = EDGE_CURVE('',#1225,#1224,#4809,.T.);
#4811 = ORIENTED_EDGE('',*,*,#4810,.T.);
#4812 = VECTOR('',#3701,1.);
#4813 = LINE('',#16,#4812);
#4814 = EDGE_CURVE('',#1224,#1223,#4813,.T.);
#4815 = ORIENTED_EDGE('',*,*,#4814,.T.);
#4816 = VECTOR('',#3067,1.);
#4817 = LINE('',#15,#4816);
#4818 = EDGE_CURVE('',#1223,#1222,#4817,.T.);
#4819 = ORIENTED_EDGE('',*,*,#4818,.T.);
#4820 = VECTOR('',#2496,1.);
#4821 = LINE('',#14,#4820);
#4822 = EDGE_CURVE('',#1222,#1221,#4821,.T.);
#4823 = ORIENTED_EDGE('',*,*,#4822,.T.);
#4824 = VECTOR('',#2442,1.);
#4825 = LINE('',#13,#4824);
#4826 = EDGE_CURVE('',#1221,#1220,#4825,.T.);
#4827 = ORIENTED_EDGE('',*,*,#4826,.T.);
#4828 = VECTOR('',#2476,1.);
#4829 = LINE('',#12,#4828);
#4830 = EDGE_CURVE('',#1220,#1219,#4829,.T.);
#4831 = ORIENTED_EDGE('',*,*,#4830,.T.);
#4832 = VECTOR('',#2481,1.);
#4833 = LINE('',#11,#4832);
#4834 = EDGE_CURVE('',#1219,#1218,#4833,.T.);
#4835 = ORIENTED_EDGE('',*,*,#4834,.T.);
#4836 = VECTOR('',#2486,1.);
#4837 = LINE('',#10,#4836);
#4838 = EDGE_CURVE('',#1218,#1217,#4837,.T.);
#4839 = ORIENTED_EDGE('',*,*,#4838,.T.);
#4840 = VECTOR('',#2491,1.);
#4841 = LINE('',#9,#4840);
#4842 = EDGE_CURVE('',#1217,#1216,#4841,.T.);
#4843 = ORIENTED_EDGE('',*,*,#4842,.T.);
#4844 = VECTOR('',#2496,1.);
#4845 = LINE('',#8,#4844);
#4846 = EDGE_CURVE('',#1216,#1215,#4845,.T.);
#4847 = ORIENTED_EDGE('',*,*,#4846,.T.);
#4848 = VECTOR('',#3686,1.);
#4849 = LINE('',#7,#4848);
#4850 = EDGE_CURVE('',#1215,#1214,#4849,.T.);
#4851 = ORIENTED_EDGE('',*,*,#4850,.T.);
#4852 = VECTOR('',#3691,1.);
#4853 = LINE('',#6,#4852);
#4854 = EDGE_CURVE('',#1214,#1213,#4853,.T.);
#4855 = ORIENTED_EDGE('',*,*,#4854,.T.);
#4856 = VECTOR('',#3696,1.);
#4857 = LINE('',#5,#4856);
#4858 = EDGE_CURVE('',#1213,#1212,#4857,.T.);
#4859 = ORIENTED_EDGE('',*,*,#4858,.T.);
#4860 = VECTOR('',#3701,1.);
#4861 = LINE('',#4,#4860);
#4862 = EDGE_CURVE('',#1212,#1211,#4861,.T.);
#4863 = ORIENTED_EDGE('',*,*,#4862,.T.);
#4864 = VECTOR('',#3067,1.);
#4865 = LINE('',#3,#4864);
#4866 = EDGE_CURVE('',#1211,#1210,#4865,.T.);
#4867 = ORIENTED_EDGE('',*,*,#4866,.T.);
#4868 = VECTOR('',#2496,1.);
#4869 = LINE('',#2,#4868);
#4870 = EDGE_CURVE('',#1210,#1209,#4869,.T.);
#4871 = ORIENTED_EDGE('',*,*,#4870,.T.);
#4872 = DIRECTION('',(-0.991444861,0.130526197,0));
#4873 = VECTOR('',#4872,1.);
#4874 = LINE('',#1,#4873);
#4875 = EDGE_CURVE('',#1209,#1812,#4874,.T.);
#4876 = ORIENTED_EDGE('',*,*,#4875,.T.);
#4877 = EDGE_LOOP('',(#2421,#2426,#2431,#2436,#2441,#2446,#2451,#2456,#2461,#2466,#2471,#2475,#2480,#2485,#2490,#2495,#2500,#2504,#2508,#2512,#2516,#2520,#2524,#2528,#2532,#2536,#2540,#2544,#2548,#2552,#2556,#2560,#2564,#2568,#2572,#2576,#2580,#2584,#2588,#2592,#2596,#2600,#2604,#2608,#2612,#2616,#2620,#2624,#2628,#2632,#2636,#2640,#2644,#2648,#2652,#2656,#2660,#2664,#2668,#2672,#2676,#2680,#2684,#2688,#2692,#2696,#2700,#2704,#2708,#2712,#2716,#2720,#2724,#2728,#2732,#2736,#2740,#2744,#2748,#2752,#2756,#2760,#2764,#2768,#2772,#2776,#2780,#2784,#2788,#2792,#2796,#2800,#2804,#2808,#2812,#2816,#2820,#2824,#2828,#2832,#2836,#2840,#2844,#2848,#2852,#2856,#2860,#2864,#2868,#2872,#2876,#2880,#2884,#2888,#2892,#2896,#2900,#2904,#2908,#2912,#2916,#2920,#2924,#2928,#2932,#2936,#2940,#2944,#2948,#2952,#2956,#2960,#2964,#2968,#2972,#2976,#2980,#2984,#2988,#2992,#2996,#3000,#3004,#3008,#3012,#3016,#3020,#3024,#3028,#3032,#3037,#3042,#3047,#3052,#3057,#3062,#3066,#3071,#3076,#3081,#3086,#3091,#3095,#3099,#3103,#3107,#3111,#3115,#3119,#3123,#3127,#3131,#3135,#3139,#3143,#3147,#3151,#3155,#3159,#3163,#3167,#3171,#3175,#3179,#3183,#3187,#3191,#3195,#3199,#3203,#3207,#3211,#3215,#3219,#3223,#3227,#3231,#3235,#3239,#3243,#3247,#3251,#3255,#3259,#3263,#3267,#3271,#3275,#3279,#3283,#3287,#3291,#3295,#3299,#3303,#3307,#3311,#3315,#3319,#3323,#3327,#3331,#3335,#3339,#3343,#3347,#3351,#3355,#3359,#3363,#3367,#3371,#3375,#3379,#3383,#3387,#3391,#3395,#3399,#3403,#3407,#3411,#3415,#3419,#3423,#3427,#3431,#3435,#3439,#3443,#3447,#3451,#3455,#3459,#3463,#3467,#3471,#3475,#3479,#3483,#3487,#3491,#3495,#3499,#3503,#3507,#3511,#3515,#3519,#3523,#3527,#3531,#3535,#3539,#3543,#3547,#3551,#3555,#3559,#3563,#3567,#3571,#3575,#3579,#3583,#3587,#3591,#3595,#3599,#3603,#3607,#3611,#3615,#3619,#3623,#3627,#3631,#3635,#3639,#3643,#3647,#3652,#3657,#3662,#3667,#3672,#3677,#3681,#3685,#3690,#3695,#3700,#3705,#3709,#3713,#3717,#3721,#3725,#3729,#3733,#3737,#3741,#3745,#3749,#3753,#3757,#3761,#3765,#3769,#3773,#3777,#3781,#3785,#3789,#3793,#3797,#3801,#3805,#3809,#3813,#3817,#3821,#3825,#3829,#3833,#3837,#3841,#3845,#3849,#3853,#3857,#3861,#3865,#3869,#3873,#3877,#3881,#3885,#3889,#3893,#3897,#3901,#3905,#3909,#3913,#3917,#3921,#3925,#3929,#3933,#3937,#3941,#3945,#3949,#3953,#3957,#3961,#3965,#3969,#3973,#3977,#3981,#3985,#3989,#3993,#3997,#4001,#4005,#4009,#4013,#4017,#4021,#4025,#4029,#4033,#4037,#4041,#4045,#4049,#4053,#4057,#4061,#4065,#4069,#4073,#4077,#4081,#4085,#4089,#4093,#4097,#4101,#4105,#4109,#4113,#4117,#4121,#4125,#4129,#4133,#4137,#4141,#4145,#4149,#4153,#4157,#4161,#4165,#4169,#4173,#4177,#4181,#4185,#4189,#4193,#4197,#4201,#4205,#4209,#4213,#4217,#4221,#4225,#4229,#4233,#4237,#4241,#4245,#4249,#4253,#4257,#4261,#4266,#4271,#4276,#4281,#4286,#4291,#4295,#4299,#4303,#4307,#4311,#4315,#4319,#4323,#4327,#4331,#4335,#4339,#4343,#4347,#4351,#4355,#4359,#4363,#4367,#4371,#4375,#4379,#4383,#4387,#4391,#4395,#4399,#4403,#4407,#4411,#4415,#4419,#4423,#4427,#4431,#4435,#4439,#4443,#4447,#4451,#4455,#4459,#4463,#4467,#4471,#4475,#4479,#4483,#4487,#4491,#4495,#4499,#4503,#4507,#4511,#4515,#4519,#4523,#4527,#4531,#4535,#4539,#4543,#4547,#4551,#4555,#4559,#4563,#4567,#4571,#4575,#4579,#4583,#4587,#4591,#4595,#4599,#4603,#4607,#4611,#4615,#4619,#4623,#4627,#4631,#4635,#4639,#4643,#4647,#4651,#4655,#4659,#4663,#4667,#4671,#4675,#4679,#4683,#4687,#4691,#4695,#4699,#4703,#4707,#4711,#4715,#4719,#4723,#4727,#4731,#4735,#4739,#4743,#4747,#4751,#4755,#4759,#4763,#4767,#4771,#4775,#4779,#4783,#4787,#4791,#4795,#4799,#4803,#4807,#4811,#4815,#4819,#4823,#4827,#4831,#4835,#4839,#4843,#4847,#4851,#4855,#4859,#4863,#4867,#4871,#4876));
#4878 = FACE_OUTER_BOUND('',#4877,.T.);
#4879 = DIRECTION('',(0,0,-1));
#4880 = AXIS2_PLACEMENT_3D('',#604,#4879,#2447);
#4881 = PLANE('',#4880);
#4882 = ADVANCED_FACE('',(#4878),#4881,.T.);
#4883 = VECTOR('',#2447,1.);
#4884 = LINE('',#605,#4883);
#4885 = EDGE_CURVE('',#1813,#1814,#4884,.T.);
#4886 = ORIENTED_EDGE('',*,*,#4885,.T.);
#4887 = VECTOR('',#2442,1.);
#4888 = LINE('',#606,#4887);
#4889 = EDGE_CURVE('',#1814,#1815,#4888,.T.);
#4890 = ORIENTED_EDGE('',*,*,#4889,.T.);
#4891 = VECTOR('',#2467,1.);
#4892 = LINE('',#607,#4891);
#4893 = EDGE_CURVE('',#1815,#1816,#4892,.T.);
#4894 = ORIENTED_EDGE('',*,*,#4893,.T.);
#4895 = VECTOR('',#2462,1.);
#4896 = LINE('',#608,#4895);
#4897 = EDGE_CURVE('',#1816,#1817,#4896,.T.);
#4898 = ORIENTED_EDGE('',*,*,#4897,.T.);
#4899 = VECTOR('',#2457,1.);
#4900 = LINE('',#609,#4899);
#4901 = EDGE_CURVE('',#1817,#1818,#4900,.T.);
#4902 = ORIENTED_EDGE('',*,*,#4901,.T.);
#4903 = VECTOR('',#2452,1.);
#4904 = LINE('',#610,#4903);
#4905 = EDGE_CURVE('',#1818,#1819,#4904,.T.);
#4906 = ORIENTED_EDGE('',*,*,#4905,.T.);
#4907 = VECTOR('',#2447,1.);
#4908 = LINE('',#611,#4907);
#4909 = EDGE_CURVE('',#1819,#1820,#4908,.T.);
#4910 = ORIENTED_EDGE('',*,*,#4909,.T.);
#4911 = VECTOR('',#3087,1.);
#4912 = LINE('',#612,#4911);
#4913 = EDGE_CURVE('',#1820,#1821,#4912,.T.);
#4914 = ORIENTED_EDGE('',*,*,#4913,.T.);
#4915 = VECTOR('',#3082,1.);
#4916 = LINE('',#613,#4915);
#4917 = EDGE_CURVE('',#1821,#1822,#4916,.T.);
#4918 = ORIENTED_EDGE('',*,*,#4917,.T.);
#4919 = VECTOR('',#3077,1.);
#4920 = LINE('',#614,#4919);
#4921 = EDGE_CURVE('',#1822,#1823,#4920,.T.);
#4922 = ORIENTED_EDGE('',*,*,#4921,.T.);
#4923 = VECTOR('',#3072,1.);
#4924 = LINE('',#615,#4923);
#4925 = EDGE_CURVE('',#1823,#1824,#4924,.T.);
#4926 = ORIENTED_EDGE('',*,*,#4925,.T.);
#4927 = VECTOR('',#3067,1.);
#4928 = LINE('',#616,#4927);
#4929 = EDGE_CURVE('',#1824,#1825,#4928,.T.);
#4930 = ORIENTED_EDGE('',*,*,#4929,.T.);
#4931 = VECTOR('',#2447,1.);
#4932 = LINE('',#617,#4931);
#4933 = EDGE_CURVE('',#1825,#1826,#4932,.T.);
#4934 = ORIENTED_EDGE('',*,*,#4933,.T.);
#4935 = VECTOR('',#2442,1.);
#4936 = LINE('',#618,#4935);
#4937 = EDGE_CURVE('',#1826,#1827,#4936,.T.);
#4938 = ORIENTED_EDGE('',*,*,#4937,.T.);
#4939 = VECTOR('',#2467,1.);
#4940 = LINE('',#619,#4939);
#4941 = EDGE_CURVE('',#1827,#1828,#4940,.T.);
#4942 = ORIENTED_EDGE('',*,*,#4941,.T.);
#4943 = VECTOR('',#2462,1.);
#4944 = LINE('',#620,#4943);
#4945 = EDGE_CURVE('',#1828,#1829,#4944,.T.);
#4946 = ORIENTED_EDGE('',*,*,#4945,.T.);
#4947 = VECTOR('',#2457,1.);
#4948 = LINE('',#621,#4947);
#4949 = EDGE_CURVE('',#1829,#1830,#4948,.T.);
#4950 = ORIENTED_EDGE('',*,*,#4949,.T.);
#4951 = VECTOR('',#2452,1.);
#4952 = LINE('',#622,#4951);
#4953 = EDGE_CURVE('',#1830,#1831,#4952,.T.);
#4954 = ORIENTED_EDGE('',*,*,#4953,.T.);
#4955 = VECTOR('',#2447,1.);
#4956 = LINE('',#623,#4955);
#4957 = EDGE_CURVE('',#1831,#1832,#4956,.T.);
#4958 = ORIENTED_EDGE('',*,*,#4957,.T.);
#4959 = VECTOR('',#3087,1.);
#4960 = LINE('',#624,#4959);
#4961 = EDGE_CURVE('',#1832,#1833,#4960,.T.);
#4962 = ORIENTED_EDGE('',*,*,#4961,.T.);
#4963 = VECTOR('',#3082,1.);
#4964 = LINE('',#625,#4963);
#4965 = EDGE_CURVE('',#1833,#1834,#4964,.T.);
#4966 = ORIENTED_EDGE('',*,*,#4965,.T.);
#4967 = VECTOR('',#3077,1.);
#4968 = LINE('',#626,#4967);
#4969 = EDGE_CURVE('',#1834,#1835,#4968,.T.);
#4970 = ORIENTED_EDGE('',*,*,#4969,.T.);
#4971 = VECTOR('',#3072,1.);
#4972 = LINE('',#627,#4971);
#4973 = EDGE_CURVE('',#1835,#1836,#4972,.T.);
#4974 = ORIENTED_EDGE('',*,*,#4973,.T.);
#4975 = VECTOR('',#3067,1.);
#4976 = LINE('',#628,#4975);
#4977 = EDGE_CURVE('',#1836,#1837,#4976,.T.);
#4978 = ORIENTED_EDGE('',*,*,#4977,.T.);
#4979 = VECTOR('',#2447,1.);
#4980 = LINE('',#629,#4979);
#4981 = EDGE_CURVE('',#1837,#1838,#4980,.T.);
#4982 = ORIENTED_EDGE('',*,*,#4981,.T.);
#4983 = VECTOR('',#2442,1.);
#4984 = LINE('',#630,#4983);
#4985 = EDGE_CURVE('',#1838,#1839,#4984,.T.);
#4986 = ORIENTED_EDGE('',*,*,#4985,.T.);
#4987 = VECTOR('',#2467,1.);
#4988 = LINE('',#631,#4987);
#4989 = EDGE_CURVE('',#1839,#1840,#4988,.T.);
#4990 = ORIENTED_EDGE('',*,*,#4989,.T.);
#4991 = VECTOR('',#2462,1.);
#4992 = LINE('',#632,#4991);
#4993 = EDGE_CURVE('',#1840,#1841,#4992,.T.);
#4994 = ORIENTED_EDGE('',*,*,#4993,.T.);
#4995 = VECTOR('',#2457,1.);
#4996 = LINE('',#633,#4995);
#4997 = EDGE_CURVE('',#1841,#1842,#4996,.T.);
#4998 = ORIENTED_EDGE('',*,*,#4997,.T.);
#4999 = VECTOR('',#2452,1.);
#5000 = LINE('',#634,#4999);
#5001 = EDGE_CURVE('',#1842,#1843,#5000,.T.);
#5002 = ORIENTED_EDGE('',*,*,#5001,.T.);
#5003 = VECTOR('',#2447,1.);
#5004 = LINE('',#635,#5003);
#5005 = EDGE_CURVE('',#1843,#1844,#5004,.T.);
#5006 = ORIENTED_EDGE('',*,*,#5005,.T.);
#5007 = VECTOR('',#3087,1.);
#5008 = LINE('',#636,#5007);
#5009 = EDGE_CURVE('',#1844,#1845,#5008,.T.);
#5010 = ORIENTED_EDGE('',*,*,#5009,.T.);
#5011 = VECTOR('',#3082,1.);
#5012 = LINE('',#637,#5011);
#5013 = EDGE_CURVE('',#1845,#1846,#5012,.T.);
#5014 = ORIENTED_EDGE('',*,*,#5013,.T.);
#5015 = VECTOR('',#3077,1.);
#5016 = LINE('',#638,#5015);
#5017 = EDGE_CURVE('',#1846,#1847,#5016,.T.);
#5018 = ORIENTED_EDGE('',*,*,#5017,.T.);
#5019 = VECTOR('',#3072,1.);
#5020 = LINE('',#639,#5019);
#5021 = EDGE_CURVE('',#1847,#1848,#5020,.T.);
#5022 = ORIENTED_EDGE('',*,*,#5021,.T.);
#5023 = VECTOR('',#3067,1.);
#5024 = LINE('',#640,#5023);
#5025 = EDGE_CURVE('',#1848,#1849,#5024,.T.);
#5026 = ORIENTED_EDGE('',*,*,#5025,.T.);
#5027 = VECTOR('',#2447,1.);
#5028 = LINE('',#641,#5027);
#5029 = EDGE_CURVE('',#1849,#1850,#5028,.T.);
#5030 = ORIENTED_EDGE('',*,*,#5029,.T.);
#5031 = VECTOR('',#2442,1.);
#5032 = LINE('',#642,#5031);
#5033 = EDGE_CURVE('',#1850,#1851,#5032,.T.);
#5034 = ORIENTED_EDGE('',*,*,#5033,.T.);
#5035 = VECTOR('',#2467,1.);
#5036 = LINE('',#643,#5035);
#5037 = EDGE_CURVE('',#1851,#1852,#5036,.T.);
#5038 = ORIENTED_EDGE('',*,*,#5037,.T.);
#5039 = VECTOR('',#2462,1.);
#5040 = LINE('',#644,#5039);
#5041 = EDGE_CURVE('',#1852,#1853,#5040,.T.);
#5042 = ORIENTED_EDGE('',*,*,#5041,.T.);
#5043 = VECTOR('',#2457,1.);
#5044 = LINE('',#645,#5043);
#5045 = EDGE_CURVE('',#1853,#1854,#5044,.T.);
#5046 = ORIENTED_EDGE('',*,*,#5045,.T.);
#5047 = VECTOR('',#2452,1.);
#5048 = LINE('',#646,#5047);
#5049 = EDGE_CURVE('',#1854,#1855,#5048,.T.);
#5050 = ORIENTED_EDGE('',*,*,#5049,.T.);
#5051 = VECTOR('',#2447,1.);
#5052 = LINE('',#647,#5051);
#5053 = EDGE_CURVE('',#1855,#1856,#5052,.T.);
#5054 = ORIENTED_EDGE('',*,*,#5053,.T.);
#5055 = VECTOR('',#3087,1.);
#5056 = LINE('',#648,#5055);
#5057 = EDGE_CURVE('',#1856,#1857,#5056,.T.);
#5058 = ORIENTED_EDGE('',*,*,#5057,.T.);
#5059 = VECTOR('',#3082,1.);
#5060 = LINE('',#649,#5059);
#5061 = EDGE_CURVE('',#1857,#1858,#5060,.T.);
#5062 = ORIENTED_EDGE('',*,*,#5061,.T.);
#5063 = VECTOR('',#3077,1.);
#5064 = LINE('',#650,#5063);
#5065 = EDGE_CURVE('',#1858,#1859,#5064,.T.);
#5066 = ORIENTED_EDGE('',*,*,#5065,.T.);
#5067 = VECTOR('',#3072,1.);
#5068 = LINE('',#651,#5067);
#5069 = EDGE_CURVE('',#1859,#1860,#5068,.T.);
#5070 = ORIENTED_EDGE('',*,*,#5069,.T.);
#5071 = VECTOR('',#3067,1.);
#5072 = LINE('',#652,#5071);
#5073 = EDGE_CURVE('',#1860,#1861,#5072,.T.);
#5074 = ORIENTED_EDGE('',*,*,#5073,.T.);
#5075 = VECTOR('',#2447,1.);
#5076 = LINE('',#653,#5075);
#5077 = EDGE_CURVE('',#1861,#1862,#5076,.T.);
#5078 = ORIENTED_EDGE('',*,*,#5077,.T.);
#5079 = VECTOR('',#2442,1.);
#5080 = LINE('',#654,#5079);
#5081 = EDGE_CURVE('',#1862,#1863,#5080,.T.);
#5082 = ORIENTED_EDGE('',*,*,#5081,.T.);
#5083 = VECTOR('',#2467,1.);
#5084 = LINE('',#655,#5083);
#5085 = EDGE_CURVE('',#1863,#1864,#5084,.T.);
#5086 = ORIENTED_EDGE('',*,*,#5085,.T.);
#5087 = VECTOR('',#2462,1.);
#5088 = LINE('',#656,#5087);
#5089 = EDGE_CURVE('',#1864,#1865,#5088,.T.);
#5090 = ORIENTED_EDGE('',*,*,#5089,.T.);
#5091 = VECTOR('',#2457,1.);
#5092 = LINE('',#657,#5091);
#5093 = EDGE_CURVE('',#1865,#1866,#5092,.T.);
#5094 = ORIENTED_EDGE('',*,*,#5093,.T.);
#5095 = VECTOR('',#2452,1.);
#5096 = LINE('',#658,#5095);
#5097 = EDGE_CURVE('',#1866,#1867,#5096,.T.);
#5098 = ORIENTED_EDGE('',*,*,#5097,.T.);
#5099 = VECTOR('',#2447,1.);
#5100 = LINE('',#659,#5099);
#5101 = EDGE_CURVE('',#1867,#1868,#5100,.T.);
#5102 = ORIENTED_EDGE('',*,*,#5101,.T.);
#5103 = VECTOR('',#3087,1.);
#5104 = LINE('',#660,#5103);
#5105 = EDGE_CURVE('',#1868,#1869,#5104,.T.);
#5106 = ORIENTED_EDGE('',*,*,#5105,.T.);
#5107 = VECTOR('',#3082,1.);
#5108 = LINE('',#661,#5107);
#5109 = EDGE_CURVE('',#1869,#1870,#5108,.T.);
#5110 = ORIENTED_EDGE('',*,*,#5109,.T.);
#5111 = VECTOR('',#3077,1.);
#5112 = LINE('',#662,#5111);
#5113 = EDGE_CURVE('',#1870,#1871,#5112,.T.);
#5114 = ORIENTED_EDGE('',*,*,#5113,.T.);
#5115 = VECTOR('',#3072,1.);
#5116 = LINE('',#663,#5115);
#5117 = EDGE_CURVE('',#1871,#1872,#5116,.T.);
#5118 = ORIENTED_EDGE('',*,*,#5117,.T.);
#5119 = VECTOR('',#3067,1.);
#5120 = LINE('',#664,#5119);
#5121 = EDGE_CURVE('',#1872,#1873,#5120,.T.);
#5122 = ORIENTED_EDGE('',*,*,#5121,.T.);
#5123 = VECTOR('',#2447,1.);
#5124 = LINE('',#665,#5123);
#5125 = EDGE_CURVE('',#1873,#1874,#5124,.T.);
#5126 = ORIENTED_EDGE('',*,*,#5125,.T.);
#5127 = VECTOR('',#2442,1.);
#5128 = LINE('',#666,#5127);
#5129 = EDGE_CURVE('',#1874,#1875,#5128,.T.);
#5130 = ORIENTED_EDGE('',*,*,#5129,.T.);
#5131 = VECTOR('',#2467,1.);
#5132 = LINE('',#667,#5131);
#5133 = EDGE_CURVE('',#1875,#1876,#5132,.T.);
#5134 = ORIENTED_EDGE('',*,*,#5133,.T.);
#5135 = VECTOR('',#2462,1.);
#5136 = LINE('',#668,#5135);
#5137 = EDGE_CURVE('',#1876,#1877,#5136,.T.);
#5138 = ORIENTED_EDGE('',*,*,#5137,.T.);
#5139 = VECTOR('',#2457,1.);
#5140 = LINE('',#669,#5139);
#5141 = EDGE_CURVE('',#1877,#1878,#5140,.T.);
#5142 = ORIENTED_EDGE('',*,*,#5141,.T.);
#5143 = VECTOR('',#2452,1.);
#5144 = LINE('',#670,#5143);
#5145 = EDGE_CURVE('',#1878,#1879,#5144,.T.);
#5146 = ORIENTED_EDGE('',*,*,#5145,.T.);
#5147 = VECTOR('',#2447,1.);
#5148 = LINE('',#671,#5147);
#5149 = EDGE_CURVE('',#1879,#1880,#5148,.T.);
#5150 = ORIENTED_EDGE('',*,*,#5149,.T.);
#5151 = VECTOR('',#3087,1.);
#5152 = LINE('',#672,#5151);
#5153 = EDGE_CURVE('',#1880,#1881,#5152,.T.);
#5154 = ORIENTED_EDGE('',*,*,#5153,.T.);
#5155 = VECTOR('',#3082,1.);
#5156 = LINE('',#673,#5155);
#5157 = EDGE_CURVE('',#1881,#1882,#5156,.T.);
#5158 = ORIENTED_EDGE('',*,*,#5157,.T.);
#5159 = VECTOR('',#3077,1.);
#5160 = LINE('',#674,#5159);
#5161 = EDGE_CURVE('',#1882,#1883,#5160,.T.);
#5162 = ORIENTED_EDGE('',*,*,#5161,.T.);
#5163 = VECTOR('',#3072,1.);
#5164 = LINE('',#675,#5163);
#5165 = EDGE_CURVE('',#1883,#1884,#5164,.T.);
#5166 = ORIENTED_EDGE('',*,*,#5165,.T.);
#5167 = VECTOR('',#3067,1.);
#5168 = LINE('',#676,#5167);
#5169 = EDGE_CURVE('',#1884,#1885,#5168,.T.);
#5170 = ORIENTED_EDGE('',*,*,#5169,.T.);
#5171 = VECTOR('',#2447,1.);
#5172 = LINE('',#677,#5171);
#5173 = EDGE_CURVE('',#1885,#1886,#5172,.T.);
#5174 = ORIENTED_EDGE('',*,*,#5173,.T.);
#5175 = VECTOR('',#2442,1.);
#5176 = LINE('',#678,#5175);
#5177 = EDGE_CURVE('',#1886,#1887,#5176,.T.);
#5178 = ORIENTED_EDGE('',*,*,#5177,.T.);
#5179 = VECTOR('',#2467,1.);
#5180 = LINE('',#679,#5179);
#5181 = EDGE_CURVE('',#1887,#1888,#5180,.T.);
#5182 = ORIENTED_EDGE('',*,*,#5181,.T.);
#5183 = VECTOR('',#2462,1.);
#5184 = LINE('',#680,#5183);
#5185 = EDGE_CURVE('',#1888,#1889,#5184,.T.);
#5186 = ORIENTED_EDGE('',*,*,#5185,.T.);
#5187 = VECTOR('',#2457,1.);
#5188 = LINE('',#681,#5187);
#5189 = EDGE_CURVE('',#1889,#1890,#5188,.T.);
#5190 = ORIENTED_EDGE('',*,*,#5189,.T.);
#5191 = VECTOR('',#2452,1.);
#5192 = LINE('',#682,#5191);
#5193 = EDGE_CURVE('',#1890,#1891,#5192,.T.);
#5194 = ORIENTED_EDGE('',*,*,#5193,.T.);
#5195 = VECTOR('',#2447,1.);
#5196 = LINE('',#683,#5195);
#5197 = EDGE_CURVE('',#1891,#1892,#5196,.T.);
#5198 = ORIENTED_EDGE('',*,*,#5197,.T.);
#5199 = VECTOR('',#3087,1.);
#5200 = LINE('',#684,#5199);
#5201 = EDGE_CURVE('',#1892,#1893,#5200,.T.);
#5202 = ORIENTED_EDGE('',*,*,#5201,.T.);
#5203 = VECTOR('',#3082,1.);
#5204 = LINE('',#685,#5203);
#5205 = EDGE_CURVE('',#1893,#1894,#5204,.T.);
#5206 = ORIENTED_EDGE('',*,*,#5205,.T.);
#5207 = VECTOR('',#3077,1.);
#5208 = LINE('',#686,#5207);
#5209 = EDGE_CURVE('',#1894,#1895,#5208,.T.);
#5210 = ORIENTED_EDGE('',*,*,#5209,.T.);
#5211 = VECTOR('',#3072,1.);
#5212 = LINE('',#687,#5211);
#5213 = EDGE_CURVE('',#1895,#1896,#5212,.T.);
#5214 = ORIENTED_EDGE('',*,*,#5213,.T.);
#5215 = VECTOR('',#3067,1.);
#5216 = LINE('',#688,#5215);
#5217 = EDGE_CURVE('',#1896,#1897,#5216,.T.);
#5218 = ORIENTED_EDGE('',*,*,#5217,.T.);
#5219 = VECTOR('',#2447,1.);
#5220 = LINE('',#689,#5219);
#5221 = EDGE_CURVE('',#1897,#1898,#5220,.T.);
#5222 = ORIENTED_EDGE('',*,*,#5221,.T.);
#5223 = VECTOR('',#2442,1.);
#5224 = LINE('',#690,#5223);
#5225 = EDGE_CURVE('',#1898,#1899,#5224,.T.);
#5226 = ORIENTED_EDGE('',*,*,#5225,.T.);
#5227 = VECTOR('',#2467,1.);
#5228 = LINE('',#691,#5227);
#5229 = EDGE_CURVE('',#1899,#1900,#5228,.T.);
#5230 = ORIENTED_EDGE('',*,*,#5229,.T.);
#5231 = VECTOR('',#2462,1.);
#5232 = LINE('',#692,#5231);
#5233 = EDGE_CURVE('',#1900,#1901,#5232,.T.);
#5234 = ORIENTED_EDGE('',*,*,#5233,.T.);
#5235 = VECTOR('',#2457,1.);
#5236 = LINE('',#693,#5235);
#5237 = EDGE_CURVE('',#1901,#1902,#5236,.T.);
#5238 = ORIENTED_EDGE('',*,*,#5237,.T.);
#5239 = VECTOR('',#2452,1.);
#5240 = LINE('',#694,#5239);
#5241 = EDGE_CURVE('',#1902,#1903,#5240,.T.);
#5242 = ORIENTED_EDGE('',*,*,#5241,.T.);
#5243 = VECTOR('',#2447,1.);
#5244 = LINE('',#695,#5243);
#5245 = EDGE_CURVE('',#1903,#1904,#5244,.T.);
#5246 = ORIENTED_EDGE('',*,*,#5245,.T.);
#5247 = VECTOR('',#3087,1.);
#5248 = LINE('',#696,#5247);
#5249 = EDGE_CURVE('',#1904,#1905,#5248,.T.);
#5250 = ORIENTED_EDGE('',*,*,#5249,.T.);
#5251 = VECTOR('',#3082,1.);
#5252 = LINE('',#697,#5251);
#5253 = EDGE_CURVE('',#1905,#1906,#5252,.T.);
#5254 = ORIENTED_EDGE('',*,*,#5253,.T.);
#5255 = VECTOR('',#3077,1.);
#5256 = LINE('',#698,#5255);
#5257 = EDGE_CURVE('',#1906,#1907,#5256,.T.);
#5258 = ORIENTED_EDGE('',*,*,#5257,.T.);
#5259 = VECTOR('',#3072,1.);
#5260 = LINE('',#699,#5259);
#5261 = EDGE_CURVE('',#1907,#1908,#5260,.T.);
#5262 = ORIENTED_EDGE('',*,*,#5261,.T.);
#5263 = VECTOR('',#3067,1.);
#5264 = LINE('',#700,#5263);
#5265 = EDGE_CURVE('',#1908,#1909,#5264,.T.);
#5266 = ORIENTED_EDGE('',*,*,#5265,.T.);
#5267 = VECTOR('',#2447,1.);
#5268 = LINE('',#701,#5267);
#5269 = EDGE_CURVE('',#1909,#1910,#5268,.T.);
#5270 = ORIENTED_EDGE('',*,*,#5269,.T.);
#5271 = VECTOR('',#2442,1.);
#5272 = LINE('',#702,#5271);
#5273 = EDGE_CURVE('',#1910,#1911,#5272,.T.);
#5274 = ORIENTED_EDGE('',*,*,#5273,.T.);
#5275 = VECTOR('',#2467,1.);
#5276 = LINE('',#703,#5275);
#5277 = EDGE_CURVE('',#1911,#1912,#5276,.T.);
#5278 = ORIENTED_EDGE('',*,*,#5277,.T.);
#5279 = VECTOR('',#2462,1.);
#5280 = LINE('',#704,#5279);
#5281 = EDGE_CURVE('',#1912,#1913,#5280,.T.);
#5282 = ORIENTED_EDGE('',*,*,#5281,.T.);
#5283 = VECTOR('',#2457,1.);
#5284 = LINE('',#705,#5283);
#5285 = EDGE_CURVE('',#1913,#1914,#5284,.T.);
#5286 = ORIENTED_EDGE('',*,*,#5285,.T.);
#5287 = VECTOR('',#2452,1.);
#5288 = LINE('',#706,#5287);
#5289 = EDGE_CURVE('',#1914,#1915,#5288,.T.);
#5290 = ORIENTED_EDGE('',*,*,#5289,.T.);
#5291 = VECTOR('',#2447,1.);
#5292 = LINE('',#707,#5291);
#5293 = EDGE_CURVE('',#1915,#1916,#5292,.T.);
#5294 = ORIENTED_EDGE('',*,*,#5293,.T.);
#5295 = VECTOR('',#3087,1.);
#5296 = LINE('',#708,#5295);
#5297 = EDGE_CURVE('',#1916,#1917,#5296,.T.);
#5298 = ORIENTED_EDGE('',*,*,#5297,.T.);
#5299 = VECTOR('',#3082,1.);
#5300 = LINE('',#709,#5299);
#5301 = EDGE_CURVE('',#1917,#1918,#5300,.T.);
#5302 = ORIENTED_EDGE('',*,*,#5301,.T.);
#5303 = VECTOR('',#3077,1.);
#5304 = LINE('',#710,#5303);
#5305 = EDGE_CURVE('',#1918,#1919,#5304,.T.);
#5306 = ORIENTED_EDGE('',*,*,#5305,.T.);
#5307 = VECTOR('',#3072,1.);
#5308 = LINE('',#711,#5307);
#5309 = EDGE_CURVE('',#1919,#1920,#5308,.T.);
#5310 = ORIENTED_EDGE('',*,*,#5309,.T.);
#5311 = VECTOR('',#3067,1.);
#5312 = LINE('',#712,#5311);
#5313 = EDGE_CURVE('',#1920,#1921,#5312,.T.);
#5314 = ORIENTED_EDGE('',*,*,#5313,.T.);
#5315 = VECTOR('',#2447,1.);
#5316 = LINE('',#713,#5315);
#5317 = EDGE_CURVE('',#1921,#1922,#5316,.T.);
#5318 = ORIENTED_EDGE('',*,*,#5317,.T.);
#5319 = VECTOR('',#2442,1.);
#5320 = LINE('',#714,#5319);
#5321 = EDGE_CURVE('',#1922,#1923,#5320,.T.);
#5322 = ORIENTED_EDGE('',*,*,#5321,.T.);
#5323 = VECTOR('',#2467,1.);
#5324 = LINE('',#715,#5323);
#5325 = EDGE_CURVE('',#1923,#1924,#5324,.T.);
#5326 = ORIENTED_EDGE('',*,*,#5325,.T.);
#5327 = VECTOR('',#2462,1.);
#5328 = LINE('',#716,#5327);
#5329 = EDGE_CURVE('',#1924,#1925,#5328,.T.);
#5330 = ORIENTED_EDGE('',*,*,#5329,.T.);
#5331 = VECTOR('',#2457,1.);
#5332 = LINE('',#717,#5331);
#5333 = EDGE_CURVE('',#1925,#1926,#5332,.T.);
#5334 = ORIENTED_EDGE('',*,*,#5333,.T.);
#5335 = VECTOR('',#2452,1.);
#5336 = LINE('',#718,#5335);
#5337 = EDGE_CURVE('',#1926,#1927,#5336,.T.);
#5338 = ORIENTED_EDGE('',*,*,#5337,.T.);
#5339 = VECTOR('',#2447,1.);
#5340 = LINE('',#719,#5339);
#5341 = EDGE_CURVE('',#1927,#1928,#5340,.T.);
#5342 = ORIENTED_EDGE('',*,*,#5341,.T.);
#5343 = VECTOR('',#3087,1.);
#5344 = LINE('',#720,#5343);
#5345 = EDGE_CURVE('',#1928,#1929,#5344,.T.);
#5346 = ORIENTED_EDGE('',*,*,#5345,.T.);
#5347 = VECTOR('',#3082,1.);
#5348 = LINE('',#721,#5347);
#5349 = EDGE_CURVE('',#1929,#1930,#5348,.T.);
#5350 = ORIENTED_EDGE('',*,*,#5349,.T.);
#5351 = VECTOR('',#3077,1.);
#5352 = LINE('',#722,#5351);
#5353 = EDGE_CURVE('',#1930,#1931,#5352,.T.);
#5354 = ORIENTED_EDGE('',*,*,#5353,.T.);
#5355 = VECTOR('',#3072,1.);
#5356 = LINE('',#723,#5355);
#5357 = EDGE_CURVE('',#1931,#1932,#5356,.T.);
#5358 = ORIENTED_EDGE('',*,*,#5357,.T.);
#5359 = VECTOR('',#3067,1.);
#5360 = LINE('',#724,#5359);
#5361 = EDGE_CURVE('',#1932,#1933,#5360,.T.);
#5362 = ORIENTED_EDGE('',*,*,#5361,.T.);
#5363 = VECTOR('',#2447,1.);
#5364 = LINE('',#725,#5363);
#5365 = EDGE_CURVE('',#1933,#1934,#5364,.T.);
#5366 = ORIENTED_EDGE('',*,*,#5365,.T.);
#5367 = VECTOR('',#2442,1.);
#5368 = LINE('',#726,#5367);
#5369 = EDGE_CURVE('',#1934,#1935,#5368,.T.);
#5370 = ORIENTED_EDGE('',*,*,#5369,.T.);
#5371 = VECTOR('',#2467,1.);
#5372 = LINE('',#727,#5371);
#5373 = EDGE_CURVE('',#1935,#1936,#5372,.T.);
#5374 = ORIENTED_EDGE('',*,*,#5373,.T.);
#5375 = VECTOR('',#2462,1.);
#5376 = LINE('',#728,#5375);
#5377 = EDGE_CURVE('',#1936,#1937,#5376,.T.);
#5378 = ORIENTED_EDGE('',*,*,#5377,.T.);
#5379 = VECTOR('',#2457,1.);
#5380 = LINE('',#729,#5379);
#5381 = EDGE_CURVE('',#1937,#1938,#5380,.T.);
#5382 = ORIENTED_EDGE('',*,*,#5381,.T.);
#5383 = VECTOR('',#2452,1.);
#5384 = LINE('',#730,#5383);
#5385 = EDGE_CURVE('',#1938,#1939,#5384,.T.);
#5386 = ORIENTED_EDGE('',*,*,#5385,.T.);
#5387 = VECTOR('',#2447,1.);
#5388 = LINE('',#731,#5387);
#5389 = EDGE_CURVE('',#1939,#1940,#5388,.T.);
#5390 = ORIENTED_EDGE('',*,*,#5389,.T.);
#5391 = VECTOR('',#3087,1.);
#5392 = LINE('',#732,#5391);
#5393 = EDGE_CURVE('',#1940,#1941,#5392,.T.);
#5394 = ORIENTED_EDGE('',*,*,#5393,.T.);
#5395 = VECTOR('',#3082,1.);
#5396 = LINE('',#733,#5395);
#5397 = EDGE_CURVE('',#1941,#1942,#5396,.T.);
#5398 = ORIENTED_EDGE('',*,*,#5397,.T.);
#5399 = VECTOR('',#3077,1.);
#5400 = LINE('',#734,#5399);
#5401 = EDGE_CURVE('',#1942,#1943,#5400,.T.);
#5402 = ORIENTED_EDGE('',*,*,#5401,.T.);
#5403 = VECTOR('',#3072,1.);
#5404 = LINE('',#735,#5403);
#5405 = EDGE_CURVE('',#1943,#1944,#5404,.T.);
#5406 = ORIENTED_EDGE('',*,*,#5405,.T.);
#5407 = VECTOR('',#3067,1.);
#5408 = LINE('',#736,#5407);
#5409 = EDGE_CURVE('',#1944,#1945,#5408,.T.);
#5410 = ORIENTED_EDGE('',*,*,#5409,.T.);
#5411 = VECTOR('',#2447,1.);
#5412 = LINE('',#737,#5411);
#5413 = EDGE_CURVE('',#1945,#1946,#5412,.T.);
#5414 = ORIENTED_EDGE('',*,*,#5413,.T.);
#5415 = VECTOR('',#2442,1.);
#5416 = LINE('',#738,#5415);
#5417 = EDGE_CURVE('',#1946,#1947,#5416,.T.);
#5418 = ORIENTED_EDGE('',*,*,#5417,.T.);
#5419 = VECTOR('',#2467,1.);
#5420 = LINE('',#739,#5419);
#5421 = EDGE_CURVE('',#1947,#1948,#5420,.T.);
#5422 = ORIENTED_EDGE('',*,*,#5421,.T.);
#5423 = VECTOR('',#2462,1.);
#5424 = LINE('',#740,#5423);
#5425 = EDGE_CURVE('',#1948,#1949,#5424,.T.);
#5426 = ORIENTED_EDGE('',*,*,#5425,.T.);
#5427 = VECTOR('',#2457,1.);
#5428 = LINE('',#741,#5427);
#5429 = EDGE_CURVE('',#1949,#1950,#5428,.T.);
#5430 = ORIENTED_EDGE('',*,*,#5429,.T.);
#5431 = VECTOR('',#2452,1.);
#5432 = LINE('',#742,#5431);
#5433 = EDGE_CURVE('',#1950,#1951,#5432,.T.);
#5434 = ORIENTED_EDGE('',*,*,#5433,.T.);
#5435 = VECTOR('',#2447,1.);
#5436 = LINE('',#743,#5435);
#5437 = EDGE_CURVE('',#1951,#1952,#5436,.T.);
#5438 = ORIENTED_EDGE('',*,*,#5437,.T.);
#5439 = VECTOR('',#3087,1.);
#5440 = LINE('',#744,#5439);
#5441 = EDGE_CURVE('',#1952,#1953,#5440,.T.);
#5442 = ORIENTED_EDGE('',*,*,#5441,.T.);
#5443 = VECTOR('',#3082,1.);
#5444 = LINE('',#745,#5443);
#5445 = EDGE_CURVE('',#1953,#1954,#5444,.T.);
#5446 = ORIENTED_EDGE('',*,*,#5445,.T.);
#5447 = VECTOR('',#3077,1.);
#5448 = LINE('',#746,#5447);
#5449 = EDGE_CURVE('',#1954,#1955,#5448,.T.);
#5450 = ORIENTED_EDGE('',*,*,#5449,.T.);
#5451 = VECTOR('',#3072,1.);
#5452 = LINE('',#747,#5451);
#5453 = EDGE_CURVE('',#1955,#1956,#5452,.T.);
#5454 = ORIENTED_EDGE('',*,*,#5453,.T.);
#5455 = VECTOR('',#3067,1.);
#5456 = LINE('',#748,#5455);
#5457 = EDGE_CURVE('',#1956,#1957,#5456,.T.);
#5458 = ORIENTED_EDGE('',*,*,#5457,.T.);
#5459 = VECTOR('',#2447,1.);
#5460 = LINE('',#749,#5459);
#5461 = EDGE_CURVE('',#1957,#1958,#5460,.T.);
#5462 = ORIENTED_EDGE('',*,*,#5461,.T.);
#5463 = VECTOR('',#3058,1.);
#5464 = LINE('',#750,#5463);
#5465 = EDGE_CURVE('',#1958,#1959,#5464,.T.);
#5466 = ORIENTED_EDGE('',*,*,#5465,.T.);
#5467 = VECTOR('',#3053,1.);
#5468 = LINE('',#751,#5467);
#5469 = EDGE_CURVE('',#1959,#1960,#5468,.T.);
#5470 = ORIENTED_EDGE('',*,*,#5469,.T.);
#5471 = VECTOR('',#3048,1.);
#5472 = LINE('',#752,#5471);
#5473 = EDGE_CURVE('',#1960,#1961,#5472,.T.);
#5474 = ORIENTED_EDGE('',*,*,#5473,.T.);
#5475 = VECTOR('',#3043,1.);
#5476 = LINE('',#753,#5475);
#5477 = EDGE_CURVE('',#1961,#1962,#5476,.T.);
#5478 = ORIENTED_EDGE('',*,*,#5477,.T.);
#5479 = VECTOR('',#3038,1.);
#5480 = LINE('',#754,#5479);
#5481 = EDGE_CURVE('',#1962,#1963,#5480,.T.);
#5482 = ORIENTED_EDGE('',*,*,#5481,.T.);
#5483 = VECTOR('',#3033,1.);
#5484 = LINE('',#755,#5483);
#5485 = EDGE_CURVE('',#1963,#1964,#5484,.T.);
#5486 = ORIENTED_EDGE('',*,*,#5485,.T.);
#5487 = VECTOR('',#2442,1.);
#5488 = LINE('',#756,#5487);
#5489 = EDGE_CURVE('',#1964,#1965,#5488,.T.);
#5490 = ORIENTED_EDGE('',*,*,#5489,.T.);
#5491 = VECTOR('',#2496,1.);
#5492 = LINE('',#757,#5491);
#5493 = EDGE_CURVE('',#1965,#1966,#5492,.T.);
#5494 = ORIENTED_EDGE('',*,*,#5493,.T.);
#5495 = VECTOR('',#2491,1.);
#5496 = LINE('',#758,#5495);
#5497 = EDGE_CURVE('',#1966,#1967,#5496,.T.);
#5498 = ORIENTED_EDGE('',*,*,#5497,.T.);
#5499 = VECTOR('',#2486,1.);
#5500 = LINE('',#759,#5499);
#5501 = EDGE_CURVE('',#1967,#1968,#5500,.T.);
#5502 = ORIENTED_EDGE('',*,*,#5501,.T.);
#5503 = VECTOR('',#2481,1.);
#5504 = LINE('',#760,#5503);
#5505 = EDGE_CURVE('',#1968,#1969,#5504,.T.);
#5506 = ORIENTED_EDGE('',*,*,#5505,.T.);
#5507 = VECTOR('',#2476,1.);
#5508 = LINE('',#761,#5507);
#5509 = EDGE_CURVE('',#1969,#1970,#5508,.T.);
#5510 = ORIENTED_EDGE('',*,*,#5509,.T.);
#5511 = VECTOR('',#2442,1.);
#5512 = LINE('',#762,#5511);
#5513 = EDGE_CURVE('',#1970,#1971,#5512,.T.);
#5514 = ORIENTED_EDGE('',*,*,#5513,.T.);
#5515 = VECTOR('',#2467,1.);
#5516 = LINE('',#763,#5515);
#5517 = EDGE_CURVE('',#1971,#1972,#5516,.T.);
#5518 = ORIENTED_EDGE('',*,*,#5517,.T.);
#5519 = VECTOR('',#2462,1.);
#5520 = LINE('',#764,#5519);
#5521 = EDGE_CURVE('',#1972,#1973,#5520,.T.);
#5522 = ORIENTED_EDGE('',*,*,#5521,.T.);
#5523 = VECTOR('',#2457,1.);
#5524 = LINE('',#765,#5523);
#5525 = EDGE_CURVE('',#1973,#1974,#5524,.T.);
#5526 = ORIENTED_EDGE('',*,*,#5525,.T.);
#5527 = VECTOR('',#2452,1.);
#5528 = LINE('',#766,#5527);
#5529 = EDGE_CURVE('',#1974,#1975,#5528,.T.);
#5530 = ORIENTED_EDGE('',*,*,#5529,.T.);
#5531 = VECTOR('',#2447,1.);
#5532 = LINE('',#767,#5531);
#5533 = EDGE_CURVE('',#1975,#1976,#5532,.T.);
#5534 = ORIENTED_EDGE('',*,*,#5533,.T.);
#5535 = VECTOR('',#2442,1.);
#5536 = LINE('',#768,#5535);
#5537 = EDGE_CURVE('',#1976,#1977,#5536,.T.);
#5538 = ORIENTED_EDGE('',*,*,#5537,.T.);
#5539 = VECTOR('',#2496,1.);
#5540 = LINE('',#769,#5539);
#5541 = EDGE_CURVE('',#1977,#1978,#5540,.T.);
#5542 = ORIENTED_EDGE('',*,*,#5541,.T.);
#5543 = VECTOR('',#2491,1.);
#5544 = LINE('',#770,#5543);
#5545 = EDGE_CURVE('',#1978,#1979,#5544,.T.);
#5546 = ORIENTED_EDGE('',*,*,#5545,.T.);
#5547 = VECTOR('',#2486,1.);
#5548 = LINE('',#771,#5547);
#5549 = EDGE_CURVE('',#1979,#1980,#5548,.T.);
#5550 = ORIENTED_EDGE('',*,*,#5549,.T.);
#5551 = VECTOR('',#2481,1.);
#5552 = LINE('',#772,#5551);
#5553 = EDGE_CURVE('',#1980,#1981,#5552,.T.);
#5554 = ORIENTED_EDGE('',*,*,#5553,.T.);
#5555 = VECTOR('',#2476,1.);
#5556 = LINE('',#773,#5555);
#5557 = EDGE_CURVE('',#1981,#1982,#5556,.T.);
#5558 = ORIENTED_EDGE('',*,*,#5557,.T.);
#5559 = VECTOR('',#2442,1.);
#5560 = LINE('',#774,#5559);
#5561 = EDGE_CURVE('',#1982,#1983,#5560,.T.);
#5562 = ORIENTED_EDGE('',*,*,#5561,.T.);
#5563 = VECTOR('',#2467,1.);
#5564 = LINE('',#775,#5563);
#5565 = EDGE_CURVE('',#1983,#1984,#5564,.T.);
#5566 = ORIENTED_EDGE('',*,*,#5565,.T.);
#5567 = VECTOR('',#2462,1.);
#5568 = LINE('',#776,#5567);
#5569 = EDGE_CURVE('',#1984,#1985,#5568,.T.);
#5570 = ORIENTED_EDGE('',*,*,#5569,.T.);
#5571 = VECTOR('',#2457,1.);
#5572 = LINE('',#777,#5571);
#5573 = EDGE_CURVE('',#1985,#1986,#5572,.T.);
#5574 = ORIENTED_EDGE('',*,*,#5573,.T.);
#5575 = VECTOR('',#2452,1.);
#5576 = LINE('',#778,#5575);
#5577 = EDGE_CURVE('',#1986,#1987,#5576,.T.);
#5578 = ORIENTED_EDGE('',*,*,#5577,.T.);
#5579 = VECTOR('',#2447,1.);
#5580 = LINE('',#779,#5579);
#5581 = EDGE_CURVE('',#1987,#1988,#5580,.T.);
#5582 = ORIENTED_EDGE('',*,*,#5581,.T.);
#5583 = VECTOR('',#2442,1.);
#5584 = LINE('',#780,#5583);
#5585 = EDGE_CURVE('',#1988,#1989,#5584,.T.);
#5586 = ORIENTED_EDGE('',*,*,#5585,.T.);
#5587 = VECTOR('',#2496,1.);
#5588 = LINE('',#781,#5587);
#5589 = EDGE_CURVE('',#1989,#1990,#5588,.T.);
#5590 = ORIENTED_EDGE('',*,*,#5589,.T.);
#5591 = VECTOR('',#2491,1.);
#5592 = LINE('',#782,#5591);
#5593 = EDGE_CURVE('',#1990,#1991,#5592,.T.);
#5594 = ORIENTED_EDGE('',*,*,#5593,.T.);
#5595 = VECTOR('',#2486,1.);
#5596 = LINE('',#783,#5595);
#5597 = EDGE_CURVE('',#1991,#1992,#5596,.T.);
#5598 = ORIENTED_EDGE('',*,*,#5597,.T.);
#5599 = VECTOR('',#2481,1.);
#5600 = LINE('',#784,#5599);
#5601 = EDGE_CURVE('',#1992,#1993,#5600,.T.);
#5602 = ORIENTED_EDGE('',*,*,#5601,.T.);
#5603 = VECTOR('',#2476,1.);
#5604 = LINE('',#785,#5603);
#5605 = EDGE_CURVE('',#1993,#1994,#5604,.T.);
#5606 = ORIENTED_EDGE('',*,*,#5605,.T.);
#5607 = VECTOR('',#2442,1.);
#5608 = LINE('',#786,#5607);
#5609 = EDGE_CURVE('',#1994,#1995,#5608,.T.);
#5610 = ORIENTED_EDGE('',*,*,#5609,.T.);
#5611 = VECTOR('',#2467,1.);
#5612 = LINE('',#787,#5611);
#5613 = EDGE_CURVE('',#1995,#1996,#5612,.T.);
#5614 = ORIENTED_EDGE('',*,*,#5613,.T.);
#5615 = VECTOR('',#2462,1.);
#5616 = LINE('',#788,#5615);
#5617 = EDGE_CURVE('',#1996,#1997,#5616,.T.);
#5618 = ORIENTED_EDGE('',*,*,#5617,.T.);
#5619 = VECTOR('',#2457,1.);
#5620 = LINE('',#789,#5619);
#5621 = EDGE_CURVE('',#1997,#1998,#5620,.T.);
#5622 = ORIENTED_EDGE('',*,*,#5621,.T.);
#5623 = VECTOR('',#2452,1.);
#5624 = LINE('',#790,#5623);
#5625 = EDGE_CURVE('',#1998,#1999,#5624,.T.);
#5626 = ORIENTED_EDGE('',*,*,#5625,.T.);
#5627 = VECTOR('',#2447,1.);
#5628 = LINE('',#791,#5627);
#5629 = EDGE_CURVE('',#1999,#2000,#5628,.T.);
#5630 = ORIENTED_EDGE('',*,*,#5629,.T.);
#5631 = VECTOR('',#2442,1.);
#5632 = LINE('',#792,#5631);
#5633 = EDGE_CURVE('',#2000,#2001,#5632,.T.);
#5634 = ORIENTED_EDGE('',*,*,#5633,.T.);
#5635 = VECTOR('',#2496,1.);
#5636 = LINE('',#793,#5635);
#5637 = EDGE_CURVE('',#2001,#2002,#5636,.T.);
#5638 = ORIENTED_EDGE('',*,*,#5637,.T.);
#5639 = VECTOR('',#2491,1.);
#5640 = LINE('',#794,#5639);
#5641 = EDGE_CURVE('',#2002,#2003,#5640,.T.);
#5642 = ORIENTED_EDGE('',*,*,#5641,.T.);
#5643 = VECTOR('',#2486,1.);
#5644 = LINE('',#795,#5643);
#5645 = EDGE_CURVE('',#2003,#2004,#5644,.T.);
#5646 = ORIENTED_EDGE('',*,*,#5645,.T.);
#5647 = VECTOR('',#2481,1.);
#5648 = LINE('',#796,#5647);
#5649 = EDGE_CURVE('',#2004,#2005,#5648,.T.);
#5650 = ORIENTED_EDGE('',*,*,#5649,.T.);
#5651 = VECTOR('',#2476,1.);
#5652 = LINE('',#797,#5651);
#5653 = EDGE_CURVE('',#2005,#2006,#5652,.T.);
#5654 = ORIENTED_EDGE('',*,*,#5653,.T.);
#5655 = VECTOR('',#2442,1.);
#5656 = LINE('',#798,#5655);
#5657 = EDGE_CURVE('',#2006,#2007,#5656,.T.);
#5658 = ORIENTED_EDGE('',*,*,#5657,.T.);
#5659 = VECTOR('',#2467,1.);
#5660 = LINE('',#799,#5659);
#5661 = EDGE_CURVE('',#2007,#2008,#5660,.T.);
#5662 = ORIENTED_EDGE('',*,*,#5661,.T.);
#5663 = VECTOR('',#2462,1.);
#5664 = LINE('',#800,#5663);
#5665 = EDGE_CURVE('',#2008,#2009,#5664,.T.);
#5666 = ORIENTED_EDGE('',*,*,#5665,.T.);
#5667 = VECTOR('',#2457,1.);
#5668 = LINE('',#801,#5667);
#5669 = EDGE_CURVE('',#2009,#2010,#5668,.T.);
#5670 = ORIENTED_EDGE('',*,*,#5669,.T.);
#5671 = VECTOR('',#2452,1.);
#5672 = LINE('',#802,#5671);
#5673 = EDGE_CURVE('',#2010,#2011,#5672,.T.);
#5674 = ORIENTED_EDGE('',*,*,#5673,.T.);
#5675 = VECTOR('',#2447,1.);
#5676 = LINE('',#803,#5675);
#5677 = EDGE_CURVE('',#2011,#2012,#5676,.T.);
#5678 = ORIENTED_EDGE('',*,*,#5677,.T.);
#5679 = VECTOR('',#2442,1.);
#5680 = LINE('',#804,#5679);
#5681 = EDGE_CURVE('',#2012,#2013,#5680,.T.);
#5682 = ORIENTED_EDGE('',*,*,#5681,.T.);
#5683 = VECTOR('',#2496,1.);
#5684 = LINE('',#805,#5683);
#5685 = EDGE_CURVE('',#2013,#2014,#5684,.T.);
#5686 = ORIENTED_EDGE('',*,*,#5685,.T.);
#5687 = VECTOR('',#2491,1.);
#5688 = LINE('',#806,#5687);
#5689 = EDGE_CURVE('',#2014,#2015,#5688,.T.);
#5690 = ORIENTED_EDGE('',*,*,#5689,.T.);
#5691 = VECTOR('',#2486,1.);
#5692 = LINE('',#807,#5691);
#5693 = EDGE_CURVE('',#2015,#2016,#5692,.T.);
#5694 = ORIENTED_EDGE('',*,*,#5693,.T.);
#5695 = VECTOR('',#2481,1.);
#5696 = LINE('',#808,#5695);
#5697 = EDGE_CURVE('',#2016,#2017,#5696,.T.);
#5698 = ORIENTED_EDGE('',*,*,#5697,.T.);
#5699 = VECTOR('',#2476,1.);
#5700 = LINE('',#809,#5699);
#5701 = EDGE_CURVE('',#2017,#2018,#5700,.T.);
#5702 = ORIENTED_EDGE('',*,*,#5701,.T.);
#5703 = VECTOR('',#2442,1.);
#5704 = LINE('',#810,#5703);
#5705 = EDGE_CURVE('',#2018,#2019,#5704,.T.);
#5706 = ORIENTED_EDGE('',*,*,#5705,.T.);
#5707 = VECTOR('',#2467,1.);
#5708 = LINE('',#811,#5707);
#5709 = EDGE_CURVE('',#2019,#2020,#5708,.T.);
#5710 = ORIENTED_EDGE('',*,*,#5709,.T.);
#5711 = VECTOR('',#2462,1.);
#5712 = LINE('',#812,#5711);
#5713 = EDGE_CURVE('',#2020,#2021,#5712,.T.);
#5714 = ORIENTED_EDGE('',*,*,#5713,.T.);
#5715 = VECTOR('',#2457,1.);
#5716 = LINE('',#813,#5715);
#5717 = EDGE_CURVE('',#2021,#2022,#5716,.T.);
#5718 = ORIENTED_EDGE('',*,*,#5717,.T.);
#5719 = VECTOR('',#2452,1.);
#5720 = LINE('',#814,#5719);
#5721 = EDGE_CURVE('',#2022,#2023,#5720,.T.);
#5722 = ORIENTED_EDGE('',*,*,#5721,.T.);
#5723 = VECTOR('',#2447,1.);
#5724 = LINE('',#815,#5723);
#5725 = EDGE_CURVE('',#2023,#2024,#5724,.T.);
#5726 = ORIENTED_EDGE('',*,*,#5725,.T.);
#5727 = VECTOR('',#2442,1.);
#5728 = LINE('',#816,#5727);
#5729 = EDGE_CURVE('',#2024,#2025,#5728,.T.);
#5730 = ORIENTED_EDGE('',*,*,#5729,.T.);
#5731 = VECTOR('',#2496,1.);
#5732 = LINE('',#817,#5731);
#5733 = EDGE_CURVE('',#2025,#2026,#5732,.T.);
#5734 = ORIENTED_EDGE('',*,*,#5733,.T.);
#5735 = VECTOR('',#2491,1.);
#5736 = LINE('',#818,#5735);
#5737 = EDGE_CURVE('',#2026,#2027,#5736,.T.);
#5738 = ORIENTED_EDGE('',*,*,#5737,.T.);
#5739 = VECTOR('',#2486,1.);
#5740 = LINE('',#819,#5739);
#5741 = EDGE_CURVE('',#2027,#2028,#5740,.T.);
#5742 = ORIENTED_EDGE('',*,*,#5741,.T.);
#5743 = VECTOR('',#2481,1.);
#5744 = LINE('',#820,#5743);
#5745 = EDGE_CURVE('',#2028,#2029,#5744,.T.);
#5746 = ORIENTED_EDGE('',*,*,#5745,.T.);
#5747 = VECTOR('',#2476,1.);
#5748 = LINE('',#821,#5747);
#5749 = EDGE_CURVE('',#2029,#2030,#5748,.T.);
#5750 = ORIENTED_EDGE('',*,*,#5749,.T.);
#5751 = VECTOR('',#2442,1.);
#5752 = LINE('',#822,#5751);
#5753 = EDGE_CURVE('',#2030,#2031,#5752,.T.);
#5754 = ORIENTED_EDGE('',*,*,#5753,.T.);
#5755 = VECTOR('',#2467,1.);
#5756 = LINE('',#823,#5755);
#5757 = EDGE_CURVE('',#2031,#2032,#5756,.T.);
#5758 = ORIENTED_EDGE('',*,*,#5757,.T.);
#5759 = VECTOR('',#2462,1.);
#5760 = LINE('',#824,#5759);
#5761 = EDGE_CURVE('',#2032,#2033,#5760,.T.);
#5762 = ORIENTED_EDGE('',*,*,#5761,.T.);
#5763 = VECTOR('',#2457,1.);
#5764 = LINE('',#825,#5763);
#5765 = EDGE_CURVE('',#2033,#2034,#5764,.T.);
#5766 = ORIENTED_EDGE('',*,*,#5765,.T.);
#5767 = VECTOR('',#2452,1.);
#5768 = LINE('',#826,#5767);
#5769 = EDGE_CURVE('',#2034,#2035,#5768,.T.);
#5770 = ORIENTED_EDGE('',*,*,#5769,.T.);
#5771 = VECTOR('',#2447,1.);
#5772 = LINE('',#827,#5771);
#5773 = EDGE_CURVE('',#2035,#2036,#5772,.T.);
#5774 = ORIENTED_EDGE('',*,*,#5773,.T.);
#5775 = VECTOR('',#2442,1.);
#5776 = LINE('',#828,#5775);
#5777 = EDGE_CURVE('',#2036,#2037,#5776,.T.);
#5778 = ORIENTED_EDGE('',*,*,#5777,.T.);
#5779 = VECTOR('',#2496,1.);
#5780 = LINE('',#829,#5779);
#5781 = EDGE_CURVE('',#2037,#2038,#5780,.T.);
#5782 = ORIENTED_EDGE('',*,*,#5781,.T.);
#5783 = VECTOR('',#2491,1.);
#5784 = LINE('',#830,#5783);
#5785 = EDGE_CURVE('',#2038,#2039,#5784,.T.);
#5786 = ORIENTED_EDGE('',*,*,#5785,.T.);
#5787 = VECTOR('',#2486,1.);
#5788 = LINE('',#831,#5787);
#5789 = EDGE_CURVE('',#2039,#2040,#5788,.T.);
#5790 = ORIENTED_EDGE('',*,*,#5789,.T.);
#5791 = VECTOR('',#2481,1.);
#5792 = LINE('',#832,#5791);
#5793 = EDGE_CURVE('',#2040,#2041,#5792,.T.);
#5794 = ORIENTED_EDGE('',*,*,#5793,.T.);
#5795 = VECTOR('',#2476,1.);
#5796 = LINE('',#833,#5795);
#5797 = EDGE_CURVE('',#2041,#2042,#5796,.T.);
#5798 = ORIENTED_EDGE('',*,*,#5797,.T.);
#5799 = VECTOR('',#2442,1.);
#5800 = LINE('',#834,#5799);
#5801 = EDGE_CURVE('',#2042,#2043,#5800,.T.);
#5802 = ORIENTED_EDGE('',*,*,#5801,.T.);
#5803 = VECTOR('',#2467,1.);
#5804 = LINE('',#835,#5803);
#5805 = EDGE_CURVE('',#2043,#2044,#5804,.T.);
#5806 = ORIENTED_EDGE('',*,*,#5805,.T.);
#5807 = VECTOR('',#2462,1.);
#5808 = LINE('',#836,#5807);
#5809 = EDGE_CURVE('',#2044,#2045,#5808,.T.);
#5810 = ORIENTED_EDGE('',*,*,#5809,.T.);
#5811 = VECTOR('',#2457,1.);
#5812 = LINE('',#837,#5811);
#5813 = EDGE_CURVE('',#2045,#2046,#5812,.T.);
#5814 = ORIENTED_EDGE('',*,*,#5813,.T.);
#5815 = VECTOR('',#2452,1.);
#5816 = LINE('',#838,#5815);
#5817 = EDGE_CURVE('',#2046,#2047,#5816,.T.);
#5818 = ORIENTED_EDGE('',*,*,#5817,.T.);
#5819 = VECTOR('',#2447,1.);
#5820 = LINE('',#839,#5819);
#5821 = EDGE_CURVE('',#2047,#2048,#5820,.T.);
#5822 = ORIENTED_EDGE('',*,*,#5821,.T.);
#5823 = VECTOR('',#2442,1.);
#5824 = LINE('',#840,#5823);
#5825 = EDGE_CURVE('',#2048,#2049,#5824,.T.);
#5826 = ORIENTED_EDGE('',*,*,#5825,.T.);
#5827 = VECTOR('',#2496,1.);
#5828 = LINE('',#841,#5827);
#5829 = EDGE_CURVE('',#2049,#2050,#5828,.T.);
#5830 = ORIENTED_EDGE('',*,*,#5829,.T.);
#5831 = VECTOR('',#2491,1.);
#5832 = LINE('',#842,#5831);
#5833 = EDGE_CURVE('',#2050,#2051,#5832,.T.);
#5834 = ORIENTED_EDGE('',*,*,#5833,.T.);
#5835 = VECTOR('',#2486,1.);
#5836 = LINE('',#843,#5835);
#5837 = EDGE_CURVE('',#2051,#2052,#5836,.T.);
#5838 = ORIENTED_EDGE('',*,*,#5837,.T.);
#5839 = VECTOR('',#2481,1.);
#5840 = LINE('',#844,#5839);
#5841 = EDGE_CURVE('',#2052,#2053,#5840,.T.);
#5842 = ORIENTED_EDGE('',*,*,#5841,.T.);
#5843 = VECTOR('',#2476,1.);
#5844 = LINE('',#845,#5843);
#5845 = EDGE_CURVE('',#2053,#2054,#5844,.T.);
#5846 = ORIENTED_EDGE('',*,*,#5845,.T.);
#5847 = VECTOR('',#2442,1.);
#5848 = LINE('',#846,#5847);
#5849 = EDGE_CURVE('',#2054,#2055,#5848,.T.);
#5850 = ORIENTED_EDGE('',*,*,#5849,.T.);
#5851 = VECTOR('',#2467,1.);
#5852 = LINE('',#847,#5851);
#5853 = EDGE_CURVE('',#2055,#2056,#5852,.T.);
#5854 = ORIENTED_EDGE('',*,*,#5853,.T.);
#5855 = VECTOR('',#2462,1.);
#5856 = LINE('',#848,#5855);
#5857 = EDGE_CURVE('',#2056,#2057,#5856,.T.);
#5858 = ORIENTED_EDGE('',*,*,#5857,.T.);
#5859 = VECTOR('',#2457,1.);
#5860 = LINE('',#849,#5859);
#5861 = EDGE_CURVE('',#2057,#2058,#5860,.T.);
#5862 = ORIENTED_EDGE('',*,*,#5861,.T.);
#5863 = VECTOR('',#2452,1.);
#5864 = LINE('',#850,#5863);
#5865 = EDGE_CURVE('',#2058,#2059,#5864,.T.);
#5866 = ORIENTED_EDGE('',*,*,#5865,.T.);
#5867 = VECTOR('',#2447,1.);
#5868 = LINE('',#851,#5867);
#5869 = EDGE_CURVE('',#2059,#2060,#5868,.T.);
#5870 = ORIENTED_EDGE('',*,*,#5869,.T.);
#5871 = VECTOR('',#2442,1.);
#5872 = LINE('',#852,#5871);
#5873 = EDGE_CURVE('',#2060,#2061,#5872,.T.);
#5874 = ORIENTED_EDGE('',*,*,#5873,.T.);
#5875 = VECTOR('',#2496,1.);
#5876 = LINE('',#853,#5875);
#5877 = EDGE_CURVE('',#2061,#2062,#5876,.T.);
#5878 = ORIENTED_EDGE('',*,*,#5877,.T.);
#5879 = VECTOR('',#2491,1.);
#5880 = LINE('',#854,#5879);
#5881 = EDGE_CURVE('',#2062,#2063,#5880,.T.);
#5882 = ORIENTED_EDGE('',*,*,#5881,.T.);
#5883 = VECTOR('',#2486,1.);
#5884 = LINE('',#855,#5883);
#5885 = EDGE_CURVE('',#2063,#2064,#5884,.T.);
#5886 = ORIENTED_EDGE('',*,*,#5885,.T.);
#5887 = VECTOR('',#2481,1.);
#5888 = LINE('',#856,#5887);
#5889 = EDGE_CURVE('',#2064,#2065,#5888,.T.);
#5890 = ORIENTED_EDGE('',*,*,#5889,.T.);
#5891 = VECTOR('',#2476,1.);
#5892 = LINE('',#857,#5891);
#5893 = EDGE_CURVE('',#2065,#2066,#5892,.T.);
#5894 = ORIENTED_EDGE('',*,*,#5893,.T.);
#5895 = VECTOR('',#2442,1.);
#5896 = LINE('',#858,#5895);
#5897 = EDGE_CURVE('',#2066,#2067,#5896,.T.);
#5898 = ORIENTED_EDGE('',*,*,#5897,.T.);
#5899 = VECTOR('',#2467,1.);
#5900 = LINE('',#859,#5899);
#5901 = EDGE_CURVE('',#2067,#2068,#5900,.T.);
#5902 = ORIENTED_EDGE('',*,*,#5901,.T.);
#5903 = VECTOR('',#2462,1.);
#5904 = LINE('',#860,#5903);
#5905 = EDGE_CURVE('',#2068,#2069,#5904,.T.);
#5906 = ORIENTED_EDGE('',*,*,#5905,.T.);
#5907 = VECTOR('',#2457,1.);
#5908 = LINE('',#861,#5907);
#5909 = EDGE_CURVE('',#2069,#2070,#5908,.T.);
#5910 = ORIENTED_EDGE('',*,*,#5909,.T.);
#5911 = VECTOR('',#2452,1.);
#5912 = LINE('',#862,#5911);
#5913 = EDGE_CURVE('',#2070,#2071,#5912,.T.);
#5914 = ORIENTED_EDGE('',*,*,#5913,.T.);
#5915 = VECTOR('',#2447,1.);
#5916 = LINE('',#863,#5915);
#5917 = EDGE_CURVE('',#2071,#2072,#5916,.T.);
#5918 = ORIENTED_EDGE('',*,*,#5917,.T.);
#5919 = VECTOR('',#2442,1.);
#5920 = LINE('',#864,#5919);
#5921 = EDGE_CURVE('',#2072,#2073,#5920,.T.);
#5922 = ORIENTED_EDGE('',*,*,#5921,.T.);
#5923 = VECTOR('',#2496,1.);
#5924 = LINE('',#865,#5923);
#5925 = EDGE_CURVE('',#2073,#2074,#5924,.T.);
#5926 = ORIENTED_EDGE('',*,*,#5925,.T.);
#5927 = VECTOR('',#2491,1.);
#5928 = LINE('',#866,#5927);
#5929 = EDGE_CURVE('',#2074,#2075,#5928,.T.);
#5930 = ORIENTED_EDGE('',*,*,#5929,.T.);
#5931 = VECTOR('',#2486,1.);
#5932 = LINE('',#867,#5931);
#5933 = EDGE_CURVE('',#2075,#2076,#5932,.T.);
#5934 = ORIENTED_EDGE('',*,*,#5933,.T.);
#5935 = VECTOR('',#2481,1.);
#5936 = LINE('',#868,#5935);
#5937 = EDGE_CURVE('',#2076,#2077,#5936,.T.);
#5938 = ORIENTED_EDGE('',*,*,#5937,.T.);
#5939 = VECTOR('',#2476,1.);
#5940 = LINE('',#869,#5939);
#5941 = EDGE_CURVE('',#2077,#2078,#5940,.T.);
#5942 = ORIENTED_EDGE('',*,*,#5941,.T.);
#5943 = VECTOR('',#2442,1.);
#5944 = LINE('',#870,#5943);
#5945 = EDGE_CURVE('',#2078,#2079,#5944,.T.);
#5946 = ORIENTED_EDGE('',*,*,#5945,.T.);
#5947 = VECTOR('',#2467,1.);
#5948 = LINE('',#871,#5947);
#5949 = EDGE_CURVE('',#2079,#2080,#5948,.T.);
#5950 = ORIENTED_EDGE('',*,*,#5949,.T.);
#5951 = VECTOR('',#2462,1.);
#5952 = LINE('',#872,#5951);
#5953 = EDGE_CURVE('',#2080,#2081,#5952,.T.);
#5954 = ORIENTED_EDGE('',*,*,#5953,.T.);
#5955 = VECTOR('',#2457,1.);
#5956 = LINE('',#873,#5955);
#5957 = EDGE_CURVE('',#2081,#2082,#5956,.T.);
#5958 = ORIENTED_EDGE('',*,*,#5957,.T.);
#5959 = VECTOR('',#2452,1.);
#5960 = LINE('',#874,#5959);
#5961 = EDGE_CURVE('',#2082,#2083,#5960,.T.);
#5962 = ORIENTED_EDGE('',*,*,#5961,.T.);
#5963 = VECTOR('',#2447,1.);
#5964 = LINE('',#875,#5963);
#5965 = EDGE_CURVE('',#2083,#2084,#5964,.T.);
#5966 = ORIENTED_EDGE('',*,*,#5965,.T.);
#5967 = VECTOR('',#2442,1.);
#5968 = LINE('',#876,#5967);
#5969 = EDGE_CURVE('',#2084,#2085,#5968,.T.);
#5970 = ORIENTED_EDGE('',*,*,#5969,.T.);
#5971 = VECTOR('',#2496,1.);
#5972 = LINE('',#877,#5971);
#5973 = EDGE_CURVE('',#2085,#2086,#5972,.T.);
#5974 = ORIENTED_EDGE('',*,*,#5973,.T.);
#5975 = VECTOR('',#2491,1.);
#5976 = LINE('',#878,#5975);
#5977 = EDGE_CURVE('',#2086,#2087,#5976,.T.);
#5978 = ORIENTED_EDGE('',*,*,#5977,.T.);
#5979 = VECTOR('',#2486,1.);
#5980 = LINE('',#879,#5979);
#5981 = EDGE_CURVE('',#2087,#2088,#5980,.T.);
#5982 = ORIENTED_EDGE('',*,*,#5981,.T.);
#5983 = VECTOR('',#2481,1.);
#5984 = LINE('',#880,#5983);
#5985 = EDGE_CURVE('',#2088,#2089,#5984,.T.);
#5986 = ORIENTED_EDGE('',*,*,#5985,.T.);
#5987 = VECTOR('',#2476,1.);
#5988 = LINE('',#881,#5987);
#5989 = EDGE_CURVE('',#2089,#2090,#5988,.T.);
#5990 = ORIENTED_EDGE('',*,*,#5989,.T.);
#5991 = VECTOR('',#2442,1.);
#5992 = LINE('',#882,#5991);
#5993 = EDGE_CURVE('',#2090,#2091,#5992,.T.);
#5994 = ORIENTED_EDGE('',*,*,#5993,.T.);
#5995 = VECTOR('',#2467,1.);
#5996 = LINE('',#883,#5995);
#5997 = EDGE_CURVE('',#2091,#2092,#5996,.T.);
#5998 = ORIENTED_EDGE('',*,*,#5997,.T.);
#5999 = VECTOR('',#2462,1.);
#6000 = LINE('',#884,#5999);
#6001 = EDGE_CURVE('',#2092,#2093,#6000,.T.);
#6002 = ORIENTED_EDGE('',*,*,#6001,.T.);
#6003 = VECTOR('',#2457,1.);
#6004 = LINE('',#885,#6003);
#6005 = EDGE_CURVE('',#2093,#2094,#6004,.T.);
#6006 = ORIENTED_EDGE('',*,*,#6005,.T.);
#6007 = VECTOR('',#2452,1.);
#6008 = LINE('',#886,#6007);
#6009 = EDGE_CURVE('',#2094,#2095,#6008,.T.);
#6010 = ORIENTED_EDGE('',*,*,#6009,.T.);
#6011 = VECTOR('',#2447,1.);
#6012 = LINE('',#887,#6011);
#6013 = EDGE_CURVE('',#2095,#2096,#6012,.T.);
#6014 = ORIENTED_EDGE('',*,*,#6013,.T.);
#6015 = VECTOR('',#2442,1.);
#6016 = LINE('',#888,#6015);
#6017 = EDGE_CURVE('',#2096,#2097,#6016,.T.);
#6018 = ORIENTED_EDGE('',*,*,#6017,.T.);
#6019 = VECTOR('',#2496,1.);
#6020 = LINE('',#889,#6019);
#6021 = EDGE_CURVE('',#2097,#2098,#6020,.T.);
#6022 = ORIENTED_EDGE('',*,*,#6021,.T.);
#6023 = VECTOR('',#2491,1.);
#6024 = LINE('',#890,#6023);
#6025 = EDGE_CURVE('',#2098,#2099,#6024,.T.);
#6026 = ORIENTED_EDGE('',*,*,#6025,.T.);
#6027 = VECTOR('',#2486,1.);
#6028 = LINE('',#891,#6027);
#6029 = EDGE_CURVE('',#2099,#2100,#6028,.T.);
#6030 = ORIENTED_EDGE('',*,*,#6029,.T.);
#6031 = VECTOR('',#2481,1.);
#6032 = LINE('',#892,#6031);
#6033 = EDGE_CURVE('',#2100,#2101,#6032,.T.);
#6034 = ORIENTED_EDGE('',*,*,#6033,.T.);
#6035 = VECTOR('',#2476,1.);
#6036 = LINE('',#893,#6035);
#6037 = EDGE_CURVE('',#2101,#2102,#6036,.T.);
#6038 = ORIENTED_EDGE('',*,*,#6037,.T.);
#6039 = VECTOR('',#2442,1.);
#6040 = LINE('',#894,#6039);
#6041 = EDGE_CURVE('',#2102,#2103,#6040,.T.);
#6042 = ORIENTED_EDGE('',*,*,#6041,.T.);
#6043 = VECTOR('',#2467,1.);
#6044 = LINE('',#895,#6043);
#6045 = EDGE_CURVE('',#2103,#2104,#6044,.T.);
#6046 = ORIENTED_EDGE('',*,*,#6045,.T.);
#6047 = VECTOR('',#2462,1.);
#6048 = LINE('',#896,#6047);
#6049 = EDGE_CURVE('',#2104,#2105,#6048,.T.);
#6050 = ORIENTED_EDGE('',*,*,#6049,.T.);
#6051 = VECTOR('',#2457,1.);
#6052 = LINE('',#897,#6051);
#6053 = EDGE_CURVE('',#2105,#2106,#6052,.T.);
#6054 = ORIENTED_EDGE('',*,*,#6053,.T.);
#6055 = VECTOR('',#2452,1.);
#6056 = LINE('',#898,#6055);
#6057 = EDGE_CURVE('',#2106,#2107,#6056,.T.);
#6058 = ORIENTED_EDGE('',*,*,#6057,.T.);
#6059 = VECTOR('',#2447,1.);
#6060 = LINE('',#899,#6059);
#6061 = EDGE_CURVE('',#2107,#2108,#6060,.T.);
#6062 = ORIENTED_EDGE('',*,*,#6061,.T.);
#6063 = VECTOR('',#2442,1.);
#6064 = LINE('',#900,#6063);
#6065 = EDGE_CURVE('',#2108,#2109,#6064,.T.);
#6066 = ORIENTED_EDGE('',*,*,#6065,.T.);
#6067 = VECTOR('',#2437,1.);
#6068 = LINE('',#901,#6067);
#6069 = EDGE_CURVE('',#2109,#2110,#6068,.T.);
#6070 = ORIENTED_EDGE('',*,*,#6069,.T.);
#6071 = VECTOR('',#2432,1.);
#6072 = LINE('',#902,#6071);
#6073 = EDGE_CURVE('',#2110,#2111,#6072,.T.);
#6074 = ORIENTED_EDGE('',*,*,#6073,.T.);
#6075 = VECTOR('',#2427,1.);
#6076 = LINE('',#903,#6075);
#6077 = EDGE_CURVE('',#2111,#2112,#6076,.T.);
#6078 = ORIENTED_EDGE('',*,*,#6077,.T.);
#6079 = VECTOR('',#2422,1.);
#6080 = LINE('',#904,#6079);
#6081 = EDGE_CURVE('',#2112,#2113,#6080,.T.);
#6082 = ORIENTED_EDGE('',*,*,#6081,.T.);
#6083 = VECTOR('',#2417,1.);
#6084 = LINE('',#905,#6083);
#6085 = EDGE_CURVE('',#2113,#2114,#6084,.T.);
#6086 = ORIENTED_EDGE('',*,*,#6085,.T.);
#6087 = VECTOR('',#4872,1.);
#6088 = LINE('',#906,#6087);
#6089 = EDGE_CURVE('',#2114,#2115,#6088,.T.);
#6090 = ORIENTED_EDGE('',*,*,#6089,.T.);
#6091 = VECTOR('',#2496,1.);
#6092 = LINE('',#907,#6091);
#6093 = EDGE_CURVE('',#2115,#2116,#6092,.T.);
#6094 = ORIENTED_EDGE('',*,*,#6093,.T.);
#6095 = VECTOR('',#3067,1.);
#6096 = LINE('',#908,#6095);
#6097 = EDGE_CURVE('',#2116,#2117,#6096,.T.);
#6098 = ORIENTED_EDGE('',*,*,#6097,.T.);
#6099 = VECTOR('',#3701,1.);
#6100 = LINE('',#909,#6099);
#6101 = EDGE_CURVE('',#2117,#2118,#6100,.T.);
#6102 = ORIENTED_EDGE('',*,*,#6101,.T.);
#6103 = VECTOR('',#3696,1.);
#6104 = LINE('',#910,#6103);
#6105 = EDGE_CURVE('',#2118,#2119,#6104,.T.);
#6106 = ORIENTED_EDGE('',*,*,#6105,.T.);
#6107 = VECTOR('',#3691,1.);
#6108 = LINE('',#911,#6107);
#6109 = EDGE_CURVE('',#2119,#2120,#6108,.T.);
#6110 = ORIENTED_EDGE('',*,*,#6109,.T.);
#6111 = VECTOR('',#3686,1.);
#6112 = LINE('',#912,#6111);
#6113 = EDGE_CURVE('',#2120,#2121,#6112,.T.);
#6114 = ORIENTED_EDGE('',*,*,#6113,.T.);
#6115 = VECTOR('',#2496,1.);
#6116 = LINE('',#913,#6115);
#6117 = EDGE_CURVE('',#2121,#2122,#6116,.T.);
#6118 = ORIENTED_EDGE('',*,*,#6117,.T.);
#6119 = VECTOR('',#2491,1.);
#6120 = LINE('',#914,#6119);
#6121 = EDGE_CURVE('',#2122,#2123,#6120,.T.);
#6122 = ORIENTED_EDGE('',*,*,#6121,.T.);
#6123 = VECTOR('',#2486,1.);
#6124 = LINE('',#915,#6123);
#6125 = EDGE_CURVE('',#2123,#2124,#6124,.T.);
#6126 = ORIENTED_EDGE('',*,*,#6125,.T.);
#6127 = VECTOR('',#2481,1.);
#6128 = LINE('',#916,#6127);
#6129 = EDGE_CURVE('',#2124,#2125,#6128,.T.);
#6130 = ORIENTED_EDGE('',*,*,#6129,.T.);
#6131 = VECTOR('',#2476,1.);
#6132 = LINE('',#917,#6131);
#6133 = EDGE_CURVE('',#2125,#2126,#6132,.T.);
#6134 = ORIENTED_EDGE('',*,*,#6133,.T.);
#6135 = VECTOR('',#2442,1.);
#6136 = LINE('',#918,#6135);
#6137 = EDGE_CURVE('',#2126,#2127,#6136,.T.);
#6138 = ORIENTED_EDGE('',*,*,#6137,.T.);
#6139 = VECTOR('',#2496,1.);
#6140 = LINE('',#919,#6139);
#6141 = EDGE_CURVE('',#2127,#2128,#6140,.T.);
#6142 = ORIENTED_EDGE('',*,*,#6141,.T.);
#6143 = VECTOR('',#3067,1.);
#6144 = LINE('',#920,#6143);
#6145 = EDGE_CURVE('',#2128,#2129,#6144,.T.);
#6146 = ORIENTED_EDGE('',*,*,#6145,.T.);
#6147 = VECTOR('',#3701,1.);
#6148 = LINE('',#921,#6147);
#6149 = EDGE_CURVE('',#2129,#2130,#6148,.T.);
#6150 = ORIENTED_EDGE('',*,*,#6149,.T.);
#6151 = VECTOR('',#3696,1.);
#6152 = LINE('',#922,#6151);
#6153 = EDGE_CURVE('',#2130,#2131,#6152,.T.);
#6154 = ORIENTED_EDGE('',*,*,#6153,.T.);
#6155 = VECTOR('',#3691,1.);
#6156 = LINE('',#923,#6155);
#6157 = EDGE_CURVE('',#2131,#2132,#6156,.T.);
#6158 = ORIENTED_EDGE('',*,*,#6157,.T.);
#6159 = VECTOR('',#3686,1.);
#6160 = LINE('',#924,#6159);
#6161 = EDGE_CURVE('',#2132,#2133,#6160,.T.);
#6162 = ORIENTED_EDGE('',*,*,#6161,.T.);
#6163 = VECTOR('',#2496,1.);
#6164 = LINE('',#925,#6163);
#6165 = EDGE_CURVE('',#2133,#2134,#6164,.T.);
#6166 = ORIENTED_EDGE('',*,*,#6165,.T.);
#6167 = VECTOR('',#2491,1.);
#6168 = LINE('',#926,#6167);
#6169 = EDGE_CURVE('',#2134,#2135,#6168,.T.);
#6170 = ORIENTED_EDGE('',*,*,#6169,.T.);
#6171 = VECTOR('',#2486,1.);
#6172 = LINE('',#927,#6171);
#6173 = EDGE_CURVE('',#2135,#2136,#6172,.T.);
#6174 = ORIENTED_EDGE('',*,*,#6173,.T.);
#6175 = VECTOR('',#2481,1.);
#6176 = LINE('',#928,#6175);
#6177 = EDGE_CURVE('',#2136,#2137,#6176,.T.);
#6178 = ORIENTED_EDGE('',*,*,#6177,.T.);
#6179 = VECTOR('',#2476,1.);
#6180 = LINE('',#929,#6179);
#6181 = EDGE_CURVE('',#2137,#2138,#6180,.T.);
#6182 = ORIENTED_EDGE('',*,*,#6181,.T.);
#6183 = VECTOR('',#2442,1.);
#6184 = LINE('',#930,#6183);
#6185 = EDGE_CURVE('',#2138,#2139,#6184,.T.);
#6186 = ORIENTED_EDGE('',*,*,#6185,.T.);
#6187 = VECTOR('',#2496,1.);
#6188 = LINE('',#931,#6187);
#6189 = EDGE_CURVE('',#2139,#2140,#6188,.T.);
#6190 = ORIENTED_EDGE('',*,*,#6189,.T.);
#6191 = VECTOR('',#3067,1.);
#6192 = LINE('',#932,#6191);
#6193 = EDGE_CURVE('',#2140,#2141,#6192,.T.);
#6194 = ORIENTED_EDGE('',*,*,#6193,.T.);
#6195 = VECTOR('',#3701,1.);
#6196 = LINE('',#933,#6195);
#6197 = EDGE_CURVE('',#2141,#2142,#6196,.T.);
#6198 = ORIENTED_EDGE('',*,*,#6197,.T.);
#6199 = VECTOR('',#3696,1.);
#6200 = LINE('',#934,#6199);
#6201 = EDGE_CURVE('',#2142,#2143,#6200,.T.);
#6202 = ORIENTED_EDGE('',*,*,#6201,.T.);
#6203 = VECTOR('',#3691,1.);
#6204 = LINE('',#935,#6203);
#6205 = EDGE_CURVE('',#2143,#2144,#6204,.T.);
#6206 = ORIENTED_EDGE('',*,*,#6205,.T.);
#6207 = VECTOR('',#3686,1.);
#6208 = LINE('',#936,#6207);
#6209 = EDGE_CURVE('',#2144,#2145,#6208,.T.);
#6210 = ORIENTED_EDGE('',*,*,#6209,.T.);
#6211 = VECTOR('',#2496,1.);
#6212 = LINE('',#937,#6211);
#6213 = EDGE_CURVE('',#2145,#2146,#6212,.T.);
#6214 = ORIENTED_EDGE('',*,*,#6213,.T.);
#6215 = VECTOR('',#2491,1.);
#6216 = LINE('',#938,#6215);
#6217 = EDGE_CURVE('',#2146,#2147,#6216,.T.);
#6218 = ORIENTED_EDGE('',*,*,#6217,.T.);
#6219 = VECTOR('',#2486,1.);
#6220 = LINE('',#939,#6219);
#6221 = EDGE_CURVE('',#2147,#2148,#6220,.T.);
#6222 = ORIENTED_EDGE('',*,*,#6221,.T.);
#6223 = VECTOR('',#2481,1.);
#6224 = LINE('',#940,#6223);
#6225 = EDGE_CURVE('',#2148,#2149,#6224,.T.);
#6226 = ORIENTED_EDGE('',*,*,#6225,.T.);
#6227 = VECTOR('',#2476,1.);
#6228 = LINE('',#941,#6227);
#6229 = EDGE_CURVE('',#2149,#2150,#6228,.T.);
#6230 = ORIENTED_EDGE('',*,*,#6229,.T.);
#6231 = VECTOR('',#2442,1.);
#6232 = LINE('',#942,#6231);
#6233 = EDGE_CURVE('',#2150,#2151,#6232,.T.);
#6234 = ORIENTED_EDGE('',*,*,#6233,.T.);
#6235 = VECTOR('',#2496,1.);
#6236 = LINE('',#943,#6235);
#6237 = EDGE_CURVE('',#2151,#2152,#6236,.T.);
#6238 = ORIENTED_EDGE('',*,*,#6237,.T.);
#6239 = VECTOR('',#3067,1.);
#6240 = LINE('',#944,#6239);
#6241 = EDGE_CURVE('',#2152,#2153,#6240,.T.);
#6242 = ORIENTED_EDGE('',*,*,#6241,.T.);
#6243 = VECTOR('',#3701,1.);
#6244 = LINE('',#945,#6243);
#6245 = EDGE_CURVE('',#2153,#2154,#6244,.T.);
#6246 = ORIENTED_EDGE('',*,*,#6245,.T.);
#6247 = VECTOR('',#3696,1.);
#6248 = LINE('',#946,#6247);
#6249 = EDGE_CURVE('',#2154,#2155,#6248,.T.);
#6250 = ORIENTED_EDGE('',*,*,#6249,.T.);
#6251 = VECTOR('',#3691,1.);
#6252 = LINE('',#947,#6251);
#6253 = EDGE_CURVE('',#2155,#2156,#6252,.T.);
#6254 = ORIENTED_EDGE('',*,*,#6253,.T.);
#6255 = VECTOR('',#3686,1.);
#6256 = LINE('',#948,#6255);
#6257 = EDGE_CURVE('',#2156,#2157,#6256,.T.);
#6258 = ORIENTED_EDGE('',*,*,#6257,.T.);
#6259 = VECTOR('',#2496,1.);
#6260 = LINE('',#949,#6259);
#6261 = EDGE_CURVE('',#2157,#2158,#6260,.T.);
#6262 = ORIENTED_EDGE('',*,*,#6261,.T.);
#6263 = VECTOR('',#2491,1.);
#6264 = LINE('',#950,#6263);
#6265 = EDGE_CURVE('',#2158,#2159,#6264,.T.);
#6266 = ORIENTED_EDGE('',*,*,#6265,.T.);
#6267 = VECTOR('',#2486,1.);
#6268 = LINE('',#951,#6267);
#6269 = EDGE_CURVE('',#2159,#2160,#6268,.T.);
#6270 = ORIENTED_EDGE('',*,*,#6269,.T.);
#6271 = VECTOR('',#2481,1.);
#6272 = LINE('',#952,#6271);
#6273 = EDGE_CURVE('',#2160,#2161,#6272,.T.);
#6274 = ORIENTED_EDGE('',*,*,#6273,.T.);
#6275 = VECTOR('',#2476,1.);
#6276 = LINE('',#953,#6275);
#6277 = EDGE_CURVE('',#2161,#2162,#6276,.T.);
#6278 = ORIENTED_EDGE('',*,*,#6277,.T.);
#6279 = VECTOR('',#2442,1.);
#6280 = LINE('',#954,#6279);
#6281 = EDGE_CURVE('',#2162,#2163,#6280,.T.);
#6282 = ORIENTED_EDGE('',*,*,#6281,.T.);
#6283 = VECTOR('',#2496,1.);
#6284 = LINE('',#955,#6283);
#6285 = EDGE_CURVE('',#2163,#2164,#6284,.T.);
#6286 = ORIENTED_EDGE('',*,*,#6285,.T.);
#6287 = VECTOR('',#3067,1.);
#6288 = LINE('',#956,#6287);
#6289 = EDGE_CURVE('',#2164,#2165,#6288,.T.);
#6290 = ORIENTED_EDGE('',*,*,#6289,.T.);
#6291 = VECTOR('',#3701,1.);
#6292 = LINE('',#957,#6291);
#6293 = EDGE_CURVE('',#2165,#2166,#6292,.T.);
#6294 = ORIENTED_EDGE('',*,*,#6293,.T.);
#6295 = VECTOR('',#3696,1.);
#6296 = LINE('',#958,#6295);
#6297 = EDGE_CURVE('',#2166,#2167,#6296,.T.);
#6298 = ORIENTED_EDGE('',*,*,#6297,.T.);
#6299 = VECTOR('',#3691,1.);
#6300 = LINE('',#959,#6299);
#6301 = EDGE_CURVE('',#2167,#2168,#6300,.T.);
#6302 = ORIENTED_EDGE('',*,*,#6301,.T.);
#6303 = VECTOR('',#3686,1.);
#6304 = LINE('',#960,#6303);
#6305 = EDGE_CURVE('',#2168,#2169,#6304,.T.);
#6306 = ORIENTED_EDGE('',*,*,#6305,.T.);
#6307 = VECTOR('',#2496,1.);
#6308 = LINE('',#961,#6307);
#6309 = EDGE_CURVE('',#2169,#2170,#6308,.T.);
#6310 = ORIENTED_EDGE('',*,*,#6309,.T.);
#6311 = VECTOR('',#2491,1.);
#6312 = LINE('',#962,#6311);
#6313 = EDGE_CURVE('',#2170,#2171,#6312,.T.);
#6314 = ORIENTED_EDGE('',*,*,#6313,.T.);
#6315 = VECTOR('',#2486,1.);
#6316 = LINE('',#963,#6315);
#6317 = EDGE_CURVE('',#2171,#2172,#6316,.T.);
#6318 = ORIENTED_EDGE('',*,*,#6317,.T.);
#6319 = VECTOR('',#2481,1.);
#6320 = LINE('',#964,#6319);
#6321 = EDGE_CURVE('',#2172,#2173,#6320,.T.);
#6322 = ORIENTED_EDGE('',*,*,#6321,.T.);
#6323 = VECTOR('',#2476,1.);
#6324 = LINE('',#965,#6323);
#6325 = EDGE_CURVE('',#2173,#2174,#6324,.T.);
#6326 = ORIENTED_EDGE('',*,*,#6325,.T.);
#6327 = VECTOR('',#2442,1.);
#6328 = LINE('',#966,#6327);
#6329 = EDGE_CURVE('',#2174,#2175,#6328,.T.);
#6330 = ORIENTED_EDGE('',*,*,#6329,.T.);
#6331 = VECTOR('',#2496,1.);
#6332 = LINE('',#967,#6331);
#6333 = EDGE_CURVE('',#2175,#2176,#6332,.T.);
#6334 = ORIENTED_EDGE('',*,*,#6333,.T.);
#6335 = VECTOR('',#3067,1.);
#6336 = LINE('',#968,#6335);
#6337 = EDGE_CURVE('',#2176,#2177,#6336,.T.);
#6338 = ORIENTED_EDGE('',*,*,#6337,.T.);
#6339 = VECTOR('',#3701,1.);
#6340 = LINE('',#969,#6339);
#6341 = EDGE_CURVE('',#2177,#2178,#6340,.T.);
#6342 = ORIENTED_EDGE('',*,*,#6341,.T.);
#6343 = VECTOR('',#3696,1.);
#6344 = LINE('',#970,#6343);
#6345 = EDGE_CURVE('',#2178,#2179,#6344,.T.);
#6346 = ORIENTED_EDGE('',*,*,#6345,.T.);
#6347 = VECTOR('',#3691,1.);
#6348 = LINE('',#971,#6347);
#6349 = EDGE_CURVE('',#2179,#2180,#6348,.T.);
#6350 = ORIENTED_EDGE('',*,*,#6349,.T.);
#6351 = VECTOR('',#3686,1.);
#6352 = LINE('',#972,#6351);
#6353 = EDGE_CURVE('',#2180,#2181,#6352,.T.);
#6354 = ORIENTED_EDGE('',*,*,#6353,.T.);
#6355 = VECTOR('',#2496,1.);
#6356 = LINE('',#973,#6355);
#6357 = EDGE_CURVE('',#2181,#2182,#6356,.T.);
#6358 = ORIENTED_EDGE('',*,*,#6357,.T.);
#6359 = VECTOR('',#2491,1.);
#6360 = LINE('',#974,#6359);
#6361 = EDGE_CURVE('',#2182,#2183,#6360,.T.);
#6362 = ORIENTED_EDGE('',*,*,#6361,.T.);
#6363 = VECTOR('',#2486,1.);
#6364 = LINE('',#975,#6363);
#6365 = EDGE_CURVE('',#2183,#2184,#6364,.T.);
#6366 = ORIENTED_EDGE('',*,*,#6365,.T.);
#6367 = VECTOR('',#2481,1.);
#6368 = LINE('',#976,#6367);
#6369 = EDGE_CURVE('',#2184,#2185,#6368,.T.);
#6370 = ORIENTED_EDGE('',*,*,#6369,.T.);
#6371 = VECTOR('',#2476,1.);
#6372 = LINE('',#977,#6371);
#6373 = EDGE_CURVE('',#2185,#2186,#6372,.T.);
#6374 = ORIENTED_EDGE('',*,*,#6373,.T.);
#6375 = VECTOR('',#2442,1.);
#6376 = LINE('',#978,#6375);
#6377 = EDGE_CURVE('',#2186,#2187,#6376,.T.);
#6378 = ORIENTED_EDGE('',*,*,#6377,.T.);
#6379 = VECTOR('',#2496,1.);
#6380 = LINE('',#979,#6379);
#6381 = EDGE_CURVE('',#2187,#2188,#6380,.T.);
#6382 = ORIENTED_EDGE('',*,*,#6381,.T.);
#6383 = VECTOR('',#3067,1.);
#6384 = LINE('',#980,#6383);
#6385 = EDGE_CURVE('',#2188,#2189,#6384,.T.);
#6386 = ORIENTED_EDGE('',*,*,#6385,.T.);
#6387 = VECTOR('',#3701,1.);
#6388 = LINE('',#981,#6387);
#6389 = EDGE_CURVE('',#2189,#2190,#6388,.T.);
#6390 = ORIENTED_EDGE('',*,*,#6389,.T.);
#6391 = VECTOR('',#3696,1.);
#6392 = LINE('',#982,#6391);
#6393 = EDGE_CURVE('',#2190,#2191,#6392,.T.);
#6394 = ORIENTED_EDGE('',*,*,#6393,.T.);
#6395 = VECTOR('',#3691,1.);
#6396 = LINE('',#983,#6395);
#6397 = EDGE_CURVE('',#2191,#2192,#6396,.T.);
#6398 = ORIENTED_EDGE('',*,*,#6397,.T.);
#6399 = VECTOR('',#3686,1.);
#6400 = LINE('',#984,#6399);
#6401 = EDGE_CURVE('',#2192,#2193,#6400,.T.);
#6402 = ORIENTED_EDGE('',*,*,#6401,.T.);
#6403 = VECTOR('',#2496,1.);
#6404 = LINE('',#985,#6403);
#6405 = EDGE_CURVE('',#2193,#2194,#6404,.T.);
#6406 = ORIENTED_EDGE('',*,*,#6405,.T.);
#6407 = VECTOR('',#2491,1.);
#6408 = LINE('',#986,#6407);
#6409 = EDGE_CURVE('',#2194,#2195,#6408,.T.);
#6410 = ORIENTED_EDGE('',*,*,#6409,.T.);
#6411 = VECTOR('',#2486,1.);
#6412 = LINE('',#987,#6411);
#6413 = EDGE_CURVE('',#2195,#2196,#6412,.T.);
#6414 = ORIENTED_EDGE('',*,*,#6413,.T.);
#6415 = VECTOR('',#2481,1.);
#6416 = LINE('',#988,#6415);
#6417 = EDGE_CURVE('',#2196,#2197,#6416,.T.);
#6418 = ORIENTED_EDGE('',*,*,#6417,.T.);
#6419 = VECTOR('',#2476,1.);
#6420 = LINE('',#989,#6419);
#6421 = EDGE_CURVE('',#2197,#2198,#6420,.T.);
#6422 = ORIENTED_EDGE('',*,*,#6421,.T.);
#6423 = VECTOR('',#2442,1.);
#6424 = LINE('',#990,#6423);
#6425 = EDGE_CURVE('',#2198,#2199,#6424,.T.);
#6426 = ORIENTED_EDGE('',*,*,#6425,.T.);
#6427 = VECTOR('',#2496,1.);
#6428 = LINE('',#991,#6427);
#6429 = EDGE_CURVE('',#2199,#2200,#6428,.T.);
#6430 = ORIENTED_EDGE('',*,*,#6429,.T.);
#6431 = VECTOR('',#3067,1.);
#6432 = LINE('',#992,#6431);
#6433 = EDGE_CURVE('',#2200,#2201,#6432,.T.);
#6434 = ORIENTED_EDGE('',*,*,#6433,.T.);
#6435 = VECTOR('',#3701,1.);
#6436 = LINE('',#993,#6435);
#6437 = EDGE_CURVE('',#2201,#2202,#6436,.T.);
#6438 = ORIENTED_EDGE('',*,*,#6437,.T.);
#6439 = VECTOR('',#3696,1.);
#6440 = LINE('',#994,#6439);
#6441 = EDGE_CURVE('',#2202,#2203,#6440,.T.);
#6442 = ORIENTED_EDGE('',*,*,#6441,.T.);
#6443 = VECTOR('',#3691,1.);
#6444 = LINE('',#995,#6443);
#6445 = EDGE_CURVE('',#2203,#2204,#6444,.T.);
#6446 = ORIENTED_EDGE('',*,*,#6445,.T.);
#6447 = VECTOR('',#3686,1.);
#6448 = LINE('',#996,#6447);
#6449 = EDGE_CURVE('',#2204,#2205,#6448,.T.);
#6450 = ORIENTED_EDGE('',*,*,#6449,.T.);
#6451 = VECTOR('',#2496,1.);
#6452 = LINE('',#997,#6451);
#6453 = EDGE_CURVE('',#2205,#2206,#6452,.T.);
#6454 = ORIENTED_EDGE('',*,*,#6453,.T.);
#6455 = VECTOR('',#2491,1.);
#6456 = LINE('',#998,#6455);
#6457 = EDGE_CURVE('',#2206,#2207,#6456,.T.);
#6458 = ORIENTED_EDGE('',*,*,#6457,.T.);
#6459 = VECTOR('',#2486,1.);
#6460 = LINE('',#999,#6459);
#6461 = EDGE_CURVE('',#2207,#2208,#6460,.T.);
#6462 = ORIENTED_EDGE('',*,*,#6461,.T.);
#6463 = VECTOR('',#2481,1.);
#6464 = LINE('',#1000,#6463);
#6465 = EDGE_CURVE('',#2208,#2209,#6464,.T.);
#6466 = ORIENTED_EDGE('',*,*,#6465,.T.);
#6467 = VECTOR('',#2476,1.);
#6468 = LINE('',#1001,#6467);
#6469 = EDGE_CURVE('',#2209,#2210,#6468,.T.);
#6470 = ORIENTED_EDGE('',*,*,#6469,.T.);
#6471 = VECTOR('',#2442,1.);
#6472 = LINE('',#1002,#6471);
#6473 = EDGE_CURVE('',#2210,#2211,#6472,.T.);
#6474 = ORIENTED_EDGE('',*,*,#6473,.T.);
#6475 = VECTOR('',#2496,1.);
#6476 = LINE('',#1003,#6475);
#6477 = EDGE_CURVE('',#2211,#2212,#6476,.T.);
#6478 = ORIENTED_EDGE('',*,*,#6477,.T.);
#6479 = VECTOR('',#3067,1.);
#6480 = LINE('',#1004,#6479);
#6481 = EDGE_CURVE('',#2212,#2213,#6480,.T.);
#6482 = ORIENTED_EDGE('',*,*,#6481,.T.);
#6483 = VECTOR('',#3701,1.);
#6484 = LINE('',#1005,#6483);
#6485 = EDGE_CURVE('',#2213,#2214,#6484,.T.);
#6486 = ORIENTED_EDGE('',*,*,#6485,.T.);
#6487 = VECTOR('',#3696,1.);
#6488 = LINE('',#1006,#6487);
#6489 = EDGE_CURVE('',#2214,#2215,#6488,.T.);
#6490 = ORIENTED_EDGE('',*,*,#6489,.T.);
#6491 = VECTOR('',#3691,1.);
#6492 = LINE('',#1007,#6491);
#6493 = EDGE_CURVE('',#2215,#2216,#6492,.T.);
#6494 = ORIENTED_EDGE('',*,*,#6493,.T.);
#6495 = VECTOR('',#3686,1.);
#6496 = LINE('',#1008,#6495);
#6497 = EDGE_CURVE('',#2216,#2217,#6496,.T.);
#6498 = ORIENTED_EDGE('',*,*,#6497,.T.);
#6499 = VECTOR('',#2496,1.);
#6500 = LINE('',#1009,#6499);
#6501 = EDGE_CURVE('',#2217,#2218,#6500,.T.);
#6502 = ORIENTED_EDGE('',*,*,#6501,.T.);
#6503 = VECTOR('',#2491,1.);
#6504 = LINE('',#1010,#6503);
#6505 = EDGE_CURVE('',#2218,#2219,#6504,.T.);
#6506 = ORIENTED_EDGE('',*,*,#6505,.T.);
#6507 = VECTOR('',#2486,1.);
#6508 = LINE('',#1011,#6507);
#6509 = EDGE_CURVE('',#2219,#2220,#6508,.T.);
#6510 = ORIENTED_EDGE('',*,*,#6509,.T.);
#6511 = VECTOR('',#2481,1.);
#6512 = LINE('',#1012,#6511);
#6513 = EDGE_CURVE('',#2220,#2221,#6512,.T.);
#6514 = ORIENTED_EDGE('',*,*,#6513,.T.);
#6515 = VECTOR('',#2476,1.);
#6516 = LINE('',#1013,#6515);
#6517 = EDGE_CURVE('',#2221,#2222,#6516,.T.);
#6518 = ORIENTED_EDGE('',*,*,#6517,.T.);
#6519 = VECTOR('',#2442,1.);
#6520 = LINE('',#1014,#6519);
#6521 = EDGE_CURVE('',#2222,#2223,#6520,.T.);
#6522 = ORIENTED_EDGE('',*,*,#6521,.T.);
#6523 = VECTOR('',#2496,1.);
#6524 = LINE('',#1015,#6523);
#6525 = EDGE_CURVE('',#2223,#2224,#6524,.T.);
#6526 = ORIENTED_EDGE('',*,*,#6525,.T.);
#6527 = VECTOR('',#3067,1.);
#6528 = LINE('',#1016,#6527);
#6529 = EDGE_CURVE('',#2224,#2225,#6528,.T.);
#6530 = ORIENTED_EDGE('',*,*,#6529,.T.);
#6531 = VECTOR('',#3701,1.);
#6532 = LINE('',#1017,#6531);
#6533 = EDGE_CURVE('',#2225,#2226,#6532,.T.);
#6534 = ORIENTED_EDGE('',*,*,#6533,.T.);
#6535 = VECTOR('',#3696,1.);
#6536 = LINE('',#1018,#6535);
#6537 = EDGE_CURVE('',#2226,#2227,#6536,.T.);
#6538 = ORIENTED_EDGE('',*,*,#6537,.T.);
#6539 = VECTOR('',#3691,1.);
#6540 = LINE('',#1019,#6539);
#6541 = EDGE_CURVE('',#2227,#2228,#6540,.T.);
#6542 = ORIENTED_EDGE('',*,*,#6541,.T.);
#6543 = VECTOR('',#3686,1.);
#6544 = LINE('',#1020,#6543);
#6545 = EDGE_CURVE('',#2228,#2229,#6544,.T.);
#6546 = ORIENTED_EDGE('',*,*,#6545,.T.);
#6547 = VECTOR('',#2496,1.);
#6548 = LINE('',#1021,#6547);
#6549 = EDGE_CURVE('',#2229,#2230,#6548,.T.);
#6550 = ORIENTED_EDGE('',*,*,#6549,.T.);
#6551 = VECTOR('',#2491,1.);
#6552 = LINE('',#1022,#6551);
#6553 = EDGE_CURVE('',#2230,#2231,#6552,.T.);
#6554 = ORIENTED_EDGE('',*,*,#6553,.T.);
#6555 = VECTOR('',#2486,1.);
#6556 = LINE('',#1023,#6555);
#6557 = EDGE_CURVE('',#2231,#2232,#6556,.T.);
#6558 = ORIENTED_EDGE('',*,*,#6557,.T.);
#6559 = VECTOR('',#2481,1.);
#6560 = LINE('',#1024,#6559);
#6561 = EDGE_CURVE('',#2232,#2233,#6560,.T.);
#6562 = ORIENTED_EDGE('',*,*,#6561,.T.);
#6563 = VECTOR('',#2476,1.);
#6564 = LINE('',#1025,#6563);
#6565 = EDGE_CURVE('',#2233,#2234,#6564,.T.);
#6566 = ORIENTED_EDGE('',*,*,#6565,.T.);
#6567 = VECTOR('',#2442,1.);
#6568 = LINE('',#1026,#6567);
#6569 = EDGE_CURVE('',#2234,#2235,#6568,.T.);
#6570 = ORIENTED_EDGE('',*,*,#6569,.T.);
#6571 = VECTOR('',#2496,1.);
#6572 = LINE('',#1027,#6571);
#6573 = EDGE_CURVE('',#2235,#2236,#6572,.T.);
#6574 = ORIENTED_EDGE('',*,*,#6573,.T.);
#6575 = VECTOR('',#3067,1.);
#6576 = LINE('',#1028,#6575);
#6577 = EDGE_CURVE('',#2236,#2237,#6576,.T.);
#6578 = ORIENTED_EDGE('',*,*,#6577,.T.);
#6579 = VECTOR('',#3701,1.);
#6580 = LINE('',#1029,#6579);
#6581 = EDGE_CURVE('',#2237,#2238,#6580,.T.);
#6582 = ORIENTED_EDGE('',*,*,#6581,.T.);
#6583 = VECTOR('',#3696,1.);
#6584 = LINE('',#1030,#6583);
#6585 = EDGE_CURVE('',#2238,#2239,#6584,.T.);
#6586 = ORIENTED_EDGE('',*,*,#6585,.T.);
#6587 = VECTOR('',#3691,1.);
#6588 = LINE('',#1031,#6587);
#6589 = EDGE_CURVE('',#2239,#2240,#6588,.T.);
#6590 = ORIENTED_EDGE('',*,*,#6589,.T.);
#6591 = VECTOR('',#3686,1.);
#6592 = LINE('',#1032,#6591);
#6593 = EDGE_CURVE('',#2240,#2241,#6592,.T.);
#6594 = ORIENTED_EDGE('',*,*,#6593,.T.);
#6595 = VECTOR('',#2496,1.);
#6596 = LINE('',#1033,#6595);
#6597 = EDGE_CURVE('',#2241,#2242,#6596,.T.);
#6598 = ORIENTED_EDGE('',*,*,#6597,.T.);
#6599 = VECTOR('',#2491,1.);
#6600 = LINE('',#1034,#6599);
#6601 = EDGE_CURVE('',#2242,#2243,#6600,.T.);
#6602 = ORIENTED_EDGE('',*,*,#6601,.T.);
#6603 = VECTOR('',#2486,1.);
#6604 = LINE('',#1035,#6603);
#6605 = EDGE_CURVE('',#2243,#2244,#6604,.T.);
#6606 = ORIENTED_EDGE('',*,*,#6605,.T.);
#6607 = VECTOR('',#2481,1.);
#6608 = LINE('',#1036,#6607);
#6609 = EDGE_CURVE('',#2244,#2245,#6608,.T.);
#6610 = ORIENTED_EDGE('',*,*,#6609,.T.);
#6611 = VECTOR('',#2476,1.);
#6612 = LINE('',#1037,#6611);
#6613 = EDGE_CURVE('',#2245,#2246,#6612,.T.);
#6614 = ORIENTED_EDGE('',*,*,#6613,.T.);
#6615 = VECTOR('',#2442,1.);
#6616 = LINE('',#1038,#6615);
#6617 = EDGE_CURVE('',#2246,#2247,#6616,.T.);
#6618 = ORIENTED_EDGE('',*,*,#6617,.T.);
#6619 = VECTOR('',#2496,1.);
#6620 = LINE('',#1039,#6619);
#6621 = EDGE_CURVE('',#2247,#2248,#6620,.T.);
#6622 = ORIENTED_EDGE('',*,*,#6621,.T.);
#6623 = VECTOR('',#3067,1.);
#6624 = LINE('',#1040,#6623);
#6625 = EDGE_CURVE('',#2248,#2249,#6624,.T.);
#6626 = ORIENTED_EDGE('',*,*,#6625,.T.);
#6627 = VECTOR('',#3701,1.);
#6628 = LINE('',#1041,#6627);
#6629 = EDGE_CURVE('',#2249,#2250,#6628,.T.);
#6630 = ORIENTED_EDGE('',*,*,#6629,.T.);
#6631 = VECTOR('',#3696,1.);
#6632 = LINE('',#1042,#6631);
#6633 = EDGE_CURVE('',#2250,#2251,#6632,.T.);
#6634 = ORIENTED_EDGE('',*,*,#6633,.T.);
#6635 = VECTOR('',#3691,1.);
#6636 = LINE('',#1043,#6635);
#6637 = EDGE_CURVE('',#2251,#2252,#6636,.T.);
#6638 = ORIENTED_EDGE('',*,*,#6637,.T.);
#6639 = VECTOR('',#3686,1.);
#6640 = LINE('',#1044,#6639);
#6641 = EDGE_CURVE('',#2252,#2253,#6640,.T.);
#6642 = ORIENTED_EDGE('',*,*,#6641,.T.);
#6643 = VECTOR('',#2496,1.);
#6644 = LINE('',#1045,#6643);
#6645 = EDGE_CURVE('',#2253,#2254,#6644,.T.);
#6646 = ORIENTED_EDGE('',*,*,#6645,.T.);
#6647 = VECTOR('',#2491,1.);
#6648 = LINE('',#1046,#6647);
#6649 = EDGE_CURVE('',#2254,#2255,#6648,.T.);
#6650 = ORIENTED_EDGE('',*,*,#6649,.T.);
#6651 = VECTOR('',#2486,1.);
#6652 = LINE('',#1047,#6651);
#6653 = EDGE_CURVE('',#2255,#2256,#6652,.T.);
#6654 = ORIENTED_EDGE('',*,*,#6653,.T.);
#6655 = VECTOR('',#2481,1.);
#6656 = LINE('',#1048,#6655);
#6657 = EDGE_CURVE('',#2256,#2257,#6656,.T.);
#6658 = ORIENTED_EDGE('',*,*,#6657,.T.);
#6659 = VECTOR('',#2476,1.);
#6660 = LINE('',#1049,#6659);
#6661 = EDGE_CURVE('',#2257,#2258,#6660,.T.);
#6662 = ORIENTED_EDGE('',*,*,#6661,.T.);
#6663 = VECTOR('',#2442,1.);
#6664 = LINE('',#1050,#6663);
#6665 = EDGE_CURVE('',#2258,#2259,#6664,.T.);
#6666 = ORIENTED_EDGE('',*,*,#6665,.T.);
#6667 = VECTOR('',#2496,1.);
#6668 = LINE('',#1051,#6667);
#6669 = EDGE_CURVE('',#2259,#2260,#6668,.T.);
#6670 = ORIENTED_EDGE('',*,*,#6669,.T.);
#6671 = VECTOR('',#4287,1.);
#6672 = LINE('',#1052,#6671);
#6673 = EDGE_CURVE('',#2260,#2261,#6672,.T.);
#6674 = ORIENTED_EDGE('',*,*,#6673,.T.);
#6675 = VECTOR('',#4282,1.);
#6676 = LINE('',#1053,#6675);
#6677 = EDGE_CURVE('',#2261,#2262,#6676,.T.);
#6678 = ORIENTED_EDGE('',*,*,#6677,.T.);
#6679 = VECTOR('',#4277,1.);
#6680 = LINE('',#1054,#6679);
#6681 = EDGE_CURVE('',#2262,#2263,#6680,.T.);
#6682 = ORIENTED_EDGE('',*,*,#6681,.T.);
#6683 = VECTOR('',#4272,1.);
#6684 = LINE('',#1055,#6683);
#6685 = EDGE_CURVE('',#2263,#2264,#6684,.T.);
#6686 = ORIENTED_EDGE('',*,*,#6685,.T.);
#6687 = VECTOR('',#4267,1.);
#6688 = LINE('',#1056,#6687);
#6689 = EDGE_CURVE('',#2264,#2265,#6688,.T.);
#6690 = ORIENTED_EDGE('',*,*,#6689,.T.);
#6691 = VECTOR('',#4262,1.);
#6692 = LINE('',#1057,#6691);
#6693 = EDGE_CURVE('',#2265,#2266,#6692,.T.);
#6694 = ORIENTED_EDGE('',*,*,#6693,.T.);
#6695 = VECTOR('',#3067,1.);
#6696 = LINE('',#1058,#6695);
#6697 = EDGE_CURVE('',#2266,#2267,#6696,.T.);
#6698 = ORIENTED_EDGE('',*,*,#6697,.T.);
#6699 = VECTOR('',#2447,1.);
#6700 = LINE('',#1059,#6699);
#6701 = EDGE_CURVE('',#2267,#2268,#6700,.T.);
#6702 = ORIENTED_EDGE('',*,*,#6701,.T.);
#6703 = VECTOR('',#3087,1.);
#6704 = LINE('',#1060,#6703);
#6705 = EDGE_CURVE('',#2268,#2269,#6704,.T.);
#6706 = ORIENTED_EDGE('',*,*,#6705,.T.);
#6707 = VECTOR('',#3082,1.);
#6708 = LINE('',#1061,#6707);
#6709 = EDGE_CURVE('',#2269,#2270,#6708,.T.);
#6710 = ORIENTED_EDGE('',*,*,#6709,.T.);
#6711 = VECTOR('',#3077,1.);
#6712 = LINE('',#1062,#6711);
#6713 = EDGE_CURVE('',#2270,#2271,#6712,.T.);
#6714 = ORIENTED_EDGE('',*,*,#6713,.T.);
#6715 = VECTOR('',#3072,1.);
#6716 = LINE('',#1063,#6715);
#6717 = EDGE_CURVE('',#2271,#2272,#6716,.T.);
#6718 = ORIENTED_EDGE('',*,*,#6717,.T.);
#6719 = VECTOR('',#3067,1.);
#6720 = LINE('',#1064,#6719);
#6721 = EDGE_CURVE('',#2272,#2273,#6720,.T.);
#6722 = ORIENTED_EDGE('',*,*,#6721,.T.);
#6723 = VECTOR('',#3701,1.);
#6724 = LINE('',#1065,#6723);
#6725 = EDGE_CURVE('',#2273,#2274,#6724,.T.);
#6726 = ORIENTED_EDGE('',*,*,#6725,.T.);
#6727 = VECTOR('',#3696,1.);
#6728 = LINE('',#1066,#6727);
#6729 = EDGE_CURVE('',#2274,#2275,#6728,.T.);
#6730 = ORIENTED_EDGE('',*,*,#6729,.T.);
#6731 = VECTOR('',#3691,1.);
#6732 = LINE('',#1067,#6731);
#6733 = EDGE_CURVE('',#2275,#2276,#6732,.T.);
#6734 = ORIENTED_EDGE('',*,*,#6733,.T.);
#6735 = VECTOR('',#3686,1.);
#6736 = LINE('',#1068,#6735);
#6737 = EDGE_CURVE('',#2276,#2277,#6736,.T.);
#6738 = ORIENTED_EDGE('',*,*,#6737,.T.);
#6739 = VECTOR('',#2496,1.);
#6740 = LINE('',#1069,#6739);
#6741 = EDGE_CURVE('',#2277,#2278,#6740,.T.);
#6742 = ORIENTED_EDGE('',*,*,#6741,.T.);
#6743 = VECTOR('',#3067,1.);
#6744 = LINE('',#1070,#6743);
#6745 = EDGE_CURVE('',#2278,#2279,#6744,.T.);
#6746 = ORIENTED_EDGE('',*,*,#6745,.T.);
#6747 = VECTOR('',#2447,1.);
#6748 = LINE('',#1071,#6747);
#6749 = EDGE_CURVE('',#2279,#2280,#6748,.T.);
#6750 = ORIENTED_EDGE('',*,*,#6749,.T.);
#6751 = VECTOR('',#3087,1.);
#6752 = LINE('',#1072,#6751);
#6753 = EDGE_CURVE('',#2280,#2281,#6752,.T.);
#6754 = ORIENTED_EDGE('',*,*,#6753,.T.);
#6755 = VECTOR('',#3082,1.);
#6756 = LINE('',#1073,#6755);
#6757 = EDGE_CURVE('',#2281,#2282,#6756,.T.);
#6758 = ORIENTED_EDGE('',*,*,#6757,.T.);
#6759 = VECTOR('',#3077,1.);
#6760 = LINE('',#1074,#6759);
#6761 = EDGE_CURVE('',#2282,#2283,#6760,.T.);
#6762 = ORIENTED_EDGE('',*,*,#6761,.T.);
#6763 = VECTOR('',#3072,1.);
#6764 = LINE('',#1075,#6763);
#6765 = EDGE_CURVE('',#2283,#2284,#6764,.T.);
#6766 = ORIENTED_EDGE('',*,*,#6765,.T.);
#6767 = VECTOR('',#3067,1.);
#6768 = LINE('',#1076,#6767);
#6769 = EDGE_CURVE('',#2284,#2285,#6768,.T.);
#6770 = ORIENTED_EDGE('',*,*,#6769,.T.);
#6771 = VECTOR('',#3701,1.);
#6772 = LINE('',#1077,#6771);
#6773 = EDGE_CURVE('',#2285,#2286,#6772,.T.);
#6774 = ORIENTED_EDGE('',*,*,#6773,.T.);
#6775 = VECTOR('',#3696,1.);
#6776 = LINE('',#1078,#6775);
#6777 = EDGE_CURVE('',#2286,#2287,#6776,.T.);
#6778 = ORIENTED_EDGE('',*,*,#6777,.T.);
#6779 = VECTOR('',#3691,1.);
#6780 = LINE('',#1079,#6779);
#6781 = EDGE_CURVE('',#2287,#2288,#6780,.T.);
#6782 = ORIENTED_EDGE('',*,*,#6781,.T.);
#6783 = VECTOR('',#3686,1.);
#6784 = LINE('',#1080,#6783);
#6785 = EDGE_CURVE('',#2288,#2289,#6784,.T.);
#6786 = ORIENTED_EDGE('',*,*,#6785,.T.);
#6787 = VECTOR('',#2496,1.);
#6788 = LINE('',#1081,#6787);
#6789 = EDGE_CURVE('',#2289,#2290,#6788,.T.);
#6790 = ORIENTED_EDGE('',*,*,#6789,.T.);
#6791 = VECTOR('',#3067,1.);
#6792 = LINE('',#1082,#6791);
#6793 = EDGE_CURVE('',#2290,#2291,#6792,.T.);
#6794 = ORIENTED_EDGE('',*,*,#6793,.T.);
#6795 = VECTOR('',#2447,1.);
#6796 = LINE('',#1083,#6795);
#6797 = EDGE_CURVE('',#2291,#2292,#6796,.T.);
#6798 = ORIENTED_EDGE('',*,*,#6797,.T.);
#6799 = VECTOR('',#3087,1.);
#6800 = LINE('',#1084,#6799);
#6801 = EDGE_CURVE('',#2292,#2293,#6800,.T.);
#6802 = ORIENTED_EDGE('',*,*,#6801,.T.);
#6803 = VECTOR('',#3082,1.);
#6804 = LINE('',#1085,#6803);
#6805 = EDGE_CURVE('',#2293,#2294,#6804,.T.);
#6806 = ORIENTED_EDGE('',*,*,#6805,.T.);
#6807 = VECTOR('',#3077,1.);
#6808 = LINE('',#1086,#6807);
#6809 = EDGE_CURVE('',#2294,#2295,#6808,.T.);
#6810 = ORIENTED_EDGE('',*,*,#6809,.T.);
#6811 = VECTOR('',#3072,1.);
#6812 = LINE('',#1087,#6811);
#6813 = EDGE_CURVE('',#2295,#2296,#6812,.T.);
#6814 = ORIENTED_EDGE('',*,*,#6813,.T.);
#6815 = VECTOR('',#3067,1.);
#6816 = LINE('',#1088,#6815);
#6817 = EDGE_CURVE('',#2296,#2297,#6816,.T.);
#6818 = ORIENTED_EDGE('',*,*,#6817,.T.);
#6819 = VECTOR('',#3701,1.);
#6820 = LINE('',#1089,#6819);
#6821 = EDGE_CURVE('',#2297,#2298,#6820,.T.);
#6822 = ORIENTED_EDGE('',*,*,#6821,.T.);
#6823 = VECTOR('',#3696,1.);
#6824 = LINE('',#1090,#6823);
#6825 = EDGE_CURVE('',#2298,#2299,#6824,.T.);
#6826 = ORIENTED_EDGE('',*,*,#6825,.T.);
#6827 = VECTOR('',#3691,1.);
#6828 = LINE('',#1091,#6827);
#6829 = EDGE_CURVE('',#2299,#2300,#6828,.T.);
#6830 = ORIENTED_EDGE('',*,*,#6829,.T.);
#6831 = VECTOR('',#3686,1.);
#6832 = LINE('',#1092,#6831);
#6833 = EDGE_CURVE('',#2300,#2301,#6832,.T.);
#6834 = ORIENTED_EDGE('',*,*,#6833,.T.);
#6835 = VECTOR('',#2496,1.);
#6836 = LINE('',#1093,#6835);
#6837 = EDGE_CURVE('',#2301,#2302,#6836,.T.);
#6838 = ORIENTED_EDGE('',*,*,#6837,.T.);
#6839 = VECTOR('',#3067,1.);
#6840 = LINE('',#1094,#6839);
#6841 = EDGE_CURVE('',#2302,#2303,#6840,.T.);
#6842 = ORIENTED_EDGE('',*,*,#6841,.T.);
#6843 = VECTOR('',#2447,1.);
#6844 = LINE('',#1095,#6843);
#6845 = EDGE_CURVE('',#2303,#2304,#6844,.T.);
#6846 = ORIENTED_EDGE('',*,*,#6845,.T.);
#6847 = VECTOR('',#3087,1.);
#6848 = LINE('',#1096,#6847);
#6849 = EDGE_CURVE('',#2304,#2305,#6848,.T.);
#6850 = ORIENTED_EDGE('',*,*,#6849,.T.);
#6851 = VECTOR('',#3082,1.);
#6852 = LINE('',#1097,#6851);
#6853 = EDGE_CURVE('',#2305,#2306,#6852,.T.);
#6854 = ORIENTED_EDGE('',*,*,#6853,.T.);
#6855 = VECTOR('',#3077,1.);
#6856 = LINE('',#1098,#6855);
#6857 = EDGE_CURVE('',#2306,#2307,#6856,.T.);
#6858 = ORIENTED_EDGE('',*,*,#6857,.T.);
#6859 = VECTOR('',#3072,1.);
#6860 = LINE('',#1099,#6859);
#6861 = EDGE_CURVE('',#2307,#2308,#6860,.T.);
#6862 = ORIENTED_EDGE('',*,*,#6861,.T.);
#6863 = VECTOR('',#3067,1.);
#6864 = LINE('',#1100,#6863);
#6865 = EDGE_CURVE('',#2308,#2309,#6864,.T.);
#6866 = ORIENTED_EDGE('',*,*,#6865,.T.);
#6867 = VECTOR('',#3701,1.);
#6868 = LINE('',#1101,#6867);
#6869 = EDGE_CURVE('',#2309,#2310,#6868,.T.);
#6870 = ORIENTED_EDGE('',*,*,#6869,.T.);
#6871 = VECTOR('',#3696,1.);
#6872 = LINE('',#1102,#6871);
#6873 = EDGE_CURVE('',#2310,#2311,#6872,.T.);
#6874 = ORIENTED_EDGE('',*,*,#6873,.T.);
#6875 = VECTOR('',#3691,1.);
#6876 = LINE('',#1103,#6875);
#6877 = EDGE_CURVE('',#2311,#2312,#6876,.T.);
#6878 = ORIENTED_EDGE('',*,*,#6877,.T.);
#6879 = VECTOR('',#3686,1.);
#6880 = LINE('',#1104,#6879);
#6881 = EDGE_CURVE('',#2312,#2313,#6880,.T.);
#6882 = ORIENTED_EDGE('',*,*,#6881,.T.);
#6883 = VECTOR('',#2496,1.);
#6884 = LINE('',#1105,#6883);
#6885 = EDGE_CURVE('',#2313,#2314,#6884,.T.);
#6886 = ORIENTED_EDGE('',*,*,#6885,.T.);
#6887 = VECTOR('',#3067,1.);
#6888 = LINE('',#1106,#6887);
#6889 = EDGE_CURVE('',#2314,#2315,#6888,.T.);
#6890 = ORIENTED_EDGE('',*,*,#6889,.T.);
#6891 = VECTOR('',#2447,1.);
#6892 = LINE('',#1107,#6891);
#6893 = EDGE_CURVE('',#2315,#2316,#6892,.T.);
#6894 = ORIENTED_EDGE('',*,*,#6893,.T.);
#6895 = VECTOR('',#3087,1.);
#6896 = LINE('',#1108,#6895);
#6897 = EDGE_CURVE('',#2316,#2317,#6896,.T.);
#6898 = ORIENTED_EDGE('',*,*,#6897,.T.);
#6899 = VECTOR('',#3082,1.);
#6900 = LINE('',#1109,#6899);
#6901 = EDGE_CURVE('',#2317,#2318,#6900,.T.);
#6902 = ORIENTED_EDGE('',*,*,#6901,.T.);
#6903 = VECTOR('',#3077,1.);
#6904 = LINE('',#1110,#6903);
#6905 = EDGE_CURVE('',#2318,#2319,#6904,.T.);
#6906 = ORIENTED_EDGE('',*,*,#6905,.T.);
#6907 = VECTOR('',#3072,1.);
#6908 = LINE('',#1111,#6907);
#6909 = EDGE_CURVE('',#2319,#2320,#6908,.T.);
#6910 = ORIENTED_EDGE('',*,*,#6909,.T.);
#6911 = VECTOR('',#3067,1.);
#6912 = LINE('',#1112,#6911);
#6913 = EDGE_CURVE('',#2320,#2321,#6912,.T.);
#6914 = ORIENTED_EDGE('',*,*,#6913,.T.);
#6915 = VECTOR('',#3701,1.);
#6916 = LINE('',#1113,#6915);
#6917 = EDGE_CURVE('',#2321,#2322,#6916,.T.);
#6918 = ORIENTED_EDGE('',*,*,#6917,.T.);
#6919 = VECTOR('',#3696,1.);
#6920 = LINE('',#1114,#6919);
#6921 = EDGE_CURVE('',#2322,#2323,#6920,.T.);
#6922 = ORIENTED_EDGE('',*,*,#6921,.T.);
#6923 = VECTOR('',#3691,1.);
#6924 = LINE('',#1115,#6923);
#6925 = EDGE_CURVE('',#2323,#2324,#6924,.T.);
#6926 = ORIENTED_EDGE('',*,*,#6925,.T.);
#6927 = VECTOR('',#3686,1.);
#6928 = LINE('',#1116,#6927);
#6929 = EDGE_CURVE('',#2324,#2325,#6928,.T.);
#6930 = ORIENTED_EDGE('',*,*,#6929,.T.);
#6931 = VECTOR('',#2496,1.);
#6932 = LINE('',#1117,#6931);
#6933 = EDGE_CURVE('',#2325,#2326,#6932,.T.);
#6934 = ORIENTED_EDGE('',*,*,#6933,.T.);
#6935 = VECTOR('',#3067,1.);
#6936 = LINE('',#1118,#6935);
#6937 = EDGE_CURVE('',#2326,#2327,#6936,.T.);
#6938 = ORIENTED_EDGE('',*,*,#6937,.T.);
#6939 = VECTOR('',#2447,1.);
#6940 = LINE('',#1119,#6939);
#6941 = EDGE_CURVE('',#2327,#2328,#6940,.T.);
#6942 = ORIENTED_EDGE('',*,*,#6941,.T.);
#6943 = VECTOR('',#3087,1.);
#6944 = LINE('',#1120,#6943);
#6945 = EDGE_CURVE('',#2328,#2329,#6944,.T.);
#6946 = ORIENTED_EDGE('',*,*,#6945,.T.);
#6947 = VECTOR('',#3082,1.);
#6948 = LINE('',#1121,#6947);
#6949 = EDGE_CURVE('',#2329,#2330,#6948,.T.);
#6950 = ORIENTED_EDGE('',*,*,#6949,.T.);
#6951 = VECTOR('',#3077,1.);
#6952 = LINE('',#1122,#6951);
#6953 = EDGE_CURVE('',#2330,#2331,#6952,.T.);
#6954 = ORIENTED_EDGE('',*,*,#6953,.T.);
#6955 = VECTOR('',#3072,1.);
#6956 = LINE('',#1123,#6955);
#6957 = EDGE_CURVE('',#2331,#2332,#6956,.T.);
#6958 = ORIENTED_EDGE('',*,*,#6957,.T.);
#6959 = VECTOR('',#3067,1.);
#6960 = LINE('',#1124,#6959);
#6961 = EDGE_CURVE('',#2332,#2333,#6960,.T.);
#6962 = ORIENTED_EDGE('',*,*,#6961,.T.);
#6963 = VECTOR('',#3701,1.);
#6964 = LINE('',#1125,#6963);
#6965 = EDGE_CURVE('',#2333,#2334,#6964,.T.);
#6966 = ORIENTED_EDGE('',*,*,#6965,.T.);
#6967 = VECTOR('',#3696,1.);
#6968 = LINE('',#1126,#6967);
#6969 = EDGE_CURVE('',#2334,#2335,#6968,.T.);
#6970 = ORIENTED_EDGE('',*,*,#6969,.T.);
#6971 = VECTOR('',#3691,1.);
#6972 = LINE('',#1127,#6971);
#6973 = EDGE_CURVE('',#2335,#2336,#6972,.T.);
#6974 = ORIENTED_EDGE('',*,*,#6973,.T.);
#6975 = VECTOR('',#3686,1.);
#6976 = LINE('',#1128,#6975);
#6977 = EDGE_CURVE('',#2336,#2337,#6976,.T.);
#6978 = ORIENTED_EDGE('',*,*,#6977,.T.);
#6979 = VECTOR('',#2496,1.);
#6980 = LINE('',#1129,#6979);
#6981 = EDGE_CURVE('',#2337,#2338,#6980,.T.);
#6982 = ORIENTED_EDGE('',*,*,#6981,.T.);
#6983 = VECTOR('',#3067,1.);
#6984 = LINE('',#1130,#6983);
#6985 = EDGE_CURVE('',#2338,#2339,#6984,.T.);
#6986 = ORIENTED_EDGE('',*,*,#6985,.T.);
#6987 = VECTOR('',#2447,1.);
#6988 = LINE('',#1131,#6987);
#6989 = EDGE_CURVE('',#2339,#2340,#6988,.T.);
#6990 = ORIENTED_EDGE('',*,*,#6989,.T.);
#6991 = VECTOR('',#3087,1.);
#6992 = LINE('',#1132,#6991);
#6993 = EDGE_CURVE('',#2340,#2341,#6992,.T.);
#6994 = ORIENTED_EDGE('',*,*,#6993,.T.);
#6995 = VECTOR('',#3082,1.);
#6996 = LINE('',#1133,#6995);
#6997 = EDGE_CURVE('',#2341,#2342,#6996,.T.);
#6998 = ORIENTED_EDGE('',*,*,#6997,.T.);
#6999 = VECTOR('',#3077,1.);
#7000 = LINE('',#1134,#6999);
#7001 = EDGE_CURVE('',#2342,#2343,#7000,.T.);
#7002 = ORIENTED_EDGE('',*,*,#7001,.T.);
#7003 = VECTOR('',#3072,1.);
#7004 = LINE('',#1135,#7003);
#7005 = EDGE_CURVE('',#2343,#2344,#7004,.T.);
#7006 = ORIENTED_EDGE('',*,*,#7005,.T.);
#7007 = VECTOR('',#3067,1.);
#7008 = LINE('',#1136,#7007);
#7009 = EDGE_CURVE('',#2344,#2345,#7008,.T.);
#7010 = ORIENTED_EDGE('',*,*,#7009,.T.);
#7011 = VECTOR('',#3701,1.);
#7012 = LINE('',#1137,#7011);
#7013 = EDGE_CURVE('',#2345,#2346,#7012,.T.);
#7014 = ORIENTED_EDGE('',*,*,#7013,.T.);
#7015 = VECTOR('',#3696,1.);
#7016 = LINE('',#1138,#7015);
#7017 = EDGE_CURVE('',#2346,#2347,#7016,.T.);
#7018 = ORIENTED_EDGE('',*,*,#7017,.T.);
#7019 = VECTOR('',#3691,1.);
#7020 = LINE('',#1139,#7019);
#7021 = EDGE_CURVE('',#2347,#2348,#7020,.T.);
#7022 = ORIENTED_EDGE('',*,*,#7021,.T.);
#7023 = VECTOR('',#3686,1.);
#7024 = LINE('',#1140,#7023);
#7025 = EDGE_CURVE('',#2348,#2349,#7024,.T.);
#7026 = ORIENTED_EDGE('',*,*,#7025,.T.);
#7027 = VECTOR('',#2496,1.);
#7028 = LINE('',#1141,#7027);
#7029 = EDGE_CURVE('',#2349,#2350,#7028,.T.);
#7030 = ORIENTED_EDGE('',*,*,#7029,.T.);
#7031 = VECTOR('',#3067,1.);
#7032 = LINE('',#1142,#7031);
#7033 = EDGE_CURVE('',#2350,#2351,#7032,.T.);
#7034 = ORIENTED_EDGE('',*,*,#7033,.T.);
#7035 = VECTOR('',#2447,1.);
#7036 = LINE('',#1143,#7035);
#7037 = EDGE_CURVE('',#2351,#2352,#7036,.T.);
#7038 = ORIENTED_EDGE('',*,*,#7037,.T.);
#7039 = VECTOR('',#3087,1.);
#7040 = LINE('',#1144,#7039);
#7041 = EDGE_CURVE('',#2352,#2353,#7040,.T.);
#7042 = ORIENTED_EDGE('',*,*,#7041,.T.);
#7043 = VECTOR('',#3082,1.);
#7044 = LINE('',#1145,#7043);
#7045 = EDGE_CURVE('',#2353,#2354,#7044,.T.);
#7046 = ORIENTED_EDGE('',*,*,#7045,.T.);
#7047 = VECTOR('',#3077,1.);
#7048 = LINE('',#1146,#7047);
#7049 = EDGE_CURVE('',#2354,#2355,#7048,.T.);
#7050 = ORIENTED_EDGE('',*,*,#7049,.T.);
#7051 = VECTOR('',#3072,1.);
#7052 = LINE('',#1147,#7051);
#7053 = EDGE_CURVE('',#2355,#2356,#7052,.T.);
#7054 = ORIENTED_EDGE('',*,*,#7053,.T.);
#7055 = VECTOR('',#3067,1.);
#7056 = LINE('',#1148,#7055);
#7057 = EDGE_CURVE('',#2356,#2357,#7056,.T.);
#7058 = ORIENTED_EDGE('',*,*,#7057,.T.);
#7059 = VECTOR('',#3701,1.);
#7060 = LINE('',#1149,#7059);
#7061 = EDGE_CURVE('',#2357,#2358,#7060,.T.);
#7062 = ORIENTED_EDGE('',*,*,#7061,.T.);
#7063 = VECTOR('',#3696,1.);
#7064 = LINE('',#1150,#7063);
#7065 = EDGE_CURVE('',#2358,#2359,#7064,.T.);
#7066 = ORIENTED_EDGE('',*,*,#7065,.T.);
#7067 = VECTOR('',#3691,1.);
#7068 = LINE('',#1151,#7067);
#7069 = EDGE_CURVE('',#2359,#2360,#7068,.T.);
#7070 = ORIENTED_EDGE('',*,*,#7069,.T.);
#7071 = VECTOR('',#3686,1.);
#7072 = LINE('',#1152,#7071);
#7073 = EDGE_CURVE('',#2360,#2361,#7072,.T.);
#7074 = ORIENTED_EDGE('',*,*,#7073,.T.);
#7075 = VECTOR('',#2496,1.);
#7076 = LINE('',#1153,#7075);
#7077 = EDGE_CURVE('',#2361,#2362,#7076,.T.);
#7078 = ORIENTED_EDGE('',*,*,#7077,.T.);
#7079 = VECTOR('',#3067,1.);
#7080 = LINE('',#1154,#7079);
#7081 = EDGE_CURVE('',#2362,#2363,#7080,.T.);
#7082 = ORIENTED_EDGE('',*,*,#7081,.T.);
#7083 = VECTOR('',#2447,1.);
#7084 = LINE('',#1155,#7083);
#7085 = EDGE_CURVE('',#2363,#2364,#7084,.T.);
#7086 = ORIENTED_EDGE('',*,*,#7085,.T.);
#7087 = VECTOR('',#3087,1.);
#7088 = LINE('',#1156,#7087);
#7089 = EDGE_CURVE('',#2364,#2365,#7088,.T.);
#7090 = ORIENTED_EDGE('',*,*,#7089,.T.);
#7091 = VECTOR('',#3082,1.);
#7092 = LINE('',#1157,#7091);
#7093 = EDGE_CURVE('',#2365,#2366,#7092,.T.);
#7094 = ORIENTED_EDGE('',*,*,#7093,.T.);
#7095 = VECTOR('',#3077,1.);
#7096 = LINE('',#1158,#7095);
#7097 = EDGE_CURVE('',#2366,#2367,#7096,.T.);
#7098 = ORIENTED_EDGE('',*,*,#7097,.T.);
#7099 = VECTOR('',#3072,1.);
#7100 = LINE('',#1159,#7099);
#7101 = EDGE_CURVE('',#2367,#2368,#7100,.T.);
#7102 = ORIENTED_EDGE('',*,*,#7101,.T.);
#7103 = VECTOR('',#3067,1.);
#7104 = LINE('',#1160,#7103);
#7105 = EDGE_CURVE('',#2368,#2369,#7104,.T.);
#7106 = ORIENTED_EDGE('',*,*,#7105,.T.);
#7107 = VECTOR('',#3701,1.);
#7108 = LINE('',#1161,#7107);
#7109 = EDGE_CURVE('',#2369,#2370,#7108,.T.);
#7110 = ORIENTED_EDGE('',*,*,#7109,.T.);
#7111 = VECTOR('',#3696,1.);
#7112 = LINE('',#1162,#7111);
#7113 = EDGE_CURVE('',#2370,#2371,#7112,.T.);
#7114 = ORIENTED_EDGE('',*,*,#7113,.T.);
#7115 = VECTOR('',#3691,1.);
#7116 = LINE('',#1163,#7115);
#7117 = EDGE_CURVE('',#2371,#2372,#7116,.T.);
#7118 = ORIENTED_EDGE('',*,*,#7117,.T.);
#7119 = VECTOR('',#3686,1.);
#7120 = LINE('',#1164,#7119);
#7121 = EDGE_CURVE('',#2372,#2373,#7120,.T.);
#7122 = ORIENTED_EDGE('',*,*,#7121,.T.);
#7123 = VECTOR('',#2496,1.);
#7124 = LINE('',#1165,#7123);
#7125 = EDGE_CURVE('',#2373,#2374,#7124,.T.);
#7126 = ORIENTED_EDGE('',*,*,#7125,.T.);
#7127 = VECTOR('',#3067,1.);
#7128 = LINE('',#1166,#7127);
#7129 = EDGE_CURVE('',#2374,#2375,#7128,.T.);
#7130 = ORIENTED_EDGE('',*,*,#7129,.T.);
#7131 = VECTOR('',#2447,1.);
#7132 = LINE('',#1167,#7131);
#7133 = EDGE_CURVE('',#2375,#2376,#7132,.T.);
#7134 = ORIENTED_EDGE('',*,*,#7133,.T.);
#7135 = VECTOR('',#3087,1.);
#7136 = LINE('',#1168,#7135);
#7137 = EDGE_CURVE('',#2376,#2377,#7136,.T.);
#7138 = ORIENTED_EDGE('',*,*,#7137,.T.);
#7139 = VECTOR('',#3082,1.);
#7140 = LINE('',#1169,#7139);
#7141 = EDGE_CURVE('',#2377,#2378,#7140,.T.);
#7142 = ORIENTED_EDGE('',*,*,#7141,.T.);
#7143 = VECTOR('',#3077,1.);
#7144 = LINE('',#1170,#7143);
#7145 = EDGE_CURVE('',#2378,#2379,#7144,.T.);
#7146 = ORIENTED_EDGE('',*,*,#7145,.T.);
#7147 = VECTOR('',#3072,1.);
#7148 = LINE('',#1171,#7147);
#7149 = EDGE_CURVE('',#2379,#2380,#7148,.T.);
#7150 = ORIENTED_EDGE('',*,*,#7149,.T.);
#7151 = VECTOR('',#3067,1.);
#7152 = LINE('',#1172,#7151);
#7153 = EDGE_CURVE('',#2380,#2381,#7152,.T.);
#7154 = ORIENTED_EDGE('',*,*,#7153,.T.);
#7155 = VECTOR('',#3701,1.);
#7156 = LINE('',#1173,#7155);
#7157 = EDGE_CURVE('',#2381,#2382,#7156,.T.);
#7158 = ORIENTED_EDGE('',*,*,#7157,.T.);
#7159 = VECTOR('',#3696,1.);
#7160 = LINE('',#1174,#7159);
#7161 = EDGE_CURVE('',#2382,#2383,#7160,.T.);
#7162 = ORIENTED_EDGE('',*,*,#7161,.T.);
#7163 = VECTOR('',#3691,1.);
#7164 = LINE('',#1175,#7163);
#7165 = EDGE_CURVE('',#2383,#2384,#7164,.T.);
#7166 = ORIENTED_EDGE('',*,*,#7165,.T.);
#7167 = VECTOR('',#3686,1.);
#7168 = LINE('',#1176,#7167);
#7169 = EDGE_CURVE('',#2384,#2385,#7168,.T.);
#7170 = ORIENTED_EDGE('',*,*,#7169,.T.);
#7171 = VECTOR('',#2496,1.);
#7172 = LINE('',#1177,#7171);
#7173 = EDGE_CURVE('',#2385,#2386,#7172,.T.);
#7174 = ORIENTED_EDGE('',*,*,#7173,.T.);
#7175 = VECTOR('',#3067,1.);
#7176 = LINE('',#1178,#7175);
#7177 = EDGE_CURVE('',#2386,#2387,#7176,.T.);
#7178 = ORIENTED_EDGE('',*,*,#7177,.T.);
#7179 = VECTOR('',#2447,1.);
#7180 = LINE('',#1179,#7179);
#7181 = EDGE_CURVE('',#2387,#2388,#7180,.T.);
#7182 = ORIENTED_EDGE('',*,*,#7181,.T.);
#7183 = VECTOR('',#3087,1.);
#7184 = LINE('',#1180,#7183);
#7185 = EDGE_CURVE('',#2388,#2389,#7184,.T.);
#7186 = ORIENTED_EDGE('',*,*,#7185,.T.);
#7187 = VECTOR('',#3082,1.);
#7188 = LINE('',#1181,#7187);
#7189 = EDGE_CURVE('',#2389,#2390,#7188,.T.);
#7190 = ORIENTED_EDGE('',*,*,#7189,.T.);
#7191 = VECTOR('',#3077,1.);
#7192 = LINE('',#1182,#7191);
#7193 = EDGE_CURVE('',#2390,#2391,#7192,.T.);
#7194 = ORIENTED_EDGE('',*,*,#7193,.T.);
#7195 = VECTOR('',#3072,1.);
#7196 = LINE('',#1183,#7195);
#7197 = EDGE_CURVE('',#2391,#2392,#7196,.T.);
#7198 = ORIENTED_EDGE('',*,*,#7197,.T.);
#7199 = VECTOR('',#3067,1.);
#7200 = LINE('',#1184,#7199);
#7201 = EDGE_CURVE('',#2392,#2393,#7200,.T.);
#7202 = ORIENTED_EDGE('',*,*,#7201,.T.);
#7203 = VECTOR('',#3701,1.);
#7204 = LINE('',#1185,#7203);
#7205 = EDGE_CURVE('',#2393,#2394,#7204,.T.);
#7206 = ORIENTED_EDGE('',*,*,#7205,.T.);
#7207 = VECTOR('',#3696,1.);
#7208 = LINE('',#1186,#7207);
#7209 = EDGE_CURVE('',#2394,#2395,#7208,.T.);
#7210 = ORIENTED_EDGE('',*,*,#7209,.T.);
#7211 = VECTOR('',#3691,1.);
#7212 = LINE('',#1187,#7211);
#7213 = EDGE_CURVE('',#2395,#2396,#7212,.T.);
#7214 = ORIENTED_EDGE('',*,*,#7213,.T.);
#7215 = VECTOR('',#3686,1.);
#7216 = LINE('',#1188,#7215);
#7217 = EDGE_CURVE('',#2396,#2397,#7216,.T.);
#7218 = ORIENTED_EDGE('',*,*,#7217,.T.);
#7219 = VECTOR('',#2496,1.);
#7220 = LINE('',#1189,#7219);
#7221 = EDGE_CURVE('',#2397,#2398,#7220,.T.);
#7222 = ORIENTED_EDGE('',*,*,#7221,.T.);
#7223 = VECTOR('',#3067,1.);
#7224 = LINE('',#1190,#7223);
#7225 = EDGE_CURVE('',#2398,#2399,#7224,.T.);
#7226 = ORIENTED_EDGE('',*,*,#7225,.T.);
#7227 = VECTOR('',#2447,1.);
#7228 = LINE('',#1191,#7227);
#7229 = EDGE_CURVE('',#2399,#2400,#7228,.T.);
#7230 = ORIENTED_EDGE('',*,*,#7229,.T.);
#7231 = VECTOR('',#3087,1.);
#7232 = LINE('',#1192,#7231);
#7233 = EDGE_CURVE('',#2400,#2401,#7232,.T.);
#7234 = ORIENTED_EDGE('',*,*,#7233,.T.);
#7235 = VECTOR('',#3082,1.);
#7236 = LINE('',#1193,#7235);
#7237 = EDGE_CURVE('',#2401,#2402,#7236,.T.);
#7238 = ORIENTED_EDGE('',*,*,#7237,.T.);
#7239 = VECTOR('',#3077,1.);
#7240 = LINE('',#1194,#7239);
#7241 = EDGE_CURVE('',#2402,#2403,#7240,.T.);
#7242 = ORIENTED_EDGE('',*,*,#7241,.T.);
#7243 = VECTOR('',#3072,1.);
#7244 = LINE('',#1195,#7243);
#7245 = EDGE_CURVE('',#2403,#2404,#7244,.T.);
#7246 = ORIENTED_EDGE('',*,*,#7245,.T.);
#7247 = VECTOR('',#3067,1.);
#7248 = LINE('',#1196,#7247);
#7249 = EDGE_CURVE('',#2404,#2405,#7248,.T.);
#7250 = ORIENTED_EDGE('',*,*,#7249,.T.);
#7251 = VECTOR('',#3701,1.);
#7252 = LINE('',#1197,#7251);
#7253 = EDGE_CURVE('',#2405,#2406,#7252,.T.);
#7254 = ORIENTED_EDGE('',*,*,#7253,.T.);
#7255 = VECTOR('',#3696,1.);
#7256 = LINE('',#1198,#7255);
#7257 = EDGE_CURVE('',#2406,#2407,#7256,.T.);
#7258 = ORIENTED_EDGE('',*,*,#7257,.T.);
#7259 = VECTOR('',#3691,1.);
#7260 = LINE('',#1199,#7259);
#7261 = EDGE_CURVE('',#2407,#2408,#7260,.T.);
#7262 = ORIENTED_EDGE('',*,*,#7261,.T.);
#7263 = VECTOR('',#3686,1.);
#7264 = LINE('',#1200,#7263);
#7265 = EDGE_CURVE('',#2408,#2409,#7264,.T.);
#7266 = ORIENTED_EDGE('',*,*,#7265,.T.);
#7267 = VECTOR('',#2496,1.);
#7268 = LINE('',#1201,#7267);
#7269 = EDGE_CURVE('',#2409,#2410,#7268,.T.);
#7270 = ORIENTED_EDGE('',*,*,#7269,.T.);
#7271 = VECTOR('',#3067,1.);
#7272 = LINE('',#1202,#7271);
#7273 = EDGE_CURVE('',#2410,#2411,#7272,.T.);
#7274 = ORIENTED_EDGE('',*,*,#7273,.T.);
#7275 = VECTOR('',#3673,1.);
#7276 = LINE('',#1203,#7275);
#7277 = EDGE_CURVE('',#2411,#2412,#7276,.T.);
#7278 = ORIENTED_EDGE('',*,*,#7277,.T.);
#7279 = VECTOR('',#3668,1.);
#7280 = LINE('',#1204,#7279);
#7281 = EDGE_CURVE('',#2412,#2413,#7280,.T.);
#7282 = ORIENTED_EDGE('',*,*,#7281,.T.);
#7283 = VECTOR('',#3663,1.);
#7284 = LINE('',#1205,#7283);
#7285 = EDGE_CURVE('',#2413,#2414,#7284,.T.);
#7286 = ORIENTED_EDGE('',*,*,#7285,.T.);
#7287 = VECTOR('',#3658,1.);
#7288 = LINE('',#1206,#7287);
#7289 = EDGE_CURVE('',#2414,#2415,#7288,.T.);
#7290 = ORIENTED_EDGE('',*,*,#7289,.T.);
#7291 = VECTOR('',#3653,1.);
#7292 = LINE('',#1207,#7291);
#7293 = EDGE_CURVE('',#2415,#2416,#7292,.T.);
#7294 = ORIENTED_EDGE('',*,*,#7293,.T.);
#7295 = VECTOR('',#3648,1.);
#7296 = LINE('',#1208,#7295);
#7297 = EDGE_CURVE('',#2416,#1813,#7296,.T.);
#7298 = ORIENTED_EDGE('',*,*,#7297,.T.);
#7299 = EDGE_LOOP('',(#4886,#4890,#4894,#4898,#4902,#4906,#4910,#4914,#4918,#4922,#4926,#4930,#4934,#4938,#4942,#4946,#4950,#4954,#4958,#4962,#4966,#4970,#4974,#4978,#4982,#4986,#4990,#4994,#4998,#5002,#5006,#5010,#5014,#5018,#5022,#5026,#5030,#5034,#5038,#5042,#5046,#5050,#5054,#5058,#5062,#5066,#5070,#5074,#5078,#5082,#5086,#5090,#5094,#5098,#5102,#5106,#5110,#5114,#5118,#5122,#5126,#5130,#5134,#5138,#5142,#5146,#5150,#5154,#5158,#5162,#5166,#5170,#5174,#5178,#5182,#5186,#5190,#5194,#5198,#5202,#5206,#5210,#5214,#5218,#5222,#5226,#5230,#5234,#5238,#5242,#5246,#5250,#5254,#5258,#5262,#5266,#5270,#5274,#5278,#5282,#5286,#5290,#5294,#5298,#5302,#5306,#5310,#5314,#5318,#5322,#5326,#5330,#5334,#5338,#5342,#5346,#5350,#5354,#5358,#5362,#5366,#5370,#5374,#5378,#5382,#5386,#5390,#5394,#5398,#5402,#5406,#5410,#5414,#5418,#5422,#5426,#5430,#5434,#5438,#5442,#5446,#5450,#5454,#5458,#5462,#5466,#5470,#5474,#5478,#5482,#5486,#5490,#5494,#5498,#5502,#5506,#5510,#5514,#5518,#5522,#5526,#5530,#5534,#5538,#5542,#5546,#5550,#5554,#5558,#5562,#5566,#5570,#5574,#5578,#5582,#5586,#5590,#5594,#5598,#5602,#5606,#5610,#5614,#5618,#5622,#5626,#5630,#5634,#5638,#5642,#5646,#5650,#5654,#5658,#5662,#5666,#5670,#5674,#5678,#5682,#5686,#5690,#5694,#5698,#5702,#5706,#5710,#5714,#5718,#5722,#5726,#5730,#5734,#5738,#5742,#5746,#5750,#5754,#5758,#5762,#5766,#5770,#5774,#5778,#5782,#5786,#5790,#5794,#5798,#5802,#5806,#5810,#5814,#5818,#5822,#5826,#5830,#5834,#5838,#5842,#5846,#5850,#5854,#5858,#5862,#5866,#5870,#5874,#5878,#5882,#5886,#5890,#5894,#5898,#5902,#5906,#5910,#5914,#5918,#5922,#5926,#5930,#5934,#5938,#5942,#5946,#5950,#5954,#5958,#5962,#5966,#5970,#5974,#5978,#5982,#5986,#5990,#5994,#5998,#6002,#6006,#6010,#6014,#6018,#6022,#6026,#6030,#6034,#6038,#6042,#6046,#6050,#6054,#6058,#6062,#6066,#6070,#6074,#6078,#6082,#6086,#6090,#6094,#6098,#6102,#6106,#6110,#6114,#6118,#6122,#6126,#6130,#6134,#6138,#6142,#6146,#6150,#6154,#6158,#6162,#6166,#6170,#6174,#6178,#6182,#6186,#6190,#6194,#6198,#6202,#6206,#6210,#6214,#6218,#6222,#6226,#6230,#6234,#6238,#6242,#6246,#6250,#6254,#6258,#6262,#6266,#6270,#6274,#6278,#6282,#6286,#6290,#6294,#6298,#6302,#6306,#6310,#6314,#6318,#6322,#6326,#6330,#6334,#6338,#6342,#6346,#6350,#6354,#6358,#6362,#6366,#6370,#6374,#6378,#6382,#6386,#6390,#6394,#6398,#6402,#6406,#6410,#6414,#6418,#6422,#6426,#6430,#6434,#6438,#6442,#6446,#6450,#6454,#6458,#6462,#6466,#6470,#6474,#6478,#6482,#6486,#6490,#6494,#6498,#6502,#6506,#6510,#6514,#6518,#6522,#6526,#6530,#6534,#6538,#6542,#6546,#6550,#6554,#6558,#6562,#6566,#6570,#6574,#6578,#6582,#6586,#6590,#6594,#6598,#6602,#6606,#6610,#6614,#6618,#6622,#6626,#6630,#6634,#6638,#6642,#6646,#6650,#6654,#6658,#6662,#6666,#6670,#6674,#6678,#6682,#6686,#6690,#6694,#6698,#6702,#6706,#6710,#6714,#6718,#6722,#6726,#6730,#6734,#6738,#6742,#6746,#6750,#6754,#6758,#6762,#6766,#6770,#6774,#6778,#6782,#6786,#6790,#6794,#6798,#6802,#6806,#6810,#6814,#6818,#6822,#6826,#6830,#6834,#6838,#6842,#6846,#6850,#6854,#6858,#6862,#6866,#6870,#6874,#6878,#6882,#6886,#6890,#6894,#6898,#6902,#6906,#6910,#6914,#6918,#6922,#6926,#6930,#6934,#6938,#6942,#6946,#6950,#6954,#6958,#6962,#6966,#6970,#6974,#6978,#6982,#6986,#6990,#6994,#6998,#7002,#7006,#7010,#7014,#7018,#7022,#7026,#7030,#7034,#7038,#7042,#7046,#7050,#7054,#7058,#7062,#7066,#7070,#7074,#7078,#7082,#7086,#7090,#7094,#7098,#7102,#7106,#7110,#7114,#7118,#7122,#7126,#7130,#7134,#7138,#7142,#7146,#7150,#7154,#7158,#7162,#7166,#7170,#7174,#7178,#7182,#7186,#7190,#7194,#7198,#7202,#7206,#7210,#7214,#7218,#7222,#7226,#7230,#7234,#7238,#7242,#7246,#7250,#7254,#7258,#7262,#7266,#7270,#7274,#7278,#7282,#7286,#7290,#7294,#7298));
#7300 = FACE_OUTER_BOUND('',#7299,.T.);
#7301 = DIRECTION('',(0,0,1));
#7302 = AXIS2_PLACEMENT_3D('',#605,#7301,#2447);
#7303 = PLANE('',#7302);
#7304 = ADVANCED_FACE('',(#7300),#7303,.T.);
#7305 = ORIENTED_EDGE('',*,*,#4870,.F.);
#7306 = VECTOR('',#7301,1.);
#7307 = LINE('',#2,#7306);
#7308 = EDGE_CURVE('',#1210,#1814,#7307,.T.);
#7309 = ORIENTED_EDGE('',*,*,#7308,.T.);
#7310 = ORIENTED_EDGE('',*,*,#4885,.F.);
#7311 = VECTOR('',#4879,1.);
#7312 = LINE('',#605,#7311);
#7313 = EDGE_CURVE('',#1813,#1209,#7312,.T.);
#7314 = ORIENTED_EDGE('',*,*,#7313,.T.);
#7315 = EDGE_LOOP('',(#7305,#7309,#7310,#7314));
#7316 = FACE_OUTER_BOUND('',#7315,.T.);
#7317 = AXIS2_PLACEMENT_3D('',#1,#3067,#7301);
#7318 = PLANE('',#7317);
#7319 = ADVANCED_FACE('',(#7316),#7318,.T.);
#7320 = ORIENTED_EDGE('',*,*,#4866,.F.);
#7321 = VECTOR('',#7301,1.);
#7322 = LINE('',#3,#7321);
#7323 = EDGE_CURVE('',#1211,#1815,#7322,.T.);
#7324 = ORIENTED_EDGE('',*,*,#7323,.T.);
#7325 = ORIENTED_EDGE('',*,*,#4889,.F.);
#7326 = ORIENTED_EDGE('',*,*,#7308,.F.);
#7327 = EDGE_LOOP('',(#7320,#7324,#7325,#7326));
#7328 = FACE_OUTER_BOUND('',#7327,.T.);
#7329 = AXIS2_PLACEMENT_3D('',#2,#2447,#7301);
#7330 = PLANE('',#7329);
#7331 = ADVANCED_FACE('',(#7328),#7330,.T.);
#7332 = ORIENTED_EDGE('',*,*,#4862,.F.);
#7333 = VECTOR('',#7301,1.);
#7334 = LINE('',#4,#7333);
#7335 = EDGE_CURVE('',#1212,#1816,#7334,.T.);
#7336 = ORIENTED_EDGE('',*,*,#7335,.T.);
#7337 = ORIENTED_EDGE('',*,*,#4893,.F.);
#7338 = ORIENTED_EDGE('',*,*,#7323,.F.);
#7339 = EDGE_LOOP('',(#7332,#7336,#7337,#7338));
#7340 = FACE_OUTER_BOUND('',#7339,.T.);
#7341 = DIRECTION('',(0.98078528,-0.195090322,0));
#7342 = AXIS2_PLACEMENT_3D('',#3,#7341,#7301);
#7343 = PLANE('',#7342);
#7344 = ADVANCED_FACE('',(#7340),#7343,.T.);
#7345 = ORIENTED_EDGE('',*,*,#4858,.F.);
#7346 = VECTOR('',#7301,1.);
#7347 = LINE('',#5,#7346);
#7348 = EDGE_CURVE('',#1213,#1817,#7347,.T.);
#7349 = ORIENTED_EDGE('',*,*,#7348,.T.);
#7350 = ORIENTED_EDGE('',*,*,#4897,.F.);
#7351 = ORIENTED_EDGE('',*,*,#7335,.F.);
#7352 = EDGE_LOOP('',(#7345,#7349,#7350,#7351));
#7353 = FACE_OUTER_BOUND('',#7352,.T.);
#7354 = DIRECTION('',(0.831469612,-0.555570233,0));
#7355 = AXIS2_PLACEMENT_3D('',#4,#7354,#7301);
#7356 = PLANE('',#7355);
#7357 = ADVANCED_FACE('',(#7353),#7356,.T.);
#7358 = ORIENTED_EDGE('',*,*,#4854,.F.);
#7359 = VECTOR('',#7301,1.);
#7360 = LINE('',#6,#7359);
#7361 = EDGE_CURVE('',#1214,#1818,#7360,.T.);
#7362 = ORIENTED_EDGE('',*,*,#7361,.T.);
#7363 = ORIENTED_EDGE('',*,*,#4901,.F.);
#7364 = ORIENTED_EDGE('',*,*,#7348,.F.);
#7365 = EDGE_LOOP('',(#7358,#7362,#7363,#7364));
#7366 = FACE_OUTER_BOUND('',#7365,.T.);
#7367 = DIRECTION('',(0.555570233,-0.831469612,0));
#7368 = AXIS2_PLACEMENT_3D('',#5,#7367,#7301);
#7369 = PLANE('',#7368);
#7370 = ADVANCED_FACE('',(#7366),#7369,.T.);
#7371 = ORIENTED_EDGE('',*,*,#4850,.F.);
#7372 = VECTOR('',#7301,1.);
#7373 = LINE('',#7,#7372);
#7374 = EDGE_CURVE('',#1215,#1819,#7373,.T.);
#7375 = ORIENTED_EDGE('',*,*,#7374,.T.);
#7376 = ORIENTED_EDGE('',*,*,#4905,.F.);
#7377 = ORIENTED_EDGE('',*,*,#7361,.F.);
#7378 = EDGE_LOOP('',(#7371,#7375,#7376,#7377));
#7379 = FACE_OUTER_BOUND('',#7378,.T.);
#7380 = DIRECTION('',(0.195090322,-0.98078528,0));
#7381 = AXIS2_PLACEMENT_3D('',#6,#7380,#7301);
#7382 = PLANE('',#7381);
#7383 = ADVANCED_FACE('',(#7379),#7382,.T.);
#7384 = ORIENTED_EDGE('',*,*,#4846,.F.);
#7385 = VECTOR('',#7301,1.);
#7386 = LINE('',#8,#7385);
#7387 = EDGE_CURVE('',#1216,#1820,#7386,.T.);
#7388 = ORIENTED_EDGE('',*,*,#7387,.T.);
#7389 = ORIENTED_EDGE('',*,*,#4909,.F.);
#7390 = ORIENTED_EDGE('',*,*,#7374,.F.);
#7391 = EDGE_LOOP('',(#7384,#7388,#7389,#7390));
#7392 = FACE_OUTER_BOUND('',#7391,.T.);
#7393 = AXIS2_PLACEMENT_3D('',#7,#3067,#7301);
#7394 = PLANE('',#7393);
#7395 = ADVANCED_FACE('',(#7392),#7394,.T.);
#7396 = ORIENTED_EDGE('',*,*,#4842,.F.);
#7397 = VECTOR('',#7301,1.);
#7398 = LINE('',#9,#7397);
#7399 = EDGE_CURVE('',#1217,#1821,#7398,.T.);
#7400 = ORIENTED_EDGE('',*,*,#7399,.T.);
#7401 = ORIENTED_EDGE('',*,*,#4913,.F.);
#7402 = ORIENTED_EDGE('',*,*,#7387,.F.);
#7403 = EDGE_LOOP('',(#7396,#7400,#7401,#7402));
#7404 = FACE_OUTER_BOUND('',#7403,.T.);
#7405 = DIRECTION('',(-0.195090322,-0.98078528,0));
#7406 = AXIS2_PLACEMENT_3D('',#8,#7405,#7301);
#7407 = PLANE('',#7406);
#7408 = ADVANCED_FACE('',(#7404),#7407,.T.);
#7409 = ORIENTED_EDGE('',*,*,#4838,.F.);
#7410 = VECTOR('',#7301,1.);
#7411 = LINE('',#10,#7410);
#7412 = EDGE_CURVE('',#1218,#1822,#7411,.T.);
#7413 = ORIENTED_EDGE('',*,*,#7412,.T.);
#7414 = ORIENTED_EDGE('',*,*,#4917,.F.);
#7415 = ORIENTED_EDGE('',*,*,#7399,.F.);
#7416 = EDGE_LOOP('',(#7409,#7413,#7414,#7415));
#7417 = FACE_OUTER_BOUND('',#7416,.T.);
#7418 = DIRECTION('',(-0.555570233,-0.831469612,0));
#7419 = AXIS2_PLACEMENT_3D('',#9,#7418,#7301);
#7420 = PLANE('',#7419);
#7421 = ADVANCED_FACE('',(#7417),#7420,.T.);
#7422 = ORIENTED_EDGE('',*,*,#4834,.F.);
#7423 = VECTOR('',#7301,1.);
#7424 = LINE('',#11,#7423);
#7425 = EDGE_CURVE('',#1219,#1823,#7424,.T.);
#7426 = ORIENTED_EDGE('',*,*,#7425,.T.);
#7427 = ORIENTED_EDGE('',*,*,#4921,.F.);
#7428 = ORIENTED_EDGE('',*,*,#7412,.F.);
#7429 = EDGE_LOOP('',(#7422,#7426,#7427,#7428));
#7430 = FACE_OUTER_BOUND('',#7429,.T.);
#7431 = DIRECTION('',(-0.831469612,-0.555570233,0));
#7432 = AXIS2_PLACEMENT_3D('',#10,#7431,#7301);
#7433 = PLANE('',#7432);
#7434 = ADVANCED_FACE('',(#7430),#7433,.T.);
#7435 = ORIENTED_EDGE('',*,*,#4830,.F.);
#7436 = VECTOR('',#7301,1.);
#7437 = LINE('',#12,#7436);
#7438 = EDGE_CURVE('',#1220,#1824,#7437,.T.);
#7439 = ORIENTED_EDGE('',*,*,#7438,.T.);
#7440 = ORIENTED_EDGE('',*,*,#4925,.F.);
#7441 = ORIENTED_EDGE('',*,*,#7425,.F.);
#7442 = EDGE_LOOP('',(#7435,#7439,#7440,#7441));
#7443 = FACE_OUTER_BOUND('',#7442,.T.);
#7444 = DIRECTION('',(-0.98078528,-0.195090322,0));
#7445 = AXIS2_PLACEMENT_3D('',#11,#7444,#7301);
#7446 = PLANE('',#7445);
#7447 = ADVANCED_FACE('',(#7443),#7446,.T.);
#7448 = ORIENTED_EDGE('',*,*,#4826,.F.);
#7449 = VECTOR('',#7301,1.);
#7450 = LINE('',#13,#7449);
#7451 = EDGE_CURVE('',#1221,#1825,#7450,.T.);
#7452 = ORIENTED_EDGE('',*,*,#7451,.T.);
#7453 = ORIENTED_EDGE('',*,*,#4929,.F.);
#7454 = ORIENTED_EDGE('',*,*,#7438,.F.);
#7455 = EDGE_LOOP('',(#7448,#7452,#7453,#7454));
#7456 = FACE_OUTER_BOUND('',#7455,.T.);
#7457 = AXIS2_PLACEMENT_3D('',#12,#2496,#7301);
#7458 = PLANE('',#7457);
#7459 = ADVANCED_FACE('',(#7456),#7458,.T.);
#7460 = ORIENTED_EDGE('',*,*,#4822,.F.);
#7461 = VECTOR('',#7301,1.);
#7462 = LINE('',#14,#7461);
#7463 = EDGE_CURVE('',#1222,#1826,#7462,.T.);
#7464 = ORIENTED_EDGE('',*,*,#7463,.T.);
#7465 = ORIENTED_EDGE('',*,*,#4933,.F.);
#7466 = ORIENTED_EDGE('',*,*,#7451,.F.);
#7467 = EDGE_LOOP('',(#7460,#7464,#7465,#7466));
#7468 = FACE_OUTER_BOUND('',#7467,.T.);
#7469 = AXIS2_PLACEMENT_3D('',#13,#3067,#7301);
#7470 = PLANE('',#7469);
#7471 = ADVANCED_FACE('',(#7468),#7470,.T.);
#7472 = ORIENTED_EDGE('',*,*,#4818,.F.);
#7473 = VECTOR('',#7301,1.);
#7474 = LINE('',#15,#7473);
#7475 = EDGE_CURVE('',#1223,#1827,#7474,.T.);
#7476 = ORIENTED_EDGE('',*,*,#7475,.T.);
#7477 = ORIENTED_EDGE('',*,*,#4937,.F.);
#7478 = ORIENTED_EDGE('',*,*,#7463,.F.);
#7479 = EDGE_LOOP('',(#7472,#7476,#7477,#7478));
#7480 = FACE_OUTER_BOUND('',#7479,.T.);
#7481 = AXIS2_PLACEMENT_3D('',#14,#2447,#7301);
#7482 = PLANE('',#7481);
#7483 = ADVANCED_FACE('',(#7480),#7482,.T.);
#7484 = ORIENTED_EDGE('',*,*,#4814,.F.);
#7485 = VECTOR('',#7301,1.);
#7486 = LINE('',#16,#7485);
#7487 = EDGE_CURVE('',#1224,#1828,#7486,.T.);
#7488 = ORIENTED_EDGE('',*,*,#7487,.T.);
#7489 = ORIENTED_EDGE('',*,*,#4941,.F.);
#7490 = ORIENTED_EDGE('',*,*,#7475,.F.);
#7491 = EDGE_LOOP('',(#7484,#7488,#7489,#7490));
#7492 = FACE_OUTER_BOUND('',#7491,.T.);
#7493 = AXIS2_PLACEMENT_3D('',#15,#7341,#7301);
#7494 = PLANE('',#7493);
#7495 = ADVANCED_FACE('',(#7492),#7494,.T.);
#7496 = ORIENTED_EDGE('',*,*,#4810,.F.);
#7497 = VECTOR('',#7301,1.);
#7498 = LINE('',#17,#7497);
#7499 = EDGE_CURVE('',#1225,#1829,#7498,.T.);
#7500 = ORIENTED_EDGE('',*,*,#7499,.T.);
#7501 = ORIENTED_EDGE('',*,*,#4945,.F.);
#7502 = ORIENTED_EDGE('',*,*,#7487,.F.);
#7503 = EDGE_LOOP('',(#7496,#7500,#7501,#7502));
#7504 = FACE_OUTER_BOUND('',#7503,.T.);
#7505 = AXIS2_PLACEMENT_3D('',#16,#7354,#7301);
#7506 = PLANE('',#7505);
#7507 = ADVANCED_FACE('',(#7504),#7506,.T.);
#7508 = ORIENTED_EDGE('',*,*,#4806,.F.);
#7509 = VECTOR('',#7301,1.);
#7510 = LINE('',#18,#7509);
#7511 = EDGE_CURVE('',#1226,#1830,#7510,.T.);
#7512 = ORIENTED_EDGE('',*,*,#7511,.T.);
#7513 = ORIENTED_EDGE('',*,*,#4949,.F.);
#7514 = ORIENTED_EDGE('',*,*,#7499,.F.);
#7515 = EDGE_LOOP('',(#7508,#7512,#7513,#7514));
#7516 = FACE_OUTER_BOUND('',#7515,.T.);
#7517 = AXIS2_PLACEMENT_3D('',#17,#7367,#7301);
#7518 = PLANE('',#7517);
#7519 = ADVANCED_FACE('',(#7516),#7518,.T.);
#7520 = ORIENTED_EDGE('',*,*,#4802,.F.);
#7521 = VECTOR('',#7301,1.);
#7522 = LINE('',#19,#7521);
#7523 = EDGE_CURVE('',#1227,#1831,#7522,.T.);
#7524 = ORIENTED_EDGE('',*,*,#7523,.T.);
#7525 = ORIENTED_EDGE('',*,*,#4953,.F.);
#7526 = ORIENTED_EDGE('',*,*,#7511,.F.);
#7527 = EDGE_LOOP('',(#7520,#7524,#7525,#7526));
#7528 = FACE_OUTER_BOUND('',#7527,.T.);
#7529 = AXIS2_PLACEMENT_3D('',#18,#7380,#7301);
#7530 = PLANE('',#7529);
#7531 = ADVANCED_FACE('',(#7528),#7530,.T.);
#7532 = ORIENTED_EDGE('',*,*,#4798,.F.);
#7533 = VECTOR('',#7301,1.);
#7534 = LINE('',#20,#7533);
#7535 = EDGE_CURVE('',#1228,#1832,#7534,.T.);
#7536 = ORIENTED_EDGE('',*,*,#7535,.T.);
#7537 = ORIENTED_EDGE('',*,*,#4957,.F.);
#7538 = ORIENTED_EDGE('',*,*,#7523,.F.);
#7539 = EDGE_LOOP('',(#7532,#7536,#7537,#7538));
#7540 = FACE_OUTER_BOUND('',#7539,.T.);
#7541 = AXIS2_PLACEMENT_3D('',#19,#3067,#7301);
#7542 = PLANE('',#7541);
#7543 = ADVANCED_FACE('',(#7540),#7542,.T.);
#7544 = ORIENTED_EDGE('',*,*,#4794,.F.);
#7545 = VECTOR('',#7301,1.);
#7546 = LINE('',#21,#7545);
#7547 = EDGE_CURVE('',#1229,#1833,#7546,.T.);
#7548 = ORIENTED_EDGE('',*,*,#7547,.T.);
#7549 = ORIENTED_EDGE('',*,*,#4961,.F.);
#7550 = ORIENTED_EDGE('',*,*,#7535,.F.);
#7551 = EDGE_LOOP('',(#7544,#7548,#7549,#7550));
#7552 = FACE_OUTER_BOUND('',#7551,.T.);
#7553 = AXIS2_PLACEMENT_3D('',#20,#7405,#7301);
#7554 = PLANE('',#7553);
#7555 = ADVANCED_FACE('',(#7552),#7554,.T.);
#7556 = ORIENTED_EDGE('',*,*,#4790,.F.);
#7557 = VECTOR('',#7301,1.);
#7558 = LINE('',#22,#7557);
#7559 = EDGE_CURVE('',#1230,#1834,#7558,.T.);
#7560 = ORIENTED_EDGE('',*,*,#7559,.T.);
#7561 = ORIENTED_EDGE('',*,*,#4965,.F.);
#7562 = ORIENTED_EDGE('',*,*,#7547,.F.);
#7563 = EDGE_LOOP('',(#7556,#7560,#7561,#7562));
#7564 = FACE_OUTER_BOUND('',#7563,.T.);
#7565 = AXIS2_PLACEMENT_3D('',#21,#7418,#7301);
#7566 = PLANE('',#7565);
#7567 = ADVANCED_FACE('',(#7564),#7566,.T.);
#7568 = ORIENTED_EDGE('',*,*,#4786,.F.);
#7569 = VECTOR('',#7301,1.);
#7570 = LINE('',#23,#7569);
#7571 = EDGE_CURVE('',#1231,#1835,#7570,.T.);
#7572 = ORIENTED_EDGE('',*,*,#7571,.T.);
#7573 = ORIENTED_EDGE('',*,*,#4969,.F.);
#7574 = ORIENTED_EDGE('',*,*,#7559,.F.);
#7575 = EDGE_LOOP('',(#7568,#7572,#7573,#7574));
#7576 = FACE_OUTER_BOUND('',#7575,.T.);
#7577 = AXIS2_PLACEMENT_3D('',#22,#7431,#7301);
#7578 = PLANE('',#7577);
#7579 = ADVANCED_FACE('',(#7576),#7578,.T.);
#7580 = ORIENTED_EDGE('',*,*,#4782,.F.);
#7581 = VECTOR('',#7301,1.);
#7582 = LINE('',#24,#7581);
#7583 = EDGE_CURVE('',#1232,#1836,#7582,.T.);
#7584 = ORIENTED_EDGE('',*,*,#7583,.T.);
#7585 = ORIENTED_EDGE('',*,*,#4973,.F.);
#7586 = ORIENTED_EDGE('',*,*,#7571,.F.);
#7587 = EDGE_LOOP('',(#7580,#7584,#7585,#7586));
#7588 = FACE_OUTER_BOUND('',#7587,.T.);
#7589 = AXIS2_PLACEMENT_3D('',#23,#7444,#7301);
#7590 = PLANE('',#7589);
#7591 = ADVANCED_FACE('',(#7588),#7590,.T.);
#7592 = ORIENTED_EDGE('',*,*,#4778,.F.);
#7593 = VECTOR('',#7301,1.);
#7594 = LINE('',#25,#7593);
#7595 = EDGE_CURVE('',#1233,#1837,#7594,.T.);
#7596 = ORIENTED_EDGE('',*,*,#7595,.T.);
#7597 = ORIENTED_EDGE('',*,*,#4977,.F.);
#7598 = ORIENTED_EDGE('',*,*,#7583,.F.);
#7599 = EDGE_LOOP('',(#7592,#7596,#7597,#7598));
#7600 = FACE_OUTER_BOUND('',#7599,.T.);
#7601 = AXIS2_PLACEMENT_3D('',#24,#2496,#7301);
#7602 = PLANE('',#7601);
#7603 = ADVANCED_FACE('',(#7600),#7602,.T.);
#7604 = ORIENTED_EDGE('',*,*,#4774,.F.);
#7605 = VECTOR('',#7301,1.);
#7606 = LINE('',#26,#7605);
#7607 = EDGE_CURVE('',#1234,#1838,#7606,.T.);
#7608 = ORIENTED_EDGE('',*,*,#7607,.T.);
#7609 = ORIENTED_EDGE('',*,*,#4981,.F.);
#7610 = ORIENTED_EDGE('',*,*,#7595,.F.);
#7611 = EDGE_LOOP('',(#7604,#7608,#7609,#7610));
#7612 = FACE_OUTER_BOUND('',#7611,.T.);
#7613 = AXIS2_PLACEMENT_3D('',#25,#3067,#7301);
#7614 = PLANE('',#7613);
#7615 = ADVANCED_FACE('',(#7612),#7614,.T.);
#7616 = ORIENTED_EDGE('',*,*,#4770,.F.);
#7617 = VECTOR('',#7301,1.);
#7618 = LINE('',#27,#7617);
#7619 = EDGE_CURVE('',#1235,#1839,#7618,.T.);
#7620 = ORIENTED_EDGE('',*,*,#7619,.T.);
#7621 = ORIENTED_EDGE('',*,*,#4985,.F.);
#7622 = ORIENTED_EDGE('',*,*,#7607,.F.);
#7623 = EDGE_LOOP('',(#7616,#7620,#7621,#7622));
#7624 = FACE_OUTER_BOUND('',#7623,.T.);
#7625 = AXIS2_PLACEMENT_3D('',#26,#2447,#7301);
#7626 = PLANE('',#7625);
#7627 = ADVANCED_FACE('',(#7624),#7626,.T.);
#7628 = ORIENTED_EDGE('',*,*,#4766,.F.);
#7629 = VECTOR('',#7301,1.);
#7630 = LINE('',#28,#7629);
#7631 = EDGE_CURVE('',#1236,#1840,#7630,.T.);
#7632 = ORIENTED_EDGE('',*,*,#7631,.T.);
#7633 = ORIENTED_EDGE('',*,*,#4989,.F.);
#7634 = ORIENTED_EDGE('',*,*,#7619,.F.);
#7635 = EDGE_LOOP('',(#7628,#7632,#7633,#7634));
#7636 = FACE_OUTER_BOUND('',#7635,.T.);
#7637 = AXIS2_PLACEMENT_3D('',#27,#7341,#7301);
#7638 = PLANE('',#7637);
#7639 = ADVANCED_FACE('',(#7636),#7638,.T.);
#7640 = ORIENTED_EDGE('',*,*,#4762,.F.);
#7641 = VECTOR('',#7301,1.);
#7642 = LINE('',#29,#7641);
#7643 = EDGE_CURVE('',#1237,#1841,#7642,.T.);
#7644 = ORIENTED_EDGE('',*,*,#7643,.T.);
#7645 = ORIENTED_EDGE('',*,*,#4993,.F.);
#7646 = ORIENTED_EDGE('',*,*,#7631,.F.);
#7647 = EDGE_LOOP('',(#7640,#7644,#7645,#7646));
#7648 = FACE_OUTER_BOUND('',#7647,.T.);
#7649 = AXIS2_PLACEMENT_3D('',#28,#7354,#7301);
#7650 = PLANE('',#7649);
#7651 = ADVANCED_FACE('',(#7648),#7650,.T.);
#7652 = ORIENTED_EDGE('',*,*,#4758,.F.);
#7653 = VECTOR('',#7301,1.);
#7654 = LINE('',#30,#7653);
#7655 = EDGE_CURVE('',#1238,#1842,#7654,.T.);
#7656 = ORIENTED_EDGE('',*,*,#7655,.T.);
#7657 = ORIENTED_EDGE('',*,*,#4997,.F.);
#7658 = ORIENTED_EDGE('',*,*,#7643,.F.);
#7659 = EDGE_LOOP('',(#7652,#7656,#7657,#7658));
#7660 = FACE_OUTER_BOUND('',#7659,.T.);
#7661 = AXIS2_PLACEMENT_3D('',#29,#7367,#7301);
#7662 = PLANE('',#7661);
#7663 = ADVANCED_FACE('',(#7660),#7662,.T.);
#7664 = ORIENTED_EDGE('',*,*,#4754,.F.);
#7665 = VECTOR('',#7301,1.);
#7666 = LINE('',#31,#7665);
#7667 = EDGE_CURVE('',#1239,#1843,#7666,.T.);
#7668 = ORIENTED_EDGE('',*,*,#7667,.T.);
#7669 = ORIENTED_EDGE('',*,*,#5001,.F.);
#7670 = ORIENTED_EDGE('',*,*,#7655,.F.);
#7671 = EDGE_LOOP('',(#7664,#7668,#7669,#7670));
#7672 = FACE_OUTER_BOUND('',#7671,.T.);
#7673 = AXIS2_PLACEMENT_3D('',#30,#7380,#7301);
#7674 = PLANE('',#7673);
#7675 = ADVANCED_FACE('',(#7672),#7674,.T.);
#7676 = ORIENTED_EDGE('',*,*,#4750,.F.);
#7677 = VECTOR('',#7301,1.);
#7678 = LINE('',#32,#7677);
#7679 = EDGE_CURVE('',#1240,#1844,#7678,.T.);
#7680 = ORIENTED_EDGE('',*,*,#7679,.T.);
#7681 = ORIENTED_EDGE('',*,*,#5005,.F.);
#7682 = ORIENTED_EDGE('',*,*,#7667,.F.);
#7683 = EDGE_LOOP('',(#7676,#7680,#7681,#7682));
#7684 = FACE_OUTER_BOUND('',#7683,.T.);
#7685 = AXIS2_PLACEMENT_3D('',#31,#3067,#7301);
#7686 = PLANE('',#7685);
#7687 = ADVANCED_FACE('',(#7684),#7686,.T.);
#7688 = ORIENTED_EDGE('',*,*,#4746,.F.);
#7689 = VECTOR('',#7301,1.);
#7690 = LINE('',#33,#7689);
#7691 = EDGE_CURVE('',#1241,#1845,#7690,.T.);
#7692 = ORIENTED_EDGE('',*,*,#7691,.T.);
#7693 = ORIENTED_EDGE('',*,*,#5009,.F.);
#7694 = ORIENTED_EDGE('',*,*,#7679,.F.);
#7695 = EDGE_LOOP('',(#7688,#7692,#7693,#7694));
#7696 = FACE_OUTER_BOUND('',#7695,.T.);
#7697 = AXIS2_PLACEMENT_3D('',#32,#7405,#7301);
#7698 = PLANE('',#7697);
#7699 = ADVANCED_FACE('',(#7696),#7698,.T.);
#7700 = ORIENTED_EDGE('',*,*,#4742,.F.);
#7701 = VECTOR('',#7301,1.);
#7702 = LINE('',#34,#7701);
#7703 = EDGE_CURVE('',#1242,#1846,#7702,.T.);
#7704 = ORIENTED_EDGE('',*,*,#7703,.T.);
#7705 = ORIENTED_EDGE('',*,*,#5013,.F.);
#7706 = ORIENTED_EDGE('',*,*,#7691,.F.);
#7707 = EDGE_LOOP('',(#7700,#7704,#7705,#7706));
#7708 = FACE_OUTER_BOUND('',#7707,.T.);
#7709 = AXIS2_PLACEMENT_3D('',#33,#7418,#7301);
#7710 = PLANE('',#7709);
#7711 = ADVANCED_FACE('',(#7708),#7710,.T.);
#7712 = ORIENTED_EDGE('',*,*,#4738,.F.);
#7713 = VECTOR('',#7301,1.);
#7714 = LINE('',#35,#7713);
#7715 = EDGE_CURVE('',#1243,#1847,#7714,.T.);
#7716 = ORIENTED_EDGE('',*,*,#7715,.T.);
#7717 = ORIENTED_EDGE('',*,*,#5017,.F.);
#7718 = ORIENTED_EDGE('',*,*,#7703,.F.);
#7719 = EDGE_LOOP('',(#7712,#7716,#7717,#7718));
#7720 = FACE_OUTER_BOUND('',#7719,.T.);
#7721 = AXIS2_PLACEMENT_3D('',#34,#7431,#7301);
#7722 = PLANE('',#7721);
#7723 = ADVANCED_FACE('',(#7720),#7722,.T.);
#7724 = ORIENTED_EDGE('',*,*,#4734,.F.);
#7725 = VECTOR('',#7301,1.);
#7726 = LINE('',#36,#7725);
#7727 = EDGE_CURVE('',#1244,#1848,#7726,.T.);
#7728 = ORIENTED_EDGE('',*,*,#7727,.T.);
#7729 = ORIENTED_EDGE('',*,*,#5021,.F.);
#7730 = ORIENTED_EDGE('',*,*,#7715,.F.);
#7731 = EDGE_LOOP('',(#7724,#7728,#7729,#7730));
#7732 = FACE_OUTER_BOUND('',#7731,.T.);
#7733 = AXIS2_PLACEMENT_3D('',#35,#7444,#7301);
#7734 = PLANE('',#7733);
#7735 = ADVANCED_FACE('',(#7732),#7734,.T.);
#7736 = ORIENTED_EDGE('',*,*,#4730,.F.);
#7737 = VECTOR('',#7301,1.);
#7738 = LINE('',#37,#7737);
#7739 = EDGE_CURVE('',#1245,#1849,#7738,.T.);
#7740 = ORIENTED_EDGE('',*,*,#7739,.T.);
#7741 = ORIENTED_EDGE('',*,*,#5025,.F.);
#7742 = ORIENTED_EDGE('',*,*,#7727,.F.);
#7743 = EDGE_LOOP('',(#7736,#7740,#7741,#7742));
#7744 = FACE_OUTER_BOUND('',#7743,.T.);
#7745 = AXIS2_PLACEMENT_3D('',#36,#2496,#7301);
#7746 = PLANE('',#7745);
#7747 = ADVANCED_FACE('',(#7744),#7746,.T.);
#7748 = ORIENTED_EDGE('',*,*,#4726,.F.);
#7749 = VECTOR('',#7301,1.);
#7750 = LINE('',#38,#7749);
#7751 = EDGE_CURVE('',#1246,#1850,#7750,.T.);
#7752 = ORIENTED_EDGE('',*,*,#7751,.T.);
#7753 = ORIENTED_EDGE('',*,*,#5029,.F.);
#7754 = ORIENTED_EDGE('',*,*,#7739,.F.);
#7755 = EDGE_LOOP('',(#7748,#7752,#7753,#7754));
#7756 = FACE_OUTER_BOUND('',#7755,.T.);
#7757 = AXIS2_PLACEMENT_3D('',#37,#3067,#7301);
#7758 = PLANE('',#7757);
#7759 = ADVANCED_FACE('',(#7756),#7758,.T.);
#7760 = ORIENTED_EDGE('',*,*,#4722,.F.);
#7761 = VECTOR('',#7301,1.);
#7762 = LINE('',#39,#7761);
#7763 = EDGE_CURVE('',#1247,#1851,#7762,.T.);
#7764 = ORIENTED_EDGE('',*,*,#7763,.T.);
#7765 = ORIENTED_EDGE('',*,*,#5033,.F.);
#7766 = ORIENTED_EDGE('',*,*,#7751,.F.);
#7767 = EDGE_LOOP('',(#7760,#7764,#7765,#7766));
#7768 = FACE_OUTER_BOUND('',#7767,.T.);
#7769 = AXIS2_PLACEMENT_3D('',#38,#2447,#7301);
#7770 = PLANE('',#7769);
#7771 = ADVANCED_FACE('',(#7768),#7770,.T.);
#7772 = ORIENTED_EDGE('',*,*,#4718,.F.);
#7773 = VECTOR('',#7301,1.);
#7774 = LINE('',#40,#7773);
#7775 = EDGE_CURVE('',#1248,#1852,#7774,.T.);
#7776 = ORIENTED_EDGE('',*,*,#7775,.T.);
#7777 = ORIENTED_EDGE('',*,*,#5037,.F.);
#7778 = ORIENTED_EDGE('',*,*,#7763,.F.);
#7779 = EDGE_LOOP('',(#7772,#7776,#7777,#7778));
#7780 = FACE_OUTER_BOUND('',#7779,.T.);
#7781 = AXIS2_PLACEMENT_3D('',#39,#7341,#7301);
#7782 = PLANE('',#7781);
#7783 = ADVANCED_FACE('',(#7780),#7782,.T.);
#7784 = ORIENTED_EDGE('',*,*,#4714,.F.);
#7785 = VECTOR('',#7301,1.);
#7786 = LINE('',#41,#7785);
#7787 = EDGE_CURVE('',#1249,#1853,#7786,.T.);
#7788 = ORIENTED_EDGE('',*,*,#7787,.T.);
#7789 = ORIENTED_EDGE('',*,*,#5041,.F.);
#7790 = ORIENTED_EDGE('',*,*,#7775,.F.);
#7791 = EDGE_LOOP('',(#7784,#7788,#7789,#7790));
#7792 = FACE_OUTER_BOUND('',#7791,.T.);
#7793 = AXIS2_PLACEMENT_3D('',#40,#7354,#7301);
#7794 = PLANE('',#7793);
#7795 = ADVANCED_FACE('',(#7792),#7794,.T.);
#7796 = ORIENTED_EDGE('',*,*,#4710,.F.);
#7797 = VECTOR('',#7301,1.);
#7798 = LINE('',#42,#7797);
#7799 = EDGE_CURVE('',#1250,#1854,#7798,.T.);
#7800 = ORIENTED_EDGE('',*,*,#7799,.T.);
#7801 = ORIENTED_EDGE('',*,*,#5045,.F.);
#7802 = ORIENTED_EDGE('',*,*,#7787,.F.);
#7803 = EDGE_LOOP('',(#7796,#7800,#7801,#7802));
#7804 = FACE_OUTER_BOUND('',#7803,.T.);
#7805 = AXIS2_PLACEMENT_3D('',#41,#7367,#7301);
#7806 = PLANE('',#7805);
#7807 = ADVANCED_FACE('',(#7804),#7806,.T.);
#7808 = ORIENTED_EDGE('',*,*,#4706,.F.);
#7809 = VECTOR('',#7301,1.);
#7810 = LINE('',#43,#7809);
#7811 = EDGE_CURVE('',#1251,#1855,#7810,.T.);
#7812 = ORIENTED_EDGE('',*,*,#7811,.T.);
#7813 = ORIENTED_EDGE('',*,*,#5049,.F.);
#7814 = ORIENTED_EDGE('',*,*,#7799,.F.);
#7815 = EDGE_LOOP('',(#7808,#7812,#7813,#7814));
#7816 = FACE_OUTER_BOUND('',#7815,.T.);
#7817 = AXIS2_PLACEMENT_3D('',#42,#7380,#7301);
#7818 = PLANE('',#7817);
#7819 = ADVANCED_FACE('',(#7816),#7818,.T.);
#7820 = ORIENTED_EDGE('',*,*,#4702,.F.);
#7821 = VECTOR('',#7301,1.);
#7822 = LINE('',#44,#7821);
#7823 = EDGE_CURVE('',#1252,#1856,#7822,.T.);
#7824 = ORIENTED_EDGE('',*,*,#7823,.T.);
#7825 = ORIENTED_EDGE('',*,*,#5053,.F.);
#7826 = ORIENTED_EDGE('',*,*,#7811,.F.);
#7827 = EDGE_LOOP('',(#7820,#7824,#7825,#7826));
#7828 = FACE_OUTER_BOUND('',#7827,.T.);
#7829 = AXIS2_PLACEMENT_3D('',#43,#3067,#7301);
#7830 = PLANE('',#7829);
#7831 = ADVANCED_FACE('',(#7828),#7830,.T.);
#7832 = ORIENTED_EDGE('',*,*,#4698,.F.);
#7833 = VECTOR('',#7301,1.);
#7834 = LINE('',#45,#7833);
#7835 = EDGE_CURVE('',#1253,#1857,#7834,.T.);
#7836 = ORIENTED_EDGE('',*,*,#7835,.T.);
#7837 = ORIENTED_EDGE('',*,*,#5057,.F.);
#7838 = ORIENTED_EDGE('',*,*,#7823,.F.);
#7839 = EDGE_LOOP('',(#7832,#7836,#7837,#7838));
#7840 = FACE_OUTER_BOUND('',#7839,.T.);
#7841 = AXIS2_PLACEMENT_3D('',#44,#7405,#7301);
#7842 = PLANE('',#7841);
#7843 = ADVANCED_FACE('',(#7840),#7842,.T.);
#7844 = ORIENTED_EDGE('',*,*,#4694,.F.);
#7845 = VECTOR('',#7301,1.);
#7846 = LINE('',#46,#7845);
#7847 = EDGE_CURVE('',#1254,#1858,#7846,.T.);
#7848 = ORIENTED_EDGE('',*,*,#7847,.T.);
#7849 = ORIENTED_EDGE('',*,*,#5061,.F.);
#7850 = ORIENTED_EDGE('',*,*,#7835,.F.);
#7851 = EDGE_LOOP('',(#7844,#7848,#7849,#7850));
#7852 = FACE_OUTER_BOUND('',#7851,.T.);
#7853 = AXIS2_PLACEMENT_3D('',#45,#7418,#7301);
#7854 = PLANE('',#7853);
#7855 = ADVANCED_FACE('',(#7852),#7854,.T.);
#7856 = ORIENTED_EDGE('',*,*,#4690,.F.);
#7857 = VECTOR('',#7301,1.);
#7858 = LINE('',#47,#7857);
#7859 = EDGE_CURVE('',#1255,#1859,#7858,.T.);
#7860 = ORIENTED_EDGE('',*,*,#7859,.T.);
#7861 = ORIENTED_EDGE('',*,*,#5065,.F.);
#7862 = ORIENTED_EDGE('',*,*,#7847,.F.);
#7863 = EDGE_LOOP('',(#7856,#7860,#7861,#7862));
#7864 = FACE_OUTER_BOUND('',#7863,.T.);
#7865 = AXIS2_PLACEMENT_3D('',#46,#7431,#7301);
#7866 = PLANE('',#7865);
#7867 = ADVANCED_FACE('',(#7864),#7866,.T.);
#7868 = ORIENTED_EDGE('',*,*,#4686,.F.);
#7869 = VECTOR('',#7301,1.);
#7870 = LINE('',#48,#7869);
#7871 = EDGE_CURVE('',#1256,#1860,#7870,.T.);
#7872 = ORIENTED_EDGE('',*,*,#7871,.T.);
#7873 = ORIENTED_EDGE('',*,*,#5069,.F.);
#7874 = ORIENTED_EDGE('',*,*,#7859,.F.);
#7875 = EDGE_LOOP('',(#7868,#7872,#7873,#7874));
#7876 = FACE_OUTER_BOUND('',#7875,.T.);
#7877 = AXIS2_PLACEMENT_3D('',#47,#7444,#7301);
#7878 = PLANE('',#7877);
#7879 = ADVANCED_FACE('',(#7876),#7878,.T.);
#7880 = ORIENTED_EDGE('',*,*,#4682,.F.);
#7881 = VECTOR('',#7301,1.);
#7882 = LINE('',#49,#7881);
#7883 = EDGE_CURVE('',#1257,#1861,#7882,.T.);
#7884 = ORIENTED_EDGE('',*,*,#7883,.T.);
#7885 = ORIENTED_EDGE('',*,*,#5073,.F.);
#7886 = ORIENTED_EDGE('',*,*,#7871,.F.);
#7887 = EDGE_LOOP('',(#7880,#7884,#7885,#7886));
#7888 = FACE_OUTER_BOUND('',#7887,.T.);
#7889 = AXIS2_PLACEMENT_3D('',#48,#2496,#7301);
#7890 = PLANE('',#7889);
#7891 = ADVANCED_FACE('',(#7888),#7890,.T.);
#7892 = ORIENTED_EDGE('',*,*,#4678,.F.);
#7893 = VECTOR('',#7301,1.);
#7894 = LINE('',#50,#7893);
#7895 = EDGE_CURVE('',#1258,#1862,#7894,.T.);
#7896 = ORIENTED_EDGE('',*,*,#7895,.T.);
#7897 = ORIENTED_EDGE('',*,*,#5077,.F.);
#7898 = ORIENTED_EDGE('',*,*,#7883,.F.);
#7899 = EDGE_LOOP('',(#7892,#7896,#7897,#7898));
#7900 = FACE_OUTER_BOUND('',#7899,.T.);
#7901 = AXIS2_PLACEMENT_3D('',#49,#3067,#7301);
#7902 = PLANE('',#7901);
#7903 = ADVANCED_FACE('',(#7900),#7902,.T.);
#7904 = ORIENTED_EDGE('',*,*,#4674,.F.);
#7905 = VECTOR('',#7301,1.);
#7906 = LINE('',#51,#7905);
#7907 = EDGE_CURVE('',#1259,#1863,#7906,.T.);
#7908 = ORIENTED_EDGE('',*,*,#7907,.T.);
#7909 = ORIENTED_EDGE('',*,*,#5081,.F.);
#7910 = ORIENTED_EDGE('',*,*,#7895,.F.);
#7911 = EDGE_LOOP('',(#7904,#7908,#7909,#7910));
#7912 = FACE_OUTER_BOUND('',#7911,.T.);
#7913 = AXIS2_PLACEMENT_3D('',#50,#2447,#7301);
#7914 = PLANE('',#7913);
#7915 = ADVANCED_FACE('',(#7912),#7914,.T.);
#7916 = ORIENTED_EDGE('',*,*,#4670,.F.);
#7917 = VECTOR('',#7301,1.);
#7918 = LINE('',#52,#7917);
#7919 = EDGE_CURVE('',#1260,#1864,#7918,.T.);
#7920 = ORIENTED_EDGE('',*,*,#7919,.T.);
#7921 = ORIENTED_EDGE('',*,*,#5085,.F.);
#7922 = ORIENTED_EDGE('',*,*,#7907,.F.);
#7923 = EDGE_LOOP('',(#7916,#7920,#7921,#7922));
#7924 = FACE_OUTER_BOUND('',#7923,.T.);
#7925 = AXIS2_PLACEMENT_3D('',#51,#7341,#7301);
#7926 = PLANE('',#7925);
#7927 = ADVANCED_FACE('',(#7924),#7926,.T.);
#7928 = ORIENTED_EDGE('',*,*,#4666,.F.);
#7929 = VECTOR('',#7301,1.);
#7930 = LINE('',#53,#7929);
#7931 = EDGE_CURVE('',#1261,#1865,#7930,.T.);
#7932 = ORIENTED_EDGE('',*,*,#7931,.T.);
#7933 = ORIENTED_EDGE('',*,*,#5089,.F.);
#7934 = ORIENTED_EDGE('',*,*,#7919,.F.);
#7935 = EDGE_LOOP('',(#7928,#7932,#7933,#7934));
#7936 = FACE_OUTER_BOUND('',#7935,.T.);
#7937 = AXIS2_PLACEMENT_3D('',#52,#7354,#7301);
#7938 = PLANE('',#7937);
#7939 = ADVANCED_FACE('',(#7936),#7938,.T.);
#7940 = ORIENTED_EDGE('',*,*,#4662,.F.);
#7941 = VECTOR('',#7301,1.);
#7942 = LINE('',#54,#7941);
#7943 = EDGE_CURVE('',#1262,#1866,#7942,.T.);
#7944 = ORIENTED_EDGE('',*,*,#7943,.T.);
#7945 = ORIENTED_EDGE('',*,*,#5093,.F.);
#7946 = ORIENTED_EDGE('',*,*,#7931,.F.);
#7947 = EDGE_LOOP('',(#7940,#7944,#7945,#7946));
#7948 = FACE_OUTER_BOUND('',#7947,.T.);
#7949 = AXIS2_PLACEMENT_3D('',#53,#7367,#7301);
#7950 = PLANE('',#7949);
#7951 = ADVANCED_FACE('',(#7948),#7950,.T.);
#7952 = ORIENTED_EDGE('',*,*,#4658,.F.);
#7953 = VECTOR('',#7301,1.);
#7954 = LINE('',#55,#7953);
#7955 = EDGE_CURVE('',#1263,#1867,#7954,.T.);
#7956 = ORIENTED_EDGE('',*,*,#7955,.T.);
#7957 = ORIENTED_EDGE('',*,*,#5097,.F.);
#7958 = ORIENTED_EDGE('',*,*,#7943,.F.);
#7959 = EDGE_LOOP('',(#7952,#7956,#7957,#7958));
#7960 = FACE_OUTER_BOUND('',#7959,.T.);
#7961 = AXIS2_PLACEMENT_3D('',#54,#7380,#7301);
#7962 = PLANE('',#7961);
#7963 = ADVANCED_FACE('',(#7960),#7962,.T.);
#7964 = ORIENTED_EDGE('',*,*,#4654,.F.);
#7965 = VECTOR('',#7301,1.);
#7966 = LINE('',#56,#7965);
#7967 = EDGE_CURVE('',#1264,#1868,#7966,.T.);
#7968 = ORIENTED_EDGE('',*,*,#7967,.T.);
#7969 = ORIENTED_EDGE('',*,*,#5101,.F.);
#7970 = ORIENTED_EDGE('',*,*,#7955,.F.);
#7971 = EDGE_LOOP('',(#7964,#7968,#7969,#7970));
#7972 = FACE_OUTER_BOUND('',#7971,.T.);
#7973 = AXIS2_PLACEMENT_3D('',#55,#3067,#7301);
#7974 = PLANE('',#7973);
#7975 = ADVANCED_FACE('',(#7972),#7974,.T.);
#7976 = ORIENTED_EDGE('',*,*,#4650,.F.);
#7977 = VECTOR('',#7301,1.);
#7978 = LINE('',#57,#7977);
#7979 = EDGE_CURVE('',#1265,#1869,#7978,.T.);
#7980 = ORIENTED_EDGE('',*,*,#7979,.T.);
#7981 = ORIENTED_EDGE('',*,*,#5105,.F.);
#7982 = ORIENTED_EDGE('',*,*,#7967,.F.);
#7983 = EDGE_LOOP('',(#7976,#7980,#7981,#7982));
#7984 = FACE_OUTER_BOUND('',#7983,.T.);
#7985 = AXIS2_PLACEMENT_3D('',#56,#7405,#7301);
#7986 = PLANE('',#7985);
#7987 = ADVANCED_FACE('',(#7984),#7986,.T.);
#7988 = ORIENTED_EDGE('',*,*,#4646,.F.);
#7989 = VECTOR('',#7301,1.);
#7990 = LINE('',#58,#7989);
#7991 = EDGE_CURVE('',#1266,#1870,#7990,.T.);
#7992 = ORIENTED_EDGE('',*,*,#7991,.T.);
#7993 = ORIENTED_EDGE('',*,*,#5109,.F.);
#7994 = ORIENTED_EDGE('',*,*,#7979,.F.);
#7995 = EDGE_LOOP('',(#7988,#7992,#7993,#7994));
#7996 = FACE_OUTER_BOUND('',#7995,.T.);
#7997 = AXIS2_PLACEMENT_3D('',#57,#7418,#7301);
#7998 = PLANE('',#7997);
#7999 = ADVANCED_FACE('',(#7996),#7998,.T.);
#8000 = ORIENTED_EDGE('',*,*,#4642,.F.);
#8001 = VECTOR('',#7301,1.);
#8002 = LINE('',#59,#8001);
#8003 = EDGE_CURVE('',#1267,#1871,#8002,.T.);
#8004 = ORIENTED_EDGE('',*,*,#8003,.T.);
#8005 = ORIENTED_EDGE('',*,*,#5113,.F.);
#8006 = ORIENTED_EDGE('',*,*,#7991,.F.);
#8007 = EDGE_LOOP('',(#8000,#8004,#8005,#8006));
#8008 = FACE_OUTER_BOUND('',#8007,.T.);
#8009 = AXIS2_PLACEMENT_3D('',#58,#7431,#7301);
#8010 = PLANE('',#8009);
#8011 = ADVANCED_FACE('',(#8008),#8010,.T.);
#8012 = ORIENTED_EDGE('',*,*,#4638,.F.);
#8013 = VECTOR('',#7301,1.);
#8014 = LINE('',#60,#8013);
#8015 = EDGE_CURVE('',#1268,#1872,#8014,.T.);
#8016 = ORIENTED_EDGE('',*,*,#8015,.T.);
#8017 = ORIENTED_EDGE('',*,*,#5117,.F.);
#8018 = ORIENTED_EDGE('',*,*,#8003,.F.);
#8019 = EDGE_LOOP('',(#8012,#8016,#8017,#8018));
#8020 = FACE_OUTER_BOUND('',#8019,.T.);
#8021 = AXIS2_PLACEMENT_3D('',#59,#7444,#7301);
#8022 = PLANE('',#8021);
#8023 = ADVANCED_FACE('',(#8020),#8022,.T.);
#8024 = ORIENTED_EDGE('',*,*,#4634,.F.);
#8025 = VECTOR('',#7301,1.);
#8026 = LINE('',#61,#8025);
#8027 = EDGE_CURVE('',#1269,#1873,#8026,.T.);
#8028 = ORIENTED_EDGE('',*,*,#8027,.T.);
#8029 = ORIENTED_EDGE('',*,*,#5121,.F.);
#8030 = ORIENTED_EDGE('',*,*,#8015,.F.);
#8031 = EDGE_LOOP('',(#8024,#8028,#8029,#8030));
#8032 = FACE_OUTER_BOUND('',#8031,.T.);
#8033 = AXIS2_PLACEMENT_3D('',#60,#2496,#7301);
#8034 = PLANE('',#8033);
#8035 = ADVANCED_FACE('',(#8032),#8034,.T.);
#8036 = ORIENTED_EDGE('',*,*,#4630,.F.);
#8037 = VECTOR('',#7301,1.);
#8038 = LINE('',#62,#8037);
#8039 = EDGE_CURVE('',#1270,#1874,#8038,.T.);
#8040 = ORIENTED_EDGE('',*,*,#8039,.T.);
#8041 = ORIENTED_EDGE('',*,*,#5125,.F.);
#8042 = ORIENTED_EDGE('',*,*,#8027,.F.);
#8043 = EDGE_LOOP('',(#8036,#8040,#8041,#8042));
#8044 = FACE_OUTER_BOUND('',#8043,.T.);
#8045 = AXIS2_PLACEMENT_3D('',#61,#3067,#7301);
#8046 = PLANE('',#8045);
#8047 = ADVANCED_FACE('',(#8044),#8046,.T.);
#8048 = ORIENTED_EDGE('',*,*,#4626,.F.);
#8049 = VECTOR('',#7301,1.);
#8050 = LINE('',#63,#8049);
#8051 = EDGE_CURVE('',#1271,#1875,#8050,.T.);
#8052 = ORIENTED_EDGE('',*,*,#8051,.T.);
#8053 = ORIENTED_EDGE('',*,*,#5129,.F.);
#8054 = ORIENTED_EDGE('',*,*,#8039,.F.);
#8055 = EDGE_LOOP('',(#8048,#8052,#8053,#8054));
#8056 = FACE_OUTER_BOUND('',#8055,.T.);
#8057 = AXIS2_PLACEMENT_3D('',#62,#2447,#7301);
#8058 = PLANE('',#8057);
#8059 = ADVANCED_FACE('',(#8056),#8058,.T.);
#8060 = ORIENTED_EDGE('',*,*,#4622,.F.);
#8061 = VECTOR('',#7301,1.);
#8062 = LINE('',#64,#8061);
#8063 = EDGE_CURVE('',#1272,#1876,#8062,.T.);
#8064 = ORIENTED_EDGE('',*,*,#8063,.T.);
#8065 = ORIENTED_EDGE('',*,*,#5133,.F.);
#8066 = ORIENTED_EDGE('',*,*,#8051,.F.);
#8067 = EDGE_LOOP('',(#8060,#8064,#8065,#8066));
#8068 = FACE_OUTER_BOUND('',#8067,.T.);
#8069 = AXIS2_PLACEMENT_3D('',#63,#7341,#7301);
#8070 = PLANE('',#8069);
#8071 = ADVANCED_FACE('',(#8068),#8070,.T.);
#8072 = ORIENTED_EDGE('',*,*,#4618,.F.);
#8073 = VECTOR('',#7301,1.);
#8074 = LINE('',#65,#8073);
#8075 = EDGE_CURVE('',#1273,#1877,#8074,.T.);
#8076 = ORIENTED_EDGE('',*,*,#8075,.T.);
#8077 = ORIENTED_EDGE('',*,*,#5137,.F.);
#8078 = ORIENTED_EDGE('',*,*,#8063,.F.);
#8079 = EDGE_LOOP('',(#8072,#8076,#8077,#8078));
#8080 = FACE_OUTER_BOUND('',#8079,.T.);
#8081 = AXIS2_PLACEMENT_3D('',#64,#7354,#7301);
#8082 = PLANE('',#8081);
#8083 = ADVANCED_FACE('',(#8080),#8082,.T.);
#8084 = ORIENTED_EDGE('',*,*,#4614,.F.);
#8085 = VECTOR('',#7301,1.);
#8086 = LINE('',#66,#8085);
#8087 = EDGE_CURVE('',#1274,#1878,#8086,.T.);
#8088 = ORIENTED_EDGE('',*,*,#8087,.T.);
#8089 = ORIENTED_EDGE('',*,*,#5141,.F.);
#8090 = ORIENTED_EDGE('',*,*,#8075,.F.);
#8091 = EDGE_LOOP('',(#8084,#8088,#8089,#8090));
#8092 = FACE_OUTER_BOUND('',#8091,.T.);
#8093 = AXIS2_PLACEMENT_3D('',#65,#7367,#7301);
#8094 = PLANE('',#8093);
#8095 = ADVANCED_FACE('',(#8092),#8094,.T.);
#8096 = ORIENTED_EDGE('',*,*,#4610,.F.);
#8097 = VECTOR('',#7301,1.);
#8098 = LINE('',#67,#8097);
#8099 = EDGE_CURVE('',#1275,#1879,#8098,.T.);
#8100 = ORIENTED_EDGE('',*,*,#8099,.T.);
#8101 = ORIENTED_EDGE('',*,*,#5145,.F.);
#8102 = ORIENTED_EDGE('',*,*,#8087,.F.);
#8103 = EDGE_LOOP('',(#8096,#8100,#8101,#8102));
#8104 = FACE_OUTER_BOUND('',#8103,.T.);
#8105 = AXIS2_PLACEMENT_3D('',#66,#7380,#7301);
#8106 = PLANE('',#8105);
#8107 = ADVANCED_FACE('',(#8104),#8106,.T.);
#8108 = ORIENTED_EDGE('',*,*,#4606,.F.);
#8109 = VECTOR('',#7301,1.);
#8110 = LINE('',#68,#8109);
#8111 = EDGE_CURVE('',#1276,#1880,#8110,.T.);
#8112 = ORIENTED_EDGE('',*,*,#8111,.T.);
#8113 = ORIENTED_EDGE('',*,*,#5149,.F.);
#8114 = ORIENTED_EDGE('',*,*,#8099,.F.);
#8115 = EDGE_LOOP('',(#8108,#8112,#8113,#8114));
#8116 = FACE_OUTER_BOUND('',#8115,.T.);
#8117 = AXIS2_PLACEMENT_3D('',#67,#3067,#7301);
#8118 = PLANE('',#8117);
#8119 = ADVANCED_FACE('',(#8116),#8118,.T.);
#8120 = ORIENTED_EDGE('',*,*,#4602,.F.);
#8121 = VECTOR('',#7301,1.);
#8122 = LINE('',#69,#8121);
#8123 = EDGE_CURVE('',#1277,#1881,#8122,.T.);
#8124 = ORIENTED_EDGE('',*,*,#8123,.T.);
#8125 = ORIENTED_EDGE('',*,*,#5153,.F.);
#8126 = ORIENTED_EDGE('',*,*,#8111,.F.);
#8127 = EDGE_LOOP('',(#8120,#8124,#8125,#8126));
#8128 = FACE_OUTER_BOUND('',#8127,.T.);
#8129 = AXIS2_PLACEMENT_3D('',#68,#7405,#7301);
#8130 = PLANE('',#8129);
#8131 = ADVANCED_FACE('',(#8128),#8130,.T.);
#8132 = ORIENTED_EDGE('',*,*,#4598,.F.);
#8133 = VECTOR('',#7301,1.);
#8134 = LINE('',#70,#8133);
#8135 = EDGE_CURVE('',#1278,#1882,#8134,.T.);
#8136 = ORIENTED_EDGE('',*,*,#8135,.T.);
#8137 = ORIENTED_EDGE('',*,*,#5157,.F.);
#8138 = ORIENTED_EDGE('',*,*,#8123,.F.);
#8139 = EDGE_LOOP('',(#8132,#8136,#8137,#8138));
#8140 = FACE_OUTER_BOUND('',#8139,.T.);
#8141 = AXIS2_PLACEMENT_3D('',#69,#7418,#7301);
#8142 = PLANE('',#8141);
#8143 = ADVANCED_FACE('',(#8140),#8142,.T.);
#8144 = ORIENTED_EDGE('',*,*,#4594,.F.);
#8145 = VECTOR('',#7301,1.);
#8146 = LINE('',#71,#8145);
#8147 = EDGE_CURVE('',#1279,#1883,#8146,.T.);
#8148 = ORIENTED_EDGE('',*,*,#8147,.T.);
#8149 = ORIENTED_EDGE('',*,*,#5161,.F.);
#8150 = ORIENTED_EDGE('',*,*,#8135,.F.);
#8151 = EDGE_LOOP('',(#8144,#8148,#8149,#8150));
#8152 = FACE_OUTER_BOUND('',#8151,.T.);
#8153 = AXIS2_PLACEMENT_3D('',#70,#7431,#7301);
#8154 = PLANE('',#8153);
#8155 = ADVANCED_FACE('',(#8152),#8154,.T.);
#8156 = ORIENTED_EDGE('',*,*,#4590,.F.);
#8157 = VECTOR('',#7301,1.);
#8158 = LINE('',#72,#8157);
#8159 = EDGE_CURVE('',#1280,#1884,#8158,.T.);
#8160 = ORIENTED_EDGE('',*,*,#8159,.T.);
#8161 = ORIENTED_EDGE('',*,*,#5165,.F.);
#8162 = ORIENTED_EDGE('',*,*,#8147,.F.);
#8163 = EDGE_LOOP('',(#8156,#8160,#8161,#8162));
#8164 = FACE_OUTER_BOUND('',#8163,.T.);
#8165 = AXIS2_PLACEMENT_3D('',#71,#7444,#7301);
#8166 = PLANE('',#8165);
#8167 = ADVANCED_FACE('',(#8164),#8166,.T.);
#8168 = ORIENTED_EDGE('',*,*,#4586,.F.);
#8169 = VECTOR('',#7301,1.);
#8170 = LINE('',#73,#8169);
#8171 = EDGE_CURVE('',#1281,#1885,#8170,.T.);
#8172 = ORIENTED_EDGE('',*,*,#8171,.T.);
#8173 = ORIENTED_EDGE('',*,*,#5169,.F.);
#8174 = ORIENTED_EDGE('',*,*,#8159,.F.);
#8175 = EDGE_LOOP('',(#8168,#8172,#8173,#8174));
#8176 = FACE_OUTER_BOUND('',#8175,.T.);
#8177 = AXIS2_PLACEMENT_3D('',#72,#2496,#7301);
#8178 = PLANE('',#8177);
#8179 = ADVANCED_FACE('',(#8176),#8178,.T.);
#8180 = ORIENTED_EDGE('',*,*,#4582,.F.);
#8181 = VECTOR('',#7301,1.);
#8182 = LINE('',#74,#8181);
#8183 = EDGE_CURVE('',#1282,#1886,#8182,.T.);
#8184 = ORIENTED_EDGE('',*,*,#8183,.T.);
#8185 = ORIENTED_EDGE('',*,*,#5173,.F.);
#8186 = ORIENTED_EDGE('',*,*,#8171,.F.);
#8187 = EDGE_LOOP('',(#8180,#8184,#8185,#8186));
#8188 = FACE_OUTER_BOUND('',#8187,.T.);
#8189 = AXIS2_PLACEMENT_3D('',#73,#3067,#7301);
#8190 = PLANE('',#8189);
#8191 = ADVANCED_FACE('',(#8188),#8190,.T.);
#8192 = ORIENTED_EDGE('',*,*,#4578,.F.);
#8193 = VECTOR('',#7301,1.);
#8194 = LINE('',#75,#8193);
#8195 = EDGE_CURVE('',#1283,#1887,#8194,.T.);
#8196 = ORIENTED_EDGE('',*,*,#8195,.T.);
#8197 = ORIENTED_EDGE('',*,*,#5177,.F.);
#8198 = ORIENTED_EDGE('',*,*,#8183,.F.);
#8199 = EDGE_LOOP('',(#8192,#8196,#8197,#8198));
#8200 = FACE_OUTER_BOUND('',#8199,.T.);
#8201 = AXIS2_PLACEMENT_3D('',#74,#2447,#7301);
#8202 = PLANE('',#8201);
#8203 = ADVANCED_FACE('',(#8200),#8202,.T.);
#8204 = ORIENTED_EDGE('',*,*,#4574,.F.);
#8205 = VECTOR('',#7301,1.);
#8206 = LINE('',#76,#8205);
#8207 = EDGE_CURVE('',#1284,#1888,#8206,.T.);
#8208 = ORIENTED_EDGE('',*,*,#8207,.T.);
#8209 = ORIENTED_EDGE('',*,*,#5181,.F.);
#8210 = ORIENTED_EDGE('',*,*,#8195,.F.);
#8211 = EDGE_LOOP('',(#8204,#8208,#8209,#8210));
#8212 = FACE_OUTER_BOUND('',#8211,.T.);
#8213 = AXIS2_PLACEMENT_3D('',#75,#7341,#7301);
#8214 = PLANE('',#8213);
#8215 = ADVANCED_FACE('',(#8212),#8214,.T.);
#8216 = ORIENTED_EDGE('',*,*,#4570,.F.);
#8217 = VECTOR('',#7301,1.);
#8218 = LINE('',#77,#8217);
#8219 = EDGE_CURVE('',#1285,#1889,#8218,.T.);
#8220 = ORIENTED_EDGE('',*,*,#8219,.T.);
#8221 = ORIENTED_EDGE('',*,*,#5185,.F.);
#8222 = ORIENTED_EDGE('',*,*,#8207,.F.);
#8223 = EDGE_LOOP('',(#8216,#8220,#8221,#8222));
#8224 = FACE_OUTER_BOUND('',#8223,.T.);
#8225 = AXIS2_PLACEMENT_3D('',#76,#7354,#7301);
#8226 = PLANE('',#8225);
#8227 = ADVANCED_FACE('',(#8224),#8226,.T.);
#8228 = ORIENTED_EDGE('',*,*,#4566,.F.);
#8229 = VECTOR('',#7301,1.);
#8230 = LINE('',#78,#8229);
#8231 = EDGE_CURVE('',#1286,#1890,#8230,.T.);
#8232 = ORIENTED_EDGE('',*,*,#8231,.T.);
#8233 = ORIENTED_EDGE('',*,*,#5189,.F.);
#8234 = ORIENTED_EDGE('',*,*,#8219,.F.);
#8235 = EDGE_LOOP('',(#8228,#8232,#8233,#8234));
#8236 = FACE_OUTER_BOUND('',#8235,.T.);
#8237 = AXIS2_PLACEMENT_3D('',#77,#7367,#7301);
#8238 = PLANE('',#8237);
#8239 = ADVANCED_FACE('',(#8236),#8238,.T.);
#8240 = ORIENTED_EDGE('',*,*,#4562,.F.);
#8241 = VECTOR('',#7301,1.);
#8242 = LINE('',#79,#8241);
#8243 = EDGE_CURVE('',#1287,#1891,#8242,.T.);
#8244 = ORIENTED_EDGE('',*,*,#8243,.T.);
#8245 = ORIENTED_EDGE('',*,*,#5193,.F.);
#8246 = ORIENTED_EDGE('',*,*,#8231,.F.);
#8247 = EDGE_LOOP('',(#8240,#8244,#8245,#8246));
#8248 = FACE_OUTER_BOUND('',#8247,.T.);
#8249 = AXIS2_PLACEMENT_3D('',#78,#7380,#7301);
#8250 = PLANE('',#8249);
#8251 = ADVANCED_FACE('',(#8248),#8250,.T.);
#8252 = ORIENTED_EDGE('',*,*,#4558,.F.);
#8253 = VECTOR('',#7301,1.);
#8254 = LINE('',#80,#8253);
#8255 = EDGE_CURVE('',#1288,#1892,#8254,.T.);
#8256 = ORIENTED_EDGE('',*,*,#8255,.T.);
#8257 = ORIENTED_EDGE('',*,*,#5197,.F.);
#8258 = ORIENTED_EDGE('',*,*,#8243,.F.);
#8259 = EDGE_LOOP('',(#8252,#8256,#8257,#8258));
#8260 = FACE_OUTER_BOUND('',#8259,.T.);
#8261 = AXIS2_PLACEMENT_3D('',#79,#3067,#7301);
#8262 = PLANE('',#8261);
#8263 = ADVANCED_FACE('',(#8260),#8262,.T.);
#8264 = ORIENTED_EDGE('',*,*,#4554,.F.);
#8265 = VECTOR('',#7301,1.);
#8266 = LINE('',#81,#8265);
#8267 = EDGE_CURVE('',#1289,#1893,#8266,.T.);
#8268 = ORIENTED_EDGE('',*,*,#8267,.T.);
#8269 = ORIENTED_EDGE('',*,*,#5201,.F.);
#8270 = ORIENTED_EDGE('',*,*,#8255,.F.);
#8271 = EDGE_LOOP('',(#8264,#8268,#8269,#8270));
#8272 = FACE_OUTER_BOUND('',#8271,.T.);
#8273 = AXIS2_PLACEMENT_3D('',#80,#7405,#7301);
#8274 = PLANE('',#8273);
#8275 = ADVANCED_FACE('',(#8272),#8274,.T.);
#8276 = ORIENTED_EDGE('',*,*,#4550,.F.);
#8277 = VECTOR('',#7301,1.);
#8278 = LINE('',#82,#8277);
#8279 = EDGE_CURVE('',#1290,#1894,#8278,.T.);
#8280 = ORIENTED_EDGE('',*,*,#8279,.T.);
#8281 = ORIENTED_EDGE('',*,*,#5205,.F.);
#8282 = ORIENTED_EDGE('',*,*,#8267,.F.);
#8283 = EDGE_LOOP('',(#8276,#8280,#8281,#8282));
#8284 = FACE_OUTER_BOUND('',#8283,.T.);
#8285 = AXIS2_PLACEMENT_3D('',#81,#7418,#7301);
#8286 = PLANE('',#8285);
#8287 = ADVANCED_FACE('',(#8284),#8286,.T.);
#8288 = ORIENTED_EDGE('',*,*,#4546,.F.);
#8289 = VECTOR('',#7301,1.);
#8290 = LINE('',#83,#8289);
#8291 = EDGE_CURVE('',#1291,#1895,#8290,.T.);
#8292 = ORIENTED_EDGE('',*,*,#8291,.T.);
#8293 = ORIENTED_EDGE('',*,*,#5209,.F.);
#8294 = ORIENTED_EDGE('',*,*,#8279,.F.);
#8295 = EDGE_LOOP('',(#8288,#8292,#8293,#8294));
#8296 = FACE_OUTER_BOUND('',#8295,.T.);
#8297 = AXIS2_PLACEMENT_3D('',#82,#7431,#7301);
#8298 = PLANE('',#8297);
#8299 = ADVANCED_FACE('',(#8296),#8298,.T.);
#8300 = ORIENTED_EDGE('',*,*,#4542,.F.);
#8301 = VECTOR('',#7301,1.);
#8302 = LINE('',#84,#8301);
#8303 = EDGE_CURVE('',#1292,#1896,#8302,.T.);
#8304 = ORIENTED_EDGE('',*,*,#8303,.T.);
#8305 = ORIENTED_EDGE('',*,*,#5213,.F.);
#8306 = ORIENTED_EDGE('',*,*,#8291,.F.);
#8307 = EDGE_LOOP('',(#8300,#8304,#8305,#8306));
#8308 = FACE_OUTER_BOUND('',#8307,.T.);
#8309 = AXIS2_PLACEMENT_3D('',#83,#7444,#7301);
#8310 = PLANE('',#8309);
#8311 = ADVANCED_FACE('',(#8308),#8310,.T.);
#8312 = ORIENTED_EDGE('',*,*,#4538,.F.);
#8313 = VECTOR('',#7301,1.);
#8314 = LINE('',#85,#8313);
#8315 = EDGE_CURVE('',#1293,#1897,#8314,.T.);
#8316 = ORIENTED_EDGE('',*,*,#8315,.T.);
#8317 = ORIENTED_EDGE('',*,*,#5217,.F.);
#8318 = ORIENTED_EDGE('',*,*,#8303,.F.);
#8319 = EDGE_LOOP('',(#8312,#8316,#8317,#8318));
#8320 = FACE_OUTER_BOUND('',#8319,.T.);
#8321 = AXIS2_PLACEMENT_3D('',#84,#2496,#7301);
#8322 = PLANE('',#8321);
#8323 = ADVANCED_FACE('',(#8320),#8322,.T.);
#8324 = ORIENTED_EDGE('',*,*,#4534,.F.);
#8325 = VECTOR('',#7301,1.);
#8326 = LINE('',#86,#8325);
#8327 = EDGE_CURVE('',#1294,#1898,#8326,.T.);
#8328 = ORIENTED_EDGE('',*,*,#8327,.T.);
#8329 = ORIENTED_EDGE('',*,*,#5221,.F.);
#8330 = ORIENTED_EDGE('',*,*,#8315,.F.);
#8331 = EDGE_LOOP('',(#8324,#8328,#8329,#8330));
#8332 = FACE_OUTER_BOUND('',#8331,.T.);
#8333 = AXIS2_PLACEMENT_3D('',#85,#3067,#7301);
#8334 = PLANE('',#8333);
#8335 = ADVANCED_FACE('',(#8332),#8334,.T.);
#8336 = ORIENTED_EDGE('',*,*,#4530,.F.);
#8337 = VECTOR('',#7301,1.);
#8338 = LINE('',#87,#8337);
#8339 = EDGE_CURVE('',#1295,#1899,#8338,.T.);
#8340 = ORIENTED_EDGE('',*,*,#8339,.T.);
#8341 = ORIENTED_EDGE('',*,*,#5225,.F.);
#8342 = ORIENTED_EDGE('',*,*,#8327,.F.);
#8343 = EDGE_LOOP('',(#8336,#8340,#8341,#8342));
#8344 = FACE_OUTER_BOUND('',#8343,.T.);
#8345 = AXIS2_PLACEMENT_3D('',#86,#2447,#7301);
#8346 = PLANE('',#8345);
#8347 = ADVANCED_FACE('',(#8344),#8346,.T.);
#8348 = ORIENTED_EDGE('',*,*,#4526,.F.);
#8349 = VECTOR('',#7301,1.);
#8350 = LINE('',#88,#8349);
#8351 = EDGE_CURVE('',#1296,#1900,#8350,.T.);
#8352 = ORIENTED_EDGE('',*,*,#8351,.T.);
#8353 = ORIENTED_EDGE('',*,*,#5229,.F.);
#8354 = ORIENTED_EDGE('',*,*,#8339,.F.);
#8355 = EDGE_LOOP('',(#8348,#8352,#8353,#8354));
#8356 = FACE_OUTER_BOUND('',#8355,.T.);
#8357 = AXIS2_PLACEMENT_3D('',#87,#7341,#7301);
#8358 = PLANE('',#8357);
#8359 = ADVANCED_FACE('',(#8356),#8358,.T.);
#8360 = ORIENTED_EDGE('',*,*,#4522,.F.);
#8361 = VECTOR('',#7301,1.);
#8362 = LINE('',#89,#8361);
#8363 = EDGE_CURVE('',#1297,#1901,#8362,.T.);
#8364 = ORIENTED_EDGE('',*,*,#8363,.T.);
#8365 = ORIENTED_EDGE('',*,*,#5233,.F.);
#8366 = ORIENTED_EDGE('',*,*,#8351,.F.);
#8367 = EDGE_LOOP('',(#8360,#8364,#8365,#8366));
#8368 = FACE_OUTER_BOUND('',#8367,.T.);
#8369 = AXIS2_PLACEMENT_3D('',#88,#7354,#7301);
#8370 = PLANE('',#8369);
#8371 = ADVANCED_FACE('',(#8368),#8370,.T.);
#8372 = ORIENTED_EDGE('',*,*,#4518,.F.);
#8373 = VECTOR('',#7301,1.);
#8374 = LINE('',#90,#8373);
#8375 = EDGE_CURVE('',#1298,#1902,#8374,.T.);
#8376 = ORIENTED_EDGE('',*,*,#8375,.T.);
#8377 = ORIENTED_EDGE('',*,*,#5237,.F.);
#8378 = ORIENTED_EDGE('',*,*,#8363,.F.);
#8379 = EDGE_LOOP('',(#8372,#8376,#8377,#8378));
#8380 = FACE_OUTER_BOUND('',#8379,.T.);
#8381 = AXIS2_PLACEMENT_3D('',#89,#7367,#7301);
#8382 = PLANE('',#8381);
#8383 = ADVANCED_FACE('',(#8380),#8382,.T.);
#8384 = ORIENTED_EDGE('',*,*,#4514,.F.);
#8385 = VECTOR('',#7301,1.);
#8386 = LINE('',#91,#8385);
#8387 = EDGE_CURVE('',#1299,#1903,#8386,.T.);
#8388 = ORIENTED_EDGE('',*,*,#8387,.T.);
#8389 = ORIENTED_EDGE('',*,*,#5241,.F.);
#8390 = ORIENTED_EDGE('',*,*,#8375,.F.);
#8391 = EDGE_LOOP('',(#8384,#8388,#8389,#8390));
#8392 = FACE_OUTER_BOUND('',#8391,.T.);
#8393 = AXIS2_PLACEMENT_3D('',#90,#7380,#7301);
#8394 = PLANE('',#8393);
#8395 = ADVANCED_FACE('',(#8392),#8394,.T.);
#8396 = ORIENTED_EDGE('',*,*,#4510,.F.);
#8397 = VECTOR('',#7301,1.);
#8398 = LINE('',#92,#8397);
#8399 = EDGE_CURVE('',#1300,#1904,#8398,.T.);
#8400 = ORIENTED_EDGE('',*,*,#8399,.T.);
#8401 = ORIENTED_EDGE('',*,*,#5245,.F.);
#8402 = ORIENTED_EDGE('',*,*,#8387,.F.);
#8403 = EDGE_LOOP('',(#8396,#8400,#8401,#8402));
#8404 = FACE_OUTER_BOUND('',#8403,.T.);
#8405 = AXIS2_PLACEMENT_3D('',#91,#3067,#7301);
#8406 = PLANE('',#8405);
#8407 = ADVANCED_FACE('',(#8404),#8406,.T.);
#8408 = ORIENTED_EDGE('',*,*,#4506,.F.);
#8409 = VECTOR('',#7301,1.);
#8410 = LINE('',#93,#8409);
#8411 = EDGE_CURVE('',#1301,#1905,#8410,.T.);
#8412 = ORIENTED_EDGE('',*,*,#8411,.T.);
#8413 = ORIENTED_EDGE('',*,*,#5249,.F.);
#8414 = ORIENTED_EDGE('',*,*,#8399,.F.);
#8415 = EDGE_LOOP('',(#8408,#8412,#8413,#8414));
#8416 = FACE_OUTER_BOUND('',#8415,.T.);
#8417 = AXIS2_PLACEMENT_3D('',#92,#7405,#7301);
#8418 = PLANE('',#8417);
#8419 = ADVANCED_FACE('',(#8416),#8418,.T.);
#8420 = ORIENTED_EDGE('',*,*,#4502,.F.);
#8421 = VECTOR('',#7301,1.);
#8422 = LINE('',#94,#8421);
#8423 = EDGE_CURVE('',#1302,#1906,#8422,.T.);
#8424 = ORIENTED_EDGE('',*,*,#8423,.T.);
#8425 = ORIENTED_EDGE('',*,*,#5253,.F.);
#8426 = ORIENTED_EDGE('',*,*,#8411,.F.);
#8427 = EDGE_LOOP('',(#8420,#8424,#8425,#8426));
#8428 = FACE_OUTER_BOUND('',#8427,.T.);
#8429 = AXIS2_PLACEMENT_3D('',#93,#7418,#7301);
#8430 = PLANE('',#8429);
#8431 = ADVANCED_FACE('',(#8428),#8430,.T.);
#8432 = ORIENTED_EDGE('',*,*,#4498,.F.);
#8433 = VECTOR('',#7301,1.);
#8434 = LINE('',#95,#8433);
#8435 = EDGE_CURVE('',#1303,#1907,#8434,.T.);
#8436 = ORIENTED_EDGE('',*,*,#8435,.T.);
#8437 = ORIENTED_EDGE('',*,*,#5257,.F.);
#8438 = ORIENTED_EDGE('',*,*,#8423,.F.);
#8439 = EDGE_LOOP('',(#8432,#8436,#8437,#8438));
#8440 = FACE_OUTER_BOUND('',#8439,.T.);
#8441 = AXIS2_PLACEMENT_3D('',#94,#7431,#7301);
#8442 = PLANE('',#8441);
#8443 = ADVANCED_FACE('',(#8440),#8442,.T.);
#8444 = ORIENTED_EDGE('',*,*,#4494,.F.);
#8445 = VECTOR('',#7301,1.);
#8446 = LINE('',#96,#8445);
#8447 = EDGE_CURVE('',#1304,#1908,#8446,.T.);
#8448 = ORIENTED_EDGE('',*,*,#8447,.T.);
#8449 = ORIENTED_EDGE('',*,*,#5261,.F.);
#8450 = ORIENTED_EDGE('',*,*,#8435,.F.);
#8451 = EDGE_LOOP('',(#8444,#8448,#8449,#8450));
#8452 = FACE_OUTER_BOUND('',#8451,.T.);
#8453 = AXIS2_PLACEMENT_3D('',#95,#7444,#7301);
#8454 = PLANE('',#8453);
#8455 = ADVANCED_FACE('',(#8452),#8454,.T.);
#8456 = ORIENTED_EDGE('',*,*,#4490,.F.);
#8457 = VECTOR('',#7301,1.);
#8458 = LINE('',#97,#8457);
#8459 = EDGE_CURVE('',#1305,#1909,#8458,.T.);
#8460 = ORIENTED_EDGE('',*,*,#8459,.T.);
#8461 = ORIENTED_EDGE('',*,*,#5265,.F.);
#8462 = ORIENTED_EDGE('',*,*,#8447,.F.);
#8463 = EDGE_LOOP('',(#8456,#8460,#8461,#8462));
#8464 = FACE_OUTER_BOUND('',#8463,.T.);
#8465 = AXIS2_PLACEMENT_3D('',#96,#2496,#7301);
#8466 = PLANE('',#8465);
#8467 = ADVANCED_FACE('',(#8464),#8466,.T.);
#8468 = ORIENTED_EDGE('',*,*,#4486,.F.);
#8469 = VECTOR('',#7301,1.);
#8470 = LINE('',#98,#8469);
#8471 = EDGE_CURVE('',#1306,#1910,#8470,.T.);
#8472 = ORIENTED_EDGE('',*,*,#8471,.T.);
#8473 = ORIENTED_EDGE('',*,*,#5269,.F.);
#8474 = ORIENTED_EDGE('',*,*,#8459,.F.);
#8475 = EDGE_LOOP('',(#8468,#8472,#8473,#8474));
#8476 = FACE_OUTER_BOUND('',#8475,.T.);
#8477 = AXIS2_PLACEMENT_3D('',#97,#3067,#7301);
#8478 = PLANE('',#8477);
#8479 = ADVANCED_FACE('',(#8476),#8478,.T.);
#8480 = ORIENTED_EDGE('',*,*,#4482,.F.);
#8481 = VECTOR('',#7301,1.);
#8482 = LINE('',#99,#8481);
#8483 = EDGE_CURVE('',#1307,#1911,#8482,.T.);
#8484 = ORIENTED_EDGE('',*,*,#8483,.T.);
#8485 = ORIENTED_EDGE('',*,*,#5273,.F.);
#8486 = ORIENTED_EDGE('',*,*,#8471,.F.);
#8487 = EDGE_LOOP('',(#8480,#8484,#8485,#8486));
#8488 = FACE_OUTER_BOUND('',#8487,.T.);
#8489 = AXIS2_PLACEMENT_3D('',#98,#2447,#7301);
#8490 = PLANE('',#8489);
#8491 = ADVANCED_FACE('',(#8488),#8490,.T.);
#8492 = ORIENTED_EDGE('',*,*,#4478,.F.);
#8493 = VECTOR('',#7301,1.);
#8494 = LINE('',#100,#8493);
#8495 = EDGE_CURVE('',#1308,#1912,#8494,.T.);
#8496 = ORIENTED_EDGE('',*,*,#8495,.T.);
#8497 = ORIENTED_EDGE('',*,*,#5277,.F.);
#8498 = ORIENTED_EDGE('',*,*,#8483,.F.);
#8499 = EDGE_LOOP('',(#8492,#8496,#8497,#8498));
#8500 = FACE_OUTER_BOUND('',#8499,.T.);
#8501 = AXIS2_PLACEMENT_3D('',#99,#7341,#7301);
#8502 = PLANE('',#8501);
#8503 = ADVANCED_FACE('',(#8500),#8502,.T.);
#8504 = ORIENTED_EDGE('',*,*,#4474,.F.);
#8505 = VECTOR('',#7301,1.);
#8506 = LINE('',#101,#8505);
#8507 = EDGE_CURVE('',#1309,#1913,#8506,.T.);
#8508 = ORIENTED_EDGE('',*,*,#8507,.T.);
#8509 = ORIENTED_EDGE('',*,*,#5281,.F.);
#8510 = ORIENTED_EDGE('',*,*,#8495,.F.);
#8511 = EDGE_LOOP('',(#8504,#8508,#8509,#8510));
#8512 = FACE_OUTER_BOUND('',#8511,.T.);
#8513 = AXIS2_PLACEMENT_3D('',#100,#7354,#7301);
#8514 = PLANE('',#8513);
#8515 = ADVANCED_FACE('',(#8512),#8514,.T.);
#8516 = ORIENTED_EDGE('',*,*,#4470,.F.);
#8517 = VECTOR('',#7301,1.);
#8518 = LINE('',#102,#8517);
#8519 = EDGE_CURVE('',#1310,#1914,#8518,.T.);
#8520 = ORIENTED_EDGE('',*,*,#8519,.T.);
#8521 = ORIENTED_EDGE('',*,*,#5285,.F.);
#8522 = ORIENTED_EDGE('',*,*,#8507,.F.);
#8523 = EDGE_LOOP('',(#8516,#8520,#8521,#8522));
#8524 = FACE_OUTER_BOUND('',#8523,.T.);
#8525 = AXIS2_PLACEMENT_3D('',#101,#7367,#7301);
#8526 = PLANE('',#8525);
#8527 = ADVANCED_FACE('',(#8524),#8526,.T.);
#8528 = ORIENTED_EDGE('',*,*,#4466,.F.);
#8529 = VECTOR('',#7301,1.);
#8530 = LINE('',#103,#8529);
#8531 = EDGE_CURVE('',#1311,#1915,#8530,.T.);
#8532 = ORIENTED_EDGE('',*,*,#8531,.T.);
#8533 = ORIENTED_EDGE('',*,*,#5289,.F.);
#8534 = ORIENTED_EDGE('',*,*,#8519,.F.);
#8535 = EDGE_LOOP('',(#8528,#8532,#8533,#8534));
#8536 = FACE_OUTER_BOUND('',#8535,.T.);
#8537 = AXIS2_PLACEMENT_3D('',#102,#7380,#7301);
#8538 = PLANE('',#8537);
#8539 = ADVANCED_FACE('',(#8536),#8538,.T.);
#8540 = ORIENTED_EDGE('',*,*,#4462,.F.);
#8541 = VECTOR('',#7301,1.);
#8542 = LINE('',#104,#8541);
#8543 = EDGE_CURVE('',#1312,#1916,#8542,.T.);
#8544 = ORIENTED_EDGE('',*,*,#8543,.T.);
#8545 = ORIENTED_EDGE('',*,*,#5293,.F.);
#8546 = ORIENTED_EDGE('',*,*,#8531,.F.);
#8547 = EDGE_LOOP('',(#8540,#8544,#8545,#8546));
#8548 = FACE_OUTER_BOUND('',#8547,.T.);
#8549 = AXIS2_PLACEMENT_3D('',#103,#3067,#7301);
#8550 = PLANE('',#8549);
#8551 = ADVANCED_FACE('',(#8548),#8550,.T.);
#8552 = ORIENTED_EDGE('',*,*,#4458,.F.);
#8553 = VECTOR('',#7301,1.);
#8554 = LINE('',#105,#8553);
#8555 = EDGE_CURVE('',#1313,#1917,#8554,.T.);
#8556 = ORIENTED_EDGE('',*,*,#8555,.T.);
#8557 = ORIENTED_EDGE('',*,*,#5297,.F.);
#8558 = ORIENTED_EDGE('',*,*,#8543,.F.);
#8559 = EDGE_LOOP('',(#8552,#8556,#8557,#8558));
#8560 = FACE_OUTER_BOUND('',#8559,.T.);
#8561 = AXIS2_PLACEMENT_3D('',#104,#7405,#7301);
#8562 = PLANE('',#8561);
#8563 = ADVANCED_FACE('',(#8560),#8562,.T.);
#8564 = ORIENTED_EDGE('',*,*,#4454,.F.);
#8565 = VECTOR('',#7301,1.);
#8566 = LINE('',#106,#8565);
#8567 = EDGE_CURVE('',#1314,#1918,#8566,.T.);
#8568 = ORIENTED_EDGE('',*,*,#8567,.T.);
#8569 = ORIENTED_EDGE('',*,*,#5301,.F.);
#8570 = ORIENTED_EDGE('',*,*,#8555,.F.);
#8571 = EDGE_LOOP('',(#8564,#8568,#8569,#8570));
#8572 = FACE_OUTER_BOUND('',#8571,.T.);
#8573 = AXIS2_PLACEMENT_3D('',#105,#7418,#7301);
#8574 = PLANE('',#8573);
#8575 = ADVANCED_FACE('',(#8572),#8574,.T.);
#8576 = ORIENTED_EDGE('',*,*,#4450,.F.);
#8577 = VECTOR('',#7301,1.);
#8578 = LINE('',#107,#8577);
#8579 = EDGE_CURVE('',#1315,#1919,#8578,.T.);
#8580 = ORIENTED_EDGE('',*,*,#8579,.T.);
#8581 = ORIENTED_EDGE('',*,*,#5305,.F.);
#8582 = ORIENTED_EDGE('',*,*,#8567,.F.);
#8583 = EDGE_LOOP('',(#8576,#8580,#8581,#8582));
#8584 = FACE_OUTER_BOUND('',#8583,.T.);
#8585 = AXIS2_PLACEMENT_3D('',#106,#7431,#7301);
#8586 = PLANE('',#8585);
#8587 = ADVANCED_FACE('',(#8584),#8586,.T.);
#8588 = ORIENTED_EDGE('',*,*,#4446,.F.);
#8589 = VECTOR('',#7301,1.);
#8590 = LINE('',#108,#8589);
#8591 = EDGE_CURVE('',#1316,#1920,#8590,.T.);
#8592 = ORIENTED_EDGE('',*,*,#8591,.T.);
#8593 = ORIENTED_EDGE('',*,*,#5309,.F.);
#8594 = ORIENTED_EDGE('',*,*,#8579,.F.);
#8595 = EDGE_LOOP('',(#8588,#8592,#8593,#8594));
#8596 = FACE_OUTER_BOUND('',#8595,.T.);
#8597 = AXIS2_PLACEMENT_3D('',#107,#7444,#7301);
#8598 = PLANE('',#8597);
#8599 = ADVANCED_FACE('',(#8596),#8598,.T.);
#8600 = ORIENTED_EDGE('',*,*,#4442,.F.);
#8601 = VECTOR('',#7301,1.);
#8602 = LINE('',#109,#8601);
#8603 = EDGE_CURVE('',#1317,#1921,#8602,.T.);
#8604 = ORIENTED_EDGE('',*,*,#8603,.T.);
#8605 = ORIENTED_EDGE('',*,*,#5313,.F.);
#8606 = ORIENTED_EDGE('',*,*,#8591,.F.);
#8607 = EDGE_LOOP('',(#8600,#8604,#8605,#8606));
#8608 = FACE_OUTER_BOUND('',#8607,.T.);
#8609 = AXIS2_PLACEMENT_3D('',#108,#2496,#7301);
#8610 = PLANE('',#8609);
#8611 = ADVANCED_FACE('',(#8608),#8610,.T.);
#8612 = ORIENTED_EDGE('',*,*,#4438,.F.);
#8613 = VECTOR('',#7301,1.);
#8614 = LINE('',#110,#8613);
#8615 = EDGE_CURVE('',#1318,#1922,#8614,.T.);
#8616 = ORIENTED_EDGE('',*,*,#8615,.T.);
#8617 = ORIENTED_EDGE('',*,*,#5317,.F.);
#8618 = ORIENTED_EDGE('',*,*,#8603,.F.);
#8619 = EDGE_LOOP('',(#8612,#8616,#8617,#8618));
#8620 = FACE_OUTER_BOUND('',#8619,.T.);
#8621 = AXIS2_PLACEMENT_3D('',#109,#3067,#7301);
#8622 = PLANE('',#8621);
#8623 = ADVANCED_FACE('',(#8620),#8622,.T.);
#8624 = ORIENTED_EDGE('',*,*,#4434,.F.);
#8625 = VECTOR('',#7301,1.);
#8626 = LINE('',#111,#8625);
#8627 = EDGE_CURVE('',#1319,#1923,#8626,.T.);
#8628 = ORIENTED_EDGE('',*,*,#8627,.T.);
#8629 = ORIENTED_EDGE('',*,*,#5321,.F.);
#8630 = ORIENTED_EDGE('',*,*,#8615,.F.);
#8631 = EDGE_LOOP('',(#8624,#8628,#8629,#8630));
#8632 = FACE_OUTER_BOUND('',#8631,.T.);
#8633 = AXIS2_PLACEMENT_3D('',#110,#2447,#7301);
#8634 = PLANE('',#8633);
#8635 = ADVANCED_FACE('',(#8632),#8634,.T.);
#8636 = ORIENTED_EDGE('',*,*,#4430,.F.);
#8637 = VECTOR('',#7301,1.);
#8638 = LINE('',#112,#8637);
#8639 = EDGE_CURVE('',#1320,#1924,#8638,.T.);
#8640 = ORIENTED_EDGE('',*,*,#8639,.T.);
#8641 = ORIENTED_EDGE('',*,*,#5325,.F.);
#8642 = ORIENTED_EDGE('',*,*,#8627,.F.);
#8643 = EDGE_LOOP('',(#8636,#8640,#8641,#8642));
#8644 = FACE_OUTER_BOUND('',#8643,.T.);
#8645 = AXIS2_PLACEMENT_3D('',#111,#7341,#7301);
#8646 = PLANE('',#8645);
#8647 = ADVANCED_FACE('',(#8644),#8646,.T.);
#8648 = ORIENTED_EDGE('',*,*,#4426,.F.);
#8649 = VECTOR('',#7301,1.);
#8650 = LINE('',#113,#8649);
#8651 = EDGE_CURVE('',#1321,#1925,#8650,.T.);
#8652 = ORIENTED_EDGE('',*,*,#8651,.T.);
#8653 = ORIENTED_EDGE('',*,*,#5329,.F.);
#8654 = ORIENTED_EDGE('',*,*,#8639,.F.);
#8655 = EDGE_LOOP('',(#8648,#8652,#8653,#8654));
#8656 = FACE_OUTER_BOUND('',#8655,.T.);
#8657 = AXIS2_PLACEMENT_3D('',#112,#7354,#7301);
#8658 = PLANE('',#8657);
#8659 = ADVANCED_FACE('',(#8656),#8658,.T.);
#8660 = ORIENTED_EDGE('',*,*,#4422,.F.);
#8661 = VECTOR('',#7301,1.);
#8662 = LINE('',#114,#8661);
#8663 = EDGE_CURVE('',#1322,#1926,#8662,.T.);
#8664 = ORIENTED_EDGE('',*,*,#8663,.T.);
#8665 = ORIENTED_EDGE('',*,*,#5333,.F.);
#8666 = ORIENTED_EDGE('',*,*,#8651,.F.);
#8667 = EDGE_LOOP('',(#8660,#8664,#8665,#8666));
#8668 = FACE_OUTER_BOUND('',#8667,.T.);
#8669 = AXIS2_PLACEMENT_3D('',#113,#7367,#7301);
#8670 = PLANE('',#8669);
#8671 = ADVANCED_FACE('',(#8668),#8670,.T.);
#8672 = ORIENTED_EDGE('',*,*,#4418,.F.);
#8673 = VECTOR('',#7301,1.);
#8674 = LINE('',#115,#8673);
#8675 = EDGE_CURVE('',#1323,#1927,#8674,.T.);
#8676 = ORIENTED_EDGE('',*,*,#8675,.T.);
#8677 = ORIENTED_EDGE('',*,*,#5337,.F.);
#8678 = ORIENTED_EDGE('',*,*,#8663,.F.);
#8679 = EDGE_LOOP('',(#8672,#8676,#8677,#8678));
#8680 = FACE_OUTER_BOUND('',#8679,.T.);
#8681 = AXIS2_PLACEMENT_3D('',#114,#7380,#7301);
#8682 = PLANE('',#8681);
#8683 = ADVANCED_FACE('',(#8680),#8682,.T.);
#8684 = ORIENTED_EDGE('',*,*,#4414,.F.);
#8685 = VECTOR('',#7301,1.);
#8686 = LINE('',#116,#8685);
#8687 = EDGE_CURVE('',#1324,#1928,#8686,.T.);
#8688 = ORIENTED_EDGE('',*,*,#8687,.T.);
#8689 = ORIENTED_EDGE('',*,*,#5341,.F.);
#8690 = ORIENTED_EDGE('',*,*,#8675,.F.);
#8691 = EDGE_LOOP('',(#8684,#8688,#8689,#8690));
#8692 = FACE_OUTER_BOUND('',#8691,.T.);
#8693 = AXIS2_PLACEMENT_3D('',#115,#3067,#7301);
#8694 = PLANE('',#8693);
#8695 = ADVANCED_FACE('',(#8692),#8694,.T.);
#8696 = ORIENTED_EDGE('',*,*,#4410,.F.);
#8697 = VECTOR('',#7301,1.);
#8698 = LINE('',#117,#8697);
#8699 = EDGE_CURVE('',#1325,#1929,#8698,.T.);
#8700 = ORIENTED_EDGE('',*,*,#8699,.T.);
#8701 = ORIENTED_EDGE('',*,*,#5345,.F.);
#8702 = ORIENTED_EDGE('',*,*,#8687,.F.);
#8703 = EDGE_LOOP('',(#8696,#8700,#8701,#8702));
#8704 = FACE_OUTER_BOUND('',#8703,.T.);
#8705 = AXIS2_PLACEMENT_3D('',#116,#7405,#7301);
#8706 = PLANE('',#8705);
#8707 = ADVANCED_FACE('',(#8704),#8706,.T.);
#8708 = ORIENTED_EDGE('',*,*,#4406,.F.);
#8709 = VECTOR('',#7301,1.);
#8710 = LINE('',#118,#8709);
#8711 = EDGE_CURVE('',#1326,#1930,#8710,.T.);
#8712 = ORIENTED_EDGE('',*,*,#8711,.T.);
#8713 = ORIENTED_EDGE('',*,*,#5349,.F.);
#8714 = ORIENTED_EDGE('',*,*,#8699,.F.);
#8715 = EDGE_LOOP('',(#8708,#8712,#8713,#8714));
#8716 = FACE_OUTER_BOUND('',#8715,.T.);
#8717 = AXIS2_PLACEMENT_3D('',#117,#7418,#7301);
#8718 = PLANE('',#8717);
#8719 = ADVANCED_FACE('',(#8716),#8718,.T.);
#8720 = ORIENTED_EDGE('',*,*,#4402,.F.);
#8721 = VECTOR('',#7301,1.);
#8722 = LINE('',#119,#8721);
#8723 = EDGE_CURVE('',#1327,#1931,#8722,.T.);
#8724 = ORIENTED_EDGE('',*,*,#8723,.T.);
#8725 = ORIENTED_EDGE('',*,*,#5353,.F.);
#8726 = ORIENTED_EDGE('',*,*,#8711,.F.);
#8727 = EDGE_LOOP('',(#8720,#8724,#8725,#8726));
#8728 = FACE_OUTER_BOUND('',#8727,.T.);
#8729 = AXIS2_PLACEMENT_3D('',#118,#7431,#7301);
#8730 = PLANE('',#8729);
#8731 = ADVANCED_FACE('',(#8728),#8730,.T.);
#8732 = ORIENTED_EDGE('',*,*,#4398,.F.);
#8733 = VECTOR('',#7301,1.);
#8734 = LINE('',#120,#8733);
#8735 = EDGE_CURVE('',#1328,#1932,#8734,.T.);
#8736 = ORIENTED_EDGE('',*,*,#8735,.T.);
#8737 = ORIENTED_EDGE('',*,*,#5357,.F.);
#8738 = ORIENTED_EDGE('',*,*,#8723,.F.);
#8739 = EDGE_LOOP('',(#8732,#8736,#8737,#8738));
#8740 = FACE_OUTER_BOUND('',#8739,.T.);
#8741 = AXIS2_PLACEMENT_3D('',#119,#7444,#7301);
#8742 = PLANE('',#8741);
#8743 = ADVANCED_FACE('',(#8740),#8742,.T.);
#8744 = ORIENTED_EDGE('',*,*,#4394,.F.);
#8745 = VECTOR('',#7301,1.);
#8746 = LINE('',#121,#8745);
#8747 = EDGE_CURVE('',#1329,#1933,#8746,.T.);
#8748 = ORIENTED_EDGE('',*,*,#8747,.T.);
#8749 = ORIENTED_EDGE('',*,*,#5361,.F.);
#8750 = ORIENTED_EDGE('',*,*,#8735,.F.);
#8751 = EDGE_LOOP('',(#8744,#8748,#8749,#8750));
#8752 = FACE_OUTER_BOUND('',#8751,.T.);
#8753 = AXIS2_PLACEMENT_3D('',#120,#2496,#7301);
#8754 = PLANE('',#8753);
#8755 = ADVANCED_FACE('',(#8752),#8754,.T.);
#8756 = ORIENTED_EDGE('',*,*,#4390,.F.);
#8757 = VECTOR('',#7301,1.);
#8758 = LINE('',#122,#8757);
#8759 = EDGE_CURVE('',#1330,#1934,#8758,.T.);
#8760 = ORIENTED_EDGE('',*,*,#8759,.T.);
#8761 = ORIENTED_EDGE('',*,*,#5365,.F.);
#8762 = ORIENTED_EDGE('',*,*,#8747,.F.);
#8763 = EDGE_LOOP('',(#8756,#8760,#8761,#8762));
#8764 = FACE_OUTER_BOUND('',#8763,.T.);
#8765 = AXIS2_PLACEMENT_3D('',#121,#3067,#7301);
#8766 = PLANE('',#8765);
#8767 = ADVANCED_FACE('',(#8764),#8766,.T.);
#8768 = ORIENTED_EDGE('',*,*,#4386,.F.);
#8769 = VECTOR('',#7301,1.);
#8770 = LINE('',#123,#8769);
#8771 = EDGE_CURVE('',#1331,#1935,#8770,.T.);
#8772 = ORIENTED_EDGE('',*,*,#8771,.T.);
#8773 = ORIENTED_EDGE('',*,*,#5369,.F.);
#8774 = ORIENTED_EDGE('',*,*,#8759,.F.);
#8775 = EDGE_LOOP('',(#8768,#8772,#8773,#8774));
#8776 = FACE_OUTER_BOUND('',#8775,.T.);
#8777 = AXIS2_PLACEMENT_3D('',#122,#2447,#7301);
#8778 = PLANE('',#8777);
#8779 = ADVANCED_FACE('',(#8776),#8778,.T.);
#8780 = ORIENTED_EDGE('',*,*,#4382,.F.);
#8781 = VECTOR('',#7301,1.);
#8782 = LINE('',#124,#8781);
#8783 = EDGE_CURVE('',#1332,#1936,#8782,.T.);
#8784 = ORIENTED_EDGE('',*,*,#8783,.T.);
#8785 = ORIENTED_EDGE('',*,*,#5373,.F.);
#8786 = ORIENTED_EDGE('',*,*,#8771,.F.);
#8787 = EDGE_LOOP('',(#8780,#8784,#8785,#8786));
#8788 = FACE_OUTER_BOUND('',#8787,.T.);
#8789 = AXIS2_PLACEMENT_3D('',#123,#7341,#7301);
#8790 = PLANE('',#8789);
#8791 = ADVANCED_FACE('',(#8788),#8790,.T.);
#8792 = ORIENTED_EDGE('',*,*,#4378,.F.);
#8793 = VECTOR('',#7301,1.);
#8794 = LINE('',#125,#8793);
#8795 = EDGE_CURVE('',#1333,#1937,#8794,.T.);
#8796 = ORIENTED_EDGE('',*,*,#8795,.T.);
#8797 = ORIENTED_EDGE('',*,*,#5377,.F.);
#8798 = ORIENTED_EDGE('',*,*,#8783,.F.);
#8799 = EDGE_LOOP('',(#8792,#8796,#8797,#8798));
#8800 = FACE_OUTER_BOUND('',#8799,.T.);
#8801 = AXIS2_PLACEMENT_3D('',#124,#7354,#7301);
#8802 = PLANE('',#8801);
#8803 = ADVANCED_FACE('',(#8800),#8802,.T.);
#8804 = ORIENTED_EDGE('',*,*,#4374,.F.);
#8805 = VECTOR('',#7301,1.);
#8806 = LINE('',#126,#8805);
#8807 = EDGE_CURVE('',#1334,#1938,#8806,.T.);
#8808 = ORIENTED_EDGE('',*,*,#8807,.T.);
#8809 = ORIENTED_EDGE('',*,*,#5381,.F.);
#8810 = ORIENTED_EDGE('',*,*,#8795,.F.);
#8811 = EDGE_LOOP('',(#8804,#8808,#8809,#8810));
#8812 = FACE_OUTER_BOUND('',#8811,.T.);
#8813 = AXIS2_PLACEMENT_3D('',#125,#7367,#7301);
#8814 = PLANE('',#8813);
#8815 = ADVANCED_FACE('',(#8812),#8814,.T.);
#8816 = ORIENTED_EDGE('',*,*,#4370,.F.);
#8817 = VECTOR('',#7301,1.);
#8818 = LINE('',#127,#8817);
#8819 = EDGE_CURVE('',#1335,#1939,#8818,.T.);
#8820 = ORIENTED_EDGE('',*,*,#8819,.T.);
#8821 = ORIENTED_EDGE('',*,*,#5385,.F.);
#8822 = ORIENTED_EDGE('',*,*,#8807,.F.);
#8823 = EDGE_LOOP('',(#8816,#8820,#8821,#8822));
#8824 = FACE_OUTER_BOUND('',#8823,.T.);
#8825 = AXIS2_PLACEMENT_3D('',#126,#7380,#7301);
#8826 = PLANE('',#8825);
#8827 = ADVANCED_FACE('',(#8824),#8826,.T.);
#8828 = ORIENTED_EDGE('',*,*,#4366,.F.);
#8829 = VECTOR('',#7301,1.);
#8830 = LINE('',#128,#8829);
#8831 = EDGE_CURVE('',#1336,#1940,#8830,.T.);
#8832 = ORIENTED_EDGE('',*,*,#8831,.T.);
#8833 = ORIENTED_EDGE('',*,*,#5389,.F.);
#8834 = ORIENTED_EDGE('',*,*,#8819,.F.);
#8835 = EDGE_LOOP('',(#8828,#8832,#8833,#8834));
#8836 = FACE_OUTER_BOUND('',#8835,.T.);
#8837 = AXIS2_PLACEMENT_3D('',#127,#3067,#7301);
#8838 = PLANE('',#8837);
#8839 = ADVANCED_FACE('',(#8836),#8838,.T.);
#8840 = ORIENTED_EDGE('',*,*,#4362,.F.);
#8841 = VECTOR('',#7301,1.);
#8842 = LINE('',#129,#8841);
#8843 = EDGE_CURVE('',#1337,#1941,#8842,.T.);
#8844 = ORIENTED_EDGE('',*,*,#8843,.T.);
#8845 = ORIENTED_EDGE('',*,*,#5393,.F.);
#8846 = ORIENTED_EDGE('',*,*,#8831,.F.);
#8847 = EDGE_LOOP('',(#8840,#8844,#8845,#8846));
#8848 = FACE_OUTER_BOUND('',#8847,.T.);
#8849 = AXIS2_PLACEMENT_3D('',#128,#7405,#7301);
#8850 = PLANE('',#8849);
#8851 = ADVANCED_FACE('',(#8848),#8850,.T.);
#8852 = ORIENTED_EDGE('',*,*,#4358,.F.);
#8853 = VECTOR('',#7301,1.);
#8854 = LINE('',#130,#8853);
#8855 = EDGE_CURVE('',#1338,#1942,#8854,.T.);
#8856 = ORIENTED_EDGE('',*,*,#8855,.T.);
#8857 = ORIENTED_EDGE('',*,*,#5397,.F.);
#8858 = ORIENTED_EDGE('',*,*,#8843,.F.);
#8859 = EDGE_LOOP('',(#8852,#8856,#8857,#8858));
#8860 = FACE_OUTER_BOUND('',#8859,.T.);
#8861 = AXIS2_PLACEMENT_3D('',#129,#7418,#7301);
#8862 = PLANE('',#8861);
#8863 = ADVANCED_FACE('',(#8860),#8862,.T.);
#8864 = ORIENTED_EDGE('',*,*,#4354,.F.);
#8865 = VECTOR('',#7301,1.);
#8866 = LINE('',#131,#8865);
#8867 = EDGE_CURVE('',#1339,#1943,#8866,.T.);
#8868 = ORIENTED_EDGE('',*,*,#8867,.T.);
#8869 = ORIENTED_EDGE('',*,*,#5401,.F.);
#8870 = ORIENTED_EDGE('',*,*,#8855,.F.);
#8871 = EDGE_LOOP('',(#8864,#8868,#8869,#8870));
#8872 = FACE_OUTER_BOUND('',#8871,.T.);
#8873 = AXIS2_PLACEMENT_3D('',#130,#7431,#7301);
#8874 = PLANE('',#8873);
#8875 = ADVANCED_FACE('',(#8872),#8874,.T.);
#8876 = ORIENTED_EDGE('',*,*,#4350,.F.);
#8877 = VECTOR('',#7301,1.);
#8878 = LINE('',#132,#8877);
#8879 = EDGE_CURVE('',#1340,#1944,#8878,.T.);
#8880 = ORIENTED_EDGE('',*,*,#8879,.T.);
#8881 = ORIENTED_EDGE('',*,*,#5405,.F.);
#8882 = ORIENTED_EDGE('',*,*,#8867,.F.);
#8883 = EDGE_LOOP('',(#8876,#8880,#8881,#8882));
#8884 = FACE_OUTER_BOUND('',#8883,.T.);
#8885 = AXIS2_PLACEMENT_3D('',#131,#7444,#7301);
#8886 = PLANE('',#8885);
#8887 = ADVANCED_FACE('',(#8884),#8886,.T.);
#8888 = ORIENTED_EDGE('',*,*,#4346,.F.);
#8889 = VECTOR('',#7301,1.);
#8890 = LINE('',#133,#8889);
#8891 = EDGE_CURVE('',#1341,#1945,#8890,.T.);
#8892 = ORIENTED_EDGE('',*,*,#8891,.T.);
#8893 = ORIENTED_EDGE('',*,*,#5409,.F.);
#8894 = ORIENTED_EDGE('',*,*,#8879,.F.);
#8895 = EDGE_LOOP('',(#8888,#8892,#8893,#8894));
#8896 = FACE_OUTER_BOUND('',#8895,.T.);
#8897 = AXIS2_PLACEMENT_3D('',#132,#2496,#7301);
#8898 = PLANE('',#8897);
#8899 = ADVANCED_FACE('',(#8896),#8898,.T.);
#8900 = ORIENTED_EDGE('',*,*,#4342,.F.);
#8901 = VECTOR('',#7301,1.);
#8902 = LINE('',#134,#8901);
#8903 = EDGE_CURVE('',#1342,#1946,#8902,.T.);
#8904 = ORIENTED_EDGE('',*,*,#8903,.T.);
#8905 = ORIENTED_EDGE('',*,*,#5413,.F.);
#8906 = ORIENTED_EDGE('',*,*,#8891,.F.);
#8907 = EDGE_LOOP('',(#8900,#8904,#8905,#8906));
#8908 = FACE_OUTER_BOUND('',#8907,.T.);
#8909 = AXIS2_PLACEMENT_3D('',#133,#3067,#7301);
#8910 = PLANE('',#8909);
#8911 = ADVANCED_FACE('',(#8908),#8910,.T.);
#8912 = ORIENTED_EDGE('',*,*,#4338,.F.);
#8913 = VECTOR('',#7301,1.);
#8914 = LINE('',#135,#8913);
#8915 = EDGE_CURVE('',#1343,#1947,#8914,.T.);
#8916 = ORIENTED_EDGE('',*,*,#8915,.T.);
#8917 = ORIENTED_EDGE('',*,*,#5417,.F.);
#8918 = ORIENTED_EDGE('',*,*,#8903,.F.);
#8919 = EDGE_LOOP('',(#8912,#8916,#8917,#8918));
#8920 = FACE_OUTER_BOUND('',#8919,.T.);
#8921 = AXIS2_PLACEMENT_3D('',#134,#2447,#7301);
#8922 = PLANE('',#8921);
#8923 = ADVANCED_FACE('',(#8920),#8922,.T.);
#8924 = ORIENTED_EDGE('',*,*,#4334,.F.);
#8925 = VECTOR('',#7301,1.);
#8926 = LINE('',#136,#8925);
#8927 = EDGE_CURVE('',#1344,#1948,#8926,.T.);
#8928 = ORIENTED_EDGE('',*,*,#8927,.T.);
#8929 = ORIENTED_EDGE('',*,*,#5421,.F.);
#8930 = ORIENTED_EDGE('',*,*,#8915,.F.);
#8931 = EDGE_LOOP('',(#8924,#8928,#8929,#8930));
#8932 = FACE_OUTER_BOUND('',#8931,.T.);
#8933 = AXIS2_PLACEMENT_3D('',#135,#7341,#7301);
#8934 = PLANE('',#8933);
#8935 = ADVANCED_FACE('',(#8932),#8934,.T.);
#8936 = ORIENTED_EDGE('',*,*,#4330,.F.);
#8937 = VECTOR('',#7301,1.);
#8938 = LINE('',#137,#8937);
#8939 = EDGE_CURVE('',#1345,#1949,#8938,.T.);
#8940 = ORIENTED_EDGE('',*,*,#8939,.T.);
#8941 = ORIENTED_EDGE('',*,*,#5425,.F.);
#8942 = ORIENTED_EDGE('',*,*,#8927,.F.);
#8943 = EDGE_LOOP('',(#8936,#8940,#8941,#8942));
#8944 = FACE_OUTER_BOUND('',#8943,.T.);
#8945 = AXIS2_PLACEMENT_3D('',#136,#7354,#7301);
#8946 = PLANE('',#8945);
#8947 = ADVANCED_FACE('',(#8944),#8946,.T.);
#8948 = ORIENTED_EDGE('',*,*,#4326,.F.);
#8949 = VECTOR('',#7301,1.);
#8950 = LINE('',#138,#8949);
#8951 = EDGE_CURVE('',#1346,#1950,#8950,.T.);
#8952 = ORIENTED_EDGE('',*,*,#8951,.T.);
#8953 = ORIENTED_EDGE('',*,*,#5429,.F.);
#8954 = ORIENTED_EDGE('',*,*,#8939,.F.);
#8955 = EDGE_LOOP('',(#8948,#8952,#8953,#8954));
#8956 = FACE_OUTER_BOUND('',#8955,.T.);
#8957 = AXIS2_PLACEMENT_3D('',#137,#7367,#7301);
#8958 = PLANE('',#8957);
#8959 = ADVANCED_FACE('',(#8956),#8958,.T.);
#8960 = ORIENTED_EDGE('',*,*,#4322,.F.);
#8961 = VECTOR('',#7301,1.);
#8962 = LINE('',#139,#8961);
#8963 = EDGE_CURVE('',#1347,#1951,#8962,.T.);
#8964 = ORIENTED_EDGE('',*,*,#8963,.T.);
#8965 = ORIENTED_EDGE('',*,*,#5433,.F.);
#8966 = ORIENTED_EDGE('',*,*,#8951,.F.);
#8967 = EDGE_LOOP('',(#8960,#8964,#8965,#8966));
#8968 = FACE_OUTER_BOUND('',#8967,.T.);
#8969 = AXIS2_PLACEMENT_3D('',#138,#7380,#7301);
#8970 = PLANE('',#8969);
#8971 = ADVANCED_FACE('',(#8968),#8970,.T.);
#8972 = ORIENTED_EDGE('',*,*,#4318,.F.);
#8973 = VECTOR('',#7301,1.);
#8974 = LINE('',#140,#8973);
#8975 = EDGE_CURVE('',#1348,#1952,#8974,.T.);
#8976 = ORIENTED_EDGE('',*,*,#8975,.T.);
#8977 = ORIENTED_EDGE('',*,*,#5437,.F.);
#8978 = ORIENTED_EDGE('',*,*,#8963,.F.);
#8979 = EDGE_LOOP('',(#8972,#8976,#8977,#8978));
#8980 = FACE_OUTER_BOUND('',#8979,.T.);
#8981 = AXIS2_PLACEMENT_3D('',#139,#3067,#7301);
#8982 = PLANE('',#8981);
#8983 = ADVANCED_FACE('',(#8980),#8982,.T.);
#8984 = ORIENTED_EDGE('',*,*,#4314,.F.);
#8985 = VECTOR('',#7301,1.);
#8986 = LINE('',#141,#8985);
#8987 = EDGE_CURVE('',#1349,#1953,#8986,.T.);
#8988 = ORIENTED_EDGE('',*,*,#8987,.T.);
#8989 = ORIENTED_EDGE('',*,*,#5441,.F.);
#8990 = ORIENTED_EDGE('',*,*,#8975,.F.);
#8991 = EDGE_LOOP('',(#8984,#8988,#8989,#8990));
#8992 = FACE_OUTER_BOUND('',#8991,.T.);
#8993 = AXIS2_PLACEMENT_3D('',#140,#7405,#7301);
#8994 = PLANE('',#8993);
#8995 = ADVANCED_FACE('',(#8992),#8994,.T.);
#8996 = ORIENTED_EDGE('',*,*,#4310,.F.);
#8997 = VECTOR('',#7301,1.);
#8998 = LINE('',#142,#8997);
#8999 = EDGE_CURVE('',#1350,#1954,#8998,.T.);
#9000 = ORIENTED_EDGE('',*,*,#8999,.T.);
#9001 = ORIENTED_EDGE('',*,*,#5445,.F.);
#9002 = ORIENTED_EDGE('',*,*,#8987,.F.);
#9003 = EDGE_LOOP('',(#8996,#9000,#9001,#9002));
#9004 = FACE_OUTER_BOUND('',#9003,.T.);
#9005 = AXIS2_PLACEMENT_3D('',#141,#7418,#7301);
#9006 = PLANE('',#9005);
#9007 = ADVANCED_FACE('',(#9004),#9006,.T.);
#9008 = ORIENTED_EDGE('',*,*,#4306,.F.);
#9009 = VECTOR('',#7301,1.);
#9010 = LINE('',#143,#9009);
#9011 = EDGE_CURVE('',#1351,#1955,#9010,.T.);
#9012 = ORIENTED_EDGE('',*,*,#9011,.T.);
#9013 = ORIENTED_EDGE('',*,*,#5449,.F.);
#9014 = ORIENTED_EDGE('',*,*,#8999,.F.);
#9015 = EDGE_LOOP('',(#9008,#9012,#9013,#9014));
#9016 = FACE_OUTER_BOUND('',#9015,.T.);
#9017 = AXIS2_PLACEMENT_3D('',#142,#7431,#7301);
#9018 = PLANE('',#9017);
#9019 = ADVANCED_FACE('',(#9016),#9018,.T.);
#9020 = ORIENTED_EDGE('',*,*,#4302,.F.);
#9021 = VECTOR('',#7301,1.);
#9022 = LINE('',#144,#9021);
#9023 = EDGE_CURVE('',#1352,#1956,#9022,.T.);
#9024 = ORIENTED_EDGE('',*,*,#9023,.T.);
#9025 = ORIENTED_EDGE('',*,*,#5453,.F.);
#9026 = ORIENTED_EDGE('',*,*,#9011,.F.);
#9027 = EDGE_LOOP('',(#9020,#9024,#9025,#9026));
#9028 = FACE_OUTER_BOUND('',#9027,.T.);
#9029 = AXIS2_PLACEMENT_3D('',#143,#7444,#7301);
#9030 = PLANE('',#9029);
#9031 = ADVANCED_FACE('',(#9028),#9030,.T.);
#9032 = ORIENTED_EDGE('',*,*,#4298,.F.);
#9033 = VECTOR('',#7301,1.);
#9034 = LINE('',#145,#9033);
#9035 = EDGE_CURVE('',#1353,#1957,#9034,.T.);
#9036 = ORIENTED_EDGE('',*,*,#9035,.T.);
#9037 = ORIENTED_EDGE('',*,*,#5457,.F.);
#9038 = ORIENTED_EDGE('',*,*,#9023,.F.);
#9039 = EDGE_LOOP('',(#9032,#9036,#9037,#9038));
#9040 = FACE_OUTER_BOUND('',#9039,.T.);
#9041 = AXIS2_PLACEMENT_3D('',#144,#2496,#7301);
#9042 = PLANE('',#9041);
#9043 = ADVANCED_FACE('',(#9040),#9042,.T.);
#9044 = ORIENTED_EDGE('',*,*,#4294,.F.);
#9045 = VECTOR('',#7301,1.);
#9046 = LINE('',#146,#9045);
#9047 = EDGE_CURVE('',#1354,#1958,#9046,.T.);
#9048 = ORIENTED_EDGE('',*,*,#9047,.T.);
#9049 = ORIENTED_EDGE('',*,*,#5461,.F.);
#9050 = ORIENTED_EDGE('',*,*,#9035,.F.);
#9051 = EDGE_LOOP('',(#9044,#9048,#9049,#9050));
#9052 = FACE_OUTER_BOUND('',#9051,.T.);
#9053 = AXIS2_PLACEMENT_3D('',#145,#3067,#7301);
#9054 = PLANE('',#9053);
#9055 = ADVANCED_FACE('',(#9052),#9054,.T.);
#9056 = ORIENTED_EDGE('',*,*,#4290,.F.);
#9057 = VECTOR('',#7301,1.);
#9058 = LINE('',#147,#9057);
#9059 = EDGE_CURVE('',#1355,#1959,#9058,.T.);
#9060 = ORIENTED_EDGE('',*,*,#9059,.T.);
#9061 = ORIENTED_EDGE('',*,*,#5465,.F.);
#9062 = ORIENTED_EDGE('',*,*,#9047,.F.);
#9063 = EDGE_LOOP('',(#9056,#9060,#9061,#9062));
#9064 = FACE_OUTER_BOUND('',#9063,.T.);
#9065 = DIRECTION('',(0.130526192,-0.991444861,0));
#9066 = AXIS2_PLACEMENT_3D('',#146,#9065,#7301);
#9067 = PLANE('',#9066);
#9068 = ADVANCED_FACE('',(#9064),#9067,.T.);
#9069 = ORIENTED_EDGE('',*,*,#4285,.F.);
#9070 = VECTOR('',#7301,1.);
#9071 = LINE('',#148,#9070);
#9072 = EDGE_CURVE('',#1356,#1960,#9071,.T.);
#9073 = ORIENTED_EDGE('',*,*,#9072,.T.);
#9074 = ORIENTED_EDGE('',*,*,#5469,.F.);
#9075 = ORIENTED_EDGE('',*,*,#9059,.F.);
#9076 = EDGE_LOOP('',(#9069,#9073,#9074,#9075));
#9077 = FACE_OUTER_BOUND('',#9076,.T.);
#9078 = DIRECTION('',(0.382683432,-0.923879533,0));
#9079 = AXIS2_PLACEMENT_3D('',#147,#9078,#7301);
#9080 = PLANE('',#9079);
#9081 = ADVANCED_FACE('',(#9077),#9080,.T.);
#9082 = ORIENTED_EDGE('',*,*,#4280,.F.);
#9083 = VECTOR('',#7301,1.);
#9084 = LINE('',#149,#9083);
#9085 = EDGE_CURVE('',#1357,#1961,#9084,.T.);
#9086 = ORIENTED_EDGE('',*,*,#9085,.T.);
#9087 = ORIENTED_EDGE('',*,*,#5473,.F.);
#9088 = ORIENTED_EDGE('',*,*,#9072,.F.);
#9089 = EDGE_LOOP('',(#9082,#9086,#9087,#9088));
#9090 = FACE_OUTER_BOUND('',#9089,.T.);
#9091 = DIRECTION('',(0.608761429,-0.79335334,0));
#9092 = AXIS2_PLACEMENT_3D('',#148,#9091,#7301);
#9093 = PLANE('',#9092);
#9094 = ADVANCED_FACE('',(#9090),#9093,.T.);
#9095 = ORIENTED_EDGE('',*,*,#4275,.F.);
#9096 = VECTOR('',#7301,1.);
#9097 = LINE('',#150,#9096);
#9098 = EDGE_CURVE('',#1358,#1962,#9097,.T.);
#9099 = ORIENTED_EDGE('',*,*,#9098,.T.);
#9100 = ORIENTED_EDGE('',*,*,#5477,.F.);
#9101 = ORIENTED_EDGE('',*,*,#9085,.F.);
#9102 = EDGE_LOOP('',(#9095,#9099,#9100,#9101));
#9103 = FACE_OUTER_BOUND('',#9102,.T.);
#9104 = DIRECTION('',(0.79335334,-0.608761429,0));
#9105 = AXIS2_PLACEMENT_3D('',#149,#9104,#7301);
#9106 = PLANE('',#9105);
#9107 = ADVANCED_FACE('',(#9103),#9106,.T.);
#9108 = ORIENTED_EDGE('',*,*,#4270,.F.);
#9109 = VECTOR('',#7301,1.);
#9110 = LINE('',#151,#9109);
#9111 = EDGE_CURVE('',#1359,#1963,#9110,.T.);
#9112 = ORIENTED_EDGE('',*,*,#9111,.T.);
#9113 = ORIENTED_EDGE('',*,*,#5481,.F.);
#9114 = ORIENTED_EDGE('',*,*,#9098,.F.);
#9115 = EDGE_LOOP('',(#9108,#9112,#9113,#9114));
#9116 = FACE_OUTER_BOUND('',#9115,.T.);
#9117 = DIRECTION('',(0.923879533,-0.382683432,0));
#9118 = AXIS2_PLACEMENT_3D('',#150,#9117,#7301);
#9119 = PLANE('',#9118);
#9120 = ADVANCED_FACE('',(#9116),#9119,.T.);
#9121 = ORIENTED_EDGE('',*,*,#4265,.F.);
#9122 = VECTOR('',#7301,1.);
#9123 = LINE('',#152,#9122);
#9124 = EDGE_CURVE('',#1360,#1964,#9123,.T.);
#9125 = ORIENTED_EDGE('',*,*,#9124,.T.);
#9126 = ORIENTED_EDGE('',*,*,#5485,.F.);
#9127 = ORIENTED_EDGE('',*,*,#9111,.F.);
#9128 = EDGE_LOOP('',(#9121,#9125,#9126,#9127));
#9129 = FACE_OUTER_BOUND('',#9128,.T.);
#9130 = DIRECTION('',(0.991444861,-0.130526192,0));
#9131 = AXIS2_PLACEMENT_3D('',#151,#9130,#7301);
#9132 = PLANE('',#9131);
#9133 = ADVANCED_FACE('',(#9129),#9132,.T.);
#9134 = ORIENTED_EDGE('',*,*,#4260,.F.);
#9135 = VECTOR('',#7301,1.);
#9136 = LINE('',#153,#9135);
#9137 = EDGE_CURVE('',#1361,#1965,#9136,.T.);
#9138 = ORIENTED_EDGE('',*,*,#9137,.T.);
#9139 = ORIENTED_EDGE('',*,*,#5489,.F.);
#9140 = ORIENTED_EDGE('',*,*,#9124,.F.);
#9141 = EDGE_LOOP('',(#9134,#9138,#9139,#9140));
#9142 = FACE_OUTER_BOUND('',#9141,.T.);
#9143 = AXIS2_PLACEMENT_3D('',#152,#2447,#7301);
#9144 = PLANE('',#9143);
#9145 = ADVANCED_FACE('',(#9142),#9144,.T.);
#9146 = ORIENTED_EDGE('',*,*,#4256,.F.);
#9147 = VECTOR('',#7301,1.);
#9148 = LINE('',#154,#9147);
#9149 = EDGE_CURVE('',#1362,#1966,#9148,.T.);
#9150 = ORIENTED_EDGE('',*,*,#9149,.T.);
#9151 = ORIENTED_EDGE('',*,*,#5493,.F.);
#9152 = ORIENTED_EDGE('',*,*,#9137,.F.);
#9153 = EDGE_LOOP('',(#9146,#9150,#9151,#9152));
#9154 = FACE_OUTER_BOUND('',#9153,.T.);
#9155 = AXIS2_PLACEMENT_3D('',#153,#2442,#7301);
#9156 = PLANE('',#9155);
#9157 = ADVANCED_FACE('',(#9154),#9156,.T.);
#9158 = ORIENTED_EDGE('',*,*,#4252,.F.);
#9159 = VECTOR('',#7301,1.);
#9160 = LINE('',#155,#9159);
#9161 = EDGE_CURVE('',#1363,#1967,#9160,.T.);
#9162 = ORIENTED_EDGE('',*,*,#9161,.T.);
#9163 = ORIENTED_EDGE('',*,*,#5497,.F.);
#9164 = ORIENTED_EDGE('',*,*,#9149,.F.);
#9165 = EDGE_LOOP('',(#9158,#9162,#9163,#9164));
#9166 = FACE_OUTER_BOUND('',#9165,.T.);
#9167 = DIRECTION('',(0.195090322,0.98078528,0));
#9168 = AXIS2_PLACEMENT_3D('',#154,#9167,#7301);
#9169 = PLANE('',#9168);
#9170 = ADVANCED_FACE('',(#9166),#9169,.T.);
#9171 = ORIENTED_EDGE('',*,*,#4248,.F.);
#9172 = VECTOR('',#7301,1.);
#9173 = LINE('',#156,#9172);
#9174 = EDGE_CURVE('',#1364,#1968,#9173,.T.);
#9175 = ORIENTED_EDGE('',*,*,#9174,.T.);
#9176 = ORIENTED_EDGE('',*,*,#5501,.F.);
#9177 = ORIENTED_EDGE('',*,*,#9161,.F.);
#9178 = EDGE_LOOP('',(#9171,#9175,#9176,#9177));
#9179 = FACE_OUTER_BOUND('',#9178,.T.);
#9180 = DIRECTION('',(0.555570233,0.831469612,0));
#9181 = AXIS2_PLACEMENT_3D('',#155,#9180,#7301);
#9182 = PLANE('',#9181);
#9183 = ADVANCED_FACE('',(#9179),#9182,.T.);
#9184 = ORIENTED_EDGE('',*,*,#4244,.F.);
#9185 = VECTOR('',#7301,1.);
#9186 = LINE('',#157,#9185);
#9187 = EDGE_CURVE('',#1365,#1969,#9186,.T.);
#9188 = ORIENTED_EDGE('',*,*,#9187,.T.);
#9189 = ORIENTED_EDGE('',*,*,#5505,.F.);
#9190 = ORIENTED_EDGE('',*,*,#9174,.F.);
#9191 = EDGE_LOOP('',(#9184,#9188,#9189,#9190));
#9192 = FACE_OUTER_BOUND('',#9191,.T.);
#9193 = DIRECTION('',(0.831469612,0.555570233,0));
#9194 = AXIS2_PLACEMENT_3D('',#156,#9193,#7301);
#9195 = PLANE('',#9194);
#9196 = ADVANCED_FACE('',(#9192),#9195,.T.);
#9197 = ORIENTED_EDGE('',*,*,#4240,.F.);
#9198 = VECTOR('',#7301,1.);
#9199 = LINE('',#158,#9198);
#9200 = EDGE_CURVE('',#1366,#1970,#9199,.T.);
#9201 = ORIENTED_EDGE('',*,*,#9200,.T.);
#9202 = ORIENTED_EDGE('',*,*,#5509,.F.);
#9203 = ORIENTED_EDGE('',*,*,#9187,.F.);
#9204 = EDGE_LOOP('',(#9197,#9201,#9202,#9203));
#9205 = FACE_OUTER_BOUND('',#9204,.T.);
#9206 = DIRECTION('',(0.98078528,0.195090322,0));
#9207 = AXIS2_PLACEMENT_3D('',#157,#9206,#7301);
#9208 = PLANE('',#9207);
#9209 = ADVANCED_FACE('',(#9205),#9208,.T.);
#9210 = ORIENTED_EDGE('',*,*,#4236,.F.);
#9211 = VECTOR('',#7301,1.);
#9212 = LINE('',#159,#9211);
#9213 = EDGE_CURVE('',#1367,#1971,#9212,.T.);
#9214 = ORIENTED_EDGE('',*,*,#9213,.T.);
#9215 = ORIENTED_EDGE('',*,*,#5513,.F.);
#9216 = ORIENTED_EDGE('',*,*,#9200,.F.);
#9217 = EDGE_LOOP('',(#9210,#9214,#9215,#9216));
#9218 = FACE_OUTER_BOUND('',#9217,.T.);
#9219 = AXIS2_PLACEMENT_3D('',#158,#2447,#7301);
#9220 = PLANE('',#9219);
#9221 = ADVANCED_FACE('',(#9218),#9220,.T.);
#9222 = ORIENTED_EDGE('',*,*,#4232,.F.);
#9223 = VECTOR('',#7301,1.);
#9224 = LINE('',#160,#9223);
#9225 = EDGE_CURVE('',#1368,#1972,#9224,.T.);
#9226 = ORIENTED_EDGE('',*,*,#9225,.T.);
#9227 = ORIENTED_EDGE('',*,*,#5517,.F.);
#9228 = ORIENTED_EDGE('',*,*,#9213,.F.);
#9229 = EDGE_LOOP('',(#9222,#9226,#9227,#9228));
#9230 = FACE_OUTER_BOUND('',#9229,.T.);
#9231 = AXIS2_PLACEMENT_3D('',#159,#7341,#7301);
#9232 = PLANE('',#9231);
#9233 = ADVANCED_FACE('',(#9230),#9232,.T.);
#9234 = ORIENTED_EDGE('',*,*,#4228,.F.);
#9235 = VECTOR('',#7301,1.);
#9236 = LINE('',#161,#9235);
#9237 = EDGE_CURVE('',#1369,#1973,#9236,.T.);
#9238 = ORIENTED_EDGE('',*,*,#9237,.T.);
#9239 = ORIENTED_EDGE('',*,*,#5521,.F.);
#9240 = ORIENTED_EDGE('',*,*,#9225,.F.);
#9241 = EDGE_LOOP('',(#9234,#9238,#9239,#9240));
#9242 = FACE_OUTER_BOUND('',#9241,.T.);
#9243 = AXIS2_PLACEMENT_3D('',#160,#7354,#7301);
#9244 = PLANE('',#9243);
#9245 = ADVANCED_FACE('',(#9242),#9244,.T.);
#9246 = ORIENTED_EDGE('',*,*,#4224,.F.);
#9247 = VECTOR('',#7301,1.);
#9248 = LINE('',#162,#9247);
#9249 = EDGE_CURVE('',#1370,#1974,#9248,.T.);
#9250 = ORIENTED_EDGE('',*,*,#9249,.T.);
#9251 = ORIENTED_EDGE('',*,*,#5525,.F.);
#9252 = ORIENTED_EDGE('',*,*,#9237,.F.);
#9253 = EDGE_LOOP('',(#9246,#9250,#9251,#9252));
#9254 = FACE_OUTER_BOUND('',#9253,.T.);
#9255 = AXIS2_PLACEMENT_3D('',#161,#7367,#7301);
#9256 = PLANE('',#9255);
#9257 = ADVANCED_FACE('',(#9254),#9256,.T.);
#9258 = ORIENTED_EDGE('',*,*,#4220,.F.);
#9259 = VECTOR('',#7301,1.);
#9260 = LINE('',#163,#9259);
#9261 = EDGE_CURVE('',#1371,#1975,#9260,.T.);
#9262 = ORIENTED_EDGE('',*,*,#9261,.T.);
#9263 = ORIENTED_EDGE('',*,*,#5529,.F.);
#9264 = ORIENTED_EDGE('',*,*,#9249,.F.);
#9265 = EDGE_LOOP('',(#9258,#9262,#9263,#9264));
#9266 = FACE_OUTER_BOUND('',#9265,.T.);
#9267 = AXIS2_PLACEMENT_3D('',#162,#7380,#7301);
#9268 = PLANE('',#9267);
#9269 = ADVANCED_FACE('',(#9266),#9268,.T.);
#9270 = ORIENTED_EDGE('',*,*,#4216,.F.);
#9271 = VECTOR('',#7301,1.);
#9272 = LINE('',#164,#9271);
#9273 = EDGE_CURVE('',#1372,#1976,#9272,.T.);
#9274 = ORIENTED_EDGE('',*,*,#9273,.T.);
#9275 = ORIENTED_EDGE('',*,*,#5533,.F.);
#9276 = ORIENTED_EDGE('',*,*,#9261,.F.);
#9277 = EDGE_LOOP('',(#9270,#9274,#9275,#9276));
#9278 = FACE_OUTER_BOUND('',#9277,.T.);
#9279 = AXIS2_PLACEMENT_3D('',#163,#3067,#7301);
#9280 = PLANE('',#9279);
#9281 = ADVANCED_FACE('',(#9278),#9280,.T.);
#9282 = ORIENTED_EDGE('',*,*,#4212,.F.);
#9283 = VECTOR('',#7301,1.);
#9284 = LINE('',#165,#9283);
#9285 = EDGE_CURVE('',#1373,#1977,#9284,.T.);
#9286 = ORIENTED_EDGE('',*,*,#9285,.T.);
#9287 = ORIENTED_EDGE('',*,*,#5537,.F.);
#9288 = ORIENTED_EDGE('',*,*,#9273,.F.);
#9289 = EDGE_LOOP('',(#9282,#9286,#9287,#9288));
#9290 = FACE_OUTER_BOUND('',#9289,.T.);
#9291 = AXIS2_PLACEMENT_3D('',#164,#2447,#7301);
#9292 = PLANE('',#9291);
#9293 = ADVANCED_FACE('',(#9290),#9292,.T.);
#9294 = ORIENTED_EDGE('',*,*,#4208,.F.);
#9295 = VECTOR('',#7301,1.);
#9296 = LINE('',#166,#9295);
#9297 = EDGE_CURVE('',#1374,#1978,#9296,.T.);
#9298 = ORIENTED_EDGE('',*,*,#9297,.T.);
#9299 = ORIENTED_EDGE('',*,*,#5541,.F.);
#9300 = ORIENTED_EDGE('',*,*,#9285,.F.);
#9301 = EDGE_LOOP('',(#9294,#9298,#9299,#9300));
#9302 = FACE_OUTER_BOUND('',#9301,.T.);
#9303 = AXIS2_PLACEMENT_3D('',#165,#2442,#7301);
#9304 = PLANE('',#9303);
#9305 = ADVANCED_FACE('',(#9302),#9304,.T.);
#9306 = ORIENTED_EDGE('',*,*,#4204,.F.);
#9307 = VECTOR('',#7301,1.);
#9308 = LINE('',#167,#9307);
#9309 = EDGE_CURVE('',#1375,#1979,#9308,.T.);
#9310 = ORIENTED_EDGE('',*,*,#9309,.T.);
#9311 = ORIENTED_EDGE('',*,*,#5545,.F.);
#9312 = ORIENTED_EDGE('',*,*,#9297,.F.);
#9313 = EDGE_LOOP('',(#9306,#9310,#9311,#9312));
#9314 = FACE_OUTER_BOUND('',#9313,.T.);
#9315 = AXIS2_PLACEMENT_3D('',#166,#9167,#7301);
#9316 = PLANE('',#9315);
#9317 = ADVANCED_FACE('',(#9314),#9316,.T.);
#9318 = ORIENTED_EDGE('',*,*,#4200,.F.);
#9319 = VECTOR('',#7301,1.);
#9320 = LINE('',#168,#9319);
#9321 = EDGE_CURVE('',#1376,#1980,#9320,.T.);
#9322 = ORIENTED_EDGE('',*,*,#9321,.T.);
#9323 = ORIENTED_EDGE('',*,*,#5549,.F.);
#9324 = ORIENTED_EDGE('',*,*,#9309,.F.);
#9325 = EDGE_LOOP('',(#9318,#9322,#9323,#9324));
#9326 = FACE_OUTER_BOUND('',#9325,.T.);
#9327 = AXIS2_PLACEMENT_3D('',#167,#9180,#7301);
#9328 = PLANE('',#9327);
#9329 = ADVANCED_FACE('',(#9326),#9328,.T.);
#9330 = ORIENTED_EDGE('',*,*,#4196,.F.);
#9331 = VECTOR('',#7301,1.);
#9332 = LINE('',#169,#9331);
#9333 = EDGE_CURVE('',#1377,#1981,#9332,.T.);
#9334 = ORIENTED_EDGE('',*,*,#9333,.T.);
#9335 = ORIENTED_EDGE('',*,*,#5553,.F.);
#9336 = ORIENTED_EDGE('',*,*,#9321,.F.);
#9337 = EDGE_LOOP('',(#9330,#9334,#9335,#9336));
#9338 = FACE_OUTER_BOUND('',#9337,.T.);
#9339 = AXIS2_PLACEMENT_3D('',#168,#9193,#7301);
#9340 = PLANE('',#9339);
#9341 = ADVANCED_FACE('',(#9338),#9340,.T.);
#9342 = ORIENTED_EDGE('',*,*,#4192,.F.);
#9343 = VECTOR('',#7301,1.);
#9344 = LINE('',#170,#9343);
#9345 = EDGE_CURVE('',#1378,#1982,#9344,.T.);
#9346 = ORIENTED_EDGE('',*,*,#9345,.T.);
#9347 = ORIENTED_EDGE('',*,*,#5557,.F.);
#9348 = ORIENTED_EDGE('',*,*,#9333,.F.);
#9349 = EDGE_LOOP('',(#9342,#9346,#9347,#9348));
#9350 = FACE_OUTER_BOUND('',#9349,.T.);
#9351 = AXIS2_PLACEMENT_3D('',#169,#9206,#7301);
#9352 = PLANE('',#9351);
#9353 = ADVANCED_FACE('',(#9350),#9352,.T.);
#9354 = ORIENTED_EDGE('',*,*,#4188,.F.);
#9355 = VECTOR('',#7301,1.);
#9356 = LINE('',#171,#9355);
#9357 = EDGE_CURVE('',#1379,#1983,#9356,.T.);
#9358 = ORIENTED_EDGE('',*,*,#9357,.T.);
#9359 = ORIENTED_EDGE('',*,*,#5561,.F.);
#9360 = ORIENTED_EDGE('',*,*,#9345,.F.);
#9361 = EDGE_LOOP('',(#9354,#9358,#9359,#9360));
#9362 = FACE_OUTER_BOUND('',#9361,.T.);
#9363 = AXIS2_PLACEMENT_3D('',#170,#2447,#7301);
#9364 = PLANE('',#9363);
#9365 = ADVANCED_FACE('',(#9362),#9364,.T.);
#9366 = ORIENTED_EDGE('',*,*,#4184,.F.);
#9367 = VECTOR('',#7301,1.);
#9368 = LINE('',#172,#9367);
#9369 = EDGE_CURVE('',#1380,#1984,#9368,.T.);
#9370 = ORIENTED_EDGE('',*,*,#9369,.T.);
#9371 = ORIENTED_EDGE('',*,*,#5565,.F.);
#9372 = ORIENTED_EDGE('',*,*,#9357,.F.);
#9373 = EDGE_LOOP('',(#9366,#9370,#9371,#9372));
#9374 = FACE_OUTER_BOUND('',#9373,.T.);
#9375 = AXIS2_PLACEMENT_3D('',#171,#7341,#7301);
#9376 = PLANE('',#9375);
#9377 = ADVANCED_FACE('',(#9374),#9376,.T.);
#9378 = ORIENTED_EDGE('',*,*,#4180,.F.);
#9379 = VECTOR('',#7301,1.);
#9380 = LINE('',#173,#9379);
#9381 = EDGE_CURVE('',#1381,#1985,#9380,.T.);
#9382 = ORIENTED_EDGE('',*,*,#9381,.T.);
#9383 = ORIENTED_EDGE('',*,*,#5569,.F.);
#9384 = ORIENTED_EDGE('',*,*,#9369,.F.);
#9385 = EDGE_LOOP('',(#9378,#9382,#9383,#9384));
#9386 = FACE_OUTER_BOUND('',#9385,.T.);
#9387 = AXIS2_PLACEMENT_3D('',#172,#7354,#7301);
#9388 = PLANE('',#9387);
#9389 = ADVANCED_FACE('',(#9386),#9388,.T.);
#9390 = ORIENTED_EDGE('',*,*,#4176,.F.);
#9391 = VECTOR('',#7301,1.);
#9392 = LINE('',#174,#9391);
#9393 = EDGE_CURVE('',#1382,#1986,#9392,.T.);
#9394 = ORIENTED_EDGE('',*,*,#9393,.T.);
#9395 = ORIENTED_EDGE('',*,*,#5573,.F.);
#9396 = ORIENTED_EDGE('',*,*,#9381,.F.);
#9397 = EDGE_LOOP('',(#9390,#9394,#9395,#9396));
#9398 = FACE_OUTER_BOUND('',#9397,.T.);
#9399 = AXIS2_PLACEMENT_3D('',#173,#7367,#7301);
#9400 = PLANE('',#9399);
#9401 = ADVANCED_FACE('',(#9398),#9400,.T.);
#9402 = ORIENTED_EDGE('',*,*,#4172,.F.);
#9403 = VECTOR('',#7301,1.);
#9404 = LINE('',#175,#9403);
#9405 = EDGE_CURVE('',#1383,#1987,#9404,.T.);
#9406 = ORIENTED_EDGE('',*,*,#9405,.T.);
#9407 = ORIENTED_EDGE('',*,*,#5577,.F.);
#9408 = ORIENTED_EDGE('',*,*,#9393,.F.);
#9409 = EDGE_LOOP('',(#9402,#9406,#9407,#9408));
#9410 = FACE_OUTER_BOUND('',#9409,.T.);
#9411 = AXIS2_PLACEMENT_3D('',#174,#7380,#7301);
#9412 = PLANE('',#9411);
#9413 = ADVANCED_FACE('',(#9410),#9412,.T.);
#9414 = ORIENTED_EDGE('',*,*,#4168,.F.);
#9415 = VECTOR('',#7301,1.);
#9416 = LINE('',#176,#9415);
#9417 = EDGE_CURVE('',#1384,#1988,#9416,.T.);
#9418 = ORIENTED_EDGE('',*,*,#9417,.T.);
#9419 = ORIENTED_EDGE('',*,*,#5581,.F.);
#9420 = ORIENTED_EDGE('',*,*,#9405,.F.);
#9421 = EDGE_LOOP('',(#9414,#9418,#9419,#9420));
#9422 = FACE_OUTER_BOUND('',#9421,.T.);
#9423 = AXIS2_PLACEMENT_3D('',#175,#3067,#7301);
#9424 = PLANE('',#9423);
#9425 = ADVANCED_FACE('',(#9422),#9424,.T.);
#9426 = ORIENTED_EDGE('',*,*,#4164,.F.);
#9427 = VECTOR('',#7301,1.);
#9428 = LINE('',#177,#9427);
#9429 = EDGE_CURVE('',#1385,#1989,#9428,.T.);
#9430 = ORIENTED_EDGE('',*,*,#9429,.T.);
#9431 = ORIENTED_EDGE('',*,*,#5585,.F.);
#9432 = ORIENTED_EDGE('',*,*,#9417,.F.);
#9433 = EDGE_LOOP('',(#9426,#9430,#9431,#9432));
#9434 = FACE_OUTER_BOUND('',#9433,.T.);
#9435 = AXIS2_PLACEMENT_3D('',#176,#2447,#7301);
#9436 = PLANE('',#9435);
#9437 = ADVANCED_FACE('',(#9434),#9436,.T.);
#9438 = ORIENTED_EDGE('',*,*,#4160,.F.);
#9439 = VECTOR('',#7301,1.);
#9440 = LINE('',#178,#9439);
#9441 = EDGE_CURVE('',#1386,#1990,#9440,.T.);
#9442 = ORIENTED_EDGE('',*,*,#9441,.T.);
#9443 = ORIENTED_EDGE('',*,*,#5589,.F.);
#9444 = ORIENTED_EDGE('',*,*,#9429,.F.);
#9445 = EDGE_LOOP('',(#9438,#9442,#9443,#9444));
#9446 = FACE_OUTER_BOUND('',#9445,.T.);
#9447 = AXIS2_PLACEMENT_3D('',#177,#2442,#7301);
#9448 = PLANE('',#9447);
#9449 = ADVANCED_FACE('',(#9446),#9448,.T.);
#9450 = ORIENTED_EDGE('',*,*,#4156,.F.);
#9451 = VECTOR('',#7301,1.);
#9452 = LINE('',#179,#9451);
#9453 = EDGE_CURVE('',#1387,#1991,#9452,.T.);
#9454 = ORIENTED_EDGE('',*,*,#9453,.T.);
#9455 = ORIENTED_EDGE('',*,*,#5593,.F.);
#9456 = ORIENTED_EDGE('',*,*,#9441,.F.);
#9457 = EDGE_LOOP('',(#9450,#9454,#9455,#9456));
#9458 = FACE_OUTER_BOUND('',#9457,.T.);
#9459 = AXIS2_PLACEMENT_3D('',#178,#9167,#7301);
#9460 = PLANE('',#9459);
#9461 = ADVANCED_FACE('',(#9458),#9460,.T.);
#9462 = ORIENTED_EDGE('',*,*,#4152,.F.);
#9463 = VECTOR('',#7301,1.);
#9464 = LINE('',#180,#9463);
#9465 = EDGE_CURVE('',#1388,#1992,#9464,.T.);
#9466 = ORIENTED_EDGE('',*,*,#9465,.T.);
#9467 = ORIENTED_EDGE('',*,*,#5597,.F.);
#9468 = ORIENTED_EDGE('',*,*,#9453,.F.);
#9469 = EDGE_LOOP('',(#9462,#9466,#9467,#9468));
#9470 = FACE_OUTER_BOUND('',#9469,.T.);
#9471 = AXIS2_PLACEMENT_3D('',#179,#9180,#7301);
#9472 = PLANE('',#9471);
#9473 = ADVANCED_FACE('',(#9470),#9472,.T.);
#9474 = ORIENTED_EDGE('',*,*,#4148,.F.);
#9475 = VECTOR('',#7301,1.);
#9476 = LINE('',#181,#9475);
#9477 = EDGE_CURVE('',#1389,#1993,#9476,.T.);
#9478 = ORIENTED_EDGE('',*,*,#9477,.T.);
#9479 = ORIENTED_EDGE('',*,*,#5601,.F.);
#9480 = ORIENTED_EDGE('',*,*,#9465,.F.);
#9481 = EDGE_LOOP('',(#9474,#9478,#9479,#9480));
#9482 = FACE_OUTER_BOUND('',#9481,.T.);
#9483 = AXIS2_PLACEMENT_3D('',#180,#9193,#7301);
#9484 = PLANE('',#9483);
#9485 = ADVANCED_FACE('',(#9482),#9484,.T.);
#9486 = ORIENTED_EDGE('',*,*,#4144,.F.);
#9487 = VECTOR('',#7301,1.);
#9488 = LINE('',#182,#9487);
#9489 = EDGE_CURVE('',#1390,#1994,#9488,.T.);
#9490 = ORIENTED_EDGE('',*,*,#9489,.T.);
#9491 = ORIENTED_EDGE('',*,*,#5605,.F.);
#9492 = ORIENTED_EDGE('',*,*,#9477,.F.);
#9493 = EDGE_LOOP('',(#9486,#9490,#9491,#9492));
#9494 = FACE_OUTER_BOUND('',#9493,.T.);
#9495 = AXIS2_PLACEMENT_3D('',#181,#9206,#7301);
#9496 = PLANE('',#9495);
#9497 = ADVANCED_FACE('',(#9494),#9496,.T.);
#9498 = ORIENTED_EDGE('',*,*,#4140,.F.);
#9499 = VECTOR('',#7301,1.);
#9500 = LINE('',#183,#9499);
#9501 = EDGE_CURVE('',#1391,#1995,#9500,.T.);
#9502 = ORIENTED_EDGE('',*,*,#9501,.T.);
#9503 = ORIENTED_EDGE('',*,*,#5609,.F.);
#9504 = ORIENTED_EDGE('',*,*,#9489,.F.);
#9505 = EDGE_LOOP('',(#9498,#9502,#9503,#9504));
#9506 = FACE_OUTER_BOUND('',#9505,.T.);
#9507 = AXIS2_PLACEMENT_3D('',#182,#2447,#7301);
#9508 = PLANE('',#9507);
#9509 = ADVANCED_FACE('',(#9506),#9508,.T.);
#9510 = ORIENTED_EDGE('',*,*,#4136,.F.);
#9511 = VECTOR('',#7301,1.);
#9512 = LINE('',#184,#9511);
#9513 = EDGE_CURVE('',#1392,#1996,#9512,.T.);
#9514 = ORIENTED_EDGE('',*,*,#9513,.T.);
#9515 = ORIENTED_EDGE('',*,*,#5613,.F.);
#9516 = ORIENTED_EDGE('',*,*,#9501,.F.);
#9517 = EDGE_LOOP('',(#9510,#9514,#9515,#9516));
#9518 = FACE_OUTER_BOUND('',#9517,.T.);
#9519 = AXIS2_PLACEMENT_3D('',#183,#7341,#7301);
#9520 = PLANE('',#9519);
#9521 = ADVANCED_FACE('',(#9518),#9520,.T.);
#9522 = ORIENTED_EDGE('',*,*,#4132,.F.);
#9523 = VECTOR('',#7301,1.);
#9524 = LINE('',#185,#9523);
#9525 = EDGE_CURVE('',#1393,#1997,#9524,.T.);
#9526 = ORIENTED_EDGE('',*,*,#9525,.T.);
#9527 = ORIENTED_EDGE('',*,*,#5617,.F.);
#9528 = ORIENTED_EDGE('',*,*,#9513,.F.);
#9529 = EDGE_LOOP('',(#9522,#9526,#9527,#9528));
#9530 = FACE_OUTER_BOUND('',#9529,.T.);
#9531 = AXIS2_PLACEMENT_3D('',#184,#7354,#7301);
#9532 = PLANE('',#9531);
#9533 = ADVANCED_FACE('',(#9530),#9532,.T.);
#9534 = ORIENTED_EDGE('',*,*,#4128,.F.);
#9535 = VECTOR('',#7301,1.);
#9536 = LINE('',#186,#9535);
#9537 = EDGE_CURVE('',#1394,#1998,#9536,.T.);
#9538 = ORIENTED_EDGE('',*,*,#9537,.T.);
#9539 = ORIENTED_EDGE('',*,*,#5621,.F.);
#9540 = ORIENTED_EDGE('',*,*,#9525,.F.);
#9541 = EDGE_LOOP('',(#9534,#9538,#9539,#9540));
#9542 = FACE_OUTER_BOUND('',#9541,.T.);
#9543 = AXIS2_PLACEMENT_3D('',#185,#7367,#7301);
#9544 = PLANE('',#9543);
#9545 = ADVANCED_FACE('',(#9542),#9544,.T.);
#9546 = ORIENTED_EDGE('',*,*,#4124,.F.);
#9547 = VECTOR('',#7301,1.);
#9548 = LINE('',#187,#9547);
#9549 = EDGE_CURVE('',#1395,#1999,#9548,.T.);
#9550 = ORIENTED_EDGE('',*,*,#9549,.T.);
#9551 = ORIENTED_EDGE('',*,*,#5625,.F.);
#9552 = ORIENTED_EDGE('',*,*,#9537,.F.);
#9553 = EDGE_LOOP('',(#9546,#9550,#9551,#9552));
#9554 = FACE_OUTER_BOUND('',#9553,.T.);
#9555 = AXIS2_PLACEMENT_3D('',#186,#7380,#7301);
#9556 = PLANE('',#9555);
#9557 = ADVANCED_FACE('',(#9554),#9556,.T.);
#9558 = ORIENTED_EDGE('',*,*,#4120,.F.);
#9559 = VECTOR('',#7301,1.);
#9560 = LINE('',#188,#9559);
#9561 = EDGE_CURVE('',#1396,#2000,#9560,.T.);
#9562 = ORIENTED_EDGE('',*,*,#9561,.T.);
#9563 = ORIENTED_EDGE('',*,*,#5629,.F.);
#9564 = ORIENTED_EDGE('',*,*,#9549,.F.);
#9565 = EDGE_LOOP('',(#9558,#9562,#9563,#9564));
#9566 = FACE_OUTER_BOUND('',#9565,.T.);
#9567 = AXIS2_PLACEMENT_3D('',#187,#3067,#7301);
#9568 = PLANE('',#9567);
#9569 = ADVANCED_FACE('',(#9566),#9568,.T.);
#9570 = ORIENTED_EDGE('',*,*,#4116,.F.);
#9571 = VECTOR('',#7301,1.);
#9572 = LINE('',#189,#9571);
#9573 = EDGE_CURVE('',#1397,#2001,#9572,.T.);
#9574 = ORIENTED_EDGE('',*,*,#9573,.T.);
#9575 = ORIENTED_EDGE('',*,*,#5633,.F.);
#9576 = ORIENTED_EDGE('',*,*,#9561,.F.);
#9577 = EDGE_LOOP('',(#9570,#9574,#9575,#9576));
#9578 = FACE_OUTER_BOUND('',#9577,.T.);
#9579 = AXIS2_PLACEMENT_3D('',#188,#2447,#7301);
#9580 = PLANE('',#9579);
#9581 = ADVANCED_FACE('',(#9578),#9580,.T.);
#9582 = ORIENTED_EDGE('',*,*,#4112,.F.);
#9583 = VECTOR('',#7301,1.);
#9584 = LINE('',#190,#9583);
#9585 = EDGE_CURVE('',#1398,#2002,#9584,.T.);
#9586 = ORIENTED_EDGE('',*,*,#9585,.T.);
#9587 = ORIENTED_EDGE('',*,*,#5637,.F.);
#9588 = ORIENTED_EDGE('',*,*,#9573,.F.);
#9589 = EDGE_LOOP('',(#9582,#9586,#9587,#9588));
#9590 = FACE_OUTER_BOUND('',#9589,.T.);
#9591 = AXIS2_PLACEMENT_3D('',#189,#2442,#7301);
#9592 = PLANE('',#9591);
#9593 = ADVANCED_FACE('',(#9590),#9592,.T.);
#9594 = ORIENTED_EDGE('',*,*,#4108,.F.);
#9595 = VECTOR('',#7301,1.);
#9596 = LINE('',#191,#9595);
#9597 = EDGE_CURVE('',#1399,#2003,#9596,.T.);
#9598 = ORIENTED_EDGE('',*,*,#9597,.T.);
#9599 = ORIENTED_EDGE('',*,*,#5641,.F.);
#9600 = ORIENTED_EDGE('',*,*,#9585,.F.);
#9601 = EDGE_LOOP('',(#9594,#9598,#9599,#9600));
#9602 = FACE_OUTER_BOUND('',#9601,.T.);
#9603 = AXIS2_PLACEMENT_3D('',#190,#9167,#7301);
#9604 = PLANE('',#9603);
#9605 = ADVANCED_FACE('',(#9602),#9604,.T.);
#9606 = ORIENTED_EDGE('',*,*,#4104,.F.);
#9607 = VECTOR('',#7301,1.);
#9608 = LINE('',#192,#9607);
#9609 = EDGE_CURVE('',#1400,#2004,#9608,.T.);
#9610 = ORIENTED_EDGE('',*,*,#9609,.T.);
#9611 = ORIENTED_EDGE('',*,*,#5645,.F.);
#9612 = ORIENTED_EDGE('',*,*,#9597,.F.);
#9613 = EDGE_LOOP('',(#9606,#9610,#9611,#9612));
#9614 = FACE_OUTER_BOUND('',#9613,.T.);
#9615 = AXIS2_PLACEMENT_3D('',#191,#9180,#7301);
#9616 = PLANE('',#9615);
#9617 = ADVANCED_FACE('',(#9614),#9616,.T.);
#9618 = ORIENTED_EDGE('',*,*,#4100,.F.);
#9619 = VECTOR('',#7301,1.);
#9620 = LINE('',#193,#9619);
#9621 = EDGE_CURVE('',#1401,#2005,#9620,.T.);
#9622 = ORIENTED_EDGE('',*,*,#9621,.T.);
#9623 = ORIENTED_EDGE('',*,*,#5649,.F.);
#9624 = ORIENTED_EDGE('',*,*,#9609,.F.);
#9625 = EDGE_LOOP('',(#9618,#9622,#9623,#9624));
#9626 = FACE_OUTER_BOUND('',#9625,.T.);
#9627 = AXIS2_PLACEMENT_3D('',#192,#9193,#7301);
#9628 = PLANE('',#9627);
#9629 = ADVANCED_FACE('',(#9626),#9628,.T.);
#9630 = ORIENTED_EDGE('',*,*,#4096,.F.);
#9631 = VECTOR('',#7301,1.);
#9632 = LINE('',#194,#9631);
#9633 = EDGE_CURVE('',#1402,#2006,#9632,.T.);
#9634 = ORIENTED_EDGE('',*,*,#9633,.T.);
#9635 = ORIENTED_EDGE('',*,*,#5653,.F.);
#9636 = ORIENTED_EDGE('',*,*,#9621,.F.);
#9637 = EDGE_LOOP('',(#9630,#9634,#9635,#9636));
#9638 = FACE_OUTER_BOUND('',#9637,.T.);
#9639 = AXIS2_PLACEMENT_3D('',#193,#9206,#7301);
#9640 = PLANE('',#9639);
#9641 = ADVANCED_FACE('',(#9638),#9640,.T.);
#9642 = ORIENTED_EDGE('',*,*,#4092,.F.);
#9643 = VECTOR('',#7301,1.);
#9644 = LINE('',#195,#9643);
#9645 = EDGE_CURVE('',#1403,#2007,#9644,.T.);
#9646 = ORIENTED_EDGE('',*,*,#9645,.T.);
#9647 = ORIENTED_EDGE('',*,*,#5657,.F.);
#9648 = ORIENTED_EDGE('',*,*,#9633,.F.);
#9649 = EDGE_LOOP('',(#9642,#9646,#9647,#9648));
#9650 = FACE_OUTER_BOUND('',#9649,.T.);
#9651 = AXIS2_PLACEMENT_3D('',#194,#2447,#7301);
#9652 = PLANE('',#9651);
#9653 = ADVANCED_FACE('',(#9650),#9652,.T.);
#9654 = ORIENTED_EDGE('',*,*,#4088,.F.);
#9655 = VECTOR('',#7301,1.);
#9656 = LINE('',#196,#9655);
#9657 = EDGE_CURVE('',#1404,#2008,#9656,.T.);
#9658 = ORIENTED_EDGE('',*,*,#9657,.T.);
#9659 = ORIENTED_EDGE('',*,*,#5661,.F.);
#9660 = ORIENTED_EDGE('',*,*,#9645,.F.);
#9661 = EDGE_LOOP('',(#9654,#9658,#9659,#9660));
#9662 = FACE_OUTER_BOUND('',#9661,.T.);
#9663 = AXIS2_PLACEMENT_3D('',#195,#7341,#7301);
#9664 = PLANE('',#9663);
#9665 = ADVANCED_FACE('',(#9662),#9664,.T.);
#9666 = ORIENTED_EDGE('',*,*,#4084,.F.);
#9667 = VECTOR('',#7301,1.);
#9668 = LINE('',#197,#9667);
#9669 = EDGE_CURVE('',#1405,#2009,#9668,.T.);
#9670 = ORIENTED_EDGE('',*,*,#9669,.T.);
#9671 = ORIENTED_EDGE('',*,*,#5665,.F.);
#9672 = ORIENTED_EDGE('',*,*,#9657,.F.);
#9673 = EDGE_LOOP('',(#9666,#9670,#9671,#9672));
#9674 = FACE_OUTER_BOUND('',#9673,.T.);
#9675 = AXIS2_PLACEMENT_3D('',#196,#7354,#7301);
#9676 = PLANE('',#9675);
#9677 = ADVANCED_FACE('',(#9674),#9676,.T.);
#9678 = ORIENTED_EDGE('',*,*,#4080,.F.);
#9679 = VECTOR('',#7301,1.);
#9680 = LINE('',#198,#9679);
#9681 = EDGE_CURVE('',#1406,#2010,#9680,.T.);
#9682 = ORIENTED_EDGE('',*,*,#9681,.T.);
#9683 = ORIENTED_EDGE('',*,*,#5669,.F.);
#9684 = ORIENTED_EDGE('',*,*,#9669,.F.);
#9685 = EDGE_LOOP('',(#9678,#9682,#9683,#9684));
#9686 = FACE_OUTER_BOUND('',#9685,.T.);
#9687 = AXIS2_PLACEMENT_3D('',#197,#7367,#7301);
#9688 = PLANE('',#9687);
#9689 = ADVANCED_FACE('',(#9686),#9688,.T.);
#9690 = ORIENTED_EDGE('',*,*,#4076,.F.);
#9691 = VECTOR('',#7301,1.);
#9692 = LINE('',#199,#9691);
#9693 = EDGE_CURVE('',#1407,#2011,#9692,.T.);
#9694 = ORIENTED_EDGE('',*,*,#9693,.T.);
#9695 = ORIENTED_EDGE('',*,*,#5673,.F.);
#9696 = ORIENTED_EDGE('',*,*,#9681,.F.);
#9697 = EDGE_LOOP('',(#9690,#9694,#9695,#9696));
#9698 = FACE_OUTER_BOUND('',#9697,.T.);
#9699 = AXIS2_PLACEMENT_3D('',#198,#7380,#7301);
#9700 = PLANE('',#9699);
#9701 = ADVANCED_FACE('',(#9698),#9700,.T.);
#9702 = ORIENTED_EDGE('',*,*,#4072,.F.);
#9703 = VECTOR('',#7301,1.);
#9704 = LINE('',#200,#9703);
#9705 = EDGE_CURVE('',#1408,#2012,#9704,.T.);
#9706 = ORIENTED_EDGE('',*,*,#9705,.T.);
#9707 = ORIENTED_EDGE('',*,*,#5677,.F.);
#9708 = ORIENTED_EDGE('',*,*,#9693,.F.);
#9709 = EDGE_LOOP('',(#9702,#9706,#9707,#9708));
#9710 = FACE_OUTER_BOUND('',#9709,.T.);
#9711 = AXIS2_PLACEMENT_3D('',#199,#3067,#7301);
#9712 = PLANE('',#9711);
#9713 = ADVANCED_FACE('',(#9710),#9712,.T.);
#9714 = ORIENTED_EDGE('',*,*,#4068,.F.);
#9715 = VECTOR('',#7301,1.);
#9716 = LINE('',#201,#9715);
#9717 = EDGE_CURVE('',#1409,#2013,#9716,.T.);
#9718 = ORIENTED_EDGE('',*,*,#9717,.T.);
#9719 = ORIENTED_EDGE('',*,*,#5681,.F.);
#9720 = ORIENTED_EDGE('',*,*,#9705,.F.);
#9721 = EDGE_LOOP('',(#9714,#9718,#9719,#9720));
#9722 = FACE_OUTER_BOUND('',#9721,.T.);
#9723 = AXIS2_PLACEMENT_3D('',#200,#2447,#7301);
#9724 = PLANE('',#9723);
#9725 = ADVANCED_FACE('',(#9722),#9724,.T.);
#9726 = ORIENTED_EDGE('',*,*,#4064,.F.);
#9727 = VECTOR('',#7301,1.);
#9728 = LINE('',#202,#9727);
#9729 = EDGE_CURVE('',#1410,#2014,#9728,.T.);
#9730 = ORIENTED_EDGE('',*,*,#9729,.T.);
#9731 = ORIENTED_EDGE('',*,*,#5685,.F.);
#9732 = ORIENTED_EDGE('',*,*,#9717,.F.);
#9733 = EDGE_LOOP('',(#9726,#9730,#9731,#9732));
#9734 = FACE_OUTER_BOUND('',#9733,.T.);
#9735 = AXIS2_PLACEMENT_3D('',#201,#2442,#7301);
#9736 = PLANE('',#9735);
#9737 = ADVANCED_FACE('',(#9734),#9736,.T.);
#9738 = ORIENTED_EDGE('',*,*,#4060,.F.);
#9739 = VECTOR('',#7301,1.);
#9740 = LINE('',#203,#9739);
#9741 = EDGE_CURVE('',#1411,#2015,#9740,.T.);
#9742 = ORIENTED_EDGE('',*,*,#9741,.T.);
#9743 = ORIENTED_EDGE('',*,*,#5689,.F.);
#9744 = ORIENTED_EDGE('',*,*,#9729,.F.);
#9745 = EDGE_LOOP('',(#9738,#9742,#9743,#9744));
#9746 = FACE_OUTER_BOUND('',#9745,.T.);
#9747 = AXIS2_PLACEMENT_3D('',#202,#9167,#7301);
#9748 = PLANE('',#9747);
#9749 = ADVANCED_FACE('',(#9746),#9748,.T.);
#9750 = ORIENTED_EDGE('',*,*,#4056,.F.);
#9751 = VECTOR('',#7301,1.);
#9752 = LINE('',#204,#9751);
#9753 = EDGE_CURVE('',#1412,#2016,#9752,.T.);
#9754 = ORIENTED_EDGE('',*,*,#9753,.T.);
#9755 = ORIENTED_EDGE('',*,*,#5693,.F.);
#9756 = ORIENTED_EDGE('',*,*,#9741,.F.);
#9757 = EDGE_LOOP('',(#9750,#9754,#9755,#9756));
#9758 = FACE_OUTER_BOUND('',#9757,.T.);
#9759 = AXIS2_PLACEMENT_3D('',#203,#9180,#7301);
#9760 = PLANE('',#9759);
#9761 = ADVANCED_FACE('',(#9758),#9760,.T.);
#9762 = ORIENTED_EDGE('',*,*,#4052,.F.);
#9763 = VECTOR('',#7301,1.);
#9764 = LINE('',#205,#9763);
#9765 = EDGE_CURVE('',#1413,#2017,#9764,.T.);
#9766 = ORIENTED_EDGE('',*,*,#9765,.T.);
#9767 = ORIENTED_EDGE('',*,*,#5697,.F.);
#9768 = ORIENTED_EDGE('',*,*,#9753,.F.);
#9769 = EDGE_LOOP('',(#9762,#9766,#9767,#9768));
#9770 = FACE_OUTER_BOUND('',#9769,.T.);
#9771 = AXIS2_PLACEMENT_3D('',#204,#9193,#7301);
#9772 = PLANE('',#9771);
#9773 = ADVANCED_FACE('',(#9770),#9772,.T.);
#9774 = ORIENTED_EDGE('',*,*,#4048,.F.);
#9775 = VECTOR('',#7301,1.);
#9776 = LINE('',#206,#9775);
#9777 = EDGE_CURVE('',#1414,#2018,#9776,.T.);
#9778 = ORIENTED_EDGE('',*,*,#9777,.T.);
#9779 = ORIENTED_EDGE('',*,*,#5701,.F.);
#9780 = ORIENTED_EDGE('',*,*,#9765,.F.);
#9781 = EDGE_LOOP('',(#9774,#9778,#9779,#9780));
#9782 = FACE_OUTER_BOUND('',#9781,.T.);
#9783 = AXIS2_PLACEMENT_3D('',#205,#9206,#7301);
#9784 = PLANE('',#9783);
#9785 = ADVANCED_FACE('',(#9782),#9784,.T.);
#9786 = ORIENTED_EDGE('',*,*,#4044,.F.);
#9787 = VECTOR('',#7301,1.);
#9788 = LINE('',#207,#9787);
#9789 = EDGE_CURVE('',#1415,#2019,#9788,.T.);
#9790 = ORIENTED_EDGE('',*,*,#9789,.T.);
#9791 = ORIENTED_EDGE('',*,*,#5705,.F.);
#9792 = ORIENTED_EDGE('',*,*,#9777,.F.);
#9793 = EDGE_LOOP('',(#9786,#9790,#9791,#9792));
#9794 = FACE_OUTER_BOUND('',#9793,.T.);
#9795 = AXIS2_PLACEMENT_3D('',#206,#2447,#7301);
#9796 = PLANE('',#9795);
#9797 = ADVANCED_FACE('',(#9794),#9796,.T.);
#9798 = ORIENTED_EDGE('',*,*,#4040,.F.);
#9799 = VECTOR('',#7301,1.);
#9800 = LINE('',#208,#9799);
#9801 = EDGE_CURVE('',#1416,#2020,#9800,.T.);
#9802 = ORIENTED_EDGE('',*,*,#9801,.T.);
#9803 = ORIENTED_EDGE('',*,*,#5709,.F.);
#9804 = ORIENTED_EDGE('',*,*,#9789,.F.);
#9805 = EDGE_LOOP('',(#9798,#9802,#9803,#9804));
#9806 = FACE_OUTER_BOUND('',#9805,.T.);
#9807 = AXIS2_PLACEMENT_3D('',#207,#7341,#7301);
#9808 = PLANE('',#9807);
#9809 = ADVANCED_FACE('',(#9806),#9808,.T.);
#9810 = ORIENTED_EDGE('',*,*,#4036,.F.);
#9811 = VECTOR('',#7301,1.);
#9812 = LINE('',#209,#9811);
#9813 = EDGE_CURVE('',#1417,#2021,#9812,.T.);
#9814 = ORIENTED_EDGE('',*,*,#9813,.T.);
#9815 = ORIENTED_EDGE('',*,*,#5713,.F.);
#9816 = ORIENTED_EDGE('',*,*,#9801,.F.);
#9817 = EDGE_LOOP('',(#9810,#9814,#9815,#9816));
#9818 = FACE_OUTER_BOUND('',#9817,.T.);
#9819 = AXIS2_PLACEMENT_3D('',#208,#7354,#7301);
#9820 = PLANE('',#9819);
#9821 = ADVANCED_FACE('',(#9818),#9820,.T.);
#9822 = ORIENTED_EDGE('',*,*,#4032,.F.);
#9823 = VECTOR('',#7301,1.);
#9824 = LINE('',#210,#9823);
#9825 = EDGE_CURVE('',#1418,#2022,#9824,.T.);
#9826 = ORIENTED_EDGE('',*,*,#9825,.T.);
#9827 = ORIENTED_EDGE('',*,*,#5717,.F.);
#9828 = ORIENTED_EDGE('',*,*,#9813,.F.);
#9829 = EDGE_LOOP('',(#9822,#9826,#9827,#9828));
#9830 = FACE_OUTER_BOUND('',#9829,.T.);
#9831 = AXIS2_PLACEMENT_3D('',#209,#7367,#7301);
#9832 = PLANE('',#9831);
#9833 = ADVANCED_FACE('',(#9830),#9832,.T.);
#9834 = ORIENTED_EDGE('',*,*,#4028,.F.);
#9835 = VECTOR('',#7301,1.);
#9836 = LINE('',#211,#9835);
#9837 = EDGE_CURVE('',#1419,#2023,#9836,.T.);
#9838 = ORIENTED_EDGE('',*,*,#9837,.T.);
#9839 = ORIENTED_EDGE('',*,*,#5721,.F.);
#9840 = ORIENTED_EDGE('',*,*,#9825,.F.);
#9841 = EDGE_LOOP('',(#9834,#9838,#9839,#9840));
#9842 = FACE_OUTER_BOUND('',#9841,.T.);
#9843 = AXIS2_PLACEMENT_3D('',#210,#7380,#7301);
#9844 = PLANE('',#9843);
#9845 = ADVANCED_FACE('',(#9842),#9844,.T.);
#9846 = ORIENTED_EDGE('',*,*,#4024,.F.);
#9847 = VECTOR('',#7301,1.);
#9848 = LINE('',#212,#9847);
#9849 = EDGE_CURVE('',#1420,#2024,#9848,.T.);
#9850 = ORIENTED_EDGE('',*,*,#9849,.T.);
#9851 = ORIENTED_EDGE('',*,*,#5725,.F.);
#9852 = ORIENTED_EDGE('',*,*,#9837,.F.);
#9853 = EDGE_LOOP('',(#9846,#9850,#9851,#9852));
#9854 = FACE_OUTER_BOUND('',#9853,.T.);
#9855 = AXIS2_PLACEMENT_3D('',#211,#3067,#7301);
#9856 = PLANE('',#9855);
#9857 = ADVANCED_FACE('',(#9854),#9856,.T.);
#9858 = ORIENTED_EDGE('',*,*,#4020,.F.);
#9859 = VECTOR('',#7301,1.);
#9860 = LINE('',#213,#9859);
#9861 = EDGE_CURVE('',#1421,#2025,#9860,.T.);
#9862 = ORIENTED_EDGE('',*,*,#9861,.T.);
#9863 = ORIENTED_EDGE('',*,*,#5729,.F.);
#9864 = ORIENTED_EDGE('',*,*,#9849,.F.);
#9865 = EDGE_LOOP('',(#9858,#9862,#9863,#9864));
#9866 = FACE_OUTER_BOUND('',#9865,.T.);
#9867 = AXIS2_PLACEMENT_3D('',#212,#2447,#7301);
#9868 = PLANE('',#9867);
#9869 = ADVANCED_FACE('',(#9866),#9868,.T.);
#9870 = ORIENTED_EDGE('',*,*,#4016,.F.);
#9871 = VECTOR('',#7301,1.);
#9872 = LINE('',#214,#9871);
#9873 = EDGE_CURVE('',#1422,#2026,#9872,.T.);
#9874 = ORIENTED_EDGE('',*,*,#9873,.T.);
#9875 = ORIENTED_EDGE('',*,*,#5733,.F.);
#9876 = ORIENTED_EDGE('',*,*,#9861,.F.);
#9877 = EDGE_LOOP('',(#9870,#9874,#9875,#9876));
#9878 = FACE_OUTER_BOUND('',#9877,.T.);
#9879 = AXIS2_PLACEMENT_3D('',#213,#2442,#7301);
#9880 = PLANE('',#9879);
#9881 = ADVANCED_FACE('',(#9878),#9880,.T.);
#9882 = ORIENTED_EDGE('',*,*,#4012,.F.);
#9883 = VECTOR('',#7301,1.);
#9884 = LINE('',#215,#9883);
#9885 = EDGE_CURVE('',#1423,#2027,#9884,.T.);
#9886 = ORIENTED_EDGE('',*,*,#9885,.T.);
#9887 = ORIENTED_EDGE('',*,*,#5737,.F.);
#9888 = ORIENTED_EDGE('',*,*,#9873,.F.);
#9889 = EDGE_LOOP('',(#9882,#9886,#9887,#9888));
#9890 = FACE_OUTER_BOUND('',#9889,.T.);
#9891 = AXIS2_PLACEMENT_3D('',#214,#9167,#7301);
#9892 = PLANE('',#9891);
#9893 = ADVANCED_FACE('',(#9890),#9892,.T.);
#9894 = ORIENTED_EDGE('',*,*,#4008,.F.);
#9895 = VECTOR('',#7301,1.);
#9896 = LINE('',#216,#9895);
#9897 = EDGE_CURVE('',#1424,#2028,#9896,.T.);
#9898 = ORIENTED_EDGE('',*,*,#9897,.T.);
#9899 = ORIENTED_EDGE('',*,*,#5741,.F.);
#9900 = ORIENTED_EDGE('',*,*,#9885,.F.);
#9901 = EDGE_LOOP('',(#9894,#9898,#9899,#9900));
#9902 = FACE_OUTER_BOUND('',#9901,.T.);
#9903 = AXIS2_PLACEMENT_3D('',#215,#9180,#7301);
#9904 = PLANE('',#9903);
#9905 = ADVANCED_FACE('',(#9902),#9904,.T.);
#9906 = ORIENTED_EDGE('',*,*,#4004,.F.);
#9907 = VECTOR('',#7301,1.);
#9908 = LINE('',#217,#9907);
#9909 = EDGE_CURVE('',#1425,#2029,#9908,.T.);
#9910 = ORIENTED_EDGE('',*,*,#9909,.T.);
#9911 = ORIENTED_EDGE('',*,*,#5745,.F.);
#9912 = ORIENTED_EDGE('',*,*,#9897,.F.);
#9913 = EDGE_LOOP('',(#9906,#9910,#9911,#9912));
#9914 = FACE_OUTER_BOUND('',#9913,.T.);
#9915 = AXIS2_PLACEMENT_3D('',#216,#9193,#7301);
#9916 = PLANE('',#9915);
#9917 = ADVANCED_FACE('',(#9914),#9916,.T.);
#9918 = ORIENTED_EDGE('',*,*,#4000,.F.);
#9919 = VECTOR('',#7301,1.);
#9920 = LINE('',#218,#9919);
#9921 = EDGE_CURVE('',#1426,#2030,#9920,.T.);
#9922 = ORIENTED_EDGE('',*,*,#9921,.T.);
#9923 = ORIENTED_EDGE('',*,*,#5749,.F.);
#9924 = ORIENTED_EDGE('',*,*,#9909,.F.);
#9925 = EDGE_LOOP('',(#9918,#9922,#9923,#9924));
#9926 = FACE_OUTER_BOUND('',#9925,.T.);
#9927 = AXIS2_PLACEMENT_3D('',#217,#9206,#7301);
#9928 = PLANE('',#9927);
#9929 = ADVANCED_FACE('',(#9926),#9928,.T.);
#9930 = ORIENTED_EDGE('',*,*,#3996,.F.);
#9931 = VECTOR('',#7301,1.);
#9932 = LINE('',#219,#9931);
#9933 = EDGE_CURVE('',#1427,#2031,#9932,.T.);
#9934 = ORIENTED_EDGE('',*,*,#9933,.T.);
#9935 = ORIENTED_EDGE('',*,*,#5753,.F.);
#9936 = ORIENTED_EDGE('',*,*,#9921,.F.);
#9937 = EDGE_LOOP('',(#9930,#9934,#9935,#9936));
#9938 = FACE_OUTER_BOUND('',#9937,.T.);
#9939 = AXIS2_PLACEMENT_3D('',#218,#2447,#7301);
#9940 = PLANE('',#9939);
#9941 = ADVANCED_FACE('',(#9938),#9940,.T.);
#9942 = ORIENTED_EDGE('',*,*,#3992,.F.);
#9943 = VECTOR('',#7301,1.);
#9944 = LINE('',#220,#9943);
#9945 = EDGE_CURVE('',#1428,#2032,#9944,.T.);
#9946 = ORIENTED_EDGE('',*,*,#9945,.T.);
#9947 = ORIENTED_EDGE('',*,*,#5757,.F.);
#9948 = ORIENTED_EDGE('',*,*,#9933,.F.);
#9949 = EDGE_LOOP('',(#9942,#9946,#9947,#9948));
#9950 = FACE_OUTER_BOUND('',#9949,.T.);
#9951 = AXIS2_PLACEMENT_3D('',#219,#7341,#7301);
#9952 = PLANE('',#9951);
#9953 = ADVANCED_FACE('',(#9950),#9952,.T.);
#9954 = ORIENTED_EDGE('',*,*,#3988,.F.);
#9955 = VECTOR('',#7301,1.);
#9956 = LINE('',#221,#9955);
#9957 = EDGE_CURVE('',#1429,#2033,#9956,.T.);
#9958 = ORIENTED_EDGE('',*,*,#9957,.T.);
#9959 = ORIENTED_EDGE('',*,*,#5761,.F.);
#9960 = ORIENTED_EDGE('',*,*,#9945,.F.);
#9961 = EDGE_LOOP('',(#9954,#9958,#9959,#9960));
#9962 = FACE_OUTER_BOUND('',#9961,.T.);
#9963 = AXIS2_PLACEMENT_3D('',#220,#7354,#7301);
#9964 = PLANE('',#9963);
#9965 = ADVANCED_FACE('',(#9962),#9964,.T.);
#9966 = ORIENTED_EDGE('',*,*,#3984,.F.);
#9967 = VECTOR('',#7301,1.);
#9968 = LINE('',#222,#9967);
#9969 = EDGE_CURVE('',#1430,#2034,#9968,.T.);
#9970 = ORIENTED_EDGE('',*,*,#9969,.T.);
#9971 = ORIENTED_EDGE('',*,*,#5765,.F.);
#9972 = ORIENTED_EDGE('',*,*,#9957,.F.);
#9973 = EDGE_LOOP('',(#9966,#9970,#9971,#9972));
#9974 = FACE_OUTER_BOUND('',#9973,.T.);
#9975 = AXIS2_PLACEMENT_3D('',#221,#7367,#7301);
#9976 = PLANE('',#9975);
#9977 = ADVANCED_FACE('',(#9974),#9976,.T.);
#9978 = ORIENTED_EDGE('',*,*,#3980,.F.);
#9979 = VECTOR('',#7301,1.);
#9980 = LINE('',#223,#9979);
#9981 = EDGE_CURVE('',#1431,#2035,#9980,.T.);
#9982 = ORIENTED_EDGE('',*,*,#9981,.T.);
#9983 = ORIENTED_EDGE('',*,*,#5769,.F.);
#9984 = ORIENTED_EDGE('',*,*,#9969,.F.);
#9985 = EDGE_LOOP('',(#9978,#9982,#9983,#9984));
#9986 = FACE_OUTER_BOUND('',#9985,.T.);
#9987 = AXIS2_PLACEMENT_3D('',#222,#7380,#7301);
#9988 = PLANE('',#9987);
#9989 = ADVANCED_FACE('',(#9986),#9988,.T.);
#9990 = ORIENTED_EDGE('',*,*,#3976,.F.);
#9991 = VECTOR('',#7301,1.);
#9992 = LINE('',#224,#9991);
#9993 = EDGE_CURVE('',#1432,#2036,#9992,.T.);
#9994 = ORIENTED_EDGE('',*,*,#9993,.T.);
#9995 = ORIENTED_EDGE('',*,*,#5773,.F.);
#9996 = ORIENTED_EDGE('',*,*,#9981,.F.);
#9997 = EDGE_LOOP('',(#9990,#9994,#9995,#9996));
#9998 = FACE_OUTER_BOUND('',#9997,.T.);
#9999 = AXIS2_PLACEMENT_3D('',#223,#3067,#7301);
#10000 = PLANE('',#9999);
#10001 = ADVANCED_FACE('',(#9998),#10000,.T.);
#10002 = ORIENTED_EDGE('',*,*,#3972,.F.);
#10003 = VECTOR('',#7301,1.);
#10004 = LINE('',#225,#10003);
#10005 = EDGE_CURVE('',#1433,#2037,#10004,.T.);
#10006 = ORIENTED_EDGE('',*,*,#10005,.T.);
#10007 = ORIENTED_EDGE('',*,*,#5777,.F.);
#10008 = ORIENTED_EDGE('',*,*,#9993,.F.);
#10009 = EDGE_LOOP('',(#10002,#10006,#10007,#10008));
#10010 = FACE_OUTER_BOUND('',#10009,.T.);
#10011 = AXIS2_PLACEMENT_3D('',#224,#2447,#7301);
#10012 = PLANE('',#10011);
#10013 = ADVANCED_FACE('',(#10010),#10012,.T.);
#10014 = ORIENTED_EDGE('',*,*,#3968,.F.);
#10015 = VECTOR('',#7301,1.);
#10016 = LINE('',#226,#10015);
#10017 = EDGE_CURVE('',#1434,#2038,#10016,.T.);
#10018 = ORIENTED_EDGE('',*,*,#10017,.T.);
#10019 = ORIENTED_EDGE('',*,*,#5781,.F.);
#10020 = ORIENTED_EDGE('',*,*,#10005,.F.);
#10021 = EDGE_LOOP('',(#10014,#10018,#10019,#10020));
#10022 = FACE_OUTER_BOUND('',#10021,.T.);
#10023 = AXIS2_PLACEMENT_3D('',#225,#2442,#7301);
#10024 = PLANE('',#10023);
#10025 = ADVANCED_FACE('',(#10022),#10024,.T.);
#10026 = ORIENTED_EDGE('',*,*,#3964,.F.);
#10027 = VECTOR('',#7301,1.);
#10028 = LINE('',#227,#10027);
#10029 = EDGE_CURVE('',#1435,#2039,#10028,.T.);
#10030 = ORIENTED_EDGE('',*,*,#10029,.T.);
#10031 = ORIENTED_EDGE('',*,*,#5785,.F.);
#10032 = ORIENTED_EDGE('',*,*,#10017,.F.);
#10033 = EDGE_LOOP('',(#10026,#10030,#10031,#10032));
#10034 = FACE_OUTER_BOUND('',#10033,.T.);
#10035 = AXIS2_PLACEMENT_3D('',#226,#9167,#7301);
#10036 = PLANE('',#10035);
#10037 = ADVANCED_FACE('',(#10034),#10036,.T.);
#10038 = ORIENTED_EDGE('',*,*,#3960,.F.);
#10039 = VECTOR('',#7301,1.);
#10040 = LINE('',#228,#10039);
#10041 = EDGE_CURVE('',#1436,#2040,#10040,.T.);
#10042 = ORIENTED_EDGE('',*,*,#10041,.T.);
#10043 = ORIENTED_EDGE('',*,*,#5789,.F.);
#10044 = ORIENTED_EDGE('',*,*,#10029,.F.);
#10045 = EDGE_LOOP('',(#10038,#10042,#10043,#10044));
#10046 = FACE_OUTER_BOUND('',#10045,.T.);
#10047 = AXIS2_PLACEMENT_3D('',#227,#9180,#7301);
#10048 = PLANE('',#10047);
#10049 = ADVANCED_FACE('',(#10046),#10048,.T.);
#10050 = ORIENTED_EDGE('',*,*,#3956,.F.);
#10051 = VECTOR('',#7301,1.);
#10052 = LINE('',#229,#10051);
#10053 = EDGE_CURVE('',#1437,#2041,#10052,.T.);
#10054 = ORIENTED_EDGE('',*,*,#10053,.T.);
#10055 = ORIENTED_EDGE('',*,*,#5793,.F.);
#10056 = ORIENTED_EDGE('',*,*,#10041,.F.);
#10057 = EDGE_LOOP('',(#10050,#10054,#10055,#10056));
#10058 = FACE_OUTER_BOUND('',#10057,.T.);
#10059 = AXIS2_PLACEMENT_3D('',#228,#9193,#7301);
#10060 = PLANE('',#10059);
#10061 = ADVANCED_FACE('',(#10058),#10060,.T.);
#10062 = ORIENTED_EDGE('',*,*,#3952,.F.);
#10063 = VECTOR('',#7301,1.);
#10064 = LINE('',#230,#10063);
#10065 = EDGE_CURVE('',#1438,#2042,#10064,.T.);
#10066 = ORIENTED_EDGE('',*,*,#10065,.T.);
#10067 = ORIENTED_EDGE('',*,*,#5797,.F.);
#10068 = ORIENTED_EDGE('',*,*,#10053,.F.);
#10069 = EDGE_LOOP('',(#10062,#10066,#10067,#10068));
#10070 = FACE_OUTER_BOUND('',#10069,.T.);
#10071 = AXIS2_PLACEMENT_3D('',#229,#9206,#7301);
#10072 = PLANE('',#10071);
#10073 = ADVANCED_FACE('',(#10070),#10072,.T.);
#10074 = ORIENTED_EDGE('',*,*,#3948,.F.);
#10075 = VECTOR('',#7301,1.);
#10076 = LINE('',#231,#10075);
#10077 = EDGE_CURVE('',#1439,#2043,#10076,.T.);
#10078 = ORIENTED_EDGE('',*,*,#10077,.T.);
#10079 = ORIENTED_EDGE('',*,*,#5801,.F.);
#10080 = ORIENTED_EDGE('',*,*,#10065,.F.);
#10081 = EDGE_LOOP('',(#10074,#10078,#10079,#10080));
#10082 = FACE_OUTER_BOUND('',#10081,.T.);
#10083 = AXIS2_PLACEMENT_3D('',#230,#2447,#7301);
#10084 = PLANE('',#10083);
#10085 = ADVANCED_FACE('',(#10082),#10084,.T.);
#10086 = ORIENTED_EDGE('',*,*,#3944,.F.);
#10087 = VECTOR('',#7301,1.);
#10088 = LINE('',#232,#10087);
#10089 = EDGE_CURVE('',#1440,#2044,#10088,.T.);
#10090 = ORIENTED_EDGE('',*,*,#10089,.T.);
#10091 = ORIENTED_EDGE('',*,*,#5805,.F.);
#10092 = ORIENTED_EDGE('',*,*,#10077,.F.);
#10093 = EDGE_LOOP('',(#10086,#10090,#10091,#10092));
#10094 = FACE_OUTER_BOUND('',#10093,.T.);
#10095 = AXIS2_PLACEMENT_3D('',#231,#7341,#7301);
#10096 = PLANE('',#10095);
#10097 = ADVANCED_FACE('',(#10094),#10096,.T.);
#10098 = ORIENTED_EDGE('',*,*,#3940,.F.);
#10099 = VECTOR('',#7301,1.);
#10100 = LINE('',#233,#10099);
#10101 = EDGE_CURVE('',#1441,#2045,#10100,.T.);
#10102 = ORIENTED_EDGE('',*,*,#10101,.T.);
#10103 = ORIENTED_EDGE('',*,*,#5809,.F.);
#10104 = ORIENTED_EDGE('',*,*,#10089,.F.);
#10105 = EDGE_LOOP('',(#10098,#10102,#10103,#10104));
#10106 = FACE_OUTER_BOUND('',#10105,.T.);
#10107 = AXIS2_PLACEMENT_3D('',#232,#7354,#7301);
#10108 = PLANE('',#10107);
#10109 = ADVANCED_FACE('',(#10106),#10108,.T.);
#10110 = ORIENTED_EDGE('',*,*,#3936,.F.);
#10111 = VECTOR('',#7301,1.);
#10112 = LINE('',#234,#10111);
#10113 = EDGE_CURVE('',#1442,#2046,#10112,.T.);
#10114 = ORIENTED_EDGE('',*,*,#10113,.T.);
#10115 = ORIENTED_EDGE('',*,*,#5813,.F.);
#10116 = ORIENTED_EDGE('',*,*,#10101,.F.);
#10117 = EDGE_LOOP('',(#10110,#10114,#10115,#10116));
#10118 = FACE_OUTER_BOUND('',#10117,.T.);
#10119 = AXIS2_PLACEMENT_3D('',#233,#7367,#7301);
#10120 = PLANE('',#10119);
#10121 = ADVANCED_FACE('',(#10118),#10120,.T.);
#10122 = ORIENTED_EDGE('',*,*,#3932,.F.);
#10123 = VECTOR('',#7301,1.);
#10124 = LINE('',#235,#10123);
#10125 = EDGE_CURVE('',#1443,#2047,#10124,.T.);
#10126 = ORIENTED_EDGE('',*,*,#10125,.T.);
#10127 = ORIENTED_EDGE('',*,*,#5817,.F.);
#10128 = ORIENTED_EDGE('',*,*,#10113,.F.);
#10129 = EDGE_LOOP('',(#10122,#10126,#10127,#10128));
#10130 = FACE_OUTER_BOUND('',#10129,.T.);
#10131 = AXIS2_PLACEMENT_3D('',#234,#7380,#7301);
#10132 = PLANE('',#10131);
#10133 = ADVANCED_FACE('',(#10130),#10132,.T.);
#10134 = ORIENTED_EDGE('',*,*,#3928,.F.);
#10135 = VECTOR('',#7301,1.);
#10136 = LINE('',#236,#10135);
#10137 = EDGE_CURVE('',#1444,#2048,#10136,.T.);
#10138 = ORIENTED_EDGE('',*,*,#10137,.T.);
#10139 = ORIENTED_EDGE('',*,*,#5821,.F.);
#10140 = ORIENTED_EDGE('',*,*,#10125,.F.);
#10141 = EDGE_LOOP('',(#10134,#10138,#10139,#10140));
#10142 = FACE_OUTER_BOUND('',#10141,.T.);
#10143 = AXIS2_PLACEMENT_3D('',#235,#3067,#7301);
#10144 = PLANE('',#10143);
#10145 = ADVANCED_FACE('',(#10142),#10144,.T.);
#10146 = ORIENTED_EDGE('',*,*,#3924,.F.);
#10147 = VECTOR('',#7301,1.);
#10148 = LINE('',#237,#10147);
#10149 = EDGE_CURVE('',#1445,#2049,#10148,.T.);
#10150 = ORIENTED_EDGE('',*,*,#10149,.T.);
#10151 = ORIENTED_EDGE('',*,*,#5825,.F.);
#10152 = ORIENTED_EDGE('',*,*,#10137,.F.);
#10153 = EDGE_LOOP('',(#10146,#10150,#10151,#10152));
#10154 = FACE_OUTER_BOUND('',#10153,.T.);
#10155 = AXIS2_PLACEMENT_3D('',#236,#2447,#7301);
#10156 = PLANE('',#10155);
#10157 = ADVANCED_FACE('',(#10154),#10156,.T.);
#10158 = ORIENTED_EDGE('',*,*,#3920,.F.);
#10159 = VECTOR('',#7301,1.);
#10160 = LINE('',#238,#10159);
#10161 = EDGE_CURVE('',#1446,#2050,#10160,.T.);
#10162 = ORIENTED_EDGE('',*,*,#10161,.T.);
#10163 = ORIENTED_EDGE('',*,*,#5829,.F.);
#10164 = ORIENTED_EDGE('',*,*,#10149,.F.);
#10165 = EDGE_LOOP('',(#10158,#10162,#10163,#10164));
#10166 = FACE_OUTER_BOUND('',#10165,.T.);
#10167 = AXIS2_PLACEMENT_3D('',#237,#2442,#7301);
#10168 = PLANE('',#10167);
#10169 = ADVANCED_FACE('',(#10166),#10168,.T.);
#10170 = ORIENTED_EDGE('',*,*,#3916,.F.);
#10171 = VECTOR('',#7301,1.);
#10172 = LINE('',#239,#10171);
#10173 = EDGE_CURVE('',#1447,#2051,#10172,.T.);
#10174 = ORIENTED_EDGE('',*,*,#10173,.T.);
#10175 = ORIENTED_EDGE('',*,*,#5833,.F.);
#10176 = ORIENTED_EDGE('',*,*,#10161,.F.);
#10177 = EDGE_LOOP('',(#10170,#10174,#10175,#10176));
#10178 = FACE_OUTER_BOUND('',#10177,.T.);
#10179 = AXIS2_PLACEMENT_3D('',#238,#9167,#7301);
#10180 = PLANE('',#10179);
#10181 = ADVANCED_FACE('',(#10178),#10180,.T.);
#10182 = ORIENTED_EDGE('',*,*,#3912,.F.);
#10183 = VECTOR('',#7301,1.);
#10184 = LINE('',#240,#10183);
#10185 = EDGE_CURVE('',#1448,#2052,#10184,.T.);
#10186 = ORIENTED_EDGE('',*,*,#10185,.T.);
#10187 = ORIENTED_EDGE('',*,*,#5837,.F.);
#10188 = ORIENTED_EDGE('',*,*,#10173,.F.);
#10189 = EDGE_LOOP('',(#10182,#10186,#10187,#10188));
#10190 = FACE_OUTER_BOUND('',#10189,.T.);
#10191 = AXIS2_PLACEMENT_3D('',#239,#9180,#7301);
#10192 = PLANE('',#10191);
#10193 = ADVANCED_FACE('',(#10190),#10192,.T.);
#10194 = ORIENTED_EDGE('',*,*,#3908,.F.);
#10195 = VECTOR('',#7301,1.);
#10196 = LINE('',#241,#10195);
#10197 = EDGE_CURVE('',#1449,#2053,#10196,.T.);
#10198 = ORIENTED_EDGE('',*,*,#10197,.T.);
#10199 = ORIENTED_EDGE('',*,*,#5841,.F.);
#10200 = ORIENTED_EDGE('',*,*,#10185,.F.);
#10201 = EDGE_LOOP('',(#10194,#10198,#10199,#10200));
#10202 = FACE_OUTER_BOUND('',#10201,.T.);
#10203 = AXIS2_PLACEMENT_3D('',#240,#9193,#7301);
#10204 = PLANE('',#10203);
#10205 = ADVANCED_FACE('',(#10202),#10204,.T.);
#10206 = ORIENTED_EDGE('',*,*,#3904,.F.);
#10207 = VECTOR('',#7301,1.);
#10208 = LINE('',#242,#10207);
#10209 = EDGE_CURVE('',#1450,#2054,#10208,.T.);
#10210 = ORIENTED_EDGE('',*,*,#10209,.T.);
#10211 = ORIENTED_EDGE('',*,*,#5845,.F.);
#10212 = ORIENTED_EDGE('',*,*,#10197,.F.);
#10213 = EDGE_LOOP('',(#10206,#10210,#10211,#10212));
#10214 = FACE_OUTER_BOUND('',#10213,.T.);
#10215 = AXIS2_PLACEMENT_3D('',#241,#9206,#7301);
#10216 = PLANE('',#10215);
#10217 = ADVANCED_FACE('',(#10214),#10216,.T.);
#10218 = ORIENTED_EDGE('',*,*,#3900,.F.);
#10219 = VECTOR('',#7301,1.);
#10220 = LINE('',#243,#10219);
#10221 = EDGE_CURVE('',#1451,#2055,#10220,.T.);
#10222 = ORIENTED_EDGE('',*,*,#10221,.T.);
#10223 = ORIENTED_EDGE('',*,*,#5849,.F.);
#10224 = ORIENTED_EDGE('',*,*,#10209,.F.);
#10225 = EDGE_LOOP('',(#10218,#10222,#10223,#10224));
#10226 = FACE_OUTER_BOUND('',#10225,.T.);
#10227 = AXIS2_PLACEMENT_3D('',#242,#2447,#7301);
#10228 = PLANE('',#10227);
#10229 = ADVANCED_FACE('',(#10226),#10228,.T.);
#10230 = ORIENTED_EDGE('',*,*,#3896,.F.);
#10231 = VECTOR('',#7301,1.);
#10232 = LINE('',#244,#10231);
#10233 = EDGE_CURVE('',#1452,#2056,#10232,.T.);
#10234 = ORIENTED_EDGE('',*,*,#10233,.T.);
#10235 = ORIENTED_EDGE('',*,*,#5853,.F.);
#10236 = ORIENTED_EDGE('',*,*,#10221,.F.);
#10237 = EDGE_LOOP('',(#10230,#10234,#10235,#10236));
#10238 = FACE_OUTER_BOUND('',#10237,.T.);
#10239 = AXIS2_PLACEMENT_3D('',#243,#7341,#7301);
#10240 = PLANE('',#10239);
#10241 = ADVANCED_FACE('',(#10238),#10240,.T.);
#10242 = ORIENTED_EDGE('',*,*,#3892,.F.);
#10243 = VECTOR('',#7301,1.);
#10244 = LINE('',#245,#10243);
#10245 = EDGE_CURVE('',#1453,#2057,#10244,.T.);
#10246 = ORIENTED_EDGE('',*,*,#10245,.T.);
#10247 = ORIENTED_EDGE('',*,*,#5857,.F.);
#10248 = ORIENTED_EDGE('',*,*,#10233,.F.);
#10249 = EDGE_LOOP('',(#10242,#10246,#10247,#10248));
#10250 = FACE_OUTER_BOUND('',#10249,.T.);
#10251 = AXIS2_PLACEMENT_3D('',#244,#7354,#7301);
#10252 = PLANE('',#10251);
#10253 = ADVANCED_FACE('',(#10250),#10252,.T.);
#10254 = ORIENTED_EDGE('',*,*,#3888,.F.);
#10255 = VECTOR('',#7301,1.);
#10256 = LINE('',#246,#10255);
#10257 = EDGE_CURVE('',#1454,#2058,#10256,.T.);
#10258 = ORIENTED_EDGE('',*,*,#10257,.T.);
#10259 = ORIENTED_EDGE('',*,*,#5861,.F.);
#10260 = ORIENTED_EDGE('',*,*,#10245,.F.);
#10261 = EDGE_LOOP('',(#10254,#10258,#10259,#10260));
#10262 = FACE_OUTER_BOUND('',#10261,.T.);
#10263 = AXIS2_PLACEMENT_3D('',#245,#7367,#7301);
#10264 = PLANE('',#10263);
#10265 = ADVANCED_FACE('',(#10262),#10264,.T.);
#10266 = ORIENTED_EDGE('',*,*,#3884,.F.);
#10267 = VECTOR('',#7301,1.);
#10268 = LINE('',#247,#10267);
#10269 = EDGE_CURVE('',#1455,#2059,#10268,.T.);
#10270 = ORIENTED_EDGE('',*,*,#10269,.T.);
#10271 = ORIENTED_EDGE('',*,*,#5865,.F.);
#10272 = ORIENTED_EDGE('',*,*,#10257,.F.);
#10273 = EDGE_LOOP('',(#10266,#10270,#10271,#10272));
#10274 = FACE_OUTER_BOUND('',#10273,.T.);
#10275 = AXIS2_PLACEMENT_3D('',#246,#7380,#7301);
#10276 = PLANE('',#10275);
#10277 = ADVANCED_FACE('',(#10274),#10276,.T.);
#10278 = ORIENTED_EDGE('',*,*,#3880,.F.);
#10279 = VECTOR('',#7301,1.);
#10280 = LINE('',#248,#10279);
#10281 = EDGE_CURVE('',#1456,#2060,#10280,.T.);
#10282 = ORIENTED_EDGE('',*,*,#10281,.T.);
#10283 = ORIENTED_EDGE('',*,*,#5869,.F.);
#10284 = ORIENTED_EDGE('',*,*,#10269,.F.);
#10285 = EDGE_LOOP('',(#10278,#10282,#10283,#10284));
#10286 = FACE_OUTER_BOUND('',#10285,.T.);
#10287 = AXIS2_PLACEMENT_3D('',#247,#3067,#7301);
#10288 = PLANE('',#10287);
#10289 = ADVANCED_FACE('',(#10286),#10288,.T.);
#10290 = ORIENTED_EDGE('',*,*,#3876,.F.);
#10291 = VECTOR('',#7301,1.);
#10292 = LINE('',#249,#10291);
#10293 = EDGE_CURVE('',#1457,#2061,#10292,.T.);
#10294 = ORIENTED_EDGE('',*,*,#10293,.T.);
#10295 = ORIENTED_EDGE('',*,*,#5873,.F.);
#10296 = ORIENTED_EDGE('',*,*,#10281,.F.);
#10297 = EDGE_LOOP('',(#10290,#10294,#10295,#10296));
#10298 = FACE_OUTER_BOUND('',#10297,.T.);
#10299 = AXIS2_PLACEMENT_3D('',#248,#2447,#7301);
#10300 = PLANE('',#10299);
#10301 = ADVANCED_FACE('',(#10298),#10300,.T.);
#10302 = ORIENTED_EDGE('',*,*,#3872,.F.);
#10303 = VECTOR('',#7301,1.);
#10304 = LINE('',#250,#10303);
#10305 = EDGE_CURVE('',#1458,#2062,#10304,.T.);
#10306 = ORIENTED_EDGE('',*,*,#10305,.T.);
#10307 = ORIENTED_EDGE('',*,*,#5877,.F.);
#10308 = ORIENTED_EDGE('',*,*,#10293,.F.);
#10309 = EDGE_LOOP('',(#10302,#10306,#10307,#10308));
#10310 = FACE_OUTER_BOUND('',#10309,.T.);
#10311 = AXIS2_PLACEMENT_3D('',#249,#2442,#7301);
#10312 = PLANE('',#10311);
#10313 = ADVANCED_FACE('',(#10310),#10312,.T.);
#10314 = ORIENTED_EDGE('',*,*,#3868,.F.);
#10315 = VECTOR('',#7301,1.);
#10316 = LINE('',#251,#10315);
#10317 = EDGE_CURVE('',#1459,#2063,#10316,.T.);
#10318 = ORIENTED_EDGE('',*,*,#10317,.T.);
#10319 = ORIENTED_EDGE('',*,*,#5881,.F.);
#10320 = ORIENTED_EDGE('',*,*,#10305,.F.);
#10321 = EDGE_LOOP('',(#10314,#10318,#10319,#10320));
#10322 = FACE_OUTER_BOUND('',#10321,.T.);
#10323 = AXIS2_PLACEMENT_3D('',#250,#9167,#7301);
#10324 = PLANE('',#10323);
#10325 = ADVANCED_FACE('',(#10322),#10324,.T.);
#10326 = ORIENTED_EDGE('',*,*,#3864,.F.);
#10327 = VECTOR('',#7301,1.);
#10328 = LINE('',#252,#10327);
#10329 = EDGE_CURVE('',#1460,#2064,#10328,.T.);
#10330 = ORIENTED_EDGE('',*,*,#10329,.T.);
#10331 = ORIENTED_EDGE('',*,*,#5885,.F.);
#10332 = ORIENTED_EDGE('',*,*,#10317,.F.);
#10333 = EDGE_LOOP('',(#10326,#10330,#10331,#10332));
#10334 = FACE_OUTER_BOUND('',#10333,.T.);
#10335 = AXIS2_PLACEMENT_3D('',#251,#9180,#7301);
#10336 = PLANE('',#10335);
#10337 = ADVANCED_FACE('',(#10334),#10336,.T.);
#10338 = ORIENTED_EDGE('',*,*,#3860,.F.);
#10339 = VECTOR('',#7301,1.);
#10340 = LINE('',#253,#10339);
#10341 = EDGE_CURVE('',#1461,#2065,#10340,.T.);
#10342 = ORIENTED_EDGE('',*,*,#10341,.T.);
#10343 = ORIENTED_EDGE('',*,*,#5889,.F.);
#10344 = ORIENTED_EDGE('',*,*,#10329,.F.);
#10345 = EDGE_LOOP('',(#10338,#10342,#10343,#10344));
#10346 = FACE_OUTER_BOUND('',#10345,.T.);
#10347 = AXIS2_PLACEMENT_3D('',#252,#9193,#7301);
#10348 = PLANE('',#10347);
#10349 = ADVANCED_FACE('',(#10346),#10348,.T.);
#10350 = ORIENTED_EDGE('',*,*,#3856,.F.);
#10351 = VECTOR('',#7301,1.);
#10352 = LINE('',#254,#10351);
#10353 = EDGE_CURVE('',#1462,#2066,#10352,.T.);
#10354 = ORIENTED_EDGE('',*,*,#10353,.T.);
#10355 = ORIENTED_EDGE('',*,*,#5893,.F.);
#10356 = ORIENTED_EDGE('',*,*,#10341,.F.);
#10357 = EDGE_LOOP('',(#10350,#10354,#10355,#10356));
#10358 = FACE_OUTER_BOUND('',#10357,.T.);
#10359 = AXIS2_PLACEMENT_3D('',#253,#9206,#7301);
#10360 = PLANE('',#10359);
#10361 = ADVANCED_FACE('',(#10358),#10360,.T.);
#10362 = ORIENTED_EDGE('',*,*,#3852,.F.);
#10363 = VECTOR('',#7301,1.);
#10364 = LINE('',#255,#10363);
#10365 = EDGE_CURVE('',#1463,#2067,#10364,.T.);
#10366 = ORIENTED_EDGE('',*,*,#10365,.T.);
#10367 = ORIENTED_EDGE('',*,*,#5897,.F.);
#10368 = ORIENTED_EDGE('',*,*,#10353,.F.);
#10369 = EDGE_LOOP('',(#10362,#10366,#10367,#10368));
#10370 = FACE_OUTER_BOUND('',#10369,.T.);
#10371 = AXIS2_PLACEMENT_3D('',#254,#2447,#7301);
#10372 = PLANE('',#10371);
#10373 = ADVANCED_FACE('',(#10370),#10372,.T.);
#10374 = ORIENTED_EDGE('',*,*,#3848,.F.);
#10375 = VECTOR('',#7301,1.);
#10376 = LINE('',#256,#10375);
#10377 = EDGE_CURVE('',#1464,#2068,#10376,.T.);
#10378 = ORIENTED_EDGE('',*,*,#10377,.T.);
#10379 = ORIENTED_EDGE('',*,*,#5901,.F.);
#10380 = ORIENTED_EDGE('',*,*,#10365,.F.);
#10381 = EDGE_LOOP('',(#10374,#10378,#10379,#10380));
#10382 = FACE_OUTER_BOUND('',#10381,.T.);
#10383 = AXIS2_PLACEMENT_3D('',#255,#7341,#7301);
#10384 = PLANE('',#10383);
#10385 = ADVANCED_FACE('',(#10382),#10384,.T.);
#10386 = ORIENTED_EDGE('',*,*,#3844,.F.);
#10387 = VECTOR('',#7301,1.);
#10388 = LINE('',#257,#10387);
#10389 = EDGE_CURVE('',#1465,#2069,#10388,.T.);
#10390 = ORIENTED_EDGE('',*,*,#10389,.T.);
#10391 = ORIENTED_EDGE('',*,*,#5905,.F.);
#10392 = ORIENTED_EDGE('',*,*,#10377,.F.);
#10393 = EDGE_LOOP('',(#10386,#10390,#10391,#10392));
#10394 = FACE_OUTER_BOUND('',#10393,.T.);
#10395 = AXIS2_PLACEMENT_3D('',#256,#7354,#7301);
#10396 = PLANE('',#10395);
#10397 = ADVANCED_FACE('',(#10394),#10396,.T.);
#10398 = ORIENTED_EDGE('',*,*,#3840,.F.);
#10399 = VECTOR('',#7301,1.);
#10400 = LINE('',#258,#10399);
#10401 = EDGE_CURVE('',#1466,#2070,#10400,.T.);
#10402 = ORIENTED_EDGE('',*,*,#10401,.T.);
#10403 = ORIENTED_EDGE('',*,*,#5909,.F.);
#10404 = ORIENTED_EDGE('',*,*,#10389,.F.);
#10405 = EDGE_LOOP('',(#10398,#10402,#10403,#10404));
#10406 = FACE_OUTER_BOUND('',#10405,.T.);
#10407 = AXIS2_PLACEMENT_3D('',#257,#7367,#7301);
#10408 = PLANE('',#10407);
#10409 = ADVANCED_FACE('',(#10406),#10408,.T.);
#10410 = ORIENTED_EDGE('',*,*,#3836,.F.);
#10411 = VECTOR('',#7301,1.);
#10412 = LINE('',#259,#10411);
#10413 = EDGE_CURVE('',#1467,#2071,#10412,.T.);
#10414 = ORIENTED_EDGE('',*,*,#10413,.T.);
#10415 = ORIENTED_EDGE('',*,*,#5913,.F.);
#10416 = ORIENTED_EDGE('',*,*,#10401,.F.);
#10417 = EDGE_LOOP('',(#10410,#10414,#10415,#10416));
#10418 = FACE_OUTER_BOUND('',#10417,.T.);
#10419 = AXIS2_PLACEMENT_3D('',#258,#7380,#7301);
#10420 = PLANE('',#10419);
#10421 = ADVANCED_FACE('',(#10418),#10420,.T.);
#10422 = ORIENTED_EDGE('',*,*,#3832,.F.);
#10423 = VECTOR('',#7301,1.);
#10424 = LINE('',#260,#10423);
#10425 = EDGE_CURVE('',#1468,#2072,#10424,.T.);
#10426 = ORIENTED_EDGE('',*,*,#10425,.T.);
#10427 = ORIENTED_EDGE('',*,*,#5917,.F.);
#10428 = ORIENTED_EDGE('',*,*,#10413,.F.);
#10429 = EDGE_LOOP('',(#10422,#10426,#10427,#10428));
#10430 = FACE_OUTER_BOUND('',#10429,.T.);
#10431 = AXIS2_PLACEMENT_3D('',#259,#3067,#7301);
#10432 = PLANE('',#10431);
#10433 = ADVANCED_FACE('',(#10430),#10432,.T.);
#10434 = ORIENTED_EDGE('',*,*,#3828,.F.);
#10435 = VECTOR('',#7301,1.);
#10436 = LINE('',#261,#10435);
#10437 = EDGE_CURVE('',#1469,#2073,#10436,.T.);
#10438 = ORIENTED_EDGE('',*,*,#10437,.T.);
#10439 = ORIENTED_EDGE('',*,*,#5921,.F.);
#10440 = ORIENTED_EDGE('',*,*,#10425,.F.);
#10441 = EDGE_LOOP('',(#10434,#10438,#10439,#10440));
#10442 = FACE_OUTER_BOUND('',#10441,.T.);
#10443 = AXIS2_PLACEMENT_3D('',#260,#2447,#7301);
#10444 = PLANE('',#10443);
#10445 = ADVANCED_FACE('',(#10442),#10444,.T.);
#10446 = ORIENTED_EDGE('',*,*,#3824,.F.);
#10447 = VECTOR('',#7301,1.);
#10448 = LINE('',#262,#10447);
#10449 = EDGE_CURVE('',#1470,#2074,#10448,.T.);
#10450 = ORIENTED_EDGE('',*,*,#10449,.T.);
#10451 = ORIENTED_EDGE('',*,*,#5925,.F.);
#10452 = ORIENTED_EDGE('',*,*,#10437,.F.);
#10453 = EDGE_LOOP('',(#10446,#10450,#10451,#10452));
#10454 = FACE_OUTER_BOUND('',#10453,.T.);
#10455 = AXIS2_PLACEMENT_3D('',#261,#2442,#7301);
#10456 = PLANE('',#10455);
#10457 = ADVANCED_FACE('',(#10454),#10456,.T.);
#10458 = ORIENTED_EDGE('',*,*,#3820,.F.);
#10459 = VECTOR('',#7301,1.);
#10460 = LINE('',#263,#10459);
#10461 = EDGE_CURVE('',#1471,#2075,#10460,.T.);
#10462 = ORIENTED_EDGE('',*,*,#10461,.T.);
#10463 = ORIENTED_EDGE('',*,*,#5929,.F.);
#10464 = ORIENTED_EDGE('',*,*,#10449,.F.);
#10465 = EDGE_LOOP('',(#10458,#10462,#10463,#10464));
#10466 = FACE_OUTER_BOUND('',#10465,.T.);
#10467 = AXIS2_PLACEMENT_3D('',#262,#9167,#7301);
#10468 = PLANE('',#10467);
#10469 = ADVANCED_FACE('',(#10466),#10468,.T.);
#10470 = ORIENTED_EDGE('',*,*,#3816,.F.);
#10471 = VECTOR('',#7301,1.);
#10472 = LINE('',#264,#10471);
#10473 = EDGE_CURVE('',#1472,#2076,#10472,.T.);
#10474 = ORIENTED_EDGE('',*,*,#10473,.T.);
#10475 = ORIENTED_EDGE('',*,*,#5933,.F.);
#10476 = ORIENTED_EDGE('',*,*,#10461,.F.);
#10477 = EDGE_LOOP('',(#10470,#10474,#10475,#10476));
#10478 = FACE_OUTER_BOUND('',#10477,.T.);
#10479 = AXIS2_PLACEMENT_3D('',#263,#9180,#7301);
#10480 = PLANE('',#10479);
#10481 = ADVANCED_FACE('',(#10478),#10480,.T.);
#10482 = ORIENTED_EDGE('',*,*,#3812,.F.);
#10483 = VECTOR('',#7301,1.);
#10484 = LINE('',#265,#10483);
#10485 = EDGE_CURVE('',#1473,#2077,#10484,.T.);
#10486 = ORIENTED_EDGE('',*,*,#10485,.T.);
#10487 = ORIENTED_EDGE('',*,*,#5937,.F.);
#10488 = ORIENTED_EDGE('',*,*,#10473,.F.);
#10489 = EDGE_LOOP('',(#10482,#10486,#10487,#10488));
#10490 = FACE_OUTER_BOUND('',#10489,.T.);
#10491 = AXIS2_PLACEMENT_3D('',#264,#9193,#7301);
#10492 = PLANE('',#10491);
#10493 = ADVANCED_FACE('',(#10490),#10492,.T.);
#10494 = ORIENTED_EDGE('',*,*,#3808,.F.);
#10495 = VECTOR('',#7301,1.);
#10496 = LINE('',#266,#10495);
#10497 = EDGE_CURVE('',#1474,#2078,#10496,.T.);
#10498 = ORIENTED_EDGE('',*,*,#10497,.T.);
#10499 = ORIENTED_EDGE('',*,*,#5941,.F.);
#10500 = ORIENTED_EDGE('',*,*,#10485,.F.);
#10501 = EDGE_LOOP('',(#10494,#10498,#10499,#10500));
#10502 = FACE_OUTER_BOUND('',#10501,.T.);
#10503 = AXIS2_PLACEMENT_3D('',#265,#9206,#7301);
#10504 = PLANE('',#10503);
#10505 = ADVANCED_FACE('',(#10502),#10504,.T.);
#10506 = ORIENTED_EDGE('',*,*,#3804,.F.);
#10507 = VECTOR('',#7301,1.);
#10508 = LINE('',#267,#10507);
#10509 = EDGE_CURVE('',#1475,#2079,#10508,.T.);
#10510 = ORIENTED_EDGE('',*,*,#10509,.T.);
#10511 = ORIENTED_EDGE('',*,*,#5945,.F.);
#10512 = ORIENTED_EDGE('',*,*,#10497,.F.);
#10513 = EDGE_LOOP('',(#10506,#10510,#10511,#10512));
#10514 = FACE_OUTER_BOUND('',#10513,.T.);
#10515 = AXIS2_PLACEMENT_3D('',#266,#2447,#7301);
#10516 = PLANE('',#10515);
#10517 = ADVANCED_FACE('',(#10514),#10516,.T.);
#10518 = ORIENTED_EDGE('',*,*,#3800,.F.);
#10519 = VECTOR('',#7301,1.);
#10520 = LINE('',#268,#10519);
#10521 = EDGE_CURVE('',#1476,#2080,#10520,.T.);
#10522 = ORIENTED_EDGE('',*,*,#10521,.T.);
#10523 = ORIENTED_EDGE('',*,*,#5949,.F.);
#10524 = ORIENTED_EDGE('',*,*,#10509,.F.);
#10525 = EDGE_LOOP('',(#10518,#10522,#10523,#10524));
#10526 = FACE_OUTER_BOUND('',#10525,.T.);
#10527 = AXIS2_PLACEMENT_3D('',#267,#7341,#7301);
#10528 = PLANE('',#10527);
#10529 = ADVANCED_FACE('',(#10526),#10528,.T.);
#10530 = ORIENTED_EDGE('',*,*,#3796,.F.);
#10531 = VECTOR('',#7301,1.);
#10532 = LINE('',#269,#10531);
#10533 = EDGE_CURVE('',#1477,#2081,#10532,.T.);
#10534 = ORIENTED_EDGE('',*,*,#10533,.T.);
#10535 = ORIENTED_EDGE('',*,*,#5953,.F.);
#10536 = ORIENTED_EDGE('',*,*,#10521,.F.);
#10537 = EDGE_LOOP('',(#10530,#10534,#10535,#10536));
#10538 = FACE_OUTER_BOUND('',#10537,.T.);
#10539 = AXIS2_PLACEMENT_3D('',#268,#7354,#7301);
#10540 = PLANE('',#10539);
#10541 = ADVANCED_FACE('',(#10538),#10540,.T.);
#10542 = ORIENTED_EDGE('',*,*,#3792,.F.);
#10543 = VECTOR('',#7301,1.);
#10544 = LINE('',#270,#10543);
#10545 = EDGE_CURVE('',#1478,#2082,#10544,.T.);
#10546 = ORIENTED_EDGE('',*,*,#10545,.T.);
#10547 = ORIENTED_EDGE('',*,*,#5957,.F.);
#10548 = ORIENTED_EDGE('',*,*,#10533,.F.);
#10549 = EDGE_LOOP('',(#10542,#10546,#10547,#10548));
#10550 = FACE_OUTER_BOUND('',#10549,.T.);
#10551 = AXIS2_PLACEMENT_3D('',#269,#7367,#7301);
#10552 = PLANE('',#10551);
#10553 = ADVANCED_FACE('',(#10550),#10552,.T.);
#10554 = ORIENTED_EDGE('',*,*,#3788,.F.);
#10555 = VECTOR('',#7301,1.);
#10556 = LINE('',#271,#10555);
#10557 = EDGE_CURVE('',#1479,#2083,#10556,.T.);
#10558 = ORIENTED_EDGE('',*,*,#10557,.T.);
#10559 = ORIENTED_EDGE('',*,*,#5961,.F.);
#10560 = ORIENTED_EDGE('',*,*,#10545,.F.);
#10561 = EDGE_LOOP('',(#10554,#10558,#10559,#10560));
#10562 = FACE_OUTER_BOUND('',#10561,.T.);
#10563 = AXIS2_PLACEMENT_3D('',#270,#7380,#7301);
#10564 = PLANE('',#10563);
#10565 = ADVANCED_FACE('',(#10562),#10564,.T.);
#10566 = ORIENTED_EDGE('',*,*,#3784,.F.);
#10567 = VECTOR('',#7301,1.);
#10568 = LINE('',#272,#10567);
#10569 = EDGE_CURVE('',#1480,#2084,#10568,.T.);
#10570 = ORIENTED_EDGE('',*,*,#10569,.T.);
#10571 = ORIENTED_EDGE('',*,*,#5965,.F.);
#10572 = ORIENTED_EDGE('',*,*,#10557,.F.);
#10573 = EDGE_LOOP('',(#10566,#10570,#10571,#10572));
#10574 = FACE_OUTER_BOUND('',#10573,.T.);
#10575 = AXIS2_PLACEMENT_3D('',#271,#3067,#7301);
#10576 = PLANE('',#10575);
#10577 = ADVANCED_FACE('',(#10574),#10576,.T.);
#10578 = ORIENTED_EDGE('',*,*,#3780,.F.);
#10579 = VECTOR('',#7301,1.);
#10580 = LINE('',#273,#10579);
#10581 = EDGE_CURVE('',#1481,#2085,#10580,.T.);
#10582 = ORIENTED_EDGE('',*,*,#10581,.T.);
#10583 = ORIENTED_EDGE('',*,*,#5969,.F.);
#10584 = ORIENTED_EDGE('',*,*,#10569,.F.);
#10585 = EDGE_LOOP('',(#10578,#10582,#10583,#10584));
#10586 = FACE_OUTER_BOUND('',#10585,.T.);
#10587 = AXIS2_PLACEMENT_3D('',#272,#2447,#7301);
#10588 = PLANE('',#10587);
#10589 = ADVANCED_FACE('',(#10586),#10588,.T.);
#10590 = ORIENTED_EDGE('',*,*,#3776,.F.);
#10591 = VECTOR('',#7301,1.);
#10592 = LINE('',#274,#10591);
#10593 = EDGE_CURVE('',#1482,#2086,#10592,.T.);
#10594 = ORIENTED_EDGE('',*,*,#10593,.T.);
#10595 = ORIENTED_EDGE('',*,*,#5973,.F.);
#10596 = ORIENTED_EDGE('',*,*,#10581,.F.);
#10597 = EDGE_LOOP('',(#10590,#10594,#10595,#10596));
#10598 = FACE_OUTER_BOUND('',#10597,.T.);
#10599 = AXIS2_PLACEMENT_3D('',#273,#2442,#7301);
#10600 = PLANE('',#10599);
#10601 = ADVANCED_FACE('',(#10598),#10600,.T.);
#10602 = ORIENTED_EDGE('',*,*,#3772,.F.);
#10603 = VECTOR('',#7301,1.);
#10604 = LINE('',#275,#10603);
#10605 = EDGE_CURVE('',#1483,#2087,#10604,.T.);
#10606 = ORIENTED_EDGE('',*,*,#10605,.T.);
#10607 = ORIENTED_EDGE('',*,*,#5977,.F.);
#10608 = ORIENTED_EDGE('',*,*,#10593,.F.);
#10609 = EDGE_LOOP('',(#10602,#10606,#10607,#10608));
#10610 = FACE_OUTER_BOUND('',#10609,.T.);
#10611 = AXIS2_PLACEMENT_3D('',#274,#9167,#7301);
#10612 = PLANE('',#10611);
#10613 = ADVANCED_FACE('',(#10610),#10612,.T.);
#10614 = ORIENTED_EDGE('',*,*,#3768,.F.);
#10615 = VECTOR('',#7301,1.);
#10616 = LINE('',#276,#10615);
#10617 = EDGE_CURVE('',#1484,#2088,#10616,.T.);
#10618 = ORIENTED_EDGE('',*,*,#10617,.T.);
#10619 = ORIENTED_EDGE('',*,*,#5981,.F.);
#10620 = ORIENTED_EDGE('',*,*,#10605,.F.);
#10621 = EDGE_LOOP('',(#10614,#10618,#10619,#10620));
#10622 = FACE_OUTER_BOUND('',#10621,.T.);
#10623 = AXIS2_PLACEMENT_3D('',#275,#9180,#7301);
#10624 = PLANE('',#10623);
#10625 = ADVANCED_FACE('',(#10622),#10624,.T.);
#10626 = ORIENTED_EDGE('',*,*,#3764,.F.);
#10627 = VECTOR('',#7301,1.);
#10628 = LINE('',#277,#10627);
#10629 = EDGE_CURVE('',#1485,#2089,#10628,.T.);
#10630 = ORIENTED_EDGE('',*,*,#10629,.T.);
#10631 = ORIENTED_EDGE('',*,*,#5985,.F.);
#10632 = ORIENTED_EDGE('',*,*,#10617,.F.);
#10633 = EDGE_LOOP('',(#10626,#10630,#10631,#10632));
#10634 = FACE_OUTER_BOUND('',#10633,.T.);
#10635 = AXIS2_PLACEMENT_3D('',#276,#9193,#7301);
#10636 = PLANE('',#10635);
#10637 = ADVANCED_FACE('',(#10634),#10636,.T.);
#10638 = ORIENTED_EDGE('',*,*,#3760,.F.);
#10639 = VECTOR('',#7301,1.);
#10640 = LINE('',#278,#10639);
#10641 = EDGE_CURVE('',#1486,#2090,#10640,.T.);
#10642 = ORIENTED_EDGE('',*,*,#10641,.T.);
#10643 = ORIENTED_EDGE('',*,*,#5989,.F.);
#10644 = ORIENTED_EDGE('',*,*,#10629,.F.);
#10645 = EDGE_LOOP('',(#10638,#10642,#10643,#10644));
#10646 = FACE_OUTER_BOUND('',#10645,.T.);
#10647 = AXIS2_PLACEMENT_3D('',#277,#9206,#7301);
#10648 = PLANE('',#10647);
#10649 = ADVANCED_FACE('',(#10646),#10648,.T.);
#10650 = ORIENTED_EDGE('',*,*,#3756,.F.);
#10651 = VECTOR('',#7301,1.);
#10652 = LINE('',#279,#10651);
#10653 = EDGE_CURVE('',#1487,#2091,#10652,.T.);
#10654 = ORIENTED_EDGE('',*,*,#10653,.T.);
#10655 = ORIENTED_EDGE('',*,*,#5993,.F.);
#10656 = ORIENTED_EDGE('',*,*,#10641,.F.);
#10657 = EDGE_LOOP('',(#10650,#10654,#10655,#10656));
#10658 = FACE_OUTER_BOUND('',#10657,.T.);
#10659 = AXIS2_PLACEMENT_3D('',#278,#2447,#7301);
#10660 = PLANE('',#10659);
#10661 = ADVANCED_FACE('',(#10658),#10660,.T.);
#10662 = ORIENTED_EDGE('',*,*,#3752,.F.);
#10663 = VECTOR('',#7301,1.);
#10664 = LINE('',#280,#10663);
#10665 = EDGE_CURVE('',#1488,#2092,#10664,.T.);
#10666 = ORIENTED_EDGE('',*,*,#10665,.T.);
#10667 = ORIENTED_EDGE('',*,*,#5997,.F.);
#10668 = ORIENTED_EDGE('',*,*,#10653,.F.);
#10669 = EDGE_LOOP('',(#10662,#10666,#10667,#10668));
#10670 = FACE_OUTER_BOUND('',#10669,.T.);
#10671 = AXIS2_PLACEMENT_3D('',#279,#7341,#7301);
#10672 = PLANE('',#10671);
#10673 = ADVANCED_FACE('',(#10670),#10672,.T.);
#10674 = ORIENTED_EDGE('',*,*,#3748,.F.);
#10675 = VECTOR('',#7301,1.);
#10676 = LINE('',#281,#10675);
#10677 = EDGE_CURVE('',#1489,#2093,#10676,.T.);
#10678 = ORIENTED_EDGE('',*,*,#10677,.T.);
#10679 = ORIENTED_EDGE('',*,*,#6001,.F.);
#10680 = ORIENTED_EDGE('',*,*,#10665,.F.);
#10681 = EDGE_LOOP('',(#10674,#10678,#10679,#10680));
#10682 = FACE_OUTER_BOUND('',#10681,.T.);
#10683 = AXIS2_PLACEMENT_3D('',#280,#7354,#7301);
#10684 = PLANE('',#10683);
#10685 = ADVANCED_FACE('',(#10682),#10684,.T.);
#10686 = ORIENTED_EDGE('',*,*,#3744,.F.);
#10687 = VECTOR('',#7301,1.);
#10688 = LINE('',#282,#10687);
#10689 = EDGE_CURVE('',#1490,#2094,#10688,.T.);
#10690 = ORIENTED_EDGE('',*,*,#10689,.T.);
#10691 = ORIENTED_EDGE('',*,*,#6005,.F.);
#10692 = ORIENTED_EDGE('',*,*,#10677,.F.);
#10693 = EDGE_LOOP('',(#10686,#10690,#10691,#10692));
#10694 = FACE_OUTER_BOUND('',#10693,.T.);
#10695 = AXIS2_PLACEMENT_3D('',#281,#7367,#7301);
#10696 = PLANE('',#10695);
#10697 = ADVANCED_FACE('',(#10694),#10696,.T.);
#10698 = ORIENTED_EDGE('',*,*,#3740,.F.);
#10699 = VECTOR('',#7301,1.);
#10700 = LINE('',#283,#10699);
#10701 = EDGE_CURVE('',#1491,#2095,#10700,.T.);
#10702 = ORIENTED_EDGE('',*,*,#10701,.T.);
#10703 = ORIENTED_EDGE('',*,*,#6009,.F.);
#10704 = ORIENTED_EDGE('',*,*,#10689,.F.);
#10705 = EDGE_LOOP('',(#10698,#10702,#10703,#10704));
#10706 = FACE_OUTER_BOUND('',#10705,.T.);
#10707 = AXIS2_PLACEMENT_3D('',#282,#7380,#7301);
#10708 = PLANE('',#10707);
#10709 = ADVANCED_FACE('',(#10706),#10708,.T.);
#10710 = ORIENTED_EDGE('',*,*,#3736,.F.);
#10711 = VECTOR('',#7301,1.);
#10712 = LINE('',#284,#10711);
#10713 = EDGE_CURVE('',#1492,#2096,#10712,.T.);
#10714 = ORIENTED_EDGE('',*,*,#10713,.T.);
#10715 = ORIENTED_EDGE('',*,*,#6013,.F.);
#10716 = ORIENTED_EDGE('',*,*,#10701,.F.);
#10717 = EDGE_LOOP('',(#10710,#10714,#10715,#10716));
#10718 = FACE_OUTER_BOUND('',#10717,.T.);
#10719 = AXIS2_PLACEMENT_3D('',#283,#3067,#7301);
#10720 = PLANE('',#10719);
#10721 = ADVANCED_FACE('',(#10718),#10720,.T.);
#10722 = ORIENTED_EDGE('',*,*,#3732,.F.);
#10723 = VECTOR('',#7301,1.);
#10724 = LINE('',#285,#10723);
#10725 = EDGE_CURVE('',#1493,#2097,#10724,.T.);
#10726 = ORIENTED_EDGE('',*,*,#10725,.T.);
#10727 = ORIENTED_EDGE('',*,*,#6017,.F.);
#10728 = ORIENTED_EDGE('',*,*,#10713,.F.);
#10729 = EDGE_LOOP('',(#10722,#10726,#10727,#10728));
#10730 = FACE_OUTER_BOUND('',#10729,.T.);
#10731 = AXIS2_PLACEMENT_3D('',#284,#2447,#7301);
#10732 = PLANE('',#10731);
#10733 = ADVANCED_FACE('',(#10730),#10732,.T.);
#10734 = ORIENTED_EDGE('',*,*,#3728,.F.);
#10735 = VECTOR('',#7301,1.);
#10736 = LINE('',#286,#10735);
#10737 = EDGE_CURVE('',#1494,#2098,#10736,.T.);
#10738 = ORIENTED_EDGE('',*,*,#10737,.T.);
#10739 = ORIENTED_EDGE('',*,*,#6021,.F.);
#10740 = ORIENTED_EDGE('',*,*,#10725,.F.);
#10741 = EDGE_LOOP('',(#10734,#10738,#10739,#10740));
#10742 = FACE_OUTER_BOUND('',#10741,.T.);
#10743 = AXIS2_PLACEMENT_3D('',#285,#2442,#7301);
#10744 = PLANE('',#10743);
#10745 = ADVANCED_FACE('',(#10742),#10744,.T.);
#10746 = ORIENTED_EDGE('',*,*,#3724,.F.);
#10747 = VECTOR('',#7301,1.);
#10748 = LINE('',#287,#10747);
#10749 = EDGE_CURVE('',#1495,#2099,#10748,.T.);
#10750 = ORIENTED_EDGE('',*,*,#10749,.T.);
#10751 = ORIENTED_EDGE('',*,*,#6025,.F.);
#10752 = ORIENTED_EDGE('',*,*,#10737,.F.);
#10753 = EDGE_LOOP('',(#10746,#10750,#10751,#10752));
#10754 = FACE_OUTER_BOUND('',#10753,.T.);
#10755 = AXIS2_PLACEMENT_3D('',#286,#9167,#7301);
#10756 = PLANE('',#10755);
#10757 = ADVANCED_FACE('',(#10754),#10756,.T.);
#10758 = ORIENTED_EDGE('',*,*,#3720,.F.);
#10759 = VECTOR('',#7301,1.);
#10760 = LINE('',#288,#10759);
#10761 = EDGE_CURVE('',#1496,#2100,#10760,.T.);
#10762 = ORIENTED_EDGE('',*,*,#10761,.T.);
#10763 = ORIENTED_EDGE('',*,*,#6029,.F.);
#10764 = ORIENTED_EDGE('',*,*,#10749,.F.);
#10765 = EDGE_LOOP('',(#10758,#10762,#10763,#10764));
#10766 = FACE_OUTER_BOUND('',#10765,.T.);
#10767 = AXIS2_PLACEMENT_3D('',#287,#9180,#7301);
#10768 = PLANE('',#10767);
#10769 = ADVANCED_FACE('',(#10766),#10768,.T.);
#10770 = ORIENTED_EDGE('',*,*,#3716,.F.);
#10771 = VECTOR('',#7301,1.);
#10772 = LINE('',#289,#10771);
#10773 = EDGE_CURVE('',#1497,#2101,#10772,.T.);
#10774 = ORIENTED_EDGE('',*,*,#10773,.T.);
#10775 = ORIENTED_EDGE('',*,*,#6033,.F.);
#10776 = ORIENTED_EDGE('',*,*,#10761,.F.);
#10777 = EDGE_LOOP('',(#10770,#10774,#10775,#10776));
#10778 = FACE_OUTER_BOUND('',#10777,.T.);
#10779 = AXIS2_PLACEMENT_3D('',#288,#9193,#7301);
#10780 = PLANE('',#10779);
#10781 = ADVANCED_FACE('',(#10778),#10780,.T.);
#10782 = ORIENTED_EDGE('',*,*,#3712,.F.);
#10783 = VECTOR('',#7301,1.);
#10784 = LINE('',#290,#10783);
#10785 = EDGE_CURVE('',#1498,#2102,#10784,.T.);
#10786 = ORIENTED_EDGE('',*,*,#10785,.T.);
#10787 = ORIENTED_EDGE('',*,*,#6037,.F.);
#10788 = ORIENTED_EDGE('',*,*,#10773,.F.);
#10789 = EDGE_LOOP('',(#10782,#10786,#10787,#10788));
#10790 = FACE_OUTER_BOUND('',#10789,.T.);
#10791 = AXIS2_PLACEMENT_3D('',#289,#9206,#7301);
#10792 = PLANE('',#10791);
#10793 = ADVANCED_FACE('',(#10790),#10792,.T.);
#10794 = ORIENTED_EDGE('',*,*,#3708,.F.);
#10795 = VECTOR('',#7301,1.);
#10796 = LINE('',#291,#10795);
#10797 = EDGE_CURVE('',#1499,#2103,#10796,.T.);
#10798 = ORIENTED_EDGE('',*,*,#10797,.T.);
#10799 = ORIENTED_EDGE('',*,*,#6041,.F.);
#10800 = ORIENTED_EDGE('',*,*,#10785,.F.);
#10801 = EDGE_LOOP('',(#10794,#10798,#10799,#10800));
#10802 = FACE_OUTER_BOUND('',#10801,.T.);
#10803 = AXIS2_PLACEMENT_3D('',#290,#2447,#7301);
#10804 = PLANE('',#10803);
#10805 = ADVANCED_FACE('',(#10802),#10804,.T.);
#10806 = ORIENTED_EDGE('',*,*,#3704,.F.);
#10807 = VECTOR('',#7301,1.);
#10808 = LINE('',#292,#10807);
#10809 = EDGE_CURVE('',#1500,#2104,#10808,.T.);
#10810 = ORIENTED_EDGE('',*,*,#10809,.T.);
#10811 = ORIENTED_EDGE('',*,*,#6045,.F.);
#10812 = ORIENTED_EDGE('',*,*,#10797,.F.);
#10813 = EDGE_LOOP('',(#10806,#10810,#10811,#10812));
#10814 = FACE_OUTER_BOUND('',#10813,.T.);
#10815 = AXIS2_PLACEMENT_3D('',#291,#7341,#7301);
#10816 = PLANE('',#10815);
#10817 = ADVANCED_FACE('',(#10814),#10816,.T.);
#10818 = ORIENTED_EDGE('',*,*,#3699,.F.);
#10819 = VECTOR('',#7301,1.);
#10820 = LINE('',#293,#10819);
#10821 = EDGE_CURVE('',#1501,#2105,#10820,.T.);
#10822 = ORIENTED_EDGE('',*,*,#10821,.T.);
#10823 = ORIENTED_EDGE('',*,*,#6049,.F.);
#10824 = ORIENTED_EDGE('',*,*,#10809,.F.);
#10825 = EDGE_LOOP('',(#10818,#10822,#10823,#10824));
#10826 = FACE_OUTER_BOUND('',#10825,.T.);
#10827 = AXIS2_PLACEMENT_3D('',#292,#7354,#7301);
#10828 = PLANE('',#10827);
#10829 = ADVANCED_FACE('',(#10826),#10828,.T.);
#10830 = ORIENTED_EDGE('',*,*,#3694,.F.);
#10831 = VECTOR('',#7301,1.);
#10832 = LINE('',#294,#10831);
#10833 = EDGE_CURVE('',#1502,#2106,#10832,.T.);
#10834 = ORIENTED_EDGE('',*,*,#10833,.T.);
#10835 = ORIENTED_EDGE('',*,*,#6053,.F.);
#10836 = ORIENTED_EDGE('',*,*,#10821,.F.);
#10837 = EDGE_LOOP('',(#10830,#10834,#10835,#10836));
#10838 = FACE_OUTER_BOUND('',#10837,.T.);
#10839 = AXIS2_PLACEMENT_3D('',#293,#7367,#7301);
#10840 = PLANE('',#10839);
#10841 = ADVANCED_FACE('',(#10838),#10840,.T.);
#10842 = ORIENTED_EDGE('',*,*,#3689,.F.);
#10843 = VECTOR('',#7301,1.);
#10844 = LINE('',#295,#10843);
#10845 = EDGE_CURVE('',#1503,#2107,#10844,.T.);
#10846 = ORIENTED_EDGE('',*,*,#10845,.T.);
#10847 = ORIENTED_EDGE('',*,*,#6057,.F.);
#10848 = ORIENTED_EDGE('',*,*,#10833,.F.);
#10849 = EDGE_LOOP('',(#10842,#10846,#10847,#10848));
#10850 = FACE_OUTER_BOUND('',#10849,.T.);
#10851 = AXIS2_PLACEMENT_3D('',#294,#7380,#7301);
#10852 = PLANE('',#10851);
#10853 = ADVANCED_FACE('',(#10850),#10852,.T.);
#10854 = ORIENTED_EDGE('',*,*,#3684,.F.);
#10855 = VECTOR('',#7301,1.);
#10856 = LINE('',#296,#10855);
#10857 = EDGE_CURVE('',#1504,#2108,#10856,.T.);
#10858 = ORIENTED_EDGE('',*,*,#10857,.T.);
#10859 = ORIENTED_EDGE('',*,*,#6061,.F.);
#10860 = ORIENTED_EDGE('',*,*,#10845,.F.);
#10861 = EDGE_LOOP('',(#10854,#10858,#10859,#10860));
#10862 = FACE_OUTER_BOUND('',#10861,.T.);
#10863 = AXIS2_PLACEMENT_3D('',#295,#3067,#7301);
#10864 = PLANE('',#10863);
#10865 = ADVANCED_FACE('',(#10862),#10864,.T.);
#10866 = ORIENTED_EDGE('',*,*,#3680,.F.);
#10867 = VECTOR('',#7301,1.);
#10868 = LINE('',#297,#10867);
#10869 = EDGE_CURVE('',#1505,#2109,#10868,.T.);
#10870 = ORIENTED_EDGE('',*,*,#10869,.T.);
#10871 = ORIENTED_EDGE('',*,*,#6065,.F.);
#10872 = ORIENTED_EDGE('',*,*,#10857,.F.);
#10873 = EDGE_LOOP('',(#10866,#10870,#10871,#10872));
#10874 = FACE_OUTER_BOUND('',#10873,.T.);
#10875 = AXIS2_PLACEMENT_3D('',#296,#2447,#7301);
#10876 = PLANE('',#10875);
#10877 = ADVANCED_FACE('',(#10874),#10876,.T.);
#10878 = ORIENTED_EDGE('',*,*,#3676,.F.);
#10879 = VECTOR('',#7301,1.);
#10880 = LINE('',#298,#10879);
#10881 = EDGE_CURVE('',#1506,#2110,#10880,.T.);
#10882 = ORIENTED_EDGE('',*,*,#10881,.T.);
#10883 = ORIENTED_EDGE('',*,*,#6069,.F.);
#10884 = ORIENTED_EDGE('',*,*,#10869,.F.);
#10885 = EDGE_LOOP('',(#10878,#10882,#10883,#10884));
#10886 = FACE_OUTER_BOUND('',#10885,.T.);
#10887 = DIRECTION('',(0.991444861,0.130526192,0));
#10888 = AXIS2_PLACEMENT_3D('',#297,#10887,#7301);
#10889 = PLANE('',#10888);
#10890 = ADVANCED_FACE('',(#10886),#10889,.T.);
#10891 = ORIENTED_EDGE('',*,*,#3671,.F.);
#10892 = VECTOR('',#7301,1.);
#10893 = LINE('',#299,#10892);
#10894 = EDGE_CURVE('',#1507,#2111,#10893,.T.);
#10895 = ORIENTED_EDGE('',*,*,#10894,.T.);
#10896 = ORIENTED_EDGE('',*,*,#6073,.F.);
#10897 = ORIENTED_EDGE('',*,*,#10881,.F.);
#10898 = EDGE_LOOP('',(#10891,#10895,#10896,#10897));
#10899 = FACE_OUTER_BOUND('',#10898,.T.);
#10900 = DIRECTION('',(0.923879533,0.382683432,0));
#10901 = AXIS2_PLACEMENT_3D('',#298,#10900,#7301);
#10902 = PLANE('',#10901);
#10903 = ADVANCED_FACE('',(#10899),#10902,.T.);
#10904 = ORIENTED_EDGE('',*,*,#3666,.F.);
#10905 = VECTOR('',#7301,1.);
#10906 = LINE('',#300,#10905);
#10907 = EDGE_CURVE('',#1508,#2112,#10906,.T.);
#10908 = ORIENTED_EDGE('',*,*,#10907,.T.);
#10909 = ORIENTED_EDGE('',*,*,#6077,.F.);
#10910 = ORIENTED_EDGE('',*,*,#10894,.F.);
#10911 = EDGE_LOOP('',(#10904,#10908,#10909,#10910));
#10912 = FACE_OUTER_BOUND('',#10911,.T.);
#10913 = DIRECTION('',(0.79335334,0.608761429,0));
#10914 = AXIS2_PLACEMENT_3D('',#299,#10913,#7301);
#10915 = PLANE('',#10914);
#10916 = ADVANCED_FACE('',(#10912),#10915,.T.);
#10917 = ORIENTED_EDGE('',*,*,#3661,.F.);
#10918 = VECTOR('',#7301,1.);
#10919 = LINE('',#301,#10918);
#10920 = EDGE_CURVE('',#1509,#2113,#10919,.T.);
#10921 = ORIENTED_EDGE('',*,*,#10920,.T.);
#10922 = ORIENTED_EDGE('',*,*,#6081,.F.);
#10923 = ORIENTED_EDGE('',*,*,#10907,.F.);
#10924 = EDGE_LOOP('',(#10917,#10921,#10922,#10923));
#10925 = FACE_OUTER_BOUND('',#10924,.T.);
#10926 = DIRECTION('',(0.608761429,0.79335334,0));
#10927 = AXIS2_PLACEMENT_3D('',#300,#10926,#7301);
#10928 = PLANE('',#10927);
#10929 = ADVANCED_FACE('',(#10925),#10928,.T.);
#10930 = ORIENTED_EDGE('',*,*,#3656,.F.);
#10931 = VECTOR('',#7301,1.);
#10932 = LINE('',#302,#10931);
#10933 = EDGE_CURVE('',#1510,#2114,#10932,.T.);
#10934 = ORIENTED_EDGE('',*,*,#10933,.T.);
#10935 = ORIENTED_EDGE('',*,*,#6085,.F.);
#10936 = ORIENTED_EDGE('',*,*,#10920,.F.);
#10937 = EDGE_LOOP('',(#10930,#10934,#10935,#10936));
#10938 = FACE_OUTER_BOUND('',#10937,.T.);
#10939 = DIRECTION('',(0.382683432,0.923879533,0));
#10940 = AXIS2_PLACEMENT_3D('',#301,#10939,#7301);
#10941 = PLANE('',#10940);
#10942 = ADVANCED_FACE('',(#10938),#10941,.T.);
#10943 = ORIENTED_EDGE('',*,*,#3651,.F.);
#10944 = VECTOR('',#7301,1.);
#10945 = LINE('',#303,#10944);
#10946 = EDGE_CURVE('',#1511,#2115,#10945,.T.);
#10947 = ORIENTED_EDGE('',*,*,#10946,.T.);
#10948 = ORIENTED_EDGE('',*,*,#6089,.F.);
#10949 = ORIENTED_EDGE('',*,*,#10933,.F.);
#10950 = EDGE_LOOP('',(#10943,#10947,#10948,#10949));
#10951 = FACE_OUTER_BOUND('',#10950,.T.);
#10952 = DIRECTION('',(0.130526192,0.991444861,0));
#10953 = AXIS2_PLACEMENT_3D('',#302,#10952,#7301);
#10954 = PLANE('',#10953);
#10955 = ADVANCED_FACE('',(#10951),#10954,.T.);
#10956 = ORIENTED_EDGE('',*,*,#3646,.F.);
#10957 = VECTOR('',#7301,1.);
#10958 = LINE('',#304,#10957);
#10959 = EDGE_CURVE('',#1512,#2116,#10958,.T.);
#10960 = ORIENTED_EDGE('',*,*,#10959,.T.);
#10961 = ORIENTED_EDGE('',*,*,#6093,.F.);
#10962 = ORIENTED_EDGE('',*,*,#10946,.F.);
#10963 = EDGE_LOOP('',(#10956,#10960,#10961,#10962));
#10964 = FACE_OUTER_BOUND('',#10963,.T.);
#10965 = AXIS2_PLACEMENT_3D('',#303,#2442,#7301);
#10966 = PLANE('',#10965);
#10967 = ADVANCED_FACE('',(#10964),#10966,.T.);
#10968 = ORIENTED_EDGE('',*,*,#3642,.F.);
#10969 = VECTOR('',#7301,1.);
#10970 = LINE('',#305,#10969);
#10971 = EDGE_CURVE('',#1513,#2117,#10970,.T.);
#10972 = ORIENTED_EDGE('',*,*,#10971,.T.);
#10973 = ORIENTED_EDGE('',*,*,#6097,.F.);
#10974 = ORIENTED_EDGE('',*,*,#10959,.F.);
#10975 = EDGE_LOOP('',(#10968,#10972,#10973,#10974));
#10976 = FACE_OUTER_BOUND('',#10975,.T.);
#10977 = AXIS2_PLACEMENT_3D('',#304,#2496,#7301);
#10978 = PLANE('',#10977);
#10979 = ADVANCED_FACE('',(#10976),#10978,.T.);
#10980 = ORIENTED_EDGE('',*,*,#3638,.F.);
#10981 = VECTOR('',#7301,1.);
#10982 = LINE('',#306,#10981);
#10983 = EDGE_CURVE('',#1514,#2118,#10982,.T.);
#10984 = ORIENTED_EDGE('',*,*,#10983,.T.);
#10985 = ORIENTED_EDGE('',*,*,#6101,.F.);
#10986 = ORIENTED_EDGE('',*,*,#10971,.F.);
#10987 = EDGE_LOOP('',(#10980,#10984,#10985,#10986));
#10988 = FACE_OUTER_BOUND('',#10987,.T.);
#10989 = DIRECTION('',(-0.98078528,0.195090322,0));
#10990 = AXIS2_PLACEMENT_3D('',#305,#10989,#7301);
#10991 = PLANE('',#10990);
#10992 = ADVANCED_FACE('',(#10988),#10991,.T.);
#10993 = ORIENTED_EDGE('',*,*,#3634,.F.);
#10994 = VECTOR('',#7301,1.);
#10995 = LINE('',#307,#10994);
#10996 = EDGE_CURVE('',#1515,#2119,#10995,.T.);
#10997 = ORIENTED_EDGE('',*,*,#10996,.T.);
#10998 = ORIENTED_EDGE('',*,*,#6105,.F.);
#10999 = ORIENTED_EDGE('',*,*,#10983,.F.);
#11000 = EDGE_LOOP('',(#10993,#10997,#10998,#10999));
#11001 = FACE_OUTER_BOUND('',#11000,.T.);
#11002 = DIRECTION('',(-0.831469612,0.555570233,0));
#11003 = AXIS2_PLACEMENT_3D('',#306,#11002,#7301);
#11004 = PLANE('',#11003);
#11005 = ADVANCED_FACE('',(#11001),#11004,.T.);
#11006 = ORIENTED_EDGE('',*,*,#3630,.F.);
#11007 = VECTOR('',#7301,1.);
#11008 = LINE('',#308,#11007);
#11009 = EDGE_CURVE('',#1516,#2120,#11008,.T.);
#11010 = ORIENTED_EDGE('',*,*,#11009,.T.);
#11011 = ORIENTED_EDGE('',*,*,#6109,.F.);
#11012 = ORIENTED_EDGE('',*,*,#10996,.F.);
#11013 = EDGE_LOOP('',(#11006,#11010,#11011,#11012));
#11014 = FACE_OUTER_BOUND('',#11013,.T.);
#11015 = DIRECTION('',(-0.555570233,0.831469612,0));
#11016 = AXIS2_PLACEMENT_3D('',#307,#11015,#7301);
#11017 = PLANE('',#11016);
#11018 = ADVANCED_FACE('',(#11014),#11017,.T.);
#11019 = ORIENTED_EDGE('',*,*,#3626,.F.);
#11020 = VECTOR('',#7301,1.);
#11021 = LINE('',#309,#11020);
#11022 = EDGE_CURVE('',#1517,#2121,#11021,.T.);
#11023 = ORIENTED_EDGE('',*,*,#11022,.T.);
#11024 = ORIENTED_EDGE('',*,*,#6113,.F.);
#11025 = ORIENTED_EDGE('',*,*,#11009,.F.);
#11026 = EDGE_LOOP('',(#11019,#11023,#11024,#11025));
#11027 = FACE_OUTER_BOUND('',#11026,.T.);
#11028 = DIRECTION('',(-0.195090322,0.98078528,0));
#11029 = AXIS2_PLACEMENT_3D('',#308,#11028,#7301);
#11030 = PLANE('',#11029);
#11031 = ADVANCED_FACE('',(#11027),#11030,.T.);
#11032 = ORIENTED_EDGE('',*,*,#3622,.F.);
#11033 = VECTOR('',#7301,1.);
#11034 = LINE('',#310,#11033);
#11035 = EDGE_CURVE('',#1518,#2122,#11034,.T.);
#11036 = ORIENTED_EDGE('',*,*,#11035,.T.);
#11037 = ORIENTED_EDGE('',*,*,#6117,.F.);
#11038 = ORIENTED_EDGE('',*,*,#11022,.F.);
#11039 = EDGE_LOOP('',(#11032,#11036,#11037,#11038));
#11040 = FACE_OUTER_BOUND('',#11039,.T.);
#11041 = AXIS2_PLACEMENT_3D('',#309,#2442,#7301);
#11042 = PLANE('',#11041);
#11043 = ADVANCED_FACE('',(#11040),#11042,.T.);
#11044 = ORIENTED_EDGE('',*,*,#3618,.F.);
#11045 = VECTOR('',#7301,1.);
#11046 = LINE('',#311,#11045);
#11047 = EDGE_CURVE('',#1519,#2123,#11046,.T.);
#11048 = ORIENTED_EDGE('',*,*,#11047,.T.);
#11049 = ORIENTED_EDGE('',*,*,#6121,.F.);
#11050 = ORIENTED_EDGE('',*,*,#11035,.F.);
#11051 = EDGE_LOOP('',(#11044,#11048,#11049,#11050));
#11052 = FACE_OUTER_BOUND('',#11051,.T.);
#11053 = AXIS2_PLACEMENT_3D('',#310,#9167,#7301);
#11054 = PLANE('',#11053);
#11055 = ADVANCED_FACE('',(#11052),#11054,.T.);
#11056 = ORIENTED_EDGE('',*,*,#3614,.F.);
#11057 = VECTOR('',#7301,1.);
#11058 = LINE('',#312,#11057);
#11059 = EDGE_CURVE('',#1520,#2124,#11058,.T.);
#11060 = ORIENTED_EDGE('',*,*,#11059,.T.);
#11061 = ORIENTED_EDGE('',*,*,#6125,.F.);
#11062 = ORIENTED_EDGE('',*,*,#11047,.F.);
#11063 = EDGE_LOOP('',(#11056,#11060,#11061,#11062));
#11064 = FACE_OUTER_BOUND('',#11063,.T.);
#11065 = AXIS2_PLACEMENT_3D('',#311,#9180,#7301);
#11066 = PLANE('',#11065);
#11067 = ADVANCED_FACE('',(#11064),#11066,.T.);
#11068 = ORIENTED_EDGE('',*,*,#3610,.F.);
#11069 = VECTOR('',#7301,1.);
#11070 = LINE('',#313,#11069);
#11071 = EDGE_CURVE('',#1521,#2125,#11070,.T.);
#11072 = ORIENTED_EDGE('',*,*,#11071,.T.);
#11073 = ORIENTED_EDGE('',*,*,#6129,.F.);
#11074 = ORIENTED_EDGE('',*,*,#11059,.F.);
#11075 = EDGE_LOOP('',(#11068,#11072,#11073,#11074));
#11076 = FACE_OUTER_BOUND('',#11075,.T.);
#11077 = AXIS2_PLACEMENT_3D('',#312,#9193,#7301);
#11078 = PLANE('',#11077);
#11079 = ADVANCED_FACE('',(#11076),#11078,.T.);
#11080 = ORIENTED_EDGE('',*,*,#3606,.F.);
#11081 = VECTOR('',#7301,1.);
#11082 = LINE('',#314,#11081);
#11083 = EDGE_CURVE('',#1522,#2126,#11082,.T.);
#11084 = ORIENTED_EDGE('',*,*,#11083,.T.);
#11085 = ORIENTED_EDGE('',*,*,#6133,.F.);
#11086 = ORIENTED_EDGE('',*,*,#11071,.F.);
#11087 = EDGE_LOOP('',(#11080,#11084,#11085,#11086));
#11088 = FACE_OUTER_BOUND('',#11087,.T.);
#11089 = AXIS2_PLACEMENT_3D('',#313,#9206,#7301);
#11090 = PLANE('',#11089);
#11091 = ADVANCED_FACE('',(#11088),#11090,.T.);
#11092 = ORIENTED_EDGE('',*,*,#3602,.F.);
#11093 = VECTOR('',#7301,1.);
#11094 = LINE('',#315,#11093);
#11095 = EDGE_CURVE('',#1523,#2127,#11094,.T.);
#11096 = ORIENTED_EDGE('',*,*,#11095,.T.);
#11097 = ORIENTED_EDGE('',*,*,#6137,.F.);
#11098 = ORIENTED_EDGE('',*,*,#11083,.F.);
#11099 = EDGE_LOOP('',(#11092,#11096,#11097,#11098));
#11100 = FACE_OUTER_BOUND('',#11099,.T.);
#11101 = AXIS2_PLACEMENT_3D('',#314,#2447,#7301);
#11102 = PLANE('',#11101);
#11103 = ADVANCED_FACE('',(#11100),#11102,.T.);
#11104 = ORIENTED_EDGE('',*,*,#3598,.F.);
#11105 = VECTOR('',#7301,1.);
#11106 = LINE('',#316,#11105);
#11107 = EDGE_CURVE('',#1524,#2128,#11106,.T.);
#11108 = ORIENTED_EDGE('',*,*,#11107,.T.);
#11109 = ORIENTED_EDGE('',*,*,#6141,.F.);
#11110 = ORIENTED_EDGE('',*,*,#11095,.F.);
#11111 = EDGE_LOOP('',(#11104,#11108,#11109,#11110));
#11112 = FACE_OUTER_BOUND('',#11111,.T.);
#11113 = AXIS2_PLACEMENT_3D('',#315,#2442,#7301);
#11114 = PLANE('',#11113);
#11115 = ADVANCED_FACE('',(#11112),#11114,.T.);
#11116 = ORIENTED_EDGE('',*,*,#3594,.F.);
#11117 = VECTOR('',#7301,1.);
#11118 = LINE('',#317,#11117);
#11119 = EDGE_CURVE('',#1525,#2129,#11118,.T.);
#11120 = ORIENTED_EDGE('',*,*,#11119,.T.);
#11121 = ORIENTED_EDGE('',*,*,#6145,.F.);
#11122 = ORIENTED_EDGE('',*,*,#11107,.F.);
#11123 = EDGE_LOOP('',(#11116,#11120,#11121,#11122));
#11124 = FACE_OUTER_BOUND('',#11123,.T.);
#11125 = AXIS2_PLACEMENT_3D('',#316,#2496,#7301);
#11126 = PLANE('',#11125);
#11127 = ADVANCED_FACE('',(#11124),#11126,.T.);
#11128 = ORIENTED_EDGE('',*,*,#3590,.F.);
#11129 = VECTOR('',#7301,1.);
#11130 = LINE('',#318,#11129);
#11131 = EDGE_CURVE('',#1526,#2130,#11130,.T.);
#11132 = ORIENTED_EDGE('',*,*,#11131,.T.);
#11133 = ORIENTED_EDGE('',*,*,#6149,.F.);
#11134 = ORIENTED_EDGE('',*,*,#11119,.F.);
#11135 = EDGE_LOOP('',(#11128,#11132,#11133,#11134));
#11136 = FACE_OUTER_BOUND('',#11135,.T.);
#11137 = AXIS2_PLACEMENT_3D('',#317,#10989,#7301);
#11138 = PLANE('',#11137);
#11139 = ADVANCED_FACE('',(#11136),#11138,.T.);
#11140 = ORIENTED_EDGE('',*,*,#3586,.F.);
#11141 = VECTOR('',#7301,1.);
#11142 = LINE('',#319,#11141);
#11143 = EDGE_CURVE('',#1527,#2131,#11142,.T.);
#11144 = ORIENTED_EDGE('',*,*,#11143,.T.);
#11145 = ORIENTED_EDGE('',*,*,#6153,.F.);
#11146 = ORIENTED_EDGE('',*,*,#11131,.F.);
#11147 = EDGE_LOOP('',(#11140,#11144,#11145,#11146));
#11148 = FACE_OUTER_BOUND('',#11147,.T.);
#11149 = AXIS2_PLACEMENT_3D('',#318,#11002,#7301);
#11150 = PLANE('',#11149);
#11151 = ADVANCED_FACE('',(#11148),#11150,.T.);
#11152 = ORIENTED_EDGE('',*,*,#3582,.F.);
#11153 = VECTOR('',#7301,1.);
#11154 = LINE('',#320,#11153);
#11155 = EDGE_CURVE('',#1528,#2132,#11154,.T.);
#11156 = ORIENTED_EDGE('',*,*,#11155,.T.);
#11157 = ORIENTED_EDGE('',*,*,#6157,.F.);
#11158 = ORIENTED_EDGE('',*,*,#11143,.F.);
#11159 = EDGE_LOOP('',(#11152,#11156,#11157,#11158));
#11160 = FACE_OUTER_BOUND('',#11159,.T.);
#11161 = AXIS2_PLACEMENT_3D('',#319,#11015,#7301);
#11162 = PLANE('',#11161);
#11163 = ADVANCED_FACE('',(#11160),#11162,.T.);
#11164 = ORIENTED_EDGE('',*,*,#3578,.F.);
#11165 = VECTOR('',#7301,1.);
#11166 = LINE('',#321,#11165);
#11167 = EDGE_CURVE('',#1529,#2133,#11166,.T.);
#11168 = ORIENTED_EDGE('',*,*,#11167,.T.);
#11169 = ORIENTED_EDGE('',*,*,#6161,.F.);
#11170 = ORIENTED_EDGE('',*,*,#11155,.F.);
#11171 = EDGE_LOOP('',(#11164,#11168,#11169,#11170));
#11172 = FACE_OUTER_BOUND('',#11171,.T.);
#11173 = AXIS2_PLACEMENT_3D('',#320,#11028,#7301);
#11174 = PLANE('',#11173);
#11175 = ADVANCED_FACE('',(#11172),#11174,.T.);
#11176 = ORIENTED_EDGE('',*,*,#3574,.F.);
#11177 = VECTOR('',#7301,1.);
#11178 = LINE('',#322,#11177);
#11179 = EDGE_CURVE('',#1530,#2134,#11178,.T.);
#11180 = ORIENTED_EDGE('',*,*,#11179,.T.);
#11181 = ORIENTED_EDGE('',*,*,#6165,.F.);
#11182 = ORIENTED_EDGE('',*,*,#11167,.F.);
#11183 = EDGE_LOOP('',(#11176,#11180,#11181,#11182));
#11184 = FACE_OUTER_BOUND('',#11183,.T.);
#11185 = AXIS2_PLACEMENT_3D('',#321,#2442,#7301);
#11186 = PLANE('',#11185);
#11187 = ADVANCED_FACE('',(#11184),#11186,.T.);
#11188 = ORIENTED_EDGE('',*,*,#3570,.F.);
#11189 = VECTOR('',#7301,1.);
#11190 = LINE('',#323,#11189);
#11191 = EDGE_CURVE('',#1531,#2135,#11190,.T.);
#11192 = ORIENTED_EDGE('',*,*,#11191,.T.);
#11193 = ORIENTED_EDGE('',*,*,#6169,.F.);
#11194 = ORIENTED_EDGE('',*,*,#11179,.F.);
#11195 = EDGE_LOOP('',(#11188,#11192,#11193,#11194));
#11196 = FACE_OUTER_BOUND('',#11195,.T.);
#11197 = AXIS2_PLACEMENT_3D('',#322,#9167,#7301);
#11198 = PLANE('',#11197);
#11199 = ADVANCED_FACE('',(#11196),#11198,.T.);
#11200 = ORIENTED_EDGE('',*,*,#3566,.F.);
#11201 = VECTOR('',#7301,1.);
#11202 = LINE('',#324,#11201);
#11203 = EDGE_CURVE('',#1532,#2136,#11202,.T.);
#11204 = ORIENTED_EDGE('',*,*,#11203,.T.);
#11205 = ORIENTED_EDGE('',*,*,#6173,.F.);
#11206 = ORIENTED_EDGE('',*,*,#11191,.F.);
#11207 = EDGE_LOOP('',(#11200,#11204,#11205,#11206));
#11208 = FACE_OUTER_BOUND('',#11207,.T.);
#11209 = AXIS2_PLACEMENT_3D('',#323,#9180,#7301);
#11210 = PLANE('',#11209);
#11211 = ADVANCED_FACE('',(#11208),#11210,.T.);
#11212 = ORIENTED_EDGE('',*,*,#3562,.F.);
#11213 = VECTOR('',#7301,1.);
#11214 = LINE('',#325,#11213);
#11215 = EDGE_CURVE('',#1533,#2137,#11214,.T.);
#11216 = ORIENTED_EDGE('',*,*,#11215,.T.);
#11217 = ORIENTED_EDGE('',*,*,#6177,.F.);
#11218 = ORIENTED_EDGE('',*,*,#11203,.F.);
#11219 = EDGE_LOOP('',(#11212,#11216,#11217,#11218));
#11220 = FACE_OUTER_BOUND('',#11219,.T.);
#11221 = AXIS2_PLACEMENT_3D('',#324,#9193,#7301);
#11222 = PLANE('',#11221);
#11223 = ADVANCED_FACE('',(#11220),#11222,.T.);
#11224 = ORIENTED_EDGE('',*,*,#3558,.F.);
#11225 = VECTOR('',#7301,1.);
#11226 = LINE('',#326,#11225);
#11227 = EDGE_CURVE('',#1534,#2138,#11226,.T.);
#11228 = ORIENTED_EDGE('',*,*,#11227,.T.);
#11229 = ORIENTED_EDGE('',*,*,#6181,.F.);
#11230 = ORIENTED_EDGE('',*,*,#11215,.F.);
#11231 = EDGE_LOOP('',(#11224,#11228,#11229,#11230));
#11232 = FACE_OUTER_BOUND('',#11231,.T.);
#11233 = AXIS2_PLACEMENT_3D('',#325,#9206,#7301);
#11234 = PLANE('',#11233);
#11235 = ADVANCED_FACE('',(#11232),#11234,.T.);
#11236 = ORIENTED_EDGE('',*,*,#3554,.F.);
#11237 = VECTOR('',#7301,1.);
#11238 = LINE('',#327,#11237);
#11239 = EDGE_CURVE('',#1535,#2139,#11238,.T.);
#11240 = ORIENTED_EDGE('',*,*,#11239,.T.);
#11241 = ORIENTED_EDGE('',*,*,#6185,.F.);
#11242 = ORIENTED_EDGE('',*,*,#11227,.F.);
#11243 = EDGE_LOOP('',(#11236,#11240,#11241,#11242));
#11244 = FACE_OUTER_BOUND('',#11243,.T.);
#11245 = AXIS2_PLACEMENT_3D('',#326,#2447,#7301);
#11246 = PLANE('',#11245);
#11247 = ADVANCED_FACE('',(#11244),#11246,.T.);
#11248 = ORIENTED_EDGE('',*,*,#3550,.F.);
#11249 = VECTOR('',#7301,1.);
#11250 = LINE('',#328,#11249);
#11251 = EDGE_CURVE('',#1536,#2140,#11250,.T.);
#11252 = ORIENTED_EDGE('',*,*,#11251,.T.);
#11253 = ORIENTED_EDGE('',*,*,#6189,.F.);
#11254 = ORIENTED_EDGE('',*,*,#11239,.F.);
#11255 = EDGE_LOOP('',(#11248,#11252,#11253,#11254));
#11256 = FACE_OUTER_BOUND('',#11255,.T.);
#11257 = AXIS2_PLACEMENT_3D('',#327,#2442,#7301);
#11258 = PLANE('',#11257);
#11259 = ADVANCED_FACE('',(#11256),#11258,.T.);
#11260 = ORIENTED_EDGE('',*,*,#3546,.F.);
#11261 = VECTOR('',#7301,1.);
#11262 = LINE('',#329,#11261);
#11263 = EDGE_CURVE('',#1537,#2141,#11262,.T.);
#11264 = ORIENTED_EDGE('',*,*,#11263,.T.);
#11265 = ORIENTED_EDGE('',*,*,#6193,.F.);
#11266 = ORIENTED_EDGE('',*,*,#11251,.F.);
#11267 = EDGE_LOOP('',(#11260,#11264,#11265,#11266));
#11268 = FACE_OUTER_BOUND('',#11267,.T.);
#11269 = AXIS2_PLACEMENT_3D('',#328,#2496,#7301);
#11270 = PLANE('',#11269);
#11271 = ADVANCED_FACE('',(#11268),#11270,.T.);
#11272 = ORIENTED_EDGE('',*,*,#3542,.F.);
#11273 = VECTOR('',#7301,1.);
#11274 = LINE('',#330,#11273);
#11275 = EDGE_CURVE('',#1538,#2142,#11274,.T.);
#11276 = ORIENTED_EDGE('',*,*,#11275,.T.);
#11277 = ORIENTED_EDGE('',*,*,#6197,.F.);
#11278 = ORIENTED_EDGE('',*,*,#11263,.F.);
#11279 = EDGE_LOOP('',(#11272,#11276,#11277,#11278));
#11280 = FACE_OUTER_BOUND('',#11279,.T.);
#11281 = AXIS2_PLACEMENT_3D('',#329,#10989,#7301);
#11282 = PLANE('',#11281);
#11283 = ADVANCED_FACE('',(#11280),#11282,.T.);
#11284 = ORIENTED_EDGE('',*,*,#3538,.F.);
#11285 = VECTOR('',#7301,1.);
#11286 = LINE('',#331,#11285);
#11287 = EDGE_CURVE('',#1539,#2143,#11286,.T.);
#11288 = ORIENTED_EDGE('',*,*,#11287,.T.);
#11289 = ORIENTED_EDGE('',*,*,#6201,.F.);
#11290 = ORIENTED_EDGE('',*,*,#11275,.F.);
#11291 = EDGE_LOOP('',(#11284,#11288,#11289,#11290));
#11292 = FACE_OUTER_BOUND('',#11291,.T.);
#11293 = AXIS2_PLACEMENT_3D('',#330,#11002,#7301);
#11294 = PLANE('',#11293);
#11295 = ADVANCED_FACE('',(#11292),#11294,.T.);
#11296 = ORIENTED_EDGE('',*,*,#3534,.F.);
#11297 = VECTOR('',#7301,1.);
#11298 = LINE('',#332,#11297);
#11299 = EDGE_CURVE('',#1540,#2144,#11298,.T.);
#11300 = ORIENTED_EDGE('',*,*,#11299,.T.);
#11301 = ORIENTED_EDGE('',*,*,#6205,.F.);
#11302 = ORIENTED_EDGE('',*,*,#11287,.F.);
#11303 = EDGE_LOOP('',(#11296,#11300,#11301,#11302));
#11304 = FACE_OUTER_BOUND('',#11303,.T.);
#11305 = AXIS2_PLACEMENT_3D('',#331,#11015,#7301);
#11306 = PLANE('',#11305);
#11307 = ADVANCED_FACE('',(#11304),#11306,.T.);
#11308 = ORIENTED_EDGE('',*,*,#3530,.F.);
#11309 = VECTOR('',#7301,1.);
#11310 = LINE('',#333,#11309);
#11311 = EDGE_CURVE('',#1541,#2145,#11310,.T.);
#11312 = ORIENTED_EDGE('',*,*,#11311,.T.);
#11313 = ORIENTED_EDGE('',*,*,#6209,.F.);
#11314 = ORIENTED_EDGE('',*,*,#11299,.F.);
#11315 = EDGE_LOOP('',(#11308,#11312,#11313,#11314));
#11316 = FACE_OUTER_BOUND('',#11315,.T.);
#11317 = AXIS2_PLACEMENT_3D('',#332,#11028,#7301);
#11318 = PLANE('',#11317);
#11319 = ADVANCED_FACE('',(#11316),#11318,.T.);
#11320 = ORIENTED_EDGE('',*,*,#3526,.F.);
#11321 = VECTOR('',#7301,1.);
#11322 = LINE('',#334,#11321);
#11323 = EDGE_CURVE('',#1542,#2146,#11322,.T.);
#11324 = ORIENTED_EDGE('',*,*,#11323,.T.);
#11325 = ORIENTED_EDGE('',*,*,#6213,.F.);
#11326 = ORIENTED_EDGE('',*,*,#11311,.F.);
#11327 = EDGE_LOOP('',(#11320,#11324,#11325,#11326));
#11328 = FACE_OUTER_BOUND('',#11327,.T.);
#11329 = AXIS2_PLACEMENT_3D('',#333,#2442,#7301);
#11330 = PLANE('',#11329);
#11331 = ADVANCED_FACE('',(#11328),#11330,.T.);
#11332 = ORIENTED_EDGE('',*,*,#3522,.F.);
#11333 = VECTOR('',#7301,1.);
#11334 = LINE('',#335,#11333);
#11335 = EDGE_CURVE('',#1543,#2147,#11334,.T.);
#11336 = ORIENTED_EDGE('',*,*,#11335,.T.);
#11337 = ORIENTED_EDGE('',*,*,#6217,.F.);
#11338 = ORIENTED_EDGE('',*,*,#11323,.F.);
#11339 = EDGE_LOOP('',(#11332,#11336,#11337,#11338));
#11340 = FACE_OUTER_BOUND('',#11339,.T.);
#11341 = AXIS2_PLACEMENT_3D('',#334,#9167,#7301);
#11342 = PLANE('',#11341);
#11343 = ADVANCED_FACE('',(#11340),#11342,.T.);
#11344 = ORIENTED_EDGE('',*,*,#3518,.F.);
#11345 = VECTOR('',#7301,1.);
#11346 = LINE('',#336,#11345);
#11347 = EDGE_CURVE('',#1544,#2148,#11346,.T.);
#11348 = ORIENTED_EDGE('',*,*,#11347,.T.);
#11349 = ORIENTED_EDGE('',*,*,#6221,.F.);
#11350 = ORIENTED_EDGE('',*,*,#11335,.F.);
#11351 = EDGE_LOOP('',(#11344,#11348,#11349,#11350));
#11352 = FACE_OUTER_BOUND('',#11351,.T.);
#11353 = AXIS2_PLACEMENT_3D('',#335,#9180,#7301);
#11354 = PLANE('',#11353);
#11355 = ADVANCED_FACE('',(#11352),#11354,.T.);
#11356 = ORIENTED_EDGE('',*,*,#3514,.F.);
#11357 = VECTOR('',#7301,1.);
#11358 = LINE('',#337,#11357);
#11359 = EDGE_CURVE('',#1545,#2149,#11358,.T.);
#11360 = ORIENTED_EDGE('',*,*,#11359,.T.);
#11361 = ORIENTED_EDGE('',*,*,#6225,.F.);
#11362 = ORIENTED_EDGE('',*,*,#11347,.F.);
#11363 = EDGE_LOOP('',(#11356,#11360,#11361,#11362));
#11364 = FACE_OUTER_BOUND('',#11363,.T.);
#11365 = AXIS2_PLACEMENT_3D('',#336,#9193,#7301);
#11366 = PLANE('',#11365);
#11367 = ADVANCED_FACE('',(#11364),#11366,.T.);
#11368 = ORIENTED_EDGE('',*,*,#3510,.F.);
#11369 = VECTOR('',#7301,1.);
#11370 = LINE('',#338,#11369);
#11371 = EDGE_CURVE('',#1546,#2150,#11370,.T.);
#11372 = ORIENTED_EDGE('',*,*,#11371,.T.);
#11373 = ORIENTED_EDGE('',*,*,#6229,.F.);
#11374 = ORIENTED_EDGE('',*,*,#11359,.F.);
#11375 = EDGE_LOOP('',(#11368,#11372,#11373,#11374));
#11376 = FACE_OUTER_BOUND('',#11375,.T.);
#11377 = AXIS2_PLACEMENT_3D('',#337,#9206,#7301);
#11378 = PLANE('',#11377);
#11379 = ADVANCED_FACE('',(#11376),#11378,.T.);
#11380 = ORIENTED_EDGE('',*,*,#3506,.F.);
#11381 = VECTOR('',#7301,1.);
#11382 = LINE('',#339,#11381);
#11383 = EDGE_CURVE('',#1547,#2151,#11382,.T.);
#11384 = ORIENTED_EDGE('',*,*,#11383,.T.);
#11385 = ORIENTED_EDGE('',*,*,#6233,.F.);
#11386 = ORIENTED_EDGE('',*,*,#11371,.F.);
#11387 = EDGE_LOOP('',(#11380,#11384,#11385,#11386));
#11388 = FACE_OUTER_BOUND('',#11387,.T.);
#11389 = AXIS2_PLACEMENT_3D('',#338,#2447,#7301);
#11390 = PLANE('',#11389);
#11391 = ADVANCED_FACE('',(#11388),#11390,.T.);
#11392 = ORIENTED_EDGE('',*,*,#3502,.F.);
#11393 = VECTOR('',#7301,1.);
#11394 = LINE('',#340,#11393);
#11395 = EDGE_CURVE('',#1548,#2152,#11394,.T.);
#11396 = ORIENTED_EDGE('',*,*,#11395,.T.);
#11397 = ORIENTED_EDGE('',*,*,#6237,.F.);
#11398 = ORIENTED_EDGE('',*,*,#11383,.F.);
#11399 = EDGE_LOOP('',(#11392,#11396,#11397,#11398));
#11400 = FACE_OUTER_BOUND('',#11399,.T.);
#11401 = AXIS2_PLACEMENT_3D('',#339,#2442,#7301);
#11402 = PLANE('',#11401);
#11403 = ADVANCED_FACE('',(#11400),#11402,.T.);
#11404 = ORIENTED_EDGE('',*,*,#3498,.F.);
#11405 = VECTOR('',#7301,1.);
#11406 = LINE('',#341,#11405);
#11407 = EDGE_CURVE('',#1549,#2153,#11406,.T.);
#11408 = ORIENTED_EDGE('',*,*,#11407,.T.);
#11409 = ORIENTED_EDGE('',*,*,#6241,.F.);
#11410 = ORIENTED_EDGE('',*,*,#11395,.F.);
#11411 = EDGE_LOOP('',(#11404,#11408,#11409,#11410));
#11412 = FACE_OUTER_BOUND('',#11411,.T.);
#11413 = AXIS2_PLACEMENT_3D('',#340,#2496,#7301);
#11414 = PLANE('',#11413);
#11415 = ADVANCED_FACE('',(#11412),#11414,.T.);
#11416 = ORIENTED_EDGE('',*,*,#3494,.F.);
#11417 = VECTOR('',#7301,1.);
#11418 = LINE('',#342,#11417);
#11419 = EDGE_CURVE('',#1550,#2154,#11418,.T.);
#11420 = ORIENTED_EDGE('',*,*,#11419,.T.);
#11421 = ORIENTED_EDGE('',*,*,#6245,.F.);
#11422 = ORIENTED_EDGE('',*,*,#11407,.F.);
#11423 = EDGE_LOOP('',(#11416,#11420,#11421,#11422));
#11424 = FACE_OUTER_BOUND('',#11423,.T.);
#11425 = AXIS2_PLACEMENT_3D('',#341,#10989,#7301);
#11426 = PLANE('',#11425);
#11427 = ADVANCED_FACE('',(#11424),#11426,.T.);
#11428 = ORIENTED_EDGE('',*,*,#3490,.F.);
#11429 = VECTOR('',#7301,1.);
#11430 = LINE('',#343,#11429);
#11431 = EDGE_CURVE('',#1551,#2155,#11430,.T.);
#11432 = ORIENTED_EDGE('',*,*,#11431,.T.);
#11433 = ORIENTED_EDGE('',*,*,#6249,.F.);
#11434 = ORIENTED_EDGE('',*,*,#11419,.F.);
#11435 = EDGE_LOOP('',(#11428,#11432,#11433,#11434));
#11436 = FACE_OUTER_BOUND('',#11435,.T.);
#11437 = AXIS2_PLACEMENT_3D('',#342,#11002,#7301);
#11438 = PLANE('',#11437);
#11439 = ADVANCED_FACE('',(#11436),#11438,.T.);
#11440 = ORIENTED_EDGE('',*,*,#3486,.F.);
#11441 = VECTOR('',#7301,1.);
#11442 = LINE('',#344,#11441);
#11443 = EDGE_CURVE('',#1552,#2156,#11442,.T.);
#11444 = ORIENTED_EDGE('',*,*,#11443,.T.);
#11445 = ORIENTED_EDGE('',*,*,#6253,.F.);
#11446 = ORIENTED_EDGE('',*,*,#11431,.F.);
#11447 = EDGE_LOOP('',(#11440,#11444,#11445,#11446));
#11448 = FACE_OUTER_BOUND('',#11447,.T.);
#11449 = AXIS2_PLACEMENT_3D('',#343,#11015,#7301);
#11450 = PLANE('',#11449);
#11451 = ADVANCED_FACE('',(#11448),#11450,.T.);
#11452 = ORIENTED_EDGE('',*,*,#3482,.F.);
#11453 = VECTOR('',#7301,1.);
#11454 = LINE('',#345,#11453);
#11455 = EDGE_CURVE('',#1553,#2157,#11454,.T.);
#11456 = ORIENTED_EDGE('',*,*,#11455,.T.);
#11457 = ORIENTED_EDGE('',*,*,#6257,.F.);
#11458 = ORIENTED_EDGE('',*,*,#11443,.F.);
#11459 = EDGE_LOOP('',(#11452,#11456,#11457,#11458));
#11460 = FACE_OUTER_BOUND('',#11459,.T.);
#11461 = AXIS2_PLACEMENT_3D('',#344,#11028,#7301);
#11462 = PLANE('',#11461);
#11463 = ADVANCED_FACE('',(#11460),#11462,.T.);
#11464 = ORIENTED_EDGE('',*,*,#3478,.F.);
#11465 = VECTOR('',#7301,1.);
#11466 = LINE('',#346,#11465);
#11467 = EDGE_CURVE('',#1554,#2158,#11466,.T.);
#11468 = ORIENTED_EDGE('',*,*,#11467,.T.);
#11469 = ORIENTED_EDGE('',*,*,#6261,.F.);
#11470 = ORIENTED_EDGE('',*,*,#11455,.F.);
#11471 = EDGE_LOOP('',(#11464,#11468,#11469,#11470));
#11472 = FACE_OUTER_BOUND('',#11471,.T.);
#11473 = AXIS2_PLACEMENT_3D('',#345,#2442,#7301);
#11474 = PLANE('',#11473);
#11475 = ADVANCED_FACE('',(#11472),#11474,.T.);
#11476 = ORIENTED_EDGE('',*,*,#3474,.F.);
#11477 = VECTOR('',#7301,1.);
#11478 = LINE('',#347,#11477);
#11479 = EDGE_CURVE('',#1555,#2159,#11478,.T.);
#11480 = ORIENTED_EDGE('',*,*,#11479,.T.);
#11481 = ORIENTED_EDGE('',*,*,#6265,.F.);
#11482 = ORIENTED_EDGE('',*,*,#11467,.F.);
#11483 = EDGE_LOOP('',(#11476,#11480,#11481,#11482));
#11484 = FACE_OUTER_BOUND('',#11483,.T.);
#11485 = AXIS2_PLACEMENT_3D('',#346,#9167,#7301);
#11486 = PLANE('',#11485);
#11487 = ADVANCED_FACE('',(#11484),#11486,.T.);
#11488 = ORIENTED_EDGE('',*,*,#3470,.F.);
#11489 = VECTOR('',#7301,1.);
#11490 = LINE('',#348,#11489);
#11491 = EDGE_CURVE('',#1556,#2160,#11490,.T.);
#11492 = ORIENTED_EDGE('',*,*,#11491,.T.);
#11493 = ORIENTED_EDGE('',*,*,#6269,.F.);
#11494 = ORIENTED_EDGE('',*,*,#11479,.F.);
#11495 = EDGE_LOOP('',(#11488,#11492,#11493,#11494));
#11496 = FACE_OUTER_BOUND('',#11495,.T.);
#11497 = AXIS2_PLACEMENT_3D('',#347,#9180,#7301);
#11498 = PLANE('',#11497);
#11499 = ADVANCED_FACE('',(#11496),#11498,.T.);
#11500 = ORIENTED_EDGE('',*,*,#3466,.F.);
#11501 = VECTOR('',#7301,1.);
#11502 = LINE('',#349,#11501);
#11503 = EDGE_CURVE('',#1557,#2161,#11502,.T.);
#11504 = ORIENTED_EDGE('',*,*,#11503,.T.);
#11505 = ORIENTED_EDGE('',*,*,#6273,.F.);
#11506 = ORIENTED_EDGE('',*,*,#11491,.F.);
#11507 = EDGE_LOOP('',(#11500,#11504,#11505,#11506));
#11508 = FACE_OUTER_BOUND('',#11507,.T.);
#11509 = AXIS2_PLACEMENT_3D('',#348,#9193,#7301);
#11510 = PLANE('',#11509);
#11511 = ADVANCED_FACE('',(#11508),#11510,.T.);
#11512 = ORIENTED_EDGE('',*,*,#3462,.F.);
#11513 = VECTOR('',#7301,1.);
#11514 = LINE('',#350,#11513);
#11515 = EDGE_CURVE('',#1558,#2162,#11514,.T.);
#11516 = ORIENTED_EDGE('',*,*,#11515,.T.);
#11517 = ORIENTED_EDGE('',*,*,#6277,.F.);
#11518 = ORIENTED_EDGE('',*,*,#11503,.F.);
#11519 = EDGE_LOOP('',(#11512,#11516,#11517,#11518));
#11520 = FACE_OUTER_BOUND('',#11519,.T.);
#11521 = AXIS2_PLACEMENT_3D('',#349,#9206,#7301);
#11522 = PLANE('',#11521);
#11523 = ADVANCED_FACE('',(#11520),#11522,.T.);
#11524 = ORIENTED_EDGE('',*,*,#3458,.F.);
#11525 = VECTOR('',#7301,1.);
#11526 = LINE('',#351,#11525);
#11527 = EDGE_CURVE('',#1559,#2163,#11526,.T.);
#11528 = ORIENTED_EDGE('',*,*,#11527,.T.);
#11529 = ORIENTED_EDGE('',*,*,#6281,.F.);
#11530 = ORIENTED_EDGE('',*,*,#11515,.F.);
#11531 = EDGE_LOOP('',(#11524,#11528,#11529,#11530));
#11532 = FACE_OUTER_BOUND('',#11531,.T.);
#11533 = AXIS2_PLACEMENT_3D('',#350,#2447,#7301);
#11534 = PLANE('',#11533);
#11535 = ADVANCED_FACE('',(#11532),#11534,.T.);
#11536 = ORIENTED_EDGE('',*,*,#3454,.F.);
#11537 = VECTOR('',#7301,1.);
#11538 = LINE('',#352,#11537);
#11539 = EDGE_CURVE('',#1560,#2164,#11538,.T.);
#11540 = ORIENTED_EDGE('',*,*,#11539,.T.);
#11541 = ORIENTED_EDGE('',*,*,#6285,.F.);
#11542 = ORIENTED_EDGE('',*,*,#11527,.F.);
#11543 = EDGE_LOOP('',(#11536,#11540,#11541,#11542));
#11544 = FACE_OUTER_BOUND('',#11543,.T.);
#11545 = AXIS2_PLACEMENT_3D('',#351,#2442,#7301);
#11546 = PLANE('',#11545);
#11547 = ADVANCED_FACE('',(#11544),#11546,.T.);
#11548 = ORIENTED_EDGE('',*,*,#3450,.F.);
#11549 = VECTOR('',#7301,1.);
#11550 = LINE('',#353,#11549);
#11551 = EDGE_CURVE('',#1561,#2165,#11550,.T.);
#11552 = ORIENTED_EDGE('',*,*,#11551,.T.);
#11553 = ORIENTED_EDGE('',*,*,#6289,.F.);
#11554 = ORIENTED_EDGE('',*,*,#11539,.F.);
#11555 = EDGE_LOOP('',(#11548,#11552,#11553,#11554));
#11556 = FACE_OUTER_BOUND('',#11555,.T.);
#11557 = AXIS2_PLACEMENT_3D('',#352,#2496,#7301);
#11558 = PLANE('',#11557);
#11559 = ADVANCED_FACE('',(#11556),#11558,.T.);
#11560 = ORIENTED_EDGE('',*,*,#3446,.F.);
#11561 = VECTOR('',#7301,1.);
#11562 = LINE('',#354,#11561);
#11563 = EDGE_CURVE('',#1562,#2166,#11562,.T.);
#11564 = ORIENTED_EDGE('',*,*,#11563,.T.);
#11565 = ORIENTED_EDGE('',*,*,#6293,.F.);
#11566 = ORIENTED_EDGE('',*,*,#11551,.F.);
#11567 = EDGE_LOOP('',(#11560,#11564,#11565,#11566));
#11568 = FACE_OUTER_BOUND('',#11567,.T.);
#11569 = AXIS2_PLACEMENT_3D('',#353,#10989,#7301);
#11570 = PLANE('',#11569);
#11571 = ADVANCED_FACE('',(#11568),#11570,.T.);
#11572 = ORIENTED_EDGE('',*,*,#3442,.F.);
#11573 = VECTOR('',#7301,1.);
#11574 = LINE('',#355,#11573);
#11575 = EDGE_CURVE('',#1563,#2167,#11574,.T.);
#11576 = ORIENTED_EDGE('',*,*,#11575,.T.);
#11577 = ORIENTED_EDGE('',*,*,#6297,.F.);
#11578 = ORIENTED_EDGE('',*,*,#11563,.F.);
#11579 = EDGE_LOOP('',(#11572,#11576,#11577,#11578));
#11580 = FACE_OUTER_BOUND('',#11579,.T.);
#11581 = AXIS2_PLACEMENT_3D('',#354,#11002,#7301);
#11582 = PLANE('',#11581);
#11583 = ADVANCED_FACE('',(#11580),#11582,.T.);
#11584 = ORIENTED_EDGE('',*,*,#3438,.F.);
#11585 = VECTOR('',#7301,1.);
#11586 = LINE('',#356,#11585);
#11587 = EDGE_CURVE('',#1564,#2168,#11586,.T.);
#11588 = ORIENTED_EDGE('',*,*,#11587,.T.);
#11589 = ORIENTED_EDGE('',*,*,#6301,.F.);
#11590 = ORIENTED_EDGE('',*,*,#11575,.F.);
#11591 = EDGE_LOOP('',(#11584,#11588,#11589,#11590));
#11592 = FACE_OUTER_BOUND('',#11591,.T.);
#11593 = AXIS2_PLACEMENT_3D('',#355,#11015,#7301);
#11594 = PLANE('',#11593);
#11595 = ADVANCED_FACE('',(#11592),#11594,.T.);
#11596 = ORIENTED_EDGE('',*,*,#3434,.F.);
#11597 = VECTOR('',#7301,1.);
#11598 = LINE('',#357,#11597);
#11599 = EDGE_CURVE('',#1565,#2169,#11598,.T.);
#11600 = ORIENTED_EDGE('',*,*,#11599,.T.);
#11601 = ORIENTED_EDGE('',*,*,#6305,.F.);
#11602 = ORIENTED_EDGE('',*,*,#11587,.F.);
#11603 = EDGE_LOOP('',(#11596,#11600,#11601,#11602));
#11604 = FACE_OUTER_BOUND('',#11603,.T.);
#11605 = AXIS2_PLACEMENT_3D('',#356,#11028,#7301);
#11606 = PLANE('',#11605);
#11607 = ADVANCED_FACE('',(#11604),#11606,.T.);
#11608 = ORIENTED_EDGE('',*,*,#3430,.F.);
#11609 = VECTOR('',#7301,1.);
#11610 = LINE('',#358,#11609);
#11611 = EDGE_CURVE('',#1566,#2170,#11610,.T.);
#11612 = ORIENTED_EDGE('',*,*,#11611,.T.);
#11613 = ORIENTED_EDGE('',*,*,#6309,.F.);
#11614 = ORIENTED_EDGE('',*,*,#11599,.F.);
#11615 = EDGE_LOOP('',(#11608,#11612,#11613,#11614));
#11616 = FACE_OUTER_BOUND('',#11615,.T.);
#11617 = AXIS2_PLACEMENT_3D('',#357,#2442,#7301);
#11618 = PLANE('',#11617);
#11619 = ADVANCED_FACE('',(#11616),#11618,.T.);
#11620 = ORIENTED_EDGE('',*,*,#3426,.F.);
#11621 = VECTOR('',#7301,1.);
#11622 = LINE('',#359,#11621);
#11623 = EDGE_CURVE('',#1567,#2171,#11622,.T.);
#11624 = ORIENTED_EDGE('',*,*,#11623,.T.);
#11625 = ORIENTED_EDGE('',*,*,#6313,.F.);
#11626 = ORIENTED_EDGE('',*,*,#11611,.F.);
#11627 = EDGE_LOOP('',(#11620,#11624,#11625,#11626));
#11628 = FACE_OUTER_BOUND('',#11627,.T.);
#11629 = AXIS2_PLACEMENT_3D('',#358,#9167,#7301);
#11630 = PLANE('',#11629);
#11631 = ADVANCED_FACE('',(#11628),#11630,.T.);
#11632 = ORIENTED_EDGE('',*,*,#3422,.F.);
#11633 = VECTOR('',#7301,1.);
#11634 = LINE('',#360,#11633);
#11635 = EDGE_CURVE('',#1568,#2172,#11634,.T.);
#11636 = ORIENTED_EDGE('',*,*,#11635,.T.);
#11637 = ORIENTED_EDGE('',*,*,#6317,.F.);
#11638 = ORIENTED_EDGE('',*,*,#11623,.F.);
#11639 = EDGE_LOOP('',(#11632,#11636,#11637,#11638));
#11640 = FACE_OUTER_BOUND('',#11639,.T.);
#11641 = AXIS2_PLACEMENT_3D('',#359,#9180,#7301);
#11642 = PLANE('',#11641);
#11643 = ADVANCED_FACE('',(#11640),#11642,.T.);
#11644 = ORIENTED_EDGE('',*,*,#3418,.F.);
#11645 = VECTOR('',#7301,1.);
#11646 = LINE('',#361,#11645);
#11647 = EDGE_CURVE('',#1569,#2173,#11646,.T.);
#11648 = ORIENTED_EDGE('',*,*,#11647,.T.);
#11649 = ORIENTED_EDGE('',*,*,#6321,.F.);
#11650 = ORIENTED_EDGE('',*,*,#11635,.F.);
#11651 = EDGE_LOOP('',(#11644,#11648,#11649,#11650));
#11652 = FACE_OUTER_BOUND('',#11651,.T.);
#11653 = AXIS2_PLACEMENT_3D('',#360,#9193,#7301);
#11654 = PLANE('',#11653);
#11655 = ADVANCED_FACE('',(#11652),#11654,.T.);
#11656 = ORIENTED_EDGE('',*,*,#3414,.F.);
#11657 = VECTOR('',#7301,1.);
#11658 = LINE('',#362,#11657);
#11659 = EDGE_CURVE('',#1570,#2174,#11658,.T.);
#11660 = ORIENTED_EDGE('',*,*,#11659,.T.);
#11661 = ORIENTED_EDGE('',*,*,#6325,.F.);
#11662 = ORIENTED_EDGE('',*,*,#11647,.F.);
#11663 = EDGE_LOOP('',(#11656,#11660,#11661,#11662));
#11664 = FACE_OUTER_BOUND('',#11663,.T.);
#11665 = AXIS2_PLACEMENT_3D('',#361,#9206,#7301);
#11666 = PLANE('',#11665);
#11667 = ADVANCED_FACE('',(#11664),#11666,.T.);
#11668 = ORIENTED_EDGE('',*,*,#3410,.F.);
#11669 = VECTOR('',#7301,1.);
#11670 = LINE('',#363,#11669);
#11671 = EDGE_CURVE('',#1571,#2175,#11670,.T.);
#11672 = ORIENTED_EDGE('',*,*,#11671,.T.);
#11673 = ORIENTED_EDGE('',*,*,#6329,.F.);
#11674 = ORIENTED_EDGE('',*,*,#11659,.F.);
#11675 = EDGE_LOOP('',(#11668,#11672,#11673,#11674));
#11676 = FACE_OUTER_BOUND('',#11675,.T.);
#11677 = AXIS2_PLACEMENT_3D('',#362,#2447,#7301);
#11678 = PLANE('',#11677);
#11679 = ADVANCED_FACE('',(#11676),#11678,.T.);
#11680 = ORIENTED_EDGE('',*,*,#3406,.F.);
#11681 = VECTOR('',#7301,1.);
#11682 = LINE('',#364,#11681);
#11683 = EDGE_CURVE('',#1572,#2176,#11682,.T.);
#11684 = ORIENTED_EDGE('',*,*,#11683,.T.);
#11685 = ORIENTED_EDGE('',*,*,#6333,.F.);
#11686 = ORIENTED_EDGE('',*,*,#11671,.F.);
#11687 = EDGE_LOOP('',(#11680,#11684,#11685,#11686));
#11688 = FACE_OUTER_BOUND('',#11687,.T.);
#11689 = AXIS2_PLACEMENT_3D('',#363,#2442,#7301);
#11690 = PLANE('',#11689);
#11691 = ADVANCED_FACE('',(#11688),#11690,.T.);
#11692 = ORIENTED_EDGE('',*,*,#3402,.F.);
#11693 = VECTOR('',#7301,1.);
#11694 = LINE('',#365,#11693);
#11695 = EDGE_CURVE('',#1573,#2177,#11694,.T.);
#11696 = ORIENTED_EDGE('',*,*,#11695,.T.);
#11697 = ORIENTED_EDGE('',*,*,#6337,.F.);
#11698 = ORIENTED_EDGE('',*,*,#11683,.F.);
#11699 = EDGE_LOOP('',(#11692,#11696,#11697,#11698));
#11700 = FACE_OUTER_BOUND('',#11699,.T.);
#11701 = AXIS2_PLACEMENT_3D('',#364,#2496,#7301);
#11702 = PLANE('',#11701);
#11703 = ADVANCED_FACE('',(#11700),#11702,.T.);
#11704 = ORIENTED_EDGE('',*,*,#3398,.F.);
#11705 = VECTOR('',#7301,1.);
#11706 = LINE('',#366,#11705);
#11707 = EDGE_CURVE('',#1574,#2178,#11706,.T.);
#11708 = ORIENTED_EDGE('',*,*,#11707,.T.);
#11709 = ORIENTED_EDGE('',*,*,#6341,.F.);
#11710 = ORIENTED_EDGE('',*,*,#11695,.F.);
#11711 = EDGE_LOOP('',(#11704,#11708,#11709,#11710));
#11712 = FACE_OUTER_BOUND('',#11711,.T.);
#11713 = AXIS2_PLACEMENT_3D('',#365,#10989,#7301);
#11714 = PLANE('',#11713);
#11715 = ADVANCED_FACE('',(#11712),#11714,.T.);
#11716 = ORIENTED_EDGE('',*,*,#3394,.F.);
#11717 = VECTOR('',#7301,1.);
#11718 = LINE('',#367,#11717);
#11719 = EDGE_CURVE('',#1575,#2179,#11718,.T.);
#11720 = ORIENTED_EDGE('',*,*,#11719,.T.);
#11721 = ORIENTED_EDGE('',*,*,#6345,.F.);
#11722 = ORIENTED_EDGE('',*,*,#11707,.F.);
#11723 = EDGE_LOOP('',(#11716,#11720,#11721,#11722));
#11724 = FACE_OUTER_BOUND('',#11723,.T.);
#11725 = AXIS2_PLACEMENT_3D('',#366,#11002,#7301);
#11726 = PLANE('',#11725);
#11727 = ADVANCED_FACE('',(#11724),#11726,.T.);
#11728 = ORIENTED_EDGE('',*,*,#3390,.F.);
#11729 = VECTOR('',#7301,1.);
#11730 = LINE('',#368,#11729);
#11731 = EDGE_CURVE('',#1576,#2180,#11730,.T.);
#11732 = ORIENTED_EDGE('',*,*,#11731,.T.);
#11733 = ORIENTED_EDGE('',*,*,#6349,.F.);
#11734 = ORIENTED_EDGE('',*,*,#11719,.F.);
#11735 = EDGE_LOOP('',(#11728,#11732,#11733,#11734));
#11736 = FACE_OUTER_BOUND('',#11735,.T.);
#11737 = AXIS2_PLACEMENT_3D('',#367,#11015,#7301);
#11738 = PLANE('',#11737);
#11739 = ADVANCED_FACE('',(#11736),#11738,.T.);
#11740 = ORIENTED_EDGE('',*,*,#3386,.F.);
#11741 = VECTOR('',#7301,1.);
#11742 = LINE('',#369,#11741);
#11743 = EDGE_CURVE('',#1577,#2181,#11742,.T.);
#11744 = ORIENTED_EDGE('',*,*,#11743,.T.);
#11745 = ORIENTED_EDGE('',*,*,#6353,.F.);
#11746 = ORIENTED_EDGE('',*,*,#11731,.F.);
#11747 = EDGE_LOOP('',(#11740,#11744,#11745,#11746));
#11748 = FACE_OUTER_BOUND('',#11747,.T.);
#11749 = AXIS2_PLACEMENT_3D('',#368,#11028,#7301);
#11750 = PLANE('',#11749);
#11751 = ADVANCED_FACE('',(#11748),#11750,.T.);
#11752 = ORIENTED_EDGE('',*,*,#3382,.F.);
#11753 = VECTOR('',#7301,1.);
#11754 = LINE('',#370,#11753);
#11755 = EDGE_CURVE('',#1578,#2182,#11754,.T.);
#11756 = ORIENTED_EDGE('',*,*,#11755,.T.);
#11757 = ORIENTED_EDGE('',*,*,#6357,.F.);
#11758 = ORIENTED_EDGE('',*,*,#11743,.F.);
#11759 = EDGE_LOOP('',(#11752,#11756,#11757,#11758));
#11760 = FACE_OUTER_BOUND('',#11759,.T.);
#11761 = AXIS2_PLACEMENT_3D('',#369,#2442,#7301);
#11762 = PLANE('',#11761);
#11763 = ADVANCED_FACE('',(#11760),#11762,.T.);
#11764 = ORIENTED_EDGE('',*,*,#3378,.F.);
#11765 = VECTOR('',#7301,1.);
#11766 = LINE('',#371,#11765);
#11767 = EDGE_CURVE('',#1579,#2183,#11766,.T.);
#11768 = ORIENTED_EDGE('',*,*,#11767,.T.);
#11769 = ORIENTED_EDGE('',*,*,#6361,.F.);
#11770 = ORIENTED_EDGE('',*,*,#11755,.F.);
#11771 = EDGE_LOOP('',(#11764,#11768,#11769,#11770));
#11772 = FACE_OUTER_BOUND('',#11771,.T.);
#11773 = AXIS2_PLACEMENT_3D('',#370,#9167,#7301);
#11774 = PLANE('',#11773);
#11775 = ADVANCED_FACE('',(#11772),#11774,.T.);
#11776 = ORIENTED_EDGE('',*,*,#3374,.F.);
#11777 = VECTOR('',#7301,1.);
#11778 = LINE('',#372,#11777);
#11779 = EDGE_CURVE('',#1580,#2184,#11778,.T.);
#11780 = ORIENTED_EDGE('',*,*,#11779,.T.);
#11781 = ORIENTED_EDGE('',*,*,#6365,.F.);
#11782 = ORIENTED_EDGE('',*,*,#11767,.F.);
#11783 = EDGE_LOOP('',(#11776,#11780,#11781,#11782));
#11784 = FACE_OUTER_BOUND('',#11783,.T.);
#11785 = AXIS2_PLACEMENT_3D('',#371,#9180,#7301);
#11786 = PLANE('',#11785);
#11787 = ADVANCED_FACE('',(#11784),#11786,.T.);
#11788 = ORIENTED_EDGE('',*,*,#3370,.F.);
#11789 = VECTOR('',#7301,1.);
#11790 = LINE('',#373,#11789);
#11791 = EDGE_CURVE('',#1581,#2185,#11790,.T.);
#11792 = ORIENTED_EDGE('',*,*,#11791,.T.);
#11793 = ORIENTED_EDGE('',*,*,#6369,.F.);
#11794 = ORIENTED_EDGE('',*,*,#11779,.F.);
#11795 = EDGE_LOOP('',(#11788,#11792,#11793,#11794));
#11796 = FACE_OUTER_BOUND('',#11795,.T.);
#11797 = AXIS2_PLACEMENT_3D('',#372,#9193,#7301);
#11798 = PLANE('',#11797);
#11799 = ADVANCED_FACE('',(#11796),#11798,.T.);
#11800 = ORIENTED_EDGE('',*,*,#3366,.F.);
#11801 = VECTOR('',#7301,1.);
#11802 = LINE('',#374,#11801);
#11803 = EDGE_CURVE('',#1582,#2186,#11802,.T.);
#11804 = ORIENTED_EDGE('',*,*,#11803,.T.);
#11805 = ORIENTED_EDGE('',*,*,#6373,.F.);
#11806 = ORIENTED_EDGE('',*,*,#11791,.F.);
#11807 = EDGE_LOOP('',(#11800,#11804,#11805,#11806));
#11808 = FACE_OUTER_BOUND('',#11807,.T.);
#11809 = AXIS2_PLACEMENT_3D('',#373,#9206,#7301);
#11810 = PLANE('',#11809);
#11811 = ADVANCED_FACE('',(#11808),#11810,.T.);
#11812 = ORIENTED_EDGE('',*,*,#3362,.F.);
#11813 = VECTOR('',#7301,1.);
#11814 = LINE('',#375,#11813);
#11815 = EDGE_CURVE('',#1583,#2187,#11814,.T.);
#11816 = ORIENTED_EDGE('',*,*,#11815,.T.);
#11817 = ORIENTED_EDGE('',*,*,#6377,.F.);
#11818 = ORIENTED_EDGE('',*,*,#11803,.F.);
#11819 = EDGE_LOOP('',(#11812,#11816,#11817,#11818));
#11820 = FACE_OUTER_BOUND('',#11819,.T.);
#11821 = AXIS2_PLACEMENT_3D('',#374,#2447,#7301);
#11822 = PLANE('',#11821);
#11823 = ADVANCED_FACE('',(#11820),#11822,.T.);
#11824 = ORIENTED_EDGE('',*,*,#3358,.F.);
#11825 = VECTOR('',#7301,1.);
#11826 = LINE('',#376,#11825);
#11827 = EDGE_CURVE('',#1584,#2188,#11826,.T.);
#11828 = ORIENTED_EDGE('',*,*,#11827,.T.);
#11829 = ORIENTED_EDGE('',*,*,#6381,.F.);
#11830 = ORIENTED_EDGE('',*,*,#11815,.F.);
#11831 = EDGE_LOOP('',(#11824,#11828,#11829,#11830));
#11832 = FACE_OUTER_BOUND('',#11831,.T.);
#11833 = AXIS2_PLACEMENT_3D('',#375,#2442,#7301);
#11834 = PLANE('',#11833);
#11835 = ADVANCED_FACE('',(#11832),#11834,.T.);
#11836 = ORIENTED_EDGE('',*,*,#3354,.F.);
#11837 = VECTOR('',#7301,1.);
#11838 = LINE('',#377,#11837);
#11839 = EDGE_CURVE('',#1585,#2189,#11838,.T.);
#11840 = ORIENTED_EDGE('',*,*,#11839,.T.);
#11841 = ORIENTED_EDGE('',*,*,#6385,.F.);
#11842 = ORIENTED_EDGE('',*,*,#11827,.F.);
#11843 = EDGE_LOOP('',(#11836,#11840,#11841,#11842));
#11844 = FACE_OUTER_BOUND('',#11843,.T.);
#11845 = AXIS2_PLACEMENT_3D('',#376,#2496,#7301);
#11846 = PLANE('',#11845);
#11847 = ADVANCED_FACE('',(#11844),#11846,.T.);
#11848 = ORIENTED_EDGE('',*,*,#3350,.F.);
#11849 = VECTOR('',#7301,1.);
#11850 = LINE('',#378,#11849);
#11851 = EDGE_CURVE('',#1586,#2190,#11850,.T.);
#11852 = ORIENTED_EDGE('',*,*,#11851,.T.);
#11853 = ORIENTED_EDGE('',*,*,#6389,.F.);
#11854 = ORIENTED_EDGE('',*,*,#11839,.F.);
#11855 = EDGE_LOOP('',(#11848,#11852,#11853,#11854));
#11856 = FACE_OUTER_BOUND('',#11855,.T.);
#11857 = AXIS2_PLACEMENT_3D('',#377,#10989,#7301);
#11858 = PLANE('',#11857);
#11859 = ADVANCED_FACE('',(#11856),#11858,.T.);
#11860 = ORIENTED_EDGE('',*,*,#3346,.F.);
#11861 = VECTOR('',#7301,1.);
#11862 = LINE('',#379,#11861);
#11863 = EDGE_CURVE('',#1587,#2191,#11862,.T.);
#11864 = ORIENTED_EDGE('',*,*,#11863,.T.);
#11865 = ORIENTED_EDGE('',*,*,#6393,.F.);
#11866 = ORIENTED_EDGE('',*,*,#11851,.F.);
#11867 = EDGE_LOOP('',(#11860,#11864,#11865,#11866));
#11868 = FACE_OUTER_BOUND('',#11867,.T.);
#11869 = AXIS2_PLACEMENT_3D('',#378,#11002,#7301);
#11870 = PLANE('',#11869);
#11871 = ADVANCED_FACE('',(#11868),#11870,.T.);
#11872 = ORIENTED_EDGE('',*,*,#3342,.F.);
#11873 = VECTOR('',#7301,1.);
#11874 = LINE('',#380,#11873);
#11875 = EDGE_CURVE('',#1588,#2192,#11874,.T.);
#11876 = ORIENTED_EDGE('',*,*,#11875,.T.);
#11877 = ORIENTED_EDGE('',*,*,#6397,.F.);
#11878 = ORIENTED_EDGE('',*,*,#11863,.F.);
#11879 = EDGE_LOOP('',(#11872,#11876,#11877,#11878));
#11880 = FACE_OUTER_BOUND('',#11879,.T.);
#11881 = AXIS2_PLACEMENT_3D('',#379,#11015,#7301);
#11882 = PLANE('',#11881);
#11883 = ADVANCED_FACE('',(#11880),#11882,.T.);
#11884 = ORIENTED_EDGE('',*,*,#3338,.F.);
#11885 = VECTOR('',#7301,1.);
#11886 = LINE('',#381,#11885);
#11887 = EDGE_CURVE('',#1589,#2193,#11886,.T.);
#11888 = ORIENTED_EDGE('',*,*,#11887,.T.);
#11889 = ORIENTED_EDGE('',*,*,#6401,.F.);
#11890 = ORIENTED_EDGE('',*,*,#11875,.F.);
#11891 = EDGE_LOOP('',(#11884,#11888,#11889,#11890));
#11892 = FACE_OUTER_BOUND('',#11891,.T.);
#11893 = AXIS2_PLACEMENT_3D('',#380,#11028,#7301);
#11894 = PLANE('',#11893);
#11895 = ADVANCED_FACE('',(#11892),#11894,.T.);
#11896 = ORIENTED_EDGE('',*,*,#3334,.F.);
#11897 = VECTOR('',#7301,1.);
#11898 = LINE('',#382,#11897);
#11899 = EDGE_CURVE('',#1590,#2194,#11898,.T.);
#11900 = ORIENTED_EDGE('',*,*,#11899,.T.);
#11901 = ORIENTED_EDGE('',*,*,#6405,.F.);
#11902 = ORIENTED_EDGE('',*,*,#11887,.F.);
#11903 = EDGE_LOOP('',(#11896,#11900,#11901,#11902));
#11904 = FACE_OUTER_BOUND('',#11903,.T.);
#11905 = AXIS2_PLACEMENT_3D('',#381,#2442,#7301);
#11906 = PLANE('',#11905);
#11907 = ADVANCED_FACE('',(#11904),#11906,.T.);
#11908 = ORIENTED_EDGE('',*,*,#3330,.F.);
#11909 = VECTOR('',#7301,1.);
#11910 = LINE('',#383,#11909);
#11911 = EDGE_CURVE('',#1591,#2195,#11910,.T.);
#11912 = ORIENTED_EDGE('',*,*,#11911,.T.);
#11913 = ORIENTED_EDGE('',*,*,#6409,.F.);
#11914 = ORIENTED_EDGE('',*,*,#11899,.F.);
#11915 = EDGE_LOOP('',(#11908,#11912,#11913,#11914));
#11916 = FACE_OUTER_BOUND('',#11915,.T.);
#11917 = AXIS2_PLACEMENT_3D('',#382,#9167,#7301);
#11918 = PLANE('',#11917);
#11919 = ADVANCED_FACE('',(#11916),#11918,.T.);
#11920 = ORIENTED_EDGE('',*,*,#3326,.F.);
#11921 = VECTOR('',#7301,1.);
#11922 = LINE('',#384,#11921);
#11923 = EDGE_CURVE('',#1592,#2196,#11922,.T.);
#11924 = ORIENTED_EDGE('',*,*,#11923,.T.);
#11925 = ORIENTED_EDGE('',*,*,#6413,.F.);
#11926 = ORIENTED_EDGE('',*,*,#11911,.F.);
#11927 = EDGE_LOOP('',(#11920,#11924,#11925,#11926));
#11928 = FACE_OUTER_BOUND('',#11927,.T.);
#11929 = AXIS2_PLACEMENT_3D('',#383,#9180,#7301);
#11930 = PLANE('',#11929);
#11931 = ADVANCED_FACE('',(#11928),#11930,.T.);
#11932 = ORIENTED_EDGE('',*,*,#3322,.F.);
#11933 = VECTOR('',#7301,1.);
#11934 = LINE('',#385,#11933);
#11935 = EDGE_CURVE('',#1593,#2197,#11934,.T.);
#11936 = ORIENTED_EDGE('',*,*,#11935,.T.);
#11937 = ORIENTED_EDGE('',*,*,#6417,.F.);
#11938 = ORIENTED_EDGE('',*,*,#11923,.F.);
#11939 = EDGE_LOOP('',(#11932,#11936,#11937,#11938));
#11940 = FACE_OUTER_BOUND('',#11939,.T.);
#11941 = AXIS2_PLACEMENT_3D('',#384,#9193,#7301);
#11942 = PLANE('',#11941);
#11943 = ADVANCED_FACE('',(#11940),#11942,.T.);
#11944 = ORIENTED_EDGE('',*,*,#3318,.F.);
#11945 = VECTOR('',#7301,1.);
#11946 = LINE('',#386,#11945);
#11947 = EDGE_CURVE('',#1594,#2198,#11946,.T.);
#11948 = ORIENTED_EDGE('',*,*,#11947,.T.);
#11949 = ORIENTED_EDGE('',*,*,#6421,.F.);
#11950 = ORIENTED_EDGE('',*,*,#11935,.F.);
#11951 = EDGE_LOOP('',(#11944,#11948,#11949,#11950));
#11952 = FACE_OUTER_BOUND('',#11951,.T.);
#11953 = AXIS2_PLACEMENT_3D('',#385,#9206,#7301);
#11954 = PLANE('',#11953);
#11955 = ADVANCED_FACE('',(#11952),#11954,.T.);
#11956 = ORIENTED_EDGE('',*,*,#3314,.F.);
#11957 = VECTOR('',#7301,1.);
#11958 = LINE('',#387,#11957);
#11959 = EDGE_CURVE('',#1595,#2199,#11958,.T.);
#11960 = ORIENTED_EDGE('',*,*,#11959,.T.);
#11961 = ORIENTED_EDGE('',*,*,#6425,.F.);
#11962 = ORIENTED_EDGE('',*,*,#11947,.F.);
#11963 = EDGE_LOOP('',(#11956,#11960,#11961,#11962));
#11964 = FACE_OUTER_BOUND('',#11963,.T.);
#11965 = AXIS2_PLACEMENT_3D('',#386,#2447,#7301);
#11966 = PLANE('',#11965);
#11967 = ADVANCED_FACE('',(#11964),#11966,.T.);
#11968 = ORIENTED_EDGE('',*,*,#3310,.F.);
#11969 = VECTOR('',#7301,1.);
#11970 = LINE('',#388,#11969);
#11971 = EDGE_CURVE('',#1596,#2200,#11970,.T.);
#11972 = ORIENTED_EDGE('',*,*,#11971,.T.);
#11973 = ORIENTED_EDGE('',*,*,#6429,.F.);
#11974 = ORIENTED_EDGE('',*,*,#11959,.F.);
#11975 = EDGE_LOOP('',(#11968,#11972,#11973,#11974));
#11976 = FACE_OUTER_BOUND('',#11975,.T.);
#11977 = AXIS2_PLACEMENT_3D('',#387,#2442,#7301);
#11978 = PLANE('',#11977);
#11979 = ADVANCED_FACE('',(#11976),#11978,.T.);
#11980 = ORIENTED_EDGE('',*,*,#3306,.F.);
#11981 = VECTOR('',#7301,1.);
#11982 = LINE('',#389,#11981);
#11983 = EDGE_CURVE('',#1597,#2201,#11982,.T.);
#11984 = ORIENTED_EDGE('',*,*,#11983,.T.);
#11985 = ORIENTED_EDGE('',*,*,#6433,.F.);
#11986 = ORIENTED_EDGE('',*,*,#11971,.F.);
#11987 = EDGE_LOOP('',(#11980,#11984,#11985,#11986));
#11988 = FACE_OUTER_BOUND('',#11987,.T.);
#11989 = AXIS2_PLACEMENT_3D('',#388,#2496,#7301);
#11990 = PLANE('',#11989);
#11991 = ADVANCED_FACE('',(#11988),#11990,.T.);
#11992 = ORIENTED_EDGE('',*,*,#3302,.F.);
#11993 = VECTOR('',#7301,1.);
#11994 = LINE('',#390,#11993);
#11995 = EDGE_CURVE('',#1598,#2202,#11994,.T.);
#11996 = ORIENTED_EDGE('',*,*,#11995,.T.);
#11997 = ORIENTED_EDGE('',*,*,#6437,.F.);
#11998 = ORIENTED_EDGE('',*,*,#11983,.F.);
#11999 = EDGE_LOOP('',(#11992,#11996,#11997,#11998));
#12000 = FACE_OUTER_BOUND('',#11999,.T.);
#12001 = AXIS2_PLACEMENT_3D('',#389,#10989,#7301);
#12002 = PLANE('',#12001);
#12003 = ADVANCED_FACE('',(#12000),#12002,.T.);
#12004 = ORIENTED_EDGE('',*,*,#3298,.F.);
#12005 = VECTOR('',#7301,1.);
#12006 = LINE('',#391,#12005);
#12007 = EDGE_CURVE('',#1599,#2203,#12006,.T.);
#12008 = ORIENTED_EDGE('',*,*,#12007,.T.);
#12009 = ORIENTED_EDGE('',*,*,#6441,.F.);
#12010 = ORIENTED_EDGE('',*,*,#11995,.F.);
#12011 = EDGE_LOOP('',(#12004,#12008,#12009,#12010));
#12012 = FACE_OUTER_BOUND('',#12011,.T.);
#12013 = AXIS2_PLACEMENT_3D('',#390,#11002,#7301);
#12014 = PLANE('',#12013);
#12015 = ADVANCED_FACE('',(#12012),#12014,.T.);
#12016 = ORIENTED_EDGE('',*,*,#3294,.F.);
#12017 = VECTOR('',#7301,1.);
#12018 = LINE('',#392,#12017);
#12019 = EDGE_CURVE('',#1600,#2204,#12018,.T.);
#12020 = ORIENTED_EDGE('',*,*,#12019,.T.);
#12021 = ORIENTED_EDGE('',*,*,#6445,.F.);
#12022 = ORIENTED_EDGE('',*,*,#12007,.F.);
#12023 = EDGE_LOOP('',(#12016,#12020,#12021,#12022));
#12024 = FACE_OUTER_BOUND('',#12023,.T.);
#12025 = AXIS2_PLACEMENT_3D('',#391,#11015,#7301);
#12026 = PLANE('',#12025);
#12027 = ADVANCED_FACE('',(#12024),#12026,.T.);
#12028 = ORIENTED_EDGE('',*,*,#3290,.F.);
#12029 = VECTOR('',#7301,1.);
#12030 = LINE('',#393,#12029);
#12031 = EDGE_CURVE('',#1601,#2205,#12030,.T.);
#12032 = ORIENTED_EDGE('',*,*,#12031,.T.);
#12033 = ORIENTED_EDGE('',*,*,#6449,.F.);
#12034 = ORIENTED_EDGE('',*,*,#12019,.F.);
#12035 = EDGE_LOOP('',(#12028,#12032,#12033,#12034));
#12036 = FACE_OUTER_BOUND('',#12035,.T.);
#12037 = AXIS2_PLACEMENT_3D('',#392,#11028,#7301);
#12038 = PLANE('',#12037);
#12039 = ADVANCED_FACE('',(#12036),#12038,.T.);
#12040 = ORIENTED_EDGE('',*,*,#3286,.F.);
#12041 = VECTOR('',#7301,1.);
#12042 = LINE('',#394,#12041);
#12043 = EDGE_CURVE('',#1602,#2206,#12042,.T.);
#12044 = ORIENTED_EDGE('',*,*,#12043,.T.);
#12045 = ORIENTED_EDGE('',*,*,#6453,.F.);
#12046 = ORIENTED_EDGE('',*,*,#12031,.F.);
#12047 = EDGE_LOOP('',(#12040,#12044,#12045,#12046));
#12048 = FACE_OUTER_BOUND('',#12047,.T.);
#12049 = AXIS2_PLACEMENT_3D('',#393,#2442,#7301);
#12050 = PLANE('',#12049);
#12051 = ADVANCED_FACE('',(#12048),#12050,.T.);
#12052 = ORIENTED_EDGE('',*,*,#3282,.F.);
#12053 = VECTOR('',#7301,1.);
#12054 = LINE('',#395,#12053);
#12055 = EDGE_CURVE('',#1603,#2207,#12054,.T.);
#12056 = ORIENTED_EDGE('',*,*,#12055,.T.);
#12057 = ORIENTED_EDGE('',*,*,#6457,.F.);
#12058 = ORIENTED_EDGE('',*,*,#12043,.F.);
#12059 = EDGE_LOOP('',(#12052,#12056,#12057,#12058));
#12060 = FACE_OUTER_BOUND('',#12059,.T.);
#12061 = AXIS2_PLACEMENT_3D('',#394,#9167,#7301);
#12062 = PLANE('',#12061);
#12063 = ADVANCED_FACE('',(#12060),#12062,.T.);
#12064 = ORIENTED_EDGE('',*,*,#3278,.F.);
#12065 = VECTOR('',#7301,1.);
#12066 = LINE('',#396,#12065);
#12067 = EDGE_CURVE('',#1604,#2208,#12066,.T.);
#12068 = ORIENTED_EDGE('',*,*,#12067,.T.);
#12069 = ORIENTED_EDGE('',*,*,#6461,.F.);
#12070 = ORIENTED_EDGE('',*,*,#12055,.F.);
#12071 = EDGE_LOOP('',(#12064,#12068,#12069,#12070));
#12072 = FACE_OUTER_BOUND('',#12071,.T.);
#12073 = AXIS2_PLACEMENT_3D('',#395,#9180,#7301);
#12074 = PLANE('',#12073);
#12075 = ADVANCED_FACE('',(#12072),#12074,.T.);
#12076 = ORIENTED_EDGE('',*,*,#3274,.F.);
#12077 = VECTOR('',#7301,1.);
#12078 = LINE('',#397,#12077);
#12079 = EDGE_CURVE('',#1605,#2209,#12078,.T.);
#12080 = ORIENTED_EDGE('',*,*,#12079,.T.);
#12081 = ORIENTED_EDGE('',*,*,#6465,.F.);
#12082 = ORIENTED_EDGE('',*,*,#12067,.F.);
#12083 = EDGE_LOOP('',(#12076,#12080,#12081,#12082));
#12084 = FACE_OUTER_BOUND('',#12083,.T.);
#12085 = AXIS2_PLACEMENT_3D('',#396,#9193,#7301);
#12086 = PLANE('',#12085);
#12087 = ADVANCED_FACE('',(#12084),#12086,.T.);
#12088 = ORIENTED_EDGE('',*,*,#3270,.F.);
#12089 = VECTOR('',#7301,1.);
#12090 = LINE('',#398,#12089);
#12091 = EDGE_CURVE('',#1606,#2210,#12090,.T.);
#12092 = ORIENTED_EDGE('',*,*,#12091,.T.);
#12093 = ORIENTED_EDGE('',*,*,#6469,.F.);
#12094 = ORIENTED_EDGE('',*,*,#12079,.F.);
#12095 = EDGE_LOOP('',(#12088,#12092,#12093,#12094));
#12096 = FACE_OUTER_BOUND('',#12095,.T.);
#12097 = AXIS2_PLACEMENT_3D('',#397,#9206,#7301);
#12098 = PLANE('',#12097);
#12099 = ADVANCED_FACE('',(#12096),#12098,.T.);
#12100 = ORIENTED_EDGE('',*,*,#3266,.F.);
#12101 = VECTOR('',#7301,1.);
#12102 = LINE('',#399,#12101);
#12103 = EDGE_CURVE('',#1607,#2211,#12102,.T.);
#12104 = ORIENTED_EDGE('',*,*,#12103,.T.);
#12105 = ORIENTED_EDGE('',*,*,#6473,.F.);
#12106 = ORIENTED_EDGE('',*,*,#12091,.F.);
#12107 = EDGE_LOOP('',(#12100,#12104,#12105,#12106));
#12108 = FACE_OUTER_BOUND('',#12107,.T.);
#12109 = AXIS2_PLACEMENT_3D('',#398,#2447,#7301);
#12110 = PLANE('',#12109);
#12111 = ADVANCED_FACE('',(#12108),#12110,.T.);
#12112 = ORIENTED_EDGE('',*,*,#3262,.F.);
#12113 = VECTOR('',#7301,1.);
#12114 = LINE('',#400,#12113);
#12115 = EDGE_CURVE('',#1608,#2212,#12114,.T.);
#12116 = ORIENTED_EDGE('',*,*,#12115,.T.);
#12117 = ORIENTED_EDGE('',*,*,#6477,.F.);
#12118 = ORIENTED_EDGE('',*,*,#12103,.F.);
#12119 = EDGE_LOOP('',(#12112,#12116,#12117,#12118));
#12120 = FACE_OUTER_BOUND('',#12119,.T.);
#12121 = AXIS2_PLACEMENT_3D('',#399,#2442,#7301);
#12122 = PLANE('',#12121);
#12123 = ADVANCED_FACE('',(#12120),#12122,.T.);
#12124 = ORIENTED_EDGE('',*,*,#3258,.F.);
#12125 = VECTOR('',#7301,1.);
#12126 = LINE('',#401,#12125);
#12127 = EDGE_CURVE('',#1609,#2213,#12126,.T.);
#12128 = ORIENTED_EDGE('',*,*,#12127,.T.);
#12129 = ORIENTED_EDGE('',*,*,#6481,.F.);
#12130 = ORIENTED_EDGE('',*,*,#12115,.F.);
#12131 = EDGE_LOOP('',(#12124,#12128,#12129,#12130));
#12132 = FACE_OUTER_BOUND('',#12131,.T.);
#12133 = AXIS2_PLACEMENT_3D('',#400,#2496,#7301);
#12134 = PLANE('',#12133);
#12135 = ADVANCED_FACE('',(#12132),#12134,.T.);
#12136 = ORIENTED_EDGE('',*,*,#3254,.F.);
#12137 = VECTOR('',#7301,1.);
#12138 = LINE('',#402,#12137);
#12139 = EDGE_CURVE('',#1610,#2214,#12138,.T.);
#12140 = ORIENTED_EDGE('',*,*,#12139,.T.);
#12141 = ORIENTED_EDGE('',*,*,#6485,.F.);
#12142 = ORIENTED_EDGE('',*,*,#12127,.F.);
#12143 = EDGE_LOOP('',(#12136,#12140,#12141,#12142));
#12144 = FACE_OUTER_BOUND('',#12143,.T.);
#12145 = AXIS2_PLACEMENT_3D('',#401,#10989,#7301);
#12146 = PLANE('',#12145);
#12147 = ADVANCED_FACE('',(#12144),#12146,.T.);
#12148 = ORIENTED_EDGE('',*,*,#3250,.F.);
#12149 = VECTOR('',#7301,1.);
#12150 = LINE('',#403,#12149);
#12151 = EDGE_CURVE('',#1611,#2215,#12150,.T.);
#12152 = ORIENTED_EDGE('',*,*,#12151,.T.);
#12153 = ORIENTED_EDGE('',*,*,#6489,.F.);
#12154 = ORIENTED_EDGE('',*,*,#12139,.F.);
#12155 = EDGE_LOOP('',(#12148,#12152,#12153,#12154));
#12156 = FACE_OUTER_BOUND('',#12155,.T.);
#12157 = AXIS2_PLACEMENT_3D('',#402,#11002,#7301);
#12158 = PLANE('',#12157);
#12159 = ADVANCED_FACE('',(#12156),#12158,.T.);
#12160 = ORIENTED_EDGE('',*,*,#3246,.F.);
#12161 = VECTOR('',#7301,1.);
#12162 = LINE('',#404,#12161);
#12163 = EDGE_CURVE('',#1612,#2216,#12162,.T.);
#12164 = ORIENTED_EDGE('',*,*,#12163,.T.);
#12165 = ORIENTED_EDGE('',*,*,#6493,.F.);
#12166 = ORIENTED_EDGE('',*,*,#12151,.F.);
#12167 = EDGE_LOOP('',(#12160,#12164,#12165,#12166));
#12168 = FACE_OUTER_BOUND('',#12167,.T.);
#12169 = AXIS2_PLACEMENT_3D('',#403,#11015,#7301);
#12170 = PLANE('',#12169);
#12171 = ADVANCED_FACE('',(#12168),#12170,.T.);
#12172 = ORIENTED_EDGE('',*,*,#3242,.F.);
#12173 = VECTOR('',#7301,1.);
#12174 = LINE('',#405,#12173);
#12175 = EDGE_CURVE('',#1613,#2217,#12174,.T.);
#12176 = ORIENTED_EDGE('',*,*,#12175,.T.);
#12177 = ORIENTED_EDGE('',*,*,#6497,.F.);
#12178 = ORIENTED_EDGE('',*,*,#12163,.F.);
#12179 = EDGE_LOOP('',(#12172,#12176,#12177,#12178));
#12180 = FACE_OUTER_BOUND('',#12179,.T.);
#12181 = AXIS2_PLACEMENT_3D('',#404,#11028,#7301);
#12182 = PLANE('',#12181);
#12183 = ADVANCED_FACE('',(#12180),#12182,.T.);
#12184 = ORIENTED_EDGE('',*,*,#3238,.F.);
#12185 = VECTOR('',#7301,1.);
#12186 = LINE('',#406,#12185);
#12187 = EDGE_CURVE('',#1614,#2218,#12186,.T.);
#12188 = ORIENTED_EDGE('',*,*,#12187,.T.);
#12189 = ORIENTED_EDGE('',*,*,#6501,.F.);
#12190 = ORIENTED_EDGE('',*,*,#12175,.F.);
#12191 = EDGE_LOOP('',(#12184,#12188,#12189,#12190));
#12192 = FACE_OUTER_BOUND('',#12191,.T.);
#12193 = AXIS2_PLACEMENT_3D('',#405,#2442,#7301);
#12194 = PLANE('',#12193);
#12195 = ADVANCED_FACE('',(#12192),#12194,.T.);
#12196 = ORIENTED_EDGE('',*,*,#3234,.F.);
#12197 = VECTOR('',#7301,1.);
#12198 = LINE('',#407,#12197);
#12199 = EDGE_CURVE('',#1615,#2219,#12198,.T.);
#12200 = ORIENTED_EDGE('',*,*,#12199,.T.);
#12201 = ORIENTED_EDGE('',*,*,#6505,.F.);
#12202 = ORIENTED_EDGE('',*,*,#12187,.F.);
#12203 = EDGE_LOOP('',(#12196,#12200,#12201,#12202));
#12204 = FACE_OUTER_BOUND('',#12203,.T.);
#12205 = AXIS2_PLACEMENT_3D('',#406,#9167,#7301);
#12206 = PLANE('',#12205);
#12207 = ADVANCED_FACE('',(#12204),#12206,.T.);
#12208 = ORIENTED_EDGE('',*,*,#3230,.F.);
#12209 = VECTOR('',#7301,1.);
#12210 = LINE('',#408,#12209);
#12211 = EDGE_CURVE('',#1616,#2220,#12210,.T.);
#12212 = ORIENTED_EDGE('',*,*,#12211,.T.);
#12213 = ORIENTED_EDGE('',*,*,#6509,.F.);
#12214 = ORIENTED_EDGE('',*,*,#12199,.F.);
#12215 = EDGE_LOOP('',(#12208,#12212,#12213,#12214));
#12216 = FACE_OUTER_BOUND('',#12215,.T.);
#12217 = AXIS2_PLACEMENT_3D('',#407,#9180,#7301);
#12218 = PLANE('',#12217);
#12219 = ADVANCED_FACE('',(#12216),#12218,.T.);
#12220 = ORIENTED_EDGE('',*,*,#3226,.F.);
#12221 = VECTOR('',#7301,1.);
#12222 = LINE('',#409,#12221);
#12223 = EDGE_CURVE('',#1617,#2221,#12222,.T.);
#12224 = ORIENTED_EDGE('',*,*,#12223,.T.);
#12225 = ORIENTED_EDGE('',*,*,#6513,.F.);
#12226 = ORIENTED_EDGE('',*,*,#12211,.F.);
#12227 = EDGE_LOOP('',(#12220,#12224,#12225,#12226));
#12228 = FACE_OUTER_BOUND('',#12227,.T.);
#12229 = AXIS2_PLACEMENT_3D('',#408,#9193,#7301);
#12230 = PLANE('',#12229);
#12231 = ADVANCED_FACE('',(#12228),#12230,.T.);
#12232 = ORIENTED_EDGE('',*,*,#3222,.F.);
#12233 = VECTOR('',#7301,1.);
#12234 = LINE('',#410,#12233);
#12235 = EDGE_CURVE('',#1618,#2222,#12234,.T.);
#12236 = ORIENTED_EDGE('',*,*,#12235,.T.);
#12237 = ORIENTED_EDGE('',*,*,#6517,.F.);
#12238 = ORIENTED_EDGE('',*,*,#12223,.F.);
#12239 = EDGE_LOOP('',(#12232,#12236,#12237,#12238));
#12240 = FACE_OUTER_BOUND('',#12239,.T.);
#12241 = AXIS2_PLACEMENT_3D('',#409,#9206,#7301);
#12242 = PLANE('',#12241);
#12243 = ADVANCED_FACE('',(#12240),#12242,.T.);
#12244 = ORIENTED_EDGE('',*,*,#3218,.F.);
#12245 = VECTOR('',#7301,1.);
#12246 = LINE('',#411,#12245);
#12247 = EDGE_CURVE('',#1619,#2223,#12246,.T.);
#12248 = ORIENTED_EDGE('',*,*,#12247,.T.);
#12249 = ORIENTED_EDGE('',*,*,#6521,.F.);
#12250 = ORIENTED_EDGE('',*,*,#12235,.F.);
#12251 = EDGE_LOOP('',(#12244,#12248,#12249,#12250));
#12252 = FACE_OUTER_BOUND('',#12251,.T.);
#12253 = AXIS2_PLACEMENT_3D('',#410,#2447,#7301);
#12254 = PLANE('',#12253);
#12255 = ADVANCED_FACE('',(#12252),#12254,.T.);
#12256 = ORIENTED_EDGE('',*,*,#3214,.F.);
#12257 = VECTOR('',#7301,1.);
#12258 = LINE('',#412,#12257);
#12259 = EDGE_CURVE('',#1620,#2224,#12258,.T.);
#12260 = ORIENTED_EDGE('',*,*,#12259,.T.);
#12261 = ORIENTED_EDGE('',*,*,#6525,.F.);
#12262 = ORIENTED_EDGE('',*,*,#12247,.F.);
#12263 = EDGE_LOOP('',(#12256,#12260,#12261,#12262));
#12264 = FACE_OUTER_BOUND('',#12263,.T.);
#12265 = AXIS2_PLACEMENT_3D('',#411,#2442,#7301);
#12266 = PLANE('',#12265);
#12267 = ADVANCED_FACE('',(#12264),#12266,.T.);
#12268 = ORIENTED_EDGE('',*,*,#3210,.F.);
#12269 = VECTOR('',#7301,1.);
#12270 = LINE('',#413,#12269);
#12271 = EDGE_CURVE('',#1621,#2225,#12270,.T.);
#12272 = ORIENTED_EDGE('',*,*,#12271,.T.);
#12273 = ORIENTED_EDGE('',*,*,#6529,.F.);
#12274 = ORIENTED_EDGE('',*,*,#12259,.F.);
#12275 = EDGE_LOOP('',(#12268,#12272,#12273,#12274));
#12276 = FACE_OUTER_BOUND('',#12275,.T.);
#12277 = AXIS2_PLACEMENT_3D('',#412,#2496,#7301);
#12278 = PLANE('',#12277);
#12279 = ADVANCED_FACE('',(#12276),#12278,.T.);
#12280 = ORIENTED_EDGE('',*,*,#3206,.F.);
#12281 = VECTOR('',#7301,1.);
#12282 = LINE('',#414,#12281);
#12283 = EDGE_CURVE('',#1622,#2226,#12282,.T.);
#12284 = ORIENTED_EDGE('',*,*,#12283,.T.);
#12285 = ORIENTED_EDGE('',*,*,#6533,.F.);
#12286 = ORIENTED_EDGE('',*,*,#12271,.F.);
#12287 = EDGE_LOOP('',(#12280,#12284,#12285,#12286));
#12288 = FACE_OUTER_BOUND('',#12287,.T.);
#12289 = AXIS2_PLACEMENT_3D('',#413,#10989,#7301);
#12290 = PLANE('',#12289);
#12291 = ADVANCED_FACE('',(#12288),#12290,.T.);
#12292 = ORIENTED_EDGE('',*,*,#3202,.F.);
#12293 = VECTOR('',#7301,1.);
#12294 = LINE('',#415,#12293);
#12295 = EDGE_CURVE('',#1623,#2227,#12294,.T.);
#12296 = ORIENTED_EDGE('',*,*,#12295,.T.);
#12297 = ORIENTED_EDGE('',*,*,#6537,.F.);
#12298 = ORIENTED_EDGE('',*,*,#12283,.F.);
#12299 = EDGE_LOOP('',(#12292,#12296,#12297,#12298));
#12300 = FACE_OUTER_BOUND('',#12299,.T.);
#12301 = AXIS2_PLACEMENT_3D('',#414,#11002,#7301);
#12302 = PLANE('',#12301);
#12303 = ADVANCED_FACE('',(#12300),#12302,.T.);
#12304 = ORIENTED_EDGE('',*,*,#3198,.F.);
#12305 = VECTOR('',#7301,1.);
#12306 = LINE('',#416,#12305);
#12307 = EDGE_CURVE('',#1624,#2228,#12306,.T.);
#12308 = ORIENTED_EDGE('',*,*,#12307,.T.);
#12309 = ORIENTED_EDGE('',*,*,#6541,.F.);
#12310 = ORIENTED_EDGE('',*,*,#12295,.F.);
#12311 = EDGE_LOOP('',(#12304,#12308,#12309,#12310));
#12312 = FACE_OUTER_BOUND('',#12311,.T.);
#12313 = AXIS2_PLACEMENT_3D('',#415,#11015,#7301);
#12314 = PLANE('',#12313);
#12315 = ADVANCED_FACE('',(#12312),#12314,.T.);
#12316 = ORIENTED_EDGE('',*,*,#3194,.F.);
#12317 = VECTOR('',#7301,1.);
#12318 = LINE('',#417,#12317);
#12319 = EDGE_CURVE('',#1625,#2229,#12318,.T.);
#12320 = ORIENTED_EDGE('',*,*,#12319,.T.);
#12321 = ORIENTED_EDGE('',*,*,#6545,.F.);
#12322 = ORIENTED_EDGE('',*,*,#12307,.F.);
#12323 = EDGE_LOOP('',(#12316,#12320,#12321,#12322));
#12324 = FACE_OUTER_BOUND('',#12323,.T.);
#12325 = AXIS2_PLACEMENT_3D('',#416,#11028,#7301);
#12326 = PLANE('',#12325);
#12327 = ADVANCED_FACE('',(#12324),#12326,.T.);
#12328 = ORIENTED_EDGE('',*,*,#3190,.F.);
#12329 = VECTOR('',#7301,1.);
#12330 = LINE('',#418,#12329);
#12331 = EDGE_CURVE('',#1626,#2230,#12330,.T.);
#12332 = ORIENTED_EDGE('',*,*,#12331,.T.);
#12333 = ORIENTED_EDGE('',*,*,#6549,.F.);
#12334 = ORIENTED_EDGE('',*,*,#12319,.F.);
#12335 = EDGE_LOOP('',(#12328,#12332,#12333,#12334));
#12336 = FACE_OUTER_BOUND('',#12335,.T.);
#12337 = AXIS2_PLACEMENT_3D('',#417,#2442,#7301);
#12338 = PLANE('',#12337);
#12339 = ADVANCED_FACE('',(#12336),#12338,.T.);
#12340 = ORIENTED_EDGE('',*,*,#3186,.F.);
#12341 = VECTOR('',#7301,1.);
#12342 = LINE('',#419,#12341);
#12343 = EDGE_CURVE('',#1627,#2231,#12342,.T.);
#12344 = ORIENTED_EDGE('',*,*,#12343,.T.);
#12345 = ORIENTED_EDGE('',*,*,#6553,.F.);
#12346 = ORIENTED_EDGE('',*,*,#12331,.F.);
#12347 = EDGE_LOOP('',(#12340,#12344,#12345,#12346));
#12348 = FACE_OUTER_BOUND('',#12347,.T.);
#12349 = AXIS2_PLACEMENT_3D('',#418,#9167,#7301);
#12350 = PLANE('',#12349);
#12351 = ADVANCED_FACE('',(#12348),#12350,.T.);
#12352 = ORIENTED_EDGE('',*,*,#3182,.F.);
#12353 = VECTOR('',#7301,1.);
#12354 = LINE('',#420,#12353);
#12355 = EDGE_CURVE('',#1628,#2232,#12354,.T.);
#12356 = ORIENTED_EDGE('',*,*,#12355,.T.);
#12357 = ORIENTED_EDGE('',*,*,#6557,.F.);
#12358 = ORIENTED_EDGE('',*,*,#12343,.F.);
#12359 = EDGE_LOOP('',(#12352,#12356,#12357,#12358));
#12360 = FACE_OUTER_BOUND('',#12359,.T.);
#12361 = AXIS2_PLACEMENT_3D('',#419,#9180,#7301);
#12362 = PLANE('',#12361);
#12363 = ADVANCED_FACE('',(#12360),#12362,.T.);
#12364 = ORIENTED_EDGE('',*,*,#3178,.F.);
#12365 = VECTOR('',#7301,1.);
#12366 = LINE('',#421,#12365);
#12367 = EDGE_CURVE('',#1629,#2233,#12366,.T.);
#12368 = ORIENTED_EDGE('',*,*,#12367,.T.);
#12369 = ORIENTED_EDGE('',*,*,#6561,.F.);
#12370 = ORIENTED_EDGE('',*,*,#12355,.F.);
#12371 = EDGE_LOOP('',(#12364,#12368,#12369,#12370));
#12372 = FACE_OUTER_BOUND('',#12371,.T.);
#12373 = AXIS2_PLACEMENT_3D('',#420,#9193,#7301);
#12374 = PLANE('',#12373);
#12375 = ADVANCED_FACE('',(#12372),#12374,.T.);
#12376 = ORIENTED_EDGE('',*,*,#3174,.F.);
#12377 = VECTOR('',#7301,1.);
#12378 = LINE('',#422,#12377);
#12379 = EDGE_CURVE('',#1630,#2234,#12378,.T.);
#12380 = ORIENTED_EDGE('',*,*,#12379,.T.);
#12381 = ORIENTED_EDGE('',*,*,#6565,.F.);
#12382 = ORIENTED_EDGE('',*,*,#12367,.F.);
#12383 = EDGE_LOOP('',(#12376,#12380,#12381,#12382));
#12384 = FACE_OUTER_BOUND('',#12383,.T.);
#12385 = AXIS2_PLACEMENT_3D('',#421,#9206,#7301);
#12386 = PLANE('',#12385);
#12387 = ADVANCED_FACE('',(#12384),#12386,.T.);
#12388 = ORIENTED_EDGE('',*,*,#3170,.F.);
#12389 = VECTOR('',#7301,1.);
#12390 = LINE('',#423,#12389);
#12391 = EDGE_CURVE('',#1631,#2235,#12390,.T.);
#12392 = ORIENTED_EDGE('',*,*,#12391,.T.);
#12393 = ORIENTED_EDGE('',*,*,#6569,.F.);
#12394 = ORIENTED_EDGE('',*,*,#12379,.F.);
#12395 = EDGE_LOOP('',(#12388,#12392,#12393,#12394));
#12396 = FACE_OUTER_BOUND('',#12395,.T.);
#12397 = AXIS2_PLACEMENT_3D('',#422,#2447,#7301);
#12398 = PLANE('',#12397);
#12399 = ADVANCED_FACE('',(#12396),#12398,.T.);
#12400 = ORIENTED_EDGE('',*,*,#3166,.F.);
#12401 = VECTOR('',#7301,1.);
#12402 = LINE('',#424,#12401);
#12403 = EDGE_CURVE('',#1632,#2236,#12402,.T.);
#12404 = ORIENTED_EDGE('',*,*,#12403,.T.);
#12405 = ORIENTED_EDGE('',*,*,#6573,.F.);
#12406 = ORIENTED_EDGE('',*,*,#12391,.F.);
#12407 = EDGE_LOOP('',(#12400,#12404,#12405,#12406));
#12408 = FACE_OUTER_BOUND('',#12407,.T.);
#12409 = AXIS2_PLACEMENT_3D('',#423,#2442,#7301);
#12410 = PLANE('',#12409);
#12411 = ADVANCED_FACE('',(#12408),#12410,.T.);
#12412 = ORIENTED_EDGE('',*,*,#3162,.F.);
#12413 = VECTOR('',#7301,1.);
#12414 = LINE('',#425,#12413);
#12415 = EDGE_CURVE('',#1633,#2237,#12414,.T.);
#12416 = ORIENTED_EDGE('',*,*,#12415,.T.);
#12417 = ORIENTED_EDGE('',*,*,#6577,.F.);
#12418 = ORIENTED_EDGE('',*,*,#12403,.F.);
#12419 = EDGE_LOOP('',(#12412,#12416,#12417,#12418));
#12420 = FACE_OUTER_BOUND('',#12419,.T.);
#12421 = AXIS2_PLACEMENT_3D('',#424,#2496,#7301);
#12422 = PLANE('',#12421);
#12423 = ADVANCED_FACE('',(#12420),#12422,.T.);
#12424 = ORIENTED_EDGE('',*,*,#3158,.F.);
#12425 = VECTOR('',#7301,1.);
#12426 = LINE('',#426,#12425);
#12427 = EDGE_CURVE('',#1634,#2238,#12426,.T.);
#12428 = ORIENTED_EDGE('',*,*,#12427,.T.);
#12429 = ORIENTED_EDGE('',*,*,#6581,.F.);
#12430 = ORIENTED_EDGE('',*,*,#12415,.F.);
#12431 = EDGE_LOOP('',(#12424,#12428,#12429,#12430));
#12432 = FACE_OUTER_BOUND('',#12431,.T.);
#12433 = AXIS2_PLACEMENT_3D('',#425,#10989,#7301);
#12434 = PLANE('',#12433);
#12435 = ADVANCED_FACE('',(#12432),#12434,.T.);
#12436 = ORIENTED_EDGE('',*,*,#3154,.F.);
#12437 = VECTOR('',#7301,1.);
#12438 = LINE('',#427,#12437);
#12439 = EDGE_CURVE('',#1635,#2239,#12438,.T.);
#12440 = ORIENTED_EDGE('',*,*,#12439,.T.);
#12441 = ORIENTED_EDGE('',*,*,#6585,.F.);
#12442 = ORIENTED_EDGE('',*,*,#12427,.F.);
#12443 = EDGE_LOOP('',(#12436,#12440,#12441,#12442));
#12444 = FACE_OUTER_BOUND('',#12443,.T.);
#12445 = AXIS2_PLACEMENT_3D('',#426,#11002,#7301);
#12446 = PLANE('',#12445);
#12447 = ADVANCED_FACE('',(#12444),#12446,.T.);
#12448 = ORIENTED_EDGE('',*,*,#3150,.F.);
#12449 = VECTOR('',#7301,1.);
#12450 = LINE('',#428,#12449);
#12451 = EDGE_CURVE('',#1636,#2240,#12450,.T.);
#12452 = ORIENTED_EDGE('',*,*,#12451,.T.);
#12453 = ORIENTED_EDGE('',*,*,#6589,.F.);
#12454 = ORIENTED_EDGE('',*,*,#12439,.F.);
#12455 = EDGE_LOOP('',(#12448,#12452,#12453,#12454));
#12456 = FACE_OUTER_BOUND('',#12455,.T.);
#12457 = AXIS2_PLACEMENT_3D('',#427,#11015,#7301);
#12458 = PLANE('',#12457);
#12459 = ADVANCED_FACE('',(#12456),#12458,.T.);
#12460 = ORIENTED_EDGE('',*,*,#3146,.F.);
#12461 = VECTOR('',#7301,1.);
#12462 = LINE('',#429,#12461);
#12463 = EDGE_CURVE('',#1637,#2241,#12462,.T.);
#12464 = ORIENTED_EDGE('',*,*,#12463,.T.);
#12465 = ORIENTED_EDGE('',*,*,#6593,.F.);
#12466 = ORIENTED_EDGE('',*,*,#12451,.F.);
#12467 = EDGE_LOOP('',(#12460,#12464,#12465,#12466));
#12468 = FACE_OUTER_BOUND('',#12467,.T.);
#12469 = AXIS2_PLACEMENT_3D('',#428,#11028,#7301);
#12470 = PLANE('',#12469);
#12471 = ADVANCED_FACE('',(#12468),#12470,.T.);
#12472 = ORIENTED_EDGE('',*,*,#3142,.F.);
#12473 = VECTOR('',#7301,1.);
#12474 = LINE('',#430,#12473);
#12475 = EDGE_CURVE('',#1638,#2242,#12474,.T.);
#12476 = ORIENTED_EDGE('',*,*,#12475,.T.);
#12477 = ORIENTED_EDGE('',*,*,#6597,.F.);
#12478 = ORIENTED_EDGE('',*,*,#12463,.F.);
#12479 = EDGE_LOOP('',(#12472,#12476,#12477,#12478));
#12480 = FACE_OUTER_BOUND('',#12479,.T.);
#12481 = AXIS2_PLACEMENT_3D('',#429,#2442,#7301);
#12482 = PLANE('',#12481);
#12483 = ADVANCED_FACE('',(#12480),#12482,.T.);
#12484 = ORIENTED_EDGE('',*,*,#3138,.F.);
#12485 = VECTOR('',#7301,1.);
#12486 = LINE('',#431,#12485);
#12487 = EDGE_CURVE('',#1639,#2243,#12486,.T.);
#12488 = ORIENTED_EDGE('',*,*,#12487,.T.);
#12489 = ORIENTED_EDGE('',*,*,#6601,.F.);
#12490 = ORIENTED_EDGE('',*,*,#12475,.F.);
#12491 = EDGE_LOOP('',(#12484,#12488,#12489,#12490));
#12492 = FACE_OUTER_BOUND('',#12491,.T.);
#12493 = AXIS2_PLACEMENT_3D('',#430,#9167,#7301);
#12494 = PLANE('',#12493);
#12495 = ADVANCED_FACE('',(#12492),#12494,.T.);
#12496 = ORIENTED_EDGE('',*,*,#3134,.F.);
#12497 = VECTOR('',#7301,1.);
#12498 = LINE('',#432,#12497);
#12499 = EDGE_CURVE('',#1640,#2244,#12498,.T.);
#12500 = ORIENTED_EDGE('',*,*,#12499,.T.);
#12501 = ORIENTED_EDGE('',*,*,#6605,.F.);
#12502 = ORIENTED_EDGE('',*,*,#12487,.F.);
#12503 = EDGE_LOOP('',(#12496,#12500,#12501,#12502));
#12504 = FACE_OUTER_BOUND('',#12503,.T.);
#12505 = AXIS2_PLACEMENT_3D('',#431,#9180,#7301);
#12506 = PLANE('',#12505);
#12507 = ADVANCED_FACE('',(#12504),#12506,.T.);
#12508 = ORIENTED_EDGE('',*,*,#3130,.F.);
#12509 = VECTOR('',#7301,1.);
#12510 = LINE('',#433,#12509);
#12511 = EDGE_CURVE('',#1641,#2245,#12510,.T.);
#12512 = ORIENTED_EDGE('',*,*,#12511,.T.);
#12513 = ORIENTED_EDGE('',*,*,#6609,.F.);
#12514 = ORIENTED_EDGE('',*,*,#12499,.F.);
#12515 = EDGE_LOOP('',(#12508,#12512,#12513,#12514));
#12516 = FACE_OUTER_BOUND('',#12515,.T.);
#12517 = AXIS2_PLACEMENT_3D('',#432,#9193,#7301);
#12518 = PLANE('',#12517);
#12519 = ADVANCED_FACE('',(#12516),#12518,.T.);
#12520 = ORIENTED_EDGE('',*,*,#3126,.F.);
#12521 = VECTOR('',#7301,1.);
#12522 = LINE('',#434,#12521);
#12523 = EDGE_CURVE('',#1642,#2246,#12522,.T.);
#12524 = ORIENTED_EDGE('',*,*,#12523,.T.);
#12525 = ORIENTED_EDGE('',*,*,#6613,.F.);
#12526 = ORIENTED_EDGE('',*,*,#12511,.F.);
#12527 = EDGE_LOOP('',(#12520,#12524,#12525,#12526));
#12528 = FACE_OUTER_BOUND('',#12527,.T.);
#12529 = AXIS2_PLACEMENT_3D('',#433,#9206,#7301);
#12530 = PLANE('',#12529);
#12531 = ADVANCED_FACE('',(#12528),#12530,.T.);
#12532 = ORIENTED_EDGE('',*,*,#3122,.F.);
#12533 = VECTOR('',#7301,1.);
#12534 = LINE('',#435,#12533);
#12535 = EDGE_CURVE('',#1643,#2247,#12534,.T.);
#12536 = ORIENTED_EDGE('',*,*,#12535,.T.);
#12537 = ORIENTED_EDGE('',*,*,#6617,.F.);
#12538 = ORIENTED_EDGE('',*,*,#12523,.F.);
#12539 = EDGE_LOOP('',(#12532,#12536,#12537,#12538));
#12540 = FACE_OUTER_BOUND('',#12539,.T.);
#12541 = AXIS2_PLACEMENT_3D('',#434,#2447,#7301);
#12542 = PLANE('',#12541);
#12543 = ADVANCED_FACE('',(#12540),#12542,.T.);
#12544 = ORIENTED_EDGE('',*,*,#3118,.F.);
#12545 = VECTOR('',#7301,1.);
#12546 = LINE('',#436,#12545);
#12547 = EDGE_CURVE('',#1644,#2248,#12546,.T.);
#12548 = ORIENTED_EDGE('',*,*,#12547,.T.);
#12549 = ORIENTED_EDGE('',*,*,#6621,.F.);
#12550 = ORIENTED_EDGE('',*,*,#12535,.F.);
#12551 = EDGE_LOOP('',(#12544,#12548,#12549,#12550));
#12552 = FACE_OUTER_BOUND('',#12551,.T.);
#12553 = AXIS2_PLACEMENT_3D('',#435,#2442,#7301);
#12554 = PLANE('',#12553);
#12555 = ADVANCED_FACE('',(#12552),#12554,.T.);
#12556 = ORIENTED_EDGE('',*,*,#3114,.F.);
#12557 = VECTOR('',#7301,1.);
#12558 = LINE('',#437,#12557);
#12559 = EDGE_CURVE('',#1645,#2249,#12558,.T.);
#12560 = ORIENTED_EDGE('',*,*,#12559,.T.);
#12561 = ORIENTED_EDGE('',*,*,#6625,.F.);
#12562 = ORIENTED_EDGE('',*,*,#12547,.F.);
#12563 = EDGE_LOOP('',(#12556,#12560,#12561,#12562));
#12564 = FACE_OUTER_BOUND('',#12563,.T.);
#12565 = AXIS2_PLACEMENT_3D('',#436,#2496,#7301);
#12566 = PLANE('',#12565);
#12567 = ADVANCED_FACE('',(#12564),#12566,.T.);
#12568 = ORIENTED_EDGE('',*,*,#3110,.F.);
#12569 = VECTOR('',#7301,1.);
#12570 = LINE('',#438,#12569);
#12571 = EDGE_CURVE('',#1646,#2250,#12570,.T.);
#12572 = ORIENTED_EDGE('',*,*,#12571,.T.);
#12573 = ORIENTED_EDGE('',*,*,#6629,.F.);
#12574 = ORIENTED_EDGE('',*,*,#12559,.F.);
#12575 = EDGE_LOOP('',(#12568,#12572,#12573,#12574));
#12576 = FACE_OUTER_BOUND('',#12575,.T.);
#12577 = AXIS2_PLACEMENT_3D('',#437,#10989,#7301);
#12578 = PLANE('',#12577);
#12579 = ADVANCED_FACE('',(#12576),#12578,.T.);
#12580 = ORIENTED_EDGE('',*,*,#3106,.F.);
#12581 = VECTOR('',#7301,1.);
#12582 = LINE('',#439,#12581);
#12583 = EDGE_CURVE('',#1647,#2251,#12582,.T.);
#12584 = ORIENTED_EDGE('',*,*,#12583,.T.);
#12585 = ORIENTED_EDGE('',*,*,#6633,.F.);
#12586 = ORIENTED_EDGE('',*,*,#12571,.F.);
#12587 = EDGE_LOOP('',(#12580,#12584,#12585,#12586));
#12588 = FACE_OUTER_BOUND('',#12587,.T.);
#12589 = AXIS2_PLACEMENT_3D('',#438,#11002,#7301);
#12590 = PLANE('',#12589);
#12591 = ADVANCED_FACE('',(#12588),#12590,.T.);
#12592 = ORIENTED_EDGE('',*,*,#3102,.F.);
#12593 = VECTOR('',#7301,1.);
#12594 = LINE('',#440,#12593);
#12595 = EDGE_CURVE('',#1648,#2252,#12594,.T.);
#12596 = ORIENTED_EDGE('',*,*,#12595,.T.);
#12597 = ORIENTED_EDGE('',*,*,#6637,.F.);
#12598 = ORIENTED_EDGE('',*,*,#12583,.F.);
#12599 = EDGE_LOOP('',(#12592,#12596,#12597,#12598));
#12600 = FACE_OUTER_BOUND('',#12599,.T.);
#12601 = AXIS2_PLACEMENT_3D('',#439,#11015,#7301);
#12602 = PLANE('',#12601);
#12603 = ADVANCED_FACE('',(#12600),#12602,.T.);
#12604 = ORIENTED_EDGE('',*,*,#3098,.F.);
#12605 = VECTOR('',#7301,1.);
#12606 = LINE('',#441,#12605);
#12607 = EDGE_CURVE('',#1649,#2253,#12606,.T.);
#12608 = ORIENTED_EDGE('',*,*,#12607,.T.);
#12609 = ORIENTED_EDGE('',*,*,#6641,.F.);
#12610 = ORIENTED_EDGE('',*,*,#12595,.F.);
#12611 = EDGE_LOOP('',(#12604,#12608,#12609,#12610));
#12612 = FACE_OUTER_BOUND('',#12611,.T.);
#12613 = AXIS2_PLACEMENT_3D('',#440,#11028,#7301);
#12614 = PLANE('',#12613);
#12615 = ADVANCED_FACE('',(#12612),#12614,.T.);
#12616 = ORIENTED_EDGE('',*,*,#3094,.F.);
#12617 = VECTOR('',#7301,1.);
#12618 = LINE('',#442,#12617);
#12619 = EDGE_CURVE('',#1650,#2254,#12618,.T.);
#12620 = ORIENTED_EDGE('',*,*,#12619,.T.);
#12621 = ORIENTED_EDGE('',*,*,#6645,.F.);
#12622 = ORIENTED_EDGE('',*,*,#12607,.F.);
#12623 = EDGE_LOOP('',(#12616,#12620,#12621,#12622));
#12624 = FACE_OUTER_BOUND('',#12623,.T.);
#12625 = AXIS2_PLACEMENT_3D('',#441,#2442,#7301);
#12626 = PLANE('',#12625);
#12627 = ADVANCED_FACE('',(#12624),#12626,.T.);
#12628 = ORIENTED_EDGE('',*,*,#3090,.F.);
#12629 = VECTOR('',#7301,1.);
#12630 = LINE('',#443,#12629);
#12631 = EDGE_CURVE('',#1651,#2255,#12630,.T.);
#12632 = ORIENTED_EDGE('',*,*,#12631,.T.);
#12633 = ORIENTED_EDGE('',*,*,#6649,.F.);
#12634 = ORIENTED_EDGE('',*,*,#12619,.F.);
#12635 = EDGE_LOOP('',(#12628,#12632,#12633,#12634));
#12636 = FACE_OUTER_BOUND('',#12635,.T.);
#12637 = AXIS2_PLACEMENT_3D('',#442,#9167,#7301);
#12638 = PLANE('',#12637);
#12639 = ADVANCED_FACE('',(#12636),#12638,.T.);
#12640 = ORIENTED_EDGE('',*,*,#3085,.F.);
#12641 = VECTOR('',#7301,1.);
#12642 = LINE('',#444,#12641);
#12643 = EDGE_CURVE('',#1652,#2256,#12642,.T.);
#12644 = ORIENTED_EDGE('',*,*,#12643,.T.);
#12645 = ORIENTED_EDGE('',*,*,#6653,.F.);
#12646 = ORIENTED_EDGE('',*,*,#12631,.F.);
#12647 = EDGE_LOOP('',(#12640,#12644,#12645,#12646));
#12648 = FACE_OUTER_BOUND('',#12647,.T.);
#12649 = AXIS2_PLACEMENT_3D('',#443,#9180,#7301);
#12650 = PLANE('',#12649);
#12651 = ADVANCED_FACE('',(#12648),#12650,.T.);
#12652 = ORIENTED_EDGE('',*,*,#3080,.F.);
#12653 = VECTOR('',#7301,1.);
#12654 = LINE('',#445,#12653);
#12655 = EDGE_CURVE('',#1653,#2257,#12654,.T.);
#12656 = ORIENTED_EDGE('',*,*,#12655,.T.);
#12657 = ORIENTED_EDGE('',*,*,#6657,.F.);
#12658 = ORIENTED_EDGE('',*,*,#12643,.F.);
#12659 = EDGE_LOOP('',(#12652,#12656,#12657,#12658));
#12660 = FACE_OUTER_BOUND('',#12659,.T.);
#12661 = AXIS2_PLACEMENT_3D('',#444,#9193,#7301);
#12662 = PLANE('',#12661);
#12663 = ADVANCED_FACE('',(#12660),#12662,.T.);
#12664 = ORIENTED_EDGE('',*,*,#3075,.F.);
#12665 = VECTOR('',#7301,1.);
#12666 = LINE('',#446,#12665);
#12667 = EDGE_CURVE('',#1654,#2258,#12666,.T.);
#12668 = ORIENTED_EDGE('',*,*,#12667,.T.);
#12669 = ORIENTED_EDGE('',*,*,#6661,.F.);
#12670 = ORIENTED_EDGE('',*,*,#12655,.F.);
#12671 = EDGE_LOOP('',(#12664,#12668,#12669,#12670));
#12672 = FACE_OUTER_BOUND('',#12671,.T.);
#12673 = AXIS2_PLACEMENT_3D('',#445,#9206,#7301);
#12674 = PLANE('',#12673);
#12675 = ADVANCED_FACE('',(#12672),#12674,.T.);
#12676 = ORIENTED_EDGE('',*,*,#3070,.F.);
#12677 = VECTOR('',#7301,1.);
#12678 = LINE('',#447,#12677);
#12679 = EDGE_CURVE('',#1655,#2259,#12678,.T.);
#12680 = ORIENTED_EDGE('',*,*,#12679,.T.);
#12681 = ORIENTED_EDGE('',*,*,#6665,.F.);
#12682 = ORIENTED_EDGE('',*,*,#12667,.F.);
#12683 = EDGE_LOOP('',(#12676,#12680,#12681,#12682));
#12684 = FACE_OUTER_BOUND('',#12683,.T.);
#12685 = AXIS2_PLACEMENT_3D('',#446,#2447,#7301);
#12686 = PLANE('',#12685);
#12687 = ADVANCED_FACE('',(#12684),#12686,.T.);
#12688 = ORIENTED_EDGE('',*,*,#3065,.F.);
#12689 = VECTOR('',#7301,1.);
#12690 = LINE('',#448,#12689);
#12691 = EDGE_CURVE('',#1656,#2260,#12690,.T.);
#12692 = ORIENTED_EDGE('',*,*,#12691,.T.);
#12693 = ORIENTED_EDGE('',*,*,#6669,.F.);
#12694 = ORIENTED_EDGE('',*,*,#12679,.F.);
#12695 = EDGE_LOOP('',(#12688,#12692,#12693,#12694));
#12696 = FACE_OUTER_BOUND('',#12695,.T.);
#12697 = AXIS2_PLACEMENT_3D('',#447,#2442,#7301);
#12698 = PLANE('',#12697);
#12699 = ADVANCED_FACE('',(#12696),#12698,.T.);
#12700 = ORIENTED_EDGE('',*,*,#3061,.F.);
#12701 = VECTOR('',#7301,1.);
#12702 = LINE('',#449,#12701);
#12703 = EDGE_CURVE('',#1657,#2261,#12702,.T.);
#12704 = ORIENTED_EDGE('',*,*,#12703,.T.);
#12705 = ORIENTED_EDGE('',*,*,#6673,.F.);
#12706 = ORIENTED_EDGE('',*,*,#12691,.F.);
#12707 = EDGE_LOOP('',(#12700,#12704,#12705,#12706));
#12708 = FACE_OUTER_BOUND('',#12707,.T.);
#12709 = DIRECTION('',(-0.130526192,0.991444861,0));
#12710 = AXIS2_PLACEMENT_3D('',#448,#12709,#7301);
#12711 = PLANE('',#12710);
#12712 = ADVANCED_FACE('',(#12708),#12711,.T.);
#12713 = ORIENTED_EDGE('',*,*,#3056,.F.);
#12714 = VECTOR('',#7301,1.);
#12715 = LINE('',#450,#12714);
#12716 = EDGE_CURVE('',#1658,#2262,#12715,.T.);
#12717 = ORIENTED_EDGE('',*,*,#12716,.T.);
#12718 = ORIENTED_EDGE('',*,*,#6677,.F.);
#12719 = ORIENTED_EDGE('',*,*,#12703,.F.);
#12720 = EDGE_LOOP('',(#12713,#12717,#12718,#12719));
#12721 = FACE_OUTER_BOUND('',#12720,.T.);
#12722 = DIRECTION('',(-0.382683432,0.923879533,0));
#12723 = AXIS2_PLACEMENT_3D('',#449,#12722,#7301);
#12724 = PLANE('',#12723);
#12725 = ADVANCED_FACE('',(#12721),#12724,.T.);
#12726 = ORIENTED_EDGE('',*,*,#3051,.F.);
#12727 = VECTOR('',#7301,1.);
#12728 = LINE('',#451,#12727);
#12729 = EDGE_CURVE('',#1659,#2263,#12728,.T.);
#12730 = ORIENTED_EDGE('',*,*,#12729,.T.);
#12731 = ORIENTED_EDGE('',*,*,#6681,.F.);
#12732 = ORIENTED_EDGE('',*,*,#12716,.F.);
#12733 = EDGE_LOOP('',(#12726,#12730,#12731,#12732));
#12734 = FACE_OUTER_BOUND('',#12733,.T.);
#12735 = DIRECTION('',(-0.608761429,0.79335334,0));
#12736 = AXIS2_PLACEMENT_3D('',#450,#12735,#7301);
#12737 = PLANE('',#12736);
#12738 = ADVANCED_FACE('',(#12734),#12737,.T.);
#12739 = ORIENTED_EDGE('',*,*,#3046,.F.);
#12740 = VECTOR('',#7301,1.);
#12741 = LINE('',#452,#12740);
#12742 = EDGE_CURVE('',#1660,#2264,#12741,.T.);
#12743 = ORIENTED_EDGE('',*,*,#12742,.T.);
#12744 = ORIENTED_EDGE('',*,*,#6685,.F.);
#12745 = ORIENTED_EDGE('',*,*,#12729,.F.);
#12746 = EDGE_LOOP('',(#12739,#12743,#12744,#12745));
#12747 = FACE_OUTER_BOUND('',#12746,.T.);
#12748 = DIRECTION('',(-0.79335334,0.608761429,0));
#12749 = AXIS2_PLACEMENT_3D('',#451,#12748,#7301);
#12750 = PLANE('',#12749);
#12751 = ADVANCED_FACE('',(#12747),#12750,.T.);
#12752 = ORIENTED_EDGE('',*,*,#3041,.F.);
#12753 = VECTOR('',#7301,1.);
#12754 = LINE('',#453,#12753);
#12755 = EDGE_CURVE('',#1661,#2265,#12754,.T.);
#12756 = ORIENTED_EDGE('',*,*,#12755,.T.);
#12757 = ORIENTED_EDGE('',*,*,#6689,.F.);
#12758 = ORIENTED_EDGE('',*,*,#12742,.F.);
#12759 = EDGE_LOOP('',(#12752,#12756,#12757,#12758));
#12760 = FACE_OUTER_BOUND('',#12759,.T.);
#12761 = DIRECTION('',(-0.923879533,0.382683432,0));
#12762 = AXIS2_PLACEMENT_3D('',#452,#12761,#7301);
#12763 = PLANE('',#12762);
#12764 = ADVANCED_FACE('',(#12760),#12763,.T.);
#12765 = ORIENTED_EDGE('',*,*,#3036,.F.);
#12766 = VECTOR('',#7301,1.);
#12767 = LINE('',#454,#12766);
#12768 = EDGE_CURVE('',#1662,#2266,#12767,.T.);
#12769 = ORIENTED_EDGE('',*,*,#12768,.T.);
#12770 = ORIENTED_EDGE('',*,*,#6693,.F.);
#12771 = ORIENTED_EDGE('',*,*,#12755,.F.);
#12772 = EDGE_LOOP('',(#12765,#12769,#12770,#12771));
#12773 = FACE_OUTER_BOUND('',#12772,.T.);
#12774 = DIRECTION('',(-0.991444861,0.130526192,0));
#12775 = AXIS2_PLACEMENT_3D('',#453,#12774,#7301);
#12776 = PLANE('',#12775);
#12777 = ADVANCED_FACE('',(#12773),#12776,.T.);
#12778 = ORIENTED_EDGE('',*,*,#3031,.F.);
#12779 = VECTOR('',#7301,1.);
#12780 = LINE('',#455,#12779);
#12781 = EDGE_CURVE('',#1663,#2267,#12780,.T.);
#12782 = ORIENTED_EDGE('',*,*,#12781,.T.);
#12783 = ORIENTED_EDGE('',*,*,#6697,.F.);
#12784 = ORIENTED_EDGE('',*,*,#12768,.F.);
#12785 = EDGE_LOOP('',(#12778,#12782,#12783,#12784));
#12786 = FACE_OUTER_BOUND('',#12785,.T.);
#12787 = AXIS2_PLACEMENT_3D('',#454,#2496,#7301);
#12788 = PLANE('',#12787);
#12789 = ADVANCED_FACE('',(#12786),#12788,.T.);
#12790 = ORIENTED_EDGE('',*,*,#3027,.F.);
#12791 = VECTOR('',#7301,1.);
#12792 = LINE('',#456,#12791);
#12793 = EDGE_CURVE('',#1664,#2268,#12792,.T.);
#12794 = ORIENTED_EDGE('',*,*,#12793,.T.);
#12795 = ORIENTED_EDGE('',*,*,#6701,.F.);
#12796 = ORIENTED_EDGE('',*,*,#12781,.F.);
#12797 = EDGE_LOOP('',(#12790,#12794,#12795,#12796));
#12798 = FACE_OUTER_BOUND('',#12797,.T.);
#12799 = AXIS2_PLACEMENT_3D('',#455,#3067,#7301);
#12800 = PLANE('',#12799);
#12801 = ADVANCED_FACE('',(#12798),#12800,.T.);
#12802 = ORIENTED_EDGE('',*,*,#3023,.F.);
#12803 = VECTOR('',#7301,1.);
#12804 = LINE('',#457,#12803);
#12805 = EDGE_CURVE('',#1665,#2269,#12804,.T.);
#12806 = ORIENTED_EDGE('',*,*,#12805,.T.);
#12807 = ORIENTED_EDGE('',*,*,#6705,.F.);
#12808 = ORIENTED_EDGE('',*,*,#12793,.F.);
#12809 = EDGE_LOOP('',(#12802,#12806,#12807,#12808));
#12810 = FACE_OUTER_BOUND('',#12809,.T.);
#12811 = AXIS2_PLACEMENT_3D('',#456,#7405,#7301);
#12812 = PLANE('',#12811);
#12813 = ADVANCED_FACE('',(#12810),#12812,.T.);
#12814 = ORIENTED_EDGE('',*,*,#3019,.F.);
#12815 = VECTOR('',#7301,1.);
#12816 = LINE('',#458,#12815);
#12817 = EDGE_CURVE('',#1666,#2270,#12816,.T.);
#12818 = ORIENTED_EDGE('',*,*,#12817,.T.);
#12819 = ORIENTED_EDGE('',*,*,#6709,.F.);
#12820 = ORIENTED_EDGE('',*,*,#12805,.F.);
#12821 = EDGE_LOOP('',(#12814,#12818,#12819,#12820));
#12822 = FACE_OUTER_BOUND('',#12821,.T.);
#12823 = AXIS2_PLACEMENT_3D('',#457,#7418,#7301);
#12824 = PLANE('',#12823);
#12825 = ADVANCED_FACE('',(#12822),#12824,.T.);
#12826 = ORIENTED_EDGE('',*,*,#3015,.F.);
#12827 = VECTOR('',#7301,1.);
#12828 = LINE('',#459,#12827);
#12829 = EDGE_CURVE('',#1667,#2271,#12828,.T.);
#12830 = ORIENTED_EDGE('',*,*,#12829,.T.);
#12831 = ORIENTED_EDGE('',*,*,#6713,.F.);
#12832 = ORIENTED_EDGE('',*,*,#12817,.F.);
#12833 = EDGE_LOOP('',(#12826,#12830,#12831,#12832));
#12834 = FACE_OUTER_BOUND('',#12833,.T.);
#12835 = AXIS2_PLACEMENT_3D('',#458,#7431,#7301);
#12836 = PLANE('',#12835);
#12837 = ADVANCED_FACE('',(#12834),#12836,.T.);
#12838 = ORIENTED_EDGE('',*,*,#3011,.F.);
#12839 = VECTOR('',#7301,1.);
#12840 = LINE('',#460,#12839);
#12841 = EDGE_CURVE('',#1668,#2272,#12840,.T.);
#12842 = ORIENTED_EDGE('',*,*,#12841,.T.);
#12843 = ORIENTED_EDGE('',*,*,#6717,.F.);
#12844 = ORIENTED_EDGE('',*,*,#12829,.F.);
#12845 = EDGE_LOOP('',(#12838,#12842,#12843,#12844));
#12846 = FACE_OUTER_BOUND('',#12845,.T.);
#12847 = AXIS2_PLACEMENT_3D('',#459,#7444,#7301);
#12848 = PLANE('',#12847);
#12849 = ADVANCED_FACE('',(#12846),#12848,.T.);
#12850 = ORIENTED_EDGE('',*,*,#3007,.F.);
#12851 = VECTOR('',#7301,1.);
#12852 = LINE('',#461,#12851);
#12853 = EDGE_CURVE('',#1669,#2273,#12852,.T.);
#12854 = ORIENTED_EDGE('',*,*,#12853,.T.);
#12855 = ORIENTED_EDGE('',*,*,#6721,.F.);
#12856 = ORIENTED_EDGE('',*,*,#12841,.F.);
#12857 = EDGE_LOOP('',(#12850,#12854,#12855,#12856));
#12858 = FACE_OUTER_BOUND('',#12857,.T.);
#12859 = AXIS2_PLACEMENT_3D('',#460,#2496,#7301);
#12860 = PLANE('',#12859);
#12861 = ADVANCED_FACE('',(#12858),#12860,.T.);
#12862 = ORIENTED_EDGE('',*,*,#3003,.F.);
#12863 = VECTOR('',#7301,1.);
#12864 = LINE('',#462,#12863);
#12865 = EDGE_CURVE('',#1670,#2274,#12864,.T.);
#12866 = ORIENTED_EDGE('',*,*,#12865,.T.);
#12867 = ORIENTED_EDGE('',*,*,#6725,.F.);
#12868 = ORIENTED_EDGE('',*,*,#12853,.F.);
#12869 = EDGE_LOOP('',(#12862,#12866,#12867,#12868));
#12870 = FACE_OUTER_BOUND('',#12869,.T.);
#12871 = AXIS2_PLACEMENT_3D('',#461,#10989,#7301);
#12872 = PLANE('',#12871);
#12873 = ADVANCED_FACE('',(#12870),#12872,.T.);
#12874 = ORIENTED_EDGE('',*,*,#2999,.F.);
#12875 = VECTOR('',#7301,1.);
#12876 = LINE('',#463,#12875);
#12877 = EDGE_CURVE('',#1671,#2275,#12876,.T.);
#12878 = ORIENTED_EDGE('',*,*,#12877,.T.);
#12879 = ORIENTED_EDGE('',*,*,#6729,.F.);
#12880 = ORIENTED_EDGE('',*,*,#12865,.F.);
#12881 = EDGE_LOOP('',(#12874,#12878,#12879,#12880));
#12882 = FACE_OUTER_BOUND('',#12881,.T.);
#12883 = AXIS2_PLACEMENT_3D('',#462,#11002,#7301);
#12884 = PLANE('',#12883);
#12885 = ADVANCED_FACE('',(#12882),#12884,.T.);
#12886 = ORIENTED_EDGE('',*,*,#2995,.F.);
#12887 = VECTOR('',#7301,1.);
#12888 = LINE('',#464,#12887);
#12889 = EDGE_CURVE('',#1672,#2276,#12888,.T.);
#12890 = ORIENTED_EDGE('',*,*,#12889,.T.);
#12891 = ORIENTED_EDGE('',*,*,#6733,.F.);
#12892 = ORIENTED_EDGE('',*,*,#12877,.F.);
#12893 = EDGE_LOOP('',(#12886,#12890,#12891,#12892));
#12894 = FACE_OUTER_BOUND('',#12893,.T.);
#12895 = AXIS2_PLACEMENT_3D('',#463,#11015,#7301);
#12896 = PLANE('',#12895);
#12897 = ADVANCED_FACE('',(#12894),#12896,.T.);
#12898 = ORIENTED_EDGE('',*,*,#2991,.F.);
#12899 = VECTOR('',#7301,1.);
#12900 = LINE('',#465,#12899);
#12901 = EDGE_CURVE('',#1673,#2277,#12900,.T.);
#12902 = ORIENTED_EDGE('',*,*,#12901,.T.);
#12903 = ORIENTED_EDGE('',*,*,#6737,.F.);
#12904 = ORIENTED_EDGE('',*,*,#12889,.F.);
#12905 = EDGE_LOOP('',(#12898,#12902,#12903,#12904));
#12906 = FACE_OUTER_BOUND('',#12905,.T.);
#12907 = AXIS2_PLACEMENT_3D('',#464,#11028,#7301);
#12908 = PLANE('',#12907);
#12909 = ADVANCED_FACE('',(#12906),#12908,.T.);
#12910 = ORIENTED_EDGE('',*,*,#2987,.F.);
#12911 = VECTOR('',#7301,1.);
#12912 = LINE('',#466,#12911);
#12913 = EDGE_CURVE('',#1674,#2278,#12912,.T.);
#12914 = ORIENTED_EDGE('',*,*,#12913,.T.);
#12915 = ORIENTED_EDGE('',*,*,#6741,.F.);
#12916 = ORIENTED_EDGE('',*,*,#12901,.F.);
#12917 = EDGE_LOOP('',(#12910,#12914,#12915,#12916));
#12918 = FACE_OUTER_BOUND('',#12917,.T.);
#12919 = AXIS2_PLACEMENT_3D('',#465,#2442,#7301);
#12920 = PLANE('',#12919);
#12921 = ADVANCED_FACE('',(#12918),#12920,.T.);
#12922 = ORIENTED_EDGE('',*,*,#2983,.F.);
#12923 = VECTOR('',#7301,1.);
#12924 = LINE('',#467,#12923);
#12925 = EDGE_CURVE('',#1675,#2279,#12924,.T.);
#12926 = ORIENTED_EDGE('',*,*,#12925,.T.);
#12927 = ORIENTED_EDGE('',*,*,#6745,.F.);
#12928 = ORIENTED_EDGE('',*,*,#12913,.F.);
#12929 = EDGE_LOOP('',(#12922,#12926,#12927,#12928));
#12930 = FACE_OUTER_BOUND('',#12929,.T.);
#12931 = AXIS2_PLACEMENT_3D('',#466,#2496,#7301);
#12932 = PLANE('',#12931);
#12933 = ADVANCED_FACE('',(#12930),#12932,.T.);
#12934 = ORIENTED_EDGE('',*,*,#2979,.F.);
#12935 = VECTOR('',#7301,1.);
#12936 = LINE('',#468,#12935);
#12937 = EDGE_CURVE('',#1676,#2280,#12936,.T.);
#12938 = ORIENTED_EDGE('',*,*,#12937,.T.);
#12939 = ORIENTED_EDGE('',*,*,#6749,.F.);
#12940 = ORIENTED_EDGE('',*,*,#12925,.F.);
#12941 = EDGE_LOOP('',(#12934,#12938,#12939,#12940));
#12942 = FACE_OUTER_BOUND('',#12941,.T.);
#12943 = AXIS2_PLACEMENT_3D('',#467,#3067,#7301);
#12944 = PLANE('',#12943);
#12945 = ADVANCED_FACE('',(#12942),#12944,.T.);
#12946 = ORIENTED_EDGE('',*,*,#2975,.F.);
#12947 = VECTOR('',#7301,1.);
#12948 = LINE('',#469,#12947);
#12949 = EDGE_CURVE('',#1677,#2281,#12948,.T.);
#12950 = ORIENTED_EDGE('',*,*,#12949,.T.);
#12951 = ORIENTED_EDGE('',*,*,#6753,.F.);
#12952 = ORIENTED_EDGE('',*,*,#12937,.F.);
#12953 = EDGE_LOOP('',(#12946,#12950,#12951,#12952));
#12954 = FACE_OUTER_BOUND('',#12953,.T.);
#12955 = AXIS2_PLACEMENT_3D('',#468,#7405,#7301);
#12956 = PLANE('',#12955);
#12957 = ADVANCED_FACE('',(#12954),#12956,.T.);
#12958 = ORIENTED_EDGE('',*,*,#2971,.F.);
#12959 = VECTOR('',#7301,1.);
#12960 = LINE('',#470,#12959);
#12961 = EDGE_CURVE('',#1678,#2282,#12960,.T.);
#12962 = ORIENTED_EDGE('',*,*,#12961,.T.);
#12963 = ORIENTED_EDGE('',*,*,#6757,.F.);
#12964 = ORIENTED_EDGE('',*,*,#12949,.F.);
#12965 = EDGE_LOOP('',(#12958,#12962,#12963,#12964));
#12966 = FACE_OUTER_BOUND('',#12965,.T.);
#12967 = AXIS2_PLACEMENT_3D('',#469,#7418,#7301);
#12968 = PLANE('',#12967);
#12969 = ADVANCED_FACE('',(#12966),#12968,.T.);
#12970 = ORIENTED_EDGE('',*,*,#2967,.F.);
#12971 = VECTOR('',#7301,1.);
#12972 = LINE('',#471,#12971);
#12973 = EDGE_CURVE('',#1679,#2283,#12972,.T.);
#12974 = ORIENTED_EDGE('',*,*,#12973,.T.);
#12975 = ORIENTED_EDGE('',*,*,#6761,.F.);
#12976 = ORIENTED_EDGE('',*,*,#12961,.F.);
#12977 = EDGE_LOOP('',(#12970,#12974,#12975,#12976));
#12978 = FACE_OUTER_BOUND('',#12977,.T.);
#12979 = AXIS2_PLACEMENT_3D('',#470,#7431,#7301);
#12980 = PLANE('',#12979);
#12981 = ADVANCED_FACE('',(#12978),#12980,.T.);
#12982 = ORIENTED_EDGE('',*,*,#2963,.F.);
#12983 = VECTOR('',#7301,1.);
#12984 = LINE('',#472,#12983);
#12985 = EDGE_CURVE('',#1680,#2284,#12984,.T.);
#12986 = ORIENTED_EDGE('',*,*,#12985,.T.);
#12987 = ORIENTED_EDGE('',*,*,#6765,.F.);
#12988 = ORIENTED_EDGE('',*,*,#12973,.F.);
#12989 = EDGE_LOOP('',(#12982,#12986,#12987,#12988));
#12990 = FACE_OUTER_BOUND('',#12989,.T.);
#12991 = AXIS2_PLACEMENT_3D('',#471,#7444,#7301);
#12992 = PLANE('',#12991);
#12993 = ADVANCED_FACE('',(#12990),#12992,.T.);
#12994 = ORIENTED_EDGE('',*,*,#2959,.F.);
#12995 = VECTOR('',#7301,1.);
#12996 = LINE('',#473,#12995);
#12997 = EDGE_CURVE('',#1681,#2285,#12996,.T.);
#12998 = ORIENTED_EDGE('',*,*,#12997,.T.);
#12999 = ORIENTED_EDGE('',*,*,#6769,.F.);
#13000 = ORIENTED_EDGE('',*,*,#12985,.F.);
#13001 = EDGE_LOOP('',(#12994,#12998,#12999,#13000));
#13002 = FACE_OUTER_BOUND('',#13001,.T.);
#13003 = AXIS2_PLACEMENT_3D('',#472,#2496,#7301);
#13004 = PLANE('',#13003);
#13005 = ADVANCED_FACE('',(#13002),#13004,.T.);
#13006 = ORIENTED_EDGE('',*,*,#2955,.F.);
#13007 = VECTOR('',#7301,1.);
#13008 = LINE('',#474,#13007);
#13009 = EDGE_CURVE('',#1682,#2286,#13008,.T.);
#13010 = ORIENTED_EDGE('',*,*,#13009,.T.);
#13011 = ORIENTED_EDGE('',*,*,#6773,.F.);
#13012 = ORIENTED_EDGE('',*,*,#12997,.F.);
#13013 = EDGE_LOOP('',(#13006,#13010,#13011,#13012));
#13014 = FACE_OUTER_BOUND('',#13013,.T.);
#13015 = AXIS2_PLACEMENT_3D('',#473,#10989,#7301);
#13016 = PLANE('',#13015);
#13017 = ADVANCED_FACE('',(#13014),#13016,.T.);
#13018 = ORIENTED_EDGE('',*,*,#2951,.F.);
#13019 = VECTOR('',#7301,1.);
#13020 = LINE('',#475,#13019);
#13021 = EDGE_CURVE('',#1683,#2287,#13020,.T.);
#13022 = ORIENTED_EDGE('',*,*,#13021,.T.);
#13023 = ORIENTED_EDGE('',*,*,#6777,.F.);
#13024 = ORIENTED_EDGE('',*,*,#13009,.F.);
#13025 = EDGE_LOOP('',(#13018,#13022,#13023,#13024));
#13026 = FACE_OUTER_BOUND('',#13025,.T.);
#13027 = AXIS2_PLACEMENT_3D('',#474,#11002,#7301);
#13028 = PLANE('',#13027);
#13029 = ADVANCED_FACE('',(#13026),#13028,.T.);
#13030 = ORIENTED_EDGE('',*,*,#2947,.F.);
#13031 = VECTOR('',#7301,1.);
#13032 = LINE('',#476,#13031);
#13033 = EDGE_CURVE('',#1684,#2288,#13032,.T.);
#13034 = ORIENTED_EDGE('',*,*,#13033,.T.);
#13035 = ORIENTED_EDGE('',*,*,#6781,.F.);
#13036 = ORIENTED_EDGE('',*,*,#13021,.F.);
#13037 = EDGE_LOOP('',(#13030,#13034,#13035,#13036));
#13038 = FACE_OUTER_BOUND('',#13037,.T.);
#13039 = AXIS2_PLACEMENT_3D('',#475,#11015,#7301);
#13040 = PLANE('',#13039);
#13041 = ADVANCED_FACE('',(#13038),#13040,.T.);
#13042 = ORIENTED_EDGE('',*,*,#2943,.F.);
#13043 = VECTOR('',#7301,1.);
#13044 = LINE('',#477,#13043);
#13045 = EDGE_CURVE('',#1685,#2289,#13044,.T.);
#13046 = ORIENTED_EDGE('',*,*,#13045,.T.);
#13047 = ORIENTED_EDGE('',*,*,#6785,.F.);
#13048 = ORIENTED_EDGE('',*,*,#13033,.F.);
#13049 = EDGE_LOOP('',(#13042,#13046,#13047,#13048));
#13050 = FACE_OUTER_BOUND('',#13049,.T.);
#13051 = AXIS2_PLACEMENT_3D('',#476,#11028,#7301);
#13052 = PLANE('',#13051);
#13053 = ADVANCED_FACE('',(#13050),#13052,.T.);
#13054 = ORIENTED_EDGE('',*,*,#2939,.F.);
#13055 = VECTOR('',#7301,1.);
#13056 = LINE('',#478,#13055);
#13057 = EDGE_CURVE('',#1686,#2290,#13056,.T.);
#13058 = ORIENTED_EDGE('',*,*,#13057,.T.);
#13059 = ORIENTED_EDGE('',*,*,#6789,.F.);
#13060 = ORIENTED_EDGE('',*,*,#13045,.F.);
#13061 = EDGE_LOOP('',(#13054,#13058,#13059,#13060));
#13062 = FACE_OUTER_BOUND('',#13061,.T.);
#13063 = AXIS2_PLACEMENT_3D('',#477,#2442,#7301);
#13064 = PLANE('',#13063);
#13065 = ADVANCED_FACE('',(#13062),#13064,.T.);
#13066 = ORIENTED_EDGE('',*,*,#2935,.F.);
#13067 = VECTOR('',#7301,1.);
#13068 = LINE('',#479,#13067);
#13069 = EDGE_CURVE('',#1687,#2291,#13068,.T.);
#13070 = ORIENTED_EDGE('',*,*,#13069,.T.);
#13071 = ORIENTED_EDGE('',*,*,#6793,.F.);
#13072 = ORIENTED_EDGE('',*,*,#13057,.F.);
#13073 = EDGE_LOOP('',(#13066,#13070,#13071,#13072));
#13074 = FACE_OUTER_BOUND('',#13073,.T.);
#13075 = AXIS2_PLACEMENT_3D('',#478,#2496,#7301);
#13076 = PLANE('',#13075);
#13077 = ADVANCED_FACE('',(#13074),#13076,.T.);
#13078 = ORIENTED_EDGE('',*,*,#2931,.F.);
#13079 = VECTOR('',#7301,1.);
#13080 = LINE('',#480,#13079);
#13081 = EDGE_CURVE('',#1688,#2292,#13080,.T.);
#13082 = ORIENTED_EDGE('',*,*,#13081,.T.);
#13083 = ORIENTED_EDGE('',*,*,#6797,.F.);
#13084 = ORIENTED_EDGE('',*,*,#13069,.F.);
#13085 = EDGE_LOOP('',(#13078,#13082,#13083,#13084));
#13086 = FACE_OUTER_BOUND('',#13085,.T.);
#13087 = AXIS2_PLACEMENT_3D('',#479,#3067,#7301);
#13088 = PLANE('',#13087);
#13089 = ADVANCED_FACE('',(#13086),#13088,.T.);
#13090 = ORIENTED_EDGE('',*,*,#2927,.F.);
#13091 = VECTOR('',#7301,1.);
#13092 = LINE('',#481,#13091);
#13093 = EDGE_CURVE('',#1689,#2293,#13092,.T.);
#13094 = ORIENTED_EDGE('',*,*,#13093,.T.);
#13095 = ORIENTED_EDGE('',*,*,#6801,.F.);
#13096 = ORIENTED_EDGE('',*,*,#13081,.F.);
#13097 = EDGE_LOOP('',(#13090,#13094,#13095,#13096));
#13098 = FACE_OUTER_BOUND('',#13097,.T.);
#13099 = AXIS2_PLACEMENT_3D('',#480,#7405,#7301);
#13100 = PLANE('',#13099);
#13101 = ADVANCED_FACE('',(#13098),#13100,.T.);
#13102 = ORIENTED_EDGE('',*,*,#2923,.F.);
#13103 = VECTOR('',#7301,1.);
#13104 = LINE('',#482,#13103);
#13105 = EDGE_CURVE('',#1690,#2294,#13104,.T.);
#13106 = ORIENTED_EDGE('',*,*,#13105,.T.);
#13107 = ORIENTED_EDGE('',*,*,#6805,.F.);
#13108 = ORIENTED_EDGE('',*,*,#13093,.F.);
#13109 = EDGE_LOOP('',(#13102,#13106,#13107,#13108));
#13110 = FACE_OUTER_BOUND('',#13109,.T.);
#13111 = AXIS2_PLACEMENT_3D('',#481,#7418,#7301);
#13112 = PLANE('',#13111);
#13113 = ADVANCED_FACE('',(#13110),#13112,.T.);
#13114 = ORIENTED_EDGE('',*,*,#2919,.F.);
#13115 = VECTOR('',#7301,1.);
#13116 = LINE('',#483,#13115);
#13117 = EDGE_CURVE('',#1691,#2295,#13116,.T.);
#13118 = ORIENTED_EDGE('',*,*,#13117,.T.);
#13119 = ORIENTED_EDGE('',*,*,#6809,.F.);
#13120 = ORIENTED_EDGE('',*,*,#13105,.F.);
#13121 = EDGE_LOOP('',(#13114,#13118,#13119,#13120));
#13122 = FACE_OUTER_BOUND('',#13121,.T.);
#13123 = AXIS2_PLACEMENT_3D('',#482,#7431,#7301);
#13124 = PLANE('',#13123);
#13125 = ADVANCED_FACE('',(#13122),#13124,.T.);
#13126 = ORIENTED_EDGE('',*,*,#2915,.F.);
#13127 = VECTOR('',#7301,1.);
#13128 = LINE('',#484,#13127);
#13129 = EDGE_CURVE('',#1692,#2296,#13128,.T.);
#13130 = ORIENTED_EDGE('',*,*,#13129,.T.);
#13131 = ORIENTED_EDGE('',*,*,#6813,.F.);
#13132 = ORIENTED_EDGE('',*,*,#13117,.F.);
#13133 = EDGE_LOOP('',(#13126,#13130,#13131,#13132));
#13134 = FACE_OUTER_BOUND('',#13133,.T.);
#13135 = AXIS2_PLACEMENT_3D('',#483,#7444,#7301);
#13136 = PLANE('',#13135);
#13137 = ADVANCED_FACE('',(#13134),#13136,.T.);
#13138 = ORIENTED_EDGE('',*,*,#2911,.F.);
#13139 = VECTOR('',#7301,1.);
#13140 = LINE('',#485,#13139);
#13141 = EDGE_CURVE('',#1693,#2297,#13140,.T.);
#13142 = ORIENTED_EDGE('',*,*,#13141,.T.);
#13143 = ORIENTED_EDGE('',*,*,#6817,.F.);
#13144 = ORIENTED_EDGE('',*,*,#13129,.F.);
#13145 = EDGE_LOOP('',(#13138,#13142,#13143,#13144));
#13146 = FACE_OUTER_BOUND('',#13145,.T.);
#13147 = AXIS2_PLACEMENT_3D('',#484,#2496,#7301);
#13148 = PLANE('',#13147);
#13149 = ADVANCED_FACE('',(#13146),#13148,.T.);
#13150 = ORIENTED_EDGE('',*,*,#2907,.F.);
#13151 = VECTOR('',#7301,1.);
#13152 = LINE('',#486,#13151);
#13153 = EDGE_CURVE('',#1694,#2298,#13152,.T.);
#13154 = ORIENTED_EDGE('',*,*,#13153,.T.);
#13155 = ORIENTED_EDGE('',*,*,#6821,.F.);
#13156 = ORIENTED_EDGE('',*,*,#13141,.F.);
#13157 = EDGE_LOOP('',(#13150,#13154,#13155,#13156));
#13158 = FACE_OUTER_BOUND('',#13157,.T.);
#13159 = AXIS2_PLACEMENT_3D('',#485,#10989,#7301);
#13160 = PLANE('',#13159);
#13161 = ADVANCED_FACE('',(#13158),#13160,.T.);
#13162 = ORIENTED_EDGE('',*,*,#2903,.F.);
#13163 = VECTOR('',#7301,1.);
#13164 = LINE('',#487,#13163);
#13165 = EDGE_CURVE('',#1695,#2299,#13164,.T.);
#13166 = ORIENTED_EDGE('',*,*,#13165,.T.);
#13167 = ORIENTED_EDGE('',*,*,#6825,.F.);
#13168 = ORIENTED_EDGE('',*,*,#13153,.F.);
#13169 = EDGE_LOOP('',(#13162,#13166,#13167,#13168));
#13170 = FACE_OUTER_BOUND('',#13169,.T.);
#13171 = AXIS2_PLACEMENT_3D('',#486,#11002,#7301);
#13172 = PLANE('',#13171);
#13173 = ADVANCED_FACE('',(#13170),#13172,.T.);
#13174 = ORIENTED_EDGE('',*,*,#2899,.F.);
#13175 = VECTOR('',#7301,1.);
#13176 = LINE('',#488,#13175);
#13177 = EDGE_CURVE('',#1696,#2300,#13176,.T.);
#13178 = ORIENTED_EDGE('',*,*,#13177,.T.);
#13179 = ORIENTED_EDGE('',*,*,#6829,.F.);
#13180 = ORIENTED_EDGE('',*,*,#13165,.F.);
#13181 = EDGE_LOOP('',(#13174,#13178,#13179,#13180));
#13182 = FACE_OUTER_BOUND('',#13181,.T.);
#13183 = AXIS2_PLACEMENT_3D('',#487,#11015,#7301);
#13184 = PLANE('',#13183);
#13185 = ADVANCED_FACE('',(#13182),#13184,.T.);
#13186 = ORIENTED_EDGE('',*,*,#2895,.F.);
#13187 = VECTOR('',#7301,1.);
#13188 = LINE('',#489,#13187);
#13189 = EDGE_CURVE('',#1697,#2301,#13188,.T.);
#13190 = ORIENTED_EDGE('',*,*,#13189,.T.);
#13191 = ORIENTED_EDGE('',*,*,#6833,.F.);
#13192 = ORIENTED_EDGE('',*,*,#13177,.F.);
#13193 = EDGE_LOOP('',(#13186,#13190,#13191,#13192));
#13194 = FACE_OUTER_BOUND('',#13193,.T.);
#13195 = AXIS2_PLACEMENT_3D('',#488,#11028,#7301);
#13196 = PLANE('',#13195);
#13197 = ADVANCED_FACE('',(#13194),#13196,.T.);
#13198 = ORIENTED_EDGE('',*,*,#2891,.F.);
#13199 = VECTOR('',#7301,1.);
#13200 = LINE('',#490,#13199);
#13201 = EDGE_CURVE('',#1698,#2302,#13200,.T.);
#13202 = ORIENTED_EDGE('',*,*,#13201,.T.);
#13203 = ORIENTED_EDGE('',*,*,#6837,.F.);
#13204 = ORIENTED_EDGE('',*,*,#13189,.F.);
#13205 = EDGE_LOOP('',(#13198,#13202,#13203,#13204));
#13206 = FACE_OUTER_BOUND('',#13205,.T.);
#13207 = AXIS2_PLACEMENT_3D('',#489,#2442,#7301);
#13208 = PLANE('',#13207);
#13209 = ADVANCED_FACE('',(#13206),#13208,.T.);
#13210 = ORIENTED_EDGE('',*,*,#2887,.F.);
#13211 = VECTOR('',#7301,1.);
#13212 = LINE('',#491,#13211);
#13213 = EDGE_CURVE('',#1699,#2303,#13212,.T.);
#13214 = ORIENTED_EDGE('',*,*,#13213,.T.);
#13215 = ORIENTED_EDGE('',*,*,#6841,.F.);
#13216 = ORIENTED_EDGE('',*,*,#13201,.F.);
#13217 = EDGE_LOOP('',(#13210,#13214,#13215,#13216));
#13218 = FACE_OUTER_BOUND('',#13217,.T.);
#13219 = AXIS2_PLACEMENT_3D('',#490,#2496,#7301);
#13220 = PLANE('',#13219);
#13221 = ADVANCED_FACE('',(#13218),#13220,.T.);
#13222 = ORIENTED_EDGE('',*,*,#2883,.F.);
#13223 = VECTOR('',#7301,1.);
#13224 = LINE('',#492,#13223);
#13225 = EDGE_CURVE('',#1700,#2304,#13224,.T.);
#13226 = ORIENTED_EDGE('',*,*,#13225,.T.);
#13227 = ORIENTED_EDGE('',*,*,#6845,.F.);
#13228 = ORIENTED_EDGE('',*,*,#13213,.F.);
#13229 = EDGE_LOOP('',(#13222,#13226,#13227,#13228));
#13230 = FACE_OUTER_BOUND('',#13229,.T.);
#13231 = AXIS2_PLACEMENT_3D('',#491,#3067,#7301);
#13232 = PLANE('',#13231);
#13233 = ADVANCED_FACE('',(#13230),#13232,.T.);
#13234 = ORIENTED_EDGE('',*,*,#2879,.F.);
#13235 = VECTOR('',#7301,1.);
#13236 = LINE('',#493,#13235);
#13237 = EDGE_CURVE('',#1701,#2305,#13236,.T.);
#13238 = ORIENTED_EDGE('',*,*,#13237,.T.);
#13239 = ORIENTED_EDGE('',*,*,#6849,.F.);
#13240 = ORIENTED_EDGE('',*,*,#13225,.F.);
#13241 = EDGE_LOOP('',(#13234,#13238,#13239,#13240));
#13242 = FACE_OUTER_BOUND('',#13241,.T.);
#13243 = AXIS2_PLACEMENT_3D('',#492,#7405,#7301);
#13244 = PLANE('',#13243);
#13245 = ADVANCED_FACE('',(#13242),#13244,.T.);
#13246 = ORIENTED_EDGE('',*,*,#2875,.F.);
#13247 = VECTOR('',#7301,1.);
#13248 = LINE('',#494,#13247);
#13249 = EDGE_CURVE('',#1702,#2306,#13248,.T.);
#13250 = ORIENTED_EDGE('',*,*,#13249,.T.);
#13251 = ORIENTED_EDGE('',*,*,#6853,.F.);
#13252 = ORIENTED_EDGE('',*,*,#13237,.F.);
#13253 = EDGE_LOOP('',(#13246,#13250,#13251,#13252));
#13254 = FACE_OUTER_BOUND('',#13253,.T.);
#13255 = AXIS2_PLACEMENT_3D('',#493,#7418,#7301);
#13256 = PLANE('',#13255);
#13257 = ADVANCED_FACE('',(#13254),#13256,.T.);
#13258 = ORIENTED_EDGE('',*,*,#2871,.F.);
#13259 = VECTOR('',#7301,1.);
#13260 = LINE('',#495,#13259);
#13261 = EDGE_CURVE('',#1703,#2307,#13260,.T.);
#13262 = ORIENTED_EDGE('',*,*,#13261,.T.);
#13263 = ORIENTED_EDGE('',*,*,#6857,.F.);
#13264 = ORIENTED_EDGE('',*,*,#13249,.F.);
#13265 = EDGE_LOOP('',(#13258,#13262,#13263,#13264));
#13266 = FACE_OUTER_BOUND('',#13265,.T.);
#13267 = AXIS2_PLACEMENT_3D('',#494,#7431,#7301);
#13268 = PLANE('',#13267);
#13269 = ADVANCED_FACE('',(#13266),#13268,.T.);
#13270 = ORIENTED_EDGE('',*,*,#2867,.F.);
#13271 = VECTOR('',#7301,1.);
#13272 = LINE('',#496,#13271);
#13273 = EDGE_CURVE('',#1704,#2308,#13272,.T.);
#13274 = ORIENTED_EDGE('',*,*,#13273,.T.);
#13275 = ORIENTED_EDGE('',*,*,#6861,.F.);
#13276 = ORIENTED_EDGE('',*,*,#13261,.F.);
#13277 = EDGE_LOOP('',(#13270,#13274,#13275,#13276));
#13278 = FACE_OUTER_BOUND('',#13277,.T.);
#13279 = AXIS2_PLACEMENT_3D('',#495,#7444,#7301);
#13280 = PLANE('',#13279);
#13281 = ADVANCED_FACE('',(#13278),#13280,.T.);
#13282 = ORIENTED_EDGE('',*,*,#2863,.F.);
#13283 = VECTOR('',#7301,1.);
#13284 = LINE('',#497,#13283);
#13285 = EDGE_CURVE('',#1705,#2309,#13284,.T.);
#13286 = ORIENTED_EDGE('',*,*,#13285,.T.);
#13287 = ORIENTED_EDGE('',*,*,#6865,.F.);
#13288 = ORIENTED_EDGE('',*,*,#13273,.F.);
#13289 = EDGE_LOOP('',(#13282,#13286,#13287,#13288));
#13290 = FACE_OUTER_BOUND('',#13289,.T.);
#13291 = AXIS2_PLACEMENT_3D('',#496,#2496,#7301);
#13292 = PLANE('',#13291);
#13293 = ADVANCED_FACE('',(#13290),#13292,.T.);
#13294 = ORIENTED_EDGE('',*,*,#2859,.F.);
#13295 = VECTOR('',#7301,1.);
#13296 = LINE('',#498,#13295);
#13297 = EDGE_CURVE('',#1706,#2310,#13296,.T.);
#13298 = ORIENTED_EDGE('',*,*,#13297,.T.);
#13299 = ORIENTED_EDGE('',*,*,#6869,.F.);
#13300 = ORIENTED_EDGE('',*,*,#13285,.F.);
#13301 = EDGE_LOOP('',(#13294,#13298,#13299,#13300));
#13302 = FACE_OUTER_BOUND('',#13301,.T.);
#13303 = AXIS2_PLACEMENT_3D('',#497,#10989,#7301);
#13304 = PLANE('',#13303);
#13305 = ADVANCED_FACE('',(#13302),#13304,.T.);
#13306 = ORIENTED_EDGE('',*,*,#2855,.F.);
#13307 = VECTOR('',#7301,1.);
#13308 = LINE('',#499,#13307);
#13309 = EDGE_CURVE('',#1707,#2311,#13308,.T.);
#13310 = ORIENTED_EDGE('',*,*,#13309,.T.);
#13311 = ORIENTED_EDGE('',*,*,#6873,.F.);
#13312 = ORIENTED_EDGE('',*,*,#13297,.F.);
#13313 = EDGE_LOOP('',(#13306,#13310,#13311,#13312));
#13314 = FACE_OUTER_BOUND('',#13313,.T.);
#13315 = AXIS2_PLACEMENT_3D('',#498,#11002,#7301);
#13316 = PLANE('',#13315);
#13317 = ADVANCED_FACE('',(#13314),#13316,.T.);
#13318 = ORIENTED_EDGE('',*,*,#2851,.F.);
#13319 = VECTOR('',#7301,1.);
#13320 = LINE('',#500,#13319);
#13321 = EDGE_CURVE('',#1708,#2312,#13320,.T.);
#13322 = ORIENTED_EDGE('',*,*,#13321,.T.);
#13323 = ORIENTED_EDGE('',*,*,#6877,.F.);
#13324 = ORIENTED_EDGE('',*,*,#13309,.F.);
#13325 = EDGE_LOOP('',(#13318,#13322,#13323,#13324));
#13326 = FACE_OUTER_BOUND('',#13325,.T.);
#13327 = AXIS2_PLACEMENT_3D('',#499,#11015,#7301);
#13328 = PLANE('',#13327);
#13329 = ADVANCED_FACE('',(#13326),#13328,.T.);
#13330 = ORIENTED_EDGE('',*,*,#2847,.F.);
#13331 = VECTOR('',#7301,1.);
#13332 = LINE('',#501,#13331);
#13333 = EDGE_CURVE('',#1709,#2313,#13332,.T.);
#13334 = ORIENTED_EDGE('',*,*,#13333,.T.);
#13335 = ORIENTED_EDGE('',*,*,#6881,.F.);
#13336 = ORIENTED_EDGE('',*,*,#13321,.F.);
#13337 = EDGE_LOOP('',(#13330,#13334,#13335,#13336));
#13338 = FACE_OUTER_BOUND('',#13337,.T.);
#13339 = AXIS2_PLACEMENT_3D('',#500,#11028,#7301);
#13340 = PLANE('',#13339);
#13341 = ADVANCED_FACE('',(#13338),#13340,.T.);
#13342 = ORIENTED_EDGE('',*,*,#2843,.F.);
#13343 = VECTOR('',#7301,1.);
#13344 = LINE('',#502,#13343);
#13345 = EDGE_CURVE('',#1710,#2314,#13344,.T.);
#13346 = ORIENTED_EDGE('',*,*,#13345,.T.);
#13347 = ORIENTED_EDGE('',*,*,#6885,.F.);
#13348 = ORIENTED_EDGE('',*,*,#13333,.F.);
#13349 = EDGE_LOOP('',(#13342,#13346,#13347,#13348));
#13350 = FACE_OUTER_BOUND('',#13349,.T.);
#13351 = AXIS2_PLACEMENT_3D('',#501,#2442,#7301);
#13352 = PLANE('',#13351);
#13353 = ADVANCED_FACE('',(#13350),#13352,.T.);
#13354 = ORIENTED_EDGE('',*,*,#2839,.F.);
#13355 = VECTOR('',#7301,1.);
#13356 = LINE('',#503,#13355);
#13357 = EDGE_CURVE('',#1711,#2315,#13356,.T.);
#13358 = ORIENTED_EDGE('',*,*,#13357,.T.);
#13359 = ORIENTED_EDGE('',*,*,#6889,.F.);
#13360 = ORIENTED_EDGE('',*,*,#13345,.F.);
#13361 = EDGE_LOOP('',(#13354,#13358,#13359,#13360));
#13362 = FACE_OUTER_BOUND('',#13361,.T.);
#13363 = AXIS2_PLACEMENT_3D('',#502,#2496,#7301);
#13364 = PLANE('',#13363);
#13365 = ADVANCED_FACE('',(#13362),#13364,.T.);
#13366 = ORIENTED_EDGE('',*,*,#2835,.F.);
#13367 = VECTOR('',#7301,1.);
#13368 = LINE('',#504,#13367);
#13369 = EDGE_CURVE('',#1712,#2316,#13368,.T.);
#13370 = ORIENTED_EDGE('',*,*,#13369,.T.);
#13371 = ORIENTED_EDGE('',*,*,#6893,.F.);
#13372 = ORIENTED_EDGE('',*,*,#13357,.F.);
#13373 = EDGE_LOOP('',(#13366,#13370,#13371,#13372));
#13374 = FACE_OUTER_BOUND('',#13373,.T.);
#13375 = AXIS2_PLACEMENT_3D('',#503,#3067,#7301);
#13376 = PLANE('',#13375);
#13377 = ADVANCED_FACE('',(#13374),#13376,.T.);
#13378 = ORIENTED_EDGE('',*,*,#2831,.F.);
#13379 = VECTOR('',#7301,1.);
#13380 = LINE('',#505,#13379);
#13381 = EDGE_CURVE('',#1713,#2317,#13380,.T.);
#13382 = ORIENTED_EDGE('',*,*,#13381,.T.);
#13383 = ORIENTED_EDGE('',*,*,#6897,.F.);
#13384 = ORIENTED_EDGE('',*,*,#13369,.F.);
#13385 = EDGE_LOOP('',(#13378,#13382,#13383,#13384));
#13386 = FACE_OUTER_BOUND('',#13385,.T.);
#13387 = AXIS2_PLACEMENT_3D('',#504,#7405,#7301);
#13388 = PLANE('',#13387);
#13389 = ADVANCED_FACE('',(#13386),#13388,.T.);
#13390 = ORIENTED_EDGE('',*,*,#2827,.F.);
#13391 = VECTOR('',#7301,1.);
#13392 = LINE('',#506,#13391);
#13393 = EDGE_CURVE('',#1714,#2318,#13392,.T.);
#13394 = ORIENTED_EDGE('',*,*,#13393,.T.);
#13395 = ORIENTED_EDGE('',*,*,#6901,.F.);
#13396 = ORIENTED_EDGE('',*,*,#13381,.F.);
#13397 = EDGE_LOOP('',(#13390,#13394,#13395,#13396));
#13398 = FACE_OUTER_BOUND('',#13397,.T.);
#13399 = AXIS2_PLACEMENT_3D('',#505,#7418,#7301);
#13400 = PLANE('',#13399);
#13401 = ADVANCED_FACE('',(#13398),#13400,.T.);
#13402 = ORIENTED_EDGE('',*,*,#2823,.F.);
#13403 = VECTOR('',#7301,1.);
#13404 = LINE('',#507,#13403);
#13405 = EDGE_CURVE('',#1715,#2319,#13404,.T.);
#13406 = ORIENTED_EDGE('',*,*,#13405,.T.);
#13407 = ORIENTED_EDGE('',*,*,#6905,.F.);
#13408 = ORIENTED_EDGE('',*,*,#13393,.F.);
#13409 = EDGE_LOOP('',(#13402,#13406,#13407,#13408));
#13410 = FACE_OUTER_BOUND('',#13409,.T.);
#13411 = AXIS2_PLACEMENT_3D('',#506,#7431,#7301);
#13412 = PLANE('',#13411);
#13413 = ADVANCED_FACE('',(#13410),#13412,.T.);
#13414 = ORIENTED_EDGE('',*,*,#2819,.F.);
#13415 = VECTOR('',#7301,1.);
#13416 = LINE('',#508,#13415);
#13417 = EDGE_CURVE('',#1716,#2320,#13416,.T.);
#13418 = ORIENTED_EDGE('',*,*,#13417,.T.);
#13419 = ORIENTED_EDGE('',*,*,#6909,.F.);
#13420 = ORIENTED_EDGE('',*,*,#13405,.F.);
#13421 = EDGE_LOOP('',(#13414,#13418,#13419,#13420));
#13422 = FACE_OUTER_BOUND('',#13421,.T.);
#13423 = AXIS2_PLACEMENT_3D('',#507,#7444,#7301);
#13424 = PLANE('',#13423);
#13425 = ADVANCED_FACE('',(#13422),#13424,.T.);
#13426 = ORIENTED_EDGE('',*,*,#2815,.F.);
#13427 = VECTOR('',#7301,1.);
#13428 = LINE('',#509,#13427);
#13429 = EDGE_CURVE('',#1717,#2321,#13428,.T.);
#13430 = ORIENTED_EDGE('',*,*,#13429,.T.);
#13431 = ORIENTED_EDGE('',*,*,#6913,.F.);
#13432 = ORIENTED_EDGE('',*,*,#13417,.F.);
#13433 = EDGE_LOOP('',(#13426,#13430,#13431,#13432));
#13434 = FACE_OUTER_BOUND('',#13433,.T.);
#13435 = AXIS2_PLACEMENT_3D('',#508,#2496,#7301);
#13436 = PLANE('',#13435);
#13437 = ADVANCED_FACE('',(#13434),#13436,.T.);
#13438 = ORIENTED_EDGE('',*,*,#2811,.F.);
#13439 = VECTOR('',#7301,1.);
#13440 = LINE('',#510,#13439);
#13441 = EDGE_CURVE('',#1718,#2322,#13440,.T.);
#13442 = ORIENTED_EDGE('',*,*,#13441,.T.);
#13443 = ORIENTED_EDGE('',*,*,#6917,.F.);
#13444 = ORIENTED_EDGE('',*,*,#13429,.F.);
#13445 = EDGE_LOOP('',(#13438,#13442,#13443,#13444));
#13446 = FACE_OUTER_BOUND('',#13445,.T.);
#13447 = AXIS2_PLACEMENT_3D('',#509,#10989,#7301);
#13448 = PLANE('',#13447);
#13449 = ADVANCED_FACE('',(#13446),#13448,.T.);
#13450 = ORIENTED_EDGE('',*,*,#2807,.F.);
#13451 = VECTOR('',#7301,1.);
#13452 = LINE('',#511,#13451);
#13453 = EDGE_CURVE('',#1719,#2323,#13452,.T.);
#13454 = ORIENTED_EDGE('',*,*,#13453,.T.);
#13455 = ORIENTED_EDGE('',*,*,#6921,.F.);
#13456 = ORIENTED_EDGE('',*,*,#13441,.F.);
#13457 = EDGE_LOOP('',(#13450,#13454,#13455,#13456));
#13458 = FACE_OUTER_BOUND('',#13457,.T.);
#13459 = AXIS2_PLACEMENT_3D('',#510,#11002,#7301);
#13460 = PLANE('',#13459);
#13461 = ADVANCED_FACE('',(#13458),#13460,.T.);
#13462 = ORIENTED_EDGE('',*,*,#2803,.F.);
#13463 = VECTOR('',#7301,1.);
#13464 = LINE('',#512,#13463);
#13465 = EDGE_CURVE('',#1720,#2324,#13464,.T.);
#13466 = ORIENTED_EDGE('',*,*,#13465,.T.);
#13467 = ORIENTED_EDGE('',*,*,#6925,.F.);
#13468 = ORIENTED_EDGE('',*,*,#13453,.F.);
#13469 = EDGE_LOOP('',(#13462,#13466,#13467,#13468));
#13470 = FACE_OUTER_BOUND('',#13469,.T.);
#13471 = AXIS2_PLACEMENT_3D('',#511,#11015,#7301);
#13472 = PLANE('',#13471);
#13473 = ADVANCED_FACE('',(#13470),#13472,.T.);
#13474 = ORIENTED_EDGE('',*,*,#2799,.F.);
#13475 = VECTOR('',#7301,1.);
#13476 = LINE('',#513,#13475);
#13477 = EDGE_CURVE('',#1721,#2325,#13476,.T.);
#13478 = ORIENTED_EDGE('',*,*,#13477,.T.);
#13479 = ORIENTED_EDGE('',*,*,#6929,.F.);
#13480 = ORIENTED_EDGE('',*,*,#13465,.F.);
#13481 = EDGE_LOOP('',(#13474,#13478,#13479,#13480));
#13482 = FACE_OUTER_BOUND('',#13481,.T.);
#13483 = AXIS2_PLACEMENT_3D('',#512,#11028,#7301);
#13484 = PLANE('',#13483);
#13485 = ADVANCED_FACE('',(#13482),#13484,.T.);
#13486 = ORIENTED_EDGE('',*,*,#2795,.F.);
#13487 = VECTOR('',#7301,1.);
#13488 = LINE('',#514,#13487);
#13489 = EDGE_CURVE('',#1722,#2326,#13488,.T.);
#13490 = ORIENTED_EDGE('',*,*,#13489,.T.);
#13491 = ORIENTED_EDGE('',*,*,#6933,.F.);
#13492 = ORIENTED_EDGE('',*,*,#13477,.F.);
#13493 = EDGE_LOOP('',(#13486,#13490,#13491,#13492));
#13494 = FACE_OUTER_BOUND('',#13493,.T.);
#13495 = AXIS2_PLACEMENT_3D('',#513,#2442,#7301);
#13496 = PLANE('',#13495);
#13497 = ADVANCED_FACE('',(#13494),#13496,.T.);
#13498 = ORIENTED_EDGE('',*,*,#2791,.F.);
#13499 = VECTOR('',#7301,1.);
#13500 = LINE('',#515,#13499);
#13501 = EDGE_CURVE('',#1723,#2327,#13500,.T.);
#13502 = ORIENTED_EDGE('',*,*,#13501,.T.);
#13503 = ORIENTED_EDGE('',*,*,#6937,.F.);
#13504 = ORIENTED_EDGE('',*,*,#13489,.F.);
#13505 = EDGE_LOOP('',(#13498,#13502,#13503,#13504));
#13506 = FACE_OUTER_BOUND('',#13505,.T.);
#13507 = AXIS2_PLACEMENT_3D('',#514,#2496,#7301);
#13508 = PLANE('',#13507);
#13509 = ADVANCED_FACE('',(#13506),#13508,.T.);
#13510 = ORIENTED_EDGE('',*,*,#2787,.F.);
#13511 = VECTOR('',#7301,1.);
#13512 = LINE('',#516,#13511);
#13513 = EDGE_CURVE('',#1724,#2328,#13512,.T.);
#13514 = ORIENTED_EDGE('',*,*,#13513,.T.);
#13515 = ORIENTED_EDGE('',*,*,#6941,.F.);
#13516 = ORIENTED_EDGE('',*,*,#13501,.F.);
#13517 = EDGE_LOOP('',(#13510,#13514,#13515,#13516));
#13518 = FACE_OUTER_BOUND('',#13517,.T.);
#13519 = AXIS2_PLACEMENT_3D('',#515,#3067,#7301);
#13520 = PLANE('',#13519);
#13521 = ADVANCED_FACE('',(#13518),#13520,.T.);
#13522 = ORIENTED_EDGE('',*,*,#2783,.F.);
#13523 = VECTOR('',#7301,1.);
#13524 = LINE('',#517,#13523);
#13525 = EDGE_CURVE('',#1725,#2329,#13524,.T.);
#13526 = ORIENTED_EDGE('',*,*,#13525,.T.);
#13527 = ORIENTED_EDGE('',*,*,#6945,.F.);
#13528 = ORIENTED_EDGE('',*,*,#13513,.F.);
#13529 = EDGE_LOOP('',(#13522,#13526,#13527,#13528));
#13530 = FACE_OUTER_BOUND('',#13529,.T.);
#13531 = AXIS2_PLACEMENT_3D('',#516,#7405,#7301);
#13532 = PLANE('',#13531);
#13533 = ADVANCED_FACE('',(#13530),#13532,.T.);
#13534 = ORIENTED_EDGE('',*,*,#2779,.F.);
#13535 = VECTOR('',#7301,1.);
#13536 = LINE('',#518,#13535);
#13537 = EDGE_CURVE('',#1726,#2330,#13536,.T.);
#13538 = ORIENTED_EDGE('',*,*,#13537,.T.);
#13539 = ORIENTED_EDGE('',*,*,#6949,.F.);
#13540 = ORIENTED_EDGE('',*,*,#13525,.F.);
#13541 = EDGE_LOOP('',(#13534,#13538,#13539,#13540));
#13542 = FACE_OUTER_BOUND('',#13541,.T.);
#13543 = AXIS2_PLACEMENT_3D('',#517,#7418,#7301);
#13544 = PLANE('',#13543);
#13545 = ADVANCED_FACE('',(#13542),#13544,.T.);
#13546 = ORIENTED_EDGE('',*,*,#2775,.F.);
#13547 = VECTOR('',#7301,1.);
#13548 = LINE('',#519,#13547);
#13549 = EDGE_CURVE('',#1727,#2331,#13548,.T.);
#13550 = ORIENTED_EDGE('',*,*,#13549,.T.);
#13551 = ORIENTED_EDGE('',*,*,#6953,.F.);
#13552 = ORIENTED_EDGE('',*,*,#13537,.F.);
#13553 = EDGE_LOOP('',(#13546,#13550,#13551,#13552));
#13554 = FACE_OUTER_BOUND('',#13553,.T.);
#13555 = AXIS2_PLACEMENT_3D('',#518,#7431,#7301);
#13556 = PLANE('',#13555);
#13557 = ADVANCED_FACE('',(#13554),#13556,.T.);
#13558 = ORIENTED_EDGE('',*,*,#2771,.F.);
#13559 = VECTOR('',#7301,1.);
#13560 = LINE('',#520,#13559);
#13561 = EDGE_CURVE('',#1728,#2332,#13560,.T.);
#13562 = ORIENTED_EDGE('',*,*,#13561,.T.);
#13563 = ORIENTED_EDGE('',*,*,#6957,.F.);
#13564 = ORIENTED_EDGE('',*,*,#13549,.F.);
#13565 = EDGE_LOOP('',(#13558,#13562,#13563,#13564));
#13566 = FACE_OUTER_BOUND('',#13565,.T.);
#13567 = AXIS2_PLACEMENT_3D('',#519,#7444,#7301);
#13568 = PLANE('',#13567);
#13569 = ADVANCED_FACE('',(#13566),#13568,.T.);
#13570 = ORIENTED_EDGE('',*,*,#2767,.F.);
#13571 = VECTOR('',#7301,1.);
#13572 = LINE('',#521,#13571);
#13573 = EDGE_CURVE('',#1729,#2333,#13572,.T.);
#13574 = ORIENTED_EDGE('',*,*,#13573,.T.);
#13575 = ORIENTED_EDGE('',*,*,#6961,.F.);
#13576 = ORIENTED_EDGE('',*,*,#13561,.F.);
#13577 = EDGE_LOOP('',(#13570,#13574,#13575,#13576));
#13578 = FACE_OUTER_BOUND('',#13577,.T.);
#13579 = AXIS2_PLACEMENT_3D('',#520,#2496,#7301);
#13580 = PLANE('',#13579);
#13581 = ADVANCED_FACE('',(#13578),#13580,.T.);
#13582 = ORIENTED_EDGE('',*,*,#2763,.F.);
#13583 = VECTOR('',#7301,1.);
#13584 = LINE('',#522,#13583);
#13585 = EDGE_CURVE('',#1730,#2334,#13584,.T.);
#13586 = ORIENTED_EDGE('',*,*,#13585,.T.);
#13587 = ORIENTED_EDGE('',*,*,#6965,.F.);
#13588 = ORIENTED_EDGE('',*,*,#13573,.F.);
#13589 = EDGE_LOOP('',(#13582,#13586,#13587,#13588));
#13590 = FACE_OUTER_BOUND('',#13589,.T.);
#13591 = AXIS2_PLACEMENT_3D('',#521,#10989,#7301);
#13592 = PLANE('',#13591);
#13593 = ADVANCED_FACE('',(#13590),#13592,.T.);
#13594 = ORIENTED_EDGE('',*,*,#2759,.F.);
#13595 = VECTOR('',#7301,1.);
#13596 = LINE('',#523,#13595);
#13597 = EDGE_CURVE('',#1731,#2335,#13596,.T.);
#13598 = ORIENTED_EDGE('',*,*,#13597,.T.);
#13599 = ORIENTED_EDGE('',*,*,#6969,.F.);
#13600 = ORIENTED_EDGE('',*,*,#13585,.F.);
#13601 = EDGE_LOOP('',(#13594,#13598,#13599,#13600));
#13602 = FACE_OUTER_BOUND('',#13601,.T.);
#13603 = AXIS2_PLACEMENT_3D('',#522,#11002,#7301);
#13604 = PLANE('',#13603);
#13605 = ADVANCED_FACE('',(#13602),#13604,.T.);
#13606 = ORIENTED_EDGE('',*,*,#2755,.F.);
#13607 = VECTOR('',#7301,1.);
#13608 = LINE('',#524,#13607);
#13609 = EDGE_CURVE('',#1732,#2336,#13608,.T.);
#13610 = ORIENTED_EDGE('',*,*,#13609,.T.);
#13611 = ORIENTED_EDGE('',*,*,#6973,.F.);
#13612 = ORIENTED_EDGE('',*,*,#13597,.F.);
#13613 = EDGE_LOOP('',(#13606,#13610,#13611,#13612));
#13614 = FACE_OUTER_BOUND('',#13613,.T.);
#13615 = AXIS2_PLACEMENT_3D('',#523,#11015,#7301);
#13616 = PLANE('',#13615);
#13617 = ADVANCED_FACE('',(#13614),#13616,.T.);
#13618 = ORIENTED_EDGE('',*,*,#2751,.F.);
#13619 = VECTOR('',#7301,1.);
#13620 = LINE('',#525,#13619);
#13621 = EDGE_CURVE('',#1733,#2337,#13620,.T.);
#13622 = ORIENTED_EDGE('',*,*,#13621,.T.);
#13623 = ORIENTED_EDGE('',*,*,#6977,.F.);
#13624 = ORIENTED_EDGE('',*,*,#13609,.F.);
#13625 = EDGE_LOOP('',(#13618,#13622,#13623,#13624));
#13626 = FACE_OUTER_BOUND('',#13625,.T.);
#13627 = AXIS2_PLACEMENT_3D('',#524,#11028,#7301);
#13628 = PLANE('',#13627);
#13629 = ADVANCED_FACE('',(#13626),#13628,.T.);
#13630 = ORIENTED_EDGE('',*,*,#2747,.F.);
#13631 = VECTOR('',#7301,1.);
#13632 = LINE('',#526,#13631);
#13633 = EDGE_CURVE('',#1734,#2338,#13632,.T.);
#13634 = ORIENTED_EDGE('',*,*,#13633,.T.);
#13635 = ORIENTED_EDGE('',*,*,#6981,.F.);
#13636 = ORIENTED_EDGE('',*,*,#13621,.F.);
#13637 = EDGE_LOOP('',(#13630,#13634,#13635,#13636));
#13638 = FACE_OUTER_BOUND('',#13637,.T.);
#13639 = AXIS2_PLACEMENT_3D('',#525,#2442,#7301);
#13640 = PLANE('',#13639);
#13641 = ADVANCED_FACE('',(#13638),#13640,.T.);
#13642 = ORIENTED_EDGE('',*,*,#2743,.F.);
#13643 = VECTOR('',#7301,1.);
#13644 = LINE('',#527,#13643);
#13645 = EDGE_CURVE('',#1735,#2339,#13644,.T.);
#13646 = ORIENTED_EDGE('',*,*,#13645,.T.);
#13647 = ORIENTED_EDGE('',*,*,#6985,.F.);
#13648 = ORIENTED_EDGE('',*,*,#13633,.F.);
#13649 = EDGE_LOOP('',(#13642,#13646,#13647,#13648));
#13650 = FACE_OUTER_BOUND('',#13649,.T.);
#13651 = AXIS2_PLACEMENT_3D('',#526,#2496,#7301);
#13652 = PLANE('',#13651);
#13653 = ADVANCED_FACE('',(#13650),#13652,.T.);
#13654 = ORIENTED_EDGE('',*,*,#2739,.F.);
#13655 = VECTOR('',#7301,1.);
#13656 = LINE('',#528,#13655);
#13657 = EDGE_CURVE('',#1736,#2340,#13656,.T.);
#13658 = ORIENTED_EDGE('',*,*,#13657,.T.);
#13659 = ORIENTED_EDGE('',*,*,#6989,.F.);
#13660 = ORIENTED_EDGE('',*,*,#13645,.F.);
#13661 = EDGE_LOOP('',(#13654,#13658,#13659,#13660));
#13662 = FACE_OUTER_BOUND('',#13661,.T.);
#13663 = AXIS2_PLACEMENT_3D('',#527,#3067,#7301);
#13664 = PLANE('',#13663);
#13665 = ADVANCED_FACE('',(#13662),#13664,.T.);
#13666 = ORIENTED_EDGE('',*,*,#2735,.F.);
#13667 = VECTOR('',#7301,1.);
#13668 = LINE('',#529,#13667);
#13669 = EDGE_CURVE('',#1737,#2341,#13668,.T.);
#13670 = ORIENTED_EDGE('',*,*,#13669,.T.);
#13671 = ORIENTED_EDGE('',*,*,#6993,.F.);
#13672 = ORIENTED_EDGE('',*,*,#13657,.F.);
#13673 = EDGE_LOOP('',(#13666,#13670,#13671,#13672));
#13674 = FACE_OUTER_BOUND('',#13673,.T.);
#13675 = AXIS2_PLACEMENT_3D('',#528,#7405,#7301);
#13676 = PLANE('',#13675);
#13677 = ADVANCED_FACE('',(#13674),#13676,.T.);
#13678 = ORIENTED_EDGE('',*,*,#2731,.F.);
#13679 = VECTOR('',#7301,1.);
#13680 = LINE('',#530,#13679);
#13681 = EDGE_CURVE('',#1738,#2342,#13680,.T.);
#13682 = ORIENTED_EDGE('',*,*,#13681,.T.);
#13683 = ORIENTED_EDGE('',*,*,#6997,.F.);
#13684 = ORIENTED_EDGE('',*,*,#13669,.F.);
#13685 = EDGE_LOOP('',(#13678,#13682,#13683,#13684));
#13686 = FACE_OUTER_BOUND('',#13685,.T.);
#13687 = AXIS2_PLACEMENT_3D('',#529,#7418,#7301);
#13688 = PLANE('',#13687);
#13689 = ADVANCED_FACE('',(#13686),#13688,.T.);
#13690 = ORIENTED_EDGE('',*,*,#2727,.F.);
#13691 = VECTOR('',#7301,1.);
#13692 = LINE('',#531,#13691);
#13693 = EDGE_CURVE('',#1739,#2343,#13692,.T.);
#13694 = ORIENTED_EDGE('',*,*,#13693,.T.);
#13695 = ORIENTED_EDGE('',*,*,#7001,.F.);
#13696 = ORIENTED_EDGE('',*,*,#13681,.F.);
#13697 = EDGE_LOOP('',(#13690,#13694,#13695,#13696));
#13698 = FACE_OUTER_BOUND('',#13697,.T.);
#13699 = AXIS2_PLACEMENT_3D('',#530,#7431,#7301);
#13700 = PLANE('',#13699);
#13701 = ADVANCED_FACE('',(#13698),#13700,.T.);
#13702 = ORIENTED_EDGE('',*,*,#2723,.F.);
#13703 = VECTOR('',#7301,1.);
#13704 = LINE('',#532,#13703);
#13705 = EDGE_CURVE('',#1740,#2344,#13704,.T.);
#13706 = ORIENTED_EDGE('',*,*,#13705,.T.);
#13707 = ORIENTED_EDGE('',*,*,#7005,.F.);
#13708 = ORIENTED_EDGE('',*,*,#13693,.F.);
#13709 = EDGE_LOOP('',(#13702,#13706,#13707,#13708));
#13710 = FACE_OUTER_BOUND('',#13709,.T.);
#13711 = AXIS2_PLACEMENT_3D('',#531,#7444,#7301);
#13712 = PLANE('',#13711);
#13713 = ADVANCED_FACE('',(#13710),#13712,.T.);
#13714 = ORIENTED_EDGE('',*,*,#2719,.F.);
#13715 = VECTOR('',#7301,1.);
#13716 = LINE('',#533,#13715);
#13717 = EDGE_CURVE('',#1741,#2345,#13716,.T.);
#13718 = ORIENTED_EDGE('',*,*,#13717,.T.);
#13719 = ORIENTED_EDGE('',*,*,#7009,.F.);
#13720 = ORIENTED_EDGE('',*,*,#13705,.F.);
#13721 = EDGE_LOOP('',(#13714,#13718,#13719,#13720));
#13722 = FACE_OUTER_BOUND('',#13721,.T.);
#13723 = AXIS2_PLACEMENT_3D('',#532,#2496,#7301);
#13724 = PLANE('',#13723);
#13725 = ADVANCED_FACE('',(#13722),#13724,.T.);
#13726 = ORIENTED_EDGE('',*,*,#2715,.F.);
#13727 = VECTOR('',#7301,1.);
#13728 = LINE('',#534,#13727);
#13729 = EDGE_CURVE('',#1742,#2346,#13728,.T.);
#13730 = ORIENTED_EDGE('',*,*,#13729,.T.);
#13731 = ORIENTED_EDGE('',*,*,#7013,.F.);
#13732 = ORIENTED_EDGE('',*,*,#13717,.F.);
#13733 = EDGE_LOOP('',(#13726,#13730,#13731,#13732));
#13734 = FACE_OUTER_BOUND('',#13733,.T.);
#13735 = AXIS2_PLACEMENT_3D('',#533,#10989,#7301);
#13736 = PLANE('',#13735);
#13737 = ADVANCED_FACE('',(#13734),#13736,.T.);
#13738 = ORIENTED_EDGE('',*,*,#2711,.F.);
#13739 = VECTOR('',#7301,1.);
#13740 = LINE('',#535,#13739);
#13741 = EDGE_CURVE('',#1743,#2347,#13740,.T.);
#13742 = ORIENTED_EDGE('',*,*,#13741,.T.);
#13743 = ORIENTED_EDGE('',*,*,#7017,.F.);
#13744 = ORIENTED_EDGE('',*,*,#13729,.F.);
#13745 = EDGE_LOOP('',(#13738,#13742,#13743,#13744));
#13746 = FACE_OUTER_BOUND('',#13745,.T.);
#13747 = AXIS2_PLACEMENT_3D('',#534,#11002,#7301);
#13748 = PLANE('',#13747);
#13749 = ADVANCED_FACE('',(#13746),#13748,.T.);
#13750 = ORIENTED_EDGE('',*,*,#2707,.F.);
#13751 = VECTOR('',#7301,1.);
#13752 = LINE('',#536,#13751);
#13753 = EDGE_CURVE('',#1744,#2348,#13752,.T.);
#13754 = ORIENTED_EDGE('',*,*,#13753,.T.);
#13755 = ORIENTED_EDGE('',*,*,#7021,.F.);
#13756 = ORIENTED_EDGE('',*,*,#13741,.F.);
#13757 = EDGE_LOOP('',(#13750,#13754,#13755,#13756));
#13758 = FACE_OUTER_BOUND('',#13757,.T.);
#13759 = AXIS2_PLACEMENT_3D('',#535,#11015,#7301);
#13760 = PLANE('',#13759);
#13761 = ADVANCED_FACE('',(#13758),#13760,.T.);
#13762 = ORIENTED_EDGE('',*,*,#2703,.F.);
#13763 = VECTOR('',#7301,1.);
#13764 = LINE('',#537,#13763);
#13765 = EDGE_CURVE('',#1745,#2349,#13764,.T.);
#13766 = ORIENTED_EDGE('',*,*,#13765,.T.);
#13767 = ORIENTED_EDGE('',*,*,#7025,.F.);
#13768 = ORIENTED_EDGE('',*,*,#13753,.F.);
#13769 = EDGE_LOOP('',(#13762,#13766,#13767,#13768));
#13770 = FACE_OUTER_BOUND('',#13769,.T.);
#13771 = AXIS2_PLACEMENT_3D('',#536,#11028,#7301);
#13772 = PLANE('',#13771);
#13773 = ADVANCED_FACE('',(#13770),#13772,.T.);
#13774 = ORIENTED_EDGE('',*,*,#2699,.F.);
#13775 = VECTOR('',#7301,1.);
#13776 = LINE('',#538,#13775);
#13777 = EDGE_CURVE('',#1746,#2350,#13776,.T.);
#13778 = ORIENTED_EDGE('',*,*,#13777,.T.);
#13779 = ORIENTED_EDGE('',*,*,#7029,.F.);
#13780 = ORIENTED_EDGE('',*,*,#13765,.F.);
#13781 = EDGE_LOOP('',(#13774,#13778,#13779,#13780));
#13782 = FACE_OUTER_BOUND('',#13781,.T.);
#13783 = AXIS2_PLACEMENT_3D('',#537,#2442,#7301);
#13784 = PLANE('',#13783);
#13785 = ADVANCED_FACE('',(#13782),#13784,.T.);
#13786 = ORIENTED_EDGE('',*,*,#2695,.F.);
#13787 = VECTOR('',#7301,1.);
#13788 = LINE('',#539,#13787);
#13789 = EDGE_CURVE('',#1747,#2351,#13788,.T.);
#13790 = ORIENTED_EDGE('',*,*,#13789,.T.);
#13791 = ORIENTED_EDGE('',*,*,#7033,.F.);
#13792 = ORIENTED_EDGE('',*,*,#13777,.F.);
#13793 = EDGE_LOOP('',(#13786,#13790,#13791,#13792));
#13794 = FACE_OUTER_BOUND('',#13793,.T.);
#13795 = AXIS2_PLACEMENT_3D('',#538,#2496,#7301);
#13796 = PLANE('',#13795);
#13797 = ADVANCED_FACE('',(#13794),#13796,.T.);
#13798 = ORIENTED_EDGE('',*,*,#2691,.F.);
#13799 = VECTOR('',#7301,1.);
#13800 = LINE('',#540,#13799);
#13801 = EDGE_CURVE('',#1748,#2352,#13800,.T.);
#13802 = ORIENTED_EDGE('',*,*,#13801,.T.);
#13803 = ORIENTED_EDGE('',*,*,#7037,.F.);
#13804 = ORIENTED_EDGE('',*,*,#13789,.F.);
#13805 = EDGE_LOOP('',(#13798,#13802,#13803,#13804));
#13806 = FACE_OUTER_BOUND('',#13805,.T.);
#13807 = AXIS2_PLACEMENT_3D('',#539,#3067,#7301);
#13808 = PLANE('',#13807);
#13809 = ADVANCED_FACE('',(#13806),#13808,.T.);
#13810 = ORIENTED_EDGE('',*,*,#2687,.F.);
#13811 = VECTOR('',#7301,1.);
#13812 = LINE('',#541,#13811);
#13813 = EDGE_CURVE('',#1749,#2353,#13812,.T.);
#13814 = ORIENTED_EDGE('',*,*,#13813,.T.);
#13815 = ORIENTED_EDGE('',*,*,#7041,.F.);
#13816 = ORIENTED_EDGE('',*,*,#13801,.F.);
#13817 = EDGE_LOOP('',(#13810,#13814,#13815,#13816));
#13818 = FACE_OUTER_BOUND('',#13817,.T.);
#13819 = AXIS2_PLACEMENT_3D('',#540,#7405,#7301);
#13820 = PLANE('',#13819);
#13821 = ADVANCED_FACE('',(#13818),#13820,.T.);
#13822 = ORIENTED_EDGE('',*,*,#2683,.F.);
#13823 = VECTOR('',#7301,1.);
#13824 = LINE('',#542,#13823);
#13825 = EDGE_CURVE('',#1750,#2354,#13824,.T.);
#13826 = ORIENTED_EDGE('',*,*,#13825,.T.);
#13827 = ORIENTED_EDGE('',*,*,#7045,.F.);
#13828 = ORIENTED_EDGE('',*,*,#13813,.F.);
#13829 = EDGE_LOOP('',(#13822,#13826,#13827,#13828));
#13830 = FACE_OUTER_BOUND('',#13829,.T.);
#13831 = AXIS2_PLACEMENT_3D('',#541,#7418,#7301);
#13832 = PLANE('',#13831);
#13833 = ADVANCED_FACE('',(#13830),#13832,.T.);
#13834 = ORIENTED_EDGE('',*,*,#2679,.F.);
#13835 = VECTOR('',#7301,1.);
#13836 = LINE('',#543,#13835);
#13837 = EDGE_CURVE('',#1751,#2355,#13836,.T.);
#13838 = ORIENTED_EDGE('',*,*,#13837,.T.);
#13839 = ORIENTED_EDGE('',*,*,#7049,.F.);
#13840 = ORIENTED_EDGE('',*,*,#13825,.F.);
#13841 = EDGE_LOOP('',(#13834,#13838,#13839,#13840));
#13842 = FACE_OUTER_BOUND('',#13841,.T.);
#13843 = AXIS2_PLACEMENT_3D('',#542,#7431,#7301);
#13844 = PLANE('',#13843);
#13845 = ADVANCED_FACE('',(#13842),#13844,.T.);
#13846 = ORIENTED_EDGE('',*,*,#2675,.F.);
#13847 = VECTOR('',#7301,1.);
#13848 = LINE('',#544,#13847);
#13849 = EDGE_CURVE('',#1752,#2356,#13848,.T.);
#13850 = ORIENTED_EDGE('',*,*,#13849,.T.);
#13851 = ORIENTED_EDGE('',*,*,#7053,.F.);
#13852 = ORIENTED_EDGE('',*,*,#13837,.F.);
#13853 = EDGE_LOOP('',(#13846,#13850,#13851,#13852));
#13854 = FACE_OUTER_BOUND('',#13853,.T.);
#13855 = AXIS2_PLACEMENT_3D('',#543,#7444,#7301);
#13856 = PLANE('',#13855);
#13857 = ADVANCED_FACE('',(#13854),#13856,.T.);
#13858 = ORIENTED_EDGE('',*,*,#2671,.F.);
#13859 = VECTOR('',#7301,1.);
#13860 = LINE('',#545,#13859);
#13861 = EDGE_CURVE('',#1753,#2357,#13860,.T.);
#13862 = ORIENTED_EDGE('',*,*,#13861,.T.);
#13863 = ORIENTED_EDGE('',*,*,#7057,.F.);
#13864 = ORIENTED_EDGE('',*,*,#13849,.F.);
#13865 = EDGE_LOOP('',(#13858,#13862,#13863,#13864));
#13866 = FACE_OUTER_BOUND('',#13865,.T.);
#13867 = AXIS2_PLACEMENT_3D('',#544,#2496,#7301);
#13868 = PLANE('',#13867);
#13869 = ADVANCED_FACE('',(#13866),#13868,.T.);
#13870 = ORIENTED_EDGE('',*,*,#2667,.F.);
#13871 = VECTOR('',#7301,1.);
#13872 = LINE('',#546,#13871);
#13873 = EDGE_CURVE('',#1754,#2358,#13872,.T.);
#13874 = ORIENTED_EDGE('',*,*,#13873,.T.);
#13875 = ORIENTED_EDGE('',*,*,#7061,.F.);
#13876 = ORIENTED_EDGE('',*,*,#13861,.F.);
#13877 = EDGE_LOOP('',(#13870,#13874,#13875,#13876));
#13878 = FACE_OUTER_BOUND('',#13877,.T.);
#13879 = AXIS2_PLACEMENT_3D('',#545,#10989,#7301);
#13880 = PLANE('',#13879);
#13881 = ADVANCED_FACE('',(#13878),#13880,.T.);
#13882 = ORIENTED_EDGE('',*,*,#2663,.F.);
#13883 = VECTOR('',#7301,1.);
#13884 = LINE('',#547,#13883);
#13885 = EDGE_CURVE('',#1755,#2359,#13884,.T.);
#13886 = ORIENTED_EDGE('',*,*,#13885,.T.);
#13887 = ORIENTED_EDGE('',*,*,#7065,.F.);
#13888 = ORIENTED_EDGE('',*,*,#13873,.F.);
#13889 = EDGE_LOOP('',(#13882,#13886,#13887,#13888));
#13890 = FACE_OUTER_BOUND('',#13889,.T.);
#13891 = AXIS2_PLACEMENT_3D('',#546,#11002,#7301);
#13892 = PLANE('',#13891);
#13893 = ADVANCED_FACE('',(#13890),#13892,.T.);
#13894 = ORIENTED_EDGE('',*,*,#2659,.F.);
#13895 = VECTOR('',#7301,1.);
#13896 = LINE('',#548,#13895);
#13897 = EDGE_CURVE('',#1756,#2360,#13896,.T.);
#13898 = ORIENTED_EDGE('',*,*,#13897,.T.);
#13899 = ORIENTED_EDGE('',*,*,#7069,.F.);
#13900 = ORIENTED_EDGE('',*,*,#13885,.F.);
#13901 = EDGE_LOOP('',(#13894,#13898,#13899,#13900));
#13902 = FACE_OUTER_BOUND('',#13901,.T.);
#13903 = AXIS2_PLACEMENT_3D('',#547,#11015,#7301);
#13904 = PLANE('',#13903);
#13905 = ADVANCED_FACE('',(#13902),#13904,.T.);
#13906 = ORIENTED_EDGE('',*,*,#2655,.F.);
#13907 = VECTOR('',#7301,1.);
#13908 = LINE('',#549,#13907);
#13909 = EDGE_CURVE('',#1757,#2361,#13908,.T.);
#13910 = ORIENTED_EDGE('',*,*,#13909,.T.);
#13911 = ORIENTED_EDGE('',*,*,#7073,.F.);
#13912 = ORIENTED_EDGE('',*,*,#13897,.F.);
#13913 = EDGE_LOOP('',(#13906,#13910,#13911,#13912));
#13914 = FACE_OUTER_BOUND('',#13913,.T.);
#13915 = AXIS2_PLACEMENT_3D('',#548,#11028,#7301);
#13916 = PLANE('',#13915);
#13917 = ADVANCED_FACE('',(#13914),#13916,.T.);
#13918 = ORIENTED_EDGE('',*,*,#2651,.F.);
#13919 = VECTOR('',#7301,1.);
#13920 = LINE('',#550,#13919);
#13921 = EDGE_CURVE('',#1758,#2362,#13920,.T.);
#13922 = ORIENTED_EDGE('',*,*,#13921,.T.);
#13923 = ORIENTED_EDGE('',*,*,#7077,.F.);
#13924 = ORIENTED_EDGE('',*,*,#13909,.F.);
#13925 = EDGE_LOOP('',(#13918,#13922,#13923,#13924));
#13926 = FACE_OUTER_BOUND('',#13925,.T.);
#13927 = AXIS2_PLACEMENT_3D('',#549,#2442,#7301);
#13928 = PLANE('',#13927);
#13929 = ADVANCED_FACE('',(#13926),#13928,.T.);
#13930 = ORIENTED_EDGE('',*,*,#2647,.F.);
#13931 = VECTOR('',#7301,1.);
#13932 = LINE('',#551,#13931);
#13933 = EDGE_CURVE('',#1759,#2363,#13932,.T.);
#13934 = ORIENTED_EDGE('',*,*,#13933,.T.);
#13935 = ORIENTED_EDGE('',*,*,#7081,.F.);
#13936 = ORIENTED_EDGE('',*,*,#13921,.F.);
#13937 = EDGE_LOOP('',(#13930,#13934,#13935,#13936));
#13938 = FACE_OUTER_BOUND('',#13937,.T.);
#13939 = AXIS2_PLACEMENT_3D('',#550,#2496,#7301);
#13940 = PLANE('',#13939);
#13941 = ADVANCED_FACE('',(#13938),#13940,.T.);
#13942 = ORIENTED_EDGE('',*,*,#2643,.F.);
#13943 = VECTOR('',#7301,1.);
#13944 = LINE('',#552,#13943);
#13945 = EDGE_CURVE('',#1760,#2364,#13944,.T.);
#13946 = ORIENTED_EDGE('',*,*,#13945,.T.);
#13947 = ORIENTED_EDGE('',*,*,#7085,.F.);
#13948 = ORIENTED_EDGE('',*,*,#13933,.F.);
#13949 = EDGE_LOOP('',(#13942,#13946,#13947,#13948));
#13950 = FACE_OUTER_BOUND('',#13949,.T.);
#13951 = AXIS2_PLACEMENT_3D('',#551,#3067,#7301);
#13952 = PLANE('',#13951);
#13953 = ADVANCED_FACE('',(#13950),#13952,.T.);
#13954 = ORIENTED_EDGE('',*,*,#2639,.F.);
#13955 = VECTOR('',#7301,1.);
#13956 = LINE('',#553,#13955);
#13957 = EDGE_CURVE('',#1761,#2365,#13956,.T.);
#13958 = ORIENTED_EDGE('',*,*,#13957,.T.);
#13959 = ORIENTED_EDGE('',*,*,#7089,.F.);
#13960 = ORIENTED_EDGE('',*,*,#13945,.F.);
#13961 = EDGE_LOOP('',(#13954,#13958,#13959,#13960));
#13962 = FACE_OUTER_BOUND('',#13961,.T.);
#13963 = AXIS2_PLACEMENT_3D('',#552,#7405,#7301);
#13964 = PLANE('',#13963);
#13965 = ADVANCED_FACE('',(#13962),#13964,.T.);
#13966 = ORIENTED_EDGE('',*,*,#2635,.F.);
#13967 = VECTOR('',#7301,1.);
#13968 = LINE('',#554,#13967);
#13969 = EDGE_CURVE('',#1762,#2366,#13968,.T.);
#13970 = ORIENTED_EDGE('',*,*,#13969,.T.);
#13971 = ORIENTED_EDGE('',*,*,#7093,.F.);
#13972 = ORIENTED_EDGE('',*,*,#13957,.F.);
#13973 = EDGE_LOOP('',(#13966,#13970,#13971,#13972));
#13974 = FACE_OUTER_BOUND('',#13973,.T.);
#13975 = AXIS2_PLACEMENT_3D('',#553,#7418,#7301);
#13976 = PLANE('',#13975);
#13977 = ADVANCED_FACE('',(#13974),#13976,.T.);
#13978 = ORIENTED_EDGE('',*,*,#2631,.F.);
#13979 = VECTOR('',#7301,1.);
#13980 = LINE('',#555,#13979);
#13981 = EDGE_CURVE('',#1763,#2367,#13980,.T.);
#13982 = ORIENTED_EDGE('',*,*,#13981,.T.);
#13983 = ORIENTED_EDGE('',*,*,#7097,.F.);
#13984 = ORIENTED_EDGE('',*,*,#13969,.F.);
#13985 = EDGE_LOOP('',(#13978,#13982,#13983,#13984));
#13986 = FACE_OUTER_BOUND('',#13985,.T.);
#13987 = AXIS2_PLACEMENT_3D('',#554,#7431,#7301);
#13988 = PLANE('',#13987);
#13989 = ADVANCED_FACE('',(#13986),#13988,.T.);
#13990 = ORIENTED_EDGE('',*,*,#2627,.F.);
#13991 = VECTOR('',#7301,1.);
#13992 = LINE('',#556,#13991);
#13993 = EDGE_CURVE('',#1764,#2368,#13992,.T.);
#13994 = ORIENTED_EDGE('',*,*,#13993,.T.);
#13995 = ORIENTED_EDGE('',*,*,#7101,.F.);
#13996 = ORIENTED_EDGE('',*,*,#13981,.F.);
#13997 = EDGE_LOOP('',(#13990,#13994,#13995,#13996));
#13998 = FACE_OUTER_BOUND('',#13997,.T.);
#13999 = AXIS2_PLACEMENT_3D('',#555,#7444,#7301);
#14000 = PLANE('',#13999);
#14001 = ADVANCED_FACE('',(#13998),#14000,.T.);
#14002 = ORIENTED_EDGE('',*,*,#2623,.F.);
#14003 = VECTOR('',#7301,1.);
#14004 = LINE('',#557,#14003);
#14005 = EDGE_CURVE('',#1765,#2369,#14004,.T.);
#14006 = ORIENTED_EDGE('',*,*,#14005,.T.);
#14007 = ORIENTED_EDGE('',*,*,#7105,.F.);
#14008 = ORIENTED_EDGE('',*,*,#13993,.F.);
#14009 = EDGE_LOOP('',(#14002,#14006,#14007,#14008));
#14010 = FACE_OUTER_BOUND('',#14009,.T.);
#14011 = AXIS2_PLACEMENT_3D('',#556,#2496,#7301);
#14012 = PLANE('',#14011);
#14013 = ADVANCED_FACE('',(#14010),#14012,.T.);
#14014 = ORIENTED_EDGE('',*,*,#2619,.F.);
#14015 = VECTOR('',#7301,1.);
#14016 = LINE('',#558,#14015);
#14017 = EDGE_CURVE('',#1766,#2370,#14016,.T.);
#14018 = ORIENTED_EDGE('',*,*,#14017,.T.);
#14019 = ORIENTED_EDGE('',*,*,#7109,.F.);
#14020 = ORIENTED_EDGE('',*,*,#14005,.F.);
#14021 = EDGE_LOOP('',(#14014,#14018,#14019,#14020));
#14022 = FACE_OUTER_BOUND('',#14021,.T.);
#14023 = AXIS2_PLACEMENT_3D('',#557,#10989,#7301);
#14024 = PLANE('',#14023);
#14025 = ADVANCED_FACE('',(#14022),#14024,.T.);
#14026 = ORIENTED_EDGE('',*,*,#2615,.F.);
#14027 = VECTOR('',#7301,1.);
#14028 = LINE('',#559,#14027);
#14029 = EDGE_CURVE('',#1767,#2371,#14028,.T.);
#14030 = ORIENTED_EDGE('',*,*,#14029,.T.);
#14031 = ORIENTED_EDGE('',*,*,#7113,.F.);
#14032 = ORIENTED_EDGE('',*,*,#14017,.F.);
#14033 = EDGE_LOOP('',(#14026,#14030,#14031,#14032));
#14034 = FACE_OUTER_BOUND('',#14033,.T.);
#14035 = AXIS2_PLACEMENT_3D('',#558,#11002,#7301);
#14036 = PLANE('',#14035);
#14037 = ADVANCED_FACE('',(#14034),#14036,.T.);
#14038 = ORIENTED_EDGE('',*,*,#2611,.F.);
#14039 = VECTOR('',#7301,1.);
#14040 = LINE('',#560,#14039);
#14041 = EDGE_CURVE('',#1768,#2372,#14040,.T.);
#14042 = ORIENTED_EDGE('',*,*,#14041,.T.);
#14043 = ORIENTED_EDGE('',*,*,#7117,.F.);
#14044 = ORIENTED_EDGE('',*,*,#14029,.F.);
#14045 = EDGE_LOOP('',(#14038,#14042,#14043,#14044));
#14046 = FACE_OUTER_BOUND('',#14045,.T.);
#14047 = AXIS2_PLACEMENT_3D('',#559,#11015,#7301);
#14048 = PLANE('',#14047);
#14049 = ADVANCED_FACE('',(#14046),#14048,.T.);
#14050 = ORIENTED_EDGE('',*,*,#2607,.F.);
#14051 = VECTOR('',#7301,1.);
#14052 = LINE('',#561,#14051);
#14053 = EDGE_CURVE('',#1769,#2373,#14052,.T.);
#14054 = ORIENTED_EDGE('',*,*,#14053,.T.);
#14055 = ORIENTED_EDGE('',*,*,#7121,.F.);
#14056 = ORIENTED_EDGE('',*,*,#14041,.F.);
#14057 = EDGE_LOOP('',(#14050,#14054,#14055,#14056));
#14058 = FACE_OUTER_BOUND('',#14057,.T.);
#14059 = AXIS2_PLACEMENT_3D('',#560,#11028,#7301);
#14060 = PLANE('',#14059);
#14061 = ADVANCED_FACE('',(#14058),#14060,.T.);
#14062 = ORIENTED_EDGE('',*,*,#2603,.F.);
#14063 = VECTOR('',#7301,1.);
#14064 = LINE('',#562,#14063);
#14065 = EDGE_CURVE('',#1770,#2374,#14064,.T.);
#14066 = ORIENTED_EDGE('',*,*,#14065,.T.);
#14067 = ORIENTED_EDGE('',*,*,#7125,.F.);
#14068 = ORIENTED_EDGE('',*,*,#14053,.F.);
#14069 = EDGE_LOOP('',(#14062,#14066,#14067,#14068));
#14070 = FACE_OUTER_BOUND('',#14069,.T.);
#14071 = AXIS2_PLACEMENT_3D('',#561,#2442,#7301);
#14072 = PLANE('',#14071);
#14073 = ADVANCED_FACE('',(#14070),#14072,.T.);
#14074 = ORIENTED_EDGE('',*,*,#2599,.F.);
#14075 = VECTOR('',#7301,1.);
#14076 = LINE('',#563,#14075);
#14077 = EDGE_CURVE('',#1771,#2375,#14076,.T.);
#14078 = ORIENTED_EDGE('',*,*,#14077,.T.);
#14079 = ORIENTED_EDGE('',*,*,#7129,.F.);
#14080 = ORIENTED_EDGE('',*,*,#14065,.F.);
#14081 = EDGE_LOOP('',(#14074,#14078,#14079,#14080));
#14082 = FACE_OUTER_BOUND('',#14081,.T.);
#14083 = AXIS2_PLACEMENT_3D('',#562,#2496,#7301);
#14084 = PLANE('',#14083);
#14085 = ADVANCED_FACE('',(#14082),#14084,.T.);
#14086 = ORIENTED_EDGE('',*,*,#2595,.F.);
#14087 = VECTOR('',#7301,1.);
#14088 = LINE('',#564,#14087);
#14089 = EDGE_CURVE('',#1772,#2376,#14088,.T.);
#14090 = ORIENTED_EDGE('',*,*,#14089,.T.);
#14091 = ORIENTED_EDGE('',*,*,#7133,.F.);
#14092 = ORIENTED_EDGE('',*,*,#14077,.F.);
#14093 = EDGE_LOOP('',(#14086,#14090,#14091,#14092));
#14094 = FACE_OUTER_BOUND('',#14093,.T.);
#14095 = AXIS2_PLACEMENT_3D('',#563,#3067,#7301);
#14096 = PLANE('',#14095);
#14097 = ADVANCED_FACE('',(#14094),#14096,.T.);
#14098 = ORIENTED_EDGE('',*,*,#2591,.F.);
#14099 = VECTOR('',#7301,1.);
#14100 = LINE('',#565,#14099);
#14101 = EDGE_CURVE('',#1773,#2377,#14100,.T.);
#14102 = ORIENTED_EDGE('',*,*,#14101,.T.);
#14103 = ORIENTED_EDGE('',*,*,#7137,.F.);
#14104 = ORIENTED_EDGE('',*,*,#14089,.F.);
#14105 = EDGE_LOOP('',(#14098,#14102,#14103,#14104));
#14106 = FACE_OUTER_BOUND('',#14105,.T.);
#14107 = AXIS2_PLACEMENT_3D('',#564,#7405,#7301);
#14108 = PLANE('',#14107);
#14109 = ADVANCED_FACE('',(#14106),#14108,.T.);
#14110 = ORIENTED_EDGE('',*,*,#2587,.F.);
#14111 = VECTOR('',#7301,1.);
#14112 = LINE('',#566,#14111);
#14113 = EDGE_CURVE('',#1774,#2378,#14112,.T.);
#14114 = ORIENTED_EDGE('',*,*,#14113,.T.);
#14115 = ORIENTED_EDGE('',*,*,#7141,.F.);
#14116 = ORIENTED_EDGE('',*,*,#14101,.F.);
#14117 = EDGE_LOOP('',(#14110,#14114,#14115,#14116));
#14118 = FACE_OUTER_BOUND('',#14117,.T.);
#14119 = AXIS2_PLACEMENT_3D('',#565,#7418,#7301);
#14120 = PLANE('',#14119);
#14121 = ADVANCED_FACE('',(#14118),#14120,.T.);
#14122 = ORIENTED_EDGE('',*,*,#2583,.F.);
#14123 = VECTOR('',#7301,1.);
#14124 = LINE('',#567,#14123);
#14125 = EDGE_CURVE('',#1775,#2379,#14124,.T.);
#14126 = ORIENTED_EDGE('',*,*,#14125,.T.);
#14127 = ORIENTED_EDGE('',*,*,#7145,.F.);
#14128 = ORIENTED_EDGE('',*,*,#14113,.F.);
#14129 = EDGE_LOOP('',(#14122,#14126,#14127,#14128));
#14130 = FACE_OUTER_BOUND('',#14129,.T.);
#14131 = AXIS2_PLACEMENT_3D('',#566,#7431,#7301);
#14132 = PLANE('',#14131);
#14133 = ADVANCED_FACE('',(#14130),#14132,.T.);
#14134 = ORIENTED_EDGE('',*,*,#2579,.F.);
#14135 = VECTOR('',#7301,1.);
#14136 = LINE('',#568,#14135);
#14137 = EDGE_CURVE('',#1776,#2380,#14136,.T.);
#14138 = ORIENTED_EDGE('',*,*,#14137,.T.);
#14139 = ORIENTED_EDGE('',*,*,#7149,.F.);
#14140 = ORIENTED_EDGE('',*,*,#14125,.F.);
#14141 = EDGE_LOOP('',(#14134,#14138,#14139,#14140));
#14142 = FACE_OUTER_BOUND('',#14141,.T.);
#14143 = AXIS2_PLACEMENT_3D('',#567,#7444,#7301);
#14144 = PLANE('',#14143);
#14145 = ADVANCED_FACE('',(#14142),#14144,.T.);
#14146 = ORIENTED_EDGE('',*,*,#2575,.F.);
#14147 = VECTOR('',#7301,1.);
#14148 = LINE('',#569,#14147);
#14149 = EDGE_CURVE('',#1777,#2381,#14148,.T.);
#14150 = ORIENTED_EDGE('',*,*,#14149,.T.);
#14151 = ORIENTED_EDGE('',*,*,#7153,.F.);
#14152 = ORIENTED_EDGE('',*,*,#14137,.F.);
#14153 = EDGE_LOOP('',(#14146,#14150,#14151,#14152));
#14154 = FACE_OUTER_BOUND('',#14153,.T.);
#14155 = AXIS2_PLACEMENT_3D('',#568,#2496,#7301);
#14156 = PLANE('',#14155);
#14157 = ADVANCED_FACE('',(#14154),#14156,.T.);
#14158 = ORIENTED_EDGE('',*,*,#2571,.F.);
#14159 = VECTOR('',#7301,1.);
#14160 = LINE('',#570,#14159);
#14161 = EDGE_CURVE('',#1778,#2382,#14160,.T.);
#14162 = ORIENTED_EDGE('',*,*,#14161,.T.);
#14163 = ORIENTED_EDGE('',*,*,#7157,.F.);
#14164 = ORIENTED_EDGE('',*,*,#14149,.F.);
#14165 = EDGE_LOOP('',(#14158,#14162,#14163,#14164));
#14166 = FACE_OUTER_BOUND('',#14165,.T.);
#14167 = AXIS2_PLACEMENT_3D('',#569,#10989,#7301);
#14168 = PLANE('',#14167);
#14169 = ADVANCED_FACE('',(#14166),#14168,.T.);
#14170 = ORIENTED_EDGE('',*,*,#2567,.F.);
#14171 = VECTOR('',#7301,1.);
#14172 = LINE('',#571,#14171);
#14173 = EDGE_CURVE('',#1779,#2383,#14172,.T.);
#14174 = ORIENTED_EDGE('',*,*,#14173,.T.);
#14175 = ORIENTED_EDGE('',*,*,#7161,.F.);
#14176 = ORIENTED_EDGE('',*,*,#14161,.F.);
#14177 = EDGE_LOOP('',(#14170,#14174,#14175,#14176));
#14178 = FACE_OUTER_BOUND('',#14177,.T.);
#14179 = AXIS2_PLACEMENT_3D('',#570,#11002,#7301);
#14180 = PLANE('',#14179);
#14181 = ADVANCED_FACE('',(#14178),#14180,.T.);
#14182 = ORIENTED_EDGE('',*,*,#2563,.F.);
#14183 = VECTOR('',#7301,1.);
#14184 = LINE('',#572,#14183);
#14185 = EDGE_CURVE('',#1780,#2384,#14184,.T.);
#14186 = ORIENTED_EDGE('',*,*,#14185,.T.);
#14187 = ORIENTED_EDGE('',*,*,#7165,.F.);
#14188 = ORIENTED_EDGE('',*,*,#14173,.F.);
#14189 = EDGE_LOOP('',(#14182,#14186,#14187,#14188));
#14190 = FACE_OUTER_BOUND('',#14189,.T.);
#14191 = AXIS2_PLACEMENT_3D('',#571,#11015,#7301);
#14192 = PLANE('',#14191);
#14193 = ADVANCED_FACE('',(#14190),#14192,.T.);
#14194 = ORIENTED_EDGE('',*,*,#2559,.F.);
#14195 = VECTOR('',#7301,1.);
#14196 = LINE('',#573,#14195);
#14197 = EDGE_CURVE('',#1781,#2385,#14196,.T.);
#14198 = ORIENTED_EDGE('',*,*,#14197,.T.);
#14199 = ORIENTED_EDGE('',*,*,#7169,.F.);
#14200 = ORIENTED_EDGE('',*,*,#14185,.F.);
#14201 = EDGE_LOOP('',(#14194,#14198,#14199,#14200));
#14202 = FACE_OUTER_BOUND('',#14201,.T.);
#14203 = AXIS2_PLACEMENT_3D('',#572,#11028,#7301);
#14204 = PLANE('',#14203);
#14205 = ADVANCED_FACE('',(#14202),#14204,.T.);
#14206 = ORIENTED_EDGE('',*,*,#2555,.F.);
#14207 = VECTOR('',#7301,1.);
#14208 = LINE('',#574,#14207);
#14209 = EDGE_CURVE('',#1782,#2386,#14208,.T.);
#14210 = ORIENTED_EDGE('',*,*,#14209,.T.);
#14211 = ORIENTED_EDGE('',*,*,#7173,.F.);
#14212 = ORIENTED_EDGE('',*,*,#14197,.F.);
#14213 = EDGE_LOOP('',(#14206,#14210,#14211,#14212));
#14214 = FACE_OUTER_BOUND('',#14213,.T.);
#14215 = AXIS2_PLACEMENT_3D('',#573,#2442,#7301);
#14216 = PLANE('',#14215);
#14217 = ADVANCED_FACE('',(#14214),#14216,.T.);
#14218 = ORIENTED_EDGE('',*,*,#2551,.F.);
#14219 = VECTOR('',#7301,1.);
#14220 = LINE('',#575,#14219);
#14221 = EDGE_CURVE('',#1783,#2387,#14220,.T.);
#14222 = ORIENTED_EDGE('',*,*,#14221,.T.);
#14223 = ORIENTED_EDGE('',*,*,#7177,.F.);
#14224 = ORIENTED_EDGE('',*,*,#14209,.F.);
#14225 = EDGE_LOOP('',(#14218,#14222,#14223,#14224));
#14226 = FACE_OUTER_BOUND('',#14225,.T.);
#14227 = AXIS2_PLACEMENT_3D('',#574,#2496,#7301);
#14228 = PLANE('',#14227);
#14229 = ADVANCED_FACE('',(#14226),#14228,.T.);
#14230 = ORIENTED_EDGE('',*,*,#2547,.F.);
#14231 = VECTOR('',#7301,1.);
#14232 = LINE('',#576,#14231);
#14233 = EDGE_CURVE('',#1784,#2388,#14232,.T.);
#14234 = ORIENTED_EDGE('',*,*,#14233,.T.);
#14235 = ORIENTED_EDGE('',*,*,#7181,.F.);
#14236 = ORIENTED_EDGE('',*,*,#14221,.F.);
#14237 = EDGE_LOOP('',(#14230,#14234,#14235,#14236));
#14238 = FACE_OUTER_BOUND('',#14237,.T.);
#14239 = AXIS2_PLACEMENT_3D('',#575,#3067,#7301);
#14240 = PLANE('',#14239);
#14241 = ADVANCED_FACE('',(#14238),#14240,.T.);
#14242 = ORIENTED_EDGE('',*,*,#2543,.F.);
#14243 = VECTOR('',#7301,1.);
#14244 = LINE('',#577,#14243);
#14245 = EDGE_CURVE('',#1785,#2389,#14244,.T.);
#14246 = ORIENTED_EDGE('',*,*,#14245,.T.);
#14247 = ORIENTED_EDGE('',*,*,#7185,.F.);
#14248 = ORIENTED_EDGE('',*,*,#14233,.F.);
#14249 = EDGE_LOOP('',(#14242,#14246,#14247,#14248));
#14250 = FACE_OUTER_BOUND('',#14249,.T.);
#14251 = AXIS2_PLACEMENT_3D('',#576,#7405,#7301);
#14252 = PLANE('',#14251);
#14253 = ADVANCED_FACE('',(#14250),#14252,.T.);
#14254 = ORIENTED_EDGE('',*,*,#2539,.F.);
#14255 = VECTOR('',#7301,1.);
#14256 = LINE('',#578,#14255);
#14257 = EDGE_CURVE('',#1786,#2390,#14256,.T.);
#14258 = ORIENTED_EDGE('',*,*,#14257,.T.);
#14259 = ORIENTED_EDGE('',*,*,#7189,.F.);
#14260 = ORIENTED_EDGE('',*,*,#14245,.F.);
#14261 = EDGE_LOOP('',(#14254,#14258,#14259,#14260));
#14262 = FACE_OUTER_BOUND('',#14261,.T.);
#14263 = AXIS2_PLACEMENT_3D('',#577,#7418,#7301);
#14264 = PLANE('',#14263);
#14265 = ADVANCED_FACE('',(#14262),#14264,.T.);
#14266 = ORIENTED_EDGE('',*,*,#2535,.F.);
#14267 = VECTOR('',#7301,1.);
#14268 = LINE('',#579,#14267);
#14269 = EDGE_CURVE('',#1787,#2391,#14268,.T.);
#14270 = ORIENTED_EDGE('',*,*,#14269,.T.);
#14271 = ORIENTED_EDGE('',*,*,#7193,.F.);
#14272 = ORIENTED_EDGE('',*,*,#14257,.F.);
#14273 = EDGE_LOOP('',(#14266,#14270,#14271,#14272));
#14274 = FACE_OUTER_BOUND('',#14273,.T.);
#14275 = AXIS2_PLACEMENT_3D('',#578,#7431,#7301);
#14276 = PLANE('',#14275);
#14277 = ADVANCED_FACE('',(#14274),#14276,.T.);
#14278 = ORIENTED_EDGE('',*,*,#2531,.F.);
#14279 = VECTOR('',#7301,1.);
#14280 = LINE('',#580,#14279);
#14281 = EDGE_CURVE('',#1788,#2392,#14280,.T.);
#14282 = ORIENTED_EDGE('',*,*,#14281,.T.);
#14283 = ORIENTED_EDGE('',*,*,#7197,.F.);
#14284 = ORIENTED_EDGE('',*,*,#14269,.F.);
#14285 = EDGE_LOOP('',(#14278,#14282,#14283,#14284));
#14286 = FACE_OUTER_BOUND('',#14285,.T.);
#14287 = AXIS2_PLACEMENT_3D('',#579,#7444,#7301);
#14288 = PLANE('',#14287);
#14289 = ADVANCED_FACE('',(#14286),#14288,.T.);
#14290 = ORIENTED_EDGE('',*,*,#2527,.F.);
#14291 = VECTOR('',#7301,1.);
#14292 = LINE('',#581,#14291);
#14293 = EDGE_CURVE('',#1789,#2393,#14292,.T.);
#14294 = ORIENTED_EDGE('',*,*,#14293,.T.);
#14295 = ORIENTED_EDGE('',*,*,#7201,.F.);
#14296 = ORIENTED_EDGE('',*,*,#14281,.F.);
#14297 = EDGE_LOOP('',(#14290,#14294,#14295,#14296));
#14298 = FACE_OUTER_BOUND('',#14297,.T.);
#14299 = AXIS2_PLACEMENT_3D('',#580,#2496,#7301);
#14300 = PLANE('',#14299);
#14301 = ADVANCED_FACE('',(#14298),#14300,.T.);
#14302 = ORIENTED_EDGE('',*,*,#2523,.F.);
#14303 = VECTOR('',#7301,1.);
#14304 = LINE('',#582,#14303);
#14305 = EDGE_CURVE('',#1790,#2394,#14304,.T.);
#14306 = ORIENTED_EDGE('',*,*,#14305,.T.);
#14307 = ORIENTED_EDGE('',*,*,#7205,.F.);
#14308 = ORIENTED_EDGE('',*,*,#14293,.F.);
#14309 = EDGE_LOOP('',(#14302,#14306,#14307,#14308));
#14310 = FACE_OUTER_BOUND('',#14309,.T.);
#14311 = AXIS2_PLACEMENT_3D('',#581,#10989,#7301);
#14312 = PLANE('',#14311);
#14313 = ADVANCED_FACE('',(#14310),#14312,.T.);
#14314 = ORIENTED_EDGE('',*,*,#2519,.F.);
#14315 = VECTOR('',#7301,1.);
#14316 = LINE('',#583,#14315);
#14317 = EDGE_CURVE('',#1791,#2395,#14316,.T.);
#14318 = ORIENTED_EDGE('',*,*,#14317,.T.);
#14319 = ORIENTED_EDGE('',*,*,#7209,.F.);
#14320 = ORIENTED_EDGE('',*,*,#14305,.F.);
#14321 = EDGE_LOOP('',(#14314,#14318,#14319,#14320));
#14322 = FACE_OUTER_BOUND('',#14321,.T.);
#14323 = AXIS2_PLACEMENT_3D('',#582,#11002,#7301);
#14324 = PLANE('',#14323);
#14325 = ADVANCED_FACE('',(#14322),#14324,.T.);
#14326 = ORIENTED_EDGE('',*,*,#2515,.F.);
#14327 = VECTOR('',#7301,1.);
#14328 = LINE('',#584,#14327);
#14329 = EDGE_CURVE('',#1792,#2396,#14328,.T.);
#14330 = ORIENTED_EDGE('',*,*,#14329,.T.);
#14331 = ORIENTED_EDGE('',*,*,#7213,.F.);
#14332 = ORIENTED_EDGE('',*,*,#14317,.F.);
#14333 = EDGE_LOOP('',(#14326,#14330,#14331,#14332));
#14334 = FACE_OUTER_BOUND('',#14333,.T.);
#14335 = AXIS2_PLACEMENT_3D('',#583,#11015,#7301);
#14336 = PLANE('',#14335);
#14337 = ADVANCED_FACE('',(#14334),#14336,.T.);
#14338 = ORIENTED_EDGE('',*,*,#2511,.F.);
#14339 = VECTOR('',#7301,1.);
#14340 = LINE('',#585,#14339);
#14341 = EDGE_CURVE('',#1793,#2397,#14340,.T.);
#14342 = ORIENTED_EDGE('',*,*,#14341,.T.);
#14343 = ORIENTED_EDGE('',*,*,#7217,.F.);
#14344 = ORIENTED_EDGE('',*,*,#14329,.F.);
#14345 = EDGE_LOOP('',(#14338,#14342,#14343,#14344));
#14346 = FACE_OUTER_BOUND('',#14345,.T.);
#14347 = AXIS2_PLACEMENT_3D('',#584,#11028,#7301);
#14348 = PLANE('',#14347);
#14349 = ADVANCED_FACE('',(#14346),#14348,.T.);
#14350 = ORIENTED_EDGE('',*,*,#2507,.F.);
#14351 = VECTOR('',#7301,1.);
#14352 = LINE('',#586,#14351);
#14353 = EDGE_CURVE('',#1794,#2398,#14352,.T.);
#14354 = ORIENTED_EDGE('',*,*,#14353,.T.);
#14355 = ORIENTED_EDGE('',*,*,#7221,.F.);
#14356 = ORIENTED_EDGE('',*,*,#14341,.F.);
#14357 = EDGE_LOOP('',(#14350,#14354,#14355,#14356));
#14358 = FACE_OUTER_BOUND('',#14357,.T.);
#14359 = AXIS2_PLACEMENT_3D('',#585,#2442,#7301);
#14360 = PLANE('',#14359);
#14361 = ADVANCED_FACE('',(#14358),#14360,.T.);
#14362 = ORIENTED_EDGE('',*,*,#2503,.F.);
#14363 = VECTOR('',#7301,1.);
#14364 = LINE('',#587,#14363);
#14365 = EDGE_CURVE('',#1795,#2399,#14364,.T.);
#14366 = ORIENTED_EDGE('',*,*,#14365,.T.);
#14367 = ORIENTED_EDGE('',*,*,#7225,.F.);
#14368 = ORIENTED_EDGE('',*,*,#14353,.F.);
#14369 = EDGE_LOOP('',(#14362,#14366,#14367,#14368));
#14370 = FACE_OUTER_BOUND('',#14369,.T.);
#14371 = AXIS2_PLACEMENT_3D('',#586,#2496,#7301);
#14372 = PLANE('',#14371);
#14373 = ADVANCED_FACE('',(#14370),#14372,.T.);
#14374 = ORIENTED_EDGE('',*,*,#2499,.F.);
#14375 = VECTOR('',#7301,1.);
#14376 = LINE('',#588,#14375);
#14377 = EDGE_CURVE('',#1796,#2400,#14376,.T.);
#14378 = ORIENTED_EDGE('',*,*,#14377,.T.);
#14379 = ORIENTED_EDGE('',*,*,#7229,.F.);
#14380 = ORIENTED_EDGE('',*,*,#14365,.F.);
#14381 = EDGE_LOOP('',(#14374,#14378,#14379,#14380));
#14382 = FACE_OUTER_BOUND('',#14381,.T.);
#14383 = AXIS2_PLACEMENT_3D('',#587,#3067,#7301);
#14384 = PLANE('',#14383);
#14385 = ADVANCED_FACE('',(#14382),#14384,.T.);
#14386 = ORIENTED_EDGE('',*,*,#2494,.F.);
#14387 = VECTOR('',#7301,1.);
#14388 = LINE('',#589,#14387);
#14389 = EDGE_CURVE('',#1797,#2401,#14388,.T.);
#14390 = ORIENTED_EDGE('',*,*,#14389,.T.);
#14391 = ORIENTED_EDGE('',*,*,#7233,.F.);
#14392 = ORIENTED_EDGE('',*,*,#14377,.F.);
#14393 = EDGE_LOOP('',(#14386,#14390,#14391,#14392));
#14394 = FACE_OUTER_BOUND('',#14393,.T.);
#14395 = AXIS2_PLACEMENT_3D('',#588,#7405,#7301);
#14396 = PLANE('',#14395);
#14397 = ADVANCED_FACE('',(#14394),#14396,.T.);
#14398 = ORIENTED_EDGE('',*,*,#2489,.F.);
#14399 = VECTOR('',#7301,1.);
#14400 = LINE('',#590,#14399);
#14401 = EDGE_CURVE('',#1798,#2402,#14400,.T.);
#14402 = ORIENTED_EDGE('',*,*,#14401,.T.);
#14403 = ORIENTED_EDGE('',*,*,#7237,.F.);
#14404 = ORIENTED_EDGE('',*,*,#14389,.F.);
#14405 = EDGE_LOOP('',(#14398,#14402,#14403,#14404));
#14406 = FACE_OUTER_BOUND('',#14405,.T.);
#14407 = AXIS2_PLACEMENT_3D('',#589,#7418,#7301);
#14408 = PLANE('',#14407);
#14409 = ADVANCED_FACE('',(#14406),#14408,.T.);
#14410 = ORIENTED_EDGE('',*,*,#2484,.F.);
#14411 = VECTOR('',#7301,1.);
#14412 = LINE('',#591,#14411);
#14413 = EDGE_CURVE('',#1799,#2403,#14412,.T.);
#14414 = ORIENTED_EDGE('',*,*,#14413,.T.);
#14415 = ORIENTED_EDGE('',*,*,#7241,.F.);
#14416 = ORIENTED_EDGE('',*,*,#14401,.F.);
#14417 = EDGE_LOOP('',(#14410,#14414,#14415,#14416));
#14418 = FACE_OUTER_BOUND('',#14417,.T.);
#14419 = AXIS2_PLACEMENT_3D('',#590,#7431,#7301);
#14420 = PLANE('',#14419);
#14421 = ADVANCED_FACE('',(#14418),#14420,.T.);
#14422 = ORIENTED_EDGE('',*,*,#2479,.F.);
#14423 = VECTOR('',#7301,1.);
#14424 = LINE('',#592,#14423);
#14425 = EDGE_CURVE('',#1800,#2404,#14424,.T.);
#14426 = ORIENTED_EDGE('',*,*,#14425,.T.);
#14427 = ORIENTED_EDGE('',*,*,#7245,.F.);
#14428 = ORIENTED_EDGE('',*,*,#14413,.F.);
#14429 = EDGE_LOOP('',(#14422,#14426,#14427,#14428));
#14430 = FACE_OUTER_BOUND('',#14429,.T.);
#14431 = AXIS2_PLACEMENT_3D('',#591,#7444,#7301);
#14432 = PLANE('',#14431);
#14433 = ADVANCED_FACE('',(#14430),#14432,.T.);
#14434 = ORIENTED_EDGE('',*,*,#2474,.F.);
#14435 = VECTOR('',#7301,1.);
#14436 = LINE('',#593,#14435);
#14437 = EDGE_CURVE('',#1801,#2405,#14436,.T.);
#14438 = ORIENTED_EDGE('',*,*,#14437,.T.);
#14439 = ORIENTED_EDGE('',*,*,#7249,.F.);
#14440 = ORIENTED_EDGE('',*,*,#14425,.F.);
#14441 = EDGE_LOOP('',(#14434,#14438,#14439,#14440));
#14442 = FACE_OUTER_BOUND('',#14441,.T.);
#14443 = AXIS2_PLACEMENT_3D('',#592,#2496,#7301);
#14444 = PLANE('',#14443);
#14445 = ADVANCED_FACE('',(#14442),#14444,.T.);
#14446 = ORIENTED_EDGE('',*,*,#2470,.F.);
#14447 = VECTOR('',#7301,1.);
#14448 = LINE('',#594,#14447);
#14449 = EDGE_CURVE('',#1802,#2406,#14448,.T.);
#14450 = ORIENTED_EDGE('',*,*,#14449,.T.);
#14451 = ORIENTED_EDGE('',*,*,#7253,.F.);
#14452 = ORIENTED_EDGE('',*,*,#14437,.F.);
#14453 = EDGE_LOOP('',(#14446,#14450,#14451,#14452));
#14454 = FACE_OUTER_BOUND('',#14453,.T.);
#14455 = AXIS2_PLACEMENT_3D('',#593,#10989,#7301);
#14456 = PLANE('',#14455);
#14457 = ADVANCED_FACE('',(#14454),#14456,.T.);
#14458 = ORIENTED_EDGE('',*,*,#2465,.F.);
#14459 = VECTOR('',#7301,1.);
#14460 = LINE('',#595,#14459);
#14461 = EDGE_CURVE('',#1803,#2407,#14460,.T.);
#14462 = ORIENTED_EDGE('',*,*,#14461,.T.);
#14463 = ORIENTED_EDGE('',*,*,#7257,.F.);
#14464 = ORIENTED_EDGE('',*,*,#14449,.F.);
#14465 = EDGE_LOOP('',(#14458,#14462,#14463,#14464));
#14466 = FACE_OUTER_BOUND('',#14465,.T.);
#14467 = AXIS2_PLACEMENT_3D('',#594,#11002,#7301);
#14468 = PLANE('',#14467);
#14469 = ADVANCED_FACE('',(#14466),#14468,.T.);
#14470 = ORIENTED_EDGE('',*,*,#2460,.F.);
#14471 = VECTOR('',#7301,1.);
#14472 = LINE('',#596,#14471);
#14473 = EDGE_CURVE('',#1804,#2408,#14472,.T.);
#14474 = ORIENTED_EDGE('',*,*,#14473,.T.);
#14475 = ORIENTED_EDGE('',*,*,#7261,.F.);
#14476 = ORIENTED_EDGE('',*,*,#14461,.F.);
#14477 = EDGE_LOOP('',(#14470,#14474,#14475,#14476));
#14478 = FACE_OUTER_BOUND('',#14477,.T.);
#14479 = AXIS2_PLACEMENT_3D('',#595,#11015,#7301);
#14480 = PLANE('',#14479);
#14481 = ADVANCED_FACE('',(#14478),#14480,.T.);
#14482 = ORIENTED_EDGE('',*,*,#2455,.F.);
#14483 = VECTOR('',#7301,1.);
#14484 = LINE('',#597,#14483);
#14485 = EDGE_CURVE('',#1805,#2409,#14484,.T.);
#14486 = ORIENTED_EDGE('',*,*,#14485,.T.);
#14487 = ORIENTED_EDGE('',*,*,#7265,.F.);
#14488 = ORIENTED_EDGE('',*,*,#14473,.F.);
#14489 = EDGE_LOOP('',(#14482,#14486,#14487,#14488));
#14490 = FACE_OUTER_BOUND('',#14489,.T.);
#14491 = AXIS2_PLACEMENT_3D('',#596,#11028,#7301);
#14492 = PLANE('',#14491);
#14493 = ADVANCED_FACE('',(#14490),#14492,.T.);
#14494 = ORIENTED_EDGE('',*,*,#2450,.F.);
#14495 = VECTOR('',#7301,1.);
#14496 = LINE('',#598,#14495);
#14497 = EDGE_CURVE('',#1806,#2410,#14496,.T.);
#14498 = ORIENTED_EDGE('',*,*,#14497,.T.);
#14499 = ORIENTED_EDGE('',*,*,#7269,.F.);
#14500 = ORIENTED_EDGE('',*,*,#14485,.F.);
#14501 = EDGE_LOOP('',(#14494,#14498,#14499,#14500));
#14502 = FACE_OUTER_BOUND('',#14501,.T.);
#14503 = AXIS2_PLACEMENT_3D('',#597,#2442,#7301);
#14504 = PLANE('',#14503);
#14505 = ADVANCED_FACE('',(#14502),#14504,.T.);
#14506 = ORIENTED_EDGE('',*,*,#2445,.F.);
#14507 = VECTOR('',#7301,1.);
#14508 = LINE('',#599,#14507);
#14509 = EDGE_CURVE('',#1807,#2411,#14508,.T.);
#14510 = ORIENTED_EDGE('',*,*,#14509,.T.);
#14511 = ORIENTED_EDGE('',*,*,#7273,.F.);
#14512 = ORIENTED_EDGE('',*,*,#14497,.F.);
#14513 = EDGE_LOOP('',(#14506,#14510,#14511,#14512));
#14514 = FACE_OUTER_BOUND('',#14513,.T.);
#14515 = AXIS2_PLACEMENT_3D('',#598,#2496,#7301);
#14516 = PLANE('',#14515);
#14517 = ADVANCED_FACE('',(#14514),#14516,.T.);
#14518 = ORIENTED_EDGE('',*,*,#2440,.F.);
#14519 = VECTOR('',#7301,1.);
#14520 = LINE('',#600,#14519);
#14521 = EDGE_CURVE('',#1808,#2412,#14520,.T.);
#14522 = ORIENTED_EDGE('',*,*,#14521,.T.);
#14523 = ORIENTED_EDGE('',*,*,#7277,.F.);
#14524 = ORIENTED_EDGE('',*,*,#14509,.F.);
#14525 = EDGE_LOOP('',(#14518,#14522,#14523,#14524));
#14526 = FACE_OUTER_BOUND('',#14525,.T.);
#14527 = DIRECTION('',(-0.991444861,-0.130526192,0));
#14528 = AXIS2_PLACEMENT_3D('',#599,#14527,#7301);
#14529 = PLANE('',#14528);
#14530 = ADVANCED_FACE('',(#14526),#14529,.T.);
#14531 = ORIENTED_EDGE('',*,*,#2435,.F.);
#14532 = VECTOR('',#7301,1.);
#14533 = LINE('',#601,#14532);
#14534 = EDGE_CURVE('',#1809,#2413,#14533,.T.);
#14535 = ORIENTED_EDGE('',*,*,#14534,.T.);
#14536 = ORIENTED_EDGE('',*,*,#7281,.F.);
#14537 = ORIENTED_EDGE('',*,*,#14521,.F.);
#14538 = EDGE_LOOP('',(#14531,#14535,#14536,#14537));
#14539 = FACE_OUTER_BOUND('',#14538,.T.);
#14540 = DIRECTION('',(-0.923879533,-0.382683432,0));
#14541 = AXIS2_PLACEMENT_3D('',#600,#14540,#7301);
#14542 = PLANE('',#14541);
#14543 = ADVANCED_FACE('',(#14539),#14542,.T.);
#14544 = ORIENTED_EDGE('',*,*,#2430,.F.);
#14545 = VECTOR('',#7301,1.);
#14546 = LINE('',#602,#14545);
#14547 = EDGE_CURVE('',#1810,#2414,#14546,.T.);
#14548 = ORIENTED_EDGE('',*,*,#14547,.T.);
#14549 = ORIENTED_EDGE('',*,*,#7285,.F.);
#14550 = ORIENTED_EDGE('',*,*,#14534,.F.);
#14551 = EDGE_LOOP('',(#14544,#14548,#14549,#14550));
#14552 = FACE_OUTER_BOUND('',#14551,.T.);
#14553 = DIRECTION('',(-0.79335334,-0.608761429,0));
#14554 = AXIS2_PLACEMENT_3D('',#601,#14553,#7301);
#14555 = PLANE('',#14554);
#14556 = ADVANCED_FACE('',(#14552),#14555,.T.);
#14557 = ORIENTED_EDGE('',*,*,#2425,.F.);
#14558 = VECTOR('',#7301,1.);
#14559 = LINE('',#603,#14558);
#14560 = EDGE_CURVE('',#1811,#2415,#14559,.T.);
#14561 = ORIENTED_EDGE('',*,*,#14560,.T.);
#14562 = ORIENTED_EDGE('',*,*,#7289,.F.);
#14563 = ORIENTED_EDGE('',*,*,#14547,.F.);
#14564 = EDGE_LOOP('',(#14557,#14561,#14562,#14563));
#14565 = FACE_OUTER_BOUND('',#14564,.T.);
#14566 = DIRECTION('',(-0.608761429,-0.79335334,0));
#14567 = AXIS2_PLACEMENT_3D('',#602,#14566,#7301);
#14568 = PLANE('',#14567);
#14569 = ADVANCED_FACE('',(#14565),#14568,.T.);
#14570 = ORIENTED_EDGE('',*,*,#2420,.F.);
#14571 = VECTOR('',#7301,1.);
#14572 = LINE('',#604,#14571);
#14573 = EDGE_CURVE('',#1812,#2416,#14572,.T.);
#14574 = ORIENTED_EDGE('',*,*,#14573,.T.);
#14575 = ORIENTED_EDGE('',*,*,#7293,.F.);
#14576 = ORIENTED_EDGE('',*,*,#14560,.F.);
#14577 = EDGE_LOOP('',(#14570,#14574,#14575,#14576));
#14578 = FACE_OUTER_BOUND('',#14577,.T.);
#14579 = DIRECTION('',(-0.382683432,-0.923879533,0));
#14580 = AXIS2_PLACEMENT_3D('',#603,#14579,#7301);
#14581 = PLANE('',#14580);
#14582 = ADVANCED_FACE('',(#14578),#14581,.T.);
#14583 = ORIENTED_EDGE('',*,*,#4875,.F.);
#14584 = ORIENTED_EDGE('',*,*,#7313,.F.);
#14585 = ORIENTED_EDGE('',*,*,#7297,.F.);
#14586 = ORIENTED_EDGE('',*,*,#14573,.F.);
#14587 = EDGE_LOOP('',(#14583,#14584,#14585,#14586));
#14588 = FACE_OUTER_BOUND('',#14587,.T.);
#14589 = DIRECTION('',(-0.130526192,-0.991444861,0));
#14590 = AXIS2_PLACEMENT_3D('',#604,#14589,#7301);
#14591 = PLANE('',#14590);
#14592 = ADVANCED_FACE('',(#14588),#14591,.T.);
#14593 = CLOSED_SHELL('',(#4882,#7304,#7319,#7331,#7344,#7357,#7370,#7383,#7395,#7408,#7421,#7434,#7447,#7459,#7471,#7483,#7495,#7507,#7519,#7531,#7543,#7555,#7567,#7579,#7591,#7603,#7615,#7627,#7639,#7651,#7663,#7675,#7687,#7699,#7711,#7723,#7735,#7747,#7759,#7771,#7783,#7795,#7807,#7819,#7831,#7843,#7855,#7867,#7879,#7891,#7903,#7915,#7927,#7939,#7951,#7963,#7975,#7987,#7999,#8011,#8023,#8035,#8047,#8059,#8071,#8083,#8095,#8107,#8119,#8131,#8143,#8155,#8167,#8179,#8191,#8203,#8215,#8227,#8239,#8251,#8263,#8275,#8287,#8299,#8311,#8323,#8335,#8347,#8359,#8371,#8383,#8395,#8407,#8419,#8431,#8443,#8455,#8467,#8479,#8491,#8503,#8515,#8527,#8539,#8551,#8563,#8575,#8587,#8599,#8611,#8623,#8635,#8647,#8659,#8671,#8683,#8695,#8707,#8719,#8731,#8743,#8755,#8767,#8779,#8791,#8803,#8815,#8827,#8839,#8851,#8863,#8875,#8887,#8899,#8911,#8923,#8935,#8947,#8959,#8971,#8983,#8995,#9007,#9019,#9031,#9043,#9055,#9068,#9081,#9094,#9107,#9120,#9133,#9145,#9157,#9170,#9183,#9196,#9209,#9221,#9233,#9245,#9257,#9269,#9281,#9293,#9305,#9317,#9329,#9341,#9353,#9365,#9377,#9389,#9401,#9413,#9425,#9437,#9449,#9461,#9473,#9485,#9497,#9509,#9521,#9533,#9545,#9557,#9569,#9581,#9593,#9605,#9617,#9629,#9641,#9653,#9665,#9677,#9689,#9701,#9713,#9725,#9737,#9749,#9761,#9773,#9785,#9797,#9809,#9821,#9833,#9845,#9857,#9869,#9881,#9893,#9905,#9917,#9929,#9941,#9953,#9965,#9977,#9989,#10001,#10013,#10025,#10037,#10049,#10061,#10073,#10085,#10097,#10109,#10121,#10133,#10145,#10157,#10169,#10181,#10193,#10205,#10217,#10229,#10241,#10253,#10265,#10277,#10289,#10301,#10313,#10325,#10337,#10349,#10361,#10373,#10385,#10397,#10409,#10421,#10433,#10445,#10457,#10469,#10481,#10493,#10505,#10517,#10529,#10541,#10553,#10565,#10577,#10589,#10601,#10613,#10625,#10637,#10649,#10661,#10673,#10685,#10697,#10709,#10721,#10733,#10745,#10757,#10769,#10781,#10793,#10805,#10817,#10829,#10841,#10853,#10865,#10877,#10890,#10903,#10916,#10929,#10942,#10955,#10967,#10979,#10992,#11005,#11018,#11031,#11043,#11055,#11067,#11079,#11091,#11103,#11115,#11127,#11139,#11151,#11163,#11175,#11187,#11199,#11211,#11223,#11235,#11247,#11259,#11271,#11283,#11295,#11307,#11319,#11331,#11343,#11355,#11367,#11379,#11391,#11403,#11415,#11427,#11439,#11451,#11463,#11475,#11487,#11499,#11511,#11523,#11535,#11547,#11559,#11571,#11583,#11595,#11607,#11619,#11631,#11643,#11655,#11667,#11679,#11691,#11703,#11715,#11727,#11739,#11751,#11763,#11775,#11787,#11799,#11811,#11823,#11835,#11847,#11859,#11871,#11883,#11895,#11907,#11919,#11931,#11943,#11955,#11967,#11979,#11991,#12003,#12015,#12027,#12039,#12051,#12063,#12075,#12087,#12099,#12111,#12123,#12135,#12147,#12159,#12171,#12183,#12195,#12207,#12219,#12231,#12243,#12255,#12267,#12279,#12291,#12303,#12315,#12327,#12339,#12351,#12363,#12375,#12387,#12399,#12411,#12423,#12435,#12447,#12459,#12471,#12483,#12495,#12507,#12519,#12531,#12543,#12555,#12567,#12579,#12591,#12603,#12615,#12627,#12639,#12651,#12663,#12675,#12687,#12699,#12712,#12725,#12738,#12751,#12764,#12777,#12789,#12801,#12813,#12825,#12837,#12849,#12861,#12873,#12885,#12897,#12909,#12921,#12933,#12945,#12957,#12969,#12981,#12993,#13005,#13017,#13029,#13041,#13053,#13065,#13077,#13089,#13101,#13113,#13125,#13137,#13149,#13161,#13173,#13185,#13197,#13209,#13221,#13233,#13245,#13257,#13269,#13281,#13293,#13305,#13317,#13329,#13341,#13353,#13365,#13377,#13389,#13401,#13413,#13425,#13437,#13449,#13461,#13473,#13485,#13497,#13509,#13521,#13533,#13545,#13557,#13569,#13581,#13593,#13605,#13617,#13629,#13641,#13653,#13665,#13677,#13689,#13701,#13713,#13725,#13737,#13749,#13761,#13773,#13785,#13797,#13809,#13821,#13833,#13845,#13857,#13869,#13881,#13893,#13905,#13917,#13929,#13941,#13953,#13965,#13977,#13989,#14001,#14013,#14025,#14037,#14049,#14061,#14073,#14085,#14097,#14109,#14121,#14133,#14145,#14157,#14169,#14181,#14193,#14205,#14217,#14229,#14241,#14253,#14265,#14277,#14289,#14301,#14313,#14325,#14337,#14349,#14361,#14373,#14385,#14397,#14409,#14421,#14433,#14445,#14457,#14469,#14481,#14493,#14505,#14517,#14530,#14543,#14556,#14569,#14582,#14592));
#14594 = MANIFOLD_SOLID_BREP('CERAMIC_BASE_CASTELLATED',#14593);
#14595 = CARTESIAN_POINT('',(6.91,-7.11,1.73));
#14596 = CARTESIAN_POINT('',(6.96176381,-7.10318517,1.73));
#14597 = CARTESIAN_POINT('',(7.01,-7.08320508,1.73));
#14598 = CARTESIAN_POINT('',(7.05142136,-7.05142136,1.73));
#14599 = CARTESIAN_POINT('',(7.08320508,-7.01,1.73));
#14600 = CARTESIAN_POINT('',(7.10318517,-6.96176381,1.73));
#14601 = CARTESIAN_POINT('',(7.11,-6.91,1.73));
#14602 = CARTESIAN_POINT('',(7.11,6.91,1.73));
#14603 = CARTESIAN_POINT('',(7.10318517,6.96176381,1.73));
#14604 = CARTESIAN_POINT('',(7.08320508,7.01,1.73));
#14605 = CARTESIAN_POINT('',(7.05142136,7.05142136,1.73));
#14606 = CARTESIAN_POINT('',(7.01,7.08320508,1.73));
#14607 = CARTESIAN_POINT('',(6.96176381,7.10318517,1.73));
#14608 = CARTESIAN_POINT('',(6.91,7.11,1.73));
#14609 = CARTESIAN_POINT('',(-6.91,7.11,1.73));
#14610 = CARTESIAN_POINT('',(-6.96176381,7.10318517,1.73));
#14611 = CARTESIAN_POINT('',(-7.01,7.08320508,1.73));
#14612 = CARTESIAN_POINT('',(-7.05142136,7.05142136,1.73));
#14613 = CARTESIAN_POINT('',(-7.08320508,7.01,1.73));
#14614 = CARTESIAN_POINT('',(-7.10318517,6.96176381,1.73));
#14615 = CARTESIAN_POINT('',(-7.11,6.91,1.73));
#14616 = CARTESIAN_POINT('',(-7.11,-6.91,1.73));
#14617 = CARTESIAN_POINT('',(-7.10318517,-6.96176381,1.73));
#14618 = CARTESIAN_POINT('',(-7.08320508,-7.01,1.73));
#14619 = CARTESIAN_POINT('',(-7.05142136,-7.05142136,1.73));
#14620 = CARTESIAN_POINT('',(-7.01,-7.08320508,1.73));
#14621 = CARTESIAN_POINT('',(-6.96176381,-7.10318517,1.73));
#14622 = CARTESIAN_POINT('',(-6.91,-7.11,1.73));
#14623 = VERTEX_POINT('',#750);
#14624 = VERTEX_POINT('',#751);
#14625 = VERTEX_POINT('',#752);
#14626 = VERTEX_POINT('',#753);
#14627 = VERTEX_POINT('',#754);
#14628 = VERTEX_POINT('',#755);
#14629 = VERTEX_POINT('',#756);
#14630 = VERTEX_POINT('',#901);
#14631 = VERTEX_POINT('',#902);
#14632 = VERTEX_POINT('',#903);
#14633 = VERTEX_POINT('',#904);
#14634 = VERTEX_POINT('',#905);
#14635 = VERTEX_POINT('',#906);
#14636 = VERTEX_POINT('',#907);
#14637 = VERTEX_POINT('',#1052);
#14638 = VERTEX_POINT('',#1053);
#14639 = VERTEX_POINT('',#1054);
#14640 = VERTEX_POINT('',#1055);
#14641 = VERTEX_POINT('',#1056);
#14642 = VERTEX_POINT('',#1057);
#14643 = VERTEX_POINT('',#1058);
#14644 = VERTEX_POINT('',#1203);
#14645 = VERTEX_POINT('',#1204);
#14646 = VERTEX_POINT('',#1205);
#14647 = VERTEX_POINT('',#1206);
#14648 = VERTEX_POINT('',#1207);
#14649 = VERTEX_POINT('',#1208);
#14650 = VERTEX_POINT('',#605);
#14651 = VERTEX_POINT('',#14595);
#14652 = VERTEX_POINT('',#14596);
#14653 = VERTEX_POINT('',#14597);
#14654 = VERTEX_POINT('',#14598);
#14655 = VERTEX_POINT('',#14599);
#14656 = VERTEX_POINT('',#14600);
#14657 = VERTEX_POINT('',#14601);
#14658 = VERTEX_POINT('',#14602);
#14659 = VERTEX_POINT('',#14603);
#14660 = VERTEX_POINT('',#14604);
#14661 = VERTEX_POINT('',#14605);
#14662 = VERTEX_POINT('',#14606);
#14663 = VERTEX_POINT('',#14607);
#14664 = VERTEX_POINT('',#14608);
#14665 = VERTEX_POINT('',#14609);
#14666 = VERTEX_POINT('',#14610);
#14667 = VERTEX_POINT('',#14611);
#14668 = VERTEX_POINT('',#14612);
#14669 = VERTEX_POINT('',#14613);
#14670 = VERTEX_POINT('',#14614);
#14671 = VERTEX_POINT('',#14615);
#14672 = VERTEX_POINT('',#14616);
#14673 = VERTEX_POINT('',#14617);
#14674 = VERTEX_POINT('',#14618);
#14675 = VERTEX_POINT('',#14619);
#14676 = VERTEX_POINT('',#14620);
#14677 = VERTEX_POINT('',#14621);
#14678 = VERTEX_POINT('',#14622);
#14679 = VECTOR('',#4872,1.);
#14680 = LINE('',#605,#14679);
#14681 = EDGE_CURVE('',#14650,#14649,#14680,.T.);
#14682 = ORIENTED_EDGE('',*,*,#14681,.T.);
#14683 = VECTOR('',#2417,1.);
#14684 = LINE('',#1208,#14683);
#14685 = EDGE_CURVE('',#14649,#14648,#14684,.T.);
#14686 = ORIENTED_EDGE('',*,*,#14685,.T.);
#14687 = VECTOR('',#2422,1.);
#14688 = LINE('',#1207,#14687);
#14689 = EDGE_CURVE('',#14648,#14647,#14688,.T.);
#14690 = ORIENTED_EDGE('',*,*,#14689,.T.);
#14691 = VECTOR('',#2427,1.);
#14692 = LINE('',#1206,#14691);
#14693 = EDGE_CURVE('',#14647,#14646,#14692,.T.);
#14694 = ORIENTED_EDGE('',*,*,#14693,.T.);
#14695 = VECTOR('',#2432,1.);
#14696 = LINE('',#1205,#14695);
#14697 = EDGE_CURVE('',#14646,#14645,#14696,.T.);
#14698 = ORIENTED_EDGE('',*,*,#14697,.T.);
#14699 = VECTOR('',#2437,1.);
#14700 = LINE('',#1204,#14699);
#14701 = EDGE_CURVE('',#14645,#14644,#14700,.T.);
#14702 = ORIENTED_EDGE('',*,*,#14701,.T.);
#14703 = VECTOR('',#2442,1.);
#14704 = LINE('',#1203,#14703);
#14705 = EDGE_CURVE('',#14644,#14643,#14704,.T.);
#14706 = ORIENTED_EDGE('',*,*,#14705,.T.);
#14707 = VECTOR('',#3033,1.);
#14708 = LINE('',#1058,#14707);
#14709 = EDGE_CURVE('',#14643,#14642,#14708,.T.);
#14710 = ORIENTED_EDGE('',*,*,#14709,.T.);
#14711 = VECTOR('',#3038,1.);
#14712 = LINE('',#1057,#14711);
#14713 = EDGE_CURVE('',#14642,#14641,#14712,.T.);
#14714 = ORIENTED_EDGE('',*,*,#14713,.T.);
#14715 = VECTOR('',#3043,1.);
#14716 = LINE('',#1056,#14715);
#14717 = EDGE_CURVE('',#14641,#14640,#14716,.T.);
#14718 = ORIENTED_EDGE('',*,*,#14717,.T.);
#14719 = VECTOR('',#3048,1.);
#14720 = LINE('',#1055,#14719);
#14721 = EDGE_CURVE('',#14640,#14639,#14720,.T.);
#14722 = ORIENTED_EDGE('',*,*,#14721,.T.);
#14723 = VECTOR('',#3053,1.);
#14724 = LINE('',#1054,#14723);
#14725 = EDGE_CURVE('',#14639,#14638,#14724,.T.);
#14726 = ORIENTED_EDGE('',*,*,#14725,.T.);
#14727 = VECTOR('',#3058,1.);
#14728 = LINE('',#1053,#14727);
#14729 = EDGE_CURVE('',#14638,#14637,#14728,.T.);
#14730 = ORIENTED_EDGE('',*,*,#14729,.T.);
#14731 = VECTOR('',#2447,1.);
#14732 = LINE('',#1052,#14731);
#14733 = EDGE_CURVE('',#14637,#14636,#14732,.T.);
#14734 = ORIENTED_EDGE('',*,*,#14733,.T.);
#14735 = VECTOR('',#3648,1.);
#14736 = LINE('',#907,#14735);
#14737 = EDGE_CURVE('',#14636,#14635,#14736,.T.);
#14738 = ORIENTED_EDGE('',*,*,#14737,.T.);
#14739 = VECTOR('',#3653,1.);
#14740 = LINE('',#906,#14739);
#14741 = EDGE_CURVE('',#14635,#14634,#14740,.T.);
#14742 = ORIENTED_EDGE('',*,*,#14741,.T.);
#14743 = VECTOR('',#3658,1.);
#14744 = LINE('',#905,#14743);
#14745 = EDGE_CURVE('',#14634,#14633,#14744,.T.);
#14746 = ORIENTED_EDGE('',*,*,#14745,.T.);
#14747 = VECTOR('',#3663,1.);
#14748 = LINE('',#904,#14747);
#14749 = EDGE_CURVE('',#14633,#14632,#14748,.T.);
#14750 = ORIENTED_EDGE('',*,*,#14749,.T.);
#14751 = VECTOR('',#3668,1.);
#14752 = LINE('',#903,#14751);
#14753 = EDGE_CURVE('',#14632,#14631,#14752,.T.);
#14754 = ORIENTED_EDGE('',*,*,#14753,.T.);
#14755 = VECTOR('',#3673,1.);
#14756 = LINE('',#902,#14755);
#14757 = EDGE_CURVE('',#14631,#14630,#14756,.T.);
#14758 = ORIENTED_EDGE('',*,*,#14757,.T.);
#14759 = VECTOR('',#3067,1.);
#14760 = LINE('',#901,#14759);
#14761 = EDGE_CURVE('',#14630,#14629,#14760,.T.);
#14762 = ORIENTED_EDGE('',*,*,#14761,.T.);
#14763 = VECTOR('',#4262,1.);
#14764 = LINE('',#756,#14763);
#14765 = EDGE_CURVE('',#14629,#14628,#14764,.T.);
#14766 = ORIENTED_EDGE('',*,*,#14765,.T.);
#14767 = VECTOR('',#4267,1.);
#14768 = LINE('',#755,#14767);
#14769 = EDGE_CURVE('',#14628,#14627,#14768,.T.);
#14770 = ORIENTED_EDGE('',*,*,#14769,.T.);
#14771 = VECTOR('',#4272,1.);
#14772 = LINE('',#754,#14771);
#14773 = EDGE_CURVE('',#14627,#14626,#14772,.T.);
#14774 = ORIENTED_EDGE('',*,*,#14773,.T.);
#14775 = VECTOR('',#4277,1.);
#14776 = LINE('',#753,#14775);
#14777 = EDGE_CURVE('',#14626,#14625,#14776,.T.);
#14778 = ORIENTED_EDGE('',*,*,#14777,.T.);
#14779 = VECTOR('',#4282,1.);
#14780 = LINE('',#752,#14779);
#14781 = EDGE_CURVE('',#14625,#14624,#14780,.T.);
#14782 = ORIENTED_EDGE('',*,*,#14781,.T.);
#14783 = VECTOR('',#4287,1.);
#14784 = LINE('',#751,#14783);
#14785 = EDGE_CURVE('',#14624,#14623,#14784,.T.);
#14786 = ORIENTED_EDGE('',*,*,#14785,.T.);
#14787 = VECTOR('',#2496,1.);
#14788 = LINE('',#750,#14787);
#14789 = EDGE_CURVE('',#14623,#14650,#14788,.T.);
#14790 = ORIENTED_EDGE('',*,*,#14789,.T.);
#14791 = EDGE_LOOP('',(#14682,#14686,#14690,#14694,#14698,#14702,#14706,#14710,#14714,#14718,#14722,#14726,#14730,#14734,#14738,#14742,#14746,#14750,#14754,#14758,#14762,#14766,#14770,#14774,#14778,#14782,#14786,#14790));
#14792 = FACE_OUTER_BOUND('',#14791,.T.);
#14793 = AXIS2_PLACEMENT_3D('',#605,#4879,#2447);
#14794 = PLANE('',#14793);
#14795 = ADVANCED_FACE('',(#14792),#14794,.T.);
#14796 = VECTOR('',#3058,1.);
#14797 = LINE('',#14595,#14796);
#14798 = EDGE_CURVE('',#14651,#14652,#14797,.T.);
#14799 = ORIENTED_EDGE('',*,*,#14798,.T.);
#14800 = VECTOR('',#3053,1.);
#14801 = LINE('',#14596,#14800);
#14802 = EDGE_CURVE('',#14652,#14653,#14801,.T.);
#14803 = ORIENTED_EDGE('',*,*,#14802,.T.);
#14804 = VECTOR('',#3048,1.);
#14805 = LINE('',#14597,#14804);
#14806 = EDGE_CURVE('',#14653,#14654,#14805,.T.);
#14807 = ORIENTED_EDGE('',*,*,#14806,.T.);
#14808 = VECTOR('',#3043,1.);
#14809 = LINE('',#14598,#14808);
#14810 = EDGE_CURVE('',#14654,#14655,#14809,.T.);
#14811 = ORIENTED_EDGE('',*,*,#14810,.T.);
#14812 = VECTOR('',#3038,1.);
#14813 = LINE('',#14599,#14812);
#14814 = EDGE_CURVE('',#14655,#14656,#14813,.T.);
#14815 = ORIENTED_EDGE('',*,*,#14814,.T.);
#14816 = VECTOR('',#3033,1.);
#14817 = LINE('',#14600,#14816);
#14818 = EDGE_CURVE('',#14656,#14657,#14817,.T.);
#14819 = ORIENTED_EDGE('',*,*,#14818,.T.);
#14820 = VECTOR('',#2442,1.);
#14821 = LINE('',#14601,#14820);
#14822 = EDGE_CURVE('',#14657,#14658,#14821,.T.);
#14823 = ORIENTED_EDGE('',*,*,#14822,.T.);
#14824 = VECTOR('',#2437,1.);
#14825 = LINE('',#14602,#14824);
#14826 = EDGE_CURVE('',#14658,#14659,#14825,.T.);
#14827 = ORIENTED_EDGE('',*,*,#14826,.T.);
#14828 = VECTOR('',#2432,1.);
#14829 = LINE('',#14603,#14828);
#14830 = EDGE_CURVE('',#14659,#14660,#14829,.T.);
#14831 = ORIENTED_EDGE('',*,*,#14830,.T.);
#14832 = VECTOR('',#2427,1.);
#14833 = LINE('',#14604,#14832);
#14834 = EDGE_CURVE('',#14660,#14661,#14833,.T.);
#14835 = ORIENTED_EDGE('',*,*,#14834,.T.);
#14836 = VECTOR('',#2422,1.);
#14837 = LINE('',#14605,#14836);
#14838 = EDGE_CURVE('',#14661,#14662,#14837,.T.);
#14839 = ORIENTED_EDGE('',*,*,#14838,.T.);
#14840 = VECTOR('',#2417,1.);
#14841 = LINE('',#14606,#14840);
#14842 = EDGE_CURVE('',#14662,#14663,#14841,.T.);
#14843 = ORIENTED_EDGE('',*,*,#14842,.T.);
#14844 = VECTOR('',#4872,1.);
#14845 = LINE('',#14607,#14844);
#14846 = EDGE_CURVE('',#14663,#14664,#14845,.T.);
#14847 = ORIENTED_EDGE('',*,*,#14846,.T.);
#14848 = VECTOR('',#2496,1.);
#14849 = LINE('',#14608,#14848);
#14850 = EDGE_CURVE('',#14664,#14665,#14849,.T.);
#14851 = ORIENTED_EDGE('',*,*,#14850,.T.);
#14852 = VECTOR('',#4287,1.);
#14853 = LINE('',#14609,#14852);
#14854 = EDGE_CURVE('',#14665,#14666,#14853,.T.);
#14855 = ORIENTED_EDGE('',*,*,#14854,.T.);
#14856 = VECTOR('',#4282,1.);
#14857 = LINE('',#14610,#14856);
#14858 = EDGE_CURVE('',#14666,#14667,#14857,.T.);
#14859 = ORIENTED_EDGE('',*,*,#14858,.T.);
#14860 = VECTOR('',#4277,1.);
#14861 = LINE('',#14611,#14860);
#14862 = EDGE_CURVE('',#14667,#14668,#14861,.T.);
#14863 = ORIENTED_EDGE('',*,*,#14862,.T.);
#14864 = VECTOR('',#4272,1.);
#14865 = LINE('',#14612,#14864);
#14866 = EDGE_CURVE('',#14668,#14669,#14865,.T.);
#14867 = ORIENTED_EDGE('',*,*,#14866,.T.);
#14868 = VECTOR('',#4267,1.);
#14869 = LINE('',#14613,#14868);
#14870 = EDGE_CURVE('',#14669,#14670,#14869,.T.);
#14871 = ORIENTED_EDGE('',*,*,#14870,.T.);
#14872 = VECTOR('',#4262,1.);
#14873 = LINE('',#14614,#14872);
#14874 = EDGE_CURVE('',#14670,#14671,#14873,.T.);
#14875 = ORIENTED_EDGE('',*,*,#14874,.T.);
#14876 = VECTOR('',#3067,1.);
#14877 = LINE('',#14615,#14876);
#14878 = EDGE_CURVE('',#14671,#14672,#14877,.T.);
#14879 = ORIENTED_EDGE('',*,*,#14878,.T.);
#14880 = VECTOR('',#3673,1.);
#14881 = LINE('',#14616,#14880);
#14882 = EDGE_CURVE('',#14672,#14673,#14881,.T.);
#14883 = ORIENTED_EDGE('',*,*,#14882,.T.);
#14884 = VECTOR('',#3668,1.);
#14885 = LINE('',#14617,#14884);
#14886 = EDGE_CURVE('',#14673,#14674,#14885,.T.);
#14887 = ORIENTED_EDGE('',*,*,#14886,.T.);
#14888 = VECTOR('',#3663,1.);
#14889 = LINE('',#14618,#14888);
#14890 = EDGE_CURVE('',#14674,#14675,#14889,.T.);
#14891 = ORIENTED_EDGE('',*,*,#14890,.T.);
#14892 = VECTOR('',#3658,1.);
#14893 = LINE('',#14619,#14892);
#14894 = EDGE_CURVE('',#14675,#14676,#14893,.T.);
#14895 = ORIENTED_EDGE('',*,*,#14894,.T.);
#14896 = VECTOR('',#3653,1.);
#14897 = LINE('',#14620,#14896);
#14898 = EDGE_CURVE('',#14676,#14677,#14897,.T.);
#14899 = ORIENTED_EDGE('',*,*,#14898,.T.);
#14900 = VECTOR('',#3648,1.);
#14901 = LINE('',#14621,#14900);
#14902 = EDGE_CURVE('',#14677,#14678,#14901,.T.);
#14903 = ORIENTED_EDGE('',*,*,#14902,.T.);
#14904 = VECTOR('',#2447,1.);
#14905 = LINE('',#14622,#14904);
#14906 = EDGE_CURVE('',#14678,#14651,#14905,.T.);
#14907 = ORIENTED_EDGE('',*,*,#14906,.T.);
#14908 = EDGE_LOOP('',(#14799,#14803,#14807,#14811,#14815,#14819,#14823,#14827,#14831,#14835,#14839,#14843,#14847,#14851,#14855,#14859,#14863,#14867,#14871,#14875,#14879,#14883,#14887,#14891,#14895,#14899,#14903,#14907));
#14909 = FACE_OUTER_BOUND('',#14908,.T.);
#14910 = AXIS2_PLACEMENT_3D('',#14595,#7301,#2447);
#14911 = PLANE('',#14910);
#14912 = ADVANCED_FACE('',(#14909),#14911,.T.);
#14913 = ORIENTED_EDGE('',*,*,#14785,.F.);
#14914 = VECTOR('',#7301,1.);
#14915 = LINE('',#751,#14914);
#14916 = EDGE_CURVE('',#14624,#14652,#14915,.T.);
#14917 = ORIENTED_EDGE('',*,*,#14916,.T.);
#14918 = ORIENTED_EDGE('',*,*,#14798,.F.);
#14919 = VECTOR('',#4879,1.);
#14920 = LINE('',#14595,#14919);
#14921 = EDGE_CURVE('',#14651,#14623,#14920,.T.);
#14922 = ORIENTED_EDGE('',*,*,#14921,.T.);
#14923 = EDGE_LOOP('',(#14913,#14917,#14918,#14922));
#14924 = FACE_OUTER_BOUND('',#14923,.T.);
#14925 = AXIS2_PLACEMENT_3D('',#750,#9065,#7301);
#14926 = PLANE('',#14925);
#14927 = ADVANCED_FACE('',(#14924),#14926,.T.);
#14928 = ORIENTED_EDGE('',*,*,#14781,.F.);
#14929 = VECTOR('',#7301,1.);
#14930 = LINE('',#752,#14929);
#14931 = EDGE_CURVE('',#14625,#14653,#14930,.T.);
#14932 = ORIENTED_EDGE('',*,*,#14931,.T.);
#14933 = ORIENTED_EDGE('',*,*,#14802,.F.);
#14934 = ORIENTED_EDGE('',*,*,#14916,.F.);
#14935 = EDGE_LOOP('',(#14928,#14932,#14933,#14934));
#14936 = FACE_OUTER_BOUND('',#14935,.T.);
#14937 = AXIS2_PLACEMENT_3D('',#751,#9078,#7301);
#14938 = PLANE('',#14937);
#14939 = ADVANCED_FACE('',(#14936),#14938,.T.);
#14940 = ORIENTED_EDGE('',*,*,#14777,.F.);
#14941 = VECTOR('',#7301,1.);
#14942 = LINE('',#753,#14941);
#14943 = EDGE_CURVE('',#14626,#14654,#14942,.T.);
#14944 = ORIENTED_EDGE('',*,*,#14943,.T.);
#14945 = ORIENTED_EDGE('',*,*,#14806,.F.);
#14946 = ORIENTED_EDGE('',*,*,#14931,.F.);
#14947 = EDGE_LOOP('',(#14940,#14944,#14945,#14946));
#14948 = FACE_OUTER_BOUND('',#14947,.T.);
#14949 = AXIS2_PLACEMENT_3D('',#752,#9091,#7301);
#14950 = PLANE('',#14949);
#14951 = ADVANCED_FACE('',(#14948),#14950,.T.);
#14952 = ORIENTED_EDGE('',*,*,#14773,.F.);
#14953 = VECTOR('',#7301,1.);
#14954 = LINE('',#754,#14953);
#14955 = EDGE_CURVE('',#14627,#14655,#14954,.T.);
#14956 = ORIENTED_EDGE('',*,*,#14955,.T.);
#14957 = ORIENTED_EDGE('',*,*,#14810,.F.);
#14958 = ORIENTED_EDGE('',*,*,#14943,.F.);
#14959 = EDGE_LOOP('',(#14952,#14956,#14957,#14958));
#14960 = FACE_OUTER_BOUND('',#14959,.T.);
#14961 = AXIS2_PLACEMENT_3D('',#753,#9104,#7301);
#14962 = PLANE('',#14961);
#14963 = ADVANCED_FACE('',(#14960),#14962,.T.);
#14964 = ORIENTED_EDGE('',*,*,#14769,.F.);
#14965 = VECTOR('',#7301,1.);
#14966 = LINE('',#755,#14965);
#14967 = EDGE_CURVE('',#14628,#14656,#14966,.T.);
#14968 = ORIENTED_EDGE('',*,*,#14967,.T.);
#14969 = ORIENTED_EDGE('',*,*,#14814,.F.);
#14970 = ORIENTED_EDGE('',*,*,#14955,.F.);
#14971 = EDGE_LOOP('',(#14964,#14968,#14969,#14970));
#14972 = FACE_OUTER_BOUND('',#14971,.T.);
#14973 = AXIS2_PLACEMENT_3D('',#754,#9117,#7301);
#14974 = PLANE('',#14973);
#14975 = ADVANCED_FACE('',(#14972),#14974,.T.);
#14976 = ORIENTED_EDGE('',*,*,#14765,.F.);
#14977 = VECTOR('',#7301,1.);
#14978 = LINE('',#756,#14977);
#14979 = EDGE_CURVE('',#14629,#14657,#14978,.T.);
#14980 = ORIENTED_EDGE('',*,*,#14979,.T.);
#14981 = ORIENTED_EDGE('',*,*,#14818,.F.);
#14982 = ORIENTED_EDGE('',*,*,#14967,.F.);
#14983 = EDGE_LOOP('',(#14976,#14980,#14981,#14982));
#14984 = FACE_OUTER_BOUND('',#14983,.T.);
#14985 = AXIS2_PLACEMENT_3D('',#755,#9130,#7301);
#14986 = PLANE('',#14985);
#14987 = ADVANCED_FACE('',(#14984),#14986,.T.);
#14988 = ORIENTED_EDGE('',*,*,#14761,.F.);
#14989 = VECTOR('',#7301,1.);
#14990 = LINE('',#901,#14989);
#14991 = EDGE_CURVE('',#14630,#14658,#14990,.T.);
#14992 = ORIENTED_EDGE('',*,*,#14991,.T.);
#14993 = ORIENTED_EDGE('',*,*,#14822,.F.);
#14994 = ORIENTED_EDGE('',*,*,#14979,.F.);
#14995 = EDGE_LOOP('',(#14988,#14992,#14993,#14994));
#14996 = FACE_OUTER_BOUND('',#14995,.T.);
#14997 = AXIS2_PLACEMENT_3D('',#756,#2447,#7301);
#14998 = PLANE('',#14997);
#14999 = ADVANCED_FACE('',(#14996),#14998,.T.);
#15000 = ORIENTED_EDGE('',*,*,#14757,.F.);
#15001 = VECTOR('',#7301,1.);
#15002 = LINE('',#902,#15001);
#15003 = EDGE_CURVE('',#14631,#14659,#15002,.T.);
#15004 = ORIENTED_EDGE('',*,*,#15003,.T.);
#15005 = ORIENTED_EDGE('',*,*,#14826,.F.);
#15006 = ORIENTED_EDGE('',*,*,#14991,.F.);
#15007 = EDGE_LOOP('',(#15000,#15004,#15005,#15006));
#15008 = FACE_OUTER_BOUND('',#15007,.T.);
#15009 = AXIS2_PLACEMENT_3D('',#901,#10887,#7301);
#15010 = PLANE('',#15009);
#15011 = ADVANCED_FACE('',(#15008),#15010,.T.);
#15012 = ORIENTED_EDGE('',*,*,#14753,.F.);
#15013 = VECTOR('',#7301,1.);
#15014 = LINE('',#903,#15013);
#15015 = EDGE_CURVE('',#14632,#14660,#15014,.T.);
#15016 = ORIENTED_EDGE('',*,*,#15015,.T.);
#15017 = ORIENTED_EDGE('',*,*,#14830,.F.);
#15018 = ORIENTED_EDGE('',*,*,#15003,.F.);
#15019 = EDGE_LOOP('',(#15012,#15016,#15017,#15018));
#15020 = FACE_OUTER_BOUND('',#15019,.T.);
#15021 = AXIS2_PLACEMENT_3D('',#902,#10900,#7301);
#15022 = PLANE('',#15021);
#15023 = ADVANCED_FACE('',(#15020),#15022,.T.);
#15024 = ORIENTED_EDGE('',*,*,#14749,.F.);
#15025 = VECTOR('',#7301,1.);
#15026 = LINE('',#904,#15025);
#15027 = EDGE_CURVE('',#14633,#14661,#15026,.T.);
#15028 = ORIENTED_EDGE('',*,*,#15027,.T.);
#15029 = ORIENTED_EDGE('',*,*,#14834,.F.);
#15030 = ORIENTED_EDGE('',*,*,#15015,.F.);
#15031 = EDGE_LOOP('',(#15024,#15028,#15029,#15030));
#15032 = FACE_OUTER_BOUND('',#15031,.T.);
#15033 = AXIS2_PLACEMENT_3D('',#903,#10913,#7301);
#15034 = PLANE('',#15033);
#15035 = ADVANCED_FACE('',(#15032),#15034,.T.);
#15036 = ORIENTED_EDGE('',*,*,#14745,.F.);
#15037 = VECTOR('',#7301,1.);
#15038 = LINE('',#905,#15037);
#15039 = EDGE_CURVE('',#14634,#14662,#15038,.T.);
#15040 = ORIENTED_EDGE('',*,*,#15039,.T.);
#15041 = ORIENTED_EDGE('',*,*,#14838,.F.);
#15042 = ORIENTED_EDGE('',*,*,#15027,.F.);
#15043 = EDGE_LOOP('',(#15036,#15040,#15041,#15042));
#15044 = FACE_OUTER_BOUND('',#15043,.T.);
#15045 = AXIS2_PLACEMENT_3D('',#904,#10926,#7301);
#15046 = PLANE('',#15045);
#15047 = ADVANCED_FACE('',(#15044),#15046,.T.);
#15048 = ORIENTED_EDGE('',*,*,#14741,.F.);
#15049 = VECTOR('',#7301,1.);
#15050 = LINE('',#906,#15049);
#15051 = EDGE_CURVE('',#14635,#14663,#15050,.T.);
#15052 = ORIENTED_EDGE('',*,*,#15051,.T.);
#15053 = ORIENTED_EDGE('',*,*,#14842,.F.);
#15054 = ORIENTED_EDGE('',*,*,#15039,.F.);
#15055 = EDGE_LOOP('',(#15048,#15052,#15053,#15054));
#15056 = FACE_OUTER_BOUND('',#15055,.T.);
#15057 = AXIS2_PLACEMENT_3D('',#905,#10939,#7301);
#15058 = PLANE('',#15057);
#15059 = ADVANCED_FACE('',(#15056),#15058,.T.);
#15060 = ORIENTED_EDGE('',*,*,#14737,.F.);
#15061 = VECTOR('',#7301,1.);
#15062 = LINE('',#907,#15061);
#15063 = EDGE_CURVE('',#14636,#14664,#15062,.T.);
#15064 = ORIENTED_EDGE('',*,*,#15063,.T.);
#15065 = ORIENTED_EDGE('',*,*,#14846,.F.);
#15066 = ORIENTED_EDGE('',*,*,#15051,.F.);
#15067 = EDGE_LOOP('',(#15060,#15064,#15065,#15066));
#15068 = FACE_OUTER_BOUND('',#15067,.T.);
#15069 = AXIS2_PLACEMENT_3D('',#906,#10952,#7301);
#15070 = PLANE('',#15069);
#15071 = ADVANCED_FACE('',(#15068),#15070,.T.);
#15072 = ORIENTED_EDGE('',*,*,#14733,.F.);
#15073 = VECTOR('',#7301,1.);
#15074 = LINE('',#1052,#15073);
#15075 = EDGE_CURVE('',#14637,#14665,#15074,.T.);
#15076 = ORIENTED_EDGE('',*,*,#15075,.T.);
#15077 = ORIENTED_EDGE('',*,*,#14850,.F.);
#15078 = ORIENTED_EDGE('',*,*,#15063,.F.);
#15079 = EDGE_LOOP('',(#15072,#15076,#15077,#15078));
#15080 = FACE_OUTER_BOUND('',#15079,.T.);
#15081 = AXIS2_PLACEMENT_3D('',#907,#2442,#7301);
#15082 = PLANE('',#15081);
#15083 = ADVANCED_FACE('',(#15080),#15082,.T.);
#15084 = ORIENTED_EDGE('',*,*,#14729,.F.);
#15085 = VECTOR('',#7301,1.);
#15086 = LINE('',#1053,#15085);
#15087 = EDGE_CURVE('',#14638,#14666,#15086,.T.);
#15088 = ORIENTED_EDGE('',*,*,#15087,.T.);
#15089 = ORIENTED_EDGE('',*,*,#14854,.F.);
#15090 = ORIENTED_EDGE('',*,*,#15075,.F.);
#15091 = EDGE_LOOP('',(#15084,#15088,#15089,#15090));
#15092 = FACE_OUTER_BOUND('',#15091,.T.);
#15093 = AXIS2_PLACEMENT_3D('',#1052,#12709,#7301);
#15094 = PLANE('',#15093);
#15095 = ADVANCED_FACE('',(#15092),#15094,.T.);
#15096 = ORIENTED_EDGE('',*,*,#14725,.F.);
#15097 = VECTOR('',#7301,1.);
#15098 = LINE('',#1054,#15097);
#15099 = EDGE_CURVE('',#14639,#14667,#15098,.T.);
#15100 = ORIENTED_EDGE('',*,*,#15099,.T.);
#15101 = ORIENTED_EDGE('',*,*,#14858,.F.);
#15102 = ORIENTED_EDGE('',*,*,#15087,.F.);
#15103 = EDGE_LOOP('',(#15096,#15100,#15101,#15102));
#15104 = FACE_OUTER_BOUND('',#15103,.T.);
#15105 = AXIS2_PLACEMENT_3D('',#1053,#12722,#7301);
#15106 = PLANE('',#15105);
#15107 = ADVANCED_FACE('',(#15104),#15106,.T.);
#15108 = ORIENTED_EDGE('',*,*,#14721,.F.);
#15109 = VECTOR('',#7301,1.);
#15110 = LINE('',#1055,#15109);
#15111 = EDGE_CURVE('',#14640,#14668,#15110,.T.);
#15112 = ORIENTED_EDGE('',*,*,#15111,.T.);
#15113 = ORIENTED_EDGE('',*,*,#14862,.F.);
#15114 = ORIENTED_EDGE('',*,*,#15099,.F.);
#15115 = EDGE_LOOP('',(#15108,#15112,#15113,#15114));
#15116 = FACE_OUTER_BOUND('',#15115,.T.);
#15117 = AXIS2_PLACEMENT_3D('',#1054,#12735,#7301);
#15118 = PLANE('',#15117);
#15119 = ADVANCED_FACE('',(#15116),#15118,.T.);
#15120 = ORIENTED_EDGE('',*,*,#14717,.F.);
#15121 = VECTOR('',#7301,1.);
#15122 = LINE('',#1056,#15121);
#15123 = EDGE_CURVE('',#14641,#14669,#15122,.T.);
#15124 = ORIENTED_EDGE('',*,*,#15123,.T.);
#15125 = ORIENTED_EDGE('',*,*,#14866,.F.);
#15126 = ORIENTED_EDGE('',*,*,#15111,.F.);
#15127 = EDGE_LOOP('',(#15120,#15124,#15125,#15126));
#15128 = FACE_OUTER_BOUND('',#15127,.T.);
#15129 = AXIS2_PLACEMENT_3D('',#1055,#12748,#7301);
#15130 = PLANE('',#15129);
#15131 = ADVANCED_FACE('',(#15128),#15130,.T.);
#15132 = ORIENTED_EDGE('',*,*,#14713,.F.);
#15133 = VECTOR('',#7301,1.);
#15134 = LINE('',#1057,#15133);
#15135 = EDGE_CURVE('',#14642,#14670,#15134,.T.);
#15136 = ORIENTED_EDGE('',*,*,#15135,.T.);
#15137 = ORIENTED_EDGE('',*,*,#14870,.F.);
#15138 = ORIENTED_EDGE('',*,*,#15123,.F.);
#15139 = EDGE_LOOP('',(#15132,#15136,#15137,#15138));
#15140 = FACE_OUTER_BOUND('',#15139,.T.);
#15141 = AXIS2_PLACEMENT_3D('',#1056,#12761,#7301);
#15142 = PLANE('',#15141);
#15143 = ADVANCED_FACE('',(#15140),#15142,.T.);
#15144 = ORIENTED_EDGE('',*,*,#14709,.F.);
#15145 = VECTOR('',#7301,1.);
#15146 = LINE('',#1058,#15145);
#15147 = EDGE_CURVE('',#14643,#14671,#15146,.T.);
#15148 = ORIENTED_EDGE('',*,*,#15147,.T.);
#15149 = ORIENTED_EDGE('',*,*,#14874,.F.);
#15150 = ORIENTED_EDGE('',*,*,#15135,.F.);
#15151 = EDGE_LOOP('',(#15144,#15148,#15149,#15150));
#15152 = FACE_OUTER_BOUND('',#15151,.T.);
#15153 = AXIS2_PLACEMENT_3D('',#1057,#12774,#7301);
#15154 = PLANE('',#15153);
#15155 = ADVANCED_FACE('',(#15152),#15154,.T.);
#15156 = ORIENTED_EDGE('',*,*,#14705,.F.);
#15157 = VECTOR('',#7301,1.);
#15158 = LINE('',#1203,#15157);
#15159 = EDGE_CURVE('',#14644,#14672,#15158,.T.);
#15160 = ORIENTED_EDGE('',*,*,#15159,.T.);
#15161 = ORIENTED_EDGE('',*,*,#14878,.F.);
#15162 = ORIENTED_EDGE('',*,*,#15147,.F.);
#15163 = EDGE_LOOP('',(#15156,#15160,#15161,#15162));
#15164 = FACE_OUTER_BOUND('',#15163,.T.);
#15165 = AXIS2_PLACEMENT_3D('',#1058,#2496,#7301);
#15166 = PLANE('',#15165);
#15167 = ADVANCED_FACE('',(#15164),#15166,.T.);
#15168 = ORIENTED_EDGE('',*,*,#14701,.F.);
#15169 = VECTOR('',#7301,1.);
#15170 = LINE('',#1204,#15169);
#15171 = EDGE_CURVE('',#14645,#14673,#15170,.T.);
#15172 = ORIENTED_EDGE('',*,*,#15171,.T.);
#15173 = ORIENTED_EDGE('',*,*,#14882,.F.);
#15174 = ORIENTED_EDGE('',*,*,#15159,.F.);
#15175 = EDGE_LOOP('',(#15168,#15172,#15173,#15174));
#15176 = FACE_OUTER_BOUND('',#15175,.T.);
#15177 = AXIS2_PLACEMENT_3D('',#1203,#14527,#7301);
#15178 = PLANE('',#15177);
#15179 = ADVANCED_FACE('',(#15176),#15178,.T.);
#15180 = ORIENTED_EDGE('',*,*,#14697,.F.);
#15181 = VECTOR('',#7301,1.);
#15182 = LINE('',#1205,#15181);
#15183 = EDGE_CURVE('',#14646,#14674,#15182,.T.);
#15184 = ORIENTED_EDGE('',*,*,#15183,.T.);
#15185 = ORIENTED_EDGE('',*,*,#14886,.F.);
#15186 = ORIENTED_EDGE('',*,*,#15171,.F.);
#15187 = EDGE_LOOP('',(#15180,#15184,#15185,#15186));
#15188 = FACE_OUTER_BOUND('',#15187,.T.);
#15189 = AXIS2_PLACEMENT_3D('',#1204,#14540,#7301);
#15190 = PLANE('',#15189);
#15191 = ADVANCED_FACE('',(#15188),#15190,.T.);
#15192 = ORIENTED_EDGE('',*,*,#14693,.F.);
#15193 = VECTOR('',#7301,1.);
#15194 = LINE('',#1206,#15193);
#15195 = EDGE_CURVE('',#14647,#14675,#15194,.T.);
#15196 = ORIENTED_EDGE('',*,*,#15195,.T.);
#15197 = ORIENTED_EDGE('',*,*,#14890,.F.);
#15198 = ORIENTED_EDGE('',*,*,#15183,.F.);
#15199 = EDGE_LOOP('',(#15192,#15196,#15197,#15198));
#15200 = FACE_OUTER_BOUND('',#15199,.T.);
#15201 = AXIS2_PLACEMENT_3D('',#1205,#14553,#7301);
#15202 = PLANE('',#15201);
#15203 = ADVANCED_FACE('',(#15200),#15202,.T.);
#15204 = ORIENTED_EDGE('',*,*,#14689,.F.);
#15205 = VECTOR('',#7301,1.);
#15206 = LINE('',#1207,#15205);
#15207 = EDGE_CURVE('',#14648,#14676,#15206,.T.);
#15208 = ORIENTED_EDGE('',*,*,#15207,.T.);
#15209 = ORIENTED_EDGE('',*,*,#14894,.F.);
#15210 = ORIENTED_EDGE('',*,*,#15195,.F.);
#15211 = EDGE_LOOP('',(#15204,#15208,#15209,#15210));
#15212 = FACE_OUTER_BOUND('',#15211,.T.);
#15213 = AXIS2_PLACEMENT_3D('',#1206,#14566,#7301);
#15214 = PLANE('',#15213);
#15215 = ADVANCED_FACE('',(#15212),#15214,.T.);
#15216 = ORIENTED_EDGE('',*,*,#14685,.F.);
#15217 = VECTOR('',#7301,1.);
#15218 = LINE('',#1208,#15217);
#15219 = EDGE_CURVE('',#14649,#14677,#15218,.T.);
#15220 = ORIENTED_EDGE('',*,*,#15219,.T.);
#15221 = ORIENTED_EDGE('',*,*,#14898,.F.);
#15222 = ORIENTED_EDGE('',*,*,#15207,.F.);
#15223 = EDGE_LOOP('',(#15216,#15220,#15221,#15222));
#15224 = FACE_OUTER_BOUND('',#15223,.T.);
#15225 = AXIS2_PLACEMENT_3D('',#1207,#14579,#7301);
#15226 = PLANE('',#15225);
#15227 = ADVANCED_FACE('',(#15224),#15226,.T.);
#15228 = ORIENTED_EDGE('',*,*,#14681,.F.);
#15229 = VECTOR('',#7301,1.);
#15230 = LINE('',#605,#15229);
#15231 = EDGE_CURVE('',#14650,#14678,#15230,.T.);
#15232 = ORIENTED_EDGE('',*,*,#15231,.T.);
#15233 = ORIENTED_EDGE('',*,*,#14902,.F.);
#15234 = ORIENTED_EDGE('',*,*,#15219,.F.);
#15235 = EDGE_LOOP('',(#15228,#15232,#15233,#15234));
#15236 = FACE_OUTER_BOUND('',#15235,.T.);
#15237 = AXIS2_PLACEMENT_3D('',#1208,#14589,#7301);
#15238 = PLANE('',#15237);
#15239 = ADVANCED_FACE('',(#15236),#15238,.T.);
#15240 = ORIENTED_EDGE('',*,*,#14789,.F.);
#15241 = ORIENTED_EDGE('',*,*,#14921,.F.);
#15242 = ORIENTED_EDGE('',*,*,#14906,.F.);
#15243 = ORIENTED_EDGE('',*,*,#15231,.F.);
#15244 = EDGE_LOOP('',(#15240,#15241,#15242,#15243));
#15245 = FACE_OUTER_BOUND('',#15244,.T.);
#15246 = AXIS2_PLACEMENT_3D('',#605,#3067,#7301);
#15247 = PLANE('',#15246);
#15248 = ADVANCED_FACE('',(#15245),#15247,.T.);
#15249 = CLOSED_SHELL('',(#14795,#14912,#14927,#14939,#14951,#14963,#14975,#14987,#14999,#15011,#15023,#15035,#15047,#15059,#15071,#15083,#15095,#15107,#15119,#15131,#15143,#15155,#15167,#15179,#15191,#15203,#15215,#15227,#15239,#15248));
#15250 = MANIFOLD_SOLID_BREP('CERAMIC_UPPER',#15249);
#15251 = CARTESIAN_POINT('',(-6.8,-6.8,1.73));
#15252 = CARTESIAN_POINT('',(6.8,-6.8,1.73));
#15253 = CARTESIAN_POINT('',(6.8,6.8,1.73));
#15254 = CARTESIAN_POINT('',(-6.8,6.8,1.73));
#15255 = CARTESIAN_POINT('',(-6.8,-6.8,2.28));
#15256 = CARTESIAN_POINT('',(6.8,-6.8,2.28));
#15257 = CARTESIAN_POINT('',(6.8,6.8,2.28));
#15258 = CARTESIAN_POINT('',(-6.8,6.8,2.28));
#15259 = VERTEX_POINT('',#15251);
#15260 = VERTEX_POINT('',#15252);
#15261 = VERTEX_POINT('',#15253);
#15262 = VERTEX_POINT('',#15254);
#15263 = VERTEX_POINT('',#15255);
#15264 = VERTEX_POINT('',#15256);
#15265 = VERTEX_POINT('',#15257);
#15266 = VERTEX_POINT('',#15258);
#15267 = VECTOR('',#2447,1.);
#15268 = LINE('',#15254,#15267);
#15269 = EDGE_CURVE('',#15262,#15261,#15268,.T.);
#15270 = ORIENTED_EDGE('',*,*,#15269,.T.);
#15271 = VECTOR('',#3067,1.);
#15272 = LINE('',#15253,#15271);
#15273 = EDGE_CURVE('',#15261,#15260,#15272,.T.);
#15274 = ORIENTED_EDGE('',*,*,#15273,.T.);
#15275 = VECTOR('',#2496,1.);
#15276 = LINE('',#15252,#15275);
#15277 = EDGE_CURVE('',#15260,#15259,#15276,.T.);
#15278 = ORIENTED_EDGE('',*,*,#15277,.T.);
#15279 = VECTOR('',#2442,1.);
#15280 = LINE('',#15251,#15279);
#15281 = EDGE_CURVE('',#15259,#15262,#15280,.T.);
#15282 = ORIENTED_EDGE('',*,*,#15281,.T.);
#15283 = EDGE_LOOP('',(#15270,#15274,#15278,#15282));
#15284 = FACE_OUTER_BOUND('',#15283,.T.);
#15285 = AXIS2_PLACEMENT_3D('',#15254,#4879,#2447);
#15286 = PLANE('',#15285);
#15287 = ADVANCED_FACE('',(#15284),#15286,.T.);
#15288 = VECTOR('',#2447,1.);
#15289 = LINE('',#15255,#15288);
#15290 = EDGE_CURVE('',#15263,#15264,#15289,.T.);
#15291 = ORIENTED_EDGE('',*,*,#15290,.T.);
#15292 = VECTOR('',#2442,1.);
#15293 = LINE('',#15256,#15292);
#15294 = EDGE_CURVE('',#15264,#15265,#15293,.T.);
#15295 = ORIENTED_EDGE('',*,*,#15294,.T.);
#15296 = VECTOR('',#2496,1.);
#15297 = LINE('',#15257,#15296);
#15298 = EDGE_CURVE('',#15265,#15266,#15297,.T.);
#15299 = ORIENTED_EDGE('',*,*,#15298,.T.);
#15300 = VECTOR('',#3067,1.);
#15301 = LINE('',#15258,#15300);
#15302 = EDGE_CURVE('',#15266,#15263,#15301,.T.);
#15303 = ORIENTED_EDGE('',*,*,#15302,.T.);
#15304 = EDGE_LOOP('',(#15291,#15295,#15299,#15303));
#15305 = FACE_OUTER_BOUND('',#15304,.T.);
#15306 = AXIS2_PLACEMENT_3D('',#15255,#7301,#2447);
#15307 = PLANE('',#15306);
#15308 = ADVANCED_FACE('',(#15305),#15307,.T.);
#15309 = ORIENTED_EDGE('',*,*,#15277,.F.);
#15310 = VECTOR('',#7301,1.);
#15311 = LINE('',#15252,#15310);
#15312 = EDGE_CURVE('',#15260,#15264,#15311,.T.);
#15313 = ORIENTED_EDGE('',*,*,#15312,.T.);
#15314 = ORIENTED_EDGE('',*,*,#15290,.F.);
#15315 = VECTOR('',#4879,1.);
#15316 = LINE('',#15255,#15315);
#15317 = EDGE_CURVE('',#15263,#15259,#15316,.T.);
#15318 = ORIENTED_EDGE('',*,*,#15317,.T.);
#15319 = EDGE_LOOP('',(#15309,#15313,#15314,#15318));
#15320 = FACE_OUTER_BOUND('',#15319,.T.);
#15321 = AXIS2_PLACEMENT_3D('',#15251,#3067,#7301);
#15322 = PLANE('',#15321);
#15323 = ADVANCED_FACE('',(#15320),#15322,.T.);
#15324 = ORIENTED_EDGE('',*,*,#15273,.F.);
#15325 = VECTOR('',#7301,1.);
#15326 = LINE('',#15253,#15325);
#15327 = EDGE_CURVE('',#15261,#15265,#15326,.T.);
#15328 = ORIENTED_EDGE('',*,*,#15327,.T.);
#15329 = ORIENTED_EDGE('',*,*,#15294,.F.);
#15330 = ORIENTED_EDGE('',*,*,#15312,.F.);
#15331 = EDGE_LOOP('',(#15324,#15328,#15329,#15330));
#15332 = FACE_OUTER_BOUND('',#15331,.T.);
#15333 = AXIS2_PLACEMENT_3D('',#15252,#2447,#7301);
#15334 = PLANE('',#15333);
#15335 = ADVANCED_FACE('',(#15332),#15334,.T.);
#15336 = ORIENTED_EDGE('',*,*,#15269,.F.);
#15337 = VECTOR('',#7301,1.);
#15338 = LINE('',#15254,#15337);
#15339 = EDGE_CURVE('',#15262,#15266,#15338,.T.);
#15340 = ORIENTED_EDGE('',*,*,#15339,.T.);
#15341 = ORIENTED_EDGE('',*,*,#15298,.F.);
#15342 = ORIENTED_EDGE('',*,*,#15327,.F.);
#15343 = EDGE_LOOP('',(#15336,#15340,#15341,#15342));
#15344 = FACE_OUTER_BOUND('',#15343,.T.);
#15345 = AXIS2_PLACEMENT_3D('',#15253,#2442,#7301);
#15346 = PLANE('',#15345);
#15347 = ADVANCED_FACE('',(#15344),#15346,.T.);
#15348 = ORIENTED_EDGE('',*,*,#15281,.F.);
#15349 = ORIENTED_EDGE('',*,*,#15317,.F.);
#15350 = ORIENTED_EDGE('',*,*,#15302,.F.);
#15351 = ORIENTED_EDGE('',*,*,#15339,.F.);
#15352 = EDGE_LOOP('',(#15348,#15349,#15350,#15351));
#15353 = FACE_OUTER_BOUND('',#15352,.T.);
#15354 = AXIS2_PLACEMENT_3D('',#15254,#2496,#7301);
#15355 = PLANE('',#15354);
#15356 = ADVANCED_FACE('',(#15353),#15355,.T.);
#15357 = CLOSED_SHELL('',(#15287,#15308,#15323,#15335,#15347,#15356));
#15358 = MANIFOLD_SOLID_BREP('GLASS_LID',#15357);
#15359 = CARTESIAN_POINT('',(-6.81,-0.763,-0.02));
#15360 = CARTESIAN_POINT('',(-4.95,-0.763,-0.02));
#15361 = CARTESIAN_POINT('',(-4.95,-0.253,-0.02));
#15362 = CARTESIAN_POINT('',(-6.81,-0.253,-0.02));
#15363 = CARTESIAN_POINT('',(-6.81,-0.763,0));
#15364 = CARTESIAN_POINT('',(-4.95,-0.763,0));
#15365 = CARTESIAN_POINT('',(-4.95,-0.253,0));
#15366 = CARTESIAN_POINT('',(-6.81,-0.253,0));
#15367 = VERTEX_POINT('',#15359);
#15368 = VERTEX_POINT('',#15360);
#15369 = VERTEX_POINT('',#15361);
#15370 = VERTEX_POINT('',#15362);
#15371 = VERTEX_POINT('',#15363);
#15372 = VERTEX_POINT('',#15364);
#15373 = VERTEX_POINT('',#15365);
#15374 = VERTEX_POINT('',#15366);
#15375 = VECTOR('',#2447,1.);
#15376 = LINE('',#15362,#15375);
#15377 = EDGE_CURVE('',#15370,#15369,#15376,.T.);
#15378 = ORIENTED_EDGE('',*,*,#15377,.T.);
#15379 = VECTOR('',#3067,1.);
#15380 = LINE('',#15361,#15379);
#15381 = EDGE_CURVE('',#15369,#15368,#15380,.T.);
#15382 = ORIENTED_EDGE('',*,*,#15381,.T.);
#15383 = VECTOR('',#2496,1.);
#15384 = LINE('',#15360,#15383);
#15385 = EDGE_CURVE('',#15368,#15367,#15384,.T.);
#15386 = ORIENTED_EDGE('',*,*,#15385,.T.);
#15387 = VECTOR('',#2442,1.);
#15388 = LINE('',#15359,#15387);
#15389 = EDGE_CURVE('',#15367,#15370,#15388,.T.);
#15390 = ORIENTED_EDGE('',*,*,#15389,.T.);
#15391 = EDGE_LOOP('',(#15378,#15382,#15386,#15390));
#15392 = FACE_OUTER_BOUND('',#15391,.T.);
#15393 = AXIS2_PLACEMENT_3D('',#15362,#4879,#2447);
#15394 = PLANE('',#15393);
#15395 = ADVANCED_FACE('',(#15392),#15394,.T.);
#15396 = VECTOR('',#2447,1.);
#15397 = LINE('',#15363,#15396);
#15398 = EDGE_CURVE('',#15371,#15372,#15397,.T.);
#15399 = ORIENTED_EDGE('',*,*,#15398,.T.);
#15400 = VECTOR('',#2442,1.);
#15401 = LINE('',#15364,#15400);
#15402 = EDGE_CURVE('',#15372,#15373,#15401,.T.);
#15403 = ORIENTED_EDGE('',*,*,#15402,.T.);
#15404 = VECTOR('',#2496,1.);
#15405 = LINE('',#15365,#15404);
#15406 = EDGE_CURVE('',#15373,#15374,#15405,.T.);
#15407 = ORIENTED_EDGE('',*,*,#15406,.T.);
#15408 = VECTOR('',#3067,1.);
#15409 = LINE('',#15366,#15408);
#15410 = EDGE_CURVE('',#15374,#15371,#15409,.T.);
#15411 = ORIENTED_EDGE('',*,*,#15410,.T.);
#15412 = EDGE_LOOP('',(#15399,#15403,#15407,#15411));
#15413 = FACE_OUTER_BOUND('',#15412,.T.);
#15414 = AXIS2_PLACEMENT_3D('',#15363,#7301,#2447);
#15415 = PLANE('',#15414);
#15416 = ADVANCED_FACE('',(#15413),#15415,.T.);
#15417 = ORIENTED_EDGE('',*,*,#15385,.F.);
#15418 = VECTOR('',#7301,1.);
#15419 = LINE('',#15360,#15418);
#15420 = EDGE_CURVE('',#15368,#15372,#15419,.T.);
#15421 = ORIENTED_EDGE('',*,*,#15420,.T.);
#15422 = ORIENTED_EDGE('',*,*,#15398,.F.);
#15423 = VECTOR('',#4879,1.);
#15424 = LINE('',#15363,#15423);
#15425 = EDGE_CURVE('',#15371,#15367,#15424,.T.);
#15426 = ORIENTED_EDGE('',*,*,#15425,.T.);
#15427 = EDGE_LOOP('',(#15417,#15421,#15422,#15426));
#15428 = FACE_OUTER_BOUND('',#15427,.T.);
#15429 = AXIS2_PLACEMENT_3D('',#15359,#3067,#7301);
#15430 = PLANE('',#15429);
#15431 = ADVANCED_FACE('',(#15428),#15430,.T.);
#15432 = ORIENTED_EDGE('',*,*,#15381,.F.);
#15433 = VECTOR('',#7301,1.);
#15434 = LINE('',#15361,#15433);
#15435 = EDGE_CURVE('',#15369,#15373,#15434,.T.);
#15436 = ORIENTED_EDGE('',*,*,#15435,.T.);
#15437 = ORIENTED_EDGE('',*,*,#15402,.F.);
#15438 = ORIENTED_EDGE('',*,*,#15420,.F.);
#15439 = EDGE_LOOP('',(#15432,#15436,#15437,#15438));
#15440 = FACE_OUTER_BOUND('',#15439,.T.);
#15441 = AXIS2_PLACEMENT_3D('',#15360,#2447,#7301);
#15442 = PLANE('',#15441);
#15443 = ADVANCED_FACE('',(#15440),#15442,.T.);
#15444 = ORIENTED_EDGE('',*,*,#15377,.F.);
#15445 = VECTOR('',#7301,1.);
#15446 = LINE('',#15362,#15445);
#15447 = EDGE_CURVE('',#15370,#15374,#15446,.T.);
#15448 = ORIENTED_EDGE('',*,*,#15447,.T.);
#15449 = ORIENTED_EDGE('',*,*,#15406,.F.);
#15450 = ORIENTED_EDGE('',*,*,#15435,.F.);
#15451 = EDGE_LOOP('',(#15444,#15448,#15449,#15450));
#15452 = FACE_OUTER_BOUND('',#15451,.T.);
#15453 = AXIS2_PLACEMENT_3D('',#15361,#2442,#7301);
#15454 = PLANE('',#15453);
#15455 = ADVANCED_FACE('',(#15452),#15454,.T.);
#15456 = ORIENTED_EDGE('',*,*,#15389,.F.);
#15457 = ORIENTED_EDGE('',*,*,#15425,.F.);
#15458 = ORIENTED_EDGE('',*,*,#15410,.F.);
#15459 = ORIENTED_EDGE('',*,*,#15447,.F.);
#15460 = EDGE_LOOP('',(#15456,#15457,#15458,#15459));
#15461 = FACE_OUTER_BOUND('',#15460,.T.);
#15462 = AXIS2_PLACEMENT_3D('',#15362,#2496,#7301);
#15463 = PLANE('',#15462);
#15464 = ADVANCED_FACE('',(#15461),#15463,.T.);
#15465 = CLOSED_SHELL('',(#15395,#15416,#15431,#15443,#15455,#15464));
#15466 = MANIFOLD_SOLID_BREP('PAD_01',#15465);
#15467 = CARTESIAN_POINT('',(-6.81,-1.779,-0.02));
#15468 = CARTESIAN_POINT('',(-6.09,-1.779,-0.02));
#15469 = CARTESIAN_POINT('',(-6.09,-1.269,-0.02));
#15470 = CARTESIAN_POINT('',(-6.81,-1.269,-0.02));
#15471 = CARTESIAN_POINT('',(-6.81,-1.779,0));
#15472 = CARTESIAN_POINT('',(-6.09,-1.779,0));
#15473 = CARTESIAN_POINT('',(-6.09,-1.269,0));
#15474 = CARTESIAN_POINT('',(-6.81,-1.269,0));
#15475 = VERTEX_POINT('',#15467);
#15476 = VERTEX_POINT('',#15468);
#15477 = VERTEX_POINT('',#15469);
#15478 = VERTEX_POINT('',#15470);
#15479 = VERTEX_POINT('',#15471);
#15480 = VERTEX_POINT('',#15472);
#15481 = VERTEX_POINT('',#15473);
#15482 = VERTEX_POINT('',#15474);
#15483 = VECTOR('',#2447,1.);
#15484 = LINE('',#15470,#15483);
#15485 = EDGE_CURVE('',#15478,#15477,#15484,.T.);
#15486 = ORIENTED_EDGE('',*,*,#15485,.T.);
#15487 = VECTOR('',#3067,1.);
#15488 = LINE('',#15469,#15487);
#15489 = EDGE_CURVE('',#15477,#15476,#15488,.T.);
#15490 = ORIENTED_EDGE('',*,*,#15489,.T.);
#15491 = VECTOR('',#2496,1.);
#15492 = LINE('',#15468,#15491);
#15493 = EDGE_CURVE('',#15476,#15475,#15492,.T.);
#15494 = ORIENTED_EDGE('',*,*,#15493,.T.);
#15495 = VECTOR('',#2442,1.);
#15496 = LINE('',#15467,#15495);
#15497 = EDGE_CURVE('',#15475,#15478,#15496,.T.);
#15498 = ORIENTED_EDGE('',*,*,#15497,.T.);
#15499 = EDGE_LOOP('',(#15486,#15490,#15494,#15498));
#15500 = FACE_OUTER_BOUND('',#15499,.T.);
#15501 = AXIS2_PLACEMENT_3D('',#15470,#4879,#2447);
#15502 = PLANE('',#15501);
#15503 = ADVANCED_FACE('',(#15500),#15502,.T.);
#15504 = VECTOR('',#2447,1.);
#15505 = LINE('',#15471,#15504);
#15506 = EDGE_CURVE('',#15479,#15480,#15505,.T.);
#15507 = ORIENTED_EDGE('',*,*,#15506,.T.);
#15508 = VECTOR('',#2442,1.);
#15509 = LINE('',#15472,#15508);
#15510 = EDGE_CURVE('',#15480,#15481,#15509,.T.);
#15511 = ORIENTED_EDGE('',*,*,#15510,.T.);
#15512 = VECTOR('',#2496,1.);
#15513 = LINE('',#15473,#15512);
#15514 = EDGE_CURVE('',#15481,#15482,#15513,.T.);
#15515 = ORIENTED_EDGE('',*,*,#15514,.T.);
#15516 = VECTOR('',#3067,1.);
#15517 = LINE('',#15474,#15516);
#15518 = EDGE_CURVE('',#15482,#15479,#15517,.T.);
#15519 = ORIENTED_EDGE('',*,*,#15518,.T.);
#15520 = EDGE_LOOP('',(#15507,#15511,#15515,#15519));
#15521 = FACE_OUTER_BOUND('',#15520,.T.);
#15522 = AXIS2_PLACEMENT_3D('',#15471,#7301,#2447);
#15523 = PLANE('',#15522);
#15524 = ADVANCED_FACE('',(#15521),#15523,.T.);
#15525 = ORIENTED_EDGE('',*,*,#15493,.F.);
#15526 = VECTOR('',#7301,1.);
#15527 = LINE('',#15468,#15526);
#15528 = EDGE_CURVE('',#15476,#15480,#15527,.T.);
#15529 = ORIENTED_EDGE('',*,*,#15528,.T.);
#15530 = ORIENTED_EDGE('',*,*,#15506,.F.);
#15531 = VECTOR('',#4879,1.);
#15532 = LINE('',#15471,#15531);
#15533 = EDGE_CURVE('',#15479,#15475,#15532,.T.);
#15534 = ORIENTED_EDGE('',*,*,#15533,.T.);
#15535 = EDGE_LOOP('',(#15525,#15529,#15530,#15534));
#15536 = FACE_OUTER_BOUND('',#15535,.T.);
#15537 = AXIS2_PLACEMENT_3D('',#15467,#3067,#7301);
#15538 = PLANE('',#15537);
#15539 = ADVANCED_FACE('',(#15536),#15538,.T.);
#15540 = ORIENTED_EDGE('',*,*,#15489,.F.);
#15541 = VECTOR('',#7301,1.);
#15542 = LINE('',#15469,#15541);
#15543 = EDGE_CURVE('',#15477,#15481,#15542,.T.);
#15544 = ORIENTED_EDGE('',*,*,#15543,.T.);
#15545 = ORIENTED_EDGE('',*,*,#15510,.F.);
#15546 = ORIENTED_EDGE('',*,*,#15528,.F.);
#15547 = EDGE_LOOP('',(#15540,#15544,#15545,#15546));
#15548 = FACE_OUTER_BOUND('',#15547,.T.);
#15549 = AXIS2_PLACEMENT_3D('',#15468,#2447,#7301);
#15550 = PLANE('',#15549);
#15551 = ADVANCED_FACE('',(#15548),#15550,.T.);
#15552 = ORIENTED_EDGE('',*,*,#15485,.F.);
#15553 = VECTOR('',#7301,1.);
#15554 = LINE('',#15470,#15553);
#15555 = EDGE_CURVE('',#15478,#15482,#15554,.T.);
#15556 = ORIENTED_EDGE('',*,*,#15555,.T.);
#15557 = ORIENTED_EDGE('',*,*,#15514,.F.);
#15558 = ORIENTED_EDGE('',*,*,#15543,.F.);
#15559 = EDGE_LOOP('',(#15552,#15556,#15557,#15558));
#15560 = FACE_OUTER_BOUND('',#15559,.T.);
#15561 = AXIS2_PLACEMENT_3D('',#15469,#2442,#7301);
#15562 = PLANE('',#15561);
#15563 = ADVANCED_FACE('',(#15560),#15562,.T.);
#15564 = ORIENTED_EDGE('',*,*,#15497,.F.);
#15565 = ORIENTED_EDGE('',*,*,#15533,.F.);
#15566 = ORIENTED_EDGE('',*,*,#15518,.F.);
#15567 = ORIENTED_EDGE('',*,*,#15555,.F.);
#15568 = EDGE_LOOP('',(#15564,#15565,#15566,#15567));
#15569 = FACE_OUTER_BOUND('',#15568,.T.);
#15570 = AXIS2_PLACEMENT_3D('',#15470,#2496,#7301);
#15571 = PLANE('',#15570);
#15572 = ADVANCED_FACE('',(#15569),#15571,.T.);
#15573 = CLOSED_SHELL('',(#15503,#15524,#15539,#15551,#15563,#15572));
#15574 = MANIFOLD_SOLID_BREP('PAD_02',#15573);
#15575 = CARTESIAN_POINT('',(-6.81,-2.795,-0.02));
#15576 = CARTESIAN_POINT('',(-6.09,-2.795,-0.02));
#15577 = CARTESIAN_POINT('',(-6.09,-2.285,-0.02));
#15578 = CARTESIAN_POINT('',(-6.81,-2.285,-0.02));
#15579 = CARTESIAN_POINT('',(-6.81,-2.795,0));
#15580 = CARTESIAN_POINT('',(-6.09,-2.795,0));
#15581 = CARTESIAN_POINT('',(-6.09,-2.285,0));
#15582 = CARTESIAN_POINT('',(-6.81,-2.285,0));
#15583 = VERTEX_POINT('',#15575);
#15584 = VERTEX_POINT('',#15576);
#15585 = VERTEX_POINT('',#15577);
#15586 = VERTEX_POINT('',#15578);
#15587 = VERTEX_POINT('',#15579);
#15588 = VERTEX_POINT('',#15580);
#15589 = VERTEX_POINT('',#15581);
#15590 = VERTEX_POINT('',#15582);
#15591 = VECTOR('',#2447,1.);
#15592 = LINE('',#15578,#15591);
#15593 = EDGE_CURVE('',#15586,#15585,#15592,.T.);
#15594 = ORIENTED_EDGE('',*,*,#15593,.T.);
#15595 = VECTOR('',#3067,1.);
#15596 = LINE('',#15577,#15595);
#15597 = EDGE_CURVE('',#15585,#15584,#15596,.T.);
#15598 = ORIENTED_EDGE('',*,*,#15597,.T.);
#15599 = VECTOR('',#2496,1.);
#15600 = LINE('',#15576,#15599);
#15601 = EDGE_CURVE('',#15584,#15583,#15600,.T.);
#15602 = ORIENTED_EDGE('',*,*,#15601,.T.);
#15603 = VECTOR('',#2442,1.);
#15604 = LINE('',#15575,#15603);
#15605 = EDGE_CURVE('',#15583,#15586,#15604,.T.);
#15606 = ORIENTED_EDGE('',*,*,#15605,.T.);
#15607 = EDGE_LOOP('',(#15594,#15598,#15602,#15606));
#15608 = FACE_OUTER_BOUND('',#15607,.T.);
#15609 = AXIS2_PLACEMENT_3D('',#15578,#4879,#2447);
#15610 = PLANE('',#15609);
#15611 = ADVANCED_FACE('',(#15608),#15610,.T.);
#15612 = VECTOR('',#2447,1.);
#15613 = LINE('',#15579,#15612);
#15614 = EDGE_CURVE('',#15587,#15588,#15613,.T.);
#15615 = ORIENTED_EDGE('',*,*,#15614,.T.);
#15616 = VECTOR('',#2442,1.);
#15617 = LINE('',#15580,#15616);
#15618 = EDGE_CURVE('',#15588,#15589,#15617,.T.);
#15619 = ORIENTED_EDGE('',*,*,#15618,.T.);
#15620 = VECTOR('',#2496,1.);
#15621 = LINE('',#15581,#15620);
#15622 = EDGE_CURVE('',#15589,#15590,#15621,.T.);
#15623 = ORIENTED_EDGE('',*,*,#15622,.T.);
#15624 = VECTOR('',#3067,1.);
#15625 = LINE('',#15582,#15624);
#15626 = EDGE_CURVE('',#15590,#15587,#15625,.T.);
#15627 = ORIENTED_EDGE('',*,*,#15626,.T.);
#15628 = EDGE_LOOP('',(#15615,#15619,#15623,#15627));
#15629 = FACE_OUTER_BOUND('',#15628,.T.);
#15630 = AXIS2_PLACEMENT_3D('',#15579,#7301,#2447);
#15631 = PLANE('',#15630);
#15632 = ADVANCED_FACE('',(#15629),#15631,.T.);
#15633 = ORIENTED_EDGE('',*,*,#15601,.F.);
#15634 = VECTOR('',#7301,1.);
#15635 = LINE('',#15576,#15634);
#15636 = EDGE_CURVE('',#15584,#15588,#15635,.T.);
#15637 = ORIENTED_EDGE('',*,*,#15636,.T.);
#15638 = ORIENTED_EDGE('',*,*,#15614,.F.);
#15639 = VECTOR('',#4879,1.);
#15640 = LINE('',#15579,#15639);
#15641 = EDGE_CURVE('',#15587,#15583,#15640,.T.);
#15642 = ORIENTED_EDGE('',*,*,#15641,.T.);
#15643 = EDGE_LOOP('',(#15633,#15637,#15638,#15642));
#15644 = FACE_OUTER_BOUND('',#15643,.T.);
#15645 = AXIS2_PLACEMENT_3D('',#15575,#3067,#7301);
#15646 = PLANE('',#15645);
#15647 = ADVANCED_FACE('',(#15644),#15646,.T.);
#15648 = ORIENTED_EDGE('',*,*,#15597,.F.);
#15649 = VECTOR('',#7301,1.);
#15650 = LINE('',#15577,#15649);
#15651 = EDGE_CURVE('',#15585,#15589,#15650,.T.);
#15652 = ORIENTED_EDGE('',*,*,#15651,.T.);
#15653 = ORIENTED_EDGE('',*,*,#15618,.F.);
#15654 = ORIENTED_EDGE('',*,*,#15636,.F.);
#15655 = EDGE_LOOP('',(#15648,#15652,#15653,#15654));
#15656 = FACE_OUTER_BOUND('',#15655,.T.);
#15657 = AXIS2_PLACEMENT_3D('',#15576,#2447,#7301);
#15658 = PLANE('',#15657);
#15659 = ADVANCED_FACE('',(#15656),#15658,.T.);
#15660 = ORIENTED_EDGE('',*,*,#15593,.F.);
#15661 = VECTOR('',#7301,1.);
#15662 = LINE('',#15578,#15661);
#15663 = EDGE_CURVE('',#15586,#15590,#15662,.T.);
#15664 = ORIENTED_EDGE('',*,*,#15663,.T.);
#15665 = ORIENTED_EDGE('',*,*,#15622,.F.);
#15666 = ORIENTED_EDGE('',*,*,#15651,.F.);
#15667 = EDGE_LOOP('',(#15660,#15664,#15665,#15666));
#15668 = FACE_OUTER_BOUND('',#15667,.T.);
#15669 = AXIS2_PLACEMENT_3D('',#15577,#2442,#7301);
#15670 = PLANE('',#15669);
#15671 = ADVANCED_FACE('',(#15668),#15670,.T.);
#15672 = ORIENTED_EDGE('',*,*,#15605,.F.);
#15673 = ORIENTED_EDGE('',*,*,#15641,.F.);
#15674 = ORIENTED_EDGE('',*,*,#15626,.F.);
#15675 = ORIENTED_EDGE('',*,*,#15663,.F.);
#15676 = EDGE_LOOP('',(#15672,#15673,#15674,#15675));
#15677 = FACE_OUTER_BOUND('',#15676,.T.);
#15678 = AXIS2_PLACEMENT_3D('',#15578,#2496,#7301);
#15679 = PLANE('',#15678);
#15680 = ADVANCED_FACE('',(#15677),#15679,.T.);
#15681 = CLOSED_SHELL('',(#15611,#15632,#15647,#15659,#15671,#15680));
#15682 = MANIFOLD_SOLID_BREP('PAD_03',#15681);
#15683 = CARTESIAN_POINT('',(-6.81,-3.811,-0.02));
#15684 = CARTESIAN_POINT('',(-6.09,-3.811,-0.02));
#15685 = CARTESIAN_POINT('',(-6.09,-3.301,-0.02));
#15686 = CARTESIAN_POINT('',(-6.81,-3.301,-0.02));
#15687 = CARTESIAN_POINT('',(-6.81,-3.811,0));
#15688 = CARTESIAN_POINT('',(-6.09,-3.811,0));
#15689 = CARTESIAN_POINT('',(-6.09,-3.301,0));
#15690 = CARTESIAN_POINT('',(-6.81,-3.301,0));
#15691 = VERTEX_POINT('',#15683);
#15692 = VERTEX_POINT('',#15684);
#15693 = VERTEX_POINT('',#15685);
#15694 = VERTEX_POINT('',#15686);
#15695 = VERTEX_POINT('',#15687);
#15696 = VERTEX_POINT('',#15688);
#15697 = VERTEX_POINT('',#15689);
#15698 = VERTEX_POINT('',#15690);
#15699 = VECTOR('',#2447,1.);
#15700 = LINE('',#15686,#15699);
#15701 = EDGE_CURVE('',#15694,#15693,#15700,.T.);
#15702 = ORIENTED_EDGE('',*,*,#15701,.T.);
#15703 = VECTOR('',#3067,1.);
#15704 = LINE('',#15685,#15703);
#15705 = EDGE_CURVE('',#15693,#15692,#15704,.T.);
#15706 = ORIENTED_EDGE('',*,*,#15705,.T.);
#15707 = VECTOR('',#2496,1.);
#15708 = LINE('',#15684,#15707);
#15709 = EDGE_CURVE('',#15692,#15691,#15708,.T.);
#15710 = ORIENTED_EDGE('',*,*,#15709,.T.);
#15711 = VECTOR('',#2442,1.);
#15712 = LINE('',#15683,#15711);
#15713 = EDGE_CURVE('',#15691,#15694,#15712,.T.);
#15714 = ORIENTED_EDGE('',*,*,#15713,.T.);
#15715 = EDGE_LOOP('',(#15702,#15706,#15710,#15714));
#15716 = FACE_OUTER_BOUND('',#15715,.T.);
#15717 = AXIS2_PLACEMENT_3D('',#15686,#4879,#2447);
#15718 = PLANE('',#15717);
#15719 = ADVANCED_FACE('',(#15716),#15718,.T.);
#15720 = VECTOR('',#2447,1.);
#15721 = LINE('',#15687,#15720);
#15722 = EDGE_CURVE('',#15695,#15696,#15721,.T.);
#15723 = ORIENTED_EDGE('',*,*,#15722,.T.);
#15724 = VECTOR('',#2442,1.);
#15725 = LINE('',#15688,#15724);
#15726 = EDGE_CURVE('',#15696,#15697,#15725,.T.);
#15727 = ORIENTED_EDGE('',*,*,#15726,.T.);
#15728 = VECTOR('',#2496,1.);
#15729 = LINE('',#15689,#15728);
#15730 = EDGE_CURVE('',#15697,#15698,#15729,.T.);
#15731 = ORIENTED_EDGE('',*,*,#15730,.T.);
#15732 = VECTOR('',#3067,1.);
#15733 = LINE('',#15690,#15732);
#15734 = EDGE_CURVE('',#15698,#15695,#15733,.T.);
#15735 = ORIENTED_EDGE('',*,*,#15734,.T.);
#15736 = EDGE_LOOP('',(#15723,#15727,#15731,#15735));
#15737 = FACE_OUTER_BOUND('',#15736,.T.);
#15738 = AXIS2_PLACEMENT_3D('',#15687,#7301,#2447);
#15739 = PLANE('',#15738);
#15740 = ADVANCED_FACE('',(#15737),#15739,.T.);
#15741 = ORIENTED_EDGE('',*,*,#15709,.F.);
#15742 = VECTOR('',#7301,1.);
#15743 = LINE('',#15684,#15742);
#15744 = EDGE_CURVE('',#15692,#15696,#15743,.T.);
#15745 = ORIENTED_EDGE('',*,*,#15744,.T.);
#15746 = ORIENTED_EDGE('',*,*,#15722,.F.);
#15747 = VECTOR('',#4879,1.);
#15748 = LINE('',#15687,#15747);
#15749 = EDGE_CURVE('',#15695,#15691,#15748,.T.);
#15750 = ORIENTED_EDGE('',*,*,#15749,.T.);
#15751 = EDGE_LOOP('',(#15741,#15745,#15746,#15750));
#15752 = FACE_OUTER_BOUND('',#15751,.T.);
#15753 = AXIS2_PLACEMENT_3D('',#15683,#3067,#7301);
#15754 = PLANE('',#15753);
#15755 = ADVANCED_FACE('',(#15752),#15754,.T.);
#15756 = ORIENTED_EDGE('',*,*,#15705,.F.);
#15757 = VECTOR('',#7301,1.);
#15758 = LINE('',#15685,#15757);
#15759 = EDGE_CURVE('',#15693,#15697,#15758,.T.);
#15760 = ORIENTED_EDGE('',*,*,#15759,.T.);
#15761 = ORIENTED_EDGE('',*,*,#15726,.F.);
#15762 = ORIENTED_EDGE('',*,*,#15744,.F.);
#15763 = EDGE_LOOP('',(#15756,#15760,#15761,#15762));
#15764 = FACE_OUTER_BOUND('',#15763,.T.);
#15765 = AXIS2_PLACEMENT_3D('',#15684,#2447,#7301);
#15766 = PLANE('',#15765);
#15767 = ADVANCED_FACE('',(#15764),#15766,.T.);
#15768 = ORIENTED_EDGE('',*,*,#15701,.F.);
#15769 = VECTOR('',#7301,1.);
#15770 = LINE('',#15686,#15769);
#15771 = EDGE_CURVE('',#15694,#15698,#15770,.T.);
#15772 = ORIENTED_EDGE('',*,*,#15771,.T.);
#15773 = ORIENTED_EDGE('',*,*,#15730,.F.);
#15774 = ORIENTED_EDGE('',*,*,#15759,.F.);
#15775 = EDGE_LOOP('',(#15768,#15772,#15773,#15774));
#15776 = FACE_OUTER_BOUND('',#15775,.T.);
#15777 = AXIS2_PLACEMENT_3D('',#15685,#2442,#7301);
#15778 = PLANE('',#15777);
#15779 = ADVANCED_FACE('',(#15776),#15778,.T.);
#15780 = ORIENTED_EDGE('',*,*,#15713,.F.);
#15781 = ORIENTED_EDGE('',*,*,#15749,.F.);
#15782 = ORIENTED_EDGE('',*,*,#15734,.F.);
#15783 = ORIENTED_EDGE('',*,*,#15771,.F.);
#15784 = EDGE_LOOP('',(#15780,#15781,#15782,#15783));
#15785 = FACE_OUTER_BOUND('',#15784,.T.);
#15786 = AXIS2_PLACEMENT_3D('',#15686,#2496,#7301);
#15787 = PLANE('',#15786);
#15788 = ADVANCED_FACE('',(#15785),#15787,.T.);
#15789 = CLOSED_SHELL('',(#15719,#15740,#15755,#15767,#15779,#15788));
#15790 = MANIFOLD_SOLID_BREP('PAD_04',#15789);
#15791 = CARTESIAN_POINT('',(-6.81,-4.827,-0.02));
#15792 = CARTESIAN_POINT('',(-6.09,-4.827,-0.02));
#15793 = CARTESIAN_POINT('',(-6.09,-4.317,-0.02));
#15794 = CARTESIAN_POINT('',(-6.81,-4.317,-0.02));
#15795 = CARTESIAN_POINT('',(-6.81,-4.827,0));
#15796 = CARTESIAN_POINT('',(-6.09,-4.827,0));
#15797 = CARTESIAN_POINT('',(-6.09,-4.317,0));
#15798 = CARTESIAN_POINT('',(-6.81,-4.317,0));
#15799 = VERTEX_POINT('',#15791);
#15800 = VERTEX_POINT('',#15792);
#15801 = VERTEX_POINT('',#15793);
#15802 = VERTEX_POINT('',#15794);
#15803 = VERTEX_POINT('',#15795);
#15804 = VERTEX_POINT('',#15796);
#15805 = VERTEX_POINT('',#15797);
#15806 = VERTEX_POINT('',#15798);
#15807 = VECTOR('',#2447,1.);
#15808 = LINE('',#15794,#15807);
#15809 = EDGE_CURVE('',#15802,#15801,#15808,.T.);
#15810 = ORIENTED_EDGE('',*,*,#15809,.T.);
#15811 = VECTOR('',#3067,1.);
#15812 = LINE('',#15793,#15811);
#15813 = EDGE_CURVE('',#15801,#15800,#15812,.T.);
#15814 = ORIENTED_EDGE('',*,*,#15813,.T.);
#15815 = VECTOR('',#2496,1.);
#15816 = LINE('',#15792,#15815);
#15817 = EDGE_CURVE('',#15800,#15799,#15816,.T.);
#15818 = ORIENTED_EDGE('',*,*,#15817,.T.);
#15819 = VECTOR('',#2442,1.);
#15820 = LINE('',#15791,#15819);
#15821 = EDGE_CURVE('',#15799,#15802,#15820,.T.);
#15822 = ORIENTED_EDGE('',*,*,#15821,.T.);
#15823 = EDGE_LOOP('',(#15810,#15814,#15818,#15822));
#15824 = FACE_OUTER_BOUND('',#15823,.T.);
#15825 = AXIS2_PLACEMENT_3D('',#15794,#4879,#2447);
#15826 = PLANE('',#15825);
#15827 = ADVANCED_FACE('',(#15824),#15826,.T.);
#15828 = VECTOR('',#2447,1.);
#15829 = LINE('',#15795,#15828);
#15830 = EDGE_CURVE('',#15803,#15804,#15829,.T.);
#15831 = ORIENTED_EDGE('',*,*,#15830,.T.);
#15832 = VECTOR('',#2442,1.);
#15833 = LINE('',#15796,#15832);
#15834 = EDGE_CURVE('',#15804,#15805,#15833,.T.);
#15835 = ORIENTED_EDGE('',*,*,#15834,.T.);
#15836 = VECTOR('',#2496,1.);
#15837 = LINE('',#15797,#15836);
#15838 = EDGE_CURVE('',#15805,#15806,#15837,.T.);
#15839 = ORIENTED_EDGE('',*,*,#15838,.T.);
#15840 = VECTOR('',#3067,1.);
#15841 = LINE('',#15798,#15840);
#15842 = EDGE_CURVE('',#15806,#15803,#15841,.T.);
#15843 = ORIENTED_EDGE('',*,*,#15842,.T.);
#15844 = EDGE_LOOP('',(#15831,#15835,#15839,#15843));
#15845 = FACE_OUTER_BOUND('',#15844,.T.);
#15846 = AXIS2_PLACEMENT_3D('',#15795,#7301,#2447);
#15847 = PLANE('',#15846);
#15848 = ADVANCED_FACE('',(#15845),#15847,.T.);
#15849 = ORIENTED_EDGE('',*,*,#15817,.F.);
#15850 = VECTOR('',#7301,1.);
#15851 = LINE('',#15792,#15850);
#15852 = EDGE_CURVE('',#15800,#15804,#15851,.T.);
#15853 = ORIENTED_EDGE('',*,*,#15852,.T.);
#15854 = ORIENTED_EDGE('',*,*,#15830,.F.);
#15855 = VECTOR('',#4879,1.);
#15856 = LINE('',#15795,#15855);
#15857 = EDGE_CURVE('',#15803,#15799,#15856,.T.);
#15858 = ORIENTED_EDGE('',*,*,#15857,.T.);
#15859 = EDGE_LOOP('',(#15849,#15853,#15854,#15858));
#15860 = FACE_OUTER_BOUND('',#15859,.T.);
#15861 = AXIS2_PLACEMENT_3D('',#15791,#3067,#7301);
#15862 = PLANE('',#15861);
#15863 = ADVANCED_FACE('',(#15860),#15862,.T.);
#15864 = ORIENTED_EDGE('',*,*,#15813,.F.);
#15865 = VECTOR('',#7301,1.);
#15866 = LINE('',#15793,#15865);
#15867 = EDGE_CURVE('',#15801,#15805,#15866,.T.);
#15868 = ORIENTED_EDGE('',*,*,#15867,.T.);
#15869 = ORIENTED_EDGE('',*,*,#15834,.F.);
#15870 = ORIENTED_EDGE('',*,*,#15852,.F.);
#15871 = EDGE_LOOP('',(#15864,#15868,#15869,#15870));
#15872 = FACE_OUTER_BOUND('',#15871,.T.);
#15873 = AXIS2_PLACEMENT_3D('',#15792,#2447,#7301);
#15874 = PLANE('',#15873);
#15875 = ADVANCED_FACE('',(#15872),#15874,.T.);
#15876 = ORIENTED_EDGE('',*,*,#15809,.F.);
#15877 = VECTOR('',#7301,1.);
#15878 = LINE('',#15794,#15877);
#15879 = EDGE_CURVE('',#15802,#15806,#15878,.T.);
#15880 = ORIENTED_EDGE('',*,*,#15879,.T.);
#15881 = ORIENTED_EDGE('',*,*,#15838,.F.);
#15882 = ORIENTED_EDGE('',*,*,#15867,.F.);
#15883 = EDGE_LOOP('',(#15876,#15880,#15881,#15882));
#15884 = FACE_OUTER_BOUND('',#15883,.T.);
#15885 = AXIS2_PLACEMENT_3D('',#15793,#2442,#7301);
#15886 = PLANE('',#15885);
#15887 = ADVANCED_FACE('',(#15884),#15886,.T.);
#15888 = ORIENTED_EDGE('',*,*,#15821,.F.);
#15889 = ORIENTED_EDGE('',*,*,#15857,.F.);
#15890 = ORIENTED_EDGE('',*,*,#15842,.F.);
#15891 = ORIENTED_EDGE('',*,*,#15879,.F.);
#15892 = EDGE_LOOP('',(#15888,#15889,#15890,#15891));
#15893 = FACE_OUTER_BOUND('',#15892,.T.);
#15894 = AXIS2_PLACEMENT_3D('',#15794,#2496,#7301);
#15895 = PLANE('',#15894);
#15896 = ADVANCED_FACE('',(#15893),#15895,.T.);
#15897 = CLOSED_SHELL('',(#15827,#15848,#15863,#15875,#15887,#15896));
#15898 = MANIFOLD_SOLID_BREP('PAD_05',#15897);
#15899 = CARTESIAN_POINT('',(-6.81,-5.843,-0.02));
#15900 = CARTESIAN_POINT('',(-6.09,-5.843,-0.02));
#15901 = CARTESIAN_POINT('',(-6.09,-5.333,-0.02));
#15902 = CARTESIAN_POINT('',(-6.81,-5.333,-0.02));
#15903 = CARTESIAN_POINT('',(-6.81,-5.843,0));
#15904 = CARTESIAN_POINT('',(-6.09,-5.843,0));
#15905 = CARTESIAN_POINT('',(-6.09,-5.333,0));
#15906 = CARTESIAN_POINT('',(-6.81,-5.333,0));
#15907 = VERTEX_POINT('',#15899);
#15908 = VERTEX_POINT('',#15900);
#15909 = VERTEX_POINT('',#15901);
#15910 = VERTEX_POINT('',#15902);
#15911 = VERTEX_POINT('',#15903);
#15912 = VERTEX_POINT('',#15904);
#15913 = VERTEX_POINT('',#15905);
#15914 = VERTEX_POINT('',#15906);
#15915 = VECTOR('',#2447,1.);
#15916 = LINE('',#15902,#15915);
#15917 = EDGE_CURVE('',#15910,#15909,#15916,.T.);
#15918 = ORIENTED_EDGE('',*,*,#15917,.T.);
#15919 = VECTOR('',#3067,1.);
#15920 = LINE('',#15901,#15919);
#15921 = EDGE_CURVE('',#15909,#15908,#15920,.T.);
#15922 = ORIENTED_EDGE('',*,*,#15921,.T.);
#15923 = VECTOR('',#2496,1.);
#15924 = LINE('',#15900,#15923);
#15925 = EDGE_CURVE('',#15908,#15907,#15924,.T.);
#15926 = ORIENTED_EDGE('',*,*,#15925,.T.);
#15927 = VECTOR('',#2442,1.);
#15928 = LINE('',#15899,#15927);
#15929 = EDGE_CURVE('',#15907,#15910,#15928,.T.);
#15930 = ORIENTED_EDGE('',*,*,#15929,.T.);
#15931 = EDGE_LOOP('',(#15918,#15922,#15926,#15930));
#15932 = FACE_OUTER_BOUND('',#15931,.T.);
#15933 = AXIS2_PLACEMENT_3D('',#15902,#4879,#2447);
#15934 = PLANE('',#15933);
#15935 = ADVANCED_FACE('',(#15932),#15934,.T.);
#15936 = VECTOR('',#2447,1.);
#15937 = LINE('',#15903,#15936);
#15938 = EDGE_CURVE('',#15911,#15912,#15937,.T.);
#15939 = ORIENTED_EDGE('',*,*,#15938,.T.);
#15940 = VECTOR('',#2442,1.);
#15941 = LINE('',#15904,#15940);
#15942 = EDGE_CURVE('',#15912,#15913,#15941,.T.);
#15943 = ORIENTED_EDGE('',*,*,#15942,.T.);
#15944 = VECTOR('',#2496,1.);
#15945 = LINE('',#15905,#15944);
#15946 = EDGE_CURVE('',#15913,#15914,#15945,.T.);
#15947 = ORIENTED_EDGE('',*,*,#15946,.T.);
#15948 = VECTOR('',#3067,1.);
#15949 = LINE('',#15906,#15948);
#15950 = EDGE_CURVE('',#15914,#15911,#15949,.T.);
#15951 = ORIENTED_EDGE('',*,*,#15950,.T.);
#15952 = EDGE_LOOP('',(#15939,#15943,#15947,#15951));
#15953 = FACE_OUTER_BOUND('',#15952,.T.);
#15954 = AXIS2_PLACEMENT_3D('',#15903,#7301,#2447);
#15955 = PLANE('',#15954);
#15956 = ADVANCED_FACE('',(#15953),#15955,.T.);
#15957 = ORIENTED_EDGE('',*,*,#15925,.F.);
#15958 = VECTOR('',#7301,1.);
#15959 = LINE('',#15900,#15958);
#15960 = EDGE_CURVE('',#15908,#15912,#15959,.T.);
#15961 = ORIENTED_EDGE('',*,*,#15960,.T.);
#15962 = ORIENTED_EDGE('',*,*,#15938,.F.);
#15963 = VECTOR('',#4879,1.);
#15964 = LINE('',#15903,#15963);
#15965 = EDGE_CURVE('',#15911,#15907,#15964,.T.);
#15966 = ORIENTED_EDGE('',*,*,#15965,.T.);
#15967 = EDGE_LOOP('',(#15957,#15961,#15962,#15966));
#15968 = FACE_OUTER_BOUND('',#15967,.T.);
#15969 = AXIS2_PLACEMENT_3D('',#15899,#3067,#7301);
#15970 = PLANE('',#15969);
#15971 = ADVANCED_FACE('',(#15968),#15970,.T.);
#15972 = ORIENTED_EDGE('',*,*,#15921,.F.);
#15973 = VECTOR('',#7301,1.);
#15974 = LINE('',#15901,#15973);
#15975 = EDGE_CURVE('',#15909,#15913,#15974,.T.);
#15976 = ORIENTED_EDGE('',*,*,#15975,.T.);
#15977 = ORIENTED_EDGE('',*,*,#15942,.F.);
#15978 = ORIENTED_EDGE('',*,*,#15960,.F.);
#15979 = EDGE_LOOP('',(#15972,#15976,#15977,#15978));
#15980 = FACE_OUTER_BOUND('',#15979,.T.);
#15981 = AXIS2_PLACEMENT_3D('',#15900,#2447,#7301);
#15982 = PLANE('',#15981);
#15983 = ADVANCED_FACE('',(#15980),#15982,.T.);
#15984 = ORIENTED_EDGE('',*,*,#15917,.F.);
#15985 = VECTOR('',#7301,1.);
#15986 = LINE('',#15902,#15985);
#15987 = EDGE_CURVE('',#15910,#15914,#15986,.T.);
#15988 = ORIENTED_EDGE('',*,*,#15987,.T.);
#15989 = ORIENTED_EDGE('',*,*,#15946,.F.);
#15990 = ORIENTED_EDGE('',*,*,#15975,.F.);
#15991 = EDGE_LOOP('',(#15984,#15988,#15989,#15990));
#15992 = FACE_OUTER_BOUND('',#15991,.T.);
#15993 = AXIS2_PLACEMENT_3D('',#15901,#2442,#7301);
#15994 = PLANE('',#15993);
#15995 = ADVANCED_FACE('',(#15992),#15994,.T.);
#15996 = ORIENTED_EDGE('',*,*,#15929,.F.);
#15997 = ORIENTED_EDGE('',*,*,#15965,.F.);
#15998 = ORIENTED_EDGE('',*,*,#15950,.F.);
#15999 = ORIENTED_EDGE('',*,*,#15987,.F.);
#16000 = EDGE_LOOP('',(#15996,#15997,#15998,#15999));
#16001 = FACE_OUTER_BOUND('',#16000,.T.);
#16002 = AXIS2_PLACEMENT_3D('',#15902,#2496,#7301);
#16003 = PLANE('',#16002);
#16004 = ADVANCED_FACE('',(#16001),#16003,.T.);
#16005 = CLOSED_SHELL('',(#15935,#15956,#15971,#15983,#15995,#16004));
#16006 = MANIFOLD_SOLID_BREP('PAD_06',#16005);
#16007 = CARTESIAN_POINT('',(-5.843,-6.81,-0.02));
#16008 = CARTESIAN_POINT('',(-5.333,-6.81,-0.02));
#16009 = CARTESIAN_POINT('',(-5.333,-6.09,-0.02));
#16010 = CARTESIAN_POINT('',(-5.843,-6.09,-0.02));
#16011 = CARTESIAN_POINT('',(-5.843,-6.81,0));
#16012 = CARTESIAN_POINT('',(-5.333,-6.81,0));
#16013 = CARTESIAN_POINT('',(-5.333,-6.09,0));
#16014 = CARTESIAN_POINT('',(-5.843,-6.09,0));
#16015 = VERTEX_POINT('',#16007);
#16016 = VERTEX_POINT('',#16008);
#16017 = VERTEX_POINT('',#16009);
#16018 = VERTEX_POINT('',#16010);
#16019 = VERTEX_POINT('',#16011);
#16020 = VERTEX_POINT('',#16012);
#16021 = VERTEX_POINT('',#16013);
#16022 = VERTEX_POINT('',#16014);
#16023 = VECTOR('',#2447,1.);
#16024 = LINE('',#16010,#16023);
#16025 = EDGE_CURVE('',#16018,#16017,#16024,.T.);
#16026 = ORIENTED_EDGE('',*,*,#16025,.T.);
#16027 = VECTOR('',#3067,1.);
#16028 = LINE('',#16009,#16027);
#16029 = EDGE_CURVE('',#16017,#16016,#16028,.T.);
#16030 = ORIENTED_EDGE('',*,*,#16029,.T.);
#16031 = VECTOR('',#2496,1.);
#16032 = LINE('',#16008,#16031);
#16033 = EDGE_CURVE('',#16016,#16015,#16032,.T.);
#16034 = ORIENTED_EDGE('',*,*,#16033,.T.);
#16035 = VECTOR('',#2442,1.);
#16036 = LINE('',#16007,#16035);
#16037 = EDGE_CURVE('',#16015,#16018,#16036,.T.);
#16038 = ORIENTED_EDGE('',*,*,#16037,.T.);
#16039 = EDGE_LOOP('',(#16026,#16030,#16034,#16038));
#16040 = FACE_OUTER_BOUND('',#16039,.T.);
#16041 = AXIS2_PLACEMENT_3D('',#16010,#4879,#2447);
#16042 = PLANE('',#16041);
#16043 = ADVANCED_FACE('',(#16040),#16042,.T.);
#16044 = VECTOR('',#2447,1.);
#16045 = LINE('',#16011,#16044);
#16046 = EDGE_CURVE('',#16019,#16020,#16045,.T.);
#16047 = ORIENTED_EDGE('',*,*,#16046,.T.);
#16048 = VECTOR('',#2442,1.);
#16049 = LINE('',#16012,#16048);
#16050 = EDGE_CURVE('',#16020,#16021,#16049,.T.);
#16051 = ORIENTED_EDGE('',*,*,#16050,.T.);
#16052 = VECTOR('',#2496,1.);
#16053 = LINE('',#16013,#16052);
#16054 = EDGE_CURVE('',#16021,#16022,#16053,.T.);
#16055 = ORIENTED_EDGE('',*,*,#16054,.T.);
#16056 = VECTOR('',#3067,1.);
#16057 = LINE('',#16014,#16056);
#16058 = EDGE_CURVE('',#16022,#16019,#16057,.T.);
#16059 = ORIENTED_EDGE('',*,*,#16058,.T.);
#16060 = EDGE_LOOP('',(#16047,#16051,#16055,#16059));
#16061 = FACE_OUTER_BOUND('',#16060,.T.);
#16062 = AXIS2_PLACEMENT_3D('',#16011,#7301,#2447);
#16063 = PLANE('',#16062);
#16064 = ADVANCED_FACE('',(#16061),#16063,.T.);
#16065 = ORIENTED_EDGE('',*,*,#16033,.F.);
#16066 = VECTOR('',#7301,1.);
#16067 = LINE('',#16008,#16066);
#16068 = EDGE_CURVE('',#16016,#16020,#16067,.T.);
#16069 = ORIENTED_EDGE('',*,*,#16068,.T.);
#16070 = ORIENTED_EDGE('',*,*,#16046,.F.);
#16071 = VECTOR('',#4879,1.);
#16072 = LINE('',#16011,#16071);
#16073 = EDGE_CURVE('',#16019,#16015,#16072,.T.);
#16074 = ORIENTED_EDGE('',*,*,#16073,.T.);
#16075 = EDGE_LOOP('',(#16065,#16069,#16070,#16074));
#16076 = FACE_OUTER_BOUND('',#16075,.T.);
#16077 = AXIS2_PLACEMENT_3D('',#16007,#3067,#7301);
#16078 = PLANE('',#16077);
#16079 = ADVANCED_FACE('',(#16076),#16078,.T.);
#16080 = ORIENTED_EDGE('',*,*,#16029,.F.);
#16081 = VECTOR('',#7301,1.);
#16082 = LINE('',#16009,#16081);
#16083 = EDGE_CURVE('',#16017,#16021,#16082,.T.);
#16084 = ORIENTED_EDGE('',*,*,#16083,.T.);
#16085 = ORIENTED_EDGE('',*,*,#16050,.F.);
#16086 = ORIENTED_EDGE('',*,*,#16068,.F.);
#16087 = EDGE_LOOP('',(#16080,#16084,#16085,#16086));
#16088 = FACE_OUTER_BOUND('',#16087,.T.);
#16089 = AXIS2_PLACEMENT_3D('',#16008,#2447,#7301);
#16090 = PLANE('',#16089);
#16091 = ADVANCED_FACE('',(#16088),#16090,.T.);
#16092 = ORIENTED_EDGE('',*,*,#16025,.F.);
#16093 = VECTOR('',#7301,1.);
#16094 = LINE('',#16010,#16093);
#16095 = EDGE_CURVE('',#16018,#16022,#16094,.T.);
#16096 = ORIENTED_EDGE('',*,*,#16095,.T.);
#16097 = ORIENTED_EDGE('',*,*,#16054,.F.);
#16098 = ORIENTED_EDGE('',*,*,#16083,.F.);
#16099 = EDGE_LOOP('',(#16092,#16096,#16097,#16098));
#16100 = FACE_OUTER_BOUND('',#16099,.T.);
#16101 = AXIS2_PLACEMENT_3D('',#16009,#2442,#7301);
#16102 = PLANE('',#16101);
#16103 = ADVANCED_FACE('',(#16100),#16102,.T.);
#16104 = ORIENTED_EDGE('',*,*,#16037,.F.);
#16105 = ORIENTED_EDGE('',*,*,#16073,.F.);
#16106 = ORIENTED_EDGE('',*,*,#16058,.F.);
#16107 = ORIENTED_EDGE('',*,*,#16095,.F.);
#16108 = EDGE_LOOP('',(#16104,#16105,#16106,#16107));
#16109 = FACE_OUTER_BOUND('',#16108,.T.);
#16110 = AXIS2_PLACEMENT_3D('',#16010,#2496,#7301);
#16111 = PLANE('',#16110);
#16112 = ADVANCED_FACE('',(#16109),#16111,.T.);
#16113 = CLOSED_SHELL('',(#16043,#16064,#16079,#16091,#16103,#16112));
#16114 = MANIFOLD_SOLID_BREP('PAD_07',#16113);
#16115 = CARTESIAN_POINT('',(-4.827,-6.81,-0.02));
#16116 = CARTESIAN_POINT('',(-4.317,-6.81,-0.02));
#16117 = CARTESIAN_POINT('',(-4.317,-6.09,-0.02));
#16118 = CARTESIAN_POINT('',(-4.827,-6.09,-0.02));
#16119 = CARTESIAN_POINT('',(-4.827,-6.81,0));
#16120 = CARTESIAN_POINT('',(-4.317,-6.81,0));
#16121 = CARTESIAN_POINT('',(-4.317,-6.09,0));
#16122 = CARTESIAN_POINT('',(-4.827,-6.09,0));
#16123 = VERTEX_POINT('',#16115);
#16124 = VERTEX_POINT('',#16116);
#16125 = VERTEX_POINT('',#16117);
#16126 = VERTEX_POINT('',#16118);
#16127 = VERTEX_POINT('',#16119);
#16128 = VERTEX_POINT('',#16120);
#16129 = VERTEX_POINT('',#16121);
#16130 = VERTEX_POINT('',#16122);
#16131 = VECTOR('',#2447,1.);
#16132 = LINE('',#16118,#16131);
#16133 = EDGE_CURVE('',#16126,#16125,#16132,.T.);
#16134 = ORIENTED_EDGE('',*,*,#16133,.T.);
#16135 = VECTOR('',#3067,1.);
#16136 = LINE('',#16117,#16135);
#16137 = EDGE_CURVE('',#16125,#16124,#16136,.T.);
#16138 = ORIENTED_EDGE('',*,*,#16137,.T.);
#16139 = VECTOR('',#2496,1.);
#16140 = LINE('',#16116,#16139);
#16141 = EDGE_CURVE('',#16124,#16123,#16140,.T.);
#16142 = ORIENTED_EDGE('',*,*,#16141,.T.);
#16143 = VECTOR('',#2442,1.);
#16144 = LINE('',#16115,#16143);
#16145 = EDGE_CURVE('',#16123,#16126,#16144,.T.);
#16146 = ORIENTED_EDGE('',*,*,#16145,.T.);
#16147 = EDGE_LOOP('',(#16134,#16138,#16142,#16146));
#16148 = FACE_OUTER_BOUND('',#16147,.T.);
#16149 = AXIS2_PLACEMENT_3D('',#16118,#4879,#2447);
#16150 = PLANE('',#16149);
#16151 = ADVANCED_FACE('',(#16148),#16150,.T.);
#16152 = VECTOR('',#2447,1.);
#16153 = LINE('',#16119,#16152);
#16154 = EDGE_CURVE('',#16127,#16128,#16153,.T.);
#16155 = ORIENTED_EDGE('',*,*,#16154,.T.);
#16156 = VECTOR('',#2442,1.);
#16157 = LINE('',#16120,#16156);
#16158 = EDGE_CURVE('',#16128,#16129,#16157,.T.);
#16159 = ORIENTED_EDGE('',*,*,#16158,.T.);
#16160 = VECTOR('',#2496,1.);
#16161 = LINE('',#16121,#16160);
#16162 = EDGE_CURVE('',#16129,#16130,#16161,.T.);
#16163 = ORIENTED_EDGE('',*,*,#16162,.T.);
#16164 = VECTOR('',#3067,1.);
#16165 = LINE('',#16122,#16164);
#16166 = EDGE_CURVE('',#16130,#16127,#16165,.T.);
#16167 = ORIENTED_EDGE('',*,*,#16166,.T.);
#16168 = EDGE_LOOP('',(#16155,#16159,#16163,#16167));
#16169 = FACE_OUTER_BOUND('',#16168,.T.);
#16170 = AXIS2_PLACEMENT_3D('',#16119,#7301,#2447);
#16171 = PLANE('',#16170);
#16172 = ADVANCED_FACE('',(#16169),#16171,.T.);
#16173 = ORIENTED_EDGE('',*,*,#16141,.F.);
#16174 = VECTOR('',#7301,1.);
#16175 = LINE('',#16116,#16174);
#16176 = EDGE_CURVE('',#16124,#16128,#16175,.T.);
#16177 = ORIENTED_EDGE('',*,*,#16176,.T.);
#16178 = ORIENTED_EDGE('',*,*,#16154,.F.);
#16179 = VECTOR('',#4879,1.);
#16180 = LINE('',#16119,#16179);
#16181 = EDGE_CURVE('',#16127,#16123,#16180,.T.);
#16182 = ORIENTED_EDGE('',*,*,#16181,.T.);
#16183 = EDGE_LOOP('',(#16173,#16177,#16178,#16182));
#16184 = FACE_OUTER_BOUND('',#16183,.T.);
#16185 = AXIS2_PLACEMENT_3D('',#16115,#3067,#7301);
#16186 = PLANE('',#16185);
#16187 = ADVANCED_FACE('',(#16184),#16186,.T.);
#16188 = ORIENTED_EDGE('',*,*,#16137,.F.);
#16189 = VECTOR('',#7301,1.);
#16190 = LINE('',#16117,#16189);
#16191 = EDGE_CURVE('',#16125,#16129,#16190,.T.);
#16192 = ORIENTED_EDGE('',*,*,#16191,.T.);
#16193 = ORIENTED_EDGE('',*,*,#16158,.F.);
#16194 = ORIENTED_EDGE('',*,*,#16176,.F.);
#16195 = EDGE_LOOP('',(#16188,#16192,#16193,#16194));
#16196 = FACE_OUTER_BOUND('',#16195,.T.);
#16197 = AXIS2_PLACEMENT_3D('',#16116,#2447,#7301);
#16198 = PLANE('',#16197);
#16199 = ADVANCED_FACE('',(#16196),#16198,.T.);
#16200 = ORIENTED_EDGE('',*,*,#16133,.F.);
#16201 = VECTOR('',#7301,1.);
#16202 = LINE('',#16118,#16201);
#16203 = EDGE_CURVE('',#16126,#16130,#16202,.T.);
#16204 = ORIENTED_EDGE('',*,*,#16203,.T.);
#16205 = ORIENTED_EDGE('',*,*,#16162,.F.);
#16206 = ORIENTED_EDGE('',*,*,#16191,.F.);
#16207 = EDGE_LOOP('',(#16200,#16204,#16205,#16206));
#16208 = FACE_OUTER_BOUND('',#16207,.T.);
#16209 = AXIS2_PLACEMENT_3D('',#16117,#2442,#7301);
#16210 = PLANE('',#16209);
#16211 = ADVANCED_FACE('',(#16208),#16210,.T.);
#16212 = ORIENTED_EDGE('',*,*,#16145,.F.);
#16213 = ORIENTED_EDGE('',*,*,#16181,.F.);
#16214 = ORIENTED_EDGE('',*,*,#16166,.F.);
#16215 = ORIENTED_EDGE('',*,*,#16203,.F.);
#16216 = EDGE_LOOP('',(#16212,#16213,#16214,#16215));
#16217 = FACE_OUTER_BOUND('',#16216,.T.);
#16218 = AXIS2_PLACEMENT_3D('',#16118,#2496,#7301);
#16219 = PLANE('',#16218);
#16220 = ADVANCED_FACE('',(#16217),#16219,.T.);
#16221 = CLOSED_SHELL('',(#16151,#16172,#16187,#16199,#16211,#16220));
#16222 = MANIFOLD_SOLID_BREP('PAD_08',#16221);
#16223 = CARTESIAN_POINT('',(-3.811,-6.81,-0.02));
#16224 = CARTESIAN_POINT('',(-3.301,-6.81,-0.02));
#16225 = CARTESIAN_POINT('',(-3.301,-6.09,-0.02));
#16226 = CARTESIAN_POINT('',(-3.811,-6.09,-0.02));
#16227 = CARTESIAN_POINT('',(-3.811,-6.81,0));
#16228 = CARTESIAN_POINT('',(-3.301,-6.81,0));
#16229 = CARTESIAN_POINT('',(-3.301,-6.09,0));
#16230 = CARTESIAN_POINT('',(-3.811,-6.09,0));
#16231 = VERTEX_POINT('',#16223);
#16232 = VERTEX_POINT('',#16224);
#16233 = VERTEX_POINT('',#16225);
#16234 = VERTEX_POINT('',#16226);
#16235 = VERTEX_POINT('',#16227);
#16236 = VERTEX_POINT('',#16228);
#16237 = VERTEX_POINT('',#16229);
#16238 = VERTEX_POINT('',#16230);
#16239 = VECTOR('',#2447,1.);
#16240 = LINE('',#16226,#16239);
#16241 = EDGE_CURVE('',#16234,#16233,#16240,.T.);
#16242 = ORIENTED_EDGE('',*,*,#16241,.T.);
#16243 = VECTOR('',#3067,1.);
#16244 = LINE('',#16225,#16243);
#16245 = EDGE_CURVE('',#16233,#16232,#16244,.T.);
#16246 = ORIENTED_EDGE('',*,*,#16245,.T.);
#16247 = VECTOR('',#2496,1.);
#16248 = LINE('',#16224,#16247);
#16249 = EDGE_CURVE('',#16232,#16231,#16248,.T.);
#16250 = ORIENTED_EDGE('',*,*,#16249,.T.);
#16251 = VECTOR('',#2442,1.);
#16252 = LINE('',#16223,#16251);
#16253 = EDGE_CURVE('',#16231,#16234,#16252,.T.);
#16254 = ORIENTED_EDGE('',*,*,#16253,.T.);
#16255 = EDGE_LOOP('',(#16242,#16246,#16250,#16254));
#16256 = FACE_OUTER_BOUND('',#16255,.T.);
#16257 = AXIS2_PLACEMENT_3D('',#16226,#4879,#2447);
#16258 = PLANE('',#16257);
#16259 = ADVANCED_FACE('',(#16256),#16258,.T.);
#16260 = VECTOR('',#2447,1.);
#16261 = LINE('',#16227,#16260);
#16262 = EDGE_CURVE('',#16235,#16236,#16261,.T.);
#16263 = ORIENTED_EDGE('',*,*,#16262,.T.);
#16264 = VECTOR('',#2442,1.);
#16265 = LINE('',#16228,#16264);
#16266 = EDGE_CURVE('',#16236,#16237,#16265,.T.);
#16267 = ORIENTED_EDGE('',*,*,#16266,.T.);
#16268 = VECTOR('',#2496,1.);
#16269 = LINE('',#16229,#16268);
#16270 = EDGE_CURVE('',#16237,#16238,#16269,.T.);
#16271 = ORIENTED_EDGE('',*,*,#16270,.T.);
#16272 = VECTOR('',#3067,1.);
#16273 = LINE('',#16230,#16272);
#16274 = EDGE_CURVE('',#16238,#16235,#16273,.T.);
#16275 = ORIENTED_EDGE('',*,*,#16274,.T.);
#16276 = EDGE_LOOP('',(#16263,#16267,#16271,#16275));
#16277 = FACE_OUTER_BOUND('',#16276,.T.);
#16278 = AXIS2_PLACEMENT_3D('',#16227,#7301,#2447);
#16279 = PLANE('',#16278);
#16280 = ADVANCED_FACE('',(#16277),#16279,.T.);
#16281 = ORIENTED_EDGE('',*,*,#16249,.F.);
#16282 = VECTOR('',#7301,1.);
#16283 = LINE('',#16224,#16282);
#16284 = EDGE_CURVE('',#16232,#16236,#16283,.T.);
#16285 = ORIENTED_EDGE('',*,*,#16284,.T.);
#16286 = ORIENTED_EDGE('',*,*,#16262,.F.);
#16287 = VECTOR('',#4879,1.);
#16288 = LINE('',#16227,#16287);
#16289 = EDGE_CURVE('',#16235,#16231,#16288,.T.);
#16290 = ORIENTED_EDGE('',*,*,#16289,.T.);
#16291 = EDGE_LOOP('',(#16281,#16285,#16286,#16290));
#16292 = FACE_OUTER_BOUND('',#16291,.T.);
#16293 = AXIS2_PLACEMENT_3D('',#16223,#3067,#7301);
#16294 = PLANE('',#16293);
#16295 = ADVANCED_FACE('',(#16292),#16294,.T.);
#16296 = ORIENTED_EDGE('',*,*,#16245,.F.);
#16297 = VECTOR('',#7301,1.);
#16298 = LINE('',#16225,#16297);
#16299 = EDGE_CURVE('',#16233,#16237,#16298,.T.);
#16300 = ORIENTED_EDGE('',*,*,#16299,.T.);
#16301 = ORIENTED_EDGE('',*,*,#16266,.F.);
#16302 = ORIENTED_EDGE('',*,*,#16284,.F.);
#16303 = EDGE_LOOP('',(#16296,#16300,#16301,#16302));
#16304 = FACE_OUTER_BOUND('',#16303,.T.);
#16305 = AXIS2_PLACEMENT_3D('',#16224,#2447,#7301);
#16306 = PLANE('',#16305);
#16307 = ADVANCED_FACE('',(#16304),#16306,.T.);
#16308 = ORIENTED_EDGE('',*,*,#16241,.F.);
#16309 = VECTOR('',#7301,1.);
#16310 = LINE('',#16226,#16309);
#16311 = EDGE_CURVE('',#16234,#16238,#16310,.T.);
#16312 = ORIENTED_EDGE('',*,*,#16311,.T.);
#16313 = ORIENTED_EDGE('',*,*,#16270,.F.);
#16314 = ORIENTED_EDGE('',*,*,#16299,.F.);
#16315 = EDGE_LOOP('',(#16308,#16312,#16313,#16314));
#16316 = FACE_OUTER_BOUND('',#16315,.T.);
#16317 = AXIS2_PLACEMENT_3D('',#16225,#2442,#7301);
#16318 = PLANE('',#16317);
#16319 = ADVANCED_FACE('',(#16316),#16318,.T.);
#16320 = ORIENTED_EDGE('',*,*,#16253,.F.);
#16321 = ORIENTED_EDGE('',*,*,#16289,.F.);
#16322 = ORIENTED_EDGE('',*,*,#16274,.F.);
#16323 = ORIENTED_EDGE('',*,*,#16311,.F.);
#16324 = EDGE_LOOP('',(#16320,#16321,#16322,#16323));
#16325 = FACE_OUTER_BOUND('',#16324,.T.);
#16326 = AXIS2_PLACEMENT_3D('',#16226,#2496,#7301);
#16327 = PLANE('',#16326);
#16328 = ADVANCED_FACE('',(#16325),#16327,.T.);
#16329 = CLOSED_SHELL('',(#16259,#16280,#16295,#16307,#16319,#16328));
#16330 = MANIFOLD_SOLID_BREP('PAD_09',#16329);
#16331 = CARTESIAN_POINT('',(-2.795,-6.81,-0.02));
#16332 = CARTESIAN_POINT('',(-2.285,-6.81,-0.02));
#16333 = CARTESIAN_POINT('',(-2.285,-6.09,-0.02));
#16334 = CARTESIAN_POINT('',(-2.795,-6.09,-0.02));
#16335 = CARTESIAN_POINT('',(-2.795,-6.81,0));
#16336 = CARTESIAN_POINT('',(-2.285,-6.81,0));
#16337 = CARTESIAN_POINT('',(-2.285,-6.09,0));
#16338 = CARTESIAN_POINT('',(-2.795,-6.09,0));
#16339 = VERTEX_POINT('',#16331);
#16340 = VERTEX_POINT('',#16332);
#16341 = VERTEX_POINT('',#16333);
#16342 = VERTEX_POINT('',#16334);
#16343 = VERTEX_POINT('',#16335);
#16344 = VERTEX_POINT('',#16336);
#16345 = VERTEX_POINT('',#16337);
#16346 = VERTEX_POINT('',#16338);
#16347 = VECTOR('',#2447,1.);
#16348 = LINE('',#16334,#16347);
#16349 = EDGE_CURVE('',#16342,#16341,#16348,.T.);
#16350 = ORIENTED_EDGE('',*,*,#16349,.T.);
#16351 = VECTOR('',#3067,1.);
#16352 = LINE('',#16333,#16351);
#16353 = EDGE_CURVE('',#16341,#16340,#16352,.T.);
#16354 = ORIENTED_EDGE('',*,*,#16353,.T.);
#16355 = VECTOR('',#2496,1.);
#16356 = LINE('',#16332,#16355);
#16357 = EDGE_CURVE('',#16340,#16339,#16356,.T.);
#16358 = ORIENTED_EDGE('',*,*,#16357,.T.);
#16359 = VECTOR('',#2442,1.);
#16360 = LINE('',#16331,#16359);
#16361 = EDGE_CURVE('',#16339,#16342,#16360,.T.);
#16362 = ORIENTED_EDGE('',*,*,#16361,.T.);
#16363 = EDGE_LOOP('',(#16350,#16354,#16358,#16362));
#16364 = FACE_OUTER_BOUND('',#16363,.T.);
#16365 = AXIS2_PLACEMENT_3D('',#16334,#4879,#2447);
#16366 = PLANE('',#16365);
#16367 = ADVANCED_FACE('',(#16364),#16366,.T.);
#16368 = VECTOR('',#2447,1.);
#16369 = LINE('',#16335,#16368);
#16370 = EDGE_CURVE('',#16343,#16344,#16369,.T.);
#16371 = ORIENTED_EDGE('',*,*,#16370,.T.);
#16372 = VECTOR('',#2442,1.);
#16373 = LINE('',#16336,#16372);
#16374 = EDGE_CURVE('',#16344,#16345,#16373,.T.);
#16375 = ORIENTED_EDGE('',*,*,#16374,.T.);
#16376 = VECTOR('',#2496,1.);
#16377 = LINE('',#16337,#16376);
#16378 = EDGE_CURVE('',#16345,#16346,#16377,.T.);
#16379 = ORIENTED_EDGE('',*,*,#16378,.T.);
#16380 = VECTOR('',#3067,1.);
#16381 = LINE('',#16338,#16380);
#16382 = EDGE_CURVE('',#16346,#16343,#16381,.T.);
#16383 = ORIENTED_EDGE('',*,*,#16382,.T.);
#16384 = EDGE_LOOP('',(#16371,#16375,#16379,#16383));
#16385 = FACE_OUTER_BOUND('',#16384,.T.);
#16386 = AXIS2_PLACEMENT_3D('',#16335,#7301,#2447);
#16387 = PLANE('',#16386);
#16388 = ADVANCED_FACE('',(#16385),#16387,.T.);
#16389 = ORIENTED_EDGE('',*,*,#16357,.F.);
#16390 = VECTOR('',#7301,1.);
#16391 = LINE('',#16332,#16390);
#16392 = EDGE_CURVE('',#16340,#16344,#16391,.T.);
#16393 = ORIENTED_EDGE('',*,*,#16392,.T.);
#16394 = ORIENTED_EDGE('',*,*,#16370,.F.);
#16395 = VECTOR('',#4879,1.);
#16396 = LINE('',#16335,#16395);
#16397 = EDGE_CURVE('',#16343,#16339,#16396,.T.);
#16398 = ORIENTED_EDGE('',*,*,#16397,.T.);
#16399 = EDGE_LOOP('',(#16389,#16393,#16394,#16398));
#16400 = FACE_OUTER_BOUND('',#16399,.T.);
#16401 = AXIS2_PLACEMENT_3D('',#16331,#3067,#7301);
#16402 = PLANE('',#16401);
#16403 = ADVANCED_FACE('',(#16400),#16402,.T.);
#16404 = ORIENTED_EDGE('',*,*,#16353,.F.);
#16405 = VECTOR('',#7301,1.);
#16406 = LINE('',#16333,#16405);
#16407 = EDGE_CURVE('',#16341,#16345,#16406,.T.);
#16408 = ORIENTED_EDGE('',*,*,#16407,.T.);
#16409 = ORIENTED_EDGE('',*,*,#16374,.F.);
#16410 = ORIENTED_EDGE('',*,*,#16392,.F.);
#16411 = EDGE_LOOP('',(#16404,#16408,#16409,#16410));
#16412 = FACE_OUTER_BOUND('',#16411,.T.);
#16413 = AXIS2_PLACEMENT_3D('',#16332,#2447,#7301);
#16414 = PLANE('',#16413);
#16415 = ADVANCED_FACE('',(#16412),#16414,.T.);
#16416 = ORIENTED_EDGE('',*,*,#16349,.F.);
#16417 = VECTOR('',#7301,1.);
#16418 = LINE('',#16334,#16417);
#16419 = EDGE_CURVE('',#16342,#16346,#16418,.T.);
#16420 = ORIENTED_EDGE('',*,*,#16419,.T.);
#16421 = ORIENTED_EDGE('',*,*,#16378,.F.);
#16422 = ORIENTED_EDGE('',*,*,#16407,.F.);
#16423 = EDGE_LOOP('',(#16416,#16420,#16421,#16422));
#16424 = FACE_OUTER_BOUND('',#16423,.T.);
#16425 = AXIS2_PLACEMENT_3D('',#16333,#2442,#7301);
#16426 = PLANE('',#16425);
#16427 = ADVANCED_FACE('',(#16424),#16426,.T.);
#16428 = ORIENTED_EDGE('',*,*,#16361,.F.);
#16429 = ORIENTED_EDGE('',*,*,#16397,.F.);
#16430 = ORIENTED_EDGE('',*,*,#16382,.F.);
#16431 = ORIENTED_EDGE('',*,*,#16419,.F.);
#16432 = EDGE_LOOP('',(#16428,#16429,#16430,#16431));
#16433 = FACE_OUTER_BOUND('',#16432,.T.);
#16434 = AXIS2_PLACEMENT_3D('',#16334,#2496,#7301);
#16435 = PLANE('',#16434);
#16436 = ADVANCED_FACE('',(#16433),#16435,.T.);
#16437 = CLOSED_SHELL('',(#16367,#16388,#16403,#16415,#16427,#16436));
#16438 = MANIFOLD_SOLID_BREP('PAD_10',#16437);
#16439 = CARTESIAN_POINT('',(-1.779,-6.81,-0.02));
#16440 = CARTESIAN_POINT('',(-1.269,-6.81,-0.02));
#16441 = CARTESIAN_POINT('',(-1.269,-6.09,-0.02));
#16442 = CARTESIAN_POINT('',(-1.779,-6.09,-0.02));
#16443 = CARTESIAN_POINT('',(-1.779,-6.81,0));
#16444 = CARTESIAN_POINT('',(-1.269,-6.81,0));
#16445 = CARTESIAN_POINT('',(-1.269,-6.09,0));
#16446 = CARTESIAN_POINT('',(-1.779,-6.09,0));
#16447 = VERTEX_POINT('',#16439);
#16448 = VERTEX_POINT('',#16440);
#16449 = VERTEX_POINT('',#16441);
#16450 = VERTEX_POINT('',#16442);
#16451 = VERTEX_POINT('',#16443);
#16452 = VERTEX_POINT('',#16444);
#16453 = VERTEX_POINT('',#16445);
#16454 = VERTEX_POINT('',#16446);
#16455 = VECTOR('',#2447,1.);
#16456 = LINE('',#16442,#16455);
#16457 = EDGE_CURVE('',#16450,#16449,#16456,.T.);
#16458 = ORIENTED_EDGE('',*,*,#16457,.T.);
#16459 = VECTOR('',#3067,1.);
#16460 = LINE('',#16441,#16459);
#16461 = EDGE_CURVE('',#16449,#16448,#16460,.T.);
#16462 = ORIENTED_EDGE('',*,*,#16461,.T.);
#16463 = VECTOR('',#2496,1.);
#16464 = LINE('',#16440,#16463);
#16465 = EDGE_CURVE('',#16448,#16447,#16464,.T.);
#16466 = ORIENTED_EDGE('',*,*,#16465,.T.);
#16467 = VECTOR('',#2442,1.);
#16468 = LINE('',#16439,#16467);
#16469 = EDGE_CURVE('',#16447,#16450,#16468,.T.);
#16470 = ORIENTED_EDGE('',*,*,#16469,.T.);
#16471 = EDGE_LOOP('',(#16458,#16462,#16466,#16470));
#16472 = FACE_OUTER_BOUND('',#16471,.T.);
#16473 = AXIS2_PLACEMENT_3D('',#16442,#4879,#2447);
#16474 = PLANE('',#16473);
#16475 = ADVANCED_FACE('',(#16472),#16474,.T.);
#16476 = VECTOR('',#2447,1.);
#16477 = LINE('',#16443,#16476);
#16478 = EDGE_CURVE('',#16451,#16452,#16477,.T.);
#16479 = ORIENTED_EDGE('',*,*,#16478,.T.);
#16480 = VECTOR('',#2442,1.);
#16481 = LINE('',#16444,#16480);
#16482 = EDGE_CURVE('',#16452,#16453,#16481,.T.);
#16483 = ORIENTED_EDGE('',*,*,#16482,.T.);
#16484 = VECTOR('',#2496,1.);
#16485 = LINE('',#16445,#16484);
#16486 = EDGE_CURVE('',#16453,#16454,#16485,.T.);
#16487 = ORIENTED_EDGE('',*,*,#16486,.T.);
#16488 = VECTOR('',#3067,1.);
#16489 = LINE('',#16446,#16488);
#16490 = EDGE_CURVE('',#16454,#16451,#16489,.T.);
#16491 = ORIENTED_EDGE('',*,*,#16490,.T.);
#16492 = EDGE_LOOP('',(#16479,#16483,#16487,#16491));
#16493 = FACE_OUTER_BOUND('',#16492,.T.);
#16494 = AXIS2_PLACEMENT_3D('',#16443,#7301,#2447);
#16495 = PLANE('',#16494);
#16496 = ADVANCED_FACE('',(#16493),#16495,.T.);
#16497 = ORIENTED_EDGE('',*,*,#16465,.F.);
#16498 = VECTOR('',#7301,1.);
#16499 = LINE('',#16440,#16498);
#16500 = EDGE_CURVE('',#16448,#16452,#16499,.T.);
#16501 = ORIENTED_EDGE('',*,*,#16500,.T.);
#16502 = ORIENTED_EDGE('',*,*,#16478,.F.);
#16503 = VECTOR('',#4879,1.);
#16504 = LINE('',#16443,#16503);
#16505 = EDGE_CURVE('',#16451,#16447,#16504,.T.);
#16506 = ORIENTED_EDGE('',*,*,#16505,.T.);
#16507 = EDGE_LOOP('',(#16497,#16501,#16502,#16506));
#16508 = FACE_OUTER_BOUND('',#16507,.T.);
#16509 = AXIS2_PLACEMENT_3D('',#16439,#3067,#7301);
#16510 = PLANE('',#16509);
#16511 = ADVANCED_FACE('',(#16508),#16510,.T.);
#16512 = ORIENTED_EDGE('',*,*,#16461,.F.);
#16513 = VECTOR('',#7301,1.);
#16514 = LINE('',#16441,#16513);
#16515 = EDGE_CURVE('',#16449,#16453,#16514,.T.);
#16516 = ORIENTED_EDGE('',*,*,#16515,.T.);
#16517 = ORIENTED_EDGE('',*,*,#16482,.F.);
#16518 = ORIENTED_EDGE('',*,*,#16500,.F.);
#16519 = EDGE_LOOP('',(#16512,#16516,#16517,#16518));
#16520 = FACE_OUTER_BOUND('',#16519,.T.);
#16521 = AXIS2_PLACEMENT_3D('',#16440,#2447,#7301);
#16522 = PLANE('',#16521);
#16523 = ADVANCED_FACE('',(#16520),#16522,.T.);
#16524 = ORIENTED_EDGE('',*,*,#16457,.F.);
#16525 = VECTOR('',#7301,1.);
#16526 = LINE('',#16442,#16525);
#16527 = EDGE_CURVE('',#16450,#16454,#16526,.T.);
#16528 = ORIENTED_EDGE('',*,*,#16527,.T.);
#16529 = ORIENTED_EDGE('',*,*,#16486,.F.);
#16530 = ORIENTED_EDGE('',*,*,#16515,.F.);
#16531 = EDGE_LOOP('',(#16524,#16528,#16529,#16530));
#16532 = FACE_OUTER_BOUND('',#16531,.T.);
#16533 = AXIS2_PLACEMENT_3D('',#16441,#2442,#7301);
#16534 = PLANE('',#16533);
#16535 = ADVANCED_FACE('',(#16532),#16534,.T.);
#16536 = ORIENTED_EDGE('',*,*,#16469,.F.);
#16537 = ORIENTED_EDGE('',*,*,#16505,.F.);
#16538 = ORIENTED_EDGE('',*,*,#16490,.F.);
#16539 = ORIENTED_EDGE('',*,*,#16527,.F.);
#16540 = EDGE_LOOP('',(#16536,#16537,#16538,#16539));
#16541 = FACE_OUTER_BOUND('',#16540,.T.);
#16542 = AXIS2_PLACEMENT_3D('',#16442,#2496,#7301);
#16543 = PLANE('',#16542);
#16544 = ADVANCED_FACE('',(#16541),#16543,.T.);
#16545 = CLOSED_SHELL('',(#16475,#16496,#16511,#16523,#16535,#16544));
#16546 = MANIFOLD_SOLID_BREP('PAD_11',#16545);
#16547 = CARTESIAN_POINT('',(-0.763,-6.81,-0.02));
#16548 = CARTESIAN_POINT('',(-0.253,-6.81,-0.02));
#16549 = CARTESIAN_POINT('',(-0.253,-6.09,-0.02));
#16550 = CARTESIAN_POINT('',(-0.763,-6.09,-0.02));
#16551 = CARTESIAN_POINT('',(-0.763,-6.81,0));
#16552 = CARTESIAN_POINT('',(-0.253,-6.81,0));
#16553 = CARTESIAN_POINT('',(-0.253,-6.09,0));
#16554 = CARTESIAN_POINT('',(-0.763,-6.09,0));
#16555 = VERTEX_POINT('',#16547);
#16556 = VERTEX_POINT('',#16548);
#16557 = VERTEX_POINT('',#16549);
#16558 = VERTEX_POINT('',#16550);
#16559 = VERTEX_POINT('',#16551);
#16560 = VERTEX_POINT('',#16552);
#16561 = VERTEX_POINT('',#16553);
#16562 = VERTEX_POINT('',#16554);
#16563 = VECTOR('',#2447,1.);
#16564 = LINE('',#16550,#16563);
#16565 = EDGE_CURVE('',#16558,#16557,#16564,.T.);
#16566 = ORIENTED_EDGE('',*,*,#16565,.T.);
#16567 = VECTOR('',#3067,1.);
#16568 = LINE('',#16549,#16567);
#16569 = EDGE_CURVE('',#16557,#16556,#16568,.T.);
#16570 = ORIENTED_EDGE('',*,*,#16569,.T.);
#16571 = VECTOR('',#2496,1.);
#16572 = LINE('',#16548,#16571);
#16573 = EDGE_CURVE('',#16556,#16555,#16572,.T.);
#16574 = ORIENTED_EDGE('',*,*,#16573,.T.);
#16575 = VECTOR('',#2442,1.);
#16576 = LINE('',#16547,#16575);
#16577 = EDGE_CURVE('',#16555,#16558,#16576,.T.);
#16578 = ORIENTED_EDGE('',*,*,#16577,.T.);
#16579 = EDGE_LOOP('',(#16566,#16570,#16574,#16578));
#16580 = FACE_OUTER_BOUND('',#16579,.T.);
#16581 = AXIS2_PLACEMENT_3D('',#16550,#4879,#2447);
#16582 = PLANE('',#16581);
#16583 = ADVANCED_FACE('',(#16580),#16582,.T.);
#16584 = VECTOR('',#2447,1.);
#16585 = LINE('',#16551,#16584);
#16586 = EDGE_CURVE('',#16559,#16560,#16585,.T.);
#16587 = ORIENTED_EDGE('',*,*,#16586,.T.);
#16588 = VECTOR('',#2442,1.);
#16589 = LINE('',#16552,#16588);
#16590 = EDGE_CURVE('',#16560,#16561,#16589,.T.);
#16591 = ORIENTED_EDGE('',*,*,#16590,.T.);
#16592 = VECTOR('',#2496,1.);
#16593 = LINE('',#16553,#16592);
#16594 = EDGE_CURVE('',#16561,#16562,#16593,.T.);
#16595 = ORIENTED_EDGE('',*,*,#16594,.T.);
#16596 = VECTOR('',#3067,1.);
#16597 = LINE('',#16554,#16596);
#16598 = EDGE_CURVE('',#16562,#16559,#16597,.T.);
#16599 = ORIENTED_EDGE('',*,*,#16598,.T.);
#16600 = EDGE_LOOP('',(#16587,#16591,#16595,#16599));
#16601 = FACE_OUTER_BOUND('',#16600,.T.);
#16602 = AXIS2_PLACEMENT_3D('',#16551,#7301,#2447);
#16603 = PLANE('',#16602);
#16604 = ADVANCED_FACE('',(#16601),#16603,.T.);
#16605 = ORIENTED_EDGE('',*,*,#16573,.F.);
#16606 = VECTOR('',#7301,1.);
#16607 = LINE('',#16548,#16606);
#16608 = EDGE_CURVE('',#16556,#16560,#16607,.T.);
#16609 = ORIENTED_EDGE('',*,*,#16608,.T.);
#16610 = ORIENTED_EDGE('',*,*,#16586,.F.);
#16611 = VECTOR('',#4879,1.);
#16612 = LINE('',#16551,#16611);
#16613 = EDGE_CURVE('',#16559,#16555,#16612,.T.);
#16614 = ORIENTED_EDGE('',*,*,#16613,.T.);
#16615 = EDGE_LOOP('',(#16605,#16609,#16610,#16614));
#16616 = FACE_OUTER_BOUND('',#16615,.T.);
#16617 = AXIS2_PLACEMENT_3D('',#16547,#3067,#7301);
#16618 = PLANE('',#16617);
#16619 = ADVANCED_FACE('',(#16616),#16618,.T.);
#16620 = ORIENTED_EDGE('',*,*,#16569,.F.);
#16621 = VECTOR('',#7301,1.);
#16622 = LINE('',#16549,#16621);
#16623 = EDGE_CURVE('',#16557,#16561,#16622,.T.);
#16624 = ORIENTED_EDGE('',*,*,#16623,.T.);
#16625 = ORIENTED_EDGE('',*,*,#16590,.F.);
#16626 = ORIENTED_EDGE('',*,*,#16608,.F.);
#16627 = EDGE_LOOP('',(#16620,#16624,#16625,#16626));
#16628 = FACE_OUTER_BOUND('',#16627,.T.);
#16629 = AXIS2_PLACEMENT_3D('',#16548,#2447,#7301);
#16630 = PLANE('',#16629);
#16631 = ADVANCED_FACE('',(#16628),#16630,.T.);
#16632 = ORIENTED_EDGE('',*,*,#16565,.F.);
#16633 = VECTOR('',#7301,1.);
#16634 = LINE('',#16550,#16633);
#16635 = EDGE_CURVE('',#16558,#16562,#16634,.T.);
#16636 = ORIENTED_EDGE('',*,*,#16635,.T.);
#16637 = ORIENTED_EDGE('',*,*,#16594,.F.);
#16638 = ORIENTED_EDGE('',*,*,#16623,.F.);
#16639 = EDGE_LOOP('',(#16632,#16636,#16637,#16638));
#16640 = FACE_OUTER_BOUND('',#16639,.T.);
#16641 = AXIS2_PLACEMENT_3D('',#16549,#2442,#7301);
#16642 = PLANE('',#16641);
#16643 = ADVANCED_FACE('',(#16640),#16642,.T.);
#16644 = ORIENTED_EDGE('',*,*,#16577,.F.);
#16645 = ORIENTED_EDGE('',*,*,#16613,.F.);
#16646 = ORIENTED_EDGE('',*,*,#16598,.F.);
#16647 = ORIENTED_EDGE('',*,*,#16635,.F.);
#16648 = EDGE_LOOP('',(#16644,#16645,#16646,#16647));
#16649 = FACE_OUTER_BOUND('',#16648,.T.);
#16650 = AXIS2_PLACEMENT_3D('',#16550,#2496,#7301);
#16651 = PLANE('',#16650);
#16652 = ADVANCED_FACE('',(#16649),#16651,.T.);
#16653 = CLOSED_SHELL('',(#16583,#16604,#16619,#16631,#16643,#16652));
#16654 = MANIFOLD_SOLID_BREP('PAD_12',#16653);
#16655 = CARTESIAN_POINT('',(0.253,-6.81,-0.02));
#16656 = CARTESIAN_POINT('',(0.763,-6.81,-0.02));
#16657 = CARTESIAN_POINT('',(0.763,-6.09,-0.02));
#16658 = CARTESIAN_POINT('',(0.253,-6.09,-0.02));
#16659 = CARTESIAN_POINT('',(0.253,-6.81,0));
#16660 = CARTESIAN_POINT('',(0.763,-6.81,0));
#16661 = CARTESIAN_POINT('',(0.763,-6.09,0));
#16662 = CARTESIAN_POINT('',(0.253,-6.09,0));
#16663 = VERTEX_POINT('',#16655);
#16664 = VERTEX_POINT('',#16656);
#16665 = VERTEX_POINT('',#16657);
#16666 = VERTEX_POINT('',#16658);
#16667 = VERTEX_POINT('',#16659);
#16668 = VERTEX_POINT('',#16660);
#16669 = VERTEX_POINT('',#16661);
#16670 = VERTEX_POINT('',#16662);
#16671 = VECTOR('',#2447,1.);
#16672 = LINE('',#16658,#16671);
#16673 = EDGE_CURVE('',#16666,#16665,#16672,.T.);
#16674 = ORIENTED_EDGE('',*,*,#16673,.T.);
#16675 = VECTOR('',#3067,1.);
#16676 = LINE('',#16657,#16675);
#16677 = EDGE_CURVE('',#16665,#16664,#16676,.T.);
#16678 = ORIENTED_EDGE('',*,*,#16677,.T.);
#16679 = VECTOR('',#2496,1.);
#16680 = LINE('',#16656,#16679);
#16681 = EDGE_CURVE('',#16664,#16663,#16680,.T.);
#16682 = ORIENTED_EDGE('',*,*,#16681,.T.);
#16683 = VECTOR('',#2442,1.);
#16684 = LINE('',#16655,#16683);
#16685 = EDGE_CURVE('',#16663,#16666,#16684,.T.);
#16686 = ORIENTED_EDGE('',*,*,#16685,.T.);
#16687 = EDGE_LOOP('',(#16674,#16678,#16682,#16686));
#16688 = FACE_OUTER_BOUND('',#16687,.T.);
#16689 = AXIS2_PLACEMENT_3D('',#16658,#4879,#2447);
#16690 = PLANE('',#16689);
#16691 = ADVANCED_FACE('',(#16688),#16690,.T.);
#16692 = VECTOR('',#2447,1.);
#16693 = LINE('',#16659,#16692);
#16694 = EDGE_CURVE('',#16667,#16668,#16693,.T.);
#16695 = ORIENTED_EDGE('',*,*,#16694,.T.);
#16696 = VECTOR('',#2442,1.);
#16697 = LINE('',#16660,#16696);
#16698 = EDGE_CURVE('',#16668,#16669,#16697,.T.);
#16699 = ORIENTED_EDGE('',*,*,#16698,.T.);
#16700 = VECTOR('',#2496,1.);
#16701 = LINE('',#16661,#16700);
#16702 = EDGE_CURVE('',#16669,#16670,#16701,.T.);
#16703 = ORIENTED_EDGE('',*,*,#16702,.T.);
#16704 = VECTOR('',#3067,1.);
#16705 = LINE('',#16662,#16704);
#16706 = EDGE_CURVE('',#16670,#16667,#16705,.T.);
#16707 = ORIENTED_EDGE('',*,*,#16706,.T.);
#16708 = EDGE_LOOP('',(#16695,#16699,#16703,#16707));
#16709 = FACE_OUTER_BOUND('',#16708,.T.);
#16710 = AXIS2_PLACEMENT_3D('',#16659,#7301,#2447);
#16711 = PLANE('',#16710);
#16712 = ADVANCED_FACE('',(#16709),#16711,.T.);
#16713 = ORIENTED_EDGE('',*,*,#16681,.F.);
#16714 = VECTOR('',#7301,1.);
#16715 = LINE('',#16656,#16714);
#16716 = EDGE_CURVE('',#16664,#16668,#16715,.T.);
#16717 = ORIENTED_EDGE('',*,*,#16716,.T.);
#16718 = ORIENTED_EDGE('',*,*,#16694,.F.);
#16719 = VECTOR('',#4879,1.);
#16720 = LINE('',#16659,#16719);
#16721 = EDGE_CURVE('',#16667,#16663,#16720,.T.);
#16722 = ORIENTED_EDGE('',*,*,#16721,.T.);
#16723 = EDGE_LOOP('',(#16713,#16717,#16718,#16722));
#16724 = FACE_OUTER_BOUND('',#16723,.T.);
#16725 = AXIS2_PLACEMENT_3D('',#16655,#3067,#7301);
#16726 = PLANE('',#16725);
#16727 = ADVANCED_FACE('',(#16724),#16726,.T.);
#16728 = ORIENTED_EDGE('',*,*,#16677,.F.);
#16729 = VECTOR('',#7301,1.);
#16730 = LINE('',#16657,#16729);
#16731 = EDGE_CURVE('',#16665,#16669,#16730,.T.);
#16732 = ORIENTED_EDGE('',*,*,#16731,.T.);
#16733 = ORIENTED_EDGE('',*,*,#16698,.F.);
#16734 = ORIENTED_EDGE('',*,*,#16716,.F.);
#16735 = EDGE_LOOP('',(#16728,#16732,#16733,#16734));
#16736 = FACE_OUTER_BOUND('',#16735,.T.);
#16737 = AXIS2_PLACEMENT_3D('',#16656,#2447,#7301);
#16738 = PLANE('',#16737);
#16739 = ADVANCED_FACE('',(#16736),#16738,.T.);
#16740 = ORIENTED_EDGE('',*,*,#16673,.F.);
#16741 = VECTOR('',#7301,1.);
#16742 = LINE('',#16658,#16741);
#16743 = EDGE_CURVE('',#16666,#16670,#16742,.T.);
#16744 = ORIENTED_EDGE('',*,*,#16743,.T.);
#16745 = ORIENTED_EDGE('',*,*,#16702,.F.);
#16746 = ORIENTED_EDGE('',*,*,#16731,.F.);
#16747 = EDGE_LOOP('',(#16740,#16744,#16745,#16746));
#16748 = FACE_OUTER_BOUND('',#16747,.T.);
#16749 = AXIS2_PLACEMENT_3D('',#16657,#2442,#7301);
#16750 = PLANE('',#16749);
#16751 = ADVANCED_FACE('',(#16748),#16750,.T.);
#16752 = ORIENTED_EDGE('',*,*,#16685,.F.);
#16753 = ORIENTED_EDGE('',*,*,#16721,.F.);
#16754 = ORIENTED_EDGE('',*,*,#16706,.F.);
#16755 = ORIENTED_EDGE('',*,*,#16743,.F.);
#16756 = EDGE_LOOP('',(#16752,#16753,#16754,#16755));
#16757 = FACE_OUTER_BOUND('',#16756,.T.);
#16758 = AXIS2_PLACEMENT_3D('',#16658,#2496,#7301);
#16759 = PLANE('',#16758);
#16760 = ADVANCED_FACE('',(#16757),#16759,.T.);
#16761 = CLOSED_SHELL('',(#16691,#16712,#16727,#16739,#16751,#16760));
#16762 = MANIFOLD_SOLID_BREP('PAD_13',#16761);
#16763 = CARTESIAN_POINT('',(1.269,-6.81,-0.02));
#16764 = CARTESIAN_POINT('',(1.779,-6.81,-0.02));
#16765 = CARTESIAN_POINT('',(1.779,-6.09,-0.02));
#16766 = CARTESIAN_POINT('',(1.269,-6.09,-0.02));
#16767 = CARTESIAN_POINT('',(1.269,-6.81,0));
#16768 = CARTESIAN_POINT('',(1.779,-6.81,0));
#16769 = CARTESIAN_POINT('',(1.779,-6.09,0));
#16770 = CARTESIAN_POINT('',(1.269,-6.09,0));
#16771 = VERTEX_POINT('',#16763);
#16772 = VERTEX_POINT('',#16764);
#16773 = VERTEX_POINT('',#16765);
#16774 = VERTEX_POINT('',#16766);
#16775 = VERTEX_POINT('',#16767);
#16776 = VERTEX_POINT('',#16768);
#16777 = VERTEX_POINT('',#16769);
#16778 = VERTEX_POINT('',#16770);
#16779 = VECTOR('',#2447,1.);
#16780 = LINE('',#16766,#16779);
#16781 = EDGE_CURVE('',#16774,#16773,#16780,.T.);
#16782 = ORIENTED_EDGE('',*,*,#16781,.T.);
#16783 = VECTOR('',#3067,1.);
#16784 = LINE('',#16765,#16783);
#16785 = EDGE_CURVE('',#16773,#16772,#16784,.T.);
#16786 = ORIENTED_EDGE('',*,*,#16785,.T.);
#16787 = VECTOR('',#2496,1.);
#16788 = LINE('',#16764,#16787);
#16789 = EDGE_CURVE('',#16772,#16771,#16788,.T.);
#16790 = ORIENTED_EDGE('',*,*,#16789,.T.);
#16791 = VECTOR('',#2442,1.);
#16792 = LINE('',#16763,#16791);
#16793 = EDGE_CURVE('',#16771,#16774,#16792,.T.);
#16794 = ORIENTED_EDGE('',*,*,#16793,.T.);
#16795 = EDGE_LOOP('',(#16782,#16786,#16790,#16794));
#16796 = FACE_OUTER_BOUND('',#16795,.T.);
#16797 = AXIS2_PLACEMENT_3D('',#16766,#4879,#2447);
#16798 = PLANE('',#16797);
#16799 = ADVANCED_FACE('',(#16796),#16798,.T.);
#16800 = VECTOR('',#2447,1.);
#16801 = LINE('',#16767,#16800);
#16802 = EDGE_CURVE('',#16775,#16776,#16801,.T.);
#16803 = ORIENTED_EDGE('',*,*,#16802,.T.);
#16804 = VECTOR('',#2442,1.);
#16805 = LINE('',#16768,#16804);
#16806 = EDGE_CURVE('',#16776,#16777,#16805,.T.);
#16807 = ORIENTED_EDGE('',*,*,#16806,.T.);
#16808 = VECTOR('',#2496,1.);
#16809 = LINE('',#16769,#16808);
#16810 = EDGE_CURVE('',#16777,#16778,#16809,.T.);
#16811 = ORIENTED_EDGE('',*,*,#16810,.T.);
#16812 = VECTOR('',#3067,1.);
#16813 = LINE('',#16770,#16812);
#16814 = EDGE_CURVE('',#16778,#16775,#16813,.T.);
#16815 = ORIENTED_EDGE('',*,*,#16814,.T.);
#16816 = EDGE_LOOP('',(#16803,#16807,#16811,#16815));
#16817 = FACE_OUTER_BOUND('',#16816,.T.);
#16818 = AXIS2_PLACEMENT_3D('',#16767,#7301,#2447);
#16819 = PLANE('',#16818);
#16820 = ADVANCED_FACE('',(#16817),#16819,.T.);
#16821 = ORIENTED_EDGE('',*,*,#16789,.F.);
#16822 = VECTOR('',#7301,1.);
#16823 = LINE('',#16764,#16822);
#16824 = EDGE_CURVE('',#16772,#16776,#16823,.T.);
#16825 = ORIENTED_EDGE('',*,*,#16824,.T.);
#16826 = ORIENTED_EDGE('',*,*,#16802,.F.);
#16827 = VECTOR('',#4879,1.);
#16828 = LINE('',#16767,#16827);
#16829 = EDGE_CURVE('',#16775,#16771,#16828,.T.);
#16830 = ORIENTED_EDGE('',*,*,#16829,.T.);
#16831 = EDGE_LOOP('',(#16821,#16825,#16826,#16830));
#16832 = FACE_OUTER_BOUND('',#16831,.T.);
#16833 = AXIS2_PLACEMENT_3D('',#16763,#3067,#7301);
#16834 = PLANE('',#16833);
#16835 = ADVANCED_FACE('',(#16832),#16834,.T.);
#16836 = ORIENTED_EDGE('',*,*,#16785,.F.);
#16837 = VECTOR('',#7301,1.);
#16838 = LINE('',#16765,#16837);
#16839 = EDGE_CURVE('',#16773,#16777,#16838,.T.);
#16840 = ORIENTED_EDGE('',*,*,#16839,.T.);
#16841 = ORIENTED_EDGE('',*,*,#16806,.F.);
#16842 = ORIENTED_EDGE('',*,*,#16824,.F.);
#16843 = EDGE_LOOP('',(#16836,#16840,#16841,#16842));
#16844 = FACE_OUTER_BOUND('',#16843,.T.);
#16845 = AXIS2_PLACEMENT_3D('',#16764,#2447,#7301);
#16846 = PLANE('',#16845);
#16847 = ADVANCED_FACE('',(#16844),#16846,.T.);
#16848 = ORIENTED_EDGE('',*,*,#16781,.F.);
#16849 = VECTOR('',#7301,1.);
#16850 = LINE('',#16766,#16849);
#16851 = EDGE_CURVE('',#16774,#16778,#16850,.T.);
#16852 = ORIENTED_EDGE('',*,*,#16851,.T.);
#16853 = ORIENTED_EDGE('',*,*,#16810,.F.);
#16854 = ORIENTED_EDGE('',*,*,#16839,.F.);
#16855 = EDGE_LOOP('',(#16848,#16852,#16853,#16854));
#16856 = FACE_OUTER_BOUND('',#16855,.T.);
#16857 = AXIS2_PLACEMENT_3D('',#16765,#2442,#7301);
#16858 = PLANE('',#16857);
#16859 = ADVANCED_FACE('',(#16856),#16858,.T.);
#16860 = ORIENTED_EDGE('',*,*,#16793,.F.);
#16861 = ORIENTED_EDGE('',*,*,#16829,.F.);
#16862 = ORIENTED_EDGE('',*,*,#16814,.F.);
#16863 = ORIENTED_EDGE('',*,*,#16851,.F.);
#16864 = EDGE_LOOP('',(#16860,#16861,#16862,#16863));
#16865 = FACE_OUTER_BOUND('',#16864,.T.);
#16866 = AXIS2_PLACEMENT_3D('',#16766,#2496,#7301);
#16867 = PLANE('',#16866);
#16868 = ADVANCED_FACE('',(#16865),#16867,.T.);
#16869 = CLOSED_SHELL('',(#16799,#16820,#16835,#16847,#16859,#16868));
#16870 = MANIFOLD_SOLID_BREP('PAD_14',#16869);
#16871 = CARTESIAN_POINT('',(2.285,-6.81,-0.02));
#16872 = CARTESIAN_POINT('',(2.795,-6.81,-0.02));
#16873 = CARTESIAN_POINT('',(2.795,-6.09,-0.02));
#16874 = CARTESIAN_POINT('',(2.285,-6.09,-0.02));
#16875 = CARTESIAN_POINT('',(2.285,-6.81,0));
#16876 = CARTESIAN_POINT('',(2.795,-6.81,0));
#16877 = CARTESIAN_POINT('',(2.795,-6.09,0));
#16878 = CARTESIAN_POINT('',(2.285,-6.09,0));
#16879 = VERTEX_POINT('',#16871);
#16880 = VERTEX_POINT('',#16872);
#16881 = VERTEX_POINT('',#16873);
#16882 = VERTEX_POINT('',#16874);
#16883 = VERTEX_POINT('',#16875);
#16884 = VERTEX_POINT('',#16876);
#16885 = VERTEX_POINT('',#16877);
#16886 = VERTEX_POINT('',#16878);
#16887 = VECTOR('',#2447,1.);
#16888 = LINE('',#16874,#16887);
#16889 = EDGE_CURVE('',#16882,#16881,#16888,.T.);
#16890 = ORIENTED_EDGE('',*,*,#16889,.T.);
#16891 = VECTOR('',#3067,1.);
#16892 = LINE('',#16873,#16891);
#16893 = EDGE_CURVE('',#16881,#16880,#16892,.T.);
#16894 = ORIENTED_EDGE('',*,*,#16893,.T.);
#16895 = VECTOR('',#2496,1.);
#16896 = LINE('',#16872,#16895);
#16897 = EDGE_CURVE('',#16880,#16879,#16896,.T.);
#16898 = ORIENTED_EDGE('',*,*,#16897,.T.);
#16899 = VECTOR('',#2442,1.);
#16900 = LINE('',#16871,#16899);
#16901 = EDGE_CURVE('',#16879,#16882,#16900,.T.);
#16902 = ORIENTED_EDGE('',*,*,#16901,.T.);
#16903 = EDGE_LOOP('',(#16890,#16894,#16898,#16902));
#16904 = FACE_OUTER_BOUND('',#16903,.T.);
#16905 = AXIS2_PLACEMENT_3D('',#16874,#4879,#2447);
#16906 = PLANE('',#16905);
#16907 = ADVANCED_FACE('',(#16904),#16906,.T.);
#16908 = VECTOR('',#2447,1.);
#16909 = LINE('',#16875,#16908);
#16910 = EDGE_CURVE('',#16883,#16884,#16909,.T.);
#16911 = ORIENTED_EDGE('',*,*,#16910,.T.);
#16912 = VECTOR('',#2442,1.);
#16913 = LINE('',#16876,#16912);
#16914 = EDGE_CURVE('',#16884,#16885,#16913,.T.);
#16915 = ORIENTED_EDGE('',*,*,#16914,.T.);
#16916 = VECTOR('',#2496,1.);
#16917 = LINE('',#16877,#16916);
#16918 = EDGE_CURVE('',#16885,#16886,#16917,.T.);
#16919 = ORIENTED_EDGE('',*,*,#16918,.T.);
#16920 = VECTOR('',#3067,1.);
#16921 = LINE('',#16878,#16920);
#16922 = EDGE_CURVE('',#16886,#16883,#16921,.T.);
#16923 = ORIENTED_EDGE('',*,*,#16922,.T.);
#16924 = EDGE_LOOP('',(#16911,#16915,#16919,#16923));
#16925 = FACE_OUTER_BOUND('',#16924,.T.);
#16926 = AXIS2_PLACEMENT_3D('',#16875,#7301,#2447);
#16927 = PLANE('',#16926);
#16928 = ADVANCED_FACE('',(#16925),#16927,.T.);
#16929 = ORIENTED_EDGE('',*,*,#16897,.F.);
#16930 = VECTOR('',#7301,1.);
#16931 = LINE('',#16872,#16930);
#16932 = EDGE_CURVE('',#16880,#16884,#16931,.T.);
#16933 = ORIENTED_EDGE('',*,*,#16932,.T.);
#16934 = ORIENTED_EDGE('',*,*,#16910,.F.);
#16935 = VECTOR('',#4879,1.);
#16936 = LINE('',#16875,#16935);
#16937 = EDGE_CURVE('',#16883,#16879,#16936,.T.);
#16938 = ORIENTED_EDGE('',*,*,#16937,.T.);
#16939 = EDGE_LOOP('',(#16929,#16933,#16934,#16938));
#16940 = FACE_OUTER_BOUND('',#16939,.T.);
#16941 = AXIS2_PLACEMENT_3D('',#16871,#3067,#7301);
#16942 = PLANE('',#16941);
#16943 = ADVANCED_FACE('',(#16940),#16942,.T.);
#16944 = ORIENTED_EDGE('',*,*,#16893,.F.);
#16945 = VECTOR('',#7301,1.);
#16946 = LINE('',#16873,#16945);
#16947 = EDGE_CURVE('',#16881,#16885,#16946,.T.);
#16948 = ORIENTED_EDGE('',*,*,#16947,.T.);
#16949 = ORIENTED_EDGE('',*,*,#16914,.F.);
#16950 = ORIENTED_EDGE('',*,*,#16932,.F.);
#16951 = EDGE_LOOP('',(#16944,#16948,#16949,#16950));
#16952 = FACE_OUTER_BOUND('',#16951,.T.);
#16953 = AXIS2_PLACEMENT_3D('',#16872,#2447,#7301);
#16954 = PLANE('',#16953);
#16955 = ADVANCED_FACE('',(#16952),#16954,.T.);
#16956 = ORIENTED_EDGE('',*,*,#16889,.F.);
#16957 = VECTOR('',#7301,1.);
#16958 = LINE('',#16874,#16957);
#16959 = EDGE_CURVE('',#16882,#16886,#16958,.T.);
#16960 = ORIENTED_EDGE('',*,*,#16959,.T.);
#16961 = ORIENTED_EDGE('',*,*,#16918,.F.);
#16962 = ORIENTED_EDGE('',*,*,#16947,.F.);
#16963 = EDGE_LOOP('',(#16956,#16960,#16961,#16962));
#16964 = FACE_OUTER_BOUND('',#16963,.T.);
#16965 = AXIS2_PLACEMENT_3D('',#16873,#2442,#7301);
#16966 = PLANE('',#16965);
#16967 = ADVANCED_FACE('',(#16964),#16966,.T.);
#16968 = ORIENTED_EDGE('',*,*,#16901,.F.);
#16969 = ORIENTED_EDGE('',*,*,#16937,.F.);
#16970 = ORIENTED_EDGE('',*,*,#16922,.F.);
#16971 = ORIENTED_EDGE('',*,*,#16959,.F.);
#16972 = EDGE_LOOP('',(#16968,#16969,#16970,#16971));
#16973 = FACE_OUTER_BOUND('',#16972,.T.);
#16974 = AXIS2_PLACEMENT_3D('',#16874,#2496,#7301);
#16975 = PLANE('',#16974);
#16976 = ADVANCED_FACE('',(#16973),#16975,.T.);
#16977 = CLOSED_SHELL('',(#16907,#16928,#16943,#16955,#16967,#16976));
#16978 = MANIFOLD_SOLID_BREP('PAD_15',#16977);
#16979 = CARTESIAN_POINT('',(3.301,-6.81,-0.02));
#16980 = CARTESIAN_POINT('',(3.811,-6.81,-0.02));
#16981 = CARTESIAN_POINT('',(3.811,-6.09,-0.02));
#16982 = CARTESIAN_POINT('',(3.301,-6.09,-0.02));
#16983 = CARTESIAN_POINT('',(3.301,-6.81,0));
#16984 = CARTESIAN_POINT('',(3.811,-6.81,0));
#16985 = CARTESIAN_POINT('',(3.811,-6.09,0));
#16986 = CARTESIAN_POINT('',(3.301,-6.09,0));
#16987 = VERTEX_POINT('',#16979);
#16988 = VERTEX_POINT('',#16980);
#16989 = VERTEX_POINT('',#16981);
#16990 = VERTEX_POINT('',#16982);
#16991 = VERTEX_POINT('',#16983);
#16992 = VERTEX_POINT('',#16984);
#16993 = VERTEX_POINT('',#16985);
#16994 = VERTEX_POINT('',#16986);
#16995 = VECTOR('',#2447,1.);
#16996 = LINE('',#16982,#16995);
#16997 = EDGE_CURVE('',#16990,#16989,#16996,.T.);
#16998 = ORIENTED_EDGE('',*,*,#16997,.T.);
#16999 = VECTOR('',#3067,1.);
#17000 = LINE('',#16981,#16999);
#17001 = EDGE_CURVE('',#16989,#16988,#17000,.T.);
#17002 = ORIENTED_EDGE('',*,*,#17001,.T.);
#17003 = VECTOR('',#2496,1.);
#17004 = LINE('',#16980,#17003);
#17005 = EDGE_CURVE('',#16988,#16987,#17004,.T.);
#17006 = ORIENTED_EDGE('',*,*,#17005,.T.);
#17007 = VECTOR('',#2442,1.);
#17008 = LINE('',#16979,#17007);
#17009 = EDGE_CURVE('',#16987,#16990,#17008,.T.);
#17010 = ORIENTED_EDGE('',*,*,#17009,.T.);
#17011 = EDGE_LOOP('',(#16998,#17002,#17006,#17010));
#17012 = FACE_OUTER_BOUND('',#17011,.T.);
#17013 = AXIS2_PLACEMENT_3D('',#16982,#4879,#2447);
#17014 = PLANE('',#17013);
#17015 = ADVANCED_FACE('',(#17012),#17014,.T.);
#17016 = VECTOR('',#2447,1.);
#17017 = LINE('',#16983,#17016);
#17018 = EDGE_CURVE('',#16991,#16992,#17017,.T.);
#17019 = ORIENTED_EDGE('',*,*,#17018,.T.);
#17020 = VECTOR('',#2442,1.);
#17021 = LINE('',#16984,#17020);
#17022 = EDGE_CURVE('',#16992,#16993,#17021,.T.);
#17023 = ORIENTED_EDGE('',*,*,#17022,.T.);
#17024 = VECTOR('',#2496,1.);
#17025 = LINE('',#16985,#17024);
#17026 = EDGE_CURVE('',#16993,#16994,#17025,.T.);
#17027 = ORIENTED_EDGE('',*,*,#17026,.T.);
#17028 = VECTOR('',#3067,1.);
#17029 = LINE('',#16986,#17028);
#17030 = EDGE_CURVE('',#16994,#16991,#17029,.T.);
#17031 = ORIENTED_EDGE('',*,*,#17030,.T.);
#17032 = EDGE_LOOP('',(#17019,#17023,#17027,#17031));
#17033 = FACE_OUTER_BOUND('',#17032,.T.);
#17034 = AXIS2_PLACEMENT_3D('',#16983,#7301,#2447);
#17035 = PLANE('',#17034);
#17036 = ADVANCED_FACE('',(#17033),#17035,.T.);
#17037 = ORIENTED_EDGE('',*,*,#17005,.F.);
#17038 = VECTOR('',#7301,1.);
#17039 = LINE('',#16980,#17038);
#17040 = EDGE_CURVE('',#16988,#16992,#17039,.T.);
#17041 = ORIENTED_EDGE('',*,*,#17040,.T.);
#17042 = ORIENTED_EDGE('',*,*,#17018,.F.);
#17043 = VECTOR('',#4879,1.);
#17044 = LINE('',#16983,#17043);
#17045 = EDGE_CURVE('',#16991,#16987,#17044,.T.);
#17046 = ORIENTED_EDGE('',*,*,#17045,.T.);
#17047 = EDGE_LOOP('',(#17037,#17041,#17042,#17046));
#17048 = FACE_OUTER_BOUND('',#17047,.T.);
#17049 = AXIS2_PLACEMENT_3D('',#16979,#3067,#7301);
#17050 = PLANE('',#17049);
#17051 = ADVANCED_FACE('',(#17048),#17050,.T.);
#17052 = ORIENTED_EDGE('',*,*,#17001,.F.);
#17053 = VECTOR('',#7301,1.);
#17054 = LINE('',#16981,#17053);
#17055 = EDGE_CURVE('',#16989,#16993,#17054,.T.);
#17056 = ORIENTED_EDGE('',*,*,#17055,.T.);
#17057 = ORIENTED_EDGE('',*,*,#17022,.F.);
#17058 = ORIENTED_EDGE('',*,*,#17040,.F.);
#17059 = EDGE_LOOP('',(#17052,#17056,#17057,#17058));
#17060 = FACE_OUTER_BOUND('',#17059,.T.);
#17061 = AXIS2_PLACEMENT_3D('',#16980,#2447,#7301);
#17062 = PLANE('',#17061);
#17063 = ADVANCED_FACE('',(#17060),#17062,.T.);
#17064 = ORIENTED_EDGE('',*,*,#16997,.F.);
#17065 = VECTOR('',#7301,1.);
#17066 = LINE('',#16982,#17065);
#17067 = EDGE_CURVE('',#16990,#16994,#17066,.T.);
#17068 = ORIENTED_EDGE('',*,*,#17067,.T.);
#17069 = ORIENTED_EDGE('',*,*,#17026,.F.);
#17070 = ORIENTED_EDGE('',*,*,#17055,.F.);
#17071 = EDGE_LOOP('',(#17064,#17068,#17069,#17070));
#17072 = FACE_OUTER_BOUND('',#17071,.T.);
#17073 = AXIS2_PLACEMENT_3D('',#16981,#2442,#7301);
#17074 = PLANE('',#17073);
#17075 = ADVANCED_FACE('',(#17072),#17074,.T.);
#17076 = ORIENTED_EDGE('',*,*,#17009,.F.);
#17077 = ORIENTED_EDGE('',*,*,#17045,.F.);
#17078 = ORIENTED_EDGE('',*,*,#17030,.F.);
#17079 = ORIENTED_EDGE('',*,*,#17067,.F.);
#17080 = EDGE_LOOP('',(#17076,#17077,#17078,#17079));
#17081 = FACE_OUTER_BOUND('',#17080,.T.);
#17082 = AXIS2_PLACEMENT_3D('',#16982,#2496,#7301);
#17083 = PLANE('',#17082);
#17084 = ADVANCED_FACE('',(#17081),#17083,.T.);
#17085 = CLOSED_SHELL('',(#17015,#17036,#17051,#17063,#17075,#17084));
#17086 = MANIFOLD_SOLID_BREP('PAD_16',#17085);
#17087 = CARTESIAN_POINT('',(4.317,-6.81,-0.02));
#17088 = CARTESIAN_POINT('',(4.827,-6.81,-0.02));
#17089 = CARTESIAN_POINT('',(4.827,-6.09,-0.02));
#17090 = CARTESIAN_POINT('',(4.317,-6.09,-0.02));
#17091 = CARTESIAN_POINT('',(4.317,-6.81,0));
#17092 = CARTESIAN_POINT('',(4.827,-6.81,0));
#17093 = CARTESIAN_POINT('',(4.827,-6.09,0));
#17094 = CARTESIAN_POINT('',(4.317,-6.09,0));
#17095 = VERTEX_POINT('',#17087);
#17096 = VERTEX_POINT('',#17088);
#17097 = VERTEX_POINT('',#17089);
#17098 = VERTEX_POINT('',#17090);
#17099 = VERTEX_POINT('',#17091);
#17100 = VERTEX_POINT('',#17092);
#17101 = VERTEX_POINT('',#17093);
#17102 = VERTEX_POINT('',#17094);
#17103 = VECTOR('',#2447,1.);
#17104 = LINE('',#17090,#17103);
#17105 = EDGE_CURVE('',#17098,#17097,#17104,.T.);
#17106 = ORIENTED_EDGE('',*,*,#17105,.T.);
#17107 = VECTOR('',#3067,1.);
#17108 = LINE('',#17089,#17107);
#17109 = EDGE_CURVE('',#17097,#17096,#17108,.T.);
#17110 = ORIENTED_EDGE('',*,*,#17109,.T.);
#17111 = VECTOR('',#2496,1.);
#17112 = LINE('',#17088,#17111);
#17113 = EDGE_CURVE('',#17096,#17095,#17112,.T.);
#17114 = ORIENTED_EDGE('',*,*,#17113,.T.);
#17115 = VECTOR('',#2442,1.);
#17116 = LINE('',#17087,#17115);
#17117 = EDGE_CURVE('',#17095,#17098,#17116,.T.);
#17118 = ORIENTED_EDGE('',*,*,#17117,.T.);
#17119 = EDGE_LOOP('',(#17106,#17110,#17114,#17118));
#17120 = FACE_OUTER_BOUND('',#17119,.T.);
#17121 = AXIS2_PLACEMENT_3D('',#17090,#4879,#2447);
#17122 = PLANE('',#17121);
#17123 = ADVANCED_FACE('',(#17120),#17122,.T.);
#17124 = VECTOR('',#2447,1.);
#17125 = LINE('',#17091,#17124);
#17126 = EDGE_CURVE('',#17099,#17100,#17125,.T.);
#17127 = ORIENTED_EDGE('',*,*,#17126,.T.);
#17128 = VECTOR('',#2442,1.);
#17129 = LINE('',#17092,#17128);
#17130 = EDGE_CURVE('',#17100,#17101,#17129,.T.);
#17131 = ORIENTED_EDGE('',*,*,#17130,.T.);
#17132 = VECTOR('',#2496,1.);
#17133 = LINE('',#17093,#17132);
#17134 = EDGE_CURVE('',#17101,#17102,#17133,.T.);
#17135 = ORIENTED_EDGE('',*,*,#17134,.T.);
#17136 = VECTOR('',#3067,1.);
#17137 = LINE('',#17094,#17136);
#17138 = EDGE_CURVE('',#17102,#17099,#17137,.T.);
#17139 = ORIENTED_EDGE('',*,*,#17138,.T.);
#17140 = EDGE_LOOP('',(#17127,#17131,#17135,#17139));
#17141 = FACE_OUTER_BOUND('',#17140,.T.);
#17142 = AXIS2_PLACEMENT_3D('',#17091,#7301,#2447);
#17143 = PLANE('',#17142);
#17144 = ADVANCED_FACE('',(#17141),#17143,.T.);
#17145 = ORIENTED_EDGE('',*,*,#17113,.F.);
#17146 = VECTOR('',#7301,1.);
#17147 = LINE('',#17088,#17146);
#17148 = EDGE_CURVE('',#17096,#17100,#17147,.T.);
#17149 = ORIENTED_EDGE('',*,*,#17148,.T.);
#17150 = ORIENTED_EDGE('',*,*,#17126,.F.);
#17151 = VECTOR('',#4879,1.);
#17152 = LINE('',#17091,#17151);
#17153 = EDGE_CURVE('',#17099,#17095,#17152,.T.);
#17154 = ORIENTED_EDGE('',*,*,#17153,.T.);
#17155 = EDGE_LOOP('',(#17145,#17149,#17150,#17154));
#17156 = FACE_OUTER_BOUND('',#17155,.T.);
#17157 = AXIS2_PLACEMENT_3D('',#17087,#3067,#7301);
#17158 = PLANE('',#17157);
#17159 = ADVANCED_FACE('',(#17156),#17158,.T.);
#17160 = ORIENTED_EDGE('',*,*,#17109,.F.);
#17161 = VECTOR('',#7301,1.);
#17162 = LINE('',#17089,#17161);
#17163 = EDGE_CURVE('',#17097,#17101,#17162,.T.);
#17164 = ORIENTED_EDGE('',*,*,#17163,.T.);
#17165 = ORIENTED_EDGE('',*,*,#17130,.F.);
#17166 = ORIENTED_EDGE('',*,*,#17148,.F.);
#17167 = EDGE_LOOP('',(#17160,#17164,#17165,#17166));
#17168 = FACE_OUTER_BOUND('',#17167,.T.);
#17169 = AXIS2_PLACEMENT_3D('',#17088,#2447,#7301);
#17170 = PLANE('',#17169);
#17171 = ADVANCED_FACE('',(#17168),#17170,.T.);
#17172 = ORIENTED_EDGE('',*,*,#17105,.F.);
#17173 = VECTOR('',#7301,1.);
#17174 = LINE('',#17090,#17173);
#17175 = EDGE_CURVE('',#17098,#17102,#17174,.T.);
#17176 = ORIENTED_EDGE('',*,*,#17175,.T.);
#17177 = ORIENTED_EDGE('',*,*,#17134,.F.);
#17178 = ORIENTED_EDGE('',*,*,#17163,.F.);
#17179 = EDGE_LOOP('',(#17172,#17176,#17177,#17178));
#17180 = FACE_OUTER_BOUND('',#17179,.T.);
#17181 = AXIS2_PLACEMENT_3D('',#17089,#2442,#7301);
#17182 = PLANE('',#17181);
#17183 = ADVANCED_FACE('',(#17180),#17182,.T.);
#17184 = ORIENTED_EDGE('',*,*,#17117,.F.);
#17185 = ORIENTED_EDGE('',*,*,#17153,.F.);
#17186 = ORIENTED_EDGE('',*,*,#17138,.F.);
#17187 = ORIENTED_EDGE('',*,*,#17175,.F.);
#17188 = EDGE_LOOP('',(#17184,#17185,#17186,#17187));
#17189 = FACE_OUTER_BOUND('',#17188,.T.);
#17190 = AXIS2_PLACEMENT_3D('',#17090,#2496,#7301);
#17191 = PLANE('',#17190);
#17192 = ADVANCED_FACE('',(#17189),#17191,.T.);
#17193 = CLOSED_SHELL('',(#17123,#17144,#17159,#17171,#17183,#17192));
#17194 = MANIFOLD_SOLID_BREP('PAD_17',#17193);
#17195 = CARTESIAN_POINT('',(5.333,-6.81,-0.02));
#17196 = CARTESIAN_POINT('',(5.843,-6.81,-0.02));
#17197 = CARTESIAN_POINT('',(5.843,-6.09,-0.02));
#17198 = CARTESIAN_POINT('',(5.333,-6.09,-0.02));
#17199 = CARTESIAN_POINT('',(5.333,-6.81,0));
#17200 = CARTESIAN_POINT('',(5.843,-6.81,0));
#17201 = CARTESIAN_POINT('',(5.843,-6.09,0));
#17202 = CARTESIAN_POINT('',(5.333,-6.09,0));
#17203 = VERTEX_POINT('',#17195);
#17204 = VERTEX_POINT('',#17196);
#17205 = VERTEX_POINT('',#17197);
#17206 = VERTEX_POINT('',#17198);
#17207 = VERTEX_POINT('',#17199);
#17208 = VERTEX_POINT('',#17200);
#17209 = VERTEX_POINT('',#17201);
#17210 = VERTEX_POINT('',#17202);
#17211 = VECTOR('',#2447,1.);
#17212 = LINE('',#17198,#17211);
#17213 = EDGE_CURVE('',#17206,#17205,#17212,.T.);
#17214 = ORIENTED_EDGE('',*,*,#17213,.T.);
#17215 = VECTOR('',#3067,1.);
#17216 = LINE('',#17197,#17215);
#17217 = EDGE_CURVE('',#17205,#17204,#17216,.T.);
#17218 = ORIENTED_EDGE('',*,*,#17217,.T.);
#17219 = VECTOR('',#2496,1.);
#17220 = LINE('',#17196,#17219);
#17221 = EDGE_CURVE('',#17204,#17203,#17220,.T.);
#17222 = ORIENTED_EDGE('',*,*,#17221,.T.);
#17223 = VECTOR('',#2442,1.);
#17224 = LINE('',#17195,#17223);
#17225 = EDGE_CURVE('',#17203,#17206,#17224,.T.);
#17226 = ORIENTED_EDGE('',*,*,#17225,.T.);
#17227 = EDGE_LOOP('',(#17214,#17218,#17222,#17226));
#17228 = FACE_OUTER_BOUND('',#17227,.T.);
#17229 = AXIS2_PLACEMENT_3D('',#17198,#4879,#2447);
#17230 = PLANE('',#17229);
#17231 = ADVANCED_FACE('',(#17228),#17230,.T.);
#17232 = VECTOR('',#2447,1.);
#17233 = LINE('',#17199,#17232);
#17234 = EDGE_CURVE('',#17207,#17208,#17233,.T.);
#17235 = ORIENTED_EDGE('',*,*,#17234,.T.);
#17236 = VECTOR('',#2442,1.);
#17237 = LINE('',#17200,#17236);
#17238 = EDGE_CURVE('',#17208,#17209,#17237,.T.);
#17239 = ORIENTED_EDGE('',*,*,#17238,.T.);
#17240 = VECTOR('',#2496,1.);
#17241 = LINE('',#17201,#17240);
#17242 = EDGE_CURVE('',#17209,#17210,#17241,.T.);
#17243 = ORIENTED_EDGE('',*,*,#17242,.T.);
#17244 = VECTOR('',#3067,1.);
#17245 = LINE('',#17202,#17244);
#17246 = EDGE_CURVE('',#17210,#17207,#17245,.T.);
#17247 = ORIENTED_EDGE('',*,*,#17246,.T.);
#17248 = EDGE_LOOP('',(#17235,#17239,#17243,#17247));
#17249 = FACE_OUTER_BOUND('',#17248,.T.);
#17250 = AXIS2_PLACEMENT_3D('',#17199,#7301,#2447);
#17251 = PLANE('',#17250);
#17252 = ADVANCED_FACE('',(#17249),#17251,.T.);
#17253 = ORIENTED_EDGE('',*,*,#17221,.F.);
#17254 = VECTOR('',#7301,1.);
#17255 = LINE('',#17196,#17254);
#17256 = EDGE_CURVE('',#17204,#17208,#17255,.T.);
#17257 = ORIENTED_EDGE('',*,*,#17256,.T.);
#17258 = ORIENTED_EDGE('',*,*,#17234,.F.);
#17259 = VECTOR('',#4879,1.);
#17260 = LINE('',#17199,#17259);
#17261 = EDGE_CURVE('',#17207,#17203,#17260,.T.);
#17262 = ORIENTED_EDGE('',*,*,#17261,.T.);
#17263 = EDGE_LOOP('',(#17253,#17257,#17258,#17262));
#17264 = FACE_OUTER_BOUND('',#17263,.T.);
#17265 = AXIS2_PLACEMENT_3D('',#17195,#3067,#7301);
#17266 = PLANE('',#17265);
#17267 = ADVANCED_FACE('',(#17264),#17266,.T.);
#17268 = ORIENTED_EDGE('',*,*,#17217,.F.);
#17269 = VECTOR('',#7301,1.);
#17270 = LINE('',#17197,#17269);
#17271 = EDGE_CURVE('',#17205,#17209,#17270,.T.);
#17272 = ORIENTED_EDGE('',*,*,#17271,.T.);
#17273 = ORIENTED_EDGE('',*,*,#17238,.F.);
#17274 = ORIENTED_EDGE('',*,*,#17256,.F.);
#17275 = EDGE_LOOP('',(#17268,#17272,#17273,#17274));
#17276 = FACE_OUTER_BOUND('',#17275,.T.);
#17277 = AXIS2_PLACEMENT_3D('',#17196,#2447,#7301);
#17278 = PLANE('',#17277);
#17279 = ADVANCED_FACE('',(#17276),#17278,.T.);
#17280 = ORIENTED_EDGE('',*,*,#17213,.F.);
#17281 = VECTOR('',#7301,1.);
#17282 = LINE('',#17198,#17281);
#17283 = EDGE_CURVE('',#17206,#17210,#17282,.T.);
#17284 = ORIENTED_EDGE('',*,*,#17283,.T.);
#17285 = ORIENTED_EDGE('',*,*,#17242,.F.);
#17286 = ORIENTED_EDGE('',*,*,#17271,.F.);
#17287 = EDGE_LOOP('',(#17280,#17284,#17285,#17286));
#17288 = FACE_OUTER_BOUND('',#17287,.T.);
#17289 = AXIS2_PLACEMENT_3D('',#17197,#2442,#7301);
#17290 = PLANE('',#17289);
#17291 = ADVANCED_FACE('',(#17288),#17290,.T.);
#17292 = ORIENTED_EDGE('',*,*,#17225,.F.);
#17293 = ORIENTED_EDGE('',*,*,#17261,.F.);
#17294 = ORIENTED_EDGE('',*,*,#17246,.F.);
#17295 = ORIENTED_EDGE('',*,*,#17283,.F.);
#17296 = EDGE_LOOP('',(#17292,#17293,#17294,#17295));
#17297 = FACE_OUTER_BOUND('',#17296,.T.);
#17298 = AXIS2_PLACEMENT_3D('',#17198,#2496,#7301);
#17299 = PLANE('',#17298);
#17300 = ADVANCED_FACE('',(#17297),#17299,.T.);
#17301 = CLOSED_SHELL('',(#17231,#17252,#17267,#17279,#17291,#17300));
#17302 = MANIFOLD_SOLID_BREP('PAD_18',#17301);
#17303 = CARTESIAN_POINT('',(6.09,-5.843,-0.02));
#17304 = CARTESIAN_POINT('',(6.81,-5.843,-0.02));
#17305 = CARTESIAN_POINT('',(6.81,-5.333,-0.02));
#17306 = CARTESIAN_POINT('',(6.09,-5.333,-0.02));
#17307 = CARTESIAN_POINT('',(6.09,-5.843,0));
#17308 = CARTESIAN_POINT('',(6.81,-5.843,0));
#17309 = CARTESIAN_POINT('',(6.81,-5.333,0));
#17310 = CARTESIAN_POINT('',(6.09,-5.333,0));
#17311 = VERTEX_POINT('',#17303);
#17312 = VERTEX_POINT('',#17304);
#17313 = VERTEX_POINT('',#17305);
#17314 = VERTEX_POINT('',#17306);
#17315 = VERTEX_POINT('',#17307);
#17316 = VERTEX_POINT('',#17308);
#17317 = VERTEX_POINT('',#17309);
#17318 = VERTEX_POINT('',#17310);
#17319 = VECTOR('',#2447,1.);
#17320 = LINE('',#17306,#17319);
#17321 = EDGE_CURVE('',#17314,#17313,#17320,.T.);
#17322 = ORIENTED_EDGE('',*,*,#17321,.T.);
#17323 = VECTOR('',#3067,1.);
#17324 = LINE('',#17305,#17323);
#17325 = EDGE_CURVE('',#17313,#17312,#17324,.T.);
#17326 = ORIENTED_EDGE('',*,*,#17325,.T.);
#17327 = VECTOR('',#2496,1.);
#17328 = LINE('',#17304,#17327);
#17329 = EDGE_CURVE('',#17312,#17311,#17328,.T.);
#17330 = ORIENTED_EDGE('',*,*,#17329,.T.);
#17331 = VECTOR('',#2442,1.);
#17332 = LINE('',#17303,#17331);
#17333 = EDGE_CURVE('',#17311,#17314,#17332,.T.);
#17334 = ORIENTED_EDGE('',*,*,#17333,.T.);
#17335 = EDGE_LOOP('',(#17322,#17326,#17330,#17334));
#17336 = FACE_OUTER_BOUND('',#17335,.T.);
#17337 = AXIS2_PLACEMENT_3D('',#17306,#4879,#2447);
#17338 = PLANE('',#17337);
#17339 = ADVANCED_FACE('',(#17336),#17338,.T.);
#17340 = VECTOR('',#2447,1.);
#17341 = LINE('',#17307,#17340);
#17342 = EDGE_CURVE('',#17315,#17316,#17341,.T.);
#17343 = ORIENTED_EDGE('',*,*,#17342,.T.);
#17344 = VECTOR('',#2442,1.);
#17345 = LINE('',#17308,#17344);
#17346 = EDGE_CURVE('',#17316,#17317,#17345,.T.);
#17347 = ORIENTED_EDGE('',*,*,#17346,.T.);
#17348 = VECTOR('',#2496,1.);
#17349 = LINE('',#17309,#17348);
#17350 = EDGE_CURVE('',#17317,#17318,#17349,.T.);
#17351 = ORIENTED_EDGE('',*,*,#17350,.T.);
#17352 = VECTOR('',#3067,1.);
#17353 = LINE('',#17310,#17352);
#17354 = EDGE_CURVE('',#17318,#17315,#17353,.T.);
#17355 = ORIENTED_EDGE('',*,*,#17354,.T.);
#17356 = EDGE_LOOP('',(#17343,#17347,#17351,#17355));
#17357 = FACE_OUTER_BOUND('',#17356,.T.);
#17358 = AXIS2_PLACEMENT_3D('',#17307,#7301,#2447);
#17359 = PLANE('',#17358);
#17360 = ADVANCED_FACE('',(#17357),#17359,.T.);
#17361 = ORIENTED_EDGE('',*,*,#17329,.F.);
#17362 = VECTOR('',#7301,1.);
#17363 = LINE('',#17304,#17362);
#17364 = EDGE_CURVE('',#17312,#17316,#17363,.T.);
#17365 = ORIENTED_EDGE('',*,*,#17364,.T.);
#17366 = ORIENTED_EDGE('',*,*,#17342,.F.);
#17367 = VECTOR('',#4879,1.);
#17368 = LINE('',#17307,#17367);
#17369 = EDGE_CURVE('',#17315,#17311,#17368,.T.);
#17370 = ORIENTED_EDGE('',*,*,#17369,.T.);
#17371 = EDGE_LOOP('',(#17361,#17365,#17366,#17370));
#17372 = FACE_OUTER_BOUND('',#17371,.T.);
#17373 = AXIS2_PLACEMENT_3D('',#17303,#3067,#7301);
#17374 = PLANE('',#17373);
#17375 = ADVANCED_FACE('',(#17372),#17374,.T.);
#17376 = ORIENTED_EDGE('',*,*,#17325,.F.);
#17377 = VECTOR('',#7301,1.);
#17378 = LINE('',#17305,#17377);
#17379 = EDGE_CURVE('',#17313,#17317,#17378,.T.);
#17380 = ORIENTED_EDGE('',*,*,#17379,.T.);
#17381 = ORIENTED_EDGE('',*,*,#17346,.F.);
#17382 = ORIENTED_EDGE('',*,*,#17364,.F.);
#17383 = EDGE_LOOP('',(#17376,#17380,#17381,#17382));
#17384 = FACE_OUTER_BOUND('',#17383,.T.);
#17385 = AXIS2_PLACEMENT_3D('',#17304,#2447,#7301);
#17386 = PLANE('',#17385);
#17387 = ADVANCED_FACE('',(#17384),#17386,.T.);
#17388 = ORIENTED_EDGE('',*,*,#17321,.F.);
#17389 = VECTOR('',#7301,1.);
#17390 = LINE('',#17306,#17389);
#17391 = EDGE_CURVE('',#17314,#17318,#17390,.T.);
#17392 = ORIENTED_EDGE('',*,*,#17391,.T.);
#17393 = ORIENTED_EDGE('',*,*,#17350,.F.);
#17394 = ORIENTED_EDGE('',*,*,#17379,.F.);
#17395 = EDGE_LOOP('',(#17388,#17392,#17393,#17394));
#17396 = FACE_OUTER_BOUND('',#17395,.T.);
#17397 = AXIS2_PLACEMENT_3D('',#17305,#2442,#7301);
#17398 = PLANE('',#17397);
#17399 = ADVANCED_FACE('',(#17396),#17398,.T.);
#17400 = ORIENTED_EDGE('',*,*,#17333,.F.);
#17401 = ORIENTED_EDGE('',*,*,#17369,.F.);
#17402 = ORIENTED_EDGE('',*,*,#17354,.F.);
#17403 = ORIENTED_EDGE('',*,*,#17391,.F.);
#17404 = EDGE_LOOP('',(#17400,#17401,#17402,#17403));
#17405 = FACE_OUTER_BOUND('',#17404,.T.);
#17406 = AXIS2_PLACEMENT_3D('',#17306,#2496,#7301);
#17407 = PLANE('',#17406);
#17408 = ADVANCED_FACE('',(#17405),#17407,.T.);
#17409 = CLOSED_SHELL('',(#17339,#17360,#17375,#17387,#17399,#17408));
#17410 = MANIFOLD_SOLID_BREP('PAD_19',#17409);
#17411 = CARTESIAN_POINT('',(6.09,-4.827,-0.02));
#17412 = CARTESIAN_POINT('',(6.81,-4.827,-0.02));
#17413 = CARTESIAN_POINT('',(6.81,-4.317,-0.02));
#17414 = CARTESIAN_POINT('',(6.09,-4.317,-0.02));
#17415 = CARTESIAN_POINT('',(6.09,-4.827,0));
#17416 = CARTESIAN_POINT('',(6.81,-4.827,0));
#17417 = CARTESIAN_POINT('',(6.81,-4.317,0));
#17418 = CARTESIAN_POINT('',(6.09,-4.317,0));
#17419 = VERTEX_POINT('',#17411);
#17420 = VERTEX_POINT('',#17412);
#17421 = VERTEX_POINT('',#17413);
#17422 = VERTEX_POINT('',#17414);
#17423 = VERTEX_POINT('',#17415);
#17424 = VERTEX_POINT('',#17416);
#17425 = VERTEX_POINT('',#17417);
#17426 = VERTEX_POINT('',#17418);
#17427 = VECTOR('',#2447,1.);
#17428 = LINE('',#17414,#17427);
#17429 = EDGE_CURVE('',#17422,#17421,#17428,.T.);
#17430 = ORIENTED_EDGE('',*,*,#17429,.T.);
#17431 = VECTOR('',#3067,1.);
#17432 = LINE('',#17413,#17431);
#17433 = EDGE_CURVE('',#17421,#17420,#17432,.T.);
#17434 = ORIENTED_EDGE('',*,*,#17433,.T.);
#17435 = VECTOR('',#2496,1.);
#17436 = LINE('',#17412,#17435);
#17437 = EDGE_CURVE('',#17420,#17419,#17436,.T.);
#17438 = ORIENTED_EDGE('',*,*,#17437,.T.);
#17439 = VECTOR('',#2442,1.);
#17440 = LINE('',#17411,#17439);
#17441 = EDGE_CURVE('',#17419,#17422,#17440,.T.);
#17442 = ORIENTED_EDGE('',*,*,#17441,.T.);
#17443 = EDGE_LOOP('',(#17430,#17434,#17438,#17442));
#17444 = FACE_OUTER_BOUND('',#17443,.T.);
#17445 = AXIS2_PLACEMENT_3D('',#17414,#4879,#2447);
#17446 = PLANE('',#17445);
#17447 = ADVANCED_FACE('',(#17444),#17446,.T.);
#17448 = VECTOR('',#2447,1.);
#17449 = LINE('',#17415,#17448);
#17450 = EDGE_CURVE('',#17423,#17424,#17449,.T.);
#17451 = ORIENTED_EDGE('',*,*,#17450,.T.);
#17452 = VECTOR('',#2442,1.);
#17453 = LINE('',#17416,#17452);
#17454 = EDGE_CURVE('',#17424,#17425,#17453,.T.);
#17455 = ORIENTED_EDGE('',*,*,#17454,.T.);
#17456 = VECTOR('',#2496,1.);
#17457 = LINE('',#17417,#17456);
#17458 = EDGE_CURVE('',#17425,#17426,#17457,.T.);
#17459 = ORIENTED_EDGE('',*,*,#17458,.T.);
#17460 = VECTOR('',#3067,1.);
#17461 = LINE('',#17418,#17460);
#17462 = EDGE_CURVE('',#17426,#17423,#17461,.T.);
#17463 = ORIENTED_EDGE('',*,*,#17462,.T.);
#17464 = EDGE_LOOP('',(#17451,#17455,#17459,#17463));
#17465 = FACE_OUTER_BOUND('',#17464,.T.);
#17466 = AXIS2_PLACEMENT_3D('',#17415,#7301,#2447);
#17467 = PLANE('',#17466);
#17468 = ADVANCED_FACE('',(#17465),#17467,.T.);
#17469 = ORIENTED_EDGE('',*,*,#17437,.F.);
#17470 = VECTOR('',#7301,1.);
#17471 = LINE('',#17412,#17470);
#17472 = EDGE_CURVE('',#17420,#17424,#17471,.T.);
#17473 = ORIENTED_EDGE('',*,*,#17472,.T.);
#17474 = ORIENTED_EDGE('',*,*,#17450,.F.);
#17475 = VECTOR('',#4879,1.);
#17476 = LINE('',#17415,#17475);
#17477 = EDGE_CURVE('',#17423,#17419,#17476,.T.);
#17478 = ORIENTED_EDGE('',*,*,#17477,.T.);
#17479 = EDGE_LOOP('',(#17469,#17473,#17474,#17478));
#17480 = FACE_OUTER_BOUND('',#17479,.T.);
#17481 = AXIS2_PLACEMENT_3D('',#17411,#3067,#7301);
#17482 = PLANE('',#17481);
#17483 = ADVANCED_FACE('',(#17480),#17482,.T.);
#17484 = ORIENTED_EDGE('',*,*,#17433,.F.);
#17485 = VECTOR('',#7301,1.);
#17486 = LINE('',#17413,#17485);
#17487 = EDGE_CURVE('',#17421,#17425,#17486,.T.);
#17488 = ORIENTED_EDGE('',*,*,#17487,.T.);
#17489 = ORIENTED_EDGE('',*,*,#17454,.F.);
#17490 = ORIENTED_EDGE('',*,*,#17472,.F.);
#17491 = EDGE_LOOP('',(#17484,#17488,#17489,#17490));
#17492 = FACE_OUTER_BOUND('',#17491,.T.);
#17493 = AXIS2_PLACEMENT_3D('',#17412,#2447,#7301);
#17494 = PLANE('',#17493);
#17495 = ADVANCED_FACE('',(#17492),#17494,.T.);
#17496 = ORIENTED_EDGE('',*,*,#17429,.F.);
#17497 = VECTOR('',#7301,1.);
#17498 = LINE('',#17414,#17497);
#17499 = EDGE_CURVE('',#17422,#17426,#17498,.T.);
#17500 = ORIENTED_EDGE('',*,*,#17499,.T.);
#17501 = ORIENTED_EDGE('',*,*,#17458,.F.);
#17502 = ORIENTED_EDGE('',*,*,#17487,.F.);
#17503 = EDGE_LOOP('',(#17496,#17500,#17501,#17502));
#17504 = FACE_OUTER_BOUND('',#17503,.T.);
#17505 = AXIS2_PLACEMENT_3D('',#17413,#2442,#7301);
#17506 = PLANE('',#17505);
#17507 = ADVANCED_FACE('',(#17504),#17506,.T.);
#17508 = ORIENTED_EDGE('',*,*,#17441,.F.);
#17509 = ORIENTED_EDGE('',*,*,#17477,.F.);
#17510 = ORIENTED_EDGE('',*,*,#17462,.F.);
#17511 = ORIENTED_EDGE('',*,*,#17499,.F.);
#17512 = EDGE_LOOP('',(#17508,#17509,#17510,#17511));
#17513 = FACE_OUTER_BOUND('',#17512,.T.);
#17514 = AXIS2_PLACEMENT_3D('',#17414,#2496,#7301);
#17515 = PLANE('',#17514);
#17516 = ADVANCED_FACE('',(#17513),#17515,.T.);
#17517 = CLOSED_SHELL('',(#17447,#17468,#17483,#17495,#17507,#17516));
#17518 = MANIFOLD_SOLID_BREP('PAD_20',#17517);
#17519 = CARTESIAN_POINT('',(6.09,-3.811,-0.02));
#17520 = CARTESIAN_POINT('',(6.81,-3.811,-0.02));
#17521 = CARTESIAN_POINT('',(6.81,-3.301,-0.02));
#17522 = CARTESIAN_POINT('',(6.09,-3.301,-0.02));
#17523 = CARTESIAN_POINT('',(6.09,-3.811,0));
#17524 = CARTESIAN_POINT('',(6.81,-3.811,0));
#17525 = CARTESIAN_POINT('',(6.81,-3.301,0));
#17526 = CARTESIAN_POINT('',(6.09,-3.301,0));
#17527 = VERTEX_POINT('',#17519);
#17528 = VERTEX_POINT('',#17520);
#17529 = VERTEX_POINT('',#17521);
#17530 = VERTEX_POINT('',#17522);
#17531 = VERTEX_POINT('',#17523);
#17532 = VERTEX_POINT('',#17524);
#17533 = VERTEX_POINT('',#17525);
#17534 = VERTEX_POINT('',#17526);
#17535 = VECTOR('',#2447,1.);
#17536 = LINE('',#17522,#17535);
#17537 = EDGE_CURVE('',#17530,#17529,#17536,.T.);
#17538 = ORIENTED_EDGE('',*,*,#17537,.T.);
#17539 = VECTOR('',#3067,1.);
#17540 = LINE('',#17521,#17539);
#17541 = EDGE_CURVE('',#17529,#17528,#17540,.T.);
#17542 = ORIENTED_EDGE('',*,*,#17541,.T.);
#17543 = VECTOR('',#2496,1.);
#17544 = LINE('',#17520,#17543);
#17545 = EDGE_CURVE('',#17528,#17527,#17544,.T.);
#17546 = ORIENTED_EDGE('',*,*,#17545,.T.);
#17547 = VECTOR('',#2442,1.);
#17548 = LINE('',#17519,#17547);
#17549 = EDGE_CURVE('',#17527,#17530,#17548,.T.);
#17550 = ORIENTED_EDGE('',*,*,#17549,.T.);
#17551 = EDGE_LOOP('',(#17538,#17542,#17546,#17550));
#17552 = FACE_OUTER_BOUND('',#17551,.T.);
#17553 = AXIS2_PLACEMENT_3D('',#17522,#4879,#2447);
#17554 = PLANE('',#17553);
#17555 = ADVANCED_FACE('',(#17552),#17554,.T.);
#17556 = VECTOR('',#2447,1.);
#17557 = LINE('',#17523,#17556);
#17558 = EDGE_CURVE('',#17531,#17532,#17557,.T.);
#17559 = ORIENTED_EDGE('',*,*,#17558,.T.);
#17560 = VECTOR('',#2442,1.);
#17561 = LINE('',#17524,#17560);
#17562 = EDGE_CURVE('',#17532,#17533,#17561,.T.);
#17563 = ORIENTED_EDGE('',*,*,#17562,.T.);
#17564 = VECTOR('',#2496,1.);
#17565 = LINE('',#17525,#17564);
#17566 = EDGE_CURVE('',#17533,#17534,#17565,.T.);
#17567 = ORIENTED_EDGE('',*,*,#17566,.T.);
#17568 = VECTOR('',#3067,1.);
#17569 = LINE('',#17526,#17568);
#17570 = EDGE_CURVE('',#17534,#17531,#17569,.T.);
#17571 = ORIENTED_EDGE('',*,*,#17570,.T.);
#17572 = EDGE_LOOP('',(#17559,#17563,#17567,#17571));
#17573 = FACE_OUTER_BOUND('',#17572,.T.);
#17574 = AXIS2_PLACEMENT_3D('',#17523,#7301,#2447);
#17575 = PLANE('',#17574);
#17576 = ADVANCED_FACE('',(#17573),#17575,.T.);
#17577 = ORIENTED_EDGE('',*,*,#17545,.F.);
#17578 = VECTOR('',#7301,1.);
#17579 = LINE('',#17520,#17578);
#17580 = EDGE_CURVE('',#17528,#17532,#17579,.T.);
#17581 = ORIENTED_EDGE('',*,*,#17580,.T.);
#17582 = ORIENTED_EDGE('',*,*,#17558,.F.);
#17583 = VECTOR('',#4879,1.);
#17584 = LINE('',#17523,#17583);
#17585 = EDGE_CURVE('',#17531,#17527,#17584,.T.);
#17586 = ORIENTED_EDGE('',*,*,#17585,.T.);
#17587 = EDGE_LOOP('',(#17577,#17581,#17582,#17586));
#17588 = FACE_OUTER_BOUND('',#17587,.T.);
#17589 = AXIS2_PLACEMENT_3D('',#17519,#3067,#7301);
#17590 = PLANE('',#17589);
#17591 = ADVANCED_FACE('',(#17588),#17590,.T.);
#17592 = ORIENTED_EDGE('',*,*,#17541,.F.);
#17593 = VECTOR('',#7301,1.);
#17594 = LINE('',#17521,#17593);
#17595 = EDGE_CURVE('',#17529,#17533,#17594,.T.);
#17596 = ORIENTED_EDGE('',*,*,#17595,.T.);
#17597 = ORIENTED_EDGE('',*,*,#17562,.F.);
#17598 = ORIENTED_EDGE('',*,*,#17580,.F.);
#17599 = EDGE_LOOP('',(#17592,#17596,#17597,#17598));
#17600 = FACE_OUTER_BOUND('',#17599,.T.);
#17601 = AXIS2_PLACEMENT_3D('',#17520,#2447,#7301);
#17602 = PLANE('',#17601);
#17603 = ADVANCED_FACE('',(#17600),#17602,.T.);
#17604 = ORIENTED_EDGE('',*,*,#17537,.F.);
#17605 = VECTOR('',#7301,1.);
#17606 = LINE('',#17522,#17605);
#17607 = EDGE_CURVE('',#17530,#17534,#17606,.T.);
#17608 = ORIENTED_EDGE('',*,*,#17607,.T.);
#17609 = ORIENTED_EDGE('',*,*,#17566,.F.);
#17610 = ORIENTED_EDGE('',*,*,#17595,.F.);
#17611 = EDGE_LOOP('',(#17604,#17608,#17609,#17610));
#17612 = FACE_OUTER_BOUND('',#17611,.T.);
#17613 = AXIS2_PLACEMENT_3D('',#17521,#2442,#7301);
#17614 = PLANE('',#17613);
#17615 = ADVANCED_FACE('',(#17612),#17614,.T.);
#17616 = ORIENTED_EDGE('',*,*,#17549,.F.);
#17617 = ORIENTED_EDGE('',*,*,#17585,.F.);
#17618 = ORIENTED_EDGE('',*,*,#17570,.F.);
#17619 = ORIENTED_EDGE('',*,*,#17607,.F.);
#17620 = EDGE_LOOP('',(#17616,#17617,#17618,#17619));
#17621 = FACE_OUTER_BOUND('',#17620,.T.);
#17622 = AXIS2_PLACEMENT_3D('',#17522,#2496,#7301);
#17623 = PLANE('',#17622);
#17624 = ADVANCED_FACE('',(#17621),#17623,.T.);
#17625 = CLOSED_SHELL('',(#17555,#17576,#17591,#17603,#17615,#17624));
#17626 = MANIFOLD_SOLID_BREP('PAD_21',#17625);
#17627 = CARTESIAN_POINT('',(6.09,-2.795,-0.02));
#17628 = CARTESIAN_POINT('',(6.81,-2.795,-0.02));
#17629 = CARTESIAN_POINT('',(6.81,-2.285,-0.02));
#17630 = CARTESIAN_POINT('',(6.09,-2.285,-0.02));
#17631 = CARTESIAN_POINT('',(6.09,-2.795,0));
#17632 = CARTESIAN_POINT('',(6.81,-2.795,0));
#17633 = CARTESIAN_POINT('',(6.81,-2.285,0));
#17634 = CARTESIAN_POINT('',(6.09,-2.285,0));
#17635 = VERTEX_POINT('',#17627);
#17636 = VERTEX_POINT('',#17628);
#17637 = VERTEX_POINT('',#17629);
#17638 = VERTEX_POINT('',#17630);
#17639 = VERTEX_POINT('',#17631);
#17640 = VERTEX_POINT('',#17632);
#17641 = VERTEX_POINT('',#17633);
#17642 = VERTEX_POINT('',#17634);
#17643 = VECTOR('',#2447,1.);
#17644 = LINE('',#17630,#17643);
#17645 = EDGE_CURVE('',#17638,#17637,#17644,.T.);
#17646 = ORIENTED_EDGE('',*,*,#17645,.T.);
#17647 = VECTOR('',#3067,1.);
#17648 = LINE('',#17629,#17647);
#17649 = EDGE_CURVE('',#17637,#17636,#17648,.T.);
#17650 = ORIENTED_EDGE('',*,*,#17649,.T.);
#17651 = VECTOR('',#2496,1.);
#17652 = LINE('',#17628,#17651);
#17653 = EDGE_CURVE('',#17636,#17635,#17652,.T.);
#17654 = ORIENTED_EDGE('',*,*,#17653,.T.);
#17655 = VECTOR('',#2442,1.);
#17656 = LINE('',#17627,#17655);
#17657 = EDGE_CURVE('',#17635,#17638,#17656,.T.);
#17658 = ORIENTED_EDGE('',*,*,#17657,.T.);
#17659 = EDGE_LOOP('',(#17646,#17650,#17654,#17658));
#17660 = FACE_OUTER_BOUND('',#17659,.T.);
#17661 = AXIS2_PLACEMENT_3D('',#17630,#4879,#2447);
#17662 = PLANE('',#17661);
#17663 = ADVANCED_FACE('',(#17660),#17662,.T.);
#17664 = VECTOR('',#2447,1.);
#17665 = LINE('',#17631,#17664);
#17666 = EDGE_CURVE('',#17639,#17640,#17665,.T.);
#17667 = ORIENTED_EDGE('',*,*,#17666,.T.);
#17668 = VECTOR('',#2442,1.);
#17669 = LINE('',#17632,#17668);
#17670 = EDGE_CURVE('',#17640,#17641,#17669,.T.);
#17671 = ORIENTED_EDGE('',*,*,#17670,.T.);
#17672 = VECTOR('',#2496,1.);
#17673 = LINE('',#17633,#17672);
#17674 = EDGE_CURVE('',#17641,#17642,#17673,.T.);
#17675 = ORIENTED_EDGE('',*,*,#17674,.T.);
#17676 = VECTOR('',#3067,1.);
#17677 = LINE('',#17634,#17676);
#17678 = EDGE_CURVE('',#17642,#17639,#17677,.T.);
#17679 = ORIENTED_EDGE('',*,*,#17678,.T.);
#17680 = EDGE_LOOP('',(#17667,#17671,#17675,#17679));
#17681 = FACE_OUTER_BOUND('',#17680,.T.);
#17682 = AXIS2_PLACEMENT_3D('',#17631,#7301,#2447);
#17683 = PLANE('',#17682);
#17684 = ADVANCED_FACE('',(#17681),#17683,.T.);
#17685 = ORIENTED_EDGE('',*,*,#17653,.F.);
#17686 = VECTOR('',#7301,1.);
#17687 = LINE('',#17628,#17686);
#17688 = EDGE_CURVE('',#17636,#17640,#17687,.T.);
#17689 = ORIENTED_EDGE('',*,*,#17688,.T.);
#17690 = ORIENTED_EDGE('',*,*,#17666,.F.);
#17691 = VECTOR('',#4879,1.);
#17692 = LINE('',#17631,#17691);
#17693 = EDGE_CURVE('',#17639,#17635,#17692,.T.);
#17694 = ORIENTED_EDGE('',*,*,#17693,.T.);
#17695 = EDGE_LOOP('',(#17685,#17689,#17690,#17694));
#17696 = FACE_OUTER_BOUND('',#17695,.T.);
#17697 = AXIS2_PLACEMENT_3D('',#17627,#3067,#7301);
#17698 = PLANE('',#17697);
#17699 = ADVANCED_FACE('',(#17696),#17698,.T.);
#17700 = ORIENTED_EDGE('',*,*,#17649,.F.);
#17701 = VECTOR('',#7301,1.);
#17702 = LINE('',#17629,#17701);
#17703 = EDGE_CURVE('',#17637,#17641,#17702,.T.);
#17704 = ORIENTED_EDGE('',*,*,#17703,.T.);
#17705 = ORIENTED_EDGE('',*,*,#17670,.F.);
#17706 = ORIENTED_EDGE('',*,*,#17688,.F.);
#17707 = EDGE_LOOP('',(#17700,#17704,#17705,#17706));
#17708 = FACE_OUTER_BOUND('',#17707,.T.);
#17709 = AXIS2_PLACEMENT_3D('',#17628,#2447,#7301);
#17710 = PLANE('',#17709);
#17711 = ADVANCED_FACE('',(#17708),#17710,.T.);
#17712 = ORIENTED_EDGE('',*,*,#17645,.F.);
#17713 = VECTOR('',#7301,1.);
#17714 = LINE('',#17630,#17713);
#17715 = EDGE_CURVE('',#17638,#17642,#17714,.T.);
#17716 = ORIENTED_EDGE('',*,*,#17715,.T.);
#17717 = ORIENTED_EDGE('',*,*,#17674,.F.);
#17718 = ORIENTED_EDGE('',*,*,#17703,.F.);
#17719 = EDGE_LOOP('',(#17712,#17716,#17717,#17718));
#17720 = FACE_OUTER_BOUND('',#17719,.T.);
#17721 = AXIS2_PLACEMENT_3D('',#17629,#2442,#7301);
#17722 = PLANE('',#17721);
#17723 = ADVANCED_FACE('',(#17720),#17722,.T.);
#17724 = ORIENTED_EDGE('',*,*,#17657,.F.);
#17725 = ORIENTED_EDGE('',*,*,#17693,.F.);
#17726 = ORIENTED_EDGE('',*,*,#17678,.F.);
#17727 = ORIENTED_EDGE('',*,*,#17715,.F.);
#17728 = EDGE_LOOP('',(#17724,#17725,#17726,#17727));
#17729 = FACE_OUTER_BOUND('',#17728,.T.);
#17730 = AXIS2_PLACEMENT_3D('',#17630,#2496,#7301);
#17731 = PLANE('',#17730);
#17732 = ADVANCED_FACE('',(#17729),#17731,.T.);
#17733 = CLOSED_SHELL('',(#17663,#17684,#17699,#17711,#17723,#17732));
#17734 = MANIFOLD_SOLID_BREP('PAD_22',#17733);
#17735 = CARTESIAN_POINT('',(6.09,-1.779,-0.02));
#17736 = CARTESIAN_POINT('',(6.81,-1.779,-0.02));
#17737 = CARTESIAN_POINT('',(6.81,-1.269,-0.02));
#17738 = CARTESIAN_POINT('',(6.09,-1.269,-0.02));
#17739 = CARTESIAN_POINT('',(6.09,-1.779,0));
#17740 = CARTESIAN_POINT('',(6.81,-1.779,0));
#17741 = CARTESIAN_POINT('',(6.81,-1.269,0));
#17742 = CARTESIAN_POINT('',(6.09,-1.269,0));
#17743 = VERTEX_POINT('',#17735);
#17744 = VERTEX_POINT('',#17736);
#17745 = VERTEX_POINT('',#17737);
#17746 = VERTEX_POINT('',#17738);
#17747 = VERTEX_POINT('',#17739);
#17748 = VERTEX_POINT('',#17740);
#17749 = VERTEX_POINT('',#17741);
#17750 = VERTEX_POINT('',#17742);
#17751 = VECTOR('',#2447,1.);
#17752 = LINE('',#17738,#17751);
#17753 = EDGE_CURVE('',#17746,#17745,#17752,.T.);
#17754 = ORIENTED_EDGE('',*,*,#17753,.T.);
#17755 = VECTOR('',#3067,1.);
#17756 = LINE('',#17737,#17755);
#17757 = EDGE_CURVE('',#17745,#17744,#17756,.T.);
#17758 = ORIENTED_EDGE('',*,*,#17757,.T.);
#17759 = VECTOR('',#2496,1.);
#17760 = LINE('',#17736,#17759);
#17761 = EDGE_CURVE('',#17744,#17743,#17760,.T.);
#17762 = ORIENTED_EDGE('',*,*,#17761,.T.);
#17763 = VECTOR('',#2442,1.);
#17764 = LINE('',#17735,#17763);
#17765 = EDGE_CURVE('',#17743,#17746,#17764,.T.);
#17766 = ORIENTED_EDGE('',*,*,#17765,.T.);
#17767 = EDGE_LOOP('',(#17754,#17758,#17762,#17766));
#17768 = FACE_OUTER_BOUND('',#17767,.T.);
#17769 = AXIS2_PLACEMENT_3D('',#17738,#4879,#2447);
#17770 = PLANE('',#17769);
#17771 = ADVANCED_FACE('',(#17768),#17770,.T.);
#17772 = VECTOR('',#2447,1.);
#17773 = LINE('',#17739,#17772);
#17774 = EDGE_CURVE('',#17747,#17748,#17773,.T.);
#17775 = ORIENTED_EDGE('',*,*,#17774,.T.);
#17776 = VECTOR('',#2442,1.);
#17777 = LINE('',#17740,#17776);
#17778 = EDGE_CURVE('',#17748,#17749,#17777,.T.);
#17779 = ORIENTED_EDGE('',*,*,#17778,.T.);
#17780 = VECTOR('',#2496,1.);
#17781 = LINE('',#17741,#17780);
#17782 = EDGE_CURVE('',#17749,#17750,#17781,.T.);
#17783 = ORIENTED_EDGE('',*,*,#17782,.T.);
#17784 = VECTOR('',#3067,1.);
#17785 = LINE('',#17742,#17784);
#17786 = EDGE_CURVE('',#17750,#17747,#17785,.T.);
#17787 = ORIENTED_EDGE('',*,*,#17786,.T.);
#17788 = EDGE_LOOP('',(#17775,#17779,#17783,#17787));
#17789 = FACE_OUTER_BOUND('',#17788,.T.);
#17790 = AXIS2_PLACEMENT_3D('',#17739,#7301,#2447);
#17791 = PLANE('',#17790);
#17792 = ADVANCED_FACE('',(#17789),#17791,.T.);
#17793 = ORIENTED_EDGE('',*,*,#17761,.F.);
#17794 = VECTOR('',#7301,1.);
#17795 = LINE('',#17736,#17794);
#17796 = EDGE_CURVE('',#17744,#17748,#17795,.T.);
#17797 = ORIENTED_EDGE('',*,*,#17796,.T.);
#17798 = ORIENTED_EDGE('',*,*,#17774,.F.);
#17799 = VECTOR('',#4879,1.);
#17800 = LINE('',#17739,#17799);
#17801 = EDGE_CURVE('',#17747,#17743,#17800,.T.);
#17802 = ORIENTED_EDGE('',*,*,#17801,.T.);
#17803 = EDGE_LOOP('',(#17793,#17797,#17798,#17802));
#17804 = FACE_OUTER_BOUND('',#17803,.T.);
#17805 = AXIS2_PLACEMENT_3D('',#17735,#3067,#7301);
#17806 = PLANE('',#17805);
#17807 = ADVANCED_FACE('',(#17804),#17806,.T.);
#17808 = ORIENTED_EDGE('',*,*,#17757,.F.);
#17809 = VECTOR('',#7301,1.);
#17810 = LINE('',#17737,#17809);
#17811 = EDGE_CURVE('',#17745,#17749,#17810,.T.);
#17812 = ORIENTED_EDGE('',*,*,#17811,.T.);
#17813 = ORIENTED_EDGE('',*,*,#17778,.F.);
#17814 = ORIENTED_EDGE('',*,*,#17796,.F.);
#17815 = EDGE_LOOP('',(#17808,#17812,#17813,#17814));
#17816 = FACE_OUTER_BOUND('',#17815,.T.);
#17817 = AXIS2_PLACEMENT_3D('',#17736,#2447,#7301);
#17818 = PLANE('',#17817);
#17819 = ADVANCED_FACE('',(#17816),#17818,.T.);
#17820 = ORIENTED_EDGE('',*,*,#17753,.F.);
#17821 = VECTOR('',#7301,1.);
#17822 = LINE('',#17738,#17821);
#17823 = EDGE_CURVE('',#17746,#17750,#17822,.T.);
#17824 = ORIENTED_EDGE('',*,*,#17823,.T.);
#17825 = ORIENTED_EDGE('',*,*,#17782,.F.);
#17826 = ORIENTED_EDGE('',*,*,#17811,.F.);
#17827 = EDGE_LOOP('',(#17820,#17824,#17825,#17826));
#17828 = FACE_OUTER_BOUND('',#17827,.T.);
#17829 = AXIS2_PLACEMENT_3D('',#17737,#2442,#7301);
#17830 = PLANE('',#17829);
#17831 = ADVANCED_FACE('',(#17828),#17830,.T.);
#17832 = ORIENTED_EDGE('',*,*,#17765,.F.);
#17833 = ORIENTED_EDGE('',*,*,#17801,.F.);
#17834 = ORIENTED_EDGE('',*,*,#17786,.F.);
#17835 = ORIENTED_EDGE('',*,*,#17823,.F.);
#17836 = EDGE_LOOP('',(#17832,#17833,#17834,#17835));
#17837 = FACE_OUTER_BOUND('',#17836,.T.);
#17838 = AXIS2_PLACEMENT_3D('',#17738,#2496,#7301);
#17839 = PLANE('',#17838);
#17840 = ADVANCED_FACE('',(#17837),#17839,.T.);
#17841 = CLOSED_SHELL('',(#17771,#17792,#17807,#17819,#17831,#17840));
#17842 = MANIFOLD_SOLID_BREP('PAD_23',#17841);
#17843 = CARTESIAN_POINT('',(6.09,-0.763,-0.02));
#17844 = CARTESIAN_POINT('',(6.81,-0.763,-0.02));
#17845 = CARTESIAN_POINT('',(6.81,-0.253,-0.02));
#17846 = CARTESIAN_POINT('',(6.09,-0.253,-0.02));
#17847 = CARTESIAN_POINT('',(6.09,-0.763,0));
#17848 = CARTESIAN_POINT('',(6.81,-0.763,0));
#17849 = CARTESIAN_POINT('',(6.81,-0.253,0));
#17850 = CARTESIAN_POINT('',(6.09,-0.253,0));
#17851 = VERTEX_POINT('',#17843);
#17852 = VERTEX_POINT('',#17844);
#17853 = VERTEX_POINT('',#17845);
#17854 = VERTEX_POINT('',#17846);
#17855 = VERTEX_POINT('',#17847);
#17856 = VERTEX_POINT('',#17848);
#17857 = VERTEX_POINT('',#17849);
#17858 = VERTEX_POINT('',#17850);
#17859 = VECTOR('',#2447,1.);
#17860 = LINE('',#17846,#17859);
#17861 = EDGE_CURVE('',#17854,#17853,#17860,.T.);
#17862 = ORIENTED_EDGE('',*,*,#17861,.T.);
#17863 = VECTOR('',#3067,1.);
#17864 = LINE('',#17845,#17863);
#17865 = EDGE_CURVE('',#17853,#17852,#17864,.T.);
#17866 = ORIENTED_EDGE('',*,*,#17865,.T.);
#17867 = VECTOR('',#2496,1.);
#17868 = LINE('',#17844,#17867);
#17869 = EDGE_CURVE('',#17852,#17851,#17868,.T.);
#17870 = ORIENTED_EDGE('',*,*,#17869,.T.);
#17871 = VECTOR('',#2442,1.);
#17872 = LINE('',#17843,#17871);
#17873 = EDGE_CURVE('',#17851,#17854,#17872,.T.);
#17874 = ORIENTED_EDGE('',*,*,#17873,.T.);
#17875 = EDGE_LOOP('',(#17862,#17866,#17870,#17874));
#17876 = FACE_OUTER_BOUND('',#17875,.T.);
#17877 = AXIS2_PLACEMENT_3D('',#17846,#4879,#2447);
#17878 = PLANE('',#17877);
#17879 = ADVANCED_FACE('',(#17876),#17878,.T.);
#17880 = VECTOR('',#2447,1.);
#17881 = LINE('',#17847,#17880);
#17882 = EDGE_CURVE('',#17855,#17856,#17881,.T.);
#17883 = ORIENTED_EDGE('',*,*,#17882,.T.);
#17884 = VECTOR('',#2442,1.);
#17885 = LINE('',#17848,#17884);
#17886 = EDGE_CURVE('',#17856,#17857,#17885,.T.);
#17887 = ORIENTED_EDGE('',*,*,#17886,.T.);
#17888 = VECTOR('',#2496,1.);
#17889 = LINE('',#17849,#17888);
#17890 = EDGE_CURVE('',#17857,#17858,#17889,.T.);
#17891 = ORIENTED_EDGE('',*,*,#17890,.T.);
#17892 = VECTOR('',#3067,1.);
#17893 = LINE('',#17850,#17892);
#17894 = EDGE_CURVE('',#17858,#17855,#17893,.T.);
#17895 = ORIENTED_EDGE('',*,*,#17894,.T.);
#17896 = EDGE_LOOP('',(#17883,#17887,#17891,#17895));
#17897 = FACE_OUTER_BOUND('',#17896,.T.);
#17898 = AXIS2_PLACEMENT_3D('',#17847,#7301,#2447);
#17899 = PLANE('',#17898);
#17900 = ADVANCED_FACE('',(#17897),#17899,.T.);
#17901 = ORIENTED_EDGE('',*,*,#17869,.F.);
#17902 = VECTOR('',#7301,1.);
#17903 = LINE('',#17844,#17902);
#17904 = EDGE_CURVE('',#17852,#17856,#17903,.T.);
#17905 = ORIENTED_EDGE('',*,*,#17904,.T.);
#17906 = ORIENTED_EDGE('',*,*,#17882,.F.);
#17907 = VECTOR('',#4879,1.);
#17908 = LINE('',#17847,#17907);
#17909 = EDGE_CURVE('',#17855,#17851,#17908,.T.);
#17910 = ORIENTED_EDGE('',*,*,#17909,.T.);
#17911 = EDGE_LOOP('',(#17901,#17905,#17906,#17910));
#17912 = FACE_OUTER_BOUND('',#17911,.T.);
#17913 = AXIS2_PLACEMENT_3D('',#17843,#3067,#7301);
#17914 = PLANE('',#17913);
#17915 = ADVANCED_FACE('',(#17912),#17914,.T.);
#17916 = ORIENTED_EDGE('',*,*,#17865,.F.);
#17917 = VECTOR('',#7301,1.);
#17918 = LINE('',#17845,#17917);
#17919 = EDGE_CURVE('',#17853,#17857,#17918,.T.);
#17920 = ORIENTED_EDGE('',*,*,#17919,.T.);
#17921 = ORIENTED_EDGE('',*,*,#17886,.F.);
#17922 = ORIENTED_EDGE('',*,*,#17904,.F.);
#17923 = EDGE_LOOP('',(#17916,#17920,#17921,#17922));
#17924 = FACE_OUTER_BOUND('',#17923,.T.);
#17925 = AXIS2_PLACEMENT_3D('',#17844,#2447,#7301);
#17926 = PLANE('',#17925);
#17927 = ADVANCED_FACE('',(#17924),#17926,.T.);
#17928 = ORIENTED_EDGE('',*,*,#17861,.F.);
#17929 = VECTOR('',#7301,1.);
#17930 = LINE('',#17846,#17929);
#17931 = EDGE_CURVE('',#17854,#17858,#17930,.T.);
#17932 = ORIENTED_EDGE('',*,*,#17931,.T.);
#17933 = ORIENTED_EDGE('',*,*,#17890,.F.);
#17934 = ORIENTED_EDGE('',*,*,#17919,.F.);
#17935 = EDGE_LOOP('',(#17928,#17932,#17933,#17934));
#17936 = FACE_OUTER_BOUND('',#17935,.T.);
#17937 = AXIS2_PLACEMENT_3D('',#17845,#2442,#7301);
#17938 = PLANE('',#17937);
#17939 = ADVANCED_FACE('',(#17936),#17938,.T.);
#17940 = ORIENTED_EDGE('',*,*,#17873,.F.);
#17941 = ORIENTED_EDGE('',*,*,#17909,.F.);
#17942 = ORIENTED_EDGE('',*,*,#17894,.F.);
#17943 = ORIENTED_EDGE('',*,*,#17931,.F.);
#17944 = EDGE_LOOP('',(#17940,#17941,#17942,#17943));
#17945 = FACE_OUTER_BOUND('',#17944,.T.);
#17946 = AXIS2_PLACEMENT_3D('',#17846,#2496,#7301);
#17947 = PLANE('',#17946);
#17948 = ADVANCED_FACE('',(#17945),#17947,.T.);
#17949 = CLOSED_SHELL('',(#17879,#17900,#17915,#17927,#17939,#17948));
#17950 = MANIFOLD_SOLID_BREP('PAD_24',#17949);
#17951 = CARTESIAN_POINT('',(6.09,0.253,-0.02));
#17952 = CARTESIAN_POINT('',(6.81,0.253,-0.02));
#17953 = CARTESIAN_POINT('',(6.81,0.763,-0.02));
#17954 = CARTESIAN_POINT('',(6.09,0.763,-0.02));
#17955 = CARTESIAN_POINT('',(6.09,0.253,0));
#17956 = CARTESIAN_POINT('',(6.81,0.253,0));
#17957 = CARTESIAN_POINT('',(6.81,0.763,0));
#17958 = CARTESIAN_POINT('',(6.09,0.763,0));
#17959 = VERTEX_POINT('',#17951);
#17960 = VERTEX_POINT('',#17952);
#17961 = VERTEX_POINT('',#17953);
#17962 = VERTEX_POINT('',#17954);
#17963 = VERTEX_POINT('',#17955);
#17964 = VERTEX_POINT('',#17956);
#17965 = VERTEX_POINT('',#17957);
#17966 = VERTEX_POINT('',#17958);
#17967 = VECTOR('',#2447,1.);
#17968 = LINE('',#17954,#17967);
#17969 = EDGE_CURVE('',#17962,#17961,#17968,.T.);
#17970 = ORIENTED_EDGE('',*,*,#17969,.T.);
#17971 = VECTOR('',#3067,1.);
#17972 = LINE('',#17953,#17971);
#17973 = EDGE_CURVE('',#17961,#17960,#17972,.T.);
#17974 = ORIENTED_EDGE('',*,*,#17973,.T.);
#17975 = VECTOR('',#2496,1.);
#17976 = LINE('',#17952,#17975);
#17977 = EDGE_CURVE('',#17960,#17959,#17976,.T.);
#17978 = ORIENTED_EDGE('',*,*,#17977,.T.);
#17979 = VECTOR('',#2442,1.);
#17980 = LINE('',#17951,#17979);
#17981 = EDGE_CURVE('',#17959,#17962,#17980,.T.);
#17982 = ORIENTED_EDGE('',*,*,#17981,.T.);
#17983 = EDGE_LOOP('',(#17970,#17974,#17978,#17982));
#17984 = FACE_OUTER_BOUND('',#17983,.T.);
#17985 = AXIS2_PLACEMENT_3D('',#17954,#4879,#2447);
#17986 = PLANE('',#17985);
#17987 = ADVANCED_FACE('',(#17984),#17986,.T.);
#17988 = VECTOR('',#2447,1.);
#17989 = LINE('',#17955,#17988);
#17990 = EDGE_CURVE('',#17963,#17964,#17989,.T.);
#17991 = ORIENTED_EDGE('',*,*,#17990,.T.);
#17992 = VECTOR('',#2442,1.);
#17993 = LINE('',#17956,#17992);
#17994 = EDGE_CURVE('',#17964,#17965,#17993,.T.);
#17995 = ORIENTED_EDGE('',*,*,#17994,.T.);
#17996 = VECTOR('',#2496,1.);
#17997 = LINE('',#17957,#17996);
#17998 = EDGE_CURVE('',#17965,#17966,#17997,.T.);
#17999 = ORIENTED_EDGE('',*,*,#17998,.T.);
#18000 = VECTOR('',#3067,1.);
#18001 = LINE('',#17958,#18000);
#18002 = EDGE_CURVE('',#17966,#17963,#18001,.T.);
#18003 = ORIENTED_EDGE('',*,*,#18002,.T.);
#18004 = EDGE_LOOP('',(#17991,#17995,#17999,#18003));
#18005 = FACE_OUTER_BOUND('',#18004,.T.);
#18006 = AXIS2_PLACEMENT_3D('',#17955,#7301,#2447);
#18007 = PLANE('',#18006);
#18008 = ADVANCED_FACE('',(#18005),#18007,.T.);
#18009 = ORIENTED_EDGE('',*,*,#17977,.F.);
#18010 = VECTOR('',#7301,1.);
#18011 = LINE('',#17952,#18010);
#18012 = EDGE_CURVE('',#17960,#17964,#18011,.T.);
#18013 = ORIENTED_EDGE('',*,*,#18012,.T.);
#18014 = ORIENTED_EDGE('',*,*,#17990,.F.);
#18015 = VECTOR('',#4879,1.);
#18016 = LINE('',#17955,#18015);
#18017 = EDGE_CURVE('',#17963,#17959,#18016,.T.);
#18018 = ORIENTED_EDGE('',*,*,#18017,.T.);
#18019 = EDGE_LOOP('',(#18009,#18013,#18014,#18018));
#18020 = FACE_OUTER_BOUND('',#18019,.T.);
#18021 = AXIS2_PLACEMENT_3D('',#17951,#3067,#7301);
#18022 = PLANE('',#18021);
#18023 = ADVANCED_FACE('',(#18020),#18022,.T.);
#18024 = ORIENTED_EDGE('',*,*,#17973,.F.);
#18025 = VECTOR('',#7301,1.);
#18026 = LINE('',#17953,#18025);
#18027 = EDGE_CURVE('',#17961,#17965,#18026,.T.);
#18028 = ORIENTED_EDGE('',*,*,#18027,.T.);
#18029 = ORIENTED_EDGE('',*,*,#17994,.F.);
#18030 = ORIENTED_EDGE('',*,*,#18012,.F.);
#18031 = EDGE_LOOP('',(#18024,#18028,#18029,#18030));
#18032 = FACE_OUTER_BOUND('',#18031,.T.);
#18033 = AXIS2_PLACEMENT_3D('',#17952,#2447,#7301);
#18034 = PLANE('',#18033);
#18035 = ADVANCED_FACE('',(#18032),#18034,.T.);
#18036 = ORIENTED_EDGE('',*,*,#17969,.F.);
#18037 = VECTOR('',#7301,1.);
#18038 = LINE('',#17954,#18037);
#18039 = EDGE_CURVE('',#17962,#17966,#18038,.T.);
#18040 = ORIENTED_EDGE('',*,*,#18039,.T.);
#18041 = ORIENTED_EDGE('',*,*,#17998,.F.);
#18042 = ORIENTED_EDGE('',*,*,#18027,.F.);
#18043 = EDGE_LOOP('',(#18036,#18040,#18041,#18042));
#18044 = FACE_OUTER_BOUND('',#18043,.T.);
#18045 = AXIS2_PLACEMENT_3D('',#17953,#2442,#7301);
#18046 = PLANE('',#18045);
#18047 = ADVANCED_FACE('',(#18044),#18046,.T.);
#18048 = ORIENTED_EDGE('',*,*,#17981,.F.);
#18049 = ORIENTED_EDGE('',*,*,#18017,.F.);
#18050 = ORIENTED_EDGE('',*,*,#18002,.F.);
#18051 = ORIENTED_EDGE('',*,*,#18039,.F.);
#18052 = EDGE_LOOP('',(#18048,#18049,#18050,#18051));
#18053 = FACE_OUTER_BOUND('',#18052,.T.);
#18054 = AXIS2_PLACEMENT_3D('',#17954,#2496,#7301);
#18055 = PLANE('',#18054);
#18056 = ADVANCED_FACE('',(#18053),#18055,.T.);
#18057 = CLOSED_SHELL('',(#17987,#18008,#18023,#18035,#18047,#18056));
#18058 = MANIFOLD_SOLID_BREP('PAD_25',#18057);
#18059 = CARTESIAN_POINT('',(6.09,1.269,-0.02));
#18060 = CARTESIAN_POINT('',(6.81,1.269,-0.02));
#18061 = CARTESIAN_POINT('',(6.81,1.779,-0.02));
#18062 = CARTESIAN_POINT('',(6.09,1.779,-0.02));
#18063 = CARTESIAN_POINT('',(6.09,1.269,0));
#18064 = CARTESIAN_POINT('',(6.81,1.269,0));
#18065 = CARTESIAN_POINT('',(6.81,1.779,0));
#18066 = CARTESIAN_POINT('',(6.09,1.779,0));
#18067 = VERTEX_POINT('',#18059);
#18068 = VERTEX_POINT('',#18060);
#18069 = VERTEX_POINT('',#18061);
#18070 = VERTEX_POINT('',#18062);
#18071 = VERTEX_POINT('',#18063);
#18072 = VERTEX_POINT('',#18064);
#18073 = VERTEX_POINT('',#18065);
#18074 = VERTEX_POINT('',#18066);
#18075 = VECTOR('',#2447,1.);
#18076 = LINE('',#18062,#18075);
#18077 = EDGE_CURVE('',#18070,#18069,#18076,.T.);
#18078 = ORIENTED_EDGE('',*,*,#18077,.T.);
#18079 = VECTOR('',#3067,1.);
#18080 = LINE('',#18061,#18079);
#18081 = EDGE_CURVE('',#18069,#18068,#18080,.T.);
#18082 = ORIENTED_EDGE('',*,*,#18081,.T.);
#18083 = VECTOR('',#2496,1.);
#18084 = LINE('',#18060,#18083);
#18085 = EDGE_CURVE('',#18068,#18067,#18084,.T.);
#18086 = ORIENTED_EDGE('',*,*,#18085,.T.);
#18087 = VECTOR('',#2442,1.);
#18088 = LINE('',#18059,#18087);
#18089 = EDGE_CURVE('',#18067,#18070,#18088,.T.);
#18090 = ORIENTED_EDGE('',*,*,#18089,.T.);
#18091 = EDGE_LOOP('',(#18078,#18082,#18086,#18090));
#18092 = FACE_OUTER_BOUND('',#18091,.T.);
#18093 = AXIS2_PLACEMENT_3D('',#18062,#4879,#2447);
#18094 = PLANE('',#18093);
#18095 = ADVANCED_FACE('',(#18092),#18094,.T.);
#18096 = VECTOR('',#2447,1.);
#18097 = LINE('',#18063,#18096);
#18098 = EDGE_CURVE('',#18071,#18072,#18097,.T.);
#18099 = ORIENTED_EDGE('',*,*,#18098,.T.);
#18100 = VECTOR('',#2442,1.);
#18101 = LINE('',#18064,#18100);
#18102 = EDGE_CURVE('',#18072,#18073,#18101,.T.);
#18103 = ORIENTED_EDGE('',*,*,#18102,.T.);
#18104 = VECTOR('',#2496,1.);
#18105 = LINE('',#18065,#18104);
#18106 = EDGE_CURVE('',#18073,#18074,#18105,.T.);
#18107 = ORIENTED_EDGE('',*,*,#18106,.T.);
#18108 = VECTOR('',#3067,1.);
#18109 = LINE('',#18066,#18108);
#18110 = EDGE_CURVE('',#18074,#18071,#18109,.T.);
#18111 = ORIENTED_EDGE('',*,*,#18110,.T.);
#18112 = EDGE_LOOP('',(#18099,#18103,#18107,#18111));
#18113 = FACE_OUTER_BOUND('',#18112,.T.);
#18114 = AXIS2_PLACEMENT_3D('',#18063,#7301,#2447);
#18115 = PLANE('',#18114);
#18116 = ADVANCED_FACE('',(#18113),#18115,.T.);
#18117 = ORIENTED_EDGE('',*,*,#18085,.F.);
#18118 = VECTOR('',#7301,1.);
#18119 = LINE('',#18060,#18118);
#18120 = EDGE_CURVE('',#18068,#18072,#18119,.T.);
#18121 = ORIENTED_EDGE('',*,*,#18120,.T.);
#18122 = ORIENTED_EDGE('',*,*,#18098,.F.);
#18123 = VECTOR('',#4879,1.);
#18124 = LINE('',#18063,#18123);
#18125 = EDGE_CURVE('',#18071,#18067,#18124,.T.);
#18126 = ORIENTED_EDGE('',*,*,#18125,.T.);
#18127 = EDGE_LOOP('',(#18117,#18121,#18122,#18126));
#18128 = FACE_OUTER_BOUND('',#18127,.T.);
#18129 = AXIS2_PLACEMENT_3D('',#18059,#3067,#7301);
#18130 = PLANE('',#18129);
#18131 = ADVANCED_FACE('',(#18128),#18130,.T.);
#18132 = ORIENTED_EDGE('',*,*,#18081,.F.);
#18133 = VECTOR('',#7301,1.);
#18134 = LINE('',#18061,#18133);
#18135 = EDGE_CURVE('',#18069,#18073,#18134,.T.);
#18136 = ORIENTED_EDGE('',*,*,#18135,.T.);
#18137 = ORIENTED_EDGE('',*,*,#18102,.F.);
#18138 = ORIENTED_EDGE('',*,*,#18120,.F.);
#18139 = EDGE_LOOP('',(#18132,#18136,#18137,#18138));
#18140 = FACE_OUTER_BOUND('',#18139,.T.);
#18141 = AXIS2_PLACEMENT_3D('',#18060,#2447,#7301);
#18142 = PLANE('',#18141);
#18143 = ADVANCED_FACE('',(#18140),#18142,.T.);
#18144 = ORIENTED_EDGE('',*,*,#18077,.F.);
#18145 = VECTOR('',#7301,1.);
#18146 = LINE('',#18062,#18145);
#18147 = EDGE_CURVE('',#18070,#18074,#18146,.T.);
#18148 = ORIENTED_EDGE('',*,*,#18147,.T.);
#18149 = ORIENTED_EDGE('',*,*,#18106,.F.);
#18150 = ORIENTED_EDGE('',*,*,#18135,.F.);
#18151 = EDGE_LOOP('',(#18144,#18148,#18149,#18150));
#18152 = FACE_OUTER_BOUND('',#18151,.T.);
#18153 = AXIS2_PLACEMENT_3D('',#18061,#2442,#7301);
#18154 = PLANE('',#18153);
#18155 = ADVANCED_FACE('',(#18152),#18154,.T.);
#18156 = ORIENTED_EDGE('',*,*,#18089,.F.);
#18157 = ORIENTED_EDGE('',*,*,#18125,.F.);
#18158 = ORIENTED_EDGE('',*,*,#18110,.F.);
#18159 = ORIENTED_EDGE('',*,*,#18147,.F.);
#18160 = EDGE_LOOP('',(#18156,#18157,#18158,#18159));
#18161 = FACE_OUTER_BOUND('',#18160,.T.);
#18162 = AXIS2_PLACEMENT_3D('',#18062,#2496,#7301);
#18163 = PLANE('',#18162);
#18164 = ADVANCED_FACE('',(#18161),#18163,.T.);
#18165 = CLOSED_SHELL('',(#18095,#18116,#18131,#18143,#18155,#18164));
#18166 = MANIFOLD_SOLID_BREP('PAD_26',#18165);
#18167 = CARTESIAN_POINT('',(6.09,2.285,-0.02));
#18168 = CARTESIAN_POINT('',(6.81,2.285,-0.02));
#18169 = CARTESIAN_POINT('',(6.81,2.795,-0.02));
#18170 = CARTESIAN_POINT('',(6.09,2.795,-0.02));
#18171 = CARTESIAN_POINT('',(6.09,2.285,0));
#18172 = CARTESIAN_POINT('',(6.81,2.285,0));
#18173 = CARTESIAN_POINT('',(6.81,2.795,0));
#18174 = CARTESIAN_POINT('',(6.09,2.795,0));
#18175 = VERTEX_POINT('',#18167);
#18176 = VERTEX_POINT('',#18168);
#18177 = VERTEX_POINT('',#18169);
#18178 = VERTEX_POINT('',#18170);
#18179 = VERTEX_POINT('',#18171);
#18180 = VERTEX_POINT('',#18172);
#18181 = VERTEX_POINT('',#18173);
#18182 = VERTEX_POINT('',#18174);
#18183 = VECTOR('',#2447,1.);
#18184 = LINE('',#18170,#18183);
#18185 = EDGE_CURVE('',#18178,#18177,#18184,.T.);
#18186 = ORIENTED_EDGE('',*,*,#18185,.T.);
#18187 = VECTOR('',#3067,1.);
#18188 = LINE('',#18169,#18187);
#18189 = EDGE_CURVE('',#18177,#18176,#18188,.T.);
#18190 = ORIENTED_EDGE('',*,*,#18189,.T.);
#18191 = VECTOR('',#2496,1.);
#18192 = LINE('',#18168,#18191);
#18193 = EDGE_CURVE('',#18176,#18175,#18192,.T.);
#18194 = ORIENTED_EDGE('',*,*,#18193,.T.);
#18195 = VECTOR('',#2442,1.);
#18196 = LINE('',#18167,#18195);
#18197 = EDGE_CURVE('',#18175,#18178,#18196,.T.);
#18198 = ORIENTED_EDGE('',*,*,#18197,.T.);
#18199 = EDGE_LOOP('',(#18186,#18190,#18194,#18198));
#18200 = FACE_OUTER_BOUND('',#18199,.T.);
#18201 = AXIS2_PLACEMENT_3D('',#18170,#4879,#2447);
#18202 = PLANE('',#18201);
#18203 = ADVANCED_FACE('',(#18200),#18202,.T.);
#18204 = VECTOR('',#2447,1.);
#18205 = LINE('',#18171,#18204);
#18206 = EDGE_CURVE('',#18179,#18180,#18205,.T.);
#18207 = ORIENTED_EDGE('',*,*,#18206,.T.);
#18208 = VECTOR('',#2442,1.);
#18209 = LINE('',#18172,#18208);
#18210 = EDGE_CURVE('',#18180,#18181,#18209,.T.);
#18211 = ORIENTED_EDGE('',*,*,#18210,.T.);
#18212 = VECTOR('',#2496,1.);
#18213 = LINE('',#18173,#18212);
#18214 = EDGE_CURVE('',#18181,#18182,#18213,.T.);
#18215 = ORIENTED_EDGE('',*,*,#18214,.T.);
#18216 = VECTOR('',#3067,1.);
#18217 = LINE('',#18174,#18216);
#18218 = EDGE_CURVE('',#18182,#18179,#18217,.T.);
#18219 = ORIENTED_EDGE('',*,*,#18218,.T.);
#18220 = EDGE_LOOP('',(#18207,#18211,#18215,#18219));
#18221 = FACE_OUTER_BOUND('',#18220,.T.);
#18222 = AXIS2_PLACEMENT_3D('',#18171,#7301,#2447);
#18223 = PLANE('',#18222);
#18224 = ADVANCED_FACE('',(#18221),#18223,.T.);
#18225 = ORIENTED_EDGE('',*,*,#18193,.F.);
#18226 = VECTOR('',#7301,1.);
#18227 = LINE('',#18168,#18226);
#18228 = EDGE_CURVE('',#18176,#18180,#18227,.T.);
#18229 = ORIENTED_EDGE('',*,*,#18228,.T.);
#18230 = ORIENTED_EDGE('',*,*,#18206,.F.);
#18231 = VECTOR('',#4879,1.);
#18232 = LINE('',#18171,#18231);
#18233 = EDGE_CURVE('',#18179,#18175,#18232,.T.);
#18234 = ORIENTED_EDGE('',*,*,#18233,.T.);
#18235 = EDGE_LOOP('',(#18225,#18229,#18230,#18234));
#18236 = FACE_OUTER_BOUND('',#18235,.T.);
#18237 = AXIS2_PLACEMENT_3D('',#18167,#3067,#7301);
#18238 = PLANE('',#18237);
#18239 = ADVANCED_FACE('',(#18236),#18238,.T.);
#18240 = ORIENTED_EDGE('',*,*,#18189,.F.);
#18241 = VECTOR('',#7301,1.);
#18242 = LINE('',#18169,#18241);
#18243 = EDGE_CURVE('',#18177,#18181,#18242,.T.);
#18244 = ORIENTED_EDGE('',*,*,#18243,.T.);
#18245 = ORIENTED_EDGE('',*,*,#18210,.F.);
#18246 = ORIENTED_EDGE('',*,*,#18228,.F.);
#18247 = EDGE_LOOP('',(#18240,#18244,#18245,#18246));
#18248 = FACE_OUTER_BOUND('',#18247,.T.);
#18249 = AXIS2_PLACEMENT_3D('',#18168,#2447,#7301);
#18250 = PLANE('',#18249);
#18251 = ADVANCED_FACE('',(#18248),#18250,.T.);
#18252 = ORIENTED_EDGE('',*,*,#18185,.F.);
#18253 = VECTOR('',#7301,1.);
#18254 = LINE('',#18170,#18253);
#18255 = EDGE_CURVE('',#18178,#18182,#18254,.T.);
#18256 = ORIENTED_EDGE('',*,*,#18255,.T.);
#18257 = ORIENTED_EDGE('',*,*,#18214,.F.);
#18258 = ORIENTED_EDGE('',*,*,#18243,.F.);
#18259 = EDGE_LOOP('',(#18252,#18256,#18257,#18258));
#18260 = FACE_OUTER_BOUND('',#18259,.T.);
#18261 = AXIS2_PLACEMENT_3D('',#18169,#2442,#7301);
#18262 = PLANE('',#18261);
#18263 = ADVANCED_FACE('',(#18260),#18262,.T.);
#18264 = ORIENTED_EDGE('',*,*,#18197,.F.);
#18265 = ORIENTED_EDGE('',*,*,#18233,.F.);
#18266 = ORIENTED_EDGE('',*,*,#18218,.F.);
#18267 = ORIENTED_EDGE('',*,*,#18255,.F.);
#18268 = EDGE_LOOP('',(#18264,#18265,#18266,#18267));
#18269 = FACE_OUTER_BOUND('',#18268,.T.);
#18270 = AXIS2_PLACEMENT_3D('',#18170,#2496,#7301);
#18271 = PLANE('',#18270);
#18272 = ADVANCED_FACE('',(#18269),#18271,.T.);
#18273 = CLOSED_SHELL('',(#18203,#18224,#18239,#18251,#18263,#18272));
#18274 = MANIFOLD_SOLID_BREP('PAD_27',#18273);
#18275 = CARTESIAN_POINT('',(6.09,3.301,-0.02));
#18276 = CARTESIAN_POINT('',(6.81,3.301,-0.02));
#18277 = CARTESIAN_POINT('',(6.81,3.811,-0.02));
#18278 = CARTESIAN_POINT('',(6.09,3.811,-0.02));
#18279 = CARTESIAN_POINT('',(6.09,3.301,0));
#18280 = CARTESIAN_POINT('',(6.81,3.301,0));
#18281 = CARTESIAN_POINT('',(6.81,3.811,0));
#18282 = CARTESIAN_POINT('',(6.09,3.811,0));
#18283 = VERTEX_POINT('',#18275);
#18284 = VERTEX_POINT('',#18276);
#18285 = VERTEX_POINT('',#18277);
#18286 = VERTEX_POINT('',#18278);
#18287 = VERTEX_POINT('',#18279);
#18288 = VERTEX_POINT('',#18280);
#18289 = VERTEX_POINT('',#18281);
#18290 = VERTEX_POINT('',#18282);
#18291 = VECTOR('',#2447,1.);
#18292 = LINE('',#18278,#18291);
#18293 = EDGE_CURVE('',#18286,#18285,#18292,.T.);
#18294 = ORIENTED_EDGE('',*,*,#18293,.T.);
#18295 = VECTOR('',#3067,1.);
#18296 = LINE('',#18277,#18295);
#18297 = EDGE_CURVE('',#18285,#18284,#18296,.T.);
#18298 = ORIENTED_EDGE('',*,*,#18297,.T.);
#18299 = VECTOR('',#2496,1.);
#18300 = LINE('',#18276,#18299);
#18301 = EDGE_CURVE('',#18284,#18283,#18300,.T.);
#18302 = ORIENTED_EDGE('',*,*,#18301,.T.);
#18303 = VECTOR('',#2442,1.);
#18304 = LINE('',#18275,#18303);
#18305 = EDGE_CURVE('',#18283,#18286,#18304,.T.);
#18306 = ORIENTED_EDGE('',*,*,#18305,.T.);
#18307 = EDGE_LOOP('',(#18294,#18298,#18302,#18306));
#18308 = FACE_OUTER_BOUND('',#18307,.T.);
#18309 = AXIS2_PLACEMENT_3D('',#18278,#4879,#2447);
#18310 = PLANE('',#18309);
#18311 = ADVANCED_FACE('',(#18308),#18310,.T.);
#18312 = VECTOR('',#2447,1.);
#18313 = LINE('',#18279,#18312);
#18314 = EDGE_CURVE('',#18287,#18288,#18313,.T.);
#18315 = ORIENTED_EDGE('',*,*,#18314,.T.);
#18316 = VECTOR('',#2442,1.);
#18317 = LINE('',#18280,#18316);
#18318 = EDGE_CURVE('',#18288,#18289,#18317,.T.);
#18319 = ORIENTED_EDGE('',*,*,#18318,.T.);
#18320 = VECTOR('',#2496,1.);
#18321 = LINE('',#18281,#18320);
#18322 = EDGE_CURVE('',#18289,#18290,#18321,.T.);
#18323 = ORIENTED_EDGE('',*,*,#18322,.T.);
#18324 = VECTOR('',#3067,1.);
#18325 = LINE('',#18282,#18324);
#18326 = EDGE_CURVE('',#18290,#18287,#18325,.T.);
#18327 = ORIENTED_EDGE('',*,*,#18326,.T.);
#18328 = EDGE_LOOP('',(#18315,#18319,#18323,#18327));
#18329 = FACE_OUTER_BOUND('',#18328,.T.);
#18330 = AXIS2_PLACEMENT_3D('',#18279,#7301,#2447);
#18331 = PLANE('',#18330);
#18332 = ADVANCED_FACE('',(#18329),#18331,.T.);
#18333 = ORIENTED_EDGE('',*,*,#18301,.F.);
#18334 = VECTOR('',#7301,1.);
#18335 = LINE('',#18276,#18334);
#18336 = EDGE_CURVE('',#18284,#18288,#18335,.T.);
#18337 = ORIENTED_EDGE('',*,*,#18336,.T.);
#18338 = ORIENTED_EDGE('',*,*,#18314,.F.);
#18339 = VECTOR('',#4879,1.);
#18340 = LINE('',#18279,#18339);
#18341 = EDGE_CURVE('',#18287,#18283,#18340,.T.);
#18342 = ORIENTED_EDGE('',*,*,#18341,.T.);
#18343 = EDGE_LOOP('',(#18333,#18337,#18338,#18342));
#18344 = FACE_OUTER_BOUND('',#18343,.T.);
#18345 = AXIS2_PLACEMENT_3D('',#18275,#3067,#7301);
#18346 = PLANE('',#18345);
#18347 = ADVANCED_FACE('',(#18344),#18346,.T.);
#18348 = ORIENTED_EDGE('',*,*,#18297,.F.);
#18349 = VECTOR('',#7301,1.);
#18350 = LINE('',#18277,#18349);
#18351 = EDGE_CURVE('',#18285,#18289,#18350,.T.);
#18352 = ORIENTED_EDGE('',*,*,#18351,.T.);
#18353 = ORIENTED_EDGE('',*,*,#18318,.F.);
#18354 = ORIENTED_EDGE('',*,*,#18336,.F.);
#18355 = EDGE_LOOP('',(#18348,#18352,#18353,#18354));
#18356 = FACE_OUTER_BOUND('',#18355,.T.);
#18357 = AXIS2_PLACEMENT_3D('',#18276,#2447,#7301);
#18358 = PLANE('',#18357);
#18359 = ADVANCED_FACE('',(#18356),#18358,.T.);
#18360 = ORIENTED_EDGE('',*,*,#18293,.F.);
#18361 = VECTOR('',#7301,1.);
#18362 = LINE('',#18278,#18361);
#18363 = EDGE_CURVE('',#18286,#18290,#18362,.T.);
#18364 = ORIENTED_EDGE('',*,*,#18363,.T.);
#18365 = ORIENTED_EDGE('',*,*,#18322,.F.);
#18366 = ORIENTED_EDGE('',*,*,#18351,.F.);
#18367 = EDGE_LOOP('',(#18360,#18364,#18365,#18366));
#18368 = FACE_OUTER_BOUND('',#18367,.T.);
#18369 = AXIS2_PLACEMENT_3D('',#18277,#2442,#7301);
#18370 = PLANE('',#18369);
#18371 = ADVANCED_FACE('',(#18368),#18370,.T.);
#18372 = ORIENTED_EDGE('',*,*,#18305,.F.);
#18373 = ORIENTED_EDGE('',*,*,#18341,.F.);
#18374 = ORIENTED_EDGE('',*,*,#18326,.F.);
#18375 = ORIENTED_EDGE('',*,*,#18363,.F.);
#18376 = EDGE_LOOP('',(#18372,#18373,#18374,#18375));
#18377 = FACE_OUTER_BOUND('',#18376,.T.);
#18378 = AXIS2_PLACEMENT_3D('',#18278,#2496,#7301);
#18379 = PLANE('',#18378);
#18380 = ADVANCED_FACE('',(#18377),#18379,.T.);
#18381 = CLOSED_SHELL('',(#18311,#18332,#18347,#18359,#18371,#18380));
#18382 = MANIFOLD_SOLID_BREP('PAD_28',#18381);
#18383 = CARTESIAN_POINT('',(6.09,4.317,-0.02));
#18384 = CARTESIAN_POINT('',(6.81,4.317,-0.02));
#18385 = CARTESIAN_POINT('',(6.81,4.827,-0.02));
#18386 = CARTESIAN_POINT('',(6.09,4.827,-0.02));
#18387 = CARTESIAN_POINT('',(6.09,4.317,0));
#18388 = CARTESIAN_POINT('',(6.81,4.317,0));
#18389 = CARTESIAN_POINT('',(6.81,4.827,0));
#18390 = CARTESIAN_POINT('',(6.09,4.827,0));
#18391 = VERTEX_POINT('',#18383);
#18392 = VERTEX_POINT('',#18384);
#18393 = VERTEX_POINT('',#18385);
#18394 = VERTEX_POINT('',#18386);
#18395 = VERTEX_POINT('',#18387);
#18396 = VERTEX_POINT('',#18388);
#18397 = VERTEX_POINT('',#18389);
#18398 = VERTEX_POINT('',#18390);
#18399 = VECTOR('',#2447,1.);
#18400 = LINE('',#18386,#18399);
#18401 = EDGE_CURVE('',#18394,#18393,#18400,.T.);
#18402 = ORIENTED_EDGE('',*,*,#18401,.T.);
#18403 = VECTOR('',#3067,1.);
#18404 = LINE('',#18385,#18403);
#18405 = EDGE_CURVE('',#18393,#18392,#18404,.T.);
#18406 = ORIENTED_EDGE('',*,*,#18405,.T.);
#18407 = VECTOR('',#2496,1.);
#18408 = LINE('',#18384,#18407);
#18409 = EDGE_CURVE('',#18392,#18391,#18408,.T.);
#18410 = ORIENTED_EDGE('',*,*,#18409,.T.);
#18411 = VECTOR('',#2442,1.);
#18412 = LINE('',#18383,#18411);
#18413 = EDGE_CURVE('',#18391,#18394,#18412,.T.);
#18414 = ORIENTED_EDGE('',*,*,#18413,.T.);
#18415 = EDGE_LOOP('',(#18402,#18406,#18410,#18414));
#18416 = FACE_OUTER_BOUND('',#18415,.T.);
#18417 = AXIS2_PLACEMENT_3D('',#18386,#4879,#2447);
#18418 = PLANE('',#18417);
#18419 = ADVANCED_FACE('',(#18416),#18418,.T.);
#18420 = VECTOR('',#2447,1.);
#18421 = LINE('',#18387,#18420);
#18422 = EDGE_CURVE('',#18395,#18396,#18421,.T.);
#18423 = ORIENTED_EDGE('',*,*,#18422,.T.);
#18424 = VECTOR('',#2442,1.);
#18425 = LINE('',#18388,#18424);
#18426 = EDGE_CURVE('',#18396,#18397,#18425,.T.);
#18427 = ORIENTED_EDGE('',*,*,#18426,.T.);
#18428 = VECTOR('',#2496,1.);
#18429 = LINE('',#18389,#18428);
#18430 = EDGE_CURVE('',#18397,#18398,#18429,.T.);
#18431 = ORIENTED_EDGE('',*,*,#18430,.T.);
#18432 = VECTOR('',#3067,1.);
#18433 = LINE('',#18390,#18432);
#18434 = EDGE_CURVE('',#18398,#18395,#18433,.T.);
#18435 = ORIENTED_EDGE('',*,*,#18434,.T.);
#18436 = EDGE_LOOP('',(#18423,#18427,#18431,#18435));
#18437 = FACE_OUTER_BOUND('',#18436,.T.);
#18438 = AXIS2_PLACEMENT_3D('',#18387,#7301,#2447);
#18439 = PLANE('',#18438);
#18440 = ADVANCED_FACE('',(#18437),#18439,.T.);
#18441 = ORIENTED_EDGE('',*,*,#18409,.F.);
#18442 = VECTOR('',#7301,1.);
#18443 = LINE('',#18384,#18442);
#18444 = EDGE_CURVE('',#18392,#18396,#18443,.T.);
#18445 = ORIENTED_EDGE('',*,*,#18444,.T.);
#18446 = ORIENTED_EDGE('',*,*,#18422,.F.);
#18447 = VECTOR('',#4879,1.);
#18448 = LINE('',#18387,#18447);
#18449 = EDGE_CURVE('',#18395,#18391,#18448,.T.);
#18450 = ORIENTED_EDGE('',*,*,#18449,.T.);
#18451 = EDGE_LOOP('',(#18441,#18445,#18446,#18450));
#18452 = FACE_OUTER_BOUND('',#18451,.T.);
#18453 = AXIS2_PLACEMENT_3D('',#18383,#3067,#7301);
#18454 = PLANE('',#18453);
#18455 = ADVANCED_FACE('',(#18452),#18454,.T.);
#18456 = ORIENTED_EDGE('',*,*,#18405,.F.);
#18457 = VECTOR('',#7301,1.);
#18458 = LINE('',#18385,#18457);
#18459 = EDGE_CURVE('',#18393,#18397,#18458,.T.);
#18460 = ORIENTED_EDGE('',*,*,#18459,.T.);
#18461 = ORIENTED_EDGE('',*,*,#18426,.F.);
#18462 = ORIENTED_EDGE('',*,*,#18444,.F.);
#18463 = EDGE_LOOP('',(#18456,#18460,#18461,#18462));
#18464 = FACE_OUTER_BOUND('',#18463,.T.);
#18465 = AXIS2_PLACEMENT_3D('',#18384,#2447,#7301);
#18466 = PLANE('',#18465);
#18467 = ADVANCED_FACE('',(#18464),#18466,.T.);
#18468 = ORIENTED_EDGE('',*,*,#18401,.F.);
#18469 = VECTOR('',#7301,1.);
#18470 = LINE('',#18386,#18469);
#18471 = EDGE_CURVE('',#18394,#18398,#18470,.T.);
#18472 = ORIENTED_EDGE('',*,*,#18471,.T.);
#18473 = ORIENTED_EDGE('',*,*,#18430,.F.);
#18474 = ORIENTED_EDGE('',*,*,#18459,.F.);
#18475 = EDGE_LOOP('',(#18468,#18472,#18473,#18474));
#18476 = FACE_OUTER_BOUND('',#18475,.T.);
#18477 = AXIS2_PLACEMENT_3D('',#18385,#2442,#7301);
#18478 = PLANE('',#18477);
#18479 = ADVANCED_FACE('',(#18476),#18478,.T.);
#18480 = ORIENTED_EDGE('',*,*,#18413,.F.);
#18481 = ORIENTED_EDGE('',*,*,#18449,.F.);
#18482 = ORIENTED_EDGE('',*,*,#18434,.F.);
#18483 = ORIENTED_EDGE('',*,*,#18471,.F.);
#18484 = EDGE_LOOP('',(#18480,#18481,#18482,#18483));
#18485 = FACE_OUTER_BOUND('',#18484,.T.);
#18486 = AXIS2_PLACEMENT_3D('',#18386,#2496,#7301);
#18487 = PLANE('',#18486);
#18488 = ADVANCED_FACE('',(#18485),#18487,.T.);
#18489 = CLOSED_SHELL('',(#18419,#18440,#18455,#18467,#18479,#18488));
#18490 = MANIFOLD_SOLID_BREP('PAD_29',#18489);
#18491 = CARTESIAN_POINT('',(6.09,5.333,-0.02));
#18492 = CARTESIAN_POINT('',(6.81,5.333,-0.02));
#18493 = CARTESIAN_POINT('',(6.81,5.843,-0.02));
#18494 = CARTESIAN_POINT('',(6.09,5.843,-0.02));
#18495 = CARTESIAN_POINT('',(6.09,5.333,0));
#18496 = CARTESIAN_POINT('',(6.81,5.333,0));
#18497 = CARTESIAN_POINT('',(6.81,5.843,0));
#18498 = CARTESIAN_POINT('',(6.09,5.843,0));
#18499 = VERTEX_POINT('',#18491);
#18500 = VERTEX_POINT('',#18492);
#18501 = VERTEX_POINT('',#18493);
#18502 = VERTEX_POINT('',#18494);
#18503 = VERTEX_POINT('',#18495);
#18504 = VERTEX_POINT('',#18496);
#18505 = VERTEX_POINT('',#18497);
#18506 = VERTEX_POINT('',#18498);
#18507 = VECTOR('',#2447,1.);
#18508 = LINE('',#18494,#18507);
#18509 = EDGE_CURVE('',#18502,#18501,#18508,.T.);
#18510 = ORIENTED_EDGE('',*,*,#18509,.T.);
#18511 = VECTOR('',#3067,1.);
#18512 = LINE('',#18493,#18511);
#18513 = EDGE_CURVE('',#18501,#18500,#18512,.T.);
#18514 = ORIENTED_EDGE('',*,*,#18513,.T.);
#18515 = VECTOR('',#2496,1.);
#18516 = LINE('',#18492,#18515);
#18517 = EDGE_CURVE('',#18500,#18499,#18516,.T.);
#18518 = ORIENTED_EDGE('',*,*,#18517,.T.);
#18519 = VECTOR('',#2442,1.);
#18520 = LINE('',#18491,#18519);
#18521 = EDGE_CURVE('',#18499,#18502,#18520,.T.);
#18522 = ORIENTED_EDGE('',*,*,#18521,.T.);
#18523 = EDGE_LOOP('',(#18510,#18514,#18518,#18522));
#18524 = FACE_OUTER_BOUND('',#18523,.T.);
#18525 = AXIS2_PLACEMENT_3D('',#18494,#4879,#2447);
#18526 = PLANE('',#18525);
#18527 = ADVANCED_FACE('',(#18524),#18526,.T.);
#18528 = VECTOR('',#2447,1.);
#18529 = LINE('',#18495,#18528);
#18530 = EDGE_CURVE('',#18503,#18504,#18529,.T.);
#18531 = ORIENTED_EDGE('',*,*,#18530,.T.);
#18532 = VECTOR('',#2442,1.);
#18533 = LINE('',#18496,#18532);
#18534 = EDGE_CURVE('',#18504,#18505,#18533,.T.);
#18535 = ORIENTED_EDGE('',*,*,#18534,.T.);
#18536 = VECTOR('',#2496,1.);
#18537 = LINE('',#18497,#18536);
#18538 = EDGE_CURVE('',#18505,#18506,#18537,.T.);
#18539 = ORIENTED_EDGE('',*,*,#18538,.T.);
#18540 = VECTOR('',#3067,1.);
#18541 = LINE('',#18498,#18540);
#18542 = EDGE_CURVE('',#18506,#18503,#18541,.T.);
#18543 = ORIENTED_EDGE('',*,*,#18542,.T.);
#18544 = EDGE_LOOP('',(#18531,#18535,#18539,#18543));
#18545 = FACE_OUTER_BOUND('',#18544,.T.);
#18546 = AXIS2_PLACEMENT_3D('',#18495,#7301,#2447);
#18547 = PLANE('',#18546);
#18548 = ADVANCED_FACE('',(#18545),#18547,.T.);
#18549 = ORIENTED_EDGE('',*,*,#18517,.F.);
#18550 = VECTOR('',#7301,1.);
#18551 = LINE('',#18492,#18550);
#18552 = EDGE_CURVE('',#18500,#18504,#18551,.T.);
#18553 = ORIENTED_EDGE('',*,*,#18552,.T.);
#18554 = ORIENTED_EDGE('',*,*,#18530,.F.);
#18555 = VECTOR('',#4879,1.);
#18556 = LINE('',#18495,#18555);
#18557 = EDGE_CURVE('',#18503,#18499,#18556,.T.);
#18558 = ORIENTED_EDGE('',*,*,#18557,.T.);
#18559 = EDGE_LOOP('',(#18549,#18553,#18554,#18558));
#18560 = FACE_OUTER_BOUND('',#18559,.T.);
#18561 = AXIS2_PLACEMENT_3D('',#18491,#3067,#7301);
#18562 = PLANE('',#18561);
#18563 = ADVANCED_FACE('',(#18560),#18562,.T.);
#18564 = ORIENTED_EDGE('',*,*,#18513,.F.);
#18565 = VECTOR('',#7301,1.);
#18566 = LINE('',#18493,#18565);
#18567 = EDGE_CURVE('',#18501,#18505,#18566,.T.);
#18568 = ORIENTED_EDGE('',*,*,#18567,.T.);
#18569 = ORIENTED_EDGE('',*,*,#18534,.F.);
#18570 = ORIENTED_EDGE('',*,*,#18552,.F.);
#18571 = EDGE_LOOP('',(#18564,#18568,#18569,#18570));
#18572 = FACE_OUTER_BOUND('',#18571,.T.);
#18573 = AXIS2_PLACEMENT_3D('',#18492,#2447,#7301);
#18574 = PLANE('',#18573);
#18575 = ADVANCED_FACE('',(#18572),#18574,.T.);
#18576 = ORIENTED_EDGE('',*,*,#18509,.F.);
#18577 = VECTOR('',#7301,1.);
#18578 = LINE('',#18494,#18577);
#18579 = EDGE_CURVE('',#18502,#18506,#18578,.T.);
#18580 = ORIENTED_EDGE('',*,*,#18579,.T.);
#18581 = ORIENTED_EDGE('',*,*,#18538,.F.);
#18582 = ORIENTED_EDGE('',*,*,#18567,.F.);
#18583 = EDGE_LOOP('',(#18576,#18580,#18581,#18582));
#18584 = FACE_OUTER_BOUND('',#18583,.T.);
#18585 = AXIS2_PLACEMENT_3D('',#18493,#2442,#7301);
#18586 = PLANE('',#18585);
#18587 = ADVANCED_FACE('',(#18584),#18586,.T.);
#18588 = ORIENTED_EDGE('',*,*,#18521,.F.);
#18589 = ORIENTED_EDGE('',*,*,#18557,.F.);
#18590 = ORIENTED_EDGE('',*,*,#18542,.F.);
#18591 = ORIENTED_EDGE('',*,*,#18579,.F.);
#18592 = EDGE_LOOP('',(#18588,#18589,#18590,#18591));
#18593 = FACE_OUTER_BOUND('',#18592,.T.);
#18594 = AXIS2_PLACEMENT_3D('',#18494,#2496,#7301);
#18595 = PLANE('',#18594);
#18596 = ADVANCED_FACE('',(#18593),#18595,.T.);
#18597 = CLOSED_SHELL('',(#18527,#18548,#18563,#18575,#18587,#18596));
#18598 = MANIFOLD_SOLID_BREP('PAD_30',#18597);
#18599 = CARTESIAN_POINT('',(5.333,6.09,-0.02));
#18600 = CARTESIAN_POINT('',(5.843,6.09,-0.02));
#18601 = CARTESIAN_POINT('',(5.843,6.81,-0.02));
#18602 = CARTESIAN_POINT('',(5.333,6.81,-0.02));
#18603 = CARTESIAN_POINT('',(5.333,6.09,0));
#18604 = CARTESIAN_POINT('',(5.843,6.09,0));
#18605 = CARTESIAN_POINT('',(5.843,6.81,0));
#18606 = CARTESIAN_POINT('',(5.333,6.81,0));
#18607 = VERTEX_POINT('',#18599);
#18608 = VERTEX_POINT('',#18600);
#18609 = VERTEX_POINT('',#18601);
#18610 = VERTEX_POINT('',#18602);
#18611 = VERTEX_POINT('',#18603);
#18612 = VERTEX_POINT('',#18604);
#18613 = VERTEX_POINT('',#18605);
#18614 = VERTEX_POINT('',#18606);
#18615 = VECTOR('',#2447,1.);
#18616 = LINE('',#18602,#18615);
#18617 = EDGE_CURVE('',#18610,#18609,#18616,.T.);
#18618 = ORIENTED_EDGE('',*,*,#18617,.T.);
#18619 = VECTOR('',#3067,1.);
#18620 = LINE('',#18601,#18619);
#18621 = EDGE_CURVE('',#18609,#18608,#18620,.T.);
#18622 = ORIENTED_EDGE('',*,*,#18621,.T.);
#18623 = VECTOR('',#2496,1.);
#18624 = LINE('',#18600,#18623);
#18625 = EDGE_CURVE('',#18608,#18607,#18624,.T.);
#18626 = ORIENTED_EDGE('',*,*,#18625,.T.);
#18627 = VECTOR('',#2442,1.);
#18628 = LINE('',#18599,#18627);
#18629 = EDGE_CURVE('',#18607,#18610,#18628,.T.);
#18630 = ORIENTED_EDGE('',*,*,#18629,.T.);
#18631 = EDGE_LOOP('',(#18618,#18622,#18626,#18630));
#18632 = FACE_OUTER_BOUND('',#18631,.T.);
#18633 = AXIS2_PLACEMENT_3D('',#18602,#4879,#2447);
#18634 = PLANE('',#18633);
#18635 = ADVANCED_FACE('',(#18632),#18634,.T.);
#18636 = VECTOR('',#2447,1.);
#18637 = LINE('',#18603,#18636);
#18638 = EDGE_CURVE('',#18611,#18612,#18637,.T.);
#18639 = ORIENTED_EDGE('',*,*,#18638,.T.);
#18640 = VECTOR('',#2442,1.);
#18641 = LINE('',#18604,#18640);
#18642 = EDGE_CURVE('',#18612,#18613,#18641,.T.);
#18643 = ORIENTED_EDGE('',*,*,#18642,.T.);
#18644 = VECTOR('',#2496,1.);
#18645 = LINE('',#18605,#18644);
#18646 = EDGE_CURVE('',#18613,#18614,#18645,.T.);
#18647 = ORIENTED_EDGE('',*,*,#18646,.T.);
#18648 = VECTOR('',#3067,1.);
#18649 = LINE('',#18606,#18648);
#18650 = EDGE_CURVE('',#18614,#18611,#18649,.T.);
#18651 = ORIENTED_EDGE('',*,*,#18650,.T.);
#18652 = EDGE_LOOP('',(#18639,#18643,#18647,#18651));
#18653 = FACE_OUTER_BOUND('',#18652,.T.);
#18654 = AXIS2_PLACEMENT_3D('',#18603,#7301,#2447);
#18655 = PLANE('',#18654);
#18656 = ADVANCED_FACE('',(#18653),#18655,.T.);
#18657 = ORIENTED_EDGE('',*,*,#18625,.F.);
#18658 = VECTOR('',#7301,1.);
#18659 = LINE('',#18600,#18658);
#18660 = EDGE_CURVE('',#18608,#18612,#18659,.T.);
#18661 = ORIENTED_EDGE('',*,*,#18660,.T.);
#18662 = ORIENTED_EDGE('',*,*,#18638,.F.);
#18663 = VECTOR('',#4879,1.);
#18664 = LINE('',#18603,#18663);
#18665 = EDGE_CURVE('',#18611,#18607,#18664,.T.);
#18666 = ORIENTED_EDGE('',*,*,#18665,.T.);
#18667 = EDGE_LOOP('',(#18657,#18661,#18662,#18666));
#18668 = FACE_OUTER_BOUND('',#18667,.T.);
#18669 = AXIS2_PLACEMENT_3D('',#18599,#3067,#7301);
#18670 = PLANE('',#18669);
#18671 = ADVANCED_FACE('',(#18668),#18670,.T.);
#18672 = ORIENTED_EDGE('',*,*,#18621,.F.);
#18673 = VECTOR('',#7301,1.);
#18674 = LINE('',#18601,#18673);
#18675 = EDGE_CURVE('',#18609,#18613,#18674,.T.);
#18676 = ORIENTED_EDGE('',*,*,#18675,.T.);
#18677 = ORIENTED_EDGE('',*,*,#18642,.F.);
#18678 = ORIENTED_EDGE('',*,*,#18660,.F.);
#18679 = EDGE_LOOP('',(#18672,#18676,#18677,#18678));
#18680 = FACE_OUTER_BOUND('',#18679,.T.);
#18681 = AXIS2_PLACEMENT_3D('',#18600,#2447,#7301);
#18682 = PLANE('',#18681);
#18683 = ADVANCED_FACE('',(#18680),#18682,.T.);
#18684 = ORIENTED_EDGE('',*,*,#18617,.F.);
#18685 = VECTOR('',#7301,1.);
#18686 = LINE('',#18602,#18685);
#18687 = EDGE_CURVE('',#18610,#18614,#18686,.T.);
#18688 = ORIENTED_EDGE('',*,*,#18687,.T.);
#18689 = ORIENTED_EDGE('',*,*,#18646,.F.);
#18690 = ORIENTED_EDGE('',*,*,#18675,.F.);
#18691 = EDGE_LOOP('',(#18684,#18688,#18689,#18690));
#18692 = FACE_OUTER_BOUND('',#18691,.T.);
#18693 = AXIS2_PLACEMENT_3D('',#18601,#2442,#7301);
#18694 = PLANE('',#18693);
#18695 = ADVANCED_FACE('',(#18692),#18694,.T.);
#18696 = ORIENTED_EDGE('',*,*,#18629,.F.);
#18697 = ORIENTED_EDGE('',*,*,#18665,.F.);
#18698 = ORIENTED_EDGE('',*,*,#18650,.F.);
#18699 = ORIENTED_EDGE('',*,*,#18687,.F.);
#18700 = EDGE_LOOP('',(#18696,#18697,#18698,#18699));
#18701 = FACE_OUTER_BOUND('',#18700,.T.);
#18702 = AXIS2_PLACEMENT_3D('',#18602,#2496,#7301);
#18703 = PLANE('',#18702);
#18704 = ADVANCED_FACE('',(#18701),#18703,.T.);
#18705 = CLOSED_SHELL('',(#18635,#18656,#18671,#18683,#18695,#18704));
#18706 = MANIFOLD_SOLID_BREP('PAD_31',#18705);
#18707 = CARTESIAN_POINT('',(4.317,6.09,-0.02));
#18708 = CARTESIAN_POINT('',(4.827,6.09,-0.02));
#18709 = CARTESIAN_POINT('',(4.827,6.81,-0.02));
#18710 = CARTESIAN_POINT('',(4.317,6.81,-0.02));
#18711 = CARTESIAN_POINT('',(4.317,6.09,0));
#18712 = CARTESIAN_POINT('',(4.827,6.09,0));
#18713 = CARTESIAN_POINT('',(4.827,6.81,0));
#18714 = CARTESIAN_POINT('',(4.317,6.81,0));
#18715 = VERTEX_POINT('',#18707);
#18716 = VERTEX_POINT('',#18708);
#18717 = VERTEX_POINT('',#18709);
#18718 = VERTEX_POINT('',#18710);
#18719 = VERTEX_POINT('',#18711);
#18720 = VERTEX_POINT('',#18712);
#18721 = VERTEX_POINT('',#18713);
#18722 = VERTEX_POINT('',#18714);
#18723 = VECTOR('',#2447,1.);
#18724 = LINE('',#18710,#18723);
#18725 = EDGE_CURVE('',#18718,#18717,#18724,.T.);
#18726 = ORIENTED_EDGE('',*,*,#18725,.T.);
#18727 = VECTOR('',#3067,1.);
#18728 = LINE('',#18709,#18727);
#18729 = EDGE_CURVE('',#18717,#18716,#18728,.T.);
#18730 = ORIENTED_EDGE('',*,*,#18729,.T.);
#18731 = VECTOR('',#2496,1.);
#18732 = LINE('',#18708,#18731);
#18733 = EDGE_CURVE('',#18716,#18715,#18732,.T.);
#18734 = ORIENTED_EDGE('',*,*,#18733,.T.);
#18735 = VECTOR('',#2442,1.);
#18736 = LINE('',#18707,#18735);
#18737 = EDGE_CURVE('',#18715,#18718,#18736,.T.);
#18738 = ORIENTED_EDGE('',*,*,#18737,.T.);
#18739 = EDGE_LOOP('',(#18726,#18730,#18734,#18738));
#18740 = FACE_OUTER_BOUND('',#18739,.T.);
#18741 = AXIS2_PLACEMENT_3D('',#18710,#4879,#2447);
#18742 = PLANE('',#18741);
#18743 = ADVANCED_FACE('',(#18740),#18742,.T.);
#18744 = VECTOR('',#2447,1.);
#18745 = LINE('',#18711,#18744);
#18746 = EDGE_CURVE('',#18719,#18720,#18745,.T.);
#18747 = ORIENTED_EDGE('',*,*,#18746,.T.);
#18748 = VECTOR('',#2442,1.);
#18749 = LINE('',#18712,#18748);
#18750 = EDGE_CURVE('',#18720,#18721,#18749,.T.);
#18751 = ORIENTED_EDGE('',*,*,#18750,.T.);
#18752 = VECTOR('',#2496,1.);
#18753 = LINE('',#18713,#18752);
#18754 = EDGE_CURVE('',#18721,#18722,#18753,.T.);
#18755 = ORIENTED_EDGE('',*,*,#18754,.T.);
#18756 = VECTOR('',#3067,1.);
#18757 = LINE('',#18714,#18756);
#18758 = EDGE_CURVE('',#18722,#18719,#18757,.T.);
#18759 = ORIENTED_EDGE('',*,*,#18758,.T.);
#18760 = EDGE_LOOP('',(#18747,#18751,#18755,#18759));
#18761 = FACE_OUTER_BOUND('',#18760,.T.);
#18762 = AXIS2_PLACEMENT_3D('',#18711,#7301,#2447);
#18763 = PLANE('',#18762);
#18764 = ADVANCED_FACE('',(#18761),#18763,.T.);
#18765 = ORIENTED_EDGE('',*,*,#18733,.F.);
#18766 = VECTOR('',#7301,1.);
#18767 = LINE('',#18708,#18766);
#18768 = EDGE_CURVE('',#18716,#18720,#18767,.T.);
#18769 = ORIENTED_EDGE('',*,*,#18768,.T.);
#18770 = ORIENTED_EDGE('',*,*,#18746,.F.);
#18771 = VECTOR('',#4879,1.);
#18772 = LINE('',#18711,#18771);
#18773 = EDGE_CURVE('',#18719,#18715,#18772,.T.);
#18774 = ORIENTED_EDGE('',*,*,#18773,.T.);
#18775 = EDGE_LOOP('',(#18765,#18769,#18770,#18774));
#18776 = FACE_OUTER_BOUND('',#18775,.T.);
#18777 = AXIS2_PLACEMENT_3D('',#18707,#3067,#7301);
#18778 = PLANE('',#18777);
#18779 = ADVANCED_FACE('',(#18776),#18778,.T.);
#18780 = ORIENTED_EDGE('',*,*,#18729,.F.);
#18781 = VECTOR('',#7301,1.);
#18782 = LINE('',#18709,#18781);
#18783 = EDGE_CURVE('',#18717,#18721,#18782,.T.);
#18784 = ORIENTED_EDGE('',*,*,#18783,.T.);
#18785 = ORIENTED_EDGE('',*,*,#18750,.F.);
#18786 = ORIENTED_EDGE('',*,*,#18768,.F.);
#18787 = EDGE_LOOP('',(#18780,#18784,#18785,#18786));
#18788 = FACE_OUTER_BOUND('',#18787,.T.);
#18789 = AXIS2_PLACEMENT_3D('',#18708,#2447,#7301);
#18790 = PLANE('',#18789);
#18791 = ADVANCED_FACE('',(#18788),#18790,.T.);
#18792 = ORIENTED_EDGE('',*,*,#18725,.F.);
#18793 = VECTOR('',#7301,1.);
#18794 = LINE('',#18710,#18793);
#18795 = EDGE_CURVE('',#18718,#18722,#18794,.T.);
#18796 = ORIENTED_EDGE('',*,*,#18795,.T.);
#18797 = ORIENTED_EDGE('',*,*,#18754,.F.);
#18798 = ORIENTED_EDGE('',*,*,#18783,.F.);
#18799 = EDGE_LOOP('',(#18792,#18796,#18797,#18798));
#18800 = FACE_OUTER_BOUND('',#18799,.T.);
#18801 = AXIS2_PLACEMENT_3D('',#18709,#2442,#7301);
#18802 = PLANE('',#18801);
#18803 = ADVANCED_FACE('',(#18800),#18802,.T.);
#18804 = ORIENTED_EDGE('',*,*,#18737,.F.);
#18805 = ORIENTED_EDGE('',*,*,#18773,.F.);
#18806 = ORIENTED_EDGE('',*,*,#18758,.F.);
#18807 = ORIENTED_EDGE('',*,*,#18795,.F.);
#18808 = EDGE_LOOP('',(#18804,#18805,#18806,#18807));
#18809 = FACE_OUTER_BOUND('',#18808,.T.);
#18810 = AXIS2_PLACEMENT_3D('',#18710,#2496,#7301);
#18811 = PLANE('',#18810);
#18812 = ADVANCED_FACE('',(#18809),#18811,.T.);
#18813 = CLOSED_SHELL('',(#18743,#18764,#18779,#18791,#18803,#18812));
#18814 = MANIFOLD_SOLID_BREP('PAD_32',#18813);
#18815 = CARTESIAN_POINT('',(3.301,6.09,-0.02));
#18816 = CARTESIAN_POINT('',(3.811,6.09,-0.02));
#18817 = CARTESIAN_POINT('',(3.811,6.81,-0.02));
#18818 = CARTESIAN_POINT('',(3.301,6.81,-0.02));
#18819 = CARTESIAN_POINT('',(3.301,6.09,0));
#18820 = CARTESIAN_POINT('',(3.811,6.09,0));
#18821 = CARTESIAN_POINT('',(3.811,6.81,0));
#18822 = CARTESIAN_POINT('',(3.301,6.81,0));
#18823 = VERTEX_POINT('',#18815);
#18824 = VERTEX_POINT('',#18816);
#18825 = VERTEX_POINT('',#18817);
#18826 = VERTEX_POINT('',#18818);
#18827 = VERTEX_POINT('',#18819);
#18828 = VERTEX_POINT('',#18820);
#18829 = VERTEX_POINT('',#18821);
#18830 = VERTEX_POINT('',#18822);
#18831 = VECTOR('',#2447,1.);
#18832 = LINE('',#18818,#18831);
#18833 = EDGE_CURVE('',#18826,#18825,#18832,.T.);
#18834 = ORIENTED_EDGE('',*,*,#18833,.T.);
#18835 = VECTOR('',#3067,1.);
#18836 = LINE('',#18817,#18835);
#18837 = EDGE_CURVE('',#18825,#18824,#18836,.T.);
#18838 = ORIENTED_EDGE('',*,*,#18837,.T.);
#18839 = VECTOR('',#2496,1.);
#18840 = LINE('',#18816,#18839);
#18841 = EDGE_CURVE('',#18824,#18823,#18840,.T.);
#18842 = ORIENTED_EDGE('',*,*,#18841,.T.);
#18843 = VECTOR('',#2442,1.);
#18844 = LINE('',#18815,#18843);
#18845 = EDGE_CURVE('',#18823,#18826,#18844,.T.);
#18846 = ORIENTED_EDGE('',*,*,#18845,.T.);
#18847 = EDGE_LOOP('',(#18834,#18838,#18842,#18846));
#18848 = FACE_OUTER_BOUND('',#18847,.T.);
#18849 = AXIS2_PLACEMENT_3D('',#18818,#4879,#2447);
#18850 = PLANE('',#18849);
#18851 = ADVANCED_FACE('',(#18848),#18850,.T.);
#18852 = VECTOR('',#2447,1.);
#18853 = LINE('',#18819,#18852);
#18854 = EDGE_CURVE('',#18827,#18828,#18853,.T.);
#18855 = ORIENTED_EDGE('',*,*,#18854,.T.);
#18856 = VECTOR('',#2442,1.);
#18857 = LINE('',#18820,#18856);
#18858 = EDGE_CURVE('',#18828,#18829,#18857,.T.);
#18859 = ORIENTED_EDGE('',*,*,#18858,.T.);
#18860 = VECTOR('',#2496,1.);
#18861 = LINE('',#18821,#18860);
#18862 = EDGE_CURVE('',#18829,#18830,#18861,.T.);
#18863 = ORIENTED_EDGE('',*,*,#18862,.T.);
#18864 = VECTOR('',#3067,1.);
#18865 = LINE('',#18822,#18864);
#18866 = EDGE_CURVE('',#18830,#18827,#18865,.T.);
#18867 = ORIENTED_EDGE('',*,*,#18866,.T.);
#18868 = EDGE_LOOP('',(#18855,#18859,#18863,#18867));
#18869 = FACE_OUTER_BOUND('',#18868,.T.);
#18870 = AXIS2_PLACEMENT_3D('',#18819,#7301,#2447);
#18871 = PLANE('',#18870);
#18872 = ADVANCED_FACE('',(#18869),#18871,.T.);
#18873 = ORIENTED_EDGE('',*,*,#18841,.F.);
#18874 = VECTOR('',#7301,1.);
#18875 = LINE('',#18816,#18874);
#18876 = EDGE_CURVE('',#18824,#18828,#18875,.T.);
#18877 = ORIENTED_EDGE('',*,*,#18876,.T.);
#18878 = ORIENTED_EDGE('',*,*,#18854,.F.);
#18879 = VECTOR('',#4879,1.);
#18880 = LINE('',#18819,#18879);
#18881 = EDGE_CURVE('',#18827,#18823,#18880,.T.);
#18882 = ORIENTED_EDGE('',*,*,#18881,.T.);
#18883 = EDGE_LOOP('',(#18873,#18877,#18878,#18882));
#18884 = FACE_OUTER_BOUND('',#18883,.T.);
#18885 = AXIS2_PLACEMENT_3D('',#18815,#3067,#7301);
#18886 = PLANE('',#18885);
#18887 = ADVANCED_FACE('',(#18884),#18886,.T.);
#18888 = ORIENTED_EDGE('',*,*,#18837,.F.);
#18889 = VECTOR('',#7301,1.);
#18890 = LINE('',#18817,#18889);
#18891 = EDGE_CURVE('',#18825,#18829,#18890,.T.);
#18892 = ORIENTED_EDGE('',*,*,#18891,.T.);
#18893 = ORIENTED_EDGE('',*,*,#18858,.F.);
#18894 = ORIENTED_EDGE('',*,*,#18876,.F.);
#18895 = EDGE_LOOP('',(#18888,#18892,#18893,#18894));
#18896 = FACE_OUTER_BOUND('',#18895,.T.);
#18897 = AXIS2_PLACEMENT_3D('',#18816,#2447,#7301);
#18898 = PLANE('',#18897);
#18899 = ADVANCED_FACE('',(#18896),#18898,.T.);
#18900 = ORIENTED_EDGE('',*,*,#18833,.F.);
#18901 = VECTOR('',#7301,1.);
#18902 = LINE('',#18818,#18901);
#18903 = EDGE_CURVE('',#18826,#18830,#18902,.T.);
#18904 = ORIENTED_EDGE('',*,*,#18903,.T.);
#18905 = ORIENTED_EDGE('',*,*,#18862,.F.);
#18906 = ORIENTED_EDGE('',*,*,#18891,.F.);
#18907 = EDGE_LOOP('',(#18900,#18904,#18905,#18906));
#18908 = FACE_OUTER_BOUND('',#18907,.T.);
#18909 = AXIS2_PLACEMENT_3D('',#18817,#2442,#7301);
#18910 = PLANE('',#18909);
#18911 = ADVANCED_FACE('',(#18908),#18910,.T.);
#18912 = ORIENTED_EDGE('',*,*,#18845,.F.);
#18913 = ORIENTED_EDGE('',*,*,#18881,.F.);
#18914 = ORIENTED_EDGE('',*,*,#18866,.F.);
#18915 = ORIENTED_EDGE('',*,*,#18903,.F.);
#18916 = EDGE_LOOP('',(#18912,#18913,#18914,#18915));
#18917 = FACE_OUTER_BOUND('',#18916,.T.);
#18918 = AXIS2_PLACEMENT_3D('',#18818,#2496,#7301);
#18919 = PLANE('',#18918);
#18920 = ADVANCED_FACE('',(#18917),#18919,.T.);
#18921 = CLOSED_SHELL('',(#18851,#18872,#18887,#18899,#18911,#18920));
#18922 = MANIFOLD_SOLID_BREP('PAD_33',#18921);
#18923 = CARTESIAN_POINT('',(2.285,6.09,-0.02));
#18924 = CARTESIAN_POINT('',(2.795,6.09,-0.02));
#18925 = CARTESIAN_POINT('',(2.795,6.81,-0.02));
#18926 = CARTESIAN_POINT('',(2.285,6.81,-0.02));
#18927 = CARTESIAN_POINT('',(2.285,6.09,0));
#18928 = CARTESIAN_POINT('',(2.795,6.09,0));
#18929 = CARTESIAN_POINT('',(2.795,6.81,0));
#18930 = CARTESIAN_POINT('',(2.285,6.81,0));
#18931 = VERTEX_POINT('',#18923);
#18932 = VERTEX_POINT('',#18924);
#18933 = VERTEX_POINT('',#18925);
#18934 = VERTEX_POINT('',#18926);
#18935 = VERTEX_POINT('',#18927);
#18936 = VERTEX_POINT('',#18928);
#18937 = VERTEX_POINT('',#18929);
#18938 = VERTEX_POINT('',#18930);
#18939 = VECTOR('',#2447,1.);
#18940 = LINE('',#18926,#18939);
#18941 = EDGE_CURVE('',#18934,#18933,#18940,.T.);
#18942 = ORIENTED_EDGE('',*,*,#18941,.T.);
#18943 = VECTOR('',#3067,1.);
#18944 = LINE('',#18925,#18943);
#18945 = EDGE_CURVE('',#18933,#18932,#18944,.T.);
#18946 = ORIENTED_EDGE('',*,*,#18945,.T.);
#18947 = VECTOR('',#2496,1.);
#18948 = LINE('',#18924,#18947);
#18949 = EDGE_CURVE('',#18932,#18931,#18948,.T.);
#18950 = ORIENTED_EDGE('',*,*,#18949,.T.);
#18951 = VECTOR('',#2442,1.);
#18952 = LINE('',#18923,#18951);
#18953 = EDGE_CURVE('',#18931,#18934,#18952,.T.);
#18954 = ORIENTED_EDGE('',*,*,#18953,.T.);
#18955 = EDGE_LOOP('',(#18942,#18946,#18950,#18954));
#18956 = FACE_OUTER_BOUND('',#18955,.T.);
#18957 = AXIS2_PLACEMENT_3D('',#18926,#4879,#2447);
#18958 = PLANE('',#18957);
#18959 = ADVANCED_FACE('',(#18956),#18958,.T.);
#18960 = VECTOR('',#2447,1.);
#18961 = LINE('',#18927,#18960);
#18962 = EDGE_CURVE('',#18935,#18936,#18961,.T.);
#18963 = ORIENTED_EDGE('',*,*,#18962,.T.);
#18964 = VECTOR('',#2442,1.);
#18965 = LINE('',#18928,#18964);
#18966 = EDGE_CURVE('',#18936,#18937,#18965,.T.);
#18967 = ORIENTED_EDGE('',*,*,#18966,.T.);
#18968 = VECTOR('',#2496,1.);
#18969 = LINE('',#18929,#18968);
#18970 = EDGE_CURVE('',#18937,#18938,#18969,.T.);
#18971 = ORIENTED_EDGE('',*,*,#18970,.T.);
#18972 = VECTOR('',#3067,1.);
#18973 = LINE('',#18930,#18972);
#18974 = EDGE_CURVE('',#18938,#18935,#18973,.T.);
#18975 = ORIENTED_EDGE('',*,*,#18974,.T.);
#18976 = EDGE_LOOP('',(#18963,#18967,#18971,#18975));
#18977 = FACE_OUTER_BOUND('',#18976,.T.);
#18978 = AXIS2_PLACEMENT_3D('',#18927,#7301,#2447);
#18979 = PLANE('',#18978);
#18980 = ADVANCED_FACE('',(#18977),#18979,.T.);
#18981 = ORIENTED_EDGE('',*,*,#18949,.F.);
#18982 = VECTOR('',#7301,1.);
#18983 = LINE('',#18924,#18982);
#18984 = EDGE_CURVE('',#18932,#18936,#18983,.T.);
#18985 = ORIENTED_EDGE('',*,*,#18984,.T.);
#18986 = ORIENTED_EDGE('',*,*,#18962,.F.);
#18987 = VECTOR('',#4879,1.);
#18988 = LINE('',#18927,#18987);
#18989 = EDGE_CURVE('',#18935,#18931,#18988,.T.);
#18990 = ORIENTED_EDGE('',*,*,#18989,.T.);
#18991 = EDGE_LOOP('',(#18981,#18985,#18986,#18990));
#18992 = FACE_OUTER_BOUND('',#18991,.T.);
#18993 = AXIS2_PLACEMENT_3D('',#18923,#3067,#7301);
#18994 = PLANE('',#18993);
#18995 = ADVANCED_FACE('',(#18992),#18994,.T.);
#18996 = ORIENTED_EDGE('',*,*,#18945,.F.);
#18997 = VECTOR('',#7301,1.);
#18998 = LINE('',#18925,#18997);
#18999 = EDGE_CURVE('',#18933,#18937,#18998,.T.);
#19000 = ORIENTED_EDGE('',*,*,#18999,.T.);
#19001 = ORIENTED_EDGE('',*,*,#18966,.F.);
#19002 = ORIENTED_EDGE('',*,*,#18984,.F.);
#19003 = EDGE_LOOP('',(#18996,#19000,#19001,#19002));
#19004 = FACE_OUTER_BOUND('',#19003,.T.);
#19005 = AXIS2_PLACEMENT_3D('',#18924,#2447,#7301);
#19006 = PLANE('',#19005);
#19007 = ADVANCED_FACE('',(#19004),#19006,.T.);
#19008 = ORIENTED_EDGE('',*,*,#18941,.F.);
#19009 = VECTOR('',#7301,1.);
#19010 = LINE('',#18926,#19009);
#19011 = EDGE_CURVE('',#18934,#18938,#19010,.T.);
#19012 = ORIENTED_EDGE('',*,*,#19011,.T.);
#19013 = ORIENTED_EDGE('',*,*,#18970,.F.);
#19014 = ORIENTED_EDGE('',*,*,#18999,.F.);
#19015 = EDGE_LOOP('',(#19008,#19012,#19013,#19014));
#19016 = FACE_OUTER_BOUND('',#19015,.T.);
#19017 = AXIS2_PLACEMENT_3D('',#18925,#2442,#7301);
#19018 = PLANE('',#19017);
#19019 = ADVANCED_FACE('',(#19016),#19018,.T.);
#19020 = ORIENTED_EDGE('',*,*,#18953,.F.);
#19021 = ORIENTED_EDGE('',*,*,#18989,.F.);
#19022 = ORIENTED_EDGE('',*,*,#18974,.F.);
#19023 = ORIENTED_EDGE('',*,*,#19011,.F.);
#19024 = EDGE_LOOP('',(#19020,#19021,#19022,#19023));
#19025 = FACE_OUTER_BOUND('',#19024,.T.);
#19026 = AXIS2_PLACEMENT_3D('',#18926,#2496,#7301);
#19027 = PLANE('',#19026);
#19028 = ADVANCED_FACE('',(#19025),#19027,.T.);
#19029 = CLOSED_SHELL('',(#18959,#18980,#18995,#19007,#19019,#19028));
#19030 = MANIFOLD_SOLID_BREP('PAD_34',#19029);
#19031 = CARTESIAN_POINT('',(1.269,6.09,-0.02));
#19032 = CARTESIAN_POINT('',(1.779,6.09,-0.02));
#19033 = CARTESIAN_POINT('',(1.779,6.81,-0.02));
#19034 = CARTESIAN_POINT('',(1.269,6.81,-0.02));
#19035 = CARTESIAN_POINT('',(1.269,6.09,0));
#19036 = CARTESIAN_POINT('',(1.779,6.09,0));
#19037 = CARTESIAN_POINT('',(1.779,6.81,0));
#19038 = CARTESIAN_POINT('',(1.269,6.81,0));
#19039 = VERTEX_POINT('',#19031);
#19040 = VERTEX_POINT('',#19032);
#19041 = VERTEX_POINT('',#19033);
#19042 = VERTEX_POINT('',#19034);
#19043 = VERTEX_POINT('',#19035);
#19044 = VERTEX_POINT('',#19036);
#19045 = VERTEX_POINT('',#19037);
#19046 = VERTEX_POINT('',#19038);
#19047 = VECTOR('',#2447,1.);
#19048 = LINE('',#19034,#19047);
#19049 = EDGE_CURVE('',#19042,#19041,#19048,.T.);
#19050 = ORIENTED_EDGE('',*,*,#19049,.T.);
#19051 = VECTOR('',#3067,1.);
#19052 = LINE('',#19033,#19051);
#19053 = EDGE_CURVE('',#19041,#19040,#19052,.T.);
#19054 = ORIENTED_EDGE('',*,*,#19053,.T.);
#19055 = VECTOR('',#2496,1.);
#19056 = LINE('',#19032,#19055);
#19057 = EDGE_CURVE('',#19040,#19039,#19056,.T.);
#19058 = ORIENTED_EDGE('',*,*,#19057,.T.);
#19059 = VECTOR('',#2442,1.);
#19060 = LINE('',#19031,#19059);
#19061 = EDGE_CURVE('',#19039,#19042,#19060,.T.);
#19062 = ORIENTED_EDGE('',*,*,#19061,.T.);
#19063 = EDGE_LOOP('',(#19050,#19054,#19058,#19062));
#19064 = FACE_OUTER_BOUND('',#19063,.T.);
#19065 = AXIS2_PLACEMENT_3D('',#19034,#4879,#2447);
#19066 = PLANE('',#19065);
#19067 = ADVANCED_FACE('',(#19064),#19066,.T.);
#19068 = VECTOR('',#2447,1.);
#19069 = LINE('',#19035,#19068);
#19070 = EDGE_CURVE('',#19043,#19044,#19069,.T.);
#19071 = ORIENTED_EDGE('',*,*,#19070,.T.);
#19072 = VECTOR('',#2442,1.);
#19073 = LINE('',#19036,#19072);
#19074 = EDGE_CURVE('',#19044,#19045,#19073,.T.);
#19075 = ORIENTED_EDGE('',*,*,#19074,.T.);
#19076 = VECTOR('',#2496,1.);
#19077 = LINE('',#19037,#19076);
#19078 = EDGE_CURVE('',#19045,#19046,#19077,.T.);
#19079 = ORIENTED_EDGE('',*,*,#19078,.T.);
#19080 = VECTOR('',#3067,1.);
#19081 = LINE('',#19038,#19080);
#19082 = EDGE_CURVE('',#19046,#19043,#19081,.T.);
#19083 = ORIENTED_EDGE('',*,*,#19082,.T.);
#19084 = EDGE_LOOP('',(#19071,#19075,#19079,#19083));
#19085 = FACE_OUTER_BOUND('',#19084,.T.);
#19086 = AXIS2_PLACEMENT_3D('',#19035,#7301,#2447);
#19087 = PLANE('',#19086);
#19088 = ADVANCED_FACE('',(#19085),#19087,.T.);
#19089 = ORIENTED_EDGE('',*,*,#19057,.F.);
#19090 = VECTOR('',#7301,1.);
#19091 = LINE('',#19032,#19090);
#19092 = EDGE_CURVE('',#19040,#19044,#19091,.T.);
#19093 = ORIENTED_EDGE('',*,*,#19092,.T.);
#19094 = ORIENTED_EDGE('',*,*,#19070,.F.);
#19095 = VECTOR('',#4879,1.);
#19096 = LINE('',#19035,#19095);
#19097 = EDGE_CURVE('',#19043,#19039,#19096,.T.);
#19098 = ORIENTED_EDGE('',*,*,#19097,.T.);
#19099 = EDGE_LOOP('',(#19089,#19093,#19094,#19098));
#19100 = FACE_OUTER_BOUND('',#19099,.T.);
#19101 = AXIS2_PLACEMENT_3D('',#19031,#3067,#7301);
#19102 = PLANE('',#19101);
#19103 = ADVANCED_FACE('',(#19100),#19102,.T.);
#19104 = ORIENTED_EDGE('',*,*,#19053,.F.);
#19105 = VECTOR('',#7301,1.);
#19106 = LINE('',#19033,#19105);
#19107 = EDGE_CURVE('',#19041,#19045,#19106,.T.);
#19108 = ORIENTED_EDGE('',*,*,#19107,.T.);
#19109 = ORIENTED_EDGE('',*,*,#19074,.F.);
#19110 = ORIENTED_EDGE('',*,*,#19092,.F.);
#19111 = EDGE_LOOP('',(#19104,#19108,#19109,#19110));
#19112 = FACE_OUTER_BOUND('',#19111,.T.);
#19113 = AXIS2_PLACEMENT_3D('',#19032,#2447,#7301);
#19114 = PLANE('',#19113);
#19115 = ADVANCED_FACE('',(#19112),#19114,.T.);
#19116 = ORIENTED_EDGE('',*,*,#19049,.F.);
#19117 = VECTOR('',#7301,1.);
#19118 = LINE('',#19034,#19117);
#19119 = EDGE_CURVE('',#19042,#19046,#19118,.T.);
#19120 = ORIENTED_EDGE('',*,*,#19119,.T.);
#19121 = ORIENTED_EDGE('',*,*,#19078,.F.);
#19122 = ORIENTED_EDGE('',*,*,#19107,.F.);
#19123 = EDGE_LOOP('',(#19116,#19120,#19121,#19122));
#19124 = FACE_OUTER_BOUND('',#19123,.T.);
#19125 = AXIS2_PLACEMENT_3D('',#19033,#2442,#7301);
#19126 = PLANE('',#19125);
#19127 = ADVANCED_FACE('',(#19124),#19126,.T.);
#19128 = ORIENTED_EDGE('',*,*,#19061,.F.);
#19129 = ORIENTED_EDGE('',*,*,#19097,.F.);
#19130 = ORIENTED_EDGE('',*,*,#19082,.F.);
#19131 = ORIENTED_EDGE('',*,*,#19119,.F.);
#19132 = EDGE_LOOP('',(#19128,#19129,#19130,#19131));
#19133 = FACE_OUTER_BOUND('',#19132,.T.);
#19134 = AXIS2_PLACEMENT_3D('',#19034,#2496,#7301);
#19135 = PLANE('',#19134);
#19136 = ADVANCED_FACE('',(#19133),#19135,.T.);
#19137 = CLOSED_SHELL('',(#19067,#19088,#19103,#19115,#19127,#19136));
#19138 = MANIFOLD_SOLID_BREP('PAD_35',#19137);
#19139 = CARTESIAN_POINT('',(0.253,6.09,-0.02));
#19140 = CARTESIAN_POINT('',(0.763,6.09,-0.02));
#19141 = CARTESIAN_POINT('',(0.763,6.81,-0.02));
#19142 = CARTESIAN_POINT('',(0.253,6.81,-0.02));
#19143 = CARTESIAN_POINT('',(0.253,6.09,0));
#19144 = CARTESIAN_POINT('',(0.763,6.09,0));
#19145 = CARTESIAN_POINT('',(0.763,6.81,0));
#19146 = CARTESIAN_POINT('',(0.253,6.81,0));
#19147 = VERTEX_POINT('',#19139);
#19148 = VERTEX_POINT('',#19140);
#19149 = VERTEX_POINT('',#19141);
#19150 = VERTEX_POINT('',#19142);
#19151 = VERTEX_POINT('',#19143);
#19152 = VERTEX_POINT('',#19144);
#19153 = VERTEX_POINT('',#19145);
#19154 = VERTEX_POINT('',#19146);
#19155 = VECTOR('',#2447,1.);
#19156 = LINE('',#19142,#19155);
#19157 = EDGE_CURVE('',#19150,#19149,#19156,.T.);
#19158 = ORIENTED_EDGE('',*,*,#19157,.T.);
#19159 = VECTOR('',#3067,1.);
#19160 = LINE('',#19141,#19159);
#19161 = EDGE_CURVE('',#19149,#19148,#19160,.T.);
#19162 = ORIENTED_EDGE('',*,*,#19161,.T.);
#19163 = VECTOR('',#2496,1.);
#19164 = LINE('',#19140,#19163);
#19165 = EDGE_CURVE('',#19148,#19147,#19164,.T.);
#19166 = ORIENTED_EDGE('',*,*,#19165,.T.);
#19167 = VECTOR('',#2442,1.);
#19168 = LINE('',#19139,#19167);
#19169 = EDGE_CURVE('',#19147,#19150,#19168,.T.);
#19170 = ORIENTED_EDGE('',*,*,#19169,.T.);
#19171 = EDGE_LOOP('',(#19158,#19162,#19166,#19170));
#19172 = FACE_OUTER_BOUND('',#19171,.T.);
#19173 = AXIS2_PLACEMENT_3D('',#19142,#4879,#2447);
#19174 = PLANE('',#19173);
#19175 = ADVANCED_FACE('',(#19172),#19174,.T.);
#19176 = VECTOR('',#2447,1.);
#19177 = LINE('',#19143,#19176);
#19178 = EDGE_CURVE('',#19151,#19152,#19177,.T.);
#19179 = ORIENTED_EDGE('',*,*,#19178,.T.);
#19180 = VECTOR('',#2442,1.);
#19181 = LINE('',#19144,#19180);
#19182 = EDGE_CURVE('',#19152,#19153,#19181,.T.);
#19183 = ORIENTED_EDGE('',*,*,#19182,.T.);
#19184 = VECTOR('',#2496,1.);
#19185 = LINE('',#19145,#19184);
#19186 = EDGE_CURVE('',#19153,#19154,#19185,.T.);
#19187 = ORIENTED_EDGE('',*,*,#19186,.T.);
#19188 = VECTOR('',#3067,1.);
#19189 = LINE('',#19146,#19188);
#19190 = EDGE_CURVE('',#19154,#19151,#19189,.T.);
#19191 = ORIENTED_EDGE('',*,*,#19190,.T.);
#19192 = EDGE_LOOP('',(#19179,#19183,#19187,#19191));
#19193 = FACE_OUTER_BOUND('',#19192,.T.);
#19194 = AXIS2_PLACEMENT_3D('',#19143,#7301,#2447);
#19195 = PLANE('',#19194);
#19196 = ADVANCED_FACE('',(#19193),#19195,.T.);
#19197 = ORIENTED_EDGE('',*,*,#19165,.F.);
#19198 = VECTOR('',#7301,1.);
#19199 = LINE('',#19140,#19198);
#19200 = EDGE_CURVE('',#19148,#19152,#19199,.T.);
#19201 = ORIENTED_EDGE('',*,*,#19200,.T.);
#19202 = ORIENTED_EDGE('',*,*,#19178,.F.);
#19203 = VECTOR('',#4879,1.);
#19204 = LINE('',#19143,#19203);
#19205 = EDGE_CURVE('',#19151,#19147,#19204,.T.);
#19206 = ORIENTED_EDGE('',*,*,#19205,.T.);
#19207 = EDGE_LOOP('',(#19197,#19201,#19202,#19206));
#19208 = FACE_OUTER_BOUND('',#19207,.T.);
#19209 = AXIS2_PLACEMENT_3D('',#19139,#3067,#7301);
#19210 = PLANE('',#19209);
#19211 = ADVANCED_FACE('',(#19208),#19210,.T.);
#19212 = ORIENTED_EDGE('',*,*,#19161,.F.);
#19213 = VECTOR('',#7301,1.);
#19214 = LINE('',#19141,#19213);
#19215 = EDGE_CURVE('',#19149,#19153,#19214,.T.);
#19216 = ORIENTED_EDGE('',*,*,#19215,.T.);
#19217 = ORIENTED_EDGE('',*,*,#19182,.F.);
#19218 = ORIENTED_EDGE('',*,*,#19200,.F.);
#19219 = EDGE_LOOP('',(#19212,#19216,#19217,#19218));
#19220 = FACE_OUTER_BOUND('',#19219,.T.);
#19221 = AXIS2_PLACEMENT_3D('',#19140,#2447,#7301);
#19222 = PLANE('',#19221);
#19223 = ADVANCED_FACE('',(#19220),#19222,.T.);
#19224 = ORIENTED_EDGE('',*,*,#19157,.F.);
#19225 = VECTOR('',#7301,1.);
#19226 = LINE('',#19142,#19225);
#19227 = EDGE_CURVE('',#19150,#19154,#19226,.T.);
#19228 = ORIENTED_EDGE('',*,*,#19227,.T.);
#19229 = ORIENTED_EDGE('',*,*,#19186,.F.);
#19230 = ORIENTED_EDGE('',*,*,#19215,.F.);
#19231 = EDGE_LOOP('',(#19224,#19228,#19229,#19230));
#19232 = FACE_OUTER_BOUND('',#19231,.T.);
#19233 = AXIS2_PLACEMENT_3D('',#19141,#2442,#7301);
#19234 = PLANE('',#19233);
#19235 = ADVANCED_FACE('',(#19232),#19234,.T.);
#19236 = ORIENTED_EDGE('',*,*,#19169,.F.);
#19237 = ORIENTED_EDGE('',*,*,#19205,.F.);
#19238 = ORIENTED_EDGE('',*,*,#19190,.F.);
#19239 = ORIENTED_EDGE('',*,*,#19227,.F.);
#19240 = EDGE_LOOP('',(#19236,#19237,#19238,#19239));
#19241 = FACE_OUTER_BOUND('',#19240,.T.);
#19242 = AXIS2_PLACEMENT_3D('',#19142,#2496,#7301);
#19243 = PLANE('',#19242);
#19244 = ADVANCED_FACE('',(#19241),#19243,.T.);
#19245 = CLOSED_SHELL('',(#19175,#19196,#19211,#19223,#19235,#19244));
#19246 = MANIFOLD_SOLID_BREP('PAD_36',#19245);
#19247 = CARTESIAN_POINT('',(-0.763,6.09,-0.02));
#19248 = CARTESIAN_POINT('',(-0.253,6.09,-0.02));
#19249 = CARTESIAN_POINT('',(-0.253,6.81,-0.02));
#19250 = CARTESIAN_POINT('',(-0.763,6.81,-0.02));
#19251 = CARTESIAN_POINT('',(-0.763,6.09,0));
#19252 = CARTESIAN_POINT('',(-0.253,6.09,0));
#19253 = CARTESIAN_POINT('',(-0.253,6.81,0));
#19254 = CARTESIAN_POINT('',(-0.763,6.81,0));
#19255 = VERTEX_POINT('',#19247);
#19256 = VERTEX_POINT('',#19248);
#19257 = VERTEX_POINT('',#19249);
#19258 = VERTEX_POINT('',#19250);
#19259 = VERTEX_POINT('',#19251);
#19260 = VERTEX_POINT('',#19252);
#19261 = VERTEX_POINT('',#19253);
#19262 = VERTEX_POINT('',#19254);
#19263 = VECTOR('',#2447,1.);
#19264 = LINE('',#19250,#19263);
#19265 = EDGE_CURVE('',#19258,#19257,#19264,.T.);
#19266 = ORIENTED_EDGE('',*,*,#19265,.T.);
#19267 = VECTOR('',#3067,1.);
#19268 = LINE('',#19249,#19267);
#19269 = EDGE_CURVE('',#19257,#19256,#19268,.T.);
#19270 = ORIENTED_EDGE('',*,*,#19269,.T.);
#19271 = VECTOR('',#2496,1.);
#19272 = LINE('',#19248,#19271);
#19273 = EDGE_CURVE('',#19256,#19255,#19272,.T.);
#19274 = ORIENTED_EDGE('',*,*,#19273,.T.);
#19275 = VECTOR('',#2442,1.);
#19276 = LINE('',#19247,#19275);
#19277 = EDGE_CURVE('',#19255,#19258,#19276,.T.);
#19278 = ORIENTED_EDGE('',*,*,#19277,.T.);
#19279 = EDGE_LOOP('',(#19266,#19270,#19274,#19278));
#19280 = FACE_OUTER_BOUND('',#19279,.T.);
#19281 = AXIS2_PLACEMENT_3D('',#19250,#4879,#2447);
#19282 = PLANE('',#19281);
#19283 = ADVANCED_FACE('',(#19280),#19282,.T.);
#19284 = VECTOR('',#2447,1.);
#19285 = LINE('',#19251,#19284);
#19286 = EDGE_CURVE('',#19259,#19260,#19285,.T.);
#19287 = ORIENTED_EDGE('',*,*,#19286,.T.);
#19288 = VECTOR('',#2442,1.);
#19289 = LINE('',#19252,#19288);
#19290 = EDGE_CURVE('',#19260,#19261,#19289,.T.);
#19291 = ORIENTED_EDGE('',*,*,#19290,.T.);
#19292 = VECTOR('',#2496,1.);
#19293 = LINE('',#19253,#19292);
#19294 = EDGE_CURVE('',#19261,#19262,#19293,.T.);
#19295 = ORIENTED_EDGE('',*,*,#19294,.T.);
#19296 = VECTOR('',#3067,1.);
#19297 = LINE('',#19254,#19296);
#19298 = EDGE_CURVE('',#19262,#19259,#19297,.T.);
#19299 = ORIENTED_EDGE('',*,*,#19298,.T.);
#19300 = EDGE_LOOP('',(#19287,#19291,#19295,#19299));
#19301 = FACE_OUTER_BOUND('',#19300,.T.);
#19302 = AXIS2_PLACEMENT_3D('',#19251,#7301,#2447);
#19303 = PLANE('',#19302);
#19304 = ADVANCED_FACE('',(#19301),#19303,.T.);
#19305 = ORIENTED_EDGE('',*,*,#19273,.F.);
#19306 = VECTOR('',#7301,1.);
#19307 = LINE('',#19248,#19306);
#19308 = EDGE_CURVE('',#19256,#19260,#19307,.T.);
#19309 = ORIENTED_EDGE('',*,*,#19308,.T.);
#19310 = ORIENTED_EDGE('',*,*,#19286,.F.);
#19311 = VECTOR('',#4879,1.);
#19312 = LINE('',#19251,#19311);
#19313 = EDGE_CURVE('',#19259,#19255,#19312,.T.);
#19314 = ORIENTED_EDGE('',*,*,#19313,.T.);
#19315 = EDGE_LOOP('',(#19305,#19309,#19310,#19314));
#19316 = FACE_OUTER_BOUND('',#19315,.T.);
#19317 = AXIS2_PLACEMENT_3D('',#19247,#3067,#7301);
#19318 = PLANE('',#19317);
#19319 = ADVANCED_FACE('',(#19316),#19318,.T.);
#19320 = ORIENTED_EDGE('',*,*,#19269,.F.);
#19321 = VECTOR('',#7301,1.);
#19322 = LINE('',#19249,#19321);
#19323 = EDGE_CURVE('',#19257,#19261,#19322,.T.);
#19324 = ORIENTED_EDGE('',*,*,#19323,.T.);
#19325 = ORIENTED_EDGE('',*,*,#19290,.F.);
#19326 = ORIENTED_EDGE('',*,*,#19308,.F.);
#19327 = EDGE_LOOP('',(#19320,#19324,#19325,#19326));
#19328 = FACE_OUTER_BOUND('',#19327,.T.);
#19329 = AXIS2_PLACEMENT_3D('',#19248,#2447,#7301);
#19330 = PLANE('',#19329);
#19331 = ADVANCED_FACE('',(#19328),#19330,.T.);
#19332 = ORIENTED_EDGE('',*,*,#19265,.F.);
#19333 = VECTOR('',#7301,1.);
#19334 = LINE('',#19250,#19333);
#19335 = EDGE_CURVE('',#19258,#19262,#19334,.T.);
#19336 = ORIENTED_EDGE('',*,*,#19335,.T.);
#19337 = ORIENTED_EDGE('',*,*,#19294,.F.);
#19338 = ORIENTED_EDGE('',*,*,#19323,.F.);
#19339 = EDGE_LOOP('',(#19332,#19336,#19337,#19338));
#19340 = FACE_OUTER_BOUND('',#19339,.T.);
#19341 = AXIS2_PLACEMENT_3D('',#19249,#2442,#7301);
#19342 = PLANE('',#19341);
#19343 = ADVANCED_FACE('',(#19340),#19342,.T.);
#19344 = ORIENTED_EDGE('',*,*,#19277,.F.);
#19345 = ORIENTED_EDGE('',*,*,#19313,.F.);
#19346 = ORIENTED_EDGE('',*,*,#19298,.F.);
#19347 = ORIENTED_EDGE('',*,*,#19335,.F.);
#19348 = EDGE_LOOP('',(#19344,#19345,#19346,#19347));
#19349 = FACE_OUTER_BOUND('',#19348,.T.);
#19350 = AXIS2_PLACEMENT_3D('',#19250,#2496,#7301);
#19351 = PLANE('',#19350);
#19352 = ADVANCED_FACE('',(#19349),#19351,.T.);
#19353 = CLOSED_SHELL('',(#19283,#19304,#19319,#19331,#19343,#19352));
#19354 = MANIFOLD_SOLID_BREP('PAD_37',#19353);
#19355 = CARTESIAN_POINT('',(-1.779,6.09,-0.02));
#19356 = CARTESIAN_POINT('',(-1.269,6.09,-0.02));
#19357 = CARTESIAN_POINT('',(-1.269,6.81,-0.02));
#19358 = CARTESIAN_POINT('',(-1.779,6.81,-0.02));
#19359 = CARTESIAN_POINT('',(-1.779,6.09,0));
#19360 = CARTESIAN_POINT('',(-1.269,6.09,0));
#19361 = CARTESIAN_POINT('',(-1.269,6.81,0));
#19362 = CARTESIAN_POINT('',(-1.779,6.81,0));
#19363 = VERTEX_POINT('',#19355);
#19364 = VERTEX_POINT('',#19356);
#19365 = VERTEX_POINT('',#19357);
#19366 = VERTEX_POINT('',#19358);
#19367 = VERTEX_POINT('',#19359);
#19368 = VERTEX_POINT('',#19360);
#19369 = VERTEX_POINT('',#19361);
#19370 = VERTEX_POINT('',#19362);
#19371 = VECTOR('',#2447,1.);
#19372 = LINE('',#19358,#19371);
#19373 = EDGE_CURVE('',#19366,#19365,#19372,.T.);
#19374 = ORIENTED_EDGE('',*,*,#19373,.T.);
#19375 = VECTOR('',#3067,1.);
#19376 = LINE('',#19357,#19375);
#19377 = EDGE_CURVE('',#19365,#19364,#19376,.T.);
#19378 = ORIENTED_EDGE('',*,*,#19377,.T.);
#19379 = VECTOR('',#2496,1.);
#19380 = LINE('',#19356,#19379);
#19381 = EDGE_CURVE('',#19364,#19363,#19380,.T.);
#19382 = ORIENTED_EDGE('',*,*,#19381,.T.);
#19383 = VECTOR('',#2442,1.);
#19384 = LINE('',#19355,#19383);
#19385 = EDGE_CURVE('',#19363,#19366,#19384,.T.);
#19386 = ORIENTED_EDGE('',*,*,#19385,.T.);
#19387 = EDGE_LOOP('',(#19374,#19378,#19382,#19386));
#19388 = FACE_OUTER_BOUND('',#19387,.T.);
#19389 = AXIS2_PLACEMENT_3D('',#19358,#4879,#2447);
#19390 = PLANE('',#19389);
#19391 = ADVANCED_FACE('',(#19388),#19390,.T.);
#19392 = VECTOR('',#2447,1.);
#19393 = LINE('',#19359,#19392);
#19394 = EDGE_CURVE('',#19367,#19368,#19393,.T.);
#19395 = ORIENTED_EDGE('',*,*,#19394,.T.);
#19396 = VECTOR('',#2442,1.);
#19397 = LINE('',#19360,#19396);
#19398 = EDGE_CURVE('',#19368,#19369,#19397,.T.);
#19399 = ORIENTED_EDGE('',*,*,#19398,.T.);
#19400 = VECTOR('',#2496,1.);
#19401 = LINE('',#19361,#19400);
#19402 = EDGE_CURVE('',#19369,#19370,#19401,.T.);
#19403 = ORIENTED_EDGE('',*,*,#19402,.T.);
#19404 = VECTOR('',#3067,1.);
#19405 = LINE('',#19362,#19404);
#19406 = EDGE_CURVE('',#19370,#19367,#19405,.T.);
#19407 = ORIENTED_EDGE('',*,*,#19406,.T.);
#19408 = EDGE_LOOP('',(#19395,#19399,#19403,#19407));
#19409 = FACE_OUTER_BOUND('',#19408,.T.);
#19410 = AXIS2_PLACEMENT_3D('',#19359,#7301,#2447);
#19411 = PLANE('',#19410);
#19412 = ADVANCED_FACE('',(#19409),#19411,.T.);
#19413 = ORIENTED_EDGE('',*,*,#19381,.F.);
#19414 = VECTOR('',#7301,1.);
#19415 = LINE('',#19356,#19414);
#19416 = EDGE_CURVE('',#19364,#19368,#19415,.T.);
#19417 = ORIENTED_EDGE('',*,*,#19416,.T.);
#19418 = ORIENTED_EDGE('',*,*,#19394,.F.);
#19419 = VECTOR('',#4879,1.);
#19420 = LINE('',#19359,#19419);
#19421 = EDGE_CURVE('',#19367,#19363,#19420,.T.);
#19422 = ORIENTED_EDGE('',*,*,#19421,.T.);
#19423 = EDGE_LOOP('',(#19413,#19417,#19418,#19422));
#19424 = FACE_OUTER_BOUND('',#19423,.T.);
#19425 = AXIS2_PLACEMENT_3D('',#19355,#3067,#7301);
#19426 = PLANE('',#19425);
#19427 = ADVANCED_FACE('',(#19424),#19426,.T.);
#19428 = ORIENTED_EDGE('',*,*,#19377,.F.);
#19429 = VECTOR('',#7301,1.);
#19430 = LINE('',#19357,#19429);
#19431 = EDGE_CURVE('',#19365,#19369,#19430,.T.);
#19432 = ORIENTED_EDGE('',*,*,#19431,.T.);
#19433 = ORIENTED_EDGE('',*,*,#19398,.F.);
#19434 = ORIENTED_EDGE('',*,*,#19416,.F.);
#19435 = EDGE_LOOP('',(#19428,#19432,#19433,#19434));
#19436 = FACE_OUTER_BOUND('',#19435,.T.);
#19437 = AXIS2_PLACEMENT_3D('',#19356,#2447,#7301);
#19438 = PLANE('',#19437);
#19439 = ADVANCED_FACE('',(#19436),#19438,.T.);
#19440 = ORIENTED_EDGE('',*,*,#19373,.F.);
#19441 = VECTOR('',#7301,1.);
#19442 = LINE('',#19358,#19441);
#19443 = EDGE_CURVE('',#19366,#19370,#19442,.T.);
#19444 = ORIENTED_EDGE('',*,*,#19443,.T.);
#19445 = ORIENTED_EDGE('',*,*,#19402,.F.);
#19446 = ORIENTED_EDGE('',*,*,#19431,.F.);
#19447 = EDGE_LOOP('',(#19440,#19444,#19445,#19446));
#19448 = FACE_OUTER_BOUND('',#19447,.T.);
#19449 = AXIS2_PLACEMENT_3D('',#19357,#2442,#7301);
#19450 = PLANE('',#19449);
#19451 = ADVANCED_FACE('',(#19448),#19450,.T.);
#19452 = ORIENTED_EDGE('',*,*,#19385,.F.);
#19453 = ORIENTED_EDGE('',*,*,#19421,.F.);
#19454 = ORIENTED_EDGE('',*,*,#19406,.F.);
#19455 = ORIENTED_EDGE('',*,*,#19443,.F.);
#19456 = EDGE_LOOP('',(#19452,#19453,#19454,#19455));
#19457 = FACE_OUTER_BOUND('',#19456,.T.);
#19458 = AXIS2_PLACEMENT_3D('',#19358,#2496,#7301);
#19459 = PLANE('',#19458);
#19460 = ADVANCED_FACE('',(#19457),#19459,.T.);
#19461 = CLOSED_SHELL('',(#19391,#19412,#19427,#19439,#19451,#19460));
#19462 = MANIFOLD_SOLID_BREP('PAD_38',#19461);
#19463 = CARTESIAN_POINT('',(-2.795,6.09,-0.02));
#19464 = CARTESIAN_POINT('',(-2.285,6.09,-0.02));
#19465 = CARTESIAN_POINT('',(-2.285,6.81,-0.02));
#19466 = CARTESIAN_POINT('',(-2.795,6.81,-0.02));
#19467 = CARTESIAN_POINT('',(-2.795,6.09,0));
#19468 = CARTESIAN_POINT('',(-2.285,6.09,0));
#19469 = CARTESIAN_POINT('',(-2.285,6.81,0));
#19470 = CARTESIAN_POINT('',(-2.795,6.81,0));
#19471 = VERTEX_POINT('',#19463);
#19472 = VERTEX_POINT('',#19464);
#19473 = VERTEX_POINT('',#19465);
#19474 = VERTEX_POINT('',#19466);
#19475 = VERTEX_POINT('',#19467);
#19476 = VERTEX_POINT('',#19468);
#19477 = VERTEX_POINT('',#19469);
#19478 = VERTEX_POINT('',#19470);
#19479 = VECTOR('',#2447,1.);
#19480 = LINE('',#19466,#19479);
#19481 = EDGE_CURVE('',#19474,#19473,#19480,.T.);
#19482 = ORIENTED_EDGE('',*,*,#19481,.T.);
#19483 = VECTOR('',#3067,1.);
#19484 = LINE('',#19465,#19483);
#19485 = EDGE_CURVE('',#19473,#19472,#19484,.T.);
#19486 = ORIENTED_EDGE('',*,*,#19485,.T.);
#19487 = VECTOR('',#2496,1.);
#19488 = LINE('',#19464,#19487);
#19489 = EDGE_CURVE('',#19472,#19471,#19488,.T.);
#19490 = ORIENTED_EDGE('',*,*,#19489,.T.);
#19491 = VECTOR('',#2442,1.);
#19492 = LINE('',#19463,#19491);
#19493 = EDGE_CURVE('',#19471,#19474,#19492,.T.);
#19494 = ORIENTED_EDGE('',*,*,#19493,.T.);
#19495 = EDGE_LOOP('',(#19482,#19486,#19490,#19494));
#19496 = FACE_OUTER_BOUND('',#19495,.T.);
#19497 = AXIS2_PLACEMENT_3D('',#19466,#4879,#2447);
#19498 = PLANE('',#19497);
#19499 = ADVANCED_FACE('',(#19496),#19498,.T.);
#19500 = VECTOR('',#2447,1.);
#19501 = LINE('',#19467,#19500);
#19502 = EDGE_CURVE('',#19475,#19476,#19501,.T.);
#19503 = ORIENTED_EDGE('',*,*,#19502,.T.);
#19504 = VECTOR('',#2442,1.);
#19505 = LINE('',#19468,#19504);
#19506 = EDGE_CURVE('',#19476,#19477,#19505,.T.);
#19507 = ORIENTED_EDGE('',*,*,#19506,.T.);
#19508 = VECTOR('',#2496,1.);
#19509 = LINE('',#19469,#19508);
#19510 = EDGE_CURVE('',#19477,#19478,#19509,.T.);
#19511 = ORIENTED_EDGE('',*,*,#19510,.T.);
#19512 = VECTOR('',#3067,1.);
#19513 = LINE('',#19470,#19512);
#19514 = EDGE_CURVE('',#19478,#19475,#19513,.T.);
#19515 = ORIENTED_EDGE('',*,*,#19514,.T.);
#19516 = EDGE_LOOP('',(#19503,#19507,#19511,#19515));
#19517 = FACE_OUTER_BOUND('',#19516,.T.);
#19518 = AXIS2_PLACEMENT_3D('',#19467,#7301,#2447);
#19519 = PLANE('',#19518);
#19520 = ADVANCED_FACE('',(#19517),#19519,.T.);
#19521 = ORIENTED_EDGE('',*,*,#19489,.F.);
#19522 = VECTOR('',#7301,1.);
#19523 = LINE('',#19464,#19522);
#19524 = EDGE_CURVE('',#19472,#19476,#19523,.T.);
#19525 = ORIENTED_EDGE('',*,*,#19524,.T.);
#19526 = ORIENTED_EDGE('',*,*,#19502,.F.);
#19527 = VECTOR('',#4879,1.);
#19528 = LINE('',#19467,#19527);
#19529 = EDGE_CURVE('',#19475,#19471,#19528,.T.);
#19530 = ORIENTED_EDGE('',*,*,#19529,.T.);
#19531 = EDGE_LOOP('',(#19521,#19525,#19526,#19530));
#19532 = FACE_OUTER_BOUND('',#19531,.T.);
#19533 = AXIS2_PLACEMENT_3D('',#19463,#3067,#7301);
#19534 = PLANE('',#19533);
#19535 = ADVANCED_FACE('',(#19532),#19534,.T.);
#19536 = ORIENTED_EDGE('',*,*,#19485,.F.);
#19537 = VECTOR('',#7301,1.);
#19538 = LINE('',#19465,#19537);
#19539 = EDGE_CURVE('',#19473,#19477,#19538,.T.);
#19540 = ORIENTED_EDGE('',*,*,#19539,.T.);
#19541 = ORIENTED_EDGE('',*,*,#19506,.F.);
#19542 = ORIENTED_EDGE('',*,*,#19524,.F.);
#19543 = EDGE_LOOP('',(#19536,#19540,#19541,#19542));
#19544 = FACE_OUTER_BOUND('',#19543,.T.);
#19545 = AXIS2_PLACEMENT_3D('',#19464,#2447,#7301);
#19546 = PLANE('',#19545);
#19547 = ADVANCED_FACE('',(#19544),#19546,.T.);
#19548 = ORIENTED_EDGE('',*,*,#19481,.F.);
#19549 = VECTOR('',#7301,1.);
#19550 = LINE('',#19466,#19549);
#19551 = EDGE_CURVE('',#19474,#19478,#19550,.T.);
#19552 = ORIENTED_EDGE('',*,*,#19551,.T.);
#19553 = ORIENTED_EDGE('',*,*,#19510,.F.);
#19554 = ORIENTED_EDGE('',*,*,#19539,.F.);
#19555 = EDGE_LOOP('',(#19548,#19552,#19553,#19554));
#19556 = FACE_OUTER_BOUND('',#19555,.T.);
#19557 = AXIS2_PLACEMENT_3D('',#19465,#2442,#7301);
#19558 = PLANE('',#19557);
#19559 = ADVANCED_FACE('',(#19556),#19558,.T.);
#19560 = ORIENTED_EDGE('',*,*,#19493,.F.);
#19561 = ORIENTED_EDGE('',*,*,#19529,.F.);
#19562 = ORIENTED_EDGE('',*,*,#19514,.F.);
#19563 = ORIENTED_EDGE('',*,*,#19551,.F.);
#19564 = EDGE_LOOP('',(#19560,#19561,#19562,#19563));
#19565 = FACE_OUTER_BOUND('',#19564,.T.);
#19566 = AXIS2_PLACEMENT_3D('',#19466,#2496,#7301);
#19567 = PLANE('',#19566);
#19568 = ADVANCED_FACE('',(#19565),#19567,.T.);
#19569 = CLOSED_SHELL('',(#19499,#19520,#19535,#19547,#19559,#19568));
#19570 = MANIFOLD_SOLID_BREP('PAD_39',#19569);
#19571 = CARTESIAN_POINT('',(-3.811,6.09,-0.02));
#19572 = CARTESIAN_POINT('',(-3.301,6.09,-0.02));
#19573 = CARTESIAN_POINT('',(-3.301,6.81,-0.02));
#19574 = CARTESIAN_POINT('',(-3.811,6.81,-0.02));
#19575 = CARTESIAN_POINT('',(-3.811,6.09,0));
#19576 = CARTESIAN_POINT('',(-3.301,6.09,0));
#19577 = CARTESIAN_POINT('',(-3.301,6.81,0));
#19578 = CARTESIAN_POINT('',(-3.811,6.81,0));
#19579 = VERTEX_POINT('',#19571);
#19580 = VERTEX_POINT('',#19572);
#19581 = VERTEX_POINT('',#19573);
#19582 = VERTEX_POINT('',#19574);
#19583 = VERTEX_POINT('',#19575);
#19584 = VERTEX_POINT('',#19576);
#19585 = VERTEX_POINT('',#19577);
#19586 = VERTEX_POINT('',#19578);
#19587 = VECTOR('',#2447,1.);
#19588 = LINE('',#19574,#19587);
#19589 = EDGE_CURVE('',#19582,#19581,#19588,.T.);
#19590 = ORIENTED_EDGE('',*,*,#19589,.T.);
#19591 = VECTOR('',#3067,1.);
#19592 = LINE('',#19573,#19591);
#19593 = EDGE_CURVE('',#19581,#19580,#19592,.T.);
#19594 = ORIENTED_EDGE('',*,*,#19593,.T.);
#19595 = VECTOR('',#2496,1.);
#19596 = LINE('',#19572,#19595);
#19597 = EDGE_CURVE('',#19580,#19579,#19596,.T.);
#19598 = ORIENTED_EDGE('',*,*,#19597,.T.);
#19599 = VECTOR('',#2442,1.);
#19600 = LINE('',#19571,#19599);
#19601 = EDGE_CURVE('',#19579,#19582,#19600,.T.);
#19602 = ORIENTED_EDGE('',*,*,#19601,.T.);
#19603 = EDGE_LOOP('',(#19590,#19594,#19598,#19602));
#19604 = FACE_OUTER_BOUND('',#19603,.T.);
#19605 = AXIS2_PLACEMENT_3D('',#19574,#4879,#2447);
#19606 = PLANE('',#19605);
#19607 = ADVANCED_FACE('',(#19604),#19606,.T.);
#19608 = VECTOR('',#2447,1.);
#19609 = LINE('',#19575,#19608);
#19610 = EDGE_CURVE('',#19583,#19584,#19609,.T.);
#19611 = ORIENTED_EDGE('',*,*,#19610,.T.);
#19612 = VECTOR('',#2442,1.);
#19613 = LINE('',#19576,#19612);
#19614 = EDGE_CURVE('',#19584,#19585,#19613,.T.);
#19615 = ORIENTED_EDGE('',*,*,#19614,.T.);
#19616 = VECTOR('',#2496,1.);
#19617 = LINE('',#19577,#19616);
#19618 = EDGE_CURVE('',#19585,#19586,#19617,.T.);
#19619 = ORIENTED_EDGE('',*,*,#19618,.T.);
#19620 = VECTOR('',#3067,1.);
#19621 = LINE('',#19578,#19620);
#19622 = EDGE_CURVE('',#19586,#19583,#19621,.T.);
#19623 = ORIENTED_EDGE('',*,*,#19622,.T.);
#19624 = EDGE_LOOP('',(#19611,#19615,#19619,#19623));
#19625 = FACE_OUTER_BOUND('',#19624,.T.);
#19626 = AXIS2_PLACEMENT_3D('',#19575,#7301,#2447);
#19627 = PLANE('',#19626);
#19628 = ADVANCED_FACE('',(#19625),#19627,.T.);
#19629 = ORIENTED_EDGE('',*,*,#19597,.F.);
#19630 = VECTOR('',#7301,1.);
#19631 = LINE('',#19572,#19630);
#19632 = EDGE_CURVE('',#19580,#19584,#19631,.T.);
#19633 = ORIENTED_EDGE('',*,*,#19632,.T.);
#19634 = ORIENTED_EDGE('',*,*,#19610,.F.);
#19635 = VECTOR('',#4879,1.);
#19636 = LINE('',#19575,#19635);
#19637 = EDGE_CURVE('',#19583,#19579,#19636,.T.);
#19638 = ORIENTED_EDGE('',*,*,#19637,.T.);
#19639 = EDGE_LOOP('',(#19629,#19633,#19634,#19638));
#19640 = FACE_OUTER_BOUND('',#19639,.T.);
#19641 = AXIS2_PLACEMENT_3D('',#19571,#3067,#7301);
#19642 = PLANE('',#19641);
#19643 = ADVANCED_FACE('',(#19640),#19642,.T.);
#19644 = ORIENTED_EDGE('',*,*,#19593,.F.);
#19645 = VECTOR('',#7301,1.);
#19646 = LINE('',#19573,#19645);
#19647 = EDGE_CURVE('',#19581,#19585,#19646,.T.);
#19648 = ORIENTED_EDGE('',*,*,#19647,.T.);
#19649 = ORIENTED_EDGE('',*,*,#19614,.F.);
#19650 = ORIENTED_EDGE('',*,*,#19632,.F.);
#19651 = EDGE_LOOP('',(#19644,#19648,#19649,#19650));
#19652 = FACE_OUTER_BOUND('',#19651,.T.);
#19653 = AXIS2_PLACEMENT_3D('',#19572,#2447,#7301);
#19654 = PLANE('',#19653);
#19655 = ADVANCED_FACE('',(#19652),#19654,.T.);
#19656 = ORIENTED_EDGE('',*,*,#19589,.F.);
#19657 = VECTOR('',#7301,1.);
#19658 = LINE('',#19574,#19657);
#19659 = EDGE_CURVE('',#19582,#19586,#19658,.T.);
#19660 = ORIENTED_EDGE('',*,*,#19659,.T.);
#19661 = ORIENTED_EDGE('',*,*,#19618,.F.);
#19662 = ORIENTED_EDGE('',*,*,#19647,.F.);
#19663 = EDGE_LOOP('',(#19656,#19660,#19661,#19662));
#19664 = FACE_OUTER_BOUND('',#19663,.T.);
#19665 = AXIS2_PLACEMENT_3D('',#19573,#2442,#7301);
#19666 = PLANE('',#19665);
#19667 = ADVANCED_FACE('',(#19664),#19666,.T.);
#19668 = ORIENTED_EDGE('',*,*,#19601,.F.);
#19669 = ORIENTED_EDGE('',*,*,#19637,.F.);
#19670 = ORIENTED_EDGE('',*,*,#19622,.F.);
#19671 = ORIENTED_EDGE('',*,*,#19659,.F.);
#19672 = EDGE_LOOP('',(#19668,#19669,#19670,#19671));
#19673 = FACE_OUTER_BOUND('',#19672,.T.);
#19674 = AXIS2_PLACEMENT_3D('',#19574,#2496,#7301);
#19675 = PLANE('',#19674);
#19676 = ADVANCED_FACE('',(#19673),#19675,.T.);
#19677 = CLOSED_SHELL('',(#19607,#19628,#19643,#19655,#19667,#19676));
#19678 = MANIFOLD_SOLID_BREP('PAD_40',#19677);
#19679 = CARTESIAN_POINT('',(-4.827,6.09,-0.02));
#19680 = CARTESIAN_POINT('',(-4.317,6.09,-0.02));
#19681 = CARTESIAN_POINT('',(-4.317,6.81,-0.02));
#19682 = CARTESIAN_POINT('',(-4.827,6.81,-0.02));
#19683 = CARTESIAN_POINT('',(-4.827,6.09,0));
#19684 = CARTESIAN_POINT('',(-4.317,6.09,0));
#19685 = CARTESIAN_POINT('',(-4.317,6.81,0));
#19686 = CARTESIAN_POINT('',(-4.827,6.81,0));
#19687 = VERTEX_POINT('',#19679);
#19688 = VERTEX_POINT('',#19680);
#19689 = VERTEX_POINT('',#19681);
#19690 = VERTEX_POINT('',#19682);
#19691 = VERTEX_POINT('',#19683);
#19692 = VERTEX_POINT('',#19684);
#19693 = VERTEX_POINT('',#19685);
#19694 = VERTEX_POINT('',#19686);
#19695 = VECTOR('',#2447,1.);
#19696 = LINE('',#19682,#19695);
#19697 = EDGE_CURVE('',#19690,#19689,#19696,.T.);
#19698 = ORIENTED_EDGE('',*,*,#19697,.T.);
#19699 = VECTOR('',#3067,1.);
#19700 = LINE('',#19681,#19699);
#19701 = EDGE_CURVE('',#19689,#19688,#19700,.T.);
#19702 = ORIENTED_EDGE('',*,*,#19701,.T.);
#19703 = VECTOR('',#2496,1.);
#19704 = LINE('',#19680,#19703);
#19705 = EDGE_CURVE('',#19688,#19687,#19704,.T.);
#19706 = ORIENTED_EDGE('',*,*,#19705,.T.);
#19707 = VECTOR('',#2442,1.);
#19708 = LINE('',#19679,#19707);
#19709 = EDGE_CURVE('',#19687,#19690,#19708,.T.);
#19710 = ORIENTED_EDGE('',*,*,#19709,.T.);
#19711 = EDGE_LOOP('',(#19698,#19702,#19706,#19710));
#19712 = FACE_OUTER_BOUND('',#19711,.T.);
#19713 = AXIS2_PLACEMENT_3D('',#19682,#4879,#2447);
#19714 = PLANE('',#19713);
#19715 = ADVANCED_FACE('',(#19712),#19714,.T.);
#19716 = VECTOR('',#2447,1.);
#19717 = LINE('',#19683,#19716);
#19718 = EDGE_CURVE('',#19691,#19692,#19717,.T.);
#19719 = ORIENTED_EDGE('',*,*,#19718,.T.);
#19720 = VECTOR('',#2442,1.);
#19721 = LINE('',#19684,#19720);
#19722 = EDGE_CURVE('',#19692,#19693,#19721,.T.);
#19723 = ORIENTED_EDGE('',*,*,#19722,.T.);
#19724 = VECTOR('',#2496,1.);
#19725 = LINE('',#19685,#19724);
#19726 = EDGE_CURVE('',#19693,#19694,#19725,.T.);
#19727 = ORIENTED_EDGE('',*,*,#19726,.T.);
#19728 = VECTOR('',#3067,1.);
#19729 = LINE('',#19686,#19728);
#19730 = EDGE_CURVE('',#19694,#19691,#19729,.T.);
#19731 = ORIENTED_EDGE('',*,*,#19730,.T.);
#19732 = EDGE_LOOP('',(#19719,#19723,#19727,#19731));
#19733 = FACE_OUTER_BOUND('',#19732,.T.);
#19734 = AXIS2_PLACEMENT_3D('',#19683,#7301,#2447);
#19735 = PLANE('',#19734);
#19736 = ADVANCED_FACE('',(#19733),#19735,.T.);
#19737 = ORIENTED_EDGE('',*,*,#19705,.F.);
#19738 = VECTOR('',#7301,1.);
#19739 = LINE('',#19680,#19738);
#19740 = EDGE_CURVE('',#19688,#19692,#19739,.T.);
#19741 = ORIENTED_EDGE('',*,*,#19740,.T.);
#19742 = ORIENTED_EDGE('',*,*,#19718,.F.);
#19743 = VECTOR('',#4879,1.);
#19744 = LINE('',#19683,#19743);
#19745 = EDGE_CURVE('',#19691,#19687,#19744,.T.);
#19746 = ORIENTED_EDGE('',*,*,#19745,.T.);
#19747 = EDGE_LOOP('',(#19737,#19741,#19742,#19746));
#19748 = FACE_OUTER_BOUND('',#19747,.T.);
#19749 = AXIS2_PLACEMENT_3D('',#19679,#3067,#7301);
#19750 = PLANE('',#19749);
#19751 = ADVANCED_FACE('',(#19748),#19750,.T.);
#19752 = ORIENTED_EDGE('',*,*,#19701,.F.);
#19753 = VECTOR('',#7301,1.);
#19754 = LINE('',#19681,#19753);
#19755 = EDGE_CURVE('',#19689,#19693,#19754,.T.);
#19756 = ORIENTED_EDGE('',*,*,#19755,.T.);
#19757 = ORIENTED_EDGE('',*,*,#19722,.F.);
#19758 = ORIENTED_EDGE('',*,*,#19740,.F.);
#19759 = EDGE_LOOP('',(#19752,#19756,#19757,#19758));
#19760 = FACE_OUTER_BOUND('',#19759,.T.);
#19761 = AXIS2_PLACEMENT_3D('',#19680,#2447,#7301);
#19762 = PLANE('',#19761);
#19763 = ADVANCED_FACE('',(#19760),#19762,.T.);
#19764 = ORIENTED_EDGE('',*,*,#19697,.F.);
#19765 = VECTOR('',#7301,1.);
#19766 = LINE('',#19682,#19765);
#19767 = EDGE_CURVE('',#19690,#19694,#19766,.T.);
#19768 = ORIENTED_EDGE('',*,*,#19767,.T.);
#19769 = ORIENTED_EDGE('',*,*,#19726,.F.);
#19770 = ORIENTED_EDGE('',*,*,#19755,.F.);
#19771 = EDGE_LOOP('',(#19764,#19768,#19769,#19770));
#19772 = FACE_OUTER_BOUND('',#19771,.T.);
#19773 = AXIS2_PLACEMENT_3D('',#19681,#2442,#7301);
#19774 = PLANE('',#19773);
#19775 = ADVANCED_FACE('',(#19772),#19774,.T.);
#19776 = ORIENTED_EDGE('',*,*,#19709,.F.);
#19777 = ORIENTED_EDGE('',*,*,#19745,.F.);
#19778 = ORIENTED_EDGE('',*,*,#19730,.F.);
#19779 = ORIENTED_EDGE('',*,*,#19767,.F.);
#19780 = EDGE_LOOP('',(#19776,#19777,#19778,#19779));
#19781 = FACE_OUTER_BOUND('',#19780,.T.);
#19782 = AXIS2_PLACEMENT_3D('',#19682,#2496,#7301);
#19783 = PLANE('',#19782);
#19784 = ADVANCED_FACE('',(#19781),#19783,.T.);
#19785 = CLOSED_SHELL('',(#19715,#19736,#19751,#19763,#19775,#19784));
#19786 = MANIFOLD_SOLID_BREP('PAD_41',#19785);
#19787 = CARTESIAN_POINT('',(-5.843,6.09,-0.02));
#19788 = CARTESIAN_POINT('',(-5.333,6.09,-0.02));
#19789 = CARTESIAN_POINT('',(-5.333,6.81,-0.02));
#19790 = CARTESIAN_POINT('',(-5.843,6.81,-0.02));
#19791 = CARTESIAN_POINT('',(-5.843,6.09,0));
#19792 = CARTESIAN_POINT('',(-5.333,6.09,0));
#19793 = CARTESIAN_POINT('',(-5.333,6.81,0));
#19794 = CARTESIAN_POINT('',(-5.843,6.81,0));
#19795 = VERTEX_POINT('',#19787);
#19796 = VERTEX_POINT('',#19788);
#19797 = VERTEX_POINT('',#19789);
#19798 = VERTEX_POINT('',#19790);
#19799 = VERTEX_POINT('',#19791);
#19800 = VERTEX_POINT('',#19792);
#19801 = VERTEX_POINT('',#19793);
#19802 = VERTEX_POINT('',#19794);
#19803 = VECTOR('',#2447,1.);
#19804 = LINE('',#19790,#19803);
#19805 = EDGE_CURVE('',#19798,#19797,#19804,.T.);
#19806 = ORIENTED_EDGE('',*,*,#19805,.T.);
#19807 = VECTOR('',#3067,1.);
#19808 = LINE('',#19789,#19807);
#19809 = EDGE_CURVE('',#19797,#19796,#19808,.T.);
#19810 = ORIENTED_EDGE('',*,*,#19809,.T.);
#19811 = VECTOR('',#2496,1.);
#19812 = LINE('',#19788,#19811);
#19813 = EDGE_CURVE('',#19796,#19795,#19812,.T.);
#19814 = ORIENTED_EDGE('',*,*,#19813,.T.);
#19815 = VECTOR('',#2442,1.);
#19816 = LINE('',#19787,#19815);
#19817 = EDGE_CURVE('',#19795,#19798,#19816,.T.);
#19818 = ORIENTED_EDGE('',*,*,#19817,.T.);
#19819 = EDGE_LOOP('',(#19806,#19810,#19814,#19818));
#19820 = FACE_OUTER_BOUND('',#19819,.T.);
#19821 = AXIS2_PLACEMENT_3D('',#19790,#4879,#2447);
#19822 = PLANE('',#19821);
#19823 = ADVANCED_FACE('',(#19820),#19822,.T.);
#19824 = VECTOR('',#2447,1.);
#19825 = LINE('',#19791,#19824);
#19826 = EDGE_CURVE('',#19799,#19800,#19825,.T.);
#19827 = ORIENTED_EDGE('',*,*,#19826,.T.);
#19828 = VECTOR('',#2442,1.);
#19829 = LINE('',#19792,#19828);
#19830 = EDGE_CURVE('',#19800,#19801,#19829,.T.);
#19831 = ORIENTED_EDGE('',*,*,#19830,.T.);
#19832 = VECTOR('',#2496,1.);
#19833 = LINE('',#19793,#19832);
#19834 = EDGE_CURVE('',#19801,#19802,#19833,.T.);
#19835 = ORIENTED_EDGE('',*,*,#19834,.T.);
#19836 = VECTOR('',#3067,1.);
#19837 = LINE('',#19794,#19836);
#19838 = EDGE_CURVE('',#19802,#19799,#19837,.T.);
#19839 = ORIENTED_EDGE('',*,*,#19838,.T.);
#19840 = EDGE_LOOP('',(#19827,#19831,#19835,#19839));
#19841 = FACE_OUTER_BOUND('',#19840,.T.);
#19842 = AXIS2_PLACEMENT_3D('',#19791,#7301,#2447);
#19843 = PLANE('',#19842);
#19844 = ADVANCED_FACE('',(#19841),#19843,.T.);
#19845 = ORIENTED_EDGE('',*,*,#19813,.F.);
#19846 = VECTOR('',#7301,1.);
#19847 = LINE('',#19788,#19846);
#19848 = EDGE_CURVE('',#19796,#19800,#19847,.T.);
#19849 = ORIENTED_EDGE('',*,*,#19848,.T.);
#19850 = ORIENTED_EDGE('',*,*,#19826,.F.);
#19851 = VECTOR('',#4879,1.);
#19852 = LINE('',#19791,#19851);
#19853 = EDGE_CURVE('',#19799,#19795,#19852,.T.);
#19854 = ORIENTED_EDGE('',*,*,#19853,.T.);
#19855 = EDGE_LOOP('',(#19845,#19849,#19850,#19854));
#19856 = FACE_OUTER_BOUND('',#19855,.T.);
#19857 = AXIS2_PLACEMENT_3D('',#19787,#3067,#7301);
#19858 = PLANE('',#19857);
#19859 = ADVANCED_FACE('',(#19856),#19858,.T.);
#19860 = ORIENTED_EDGE('',*,*,#19809,.F.);
#19861 = VECTOR('',#7301,1.);
#19862 = LINE('',#19789,#19861);
#19863 = EDGE_CURVE('',#19797,#19801,#19862,.T.);
#19864 = ORIENTED_EDGE('',*,*,#19863,.T.);
#19865 = ORIENTED_EDGE('',*,*,#19830,.F.);
#19866 = ORIENTED_EDGE('',*,*,#19848,.F.);
#19867 = EDGE_LOOP('',(#19860,#19864,#19865,#19866));
#19868 = FACE_OUTER_BOUND('',#19867,.T.);
#19869 = AXIS2_PLACEMENT_3D('',#19788,#2447,#7301);
#19870 = PLANE('',#19869);
#19871 = ADVANCED_FACE('',(#19868),#19870,.T.);
#19872 = ORIENTED_EDGE('',*,*,#19805,.F.);
#19873 = VECTOR('',#7301,1.);
#19874 = LINE('',#19790,#19873);
#19875 = EDGE_CURVE('',#19798,#19802,#19874,.T.);
#19876 = ORIENTED_EDGE('',*,*,#19875,.T.);
#19877 = ORIENTED_EDGE('',*,*,#19834,.F.);
#19878 = ORIENTED_EDGE('',*,*,#19863,.F.);
#19879 = EDGE_LOOP('',(#19872,#19876,#19877,#19878));
#19880 = FACE_OUTER_BOUND('',#19879,.T.);
#19881 = AXIS2_PLACEMENT_3D('',#19789,#2442,#7301);
#19882 = PLANE('',#19881);
#19883 = ADVANCED_FACE('',(#19880),#19882,.T.);
#19884 = ORIENTED_EDGE('',*,*,#19817,.F.);
#19885 = ORIENTED_EDGE('',*,*,#19853,.F.);
#19886 = ORIENTED_EDGE('',*,*,#19838,.F.);
#19887 = ORIENTED_EDGE('',*,*,#19875,.F.);
#19888 = EDGE_LOOP('',(#19884,#19885,#19886,#19887));
#19889 = FACE_OUTER_BOUND('',#19888,.T.);
#19890 = AXIS2_PLACEMENT_3D('',#19790,#2496,#7301);
#19891 = PLANE('',#19890);
#19892 = ADVANCED_FACE('',(#19889),#19891,.T.);
#19893 = CLOSED_SHELL('',(#19823,#19844,#19859,#19871,#19883,#19892));
#19894 = MANIFOLD_SOLID_BREP('PAD_42',#19893);
#19895 = CARTESIAN_POINT('',(-6.81,5.333,-0.02));
#19896 = CARTESIAN_POINT('',(-6.09,5.333,-0.02));
#19897 = CARTESIAN_POINT('',(-6.09,5.843,-0.02));
#19898 = CARTESIAN_POINT('',(-6.81,5.843,-0.02));
#19899 = CARTESIAN_POINT('',(-6.81,5.333,0));
#19900 = CARTESIAN_POINT('',(-6.09,5.333,0));
#19901 = CARTESIAN_POINT('',(-6.09,5.843,0));
#19902 = CARTESIAN_POINT('',(-6.81,5.843,0));
#19903 = VERTEX_POINT('',#19895);
#19904 = VERTEX_POINT('',#19896);
#19905 = VERTEX_POINT('',#19897);
#19906 = VERTEX_POINT('',#19898);
#19907 = VERTEX_POINT('',#19899);
#19908 = VERTEX_POINT('',#19900);
#19909 = VERTEX_POINT('',#19901);
#19910 = VERTEX_POINT('',#19902);
#19911 = VECTOR('',#2447,1.);
#19912 = LINE('',#19898,#19911);
#19913 = EDGE_CURVE('',#19906,#19905,#19912,.T.);
#19914 = ORIENTED_EDGE('',*,*,#19913,.T.);
#19915 = VECTOR('',#3067,1.);
#19916 = LINE('',#19897,#19915);
#19917 = EDGE_CURVE('',#19905,#19904,#19916,.T.);
#19918 = ORIENTED_EDGE('',*,*,#19917,.T.);
#19919 = VECTOR('',#2496,1.);
#19920 = LINE('',#19896,#19919);
#19921 = EDGE_CURVE('',#19904,#19903,#19920,.T.);
#19922 = ORIENTED_EDGE('',*,*,#19921,.T.);
#19923 = VECTOR('',#2442,1.);
#19924 = LINE('',#19895,#19923);
#19925 = EDGE_CURVE('',#19903,#19906,#19924,.T.);
#19926 = ORIENTED_EDGE('',*,*,#19925,.T.);
#19927 = EDGE_LOOP('',(#19914,#19918,#19922,#19926));
#19928 = FACE_OUTER_BOUND('',#19927,.T.);
#19929 = AXIS2_PLACEMENT_3D('',#19898,#4879,#2447);
#19930 = PLANE('',#19929);
#19931 = ADVANCED_FACE('',(#19928),#19930,.T.);
#19932 = VECTOR('',#2447,1.);
#19933 = LINE('',#19899,#19932);
#19934 = EDGE_CURVE('',#19907,#19908,#19933,.T.);
#19935 = ORIENTED_EDGE('',*,*,#19934,.T.);
#19936 = VECTOR('',#2442,1.);
#19937 = LINE('',#19900,#19936);
#19938 = EDGE_CURVE('',#19908,#19909,#19937,.T.);
#19939 = ORIENTED_EDGE('',*,*,#19938,.T.);
#19940 = VECTOR('',#2496,1.);
#19941 = LINE('',#19901,#19940);
#19942 = EDGE_CURVE('',#19909,#19910,#19941,.T.);
#19943 = ORIENTED_EDGE('',*,*,#19942,.T.);
#19944 = VECTOR('',#3067,1.);
#19945 = LINE('',#19902,#19944);
#19946 = EDGE_CURVE('',#19910,#19907,#19945,.T.);
#19947 = ORIENTED_EDGE('',*,*,#19946,.T.);
#19948 = EDGE_LOOP('',(#19935,#19939,#19943,#19947));
#19949 = FACE_OUTER_BOUND('',#19948,.T.);
#19950 = AXIS2_PLACEMENT_3D('',#19899,#7301,#2447);
#19951 = PLANE('',#19950);
#19952 = ADVANCED_FACE('',(#19949),#19951,.T.);
#19953 = ORIENTED_EDGE('',*,*,#19921,.F.);
#19954 = VECTOR('',#7301,1.);
#19955 = LINE('',#19896,#19954);
#19956 = EDGE_CURVE('',#19904,#19908,#19955,.T.);
#19957 = ORIENTED_EDGE('',*,*,#19956,.T.);
#19958 = ORIENTED_EDGE('',*,*,#19934,.F.);
#19959 = VECTOR('',#4879,1.);
#19960 = LINE('',#19899,#19959);
#19961 = EDGE_CURVE('',#19907,#19903,#19960,.T.);
#19962 = ORIENTED_EDGE('',*,*,#19961,.T.);
#19963 = EDGE_LOOP('',(#19953,#19957,#19958,#19962));
#19964 = FACE_OUTER_BOUND('',#19963,.T.);
#19965 = AXIS2_PLACEMENT_3D('',#19895,#3067,#7301);
#19966 = PLANE('',#19965);
#19967 = ADVANCED_FACE('',(#19964),#19966,.T.);
#19968 = ORIENTED_EDGE('',*,*,#19917,.F.);
#19969 = VECTOR('',#7301,1.);
#19970 = LINE('',#19897,#19969);
#19971 = EDGE_CURVE('',#19905,#19909,#19970,.T.);
#19972 = ORIENTED_EDGE('',*,*,#19971,.T.);
#19973 = ORIENTED_EDGE('',*,*,#19938,.F.);
#19974 = ORIENTED_EDGE('',*,*,#19956,.F.);
#19975 = EDGE_LOOP('',(#19968,#19972,#19973,#19974));
#19976 = FACE_OUTER_BOUND('',#19975,.T.);
#19977 = AXIS2_PLACEMENT_3D('',#19896,#2447,#7301);
#19978 = PLANE('',#19977);
#19979 = ADVANCED_FACE('',(#19976),#19978,.T.);
#19980 = ORIENTED_EDGE('',*,*,#19913,.F.);
#19981 = VECTOR('',#7301,1.);
#19982 = LINE('',#19898,#19981);
#19983 = EDGE_CURVE('',#19906,#19910,#19982,.T.);
#19984 = ORIENTED_EDGE('',*,*,#19983,.T.);
#19985 = ORIENTED_EDGE('',*,*,#19942,.F.);
#19986 = ORIENTED_EDGE('',*,*,#19971,.F.);
#19987 = EDGE_LOOP('',(#19980,#19984,#19985,#19986));
#19988 = FACE_OUTER_BOUND('',#19987,.T.);
#19989 = AXIS2_PLACEMENT_3D('',#19897,#2442,#7301);
#19990 = PLANE('',#19989);
#19991 = ADVANCED_FACE('',(#19988),#19990,.T.);
#19992 = ORIENTED_EDGE('',*,*,#19925,.F.);
#19993 = ORIENTED_EDGE('',*,*,#19961,.F.);
#19994 = ORIENTED_EDGE('',*,*,#19946,.F.);
#19995 = ORIENTED_EDGE('',*,*,#19983,.F.);
#19996 = EDGE_LOOP('',(#19992,#19993,#19994,#19995));
#19997 = FACE_OUTER_BOUND('',#19996,.T.);
#19998 = AXIS2_PLACEMENT_3D('',#19898,#2496,#7301);
#19999 = PLANE('',#19998);
#20000 = ADVANCED_FACE('',(#19997),#19999,.T.);
#20001 = CLOSED_SHELL('',(#19931,#19952,#19967,#19979,#19991,#20000));
#20002 = MANIFOLD_SOLID_BREP('PAD_43',#20001);
#20003 = CARTESIAN_POINT('',(-6.81,4.317,-0.02));
#20004 = CARTESIAN_POINT('',(-6.09,4.317,-0.02));
#20005 = CARTESIAN_POINT('',(-6.09,4.827,-0.02));
#20006 = CARTESIAN_POINT('',(-6.81,4.827,-0.02));
#20007 = CARTESIAN_POINT('',(-6.81,4.317,0));
#20008 = CARTESIAN_POINT('',(-6.09,4.317,0));
#20009 = CARTESIAN_POINT('',(-6.09,4.827,0));
#20010 = CARTESIAN_POINT('',(-6.81,4.827,0));
#20011 = VERTEX_POINT('',#20003);
#20012 = VERTEX_POINT('',#20004);
#20013 = VERTEX_POINT('',#20005);
#20014 = VERTEX_POINT('',#20006);
#20015 = VERTEX_POINT('',#20007);
#20016 = VERTEX_POINT('',#20008);
#20017 = VERTEX_POINT('',#20009);
#20018 = VERTEX_POINT('',#20010);
#20019 = VECTOR('',#2447,1.);
#20020 = LINE('',#20006,#20019);
#20021 = EDGE_CURVE('',#20014,#20013,#20020,.T.);
#20022 = ORIENTED_EDGE('',*,*,#20021,.T.);
#20023 = VECTOR('',#3067,1.);
#20024 = LINE('',#20005,#20023);
#20025 = EDGE_CURVE('',#20013,#20012,#20024,.T.);
#20026 = ORIENTED_EDGE('',*,*,#20025,.T.);
#20027 = VECTOR('',#2496,1.);
#20028 = LINE('',#20004,#20027);
#20029 = EDGE_CURVE('',#20012,#20011,#20028,.T.);
#20030 = ORIENTED_EDGE('',*,*,#20029,.T.);
#20031 = VECTOR('',#2442,1.);
#20032 = LINE('',#20003,#20031);
#20033 = EDGE_CURVE('',#20011,#20014,#20032,.T.);
#20034 = ORIENTED_EDGE('',*,*,#20033,.T.);
#20035 = EDGE_LOOP('',(#20022,#20026,#20030,#20034));
#20036 = FACE_OUTER_BOUND('',#20035,.T.);
#20037 = AXIS2_PLACEMENT_3D('',#20006,#4879,#2447);
#20038 = PLANE('',#20037);
#20039 = ADVANCED_FACE('',(#20036),#20038,.T.);
#20040 = VECTOR('',#2447,1.);
#20041 = LINE('',#20007,#20040);
#20042 = EDGE_CURVE('',#20015,#20016,#20041,.T.);
#20043 = ORIENTED_EDGE('',*,*,#20042,.T.);
#20044 = VECTOR('',#2442,1.);
#20045 = LINE('',#20008,#20044);
#20046 = EDGE_CURVE('',#20016,#20017,#20045,.T.);
#20047 = ORIENTED_EDGE('',*,*,#20046,.T.);
#20048 = VECTOR('',#2496,1.);
#20049 = LINE('',#20009,#20048);
#20050 = EDGE_CURVE('',#20017,#20018,#20049,.T.);
#20051 = ORIENTED_EDGE('',*,*,#20050,.T.);
#20052 = VECTOR('',#3067,1.);
#20053 = LINE('',#20010,#20052);
#20054 = EDGE_CURVE('',#20018,#20015,#20053,.T.);
#20055 = ORIENTED_EDGE('',*,*,#20054,.T.);
#20056 = EDGE_LOOP('',(#20043,#20047,#20051,#20055));
#20057 = FACE_OUTER_BOUND('',#20056,.T.);
#20058 = AXIS2_PLACEMENT_3D('',#20007,#7301,#2447);
#20059 = PLANE('',#20058);
#20060 = ADVANCED_FACE('',(#20057),#20059,.T.);
#20061 = ORIENTED_EDGE('',*,*,#20029,.F.);
#20062 = VECTOR('',#7301,1.);
#20063 = LINE('',#20004,#20062);
#20064 = EDGE_CURVE('',#20012,#20016,#20063,.T.);
#20065 = ORIENTED_EDGE('',*,*,#20064,.T.);
#20066 = ORIENTED_EDGE('',*,*,#20042,.F.);
#20067 = VECTOR('',#4879,1.);
#20068 = LINE('',#20007,#20067);
#20069 = EDGE_CURVE('',#20015,#20011,#20068,.T.);
#20070 = ORIENTED_EDGE('',*,*,#20069,.T.);
#20071 = EDGE_LOOP('',(#20061,#20065,#20066,#20070));
#20072 = FACE_OUTER_BOUND('',#20071,.T.);
#20073 = AXIS2_PLACEMENT_3D('',#20003,#3067,#7301);
#20074 = PLANE('',#20073);
#20075 = ADVANCED_FACE('',(#20072),#20074,.T.);
#20076 = ORIENTED_EDGE('',*,*,#20025,.F.);
#20077 = VECTOR('',#7301,1.);
#20078 = LINE('',#20005,#20077);
#20079 = EDGE_CURVE('',#20013,#20017,#20078,.T.);
#20080 = ORIENTED_EDGE('',*,*,#20079,.T.);
#20081 = ORIENTED_EDGE('',*,*,#20046,.F.);
#20082 = ORIENTED_EDGE('',*,*,#20064,.F.);
#20083 = EDGE_LOOP('',(#20076,#20080,#20081,#20082));
#20084 = FACE_OUTER_BOUND('',#20083,.T.);
#20085 = AXIS2_PLACEMENT_3D('',#20004,#2447,#7301);
#20086 = PLANE('',#20085);
#20087 = ADVANCED_FACE('',(#20084),#20086,.T.);
#20088 = ORIENTED_EDGE('',*,*,#20021,.F.);
#20089 = VECTOR('',#7301,1.);
#20090 = LINE('',#20006,#20089);
#20091 = EDGE_CURVE('',#20014,#20018,#20090,.T.);
#20092 = ORIENTED_EDGE('',*,*,#20091,.T.);
#20093 = ORIENTED_EDGE('',*,*,#20050,.F.);
#20094 = ORIENTED_EDGE('',*,*,#20079,.F.);
#20095 = EDGE_LOOP('',(#20088,#20092,#20093,#20094));
#20096 = FACE_OUTER_BOUND('',#20095,.T.);
#20097 = AXIS2_PLACEMENT_3D('',#20005,#2442,#7301);
#20098 = PLANE('',#20097);
#20099 = ADVANCED_FACE('',(#20096),#20098,.T.);
#20100 = ORIENTED_EDGE('',*,*,#20033,.F.);
#20101 = ORIENTED_EDGE('',*,*,#20069,.F.);
#20102 = ORIENTED_EDGE('',*,*,#20054,.F.);
#20103 = ORIENTED_EDGE('',*,*,#20091,.F.);
#20104 = EDGE_LOOP('',(#20100,#20101,#20102,#20103));
#20105 = FACE_OUTER_BOUND('',#20104,.T.);
#20106 = AXIS2_PLACEMENT_3D('',#20006,#2496,#7301);
#20107 = PLANE('',#20106);
#20108 = ADVANCED_FACE('',(#20105),#20107,.T.);
#20109 = CLOSED_SHELL('',(#20039,#20060,#20075,#20087,#20099,#20108));
#20110 = MANIFOLD_SOLID_BREP('PAD_44',#20109);
#20111 = CARTESIAN_POINT('',(-6.81,3.301,-0.02));
#20112 = CARTESIAN_POINT('',(-6.09,3.301,-0.02));
#20113 = CARTESIAN_POINT('',(-6.09,3.811,-0.02));
#20114 = CARTESIAN_POINT('',(-6.81,3.811,-0.02));
#20115 = CARTESIAN_POINT('',(-6.81,3.301,0));
#20116 = CARTESIAN_POINT('',(-6.09,3.301,0));
#20117 = CARTESIAN_POINT('',(-6.09,3.811,0));
#20118 = CARTESIAN_POINT('',(-6.81,3.811,0));
#20119 = VERTEX_POINT('',#20111);
#20120 = VERTEX_POINT('',#20112);
#20121 = VERTEX_POINT('',#20113);
#20122 = VERTEX_POINT('',#20114);
#20123 = VERTEX_POINT('',#20115);
#20124 = VERTEX_POINT('',#20116);
#20125 = VERTEX_POINT('',#20117);
#20126 = VERTEX_POINT('',#20118);
#20127 = VECTOR('',#2447,1.);
#20128 = LINE('',#20114,#20127);
#20129 = EDGE_CURVE('',#20122,#20121,#20128,.T.);
#20130 = ORIENTED_EDGE('',*,*,#20129,.T.);
#20131 = VECTOR('',#3067,1.);
#20132 = LINE('',#20113,#20131);
#20133 = EDGE_CURVE('',#20121,#20120,#20132,.T.);
#20134 = ORIENTED_EDGE('',*,*,#20133,.T.);
#20135 = VECTOR('',#2496,1.);
#20136 = LINE('',#20112,#20135);
#20137 = EDGE_CURVE('',#20120,#20119,#20136,.T.);
#20138 = ORIENTED_EDGE('',*,*,#20137,.T.);
#20139 = VECTOR('',#2442,1.);
#20140 = LINE('',#20111,#20139);
#20141 = EDGE_CURVE('',#20119,#20122,#20140,.T.);
#20142 = ORIENTED_EDGE('',*,*,#20141,.T.);
#20143 = EDGE_LOOP('',(#20130,#20134,#20138,#20142));
#20144 = FACE_OUTER_BOUND('',#20143,.T.);
#20145 = AXIS2_PLACEMENT_3D('',#20114,#4879,#2447);
#20146 = PLANE('',#20145);
#20147 = ADVANCED_FACE('',(#20144),#20146,.T.);
#20148 = VECTOR('',#2447,1.);
#20149 = LINE('',#20115,#20148);
#20150 = EDGE_CURVE('',#20123,#20124,#20149,.T.);
#20151 = ORIENTED_EDGE('',*,*,#20150,.T.);
#20152 = VECTOR('',#2442,1.);
#20153 = LINE('',#20116,#20152);
#20154 = EDGE_CURVE('',#20124,#20125,#20153,.T.);
#20155 = ORIENTED_EDGE('',*,*,#20154,.T.);
#20156 = VECTOR('',#2496,1.);
#20157 = LINE('',#20117,#20156);
#20158 = EDGE_CURVE('',#20125,#20126,#20157,.T.);
#20159 = ORIENTED_EDGE('',*,*,#20158,.T.);
#20160 = VECTOR('',#3067,1.);
#20161 = LINE('',#20118,#20160);
#20162 = EDGE_CURVE('',#20126,#20123,#20161,.T.);
#20163 = ORIENTED_EDGE('',*,*,#20162,.T.);
#20164 = EDGE_LOOP('',(#20151,#20155,#20159,#20163));
#20165 = FACE_OUTER_BOUND('',#20164,.T.);
#20166 = AXIS2_PLACEMENT_3D('',#20115,#7301,#2447);
#20167 = PLANE('',#20166);
#20168 = ADVANCED_FACE('',(#20165),#20167,.T.);
#20169 = ORIENTED_EDGE('',*,*,#20137,.F.);
#20170 = VECTOR('',#7301,1.);
#20171 = LINE('',#20112,#20170);
#20172 = EDGE_CURVE('',#20120,#20124,#20171,.T.);
#20173 = ORIENTED_EDGE('',*,*,#20172,.T.);
#20174 = ORIENTED_EDGE('',*,*,#20150,.F.);
#20175 = VECTOR('',#4879,1.);
#20176 = LINE('',#20115,#20175);
#20177 = EDGE_CURVE('',#20123,#20119,#20176,.T.);
#20178 = ORIENTED_EDGE('',*,*,#20177,.T.);
#20179 = EDGE_LOOP('',(#20169,#20173,#20174,#20178));
#20180 = FACE_OUTER_BOUND('',#20179,.T.);
#20181 = AXIS2_PLACEMENT_3D('',#20111,#3067,#7301);
#20182 = PLANE('',#20181);
#20183 = ADVANCED_FACE('',(#20180),#20182,.T.);
#20184 = ORIENTED_EDGE('',*,*,#20133,.F.);
#20185 = VECTOR('',#7301,1.);
#20186 = LINE('',#20113,#20185);
#20187 = EDGE_CURVE('',#20121,#20125,#20186,.T.);
#20188 = ORIENTED_EDGE('',*,*,#20187,.T.);
#20189 = ORIENTED_EDGE('',*,*,#20154,.F.);
#20190 = ORIENTED_EDGE('',*,*,#20172,.F.);
#20191 = EDGE_LOOP('',(#20184,#20188,#20189,#20190));
#20192 = FACE_OUTER_BOUND('',#20191,.T.);
#20193 = AXIS2_PLACEMENT_3D('',#20112,#2447,#7301);
#20194 = PLANE('',#20193);
#20195 = ADVANCED_FACE('',(#20192),#20194,.T.);
#20196 = ORIENTED_EDGE('',*,*,#20129,.F.);
#20197 = VECTOR('',#7301,1.);
#20198 = LINE('',#20114,#20197);
#20199 = EDGE_CURVE('',#20122,#20126,#20198,.T.);
#20200 = ORIENTED_EDGE('',*,*,#20199,.T.);
#20201 = ORIENTED_EDGE('',*,*,#20158,.F.);
#20202 = ORIENTED_EDGE('',*,*,#20187,.F.);
#20203 = EDGE_LOOP('',(#20196,#20200,#20201,#20202));
#20204 = FACE_OUTER_BOUND('',#20203,.T.);
#20205 = AXIS2_PLACEMENT_3D('',#20113,#2442,#7301);
#20206 = PLANE('',#20205);
#20207 = ADVANCED_FACE('',(#20204),#20206,.T.);
#20208 = ORIENTED_EDGE('',*,*,#20141,.F.);
#20209 = ORIENTED_EDGE('',*,*,#20177,.F.);
#20210 = ORIENTED_EDGE('',*,*,#20162,.F.);
#20211 = ORIENTED_EDGE('',*,*,#20199,.F.);
#20212 = EDGE_LOOP('',(#20208,#20209,#20210,#20211));
#20213 = FACE_OUTER_BOUND('',#20212,.T.);
#20214 = AXIS2_PLACEMENT_3D('',#20114,#2496,#7301);
#20215 = PLANE('',#20214);
#20216 = ADVANCED_FACE('',(#20213),#20215,.T.);
#20217 = CLOSED_SHELL('',(#20147,#20168,#20183,#20195,#20207,#20216));
#20218 = MANIFOLD_SOLID_BREP('PAD_45',#20217);
#20219 = CARTESIAN_POINT('',(-6.81,2.285,-0.02));
#20220 = CARTESIAN_POINT('',(-6.09,2.285,-0.02));
#20221 = CARTESIAN_POINT('',(-6.09,2.795,-0.02));
#20222 = CARTESIAN_POINT('',(-6.81,2.795,-0.02));
#20223 = CARTESIAN_POINT('',(-6.81,2.285,0));
#20224 = CARTESIAN_POINT('',(-6.09,2.285,0));
#20225 = CARTESIAN_POINT('',(-6.09,2.795,0));
#20226 = CARTESIAN_POINT('',(-6.81,2.795,0));
#20227 = VERTEX_POINT('',#20219);
#20228 = VERTEX_POINT('',#20220);
#20229 = VERTEX_POINT('',#20221);
#20230 = VERTEX_POINT('',#20222);
#20231 = VERTEX_POINT('',#20223);
#20232 = VERTEX_POINT('',#20224);
#20233 = VERTEX_POINT('',#20225);
#20234 = VERTEX_POINT('',#20226);
#20235 = VECTOR('',#2447,1.);
#20236 = LINE('',#20222,#20235);
#20237 = EDGE_CURVE('',#20230,#20229,#20236,.T.);
#20238 = ORIENTED_EDGE('',*,*,#20237,.T.);
#20239 = VECTOR('',#3067,1.);
#20240 = LINE('',#20221,#20239);
#20241 = EDGE_CURVE('',#20229,#20228,#20240,.T.);
#20242 = ORIENTED_EDGE('',*,*,#20241,.T.);
#20243 = VECTOR('',#2496,1.);
#20244 = LINE('',#20220,#20243);
#20245 = EDGE_CURVE('',#20228,#20227,#20244,.T.);
#20246 = ORIENTED_EDGE('',*,*,#20245,.T.);
#20247 = VECTOR('',#2442,1.);
#20248 = LINE('',#20219,#20247);
#20249 = EDGE_CURVE('',#20227,#20230,#20248,.T.);
#20250 = ORIENTED_EDGE('',*,*,#20249,.T.);
#20251 = EDGE_LOOP('',(#20238,#20242,#20246,#20250));
#20252 = FACE_OUTER_BOUND('',#20251,.T.);
#20253 = AXIS2_PLACEMENT_3D('',#20222,#4879,#2447);
#20254 = PLANE('',#20253);
#20255 = ADVANCED_FACE('',(#20252),#20254,.T.);
#20256 = VECTOR('',#2447,1.);
#20257 = LINE('',#20223,#20256);
#20258 = EDGE_CURVE('',#20231,#20232,#20257,.T.);
#20259 = ORIENTED_EDGE('',*,*,#20258,.T.);
#20260 = VECTOR('',#2442,1.);
#20261 = LINE('',#20224,#20260);
#20262 = EDGE_CURVE('',#20232,#20233,#20261,.T.);
#20263 = ORIENTED_EDGE('',*,*,#20262,.T.);
#20264 = VECTOR('',#2496,1.);
#20265 = LINE('',#20225,#20264);
#20266 = EDGE_CURVE('',#20233,#20234,#20265,.T.);
#20267 = ORIENTED_EDGE('',*,*,#20266,.T.);
#20268 = VECTOR('',#3067,1.);
#20269 = LINE('',#20226,#20268);
#20270 = EDGE_CURVE('',#20234,#20231,#20269,.T.);
#20271 = ORIENTED_EDGE('',*,*,#20270,.T.);
#20272 = EDGE_LOOP('',(#20259,#20263,#20267,#20271));
#20273 = FACE_OUTER_BOUND('',#20272,.T.);
#20274 = AXIS2_PLACEMENT_3D('',#20223,#7301,#2447);
#20275 = PLANE('',#20274);
#20276 = ADVANCED_FACE('',(#20273),#20275,.T.);
#20277 = ORIENTED_EDGE('',*,*,#20245,.F.);
#20278 = VECTOR('',#7301,1.);
#20279 = LINE('',#20220,#20278);
#20280 = EDGE_CURVE('',#20228,#20232,#20279,.T.);
#20281 = ORIENTED_EDGE('',*,*,#20280,.T.);
#20282 = ORIENTED_EDGE('',*,*,#20258,.F.);
#20283 = VECTOR('',#4879,1.);
#20284 = LINE('',#20223,#20283);
#20285 = EDGE_CURVE('',#20231,#20227,#20284,.T.);
#20286 = ORIENTED_EDGE('',*,*,#20285,.T.);
#20287 = EDGE_LOOP('',(#20277,#20281,#20282,#20286));
#20288 = FACE_OUTER_BOUND('',#20287,.T.);
#20289 = AXIS2_PLACEMENT_3D('',#20219,#3067,#7301);
#20290 = PLANE('',#20289);
#20291 = ADVANCED_FACE('',(#20288),#20290,.T.);
#20292 = ORIENTED_EDGE('',*,*,#20241,.F.);
#20293 = VECTOR('',#7301,1.);
#20294 = LINE('',#20221,#20293);
#20295 = EDGE_CURVE('',#20229,#20233,#20294,.T.);
#20296 = ORIENTED_EDGE('',*,*,#20295,.T.);
#20297 = ORIENTED_EDGE('',*,*,#20262,.F.);
#20298 = ORIENTED_EDGE('',*,*,#20280,.F.);
#20299 = EDGE_LOOP('',(#20292,#20296,#20297,#20298));
#20300 = FACE_OUTER_BOUND('',#20299,.T.);
#20301 = AXIS2_PLACEMENT_3D('',#20220,#2447,#7301);
#20302 = PLANE('',#20301);
#20303 = ADVANCED_FACE('',(#20300),#20302,.T.);
#20304 = ORIENTED_EDGE('',*,*,#20237,.F.);
#20305 = VECTOR('',#7301,1.);
#20306 = LINE('',#20222,#20305);
#20307 = EDGE_CURVE('',#20230,#20234,#20306,.T.);
#20308 = ORIENTED_EDGE('',*,*,#20307,.T.);
#20309 = ORIENTED_EDGE('',*,*,#20266,.F.);
#20310 = ORIENTED_EDGE('',*,*,#20295,.F.);
#20311 = EDGE_LOOP('',(#20304,#20308,#20309,#20310));
#20312 = FACE_OUTER_BOUND('',#20311,.T.);
#20313 = AXIS2_PLACEMENT_3D('',#20221,#2442,#7301);
#20314 = PLANE('',#20313);
#20315 = ADVANCED_FACE('',(#20312),#20314,.T.);
#20316 = ORIENTED_EDGE('',*,*,#20249,.F.);
#20317 = ORIENTED_EDGE('',*,*,#20285,.F.);
#20318 = ORIENTED_EDGE('',*,*,#20270,.F.);
#20319 = ORIENTED_EDGE('',*,*,#20307,.F.);
#20320 = EDGE_LOOP('',(#20316,#20317,#20318,#20319));
#20321 = FACE_OUTER_BOUND('',#20320,.T.);
#20322 = AXIS2_PLACEMENT_3D('',#20222,#2496,#7301);
#20323 = PLANE('',#20322);
#20324 = ADVANCED_FACE('',(#20321),#20323,.T.);
#20325 = CLOSED_SHELL('',(#20255,#20276,#20291,#20303,#20315,#20324));
#20326 = MANIFOLD_SOLID_BREP('PAD_46',#20325);
#20327 = CARTESIAN_POINT('',(-6.81,1.269,-0.02));
#20328 = CARTESIAN_POINT('',(-6.09,1.269,-0.02));
#20329 = CARTESIAN_POINT('',(-6.09,1.779,-0.02));
#20330 = CARTESIAN_POINT('',(-6.81,1.779,-0.02));
#20331 = CARTESIAN_POINT('',(-6.81,1.269,0));
#20332 = CARTESIAN_POINT('',(-6.09,1.269,0));
#20333 = CARTESIAN_POINT('',(-6.09,1.779,0));
#20334 = CARTESIAN_POINT('',(-6.81,1.779,0));
#20335 = VERTEX_POINT('',#20327);
#20336 = VERTEX_POINT('',#20328);
#20337 = VERTEX_POINT('',#20329);
#20338 = VERTEX_POINT('',#20330);
#20339 = VERTEX_POINT('',#20331);
#20340 = VERTEX_POINT('',#20332);
#20341 = VERTEX_POINT('',#20333);
#20342 = VERTEX_POINT('',#20334);
#20343 = VECTOR('',#2447,1.);
#20344 = LINE('',#20330,#20343);
#20345 = EDGE_CURVE('',#20338,#20337,#20344,.T.);
#20346 = ORIENTED_EDGE('',*,*,#20345,.T.);
#20347 = VECTOR('',#3067,1.);
#20348 = LINE('',#20329,#20347);
#20349 = EDGE_CURVE('',#20337,#20336,#20348,.T.);
#20350 = ORIENTED_EDGE('',*,*,#20349,.T.);
#20351 = VECTOR('',#2496,1.);
#20352 = LINE('',#20328,#20351);
#20353 = EDGE_CURVE('',#20336,#20335,#20352,.T.);
#20354 = ORIENTED_EDGE('',*,*,#20353,.T.);
#20355 = VECTOR('',#2442,1.);
#20356 = LINE('',#20327,#20355);
#20357 = EDGE_CURVE('',#20335,#20338,#20356,.T.);
#20358 = ORIENTED_EDGE('',*,*,#20357,.T.);
#20359 = EDGE_LOOP('',(#20346,#20350,#20354,#20358));
#20360 = FACE_OUTER_BOUND('',#20359,.T.);
#20361 = AXIS2_PLACEMENT_3D('',#20330,#4879,#2447);
#20362 = PLANE('',#20361);
#20363 = ADVANCED_FACE('',(#20360),#20362,.T.);
#20364 = VECTOR('',#2447,1.);
#20365 = LINE('',#20331,#20364);
#20366 = EDGE_CURVE('',#20339,#20340,#20365,.T.);
#20367 = ORIENTED_EDGE('',*,*,#20366,.T.);
#20368 = VECTOR('',#2442,1.);
#20369 = LINE('',#20332,#20368);
#20370 = EDGE_CURVE('',#20340,#20341,#20369,.T.);
#20371 = ORIENTED_EDGE('',*,*,#20370,.T.);
#20372 = VECTOR('',#2496,1.);
#20373 = LINE('',#20333,#20372);
#20374 = EDGE_CURVE('',#20341,#20342,#20373,.T.);
#20375 = ORIENTED_EDGE('',*,*,#20374,.T.);
#20376 = VECTOR('',#3067,1.);
#20377 = LINE('',#20334,#20376);
#20378 = EDGE_CURVE('',#20342,#20339,#20377,.T.);
#20379 = ORIENTED_EDGE('',*,*,#20378,.T.);
#20380 = EDGE_LOOP('',(#20367,#20371,#20375,#20379));
#20381 = FACE_OUTER_BOUND('',#20380,.T.);
#20382 = AXIS2_PLACEMENT_3D('',#20331,#7301,#2447);
#20383 = PLANE('',#20382);
#20384 = ADVANCED_FACE('',(#20381),#20383,.T.);
#20385 = ORIENTED_EDGE('',*,*,#20353,.F.);
#20386 = VECTOR('',#7301,1.);
#20387 = LINE('',#20328,#20386);
#20388 = EDGE_CURVE('',#20336,#20340,#20387,.T.);
#20389 = ORIENTED_EDGE('',*,*,#20388,.T.);
#20390 = ORIENTED_EDGE('',*,*,#20366,.F.);
#20391 = VECTOR('',#4879,1.);
#20392 = LINE('',#20331,#20391);
#20393 = EDGE_CURVE('',#20339,#20335,#20392,.T.);
#20394 = ORIENTED_EDGE('',*,*,#20393,.T.);
#20395 = EDGE_LOOP('',(#20385,#20389,#20390,#20394));
#20396 = FACE_OUTER_BOUND('',#20395,.T.);
#20397 = AXIS2_PLACEMENT_3D('',#20327,#3067,#7301);
#20398 = PLANE('',#20397);
#20399 = ADVANCED_FACE('',(#20396),#20398,.T.);
#20400 = ORIENTED_EDGE('',*,*,#20349,.F.);
#20401 = VECTOR('',#7301,1.);
#20402 = LINE('',#20329,#20401);
#20403 = EDGE_CURVE('',#20337,#20341,#20402,.T.);
#20404 = ORIENTED_EDGE('',*,*,#20403,.T.);
#20405 = ORIENTED_EDGE('',*,*,#20370,.F.);
#20406 = ORIENTED_EDGE('',*,*,#20388,.F.);
#20407 = EDGE_LOOP('',(#20400,#20404,#20405,#20406));
#20408 = FACE_OUTER_BOUND('',#20407,.T.);
#20409 = AXIS2_PLACEMENT_3D('',#20328,#2447,#7301);
#20410 = PLANE('',#20409);
#20411 = ADVANCED_FACE('',(#20408),#20410,.T.);
#20412 = ORIENTED_EDGE('',*,*,#20345,.F.);
#20413 = VECTOR('',#7301,1.);
#20414 = LINE('',#20330,#20413);
#20415 = EDGE_CURVE('',#20338,#20342,#20414,.T.);
#20416 = ORIENTED_EDGE('',*,*,#20415,.T.);
#20417 = ORIENTED_EDGE('',*,*,#20374,.F.);
#20418 = ORIENTED_EDGE('',*,*,#20403,.F.);
#20419 = EDGE_LOOP('',(#20412,#20416,#20417,#20418));
#20420 = FACE_OUTER_BOUND('',#20419,.T.);
#20421 = AXIS2_PLACEMENT_3D('',#20329,#2442,#7301);
#20422 = PLANE('',#20421);
#20423 = ADVANCED_FACE('',(#20420),#20422,.T.);
#20424 = ORIENTED_EDGE('',*,*,#20357,.F.);
#20425 = ORIENTED_EDGE('',*,*,#20393,.F.);
#20426 = ORIENTED_EDGE('',*,*,#20378,.F.);
#20427 = ORIENTED_EDGE('',*,*,#20415,.F.);
#20428 = EDGE_LOOP('',(#20424,#20425,#20426,#20427));
#20429 = FACE_OUTER_BOUND('',#20428,.T.);
#20430 = AXIS2_PLACEMENT_3D('',#20330,#2496,#7301);
#20431 = PLANE('',#20430);
#20432 = ADVANCED_FACE('',(#20429),#20431,.T.);
#20433 = CLOSED_SHELL('',(#20363,#20384,#20399,#20411,#20423,#20432));
#20434 = MANIFOLD_SOLID_BREP('PAD_47',#20433);
#20435 = CARTESIAN_POINT('',(-6.81,0.253,-0.02));
#20436 = CARTESIAN_POINT('',(-6.09,0.253,-0.02));
#20437 = CARTESIAN_POINT('',(-6.09,0.763,-0.02));
#20438 = CARTESIAN_POINT('',(-6.81,0.763,-0.02));
#20439 = CARTESIAN_POINT('',(-6.81,0.253,0));
#20440 = CARTESIAN_POINT('',(-6.09,0.253,0));
#20441 = CARTESIAN_POINT('',(-6.09,0.763,0));
#20442 = CARTESIAN_POINT('',(-6.81,0.763,0));
#20443 = VERTEX_POINT('',#20435);
#20444 = VERTEX_POINT('',#20436);
#20445 = VERTEX_POINT('',#20437);
#20446 = VERTEX_POINT('',#20438);
#20447 = VERTEX_POINT('',#20439);
#20448 = VERTEX_POINT('',#20440);
#20449 = VERTEX_POINT('',#20441);
#20450 = VERTEX_POINT('',#20442);
#20451 = VECTOR('',#2447,1.);
#20452 = LINE('',#20438,#20451);
#20453 = EDGE_CURVE('',#20446,#20445,#20452,.T.);
#20454 = ORIENTED_EDGE('',*,*,#20453,.T.);
#20455 = VECTOR('',#3067,1.);
#20456 = LINE('',#20437,#20455);
#20457 = EDGE_CURVE('',#20445,#20444,#20456,.T.);
#20458 = ORIENTED_EDGE('',*,*,#20457,.T.);
#20459 = VECTOR('',#2496,1.);
#20460 = LINE('',#20436,#20459);
#20461 = EDGE_CURVE('',#20444,#20443,#20460,.T.);
#20462 = ORIENTED_EDGE('',*,*,#20461,.T.);
#20463 = VECTOR('',#2442,1.);
#20464 = LINE('',#20435,#20463);
#20465 = EDGE_CURVE('',#20443,#20446,#20464,.T.);
#20466 = ORIENTED_EDGE('',*,*,#20465,.T.);
#20467 = EDGE_LOOP('',(#20454,#20458,#20462,#20466));
#20468 = FACE_OUTER_BOUND('',#20467,.T.);
#20469 = AXIS2_PLACEMENT_3D('',#20438,#4879,#2447);
#20470 = PLANE('',#20469);
#20471 = ADVANCED_FACE('',(#20468),#20470,.T.);
#20472 = VECTOR('',#2447,1.);
#20473 = LINE('',#20439,#20472);
#20474 = EDGE_CURVE('',#20447,#20448,#20473,.T.);
#20475 = ORIENTED_EDGE('',*,*,#20474,.T.);
#20476 = VECTOR('',#2442,1.);
#20477 = LINE('',#20440,#20476);
#20478 = EDGE_CURVE('',#20448,#20449,#20477,.T.);
#20479 = ORIENTED_EDGE('',*,*,#20478,.T.);
#20480 = VECTOR('',#2496,1.);
#20481 = LINE('',#20441,#20480);
#20482 = EDGE_CURVE('',#20449,#20450,#20481,.T.);
#20483 = ORIENTED_EDGE('',*,*,#20482,.T.);
#20484 = VECTOR('',#3067,1.);
#20485 = LINE('',#20442,#20484);
#20486 = EDGE_CURVE('',#20450,#20447,#20485,.T.);
#20487 = ORIENTED_EDGE('',*,*,#20486,.T.);
#20488 = EDGE_LOOP('',(#20475,#20479,#20483,#20487));
#20489 = FACE_OUTER_BOUND('',#20488,.T.);
#20490 = AXIS2_PLACEMENT_3D('',#20439,#7301,#2447);
#20491 = PLANE('',#20490);
#20492 = ADVANCED_FACE('',(#20489),#20491,.T.);
#20493 = ORIENTED_EDGE('',*,*,#20461,.F.);
#20494 = VECTOR('',#7301,1.);
#20495 = LINE('',#20436,#20494);
#20496 = EDGE_CURVE('',#20444,#20448,#20495,.T.);
#20497 = ORIENTED_EDGE('',*,*,#20496,.T.);
#20498 = ORIENTED_EDGE('',*,*,#20474,.F.);
#20499 = VECTOR('',#4879,1.);
#20500 = LINE('',#20439,#20499);
#20501 = EDGE_CURVE('',#20447,#20443,#20500,.T.);
#20502 = ORIENTED_EDGE('',*,*,#20501,.T.);
#20503 = EDGE_LOOP('',(#20493,#20497,#20498,#20502));
#20504 = FACE_OUTER_BOUND('',#20503,.T.);
#20505 = AXIS2_PLACEMENT_3D('',#20435,#3067,#7301);
#20506 = PLANE('',#20505);
#20507 = ADVANCED_FACE('',(#20504),#20506,.T.);
#20508 = ORIENTED_EDGE('',*,*,#20457,.F.);
#20509 = VECTOR('',#7301,1.);
#20510 = LINE('',#20437,#20509);
#20511 = EDGE_CURVE('',#20445,#20449,#20510,.T.);
#20512 = ORIENTED_EDGE('',*,*,#20511,.T.);
#20513 = ORIENTED_EDGE('',*,*,#20478,.F.);
#20514 = ORIENTED_EDGE('',*,*,#20496,.F.);
#20515 = EDGE_LOOP('',(#20508,#20512,#20513,#20514));
#20516 = FACE_OUTER_BOUND('',#20515,.T.);
#20517 = AXIS2_PLACEMENT_3D('',#20436,#2447,#7301);
#20518 = PLANE('',#20517);
#20519 = ADVANCED_FACE('',(#20516),#20518,.T.);
#20520 = ORIENTED_EDGE('',*,*,#20453,.F.);
#20521 = VECTOR('',#7301,1.);
#20522 = LINE('',#20438,#20521);
#20523 = EDGE_CURVE('',#20446,#20450,#20522,.T.);
#20524 = ORIENTED_EDGE('',*,*,#20523,.T.);
#20525 = ORIENTED_EDGE('',*,*,#20482,.F.);
#20526 = ORIENTED_EDGE('',*,*,#20511,.F.);
#20527 = EDGE_LOOP('',(#20520,#20524,#20525,#20526));
#20528 = FACE_OUTER_BOUND('',#20527,.T.);
#20529 = AXIS2_PLACEMENT_3D('',#20437,#2442,#7301);
#20530 = PLANE('',#20529);
#20531 = ADVANCED_FACE('',(#20528),#20530,.T.);
#20532 = ORIENTED_EDGE('',*,*,#20465,.F.);
#20533 = ORIENTED_EDGE('',*,*,#20501,.F.);
#20534 = ORIENTED_EDGE('',*,*,#20486,.F.);
#20535 = ORIENTED_EDGE('',*,*,#20523,.F.);
#20536 = EDGE_LOOP('',(#20532,#20533,#20534,#20535));
#20537 = FACE_OUTER_BOUND('',#20536,.T.);
#20538 = AXIS2_PLACEMENT_3D('',#20438,#2496,#7301);
#20539 = PLANE('',#20538);
#20540 = ADVANCED_FACE('',(#20537),#20539,.T.);
#20541 = CLOSED_SHELL('',(#20471,#20492,#20507,#20519,#20531,#20540));
#20542 = MANIFOLD_SOLID_BREP('PAD_48',#20541);
#20543 = CARTESIAN_POINT('',(-3.251,-1.0906,2.28));
#20544 = CARTESIAN_POINT('',(2.893,-1.0906,2.28));
#20545 = CARTESIAN_POINT('',(2.893,3.8246,2.28));
#20546 = CARTESIAN_POINT('',(-3.251,3.8246,2.28));
#20547 = CARTESIAN_POINT('',(-3.251,-1.0906,2.29));
#20548 = CARTESIAN_POINT('',(2.893,-1.0906,2.29));
#20549 = CARTESIAN_POINT('',(2.893,3.8246,2.29));
#20550 = CARTESIAN_POINT('',(-3.251,3.8246,2.29));
#20551 = VERTEX_POINT('',#20543);
#20552 = VERTEX_POINT('',#20544);
#20553 = VERTEX_POINT('',#20545);
#20554 = VERTEX_POINT('',#20546);
#20555 = VERTEX_POINT('',#20547);
#20556 = VERTEX_POINT('',#20548);
#20557 = VERTEX_POINT('',#20549);
#20558 = VERTEX_POINT('',#20550);
#20559 = VECTOR('',#2447,1.);
#20560 = LINE('',#20546,#20559);
#20561 = EDGE_CURVE('',#20554,#20553,#20560,.T.);
#20562 = ORIENTED_EDGE('',*,*,#20561,.T.);
#20563 = VECTOR('',#3067,1.);
#20564 = LINE('',#20545,#20563);
#20565 = EDGE_CURVE('',#20553,#20552,#20564,.T.);
#20566 = ORIENTED_EDGE('',*,*,#20565,.T.);
#20567 = VECTOR('',#2496,1.);
#20568 = LINE('',#20544,#20567);
#20569 = EDGE_CURVE('',#20552,#20551,#20568,.T.);
#20570 = ORIENTED_EDGE('',*,*,#20569,.T.);
#20571 = VECTOR('',#2442,1.);
#20572 = LINE('',#20543,#20571);
#20573 = EDGE_CURVE('',#20551,#20554,#20572,.T.);
#20574 = ORIENTED_EDGE('',*,*,#20573,.T.);
#20575 = EDGE_LOOP('',(#20562,#20566,#20570,#20574));
#20576 = FACE_OUTER_BOUND('',#20575,.T.);
#20577 = AXIS2_PLACEMENT_3D('',#20546,#4879,#2447);
#20578 = PLANE('',#20577);
#20579 = ADVANCED_FACE('',(#20576),#20578,.T.);
#20580 = VECTOR('',#2447,1.);
#20581 = LINE('',#20547,#20580);
#20582 = EDGE_CURVE('',#20555,#20556,#20581,.T.);
#20583 = ORIENTED_EDGE('',*,*,#20582,.T.);
#20584 = VECTOR('',#2442,1.);
#20585 = LINE('',#20548,#20584);
#20586 = EDGE_CURVE('',#20556,#20557,#20585,.T.);
#20587 = ORIENTED_EDGE('',*,*,#20586,.T.);
#20588 = VECTOR('',#2496,1.);
#20589 = LINE('',#20549,#20588);
#20590 = EDGE_CURVE('',#20557,#20558,#20589,.T.);
#20591 = ORIENTED_EDGE('',*,*,#20590,.T.);
#20592 = VECTOR('',#3067,1.);
#20593 = LINE('',#20550,#20592);
#20594 = EDGE_CURVE('',#20558,#20555,#20593,.T.);
#20595 = ORIENTED_EDGE('',*,*,#20594,.T.);
#20596 = EDGE_LOOP('',(#20583,#20587,#20591,#20595));
#20597 = FACE_OUTER_BOUND('',#20596,.T.);
#20598 = AXIS2_PLACEMENT_3D('',#20547,#7301,#2447);
#20599 = PLANE('',#20598);
#20600 = ADVANCED_FACE('',(#20597),#20599,.T.);
#20601 = ORIENTED_EDGE('',*,*,#20569,.F.);
#20602 = VECTOR('',#7301,1.);
#20603 = LINE('',#20544,#20602);
#20604 = EDGE_CURVE('',#20552,#20556,#20603,.T.);
#20605 = ORIENTED_EDGE('',*,*,#20604,.T.);
#20606 = ORIENTED_EDGE('',*,*,#20582,.F.);
#20607 = VECTOR('',#4879,1.);
#20608 = LINE('',#20547,#20607);
#20609 = EDGE_CURVE('',#20555,#20551,#20608,.T.);
#20610 = ORIENTED_EDGE('',*,*,#20609,.T.);
#20611 = EDGE_LOOP('',(#20601,#20605,#20606,#20610));
#20612 = FACE_OUTER_BOUND('',#20611,.T.);
#20613 = AXIS2_PLACEMENT_3D('',#20543,#3067,#7301);
#20614 = PLANE('',#20613);
#20615 = ADVANCED_FACE('',(#20612),#20614,.T.);
#20616 = ORIENTED_EDGE('',*,*,#20565,.F.);
#20617 = VECTOR('',#7301,1.);
#20618 = LINE('',#20545,#20617);
#20619 = EDGE_CURVE('',#20553,#20557,#20618,.T.);
#20620 = ORIENTED_EDGE('',*,*,#20619,.T.);
#20621 = ORIENTED_EDGE('',*,*,#20586,.F.);
#20622 = ORIENTED_EDGE('',*,*,#20604,.F.);
#20623 = EDGE_LOOP('',(#20616,#20620,#20621,#20622));
#20624 = FACE_OUTER_BOUND('',#20623,.T.);
#20625 = AXIS2_PLACEMENT_3D('',#20544,#2447,#7301);
#20626 = PLANE('',#20625);
#20627 = ADVANCED_FACE('',(#20624),#20626,.T.);
#20628 = ORIENTED_EDGE('',*,*,#20561,.F.);
#20629 = VECTOR('',#7301,1.);
#20630 = LINE('',#20546,#20629);
#20631 = EDGE_CURVE('',#20554,#20558,#20630,.T.);
#20632 = ORIENTED_EDGE('',*,*,#20631,.T.);
#20633 = ORIENTED_EDGE('',*,*,#20590,.F.);
#20634 = ORIENTED_EDGE('',*,*,#20619,.F.);
#20635 = EDGE_LOOP('',(#20628,#20632,#20633,#20634));
#20636 = FACE_OUTER_BOUND('',#20635,.T.);
#20637 = AXIS2_PLACEMENT_3D('',#20545,#2442,#7301);
#20638 = PLANE('',#20637);
#20639 = ADVANCED_FACE('',(#20636),#20638,.T.);
#20640 = ORIENTED_EDGE('',*,*,#20573,.F.);
#20641 = ORIENTED_EDGE('',*,*,#20609,.F.);
#20642 = ORIENTED_EDGE('',*,*,#20594,.F.);
#20643 = ORIENTED_EDGE('',*,*,#20631,.F.);
#20644 = EDGE_LOOP('',(#20640,#20641,#20642,#20643));
#20645 = FACE_OUTER_BOUND('',#20644,.T.);
#20646 = AXIS2_PLACEMENT_3D('',#20546,#2496,#7301);
#20647 = PLANE('',#20646);
#20648 = ADVANCED_FACE('',(#20645),#20647,.T.);
#20649 = CLOSED_SHELL('',(#20579,#20600,#20615,#20627,#20639,#20648));
#20650 = MANIFOLD_SOLID_BREP('ACTIVE_AREA_REF',#20649);
#20651 = CARTESIAN_POINT('',(0,0,0));
#20652 = AXIS2_PLACEMENT_3D('',#20651,#7301,#2447);
#20653 = ( LENGTH_UNIT() NAMED_UNIT(*) SI_UNIT(.MILLI.,.METRE.) );
#20654 = ( NAMED_UNIT(*) PLANE_ANGLE_UNIT() SI_UNIT($,.RADIAN.) );
#20655 = ( NAMED_UNIT(*) SI_UNIT($,.STERADIAN.) SOLID_ANGLE_UNIT() );
#20656 = UNCERTAINTY_MEASURE_WITH_UNIT(LENGTH_MEASURE(1.E-07),#20653,'distance_accuracy_value','confusion accuracy');
#20657 = ( GEOMETRIC_REPRESENTATION_CONTEXT(3) GLOBAL_UNCERTAINTY_ASSIGNED_CONTEXT((#20656)) GLOBAL_UNIT_ASSIGNED_CONTEXT((#20653,#20654,#20655)) REPRESENTATION_CONTEXT('Context #1','3D Context with UNIT and UNCERTAINTY') );
#20658 = APPLICATION_CONTEXT('core data for automotive mechanical design processes');
#20659 = APPLICATION_PROTOCOL_DEFINITION('international standard','automotive_design',2000,#20658);
#20660 = PRODUCT_CONTEXT('',#20658,'mechanical');
#20661 = PRODUCT('PYTHON1300_NOIP1SN1300A_LCC48','PYTHON1300_NOIP1SN1300A_LCC48','48-pin LCC image sensor',(#20660));
#20662 = PRODUCT_RELATED_PRODUCT_CATEGORY('part','',(#20661));
#20663 = PRODUCT_DEFINITION_FORMATION('','',#20661);
#20664 = PRODUCT_DEFINITION_CONTEXT('part definition',#20658,'design');
#20665 = PRODUCT_DEFINITION('design','',#20663,#20664);
#20666 = PRODUCT_DEFINITION_SHAPE('','',#20665);
#20667 = ADVANCED_BREP_SHAPE_REPRESENTATION('PYTHON1300_NOIP1SN1300A_LCC48',(#20652,#14594,#15250,#15358,#15466,#15574,#15682,#15790,#15898,#16006,#16114,#16222,#16330,#16438,#16546,#16654,#16762,#16870,#16978,#17086,#17194,#17302,#17410,#17518,#17626,#17734,#17842,#17950,#18058,#18166,#18274,#18382,#18490,#18598,#18706,#18814,#18922,#19030,#19138,#19246,#19354,#19462,#19570,#19678,#19786,#19894,#20002,#20110,#20218,#20326,#20434,#20542,#20650),#20657);
#20668 = SHAPE_DEFINITION_REPRESENTATION(#20666,#20667);
ENDSEC;
END-ISO-10303-21;
