ISO-10303-21;
HEADER;
FILE_DESCRIPTION(('Alchitry stack shroud ring -- pt layer | no cutouts: closed band'),'2;1');
FILE_NAME('stack_shroud_pt','2026-08-24T00:00:00',('AuV2-SLI'),('University of Kentucky'),'mech/step_writer.py','mech/step_writer.py','');
FILE_SCHEMA(('AUTOMOTIVE_DESIGN { 1 0 10303 214 1 1 1 1 }'));
ENDSEC;
DATA;
#1=CARTESIAN_POINT('',(-4.75,-4.75,15.59));
#2=VERTEX_POINT('',#1);
#3=CARTESIAN_POINT('',(59.75,-4.75,15.59));
#4=VERTEX_POINT('',#3);
#5=CARTESIAN_POINT('',(59.75,-0.75,15.59));
#6=VERTEX_POINT('',#5);
#7=CARTESIAN_POINT('',(-4.75,-0.75,15.59));
#8=VERTEX_POINT('',#7);
#9=DIRECTION('',(1.,0.,0.));
#10=VECTOR('',#9,1.);
#11=LINE('',#1,#10);
#12=EDGE_CURVE('',#2,#4,#11,.T.);
#13=ORIENTED_EDGE('',*,*,#12,.T.);
#14=DIRECTION('',(0.,1.,0.));
#15=VECTOR('',#14,1.);
#16=LINE('',#3,#15);
#17=EDGE_CURVE('',#4,#6,#16,.T.);
#18=ORIENTED_EDGE('',*,*,#17,.T.);
#19=VECTOR('',#9,1.);
#20=LINE('',#7,#19);
#21=EDGE_CURVE('',#8,#6,#20,.T.);
#22=ORIENTED_EDGE('',*,*,#21,.F.);
#23=VECTOR('',#14,1.);
#24=LINE('',#1,#23);
#25=EDGE_CURVE('',#2,#8,#24,.T.);
#26=ORIENTED_EDGE('',*,*,#25,.F.);
#27=EDGE_LOOP('',(#13,#18,#22,#26));
#28=FACE_OUTER_BOUND('',#27,.T.);
#29=CARTESIAN_POINT('',(56.7307853,-2.94509032,15.59));
#30=VERTEX_POINT('',#29);
#31=CARTESIAN_POINT('',(56.6738795,-3.13268343,15.59));
#32=VERTEX_POINT('',#31);
#33=CARTESIAN_POINT('',(56.5814696,-3.30557023,15.59));
#34=VERTEX_POINT('',#33);
#35=CARTESIAN_POINT('',(56.4571068,-3.45710678,15.59));
#36=VERTEX_POINT('',#35);
#37=CARTESIAN_POINT('',(56.3055702,-3.58146961,15.59));
#38=VERTEX_POINT('',#37);
#39=CARTESIAN_POINT('',(56.1326834,-3.67387953,15.59));
#40=VERTEX_POINT('',#39);
#41=CARTESIAN_POINT('',(55.9450903,-3.73078528,15.59));
#42=VERTEX_POINT('',#41);
#43=CARTESIAN_POINT('',(55.75,-3.75,15.59));
#44=VERTEX_POINT('',#43);
#45=CARTESIAN_POINT('',(55.5549097,-3.73078528,15.59));
#46=VERTEX_POINT('',#45);
#47=CARTESIAN_POINT('',(55.3673166,-3.67387953,15.59));
#48=VERTEX_POINT('',#47);
#49=CARTESIAN_POINT('',(55.1944298,-3.58146961,15.59));
#50=VERTEX_POINT('',#49);
#51=CARTESIAN_POINT('',(55.0428932,-3.45710678,15.59));
#52=VERTEX_POINT('',#51);
#53=CARTESIAN_POINT('',(54.9185304,-3.30557023,15.59));
#54=VERTEX_POINT('',#53);
#55=CARTESIAN_POINT('',(54.8261205,-3.13268343,15.59));
#56=VERTEX_POINT('',#55);
#57=CARTESIAN_POINT('',(54.7692147,-2.94509032,15.59));
#58=VERTEX_POINT('',#57);
#59=CARTESIAN_POINT('',(54.75,-2.75,15.59));
#60=VERTEX_POINT('',#59);
#61=CARTESIAN_POINT('',(54.7692147,-2.55490968,15.59));
#62=VERTEX_POINT('',#61);
#63=CARTESIAN_POINT('',(54.8261205,-2.36731657,15.59));
#64=VERTEX_POINT('',#63);
#65=CARTESIAN_POINT('',(54.9185304,-2.19442977,15.59));
#66=VERTEX_POINT('',#65);
#67=CARTESIAN_POINT('',(55.0428932,-2.04289322,15.59));
#68=VERTEX_POINT('',#67);
#69=CARTESIAN_POINT('',(55.1944298,-1.91853039,15.59));
#70=VERTEX_POINT('',#69);
#71=CARTESIAN_POINT('',(55.3673166,-1.82612047,15.59));
#72=VERTEX_POINT('',#71);
#73=CARTESIAN_POINT('',(55.5549097,-1.76921472,15.59));
#74=VERTEX_POINT('',#73);
#75=CARTESIAN_POINT('',(55.75,-1.75,15.59));
#76=VERTEX_POINT('',#75);
#77=CARTESIAN_POINT('',(55.9450903,-1.76921472,15.59));
#78=VERTEX_POINT('',#77);
#79=CARTESIAN_POINT('',(56.1326834,-1.82612047,15.59));
#80=VERTEX_POINT('',#79);
#81=CARTESIAN_POINT('',(56.3055702,-1.91853039,15.59));
#82=VERTEX_POINT('',#81);
#83=CARTESIAN_POINT('',(56.4571068,-2.04289322,15.59));
#84=VERTEX_POINT('',#83);
#85=CARTESIAN_POINT('',(56.5814696,-2.19442977,15.59));
#86=VERTEX_POINT('',#85);
#87=CARTESIAN_POINT('',(56.6738795,-2.36731657,15.59));
#88=VERTEX_POINT('',#87);
#89=CARTESIAN_POINT('',(56.7307853,-2.55490968,15.59));
#90=VERTEX_POINT('',#89);
#91=CARTESIAN_POINT('',(56.75,-2.75,15.59));
#92=VERTEX_POINT('',#91);
#93=DIRECTION('',(0.290284674,0.956940337,0.));
#94=VECTOR('',#93,1.);
#95=LINE('',#31,#94);
#96=EDGE_CURVE('',#32,#30,#95,.T.);
#97=ORIENTED_EDGE('',*,*,#96,.F.);
#98=DIRECTION('',(0.471396739,0.881921263,0.));
#99=VECTOR('',#98,1.);
#100=LINE('',#33,#99);
#101=EDGE_CURVE('',#34,#32,#100,.T.);
#102=ORIENTED_EDGE('',*,*,#101,.F.);
#103=DIRECTION('',(0.634393284,0.773010453,0.));
#104=VECTOR('',#103,1.);
#105=LINE('',#35,#104);
#106=EDGE_CURVE('',#36,#34,#105,.T.);
#107=ORIENTED_EDGE('',*,*,#106,.F.);
#108=DIRECTION('',(0.773010453,0.634393284,0.));
#109=VECTOR('',#108,1.);
#110=LINE('',#37,#109);
#111=EDGE_CURVE('',#38,#36,#110,.T.);
#112=ORIENTED_EDGE('',*,*,#111,.F.);
#113=DIRECTION('',(0.881921263,0.471396739,0.));
#114=VECTOR('',#113,1.);
#115=LINE('',#39,#114);
#116=EDGE_CURVE('',#40,#38,#115,.T.);
#117=ORIENTED_EDGE('',*,*,#116,.F.);
#118=DIRECTION('',(0.956940337,0.290284674,0.));
#119=VECTOR('',#118,1.);
#120=LINE('',#41,#119);
#121=EDGE_CURVE('',#42,#40,#120,.T.);
#122=ORIENTED_EDGE('',*,*,#121,.F.);
#123=DIRECTION('',(0.995184726,0.0980171424,0.));
#124=VECTOR('',#123,1.);
#125=LINE('',#43,#124);
#126=EDGE_CURVE('',#44,#42,#125,.T.);
#127=ORIENTED_EDGE('',*,*,#126,.F.);
#128=DIRECTION('',(0.995184726,-0.0980171424,0.));
#129=VECTOR('',#128,1.);
#130=LINE('',#45,#129);
#131=EDGE_CURVE('',#46,#44,#130,.T.);
#132=ORIENTED_EDGE('',*,*,#131,.F.);
#133=DIRECTION('',(0.956940337,-0.290284674,0.));
#134=VECTOR('',#133,1.);
#135=LINE('',#47,#134);
#136=EDGE_CURVE('',#48,#46,#135,.T.);
#137=ORIENTED_EDGE('',*,*,#136,.F.);
#138=DIRECTION('',(0.881921263,-0.471396739,0.));
#139=VECTOR('',#138,1.);
#140=LINE('',#49,#139);
#141=EDGE_CURVE('',#50,#48,#140,.T.);
#142=ORIENTED_EDGE('',*,*,#141,.F.);
#143=DIRECTION('',(0.773010453,-0.634393284,0.));
#144=VECTOR('',#143,1.);
#145=LINE('',#51,#144);
#146=EDGE_CURVE('',#52,#50,#145,.T.);
#147=ORIENTED_EDGE('',*,*,#146,.F.);
#148=DIRECTION('',(0.634393284,-0.773010453,0.));
#149=VECTOR('',#148,1.);
#150=LINE('',#53,#149);
#151=EDGE_CURVE('',#54,#52,#150,.T.);
#152=ORIENTED_EDGE('',*,*,#151,.F.);
#153=DIRECTION('',(0.471396739,-0.881921263,0.));
#154=VECTOR('',#153,1.);
#155=LINE('',#55,#154);
#156=EDGE_CURVE('',#56,#54,#155,.T.);
#157=ORIENTED_EDGE('',*,*,#156,.F.);
#158=DIRECTION('',(0.290284674,-0.956940337,0.));
#159=VECTOR('',#158,1.);
#160=LINE('',#57,#159);
#161=EDGE_CURVE('',#58,#56,#160,.T.);
#162=ORIENTED_EDGE('',*,*,#161,.F.);
#163=DIRECTION('',(0.0980171424,-0.995184726,0.));
#164=VECTOR('',#163,1.);
#165=LINE('',#59,#164);
#166=EDGE_CURVE('',#60,#58,#165,.T.);
#167=ORIENTED_EDGE('',*,*,#166,.F.);
#168=DIRECTION('',(0.0980171424,0.995184726,0.));
#169=VECTOR('',#168,1.);
#170=LINE('',#59,#169);
#171=EDGE_CURVE('',#60,#62,#170,.T.);
#172=ORIENTED_EDGE('',*,*,#171,.T.);
#173=VECTOR('',#93,1.);
#174=LINE('',#61,#173);
#175=EDGE_CURVE('',#62,#64,#174,.T.);
#176=ORIENTED_EDGE('',*,*,#175,.T.);
#177=VECTOR('',#98,1.);
#178=LINE('',#63,#177);
#179=EDGE_CURVE('',#64,#66,#178,.T.);
#180=ORIENTED_EDGE('',*,*,#179,.T.);
#181=VECTOR('',#103,1.);
#182=LINE('',#65,#181);
#183=EDGE_CURVE('',#66,#68,#182,.T.);
#184=ORIENTED_EDGE('',*,*,#183,.T.);
#185=VECTOR('',#108,1.);
#186=LINE('',#67,#185);
#187=EDGE_CURVE('',#68,#70,#186,.T.);
#188=ORIENTED_EDGE('',*,*,#187,.T.);
#189=VECTOR('',#113,1.);
#190=LINE('',#69,#189);
#191=EDGE_CURVE('',#70,#72,#190,.T.);
#192=ORIENTED_EDGE('',*,*,#191,.T.);
#193=VECTOR('',#118,1.);
#194=LINE('',#71,#193);
#195=EDGE_CURVE('',#72,#74,#194,.T.);
#196=ORIENTED_EDGE('',*,*,#195,.T.);
#197=VECTOR('',#123,1.);
#198=LINE('',#73,#197);
#199=EDGE_CURVE('',#74,#76,#198,.T.);
#200=ORIENTED_EDGE('',*,*,#199,.T.);
#201=VECTOR('',#128,1.);
#202=LINE('',#75,#201);
#203=EDGE_CURVE('',#76,#78,#202,.T.);
#204=ORIENTED_EDGE('',*,*,#203,.T.);
#205=VECTOR('',#133,1.);
#206=LINE('',#77,#205);
#207=EDGE_CURVE('',#78,#80,#206,.T.);
#208=ORIENTED_EDGE('',*,*,#207,.T.);
#209=VECTOR('',#138,1.);
#210=LINE('',#79,#209);
#211=EDGE_CURVE('',#80,#82,#210,.T.);
#212=ORIENTED_EDGE('',*,*,#211,.T.);
#213=VECTOR('',#143,1.);
#214=LINE('',#81,#213);
#215=EDGE_CURVE('',#82,#84,#214,.T.);
#216=ORIENTED_EDGE('',*,*,#215,.T.);
#217=VECTOR('',#148,1.);
#218=LINE('',#83,#217);
#219=EDGE_CURVE('',#84,#86,#218,.T.);
#220=ORIENTED_EDGE('',*,*,#219,.T.);
#221=VECTOR('',#153,1.);
#222=LINE('',#85,#221);
#223=EDGE_CURVE('',#86,#88,#222,.T.);
#224=ORIENTED_EDGE('',*,*,#223,.T.);
#225=VECTOR('',#158,1.);
#226=LINE('',#87,#225);
#227=EDGE_CURVE('',#88,#90,#226,.T.);
#228=ORIENTED_EDGE('',*,*,#227,.T.);
#229=VECTOR('',#163,1.);
#230=LINE('',#89,#229);
#231=EDGE_CURVE('',#90,#92,#230,.T.);
#232=ORIENTED_EDGE('',*,*,#231,.T.);
#233=VECTOR('',#168,1.);
#234=LINE('',#29,#233);
#235=EDGE_CURVE('',#30,#92,#234,.T.);
#236=ORIENTED_EDGE('',*,*,#235,.F.);
#237=EDGE_LOOP('',(#97,#102,#107,#112,#117,#122,#127,#132,#137,#142,#147,#152,#157,#162,#167,#172,#176,#180,#184,#188,#192,#196,#200,#204,#208,#212,#216,#220,#224,#228,#232,#236));
#238=FACE_BOUND('',#237,.T.);
#239=CARTESIAN_POINT('',(28.2846282,-2.90607226,15.59));
#240=VERTEX_POINT('',#239);
#241=CARTESIAN_POINT('',(28.2391036,-3.05614675,15.59));
#242=VERTEX_POINT('',#241);
#243=CARTESIAN_POINT('',(28.1651757,-3.19445619,15.59));
#244=VERTEX_POINT('',#243);
#245=CARTESIAN_POINT('',(28.0656854,-3.31568542,15.59));
#246=VERTEX_POINT('',#245);
#247=CARTESIAN_POINT('',(27.9444562,-3.41517569,15.59));
#248=VERTEX_POINT('',#247);
#249=CARTESIAN_POINT('',(27.8061467,-3.48910363,15.59));
#250=VERTEX_POINT('',#249);
#251=CARTESIAN_POINT('',(27.6560723,-3.53462822,15.59));
#252=VERTEX_POINT('',#251);
#253=CARTESIAN_POINT('',(27.5,-3.55,15.59));
#254=VERTEX_POINT('',#253);
#255=CARTESIAN_POINT('',(27.3439277,-3.53462822,15.59));
#256=VERTEX_POINT('',#255);
#257=CARTESIAN_POINT('',(27.1938533,-3.48910363,15.59));
#258=VERTEX_POINT('',#257);
#259=CARTESIAN_POINT('',(27.0555438,-3.41517569,15.59));
#260=VERTEX_POINT('',#259);
#261=CARTESIAN_POINT('',(26.9343146,-3.31568542,15.59));
#262=VERTEX_POINT('',#261);
#263=CARTESIAN_POINT('',(26.8348243,-3.19445619,15.59));
#264=VERTEX_POINT('',#263);
#265=CARTESIAN_POINT('',(26.7608964,-3.05614675,15.59));
#266=VERTEX_POINT('',#265);
#267=CARTESIAN_POINT('',(26.7153718,-2.90607226,15.59));
#268=VERTEX_POINT('',#267);
#269=CARTESIAN_POINT('',(26.7,-2.75,15.59));
#270=VERTEX_POINT('',#269);
#271=CARTESIAN_POINT('',(26.7153718,-2.59392774,15.59));
#272=VERTEX_POINT('',#271);
#273=CARTESIAN_POINT('',(26.7608964,-2.44385325,15.59));
#274=VERTEX_POINT('',#273);
#275=CARTESIAN_POINT('',(26.8348243,-2.30554381,15.59));
#276=VERTEX_POINT('',#275);
#277=CARTESIAN_POINT('',(26.9343146,-2.18431458,15.59));
#278=VERTEX_POINT('',#277);
#279=CARTESIAN_POINT('',(27.0555438,-2.08482431,15.59));
#280=VERTEX_POINT('',#279);
#281=CARTESIAN_POINT('',(27.1938533,-2.01089637,15.59));
#282=VERTEX_POINT('',#281);
#283=CARTESIAN_POINT('',(27.3439277,-1.96537178,15.59));
#284=VERTEX_POINT('',#283);
#285=CARTESIAN_POINT('',(27.5,-1.95,15.59));
#286=VERTEX_POINT('',#285);
#287=CARTESIAN_POINT('',(27.6560723,-1.96537178,15.59));
#288=VERTEX_POINT('',#287);
#289=CARTESIAN_POINT('',(27.8061467,-2.01089637,15.59));
#290=VERTEX_POINT('',#289);
#291=CARTESIAN_POINT('',(27.9444562,-2.08482431,15.59));
#292=VERTEX_POINT('',#291);
#293=CARTESIAN_POINT('',(28.0656854,-2.18431458,15.59));
#294=VERTEX_POINT('',#293);
#295=CARTESIAN_POINT('',(28.1651757,-2.30554381,15.59));
#296=VERTEX_POINT('',#295);
#297=CARTESIAN_POINT('',(28.2391036,-2.44385325,15.59));
#298=VERTEX_POINT('',#297);
#299=CARTESIAN_POINT('',(28.2846282,-2.59392774,15.59));
#300=VERTEX_POINT('',#299);
#301=CARTESIAN_POINT('',(28.3,-2.75,15.59));
#302=VERTEX_POINT('',#301);
#303=DIRECTION('',(0.290284676,0.956940336,0.));
#304=VECTOR('',#303,1.);
#305=LINE('',#241,#304);
#306=EDGE_CURVE('',#242,#240,#305,.T.);
#307=ORIENTED_EDGE('',*,*,#306,.F.);
#308=DIRECTION('',(0.471396737,0.881921264,0.));
#309=VECTOR('',#308,1.);
#310=LINE('',#243,#309);
#311=EDGE_CURVE('',#244,#242,#310,.T.);
#312=ORIENTED_EDGE('',*,*,#311,.F.);
#313=DIRECTION('',(0.634393283,0.773010454,0.));
#314=VECTOR('',#313,1.);
#315=LINE('',#245,#314);
#316=EDGE_CURVE('',#246,#244,#315,.T.);
#317=ORIENTED_EDGE('',*,*,#316,.F.);
#318=DIRECTION('',(0.773010454,0.634393283,0.));
#319=VECTOR('',#318,1.);
#320=LINE('',#247,#319);
#321=EDGE_CURVE('',#248,#246,#320,.T.);
#322=ORIENTED_EDGE('',*,*,#321,.F.);
#323=DIRECTION('',(0.881921264,0.471396737,0.));
#324=VECTOR('',#323,1.);
#325=LINE('',#249,#324);
#326=EDGE_CURVE('',#250,#248,#325,.T.);
#327=ORIENTED_EDGE('',*,*,#326,.F.);
#328=DIRECTION('',(0.956940336,0.290284676,0.));
#329=VECTOR('',#328,1.);
#330=LINE('',#251,#329);
#331=EDGE_CURVE('',#252,#250,#330,.T.);
#332=ORIENTED_EDGE('',*,*,#331,.F.);
#333=VECTOR('',#123,1.);
#334=LINE('',#253,#333);
#335=EDGE_CURVE('',#254,#252,#334,.T.);
#336=ORIENTED_EDGE('',*,*,#335,.F.);
#337=VECTOR('',#128,1.);
#338=LINE('',#255,#337);
#339=EDGE_CURVE('',#256,#254,#338,.T.);
#340=ORIENTED_EDGE('',*,*,#339,.F.);
#341=DIRECTION('',(0.956940336,-0.290284676,0.));
#342=VECTOR('',#341,1.);
#343=LINE('',#257,#342);
#344=EDGE_CURVE('',#258,#256,#343,.T.);
#345=ORIENTED_EDGE('',*,*,#344,.F.);
#346=DIRECTION('',(0.881921264,-0.471396737,0.));
#347=VECTOR('',#346,1.);
#348=LINE('',#259,#347);
#349=EDGE_CURVE('',#260,#258,#348,.T.);
#350=ORIENTED_EDGE('',*,*,#349,.F.);
#351=DIRECTION('',(0.773010454,-0.634393283,0.));
#352=VECTOR('',#351,1.);
#353=LINE('',#261,#352);
#354=EDGE_CURVE('',#262,#260,#353,.T.);
#355=ORIENTED_EDGE('',*,*,#354,.F.);
#356=DIRECTION('',(0.634393283,-0.773010454,0.));
#357=VECTOR('',#356,1.);
#358=LINE('',#263,#357);
#359=EDGE_CURVE('',#264,#262,#358,.T.);
#360=ORIENTED_EDGE('',*,*,#359,.F.);
#361=DIRECTION('',(0.471396737,-0.881921264,0.));
#362=VECTOR('',#361,1.);
#363=LINE('',#265,#362);
#364=EDGE_CURVE('',#266,#264,#363,.T.);
#365=ORIENTED_EDGE('',*,*,#364,.F.);
#366=DIRECTION('',(0.290284676,-0.956940336,0.));
#367=VECTOR('',#366,1.);
#368=LINE('',#267,#367);
#369=EDGE_CURVE('',#268,#266,#368,.T.);
#370=ORIENTED_EDGE('',*,*,#369,.F.);
#371=VECTOR('',#163,1.);
#372=LINE('',#269,#371);
#373=EDGE_CURVE('',#270,#268,#372,.T.);
#374=ORIENTED_EDGE('',*,*,#373,.F.);
#375=VECTOR('',#168,1.);
#376=LINE('',#269,#375);
#377=EDGE_CURVE('',#270,#272,#376,.T.);
#378=ORIENTED_EDGE('',*,*,#377,.T.);
#379=VECTOR('',#303,1.);
#380=LINE('',#271,#379);
#381=EDGE_CURVE('',#272,#274,#380,.T.);
#382=ORIENTED_EDGE('',*,*,#381,.T.);
#383=VECTOR('',#308,1.);
#384=LINE('',#273,#383);
#385=EDGE_CURVE('',#274,#276,#384,.T.);
#386=ORIENTED_EDGE('',*,*,#385,.T.);
#387=VECTOR('',#313,1.);
#388=LINE('',#275,#387);
#389=EDGE_CURVE('',#276,#278,#388,.T.);
#390=ORIENTED_EDGE('',*,*,#389,.T.);
#391=VECTOR('',#318,1.);
#392=LINE('',#277,#391);
#393=EDGE_CURVE('',#278,#280,#392,.T.);
#394=ORIENTED_EDGE('',*,*,#393,.T.);
#395=VECTOR('',#323,1.);
#396=LINE('',#279,#395);
#397=EDGE_CURVE('',#280,#282,#396,.T.);
#398=ORIENTED_EDGE('',*,*,#397,.T.);
#399=VECTOR('',#328,1.);
#400=LINE('',#281,#399);
#401=EDGE_CURVE('',#282,#284,#400,.T.);
#402=ORIENTED_EDGE('',*,*,#401,.T.);
#403=VECTOR('',#123,1.);
#404=LINE('',#283,#403);
#405=EDGE_CURVE('',#284,#286,#404,.T.);
#406=ORIENTED_EDGE('',*,*,#405,.T.);
#407=VECTOR('',#128,1.);
#408=LINE('',#285,#407);
#409=EDGE_CURVE('',#286,#288,#408,.T.);
#410=ORIENTED_EDGE('',*,*,#409,.T.);
#411=VECTOR('',#341,1.);
#412=LINE('',#287,#411);
#413=EDGE_CURVE('',#288,#290,#412,.T.);
#414=ORIENTED_EDGE('',*,*,#413,.T.);
#415=VECTOR('',#346,1.);
#416=LINE('',#289,#415);
#417=EDGE_CURVE('',#290,#292,#416,.T.);
#418=ORIENTED_EDGE('',*,*,#417,.T.);
#419=VECTOR('',#351,1.);
#420=LINE('',#291,#419);
#421=EDGE_CURVE('',#292,#294,#420,.T.);
#422=ORIENTED_EDGE('',*,*,#421,.T.);
#423=VECTOR('',#356,1.);
#424=LINE('',#293,#423);
#425=EDGE_CURVE('',#294,#296,#424,.T.);
#426=ORIENTED_EDGE('',*,*,#425,.T.);
#427=VECTOR('',#361,1.);
#428=LINE('',#295,#427);
#429=EDGE_CURVE('',#296,#298,#428,.T.);
#430=ORIENTED_EDGE('',*,*,#429,.T.);
#431=VECTOR('',#366,1.);
#432=LINE('',#297,#431);
#433=EDGE_CURVE('',#298,#300,#432,.T.);
#434=ORIENTED_EDGE('',*,*,#433,.T.);
#435=VECTOR('',#163,1.);
#436=LINE('',#299,#435);
#437=EDGE_CURVE('',#300,#302,#436,.T.);
#438=ORIENTED_EDGE('',*,*,#437,.T.);
#439=VECTOR('',#168,1.);
#440=LINE('',#239,#439);
#441=EDGE_CURVE('',#240,#302,#440,.T.);
#442=ORIENTED_EDGE('',*,*,#441,.F.);
#443=EDGE_LOOP('',(#307,#312,#317,#322,#327,#332,#336,#340,#345,#350,#355,#360,#365,#370,#374,#378,#382,#386,#390,#394,#398,#402,#406,#410,#414,#418,#422,#426,#430,#434,#438,#442));
#444=FACE_BOUND('',#443,.T.);
#445=DIRECTION('',(0.,0.,1.));
#446=AXIS2_PLACEMENT_3D('',#1,#445,#14);
#447=PLANE('',#446);
#448=ADVANCED_FACE('',(#28,#238,#444),#447,.T.);
#449=CARTESIAN_POINT('',(-4.75,-0.75,10.56));
#450=VERTEX_POINT('',#449);
#451=CARTESIAN_POINT('',(59.75,-0.75,10.56));
#452=VERTEX_POINT('',#451);
#453=CARTESIAN_POINT('',(59.75,-4.75,10.56));
#454=VERTEX_POINT('',#453);
#455=CARTESIAN_POINT('',(-4.75,-4.75,10.56));
#456=VERTEX_POINT('',#455);
#457=VECTOR('',#9,1.);
#458=LINE('',#449,#457);
#459=EDGE_CURVE('',#450,#452,#458,.T.);
#460=ORIENTED_EDGE('',*,*,#459,.T.);
#461=VECTOR('',#14,1.);
#462=LINE('',#453,#461);
#463=EDGE_CURVE('',#454,#452,#462,.T.);
#464=ORIENTED_EDGE('',*,*,#463,.F.);
#465=VECTOR('',#9,1.);
#466=LINE('',#455,#465);
#467=EDGE_CURVE('',#456,#454,#466,.T.);
#468=ORIENTED_EDGE('',*,*,#467,.F.);
#469=VECTOR('',#14,1.);
#470=LINE('',#455,#469);
#471=EDGE_CURVE('',#456,#450,#470,.T.);
#472=ORIENTED_EDGE('',*,*,#471,.T.);
#473=EDGE_LOOP('',(#460,#464,#468,#472));
#474=FACE_OUTER_BOUND('',#473,.T.);
#475=CARTESIAN_POINT('',(56.75,-2.75,10.56));
#476=VERTEX_POINT('',#475);
#477=CARTESIAN_POINT('',(56.7307853,-2.55490968,10.56));
#478=VERTEX_POINT('',#477);
#479=CARTESIAN_POINT('',(56.6738795,-2.36731657,10.56));
#480=VERTEX_POINT('',#479);
#481=CARTESIAN_POINT('',(56.5814696,-2.19442977,10.56));
#482=VERTEX_POINT('',#481);
#483=CARTESIAN_POINT('',(56.4571068,-2.04289322,10.56));
#484=VERTEX_POINT('',#483);
#485=CARTESIAN_POINT('',(56.3055702,-1.91853039,10.56));
#486=VERTEX_POINT('',#485);
#487=CARTESIAN_POINT('',(56.1326834,-1.82612047,10.56));
#488=VERTEX_POINT('',#487);
#489=CARTESIAN_POINT('',(55.9450903,-1.76921472,10.56));
#490=VERTEX_POINT('',#489);
#491=CARTESIAN_POINT('',(55.75,-1.75,10.56));
#492=VERTEX_POINT('',#491);
#493=CARTESIAN_POINT('',(55.5549097,-1.76921472,10.56));
#494=VERTEX_POINT('',#493);
#495=CARTESIAN_POINT('',(55.3673166,-1.82612047,10.56));
#496=VERTEX_POINT('',#495);
#497=CARTESIAN_POINT('',(55.1944298,-1.91853039,10.56));
#498=VERTEX_POINT('',#497);
#499=CARTESIAN_POINT('',(55.0428932,-2.04289322,10.56));
#500=VERTEX_POINT('',#499);
#501=CARTESIAN_POINT('',(54.9185304,-2.19442977,10.56));
#502=VERTEX_POINT('',#501);
#503=CARTESIAN_POINT('',(54.8261205,-2.36731657,10.56));
#504=VERTEX_POINT('',#503);
#505=CARTESIAN_POINT('',(54.7692147,-2.55490968,10.56));
#506=VERTEX_POINT('',#505);
#507=CARTESIAN_POINT('',(54.75,-2.75,10.56));
#508=VERTEX_POINT('',#507);
#509=CARTESIAN_POINT('',(54.7692147,-2.94509032,10.56));
#510=VERTEX_POINT('',#509);
#511=CARTESIAN_POINT('',(54.8261205,-3.13268343,10.56));
#512=VERTEX_POINT('',#511);
#513=CARTESIAN_POINT('',(54.9185304,-3.30557023,10.56));
#514=VERTEX_POINT('',#513);
#515=CARTESIAN_POINT('',(55.0428932,-3.45710678,10.56));
#516=VERTEX_POINT('',#515);
#517=CARTESIAN_POINT('',(55.1944298,-3.58146961,10.56));
#518=VERTEX_POINT('',#517);
#519=CARTESIAN_POINT('',(55.3673166,-3.67387953,10.56));
#520=VERTEX_POINT('',#519);
#521=CARTESIAN_POINT('',(55.5549097,-3.73078528,10.56));
#522=VERTEX_POINT('',#521);
#523=CARTESIAN_POINT('',(55.75,-3.75,10.56));
#524=VERTEX_POINT('',#523);
#525=CARTESIAN_POINT('',(55.9450903,-3.73078528,10.56));
#526=VERTEX_POINT('',#525);
#527=CARTESIAN_POINT('',(56.1326834,-3.67387953,10.56));
#528=VERTEX_POINT('',#527);
#529=CARTESIAN_POINT('',(56.3055702,-3.58146961,10.56));
#530=VERTEX_POINT('',#529);
#531=CARTESIAN_POINT('',(56.4571068,-3.45710678,10.56));
#532=VERTEX_POINT('',#531);
#533=CARTESIAN_POINT('',(56.5814696,-3.30557023,10.56));
#534=VERTEX_POINT('',#533);
#535=CARTESIAN_POINT('',(56.6738795,-3.13268343,10.56));
#536=VERTEX_POINT('',#535);
#537=CARTESIAN_POINT('',(56.7307853,-2.94509032,10.56));
#538=VERTEX_POINT('',#537);
#539=VECTOR('',#163,1.);
#540=LINE('',#477,#539);
#541=EDGE_CURVE('',#478,#476,#540,.T.);
#542=ORIENTED_EDGE('',*,*,#541,.F.);
#543=VECTOR('',#158,1.);
#544=LINE('',#479,#543);
#545=EDGE_CURVE('',#480,#478,#544,.T.);
#546=ORIENTED_EDGE('',*,*,#545,.F.);
#547=VECTOR('',#153,1.);
#548=LINE('',#481,#547);
#549=EDGE_CURVE('',#482,#480,#548,.T.);
#550=ORIENTED_EDGE('',*,*,#549,.F.);
#551=VECTOR('',#148,1.);
#552=LINE('',#483,#551);
#553=EDGE_CURVE('',#484,#482,#552,.T.);
#554=ORIENTED_EDGE('',*,*,#553,.F.);
#555=VECTOR('',#143,1.);
#556=LINE('',#485,#555);
#557=EDGE_CURVE('',#486,#484,#556,.T.);
#558=ORIENTED_EDGE('',*,*,#557,.F.);
#559=VECTOR('',#138,1.);
#560=LINE('',#487,#559);
#561=EDGE_CURVE('',#488,#486,#560,.T.);
#562=ORIENTED_EDGE('',*,*,#561,.F.);
#563=VECTOR('',#133,1.);
#564=LINE('',#489,#563);
#565=EDGE_CURVE('',#490,#488,#564,.T.);
#566=ORIENTED_EDGE('',*,*,#565,.F.);
#567=VECTOR('',#128,1.);
#568=LINE('',#491,#567);
#569=EDGE_CURVE('',#492,#490,#568,.T.);
#570=ORIENTED_EDGE('',*,*,#569,.F.);
#571=VECTOR('',#123,1.);
#572=LINE('',#493,#571);
#573=EDGE_CURVE('',#494,#492,#572,.T.);
#574=ORIENTED_EDGE('',*,*,#573,.F.);
#575=VECTOR('',#118,1.);
#576=LINE('',#495,#575);
#577=EDGE_CURVE('',#496,#494,#576,.T.);
#578=ORIENTED_EDGE('',*,*,#577,.F.);
#579=VECTOR('',#113,1.);
#580=LINE('',#497,#579);
#581=EDGE_CURVE('',#498,#496,#580,.T.);
#582=ORIENTED_EDGE('',*,*,#581,.F.);
#583=VECTOR('',#108,1.);
#584=LINE('',#499,#583);
#585=EDGE_CURVE('',#500,#498,#584,.T.);
#586=ORIENTED_EDGE('',*,*,#585,.F.);
#587=VECTOR('',#103,1.);
#588=LINE('',#501,#587);
#589=EDGE_CURVE('',#502,#500,#588,.T.);
#590=ORIENTED_EDGE('',*,*,#589,.F.);
#591=VECTOR('',#98,1.);
#592=LINE('',#503,#591);
#593=EDGE_CURVE('',#504,#502,#592,.T.);
#594=ORIENTED_EDGE('',*,*,#593,.F.);
#595=VECTOR('',#93,1.);
#596=LINE('',#505,#595);
#597=EDGE_CURVE('',#506,#504,#596,.T.);
#598=ORIENTED_EDGE('',*,*,#597,.F.);
#599=VECTOR('',#168,1.);
#600=LINE('',#507,#599);
#601=EDGE_CURVE('',#508,#506,#600,.T.);
#602=ORIENTED_EDGE('',*,*,#601,.F.);
#603=VECTOR('',#163,1.);
#604=LINE('',#507,#603);
#605=EDGE_CURVE('',#508,#510,#604,.T.);
#606=ORIENTED_EDGE('',*,*,#605,.T.);
#607=VECTOR('',#158,1.);
#608=LINE('',#509,#607);
#609=EDGE_CURVE('',#510,#512,#608,.T.);
#610=ORIENTED_EDGE('',*,*,#609,.T.);
#611=VECTOR('',#153,1.);
#612=LINE('',#511,#611);
#613=EDGE_CURVE('',#512,#514,#612,.T.);
#614=ORIENTED_EDGE('',*,*,#613,.T.);
#615=VECTOR('',#148,1.);
#616=LINE('',#513,#615);
#617=EDGE_CURVE('',#514,#516,#616,.T.);
#618=ORIENTED_EDGE('',*,*,#617,.T.);
#619=VECTOR('',#143,1.);
#620=LINE('',#515,#619);
#621=EDGE_CURVE('',#516,#518,#620,.T.);
#622=ORIENTED_EDGE('',*,*,#621,.T.);
#623=VECTOR('',#138,1.);
#624=LINE('',#517,#623);
#625=EDGE_CURVE('',#518,#520,#624,.T.);
#626=ORIENTED_EDGE('',*,*,#625,.T.);
#627=VECTOR('',#133,1.);
#628=LINE('',#519,#627);
#629=EDGE_CURVE('',#520,#522,#628,.T.);
#630=ORIENTED_EDGE('',*,*,#629,.T.);
#631=VECTOR('',#128,1.);
#632=LINE('',#521,#631);
#633=EDGE_CURVE('',#522,#524,#632,.T.);
#634=ORIENTED_EDGE('',*,*,#633,.T.);
#635=VECTOR('',#123,1.);
#636=LINE('',#523,#635);
#637=EDGE_CURVE('',#524,#526,#636,.T.);
#638=ORIENTED_EDGE('',*,*,#637,.T.);
#639=VECTOR('',#118,1.);
#640=LINE('',#525,#639);
#641=EDGE_CURVE('',#526,#528,#640,.T.);
#642=ORIENTED_EDGE('',*,*,#641,.T.);
#643=VECTOR('',#113,1.);
#644=LINE('',#527,#643);
#645=EDGE_CURVE('',#528,#530,#644,.T.);
#646=ORIENTED_EDGE('',*,*,#645,.T.);
#647=VECTOR('',#108,1.);
#648=LINE('',#529,#647);
#649=EDGE_CURVE('',#530,#532,#648,.T.);
#650=ORIENTED_EDGE('',*,*,#649,.T.);
#651=VECTOR('',#103,1.);
#652=LINE('',#531,#651);
#653=EDGE_CURVE('',#532,#534,#652,.T.);
#654=ORIENTED_EDGE('',*,*,#653,.T.);
#655=VECTOR('',#98,1.);
#656=LINE('',#533,#655);
#657=EDGE_CURVE('',#534,#536,#656,.T.);
#658=ORIENTED_EDGE('',*,*,#657,.T.);
#659=VECTOR('',#93,1.);
#660=LINE('',#535,#659);
#661=EDGE_CURVE('',#536,#538,#660,.T.);
#662=ORIENTED_EDGE('',*,*,#661,.T.);
#663=VECTOR('',#168,1.);
#664=LINE('',#537,#663);
#665=EDGE_CURVE('',#538,#476,#664,.T.);
#666=ORIENTED_EDGE('',*,*,#665,.T.);
#667=EDGE_LOOP('',(#542,#546,#550,#554,#558,#562,#566,#570,#574,#578,#582,#586,#590,#594,#598,#602,#606,#610,#614,#618,#622,#626,#630,#634,#638,#642,#646,#650,#654,#658,#662,#666));
#668=FACE_BOUND('',#667,.T.);
#669=CARTESIAN_POINT('',(28.3,-2.75,10.56));
#670=VERTEX_POINT('',#669);
#671=CARTESIAN_POINT('',(28.2846282,-2.59392774,10.56));
#672=VERTEX_POINT('',#671);
#673=CARTESIAN_POINT('',(28.2391036,-2.44385325,10.56));
#674=VERTEX_POINT('',#673);
#675=CARTESIAN_POINT('',(28.1651757,-2.30554381,10.56));
#676=VERTEX_POINT('',#675);
#677=CARTESIAN_POINT('',(28.0656854,-2.18431458,10.56));
#678=VERTEX_POINT('',#677);
#679=CARTESIAN_POINT('',(27.9444562,-2.08482431,10.56));
#680=VERTEX_POINT('',#679);
#681=CARTESIAN_POINT('',(27.8061467,-2.01089637,10.56));
#682=VERTEX_POINT('',#681);
#683=CARTESIAN_POINT('',(27.6560723,-1.96537178,10.56));
#684=VERTEX_POINT('',#683);
#685=CARTESIAN_POINT('',(27.5,-1.95,10.56));
#686=VERTEX_POINT('',#685);
#687=CARTESIAN_POINT('',(27.3439277,-1.96537178,10.56));
#688=VERTEX_POINT('',#687);
#689=CARTESIAN_POINT('',(27.1938533,-2.01089637,10.56));
#690=VERTEX_POINT('',#689);
#691=CARTESIAN_POINT('',(27.0555438,-2.08482431,10.56));
#692=VERTEX_POINT('',#691);
#693=CARTESIAN_POINT('',(26.9343146,-2.18431458,10.56));
#694=VERTEX_POINT('',#693);
#695=CARTESIAN_POINT('',(26.8348243,-2.30554381,10.56));
#696=VERTEX_POINT('',#695);
#697=CARTESIAN_POINT('',(26.7608964,-2.44385325,10.56));
#698=VERTEX_POINT('',#697);
#699=CARTESIAN_POINT('',(26.7153718,-2.59392774,10.56));
#700=VERTEX_POINT('',#699);
#701=CARTESIAN_POINT('',(26.7,-2.75,10.56));
#702=VERTEX_POINT('',#701);
#703=CARTESIAN_POINT('',(26.7153718,-2.90607226,10.56));
#704=VERTEX_POINT('',#703);
#705=CARTESIAN_POINT('',(26.7608964,-3.05614675,10.56));
#706=VERTEX_POINT('',#705);
#707=CARTESIAN_POINT('',(26.8348243,-3.19445619,10.56));
#708=VERTEX_POINT('',#707);
#709=CARTESIAN_POINT('',(26.9343146,-3.31568542,10.56));
#710=VERTEX_POINT('',#709);
#711=CARTESIAN_POINT('',(27.0555438,-3.41517569,10.56));
#712=VERTEX_POINT('',#711);
#713=CARTESIAN_POINT('',(27.1938533,-3.48910363,10.56));
#714=VERTEX_POINT('',#713);
#715=CARTESIAN_POINT('',(27.3439277,-3.53462822,10.56));
#716=VERTEX_POINT('',#715);
#717=CARTESIAN_POINT('',(27.5,-3.55,10.56));
#718=VERTEX_POINT('',#717);
#719=CARTESIAN_POINT('',(27.6560723,-3.53462822,10.56));
#720=VERTEX_POINT('',#719);
#721=CARTESIAN_POINT('',(27.8061467,-3.48910363,10.56));
#722=VERTEX_POINT('',#721);
#723=CARTESIAN_POINT('',(27.9444562,-3.41517569,10.56));
#724=VERTEX_POINT('',#723);
#725=CARTESIAN_POINT('',(28.0656854,-3.31568542,10.56));
#726=VERTEX_POINT('',#725);
#727=CARTESIAN_POINT('',(28.1651757,-3.19445619,10.56));
#728=VERTEX_POINT('',#727);
#729=CARTESIAN_POINT('',(28.2391036,-3.05614675,10.56));
#730=VERTEX_POINT('',#729);
#731=CARTESIAN_POINT('',(28.2846282,-2.90607226,10.56));
#732=VERTEX_POINT('',#731);
#733=VECTOR('',#163,1.);
#734=LINE('',#671,#733);
#735=EDGE_CURVE('',#672,#670,#734,.T.);
#736=ORIENTED_EDGE('',*,*,#735,.F.);
#737=VECTOR('',#366,1.);
#738=LINE('',#673,#737);
#739=EDGE_CURVE('',#674,#672,#738,.T.);
#740=ORIENTED_EDGE('',*,*,#739,.F.);
#741=VECTOR('',#361,1.);
#742=LINE('',#675,#741);
#743=EDGE_CURVE('',#676,#674,#742,.T.);
#744=ORIENTED_EDGE('',*,*,#743,.F.);
#745=VECTOR('',#356,1.);
#746=LINE('',#677,#745);
#747=EDGE_CURVE('',#678,#676,#746,.T.);
#748=ORIENTED_EDGE('',*,*,#747,.F.);
#749=VECTOR('',#351,1.);
#750=LINE('',#679,#749);
#751=EDGE_CURVE('',#680,#678,#750,.T.);
#752=ORIENTED_EDGE('',*,*,#751,.F.);
#753=VECTOR('',#346,1.);
#754=LINE('',#681,#753);
#755=EDGE_CURVE('',#682,#680,#754,.T.);
#756=ORIENTED_EDGE('',*,*,#755,.F.);
#757=VECTOR('',#341,1.);
#758=LINE('',#683,#757);
#759=EDGE_CURVE('',#684,#682,#758,.T.);
#760=ORIENTED_EDGE('',*,*,#759,.F.);
#761=VECTOR('',#128,1.);
#762=LINE('',#685,#761);
#763=EDGE_CURVE('',#686,#684,#762,.T.);
#764=ORIENTED_EDGE('',*,*,#763,.F.);
#765=VECTOR('',#123,1.);
#766=LINE('',#687,#765);
#767=EDGE_CURVE('',#688,#686,#766,.T.);
#768=ORIENTED_EDGE('',*,*,#767,.F.);
#769=VECTOR('',#328,1.);
#770=LINE('',#689,#769);
#771=EDGE_CURVE('',#690,#688,#770,.T.);
#772=ORIENTED_EDGE('',*,*,#771,.F.);
#773=VECTOR('',#323,1.);
#774=LINE('',#691,#773);
#775=EDGE_CURVE('',#692,#690,#774,.T.);
#776=ORIENTED_EDGE('',*,*,#775,.F.);
#777=VECTOR('',#318,1.);
#778=LINE('',#693,#777);
#779=EDGE_CURVE('',#694,#692,#778,.T.);
#780=ORIENTED_EDGE('',*,*,#779,.F.);
#781=VECTOR('',#313,1.);
#782=LINE('',#695,#781);
#783=EDGE_CURVE('',#696,#694,#782,.T.);
#784=ORIENTED_EDGE('',*,*,#783,.F.);
#785=VECTOR('',#308,1.);
#786=LINE('',#697,#785);
#787=EDGE_CURVE('',#698,#696,#786,.T.);
#788=ORIENTED_EDGE('',*,*,#787,.F.);
#789=VECTOR('',#303,1.);
#790=LINE('',#699,#789);
#791=EDGE_CURVE('',#700,#698,#790,.T.);
#792=ORIENTED_EDGE('',*,*,#791,.F.);
#793=VECTOR('',#168,1.);
#794=LINE('',#701,#793);
#795=EDGE_CURVE('',#702,#700,#794,.T.);
#796=ORIENTED_EDGE('',*,*,#795,.F.);
#797=VECTOR('',#163,1.);
#798=LINE('',#701,#797);
#799=EDGE_CURVE('',#702,#704,#798,.T.);
#800=ORIENTED_EDGE('',*,*,#799,.T.);
#801=VECTOR('',#366,1.);
#802=LINE('',#703,#801);
#803=EDGE_CURVE('',#704,#706,#802,.T.);
#804=ORIENTED_EDGE('',*,*,#803,.T.);
#805=VECTOR('',#361,1.);
#806=LINE('',#705,#805);
#807=EDGE_CURVE('',#706,#708,#806,.T.);
#808=ORIENTED_EDGE('',*,*,#807,.T.);
#809=VECTOR('',#356,1.);
#810=LINE('',#707,#809);
#811=EDGE_CURVE('',#708,#710,#810,.T.);
#812=ORIENTED_EDGE('',*,*,#811,.T.);
#813=VECTOR('',#351,1.);
#814=LINE('',#709,#813);
#815=EDGE_CURVE('',#710,#712,#814,.T.);
#816=ORIENTED_EDGE('',*,*,#815,.T.);
#817=VECTOR('',#346,1.);
#818=LINE('',#711,#817);
#819=EDGE_CURVE('',#712,#714,#818,.T.);
#820=ORIENTED_EDGE('',*,*,#819,.T.);
#821=VECTOR('',#341,1.);
#822=LINE('',#713,#821);
#823=EDGE_CURVE('',#714,#716,#822,.T.);
#824=ORIENTED_EDGE('',*,*,#823,.T.);
#825=VECTOR('',#128,1.);
#826=LINE('',#715,#825);
#827=EDGE_CURVE('',#716,#718,#826,.T.);
#828=ORIENTED_EDGE('',*,*,#827,.T.);
#829=VECTOR('',#123,1.);
#830=LINE('',#717,#829);
#831=EDGE_CURVE('',#718,#720,#830,.T.);
#832=ORIENTED_EDGE('',*,*,#831,.T.);
#833=VECTOR('',#328,1.);
#834=LINE('',#719,#833);
#835=EDGE_CURVE('',#720,#722,#834,.T.);
#836=ORIENTED_EDGE('',*,*,#835,.T.);
#837=VECTOR('',#323,1.);
#838=LINE('',#721,#837);
#839=EDGE_CURVE('',#722,#724,#838,.T.);
#840=ORIENTED_EDGE('',*,*,#839,.T.);
#841=VECTOR('',#318,1.);
#842=LINE('',#723,#841);
#843=EDGE_CURVE('',#724,#726,#842,.T.);
#844=ORIENTED_EDGE('',*,*,#843,.T.);
#845=VECTOR('',#313,1.);
#846=LINE('',#725,#845);
#847=EDGE_CURVE('',#726,#728,#846,.T.);
#848=ORIENTED_EDGE('',*,*,#847,.T.);
#849=VECTOR('',#308,1.);
#850=LINE('',#727,#849);
#851=EDGE_CURVE('',#728,#730,#850,.T.);
#852=ORIENTED_EDGE('',*,*,#851,.T.);
#853=VECTOR('',#303,1.);
#854=LINE('',#729,#853);
#855=EDGE_CURVE('',#730,#732,#854,.T.);
#856=ORIENTED_EDGE('',*,*,#855,.T.);
#857=VECTOR('',#168,1.);
#858=LINE('',#731,#857);
#859=EDGE_CURVE('',#732,#670,#858,.T.);
#860=ORIENTED_EDGE('',*,*,#859,.T.);
#861=EDGE_LOOP('',(#736,#740,#744,#748,#752,#756,#760,#764,#768,#772,#776,#780,#784,#788,#792,#796,#800,#804,#808,#812,#816,#820,#824,#828,#832,#836,#840,#844,#848,#852,#856,#860));
#862=FACE_BOUND('',#861,.T.);
#863=DIRECTION('',(0.,0.,-1.));
#864=DIRECTION('',(0.,-1.,0.));
#865=AXIS2_PLACEMENT_3D('',#449,#863,#864);
#866=PLANE('',#865);
#867=ADVANCED_FACE('',(#474,#668,#862),#866,.T.);
#868=ORIENTED_EDGE('',*,*,#467,.T.);
#869=VECTOR('',#445,1.);
#870=LINE('',#453,#869);
#871=EDGE_CURVE('',#454,#4,#870,.T.);
#872=ORIENTED_EDGE('',*,*,#871,.T.);
#873=ORIENTED_EDGE('',*,*,#12,.F.);
#874=VECTOR('',#445,1.);
#875=LINE('',#455,#874);
#876=EDGE_CURVE('',#456,#2,#875,.T.);
#877=ORIENTED_EDGE('',*,*,#876,.F.);
#878=EDGE_LOOP('',(#868,#872,#873,#877));
#879=FACE_OUTER_BOUND('',#878,.T.);
#880=DIRECTION('',(-1.,0.,0.));
#881=AXIS2_PLACEMENT_3D('',#455,#864,#880);
#882=PLANE('',#881);
#883=ADVANCED_FACE('',(#879),#882,.T.);
#884=ORIENTED_EDGE('',*,*,#463,.T.);
#885=VECTOR('',#445,1.);
#886=LINE('',#451,#885);
#887=EDGE_CURVE('',#452,#6,#886,.T.);
#888=ORIENTED_EDGE('',*,*,#887,.T.);
#889=ORIENTED_EDGE('',*,*,#17,.F.);
#890=ORIENTED_EDGE('',*,*,#871,.F.);
#891=EDGE_LOOP('',(#884,#888,#889,#890));
#892=FACE_OUTER_BOUND('',#891,.T.);
#893=AXIS2_PLACEMENT_3D('',#453,#9,#864);
#894=PLANE('',#893);
#895=ADVANCED_FACE('',(#892),#894,.T.);
#896=ORIENTED_EDGE('',*,*,#459,.F.);
#897=VECTOR('',#445,1.);
#898=LINE('',#449,#897);
#899=EDGE_CURVE('',#450,#8,#898,.T.);
#900=ORIENTED_EDGE('',*,*,#899,.T.);
#901=ORIENTED_EDGE('',*,*,#21,.T.);
#902=ORIENTED_EDGE('',*,*,#887,.F.);
#903=EDGE_LOOP('',(#896,#900,#901,#902));
#904=FACE_OUTER_BOUND('',#903,.T.);
#905=AXIS2_PLACEMENT_3D('',#451,#14,#9);
#906=PLANE('',#905);
#907=ADVANCED_FACE('',(#904),#906,.T.);
#908=ORIENTED_EDGE('',*,*,#471,.F.);
#909=ORIENTED_EDGE('',*,*,#876,.T.);
#910=ORIENTED_EDGE('',*,*,#25,.T.);
#911=ORIENTED_EDGE('',*,*,#899,.F.);
#912=EDGE_LOOP('',(#908,#909,#910,#911));
#913=FACE_OUTER_BOUND('',#912,.T.);
#914=AXIS2_PLACEMENT_3D('',#449,#880,#14);
#915=PLANE('',#914);
#916=ADVANCED_FACE('',(#913),#915,.T.);
#917=ORIENTED_EDGE('',*,*,#661,.F.);
#918=VECTOR('',#445,1.);
#919=LINE('',#535,#918);
#920=EDGE_CURVE('',#536,#32,#919,.T.);
#921=ORIENTED_EDGE('',*,*,#920,.T.);
#922=ORIENTED_EDGE('',*,*,#96,.T.);
#923=VECTOR('',#445,1.);
#924=LINE('',#537,#923);
#925=EDGE_CURVE('',#538,#30,#924,.T.);
#926=ORIENTED_EDGE('',*,*,#925,.F.);
#927=EDGE_LOOP('',(#917,#921,#922,#926));
#928=FACE_OUTER_BOUND('',#927,.T.);
#929=DIRECTION('',(-0.956940336,0.290284677,0.));
#930=DIRECTION('',(0.290284677,0.956940336,-0.));
#931=AXIS2_PLACEMENT_3D('',#537,#929,#930);
#932=PLANE('',#931);
#933=ADVANCED_FACE('',(#928),#932,.T.);
#934=ORIENTED_EDGE('',*,*,#657,.F.);
#935=VECTOR('',#445,1.);
#936=LINE('',#533,#935);
#937=EDGE_CURVE('',#534,#34,#936,.T.);
#938=ORIENTED_EDGE('',*,*,#937,.T.);
#939=ORIENTED_EDGE('',*,*,#101,.T.);
#940=ORIENTED_EDGE('',*,*,#920,.F.);
#941=EDGE_LOOP('',(#934,#938,#939,#940));
#942=FACE_OUTER_BOUND('',#941,.T.);
#943=DIRECTION('',(-0.881921264,0.471396737,0.));
#944=AXIS2_PLACEMENT_3D('',#535,#943,#308);
#945=PLANE('',#944);
#946=ADVANCED_FACE('',(#942),#945,.T.);
#947=ORIENTED_EDGE('',*,*,#653,.F.);
#948=VECTOR('',#445,1.);
#949=LINE('',#531,#948);
#950=EDGE_CURVE('',#532,#36,#949,.T.);
#951=ORIENTED_EDGE('',*,*,#950,.T.);
#952=ORIENTED_EDGE('',*,*,#106,.T.);
#953=ORIENTED_EDGE('',*,*,#937,.F.);
#954=EDGE_LOOP('',(#947,#951,#952,#953));
#955=FACE_OUTER_BOUND('',#954,.T.);
#956=DIRECTION('',(-0.773010453,0.634393284,0.));
#957=AXIS2_PLACEMENT_3D('',#533,#956,#103);
#958=PLANE('',#957);
#959=ADVANCED_FACE('',(#955),#958,.T.);
#960=ORIENTED_EDGE('',*,*,#649,.F.);
#961=VECTOR('',#445,1.);
#962=LINE('',#529,#961);
#963=EDGE_CURVE('',#530,#38,#962,.T.);
#964=ORIENTED_EDGE('',*,*,#963,.T.);
#965=ORIENTED_EDGE('',*,*,#111,.T.);
#966=ORIENTED_EDGE('',*,*,#950,.F.);
#967=EDGE_LOOP('',(#960,#964,#965,#966));
#968=FACE_OUTER_BOUND('',#967,.T.);
#969=DIRECTION('',(-0.634393284,0.773010453,0.));
#970=AXIS2_PLACEMENT_3D('',#531,#969,#108);
#971=PLANE('',#970);
#972=ADVANCED_FACE('',(#968),#971,.T.);
#973=ORIENTED_EDGE('',*,*,#645,.F.);
#974=VECTOR('',#445,1.);
#975=LINE('',#527,#974);
#976=EDGE_CURVE('',#528,#40,#975,.T.);
#977=ORIENTED_EDGE('',*,*,#976,.T.);
#978=ORIENTED_EDGE('',*,*,#116,.T.);
#979=ORIENTED_EDGE('',*,*,#963,.F.);
#980=EDGE_LOOP('',(#973,#977,#978,#979));
#981=FACE_OUTER_BOUND('',#980,.T.);
#982=DIRECTION('',(-0.471396737,0.881921264,0.));
#983=AXIS2_PLACEMENT_3D('',#529,#982,#323);
#984=PLANE('',#983);
#985=ADVANCED_FACE('',(#981),#984,.T.);
#986=ORIENTED_EDGE('',*,*,#641,.F.);
#987=VECTOR('',#445,1.);
#988=LINE('',#525,#987);
#989=EDGE_CURVE('',#526,#42,#988,.T.);
#990=ORIENTED_EDGE('',*,*,#989,.T.);
#991=ORIENTED_EDGE('',*,*,#121,.T.);
#992=ORIENTED_EDGE('',*,*,#976,.F.);
#993=EDGE_LOOP('',(#986,#990,#991,#992));
#994=FACE_OUTER_BOUND('',#993,.T.);
#995=DIRECTION('',(-0.290284677,0.956940336,0.));
#996=DIRECTION('',(0.956940336,0.290284677,-0.));
#997=AXIS2_PLACEMENT_3D('',#527,#995,#996);
#998=PLANE('',#997);
#999=ADVANCED_FACE('',(#994),#998,.T.);
#1000=ORIENTED_EDGE('',*,*,#637,.F.);
#1001=VECTOR('',#445,1.);
#1002=LINE('',#523,#1001);
#1003=EDGE_CURVE('',#524,#44,#1002,.T.);
#1004=ORIENTED_EDGE('',*,*,#1003,.T.);
#1005=ORIENTED_EDGE('',*,*,#126,.T.);
#1006=ORIENTED_EDGE('',*,*,#989,.F.);
#1007=EDGE_LOOP('',(#1000,#1004,#1005,#1006));
#1008=FACE_OUTER_BOUND('',#1007,.T.);
#1009=DIRECTION('',(-0.0980171403,0.995184727,0.));
#1010=DIRECTION('',(0.995184727,0.0980171403,-0.));
#1011=AXIS2_PLACEMENT_3D('',#525,#1009,#1010);
#1012=PLANE('',#1011);
#1013=ADVANCED_FACE('',(#1008),#1012,.T.);
#1014=ORIENTED_EDGE('',*,*,#633,.F.);
#1015=VECTOR('',#445,1.);
#1016=LINE('',#521,#1015);
#1017=EDGE_CURVE('',#522,#46,#1016,.T.);
#1018=ORIENTED_EDGE('',*,*,#1017,.T.);
#1019=ORIENTED_EDGE('',*,*,#131,.T.);
#1020=ORIENTED_EDGE('',*,*,#1003,.F.);
#1021=EDGE_LOOP('',(#1014,#1018,#1019,#1020));
#1022=FACE_OUTER_BOUND('',#1021,.T.);
#1023=DIRECTION('',(0.0980171403,0.995184727,0.));
#1024=DIRECTION('',(0.995184727,-0.0980171403,0.));
#1025=AXIS2_PLACEMENT_3D('',#523,#1023,#1024);
#1026=PLANE('',#1025);
#1027=ADVANCED_FACE('',(#1022),#1026,.T.);
#1028=ORIENTED_EDGE('',*,*,#629,.F.);
#1029=VECTOR('',#445,1.);
#1030=LINE('',#519,#1029);
#1031=EDGE_CURVE('',#520,#48,#1030,.T.);
#1032=ORIENTED_EDGE('',*,*,#1031,.T.);
#1033=ORIENTED_EDGE('',*,*,#136,.T.);
#1034=ORIENTED_EDGE('',*,*,#1017,.F.);
#1035=EDGE_LOOP('',(#1028,#1032,#1033,#1034));
#1036=FACE_OUTER_BOUND('',#1035,.T.);
#1037=DIRECTION('',(0.956940336,-0.290284677,0.));
#1038=AXIS2_PLACEMENT_3D('',#521,#930,#1037);
#1039=PLANE('',#1038);
#1040=ADVANCED_FACE('',(#1036),#1039,.T.);
#1041=ORIENTED_EDGE('',*,*,#625,.F.);
#1042=VECTOR('',#445,1.);
#1043=LINE('',#517,#1042);
#1044=EDGE_CURVE('',#518,#50,#1043,.T.);
#1045=ORIENTED_EDGE('',*,*,#1044,.T.);
#1046=ORIENTED_EDGE('',*,*,#141,.T.);
#1047=ORIENTED_EDGE('',*,*,#1031,.F.);
#1048=EDGE_LOOP('',(#1041,#1045,#1046,#1047));
#1049=FACE_OUTER_BOUND('',#1048,.T.);
#1050=AXIS2_PLACEMENT_3D('',#519,#308,#346);
#1051=PLANE('',#1050);
#1052=ADVANCED_FACE('',(#1049),#1051,.T.);
#1053=ORIENTED_EDGE('',*,*,#621,.F.);
#1054=VECTOR('',#445,1.);
#1055=LINE('',#515,#1054);
#1056=EDGE_CURVE('',#516,#52,#1055,.T.);
#1057=ORIENTED_EDGE('',*,*,#1056,.T.);
#1058=ORIENTED_EDGE('',*,*,#146,.T.);
#1059=ORIENTED_EDGE('',*,*,#1044,.F.);
#1060=EDGE_LOOP('',(#1053,#1057,#1058,#1059));
#1061=FACE_OUTER_BOUND('',#1060,.T.);
#1062=AXIS2_PLACEMENT_3D('',#517,#103,#143);
#1063=PLANE('',#1062);
#1064=ADVANCED_FACE('',(#1061),#1063,.T.);
#1065=ORIENTED_EDGE('',*,*,#617,.F.);
#1066=VECTOR('',#445,1.);
#1067=LINE('',#513,#1066);
#1068=EDGE_CURVE('',#514,#54,#1067,.T.);
#1069=ORIENTED_EDGE('',*,*,#1068,.T.);
#1070=ORIENTED_EDGE('',*,*,#151,.T.);
#1071=ORIENTED_EDGE('',*,*,#1056,.F.);
#1072=EDGE_LOOP('',(#1065,#1069,#1070,#1071));
#1073=FACE_OUTER_BOUND('',#1072,.T.);
#1074=AXIS2_PLACEMENT_3D('',#515,#108,#148);
#1075=PLANE('',#1074);
#1076=ADVANCED_FACE('',(#1073),#1075,.T.);
#1077=ORIENTED_EDGE('',*,*,#613,.F.);
#1078=VECTOR('',#445,1.);
#1079=LINE('',#511,#1078);
#1080=EDGE_CURVE('',#512,#56,#1079,.T.);
#1081=ORIENTED_EDGE('',*,*,#1080,.T.);
#1082=ORIENTED_EDGE('',*,*,#156,.T.);
#1083=ORIENTED_EDGE('',*,*,#1068,.F.);
#1084=EDGE_LOOP('',(#1077,#1081,#1082,#1083));
#1085=FACE_OUTER_BOUND('',#1084,.T.);
#1086=AXIS2_PLACEMENT_3D('',#513,#323,#361);
#1087=PLANE('',#1086);
#1088=ADVANCED_FACE('',(#1085),#1087,.T.);
#1089=ORIENTED_EDGE('',*,*,#609,.F.);
#1090=VECTOR('',#445,1.);
#1091=LINE('',#509,#1090);
#1092=EDGE_CURVE('',#510,#58,#1091,.T.);
#1093=ORIENTED_EDGE('',*,*,#1092,.T.);
#1094=ORIENTED_EDGE('',*,*,#161,.T.);
#1095=ORIENTED_EDGE('',*,*,#1080,.F.);
#1096=EDGE_LOOP('',(#1089,#1093,#1094,#1095));
#1097=FACE_OUTER_BOUND('',#1096,.T.);
#1098=DIRECTION('',(0.290284677,-0.956940336,0.));
#1099=AXIS2_PLACEMENT_3D('',#511,#996,#1098);
#1100=PLANE('',#1099);
#1101=ADVANCED_FACE('',(#1097),#1100,.T.);
#1102=ORIENTED_EDGE('',*,*,#605,.F.);
#1103=VECTOR('',#445,1.);
#1104=LINE('',#507,#1103);
#1105=EDGE_CURVE('',#508,#60,#1104,.T.);
#1106=ORIENTED_EDGE('',*,*,#1105,.T.);
#1107=ORIENTED_EDGE('',*,*,#166,.T.);
#1108=ORIENTED_EDGE('',*,*,#1092,.F.);
#1109=EDGE_LOOP('',(#1102,#1106,#1107,#1108));
#1110=FACE_OUTER_BOUND('',#1109,.T.);
#1111=DIRECTION('',(0.0980171403,-0.995184727,0.));
#1112=AXIS2_PLACEMENT_3D('',#509,#1010,#1111);
#1113=PLANE('',#1112);
#1114=ADVANCED_FACE('',(#1110),#1113,.T.);
#1115=ORIENTED_EDGE('',*,*,#601,.T.);
#1116=VECTOR('',#445,1.);
#1117=LINE('',#505,#1116);
#1118=EDGE_CURVE('',#506,#62,#1117,.T.);
#1119=ORIENTED_EDGE('',*,*,#1118,.T.);
#1120=ORIENTED_EDGE('',*,*,#171,.F.);
#1121=ORIENTED_EDGE('',*,*,#1105,.F.);
#1122=EDGE_LOOP('',(#1115,#1119,#1120,#1121));
#1123=FACE_OUTER_BOUND('',#1122,.T.);
#1124=DIRECTION('',(-0.0980171403,-0.995184727,0.));
#1125=AXIS2_PLACEMENT_3D('',#507,#1024,#1124);
#1126=PLANE('',#1125);
#1127=ADVANCED_FACE('',(#1123),#1126,.T.);
#1128=ORIENTED_EDGE('',*,*,#597,.T.);
#1129=VECTOR('',#445,1.);
#1130=LINE('',#503,#1129);
#1131=EDGE_CURVE('',#504,#64,#1130,.T.);
#1132=ORIENTED_EDGE('',*,*,#1131,.T.);
#1133=ORIENTED_EDGE('',*,*,#175,.F.);
#1134=ORIENTED_EDGE('',*,*,#1118,.F.);
#1135=EDGE_LOOP('',(#1128,#1132,#1133,#1134));
#1136=FACE_OUTER_BOUND('',#1135,.T.);
#1137=DIRECTION('',(-0.290284677,-0.956940336,0.));
#1138=AXIS2_PLACEMENT_3D('',#505,#1037,#1137);
#1139=PLANE('',#1138);
#1140=ADVANCED_FACE('',(#1136),#1139,.T.);
#1141=ORIENTED_EDGE('',*,*,#593,.T.);
#1142=VECTOR('',#445,1.);
#1143=LINE('',#501,#1142);
#1144=EDGE_CURVE('',#502,#66,#1143,.T.);
#1145=ORIENTED_EDGE('',*,*,#1144,.T.);
#1146=ORIENTED_EDGE('',*,*,#179,.F.);
#1147=ORIENTED_EDGE('',*,*,#1131,.F.);
#1148=EDGE_LOOP('',(#1141,#1145,#1146,#1147));
#1149=FACE_OUTER_BOUND('',#1148,.T.);
#1150=DIRECTION('',(-0.471396737,-0.881921264,0.));
#1151=AXIS2_PLACEMENT_3D('',#503,#346,#1150);
#1152=PLANE('',#1151);
#1153=ADVANCED_FACE('',(#1149),#1152,.T.);
#1154=ORIENTED_EDGE('',*,*,#589,.T.);
#1155=VECTOR('',#445,1.);
#1156=LINE('',#499,#1155);
#1157=EDGE_CURVE('',#500,#68,#1156,.T.);
#1158=ORIENTED_EDGE('',*,*,#1157,.T.);
#1159=ORIENTED_EDGE('',*,*,#183,.F.);
#1160=ORIENTED_EDGE('',*,*,#1144,.F.);
#1161=EDGE_LOOP('',(#1154,#1158,#1159,#1160));
#1162=FACE_OUTER_BOUND('',#1161,.T.);
#1163=DIRECTION('',(-0.634393284,-0.773010453,0.));
#1164=AXIS2_PLACEMENT_3D('',#501,#143,#1163);
#1165=PLANE('',#1164);
#1166=ADVANCED_FACE('',(#1162),#1165,.T.);
#1167=ORIENTED_EDGE('',*,*,#585,.T.);
#1168=VECTOR('',#445,1.);
#1169=LINE('',#497,#1168);
#1170=EDGE_CURVE('',#498,#70,#1169,.T.);
#1171=ORIENTED_EDGE('',*,*,#1170,.T.);
#1172=ORIENTED_EDGE('',*,*,#187,.F.);
#1173=ORIENTED_EDGE('',*,*,#1157,.F.);
#1174=EDGE_LOOP('',(#1167,#1171,#1172,#1173));
#1175=FACE_OUTER_BOUND('',#1174,.T.);
#1176=DIRECTION('',(-0.773010453,-0.634393284,0.));
#1177=AXIS2_PLACEMENT_3D('',#499,#148,#1176);
#1178=PLANE('',#1177);
#1179=ADVANCED_FACE('',(#1175),#1178,.T.);
#1180=ORIENTED_EDGE('',*,*,#581,.T.);
#1181=VECTOR('',#445,1.);
#1182=LINE('',#495,#1181);
#1183=EDGE_CURVE('',#496,#72,#1182,.T.);
#1184=ORIENTED_EDGE('',*,*,#1183,.T.);
#1185=ORIENTED_EDGE('',*,*,#191,.F.);
#1186=ORIENTED_EDGE('',*,*,#1170,.F.);
#1187=EDGE_LOOP('',(#1180,#1184,#1185,#1186));
#1188=FACE_OUTER_BOUND('',#1187,.T.);
#1189=DIRECTION('',(-0.881921264,-0.471396737,0.));
#1190=AXIS2_PLACEMENT_3D('',#497,#361,#1189);
#1191=PLANE('',#1190);
#1192=ADVANCED_FACE('',(#1188),#1191,.T.);
#1193=ORIENTED_EDGE('',*,*,#577,.T.);
#1194=VECTOR('',#445,1.);
#1195=LINE('',#493,#1194);
#1196=EDGE_CURVE('',#494,#74,#1195,.T.);
#1197=ORIENTED_EDGE('',*,*,#1196,.T.);
#1198=ORIENTED_EDGE('',*,*,#195,.F.);
#1199=ORIENTED_EDGE('',*,*,#1183,.F.);
#1200=EDGE_LOOP('',(#1193,#1197,#1198,#1199));
#1201=FACE_OUTER_BOUND('',#1200,.T.);
#1202=DIRECTION('',(-0.956940336,-0.290284677,0.));
#1203=AXIS2_PLACEMENT_3D('',#495,#1098,#1202);
#1204=PLANE('',#1203);
#1205=ADVANCED_FACE('',(#1201),#1204,.T.);
#1206=ORIENTED_EDGE('',*,*,#573,.T.);
#1207=VECTOR('',#445,1.);
#1208=LINE('',#491,#1207);
#1209=EDGE_CURVE('',#492,#76,#1208,.T.);
#1210=ORIENTED_EDGE('',*,*,#1209,.T.);
#1211=ORIENTED_EDGE('',*,*,#199,.F.);
#1212=ORIENTED_EDGE('',*,*,#1196,.F.);
#1213=EDGE_LOOP('',(#1206,#1210,#1211,#1212));
#1214=FACE_OUTER_BOUND('',#1213,.T.);
#1215=DIRECTION('',(-0.995184727,-0.0980171403,0.));
#1216=AXIS2_PLACEMENT_3D('',#493,#1111,#1215);
#1217=PLANE('',#1216);
#1218=ADVANCED_FACE('',(#1214),#1217,.T.);
#1219=ORIENTED_EDGE('',*,*,#569,.T.);
#1220=VECTOR('',#445,1.);
#1221=LINE('',#489,#1220);
#1222=EDGE_CURVE('',#490,#78,#1221,.T.);
#1223=ORIENTED_EDGE('',*,*,#1222,.T.);
#1224=ORIENTED_EDGE('',*,*,#203,.F.);
#1225=ORIENTED_EDGE('',*,*,#1209,.F.);
#1226=EDGE_LOOP('',(#1219,#1223,#1224,#1225));
#1227=FACE_OUTER_BOUND('',#1226,.T.);
#1228=DIRECTION('',(-0.995184727,0.0980171403,0.));
#1229=AXIS2_PLACEMENT_3D('',#491,#1124,#1228);
#1230=PLANE('',#1229);
#1231=ADVANCED_FACE('',(#1227),#1230,.T.);
#1232=ORIENTED_EDGE('',*,*,#565,.T.);
#1233=VECTOR('',#445,1.);
#1234=LINE('',#487,#1233);
#1235=EDGE_CURVE('',#488,#80,#1234,.T.);
#1236=ORIENTED_EDGE('',*,*,#1235,.T.);
#1237=ORIENTED_EDGE('',*,*,#207,.F.);
#1238=ORIENTED_EDGE('',*,*,#1222,.F.);
#1239=EDGE_LOOP('',(#1232,#1236,#1237,#1238));
#1240=FACE_OUTER_BOUND('',#1239,.T.);
#1241=AXIS2_PLACEMENT_3D('',#489,#1137,#929);
#1242=PLANE('',#1241);
#1243=ADVANCED_FACE('',(#1240),#1242,.T.);
#1244=ORIENTED_EDGE('',*,*,#561,.T.);
#1245=VECTOR('',#445,1.);
#1246=LINE('',#485,#1245);
#1247=EDGE_CURVE('',#486,#82,#1246,.T.);
#1248=ORIENTED_EDGE('',*,*,#1247,.T.);
#1249=ORIENTED_EDGE('',*,*,#211,.F.);
#1250=ORIENTED_EDGE('',*,*,#1235,.F.);
#1251=EDGE_LOOP('',(#1244,#1248,#1249,#1250));
#1252=FACE_OUTER_BOUND('',#1251,.T.);
#1253=AXIS2_PLACEMENT_3D('',#487,#1150,#943);
#1254=PLANE('',#1253);
#1255=ADVANCED_FACE('',(#1252),#1254,.T.);
#1256=ORIENTED_EDGE('',*,*,#557,.T.);
#1257=VECTOR('',#445,1.);
#1258=LINE('',#483,#1257);
#1259=EDGE_CURVE('',#484,#84,#1258,.T.);
#1260=ORIENTED_EDGE('',*,*,#1259,.T.);
#1261=ORIENTED_EDGE('',*,*,#215,.F.);
#1262=ORIENTED_EDGE('',*,*,#1247,.F.);
#1263=EDGE_LOOP('',(#1256,#1260,#1261,#1262));
#1264=FACE_OUTER_BOUND('',#1263,.T.);
#1265=AXIS2_PLACEMENT_3D('',#485,#1163,#956);
#1266=PLANE('',#1265);
#1267=ADVANCED_FACE('',(#1264),#1266,.T.);
#1268=ORIENTED_EDGE('',*,*,#553,.T.);
#1269=VECTOR('',#445,1.);
#1270=LINE('',#481,#1269);
#1271=EDGE_CURVE('',#482,#86,#1270,.T.);
#1272=ORIENTED_EDGE('',*,*,#1271,.T.);
#1273=ORIENTED_EDGE('',*,*,#219,.F.);
#1274=ORIENTED_EDGE('',*,*,#1259,.F.);
#1275=EDGE_LOOP('',(#1268,#1272,#1273,#1274));
#1276=FACE_OUTER_BOUND('',#1275,.T.);
#1277=AXIS2_PLACEMENT_3D('',#483,#1176,#969);
#1278=PLANE('',#1277);
#1279=ADVANCED_FACE('',(#1276),#1278,.T.);
#1280=ORIENTED_EDGE('',*,*,#549,.T.);
#1281=VECTOR('',#445,1.);
#1282=LINE('',#479,#1281);
#1283=EDGE_CURVE('',#480,#88,#1282,.T.);
#1284=ORIENTED_EDGE('',*,*,#1283,.T.);
#1285=ORIENTED_EDGE('',*,*,#223,.F.);
#1286=ORIENTED_EDGE('',*,*,#1271,.F.);
#1287=EDGE_LOOP('',(#1280,#1284,#1285,#1286));
#1288=FACE_OUTER_BOUND('',#1287,.T.);
#1289=AXIS2_PLACEMENT_3D('',#481,#1189,#982);
#1290=PLANE('',#1289);
#1291=ADVANCED_FACE('',(#1288),#1290,.T.);
#1292=ORIENTED_EDGE('',*,*,#545,.T.);
#1293=VECTOR('',#445,1.);
#1294=LINE('',#477,#1293);
#1295=EDGE_CURVE('',#478,#90,#1294,.T.);
#1296=ORIENTED_EDGE('',*,*,#1295,.T.);
#1297=ORIENTED_EDGE('',*,*,#227,.F.);
#1298=ORIENTED_EDGE('',*,*,#1283,.F.);
#1299=EDGE_LOOP('',(#1292,#1296,#1297,#1298));
#1300=FACE_OUTER_BOUND('',#1299,.T.);
#1301=AXIS2_PLACEMENT_3D('',#479,#1202,#995);
#1302=PLANE('',#1301);
#1303=ADVANCED_FACE('',(#1300),#1302,.T.);
#1304=ORIENTED_EDGE('',*,*,#541,.T.);
#1305=VECTOR('',#445,1.);
#1306=LINE('',#475,#1305);
#1307=EDGE_CURVE('',#476,#92,#1306,.T.);
#1308=ORIENTED_EDGE('',*,*,#1307,.T.);
#1309=ORIENTED_EDGE('',*,*,#231,.F.);
#1310=ORIENTED_EDGE('',*,*,#1295,.F.);
#1311=EDGE_LOOP('',(#1304,#1308,#1309,#1310));
#1312=FACE_OUTER_BOUND('',#1311,.T.);
#1313=AXIS2_PLACEMENT_3D('',#477,#1215,#1009);
#1314=PLANE('',#1313);
#1315=ADVANCED_FACE('',(#1312),#1314,.T.);
#1316=ORIENTED_EDGE('',*,*,#665,.F.);
#1317=ORIENTED_EDGE('',*,*,#925,.T.);
#1318=ORIENTED_EDGE('',*,*,#235,.T.);
#1319=ORIENTED_EDGE('',*,*,#1307,.F.);
#1320=EDGE_LOOP('',(#1316,#1317,#1318,#1319));
#1321=FACE_OUTER_BOUND('',#1320,.T.);
#1322=AXIS2_PLACEMENT_3D('',#475,#1228,#1023);
#1323=PLANE('',#1322);
#1324=ADVANCED_FACE('',(#1321),#1323,.T.);
#1325=ORIENTED_EDGE('',*,*,#855,.F.);
#1326=VECTOR('',#445,1.);
#1327=LINE('',#729,#1326);
#1328=EDGE_CURVE('',#730,#242,#1327,.T.);
#1329=ORIENTED_EDGE('',*,*,#1328,.T.);
#1330=ORIENTED_EDGE('',*,*,#306,.T.);
#1331=VECTOR('',#445,1.);
#1332=LINE('',#731,#1331);
#1333=EDGE_CURVE('',#732,#240,#1332,.T.);
#1334=ORIENTED_EDGE('',*,*,#1333,.F.);
#1335=EDGE_LOOP('',(#1325,#1329,#1330,#1334));
#1336=FACE_OUTER_BOUND('',#1335,.T.);
#1337=AXIS2_PLACEMENT_3D('',#731,#929,#930);
#1338=PLANE('',#1337);
#1339=ADVANCED_FACE('',(#1336),#1338,.T.);
#1340=ORIENTED_EDGE('',*,*,#851,.F.);
#1341=VECTOR('',#445,1.);
#1342=LINE('',#727,#1341);
#1343=EDGE_CURVE('',#728,#244,#1342,.T.);
#1344=ORIENTED_EDGE('',*,*,#1343,.T.);
#1345=ORIENTED_EDGE('',*,*,#311,.T.);
#1346=ORIENTED_EDGE('',*,*,#1328,.F.);
#1347=EDGE_LOOP('',(#1340,#1344,#1345,#1346));
#1348=FACE_OUTER_BOUND('',#1347,.T.);
#1349=AXIS2_PLACEMENT_3D('',#729,#943,#308);
#1350=PLANE('',#1349);
#1351=ADVANCED_FACE('',(#1348),#1350,.T.);
#1352=ORIENTED_EDGE('',*,*,#847,.F.);
#1353=VECTOR('',#445,1.);
#1354=LINE('',#725,#1353);
#1355=EDGE_CURVE('',#726,#246,#1354,.T.);
#1356=ORIENTED_EDGE('',*,*,#1355,.T.);
#1357=ORIENTED_EDGE('',*,*,#316,.T.);
#1358=ORIENTED_EDGE('',*,*,#1343,.F.);
#1359=EDGE_LOOP('',(#1352,#1356,#1357,#1358));
#1360=FACE_OUTER_BOUND('',#1359,.T.);
#1361=AXIS2_PLACEMENT_3D('',#727,#956,#103);
#1362=PLANE('',#1361);
#1363=ADVANCED_FACE('',(#1360),#1362,.T.);
#1364=ORIENTED_EDGE('',*,*,#843,.F.);
#1365=VECTOR('',#445,1.);
#1366=LINE('',#723,#1365);
#1367=EDGE_CURVE('',#724,#248,#1366,.T.);
#1368=ORIENTED_EDGE('',*,*,#1367,.T.);
#1369=ORIENTED_EDGE('',*,*,#321,.T.);
#1370=ORIENTED_EDGE('',*,*,#1355,.F.);
#1371=EDGE_LOOP('',(#1364,#1368,#1369,#1370));
#1372=FACE_OUTER_BOUND('',#1371,.T.);
#1373=AXIS2_PLACEMENT_3D('',#725,#969,#108);
#1374=PLANE('',#1373);
#1375=ADVANCED_FACE('',(#1372),#1374,.T.);
#1376=ORIENTED_EDGE('',*,*,#839,.F.);
#1377=VECTOR('',#445,1.);
#1378=LINE('',#721,#1377);
#1379=EDGE_CURVE('',#722,#250,#1378,.T.);
#1380=ORIENTED_EDGE('',*,*,#1379,.T.);
#1381=ORIENTED_EDGE('',*,*,#326,.T.);
#1382=ORIENTED_EDGE('',*,*,#1367,.F.);
#1383=EDGE_LOOP('',(#1376,#1380,#1381,#1382));
#1384=FACE_OUTER_BOUND('',#1383,.T.);
#1385=AXIS2_PLACEMENT_3D('',#723,#982,#323);
#1386=PLANE('',#1385);
#1387=ADVANCED_FACE('',(#1384),#1386,.T.);
#1388=ORIENTED_EDGE('',*,*,#835,.F.);
#1389=VECTOR('',#445,1.);
#1390=LINE('',#719,#1389);
#1391=EDGE_CURVE('',#720,#252,#1390,.T.);
#1392=ORIENTED_EDGE('',*,*,#1391,.T.);
#1393=ORIENTED_EDGE('',*,*,#331,.T.);
#1394=ORIENTED_EDGE('',*,*,#1379,.F.);
#1395=EDGE_LOOP('',(#1388,#1392,#1393,#1394));
#1396=FACE_OUTER_BOUND('',#1395,.T.);
#1397=AXIS2_PLACEMENT_3D('',#721,#995,#996);
#1398=PLANE('',#1397);
#1399=ADVANCED_FACE('',(#1396),#1398,.T.);
#1400=ORIENTED_EDGE('',*,*,#831,.F.);
#1401=VECTOR('',#445,1.);
#1402=LINE('',#717,#1401);
#1403=EDGE_CURVE('',#718,#254,#1402,.T.);
#1404=ORIENTED_EDGE('',*,*,#1403,.T.);
#1405=ORIENTED_EDGE('',*,*,#335,.T.);
#1406=ORIENTED_EDGE('',*,*,#1391,.F.);
#1407=EDGE_LOOP('',(#1400,#1404,#1405,#1406));
#1408=FACE_OUTER_BOUND('',#1407,.T.);
#1409=AXIS2_PLACEMENT_3D('',#719,#1009,#1010);
#1410=PLANE('',#1409);
#1411=ADVANCED_FACE('',(#1408),#1410,.T.);
#1412=ORIENTED_EDGE('',*,*,#827,.F.);
#1413=VECTOR('',#445,1.);
#1414=LINE('',#715,#1413);
#1415=EDGE_CURVE('',#716,#256,#1414,.T.);
#1416=ORIENTED_EDGE('',*,*,#1415,.T.);
#1417=ORIENTED_EDGE('',*,*,#339,.T.);
#1418=ORIENTED_EDGE('',*,*,#1403,.F.);
#1419=EDGE_LOOP('',(#1412,#1416,#1417,#1418));
#1420=FACE_OUTER_BOUND('',#1419,.T.);
#1421=AXIS2_PLACEMENT_3D('',#717,#1023,#1024);
#1422=PLANE('',#1421);
#1423=ADVANCED_FACE('',(#1420),#1422,.T.);
#1424=ORIENTED_EDGE('',*,*,#823,.F.);
#1425=VECTOR('',#445,1.);
#1426=LINE('',#713,#1425);
#1427=EDGE_CURVE('',#714,#258,#1426,.T.);
#1428=ORIENTED_EDGE('',*,*,#1427,.T.);
#1429=ORIENTED_EDGE('',*,*,#344,.T.);
#1430=ORIENTED_EDGE('',*,*,#1415,.F.);
#1431=EDGE_LOOP('',(#1424,#1428,#1429,#1430));
#1432=FACE_OUTER_BOUND('',#1431,.T.);
#1433=AXIS2_PLACEMENT_3D('',#715,#930,#1037);
#1434=PLANE('',#1433);
#1435=ADVANCED_FACE('',(#1432),#1434,.T.);
#1436=ORIENTED_EDGE('',*,*,#819,.F.);
#1437=VECTOR('',#445,1.);
#1438=LINE('',#711,#1437);
#1439=EDGE_CURVE('',#712,#260,#1438,.T.);
#1440=ORIENTED_EDGE('',*,*,#1439,.T.);
#1441=ORIENTED_EDGE('',*,*,#349,.T.);
#1442=ORIENTED_EDGE('',*,*,#1427,.F.);
#1443=EDGE_LOOP('',(#1436,#1440,#1441,#1442));
#1444=FACE_OUTER_BOUND('',#1443,.T.);
#1445=AXIS2_PLACEMENT_3D('',#713,#308,#346);
#1446=PLANE('',#1445);
#1447=ADVANCED_FACE('',(#1444),#1446,.T.);
#1448=ORIENTED_EDGE('',*,*,#815,.F.);
#1449=VECTOR('',#445,1.);
#1450=LINE('',#709,#1449);
#1451=EDGE_CURVE('',#710,#262,#1450,.T.);
#1452=ORIENTED_EDGE('',*,*,#1451,.T.);
#1453=ORIENTED_EDGE('',*,*,#354,.T.);
#1454=ORIENTED_EDGE('',*,*,#1439,.F.);
#1455=EDGE_LOOP('',(#1448,#1452,#1453,#1454));
#1456=FACE_OUTER_BOUND('',#1455,.T.);
#1457=AXIS2_PLACEMENT_3D('',#711,#103,#143);
#1458=PLANE('',#1457);
#1459=ADVANCED_FACE('',(#1456),#1458,.T.);
#1460=ORIENTED_EDGE('',*,*,#811,.F.);
#1461=VECTOR('',#445,1.);
#1462=LINE('',#707,#1461);
#1463=EDGE_CURVE('',#708,#264,#1462,.T.);
#1464=ORIENTED_EDGE('',*,*,#1463,.T.);
#1465=ORIENTED_EDGE('',*,*,#359,.T.);
#1466=ORIENTED_EDGE('',*,*,#1451,.F.);
#1467=EDGE_LOOP('',(#1460,#1464,#1465,#1466));
#1468=FACE_OUTER_BOUND('',#1467,.T.);
#1469=AXIS2_PLACEMENT_3D('',#709,#108,#148);
#1470=PLANE('',#1469);
#1471=ADVANCED_FACE('',(#1468),#1470,.T.);
#1472=ORIENTED_EDGE('',*,*,#807,.F.);
#1473=VECTOR('',#445,1.);
#1474=LINE('',#705,#1473);
#1475=EDGE_CURVE('',#706,#266,#1474,.T.);
#1476=ORIENTED_EDGE('',*,*,#1475,.T.);
#1477=ORIENTED_EDGE('',*,*,#364,.T.);
#1478=ORIENTED_EDGE('',*,*,#1463,.F.);
#1479=EDGE_LOOP('',(#1472,#1476,#1477,#1478));
#1480=FACE_OUTER_BOUND('',#1479,.T.);
#1481=AXIS2_PLACEMENT_3D('',#707,#323,#361);
#1482=PLANE('',#1481);
#1483=ADVANCED_FACE('',(#1480),#1482,.T.);
#1484=ORIENTED_EDGE('',*,*,#803,.F.);
#1485=VECTOR('',#445,1.);
#1486=LINE('',#703,#1485);
#1487=EDGE_CURVE('',#704,#268,#1486,.T.);
#1488=ORIENTED_EDGE('',*,*,#1487,.T.);
#1489=ORIENTED_EDGE('',*,*,#369,.T.);
#1490=ORIENTED_EDGE('',*,*,#1475,.F.);
#1491=EDGE_LOOP('',(#1484,#1488,#1489,#1490));
#1492=FACE_OUTER_BOUND('',#1491,.T.);
#1493=AXIS2_PLACEMENT_3D('',#705,#996,#1098);
#1494=PLANE('',#1493);
#1495=ADVANCED_FACE('',(#1492),#1494,.T.);
#1496=ORIENTED_EDGE('',*,*,#799,.F.);
#1497=VECTOR('',#445,1.);
#1498=LINE('',#701,#1497);
#1499=EDGE_CURVE('',#702,#270,#1498,.T.);
#1500=ORIENTED_EDGE('',*,*,#1499,.T.);
#1501=ORIENTED_EDGE('',*,*,#373,.T.);
#1502=ORIENTED_EDGE('',*,*,#1487,.F.);
#1503=EDGE_LOOP('',(#1496,#1500,#1501,#1502));
#1504=FACE_OUTER_BOUND('',#1503,.T.);
#1505=AXIS2_PLACEMENT_3D('',#703,#1010,#1111);
#1506=PLANE('',#1505);
#1507=ADVANCED_FACE('',(#1504),#1506,.T.);
#1508=ORIENTED_EDGE('',*,*,#795,.T.);
#1509=VECTOR('',#445,1.);
#1510=LINE('',#699,#1509);
#1511=EDGE_CURVE('',#700,#272,#1510,.T.);
#1512=ORIENTED_EDGE('',*,*,#1511,.T.);
#1513=ORIENTED_EDGE('',*,*,#377,.F.);
#1514=ORIENTED_EDGE('',*,*,#1499,.F.);
#1515=EDGE_LOOP('',(#1508,#1512,#1513,#1514));
#1516=FACE_OUTER_BOUND('',#1515,.T.);
#1517=AXIS2_PLACEMENT_3D('',#701,#1024,#1124);
#1518=PLANE('',#1517);
#1519=ADVANCED_FACE('',(#1516),#1518,.T.);
#1520=ORIENTED_EDGE('',*,*,#791,.T.);
#1521=VECTOR('',#445,1.);
#1522=LINE('',#697,#1521);
#1523=EDGE_CURVE('',#698,#274,#1522,.T.);
#1524=ORIENTED_EDGE('',*,*,#1523,.T.);
#1525=ORIENTED_EDGE('',*,*,#381,.F.);
#1526=ORIENTED_EDGE('',*,*,#1511,.F.);
#1527=EDGE_LOOP('',(#1520,#1524,#1525,#1526));
#1528=FACE_OUTER_BOUND('',#1527,.T.);
#1529=AXIS2_PLACEMENT_3D('',#699,#1037,#1137);
#1530=PLANE('',#1529);
#1531=ADVANCED_FACE('',(#1528),#1530,.T.);
#1532=ORIENTED_EDGE('',*,*,#787,.T.);
#1533=VECTOR('',#445,1.);
#1534=LINE('',#695,#1533);
#1535=EDGE_CURVE('',#696,#276,#1534,.T.);
#1536=ORIENTED_EDGE('',*,*,#1535,.T.);
#1537=ORIENTED_EDGE('',*,*,#385,.F.);
#1538=ORIENTED_EDGE('',*,*,#1523,.F.);
#1539=EDGE_LOOP('',(#1532,#1536,#1537,#1538));
#1540=FACE_OUTER_BOUND('',#1539,.T.);
#1541=AXIS2_PLACEMENT_3D('',#697,#346,#1150);
#1542=PLANE('',#1541);
#1543=ADVANCED_FACE('',(#1540),#1542,.T.);
#1544=ORIENTED_EDGE('',*,*,#783,.T.);
#1545=VECTOR('',#445,1.);
#1546=LINE('',#693,#1545);
#1547=EDGE_CURVE('',#694,#278,#1546,.T.);
#1548=ORIENTED_EDGE('',*,*,#1547,.T.);
#1549=ORIENTED_EDGE('',*,*,#389,.F.);
#1550=ORIENTED_EDGE('',*,*,#1535,.F.);
#1551=EDGE_LOOP('',(#1544,#1548,#1549,#1550));
#1552=FACE_OUTER_BOUND('',#1551,.T.);
#1553=AXIS2_PLACEMENT_3D('',#695,#143,#1163);
#1554=PLANE('',#1553);
#1555=ADVANCED_FACE('',(#1552),#1554,.T.);
#1556=ORIENTED_EDGE('',*,*,#779,.T.);
#1557=VECTOR('',#445,1.);
#1558=LINE('',#691,#1557);
#1559=EDGE_CURVE('',#692,#280,#1558,.T.);
#1560=ORIENTED_EDGE('',*,*,#1559,.T.);
#1561=ORIENTED_EDGE('',*,*,#393,.F.);
#1562=ORIENTED_EDGE('',*,*,#1547,.F.);
#1563=EDGE_LOOP('',(#1556,#1560,#1561,#1562));
#1564=FACE_OUTER_BOUND('',#1563,.T.);
#1565=AXIS2_PLACEMENT_3D('',#693,#148,#1176);
#1566=PLANE('',#1565);
#1567=ADVANCED_FACE('',(#1564),#1566,.T.);
#1568=ORIENTED_EDGE('',*,*,#775,.T.);
#1569=VECTOR('',#445,1.);
#1570=LINE('',#689,#1569);
#1571=EDGE_CURVE('',#690,#282,#1570,.T.);
#1572=ORIENTED_EDGE('',*,*,#1571,.T.);
#1573=ORIENTED_EDGE('',*,*,#397,.F.);
#1574=ORIENTED_EDGE('',*,*,#1559,.F.);
#1575=EDGE_LOOP('',(#1568,#1572,#1573,#1574));
#1576=FACE_OUTER_BOUND('',#1575,.T.);
#1577=AXIS2_PLACEMENT_3D('',#691,#361,#1189);
#1578=PLANE('',#1577);
#1579=ADVANCED_FACE('',(#1576),#1578,.T.);
#1580=ORIENTED_EDGE('',*,*,#771,.T.);
#1581=VECTOR('',#445,1.);
#1582=LINE('',#687,#1581);
#1583=EDGE_CURVE('',#688,#284,#1582,.T.);
#1584=ORIENTED_EDGE('',*,*,#1583,.T.);
#1585=ORIENTED_EDGE('',*,*,#401,.F.);
#1586=ORIENTED_EDGE('',*,*,#1571,.F.);
#1587=EDGE_LOOP('',(#1580,#1584,#1585,#1586));
#1588=FACE_OUTER_BOUND('',#1587,.T.);
#1589=AXIS2_PLACEMENT_3D('',#689,#1098,#1202);
#1590=PLANE('',#1589);
#1591=ADVANCED_FACE('',(#1588),#1590,.T.);
#1592=ORIENTED_EDGE('',*,*,#767,.T.);
#1593=VECTOR('',#445,1.);
#1594=LINE('',#685,#1593);
#1595=EDGE_CURVE('',#686,#286,#1594,.T.);
#1596=ORIENTED_EDGE('',*,*,#1595,.T.);
#1597=ORIENTED_EDGE('',*,*,#405,.F.);
#1598=ORIENTED_EDGE('',*,*,#1583,.F.);
#1599=EDGE_LOOP('',(#1592,#1596,#1597,#1598));
#1600=FACE_OUTER_BOUND('',#1599,.T.);
#1601=AXIS2_PLACEMENT_3D('',#687,#1111,#1215);
#1602=PLANE('',#1601);
#1603=ADVANCED_FACE('',(#1600),#1602,.T.);
#1604=ORIENTED_EDGE('',*,*,#763,.T.);
#1605=VECTOR('',#445,1.);
#1606=LINE('',#683,#1605);
#1607=EDGE_CURVE('',#684,#288,#1606,.T.);
#1608=ORIENTED_EDGE('',*,*,#1607,.T.);
#1609=ORIENTED_EDGE('',*,*,#409,.F.);
#1610=ORIENTED_EDGE('',*,*,#1595,.F.);
#1611=EDGE_LOOP('',(#1604,#1608,#1609,#1610));
#1612=FACE_OUTER_BOUND('',#1611,.T.);
#1613=AXIS2_PLACEMENT_3D('',#685,#1124,#1228);
#1614=PLANE('',#1613);
#1615=ADVANCED_FACE('',(#1612),#1614,.T.);
#1616=ORIENTED_EDGE('',*,*,#759,.T.);
#1617=VECTOR('',#445,1.);
#1618=LINE('',#681,#1617);
#1619=EDGE_CURVE('',#682,#290,#1618,.T.);
#1620=ORIENTED_EDGE('',*,*,#1619,.T.);
#1621=ORIENTED_EDGE('',*,*,#413,.F.);
#1622=ORIENTED_EDGE('',*,*,#1607,.F.);
#1623=EDGE_LOOP('',(#1616,#1620,#1621,#1622));
#1624=FACE_OUTER_BOUND('',#1623,.T.);
#1625=AXIS2_PLACEMENT_3D('',#683,#1137,#929);
#1626=PLANE('',#1625);
#1627=ADVANCED_FACE('',(#1624),#1626,.T.);
#1628=ORIENTED_EDGE('',*,*,#755,.T.);
#1629=VECTOR('',#445,1.);
#1630=LINE('',#679,#1629);
#1631=EDGE_CURVE('',#680,#292,#1630,.T.);
#1632=ORIENTED_EDGE('',*,*,#1631,.T.);
#1633=ORIENTED_EDGE('',*,*,#417,.F.);
#1634=ORIENTED_EDGE('',*,*,#1619,.F.);
#1635=EDGE_LOOP('',(#1628,#1632,#1633,#1634));
#1636=FACE_OUTER_BOUND('',#1635,.T.);
#1637=AXIS2_PLACEMENT_3D('',#681,#1150,#943);
#1638=PLANE('',#1637);
#1639=ADVANCED_FACE('',(#1636),#1638,.T.);
#1640=ORIENTED_EDGE('',*,*,#751,.T.);
#1641=VECTOR('',#445,1.);
#1642=LINE('',#677,#1641);
#1643=EDGE_CURVE('',#678,#294,#1642,.T.);
#1644=ORIENTED_EDGE('',*,*,#1643,.T.);
#1645=ORIENTED_EDGE('',*,*,#421,.F.);
#1646=ORIENTED_EDGE('',*,*,#1631,.F.);
#1647=EDGE_LOOP('',(#1640,#1644,#1645,#1646));
#1648=FACE_OUTER_BOUND('',#1647,.T.);
#1649=AXIS2_PLACEMENT_3D('',#679,#1163,#956);
#1650=PLANE('',#1649);
#1651=ADVANCED_FACE('',(#1648),#1650,.T.);
#1652=ORIENTED_EDGE('',*,*,#747,.T.);
#1653=VECTOR('',#445,1.);
#1654=LINE('',#675,#1653);
#1655=EDGE_CURVE('',#676,#296,#1654,.T.);
#1656=ORIENTED_EDGE('',*,*,#1655,.T.);
#1657=ORIENTED_EDGE('',*,*,#425,.F.);
#1658=ORIENTED_EDGE('',*,*,#1643,.F.);
#1659=EDGE_LOOP('',(#1652,#1656,#1657,#1658));
#1660=FACE_OUTER_BOUND('',#1659,.T.);
#1661=AXIS2_PLACEMENT_3D('',#677,#1176,#969);
#1662=PLANE('',#1661);
#1663=ADVANCED_FACE('',(#1660),#1662,.T.);
#1664=ORIENTED_EDGE('',*,*,#743,.T.);
#1665=VECTOR('',#445,1.);
#1666=LINE('',#673,#1665);
#1667=EDGE_CURVE('',#674,#298,#1666,.T.);
#1668=ORIENTED_EDGE('',*,*,#1667,.T.);
#1669=ORIENTED_EDGE('',*,*,#429,.F.);
#1670=ORIENTED_EDGE('',*,*,#1655,.F.);
#1671=EDGE_LOOP('',(#1664,#1668,#1669,#1670));
#1672=FACE_OUTER_BOUND('',#1671,.T.);
#1673=AXIS2_PLACEMENT_3D('',#675,#1189,#982);
#1674=PLANE('',#1673);
#1675=ADVANCED_FACE('',(#1672),#1674,.T.);
#1676=ORIENTED_EDGE('',*,*,#739,.T.);
#1677=VECTOR('',#445,1.);
#1678=LINE('',#671,#1677);
#1679=EDGE_CURVE('',#672,#300,#1678,.T.);
#1680=ORIENTED_EDGE('',*,*,#1679,.T.);
#1681=ORIENTED_EDGE('',*,*,#433,.F.);
#1682=ORIENTED_EDGE('',*,*,#1667,.F.);
#1683=EDGE_LOOP('',(#1676,#1680,#1681,#1682));
#1684=FACE_OUTER_BOUND('',#1683,.T.);
#1685=AXIS2_PLACEMENT_3D('',#673,#1202,#995);
#1686=PLANE('',#1685);
#1687=ADVANCED_FACE('',(#1684),#1686,.T.);
#1688=ORIENTED_EDGE('',*,*,#735,.T.);
#1689=VECTOR('',#445,1.);
#1690=LINE('',#669,#1689);
#1691=EDGE_CURVE('',#670,#302,#1690,.T.);
#1692=ORIENTED_EDGE('',*,*,#1691,.T.);
#1693=ORIENTED_EDGE('',*,*,#437,.F.);
#1694=ORIENTED_EDGE('',*,*,#1679,.F.);
#1695=EDGE_LOOP('',(#1688,#1692,#1693,#1694));
#1696=FACE_OUTER_BOUND('',#1695,.T.);
#1697=AXIS2_PLACEMENT_3D('',#671,#1215,#1009);
#1698=PLANE('',#1697);
#1699=ADVANCED_FACE('',(#1696),#1698,.T.);
#1700=ORIENTED_EDGE('',*,*,#859,.F.);
#1701=ORIENTED_EDGE('',*,*,#1333,.T.);
#1702=ORIENTED_EDGE('',*,*,#441,.T.);
#1703=ORIENTED_EDGE('',*,*,#1691,.F.);
#1704=EDGE_LOOP('',(#1700,#1701,#1702,#1703));
#1705=FACE_OUTER_BOUND('',#1704,.T.);
#1706=AXIS2_PLACEMENT_3D('',#669,#1228,#1023);
#1707=PLANE('',#1706);
#1708=ADVANCED_FACE('',(#1705),#1707,.T.);
#1709=CLOSED_SHELL('',(#448,#867,#883,#895,#907,#916,#933,#946,#959,#972,#985,#999,#1013,#1027,#1040,#1052,#1064,#1076,#1088,#1101,#1114,#1127,#1140,#1153,#1166,#1179,#1192,#1205,#1218,#1231,#1243,#1255,#1267,#1279,#1291,#1303,#1315,#1324,#1339,#1351,#1363,#1375,#1387,#1399,#1411,#1423,#1435,#1447,#1459,#1471,#1483,#1495,#1507,#1519,#1531,#1543,#1555,#1567,#1579,#1591,#1603,#1615,#1627,#1639,#1651,#1663,#1675,#1687,#1699,#1708));
#1710=MANIFOLD_SOLID_BREP('pt_S0',#1709);
#1711=CARTESIAN_POINT('',(-4.75,45.75,15.59));
#1712=VERTEX_POINT('',#1711);
#1713=CARTESIAN_POINT('',(59.75,45.75,15.59));
#1714=VERTEX_POINT('',#1713);
#1715=CARTESIAN_POINT('',(59.75,49.75,15.59));
#1716=VERTEX_POINT('',#1715);
#1717=CARTESIAN_POINT('',(-4.75,49.75,15.59));
#1718=VERTEX_POINT('',#1717);
#1719=VECTOR('',#9,1.);
#1720=LINE('',#1711,#1719);
#1721=EDGE_CURVE('',#1712,#1714,#1720,.T.);
#1722=ORIENTED_EDGE('',*,*,#1721,.T.);
#1723=VECTOR('',#14,1.);
#1724=LINE('',#1713,#1723);
#1725=EDGE_CURVE('',#1714,#1716,#1724,.T.);
#1726=ORIENTED_EDGE('',*,*,#1725,.T.);
#1727=VECTOR('',#9,1.);
#1728=LINE('',#1717,#1727);
#1729=EDGE_CURVE('',#1718,#1716,#1728,.T.);
#1730=ORIENTED_EDGE('',*,*,#1729,.F.);
#1731=VECTOR('',#14,1.);
#1732=LINE('',#1711,#1731);
#1733=EDGE_CURVE('',#1712,#1718,#1732,.T.);
#1734=ORIENTED_EDGE('',*,*,#1733,.F.);
#1735=EDGE_LOOP('',(#1722,#1726,#1730,#1734));
#1736=FACE_OUTER_BOUND('',#1735,.T.);
#1737=CARTESIAN_POINT('',(0.23078528,47.5549097,15.59));
#1738=VERTEX_POINT('',#1737);
#1739=CARTESIAN_POINT('',(0.173879533,47.3673166,15.59));
#1740=VERTEX_POINT('',#1739);
#1741=CARTESIAN_POINT('',(0.0814696123,47.1944298,15.59));
#1742=VERTEX_POINT('',#1741);
#1743=CARTESIAN_POINT('',(-0.0428932188,47.0428932,15.59));
#1744=VERTEX_POINT('',#1743);
#1745=CARTESIAN_POINT('',(-0.194429767,46.9185304,15.59));
#1746=VERTEX_POINT('',#1745);
#1747=CARTESIAN_POINT('',(-0.367316568,46.8261205,15.59));
#1748=VERTEX_POINT('',#1747);
#1749=CARTESIAN_POINT('',(-0.554909678,46.7692147,15.59));
#1750=VERTEX_POINT('',#1749);
#1751=CARTESIAN_POINT('',(-0.75,46.75,15.59));
#1752=VERTEX_POINT('',#1751);
#1753=CARTESIAN_POINT('',(-0.945090322,46.7692147,15.59));
#1754=VERTEX_POINT('',#1753);
#1755=CARTESIAN_POINT('',(-1.13268343,46.8261205,15.59));
#1756=VERTEX_POINT('',#1755);
#1757=CARTESIAN_POINT('',(-1.30557023,46.9185304,15.59));
#1758=VERTEX_POINT('',#1757);
#1759=CARTESIAN_POINT('',(-1.45710678,47.0428932,15.59));
#1760=VERTEX_POINT('',#1759);
#1761=CARTESIAN_POINT('',(-1.58146961,47.1944298,15.59));
#1762=VERTEX_POINT('',#1761);
#1763=CARTESIAN_POINT('',(-1.67387953,47.3673166,15.59));
#1764=VERTEX_POINT('',#1763);
#1765=CARTESIAN_POINT('',(-1.73078528,47.5549097,15.59));
#1766=VERTEX_POINT('',#1765);
#1767=CARTESIAN_POINT('',(-1.75,47.75,15.59));
#1768=VERTEX_POINT('',#1767);
#1769=CARTESIAN_POINT('',(-1.73078528,47.9450903,15.59));
#1770=VERTEX_POINT('',#1769);
#1771=CARTESIAN_POINT('',(-1.67387953,48.1326834,15.59));
#1772=VERTEX_POINT('',#1771);
#1773=CARTESIAN_POINT('',(-1.58146961,48.3055702,15.59));
#1774=VERTEX_POINT('',#1773);
#1775=CARTESIAN_POINT('',(-1.45710678,48.4571068,15.59));
#1776=VERTEX_POINT('',#1775);
#1777=CARTESIAN_POINT('',(-1.30557023,48.5814696,15.59));
#1778=VERTEX_POINT('',#1777);
#1779=CARTESIAN_POINT('',(-1.13268343,48.6738795,15.59));
#1780=VERTEX_POINT('',#1779);
#1781=CARTESIAN_POINT('',(-0.945090322,48.7307853,15.59));
#1782=VERTEX_POINT('',#1781);
#1783=CARTESIAN_POINT('',(-0.75,48.75,15.59));
#1784=VERTEX_POINT('',#1783);
#1785=CARTESIAN_POINT('',(-0.554909678,48.7307853,15.59));
#1786=VERTEX_POINT('',#1785);
#1787=CARTESIAN_POINT('',(-0.367316568,48.6738795,15.59));
#1788=VERTEX_POINT('',#1787);
#1789=CARTESIAN_POINT('',(-0.194429767,48.5814696,15.59));
#1790=VERTEX_POINT('',#1789);
#1791=CARTESIAN_POINT('',(-0.0428932188,48.4571068,15.59));
#1792=VERTEX_POINT('',#1791);
#1793=CARTESIAN_POINT('',(0.0814696123,48.3055702,15.59));
#1794=VERTEX_POINT('',#1793);
#1795=CARTESIAN_POINT('',(0.173879533,48.1326834,15.59));
#1796=VERTEX_POINT('',#1795);
#1797=CARTESIAN_POINT('',(0.23078528,47.9450903,15.59));
#1798=VERTEX_POINT('',#1797);
#1799=CARTESIAN_POINT('',(0.25,47.75,15.59));
#1800=VERTEX_POINT('',#1799);
#1801=VECTOR('',#93,1.);
#1802=LINE('',#1739,#1801);
#1803=EDGE_CURVE('',#1740,#1738,#1802,.T.);
#1804=ORIENTED_EDGE('',*,*,#1803,.F.);
#1805=VECTOR('',#98,1.);
#1806=LINE('',#1741,#1805);
#1807=EDGE_CURVE('',#1742,#1740,#1806,.T.);
#1808=ORIENTED_EDGE('',*,*,#1807,.F.);
#1809=VECTOR('',#103,1.);
#1810=LINE('',#1743,#1809);
#1811=EDGE_CURVE('',#1744,#1742,#1810,.T.);
#1812=ORIENTED_EDGE('',*,*,#1811,.F.);
#1813=VECTOR('',#108,1.);
#1814=LINE('',#1745,#1813);
#1815=EDGE_CURVE('',#1746,#1744,#1814,.T.);
#1816=ORIENTED_EDGE('',*,*,#1815,.F.);
#1817=VECTOR('',#113,1.);
#1818=LINE('',#1747,#1817);
#1819=EDGE_CURVE('',#1748,#1746,#1818,.T.);
#1820=ORIENTED_EDGE('',*,*,#1819,.F.);
#1821=VECTOR('',#118,1.);
#1822=LINE('',#1749,#1821);
#1823=EDGE_CURVE('',#1750,#1748,#1822,.T.);
#1824=ORIENTED_EDGE('',*,*,#1823,.F.);
#1825=VECTOR('',#123,1.);
#1826=LINE('',#1751,#1825);
#1827=EDGE_CURVE('',#1752,#1750,#1826,.T.);
#1828=ORIENTED_EDGE('',*,*,#1827,.F.);
#1829=VECTOR('',#128,1.);
#1830=LINE('',#1753,#1829);
#1831=EDGE_CURVE('',#1754,#1752,#1830,.T.);
#1832=ORIENTED_EDGE('',*,*,#1831,.F.);
#1833=VECTOR('',#133,1.);
#1834=LINE('',#1755,#1833);
#1835=EDGE_CURVE('',#1756,#1754,#1834,.T.);
#1836=ORIENTED_EDGE('',*,*,#1835,.F.);
#1837=VECTOR('',#138,1.);
#1838=LINE('',#1757,#1837);
#1839=EDGE_CURVE('',#1758,#1756,#1838,.T.);
#1840=ORIENTED_EDGE('',*,*,#1839,.F.);
#1841=VECTOR('',#143,1.);
#1842=LINE('',#1759,#1841);
#1843=EDGE_CURVE('',#1760,#1758,#1842,.T.);
#1844=ORIENTED_EDGE('',*,*,#1843,.F.);
#1845=VECTOR('',#148,1.);
#1846=LINE('',#1761,#1845);
#1847=EDGE_CURVE('',#1762,#1760,#1846,.T.);
#1848=ORIENTED_EDGE('',*,*,#1847,.F.);
#1849=VECTOR('',#153,1.);
#1850=LINE('',#1763,#1849);
#1851=EDGE_CURVE('',#1764,#1762,#1850,.T.);
#1852=ORIENTED_EDGE('',*,*,#1851,.F.);
#1853=VECTOR('',#158,1.);
#1854=LINE('',#1765,#1853);
#1855=EDGE_CURVE('',#1766,#1764,#1854,.T.);
#1856=ORIENTED_EDGE('',*,*,#1855,.F.);
#1857=VECTOR('',#163,1.);
#1858=LINE('',#1767,#1857);
#1859=EDGE_CURVE('',#1768,#1766,#1858,.T.);
#1860=ORIENTED_EDGE('',*,*,#1859,.F.);
#1861=VECTOR('',#168,1.);
#1862=LINE('',#1767,#1861);
#1863=EDGE_CURVE('',#1768,#1770,#1862,.T.);
#1864=ORIENTED_EDGE('',*,*,#1863,.T.);
#1865=VECTOR('',#93,1.);
#1866=LINE('',#1769,#1865);
#1867=EDGE_CURVE('',#1770,#1772,#1866,.T.);
#1868=ORIENTED_EDGE('',*,*,#1867,.T.);
#1869=VECTOR('',#98,1.);
#1870=LINE('',#1771,#1869);
#1871=EDGE_CURVE('',#1772,#1774,#1870,.T.);
#1872=ORIENTED_EDGE('',*,*,#1871,.T.);
#1873=VECTOR('',#103,1.);
#1874=LINE('',#1773,#1873);
#1875=EDGE_CURVE('',#1774,#1776,#1874,.T.);
#1876=ORIENTED_EDGE('',*,*,#1875,.T.);
#1877=VECTOR('',#108,1.);
#1878=LINE('',#1775,#1877);
#1879=EDGE_CURVE('',#1776,#1778,#1878,.T.);
#1880=ORIENTED_EDGE('',*,*,#1879,.T.);
#1881=VECTOR('',#113,1.);
#1882=LINE('',#1777,#1881);
#1883=EDGE_CURVE('',#1778,#1780,#1882,.T.);
#1884=ORIENTED_EDGE('',*,*,#1883,.T.);
#1885=VECTOR('',#118,1.);
#1886=LINE('',#1779,#1885);
#1887=EDGE_CURVE('',#1780,#1782,#1886,.T.);
#1888=ORIENTED_EDGE('',*,*,#1887,.T.);
#1889=VECTOR('',#123,1.);
#1890=LINE('',#1781,#1889);
#1891=EDGE_CURVE('',#1782,#1784,#1890,.T.);
#1892=ORIENTED_EDGE('',*,*,#1891,.T.);
#1893=VECTOR('',#128,1.);
#1894=LINE('',#1783,#1893);
#1895=EDGE_CURVE('',#1784,#1786,#1894,.T.);
#1896=ORIENTED_EDGE('',*,*,#1895,.T.);
#1897=VECTOR('',#133,1.);
#1898=LINE('',#1785,#1897);
#1899=EDGE_CURVE('',#1786,#1788,#1898,.T.);
#1900=ORIENTED_EDGE('',*,*,#1899,.T.);
#1901=VECTOR('',#138,1.);
#1902=LINE('',#1787,#1901);
#1903=EDGE_CURVE('',#1788,#1790,#1902,.T.);
#1904=ORIENTED_EDGE('',*,*,#1903,.T.);
#1905=VECTOR('',#143,1.);
#1906=LINE('',#1789,#1905);
#1907=EDGE_CURVE('',#1790,#1792,#1906,.T.);
#1908=ORIENTED_EDGE('',*,*,#1907,.T.);
#1909=VECTOR('',#148,1.);
#1910=LINE('',#1791,#1909);
#1911=EDGE_CURVE('',#1792,#1794,#1910,.T.);
#1912=ORIENTED_EDGE('',*,*,#1911,.T.);
#1913=VECTOR('',#153,1.);
#1914=LINE('',#1793,#1913);
#1915=EDGE_CURVE('',#1794,#1796,#1914,.T.);
#1916=ORIENTED_EDGE('',*,*,#1915,.T.);
#1917=VECTOR('',#158,1.);
#1918=LINE('',#1795,#1917);
#1919=EDGE_CURVE('',#1796,#1798,#1918,.T.);
#1920=ORIENTED_EDGE('',*,*,#1919,.T.);
#1921=VECTOR('',#163,1.);
#1922=LINE('',#1797,#1921);
#1923=EDGE_CURVE('',#1798,#1800,#1922,.T.);
#1924=ORIENTED_EDGE('',*,*,#1923,.T.);
#1925=VECTOR('',#168,1.);
#1926=LINE('',#1737,#1925);
#1927=EDGE_CURVE('',#1738,#1800,#1926,.T.);
#1928=ORIENTED_EDGE('',*,*,#1927,.F.);
#1929=EDGE_LOOP('',(#1804,#1808,#1812,#1816,#1820,#1824,#1828,#1832,#1836,#1840,#1844,#1848,#1852,#1856,#1860,#1864,#1868,#1872,#1876,#1880,#1884,#1888,#1892,#1896,#1900,#1904,#1908,#1912,#1916,#1920,#1924,#1928));
#1930=FACE_BOUND('',#1929,.T.);
#1931=AXIS2_PLACEMENT_3D('',#1711,#445,#14);
#1932=PLANE('',#1931);
#1933=ADVANCED_FACE('',(#1736,#1930),#1932,.T.);
#1934=CARTESIAN_POINT('',(-4.75,49.75,10.56));
#1935=VERTEX_POINT('',#1934);
#1936=CARTESIAN_POINT('',(59.75,49.75,10.56));
#1937=VERTEX_POINT('',#1936);
#1938=CARTESIAN_POINT('',(59.75,45.75,10.56));
#1939=VERTEX_POINT('',#1938);
#1940=CARTESIAN_POINT('',(-4.75,45.75,10.56));
#1941=VERTEX_POINT('',#1940);
#1942=VECTOR('',#9,1.);
#1943=LINE('',#1934,#1942);
#1944=EDGE_CURVE('',#1935,#1937,#1943,.T.);
#1945=ORIENTED_EDGE('',*,*,#1944,.T.);
#1946=VECTOR('',#14,1.);
#1947=LINE('',#1938,#1946);
#1948=EDGE_CURVE('',#1939,#1937,#1947,.T.);
#1949=ORIENTED_EDGE('',*,*,#1948,.F.);
#1950=VECTOR('',#9,1.);
#1951=LINE('',#1940,#1950);
#1952=EDGE_CURVE('',#1941,#1939,#1951,.T.);
#1953=ORIENTED_EDGE('',*,*,#1952,.F.);
#1954=VECTOR('',#14,1.);
#1955=LINE('',#1940,#1954);
#1956=EDGE_CURVE('',#1941,#1935,#1955,.T.);
#1957=ORIENTED_EDGE('',*,*,#1956,.T.);
#1958=EDGE_LOOP('',(#1945,#1949,#1953,#1957));
#1959=FACE_OUTER_BOUND('',#1958,.T.);
#1960=CARTESIAN_POINT('',(0.25,47.75,10.56));
#1961=VERTEX_POINT('',#1960);
#1962=CARTESIAN_POINT('',(0.23078528,47.9450903,10.56));
#1963=VERTEX_POINT('',#1962);
#1964=CARTESIAN_POINT('',(0.173879533,48.1326834,10.56));
#1965=VERTEX_POINT('',#1964);
#1966=CARTESIAN_POINT('',(0.0814696123,48.3055702,10.56));
#1967=VERTEX_POINT('',#1966);
#1968=CARTESIAN_POINT('',(-0.0428932188,48.4571068,10.56));
#1969=VERTEX_POINT('',#1968);
#1970=CARTESIAN_POINT('',(-0.194429767,48.5814696,10.56));
#1971=VERTEX_POINT('',#1970);
#1972=CARTESIAN_POINT('',(-0.367316568,48.6738795,10.56));
#1973=VERTEX_POINT('',#1972);
#1974=CARTESIAN_POINT('',(-0.554909678,48.7307853,10.56));
#1975=VERTEX_POINT('',#1974);
#1976=CARTESIAN_POINT('',(-0.75,48.75,10.56));
#1977=VERTEX_POINT('',#1976);
#1978=CARTESIAN_POINT('',(-0.945090322,48.7307853,10.56));
#1979=VERTEX_POINT('',#1978);
#1980=CARTESIAN_POINT('',(-1.13268343,48.6738795,10.56));
#1981=VERTEX_POINT('',#1980);
#1982=CARTESIAN_POINT('',(-1.30557023,48.5814696,10.56));
#1983=VERTEX_POINT('',#1982);
#1984=CARTESIAN_POINT('',(-1.45710678,48.4571068,10.56));
#1985=VERTEX_POINT('',#1984);
#1986=CARTESIAN_POINT('',(-1.58146961,48.3055702,10.56));
#1987=VERTEX_POINT('',#1986);
#1988=CARTESIAN_POINT('',(-1.67387953,48.1326834,10.56));
#1989=VERTEX_POINT('',#1988);
#1990=CARTESIAN_POINT('',(-1.73078528,47.9450903,10.56));
#1991=VERTEX_POINT('',#1990);
#1992=CARTESIAN_POINT('',(-1.75,47.75,10.56));
#1993=VERTEX_POINT('',#1992);
#1994=CARTESIAN_POINT('',(-1.73078528,47.5549097,10.56));
#1995=VERTEX_POINT('',#1994);
#1996=CARTESIAN_POINT('',(-1.67387953,47.3673166,10.56));
#1997=VERTEX_POINT('',#1996);
#1998=CARTESIAN_POINT('',(-1.58146961,47.1944298,10.56));
#1999=VERTEX_POINT('',#1998);
#2000=CARTESIAN_POINT('',(-1.45710678,47.0428932,10.56));
#2001=VERTEX_POINT('',#2000);
#2002=CARTESIAN_POINT('',(-1.30557023,46.9185304,10.56));
#2003=VERTEX_POINT('',#2002);
#2004=CARTESIAN_POINT('',(-1.13268343,46.8261205,10.56));
#2005=VERTEX_POINT('',#2004);
#2006=CARTESIAN_POINT('',(-0.945090322,46.7692147,10.56));
#2007=VERTEX_POINT('',#2006);
#2008=CARTESIAN_POINT('',(-0.75,46.75,10.56));
#2009=VERTEX_POINT('',#2008);
#2010=CARTESIAN_POINT('',(-0.554909678,46.7692147,10.56));
#2011=VERTEX_POINT('',#2010);
#2012=CARTESIAN_POINT('',(-0.367316568,46.8261205,10.56));
#2013=VERTEX_POINT('',#2012);
#2014=CARTESIAN_POINT('',(-0.194429767,46.9185304,10.56));
#2015=VERTEX_POINT('',#2014);
#2016=CARTESIAN_POINT('',(-0.0428932188,47.0428932,10.56));
#2017=VERTEX_POINT('',#2016);
#2018=CARTESIAN_POINT('',(0.0814696123,47.1944298,10.56));
#2019=VERTEX_POINT('',#2018);
#2020=CARTESIAN_POINT('',(0.173879533,47.3673166,10.56));
#2021=VERTEX_POINT('',#2020);
#2022=CARTESIAN_POINT('',(0.23078528,47.5549097,10.56));
#2023=VERTEX_POINT('',#2022);
#2024=VECTOR('',#163,1.);
#2025=LINE('',#1962,#2024);
#2026=EDGE_CURVE('',#1963,#1961,#2025,.T.);
#2027=ORIENTED_EDGE('',*,*,#2026,.F.);
#2028=VECTOR('',#158,1.);
#2029=LINE('',#1964,#2028);
#2030=EDGE_CURVE('',#1965,#1963,#2029,.T.);
#2031=ORIENTED_EDGE('',*,*,#2030,.F.);
#2032=VECTOR('',#153,1.);
#2033=LINE('',#1966,#2032);
#2034=EDGE_CURVE('',#1967,#1965,#2033,.T.);
#2035=ORIENTED_EDGE('',*,*,#2034,.F.);
#2036=VECTOR('',#148,1.);
#2037=LINE('',#1968,#2036);
#2038=EDGE_CURVE('',#1969,#1967,#2037,.T.);
#2039=ORIENTED_EDGE('',*,*,#2038,.F.);
#2040=VECTOR('',#143,1.);
#2041=LINE('',#1970,#2040);
#2042=EDGE_CURVE('',#1971,#1969,#2041,.T.);
#2043=ORIENTED_EDGE('',*,*,#2042,.F.);
#2044=VECTOR('',#138,1.);
#2045=LINE('',#1972,#2044);
#2046=EDGE_CURVE('',#1973,#1971,#2045,.T.);
#2047=ORIENTED_EDGE('',*,*,#2046,.F.);
#2048=VECTOR('',#133,1.);
#2049=LINE('',#1974,#2048);
#2050=EDGE_CURVE('',#1975,#1973,#2049,.T.);
#2051=ORIENTED_EDGE('',*,*,#2050,.F.);
#2052=VECTOR('',#128,1.);
#2053=LINE('',#1976,#2052);
#2054=EDGE_CURVE('',#1977,#1975,#2053,.T.);
#2055=ORIENTED_EDGE('',*,*,#2054,.F.);
#2056=VECTOR('',#123,1.);
#2057=LINE('',#1978,#2056);
#2058=EDGE_CURVE('',#1979,#1977,#2057,.T.);
#2059=ORIENTED_EDGE('',*,*,#2058,.F.);
#2060=VECTOR('',#118,1.);
#2061=LINE('',#1980,#2060);
#2062=EDGE_CURVE('',#1981,#1979,#2061,.T.);
#2063=ORIENTED_EDGE('',*,*,#2062,.F.);
#2064=VECTOR('',#113,1.);
#2065=LINE('',#1982,#2064);
#2066=EDGE_CURVE('',#1983,#1981,#2065,.T.);
#2067=ORIENTED_EDGE('',*,*,#2066,.F.);
#2068=VECTOR('',#108,1.);
#2069=LINE('',#1984,#2068);
#2070=EDGE_CURVE('',#1985,#1983,#2069,.T.);
#2071=ORIENTED_EDGE('',*,*,#2070,.F.);
#2072=VECTOR('',#103,1.);
#2073=LINE('',#1986,#2072);
#2074=EDGE_CURVE('',#1987,#1985,#2073,.T.);
#2075=ORIENTED_EDGE('',*,*,#2074,.F.);
#2076=VECTOR('',#98,1.);
#2077=LINE('',#1988,#2076);
#2078=EDGE_CURVE('',#1989,#1987,#2077,.T.);
#2079=ORIENTED_EDGE('',*,*,#2078,.F.);
#2080=VECTOR('',#93,1.);
#2081=LINE('',#1990,#2080);
#2082=EDGE_CURVE('',#1991,#1989,#2081,.T.);
#2083=ORIENTED_EDGE('',*,*,#2082,.F.);
#2084=VECTOR('',#168,1.);
#2085=LINE('',#1992,#2084);
#2086=EDGE_CURVE('',#1993,#1991,#2085,.T.);
#2087=ORIENTED_EDGE('',*,*,#2086,.F.);
#2088=VECTOR('',#163,1.);
#2089=LINE('',#1992,#2088);
#2090=EDGE_CURVE('',#1993,#1995,#2089,.T.);
#2091=ORIENTED_EDGE('',*,*,#2090,.T.);
#2092=VECTOR('',#158,1.);
#2093=LINE('',#1994,#2092);
#2094=EDGE_CURVE('',#1995,#1997,#2093,.T.);
#2095=ORIENTED_EDGE('',*,*,#2094,.T.);
#2096=VECTOR('',#153,1.);
#2097=LINE('',#1996,#2096);
#2098=EDGE_CURVE('',#1997,#1999,#2097,.T.);
#2099=ORIENTED_EDGE('',*,*,#2098,.T.);
#2100=VECTOR('',#148,1.);
#2101=LINE('',#1998,#2100);
#2102=EDGE_CURVE('',#1999,#2001,#2101,.T.);
#2103=ORIENTED_EDGE('',*,*,#2102,.T.);
#2104=VECTOR('',#143,1.);
#2105=LINE('',#2000,#2104);
#2106=EDGE_CURVE('',#2001,#2003,#2105,.T.);
#2107=ORIENTED_EDGE('',*,*,#2106,.T.);
#2108=VECTOR('',#138,1.);
#2109=LINE('',#2002,#2108);
#2110=EDGE_CURVE('',#2003,#2005,#2109,.T.);
#2111=ORIENTED_EDGE('',*,*,#2110,.T.);
#2112=VECTOR('',#133,1.);
#2113=LINE('',#2004,#2112);
#2114=EDGE_CURVE('',#2005,#2007,#2113,.T.);
#2115=ORIENTED_EDGE('',*,*,#2114,.T.);
#2116=VECTOR('',#128,1.);
#2117=LINE('',#2006,#2116);
#2118=EDGE_CURVE('',#2007,#2009,#2117,.T.);
#2119=ORIENTED_EDGE('',*,*,#2118,.T.);
#2120=VECTOR('',#123,1.);
#2121=LINE('',#2008,#2120);
#2122=EDGE_CURVE('',#2009,#2011,#2121,.T.);
#2123=ORIENTED_EDGE('',*,*,#2122,.T.);
#2124=VECTOR('',#118,1.);
#2125=LINE('',#2010,#2124);
#2126=EDGE_CURVE('',#2011,#2013,#2125,.T.);
#2127=ORIENTED_EDGE('',*,*,#2126,.T.);
#2128=VECTOR('',#113,1.);
#2129=LINE('',#2012,#2128);
#2130=EDGE_CURVE('',#2013,#2015,#2129,.T.);
#2131=ORIENTED_EDGE('',*,*,#2130,.T.);
#2132=VECTOR('',#108,1.);
#2133=LINE('',#2014,#2132);
#2134=EDGE_CURVE('',#2015,#2017,#2133,.T.);
#2135=ORIENTED_EDGE('',*,*,#2134,.T.);
#2136=VECTOR('',#103,1.);
#2137=LINE('',#2016,#2136);
#2138=EDGE_CURVE('',#2017,#2019,#2137,.T.);
#2139=ORIENTED_EDGE('',*,*,#2138,.T.);
#2140=VECTOR('',#98,1.);
#2141=LINE('',#2018,#2140);
#2142=EDGE_CURVE('',#2019,#2021,#2141,.T.);
#2143=ORIENTED_EDGE('',*,*,#2142,.T.);
#2144=VECTOR('',#93,1.);
#2145=LINE('',#2020,#2144);
#2146=EDGE_CURVE('',#2021,#2023,#2145,.T.);
#2147=ORIENTED_EDGE('',*,*,#2146,.T.);
#2148=VECTOR('',#168,1.);
#2149=LINE('',#2022,#2148);
#2150=EDGE_CURVE('',#2023,#1961,#2149,.T.);
#2151=ORIENTED_EDGE('',*,*,#2150,.T.);
#2152=EDGE_LOOP('',(#2027,#2031,#2035,#2039,#2043,#2047,#2051,#2055,#2059,#2063,#2067,#2071,#2075,#2079,#2083,#2087,#2091,#2095,#2099,#2103,#2107,#2111,#2115,#2119,#2123,#2127,#2131,#2135,#2139,#2143,#2147,#2151));
#2153=FACE_BOUND('',#2152,.T.);
#2154=AXIS2_PLACEMENT_3D('',#1934,#863,#864);
#2155=PLANE('',#2154);
#2156=ADVANCED_FACE('',(#1959,#2153),#2155,.T.);
#2157=ORIENTED_EDGE('',*,*,#1952,.T.);
#2158=VECTOR('',#445,1.);
#2159=LINE('',#1938,#2158);
#2160=EDGE_CURVE('',#1939,#1714,#2159,.T.);
#2161=ORIENTED_EDGE('',*,*,#2160,.T.);
#2162=ORIENTED_EDGE('',*,*,#1721,.F.);
#2163=VECTOR('',#445,1.);
#2164=LINE('',#1940,#2163);
#2165=EDGE_CURVE('',#1941,#1712,#2164,.T.);
#2166=ORIENTED_EDGE('',*,*,#2165,.F.);
#2167=EDGE_LOOP('',(#2157,#2161,#2162,#2166));
#2168=FACE_OUTER_BOUND('',#2167,.T.);
#2169=AXIS2_PLACEMENT_3D('',#1940,#864,#880);
#2170=PLANE('',#2169);
#2171=ADVANCED_FACE('',(#2168),#2170,.T.);
#2172=ORIENTED_EDGE('',*,*,#1948,.T.);
#2173=VECTOR('',#445,1.);
#2174=LINE('',#1936,#2173);
#2175=EDGE_CURVE('',#1937,#1716,#2174,.T.);
#2176=ORIENTED_EDGE('',*,*,#2175,.T.);
#2177=ORIENTED_EDGE('',*,*,#1725,.F.);
#2178=ORIENTED_EDGE('',*,*,#2160,.F.);
#2179=EDGE_LOOP('',(#2172,#2176,#2177,#2178));
#2180=FACE_OUTER_BOUND('',#2179,.T.);
#2181=AXIS2_PLACEMENT_3D('',#1938,#9,#864);
#2182=PLANE('',#2181);
#2183=ADVANCED_FACE('',(#2180),#2182,.T.);
#2184=ORIENTED_EDGE('',*,*,#1944,.F.);
#2185=VECTOR('',#445,1.);
#2186=LINE('',#1934,#2185);
#2187=EDGE_CURVE('',#1935,#1718,#2186,.T.);
#2188=ORIENTED_EDGE('',*,*,#2187,.T.);
#2189=ORIENTED_EDGE('',*,*,#1729,.T.);
#2190=ORIENTED_EDGE('',*,*,#2175,.F.);
#2191=EDGE_LOOP('',(#2184,#2188,#2189,#2190));
#2192=FACE_OUTER_BOUND('',#2191,.T.);
#2193=AXIS2_PLACEMENT_3D('',#1936,#14,#9);
#2194=PLANE('',#2193);
#2195=ADVANCED_FACE('',(#2192),#2194,.T.);
#2196=ORIENTED_EDGE('',*,*,#1956,.F.);
#2197=ORIENTED_EDGE('',*,*,#2165,.T.);
#2198=ORIENTED_EDGE('',*,*,#1733,.T.);
#2199=ORIENTED_EDGE('',*,*,#2187,.F.);
#2200=EDGE_LOOP('',(#2196,#2197,#2198,#2199));
#2201=FACE_OUTER_BOUND('',#2200,.T.);
#2202=AXIS2_PLACEMENT_3D('',#1934,#880,#14);
#2203=PLANE('',#2202);
#2204=ADVANCED_FACE('',(#2201),#2203,.T.);
#2205=ORIENTED_EDGE('',*,*,#2146,.F.);
#2206=VECTOR('',#445,1.);
#2207=LINE('',#2020,#2206);
#2208=EDGE_CURVE('',#2021,#1740,#2207,.T.);
#2209=ORIENTED_EDGE('',*,*,#2208,.T.);
#2210=ORIENTED_EDGE('',*,*,#1803,.T.);
#2211=VECTOR('',#445,1.);
#2212=LINE('',#2022,#2211);
#2213=EDGE_CURVE('',#2023,#1738,#2212,.T.);
#2214=ORIENTED_EDGE('',*,*,#2213,.F.);
#2215=EDGE_LOOP('',(#2205,#2209,#2210,#2214));
#2216=FACE_OUTER_BOUND('',#2215,.T.);
#2217=AXIS2_PLACEMENT_3D('',#2022,#929,#930);
#2218=PLANE('',#2217);
#2219=ADVANCED_FACE('',(#2216),#2218,.T.);
#2220=ORIENTED_EDGE('',*,*,#2142,.F.);
#2221=VECTOR('',#445,1.);
#2222=LINE('',#2018,#2221);
#2223=EDGE_CURVE('',#2019,#1742,#2222,.T.);
#2224=ORIENTED_EDGE('',*,*,#2223,.T.);
#2225=ORIENTED_EDGE('',*,*,#1807,.T.);
#2226=ORIENTED_EDGE('',*,*,#2208,.F.);
#2227=EDGE_LOOP('',(#2220,#2224,#2225,#2226));
#2228=FACE_OUTER_BOUND('',#2227,.T.);
#2229=AXIS2_PLACEMENT_3D('',#2020,#943,#308);
#2230=PLANE('',#2229);
#2231=ADVANCED_FACE('',(#2228),#2230,.T.);
#2232=ORIENTED_EDGE('',*,*,#2138,.F.);
#2233=VECTOR('',#445,1.);
#2234=LINE('',#2016,#2233);
#2235=EDGE_CURVE('',#2017,#1744,#2234,.T.);
#2236=ORIENTED_EDGE('',*,*,#2235,.T.);
#2237=ORIENTED_EDGE('',*,*,#1811,.T.);
#2238=ORIENTED_EDGE('',*,*,#2223,.F.);
#2239=EDGE_LOOP('',(#2232,#2236,#2237,#2238));
#2240=FACE_OUTER_BOUND('',#2239,.T.);
#2241=AXIS2_PLACEMENT_3D('',#2018,#956,#103);
#2242=PLANE('',#2241);
#2243=ADVANCED_FACE('',(#2240),#2242,.T.);
#2244=ORIENTED_EDGE('',*,*,#2134,.F.);
#2245=VECTOR('',#445,1.);
#2246=LINE('',#2014,#2245);
#2247=EDGE_CURVE('',#2015,#1746,#2246,.T.);
#2248=ORIENTED_EDGE('',*,*,#2247,.T.);
#2249=ORIENTED_EDGE('',*,*,#1815,.T.);
#2250=ORIENTED_EDGE('',*,*,#2235,.F.);
#2251=EDGE_LOOP('',(#2244,#2248,#2249,#2250));
#2252=FACE_OUTER_BOUND('',#2251,.T.);
#2253=AXIS2_PLACEMENT_3D('',#2016,#969,#108);
#2254=PLANE('',#2253);
#2255=ADVANCED_FACE('',(#2252),#2254,.T.);
#2256=ORIENTED_EDGE('',*,*,#2130,.F.);
#2257=VECTOR('',#445,1.);
#2258=LINE('',#2012,#2257);
#2259=EDGE_CURVE('',#2013,#1748,#2258,.T.);
#2260=ORIENTED_EDGE('',*,*,#2259,.T.);
#2261=ORIENTED_EDGE('',*,*,#1819,.T.);
#2262=ORIENTED_EDGE('',*,*,#2247,.F.);
#2263=EDGE_LOOP('',(#2256,#2260,#2261,#2262));
#2264=FACE_OUTER_BOUND('',#2263,.T.);
#2265=AXIS2_PLACEMENT_3D('',#2014,#982,#323);
#2266=PLANE('',#2265);
#2267=ADVANCED_FACE('',(#2264),#2266,.T.);
#2268=ORIENTED_EDGE('',*,*,#2126,.F.);
#2269=VECTOR('',#445,1.);
#2270=LINE('',#2010,#2269);
#2271=EDGE_CURVE('',#2011,#1750,#2270,.T.);
#2272=ORIENTED_EDGE('',*,*,#2271,.T.);
#2273=ORIENTED_EDGE('',*,*,#1823,.T.);
#2274=ORIENTED_EDGE('',*,*,#2259,.F.);
#2275=EDGE_LOOP('',(#2268,#2272,#2273,#2274));
#2276=FACE_OUTER_BOUND('',#2275,.T.);
#2277=AXIS2_PLACEMENT_3D('',#2012,#995,#996);
#2278=PLANE('',#2277);
#2279=ADVANCED_FACE('',(#2276),#2278,.T.);
#2280=ORIENTED_EDGE('',*,*,#2122,.F.);
#2281=VECTOR('',#445,1.);
#2282=LINE('',#2008,#2281);
#2283=EDGE_CURVE('',#2009,#1752,#2282,.T.);
#2284=ORIENTED_EDGE('',*,*,#2283,.T.);
#2285=ORIENTED_EDGE('',*,*,#1827,.T.);
#2286=ORIENTED_EDGE('',*,*,#2271,.F.);
#2287=EDGE_LOOP('',(#2280,#2284,#2285,#2286));
#2288=FACE_OUTER_BOUND('',#2287,.T.);
#2289=AXIS2_PLACEMENT_3D('',#2010,#1009,#1010);
#2290=PLANE('',#2289);
#2291=ADVANCED_FACE('',(#2288),#2290,.T.);
#2292=ORIENTED_EDGE('',*,*,#2118,.F.);
#2293=VECTOR('',#445,1.);
#2294=LINE('',#2006,#2293);
#2295=EDGE_CURVE('',#2007,#1754,#2294,.T.);
#2296=ORIENTED_EDGE('',*,*,#2295,.T.);
#2297=ORIENTED_EDGE('',*,*,#1831,.T.);
#2298=ORIENTED_EDGE('',*,*,#2283,.F.);
#2299=EDGE_LOOP('',(#2292,#2296,#2297,#2298));
#2300=FACE_OUTER_BOUND('',#2299,.T.);
#2301=AXIS2_PLACEMENT_3D('',#2008,#1023,#1024);
#2302=PLANE('',#2301);
#2303=ADVANCED_FACE('',(#2300),#2302,.T.);
#2304=ORIENTED_EDGE('',*,*,#2114,.F.);
#2305=VECTOR('',#445,1.);
#2306=LINE('',#2004,#2305);
#2307=EDGE_CURVE('',#2005,#1756,#2306,.T.);
#2308=ORIENTED_EDGE('',*,*,#2307,.T.);
#2309=ORIENTED_EDGE('',*,*,#1835,.T.);
#2310=ORIENTED_EDGE('',*,*,#2295,.F.);
#2311=EDGE_LOOP('',(#2304,#2308,#2309,#2310));
#2312=FACE_OUTER_BOUND('',#2311,.T.);
#2313=AXIS2_PLACEMENT_3D('',#2006,#930,#1037);
#2314=PLANE('',#2313);
#2315=ADVANCED_FACE('',(#2312),#2314,.T.);
#2316=ORIENTED_EDGE('',*,*,#2110,.F.);
#2317=VECTOR('',#445,1.);
#2318=LINE('',#2002,#2317);
#2319=EDGE_CURVE('',#2003,#1758,#2318,.T.);
#2320=ORIENTED_EDGE('',*,*,#2319,.T.);
#2321=ORIENTED_EDGE('',*,*,#1839,.T.);
#2322=ORIENTED_EDGE('',*,*,#2307,.F.);
#2323=EDGE_LOOP('',(#2316,#2320,#2321,#2322));
#2324=FACE_OUTER_BOUND('',#2323,.T.);
#2325=AXIS2_PLACEMENT_3D('',#2004,#308,#346);
#2326=PLANE('',#2325);
#2327=ADVANCED_FACE('',(#2324),#2326,.T.);
#2328=ORIENTED_EDGE('',*,*,#2106,.F.);
#2329=VECTOR('',#445,1.);
#2330=LINE('',#2000,#2329);
#2331=EDGE_CURVE('',#2001,#1760,#2330,.T.);
#2332=ORIENTED_EDGE('',*,*,#2331,.T.);
#2333=ORIENTED_EDGE('',*,*,#1843,.T.);
#2334=ORIENTED_EDGE('',*,*,#2319,.F.);
#2335=EDGE_LOOP('',(#2328,#2332,#2333,#2334));
#2336=FACE_OUTER_BOUND('',#2335,.T.);
#2337=AXIS2_PLACEMENT_3D('',#2002,#103,#143);
#2338=PLANE('',#2337);
#2339=ADVANCED_FACE('',(#2336),#2338,.T.);
#2340=ORIENTED_EDGE('',*,*,#2102,.F.);
#2341=VECTOR('',#445,1.);
#2342=LINE('',#1998,#2341);
#2343=EDGE_CURVE('',#1999,#1762,#2342,.T.);
#2344=ORIENTED_EDGE('',*,*,#2343,.T.);
#2345=ORIENTED_EDGE('',*,*,#1847,.T.);
#2346=ORIENTED_EDGE('',*,*,#2331,.F.);
#2347=EDGE_LOOP('',(#2340,#2344,#2345,#2346));
#2348=FACE_OUTER_BOUND('',#2347,.T.);
#2349=AXIS2_PLACEMENT_3D('',#2000,#108,#148);
#2350=PLANE('',#2349);
#2351=ADVANCED_FACE('',(#2348),#2350,.T.);
#2352=ORIENTED_EDGE('',*,*,#2098,.F.);
#2353=VECTOR('',#445,1.);
#2354=LINE('',#1996,#2353);
#2355=EDGE_CURVE('',#1997,#1764,#2354,.T.);
#2356=ORIENTED_EDGE('',*,*,#2355,.T.);
#2357=ORIENTED_EDGE('',*,*,#1851,.T.);
#2358=ORIENTED_EDGE('',*,*,#2343,.F.);
#2359=EDGE_LOOP('',(#2352,#2356,#2357,#2358));
#2360=FACE_OUTER_BOUND('',#2359,.T.);
#2361=AXIS2_PLACEMENT_3D('',#1998,#323,#361);
#2362=PLANE('',#2361);
#2363=ADVANCED_FACE('',(#2360),#2362,.T.);
#2364=ORIENTED_EDGE('',*,*,#2094,.F.);
#2365=VECTOR('',#445,1.);
#2366=LINE('',#1994,#2365);
#2367=EDGE_CURVE('',#1995,#1766,#2366,.T.);
#2368=ORIENTED_EDGE('',*,*,#2367,.T.);
#2369=ORIENTED_EDGE('',*,*,#1855,.T.);
#2370=ORIENTED_EDGE('',*,*,#2355,.F.);
#2371=EDGE_LOOP('',(#2364,#2368,#2369,#2370));
#2372=FACE_OUTER_BOUND('',#2371,.T.);
#2373=AXIS2_PLACEMENT_3D('',#1996,#996,#1098);
#2374=PLANE('',#2373);
#2375=ADVANCED_FACE('',(#2372),#2374,.T.);
#2376=ORIENTED_EDGE('',*,*,#2090,.F.);
#2377=VECTOR('',#445,1.);
#2378=LINE('',#1992,#2377);
#2379=EDGE_CURVE('',#1993,#1768,#2378,.T.);
#2380=ORIENTED_EDGE('',*,*,#2379,.T.);
#2381=ORIENTED_EDGE('',*,*,#1859,.T.);
#2382=ORIENTED_EDGE('',*,*,#2367,.F.);
#2383=EDGE_LOOP('',(#2376,#2380,#2381,#2382));
#2384=FACE_OUTER_BOUND('',#2383,.T.);
#2385=AXIS2_PLACEMENT_3D('',#1994,#1010,#1111);
#2386=PLANE('',#2385);
#2387=ADVANCED_FACE('',(#2384),#2386,.T.);
#2388=ORIENTED_EDGE('',*,*,#2086,.T.);
#2389=VECTOR('',#445,1.);
#2390=LINE('',#1990,#2389);
#2391=EDGE_CURVE('',#1991,#1770,#2390,.T.);
#2392=ORIENTED_EDGE('',*,*,#2391,.T.);
#2393=ORIENTED_EDGE('',*,*,#1863,.F.);
#2394=ORIENTED_EDGE('',*,*,#2379,.F.);
#2395=EDGE_LOOP('',(#2388,#2392,#2393,#2394));
#2396=FACE_OUTER_BOUND('',#2395,.T.);
#2397=AXIS2_PLACEMENT_3D('',#1992,#1024,#1124);
#2398=PLANE('',#2397);
#2399=ADVANCED_FACE('',(#2396),#2398,.T.);
#2400=ORIENTED_EDGE('',*,*,#2082,.T.);
#2401=VECTOR('',#445,1.);
#2402=LINE('',#1988,#2401);
#2403=EDGE_CURVE('',#1989,#1772,#2402,.T.);
#2404=ORIENTED_EDGE('',*,*,#2403,.T.);
#2405=ORIENTED_EDGE('',*,*,#1867,.F.);
#2406=ORIENTED_EDGE('',*,*,#2391,.F.);
#2407=EDGE_LOOP('',(#2400,#2404,#2405,#2406));
#2408=FACE_OUTER_BOUND('',#2407,.T.);
#2409=AXIS2_PLACEMENT_3D('',#1990,#1037,#1137);
#2410=PLANE('',#2409);
#2411=ADVANCED_FACE('',(#2408),#2410,.T.);
#2412=ORIENTED_EDGE('',*,*,#2078,.T.);
#2413=VECTOR('',#445,1.);
#2414=LINE('',#1986,#2413);
#2415=EDGE_CURVE('',#1987,#1774,#2414,.T.);
#2416=ORIENTED_EDGE('',*,*,#2415,.T.);
#2417=ORIENTED_EDGE('',*,*,#1871,.F.);
#2418=ORIENTED_EDGE('',*,*,#2403,.F.);
#2419=EDGE_LOOP('',(#2412,#2416,#2417,#2418));
#2420=FACE_OUTER_BOUND('',#2419,.T.);
#2421=AXIS2_PLACEMENT_3D('',#1988,#346,#1150);
#2422=PLANE('',#2421);
#2423=ADVANCED_FACE('',(#2420),#2422,.T.);
#2424=ORIENTED_EDGE('',*,*,#2074,.T.);
#2425=VECTOR('',#445,1.);
#2426=LINE('',#1984,#2425);
#2427=EDGE_CURVE('',#1985,#1776,#2426,.T.);
#2428=ORIENTED_EDGE('',*,*,#2427,.T.);
#2429=ORIENTED_EDGE('',*,*,#1875,.F.);
#2430=ORIENTED_EDGE('',*,*,#2415,.F.);
#2431=EDGE_LOOP('',(#2424,#2428,#2429,#2430));
#2432=FACE_OUTER_BOUND('',#2431,.T.);
#2433=AXIS2_PLACEMENT_3D('',#1986,#143,#1163);
#2434=PLANE('',#2433);
#2435=ADVANCED_FACE('',(#2432),#2434,.T.);
#2436=ORIENTED_EDGE('',*,*,#2070,.T.);
#2437=VECTOR('',#445,1.);
#2438=LINE('',#1982,#2437);
#2439=EDGE_CURVE('',#1983,#1778,#2438,.T.);
#2440=ORIENTED_EDGE('',*,*,#2439,.T.);
#2441=ORIENTED_EDGE('',*,*,#1879,.F.);
#2442=ORIENTED_EDGE('',*,*,#2427,.F.);
#2443=EDGE_LOOP('',(#2436,#2440,#2441,#2442));
#2444=FACE_OUTER_BOUND('',#2443,.T.);
#2445=AXIS2_PLACEMENT_3D('',#1984,#148,#1176);
#2446=PLANE('',#2445);
#2447=ADVANCED_FACE('',(#2444),#2446,.T.);
#2448=ORIENTED_EDGE('',*,*,#2066,.T.);
#2449=VECTOR('',#445,1.);
#2450=LINE('',#1980,#2449);
#2451=EDGE_CURVE('',#1981,#1780,#2450,.T.);
#2452=ORIENTED_EDGE('',*,*,#2451,.T.);
#2453=ORIENTED_EDGE('',*,*,#1883,.F.);
#2454=ORIENTED_EDGE('',*,*,#2439,.F.);
#2455=EDGE_LOOP('',(#2448,#2452,#2453,#2454));
#2456=FACE_OUTER_BOUND('',#2455,.T.);
#2457=AXIS2_PLACEMENT_3D('',#1982,#361,#1189);
#2458=PLANE('',#2457);
#2459=ADVANCED_FACE('',(#2456),#2458,.T.);
#2460=ORIENTED_EDGE('',*,*,#2062,.T.);
#2461=VECTOR('',#445,1.);
#2462=LINE('',#1978,#2461);
#2463=EDGE_CURVE('',#1979,#1782,#2462,.T.);
#2464=ORIENTED_EDGE('',*,*,#2463,.T.);
#2465=ORIENTED_EDGE('',*,*,#1887,.F.);
#2466=ORIENTED_EDGE('',*,*,#2451,.F.);
#2467=EDGE_LOOP('',(#2460,#2464,#2465,#2466));
#2468=FACE_OUTER_BOUND('',#2467,.T.);
#2469=AXIS2_PLACEMENT_3D('',#1980,#1098,#1202);
#2470=PLANE('',#2469);
#2471=ADVANCED_FACE('',(#2468),#2470,.T.);
#2472=ORIENTED_EDGE('',*,*,#2058,.T.);
#2473=VECTOR('',#445,1.);
#2474=LINE('',#1976,#2473);
#2475=EDGE_CURVE('',#1977,#1784,#2474,.T.);
#2476=ORIENTED_EDGE('',*,*,#2475,.T.);
#2477=ORIENTED_EDGE('',*,*,#1891,.F.);
#2478=ORIENTED_EDGE('',*,*,#2463,.F.);
#2479=EDGE_LOOP('',(#2472,#2476,#2477,#2478));
#2480=FACE_OUTER_BOUND('',#2479,.T.);
#2481=AXIS2_PLACEMENT_3D('',#1978,#1111,#1215);
#2482=PLANE('',#2481);
#2483=ADVANCED_FACE('',(#2480),#2482,.T.);
#2484=ORIENTED_EDGE('',*,*,#2054,.T.);
#2485=VECTOR('',#445,1.);
#2486=LINE('',#1974,#2485);
#2487=EDGE_CURVE('',#1975,#1786,#2486,.T.);
#2488=ORIENTED_EDGE('',*,*,#2487,.T.);
#2489=ORIENTED_EDGE('',*,*,#1895,.F.);
#2490=ORIENTED_EDGE('',*,*,#2475,.F.);
#2491=EDGE_LOOP('',(#2484,#2488,#2489,#2490));
#2492=FACE_OUTER_BOUND('',#2491,.T.);
#2493=AXIS2_PLACEMENT_3D('',#1976,#1124,#1228);
#2494=PLANE('',#2493);
#2495=ADVANCED_FACE('',(#2492),#2494,.T.);
#2496=ORIENTED_EDGE('',*,*,#2050,.T.);
#2497=VECTOR('',#445,1.);
#2498=LINE('',#1972,#2497);
#2499=EDGE_CURVE('',#1973,#1788,#2498,.T.);
#2500=ORIENTED_EDGE('',*,*,#2499,.T.);
#2501=ORIENTED_EDGE('',*,*,#1899,.F.);
#2502=ORIENTED_EDGE('',*,*,#2487,.F.);
#2503=EDGE_LOOP('',(#2496,#2500,#2501,#2502));
#2504=FACE_OUTER_BOUND('',#2503,.T.);
#2505=AXIS2_PLACEMENT_3D('',#1974,#1137,#929);
#2506=PLANE('',#2505);
#2507=ADVANCED_FACE('',(#2504),#2506,.T.);
#2508=ORIENTED_EDGE('',*,*,#2046,.T.);
#2509=VECTOR('',#445,1.);
#2510=LINE('',#1970,#2509);
#2511=EDGE_CURVE('',#1971,#1790,#2510,.T.);
#2512=ORIENTED_EDGE('',*,*,#2511,.T.);
#2513=ORIENTED_EDGE('',*,*,#1903,.F.);
#2514=ORIENTED_EDGE('',*,*,#2499,.F.);
#2515=EDGE_LOOP('',(#2508,#2512,#2513,#2514));
#2516=FACE_OUTER_BOUND('',#2515,.T.);
#2517=AXIS2_PLACEMENT_3D('',#1972,#1150,#943);
#2518=PLANE('',#2517);
#2519=ADVANCED_FACE('',(#2516),#2518,.T.);
#2520=ORIENTED_EDGE('',*,*,#2042,.T.);
#2521=VECTOR('',#445,1.);
#2522=LINE('',#1968,#2521);
#2523=EDGE_CURVE('',#1969,#1792,#2522,.T.);
#2524=ORIENTED_EDGE('',*,*,#2523,.T.);
#2525=ORIENTED_EDGE('',*,*,#1907,.F.);
#2526=ORIENTED_EDGE('',*,*,#2511,.F.);
#2527=EDGE_LOOP('',(#2520,#2524,#2525,#2526));
#2528=FACE_OUTER_BOUND('',#2527,.T.);
#2529=AXIS2_PLACEMENT_3D('',#1970,#1163,#956);
#2530=PLANE('',#2529);
#2531=ADVANCED_FACE('',(#2528),#2530,.T.);
#2532=ORIENTED_EDGE('',*,*,#2038,.T.);
#2533=VECTOR('',#445,1.);
#2534=LINE('',#1966,#2533);
#2535=EDGE_CURVE('',#1967,#1794,#2534,.T.);
#2536=ORIENTED_EDGE('',*,*,#2535,.T.);
#2537=ORIENTED_EDGE('',*,*,#1911,.F.);
#2538=ORIENTED_EDGE('',*,*,#2523,.F.);
#2539=EDGE_LOOP('',(#2532,#2536,#2537,#2538));
#2540=FACE_OUTER_BOUND('',#2539,.T.);
#2541=AXIS2_PLACEMENT_3D('',#1968,#1176,#969);
#2542=PLANE('',#2541);
#2543=ADVANCED_FACE('',(#2540),#2542,.T.);
#2544=ORIENTED_EDGE('',*,*,#2034,.T.);
#2545=VECTOR('',#445,1.);
#2546=LINE('',#1964,#2545);
#2547=EDGE_CURVE('',#1965,#1796,#2546,.T.);
#2548=ORIENTED_EDGE('',*,*,#2547,.T.);
#2549=ORIENTED_EDGE('',*,*,#1915,.F.);
#2550=ORIENTED_EDGE('',*,*,#2535,.F.);
#2551=EDGE_LOOP('',(#2544,#2548,#2549,#2550));
#2552=FACE_OUTER_BOUND('',#2551,.T.);
#2553=AXIS2_PLACEMENT_3D('',#1966,#1189,#982);
#2554=PLANE('',#2553);
#2555=ADVANCED_FACE('',(#2552),#2554,.T.);
#2556=ORIENTED_EDGE('',*,*,#2030,.T.);
#2557=VECTOR('',#445,1.);
#2558=LINE('',#1962,#2557);
#2559=EDGE_CURVE('',#1963,#1798,#2558,.T.);
#2560=ORIENTED_EDGE('',*,*,#2559,.T.);
#2561=ORIENTED_EDGE('',*,*,#1919,.F.);
#2562=ORIENTED_EDGE('',*,*,#2547,.F.);
#2563=EDGE_LOOP('',(#2556,#2560,#2561,#2562));
#2564=FACE_OUTER_BOUND('',#2563,.T.);
#2565=AXIS2_PLACEMENT_3D('',#1964,#1202,#995);
#2566=PLANE('',#2565);
#2567=ADVANCED_FACE('',(#2564),#2566,.T.);
#2568=ORIENTED_EDGE('',*,*,#2026,.T.);
#2569=VECTOR('',#445,1.);
#2570=LINE('',#1960,#2569);
#2571=EDGE_CURVE('',#1961,#1800,#2570,.T.);
#2572=ORIENTED_EDGE('',*,*,#2571,.T.);
#2573=ORIENTED_EDGE('',*,*,#1923,.F.);
#2574=ORIENTED_EDGE('',*,*,#2559,.F.);
#2575=EDGE_LOOP('',(#2568,#2572,#2573,#2574));
#2576=FACE_OUTER_BOUND('',#2575,.T.);
#2577=AXIS2_PLACEMENT_3D('',#1962,#1215,#1009);
#2578=PLANE('',#2577);
#2579=ADVANCED_FACE('',(#2576),#2578,.T.);
#2580=ORIENTED_EDGE('',*,*,#2150,.F.);
#2581=ORIENTED_EDGE('',*,*,#2213,.T.);
#2582=ORIENTED_EDGE('',*,*,#1927,.T.);
#2583=ORIENTED_EDGE('',*,*,#2571,.F.);
#2584=EDGE_LOOP('',(#2580,#2581,#2582,#2583));
#2585=FACE_OUTER_BOUND('',#2584,.T.);
#2586=AXIS2_PLACEMENT_3D('',#1960,#1228,#1023);
#2587=PLANE('',#2586);
#2588=ADVANCED_FACE('',(#2585),#2587,.T.);
#2589=CLOSED_SHELL('',(#1933,#2156,#2171,#2183,#2195,#2204,#2219,#2231,#2243,#2255,#2267,#2279,#2291,#2303,#2315,#2327,#2339,#2351,#2363,#2375,#2387,#2399,#2411,#2423,#2435,#2447,#2459,#2471,#2483,#2495,#2507,#2519,#2531,#2543,#2555,#2567,#2579,#2588));
#2590=MANIFOLD_SOLID_BREP('pt_N0',#2589);
#2591=CARTESIAN_POINT('',(-0.75,-0.75,15.59));
#2592=VERTEX_POINT('',#2591);
#2593=CARTESIAN_POINT('',(-0.75,45.75,15.59));
#2594=VERTEX_POINT('',#2593);
#2595=VECTOR('',#9,1.);
#2596=LINE('',#7,#2595);
#2597=EDGE_CURVE('',#8,#2592,#2596,.T.);
#2598=ORIENTED_EDGE('',*,*,#2597,.T.);
#2599=VECTOR('',#14,1.);
#2600=LINE('',#2591,#2599);
#2601=EDGE_CURVE('',#2592,#2594,#2600,.T.);
#2602=ORIENTED_EDGE('',*,*,#2601,.T.);
#2603=VECTOR('',#9,1.);
#2604=LINE('',#1711,#2603);
#2605=EDGE_CURVE('',#1712,#2594,#2604,.T.);
#2606=ORIENTED_EDGE('',*,*,#2605,.F.);
#2607=VECTOR('',#14,1.);
#2608=LINE('',#7,#2607);
#2609=EDGE_CURVE('',#8,#1712,#2608,.T.);
#2610=ORIENTED_EDGE('',*,*,#2609,.F.);
#2611=EDGE_LOOP('',(#2598,#2602,#2606,#2610));
#2612=FACE_OUTER_BOUND('',#2611,.T.);
#2613=AXIS2_PLACEMENT_3D('',#7,#445,#14);
#2614=PLANE('',#2613);
#2615=ADVANCED_FACE('',(#2612),#2614,.T.);
#2616=CARTESIAN_POINT('',(-0.75,45.75,10.56));
#2617=VERTEX_POINT('',#2616);
#2618=CARTESIAN_POINT('',(-0.75,-0.75,10.56));
#2619=VERTEX_POINT('',#2618);
#2620=VECTOR('',#9,1.);
#2621=LINE('',#1940,#2620);
#2622=EDGE_CURVE('',#1941,#2617,#2621,.T.);
#2623=ORIENTED_EDGE('',*,*,#2622,.T.);
#2624=VECTOR('',#14,1.);
#2625=LINE('',#2618,#2624);
#2626=EDGE_CURVE('',#2619,#2617,#2625,.T.);
#2627=ORIENTED_EDGE('',*,*,#2626,.F.);
#2628=VECTOR('',#9,1.);
#2629=LINE('',#449,#2628);
#2630=EDGE_CURVE('',#450,#2619,#2629,.T.);
#2631=ORIENTED_EDGE('',*,*,#2630,.F.);
#2632=VECTOR('',#14,1.);
#2633=LINE('',#449,#2632);
#2634=EDGE_CURVE('',#450,#1941,#2633,.T.);
#2635=ORIENTED_EDGE('',*,*,#2634,.T.);
#2636=EDGE_LOOP('',(#2623,#2627,#2631,#2635));
#2637=FACE_OUTER_BOUND('',#2636,.T.);
#2638=AXIS2_PLACEMENT_3D('',#1940,#863,#864);
#2639=PLANE('',#2638);
#2640=ADVANCED_FACE('',(#2637),#2639,.T.);
#2641=ORIENTED_EDGE('',*,*,#2630,.T.);
#2642=VECTOR('',#445,1.);
#2643=LINE('',#2618,#2642);
#2644=EDGE_CURVE('',#2619,#2592,#2643,.T.);
#2645=ORIENTED_EDGE('',*,*,#2644,.T.);
#2646=ORIENTED_EDGE('',*,*,#2597,.F.);
#2647=ORIENTED_EDGE('',*,*,#899,.F.);
#2648=EDGE_LOOP('',(#2641,#2645,#2646,#2647));
#2649=FACE_OUTER_BOUND('',#2648,.T.);
#2650=AXIS2_PLACEMENT_3D('',#449,#864,#880);
#2651=PLANE('',#2650);
#2652=ADVANCED_FACE('',(#2649),#2651,.T.);
#2653=ORIENTED_EDGE('',*,*,#2626,.T.);
#2654=VECTOR('',#445,1.);
#2655=LINE('',#2616,#2654);
#2656=EDGE_CURVE('',#2617,#2594,#2655,.T.);
#2657=ORIENTED_EDGE('',*,*,#2656,.T.);
#2658=ORIENTED_EDGE('',*,*,#2601,.F.);
#2659=ORIENTED_EDGE('',*,*,#2644,.F.);
#2660=EDGE_LOOP('',(#2653,#2657,#2658,#2659));
#2661=FACE_OUTER_BOUND('',#2660,.T.);
#2662=AXIS2_PLACEMENT_3D('',#2618,#9,#864);
#2663=PLANE('',#2662);
#2664=ADVANCED_FACE('',(#2661),#2663,.T.);
#2665=ORIENTED_EDGE('',*,*,#2622,.F.);
#2666=ORIENTED_EDGE('',*,*,#2165,.T.);
#2667=ORIENTED_EDGE('',*,*,#2605,.T.);
#2668=ORIENTED_EDGE('',*,*,#2656,.F.);
#2669=EDGE_LOOP('',(#2665,#2666,#2667,#2668));
#2670=FACE_OUTER_BOUND('',#2669,.T.);
#2671=AXIS2_PLACEMENT_3D('',#2616,#14,#9);
#2672=PLANE('',#2671);
#2673=ADVANCED_FACE('',(#2670),#2672,.T.);
#2674=ORIENTED_EDGE('',*,*,#2634,.F.);
#2675=ORIENTED_EDGE('',*,*,#899,.T.);
#2676=ORIENTED_EDGE('',*,*,#2609,.T.);
#2677=ORIENTED_EDGE('',*,*,#2165,.F.);
#2678=EDGE_LOOP('',(#2674,#2675,#2676,#2677));
#2679=FACE_OUTER_BOUND('',#2678,.T.);
#2680=AXIS2_PLACEMENT_3D('',#1940,#880,#14);
#2681=PLANE('',#2680);
#2682=ADVANCED_FACE('',(#2679),#2681,.T.);
#2683=CLOSED_SHELL('',(#2615,#2640,#2652,#2664,#2673,#2682));
#2684=MANIFOLD_SOLID_BREP('pt_W0',#2683);
#2685=CARTESIAN_POINT('',(55.75,-0.75,15.59));
#2686=VERTEX_POINT('',#2685);
#2687=CARTESIAN_POINT('',(55.75,45.75,15.59));
#2688=VERTEX_POINT('',#2687);
#2689=VECTOR('',#9,1.);
#2690=LINE('',#2685,#2689);
#2691=EDGE_CURVE('',#2686,#6,#2690,.T.);
#2692=ORIENTED_EDGE('',*,*,#2691,.T.);
#2693=VECTOR('',#14,1.);
#2694=LINE('',#5,#2693);
#2695=EDGE_CURVE('',#6,#1714,#2694,.T.);
#2696=ORIENTED_EDGE('',*,*,#2695,.T.);
#2697=VECTOR('',#9,1.);
#2698=LINE('',#2687,#2697);
#2699=EDGE_CURVE('',#2688,#1714,#2698,.T.);
#2700=ORIENTED_EDGE('',*,*,#2699,.F.);
#2701=VECTOR('',#14,1.);
#2702=LINE('',#2685,#2701);
#2703=EDGE_CURVE('',#2686,#2688,#2702,.T.);
#2704=ORIENTED_EDGE('',*,*,#2703,.F.);
#2705=EDGE_LOOP('',(#2692,#2696,#2700,#2704));
#2706=FACE_OUTER_BOUND('',#2705,.T.);
#2707=AXIS2_PLACEMENT_3D('',#2685,#445,#14);
#2708=PLANE('',#2707);
#2709=ADVANCED_FACE('',(#2706),#2708,.T.);
#2710=CARTESIAN_POINT('',(55.75,45.75,10.56));
#2711=VERTEX_POINT('',#2710);
#2712=CARTESIAN_POINT('',(55.75,-0.75,10.56));
#2713=VERTEX_POINT('',#2712);
#2714=VECTOR('',#9,1.);
#2715=LINE('',#2710,#2714);
#2716=EDGE_CURVE('',#2711,#1939,#2715,.T.);
#2717=ORIENTED_EDGE('',*,*,#2716,.T.);
#2718=VECTOR('',#14,1.);
#2719=LINE('',#451,#2718);
#2720=EDGE_CURVE('',#452,#1939,#2719,.T.);
#2721=ORIENTED_EDGE('',*,*,#2720,.F.);
#2722=VECTOR('',#9,1.);
#2723=LINE('',#2712,#2722);
#2724=EDGE_CURVE('',#2713,#452,#2723,.T.);
#2725=ORIENTED_EDGE('',*,*,#2724,.F.);
#2726=VECTOR('',#14,1.);
#2727=LINE('',#2712,#2726);
#2728=EDGE_CURVE('',#2713,#2711,#2727,.T.);
#2729=ORIENTED_EDGE('',*,*,#2728,.T.);
#2730=EDGE_LOOP('',(#2717,#2721,#2725,#2729));
#2731=FACE_OUTER_BOUND('',#2730,.T.);
#2732=AXIS2_PLACEMENT_3D('',#2710,#863,#864);
#2733=PLANE('',#2732);
#2734=ADVANCED_FACE('',(#2731),#2733,.T.);
#2735=ORIENTED_EDGE('',*,*,#2724,.T.);
#2736=ORIENTED_EDGE('',*,*,#887,.T.);
#2737=ORIENTED_EDGE('',*,*,#2691,.F.);
#2738=VECTOR('',#445,1.);
#2739=LINE('',#2712,#2738);
#2740=EDGE_CURVE('',#2713,#2686,#2739,.T.);
#2741=ORIENTED_EDGE('',*,*,#2740,.F.);
#2742=EDGE_LOOP('',(#2735,#2736,#2737,#2741));
#2743=FACE_OUTER_BOUND('',#2742,.T.);
#2744=AXIS2_PLACEMENT_3D('',#2712,#864,#880);
#2745=PLANE('',#2744);
#2746=ADVANCED_FACE('',(#2743),#2745,.T.);
#2747=ORIENTED_EDGE('',*,*,#2720,.T.);
#2748=ORIENTED_EDGE('',*,*,#2160,.T.);
#2749=ORIENTED_EDGE('',*,*,#2695,.F.);
#2750=ORIENTED_EDGE('',*,*,#887,.F.);
#2751=EDGE_LOOP('',(#2747,#2748,#2749,#2750));
#2752=FACE_OUTER_BOUND('',#2751,.T.);
#2753=AXIS2_PLACEMENT_3D('',#451,#9,#864);
#2754=PLANE('',#2753);
#2755=ADVANCED_FACE('',(#2752),#2754,.T.);
#2756=ORIENTED_EDGE('',*,*,#2716,.F.);
#2757=VECTOR('',#445,1.);
#2758=LINE('',#2710,#2757);
#2759=EDGE_CURVE('',#2711,#2688,#2758,.T.);
#2760=ORIENTED_EDGE('',*,*,#2759,.T.);
#2761=ORIENTED_EDGE('',*,*,#2699,.T.);
#2762=ORIENTED_EDGE('',*,*,#2160,.F.);
#2763=EDGE_LOOP('',(#2756,#2760,#2761,#2762));
#2764=FACE_OUTER_BOUND('',#2763,.T.);
#2765=AXIS2_PLACEMENT_3D('',#1938,#14,#9);
#2766=PLANE('',#2765);
#2767=ADVANCED_FACE('',(#2764),#2766,.T.);
#2768=ORIENTED_EDGE('',*,*,#2728,.F.);
#2769=ORIENTED_EDGE('',*,*,#2740,.T.);
#2770=ORIENTED_EDGE('',*,*,#2703,.T.);
#2771=ORIENTED_EDGE('',*,*,#2759,.F.);
#2772=EDGE_LOOP('',(#2768,#2769,#2770,#2771));
#2773=FACE_OUTER_BOUND('',#2772,.T.);
#2774=AXIS2_PLACEMENT_3D('',#2710,#880,#14);
#2775=PLANE('',#2774);
#2776=ADVANCED_FACE('',(#2773),#2775,.T.);
#2777=CLOSED_SHELL('',(#2709,#2734,#2746,#2755,#2767,#2776));
#2778=MANIFOLD_SOLID_BREP('pt_E0',#2777);
#2779=APPLICATION_CONTEXT('automotive design');
#2780=APPLICATION_PROTOCOL_DEFINITION('international standard','automotive_design',2000,#2779);
#2781=PRODUCT_CONTEXT('',#2779,'mechanical');
#2782=PRODUCT('stack_shroud_pt','stack_shroud_pt','Alchitry stack shroud ring -- pt layer | no cutouts: closed band',(#2781));
#2783=PRODUCT_DEFINITION_FORMATION('','',#2782);
#2784=PRODUCT_DEFINITION_CONTEXT('part definition',#2779,'design');
#2785=PRODUCT_DEFINITION('design','',#2783,#2784);
#2786=PRODUCT_DEFINITION_SHAPE('','',#2785);
#2787=PRODUCT_RELATED_PRODUCT_CATEGORY('part','',(#2782));
#2788=(LENGTH_UNIT()NAMED_UNIT(*)SI_UNIT(.MILLI.,.METRE.));
#2789=(NAMED_UNIT(*)PLANE_ANGLE_UNIT()SI_UNIT($,.RADIAN.));
#2790=(NAMED_UNIT(*)SI_UNIT($,.STERADIAN.)SOLID_ANGLE_UNIT());
#2791=UNCERTAINTY_MEASURE_WITH_UNIT(LENGTH_MEASURE(1.E-07),#2788,'distance_accuracy_value','confusion accuracy');
#2792=(GEOMETRIC_REPRESENTATION_CONTEXT(3)GLOBAL_UNCERTAINTY_ASSIGNED_CONTEXT((#2791))GLOBAL_UNIT_ASSIGNED_CONTEXT((#2788,#2789,#2790))REPRESENTATION_CONTEXT('',''));
#2793=CARTESIAN_POINT('',(0.,0.,0.));
#2794=AXIS2_PLACEMENT_3D('',#2793,#445,#9);
#2795=ADVANCED_BREP_SHAPE_REPRESENTATION('stack_shroud_pt',(#2794,#1710,#2590,#2684,#2778),#2792);
#2796=SHAPE_DEFINITION_REPRESENTATION(#2786,#2795);
#2797=COLOUR_RGB('pt_S0',0.62,0.64,0.67);
#2798=FILL_AREA_STYLE_COLOUR('',#2797);
#2799=FILL_AREA_STYLE('',(#2798));
#2800=SURFACE_STYLE_FILL_AREA(#2799);
#2801=SURFACE_SIDE_STYLE('',(#2800));
#2802=SURFACE_STYLE_USAGE(.BOTH.,#2801);
#2803=PRESENTATION_STYLE_ASSIGNMENT((#2802));
#2804=STYLED_ITEM('colour',(#2803),#1710);
#2805=COLOUR_RGB('pt_N0',0.62,0.64,0.67);
#2806=FILL_AREA_STYLE_COLOUR('',#2805);
#2807=FILL_AREA_STYLE('',(#2806));
#2808=SURFACE_STYLE_FILL_AREA(#2807);
#2809=SURFACE_SIDE_STYLE('',(#2808));
#2810=SURFACE_STYLE_USAGE(.BOTH.,#2809);
#2811=PRESENTATION_STYLE_ASSIGNMENT((#2810));
#2812=STYLED_ITEM('colour',(#2811),#2590);
#2813=COLOUR_RGB('pt_W0',0.62,0.64,0.67);
#2814=FILL_AREA_STYLE_COLOUR('',#2813);
#2815=FILL_AREA_STYLE('',(#2814));
#2816=SURFACE_STYLE_FILL_AREA(#2815);
#2817=SURFACE_SIDE_STYLE('',(#2816));
#2818=SURFACE_STYLE_USAGE(.BOTH.,#2817);
#2819=PRESENTATION_STYLE_ASSIGNMENT((#2818));
#2820=STYLED_ITEM('colour',(#2819),#2684);
#2821=COLOUR_RGB('pt_E0',0.62,0.64,0.67);
#2822=FILL_AREA_STYLE_COLOUR('',#2821);
#2823=FILL_AREA_STYLE('',(#2822));
#2824=SURFACE_STYLE_FILL_AREA(#2823);
#2825=SURFACE_SIDE_STYLE('',(#2824));
#2826=SURFACE_STYLE_USAGE(.BOTH.,#2825);
#2827=PRESENTATION_STYLE_ASSIGNMENT((#2826));
#2828=STYLED_ITEM('colour',(#2827),#2778);
#2829=MECHANICAL_DESIGN_GEOMETRIC_PRESENTATION_REPRESENTATION('',(#2804,#2812,#2820,#2828),#2792);
ENDSEC;
END-ISO-10303-21;
