Designator,Mid X,Mid Y,Layer,Rotation
J3,153.000000,105.000000,Top,90.000000
J9,153.000000,93.500000,Top,90.000000
J10,152.925000,116.500000,Top,90.000000
